FIPS_CODE,COUNTY_CODE,COUNTY,ST,STATE,FOOD_INSECURITY,SEVERE_HOUSING_COST_BURDEN,UNEMPLOYED,NO_VEHICLE_ACCESS,UNINSURED
0,0,Abramów,75,Lubelskie,0.15,0.15,0.1,0.15,0.1
1,1,Adamowice,74,Łódzkie,0.15,0.15,0.1,0.15,0.1
2,2,Adamowice,77,Małopolskie,0.15,0.15,0.1,0.15,0.1
3,3,Adamowice,78,Mazowieckie,0.15,0.15,0.1,0.15,0.1
4,4,Adamowice,83,Śląskie,0.15,0.15,0.1,0.15,0.1
5,5,Adamów,75,Lubelskie,0.15,0.15,0.1,0.15,0.1
6,6,Adamów,74,Łódzkie,0.15,0.15,0.1,0.15,0.1
7,7,Adamów,78,Mazowieckie,0.15,0.15,0.1,0.15,0.1
8,8,Adamów,83,Śląskie,0.15,0.15,0.1,0.15,0.1
9,9,Adamów,84,Świętokrzyskie,0.15,0.15,0.1,0.15,0.1
10,10,Adamów,86,Wielkopolskie,0.15,0.15,0.1,0.15,0.1
11,11,Adamówka,75,Lubelskie,0.15,0.15,0.1,0.15,0.1
12,12,Adamówka,80,Podkarpackie,0.15,0.15,0.1,0.15,0.1
13,13,Albigowa,80,Podkarpackie,0.15,0.15,0.1,0.15,0.1
14,14,Aleksandrowice,77,Małopolskie,0.15,0.15,0.1,0.15,0.1
15,15,Aleksandrowice,72,Dolnośląskie,0.15,0.15,0.1,0.15,0.1
16,16,Aleksandrów,86,Wielkopolskie,0.15,0.15,0.1,0.15,0.1
17,17,Aleksandrów,78,Mazowieckie,0.15,0.15,0.1,0.15,0.1
18,18,Aleksandrów,75,Lubelskie,0.15,0.15,0.1,0.15,0.1
19,19,Aleksandrów,74,Łódzkie,0.15,0.15,0.1,0.15,0.1
20,20,Aleksandrów,84,Świętokrzyskie,0.15,0.15,0.1,0.15,0.1
21,21,Aleksandrów,83,Śląskie,0.15,0.15,0.1,0.15,0.1
22,22,Aleksandrów,79,Opolskie,0.15,0.15,0.1,0.15,0.1
23,23,Aleksandrów Kujawski,73,Kujawsko-pomorskie,0.15,0.15,0.1,0.15,0.1
24,24,Aleksandrów Łódzki,74,Łódzkie,0.15,0.15,0.1,0.15,0.1
25,25,Alwernia,77,Małopolskie,0.15,0.15,0.1,0.15,0.1
26,26,Andrespol,74,Łódzkie,0.15,0.15,0.1,0.15,0.1
27,27,Andrychów,77,Małopolskie,0.15,0.15,0.1,0.15,0.1
28,28,Andrzejewo,78,Mazowieckie,0.15,0.15,0.1,0.15,0.1
29,29,Andrzejewo,81,Podlaskie,0.15,0.15,0.1,0.15,0.1
30,30,Andrzejewo,86,Wielkopolskie,0.15,0.15,0.1,0.15,0.1
31,31,Annopol,78,Mazowieckie,0.15,0.15,0.1,0.15,0.1
32,32,Annopol,86,Wielkopolskie,0.15,0.15,0.1,0.15,0.1
33,33,Annopol,75,Lubelskie,0.15,0.15,0.1,0.15,0.1
34,34,Augustów,72,Dolnośląskie,0.15,0.15,0.1,0.15,0.1
35,35,Augustów,74,Łódzkie,0.15,0.15,0.1,0.15,0.1
36,36,Augustów,78,Mazowieckie,0.15,0.15,0.1,0.15,0.1
37,37,Augustów,81,Podlaskie,0.15,0.15,0.1,0.15,0.1
38,38,Babiak,86,Wielkopolskie,0.15,0.15,0.1,0.15,0.1
39,39,Babiak,85,Warmińsko-mazurskie,0.15,0.15,0.1,0.15,0.1
40,40,Babica,77,Małopolskie,0.15,0.15,0.1,0.15,0.1
41,41,Babica,80,Podkarpackie,0.15,0.15,0.1,0.15,0.1
42,42,Babice,77,Małopolskie,0.15,0.15,0.1,0.15,0.1
43,43,Babice,78,Mazowieckie,0.15,0.15,0.1,0.15,0.1
44,44,Babice,79,Opolskie,0.15,0.15,0.1,0.15,0.1
45,45,Babice,80,Podkarpackie,0.15,0.15,0.1,0.15,0.1
46,46,Babice,74,Łódzkie,0.15,0.15,0.1,0.15,0.1
47,47,Babice,75,Lubelskie,0.15,0.15,0.1,0.15,0.1
48,48,Babimost,76,Lubuskie,0.15,0.15,0.1,0.15,0.1
49,49,Baborów,79,Opolskie,0.15,0.15,0.1,0.15,0.1
50,50,Baboszewo,78,Mazowieckie,0.15,0.15,0.1,0.15,0.1
51,51,Bachowice,77,Małopolskie,0.15,0.15,0.1,0.15,0.1
52,52,Baczków,75,Lubelskie,0.15,0.15,0.1,0.15,0.1
53,53,Baczków,77,Małopolskie,0.15,0.15,0.1,0.15,0.1
54,54,Baczyn,87,Zachodniopomorskie,0.15,0.15,0.1,0.15,0.1
55,55,Baczyn,77,Małopolskie,0.15,0.15,0.1,0.15,0.1
56,56,Baczyna,76,Lubuskie,0.15,0.15,0.1,0.15,0.1
57,57,Baczyna,84,Świętokrzyskie,0.15,0.15,0.1,0.15,0.1
58,58,Bakałarzewo,81,Podlaskie,0.15,0.15,0.1,0.15,0.1
59,59,Balice,84,Świętokrzyskie,0.15,0.15,0.1,0.15,0.1
60,60,Balice,77,Małopolskie,0.15,0.15,0.1,0.15,0.1
61,61,Baligród,80,Podkarpackie,0.15,0.15,0.1,0.15,0.1
62,62,Balin,73,Kujawsko-pomorskie,0.15,0.15,0.1,0.15,0.1
63,63,Balin,74,Łódzkie,0.15,0.15,0.1,0.15,0.1
64,64,Balin,77,Małopolskie,0.15,0.15,0.1,0.15,0.1
65,65,Banie,87,Zachodniopomorskie,0.15,0.15,0.1,0.15,0.1
66,66,Banie Mazurskie,85,Warmińsko-mazurskie,0.15,0.15,0.1,0.15,0.1
67,67,Banino,82,Pomorskie,0.15,0.15,0.1,0.15,0.1
68,68,Baniocha,78,Mazowieckie,0.15,0.15,0.1,0.15,0.1
69,69,Baranowo,86,Wielkopolskie,0.15,0.15,0.1,0.15,0.1
70,70,Baranowo,73,Kujawsko-pomorskie,0.15,0.15,0.1,0.15,0.1
71,71,Baranowo,78,Mazowieckie,0.15,0.15,0.1,0.15,0.1
72,72,Baranowo,81,Podlaskie,0.15,0.15,0.1,0.15,0.1
73,73,Baranowo,85,Warmińsko-mazurskie,0.15,0.15,0.1,0.15,0.1
74,74,Baranowo,82,Pomorskie,0.15,0.15,0.1,0.15,0.1
75,75,Baranów,78,Mazowieckie,0.15,0.15,0.1,0.15,0.1
76,76,Baranów,86,Wielkopolskie,0.15,0.15,0.1,0.15,0.1
77,77,Baranów,84,Świętokrzyskie,0.15,0.15,0.1,0.15,0.1
78,78,Baranów,80,Podkarpackie,0.15,0.15,0.1,0.15,0.1
79,79,Baranów,75,Lubelskie,0.15,0.15,0.1,0.15,0.1
80,80,Baranów Sandomierski,80,Podkarpackie,0.15,0.15,0.1,0.15,0.1
81,81,Baranówka,75,Lubelskie,0.15,0.15,0.1,0.15,0.1
82,82,Baranówka,77,Małopolskie,0.15,0.15,0.1,0.15,0.1
83,83,Baranówka,85,Warmińsko-mazurskie,0.15,0.15,0.1,0.15,0.1
84,84,Barciany,85,Warmińsko-mazurskie,0.15,0.15,0.1,0.15,0.1
85,85,Barcin,73,Kujawsko-pomorskie,0.15,0.15,0.1,0.15,0.1
86,86,Barcino,82,Pomorskie,0.15,0.15,0.1,0.15,0.1
87,87,Barczewo,85,Warmińsko-mazurskie,0.15,0.15,0.1,0.15,0.1
88,88,Bardo,72,Dolnośląskie,0.15,0.15,0.1,0.15,0.1
89,89,Bardo,84,Świętokrzyskie,0.15,0.15,0.1,0.15,0.1
90,90,Bardo,86,Wielkopolskie,0.15,0.15,0.1,0.15,0.1
91,91,Bargłów Kościelny,81,Podlaskie,0.15,0.15,0.1,0.15,0.1
92,92,Barlinek,87,Zachodniopomorskie,0.15,0.15,0.1,0.15,0.1
93,93,Bartniczka,73,Kujawsko-pomorskie,0.15,0.15,0.1,0.15,0.1
94,94,Bartoszyce,85,Warmińsko-mazurskie,0.15,0.15,0.1,0.15,0.1
95,95,Baruchowo,73,Kujawsko-pomorskie,0.15,0.15,0.1,0.15,0.1
96,96,Barwałd Dolny,77,Małopolskie,0.15,0.15,0.1,0.15,0.1
97,97,Barwałd Górny,77,Małopolskie,0.15,0.15,0.1,0.15,0.1
98,98,Barwałd Średni,77,Małopolskie,0.15,0.15,0.1,0.15,0.1
99,99,Barwice,87,Zachodniopomorskie,0.15,0.15,0.1,0.15,0.1
100,100,Baćkowice,84,Świętokrzyskie,0.15,0.15,0.1,0.15,0.1
101,101,Bałtów,75,Lubelskie,0.15,0.15,0.1,0.15,0.1
102,102,Bałtów,84,Świętokrzyskie,0.15,0.15,0.1,0.15,0.1
103,103,Bażanowice,83,Śląskie,0.15,0.15,0.1,0.15,0.1
104,104,Bedlno,87,Zachodniopomorskie,0.15,0.15,0.1,0.15,0.1
105,105,Bedlno,84,Świętokrzyskie,0.15,0.15,0.1,0.15,0.1
106,106,Bedlno,74,Łódzkie,0.15,0.15,0.1,0.15,0.1
107,107,Bedlno,75,Lubelskie,0.15,0.15,0.1,0.15,0.1
108,108,Bejsce,84,Świętokrzyskie,0.15,0.15,0.1,0.15,0.1
109,109,Belsk Duży,78,Mazowieckie,0.15,0.15,0.1,0.15,0.1
110,110,Besko,80,Podkarpackie,0.15,0.15,0.1,0.15,0.1
111,111,Bestwina,83,Śląskie,0.15,0.15,0.1,0.15,0.1
112,112,Bestwinka,83,Śląskie,0.15,0.15,0.1,0.15,0.1
113,113,Bełchatów,74,Łódzkie,0.15,0.15,0.1,0.15,0.1
114,114,Bełk,83,Śląskie,0.15,0.15,0.1,0.15,0.1
115,115,Bełk,84,Świętokrzyskie,0.15,0.15,0.1,0.15,0.1
116,116,Bełk,85,Warmińsko-mazurskie,0.15,0.15,0.1,0.15,0.1
117,117,Bełsznica,83,Śląskie,0.15,0.15,0.1,0.15,0.1
118,118,Bełżec,75,Lubelskie,0.15,0.15,0.1,0.15,0.1
119,119,Bełżyce,75,Lubelskie,0.15,0.15,0.1,0.15,0.1
120,120,Biała,87,Zachodniopomorskie,0.15,0.15,0.1,0.15,0.1
121,121,Biała,73,Kujawsko-pomorskie,0.15,0.15,0.1,0.15,0.1
122,122,Biała,74,Łódzkie,0.15,0.15,0.1,0.15,0.1
123,123,Biała,75,Lubelskie,0.15,0.15,0.1,0.15,0.1
124,124,Biała,77,Małopolskie,0.15,0.15,0.1,0.15,0.1
125,125,Biała,72,Dolnośląskie,0.15,0.15,0.1,0.15,0.1
126,126,Biała,78,Mazowieckie,0.15,0.15,0.1,0.15,0.1
127,127,Biała,81,Podlaskie,0.15,0.15,0.1,0.15,0.1
128,128,Biała,82,Pomorskie,0.15,0.15,0.1,0.15,0.1
129,129,Biała,83,Śląskie,0.15,0.15,0.1,0.15,0.1
130,130,Biała,86,Wielkopolskie,0.15,0.15,0.1,0.15,0.1
131,131,Biała,79,Opolskie,0.15,0.15,0.1,0.15,0.1
132,132,Biała Piska,85,Warmińsko-mazurskie,0.15,0.15,0.1,0.15,0.1
133,133,Biała Podlaska,75,Lubelskie,0.15,0.15,0.1,0.15,0.1
134,134,Biała Rawska,74,Łódzkie,0.15,0.15,0.1,0.15,0.1
135,135,Białaczów,74,Łódzkie,0.15,0.15,0.1,0.15,0.1
136,136,Białe Błota,82,Pomorskie,0.15,0.15,0.1,0.15,0.1
137,137,Białe Błota,73,Kujawsko-pomorskie,0.15,0.15,0.1,0.15,0.1
138,138,Białka,75,Lubelskie,0.15,0.15,0.1,0.15,0.1
139,139,Białka,87,Zachodniopomorskie,0.15,0.15,0.1,0.15,0.1
140,140,Białka,85,Warmińsko-mazurskie,0.15,0.15,0.1,0.15,0.1
141,141,Białka,80,Podkarpackie,0.15,0.15,0.1,0.15,0.1
142,142,Białka,78,Mazowieckie,0.15,0.15,0.1,0.15,0.1
143,143,Białka,77,Małopolskie,0.15,0.15,0.1,0.15,0.1
144,144,Białka Tatrzańska,77,Małopolskie,0.15,0.15,0.1,0.15,0.1
145,145,Białobrzegi,75,Lubelskie,0.15,0.15,0.1,0.15,0.1
146,146,Białobrzegi,78,Mazowieckie,0.15,0.15,0.1,0.15,0.1
147,147,Białobrzegi,80,Podkarpackie,0.15,0.15,0.1,0.15,0.1
148,148,Białobrzegi,81,Podlaskie,0.15,0.15,0.1,0.15,0.1
149,149,Białogard,87,Zachodniopomorskie,0.15,0.15,0.1,0.15,0.1
150,150,Białopole,72,Dolnośląskie,0.15,0.15,0.1,0.15,0.1
151,151,Białopole,75,Lubelskie,0.15,0.15,0.1,0.15,0.1
152,152,Białowieża,81,Podlaskie,0.15,0.15,0.1,0.15,0.1
153,153,Białowieża,84,Świętokrzyskie,0.15,0.15,0.1,0.15,0.1
154,154,Białowieża,79,Opolskie,0.15,0.15,0.1,0.15,0.1
155,155,Białowieża,78,Mazowieckie,0.15,0.15,0.1,0.15,0.1
156,156,Białowieża,73,Kujawsko-pomorskie,0.15,0.15,0.1,0.15,0.1
157,157,Białośliwie,86,Wielkopolskie,0.15,0.15,0.1,0.15,0.1
158,158,Biały Bór,73,Kujawsko-pomorskie,0.15,0.15,0.1,0.15,0.1
159,159,Biały Bór,87,Zachodniopomorskie,0.15,0.15,0.1,0.15,0.1
160,160,Biały Dunajec,77,Małopolskie,0.15,0.15,0.1,0.15,0.1
161,161,Białystok,81,Podlaskie,0.15,0.15,0.1,0.15,0.1
162,162,Białystok,75,Lubelskie,0.15,0.15,0.1,0.15,0.1
163,163,Biecz,76,Lubuskie,0.15,0.15,0.1,0.15,0.1
164,164,Biecz,77,Małopolskie,0.15,0.15,0.1,0.15,0.1
165,165,Bielany,78,Mazowieckie,0.15,0.15,0.1,0.15,0.1
166,166,Bielany,75,Lubelskie,0.15,0.15,0.1,0.15,0.1
167,167,Bielany,72,Dolnośląskie,0.15,0.15,0.1,0.15,0.1
168,168,Bielany,77,Małopolskie,0.15,0.15,0.1,0.15,0.1
169,169,Bielany Wrocławskie,72,Dolnośląskie,0.15,0.15,0.1,0.15,0.1
170,170,Bielawa,72,Dolnośląskie,0.15,0.15,0.1,0.15,0.1
171,171,Bielawa,86,Wielkopolskie,0.15,0.15,0.1,0.15,0.1
172,172,Bielawa,78,Mazowieckie,0.15,0.15,0.1,0.15,0.1
173,173,Bielawy,78,Mazowieckie,0.15,0.15,0.1,0.15,0.1
174,174,Bielawy,73,Kujawsko-pomorskie,0.15,0.15,0.1,0.15,0.1
175,175,Bielawy,74,Łódzkie,0.15,0.15,0.1,0.15,0.1
176,176,Bielawy,76,Lubuskie,0.15,0.15,0.1,0.15,0.1
177,177,Bielawy,86,Wielkopolskie,0.15,0.15,0.1,0.15,0.1
178,178,Bielawy,82,Pomorskie,0.15,0.15,0.1,0.15,0.1
179,179,Bielawy,85,Warmińsko-mazurskie,0.15,0.15,0.1,0.15,0.1
180,180,Bielice,87,Zachodniopomorskie,0.15,0.15,0.1,0.15,0.1
181,181,Bielice,85,Warmińsko-mazurskie,0.15,0.15,0.1,0.15,0.1
182,182,Bielice,79,Opolskie,0.15,0.15,0.1,0.15,0.1
183,183,Bielice,78,Mazowieckie,0.15,0.15,0.1,0.15,0.1
184,184,Bielice,76,Lubuskie,0.15,0.15,0.1,0.15,0.1
185,185,Bielice,74,Łódzkie,0.15,0.15,0.1,0.15,0.1
186,186,Bielice,72,Dolnośląskie,0.15,0.15,0.1,0.15,0.1
187,187,Bielice,73,Kujawsko-pomorskie,0.15,0.15,0.1,0.15,0.1
188,188,Bielin,75,Lubelskie,0.15,0.15,0.1,0.15,0.1
189,189,Bielin,87,Zachodniopomorskie,0.15,0.15,0.1,0.15,0.1
190,190,Bieliny,85,Warmińsko-mazurskie,0.15,0.15,0.1,0.15,0.1
191,191,Bieliny,78,Mazowieckie,0.15,0.15,0.1,0.15,0.1
192,192,Bieliny,80,Podkarpackie,0.15,0.15,0.1,0.15,0.1
193,193,Bieliny,84,Świętokrzyskie,0.15,0.15,0.1,0.15,0.1
194,194,Bielsk,73,Kujawsko-pomorskie,0.15,0.15,0.1,0.15,0.1
195,195,Bielsk,78,Mazowieckie,0.15,0.15,0.1,0.15,0.1
196,196,Bielsk,82,Pomorskie,0.15,0.15,0.1,0.15,0.1
197,197,Bielsk Podlaski,81,Podlaskie,0.15,0.15,0.1,0.15,0.1
198,198,Bieniewice,78,Mazowieckie,0.15,0.15,0.1,0.15,0.1
199,199,Bierawa,79,Opolskie,0.15,0.15,0.1,0.15,0.1
200,200,Bierdzany,79,Opolskie,0.15,0.15,0.1,0.15,0.1
201,201,Bierkowice,72,Dolnośląskie,0.15,0.15,0.1,0.15,0.1
202,202,Biertowice,77,Małopolskie,0.15,0.15,0.1,0.15,0.1
203,203,Bierutów,72,Dolnośląskie,0.15,0.15,0.1,0.15,0.1
204,204,Bieruń,83,Śląskie,0.15,0.15,0.1,0.15,0.1
205,205,Bierzwnik,87,Zachodniopomorskie,0.15,0.15,0.1,0.15,0.1
206,206,Biesiekierz,87,Zachodniopomorskie,0.15,0.15,0.1,0.15,0.1
207,207,Bieńkówka,73,Kujawsko-pomorskie,0.15,0.15,0.1,0.15,0.1
208,208,Bieńkówka,77,Małopolskie,0.15,0.15,0.1,0.15,0.1
209,209,Bieżuń,78,Mazowieckie,0.15,0.15,0.1,0.15,0.1
210,210,Binarowa,77,Małopolskie,0.15,0.15,0.1,0.15,0.1
211,211,Bircza,80,Podkarpackie,0.15,0.15,0.1,0.15,0.1
212,212,Biskupice,79,Opolskie,0.15,0.15,0.1,0.15,0.1
213,213,Biskupice,83,Śląskie,0.15,0.15,0.1,0.15,0.1
214,214,Biskupice,84,Świętokrzyskie,0.15,0.15,0.1,0.15,0.1
215,215,Biskupice,86,Wielkopolskie,0.15,0.15,0.1,0.15,0.1
216,216,Biskupice,87,Zachodniopomorskie,0.15,0.15,0.1,0.15,0.1
217,217,Biskupice,78,Mazowieckie,0.15,0.15,0.1,0.15,0.1
218,218,Biskupice,77,Małopolskie,0.15,0.15,0.1,0.15,0.1
219,219,Biskupice,72,Dolnośląskie,0.15,0.15,0.1,0.15,0.1
220,220,Biskupice,73,Kujawsko-pomorskie,0.15,0.15,0.1,0.15,0.1
221,221,Biskupice,74,Łódzkie,0.15,0.15,0.1,0.15,0.1
222,222,Biskupice,75,Lubelskie,0.15,0.15,0.1,0.15,0.1
223,223,Biskupice Radłowskie,77,Małopolskie,0.15,0.15,0.1,0.15,0.1
224,224,Biskupiec,85,Warmińsko-mazurskie,0.15,0.15,0.1,0.15,0.1
225,225,Biskupin,73,Kujawsko-pomorskie,0.15,0.15,0.1,0.15,0.1
226,226,Biskupin,72,Dolnośląskie,0.15,0.15,0.1,0.15,0.1
227,227,Biszcza,75,Lubelskie,0.15,0.15,0.1,0.15,0.1
228,228,Bisztynek,85,Warmińsko-mazurskie,0.15,0.15,0.1,0.15,0.1
229,229,Biłgoraj,75,Lubelskie,0.15,0.15,0.1,0.15,0.1
230,230,Blachownia,83,Śląskie,0.15,0.15,0.1,0.15,0.1
231,231,Bledzew,76,Lubuskie,0.15,0.15,0.1,0.15,0.1
232,232,Blizanów,86,Wielkopolskie,0.15,0.15,0.1,0.15,0.1
233,233,Blizne,80,Podkarpackie,0.15,0.15,0.1,0.15,0.1
234,234,Bliżyce,86,Wielkopolskie,0.15,0.15,0.1,0.15,0.1
235,235,Bliżyce,83,Śląskie,0.15,0.15,0.1,0.15,0.1
236,236,Bliżyn,84,Świętokrzyskie,0.15,0.15,0.1,0.15,0.1
237,237,Bobolice,72,Dolnośląskie,0.15,0.15,0.1,0.15,0.1
238,238,Bobolice,83,Śląskie,0.15,0.15,0.1,0.15,0.1
239,239,Bobolice,87,Zachodniopomorskie,0.15,0.15,0.1,0.15,0.1
240,240,Bobowa,77,Małopolskie,0.15,0.15,0.1,0.15,0.1
241,241,Bobowo,82,Pomorskie,0.15,0.15,0.1,0.15,0.1
242,242,Bobrowice,87,Zachodniopomorskie,0.15,0.15,0.1,0.15,0.1
243,243,Bobrowice,76,Lubuskie,0.15,0.15,0.1,0.15,0.1
244,244,Bobrowniki,78,Mazowieckie,0.15,0.15,0.1,0.15,0.1
245,245,Bobrowniki,76,Lubuskie,0.15,0.15,0.1,0.15,0.1
246,246,Bobrowniki,75,Lubelskie,0.15,0.15,0.1,0.15,0.1
247,247,Bobrowniki,74,Łódzkie,0.15,0.15,0.1,0.15,0.1
248,248,Bobrowniki,73,Kujawsko-pomorskie,0.15,0.15,0.1,0.15,0.1
249,249,Bobrowniki,87,Zachodniopomorskie,0.15,0.15,0.1,0.15,0.1
250,250,Bobrowniki,86,Wielkopolskie,0.15,0.15,0.1,0.15,0.1
251,251,Bobrowniki,81,Podlaskie,0.15,0.15,0.1,0.15,0.1
252,252,Bobrowniki,83,Śląskie,0.15,0.15,0.1,0.15,0.1
253,253,Bobrowniki,82,Pomorskie,0.15,0.15,0.1,0.15,0.1
254,254,Bobrowniki,84,Świętokrzyskie,0.15,0.15,0.1,0.15,0.1
255,255,Bobrowo,87,Zachodniopomorskie,0.15,0.15,0.1,0.15,0.1
256,256,Bobrowo,86,Wielkopolskie,0.15,0.15,0.1,0.15,0.1
257,257,Bobrowo,73,Kujawsko-pomorskie,0.15,0.15,0.1,0.15,0.1
258,258,Bobrowo,85,Warmińsko-mazurskie,0.15,0.15,0.1,0.15,0.1
259,259,Bochnia,77,Małopolskie,0.15,0.15,0.1,0.15,0.1
260,260,Boczów,76,Lubuskie,0.15,0.15,0.1,0.15,0.1
261,261,Boczów,77,Małopolskie,0.15,0.15,0.1,0.15,0.1
262,262,Bodzanów,77,Małopolskie,0.15,0.15,0.1,0.15,0.1
263,263,Bodzanów,78,Mazowieckie,0.15,0.15,0.1,0.15,0.1
264,264,Bodzanów,79,Opolskie,0.15,0.15,0.1,0.15,0.1
265,265,Bodzechów,84,Świętokrzyskie,0.15,0.15,0.1,0.15,0.1
266,266,Bodzentyn,84,Świętokrzyskie,0.15,0.15,0.1,0.15,0.1
267,267,Bogatynia,72,Dolnośląskie,0.15,0.15,0.1,0.15,0.1
268,268,Bogdaniec,81,Podlaskie,0.15,0.15,0.1,0.15,0.1
269,269,Bogdaniec,76,Lubuskie,0.15,0.15,0.1,0.15,0.1
270,270,Bogdaniec,78,Mazowieckie,0.15,0.15,0.1,0.15,0.1
271,271,Bogdaniec,85,Warmińsko-mazurskie,0.15,0.15,0.1,0.15,0.1
272,272,Bogoria,84,Świętokrzyskie,0.15,0.15,0.1,0.15,0.1
273,273,Boguchwała,73,Kujawsko-pomorskie,0.15,0.15,0.1,0.15,0.1
274,274,Boguchwała,80,Podkarpackie,0.15,0.15,0.1,0.15,0.1
275,275,Bogumiłowice,74,Łódzkie,0.15,0.15,0.1,0.15,0.1
276,276,Bogumiłowice,77,Małopolskie,0.15,0.15,0.1,0.15,0.1
277,277,Bogunice,83,Śląskie,0.15,0.15,0.1,0.15,0.1
278,278,Boguszów-Gorce,72,Dolnośląskie,0.15,0.15,0.1,0.15,0.1
279,279,Bogusławice,86,Wielkopolskie,0.15,0.15,0.1,0.15,0.1
280,280,Bogusławice,84,Świętokrzyskie,0.15,0.15,0.1,0.15,0.1
281,281,Bogusławice,83,Śląskie,0.15,0.15,0.1,0.15,0.1
282,282,Bogusławice,78,Mazowieckie,0.15,0.15,0.1,0.15,0.1
283,283,Bogusławice,74,Łódzkie,0.15,0.15,0.1,0.15,0.1
284,284,Bogusławice,73,Kujawsko-pomorskie,0.15,0.15,0.1,0.15,0.1
285,285,Bogusławice,72,Dolnośląskie,0.15,0.15,0.1,0.15,0.1
286,286,Boguty-Pianki,78,Mazowieckie,0.15,0.15,0.1,0.15,0.1
287,287,Bojadła,76,Lubuskie,0.15,0.15,0.1,0.15,0.1
288,288,Bojano,82,Pomorskie,0.15,0.15,0.1,0.15,0.1
289,289,Bojanowo,78,Mazowieckie,0.15,0.15,0.1,0.15,0.1
290,290,Bojanowo,82,Pomorskie,0.15,0.15,0.1,0.15,0.1
291,291,Bojanowo,86,Wielkopolskie,0.15,0.15,0.1,0.15,0.1
292,292,Bojanów,83,Śląskie,0.15,0.15,0.1,0.15,0.1
293,293,Bojanów,80,Podkarpackie,0.15,0.15,0.1,0.15,0.1
294,294,Bojanów,74,Łódzkie,0.15,0.15,0.1,0.15,0.1
295,295,Bojszowy,83,Śląskie,0.15,0.15,0.1,0.15,0.1
296,296,Bolechowice,77,Małopolskie,0.15,0.15,0.1,0.15,0.1
297,297,Bolechowice,78,Mazowieckie,0.15,0.15,0.1,0.15,0.1
298,298,Bolechowice,84,Świętokrzyskie,0.15,0.15,0.1,0.15,0.1
299,299,Bolechowice,87,Zachodniopomorskie,0.15,0.15,0.1,0.15,0.1
300,300,Boleszkowice,87,Zachodniopomorskie,0.15,0.15,0.1,0.15,0.1
301,301,Bolesław,77,Małopolskie,0.15,0.15,0.1,0.15,0.1
302,302,Bolesław,83,Śląskie,0.15,0.15,0.1,0.15,0.1
303,303,Bolesławiec,72,Dolnośląskie,0.15,0.15,0.1,0.15,0.1
304,304,Bolesławiec,74,Łódzkie,0.15,0.15,0.1,0.15,0.1
305,305,Bolesławiec,86,Wielkopolskie,0.15,0.15,0.1,0.15,0.1
306,306,Bolimów,74,Łódzkie,0.15,0.15,0.1,0.15,0.1
307,307,Bolków,72,Dolnośląskie,0.15,0.15,0.1,0.15,0.1
308,308,Bolków,74,Łódzkie,0.15,0.15,0.1,0.15,0.1
309,309,Bolków,87,Zachodniopomorskie,0.15,0.15,0.1,0.15,0.1
310,310,Bolszewo,82,Pomorskie,0.15,0.15,0.1,0.15,0.1
311,311,Bolęcin,77,Małopolskie,0.15,0.15,0.1,0.15,0.1
312,312,Bolęcin,78,Mazowieckie,0.15,0.15,0.1,0.15,0.1
313,313,Boniewo,73,Kujawsko-pomorskie,0.15,0.15,0.1,0.15,0.1
314,314,Boniewo,75,Lubelskie,0.15,0.15,0.1,0.15,0.1
315,315,Borek,79,Opolskie,0.15,0.15,0.1,0.15,0.1
316,316,Borek,81,Podlaskie,0.15,0.15,0.1,0.15,0.1
317,317,Borek,85,Warmińsko-mazurskie,0.15,0.15,0.1,0.15,0.1
318,318,Borek,82,Pomorskie,0.15,0.15,0.1,0.15,0.1
319,319,Borek,72,Dolnośląskie,0.15,0.15,0.1,0.15,0.1
320,320,Borek,86,Wielkopolskie,0.15,0.15,0.1,0.15,0.1
321,321,Borek,78,Mazowieckie,0.15,0.15,0.1,0.15,0.1
322,322,Borek,77,Małopolskie,0.15,0.15,0.1,0.15,0.1
323,323,Borek,76,Lubuskie,0.15,0.15,0.1,0.15,0.1
324,324,Borek,74,Łódzkie,0.15,0.15,0.1,0.15,0.1
325,325,Borek,73,Kujawsko-pomorskie,0.15,0.15,0.1,0.15,0.1
326,326,Borek Szlachecki,77,Małopolskie,0.15,0.15,0.1,0.15,0.1
327,327,Borek Wielkopolski,86,Wielkopolskie,0.15,0.15,0.1,0.15,0.1
328,328,Borki,81,Podlaskie,0.15,0.15,0.1,0.15,0.1
329,329,Borki,80,Podkarpackie,0.15,0.15,0.1,0.15,0.1
330,330,Borki,84,Świętokrzyskie,0.15,0.15,0.1,0.15,0.1
331,331,Borki,85,Warmińsko-mazurskie,0.15,0.15,0.1,0.15,0.1
332,332,Borki,86,Wielkopolskie,0.15,0.15,0.1,0.15,0.1
333,333,Borki,87,Zachodniopomorskie,0.15,0.15,0.1,0.15,0.1
334,334,Borki,78,Mazowieckie,0.15,0.15,0.1,0.15,0.1
335,335,Borki,74,Łódzkie,0.15,0.15,0.1,0.15,0.1
336,336,Borki,73,Kujawsko-pomorskie,0.15,0.15,0.1,0.15,0.1
337,337,Borki,72,Dolnośląskie,0.15,0.15,0.1,0.15,0.1
338,338,Borki,75,Lubelskie,0.15,0.15,0.1,0.15,0.1
339,339,Borki,76,Lubuskie,0.15,0.15,0.1,0.15,0.1
340,340,Borki,77,Małopolskie,0.15,0.15,0.1,0.15,0.1
341,341,Borkowice,87,Zachodniopomorskie,0.15,0.15,0.1,0.15,0.1
342,342,Borkowice,72,Dolnośląskie,0.15,0.15,0.1,0.15,0.1
343,343,Borkowice,86,Wielkopolskie,0.15,0.15,0.1,0.15,0.1
344,344,Borkowice,74,Łódzkie,0.15,0.15,0.1,0.15,0.1
345,345,Borkowice,79,Opolskie,0.15,0.15,0.1,0.15,0.1
346,346,Borkowice,78,Mazowieckie,0.15,0.15,0.1,0.15,0.1
347,347,Borne Sulinowo,87,Zachodniopomorskie,0.15,0.15,0.1,0.15,0.1
348,348,Boronów,83,Śląskie,0.15,0.15,0.1,0.15,0.1
349,349,Borowa,74,Łódzkie,0.15,0.15,0.1,0.15,0.1
350,350,Borowa,83,Śląskie,0.15,0.15,0.1,0.15,0.1
351,351,Borowa,80,Podkarpackie,0.15,0.15,0.1,0.15,0.1
352,352,Borowa,77,Małopolskie,0.15,0.15,0.1,0.15,0.1
353,353,Borowa,75,Lubelskie,0.15,0.15,0.1,0.15,0.1
354,354,Borowa,72,Dolnośląskie,0.15,0.15,0.1,0.15,0.1
355,355,Borowie,78,Mazowieckie,0.15,0.15,0.1,0.15,0.1
356,356,Borowno,83,Śląskie,0.15,0.15,0.1,0.15,0.1
357,357,Borucin,87,Zachodniopomorskie,0.15,0.15,0.1,0.15,0.1
358,358,Borucin,86,Wielkopolskie,0.15,0.15,0.1,0.15,0.1
359,359,Borucin,73,Kujawsko-pomorskie,0.15,0.15,0.1,0.15,0.1
360,360,Borucin,83,Śląskie,0.15,0.15,0.1,0.15,0.1
361,361,Borysławice,74,Łódzkie,0.15,0.15,0.1,0.15,0.1
362,362,Borzechów,75,Lubelskie,0.15,0.15,0.1,0.15,0.1
363,363,Borzytuchom,82,Pomorskie,0.15,0.15,0.1,0.15,0.1
364,364,Borzęcin,87,Zachodniopomorskie,0.15,0.15,0.1,0.15,0.1
365,365,Borzęcin,72,Dolnośląskie,0.15,0.15,0.1,0.15,0.1
366,366,Borzęcin,74,Łódzkie,0.15,0.15,0.1,0.15,0.1
367,367,Borzęcin,77,Małopolskie,0.15,0.15,0.1,0.15,0.1
368,368,Borzęcin,78,Mazowieckie,0.15,0.15,0.1,0.15,0.1
369,369,Borzęcin,82,Pomorskie,0.15,0.15,0.1,0.15,0.1
370,370,Borzęta,77,Małopolskie,0.15,0.15,0.1,0.15,0.1
371,371,Borów,75,Lubelskie,0.15,0.15,0.1,0.15,0.1
372,372,Borów,76,Lubuskie,0.15,0.15,0.1,0.15,0.1
373,373,Borów,74,Łódzkie,0.15,0.15,0.1,0.15,0.1
374,374,Borów,84,Świętokrzyskie,0.15,0.15,0.1,0.15,0.1
375,375,Borów,86,Wielkopolskie,0.15,0.15,0.1,0.15,0.1
376,376,Borów,78,Mazowieckie,0.15,0.15,0.1,0.15,0.1
377,377,Borów,72,Dolnośląskie,0.15,0.15,0.1,0.15,0.1
378,378,Boćki,81,Podlaskie,0.15,0.15,0.1,0.15,0.1
379,379,Boża Wola,78,Mazowieckie,0.15,0.15,0.1,0.15,0.1
380,380,Boża Wola,80,Podkarpackie,0.15,0.15,0.1,0.15,0.1
381,381,Boża Wola,84,Świętokrzyskie,0.15,0.15,0.1,0.15,0.1
382,382,Boża Wola,86,Wielkopolskie,0.15,0.15,0.1,0.15,0.1
383,383,Boża Wola,74,Łódzkie,0.15,0.15,0.1,0.15,0.1
384,384,Boża Wola,77,Małopolskie,0.15,0.15,0.1,0.15,0.1
385,385,Boża Wola,75,Lubelskie,0.15,0.15,0.1,0.15,0.1
386,386,Boża Wola,73,Kujawsko-pomorskie,0.15,0.15,0.1,0.15,0.1
387,387,Bralin,86,Wielkopolskie,0.15,0.15,0.1,0.15,0.1
388,388,Bralin,87,Zachodniopomorskie,0.15,0.15,0.1,0.15,0.1
389,389,Branice,79,Opolskie,0.15,0.15,0.1,0.15,0.1
390,390,Braniewo,85,Warmińsko-mazurskie,0.15,0.15,0.1,0.15,0.1
391,391,Brańsk,81,Podlaskie,0.15,0.15,0.1,0.15,0.1
392,392,Brańszczyk,78,Mazowieckie,0.15,0.15,0.1,0.15,0.1
393,393,Brdów,86,Wielkopolskie,0.15,0.15,0.1,0.15,0.1
394,394,Brenna,83,Śląskie,0.15,0.15,0.1,0.15,0.1
395,395,Brenno,86,Wielkopolskie,0.15,0.15,0.1,0.15,0.1
396,396,Brochów,78,Mazowieckie,0.15,0.15,0.1,0.15,0.1
397,397,Brodnica,86,Wielkopolskie,0.15,0.15,0.1,0.15,0.1
398,398,Brodnica,79,Opolskie,0.15,0.15,0.1,0.15,0.1
399,399,Brodnica,73,Kujawsko-pomorskie,0.15,0.15,0.1,0.15,0.1
400,400,Brody,86,Wielkopolskie,0.15,0.15,0.1,0.15,0.1
401,401,Brody,84,Świętokrzyskie,0.15,0.15,0.1,0.15,0.1
402,402,Brody,81,Podlaskie,0.15,0.15,0.1,0.15,0.1
403,403,Brody,78,Mazowieckie,0.15,0.15,0.1,0.15,0.1
404,404,Brody,77,Małopolskie,0.15,0.15,0.1,0.15,0.1
405,405,Brody,76,Lubuskie,0.15,0.15,0.1,0.15,0.1
406,406,Brody,73,Kujawsko-pomorskie,0.15,0.15,0.1,0.15,0.1
407,407,Brody,74,Łódzkie,0.15,0.15,0.1,0.15,0.1
408,408,Brodła,77,Małopolskie,0.15,0.15,0.1,0.15,0.1
409,409,Brojce,87,Zachodniopomorskie,0.15,0.15,0.1,0.15,0.1
410,410,Brok,78,Mazowieckie,0.15,0.15,0.1,0.15,0.1
411,411,Brok,81,Podlaskie,0.15,0.15,0.1,0.15,0.1
412,412,Broniszewice,86,Wielkopolskie,0.15,0.15,0.1,0.15,0.1
413,413,Bronów,86,Wielkopolskie,0.15,0.15,0.1,0.15,0.1
414,414,Bronów,84,Świętokrzyskie,0.15,0.15,0.1,0.15,0.1
415,415,Bronów,83,Śląskie,0.15,0.15,0.1,0.15,0.1
416,416,Bronów,72,Dolnośląskie,0.15,0.15,0.1,0.15,0.1
417,417,Bronów,74,Łódzkie,0.15,0.15,0.1,0.15,0.1
418,418,Brudzew,74,Łódzkie,0.15,0.15,0.1,0.15,0.1
419,419,Brudzew,86,Wielkopolskie,0.15,0.15,0.1,0.15,0.1
420,420,Brudzeń Duży,78,Mazowieckie,0.15,0.15,0.1,0.15,0.1
421,421,Brusy,82,Pomorskie,0.15,0.15,0.1,0.15,0.1
422,422,Brwinów,78,Mazowieckie,0.15,0.15,0.1,0.15,0.1
423,423,Brzeg,74,Łódzkie,0.15,0.15,0.1,0.15,0.1
424,424,Brzeg,79,Opolskie,0.15,0.15,0.1,0.15,0.1
425,425,Brzeg Dolny,72,Dolnośląskie,0.15,0.15,0.1,0.15,0.1
426,426,Brzesko,87,Zachodniopomorskie,0.15,0.15,0.1,0.15,0.1
427,427,Brzesko,77,Małopolskie,0.15,0.15,0.1,0.15,0.1
428,428,Brzeszcze,77,Małopolskie,0.15,0.15,0.1,0.15,0.1
429,429,Brzezie,86,Wielkopolskie,0.15,0.15,0.1,0.15,0.1
430,430,Brzezie,84,Świętokrzyskie,0.15,0.15,0.1,0.15,0.1
431,431,Brzezie,77,Małopolskie,0.15,0.15,0.1,0.15,0.1
432,432,Brzezie,74,Łódzkie,0.15,0.15,0.1,0.15,0.1
433,433,Brzezie,73,Kujawsko-pomorskie,0.15,0.15,0.1,0.15,0.1
434,434,Brzezie,72,Dolnośląskie,0.15,0.15,0.1,0.15,0.1
435,435,Brzezie,82,Pomorskie,0.15,0.15,0.1,0.15,0.1
436,436,Brzezinka,76,Lubuskie,0.15,0.15,0.1,0.15,0.1
437,437,Brzezinka,74,Łódzkie,0.15,0.15,0.1,0.15,0.1
438,438,Brzezinka,72,Dolnośląskie,0.15,0.15,0.1,0.15,0.1
439,439,Brzezinka,79,Opolskie,0.15,0.15,0.1,0.15,0.1
440,440,Brzezinka,82,Pomorskie,0.15,0.15,0.1,0.15,0.1
441,441,Brzezinka,87,Zachodniopomorskie,0.15,0.15,0.1,0.15,0.1
442,442,Brzezinka,77,Małopolskie,0.15,0.15,0.1,0.15,0.1
443,443,Brzezinka,78,Mazowieckie,0.15,0.15,0.1,0.15,0.1
444,444,Brzeziny,86,Wielkopolskie,0.15,0.15,0.1,0.15,0.1
445,445,Brzeziny,87,Zachodniopomorskie,0.15,0.15,0.1,0.15,0.1
446,446,Brzeziny,73,Kujawsko-pomorskie,0.15,0.15,0.1,0.15,0.1
447,447,Brzeziny,74,Łódzkie,0.15,0.15,0.1,0.15,0.1
448,448,Brzeziny,75,Lubelskie,0.15,0.15,0.1,0.15,0.1
449,449,Brzeziny,85,Warmińsko-mazurskie,0.15,0.15,0.1,0.15,0.1
450,450,Brzeziny,79,Opolskie,0.15,0.15,0.1,0.15,0.1
451,451,Brzeziny,84,Świętokrzyskie,0.15,0.15,0.1,0.15,0.1
452,452,Brzeziny,83,Śląskie,0.15,0.15,0.1,0.15,0.1
453,453,Brzeziny,82,Pomorskie,0.15,0.15,0.1,0.15,0.1
454,454,Brzeziny,81,Podlaskie,0.15,0.15,0.1,0.15,0.1
455,455,Brzeziny,80,Podkarpackie,0.15,0.15,0.1,0.15,0.1
456,456,Brzeziny,78,Mazowieckie,0.15,0.15,0.1,0.15,0.1
457,457,Brzezowa,77,Małopolskie,0.15,0.15,0.1,0.15,0.1
458,458,Brzezowa,80,Podkarpackie,0.15,0.15,0.1,0.15,0.1
459,459,Brześć Kujawski,73,Kujawsko-pomorskie,0.15,0.15,0.1,0.15,0.1
460,460,Brzeźnica,79,Opolskie,0.15,0.15,0.1,0.15,0.1
461,461,Brzeźnica,86,Wielkopolskie,0.15,0.15,0.1,0.15,0.1
462,462,Brzeźnica,87,Zachodniopomorskie,0.15,0.15,0.1,0.15,0.1
463,463,Brzeźnica,72,Dolnośląskie,0.15,0.15,0.1,0.15,0.1
464,464,Brzeźnica,74,Łódzkie,0.15,0.15,0.1,0.15,0.1
465,465,Brzeźnica,76,Lubuskie,0.15,0.15,0.1,0.15,0.1
466,466,Brzeźnica,77,Małopolskie,0.15,0.15,0.1,0.15,0.1
467,467,Brzeźnica,78,Mazowieckie,0.15,0.15,0.1,0.15,0.1
468,468,Brzeźnica,85,Warmińsko-mazurskie,0.15,0.15,0.1,0.15,0.1
469,469,Brzeźnica,84,Świętokrzyskie,0.15,0.15,0.1,0.15,0.1
470,470,Brzeźnica,80,Podkarpackie,0.15,0.15,0.1,0.15,0.1
471,471,Brzeźnica,81,Podlaskie,0.15,0.15,0.1,0.15,0.1
472,472,Brzeźnica,83,Śląskie,0.15,0.15,0.1,0.15,0.1
473,473,Brzeźnica Bychawska,75,Lubelskie,0.15,0.15,0.1,0.15,0.1
474,474,Brzeźnio,74,Łódzkie,0.15,0.15,0.1,0.15,0.1
475,475,Brzeżno,87,Zachodniopomorskie,0.15,0.15,0.1,0.15,0.1
476,476,Brzoskwinia,77,Małopolskie,0.15,0.15,0.1,0.15,0.1
477,477,Brzostek,74,Łódzkie,0.15,0.15,0.1,0.15,0.1
478,478,Brzostek,80,Podkarpackie,0.15,0.15,0.1,0.15,0.1
479,479,Brzostek,83,Śląskie,0.15,0.15,0.1,0.15,0.1
480,480,Brzostek,86,Wielkopolskie,0.15,0.15,0.1,0.15,0.1
481,481,Brzozie,73,Kujawsko-pomorskie,0.15,0.15,0.1,0.15,0.1
482,482,Brzozowa Gać,75,Lubelskie,0.15,0.15,0.1,0.15,0.1
483,483,Brzozów,78,Mazowieckie,0.15,0.15,0.1,0.15,0.1
484,484,Brzozów,74,Łódzkie,0.15,0.15,0.1,0.15,0.1
485,485,Brzozów,76,Lubuskie,0.15,0.15,0.1,0.15,0.1
486,486,Brzozów,80,Podkarpackie,0.15,0.15,0.1,0.15,0.1
487,487,Brzuze,73,Kujawsko-pomorskie,0.15,0.15,0.1,0.15,0.1
488,488,Brzyska,80,Podkarpackie,0.15,0.15,0.1,0.15,0.1
489,489,Brzyska,84,Świętokrzyskie,0.15,0.15,0.1,0.15,0.1
490,490,Brzyskorzystewko,73,Kujawsko-pomorskie,0.15,0.15,0.1,0.15,0.1
491,491,Brzóstowa,84,Świętokrzyskie,0.15,0.15,0.1,0.15,0.1
492,492,Brzóza Królewska,80,Podkarpackie,0.15,0.15,0.1,0.15,0.1
493,493,Brzóza Stadnicka,80,Podkarpackie,0.15,0.15,0.1,0.15,0.1
494,494,Brzączowice,77,Małopolskie,0.15,0.15,0.1,0.15,0.1
495,495,Brójce,76,Lubuskie,0.15,0.15,0.1,0.15,0.1
496,496,Brójce,74,Łódzkie,0.15,0.15,0.1,0.15,0.1
497,497,Brąszewice,74,Łódzkie,0.15,0.15,0.1,0.15,0.1
498,498,Buczek,84,Świętokrzyskie,0.15,0.15,0.1,0.15,0.1
499,499,Buczek,87,Zachodniopomorskie,0.15,0.15,0.1,0.15,0.1
500,500,Buczek,74,Łódzkie,0.15,0.15,0.1,0.15,0.1
501,501,Buczek,76,Lubuskie,0.15,0.15,0.1,0.15,0.1
502,502,Buczek,73,Kujawsko-pomorskie,0.15,0.15,0.1,0.15,0.1
503,503,Buczkowice,83,Śląskie,0.15,0.15,0.1,0.15,0.1
504,504,Budziska,85,Warmińsko-mazurskie,0.15,0.15,0.1,0.15,0.1
505,505,Budziska,86,Wielkopolskie,0.15,0.15,0.1,0.15,0.1
506,506,Budziska,84,Świętokrzyskie,0.15,0.15,0.1,0.15,0.1
507,507,Budziska,83,Śląskie,0.15,0.15,0.1,0.15,0.1
508,508,Budziska,82,Pomorskie,0.15,0.15,0.1,0.15,0.1
509,509,Budziska,78,Mazowieckie,0.15,0.15,0.1,0.15,0.1
510,510,Budziska,75,Lubelskie,0.15,0.15,0.1,0.15,0.1
511,511,Budziska,73,Kujawsko-pomorskie,0.15,0.15,0.1,0.15,0.1
512,512,Budziszewice,74,Łódzkie,0.15,0.15,0.1,0.15,0.1
513,513,Budziszewice,86,Wielkopolskie,0.15,0.15,0.1,0.15,0.1
514,514,Budzyń,86,Wielkopolskie,0.15,0.15,0.1,0.15,0.1
515,515,Budzyń,80,Podkarpackie,0.15,0.15,0.1,0.15,0.1
516,516,Budzyń,77,Małopolskie,0.15,0.15,0.1,0.15,0.1
517,517,Budzyń,84,Świętokrzyskie,0.15,0.15,0.1,0.15,0.1
518,518,Budzyń,75,Lubelskie,0.15,0.15,0.1,0.15,0.1
519,519,Budzyń,74,Łódzkie,0.15,0.15,0.1,0.15,0.1
520,520,Budzów,72,Dolnośląskie,0.15,0.15,0.1,0.15,0.1
521,521,Budzów,79,Opolskie,0.15,0.15,0.1,0.15,0.1
522,522,Budzów,77,Małopolskie,0.15,0.15,0.1,0.15,0.1
523,523,Budzów,74,Łódzkie,0.15,0.15,0.1,0.15,0.1
524,524,Bujaków,83,Śląskie,0.15,0.15,0.1,0.15,0.1
525,525,Buk,87,Zachodniopomorskie,0.15,0.15,0.1,0.15,0.1
526,526,Buk,86,Wielkopolskie,0.15,0.15,0.1,0.15,0.1
527,527,Buk,77,Małopolskie,0.15,0.15,0.1,0.15,0.1
528,528,Buk,80,Podkarpackie,0.15,0.15,0.1,0.15,0.1
529,529,Bukowiec,86,Wielkopolskie,0.15,0.15,0.1,0.15,0.1
530,530,Bukowiec,83,Śląskie,0.15,0.15,0.1,0.15,0.1
531,531,Bukowiec,82,Pomorskie,0.15,0.15,0.1,0.15,0.1
532,532,Bukowiec,80,Podkarpackie,0.15,0.15,0.1,0.15,0.1
533,533,Bukowiec,77,Małopolskie,0.15,0.15,0.1,0.15,0.1
534,534,Bukowiec,78,Mazowieckie,0.15,0.15,0.1,0.15,0.1
535,535,Bukowiec,76,Lubuskie,0.15,0.15,0.1,0.15,0.1
536,536,Bukowiec,74,Łódzkie,0.15,0.15,0.1,0.15,0.1
537,537,Bukowiec,72,Dolnośląskie,0.15,0.15,0.1,0.15,0.1
538,538,Bukowiec,73,Kujawsko-pomorskie,0.15,0.15,0.1,0.15,0.1
539,539,Bukowiec Opoczyński,74,Łódzkie,0.15,0.15,0.1,0.15,0.1
540,540,Bukowina Tatrzańska,77,Małopolskie,0.15,0.15,0.1,0.15,0.1
541,541,Bukowno,77,Małopolskie,0.15,0.15,0.1,0.15,0.1
542,542,Bukowno,83,Śląskie,0.15,0.15,0.1,0.15,0.1
543,543,Bukowsko,80,Podkarpackie,0.15,0.15,0.1,0.15,0.1
544,544,Buków,72,Dolnośląskie,0.15,0.15,0.1,0.15,0.1
545,545,Buków,74,Łódzkie,0.15,0.15,0.1,0.15,0.1
546,546,Buków,76,Lubuskie,0.15,0.15,0.1,0.15,0.1
547,547,Buków,77,Małopolskie,0.15,0.15,0.1,0.15,0.1
548,548,Buków,79,Opolskie,0.15,0.15,0.1,0.15,0.1
549,549,Buków,80,Podkarpackie,0.15,0.15,0.1,0.15,0.1
550,550,Buków,83,Śląskie,0.15,0.15,0.1,0.15,0.1
551,551,Bulkowo,78,Mazowieckie,0.15,0.15,0.1,0.15,0.1
552,552,Bulowice,77,Małopolskie,0.15,0.15,0.1,0.15,0.1
553,553,Burzenin,74,Łódzkie,0.15,0.15,0.1,0.15,0.1
554,554,Busko-Zdrój,84,Świętokrzyskie,0.15,0.15,0.1,0.15,0.1
555,555,Bychawa,75,Lubelskie,0.15,0.15,0.1,0.15,0.1
556,556,Byczyna,82,Pomorskie,0.15,0.15,0.1,0.15,0.1
557,557,Byczyna,79,Opolskie,0.15,0.15,0.1,0.15,0.1
558,558,Byczyna,73,Kujawsko-pomorskie,0.15,0.15,0.1,0.15,0.1
559,559,Byczyna,74,Łódzkie,0.15,0.15,0.1,0.15,0.1
560,560,Bydgoszcz,73,Kujawsko-pomorskie,0.15,0.15,0.1,0.15,0.1
561,561,Bydgoszcz,82,Pomorskie,0.15,0.15,0.1,0.15,0.1
562,562,Bystra,83,Śląskie,0.15,0.15,0.1,0.15,0.1
563,563,Bystra,82,Pomorskie,0.15,0.15,0.1,0.15,0.1
564,564,Bystra,77,Małopolskie,0.15,0.15,0.1,0.15,0.1
565,565,Bystre,80,Podkarpackie,0.15,0.15,0.1,0.15,0.1
566,566,Bystre,81,Podlaskie,0.15,0.15,0.1,0.15,0.1
567,567,Bystre,72,Dolnośląskie,0.15,0.15,0.1,0.15,0.1
568,568,Bystrzyca,73,Kujawsko-pomorskie,0.15,0.15,0.1,0.15,0.1
569,569,Bystrzyca,75,Lubelskie,0.15,0.15,0.1,0.15,0.1
570,570,Bystrzyca,80,Podkarpackie,0.15,0.15,0.1,0.15,0.1
571,571,Bystrzyca,86,Wielkopolskie,0.15,0.15,0.1,0.15,0.1
572,572,Bystrzyca,72,Dolnośląskie,0.15,0.15,0.1,0.15,0.1
573,573,Bystrzyca Kłodzka,72,Dolnośląskie,0.15,0.15,0.1,0.15,0.1
574,574,Bytnica,76,Lubuskie,0.15,0.15,0.1,0.15,0.1
575,575,Bytom,83,Śląskie,0.15,0.15,0.1,0.15,0.1
576,576,Bytom Odrzański,76,Lubuskie,0.15,0.15,0.1,0.15,0.1
577,577,Bytoń,73,Kujawsko-pomorskie,0.15,0.15,0.1,0.15,0.1
578,578,Bytów,82,Pomorskie,0.15,0.15,0.1,0.15,0.1
579,579,Bądkowo,87,Zachodniopomorskie,0.15,0.15,0.1,0.15,0.1
580,580,Bądkowo,73,Kujawsko-pomorskie,0.15,0.15,0.1,0.15,0.1
581,581,Bądkowo,78,Mazowieckie,0.15,0.15,0.1,0.15,0.1
582,582,Bąków,83,Śląskie,0.15,0.15,0.1,0.15,0.1
583,583,Bąków,72,Dolnośląskie,0.15,0.15,0.1,0.15,0.1
584,584,Bąków,78,Mazowieckie,0.15,0.15,0.1,0.15,0.1
585,585,Bąków,79,Opolskie,0.15,0.15,0.1,0.15,0.1
586,586,Bąków,80,Podkarpackie,0.15,0.15,0.1,0.15,0.1
587,587,Bębło,77,Małopolskie,0.15,0.15,0.1,0.15,0.1
588,588,Bęczarka,77,Małopolskie,0.15,0.15,0.1,0.15,0.1
589,589,Bęczyn,75,Lubelskie,0.15,0.15,0.1,0.15,0.1
590,590,Bęczyn,77,Małopolskie,0.15,0.15,0.1,0.15,0.1
591,591,Będków,74,Łódzkie,0.15,0.15,0.1,0.15,0.1
592,592,Będzin,83,Śląskie,0.15,0.15,0.1,0.15,0.1
593,593,Będzin,87,Zachodniopomorskie,0.15,0.15,0.1,0.15,0.1
594,594,Będzin,72,Dolnośląskie,0.15,0.15,0.1,0.15,0.1
595,595,Będzino,87,Zachodniopomorskie,0.15,0.15,0.1,0.15,0.1
596,596,Błaszki,74,Łódzkie,0.15,0.15,0.1,0.15,0.1
597,597,Błażowa,80,Podkarpackie,0.15,0.15,0.1,0.15,0.1
598,598,Błonie,74,Łódzkie,0.15,0.15,0.1,0.15,0.1
599,599,Błonie,75,Lubelskie,0.15,0.15,0.1,0.15,0.1
600,600,Błonie,76,Lubuskie,0.15,0.15,0.1,0.15,0.1
601,601,Błonie,77,Małopolskie,0.15,0.15,0.1,0.15,0.1
602,602,Błonie,78,Mazowieckie,0.15,0.15,0.1,0.15,0.1
603,603,Błonie,84,Świętokrzyskie,0.15,0.15,0.1,0.15,0.1
604,604,Błonie,87,Zachodniopomorskie,0.15,0.15,0.1,0.15,0.1
605,605,Błonie,72,Dolnośląskie,0.15,0.15,0.1,0.15,0.1
606,606,Błędów,74,Łódzkie,0.15,0.15,0.1,0.15,0.1
607,607,Błędów,78,Mazowieckie,0.15,0.15,0.1,0.15,0.1
608,608,Cedry Wielkie,82,Pomorskie,0.15,0.15,0.1,0.15,0.1
609,609,Cedynia,87,Zachodniopomorskie,0.15,0.15,0.1,0.15,0.1
610,610,Cegłów,78,Mazowieckie,0.15,0.15,0.1,0.15,0.1
611,611,Cekcyn,73,Kujawsko-pomorskie,0.15,0.15,0.1,0.15,0.1
612,612,Celestynów,86,Wielkopolskie,0.15,0.15,0.1,0.15,0.1
613,613,Celestynów,78,Mazowieckie,0.15,0.15,0.1,0.15,0.1
614,614,Celestynów,74,Łódzkie,0.15,0.15,0.1,0.15,0.1
615,615,Ceranów,78,Mazowieckie,0.15,0.15,0.1,0.15,0.1
616,616,Cerkwica,87,Zachodniopomorskie,0.15,0.15,0.1,0.15,0.1
617,617,Cewice,82,Pomorskie,0.15,0.15,0.1,0.15,0.1
618,618,Chałupki,84,Świętokrzyskie,0.15,0.15,0.1,0.15,0.1
619,619,Chałupki,83,Śląskie,0.15,0.15,0.1,0.15,0.1
620,620,Chałupki,80,Podkarpackie,0.15,0.15,0.1,0.15,0.1
621,621,Chałupki,74,Łódzkie,0.15,0.15,0.1,0.15,0.1
622,622,Chałupki,72,Dolnośląskie,0.15,0.15,0.1,0.15,0.1
623,623,Chełm,72,Dolnośląskie,0.15,0.15,0.1,0.15,0.1
624,624,Chełm,75,Lubelskie,0.15,0.15,0.1,0.15,0.1
625,625,Chełm,77,Małopolskie,0.15,0.15,0.1,0.15,0.1
626,626,Chełm Śląski,83,Śląskie,0.15,0.15,0.1,0.15,0.1
627,627,Chełmek,82,Pomorskie,0.15,0.15,0.1,0.15,0.1
628,628,Chełmek,77,Małopolskie,0.15,0.15,0.1,0.15,0.1
629,629,Chełmek,76,Lubuskie,0.15,0.15,0.1,0.15,0.1
630,630,Chełmiec,72,Dolnośląskie,0.15,0.15,0.1,0.15,0.1
631,631,Chełmiec,75,Lubelskie,0.15,0.15,0.1,0.15,0.1
632,632,Chełmiec,77,Małopolskie,0.15,0.15,0.1,0.15,0.1
633,633,Chełmiec,85,Warmińsko-mazurskie,0.15,0.15,0.1,0.15,0.1
634,634,Chełmno,86,Wielkopolskie,0.15,0.15,0.1,0.15,0.1
635,635,Chełmno,73,Kujawsko-pomorskie,0.15,0.15,0.1,0.15,0.1
636,636,Chełmża,73,Kujawsko-pomorskie,0.15,0.15,0.1,0.15,0.1
637,637,Chlewiska,73,Kujawsko-pomorskie,0.15,0.15,0.1,0.15,0.1
638,638,Chlewiska,75,Lubelskie,0.15,0.15,0.1,0.15,0.1
639,639,Chlewiska,78,Mazowieckie,0.15,0.15,0.1,0.15,0.1
640,640,Chlewiska,80,Podkarpackie,0.15,0.15,0.1,0.15,0.1
641,641,Chlewiska,86,Wielkopolskie,0.15,0.15,0.1,0.15,0.1
642,642,Chmielnik,86,Wielkopolskie,0.15,0.15,0.1,0.15,0.1
643,643,Chmielnik,85,Warmińsko-mazurskie,0.15,0.15,0.1,0.15,0.1
644,644,Chmielnik,84,Świętokrzyskie,0.15,0.15,0.1,0.15,0.1
645,645,Chmielnik,81,Podlaskie,0.15,0.15,0.1,0.15,0.1
646,646,Chmielnik,80,Podkarpackie,0.15,0.15,0.1,0.15,0.1
647,647,Chmielnik,78,Mazowieckie,0.15,0.15,0.1,0.15,0.1
648,648,Chmielnik,75,Lubelskie,0.15,0.15,0.1,0.15,0.1
649,649,Chmielno,87,Zachodniopomorskie,0.15,0.15,0.1,0.15,0.1
650,650,Chmielno,82,Pomorskie,0.15,0.15,0.1,0.15,0.1
651,651,Chmielno,72,Dolnośląskie,0.15,0.15,0.1,0.15,0.1
652,652,Chmielowice,84,Świętokrzyskie,0.15,0.15,0.1,0.15,0.1
653,653,Choceń,73,Kujawsko-pomorskie,0.15,0.15,0.1,0.15,0.1
654,654,Chocianów,72,Dolnośląskie,0.15,0.15,0.1,0.15,0.1
655,655,Chociwel,72,Dolnośląskie,0.15,0.15,0.1,0.15,0.1
656,656,Chociwel,87,Zachodniopomorskie,0.15,0.15,0.1,0.15,0.1
657,657,Chocz,86,Wielkopolskie,0.15,0.15,0.1,0.15,0.1
658,658,Choczewo,82,Pomorskie,0.15,0.15,0.1,0.15,0.1
659,659,Chocznia,77,Małopolskie,0.15,0.15,0.1,0.15,0.1
660,660,Chodecz,73,Kujawsko-pomorskie,0.15,0.15,0.1,0.15,0.1
661,661,Chodel,75,Lubelskie,0.15,0.15,0.1,0.15,0.1
662,662,Chodzież,86,Wielkopolskie,0.15,0.15,0.1,0.15,0.1
663,663,Chodów,74,Łódzkie,0.15,0.15,0.1,0.15,0.1
664,664,Chodów,77,Małopolskie,0.15,0.15,0.1,0.15,0.1
665,665,Chodów,78,Mazowieckie,0.15,0.15,0.1,0.15,0.1
666,666,Chodów,86,Wielkopolskie,0.15,0.15,0.1,0.15,0.1
667,667,Chojna,76,Lubuskie,0.15,0.15,0.1,0.15,0.1
668,668,Chojna,82,Pomorskie,0.15,0.15,0.1,0.15,0.1
669,669,Chojna,86,Wielkopolskie,0.15,0.15,0.1,0.15,0.1
670,670,Chojna,87,Zachodniopomorskie,0.15,0.15,0.1,0.15,0.1
671,671,Chojnice,82,Pomorskie,0.15,0.15,0.1,0.15,0.1
672,672,Chojno,86,Wielkopolskie,0.15,0.15,0.1,0.15,0.1
673,673,Chojno,73,Kujawsko-pomorskie,0.15,0.15,0.1,0.15,0.1
674,674,Chojnów,72,Dolnośląskie,0.15,0.15,0.1,0.15,0.1
675,675,Chojnów,78,Mazowieckie,0.15,0.15,0.1,0.15,0.1
676,676,Cholerzyn,77,Małopolskie,0.15,0.15,0.1,0.15,0.1
677,677,Cholewiana Góra,80,Podkarpackie,0.15,0.15,0.1,0.15,0.1
678,678,Chorkówka,80,Podkarpackie,0.15,0.15,0.1,0.15,0.1
679,679,Choroszcz,81,Podlaskie,0.15,0.15,0.1,0.15,0.1
680,680,Choroń,83,Śląskie,0.15,0.15,0.1,0.15,0.1
681,681,Chorzele,78,Mazowieckie,0.15,0.15,0.1,0.15,0.1
682,682,Chorzele,81,Podlaskie,0.15,0.15,0.1,0.15,0.1
683,683,Chorzów,83,Śląskie,0.15,0.15,0.1,0.15,0.1
684,684,Chorzów,80,Podkarpackie,0.15,0.15,0.1,0.15,0.1
685,685,Choszczno,87,Zachodniopomorskie,0.15,0.15,0.1,0.15,0.1
686,686,Chotylub,80,Podkarpackie,0.15,0.15,0.1,0.15,0.1
687,687,Chrostkowo,73,Kujawsko-pomorskie,0.15,0.15,0.1,0.15,0.1
688,688,Chruszczobród,83,Śląskie,0.15,0.15,0.1,0.15,0.1
689,689,Chrzanów,72,Dolnośląskie,0.15,0.15,0.1,0.15,0.1
690,690,Chrzanów,86,Wielkopolskie,0.15,0.15,0.1,0.15,0.1
691,691,Chrzanów,84,Świętokrzyskie,0.15,0.15,0.1,0.15,0.1
692,692,Chrzanów,77,Małopolskie,0.15,0.15,0.1,0.15,0.1
693,693,Chrzanów,75,Lubelskie,0.15,0.15,0.1,0.15,0.1
694,694,Chrzypsko Wielkie,86,Wielkopolskie,0.15,0.15,0.1,0.15,0.1
695,695,Chrząstowice,77,Małopolskie,0.15,0.15,0.1,0.15,0.1
696,696,Chrząstowice,79,Opolskie,0.15,0.15,0.1,0.15,0.1
697,697,Chróścice,79,Opolskie,0.15,0.15,0.1,0.15,0.1
698,698,Chróścina,79,Opolskie,0.15,0.15,0.1,0.15,0.1
699,699,Chróścina,72,Dolnośląskie,0.15,0.15,0.1,0.15,0.1
700,700,Chwaszczyno,82,Pomorskie,0.15,0.15,0.1,0.15,0.1
701,701,Chwałowice,72,Dolnośląskie,0.15,0.15,0.1,0.15,0.1
702,702,Chwałowice,76,Lubuskie,0.15,0.15,0.1,0.15,0.1
703,703,Chwałowice,78,Mazowieckie,0.15,0.15,0.1,0.15,0.1
704,704,Chwałowice,80,Podkarpackie,0.15,0.15,0.1,0.15,0.1
705,705,Chwałowice,84,Świętokrzyskie,0.15,0.15,0.1,0.15,0.1
706,706,Chybie,83,Śląskie,0.15,0.15,0.1,0.15,0.1
707,707,Chylice,78,Mazowieckie,0.15,0.15,0.1,0.15,0.1
708,708,Chyliczki,78,Mazowieckie,0.15,0.15,0.1,0.15,0.1
709,709,Chynów,74,Łódzkie,0.15,0.15,0.1,0.15,0.1
710,710,Chynów,78,Mazowieckie,0.15,0.15,0.1,0.15,0.1
711,711,Chyżne,77,Małopolskie,0.15,0.15,0.1,0.15,0.1
712,712,Chąśno,74,Łódzkie,0.15,0.15,0.1,0.15,0.1
713,713,Chęciny,76,Lubuskie,0.15,0.15,0.1,0.15,0.1
714,714,Chęciny,78,Mazowieckie,0.15,0.15,0.1,0.15,0.1
715,715,Chęciny,84,Świętokrzyskie,0.15,0.15,0.1,0.15,0.1
716,716,Chłapowo,82,Pomorskie,0.15,0.15,0.1,0.15,0.1
717,717,Chłapowo,86,Wielkopolskie,0.15,0.15,0.1,0.15,0.1
718,718,Chłopice,80,Podkarpackie,0.15,0.15,0.1,0.15,0.1
719,719,Ciasna,83,Śląskie,0.15,0.15,0.1,0.15,0.1
720,720,Cichawa,77,Małopolskie,0.15,0.15,0.1,0.15,0.1
721,721,Ciechanowiec,81,Podlaskie,0.15,0.15,0.1,0.15,0.1
722,722,Ciechanów,78,Mazowieckie,0.15,0.15,0.1,0.15,0.1
723,723,Ciechanów,72,Dolnośląskie,0.15,0.15,0.1,0.15,0.1
724,724,Ciechocin,73,Kujawsko-pomorskie,0.15,0.15,0.1,0.15,0.1
725,725,Ciechocin,75,Lubelskie,0.15,0.15,0.1,0.15,0.1
726,726,Ciechocin,82,Pomorskie,0.15,0.15,0.1,0.15,0.1
727,727,Ciechocinek,73,Kujawsko-pomorskie,0.15,0.15,0.1,0.15,0.1
728,728,Ciechów,72,Dolnośląskie,0.15,0.15,0.1,0.15,0.1
729,729,Cielmice,86,Wielkopolskie,0.15,0.15,0.1,0.15,0.1
730,730,Cielądz,74,Łódzkie,0.15,0.15,0.1,0.15,0.1
731,731,Cielętniki,72,Dolnośląskie,0.15,0.15,0.1,0.15,0.1
732,732,Cielętniki,83,Śląskie,0.15,0.15,0.1,0.15,0.1
733,733,Ciepielów,78,Mazowieckie,0.15,0.15,0.1,0.15,0.1
734,734,Ciepielów,76,Lubuskie,0.15,0.15,0.1,0.15,0.1
735,735,Cieplewo,82,Pomorskie,0.15,0.15,0.1,0.15,0.1
736,736,Ciepłowody,72,Dolnośląskie,0.15,0.15,0.1,0.15,0.1
737,737,Cieszacin Wielki,80,Podkarpackie,0.15,0.15,0.1,0.15,0.1
738,738,Cieszanów,80,Podkarpackie,0.15,0.15,0.1,0.15,0.1
739,739,Cieszków,72,Dolnośląskie,0.15,0.15,0.1,0.15,0.1
740,740,Cieszyn,75,Lubelskie,0.15,0.15,0.1,0.15,0.1
741,741,Cieszyn,83,Śląskie,0.15,0.15,0.1,0.15,0.1
742,742,Cieszyn,86,Wielkopolskie,0.15,0.15,0.1,0.15,0.1
743,743,Cieszyn,87,Zachodniopomorskie,0.15,0.15,0.1,0.15,0.1
744,744,Cisek,79,Opolskie,0.15,0.15,0.1,0.15,0.1
745,745,Cisiec,83,Śląskie,0.15,0.15,0.1,0.15,0.1
746,746,Cisna,80,Podkarpackie,0.15,0.15,0.1,0.15,0.1
747,747,Cisownica,83,Śląskie,0.15,0.15,0.1,0.15,0.1
748,748,Ciągowice,83,Śląskie,0.15,0.15,0.1,0.15,0.1
749,749,Cięcina,83,Śląskie,0.15,0.15,0.1,0.15,0.1
750,750,Ciężkowice,74,Łódzkie,0.15,0.15,0.1,0.15,0.1
751,751,Ciężkowice,77,Małopolskie,0.15,0.15,0.1,0.15,0.1
752,752,Ciężkowice,79,Opolskie,0.15,0.15,0.1,0.15,0.1
753,753,Cmolas,80,Podkarpackie,0.15,0.15,0.1,0.15,0.1
754,754,Cybinka,76,Lubuskie,0.15,0.15,0.1,0.15,0.1
755,755,Cychry,78,Mazowieckie,0.15,0.15,0.1,0.15,0.1
756,756,Cychry,87,Zachodniopomorskie,0.15,0.15,0.1,0.15,0.1
757,757,Cyców,75,Lubelskie,0.15,0.15,0.1,0.15,0.1
758,758,Cynków,83,Śląskie,0.15,0.15,0.1,0.15,0.1
759,759,Cynków,75,Lubelskie,0.15,0.15,0.1,0.15,0.1
760,760,Czajków,78,Mazowieckie,0.15,0.15,0.1,0.15,0.1
761,761,Czajków,86,Wielkopolskie,0.15,0.15,0.1,0.15,0.1
762,762,Czaniec,83,Śląskie,0.15,0.15,0.1,0.15,0.1
763,763,Czaplinek,74,Łódzkie,0.15,0.15,0.1,0.15,0.1
764,764,Czaplinek,78,Mazowieckie,0.15,0.15,0.1,0.15,0.1
765,765,Czaplinek,87,Zachodniopomorskie,0.15,0.15,0.1,0.15,0.1
766,766,Czapury,86,Wielkopolskie,0.15,0.15,0.1,0.15,0.1
767,767,Czarków,83,Śląskie,0.15,0.15,0.1,0.15,0.1
768,768,Czarlin,82,Pomorskie,0.15,0.15,0.1,0.15,0.1
769,769,Czarna,74,Łódzkie,0.15,0.15,0.1,0.15,0.1
770,770,Czarna,76,Lubuskie,0.15,0.15,0.1,0.15,0.1
771,771,Czarna,78,Mazowieckie,0.15,0.15,0.1,0.15,0.1
772,772,Czarna,80,Podkarpackie,0.15,0.15,0.1,0.15,0.1
773,773,Czarna,84,Świętokrzyskie,0.15,0.15,0.1,0.15,0.1
774,774,Czarna,75,Lubelskie,0.15,0.15,0.1,0.15,0.1
775,775,Czarna,77,Małopolskie,0.15,0.15,0.1,0.15,0.1
776,776,Czarna Białostocka,81,Podlaskie,0.15,0.15,0.1,0.15,0.1
777,777,Czarna Dąbrówka,82,Pomorskie,0.15,0.15,0.1,0.15,0.1
778,778,Czarna Góra,77,Małopolskie,0.15,0.15,0.1,0.15,0.1
779,779,Czarna Góra,85,Warmińsko-mazurskie,0.15,0.15,0.1,0.15,0.1
780,780,Czarna Woda,82,Pomorskie,0.15,0.15,0.1,0.15,0.1
781,781,Czarne,82,Pomorskie,0.15,0.15,0.1,0.15,0.1
782,782,Czarne,85,Warmińsko-mazurskie,0.15,0.15,0.1,0.15,0.1
783,783,Czarne,87,Zachodniopomorskie,0.15,0.15,0.1,0.15,0.1
784,784,Czarne,81,Podlaskie,0.15,0.15,0.1,0.15,0.1
785,785,Czarne,77,Małopolskie,0.15,0.15,0.1,0.15,0.1
786,786,Czarne,73,Kujawsko-pomorskie,0.15,0.15,0.1,0.15,0.1
787,787,Czarnia,78,Mazowieckie,0.15,0.15,0.1,0.15,0.1
788,788,Czarnków,72,Dolnośląskie,0.15,0.15,0.1,0.15,0.1
789,789,Czarnków,86,Wielkopolskie,0.15,0.15,0.1,0.15,0.1
790,790,Czarnochowice,77,Małopolskie,0.15,0.15,0.1,0.15,0.1
791,791,Czarnocin,82,Pomorskie,0.15,0.15,0.1,0.15,0.1
792,792,Czarnocin,84,Świętokrzyskie,0.15,0.15,0.1,0.15,0.1
793,793,Czarnocin,87,Zachodniopomorskie,0.15,0.15,0.1,0.15,0.1
794,794,Czarnocin,74,Łódzkie,0.15,0.15,0.1,0.15,0.1
795,795,Czarnocin,78,Mazowieckie,0.15,0.15,0.1,0.15,0.1
796,796,Czarnocin,79,Opolskie,0.15,0.15,0.1,0.15,0.1
797,797,Czarnocin,81,Podlaskie,0.15,0.15,0.1,0.15,0.1
798,798,Czarnogłowy,87,Zachodniopomorskie,0.15,0.15,0.1,0.15,0.1
799,799,Czarnożyły,74,Łódzkie,0.15,0.15,0.1,0.15,0.1
800,800,Czarny Bór,72,Dolnośląskie,0.15,0.15,0.1,0.15,0.1
801,801,Czarny Dunajec,77,Małopolskie,0.15,0.15,0.1,0.15,0.1
802,802,Czarnów,78,Mazowieckie,0.15,0.15,0.1,0.15,0.1
803,803,Czarnów,76,Lubuskie,0.15,0.15,0.1,0.15,0.1
804,804,Czarnów,74,Łódzkie,0.15,0.15,0.1,0.15,0.1
805,805,Czarnów,72,Dolnośląskie,0.15,0.15,0.1,0.15,0.1
806,806,Czastary,74,Łódzkie,0.15,0.15,0.1,0.15,0.1
807,807,Czaszyn,80,Podkarpackie,0.15,0.15,0.1,0.15,0.1
808,808,Czchów,77,Małopolskie,0.15,0.15,0.1,0.15,0.1
809,809,Czechowice-Dziedzice,83,Śląskie,0.15,0.15,0.1,0.15,0.1
810,810,Czeladź,83,Śląskie,0.15,0.15,0.1,0.15,0.1
811,811,Czemierniki,75,Lubelskie,0.15,0.15,0.1,0.15,0.1
812,812,Czempiń,86,Wielkopolskie,0.15,0.15,0.1,0.15,0.1
813,813,Czeremcha,80,Podkarpackie,0.15,0.15,0.1,0.15,0.1
814,814,Czeremcha,81,Podlaskie,0.15,0.15,0.1,0.15,0.1
815,815,Czermin,80,Podkarpackie,0.15,0.15,0.1,0.15,0.1
816,816,Czermin,86,Wielkopolskie,0.15,0.15,0.1,0.15,0.1
817,817,Czermin,84,Świętokrzyskie,0.15,0.15,0.1,0.15,0.1
818,818,Czermno,73,Kujawsko-pomorskie,0.15,0.15,0.1,0.15,0.1
819,819,Czermno,75,Lubelskie,0.15,0.15,0.1,0.15,0.1
820,820,Czermno,78,Mazowieckie,0.15,0.15,0.1,0.15,0.1
821,821,Czermno,84,Świętokrzyskie,0.15,0.15,0.1,0.15,0.1
822,822,Czernica,72,Dolnośląskie,0.15,0.15,0.1,0.15,0.1
823,823,Czernica,82,Pomorskie,0.15,0.15,0.1,0.15,0.1
824,824,Czernica,84,Świętokrzyskie,0.15,0.15,0.1,0.15,0.1
825,825,Czernica,83,Śląskie,0.15,0.15,0.1,0.15,0.1
826,826,Czernice Borowe,78,Mazowieckie,0.15,0.15,0.1,0.15,0.1
827,827,Czernichów,77,Małopolskie,0.15,0.15,0.1,0.15,0.1
828,828,Czernichów,83,Śląskie,0.15,0.15,0.1,0.15,0.1
829,829,Czerniejewo,86,Wielkopolskie,0.15,0.15,0.1,0.15,0.1
830,830,Czerniewice,73,Kujawsko-pomorskie,0.15,0.15,0.1,0.15,0.1
831,831,Czerniewice,74,Łódzkie,0.15,0.15,0.1,0.15,0.1
832,832,Czernikowo,73,Kujawsko-pomorskie,0.15,0.15,0.1,0.15,0.1
833,833,Czersk,82,Pomorskie,0.15,0.15,0.1,0.15,0.1
834,834,Czersk,78,Mazowieckie,0.15,0.15,0.1,0.15,0.1
835,835,Czerwieńsk,76,Lubuskie,0.15,0.15,0.1,0.15,0.1
836,836,Czerwin,78,Mazowieckie,0.15,0.15,0.1,0.15,0.1
837,837,Czerwionka-Leszczyny,83,Śląskie,0.15,0.15,0.1,0.15,0.1
838,838,Czerwińsk Nad Wisłą,78,Mazowieckie,0.15,0.15,0.1,0.15,0.1
839,839,Czerwonak,86,Wielkopolskie,0.15,0.15,0.1,0.15,0.1
840,840,Czerwonak,87,Zachodniopomorskie,0.15,0.15,0.1,0.15,0.1
841,841,Czerwonka,81,Podlaskie,0.15,0.15,0.1,0.15,0.1
842,842,Czerwonka,78,Mazowieckie,0.15,0.15,0.1,0.15,0.1
843,843,Czerwonka,85,Warmińsko-mazurskie,0.15,0.15,0.1,0.15,0.1
844,844,Czerwonka,86,Wielkopolskie,0.15,0.15,0.1,0.15,0.1
845,845,Czerwonka,74,Łódzkie,0.15,0.15,0.1,0.15,0.1
846,846,Czerwonka-Parcel,78,Mazowieckie,0.15,0.15,0.1,0.15,0.1
847,847,Czudec,80,Podkarpackie,0.15,0.15,0.1,0.15,0.1
848,848,Czułów,77,Małopolskie,0.15,0.15,0.1,0.15,0.1
849,849,Czyże,81,Podlaskie,0.15,0.15,0.1,0.15,0.1
850,850,Czyżew,81,Podlaskie,0.15,0.15,0.1,0.15,0.1
851,851,Czyżew,78,Mazowieckie,0.15,0.15,0.1,0.15,0.1
852,852,Czyżowice,79,Opolskie,0.15,0.15,0.1,0.15,0.1
853,853,Czyżowice,83,Śląskie,0.15,0.15,0.1,0.15,0.1
854,854,Czyżowice,84,Świętokrzyskie,0.15,0.15,0.1,0.15,0.1
855,855,Częstochowa,83,Śląskie,0.15,0.15,0.1,0.15,0.1
856,856,Człopa,87,Zachodniopomorskie,0.15,0.15,0.1,0.15,0.1
857,857,Człuchów,82,Pomorskie,0.15,0.15,0.1,0.15,0.1
858,858,Dalachów,79,Opolskie,0.15,0.15,0.1,0.15,0.1
859,859,Daleszyce,84,Świętokrzyskie,0.15,0.15,0.1,0.15,0.1
860,860,Dalików,74,Łódzkie,0.15,0.15,0.1,0.15,0.1
861,861,Damasławek,86,Wielkopolskie,0.15,0.15,0.1,0.15,0.1
862,862,Damienice,77,Małopolskie,0.15,0.15,0.1,0.15,0.1
863,863,Damnica,82,Pomorskie,0.15,0.15,0.1,0.15,0.1
864,864,Dargomyśl,87,Zachodniopomorskie,0.15,0.15,0.1,0.15,0.1
865,865,Darłowo,87,Zachodniopomorskie,0.15,0.15,0.1,0.15,0.1
866,866,Daszewice,78,Mazowieckie,0.15,0.15,0.1,0.15,0.1
867,867,Daszewice,86,Wielkopolskie,0.15,0.15,0.1,0.15,0.1
868,868,Daszyna,74,Łódzkie,0.15,0.15,0.1,0.15,0.1
869,869,Debrzno,82,Pomorskie,0.15,0.15,0.1,0.15,0.1
870,870,Deszczno,76,Lubuskie,0.15,0.15,0.1,0.15,0.1
871,871,Dmosin,74,Łódzkie,0.15,0.15,0.1,0.15,0.1
872,872,Dobczyce,77,Małopolskie,0.15,0.15,0.1,0.15,0.1
873,873,Dobiegniew,76,Lubuskie,0.15,0.15,0.1,0.15,0.1
874,874,Dobieszczyzna,86,Wielkopolskie,0.15,0.15,0.1,0.15,0.1
875,875,Dobieszowice,83,Śląskie,0.15,0.15,0.1,0.15,0.1
876,876,Dobieszowice,79,Opolskie,0.15,0.15,0.1,0.15,0.1
877,877,Dobra,86,Wielkopolskie,0.15,0.15,0.1,0.15,0.1
878,878,Dobra,78,Mazowieckie,0.15,0.15,0.1,0.15,0.1
879,879,Dobra,77,Małopolskie,0.15,0.15,0.1,0.15,0.1
880,880,Dobra,76,Lubuskie,0.15,0.15,0.1,0.15,0.1
881,881,Dobra,74,Łódzkie,0.15,0.15,0.1,0.15,0.1
882,882,Dobra,72,Dolnośląskie,0.15,0.15,0.1,0.15,0.1
883,883,Dobra,87,Zachodniopomorskie,0.15,0.15,0.1,0.15,0.1
884,884,Dobra,80,Podkarpackie,0.15,0.15,0.1,0.15,0.1
885,885,Dobra,83,Śląskie,0.15,0.15,0.1,0.15,0.1
886,886,Dobra,82,Pomorskie,0.15,0.15,0.1,0.15,0.1
887,887,Dobra,79,Opolskie,0.15,0.15,0.1,0.15,0.1
888,888,Dobra,84,Świętokrzyskie,0.15,0.15,0.1,0.15,0.1
889,889,Dobrcz,73,Kujawsko-pomorskie,0.15,0.15,0.1,0.15,0.1
890,890,Dobre,73,Kujawsko-pomorskie,0.15,0.15,0.1,0.15,0.1
891,891,Dobre,87,Zachodniopomorskie,0.15,0.15,0.1,0.15,0.1
892,892,Dobre,78,Mazowieckie,0.15,0.15,0.1,0.15,0.1
893,893,Dobre,76,Lubuskie,0.15,0.15,0.1,0.15,0.1
894,894,Dobre,75,Lubelskie,0.15,0.15,0.1,0.15,0.1
895,895,Dobre Miasto,85,Warmińsko-mazurskie,0.15,0.15,0.1,0.15,0.1
896,896,Dobrocin,85,Warmińsko-mazurskie,0.15,0.15,0.1,0.15,0.1
897,897,Dobrodzień,79,Opolskie,0.15,0.15,0.1,0.15,0.1
898,898,Dobromierz,84,Świętokrzyskie,0.15,0.15,0.1,0.15,0.1
899,899,Dobromierz,73,Kujawsko-pomorskie,0.15,0.15,0.1,0.15,0.1
900,900,Dobromierz,72,Dolnośląskie,0.15,0.15,0.1,0.15,0.1
901,901,Dobroszyce,72,Dolnośląskie,0.15,0.15,0.1,0.15,0.1
902,902,Dobroń,74,Łódzkie,0.15,0.15,0.1,0.15,0.1
903,903,Dobrzany,87,Zachodniopomorskie,0.15,0.15,0.1,0.15,0.1
904,904,Dobrzeń Wielki,79,Opolskie,0.15,0.15,0.1,0.15,0.1
905,905,Dobrzyca,87,Zachodniopomorskie,0.15,0.15,0.1,0.15,0.1
906,906,Dobrzyca,86,Wielkopolskie,0.15,0.15,0.1,0.15,0.1
907,907,Dobrzykowice,72,Dolnośląskie,0.15,0.15,0.1,0.15,0.1
908,908,Dobrzyniewo Duże,81,Podlaskie,0.15,0.15,0.1,0.15,0.1
909,909,Dojazdów,77,Małopolskie,0.15,0.15,0.1,0.15,0.1
910,910,Dolice,87,Zachodniopomorskie,0.15,0.15,0.1,0.15,0.1
911,911,Dolsk,86,Wielkopolskie,0.15,0.15,0.1,0.15,0.1
912,912,Dolsk,87,Zachodniopomorskie,0.15,0.15,0.1,0.15,0.1
913,913,Domanice,82,Pomorskie,0.15,0.15,0.1,0.15,0.1
914,914,Domanice,78,Mazowieckie,0.15,0.15,0.1,0.15,0.1
915,915,Domanice,72,Dolnośląskie,0.15,0.15,0.1,0.15,0.1
916,916,Domaniewice,74,Łódzkie,0.15,0.15,0.1,0.15,0.1
917,917,Domaniewice,77,Małopolskie,0.15,0.15,0.1,0.15,0.1
918,918,Domaniewice,78,Mazowieckie,0.15,0.15,0.1,0.15,0.1
919,919,Domaniów,72,Dolnośląskie,0.15,0.15,0.1,0.15,0.1
920,920,Domaniów,78,Mazowieckie,0.15,0.15,0.1,0.15,0.1
921,921,Domaradz,82,Pomorskie,0.15,0.15,0.1,0.15,0.1
922,922,Domaradz,80,Podkarpackie,0.15,0.15,0.1,0.15,0.1
923,923,Domaradz,79,Opolskie,0.15,0.15,0.1,0.15,0.1
924,924,Domaszowice,84,Świętokrzyskie,0.15,0.15,0.1,0.15,0.1
925,925,Domaszowice,79,Opolskie,0.15,0.15,0.1,0.15,0.1
926,926,Domasław,72,Dolnośląskie,0.15,0.15,0.1,0.15,0.1
927,927,Dominowo,86,Wielkopolskie,0.15,0.15,0.1,0.15,0.1
928,928,Dopiewo,86,Wielkopolskie,0.15,0.15,0.1,0.15,0.1
929,929,Dorohusk,75,Lubelskie,0.15,0.15,0.1,0.15,0.1
930,930,Dorohusk-Osada,75,Lubelskie,0.15,0.15,0.1,0.15,0.1
931,931,Doruchów,86,Wielkopolskie,0.15,0.15,0.1,0.15,0.1
932,932,Dołhobyczów,75,Lubelskie,0.15,0.15,0.1,0.15,0.1
933,933,Drawno,87,Zachodniopomorskie,0.15,0.15,0.1,0.15,0.1
934,934,Drawsko,86,Wielkopolskie,0.15,0.15,0.1,0.15,0.1
935,935,Drawsko Pomorskie,87,Zachodniopomorskie,0.15,0.15,0.1,0.15,0.1
936,936,Drelów,75,Lubelskie,0.15,0.15,0.1,0.15,0.1
937,937,Drewnica,82,Pomorskie,0.15,0.15,0.1,0.15,0.1
938,938,Drezdenko,76,Lubuskie,0.15,0.15,0.1,0.15,0.1
939,939,Drobin,78,Mazowieckie,0.15,0.15,0.1,0.15,0.1
940,940,Drochlin,81,Podlaskie,0.15,0.15,0.1,0.15,0.1
941,941,Drogomyśl,83,Śląskie,0.15,0.15,0.1,0.15,0.1
942,942,Drohiczyn,81,Podlaskie,0.15,0.15,0.1,0.15,0.1
943,943,Drohobyczka,80,Podkarpackie,0.15,0.15,0.1,0.15,0.1
944,944,Drużbice,74,Łódzkie,0.15,0.15,0.1,0.15,0.1
945,945,Drwinia,77,Małopolskie,0.15,0.15,0.1,0.15,0.1
946,946,Drzewica,76,Lubuskie,0.15,0.15,0.1,0.15,0.1
947,947,Drzewica,87,Zachodniopomorskie,0.15,0.15,0.1,0.15,0.1
948,948,Drzewica,74,Łódzkie,0.15,0.15,0.1,0.15,0.1
949,949,Drzonowo,73,Kujawsko-pomorskie,0.15,0.15,0.1,0.15,0.1
950,950,Drzonowo,87,Zachodniopomorskie,0.15,0.15,0.1,0.15,0.1
951,951,Drzycim,73,Kujawsko-pomorskie,0.15,0.15,0.1,0.15,0.1
952,952,Dubeninki,85,Warmińsko-mazurskie,0.15,0.15,0.1,0.15,0.1
953,953,Dubiecko,80,Podkarpackie,0.15,0.15,0.1,0.15,0.1
954,954,Dubienka,75,Lubelskie,0.15,0.15,0.1,0.15,0.1
955,955,Duchnice,78,Mazowieckie,0.15,0.15,0.1,0.15,0.1
956,956,Duczki,78,Mazowieckie,0.15,0.15,0.1,0.15,0.1
957,957,Dukla,80,Podkarpackie,0.15,0.15,0.1,0.15,0.1
958,958,Duszniki,74,Łódzkie,0.15,0.15,0.1,0.15,0.1
959,959,Duszniki,86,Wielkopolskie,0.15,0.15,0.1,0.15,0.1
960,960,Duszniki-Zdrój,72,Dolnośląskie,0.15,0.15,0.1,0.15,0.1
961,961,Dwikozy,84,Świętokrzyskie,0.15,0.15,0.1,0.15,0.1
962,962,Dychów,76,Lubuskie,0.15,0.15,0.1,0.15,0.1
963,963,Dydnia,80,Podkarpackie,0.15,0.15,0.1,0.15,0.1
964,964,Dygowo,87,Zachodniopomorskie,0.15,0.15,0.1,0.15,0.1
965,965,Dynów,80,Podkarpackie,0.15,0.15,0.1,0.15,0.1
966,966,Dywity,85,Warmińsko-mazurskie,0.15,0.15,0.1,0.15,0.1
967,967,Dziadkowice,74,Łódzkie,0.15,0.15,0.1,0.15,0.1
968,968,Dziadkowice,81,Podlaskie,0.15,0.15,0.1,0.15,0.1
969,969,Dziadowa Kłoda,72,Dolnośląskie,0.15,0.15,0.1,0.15,0.1
970,970,Działdowo,85,Warmińsko-mazurskie,0.15,0.15,0.1,0.15,0.1
971,971,Działoszyce,84,Świętokrzyskie,0.15,0.15,0.1,0.15,0.1
972,972,Działoszyn,72,Dolnośląskie,0.15,0.15,0.1,0.15,0.1
973,973,Działoszyn,74,Łódzkie,0.15,0.15,0.1,0.15,0.1
974,974,Dziekanów Leśny,78,Mazowieckie,0.15,0.15,0.1,0.15,0.1
975,975,Dziemiany,82,Pomorskie,0.15,0.15,0.1,0.15,0.1
976,976,Dziergowice,79,Opolskie,0.15,0.15,0.1,0.15,0.1
977,977,Dzierzgowo,78,Mazowieckie,0.15,0.15,0.1,0.15,0.1
978,978,Dzierzgoń,82,Pomorskie,0.15,0.15,0.1,0.15,0.1
979,979,Dzierzążnia,78,Mazowieckie,0.15,0.15,0.1,0.15,0.1
980,980,Dzierżoniów,72,Dolnośląskie,0.15,0.15,0.1,0.15,0.1
981,981,Dzietrzkowice,74,Łódzkie,0.15,0.15,0.1,0.15,0.1
982,982,Dziewin,77,Małopolskie,0.15,0.15,0.1,0.15,0.1
983,983,Dziećmorowice,72,Dolnośląskie,0.15,0.15,0.1,0.15,0.1
984,984,Dzikowiec,80,Podkarpackie,0.15,0.15,0.1,0.15,0.1
985,985,Dziwnów,87,Zachodniopomorskie,0.15,0.15,0.1,0.15,0.1
986,986,Dzięgielów,83,Śląskie,0.15,0.15,0.1,0.15,0.1
987,987,Dzwola,75,Lubelskie,0.15,0.15,0.1,0.15,0.1
988,988,Dąbie,72,Dolnośląskie,0.15,0.15,0.1,0.15,0.1
989,989,Dąbie,83,Śląskie,0.15,0.15,0.1,0.15,0.1
990,990,Dąbie,84,Świętokrzyskie,0.15,0.15,0.1,0.15,0.1
991,991,Dąbie,85,Warmińsko-mazurskie,0.15,0.15,0.1,0.15,0.1
992,992,Dąbie,86,Wielkopolskie,0.15,0.15,0.1,0.15,0.1
993,993,Dąbie,87,Zachodniopomorskie,0.15,0.15,0.1,0.15,0.1
994,994,Dąbie,73,Kujawsko-pomorskie,0.15,0.15,0.1,0.15,0.1
995,995,Dąbie,74,Łódzkie,0.15,0.15,0.1,0.15,0.1
996,996,Dąbie,82,Pomorskie,0.15,0.15,0.1,0.15,0.1
997,997,Dąbie,75,Lubelskie,0.15,0.15,0.1,0.15,0.1
998,998,Dąbie,76,Lubuskie,0.15,0.15,0.1,0.15,0.1
999,999,Dąbie,77,Małopolskie,0.15,0.15,0.1,0.15,0.1
1000,1000,Dąbie,80,Podkarpackie,0.15,0.15,0.1,0.15,0.1
1001,1001,Dąbrowa,72,Dolnośląskie,0.15,0.15,0.1,0.15,0.1
1002,1002,Dąbrowa,87,Zachodniopomorskie,0.15,0.15,0.1,0.15,0.1
1003,1003,Dąbrowa,73,Kujawsko-pomorskie,0.15,0.15,0.1,0.15,0.1
1004,1004,Dąbrowa,86,Wielkopolskie,0.15,0.15,0.1,0.15,0.1
1005,1005,Dąbrowa,74,Łódzkie,0.15,0.15,0.1,0.15,0.1
1006,1006,Dąbrowa,75,Lubelskie,0.15,0.15,0.1,0.15,0.1
1007,1007,Dąbrowa,80,Podkarpackie,0.15,0.15,0.1,0.15,0.1
1008,1008,Dąbrowa,83,Śląskie,0.15,0.15,0.1,0.15,0.1
1009,1009,Dąbrowa,82,Pomorskie,0.15,0.15,0.1,0.15,0.1
1010,1010,Dąbrowa,79,Opolskie,0.15,0.15,0.1,0.15,0.1
1011,1011,Dąbrowa,78,Mazowieckie,0.15,0.15,0.1,0.15,0.1
1012,1012,Dąbrowa,84,Świętokrzyskie,0.15,0.15,0.1,0.15,0.1
1013,1013,Dąbrowa,85,Warmińsko-mazurskie,0.15,0.15,0.1,0.15,0.1
1014,1014,Dąbrowa,77,Małopolskie,0.15,0.15,0.1,0.15,0.1
1015,1015,Dąbrowa,76,Lubuskie,0.15,0.15,0.1,0.15,0.1
1016,1016,Dąbrowa Białostocka,81,Podlaskie,0.15,0.15,0.1,0.15,0.1
1017,1017,Dąbrowa Biskupia,73,Kujawsko-pomorskie,0.15,0.15,0.1,0.15,0.1
1018,1018,Dąbrowa Chełmińska,73,Kujawsko-pomorskie,0.15,0.15,0.1,0.15,0.1
1019,1019,Dąbrowa Górnicza,83,Śląskie,0.15,0.15,0.1,0.15,0.1
1020,1020,Dąbrowa Tarnowska,77,Małopolskie,0.15,0.15,0.1,0.15,0.1
1021,1021,Dąbrowa Zielona,83,Śląskie,0.15,0.15,0.1,0.15,0.1
1022,1022,Dąbrowice,79,Opolskie,0.15,0.15,0.1,0.15,0.1
1023,1023,Dąbrowice,74,Łódzkie,0.15,0.15,0.1,0.15,0.1
1024,1024,Dąbrowice,78,Mazowieckie,0.15,0.15,0.1,0.15,0.1
1025,1025,Dąbrowice,73,Kujawsko-pomorskie,0.15,0.15,0.1,0.15,0.1
1026,1026,Dąbrowno,76,Lubuskie,0.15,0.15,0.1,0.15,0.1
1027,1027,Dąbrowno,83,Śląskie,0.15,0.15,0.1,0.15,0.1
1028,1028,Dąbrówka,81,Podlaskie,0.15,0.15,0.1,0.15,0.1
1029,1029,Dąbrówka,82,Pomorskie,0.15,0.15,0.1,0.15,0.1
1030,1030,Dąbrówka,80,Podkarpackie,0.15,0.15,0.1,0.15,0.1
1031,1031,Dąbrówka,78,Mazowieckie,0.15,0.15,0.1,0.15,0.1
1032,1032,Dąbrówka,79,Opolskie,0.15,0.15,0.1,0.15,0.1
1033,1033,Dąbrówka,84,Świętokrzyskie,0.15,0.15,0.1,0.15,0.1
1034,1034,Dąbrówka,86,Wielkopolskie,0.15,0.15,0.1,0.15,0.1
1035,1035,Dąbrówka,85,Warmińsko-mazurskie,0.15,0.15,0.1,0.15,0.1
1036,1036,Dąbrówka,87,Zachodniopomorskie,0.15,0.15,0.1,0.15,0.1
1037,1037,Dąbrówka,83,Śląskie,0.15,0.15,0.1,0.15,0.1
1038,1038,Dąbrówka,73,Kujawsko-pomorskie,0.15,0.15,0.1,0.15,0.1
1039,1039,Dąbrówka,74,Łódzkie,0.15,0.15,0.1,0.15,0.1
1040,1040,Dąbrówka,77,Małopolskie,0.15,0.15,0.1,0.15,0.1
1041,1041,Dąbrówka,76,Lubuskie,0.15,0.15,0.1,0.15,0.1
1042,1042,Dąbrówka,75,Lubelskie,0.15,0.15,0.1,0.15,0.1
1043,1043,Dąbrówno,85,Warmińsko-mazurskie,0.15,0.15,0.1,0.15,0.1
1044,1044,Dąbrówno,82,Pomorskie,0.15,0.15,0.1,0.15,0.1
1045,1045,Dębe,86,Wielkopolskie,0.15,0.15,0.1,0.15,0.1
1046,1046,Dębe,78,Mazowieckie,0.15,0.15,0.1,0.15,0.1
1047,1047,Dębe Wielkie,78,Mazowieckie,0.15,0.15,0.1,0.15,0.1
1048,1048,Dębica,75,Lubelskie,0.15,0.15,0.1,0.15,0.1
1049,1049,Dębica,80,Podkarpackie,0.15,0.15,0.1,0.15,0.1
1050,1050,Dębica,87,Zachodniopomorskie,0.15,0.15,0.1,0.15,0.1
1051,1051,Dęblin,75,Lubelskie,0.15,0.15,0.1,0.15,0.1
1052,1052,Dębnica Kaszubska,82,Pomorskie,0.15,0.15,0.1,0.15,0.1
1053,1053,Dębno,87,Zachodniopomorskie,0.15,0.15,0.1,0.15,0.1
1054,1054,Dębno,86,Wielkopolskie,0.15,0.15,0.1,0.15,0.1
1055,1055,Dębno,84,Świętokrzyskie,0.15,0.15,0.1,0.15,0.1
1056,1056,Dębno,80,Podkarpackie,0.15,0.15,0.1,0.15,0.1
1057,1057,Dębno,77,Małopolskie,0.15,0.15,0.1,0.15,0.1
1058,1058,Dębno,73,Kujawsko-pomorskie,0.15,0.15,0.1,0.15,0.1
1059,1059,Dębno,72,Dolnośląskie,0.15,0.15,0.1,0.15,0.1
1060,1060,Dębno Polskie,86,Wielkopolskie,0.15,0.15,0.1,0.15,0.1
1061,1061,Dębogórze,82,Pomorskie,0.15,0.15,0.1,0.15,0.1
1062,1062,Dębowa Kłoda,75,Lubelskie,0.15,0.15,0.1,0.15,0.1
1063,1063,Dębowa Łąka,73,Kujawsko-pomorskie,0.15,0.15,0.1,0.15,0.1
1064,1064,Dębowiec,73,Kujawsko-pomorskie,0.15,0.15,0.1,0.15,0.1
1065,1065,Dębowiec,72,Dolnośląskie,0.15,0.15,0.1,0.15,0.1
1066,1066,Dębowiec,86,Wielkopolskie,0.15,0.15,0.1,0.15,0.1
1067,1067,Dębowiec,74,Łódzkie,0.15,0.15,0.1,0.15,0.1
1068,1068,Dębowiec,85,Warmińsko-mazurskie,0.15,0.15,0.1,0.15,0.1
1069,1069,Dębowiec,84,Świętokrzyskie,0.15,0.15,0.1,0.15,0.1
1070,1070,Dębowiec,83,Śląskie,0.15,0.15,0.1,0.15,0.1
1071,1071,Dębowiec,75,Lubelskie,0.15,0.15,0.1,0.15,0.1
1072,1072,Dębowiec,76,Lubuskie,0.15,0.15,0.1,0.15,0.1
1073,1073,Dębowiec,79,Opolskie,0.15,0.15,0.1,0.15,0.1
1074,1074,Dębowiec,80,Podkarpackie,0.15,0.15,0.1,0.15,0.1
1075,1075,Dębowiec,82,Pomorskie,0.15,0.15,0.1,0.15,0.1
1076,1076,Dębów,72,Dolnośląskie,0.15,0.15,0.1,0.15,0.1
1077,1077,Dębów,75,Lubelskie,0.15,0.15,0.1,0.15,0.1
1078,1078,Dębów,80,Podkarpackie,0.15,0.15,0.1,0.15,0.1
1079,1079,Długie,86,Wielkopolskie,0.15,0.15,0.1,0.15,0.1
1080,1080,Długie,80,Podkarpackie,0.15,0.15,0.1,0.15,0.1
1081,1081,Długie,85,Warmińsko-mazurskie,0.15,0.15,0.1,0.15,0.1
1082,1082,Długie,82,Pomorskie,0.15,0.15,0.1,0.15,0.1
1083,1083,Długie,87,Zachodniopomorskie,0.15,0.15,0.1,0.15,0.1
1084,1084,Długie,81,Podlaskie,0.15,0.15,0.1,0.15,0.1
1085,1085,Długie,78,Mazowieckie,0.15,0.15,0.1,0.15,0.1
1086,1086,Długie,76,Lubuskie,0.15,0.15,0.1,0.15,0.1
1087,1087,Długie,73,Kujawsko-pomorskie,0.15,0.15,0.1,0.15,0.1
1088,1088,Długie,74,Łódzkie,0.15,0.15,0.1,0.15,0.1
1089,1089,Długie,75,Lubelskie,0.15,0.15,0.1,0.15,0.1
1090,1090,Długomiłowice,79,Opolskie,0.15,0.15,0.1,0.15,0.1
1091,1091,Długosiodło,78,Mazowieckie,0.15,0.15,0.1,0.15,0.1
1092,1092,Długołęka,74,Łódzkie,0.15,0.15,0.1,0.15,0.1
1093,1093,Długołęka,87,Zachodniopomorskie,0.15,0.15,0.1,0.15,0.1
1094,1094,Długołęka,86,Wielkopolskie,0.15,0.15,0.1,0.15,0.1
1095,1095,Długołęka,85,Warmińsko-mazurskie,0.15,0.15,0.1,0.15,0.1
1096,1096,Długołęka,84,Świętokrzyskie,0.15,0.15,0.1,0.15,0.1
1097,1097,Długołęka,81,Podlaskie,0.15,0.15,0.1,0.15,0.1
1098,1098,Długołęka,78,Mazowieckie,0.15,0.15,0.1,0.15,0.1
1099,1099,Długołęka,72,Dolnośląskie,0.15,0.15,0.1,0.15,0.1
1100,1100,Dłutów,74,Łódzkie,0.15,0.15,0.1,0.15,0.1
1101,1101,Dźwierzuty,85,Warmińsko-mazurskie,0.15,0.15,0.1,0.15,0.1
1102,1102,Dźwirzyno,87,Zachodniopomorskie,0.15,0.15,0.1,0.15,0.1
1103,1103,Elbląg,85,Warmińsko-mazurskie,0.15,0.15,0.1,0.15,0.1
1104,1104,Ełk,85,Warmińsko-mazurskie,0.15,0.15,0.1,0.15,0.1
1105,1105,Fabianki,73,Kujawsko-pomorskie,0.15,0.15,0.1,0.15,0.1
1106,1106,Fabianki,85,Warmińsko-mazurskie,0.15,0.15,0.1,0.15,0.1
1107,1107,Facimiech,77,Małopolskie,0.15,0.15,0.1,0.15,0.1
1108,1108,Fajsławice,75,Lubelskie,0.15,0.15,0.1,0.15,0.1
1109,1109,Fałków,84,Świętokrzyskie,0.15,0.15,0.1,0.15,0.1
1110,1110,Filipowice,77,Małopolskie,0.15,0.15,0.1,0.15,0.1
1111,1111,Filipów,74,Łódzkie,0.15,0.15,0.1,0.15,0.1
1112,1112,Filipów,81,Podlaskie,0.15,0.15,0.1,0.15,0.1
1113,1113,Firlej,74,Łódzkie,0.15,0.15,0.1,0.15,0.1
1114,1114,Firlej,75,Lubelskie,0.15,0.15,0.1,0.15,0.1
1115,1115,Frampol,75,Lubelskie,0.15,0.15,0.1,0.15,0.1
1116,1116,Franciszków,78,Mazowieckie,0.15,0.15,0.1,0.15,0.1
1117,1117,Franciszków,75,Lubelskie,0.15,0.15,0.1,0.15,0.1
1118,1118,Franciszków,74,Łódzkie,0.15,0.15,0.1,0.15,0.1
1119,1119,Fredropol,80,Podkarpackie,0.15,0.15,0.1,0.15,0.1
1120,1120,Frelichów,83,Śląskie,0.15,0.15,0.1,0.15,0.1
1121,1121,Frombork,85,Warmińsko-mazurskie,0.15,0.15,0.1,0.15,0.1
1122,1122,Frydek,83,Śląskie,0.15,0.15,0.1,0.15,0.1
1123,1123,Frydman,77,Małopolskie,0.15,0.15,0.1,0.15,0.1
1124,1124,Frydrychowice,77,Małopolskie,0.15,0.15,0.1,0.15,0.1
1125,1125,Frysztak,80,Podkarpackie,0.15,0.15,0.1,0.15,0.1
1126,1126,Gajków,72,Dolnośląskie,0.15,0.15,0.1,0.15,0.1
1127,1127,Galewice,74,Łódzkie,0.15,0.15,0.1,0.15,0.1
1128,1128,Garbatka-Letnisko,78,Mazowieckie,0.15,0.15,0.1,0.15,0.1
1129,1129,Garbów,74,Łódzkie,0.15,0.15,0.1,0.15,0.1
1130,1130,Garbów,75,Lubelskie,0.15,0.15,0.1,0.15,0.1
1131,1131,Garbów,79,Opolskie,0.15,0.15,0.1,0.15,0.1
1132,1132,Garcz,82,Pomorskie,0.15,0.15,0.1,0.15,0.1
1133,1133,Gardeja,82,Pomorskie,0.15,0.15,0.1,0.15,0.1
1134,1134,Garki,86,Wielkopolskie,0.15,0.15,0.1,0.15,0.1
1135,1135,Garwolin,78,Mazowieckie,0.15,0.15,0.1,0.15,0.1
1136,1136,Gaszowice,83,Śląskie,0.15,0.15,0.1,0.15,0.1
1137,1137,Gaszowice,72,Dolnośląskie,0.15,0.15,0.1,0.15,0.1
1138,1138,Gaworzyce,72,Dolnośląskie,0.15,0.15,0.1,0.15,0.1
1139,1139,Gawłuszowice,80,Podkarpackie,0.15,0.15,0.1,0.15,0.1
1140,1140,Gać,82,Pomorskie,0.15,0.15,0.1,0.15,0.1
1141,1141,Gać,81,Podlaskie,0.15,0.15,0.1,0.15,0.1
1142,1142,Gać,80,Podkarpackie,0.15,0.15,0.1,0.15,0.1
1143,1143,Gać,78,Mazowieckie,0.15,0.15,0.1,0.15,0.1
1144,1144,Gać,74,Łódzkie,0.15,0.15,0.1,0.15,0.1
1145,1145,Gać,73,Kujawsko-pomorskie,0.15,0.15,0.1,0.15,0.1
1146,1146,Gać,72,Dolnośląskie,0.15,0.15,0.1,0.15,0.1
1147,1147,Gać,86,Wielkopolskie,0.15,0.15,0.1,0.15,0.1
1148,1148,Gałków Duży,74,Łódzkie,0.15,0.15,0.1,0.15,0.1
1149,1149,Gałków Mały,74,Łódzkie,0.15,0.15,0.1,0.15,0.1
1150,1150,Gdańsk,82,Pomorskie,0.15,0.15,0.1,0.15,0.1
1151,1151,Gdynia,82,Pomorskie,0.15,0.15,0.1,0.15,0.1
1152,1152,Gdów,77,Małopolskie,0.15,0.15,0.1,0.15,0.1
1153,1153,Giby,81,Podlaskie,0.15,0.15,0.1,0.15,0.1
1154,1154,Gidle,74,Łódzkie,0.15,0.15,0.1,0.15,0.1
1155,1155,Giebułtów,72,Dolnośląskie,0.15,0.15,0.1,0.15,0.1
1156,1156,Giebułtów,77,Małopolskie,0.15,0.15,0.1,0.15,0.1
1157,1157,Giedlarowa,80,Podkarpackie,0.15,0.15,0.1,0.15,0.1
1158,1158,Gielniów,78,Mazowieckie,0.15,0.15,0.1,0.15,0.1
1159,1159,Gierałtowice,77,Małopolskie,0.15,0.15,0.1,0.15,0.1
1160,1160,Gierałtowice,79,Opolskie,0.15,0.15,0.1,0.15,0.1
1161,1161,Gierałtowice,83,Śląskie,0.15,0.15,0.1,0.15,0.1
1162,1162,Gierczyce,84,Świętokrzyskie,0.15,0.15,0.1,0.15,0.1
1163,1163,Gierczyce,86,Wielkopolskie,0.15,0.15,0.1,0.15,0.1
1164,1164,Gierczyce,77,Małopolskie,0.15,0.15,0.1,0.15,0.1
1165,1165,Gierzwałd,85,Warmińsko-mazurskie,0.15,0.15,0.1,0.15,0.1
1166,1166,Gierłoż,85,Warmińsko-mazurskie,0.15,0.15,0.1,0.15,0.1
1167,1167,Gietrzwałd,85,Warmińsko-mazurskie,0.15,0.15,0.1,0.15,0.1
1168,1168,Gilowice,83,Śląskie,0.15,0.15,0.1,0.15,0.1
1169,1169,Gizałki,86,Wielkopolskie,0.15,0.15,0.1,0.15,0.1
1170,1170,Giżycko,85,Warmińsko-mazurskie,0.15,0.15,0.1,0.15,0.1
1171,1171,Glinka,87,Zachodniopomorskie,0.15,0.15,0.1,0.15,0.1
1172,1172,Glinka,85,Warmińsko-mazurskie,0.15,0.15,0.1,0.15,0.1
1173,1173,Glinka,84,Świętokrzyskie,0.15,0.15,0.1,0.15,0.1
1174,1174,Glinka,83,Śląskie,0.15,0.15,0.1,0.15,0.1
1175,1175,Glinka,72,Dolnośląskie,0.15,0.15,0.1,0.15,0.1
1176,1176,Glinojeck,78,Mazowieckie,0.15,0.15,0.1,0.15,0.1
1177,1177,Glisno,76,Lubuskie,0.15,0.15,0.1,0.15,0.1
1178,1178,Gliwice,83,Śląskie,0.15,0.15,0.1,0.15,0.1
1179,1179,Gniazdów,83,Śląskie,0.15,0.15,0.1,0.15,0.1
1180,1180,Gniazdów,86,Wielkopolskie,0.15,0.15,0.1,0.15,0.1
1181,1181,Gniechowice,72,Dolnośląskie,0.15,0.15,0.1,0.15,0.1
1182,1182,Gniew,82,Pomorskie,0.15,0.15,0.1,0.15,0.1
1183,1183,Gniewino,82,Pomorskie,0.15,0.15,0.1,0.15,0.1
1184,1184,Gniewkowo,73,Kujawsko-pomorskie,0.15,0.15,0.1,0.15,0.1
1185,1185,Gniewkowo,78,Mazowieckie,0.15,0.15,0.1,0.15,0.1
1186,1186,Gniewkowo,86,Wielkopolskie,0.15,0.15,0.1,0.15,0.1
1187,1187,Gniewoszów,72,Dolnośląskie,0.15,0.15,0.1,0.15,0.1
1188,1188,Gniewoszów,78,Mazowieckie,0.15,0.15,0.1,0.15,0.1
1189,1189,Gniezno,86,Wielkopolskie,0.15,0.15,0.1,0.15,0.1
1190,1190,Gnieżdżewo,82,Pomorskie,0.15,0.15,0.1,0.15,0.1
1191,1191,Gnojnik,77,Małopolskie,0.15,0.15,0.1,0.15,0.1
1192,1192,Gnojno,73,Kujawsko-pomorskie,0.15,0.15,0.1,0.15,0.1
1193,1193,Gnojno,74,Łódzkie,0.15,0.15,0.1,0.15,0.1
1194,1194,Gnojno,75,Lubelskie,0.15,0.15,0.1,0.15,0.1
1195,1195,Gnojno,78,Mazowieckie,0.15,0.15,0.1,0.15,0.1
1196,1196,Gnojno,84,Świętokrzyskie,0.15,0.15,0.1,0.15,0.1
1197,1197,Gnojno,85,Warmińsko-mazurskie,0.15,0.15,0.1,0.15,0.1
1198,1198,Godzianów,74,Łódzkie,0.15,0.15,0.1,0.15,0.1
1199,1199,Godziesze Wielkie,86,Wielkopolskie,0.15,0.15,0.1,0.15,0.1
1200,1200,Godziszka,73,Kujawsko-pomorskie,0.15,0.15,0.1,0.15,0.1
1201,1201,Godziszka,83,Śląskie,0.15,0.15,0.1,0.15,0.1
1202,1202,Godziszów,83,Śląskie,0.15,0.15,0.1,0.15,0.1
1203,1203,Godziszów,75,Lubelskie,0.15,0.15,0.1,0.15,0.1
1204,1204,Godów,84,Świętokrzyskie,0.15,0.15,0.1,0.15,0.1
1205,1205,Godów,83,Śląskie,0.15,0.15,0.1,0.15,0.1
1206,1206,Godów,75,Lubelskie,0.15,0.15,0.1,0.15,0.1
1207,1207,Gogolin,73,Kujawsko-pomorskie,0.15,0.15,0.1,0.15,0.1
1208,1208,Gogolin,74,Łódzkie,0.15,0.15,0.1,0.15,0.1
1209,1209,Gogolin,79,Opolskie,0.15,0.15,0.1,0.15,0.1
1210,1210,Gogolin,86,Wielkopolskie,0.15,0.15,0.1,0.15,0.1
1211,1211,Gogołowa,83,Śląskie,0.15,0.15,0.1,0.15,0.1
1212,1212,Golcowa,80,Podkarpackie,0.15,0.15,0.1,0.15,0.1
1213,1213,Golczewo,87,Zachodniopomorskie,0.15,0.15,0.1,0.15,0.1
1214,1214,Goleniowy,83,Śląskie,0.15,0.15,0.1,0.15,0.1
1215,1215,Goleniów,87,Zachodniopomorskie,0.15,0.15,0.1,0.15,0.1
1216,1216,Goleszów,83,Śląskie,0.15,0.15,0.1,0.15,0.1
1217,1217,Goleszów,80,Podkarpackie,0.15,0.15,0.1,0.15,0.1
1218,1218,Golina,87,Zachodniopomorskie,0.15,0.15,0.1,0.15,0.1
1219,1219,Golina,86,Wielkopolskie,0.15,0.15,0.1,0.15,0.1
1220,1220,Golina,72,Dolnośląskie,0.15,0.15,0.1,0.15,0.1
1221,1221,Golina Wielka,86,Wielkopolskie,0.15,0.15,0.1,0.15,0.1
1222,1222,Golub-Dobrzyń,73,Kujawsko-pomorskie,0.15,0.15,0.1,0.15,0.1
1223,1223,Gomunice,74,Łódzkie,0.15,0.15,0.1,0.15,0.1
1224,1224,Goraj,75,Lubelskie,0.15,0.15,0.1,0.15,0.1
1225,1225,Goraj,76,Lubuskie,0.15,0.15,0.1,0.15,0.1
1226,1226,Goraj,82,Pomorskie,0.15,0.15,0.1,0.15,0.1
1227,1227,Goraj,86,Wielkopolskie,0.15,0.15,0.1,0.15,0.1
1228,1228,Gorenice,77,Małopolskie,0.15,0.15,0.1,0.15,0.1
1229,1229,Gorlice,77,Małopolskie,0.15,0.15,0.1,0.15,0.1
1230,1230,Gorliczyna,80,Podkarpackie,0.15,0.15,0.1,0.15,0.1
1231,1231,Gorzkowice,74,Łódzkie,0.15,0.15,0.1,0.15,0.1
1232,1232,Gorzków,84,Świętokrzyskie,0.15,0.15,0.1,0.15,0.1
1233,1233,Gorzków,77,Małopolskie,0.15,0.15,0.1,0.15,0.1
1234,1234,Gorzyce,86,Wielkopolskie,0.15,0.15,0.1,0.15,0.1
1235,1235,Gorzyce,80,Podkarpackie,0.15,0.15,0.1,0.15,0.1
1236,1236,Gorzyce,83,Śląskie,0.15,0.15,0.1,0.15,0.1
1237,1237,Gorzyce,73,Kujawsko-pomorskie,0.15,0.15,0.1,0.15,0.1
1238,1238,Gorzyce,77,Małopolskie,0.15,0.15,0.1,0.15,0.1
1239,1239,Gorzyce Wielkie,86,Wielkopolskie,0.15,0.15,0.1,0.15,0.1
1240,1240,Gorzyczki,86,Wielkopolskie,0.15,0.15,0.1,0.15,0.1
1241,1241,Gorzyczki,83,Śląskie,0.15,0.15,0.1,0.15,0.1
1242,1242,Gorzów Wielkopolski,76,Lubuskie,0.15,0.15,0.1,0.15,0.1
1243,1243,Gorzów Śląski,79,Opolskie,0.15,0.15,0.1,0.15,0.1
1244,1244,Gostycyn,73,Kujawsko-pomorskie,0.15,0.15,0.1,0.15,0.1
1245,1245,Gostynin,78,Mazowieckie,0.15,0.15,0.1,0.15,0.1
1246,1246,Gostyń,83,Śląskie,0.15,0.15,0.1,0.15,0.1
1247,1247,Gostyń,87,Zachodniopomorskie,0.15,0.15,0.1,0.15,0.1
1248,1248,Gostyń,86,Wielkopolskie,0.15,0.15,0.1,0.15,0.1
1249,1249,Gostyń,72,Dolnośląskie,0.15,0.15,0.1,0.15,0.1
1250,1250,Goszczanów,74,Łódzkie,0.15,0.15,0.1,0.15,0.1
1251,1251,Goszczyn,78,Mazowieckie,0.15,0.15,0.1,0.15,0.1
1252,1252,Gowarczów,84,Świętokrzyskie,0.15,0.15,0.1,0.15,0.1
1253,1253,Goworowo,78,Mazowieckie,0.15,0.15,0.1,0.15,0.1
1254,1254,Gozdnica,82,Pomorskie,0.15,0.15,0.1,0.15,0.1
1255,1255,Gozdnica,76,Lubuskie,0.15,0.15,0.1,0.15,0.1
1256,1256,Gozdowo,78,Mazowieckie,0.15,0.15,0.1,0.15,0.1
1257,1257,Gozdowo,86,Wielkopolskie,0.15,0.15,0.1,0.15,0.1
1258,1258,Gołańcz,86,Wielkopolskie,0.15,0.15,0.1,0.15,0.1
1259,1259,Gołdap,85,Warmińsko-mazurskie,0.15,0.15,0.1,0.15,0.1
1260,1260,Gołkowice,79,Opolskie,0.15,0.15,0.1,0.15,0.1
1261,1261,Gołkowice,83,Śląskie,0.15,0.15,0.1,0.15,0.1
1262,1262,Gołków,78,Mazowieckie,0.15,0.15,0.1,0.15,0.1
1263,1263,Gołotczyzna,78,Mazowieckie,0.15,0.15,0.1,0.15,0.1
1264,1264,Gołuchów,86,Wielkopolskie,0.15,0.15,0.1,0.15,0.1
1265,1265,Gołuchów,84,Świętokrzyskie,0.15,0.15,0.1,0.15,0.1
1266,1266,Gołymin-Ośrodek,78,Mazowieckie,0.15,0.15,0.1,0.15,0.1
1267,1267,Gościcino,82,Pomorskie,0.15,0.15,0.1,0.15,0.1
1268,1268,Gościno,87,Zachodniopomorskie,0.15,0.15,0.1,0.15,0.1
1269,1269,Grabica,74,Łódzkie,0.15,0.15,0.1,0.15,0.1
1270,1270,Graboszyce,77,Małopolskie,0.15,0.15,0.1,0.15,0.1
1271,1271,Grabowiec,82,Pomorskie,0.15,0.15,0.1,0.15,0.1
1272,1272,Grabowiec,84,Świętokrzyskie,0.15,0.15,0.1,0.15,0.1
1273,1273,Grabowiec,86,Wielkopolskie,0.15,0.15,0.1,0.15,0.1
1274,1274,Grabowiec,85,Warmińsko-mazurskie,0.15,0.15,0.1,0.15,0.1
1275,1275,Grabowiec,87,Zachodniopomorskie,0.15,0.15,0.1,0.15,0.1
1276,1276,Grabowiec,81,Podlaskie,0.15,0.15,0.1,0.15,0.1
1277,1277,Grabowiec,78,Mazowieckie,0.15,0.15,0.1,0.15,0.1
1278,1278,Grabowiec,80,Podkarpackie,0.15,0.15,0.1,0.15,0.1
1279,1279,Grabowiec,73,Kujawsko-pomorskie,0.15,0.15,0.1,0.15,0.1
1280,1280,Grabowiec,74,Łódzkie,0.15,0.15,0.1,0.15,0.1
1281,1281,Grabowiec,75,Lubelskie,0.15,0.15,0.1,0.15,0.1
1282,1282,Grabowiec,76,Lubuskie,0.15,0.15,0.1,0.15,0.1
1283,1283,Grabownica Starzeńska,80,Podkarpackie,0.15,0.15,0.1,0.15,0.1
1284,1284,Grabowo,87,Zachodniopomorskie,0.15,0.15,0.1,0.15,0.1
1285,1285,Grabowo,78,Mazowieckie,0.15,0.15,0.1,0.15,0.1
1286,1286,Grabowo,73,Kujawsko-pomorskie,0.15,0.15,0.1,0.15,0.1
1287,1287,Grabowo,85,Warmińsko-mazurskie,0.15,0.15,0.1,0.15,0.1
1288,1288,Grabowo,86,Wielkopolskie,0.15,0.15,0.1,0.15,0.1
1289,1289,Grabowo,81,Podlaskie,0.15,0.15,0.1,0.15,0.1
1290,1290,Grabowo,82,Pomorskie,0.15,0.15,0.1,0.15,0.1
1291,1291,Grabowo Kościerskie,82,Pomorskie,0.15,0.15,0.1,0.15,0.1
1292,1292,Grabowo Królewskie,86,Wielkopolskie,0.15,0.15,0.1,0.15,0.1
1293,1293,Grabów,78,Mazowieckie,0.15,0.15,0.1,0.15,0.1
1294,1294,Grabów,74,Łódzkie,0.15,0.15,0.1,0.15,0.1
1295,1295,Grabów,76,Lubuskie,0.15,0.15,0.1,0.15,0.1
1296,1296,Grabów,79,Opolskie,0.15,0.15,0.1,0.15,0.1
1297,1297,Grajewo,81,Podlaskie,0.15,0.15,0.1,0.15,0.1
1298,1298,Gralewo,76,Lubuskie,0.15,0.15,0.1,0.15,0.1
1299,1299,Gralewo,85,Warmińsko-mazurskie,0.15,0.15,0.1,0.15,0.1
1300,1300,Gralewo,86,Wielkopolskie,0.15,0.15,0.1,0.15,0.1
1301,1301,Granica,72,Dolnośląskie,0.15,0.15,0.1,0.15,0.1
1302,1302,Granica,78,Mazowieckie,0.15,0.15,0.1,0.15,0.1
1303,1303,Granica,87,Zachodniopomorskie,0.15,0.15,0.1,0.15,0.1
1304,1304,Granowo,82,Pomorskie,0.15,0.15,0.1,0.15,0.1
1305,1305,Granowo,86,Wielkopolskie,0.15,0.15,0.1,0.15,0.1
1306,1306,Granowo,87,Zachodniopomorskie,0.15,0.15,0.1,0.15,0.1
1307,1307,Grobla,86,Wielkopolskie,0.15,0.15,0.1,0.15,0.1
1308,1308,Grobla,84,Świętokrzyskie,0.15,0.15,0.1,0.15,0.1
1309,1309,Grobla,77,Małopolskie,0.15,0.15,0.1,0.15,0.1
1310,1310,Grobla,74,Łódzkie,0.15,0.15,0.1,0.15,0.1
1311,1311,Grobla,72,Dolnośląskie,0.15,0.15,0.1,0.15,0.1
1312,1312,Grodków,79,Opolskie,0.15,0.15,0.1,0.15,0.1
1313,1313,Grodków,83,Śląskie,0.15,0.15,0.1,0.15,0.1
1314,1314,Grodziczno,78,Mazowieckie,0.15,0.15,0.1,0.15,0.1
1315,1315,Grodziczno,85,Warmińsko-mazurskie,0.15,0.15,0.1,0.15,0.1
1316,1316,Grodziec,86,Wielkopolskie,0.15,0.15,0.1,0.15,0.1
1317,1317,Grodziec,83,Śląskie,0.15,0.15,0.1,0.15,0.1
1318,1318,Grodziec,82,Pomorskie,0.15,0.15,0.1,0.15,0.1
1319,1319,Grodziec,79,Opolskie,0.15,0.15,0.1,0.15,0.1
1320,1320,Grodziec,78,Mazowieckie,0.15,0.15,0.1,0.15,0.1
1321,1321,Grodziec,72,Dolnośląskie,0.15,0.15,0.1,0.15,0.1
1322,1322,Grodzisk,86,Wielkopolskie,0.15,0.15,0.1,0.15,0.1
1323,1323,Grodzisk,81,Podlaskie,0.15,0.15,0.1,0.15,0.1
1324,1324,Grodzisk,78,Mazowieckie,0.15,0.15,0.1,0.15,0.1
1325,1325,Grodzisk,76,Lubuskie,0.15,0.15,0.1,0.15,0.1
1326,1326,Grodzisk,74,Łódzkie,0.15,0.15,0.1,0.15,0.1
1327,1327,Grodzisk Mazowiecki,78,Mazowieckie,0.15,0.15,0.1,0.15,0.1
1328,1328,Grodzisk Wielkopolski,86,Wielkopolskie,0.15,0.15,0.1,0.15,0.1
1329,1329,Grodzisko Dolne,80,Podkarpackie,0.15,0.15,0.1,0.15,0.1
1330,1330,Grodzisko Górne,80,Podkarpackie,0.15,0.15,0.1,0.15,0.1
1331,1331,Grojec,83,Śląskie,0.15,0.15,0.1,0.15,0.1
1332,1332,Grojec,77,Małopolskie,0.15,0.15,0.1,0.15,0.1
1333,1333,Gromadka,72,Dolnośląskie,0.15,0.15,0.1,0.15,0.1
1334,1334,Gromnik,77,Małopolskie,0.15,0.15,0.1,0.15,0.1
1335,1335,Gromnik,87,Zachodniopomorskie,0.15,0.15,0.1,0.15,0.1
1336,1336,Gronowo Elbląskie,85,Warmińsko-mazurskie,0.15,0.15,0.1,0.15,0.1
1337,1337,Gronowo Górne,85,Warmińsko-mazurskie,0.15,0.15,0.1,0.15,0.1
1338,1338,Grudki,81,Podlaskie,0.15,0.15,0.1,0.15,0.1
1339,1339,Grudusk,78,Mazowieckie,0.15,0.15,0.1,0.15,0.1
1340,1340,Grudziądz,73,Kujawsko-pomorskie,0.15,0.15,0.1,0.15,0.1
1341,1341,Grunwald,74,Łódzkie,0.15,0.15,0.1,0.15,0.1
1342,1342,Grunwald,85,Warmińsko-mazurskie,0.15,0.15,0.1,0.15,0.1
1343,1343,Gruszów Wielki,77,Małopolskie,0.15,0.15,0.1,0.15,0.1
1344,1344,Gruta,73,Kujawsko-pomorskie,0.15,0.15,0.1,0.15,0.1
1345,1345,Grybów,77,Małopolskie,0.15,0.15,0.1,0.15,0.1
1346,1346,Gryfice,87,Zachodniopomorskie,0.15,0.15,0.1,0.15,0.1
1347,1347,Gryfino,87,Zachodniopomorskie,0.15,0.15,0.1,0.15,0.1
1348,1348,Gryfów Śląski,72,Dolnośląskie,0.15,0.15,0.1,0.15,0.1
1349,1349,Grzechynia,77,Małopolskie,0.15,0.15,0.1,0.15,0.1
1350,1350,Grzegorzew,86,Wielkopolskie,0.15,0.15,0.1,0.15,0.1
1351,1351,Grzmiąca,87,Zachodniopomorskie,0.15,0.15,0.1,0.15,0.1
1352,1352,Grzmiąca,82,Pomorskie,0.15,0.15,0.1,0.15,0.1
1353,1353,Grzmiąca,78,Mazowieckie,0.15,0.15,0.1,0.15,0.1
1354,1354,Grzmiąca,76,Lubuskie,0.15,0.15,0.1,0.15,0.1
1355,1355,Grzmiąca,74,Łódzkie,0.15,0.15,0.1,0.15,0.1
1356,1356,Grzmiąca,72,Dolnośląskie,0.15,0.15,0.1,0.15,0.1
1357,1357,Grzybowa Góra,84,Świętokrzyskie,0.15,0.15,0.1,0.15,0.1
1358,1358,Grzybowo,87,Zachodniopomorskie,0.15,0.15,0.1,0.15,0.1
1359,1359,Grzybowo,86,Wielkopolskie,0.15,0.15,0.1,0.15,0.1
1360,1360,Grzybowo,85,Warmińsko-mazurskie,0.15,0.15,0.1,0.15,0.1
1361,1361,Grzybowo,82,Pomorskie,0.15,0.15,0.1,0.15,0.1
1362,1362,Grzybowo,78,Mazowieckie,0.15,0.15,0.1,0.15,0.1
1363,1363,Grzęska,80,Podkarpackie,0.15,0.15,0.1,0.15,0.1
1364,1364,Grójec,78,Mazowieckie,0.15,0.15,0.1,0.15,0.1
1365,1365,Grójec,84,Świętokrzyskie,0.15,0.15,0.1,0.15,0.1
1366,1366,Grójec,86,Wielkopolskie,0.15,0.15,0.1,0.15,0.1
1367,1367,Grójec,73,Kujawsko-pomorskie,0.15,0.15,0.1,0.15,0.1
1368,1368,Grębków,78,Mazowieckie,0.15,0.15,0.1,0.15,0.1
1369,1369,Grębocice,72,Dolnośląskie,0.15,0.15,0.1,0.15,0.1
1370,1370,Gręboszów,77,Małopolskie,0.15,0.15,0.1,0.15,0.1
1371,1371,Gręboszów,79,Opolskie,0.15,0.15,0.1,0.15,0.1
1372,1372,Gręboszów,74,Łódzkie,0.15,0.15,0.1,0.15,0.1
1373,1373,Grębów,80,Podkarpackie,0.15,0.15,0.1,0.15,0.1
1374,1374,Grębów,86,Wielkopolskie,0.15,0.15,0.1,0.15,0.1
1375,1375,Gubin,76,Lubuskie,0.15,0.15,0.1,0.15,0.1
1376,1376,Guzów,76,Lubuskie,0.15,0.15,0.1,0.15,0.1
1377,1377,Guzów,78,Mazowieckie,0.15,0.15,0.1,0.15,0.1
1378,1378,Gwoździany,83,Śląskie,0.15,0.15,0.1,0.15,0.1
1379,1379,Gwoździec,80,Podkarpackie,0.15,0.15,0.1,0.15,0.1
1380,1380,Gwoździec,77,Małopolskie,0.15,0.15,0.1,0.15,0.1
1381,1381,Gwoźnica Górna,80,Podkarpackie,0.15,0.15,0.1,0.15,0.1
1382,1382,Gzy,78,Mazowieckie,0.15,0.15,0.1,0.15,0.1
1383,1383,Góra,74,Łódzkie,0.15,0.15,0.1,0.15,0.1
1384,1384,Góra,73,Kujawsko-pomorskie,0.15,0.15,0.1,0.15,0.1
1385,1385,Góra,72,Dolnośląskie,0.15,0.15,0.1,0.15,0.1
1386,1386,Góra,86,Wielkopolskie,0.15,0.15,0.1,0.15,0.1
1387,1387,Góra,83,Śląskie,0.15,0.15,0.1,0.15,0.1
1388,1388,Góra,85,Warmińsko-mazurskie,0.15,0.15,0.1,0.15,0.1
1389,1389,Góra,84,Świętokrzyskie,0.15,0.15,0.1,0.15,0.1
1390,1390,Góra,75,Lubelskie,0.15,0.15,0.1,0.15,0.1
1391,1391,Góra,78,Mazowieckie,0.15,0.15,0.1,0.15,0.1
1392,1392,Góra,82,Pomorskie,0.15,0.15,0.1,0.15,0.1
1393,1393,Góra,81,Podlaskie,0.15,0.15,0.1,0.15,0.1
1394,1394,Góra,79,Opolskie,0.15,0.15,0.1,0.15,0.1
1395,1395,Góra Kalwaria,78,Mazowieckie,0.15,0.15,0.1,0.15,0.1
1396,1396,Góra Włodowska,83,Śląskie,0.15,0.15,0.1,0.15,0.1
1397,1397,Góra Świętej Małgorzaty,74,Łódzkie,0.15,0.15,0.1,0.15,0.1
1398,1398,Górażdże,79,Opolskie,0.15,0.15,0.1,0.15,0.1
1399,1399,Górki,80,Podkarpackie,0.15,0.15,0.1,0.15,0.1
1400,1400,Górki,82,Pomorskie,0.15,0.15,0.1,0.15,0.1
1401,1401,Górki,87,Zachodniopomorskie,0.15,0.15,0.1,0.15,0.1
1402,1402,Górki,83,Śląskie,0.15,0.15,0.1,0.15,0.1
1403,1403,Górki,84,Świętokrzyskie,0.15,0.15,0.1,0.15,0.1
1404,1404,Górki,85,Warmińsko-mazurskie,0.15,0.15,0.1,0.15,0.1
1405,1405,Górki,86,Wielkopolskie,0.15,0.15,0.1,0.15,0.1
1406,1406,Górki,79,Opolskie,0.15,0.15,0.1,0.15,0.1
1407,1407,Górki,78,Mazowieckie,0.15,0.15,0.1,0.15,0.1
1408,1408,Górki,74,Łódzkie,0.15,0.15,0.1,0.15,0.1
1409,1409,Górki,75,Lubelskie,0.15,0.15,0.1,0.15,0.1
1410,1410,Górki,76,Lubuskie,0.15,0.15,0.1,0.15,0.1
1411,1411,Górki,73,Kujawsko-pomorskie,0.15,0.15,0.1,0.15,0.1
1412,1412,Górki Małe,74,Łódzkie,0.15,0.15,0.1,0.15,0.1
1413,1413,Górki Małe,76,Lubuskie,0.15,0.15,0.1,0.15,0.1
1414,1414,Górki Wielkie,83,Śląskie,0.15,0.15,0.1,0.15,0.1
1415,1415,Górno,84,Świętokrzyskie,0.15,0.15,0.1,0.15,0.1
1416,1416,Górno,80,Podkarpackie,0.15,0.15,0.1,0.15,0.1
1417,1417,Górno,75,Lubelskie,0.15,0.15,0.1,0.15,0.1
1418,1418,Górowo Iławeckie,85,Warmińsko-mazurskie,0.15,0.15,0.1,0.15,0.1
1419,1419,Górzno,78,Mazowieckie,0.15,0.15,0.1,0.15,0.1
1420,1420,Górzno,87,Zachodniopomorskie,0.15,0.15,0.1,0.15,0.1
1421,1421,Górzno,86,Wielkopolskie,0.15,0.15,0.1,0.15,0.1
1422,1422,Górzno,73,Kujawsko-pomorskie,0.15,0.15,0.1,0.15,0.1
1423,1423,Górzyca,76,Lubuskie,0.15,0.15,0.1,0.15,0.1
1424,1424,Górzyca,87,Zachodniopomorskie,0.15,0.15,0.1,0.15,0.1
1425,1425,Gózd,84,Świętokrzyskie,0.15,0.15,0.1,0.15,0.1
1426,1426,Gózd,80,Podkarpackie,0.15,0.15,0.1,0.15,0.1
1427,1427,Gózd,78,Mazowieckie,0.15,0.15,0.1,0.15,0.1
1428,1428,Gózd,75,Lubelskie,0.15,0.15,0.1,0.15,0.1
1429,1429,Gąbin,87,Zachodniopomorskie,0.15,0.15,0.1,0.15,0.1
1430,1430,Gąbin,73,Kujawsko-pomorskie,0.15,0.15,0.1,0.15,0.1
1431,1431,Gąbin,78,Mazowieckie,0.15,0.15,0.1,0.15,0.1
1432,1432,Gądki,86,Wielkopolskie,0.15,0.15,0.1,0.15,0.1
1433,1433,Gąsawa,73,Kujawsko-pomorskie,0.15,0.15,0.1,0.15,0.1
1434,1434,Gąsocin,78,Mazowieckie,0.15,0.15,0.1,0.15,0.1
1435,1435,Głogoczów,77,Małopolskie,0.15,0.15,0.1,0.15,0.1
1436,1436,Głogów,72,Dolnośląskie,0.15,0.15,0.1,0.15,0.1
1437,1437,Głogów,78,Mazowieckie,0.15,0.15,0.1,0.15,0.1
1438,1438,Głogów Małopolski,80,Podkarpackie,0.15,0.15,0.1,0.15,0.1
1439,1439,Głogówek,79,Opolskie,0.15,0.15,0.1,0.15,0.1
1440,1440,Głowaczów,78,Mazowieckie,0.15,0.15,0.1,0.15,0.1
1441,1441,Głowno,74,Łódzkie,0.15,0.15,0.1,0.15,0.1
1442,1442,Głubczyce,79,Opolskie,0.15,0.15,0.1,0.15,0.1
1443,1443,Głuchołazy,79,Opolskie,0.15,0.15,0.1,0.15,0.1
1444,1444,Głuchów,86,Wielkopolskie,0.15,0.15,0.1,0.15,0.1
1445,1445,Głuchów,84,Świętokrzyskie,0.15,0.15,0.1,0.15,0.1
1446,1446,Głuchów,80,Podkarpackie,0.15,0.15,0.1,0.15,0.1
1447,1447,Głuchów,78,Mazowieckie,0.15,0.15,0.1,0.15,0.1
1448,1448,Głuchów,76,Lubuskie,0.15,0.15,0.1,0.15,0.1
1449,1449,Głuchów,74,Łódzkie,0.15,0.15,0.1,0.15,0.1
1450,1450,Głuszyca,72,Dolnośląskie,0.15,0.15,0.1,0.15,0.1
1451,1451,Głuszyca,76,Lubuskie,0.15,0.15,0.1,0.15,0.1
1452,1452,Głuszyca Górna,72,Dolnośląskie,0.15,0.15,0.1,0.15,0.1
1453,1453,Główczyce,82,Pomorskie,0.15,0.15,0.1,0.15,0.1
1454,1454,Główczyce,79,Opolskie,0.15,0.15,0.1,0.15,0.1
1455,1455,Głębokie,73,Kujawsko-pomorskie,0.15,0.15,0.1,0.15,0.1
1456,1456,Głębokie,75,Lubelskie,0.15,0.15,0.1,0.15,0.1
1457,1457,Głębokie,76,Lubuskie,0.15,0.15,0.1,0.15,0.1
1458,1458,Głębokie,77,Małopolskie,0.15,0.15,0.1,0.15,0.1
1459,1459,Głębokie,80,Podkarpackie,0.15,0.15,0.1,0.15,0.1
1460,1460,Głębokie,86,Wielkopolskie,0.15,0.15,0.1,0.15,0.1
1461,1461,Głębokie,87,Zachodniopomorskie,0.15,0.15,0.1,0.15,0.1
1462,1462,Haczów,80,Podkarpackie,0.15,0.15,0.1,0.15,0.1
1463,1463,Hadle Szklarskie,80,Podkarpackie,0.15,0.15,0.1,0.15,0.1
1464,1464,Hajnówka,87,Zachodniopomorskie,0.15,0.15,0.1,0.15,0.1
1465,1465,Hajnówka,81,Podlaskie,0.15,0.15,0.1,0.15,0.1
1466,1466,Halinów,78,Mazowieckie,0.15,0.15,0.1,0.15,0.1
1467,1467,Halinów,74,Łódzkie,0.15,0.15,0.1,0.15,0.1
1468,1468,Handzlówka,80,Podkarpackie,0.15,0.15,0.1,0.15,0.1
1469,1469,Hanna,75,Lubelskie,0.15,0.15,0.1,0.15,0.1
1470,1470,Harasiuki,80,Podkarpackie,0.15,0.15,0.1,0.15,0.1
1471,1471,Harbutowice,77,Małopolskie,0.15,0.15,0.1,0.15,0.1
1472,1472,Harbutowice,83,Śląskie,0.15,0.15,0.1,0.15,0.1
1473,1473,Harkabuz,77,Małopolskie,0.15,0.15,0.1,0.15,0.1
1474,1474,Harmęże,77,Małopolskie,0.15,0.15,0.1,0.15,0.1
1475,1475,Hażlach,83,Śląskie,0.15,0.15,0.1,0.15,0.1
1476,1476,Hel,82,Pomorskie,0.15,0.15,0.1,0.15,0.1
1477,1477,Henryków,86,Wielkopolskie,0.15,0.15,0.1,0.15,0.1
1478,1478,Henryków,78,Mazowieckie,0.15,0.15,0.1,0.15,0.1
1479,1479,Henryków,84,Świętokrzyskie,0.15,0.15,0.1,0.15,0.1
1480,1480,Henryków,74,Łódzkie,0.15,0.15,0.1,0.15,0.1
1481,1481,Henryków,76,Lubuskie,0.15,0.15,0.1,0.15,0.1
1482,1482,Henryków,72,Dolnośląskie,0.15,0.15,0.1,0.15,0.1
1483,1483,Herby,83,Śląskie,0.15,0.15,0.1,0.15,0.1
1484,1484,Hornówek,73,Kujawsko-pomorskie,0.15,0.15,0.1,0.15,0.1
1485,1485,Hornówek,78,Mazowieckie,0.15,0.15,0.1,0.15,0.1
1486,1486,Horodło,75,Lubelskie,0.15,0.15,0.1,0.15,0.1
1487,1487,Horyniec-Zdrój,80,Podkarpackie,0.15,0.15,0.1,0.15,0.1
1488,1488,Hrebenne,75,Lubelskie,0.15,0.15,0.1,0.15,0.1
1489,1489,Hrubieszów,75,Lubelskie,0.15,0.15,0.1,0.15,0.1
1490,1490,Hucisko,84,Świętokrzyskie,0.15,0.15,0.1,0.15,0.1
1491,1491,Hucisko,83,Śląskie,0.15,0.15,0.1,0.15,0.1
1492,1492,Hucisko,80,Podkarpackie,0.15,0.15,0.1,0.15,0.1
1493,1493,Hucisko,74,Łódzkie,0.15,0.15,0.1,0.15,0.1
1494,1494,Hucisko,75,Lubelskie,0.15,0.15,0.1,0.15,0.1
1495,1495,Hucisko,77,Małopolskie,0.15,0.15,0.1,0.15,0.1
1496,1496,Hucisko,72,Dolnośląskie,0.15,0.15,0.1,0.15,0.1
1497,1497,Hucisko,78,Mazowieckie,0.15,0.15,0.1,0.15,0.1
1498,1498,Hucisko Nienadowskie,80,Podkarpackie,0.15,0.15,0.1,0.15,0.1
1499,1499,Humniska,80,Podkarpackie,0.15,0.15,0.1,0.15,0.1
1500,1500,Huszlew,78,Mazowieckie,0.15,0.15,0.1,0.15,0.1
1501,1501,Husów,80,Podkarpackie,0.15,0.15,0.1,0.15,0.1
1502,1502,Huta Stara B,83,Śląskie,0.15,0.15,0.1,0.15,0.1
1503,1503,Hyżne,80,Podkarpackie,0.15,0.15,0.1,0.15,0.1
1504,1504,Idzikowice,74,Łódzkie,0.15,0.15,0.1,0.15,0.1
1505,1505,Idzikowice,78,Mazowieckie,0.15,0.15,0.1,0.15,0.1
1506,1506,Idzikowice,79,Opolskie,0.15,0.15,0.1,0.15,0.1
1507,1507,Imielin,83,Śląskie,0.15,0.15,0.1,0.15,0.1
1508,1508,Imielno,86,Wielkopolskie,0.15,0.15,0.1,0.15,0.1
1509,1509,Imielno,74,Łódzkie,0.15,0.15,0.1,0.15,0.1
1510,1510,Imielno,84,Świętokrzyskie,0.15,0.15,0.1,0.15,0.1
1511,1511,Inowrocław,73,Kujawsko-pomorskie,0.15,0.15,0.1,0.15,0.1
1512,1512,Inowłódz,74,Łódzkie,0.15,0.15,0.1,0.15,0.1
1513,1513,Inwałd,77,Małopolskie,0.15,0.15,0.1,0.15,0.1
1514,1514,Irządze,72,Dolnośląskie,0.15,0.15,0.1,0.15,0.1
1515,1515,Irządze,83,Śląskie,0.15,0.15,0.1,0.15,0.1
1516,1516,Iskrzyczyn,83,Śląskie,0.15,0.15,0.1,0.15,0.1
1517,1517,Istebna,83,Śląskie,0.15,0.15,0.1,0.15,0.1
1518,1518,Iwaniska,84,Świętokrzyskie,0.15,0.15,0.1,0.15,0.1
1519,1519,Iwanowice,86,Wielkopolskie,0.15,0.15,0.1,0.15,0.1
1520,1520,Iwierzyce,80,Podkarpackie,0.15,0.15,0.1,0.15,0.1
1521,1521,Iwkowa,77,Małopolskie,0.15,0.15,0.1,0.15,0.1
1522,1522,Iwonicz-Zdrój,80,Podkarpackie,0.15,0.15,0.1,0.15,0.1
1523,1523,Izabelin,74,Łódzkie,0.15,0.15,0.1,0.15,0.1
1524,1524,Izabelin,75,Lubelskie,0.15,0.15,0.1,0.15,0.1
1525,1525,Izabelin,78,Mazowieckie,0.15,0.15,0.1,0.15,0.1
1526,1526,Izabelin,86,Wielkopolskie,0.15,0.15,0.1,0.15,0.1
1527,1527,Izabelin,81,Podlaskie,0.15,0.15,0.1,0.15,0.1
1528,1528,Izbica,82,Pomorskie,0.15,0.15,0.1,0.15,0.1
1529,1529,Izbica,78,Mazowieckie,0.15,0.15,0.1,0.15,0.1
1530,1530,Izbica Kujawska,73,Kujawsko-pomorskie,0.15,0.15,0.1,0.15,0.1
1531,1531,Izbicko,79,Opolskie,0.15,0.15,0.1,0.15,0.1
1532,1532,Izdebnik,77,Małopolskie,0.15,0.15,0.1,0.15,0.1
1533,1533,Izdebnik,78,Mazowieckie,0.15,0.15,0.1,0.15,0.1
1534,1534,Iława,79,Opolskie,0.15,0.15,0.1,0.15,0.1
1535,1535,Iława,85,Warmińsko-mazurskie,0.15,0.15,0.1,0.15,0.1
1536,1536,Iłowa,75,Lubelskie,0.15,0.15,0.1,0.15,0.1
1537,1537,Iłowa,76,Lubuskie,0.15,0.15,0.1,0.15,0.1
1538,1538,Iłów,78,Mazowieckie,0.15,0.15,0.1,0.15,0.1
1539,1539,Iłża,78,Mazowieckie,0.15,0.15,0.1,0.15,0.1
1540,1540,Ińsko,87,Zachodniopomorskie,0.15,0.15,0.1,0.15,0.1
1541,1541,Jabłonica,84,Świętokrzyskie,0.15,0.15,0.1,0.15,0.1
1542,1542,Jabłonica,78,Mazowieckie,0.15,0.15,0.1,0.15,0.1
1543,1543,Jabłonica,80,Podkarpackie,0.15,0.15,0.1,0.15,0.1
1544,1544,Jabłonica Polska,80,Podkarpackie,0.15,0.15,0.1,0.15,0.1
1545,1545,Jabłonka,85,Warmińsko-mazurskie,0.15,0.15,0.1,0.15,0.1
1546,1546,Jabłonka,86,Wielkopolskie,0.15,0.15,0.1,0.15,0.1
1547,1547,Jabłonka,80,Podkarpackie,0.15,0.15,0.1,0.15,0.1
1548,1548,Jabłonka,79,Opolskie,0.15,0.15,0.1,0.15,0.1
1549,1549,Jabłonka,77,Małopolskie,0.15,0.15,0.1,0.15,0.1
1550,1550,Jabłonka,73,Kujawsko-pomorskie,0.15,0.15,0.1,0.15,0.1
1551,1551,Jabłonna,78,Mazowieckie,0.15,0.15,0.1,0.15,0.1
1552,1552,Jabłonna,86,Wielkopolskie,0.15,0.15,0.1,0.15,0.1
1553,1553,Jabłonna,84,Świętokrzyskie,0.15,0.15,0.1,0.15,0.1
1554,1554,Jabłonna,74,Łódzkie,0.15,0.15,0.1,0.15,0.1
1555,1555,Jabłonna,82,Pomorskie,0.15,0.15,0.1,0.15,0.1
1556,1556,Jabłonna Lacka,78,Mazowieckie,0.15,0.15,0.1,0.15,0.1
1557,1557,Jabłonowo Pomorskie,73,Kujawsko-pomorskie,0.15,0.15,0.1,0.15,0.1
1558,1558,Jabłoń,75,Lubelskie,0.15,0.15,0.1,0.15,0.1
1559,1559,Jabłoń,85,Warmińsko-mazurskie,0.15,0.15,0.1,0.15,0.1
1560,1560,Jachówka,77,Małopolskie,0.15,0.15,0.1,0.15,0.1
1561,1561,Jadowniki,77,Małopolskie,0.15,0.15,0.1,0.15,0.1
1562,1562,Jadowniki,84,Świętokrzyskie,0.15,0.15,0.1,0.15,0.1
1563,1563,Jadowniki Mokre,77,Małopolskie,0.15,0.15,0.1,0.15,0.1
1564,1564,Jadów,78,Mazowieckie,0.15,0.15,0.1,0.15,0.1
1565,1565,Jagiełła,80,Podkarpackie,0.15,0.15,0.1,0.15,0.1
1566,1566,Jaktorów,78,Mazowieckie,0.15,0.15,0.1,0.15,0.1
1567,1567,Jakubowice Murowane,75,Lubelskie,0.15,0.15,0.1,0.15,0.1
1568,1568,Jakubów,78,Mazowieckie,0.15,0.15,0.1,0.15,0.1
1569,1569,Jakubów,84,Świętokrzyskie,0.15,0.15,0.1,0.15,0.1
1570,1570,Jakubów,74,Łódzkie,0.15,0.15,0.1,0.15,0.1
1571,1571,Jakubów,72,Dolnośląskie,0.15,0.15,0.1,0.15,0.1
1572,1572,Jamno,84,Świętokrzyskie,0.15,0.15,0.1,0.15,0.1
1573,1573,Jamno,83,Śląskie,0.15,0.15,0.1,0.15,0.1
1574,1574,Jamno,82,Pomorskie,0.15,0.15,0.1,0.15,0.1
1575,1575,Jamno,78,Mazowieckie,0.15,0.15,0.1,0.15,0.1
1576,1576,Jamno,76,Lubuskie,0.15,0.15,0.1,0.15,0.1
1577,1577,Jamno,74,Łódzkie,0.15,0.15,0.1,0.15,0.1
1578,1578,Janikowo,73,Kujawsko-pomorskie,0.15,0.15,0.1,0.15,0.1
1579,1579,Janikowo,78,Mazowieckie,0.15,0.15,0.1,0.15,0.1
1580,1580,Janikowo,86,Wielkopolskie,0.15,0.15,0.1,0.15,0.1
1581,1581,Janików,72,Dolnośląskie,0.15,0.15,0.1,0.15,0.1
1582,1582,Janików,76,Lubuskie,0.15,0.15,0.1,0.15,0.1
1583,1583,Janików,78,Mazowieckie,0.15,0.15,0.1,0.15,0.1
1584,1584,Janików,84,Świętokrzyskie,0.15,0.15,0.1,0.15,0.1
1585,1585,Janików,86,Wielkopolskie,0.15,0.15,0.1,0.15,0.1
1586,1586,Jankowice,74,Łódzkie,0.15,0.15,0.1,0.15,0.1
1587,1587,Jankowice,73,Kujawsko-pomorskie,0.15,0.15,0.1,0.15,0.1
1588,1588,Jankowice,72,Dolnośląskie,0.15,0.15,0.1,0.15,0.1
1589,1589,Jankowice,86,Wielkopolskie,0.15,0.15,0.1,0.15,0.1
1590,1590,Jankowice,85,Warmińsko-mazurskie,0.15,0.15,0.1,0.15,0.1
1591,1591,Jankowice,83,Śląskie,0.15,0.15,0.1,0.15,0.1
1592,1592,Jankowice,84,Świętokrzyskie,0.15,0.15,0.1,0.15,0.1
1593,1593,Jankowice,75,Lubelskie,0.15,0.15,0.1,0.15,0.1
1594,1594,Jankowice,77,Małopolskie,0.15,0.15,0.1,0.15,0.1
1595,1595,Jankowice,78,Mazowieckie,0.15,0.15,0.1,0.15,0.1
1596,1596,Jankowice,80,Podkarpackie,0.15,0.15,0.1,0.15,0.1
1597,1597,Janków Przygodzki,86,Wielkopolskie,0.15,0.15,0.1,0.15,0.1
1598,1598,Janowice,77,Małopolskie,0.15,0.15,0.1,0.15,0.1
1599,1599,Janowice,75,Lubelskie,0.15,0.15,0.1,0.15,0.1
1600,1600,Janowice,74,Łódzkie,0.15,0.15,0.1,0.15,0.1
1601,1601,Janowice,73,Kujawsko-pomorskie,0.15,0.15,0.1,0.15,0.1
1602,1602,Janowice,86,Wielkopolskie,0.15,0.15,0.1,0.15,0.1
1603,1603,Janowice,82,Pomorskie,0.15,0.15,0.1,0.15,0.1
1604,1604,Janowice,83,Śląskie,0.15,0.15,0.1,0.15,0.1
1605,1605,Janowice,84,Świętokrzyskie,0.15,0.15,0.1,0.15,0.1
1606,1606,Janowice,72,Dolnośląskie,0.15,0.15,0.1,0.15,0.1
1607,1607,Janowice Wielkie,72,Dolnośląskie,0.15,0.15,0.1,0.15,0.1
1608,1608,Janowiec,87,Zachodniopomorskie,0.15,0.15,0.1,0.15,0.1
1609,1609,Janowiec,85,Warmińsko-mazurskie,0.15,0.15,0.1,0.15,0.1
1610,1610,Janowiec,82,Pomorskie,0.15,0.15,0.1,0.15,0.1
1611,1611,Janowiec,80,Podkarpackie,0.15,0.15,0.1,0.15,0.1
1612,1612,Janowiec,76,Lubuskie,0.15,0.15,0.1,0.15,0.1
1613,1613,Janowiec,75,Lubelskie,0.15,0.15,0.1,0.15,0.1
1614,1614,Janowiec,74,Łódzkie,0.15,0.15,0.1,0.15,0.1
1615,1615,Janowiec,72,Dolnośląskie,0.15,0.15,0.1,0.15,0.1
1616,1616,Janowiec Wielkopolski,73,Kujawsko-pomorskie,0.15,0.15,0.1,0.15,0.1
1617,1617,Janowo,87,Zachodniopomorskie,0.15,0.15,0.1,0.15,0.1
1618,1618,Janowo,72,Dolnośląskie,0.15,0.15,0.1,0.15,0.1
1619,1619,Janowo,73,Kujawsko-pomorskie,0.15,0.15,0.1,0.15,0.1
1620,1620,Janowo,86,Wielkopolskie,0.15,0.15,0.1,0.15,0.1
1621,1621,Janowo,85,Warmińsko-mazurskie,0.15,0.15,0.1,0.15,0.1
1622,1622,Janowo,76,Lubuskie,0.15,0.15,0.1,0.15,0.1
1623,1623,Janowo,78,Mazowieckie,0.15,0.15,0.1,0.15,0.1
1624,1624,Janowo,82,Pomorskie,0.15,0.15,0.1,0.15,0.1
1625,1625,Janowo,81,Podlaskie,0.15,0.15,0.1,0.15,0.1
1626,1626,Jantar,82,Pomorskie,0.15,0.15,0.1,0.15,0.1
1627,1627,Januszkowice,72,Dolnośląskie,0.15,0.15,0.1,0.15,0.1
1628,1628,Januszkowice,79,Opolskie,0.15,0.15,0.1,0.15,0.1
1629,1629,Januszkowice,80,Podkarpackie,0.15,0.15,0.1,0.15,0.1
1630,1630,Januszkowice,84,Świętokrzyskie,0.15,0.15,0.1,0.15,0.1
1631,1631,Janów,74,Łódzkie,0.15,0.15,0.1,0.15,0.1
1632,1632,Janów,75,Lubelskie,0.15,0.15,0.1,0.15,0.1
1633,1633,Janów,84,Świętokrzyskie,0.15,0.15,0.1,0.15,0.1
1634,1634,Janów,78,Mazowieckie,0.15,0.15,0.1,0.15,0.1
1635,1635,Janów,86,Wielkopolskie,0.15,0.15,0.1,0.15,0.1
1636,1636,Janów,85,Warmińsko-mazurskie,0.15,0.15,0.1,0.15,0.1
1637,1637,Janów,83,Śląskie,0.15,0.15,0.1,0.15,0.1
1638,1638,Janów,81,Podlaskie,0.15,0.15,0.1,0.15,0.1
1639,1639,Janów Lubelski,75,Lubelskie,0.15,0.15,0.1,0.15,0.1
1640,1640,Janów Podlaski,75,Lubelskie,0.15,0.15,0.1,0.15,0.1
1641,1641,Jaraczewo,86,Wielkopolskie,0.15,0.15,0.1,0.15,0.1
1642,1642,Jarczów,75,Lubelskie,0.15,0.15,0.1,0.15,0.1
1643,1643,Jarocin,78,Mazowieckie,0.15,0.15,0.1,0.15,0.1
1644,1644,Jarocin,80,Podkarpackie,0.15,0.15,0.1,0.15,0.1
1645,1645,Jarocin,85,Warmińsko-mazurskie,0.15,0.15,0.1,0.15,0.1
1646,1646,Jarocin,86,Wielkopolskie,0.15,0.15,0.1,0.15,0.1
1647,1647,Jaroszowice,77,Małopolskie,0.15,0.15,0.1,0.15,0.1
1648,1648,Jarosław,80,Podkarpackie,0.15,0.15,0.1,0.15,0.1
1649,1649,Jarosław,87,Zachodniopomorskie,0.15,0.15,0.1,0.15,0.1
1650,1650,Jarosław,72,Dolnośląskie,0.15,0.15,0.1,0.15,0.1
1651,1651,Jarosławiec,75,Lubelskie,0.15,0.15,0.1,0.15,0.1
1652,1652,Jarosławiec,86,Wielkopolskie,0.15,0.15,0.1,0.15,0.1
1653,1653,Jarosławiec,87,Zachodniopomorskie,0.15,0.15,0.1,0.15,0.1
1654,1654,Jasienica,83,Śląskie,0.15,0.15,0.1,0.15,0.1
1655,1655,Jasienica,84,Świętokrzyskie,0.15,0.15,0.1,0.15,0.1
1656,1656,Jasienica,72,Dolnośląskie,0.15,0.15,0.1,0.15,0.1
1657,1657,Jasienica,75,Lubelskie,0.15,0.15,0.1,0.15,0.1
1658,1658,Jasienica,77,Małopolskie,0.15,0.15,0.1,0.15,0.1
1659,1659,Jasienica,78,Mazowieckie,0.15,0.15,0.1,0.15,0.1
1660,1660,Jasienica,76,Lubuskie,0.15,0.15,0.1,0.15,0.1
1661,1661,Jasienica Dolna,79,Opolskie,0.15,0.15,0.1,0.15,0.1
1662,1662,Jasienica Rosielna,80,Podkarpackie,0.15,0.15,0.1,0.15,0.1
1663,1663,Jasieniec,86,Wielkopolskie,0.15,0.15,0.1,0.15,0.1
1664,1664,Jasieniec,85,Warmińsko-mazurskie,0.15,0.15,0.1,0.15,0.1
1665,1665,Jasieniec,84,Świętokrzyskie,0.15,0.15,0.1,0.15,0.1
1666,1666,Jasieniec,83,Śląskie,0.15,0.15,0.1,0.15,0.1
1667,1667,Jasieniec,78,Mazowieckie,0.15,0.15,0.1,0.15,0.1
1668,1668,Jasieniec,76,Lubuskie,0.15,0.15,0.1,0.15,0.1
1669,1669,Jasieniec,75,Lubelskie,0.15,0.15,0.1,0.15,0.1
1670,1670,Jasień,74,Łódzkie,0.15,0.15,0.1,0.15,0.1
1671,1671,Jasień,86,Wielkopolskie,0.15,0.15,0.1,0.15,0.1
1672,1672,Jasień,76,Lubuskie,0.15,0.15,0.1,0.15,0.1
1673,1673,Jasień,78,Mazowieckie,0.15,0.15,0.1,0.15,0.1
1674,1674,Jasień,82,Pomorskie,0.15,0.15,0.1,0.15,0.1
1675,1675,Jasień,84,Świętokrzyskie,0.15,0.15,0.1,0.15,0.1
1676,1676,Jasień,77,Małopolskie,0.15,0.15,0.1,0.15,0.1
1677,1677,Jasień,73,Kujawsko-pomorskie,0.15,0.15,0.1,0.15,0.1
1678,1678,Jasionów,76,Lubuskie,0.15,0.15,0.1,0.15,0.1
1679,1679,Jasionów,80,Podkarpackie,0.15,0.15,0.1,0.15,0.1
1680,1680,Jasionówka,81,Podlaskie,0.15,0.15,0.1,0.15,0.1
1681,1681,Jastarnia,82,Pomorskie,0.15,0.15,0.1,0.15,0.1
1682,1682,Jastków,84,Świętokrzyskie,0.15,0.15,0.1,0.15,0.1
1683,1683,Jastków,75,Lubelskie,0.15,0.15,0.1,0.15,0.1
1684,1684,Jastrowie,86,Wielkopolskie,0.15,0.15,0.1,0.15,0.1
1685,1685,Jastrząb,78,Mazowieckie,0.15,0.15,0.1,0.15,0.1
1686,1686,Jastrząb,83,Śląskie,0.15,0.15,0.1,0.15,0.1
1687,1687,Jastrzębia,78,Mazowieckie,0.15,0.15,0.1,0.15,0.1
1688,1688,Jastrzębia,84,Świętokrzyskie,0.15,0.15,0.1,0.15,0.1
1689,1689,Jastrzębia,72,Dolnośląskie,0.15,0.15,0.1,0.15,0.1
1690,1690,Jastrzębia,74,Łódzkie,0.15,0.15,0.1,0.15,0.1
1691,1691,Jastrzębia,77,Małopolskie,0.15,0.15,0.1,0.15,0.1
1692,1692,Jastrzębia Góra,82,Pomorskie,0.15,0.15,0.1,0.15,0.1
1693,1693,Jastrzębie,83,Śląskie,0.15,0.15,0.1,0.15,0.1
1694,1694,Jastrzębie,82,Pomorskie,0.15,0.15,0.1,0.15,0.1
1695,1695,Jastrzębie,78,Mazowieckie,0.15,0.15,0.1,0.15,0.1
1696,1696,Jastrzębie,79,Opolskie,0.15,0.15,0.1,0.15,0.1
1697,1697,Jastrzębie,73,Kujawsko-pomorskie,0.15,0.15,0.1,0.15,0.1
1698,1698,Jastrzębie,77,Małopolskie,0.15,0.15,0.1,0.15,0.1
1699,1699,Jasło,80,Podkarpackie,0.15,0.15,0.1,0.15,0.1
1700,1700,Jawor,72,Dolnośląskie,0.15,0.15,0.1,0.15,0.1
1701,1701,Jawor,74,Łódzkie,0.15,0.15,0.1,0.15,0.1
1702,1702,Jawornik,77,Małopolskie,0.15,0.15,0.1,0.15,0.1
1703,1703,Jawornik,80,Podkarpackie,0.15,0.15,0.1,0.15,0.1
1704,1704,Jawornik Polski,80,Podkarpackie,0.15,0.15,0.1,0.15,0.1
1705,1705,Jaworowa,78,Mazowieckie,0.15,0.15,0.1,0.15,0.1
1706,1706,Jaworsko,77,Małopolskie,0.15,0.15,0.1,0.15,0.1
1707,1707,Jaworze,87,Zachodniopomorskie,0.15,0.15,0.1,0.15,0.1
1708,1708,Jaworze,84,Świętokrzyskie,0.15,0.15,0.1,0.15,0.1
1709,1709,Jaworze,73,Kujawsko-pomorskie,0.15,0.15,0.1,0.15,0.1
1710,1710,Jaworze,80,Podkarpackie,0.15,0.15,0.1,0.15,0.1
1711,1711,Jaworze,83,Śląskie,0.15,0.15,0.1,0.15,0.1
1712,1712,Jaworznik,83,Śląskie,0.15,0.15,0.1,0.15,0.1
1713,1713,Jaworzno,83,Śląskie,0.15,0.15,0.1,0.15,0.1
1714,1714,Jaworzno,79,Opolskie,0.15,0.15,0.1,0.15,0.1
1715,1715,Jaworzyna Śląska,72,Dolnośląskie,0.15,0.15,0.1,0.15,0.1
1716,1716,Jaworzynka,83,Śląskie,0.15,0.15,0.1,0.15,0.1
1717,1717,Jazgarzew,78,Mazowieckie,0.15,0.15,0.1,0.15,0.1
1718,1718,Jaśliska,80,Podkarpackie,0.15,0.15,0.1,0.15,0.1
1719,1719,Jaświły,81,Podlaskie,0.15,0.15,0.1,0.15,0.1
1720,1720,Jedlicze,80,Podkarpackie,0.15,0.15,0.1,0.15,0.1
1721,1721,Jedlina-Zdrój,72,Dolnośląskie,0.15,0.15,0.1,0.15,0.1
1722,1722,Jedlińsk,78,Mazowieckie,0.15,0.15,0.1,0.15,0.1
1723,1723,Jedlnia-Letnisko,78,Mazowieckie,0.15,0.15,0.1,0.15,0.1
1724,1724,Jednorożec,78,Mazowieckie,0.15,0.15,0.1,0.15,0.1
1725,1725,Jedwabne,81,Podlaskie,0.15,0.15,0.1,0.15,0.1
1726,1726,Jedwabno,73,Kujawsko-pomorskie,0.15,0.15,0.1,0.15,0.1
1727,1727,Jedwabno,85,Warmińsko-mazurskie,0.15,0.15,0.1,0.15,0.1
1728,1728,Jejkowice,83,Śląskie,0.15,0.15,0.1,0.15,0.1
1729,1729,Jelenia Góra,72,Dolnośląskie,0.15,0.15,0.1,0.15,0.1
1730,1730,Jelenia Góra,73,Kujawsko-pomorskie,0.15,0.15,0.1,0.15,0.1
1731,1731,Jelenia Góra,81,Podlaskie,0.15,0.15,0.1,0.15,0.1
1732,1732,Jeleniewo,81,Podlaskie,0.15,0.15,0.1,0.15,0.1
1733,1733,Jeleśnia,83,Śląskie,0.15,0.15,0.1,0.15,0.1
1734,1734,Jemielnica,79,Opolskie,0.15,0.15,0.1,0.15,0.1
1735,1735,Jemielno,72,Dolnośląskie,0.15,0.15,0.1,0.15,0.1
1736,1736,Jenin,76,Lubuskie,0.15,0.15,0.1,0.15,0.1
1737,1737,Jerzmanowa,72,Dolnośląskie,0.15,0.15,0.1,0.15,0.1
1738,1738,Jerzmanowice,72,Dolnośląskie,0.15,0.15,0.1,0.15,0.1
1739,1739,Jerzmanowice,77,Małopolskie,0.15,0.15,0.1,0.15,0.1
1740,1740,Jesionka,76,Lubuskie,0.15,0.15,0.1,0.15,0.1
1741,1741,Jesionka,78,Mazowieckie,0.15,0.15,0.1,0.15,0.1
1742,1742,Jesionka,86,Wielkopolskie,0.15,0.15,0.1,0.15,0.1
1743,1743,Jeziora Wielkie,73,Kujawsko-pomorskie,0.15,0.15,0.1,0.15,0.1
1744,1744,Jeziorany,85,Warmińsko-mazurskie,0.15,0.15,0.1,0.15,0.1
1745,1745,Jeziorzany,78,Mazowieckie,0.15,0.15,0.1,0.15,0.1
1746,1746,Jeziorzany,77,Małopolskie,0.15,0.15,0.1,0.15,0.1
1747,1747,Jeziorzany,75,Lubelskie,0.15,0.15,0.1,0.15,0.1
1748,1748,Jeżewo,87,Zachodniopomorskie,0.15,0.15,0.1,0.15,0.1
1749,1749,Jeżewo,86,Wielkopolskie,0.15,0.15,0.1,0.15,0.1
1750,1750,Jeżewo,85,Warmińsko-mazurskie,0.15,0.15,0.1,0.15,0.1
1751,1751,Jeżewo,82,Pomorskie,0.15,0.15,0.1,0.15,0.1
1752,1752,Jeżewo,78,Mazowieckie,0.15,0.15,0.1,0.15,0.1
1753,1753,Jeżewo,74,Łódzkie,0.15,0.15,0.1,0.15,0.1
1754,1754,Jeżewo,73,Kujawsko-pomorskie,0.15,0.15,0.1,0.15,0.1
1755,1755,Jeżowe,80,Podkarpackie,0.15,0.15,0.1,0.15,0.1
1756,1756,Jeżów,84,Świętokrzyskie,0.15,0.15,0.1,0.15,0.1
1757,1757,Jeżów,74,Łódzkie,0.15,0.15,0.1,0.15,0.1
1758,1758,Jeżów,75,Lubelskie,0.15,0.15,0.1,0.15,0.1
1759,1759,Jeżów Sudecki,72,Dolnośląskie,0.15,0.15,0.1,0.15,0.1
1760,1760,Jodłowa,80,Podkarpackie,0.15,0.15,0.1,0.15,0.1
1761,1761,Jodłownik,77,Małopolskie,0.15,0.15,0.1,0.15,0.1
1762,1762,Jodłówka,77,Małopolskie,0.15,0.15,0.1,0.15,0.1
1763,1763,Jodłówka,80,Podkarpackie,0.15,0.15,0.1,0.15,0.1
1764,1764,Jodłówka,82,Pomorskie,0.15,0.15,0.1,0.15,0.1
1765,1765,Jodłówka-Wałki,77,Małopolskie,0.15,0.15,0.1,0.15,0.1
1766,1766,Joniec,78,Mazowieckie,0.15,0.15,0.1,0.15,0.1
1767,1767,Jonkowo,85,Warmińsko-mazurskie,0.15,0.15,0.1,0.15,0.1
1768,1768,Jordanów,78,Mazowieckie,0.15,0.15,0.1,0.15,0.1
1769,1769,Jordanów,77,Małopolskie,0.15,0.15,0.1,0.15,0.1
1770,1770,Jordanów,74,Łódzkie,0.15,0.15,0.1,0.15,0.1
1771,1771,Jordanów Śląski,72,Dolnośląskie,0.15,0.15,0.1,0.15,0.1
1772,1772,Juszczyn,72,Dolnośląskie,0.15,0.15,0.1,0.15,0.1
1773,1773,Juszczyn,77,Małopolskie,0.15,0.15,0.1,0.15,0.1
1774,1774,Juszczyna,83,Śląskie,0.15,0.15,0.1,0.15,0.1
1775,1775,Juszkowo,82,Pomorskie,0.15,0.15,0.1,0.15,0.1
1776,1776,Jutrosin,87,Zachodniopomorskie,0.15,0.15,0.1,0.15,0.1
1777,1777,Jutrosin,86,Wielkopolskie,0.15,0.15,0.1,0.15,0.1
1778,1778,Józefosław,78,Mazowieckie,0.15,0.15,0.1,0.15,0.1
1779,1779,Józefów,86,Wielkopolskie,0.15,0.15,0.1,0.15,0.1
1780,1780,Józefów,74,Łódzkie,0.15,0.15,0.1,0.15,0.1
1781,1781,Józefów,83,Śląskie,0.15,0.15,0.1,0.15,0.1
1782,1782,Józefów,78,Mazowieckie,0.15,0.15,0.1,0.15,0.1
1783,1783,Józefów,79,Opolskie,0.15,0.15,0.1,0.15,0.1
1784,1784,Józefów,80,Podkarpackie,0.15,0.15,0.1,0.15,0.1
1785,1785,Józefów,75,Lubelskie,0.15,0.15,0.1,0.15,0.1
1786,1786,Józefów,76,Lubuskie,0.15,0.15,0.1,0.15,0.1
1787,1787,Jędrzejów,79,Opolskie,0.15,0.15,0.1,0.15,0.1
1788,1788,Jędrzejów,84,Świętokrzyskie,0.15,0.15,0.1,0.15,0.1
1789,1789,Jędrzychowice,76,Lubuskie,0.15,0.15,0.1,0.15,0.1
1790,1790,Jędrzychowice,72,Dolnośląskie,0.15,0.15,0.1,0.15,0.1
1791,1791,Kaczory,78,Mazowieckie,0.15,0.15,0.1,0.15,0.1
1792,1792,Kaczory,85,Warmińsko-mazurskie,0.15,0.15,0.1,0.15,0.1
1793,1793,Kaczory,86,Wielkopolskie,0.15,0.15,0.1,0.15,0.1
1794,1794,Kaczyce,72,Dolnośląskie,0.15,0.15,0.1,0.15,0.1
1795,1795,Kaczyce,83,Śląskie,0.15,0.15,0.1,0.15,0.1
1796,1796,Kaczyce,84,Świętokrzyskie,0.15,0.15,0.1,0.15,0.1
1797,1797,Kadzidło,78,Mazowieckie,0.15,0.15,0.1,0.15,0.1
1798,1798,Kalej,83,Śląskie,0.15,0.15,0.1,0.15,0.1
1799,1799,Kalety,83,Śląskie,0.15,0.15,0.1,0.15,0.1
1800,1800,Kalety,74,Łódzkie,0.15,0.15,0.1,0.15,0.1
1801,1801,Kalety,77,Małopolskie,0.15,0.15,0.1,0.15,0.1
1802,1802,Kalinowo,85,Warmińsko-mazurskie,0.15,0.15,0.1,0.15,0.1
1803,1803,Kalinowo,76,Lubuskie,0.15,0.15,0.1,0.15,0.1
1804,1804,Kalinowo,78,Mazowieckie,0.15,0.15,0.1,0.15,0.1
1805,1805,Kalinowo,81,Podlaskie,0.15,0.15,0.1,0.15,0.1
1806,1806,Kaliska,78,Mazowieckie,0.15,0.15,0.1,0.15,0.1
1807,1807,Kaliska,82,Pomorskie,0.15,0.15,0.1,0.15,0.1
1808,1808,Kaliska,86,Wielkopolskie,0.15,0.15,0.1,0.15,0.1
1809,1809,Kaliska,87,Zachodniopomorskie,0.15,0.15,0.1,0.15,0.1
1810,1810,Kaliska,76,Lubuskie,0.15,0.15,0.1,0.15,0.1
1811,1811,Kaliska,73,Kujawsko-pomorskie,0.15,0.15,0.1,0.15,0.1
1812,1812,Kalisz,78,Mazowieckie,0.15,0.15,0.1,0.15,0.1
1813,1813,Kalisz,82,Pomorskie,0.15,0.15,0.1,0.15,0.1
1814,1814,Kalisz,86,Wielkopolskie,0.15,0.15,0.1,0.15,0.1
1815,1815,Kalisz Pomorski,87,Zachodniopomorskie,0.15,0.15,0.1,0.15,0.1
1816,1816,Kalwaria Zebrzydowska,77,Małopolskie,0.15,0.15,0.1,0.15,0.1
1817,1817,Kamesznica,83,Śląskie,0.15,0.15,0.1,0.15,0.1
1818,1818,Kamienica,73,Kujawsko-pomorskie,0.15,0.15,0.1,0.15,0.1
1819,1819,Kamienica,77,Małopolskie,0.15,0.15,0.1,0.15,0.1
1820,1820,Kamienica,78,Mazowieckie,0.15,0.15,0.1,0.15,0.1
1821,1821,Kamienica,79,Opolskie,0.15,0.15,0.1,0.15,0.1
1822,1822,Kamienica,81,Podlaskie,0.15,0.15,0.1,0.15,0.1
1823,1823,Kamienica,83,Śląskie,0.15,0.15,0.1,0.15,0.1
1824,1824,Kamienica,86,Wielkopolskie,0.15,0.15,0.1,0.15,0.1
1825,1825,Kamienica,72,Dolnośląskie,0.15,0.15,0.1,0.15,0.1
1826,1826,Kamienica Polska,83,Śląskie,0.15,0.15,0.1,0.15,0.1
1827,1827,Kamieniec,87,Zachodniopomorskie,0.15,0.15,0.1,0.15,0.1
1828,1828,Kamieniec,86,Wielkopolskie,0.15,0.15,0.1,0.15,0.1
1829,1829,Kamieniec,85,Warmińsko-mazurskie,0.15,0.15,0.1,0.15,0.1
1830,1830,Kamieniec,84,Świętokrzyskie,0.15,0.15,0.1,0.15,0.1
1831,1831,Kamieniec,72,Dolnośląskie,0.15,0.15,0.1,0.15,0.1
1832,1832,Kamieniec,82,Pomorskie,0.15,0.15,0.1,0.15,0.1
1833,1833,Kamieniec,80,Podkarpackie,0.15,0.15,0.1,0.15,0.1
1834,1834,Kamieniec,78,Mazowieckie,0.15,0.15,0.1,0.15,0.1
1835,1835,Kamieniec,74,Łódzkie,0.15,0.15,0.1,0.15,0.1
1836,1836,Kamieniec,73,Kujawsko-pomorskie,0.15,0.15,0.1,0.15,0.1
1837,1837,Kamieniec,83,Śląskie,0.15,0.15,0.1,0.15,0.1
1838,1838,Kamieniec Wrocławski,72,Dolnośląskie,0.15,0.15,0.1,0.15,0.1
1839,1839,Kamieniec Ząbkowicki,72,Dolnośląskie,0.15,0.15,0.1,0.15,0.1
1840,1840,Kamienna Góra,84,Świętokrzyskie,0.15,0.15,0.1,0.15,0.1
1841,1841,Kamienna Góra,87,Zachodniopomorskie,0.15,0.15,0.1,0.15,0.1
1842,1842,Kamienna Góra,75,Lubelskie,0.15,0.15,0.1,0.15,0.1
1843,1843,Kamienna Góra,79,Opolskie,0.15,0.15,0.1,0.15,0.1
1844,1844,Kamienna Góra,72,Dolnośląskie,0.15,0.15,0.1,0.15,0.1
1845,1845,Kamienna Góra,82,Pomorskie,0.15,0.15,0.1,0.15,0.1
1846,1846,Kamiennik,79,Opolskie,0.15,0.15,0.1,0.15,0.1
1847,1847,Kamiennik,86,Wielkopolskie,0.15,0.15,0.1,0.15,0.1
1848,1848,Kamiennik Wielki,85,Warmińsko-mazurskie,0.15,0.15,0.1,0.15,0.1
1849,1849,Kamień,74,Łódzkie,0.15,0.15,0.1,0.15,0.1
1850,1850,Kamień,73,Kujawsko-pomorskie,0.15,0.15,0.1,0.15,0.1
1851,1851,Kamień,72,Dolnośląskie,0.15,0.15,0.1,0.15,0.1
1852,1852,Kamień,86,Wielkopolskie,0.15,0.15,0.1,0.15,0.1
1853,1853,Kamień,85,Warmińsko-mazurskie,0.15,0.15,0.1,0.15,0.1
1854,1854,Kamień,82,Pomorskie,0.15,0.15,0.1,0.15,0.1
1855,1855,Kamień,81,Podlaskie,0.15,0.15,0.1,0.15,0.1
1856,1856,Kamień,75,Lubelskie,0.15,0.15,0.1,0.15,0.1
1857,1857,Kamień,80,Podkarpackie,0.15,0.15,0.1,0.15,0.1
1858,1858,Kamień,78,Mazowieckie,0.15,0.15,0.1,0.15,0.1
1859,1859,Kamień,77,Małopolskie,0.15,0.15,0.1,0.15,0.1
1860,1860,Kamień,76,Lubuskie,0.15,0.15,0.1,0.15,0.1
1861,1861,Kamień Krajeński,73,Kujawsko-pomorskie,0.15,0.15,0.1,0.15,0.1
1862,1862,Kamień Pomorski,87,Zachodniopomorskie,0.15,0.15,0.1,0.15,0.1
1863,1863,Kamieńsk,74,Łódzkie,0.15,0.15,0.1,0.15,0.1
1864,1864,Kamionka,78,Mazowieckie,0.15,0.15,0.1,0.15,0.1
1865,1865,Kamionka,77,Małopolskie,0.15,0.15,0.1,0.15,0.1
1866,1866,Kamionka,73,Kujawsko-pomorskie,0.15,0.15,0.1,0.15,0.1
1867,1867,Kamionka,76,Lubuskie,0.15,0.15,0.1,0.15,0.1
1868,1868,Kamionka,75,Lubelskie,0.15,0.15,0.1,0.15,0.1
1869,1869,Kamionka,74,Łódzkie,0.15,0.15,0.1,0.15,0.1
1870,1870,Kamionka,79,Opolskie,0.15,0.15,0.1,0.15,0.1
1871,1871,Kamionka,87,Zachodniopomorskie,0.15,0.15,0.1,0.15,0.1
1872,1872,Kamionka,80,Podkarpackie,0.15,0.15,0.1,0.15,0.1
1873,1873,Kamionka,72,Dolnośląskie,0.15,0.15,0.1,0.15,0.1
1874,1874,Kamionka,86,Wielkopolskie,0.15,0.15,0.1,0.15,0.1
1875,1875,Kamionka,85,Warmińsko-mazurskie,0.15,0.15,0.1,0.15,0.1
1876,1876,Kamionka,84,Świętokrzyskie,0.15,0.15,0.1,0.15,0.1
1877,1877,Kamionka,82,Pomorskie,0.15,0.15,0.1,0.15,0.1
1878,1878,Kamionka,81,Podlaskie,0.15,0.15,0.1,0.15,0.1
1879,1879,Kamionka Wielka,77,Małopolskie,0.15,0.15,0.1,0.15,0.1
1880,1880,Kampinos,78,Mazowieckie,0.15,0.15,0.1,0.15,0.1
1881,1881,Kamyk,83,Śląskie,0.15,0.15,0.1,0.15,0.1
1882,1882,Kamyk,78,Mazowieckie,0.15,0.15,0.1,0.15,0.1
1883,1883,Kamyk,74,Łódzkie,0.15,0.15,0.1,0.15,0.1
1884,1884,Kamyk,77,Małopolskie,0.15,0.15,0.1,0.15,0.1
1885,1885,Kanie,75,Lubelskie,0.15,0.15,0.1,0.15,0.1
1886,1886,Kanie,78,Mazowieckie,0.15,0.15,0.1,0.15,0.1
1887,1887,Kaniów,76,Lubuskie,0.15,0.15,0.1,0.15,0.1
1888,1888,Kaniów,79,Opolskie,0.15,0.15,0.1,0.15,0.1
1889,1889,Kaniów,83,Śląskie,0.15,0.15,0.1,0.15,0.1
1890,1890,Kaniów,84,Świętokrzyskie,0.15,0.15,0.1,0.15,0.1
1891,1891,Karczew,78,Mazowieckie,0.15,0.15,0.1,0.15,0.1
1892,1892,Karczów,74,Łódzkie,0.15,0.15,0.1,0.15,0.1
1893,1893,Karczów,79,Opolskie,0.15,0.15,0.1,0.15,0.1
1894,1894,Kargowa,76,Lubuskie,0.15,0.15,0.1,0.15,0.1
1895,1895,Karlino,87,Zachodniopomorskie,0.15,0.15,0.1,0.15,0.1
1896,1896,Karnice,72,Dolnośląskie,0.15,0.15,0.1,0.15,0.1
1897,1897,Karnice,74,Łódzkie,0.15,0.15,0.1,0.15,0.1
1898,1898,Karnice,78,Mazowieckie,0.15,0.15,0.1,0.15,0.1
1899,1899,Karnice,87,Zachodniopomorskie,0.15,0.15,0.1,0.15,0.1
1900,1900,Karniewo,78,Mazowieckie,0.15,0.15,0.1,0.15,0.1
1901,1901,Karniowice,77,Małopolskie,0.15,0.15,0.1,0.15,0.1
1902,1902,Karpacz,72,Dolnośląskie,0.15,0.15,0.1,0.15,0.1
1903,1903,Karsin,82,Pomorskie,0.15,0.15,0.1,0.15,0.1
1904,1904,Karsin,87,Zachodniopomorskie,0.15,0.15,0.1,0.15,0.1
1905,1905,Kartuzy,82,Pomorskie,0.15,0.15,0.1,0.15,0.1
1906,1906,Karwia,82,Pomorskie,0.15,0.15,0.1,0.15,0.1
1907,1907,Karwodrza,77,Małopolskie,0.15,0.15,0.1,0.15,0.1
1908,1908,Karłowice,72,Dolnośląskie,0.15,0.15,0.1,0.15,0.1
1909,1909,Karłowice,79,Opolskie,0.15,0.15,0.1,0.15,0.1
1910,1910,Karłowice,86,Wielkopolskie,0.15,0.15,0.1,0.15,0.1
1911,1911,Kasina Wielka,77,Małopolskie,0.15,0.15,0.1,0.15,0.1
1912,1912,Kaszów,77,Małopolskie,0.15,0.15,0.1,0.15,0.1
1913,1913,Kaszów,78,Mazowieckie,0.15,0.15,0.1,0.15,0.1
1914,1914,Katowice,83,Śląskie,0.15,0.15,0.1,0.15,0.1
1915,1915,Kawęczyn,74,Łódzkie,0.15,0.15,0.1,0.15,0.1
1916,1916,Kawęczyn,73,Kujawsko-pomorskie,0.15,0.15,0.1,0.15,0.1
1917,1917,Kawęczyn,86,Wielkopolskie,0.15,0.15,0.1,0.15,0.1
1918,1918,Kawęczyn,84,Świętokrzyskie,0.15,0.15,0.1,0.15,0.1
1919,1919,Kawęczyn,80,Podkarpackie,0.15,0.15,0.1,0.15,0.1
1920,1920,Kawęczyn,78,Mazowieckie,0.15,0.15,0.1,0.15,0.1
1921,1921,Kawęczyn,75,Lubelskie,0.15,0.15,0.1,0.15,0.1
1922,1922,Kazanów,72,Dolnośląskie,0.15,0.15,0.1,0.15,0.1
1923,1923,Kazanów,78,Mazowieckie,0.15,0.15,0.1,0.15,0.1
1924,1924,Kazimierz,82,Pomorskie,0.15,0.15,0.1,0.15,0.1
1925,1925,Kazimierz,87,Zachodniopomorskie,0.15,0.15,0.1,0.15,0.1
1926,1926,Kazimierz,74,Łódzkie,0.15,0.15,0.1,0.15,0.1
1927,1927,Kazimierz,79,Opolskie,0.15,0.15,0.1,0.15,0.1
1928,1928,Kazimierz Biskupi,86,Wielkopolskie,0.15,0.15,0.1,0.15,0.1
1929,1929,Kazimierz Dolny,75,Lubelskie,0.15,0.15,0.1,0.15,0.1
1930,1930,Kazimierza Wielka,84,Świętokrzyskie,0.15,0.15,0.1,0.15,0.1
1931,1931,Kałuszyn,78,Mazowieckie,0.15,0.15,0.1,0.15,0.1
1932,1932,Kańczuga,80,Podkarpackie,0.15,0.15,0.1,0.15,0.1
1933,1933,Kaźmierz,86,Wielkopolskie,0.15,0.15,0.1,0.15,0.1
1934,1934,Kcynia,73,Kujawsko-pomorskie,0.15,0.15,0.1,0.15,0.1
1935,1935,Kiczyce,83,Śląskie,0.15,0.15,0.1,0.15,0.1
1936,1936,Kielanówka,80,Podkarpackie,0.15,0.15,0.1,0.15,0.1
1937,1937,Kielce,84,Świętokrzyskie,0.15,0.15,0.1,0.15,0.1
1938,1938,Kiernozia,74,Łódzkie,0.15,0.15,0.1,0.15,0.1
1939,1939,Kietrz,79,Opolskie,0.15,0.15,0.1,0.15,0.1
1940,1940,Kiełczygłów,74,Łódzkie,0.15,0.15,0.1,0.15,0.1
1941,1941,Kiełczów,72,Dolnośląskie,0.15,0.15,0.1,0.15,0.1
1942,1942,Kiełpin,73,Kujawsko-pomorskie,0.15,0.15,0.1,0.15,0.1
1943,1943,Kiełpin,76,Lubuskie,0.15,0.15,0.1,0.15,0.1
1944,1944,Kiełpin,78,Mazowieckie,0.15,0.15,0.1,0.15,0.1
1945,1945,Kiełpin,82,Pomorskie,0.15,0.15,0.1,0.15,0.1
1946,1946,Kiełpin,86,Wielkopolskie,0.15,0.15,0.1,0.15,0.1
1947,1947,Kiełpin,87,Zachodniopomorskie,0.15,0.15,0.1,0.15,0.1
1948,1948,Kije,87,Zachodniopomorskie,0.15,0.15,0.1,0.15,0.1
1949,1949,Kije,85,Warmińsko-mazurskie,0.15,0.15,0.1,0.15,0.1
1950,1950,Kije,84,Świętokrzyskie,0.15,0.15,0.1,0.15,0.1
1951,1951,Kije,76,Lubuskie,0.15,0.15,0.1,0.15,0.1
1952,1952,Kije,74,Łódzkie,0.15,0.15,0.1,0.15,0.1
1953,1953,Kikół,73,Kujawsko-pomorskie,0.15,0.15,0.1,0.15,0.1
1954,1954,Kisielice,85,Warmińsko-mazurskie,0.15,0.15,0.1,0.15,0.1
1955,1955,Kiszkowo,87,Zachodniopomorskie,0.15,0.15,0.1,0.15,0.1
1956,1956,Kiszkowo,86,Wielkopolskie,0.15,0.15,0.1,0.15,0.1
1957,1957,Klecza Dolna,77,Małopolskie,0.15,0.15,0.1,0.15,0.1
1958,1958,Klecza Górna,77,Małopolskie,0.15,0.15,0.1,0.15,0.1
1959,1959,Kleczew,86,Wielkopolskie,0.15,0.15,0.1,0.15,0.1
1960,1960,Klembów,78,Mazowieckie,0.15,0.15,0.1,0.15,0.1
1961,1961,Klenica,76,Lubuskie,0.15,0.15,0.1,0.15,0.1
1962,1962,Kleszczele,81,Podlaskie,0.15,0.15,0.1,0.15,0.1
1963,1963,Kleszczewo,85,Warmińsko-mazurskie,0.15,0.15,0.1,0.15,0.1
1964,1964,Kleszczewo,86,Wielkopolskie,0.15,0.15,0.1,0.15,0.1
1965,1965,Kleszczewo,82,Pomorskie,0.15,0.15,0.1,0.15,0.1
1966,1966,Kleszczewo,76,Lubuskie,0.15,0.15,0.1,0.15,0.1
1967,1967,Kleszczów,74,Łódzkie,0.15,0.15,0.1,0.15,0.1
1968,1968,Kleszczów,77,Małopolskie,0.15,0.15,0.1,0.15,0.1
1969,1969,Kleszczów,83,Śląskie,0.15,0.15,0.1,0.15,0.1
1970,1970,Klikuszowa,77,Małopolskie,0.15,0.15,0.1,0.15,0.1
1971,1971,Klimontów,84,Świętokrzyskie,0.15,0.15,0.1,0.15,0.1
1972,1972,Klimontów,77,Małopolskie,0.15,0.15,0.1,0.15,0.1
1973,1973,Klimontów,72,Dolnośląskie,0.15,0.15,0.1,0.15,0.1
1974,1974,Klonowa,74,Łódzkie,0.15,0.15,0.1,0.15,0.1
1975,1975,Klonowa,78,Mazowieckie,0.15,0.15,0.1,0.15,0.1
1976,1976,Klonowa,86,Wielkopolskie,0.15,0.15,0.1,0.15,0.1
1977,1977,Kluczbork,79,Opolskie,0.15,0.15,0.1,0.15,0.1
1978,1978,Klucze,72,Dolnośląskie,0.15,0.15,0.1,0.15,0.1
1979,1979,Klucze,77,Małopolskie,0.15,0.15,0.1,0.15,0.1
1980,1980,Kluczewsko,84,Świętokrzyskie,0.15,0.15,0.1,0.15,0.1
1981,1981,Kluki,74,Łódzkie,0.15,0.15,0.1,0.15,0.1
1982,1982,Kluki,78,Mazowieckie,0.15,0.15,0.1,0.15,0.1
1983,1983,Kluki,82,Pomorskie,0.15,0.15,0.1,0.15,0.1
1984,1984,Kluki,87,Zachodniopomorskie,0.15,0.15,0.1,0.15,0.1
1985,1985,Klukowo,81,Podlaskie,0.15,0.15,0.1,0.15,0.1
1986,1986,Klukowo,86,Wielkopolskie,0.15,0.15,0.1,0.15,0.1
1987,1987,Klukowo,78,Mazowieckie,0.15,0.15,0.1,0.15,0.1
1988,1988,Kluszkowce,77,Małopolskie,0.15,0.15,0.1,0.15,0.1
1989,1989,Klwów,78,Mazowieckie,0.15,0.15,0.1,0.15,0.1
1990,1990,Kmiecin,82,Pomorskie,0.15,0.15,0.1,0.15,0.1
1991,1991,Knurów,83,Śląskie,0.15,0.15,0.1,0.15,0.1
1992,1992,Knurów,77,Małopolskie,0.15,0.15,0.1,0.15,0.1
1993,1993,Knyszyn,81,Podlaskie,0.15,0.15,0.1,0.15,0.1
1994,1994,Kobiele Wielkie,74,Łódzkie,0.15,0.15,0.1,0.15,0.1
1995,1995,Kobiernice,83,Śląskie,0.15,0.15,0.1,0.15,0.1
1996,1996,Kobierzyce,72,Dolnośląskie,0.15,0.15,0.1,0.15,0.1
1997,1997,Kobiór,83,Śląskie,0.15,0.15,0.1,0.15,0.1
1998,1998,Kobyla Góra,79,Opolskie,0.15,0.15,0.1,0.15,0.1
1999,1999,Kobyla Góra,86,Wielkopolskie,0.15,0.15,0.1,0.15,0.1
2000,2000,Kobylanka,77,Małopolskie,0.15,0.15,0.1,0.15,0.1
2001,2001,Kobylanka,73,Kujawsko-pomorskie,0.15,0.15,0.1,0.15,0.1
2002,2002,Kobylanka,78,Mazowieckie,0.15,0.15,0.1,0.15,0.1
2003,2003,Kobylanka,81,Podlaskie,0.15,0.15,0.1,0.15,0.1
2004,2004,Kobylanka,87,Zachodniopomorskie,0.15,0.15,0.1,0.15,0.1
2005,2005,Kobylany,84,Świętokrzyskie,0.15,0.15,0.1,0.15,0.1
2006,2006,Kobylany,80,Podkarpackie,0.15,0.15,0.1,0.15,0.1
2007,2007,Kobylany,78,Mazowieckie,0.15,0.15,0.1,0.15,0.1
2008,2008,Kobylany,77,Małopolskie,0.15,0.15,0.1,0.15,0.1
2009,2009,Kobylany,75,Lubelskie,0.15,0.15,0.1,0.15,0.1
2010,2010,Kobylin,81,Podlaskie,0.15,0.15,0.1,0.15,0.1
2011,2011,Kobylin,86,Wielkopolskie,0.15,0.15,0.1,0.15,0.1
2012,2012,Kobylin,85,Warmińsko-mazurskie,0.15,0.15,0.1,0.15,0.1
2013,2013,Kobylin,78,Mazowieckie,0.15,0.15,0.1,0.15,0.1
2014,2014,Kobylin,74,Łódzkie,0.15,0.15,0.1,0.15,0.1
2015,2015,Kobylnica,82,Pomorskie,0.15,0.15,0.1,0.15,0.1
2016,2016,Kobylnica,78,Mazowieckie,0.15,0.15,0.1,0.15,0.1
2017,2017,Kobylnica,73,Kujawsko-pomorskie,0.15,0.15,0.1,0.15,0.1
2018,2018,Kobylnica,86,Wielkopolskie,0.15,0.15,0.1,0.15,0.1
2019,2019,Kobyłka,78,Mazowieckie,0.15,0.15,0.1,0.15,0.1
2020,2020,Kochanowice,83,Śląskie,0.15,0.15,0.1,0.15,0.1
2021,2021,Kocierzew Południowy,74,Łódzkie,0.15,0.15,0.1,0.15,0.1
2022,2022,Kock,75,Lubelskie,0.15,0.15,0.1,0.15,0.1
2023,2023,Kocmyrzów,77,Małopolskie,0.15,0.15,0.1,0.15,0.1
2024,2024,Koczała,82,Pomorskie,0.15,0.15,0.1,0.15,0.1
2025,2025,Kodeń,75,Lubelskie,0.15,0.15,0.1,0.15,0.1
2026,2026,Kodrąb,74,Łódzkie,0.15,0.15,0.1,0.15,0.1
2027,2027,Kodrąb,87,Zachodniopomorskie,0.15,0.15,0.1,0.15,0.1
2028,2028,Kokotów,77,Małopolskie,0.15,0.15,0.1,0.15,0.1
2029,2029,Kolbudy,82,Pomorskie,0.15,0.15,0.1,0.15,0.1
2030,2030,Kolbuszowa,80,Podkarpackie,0.15,0.15,0.1,0.15,0.1
2031,2031,Koleczkowo,82,Pomorskie,0.15,0.15,0.1,0.15,0.1
2032,2032,Kolno,85,Warmińsko-mazurskie,0.15,0.15,0.1,0.15,0.1
2033,2033,Kolno,86,Wielkopolskie,0.15,0.15,0.1,0.15,0.1
2034,2034,Kolno,87,Zachodniopomorskie,0.15,0.15,0.1,0.15,0.1
2035,2035,Kolno,81,Podlaskie,0.15,0.15,0.1,0.15,0.1
2036,2036,Kolno,78,Mazowieckie,0.15,0.15,0.1,0.15,0.1
2037,2037,Kolno,73,Kujawsko-pomorskie,0.15,0.15,0.1,0.15,0.1
2038,2038,Kolonowskie,79,Opolskie,0.15,0.15,0.1,0.15,0.1
2039,2039,Kolsko,76,Lubuskie,0.15,0.15,0.1,0.15,0.1
2040,2040,Koluszki,74,Łódzkie,0.15,0.15,0.1,0.15,0.1
2041,2041,Komarów-Osada,75,Lubelskie,0.15,0.15,0.1,0.15,0.1
2042,2042,Komarówka Podlaska,75,Lubelskie,0.15,0.15,0.1,0.15,0.1
2043,2043,Komańcza,80,Podkarpackie,0.15,0.15,0.1,0.15,0.1
2044,2044,Komorniki,87,Zachodniopomorskie,0.15,0.15,0.1,0.15,0.1
2045,2045,Komorniki,86,Wielkopolskie,0.15,0.15,0.1,0.15,0.1
2046,2046,Komorniki,85,Warmińsko-mazurskie,0.15,0.15,0.1,0.15,0.1
2047,2047,Komorniki,84,Świętokrzyskie,0.15,0.15,0.1,0.15,0.1
2048,2048,Komorniki,79,Opolskie,0.15,0.15,0.1,0.15,0.1
2049,2049,Komorniki,78,Mazowieckie,0.15,0.15,0.1,0.15,0.1
2050,2050,Komorniki,81,Podlaskie,0.15,0.15,0.1,0.15,0.1
2051,2051,Komorniki,74,Łódzkie,0.15,0.15,0.1,0.15,0.1
2052,2052,Komorniki,72,Dolnośląskie,0.15,0.15,0.1,0.15,0.1
2053,2053,Komorniki,77,Małopolskie,0.15,0.15,0.1,0.15,0.1
2054,2054,Komorno,79,Opolskie,0.15,0.15,0.1,0.15,0.1
2055,2055,Komorów,78,Mazowieckie,0.15,0.15,0.1,0.15,0.1
2056,2056,Komorów,86,Wielkopolskie,0.15,0.15,0.1,0.15,0.1
2057,2057,Komorów,84,Świętokrzyskie,0.15,0.15,0.1,0.15,0.1
2058,2058,Komorów,80,Podkarpackie,0.15,0.15,0.1,0.15,0.1
2059,2059,Komorów,77,Małopolskie,0.15,0.15,0.1,0.15,0.1
2060,2060,Komorów,76,Lubuskie,0.15,0.15,0.1,0.15,0.1
2061,2061,Komorów,74,Łódzkie,0.15,0.15,0.1,0.15,0.1
2062,2062,Komorów,72,Dolnośląskie,0.15,0.15,0.1,0.15,0.1
2063,2063,Komprachcice,79,Opolskie,0.15,0.15,0.1,0.15,0.1
2064,2064,Konary,73,Kujawsko-pomorskie,0.15,0.15,0.1,0.15,0.1
2065,2065,Konary,72,Dolnośląskie,0.15,0.15,0.1,0.15,0.1
2066,2066,Konary,86,Wielkopolskie,0.15,0.15,0.1,0.15,0.1
2067,2067,Konary,84,Świętokrzyskie,0.15,0.15,0.1,0.15,0.1
2068,2068,Konary,83,Śląskie,0.15,0.15,0.1,0.15,0.1
2069,2069,Konary,78,Mazowieckie,0.15,0.15,0.1,0.15,0.1
2070,2070,Konary,74,Łódzkie,0.15,0.15,0.1,0.15,0.1
2071,2071,Konary,77,Małopolskie,0.15,0.15,0.1,0.15,0.1
2072,2072,Konarzyny,82,Pomorskie,0.15,0.15,0.1,0.15,0.1
2073,2073,Kondratowice,72,Dolnośląskie,0.15,0.15,0.1,0.15,0.1
2074,2074,Koneck,73,Kujawsko-pomorskie,0.15,0.15,0.1,0.15,0.1
2075,2075,Koniaków,83,Śląskie,0.15,0.15,0.1,0.15,0.1
2076,2076,Koniecpol,83,Śląskie,0.15,0.15,0.1,0.15,0.1
2077,2077,Konieczkowa,80,Podkarpackie,0.15,0.15,0.1,0.15,0.1
2078,2078,Konin,86,Wielkopolskie,0.15,0.15,0.1,0.15,0.1
2079,2079,Konin,76,Lubuskie,0.15,0.15,0.1,0.15,0.1
2080,2080,Konin,74,Łódzkie,0.15,0.15,0.1,0.15,0.1
2081,2081,Konin,83,Śląskie,0.15,0.15,0.1,0.15,0.1
2082,2082,Konopiska,83,Śląskie,0.15,0.15,0.1,0.15,0.1
2083,2083,Konopnica,75,Lubelskie,0.15,0.15,0.1,0.15,0.1
2084,2084,Konopnica,74,Łódzkie,0.15,0.15,0.1,0.15,0.1
2085,2085,Konotop,76,Lubuskie,0.15,0.15,0.1,0.15,0.1
2086,2086,Konotop,87,Zachodniopomorskie,0.15,0.15,0.1,0.15,0.1
2087,2087,Konstancin-Jeziorna,78,Mazowieckie,0.15,0.15,0.1,0.15,0.1
2088,2088,Konstantynów,75,Lubelskie,0.15,0.15,0.1,0.15,0.1
2089,2089,Konstantynów,86,Wielkopolskie,0.15,0.15,0.1,0.15,0.1
2090,2090,Konstantynów,78,Mazowieckie,0.15,0.15,0.1,0.15,0.1
2091,2091,Konstantynów,74,Łódzkie,0.15,0.15,0.1,0.15,0.1
2092,2092,Konstantynów Łódzki,74,Łódzkie,0.15,0.15,0.1,0.15,0.1
2093,2093,Kopanka,74,Łódzkie,0.15,0.15,0.1,0.15,0.1
2094,2094,Kopanka,77,Małopolskie,0.15,0.15,0.1,0.15,0.1
2095,2095,Koprzywnica,84,Świętokrzyskie,0.15,0.15,0.1,0.15,0.1
2096,2096,Koprzywnica,82,Pomorskie,0.15,0.15,0.1,0.15,0.1
2097,2097,Kopytkowo,81,Podlaskie,0.15,0.15,0.1,0.15,0.1
2098,2098,Kopytkowo,82,Pomorskie,0.15,0.15,0.1,0.15,0.1
2099,2099,Korbielów,83,Śląskie,0.15,0.15,0.1,0.15,0.1
2100,2100,Korczew,74,Łódzkie,0.15,0.15,0.1,0.15,0.1
2101,2101,Korczew,78,Mazowieckie,0.15,0.15,0.1,0.15,0.1
2102,2102,Korczyna,77,Małopolskie,0.15,0.15,0.1,0.15,0.1
2103,2103,Korczyna,80,Podkarpackie,0.15,0.15,0.1,0.15,0.1
2104,2104,Korfantów,79,Opolskie,0.15,0.15,0.1,0.15,0.1
2105,2105,Kornatka,77,Małopolskie,0.15,0.15,0.1,0.15,0.1
2106,2106,Kornatka,87,Zachodniopomorskie,0.15,0.15,0.1,0.15,0.1
2107,2107,Kornowac,83,Śląskie,0.15,0.15,0.1,0.15,0.1
2108,2108,Koronowo,73,Kujawsko-pomorskie,0.15,0.15,0.1,0.15,0.1
2109,2109,Koronowo,85,Warmińsko-mazurskie,0.15,0.15,0.1,0.15,0.1
2110,2110,Koronowo,86,Wielkopolskie,0.15,0.15,0.1,0.15,0.1
2111,2111,Korsze,85,Warmińsko-mazurskie,0.15,0.15,0.1,0.15,0.1
2112,2112,Korycin,81,Podlaskie,0.15,0.15,0.1,0.15,0.1
2113,2113,Korytnica,86,Wielkopolskie,0.15,0.15,0.1,0.15,0.1
2114,2114,Korytnica,84,Świętokrzyskie,0.15,0.15,0.1,0.15,0.1
2115,2115,Korytnica,78,Mazowieckie,0.15,0.15,0.1,0.15,0.1
2116,2116,Korytnica,74,Łódzkie,0.15,0.15,0.1,0.15,0.1
2117,2117,Korzenna,77,Małopolskie,0.15,0.15,0.1,0.15,0.1
2118,2118,Kosakowo,86,Wielkopolskie,0.15,0.15,0.1,0.15,0.1
2119,2119,Kosakowo,85,Warmińsko-mazurskie,0.15,0.15,0.1,0.15,0.1
2120,2120,Kosakowo,82,Pomorskie,0.15,0.15,0.1,0.15,0.1
2121,2121,Kosina,80,Podkarpackie,0.15,0.15,0.1,0.15,0.1
2122,2122,Kosorowice,79,Opolskie,0.15,0.15,0.1,0.15,0.1
2123,2123,Kostarowce,80,Podkarpackie,0.15,0.15,0.1,0.15,0.1
2124,2124,Kostkowice,83,Śląskie,0.15,0.15,0.1,0.15,0.1
2125,2125,Kostomłoty,75,Lubelskie,0.15,0.15,0.1,0.15,0.1
2126,2126,Kostomłoty,72,Dolnośląskie,0.15,0.15,0.1,0.15,0.1
2127,2127,Kostomłoty Drugie,84,Świętokrzyskie,0.15,0.15,0.1,0.15,0.1
2128,2128,Kostomłoty Pierwsze,84,Świętokrzyskie,0.15,0.15,0.1,0.15,0.1
2129,2129,Kostry,75,Lubelskie,0.15,0.15,0.1,0.15,0.1
2130,2130,Kostrzyn,78,Mazowieckie,0.15,0.15,0.1,0.15,0.1
2131,2131,Kostrzyn,86,Wielkopolskie,0.15,0.15,0.1,0.15,0.1
2132,2132,Koszalin,87,Zachodniopomorskie,0.15,0.15,0.1,0.15,0.1
2133,2133,Koszarawa,83,Śląskie,0.15,0.15,0.1,0.15,0.1
2134,2134,Koszyce,77,Małopolskie,0.15,0.15,0.1,0.15,0.1
2135,2135,Koszyce,84,Świętokrzyskie,0.15,0.15,0.1,0.15,0.1
2136,2136,Koszyce Wielkie,77,Małopolskie,0.15,0.15,0.1,0.15,0.1
2137,2137,Koszęcin,76,Lubuskie,0.15,0.15,0.1,0.15,0.1
2138,2138,Koszęcin,83,Śląskie,0.15,0.15,0.1,0.15,0.1
2139,2139,Kosów Lacki,78,Mazowieckie,0.15,0.15,0.1,0.15,0.1
2140,2140,Kotla,72,Dolnośląskie,0.15,0.15,0.1,0.15,0.1
2141,2141,Kotlin,86,Wielkopolskie,0.15,0.15,0.1,0.15,0.1
2142,2142,Kotuń,78,Mazowieckie,0.15,0.15,0.1,0.15,0.1
2143,2143,Kotuń,86,Wielkopolskie,0.15,0.15,0.1,0.15,0.1
2144,2144,Kowal,73,Kujawsko-pomorskie,0.15,0.15,0.1,0.15,0.1
2145,2145,Kowala,84,Świętokrzyskie,0.15,0.15,0.1,0.15,0.1
2146,2146,Kowala,75,Lubelskie,0.15,0.15,0.1,0.15,0.1
2147,2147,Kowala,77,Małopolskie,0.15,0.15,0.1,0.15,0.1
2148,2148,Kowala,78,Mazowieckie,0.15,0.15,0.1,0.15,0.1
2149,2149,Kowale,72,Dolnośląskie,0.15,0.15,0.1,0.15,0.1
2150,2150,Kowale,85,Warmińsko-mazurskie,0.15,0.15,0.1,0.15,0.1
2151,2151,Kowale,83,Śląskie,0.15,0.15,0.1,0.15,0.1
2152,2152,Kowale,82,Pomorskie,0.15,0.15,0.1,0.15,0.1
2153,2153,Kowale,74,Łódzkie,0.15,0.15,0.1,0.15,0.1
2154,2154,Kowale,78,Mazowieckie,0.15,0.15,0.1,0.15,0.1
2155,2155,Kowale,81,Podlaskie,0.15,0.15,0.1,0.15,0.1
2156,2156,Kowale,79,Opolskie,0.15,0.15,0.1,0.15,0.1
2157,2157,Kowale Oleckie,85,Warmińsko-mazurskie,0.15,0.15,0.1,0.15,0.1
2158,2158,Kowalewo Pomorskie,73,Kujawsko-pomorskie,0.15,0.15,0.1,0.15,0.1
2159,2159,Kowary,77,Małopolskie,0.15,0.15,0.1,0.15,0.1
2160,2160,Kowary,72,Dolnośląskie,0.15,0.15,0.1,0.15,0.1
2161,2161,Kowiesy,74,Łódzkie,0.15,0.15,0.1,0.15,0.1
2162,2162,Kowiesy,78,Mazowieckie,0.15,0.15,0.1,0.15,0.1
2163,2163,Koziegłowy,86,Wielkopolskie,0.15,0.15,0.1,0.15,0.1
2164,2164,Koziegłowy,78,Mazowieckie,0.15,0.15,0.1,0.15,0.1
2165,2165,Koziegłowy,83,Śląskie,0.15,0.15,0.1,0.15,0.1
2166,2166,Koziegłówki,83,Śląskie,0.15,0.15,0.1,0.15,0.1
2167,2167,Kozielice,87,Zachodniopomorskie,0.15,0.15,0.1,0.15,0.1
2168,2168,Kozienice,78,Mazowieckie,0.15,0.15,0.1,0.15,0.1
2169,2169,Kozubszczyzna,75,Lubelskie,0.15,0.15,0.1,0.15,0.1
2170,2170,Kozy,73,Kujawsko-pomorskie,0.15,0.15,0.1,0.15,0.1
2171,2171,Kozy,82,Pomorskie,0.15,0.15,0.1,0.15,0.1
2172,2172,Kozy,83,Śląskie,0.15,0.15,0.1,0.15,0.1
2173,2173,Kozy,87,Zachodniopomorskie,0.15,0.15,0.1,0.15,0.1
2174,2174,Kozłowo,86,Wielkopolskie,0.15,0.15,0.1,0.15,0.1
2175,2175,Kozłowo,85,Warmińsko-mazurskie,0.15,0.15,0.1,0.15,0.1
2176,2176,Kozłowo,81,Podlaskie,0.15,0.15,0.1,0.15,0.1
2177,2177,Kozłowo,78,Mazowieckie,0.15,0.15,0.1,0.15,0.1
2178,2178,Kozłowo,73,Kujawsko-pomorskie,0.15,0.15,0.1,0.15,0.1
2179,2179,Kozłów,78,Mazowieckie,0.15,0.15,0.1,0.15,0.1
2180,2180,Kozłów,80,Podkarpackie,0.15,0.15,0.1,0.15,0.1
2181,2181,Kozłów,83,Śląskie,0.15,0.15,0.1,0.15,0.1
2182,2182,Kozłów,84,Świętokrzyskie,0.15,0.15,0.1,0.15,0.1
2183,2183,Kozłów,72,Dolnośląskie,0.15,0.15,0.1,0.15,0.1
2184,2184,Kozłów,77,Małopolskie,0.15,0.15,0.1,0.15,0.1
2185,2185,Kozłów Biskupi,78,Mazowieckie,0.15,0.15,0.1,0.15,0.1
2186,2186,Kozłówka,78,Mazowieckie,0.15,0.15,0.1,0.15,0.1
2187,2187,Kozłówka,81,Podlaskie,0.15,0.15,0.1,0.15,0.1
2188,2188,Kozłówka,75,Lubelskie,0.15,0.15,0.1,0.15,0.1
2189,2189,Kołaczkowo,73,Kujawsko-pomorskie,0.15,0.15,0.1,0.15,0.1
2190,2190,Kołaczkowo,86,Wielkopolskie,0.15,0.15,0.1,0.15,0.1
2191,2191,Kołaczyce,80,Podkarpackie,0.15,0.15,0.1,0.15,0.1
2192,2192,Kołbaskowo,87,Zachodniopomorskie,0.15,0.15,0.1,0.15,0.1
2193,2193,Kołbiel,78,Mazowieckie,0.15,0.15,0.1,0.15,0.1
2194,2194,Kołczygłowy,82,Pomorskie,0.15,0.15,0.1,0.15,0.1
2195,2195,Koło,74,Łódzkie,0.15,0.15,0.1,0.15,0.1
2196,2196,Koło,75,Lubelskie,0.15,0.15,0.1,0.15,0.1
2197,2197,Koło,76,Lubuskie,0.15,0.15,0.1,0.15,0.1
2198,2198,Koło,86,Wielkopolskie,0.15,0.15,0.1,0.15,0.1
2199,2199,Kołobrzeg,87,Zachodniopomorskie,0.15,0.15,0.1,0.15,0.1
2200,2200,Kończyce,77,Małopolskie,0.15,0.15,0.1,0.15,0.1
2201,2201,Kończyce,72,Dolnośląskie,0.15,0.15,0.1,0.15,0.1
2202,2202,Kończyce,73,Kujawsko-pomorskie,0.15,0.15,0.1,0.15,0.1
2203,2203,Kończyce,80,Podkarpackie,0.15,0.15,0.1,0.15,0.1
2204,2204,Kończyce Małe,83,Śląskie,0.15,0.15,0.1,0.15,0.1
2205,2205,Kończyce Wielkie,83,Śląskie,0.15,0.15,0.1,0.15,0.1
2206,2206,Końskie,80,Podkarpackie,0.15,0.15,0.1,0.15,0.1
2207,2207,Końskie,84,Świętokrzyskie,0.15,0.15,0.1,0.15,0.1
2208,2208,Końskowola,75,Lubelskie,0.15,0.15,0.1,0.15,0.1
2209,2209,Kościan,86,Wielkopolskie,0.15,0.15,0.1,0.15,0.1
2210,2210,Kościelec,83,Śląskie,0.15,0.15,0.1,0.15,0.1
2211,2211,Kościelec,86,Wielkopolskie,0.15,0.15,0.1,0.15,0.1
2212,2212,Kościelec,72,Dolnośląskie,0.15,0.15,0.1,0.15,0.1
2213,2213,Kościelec,77,Małopolskie,0.15,0.15,0.1,0.15,0.1
2214,2214,Kościelec,82,Pomorskie,0.15,0.15,0.1,0.15,0.1
2215,2215,Kościelisko,77,Małopolskie,0.15,0.15,0.1,0.15,0.1
2216,2216,Kościerzyna,82,Pomorskie,0.15,0.15,0.1,0.15,0.1
2217,2217,Koźle,74,Łódzkie,0.15,0.15,0.1,0.15,0.1
2218,2218,Koźle,86,Wielkopolskie,0.15,0.15,0.1,0.15,0.1
2219,2219,Koźmin Wielkopolski,86,Wielkopolskie,0.15,0.15,0.1,0.15,0.1
2220,2220,Koźminek,76,Lubuskie,0.15,0.15,0.1,0.15,0.1
2221,2221,Koźminek,86,Wielkopolskie,0.15,0.15,0.1,0.15,0.1
2222,2222,Kożuchów,76,Lubuskie,0.15,0.15,0.1,0.15,0.1
2223,2223,Kożuchów,78,Mazowieckie,0.15,0.15,0.1,0.15,0.1
2224,2224,Kożuchów,80,Podkarpackie,0.15,0.15,0.1,0.15,0.1
2225,2225,Kraczkowa,80,Podkarpackie,0.15,0.15,0.1,0.15,0.1
2226,2226,Krajenka,86,Wielkopolskie,0.15,0.15,0.1,0.15,0.1
2227,2227,Kraków,77,Małopolskie,0.15,0.15,0.1,0.15,0.1
2228,2228,Kramarzówka,80,Podkarpackie,0.15,0.15,0.1,0.15,0.1
2229,2229,Kramsk,86,Wielkopolskie,0.15,0.15,0.1,0.15,0.1
2230,2230,Krapkowice,79,Opolskie,0.15,0.15,0.1,0.15,0.1
2231,2231,Krasiczyn,80,Podkarpackie,0.15,0.15,0.1,0.15,0.1
2232,2232,Krasna,84,Świętokrzyskie,0.15,0.15,0.1,0.15,0.1
2233,2233,Krasna,87,Zachodniopomorskie,0.15,0.15,0.1,0.15,0.1
2234,2234,Krasna,78,Mazowieckie,0.15,0.15,0.1,0.15,0.1
2235,2235,Krasna,80,Podkarpackie,0.15,0.15,0.1,0.15,0.1
2236,2236,Krasne,81,Podlaskie,0.15,0.15,0.1,0.15,0.1
2237,2237,Krasne,80,Podkarpackie,0.15,0.15,0.1,0.15,0.1
2238,2238,Krasne,78,Mazowieckie,0.15,0.15,0.1,0.15,0.1
2239,2239,Krasne,75,Lubelskie,0.15,0.15,0.1,0.15,0.1
2240,2240,Krasne,87,Zachodniopomorskie,0.15,0.15,0.1,0.15,0.1
2241,2241,Krasne,82,Pomorskie,0.15,0.15,0.1,0.15,0.1
2242,2242,Krasne-Lasocice,77,Małopolskie,0.15,0.15,0.1,0.15,0.1
2243,2243,Krasnobród,75,Lubelskie,0.15,0.15,0.1,0.15,0.1
2244,2244,Krasnopol,81,Podlaskie,0.15,0.15,0.1,0.15,0.1
2245,2245,Krasnosielc,78,Mazowieckie,0.15,0.15,0.1,0.15,0.1
2246,2246,Krasocin,84,Świętokrzyskie,0.15,0.15,0.1,0.15,0.1
2247,2247,Kraszewice,86,Wielkopolskie,0.15,0.15,0.1,0.15,0.1
2248,2248,Kraszewice,74,Łódzkie,0.15,0.15,0.1,0.15,0.1
2249,2249,Krauszów,77,Małopolskie,0.15,0.15,0.1,0.15,0.1
2250,2250,Kraśniczyn,75,Lubelskie,0.15,0.15,0.1,0.15,0.1
2251,2251,Kraśnik,75,Lubelskie,0.15,0.15,0.1,0.15,0.1
2252,2252,Kraśnik,84,Świętokrzyskie,0.15,0.15,0.1,0.15,0.1
2253,2253,Kraśnik,87,Zachodniopomorskie,0.15,0.15,0.1,0.15,0.1
2254,2254,Krempna,80,Podkarpackie,0.15,0.15,0.1,0.15,0.1
2255,2255,Krobia,73,Kujawsko-pomorskie,0.15,0.15,0.1,0.15,0.1
2256,2256,Krobia,78,Mazowieckie,0.15,0.15,0.1,0.15,0.1
2257,2257,Krobia,86,Wielkopolskie,0.15,0.15,0.1,0.15,0.1
2258,2258,Kroczyce,83,Śląskie,0.15,0.15,0.1,0.15,0.1
2259,2259,Krokowa,82,Pomorskie,0.15,0.15,0.1,0.15,0.1
2260,2260,Krosinko,87,Zachodniopomorskie,0.15,0.15,0.1,0.15,0.1
2261,2261,Krosinko,86,Wielkopolskie,0.15,0.15,0.1,0.15,0.1
2262,2262,Krosno,86,Wielkopolskie,0.15,0.15,0.1,0.15,0.1
2263,2263,Krosno,85,Warmińsko-mazurskie,0.15,0.15,0.1,0.15,0.1
2264,2264,Krosno,81,Podlaskie,0.15,0.15,0.1,0.15,0.1
2265,2265,Krosno,80,Podkarpackie,0.15,0.15,0.1,0.15,0.1
2266,2266,Krosno,74,Łódzkie,0.15,0.15,0.1,0.15,0.1
2267,2267,Krosno Odrzańskie,76,Lubuskie,0.15,0.15,0.1,0.15,0.1
2268,2268,Krotoszyce,72,Dolnośląskie,0.15,0.15,0.1,0.15,0.1
2269,2269,Krotoszyn,73,Kujawsko-pomorskie,0.15,0.15,0.1,0.15,0.1
2270,2270,Krotoszyn,86,Wielkopolskie,0.15,0.15,0.1,0.15,0.1
2271,2271,Krościenko,80,Podkarpackie,0.15,0.15,0.1,0.15,0.1
2272,2272,Krościenko Wyżne,80,Podkarpackie,0.15,0.15,0.1,0.15,0.1
2273,2273,Krośnica,77,Małopolskie,0.15,0.15,0.1,0.15,0.1
2274,2274,Krośnica,79,Opolskie,0.15,0.15,0.1,0.15,0.1
2275,2275,Krośnice,72,Dolnośląskie,0.15,0.15,0.1,0.15,0.1
2276,2276,Krośnice,78,Mazowieckie,0.15,0.15,0.1,0.15,0.1
2277,2277,Krośniewice,74,Łódzkie,0.15,0.15,0.1,0.15,0.1
2278,2278,Kruklanki,85,Warmińsko-mazurskie,0.15,0.15,0.1,0.15,0.1
2279,2279,Krupski Młyn,83,Śląskie,0.15,0.15,0.1,0.15,0.1
2280,2280,Kruszwica,73,Kujawsko-pomorskie,0.15,0.15,0.1,0.15,0.1
2281,2281,Kruszyna,86,Wielkopolskie,0.15,0.15,0.1,0.15,0.1
2282,2282,Kruszyna,82,Pomorskie,0.15,0.15,0.1,0.15,0.1
2283,2283,Kruszyna,79,Opolskie,0.15,0.15,0.1,0.15,0.1
2284,2284,Kruszyna,83,Śląskie,0.15,0.15,0.1,0.15,0.1
2285,2285,Kruszyna,78,Mazowieckie,0.15,0.15,0.1,0.15,0.1
2286,2286,Kruszyna,76,Lubuskie,0.15,0.15,0.1,0.15,0.1
2287,2287,Kruszyna,75,Lubelskie,0.15,0.15,0.1,0.15,0.1
2288,2288,Kruszyna,74,Łódzkie,0.15,0.15,0.1,0.15,0.1
2289,2289,Krynica Morska,82,Pomorskie,0.15,0.15,0.1,0.15,0.1
2290,2290,Krynica-Zdrój,77,Małopolskie,0.15,0.15,0.1,0.15,0.1
2291,2291,Krynice,75,Lubelskie,0.15,0.15,0.1,0.15,0.1
2292,2292,Krynice,81,Podlaskie,0.15,0.15,0.1,0.15,0.1
2293,2293,Krynki,84,Świętokrzyskie,0.15,0.15,0.1,0.15,0.1
2294,2294,Krynki,78,Mazowieckie,0.15,0.15,0.1,0.15,0.1
2295,2295,Krynki,81,Podlaskie,0.15,0.15,0.1,0.15,0.1
2296,2296,Kryry,83,Śląskie,0.15,0.15,0.1,0.15,0.1
2297,2297,Kryspinów,77,Małopolskie,0.15,0.15,0.1,0.15,0.1
2298,2298,Krzanowice,83,Śląskie,0.15,0.15,0.1,0.15,0.1
2299,2299,Krzczonów,84,Świętokrzyskie,0.15,0.15,0.1,0.15,0.1
2300,2300,Krzczonów,77,Małopolskie,0.15,0.15,0.1,0.15,0.1
2301,2301,Krzczonów,75,Lubelskie,0.15,0.15,0.1,0.15,0.1
2302,2302,Krzczonów,74,Łódzkie,0.15,0.15,0.1,0.15,0.1
2303,2303,Krzczonów,72,Dolnośląskie,0.15,0.15,0.1,0.15,0.1
2304,2304,Krzeczowice,80,Podkarpackie,0.15,0.15,0.1,0.15,0.1
2305,2305,Krzeczów,77,Małopolskie,0.15,0.15,0.1,0.15,0.1
2306,2306,Krzeczów,74,Łódzkie,0.15,0.15,0.1,0.15,0.1
2307,2307,Krzemienica,74,Łódzkie,0.15,0.15,0.1,0.15,0.1
2308,2308,Krzemienica,80,Podkarpackie,0.15,0.15,0.1,0.15,0.1
2309,2309,Krzemienica,82,Pomorskie,0.15,0.15,0.1,0.15,0.1
2310,2310,Krzemieniewo,82,Pomorskie,0.15,0.15,0.1,0.15,0.1
2311,2311,Krzemieniewo,86,Wielkopolskie,0.15,0.15,0.1,0.15,0.1
2312,2312,Krzepice,72,Dolnośląskie,0.15,0.15,0.1,0.15,0.1
2313,2313,Krzepice,83,Śląskie,0.15,0.15,0.1,0.15,0.1
2314,2314,Krzepice,84,Świętokrzyskie,0.15,0.15,0.1,0.15,0.1
2315,2315,Krzeszowice,77,Małopolskie,0.15,0.15,0.1,0.15,0.1
2316,2316,Krzeszyce,76,Lubuskie,0.15,0.15,0.1,0.15,0.1
2317,2317,Krzeszów,72,Dolnośląskie,0.15,0.15,0.1,0.15,0.1
2318,2318,Krzeszów,77,Małopolskie,0.15,0.15,0.1,0.15,0.1
2319,2319,Krzeszów,80,Podkarpackie,0.15,0.15,0.1,0.15,0.1
2320,2320,Krzykawka,77,Małopolskie,0.15,0.15,0.1,0.15,0.1
2321,2321,Krzykosy,78,Mazowieckie,0.15,0.15,0.1,0.15,0.1
2322,2322,Krzykosy,82,Pomorskie,0.15,0.15,0.1,0.15,0.1
2323,2323,Krzykosy,86,Wielkopolskie,0.15,0.15,0.1,0.15,0.1
2324,2324,Krzymów,87,Zachodniopomorskie,0.15,0.15,0.1,0.15,0.1
2325,2325,Krzymów,86,Wielkopolskie,0.15,0.15,0.1,0.15,0.1
2326,2326,Krzymów,78,Mazowieckie,0.15,0.15,0.1,0.15,0.1
2327,2327,Krzynowłoga Mała,78,Mazowieckie,0.15,0.15,0.1,0.15,0.1
2328,2328,Krzyszkowice,74,Łódzkie,0.15,0.15,0.1,0.15,0.1
2329,2329,Krzyszkowice,77,Małopolskie,0.15,0.15,0.1,0.15,0.1
2330,2330,Krzyszkowice,78,Mazowieckie,0.15,0.15,0.1,0.15,0.1
2331,2331,Krzyszkowice,84,Świętokrzyskie,0.15,0.15,0.1,0.15,0.1
2332,2332,Krzywa,77,Małopolskie,0.15,0.15,0.1,0.15,0.1
2333,2333,Krzywa,80,Podkarpackie,0.15,0.15,0.1,0.15,0.1
2334,2334,Krzywa,81,Podlaskie,0.15,0.15,0.1,0.15,0.1
2335,2335,Krzywa,76,Lubuskie,0.15,0.15,0.1,0.15,0.1
2336,2336,Krzywa,72,Dolnośląskie,0.15,0.15,0.1,0.15,0.1
2337,2337,Krzywaczka,77,Małopolskie,0.15,0.15,0.1,0.15,0.1
2338,2338,Krzywcza,80,Podkarpackie,0.15,0.15,0.1,0.15,0.1
2339,2339,Krzywda,75,Lubelskie,0.15,0.15,0.1,0.15,0.1
2340,2340,Krzywda,78,Mazowieckie,0.15,0.15,0.1,0.15,0.1
2341,2341,Krzywiń,86,Wielkopolskie,0.15,0.15,0.1,0.15,0.1
2342,2342,Krzyż Wielkopolski,86,Wielkopolskie,0.15,0.15,0.1,0.15,0.1
2343,2343,Krzyżanowice,83,Śląskie,0.15,0.15,0.1,0.15,0.1
2344,2344,Krzyżanowice,79,Opolskie,0.15,0.15,0.1,0.15,0.1
2345,2345,Krzyżanowice,72,Dolnośląskie,0.15,0.15,0.1,0.15,0.1
2346,2346,Krzyżanowice,77,Małopolskie,0.15,0.15,0.1,0.15,0.1
2347,2347,Krzyżanowice,78,Mazowieckie,0.15,0.15,0.1,0.15,0.1
2348,2348,Krzyżanów,72,Dolnośląskie,0.15,0.15,0.1,0.15,0.1
2349,2349,Krzyżanów,74,Łódzkie,0.15,0.15,0.1,0.15,0.1
2350,2350,Krzyżowa,72,Dolnośląskie,0.15,0.15,0.1,0.15,0.1
2351,2351,Krzyżowa,83,Śląskie,0.15,0.15,0.1,0.15,0.1
2352,2352,Krzyżowice,83,Śląskie,0.15,0.15,0.1,0.15,0.1
2353,2353,Krzyżowice,79,Opolskie,0.15,0.15,0.1,0.15,0.1
2354,2354,Krzyżowice,72,Dolnośląskie,0.15,0.15,0.1,0.15,0.1
2355,2355,Krzęcin,77,Małopolskie,0.15,0.15,0.1,0.15,0.1
2356,2356,Krzęcin,87,Zachodniopomorskie,0.15,0.15,0.1,0.15,0.1
2357,2357,Królikowo,85,Warmińsko-mazurskie,0.15,0.15,0.1,0.15,0.1
2358,2358,Królikowo,73,Kujawsko-pomorskie,0.15,0.15,0.1,0.15,0.1
2359,2359,Ksawerów,72,Dolnośląskie,0.15,0.15,0.1,0.15,0.1
2360,2360,Ksawerów,74,Łódzkie,0.15,0.15,0.1,0.15,0.1
2361,2361,Ksawerów,75,Lubelskie,0.15,0.15,0.1,0.15,0.1
2362,2362,Ksawerów,84,Świętokrzyskie,0.15,0.15,0.1,0.15,0.1
2363,2363,Ksawerów,86,Wielkopolskie,0.15,0.15,0.1,0.15,0.1
2364,2364,Książ Wielki,77,Małopolskie,0.15,0.15,0.1,0.15,0.1
2365,2365,Książ Wielkopolski,86,Wielkopolskie,0.15,0.15,0.1,0.15,0.1
2366,2366,Książenice,83,Śląskie,0.15,0.15,0.1,0.15,0.1
2367,2367,Książenice,78,Mazowieckie,0.15,0.15,0.1,0.15,0.1
2368,2368,Książenice,86,Wielkopolskie,0.15,0.15,0.1,0.15,0.1
2369,2369,Książki,73,Kujawsko-pomorskie,0.15,0.15,0.1,0.15,0.1
2370,2370,Książnice,77,Małopolskie,0.15,0.15,0.1,0.15,0.1
2371,2371,Książnice,80,Podkarpackie,0.15,0.15,0.1,0.15,0.1
2372,2372,Książnice,84,Świętokrzyskie,0.15,0.15,0.1,0.15,0.1
2373,2373,Księżomierz,75,Lubelskie,0.15,0.15,0.1,0.15,0.1
2374,2374,Księżpol,75,Lubelskie,0.15,0.15,0.1,0.15,0.1
2375,2375,Kuczbork-Osada,78,Mazowieckie,0.15,0.15,0.1,0.15,0.1
2376,2376,Kuczbork-Wieś,78,Mazowieckie,0.15,0.15,0.1,0.15,0.1
2377,2377,Kudowa-Zdrój,72,Dolnośląskie,0.15,0.15,0.1,0.15,0.1
2378,2378,Kujawy,73,Kujawsko-pomorskie,0.15,0.15,0.1,0.15,0.1
2379,2379,Kujawy,78,Mazowieckie,0.15,0.15,0.1,0.15,0.1
2380,2380,Kujawy,79,Opolskie,0.15,0.15,0.1,0.15,0.1
2381,2381,Kujawy,84,Świętokrzyskie,0.15,0.15,0.1,0.15,0.1
2382,2382,Kuków,77,Małopolskie,0.15,0.15,0.1,0.15,0.1
2383,2383,Kuków,81,Podlaskie,0.15,0.15,0.1,0.15,0.1
2384,2384,Kunice,84,Świętokrzyskie,0.15,0.15,0.1,0.15,0.1
2385,2385,Kunice,77,Małopolskie,0.15,0.15,0.1,0.15,0.1
2386,2386,Kunice,76,Lubuskie,0.15,0.15,0.1,0.15,0.1
2387,2387,Kunice,74,Łódzkie,0.15,0.15,0.1,0.15,0.1
2388,2388,Kunice,72,Dolnośląskie,0.15,0.15,0.1,0.15,0.1
2389,2389,Kunów,72,Dolnośląskie,0.15,0.15,0.1,0.15,0.1
2390,2390,Kunów,75,Lubelskie,0.15,0.15,0.1,0.15,0.1
2391,2391,Kunów,77,Małopolskie,0.15,0.15,0.1,0.15,0.1
2392,2392,Kunów,84,Świętokrzyskie,0.15,0.15,0.1,0.15,0.1
2393,2393,Kup,79,Opolskie,0.15,0.15,0.1,0.15,0.1
2394,2394,Kuryłówka,80,Podkarpackie,0.15,0.15,0.1,0.15,0.1
2395,2395,Kurzętnik,85,Warmińsko-mazurskie,0.15,0.15,0.1,0.15,0.1
2396,2396,Kurów,74,Łódzkie,0.15,0.15,0.1,0.15,0.1
2397,2397,Kurów,75,Lubelskie,0.15,0.15,0.1,0.15,0.1
2398,2398,Kurów,77,Małopolskie,0.15,0.15,0.1,0.15,0.1
2399,2399,Kurów,87,Zachodniopomorskie,0.15,0.15,0.1,0.15,0.1
2400,2400,Kurów,84,Świętokrzyskie,0.15,0.15,0.1,0.15,0.1
2401,2401,Kurów,86,Wielkopolskie,0.15,0.15,0.1,0.15,0.1
2402,2402,Kurów,72,Dolnośląskie,0.15,0.15,0.1,0.15,0.1
2403,2403,Kutno,74,Łódzkie,0.15,0.15,0.1,0.15,0.1
2404,2404,Kuślin,86,Wielkopolskie,0.15,0.15,0.1,0.15,0.1
2405,2405,Kuźnia Raciborska,83,Śląskie,0.15,0.15,0.1,0.15,0.1
2406,2406,Kuźnica,81,Podlaskie,0.15,0.15,0.1,0.15,0.1
2407,2407,Kuźnica,82,Pomorskie,0.15,0.15,0.1,0.15,0.1
2408,2408,Kuźnica,86,Wielkopolskie,0.15,0.15,0.1,0.15,0.1
2409,2409,Kuźnica,79,Opolskie,0.15,0.15,0.1,0.15,0.1
2410,2410,Kuźnica,83,Śląskie,0.15,0.15,0.1,0.15,0.1
2411,2411,Kuźnica,78,Mazowieckie,0.15,0.15,0.1,0.15,0.1
2412,2412,Kuźnica,74,Łódzkie,0.15,0.15,0.1,0.15,0.1
2413,2413,Kuźnica,73,Kujawsko-pomorskie,0.15,0.15,0.1,0.15,0.1
2414,2414,Kwaczała,77,Małopolskie,0.15,0.15,0.1,0.15,0.1
2415,2415,Kwiatonowice,77,Małopolskie,0.15,0.15,0.1,0.15,0.1
2416,2416,Kwidzyn,82,Pomorskie,0.15,0.15,0.1,0.15,0.1
2417,2417,Kwilcz,86,Wielkopolskie,0.15,0.15,0.1,0.15,0.1
2418,2418,Kórnica,79,Opolskie,0.15,0.15,0.1,0.15,0.1
2419,2419,Kórnik,86,Wielkopolskie,0.15,0.15,0.1,0.15,0.1
2420,2420,Kąty Opolskie,79,Opolskie,0.15,0.15,0.1,0.15,0.1
2421,2421,Kąty Rybackie,82,Pomorskie,0.15,0.15,0.1,0.15,0.1
2422,2422,Kędzierzyn-Koźle,79,Opolskie,0.15,0.15,0.1,0.15,0.1
2423,2423,Kępice,78,Mazowieckie,0.15,0.15,0.1,0.15,0.1
2424,2424,Kępice,82,Pomorskie,0.15,0.15,0.1,0.15,0.1
2425,2425,Kępie,84,Świętokrzyskie,0.15,0.15,0.1,0.15,0.1
2426,2426,Kępie,77,Małopolskie,0.15,0.15,0.1,0.15,0.1
2427,2427,Kępno,87,Zachodniopomorskie,0.15,0.15,0.1,0.15,0.1
2428,2428,Kępno,82,Pomorskie,0.15,0.15,0.1,0.15,0.1
2429,2429,Kępno,86,Wielkopolskie,0.15,0.15,0.1,0.15,0.1
2430,2430,Kęsowo,73,Kujawsko-pomorskie,0.15,0.15,0.1,0.15,0.1
2431,2431,Kętrzyn,85,Warmińsko-mazurskie,0.15,0.15,0.1,0.15,0.1
2432,2432,Kęty,77,Małopolskie,0.15,0.15,0.1,0.15,0.1
2433,2433,Kłaj,77,Małopolskie,0.15,0.15,0.1,0.15,0.1
2434,2434,Kłecko,86,Wielkopolskie,0.15,0.15,0.1,0.15,0.1
2435,2435,Kłobuck,83,Śląskie,0.15,0.15,0.1,0.15,0.1
2436,2436,Kłobuczyn,72,Dolnośląskie,0.15,0.15,0.1,0.15,0.1
2437,2437,Kłoczew,75,Lubelskie,0.15,0.15,0.1,0.15,0.1
2438,2438,Kłodawa,86,Wielkopolskie,0.15,0.15,0.1,0.15,0.1
2439,2439,Kłodawa,82,Pomorskie,0.15,0.15,0.1,0.15,0.1
2440,2440,Kłodawa,80,Podkarpackie,0.15,0.15,0.1,0.15,0.1
2441,2441,Kłodawa,76,Lubuskie,0.15,0.15,0.1,0.15,0.1
2442,2442,Kłodzko,72,Dolnośląskie,0.15,0.15,0.1,0.15,0.1
2443,2443,Kłomnice,83,Śląskie,0.15,0.15,0.1,0.15,0.1
2444,2444,Lachowice,77,Małopolskie,0.15,0.15,0.1,0.15,0.1
2445,2445,Laliki,83,Śląskie,0.15,0.15,0.1,0.15,0.1
2446,2446,Lanckorona,77,Małopolskie,0.15,0.15,0.1,0.15,0.1
2447,2447,Lasek,72,Dolnośląskie,0.15,0.15,0.1,0.15,0.1
2448,2448,Lasek,73,Kujawsko-pomorskie,0.15,0.15,0.1,0.15,0.1
2449,2449,Lasek,74,Łódzkie,0.15,0.15,0.1,0.15,0.1
2450,2450,Lasek,75,Lubelskie,0.15,0.15,0.1,0.15,0.1
2451,2451,Lasek,76,Lubuskie,0.15,0.15,0.1,0.15,0.1
2452,2452,Lasek,77,Małopolskie,0.15,0.15,0.1,0.15,0.1
2453,2453,Lasek,78,Mazowieckie,0.15,0.15,0.1,0.15,0.1
2454,2454,Lasek,82,Pomorskie,0.15,0.15,0.1,0.15,0.1
2455,2455,Lasek,84,Świętokrzyskie,0.15,0.15,0.1,0.15,0.1
2456,2456,Laskowa,77,Małopolskie,0.15,0.15,0.1,0.15,0.1
2457,2457,Laskowa,84,Świętokrzyskie,0.15,0.15,0.1,0.15,0.1
2458,2458,Laskowa,72,Dolnośląskie,0.15,0.15,0.1,0.15,0.1
2459,2459,Lasowice Małe,79,Opolskie,0.15,0.15,0.1,0.15,0.1
2460,2460,Lasowice Wielkie,79,Opolskie,0.15,0.15,0.1,0.15,0.1
2461,2461,Laszki,80,Podkarpackie,0.15,0.15,0.1,0.15,0.1
2462,2462,Laszki,81,Podlaskie,0.15,0.15,0.1,0.15,0.1
2463,2463,Latowicz,78,Mazowieckie,0.15,0.15,0.1,0.15,0.1
2464,2464,Lecka,80,Podkarpackie,0.15,0.15,0.1,0.15,0.1
2465,2465,Legionowo,78,Mazowieckie,0.15,0.15,0.1,0.15,0.1
2466,2466,Legnica,72,Dolnośląskie,0.15,0.15,0.1,0.15,0.1
2467,2467,Legnickie Pole,72,Dolnośląskie,0.15,0.15,0.1,0.15,0.1
2468,2468,Lelis,78,Mazowieckie,0.15,0.15,0.1,0.15,0.1
2469,2469,Lelkowo,85,Warmińsko-mazurskie,0.15,0.15,0.1,0.15,0.1
2470,2470,Lelów,83,Śląskie,0.15,0.15,0.1,0.15,0.1
2471,2471,Lemierzyce,76,Lubuskie,0.15,0.15,0.1,0.15,0.1
2472,2472,Lesko,80,Podkarpackie,0.15,0.15,0.1,0.15,0.1
2473,2473,Leszno,74,Łódzkie,0.15,0.15,0.1,0.15,0.1
2474,2474,Leszno,86,Wielkopolskie,0.15,0.15,0.1,0.15,0.1
2475,2475,Leszno,85,Warmińsko-mazurskie,0.15,0.15,0.1,0.15,0.1
2476,2476,Leszno,80,Podkarpackie,0.15,0.15,0.1,0.15,0.1
2477,2477,Leszno,78,Mazowieckie,0.15,0.15,0.1,0.15,0.1
2478,2478,Lesznowola,78,Mazowieckie,0.15,0.15,0.1,0.15,0.1
2479,2479,Lewin Brzeski,79,Opolskie,0.15,0.15,0.1,0.15,0.1
2480,2480,Lewin Kłodzki,72,Dolnośląskie,0.15,0.15,0.1,0.15,0.1
2481,2481,Leńcze,77,Małopolskie,0.15,0.15,0.1,0.15,0.1
2482,2482,Leśna,83,Śląskie,0.15,0.15,0.1,0.15,0.1
2483,2483,Leśna,81,Podlaskie,0.15,0.15,0.1,0.15,0.1
2484,2484,Leśna,72,Dolnośląskie,0.15,0.15,0.1,0.15,0.1
2485,2485,Leśna,79,Opolskie,0.15,0.15,0.1,0.15,0.1
2486,2486,Leśna Podlaska,75,Lubelskie,0.15,0.15,0.1,0.15,0.1
2487,2487,Leśnica,77,Małopolskie,0.15,0.15,0.1,0.15,0.1
2488,2488,Leśnica,87,Zachodniopomorskie,0.15,0.15,0.1,0.15,0.1
2489,2489,Leśnica,86,Wielkopolskie,0.15,0.15,0.1,0.15,0.1
2490,2490,Leśnica,85,Warmińsko-mazurskie,0.15,0.15,0.1,0.15,0.1
2491,2491,Leśnica,84,Świętokrzyskie,0.15,0.15,0.1,0.15,0.1
2492,2492,Leśnica,79,Opolskie,0.15,0.15,0.1,0.15,0.1
2493,2493,Leśnica,74,Łódzkie,0.15,0.15,0.1,0.15,0.1
2494,2494,Leżachów,80,Podkarpackie,0.15,0.15,0.1,0.15,0.1
2495,2495,Leżajsk,80,Podkarpackie,0.15,0.15,0.1,0.15,0.1
2496,2496,Lgota,77,Małopolskie,0.15,0.15,0.1,0.15,0.1
2497,2497,Lgota,83,Śląskie,0.15,0.15,0.1,0.15,0.1
2498,2498,Lgota Górna,83,Śląskie,0.15,0.15,0.1,0.15,0.1
2499,2499,Lgota Wielka,74,Łódzkie,0.15,0.15,0.1,0.15,0.1
2500,2500,Lgota Wielka,77,Małopolskie,0.15,0.15,0.1,0.15,0.1
2501,2501,Libertów,77,Małopolskie,0.15,0.15,0.1,0.15,0.1
2502,2502,Libiąż,77,Małopolskie,0.15,0.15,0.1,0.15,0.1
2503,2503,Licheń Stary,86,Wielkopolskie,0.15,0.15,0.1,0.15,0.1
2504,2504,Lichnowy,82,Pomorskie,0.15,0.15,0.1,0.15,0.1
2505,2505,Lidzbark,85,Warmińsko-mazurskie,0.15,0.15,0.1,0.15,0.1
2506,2506,Lidzbark Warmiński,85,Warmińsko-mazurskie,0.15,0.15,0.1,0.15,0.1
2507,2507,Ligota,72,Dolnośląskie,0.15,0.15,0.1,0.15,0.1
2508,2508,Ligota,74,Łódzkie,0.15,0.15,0.1,0.15,0.1
2509,2509,Ligota,83,Śląskie,0.15,0.15,0.1,0.15,0.1
2510,2510,Ligota,86,Wielkopolskie,0.15,0.15,0.1,0.15,0.1
2511,2511,Limanowa,77,Małopolskie,0.15,0.15,0.1,0.15,0.1
2512,2512,Linia,82,Pomorskie,0.15,0.15,0.1,0.15,0.1
2513,2513,Liniewo,82,Pomorskie,0.15,0.15,0.1,0.15,0.1
2514,2514,Lipce Reymontowskie,74,Łódzkie,0.15,0.15,0.1,0.15,0.1
2515,2515,Lipiany,72,Dolnośląskie,0.15,0.15,0.1,0.15,0.1
2516,2516,Lipiany,87,Zachodniopomorskie,0.15,0.15,0.1,0.15,0.1
2517,2517,Lipie,83,Śląskie,0.15,0.15,0.1,0.15,0.1
2518,2518,Lipie,87,Zachodniopomorskie,0.15,0.15,0.1,0.15,0.1
2519,2519,Lipie,86,Wielkopolskie,0.15,0.15,0.1,0.15,0.1
2520,2520,Lipie,84,Świętokrzyskie,0.15,0.15,0.1,0.15,0.1
2521,2521,Lipie,73,Kujawsko-pomorskie,0.15,0.15,0.1,0.15,0.1
2522,2522,Lipie,80,Podkarpackie,0.15,0.15,0.1,0.15,0.1
2523,2523,Lipie,78,Mazowieckie,0.15,0.15,0.1,0.15,0.1
2524,2524,Lipie,77,Małopolskie,0.15,0.15,0.1,0.15,0.1
2525,2525,Lipie,74,Łódzkie,0.15,0.15,0.1,0.15,0.1
2526,2526,Lipinki,76,Lubuskie,0.15,0.15,0.1,0.15,0.1
2527,2527,Lipinki,78,Mazowieckie,0.15,0.15,0.1,0.15,0.1
2528,2528,Lipinki,77,Małopolskie,0.15,0.15,0.1,0.15,0.1
2529,2529,Lipinki,86,Wielkopolskie,0.15,0.15,0.1,0.15,0.1
2530,2530,Lipinki,87,Zachodniopomorskie,0.15,0.15,0.1,0.15,0.1
2531,2531,Lipinki,75,Lubelskie,0.15,0.15,0.1,0.15,0.1
2532,2532,Lipinki,85,Warmińsko-mazurskie,0.15,0.15,0.1,0.15,0.1
2533,2533,Lipinki,73,Kujawsko-pomorskie,0.15,0.15,0.1,0.15,0.1
2534,2534,Lipinki Łużyckie,76,Lubuskie,0.15,0.15,0.1,0.15,0.1
2535,2535,Lipka,87,Zachodniopomorskie,0.15,0.15,0.1,0.15,0.1
2536,2536,Lipka,86,Wielkopolskie,0.15,0.15,0.1,0.15,0.1
2537,2537,Lipka,76,Lubuskie,0.15,0.15,0.1,0.15,0.1
2538,2538,Lipka,74,Łódzkie,0.15,0.15,0.1,0.15,0.1
2539,2539,Lipka,72,Dolnośląskie,0.15,0.15,0.1,0.15,0.1
2540,2540,Lipka,78,Mazowieckie,0.15,0.15,0.1,0.15,0.1
2541,2541,Lipkowo,85,Warmińsko-mazurskie,0.15,0.15,0.1,0.15,0.1
2542,2542,Lipnica,84,Świętokrzyskie,0.15,0.15,0.1,0.15,0.1
2543,2543,Lipnica,86,Wielkopolskie,0.15,0.15,0.1,0.15,0.1
2544,2544,Lipnica,87,Zachodniopomorskie,0.15,0.15,0.1,0.15,0.1
2545,2545,Lipnica,72,Dolnośląskie,0.15,0.15,0.1,0.15,0.1
2546,2546,Lipnica,73,Kujawsko-pomorskie,0.15,0.15,0.1,0.15,0.1
2547,2547,Lipnica,75,Lubelskie,0.15,0.15,0.1,0.15,0.1
2548,2548,Lipnica,80,Podkarpackie,0.15,0.15,0.1,0.15,0.1
2549,2549,Lipnica,82,Pomorskie,0.15,0.15,0.1,0.15,0.1
2550,2550,Lipnica,74,Łódzkie,0.15,0.15,0.1,0.15,0.1
2551,2551,Lipnica Dolna,80,Podkarpackie,0.15,0.15,0.1,0.15,0.1
2552,2552,Lipnica Dolna,77,Małopolskie,0.15,0.15,0.1,0.15,0.1
2553,2553,Lipnica Mała,77,Małopolskie,0.15,0.15,0.1,0.15,0.1
2554,2554,Lipnica Murowana,77,Małopolskie,0.15,0.15,0.1,0.15,0.1
2555,2555,Lipnica Wielka,77,Małopolskie,0.15,0.15,0.1,0.15,0.1
2556,2556,Lipnik,84,Świętokrzyskie,0.15,0.15,0.1,0.15,0.1
2557,2557,Lipnik,85,Warmińsko-mazurskie,0.15,0.15,0.1,0.15,0.1
2558,2558,Lipnik,86,Wielkopolskie,0.15,0.15,0.1,0.15,0.1
2559,2559,Lipnik,87,Zachodniopomorskie,0.15,0.15,0.1,0.15,0.1
2560,2560,Lipnik,74,Łódzkie,0.15,0.15,0.1,0.15,0.1
2561,2561,Lipnik,77,Małopolskie,0.15,0.15,0.1,0.15,0.1
2562,2562,Lipnik,80,Podkarpackie,0.15,0.15,0.1,0.15,0.1
2563,2563,Lipnik,81,Podlaskie,0.15,0.15,0.1,0.15,0.1
2564,2564,Lipnik,83,Śląskie,0.15,0.15,0.1,0.15,0.1
2565,2565,Lipno,76,Lubuskie,0.15,0.15,0.1,0.15,0.1
2566,2566,Lipno,74,Łódzkie,0.15,0.15,0.1,0.15,0.1
2567,2567,Lipno,75,Lubelskie,0.15,0.15,0.1,0.15,0.1
2568,2568,Lipno,78,Mazowieckie,0.15,0.15,0.1,0.15,0.1
2569,2569,Lipno,73,Kujawsko-pomorskie,0.15,0.15,0.1,0.15,0.1
2570,2570,Lipno,79,Opolskie,0.15,0.15,0.1,0.15,0.1
2571,2571,Lipno,82,Pomorskie,0.15,0.15,0.1,0.15,0.1
2572,2572,Lipno,84,Świętokrzyskie,0.15,0.15,0.1,0.15,0.1
2573,2573,Lipno,86,Wielkopolskie,0.15,0.15,0.1,0.15,0.1
2574,2574,Lipno,87,Zachodniopomorskie,0.15,0.15,0.1,0.15,0.1
2575,2575,Lipowa,83,Śląskie,0.15,0.15,0.1,0.15,0.1
2576,2576,Lipowa,72,Dolnośląskie,0.15,0.15,0.1,0.15,0.1
2577,2577,Lipowa,73,Kujawsko-pomorskie,0.15,0.15,0.1,0.15,0.1
2578,2578,Lipowa,79,Opolskie,0.15,0.15,0.1,0.15,0.1
2579,2579,Lipowa,84,Świętokrzyskie,0.15,0.15,0.1,0.15,0.1
2580,2580,Lipowiec Kościelny,78,Mazowieckie,0.15,0.15,0.1,0.15,0.1
2581,2581,Lipsk,81,Podlaskie,0.15,0.15,0.1,0.15,0.1
2582,2582,Lipsko,75,Lubelskie,0.15,0.15,0.1,0.15,0.1
2583,2583,Lipsko,78,Mazowieckie,0.15,0.15,0.1,0.15,0.1
2584,2584,Lipsko,80,Podkarpackie,0.15,0.15,0.1,0.15,0.1
2585,2585,Lipusz,82,Pomorskie,0.15,0.15,0.1,0.15,0.1
2586,2586,Lisewo,85,Warmińsko-mazurskie,0.15,0.15,0.1,0.15,0.1
2587,2587,Lisewo,86,Wielkopolskie,0.15,0.15,0.1,0.15,0.1
2588,2588,Lisewo,73,Kujawsko-pomorskie,0.15,0.15,0.1,0.15,0.1
2589,2589,Lisewo,78,Mazowieckie,0.15,0.15,0.1,0.15,0.1
2590,2590,Lisewo,82,Pomorskie,0.15,0.15,0.1,0.15,0.1
2591,2591,Lisewo Malborskie,82,Pomorskie,0.15,0.15,0.1,0.15,0.1
2592,2592,Lisia Góra,87,Zachodniopomorskie,0.15,0.15,0.1,0.15,0.1
2593,2593,Lisia Góra,86,Wielkopolskie,0.15,0.15,0.1,0.15,0.1
2594,2594,Lisia Góra,77,Małopolskie,0.15,0.15,0.1,0.15,0.1
2595,2595,Lisia Góra,76,Lubuskie,0.15,0.15,0.1,0.15,0.1
2596,2596,Lisia Góra,82,Pomorskie,0.15,0.15,0.1,0.15,0.1
2597,2597,Lisków,86,Wielkopolskie,0.15,0.15,0.1,0.15,0.1
2598,2598,Lisowice,83,Śląskie,0.15,0.15,0.1,0.15,0.1
2599,2599,Lisowice,72,Dolnośląskie,0.15,0.15,0.1,0.15,0.1
2600,2600,Lisowice,74,Łódzkie,0.15,0.15,0.1,0.15,0.1
2601,2601,Liszki,85,Warmińsko-mazurskie,0.15,0.15,0.1,0.15,0.1
2602,2602,Liszki,78,Mazowieckie,0.15,0.15,0.1,0.15,0.1
2603,2603,Liszki,77,Małopolskie,0.15,0.15,0.1,0.15,0.1
2604,2604,Liszki,74,Łódzkie,0.15,0.15,0.1,0.15,0.1
2605,2605,Liw,78,Mazowieckie,0.15,0.15,0.1,0.15,0.1
2606,2606,Lniano,73,Kujawsko-pomorskie,0.15,0.15,0.1,0.15,0.1
2607,2607,Lubaczów,80,Podkarpackie,0.15,0.15,0.1,0.15,0.1
2608,2608,Lubanie,73,Kujawsko-pomorskie,0.15,0.15,0.1,0.15,0.1
2609,2609,Lubanowo,87,Zachodniopomorskie,0.15,0.15,0.1,0.15,0.1
2610,2610,Lubartów,76,Lubuskie,0.15,0.15,0.1,0.15,0.1
2611,2611,Lubartów,75,Lubelskie,0.15,0.15,0.1,0.15,0.1
2612,2612,Lubasz,77,Małopolskie,0.15,0.15,0.1,0.15,0.1
2613,2613,Lubasz,86,Wielkopolskie,0.15,0.15,0.1,0.15,0.1
2614,2614,Lubaszowa,77,Małopolskie,0.15,0.15,0.1,0.15,0.1
2615,2615,Lubawa,85,Warmińsko-mazurskie,0.15,0.15,0.1,0.15,0.1
2616,2616,Lubawka,72,Dolnośląskie,0.15,0.15,0.1,0.15,0.1
2617,2617,Lubań,82,Pomorskie,0.15,0.15,0.1,0.15,0.1
2618,2618,Lubań,72,Dolnośląskie,0.15,0.15,0.1,0.15,0.1
2619,2619,Lubenia,80,Podkarpackie,0.15,0.15,0.1,0.15,0.1
2620,2620,Lubichowo,82,Pomorskie,0.15,0.15,0.1,0.15,0.1
2621,2621,Lubicz Dolny,73,Kujawsko-pomorskie,0.15,0.15,0.1,0.15,0.1
2622,2622,Lubicz Górny,73,Kujawsko-pomorskie,0.15,0.15,0.1,0.15,0.1
2623,2623,Lubieszewo,73,Kujawsko-pomorskie,0.15,0.15,0.1,0.15,0.1
2624,2624,Lubieszewo,82,Pomorskie,0.15,0.15,0.1,0.15,0.1
2625,2625,Lubieszewo,87,Zachodniopomorskie,0.15,0.15,0.1,0.15,0.1
2626,2626,Lubieszów,76,Lubuskie,0.15,0.15,0.1,0.15,0.1
2627,2627,Lubieszów,79,Opolskie,0.15,0.15,0.1,0.15,0.1
2628,2628,Lubiewo,73,Kujawsko-pomorskie,0.15,0.15,0.1,0.15,0.1
2629,2629,Lubiewo,76,Lubuskie,0.15,0.15,0.1,0.15,0.1
2630,2630,Lubiewo,85,Warmińsko-mazurskie,0.15,0.15,0.1,0.15,0.1
2631,2631,Lubień,77,Małopolskie,0.15,0.15,0.1,0.15,0.1
2632,2632,Lubień,75,Lubelskie,0.15,0.15,0.1,0.15,0.1
2633,2633,Lubień,86,Wielkopolskie,0.15,0.15,0.1,0.15,0.1
2634,2634,Lubień,85,Warmińsko-mazurskie,0.15,0.15,0.1,0.15,0.1
2635,2635,Lubień,74,Łódzkie,0.15,0.15,0.1,0.15,0.1
2636,2636,Lubień,72,Dolnośląskie,0.15,0.15,0.1,0.15,0.1
2637,2637,Lubień,76,Lubuskie,0.15,0.15,0.1,0.15,0.1
2638,2638,Lubień Kujawski,73,Kujawsko-pomorskie,0.15,0.15,0.1,0.15,0.1
2639,2639,Lubin,87,Zachodniopomorskie,0.15,0.15,0.1,0.15,0.1
2640,2640,Lubin,72,Dolnośląskie,0.15,0.15,0.1,0.15,0.1
2641,2641,Lubin,73,Kujawsko-pomorskie,0.15,0.15,0.1,0.15,0.1
2642,2642,Lubin,76,Lubuskie,0.15,0.15,0.1,0.15,0.1
2643,2643,Lubin,85,Warmińsko-mazurskie,0.15,0.15,0.1,0.15,0.1
2644,2644,Lubiszyn,76,Lubuskie,0.15,0.15,0.1,0.15,0.1
2645,2645,Lubięcin,76,Lubuskie,0.15,0.15,0.1,0.15,0.1
2646,2646,Lubiń,86,Wielkopolskie,0.15,0.15,0.1,0.15,0.1
2647,2647,Lublewo Gdańskie,82,Pomorskie,0.15,0.15,0.1,0.15,0.1
2648,2648,Lublin,75,Lubelskie,0.15,0.15,0.1,0.15,0.1
2649,2649,Lubliniec,83,Śląskie,0.15,0.15,0.1,0.15,0.1
2650,2650,Lubniewice,76,Lubuskie,0.15,0.15,0.1,0.15,0.1
2651,2651,Lubochnia,74,Łódzkie,0.15,0.15,0.1,0.15,0.1
2652,2652,Lubochnia,86,Wielkopolskie,0.15,0.15,0.1,0.15,0.1
2653,2653,Lubomia,83,Śląskie,0.15,0.15,0.1,0.15,0.1
2654,2654,Lubomierz,80,Podkarpackie,0.15,0.15,0.1,0.15,0.1
2655,2655,Lubomierz,86,Wielkopolskie,0.15,0.15,0.1,0.15,0.1
2656,2656,Lubomierz,77,Małopolskie,0.15,0.15,0.1,0.15,0.1
2657,2657,Lubomierz,72,Dolnośląskie,0.15,0.15,0.1,0.15,0.1
2658,2658,Lubomino,85,Warmińsko-mazurskie,0.15,0.15,0.1,0.15,0.1
2659,2659,Luborzyca,77,Małopolskie,0.15,0.15,0.1,0.15,0.1
2660,2660,Lubowidz,82,Pomorskie,0.15,0.15,0.1,0.15,0.1
2661,2661,Lubowidz,78,Mazowieckie,0.15,0.15,0.1,0.15,0.1
2662,2662,Luboń,86,Wielkopolskie,0.15,0.15,0.1,0.15,0.1
2663,2663,Luboń,82,Pomorskie,0.15,0.15,0.1,0.15,0.1
2664,2664,Lubraniec,73,Kujawsko-pomorskie,0.15,0.15,0.1,0.15,0.1
2665,2665,Lubrza,79,Opolskie,0.15,0.15,0.1,0.15,0.1
2666,2666,Lubrza,76,Lubuskie,0.15,0.15,0.1,0.15,0.1
2667,2667,Lubsko,76,Lubuskie,0.15,0.15,0.1,0.15,0.1
2668,2668,Lubsza,79,Opolskie,0.15,0.15,0.1,0.15,0.1
2669,2669,Lubsza,83,Śląskie,0.15,0.15,0.1,0.15,0.1
2670,2670,Lubycza Królewska,75,Lubelskie,0.15,0.15,0.1,0.15,0.1
2671,2671,Ludmiłówka,75,Lubelskie,0.15,0.15,0.1,0.15,0.1
2672,2672,Ludwikowice Kłodzkie,72,Dolnośląskie,0.15,0.15,0.1,0.15,0.1
2673,2673,Ludwin,75,Lubelskie,0.15,0.15,0.1,0.15,0.1
2674,2674,Ludwinów,83,Śląskie,0.15,0.15,0.1,0.15,0.1
2675,2675,Ludwinów,78,Mazowieckie,0.15,0.15,0.1,0.15,0.1
2676,2676,Ludwinów,84,Świętokrzyskie,0.15,0.15,0.1,0.15,0.1
2677,2677,Ludwinów,86,Wielkopolskie,0.15,0.15,0.1,0.15,0.1
2678,2678,Ludwinów,75,Lubelskie,0.15,0.15,0.1,0.15,0.1
2679,2679,Ludwinów,74,Łódzkie,0.15,0.15,0.1,0.15,0.1
2680,2680,Ludźmierz,77,Małopolskie,0.15,0.15,0.1,0.15,0.1
2681,2681,Lusina,72,Dolnośląskie,0.15,0.15,0.1,0.15,0.1
2682,2682,Lusina,77,Małopolskie,0.15,0.15,0.1,0.15,0.1
2683,2683,Luszowice,77,Małopolskie,0.15,0.15,0.1,0.15,0.1
2684,2684,Lutocin,78,Mazowieckie,0.15,0.15,0.1,0.15,0.1
2685,2685,Lutom,82,Pomorskie,0.15,0.15,0.1,0.15,0.1
2686,2686,Lutom,86,Wielkopolskie,0.15,0.15,0.1,0.15,0.1
2687,2687,Lutomiersk,74,Łódzkie,0.15,0.15,0.1,0.15,0.1
2688,2688,Lutoryż,80,Podkarpackie,0.15,0.15,0.1,0.15,0.1
2689,2689,Lutowiska,80,Podkarpackie,0.15,0.15,0.1,0.15,0.1
2690,2690,Lututów,74,Łódzkie,0.15,0.15,0.1,0.15,0.1
2691,2691,Lutynia,86,Wielkopolskie,0.15,0.15,0.1,0.15,0.1
2692,2692,Lutynia,72,Dolnośląskie,0.15,0.15,0.1,0.15,0.1
2693,2693,Luzino,82,Pomorskie,0.15,0.15,0.1,0.15,0.1
2694,2694,Lwówek,78,Mazowieckie,0.15,0.15,0.1,0.15,0.1
2695,2695,Lwówek,86,Wielkopolskie,0.15,0.15,0.1,0.15,0.1
2696,2696,Lwówek Śląski,72,Dolnośląskie,0.15,0.15,0.1,0.15,0.1
2697,2697,Lyski,83,Śląskie,0.15,0.15,0.1,0.15,0.1
2698,2698,Lądek,85,Warmińsko-mazurskie,0.15,0.15,0.1,0.15,0.1
2699,2699,Lądek,86,Wielkopolskie,0.15,0.15,0.1,0.15,0.1
2700,2700,Lądek-Zdrój,72,Dolnośląskie,0.15,0.15,0.1,0.15,0.1
2701,2701,Lębork,82,Pomorskie,0.15,0.15,0.1,0.15,0.1
2702,2702,Lędyczek,86,Wielkopolskie,0.15,0.15,0.1,0.15,0.1
2703,2703,Lędziny,79,Opolskie,0.15,0.15,0.1,0.15,0.1
2704,2704,Lędziny,83,Śląskie,0.15,0.15,0.1,0.15,0.1
2705,2705,Maciejowice,84,Świętokrzyskie,0.15,0.15,0.1,0.15,0.1
2706,2706,Maciejowice,79,Opolskie,0.15,0.15,0.1,0.15,0.1
2707,2707,Maciejowice,78,Mazowieckie,0.15,0.15,0.1,0.15,0.1
2708,2708,Maciejowice,77,Małopolskie,0.15,0.15,0.1,0.15,0.1
2709,2709,Magnuszew,78,Mazowieckie,0.15,0.15,0.1,0.15,0.1
2710,2710,Majdan Królewski,80,Podkarpackie,0.15,0.15,0.1,0.15,0.1
2711,2711,Maków,83,Śląskie,0.15,0.15,0.1,0.15,0.1
2712,2712,Maków,78,Mazowieckie,0.15,0.15,0.1,0.15,0.1
2713,2713,Maków,77,Małopolskie,0.15,0.15,0.1,0.15,0.1
2714,2714,Maków,74,Łódzkie,0.15,0.15,0.1,0.15,0.1
2715,2715,Maków,85,Warmińsko-mazurskie,0.15,0.15,0.1,0.15,0.1
2716,2716,Maków Mazowiecki,78,Mazowieckie,0.15,0.15,0.1,0.15,0.1
2717,2717,Maków Podhalański,77,Małopolskie,0.15,0.15,0.1,0.15,0.1
2718,2718,Malanów,74,Łódzkie,0.15,0.15,0.1,0.15,0.1
2719,2719,Malanów,86,Wielkopolskie,0.15,0.15,0.1,0.15,0.1
2720,2720,Malbork,82,Pomorskie,0.15,0.15,0.1,0.15,0.1
2721,2721,Malczyce,72,Dolnośląskie,0.15,0.15,0.1,0.15,0.1
2722,2722,Malczyce,82,Pomorskie,0.15,0.15,0.1,0.15,0.1
2723,2723,Malec,77,Małopolskie,0.15,0.15,0.1,0.15,0.1
2724,2724,Malec,81,Podlaskie,0.15,0.15,0.1,0.15,0.1
2725,2725,Malechowo,87,Zachodniopomorskie,0.15,0.15,0.1,0.15,0.1
2726,2726,Malinówka,80,Podkarpackie,0.15,0.15,0.1,0.15,0.1
2727,2727,Malinówka,74,Łódzkie,0.15,0.15,0.1,0.15,0.1
2728,2728,Malinówka,75,Lubelskie,0.15,0.15,0.1,0.15,0.1
2729,2729,Malinówka,81,Podlaskie,0.15,0.15,0.1,0.15,0.1
2730,2730,Manasterz,80,Podkarpackie,0.15,0.15,0.1,0.15,0.1
2731,2731,Maniowy,77,Małopolskie,0.15,0.15,0.1,0.15,0.1
2732,2732,Manowo,87,Zachodniopomorskie,0.15,0.15,0.1,0.15,0.1
2733,2733,Marcinowice,76,Lubuskie,0.15,0.15,0.1,0.15,0.1
2734,2734,Marcinowice,72,Dolnośląskie,0.15,0.15,0.1,0.15,0.1
2735,2735,Marcinowice,77,Małopolskie,0.15,0.15,0.1,0.15,0.1
2736,2736,Marciszów,72,Dolnośląskie,0.15,0.15,0.1,0.15,0.1
2737,2737,Marcyporęba,77,Małopolskie,0.15,0.15,0.1,0.15,0.1
2738,2738,Marcówka,77,Małopolskie,0.15,0.15,0.1,0.15,0.1
2739,2739,Margonin,86,Wielkopolskie,0.15,0.15,0.1,0.15,0.1
2740,2740,Marianowo,86,Wielkopolskie,0.15,0.15,0.1,0.15,0.1
2741,2741,Marianowo,87,Zachodniopomorskie,0.15,0.15,0.1,0.15,0.1
2742,2742,Marianowo,78,Mazowieckie,0.15,0.15,0.1,0.15,0.1
2743,2743,Marianowo,81,Podlaskie,0.15,0.15,0.1,0.15,0.1
2744,2744,Marianowo,76,Lubuskie,0.15,0.15,0.1,0.15,0.1
2745,2745,Marianowo,73,Kujawsko-pomorskie,0.15,0.15,0.1,0.15,0.1
2746,2746,Marki,74,Łódzkie,0.15,0.15,0.1,0.15,0.1
2747,2747,Marki,78,Mazowieckie,0.15,0.15,0.1,0.15,0.1
2748,2748,Marki,79,Opolskie,0.15,0.15,0.1,0.15,0.1
2749,2749,Marki,80,Podkarpackie,0.15,0.15,0.1,0.15,0.1
2750,2750,Marki,81,Podlaskie,0.15,0.15,0.1,0.15,0.1
2751,2751,Markowa,80,Podkarpackie,0.15,0.15,0.1,0.15,0.1
2752,2752,Markusy,85,Warmińsko-mazurskie,0.15,0.15,0.1,0.15,0.1
2753,2753,Markuszów,75,Lubelskie,0.15,0.15,0.1,0.15,0.1
2754,2754,Marszowice,72,Dolnośląskie,0.15,0.15,0.1,0.15,0.1
2755,2755,Marszowice,77,Małopolskie,0.15,0.15,0.1,0.15,0.1
2756,2756,Marzęcino,82,Pomorskie,0.15,0.15,0.1,0.15,0.1
2757,2757,Maszewo,87,Zachodniopomorskie,0.15,0.15,0.1,0.15,0.1
2758,2758,Maszewo,78,Mazowieckie,0.15,0.15,0.1,0.15,0.1
2759,2759,Maszewo,76,Lubuskie,0.15,0.15,0.1,0.15,0.1
2760,2760,Maszewo Duże,78,Mazowieckie,0.15,0.15,0.1,0.15,0.1
2761,2761,Maszewo Lęborskie,82,Pomorskie,0.15,0.15,0.1,0.15,0.1
2762,2762,Maszkienice,77,Małopolskie,0.15,0.15,0.1,0.15,0.1
2763,2763,Masłomiąca,77,Małopolskie,0.15,0.15,0.1,0.15,0.1
2764,2764,Masłowice,74,Łódzkie,0.15,0.15,0.1,0.15,0.1
2765,2765,Masłowice,87,Zachodniopomorskie,0.15,0.15,0.1,0.15,0.1
2766,2766,Masłów,72,Dolnośląskie,0.15,0.15,0.1,0.15,0.1
2767,2767,Mazańcowice,83,Śląskie,0.15,0.15,0.1,0.15,0.1
2768,2768,Mazowszany,78,Mazowieckie,0.15,0.15,0.1,0.15,0.1
2769,2769,Maćkówka,80,Podkarpackie,0.15,0.15,0.1,0.15,0.1
2770,2770,Mała Wieś,86,Wielkopolskie,0.15,0.15,0.1,0.15,0.1
2771,2771,Mała Wieś,84,Świętokrzyskie,0.15,0.15,0.1,0.15,0.1
2772,2772,Mała Wieś,82,Pomorskie,0.15,0.15,0.1,0.15,0.1
2773,2773,Mała Wieś,78,Mazowieckie,0.15,0.15,0.1,0.15,0.1
2774,2774,Mała Wieś,77,Małopolskie,0.15,0.15,0.1,0.15,0.1
2775,2775,Mała Wieś,74,Łódzkie,0.15,0.15,0.1,0.15,0.1
2776,2776,Małdyty,85,Warmińsko-mazurskie,0.15,0.15,0.1,0.15,0.1
2777,2777,Małkinia Górna,78,Mazowieckie,0.15,0.15,0.1,0.15,0.1
2778,2778,Małkowice,80,Podkarpackie,0.15,0.15,0.1,0.15,0.1
2779,2779,Małkowice,79,Opolskie,0.15,0.15,0.1,0.15,0.1
2780,2780,Małkowice,72,Dolnośląskie,0.15,0.15,0.1,0.15,0.1
2781,2781,Małogoszcz,84,Świętokrzyskie,0.15,0.15,0.1,0.15,0.1
2782,2782,Małomice,76,Lubuskie,0.15,0.15,0.1,0.15,0.1
2783,2783,Mały Płock,81,Podlaskie,0.15,0.15,0.1,0.15,0.1
2784,2784,Mechowiec,80,Podkarpackie,0.15,0.15,0.1,0.15,0.1
2785,2785,Medyka,80,Podkarpackie,0.15,0.15,0.1,0.15,0.1
2786,2786,Mełgiew,75,Lubelskie,0.15,0.15,0.1,0.15,0.1
2787,2787,Miasteczko Krajeńskie,86,Wielkopolskie,0.15,0.15,0.1,0.15,0.1
2788,2788,Miasteczko Śląskie,83,Śląskie,0.15,0.15,0.1,0.15,0.1
2789,2789,Miastko,82,Pomorskie,0.15,0.15,0.1,0.15,0.1
2790,2790,Miastko,86,Wielkopolskie,0.15,0.15,0.1,0.15,0.1
2791,2791,Miastkowo,81,Podlaskie,0.15,0.15,0.1,0.15,0.1
2792,2792,Miastków Kościelny,78,Mazowieckie,0.15,0.15,0.1,0.15,0.1
2793,2793,Michałowice,84,Świętokrzyskie,0.15,0.15,0.1,0.15,0.1
2794,2794,Michałowice,79,Opolskie,0.15,0.15,0.1,0.15,0.1
2795,2795,Michałowice,78,Mazowieckie,0.15,0.15,0.1,0.15,0.1
2796,2796,Michałowice,77,Małopolskie,0.15,0.15,0.1,0.15,0.1
2797,2797,Michałowice,74,Łódzkie,0.15,0.15,0.1,0.15,0.1
2798,2798,Michałowice,72,Dolnośląskie,0.15,0.15,0.1,0.15,0.1
2799,2799,Michałowo,86,Wielkopolskie,0.15,0.15,0.1,0.15,0.1
2800,2800,Michałowo,85,Warmińsko-mazurskie,0.15,0.15,0.1,0.15,0.1
2801,2801,Michałowo,82,Pomorskie,0.15,0.15,0.1,0.15,0.1
2802,2802,Michałowo,78,Mazowieckie,0.15,0.15,0.1,0.15,0.1
2803,2803,Michałowo,73,Kujawsko-pomorskie,0.15,0.15,0.1,0.15,0.1
2804,2804,Michałowo,81,Podlaskie,0.15,0.15,0.1,0.15,0.1
2805,2805,Michałów,74,Łódzkie,0.15,0.15,0.1,0.15,0.1
2806,2806,Michałów,72,Dolnośląskie,0.15,0.15,0.1,0.15,0.1
2807,2807,Michałów,86,Wielkopolskie,0.15,0.15,0.1,0.15,0.1
2808,2808,Michałów,84,Świętokrzyskie,0.15,0.15,0.1,0.15,0.1
2809,2809,Michałów,83,Śląskie,0.15,0.15,0.1,0.15,0.1
2810,2810,Michałów,78,Mazowieckie,0.15,0.15,0.1,0.15,0.1
2811,2811,Michałów,75,Lubelskie,0.15,0.15,0.1,0.15,0.1
2812,2812,Michałów-Reginów,78,Mazowieckie,0.15,0.15,0.1,0.15,0.1
2813,2813,Michów,75,Lubelskie,0.15,0.15,0.1,0.15,0.1
2814,2814,Michów,72,Dolnośląskie,0.15,0.15,0.1,0.15,0.1
2815,2815,Miechowice Małe,77,Małopolskie,0.15,0.15,0.1,0.15,0.1
2816,2816,Miechowice Wielkie,77,Małopolskie,0.15,0.15,0.1,0.15,0.1
2817,2817,Miechów,72,Dolnośląskie,0.15,0.15,0.1,0.15,0.1
2818,2818,Miechów,76,Lubuskie,0.15,0.15,0.1,0.15,0.1
2819,2819,Miechów,77,Małopolskie,0.15,0.15,0.1,0.15,0.1
2820,2820,Miechów,78,Mazowieckie,0.15,0.15,0.1,0.15,0.1
2821,2821,Miechów,86,Wielkopolskie,0.15,0.15,0.1,0.15,0.1
2822,2822,Miedniewice,78,Mazowieckie,0.15,0.15,0.1,0.15,0.1
2823,2823,Miedniewice,74,Łódzkie,0.15,0.15,0.1,0.15,0.1
2824,2824,Miedziana Góra,84,Świętokrzyskie,0.15,0.15,0.1,0.15,0.1
2825,2825,Miedzichowo,86,Wielkopolskie,0.15,0.15,0.1,0.15,0.1
2826,2826,Miedzna,78,Mazowieckie,0.15,0.15,0.1,0.15,0.1
2827,2827,Miedzno,87,Zachodniopomorskie,0.15,0.15,0.1,0.15,0.1
2828,2828,Miedzno,73,Kujawsko-pomorskie,0.15,0.15,0.1,0.15,0.1
2829,2829,Miedzno,82,Pomorskie,0.15,0.15,0.1,0.15,0.1
2830,2830,Miedźna,83,Śląskie,0.15,0.15,0.1,0.15,0.1
2831,2831,Miejsce Piastowe,80,Podkarpackie,0.15,0.15,0.1,0.15,0.1
2832,2832,Miejska Górka,86,Wielkopolskie,0.15,0.15,0.1,0.15,0.1
2833,2833,Mielec,80,Podkarpackie,0.15,0.15,0.1,0.15,0.1
2834,2834,Mieleszyn,74,Łódzkie,0.15,0.15,0.1,0.15,0.1
2835,2835,Mieleszyn,86,Wielkopolskie,0.15,0.15,0.1,0.15,0.1
2836,2836,Mielnik,81,Podlaskie,0.15,0.15,0.1,0.15,0.1
2837,2837,Mielno,87,Zachodniopomorskie,0.15,0.15,0.1,0.15,0.1
2838,2838,Mielno,86,Wielkopolskie,0.15,0.15,0.1,0.15,0.1
2839,2839,Mielno,85,Warmińsko-mazurskie,0.15,0.15,0.1,0.15,0.1
2840,2840,Mielno,82,Pomorskie,0.15,0.15,0.1,0.15,0.1
2841,2841,Mielno,76,Lubuskie,0.15,0.15,0.1,0.15,0.1
2842,2842,Mielno,73,Kujawsko-pomorskie,0.15,0.15,0.1,0.15,0.1
2843,2843,Mierczyce,72,Dolnośląskie,0.15,0.15,0.1,0.15,0.1
2844,2844,Mieroszów,72,Dolnośląskie,0.15,0.15,0.1,0.15,0.1
2845,2845,Mierzęcice,83,Śląskie,0.15,0.15,0.1,0.15,0.1
2846,2846,Mieszkowice,87,Zachodniopomorskie,0.15,0.15,0.1,0.15,0.1
2847,2847,Mieszkowice,79,Opolskie,0.15,0.15,0.1,0.15,0.1
2848,2848,Mieścisko,86,Wielkopolskie,0.15,0.15,0.1,0.15,0.1
2849,2849,Mieścisko,78,Mazowieckie,0.15,0.15,0.1,0.15,0.1
2850,2850,Mikoszewo,82,Pomorskie,0.15,0.15,0.1,0.15,0.1
2851,2851,Mikołajki,73,Kujawsko-pomorskie,0.15,0.15,0.1,0.15,0.1
2852,2852,Mikołajki,81,Podlaskie,0.15,0.15,0.1,0.15,0.1
2853,2853,Mikołajki,85,Warmińsko-mazurskie,0.15,0.15,0.1,0.15,0.1
2854,2854,Mikołajki Pomorskie,82,Pomorskie,0.15,0.15,0.1,0.15,0.1
2855,2855,Mikołów,83,Śląskie,0.15,0.15,0.1,0.15,0.1
2856,2856,Mikstat,86,Wielkopolskie,0.15,0.15,0.1,0.15,0.1
2857,2857,Milanów,75,Lubelskie,0.15,0.15,0.1,0.15,0.1
2858,2858,Milanów,78,Mazowieckie,0.15,0.15,0.1,0.15,0.1
2859,2859,Milanówek,78,Mazowieckie,0.15,0.15,0.1,0.15,0.1
2860,2860,Milejczyce,81,Podlaskie,0.15,0.15,0.1,0.15,0.1
2861,2861,Milejów,74,Łódzkie,0.15,0.15,0.1,0.15,0.1
2862,2862,Milejów,75,Lubelskie,0.15,0.15,0.1,0.15,0.1
2863,2863,Milejów,86,Wielkopolskie,0.15,0.15,0.1,0.15,0.1
2864,2864,Milicz,87,Zachodniopomorskie,0.15,0.15,0.1,0.15,0.1
2865,2865,Milicz,72,Dolnośląskie,0.15,0.15,0.1,0.15,0.1
2866,2866,Milówka,77,Małopolskie,0.15,0.15,0.1,0.15,0.1
2867,2867,Milówka,83,Śląskie,0.15,0.15,0.1,0.15,0.1
2868,2868,Minkowice Oławskie,72,Dolnośląskie,0.15,0.15,0.1,0.15,0.1
2869,2869,Mircze,75,Lubelskie,0.15,0.15,0.1,0.15,0.1
2870,2870,Mirków,72,Dolnośląskie,0.15,0.15,0.1,0.15,0.1
2871,2871,Mirków,74,Łódzkie,0.15,0.15,0.1,0.15,0.1
2872,2872,Mirocin,80,Podkarpackie,0.15,0.15,0.1,0.15,0.1
2873,2873,Mirosławiec,87,Zachodniopomorskie,0.15,0.15,0.1,0.15,0.1
2874,2874,Mirsk,72,Dolnośląskie,0.15,0.15,0.1,0.15,0.1
2875,2875,Mirzec,84,Świętokrzyskie,0.15,0.15,0.1,0.15,0.1
2876,2876,Mirów,77,Małopolskie,0.15,0.15,0.1,0.15,0.1
2877,2877,Mirów,78,Mazowieckie,0.15,0.15,0.1,0.15,0.1
2878,2878,Mirów,83,Śląskie,0.15,0.15,0.1,0.15,0.1
2879,2879,Mirów Stary,78,Mazowieckie,0.15,0.15,0.1,0.15,0.1
2880,2880,Miączyn,75,Lubelskie,0.15,0.15,0.1,0.15,0.1
2881,2881,Miączyn,78,Mazowieckie,0.15,0.15,0.1,0.15,0.1
2882,2882,Międzybrodzie Bialskie,83,Śląskie,0.15,0.15,0.1,0.15,0.1
2883,2883,Międzybórz,72,Dolnośląskie,0.15,0.15,0.1,0.15,0.1
2884,2884,Międzybórz,74,Łódzkie,0.15,0.15,0.1,0.15,0.1
2885,2885,Międzybórz,82,Pomorskie,0.15,0.15,0.1,0.15,0.1
2886,2886,Międzybórz,86,Wielkopolskie,0.15,0.15,0.1,0.15,0.1
2887,2887,Międzychód,85,Warmińsko-mazurskie,0.15,0.15,0.1,0.15,0.1
2888,2888,Międzychód,86,Wielkopolskie,0.15,0.15,0.1,0.15,0.1
2889,2889,Międzylesie,76,Lubuskie,0.15,0.15,0.1,0.15,0.1
2890,2890,Międzylesie,82,Pomorskie,0.15,0.15,0.1,0.15,0.1
2891,2891,Międzylesie,84,Świętokrzyskie,0.15,0.15,0.1,0.15,0.1
2892,2892,Międzylesie,85,Warmińsko-mazurskie,0.15,0.15,0.1,0.15,0.1
2893,2893,Międzylesie,72,Dolnośląskie,0.15,0.15,0.1,0.15,0.1
2894,2894,Międzylesie,86,Wielkopolskie,0.15,0.15,0.1,0.15,0.1
2895,2895,Międzylesie,87,Zachodniopomorskie,0.15,0.15,0.1,0.15,0.1
2896,2896,Międzyrzec Podlaski,75,Lubelskie,0.15,0.15,0.1,0.15,0.1
2897,2897,Międzyrzecz,76,Lubuskie,0.15,0.15,0.1,0.15,0.1
2898,2898,Międzyrzecze,87,Zachodniopomorskie,0.15,0.15,0.1,0.15,0.1
2899,2899,Międzyrzecze,83,Śląskie,0.15,0.15,0.1,0.15,0.1
2900,2900,Międzyrzecze,72,Dolnośląskie,0.15,0.15,0.1,0.15,0.1
2901,2901,Międzyrzecze,81,Podlaskie,0.15,0.15,0.1,0.15,0.1
2902,2902,Międzywodzie,87,Zachodniopomorskie,0.15,0.15,0.1,0.15,0.1
2903,2903,Międzyzdroje,87,Zachodniopomorskie,0.15,0.15,0.1,0.15,0.1
2904,2904,Miękinia,72,Dolnośląskie,0.15,0.15,0.1,0.15,0.1
2905,2905,Miękinia,77,Małopolskie,0.15,0.15,0.1,0.15,0.1
2906,2906,Miętne,78,Mazowieckie,0.15,0.15,0.1,0.15,0.1
2907,2907,Miłakowo,85,Warmińsko-mazurskie,0.15,0.15,0.1,0.15,0.1
2908,2908,Miłki,85,Warmińsko-mazurskie,0.15,0.15,0.1,0.15,0.1
2909,2909,Miłkowice,72,Dolnośląskie,0.15,0.15,0.1,0.15,0.1
2910,2910,Miłkowice,86,Wielkopolskie,0.15,0.15,0.1,0.15,0.1
2911,2911,Miłocice,77,Małopolskie,0.15,0.15,0.1,0.15,0.1
2912,2912,Miłocice,72,Dolnośląskie,0.15,0.15,0.1,0.15,0.1
2913,2913,Miłocice,82,Pomorskie,0.15,0.15,0.1,0.15,0.1
2914,2914,Miłomłyn,85,Warmińsko-mazurskie,0.15,0.15,0.1,0.15,0.1
2915,2915,Miłoradz,82,Pomorskie,0.15,0.15,0.1,0.15,0.1
2916,2916,Miłoszyce,72,Dolnośląskie,0.15,0.15,0.1,0.15,0.1
2917,2917,Miłosław,75,Lubelskie,0.15,0.15,0.1,0.15,0.1
2918,2918,Miłosław,86,Wielkopolskie,0.15,0.15,0.1,0.15,0.1
2919,2919,Mińsk Mazowiecki,78,Mazowieckie,0.15,0.15,0.1,0.15,0.1
2920,2920,Mnich,83,Śląskie,0.15,0.15,0.1,0.15,0.1
2921,2921,Mników,77,Małopolskie,0.15,0.15,0.1,0.15,0.1
2922,2922,Mników,72,Dolnośląskie,0.15,0.15,0.1,0.15,0.1
2923,2923,Mniszków,72,Dolnośląskie,0.15,0.15,0.1,0.15,0.1
2924,2924,Mniszków,74,Łódzkie,0.15,0.15,0.1,0.15,0.1
2925,2925,Mniów,84,Świętokrzyskie,0.15,0.15,0.1,0.15,0.1
2926,2926,Mochowo,78,Mazowieckie,0.15,0.15,0.1,0.15,0.1
2927,2927,Modliborzyce,73,Kujawsko-pomorskie,0.15,0.15,0.1,0.15,0.1
2928,2928,Modliborzyce,75,Lubelskie,0.15,0.15,0.1,0.15,0.1
2929,2929,Modliborzyce,84,Świętokrzyskie,0.15,0.15,0.1,0.15,0.1
2930,2930,Modlnica,77,Małopolskie,0.15,0.15,0.1,0.15,0.1
2931,2931,Modlniczka,77,Małopolskie,0.15,0.15,0.1,0.15,0.1
2932,2932,Mogielnica,84,Świętokrzyskie,0.15,0.15,0.1,0.15,0.1
2933,2933,Mogielnica,80,Podkarpackie,0.15,0.15,0.1,0.15,0.1
2934,2934,Mogielnica,78,Mazowieckie,0.15,0.15,0.1,0.15,0.1
2935,2935,Mogilany,77,Małopolskie,0.15,0.15,0.1,0.15,0.1
2936,2936,Mogilno,73,Kujawsko-pomorskie,0.15,0.15,0.1,0.15,0.1
2937,2937,Mogilno,74,Łódzkie,0.15,0.15,0.1,0.15,0.1
2938,2938,Mogilno,77,Małopolskie,0.15,0.15,0.1,0.15,0.1
2939,2939,Mokobody,78,Mazowieckie,0.15,0.15,0.1,0.15,0.1
2940,2940,Mokrsko,74,Łódzkie,0.15,0.15,0.1,0.15,0.1
2941,2941,Morawica,77,Małopolskie,0.15,0.15,0.1,0.15,0.1
2942,2942,Morawica,84,Świętokrzyskie,0.15,0.15,0.1,0.15,0.1
2943,2943,Mordy,78,Mazowieckie,0.15,0.15,0.1,0.15,0.1
2944,2944,Moryń,87,Zachodniopomorskie,0.15,0.15,0.1,0.15,0.1
2945,2945,Morzeszczyn,82,Pomorskie,0.15,0.15,0.1,0.15,0.1
2946,2946,Morzyczyn,86,Wielkopolskie,0.15,0.15,0.1,0.15,0.1
2947,2947,Morzyczyn,87,Zachodniopomorskie,0.15,0.15,0.1,0.15,0.1
2948,2948,Morąg,85,Warmińsko-mazurskie,0.15,0.15,0.1,0.15,0.1
2949,2949,Mosina,76,Lubuskie,0.15,0.15,0.1,0.15,0.1
2950,2950,Mosina,86,Wielkopolskie,0.15,0.15,0.1,0.15,0.1
2951,2951,Mosina,87,Zachodniopomorskie,0.15,0.15,0.1,0.15,0.1
2952,2952,Moskorzew,84,Świętokrzyskie,0.15,0.15,0.1,0.15,0.1
2953,2953,Mostkowo,85,Warmińsko-mazurskie,0.15,0.15,0.1,0.15,0.1
2954,2954,Mostkowo,87,Zachodniopomorskie,0.15,0.15,0.1,0.15,0.1
2955,2955,Mosty,87,Zachodniopomorskie,0.15,0.15,0.1,0.15,0.1
2956,2956,Mosty,84,Świętokrzyskie,0.15,0.15,0.1,0.15,0.1
2957,2957,Mosty,82,Pomorskie,0.15,0.15,0.1,0.15,0.1
2958,2958,Mosty,75,Lubelskie,0.15,0.15,0.1,0.15,0.1
2959,2959,Mosty,74,Łódzkie,0.15,0.15,0.1,0.15,0.1
2960,2960,Moszczanka,86,Wielkopolskie,0.15,0.15,0.1,0.15,0.1
2961,2961,Moszczanka,79,Opolskie,0.15,0.15,0.1,0.15,0.1
2962,2962,Moszczanka,75,Lubelskie,0.15,0.15,0.1,0.15,0.1
2963,2963,Moszczenica,82,Pomorskie,0.15,0.15,0.1,0.15,0.1
2964,2964,Moszczenica,77,Małopolskie,0.15,0.15,0.1,0.15,0.1
2965,2965,Moszczenica,74,Łódzkie,0.15,0.15,0.1,0.15,0.1
2966,2966,Mońki,81,Podlaskie,0.15,0.15,0.1,0.15,0.1
2967,2967,Mrocza,73,Kujawsko-pomorskie,0.15,0.15,0.1,0.15,0.1
2968,2968,Mroczków Gościnny,74,Łódzkie,0.15,0.15,0.1,0.15,0.1
2969,2969,Mrozy,82,Pomorskie,0.15,0.15,0.1,0.15,0.1
2970,2970,Mrozy,78,Mazowieckie,0.15,0.15,0.1,0.15,0.1
2971,2971,Mrozów,72,Dolnośląskie,0.15,0.15,0.1,0.15,0.1
2972,2972,Mrzezino,82,Pomorskie,0.15,0.15,0.1,0.15,0.1
2973,2973,Mrzeżyno,87,Zachodniopomorskie,0.15,0.15,0.1,0.15,0.1
2974,2974,Mrągowo,85,Warmińsko-mazurskie,0.15,0.15,0.1,0.15,0.1
2975,2975,Mstów,77,Małopolskie,0.15,0.15,0.1,0.15,0.1
2976,2976,Mstów,83,Śląskie,0.15,0.15,0.1,0.15,0.1
2977,2977,Mszana,83,Śląskie,0.15,0.15,0.1,0.15,0.1
2978,2978,Mszana,80,Podkarpackie,0.15,0.15,0.1,0.15,0.1
2979,2979,Mszana Dolna,77,Małopolskie,0.15,0.15,0.1,0.15,0.1
2980,2980,Mszana Górna,77,Małopolskie,0.15,0.15,0.1,0.15,0.1
2981,2981,Mszczonów,78,Mazowieckie,0.15,0.15,0.1,0.15,0.1
2982,2982,Mucharz,77,Małopolskie,0.15,0.15,0.1,0.15,0.1
2983,2983,Murowana Goślina,86,Wielkopolskie,0.15,0.15,0.1,0.15,0.1
2984,2984,Murów,79,Opolskie,0.15,0.15,0.1,0.15,0.1
2985,2985,Muszyna,77,Małopolskie,0.15,0.15,0.1,0.15,0.1
2986,2986,Myczkowce,80,Podkarpackie,0.15,0.15,0.1,0.15,0.1
2987,2987,Mykanów,83,Śląskie,0.15,0.15,0.1,0.15,0.1
2988,2988,Mysiadło,78,Mazowieckie,0.15,0.15,0.1,0.15,0.1
2989,2989,Myszków,83,Śląskie,0.15,0.15,0.1,0.15,0.1
2990,2990,Myszyniec,76,Lubuskie,0.15,0.15,0.1,0.15,0.1
2991,2991,Myszyniec,78,Mazowieckie,0.15,0.15,0.1,0.15,0.1
2992,2992,Mysłakowice,72,Dolnośląskie,0.15,0.15,0.1,0.15,0.1
2993,2993,Mysłowice,87,Zachodniopomorskie,0.15,0.15,0.1,0.15,0.1
2994,2994,Mysłowice,83,Śląskie,0.15,0.15,0.1,0.15,0.1
2995,2995,Myślachowice,77,Małopolskie,0.15,0.15,0.1,0.15,0.1
2996,2996,Myślenice,77,Małopolskie,0.15,0.15,0.1,0.15,0.1
2997,2997,Myślibórz,86,Wielkopolskie,0.15,0.15,0.1,0.15,0.1
2998,2998,Myślibórz,87,Zachodniopomorskie,0.15,0.15,0.1,0.15,0.1
2999,2999,Myślibórz,72,Dolnośląskie,0.15,0.15,0.1,0.15,0.1
3000,3000,Myślibórz,74,Łódzkie,0.15,0.15,0.1,0.15,0.1
3001,3001,Męcinka,72,Dolnośląskie,0.15,0.15,0.1,0.15,0.1
3002,3002,Mędrzechów,77,Małopolskie,0.15,0.15,0.1,0.15,0.1
3003,3003,Mętków,77,Małopolskie,0.15,0.15,0.1,0.15,0.1
3004,3004,Mława,78,Mazowieckie,0.15,0.15,0.1,0.15,0.1
3005,3005,Młodzieszyn,78,Mazowieckie,0.15,0.15,0.1,0.15,0.1
3006,3006,Młynary,86,Wielkopolskie,0.15,0.15,0.1,0.15,0.1
3007,3007,Młynary,87,Zachodniopomorskie,0.15,0.15,0.1,0.15,0.1
3008,3008,Młynary,85,Warmińsko-mazurskie,0.15,0.15,0.1,0.15,0.1
3009,3009,Młynary,74,Łódzkie,0.15,0.15,0.1,0.15,0.1
3010,3010,Młynary,72,Dolnośląskie,0.15,0.15,0.1,0.15,0.1
3011,3011,Młynarze,78,Mazowieckie,0.15,0.15,0.1,0.15,0.1
3012,3012,Nadarzyn,78,Mazowieckie,0.15,0.15,0.1,0.15,0.1
3013,3013,Nadarzyn,87,Zachodniopomorskie,0.15,0.15,0.1,0.15,0.1
3014,3014,Nagłowice,84,Świętokrzyskie,0.15,0.15,0.1,0.15,0.1
3015,3015,Nakło,79,Opolskie,0.15,0.15,0.1,0.15,0.1
3016,3016,Nakło,80,Podkarpackie,0.15,0.15,0.1,0.15,0.1
3017,3017,Namysłów,79,Opolskie,0.15,0.15,0.1,0.15,0.1
3018,3018,Naprawa,77,Małopolskie,0.15,0.15,0.1,0.15,0.1
3019,3019,Narew,81,Podlaskie,0.15,0.15,0.1,0.15,0.1
3020,3020,Narewka,81,Podlaskie,0.15,0.15,0.1,0.15,0.1
3021,3021,Narol,80,Podkarpackie,0.15,0.15,0.1,0.15,0.1
3022,3022,Naruszewo,78,Mazowieckie,0.15,0.15,0.1,0.15,0.1
3023,3023,Nasielsk,78,Mazowieckie,0.15,0.15,0.1,0.15,0.1
3024,3024,Naszacowice,77,Małopolskie,0.15,0.15,0.1,0.15,0.1
3025,3025,Nawojowa,77,Małopolskie,0.15,0.15,0.1,0.15,0.1
3026,3026,Nałęczów,75,Lubelskie,0.15,0.15,0.1,0.15,0.1
3027,3027,Nałęczów,84,Świętokrzyskie,0.15,0.15,0.1,0.15,0.1
3028,3028,Nekla,86,Wielkopolskie,0.15,0.15,0.1,0.15,0.1
3029,3029,Nekla,73,Kujawsko-pomorskie,0.15,0.15,0.1,0.15,0.1
3030,3030,Nidek,77,Małopolskie,0.15,0.15,0.1,0.15,0.1
3031,3031,Nidzica,85,Warmińsko-mazurskie,0.15,0.15,0.1,0.15,0.1
3032,3032,Niebieszczany,80,Podkarpackie,0.15,0.15,0.1,0.15,0.1
3033,3033,Niebocko,80,Podkarpackie,0.15,0.15,0.1,0.15,0.1
3034,3034,Nieboczowy,83,Śląskie,0.15,0.15,0.1,0.15,0.1
3035,3035,Nieborów,74,Łódzkie,0.15,0.15,0.1,0.15,0.1
3036,3036,Niebylec,80,Podkarpackie,0.15,0.15,0.1,0.15,0.1
3037,3037,Niechanowo,86,Wielkopolskie,0.15,0.15,0.1,0.15,0.1
3038,3038,Niechlów,72,Dolnośląskie,0.15,0.15,0.1,0.15,0.1
3039,3039,Niechobrz,80,Podkarpackie,0.15,0.15,0.1,0.15,0.1
3040,3040,Niechorze,87,Zachodniopomorskie,0.15,0.15,0.1,0.15,0.1
3041,3041,Nieciecza,77,Małopolskie,0.15,0.15,0.1,0.15,0.1
3042,3042,Niedomice,77,Małopolskie,0.15,0.15,0.1,0.15,0.1
3043,3043,Niedrzwica Duża,75,Lubelskie,0.15,0.15,0.1,0.15,0.1
3044,3044,Niedzica,77,Małopolskie,0.15,0.15,0.1,0.15,0.1
3045,3045,Niedźwiada,75,Lubelskie,0.15,0.15,0.1,0.15,0.1
3046,3046,Niedźwiada,80,Podkarpackie,0.15,0.15,0.1,0.15,0.1
3047,3047,Niedźwiada,74,Łódzkie,0.15,0.15,0.1,0.15,0.1
3048,3048,Niedźwiedza,77,Małopolskie,0.15,0.15,0.1,0.15,0.1
3049,3049,Niedźwiedź,78,Mazowieckie,0.15,0.15,0.1,0.15,0.1
3050,3050,Niedźwiedź,84,Świętokrzyskie,0.15,0.15,0.1,0.15,0.1
3051,3051,Niedźwiedź,85,Warmińsko-mazurskie,0.15,0.15,0.1,0.15,0.1
3052,3052,Niedźwiedź,87,Zachodniopomorskie,0.15,0.15,0.1,0.15,0.1
3053,3053,Niedźwiedź,86,Wielkopolskie,0.15,0.15,0.1,0.15,0.1
3054,3054,Niedźwiedź,72,Dolnośląskie,0.15,0.15,0.1,0.15,0.1
3055,3055,Niedźwiedź,73,Kujawsko-pomorskie,0.15,0.15,0.1,0.15,0.1
3056,3056,Niedźwiedź,75,Lubelskie,0.15,0.15,0.1,0.15,0.1
3057,3057,Niedźwiedź,76,Lubuskie,0.15,0.15,0.1,0.15,0.1
3058,3058,Niedźwiedź,77,Małopolskie,0.15,0.15,0.1,0.15,0.1
3059,3059,Niegosławice,76,Lubuskie,0.15,0.15,0.1,0.15,0.1
3060,3060,Niegosławice,84,Świętokrzyskie,0.15,0.15,0.1,0.15,0.1
3061,3061,Niegowa,83,Śląskie,0.15,0.15,0.1,0.15,0.1
3062,3062,Niegowonice,83,Śląskie,0.15,0.15,0.1,0.15,0.1
3063,3063,Nielepice,77,Małopolskie,0.15,0.15,0.1,0.15,0.1
3064,3064,Nielisz,75,Lubelskie,0.15,0.15,0.1,0.15,0.1
3065,3065,Niemce,75,Lubelskie,0.15,0.15,0.1,0.15,0.1
3066,3066,Niemcza,76,Lubuskie,0.15,0.15,0.1,0.15,0.1
3067,3067,Niemcza,72,Dolnośląskie,0.15,0.15,0.1,0.15,0.1
3068,3068,Niemodlin,79,Opolskie,0.15,0.15,0.1,0.15,0.1
3069,3069,Nienadowa,80,Podkarpackie,0.15,0.15,0.1,0.15,0.1
3070,3070,Nieporęt,78,Mazowieckie,0.15,0.15,0.1,0.15,0.1
3071,3071,Niepołomice,77,Małopolskie,0.15,0.15,0.1,0.15,0.1
3072,3072,Niesułowice,72,Dolnośląskie,0.15,0.15,0.1,0.15,0.1
3073,3073,Niesułowice,77,Małopolskie,0.15,0.15,0.1,0.15,0.1
3074,3074,Nieszawa,73,Kujawsko-pomorskie,0.15,0.15,0.1,0.15,0.1
3075,3075,Nieszawa,75,Lubelskie,0.15,0.15,0.1,0.15,0.1
3076,3076,Nieszawa,86,Wielkopolskie,0.15,0.15,0.1,0.15,0.1
3077,3077,Nisko,80,Podkarpackie,0.15,0.15,0.1,0.15,0.1
3078,3078,Nisko,85,Warmińsko-mazurskie,0.15,0.15,0.1,0.15,0.1
3079,3079,Niwiska,80,Podkarpackie,0.15,0.15,0.1,0.15,0.1
3080,3080,Niwiska,74,Łódzkie,0.15,0.15,0.1,0.15,0.1
3081,3081,Niwiska,76,Lubuskie,0.15,0.15,0.1,0.15,0.1
3082,3082,Nowa Brzeźnica,74,Łódzkie,0.15,0.15,0.1,0.15,0.1
3083,3083,Nowa Dęba,80,Podkarpackie,0.15,0.15,0.1,0.15,0.1
3084,3084,Nowa Góra,78,Mazowieckie,0.15,0.15,0.1,0.15,0.1
3085,3085,Nowa Góra,77,Małopolskie,0.15,0.15,0.1,0.15,0.1
3086,3086,Nowa Góra,74,Łódzkie,0.15,0.15,0.1,0.15,0.1
3087,3087,Nowa Iwiczna,78,Mazowieckie,0.15,0.15,0.1,0.15,0.1
3088,3088,Nowa Karczma,72,Dolnośląskie,0.15,0.15,0.1,0.15,0.1
3089,3089,Nowa Karczma,82,Pomorskie,0.15,0.15,0.1,0.15,0.1
3090,3090,Nowa Ruda,75,Lubelskie,0.15,0.15,0.1,0.15,0.1
3091,3091,Nowa Ruda,81,Podlaskie,0.15,0.15,0.1,0.15,0.1
3092,3092,Nowa Ruda,73,Kujawsko-pomorskie,0.15,0.15,0.1,0.15,0.1
3093,3093,Nowa Ruda,72,Dolnośląskie,0.15,0.15,0.1,0.15,0.1
3094,3094,Nowa Sarzyna,80,Podkarpackie,0.15,0.15,0.1,0.15,0.1
3095,3095,Nowa Sól,76,Lubuskie,0.15,0.15,0.1,0.15,0.1
3096,3096,Nowa Słupia,84,Świętokrzyskie,0.15,0.15,0.1,0.15,0.1
3097,3097,Nowa Wieś,78,Mazowieckie,0.15,0.15,0.1,0.15,0.1
3098,3098,Nowa Wieś,81,Podlaskie,0.15,0.15,0.1,0.15,0.1
3099,3099,Nowa Wieś,82,Pomorskie,0.15,0.15,0.1,0.15,0.1
3100,3100,Nowa Wieś,83,Śląskie,0.15,0.15,0.1,0.15,0.1
3101,3101,Nowa Wieś,80,Podkarpackie,0.15,0.15,0.1,0.15,0.1
3102,3102,Nowa Wieś,79,Opolskie,0.15,0.15,0.1,0.15,0.1
3103,3103,Nowa Wieś,84,Świętokrzyskie,0.15,0.15,0.1,0.15,0.1
3104,3104,Nowa Wieś,87,Zachodniopomorskie,0.15,0.15,0.1,0.15,0.1
3105,3105,Nowa Wieś,86,Wielkopolskie,0.15,0.15,0.1,0.15,0.1
3106,3106,Nowa Wieś,85,Warmińsko-mazurskie,0.15,0.15,0.1,0.15,0.1
3107,3107,Nowa Wieś,75,Lubelskie,0.15,0.15,0.1,0.15,0.1
3108,3108,Nowa Wieś,74,Łódzkie,0.15,0.15,0.1,0.15,0.1
3109,3109,Nowa Wieś,73,Kujawsko-pomorskie,0.15,0.15,0.1,0.15,0.1
3110,3110,Nowa Wieś,72,Dolnośląskie,0.15,0.15,0.1,0.15,0.1
3111,3111,Nowa Wieś,76,Lubuskie,0.15,0.15,0.1,0.15,0.1
3112,3112,Nowa Wieś,77,Małopolskie,0.15,0.15,0.1,0.15,0.1
3113,3113,Nowa Wieś Lęborska,82,Pomorskie,0.15,0.15,0.1,0.15,0.1
3114,3114,Nowa Wieś Szlachecka,77,Małopolskie,0.15,0.15,0.1,0.15,0.1
3115,3115,Nowa Wieś Wielka,86,Wielkopolskie,0.15,0.15,0.1,0.15,0.1
3116,3116,Nowa Wieś Wielka,85,Warmińsko-mazurskie,0.15,0.15,0.1,0.15,0.1
3117,3117,Nowa Wieś Wielka,73,Kujawsko-pomorskie,0.15,0.15,0.1,0.15,0.1
3118,3118,Nowa Wieś Wielka,72,Dolnośląskie,0.15,0.15,0.1,0.15,0.1
3119,3119,Nowe,86,Wielkopolskie,0.15,0.15,0.1,0.15,0.1
3120,3120,Nowe,73,Kujawsko-pomorskie,0.15,0.15,0.1,0.15,0.1
3121,3121,Nowe,74,Łódzkie,0.15,0.15,0.1,0.15,0.1
3122,3122,Nowe,84,Świętokrzyskie,0.15,0.15,0.1,0.15,0.1
3123,3123,Nowe Brusno,80,Podkarpackie,0.15,0.15,0.1,0.15,0.1
3124,3124,Nowe Brzesko,77,Małopolskie,0.15,0.15,0.1,0.15,0.1
3125,3125,Nowe Grocholice,78,Mazowieckie,0.15,0.15,0.1,0.15,0.1
3126,3126,Nowe Lipiny,78,Mazowieckie,0.15,0.15,0.1,0.15,0.1
3127,3127,Nowe Miasteczko,76,Lubuskie,0.15,0.15,0.1,0.15,0.1
3128,3128,Nowe Miasto,78,Mazowieckie,0.15,0.15,0.1,0.15,0.1
3129,3129,Nowe Miasto Lubawskie,85,Warmińsko-mazurskie,0.15,0.15,0.1,0.15,0.1
3130,3130,Nowe Ostrowy,74,Łódzkie,0.15,0.15,0.1,0.15,0.1
3131,3131,Nowe Sioło,80,Podkarpackie,0.15,0.15,0.1,0.15,0.1
3132,3132,Nowe Skalmierzyce,86,Wielkopolskie,0.15,0.15,0.1,0.15,0.1
3133,3133,Nowe Warpno,87,Zachodniopomorskie,0.15,0.15,0.1,0.15,0.1
3134,3134,Nowe Zduny,74,Łódzkie,0.15,0.15,0.1,0.15,0.1
3135,3135,Nowodwór,75,Lubelskie,0.15,0.15,0.1,0.15,0.1
3136,3136,Nowodwór,78,Mazowieckie,0.15,0.15,0.1,0.15,0.1
3137,3137,Nowogard,87,Zachodniopomorskie,0.15,0.15,0.1,0.15,0.1
3138,3138,Nowogrodziec,72,Dolnośląskie,0.15,0.15,0.1,0.15,0.1
3139,3139,Nowogród,73,Kujawsko-pomorskie,0.15,0.15,0.1,0.15,0.1
3140,3140,Nowogród,75,Lubelskie,0.15,0.15,0.1,0.15,0.1
3141,3141,Nowogród,81,Podlaskie,0.15,0.15,0.1,0.15,0.1
3142,3142,Nowogród Bobrzański,76,Lubuskie,0.15,0.15,0.1,0.15,0.1
3143,3143,Nowogródek Pomorski,87,Zachodniopomorskie,0.15,0.15,0.1,0.15,0.1
3144,3144,Nowosielce,80,Podkarpackie,0.15,0.15,0.1,0.15,0.1
3145,3145,Nowosielce,72,Dolnośląskie,0.15,0.15,0.1,0.15,0.1
3146,3146,Nowy Duninów,78,Mazowieckie,0.15,0.15,0.1,0.15,0.1
3147,3147,Nowy Dwór,86,Wielkopolskie,0.15,0.15,0.1,0.15,0.1
3148,3148,Nowy Dwór,81,Podlaskie,0.15,0.15,0.1,0.15,0.1
3149,3149,Nowy Dwór,82,Pomorskie,0.15,0.15,0.1,0.15,0.1
3150,3150,Nowy Dwór,83,Śląskie,0.15,0.15,0.1,0.15,0.1
3151,3151,Nowy Dwór,84,Świętokrzyskie,0.15,0.15,0.1,0.15,0.1
3152,3152,Nowy Dwór,85,Warmińsko-mazurskie,0.15,0.15,0.1,0.15,0.1
3153,3153,Nowy Dwór,79,Opolskie,0.15,0.15,0.1,0.15,0.1
3154,3154,Nowy Dwór,78,Mazowieckie,0.15,0.15,0.1,0.15,0.1
3155,3155,Nowy Dwór,72,Dolnośląskie,0.15,0.15,0.1,0.15,0.1
3156,3156,Nowy Dwór,73,Kujawsko-pomorskie,0.15,0.15,0.1,0.15,0.1
3157,3157,Nowy Dwór,76,Lubuskie,0.15,0.15,0.1,0.15,0.1
3158,3158,Nowy Dwór,75,Lubelskie,0.15,0.15,0.1,0.15,0.1
3159,3159,Nowy Dwór,74,Łódzkie,0.15,0.15,0.1,0.15,0.1
3160,3160,Nowy Dwór Gdański,82,Pomorskie,0.15,0.15,0.1,0.15,0.1
3161,3161,Nowy Dwór Mazowiecki,78,Mazowieckie,0.15,0.15,0.1,0.15,0.1
3162,3162,Nowy Korczyn,84,Świętokrzyskie,0.15,0.15,0.1,0.15,0.1
3163,3163,Nowy Staw,82,Pomorskie,0.15,0.15,0.1,0.15,0.1
3164,3164,Nowy Staw,84,Świętokrzyskie,0.15,0.15,0.1,0.15,0.1
3165,3165,Nowy Staw,75,Lubelskie,0.15,0.15,0.1,0.15,0.1
3166,3166,Nowy Sącz,77,Małopolskie,0.15,0.15,0.1,0.15,0.1
3167,3167,Nowy Targ,77,Małopolskie,0.15,0.15,0.1,0.15,0.1
3168,3168,Nowy Targ,82,Pomorskie,0.15,0.15,0.1,0.15,0.1
3169,3169,Nowy Tomyśl,86,Wielkopolskie,0.15,0.15,0.1,0.15,0.1
3170,3170,Nowy Wiśnicz,77,Małopolskie,0.15,0.15,0.1,0.15,0.1
3171,3171,Nowy Żmigród,80,Podkarpackie,0.15,0.15,0.1,0.15,0.1
3172,3172,Nozdrzec,80,Podkarpackie,0.15,0.15,0.1,0.15,0.1
3173,3173,Nur,78,Mazowieckie,0.15,0.15,0.1,0.15,0.1
3174,3174,Nurzec-Stacja,81,Podlaskie,0.15,0.15,0.1,0.15,0.1
3175,3175,Nysa,79,Opolskie,0.15,0.15,0.1,0.15,0.1
3176,3176,Nędza,83,Śląskie,0.15,0.15,0.1,0.15,0.1
3177,3177,Objazda,79,Opolskie,0.15,0.15,0.1,0.15,0.1
3178,3178,Objazda,82,Pomorskie,0.15,0.15,0.1,0.15,0.1
3179,3179,Objezierze,82,Pomorskie,0.15,0.15,0.1,0.15,0.1
3180,3180,Objezierze,86,Wielkopolskie,0.15,0.15,0.1,0.15,0.1
3181,3181,Objezierze,87,Zachodniopomorskie,0.15,0.15,0.1,0.15,0.1
3182,3182,Oborniki,86,Wielkopolskie,0.15,0.15,0.1,0.15,0.1
3183,3183,Oborniki Śląskie,72,Dolnośląskie,0.15,0.15,0.1,0.15,0.1
3184,3184,Oborzany,87,Zachodniopomorskie,0.15,0.15,0.1,0.15,0.1
3185,3185,Obrazów,84,Świętokrzyskie,0.15,0.15,0.1,0.15,0.1
3186,3186,Obrowo,86,Wielkopolskie,0.15,0.15,0.1,0.15,0.1
3187,3187,Obrowo,82,Pomorskie,0.15,0.15,0.1,0.15,0.1
3188,3188,Obrowo,73,Kujawsko-pomorskie,0.15,0.15,0.1,0.15,0.1
3189,3189,Obryte,78,Mazowieckie,0.15,0.15,0.1,0.15,0.1
3190,3190,Obrzycko,86,Wielkopolskie,0.15,0.15,0.1,0.15,0.1
3191,3191,Obsza,75,Lubelskie,0.15,0.15,0.1,0.15,0.1
3192,3192,Ochla,86,Wielkopolskie,0.15,0.15,0.1,0.15,0.1
3193,3193,Ochodza,77,Małopolskie,0.15,0.15,0.1,0.15,0.1
3194,3194,Ochodza,82,Pomorskie,0.15,0.15,0.1,0.15,0.1
3195,3195,Ochodza,86,Wielkopolskie,0.15,0.15,0.1,0.15,0.1
3196,3196,Ochojno,77,Małopolskie,0.15,0.15,0.1,0.15,0.1
3197,3197,Ochotnica Dolna,77,Małopolskie,0.15,0.15,0.1,0.15,0.1
3198,3198,Odolanów,86,Wielkopolskie,0.15,0.15,0.1,0.15,0.1
3199,3199,Odporyszów,77,Małopolskie,0.15,0.15,0.1,0.15,0.1
3200,3200,Odrowąż,74,Łódzkie,0.15,0.15,0.1,0.15,0.1
3201,3201,Odrowąż,77,Małopolskie,0.15,0.15,0.1,0.15,0.1
3202,3202,Odrowąż,79,Opolskie,0.15,0.15,0.1,0.15,0.1
3203,3203,Odrowąż,84,Świętokrzyskie,0.15,0.15,0.1,0.15,0.1
3204,3204,Odrowąż,86,Wielkopolskie,0.15,0.15,0.1,0.15,0.1
3205,3205,Odrzykoń,80,Podkarpackie,0.15,0.15,0.1,0.15,0.1
3206,3206,Odrzywół,78,Mazowieckie,0.15,0.15,0.1,0.15,0.1
3207,3207,Ogrodzieniec,83,Śląskie,0.15,0.15,0.1,0.15,0.1
3208,3208,Ogrodzieniec,85,Warmińsko-mazurskie,0.15,0.15,0.1,0.15,0.1
3209,3209,Ogrodzona,74,Łódzkie,0.15,0.15,0.1,0.15,0.1
3210,3210,Ogrodzona,83,Śląskie,0.15,0.15,0.1,0.15,0.1
3211,3211,Ojrzeń,74,Łódzkie,0.15,0.15,0.1,0.15,0.1
3212,3212,Ojrzeń,78,Mazowieckie,0.15,0.15,0.1,0.15,0.1
3213,3213,Okleśna,77,Małopolskie,0.15,0.15,0.1,0.15,0.1
3214,3214,Okocim,77,Małopolskie,0.15,0.15,0.1,0.15,0.1
3215,3215,Okonek,86,Wielkopolskie,0.15,0.15,0.1,0.15,0.1
3216,3216,Oksa,84,Świętokrzyskie,0.15,0.15,0.1,0.15,0.1
3217,3217,Olecko,85,Warmińsko-mazurskie,0.15,0.15,0.1,0.15,0.1
3218,3218,Olesno,77,Małopolskie,0.15,0.15,0.1,0.15,0.1
3219,3219,Olesno,79,Opolskie,0.15,0.15,0.1,0.15,0.1
3220,3220,Oleszyce,80,Podkarpackie,0.15,0.15,0.1,0.15,0.1
3221,3221,Oleśnica,74,Łódzkie,0.15,0.15,0.1,0.15,0.1
3222,3222,Oleśnica,77,Małopolskie,0.15,0.15,0.1,0.15,0.1
3223,3223,Oleśnica,86,Wielkopolskie,0.15,0.15,0.1,0.15,0.1
3224,3224,Oleśnica,84,Świętokrzyskie,0.15,0.15,0.1,0.15,0.1
3225,3225,Oleśnica,78,Mazowieckie,0.15,0.15,0.1,0.15,0.1
3226,3226,Oleśnica,72,Dolnośląskie,0.15,0.15,0.1,0.15,0.1
3227,3227,Olkusz,77,Małopolskie,0.15,0.15,0.1,0.15,0.1
3228,3228,Olszana,77,Małopolskie,0.15,0.15,0.1,0.15,0.1
3229,3229,Olszanica,72,Dolnośląskie,0.15,0.15,0.1,0.15,0.1
3230,3230,Olszanica,80,Podkarpackie,0.15,0.15,0.1,0.15,0.1
3231,3231,Olszanica,81,Podlaskie,0.15,0.15,0.1,0.15,0.1
3232,3232,Olszanica,82,Pomorskie,0.15,0.15,0.1,0.15,0.1
3233,3233,Olszanka,75,Lubelskie,0.15,0.15,0.1,0.15,0.1
3234,3234,Olszanka,82,Pomorskie,0.15,0.15,0.1,0.15,0.1
3235,3235,Olszanka,81,Podlaskie,0.15,0.15,0.1,0.15,0.1
3236,3236,Olszanka,77,Małopolskie,0.15,0.15,0.1,0.15,0.1
3237,3237,Olszanka,78,Mazowieckie,0.15,0.15,0.1,0.15,0.1
3238,3238,Olszanka,79,Opolskie,0.15,0.15,0.1,0.15,0.1
3239,3239,Olsztyn,85,Warmińsko-mazurskie,0.15,0.15,0.1,0.15,0.1
3240,3240,Olsztyn,83,Śląskie,0.15,0.15,0.1,0.15,0.1
3241,3241,Olsztynek,85,Warmińsko-mazurskie,0.15,0.15,0.1,0.15,0.1
3242,3242,Olszyna,87,Zachodniopomorskie,0.15,0.15,0.1,0.15,0.1
3243,3243,Olszyna,86,Wielkopolskie,0.15,0.15,0.1,0.15,0.1
3244,3244,Olszyna,84,Świętokrzyskie,0.15,0.15,0.1,0.15,0.1
3245,3245,Olszyna,76,Lubuskie,0.15,0.15,0.1,0.15,0.1
3246,3246,Olszyna,72,Dolnośląskie,0.15,0.15,0.1,0.15,0.1
3247,3247,Olszyna,83,Śląskie,0.15,0.15,0.1,0.15,0.1
3248,3248,Olszyny,85,Warmińsko-mazurskie,0.15,0.15,0.1,0.15,0.1
3249,3249,Olszyny,82,Pomorskie,0.15,0.15,0.1,0.15,0.1
3250,3250,Olszyny,81,Podlaskie,0.15,0.15,0.1,0.15,0.1
3251,3251,Olszyny,78,Mazowieckie,0.15,0.15,0.1,0.15,0.1
3252,3252,Olszyny,77,Małopolskie,0.15,0.15,0.1,0.15,0.1
3253,3253,Olszyny,74,Łódzkie,0.15,0.15,0.1,0.15,0.1
3254,3254,Olszyny,72,Dolnośląskie,0.15,0.15,0.1,0.15,0.1
3255,3255,Olszówka,77,Małopolskie,0.15,0.15,0.1,0.15,0.1
3256,3256,Olszówka,86,Wielkopolskie,0.15,0.15,0.1,0.15,0.1
3257,3257,Olszówka,84,Świętokrzyskie,0.15,0.15,0.1,0.15,0.1
3258,3258,Olszówka,82,Pomorskie,0.15,0.15,0.1,0.15,0.1
3259,3259,Olszówka,78,Mazowieckie,0.15,0.15,0.1,0.15,0.1
3260,3260,Olszówka,72,Dolnośląskie,0.15,0.15,0.1,0.15,0.1
3261,3261,Olza,83,Śląskie,0.15,0.15,0.1,0.15,0.1
3262,3262,Opalenica,73,Kujawsko-pomorskie,0.15,0.15,0.1,0.15,0.1
3263,3263,Opalenica,86,Wielkopolskie,0.15,0.15,0.1,0.15,0.1
3264,3264,Opatowiec,84,Świętokrzyskie,0.15,0.15,0.1,0.15,0.1
3265,3265,Opatowiec,86,Wielkopolskie,0.15,0.15,0.1,0.15,0.1
3266,3266,Opatów,84,Świętokrzyskie,0.15,0.15,0.1,0.15,0.1
3267,3267,Opatów,86,Wielkopolskie,0.15,0.15,0.1,0.15,0.1
3268,3268,Opatówek,86,Wielkopolskie,0.15,0.15,0.1,0.15,0.1
3269,3269,Opatówek,87,Zachodniopomorskie,0.15,0.15,0.1,0.15,0.1
3270,3270,Opinogóra Górna,78,Mazowieckie,0.15,0.15,0.1,0.15,0.1
3271,3271,Opoczno,74,Łódzkie,0.15,0.15,0.1,0.15,0.1
3272,3272,Opole,79,Opolskie,0.15,0.15,0.1,0.15,0.1
3273,3273,Opole,74,Łódzkie,0.15,0.15,0.1,0.15,0.1
3274,3274,Opole,75,Lubelskie,0.15,0.15,0.1,0.15,0.1
3275,3275,Opole Lubelskie,75,Lubelskie,0.15,0.15,0.1,0.15,0.1
3276,3276,Oporów,74,Łódzkie,0.15,0.15,0.1,0.15,0.1
3277,3277,Orawka,77,Małopolskie,0.15,0.15,0.1,0.15,0.1
3278,3278,Orawka,87,Zachodniopomorskie,0.15,0.15,0.1,0.15,0.1
3279,3279,Orchowo,86,Wielkopolskie,0.15,0.15,0.1,0.15,0.1
3280,3280,Orla,86,Wielkopolskie,0.15,0.15,0.1,0.15,0.1
3281,3281,Orla,81,Podlaskie,0.15,0.15,0.1,0.15,0.1
3282,3282,Orle,73,Kujawsko-pomorskie,0.15,0.15,0.1,0.15,0.1
3283,3283,Orle,82,Pomorskie,0.15,0.15,0.1,0.15,0.1
3284,3284,Orle,87,Zachodniopomorskie,0.15,0.15,0.1,0.15,0.1
3285,3285,Orneta,85,Warmińsko-mazurskie,0.15,0.15,0.1,0.15,0.1
3286,3286,Ornontowice,83,Śląskie,0.15,0.15,0.1,0.15,0.1
3287,3287,Orońsko,78,Mazowieckie,0.15,0.15,0.1,0.15,0.1
3288,3288,Orzech,83,Śląskie,0.15,0.15,0.1,0.15,0.1
3289,3289,Orzechówka,81,Podlaskie,0.15,0.15,0.1,0.15,0.1
3290,3290,Orzechówka,84,Świętokrzyskie,0.15,0.15,0.1,0.15,0.1
3291,3291,Orzechówka,80,Podkarpackie,0.15,0.15,0.1,0.15,0.1
3292,3292,Orzesze,83,Śląskie,0.15,0.15,0.1,0.15,0.1
3293,3293,Orzesze,87,Zachodniopomorskie,0.15,0.15,0.1,0.15,0.1
3294,3294,Orzysz,85,Warmińsko-mazurskie,0.15,0.15,0.1,0.15,0.1
3295,3295,Orły,74,Łódzkie,0.15,0.15,0.1,0.15,0.1
3296,3296,Orły,78,Mazowieckie,0.15,0.15,0.1,0.15,0.1
3297,3297,Orły,80,Podkarpackie,0.15,0.15,0.1,0.15,0.1
3298,3298,Oseredek,75,Lubelskie,0.15,0.15,0.1,0.15,0.1
3299,3299,Osie,73,Kujawsko-pomorskie,0.15,0.15,0.1,0.15,0.1
3300,3300,Osieck,78,Mazowieckie,0.15,0.15,0.1,0.15,0.1
3301,3301,Osieczany,77,Małopolskie,0.15,0.15,0.1,0.15,0.1
3302,3302,Osieczna,82,Pomorskie,0.15,0.15,0.1,0.15,0.1
3303,3303,Osieczna,86,Wielkopolskie,0.15,0.15,0.1,0.15,0.1
3304,3304,Osiecznica,72,Dolnośląskie,0.15,0.15,0.1,0.15,0.1
3305,3305,Osiecznica,76,Lubuskie,0.15,0.15,0.1,0.15,0.1
3306,3306,Osiek,78,Mazowieckie,0.15,0.15,0.1,0.15,0.1
3307,3307,Osiek,72,Dolnośląskie,0.15,0.15,0.1,0.15,0.1
3308,3308,Osiek,86,Wielkopolskie,0.15,0.15,0.1,0.15,0.1
3309,3309,Osiek,83,Śląskie,0.15,0.15,0.1,0.15,0.1
3310,3310,Osiek,85,Warmińsko-mazurskie,0.15,0.15,0.1,0.15,0.1
3311,3311,Osiek,84,Świętokrzyskie,0.15,0.15,0.1,0.15,0.1
3312,3312,Osiek,82,Pomorskie,0.15,0.15,0.1,0.15,0.1
3313,3313,Osiek,73,Kujawsko-pomorskie,0.15,0.15,0.1,0.15,0.1
3314,3314,Osiek,76,Lubuskie,0.15,0.15,0.1,0.15,0.1
3315,3315,Osiek,74,Łódzkie,0.15,0.15,0.1,0.15,0.1
3316,3316,Osiek,77,Małopolskie,0.15,0.15,0.1,0.15,0.1
3317,3317,Osiek,79,Opolskie,0.15,0.15,0.1,0.15,0.1
3318,3318,Osiek Jasielski,80,Podkarpackie,0.15,0.15,0.1,0.15,0.1
3319,3319,Osiek Mały,72,Dolnośląskie,0.15,0.15,0.1,0.15,0.1
3320,3320,Osiek Mały,86,Wielkopolskie,0.15,0.15,0.1,0.15,0.1
3321,3321,Osielec,77,Małopolskie,0.15,0.15,0.1,0.15,0.1
3322,3322,Osielsko,73,Kujawsko-pomorskie,0.15,0.15,0.1,0.15,0.1
3323,3323,Osina,74,Łódzkie,0.15,0.15,0.1,0.15,0.1
3324,3324,Osina,75,Lubelskie,0.15,0.15,0.1,0.15,0.1
3325,3325,Osina,86,Wielkopolskie,0.15,0.15,0.1,0.15,0.1
3326,3326,Osina,87,Zachodniopomorskie,0.15,0.15,0.1,0.15,0.1
3327,3327,Osięciny,73,Kujawsko-pomorskie,0.15,0.15,0.1,0.15,0.1
3328,3328,Osjaków,74,Łódzkie,0.15,0.15,0.1,0.15,0.1
3329,3329,Ostaszewo,73,Kujawsko-pomorskie,0.15,0.15,0.1,0.15,0.1
3330,3330,Ostaszewo,78,Mazowieckie,0.15,0.15,0.1,0.15,0.1
3331,3331,Ostaszewo,82,Pomorskie,0.15,0.15,0.1,0.15,0.1
3332,3332,Ostaszewo,85,Warmińsko-mazurskie,0.15,0.15,0.1,0.15,0.1
3333,3333,Ostroróg,86,Wielkopolskie,0.15,0.15,0.1,0.15,0.1
3334,3334,Ostroróg,87,Zachodniopomorskie,0.15,0.15,0.1,0.15,0.1
3335,3335,Ostrowiec,87,Zachodniopomorskie,0.15,0.15,0.1,0.15,0.1
3336,3336,Ostrowiec,78,Mazowieckie,0.15,0.15,0.1,0.15,0.1
3337,3337,Ostrowiec,76,Lubuskie,0.15,0.15,0.1,0.15,0.1
3338,3338,Ostrowiec,74,Łódzkie,0.15,0.15,0.1,0.15,0.1
3339,3339,Ostrowiec Świętokrzyski,84,Świętokrzyskie,0.15,0.15,0.1,0.15,0.1
3340,3340,Ostrowite,82,Pomorskie,0.15,0.15,0.1,0.15,0.1
3341,3341,Ostrowite,73,Kujawsko-pomorskie,0.15,0.15,0.1,0.15,0.1
3342,3342,Ostrowite,76,Lubuskie,0.15,0.15,0.1,0.15,0.1
3343,3343,Ostrowite,86,Wielkopolskie,0.15,0.15,0.1,0.15,0.1
3344,3344,Ostrowite,85,Warmińsko-mazurskie,0.15,0.15,0.1,0.15,0.1
3345,3345,Ostrowo,85,Warmińsko-mazurskie,0.15,0.15,0.1,0.15,0.1
3346,3346,Ostrowo,86,Wielkopolskie,0.15,0.15,0.1,0.15,0.1
3347,3347,Ostrowo,82,Pomorskie,0.15,0.15,0.1,0.15,0.1
3348,3348,Ostrowo,73,Kujawsko-pomorskie,0.15,0.15,0.1,0.15,0.1
3349,3349,Ostrowsko,74,Łódzkie,0.15,0.15,0.1,0.15,0.1
3350,3350,Ostrowsko,77,Małopolskie,0.15,0.15,0.1,0.15,0.1
3351,3351,Ostrowy,82,Pomorskie,0.15,0.15,0.1,0.15,0.1
3352,3352,Ostrowy,86,Wielkopolskie,0.15,0.15,0.1,0.15,0.1
3353,3353,Ostrowy,85,Warmińsko-mazurskie,0.15,0.15,0.1,0.15,0.1
3354,3354,Ostrowy,78,Mazowieckie,0.15,0.15,0.1,0.15,0.1
3355,3355,Ostrowy,74,Łódzkie,0.15,0.15,0.1,0.15,0.1
3356,3356,Ostrowy Baranowskie,80,Podkarpackie,0.15,0.15,0.1,0.15,0.1
3357,3357,Ostrowy Tuszowskie,80,Podkarpackie,0.15,0.15,0.1,0.15,0.1
3358,3358,Ostrołęka,84,Świętokrzyskie,0.15,0.15,0.1,0.15,0.1
3359,3359,Ostrołęka,78,Mazowieckie,0.15,0.15,0.1,0.15,0.1
3360,3360,Ostrołęka,74,Łódzkie,0.15,0.15,0.1,0.15,0.1
3361,3361,Ostrożnica,79,Opolskie,0.15,0.15,0.1,0.15,0.1
3362,3362,Ostrzeszów,86,Wielkopolskie,0.15,0.15,0.1,0.15,0.1
3363,3363,Ostróda,85,Warmińsko-mazurskie,0.15,0.15,0.1,0.15,0.1
3364,3364,Ostrów,77,Małopolskie,0.15,0.15,0.1,0.15,0.1
3365,3365,Ostrów,76,Lubuskie,0.15,0.15,0.1,0.15,0.1
3366,3366,Ostrów,75,Lubelskie,0.15,0.15,0.1,0.15,0.1
3367,3367,Ostrów,74,Łódzkie,0.15,0.15,0.1,0.15,0.1
3368,3368,Ostrów,78,Mazowieckie,0.15,0.15,0.1,0.15,0.1
3369,3369,Ostrów,83,Śląskie,0.15,0.15,0.1,0.15,0.1
3370,3370,Ostrów,87,Zachodniopomorskie,0.15,0.15,0.1,0.15,0.1
3371,3371,Ostrów,86,Wielkopolskie,0.15,0.15,0.1,0.15,0.1
3372,3372,Ostrów,85,Warmińsko-mazurskie,0.15,0.15,0.1,0.15,0.1
3373,3373,Ostrów,84,Świętokrzyskie,0.15,0.15,0.1,0.15,0.1
3374,3374,Ostrów,82,Pomorskie,0.15,0.15,0.1,0.15,0.1
3375,3375,Ostrów,80,Podkarpackie,0.15,0.15,0.1,0.15,0.1
3376,3376,Ostrów,73,Kujawsko-pomorskie,0.15,0.15,0.1,0.15,0.1
3377,3377,Ostrów Lubelski,75,Lubelskie,0.15,0.15,0.1,0.15,0.1
3378,3378,Ostrów Mazowiecka,78,Mazowieckie,0.15,0.15,0.1,0.15,0.1
3379,3379,Ostrów Wielkopolski,86,Wielkopolskie,0.15,0.15,0.1,0.15,0.1
3380,3380,Ostrówek,81,Podlaskie,0.15,0.15,0.1,0.15,0.1
3381,3381,Ostrówek,80,Podkarpackie,0.15,0.15,0.1,0.15,0.1
3382,3382,Ostrówek,78,Mazowieckie,0.15,0.15,0.1,0.15,0.1
3383,3383,Ostrówek,86,Wielkopolskie,0.15,0.15,0.1,0.15,0.1
3384,3384,Ostrówek,82,Pomorskie,0.15,0.15,0.1,0.15,0.1
3385,3385,Ostrówek,74,Łódzkie,0.15,0.15,0.1,0.15,0.1
3386,3386,Ostrówek,75,Lubelskie,0.15,0.15,0.1,0.15,0.1
3387,3387,Ostrówek,87,Zachodniopomorskie,0.15,0.15,0.1,0.15,0.1
3388,3388,Ostrówek,73,Kujawsko-pomorskie,0.15,0.15,0.1,0.15,0.1
3389,3389,Ostrężnica,77,Małopolskie,0.15,0.15,0.1,0.15,0.1
3390,3390,Otmuchów,79,Opolskie,0.15,0.15,0.1,0.15,0.1
3391,3391,Otrębusy,78,Mazowieckie,0.15,0.15,0.1,0.15,0.1
3392,3392,Otwock,78,Mazowieckie,0.15,0.15,0.1,0.15,0.1
3393,3393,Otyń,76,Lubuskie,0.15,0.15,0.1,0.15,0.1
3394,3394,Owczarnia,75,Lubelskie,0.15,0.15,0.1,0.15,0.1
3395,3395,Owczarnia,78,Mazowieckie,0.15,0.15,0.1,0.15,0.1
3396,3396,Owczarnia,85,Warmińsko-mazurskie,0.15,0.15,0.1,0.15,0.1
3397,3397,Ozimek,79,Opolskie,0.15,0.15,0.1,0.15,0.1
3398,3398,Ozorków,74,Łódzkie,0.15,0.15,0.1,0.15,0.1
3399,3399,Oława,72,Dolnośląskie,0.15,0.15,0.1,0.15,0.1
3400,3400,Ołpiny,77,Małopolskie,0.15,0.15,0.1,0.15,0.1
3401,3401,Ołtarzew,78,Mazowieckie,0.15,0.15,0.1,0.15,0.1
3402,3402,Ośno Lubuskie,76,Lubuskie,0.15,0.15,0.1,0.15,0.1
3403,3403,Oświęcim,77,Małopolskie,0.15,0.15,0.1,0.15,0.1
3404,3404,Oświęcim,86,Wielkopolskie,0.15,0.15,0.1,0.15,0.1
3405,3405,Ożarowice,83,Śląskie,0.15,0.15,0.1,0.15,0.1
3406,3406,Ożarów,84,Świętokrzyskie,0.15,0.15,0.1,0.15,0.1
3407,3407,Ożarów,75,Lubelskie,0.15,0.15,0.1,0.15,0.1
3408,3408,Ożarów,74,Łódzkie,0.15,0.15,0.1,0.15,0.1
3409,3409,Ożarów Mazowiecki,78,Mazowieckie,0.15,0.15,0.1,0.15,0.1
3410,3410,Pabianice,74,Łódzkie,0.15,0.15,0.1,0.15,0.1
3411,3411,Pabianice,83,Śląskie,0.15,0.15,0.1,0.15,0.1
3412,3412,Pacanów,84,Świętokrzyskie,0.15,0.15,0.1,0.15,0.1
3413,3413,Pacyna,78,Mazowieckie,0.15,0.15,0.1,0.15,0.1
3414,3414,Paczków,72,Dolnośląskie,0.15,0.15,0.1,0.15,0.1
3415,3415,Paczków,79,Opolskie,0.15,0.15,0.1,0.15,0.1
3416,3416,Padew Narodowa,80,Podkarpackie,0.15,0.15,0.1,0.15,0.1
3417,3417,Pajęczno,76,Lubuskie,0.15,0.15,0.1,0.15,0.1
3418,3418,Pajęczno,74,Łódzkie,0.15,0.15,0.1,0.15,0.1
3419,3419,Pakoszówka,80,Podkarpackie,0.15,0.15,0.1,0.15,0.1
3420,3420,Pakosław,87,Zachodniopomorskie,0.15,0.15,0.1,0.15,0.1
3421,3421,Pakosław,86,Wielkopolskie,0.15,0.15,0.1,0.15,0.1
3422,3422,Pakosław,78,Mazowieckie,0.15,0.15,0.1,0.15,0.1
3423,3423,Pakosławice,79,Opolskie,0.15,0.15,0.1,0.15,0.1
3424,3424,Pakość,73,Kujawsko-pomorskie,0.15,0.15,0.1,0.15,0.1
3425,3425,Pakość,87,Zachodniopomorskie,0.15,0.15,0.1,0.15,0.1
3426,3426,Palcza,77,Małopolskie,0.15,0.15,0.1,0.15,0.1
3427,3427,Pamiątkowo,86,Wielkopolskie,0.15,0.15,0.1,0.15,0.1
3428,3428,Paniówki,83,Śląskie,0.15,0.15,0.1,0.15,0.1
3429,3429,Panki,83,Śląskie,0.15,0.15,0.1,0.15,0.1
3430,3430,Pantalowice,80,Podkarpackie,0.15,0.15,0.1,0.15,0.1
3431,3431,Papowo Biskupie,73,Kujawsko-pomorskie,0.15,0.15,0.1,0.15,0.1
3432,3432,Paprotnia,86,Wielkopolskie,0.15,0.15,0.1,0.15,0.1
3433,3433,Paprotnia,78,Mazowieckie,0.15,0.15,0.1,0.15,0.1
3434,3434,Paprotnia,75,Lubelskie,0.15,0.15,0.1,0.15,0.1
3435,3435,Paprotnia,74,Łódzkie,0.15,0.15,0.1,0.15,0.1
3436,3436,Paradyż,74,Łódzkie,0.15,0.15,0.1,0.15,0.1
3437,3437,Parchowo,82,Pomorskie,0.15,0.15,0.1,0.15,0.1
3438,3438,Parczew,75,Lubelskie,0.15,0.15,0.1,0.15,0.1
3439,3439,Parczew,86,Wielkopolskie,0.15,0.15,0.1,0.15,0.1
3440,3440,Parysów,78,Mazowieckie,0.15,0.15,0.1,0.15,0.1
3441,3441,Parzęczew,74,Łódzkie,0.15,0.15,0.1,0.15,0.1
3442,3442,Parzęczew,86,Wielkopolskie,0.15,0.15,0.1,0.15,0.1
3443,3443,Pasiecznik,72,Dolnośląskie,0.15,0.15,0.1,0.15,0.1
3444,3444,Pasym,85,Warmińsko-mazurskie,0.15,0.15,0.1,0.15,0.1
3445,3445,Paszkówka,77,Małopolskie,0.15,0.15,0.1,0.15,0.1
3446,3446,Paszowice,72,Dolnośląskie,0.15,0.15,0.1,0.15,0.1
3447,3447,Pasłęk,85,Warmińsko-mazurskie,0.15,0.15,0.1,0.15,0.1
3448,3448,Pawlikowice,72,Dolnośląskie,0.15,0.15,0.1,0.15,0.1
3449,3449,Pawlikowice,74,Łódzkie,0.15,0.15,0.1,0.15,0.1
3450,3450,Pawlikowice,77,Małopolskie,0.15,0.15,0.1,0.15,0.1
3451,3451,Pawonków,83,Śląskie,0.15,0.15,0.1,0.15,0.1
3452,3452,Pawłosiów,80,Podkarpackie,0.15,0.15,0.1,0.15,0.1
3453,3453,Pawłowice,86,Wielkopolskie,0.15,0.15,0.1,0.15,0.1
3454,3454,Pawłowice,84,Świętokrzyskie,0.15,0.15,0.1,0.15,0.1
3455,3455,Pawłowice,83,Śląskie,0.15,0.15,0.1,0.15,0.1
3456,3456,Pawłowice,79,Opolskie,0.15,0.15,0.1,0.15,0.1
3457,3457,Pawłowice,78,Mazowieckie,0.15,0.15,0.1,0.15,0.1
3458,3458,Pawłowice,75,Lubelskie,0.15,0.15,0.1,0.15,0.1
3459,3459,Pawłowice,74,Łódzkie,0.15,0.15,0.1,0.15,0.1
3460,3460,Pawłowice,72,Dolnośląskie,0.15,0.15,0.1,0.15,0.1
3461,3461,Pawłowiczki,79,Opolskie,0.15,0.15,0.1,0.15,0.1
3462,3462,Pawłów,86,Wielkopolskie,0.15,0.15,0.1,0.15,0.1
3463,3463,Pawłów,84,Świętokrzyskie,0.15,0.15,0.1,0.15,0.1
3464,3464,Pawłów,75,Lubelskie,0.15,0.15,0.1,0.15,0.1
3465,3465,Pawłów,79,Opolskie,0.15,0.15,0.1,0.15,0.1
3466,3466,Pawłów,78,Mazowieckie,0.15,0.15,0.1,0.15,0.1
3467,3467,Pawłów,83,Śląskie,0.15,0.15,0.1,0.15,0.1
3468,3468,Pawłów,74,Łódzkie,0.15,0.15,0.1,0.15,0.1
3469,3469,Pałecznica,77,Małopolskie,0.15,0.15,0.1,0.15,0.1
3470,3470,Pałecznica,75,Lubelskie,0.15,0.15,0.1,0.15,0.1
3471,3471,Pcim,77,Małopolskie,0.15,0.15,0.1,0.15,0.1
3472,3472,Pecna,86,Wielkopolskie,0.15,0.15,0.1,0.15,0.1
3473,3473,Pelplin,82,Pomorskie,0.15,0.15,0.1,0.15,0.1
3474,3474,Perlejewo,81,Podlaskie,0.15,0.15,0.1,0.15,0.1
3475,3475,Perzów,86,Wielkopolskie,0.15,0.15,0.1,0.15,0.1
3476,3476,Pewel Wielka,83,Śląskie,0.15,0.15,0.1,0.15,0.1
3477,3477,Pewel Ślemieńska,83,Śląskie,0.15,0.15,0.1,0.15,0.1
3478,3478,Pełczyce,72,Dolnośląskie,0.15,0.15,0.1,0.15,0.1
3479,3479,Pełczyce,84,Świętokrzyskie,0.15,0.15,0.1,0.15,0.1
3480,3480,Pełczyce,87,Zachodniopomorskie,0.15,0.15,0.1,0.15,0.1
3481,3481,Piaseczno,84,Świętokrzyskie,0.15,0.15,0.1,0.15,0.1
3482,3482,Piaseczno,87,Zachodniopomorskie,0.15,0.15,0.1,0.15,0.1
3483,3483,Piaseczno,83,Śląskie,0.15,0.15,0.1,0.15,0.1
3484,3484,Piaseczno,82,Pomorskie,0.15,0.15,0.1,0.15,0.1
3485,3485,Piaseczno,85,Warmińsko-mazurskie,0.15,0.15,0.1,0.15,0.1
3486,3486,Piaseczno,78,Mazowieckie,0.15,0.15,0.1,0.15,0.1
3487,3487,Piaseczno,75,Lubelskie,0.15,0.15,0.1,0.15,0.1
3488,3488,Piaseczno,73,Kujawsko-pomorskie,0.15,0.15,0.1,0.15,0.1
3489,3489,Piasek,87,Zachodniopomorskie,0.15,0.15,0.1,0.15,0.1
3490,3490,Piasek,84,Świętokrzyskie,0.15,0.15,0.1,0.15,0.1
3491,3491,Piasek,83,Śląskie,0.15,0.15,0.1,0.15,0.1
3492,3492,Piaski,78,Mazowieckie,0.15,0.15,0.1,0.15,0.1
3493,3493,Piaski,76,Lubuskie,0.15,0.15,0.1,0.15,0.1
3494,3494,Piaski,75,Lubelskie,0.15,0.15,0.1,0.15,0.1
3495,3495,Piaski,74,Łódzkie,0.15,0.15,0.1,0.15,0.1
3496,3496,Piaski,73,Kujawsko-pomorskie,0.15,0.15,0.1,0.15,0.1
3497,3497,Piaski,84,Świętokrzyskie,0.15,0.15,0.1,0.15,0.1
3498,3498,Piaski,87,Zachodniopomorskie,0.15,0.15,0.1,0.15,0.1
3499,3499,Piaski,86,Wielkopolskie,0.15,0.15,0.1,0.15,0.1
3500,3500,Piaski,85,Warmińsko-mazurskie,0.15,0.15,0.1,0.15,0.1
3501,3501,Piaski,83,Śląskie,0.15,0.15,0.1,0.15,0.1
3502,3502,Piaski,81,Podlaskie,0.15,0.15,0.1,0.15,0.1
3503,3503,Piaski,80,Podkarpackie,0.15,0.15,0.1,0.15,0.1
3504,3504,Piastów,78,Mazowieckie,0.15,0.15,0.1,0.15,0.1
3505,3505,Piechowice,72,Dolnośląskie,0.15,0.15,0.1,0.15,0.1
3506,3506,Piechowice,82,Pomorskie,0.15,0.15,0.1,0.15,0.1
3507,3507,Piecki,82,Pomorskie,0.15,0.15,0.1,0.15,0.1
3508,3508,Piecki,81,Podlaskie,0.15,0.15,0.1,0.15,0.1
3509,3509,Piecki,85,Warmińsko-mazurskie,0.15,0.15,0.1,0.15,0.1
3510,3510,Piecki,73,Kujawsko-pomorskie,0.15,0.15,0.1,0.15,0.1
3511,3511,Piekary,87,Zachodniopomorskie,0.15,0.15,0.1,0.15,0.1
3512,3512,Piekary,86,Wielkopolskie,0.15,0.15,0.1,0.15,0.1
3513,3513,Piekary,84,Świętokrzyskie,0.15,0.15,0.1,0.15,0.1
3514,3514,Piekary,78,Mazowieckie,0.15,0.15,0.1,0.15,0.1
3515,3515,Piekary,77,Małopolskie,0.15,0.15,0.1,0.15,0.1
3516,3516,Piekary,74,Łódzkie,0.15,0.15,0.1,0.15,0.1
3517,3517,Piekary,72,Dolnośląskie,0.15,0.15,0.1,0.15,0.1
3518,3518,Piekary Śląskie,83,Śląskie,0.15,0.15,0.1,0.15,0.1
3519,3519,Piekielnik,77,Małopolskie,0.15,0.15,0.1,0.15,0.1
3520,3520,Piekoszów,84,Świętokrzyskie,0.15,0.15,0.1,0.15,0.1
3521,3521,Pielgrzymka,75,Lubelskie,0.15,0.15,0.1,0.15,0.1
3522,3522,Pielgrzymka,72,Dolnośląskie,0.15,0.15,0.1,0.15,0.1
3523,3523,Pielgrzymka,80,Podkarpackie,0.15,0.15,0.1,0.15,0.1
3524,3524,Pielgrzymowice,77,Małopolskie,0.15,0.15,0.1,0.15,0.1
3525,3525,Pielgrzymowice,79,Opolskie,0.15,0.15,0.1,0.15,0.1
3526,3526,Pielgrzymowice,83,Śląskie,0.15,0.15,0.1,0.15,0.1
3527,3527,Pielnia,80,Podkarpackie,0.15,0.15,0.1,0.15,0.1
3528,3528,Pieniążkowice,77,Małopolskie,0.15,0.15,0.1,0.15,0.1
3529,3529,Pieniężno,85,Warmińsko-mazurskie,0.15,0.15,0.1,0.15,0.1
3530,3530,Pierwoszyno,82,Pomorskie,0.15,0.15,0.1,0.15,0.1
3531,3531,Pierzchnica,86,Wielkopolskie,0.15,0.15,0.1,0.15,0.1
3532,3532,Pierzchnica,84,Świętokrzyskie,0.15,0.15,0.1,0.15,0.1
3533,3533,Pierzchów,77,Małopolskie,0.15,0.15,0.1,0.15,0.1
3534,3534,Pierściec,83,Śląskie,0.15,0.15,0.1,0.15,0.1
3535,3535,Pieszyce,72,Dolnośląskie,0.15,0.15,0.1,0.15,0.1
3536,3536,Pietrowice Wielkie,83,Śląskie,0.15,0.15,0.1,0.15,0.1
3537,3537,Pietrzykowice,72,Dolnośląskie,0.15,0.15,0.1,0.15,0.1
3538,3538,Pietrzykowice,83,Śląskie,0.15,0.15,0.1,0.15,0.1
3539,3539,Pieńsk,72,Dolnośląskie,0.15,0.15,0.1,0.15,0.1
3540,3540,Pilawa,78,Mazowieckie,0.15,0.15,0.1,0.15,0.1
3541,3541,Pilchowice,83,Śląskie,0.15,0.15,0.1,0.15,0.1
3542,3542,Pilchowice,72,Dolnośląskie,0.15,0.15,0.1,0.15,0.1
3543,3543,Pilica,78,Mazowieckie,0.15,0.15,0.1,0.15,0.1
3544,3544,Pilica,83,Śląskie,0.15,0.15,0.1,0.15,0.1
3545,3545,Pilszcz,79,Opolskie,0.15,0.15,0.1,0.15,0.1
3546,3546,Pilzno,80,Podkarpackie,0.15,0.15,0.1,0.15,0.1
3547,3547,Pionki,82,Pomorskie,0.15,0.15,0.1,0.15,0.1
3548,3548,Pionki,78,Mazowieckie,0.15,0.15,0.1,0.15,0.1
3549,3549,Piotrków Kujawski,73,Kujawsko-pomorskie,0.15,0.15,0.1,0.15,0.1
3550,3550,Piotrków Trybunalski,74,Łódzkie,0.15,0.15,0.1,0.15,0.1
3551,3551,Pisarowce,80,Podkarpackie,0.15,0.15,0.1,0.15,0.1
3552,3552,Pisarzowice,86,Wielkopolskie,0.15,0.15,0.1,0.15,0.1
3553,3553,Pisarzowice,83,Śląskie,0.15,0.15,0.1,0.15,0.1
3554,3554,Pisarzowice,79,Opolskie,0.15,0.15,0.1,0.15,0.1
3555,3555,Pisarzowice,72,Dolnośląskie,0.15,0.15,0.1,0.15,0.1
3556,3556,Piskorowice,80,Podkarpackie,0.15,0.15,0.1,0.15,0.1
3557,3557,Pisz,85,Warmińsko-mazurskie,0.15,0.15,0.1,0.15,0.1
3558,3558,Piszczac,75,Lubelskie,0.15,0.15,0.1,0.15,0.1
3559,3559,Piwniczna-Zdrój,77,Małopolskie,0.15,0.15,0.1,0.15,0.1
3560,3560,Piątek,74,Łódzkie,0.15,0.15,0.1,0.15,0.1
3561,3561,Piła,73,Kujawsko-pomorskie,0.15,0.15,0.1,0.15,0.1
3562,3562,Piła,74,Łódzkie,0.15,0.15,0.1,0.15,0.1
3563,3563,Piła,84,Świętokrzyskie,0.15,0.15,0.1,0.15,0.1
3564,3564,Piła,86,Wielkopolskie,0.15,0.15,0.1,0.15,0.1
3565,3565,Piła Kościelecka,77,Małopolskie,0.15,0.15,0.1,0.15,0.1
3566,3566,Piława Górna,72,Dolnośląskie,0.15,0.15,0.1,0.15,0.1
3567,3567,Pińczyce,83,Śląskie,0.15,0.15,0.1,0.15,0.1
3568,3568,Pińczów,84,Świętokrzyskie,0.15,0.15,0.1,0.15,0.1
3569,3569,Platerów,78,Mazowieckie,0.15,0.15,0.1,0.15,0.1
3570,3570,Platerówka,72,Dolnośląskie,0.15,0.15,0.1,0.15,0.1
3571,3571,Pleszew,86,Wielkopolskie,0.15,0.15,0.1,0.15,0.1
3572,3572,Plewiska,86,Wielkopolskie,0.15,0.15,0.1,0.15,0.1
3573,3573,Pleśna,77,Małopolskie,0.15,0.15,0.1,0.15,0.1
3574,3574,Pleśna,87,Zachodniopomorskie,0.15,0.15,0.1,0.15,0.1
3575,3575,Pniewy,78,Mazowieckie,0.15,0.15,0.1,0.15,0.1
3576,3576,Pniewy,87,Zachodniopomorskie,0.15,0.15,0.1,0.15,0.1
3577,3577,Pniewy,86,Wielkopolskie,0.15,0.15,0.1,0.15,0.1
3578,3578,Pniewy,73,Kujawsko-pomorskie,0.15,0.15,0.1,0.15,0.1
3579,3579,Pobiedziska,86,Wielkopolskie,0.15,0.15,0.1,0.15,0.1
3580,3580,Pobierowo,87,Zachodniopomorskie,0.15,0.15,0.1,0.15,0.1
3581,3581,Poborszów,79,Opolskie,0.15,0.15,0.1,0.15,0.1
3582,3582,Poczesna,83,Śląskie,0.15,0.15,0.1,0.15,0.1
3583,3583,Poddębice,74,Łódzkie,0.15,0.15,0.1,0.15,0.1
3584,3584,Poddębice,73,Kujawsko-pomorskie,0.15,0.15,0.1,0.15,0.1
3585,3585,Podebłocie,78,Mazowieckie,0.15,0.15,0.1,0.15,0.1
3586,3586,Podedwórze,75,Lubelskie,0.15,0.15,0.1,0.15,0.1
3587,3587,Podegrodzie,77,Małopolskie,0.15,0.15,0.1,0.15,0.1
3588,3588,Podegrodzie,87,Zachodniopomorskie,0.15,0.15,0.1,0.15,0.1
3589,3589,Podgórzyn,72,Dolnośląskie,0.15,0.15,0.1,0.15,0.1
3590,3590,Podgórzyn,73,Kujawsko-pomorskie,0.15,0.15,0.1,0.15,0.1
3591,3591,Podgórzyn,85,Warmińsko-mazurskie,0.15,0.15,0.1,0.15,0.1
3592,3592,Podkowa Leśna,78,Mazowieckie,0.15,0.15,0.1,0.15,0.1
3593,3593,Podlesie Duże,75,Lubelskie,0.15,0.15,0.1,0.15,0.1
3594,3594,Podlesie Duże,78,Mazowieckie,0.15,0.15,0.1,0.15,0.1
3595,3595,Podsarnie,77,Małopolskie,0.15,0.15,0.1,0.15,0.1
3596,3596,Podwilk,77,Małopolskie,0.15,0.15,0.1,0.15,0.1
3597,3597,Podłęże,74,Łódzkie,0.15,0.15,0.1,0.15,0.1
3598,3598,Podłęże,77,Małopolskie,0.15,0.15,0.1,0.15,0.1
3599,3599,Podłęże,84,Świętokrzyskie,0.15,0.15,0.1,0.15,0.1
3600,3600,Pogorzel,85,Warmińsko-mazurskie,0.15,0.15,0.1,0.15,0.1
3601,3601,Pogorzel,78,Mazowieckie,0.15,0.15,0.1,0.15,0.1
3602,3602,Pogorzela,86,Wielkopolskie,0.15,0.15,0.1,0.15,0.1
3603,3603,Pogorzyce,77,Małopolskie,0.15,0.15,0.1,0.15,0.1
3604,3604,Pogrzebień,83,Śląskie,0.15,0.15,0.1,0.15,0.1
3605,3605,Pogwizdów,83,Śląskie,0.15,0.15,0.1,0.15,0.1
3606,3606,Pogwizdów,80,Podkarpackie,0.15,0.15,0.1,0.15,0.1
3607,3607,Pogwizdów,77,Małopolskie,0.15,0.15,0.1,0.15,0.1
3608,3608,Pogwizdów,72,Dolnośląskie,0.15,0.15,0.1,0.15,0.1
3609,3609,Pogórska Wola,77,Małopolskie,0.15,0.15,0.1,0.15,0.1
3610,3610,Pogórze,86,Wielkopolskie,0.15,0.15,0.1,0.15,0.1
3611,3611,Pogórze,82,Pomorskie,0.15,0.15,0.1,0.15,0.1
3612,3612,Pogórze,79,Opolskie,0.15,0.15,0.1,0.15,0.1
3613,3613,Pogórze,83,Śląskie,0.15,0.15,0.1,0.15,0.1
3614,3614,Pokrzywnica,78,Mazowieckie,0.15,0.15,0.1,0.15,0.1
3615,3615,Pokrzywnica,86,Wielkopolskie,0.15,0.15,0.1,0.15,0.1
3616,3616,Pokrzywnica,84,Świętokrzyskie,0.15,0.15,0.1,0.15,0.1
3617,3617,Pokrzywnica,74,Łódzkie,0.15,0.15,0.1,0.15,0.1
3618,3618,Pokrzywnica,79,Opolskie,0.15,0.15,0.1,0.15,0.1
3619,3619,Pokrówka,75,Lubelskie,0.15,0.15,0.1,0.15,0.1
3620,3620,Pokój,79,Opolskie,0.15,0.15,0.1,0.15,0.1
3621,3621,Polanica-Zdrój,72,Dolnośląskie,0.15,0.15,0.1,0.15,0.1
3622,3622,Polanka,82,Pomorskie,0.15,0.15,0.1,0.15,0.1
3623,3623,Polanka,78,Mazowieckie,0.15,0.15,0.1,0.15,0.1
3624,3624,Polanka,72,Dolnośląskie,0.15,0.15,0.1,0.15,0.1
3625,3625,Polanka,77,Małopolskie,0.15,0.15,0.1,0.15,0.1
3626,3626,Polanka Wielka,77,Małopolskie,0.15,0.15,0.1,0.15,0.1
3627,3627,Polanów,84,Świętokrzyskie,0.15,0.15,0.1,0.15,0.1
3628,3628,Polanów,87,Zachodniopomorskie,0.15,0.15,0.1,0.15,0.1
3629,3629,Polańczyk,80,Podkarpackie,0.15,0.15,0.1,0.15,0.1
3630,3630,Police,87,Zachodniopomorskie,0.15,0.15,0.1,0.15,0.1
3631,3631,Police,72,Dolnośląskie,0.15,0.15,0.1,0.15,0.1
3632,3632,Police,86,Wielkopolskie,0.15,0.15,0.1,0.15,0.1
3633,3633,Policzna,78,Mazowieckie,0.15,0.15,0.1,0.15,0.1
3634,3634,Policzna,81,Podlaskie,0.15,0.15,0.1,0.15,0.1
3635,3635,Polkowice,72,Dolnośląskie,0.15,0.15,0.1,0.15,0.1
3636,3636,Polska Cerekiew,79,Opolskie,0.15,0.15,0.1,0.15,0.1
3637,3637,Pomiechówek,78,Mazowieckie,0.15,0.15,0.1,0.15,0.1
3638,3638,Poniatowa,75,Lubelskie,0.15,0.15,0.1,0.15,0.1
3639,3639,Poniec,86,Wielkopolskie,0.15,0.15,0.1,0.15,0.1
3640,3640,Ponikiew,78,Mazowieckie,0.15,0.15,0.1,0.15,0.1
3641,3641,Ponikiew,87,Zachodniopomorskie,0.15,0.15,0.1,0.15,0.1
3642,3642,Ponikiew,77,Małopolskie,0.15,0.15,0.1,0.15,0.1
3643,3643,Popielów,78,Mazowieckie,0.15,0.15,0.1,0.15,0.1
3644,3644,Popielów,79,Opolskie,0.15,0.15,0.1,0.15,0.1
3645,3645,Popów,74,Łódzkie,0.15,0.15,0.1,0.15,0.1
3646,3646,Popów,75,Lubelskie,0.15,0.15,0.1,0.15,0.1
3647,3647,Popów,83,Śląskie,0.15,0.15,0.1,0.15,0.1
3648,3648,Popów,86,Wielkopolskie,0.15,0.15,0.1,0.15,0.1
3649,3649,Poraj,84,Świętokrzyskie,0.15,0.15,0.1,0.15,0.1
3650,3650,Poraj,83,Śląskie,0.15,0.15,0.1,0.15,0.1
3651,3651,Poraj,82,Pomorskie,0.15,0.15,0.1,0.15,0.1
3652,3652,Poraj,74,Łódzkie,0.15,0.15,0.1,0.15,0.1
3653,3653,Poraj,75,Lubelskie,0.15,0.15,0.1,0.15,0.1
3654,3654,Poraj,80,Podkarpackie,0.15,0.15,0.1,0.15,0.1
3655,3655,Poraż,80,Podkarpackie,0.15,0.15,0.1,0.15,0.1
3656,3656,Poronin,77,Małopolskie,0.15,0.15,0.1,0.15,0.1
3657,3657,Porąbka,87,Zachodniopomorskie,0.15,0.15,0.1,0.15,0.1
3658,3658,Porąbka,83,Śląskie,0.15,0.15,0.1,0.15,0.1
3659,3659,Porąbka,77,Małopolskie,0.15,0.15,0.1,0.15,0.1
3660,3660,Porąbka,76,Lubuskie,0.15,0.15,0.1,0.15,0.1
3661,3661,Porąbka Uszewska,77,Małopolskie,0.15,0.15,0.1,0.15,0.1
3662,3662,Poręba,86,Wielkopolskie,0.15,0.15,0.1,0.15,0.1
3663,3663,Poręba,84,Świętokrzyskie,0.15,0.15,0.1,0.15,0.1
3664,3664,Poręba,83,Śląskie,0.15,0.15,0.1,0.15,0.1
3665,3665,Poręba,80,Podkarpackie,0.15,0.15,0.1,0.15,0.1
3666,3666,Poręba,79,Opolskie,0.15,0.15,0.1,0.15,0.1
3667,3667,Poręba,78,Mazowieckie,0.15,0.15,0.1,0.15,0.1
3668,3668,Poręba,76,Lubuskie,0.15,0.15,0.1,0.15,0.1
3669,3669,Poręba,74,Łódzkie,0.15,0.15,0.1,0.15,0.1
3670,3670,Poręba,72,Dolnośląskie,0.15,0.15,0.1,0.15,0.1
3671,3671,Poręba,77,Małopolskie,0.15,0.15,0.1,0.15,0.1
3672,3672,Poręba Górna,77,Małopolskie,0.15,0.15,0.1,0.15,0.1
3673,3673,Poręba Spytkowska,77,Małopolskie,0.15,0.15,0.1,0.15,0.1
3674,3674,Poręba Wielka,77,Małopolskie,0.15,0.15,0.1,0.15,0.1
3675,3675,Postomino,87,Zachodniopomorskie,0.15,0.15,0.1,0.15,0.1
3676,3676,Potok Górny,75,Lubelskie,0.15,0.15,0.1,0.15,0.1
3677,3677,Potok Wielki,75,Lubelskie,0.15,0.15,0.1,0.15,0.1
3678,3678,Potok Wielki,84,Świętokrzyskie,0.15,0.15,0.1,0.15,0.1
3679,3679,Potworów,86,Wielkopolskie,0.15,0.15,0.1,0.15,0.1
3680,3680,Potworów,78,Mazowieckie,0.15,0.15,0.1,0.15,0.1
3681,3681,Potworów,72,Dolnośląskie,0.15,0.15,0.1,0.15,0.1
3682,3682,Potęgowo,82,Pomorskie,0.15,0.15,0.1,0.15,0.1
3683,3683,Powidz,86,Wielkopolskie,0.15,0.15,0.1,0.15,0.1
3684,3684,Powidz,87,Zachodniopomorskie,0.15,0.15,0.1,0.15,0.1
3685,3685,Pozezdrze,85,Warmińsko-mazurskie,0.15,0.15,0.1,0.15,0.1
3686,3686,Poznań,86,Wielkopolskie,0.15,0.15,0.1,0.15,0.1
3687,3687,Poznań,75,Lubelskie,0.15,0.15,0.1,0.15,0.1
3688,3688,Pozowice,77,Małopolskie,0.15,0.15,0.1,0.15,0.1
3689,3689,Połajewo,73,Kujawsko-pomorskie,0.15,0.15,0.1,0.15,0.1
3690,3690,Połajewo,86,Wielkopolskie,0.15,0.15,0.1,0.15,0.1
3691,3691,Połaniec,84,Świętokrzyskie,0.15,0.15,0.1,0.15,0.1
3692,3692,Połczyn-Zdrój,87,Zachodniopomorskie,0.15,0.15,0.1,0.15,0.1
3693,3693,Połomia,83,Śląskie,0.15,0.15,0.1,0.15,0.1
3694,3694,Połomia,80,Podkarpackie,0.15,0.15,0.1,0.15,0.1
3695,3695,Poświętne,81,Podlaskie,0.15,0.15,0.1,0.15,0.1
3696,3696,Poświętne,86,Wielkopolskie,0.15,0.15,0.1,0.15,0.1
3697,3697,Poświętne,72,Dolnośląskie,0.15,0.15,0.1,0.15,0.1
3698,3698,Poświętne,74,Łódzkie,0.15,0.15,0.1,0.15,0.1
3699,3699,Poświętne,78,Mazowieckie,0.15,0.15,0.1,0.15,0.1
3700,3700,Prabuty,78,Mazowieckie,0.15,0.15,0.1,0.15,0.1
3701,3701,Prabuty,82,Pomorskie,0.15,0.15,0.1,0.15,0.1
3702,3702,Praszka,79,Opolskie,0.15,0.15,0.1,0.15,0.1
3703,3703,Prażmów,74,Łódzkie,0.15,0.15,0.1,0.15,0.1
3704,3704,Prażmów,75,Lubelskie,0.15,0.15,0.1,0.15,0.1
3705,3705,Prażmów,78,Mazowieckie,0.15,0.15,0.1,0.15,0.1
3706,3706,Prochowice,72,Dolnośląskie,0.15,0.15,0.1,0.15,0.1
3707,3707,Promna,78,Mazowieckie,0.15,0.15,0.1,0.15,0.1
3708,3708,Prostki,85,Warmińsko-mazurskie,0.15,0.15,0.1,0.15,0.1
3709,3709,Proszowice,77,Małopolskie,0.15,0.15,0.1,0.15,0.1
3710,3710,Pruchna,83,Śląskie,0.15,0.15,0.1,0.15,0.1
3711,3711,Pruchnik,80,Podkarpackie,0.15,0.15,0.1,0.15,0.1
3712,3712,Prudnik,79,Opolskie,0.15,0.15,0.1,0.15,0.1
3713,3713,Prusice,72,Dolnośląskie,0.15,0.15,0.1,0.15,0.1
3714,3714,Prusinowice,74,Łódzkie,0.15,0.15,0.1,0.15,0.1
3715,3715,Prusinowice,78,Mazowieckie,0.15,0.15,0.1,0.15,0.1
3716,3716,Prusinowice,79,Opolskie,0.15,0.15,0.1,0.15,0.1
3717,3717,Prusinowice,84,Świętokrzyskie,0.15,0.15,0.1,0.15,0.1
3718,3718,Pruszcz,87,Zachodniopomorskie,0.15,0.15,0.1,0.15,0.1
3719,3719,Pruszcz,73,Kujawsko-pomorskie,0.15,0.15,0.1,0.15,0.1
3720,3720,Pruszcz Gdański,82,Pomorskie,0.15,0.15,0.1,0.15,0.1
3721,3721,Pruszków,74,Łódzkie,0.15,0.15,0.1,0.15,0.1
3722,3722,Pruszków,76,Lubuskie,0.15,0.15,0.1,0.15,0.1
3723,3723,Pruszków,78,Mazowieckie,0.15,0.15,0.1,0.15,0.1
3724,3724,Pruszków,86,Wielkopolskie,0.15,0.15,0.1,0.15,0.1
3725,3725,Przasnysz,78,Mazowieckie,0.15,0.15,0.1,0.15,0.1
3726,3726,Przechlewo,82,Pomorskie,0.15,0.15,0.1,0.15,0.1
3727,3727,Przecieszyn,77,Małopolskie,0.15,0.15,0.1,0.15,0.1
3728,3728,Przeciszów,77,Małopolskie,0.15,0.15,0.1,0.15,0.1
3729,3729,Przecław,87,Zachodniopomorskie,0.15,0.15,0.1,0.15,0.1
3730,3730,Przecław,86,Wielkopolskie,0.15,0.15,0.1,0.15,0.1
3731,3731,Przecław,80,Podkarpackie,0.15,0.15,0.1,0.15,0.1
3732,3732,Przecław,74,Łódzkie,0.15,0.15,0.1,0.15,0.1
3733,3733,Przecław,76,Lubuskie,0.15,0.15,0.1,0.15,0.1
3734,3734,Przedbórz,73,Kujawsko-pomorskie,0.15,0.15,0.1,0.15,0.1
3735,3735,Przedbórz,74,Łódzkie,0.15,0.15,0.1,0.15,0.1
3736,3736,Przedbórz,78,Mazowieckie,0.15,0.15,0.1,0.15,0.1
3737,3737,Przedbórz,80,Podkarpackie,0.15,0.15,0.1,0.15,0.1
3738,3738,Przedecz,86,Wielkopolskie,0.15,0.15,0.1,0.15,0.1
3739,3739,Przedmieście Dubieckie,80,Podkarpackie,0.15,0.15,0.1,0.15,0.1
3740,3740,Przedmość,79,Opolskie,0.15,0.15,0.1,0.15,0.1
3741,3741,Przeginia,77,Małopolskie,0.15,0.15,0.1,0.15,0.1
3742,3742,Przeginia Duchowna,77,Małopolskie,0.15,0.15,0.1,0.15,0.1
3743,3743,Przeginia Narodowa,77,Małopolskie,0.15,0.15,0.1,0.15,0.1
3744,3744,Przejazdowo,82,Pomorskie,0.15,0.15,0.1,0.15,0.1
3745,3745,Przelewice,87,Zachodniopomorskie,0.15,0.15,0.1,0.15,0.1
3746,3746,Przemków,72,Dolnośląskie,0.15,0.15,0.1,0.15,0.1
3747,3747,Przemyśl,80,Podkarpackie,0.15,0.15,0.1,0.15,0.1
3748,3748,Przemyśl,86,Wielkopolskie,0.15,0.15,0.1,0.15,0.1
3749,3749,Przemęt,86,Wielkopolskie,0.15,0.15,0.1,0.15,0.1
3750,3750,Przerośl,81,Podlaskie,0.15,0.15,0.1,0.15,0.1
3751,3751,Przesmyki,78,Mazowieckie,0.15,0.15,0.1,0.15,0.1
3752,3752,Przeworno,72,Dolnośląskie,0.15,0.15,0.1,0.15,0.1
3753,3753,Przeworsk,80,Podkarpackie,0.15,0.15,0.1,0.15,0.1
3754,3754,Przewóz,82,Pomorskie,0.15,0.15,0.1,0.15,0.1
3755,3755,Przewóz,79,Opolskie,0.15,0.15,0.1,0.15,0.1
3756,3756,Przewóz,78,Mazowieckie,0.15,0.15,0.1,0.15,0.1
3757,3757,Przewóz,73,Kujawsko-pomorskie,0.15,0.15,0.1,0.15,0.1
3758,3758,Przewóz,76,Lubuskie,0.15,0.15,0.1,0.15,0.1
3759,3759,Przodkowo,82,Pomorskie,0.15,0.15,0.1,0.15,0.1
3760,3760,Przybiernów,87,Zachodniopomorskie,0.15,0.15,0.1,0.15,0.1
3761,3761,Przyborów,74,Łódzkie,0.15,0.15,0.1,0.15,0.1
3762,3762,Przyborów,76,Lubuskie,0.15,0.15,0.1,0.15,0.1
3763,3763,Przyborów,77,Małopolskie,0.15,0.15,0.1,0.15,0.1
3764,3764,Przyborów,80,Podkarpackie,0.15,0.15,0.1,0.15,0.1
3765,3765,Przyborów,83,Śląskie,0.15,0.15,0.1,0.15,0.1
3766,3766,Przyborów,84,Świętokrzyskie,0.15,0.15,0.1,0.15,0.1
3767,3767,Przyborów,86,Wielkopolskie,0.15,0.15,0.1,0.15,0.1
3768,3768,Przyborów,72,Dolnośląskie,0.15,0.15,0.1,0.15,0.1
3769,3769,Przybynów,83,Śląskie,0.15,0.15,0.1,0.15,0.1
3770,3770,Przybyszew,78,Mazowieckie,0.15,0.15,0.1,0.15,0.1
3771,3771,Przybyszew,86,Wielkopolskie,0.15,0.15,0.1,0.15,0.1
3772,3772,Przybysławice,77,Małopolskie,0.15,0.15,0.1,0.15,0.1
3773,3773,Przybysławice,84,Świętokrzyskie,0.15,0.15,0.1,0.15,0.1
3774,3774,Przybysławice,86,Wielkopolskie,0.15,0.15,0.1,0.15,0.1
3775,3775,Przybysławice,75,Lubelskie,0.15,0.15,0.1,0.15,0.1
3776,3776,Przybędza,83,Śląskie,0.15,0.15,0.1,0.15,0.1
3777,3777,Przychojec,80,Podkarpackie,0.15,0.15,0.1,0.15,0.1
3778,3778,Przygodzice,86,Wielkopolskie,0.15,0.15,0.1,0.15,0.1
3779,3779,Przykona,86,Wielkopolskie,0.15,0.15,0.1,0.15,0.1
3780,3780,Przyrów,83,Śląskie,0.15,0.15,0.1,0.15,0.1
3781,3781,Przystajń,83,Śląskie,0.15,0.15,0.1,0.15,0.1
3782,3782,Przysucha,78,Mazowieckie,0.15,0.15,0.1,0.15,0.1
3783,3783,Przyszowice,83,Śląskie,0.15,0.15,0.1,0.15,0.1
3784,3784,Przytkowice,77,Małopolskie,0.15,0.15,0.1,0.15,0.1
3785,3785,Przytoczna,76,Lubuskie,0.15,0.15,0.1,0.15,0.1
3786,3786,Przytoczno,75,Lubelskie,0.15,0.15,0.1,0.15,0.1
3787,3787,Przytyk,78,Mazowieckie,0.15,0.15,0.1,0.15,0.1
3788,3788,Przywidz,74,Łódzkie,0.15,0.15,0.1,0.15,0.1
3789,3789,Przywidz,82,Pomorskie,0.15,0.15,0.1,0.15,0.1
3790,3790,Przyłęk,83,Śląskie,0.15,0.15,0.1,0.15,0.1
3791,3791,Przyłęk,86,Wielkopolskie,0.15,0.15,0.1,0.15,0.1
3792,3792,Przyłęk,72,Dolnośląskie,0.15,0.15,0.1,0.15,0.1
3793,3793,Przyłęk,74,Łódzkie,0.15,0.15,0.1,0.15,0.1
3794,3794,Przyłęk,78,Mazowieckie,0.15,0.15,0.1,0.15,0.1
3795,3795,Przyłęk,84,Świętokrzyskie,0.15,0.15,0.1,0.15,0.1
3796,3796,Przyłęk,80,Podkarpackie,0.15,0.15,0.1,0.15,0.1
3797,3797,Przędzel,80,Podkarpackie,0.15,0.15,0.1,0.15,0.1
3798,3798,Prószków,79,Opolskie,0.15,0.15,0.1,0.15,0.1
3799,3799,Prędocin,79,Opolskie,0.15,0.15,0.1,0.15,0.1
3800,3800,Prędocin,78,Mazowieckie,0.15,0.15,0.1,0.15,0.1
3801,3801,Pręgowo,82,Pomorskie,0.15,0.15,0.1,0.15,0.1
3802,3802,Pręgowo,85,Warmińsko-mazurskie,0.15,0.15,0.1,0.15,0.1
3803,3803,Psary,78,Mazowieckie,0.15,0.15,0.1,0.15,0.1
3804,3804,Psary,83,Śląskie,0.15,0.15,0.1,0.15,0.1
3805,3805,Psary,72,Dolnośląskie,0.15,0.15,0.1,0.15,0.1
3806,3806,Psary,86,Wielkopolskie,0.15,0.15,0.1,0.15,0.1
3807,3807,Psary,87,Zachodniopomorskie,0.15,0.15,0.1,0.15,0.1
3808,3808,Psary,84,Świętokrzyskie,0.15,0.15,0.1,0.15,0.1
3809,3809,Psary,77,Małopolskie,0.15,0.15,0.1,0.15,0.1
3810,3810,Psary,74,Łódzkie,0.15,0.15,0.1,0.15,0.1
3811,3811,Pszczew,76,Lubuskie,0.15,0.15,0.1,0.15,0.1
3812,3812,Pszczyna,83,Śląskie,0.15,0.15,0.1,0.15,0.1
3813,3813,Pszczółki,74,Łódzkie,0.15,0.15,0.1,0.15,0.1
3814,3814,Pszczółki,82,Pomorskie,0.15,0.15,0.1,0.15,0.1
3815,3815,Pszczółki,85,Warmińsko-mazurskie,0.15,0.15,0.1,0.15,0.1
3816,3816,Pszów,83,Śląskie,0.15,0.15,0.1,0.15,0.1
3817,3817,Puchaczów,75,Lubelskie,0.15,0.15,0.1,0.15,0.1
3818,3818,Puck,82,Pomorskie,0.15,0.15,0.1,0.15,0.1
3819,3819,Purda,85,Warmińsko-mazurskie,0.15,0.15,0.1,0.15,0.1
3820,3820,Puszcza Mariańska,78,Mazowieckie,0.15,0.15,0.1,0.15,0.1
3821,3821,Puszczykowo,76,Lubuskie,0.15,0.15,0.1,0.15,0.1
3822,3822,Puszczykowo,86,Wielkopolskie,0.15,0.15,0.1,0.15,0.1
3823,3823,Puławy,75,Lubelskie,0.15,0.15,0.1,0.15,0.1
3824,3824,Puławy,80,Podkarpackie,0.15,0.15,0.1,0.15,0.1
3825,3825,Puławy,87,Zachodniopomorskie,0.15,0.15,0.1,0.15,0.1
3826,3826,Pułtusk,78,Mazowieckie,0.15,0.15,0.1,0.15,0.1
3827,3827,Puńców,83,Śląskie,0.15,0.15,0.1,0.15,0.1
3828,3828,Puńsk,81,Podlaskie,0.15,0.15,0.1,0.15,0.1
3829,3829,Pyrzyce,87,Zachodniopomorskie,0.15,0.15,0.1,0.15,0.1
3830,3830,Pyskowice,83,Śląskie,0.15,0.15,0.1,0.15,0.1
3831,3831,Pyskowice,72,Dolnośląskie,0.15,0.15,0.1,0.15,0.1
3832,3832,Pysznica,80,Podkarpackie,0.15,0.15,0.1,0.15,0.1
3833,3833,Pyzdry,86,Wielkopolskie,0.15,0.15,0.1,0.15,0.1
3834,3834,Pyzówka,77,Małopolskie,0.15,0.15,0.1,0.15,0.1
3835,3835,Pątnów,74,Łódzkie,0.15,0.15,0.1,0.15,0.1
3836,3836,Pęczniew,74,Łódzkie,0.15,0.15,0.1,0.15,0.1
3837,3837,Pępowo,82,Pomorskie,0.15,0.15,0.1,0.15,0.1
3838,3838,Pępowo,86,Wielkopolskie,0.15,0.15,0.1,0.15,0.1
3839,3839,Pławno,87,Zachodniopomorskie,0.15,0.15,0.1,0.15,0.1
3840,3840,Pławno,74,Łódzkie,0.15,0.15,0.1,0.15,0.1
3841,3841,Pławno,86,Wielkopolskie,0.15,0.15,0.1,0.15,0.1
3842,3842,Płaza,77,Małopolskie,0.15,0.15,0.1,0.15,0.1
3843,3843,Płock,78,Mazowieckie,0.15,0.15,0.1,0.15,0.1
3844,3844,Płoki,87,Zachodniopomorskie,0.15,0.15,0.1,0.15,0.1
3845,3845,Płoki,77,Małopolskie,0.15,0.15,0.1,0.15,0.1
3846,3846,Płoniawy-Bramura,78,Mazowieckie,0.15,0.15,0.1,0.15,0.1
3847,3847,Płoty,87,Zachodniopomorskie,0.15,0.15,0.1,0.15,0.1
3848,3848,Płoty,76,Lubuskie,0.15,0.15,0.1,0.15,0.1
3849,3849,Płońsk,78,Mazowieckie,0.15,0.15,0.1,0.15,0.1
3850,3850,Płośnica,85,Warmińsko-mazurskie,0.15,0.15,0.1,0.15,0.1
3851,3851,Płużnica,73,Kujawsko-pomorskie,0.15,0.15,0.1,0.15,0.1
3852,3852,Raba Wyżna,77,Małopolskie,0.15,0.15,0.1,0.15,0.1
3853,3853,Rabka-Zdrój,77,Małopolskie,0.15,0.15,0.1,0.15,0.1
3854,3854,Rachanie,75,Lubelskie,0.15,0.15,0.1,0.15,0.1
3855,3855,Racibórz,83,Śląskie,0.15,0.15,0.1,0.15,0.1
3856,3856,Raciechowice,77,Małopolskie,0.15,0.15,0.1,0.15,0.1
3857,3857,Raciąż,73,Kujawsko-pomorskie,0.15,0.15,0.1,0.15,0.1
3858,3858,Raciąż,78,Mazowieckie,0.15,0.15,0.1,0.15,0.1
3859,3859,Raciążek,73,Kujawsko-pomorskie,0.15,0.15,0.1,0.15,0.1
3860,3860,Raczki,78,Mazowieckie,0.15,0.15,0.1,0.15,0.1
3861,3861,Raczki,81,Podlaskie,0.15,0.15,0.1,0.15,0.1
3862,3862,Raczki,87,Zachodniopomorskie,0.15,0.15,0.1,0.15,0.1
3863,3863,Racławice,80,Podkarpackie,0.15,0.15,0.1,0.15,0.1
3864,3864,Racławice,77,Małopolskie,0.15,0.15,0.1,0.15,0.1
3865,3865,Racławice,86,Wielkopolskie,0.15,0.15,0.1,0.15,0.1
3866,3866,Racławice Śląskie,79,Opolskie,0.15,0.15,0.1,0.15,0.1
3867,3867,Radecznica,75,Lubelskie,0.15,0.15,0.1,0.15,0.1
3868,3868,Radgoszcz,77,Małopolskie,0.15,0.15,0.1,0.15,0.1
3869,3869,Radgoszcz,78,Mazowieckie,0.15,0.15,0.1,0.15,0.1
3870,3870,Radgoszcz,86,Wielkopolskie,0.15,0.15,0.1,0.15,0.1
3871,3871,Radków,72,Dolnośląskie,0.15,0.15,0.1,0.15,0.1
3872,3872,Radków,75,Lubelskie,0.15,0.15,0.1,0.15,0.1
3873,3873,Radków,84,Świętokrzyskie,0.15,0.15,0.1,0.15,0.1
3874,3874,Radlin,84,Świętokrzyskie,0.15,0.15,0.1,0.15,0.1
3875,3875,Radlin,86,Wielkopolskie,0.15,0.15,0.1,0.15,0.1
3876,3876,Radlin,75,Lubelskie,0.15,0.15,0.1,0.15,0.1
3877,3877,Radlin,83,Śląskie,0.15,0.15,0.1,0.15,0.1
3878,3878,Radocza,77,Małopolskie,0.15,0.15,0.1,0.15,0.1
3879,3879,Radom,78,Mazowieckie,0.15,0.15,0.1,0.15,0.1
3880,3880,Radom,86,Wielkopolskie,0.15,0.15,0.1,0.15,0.1
3881,3881,Radomin,85,Warmińsko-mazurskie,0.15,0.15,0.1,0.15,0.1
3882,3882,Radomin,73,Kujawsko-pomorskie,0.15,0.15,0.1,0.15,0.1
3883,3883,Radomsko,74,Łódzkie,0.15,0.15,0.1,0.15,0.1
3884,3884,Radomyśl,78,Mazowieckie,0.15,0.15,0.1,0.15,0.1
3885,3885,Radomyśl,86,Wielkopolskie,0.15,0.15,0.1,0.15,0.1
3886,3886,Radomyśl,87,Zachodniopomorskie,0.15,0.15,0.1,0.15,0.1
3887,3887,Radomyśl Wielki,80,Podkarpackie,0.15,0.15,0.1,0.15,0.1
3888,3888,Radostowice,83,Śląskie,0.15,0.15,0.1,0.15,0.1
3889,3889,Radoszyce,84,Świętokrzyskie,0.15,0.15,0.1,0.15,0.1
3890,3890,Radoszyce,80,Podkarpackie,0.15,0.15,0.1,0.15,0.1
3891,3891,Radoszyce,72,Dolnośląskie,0.15,0.15,0.1,0.15,0.1
3892,3892,Radowo Małe,87,Zachodniopomorskie,0.15,0.15,0.1,0.15,0.1
3893,3893,Radwanice,72,Dolnośląskie,0.15,0.15,0.1,0.15,0.1
3894,3894,Radymno,80,Podkarpackie,0.15,0.15,0.1,0.15,0.1
3895,3895,Radzanowo,78,Mazowieckie,0.15,0.15,0.1,0.15,0.1
3896,3896,Radzanów,78,Mazowieckie,0.15,0.15,0.1,0.15,0.1
3897,3897,Radzanów,75,Lubelskie,0.15,0.15,0.1,0.15,0.1
3898,3898,Radzanów,84,Świętokrzyskie,0.15,0.15,0.1,0.15,0.1
3899,3899,Radziechowice Pierwsze,74,Łódzkie,0.15,0.15,0.1,0.15,0.1
3900,3900,Radziechowy,83,Śląskie,0.15,0.15,0.1,0.15,0.1
3901,3901,Radziejowice,78,Mazowieckie,0.15,0.15,0.1,0.15,0.1
3902,3902,Radziejów,73,Kujawsko-pomorskie,0.15,0.15,0.1,0.15,0.1
3903,3903,Radziejów,75,Lubelskie,0.15,0.15,0.1,0.15,0.1
3904,3904,Radziejów,79,Opolskie,0.15,0.15,0.1,0.15,0.1
3905,3905,Radzionków,83,Śląskie,0.15,0.15,0.1,0.15,0.1
3906,3906,Radziszów,77,Małopolskie,0.15,0.15,0.1,0.15,0.1
3907,3907,Radziłów,81,Podlaskie,0.15,0.15,0.1,0.15,0.1
3908,3908,Radzymin,78,Mazowieckie,0.15,0.15,0.1,0.15,0.1
3909,3909,Radzyń Chełmiński,73,Kujawsko-pomorskie,0.15,0.15,0.1,0.15,0.1
3910,3910,Radzyń Podlaski,75,Lubelskie,0.15,0.15,0.1,0.15,0.1
3911,3911,Radłów,72,Dolnośląskie,0.15,0.15,0.1,0.15,0.1
3912,3912,Radłów,77,Małopolskie,0.15,0.15,0.1,0.15,0.1
3913,3913,Radłów,79,Opolskie,0.15,0.15,0.1,0.15,0.1
3914,3914,Radłów,86,Wielkopolskie,0.15,0.15,0.1,0.15,0.1
3915,3915,Rajcza,83,Śląskie,0.15,0.15,0.1,0.15,0.1
3916,3916,Rajgród,81,Podlaskie,0.15,0.15,0.1,0.15,0.1
3917,3917,Rajsko,86,Wielkopolskie,0.15,0.15,0.1,0.15,0.1
3918,3918,Rajsko,83,Śląskie,0.15,0.15,0.1,0.15,0.1
3919,3919,Rajsko,87,Zachodniopomorskie,0.15,0.15,0.1,0.15,0.1
3920,3920,Rajsko,77,Małopolskie,0.15,0.15,0.1,0.15,0.1
3921,3921,Rakoniewice,86,Wielkopolskie,0.15,0.15,0.1,0.15,0.1
3922,3922,Rakszawa,80,Podkarpackie,0.15,0.15,0.1,0.15,0.1
3923,3923,Raków,86,Wielkopolskie,0.15,0.15,0.1,0.15,0.1
3924,3924,Raków,84,Świętokrzyskie,0.15,0.15,0.1,0.15,0.1
3925,3925,Raków,79,Opolskie,0.15,0.15,0.1,0.15,0.1
3926,3926,Raków,76,Lubuskie,0.15,0.15,0.1,0.15,0.1
3927,3927,Raków,78,Mazowieckie,0.15,0.15,0.1,0.15,0.1
3928,3928,Raków,72,Dolnośląskie,0.15,0.15,0.1,0.15,0.1
3929,3929,Raków,74,Łódzkie,0.15,0.15,0.1,0.15,0.1
3930,3930,Raniżów,80,Podkarpackie,0.15,0.15,0.1,0.15,0.1
3931,3931,Raszczyce,83,Śląskie,0.15,0.15,0.1,0.15,0.1
3932,3932,Raszków,72,Dolnośląskie,0.15,0.15,0.1,0.15,0.1
3933,3933,Raszków,84,Świętokrzyskie,0.15,0.15,0.1,0.15,0.1
3934,3934,Raszków,86,Wielkopolskie,0.15,0.15,0.1,0.15,0.1
3935,3935,Raszowa,72,Dolnośląskie,0.15,0.15,0.1,0.15,0.1
3936,3936,Raszowa,79,Opolskie,0.15,0.15,0.1,0.15,0.1
3937,3937,Raszyn,78,Mazowieckie,0.15,0.15,0.1,0.15,0.1
3938,3938,Ratowice,72,Dolnośląskie,0.15,0.15,0.1,0.15,0.1
3939,3939,Ratowice,86,Wielkopolskie,0.15,0.15,0.1,0.15,0.1
3940,3940,Rawa Mazowiecka,74,Łódzkie,0.15,0.15,0.1,0.15,0.1
3941,3941,Rawicz,86,Wielkopolskie,0.15,0.15,0.1,0.15,0.1
3942,3942,Rawicz,74,Łódzkie,0.15,0.15,0.1,0.15,0.1
3943,3943,Recz,73,Kujawsko-pomorskie,0.15,0.15,0.1,0.15,0.1
3944,3944,Recz,87,Zachodniopomorskie,0.15,0.15,0.1,0.15,0.1
3945,3945,Reda,82,Pomorskie,0.15,0.15,0.1,0.15,0.1
3946,3946,Regimin,78,Mazowieckie,0.15,0.15,0.1,0.15,0.1
3947,3947,Regnów,74,Łódzkie,0.15,0.15,0.1,0.15,0.1
3948,3948,Regulice,77,Małopolskie,0.15,0.15,0.1,0.15,0.1
3949,3949,Regulice,79,Opolskie,0.15,0.15,0.1,0.15,0.1
3950,3950,Reguły,78,Mazowieckie,0.15,0.15,0.1,0.15,0.1
3951,3951,Rejowiec,86,Wielkopolskie,0.15,0.15,0.1,0.15,0.1
3952,3952,Rejowiec,84,Świętokrzyskie,0.15,0.15,0.1,0.15,0.1
3953,3953,Rejowiec,75,Lubelskie,0.15,0.15,0.1,0.15,0.1
3954,3954,Rejowiec Fabryczny,75,Lubelskie,0.15,0.15,0.1,0.15,0.1
3955,3955,Rembertów,78,Mazowieckie,0.15,0.15,0.1,0.15,0.1
3956,3956,Repki,78,Mazowieckie,0.15,0.15,0.1,0.15,0.1
3957,3957,Resko,87,Zachodniopomorskie,0.15,0.15,0.1,0.15,0.1
3958,3958,Reszel,85,Warmińsko-mazurskie,0.15,0.15,0.1,0.15,0.1
3959,3959,Rewa,82,Pomorskie,0.15,0.15,0.1,0.15,0.1
3960,3960,Rewal,87,Zachodniopomorskie,0.15,0.15,0.1,0.15,0.1
3961,3961,Reńska Wieś,79,Opolskie,0.15,0.15,0.1,0.15,0.1
3962,3962,Roczyny,77,Małopolskie,0.15,0.15,0.1,0.15,0.1
3963,3963,Rogalin,73,Kujawsko-pomorskie,0.15,0.15,0.1,0.15,0.1
3964,3964,Rogalin,75,Lubelskie,0.15,0.15,0.1,0.15,0.1
3965,3965,Rogalin,86,Wielkopolskie,0.15,0.15,0.1,0.15,0.1
3966,3966,Rogalinek,86,Wielkopolskie,0.15,0.15,0.1,0.15,0.1
3967,3967,Rogowo,78,Mazowieckie,0.15,0.15,0.1,0.15,0.1
3968,3968,Rogowo,81,Podlaskie,0.15,0.15,0.1,0.15,0.1
3969,3969,Rogowo,82,Pomorskie,0.15,0.15,0.1,0.15,0.1
3970,3970,Rogowo,85,Warmińsko-mazurskie,0.15,0.15,0.1,0.15,0.1
3971,3971,Rogowo,87,Zachodniopomorskie,0.15,0.15,0.1,0.15,0.1
3972,3972,Rogowo,86,Wielkopolskie,0.15,0.15,0.1,0.15,0.1
3973,3973,Rogowo,73,Kujawsko-pomorskie,0.15,0.15,0.1,0.15,0.1
3974,3974,Rogoźnik,83,Śląskie,0.15,0.15,0.1,0.15,0.1
3975,3975,Rogoźnik,72,Dolnośląskie,0.15,0.15,0.1,0.15,0.1
3976,3976,Rogoźnik,77,Małopolskie,0.15,0.15,0.1,0.15,0.1
3977,3977,Rogoźno,84,Świętokrzyskie,0.15,0.15,0.1,0.15,0.1
3978,3978,Rogoźno,86,Wielkopolskie,0.15,0.15,0.1,0.15,0.1
3979,3979,Rogów,86,Wielkopolskie,0.15,0.15,0.1,0.15,0.1
3980,3980,Rogów,84,Świętokrzyskie,0.15,0.15,0.1,0.15,0.1
3981,3981,Rogów,83,Śląskie,0.15,0.15,0.1,0.15,0.1
3982,3982,Rogów,79,Opolskie,0.15,0.15,0.1,0.15,0.1
3983,3983,Rogów,75,Lubelskie,0.15,0.15,0.1,0.15,0.1
3984,3984,Rogów,78,Mazowieckie,0.15,0.15,0.1,0.15,0.1
3985,3985,Rogów,77,Małopolskie,0.15,0.15,0.1,0.15,0.1
3986,3986,Rogów,74,Łódzkie,0.15,0.15,0.1,0.15,0.1
3987,3987,Rogóźno,73,Kujawsko-pomorskie,0.15,0.15,0.1,0.15,0.1
3988,3988,Rogóźno,78,Mazowieckie,0.15,0.15,0.1,0.15,0.1
3989,3989,Rogóźno,86,Wielkopolskie,0.15,0.15,0.1,0.15,0.1
3990,3990,Rogóźno,74,Łódzkie,0.15,0.15,0.1,0.15,0.1
3991,3991,Rogóźno,75,Lubelskie,0.15,0.15,0.1,0.15,0.1
3992,3992,Rojewo,73,Kujawsko-pomorskie,0.15,0.15,0.1,0.15,0.1
3993,3993,Rojewo,86,Wielkopolskie,0.15,0.15,0.1,0.15,0.1
3994,3994,Rokiciny,74,Łódzkie,0.15,0.15,0.1,0.15,0.1
3995,3995,Rokiciny,82,Pomorskie,0.15,0.15,0.1,0.15,0.1
3996,3996,Rokiciny-Kolonia,74,Łódzkie,0.15,0.15,0.1,0.15,0.1
3997,3997,Rokietnica,86,Wielkopolskie,0.15,0.15,0.1,0.15,0.1
3998,3998,Rokietnica,80,Podkarpackie,0.15,0.15,0.1,0.15,0.1
3999,3999,Rokitnica,82,Pomorskie,0.15,0.15,0.1,0.15,0.1
4000,4000,Rokitnica,78,Mazowieckie,0.15,0.15,0.1,0.15,0.1
4001,4001,Rokitnica,76,Lubuskie,0.15,0.15,0.1,0.15,0.1
4002,4002,Rokitnica,72,Dolnośląskie,0.15,0.15,0.1,0.15,0.1
4003,4003,Rokitnica,74,Łódzkie,0.15,0.15,0.1,0.15,0.1
4004,4004,Rokitno,76,Lubuskie,0.15,0.15,0.1,0.15,0.1
4005,4005,Rokitno,78,Mazowieckie,0.15,0.15,0.1,0.15,0.1
4006,4006,Rokitno,87,Zachodniopomorskie,0.15,0.15,0.1,0.15,0.1
4007,4007,Rokitno,75,Lubelskie,0.15,0.15,0.1,0.15,0.1
4008,4008,Rokitno,83,Śląskie,0.15,0.15,0.1,0.15,0.1
4009,4009,Rokitno Szlacheckie,83,Śląskie,0.15,0.15,0.1,0.15,0.1
4010,4010,Ropa,77,Małopolskie,0.15,0.15,0.1,0.15,0.1
4011,4011,Ropczyce,80,Podkarpackie,0.15,0.15,0.1,0.15,0.1
4012,4012,Rossosz,75,Lubelskie,0.15,0.15,0.1,0.15,0.1
4013,4013,Rotmanka,82,Pomorskie,0.15,0.15,0.1,0.15,0.1
4014,4014,Rozbórz,80,Podkarpackie,0.15,0.15,0.1,0.15,0.1
4015,4015,Rozdrażew,86,Wielkopolskie,0.15,0.15,0.1,0.15,0.1
4016,4016,Rozkochów,77,Małopolskie,0.15,0.15,0.1,0.15,0.1
4017,4017,Rozkochów,79,Opolskie,0.15,0.15,0.1,0.15,0.1
4018,4018,Rozogi,85,Warmińsko-mazurskie,0.15,0.15,0.1,0.15,0.1
4019,4019,Rozprza,74,Łódzkie,0.15,0.15,0.1,0.15,0.1
4020,4020,Rozwadza,79,Opolskie,0.15,0.15,0.1,0.15,0.1
4021,4021,Rościszewo,78,Mazowieckie,0.15,0.15,0.1,0.15,0.1
4022,4022,Rościszewo,82,Pomorskie,0.15,0.15,0.1,0.15,0.1
4023,4023,Rożniatów,74,Łódzkie,0.15,0.15,0.1,0.15,0.1
4024,4024,Rożniatów,80,Podkarpackie,0.15,0.15,0.1,0.15,0.1
4025,4025,Ruciane-Nida,85,Warmińsko-mazurskie,0.15,0.15,0.1,0.15,0.1
4026,4026,Ruda Maleniecka,84,Świętokrzyskie,0.15,0.15,0.1,0.15,0.1
4027,4027,Ruda Śląska,83,Śląskie,0.15,0.15,0.1,0.15,0.1
4028,4028,Ruda-Huta,75,Lubelskie,0.15,0.15,0.1,0.15,0.1
4029,4029,Rudawa,72,Dolnośląskie,0.15,0.15,0.1,0.15,0.1
4030,4030,Rudawa,77,Małopolskie,0.15,0.15,0.1,0.15,0.1
4031,4031,Rudawa,84,Świętokrzyskie,0.15,0.15,0.1,0.15,0.1
4032,4032,Rudka,84,Świętokrzyskie,0.15,0.15,0.1,0.15,0.1
4033,4033,Rudka,81,Podlaskie,0.15,0.15,0.1,0.15,0.1
4034,4034,Rudka,82,Pomorskie,0.15,0.15,0.1,0.15,0.1
4035,4035,Rudka,86,Wielkopolskie,0.15,0.15,0.1,0.15,0.1
4036,4036,Rudka,85,Warmińsko-mazurskie,0.15,0.15,0.1,0.15,0.1
4037,4037,Rudka,80,Podkarpackie,0.15,0.15,0.1,0.15,0.1
4038,4038,Rudka,78,Mazowieckie,0.15,0.15,0.1,0.15,0.1
4039,4039,Rudka,77,Małopolskie,0.15,0.15,0.1,0.15,0.1
4040,4040,Rudka,75,Lubelskie,0.15,0.15,0.1,0.15,0.1
4041,4041,Rudka,74,Łódzkie,0.15,0.15,0.1,0.15,0.1
4042,4042,Rudna,86,Wielkopolskie,0.15,0.15,0.1,0.15,0.1
4043,4043,Rudna,72,Dolnośląskie,0.15,0.15,0.1,0.15,0.1
4044,4044,Rudna,76,Lubuskie,0.15,0.15,0.1,0.15,0.1
4045,4045,Rudna Mała,72,Dolnośląskie,0.15,0.15,0.1,0.15,0.1
4046,4046,Rudna Mała,80,Podkarpackie,0.15,0.15,0.1,0.15,0.1
4047,4047,Rudna Wielka,72,Dolnośląskie,0.15,0.15,0.1,0.15,0.1
4048,4048,Rudna Wielka,80,Podkarpackie,0.15,0.15,0.1,0.15,0.1
4049,4049,Rudnik,75,Lubelskie,0.15,0.15,0.1,0.15,0.1
4050,4050,Rudnik,74,Łódzkie,0.15,0.15,0.1,0.15,0.1
4051,4051,Rudnik,86,Wielkopolskie,0.15,0.15,0.1,0.15,0.1
4052,4052,Rudnik,84,Świętokrzyskie,0.15,0.15,0.1,0.15,0.1
4053,4053,Rudnik,83,Śląskie,0.15,0.15,0.1,0.15,0.1
4054,4054,Rudnik,77,Małopolskie,0.15,0.15,0.1,0.15,0.1
4055,4055,Rudnik,78,Mazowieckie,0.15,0.15,0.1,0.15,0.1
4056,4056,Rudnik Pierwszy,75,Lubelskie,0.15,0.15,0.1,0.15,0.1
4057,4057,Rudnik Wielki,83,Śląskie,0.15,0.15,0.1,0.15,0.1
4058,4058,Rudniki,74,Łódzkie,0.15,0.15,0.1,0.15,0.1
4059,4059,Rudniki,75,Lubelskie,0.15,0.15,0.1,0.15,0.1
4060,4060,Rudniki,78,Mazowieckie,0.15,0.15,0.1,0.15,0.1
4061,4061,Rudniki,87,Zachodniopomorskie,0.15,0.15,0.1,0.15,0.1
4062,4062,Rudniki,83,Śląskie,0.15,0.15,0.1,0.15,0.1
4063,4063,Rudniki,85,Warmińsko-mazurskie,0.15,0.15,0.1,0.15,0.1
4064,4064,Rudniki,84,Świętokrzyskie,0.15,0.15,0.1,0.15,0.1
4065,4065,Rudniki,86,Wielkopolskie,0.15,0.15,0.1,0.15,0.1
4066,4066,Rudniki,79,Opolskie,0.15,0.15,0.1,0.15,0.1
4067,4067,Rudniki,81,Podlaskie,0.15,0.15,0.1,0.15,0.1
4068,4068,Rudniki,82,Pomorskie,0.15,0.15,0.1,0.15,0.1
4069,4069,Rudno,87,Zachodniopomorskie,0.15,0.15,0.1,0.15,0.1
4070,4070,Rudno,82,Pomorskie,0.15,0.15,0.1,0.15,0.1
4071,4071,Rudno,86,Wielkopolskie,0.15,0.15,0.1,0.15,0.1
4072,4072,Rudno,85,Warmińsko-mazurskie,0.15,0.15,0.1,0.15,0.1
4073,4073,Rudno,83,Śląskie,0.15,0.15,0.1,0.15,0.1
4074,4074,Rudno,75,Lubelskie,0.15,0.15,0.1,0.15,0.1
4075,4075,Rudno,78,Mazowieckie,0.15,0.15,0.1,0.15,0.1
4076,4076,Rudno,77,Małopolskie,0.15,0.15,0.1,0.15,0.1
4077,4077,Rudno,76,Lubuskie,0.15,0.15,0.1,0.15,0.1
4078,4078,Rudno,73,Kujawsko-pomorskie,0.15,0.15,0.1,0.15,0.1
4079,4079,Rudno,72,Dolnośląskie,0.15,0.15,0.1,0.15,0.1
4080,4080,Rudy,86,Wielkopolskie,0.15,0.15,0.1,0.15,0.1
4081,4081,Rudy,84,Świętokrzyskie,0.15,0.15,0.1,0.15,0.1
4082,4082,Rudy,75,Lubelskie,0.15,0.15,0.1,0.15,0.1
4083,4083,Rudy,83,Śląskie,0.15,0.15,0.1,0.15,0.1
4084,4084,Rudy,73,Kujawsko-pomorskie,0.15,0.15,0.1,0.15,0.1
4085,4085,Rudy-Rysie,77,Małopolskie,0.15,0.15,0.1,0.15,0.1
4086,4086,Rudziczka,79,Opolskie,0.15,0.15,0.1,0.15,0.1
4087,4087,Rudziczka,83,Śląskie,0.15,0.15,0.1,0.15,0.1
4088,4088,Rudziniec,83,Śląskie,0.15,0.15,0.1,0.15,0.1
4089,4089,Rumia,82,Pomorskie,0.15,0.15,0.1,0.15,0.1
4090,4090,Rusiec,86,Wielkopolskie,0.15,0.15,0.1,0.15,0.1
4091,4091,Rusiec,78,Mazowieckie,0.15,0.15,0.1,0.15,0.1
4092,4092,Rusiec,74,Łódzkie,0.15,0.15,0.1,0.15,0.1
4093,4093,Rusinów,76,Lubuskie,0.15,0.15,0.1,0.15,0.1
4094,4094,Rusinów,78,Mazowieckie,0.15,0.15,0.1,0.15,0.1
4095,4095,Rusinów,80,Podkarpackie,0.15,0.15,0.1,0.15,0.1
4096,4096,Rusinów,83,Śląskie,0.15,0.15,0.1,0.15,0.1
4097,4097,Rusocice,76,Lubuskie,0.15,0.15,0.1,0.15,0.1
4098,4098,Rusocice,77,Małopolskie,0.15,0.15,0.1,0.15,0.1
4099,4099,Rusocin,82,Pomorskie,0.15,0.15,0.1,0.15,0.1
4100,4100,Rusocin,86,Wielkopolskie,0.15,0.15,0.1,0.15,0.1
4101,4101,Rusocin,79,Opolskie,0.15,0.15,0.1,0.15,0.1
4102,4102,Russocice,86,Wielkopolskie,0.15,0.15,0.1,0.15,0.1
4103,4103,Ruszelczyce,80,Podkarpackie,0.15,0.15,0.1,0.15,0.1
4104,4104,Rutki,78,Mazowieckie,0.15,0.15,0.1,0.15,0.1
4105,4105,Rutki,79,Opolskie,0.15,0.15,0.1,0.15,0.1
4106,4106,Rutki,81,Podlaskie,0.15,0.15,0.1,0.15,0.1
4107,4107,Rutki,82,Pomorskie,0.15,0.15,0.1,0.15,0.1
4108,4108,Rutki-Kossaki,81,Podlaskie,0.15,0.15,0.1,0.15,0.1
4109,4109,Rybarzowice,83,Śląskie,0.15,0.15,0.1,0.15,0.1
4110,4110,Rybie,78,Mazowieckie,0.15,0.15,0.1,0.15,0.1
4111,4111,Rybie,86,Wielkopolskie,0.15,0.15,0.1,0.15,0.1
4112,4112,Rybie,75,Lubelskie,0.15,0.15,0.1,0.15,0.1
4113,4113,Rybie,74,Łódzkie,0.15,0.15,0.1,0.15,0.1
4114,4114,Rybnica,72,Dolnośląskie,0.15,0.15,0.1,0.15,0.1
4115,4115,Rybnica,75,Lubelskie,0.15,0.15,0.1,0.15,0.1
4116,4116,Rybnica,84,Świętokrzyskie,0.15,0.15,0.1,0.15,0.1
4117,4117,Rybnica,87,Zachodniopomorskie,0.15,0.15,0.1,0.15,0.1
4118,4118,Rybnik,83,Śląskie,0.15,0.15,0.1,0.15,0.1
4119,4119,Rybnik,74,Łódzkie,0.15,0.15,0.1,0.15,0.1
4120,4120,Rybno,78,Mazowieckie,0.15,0.15,0.1,0.15,0.1
4121,4121,Rybno,83,Śląskie,0.15,0.15,0.1,0.15,0.1
4122,4122,Rybno,82,Pomorskie,0.15,0.15,0.1,0.15,0.1
4123,4123,Rybno,81,Podlaskie,0.15,0.15,0.1,0.15,0.1
4124,4124,Rybno,85,Warmińsko-mazurskie,0.15,0.15,0.1,0.15,0.1
4125,4125,Rybno,73,Kujawsko-pomorskie,0.15,0.15,0.1,0.15,0.1
4126,4126,Rybno,72,Dolnośląskie,0.15,0.15,0.1,0.15,0.1
4127,4127,Rybno,86,Wielkopolskie,0.15,0.15,0.1,0.15,0.1
4128,4128,Rybno,76,Lubuskie,0.15,0.15,0.1,0.15,0.1
4129,4129,Rycerka Dolna,83,Śląskie,0.15,0.15,0.1,0.15,0.1
4130,4130,Rycerka Górna,83,Śląskie,0.15,0.15,0.1,0.15,0.1
4131,4131,Rychliki,85,Warmińsko-mazurskie,0.15,0.15,0.1,0.15,0.1
4132,4132,Rychtal,86,Wielkopolskie,0.15,0.15,0.1,0.15,0.1
4133,4133,Rychwał,86,Wielkopolskie,0.15,0.15,0.1,0.15,0.1
4134,4134,Rychwałd,77,Małopolskie,0.15,0.15,0.1,0.15,0.1
4135,4135,Rychwałd,83,Śląskie,0.15,0.15,0.1,0.15,0.1
4136,4136,Ryczywół,86,Wielkopolskie,0.15,0.15,0.1,0.15,0.1
4137,4137,Ryczywół,85,Warmińsko-mazurskie,0.15,0.15,0.1,0.15,0.1
4138,4138,Ryczywół,78,Mazowieckie,0.15,0.15,0.1,0.15,0.1
4139,4139,Ryczów,77,Małopolskie,0.15,0.15,0.1,0.15,0.1
4140,4140,Ryczów,83,Śląskie,0.15,0.15,0.1,0.15,0.1
4141,4141,Rydułtowy,83,Śląskie,0.15,0.15,0.1,0.15,0.1
4142,4142,Rydzyna,86,Wielkopolskie,0.15,0.15,0.1,0.15,0.1
4143,4143,Rydzyna,74,Łódzkie,0.15,0.15,0.1,0.15,0.1
4144,4144,Ryglice,77,Małopolskie,0.15,0.15,0.1,0.15,0.1
4145,4145,Ryjewo,82,Pomorskie,0.15,0.15,0.1,0.15,0.1
4146,4146,Ryki,75,Lubelskie,0.15,0.15,0.1,0.15,0.1
4147,4147,Ryki,78,Mazowieckie,0.15,0.15,0.1,0.15,0.1
4148,4148,Ryki,82,Pomorskie,0.15,0.15,0.1,0.15,0.1
4149,4149,Rymanów,80,Podkarpackie,0.15,0.15,0.1,0.15,0.1
4150,4150,Rymań,87,Zachodniopomorskie,0.15,0.15,0.1,0.15,0.1
4151,4151,Ryn,85,Warmińsko-mazurskie,0.15,0.15,0.1,0.15,0.1
4152,4152,Ryn,86,Wielkopolskie,0.15,0.15,0.1,0.15,0.1
4153,4153,Rypin,73,Kujawsko-pomorskie,0.15,0.15,0.1,0.15,0.1
4154,4154,Rytro,77,Małopolskie,0.15,0.15,0.1,0.15,0.1
4155,4155,Rytwiany,84,Świętokrzyskie,0.15,0.15,0.1,0.15,0.1
4156,4156,Rzeczenica,82,Pomorskie,0.15,0.15,0.1,0.15,0.1
4157,4157,Rzeczków,74,Łódzkie,0.15,0.15,0.1,0.15,0.1
4158,4158,Rzeczków,78,Mazowieckie,0.15,0.15,0.1,0.15,0.1
4159,4159,Rzeczniów,78,Mazowieckie,0.15,0.15,0.1,0.15,0.1
4160,4160,Rzeczyca,73,Kujawsko-pomorskie,0.15,0.15,0.1,0.15,0.1
4161,4161,Rzeczyca,74,Łódzkie,0.15,0.15,0.1,0.15,0.1
4162,4162,Rzeczyca,75,Lubelskie,0.15,0.15,0.1,0.15,0.1
4163,4163,Rzeczyca,76,Lubuskie,0.15,0.15,0.1,0.15,0.1
4164,4164,Rzeczyca,72,Dolnośląskie,0.15,0.15,0.1,0.15,0.1
4165,4165,Rzeczyca,87,Zachodniopomorskie,0.15,0.15,0.1,0.15,0.1
4166,4166,Rzeczyca Ziemiańska,75,Lubelskie,0.15,0.15,0.1,0.15,0.1
4167,4167,Rzekuń,78,Mazowieckie,0.15,0.15,0.1,0.15,0.1
4168,4168,Rzepedź,80,Podkarpackie,0.15,0.15,0.1,0.15,0.1
4169,4169,Rzepiennik Marciszewski,77,Małopolskie,0.15,0.15,0.1,0.15,0.1
4170,4170,Rzepiennik Strzyżewski,77,Małopolskie,0.15,0.15,0.1,0.15,0.1
4171,4171,Rzepin,76,Lubuskie,0.15,0.15,0.1,0.15,0.1
4172,4172,Rzepin Drugi,84,Świętokrzyskie,0.15,0.15,0.1,0.15,0.1
4173,4173,Rzepin Pierwszy,84,Świętokrzyskie,0.15,0.15,0.1,0.15,0.1
4174,4174,Rzeszotary,77,Małopolskie,0.15,0.15,0.1,0.15,0.1
4175,4175,Rzeszotary,72,Dolnośląskie,0.15,0.15,0.1,0.15,0.1
4176,4176,Rzeszów,80,Podkarpackie,0.15,0.15,0.1,0.15,0.1
4177,4177,Rzewnie,78,Mazowieckie,0.15,0.15,0.1,0.15,0.1
4178,4178,Rzezawa,77,Małopolskie,0.15,0.15,0.1,0.15,0.1
4179,4179,Rzgów,74,Łódzkie,0.15,0.15,0.1,0.15,0.1
4180,4180,Rzgów,86,Wielkopolskie,0.15,0.15,0.1,0.15,0.1
4181,4181,Rzozów,77,Małopolskie,0.15,0.15,0.1,0.15,0.1
4182,4182,Rzyki,77,Małopolskie,0.15,0.15,0.1,0.15,0.1
4183,4183,Rząska,77,Małopolskie,0.15,0.15,0.1,0.15,0.1
4184,4184,Rząśnia,74,Łódzkie,0.15,0.15,0.1,0.15,0.1
4185,4185,Rząśnik,72,Dolnośląskie,0.15,0.15,0.1,0.15,0.1
4186,4186,Rząśnik,78,Mazowieckie,0.15,0.15,0.1,0.15,0.1
4187,4187,Różan,78,Mazowieckie,0.15,0.15,0.1,0.15,0.1
4188,4188,Rąbino,87,Zachodniopomorskie,0.15,0.15,0.1,0.15,0.1
4189,4189,Rączna,77,Małopolskie,0.15,0.15,0.1,0.15,0.1
4190,4190,Rębków,78,Mazowieckie,0.15,0.15,0.1,0.15,0.1
4191,4191,Ręczno,74,Łódzkie,0.15,0.15,0.1,0.15,0.1
4192,4192,Rędziny,74,Łódzkie,0.15,0.15,0.1,0.15,0.1
4193,4193,Rędziny,83,Śląskie,0.15,0.15,0.1,0.15,0.1
4194,4194,Rędziny,72,Dolnośląskie,0.15,0.15,0.1,0.15,0.1
4195,4195,Rędziny,80,Podkarpackie,0.15,0.15,0.1,0.15,0.1
4196,4196,Sabnie,78,Mazowieckie,0.15,0.15,0.1,0.15,0.1
4197,4197,Sadki,73,Kujawsko-pomorskie,0.15,0.15,0.1,0.15,0.1
4198,4198,Sadki,80,Podkarpackie,0.15,0.15,0.1,0.15,0.1
4199,4199,Sadki,84,Świętokrzyskie,0.15,0.15,0.1,0.15,0.1
4200,4200,Sadkowice,74,Łódzkie,0.15,0.15,0.1,0.15,0.1
4201,4201,Sadkowice,78,Mazowieckie,0.15,0.15,0.1,0.15,0.1
4202,4202,Sadlinki,82,Pomorskie,0.15,0.15,0.1,0.15,0.1
4203,4203,Sadowie,86,Wielkopolskie,0.15,0.15,0.1,0.15,0.1
4204,4204,Sadowie,84,Świętokrzyskie,0.15,0.15,0.1,0.15,0.1
4205,4205,Sadowie,83,Śląskie,0.15,0.15,0.1,0.15,0.1
4206,4206,Sadowie,77,Małopolskie,0.15,0.15,0.1,0.15,0.1
4207,4207,Sadowne,78,Mazowieckie,0.15,0.15,0.1,0.15,0.1
4208,4208,Samborzec,84,Świętokrzyskie,0.15,0.15,0.1,0.15,0.1
4209,4209,Sandomierz,84,Świętokrzyskie,0.15,0.15,0.1,0.15,0.1
4210,4210,Sanka,77,Małopolskie,0.15,0.15,0.1,0.15,0.1
4211,4211,Sanniki,78,Mazowieckie,0.15,0.15,0.1,0.15,0.1
4212,4212,Sanniki,81,Podlaskie,0.15,0.15,0.1,0.15,0.1
4213,4213,Sanniki,86,Wielkopolskie,0.15,0.15,0.1,0.15,0.1
4214,4214,Sanok,80,Podkarpackie,0.15,0.15,0.1,0.15,0.1
4215,4215,Santok,76,Lubuskie,0.15,0.15,0.1,0.15,0.1
4216,4216,Sarbinowo,87,Zachodniopomorskie,0.15,0.15,0.1,0.15,0.1
4217,4217,Sarbinowo,86,Wielkopolskie,0.15,0.15,0.1,0.15,0.1
4218,4218,Sarbinowo,76,Lubuskie,0.15,0.15,0.1,0.15,0.1
4219,4219,Sarbinowo,73,Kujawsko-pomorskie,0.15,0.15,0.1,0.15,0.1
4220,4220,Sarnaki,78,Mazowieckie,0.15,0.15,0.1,0.15,0.1
4221,4221,Sarnów,74,Łódzkie,0.15,0.15,0.1,0.15,0.1
4222,4222,Sarnów,75,Lubelskie,0.15,0.15,0.1,0.15,0.1
4223,4223,Sarnów,78,Mazowieckie,0.15,0.15,0.1,0.15,0.1
4224,4224,Sarnów,83,Śląskie,0.15,0.15,0.1,0.15,0.1
4225,4225,Sarnów,80,Podkarpackie,0.15,0.15,0.1,0.15,0.1
4226,4226,Sarnów,79,Opolskie,0.15,0.15,0.1,0.15,0.1
4227,4227,Sawin,75,Lubelskie,0.15,0.15,0.1,0.15,0.1
4228,4228,Secemin,84,Świętokrzyskie,0.15,0.15,0.1,0.15,0.1
4229,4229,Sejny,81,Podlaskie,0.15,0.15,0.1,0.15,0.1
4230,4230,Serniki,75,Lubelskie,0.15,0.15,0.1,0.15,0.1
4231,4231,Serock,73,Kujawsko-pomorskie,0.15,0.15,0.1,0.15,0.1
4232,4232,Serock,75,Lubelskie,0.15,0.15,0.1,0.15,0.1
4233,4233,Serock,78,Mazowieckie,0.15,0.15,0.1,0.15,0.1
4234,4234,Serokomla,75,Lubelskie,0.15,0.15,0.1,0.15,0.1
4235,4235,Sianów,87,Zachodniopomorskie,0.15,0.15,0.1,0.15,0.1
4236,4236,Sicienko,87,Zachodniopomorskie,0.15,0.15,0.1,0.15,0.1
4237,4237,Sicienko,73,Kujawsko-pomorskie,0.15,0.15,0.1,0.15,0.1
4238,4238,Sidra,81,Podlaskie,0.15,0.15,0.1,0.15,0.1
4239,4239,Sidzina,77,Małopolskie,0.15,0.15,0.1,0.15,0.1
4240,4240,Sidzina,79,Opolskie,0.15,0.15,0.1,0.15,0.1
4241,4241,Siechnice,72,Dolnośląskie,0.15,0.15,0.1,0.15,0.1
4242,4242,Sieciechowice,77,Małopolskie,0.15,0.15,0.1,0.15,0.1
4243,4243,Siedlce,84,Świętokrzyskie,0.15,0.15,0.1,0.15,0.1
4244,4244,Siedlce,72,Dolnośląskie,0.15,0.15,0.1,0.15,0.1
4245,4245,Siedlce,78,Mazowieckie,0.15,0.15,0.1,0.15,0.1
4246,4246,Siedlce,77,Małopolskie,0.15,0.15,0.1,0.15,0.1
4247,4247,Siedlce,74,Łódzkie,0.15,0.15,0.1,0.15,0.1
4248,4248,Siedlec,86,Wielkopolskie,0.15,0.15,0.1,0.15,0.1
4249,4249,Siedlec,83,Śląskie,0.15,0.15,0.1,0.15,0.1
4250,4250,Siedlec,79,Opolskie,0.15,0.15,0.1,0.15,0.1
4251,4251,Siedlec,76,Lubuskie,0.15,0.15,0.1,0.15,0.1
4252,4252,Siedlec,77,Małopolskie,0.15,0.15,0.1,0.15,0.1
4253,4253,Siedlec,74,Łódzkie,0.15,0.15,0.1,0.15,0.1
4254,4254,Siedlec,72,Dolnośląskie,0.15,0.15,0.1,0.15,0.1
4255,4255,Siedlec Duży,83,Śląskie,0.15,0.15,0.1,0.15,0.1
4256,4256,Siedleczka,80,Podkarpackie,0.15,0.15,0.1,0.15,0.1
4257,4257,Siedliska,77,Małopolskie,0.15,0.15,0.1,0.15,0.1
4258,4258,Siedliska,75,Lubelskie,0.15,0.15,0.1,0.15,0.1
4259,4259,Siedliska,78,Mazowieckie,0.15,0.15,0.1,0.15,0.1
4260,4260,Siedliska,79,Opolskie,0.15,0.15,0.1,0.15,0.1
4261,4261,Siedliska,85,Warmińsko-mazurskie,0.15,0.15,0.1,0.15,0.1
4262,4262,Siedliska,80,Podkarpackie,0.15,0.15,0.1,0.15,0.1
4263,4263,Siedliska,83,Śląskie,0.15,0.15,0.1,0.15,0.1
4264,4264,Siedliska,86,Wielkopolskie,0.15,0.15,0.1,0.15,0.1
4265,4265,Siedliska,74,Łódzkie,0.15,0.15,0.1,0.15,0.1
4266,4266,Siedliska,72,Dolnośląskie,0.15,0.15,0.1,0.15,0.1
4267,4267,Siedlisko,74,Łódzkie,0.15,0.15,0.1,0.15,0.1
4268,4268,Siedlisko,86,Wielkopolskie,0.15,0.15,0.1,0.15,0.1
4269,4269,Siedlisko,85,Warmińsko-mazurskie,0.15,0.15,0.1,0.15,0.1
4270,4270,Siedlisko,76,Lubuskie,0.15,0.15,0.1,0.15,0.1
4271,4271,Siedlisko,75,Lubelskie,0.15,0.15,0.1,0.15,0.1
4272,4272,Siedlisko,73,Kujawsko-pomorskie,0.15,0.15,0.1,0.15,0.1
4273,4273,Siedliszcze,75,Lubelskie,0.15,0.15,0.1,0.15,0.1
4274,4274,Siekierczyn,72,Dolnośląskie,0.15,0.15,0.1,0.15,0.1
4275,4275,Siemianice,82,Pomorskie,0.15,0.15,0.1,0.15,0.1
4276,4276,Siemianice,72,Dolnośląskie,0.15,0.15,0.1,0.15,0.1
4277,4277,Siemianice,86,Wielkopolskie,0.15,0.15,0.1,0.15,0.1
4278,4278,Siemianowice Śląskie,83,Śląskie,0.15,0.15,0.1,0.15,0.1
4279,4279,Siemiatycze,81,Podlaskie,0.15,0.15,0.1,0.15,0.1
4280,4280,Siemiechów,74,Łódzkie,0.15,0.15,0.1,0.15,0.1
4281,4281,Siemiechów,77,Małopolskie,0.15,0.15,0.1,0.15,0.1
4282,4282,Siemień,75,Lubelskie,0.15,0.15,0.1,0.15,0.1
4283,4283,Siemiątkowo,78,Mazowieckie,0.15,0.15,0.1,0.15,0.1
4284,4284,Siemkowice,74,Łódzkie,0.15,0.15,0.1,0.15,0.1
4285,4285,Siemyśl,87,Zachodniopomorskie,0.15,0.15,0.1,0.15,0.1
4286,4286,Sieniawa,80,Podkarpackie,0.15,0.15,0.1,0.15,0.1
4287,4287,Sieniawa,87,Zachodniopomorskie,0.15,0.15,0.1,0.15,0.1
4288,4288,Sieniawa,77,Małopolskie,0.15,0.15,0.1,0.15,0.1
4289,4289,Sieniawa,76,Lubuskie,0.15,0.15,0.1,0.15,0.1
4290,4290,Sieniawa Żarska,76,Lubuskie,0.15,0.15,0.1,0.15,0.1
4291,4291,Sieniczno,77,Małopolskie,0.15,0.15,0.1,0.15,0.1
4292,4292,Siennica,78,Mazowieckie,0.15,0.15,0.1,0.15,0.1
4293,4293,Siennica Różana,75,Lubelskie,0.15,0.15,0.1,0.15,0.1
4294,4294,Sienno,73,Kujawsko-pomorskie,0.15,0.15,0.1,0.15,0.1
4295,4295,Sienno,76,Lubuskie,0.15,0.15,0.1,0.15,0.1
4296,4296,Sienno,78,Mazowieckie,0.15,0.15,0.1,0.15,0.1
4297,4297,Sienno,86,Wielkopolskie,0.15,0.15,0.1,0.15,0.1
4298,4298,Sienno,87,Zachodniopomorskie,0.15,0.15,0.1,0.15,0.1
4299,4299,Siepraw,77,Małopolskie,0.15,0.15,0.1,0.15,0.1
4300,4300,Sieradz,74,Łódzkie,0.15,0.15,0.1,0.15,0.1
4301,4301,Sieradza,77,Małopolskie,0.15,0.15,0.1,0.15,0.1
4302,4302,Sierakowice,83,Śląskie,0.15,0.15,0.1,0.15,0.1
4303,4303,Sierakowice,82,Pomorskie,0.15,0.15,0.1,0.15,0.1
4304,4304,Sieraków,74,Łódzkie,0.15,0.15,0.1,0.15,0.1
4305,4305,Sieraków,76,Lubuskie,0.15,0.15,0.1,0.15,0.1
4306,4306,Sieraków,77,Małopolskie,0.15,0.15,0.1,0.15,0.1
4307,4307,Sieraków,78,Mazowieckie,0.15,0.15,0.1,0.15,0.1
4308,4308,Sieraków,80,Podkarpackie,0.15,0.15,0.1,0.15,0.1
4309,4309,Sieraków,84,Świętokrzyskie,0.15,0.15,0.1,0.15,0.1
4310,4310,Sieraków,86,Wielkopolskie,0.15,0.15,0.1,0.15,0.1
4311,4311,Sieraków Śląski,83,Śląskie,0.15,0.15,0.1,0.15,0.1
4312,4312,Sieroszewice,86,Wielkopolskie,0.15,0.15,0.1,0.15,0.1
4313,4313,Sierpc,78,Mazowieckie,0.15,0.15,0.1,0.15,0.1
4314,4314,Sietesz,80,Podkarpackie,0.15,0.15,0.1,0.15,0.1
4315,4315,Siewierz,83,Śląskie,0.15,0.15,0.1,0.15,0.1
4316,4316,Simoradz,83,Śląskie,0.15,0.15,0.1,0.15,0.1
4317,4317,Sitno,75,Lubelskie,0.15,0.15,0.1,0.15,0.1
4318,4318,Sitno,73,Kujawsko-pomorskie,0.15,0.15,0.1,0.15,0.1
4319,4319,Sitno,78,Mazowieckie,0.15,0.15,0.1,0.15,0.1
4320,4320,Sitno,82,Pomorskie,0.15,0.15,0.1,0.15,0.1
4321,4321,Sitno,85,Warmińsko-mazurskie,0.15,0.15,0.1,0.15,0.1
4322,4322,Sitno,87,Zachodniopomorskie,0.15,0.15,0.1,0.15,0.1
4323,4323,Skalbmierz,84,Świętokrzyskie,0.15,0.15,0.1,0.15,0.1
4324,4324,Skalmierzyce,86,Wielkopolskie,0.15,0.15,0.1,0.15,0.1
4325,4325,Skarszewy,73,Kujawsko-pomorskie,0.15,0.15,0.1,0.15,0.1
4326,4326,Skarszewy,82,Pomorskie,0.15,0.15,0.1,0.15,0.1
4327,4327,Skaryszew,78,Mazowieckie,0.15,0.15,0.1,0.15,0.1
4328,4328,Skarżysko Kościelne,84,Świętokrzyskie,0.15,0.15,0.1,0.15,0.1
4329,4329,Skarżysko-Kamienna,84,Świętokrzyskie,0.15,0.15,0.1,0.15,0.1
4330,4330,Skawica,77,Małopolskie,0.15,0.15,0.1,0.15,0.1
4331,4331,Skawina,77,Małopolskie,0.15,0.15,0.1,0.15,0.1
4332,4332,Skawinki,77,Małopolskie,0.15,0.15,0.1,0.15,0.1
4333,4333,Skała,77,Małopolskie,0.15,0.15,0.1,0.15,0.1
4334,4334,Skała,72,Dolnośląskie,0.15,0.15,0.1,0.15,0.1
4335,4335,Skała,80,Podkarpackie,0.15,0.15,0.1,0.15,0.1
4336,4336,Skidziń,77,Małopolskie,0.15,0.15,0.1,0.15,0.1
4337,4337,Skierbieszów,75,Lubelskie,0.15,0.15,0.1,0.15,0.1
4338,4338,Skierniewice,74,Łódzkie,0.15,0.15,0.1,0.15,0.1
4339,4339,Skoczów,87,Zachodniopomorskie,0.15,0.15,0.1,0.15,0.1
4340,4340,Skoczów,83,Śląskie,0.15,0.15,0.1,0.15,0.1
4341,4341,Skoki,75,Lubelskie,0.15,0.15,0.1,0.15,0.1
4342,4342,Skoki,76,Lubuskie,0.15,0.15,0.1,0.15,0.1
4343,4343,Skoki,78,Mazowieckie,0.15,0.15,0.1,0.15,0.1
4344,4344,Skoki,84,Świętokrzyskie,0.15,0.15,0.1,0.15,0.1
4345,4345,Skoki,86,Wielkopolskie,0.15,0.15,0.1,0.15,0.1
4346,4346,Skomielna Czarna,77,Małopolskie,0.15,0.15,0.1,0.15,0.1
4347,4347,Skomlin,74,Łódzkie,0.15,0.15,0.1,0.15,0.1
4348,4348,Skorogoszcz,79,Opolskie,0.15,0.15,0.1,0.15,0.1
4349,4349,Skoroszyce,79,Opolskie,0.15,0.15,0.1,0.15,0.1
4350,4350,Skołyszyn,80,Podkarpackie,0.15,0.15,0.1,0.15,0.1
4351,4351,Skrwilno,73,Kujawsko-pomorskie,0.15,0.15,0.1,0.15,0.1
4352,4352,Skrzatusz,86,Wielkopolskie,0.15,0.15,0.1,0.15,0.1
4353,4353,Skrzydlna,77,Małopolskie,0.15,0.15,0.1,0.15,0.1
4354,4354,Skrzyszów,77,Małopolskie,0.15,0.15,0.1,0.15,0.1
4355,4355,Skrzyszów,84,Świętokrzyskie,0.15,0.15,0.1,0.15,0.1
4356,4356,Skrzyszów,83,Śląskie,0.15,0.15,0.1,0.15,0.1
4357,4357,Skrzyszów,80,Podkarpackie,0.15,0.15,0.1,0.15,0.1
4358,4358,Skulsk,86,Wielkopolskie,0.15,0.15,0.1,0.15,0.1
4359,4359,Skwierzyna,76,Lubuskie,0.15,0.15,0.1,0.15,0.1
4360,4360,Skórcz,82,Pomorskie,0.15,0.15,0.1,0.15,0.1
4361,4361,Skórzec,78,Mazowieckie,0.15,0.15,0.1,0.15,0.1
4362,4362,Skórzec,81,Podlaskie,0.15,0.15,0.1,0.15,0.1
4363,4363,Skąpe,76,Lubuskie,0.15,0.15,0.1,0.15,0.1
4364,4364,Skąpe,87,Zachodniopomorskie,0.15,0.15,0.1,0.15,0.1
4365,4365,Skąpe,84,Świętokrzyskie,0.15,0.15,0.1,0.15,0.1
4366,4366,Skąpe,73,Kujawsko-pomorskie,0.15,0.15,0.1,0.15,0.1
4367,4367,Skąpe,86,Wielkopolskie,0.15,0.15,0.1,0.15,0.1
4368,4368,Skępe,73,Kujawsko-pomorskie,0.15,0.15,0.1,0.15,0.1
4369,4369,Smolec,72,Dolnośląskie,0.15,0.15,0.1,0.15,0.1
4370,4370,Smołdzino,82,Pomorskie,0.15,0.15,0.1,0.15,0.1
4371,4371,Smyków,84,Świętokrzyskie,0.15,0.15,0.1,0.15,0.1
4372,4372,Smyków,83,Śląskie,0.15,0.15,0.1,0.15,0.1
4373,4373,Smyków,77,Małopolskie,0.15,0.15,0.1,0.15,0.1
4374,4374,Smęgorzów,77,Małopolskie,0.15,0.15,0.1,0.15,0.1
4375,4375,Smętowo Graniczne,82,Pomorskie,0.15,0.15,0.1,0.15,0.1
4376,4376,Sobków,84,Świętokrzyskie,0.15,0.15,0.1,0.15,0.1
4377,4377,Soblówka,83,Śląskie,0.15,0.15,0.1,0.15,0.1
4378,4378,Sobolew,75,Lubelskie,0.15,0.15,0.1,0.15,0.1
4379,4379,Sobolew,78,Mazowieckie,0.15,0.15,0.1,0.15,0.1
4380,4380,Sobolew,72,Dolnośląskie,0.15,0.15,0.1,0.15,0.1
4381,4381,Soborzyce,83,Śląskie,0.15,0.15,0.1,0.15,0.1
4382,4382,Sobótka,86,Wielkopolskie,0.15,0.15,0.1,0.15,0.1
4383,4383,Sobótka,84,Świętokrzyskie,0.15,0.15,0.1,0.15,0.1
4384,4384,Sobótka,72,Dolnośląskie,0.15,0.15,0.1,0.15,0.1
4385,4385,Sobótka,81,Podlaskie,0.15,0.15,0.1,0.15,0.1
4386,4386,Sobótka,73,Kujawsko-pomorskie,0.15,0.15,0.1,0.15,0.1
4387,4387,Sochaczew,78,Mazowieckie,0.15,0.15,0.1,0.15,0.1
4388,4388,Sochocin,78,Mazowieckie,0.15,0.15,0.1,0.15,0.1
4389,4389,Sokolniki,87,Zachodniopomorskie,0.15,0.15,0.1,0.15,0.1
4390,4390,Sokolniki,73,Kujawsko-pomorskie,0.15,0.15,0.1,0.15,0.1
4391,4391,Sokolniki,74,Łódzkie,0.15,0.15,0.1,0.15,0.1
4392,4392,Sokolniki,78,Mazowieckie,0.15,0.15,0.1,0.15,0.1
4393,4393,Sokolniki,79,Opolskie,0.15,0.15,0.1,0.15,0.1
4394,4394,Sokolniki,80,Podkarpackie,0.15,0.15,0.1,0.15,0.1
4395,4395,Sokolniki,83,Śląskie,0.15,0.15,0.1,0.15,0.1
4396,4396,Sokolniki,86,Wielkopolskie,0.15,0.15,0.1,0.15,0.1
4397,4397,Sokolniki,72,Dolnośląskie,0.15,0.15,0.1,0.15,0.1
4398,4398,Sokoły,85,Warmińsko-mazurskie,0.15,0.15,0.1,0.15,0.1
4399,4399,Sokoły,81,Podlaskie,0.15,0.15,0.1,0.15,0.1
4400,4400,Sokoły,78,Mazowieckie,0.15,0.15,0.1,0.15,0.1
4401,4401,Sokoły,73,Kujawsko-pomorskie,0.15,0.15,0.1,0.15,0.1
4402,4402,Sokołów Małopolski,80,Podkarpackie,0.15,0.15,0.1,0.15,0.1
4403,4403,Sokołów Podlaski,78,Mazowieckie,0.15,0.15,0.1,0.15,0.1
4404,4404,Sokółka,78,Mazowieckie,0.15,0.15,0.1,0.15,0.1
4405,4405,Sokółka,81,Podlaskie,0.15,0.15,0.1,0.15,0.1
4406,4406,Sokółka,85,Warmińsko-mazurskie,0.15,0.15,0.1,0.15,0.1
4407,4407,Solec,86,Wielkopolskie,0.15,0.15,0.1,0.15,0.1
4408,4408,Solec,74,Łódzkie,0.15,0.15,0.1,0.15,0.1
4409,4409,Solec,78,Mazowieckie,0.15,0.15,0.1,0.15,0.1
4410,4410,Solec,79,Opolskie,0.15,0.15,0.1,0.15,0.1
4411,4411,Solec Kujawski,73,Kujawsko-pomorskie,0.15,0.15,0.1,0.15,0.1
4412,4412,Solec Nad Wisłą,78,Mazowieckie,0.15,0.15,0.1,0.15,0.1
4413,4413,Solec-Zdrój,84,Świętokrzyskie,0.15,0.15,0.1,0.15,0.1
4414,4414,Solniki Wielkie,72,Dolnośląskie,0.15,0.15,0.1,0.15,0.1
4415,4415,Somianka,78,Mazowieckie,0.15,0.15,0.1,0.15,0.1
4416,4416,Somonino,82,Pomorskie,0.15,0.15,0.1,0.15,0.1
4417,4417,Sompolno,86,Wielkopolskie,0.15,0.15,0.1,0.15,0.1
4418,4418,Sonina,80,Podkarpackie,0.15,0.15,0.1,0.15,0.1
4419,4419,Sopot,82,Pomorskie,0.15,0.15,0.1,0.15,0.1
4420,4420,Sopotnia Wielka,83,Śląskie,0.15,0.15,0.1,0.15,0.1
4421,4421,Sorkwity,85,Warmińsko-mazurskie,0.15,0.15,0.1,0.15,0.1
4422,4422,Sosnowica,78,Mazowieckie,0.15,0.15,0.1,0.15,0.1
4423,4423,Sosnowica,75,Lubelskie,0.15,0.15,0.1,0.15,0.1
4424,4424,Sosnowice,77,Małopolskie,0.15,0.15,0.1,0.15,0.1
4425,4425,Sosnowice,87,Zachodniopomorskie,0.15,0.15,0.1,0.15,0.1
4426,4426,Sosnowiec,84,Świętokrzyskie,0.15,0.15,0.1,0.15,0.1
4427,4427,Sosnowiec,83,Śląskie,0.15,0.15,0.1,0.15,0.1
4428,4428,Sosnowiec,81,Podlaskie,0.15,0.15,0.1,0.15,0.1
4429,4429,Sosnowiec,74,Łódzkie,0.15,0.15,0.1,0.15,0.1
4430,4430,Sosnówka,72,Dolnośląskie,0.15,0.15,0.1,0.15,0.1
4431,4431,Sosnówka,78,Mazowieckie,0.15,0.15,0.1,0.15,0.1
4432,4432,Sosnówka,79,Opolskie,0.15,0.15,0.1,0.15,0.1
4433,4433,Sosnówka,84,Świętokrzyskie,0.15,0.15,0.1,0.15,0.1
4434,4434,Sosnówka,86,Wielkopolskie,0.15,0.15,0.1,0.15,0.1
4435,4435,Sosnówka,73,Kujawsko-pomorskie,0.15,0.15,0.1,0.15,0.1
4436,4436,Sosnówka,76,Lubuskie,0.15,0.15,0.1,0.15,0.1
4437,4437,Sosnówka,75,Lubelskie,0.15,0.15,0.1,0.15,0.1
4438,4438,Sońsk,78,Mazowieckie,0.15,0.15,0.1,0.15,0.1
4439,4439,Sośnica,80,Podkarpackie,0.15,0.15,0.1,0.15,0.1
4440,4440,Sośnica,87,Zachodniopomorskie,0.15,0.15,0.1,0.15,0.1
4441,4441,Sośnica,86,Wielkopolskie,0.15,0.15,0.1,0.15,0.1
4442,4442,Sośnica,82,Pomorskie,0.15,0.15,0.1,0.15,0.1
4443,4443,Sośnica,72,Dolnośląskie,0.15,0.15,0.1,0.15,0.1
4444,4444,Sośnicowice,83,Śląskie,0.15,0.15,0.1,0.15,0.1
4445,4445,Sośnie,86,Wielkopolskie,0.15,0.15,0.1,0.15,0.1
4446,4446,Sośno,73,Kujawsko-pomorskie,0.15,0.15,0.1,0.15,0.1
4447,4447,Spiczyn,75,Lubelskie,0.15,0.15,0.1,0.15,0.1
4448,4448,Spręcowo,85,Warmińsko-mazurskie,0.15,0.15,0.1,0.15,0.1
4449,4449,Spytkowice,77,Małopolskie,0.15,0.15,0.1,0.15,0.1
4450,4450,Srokowo,85,Warmińsko-mazurskie,0.15,0.15,0.1,0.15,0.1
4451,4451,Stalowa Wola,80,Podkarpackie,0.15,0.15,0.1,0.15,0.1
4452,4452,Stanin,75,Lubelskie,0.15,0.15,0.1,0.15,0.1
4453,4453,Stanisław Dolny,77,Małopolskie,0.15,0.15,0.1,0.15,0.1
4454,4454,Stanisław Górny,77,Małopolskie,0.15,0.15,0.1,0.15,0.1
4455,4455,Stanisławice,83,Śląskie,0.15,0.15,0.1,0.15,0.1
4456,4456,Stanisławice,77,Małopolskie,0.15,0.15,0.1,0.15,0.1
4457,4457,Stanisławice,78,Mazowieckie,0.15,0.15,0.1,0.15,0.1
4458,4458,Stanisławice,74,Łódzkie,0.15,0.15,0.1,0.15,0.1
4459,4459,Stanisławów,83,Śląskie,0.15,0.15,0.1,0.15,0.1
4460,4460,Stanisławów,74,Łódzkie,0.15,0.15,0.1,0.15,0.1
4461,4461,Stanisławów,84,Świętokrzyskie,0.15,0.15,0.1,0.15,0.1
4462,4462,Stanisławów,86,Wielkopolskie,0.15,0.15,0.1,0.15,0.1
4463,4463,Stanisławów,72,Dolnośląskie,0.15,0.15,0.1,0.15,0.1
4464,4464,Stanisławów,78,Mazowieckie,0.15,0.15,0.1,0.15,0.1
4465,4465,Stanisławów,75,Lubelskie,0.15,0.15,0.1,0.15,0.1
4466,4466,Stanisławów Pierwszy,78,Mazowieckie,0.15,0.15,0.1,0.15,0.1
4467,4467,Stanisławów Pierwszy,74,Łódzkie,0.15,0.15,0.1,0.15,0.1
4468,4468,Stanowice,72,Dolnośląskie,0.15,0.15,0.1,0.15,0.1
4469,4469,Stanowice,83,Śląskie,0.15,0.15,0.1,0.15,0.1
4470,4470,Stanowice,76,Lubuskie,0.15,0.15,0.1,0.15,0.1
4471,4471,Stara Błotnica,78,Mazowieckie,0.15,0.15,0.1,0.15,0.1
4472,4472,Stara Dąbrowa,86,Wielkopolskie,0.15,0.15,0.1,0.15,0.1
4473,4473,Stara Dąbrowa,87,Zachodniopomorskie,0.15,0.15,0.1,0.15,0.1
4474,4474,Stara Dąbrowa,78,Mazowieckie,0.15,0.15,0.1,0.15,0.1
4475,4475,Stara Dąbrowa,82,Pomorskie,0.15,0.15,0.1,0.15,0.1
4476,4476,Stara Kamienica,72,Dolnośląskie,0.15,0.15,0.1,0.15,0.1
4477,4477,Stara Kiszewa,82,Pomorskie,0.15,0.15,0.1,0.15,0.1
4478,4478,Stara Kornica,78,Mazowieckie,0.15,0.15,0.1,0.15,0.1
4479,4479,Stara Słupia,84,Świętokrzyskie,0.15,0.15,0.1,0.15,0.1
4480,4480,Stara Wieś,78,Mazowieckie,0.15,0.15,0.1,0.15,0.1
4481,4481,Stara Wieś,77,Małopolskie,0.15,0.15,0.1,0.15,0.1
4482,4482,Stara Wieś,84,Świętokrzyskie,0.15,0.15,0.1,0.15,0.1
4483,4483,Stara Wieś,79,Opolskie,0.15,0.15,0.1,0.15,0.1
4484,4484,Stara Wieś,80,Podkarpackie,0.15,0.15,0.1,0.15,0.1
4485,4485,Stara Wieś,82,Pomorskie,0.15,0.15,0.1,0.15,0.1
4486,4486,Stara Wieś,83,Śląskie,0.15,0.15,0.1,0.15,0.1
4487,4487,Stara Wieś,75,Lubelskie,0.15,0.15,0.1,0.15,0.1
4488,4488,Stara Wieś,73,Kujawsko-pomorskie,0.15,0.15,0.1,0.15,0.1
4489,4489,Stara Wieś,74,Łódzkie,0.15,0.15,0.1,0.15,0.1
4490,4490,Stara Wieś,76,Lubuskie,0.15,0.15,0.1,0.15,0.1
4491,4491,Starachowice,84,Świętokrzyskie,0.15,0.15,0.1,0.15,0.1
4492,4492,Starcza,83,Śląskie,0.15,0.15,0.1,0.15,0.1
4493,4493,Stare Babice,78,Mazowieckie,0.15,0.15,0.1,0.15,0.1
4494,4494,Stare Bogaczowice,72,Dolnośląskie,0.15,0.15,0.1,0.15,0.1
4495,4495,Stare Czarnowo,87,Zachodniopomorskie,0.15,0.15,0.1,0.15,0.1
4496,4496,Stare Grabie,78,Mazowieckie,0.15,0.15,0.1,0.15,0.1
4497,4497,Stare Juchy,85,Warmińsko-mazurskie,0.15,0.15,0.1,0.15,0.1
4498,4498,Stare Kurowo,76,Lubuskie,0.15,0.15,0.1,0.15,0.1
4499,4499,Stare Miasto,86,Wielkopolskie,0.15,0.15,0.1,0.15,0.1
4500,4500,Stare Miasto,85,Warmińsko-mazurskie,0.15,0.15,0.1,0.15,0.1
4501,4501,Stare Miasto,82,Pomorskie,0.15,0.15,0.1,0.15,0.1
4502,4502,Stare Miasto,80,Podkarpackie,0.15,0.15,0.1,0.15,0.1
4503,4503,Stare Pole,75,Lubelskie,0.15,0.15,0.1,0.15,0.1
4504,4504,Stare Pole,82,Pomorskie,0.15,0.15,0.1,0.15,0.1
4505,4505,Stare Pole,84,Świętokrzyskie,0.15,0.15,0.1,0.15,0.1
4506,4506,Stare Polichno,76,Lubuskie,0.15,0.15,0.1,0.15,0.1
4507,4507,Stargard,87,Zachodniopomorskie,0.15,0.15,0.1,0.15,0.1
4508,4508,Starogard Gdański,82,Pomorskie,0.15,0.15,0.1,0.15,0.1
4509,4509,Starokrzepice,83,Śląskie,0.15,0.15,0.1,0.15,0.1
4510,4510,Starowa Góra,74,Łódzkie,0.15,0.15,0.1,0.15,0.1
4511,4511,Staroźreby,78,Mazowieckie,0.15,0.15,0.1,0.15,0.1
4512,4512,Stary Barcik,78,Mazowieckie,0.15,0.15,0.1,0.15,0.1
4513,4513,Stary Sącz,77,Małopolskie,0.15,0.15,0.1,0.15,0.1
4514,4514,Stary Targ,82,Pomorskie,0.15,0.15,0.1,0.15,0.1
4515,4515,Stary Wiśnicz,77,Małopolskie,0.15,0.15,0.1,0.15,0.1
4516,4516,Stary Zamość,75,Lubelskie,0.15,0.15,0.1,0.15,0.1
4517,4517,Staszów,84,Świętokrzyskie,0.15,0.15,0.1,0.15,0.1
4518,4518,Staszów,78,Mazowieckie,0.15,0.15,0.1,0.15,0.1
4519,4519,Stawiguda,85,Warmińsko-mazurskie,0.15,0.15,0.1,0.15,0.1
4520,4520,Stawiski,81,Podlaskie,0.15,0.15,0.1,0.15,0.1
4521,4521,Stawiszyn,86,Wielkopolskie,0.15,0.15,0.1,0.15,0.1
4522,4522,Stawiszyn,78,Mazowieckie,0.15,0.15,0.1,0.15,0.1
4523,4523,Stegna,82,Pomorskie,0.15,0.15,0.1,0.15,0.1
4524,4524,Stegna,78,Mazowieckie,0.15,0.15,0.1,0.15,0.1
4525,4525,Stepnica,87,Zachodniopomorskie,0.15,0.15,0.1,0.15,0.1
4526,4526,Sterdyń,78,Mazowieckie,0.15,0.15,0.1,0.15,0.1
4527,4527,Sterkowiec,77,Małopolskie,0.15,0.15,0.1,0.15,0.1
4528,4528,Stoczek,81,Podlaskie,0.15,0.15,0.1,0.15,0.1
4529,4529,Stoczek,85,Warmińsko-mazurskie,0.15,0.15,0.1,0.15,0.1
4530,4530,Stoczek,78,Mazowieckie,0.15,0.15,0.1,0.15,0.1
4531,4531,Stoczek,75,Lubelskie,0.15,0.15,0.1,0.15,0.1
4532,4532,Stoczek Łukowski,75,Lubelskie,0.15,0.15,0.1,0.15,0.1
4533,4533,Stolno,73,Kujawsko-pomorskie,0.15,0.15,0.1,0.15,0.1
4534,4534,Stolno,85,Warmińsko-mazurskie,0.15,0.15,0.1,0.15,0.1
4535,4535,Stopnica,84,Świętokrzyskie,0.15,0.15,0.1,0.15,0.1
4536,4536,Stoszowice,72,Dolnośląskie,0.15,0.15,0.1,0.15,0.1
4537,4537,Strachocina,80,Podkarpackie,0.15,0.15,0.1,0.15,0.1
4538,4538,Strachówka,78,Mazowieckie,0.15,0.15,0.1,0.15,0.1
4539,4539,Straszydle,80,Podkarpackie,0.15,0.15,0.1,0.15,0.1
4540,4540,Straszyn,82,Pomorskie,0.15,0.15,0.1,0.15,0.1
4541,4541,Strawczyn,84,Świętokrzyskie,0.15,0.15,0.1,0.15,0.1
4542,4542,Stromiec,78,Mazowieckie,0.15,0.15,0.1,0.15,0.1
4543,4543,Stronie,77,Małopolskie,0.15,0.15,0.1,0.15,0.1
4544,4544,Stronie Śląskie,72,Dolnośląskie,0.15,0.15,0.1,0.15,0.1
4545,4545,Strumień,83,Śląskie,0.15,0.15,0.1,0.15,0.1
4546,4546,Stryków,74,Łódzkie,0.15,0.15,0.1,0.15,0.1
4547,4547,Stryków,78,Mazowieckie,0.15,0.15,0.1,0.15,0.1
4548,4548,Stryszawa,77,Małopolskie,0.15,0.15,0.1,0.15,0.1
4549,4549,Stryszów,77,Małopolskie,0.15,0.15,0.1,0.15,0.1
4550,4550,Strzałkowo,78,Mazowieckie,0.15,0.15,0.1,0.15,0.1
4551,4551,Strzałkowo,85,Warmińsko-mazurskie,0.15,0.15,0.1,0.15,0.1
4552,4552,Strzałkowo,86,Wielkopolskie,0.15,0.15,0.1,0.15,0.1
4553,4553,Strzebiń,83,Śląskie,0.15,0.15,0.1,0.15,0.1
4554,4554,Strzegocice,80,Podkarpackie,0.15,0.15,0.1,0.15,0.1
4555,4555,Strzegom,72,Dolnośląskie,0.15,0.15,0.1,0.15,0.1
4556,4556,Strzegom,84,Świętokrzyskie,0.15,0.15,0.1,0.15,0.1
4557,4557,Strzegowo,78,Mazowieckie,0.15,0.15,0.1,0.15,0.1
4558,4558,Strzegowo,87,Zachodniopomorskie,0.15,0.15,0.1,0.15,0.1
4559,4559,Strzelce,72,Dolnośląskie,0.15,0.15,0.1,0.15,0.1
4560,4560,Strzelce,74,Łódzkie,0.15,0.15,0.1,0.15,0.1
4561,4561,Strzelce,73,Kujawsko-pomorskie,0.15,0.15,0.1,0.15,0.1
4562,4562,Strzelce,75,Lubelskie,0.15,0.15,0.1,0.15,0.1
4563,4563,Strzelce,79,Opolskie,0.15,0.15,0.1,0.15,0.1
4564,4564,Strzelce,84,Świętokrzyskie,0.15,0.15,0.1,0.15,0.1
4565,4565,Strzelce,86,Wielkopolskie,0.15,0.15,0.1,0.15,0.1
4566,4566,Strzelce,85,Warmińsko-mazurskie,0.15,0.15,0.1,0.15,0.1
4567,4567,Strzelce Krajeńskie,76,Lubuskie,0.15,0.15,0.1,0.15,0.1
4568,4568,Strzelce Wielkie,74,Łódzkie,0.15,0.15,0.1,0.15,0.1
4569,4569,Strzelce Wielkie,77,Małopolskie,0.15,0.15,0.1,0.15,0.1
4570,4570,Strzelce Wielkie,86,Wielkopolskie,0.15,0.15,0.1,0.15,0.1
4571,4571,Strzeleczki,79,Opolskie,0.15,0.15,0.1,0.15,0.1
4572,4572,Strzelin,72,Dolnośląskie,0.15,0.15,0.1,0.15,0.1
4573,4573,Strzelno,82,Pomorskie,0.15,0.15,0.1,0.15,0.1
4574,4574,Strzelno,73,Kujawsko-pomorskie,0.15,0.15,0.1,0.15,0.1
4575,4575,Strzelno,72,Dolnośląskie,0.15,0.15,0.1,0.15,0.1
4576,4576,Strzyżowice,83,Śląskie,0.15,0.15,0.1,0.15,0.1
4577,4577,Strzyżowice,84,Świętokrzyskie,0.15,0.15,0.1,0.15,0.1
4578,4578,Strzyżowice,75,Lubelskie,0.15,0.15,0.1,0.15,0.1
4579,4579,Strzyżów,74,Łódzkie,0.15,0.15,0.1,0.15,0.1
4580,4580,Strzyżów,75,Lubelskie,0.15,0.15,0.1,0.15,0.1
4581,4581,Strzyżów,80,Podkarpackie,0.15,0.15,0.1,0.15,0.1
4582,4582,Stróża,77,Małopolskie,0.15,0.15,0.1,0.15,0.1
4583,4583,Stróża,84,Świętokrzyskie,0.15,0.15,0.1,0.15,0.1
4584,4584,Stróża,75,Lubelskie,0.15,0.15,0.1,0.15,0.1
4585,4585,Stróża,74,Łódzkie,0.15,0.15,0.1,0.15,0.1
4586,4586,Stróża,72,Dolnośląskie,0.15,0.15,0.1,0.15,0.1
4587,4587,Stubno,80,Podkarpackie,0.15,0.15,0.1,0.15,0.1
4588,4588,Studzienice,83,Śląskie,0.15,0.15,0.1,0.15,0.1
4589,4589,Studzienice,82,Pomorskie,0.15,0.15,0.1,0.15,0.1
4590,4590,Studzienice,78,Mazowieckie,0.15,0.15,0.1,0.15,0.1
4591,4591,Studzionka,76,Lubuskie,0.15,0.15,0.1,0.15,0.1
4592,4592,Studzionka,83,Śląskie,0.15,0.15,0.1,0.15,0.1
4593,4593,Stupsk,78,Mazowieckie,0.15,0.15,0.1,0.15,0.1
4594,4594,Stąporków,84,Świętokrzyskie,0.15,0.15,0.1,0.15,0.1
4595,4595,Stęszew,86,Wielkopolskie,0.15,0.15,0.1,0.15,0.1
4596,4596,Stężyca,86,Wielkopolskie,0.15,0.15,0.1,0.15,0.1
4597,4597,Stężyca,82,Pomorskie,0.15,0.15,0.1,0.15,0.1
4598,4598,Stężyca,75,Lubelskie,0.15,0.15,0.1,0.15,0.1
4599,4599,Subkowy,82,Pomorskie,0.15,0.15,0.1,0.15,0.1
4600,4600,Sucha,87,Zachodniopomorskie,0.15,0.15,0.1,0.15,0.1
4601,4601,Sucha,86,Wielkopolskie,0.15,0.15,0.1,0.15,0.1
4602,4602,Sucha,82,Pomorskie,0.15,0.15,0.1,0.15,0.1
4603,4603,Sucha,79,Opolskie,0.15,0.15,0.1,0.15,0.1
4604,4604,Sucha,78,Mazowieckie,0.15,0.15,0.1,0.15,0.1
4605,4605,Sucha,77,Małopolskie,0.15,0.15,0.1,0.15,0.1
4606,4606,Sucha,74,Łódzkie,0.15,0.15,0.1,0.15,0.1
4607,4607,Sucha,73,Kujawsko-pomorskie,0.15,0.15,0.1,0.15,0.1
4608,4608,Sucha,72,Dolnośląskie,0.15,0.15,0.1,0.15,0.1
4609,4609,Sucha Beskidzka,77,Małopolskie,0.15,0.15,0.1,0.15,0.1
4610,4610,Suchacz,85,Warmińsko-mazurskie,0.15,0.15,0.1,0.15,0.1
4611,4611,Suchań,87,Zachodniopomorskie,0.15,0.15,0.1,0.15,0.1
4612,4612,Suchedniów,84,Świętokrzyskie,0.15,0.15,0.1,0.15,0.1
4613,4613,Suchowola,74,Łódzkie,0.15,0.15,0.1,0.15,0.1
4614,4614,Suchowola,75,Lubelskie,0.15,0.15,0.1,0.15,0.1
4615,4615,Suchowola,81,Podlaskie,0.15,0.15,0.1,0.15,0.1
4616,4616,Suchowola,84,Świętokrzyskie,0.15,0.15,0.1,0.15,0.1
4617,4617,Suchożebry,78,Mazowieckie,0.15,0.15,0.1,0.15,0.1
4618,4618,Suchy Dąb,82,Pomorskie,0.15,0.15,0.1,0.15,0.1
4619,4619,Suchy Las,78,Mazowieckie,0.15,0.15,0.1,0.15,0.1
4620,4620,Suchy Las,86,Wielkopolskie,0.15,0.15,0.1,0.15,0.1
4621,4621,Suchy Las,87,Zachodniopomorskie,0.15,0.15,0.1,0.15,0.1
4622,4622,Sulechów,77,Małopolskie,0.15,0.15,0.1,0.15,0.1
4623,4623,Sulejów,74,Łódzkie,0.15,0.15,0.1,0.15,0.1
4624,4624,Sulejów,78,Mazowieckie,0.15,0.15,0.1,0.15,0.1
4625,4625,Sulejów,84,Świętokrzyskie,0.15,0.15,0.1,0.15,0.1
4626,4626,Sulejówek,78,Mazowieckie,0.15,0.15,0.1,0.15,0.1
4627,4627,Sulików,72,Dolnośląskie,0.15,0.15,0.1,0.15,0.1
4628,4628,Sulików,84,Świętokrzyskie,0.15,0.15,0.1,0.15,0.1
4629,4629,Sulmierzyce,86,Wielkopolskie,0.15,0.15,0.1,0.15,0.1
4630,4630,Sulmierzyce,74,Łódzkie,0.15,0.15,0.1,0.15,0.1
4631,4631,Sulęcin,72,Dolnośląskie,0.15,0.15,0.1,0.15,0.1
4632,4632,Sulęcin,76,Lubuskie,0.15,0.15,0.1,0.15,0.1
4633,4633,Sulęcin,86,Wielkopolskie,0.15,0.15,0.1,0.15,0.1
4634,4634,Sulęczyno,82,Pomorskie,0.15,0.15,0.1,0.15,0.1
4635,4635,Supraśl,81,Podlaskie,0.15,0.15,0.1,0.15,0.1
4636,4636,Suraż,81,Podlaskie,0.15,0.15,0.1,0.15,0.1
4637,4637,Susiec,75,Lubelskie,0.15,0.15,0.1,0.15,0.1
4638,4638,Susz,85,Warmińsko-mazurskie,0.15,0.15,0.1,0.15,0.1
4639,4639,Suszec,83,Śląskie,0.15,0.15,0.1,0.15,0.1
4640,4640,Suwałki,81,Podlaskie,0.15,0.15,0.1,0.15,0.1
4641,4641,Sułkowice,77,Małopolskie,0.15,0.15,0.1,0.15,0.1
4642,4642,Sułkowice,78,Mazowieckie,0.15,0.15,0.1,0.15,0.1
4643,4643,Sułkowice,84,Świętokrzyskie,0.15,0.15,0.1,0.15,0.1
4644,4644,Sułkowice,86,Wielkopolskie,0.15,0.15,0.1,0.15,0.1
4645,4645,Sułoszowa,77,Małopolskie,0.15,0.15,0.1,0.15,0.1
4646,4646,Sułów,72,Dolnośląskie,0.15,0.15,0.1,0.15,0.1
4647,4647,Sułów,76,Lubuskie,0.15,0.15,0.1,0.15,0.1
4648,4648,Sułów,75,Lubelskie,0.15,0.15,0.1,0.15,0.1
4649,4649,Sułów,77,Małopolskie,0.15,0.15,0.1,0.15,0.1
4650,4650,Swarzewo,82,Pomorskie,0.15,0.15,0.1,0.15,0.1
4651,4651,Swarzynice,76,Lubuskie,0.15,0.15,0.1,0.15,0.1
4652,4652,Swarzów,77,Małopolskie,0.15,0.15,0.1,0.15,0.1
4653,4653,Swarzędz,86,Wielkopolskie,0.15,0.15,0.1,0.15,0.1
4654,4654,Syców,72,Dolnośląskie,0.15,0.15,0.1,0.15,0.1
4655,4655,Sypniewo,86,Wielkopolskie,0.15,0.15,0.1,0.15,0.1
4656,4656,Sypniewo,78,Mazowieckie,0.15,0.15,0.1,0.15,0.1
4657,4657,Syrynia,83,Śląskie,0.15,0.15,0.1,0.15,0.1
4658,4658,Szadek,86,Wielkopolskie,0.15,0.15,0.1,0.15,0.1
4659,4659,Szadek,74,Łódzkie,0.15,0.15,0.1,0.15,0.1
4660,4660,Szaflary,77,Małopolskie,0.15,0.15,0.1,0.15,0.1
4661,4661,Szamocin,78,Mazowieckie,0.15,0.15,0.1,0.15,0.1
4662,4662,Szamocin,86,Wielkopolskie,0.15,0.15,0.1,0.15,0.1
4663,4663,Szamotuły,86,Wielkopolskie,0.15,0.15,0.1,0.15,0.1
4664,4664,Szarów,74,Łódzkie,0.15,0.15,0.1,0.15,0.1
4665,4665,Szarów,77,Małopolskie,0.15,0.15,0.1,0.15,0.1
4666,4666,Szastarka,75,Lubelskie,0.15,0.15,0.1,0.15,0.1
4667,4667,Szczaniec,76,Lubuskie,0.15,0.15,0.1,0.15,0.1
4668,4668,Szczawin,78,Mazowieckie,0.15,0.15,0.1,0.15,0.1
4669,4669,Szczawin,74,Łódzkie,0.15,0.15,0.1,0.15,0.1
4670,4670,Szczawin,72,Dolnośląskie,0.15,0.15,0.1,0.15,0.1
4671,4671,Szczawnica,77,Małopolskie,0.15,0.15,0.1,0.15,0.1
4672,4672,Szczawno-Zdrój,72,Dolnośląskie,0.15,0.15,0.1,0.15,0.1
4673,4673,Szczebrzeszyn,75,Lubelskie,0.15,0.15,0.1,0.15,0.1
4674,4674,Szczecin,87,Zachodniopomorskie,0.15,0.15,0.1,0.15,0.1
4675,4675,Szczecin,74,Łódzkie,0.15,0.15,0.1,0.15,0.1
4676,4676,Szczecinek,87,Zachodniopomorskie,0.15,0.15,0.1,0.15,0.1
4677,4677,Szczekociny,83,Śląskie,0.15,0.15,0.1,0.15,0.1
4678,4678,Szczepanów,86,Wielkopolskie,0.15,0.15,0.1,0.15,0.1
4679,4679,Szczepanów,77,Małopolskie,0.15,0.15,0.1,0.15,0.1
4680,4680,Szczepanów,76,Lubuskie,0.15,0.15,0.1,0.15,0.1
4681,4681,Szczepanów,72,Dolnośląskie,0.15,0.15,0.1,0.15,0.1
4682,4682,Szczepanów,84,Świętokrzyskie,0.15,0.15,0.1,0.15,0.1
4683,4683,Szczerbice,83,Śląskie,0.15,0.15,0.1,0.15,0.1
4684,4684,Szczerców,74,Łódzkie,0.15,0.15,0.1,0.15,0.1
4685,4685,Szczodre,72,Dolnośląskie,0.15,0.15,0.1,0.15,0.1
4686,4686,Szczucin,77,Małopolskie,0.15,0.15,0.1,0.15,0.1
4687,4687,Szczuczyn,81,Podlaskie,0.15,0.15,0.1,0.15,0.1
4688,4688,Szczuczyn,86,Wielkopolskie,0.15,0.15,0.1,0.15,0.1
4689,4689,Szczurowa,77,Małopolskie,0.15,0.15,0.1,0.15,0.1
4690,4690,Szczutowo,73,Kujawsko-pomorskie,0.15,0.15,0.1,0.15,0.1
4691,4691,Szczutowo,78,Mazowieckie,0.15,0.15,0.1,0.15,0.1
4692,4692,Szczyglice,77,Małopolskie,0.15,0.15,0.1,0.15,0.1
4693,4693,Szczyglice,72,Dolnośląskie,0.15,0.15,0.1,0.15,0.1
4694,4694,Szczyrk,83,Śląskie,0.15,0.15,0.1,0.15,0.1
4695,4695,Szczytna,80,Podkarpackie,0.15,0.15,0.1,0.15,0.1
4696,4696,Szczytna,72,Dolnośląskie,0.15,0.15,0.1,0.15,0.1
4697,4697,Szczytniki,84,Świętokrzyskie,0.15,0.15,0.1,0.15,0.1
4698,4698,Szczytniki,86,Wielkopolskie,0.15,0.15,0.1,0.15,0.1
4699,4699,Szczytniki,87,Zachodniopomorskie,0.15,0.15,0.1,0.15,0.1
4700,4700,Szczytniki,77,Małopolskie,0.15,0.15,0.1,0.15,0.1
4701,4701,Szczytniki,78,Mazowieckie,0.15,0.15,0.1,0.15,0.1
4702,4702,Szczytno,85,Warmińsko-mazurskie,0.15,0.15,0.1,0.15,0.1
4703,4703,Szczytno,86,Wielkopolskie,0.15,0.15,0.1,0.15,0.1
4704,4704,Szczytno,82,Pomorskie,0.15,0.15,0.1,0.15,0.1
4705,4705,Szczytno,78,Mazowieckie,0.15,0.15,0.1,0.15,0.1
4706,4706,Szczytno,73,Kujawsko-pomorskie,0.15,0.15,0.1,0.15,0.1
4707,4707,Szemud,82,Pomorskie,0.15,0.15,0.1,0.15,0.1
4708,4708,Szepietowo,81,Podlaskie,0.15,0.15,0.1,0.15,0.1
4709,4709,Szerzyny,77,Małopolskie,0.15,0.15,0.1,0.15,0.1
4710,4710,Szklarska Poręba,72,Dolnośląskie,0.15,0.15,0.1,0.15,0.1
4711,4711,Szlachta,82,Pomorskie,0.15,0.15,0.1,0.15,0.1
4712,4712,Szlembark,77,Małopolskie,0.15,0.15,0.1,0.15,0.1
4713,4713,Szlichtyngowa,76,Lubuskie,0.15,0.15,0.1,0.15,0.1
4714,4714,Szprotawa,76,Lubuskie,0.15,0.15,0.1,0.15,0.1
4715,4715,Szreńsk,78,Mazowieckie,0.15,0.15,0.1,0.15,0.1
4716,4716,Sztabin,81,Podlaskie,0.15,0.15,0.1,0.15,0.1
4717,4717,Sztum,82,Pomorskie,0.15,0.15,0.1,0.15,0.1
4718,4718,Sztutowo,82,Pomorskie,0.15,0.15,0.1,0.15,0.1
4719,4719,Szubin,73,Kujawsko-pomorskie,0.15,0.15,0.1,0.15,0.1
4720,4720,Szudziałowo,81,Podlaskie,0.15,0.15,0.1,0.15,0.1
4721,4721,Szumowo,81,Podlaskie,0.15,0.15,0.1,0.15,0.1
4722,4722,Szydłowiec,78,Mazowieckie,0.15,0.15,0.1,0.15,0.1
4723,4723,Szydłowiec,80,Podkarpackie,0.15,0.15,0.1,0.15,0.1
4724,4724,Szydłowo,78,Mazowieckie,0.15,0.15,0.1,0.15,0.1
4725,4725,Szydłowo,86,Wielkopolskie,0.15,0.15,0.1,0.15,0.1
4726,4726,Szydłów,72,Dolnośląskie,0.15,0.15,0.1,0.15,0.1
4727,4727,Szydłów,74,Łódzkie,0.15,0.15,0.1,0.15,0.1
4728,4728,Szydłów,79,Opolskie,0.15,0.15,0.1,0.15,0.1
4729,4729,Szydłów,84,Świętokrzyskie,0.15,0.15,0.1,0.15,0.1
4730,4730,Szymanowo,86,Wielkopolskie,0.15,0.15,0.1,0.15,0.1
4731,4731,Szymanowo,85,Warmińsko-mazurskie,0.15,0.15,0.1,0.15,0.1
4732,4732,Szymanowo,75,Lubelskie,0.15,0.15,0.1,0.15,0.1
4733,4733,Szynwałd,73,Kujawsko-pomorskie,0.15,0.15,0.1,0.15,0.1
4734,4734,Szynwałd,77,Małopolskie,0.15,0.15,0.1,0.15,0.1
4735,4735,Sól,75,Lubelskie,0.15,0.15,0.1,0.15,0.1
4736,4736,Sól,83,Śląskie,0.15,0.15,0.1,0.15,0.1
4737,4737,Sączów,83,Śląskie,0.15,0.15,0.1,0.15,0.1
4738,4738,Sąspów,77,Małopolskie,0.15,0.15,0.1,0.15,0.1
4739,4739,Sędziejowice,74,Łódzkie,0.15,0.15,0.1,0.15,0.1
4740,4740,Sędziejowice,84,Świętokrzyskie,0.15,0.15,0.1,0.15,0.1
4741,4741,Sędziszowa,72,Dolnośląskie,0.15,0.15,0.1,0.15,0.1
4742,4742,Sędziszów,84,Świętokrzyskie,0.15,0.15,0.1,0.15,0.1
4743,4743,Sędziszów Małopolski,80,Podkarpackie,0.15,0.15,0.1,0.15,0.1
4744,4744,Sękowa,77,Małopolskie,0.15,0.15,0.1,0.15,0.1
4745,4745,Sępolno,86,Wielkopolskie,0.15,0.15,0.1,0.15,0.1
4746,4746,Sępopol,85,Warmińsko-mazurskie,0.15,0.15,0.1,0.15,0.1
4747,4747,Sępólno Krajeńskie,73,Kujawsko-pomorskie,0.15,0.15,0.1,0.15,0.1
4748,4748,Sława,76,Lubuskie,0.15,0.15,0.1,0.15,0.1
4749,4749,Sława,87,Zachodniopomorskie,0.15,0.15,0.1,0.15,0.1
4750,4750,Sławatycze,75,Lubelskie,0.15,0.15,0.1,0.15,0.1
4751,4751,Sławków,74,Łódzkie,0.15,0.15,0.1,0.15,0.1
4752,4752,Sławków,83,Śląskie,0.15,0.15,0.1,0.15,0.1
4753,4753,Sławno,87,Zachodniopomorskie,0.15,0.15,0.1,0.15,0.1
4754,4754,Sławno,73,Kujawsko-pomorskie,0.15,0.15,0.1,0.15,0.1
4755,4755,Sławno,74,Łódzkie,0.15,0.15,0.1,0.15,0.1
4756,4756,Sławno,76,Lubuskie,0.15,0.15,0.1,0.15,0.1
4757,4757,Sławno,86,Wielkopolskie,0.15,0.15,0.1,0.15,0.1
4758,4758,Sławno,81,Podlaskie,0.15,0.15,0.1,0.15,0.1
4759,4759,Sławno,78,Mazowieckie,0.15,0.15,0.1,0.15,0.1
4760,4760,Sławoborze,87,Zachodniopomorskie,0.15,0.15,0.1,0.15,0.1
4761,4761,Słomniki,77,Małopolskie,0.15,0.15,0.1,0.15,0.1
4762,4762,Słopnice,77,Małopolskie,0.15,0.15,0.1,0.15,0.1
4763,4763,Słotowa,80,Podkarpackie,0.15,0.15,0.1,0.15,0.1
4764,4764,Słońsk,76,Lubuskie,0.15,0.15,0.1,0.15,0.1
4765,4765,Słubice,78,Mazowieckie,0.15,0.15,0.1,0.15,0.1
4766,4766,Słubice,76,Lubuskie,0.15,0.15,0.1,0.15,0.1
4767,4767,Słupca,86,Wielkopolskie,0.15,0.15,0.1,0.15,0.1
4768,4768,Słupca,78,Mazowieckie,0.15,0.15,0.1,0.15,0.1
4769,4769,Słupia,74,Łódzkie,0.15,0.15,0.1,0.15,0.1
4770,4770,Słupia,77,Małopolskie,0.15,0.15,0.1,0.15,0.1
4771,4771,Słupia,78,Mazowieckie,0.15,0.15,0.1,0.15,0.1
4772,4772,Słupia,82,Pomorskie,0.15,0.15,0.1,0.15,0.1
4773,4773,Słupia,84,Świętokrzyskie,0.15,0.15,0.1,0.15,0.1
4774,4774,Słupia,86,Wielkopolskie,0.15,0.15,0.1,0.15,0.1
4775,4775,Słupia Kapitulna,86,Wielkopolskie,0.15,0.15,0.1,0.15,0.1
4776,4776,Słupiec,77,Małopolskie,0.15,0.15,0.1,0.15,0.1
4777,4777,Słupiec,84,Świętokrzyskie,0.15,0.15,0.1,0.15,0.1
4778,4778,Słupno,78,Mazowieckie,0.15,0.15,0.1,0.15,0.1
4779,4779,Słupsk,82,Pomorskie,0.15,0.15,0.1,0.15,0.1
4780,4780,Tarczyn,72,Dolnośląskie,0.15,0.15,0.1,0.15,0.1
4781,4781,Tarczyn,78,Mazowieckie,0.15,0.15,0.1,0.15,0.1
4782,4782,Targanice,77,Małopolskie,0.15,0.15,0.1,0.15,0.1
4783,4783,Targowisko,75,Lubelskie,0.15,0.15,0.1,0.15,0.1
4784,4784,Targowisko,77,Małopolskie,0.15,0.15,0.1,0.15,0.1
4785,4785,Targowisko,86,Wielkopolskie,0.15,0.15,0.1,0.15,0.1
4786,4786,Tarnawa Dolna,77,Małopolskie,0.15,0.15,0.1,0.15,0.1
4787,4787,Tarnawa Dolna,80,Podkarpackie,0.15,0.15,0.1,0.15,0.1
4788,4788,Tarnawa Górna,77,Małopolskie,0.15,0.15,0.1,0.15,0.1
4789,4789,Tarnawa Górna,80,Podkarpackie,0.15,0.15,0.1,0.15,0.1
4790,4790,Tarnawatka,75,Lubelskie,0.15,0.15,0.1,0.15,0.1
4791,4791,Tarnobrzeg,80,Podkarpackie,0.15,0.15,0.1,0.15,0.1
4792,4792,Tarnogród,75,Lubelskie,0.15,0.15,0.1,0.15,0.1
4793,4793,Tarnogóra,75,Lubelskie,0.15,0.15,0.1,0.15,0.1
4794,4794,Tarnogóra,80,Podkarpackie,0.15,0.15,0.1,0.15,0.1
4795,4795,Tarnowa,74,Łódzkie,0.15,0.15,0.1,0.15,0.1
4796,4796,Tarnowa,86,Wielkopolskie,0.15,0.15,0.1,0.15,0.1
4797,4797,Tarnowiec,87,Zachodniopomorskie,0.15,0.15,0.1,0.15,0.1
4798,4798,Tarnowiec,86,Wielkopolskie,0.15,0.15,0.1,0.15,0.1
4799,4799,Tarnowiec,80,Podkarpackie,0.15,0.15,0.1,0.15,0.1
4800,4800,Tarnowiec,79,Opolskie,0.15,0.15,0.1,0.15,0.1
4801,4801,Tarnowiec,77,Małopolskie,0.15,0.15,0.1,0.15,0.1
4802,4802,Tarnowiec,72,Dolnośląskie,0.15,0.15,0.1,0.15,0.1
4803,4803,Tarnowo Podgórne,86,Wielkopolskie,0.15,0.15,0.1,0.15,0.1
4804,4804,Tarnowskie Góry,83,Śląskie,0.15,0.15,0.1,0.15,0.1
4805,4805,Tarnów,75,Lubelskie,0.15,0.15,0.1,0.15,0.1
4806,4806,Tarnów,78,Mazowieckie,0.15,0.15,0.1,0.15,0.1
4807,4807,Tarnów,77,Małopolskie,0.15,0.15,0.1,0.15,0.1
4808,4808,Tarnów,76,Lubuskie,0.15,0.15,0.1,0.15,0.1
4809,4809,Tarnów,72,Dolnośląskie,0.15,0.15,0.1,0.15,0.1
4810,4810,Tarnów Opolski,79,Opolskie,0.15,0.15,0.1,0.15,0.1
4811,4811,Tarnówka,86,Wielkopolskie,0.15,0.15,0.1,0.15,0.1
4812,4812,Tarnówka,75,Lubelskie,0.15,0.15,0.1,0.15,0.1
4813,4813,Tarnówka,74,Łódzkie,0.15,0.15,0.1,0.15,0.1
4814,4814,Tarnówka,73,Kujawsko-pomorskie,0.15,0.15,0.1,0.15,0.1
4815,4815,Tarłów,84,Świętokrzyskie,0.15,0.15,0.1,0.15,0.1
4816,4816,Tczew,82,Pomorskie,0.15,0.15,0.1,0.15,0.1
4817,4817,Tczów,78,Mazowieckie,0.15,0.15,0.1,0.15,0.1
4818,4818,Telatyn,75,Lubelskie,0.15,0.15,0.1,0.15,0.1
4819,4819,Tenczynek,77,Małopolskie,0.15,0.15,0.1,0.15,0.1
4820,4820,Teresin,77,Małopolskie,0.15,0.15,0.1,0.15,0.1
4821,4821,Teresin,86,Wielkopolskie,0.15,0.15,0.1,0.15,0.1
4822,4822,Teresin,78,Mazowieckie,0.15,0.15,0.1,0.15,0.1
4823,4823,Teresin,75,Lubelskie,0.15,0.15,0.1,0.15,0.1
4824,4824,Teresin,74,Łódzkie,0.15,0.15,0.1,0.15,0.1
4825,4825,Teresin,73,Kujawsko-pomorskie,0.15,0.15,0.1,0.15,0.1
4826,4826,Terespol,75,Lubelskie,0.15,0.15,0.1,0.15,0.1
4827,4827,Terespol,86,Wielkopolskie,0.15,0.15,0.1,0.15,0.1
4828,4828,Tokarnia,84,Świętokrzyskie,0.15,0.15,0.1,0.15,0.1
4829,4829,Tokarnia,80,Podkarpackie,0.15,0.15,0.1,0.15,0.1
4830,4830,Tokarnia,77,Małopolskie,0.15,0.15,0.1,0.15,0.1
4831,4831,Tolkmicko,85,Warmińsko-mazurskie,0.15,0.15,0.1,0.15,0.1
4832,4832,Tomaszkowice,77,Małopolskie,0.15,0.15,0.1,0.15,0.1
4833,4833,Tomaszowice,77,Małopolskie,0.15,0.15,0.1,0.15,0.1
4834,4834,Tomaszowice,75,Lubelskie,0.15,0.15,0.1,0.15,0.1
4835,4835,Tomaszów Lubelski,75,Lubelskie,0.15,0.15,0.1,0.15,0.1
4836,4836,Tomaszów Mazowiecki,74,Łódzkie,0.15,0.15,0.1,0.15,0.1
4837,4837,Tomice,72,Dolnośląskie,0.15,0.15,0.1,0.15,0.1
4838,4838,Tomice,77,Małopolskie,0.15,0.15,0.1,0.15,0.1
4839,4839,Tomice,79,Opolskie,0.15,0.15,0.1,0.15,0.1
4840,4840,Tomice,86,Wielkopolskie,0.15,0.15,0.1,0.15,0.1
4841,4841,Tomice,78,Mazowieckie,0.15,0.15,0.1,0.15,0.1
4842,4842,Toporzysko,73,Kujawsko-pomorskie,0.15,0.15,0.1,0.15,0.1
4843,4843,Toporzysko,77,Małopolskie,0.15,0.15,0.1,0.15,0.1
4844,4844,Topólka,86,Wielkopolskie,0.15,0.15,0.1,0.15,0.1
4845,4845,Topólka,73,Kujawsko-pomorskie,0.15,0.15,0.1,0.15,0.1
4846,4846,Toruń,73,Kujawsko-pomorskie,0.15,0.15,0.1,0.15,0.1
4847,4847,Toruń,75,Lubelskie,0.15,0.15,0.1,0.15,0.1
4848,4848,Torzym,76,Lubuskie,0.15,0.15,0.1,0.15,0.1
4849,4849,Toszek,83,Śląskie,0.15,0.15,0.1,0.15,0.1
4850,4850,Trablice,78,Mazowieckie,0.15,0.15,0.1,0.15,0.1
4851,4851,Trawniki,79,Opolskie,0.15,0.15,0.1,0.15,0.1
4852,4852,Trawniki,84,Świętokrzyskie,0.15,0.15,0.1,0.15,0.1
4853,4853,Trawniki,75,Lubelskie,0.15,0.15,0.1,0.15,0.1
4854,4854,Trawniki,77,Małopolskie,0.15,0.15,0.1,0.15,0.1
4855,4855,Tresna,83,Śląskie,0.15,0.15,0.1,0.15,0.1
4856,4856,Trojanów,74,Łódzkie,0.15,0.15,0.1,0.15,0.1
4857,4857,Trojanów,75,Lubelskie,0.15,0.15,0.1,0.15,0.1
4858,4858,Trojanów,78,Mazowieckie,0.15,0.15,0.1,0.15,0.1
4859,4859,Trojanów,86,Wielkopolskie,0.15,0.15,0.1,0.15,0.1
4860,4860,Troszyn,78,Mazowieckie,0.15,0.15,0.1,0.15,0.1
4861,4861,Troszyn,87,Zachodniopomorskie,0.15,0.15,0.1,0.15,0.1
4862,4862,Truskaw,78,Mazowieckie,0.15,0.15,0.1,0.15,0.1
4863,4863,Truskolasy,84,Świętokrzyskie,0.15,0.15,0.1,0.15,0.1
4864,4864,Truskolasy,83,Śląskie,0.15,0.15,0.1,0.15,0.1
4865,4865,Trute,77,Małopolskie,0.15,0.15,0.1,0.15,0.1
4866,4866,Tryńcza,80,Podkarpackie,0.15,0.15,0.1,0.15,0.1
4867,4867,Trzciana,87,Zachodniopomorskie,0.15,0.15,0.1,0.15,0.1
4868,4868,Trzciana,80,Podkarpackie,0.15,0.15,0.1,0.15,0.1
4869,4869,Trzciana,77,Małopolskie,0.15,0.15,0.1,0.15,0.1
4870,4870,Trzcianka,86,Wielkopolskie,0.15,0.15,0.1,0.15,0.1
4871,4871,Trzcianka,84,Świętokrzyskie,0.15,0.15,0.1,0.15,0.1
4872,4872,Trzcianka,82,Pomorskie,0.15,0.15,0.1,0.15,0.1
4873,4873,Trzcianka,81,Podlaskie,0.15,0.15,0.1,0.15,0.1
4874,4874,Trzcianka,78,Mazowieckie,0.15,0.15,0.1,0.15,0.1
4875,4875,Trzcianka,74,Łódzkie,0.15,0.15,0.1,0.15,0.1
4876,4876,Trzcianka,73,Kujawsko-pomorskie,0.15,0.15,0.1,0.15,0.1
4877,4877,Trzcianne,81,Podlaskie,0.15,0.15,0.1,0.15,0.1
4878,4878,Trzciel,76,Lubuskie,0.15,0.15,0.1,0.15,0.1
4879,4879,Trzcinica,86,Wielkopolskie,0.15,0.15,0.1,0.15,0.1
4880,4880,Trzcinica,80,Podkarpackie,0.15,0.15,0.1,0.15,0.1
4881,4881,Trzcinna,87,Zachodniopomorskie,0.15,0.15,0.1,0.15,0.1
4882,4882,Trzebiatów,87,Zachodniopomorskie,0.15,0.15,0.1,0.15,0.1
4883,4883,Trzebiechów,76,Lubuskie,0.15,0.15,0.1,0.15,0.1
4884,4884,Trzebiel,76,Lubuskie,0.15,0.15,0.1,0.15,0.1
4885,4885,Trzebielino,82,Pomorskie,0.15,0.15,0.1,0.15,0.1
4886,4886,Trzebieszów,75,Lubelskie,0.15,0.15,0.1,0.15,0.1
4887,4887,Trzebinia,77,Małopolskie,0.15,0.15,0.1,0.15,0.1
4888,4888,Trzebinia,83,Śląskie,0.15,0.15,0.1,0.15,0.1
4889,4889,Trzebiszewo,76,Lubuskie,0.15,0.15,0.1,0.15,0.1
4890,4890,Trzebnica,72,Dolnośląskie,0.15,0.15,0.1,0.15,0.1
4891,4891,Trzebownisko,80,Podkarpackie,0.15,0.15,0.1,0.15,0.1
4892,4892,Trzebunia,77,Małopolskie,0.15,0.15,0.1,0.15,0.1
4893,4893,Trzemeszno,86,Wielkopolskie,0.15,0.15,0.1,0.15,0.1
4894,4894,Trzemeśnia,77,Małopolskie,0.15,0.15,0.1,0.15,0.1
4895,4895,Trześń,80,Podkarpackie,0.15,0.15,0.1,0.15,0.1
4896,4896,Trzyciąż,77,Małopolskie,0.15,0.15,0.1,0.15,0.1
4897,4897,Trzydnik Duży,75,Lubelskie,0.15,0.15,0.1,0.15,0.1
4898,4898,Trąbki,78,Mazowieckie,0.15,0.15,0.1,0.15,0.1
4899,4899,Trąbki,87,Zachodniopomorskie,0.15,0.15,0.1,0.15,0.1
4900,4900,Trąbki,77,Małopolskie,0.15,0.15,0.1,0.15,0.1
4901,4901,Trąbki Wielkie,82,Pomorskie,0.15,0.15,0.1,0.15,0.1
4902,4902,Tuchola,73,Kujawsko-pomorskie,0.15,0.15,0.1,0.15,0.1
4903,4903,Tuchola,86,Wielkopolskie,0.15,0.15,0.1,0.15,0.1
4904,4904,Tuchomie,82,Pomorskie,0.15,0.15,0.1,0.15,0.1
4905,4905,Tuchów,77,Małopolskie,0.15,0.15,0.1,0.15,0.1
4906,4906,Tuczna,75,Lubelskie,0.15,0.15,0.1,0.15,0.1
4907,4907,Tuczno,86,Wielkopolskie,0.15,0.15,0.1,0.15,0.1
4908,4908,Tuczno,87,Zachodniopomorskie,0.15,0.15,0.1,0.15,0.1
4909,4909,Tuczno,73,Kujawsko-pomorskie,0.15,0.15,0.1,0.15,0.1
4910,4910,Tuczno,76,Lubuskie,0.15,0.15,0.1,0.15,0.1
4911,4911,Tuczępy,84,Świętokrzyskie,0.15,0.15,0.1,0.15,0.1
4912,4912,Tuczępy,86,Wielkopolskie,0.15,0.15,0.1,0.15,0.1
4913,4913,Tuczępy,75,Lubelskie,0.15,0.15,0.1,0.15,0.1
4914,4914,Tuczępy,76,Lubuskie,0.15,0.15,0.1,0.15,0.1
4915,4915,Tuliszków,86,Wielkopolskie,0.15,0.15,0.1,0.15,0.1
4916,4916,Tuplice,76,Lubuskie,0.15,0.15,0.1,0.15,0.1
4917,4917,Turawa,79,Opolskie,0.15,0.15,0.1,0.15,0.1
4918,4918,Turek,78,Mazowieckie,0.15,0.15,0.1,0.15,0.1
4919,4919,Turek,81,Podlaskie,0.15,0.15,0.1,0.15,0.1
4920,4920,Turek,86,Wielkopolskie,0.15,0.15,0.1,0.15,0.1
4921,4921,Turobin,75,Lubelskie,0.15,0.15,0.1,0.15,0.1
4922,4922,Turośń Kościelna,81,Podlaskie,0.15,0.15,0.1,0.15,0.1
4923,4923,Turza Śląska,83,Śląskie,0.15,0.15,0.1,0.15,0.1
4924,4924,Turze,78,Mazowieckie,0.15,0.15,0.1,0.15,0.1
4925,4925,Turze,82,Pomorskie,0.15,0.15,0.1,0.15,0.1
4926,4926,Turze,83,Śląskie,0.15,0.15,0.1,0.15,0.1
4927,4927,Turze,86,Wielkopolskie,0.15,0.15,0.1,0.15,0.1
4928,4928,Turze,87,Zachodniopomorskie,0.15,0.15,0.1,0.15,0.1
4929,4929,Turze Pole,80,Podkarpackie,0.15,0.15,0.1,0.15,0.1
4930,4930,Tuszyn,74,Łódzkie,0.15,0.15,0.1,0.15,0.1
4931,4931,Tuszów Narodowy,80,Podkarpackie,0.15,0.15,0.1,0.15,0.1
4932,4932,Tułowice,78,Mazowieckie,0.15,0.15,0.1,0.15,0.1
4933,4933,Tułowice,79,Opolskie,0.15,0.15,0.1,0.15,0.1
4934,4934,Twardawa,79,Opolskie,0.15,0.15,0.1,0.15,0.1
4935,4935,Twardogóra,72,Dolnośląskie,0.15,0.15,0.1,0.15,0.1
4936,4936,Tworków,83,Śląskie,0.15,0.15,0.1,0.15,0.1
4937,4937,Tworóg,83,Śląskie,0.15,0.15,0.1,0.15,0.1
4938,4938,Tychowo,87,Zachodniopomorskie,0.15,0.15,0.1,0.15,0.1
4939,4939,Tychy,83,Śląskie,0.15,0.15,0.1,0.15,0.1
4940,4940,Tyczyn,74,Łódzkie,0.15,0.15,0.1,0.15,0.1
4941,4941,Tyczyn,80,Podkarpackie,0.15,0.15,0.1,0.15,0.1
4942,4942,Tykocin,81,Podlaskie,0.15,0.15,0.1,0.15,0.1
4943,4943,Tylicz,77,Małopolskie,0.15,0.15,0.1,0.15,0.1
4944,4944,Tymbark,77,Małopolskie,0.15,0.15,0.1,0.15,0.1
4945,4945,Tyniec Mały,72,Dolnośląskie,0.15,0.15,0.1,0.15,0.1
4946,4946,Tyrawa Wołoska,80,Podkarpackie,0.15,0.15,0.1,0.15,0.1
4947,4947,Tyszowce,75,Lubelskie,0.15,0.15,0.1,0.15,0.1
4948,4948,Tłuchowo,73,Kujawsko-pomorskie,0.15,0.15,0.1,0.15,0.1
4949,4949,Tłuszcz,78,Mazowieckie,0.15,0.15,0.1,0.15,0.1
4950,4950,Ubieszyn,80,Podkarpackie,0.15,0.15,0.1,0.15,0.1
4951,4951,Uchanie,75,Lubelskie,0.15,0.15,0.1,0.15,0.1
4952,4952,Uciechów,72,Dolnośląskie,0.15,0.15,0.1,0.15,0.1
4953,4953,Uciechów,86,Wielkopolskie,0.15,0.15,0.1,0.15,0.1
4954,4954,Udanin,72,Dolnośląskie,0.15,0.15,0.1,0.15,0.1
4955,4955,Uherce Mineralne,80,Podkarpackie,0.15,0.15,0.1,0.15,0.1
4956,4956,Ujazd,86,Wielkopolskie,0.15,0.15,0.1,0.15,0.1
4957,4957,Ujazd,84,Świętokrzyskie,0.15,0.15,0.1,0.15,0.1
4958,4958,Ujazd,80,Podkarpackie,0.15,0.15,0.1,0.15,0.1
4959,4959,Ujazd,79,Opolskie,0.15,0.15,0.1,0.15,0.1
4960,4960,Ujazd,77,Małopolskie,0.15,0.15,0.1,0.15,0.1
4961,4961,Ujazd,74,Łódzkie,0.15,0.15,0.1,0.15,0.1
4962,4962,Ujazd,73,Kujawsko-pomorskie,0.15,0.15,0.1,0.15,0.1
4963,4963,Ujazd,72,Dolnośląskie,0.15,0.15,0.1,0.15,0.1
4964,4964,Ujazd,87,Zachodniopomorskie,0.15,0.15,0.1,0.15,0.1
4965,4965,Ujezna,80,Podkarpackie,0.15,0.15,0.1,0.15,0.1
4966,4966,Ujsoły,83,Śląskie,0.15,0.15,0.1,0.15,0.1
4967,4967,Ujście,75,Lubelskie,0.15,0.15,0.1,0.15,0.1
4968,4968,Ujście,86,Wielkopolskie,0.15,0.15,0.1,0.15,0.1
4969,4969,Ulanów,80,Podkarpackie,0.15,0.15,0.1,0.15,0.1
4970,4970,Ulhówek,75,Lubelskie,0.15,0.15,0.1,0.15,0.1
4971,4971,Uniejów,74,Łódzkie,0.15,0.15,0.1,0.15,0.1
4972,4972,Unisław,73,Kujawsko-pomorskie,0.15,0.15,0.1,0.15,0.1
4973,4973,Unisław,86,Wielkopolskie,0.15,0.15,0.1,0.15,0.1
4974,4974,Uraz,72,Dolnośląskie,0.15,0.15,0.1,0.15,0.1
4975,4975,Uraz,87,Zachodniopomorskie,0.15,0.15,0.1,0.15,0.1
4976,4976,Ursynów,78,Mazowieckie,0.15,0.15,0.1,0.15,0.1
4977,4977,Urszulin,78,Mazowieckie,0.15,0.15,0.1,0.15,0.1
4978,4978,Urszulin,75,Lubelskie,0.15,0.15,0.1,0.15,0.1
4979,4979,Urszulin,74,Łódzkie,0.15,0.15,0.1,0.15,0.1
4980,4980,Urzejowice,80,Podkarpackie,0.15,0.15,0.1,0.15,0.1
4981,4981,Urzędów,75,Lubelskie,0.15,0.15,0.1,0.15,0.1
4982,4982,Ustka,82,Pomorskie,0.15,0.15,0.1,0.15,0.1
4983,4983,Ustronie Morskie,87,Zachodniopomorskie,0.15,0.15,0.1,0.15,0.1
4984,4984,Ustroń,73,Kujawsko-pomorskie,0.15,0.15,0.1,0.15,0.1
4985,4985,Ustroń,83,Śląskie,0.15,0.15,0.1,0.15,0.1
4986,4986,Ustrzyki Dolne,80,Podkarpackie,0.15,0.15,0.1,0.15,0.1
4987,4987,Ułęż,75,Lubelskie,0.15,0.15,0.1,0.15,0.1
4988,4988,Uście Gorlickie,77,Małopolskie,0.15,0.15,0.1,0.15,0.1
4989,4989,Uście Solne,77,Małopolskie,0.15,0.15,0.1,0.15,0.1
4990,4990,Wadowice,77,Małopolskie,0.15,0.15,0.1,0.15,0.1
4991,4991,Wadowice Górne,80,Podkarpackie,0.15,0.15,0.1,0.15,0.1
4992,4992,Waganiec,73,Kujawsko-pomorskie,0.15,0.15,0.1,0.15,0.1
4993,4993,Waksmund,77,Małopolskie,0.15,0.15,0.1,0.15,0.1
4994,4994,Walce,79,Opolskie,0.15,0.15,0.1,0.15,0.1
4995,4995,Walichnowy,74,Łódzkie,0.15,0.15,0.1,0.15,0.1
4996,4996,Walim,72,Dolnośląskie,0.15,0.15,0.1,0.15,0.1
4997,4997,Walim,78,Mazowieckie,0.15,0.15,0.1,0.15,0.1
4998,4998,Wapno,86,Wielkopolskie,0.15,0.15,0.1,0.15,0.1
4999,4999,Warka,78,Mazowieckie,0.15,0.15,0.1,0.15,0.1
5000,5000,Warlubie,73,Kujawsko-pomorskie,0.15,0.15,0.1,0.15,0.1
5001,5001,Warnice,87,Zachodniopomorskie,0.15,0.15,0.1,0.15,0.1
5002,5002,Warta,74,Łódzkie,0.15,0.15,0.1,0.15,0.1
5003,5003,Warta Bolesławiecka,72,Dolnośląskie,0.15,0.15,0.1,0.15,0.1
5004,5004,Wartkowice,74,Łódzkie,0.15,0.15,0.1,0.15,0.1
5005,5005,Wasilków,81,Podlaskie,0.15,0.15,0.1,0.15,0.1
5006,5006,Wawrzeńczyce,72,Dolnośląskie,0.15,0.15,0.1,0.15,0.1
5007,5007,Wawrzeńczyce,77,Małopolskie,0.15,0.15,0.1,0.15,0.1
5008,5008,Wawrzeńczyce,84,Świętokrzyskie,0.15,0.15,0.1,0.15,0.1
5009,5009,Wałbrzych,72,Dolnośląskie,0.15,0.15,0.1,0.15,0.1
5010,5010,Wałcz,87,Zachodniopomorskie,0.15,0.15,0.1,0.15,0.1
5011,5011,Waśniów,84,Świętokrzyskie,0.15,0.15,0.1,0.15,0.1
5012,5012,Wejherowo,82,Pomorskie,0.15,0.15,0.1,0.15,0.1
5013,5013,Werbkowice,75,Lubelskie,0.15,0.15,0.1,0.15,0.1
5014,5014,Wesoła,87,Zachodniopomorskie,0.15,0.15,0.1,0.15,0.1
5015,5015,Wesoła,86,Wielkopolskie,0.15,0.15,0.1,0.15,0.1
5016,5016,Wesoła,84,Świętokrzyskie,0.15,0.15,0.1,0.15,0.1
5017,5017,Wesoła,79,Opolskie,0.15,0.15,0.1,0.15,0.1
5018,5018,Wesoła,78,Mazowieckie,0.15,0.15,0.1,0.15,0.1
5019,5019,Wesoła,77,Małopolskie,0.15,0.15,0.1,0.15,0.1
5020,5020,Wesoła,80,Podkarpackie,0.15,0.15,0.1,0.15,0.1
5021,5021,Wicko,82,Pomorskie,0.15,0.15,0.1,0.15,0.1
5022,5022,Wicko,87,Zachodniopomorskie,0.15,0.15,0.1,0.15,0.1
5023,5023,Widawa,74,Łódzkie,0.15,0.15,0.1,0.15,0.1
5024,5024,Widuchowa,84,Świętokrzyskie,0.15,0.15,0.1,0.15,0.1
5025,5025,Widuchowa,87,Zachodniopomorskie,0.15,0.15,0.1,0.15,0.1
5026,5026,Wieczfnia Kościelna,78,Mazowieckie,0.15,0.15,0.1,0.15,0.1
5027,5027,Wielbark,85,Warmińsko-mazurskie,0.15,0.15,0.1,0.15,0.1
5028,5028,Wieleń,86,Wielkopolskie,0.15,0.15,0.1,0.15,0.1
5029,5029,Wielgie,78,Mazowieckie,0.15,0.15,0.1,0.15,0.1
5030,5030,Wielgie,73,Kujawsko-pomorskie,0.15,0.15,0.1,0.15,0.1
5031,5031,Wielgie,74,Łódzkie,0.15,0.15,0.1,0.15,0.1
5032,5032,Wielgolas,75,Lubelskie,0.15,0.15,0.1,0.15,0.1
5033,5033,Wielgolas,78,Mazowieckie,0.15,0.15,0.1,0.15,0.1
5034,5034,Wielgomłyny,74,Łódzkie,0.15,0.15,0.1,0.15,0.1
5035,5035,Wielichowo,82,Pomorskie,0.15,0.15,0.1,0.15,0.1
5036,5036,Wielichowo,86,Wielkopolskie,0.15,0.15,0.1,0.15,0.1
5037,5037,Wieliczka,77,Małopolskie,0.15,0.15,0.1,0.15,0.1
5038,5038,Wieliczki,85,Warmińsko-mazurskie,0.15,0.15,0.1,0.15,0.1
5039,5039,Wieliszew,78,Mazowieckie,0.15,0.15,0.1,0.15,0.1
5040,5040,Wielka Nieszawka,73,Kujawsko-pomorskie,0.15,0.15,0.1,0.15,0.1
5041,5041,Wielka Wieś,77,Małopolskie,0.15,0.15,0.1,0.15,0.1
5042,5042,Wielka Wieś,82,Pomorskie,0.15,0.15,0.1,0.15,0.1
5043,5043,Wielka Wieś,84,Świętokrzyskie,0.15,0.15,0.1,0.15,0.1
5044,5044,Wielka Wieś,86,Wielkopolskie,0.15,0.15,0.1,0.15,0.1
5045,5045,Wielka Wieś,74,Łódzkie,0.15,0.15,0.1,0.15,0.1
5046,5046,Wielki Buczek,86,Wielkopolskie,0.15,0.15,0.1,0.15,0.1
5047,5047,Wielkie Oczy,80,Podkarpackie,0.15,0.15,0.1,0.15,0.1
5048,5048,Wielkie Walichnowy,82,Pomorskie,0.15,0.15,0.1,0.15,0.1
5049,5049,Wielopole Skrzyńskie,80,Podkarpackie,0.15,0.15,0.1,0.15,0.1
5050,5050,Wielowieś,72,Dolnośląskie,0.15,0.15,0.1,0.15,0.1
5051,5051,Wielowieś,73,Kujawsko-pomorskie,0.15,0.15,0.1,0.15,0.1
5052,5052,Wielowieś,76,Lubuskie,0.15,0.15,0.1,0.15,0.1
5053,5053,Wielowieś,83,Śląskie,0.15,0.15,0.1,0.15,0.1
5054,5054,Wielowieś,85,Warmińsko-mazurskie,0.15,0.15,0.1,0.15,0.1
5055,5055,Wielowieś,86,Wielkopolskie,0.15,0.15,0.1,0.15,0.1
5056,5056,Wieluń,74,Łódzkie,0.15,0.15,0.1,0.15,0.1
5057,5057,Wieniawa,78,Mazowieckie,0.15,0.15,0.1,0.15,0.1
5058,5058,Wieprz,85,Warmińsko-mazurskie,0.15,0.15,0.1,0.15,0.1
5059,5059,Wieprz,83,Śląskie,0.15,0.15,0.1,0.15,0.1
5060,5060,Wieprz,77,Małopolskie,0.15,0.15,0.1,0.15,0.1
5061,5061,Wieruszów,72,Dolnośląskie,0.15,0.15,0.1,0.15,0.1
5062,5062,Wieruszów,74,Łódzkie,0.15,0.15,0.1,0.15,0.1
5063,5063,Wierzawice,80,Podkarpackie,0.15,0.15,0.1,0.15,0.1
5064,5064,Wierzbica,75,Lubelskie,0.15,0.15,0.1,0.15,0.1
5065,5065,Wierzbica,85,Warmińsko-mazurskie,0.15,0.15,0.1,0.15,0.1
5066,5066,Wierzbica,77,Małopolskie,0.15,0.15,0.1,0.15,0.1
5067,5067,Wierzbica,83,Śląskie,0.15,0.15,0.1,0.15,0.1
5068,5068,Wierzbica,78,Mazowieckie,0.15,0.15,0.1,0.15,0.1
5069,5069,Wierzbica,84,Świętokrzyskie,0.15,0.15,0.1,0.15,0.1
5070,5070,Wierzbica,74,Łódzkie,0.15,0.15,0.1,0.15,0.1
5071,5071,Wierzbinek,86,Wielkopolskie,0.15,0.15,0.1,0.15,0.1
5072,5072,Wierzbna,72,Dolnośląskie,0.15,0.15,0.1,0.15,0.1
5073,5073,Wierzbna,79,Opolskie,0.15,0.15,0.1,0.15,0.1
5074,5074,Wierzbna,80,Podkarpackie,0.15,0.15,0.1,0.15,0.1
5075,5075,Wierzbno,86,Wielkopolskie,0.15,0.15,0.1,0.15,0.1
5076,5076,Wierzbno,87,Zachodniopomorskie,0.15,0.15,0.1,0.15,0.1
5077,5077,Wierzbno,72,Dolnośląskie,0.15,0.15,0.1,0.15,0.1
5078,5078,Wierzbno,76,Lubuskie,0.15,0.15,0.1,0.15,0.1
5079,5079,Wierzbno,77,Małopolskie,0.15,0.15,0.1,0.15,0.1
5080,5080,Wierzbno,79,Opolskie,0.15,0.15,0.1,0.15,0.1
5081,5081,Wierzbno,78,Mazowieckie,0.15,0.15,0.1,0.15,0.1
5082,5082,Wierzchlas,74,Łódzkie,0.15,0.15,0.1,0.15,0.1
5083,5083,Wierzchlas,87,Zachodniopomorskie,0.15,0.15,0.1,0.15,0.1
5084,5084,Wierzchlas,73,Kujawsko-pomorskie,0.15,0.15,0.1,0.15,0.1
5085,5085,Wierzchosławice,77,Małopolskie,0.15,0.15,0.1,0.15,0.1
5086,5086,Wierzchosławice,73,Kujawsko-pomorskie,0.15,0.15,0.1,0.15,0.1
5087,5087,Wierzchosławice,72,Dolnośląskie,0.15,0.15,0.1,0.15,0.1
5088,5088,Wierzchowisko,74,Łódzkie,0.15,0.15,0.1,0.15,0.1
5089,5089,Wierzchowisko,77,Małopolskie,0.15,0.15,0.1,0.15,0.1
5090,5090,Wierzchowisko,83,Śląskie,0.15,0.15,0.1,0.15,0.1
5091,5091,Wierzchowo,87,Zachodniopomorskie,0.15,0.15,0.1,0.15,0.1
5092,5092,Wierzchowo,82,Pomorskie,0.15,0.15,0.1,0.15,0.1
5093,5093,Wierzchucino,82,Pomorskie,0.15,0.15,0.1,0.15,0.1
5094,5094,Wieszowa,83,Śląskie,0.15,0.15,0.1,0.15,0.1
5095,5095,Wietrzychowice,73,Kujawsko-pomorskie,0.15,0.15,0.1,0.15,0.1
5096,5096,Wietrzychowice,77,Małopolskie,0.15,0.15,0.1,0.15,0.1
5097,5097,Wijewo,86,Wielkopolskie,0.15,0.15,0.1,0.15,0.1
5098,5098,Wilamowice,72,Dolnośląskie,0.15,0.15,0.1,0.15,0.1
5099,5099,Wilamowice,78,Mazowieckie,0.15,0.15,0.1,0.15,0.1
5100,5100,Wilamowice,83,Śląskie,0.15,0.15,0.1,0.15,0.1
5101,5101,Wilanów,76,Lubuskie,0.15,0.15,0.1,0.15,0.1
5102,5102,Wilanów,84,Świętokrzyskie,0.15,0.15,0.1,0.15,0.1
5103,5103,Wilanów,86,Wielkopolskie,0.15,0.15,0.1,0.15,0.1
5104,5104,Wilcza,86,Wielkopolskie,0.15,0.15,0.1,0.15,0.1
5105,5105,Wilcza,72,Dolnośląskie,0.15,0.15,0.1,0.15,0.1
5106,5106,Wilcza,83,Śląskie,0.15,0.15,0.1,0.15,0.1
5107,5107,Wilczogóra,78,Mazowieckie,0.15,0.15,0.1,0.15,0.1
5108,5108,Wilczogóra,86,Wielkopolskie,0.15,0.15,0.1,0.15,0.1
5109,5109,Wilczogóra,87,Zachodniopomorskie,0.15,0.15,0.1,0.15,0.1
5110,5110,Wilczyce,72,Dolnośląskie,0.15,0.15,0.1,0.15,0.1
5111,5111,Wilczyce,77,Małopolskie,0.15,0.15,0.1,0.15,0.1
5112,5112,Wilczyce,84,Świętokrzyskie,0.15,0.15,0.1,0.15,0.1
5113,5113,Wilczyce,76,Lubuskie,0.15,0.15,0.1,0.15,0.1
5114,5114,Wilczyn,72,Dolnośląskie,0.15,0.15,0.1,0.15,0.1
5115,5115,Wilczyn,75,Lubelskie,0.15,0.15,0.1,0.15,0.1
5116,5116,Wilczyn,86,Wielkopolskie,0.15,0.15,0.1,0.15,0.1
5117,5117,Wilga,78,Mazowieckie,0.15,0.15,0.1,0.15,0.1
5118,5118,Wilkowice,74,Łódzkie,0.15,0.15,0.1,0.15,0.1
5119,5119,Wilkowice,73,Kujawsko-pomorskie,0.15,0.15,0.1,0.15,0.1
5120,5120,Wilkowice,87,Zachodniopomorskie,0.15,0.15,0.1,0.15,0.1
5121,5121,Wilkowice,83,Śląskie,0.15,0.15,0.1,0.15,0.1
5122,5122,Wilkowice,84,Świętokrzyskie,0.15,0.15,0.1,0.15,0.1
5123,5123,Wilkowice,86,Wielkopolskie,0.15,0.15,0.1,0.15,0.1
5124,5124,Wilkowice,72,Dolnośląskie,0.15,0.15,0.1,0.15,0.1
5125,5125,Wilkowo,86,Wielkopolskie,0.15,0.15,0.1,0.15,0.1
5126,5126,Wilkowo,85,Warmińsko-mazurskie,0.15,0.15,0.1,0.15,0.1
5127,5127,Wilkowo,82,Pomorskie,0.15,0.15,0.1,0.15,0.1
5128,5128,Wilkowo,78,Mazowieckie,0.15,0.15,0.1,0.15,0.1
5129,5129,Wilkowo,76,Lubuskie,0.15,0.15,0.1,0.15,0.1
5130,5130,Wilkowo,73,Kujawsko-pomorskie,0.15,0.15,0.1,0.15,0.1
5131,5131,Wilkowo,72,Dolnośląskie,0.15,0.15,0.1,0.15,0.1
5132,5132,Wilków,78,Mazowieckie,0.15,0.15,0.1,0.15,0.1
5133,5133,Wilków,79,Opolskie,0.15,0.15,0.1,0.15,0.1
5134,5134,Wilków,83,Śląskie,0.15,0.15,0.1,0.15,0.1
5135,5135,Wilków,84,Świętokrzyskie,0.15,0.15,0.1,0.15,0.1
5136,5136,Wilków,72,Dolnośląskie,0.15,0.15,0.1,0.15,0.1
5137,5137,Wilków,75,Lubelskie,0.15,0.15,0.1,0.15,0.1
5138,5138,Wilków,77,Małopolskie,0.15,0.15,0.1,0.15,0.1
5139,5139,Wilków,74,Łódzkie,0.15,0.15,0.1,0.15,0.1
5140,5140,Winnica,86,Wielkopolskie,0.15,0.15,0.1,0.15,0.1
5141,5141,Winnica,84,Świętokrzyskie,0.15,0.15,0.1,0.15,0.1
5142,5142,Winnica,78,Mazowieckie,0.15,0.15,0.1,0.15,0.1
5143,5143,Winnica,72,Dolnośląskie,0.15,0.15,0.1,0.15,0.1
5144,5144,Wisełka,87,Zachodniopomorskie,0.15,0.15,0.1,0.15,0.1
5145,5145,Wiskitki,78,Mazowieckie,0.15,0.15,0.1,0.15,0.1
5146,5146,Wisznia Mała,72,Dolnośląskie,0.15,0.15,0.1,0.15,0.1
5147,5147,Wisznice,75,Lubelskie,0.15,0.15,0.1,0.15,0.1
5148,5148,Wisła,83,Śląskie,0.15,0.15,0.1,0.15,0.1
5149,5149,Witanowice,77,Małopolskie,0.15,0.15,0.1,0.15,0.1
5150,5150,Witanowice,72,Dolnośląskie,0.15,0.15,0.1,0.15,0.1
5151,5151,Witaszyce,86,Wielkopolskie,0.15,0.15,0.1,0.15,0.1
5152,5152,Witkowice,86,Wielkopolskie,0.15,0.15,0.1,0.15,0.1
5153,5153,Witkowice,74,Łódzkie,0.15,0.15,0.1,0.15,0.1
5154,5154,Witkowice,77,Małopolskie,0.15,0.15,0.1,0.15,0.1
5155,5155,Witkowice,78,Mazowieckie,0.15,0.15,0.1,0.15,0.1
5156,5156,Witkowice,80,Podkarpackie,0.15,0.15,0.1,0.15,0.1
5157,5157,Witkowice,83,Śląskie,0.15,0.15,0.1,0.15,0.1
5158,5158,Witkowo,78,Mazowieckie,0.15,0.15,0.1,0.15,0.1
5159,5159,Witkowo,81,Podlaskie,0.15,0.15,0.1,0.15,0.1
5160,5160,Witkowo,86,Wielkopolskie,0.15,0.15,0.1,0.15,0.1
5161,5161,Witkowo,73,Kujawsko-pomorskie,0.15,0.15,0.1,0.15,0.1
5162,5162,Witkowo,82,Pomorskie,0.15,0.15,0.1,0.15,0.1
5163,5163,Witnica,86,Wielkopolskie,0.15,0.15,0.1,0.15,0.1
5164,5164,Witnica,76,Lubuskie,0.15,0.15,0.1,0.15,0.1
5165,5165,Witnica,87,Zachodniopomorskie,0.15,0.15,0.1,0.15,0.1
5166,5166,Witonia,74,Łódzkie,0.15,0.15,0.1,0.15,0.1
5167,5167,Wizna,81,Podlaskie,0.15,0.15,0.1,0.15,0.1
5168,5168,Wiórek,86,Wielkopolskie,0.15,0.15,0.1,0.15,0.1
5169,5169,Wiązowna,78,Mazowieckie,0.15,0.15,0.1,0.15,0.1
5170,5170,Wiązownica,80,Podkarpackie,0.15,0.15,0.1,0.15,0.1
5171,5171,Wiązownica,81,Podlaskie,0.15,0.15,0.1,0.15,0.1
5172,5172,Wiązów,72,Dolnośląskie,0.15,0.15,0.1,0.15,0.1
5173,5173,Więcbork,73,Kujawsko-pomorskie,0.15,0.15,0.1,0.15,0.1
5174,5174,Więckowice,86,Wielkopolskie,0.15,0.15,0.1,0.15,0.1
5175,5175,Więckowice,80,Podkarpackie,0.15,0.15,0.1,0.15,0.1
5176,5176,Więckowice,77,Małopolskie,0.15,0.15,0.1,0.15,0.1
5177,5177,Większyce,79,Opolskie,0.15,0.15,0.1,0.15,0.1
5178,5178,Wińsko,72,Dolnośląskie,0.15,0.15,0.1,0.15,0.1
5179,5179,Wiślica,83,Śląskie,0.15,0.15,0.1,0.15,0.1
5180,5180,Wiślica,84,Świętokrzyskie,0.15,0.15,0.1,0.15,0.1
5181,5181,Wiślinka,82,Pomorskie,0.15,0.15,0.1,0.15,0.1
5182,5182,Wiśniew,78,Mazowieckie,0.15,0.15,0.1,0.15,0.1
5183,5183,Wiśniewo,87,Zachodniopomorskie,0.15,0.15,0.1,0.15,0.1
5184,5184,Wiśniewo,86,Wielkopolskie,0.15,0.15,0.1,0.15,0.1
5185,5185,Wiśniewo,85,Warmińsko-mazurskie,0.15,0.15,0.1,0.15,0.1
5186,5186,Wiśniewo,81,Podlaskie,0.15,0.15,0.1,0.15,0.1
5187,5187,Wiśniewo,78,Mazowieckie,0.15,0.15,0.1,0.15,0.1
5188,5188,Wiśniewo,74,Łódzkie,0.15,0.15,0.1,0.15,0.1
5189,5189,Wiśniowa,84,Świętokrzyskie,0.15,0.15,0.1,0.15,0.1
5190,5190,Wiśniowa,77,Małopolskie,0.15,0.15,0.1,0.15,0.1
5191,5191,Wiśniowa,80,Podkarpackie,0.15,0.15,0.1,0.15,0.1
5192,5192,Wiśniowa,72,Dolnośląskie,0.15,0.15,0.1,0.15,0.1
5193,5193,Wiżajny,81,Podlaskie,0.15,0.15,0.1,0.15,0.1
5194,5194,Wleń,72,Dolnośląskie,0.15,0.15,0.1,0.15,0.1
5195,5195,Wodynie,78,Mazowieckie,0.15,0.15,0.1,0.15,0.1
5196,5196,Wodzierady,74,Łódzkie,0.15,0.15,0.1,0.15,0.1
5197,5197,Wodzisław,84,Świętokrzyskie,0.15,0.15,0.1,0.15,0.1
5198,5198,Wodzisław Śląski,83,Śląskie,0.15,0.15,0.1,0.15,0.1
5199,5199,Wohyń,75,Lubelskie,0.15,0.15,0.1,0.15,0.1
5200,5200,Wojaszówka,80,Podkarpackie,0.15,0.15,0.1,0.15,0.1
5201,5201,Wojciechowice,84,Świętokrzyskie,0.15,0.15,0.1,0.15,0.1
5202,5202,Wojciechowice,78,Mazowieckie,0.15,0.15,0.1,0.15,0.1
5203,5203,Wojciechowice,72,Dolnośląskie,0.15,0.15,0.1,0.15,0.1
5204,5204,Wojciechów,86,Wielkopolskie,0.15,0.15,0.1,0.15,0.1
5205,5205,Wojciechów,74,Łódzkie,0.15,0.15,0.1,0.15,0.1
5206,5206,Wojciechów,75,Lubelskie,0.15,0.15,0.1,0.15,0.1
5207,5207,Wojciechów,78,Mazowieckie,0.15,0.15,0.1,0.15,0.1
5208,5208,Wojciechów,79,Opolskie,0.15,0.15,0.1,0.15,0.1
5209,5209,Wojciechów,84,Świętokrzyskie,0.15,0.15,0.1,0.15,0.1
5210,5210,Wojciechów,72,Dolnośląskie,0.15,0.15,0.1,0.15,0.1
5211,5211,Wojcieszków,75,Lubelskie,0.15,0.15,0.1,0.15,0.1
5212,5212,Wojcieszów,72,Dolnośląskie,0.15,0.15,0.1,0.15,0.1
5213,5213,Wojkowice,83,Śląskie,0.15,0.15,0.1,0.15,0.1
5214,5214,Wojkowice,72,Dolnośląskie,0.15,0.15,0.1,0.15,0.1
5215,5215,Wojnicz,77,Małopolskie,0.15,0.15,0.1,0.15,0.1
5216,5216,Wojszyce,74,Łódzkie,0.15,0.15,0.1,0.15,0.1
5217,5217,Wojsławice,75,Lubelskie,0.15,0.15,0.1,0.15,0.1
5218,5218,Wojsławice,84,Świętokrzyskie,0.15,0.15,0.1,0.15,0.1
5219,5219,Wojsławice,83,Śląskie,0.15,0.15,0.1,0.15,0.1
5220,5220,Wojsławice,79,Opolskie,0.15,0.15,0.1,0.15,0.1
5221,5221,Wojsławice,78,Mazowieckie,0.15,0.15,0.1,0.15,0.1
5222,5222,Wojsławice,76,Lubuskie,0.15,0.15,0.1,0.15,0.1
5223,5223,Wojsławice,74,Łódzkie,0.15,0.15,0.1,0.15,0.1
5224,5224,Wokowice,77,Małopolskie,0.15,0.15,0.1,0.15,0.1
5225,5225,Wola,78,Mazowieckie,0.15,0.15,0.1,0.15,0.1
5226,5226,Wola,82,Pomorskie,0.15,0.15,0.1,0.15,0.1
5227,5227,Wola,83,Śląskie,0.15,0.15,0.1,0.15,0.1
5228,5228,Wola,85,Warmińsko-mazurskie,0.15,0.15,0.1,0.15,0.1
5229,5229,Wola,73,Kujawsko-pomorskie,0.15,0.15,0.1,0.15,0.1
5230,5230,Wola Batorska,77,Małopolskie,0.15,0.15,0.1,0.15,0.1
5231,5231,Wola Dębińska,77,Małopolskie,0.15,0.15,0.1,0.15,0.1
5232,5232,Wola Filipowska,77,Małopolskie,0.15,0.15,0.1,0.15,0.1
5233,5233,Wola Idzikowska,75,Lubelskie,0.15,0.15,0.1,0.15,0.1
5234,5234,Wola Jachowa,84,Świętokrzyskie,0.15,0.15,0.1,0.15,0.1
5235,5235,Wola Krzysztoporska,74,Łódzkie,0.15,0.15,0.1,0.15,0.1
5236,5236,Wola Radziszowska,77,Małopolskie,0.15,0.15,0.1,0.15,0.1
5237,5237,Wola Rakowa,74,Łódzkie,0.15,0.15,0.1,0.15,0.1
5238,5238,Wola Rębkowska,78,Mazowieckie,0.15,0.15,0.1,0.15,0.1
5239,5239,Wola Sernicka,75,Lubelskie,0.15,0.15,0.1,0.15,0.1
5240,5240,Wola Uhruska,75,Lubelskie,0.15,0.15,0.1,0.15,0.1
5241,5241,Wola Wiśniowa,84,Świętokrzyskie,0.15,0.15,0.1,0.15,0.1
5242,5242,Wola Zabierzowska,77,Małopolskie,0.15,0.15,0.1,0.15,0.1
5243,5243,Wola Załężna,74,Łódzkie,0.15,0.15,0.1,0.15,0.1
5244,5244,Wolanów,72,Dolnośląskie,0.15,0.15,0.1,0.15,0.1
5245,5245,Wolanów,78,Mazowieckie,0.15,0.15,0.1,0.15,0.1
5246,5246,Wolbrom,77,Małopolskie,0.15,0.15,0.1,0.15,0.1
5247,5247,Wolbórz,74,Łódzkie,0.15,0.15,0.1,0.15,0.1
5248,5248,Wolin,87,Zachodniopomorskie,0.15,0.15,0.1,0.15,0.1
5249,5249,Wolsztyn,86,Wielkopolskie,0.15,0.15,0.1,0.15,0.1
5250,5250,Wołczyn,79,Opolskie,0.15,0.15,0.1,0.15,0.1
5251,5251,Wołczyn,87,Zachodniopomorskie,0.15,0.15,0.1,0.15,0.1
5252,5252,Wołomin,78,Mazowieckie,0.15,0.15,0.1,0.15,0.1
5253,5253,Wołowice,77,Małopolskie,0.15,0.15,0.1,0.15,0.1
5254,5254,Wołów,72,Dolnośląskie,0.15,0.15,0.1,0.15,0.1
5255,5255,Wołów,84,Świętokrzyskie,0.15,0.15,0.1,0.15,0.1
5256,5256,Woźniki,86,Wielkopolskie,0.15,0.15,0.1,0.15,0.1
5257,5257,Woźniki,83,Śląskie,0.15,0.15,0.1,0.15,0.1
5258,5258,Woźniki,78,Mazowieckie,0.15,0.15,0.1,0.15,0.1
5259,5259,Woźniki,77,Małopolskie,0.15,0.15,0.1,0.15,0.1
5260,5260,Woźniki,74,Łódzkie,0.15,0.15,0.1,0.15,0.1
5261,5261,Wrocław,72,Dolnośląskie,0.15,0.15,0.1,0.15,0.1
5262,5262,Wronki,85,Warmińsko-mazurskie,0.15,0.15,0.1,0.15,0.1
5263,5263,Wronki,86,Wielkopolskie,0.15,0.15,0.1,0.15,0.1
5264,5264,Września,84,Świętokrzyskie,0.15,0.15,0.1,0.15,0.1
5265,5265,Września,74,Łódzkie,0.15,0.15,0.1,0.15,0.1
5266,5266,Września,78,Mazowieckie,0.15,0.15,0.1,0.15,0.1
5267,5267,Września,86,Wielkopolskie,0.15,0.15,0.1,0.15,0.1
5268,5268,Wrząsowice,77,Małopolskie,0.15,0.15,0.1,0.15,0.1
5269,5269,Wróblew,74,Łódzkie,0.15,0.15,0.1,0.15,0.1
5270,5270,Wróblowa,80,Podkarpackie,0.15,0.15,0.1,0.15,0.1
5271,5271,Wróblowice,72,Dolnośląskie,0.15,0.15,0.1,0.15,0.1
5272,5272,Wróblowice,77,Małopolskie,0.15,0.15,0.1,0.15,0.1
5273,5273,Wróblówka,77,Małopolskie,0.15,0.15,0.1,0.15,0.1
5274,5274,Wręczyca Wielka,83,Śląskie,0.15,0.15,0.1,0.15,0.1
5275,5275,Wschowa,76,Lubuskie,0.15,0.15,0.1,0.15,0.1
5276,5276,Wydminy,85,Warmińsko-mazurskie,0.15,0.15,0.1,0.15,0.1
5277,5277,Wylewa,80,Podkarpackie,0.15,0.15,0.1,0.15,0.1
5278,5278,Wymiarki,76,Lubuskie,0.15,0.15,0.1,0.15,0.1
5279,5279,Wymiarki,85,Warmińsko-mazurskie,0.15,0.15,0.1,0.15,0.1
5280,5280,Wymysłów,74,Łódzkie,0.15,0.15,0.1,0.15,0.1
5281,5281,Wymysłów,75,Lubelskie,0.15,0.15,0.1,0.15,0.1
5282,5282,Wymysłów,77,Małopolskie,0.15,0.15,0.1,0.15,0.1
5283,5283,Wymysłów,78,Mazowieckie,0.15,0.15,0.1,0.15,0.1
5284,5284,Wymysłów,84,Świętokrzyskie,0.15,0.15,0.1,0.15,0.1
5285,5285,Wymysłów,83,Śląskie,0.15,0.15,0.1,0.15,0.1
5286,5286,Wymysłów,86,Wielkopolskie,0.15,0.15,0.1,0.15,0.1
5287,5287,Wyry,83,Śląskie,0.15,0.15,0.1,0.15,0.1
5288,5288,Wyrzysk,86,Wielkopolskie,0.15,0.15,0.1,0.15,0.1
5289,5289,Wysoka,77,Małopolskie,0.15,0.15,0.1,0.15,0.1
5290,5290,Wysoka,82,Pomorskie,0.15,0.15,0.1,0.15,0.1
5291,5291,Wysoka,78,Mazowieckie,0.15,0.15,0.1,0.15,0.1
5292,5292,Wysoka,79,Opolskie,0.15,0.15,0.1,0.15,0.1
5293,5293,Wysoka,80,Podkarpackie,0.15,0.15,0.1,0.15,0.1
5294,5294,Wysoka,76,Lubuskie,0.15,0.15,0.1,0.15,0.1
5295,5295,Wysoka,72,Dolnośląskie,0.15,0.15,0.1,0.15,0.1
5296,5296,Wysoka,85,Warmińsko-mazurskie,0.15,0.15,0.1,0.15,0.1
5297,5297,Wysoka,86,Wielkopolskie,0.15,0.15,0.1,0.15,0.1
5298,5298,Wysoka,87,Zachodniopomorskie,0.15,0.15,0.1,0.15,0.1
5299,5299,Wysoka,83,Śląskie,0.15,0.15,0.1,0.15,0.1
5300,5300,Wysoka,73,Kujawsko-pomorskie,0.15,0.15,0.1,0.15,0.1
5301,5301,Wysoka Głogowska,80,Podkarpackie,0.15,0.15,0.1,0.15,0.1
5302,5302,Wysoka Lelowska,83,Śląskie,0.15,0.15,0.1,0.15,0.1
5303,5303,Wysoka Strzyżowska,80,Podkarpackie,0.15,0.15,0.1,0.15,0.1
5304,5304,Wysokie,82,Pomorskie,0.15,0.15,0.1,0.15,0.1
5305,5305,Wysokie,81,Podlaskie,0.15,0.15,0.1,0.15,0.1
5306,5306,Wysokie,85,Warmińsko-mazurskie,0.15,0.15,0.1,0.15,0.1
5307,5307,Wysokie,86,Wielkopolskie,0.15,0.15,0.1,0.15,0.1
5308,5308,Wysokie,87,Zachodniopomorskie,0.15,0.15,0.1,0.15,0.1
5309,5309,Wysokie,72,Dolnośląskie,0.15,0.15,0.1,0.15,0.1
5310,5310,Wysokie,75,Lubelskie,0.15,0.15,0.1,0.15,0.1
5311,5311,Wysokie,76,Lubuskie,0.15,0.15,0.1,0.15,0.1
5312,5312,Wysokie,77,Małopolskie,0.15,0.15,0.1,0.15,0.1
5313,5313,Wysokie Mazowieckie,81,Podlaskie,0.15,0.15,0.1,0.15,0.1
5314,5314,Wyszki,81,Podlaskie,0.15,0.15,0.1,0.15,0.1
5315,5315,Wyszki,86,Wielkopolskie,0.15,0.15,0.1,0.15,0.1
5316,5316,Wyszków,78,Mazowieckie,0.15,0.15,0.1,0.15,0.1
5317,5317,Wyszków,72,Dolnośląskie,0.15,0.15,0.1,0.15,0.1
5318,5318,Wyszogród,78,Mazowieckie,0.15,0.15,0.1,0.15,0.1
5319,5319,Wyszogród,84,Świętokrzyskie,0.15,0.15,0.1,0.15,0.1
5320,5320,Wyszogród,72,Dolnośląskie,0.15,0.15,0.1,0.15,0.1
5321,5321,Wyśmierzyce,78,Mazowieckie,0.15,0.15,0.1,0.15,0.1
5322,5322,Wólka,85,Warmińsko-mazurskie,0.15,0.15,0.1,0.15,0.1
5323,5323,Wólka,84,Świętokrzyskie,0.15,0.15,0.1,0.15,0.1
5324,5324,Wólka,83,Śląskie,0.15,0.15,0.1,0.15,0.1
5325,5325,Wólka,81,Podlaskie,0.15,0.15,0.1,0.15,0.1
5326,5326,Wólka,80,Podkarpackie,0.15,0.15,0.1,0.15,0.1
5327,5327,Wólka,78,Mazowieckie,0.15,0.15,0.1,0.15,0.1
5328,5328,Wólka,75,Lubelskie,0.15,0.15,0.1,0.15,0.1
5329,5329,Wólka,74,Łódzkie,0.15,0.15,0.1,0.15,0.1
5330,5330,Wólka,73,Kujawsko-pomorskie,0.15,0.15,0.1,0.15,0.1
5331,5331,Wólka,86,Wielkopolskie,0.15,0.15,0.1,0.15,0.1
5332,5332,Wólka Grodziska,80,Podkarpackie,0.15,0.15,0.1,0.15,0.1
5333,5333,Wólka Grodziska,78,Mazowieckie,0.15,0.15,0.1,0.15,0.1
5334,5334,Wólka Niedźwiedzka,80,Podkarpackie,0.15,0.15,0.1,0.15,0.1
5335,5335,Wólka Pełkińska,80,Podkarpackie,0.15,0.15,0.1,0.15,0.1
5336,5336,Wólka Podleśna,80,Podkarpackie,0.15,0.15,0.1,0.15,0.1
5337,5337,Wólka Tanewska,80,Podkarpackie,0.15,0.15,0.1,0.15,0.1
5338,5338,Wólka Łętowska,80,Podkarpackie,0.15,0.15,0.1,0.15,0.1
5339,5339,Wąbrzeźno,73,Kujawsko-pomorskie,0.15,0.15,0.1,0.15,0.1
5340,5340,Wąchock,84,Świętokrzyskie,0.15,0.15,0.1,0.15,0.1
5341,5341,Wądroże Wielkie,72,Dolnośląskie,0.15,0.15,0.1,0.15,0.1
5342,5342,Wągrowiec,86,Wielkopolskie,0.15,0.15,0.1,0.15,0.1
5343,5343,Wąpielsk,73,Kujawsko-pomorskie,0.15,0.15,0.1,0.15,0.1
5344,5344,Wąsewo,73,Kujawsko-pomorskie,0.15,0.15,0.1,0.15,0.1
5345,5345,Wąsewo,78,Mazowieckie,0.15,0.15,0.1,0.15,0.1
5346,5346,Wąsosz,81,Podlaskie,0.15,0.15,0.1,0.15,0.1
5347,5347,Wąsosz,83,Śląskie,0.15,0.15,0.1,0.15,0.1
5348,5348,Wąsosz,84,Świętokrzyskie,0.15,0.15,0.1,0.15,0.1
5349,5349,Wąsosz,86,Wielkopolskie,0.15,0.15,0.1,0.15,0.1
5350,5350,Wąsosz,87,Zachodniopomorskie,0.15,0.15,0.1,0.15,0.1
5351,5351,Wąsosz,73,Kujawsko-pomorskie,0.15,0.15,0.1,0.15,0.1
5352,5352,Wąsosz,72,Dolnośląskie,0.15,0.15,0.1,0.15,0.1
5353,5353,Wąwolnica,72,Dolnośląskie,0.15,0.15,0.1,0.15,0.1
5354,5354,Wąwolnica,75,Lubelskie,0.15,0.15,0.1,0.15,0.1
5355,5355,Węgierka,80,Podkarpackie,0.15,0.15,0.1,0.15,0.1
5356,5356,Węgierska Górka,83,Śląskie,0.15,0.15,0.1,0.15,0.1
5357,5357,Węgliniec,72,Dolnośląskie,0.15,0.15,0.1,0.15,0.1
5358,5358,Węglówka,80,Podkarpackie,0.15,0.15,0.1,0.15,0.1
5359,5359,Węglówka,77,Małopolskie,0.15,0.15,0.1,0.15,0.1
5360,5360,Węgorzewo,86,Wielkopolskie,0.15,0.15,0.1,0.15,0.1
5361,5361,Węgorzewo,85,Warmińsko-mazurskie,0.15,0.15,0.1,0.15,0.1
5362,5362,Węgorzyno,82,Pomorskie,0.15,0.15,0.1,0.15,0.1
5363,5363,Węgorzyno,87,Zachodniopomorskie,0.15,0.15,0.1,0.15,0.1
5364,5364,Węgry,79,Opolskie,0.15,0.15,0.1,0.15,0.1
5365,5365,Węgry,72,Dolnośląskie,0.15,0.15,0.1,0.15,0.1
5366,5366,Węgry,82,Pomorskie,0.15,0.15,0.1,0.15,0.1
5367,5367,Węgry,86,Wielkopolskie,0.15,0.15,0.1,0.15,0.1
5368,5368,Węgrzce Wielkie,77,Małopolskie,0.15,0.15,0.1,0.15,0.1
5369,5369,Węgrów,78,Mazowieckie,0.15,0.15,0.1,0.15,0.1
5370,5370,Węgrów,72,Dolnośląskie,0.15,0.15,0.1,0.15,0.1
5371,5371,Władysławowo,82,Pomorskie,0.15,0.15,0.1,0.15,0.1
5372,5372,Władysławowo,86,Wielkopolskie,0.15,0.15,0.1,0.15,0.1
5373,5373,Władysławowo,85,Warmińsko-mazurskie,0.15,0.15,0.1,0.15,0.1
5374,5374,Władysławowo,81,Podlaskie,0.15,0.15,0.1,0.15,0.1
5375,5375,Władysławowo,78,Mazowieckie,0.15,0.15,0.1,0.15,0.1
5376,5376,Władysławowo,74,Łódzkie,0.15,0.15,0.1,0.15,0.1
5377,5377,Władysławowo,73,Kujawsko-pomorskie,0.15,0.15,0.1,0.15,0.1
5378,5378,Władysławów,78,Mazowieckie,0.15,0.15,0.1,0.15,0.1
5379,5379,Władysławów,83,Śląskie,0.15,0.15,0.1,0.15,0.1
5380,5380,Władysławów,86,Wielkopolskie,0.15,0.15,0.1,0.15,0.1
5381,5381,Władysławów,75,Lubelskie,0.15,0.15,0.1,0.15,0.1
5382,5382,Władysławów,74,Łódzkie,0.15,0.15,0.1,0.15,0.1
5383,5383,Włochy,84,Świętokrzyskie,0.15,0.15,0.1,0.15,0.1
5384,5384,Włochy,79,Opolskie,0.15,0.15,0.1,0.15,0.1
5385,5385,Włocławek,73,Kujawsko-pomorskie,0.15,0.15,0.1,0.15,0.1
5386,5386,Włodawa,75,Lubelskie,0.15,0.15,0.1,0.15,0.1
5387,5387,Włodowice,83,Śląskie,0.15,0.15,0.1,0.15,0.1
5388,5388,Włosienica,77,Małopolskie,0.15,0.15,0.1,0.15,0.1
5389,5389,Włosienica,82,Pomorskie,0.15,0.15,0.1,0.15,0.1
5390,5390,Włoszakowice,86,Wielkopolskie,0.15,0.15,0.1,0.15,0.1
5391,5391,Włoszczowa,84,Świętokrzyskie,0.15,0.15,0.1,0.15,0.1
5392,5392,Zabawa,77,Małopolskie,0.15,0.15,0.1,0.15,0.1
5393,5393,Zabierzów,79,Opolskie,0.15,0.15,0.1,0.15,0.1
5394,5394,Zabierzów,77,Małopolskie,0.15,0.15,0.1,0.15,0.1
5395,5395,Zabierzów Bocheński,77,Małopolskie,0.15,0.15,0.1,0.15,0.1
5396,5396,Zaborze,78,Mazowieckie,0.15,0.15,0.1,0.15,0.1
5397,5397,Zaborze,77,Małopolskie,0.15,0.15,0.1,0.15,0.1
5398,5398,Zaborze,83,Śląskie,0.15,0.15,0.1,0.15,0.1
5399,5399,Zaborze,75,Lubelskie,0.15,0.15,0.1,0.15,0.1
5400,5400,Zaborze,84,Świętokrzyskie,0.15,0.15,0.1,0.15,0.1
5401,5401,Zaborze,86,Wielkopolskie,0.15,0.15,0.1,0.15,0.1
5402,5402,Zaborze,87,Zachodniopomorskie,0.15,0.15,0.1,0.15,0.1
5403,5403,Zaborze,74,Łódzkie,0.15,0.15,0.1,0.15,0.1
5404,5404,Zaborów,77,Małopolskie,0.15,0.15,0.1,0.15,0.1
5405,5405,Zaborów,74,Łódzkie,0.15,0.15,0.1,0.15,0.1
5406,5406,Zaborów,78,Mazowieckie,0.15,0.15,0.1,0.15,0.1
5407,5407,Zaborów,80,Podkarpackie,0.15,0.15,0.1,0.15,0.1
5408,5408,Zabrodzie,87,Zachodniopomorskie,0.15,0.15,0.1,0.15,0.1
5409,5409,Zabrodzie,86,Wielkopolskie,0.15,0.15,0.1,0.15,0.1
5410,5410,Zabrodzie,85,Warmińsko-mazurskie,0.15,0.15,0.1,0.15,0.1
5411,5411,Zabrodzie,84,Świętokrzyskie,0.15,0.15,0.1,0.15,0.1
5412,5412,Zabrodzie,83,Śląskie,0.15,0.15,0.1,0.15,0.1
5413,5413,Zabrodzie,81,Podlaskie,0.15,0.15,0.1,0.15,0.1
5414,5414,Zabrodzie,78,Mazowieckie,0.15,0.15,0.1,0.15,0.1
5415,5415,Zabrodzie,75,Lubelskie,0.15,0.15,0.1,0.15,0.1
5416,5416,Zabrodzie,74,Łódzkie,0.15,0.15,0.1,0.15,0.1
5417,5417,Zabrodzie,72,Dolnośląskie,0.15,0.15,0.1,0.15,0.1
5418,5418,Zabrze,83,Śląskie,0.15,0.15,0.1,0.15,0.1
5419,5419,Zabrzeg,83,Śląskie,0.15,0.15,0.1,0.15,0.1
5420,5420,Zabór,76,Lubuskie,0.15,0.15,0.1,0.15,0.1
5421,5421,Zabłocie,78,Mazowieckie,0.15,0.15,0.1,0.15,0.1
5422,5422,Zabłocie,81,Podlaskie,0.15,0.15,0.1,0.15,0.1
5423,5423,Zabłocie,82,Pomorskie,0.15,0.15,0.1,0.15,0.1
5424,5424,Zabłocie,85,Warmińsko-mazurskie,0.15,0.15,0.1,0.15,0.1
5425,5425,Zabłocie,83,Śląskie,0.15,0.15,0.1,0.15,0.1
5426,5426,Zabłocie,86,Wielkopolskie,0.15,0.15,0.1,0.15,0.1
5427,5427,Zabłocie,77,Małopolskie,0.15,0.15,0.1,0.15,0.1
5428,5428,Zabłocie,84,Świętokrzyskie,0.15,0.15,0.1,0.15,0.1
5429,5429,Zabłocie,75,Lubelskie,0.15,0.15,0.1,0.15,0.1
5430,5430,Zabłocie,76,Lubuskie,0.15,0.15,0.1,0.15,0.1
5431,5431,Zabłocie,72,Dolnośląskie,0.15,0.15,0.1,0.15,0.1
5432,5432,Zabłocie,73,Kujawsko-pomorskie,0.15,0.15,0.1,0.15,0.1
5433,5433,Zabłocie,74,Łódzkie,0.15,0.15,0.1,0.15,0.1
5434,5434,Zabłudów,81,Podlaskie,0.15,0.15,0.1,0.15,0.1
5435,5435,Zachełmna,77,Małopolskie,0.15,0.15,0.1,0.15,0.1
5436,5436,Zacisze,86,Wielkopolskie,0.15,0.15,0.1,0.15,0.1
5437,5437,Zacisze,87,Zachodniopomorskie,0.15,0.15,0.1,0.15,0.1
5438,5438,Zacisze,84,Świętokrzyskie,0.15,0.15,0.1,0.15,0.1
5439,5439,Zacisze,75,Lubelskie,0.15,0.15,0.1,0.15,0.1
5440,5440,Zacisze,81,Podlaskie,0.15,0.15,0.1,0.15,0.1
5441,5441,Zacisze,76,Lubuskie,0.15,0.15,0.1,0.15,0.1
5442,5442,Zacisze,74,Łódzkie,0.15,0.15,0.1,0.15,0.1
5443,5443,Zacisze,73,Kujawsko-pomorskie,0.15,0.15,0.1,0.15,0.1
5444,5444,Zacisze,72,Dolnośląskie,0.15,0.15,0.1,0.15,0.1
5445,5445,Zadzim,74,Łódzkie,0.15,0.15,0.1,0.15,0.1
5446,5446,Zagnańsk,84,Świętokrzyskie,0.15,0.15,0.1,0.15,0.1
5447,5447,Zagorzyn,77,Małopolskie,0.15,0.15,0.1,0.15,0.1
5448,5448,Zagorzyn,86,Wielkopolskie,0.15,0.15,0.1,0.15,0.1
5449,5449,Zagrodno,72,Dolnośląskie,0.15,0.15,0.1,0.15,0.1
5450,5450,Zagórnik,77,Małopolskie,0.15,0.15,0.1,0.15,0.1
5451,5451,Zagórnik,75,Lubelskie,0.15,0.15,0.1,0.15,0.1
5452,5452,Zagórz,80,Podkarpackie,0.15,0.15,0.1,0.15,0.1
5453,5453,Zagórz,87,Zachodniopomorskie,0.15,0.15,0.1,0.15,0.1
5454,5454,Zagórze,87,Zachodniopomorskie,0.15,0.15,0.1,0.15,0.1
5455,5455,Zagórze,78,Mazowieckie,0.15,0.15,0.1,0.15,0.1
5456,5456,Zagórze,80,Podkarpackie,0.15,0.15,0.1,0.15,0.1
5457,5457,Zagórze,81,Podlaskie,0.15,0.15,0.1,0.15,0.1
5458,5458,Zagórze,83,Śląskie,0.15,0.15,0.1,0.15,0.1
5459,5459,Zagórze,84,Świętokrzyskie,0.15,0.15,0.1,0.15,0.1
5460,5460,Zagórze,77,Małopolskie,0.15,0.15,0.1,0.15,0.1
5461,5461,Zagórze,74,Łódzkie,0.15,0.15,0.1,0.15,0.1
5462,5462,Zagórze,75,Lubelskie,0.15,0.15,0.1,0.15,0.1
5463,5463,Zagórze,76,Lubuskie,0.15,0.15,0.1,0.15,0.1
5464,5464,Zagórzyce,87,Zachodniopomorskie,0.15,0.15,0.1,0.15,0.1
5465,5465,Zagórzyce,84,Świętokrzyskie,0.15,0.15,0.1,0.15,0.1
5466,5466,Zagórzyce,72,Dolnośląskie,0.15,0.15,0.1,0.15,0.1
5467,5467,Zagórzyce,74,Łódzkie,0.15,0.15,0.1,0.15,0.1
5468,5468,Zagórów,86,Wielkopolskie,0.15,0.15,0.1,0.15,0.1
5469,5469,Zakliczyn,77,Małopolskie,0.15,0.15,0.1,0.15,0.1
5470,5470,Zaklików,80,Podkarpackie,0.15,0.15,0.1,0.15,0.1
5471,5471,Zakopane,77,Małopolskie,0.15,0.15,0.1,0.15,0.1
5472,5472,Zakroczym,78,Mazowieckie,0.15,0.15,0.1,0.15,0.1
5473,5473,Zakrzew,78,Mazowieckie,0.15,0.15,0.1,0.15,0.1
5474,5474,Zakrzew,86,Wielkopolskie,0.15,0.15,0.1,0.15,0.1
5475,5475,Zakrzew,74,Łódzkie,0.15,0.15,0.1,0.15,0.1
5476,5476,Zakrzew,75,Lubelskie,0.15,0.15,0.1,0.15,0.1
5477,5477,Zakrzewo,73,Kujawsko-pomorskie,0.15,0.15,0.1,0.15,0.1
5478,5478,Zakrzewo,72,Dolnośląskie,0.15,0.15,0.1,0.15,0.1
5479,5479,Zakrzewo,87,Zachodniopomorskie,0.15,0.15,0.1,0.15,0.1
5480,5480,Zakrzewo,86,Wielkopolskie,0.15,0.15,0.1,0.15,0.1
5481,5481,Zakrzewo,85,Warmińsko-mazurskie,0.15,0.15,0.1,0.15,0.1
5482,5482,Zakrzewo,78,Mazowieckie,0.15,0.15,0.1,0.15,0.1
5483,5483,Zakrzewo,82,Pomorskie,0.15,0.15,0.1,0.15,0.1
5484,5484,Zakrzewo,81,Podlaskie,0.15,0.15,0.1,0.15,0.1
5485,5485,Zakrzów,72,Dolnośląskie,0.15,0.15,0.1,0.15,0.1
5486,5486,Zakrzów,77,Małopolskie,0.15,0.15,0.1,0.15,0.1
5487,5487,Zakrzów,74,Łódzkie,0.15,0.15,0.1,0.15,0.1
5488,5488,Zakrzów,75,Lubelskie,0.15,0.15,0.1,0.15,0.1
5489,5489,Zakrzów,84,Świętokrzyskie,0.15,0.15,0.1,0.15,0.1
5490,5490,Zakrzów,79,Opolskie,0.15,0.15,0.1,0.15,0.1
5491,5491,Zakrzówek,84,Świętokrzyskie,0.15,0.15,0.1,0.15,0.1
5492,5492,Zakrzówek,75,Lubelskie,0.15,0.15,0.1,0.15,0.1
5493,5493,Zakrzówek,78,Mazowieckie,0.15,0.15,0.1,0.15,0.1
5494,5494,Zalas,78,Mazowieckie,0.15,0.15,0.1,0.15,0.1
5495,5495,Zalas,77,Małopolskie,0.15,0.15,0.1,0.15,0.1
5496,5496,Zalesie,77,Małopolskie,0.15,0.15,0.1,0.15,0.1
5497,5497,Zalesie,78,Mazowieckie,0.15,0.15,0.1,0.15,0.1
5498,5498,Zalesie,75,Lubelskie,0.15,0.15,0.1,0.15,0.1
5499,5499,Zalesie,74,Łódzkie,0.15,0.15,0.1,0.15,0.1
5500,5500,Zalesie,73,Kujawsko-pomorskie,0.15,0.15,0.1,0.15,0.1
5501,5501,Zalesie,81,Podlaskie,0.15,0.15,0.1,0.15,0.1
5502,5502,Zalesie,85,Warmińsko-mazurskie,0.15,0.15,0.1,0.15,0.1
5503,5503,Zalesie,86,Wielkopolskie,0.15,0.15,0.1,0.15,0.1
5504,5504,Zalesie,87,Zachodniopomorskie,0.15,0.15,0.1,0.15,0.1
5505,5505,Zalesie,72,Dolnośląskie,0.15,0.15,0.1,0.15,0.1
5506,5506,Zalesie,79,Opolskie,0.15,0.15,0.1,0.15,0.1
5507,5507,Zalesie,80,Podkarpackie,0.15,0.15,0.1,0.15,0.1
5508,5508,Zalesie,82,Pomorskie,0.15,0.15,0.1,0.15,0.1
5509,5509,Zalesie,84,Świętokrzyskie,0.15,0.15,0.1,0.15,0.1
5510,5510,Zalesie Górne,78,Mazowieckie,0.15,0.15,0.1,0.15,0.1
5511,5511,Zaleszany,81,Podlaskie,0.15,0.15,0.1,0.15,0.1
5512,5512,Zaleszany,80,Podkarpackie,0.15,0.15,0.1,0.15,0.1
5513,5513,Zalewo,85,Warmińsko-mazurskie,0.15,0.15,0.1,0.15,0.1
5514,5514,Zamarski,83,Śląskie,0.15,0.15,0.1,0.15,0.1
5515,5515,Zambrów,81,Podlaskie,0.15,0.15,0.1,0.15,0.1
5516,5516,Zamch,75,Lubelskie,0.15,0.15,0.1,0.15,0.1
5517,5517,Zamość,78,Mazowieckie,0.15,0.15,0.1,0.15,0.1
5518,5518,Zamość,86,Wielkopolskie,0.15,0.15,0.1,0.15,0.1
5519,5519,Zamość,75,Lubelskie,0.15,0.15,0.1,0.15,0.1
5520,5520,Zamość,82,Pomorskie,0.15,0.15,0.1,0.15,0.1
5521,5521,Zamość,74,Łódzkie,0.15,0.15,0.1,0.15,0.1
5522,5522,Zamość,73,Kujawsko-pomorskie,0.15,0.15,0.1,0.15,0.1
5523,5523,Zaniemyśl,86,Wielkopolskie,0.15,0.15,0.1,0.15,0.1
5524,5524,Zapolice,74,Łódzkie,0.15,0.15,0.1,0.15,0.1
5525,5525,Zapolice,87,Zachodniopomorskie,0.15,0.15,0.1,0.15,0.1
5526,5526,Zarszyn,80,Podkarpackie,0.15,0.15,0.1,0.15,0.1
5527,5527,Zarzecze,83,Śląskie,0.15,0.15,0.1,0.15,0.1
5528,5528,Zarzecze,77,Małopolskie,0.15,0.15,0.1,0.15,0.1
5529,5529,Zarzecze,75,Lubelskie,0.15,0.15,0.1,0.15,0.1
5530,5530,Zarzecze,74,Łódzkie,0.15,0.15,0.1,0.15,0.1
5531,5531,Zarzecze,87,Zachodniopomorskie,0.15,0.15,0.1,0.15,0.1
5532,5532,Zarzecze,84,Świętokrzyskie,0.15,0.15,0.1,0.15,0.1
5533,5533,Zarzecze,80,Podkarpackie,0.15,0.15,0.1,0.15,0.1
5534,5534,Zarzecze,81,Podlaskie,0.15,0.15,0.1,0.15,0.1
5535,5535,Zarzyce Wielkie,77,Małopolskie,0.15,0.15,0.1,0.15,0.1
5536,5536,Zaręby Kościelne,78,Mazowieckie,0.15,0.15,0.1,0.15,0.1
5537,5537,Zasań,77,Małopolskie,0.15,0.15,0.1,0.15,0.1
5538,5538,Zator,78,Mazowieckie,0.15,0.15,0.1,0.15,0.1
5539,5539,Zator,77,Małopolskie,0.15,0.15,0.1,0.15,0.1
5540,5540,Zatory,78,Mazowieckie,0.15,0.15,0.1,0.15,0.1
5541,5541,Zawady,78,Mazowieckie,0.15,0.15,0.1,0.15,0.1
5542,5542,Zawady,81,Podlaskie,0.15,0.15,0.1,0.15,0.1
5543,5543,Zawady,86,Wielkopolskie,0.15,0.15,0.1,0.15,0.1
5544,5544,Zawady,85,Warmińsko-mazurskie,0.15,0.15,0.1,0.15,0.1
5545,5545,Zawady,74,Łódzkie,0.15,0.15,0.1,0.15,0.1
5546,5546,Zawady,75,Lubelskie,0.15,0.15,0.1,0.15,0.1
5547,5547,Zawadzkie,79,Opolskie,0.15,0.15,0.1,0.15,0.1
5548,5548,Zawichost,84,Świętokrzyskie,0.15,0.15,0.1,0.15,0.1
5549,5549,Zawidów,72,Dolnośląskie,0.15,0.15,0.1,0.15,0.1
5550,5550,Zawiercie,83,Śląskie,0.15,0.15,0.1,0.15,0.1
5551,5551,Zawoja,77,Małopolskie,0.15,0.15,0.1,0.15,0.1
5552,5552,Zawonia,72,Dolnośląskie,0.15,0.15,0.1,0.15,0.1
5553,5553,Zawonia,78,Mazowieckie,0.15,0.15,0.1,0.15,0.1
5554,5554,Załuczne,77,Małopolskie,0.15,0.15,0.1,0.15,0.1
5555,5555,Załuski,81,Podlaskie,0.15,0.15,0.1,0.15,0.1
5556,5556,Załuski,78,Mazowieckie,0.15,0.15,0.1,0.15,0.1
5557,5557,Załuski,85,Warmińsko-mazurskie,0.15,0.15,0.1,0.15,0.1
5558,5558,Zbiczno,73,Kujawsko-pomorskie,0.15,0.15,0.1,0.15,0.1
5559,5559,Zblewo,82,Pomorskie,0.15,0.15,0.1,0.15,0.1
5560,5560,Zbrosławice,83,Śląskie,0.15,0.15,0.1,0.15,0.1
5561,5561,Zbuczyn,78,Mazowieckie,0.15,0.15,0.1,0.15,0.1
5562,5562,Zbytków,83,Śląskie,0.15,0.15,0.1,0.15,0.1
5563,5563,Zbójna,81,Podlaskie,0.15,0.15,0.1,0.15,0.1
5564,5564,Zbójno,84,Świętokrzyskie,0.15,0.15,0.1,0.15,0.1
5565,5565,Zbójno,78,Mazowieckie,0.15,0.15,0.1,0.15,0.1
5566,5566,Zbójno,86,Wielkopolskie,0.15,0.15,0.1,0.15,0.1
5567,5567,Zbójno,73,Kujawsko-pomorskie,0.15,0.15,0.1,0.15,0.1
5568,5568,Zbójno,75,Lubelskie,0.15,0.15,0.1,0.15,0.1
5569,5569,Zbąszynek,76,Lubuskie,0.15,0.15,0.1,0.15,0.1
5570,5570,Zbąszyń,86,Wielkopolskie,0.15,0.15,0.1,0.15,0.1
5571,5571,Zduny,73,Kujawsko-pomorskie,0.15,0.15,0.1,0.15,0.1
5572,5572,Zduny,87,Zachodniopomorskie,0.15,0.15,0.1,0.15,0.1
5573,5573,Zduny,86,Wielkopolskie,0.15,0.15,0.1,0.15,0.1
5574,5574,Zduny,85,Warmińsko-mazurskie,0.15,0.15,0.1,0.15,0.1
5575,5575,Zduny,74,Łódzkie,0.15,0.15,0.1,0.15,0.1
5576,5576,Zduny,82,Pomorskie,0.15,0.15,0.1,0.15,0.1
5577,5577,Zduńska Wola,74,Łódzkie,0.15,0.15,0.1,0.15,0.1
5578,5578,Zdziechowice,79,Opolskie,0.15,0.15,0.1,0.15,0.1
5579,5579,Zdziechowice,86,Wielkopolskie,0.15,0.15,0.1,0.15,0.1
5580,5580,Zdziechowice Drugie,80,Podkarpackie,0.15,0.15,0.1,0.15,0.1
5581,5581,Zdziechowice Pierwsze,80,Podkarpackie,0.15,0.15,0.1,0.15,0.1
5582,5582,Zdzieszowice,79,Opolskie,0.15,0.15,0.1,0.15,0.1
5583,5583,Zdów,83,Śląskie,0.15,0.15,0.1,0.15,0.1
5584,5584,Zebrzydowice,77,Małopolskie,0.15,0.15,0.1,0.15,0.1
5585,5585,Zebrzydowice,83,Śląskie,0.15,0.15,0.1,0.15,0.1
5586,5586,Zelków,77,Małopolskie,0.15,0.15,0.1,0.15,0.1
5587,5587,Zelów,74,Łódzkie,0.15,0.15,0.1,0.15,0.1
5588,5588,Zembrzyce,77,Małopolskie,0.15,0.15,0.1,0.15,0.1
5589,5589,Zgierz,74,Łódzkie,0.15,0.15,0.1,0.15,0.1
5590,5590,Zgierz,82,Pomorskie,0.15,0.15,0.1,0.15,0.1
5591,5591,Zgorzelec,72,Dolnośląskie,0.15,0.15,0.1,0.15,0.1
5592,5592,Zgorzelec,86,Wielkopolskie,0.15,0.15,0.1,0.15,0.1
5593,5593,Zgłobień,80,Podkarpackie,0.15,0.15,0.1,0.15,0.1
5594,5594,Zielona Góra,76,Lubuskie,0.15,0.15,0.1,0.15,0.1
5595,5595,Zielona Góra,86,Wielkopolskie,0.15,0.15,0.1,0.15,0.1
5596,5596,Zielona Góra,82,Pomorskie,0.15,0.15,0.1,0.15,0.1
5597,5597,Zielona Góra,74,Łódzkie,0.15,0.15,0.1,0.15,0.1
5598,5598,Zielonka,80,Podkarpackie,0.15,0.15,0.1,0.15,0.1
5599,5599,Zielonka,84,Świętokrzyskie,0.15,0.15,0.1,0.15,0.1
5600,5600,Zielonka,85,Warmińsko-mazurskie,0.15,0.15,0.1,0.15,0.1
5601,5601,Zielonka,78,Mazowieckie,0.15,0.15,0.1,0.15,0.1
5602,5602,Zielonka,86,Wielkopolskie,0.15,0.15,0.1,0.15,0.1
5603,5603,Zielonka,87,Zachodniopomorskie,0.15,0.15,0.1,0.15,0.1
5604,5604,Zielonka,75,Lubelskie,0.15,0.15,0.1,0.15,0.1
5605,5605,Zielonka,74,Łódzkie,0.15,0.15,0.1,0.15,0.1
5606,5606,Zielonka,73,Kujawsko-pomorskie,0.15,0.15,0.1,0.15,0.1
5607,5607,Zielonka,72,Dolnośląskie,0.15,0.15,0.1,0.15,0.1
5608,5608,Zielonki,84,Świętokrzyskie,0.15,0.15,0.1,0.15,0.1
5609,5609,Zielonki,82,Pomorskie,0.15,0.15,0.1,0.15,0.1
5610,5610,Zielonki,78,Mazowieckie,0.15,0.15,0.1,0.15,0.1
5611,5611,Zielonki,77,Małopolskie,0.15,0.15,0.1,0.15,0.1
5612,5612,Zielonki-Wieś,78,Mazowieckie,0.15,0.15,0.1,0.15,0.1
5613,5613,Ziębice,72,Dolnośląskie,0.15,0.15,0.1,0.15,0.1
5614,5614,Zmiennica,80,Podkarpackie,0.15,0.15,0.1,0.15,0.1
5615,5615,Zręczyce,77,Małopolskie,0.15,0.15,0.1,0.15,0.1
5616,5616,Zubrzyca Dolna,77,Małopolskie,0.15,0.15,0.1,0.15,0.1
5617,5617,Zubrzyca Górna,77,Małopolskie,0.15,0.15,0.1,0.15,0.1
5618,5618,Zwardoń,83,Śląskie,0.15,0.15,0.1,0.15,0.1
5619,5619,Zwierzyniec,86,Wielkopolskie,0.15,0.15,0.1,0.15,0.1
5620,5620,Zwierzyniec,84,Świętokrzyskie,0.15,0.15,0.1,0.15,0.1
5621,5621,Zwierzyniec,81,Podlaskie,0.15,0.15,0.1,0.15,0.1
5622,5622,Zwierzyniec,79,Opolskie,0.15,0.15,0.1,0.15,0.1
5623,5623,Zwierzyniec,78,Mazowieckie,0.15,0.15,0.1,0.15,0.1
5624,5624,Zwierzyniec,76,Lubuskie,0.15,0.15,0.1,0.15,0.1
5625,5625,Zwierzyniec,75,Lubelskie,0.15,0.15,0.1,0.15,0.1
5626,5626,Zwierzyniec,74,Łódzkie,0.15,0.15,0.1,0.15,0.1
5627,5627,Zwierzyniec,73,Kujawsko-pomorskie,0.15,0.15,0.1,0.15,0.1
5628,5628,Zwierzyniec,72,Dolnośląskie,0.15,0.15,0.1,0.15,0.1
5629,5629,Zwierzyń,80,Podkarpackie,0.15,0.15,0.1,0.15,0.1
5630,5630,Zwoleń,78,Mazowieckie,0.15,0.15,0.1,0.15,0.1
5631,5631,Ząbki,74,Łódzkie,0.15,0.15,0.1,0.15,0.1
5632,5632,Ząbki,78,Mazowieckie,0.15,0.15,0.1,0.15,0.1
5633,5633,Ząbki,87,Zachodniopomorskie,0.15,0.15,0.1,0.15,0.1
5634,5634,Ząbkowice Śląskie,72,Dolnośląskie,0.15,0.15,0.1,0.15,0.1
5635,5635,Zębowice,79,Opolskie,0.15,0.15,0.1,0.15,0.1
5636,5636,Zębowice,72,Dolnośląskie,0.15,0.15,0.1,0.15,0.1
5637,5637,Zławieś Wielka,73,Kujawsko-pomorskie,0.15,0.15,0.1,0.15,0.1
5638,5638,Złocieniec,87,Zachodniopomorskie,0.15,0.15,0.1,0.15,0.1
5639,5639,Złoczew,74,Łódzkie,0.15,0.15,0.1,0.15,0.1
5640,5640,Złota,77,Małopolskie,0.15,0.15,0.1,0.15,0.1
5641,5641,Złota,78,Mazowieckie,0.15,0.15,0.1,0.15,0.1
5642,5642,Złota,84,Świętokrzyskie,0.15,0.15,0.1,0.15,0.1
5643,5643,Złota,86,Wielkopolskie,0.15,0.15,0.1,0.15,0.1
5644,5644,Złota,74,Łódzkie,0.15,0.15,0.1,0.15,0.1
5645,5645,Złotniki,74,Łódzkie,0.15,0.15,0.1,0.15,0.1
5646,5646,Złotniki,77,Małopolskie,0.15,0.15,0.1,0.15,0.1
5647,5647,Złotniki,79,Opolskie,0.15,0.15,0.1,0.15,0.1
5648,5648,Złotniki,80,Podkarpackie,0.15,0.15,0.1,0.15,0.1
5649,5649,Złotniki,86,Wielkopolskie,0.15,0.15,0.1,0.15,0.1
5650,5650,Złotniki,84,Świętokrzyskie,0.15,0.15,0.1,0.15,0.1
5651,5651,Złotniki,73,Kujawsko-pomorskie,0.15,0.15,0.1,0.15,0.1
5652,5652,Złotniki,81,Podlaskie,0.15,0.15,0.1,0.15,0.1
5653,5653,Złotniki,72,Dolnośląskie,0.15,0.15,0.1,0.15,0.1
5654,5654,Złotniki Kujawskie,73,Kujawsko-pomorskie,0.15,0.15,0.1,0.15,0.1
5655,5655,Złotoria,81,Podlaskie,0.15,0.15,0.1,0.15,0.1
5656,5656,Złotoria,73,Kujawsko-pomorskie,0.15,0.15,0.1,0.15,0.1
5657,5657,Złotoryja,72,Dolnośląskie,0.15,0.15,0.1,0.15,0.1
5658,5658,Złoty Stok,72,Dolnośląskie,0.15,0.15,0.1,0.15,0.1
5659,5659,Złotów,72,Dolnośląskie,0.15,0.15,0.1,0.15,0.1
5660,5660,Złotów,86,Wielkopolskie,0.15,0.15,0.1,0.15,0.1
5661,5661,Ćmielów,84,Świętokrzyskie,0.15,0.15,0.1,0.15,0.1
5662,5662,Łabiszyn,73,Kujawsko-pomorskie,0.15,0.15,0.1,0.15,0.1
5663,5663,Łabowa,77,Małopolskie,0.15,0.15,0.1,0.15,0.1
5664,5664,Łabunie,75,Lubelskie,0.15,0.15,0.1,0.15,0.1
5665,5665,Łagiewniki,87,Zachodniopomorskie,0.15,0.15,0.1,0.15,0.1
5666,5666,Łagiewniki,86,Wielkopolskie,0.15,0.15,0.1,0.15,0.1
5667,5667,Łagiewniki,84,Świętokrzyskie,0.15,0.15,0.1,0.15,0.1
5668,5668,Łagiewniki,78,Mazowieckie,0.15,0.15,0.1,0.15,0.1
5669,5669,Łagiewniki,74,Łódzkie,0.15,0.15,0.1,0.15,0.1
5670,5670,Łagiewniki,73,Kujawsko-pomorskie,0.15,0.15,0.1,0.15,0.1
5671,5671,Łagiewniki,72,Dolnośląskie,0.15,0.15,0.1,0.15,0.1
5672,5672,Łagiewniki,75,Lubelskie,0.15,0.15,0.1,0.15,0.1
5673,5673,Łagów,76,Lubuskie,0.15,0.15,0.1,0.15,0.1
5674,5674,Łagów,78,Mazowieckie,0.15,0.15,0.1,0.15,0.1
5675,5675,Łagów,84,Świętokrzyskie,0.15,0.15,0.1,0.15,0.1
5676,5676,Łagów,72,Dolnośląskie,0.15,0.15,0.1,0.15,0.1
5677,5677,Łagów,74,Łódzkie,0.15,0.15,0.1,0.15,0.1
5678,5678,Łajski,78,Mazowieckie,0.15,0.15,0.1,0.15,0.1
5679,5679,Łambinowice,79,Opolskie,0.15,0.15,0.1,0.15,0.1
5680,5680,Łanięta,74,Łódzkie,0.15,0.15,0.1,0.15,0.1
5681,5681,Łanięta,78,Mazowieckie,0.15,0.15,0.1,0.15,0.1
5682,5682,Łapalice,82,Pomorskie,0.15,0.15,0.1,0.15,0.1
5683,5683,Łapanów,77,Małopolskie,0.15,0.15,0.1,0.15,0.1
5684,5684,Łapczyca,77,Małopolskie,0.15,0.15,0.1,0.15,0.1
5685,5685,Łapsze Niżne,77,Małopolskie,0.15,0.15,0.1,0.15,0.1
5686,5686,Łapy,81,Podlaskie,0.15,0.15,0.1,0.15,0.1
5687,5687,Łasin,73,Kujawsko-pomorskie,0.15,0.15,0.1,0.15,0.1
5688,5688,Łask,74,Łódzkie,0.15,0.15,0.1,0.15,0.1
5689,5689,Łaskarzew,78,Mazowieckie,0.15,0.15,0.1,0.15,0.1
5690,5690,Łaszczów,75,Lubelskie,0.15,0.15,0.1,0.15,0.1
5691,5691,Łaziska,82,Pomorskie,0.15,0.15,0.1,0.15,0.1
5692,5692,Łaziska,83,Śląskie,0.15,0.15,0.1,0.15,0.1
5693,5693,Łaziska,79,Opolskie,0.15,0.15,0.1,0.15,0.1
5694,5694,Łaziska,78,Mazowieckie,0.15,0.15,0.1,0.15,0.1
5695,5695,Łaziska,75,Lubelskie,0.15,0.15,0.1,0.15,0.1
5696,5696,Łaziska,74,Łódzkie,0.15,0.15,0.1,0.15,0.1
5697,5697,Łaziska,73,Kujawsko-pomorskie,0.15,0.15,0.1,0.15,0.1
5698,5698,Łaziska,72,Dolnośląskie,0.15,0.15,0.1,0.15,0.1
5699,5699,Łaziska,86,Wielkopolskie,0.15,0.15,0.1,0.15,0.1
5700,5700,Łaziska,84,Świętokrzyskie,0.15,0.15,0.1,0.15,0.1
5701,5701,Łaziska Górne,83,Śląskie,0.15,0.15,0.1,0.15,0.1
5702,5702,Łazy,80,Podkarpackie,0.15,0.15,0.1,0.15,0.1
5703,5703,Łazy,78,Mazowieckie,0.15,0.15,0.1,0.15,0.1
5704,5704,Łazy,79,Opolskie,0.15,0.15,0.1,0.15,0.1
5705,5705,Łazy,87,Zachodniopomorskie,0.15,0.15,0.1,0.15,0.1
5706,5706,Łazy,83,Śląskie,0.15,0.15,0.1,0.15,0.1
5707,5707,Łazy,86,Wielkopolskie,0.15,0.15,0.1,0.15,0.1
5708,5708,Łazy,81,Podlaskie,0.15,0.15,0.1,0.15,0.1
5709,5709,Łazy,72,Dolnośląskie,0.15,0.15,0.1,0.15,0.1
5710,5710,Łazy,73,Kujawsko-pomorskie,0.15,0.15,0.1,0.15,0.1
5711,5711,Łazy,74,Łódzkie,0.15,0.15,0.1,0.15,0.1
5712,5712,Łazy,75,Lubelskie,0.15,0.15,0.1,0.15,0.1
5713,5713,Łazy,76,Lubuskie,0.15,0.15,0.1,0.15,0.1
5714,5714,Łazy,77,Małopolskie,0.15,0.15,0.1,0.15,0.1
5715,5715,Łańcut,80,Podkarpackie,0.15,0.15,0.1,0.15,0.1
5716,5716,Łeba,82,Pomorskie,0.15,0.15,0.1,0.15,0.1
5717,5717,Łobez,86,Wielkopolskie,0.15,0.15,0.1,0.15,0.1
5718,5718,Łobez,87,Zachodniopomorskie,0.15,0.15,0.1,0.15,0.1
5719,5719,Łobodno,83,Śląskie,0.15,0.15,0.1,0.15,0.1
5720,5720,Łobżenica,86,Wielkopolskie,0.15,0.15,0.1,0.15,0.1
5721,5721,Łochów,78,Mazowieckie,0.15,0.15,0.1,0.15,0.1
5722,5722,Łochów,74,Łódzkie,0.15,0.15,0.1,0.15,0.1
5723,5723,Łodygowice,83,Śląskie,0.15,0.15,0.1,0.15,0.1
5724,5724,Łomazy,75,Lubelskie,0.15,0.15,0.1,0.15,0.1
5725,5725,Łomianki,78,Mazowieckie,0.15,0.15,0.1,0.15,0.1
5726,5726,Łomna,77,Małopolskie,0.15,0.15,0.1,0.15,0.1
5727,5727,Łomna,78,Mazowieckie,0.15,0.15,0.1,0.15,0.1
5728,5728,Łomna,80,Podkarpackie,0.15,0.15,0.1,0.15,0.1
5729,5729,Łomża,81,Podlaskie,0.15,0.15,0.1,0.15,0.1
5730,5730,Łoniowa,77,Małopolskie,0.15,0.15,0.1,0.15,0.1
5731,5731,Łoniów,84,Świętokrzyskie,0.15,0.15,0.1,0.15,0.1
5732,5732,Łopiennik Górny,75,Lubelskie,0.15,0.15,0.1,0.15,0.1
5733,5733,Łopuszka Wielka,80,Podkarpackie,0.15,0.15,0.1,0.15,0.1
5734,5734,Łopuszna,77,Małopolskie,0.15,0.15,0.1,0.15,0.1
5735,5735,Łopuszno,84,Świętokrzyskie,0.15,0.15,0.1,0.15,0.1
5736,5736,Łosice,72,Dolnośląskie,0.15,0.15,0.1,0.15,0.1
5737,5737,Łosice,78,Mazowieckie,0.15,0.15,0.1,0.15,0.1
5738,5738,Łosiów,79,Opolskie,0.15,0.15,0.1,0.15,0.1
5739,5739,Łososina Dolna,77,Małopolskie,0.15,0.15,0.1,0.15,0.1
5740,5740,Łowicz,74,Łódzkie,0.15,0.15,0.1,0.15,0.1
5741,5741,Łowyń,86,Wielkopolskie,0.15,0.15,0.1,0.15,0.1
5742,5742,Łubianka,73,Kujawsko-pomorskie,0.15,0.15,0.1,0.15,0.1
5743,5743,Łubianka,81,Podlaskie,0.15,0.15,0.1,0.15,0.1
5744,5744,Łubianka,82,Pomorskie,0.15,0.15,0.1,0.15,0.1
5745,5745,Łubianka,86,Wielkopolskie,0.15,0.15,0.1,0.15,0.1
5746,5746,Łubianka,87,Zachodniopomorskie,0.15,0.15,0.1,0.15,0.1
5747,5747,Łubniany,79,Opolskie,0.15,0.15,0.1,0.15,0.1
5748,5748,Łubnice,74,Łódzkie,0.15,0.15,0.1,0.15,0.1
5749,5749,Łubnice,84,Świętokrzyskie,0.15,0.15,0.1,0.15,0.1
5750,5750,Łubowo,87,Zachodniopomorskie,0.15,0.15,0.1,0.15,0.1
5751,5751,Łubowo,86,Wielkopolskie,0.15,0.15,0.1,0.15,0.1
5752,5752,Łukowa,77,Małopolskie,0.15,0.15,0.1,0.15,0.1
5753,5753,Łukowa,84,Świętokrzyskie,0.15,0.15,0.1,0.15,0.1
5754,5754,Łukowa,80,Podkarpackie,0.15,0.15,0.1,0.15,0.1
5755,5755,Łukowa,75,Lubelskie,0.15,0.15,0.1,0.15,0.1
5756,5756,Łukowe,80,Podkarpackie,0.15,0.15,0.1,0.15,0.1
5757,5757,Łukowica,77,Małopolskie,0.15,0.15,0.1,0.15,0.1
5758,5758,Łukta,85,Warmińsko-mazurskie,0.15,0.15,0.1,0.15,0.1
5759,5759,Łuków,75,Lubelskie,0.15,0.15,0.1,0.15,0.1
5760,5760,Łuków,76,Lubuskie,0.15,0.15,0.1,0.15,0.1
5761,5761,Łupawa,82,Pomorskie,0.15,0.15,0.1,0.15,0.1
5762,5762,Łupowo,76,Lubuskie,0.15,0.15,0.1,0.15,0.1
5763,5763,Łupowo,85,Warmińsko-mazurskie,0.15,0.15,0.1,0.15,0.1
5764,5764,Łużna,77,Małopolskie,0.15,0.15,0.1,0.15,0.1
5765,5765,Łyse,78,Mazowieckie,0.15,0.15,0.1,0.15,0.1
5766,5766,Łyse,81,Podlaskie,0.15,0.15,0.1,0.15,0.1
5767,5767,Łysomice,82,Pomorskie,0.15,0.15,0.1,0.15,0.1
5768,5768,Łysomice,73,Kujawsko-pomorskie,0.15,0.15,0.1,0.15,0.1
5769,5769,Łyszkowice,74,Łódzkie,0.15,0.15,0.1,0.15,0.1
5770,5770,Łyszkowice,77,Małopolskie,0.15,0.15,0.1,0.15,0.1
5771,5771,Łódź,74,Łódzkie,0.15,0.15,0.1,0.15,0.1
5772,5772,Łódź,86,Wielkopolskie,0.15,0.15,0.1,0.15,0.1
5773,5773,Łąck,78,Mazowieckie,0.15,0.15,0.1,0.15,0.1
5774,5774,Łącko,85,Warmińsko-mazurskie,0.15,0.15,0.1,0.15,0.1
5775,5775,Łącko,87,Zachodniopomorskie,0.15,0.15,0.1,0.15,0.1
5776,5776,Łącko,77,Małopolskie,0.15,0.15,0.1,0.15,0.1
5777,5777,Łączany,77,Małopolskie,0.15,0.15,0.1,0.15,0.1
5778,5778,Łączany,78,Mazowieckie,0.15,0.15,0.1,0.15,0.1
5779,5779,Łączany,79,Opolskie,0.15,0.15,0.1,0.15,0.1
5780,5780,Łączna,72,Dolnośląskie,0.15,0.15,0.1,0.15,0.1
5781,5781,Łączna,84,Świętokrzyskie,0.15,0.15,0.1,0.15,0.1
5782,5782,Łączna,85,Warmińsko-mazurskie,0.15,0.15,0.1,0.15,0.1
5783,5783,Łąka Prudnicka,79,Opolskie,0.15,0.15,0.1,0.15,0.1
5784,5784,Łęczna,75,Lubelskie,0.15,0.15,0.1,0.15,0.1
5785,5785,Łęczna,87,Zachodniopomorskie,0.15,0.15,0.1,0.15,0.1
5786,5786,Łęczyca,74,Łódzkie,0.15,0.15,0.1,0.15,0.1
5787,5787,Łęczyca,75,Lubelskie,0.15,0.15,0.1,0.15,0.1
5788,5788,Łęczyca,87,Zachodniopomorskie,0.15,0.15,0.1,0.15,0.1
5789,5789,Łęczyca,86,Wielkopolskie,0.15,0.15,0.1,0.15,0.1
5790,5790,Łęczyca,72,Dolnośląskie,0.15,0.15,0.1,0.15,0.1
5791,5791,Łęczyce,82,Pomorskie,0.15,0.15,0.1,0.15,0.1
5792,5792,Łęczyce,86,Wielkopolskie,0.15,0.15,0.1,0.15,0.1
5793,5793,Łęgowo,86,Wielkopolskie,0.15,0.15,0.1,0.15,0.1
5794,5794,Łęgowo,85,Warmińsko-mazurskie,0.15,0.15,0.1,0.15,0.1
5795,5795,Łęgowo,76,Lubuskie,0.15,0.15,0.1,0.15,0.1
5796,5796,Łęgowo,82,Pomorskie,0.15,0.15,0.1,0.15,0.1
5797,5797,Łęka Opatowska,86,Wielkopolskie,0.15,0.15,0.1,0.15,0.1
5798,5798,Łękawica,78,Mazowieckie,0.15,0.15,0.1,0.15,0.1
5799,5799,Łękawica,83,Śląskie,0.15,0.15,0.1,0.15,0.1
5800,5800,Łękawica,77,Małopolskie,0.15,0.15,0.1,0.15,0.1
5801,5801,Łęki,77,Małopolskie,0.15,0.15,0.1,0.15,0.1
5802,5802,Łęki,78,Mazowieckie,0.15,0.15,0.1,0.15,0.1
5803,5803,Łęki,74,Łódzkie,0.15,0.15,0.1,0.15,0.1
5804,5804,Łęki Dolne,80,Podkarpackie,0.15,0.15,0.1,0.15,0.1
5805,5805,Łęki Górne,80,Podkarpackie,0.15,0.15,0.1,0.15,0.1
5806,5806,Łęki Górne,74,Łódzkie,0.15,0.15,0.1,0.15,0.1
5807,5807,Łęki Szlacheckie,74,Łódzkie,0.15,0.15,0.1,0.15,0.1
5808,5808,Łękińsko,74,Łódzkie,0.15,0.15,0.1,0.15,0.1
5809,5809,Łęknica,76,Lubuskie,0.15,0.15,0.1,0.15,0.1
5810,5810,Łęknica,85,Warmińsko-mazurskie,0.15,0.15,0.1,0.15,0.1
5811,5811,Łętownia,80,Podkarpackie,0.15,0.15,0.1,0.15,0.1
5812,5812,Łętownia,77,Małopolskie,0.15,0.15,0.1,0.15,0.1
5813,5813,Ściejowice,77,Małopolskie,0.15,0.15,0.1,0.15,0.1
5814,5814,Ścinawa,72,Dolnośląskie,0.15,0.15,0.1,0.15,0.1
5815,5815,Śledziejowice,77,Małopolskie,0.15,0.15,0.1,0.15,0.1
5816,5816,Ślemień,83,Śląskie,0.15,0.15,0.1,0.15,0.1
5817,5817,Ślesin,73,Kujawsko-pomorskie,0.15,0.15,0.1,0.15,0.1
5818,5818,Ślesin,86,Wielkopolskie,0.15,0.15,0.1,0.15,0.1
5819,5819,Śliwice,79,Opolskie,0.15,0.15,0.1,0.15,0.1
5820,5820,Śliwice,73,Kujawsko-pomorskie,0.15,0.15,0.1,0.15,0.1
5821,5821,Śliwice,72,Dolnośląskie,0.15,0.15,0.1,0.15,0.1
5822,5822,Śliwnica,80,Podkarpackie,0.15,0.15,0.1,0.15,0.1
5823,5823,Śmigiel,86,Wielkopolskie,0.15,0.15,0.1,0.15,0.1
5824,5824,Śmiłowo,86,Wielkopolskie,0.15,0.15,0.1,0.15,0.1
5825,5825,Śmiłowo,78,Mazowieckie,0.15,0.15,0.1,0.15,0.1
5826,5826,Śniadowo,78,Mazowieckie,0.15,0.15,0.1,0.15,0.1
5827,5827,Śniadowo,81,Podlaskie,0.15,0.15,0.1,0.15,0.1
5828,5828,Śniadowo,85,Warmińsko-mazurskie,0.15,0.15,0.1,0.15,0.1
5829,5829,Śrem,86,Wielkopolskie,0.15,0.15,0.1,0.15,0.1
5830,5830,Śrem,72,Dolnośląskie,0.15,0.15,0.1,0.15,0.1
5831,5831,Środa Wielkopolska,86,Wielkopolskie,0.15,0.15,0.1,0.15,0.1
5832,5832,Środa Śląska,72,Dolnośląskie,0.15,0.15,0.1,0.15,0.1
5833,5833,Świdnica,80,Podkarpackie,0.15,0.15,0.1,0.15,0.1
5834,5834,Świdnica,76,Lubuskie,0.15,0.15,0.1,0.15,0.1
5835,5835,Świdnica,72,Dolnośląskie,0.15,0.15,0.1,0.15,0.1
5836,5836,Świdnik,77,Małopolskie,0.15,0.15,0.1,0.15,0.1
5837,5837,Świdnik,72,Dolnośląskie,0.15,0.15,0.1,0.15,0.1
5838,5838,Świdnik,75,Lubelskie,0.15,0.15,0.1,0.15,0.1
5839,5839,Świdwin,87,Zachodniopomorskie,0.15,0.15,0.1,0.15,0.1
5840,5840,Świebodna,80,Podkarpackie,0.15,0.15,0.1,0.15,0.1
5841,5841,Świebodzice,72,Dolnośląskie,0.15,0.15,0.1,0.15,0.1
5842,5842,Świebodzin,77,Małopolskie,0.15,0.15,0.1,0.15,0.1
5843,5843,Świebodzin,76,Lubuskie,0.15,0.15,0.1,0.15,0.1
5844,5844,Świecie,73,Kujawsko-pomorskie,0.15,0.15,0.1,0.15,0.1
5845,5845,Świecie,72,Dolnośląskie,0.15,0.15,0.1,0.15,0.1
5846,5846,Świedziebnia,73,Kujawsko-pomorskie,0.15,0.15,0.1,0.15,0.1
5847,5847,Świekatowo,73,Kujawsko-pomorskie,0.15,0.15,0.1,0.15,0.1
5848,5848,Świeradów-Zdrój,72,Dolnośląskie,0.15,0.15,0.1,0.15,0.1
5849,5849,Świercze,75,Lubelskie,0.15,0.15,0.1,0.15,0.1
5850,5850,Świercze,78,Mazowieckie,0.15,0.15,0.1,0.15,0.1
5851,5851,Świerczów,72,Dolnośląskie,0.15,0.15,0.1,0.15,0.1
5852,5852,Świerczów,74,Łódzkie,0.15,0.15,0.1,0.15,0.1
5853,5853,Świerczów,79,Opolskie,0.15,0.15,0.1,0.15,0.1
5854,5854,Świerczów,80,Podkarpackie,0.15,0.15,0.1,0.15,0.1
5855,5855,Świerczów,84,Świętokrzyskie,0.15,0.15,0.1,0.15,0.1
5856,5856,Świerklaniec,83,Śląskie,0.15,0.15,0.1,0.15,0.1
5857,5857,Świerzawa,72,Dolnośląskie,0.15,0.15,0.1,0.15,0.1
5858,5858,Świerzno,82,Pomorskie,0.15,0.15,0.1,0.15,0.1
5859,5859,Świerzno,87,Zachodniopomorskie,0.15,0.15,0.1,0.15,0.1
5860,5860,Świerże,75,Lubelskie,0.15,0.15,0.1,0.15,0.1
5861,5861,Świerże,78,Mazowieckie,0.15,0.15,0.1,0.15,0.1
5862,5862,Świlcza,80,Podkarpackie,0.15,0.15,0.1,0.15,0.1
5863,5863,Świniary Stare,84,Świętokrzyskie,0.15,0.15,0.1,0.15,0.1
5864,5864,Świnice Warckie,74,Łódzkie,0.15,0.15,0.1,0.15,0.1
5865,5865,Świnna,83,Śląskie,0.15,0.15,0.1,0.15,0.1
5866,5866,Świnna,86,Wielkopolskie,0.15,0.15,0.1,0.15,0.1
5867,5867,Świnna Poręba,77,Małopolskie,0.15,0.15,0.1,0.15,0.1
5868,5868,Świnoujście,87,Zachodniopomorskie,0.15,0.15,0.1,0.15,0.1
5869,5869,Świątki,74,Łódzkie,0.15,0.15,0.1,0.15,0.1
5870,5870,Świątki,85,Warmińsko-mazurskie,0.15,0.15,0.1,0.15,0.1
5871,5871,Świątki,87,Zachodniopomorskie,0.15,0.15,0.1,0.15,0.1
5872,5872,Świątniki Górne,77,Małopolskie,0.15,0.15,0.1,0.15,0.1
5873,5873,Święciechowa,86,Wielkopolskie,0.15,0.15,0.1,0.15,0.1
5874,5874,Święta Katarzyna,84,Świętokrzyskie,0.15,0.15,0.1,0.15,0.1
5875,5875,Święta Katarzyna,72,Dolnośląskie,0.15,0.15,0.1,0.15,0.1
5876,5876,Świętajno,85,Warmińsko-mazurskie,0.15,0.15,0.1,0.15,0.1
5877,5877,Świętochłowice,83,Śląskie,0.15,0.15,0.1,0.15,0.1
5878,5878,Żabia Wola,75,Lubelskie,0.15,0.15,0.1,0.15,0.1
5879,5879,Żabia Wola,78,Mazowieckie,0.15,0.15,0.1,0.15,0.1
5880,5880,Żabieniec,73,Kujawsko-pomorskie,0.15,0.15,0.1,0.15,0.1
5881,5881,Żabieniec,78,Mazowieckie,0.15,0.15,0.1,0.15,0.1
5882,5882,Żabieniec,85,Warmińsko-mazurskie,0.15,0.15,0.1,0.15,0.1
5883,5883,Żabnica,87,Zachodniopomorskie,0.15,0.15,0.1,0.15,0.1
5884,5884,Żabnica,83,Śląskie,0.15,0.15,0.1,0.15,0.1
5885,5885,Żabno,73,Kujawsko-pomorskie,0.15,0.15,0.1,0.15,0.1
5886,5886,Żabno,82,Pomorskie,0.15,0.15,0.1,0.15,0.1
5887,5887,Żabno,80,Podkarpackie,0.15,0.15,0.1,0.15,0.1
5888,5888,Żabno,77,Małopolskie,0.15,0.15,0.1,0.15,0.1
5889,5889,Żabno,76,Lubuskie,0.15,0.15,0.1,0.15,0.1
5890,5890,Żabno,75,Lubelskie,0.15,0.15,0.1,0.15,0.1
5891,5891,Żabno,87,Zachodniopomorskie,0.15,0.15,0.1,0.15,0.1
5892,5892,Żabno,86,Wielkopolskie,0.15,0.15,0.1,0.15,0.1
5893,5893,Żagań,76,Lubuskie,0.15,0.15,0.1,0.15,0.1
5894,5894,Żarki,72,Dolnośląskie,0.15,0.15,0.1,0.15,0.1
5895,5895,Żarki,74,Łódzkie,0.15,0.15,0.1,0.15,0.1
5896,5896,Żarki,77,Małopolskie,0.15,0.15,0.1,0.15,0.1
5897,5897,Żarki,83,Śląskie,0.15,0.15,0.1,0.15,0.1
5898,5898,Żarki Wielkie,76,Lubuskie,0.15,0.15,0.1,0.15,0.1
5899,5899,Żarki-Letnisko,83,Śląskie,0.15,0.15,0.1,0.15,0.1
5900,5900,Żarnowiec,80,Podkarpackie,0.15,0.15,0.1,0.15,0.1
5901,5901,Żarnowiec,82,Pomorskie,0.15,0.15,0.1,0.15,0.1
5902,5902,Żarnowiec,83,Śląskie,0.15,0.15,0.1,0.15,0.1
5903,5903,Żarnowiec,86,Wielkopolskie,0.15,0.15,0.1,0.15,0.1
5904,5904,Żarnów,74,Łódzkie,0.15,0.15,0.1,0.15,0.1
5905,5905,Żary,74,Łódzkie,0.15,0.15,0.1,0.15,0.1
5906,5906,Żary,75,Lubelskie,0.15,0.15,0.1,0.15,0.1
5907,5907,Żary,76,Lubuskie,0.15,0.15,0.1,0.15,0.1
5908,5908,Żary,77,Małopolskie,0.15,0.15,0.1,0.15,0.1
5909,5909,Żarów,72,Dolnośląskie,0.15,0.15,0.1,0.15,0.1
5910,5910,Żarów,79,Opolskie,0.15,0.15,0.1,0.15,0.1
5911,5911,Żegocina,77,Małopolskie,0.15,0.15,0.1,0.15,0.1
5912,5912,Żelazków,86,Wielkopolskie,0.15,0.15,0.1,0.15,0.1
5913,5913,Żelechlinek,74,Łódzkie,0.15,0.15,0.1,0.15,0.1
5914,5914,Żelechów,76,Lubuskie,0.15,0.15,0.1,0.15,0.1
5915,5915,Żelechów,78,Mazowieckie,0.15,0.15,0.1,0.15,0.1
5916,5916,Żelistrzewo,82,Pomorskie,0.15,0.15,0.1,0.15,0.1
5917,5917,Żerków,72,Dolnośląskie,0.15,0.15,0.1,0.15,0.1
5918,5918,Żerków,77,Małopolskie,0.15,0.15,0.1,0.15,0.1
5919,5919,Żerków,86,Wielkopolskie,0.15,0.15,0.1,0.15,0.1
5920,5920,Żernica,83,Śląskie,0.15,0.15,0.1,0.15,0.1
5921,5921,Żerniki Wrocławskie,72,Dolnośląskie,0.15,0.15,0.1,0.15,0.1
5922,5922,Żmigród,72,Dolnośląskie,0.15,0.15,0.1,0.15,0.1
5923,5923,Żmudź,75,Lubelskie,0.15,0.15,0.1,0.15,0.1
5924,5924,Żnin,73,Kujawsko-pomorskie,0.15,0.15,0.1,0.15,0.1
5925,5925,Żory,83,Śląskie,0.15,0.15,0.1,0.15,0.1
5926,5926,Żołynia,80,Podkarpackie,0.15,0.15,0.1,0.15,0.1
5927,5927,Żukowice,72,Dolnośląskie,0.15,0.15,0.1,0.15,0.1
5928,5928,Żukowice,84,Świętokrzyskie,0.15,0.15,0.1,0.15,0.1
5929,5929,Żukowo,86,Wielkopolskie,0.15,0.15,0.1,0.15,0.1
5930,5930,Żukowo,87,Zachodniopomorskie,0.15,0.15,0.1,0.15,0.1
5931,5931,Żukowo,82,Pomorskie,0.15,0.15,0.1,0.15,0.1
5932,5932,Żukowo,78,Mazowieckie,0.15,0.15,0.1,0.15,0.1
5933,5933,Żurawica,80,Podkarpackie,0.15,0.15,0.1,0.15,0.1
5934,5934,Żurawica,84,Świętokrzyskie,0.15,0.15,0.1,0.15,0.1
5935,5935,Żurawiczki,80,Podkarpackie,0.15,0.15,0.1,0.15,0.1
5936,5936,Żuromin,78,Mazowieckie,0.15,0.15,0.1,0.15,0.1
5937,5937,Żurowa,77,Małopolskie,0.15,0.15,0.1,0.15,0.1
5938,5938,Żychlin,86,Wielkopolskie,0.15,0.15,0.1,0.15,0.1
5939,5939,Żychlin,82,Pomorskie,0.15,0.15,0.1,0.15,0.1
5940,5940,Żychlin,74,Łódzkie,0.15,0.15,0.1,0.15,0.1
5941,5941,Żychlin,72,Dolnośląskie,0.15,0.15,0.1,0.15,0.1
5942,5942,Żyraków,80,Podkarpackie,0.15,0.15,0.1,0.15,0.1
5943,5943,Żyrardów,78,Mazowieckie,0.15,0.15,0.1,0.15,0.1
5944,5944,Żyrzyn,75,Lubelskie,0.15,0.15,0.1,0.15,0.1
5945,5945,Żytno,74,Łódzkie,0.15,0.15,0.1,0.15,0.1
5946,5946,Żywiec,83,Śląskie,0.15,0.15,0.1,0.15,0.1
5947,5947,Żórawina,72,Dolnośląskie,0.15,0.15,0.1,0.15,0.1
5948,5948,Żółkiewka,72,Dolnośląskie,0.15,0.15,0.1,0.15,0.1
5949,5949,Żółtnica,87,Zachodniopomorskie,0.15,0.15,0.1,0.15,0.1
