FIPS_CODE,COUNTY_CODE,COUNTY,ST,STATE,FOOD_INSECURITY,SEVERE_HOUSING_COST_BURDEN,UNEMPLOYED,NO_VEHICLE_ACCESS,UNINSURED
0,0,Aach,RP,Rheinland-pfalz,0.15,0.15,0.1,0.15,0.1
1,1,Aach,BW,Baden-württemberg,0.15,0.15,0.1,0.15,0.1
2,2,Aachen,NW,Nordrhein-westfalen,0.15,0.15,0.1,0.15,0.1
3,3,Aalen,BW,Baden-württemberg,0.15,0.15,0.1,0.15,0.1
4,4,Aasbüttel,SH,Schleswig-holstein,0.15,0.15,0.1,0.15,0.1
5,5,Abbenrode,ST,Sachsen-anhalt,0.15,0.15,0.1,0.15,0.1
6,6,Abenberg,BY,Bayern,0.15,0.15,0.1,0.15,0.1
7,7,Abensberg,BY,Bayern,0.15,0.15,0.1,0.15,0.1
8,8,Abentheuer,RP,Rheinland-pfalz,0.15,0.15,0.1,0.15,0.1
9,9,Absberg,BY,Bayern,0.15,0.15,0.1,0.15,0.1
10,10,Abstatt,BW,Baden-württemberg,0.15,0.15,0.1,0.15,0.1
11,11,Abtsbessingen,TH,Thüringen,0.15,0.15,0.1,0.15,0.1
12,12,Abtsdorf,ST,Sachsen-anhalt,0.15,0.15,0.1,0.15,0.1
13,13,Abtsgmünd,BW,Baden-württemberg,0.15,0.15,0.1,0.15,0.1
14,14,Abtswind,BY,Bayern,0.15,0.15,0.1,0.15,0.1
15,15,Abtweiler,RP,Rheinland-pfalz,0.15,0.15,0.1,0.15,0.1
16,16,Achern,BW,Baden-württemberg,0.15,0.15,0.1,0.15,0.1
17,17,Achim,NI,Niedersachsen,0.15,0.15,0.1,0.15,0.1
18,18,Achslach,BY,Bayern,0.15,0.15,0.1,0.15,0.1
19,19,Achstetten,BW,Baden-württemberg,0.15,0.15,0.1,0.15,0.1
20,20,Acht,RP,Rheinland-pfalz,0.15,0.15,0.1,0.15,0.1
21,21,Achtelsbach,RP,Rheinland-pfalz,0.15,0.15,0.1,0.15,0.1
22,22,Achterwehr,SH,Schleswig-holstein,0.15,0.15,0.1,0.15,0.1
23,23,Achtrup,SH,Schleswig-holstein,0.15,0.15,0.1,0.15,0.1
24,24,Adelberg,BW,Baden-württemberg,0.15,0.15,0.1,0.15,0.1
25,25,Adelebsen,NI,Niedersachsen,0.15,0.15,0.1,0.15,0.1
26,26,Adelheidsdorf,NI,Niedersachsen,0.15,0.15,0.1,0.15,0.1
27,27,Adelmannsfelden,BW,Baden-württemberg,0.15,0.15,0.1,0.15,0.1
28,28,Adelschlag,BY,Bayern,0.15,0.15,0.1,0.15,0.1
29,29,Adelsdorf,BY,Bayern,0.15,0.15,0.1,0.15,0.1
30,30,Adelsheim,BW,Baden-württemberg,0.15,0.15,0.1,0.15,0.1
31,31,Adelshofen,BY,Bayern,0.15,0.15,0.1,0.15,0.1
32,32,Adelsried,BY,Bayern,0.15,0.15,0.1,0.15,0.1
33,33,Adelzhausen,BY,Bayern,0.15,0.15,0.1,0.15,0.1
34,34,Adenau,RP,Rheinland-pfalz,0.15,0.15,0.1,0.15,0.1
35,35,Adenbach,RP,Rheinland-pfalz,0.15,0.15,0.1,0.15,0.1
36,36,Adenbüttel,NI,Niedersachsen,0.15,0.15,0.1,0.15,0.1
37,37,Adendorf,NI,Niedersachsen,0.15,0.15,0.1,0.15,0.1
38,38,Adenstedt,NI,Niedersachsen,0.15,0.15,0.1,0.15,0.1
39,39,Adlkofen,BY,Bayern,0.15,0.15,0.1,0.15,0.1
40,40,Admannshagen-Bargeshagen,MV,Mecklenburg-vorpommern,0.15,0.15,0.1,0.15,0.1
41,41,Adorf,SN,Sachsen,0.15,0.15,0.1,0.15,0.1
42,42,Aebtissinwisch,SH,Schleswig-holstein,0.15,0.15,0.1,0.15,0.1
43,43,Aerzen,NI,Niedersachsen,0.15,0.15,0.1,0.15,0.1
44,44,Affalterbach,BW,Baden-württemberg,0.15,0.15,0.1,0.15,0.1
45,45,Affing,BY,Bayern,0.15,0.15,0.1,0.15,0.1
46,46,Affinghausen,NI,Niedersachsen,0.15,0.15,0.1,0.15,0.1
47,47,Affler,RP,Rheinland-pfalz,0.15,0.15,0.1,0.15,0.1
48,48,Agathenburg,NI,Niedersachsen,0.15,0.15,0.1,0.15,0.1
49,49,Agethorst,SH,Schleswig-holstein,0.15,0.15,0.1,0.15,0.1
50,50,Aglasterhausen,BW,Baden-württemberg,0.15,0.15,0.1,0.15,0.1
51,51,Aham,BY,Bayern,0.15,0.15,0.1,0.15,0.1
52,52,Ahaus,NW,Nordrhein-westfalen,0.15,0.15,0.1,0.15,0.1
53,53,Ahausen,NI,Niedersachsen,0.15,0.15,0.1,0.15,0.1
54,54,Ahlbeck,MV,Mecklenburg-vorpommern,0.15,0.15,0.1,0.15,0.1
55,55,Ahlden,NI,Niedersachsen,0.15,0.15,0.1,0.15,0.1
56,56,Ahlen,NW,Nordrhein-westfalen,0.15,0.15,0.1,0.15,0.1
57,57,Ahlerstedt,NI,Niedersachsen,0.15,0.15,0.1,0.15,0.1
58,58,Ahlsdorf,ST,Sachsen-anhalt,0.15,0.15,0.1,0.15,0.1
59,59,Ahlstädt,TH,Thüringen,0.15,0.15,0.1,0.15,0.1
60,60,Ahneby,SH,Schleswig-holstein,0.15,0.15,0.1,0.15,0.1
61,61,Ahnsbeck,NI,Niedersachsen,0.15,0.15,0.1,0.15,0.1
62,62,Ahnsen,NI,Niedersachsen,0.15,0.15,0.1,0.15,0.1
63,63,Aholfing,BY,Bayern,0.15,0.15,0.1,0.15,0.1
64,64,Aholming,BY,Bayern,0.15,0.15,0.1,0.15,0.1
65,65,Ahorn,BY,Bayern,0.15,0.15,0.1,0.15,0.1
66,66,Ahrbrück,RP,Rheinland-pfalz,0.15,0.15,0.1,0.15,0.1
67,67,Ahrensburg,SH,Schleswig-holstein,0.15,0.15,0.1,0.15,0.1
68,68,Ahrensbök,SH,Schleswig-holstein,0.15,0.15,0.1,0.15,0.1
69,69,Ahrensfelde,BB,Brandenburg,0.15,0.15,0.1,0.15,0.1
70,70,Ahrenshöft,SH,Schleswig-holstein,0.15,0.15,0.1,0.15,0.1
71,71,Ahrenviöl,SH,Schleswig-holstein,0.15,0.15,0.1,0.15,0.1
72,72,Aicha vorm Wald,BY,Bayern,0.15,0.15,0.1,0.15,0.1
73,73,Aichach,BY,Bayern,0.15,0.15,0.1,0.15,0.1
74,74,Aichelberg,BW,Baden-württemberg,0.15,0.15,0.1,0.15,0.1
75,75,Aichen,BY,Bayern,0.15,0.15,0.1,0.15,0.1
76,76,Aichhalden,BW,Baden-württemberg,0.15,0.15,0.1,0.15,0.1
77,77,Aichstetten,BW,Baden-württemberg,0.15,0.15,0.1,0.15,0.1
78,78,Aidenbach,BY,Bayern,0.15,0.15,0.1,0.15,0.1
79,79,Aidhausen,BY,Bayern,0.15,0.15,0.1,0.15,0.1
80,80,Aidlingen,BW,Baden-württemberg,0.15,0.15,0.1,0.15,0.1
81,81,Aiglsbach,BY,Bayern,0.15,0.15,0.1,0.15,0.1
82,82,Ailertchen,RP,Rheinland-pfalz,0.15,0.15,0.1,0.15,0.1
83,83,Aindling,BY,Bayern,0.15,0.15,0.1,0.15,0.1
84,84,Ainring,BY,Bayern,0.15,0.15,0.1,0.15,0.1
85,85,Aislingen,BY,Bayern,0.15,0.15,0.1,0.15,0.1
86,86,Aitern,BW,Baden-württemberg,0.15,0.15,0.1,0.15,0.1
87,87,Aitrach,BW,Baden-württemberg,0.15,0.15,0.1,0.15,0.1
88,88,Aitrang,BY,Bayern,0.15,0.15,0.1,0.15,0.1
89,89,Aken,ST,Sachsen-anhalt,0.15,0.15,0.1,0.15,0.1
90,90,Albaching,BY,Bayern,0.15,0.15,0.1,0.15,0.1
91,91,Albbruck,BW,Baden-württemberg,0.15,0.15,0.1,0.15,0.1
92,92,Albersdorf,TH,Thüringen,0.15,0.15,0.1,0.15,0.1
93,93,Albersdorf,SH,Schleswig-holstein,0.15,0.15,0.1,0.15,0.1
94,94,Albershausen,BW,Baden-württemberg,0.15,0.15,0.1,0.15,0.1
95,95,Alberstedt,ST,Sachsen-anhalt,0.15,0.15,0.1,0.15,0.1
96,96,Albersweiler,RP,Rheinland-pfalz,0.15,0.15,0.1,0.15,0.1
97,97,Albertshofen,BY,Bayern,0.15,0.15,0.1,0.15,0.1
98,98,Albessen,RP,Rheinland-pfalz,0.15,0.15,0.1,0.15,0.1
99,99,Albig,RP,Rheinland-pfalz,0.15,0.15,0.1,0.15,0.1
100,100,Albisheim,RP,Rheinland-pfalz,0.15,0.15,0.1,0.15,0.1
101,101,Albsfelde,SH,Schleswig-holstein,0.15,0.15,0.1,0.15,0.1
102,102,Albstadt,BW,Baden-württemberg,0.15,0.15,0.1,0.15,0.1
103,103,Aldenhoven,NW,Nordrhein-westfalen,0.15,0.15,0.1,0.15,0.1
104,104,Aldersbach,BY,Bayern,0.15,0.15,0.1,0.15,0.1
105,105,Aldingen,BW,Baden-württemberg,0.15,0.15,0.1,0.15,0.1
106,106,Alerheim,BY,Bayern,0.15,0.15,0.1,0.15,0.1
107,107,Alesheim,BY,Bayern,0.15,0.15,0.1,0.15,0.1
108,108,Aletshausen,BY,Bayern,0.15,0.15,0.1,0.15,0.1
109,109,Alf,RP,Rheinland-pfalz,0.15,0.15,0.1,0.15,0.1
110,110,Alfdorf,BW,Baden-württemberg,0.15,0.15,0.1,0.15,0.1
111,111,Alfeld,BY,Bayern,0.15,0.15,0.1,0.15,0.1
112,112,Alfeld,NI,Niedersachsen,0.15,0.15,0.1,0.15,0.1
113,113,Alfhausen,NI,Niedersachsen,0.15,0.15,0.1,0.15,0.1
114,114,Alflen,RP,Rheinland-pfalz,0.15,0.15,0.1,0.15,0.1
115,115,Alfstedt,NI,Niedersachsen,0.15,0.15,0.1,0.15,0.1
116,116,Alfter,NW,Nordrhein-westfalen,0.15,0.15,0.1,0.15,0.1
117,117,Algermissen,NI,Niedersachsen,0.15,0.15,0.1,0.15,0.1
118,118,Alheim,HE,Hessen,0.15,0.15,0.1,0.15,0.1
119,119,Alken,RP,Rheinland-pfalz,0.15,0.15,0.1,0.15,0.1
120,120,Alkersleben,TH,Thüringen,0.15,0.15,0.1,0.15,0.1
121,121,Alkersum,SH,Schleswig-holstein,0.15,0.15,0.1,0.15,0.1
122,122,Allenbach,RP,Rheinland-pfalz,0.15,0.15,0.1,0.15,0.1
123,123,Allendorf,TH,Thüringen,0.15,0.15,0.1,0.15,0.1
124,124,Allendorf,RP,Rheinland-pfalz,0.15,0.15,0.1,0.15,0.1
125,125,Allendorf,HE,Hessen,0.15,0.15,0.1,0.15,0.1
126,126,Allenfeld,RP,Rheinland-pfalz,0.15,0.15,0.1,0.15,0.1
127,127,Allensbach,BW,Baden-württemberg,0.15,0.15,0.1,0.15,0.1
128,128,Allersberg,BY,Bayern,0.15,0.15,0.1,0.15,0.1
129,129,Allershausen,BY,Bayern,0.15,0.15,0.1,0.15,0.1
130,130,Alleshausen,BW,Baden-württemberg,0.15,0.15,0.1,0.15,0.1
131,131,Alling,BY,Bayern,0.15,0.15,0.1,0.15,0.1
132,132,Allmannshofen,BY,Bayern,0.15,0.15,0.1,0.15,0.1
133,133,Allmannsweiler,BW,Baden-württemberg,0.15,0.15,0.1,0.15,0.1
134,134,Allmendingen,BW,Baden-württemberg,0.15,0.15,0.1,0.15,0.1
135,135,Allmersbach im Tal,BW,Baden-württemberg,0.15,0.15,0.1,0.15,0.1
136,136,Allrode,ST,Sachsen-anhalt,0.15,0.15,0.1,0.15,0.1
137,137,Allstedt,ST,Sachsen-anhalt,0.15,0.15,0.1,0.15,0.1
138,138,Almdorf,SH,Schleswig-holstein,0.15,0.15,0.1,0.15,0.1
139,139,Almersbach,RP,Rheinland-pfalz,0.15,0.15,0.1,0.15,0.1
140,140,Almstedt,NI,Niedersachsen,0.15,0.15,0.1,0.15,0.1
141,141,Alpen,NW,Nordrhein-westfalen,0.15,0.15,0.1,0.15,0.1
142,142,Alpenrod,RP,Rheinland-pfalz,0.15,0.15,0.1,0.15,0.1
143,143,Alperstedt,TH,Thüringen,0.15,0.15,0.1,0.15,0.1
144,144,Alpirsbach,BW,Baden-württemberg,0.15,0.15,0.1,0.15,0.1
145,145,Alsbach,RP,Rheinland-pfalz,0.15,0.15,0.1,0.15,0.1
146,146,Alsbach-Hähnlein,HE,Hessen,0.15,0.15,0.1,0.15,0.1
147,147,Alsdorf,RP,Rheinland-pfalz,0.15,0.15,0.1,0.15,0.1
148,148,Alsdorf,NW,Nordrhein-westfalen,0.15,0.15,0.1,0.15,0.1
149,149,Alsenz,RP,Rheinland-pfalz,0.15,0.15,0.1,0.15,0.1
150,150,Alsfeld,HE,Hessen,0.15,0.15,0.1,0.15,0.1
151,151,Alsheim,RP,Rheinland-pfalz,0.15,0.15,0.1,0.15,0.1
152,152,Alsleben,ST,Sachsen-anhalt,0.15,0.15,0.1,0.15,0.1
153,153,Alsterdorf,HH,Hamburg,0.15,0.15,0.1,0.15,0.1
154,154,Alt Bennebek,SH,Schleswig-holstein,0.15,0.15,0.1,0.15,0.1
155,155,Alt Bukow,MV,Mecklenburg-vorpommern,0.15,0.15,0.1,0.15,0.1
156,156,Alt Duvenstedt,SH,Schleswig-holstein,0.15,0.15,0.1,0.15,0.1
157,157,Alt Krenzlin,MV,Mecklenburg-vorpommern,0.15,0.15,0.1,0.15,0.1
158,158,Alt Meteln,MV,Mecklenburg-vorpommern,0.15,0.15,0.1,0.15,0.1
159,159,Alt Mölln,SH,Schleswig-holstein,0.15,0.15,0.1,0.15,0.1
160,160,Alt Schwerin,MV,Mecklenburg-vorpommern,0.15,0.15,0.1,0.15,0.1
161,161,Alt Tellin,MV,Mecklenburg-vorpommern,0.15,0.15,0.1,0.15,0.1
162,162,Alt Tucheband,BB,Brandenburg,0.15,0.15,0.1,0.15,0.1
163,163,Altbach,BW,Baden-württemberg,0.15,0.15,0.1,0.15,0.1
164,164,Altdorf,BY,Bayern,0.15,0.15,0.1,0.15,0.1
165,165,Altdorf,BW,Baden-württemberg,0.15,0.15,0.1,0.15,0.1
166,166,Altdorf,RP,Rheinland-pfalz,0.15,0.15,0.1,0.15,0.1
167,167,Altdöbern,BB,Brandenburg,0.15,0.15,0.1,0.15,0.1
168,168,Altefähr,MV,Mecklenburg-vorpommern,0.15,0.15,0.1,0.15,0.1
169,169,Alteglofsheim,BY,Bayern,0.15,0.15,0.1,0.15,0.1
170,170,Altena,NW,Nordrhein-westfalen,0.15,0.15,0.1,0.15,0.1
171,171,Altenahr,RP,Rheinland-pfalz,0.15,0.15,0.1,0.15,0.1
172,172,Altenau,NI,Niedersachsen,0.15,0.15,0.1,0.15,0.1
173,173,Altenbamberg,RP,Rheinland-pfalz,0.15,0.15,0.1,0.15,0.1
174,174,Altenbeken,NW,Nordrhein-westfalen,0.15,0.15,0.1,0.15,0.1
175,175,Altenberg,SN,Sachsen,0.15,0.15,0.1,0.15,0.1
176,176,Altenberga,TH,Thüringen,0.15,0.15,0.1,0.15,0.1
177,177,Altenberge,NW,Nordrhein-westfalen,0.15,0.15,0.1,0.15,0.1
178,178,Altenbeuthen,TH,Thüringen,0.15,0.15,0.1,0.15,0.1
179,179,Altenbuch,BY,Bayern,0.15,0.15,0.1,0.15,0.1
180,180,Altenburg,TH,Thüringen,0.15,0.15,0.1,0.15,0.1
181,181,Altendiez,RP,Rheinland-pfalz,0.15,0.15,0.1,0.15,0.1
182,182,Altendorf,BY,Bayern,0.15,0.15,0.1,0.15,0.1
183,183,Altenfeld,TH,Thüringen,0.15,0.15,0.1,0.15,0.1
184,184,Altenglan,RP,Rheinland-pfalz,0.15,0.15,0.1,0.15,0.1
185,185,Altengottern,TH,Thüringen,0.15,0.15,0.1,0.15,0.1
186,186,Altenhausen,ST,Sachsen-anhalt,0.15,0.15,0.1,0.15,0.1
187,187,Altenhof,SH,Schleswig-holstein,0.15,0.15,0.1,0.15,0.1
188,188,Altenholz,SH,Schleswig-holstein,0.15,0.15,0.1,0.15,0.1
189,189,Altenkirchen,RP,Rheinland-pfalz,0.15,0.15,0.1,0.15,0.1
190,190,Altenkirchen,MV,Mecklenburg-vorpommern,0.15,0.15,0.1,0.15,0.1
191,191,Altenkrempe,SH,Schleswig-holstein,0.15,0.15,0.1,0.15,0.1
192,192,Altenkunstadt,BY,Bayern,0.15,0.15,0.1,0.15,0.1
193,193,Altenmarkt,BY,Bayern,0.15,0.15,0.1,0.15,0.1
194,194,Altenmedingen,NI,Niedersachsen,0.15,0.15,0.1,0.15,0.1
195,195,Altenmoor,SH,Schleswig-holstein,0.15,0.15,0.1,0.15,0.1
196,196,Altenmünster,BY,Bayern,0.15,0.15,0.1,0.15,0.1
197,197,Altenpleen,MV,Mecklenburg-vorpommern,0.15,0.15,0.1,0.15,0.1
198,198,Altenriet,BW,Baden-württemberg,0.15,0.15,0.1,0.15,0.1
199,199,Altenroda,ST,Sachsen-anhalt,0.15,0.15,0.1,0.15,0.1
200,200,Altenstadt,BY,Bayern,0.15,0.15,0.1,0.15,0.1
201,201,Altenstadt,HE,Hessen,0.15,0.15,0.1,0.15,0.1
202,202,Altensteig,BW,Baden-württemberg,0.15,0.15,0.1,0.15,0.1
203,203,Altenthann,BY,Bayern,0.15,0.15,0.1,0.15,0.1
204,204,Altentreptow,MV,Mecklenburg-vorpommern,0.15,0.15,0.1,0.15,0.1
205,205,Alterkülz,RP,Rheinland-pfalz,0.15,0.15,0.1,0.15,0.1
206,206,Alterode,ST,Sachsen-anhalt,0.15,0.15,0.1,0.15,0.1
207,207,Altersbach,TH,Thüringen,0.15,0.15,0.1,0.15,0.1
208,208,Altfraunhofen,BY,Bayern,0.15,0.15,0.1,0.15,0.1
209,209,Althegnenberg,BY,Bayern,0.15,0.15,0.1,0.15,0.1
210,210,Altheim,BW,Baden-württemberg,0.15,0.15,0.1,0.15,0.1
211,211,Althengstett,BW,Baden-württemberg,0.15,0.15,0.1,0.15,0.1
212,212,Althornbach,RP,Rheinland-pfalz,0.15,0.15,0.1,0.15,0.1
213,213,Althütte,BW,Baden-württemberg,0.15,0.15,0.1,0.15,0.1
214,214,Althüttendorf,BB,Brandenburg,0.15,0.15,0.1,0.15,0.1
215,215,Altkalen,MV,Mecklenburg-vorpommern,0.15,0.15,0.1,0.15,0.1
216,216,Altkirchen,TH,Thüringen,0.15,0.15,0.1,0.15,0.1
217,217,Altlandsberg,BB,Brandenburg,0.15,0.15,0.1,0.15,0.1
218,218,Altlay,RP,Rheinland-pfalz,0.15,0.15,0.1,0.15,0.1
219,219,Altleiningen,RP,Rheinland-pfalz,0.15,0.15,0.1,0.15,0.1
220,220,Altlußheim,BW,Baden-württemberg,0.15,0.15,0.1,0.15,0.1
221,221,Altmittweida,SN,Sachsen,0.15,0.15,0.1,0.15,0.1
222,222,Altomünster,BY,Bayern,0.15,0.15,0.1,0.15,0.1
223,223,Altona,HH,Hamburg,0.15,0.15,0.1,0.15,0.1
224,224,Altrich,RP,Rheinland-pfalz,0.15,0.15,0.1,0.15,0.1
225,225,Altrip,RP,Rheinland-pfalz,0.15,0.15,0.1,0.15,0.1
226,226,Altscheid,RP,Rheinland-pfalz,0.15,0.15,0.1,0.15,0.1
227,227,Altshausen,BW,Baden-württemberg,0.15,0.15,0.1,0.15,0.1
228,228,Altstadt,MV,Mecklenburg-vorpommern,0.15,0.15,0.1,0.15,0.1
229,229,Altstrimmig,RP,Rheinland-pfalz,0.15,0.15,0.1,0.15,0.1
230,230,Altusried,BY,Bayern,0.15,0.15,0.1,0.15,0.1
231,231,Altwarp,MV,Mecklenburg-vorpommern,0.15,0.15,0.1,0.15,0.1
232,232,Altweidelbach,RP,Rheinland-pfalz,0.15,0.15,0.1,0.15,0.1
233,233,Altötting,BY,Bayern,0.15,0.15,0.1,0.15,0.1
234,234,Alveslohe,SH,Schleswig-holstein,0.15,0.15,0.1,0.15,0.1
235,235,Alzenau in Unterfranken,BY,Bayern,0.15,0.15,0.1,0.15,0.1
236,236,Alzey,RP,Rheinland-pfalz,0.15,0.15,0.1,0.15,0.1
237,237,Amberg,BY,Bayern,0.15,0.15,0.1,0.15,0.1
238,238,Amelinghausen,NI,Niedersachsen,0.15,0.15,0.1,0.15,0.1
239,239,Amerang,BY,Bayern,0.15,0.15,0.1,0.15,0.1
240,240,Amerdingen,BY,Bayern,0.15,0.15,0.1,0.15,0.1
241,241,Amesdorf,ST,Sachsen-anhalt,0.15,0.15,0.1,0.15,0.1
242,242,Ammerndorf,BY,Bayern,0.15,0.15,0.1,0.15,0.1
243,243,Ammerthal,BY,Bayern,0.15,0.15,0.1,0.15,0.1
244,244,Ampfing,BY,Bayern,0.15,0.15,0.1,0.15,0.1
245,245,Amsdorf,ST,Sachsen-anhalt,0.15,0.15,0.1,0.15,0.1
246,246,Amstetten,BW,Baden-württemberg,0.15,0.15,0.1,0.15,0.1
247,247,Amtzell,BW,Baden-württemberg,0.15,0.15,0.1,0.15,0.1
248,248,Amöneburg,HE,Hessen,0.15,0.15,0.1,0.15,0.1
249,249,Andechs,BY,Bayern,0.15,0.15,0.1,0.15,0.1
250,250,Andenhausen,TH,Thüringen,0.15,0.15,0.1,0.15,0.1
251,251,Anderlingen,NI,Niedersachsen,0.15,0.15,0.1,0.15,0.1
252,252,Andernach,RP,Rheinland-pfalz,0.15,0.15,0.1,0.15,0.1
253,253,Andisleben,TH,Thüringen,0.15,0.15,0.1,0.15,0.1
254,254,Angelroda,TH,Thüringen,0.15,0.15,0.1,0.15,0.1
255,255,Anger,BY,Bayern,0.15,0.15,0.1,0.15,0.1
256,256,Angermünde,BB,Brandenburg,0.15,0.15,0.1,0.15,0.1
257,257,Angern,ST,Sachsen-anhalt,0.15,0.15,0.1,0.15,0.1
258,258,Angersdorf,ST,Sachsen-anhalt,0.15,0.15,0.1,0.15,0.1
259,259,Anhausen,RP,Rheinland-pfalz,0.15,0.15,0.1,0.15,0.1
260,260,Ankershagen,MV,Mecklenburg-vorpommern,0.15,0.15,0.1,0.15,0.1
261,261,Anklam,MV,Mecklenburg-vorpommern,0.15,0.15,0.1,0.15,0.1
262,262,Ankum,NI,Niedersachsen,0.15,0.15,0.1,0.15,0.1
263,263,Annaberg-Buchholz,SN,Sachsen,0.15,0.15,0.1,0.15,0.1
264,264,Annaburg,ST,Sachsen-anhalt,0.15,0.15,0.1,0.15,0.1
265,265,Annarode,ST,Sachsen-anhalt,0.15,0.15,0.1,0.15,0.1
266,266,Annweiler am Trifels,RP,Rheinland-pfalz,0.15,0.15,0.1,0.15,0.1
267,267,Anrode,TH,Thüringen,0.15,0.15,0.1,0.15,0.1
268,268,Anröchte,NW,Nordrhein-westfalen,0.15,0.15,0.1,0.15,0.1
269,269,Ansbach,BY,Bayern,0.15,0.15,0.1,0.15,0.1
270,270,Anschau,RP,Rheinland-pfalz,0.15,0.15,0.1,0.15,0.1
271,271,Antdorf,BY,Bayern,0.15,0.15,0.1,0.15,0.1
272,272,Antweiler,RP,Rheinland-pfalz,0.15,0.15,0.1,0.15,0.1
273,273,Anzing,BY,Bayern,0.15,0.15,0.1,0.15,0.1
274,274,Apelern,NI,Niedersachsen,0.15,0.15,0.1,0.15,0.1
275,275,Apen,NI,Niedersachsen,0.15,0.15,0.1,0.15,0.1
276,276,Apenburg,ST,Sachsen-anhalt,0.15,0.15,0.1,0.15,0.1
277,277,Apensen,NI,Niedersachsen,0.15,0.15,0.1,0.15,0.1
278,278,Apfeldorf,BY,Bayern,0.15,0.15,0.1,0.15,0.1
279,279,Apfelstädt,TH,Thüringen,0.15,0.15,0.1,0.15,0.1
280,280,Apfeltrach,BY,Bayern,0.15,0.15,0.1,0.15,0.1
281,281,Apolda,TH,Thüringen,0.15,0.15,0.1,0.15,0.1
282,282,Appel,NI,Niedersachsen,0.15,0.15,0.1,0.15,0.1
283,283,Appen,SH,Schleswig-holstein,0.15,0.15,0.1,0.15,0.1
284,284,Appenheim,RP,Rheinland-pfalz,0.15,0.15,0.1,0.15,0.1
285,285,Appenweier,BW,Baden-württemberg,0.15,0.15,0.1,0.15,0.1
286,286,Arbach,RP,Rheinland-pfalz,0.15,0.15,0.1,0.15,0.1
287,287,Arberg,BY,Bayern,0.15,0.15,0.1,0.15,0.1
288,288,Aremberg,RP,Rheinland-pfalz,0.15,0.15,0.1,0.15,0.1
289,289,Arenrath,RP,Rheinland-pfalz,0.15,0.15,0.1,0.15,0.1
290,290,Arenshausen,TH,Thüringen,0.15,0.15,0.1,0.15,0.1
291,291,Aresing,BY,Bayern,0.15,0.15,0.1,0.15,0.1
292,292,Arft,RP,Rheinland-pfalz,0.15,0.15,0.1,0.15,0.1
293,293,Argenschwang,RP,Rheinland-pfalz,0.15,0.15,0.1,0.15,0.1
294,294,Argenthal,RP,Rheinland-pfalz,0.15,0.15,0.1,0.15,0.1
295,295,Arholzen,NI,Niedersachsen,0.15,0.15,0.1,0.15,0.1
296,296,Arkebek,SH,Schleswig-holstein,0.15,0.15,0.1,0.15,0.1
297,297,Arlewatt,SH,Schleswig-holstein,0.15,0.15,0.1,0.15,0.1
298,298,Armsheim,RP,Rheinland-pfalz,0.15,0.15,0.1,0.15,0.1
299,299,Armstedt,SH,Schleswig-holstein,0.15,0.15,0.1,0.15,0.1
300,300,Armstorf,NI,Niedersachsen,0.15,0.15,0.1,0.15,0.1
301,301,Arnbruck,BY,Bayern,0.15,0.15,0.1,0.15,0.1
302,302,Arneburg,ST,Sachsen-anhalt,0.15,0.15,0.1,0.15,0.1
303,303,Arnsberg,NW,Nordrhein-westfalen,0.15,0.15,0.1,0.15,0.1
304,304,Arnschwang,BY,Bayern,0.15,0.15,0.1,0.15,0.1
305,305,Arnsdorf,SN,Sachsen,0.15,0.15,0.1,0.15,0.1
306,306,Arnshöfen,RP,Rheinland-pfalz,0.15,0.15,0.1,0.15,0.1
307,307,Arnstadt,TH,Thüringen,0.15,0.15,0.1,0.15,0.1
308,308,Arnstedt,ST,Sachsen-anhalt,0.15,0.15,0.1,0.15,0.1
309,309,Arnstein,BY,Bayern,0.15,0.15,0.1,0.15,0.1
310,310,Arnstorf,BY,Bayern,0.15,0.15,0.1,0.15,0.1
311,311,Arpsdorf,SH,Schleswig-holstein,0.15,0.15,0.1,0.15,0.1
312,312,Arrach,BY,Bayern,0.15,0.15,0.1,0.15,0.1
313,313,Artern,TH,Thüringen,0.15,0.15,0.1,0.15,0.1
314,314,Artlenburg,NI,Niedersachsen,0.15,0.15,0.1,0.15,0.1
315,315,Arzbach,RP,Rheinland-pfalz,0.15,0.15,0.1,0.15,0.1
316,316,Arzberg,SN,Sachsen,0.15,0.15,0.1,0.15,0.1
317,317,Arzberg,BY,Bayern,0.15,0.15,0.1,0.15,0.1
318,318,Arzfeld,RP,Rheinland-pfalz,0.15,0.15,0.1,0.15,0.1
319,319,Asbach,RP,Rheinland-pfalz,0.15,0.15,0.1,0.15,0.1
320,320,Asbach-Bäumenheim,BY,Bayern,0.15,0.15,0.1,0.15,0.1
321,321,Ascha,BY,Bayern,0.15,0.15,0.1,0.15,0.1
322,322,Aschaffenburg,BY,Bayern,0.15,0.15,0.1,0.15,0.1
323,323,Aschau am Inn,BY,Bayern,0.15,0.15,0.1,0.15,0.1
324,324,Aschau im Chiemgau,BY,Bayern,0.15,0.15,0.1,0.15,0.1
325,325,Aschbach,RP,Rheinland-pfalz,0.15,0.15,0.1,0.15,0.1
326,326,Ascheberg,NW,Nordrhein-westfalen,0.15,0.15,0.1,0.15,0.1
327,327,Ascheberg,SH,Schleswig-holstein,0.15,0.15,0.1,0.15,0.1
328,328,Ascheffel,SH,Schleswig-holstein,0.15,0.15,0.1,0.15,0.1
329,329,Aschenhausen,TH,Thüringen,0.15,0.15,0.1,0.15,0.1
330,330,Aschersleben,ST,Sachsen-anhalt,0.15,0.15,0.1,0.15,0.1
331,331,Aschheim,BY,Bayern,0.15,0.15,0.1,0.15,0.1
332,332,Asendorf,NI,Niedersachsen,0.15,0.15,0.1,0.15,0.1
333,333,Aspach,BW,Baden-württemberg,0.15,0.15,0.1,0.15,0.1
334,334,Aspenstedt,ST,Sachsen-anhalt,0.15,0.15,0.1,0.15,0.1
335,335,Asperg,BW,Baden-württemberg,0.15,0.15,0.1,0.15,0.1
336,336,Aspisheim,RP,Rheinland-pfalz,0.15,0.15,0.1,0.15,0.1
337,337,Assamstadt,BW,Baden-württemberg,0.15,0.15,0.1,0.15,0.1
338,338,Asselfingen,BW,Baden-württemberg,0.15,0.15,0.1,0.15,0.1
339,339,Astert,RP,Rheinland-pfalz,0.15,0.15,0.1,0.15,0.1
340,340,Ateritz,ST,Sachsen-anhalt,0.15,0.15,0.1,0.15,0.1
341,341,Attendorn,NW,Nordrhein-westfalen,0.15,0.15,0.1,0.15,0.1
342,342,Attenhausen,RP,Rheinland-pfalz,0.15,0.15,0.1,0.15,0.1
343,343,Attenhofen,BY,Bayern,0.15,0.15,0.1,0.15,0.1
344,344,Attenkirchen,BY,Bayern,0.15,0.15,0.1,0.15,0.1
345,345,Attenweiler,BW,Baden-württemberg,0.15,0.15,0.1,0.15,0.1
346,346,Atting,BY,Bayern,0.15,0.15,0.1,0.15,0.1
347,347,Atzelgift,RP,Rheinland-pfalz,0.15,0.15,0.1,0.15,0.1
348,348,Atzendorf,ST,Sachsen-anhalt,0.15,0.15,0.1,0.15,0.1
349,349,Au,BW,Baden-württemberg,0.15,0.15,0.1,0.15,0.1
350,350,Au am Rhein,BW,Baden-württemberg,0.15,0.15,0.1,0.15,0.1
351,351,Au in der Hallertau,BY,Bayern,0.15,0.15,0.1,0.15,0.1
352,352,Aub,BY,Bayern,0.15,0.15,0.1,0.15,0.1
353,353,Aubstadt,BY,Bayern,0.15,0.15,0.1,0.15,0.1
354,354,Auderath,RP,Rheinland-pfalz,0.15,0.15,0.1,0.15,0.1
355,355,Aue,SN,Sachsen,0.15,0.15,0.1,0.15,0.1
356,356,Auel,RP,Rheinland-pfalz,0.15,0.15,0.1,0.15,0.1
357,357,Auen,RP,Rheinland-pfalz,0.15,0.15,0.1,0.15,0.1
358,358,Auerbach,BY,Bayern,0.15,0.15,0.1,0.15,0.1
359,359,Auerbach,SN,Sachsen,0.15,0.15,0.1,0.15,0.1
360,360,Aufhausen,BY,Bayern,0.15,0.15,0.1,0.15,0.1
361,361,Aufseß,BY,Bayern,0.15,0.15,0.1,0.15,0.1
362,362,Auggen,BW,Baden-württemberg,0.15,0.15,0.1,0.15,0.1
363,363,Augsburg,BY,Bayern,0.15,0.15,0.1,0.15,0.1
364,364,Augsdorf,ST,Sachsen-anhalt,0.15,0.15,0.1,0.15,0.1
365,365,Augustdorf,NW,Nordrhein-westfalen,0.15,0.15,0.1,0.15,0.1
366,366,Augustusburg,SN,Sachsen,0.15,0.15,0.1,0.15,0.1
367,367,Auhagen,NI,Niedersachsen,0.15,0.15,0.1,0.15,0.1
368,368,Auhausen,BY,Bayern,0.15,0.15,0.1,0.15,0.1
369,369,Aukrug,SH,Schleswig-holstein,0.15,0.15,0.1,0.15,0.1
370,370,Auleben,TH,Thüringen,0.15,0.15,0.1,0.15,0.1
371,371,Aulendorf,BW,Baden-württemberg,0.15,0.15,0.1,0.15,0.1
372,372,Aull,RP,Rheinland-pfalz,0.15,0.15,0.1,0.15,0.1
373,373,Auma,TH,Thüringen,0.15,0.15,0.1,0.15,0.1
374,374,Aura an der Saale,BY,Bayern,0.15,0.15,0.1,0.15,0.1
375,375,Aura im Sinngrund,BY,Bayern,0.15,0.15,0.1,0.15,0.1
376,376,Aurach,BY,Bayern,0.15,0.15,0.1,0.15,0.1
377,377,Aurich,NI,Niedersachsen,0.15,0.15,0.1,0.15,0.1
378,378,Ausacker,SH,Schleswig-holstein,0.15,0.15,0.1,0.15,0.1
379,379,Ausleben,ST,Sachsen-anhalt,0.15,0.15,0.1,0.15,0.1
380,380,Auufer,SH,Schleswig-holstein,0.15,0.15,0.1,0.15,0.1
381,381,Auw,RP,Rheinland-pfalz,0.15,0.15,0.1,0.15,0.1
382,382,Außernzell,BY,Bayern,0.15,0.15,0.1,0.15,0.1
383,383,Aventoft,SH,Schleswig-holstein,0.15,0.15,0.1,0.15,0.1
384,384,Averlak,SH,Schleswig-holstein,0.15,0.15,0.1,0.15,0.1
385,385,Axien,ST,Sachsen-anhalt,0.15,0.15,0.1,0.15,0.1
386,386,Axstedt,NI,Niedersachsen,0.15,0.15,0.1,0.15,0.1
387,387,Aying,BY,Bayern,0.15,0.15,0.1,0.15,0.1
388,388,Ayl,RP,Rheinland-pfalz,0.15,0.15,0.1,0.15,0.1
389,389,Aystetten,BY,Bayern,0.15,0.15,0.1,0.15,0.1
390,390,Aßlar,HE,Hessen,0.15,0.15,0.1,0.15,0.1
391,391,Aßling,BY,Bayern,0.15,0.15,0.1,0.15,0.1
392,392,Baalberge,ST,Sachsen-anhalt,0.15,0.15,0.1,0.15,0.1
393,393,Baar-Ebenhausen,BY,Bayern,0.15,0.15,0.1,0.15,0.1
394,394,Babenhausen,HE,Hessen,0.15,0.15,0.1,0.15,0.1
395,395,Babenhausen,BY,Bayern,0.15,0.15,0.1,0.15,0.1
396,396,Babensham,BY,Bayern,0.15,0.15,0.1,0.15,0.1
397,397,Bach,BY,Bayern,0.15,0.15,0.1,0.15,0.1
398,398,Bacharach,RP,Rheinland-pfalz,0.15,0.15,0.1,0.15,0.1
399,399,Bachenberg,RP,Rheinland-pfalz,0.15,0.15,0.1,0.15,0.1
400,400,Bachfeld,TH,Thüringen,0.15,0.15,0.1,0.15,0.1
401,401,Bachhagel,BY,Bayern,0.15,0.15,0.1,0.15,0.1
402,402,Backnang,BW,Baden-württemberg,0.15,0.15,0.1,0.15,0.1
403,403,Bad Abbach,BY,Bayern,0.15,0.15,0.1,0.15,0.1
404,404,Bad Aibling,BY,Bayern,0.15,0.15,0.1,0.15,0.1
405,405,Bad Alexandersbad,BY,Bayern,0.15,0.15,0.1,0.15,0.1
406,406,Bad Arolsen,HE,Hessen,0.15,0.15,0.1,0.15,0.1
407,407,Bad Bellingen,BW,Baden-württemberg,0.15,0.15,0.1,0.15,0.1
408,408,Bad Bentheim,NI,Niedersachsen,0.15,0.15,0.1,0.15,0.1
409,409,Bad Bergzabern,RP,Rheinland-pfalz,0.15,0.15,0.1,0.15,0.1
410,410,Bad Berka,TH,Thüringen,0.15,0.15,0.1,0.15,0.1
411,411,Bad Berleburg,NW,Nordrhein-westfalen,0.15,0.15,0.1,0.15,0.1
412,412,Bad Berneck im Fichtelgebirge,BY,Bayern,0.15,0.15,0.1,0.15,0.1
413,413,Bad Bertrich,RP,Rheinland-pfalz,0.15,0.15,0.1,0.15,0.1
414,414,Bad Bevensen,NI,Niedersachsen,0.15,0.15,0.1,0.15,0.1
415,415,Bad Bibra,ST,Sachsen-anhalt,0.15,0.15,0.1,0.15,0.1
416,416,Bad Birnbach,BY,Bayern,0.15,0.15,0.1,0.15,0.1
417,417,Bad Blankenburg,TH,Thüringen,0.15,0.15,0.1,0.15,0.1
418,418,Bad Bocklet,BY,Bayern,0.15,0.15,0.1,0.15,0.1
419,419,Bad Brambach,SN,Sachsen,0.15,0.15,0.1,0.15,0.1
420,420,Bad Bramstedt,SH,Schleswig-holstein,0.15,0.15,0.1,0.15,0.1
421,421,Bad Breisig,RP,Rheinland-pfalz,0.15,0.15,0.1,0.15,0.1
422,422,Bad Brückenau,BY,Bayern,0.15,0.15,0.1,0.15,0.1
423,423,Bad Buchau,BW,Baden-württemberg,0.15,0.15,0.1,0.15,0.1
424,424,Bad Camberg,HE,Hessen,0.15,0.15,0.1,0.15,0.1
425,425,Bad Ditzenbach,BW,Baden-württemberg,0.15,0.15,0.1,0.15,0.1
426,426,Bad Doberan,MV,Mecklenburg-vorpommern,0.15,0.15,0.1,0.15,0.1
427,427,Bad Driburg,NW,Nordrhein-westfalen,0.15,0.15,0.1,0.15,0.1
428,428,Bad Düben,SN,Sachsen,0.15,0.15,0.1,0.15,0.1
429,429,Bad Dürkheim,RP,Rheinland-pfalz,0.15,0.15,0.1,0.15,0.1
430,430,Bad Dürrenberg,ST,Sachsen-anhalt,0.15,0.15,0.1,0.15,0.1
431,431,Bad Dürrheim,BW,Baden-württemberg,0.15,0.15,0.1,0.15,0.1
432,432,Bad Eilsen,NI,Niedersachsen,0.15,0.15,0.1,0.15,0.1
433,433,Bad Elster,SN,Sachsen,0.15,0.15,0.1,0.15,0.1
434,434,Bad Ems,RP,Rheinland-pfalz,0.15,0.15,0.1,0.15,0.1
435,435,Bad Endbach,HE,Hessen,0.15,0.15,0.1,0.15,0.1
436,436,Bad Endorf,BY,Bayern,0.15,0.15,0.1,0.15,0.1
437,437,Bad Essen,NI,Niedersachsen,0.15,0.15,0.1,0.15,0.1
438,438,Bad Feilnbach,BY,Bayern,0.15,0.15,0.1,0.15,0.1
439,439,Bad Frankenhausen,TH,Thüringen,0.15,0.15,0.1,0.15,0.1
440,440,Bad Freienwalde,BB,Brandenburg,0.15,0.15,0.1,0.15,0.1
441,441,Bad Füssing,BY,Bayern,0.15,0.15,0.1,0.15,0.1
442,442,Bad Gandersheim,NI,Niedersachsen,0.15,0.15,0.1,0.15,0.1
443,443,Bad Griesbach,BY,Bayern,0.15,0.15,0.1,0.15,0.1
444,444,Bad Grund,NI,Niedersachsen,0.15,0.15,0.1,0.15,0.1
445,445,Bad Harzburg,NI,Niedersachsen,0.15,0.15,0.1,0.15,0.1
446,446,Bad Heilbrunn,BY,Bayern,0.15,0.15,0.1,0.15,0.1
447,447,Bad Herrenalb,BW,Baden-württemberg,0.15,0.15,0.1,0.15,0.1
448,448,Bad Hersfeld,HE,Hessen,0.15,0.15,0.1,0.15,0.1
449,449,Bad Homburg vor der Höhe,HE,Hessen,0.15,0.15,0.1,0.15,0.1
450,450,Bad Honnef,NW,Nordrhein-westfalen,0.15,0.15,0.1,0.15,0.1
451,451,Bad Hönningen,RP,Rheinland-pfalz,0.15,0.15,0.1,0.15,0.1
452,452,Bad Iburg,NI,Niedersachsen,0.15,0.15,0.1,0.15,0.1
453,453,Bad Karlshafen,HE,Hessen,0.15,0.15,0.1,0.15,0.1
454,454,Bad Kissingen,BY,Bayern,0.15,0.15,0.1,0.15,0.1
455,455,Bad Kleinen,MV,Mecklenburg-vorpommern,0.15,0.15,0.1,0.15,0.1
456,456,Bad Klosterlausnitz,TH,Thüringen,0.15,0.15,0.1,0.15,0.1
457,457,Bad Kohlgrub,BY,Bayern,0.15,0.15,0.1,0.15,0.1
458,458,Bad Kreuznach,RP,Rheinland-pfalz,0.15,0.15,0.1,0.15,0.1
459,459,Bad Krozingen,BW,Baden-württemberg,0.15,0.15,0.1,0.15,0.1
460,460,Bad König,HE,Hessen,0.15,0.15,0.1,0.15,0.1
461,461,Bad Königshofen im Grabfeld,BY,Bayern,0.15,0.15,0.1,0.15,0.1
462,462,Bad Kösen,ST,Sachsen-anhalt,0.15,0.15,0.1,0.15,0.1
463,463,Bad Köstritz,TH,Thüringen,0.15,0.15,0.1,0.15,0.1
464,464,Bad Laasphe,NW,Nordrhein-westfalen,0.15,0.15,0.1,0.15,0.1
465,465,Bad Laer,NI,Niedersachsen,0.15,0.15,0.1,0.15,0.1
466,466,Bad Langensalza,TH,Thüringen,0.15,0.15,0.1,0.15,0.1
467,467,Bad Lauchstädt,ST,Sachsen-anhalt,0.15,0.15,0.1,0.15,0.1
468,468,Bad Lausick,SN,Sachsen,0.15,0.15,0.1,0.15,0.1
469,469,Bad Lauterberg im Harz,NI,Niedersachsen,0.15,0.15,0.1,0.15,0.1
470,470,Bad Liebenstein,TH,Thüringen,0.15,0.15,0.1,0.15,0.1
471,471,Bad Liebenwerda,BB,Brandenburg,0.15,0.15,0.1,0.15,0.1
472,472,Bad Liebenzell,BW,Baden-württemberg,0.15,0.15,0.1,0.15,0.1
473,473,Bad Lippspringe,NW,Nordrhein-westfalen,0.15,0.15,0.1,0.15,0.1
474,474,Bad Marienberg,RP,Rheinland-pfalz,0.15,0.15,0.1,0.15,0.1
475,475,Bad Meinberg,NW,Nordrhein-westfalen,0.15,0.15,0.1,0.15,0.1
476,476,Bad Mergentheim,BW,Baden-württemberg,0.15,0.15,0.1,0.15,0.1
477,477,Bad Muskau,SN,Sachsen,0.15,0.15,0.1,0.15,0.1
478,478,Bad Münder am Deister,NI,Niedersachsen,0.15,0.15,0.1,0.15,0.1
479,479,Bad Münster am Stein-Ebernburg,RP,Rheinland-pfalz,0.15,0.15,0.1,0.15,0.1
480,480,Bad Münstereifel,NW,Nordrhein-westfalen,0.15,0.15,0.1,0.15,0.1
481,481,Bad Nauheim,HE,Hessen,0.15,0.15,0.1,0.15,0.1
482,482,Bad Nenndorf,NI,Niedersachsen,0.15,0.15,0.1,0.15,0.1
483,483,Bad Neuenahr-Ahrweiler,RP,Rheinland-pfalz,0.15,0.15,0.1,0.15,0.1
484,484,Bad Neustadt an der Saale,BY,Bayern,0.15,0.15,0.1,0.15,0.1
485,485,Bad Oeynhausen,NW,Nordrhein-westfalen,0.15,0.15,0.1,0.15,0.1
486,486,Bad Oldesloe,SH,Schleswig-holstein,0.15,0.15,0.1,0.15,0.1
487,487,Bad Orb,HE,Hessen,0.15,0.15,0.1,0.15,0.1
488,488,Bad Peterstal-Griesbach,BW,Baden-württemberg,0.15,0.15,0.1,0.15,0.1
489,489,Bad Pyrmont,NI,Niedersachsen,0.15,0.15,0.1,0.15,0.1
490,490,Bad Rappenau,BW,Baden-württemberg,0.15,0.15,0.1,0.15,0.1
491,491,Bad Reichenhall,BY,Bayern,0.15,0.15,0.1,0.15,0.1
492,492,Bad Rippoldsau-Schapbach,BW,Baden-württemberg,0.15,0.15,0.1,0.15,0.1
493,493,Bad Rothenfelde,NI,Niedersachsen,0.15,0.15,0.1,0.15,0.1
494,494,Bad Saarow,BB,Brandenburg,0.15,0.15,0.1,0.15,0.1
495,495,Bad Sachsa,NI,Niedersachsen,0.15,0.15,0.1,0.15,0.1
496,496,Bad Salzdetfurth,NI,Niedersachsen,0.15,0.15,0.1,0.15,0.1
497,497,Bad Salzschlirf,HE,Hessen,0.15,0.15,0.1,0.15,0.1
498,498,Bad Salzuflen,NW,Nordrhein-westfalen,0.15,0.15,0.1,0.15,0.1
499,499,Bad Salzungen,TH,Thüringen,0.15,0.15,0.1,0.15,0.1
500,500,Bad Sassendorf,NW,Nordrhein-westfalen,0.15,0.15,0.1,0.15,0.1
501,501,Bad Schandau,SN,Sachsen,0.15,0.15,0.1,0.15,0.1
502,502,Bad Schmiedeberg,ST,Sachsen-anhalt,0.15,0.15,0.1,0.15,0.1
503,503,Bad Schussenried,BW,Baden-württemberg,0.15,0.15,0.1,0.15,0.1
504,504,Bad Schwalbach,HE,Hessen,0.15,0.15,0.1,0.15,0.1
505,505,Bad Schwartau,SH,Schleswig-holstein,0.15,0.15,0.1,0.15,0.1
506,506,Bad Segeberg,SH,Schleswig-holstein,0.15,0.15,0.1,0.15,0.1
507,507,Bad Soden am Taunus,HE,Hessen,0.15,0.15,0.1,0.15,0.1
508,508,Bad Soden-Salmünster,HE,Hessen,0.15,0.15,0.1,0.15,0.1
509,509,Bad Sooden-Allendorf,HE,Hessen,0.15,0.15,0.1,0.15,0.1
510,510,Bad Staffelstein,BY,Bayern,0.15,0.15,0.1,0.15,0.1
511,511,Bad Steben,BY,Bayern,0.15,0.15,0.1,0.15,0.1
512,512,Bad Suderode,ST,Sachsen-anhalt,0.15,0.15,0.1,0.15,0.1
513,513,Bad Sulza,TH,Thüringen,0.15,0.15,0.1,0.15,0.1
514,514,Bad Säckingen,BW,Baden-württemberg,0.15,0.15,0.1,0.15,0.1
515,515,Bad Sülze,MV,Mecklenburg-vorpommern,0.15,0.15,0.1,0.15,0.1
516,516,Bad Teinach-Zavelstein,BW,Baden-württemberg,0.15,0.15,0.1,0.15,0.1
517,517,Bad Tennstedt,TH,Thüringen,0.15,0.15,0.1,0.15,0.1
518,518,Bad Tölz,BY,Bayern,0.15,0.15,0.1,0.15,0.1
519,519,Bad Urach,BW,Baden-württemberg,0.15,0.15,0.1,0.15,0.1
520,520,Bad Vilbel,HE,Hessen,0.15,0.15,0.1,0.15,0.1
521,521,Bad Waldsee,BW,Baden-württemberg,0.15,0.15,0.1,0.15,0.1
522,522,Bad Wiessee,BY,Bayern,0.15,0.15,0.1,0.15,0.1
523,523,Bad Wildbad,BW,Baden-württemberg,0.15,0.15,0.1,0.15,0.1
524,524,Bad Wildungen,HE,Hessen,0.15,0.15,0.1,0.15,0.1
525,525,Bad Wilsnack,BB,Brandenburg,0.15,0.15,0.1,0.15,0.1
526,526,Bad Wimpfen,BW,Baden-württemberg,0.15,0.15,0.1,0.15,0.1
527,527,Bad Windsheim,BY,Bayern,0.15,0.15,0.1,0.15,0.1
528,528,Bad Wurzach,BW,Baden-württemberg,0.15,0.15,0.1,0.15,0.1
529,529,Bad Wörishofen,BY,Bayern,0.15,0.15,0.1,0.15,0.1
530,530,Bad Zwischenahn,NI,Niedersachsen,0.15,0.15,0.1,0.15,0.1
531,531,Bad Überkingen,BW,Baden-württemberg,0.15,0.15,0.1,0.15,0.1
532,532,Badbergen,NI,Niedersachsen,0.15,0.15,0.1,0.15,0.1
533,533,Baddeckenstedt,NI,Niedersachsen,0.15,0.15,0.1,0.15,0.1
534,534,Badem,RP,Rheinland-pfalz,0.15,0.15,0.1,0.15,0.1
535,535,Baden-Baden,BW,Baden-württemberg,0.15,0.15,0.1,0.15,0.1
536,536,Badendorf,SH,Schleswig-holstein,0.15,0.15,0.1,0.15,0.1
537,537,Badenhard,RP,Rheinland-pfalz,0.15,0.15,0.1,0.15,0.1
538,538,Badenhausen,NI,Niedersachsen,0.15,0.15,0.1,0.15,0.1
539,539,Badenheim,RP,Rheinland-pfalz,0.15,0.15,0.1,0.15,0.1
540,540,Badenweiler,BW,Baden-württemberg,0.15,0.15,0.1,0.15,0.1
541,541,Badingen,ST,Sachsen-anhalt,0.15,0.15,0.1,0.15,0.1
542,542,Badra,TH,Thüringen,0.15,0.15,0.1,0.15,0.1
543,543,Baesweiler,NW,Nordrhein-westfalen,0.15,0.15,0.1,0.15,0.1
544,544,Bahlingen,BW,Baden-württemberg,0.15,0.15,0.1,0.15,0.1
545,545,Bahrdorf,NI,Niedersachsen,0.15,0.15,0.1,0.15,0.1
546,546,Bahrenborstel,NI,Niedersachsen,0.15,0.15,0.1,0.15,0.1
547,547,Bahrenfleth,SH,Schleswig-holstein,0.15,0.15,0.1,0.15,0.1
548,548,Bahrenhof,SH,Schleswig-holstein,0.15,0.15,0.1,0.15,0.1
549,549,Baienfurt,BW,Baden-württemberg,0.15,0.15,0.1,0.15,0.1
550,550,Baierbach,BY,Bayern,0.15,0.15,0.1,0.15,0.1
551,551,Baierbrunn,BY,Bayern,0.15,0.15,0.1,0.15,0.1
552,552,Baiersbronn,BW,Baden-württemberg,0.15,0.15,0.1,0.15,0.1
553,553,Baiersdorf,BY,Bayern,0.15,0.15,0.1,0.15,0.1
554,554,Baindt,BW,Baden-württemberg,0.15,0.15,0.1,0.15,0.1
555,555,Baisweil,BY,Bayern,0.15,0.15,0.1,0.15,0.1
556,556,Bakum,NI,Niedersachsen,0.15,0.15,0.1,0.15,0.1
557,557,Balderschwang,BY,Bayern,0.15,0.15,0.1,0.15,0.1
558,558,Baldringen,RP,Rheinland-pfalz,0.15,0.15,0.1,0.15,0.1
559,559,Balduinstein,RP,Rheinland-pfalz,0.15,0.15,0.1,0.15,0.1
560,560,Balesfeld,RP,Rheinland-pfalz,0.15,0.15,0.1,0.15,0.1
561,561,Balge,NI,Niedersachsen,0.15,0.15,0.1,0.15,0.1
562,562,Balgheim,BW,Baden-württemberg,0.15,0.15,0.1,0.15,0.1
563,563,Balgstädt,ST,Sachsen-anhalt,0.15,0.15,0.1,0.15,0.1
564,564,Balingen,BW,Baden-württemberg,0.15,0.15,0.1,0.15,0.1
565,565,Balje,NI,Niedersachsen,0.15,0.15,0.1,0.15,0.1
566,566,Ballendorf,BW,Baden-württemberg,0.15,0.15,0.1,0.15,0.1
567,567,Ballenstedt,ST,Sachsen-anhalt,0.15,0.15,0.1,0.15,0.1
568,568,Ballstedt,TH,Thüringen,0.15,0.15,0.1,0.15,0.1
569,569,Ballstädt,TH,Thüringen,0.15,0.15,0.1,0.15,0.1
570,570,Baltmannsweiler,BW,Baden-württemberg,0.15,0.15,0.1,0.15,0.1
571,571,Baltrum,NI,Niedersachsen,0.15,0.15,0.1,0.15,0.1
572,572,Balve,NW,Nordrhein-westfalen,0.15,0.15,0.1,0.15,0.1
573,573,Balzhausen,BY,Bayern,0.15,0.15,0.1,0.15,0.1
574,574,Bamberg,BY,Bayern,0.15,0.15,0.1,0.15,0.1
575,575,Bammental,BW,Baden-württemberg,0.15,0.15,0.1,0.15,0.1
576,576,Bandau,ST,Sachsen-anhalt,0.15,0.15,0.1,0.15,0.1
577,577,Bandelin,MV,Mecklenburg-vorpommern,0.15,0.15,0.1,0.15,0.1
578,578,Bann,RP,Rheinland-pfalz,0.15,0.15,0.1,0.15,0.1
579,579,Bannberscheid,RP,Rheinland-pfalz,0.15,0.15,0.1,0.15,0.1
580,580,Bannewitz,SN,Sachsen,0.15,0.15,0.1,0.15,0.1
581,581,Banteln,NI,Niedersachsen,0.15,0.15,0.1,0.15,0.1
582,582,Banzkow,MV,Mecklenburg-vorpommern,0.15,0.15,0.1,0.15,0.1
583,583,Barbelroth,RP,Rheinland-pfalz,0.15,0.15,0.1,0.15,0.1
584,584,Barbing,BY,Bayern,0.15,0.15,0.1,0.15,0.1
585,585,Barby,ST,Sachsen-anhalt,0.15,0.15,0.1,0.15,0.1
586,586,Barchfeld,TH,Thüringen,0.15,0.15,0.1,0.15,0.1
587,587,Bardowick,NI,Niedersachsen,0.15,0.15,0.1,0.15,0.1
588,588,Barenburg,NI,Niedersachsen,0.15,0.15,0.1,0.15,0.1
589,589,Barendorf,NI,Niedersachsen,0.15,0.15,0.1,0.15,0.1
590,590,Bargenstedt,SH,Schleswig-holstein,0.15,0.15,0.1,0.15,0.1
591,591,Bargfeld-Stegen,SH,Schleswig-holstein,0.15,0.15,0.1,0.15,0.1
592,592,Bargstall,SH,Schleswig-holstein,0.15,0.15,0.1,0.15,0.1
593,593,Bargstedt,NI,Niedersachsen,0.15,0.15,0.1,0.15,0.1
594,594,Bargstedt,SH,Schleswig-holstein,0.15,0.15,0.1,0.15,0.1
595,595,Bargteheide,SH,Schleswig-holstein,0.15,0.15,0.1,0.15,0.1
596,596,Bargum,SH,Schleswig-holstein,0.15,0.15,0.1,0.15,0.1
597,597,Bark,SH,Schleswig-holstein,0.15,0.15,0.1,0.15,0.1
598,598,Barkelsby,SH,Schleswig-holstein,0.15,0.15,0.1,0.15,0.1
599,599,Barkenholm,SH,Schleswig-holstein,0.15,0.15,0.1,0.15,0.1
600,600,Barleben,ST,Sachsen-anhalt,0.15,0.15,0.1,0.15,0.1
601,601,Barlt,SH,Schleswig-holstein,0.15,0.15,0.1,0.15,0.1
602,602,Barmbek-Nord,HH,Hamburg,0.15,0.15,0.1,0.15,0.1
603,603,Barmissen,SH,Schleswig-holstein,0.15,0.15,0.1,0.15,0.1
604,604,Barmstedt,SH,Schleswig-holstein,0.15,0.15,0.1,0.15,0.1
605,605,Barneberg,ST,Sachsen-anhalt,0.15,0.15,0.1,0.15,0.1
606,606,Barnekow,MV,Mecklenburg-vorpommern,0.15,0.15,0.1,0.15,0.1
607,607,Barnitz,SH,Schleswig-holstein,0.15,0.15,0.1,0.15,0.1
608,608,Barnstedt,NI,Niedersachsen,0.15,0.15,0.1,0.15,0.1
609,609,Barnstorf,NI,Niedersachsen,0.15,0.15,0.1,0.15,0.1
610,610,Barnstädt,ST,Sachsen-anhalt,0.15,0.15,0.1,0.15,0.1
611,611,Barntrup,NW,Nordrhein-westfalen,0.15,0.15,0.1,0.15,0.1
612,612,Barsbek,SH,Schleswig-holstein,0.15,0.15,0.1,0.15,0.1
613,613,Barsbüttel,SH,Schleswig-holstein,0.15,0.15,0.1,0.15,0.1
614,614,Barsinghausen,NI,Niedersachsen,0.15,0.15,0.1,0.15,0.1
615,615,Bartenshagen-Parkentin,MV,Mecklenburg-vorpommern,0.15,0.15,0.1,0.15,0.1
616,616,Barth,MV,Mecklenburg-vorpommern,0.15,0.15,0.1,0.15,0.1
617,617,Bartholomä,BW,Baden-württemberg,0.15,0.15,0.1,0.15,0.1
618,618,Bartow,MV,Mecklenburg-vorpommern,0.15,0.15,0.1,0.15,0.1
619,619,Barum,NI,Niedersachsen,0.15,0.15,0.1,0.15,0.1
620,620,Baruth,BB,Brandenburg,0.15,0.15,0.1,0.15,0.1
621,621,Barver,NI,Niedersachsen,0.15,0.15,0.1,0.15,0.1
622,622,Barwedel,NI,Niedersachsen,0.15,0.15,0.1,0.15,0.1
623,623,Barweiler,RP,Rheinland-pfalz,0.15,0.15,0.1,0.15,0.1
624,624,Barßel,NI,Niedersachsen,0.15,0.15,0.1,0.15,0.1
625,625,Basberg,RP,Rheinland-pfalz,0.15,0.15,0.1,0.15,0.1
626,626,Basdahl,NI,Niedersachsen,0.15,0.15,0.1,0.15,0.1
627,627,Basedow,SH,Schleswig-holstein,0.15,0.15,0.1,0.15,0.1
628,628,Basedow,MV,Mecklenburg-vorpommern,0.15,0.15,0.1,0.15,0.1
629,629,Bassenheim,RP,Rheinland-pfalz,0.15,0.15,0.1,0.15,0.1
630,630,Bassum,NI,Niedersachsen,0.15,0.15,0.1,0.15,0.1
631,631,Bastheim,BY,Bayern,0.15,0.15,0.1,0.15,0.1
632,632,Basthorst,SH,Schleswig-holstein,0.15,0.15,0.1,0.15,0.1
633,633,Bastorf,MV,Mecklenburg-vorpommern,0.15,0.15,0.1,0.15,0.1
634,634,Battenberg,HE,Hessen,0.15,0.15,0.1,0.15,0.1
635,635,Battweiler,RP,Rheinland-pfalz,0.15,0.15,0.1,0.15,0.1
636,636,Baudenbach,BY,Bayern,0.15,0.15,0.1,0.15,0.1
637,637,Bauler,RP,Rheinland-pfalz,0.15,0.15,0.1,0.15,0.1
638,638,Baumholder,RP,Rheinland-pfalz,0.15,0.15,0.1,0.15,0.1
639,639,Baunach,BY,Bayern,0.15,0.15,0.1,0.15,0.1
640,640,Baunatal,HE,Hessen,0.15,0.15,0.1,0.15,0.1
641,641,Bausendorf,RP,Rheinland-pfalz,0.15,0.15,0.1,0.15,0.1
642,642,Baustert,RP,Rheinland-pfalz,0.15,0.15,0.1,0.15,0.1
643,643,Bautzen,SN,Sachsen,0.15,0.15,0.1,0.15,0.1
644,644,Bawinkel,NI,Niedersachsen,0.15,0.15,0.1,0.15,0.1
645,645,Bayerbach,BY,Bayern,0.15,0.15,0.1,0.15,0.1
646,646,Bayerfeld-Steckweiler,RP,Rheinland-pfalz,0.15,0.15,0.1,0.15,0.1
647,647,Bayerisch Eisenstein,BY,Bayern,0.15,0.15,0.1,0.15,0.1
648,648,Bayerisch Gmain,BY,Bayern,0.15,0.15,0.1,0.15,0.1
649,649,Bayreuth,BY,Bayern,0.15,0.15,0.1,0.15,0.1
650,650,Bayrischzell,BY,Bayern,0.15,0.15,0.1,0.15,0.1
651,651,Bebensee,SH,Schleswig-holstein,0.15,0.15,0.1,0.15,0.1
652,652,Bebra,HE,Hessen,0.15,0.15,0.1,0.15,0.1
653,653,Becheln,RP,Rheinland-pfalz,0.15,0.15,0.1,0.15,0.1
654,654,Bechenheim,RP,Rheinland-pfalz,0.15,0.15,0.1,0.15,0.1
655,655,Becherbach,RP,Rheinland-pfalz,0.15,0.15,0.1,0.15,0.1
656,656,Bechhofen,RP,Rheinland-pfalz,0.15,0.15,0.1,0.15,0.1
657,657,Bechstedt,TH,Thüringen,0.15,0.15,0.1,0.15,0.1
658,658,Bechstedtstraß,TH,Thüringen,0.15,0.15,0.1,0.15,0.1
659,659,Bechtheim,RP,Rheinland-pfalz,0.15,0.15,0.1,0.15,0.1
660,660,Bechtolsheim,RP,Rheinland-pfalz,0.15,0.15,0.1,0.15,0.1
661,661,Bechtsrieth,BY,Bayern,0.15,0.15,0.1,0.15,0.1
662,662,Beckdorf,NI,Niedersachsen,0.15,0.15,0.1,0.15,0.1
663,663,Beckedorf,NI,Niedersachsen,0.15,0.15,0.1,0.15,0.1
664,664,Beckeln,NI,Niedersachsen,0.15,0.15,0.1,0.15,0.1
665,665,Beckingen,SL,Saarland,0.15,0.15,0.1,0.15,0.1
666,666,Beckum,NW,Nordrhein-westfalen,0.15,0.15,0.1,0.15,0.1
667,667,Bedburg,NW,Nordrhein-westfalen,0.15,0.15,0.1,0.15,0.1
668,668,Bedesbach,RP,Rheinland-pfalz,0.15,0.15,0.1,0.15,0.1
669,669,Beedenbostel,NI,Niedersachsen,0.15,0.15,0.1,0.15,0.1
670,670,Beelen,NW,Nordrhein-westfalen,0.15,0.15,0.1,0.15,0.1
671,671,Beelitz,BB,Brandenburg,0.15,0.15,0.1,0.15,0.1
672,672,Beendorf,ST,Sachsen-anhalt,0.15,0.15,0.1,0.15,0.1
673,673,Beerfelden,HE,Hessen,0.15,0.15,0.1,0.15,0.1
674,674,Beesenlaublingen,ST,Sachsen-anhalt,0.15,0.15,0.1,0.15,0.1
675,675,Beesenstedt,ST,Sachsen-anhalt,0.15,0.15,0.1,0.15,0.1
676,676,Beeskow,BB,Brandenburg,0.15,0.15,0.1,0.15,0.1
677,677,Beesten,NI,Niedersachsen,0.15,0.15,0.1,0.15,0.1
678,678,Beetzendorf,ST,Sachsen-anhalt,0.15,0.15,0.1,0.15,0.1
679,679,Beggerow,MV,Mecklenburg-vorpommern,0.15,0.15,0.1,0.15,0.1
680,680,Behlendorf,SH,Schleswig-holstein,0.15,0.15,0.1,0.15,0.1
681,681,Behnsdorf,ST,Sachsen-anhalt,0.15,0.15,0.1,0.15,0.1
682,682,Behren-Lübchin,MV,Mecklenburg-vorpommern,0.15,0.15,0.1,0.15,0.1
683,683,Behrendorf,ST,Sachsen-anhalt,0.15,0.15,0.1,0.15,0.1
684,684,Behrendorf,SH,Schleswig-holstein,0.15,0.15,0.1,0.15,0.1
685,685,Behrenhoff,MV,Mecklenburg-vorpommern,0.15,0.15,0.1,0.15,0.1
686,686,Behrensdorf,SH,Schleswig-holstein,0.15,0.15,0.1,0.15,0.1
687,687,Behringen,TH,Thüringen,0.15,0.15,0.1,0.15,0.1
688,688,Behrungen,TH,Thüringen,0.15,0.15,0.1,0.15,0.1
689,689,Beichlingen,TH,Thüringen,0.15,0.15,0.1,0.15,0.1
690,690,Beidendorf,MV,Mecklenburg-vorpommern,0.15,0.15,0.1,0.15,0.1
691,691,Beidenfleth,SH,Schleswig-holstein,0.15,0.15,0.1,0.15,0.1
692,692,Beierfeld,SN,Sachsen,0.15,0.15,0.1,0.15,0.1
693,693,Beiersdorf,SN,Sachsen,0.15,0.15,0.1,0.15,0.1
694,694,Beierstedt,NI,Niedersachsen,0.15,0.15,0.1,0.15,0.1
695,695,Beilingen,RP,Rheinland-pfalz,0.15,0.15,0.1,0.15,0.1
696,696,Beilrode,SN,Sachsen,0.15,0.15,0.1,0.15,0.1
697,697,Beilstein,BW,Baden-württemberg,0.15,0.15,0.1,0.15,0.1
698,698,Beilstein,RP,Rheinland-pfalz,0.15,0.15,0.1,0.15,0.1
699,699,Beimerstetten,BW,Baden-württemberg,0.15,0.15,0.1,0.15,0.1
700,700,Beindersheim,RP,Rheinland-pfalz,0.15,0.15,0.1,0.15,0.1
701,701,Beinerstadt,TH,Thüringen,0.15,0.15,0.1,0.15,0.1
702,702,Beinhausen,RP,Rheinland-pfalz,0.15,0.15,0.1,0.15,0.1
703,703,Bekdorf,SH,Schleswig-holstein,0.15,0.15,0.1,0.15,0.1
704,704,Bekmünde,SH,Schleswig-holstein,0.15,0.15,0.1,0.15,0.1
705,705,Bekond,RP,Rheinland-pfalz,0.15,0.15,0.1,0.15,0.1
706,706,Belau,SH,Schleswig-holstein,0.15,0.15,0.1,0.15,0.1
707,707,Beldorf,SH,Schleswig-holstein,0.15,0.15,0.1,0.15,0.1
708,708,Belg,RP,Rheinland-pfalz,0.15,0.15,0.1,0.15,0.1
709,709,Belgern,SN,Sachsen,0.15,0.15,0.1,0.15,0.1
710,710,Belgershain,SN,Sachsen,0.15,0.15,0.1,0.15,0.1
711,711,Belgweiler,RP,Rheinland-pfalz,0.15,0.15,0.1,0.15,0.1
712,712,Bell,RP,Rheinland-pfalz,0.15,0.15,0.1,0.15,0.1
713,713,Belleben,ST,Sachsen-anhalt,0.15,0.15,0.1,0.15,0.1
714,714,Bellenberg,BY,Bayern,0.15,0.15,0.1,0.15,0.1
715,715,Bellheim,RP,Rheinland-pfalz,0.15,0.15,0.1,0.15,0.1
716,716,Bellingen,RP,Rheinland-pfalz,0.15,0.15,0.1,0.15,0.1
717,717,Bellstedt,TH,Thüringen,0.15,0.15,0.1,0.15,0.1
718,718,Belm,NI,Niedersachsen,0.15,0.15,0.1,0.15,0.1
719,719,Belrieth,TH,Thüringen,0.15,0.15,0.1,0.15,0.1
720,720,Beltheim,RP,Rheinland-pfalz,0.15,0.15,0.1,0.15,0.1
721,721,Belum,NI,Niedersachsen,0.15,0.15,0.1,0.15,0.1
722,722,Bempflingen,BW,Baden-württemberg,0.15,0.15,0.1,0.15,0.1
723,723,Bendeleben,TH,Thüringen,0.15,0.15,0.1,0.15,0.1
724,724,Bendestorf,NI,Niedersachsen,0.15,0.15,0.1,0.15,0.1
725,725,Bendfeld,SH,Schleswig-holstein,0.15,0.15,0.1,0.15,0.1
726,726,Bendorf,RP,Rheinland-pfalz,0.15,0.15,0.1,0.15,0.1
727,727,Bendorf,SH,Schleswig-holstein,0.15,0.15,0.1,0.15,0.1
728,728,Benediktbeuern,BY,Bayern,0.15,0.15,0.1,0.15,0.1
729,729,Bengel,RP,Rheinland-pfalz,0.15,0.15,0.1,0.15,0.1
730,730,Benndorf,ST,Sachsen-anhalt,0.15,0.15,0.1,0.15,0.1
731,731,Benneckenstein,ST,Sachsen-anhalt,0.15,0.15,0.1,0.15,0.1
732,732,Bennewitz,SN,Sachsen,0.15,0.15,0.1,0.15,0.1
733,733,Bennhausen,RP,Rheinland-pfalz,0.15,0.15,0.1,0.15,0.1
734,734,Benningen,BY,Bayern,0.15,0.15,0.1,0.15,0.1
735,735,Benningen am Neckar,BW,Baden-württemberg,0.15,0.15,0.1,0.15,0.1
736,736,Bennstedt,ST,Sachsen-anhalt,0.15,0.15,0.1,0.15,0.1
737,737,Bennungen,ST,Sachsen-anhalt,0.15,0.15,0.1,0.15,0.1
738,738,Bensdorf,BB,Brandenburg,0.15,0.15,0.1,0.15,0.1
739,739,Benshausen,TH,Thüringen,0.15,0.15,0.1,0.15,0.1
740,740,Bensheim,HE,Hessen,0.15,0.15,0.1,0.15,0.1
741,741,Bentwisch,MV,Mecklenburg-vorpommern,0.15,0.15,0.1,0.15,0.1
742,742,Bentzin,MV,Mecklenburg-vorpommern,0.15,0.15,0.1,0.15,0.1
743,743,Benz,MV,Mecklenburg-vorpommern,0.15,0.15,0.1,0.15,0.1
744,744,Benzweiler,RP,Rheinland-pfalz,0.15,0.15,0.1,0.15,0.1
745,745,Beratzhausen,BY,Bayern,0.15,0.15,0.1,0.15,0.1
746,746,Berching,BY,Bayern,0.15,0.15,0.1,0.15,0.1
747,747,Berchtesgaden,BY,Bayern,0.15,0.15,0.1,0.15,0.1
748,748,Bereborn,RP,Rheinland-pfalz,0.15,0.15,0.1,0.15,0.1
749,749,Berenbach,RP,Rheinland-pfalz,0.15,0.15,0.1,0.15,0.1
750,750,Berg,BY,Bayern,0.15,0.15,0.1,0.15,0.1
751,751,Berg,RP,Rheinland-pfalz,0.15,0.15,0.1,0.15,0.1
752,752,Berg,BW,Baden-württemberg,0.15,0.15,0.1,0.15,0.1
753,753,Berg bei Neumarkt in der Oberpfalz,BY,Bayern,0.15,0.15,0.1,0.15,0.1
754,754,Berg im Gau,BY,Bayern,0.15,0.15,0.1,0.15,0.1
755,755,Berga,ST,Sachsen-anhalt,0.15,0.15,0.1,0.15,0.1
756,756,Berga,TH,Thüringen,0.15,0.15,0.1,0.15,0.1
757,757,Bergatreute,BW,Baden-württemberg,0.15,0.15,0.1,0.15,0.1
758,758,Berge,ST,Sachsen-anhalt,0.15,0.15,0.1,0.15,0.1
759,759,Berge,NI,Niedersachsen,0.15,0.15,0.1,0.15,0.1
760,760,Berge,BB,Brandenburg,0.15,0.15,0.1,0.15,0.1
761,761,Bergedorf,HH,Hamburg,0.15,0.15,0.1,0.15,0.1
762,762,Bergen,NI,Niedersachsen,0.15,0.15,0.1,0.15,0.1
763,763,Bergen,SN,Sachsen,0.15,0.15,0.1,0.15,0.1
764,764,Bergen,BY,Bayern,0.15,0.15,0.1,0.15,0.1
765,765,Bergen,RP,Rheinland-pfalz,0.15,0.15,0.1,0.15,0.1
766,766,Bergen auf Rügen,MV,Mecklenburg-vorpommern,0.15,0.15,0.1,0.15,0.1
767,767,Bergenhausen,RP,Rheinland-pfalz,0.15,0.15,0.1,0.15,0.1
768,768,Bergenhusen,SH,Schleswig-holstein,0.15,0.15,0.1,0.15,0.1
769,769,Bergewöhrden,SH,Schleswig-holstein,0.15,0.15,0.1,0.15,0.1
770,770,Bergfeld,NI,Niedersachsen,0.15,0.15,0.1,0.15,0.1
771,771,Berghaupten,BW,Baden-württemberg,0.15,0.15,0.1,0.15,0.1
772,772,Berghausen,RP,Rheinland-pfalz,0.15,0.15,0.1,0.15,0.1
773,773,Bergheim,NW,Nordrhein-westfalen,0.15,0.15,0.1,0.15,0.1
774,774,Bergheim,BY,Bayern,0.15,0.15,0.1,0.15,0.1
775,775,Berghülen,BW,Baden-württemberg,0.15,0.15,0.1,0.15,0.1
776,776,Bergisch Gladbach,NW,Nordrhein-westfalen,0.15,0.15,0.1,0.15,0.1
777,777,Bergkamen,NW,Nordrhein-westfalen,0.15,0.15,0.1,0.15,0.1
778,778,Bergkirchen,BY,Bayern,0.15,0.15,0.1,0.15,0.1
779,779,Berglangenbach,RP,Rheinland-pfalz,0.15,0.15,0.1,0.15,0.1
780,780,Berglern,BY,Bayern,0.15,0.15,0.1,0.15,0.1
781,781,Berglicht,RP,Rheinland-pfalz,0.15,0.15,0.1,0.15,0.1
782,782,Bergneustadt,NW,Nordrhein-westfalen,0.15,0.15,0.1,0.15,0.1
783,783,Bergrheinfeld,BY,Bayern,0.15,0.15,0.1,0.15,0.1
784,784,Bergstedt,HH,Hamburg,0.15,0.15,0.1,0.15,0.1
785,785,Bergtheim,BY,Bayern,0.15,0.15,0.1,0.15,0.1
786,786,Bergweiler,RP,Rheinland-pfalz,0.15,0.15,0.1,0.15,0.1
787,787,Bergwitz,ST,Sachsen-anhalt,0.15,0.15,0.1,0.15,0.1
788,788,Beringstedt,SH,Schleswig-holstein,0.15,0.15,0.1,0.15,0.1
789,789,Berkenbrück,BB,Brandenburg,0.15,0.15,0.1,0.15,0.1
790,790,Berkenthin,SH,Schleswig-holstein,0.15,0.15,0.1,0.15,0.1
791,791,Berkheim,BW,Baden-württemberg,0.15,0.15,0.1,0.15,0.1
792,792,Berkoth,RP,Rheinland-pfalz,0.15,0.15,0.1,0.15,0.1
793,793,Berlin,BE,Berlin,0.15,0.15,0.1,0.15,0.1
794,794,Berlingen,RP,Rheinland-pfalz,0.15,0.15,0.1,0.15,0.1
795,795,Berlingerode,TH,Thüringen,0.15,0.15,0.1,0.15,0.1
796,796,Berlstedt,TH,Thüringen,0.15,0.15,0.1,0.15,0.1
797,797,Bermatingen,BW,Baden-württemberg,0.15,0.15,0.1,0.15,0.1
798,798,Bermbach,TH,Thüringen,0.15,0.15,0.1,0.15,0.1
799,799,Bermel,RP,Rheinland-pfalz,0.15,0.15,0.1,0.15,0.1
800,800,Bermersheim,RP,Rheinland-pfalz,0.15,0.15,0.1,0.15,0.1
801,801,Bernau,BW,Baden-württemberg,0.15,0.15,0.1,0.15,0.1
802,802,Bernau am Chiemsee,BY,Bayern,0.15,0.15,0.1,0.15,0.1
803,803,Bernbeuren,BY,Bayern,0.15,0.15,0.1,0.15,0.1
804,804,Bernburg,ST,Sachsen-anhalt,0.15,0.15,0.1,0.15,0.1
805,805,Berndorf,RP,Rheinland-pfalz,0.15,0.15,0.1,0.15,0.1
806,806,Berndroth,RP,Rheinland-pfalz,0.15,0.15,0.1,0.15,0.1
807,807,Berngau,BY,Bayern,0.15,0.15,0.1,0.15,0.1
808,808,Bernhardswald,BY,Bayern,0.15,0.15,0.1,0.15,0.1
809,809,Bernitt,MV,Mecklenburg-vorpommern,0.15,0.15,0.1,0.15,0.1
810,810,Bernkastel-Kues,RP,Rheinland-pfalz,0.15,0.15,0.1,0.15,0.1
811,811,Bernried,BY,Bayern,0.15,0.15,0.1,0.15,0.1
812,812,Bernsbach,SN,Sachsen,0.15,0.15,0.1,0.15,0.1
813,813,Bernsdorf,SN,Sachsen,0.15,0.15,0.1,0.15,0.1
814,814,Bernstadt,BW,Baden-württemberg,0.15,0.15,0.1,0.15,0.1
815,815,Bernstadt,SN,Sachsen,0.15,0.15,0.1,0.15,0.1
816,816,Berod bei Höchstenbach,RP,Rheinland-pfalz,0.15,0.15,0.1,0.15,0.1
817,817,Berod bei Wallmerod,RP,Rheinland-pfalz,0.15,0.15,0.1,0.15,0.1
818,818,Berscheid,RP,Rheinland-pfalz,0.15,0.15,0.1,0.15,0.1
819,819,Bersenbrück,NI,Niedersachsen,0.15,0.15,0.1,0.15,0.1
820,820,Berthelsdorf,SN,Sachsen,0.15,0.15,0.1,0.15,0.1
821,821,Bertsdorf-Hörnitz,SN,Sachsen,0.15,0.15,0.1,0.15,0.1
822,822,Berumbur,NI,Niedersachsen,0.15,0.15,0.1,0.15,0.1
823,823,Berzhahn,RP,Rheinland-pfalz,0.15,0.15,0.1,0.15,0.1
824,824,Berzhausen,RP,Rheinland-pfalz,0.15,0.15,0.1,0.15,0.1
825,825,Berßel,ST,Sachsen-anhalt,0.15,0.15,0.1,0.15,0.1
826,826,Bescheid,RP,Rheinland-pfalz,0.15,0.15,0.1,0.15,0.1
827,827,Beschendorf,SH,Schleswig-holstein,0.15,0.15,0.1,0.15,0.1
828,828,Besdorf,SH,Schleswig-holstein,0.15,0.15,0.1,0.15,0.1
829,829,Besenthal,SH,Schleswig-holstein,0.15,0.15,0.1,0.15,0.1
830,830,Besigheim,BW,Baden-württemberg,0.15,0.15,0.1,0.15,0.1
831,831,Besitz,MV,Mecklenburg-vorpommern,0.15,0.15,0.1,0.15,0.1
832,832,Bestensee,BB,Brandenburg,0.15,0.15,0.1,0.15,0.1
833,833,Bestwig,NW,Nordrhein-westfalen,0.15,0.15,0.1,0.15,0.1
834,834,Betheln,NI,Niedersachsen,0.15,0.15,0.1,0.15,0.1
835,835,Bethenhausen,TH,Thüringen,0.15,0.15,0.1,0.15,0.1
836,836,Betteldorf,RP,Rheinland-pfalz,0.15,0.15,0.1,0.15,0.1
837,837,Bettendorf,RP,Rheinland-pfalz,0.15,0.15,0.1,0.15,0.1
838,838,Bettenfeld,RP,Rheinland-pfalz,0.15,0.15,0.1,0.15,0.1
839,839,Bettingen,RP,Rheinland-pfalz,0.15,0.15,0.1,0.15,0.1
840,840,Betzdorf,RP,Rheinland-pfalz,0.15,0.15,0.1,0.15,0.1
841,841,Betzendorf,NI,Niedersachsen,0.15,0.15,0.1,0.15,0.1
842,842,Betzenweiler,BW,Baden-württemberg,0.15,0.15,0.1,0.15,0.1
843,843,Betzigau,BY,Bayern,0.15,0.15,0.1,0.15,0.1
844,844,Beulich,RP,Rheinland-pfalz,0.15,0.15,0.1,0.15,0.1
845,845,Beuna,ST,Sachsen-anhalt,0.15,0.15,0.1,0.15,0.1
846,846,Beuren,BW,Baden-württemberg,0.15,0.15,0.1,0.15,0.1
847,847,Beuren,RP,Rheinland-pfalz,0.15,0.15,0.1,0.15,0.1
848,848,Beuron,BW,Baden-württemberg,0.15,0.15,0.1,0.15,0.1
849,849,Beuster,ST,Sachsen-anhalt,0.15,0.15,0.1,0.15,0.1
850,850,Beutelsbach,BY,Bayern,0.15,0.15,0.1,0.15,0.1
851,851,Bevern,NI,Niedersachsen,0.15,0.15,0.1,0.15,0.1
852,852,Bevern,SH,Schleswig-holstein,0.15,0.15,0.1,0.15,0.1
853,853,Beverstedt,NI,Niedersachsen,0.15,0.15,0.1,0.15,0.1
854,854,Beverungen,NW,Nordrhein-westfalen,0.15,0.15,0.1,0.15,0.1
855,855,Bexbach,SL,Saarland,0.15,0.15,0.1,0.15,0.1
856,856,Beyernaumburg,ST,Sachsen-anhalt,0.15,0.15,0.1,0.15,0.1
857,857,Biberach,BW,Baden-württemberg,0.15,0.15,0.1,0.15,0.1
858,858,Biberach an der Riß,BW,Baden-württemberg,0.15,0.15,0.1,0.15,0.1
859,859,Biberbach,BY,Bayern,0.15,0.15,0.1,0.15,0.1
860,860,Biblis,HE,Hessen,0.15,0.15,0.1,0.15,0.1
861,861,Bibra,TH,Thüringen,0.15,0.15,0.1,0.15,0.1
862,862,Biburg,BY,Bayern,0.15,0.15,0.1,0.15,0.1
863,863,Bichl,BY,Bayern,0.15,0.15,0.1,0.15,0.1
864,864,Bickenbach,RP,Rheinland-pfalz,0.15,0.15,0.1,0.15,0.1
865,865,Bickenbach,HE,Hessen,0.15,0.15,0.1,0.15,0.1
866,866,Bickendorf,RP,Rheinland-pfalz,0.15,0.15,0.1,0.15,0.1
867,867,Bidingen,BY,Bayern,0.15,0.15,0.1,0.15,0.1
868,868,Biebelnheim,RP,Rheinland-pfalz,0.15,0.15,0.1,0.15,0.1
869,869,Biebelried,BY,Bayern,0.15,0.15,0.1,0.15,0.1
870,870,Biebelsheim,RP,Rheinland-pfalz,0.15,0.15,0.1,0.15,0.1
871,871,Bieberehren,BY,Bayern,0.15,0.15,0.1,0.15,0.1
872,872,Biebern,RP,Rheinland-pfalz,0.15,0.15,0.1,0.15,0.1
873,873,Biebesheim,HE,Hessen,0.15,0.15,0.1,0.15,0.1
874,874,Biebrich,RP,Rheinland-pfalz,0.15,0.15,0.1,0.15,0.1
875,875,Biedenkopf,HE,Hessen,0.15,0.15,0.1,0.15,0.1
876,876,Biederitz,ST,Sachsen-anhalt,0.15,0.15,0.1,0.15,0.1
877,877,Biedershausen,RP,Rheinland-pfalz,0.15,0.15,0.1,0.15,0.1
878,878,Biedesheim,RP,Rheinland-pfalz,0.15,0.15,0.1,0.15,0.1
879,879,Bielefeld,NW,Nordrhein-westfalen,0.15,0.15,0.1,0.15,0.1
880,880,Biendorf,MV,Mecklenburg-vorpommern,0.15,0.15,0.1,0.15,0.1
881,881,Biendorf,ST,Sachsen-anhalt,0.15,0.15,0.1,0.15,0.1
882,882,Bienenbüttel,NI,Niedersachsen,0.15,0.15,0.1,0.15,0.1
883,883,Bienstädt,TH,Thüringen,0.15,0.15,0.1,0.15,0.1
884,884,Biere,ST,Sachsen-anhalt,0.15,0.15,0.1,0.15,0.1
885,885,Biersdorf,RP,Rheinland-pfalz,0.15,0.15,0.1,0.15,0.1
886,886,Biesdorf,BE,Berlin,0.15,0.15,0.1,0.15,0.1
887,887,Biesdorf,RP,Rheinland-pfalz,0.15,0.15,0.1,0.15,0.1
888,888,Biesenthal,BB,Brandenburg,0.15,0.15,0.1,0.15,0.1
889,889,Biessenhofen,BY,Bayern,0.15,0.15,0.1,0.15,0.1
890,890,Bietigheim,BW,Baden-württemberg,0.15,0.15,0.1,0.15,0.1
891,891,Bietigheim-Bissingen,BW,Baden-württemberg,0.15,0.15,0.1,0.15,0.1
892,892,Bilkheim,RP,Rheinland-pfalz,0.15,0.15,0.1,0.15,0.1
893,893,Billerbeck,NW,Nordrhein-westfalen,0.15,0.15,0.1,0.15,0.1
894,894,Billigheim,BW,Baden-württemberg,0.15,0.15,0.1,0.15,0.1
895,895,Billigheim-Ingenheim,RP,Rheinland-pfalz,0.15,0.15,0.1,0.15,0.1
896,896,Billroda,ST,Sachsen-anhalt,0.15,0.15,0.1,0.15,0.1
897,897,Bilsen,SH,Schleswig-holstein,0.15,0.15,0.1,0.15,0.1
898,898,Bilshausen,NI,Niedersachsen,0.15,0.15,0.1,0.15,0.1
899,899,Bilzingsleben,TH,Thüringen,0.15,0.15,0.1,0.15,0.1
900,900,Bimöhlen,SH,Schleswig-holstein,0.15,0.15,0.1,0.15,0.1
901,901,Binau,BW,Baden-württemberg,0.15,0.15,0.1,0.15,0.1
902,902,Bindlach,BY,Bayern,0.15,0.15,0.1,0.15,0.1
903,903,Bingen,BW,Baden-württemberg,0.15,0.15,0.1,0.15,0.1
904,904,Bingen am Rhein,RP,Rheinland-pfalz,0.15,0.15,0.1,0.15,0.1
905,905,Binnen,NI,Niedersachsen,0.15,0.15,0.1,0.15,0.1
906,906,Binningen,RP,Rheinland-pfalz,0.15,0.15,0.1,0.15,0.1
907,907,Binsfeld,RP,Rheinland-pfalz,0.15,0.15,0.1,0.15,0.1
908,908,Binswangen,BY,Bayern,0.15,0.15,0.1,0.15,0.1
909,909,Binzen,BW,Baden-württemberg,0.15,0.15,0.1,0.15,0.1
910,910,Bippen,NI,Niedersachsen,0.15,0.15,0.1,0.15,0.1
911,911,Birenbach,BW,Baden-württemberg,0.15,0.15,0.1,0.15,0.1
912,912,Birgel,RP,Rheinland-pfalz,0.15,0.15,0.1,0.15,0.1
913,913,Birken-Honigsessen,RP,Rheinland-pfalz,0.15,0.15,0.1,0.15,0.1
914,914,Birkenau,HE,Hessen,0.15,0.15,0.1,0.15,0.1
915,915,Birkenbeul,RP,Rheinland-pfalz,0.15,0.15,0.1,0.15,0.1
916,916,Birkenfeld,RP,Rheinland-pfalz,0.15,0.15,0.1,0.15,0.1
917,917,Birkenfeld,BW,Baden-württemberg,0.15,0.15,0.1,0.15,0.1
918,918,Birkenfeld,BY,Bayern,0.15,0.15,0.1,0.15,0.1
919,919,Birkenfelde,TH,Thüringen,0.15,0.15,0.1,0.15,0.1
920,920,Birkenheide,RP,Rheinland-pfalz,0.15,0.15,0.1,0.15,0.1
921,921,Birkenhördt,RP,Rheinland-pfalz,0.15,0.15,0.1,0.15,0.1
922,922,Birkenhügel,TH,Thüringen,0.15,0.15,0.1,0.15,0.1
923,923,Birkenwerder,BB,Brandenburg,0.15,0.15,0.1,0.15,0.1
924,924,Birkheim,RP,Rheinland-pfalz,0.15,0.15,0.1,0.15,0.1
925,925,Birkigt,TH,Thüringen,0.15,0.15,0.1,0.15,0.1
926,926,Birkweiler,RP,Rheinland-pfalz,0.15,0.15,0.1,0.15,0.1
927,927,Birlenbach,RP,Rheinland-pfalz,0.15,0.15,0.1,0.15,0.1
928,928,Birnbach,RP,Rheinland-pfalz,0.15,0.15,0.1,0.15,0.1
929,929,Birresborn,RP,Rheinland-pfalz,0.15,0.15,0.1,0.15,0.1
930,930,Birstein,HE,Hessen,0.15,0.15,0.1,0.15,0.1
931,931,Birtlingen,RP,Rheinland-pfalz,0.15,0.15,0.1,0.15,0.1
932,932,Birx,TH,Thüringen,0.15,0.15,0.1,0.15,0.1
933,933,Bischberg,BY,Bayern,0.15,0.15,0.1,0.15,0.1
934,934,Bischbrunn,BY,Bayern,0.15,0.15,0.1,0.15,0.1
935,935,Bischheim,RP,Rheinland-pfalz,0.15,0.15,0.1,0.15,0.1
936,936,Bischoffen,HE,Hessen,0.15,0.15,0.1,0.15,0.1
937,937,Bischofferode,TH,Thüringen,0.15,0.15,0.1,0.15,0.1
938,938,Bischofrod,TH,Thüringen,0.15,0.15,0.1,0.15,0.1
939,939,Bischofroda,TH,Thüringen,0.15,0.15,0.1,0.15,0.1
940,940,Bischofrode,ST,Sachsen-anhalt,0.15,0.15,0.1,0.15,0.1
941,941,Bischofsgrün,BY,Bayern,0.15,0.15,0.1,0.15,0.1
942,942,Bischofsheim,HE,Hessen,0.15,0.15,0.1,0.15,0.1
943,943,Bischofsheim an der Rhön,BY,Bayern,0.15,0.15,0.1,0.15,0.1
944,944,Bischofsmais,BY,Bayern,0.15,0.15,0.1,0.15,0.1
945,945,Bischofswerda,SN,Sachsen,0.15,0.15,0.1,0.15,0.1
946,946,Bischofswiesen,BY,Bayern,0.15,0.15,0.1,0.15,0.1
947,947,Bischweier,BW,Baden-württemberg,0.15,0.15,0.1,0.15,0.1
948,948,Bisingen,BW,Baden-württemberg,0.15,0.15,0.1,0.15,0.1
949,949,Bismark,ST,Sachsen-anhalt,0.15,0.15,0.1,0.15,0.1
950,950,Bispingen,NI,Niedersachsen,0.15,0.15,0.1,0.15,0.1
951,951,Bissee,SH,Schleswig-holstein,0.15,0.15,0.1,0.15,0.1
952,952,Bissendorf,NI,Niedersachsen,0.15,0.15,0.1,0.15,0.1
953,953,Bissersheim,RP,Rheinland-pfalz,0.15,0.15,0.1,0.15,0.1
954,954,Bissingen,BY,Bayern,0.15,0.15,0.1,0.15,0.1
955,955,Bissingen an der Teck,BW,Baden-württemberg,0.15,0.15,0.1,0.15,0.1
956,956,Bisten,SL,Saarland,0.15,0.15,0.1,0.15,0.1
957,957,Bisterschied,RP,Rheinland-pfalz,0.15,0.15,0.1,0.15,0.1
958,958,Bitburg,RP,Rheinland-pfalz,0.15,0.15,0.1,0.15,0.1
959,959,Bitterfeld-Wolfen,ST,Sachsen-anhalt,0.15,0.15,0.1,0.15,0.1
960,960,Bittkau,ST,Sachsen-anhalt,0.15,0.15,0.1,0.15,0.1
961,961,Bitz,BW,Baden-württemberg,0.15,0.15,0.1,0.15,0.1
962,962,Bitzen,RP,Rheinland-pfalz,0.15,0.15,0.1,0.15,0.1
963,963,Blaibach,BY,Bayern,0.15,0.15,0.1,0.15,0.1
964,964,Blaichach,BY,Bayern,0.15,0.15,0.1,0.15,0.1
965,965,Blankenbach,BY,Bayern,0.15,0.15,0.1,0.15,0.1
966,966,Blankenberg,TH,Thüringen,0.15,0.15,0.1,0.15,0.1
967,967,Blankenburg,TH,Thüringen,0.15,0.15,0.1,0.15,0.1
968,968,Blankenburg,ST,Sachsen-anhalt,0.15,0.15,0.1,0.15,0.1
969,969,Blankenburg,BE,Berlin,0.15,0.15,0.1,0.15,0.1
970,970,Blankenfelde,BE,Berlin,0.15,0.15,0.1,0.15,0.1
971,971,Blankenhagen,MV,Mecklenburg-vorpommern,0.15,0.15,0.1,0.15,0.1
972,972,Blankenhain,TH,Thüringen,0.15,0.15,0.1,0.15,0.1
973,973,Blankenheim,ST,Sachsen-anhalt,0.15,0.15,0.1,0.15,0.1
974,974,Blankenheim,NW,Nordrhein-westfalen,0.15,0.15,0.1,0.15,0.1
975,975,Blankenhof,MV,Mecklenburg-vorpommern,0.15,0.15,0.1,0.15,0.1
976,976,Blankenrath,RP,Rheinland-pfalz,0.15,0.15,0.1,0.15,0.1
977,977,Blankensee,MV,Mecklenburg-vorpommern,0.15,0.15,0.1,0.15,0.1
978,978,Blankenstein,TH,Thüringen,0.15,0.15,0.1,0.15,0.1
979,979,Blaubach,RP,Rheinland-pfalz,0.15,0.15,0.1,0.15,0.1
980,980,Blaubeuren,BW,Baden-württemberg,0.15,0.15,0.1,0.15,0.1
981,981,Blaufelden,BW,Baden-württemberg,0.15,0.15,0.1,0.15,0.1
982,982,Blaustein,BW,Baden-württemberg,0.15,0.15,0.1,0.15,0.1
983,983,Bleckede,NI,Niedersachsen,0.15,0.15,0.1,0.15,0.1
984,984,Bleckhausen,RP,Rheinland-pfalz,0.15,0.15,0.1,0.15,0.1
985,985,Bleialf,RP,Rheinland-pfalz,0.15,0.15,0.1,0.15,0.1
986,986,Blekendorf,SH,Schleswig-holstein,0.15,0.15,0.1,0.15,0.1
987,987,Blender,NI,Niedersachsen,0.15,0.15,0.1,0.15,0.1
988,988,Bliedersdorf,NI,Niedersachsen,0.15,0.15,0.1,0.15,0.1
989,989,Bliesdorf,BB,Brandenburg,0.15,0.15,0.1,0.15,0.1
990,990,Blieskastel,SL,Saarland,0.15,0.15,0.1,0.15,0.1
991,991,Bliestorf,SH,Schleswig-holstein,0.15,0.15,0.1,0.15,0.1
992,992,Blievenstorf,MV,Mecklenburg-vorpommern,0.15,0.15,0.1,0.15,0.1
993,993,Blindheim,BY,Bayern,0.15,0.15,0.1,0.15,0.1
994,994,Blomberg,NI,Niedersachsen,0.15,0.15,0.1,0.15,0.1
995,995,Blomberg,NW,Nordrhein-westfalen,0.15,0.15,0.1,0.15,0.1
996,996,Blomesche Wildnis,SH,Schleswig-holstein,0.15,0.15,0.1,0.15,0.1
997,997,Blowatz,MV,Mecklenburg-vorpommern,0.15,0.15,0.1,0.15,0.1
998,998,Blumberg,BW,Baden-württemberg,0.15,0.15,0.1,0.15,0.1
999,999,Blumenholz,MV,Mecklenburg-vorpommern,0.15,0.15,0.1,0.15,0.1
1000,1000,Blumenthal,SH,Schleswig-holstein,0.15,0.15,0.1,0.15,0.1
1001,1001,Blunk,SH,Schleswig-holstein,0.15,0.15,0.1,0.15,0.1
1002,1002,Bobbau,ST,Sachsen-anhalt,0.15,0.15,0.1,0.15,0.1
1003,1003,Bobeck,TH,Thüringen,0.15,0.15,0.1,0.15,0.1
1004,1004,Bobenheim am Berg,RP,Rheinland-pfalz,0.15,0.15,0.1,0.15,0.1
1005,1005,Bobenheim-Roxheim,RP,Rheinland-pfalz,0.15,0.15,0.1,0.15,0.1
1006,1006,Bobenthal,RP,Rheinland-pfalz,0.15,0.15,0.1,0.15,0.1
1007,1007,Bobingen,BY,Bayern,0.15,0.15,0.1,0.15,0.1
1008,1008,Bobitz,MV,Mecklenburg-vorpommern,0.15,0.15,0.1,0.15,0.1
1009,1009,Bocholt,NW,Nordrhein-westfalen,0.15,0.15,0.1,0.15,0.1
1010,1010,Bochum,NW,Nordrhein-westfalen,0.15,0.15,0.1,0.15,0.1
1011,1011,Bocka,TH,Thüringen,0.15,0.15,0.1,0.15,0.1
1012,1012,Bockau,SN,Sachsen,0.15,0.15,0.1,0.15,0.1
1013,1013,Bockelwitz,SN,Sachsen,0.15,0.15,0.1,0.15,0.1
1014,1014,Bockenau,RP,Rheinland-pfalz,0.15,0.15,0.1,0.15,0.1
1015,1015,Bockenem,NI,Niedersachsen,0.15,0.15,0.1,0.15,0.1
1016,1016,Bockenheim,RP,Rheinland-pfalz,0.15,0.15,0.1,0.15,0.1
1017,1017,Bockhorn,NI,Niedersachsen,0.15,0.15,0.1,0.15,0.1
1018,1018,Bockhorn,BY,Bayern,0.15,0.15,0.1,0.15,0.1
1019,1019,Bockhorst,NI,Niedersachsen,0.15,0.15,0.1,0.15,0.1
1020,1020,Bodelshausen,BW,Baden-württemberg,0.15,0.15,0.1,0.15,0.1
1021,1021,Bodelwitz,TH,Thüringen,0.15,0.15,0.1,0.15,0.1
1022,1022,Boden,RP,Rheinland-pfalz,0.15,0.15,0.1,0.15,0.1
1023,1023,Bodenbach,RP,Rheinland-pfalz,0.15,0.15,0.1,0.15,0.1
1024,1024,Bodenfelde,NI,Niedersachsen,0.15,0.15,0.1,0.15,0.1
1025,1025,Bodenheim,RP,Rheinland-pfalz,0.15,0.15,0.1,0.15,0.1
1026,1026,Bodenkirchen,BY,Bayern,0.15,0.15,0.1,0.15,0.1
1027,1027,Bodenmais,BY,Bayern,0.15,0.15,0.1,0.15,0.1
1028,1028,Bodensee,NI,Niedersachsen,0.15,0.15,0.1,0.15,0.1
1029,1029,Bodenteich,NI,Niedersachsen,0.15,0.15,0.1,0.15,0.1
1030,1030,Bodenwerder,NI,Niedersachsen,0.15,0.15,0.1,0.15,0.1
1031,1031,Bodenwöhr,BY,Bayern,0.15,0.15,0.1,0.15,0.1
1032,1032,Bodman-Ludwigshafen,BW,Baden-württemberg,0.15,0.15,0.1,0.15,0.1
1033,1033,Bodnegg,BW,Baden-württemberg,0.15,0.15,0.1,0.15,0.1
1034,1034,Bodolz,BY,Bayern,0.15,0.15,0.1,0.15,0.1
1035,1035,Boffzen,NI,Niedersachsen,0.15,0.15,0.1,0.15,0.1
1036,1036,Bogel,RP,Rheinland-pfalz,0.15,0.15,0.1,0.15,0.1
1037,1037,Bogen,BY,Bayern,0.15,0.15,0.1,0.15,0.1
1038,1038,Bohmstedt,SH,Schleswig-holstein,0.15,0.15,0.1,0.15,0.1
1039,1039,Bohmte,NI,Niedersachsen,0.15,0.15,0.1,0.15,0.1
1040,1040,Boiensdorf,MV,Mecklenburg-vorpommern,0.15,0.15,0.1,0.15,0.1
1041,1041,Boitze,NI,Niedersachsen,0.15,0.15,0.1,0.15,0.1
1042,1042,Boizenburg,MV,Mecklenburg-vorpommern,0.15,0.15,0.1,0.15,0.1
1043,1043,Bokel,SH,Schleswig-holstein,0.15,0.15,0.1,0.15,0.1
1044,1044,Bokel,NI,Niedersachsen,0.15,0.15,0.1,0.15,0.1
1045,1045,Bokelrehm,SH,Schleswig-holstein,0.15,0.15,0.1,0.15,0.1
1046,1046,Bokensdorf,NI,Niedersachsen,0.15,0.15,0.1,0.15,0.1
1047,1047,Bokholt-Hanredder,SH,Schleswig-holstein,0.15,0.15,0.1,0.15,0.1
1048,1048,Bokhorst,SH,Schleswig-holstein,0.15,0.15,0.1,0.15,0.1
1049,1049,Boksee,SH,Schleswig-holstein,0.15,0.15,0.1,0.15,0.1
1050,1050,Bolanden,RP,Rheinland-pfalz,0.15,0.15,0.1,0.15,0.1
1051,1051,Boldekow,MV,Mecklenburg-vorpommern,0.15,0.15,0.1,0.15,0.1
1052,1052,Boll,BW,Baden-württemberg,0.15,0.15,0.1,0.15,0.1
1053,1053,Bollberg,TH,Thüringen,0.15,0.15,0.1,0.15,0.1
1054,1054,Bollenbach,RP,Rheinland-pfalz,0.15,0.15,0.1,0.15,0.1
1055,1055,Bollendorf,RP,Rheinland-pfalz,0.15,0.15,0.1,0.15,0.1
1056,1056,Bollingstedt,SH,Schleswig-holstein,0.15,0.15,0.1,0.15,0.1
1057,1057,Bollschweil,BW,Baden-württemberg,0.15,0.15,0.1,0.15,0.1
1058,1058,Bolsterlang,BY,Bayern,0.15,0.15,0.1,0.15,0.1
1059,1059,Bomlitz,NI,Niedersachsen,0.15,0.15,0.1,0.15,0.1
1060,1060,Boms,BW,Baden-württemberg,0.15,0.15,0.1,0.15,0.1
1061,1061,Bondelum,SH,Schleswig-holstein,0.15,0.15,0.1,0.15,0.1
1062,1062,Bondorf,BW,Baden-württemberg,0.15,0.15,0.1,0.15,0.1
1063,1063,Bonefeld,RP,Rheinland-pfalz,0.15,0.15,0.1,0.15,0.1
1064,1064,Bongard,RP,Rheinland-pfalz,0.15,0.15,0.1,0.15,0.1
1065,1065,Bonn,NW,Nordrhein-westfalen,0.15,0.15,0.1,0.15,0.1
1066,1066,Bonndorf,BW,Baden-württemberg,0.15,0.15,0.1,0.15,0.1
1067,1067,Bonstetten,BY,Bayern,0.15,0.15,0.1,0.15,0.1
1068,1068,Boock,MV,Mecklenburg-vorpommern,0.15,0.15,0.1,0.15,0.1
1069,1069,Boos,BY,Bayern,0.15,0.15,0.1,0.15,0.1
1070,1070,Boos,RP,Rheinland-pfalz,0.15,0.15,0.1,0.15,0.1
1071,1071,Boostedt,SH,Schleswig-holstein,0.15,0.15,0.1,0.15,0.1
1072,1072,Bopfingen,BW,Baden-württemberg,0.15,0.15,0.1,0.15,0.1
1073,1073,Boppard,RP,Rheinland-pfalz,0.15,0.15,0.1,0.15,0.1
1074,1074,Bordelum,SH,Schleswig-holstein,0.15,0.15,0.1,0.15,0.1
1075,1075,Bordesholm,SH,Schleswig-holstein,0.15,0.15,0.1,0.15,0.1
1076,1076,Boren,SH,Schleswig-holstein,0.15,0.15,0.1,0.15,0.1
1077,1077,Borgdorf-Seedorf,SH,Schleswig-holstein,0.15,0.15,0.1,0.15,0.1
1078,1078,Borgentreich,NW,Nordrhein-westfalen,0.15,0.15,0.1,0.15,0.1
1079,1079,Borgfelde,HH,Hamburg,0.15,0.15,0.1,0.15,0.1
1080,1080,Borgholzhausen,NW,Nordrhein-westfalen,0.15,0.15,0.1,0.15,0.1
1081,1081,Borgstedt,SH,Schleswig-holstein,0.15,0.15,0.1,0.15,0.1
1082,1082,Borgsum,SH,Schleswig-holstein,0.15,0.15,0.1,0.15,0.1
1083,1083,Borgwedel,SH,Schleswig-holstein,0.15,0.15,0.1,0.15,0.1
1084,1084,Borken,NW,Nordrhein-westfalen,0.15,0.15,0.1,0.15,0.1
1085,1085,Borken,HE,Hessen,0.15,0.15,0.1,0.15,0.1
1086,1086,Borkheide,BB,Brandenburg,0.15,0.15,0.1,0.15,0.1
1087,1087,Borkow,MV,Mecklenburg-vorpommern,0.15,0.15,0.1,0.15,0.1
1088,1088,Borkum,NI,Niedersachsen,0.15,0.15,0.1,0.15,0.1
1089,1089,Borkwalde,BB,Brandenburg,0.15,0.15,0.1,0.15,0.1
1090,1090,Borler,RP,Rheinland-pfalz,0.15,0.15,0.1,0.15,0.1
1091,1091,Born,MV,Mecklenburg-vorpommern,0.15,0.15,0.1,0.15,0.1
1092,1092,Borna,SN,Sachsen,0.15,0.15,0.1,0.15,0.1
1093,1093,Borne,ST,Sachsen-anhalt,0.15,0.15,0.1,0.15,0.1
1094,1094,Bornhagen,TH,Thüringen,0.15,0.15,0.1,0.15,0.1
1095,1095,Bornheim,RP,Rheinland-pfalz,0.15,0.15,0.1,0.15,0.1
1096,1096,Bornheim,NW,Nordrhein-westfalen,0.15,0.15,0.1,0.15,0.1
1097,1097,Bornholt,SH,Schleswig-holstein,0.15,0.15,0.1,0.15,0.1
1098,1098,Bornhöved,SH,Schleswig-holstein,0.15,0.15,0.1,0.15,0.1
1099,1099,Bornich,RP,Rheinland-pfalz,0.15,0.15,0.1,0.15,0.1
1100,1100,Bornstedt,ST,Sachsen-anhalt,0.15,0.15,0.1,0.15,0.1
1101,1101,Bornum,ST,Sachsen-anhalt,0.15,0.15,0.1,0.15,0.1
1102,1102,Borod,RP,Rheinland-pfalz,0.15,0.15,0.1,0.15,0.1
1103,1103,Borrentin,MV,Mecklenburg-vorpommern,0.15,0.15,0.1,0.15,0.1
1104,1104,Borsdorf,SN,Sachsen,0.15,0.15,0.1,0.15,0.1
1105,1105,Borsfleth,SH,Schleswig-holstein,0.15,0.15,0.1,0.15,0.1
1106,1106,Borstel,SH,Schleswig-holstein,0.15,0.15,0.1,0.15,0.1
1107,1107,Borstel,NI,Niedersachsen,0.15,0.15,0.1,0.15,0.1
1108,1108,Borstel-Hohenraden,SH,Schleswig-holstein,0.15,0.15,0.1,0.15,0.1
1109,1109,Borstendorf,SN,Sachsen,0.15,0.15,0.1,0.15,0.1
1110,1110,Borstorf,SH,Schleswig-holstein,0.15,0.15,0.1,0.15,0.1
1111,1111,Borxleben,TH,Thüringen,0.15,0.15,0.1,0.15,0.1
1112,1112,Bosau,SH,Schleswig-holstein,0.15,0.15,0.1,0.15,0.1
1113,1113,Bosbüll,SH,Schleswig-holstein,0.15,0.15,0.1,0.15,0.1
1114,1114,Bosenbach,RP,Rheinland-pfalz,0.15,0.15,0.1,0.15,0.1
1115,1115,Bothel,NI,Niedersachsen,0.15,0.15,0.1,0.15,0.1
1116,1116,Bothenheilingen,TH,Thüringen,0.15,0.15,0.1,0.15,0.1
1117,1117,Bothkamp,SH,Schleswig-holstein,0.15,0.15,0.1,0.15,0.1
1118,1118,Bottenbach,RP,Rheinland-pfalz,0.15,0.15,0.1,0.15,0.1
1119,1119,Bottmersdorf,ST,Sachsen-anhalt,0.15,0.15,0.1,0.15,0.1
1120,1120,Bottrop,NW,Nordrhein-westfalen,0.15,0.15,0.1,0.15,0.1
1121,1121,Bous,SL,Saarland,0.15,0.15,0.1,0.15,0.1
1122,1122,Bovenau,SH,Schleswig-holstein,0.15,0.15,0.1,0.15,0.1
1123,1123,Bovenden,NI,Niedersachsen,0.15,0.15,0.1,0.15,0.1
1124,1124,Boxberg,RP,Rheinland-pfalz,0.15,0.15,0.1,0.15,0.1
1125,1125,Boxberg,SN,Sachsen,0.15,0.15,0.1,0.15,0.1
1126,1126,Boxberg,BW,Baden-württemberg,0.15,0.15,0.1,0.15,0.1
1127,1127,Boßdorf,ST,Sachsen-anhalt,0.15,0.15,0.1,0.15,0.1
1128,1128,Braak,SH,Schleswig-holstein,0.15,0.15,0.1,0.15,0.1
1129,1129,Brachbach,RP,Rheinland-pfalz,0.15,0.15,0.1,0.15,0.1
1130,1130,Brachstedt,ST,Sachsen-anhalt,0.15,0.15,0.1,0.15,0.1
1131,1131,Brachtendorf,RP,Rheinland-pfalz,0.15,0.15,0.1,0.15,0.1
1132,1132,Brachwitz,ST,Sachsen-anhalt,0.15,0.15,0.1,0.15,0.1
1133,1133,Brackel,NI,Niedersachsen,0.15,0.15,0.1,0.15,0.1
1134,1134,Brackenheim,BW,Baden-württemberg,0.15,0.15,0.1,0.15,0.1
1135,1135,Braderup,SH,Schleswig-holstein,0.15,0.15,0.1,0.15,0.1
1136,1136,Brahlstorf,MV,Mecklenburg-vorpommern,0.15,0.15,0.1,0.15,0.1
1137,1137,Brahmenau,TH,Thüringen,0.15,0.15,0.1,0.15,0.1
1138,1138,Brakel,NW,Nordrhein-westfalen,0.15,0.15,0.1,0.15,0.1
1139,1139,Brammer,SH,Schleswig-holstein,0.15,0.15,0.1,0.15,0.1
1140,1140,Bramsche,NI,Niedersachsen,0.15,0.15,0.1,0.15,0.1
1141,1141,Bramstedt,NI,Niedersachsen,0.15,0.15,0.1,0.15,0.1
1142,1142,Bramstedtlund,SH,Schleswig-holstein,0.15,0.15,0.1,0.15,0.1
1143,1143,Brand,BY,Bayern,0.15,0.15,0.1,0.15,0.1
1144,1144,Brand-Erbisdorf,SN,Sachsen,0.15,0.15,0.1,0.15,0.1
1145,1145,Brande-Hörnerkirchen,SH,Schleswig-holstein,0.15,0.15,0.1,0.15,0.1
1146,1146,Brandenburg an der Havel,BB,Brandenburg,0.15,0.15,0.1,0.15,0.1
1147,1147,Brandis,SN,Sachsen,0.15,0.15,0.1,0.15,0.1
1148,1148,Brandscheid,RP,Rheinland-pfalz,0.15,0.15,0.1,0.15,0.1
1149,1149,Brandshagen,MV,Mecklenburg-vorpommern,0.15,0.15,0.1,0.15,0.1
1150,1150,Brannenburg,BY,Bayern,0.15,0.15,0.1,0.15,0.1
1151,1151,Braschwitz,ST,Sachsen-anhalt,0.15,0.15,0.1,0.15,0.1
1152,1152,Braubach,RP,Rheinland-pfalz,0.15,0.15,0.1,0.15,0.1
1153,1153,Brauneberg,RP,Rheinland-pfalz,0.15,0.15,0.1,0.15,0.1
1154,1154,Braunfels,HE,Hessen,0.15,0.15,0.1,0.15,0.1
1155,1155,Braunichswalde,TH,Thüringen,0.15,0.15,0.1,0.15,0.1
1156,1156,Braunlage,NI,Niedersachsen,0.15,0.15,0.1,0.15,0.1
1157,1157,Braunsbach,BW,Baden-württemberg,0.15,0.15,0.1,0.15,0.1
1158,1158,Braunsbedra,ST,Sachsen-anhalt,0.15,0.15,0.1,0.15,0.1
1159,1159,Braunschweig,NI,Niedersachsen,0.15,0.15,0.1,0.15,0.1
1160,1160,Braunschwende,ST,Sachsen-anhalt,0.15,0.15,0.1,0.15,0.1
1161,1161,Braunshorn,RP,Rheinland-pfalz,0.15,0.15,0.1,0.15,0.1
1162,1162,Braunweiler,RP,Rheinland-pfalz,0.15,0.15,0.1,0.15,0.1
1163,1163,Brauweiler,RP,Rheinland-pfalz,0.15,0.15,0.1,0.15,0.1
1164,1164,Brebel,SH,Schleswig-holstein,0.15,0.15,0.1,0.15,0.1
1165,1165,Brecht,RP,Rheinland-pfalz,0.15,0.15,0.1,0.15,0.1
1166,1166,Breckerfeld,NW,Nordrhein-westfalen,0.15,0.15,0.1,0.15,0.1
1167,1167,Breddenberg,NI,Niedersachsen,0.15,0.15,0.1,0.15,0.1
1168,1168,Breddin,BB,Brandenburg,0.15,0.15,0.1,0.15,0.1
1169,1169,Breddorf,NI,Niedersachsen,0.15,0.15,0.1,0.15,0.1
1170,1170,Bredenbek,SH,Schleswig-holstein,0.15,0.15,0.1,0.15,0.1
1171,1171,Bredstedt,SH,Schleswig-holstein,0.15,0.15,0.1,0.15,0.1
1172,1172,Breege,MV,Mecklenburg-vorpommern,0.15,0.15,0.1,0.15,0.1
1173,1173,Breese,BB,Brandenburg,0.15,0.15,0.1,0.15,0.1
1174,1174,Breesen,MV,Mecklenburg-vorpommern,0.15,0.15,0.1,0.15,0.1
1175,1175,Bregenstedt,ST,Sachsen-anhalt,0.15,0.15,0.1,0.15,0.1
1176,1176,Brehme,TH,Thüringen,0.15,0.15,0.1,0.15,0.1
1177,1177,Brehna,ST,Sachsen-anhalt,0.15,0.15,0.1,0.15,0.1
1178,1178,Breidenbach,HE,Hessen,0.15,0.15,0.1,0.15,0.1
1179,1179,Breiholz,SH,Schleswig-holstein,0.15,0.15,0.1,0.15,0.1
1180,1180,Breisach am Rhein,BW,Baden-württemberg,0.15,0.15,0.1,0.15,0.1
1181,1181,Breit,RP,Rheinland-pfalz,0.15,0.15,0.1,0.15,0.1
1182,1182,Breitbrunn,BY,Bayern,0.15,0.15,0.1,0.15,0.1
1183,1183,Breitenau,RP,Rheinland-pfalz,0.15,0.15,0.1,0.15,0.1
1184,1184,Breitenbach,RP,Rheinland-pfalz,0.15,0.15,0.1,0.15,0.1
1185,1185,Breitenbach,TH,Thüringen,0.15,0.15,0.1,0.15,0.1
1186,1186,Breitenbach,HE,Hessen,0.15,0.15,0.1,0.15,0.1
1187,1187,Breitenberg,BY,Bayern,0.15,0.15,0.1,0.15,0.1
1188,1188,Breitenberg,SH,Schleswig-holstein,0.15,0.15,0.1,0.15,0.1
1189,1189,Breitenbrunn,BY,Bayern,0.15,0.15,0.1,0.15,0.1
1190,1190,Breitenbrunn,SN,Sachsen,0.15,0.15,0.1,0.15,0.1
1191,1191,Breitenburg,SH,Schleswig-holstein,0.15,0.15,0.1,0.15,0.1
1192,1192,Breitenfelde,SH,Schleswig-holstein,0.15,0.15,0.1,0.15,0.1
1193,1193,Breitengüßbach,BY,Bayern,0.15,0.15,0.1,0.15,0.1
1194,1194,Breitenhagen,ST,Sachsen-anhalt,0.15,0.15,0.1,0.15,0.1
1195,1195,Breitenheim,RP,Rheinland-pfalz,0.15,0.15,0.1,0.15,0.1
1196,1196,Breitenstein,ST,Sachsen-anhalt,0.15,0.15,0.1,0.15,0.1
1197,1197,Breitenthal,BY,Bayern,0.15,0.15,0.1,0.15,0.1
1198,1198,Breitenthal,RP,Rheinland-pfalz,0.15,0.15,0.1,0.15,0.1
1199,1199,Breitenworbis,TH,Thüringen,0.15,0.15,0.1,0.15,0.1
1200,1200,Breitingen,BW,Baden-württemberg,0.15,0.15,0.1,0.15,0.1
1201,1201,Breitnau,BW,Baden-württemberg,0.15,0.15,0.1,0.15,0.1
1202,1202,Breitscheid,HE,Hessen,0.15,0.15,0.1,0.15,0.1
1203,1203,Breitscheid,RP,Rheinland-pfalz,0.15,0.15,0.1,0.15,0.1
1204,1204,Breitscheidt,RP,Rheinland-pfalz,0.15,0.15,0.1,0.15,0.1
1205,1205,Breitungen,TH,Thüringen,0.15,0.15,0.1,0.15,0.1
1206,1206,Breitungen,ST,Sachsen-anhalt,0.15,0.15,0.1,0.15,0.1
1207,1207,Brekendorf,SH,Schleswig-holstein,0.15,0.15,0.1,0.15,0.1
1208,1208,Breklum,SH,Schleswig-holstein,0.15,0.15,0.1,0.15,0.1
1209,1209,Bremberg,RP,Rheinland-pfalz,0.15,0.15,0.1,0.15,0.1
1210,1210,Bremen,HB,Bremen,0.15,0.15,0.1,0.15,0.1
1211,1211,Bremerhaven,HB,Bremen,0.15,0.15,0.1,0.15,0.1
1212,1212,Bremervörde,NI,Niedersachsen,0.15,0.15,0.1,0.15,0.1
1213,1213,Bremm,RP,Rheinland-pfalz,0.15,0.15,0.1,0.15,0.1
1214,1214,Bremsnitz,TH,Thüringen,0.15,0.15,0.1,0.15,0.1
1215,1215,Brenk,RP,Rheinland-pfalz,0.15,0.15,0.1,0.15,0.1
1216,1216,Brennberg,BY,Bayern,0.15,0.15,0.1,0.15,0.1
1217,1217,Brensbach,HE,Hessen,0.15,0.15,0.1,0.15,0.1
1218,1218,Brenz,MV,Mecklenburg-vorpommern,0.15,0.15,0.1,0.15,0.1
1219,1219,Brest,NI,Niedersachsen,0.15,0.15,0.1,0.15,0.1
1220,1220,Bretleben,TH,Thüringen,0.15,0.15,0.1,0.15,0.1
1221,1221,Bretsch,ST,Sachsen-anhalt,0.15,0.15,0.1,0.15,0.1
1222,1222,Bretten,BW,Baden-württemberg,0.15,0.15,0.1,0.15,0.1
1223,1223,Bretthausen,RP,Rheinland-pfalz,0.15,0.15,0.1,0.15,0.1
1224,1224,Brettin,ST,Sachsen-anhalt,0.15,0.15,0.1,0.15,0.1
1225,1225,Bretzenheim,RP,Rheinland-pfalz,0.15,0.15,0.1,0.15,0.1
1226,1226,Bretzfeld,BW,Baden-württemberg,0.15,0.15,0.1,0.15,0.1
1227,1227,Breuna,HE,Hessen,0.15,0.15,0.1,0.15,0.1
1228,1228,Breunigweiler,RP,Rheinland-pfalz,0.15,0.15,0.1,0.15,0.1
1229,1229,Brevörde,NI,Niedersachsen,0.15,0.15,0.1,0.15,0.1
1230,1230,Brey,RP,Rheinland-pfalz,0.15,0.15,0.1,0.15,0.1
1231,1231,Brickeln,SH,Schleswig-holstein,0.15,0.15,0.1,0.15,0.1
1232,1232,Briedel,RP,Rheinland-pfalz,0.15,0.15,0.1,0.15,0.1
1233,1233,Brieden,RP,Rheinland-pfalz,0.15,0.15,0.1,0.15,0.1
1234,1234,Briedern,RP,Rheinland-pfalz,0.15,0.15,0.1,0.15,0.1
1235,1235,Brieselang,BB,Brandenburg,0.15,0.15,0.1,0.15,0.1
1236,1236,Briesen,BB,Brandenburg,0.15,0.15,0.1,0.15,0.1
1237,1237,Brieskow-Finkenheerd,BB,Brandenburg,0.15,0.15,0.1,0.15,0.1
1238,1238,Brietlingen,NI,Niedersachsen,0.15,0.15,0.1,0.15,0.1
1239,1239,Brilon,NW,Nordrhein-westfalen,0.15,0.15,0.1,0.15,0.1
1240,1240,Brimingen,RP,Rheinland-pfalz,0.15,0.15,0.1,0.15,0.1
1241,1241,Brinjahe,SH,Schleswig-holstein,0.15,0.15,0.1,0.15,0.1
1242,1242,Brinkum,NI,Niedersachsen,0.15,0.15,0.1,0.15,0.1
1243,1243,Britz,BB,Brandenburg,0.15,0.15,0.1,0.15,0.1
1244,1244,Britz,BE,Berlin,0.15,0.15,0.1,0.15,0.1
1245,1245,Brockel,NI,Niedersachsen,0.15,0.15,0.1,0.15,0.1
1246,1246,Brockscheid,RP,Rheinland-pfalz,0.15,0.15,0.1,0.15,0.1
1247,1247,Brockum,NI,Niedersachsen,0.15,0.15,0.1,0.15,0.1
1248,1248,Brodenbach,RP,Rheinland-pfalz,0.15,0.15,0.1,0.15,0.1
1249,1249,Brodersby,SH,Schleswig-holstein,0.15,0.15,0.1,0.15,0.1
1250,1250,Brodersdorf,SH,Schleswig-holstein,0.15,0.15,0.1,0.15,0.1
1251,1251,Broderstorf,MV,Mecklenburg-vorpommern,0.15,0.15,0.1,0.15,0.1
1252,1252,Brohl,RP,Rheinland-pfalz,0.15,0.15,0.1,0.15,0.1
1253,1253,Brohl-Lützing,RP,Rheinland-pfalz,0.15,0.15,0.1,0.15,0.1
1254,1254,Brokdorf,SH,Schleswig-holstein,0.15,0.15,0.1,0.15,0.1
1255,1255,Brokstedt,SH,Schleswig-holstein,0.15,0.15,0.1,0.15,0.1
1256,1256,Brome,NI,Niedersachsen,0.15,0.15,0.1,0.15,0.1
1257,1257,Bromskirchen,HE,Hessen,0.15,0.15,0.1,0.15,0.1
1258,1258,Bronkow,BB,Brandenburg,0.15,0.15,0.1,0.15,0.1
1259,1259,Brotterode,TH,Thüringen,0.15,0.15,0.1,0.15,0.1
1260,1260,Bruch,RP,Rheinland-pfalz,0.15,0.15,0.1,0.15,0.1
1261,1261,Bruchertseifen,RP,Rheinland-pfalz,0.15,0.15,0.1,0.15,0.1
1262,1262,Bruchhausen,RP,Rheinland-pfalz,0.15,0.15,0.1,0.15,0.1
1263,1263,Bruchhausen-Vilsen,NI,Niedersachsen,0.15,0.15,0.1,0.15,0.1
1264,1264,Bruchköbel,HE,Hessen,0.15,0.15,0.1,0.15,0.1
1265,1265,Bruchmühlbach-Miesau,RP,Rheinland-pfalz,0.15,0.15,0.1,0.15,0.1
1266,1266,Bruchsal,BW,Baden-württemberg,0.15,0.15,0.1,0.15,0.1
1267,1267,Bruchstedt,TH,Thüringen,0.15,0.15,0.1,0.15,0.1
1268,1268,Bruchweiler,RP,Rheinland-pfalz,0.15,0.15,0.1,0.15,0.1
1269,1269,Bruchweiler-Bärenbach,RP,Rheinland-pfalz,0.15,0.15,0.1,0.15,0.1
1270,1270,Bruck,BY,Bayern,0.15,0.15,0.1,0.15,0.1
1271,1271,Bruck in der Oberpfalz,BY,Bayern,0.15,0.15,0.1,0.15,0.1
1272,1272,Bruckberg,BY,Bayern,0.15,0.15,0.1,0.15,0.1
1273,1273,Bruckmühl,BY,Bayern,0.15,0.15,0.1,0.15,0.1
1274,1274,Brumby,ST,Sachsen-anhalt,0.15,0.15,0.1,0.15,0.1
1275,1275,Brunau,ST,Sachsen-anhalt,0.15,0.15,0.1,0.15,0.1
1276,1276,Brunn,MV,Mecklenburg-vorpommern,0.15,0.15,0.1,0.15,0.1
1277,1277,Brunn,BY,Bayern,0.15,0.15,0.1,0.15,0.1
1278,1278,Brunnen,BY,Bayern,0.15,0.15,0.1,0.15,0.1
1279,1279,Brunnthal,BY,Bayern,0.15,0.15,0.1,0.15,0.1
1280,1280,Brunsbüttel,SH,Schleswig-holstein,0.15,0.15,0.1,0.15,0.1
1281,1281,Brunsmark,SH,Schleswig-holstein,0.15,0.15,0.1,0.15,0.1
1282,1282,Brunstorf,SH,Schleswig-holstein,0.15,0.15,0.1,0.15,0.1
1283,1283,Bruschied,RP,Rheinland-pfalz,0.15,0.15,0.1,0.15,0.1
1284,1284,Bruttig-Fankel,RP,Rheinland-pfalz,0.15,0.15,0.1,0.15,0.1
1285,1285,Bräunlingen,BW,Baden-württemberg,0.15,0.15,0.1,0.15,0.1
1286,1286,Bräunrode,ST,Sachsen-anhalt,0.15,0.15,0.1,0.15,0.1
1287,1287,Bröckel,NI,Niedersachsen,0.15,0.15,0.1,0.15,0.1
1288,1288,Bröthen,SH,Schleswig-holstein,0.15,0.15,0.1,0.15,0.1
1289,1289,Brück,BB,Brandenburg,0.15,0.15,0.1,0.15,0.1
1290,1290,Brücken,RP,Rheinland-pfalz,0.15,0.15,0.1,0.15,0.1
1291,1291,Brücken,ST,Sachsen-anhalt,0.15,0.15,0.1,0.15,0.1
1292,1292,Brücktal,RP,Rheinland-pfalz,0.15,0.15,0.1,0.15,0.1
1293,1293,Brüel,MV,Mecklenburg-vorpommern,0.15,0.15,0.1,0.15,0.1
1294,1294,Brügge,SH,Schleswig-holstein,0.15,0.15,0.1,0.15,0.1
1295,1295,Brüggen,NI,Niedersachsen,0.15,0.15,0.1,0.15,0.1
1296,1296,Brüggen,NW,Nordrhein-westfalen,0.15,0.15,0.1,0.15,0.1
1297,1297,Brüheim,TH,Thüringen,0.15,0.15,0.1,0.15,0.1
1298,1298,Brühl,BW,Baden-württemberg,0.15,0.15,0.1,0.15,0.1
1299,1299,Brühl,NW,Nordrhein-westfalen,0.15,0.15,0.1,0.15,0.1
1300,1300,Brünzow,MV,Mecklenburg-vorpommern,0.15,0.15,0.1,0.15,0.1
1301,1301,Brüsewitz,MV,Mecklenburg-vorpommern,0.15,0.15,0.1,0.15,0.1
1302,1302,Brüssow,BB,Brandenburg,0.15,0.15,0.1,0.15,0.1
1303,1303,Bubach,RP,Rheinland-pfalz,0.15,0.15,0.1,0.15,0.1
1304,1304,Bubenheim,RP,Rheinland-pfalz,0.15,0.15,0.1,0.15,0.1
1305,1305,Bubenreuth,BY,Bayern,0.15,0.15,0.1,0.15,0.1
1306,1306,Bubesheim,BY,Bayern,0.15,0.15,0.1,0.15,0.1
1307,1307,Buborn,RP,Rheinland-pfalz,0.15,0.15,0.1,0.15,0.1
1308,1308,Bubsheim,BW,Baden-württemberg,0.15,0.15,0.1,0.15,0.1
1309,1309,Buch,BY,Bayern,0.15,0.15,0.1,0.15,0.1
1310,1310,Buch,RP,Rheinland-pfalz,0.15,0.15,0.1,0.15,0.1
1311,1311,Buch,BE,Berlin,0.15,0.15,0.1,0.15,0.1
1312,1312,Buch am Buchrain,BY,Bayern,0.15,0.15,0.1,0.15,0.1
1313,1313,Buch am Wald,BY,Bayern,0.15,0.15,0.1,0.15,0.1
1314,1314,Bucha,TH,Thüringen,0.15,0.15,0.1,0.15,0.1
1315,1315,Buchbach,BY,Bayern,0.15,0.15,0.1,0.15,0.1
1316,1316,Buchbrunn,BY,Bayern,0.15,0.15,0.1,0.15,0.1
1317,1317,Buchdorf,BY,Bayern,0.15,0.15,0.1,0.15,0.1
1318,1318,Buchenbach,BW,Baden-württemberg,0.15,0.15,0.1,0.15,0.1
1319,1319,Buchenberg,BY,Bayern,0.15,0.15,0.1,0.15,0.1
1320,1320,Buchet,RP,Rheinland-pfalz,0.15,0.15,0.1,0.15,0.1
1321,1321,Buchfart,TH,Thüringen,0.15,0.15,0.1,0.15,0.1
1322,1322,Buchheim,BW,Baden-württemberg,0.15,0.15,0.1,0.15,0.1
1323,1323,Buchheim,NW,Nordrhein-westfalen,0.15,0.15,0.1,0.15,0.1
1324,1324,Buchhofen,BY,Bayern,0.15,0.15,0.1,0.15,0.1
1325,1325,Buchholz,TH,Thüringen,0.15,0.15,0.1,0.15,0.1
1326,1326,Buchholz,NI,Niedersachsen,0.15,0.15,0.1,0.15,0.1
1327,1327,Buchholz,SH,Schleswig-holstein,0.15,0.15,0.1,0.15,0.1
1328,1328,Buchholz in der Nordheide,NI,Niedersachsen,0.15,0.15,0.1,0.15,0.1
1329,1329,Buchhorst,SH,Schleswig-holstein,0.15,0.15,0.1,0.15,0.1
1330,1330,Buchloe,BY,Bayern,0.15,0.15,0.1,0.15,0.1
1331,1331,Buckenhof,BY,Bayern,0.15,0.15,0.1,0.15,0.1
1332,1332,Buckow,BB,Brandenburg,0.15,0.15,0.1,0.15,0.1
1333,1333,Buckow,BE,Berlin,0.15,0.15,0.1,0.15,0.1
1334,1334,Budenbach,RP,Rheinland-pfalz,0.15,0.15,0.1,0.15,0.1
1335,1335,Budenheim,RP,Rheinland-pfalz,0.15,0.15,0.1,0.15,0.1
1336,1336,Bufleben,TH,Thüringen,0.15,0.15,0.1,0.15,0.1
1337,1337,Buggingen,BW,Baden-württemberg,0.15,0.15,0.1,0.15,0.1
1338,1338,Buhla,TH,Thüringen,0.15,0.15,0.1,0.15,0.1
1339,1339,Buhlenberg,RP,Rheinland-pfalz,0.15,0.15,0.1,0.15,0.1
1340,1340,Bullay,RP,Rheinland-pfalz,0.15,0.15,0.1,0.15,0.1
1341,1341,Bullenkuhlen,SH,Schleswig-holstein,0.15,0.15,0.1,0.15,0.1
1342,1342,Bunde,NI,Niedersachsen,0.15,0.15,0.1,0.15,0.1
1343,1343,Bundenbach,RP,Rheinland-pfalz,0.15,0.15,0.1,0.15,0.1
1344,1344,Bundenthal,RP,Rheinland-pfalz,0.15,0.15,0.1,0.15,0.1
1345,1345,Bundorf,BY,Bayern,0.15,0.15,0.1,0.15,0.1
1346,1346,Bunsoh,SH,Schleswig-holstein,0.15,0.15,0.1,0.15,0.1
1347,1347,Burbach,NW,Nordrhein-westfalen,0.15,0.15,0.1,0.15,0.1
1348,1348,Burbach,RP,Rheinland-pfalz,0.15,0.15,0.1,0.15,0.1
1349,1349,Burg,SH,Schleswig-holstein,0.15,0.15,0.1,0.15,0.1
1350,1350,Burg,RP,Rheinland-pfalz,0.15,0.15,0.1,0.15,0.1
1351,1351,Burg,BB,Brandenburg,0.15,0.15,0.1,0.15,0.1
1352,1352,Burg Stargard,MV,Mecklenburg-vorpommern,0.15,0.15,0.1,0.15,0.1
1353,1353,Burgau,BY,Bayern,0.15,0.15,0.1,0.15,0.1
1354,1354,Burgberg,BY,Bayern,0.15,0.15,0.1,0.15,0.1
1355,1355,Burgbernheim,BY,Bayern,0.15,0.15,0.1,0.15,0.1
1356,1356,Burgbrohl,RP,Rheinland-pfalz,0.15,0.15,0.1,0.15,0.1
1357,1357,Burgdorf,NI,Niedersachsen,0.15,0.15,0.1,0.15,0.1
1358,1358,Burgebrach,BY,Bayern,0.15,0.15,0.1,0.15,0.1
1359,1359,Burgen,RP,Rheinland-pfalz,0.15,0.15,0.1,0.15,0.1
1360,1360,Burggen,BY,Bayern,0.15,0.15,0.1,0.15,0.1
1361,1361,Burghaslach,BY,Bayern,0.15,0.15,0.1,0.15,0.1
1362,1362,Burghaun,HE,Hessen,0.15,0.15,0.1,0.15,0.1
1363,1363,Burghausen,BY,Bayern,0.15,0.15,0.1,0.15,0.1
1364,1364,Burgheim,BY,Bayern,0.15,0.15,0.1,0.15,0.1
1365,1365,Burgk,TH,Thüringen,0.15,0.15,0.1,0.15,0.1
1366,1366,Burgkemnitz,ST,Sachsen-anhalt,0.15,0.15,0.1,0.15,0.1
1367,1367,Burgkirchen an der Alz,BY,Bayern,0.15,0.15,0.1,0.15,0.1
1368,1368,Burgkunstadt,BY,Bayern,0.15,0.15,0.1,0.15,0.1
1369,1369,Burglahr,RP,Rheinland-pfalz,0.15,0.15,0.1,0.15,0.1
1370,1370,Burglauer,BY,Bayern,0.15,0.15,0.1,0.15,0.1
1371,1371,Burglengenfeld,BY,Bayern,0.15,0.15,0.1,0.15,0.1
1372,1372,Burgoberbach,BY,Bayern,0.15,0.15,0.1,0.15,0.1
1373,1373,Burgpreppach,BY,Bayern,0.15,0.15,0.1,0.15,0.1
1374,1374,Burgrieden,BW,Baden-württemberg,0.15,0.15,0.1,0.15,0.1
1375,1375,Burgsalach,BY,Bayern,0.15,0.15,0.1,0.15,0.1
1376,1376,Burgscheidungen,ST,Sachsen-anhalt,0.15,0.15,0.1,0.15,0.1
1377,1377,Burgschwalbach,RP,Rheinland-pfalz,0.15,0.15,0.1,0.15,0.1
1378,1378,Burgsinn,BY,Bayern,0.15,0.15,0.1,0.15,0.1
1379,1379,Burgsponheim,RP,Rheinland-pfalz,0.15,0.15,0.1,0.15,0.1
1380,1380,Burgstall,ST,Sachsen-anhalt,0.15,0.15,0.1,0.15,0.1
1381,1381,Burgstetten,BW,Baden-württemberg,0.15,0.15,0.1,0.15,0.1
1382,1382,Burgstädt,SN,Sachsen,0.15,0.15,0.1,0.15,0.1
1383,1383,Burgthann,BY,Bayern,0.15,0.15,0.1,0.15,0.1
1384,1384,Burgwalde,TH,Thüringen,0.15,0.15,0.1,0.15,0.1
1385,1385,Burgwerben,ST,Sachsen-anhalt,0.15,0.15,0.1,0.15,0.1
1386,1386,Burgwindheim,BY,Bayern,0.15,0.15,0.1,0.15,0.1
1387,1387,Burk,BY,Bayern,0.15,0.15,0.1,0.15,0.1
1388,1388,Burkardroth,BY,Bayern,0.15,0.15,0.1,0.15,0.1
1389,1389,Burkau,SN,Sachsen,0.15,0.15,0.1,0.15,0.1
1390,1390,Burkhardtsdorf,SN,Sachsen,0.15,0.15,0.1,0.15,0.1
1391,1391,Burladingen,BW,Baden-württemberg,0.15,0.15,0.1,0.15,0.1
1392,1392,Burow,MV,Mecklenburg-vorpommern,0.15,0.15,0.1,0.15,0.1
1393,1393,Burrweiler,RP,Rheinland-pfalz,0.15,0.15,0.1,0.15,0.1
1394,1394,Burscheid,NW,Nordrhein-westfalen,0.15,0.15,0.1,0.15,0.1
1395,1395,Burtenbach,BY,Bayern,0.15,0.15,0.1,0.15,0.1
1396,1396,Burtscheid,RP,Rheinland-pfalz,0.15,0.15,0.1,0.15,0.1
1397,1397,Burweg,NI,Niedersachsen,0.15,0.15,0.1,0.15,0.1
1398,1398,Busdorf,SH,Schleswig-holstein,0.15,0.15,0.1,0.15,0.1
1399,1399,Busenberg,RP,Rheinland-pfalz,0.15,0.15,0.1,0.15,0.1
1400,1400,Busenhausen,RP,Rheinland-pfalz,0.15,0.15,0.1,0.15,0.1
1401,1401,Busenwurth,SH,Schleswig-holstein,0.15,0.15,0.1,0.15,0.1
1402,1402,Butjadingen,NI,Niedersachsen,0.15,0.15,0.1,0.15,0.1
1403,1403,Buttelstedt,TH,Thüringen,0.15,0.15,0.1,0.15,0.1
1404,1404,Buttenheim,BY,Bayern,0.15,0.15,0.1,0.15,0.1
1405,1405,Buttenwiesen,BY,Bayern,0.15,0.15,0.1,0.15,0.1
1406,1406,Buttlar,TH,Thüringen,0.15,0.15,0.1,0.15,0.1
1407,1407,Buttstädt,TH,Thüringen,0.15,0.15,0.1,0.15,0.1
1408,1408,Butzbach,HE,Hessen,0.15,0.15,0.1,0.15,0.1
1409,1409,Buxheim,BY,Bayern,0.15,0.15,0.1,0.15,0.1
1410,1410,Buxtehude,NI,Niedersachsen,0.15,0.15,0.1,0.15,0.1
1411,1411,Bächingen an der Brenz,BY,Bayern,0.15,0.15,0.1,0.15,0.1
1412,1412,Bäk,SH,Schleswig-holstein,0.15,0.15,0.1,0.15,0.1
1413,1413,Bälau,SH,Schleswig-holstein,0.15,0.15,0.1,0.15,0.1
1414,1414,Bärenbach,RP,Rheinland-pfalz,0.15,0.15,0.1,0.15,0.1
1415,1415,Bärenstein,SN,Sachsen,0.15,0.15,0.1,0.15,0.1
1416,1416,Bärenthal,BW,Baden-württemberg,0.15,0.15,0.1,0.15,0.1
1417,1417,Bärnau,BY,Bayern,0.15,0.15,0.1,0.15,0.1
1418,1418,Bärweiler,RP,Rheinland-pfalz,0.15,0.15,0.1,0.15,0.1
1419,1419,Böbing,BY,Bayern,0.15,0.15,0.1,0.15,0.1
1420,1420,Böbingen,RP,Rheinland-pfalz,0.15,0.15,0.1,0.15,0.1
1421,1421,Böbingen an der Rems,BW,Baden-württemberg,0.15,0.15,0.1,0.15,0.1
1422,1422,Böblingen,BW,Baden-württemberg,0.15,0.15,0.1,0.15,0.1
1423,1423,Böbrach,BY,Bayern,0.15,0.15,0.1,0.15,0.1
1424,1424,Böchingen,RP,Rheinland-pfalz,0.15,0.15,0.1,0.15,0.1
1425,1425,Böel,SH,Schleswig-holstein,0.15,0.15,0.1,0.15,0.1
1426,1426,Böhen,BY,Bayern,0.15,0.15,0.1,0.15,0.1
1427,1427,Böhl-Iggelheim,RP,Rheinland-pfalz,0.15,0.15,0.1,0.15,0.1
1428,1428,Böhlen,TH,Thüringen,0.15,0.15,0.1,0.15,0.1
1429,1429,Böhlen,SN,Sachsen,0.15,0.15,0.1,0.15,0.1
1430,1430,Böhme,NI,Niedersachsen,0.15,0.15,0.1,0.15,0.1
1431,1431,Böhmenkirch,BW,Baden-württemberg,0.15,0.15,0.1,0.15,0.1
1432,1432,Böhmfeld,BY,Bayern,0.15,0.15,0.1,0.15,0.1
1433,1433,Böhnhusen,SH,Schleswig-holstein,0.15,0.15,0.1,0.15,0.1
1434,1434,Böklund,SH,Schleswig-holstein,0.15,0.15,0.1,0.15,0.1
1435,1435,Böllen,BW,Baden-württemberg,0.15,0.15,0.1,0.15,0.1
1436,1436,Böllenborn,RP,Rheinland-pfalz,0.15,0.15,0.1,0.15,0.1
1437,1437,Bölsberg,RP,Rheinland-pfalz,0.15,0.15,0.1,0.15,0.1
1438,1438,Bönebüttel,SH,Schleswig-holstein,0.15,0.15,0.1,0.15,0.1
1439,1439,Bönen,NW,Nordrhein-westfalen,0.15,0.15,0.1,0.15,0.1
1440,1440,Bönnigheim,BW,Baden-württemberg,0.15,0.15,0.1,0.15,0.1
1441,1441,Bönningstedt,SH,Schleswig-holstein,0.15,0.15,0.1,0.15,0.1
1442,1442,Börfink,RP,Rheinland-pfalz,0.15,0.15,0.1,0.15,0.1
1443,1443,Börger,NI,Niedersachsen,0.15,0.15,0.1,0.15,0.1
1444,1444,Börgerende-Rethwisch,MV,Mecklenburg-vorpommern,0.15,0.15,0.1,0.15,0.1
1445,1445,Börm,SH,Schleswig-holstein,0.15,0.15,0.1,0.15,0.1
1446,1446,Börnichen,SN,Sachsen,0.15,0.15,0.1,0.15,0.1
1447,1447,Börnsen,SH,Schleswig-holstein,0.15,0.15,0.1,0.15,0.1
1448,1448,Börrstadt,RP,Rheinland-pfalz,0.15,0.15,0.1,0.15,0.1
1449,1449,Börsborn,RP,Rheinland-pfalz,0.15,0.15,0.1,0.15,0.1
1450,1450,Börslingen,BW,Baden-württemberg,0.15,0.15,0.1,0.15,0.1
1451,1451,Börtlingen,BW,Baden-württemberg,0.15,0.15,0.1,0.15,0.1
1452,1452,Börzow,MV,Mecklenburg-vorpommern,0.15,0.15,0.1,0.15,0.1
1453,1453,Börßum,NI,Niedersachsen,0.15,0.15,0.1,0.15,0.1
1454,1454,Bösdorf,SH,Schleswig-holstein,0.15,0.15,0.1,0.15,0.1
1455,1455,Bösel,NI,Niedersachsen,0.15,0.15,0.1,0.15,0.1
1456,1456,Bösenbrunn,SN,Sachsen,0.15,0.15,0.1,0.15,0.1
1457,1457,Bösingen,BW,Baden-württemberg,0.15,0.15,0.1,0.15,0.1
1458,1458,Bösleben-Wüllersleben,TH,Thüringen,0.15,0.15,0.1,0.15,0.1
1459,1459,Bötersen,NI,Niedersachsen,0.15,0.15,0.1,0.15,0.1
1460,1460,Böttingen,BW,Baden-württemberg,0.15,0.15,0.1,0.15,0.1
1461,1461,Bötzingen,BW,Baden-württemberg,0.15,0.15,0.1,0.15,0.1
1462,1462,Böxlund,SH,Schleswig-holstein,0.15,0.15,0.1,0.15,0.1
1463,1463,Büchel,TH,Thüringen,0.15,0.15,0.1,0.15,0.1
1464,1464,Büchel,RP,Rheinland-pfalz,0.15,0.15,0.1,0.15,0.1
1465,1465,Büchen,SH,Schleswig-holstein,0.15,0.15,0.1,0.15,0.1
1466,1466,Büchenbach,BY,Bayern,0.15,0.15,0.1,0.15,0.1
1467,1467,Büchenbeuren,RP,Rheinland-pfalz,0.15,0.15,0.1,0.15,0.1
1468,1468,Büchlberg,BY,Bayern,0.15,0.15,0.1,0.15,0.1
1469,1469,Bückeburg,NI,Niedersachsen,0.15,0.15,0.1,0.15,0.1
1470,1470,Bücken,NI,Niedersachsen,0.15,0.15,0.1,0.15,0.1
1471,1471,Büddenstedt,NI,Niedersachsen,0.15,0.15,0.1,0.15,0.1
1472,1472,Büdelsdorf,SH,Schleswig-holstein,0.15,0.15,0.1,0.15,0.1
1473,1473,Büdesheim,RP,Rheinland-pfalz,0.15,0.15,0.1,0.15,0.1
1474,1474,Büdingen,HE,Hessen,0.15,0.15,0.1,0.15,0.1
1475,1475,Büdlich,RP,Rheinland-pfalz,0.15,0.15,0.1,0.15,0.1
1476,1476,Bühl,BW,Baden-württemberg,0.15,0.15,0.1,0.15,0.1
1477,1477,Bühlertal,BW,Baden-württemberg,0.15,0.15,0.1,0.15,0.1
1478,1478,Bühlertann,BW,Baden-württemberg,0.15,0.15,0.1,0.15,0.1
1479,1479,Bühlerzell,BW,Baden-württemberg,0.15,0.15,0.1,0.15,0.1
1480,1480,Bühne,ST,Sachsen-anhalt,0.15,0.15,0.1,0.15,0.1
1481,1481,Bühnsdorf,SH,Schleswig-holstein,0.15,0.15,0.1,0.15,0.1
1482,1482,Bühren,NI,Niedersachsen,0.15,0.15,0.1,0.15,0.1
1483,1483,Bülkau,NI,Niedersachsen,0.15,0.15,0.1,0.15,0.1
1484,1484,Bülstringen,ST,Sachsen-anhalt,0.15,0.15,0.1,0.15,0.1
1485,1485,Bülzig,ST,Sachsen-anhalt,0.15,0.15,0.1,0.15,0.1
1486,1486,Bünde,NW,Nordrhein-westfalen,0.15,0.15,0.1,0.15,0.1
1487,1487,Bünsdorf,SH,Schleswig-holstein,0.15,0.15,0.1,0.15,0.1
1488,1488,Bürdenbach,RP,Rheinland-pfalz,0.15,0.15,0.1,0.15,0.1
1489,1489,Büren,NW,Nordrhein-westfalen,0.15,0.15,0.1,0.15,0.1
1490,1490,Bürgel,TH,Thüringen,0.15,0.15,0.1,0.15,0.1
1491,1491,Bürgstadt,BY,Bayern,0.15,0.15,0.1,0.15,0.1
1492,1492,Bürstadt,HE,Hessen,0.15,0.15,0.1,0.15,0.1
1493,1493,Büsingen,BW,Baden-württemberg,0.15,0.15,0.1,0.15,0.1
1494,1494,Büsum,SH,Schleswig-holstein,0.15,0.15,0.1,0.15,0.1
1495,1495,Büsumer Deichhausen,SH,Schleswig-holstein,0.15,0.15,0.1,0.15,0.1
1496,1496,Bütow,MV,Mecklenburg-vorpommern,0.15,0.15,0.1,0.15,0.1
1497,1497,Büttel,SH,Schleswig-holstein,0.15,0.15,0.1,0.15,0.1
1498,1498,Büttelborn,HE,Hessen,0.15,0.15,0.1,0.15,0.1
1499,1499,Bütthard,BY,Bayern,0.15,0.15,0.1,0.15,0.1
1500,1500,Büttstedt,TH,Thüringen,0.15,0.15,0.1,0.15,0.1
1501,1501,Bützow,MV,Mecklenburg-vorpommern,0.15,0.15,0.1,0.15,0.1
1502,1502,Caan,RP,Rheinland-pfalz,0.15,0.15,0.1,0.15,0.1
1503,1503,Caaschwitz,TH,Thüringen,0.15,0.15,0.1,0.15,0.1
1504,1504,Cadenberge,NI,Niedersachsen,0.15,0.15,0.1,0.15,0.1
1505,1505,Cadolzburg,BY,Bayern,0.15,0.15,0.1,0.15,0.1
1506,1506,Calau,BB,Brandenburg,0.15,0.15,0.1,0.15,0.1
1507,1507,Calbe,ST,Sachsen-anhalt,0.15,0.15,0.1,0.15,0.1
1508,1508,Calberlah,NI,Niedersachsen,0.15,0.15,0.1,0.15,0.1
1509,1509,Calden,HE,Hessen,0.15,0.15,0.1,0.15,0.1
1510,1510,Callbach,RP,Rheinland-pfalz,0.15,0.15,0.1,0.15,0.1
1511,1511,Callenberg,SN,Sachsen,0.15,0.15,0.1,0.15,0.1
1512,1512,Calvörde,ST,Sachsen-anhalt,0.15,0.15,0.1,0.15,0.1
1513,1513,Calw,BW,Baden-württemberg,0.15,0.15,0.1,0.15,0.1
1514,1514,Cambs,MV,Mecklenburg-vorpommern,0.15,0.15,0.1,0.15,0.1
1515,1515,Camburg,TH,Thüringen,0.15,0.15,0.1,0.15,0.1
1516,1516,Cammin,MV,Mecklenburg-vorpommern,0.15,0.15,0.1,0.15,0.1
1517,1517,Cappel,NI,Niedersachsen,0.15,0.15,0.1,0.15,0.1
1518,1518,Cappeln,NI,Niedersachsen,0.15,0.15,0.1,0.15,0.1
1519,1519,Carlow,MV,Mecklenburg-vorpommern,0.15,0.15,0.1,0.15,0.1
1520,1520,Carlsberg,RP,Rheinland-pfalz,0.15,0.15,0.1,0.15,0.1
1521,1521,Carolinensiel,NI,Niedersachsen,0.15,0.15,0.1,0.15,0.1
1522,1522,Carpin,MV,Mecklenburg-vorpommern,0.15,0.15,0.1,0.15,0.1
1523,1523,Casekow,BB,Brandenburg,0.15,0.15,0.1,0.15,0.1
1524,1524,Castell,BY,Bayern,0.15,0.15,0.1,0.15,0.1
1525,1525,Castrop-Rauxel,NW,Nordrhein-westfalen,0.15,0.15,0.1,0.15,0.1
1526,1526,Cattenstedt,ST,Sachsen-anhalt,0.15,0.15,0.1,0.15,0.1
1527,1527,Cavertitz,SN,Sachsen,0.15,0.15,0.1,0.15,0.1
1528,1528,Celle,NI,Niedersachsen,0.15,0.15,0.1,0.15,0.1
1529,1529,Cham,BY,Bayern,0.15,0.15,0.1,0.15,0.1
1530,1530,Chamerau,BY,Bayern,0.15,0.15,0.1,0.15,0.1
1531,1531,Charlottenberg,RP,Rheinland-pfalz,0.15,0.15,0.1,0.15,0.1
1532,1532,Chemnitz,SN,Sachsen,0.15,0.15,0.1,0.15,0.1
1533,1533,Chieming,BY,Bayern,0.15,0.15,0.1,0.15,0.1
1534,1534,Chiemsee,BY,Bayern,0.15,0.15,0.1,0.15,0.1
1535,1535,Chorin,BB,Brandenburg,0.15,0.15,0.1,0.15,0.1
1536,1536,Christes,TH,Thüringen,0.15,0.15,0.1,0.15,0.1
1537,1537,Christiansholm,SH,Schleswig-holstein,0.15,0.15,0.1,0.15,0.1
1538,1538,Christinenthal,SH,Schleswig-holstein,0.15,0.15,0.1,0.15,0.1
1539,1539,Clausen,RP,Rheinland-pfalz,0.15,0.15,0.1,0.15,0.1
1540,1540,Clausthal-Zellerfeld,NI,Niedersachsen,0.15,0.15,0.1,0.15,0.1
1541,1541,Claußnitz,SN,Sachsen,0.15,0.15,0.1,0.15,0.1
1542,1542,Cleebronn,BW,Baden-württemberg,0.15,0.15,0.1,0.15,0.1
1543,1543,Clenze,NI,Niedersachsen,0.15,0.15,0.1,0.15,0.1
1544,1544,Clingen,TH,Thüringen,0.15,0.15,0.1,0.15,0.1
1545,1545,Cloppenburg,NI,Niedersachsen,0.15,0.15,0.1,0.15,0.1
1546,1546,Cobbelsdorf,ST,Sachsen-anhalt,0.15,0.15,0.1,0.15,0.1
1547,1547,Coburg,BY,Bayern,0.15,0.15,0.1,0.15,0.1
1548,1548,Cochem,RP,Rheinland-pfalz,0.15,0.15,0.1,0.15,0.1
1549,1549,Cochstedt,ST,Sachsen-anhalt,0.15,0.15,0.1,0.15,0.1
1550,1550,Coesfeld,NW,Nordrhein-westfalen,0.15,0.15,0.1,0.15,0.1
1551,1551,Colbitz,ST,Sachsen-anhalt,0.15,0.15,0.1,0.15,0.1
1552,1552,Colditz,SN,Sachsen,0.15,0.15,0.1,0.15,0.1
1553,1553,Colmberg,BY,Bayern,0.15,0.15,0.1,0.15,0.1
1554,1554,Colnrade,NI,Niedersachsen,0.15,0.15,0.1,0.15,0.1
1555,1555,Contwig,RP,Rheinland-pfalz,0.15,0.15,0.1,0.15,0.1
1556,1556,Coppenbrügge,NI,Niedersachsen,0.15,0.15,0.1,0.15,0.1
1557,1557,Coppengrave,NI,Niedersachsen,0.15,0.15,0.1,0.15,0.1
1558,1558,Cornberg,HE,Hessen,0.15,0.15,0.1,0.15,0.1
1559,1559,Coswig,SN,Sachsen,0.15,0.15,0.1,0.15,0.1
1560,1560,Coswig,ST,Sachsen-anhalt,0.15,0.15,0.1,0.15,0.1
1561,1561,Cottbus,BB,Brandenburg,0.15,0.15,0.1,0.15,0.1
1562,1562,Crailsheim,BW,Baden-württemberg,0.15,0.15,0.1,0.15,0.1
1563,1563,Cramberg,RP,Rheinland-pfalz,0.15,0.15,0.1,0.15,0.1
1564,1564,Cramme,NI,Niedersachsen,0.15,0.15,0.1,0.15,0.1
1565,1565,Cramonshagen,MV,Mecklenburg-vorpommern,0.15,0.15,0.1,0.15,0.1
1566,1566,Crawinkel,TH,Thüringen,0.15,0.15,0.1,0.15,0.1
1567,1567,Creglingen,BW,Baden-württemberg,0.15,0.15,0.1,0.15,0.1
1568,1568,Cremlingen,NI,Niedersachsen,0.15,0.15,0.1,0.15,0.1
1569,1569,Creuzburg,TH,Thüringen,0.15,0.15,0.1,0.15,0.1
1570,1570,Creußen,BY,Bayern,0.15,0.15,0.1,0.15,0.1
1571,1571,Crimla,TH,Thüringen,0.15,0.15,0.1,0.15,0.1
1572,1572,Crimmitschau,SN,Sachsen,0.15,0.15,0.1,0.15,0.1
1573,1573,Crinitz,BB,Brandenburg,0.15,0.15,0.1,0.15,0.1
1574,1574,Crispendorf,TH,Thüringen,0.15,0.15,0.1,0.15,0.1
1575,1575,Crivitz,MV,Mecklenburg-vorpommern,0.15,0.15,0.1,0.15,0.1
1576,1576,Cronenberg,RP,Rheinland-pfalz,0.15,0.15,0.1,0.15,0.1
1577,1577,Crostau,SN,Sachsen,0.15,0.15,0.1,0.15,0.1
1578,1578,Crostwitz,SN,Sachsen,0.15,0.15,0.1,0.15,0.1
1579,1579,Crottendorf,SN,Sachsen,0.15,0.15,0.1,0.15,0.1
1580,1580,Cumlosen,BB,Brandenburg,0.15,0.15,0.1,0.15,0.1
1581,1581,Cunewalde,SN,Sachsen,0.15,0.15,0.1,0.15,0.1
1582,1582,Cursdorf,TH,Thüringen,0.15,0.15,0.1,0.15,0.1
1583,1583,Cuxhaven,NI,Niedersachsen,0.15,0.15,0.1,0.15,0.1
1584,1584,Cölbe,HE,Hessen,0.15,0.15,0.1,0.15,0.1
1585,1585,Cölpin,MV,Mecklenburg-vorpommern,0.15,0.15,0.1,0.15,0.1
1586,1586,Cörmigk,ST,Sachsen-anhalt,0.15,0.15,0.1,0.15,0.1
1587,1587,Daaden,RP,Rheinland-pfalz,0.15,0.15,0.1,0.15,0.1
1588,1588,Dabel,MV,Mecklenburg-vorpommern,0.15,0.15,0.1,0.15,0.1
1589,1589,Dabergotz,BB,Brandenburg,0.15,0.15,0.1,0.15,0.1
1590,1590,Dabrun,ST,Sachsen-anhalt,0.15,0.15,0.1,0.15,0.1
1591,1591,Dachau,BY,Bayern,0.15,0.15,0.1,0.15,0.1
1592,1592,Dachsberg,BW,Baden-württemberg,0.15,0.15,0.1,0.15,0.1
1593,1593,Dachsenhausen,RP,Rheinland-pfalz,0.15,0.15,0.1,0.15,0.1
1594,1594,Dachwig,TH,Thüringen,0.15,0.15,0.1,0.15,0.1
1595,1595,Dackenheim,RP,Rheinland-pfalz,0.15,0.15,0.1,0.15,0.1
1596,1596,Dackscheid,RP,Rheinland-pfalz,0.15,0.15,0.1,0.15,0.1
1597,1597,Dagebüll,SH,Schleswig-holstein,0.15,0.15,0.1,0.15,0.1
1598,1598,Dahlem,RP,Rheinland-pfalz,0.15,0.15,0.1,0.15,0.1
1599,1599,Dahlem,BE,Berlin,0.15,0.15,0.1,0.15,0.1
1600,1600,Dahlem,NW,Nordrhein-westfalen,0.15,0.15,0.1,0.15,0.1
1601,1601,Dahlem,NI,Niedersachsen,0.15,0.15,0.1,0.15,0.1
1602,1602,Dahlen,SN,Sachsen,0.15,0.15,0.1,0.15,0.1
1603,1603,Dahlen,ST,Sachsen-anhalt,0.15,0.15,0.1,0.15,0.1
1604,1604,Dahlenburg,NI,Niedersachsen,0.15,0.15,0.1,0.15,0.1
1605,1605,Dahlenwarsleben,ST,Sachsen-anhalt,0.15,0.15,0.1,0.15,0.1
1606,1606,Dahlheim,RP,Rheinland-pfalz,0.15,0.15,0.1,0.15,0.1
1607,1607,Dahlum,NI,Niedersachsen,0.15,0.15,0.1,0.15,0.1
1608,1608,Dahme,BB,Brandenburg,0.15,0.15,0.1,0.15,0.1
1609,1609,Dahme,SH,Schleswig-holstein,0.15,0.15,0.1,0.15,0.1
1610,1610,Dahmen,MV,Mecklenburg-vorpommern,0.15,0.15,0.1,0.15,0.1
1611,1611,Dahmker,SH,Schleswig-holstein,0.15,0.15,0.1,0.15,0.1
1612,1612,Dahn,RP,Rheinland-pfalz,0.15,0.15,0.1,0.15,0.1
1613,1613,Dahnen,RP,Rheinland-pfalz,0.15,0.15,0.1,0.15,0.1
1614,1614,Daisendorf,BW,Baden-württemberg,0.15,0.15,0.1,0.15,0.1
1615,1615,Daiting,BY,Bayern,0.15,0.15,0.1,0.15,0.1
1616,1616,Dalberg,RP,Rheinland-pfalz,0.15,0.15,0.1,0.15,0.1
1617,1617,Daldorf,SH,Schleswig-holstein,0.15,0.15,0.1,0.15,0.1
1618,1618,Daleiden,RP,Rheinland-pfalz,0.15,0.15,0.1,0.15,0.1
1619,1619,Dalheim,RP,Rheinland-pfalz,0.15,0.15,0.1,0.15,0.1
1620,1620,Dalldorf,SH,Schleswig-holstein,0.15,0.15,0.1,0.15,0.1
1621,1621,Dallgow-Döberitz,BB,Brandenburg,0.15,0.15,0.1,0.15,0.1
1622,1622,Dambach,RP,Rheinland-pfalz,0.15,0.15,0.1,0.15,0.1
1623,1623,Damendorf,SH,Schleswig-holstein,0.15,0.15,0.1,0.15,0.1
1624,1624,Damflos,RP,Rheinland-pfalz,0.15,0.15,0.1,0.15,0.1
1625,1625,Damlos,SH,Schleswig-holstein,0.15,0.15,0.1,0.15,0.1
1626,1626,Damm,MV,Mecklenburg-vorpommern,0.15,0.15,0.1,0.15,0.1
1627,1627,Damme,NI,Niedersachsen,0.15,0.15,0.1,0.15,0.1
1628,1628,Dammfleth,SH,Schleswig-holstein,0.15,0.15,0.1,0.15,0.1
1629,1629,Damnatz,NI,Niedersachsen,0.15,0.15,0.1,0.15,0.1
1630,1630,Damp,SH,Schleswig-holstein,0.15,0.15,0.1,0.15,0.1
1631,1631,Damscheid,RP,Rheinland-pfalz,0.15,0.15,0.1,0.15,0.1
1632,1632,Damsdorf,SH,Schleswig-holstein,0.15,0.15,0.1,0.15,0.1
1633,1633,Damshagen,MV,Mecklenburg-vorpommern,0.15,0.15,0.1,0.15,0.1
1634,1634,Dankerath,RP,Rheinland-pfalz,0.15,0.15,0.1,0.15,0.1
1635,1635,Dankerode,ST,Sachsen-anhalt,0.15,0.15,0.1,0.15,0.1
1636,1636,Dankmarshausen,TH,Thüringen,0.15,0.15,0.1,0.15,0.1
1637,1637,Dannau,SH,Schleswig-holstein,0.15,0.15,0.1,0.15,0.1
1638,1638,Danndorf,NI,Niedersachsen,0.15,0.15,0.1,0.15,0.1
1639,1639,Dannenberg,NI,Niedersachsen,0.15,0.15,0.1,0.15,0.1
1640,1640,Dannenfels,RP,Rheinland-pfalz,0.15,0.15,0.1,0.15,0.1
1641,1641,Dannewerk,SH,Schleswig-holstein,0.15,0.15,0.1,0.15,0.1
1642,1642,Dannigkow,ST,Sachsen-anhalt,0.15,0.15,0.1,0.15,0.1
1643,1643,Dannstadt-Schauernheim,RP,Rheinland-pfalz,0.15,0.15,0.1,0.15,0.1
1644,1644,Danstedt,ST,Sachsen-anhalt,0.15,0.15,0.1,0.15,0.1
1645,1645,Dargen,MV,Mecklenburg-vorpommern,0.15,0.15,0.1,0.15,0.1
1646,1646,Dargun,MV,Mecklenburg-vorpommern,0.15,0.15,0.1,0.15,0.1
1647,1647,Darlingerode,ST,Sachsen-anhalt,0.15,0.15,0.1,0.15,0.1
1648,1648,Darmstadt,HE,Hessen,0.15,0.15,0.1,0.15,0.1
1649,1649,Darscheid,RP,Rheinland-pfalz,0.15,0.15,0.1,0.15,0.1
1650,1650,Darstein,RP,Rheinland-pfalz,0.15,0.15,0.1,0.15,0.1
1651,1651,Dasburg,RP,Rheinland-pfalz,0.15,0.15,0.1,0.15,0.1
1652,1652,Dasing,BY,Bayern,0.15,0.15,0.1,0.15,0.1
1653,1653,Dassel,NI,Niedersachsen,0.15,0.15,0.1,0.15,0.1
1654,1654,Dassendorf,SH,Schleswig-holstein,0.15,0.15,0.1,0.15,0.1
1655,1655,Dassow,MV,Mecklenburg-vorpommern,0.15,0.15,0.1,0.15,0.1
1656,1656,Datteln,NW,Nordrhein-westfalen,0.15,0.15,0.1,0.15,0.1
1657,1657,Dattenberg,RP,Rheinland-pfalz,0.15,0.15,0.1,0.15,0.1
1658,1658,Datzeroth,RP,Rheinland-pfalz,0.15,0.15,0.1,0.15,0.1
1659,1659,Daubach,RP,Rheinland-pfalz,0.15,0.15,0.1,0.15,0.1
1660,1660,Dauchingen,BW,Baden-württemberg,0.15,0.15,0.1,0.15,0.1
1661,1661,Daun,RP,Rheinland-pfalz,0.15,0.15,0.1,0.15,0.1
1662,1662,Dausenau,RP,Rheinland-pfalz,0.15,0.15,0.1,0.15,0.1
1663,1663,Dautmergen,BW,Baden-württemberg,0.15,0.15,0.1,0.15,0.1
1664,1664,Dauwelshausen,RP,Rheinland-pfalz,0.15,0.15,0.1,0.15,0.1
1665,1665,Daxweiler,RP,Rheinland-pfalz,0.15,0.15,0.1,0.15,0.1
1666,1666,Deckenpfronn,BW,Baden-württemberg,0.15,0.15,0.1,0.15,0.1
1667,1667,Dedelstorf,NI,Niedersachsen,0.15,0.15,0.1,0.15,0.1
1668,1668,Dedenbach,RP,Rheinland-pfalz,0.15,0.15,0.1,0.15,0.1
1669,1669,Deensen,NI,Niedersachsen,0.15,0.15,0.1,0.15,0.1
1670,1670,Deesbach,TH,Thüringen,0.15,0.15,0.1,0.15,0.1
1671,1671,Deesen,RP,Rheinland-pfalz,0.15,0.15,0.1,0.15,0.1
1672,1672,Deetz,ST,Sachsen-anhalt,0.15,0.15,0.1,0.15,0.1
1673,1673,Deggendorf,BY,Bayern,0.15,0.15,0.1,0.15,0.1
1674,1674,Deggingen,BW,Baden-württemberg,0.15,0.15,0.1,0.15,0.1
1675,1675,Dehlitz,ST,Sachsen-anhalt,0.15,0.15,0.1,0.15,0.1
1676,1676,Deidesheim,RP,Rheinland-pfalz,0.15,0.15,0.1,0.15,0.1
1677,1677,Deilingen,BW,Baden-württemberg,0.15,0.15,0.1,0.15,0.1
1678,1678,Deimberg,RP,Rheinland-pfalz,0.15,0.15,0.1,0.15,0.1
1679,1679,Deining,BY,Bayern,0.15,0.15,0.1,0.15,0.1
1680,1680,Deiningen,BY,Bayern,0.15,0.15,0.1,0.15,0.1
1681,1681,Deinste,NI,Niedersachsen,0.15,0.15,0.1,0.15,0.1
1682,1682,Deinstedt,NI,Niedersachsen,0.15,0.15,0.1,0.15,0.1
1683,1683,Deisenhausen,BY,Bayern,0.15,0.15,0.1,0.15,0.1
1684,1684,Deizisau,BW,Baden-württemberg,0.15,0.15,0.1,0.15,0.1
1685,1685,Deißlingen,BW,Baden-württemberg,0.15,0.15,0.1,0.15,0.1
1686,1686,Delbrück,NW,Nordrhein-westfalen,0.15,0.15,0.1,0.15,0.1
1687,1687,Delingsdorf,SH,Schleswig-holstein,0.15,0.15,0.1,0.15,0.1
1688,1688,Delitz am Berge,ST,Sachsen-anhalt,0.15,0.15,0.1,0.15,0.1
1689,1689,Delitzsch,SN,Sachsen,0.15,0.15,0.1,0.15,0.1
1690,1690,Dellfeld,RP,Rheinland-pfalz,0.15,0.15,0.1,0.15,0.1
1691,1691,Delligsen,NI,Niedersachsen,0.15,0.15,0.1,0.15,0.1
1692,1692,Dellstedt,SH,Schleswig-holstein,0.15,0.15,0.1,0.15,0.1
1693,1693,Delmenhorst,NI,Niedersachsen,0.15,0.15,0.1,0.15,0.1
1694,1694,Delve,SH,Schleswig-holstein,0.15,0.15,0.1,0.15,0.1
1695,1695,Demen,MV,Mecklenburg-vorpommern,0.15,0.15,0.1,0.15,0.1
1696,1696,Demerath,RP,Rheinland-pfalz,0.15,0.15,0.1,0.15,0.1
1697,1697,Demitz-Thumitz,SN,Sachsen,0.15,0.15,0.1,0.15,0.1
1698,1698,Demmin,MV,Mecklenburg-vorpommern,0.15,0.15,0.1,0.15,0.1
1699,1699,Denkendorf,BY,Bayern,0.15,0.15,0.1,0.15,0.1
1700,1700,Denkendorf,BW,Baden-württemberg,0.15,0.15,0.1,0.15,0.1
1701,1701,Denkingen,BW,Baden-württemberg,0.15,0.15,0.1,0.15,0.1
1702,1702,Denklingen,BY,Bayern,0.15,0.15,0.1,0.15,0.1
1703,1703,Dennheritz,SN,Sachsen,0.15,0.15,0.1,0.15,0.1
1704,1704,Dennweiler-Frohnbach,RP,Rheinland-pfalz,0.15,0.15,0.1,0.15,0.1
1705,1705,Densborn,RP,Rheinland-pfalz,0.15,0.15,0.1,0.15,0.1
1706,1706,Dentlein am Forst,BY,Bayern,0.15,0.15,0.1,0.15,0.1
1707,1707,Denzlingen,BW,Baden-württemberg,0.15,0.15,0.1,0.15,0.1
1708,1708,Derenburg,ST,Sachsen-anhalt,0.15,0.15,0.1,0.15,0.1
1709,1709,Derental,NI,Niedersachsen,0.15,0.15,0.1,0.15,0.1
1710,1710,Dermbach,TH,Thüringen,0.15,0.15,0.1,0.15,0.1
1711,1711,Dernau,RP,Rheinland-pfalz,0.15,0.15,0.1,0.15,0.1
1712,1712,Dernbach,RP,Rheinland-pfalz,0.15,0.15,0.1,0.15,0.1
1713,1713,Dersau,SH,Schleswig-holstein,0.15,0.15,0.1,0.15,0.1
1714,1714,Derschen,RP,Rheinland-pfalz,0.15,0.15,0.1,0.15,0.1
1715,1715,Dersekow,MV,Mecklenburg-vorpommern,0.15,0.15,0.1,0.15,0.1
1716,1716,Dersum,NI,Niedersachsen,0.15,0.15,0.1,0.15,0.1
1717,1717,Desloch,RP,Rheinland-pfalz,0.15,0.15,0.1,0.15,0.1
1718,1718,Dessau,ST,Sachsen-anhalt,0.15,0.15,0.1,0.15,0.1
1719,1719,Dessighofen,RP,Rheinland-pfalz,0.15,0.15,0.1,0.15,0.1
1720,1720,Detern,NI,Niedersachsen,0.15,0.15,0.1,0.15,0.1
1721,1721,Detmold,NW,Nordrhein-westfalen,0.15,0.15,0.1,0.15,0.1
1722,1722,Dettelbach,BY,Bayern,0.15,0.15,0.1,0.15,0.1
1723,1723,Dettenhausen,BW,Baden-württemberg,0.15,0.15,0.1,0.15,0.1
1724,1724,Dettighofen,BW,Baden-württemberg,0.15,0.15,0.1,0.15,0.1
1725,1725,Dettingen,BW,Baden-württemberg,0.15,0.15,0.1,0.15,0.1
1726,1726,Dettingen an der Erms,BW,Baden-württemberg,0.15,0.15,0.1,0.15,0.1
1727,1727,Dettingen an der Iller,BW,Baden-württemberg,0.15,0.15,0.1,0.15,0.1
1728,1728,Dettingen unter Teck,BW,Baden-württemberg,0.15,0.15,0.1,0.15,0.1
1729,1729,Dettum,NI,Niedersachsen,0.15,0.15,0.1,0.15,0.1
1730,1730,Detzem,RP,Rheinland-pfalz,0.15,0.15,0.1,0.15,0.1
1731,1731,Deuben,ST,Sachsen-anhalt,0.15,0.15,0.1,0.15,0.1
1732,1732,Deudesfeld,RP,Rheinland-pfalz,0.15,0.15,0.1,0.15,0.1
1733,1733,Deuerling,BY,Bayern,0.15,0.15,0.1,0.15,0.1
1734,1734,Deuna,TH,Thüringen,0.15,0.15,0.1,0.15,0.1
1735,1735,Deuselbach,RP,Rheinland-pfalz,0.15,0.15,0.1,0.15,0.1
1736,1736,Deutsch Evern,NI,Niedersachsen,0.15,0.15,0.1,0.15,0.1
1737,1737,Deutschneudorf,SN,Sachsen,0.15,0.15,0.1,0.15,0.1
1738,1738,Deutz,NW,Nordrhein-westfalen,0.15,0.15,0.1,0.15,0.1
1739,1739,Deutzen,SN,Sachsen,0.15,0.15,0.1,0.15,0.1
1740,1740,Dexheim,RP,Rheinland-pfalz,0.15,0.15,0.1,0.15,0.1
1741,1741,Deyelsdorf,MV,Mecklenburg-vorpommern,0.15,0.15,0.1,0.15,0.1
1742,1742,Dhronecken,RP,Rheinland-pfalz,0.15,0.15,0.1,0.15,0.1
1743,1743,Dichtelbach,RP,Rheinland-pfalz,0.15,0.15,0.1,0.15,0.1
1744,1744,Dickel,NI,Niedersachsen,0.15,0.15,0.1,0.15,0.1
1745,1745,Dickendorf,RP,Rheinland-pfalz,0.15,0.15,0.1,0.15,0.1
1746,1746,Dickenschied,RP,Rheinland-pfalz,0.15,0.15,0.1,0.15,0.1
1747,1747,Dickesbach,RP,Rheinland-pfalz,0.15,0.15,0.1,0.15,0.1
1748,1748,Didderse,NI,Niedersachsen,0.15,0.15,0.1,0.15,0.1
1749,1749,Diebach,BY,Bayern,0.15,0.15,0.1,0.15,0.1
1750,1750,Dieblich,RP,Rheinland-pfalz,0.15,0.15,0.1,0.15,0.1
1751,1751,Dieburg,HE,Hessen,0.15,0.15,0.1,0.15,0.1
1752,1752,Diedorf,BY,Bayern,0.15,0.15,0.1,0.15,0.1
1753,1753,Diefenbach,RP,Rheinland-pfalz,0.15,0.15,0.1,0.15,0.1
1754,1754,Diekhof,MV,Mecklenburg-vorpommern,0.15,0.15,0.1,0.15,0.1
1755,1755,Diekholzen,NI,Niedersachsen,0.15,0.15,0.1,0.15,0.1
1756,1756,Diekhusen-Fahrstedt,SH,Schleswig-holstein,0.15,0.15,0.1,0.15,0.1
1757,1757,Dielheim,BW,Baden-württemberg,0.15,0.15,0.1,0.15,0.1
1758,1758,Dielkirchen,RP,Rheinland-pfalz,0.15,0.15,0.1,0.15,0.1
1759,1759,Dielmissen,NI,Niedersachsen,0.15,0.15,0.1,0.15,0.1
1760,1760,Dienethal,RP,Rheinland-pfalz,0.15,0.15,0.1,0.15,0.1
1761,1761,Dienheim,RP,Rheinland-pfalz,0.15,0.15,0.1,0.15,0.1
1762,1762,Diensdorf-Radlow,BB,Brandenburg,0.15,0.15,0.1,0.15,0.1
1763,1763,Dienstweiler,RP,Rheinland-pfalz,0.15,0.15,0.1,0.15,0.1
1764,1764,Diepholz,NI,Niedersachsen,0.15,0.15,0.1,0.15,0.1
1765,1765,Dierbach,RP,Rheinland-pfalz,0.15,0.15,0.1,0.15,0.1
1766,1766,Dierdorf,RP,Rheinland-pfalz,0.15,0.15,0.1,0.15,0.1
1767,1767,Dierfeld,RP,Rheinland-pfalz,0.15,0.15,0.1,0.15,0.1
1768,1768,Dierscheid,RP,Rheinland-pfalz,0.15,0.15,0.1,0.15,0.1
1769,1769,Diesdorf,ST,Sachsen-anhalt,0.15,0.15,0.1,0.15,0.1
1770,1770,Dieskau,ST,Sachsen-anhalt,0.15,0.15,0.1,0.15,0.1
1771,1771,Diespeck,BY,Bayern,0.15,0.15,0.1,0.15,0.1
1772,1772,Diestelow,MV,Mecklenburg-vorpommern,0.15,0.15,0.1,0.15,0.1
1773,1773,Dietenheim,BW,Baden-württemberg,0.15,0.15,0.1,0.15,0.1
1774,1774,Dietenhofen,BY,Bayern,0.15,0.15,0.1,0.15,0.1
1775,1775,Dieterode,TH,Thüringen,0.15,0.15,0.1,0.15,0.1
1776,1776,Dietersburg,BY,Bayern,0.15,0.15,0.1,0.15,0.1
1777,1777,Dietersheim,BY,Bayern,0.15,0.15,0.1,0.15,0.1
1778,1778,Dieterskirchen,BY,Bayern,0.15,0.15,0.1,0.15,0.1
1779,1779,Dietfurt,BY,Bayern,0.15,0.15,0.1,0.15,0.1
1780,1780,Diethardt,RP,Rheinland-pfalz,0.15,0.15,0.1,0.15,0.1
1781,1781,Dietingen,BW,Baden-württemberg,0.15,0.15,0.1,0.15,0.1
1782,1782,Dietmannsried,BY,Bayern,0.15,0.15,0.1,0.15,0.1
1783,1783,Dietramszell,BY,Bayern,0.15,0.15,0.1,0.15,0.1
1784,1784,Dietrichingen,RP,Rheinland-pfalz,0.15,0.15,0.1,0.15,0.1
1785,1785,Dietzenbach,HE,Hessen,0.15,0.15,0.1,0.15,0.1
1786,1786,Diez,RP,Rheinland-pfalz,0.15,0.15,0.1,0.15,0.1
1787,1787,Dießen am Ammersee,BY,Bayern,0.15,0.15,0.1,0.15,0.1
1788,1788,Dill,RP,Rheinland-pfalz,0.15,0.15,0.1,0.15,0.1
1789,1789,Dillenburg,HE,Hessen,0.15,0.15,0.1,0.15,0.1
1790,1790,Dillendorf,RP,Rheinland-pfalz,0.15,0.15,0.1,0.15,0.1
1791,1791,Dillingen,SL,Saarland,0.15,0.15,0.1,0.15,0.1
1792,1792,Dillingen an der Donau,BY,Bayern,0.15,0.15,0.1,0.15,0.1
1793,1793,Dillstädt,TH,Thüringen,0.15,0.15,0.1,0.15,0.1
1794,1794,Dimbach,RP,Rheinland-pfalz,0.15,0.15,0.1,0.15,0.1
1795,1795,Dingdorf,RP,Rheinland-pfalz,0.15,0.15,0.1,0.15,0.1
1796,1796,Dingelstädt,TH,Thüringen,0.15,0.15,0.1,0.15,0.1
1797,1797,Dingen,SH,Schleswig-holstein,0.15,0.15,0.1,0.15,0.1
1798,1798,Dingolfing,BY,Bayern,0.15,0.15,0.1,0.15,0.1
1799,1799,Dingolshausen,BY,Bayern,0.15,0.15,0.1,0.15,0.1
1800,1800,Dingsleben,TH,Thüringen,0.15,0.15,0.1,0.15,0.1
1801,1801,Dinkelsbühl,BY,Bayern,0.15,0.15,0.1,0.15,0.1
1802,1802,Dinkelscherben,BY,Bayern,0.15,0.15,0.1,0.15,0.1
1803,1803,Dinklage,NI,Niedersachsen,0.15,0.15,0.1,0.15,0.1
1804,1804,Dinslaken,NW,Nordrhein-westfalen,0.15,0.15,0.1,0.15,0.1
1805,1805,Dintesheim,RP,Rheinland-pfalz,0.15,0.15,0.1,0.15,0.1
1806,1806,Dippach,TH,Thüringen,0.15,0.15,0.1,0.15,0.1
1807,1807,Dipperz,HE,Hessen,0.15,0.15,0.1,0.15,0.1
1808,1808,Dippoldiswalde,SN,Sachsen,0.15,0.15,0.1,0.15,0.1
1809,1809,Dirlewang,BY,Bayern,0.15,0.15,0.1,0.15,0.1
1810,1810,Dirmstein,RP,Rheinland-pfalz,0.15,0.15,0.1,0.15,0.1
1811,1811,Dischingen,BW,Baden-württemberg,0.15,0.15,0.1,0.15,0.1
1812,1812,Dissen,NI,Niedersachsen,0.15,0.15,0.1,0.15,0.1
1813,1813,Ditfurt,ST,Sachsen-anhalt,0.15,0.15,0.1,0.15,0.1
1814,1814,Ditscheid,RP,Rheinland-pfalz,0.15,0.15,0.1,0.15,0.1
1815,1815,Dittelbrunn,BY,Bayern,0.15,0.15,0.1,0.15,0.1
1816,1816,Dittelsheim-Heßloch,RP,Rheinland-pfalz,0.15,0.15,0.1,0.15,0.1
1817,1817,Dittenheim,BY,Bayern,0.15,0.15,0.1,0.15,0.1
1818,1818,Dittersdorf,TH,Thüringen,0.15,0.15,0.1,0.15,0.1
1819,1819,Dittweiler,RP,Rheinland-pfalz,0.15,0.15,0.1,0.15,0.1
1820,1820,Ditzingen,BW,Baden-württemberg,0.15,0.15,0.1,0.15,0.1
1821,1821,Dobbertin,MV,Mecklenburg-vorpommern,0.15,0.15,0.1,0.15,0.1
1822,1822,Dobel,BW,Baden-württemberg,0.15,0.15,0.1,0.15,0.1
1823,1823,Doberlug-Kirchhain,BB,Brandenburg,0.15,0.15,0.1,0.15,0.1
1824,1824,Doberschau,SN,Sachsen,0.15,0.15,0.1,0.15,0.1
1825,1825,Doberschütz,SN,Sachsen,0.15,0.15,0.1,0.15,0.1
1826,1826,Dobersdorf,SH,Schleswig-holstein,0.15,0.15,0.1,0.15,0.1
1827,1827,Dobitschen,TH,Thüringen,0.15,0.15,0.1,0.15,0.1
1828,1828,Dockendorf,RP,Rheinland-pfalz,0.15,0.15,0.1,0.15,0.1
1829,1829,Dockweiler,RP,Rheinland-pfalz,0.15,0.15,0.1,0.15,0.1
1830,1830,Dodenburg,RP,Rheinland-pfalz,0.15,0.15,0.1,0.15,0.1
1831,1831,Dogern,BW,Baden-württemberg,0.15,0.15,0.1,0.15,0.1
1832,1832,Dohm-Lammersdorf,RP,Rheinland-pfalz,0.15,0.15,0.1,0.15,0.1
1833,1833,Dohma,SN,Sachsen,0.15,0.15,0.1,0.15,0.1
1834,1834,Dohna,SN,Sachsen,0.15,0.15,0.1,0.15,0.1
1835,1835,Dohr,RP,Rheinland-pfalz,0.15,0.15,0.1,0.15,0.1
1836,1836,Dohren,NI,Niedersachsen,0.15,0.15,0.1,0.15,0.1
1837,1837,Dolgen,MV,Mecklenburg-vorpommern,0.15,0.15,0.1,0.15,0.1
1838,1838,Dolgesheim,RP,Rheinland-pfalz,0.15,0.15,0.1,0.15,0.1
1839,1839,Dolle,ST,Sachsen-anhalt,0.15,0.15,0.1,0.15,0.1
1840,1840,Dollern,NI,Niedersachsen,0.15,0.15,0.1,0.15,0.1
1841,1841,Dollerup,SH,Schleswig-holstein,0.15,0.15,0.1,0.15,0.1
1842,1842,Dollrottfeld,SH,Schleswig-holstein,0.15,0.15,0.1,0.15,0.1
1843,1843,Dombühl,BY,Bayern,0.15,0.15,0.1,0.15,0.1
1844,1844,Domersleben,ST,Sachsen-anhalt,0.15,0.15,0.1,0.15,0.1
1845,1845,Dommershausen,RP,Rheinland-pfalz,0.15,0.15,0.1,0.15,0.1
1846,1846,Dommitzsch,SN,Sachsen,0.15,0.15,0.1,0.15,0.1
1847,1847,Domnitz,ST,Sachsen-anhalt,0.15,0.15,0.1,0.15,0.1
1848,1848,Domsühl,MV,Mecklenburg-vorpommern,0.15,0.15,0.1,0.15,0.1
1849,1849,Donaueschingen,BW,Baden-württemberg,0.15,0.15,0.1,0.15,0.1
1850,1850,Donaustauf,BY,Bayern,0.15,0.15,0.1,0.15,0.1
1851,1851,Donauwörth,BY,Bayern,0.15,0.15,0.1,0.15,0.1
1852,1852,Donndorf,TH,Thüringen,0.15,0.15,0.1,0.15,0.1
1853,1853,Donnersdorf,BY,Bayern,0.15,0.15,0.1,0.15,0.1
1854,1854,Donsieders,RP,Rheinland-pfalz,0.15,0.15,0.1,0.15,0.1
1855,1855,Donzdorf,BW,Baden-württemberg,0.15,0.15,0.1,0.15,0.1
1856,1856,Dorfchemnitz,SN,Sachsen,0.15,0.15,0.1,0.15,0.1
1857,1857,Dorfen,BY,Bayern,0.15,0.15,0.1,0.15,0.1
1858,1858,Dorfhain,SN,Sachsen,0.15,0.15,0.1,0.15,0.1
1859,1859,Dorfprozelten,BY,Bayern,0.15,0.15,0.1,0.15,0.1
1860,1860,Dormagen,NW,Nordrhein-westfalen,0.15,0.15,0.1,0.15,0.1
1861,1861,Dormettingen,BW,Baden-württemberg,0.15,0.15,0.1,0.15,0.1
1862,1862,Dormitz,BY,Bayern,0.15,0.15,0.1,0.15,0.1
1863,1863,Dorn-Dürkheim,RP,Rheinland-pfalz,0.15,0.15,0.1,0.15,0.1
1864,1864,Dornburg,TH,Thüringen,0.15,0.15,0.1,0.15,0.1
1865,1865,Dorndorf,TH,Thüringen,0.15,0.15,0.1,0.15,0.1
1866,1866,Dornhan,BW,Baden-württemberg,0.15,0.15,0.1,0.15,0.1
1867,1867,Dornheim,TH,Thüringen,0.15,0.15,0.1,0.15,0.1
1868,1868,Dornholzhausen,RP,Rheinland-pfalz,0.15,0.15,0.1,0.15,0.1
1869,1869,Dornstadt,BW,Baden-württemberg,0.15,0.15,0.1,0.15,0.1
1870,1870,Dornstedt,ST,Sachsen-anhalt,0.15,0.15,0.1,0.15,0.1
1871,1871,Dornstetten,BW,Baden-württemberg,0.15,0.15,0.1,0.15,0.1
1872,1872,Dornum,NI,Niedersachsen,0.15,0.15,0.1,0.15,0.1
1873,1873,Dorsel,RP,Rheinland-pfalz,0.15,0.15,0.1,0.15,0.1
1874,1874,Dorsheim,RP,Rheinland-pfalz,0.15,0.15,0.1,0.15,0.1
1875,1875,Dorstadt,NI,Niedersachsen,0.15,0.15,0.1,0.15,0.1
1876,1876,Dorsten,NW,Nordrhein-westfalen,0.15,0.15,0.1,0.15,0.1
1877,1877,Dortmund,NW,Nordrhein-westfalen,0.15,0.15,0.1,0.15,0.1
1878,1878,Dorum,NI,Niedersachsen,0.15,0.15,0.1,0.15,0.1
1879,1879,Dossenheim,BW,Baden-württemberg,0.15,0.15,0.1,0.15,0.1
1880,1880,Dotternhausen,BW,Baden-württemberg,0.15,0.15,0.1,0.15,0.1
1881,1881,Drachhausen,BB,Brandenburg,0.15,0.15,0.1,0.15,0.1
1882,1882,Drachselsried,BY,Bayern,0.15,0.15,0.1,0.15,0.1
1883,1883,Drage,NI,Niedersachsen,0.15,0.15,0.1,0.15,0.1
1884,1884,Drage,SH,Schleswig-holstein,0.15,0.15,0.1,0.15,0.1
1885,1885,Dragun,MV,Mecklenburg-vorpommern,0.15,0.15,0.1,0.15,0.1
1886,1886,Drahnsdorf,BB,Brandenburg,0.15,0.15,0.1,0.15,0.1
1887,1887,Drakenburg,NI,Niedersachsen,0.15,0.15,0.1,0.15,0.1
1888,1888,Drangstedt,NI,Niedersachsen,0.15,0.15,0.1,0.15,0.1
1889,1889,Dransfeld,NI,Niedersachsen,0.15,0.15,0.1,0.15,0.1
1890,1890,Dranske,MV,Mecklenburg-vorpommern,0.15,0.15,0.1,0.15,0.1
1891,1891,Dreba,TH,Thüringen,0.15,0.15,0.1,0.15,0.1
1892,1892,Drebach,SN,Sachsen,0.15,0.15,0.1,0.15,0.1
1893,1893,Drebkau,BB,Brandenburg,0.15,0.15,0.1,0.15,0.1
1894,1894,Drees,RP,Rheinland-pfalz,0.15,0.15,0.1,0.15,0.1
1895,1895,Dreetz,BB,Brandenburg,0.15,0.15,0.1,0.15,0.1
1896,1896,Dreggers,SH,Schleswig-holstein,0.15,0.15,0.1,0.15,0.1
1897,1897,Drehnow,BB,Brandenburg,0.15,0.15,0.1,0.15,0.1
1898,1898,Dreieich,HE,Hessen,0.15,0.15,0.1,0.15,0.1
1899,1899,Dreifelden,RP,Rheinland-pfalz,0.15,0.15,0.1,0.15,0.1
1900,1900,Dreikirchen,RP,Rheinland-pfalz,0.15,0.15,0.1,0.15,0.1
1901,1901,Dreileben,ST,Sachsen-anhalt,0.15,0.15,0.1,0.15,0.1
1902,1902,Dreis,RP,Rheinland-pfalz,0.15,0.15,0.1,0.15,0.1
1903,1903,Dreis-Brück,RP,Rheinland-pfalz,0.15,0.15,0.1,0.15,0.1
1904,1904,Dreisbach,RP,Rheinland-pfalz,0.15,0.15,0.1,0.15,0.1
1905,1905,Dreisen,RP,Rheinland-pfalz,0.15,0.15,0.1,0.15,0.1
1906,1906,Dreitzsch,TH,Thüringen,0.15,0.15,0.1,0.15,0.1
1907,1907,Drelsdorf,SH,Schleswig-holstein,0.15,0.15,0.1,0.15,0.1
1908,1908,Drensteinfurt,NW,Nordrhein-westfalen,0.15,0.15,0.1,0.15,0.1
1909,1909,Drentwede,NI,Niedersachsen,0.15,0.15,0.1,0.15,0.1
1910,1910,Dreschvitz,MV,Mecklenburg-vorpommern,0.15,0.15,0.1,0.15,0.1
1911,1911,Dresden,SN,Sachsen,0.15,0.15,0.1,0.15,0.1
1912,1912,Drestedt,NI,Niedersachsen,0.15,0.15,0.1,0.15,0.1
1913,1913,Driedorf,HE,Hessen,0.15,0.15,0.1,0.15,0.1
1914,1914,Driftsethe,NI,Niedersachsen,0.15,0.15,0.1,0.15,0.1
1915,1915,Drochtersen,NI,Niedersachsen,0.15,0.15,0.1,0.15,0.1
1916,1916,Drogen,TH,Thüringen,0.15,0.15,0.1,0.15,0.1
1917,1917,Drognitz,TH,Thüringen,0.15,0.15,0.1,0.15,0.1
1918,1918,Drohndorf,ST,Sachsen-anhalt,0.15,0.15,0.1,0.15,0.1
1919,1919,Drolshagen,NW,Nordrhein-westfalen,0.15,0.15,0.1,0.15,0.1
1920,1920,Drosa,ST,Sachsen-anhalt,0.15,0.15,0.1,0.15,0.1
1921,1921,Droyßig,ST,Sachsen-anhalt,0.15,0.15,0.1,0.15,0.1
1922,1922,Droßdorf,ST,Sachsen-anhalt,0.15,0.15,0.1,0.15,0.1
1923,1923,Dröbischau,TH,Thüringen,0.15,0.15,0.1,0.15,0.1
1924,1924,Drübeck,ST,Sachsen-anhalt,0.15,0.15,0.1,0.15,0.1
1925,1925,Ducherow,MV,Mecklenburg-vorpommern,0.15,0.15,0.1,0.15,0.1
1926,1926,Duchroth,RP,Rheinland-pfalz,0.15,0.15,0.1,0.15,0.1
1927,1927,Dudeldorf,RP,Rheinland-pfalz,0.15,0.15,0.1,0.15,0.1
1928,1928,Dudenhofen,RP,Rheinland-pfalz,0.15,0.15,0.1,0.15,0.1
1929,1929,Duderstadt,NI,Niedersachsen,0.15,0.15,0.1,0.15,0.1
1930,1930,Duggendorf,BY,Bayern,0.15,0.15,0.1,0.15,0.1
1931,1931,Duingen,NI,Niedersachsen,0.15,0.15,0.1,0.15,0.1
1932,1932,Duisburg,NW,Nordrhein-westfalen,0.15,0.15,0.1,0.15,0.1
1933,1933,Dummerstorf,MV,Mecklenburg-vorpommern,0.15,0.15,0.1,0.15,0.1
1934,1934,Dunningen,BW,Baden-württemberg,0.15,0.15,0.1,0.15,0.1
1935,1935,Dunsum,SH,Schleswig-holstein,0.15,0.15,0.1,0.15,0.1
1936,1936,Dunum,NI,Niedersachsen,0.15,0.15,0.1,0.15,0.1
1937,1937,Dunzweiler,RP,Rheinland-pfalz,0.15,0.15,0.1,0.15,0.1
1938,1938,Duppach,RP,Rheinland-pfalz,0.15,0.15,0.1,0.15,0.1
1939,1939,Durach,BY,Bayern,0.15,0.15,0.1,0.15,0.1
1940,1940,Durbach,BW,Baden-württemberg,0.15,0.15,0.1,0.15,0.1
1941,1941,Durchhausen,BW,Baden-württemberg,0.15,0.15,0.1,0.15,0.1
1942,1942,Durlangen,BW,Baden-württemberg,0.15,0.15,0.1,0.15,0.1
1943,1943,Durmersheim,BW,Baden-württemberg,0.15,0.15,0.1,0.15,0.1
1944,1944,Duvensee,SH,Schleswig-holstein,0.15,0.15,0.1,0.15,0.1
1945,1945,Duvenstedt,HH,Hamburg,0.15,0.15,0.1,0.15,0.1
1946,1946,Dußlingen,BW,Baden-württemberg,0.15,0.15,0.1,0.15,0.1
1947,1947,Dägeling,SH,Schleswig-holstein,0.15,0.15,0.1,0.15,0.1
1948,1948,Dähre,ST,Sachsen-anhalt,0.15,0.15,0.1,0.15,0.1
1949,1949,Dänischenhagen,SH,Schleswig-holstein,0.15,0.15,0.1,0.15,0.1
1950,1950,Dätgen,SH,Schleswig-holstein,0.15,0.15,0.1,0.15,0.1
1951,1951,Döbeln,SN,Sachsen,0.15,0.15,0.1,0.15,0.1
1952,1952,Döbernitz,SN,Sachsen,0.15,0.15,0.1,0.15,0.1
1953,1953,Döbritschen,TH,Thüringen,0.15,0.15,0.1,0.15,0.1
1954,1954,Döbritz,TH,Thüringen,0.15,0.15,0.1,0.15,0.1
1955,1955,Döhlau,BY,Bayern,0.15,0.15,0.1,0.15,0.1
1956,1956,Dölbau,ST,Sachsen-anhalt,0.15,0.15,0.1,0.15,0.1
1957,1957,Döllnitz,ST,Sachsen-anhalt,0.15,0.15,0.1,0.15,0.1
1958,1958,Döllstädt,TH,Thüringen,0.15,0.15,0.1,0.15,0.1
1959,1959,Dömitz,MV,Mecklenburg-vorpommern,0.15,0.15,0.1,0.15,0.1
1960,1960,Dörentrup,NW,Nordrhein-westfalen,0.15,0.15,0.1,0.15,0.1
1961,1961,Dörnberg,RP,Rheinland-pfalz,0.15,0.15,0.1,0.15,0.1
1962,1962,Dörnick,SH,Schleswig-holstein,0.15,0.15,0.1,0.15,0.1
1963,1963,Dörpen,NI,Niedersachsen,0.15,0.15,0.1,0.15,0.1
1964,1964,Dörphof,SH,Schleswig-holstein,0.15,0.15,0.1,0.15,0.1
1965,1965,Dörpling,SH,Schleswig-holstein,0.15,0.15,0.1,0.15,0.1
1966,1966,Dörpstedt,SH,Schleswig-holstein,0.15,0.15,0.1,0.15,0.1
1967,1967,Dörrebach,RP,Rheinland-pfalz,0.15,0.15,0.1,0.15,0.1
1968,1968,Dörrenbach,RP,Rheinland-pfalz,0.15,0.15,0.1,0.15,0.1
1969,1969,Dörrmoschel,RP,Rheinland-pfalz,0.15,0.15,0.1,0.15,0.1
1970,1970,Dörscheid,RP,Rheinland-pfalz,0.15,0.15,0.1,0.15,0.1
1971,1971,Dörsdorf,RP,Rheinland-pfalz,0.15,0.15,0.1,0.15,0.1
1972,1972,Dörth,RP,Rheinland-pfalz,0.15,0.15,0.1,0.15,0.1
1973,1973,Dörverden,NI,Niedersachsen,0.15,0.15,0.1,0.15,0.1
1974,1974,Dörzbach,BW,Baden-württemberg,0.15,0.15,0.1,0.15,0.1
1975,1975,Döschnitz,TH,Thüringen,0.15,0.15,0.1,0.15,0.1
1976,1976,Döschwitz,ST,Sachsen-anhalt,0.15,0.15,0.1,0.15,0.1
1977,1977,Dötlingen,NI,Niedersachsen,0.15,0.15,0.1,0.15,0.1
1978,1978,Döttesfeld,RP,Rheinland-pfalz,0.15,0.15,0.1,0.15,0.1
1979,1979,Düchelsdorf,SH,Schleswig-holstein,0.15,0.15,0.1,0.15,0.1
1980,1980,Düdenbüttel,NI,Niedersachsen,0.15,0.15,0.1,0.15,0.1
1981,1981,Dülmen,NW,Nordrhein-westfalen,0.15,0.15,0.1,0.15,0.1
1982,1982,Dümmer,MV,Mecklenburg-vorpommern,0.15,0.15,0.1,0.15,0.1
1983,1983,Dümpelfeld,RP,Rheinland-pfalz,0.15,0.15,0.1,0.15,0.1
1984,1984,Dünfus,RP,Rheinland-pfalz,0.15,0.15,0.1,0.15,0.1
1985,1985,Düngenheim,RP,Rheinland-pfalz,0.15,0.15,0.1,0.15,0.1
1986,1986,Dünsen,NI,Niedersachsen,0.15,0.15,0.1,0.15,0.1
1987,1987,Dürbheim,BW,Baden-württemberg,0.15,0.15,0.1,0.15,0.1
1988,1988,Düren,NW,Nordrhein-westfalen,0.15,0.15,0.1,0.15,0.1
1989,1989,Dürmentingen,BW,Baden-württemberg,0.15,0.15,0.1,0.15,0.1
1990,1990,Dürnau,BW,Baden-württemberg,0.15,0.15,0.1,0.15,0.1
1991,1991,Dürrhennersdorf,SN,Sachsen,0.15,0.15,0.1,0.15,0.1
1992,1992,Dürrlauingen,BY,Bayern,0.15,0.15,0.1,0.15,0.1
1993,1993,Dürrröhrsdorf,SN,Sachsen,0.15,0.15,0.1,0.15,0.1
1994,1994,Dürrwangen,BY,Bayern,0.15,0.15,0.1,0.15,0.1
1995,1995,Düsseldorf,NW,Nordrhein-westfalen,0.15,0.15,0.1,0.15,0.1
1996,1996,Düvier,MV,Mecklenburg-vorpommern,0.15,0.15,0.1,0.15,0.1
1997,1997,Ebeleben,TH,Thüringen,0.15,0.15,0.1,0.15,0.1
1998,1998,Ebelsbach,BY,Bayern,0.15,0.15,0.1,0.15,0.1
1999,1999,Ebendorf,ST,Sachsen-anhalt,0.15,0.15,0.1,0.15,0.1
2000,2000,Ebensfeld,BY,Bayern,0.15,0.15,0.1,0.15,0.1
2001,2001,Ebenshausen,TH,Thüringen,0.15,0.15,0.1,0.15,0.1
2002,2002,Ebenweiler,BW,Baden-württemberg,0.15,0.15,0.1,0.15,0.1
2003,2003,Eberbach,BW,Baden-württemberg,0.15,0.15,0.1,0.15,0.1
2004,2004,Eberdingen,BW,Baden-württemberg,0.15,0.15,0.1,0.15,0.1
2005,2005,Ebergötzen,NI,Niedersachsen,0.15,0.15,0.1,0.15,0.1
2006,2006,Eberhardzell,BW,Baden-württemberg,0.15,0.15,0.1,0.15,0.1
2007,2007,Eberholzen,NI,Niedersachsen,0.15,0.15,0.1,0.15,0.1
2008,2008,Ebermannsdorf,BY,Bayern,0.15,0.15,0.1,0.15,0.1
2009,2009,Ebermannstadt,BY,Bayern,0.15,0.15,0.1,0.15,0.1
2010,2010,Ebernhahn,RP,Rheinland-pfalz,0.15,0.15,0.1,0.15,0.1
2011,2011,Ebersbach,SN,Sachsen,0.15,0.15,0.1,0.15,0.1
2012,2012,Ebersbach an der Fils,BW,Baden-württemberg,0.15,0.15,0.1,0.15,0.1
2013,2013,Ebersbach-Musbach,BW,Baden-württemberg,0.15,0.15,0.1,0.15,0.1
2014,2014,Ebersberg,BY,Bayern,0.15,0.15,0.1,0.15,0.1
2015,2015,Ebersdorf,BY,Bayern,0.15,0.15,0.1,0.15,0.1
2016,2016,Ebersdorf,NI,Niedersachsen,0.15,0.15,0.1,0.15,0.1
2017,2017,Ebershausen,BY,Bayern,0.15,0.15,0.1,0.15,0.1
2018,2018,Eberstadt,BW,Baden-württemberg,0.15,0.15,0.1,0.15,0.1
2019,2019,Eberstedt,TH,Thüringen,0.15,0.15,0.1,0.15,0.1
2020,2020,Eberswalde,BB,Brandenburg,0.15,0.15,0.1,0.15,0.1
2021,2021,Ebertshausen,RP,Rheinland-pfalz,0.15,0.15,0.1,0.15,0.1
2022,2022,Ebertsheim,RP,Rheinland-pfalz,0.15,0.15,0.1,0.15,0.1
2023,2023,Ebhausen,BW,Baden-württemberg,0.15,0.15,0.1,0.15,0.1
2024,2024,Ebnath,BY,Bayern,0.15,0.15,0.1,0.15,0.1
2025,2025,Ebringen,BW,Baden-württemberg,0.15,0.15,0.1,0.15,0.1
2026,2026,Ebsdorfergrund,HE,Hessen,0.15,0.15,0.1,0.15,0.1
2027,2027,Ebstorf,NI,Niedersachsen,0.15,0.15,0.1,0.15,0.1
2028,2028,Echem,NI,Niedersachsen,0.15,0.15,0.1,0.15,0.1
2029,2029,Eching,BY,Bayern,0.15,0.15,0.1,0.15,0.1
2030,2030,Echternacherbrück,RP,Rheinland-pfalz,0.15,0.15,0.1,0.15,0.1
2031,2031,Echtershausen,RP,Rheinland-pfalz,0.15,0.15,0.1,0.15,0.1
2032,2032,Echzell,HE,Hessen,0.15,0.15,0.1,0.15,0.1
2033,2033,Eckartsberg,SN,Sachsen,0.15,0.15,0.1,0.15,0.1
2034,2034,Eckartsberga,ST,Sachsen-anhalt,0.15,0.15,0.1,0.15,0.1
2035,2035,Eckelsheim,RP,Rheinland-pfalz,0.15,0.15,0.1,0.15,0.1
2036,2036,Eckenroth,RP,Rheinland-pfalz,0.15,0.15,0.1,0.15,0.1
2037,2037,Eckernförde,SH,Schleswig-holstein,0.15,0.15,0.1,0.15,0.1
2038,2038,Eckersdorf,BY,Bayern,0.15,0.15,0.1,0.15,0.1
2039,2039,Eckersweiler,RP,Rheinland-pfalz,0.15,0.15,0.1,0.15,0.1
2040,2040,Eckfeld,RP,Rheinland-pfalz,0.15,0.15,0.1,0.15,0.1
2041,2041,Ecklak,SH,Schleswig-holstein,0.15,0.15,0.1,0.15,0.1
2042,2042,Ecklingerode,TH,Thüringen,0.15,0.15,0.1,0.15,0.1
2043,2043,Eckstedt,TH,Thüringen,0.15,0.15,0.1,0.15,0.1
2044,2044,Eddelak,SH,Schleswig-holstein,0.15,0.15,0.1,0.15,0.1
2045,2045,Edderitz,ST,Sachsen-anhalt,0.15,0.15,0.1,0.15,0.1
2046,2046,Edelsfeld,BY,Bayern,0.15,0.15,0.1,0.15,0.1
2047,2047,Edemissen,NI,Niedersachsen,0.15,0.15,0.1,0.15,0.1
2048,2048,Edenkoben,RP,Rheinland-pfalz,0.15,0.15,0.1,0.15,0.1
2049,2049,Ederheim,BY,Bayern,0.15,0.15,0.1,0.15,0.1
2050,2050,Edersleben,ST,Sachsen-anhalt,0.15,0.15,0.1,0.15,0.1
2051,2051,Edesheim,RP,Rheinland-pfalz,0.15,0.15,0.1,0.15,0.1
2052,2052,Edewecht,NI,Niedersachsen,0.15,0.15,0.1,0.15,0.1
2053,2053,Ediger-Eller,RP,Rheinland-pfalz,0.15,0.15,0.1,0.15,0.1
2054,2054,Edingen-Neckarhausen,BW,Baden-württemberg,0.15,0.15,0.1,0.15,0.1
2055,2055,Edlau,ST,Sachsen-anhalt,0.15,0.15,0.1,0.15,0.1
2056,2056,Edling,BY,Bayern,0.15,0.15,0.1,0.15,0.1
2057,2057,Effelder,TH,Thüringen,0.15,0.15,0.1,0.15,0.1
2058,2058,Effeltrich,BY,Bayern,0.15,0.15,0.1,0.15,0.1
2059,2059,Efringen-Kirchen,BW,Baden-württemberg,0.15,0.15,0.1,0.15,0.1
2060,2060,Egeln,ST,Sachsen-anhalt,0.15,0.15,0.1,0.15,0.1
2061,2061,Egelsbach,HE,Hessen,0.15,0.15,0.1,0.15,0.1
2062,2062,Egenhausen,BW,Baden-württemberg,0.15,0.15,0.1,0.15,0.1
2063,2063,Egenhofen,BY,Bayern,0.15,0.15,0.1,0.15,0.1
2064,2064,Egesheim,BW,Baden-württemberg,0.15,0.15,0.1,0.15,0.1
2065,2065,Egestorf,NI,Niedersachsen,0.15,0.15,0.1,0.15,0.1
2066,2066,Egg an der Günz,BY,Bayern,0.15,0.15,0.1,0.15,0.1
2067,2067,Eggebek,SH,Schleswig-holstein,0.15,0.15,0.1,0.15,0.1
2068,2068,Eggenfelden,BY,Bayern,0.15,0.15,0.1,0.15,0.1
2069,2069,Eggenstein-Leopoldshafen,BW,Baden-württemberg,0.15,0.15,0.1,0.15,0.1
2070,2070,Eggenthal,BY,Bayern,0.15,0.15,0.1,0.15,0.1
2071,2071,Eggermühlen,NI,Niedersachsen,0.15,0.15,0.1,0.15,0.1
2072,2072,Eggersdorf,ST,Sachsen-anhalt,0.15,0.15,0.1,0.15,0.1
2073,2073,Eggesin,MV,Mecklenburg-vorpommern,0.15,0.15,0.1,0.15,0.1
2074,2074,Eggingen,BW,Baden-württemberg,0.15,0.15,0.1,0.15,0.1
2075,2075,Egglham,BY,Bayern,0.15,0.15,0.1,0.15,0.1
2076,2076,Egglkofen,BY,Bayern,0.15,0.15,0.1,0.15,0.1
2077,2077,Eggolsheim,BY,Bayern,0.15,0.15,0.1,0.15,0.1
2078,2078,Eggstedt,SH,Schleswig-holstein,0.15,0.15,0.1,0.15,0.1
2079,2079,Eggstätt,BY,Bayern,0.15,0.15,0.1,0.15,0.1
2080,2080,Eging,BY,Bayern,0.15,0.15,0.1,0.15,0.1
2081,2081,Eglfing,BY,Bayern,0.15,0.15,0.1,0.15,0.1
2082,2082,Egling,BY,Bayern,0.15,0.15,0.1,0.15,0.1
2083,2083,Egloffstein,BY,Bayern,0.15,0.15,0.1,0.15,0.1
2084,2084,Egmating,BY,Bayern,0.15,0.15,0.1,0.15,0.1
2085,2085,Egweil,BY,Bayern,0.15,0.15,0.1,0.15,0.1
2086,2086,Ehekirchen,BY,Bayern,0.15,0.15,0.1,0.15,0.1
2087,2087,Ehingen,BY,Bayern,0.15,0.15,0.1,0.15,0.1
2088,2088,Ehingen,BW,Baden-württemberg,0.15,0.15,0.1,0.15,0.1
2089,2089,Ehlenz,RP,Rheinland-pfalz,0.15,0.15,0.1,0.15,0.1
2090,2090,Ehlscheid,RP,Rheinland-pfalz,0.15,0.15,0.1,0.15,0.1
2091,2091,Ehndorf,SH,Schleswig-holstein,0.15,0.15,0.1,0.15,0.1
2092,2092,Ehningen,BW,Baden-württemberg,0.15,0.15,0.1,0.15,0.1
2093,2093,Ehr,RP,Rheinland-pfalz,0.15,0.15,0.1,0.15,0.1
2094,2094,Ehrenberg,TH,Thüringen,0.15,0.15,0.1,0.15,0.1
2095,2095,Ehrenburg,NI,Niedersachsen,0.15,0.15,0.1,0.15,0.1
2096,2096,Ehrenfriedersdorf,SN,Sachsen,0.15,0.15,0.1,0.15,0.1
2097,2097,Ehringshausen,HE,Hessen,0.15,0.15,0.1,0.15,0.1
2098,2098,Ehweiler,RP,Rheinland-pfalz,0.15,0.15,0.1,0.15,0.1
2099,2099,Eibau,SN,Sachsen,0.15,0.15,0.1,0.15,0.1
2100,2100,Eibelstadt,BY,Bayern,0.15,0.15,0.1,0.15,0.1
2101,2101,Eibenstock,SN,Sachsen,0.15,0.15,0.1,0.15,0.1
2102,2102,Eich,RP,Rheinland-pfalz,0.15,0.15,0.1,0.15,0.1
2103,2103,Eichelhardt,RP,Rheinland-pfalz,0.15,0.15,0.1,0.15,0.1
2104,2104,Eichen,RP,Rheinland-pfalz,0.15,0.15,0.1,0.15,0.1
2105,2105,Eichenau,BY,Bayern,0.15,0.15,0.1,0.15,0.1
2106,2106,Eichenbach,RP,Rheinland-pfalz,0.15,0.15,0.1,0.15,0.1
2107,2107,Eichenbarleben,ST,Sachsen-anhalt,0.15,0.15,0.1,0.15,0.1
2108,2108,Eichenberg,TH,Thüringen,0.15,0.15,0.1,0.15,0.1
2109,2109,Eichenbühl,BY,Bayern,0.15,0.15,0.1,0.15,0.1
2110,2110,Eichendorf,BY,Bayern,0.15,0.15,0.1,0.15,0.1
2111,2111,Eichenzell,HE,Hessen,0.15,0.15,0.1,0.15,0.1
2112,2112,Eichhorst,MV,Mecklenburg-vorpommern,0.15,0.15,0.1,0.15,0.1
2113,2113,Eichigt,SN,Sachsen,0.15,0.15,0.1,0.15,0.1
2114,2114,Eichstegen,BW,Baden-württemberg,0.15,0.15,0.1,0.15,0.1
2115,2115,Eichstetten,BW,Baden-württemberg,0.15,0.15,0.1,0.15,0.1
2116,2116,Eichstruth,TH,Thüringen,0.15,0.15,0.1,0.15,0.1
2117,2117,Eichstätt,BY,Bayern,0.15,0.15,0.1,0.15,0.1
2118,2118,Eichwalde,BB,Brandenburg,0.15,0.15,0.1,0.15,0.1
2119,2119,Eickeloh,NI,Niedersachsen,0.15,0.15,0.1,0.15,0.1
2120,2120,Eickendorf,ST,Sachsen-anhalt,0.15,0.15,0.1,0.15,0.1
2121,2121,Eicklingen,NI,Niedersachsen,0.15,0.15,0.1,0.15,0.1
2122,2122,Eidelstedt,HH,Hamburg,0.15,0.15,0.1,0.15,0.1
2123,2123,Eigeltingen,BW,Baden-württemberg,0.15,0.15,0.1,0.15,0.1
2124,2124,Eil,NW,Nordrhein-westfalen,0.15,0.15,0.1,0.15,0.1
2125,2125,Eilenburg,SN,Sachsen,0.15,0.15,0.1,0.15,0.1
2126,2126,Eilscheid,RP,Rheinland-pfalz,0.15,0.15,0.1,0.15,0.1
2127,2127,Eilsleben,ST,Sachsen-anhalt,0.15,0.15,0.1,0.15,0.1
2128,2128,Eime,NI,Niedersachsen,0.15,0.15,0.1,0.15,0.1
2129,2129,Eimeldingen,BW,Baden-württemberg,0.15,0.15,0.1,0.15,0.1
2130,2130,Eimen,NI,Niedersachsen,0.15,0.15,0.1,0.15,0.1
2131,2131,Eimersleben,ST,Sachsen-anhalt,0.15,0.15,0.1,0.15,0.1
2132,2132,Eimke,NI,Niedersachsen,0.15,0.15,0.1,0.15,0.1
2133,2133,Eimsbüttel,HH,Hamburg,0.15,0.15,0.1,0.15,0.1
2134,2134,Eimsheim,RP,Rheinland-pfalz,0.15,0.15,0.1,0.15,0.1
2135,2135,Einbeck,NI,Niedersachsen,0.15,0.15,0.1,0.15,0.1
2136,2136,Eineborn,TH,Thüringen,0.15,0.15,0.1,0.15,0.1
2137,2137,Einhaus,SH,Schleswig-holstein,0.15,0.15,0.1,0.15,0.1
2138,2138,Einhausen,TH,Thüringen,0.15,0.15,0.1,0.15,0.1
2139,2139,Einhausen,HE,Hessen,0.15,0.15,0.1,0.15,0.1
2140,2140,Einig,RP,Rheinland-pfalz,0.15,0.15,0.1,0.15,0.1
2141,2141,Einselthum,RP,Rheinland-pfalz,0.15,0.15,0.1,0.15,0.1
2142,2142,Einöllen,RP,Rheinland-pfalz,0.15,0.15,0.1,0.15,0.1
2143,2143,Eiselfing,BY,Bayern,0.15,0.15,0.1,0.15,0.1
2144,2144,Eisenach,TH,Thüringen,0.15,0.15,0.1,0.15,0.1
2145,2145,Eisenach,RP,Rheinland-pfalz,0.15,0.15,0.1,0.15,0.1
2146,2146,Eisenbach,BW,Baden-württemberg,0.15,0.15,0.1,0.15,0.1
2147,2147,Eisenberg,TH,Thüringen,0.15,0.15,0.1,0.15,0.1
2148,2148,Eisenberg,BY,Bayern,0.15,0.15,0.1,0.15,0.1
2149,2149,Eisenberg,RP,Rheinland-pfalz,0.15,0.15,0.1,0.15,0.1
2150,2150,Eisendorf,SH,Schleswig-holstein,0.15,0.15,0.1,0.15,0.1
2151,2151,Eisenhüttenstadt,BB,Brandenburg,0.15,0.15,0.1,0.15,0.1
2152,2152,Eisenschmitt,RP,Rheinland-pfalz,0.15,0.15,0.1,0.15,0.1
2153,2153,Eisfeld,TH,Thüringen,0.15,0.15,0.1,0.15,0.1
2154,2154,Eisighofen,RP,Rheinland-pfalz,0.15,0.15,0.1,0.15,0.1
2155,2155,Eisingen,BW,Baden-württemberg,0.15,0.15,0.1,0.15,0.1
2156,2156,Eisingen,BY,Bayern,0.15,0.15,0.1,0.15,0.1
2157,2157,Eislingen,BW,Baden-württemberg,0.15,0.15,0.1,0.15,0.1
2158,2158,Eitelborn,RP,Rheinland-pfalz,0.15,0.15,0.1,0.15,0.1
2159,2159,Eitensheim,BY,Bayern,0.15,0.15,0.1,0.15,0.1
2160,2160,Eiterfeld,HE,Hessen,0.15,0.15,0.1,0.15,0.1
2161,2161,Eitorf,NW,Nordrhein-westfalen,0.15,0.15,0.1,0.15,0.1
2162,2162,Eitting,BY,Bayern,0.15,0.15,0.1,0.15,0.1
2163,2163,Eixen,MV,Mecklenburg-vorpommern,0.15,0.15,0.1,0.15,0.1
2164,2164,Elbe,NI,Niedersachsen,0.15,0.15,0.1,0.15,0.1
2165,2165,Elben,RP,Rheinland-pfalz,0.15,0.15,0.1,0.15,0.1
2166,2166,Elbingerode,ST,Sachsen-anhalt,0.15,0.15,0.1,0.15,0.1
2167,2167,Elbingerode,NI,Niedersachsen,0.15,0.15,0.1,0.15,0.1
2168,2168,Elchweiler,RP,Rheinland-pfalz,0.15,0.15,0.1,0.15,0.1
2169,2169,Eldena,MV,Mecklenburg-vorpommern,0.15,0.15,0.1,0.15,0.1
2170,2170,Eldingen,NI,Niedersachsen,0.15,0.15,0.1,0.15,0.1
2171,2171,Elend,ST,Sachsen-anhalt,0.15,0.15,0.1,0.15,0.1
2172,2172,Elfershausen,BY,Bayern,0.15,0.15,0.1,0.15,0.1
2173,2173,Elgersburg,TH,Thüringen,0.15,0.15,0.1,0.15,0.1
2174,2174,Elisabeth-Sophien-Koog,SH,Schleswig-holstein,0.15,0.15,0.1,0.15,0.1
2175,2175,Elkenroth,RP,Rheinland-pfalz,0.15,0.15,0.1,0.15,0.1
2176,2176,Elleben,TH,Thüringen,0.15,0.15,0.1,0.15,0.1
2177,2177,Ellefeld,SN,Sachsen,0.15,0.15,0.1,0.15,0.1
2178,2178,Ellenberg,BW,Baden-württemberg,0.15,0.15,0.1,0.15,0.1
2179,2179,Ellenberg,RP,Rheinland-pfalz,0.15,0.15,0.1,0.15,0.1
2180,2180,Ellenhausen,RP,Rheinland-pfalz,0.15,0.15,0.1,0.15,0.1
2181,2181,Ellenz-Poltersdorf,RP,Rheinland-pfalz,0.15,0.15,0.1,0.15,0.1
2182,2182,Ellerau,SH,Schleswig-holstein,0.15,0.15,0.1,0.15,0.1
2183,2183,Ellerbek,SH,Schleswig-holstein,0.15,0.15,0.1,0.15,0.1
2184,2184,Ellerdorf,SH,Schleswig-holstein,0.15,0.15,0.1,0.15,0.1
2185,2185,Ellerhoop,SH,Schleswig-holstein,0.15,0.15,0.1,0.15,0.1
2186,2186,Ellern,RP,Rheinland-pfalz,0.15,0.15,0.1,0.15,0.1
2187,2187,Ellersleben,TH,Thüringen,0.15,0.15,0.1,0.15,0.1
2188,2188,Ellerstadt,RP,Rheinland-pfalz,0.15,0.15,0.1,0.15,0.1
2189,2189,Ellgau,BY,Bayern,0.15,0.15,0.1,0.15,0.1
2190,2190,Ellhofen,BW,Baden-württemberg,0.15,0.15,0.1,0.15,0.1
2191,2191,Ellhöft,SH,Schleswig-holstein,0.15,0.15,0.1,0.15,0.1
2192,2192,Ellingen,BY,Bayern,0.15,0.15,0.1,0.15,0.1
2193,2193,Ellingshausen,TH,Thüringen,0.15,0.15,0.1,0.15,0.1
2194,2194,Ellingstedt,SH,Schleswig-holstein,0.15,0.15,0.1,0.15,0.1
2195,2195,Ellrich,TH,Thüringen,0.15,0.15,0.1,0.15,0.1
2196,2196,Ellscheid,RP,Rheinland-pfalz,0.15,0.15,0.1,0.15,0.1
2197,2197,Ellwangen,BW,Baden-württemberg,0.15,0.15,0.1,0.15,0.1
2198,2198,Ellweiler,RP,Rheinland-pfalz,0.15,0.15,0.1,0.15,0.1
2199,2199,Ellzee,BY,Bayern,0.15,0.15,0.1,0.15,0.1
2200,2200,Elmenhorst,SH,Schleswig-holstein,0.15,0.15,0.1,0.15,0.1
2201,2201,Elmenhorst,MV,Mecklenburg-vorpommern,0.15,0.15,0.1,0.15,0.1
2202,2202,Elmlohe,NI,Niedersachsen,0.15,0.15,0.1,0.15,0.1
2203,2203,Elmshorn,SH,Schleswig-holstein,0.15,0.15,0.1,0.15,0.1
2204,2204,Elmstein,RP,Rheinland-pfalz,0.15,0.15,0.1,0.15,0.1
2205,2205,Elpersbüttel,SH,Schleswig-holstein,0.15,0.15,0.1,0.15,0.1
2206,2206,Elsdorf,NI,Niedersachsen,0.15,0.15,0.1,0.15,0.1
2207,2207,Elsdorf,NW,Nordrhein-westfalen,0.15,0.15,0.1,0.15,0.1
2208,2208,Elsdorf-Westermühlen,SH,Schleswig-holstein,0.15,0.15,0.1,0.15,0.1
2209,2209,Elsendorf,BY,Bayern,0.15,0.15,0.1,0.15,0.1
2210,2210,Elsenfeld,BY,Bayern,0.15,0.15,0.1,0.15,0.1
2211,2211,Elsfleth,NI,Niedersachsen,0.15,0.15,0.1,0.15,0.1
2212,2212,Elskop,SH,Schleswig-holstein,0.15,0.15,0.1,0.15,0.1
2213,2213,Elsnig,SN,Sachsen,0.15,0.15,0.1,0.15,0.1
2214,2214,Elsnigk,ST,Sachsen-anhalt,0.15,0.15,0.1,0.15,0.1
2215,2215,Elsoff,RP,Rheinland-pfalz,0.15,0.15,0.1,0.15,0.1
2216,2216,Elster,ST,Sachsen-anhalt,0.15,0.15,0.1,0.15,0.1
2217,2217,Elsterberg,SN,Sachsen,0.15,0.15,0.1,0.15,0.1
2218,2218,Elstertrebnitz,SN,Sachsen,0.15,0.15,0.1,0.15,0.1
2219,2219,Elsterwerda,BB,Brandenburg,0.15,0.15,0.1,0.15,0.1
2220,2220,Elstra,SN,Sachsen,0.15,0.15,0.1,0.15,0.1
2221,2221,Elterlein,SN,Sachsen,0.15,0.15,0.1,0.15,0.1
2222,2222,Eltmann,BY,Bayern,0.15,0.15,0.1,0.15,0.1
2223,2223,Eltville,HE,Hessen,0.15,0.15,0.1,0.15,0.1
2224,2224,Elxleben,TH,Thüringen,0.15,0.15,0.1,0.15,0.1
2225,2225,Elz,HE,Hessen,0.15,0.15,0.1,0.15,0.1
2226,2226,Elzach,BW,Baden-württemberg,0.15,0.15,0.1,0.15,0.1
2227,2227,Elze,NI,Niedersachsen,0.15,0.15,0.1,0.15,0.1
2228,2228,Elzweiler,RP,Rheinland-pfalz,0.15,0.15,0.1,0.15,0.1
2229,2229,Embsen,NI,Niedersachsen,0.15,0.15,0.1,0.15,0.1
2230,2230,Embühren,SH,Schleswig-holstein,0.15,0.15,0.1,0.15,0.1
2231,2231,Emden,NI,Niedersachsen,0.15,0.15,0.1,0.15,0.1
2232,2232,Emeringen,BW,Baden-württemberg,0.15,0.15,0.1,0.15,0.1
2233,2233,Emerkingen,BW,Baden-württemberg,0.15,0.15,0.1,0.15,0.1
2234,2234,Emersacker,BY,Bayern,0.15,0.15,0.1,0.15,0.1
2235,2235,Emkendorf,SH,Schleswig-holstein,0.15,0.15,0.1,0.15,0.1
2236,2236,Emleben,TH,Thüringen,0.15,0.15,0.1,0.15,0.1
2237,2237,Emlichheim,NI,Niedersachsen,0.15,0.15,0.1,0.15,0.1
2238,2238,Emmelbaum,RP,Rheinland-pfalz,0.15,0.15,0.1,0.15,0.1
2239,2239,Emmelsbüll-Horsbüll,SH,Schleswig-holstein,0.15,0.15,0.1,0.15,0.1
2240,2240,Emmelshausen,RP,Rheinland-pfalz,0.15,0.15,0.1,0.15,0.1
2241,2241,Emmendingen,BW,Baden-württemberg,0.15,0.15,0.1,0.15,0.1
2242,2242,Emmendorf,NI,Niedersachsen,0.15,0.15,0.1,0.15,0.1
2243,2243,Emmerich,NW,Nordrhein-westfalen,0.15,0.15,0.1,0.15,0.1
2244,2244,Emmering,BY,Bayern,0.15,0.15,0.1,0.15,0.1
2245,2245,Emmerzhausen,RP,Rheinland-pfalz,0.15,0.15,0.1,0.15,0.1
2246,2246,Emmingen-Liptingen,BW,Baden-württemberg,0.15,0.15,0.1,0.15,0.1
2247,2247,Empfertshausen,TH,Thüringen,0.15,0.15,0.1,0.15,0.1
2248,2248,Empfingen,BW,Baden-württemberg,0.15,0.15,0.1,0.15,0.1
2249,2249,Emsbüren,NI,Niedersachsen,0.15,0.15,0.1,0.15,0.1
2250,2250,Emsdetten,NW,Nordrhein-westfalen,0.15,0.15,0.1,0.15,0.1
2251,2251,Emseloh,ST,Sachsen-anhalt,0.15,0.15,0.1,0.15,0.1
2252,2252,Emskirchen,BY,Bayern,0.15,0.15,0.1,0.15,0.1
2253,2253,Emstek,NI,Niedersachsen,0.15,0.15,0.1,0.15,0.1
2254,2254,Emtinghausen,NI,Niedersachsen,0.15,0.15,0.1,0.15,0.1
2255,2255,Emtmannsberg,BY,Bayern,0.15,0.15,0.1,0.15,0.1
2256,2256,Endingen,BW,Baden-württemberg,0.15,0.15,0.1,0.15,0.1
2257,2257,Endlichhofen,RP,Rheinland-pfalz,0.15,0.15,0.1,0.15,0.1
2258,2258,Endschütz,TH,Thüringen,0.15,0.15,0.1,0.15,0.1
2259,2259,Engden,NI,Niedersachsen,0.15,0.15,0.1,0.15,0.1
2260,2260,Engeln,NI,Niedersachsen,0.15,0.15,0.1,0.15,0.1
2261,2261,Engelsberg,BY,Bayern,0.15,0.15,0.1,0.15,0.1
2262,2262,Engelsbrand,BW,Baden-württemberg,0.15,0.15,0.1,0.15,0.1
2263,2263,Engelschoff,NI,Niedersachsen,0.15,0.15,0.1,0.15,0.1
2264,2264,Engelskirchen,NW,Nordrhein-westfalen,0.15,0.15,0.1,0.15,0.1
2265,2265,Engelstadt,RP,Rheinland-pfalz,0.15,0.15,0.1,0.15,0.1
2266,2266,Engelthal,BY,Bayern,0.15,0.15,0.1,0.15,0.1
2267,2267,Engen,BW,Baden-württemberg,0.15,0.15,0.1,0.15,0.1
2268,2268,Enger,NW,Nordrhein-westfalen,0.15,0.15,0.1,0.15,0.1
2269,2269,Engersen,ST,Sachsen-anhalt,0.15,0.15,0.1,0.15,0.1
2270,2270,Eningen unter Achalm,BW,Baden-württemberg,0.15,0.15,0.1,0.15,0.1
2271,2271,Enkenbach-Alsenborn,RP,Rheinland-pfalz,0.15,0.15,0.1,0.15,0.1
2272,2272,Enkirch,RP,Rheinland-pfalz,0.15,0.15,0.1,0.15,0.1
2273,2273,Ennepetal,NW,Nordrhein-westfalen,0.15,0.15,0.1,0.15,0.1
2274,2274,Ennigerloh,NW,Nordrhein-westfalen,0.15,0.15,0.1,0.15,0.1
2275,2275,Ensch,RP,Rheinland-pfalz,0.15,0.15,0.1,0.15,0.1
2276,2276,Ensdorf,SL,Saarland,0.15,0.15,0.1,0.15,0.1
2277,2277,Ensdorf,BY,Bayern,0.15,0.15,0.1,0.15,0.1
2278,2278,Ensheim,RP,Rheinland-pfalz,0.15,0.15,0.1,0.15,0.1
2279,2279,Enspel,RP,Rheinland-pfalz,0.15,0.15,0.1,0.15,0.1
2280,2280,Enzen,RP,Rheinland-pfalz,0.15,0.15,0.1,0.15,0.1
2281,2281,Enzklösterle,BW,Baden-württemberg,0.15,0.15,0.1,0.15,0.1
2282,2282,Epenwöhrden,SH,Schleswig-holstein,0.15,0.15,0.1,0.15,0.1
2283,2283,Epfenbach,BW,Baden-württemberg,0.15,0.15,0.1,0.15,0.1
2284,2284,Epfendorf,BW,Baden-württemberg,0.15,0.15,0.1,0.15,0.1
2285,2285,Eppelborn,SL,Saarland,0.15,0.15,0.1,0.15,0.1
2286,2286,Eppelheim,BW,Baden-württemberg,0.15,0.15,0.1,0.15,0.1
2287,2287,Eppelsheim,RP,Rheinland-pfalz,0.15,0.15,0.1,0.15,0.1
2288,2288,Eppenberg,RP,Rheinland-pfalz,0.15,0.15,0.1,0.15,0.1
2289,2289,Eppenbrunn,RP,Rheinland-pfalz,0.15,0.15,0.1,0.15,0.1
2290,2290,Eppendorf,SN,Sachsen,0.15,0.15,0.1,0.15,0.1
2291,2291,Eppenrod,RP,Rheinland-pfalz,0.15,0.15,0.1,0.15,0.1
2292,2292,Eppenschlag,BY,Bayern,0.15,0.15,0.1,0.15,0.1
2293,2293,Eppertshausen,HE,Hessen,0.15,0.15,0.1,0.15,0.1
2294,2294,Eppingen,BW,Baden-württemberg,0.15,0.15,0.1,0.15,0.1
2295,2295,Eppishausen,BY,Bayern,0.15,0.15,0.1,0.15,0.1
2296,2296,Eppstein,HE,Hessen,0.15,0.15,0.1,0.15,0.1
2297,2297,Erbach,RP,Rheinland-pfalz,0.15,0.15,0.1,0.15,0.1
2298,2298,Erbach,HE,Hessen,0.15,0.15,0.1,0.15,0.1
2299,2299,Erbach,BW,Baden-württemberg,0.15,0.15,0.1,0.15,0.1
2300,2300,Erbendorf,BY,Bayern,0.15,0.15,0.1,0.15,0.1
2301,2301,Erbenhausen,TH,Thüringen,0.15,0.15,0.1,0.15,0.1
2302,2302,Erbes-Büdesheim,RP,Rheinland-pfalz,0.15,0.15,0.1,0.15,0.1
2303,2303,Erdeborn,ST,Sachsen-anhalt,0.15,0.15,0.1,0.15,0.1
2304,2304,Erden,RP,Rheinland-pfalz,0.15,0.15,0.1,0.15,0.1
2305,2305,Erdesbach,RP,Rheinland-pfalz,0.15,0.15,0.1,0.15,0.1
2306,2306,Erding,BY,Bayern,0.15,0.15,0.1,0.15,0.1
2307,2307,Erdmannhausen,BW,Baden-württemberg,0.15,0.15,0.1,0.15,0.1
2308,2308,Erdweg,BY,Bayern,0.15,0.15,0.1,0.15,0.1
2309,2309,Eresing,BY,Bayern,0.15,0.15,0.1,0.15,0.1
2310,2310,Erfde,SH,Schleswig-holstein,0.15,0.15,0.1,0.15,0.1
2311,2311,Erftstadt,NW,Nordrhein-westfalen,0.15,0.15,0.1,0.15,0.1
2312,2312,Erfurt,TH,Thüringen,0.15,0.15,0.1,0.15,0.1
2313,2313,Erfweiler,RP,Rheinland-pfalz,0.15,0.15,0.1,0.15,0.1
2314,2314,Ergersheim,BY,Bayern,0.15,0.15,0.1,0.15,0.1
2315,2315,Ergeshausen,RP,Rheinland-pfalz,0.15,0.15,0.1,0.15,0.1
2316,2316,Ergolding,BY,Bayern,0.15,0.15,0.1,0.15,0.1
2317,2317,Ergoldsbach,BY,Bayern,0.15,0.15,0.1,0.15,0.1
2318,2318,Erharting,BY,Bayern,0.15,0.15,0.1,0.15,0.1
2319,2319,Ering,BY,Bayern,0.15,0.15,0.1,0.15,0.1
2320,2320,Eriskirch,BW,Baden-württemberg,0.15,0.15,0.1,0.15,0.1
2321,2321,Erkelenz,NW,Nordrhein-westfalen,0.15,0.15,0.1,0.15,0.1
2322,2322,Erkenbrechtsweiler,BW,Baden-württemberg,0.15,0.15,0.1,0.15,0.1
2323,2323,Erkerode,NI,Niedersachsen,0.15,0.15,0.1,0.15,0.1
2324,2324,Erkheim,BY,Bayern,0.15,0.15,0.1,0.15,0.1
2325,2325,Erkner,BB,Brandenburg,0.15,0.15,0.1,0.15,0.1
2326,2326,Erkrath,NW,Nordrhein-westfalen,0.15,0.15,0.1,0.15,0.1
2327,2327,Erlabrunn,BY,Bayern,0.15,0.15,0.1,0.15,0.1
2328,2328,Erlabrunn,SN,Sachsen,0.15,0.15,0.1,0.15,0.1
2329,2329,Erlangen,BY,Bayern,0.15,0.15,0.1,0.15,0.1
2330,2330,Erlau,SN,Sachsen,0.15,0.15,0.1,0.15,0.1
2331,2331,Erlbach,BY,Bayern,0.15,0.15,0.1,0.15,0.1
2332,2332,Erlbach,SN,Sachsen,0.15,0.15,0.1,0.15,0.1
2333,2333,Erlenbach,BY,Bayern,0.15,0.15,0.1,0.15,0.1
2334,2334,Erlenbach,BW,Baden-württemberg,0.15,0.15,0.1,0.15,0.1
2335,2335,Erlenbach,RP,Rheinland-pfalz,0.15,0.15,0.1,0.15,0.1
2336,2336,Erlenbach am Main,BY,Bayern,0.15,0.15,0.1,0.15,0.1
2337,2337,Erlenmoos,BW,Baden-württemberg,0.15,0.15,0.1,0.15,0.1
2338,2338,Erlensee,HE,Hessen,0.15,0.15,0.1,0.15,0.1
2339,2339,Erligheim,BW,Baden-württemberg,0.15,0.15,0.1,0.15,0.1
2340,2340,Ermershausen,BY,Bayern,0.15,0.15,0.1,0.15,0.1
2341,2341,Ermlitz,ST,Sachsen-anhalt,0.15,0.15,0.1,0.15,0.1
2342,2342,Erndtebrück,NW,Nordrhein-westfalen,0.15,0.15,0.1,0.15,0.1
2343,2343,Ernsgaden,BY,Bayern,0.15,0.15,0.1,0.15,0.1
2344,2344,Ernst,RP,Rheinland-pfalz,0.15,0.15,0.1,0.15,0.1
2345,2345,Ernstroda,TH,Thüringen,0.15,0.15,0.1,0.15,0.1
2346,2346,Ernzen,RP,Rheinland-pfalz,0.15,0.15,0.1,0.15,0.1
2347,2347,Erolzheim,BW,Baden-württemberg,0.15,0.15,0.1,0.15,0.1
2348,2348,Erpel,RP,Rheinland-pfalz,0.15,0.15,0.1,0.15,0.1
2349,2349,Erpolzheim,RP,Rheinland-pfalz,0.15,0.15,0.1,0.15,0.1
2350,2350,Ersfeld,RP,Rheinland-pfalz,0.15,0.15,0.1,0.15,0.1
2351,2351,Ertingen,BW,Baden-württemberg,0.15,0.15,0.1,0.15,0.1
2352,2352,Erwitte,NW,Nordrhein-westfalen,0.15,0.15,0.1,0.15,0.1
2353,2353,Erxleben,ST,Sachsen-anhalt,0.15,0.15,0.1,0.15,0.1
2354,2354,Erzenhausen,RP,Rheinland-pfalz,0.15,0.15,0.1,0.15,0.1
2355,2355,Erzhausen,HE,Hessen,0.15,0.15,0.1,0.15,0.1
2356,2356,Esch,RP,Rheinland-pfalz,0.15,0.15,0.1,0.15,0.1
2357,2357,Eschach,BW,Baden-württemberg,0.15,0.15,0.1,0.15,0.1
2358,2358,Eschau,BY,Bayern,0.15,0.15,0.1,0.15,0.1
2359,2359,Eschbach,BW,Baden-württemberg,0.15,0.15,0.1,0.15,0.1
2360,2360,Eschbach,RP,Rheinland-pfalz,0.15,0.15,0.1,0.15,0.1
2361,2361,Eschborn,HE,Hessen,0.15,0.15,0.1,0.15,0.1
2362,2362,Esche,NI,Niedersachsen,0.15,0.15,0.1,0.15,0.1
2363,2363,Escheburg,SH,Schleswig-holstein,0.15,0.15,0.1,0.15,0.1
2364,2364,Eschede,NI,Niedersachsen,0.15,0.15,0.1,0.15,0.1
2365,2365,Eschelbronn,BW,Baden-württemberg,0.15,0.15,0.1,0.15,0.1
2366,2366,Eschenbach,BW,Baden-württemberg,0.15,0.15,0.1,0.15,0.1
2367,2367,Eschenbergen,TH,Thüringen,0.15,0.15,0.1,0.15,0.1
2368,2368,Eschenlohe,BY,Bayern,0.15,0.15,0.1,0.15,0.1
2369,2369,Eschershausen,NI,Niedersachsen,0.15,0.15,0.1,0.15,0.1
2370,2370,Eschfeld,RP,Rheinland-pfalz,0.15,0.15,0.1,0.15,0.1
2371,2371,Eschlkam,BY,Bayern,0.15,0.15,0.1,0.15,0.1
2372,2372,Eschwege,HE,Hessen,0.15,0.15,0.1,0.15,0.1
2373,2373,Eschweiler,NW,Nordrhein-westfalen,0.15,0.15,0.1,0.15,0.1
2374,2374,Esens,NI,Niedersachsen,0.15,0.15,0.1,0.15,0.1
2375,2375,Esgrus,SH,Schleswig-holstein,0.15,0.15,0.1,0.15,0.1
2376,2376,Eslarn,BY,Bayern,0.15,0.15,0.1,0.15,0.1
2377,2377,Eslohe,NW,Nordrhein-westfalen,0.15,0.15,0.1,0.15,0.1
2378,2378,Espelkamp,NW,Nordrhein-westfalen,0.15,0.15,0.1,0.15,0.1
2379,2379,Espenau,HE,Hessen,0.15,0.15,0.1,0.15,0.1
2380,2380,Espenhain,SN,Sachsen,0.15,0.15,0.1,0.15,0.1
2381,2381,Esperstedt,TH,Thüringen,0.15,0.15,0.1,0.15,0.1
2382,2382,Esperstedt,ST,Sachsen-anhalt,0.15,0.15,0.1,0.15,0.1
2383,2383,Essel,NI,Niedersachsen,0.15,0.15,0.1,0.15,0.1
2384,2384,Esselbach,BY,Bayern,0.15,0.15,0.1,0.15,0.1
2385,2385,Esselborn,RP,Rheinland-pfalz,0.15,0.15,0.1,0.15,0.1
2386,2386,Essen,NW,Nordrhein-westfalen,0.15,0.15,0.1,0.15,0.1
2387,2387,Essen,NI,Niedersachsen,0.15,0.15,0.1,0.15,0.1
2388,2388,Essenbach,BY,Bayern,0.15,0.15,0.1,0.15,0.1
2389,2389,Essenheim,RP,Rheinland-pfalz,0.15,0.15,0.1,0.15,0.1
2390,2390,Essing,BY,Bayern,0.15,0.15,0.1,0.15,0.1
2391,2391,Essingen,BW,Baden-württemberg,0.15,0.15,0.1,0.15,0.1
2392,2392,Essingen,RP,Rheinland-pfalz,0.15,0.15,0.1,0.15,0.1
2393,2393,Esslingen,BW,Baden-württemberg,0.15,0.15,0.1,0.15,0.1
2394,2394,Estenfeld,BY,Bayern,0.15,0.15,0.1,0.15,0.1
2395,2395,Esterwegen,NI,Niedersachsen,0.15,0.15,0.1,0.15,0.1
2396,2396,Esthal,RP,Rheinland-pfalz,0.15,0.15,0.1,0.15,0.1
2397,2397,Estorf,NI,Niedersachsen,0.15,0.15,0.1,0.15,0.1
2398,2398,Etgersleben,ST,Sachsen-anhalt,0.15,0.15,0.1,0.15,0.1
2399,2399,Etgert,RP,Rheinland-pfalz,0.15,0.15,0.1,0.15,0.1
2400,2400,Etingen,ST,Sachsen-anhalt,0.15,0.15,0.1,0.15,0.1
2401,2401,Etschberg,RP,Rheinland-pfalz,0.15,0.15,0.1,0.15,0.1
2402,2402,Ettal,BY,Bayern,0.15,0.15,0.1,0.15,0.1
2403,2403,Etteldorf,RP,Rheinland-pfalz,0.15,0.15,0.1,0.15,0.1
2404,2404,Ettenhausen,TH,Thüringen,0.15,0.15,0.1,0.15,0.1
2405,2405,Ettenheim,BW,Baden-württemberg,0.15,0.15,0.1,0.15,0.1
2406,2406,Ettenstatt,BY,Bayern,0.15,0.15,0.1,0.15,0.1
2407,2407,Ettersburg,TH,Thüringen,0.15,0.15,0.1,0.15,0.1
2408,2408,Ettinghausen,RP,Rheinland-pfalz,0.15,0.15,0.1,0.15,0.1
2409,2409,Ettlingen,BW,Baden-württemberg,0.15,0.15,0.1,0.15,0.1
2410,2410,Ettringen,RP,Rheinland-pfalz,0.15,0.15,0.1,0.15,0.1
2411,2411,Ettringen,BY,Bayern,0.15,0.15,0.1,0.15,0.1
2412,2412,Etzbach,RP,Rheinland-pfalz,0.15,0.15,0.1,0.15,0.1
2413,2413,Etzelsrode,TH,Thüringen,0.15,0.15,0.1,0.15,0.1
2414,2414,Etzelwang,BY,Bayern,0.15,0.15,0.1,0.15,0.1
2415,2415,Etzenricht,BY,Bayern,0.15,0.15,0.1,0.15,0.1
2416,2416,Etzleben,TH,Thüringen,0.15,0.15,0.1,0.15,0.1
2417,2417,Euerbach,BY,Bayern,0.15,0.15,0.1,0.15,0.1
2418,2418,Euerdorf,BY,Bayern,0.15,0.15,0.1,0.15,0.1
2419,2419,Eulenberg,RP,Rheinland-pfalz,0.15,0.15,0.1,0.15,0.1
2420,2420,Eulenbis,RP,Rheinland-pfalz,0.15,0.15,0.1,0.15,0.1
2421,2421,Eulgem,RP,Rheinland-pfalz,0.15,0.15,0.1,0.15,0.1
2422,2422,Eurasburg,BY,Bayern,0.15,0.15,0.1,0.15,0.1
2423,2423,Euscheid,RP,Rheinland-pfalz,0.15,0.15,0.1,0.15,0.1
2424,2424,Euskirchen,NW,Nordrhein-westfalen,0.15,0.15,0.1,0.15,0.1
2425,2425,Eutin,SH,Schleswig-holstein,0.15,0.15,0.1,0.15,0.1
2426,2426,Eutzsch,ST,Sachsen-anhalt,0.15,0.15,0.1,0.15,0.1
2427,2427,Eußenheim,BY,Bayern,0.15,0.15,0.1,0.15,0.1
2428,2428,Eußerthal,RP,Rheinland-pfalz,0.15,0.15,0.1,0.15,0.1
2429,2429,Everode,NI,Niedersachsen,0.15,0.15,0.1,0.15,0.1
2430,2430,Eversmeer,NI,Niedersachsen,0.15,0.15,0.1,0.15,0.1
2431,2431,Everswinkel,NW,Nordrhein-westfalen,0.15,0.15,0.1,0.15,0.1
2432,2432,Evessen,NI,Niedersachsen,0.15,0.15,0.1,0.15,0.1
2433,2433,Ewighausen,RP,Rheinland-pfalz,0.15,0.15,0.1,0.15,0.1
2434,2434,Exdorf,TH,Thüringen,0.15,0.15,0.1,0.15,0.1
2435,2435,Eydelstedt,NI,Niedersachsen,0.15,0.15,0.1,0.15,0.1
2436,2436,Eyendorf,NI,Niedersachsen,0.15,0.15,0.1,0.15,0.1
2437,2437,Eystrup,NI,Niedersachsen,0.15,0.15,0.1,0.15,0.1
2438,2438,Eßbach,TH,Thüringen,0.15,0.15,0.1,0.15,0.1
2439,2439,Eßweiler,RP,Rheinland-pfalz,0.15,0.15,0.1,0.15,0.1
2440,2440,Fachbach,RP,Rheinland-pfalz,0.15,0.15,0.1,0.15,0.1
2441,2441,Fahrdorf,SH,Schleswig-holstein,0.15,0.15,0.1,0.15,0.1
2442,2442,Fahren,SH,Schleswig-holstein,0.15,0.15,0.1,0.15,0.1
2443,2443,Fahrenbach,BW,Baden-württemberg,0.15,0.15,0.1,0.15,0.1
2444,2444,Fahrenkrug,SH,Schleswig-holstein,0.15,0.15,0.1,0.15,0.1
2445,2445,Fahrenzhausen,BY,Bayern,0.15,0.15,0.1,0.15,0.1
2446,2446,Faid,RP,Rheinland-pfalz,0.15,0.15,0.1,0.15,0.1
2447,2447,Falkenau,SN,Sachsen,0.15,0.15,0.1,0.15,0.1
2448,2448,Falkenberg,BE,Berlin,0.15,0.15,0.1,0.15,0.1
2449,2449,Falkenberg,BB,Brandenburg,0.15,0.15,0.1,0.15,0.1
2450,2450,Falkenberg,BY,Bayern,0.15,0.15,0.1,0.15,0.1
2451,2451,Falkenfels,BY,Bayern,0.15,0.15,0.1,0.15,0.1
2452,2452,Falkenhagen,BB,Brandenburg,0.15,0.15,0.1,0.15,0.1
2453,2453,Falkenhain,SN,Sachsen,0.15,0.15,0.1,0.15,0.1
2454,2454,Falkensee,BB,Brandenburg,0.15,0.15,0.1,0.15,0.1
2455,2455,Falkenstein,BY,Bayern,0.15,0.15,0.1,0.15,0.1
2456,2456,Falkenstein,SN,Sachsen,0.15,0.15,0.1,0.15,0.1
2457,2457,Falkenstein,RP,Rheinland-pfalz,0.15,0.15,0.1,0.15,0.1
2458,2458,Fambach,TH,Thüringen,0.15,0.15,0.1,0.15,0.1
2459,2459,Farchant,BY,Bayern,0.15,0.15,0.1,0.15,0.1
2460,2460,Fargau-Pratjau,SH,Schleswig-holstein,0.15,0.15,0.1,0.15,0.1
2461,2461,Farmsen-Berne,HH,Hamburg,0.15,0.15,0.1,0.15,0.1
2462,2462,Farnstädt,ST,Sachsen-anhalt,0.15,0.15,0.1,0.15,0.1
2463,2463,Farschweiler,RP,Rheinland-pfalz,0.15,0.15,0.1,0.15,0.1
2464,2464,Farsleben,ST,Sachsen-anhalt,0.15,0.15,0.1,0.15,0.1
2465,2465,Farven,NI,Niedersachsen,0.15,0.15,0.1,0.15,0.1
2466,2466,Faulbach,BY,Bayern,0.15,0.15,0.1,0.15,0.1
2467,2467,Faulenrost,MV,Mecklenburg-vorpommern,0.15,0.15,0.1,0.15,0.1
2468,2468,Faßberg,NI,Niedersachsen,0.15,0.15,0.1,0.15,0.1
2469,2469,Fedderingen,SH,Schleswig-holstein,0.15,0.15,0.1,0.15,0.1
2470,2470,Fehl-Ritzhausen,RP,Rheinland-pfalz,0.15,0.15,0.1,0.15,0.1
2471,2471,Fehmarn,SH,Schleswig-holstein,0.15,0.15,0.1,0.15,0.1
2472,2472,Fehrbellin,BB,Brandenburg,0.15,0.15,0.1,0.15,0.1
2473,2473,Feilbingert,RP,Rheinland-pfalz,0.15,0.15,0.1,0.15,0.1
2474,2474,Feilitzsch,BY,Bayern,0.15,0.15,0.1,0.15,0.1
2475,2475,Feilsdorf,RP,Rheinland-pfalz,0.15,0.15,0.1,0.15,0.1
2476,2476,Feldafing,BY,Bayern,0.15,0.15,0.1,0.15,0.1
2477,2477,Feldberg,BW,Baden-württemberg,0.15,0.15,0.1,0.15,0.1
2478,2478,Felde,SH,Schleswig-holstein,0.15,0.15,0.1,0.15,0.1
2479,2479,Feldkirchen,BY,Bayern,0.15,0.15,0.1,0.15,0.1
2480,2480,Feldkirchen-Westerham,BY,Bayern,0.15,0.15,0.1,0.15,0.1
2481,2481,Fell,RP,Rheinland-pfalz,0.15,0.15,0.1,0.15,0.1
2482,2482,Fellbach,BW,Baden-württemberg,0.15,0.15,0.1,0.15,0.1
2483,2483,Fellen,BY,Bayern,0.15,0.15,0.1,0.15,0.1
2484,2484,Fellheim,BY,Bayern,0.15,0.15,0.1,0.15,0.1
2485,2485,Felm,SH,Schleswig-holstein,0.15,0.15,0.1,0.15,0.1
2486,2486,Felsberg,HE,Hessen,0.15,0.15,0.1,0.15,0.1
2487,2487,Fensdorf,RP,Rheinland-pfalz,0.15,0.15,0.1,0.15,0.1
2488,2488,Ferdinandshof,MV,Mecklenburg-vorpommern,0.15,0.15,0.1,0.15,0.1
2489,2489,Ferna,TH,Thüringen,0.15,0.15,0.1,0.15,0.1
2490,2490,Ferschweiler,RP,Rheinland-pfalz,0.15,0.15,0.1,0.15,0.1
2491,2491,Feucht,BY,Bayern,0.15,0.15,0.1,0.15,0.1
2492,2492,Feuchtwangen,BY,Bayern,0.15,0.15,0.1,0.15,0.1
2493,2493,Feuerscheid,RP,Rheinland-pfalz,0.15,0.15,0.1,0.15,0.1
2494,2494,Feusdorf,RP,Rheinland-pfalz,0.15,0.15,0.1,0.15,0.1
2495,2495,Fichtelberg,BY,Bayern,0.15,0.15,0.1,0.15,0.1
2496,2496,Fichtenberg,BW,Baden-württemberg,0.15,0.15,0.1,0.15,0.1
2497,2497,Fiefbergen,SH,Schleswig-holstein,0.15,0.15,0.1,0.15,0.1
2498,2498,Fiersbach,RP,Rheinland-pfalz,0.15,0.15,0.1,0.15,0.1
2499,2499,Filderstadt,BW,Baden-württemberg,0.15,0.15,0.1,0.15,0.1
2500,2500,Filsen,RP,Rheinland-pfalz,0.15,0.15,0.1,0.15,0.1
2501,2501,Filsum,NI,Niedersachsen,0.15,0.15,0.1,0.15,0.1
2502,2502,Filz,RP,Rheinland-pfalz,0.15,0.15,0.1,0.15,0.1
2503,2503,Finkenbach-Gersweiler,RP,Rheinland-pfalz,0.15,0.15,0.1,0.15,0.1
2504,2504,Finnentrop,NW,Nordrhein-westfalen,0.15,0.15,0.1,0.15,0.1
2505,2505,Finningen,BY,Bayern,0.15,0.15,0.1,0.15,0.1
2506,2506,Finsing,BY,Bayern,0.15,0.15,0.1,0.15,0.1
2507,2507,Finsterbergen,TH,Thüringen,0.15,0.15,0.1,0.15,0.1
2508,2508,Finsterwalde,BB,Brandenburg,0.15,0.15,0.1,0.15,0.1
2509,2509,Fintel,NI,Niedersachsen,0.15,0.15,0.1,0.15,0.1
2510,2510,Firrel,NI,Niedersachsen,0.15,0.15,0.1,0.15,0.1
2511,2511,Fisch,RP,Rheinland-pfalz,0.15,0.15,0.1,0.15,0.1
2512,2512,Fischach,BY,Bayern,0.15,0.15,0.1,0.15,0.1
2513,2513,Fischbach,RP,Rheinland-pfalz,0.15,0.15,0.1,0.15,0.1
2514,2514,Fischbach-Oberraden,RP,Rheinland-pfalz,0.15,0.15,0.1,0.15,0.1
2515,2515,Fischbachau,BY,Bayern,0.15,0.15,0.1,0.15,0.1
2516,2516,Fischbeck,ST,Sachsen-anhalt,0.15,0.15,0.1,0.15,0.1
2517,2517,Fischerbach,BW,Baden-württemberg,0.15,0.15,0.1,0.15,0.1
2518,2518,Fischingen,BW,Baden-württemberg,0.15,0.15,0.1,0.15,0.1
2519,2519,Fitzbek,SH,Schleswig-holstein,0.15,0.15,0.1,0.15,0.1
2520,2520,Fitzen,SH,Schleswig-holstein,0.15,0.15,0.1,0.15,0.1
2521,2521,Flachslanden,BY,Bayern,0.15,0.15,0.1,0.15,0.1
2522,2522,Flacht,RP,Rheinland-pfalz,0.15,0.15,0.1,0.15,0.1
2523,2523,Fladungen,BY,Bayern,0.15,0.15,0.1,0.15,0.1
2524,2524,Flammersfeld,RP,Rheinland-pfalz,0.15,0.15,0.1,0.15,0.1
2525,2525,Flarchheim,TH,Thüringen,0.15,0.15,0.1,0.15,0.1
2526,2526,Flechtingen,ST,Sachsen-anhalt,0.15,0.15,0.1,0.15,0.1
2527,2527,Fleckeby,SH,Schleswig-holstein,0.15,0.15,0.1,0.15,0.1
2528,2528,Fleetmark,ST,Sachsen-anhalt,0.15,0.15,0.1,0.15,0.1
2529,2529,Flein,BW,Baden-württemberg,0.15,0.15,0.1,0.15,0.1
2530,2530,Fleischwangen,BW,Baden-württemberg,0.15,0.15,0.1,0.15,0.1
2531,2531,Flemlingen,RP,Rheinland-pfalz,0.15,0.15,0.1,0.15,0.1
2532,2532,Flensburg,SH,Schleswig-holstein,0.15,0.15,0.1,0.15,0.1
2533,2533,Fleringen,RP,Rheinland-pfalz,0.15,0.15,0.1,0.15,0.1
2534,2534,Flessau,ST,Sachsen-anhalt,0.15,0.15,0.1,0.15,0.1
2535,2535,Flieden,HE,Hessen,0.15,0.15,0.1,0.15,0.1
2536,2536,Fließem,RP,Rheinland-pfalz,0.15,0.15,0.1,0.15,0.1
2537,2537,Flintbek,SH,Schleswig-holstein,0.15,0.15,0.1,0.15,0.1
2538,2538,Flintsbach,BY,Bayern,0.15,0.15,0.1,0.15,0.1
2539,2539,Flomborn,RP,Rheinland-pfalz,0.15,0.15,0.1,0.15,0.1
2540,2540,Flonheim,RP,Rheinland-pfalz,0.15,0.15,0.1,0.15,0.1
2541,2541,Florstadt,HE,Hessen,0.15,0.15,0.1,0.15,0.1
2542,2542,Flossenbürg,BY,Bayern,0.15,0.15,0.1,0.15,0.1
2543,2543,Floß,BY,Bayern,0.15,0.15,0.1,0.15,0.1
2544,2544,Fluterschen,RP,Rheinland-pfalz,0.15,0.15,0.1,0.15,0.1
2545,2545,Flußbach,RP,Rheinland-pfalz,0.15,0.15,0.1,0.15,0.1
2546,2546,Flögeln,NI,Niedersachsen,0.15,0.15,0.1,0.15,0.1
2547,2547,Flöha,SN,Sachsen,0.15,0.15,0.1,0.15,0.1
2548,2548,Flörsheim,HE,Hessen,0.15,0.15,0.1,0.15,0.1
2549,2549,Flöthe,NI,Niedersachsen,0.15,0.15,0.1,0.15,0.1
2550,2550,Fockbek,SH,Schleswig-holstein,0.15,0.15,0.1,0.15,0.1
2551,2551,Fockendorf,TH,Thüringen,0.15,0.15,0.1,0.15,0.1
2552,2552,Fohren-Linden,RP,Rheinland-pfalz,0.15,0.15,0.1,0.15,0.1
2553,2553,Forbach,BW,Baden-württemberg,0.15,0.15,0.1,0.15,0.1
2554,2554,Forchheim,BW,Baden-württemberg,0.15,0.15,0.1,0.15,0.1
2555,2555,Forchheim,BY,Bayern,0.15,0.15,0.1,0.15,0.1
2556,2556,Forchtenberg,BW,Baden-württemberg,0.15,0.15,0.1,0.15,0.1
2557,2557,Forheim,BY,Bayern,0.15,0.15,0.1,0.15,0.1
2558,2558,Forst,BW,Baden-württemberg,0.15,0.15,0.1,0.15,0.1
2559,2559,Forst,RP,Rheinland-pfalz,0.15,0.15,0.1,0.15,0.1
2560,2560,Forst,BB,Brandenburg,0.15,0.15,0.1,0.15,0.1
2561,2561,Forstern,BY,Bayern,0.15,0.15,0.1,0.15,0.1
2562,2562,Forstinning,BY,Bayern,0.15,0.15,0.1,0.15,0.1
2563,2563,Forstmehren,RP,Rheinland-pfalz,0.15,0.15,0.1,0.15,0.1
2564,2564,Framersheim,RP,Rheinland-pfalz,0.15,0.15,0.1,0.15,0.1
2565,2565,Frammersbach,BY,Bayern,0.15,0.15,0.1,0.15,0.1
2566,2566,Frankelbach,RP,Rheinland-pfalz,0.15,0.15,0.1,0.15,0.1
2567,2567,Frankenau,HE,Hessen,0.15,0.15,0.1,0.15,0.1
2568,2568,Frankenberg,SN,Sachsen,0.15,0.15,0.1,0.15,0.1
2569,2569,Frankenberg,HE,Hessen,0.15,0.15,0.1,0.15,0.1
2570,2570,Frankendorf,TH,Thüringen,0.15,0.15,0.1,0.15,0.1
2571,2571,Frankeneck,RP,Rheinland-pfalz,0.15,0.15,0.1,0.15,0.1
2572,2572,Frankenfeld,NI,Niedersachsen,0.15,0.15,0.1,0.15,0.1
2573,2573,Frankenhain,TH,Thüringen,0.15,0.15,0.1,0.15,0.1
2574,2574,Frankenheim,TH,Thüringen,0.15,0.15,0.1,0.15,0.1
2575,2575,Frankenroda,TH,Thüringen,0.15,0.15,0.1,0.15,0.1
2576,2576,Frankenstein,SN,Sachsen,0.15,0.15,0.1,0.15,0.1
2577,2577,Frankenstein,RP,Rheinland-pfalz,0.15,0.15,0.1,0.15,0.1
2578,2578,Frankenthal,RP,Rheinland-pfalz,0.15,0.15,0.1,0.15,0.1
2579,2579,Frankenthal,SN,Sachsen,0.15,0.15,0.1,0.15,0.1
2580,2580,Frankenwinheim,BY,Bayern,0.15,0.15,0.1,0.15,0.1
2581,2581,Frankfurt am Main,HE,Hessen,0.15,0.15,0.1,0.15,0.1
2582,2582,Frankleben,ST,Sachsen-anhalt,0.15,0.15,0.1,0.15,0.1
2583,2583,Frankweiler,RP,Rheinland-pfalz,0.15,0.15,0.1,0.15,0.1
2584,2584,Franzburg,MV,Mecklenburg-vorpommern,0.15,0.15,0.1,0.15,0.1
2585,2585,Franzenheim,RP,Rheinland-pfalz,0.15,0.15,0.1,0.15,0.1
2586,2586,Frasdorf,BY,Bayern,0.15,0.15,0.1,0.15,0.1
2587,2587,Frauenau,BY,Bayern,0.15,0.15,0.1,0.15,0.1
2588,2588,Frauenberg,RP,Rheinland-pfalz,0.15,0.15,0.1,0.15,0.1
2589,2589,Frauendorf,BB,Brandenburg,0.15,0.15,0.1,0.15,0.1
2590,2590,Frauenprießnitz,TH,Thüringen,0.15,0.15,0.1,0.15,0.1
2591,2591,Frauensee,TH,Thüringen,0.15,0.15,0.1,0.15,0.1
2592,2592,Frauenstein,SN,Sachsen,0.15,0.15,0.1,0.15,0.1
2593,2593,Frauenwald,TH,Thüringen,0.15,0.15,0.1,0.15,0.1
2594,2594,Fraunberg,BY,Bayern,0.15,0.15,0.1,0.15,0.1
2595,2595,Fraureuth,SN,Sachsen,0.15,0.15,0.1,0.15,0.1
2596,2596,Frechen,NW,Nordrhein-westfalen,0.15,0.15,0.1,0.15,0.1
2597,2597,Freckenfeld,RP,Rheinland-pfalz,0.15,0.15,0.1,0.15,0.1
2598,2598,Freckleben,ST,Sachsen-anhalt,0.15,0.15,0.1,0.15,0.1
2599,2599,Fredeburg,SH,Schleswig-holstein,0.15,0.15,0.1,0.15,0.1
2600,2600,Freden,NI,Niedersachsen,0.15,0.15,0.1,0.15,0.1
2601,2601,Fredesdorf,SH,Schleswig-holstein,0.15,0.15,0.1,0.15,0.1
2602,2602,Frei-Laubersheim,RP,Rheinland-pfalz,0.15,0.15,0.1,0.15,0.1
2603,2603,Freiberg,SN,Sachsen,0.15,0.15,0.1,0.15,0.1
2604,2604,Freiberg am Neckar,BW,Baden-württemberg,0.15,0.15,0.1,0.15,0.1
2605,2605,Freiburg,NI,Niedersachsen,0.15,0.15,0.1,0.15,0.1
2606,2606,Freiburg,BW,Baden-württemberg,0.15,0.15,0.1,0.15,0.1
2607,2607,Freienbessingen,TH,Thüringen,0.15,0.15,0.1,0.15,0.1
2608,2608,Freienhagen,TH,Thüringen,0.15,0.15,0.1,0.15,0.1
2609,2609,Freienorla,TH,Thüringen,0.15,0.15,0.1,0.15,0.1
2610,2610,Freiensteinau,HE,Hessen,0.15,0.15,0.1,0.15,0.1
2611,2611,Freienwill,SH,Schleswig-holstein,0.15,0.15,0.1,0.15,0.1
2612,2612,Freihung,BY,Bayern,0.15,0.15,0.1,0.15,0.1
2613,2613,Freilassing,BY,Bayern,0.15,0.15,0.1,0.15,0.1
2614,2614,Freilingen,RP,Rheinland-pfalz,0.15,0.15,0.1,0.15,0.1
2615,2615,Freimersheim,RP,Rheinland-pfalz,0.15,0.15,0.1,0.15,0.1
2616,2616,Freinsheim,RP,Rheinland-pfalz,0.15,0.15,0.1,0.15,0.1
2617,2617,Freirachdorf,RP,Rheinland-pfalz,0.15,0.15,0.1,0.15,0.1
2618,2618,Freisbach,RP,Rheinland-pfalz,0.15,0.15,0.1,0.15,0.1
2619,2619,Freisen,SL,Saarland,0.15,0.15,0.1,0.15,0.1
2620,2620,Freising,BY,Bayern,0.15,0.15,0.1,0.15,0.1
2621,2621,Freistatt,NI,Niedersachsen,0.15,0.15,0.1,0.15,0.1
2622,2622,Freital,SN,Sachsen,0.15,0.15,0.1,0.15,0.1
2623,2623,Frellstedt,NI,Niedersachsen,0.15,0.15,0.1,0.15,0.1
2624,2624,Frelsdorf,NI,Niedersachsen,0.15,0.15,0.1,0.15,0.1
2625,2625,Fremdingen,BY,Bayern,0.15,0.15,0.1,0.15,0.1
2626,2626,Frensdorf,BY,Bayern,0.15,0.15,0.1,0.15,0.1
2627,2627,Freren,NI,Niedersachsen,0.15,0.15,0.1,0.15,0.1
2628,2628,Fresenburg,NI,Niedersachsen,0.15,0.15,0.1,0.15,0.1
2629,2629,Fresendelf,SH,Schleswig-holstein,0.15,0.15,0.1,0.15,0.1
2630,2630,Frestedt,SH,Schleswig-holstein,0.15,0.15,0.1,0.15,0.1
2631,2631,Frettenheim,RP,Rheinland-pfalz,0.15,0.15,0.1,0.15,0.1
2632,2632,Fretterode,TH,Thüringen,0.15,0.15,0.1,0.15,0.1
2633,2633,Freudenberg,BY,Bayern,0.15,0.15,0.1,0.15,0.1
2634,2634,Freudenberg,BW,Baden-württemberg,0.15,0.15,0.1,0.15,0.1
2635,2635,Freudenberg,NW,Nordrhein-westfalen,0.15,0.15,0.1,0.15,0.1
2636,2636,Freudenburg,RP,Rheinland-pfalz,0.15,0.15,0.1,0.15,0.1
2637,2637,Freudenstadt,BW,Baden-württemberg,0.15,0.15,0.1,0.15,0.1
2638,2638,Freudental,BW,Baden-württemberg,0.15,0.15,0.1,0.15,0.1
2639,2639,Freyburg,ST,Sachsen-anhalt,0.15,0.15,0.1,0.15,0.1
2640,2640,Freystadt,BY,Bayern,0.15,0.15,0.1,0.15,0.1
2641,2641,Freyung,BY,Bayern,0.15,0.15,0.1,0.15,0.1
2642,2642,Frickenhausen,BW,Baden-württemberg,0.15,0.15,0.1,0.15,0.1
2643,2643,Frickenhausen,BY,Bayern,0.15,0.15,0.1,0.15,0.1
2644,2644,Frickingen,BW,Baden-württemberg,0.15,0.15,0.1,0.15,0.1
2645,2645,Fridingen an der Donau,BW,Baden-württemberg,0.15,0.15,0.1,0.15,0.1
2646,2646,Fridolfing,BY,Bayern,0.15,0.15,0.1,0.15,0.1
2647,2647,Friedberg,HE,Hessen,0.15,0.15,0.1,0.15,0.1
2648,2648,Friedberg,BY,Bayern,0.15,0.15,0.1,0.15,0.1
2649,2649,Friedeburg,NI,Niedersachsen,0.15,0.15,0.1,0.15,0.1
2650,2650,Friedeburg,ST,Sachsen-anhalt,0.15,0.15,0.1,0.15,0.1
2651,2651,Friedelshausen,TH,Thüringen,0.15,0.15,0.1,0.15,0.1
2652,2652,Friedelsheim,RP,Rheinland-pfalz,0.15,0.15,0.1,0.15,0.1
2653,2653,Friedenfels,BY,Bayern,0.15,0.15,0.1,0.15,0.1
2654,2654,Friedenweiler,BW,Baden-württemberg,0.15,0.15,0.1,0.15,0.1
2655,2655,Friedersdorf,ST,Sachsen-anhalt,0.15,0.15,0.1,0.15,0.1
2656,2656,Friedersdorf,SN,Sachsen,0.15,0.15,0.1,0.15,0.1
2657,2657,Friedewald,HE,Hessen,0.15,0.15,0.1,0.15,0.1
2658,2658,Friedewald,RP,Rheinland-pfalz,0.15,0.15,0.1,0.15,0.1
2659,2659,Friedland,NI,Niedersachsen,0.15,0.15,0.1,0.15,0.1
2660,2660,Friedland,BB,Brandenburg,0.15,0.15,0.1,0.15,0.1
2661,2661,Friedland,MV,Mecklenburg-vorpommern,0.15,0.15,0.1,0.15,0.1
2662,2662,Friedrich-Wilhelm-Lübke-Koog,SH,Schleswig-holstein,0.15,0.15,0.1,0.15,0.1
2663,2663,Friedrichroda,TH,Thüringen,0.15,0.15,0.1,0.15,0.1
2664,2664,Friedrichsbrunn,ST,Sachsen-anhalt,0.15,0.15,0.1,0.15,0.1
2665,2665,Friedrichsdorf,HE,Hessen,0.15,0.15,0.1,0.15,0.1
2666,2666,Friedrichsgabekoog,SH,Schleswig-holstein,0.15,0.15,0.1,0.15,0.1
2667,2667,Friedrichsgraben,SH,Schleswig-holstein,0.15,0.15,0.1,0.15,0.1
2668,2668,Friedrichshafen,BW,Baden-württemberg,0.15,0.15,0.1,0.15,0.1
2669,2669,Friedrichshain,BE,Berlin,0.15,0.15,0.1,0.15,0.1
2670,2670,Friedrichsholm,SH,Schleswig-holstein,0.15,0.15,0.1,0.15,0.1
2671,2671,Friedrichskoog,SH,Schleswig-holstein,0.15,0.15,0.1,0.15,0.1
2672,2672,Friedrichsruhe,MV,Mecklenburg-vorpommern,0.15,0.15,0.1,0.15,0.1
2673,2673,Friedrichstadt,ST,Sachsen-anhalt,0.15,0.15,0.1,0.15,0.1
2674,2674,Friedrichstadt,SH,Schleswig-holstein,0.15,0.15,0.1,0.15,0.1
2675,2675,Friedrichsthal,TH,Thüringen,0.15,0.15,0.1,0.15,0.1
2676,2676,Friedrichsthal,SL,Saarland,0.15,0.15,0.1,0.15,0.1
2677,2677,Friedrichswalde,BB,Brandenburg,0.15,0.15,0.1,0.15,0.1
2678,2678,Friedrichswerth,TH,Thüringen,0.15,0.15,0.1,0.15,0.1
2679,2679,Frielendorf,HE,Hessen,0.15,0.15,0.1,0.15,0.1
2680,2680,Friemar,TH,Thüringen,0.15,0.15,0.1,0.15,0.1
2681,2681,Friesack,BB,Brandenburg,0.15,0.15,0.1,0.15,0.1
2682,2682,Friesenhagen,RP,Rheinland-pfalz,0.15,0.15,0.1,0.15,0.1
2683,2683,Friesenheim,BW,Baden-württemberg,0.15,0.15,0.1,0.15,0.1
2684,2684,Friesenheim,RP,Rheinland-pfalz,0.15,0.15,0.1,0.15,0.1
2685,2685,Friesenried,BY,Bayern,0.15,0.15,0.1,0.15,0.1
2686,2686,Friesoythe,NI,Niedersachsen,0.15,0.15,0.1,0.15,0.1
2687,2687,Friolzheim,BW,Baden-württemberg,0.15,0.15,0.1,0.15,0.1
2688,2688,Frittlingen,BW,Baden-württemberg,0.15,0.15,0.1,0.15,0.1
2689,2689,Fritzlar,HE,Hessen,0.15,0.15,0.1,0.15,0.1
2690,2690,Frohburg,SN,Sachsen,0.15,0.15,0.1,0.15,0.1
2691,2691,Frohnhofen,RP,Rheinland-pfalz,0.15,0.15,0.1,0.15,0.1
2692,2692,Frohnsdorf,TH,Thüringen,0.15,0.15,0.1,0.15,0.1
2693,2693,Fronhausen,HE,Hessen,0.15,0.15,0.1,0.15,0.1
2694,2694,Fronhofen,RP,Rheinland-pfalz,0.15,0.15,0.1,0.15,0.1
2695,2695,Fronreute,BW,Baden-württemberg,0.15,0.15,0.1,0.15,0.1
2696,2696,Frontenhausen,BY,Bayern,0.15,0.15,0.1,0.15,0.1
2697,2697,Frose,ST,Sachsen-anhalt,0.15,0.15,0.1,0.15,0.1
2698,2698,Fränkisch-Crumbach,HE,Hessen,0.15,0.15,0.1,0.15,0.1
2699,2699,Frömmstedt,TH,Thüringen,0.15,0.15,0.1,0.15,0.1
2700,2700,Fröndenberg,NW,Nordrhein-westfalen,0.15,0.15,0.1,0.15,0.1
2701,2701,Frücht,RP,Rheinland-pfalz,0.15,0.15,0.1,0.15,0.1
2702,2702,Fuchshofen,RP,Rheinland-pfalz,0.15,0.15,0.1,0.15,0.1
2703,2703,Fuchsmühl,BY,Bayern,0.15,0.15,0.1,0.15,0.1
2704,2704,Fuchsstadt,BY,Bayern,0.15,0.15,0.1,0.15,0.1
2705,2705,Fuhlendorf,SH,Schleswig-holstein,0.15,0.15,0.1,0.15,0.1
2706,2706,Fuhlendorf,MV,Mecklenburg-vorpommern,0.15,0.15,0.1,0.15,0.1
2707,2707,Fuhlenhagen,SH,Schleswig-holstein,0.15,0.15,0.1,0.15,0.1
2708,2708,Fuhlsbüttel,HH,Hamburg,0.15,0.15,0.1,0.15,0.1
2709,2709,Fulda,HE,Hessen,0.15,0.15,0.1,0.15,0.1
2710,2710,Fuldabrück,HE,Hessen,0.15,0.15,0.1,0.15,0.1
2711,2711,Fuldatal,HE,Hessen,0.15,0.15,0.1,0.15,0.1
2712,2712,Furth,BY,Bayern,0.15,0.15,0.1,0.15,0.1
2713,2713,Furth im Wald,BY,Bayern,0.15,0.15,0.1,0.15,0.1
2714,2714,Furtwangen,BW,Baden-württemberg,0.15,0.15,0.1,0.15,0.1
2715,2715,Fußgönheim,RP,Rheinland-pfalz,0.15,0.15,0.1,0.15,0.1
2716,2716,Föckelberg,RP,Rheinland-pfalz,0.15,0.15,0.1,0.15,0.1
2717,2717,Föhrden-Barl,SH,Schleswig-holstein,0.15,0.15,0.1,0.15,0.1
2718,2718,Föhren,RP,Rheinland-pfalz,0.15,0.15,0.1,0.15,0.1
2719,2719,Förderstedt,ST,Sachsen-anhalt,0.15,0.15,0.1,0.15,0.1
2720,2720,Föritz,TH,Thüringen,0.15,0.15,0.1,0.15,0.1
2721,2721,Fünfstetten,BY,Bayern,0.15,0.15,0.1,0.15,0.1
2722,2722,Fürfeld,RP,Rheinland-pfalz,0.15,0.15,0.1,0.15,0.1
2723,2723,Fürstenau,NI,Niedersachsen,0.15,0.15,0.1,0.15,0.1
2724,2724,Fürstenberg,BW,Baden-württemberg,0.15,0.15,0.1,0.15,0.1
2725,2725,Fürstenberg,NI,Niedersachsen,0.15,0.15,0.1,0.15,0.1
2726,2726,Fürstenberg,BB,Brandenburg,0.15,0.15,0.1,0.15,0.1
2727,2727,Fürsteneck,BY,Bayern,0.15,0.15,0.1,0.15,0.1
2728,2728,Fürstenfeldbruck,BY,Bayern,0.15,0.15,0.1,0.15,0.1
2729,2729,Fürstenstein,BY,Bayern,0.15,0.15,0.1,0.15,0.1
2730,2730,Fürstenwalde,BB,Brandenburg,0.15,0.15,0.1,0.15,0.1
2731,2731,Fürstenzell,BY,Bayern,0.15,0.15,0.1,0.15,0.1
2732,2732,Fürth,BY,Bayern,0.15,0.15,0.1,0.15,0.1
2733,2733,Fürth,HE,Hessen,0.15,0.15,0.1,0.15,0.1
2734,2734,Fürthen,RP,Rheinland-pfalz,0.15,0.15,0.1,0.15,0.1
2735,2735,Füssen,BY,Bayern,0.15,0.15,0.1,0.15,0.1
2736,2736,Gablenz,SN,Sachsen,0.15,0.15,0.1,0.15,0.1
2737,2737,Gablingen,BY,Bayern,0.15,0.15,0.1,0.15,0.1
2738,2738,Gabsheim,RP,Rheinland-pfalz,0.15,0.15,0.1,0.15,0.1
2739,2739,Gachenbach,BY,Bayern,0.15,0.15,0.1,0.15,0.1
2740,2740,Gackenbach,RP,Rheinland-pfalz,0.15,0.15,0.1,0.15,0.1
2741,2741,Gadebusch,MV,Mecklenburg-vorpommern,0.15,0.15,0.1,0.15,0.1
2742,2742,Gaggenau,BW,Baden-württemberg,0.15,0.15,0.1,0.15,0.1
2743,2743,Gahlenz,SN,Sachsen,0.15,0.15,0.1,0.15,0.1
2744,2744,Gaiberg,BW,Baden-württemberg,0.15,0.15,0.1,0.15,0.1
2745,2745,Gaienhofen,BW,Baden-württemberg,0.15,0.15,0.1,0.15,0.1
2746,2746,Gaildorf,BW,Baden-württemberg,0.15,0.15,0.1,0.15,0.1
2747,2747,Gailingen,BW,Baden-württemberg,0.15,0.15,0.1,0.15,0.1
2748,2748,Gaimersheim,BY,Bayern,0.15,0.15,0.1,0.15,0.1
2749,2749,Gaißach,BY,Bayern,0.15,0.15,0.1,0.15,0.1
2750,2750,Galenberg,RP,Rheinland-pfalz,0.15,0.15,0.1,0.15,0.1
2751,2751,Gallin,MV,Mecklenburg-vorpommern,0.15,0.15,0.1,0.15,0.1
2752,2752,Gallmersgarten,BY,Bayern,0.15,0.15,0.1,0.15,0.1
2753,2753,Galmsbüll,SH,Schleswig-holstein,0.15,0.15,0.1,0.15,0.1
2754,2754,Gamlen,RP,Rheinland-pfalz,0.15,0.15,0.1,0.15,0.1
2755,2755,Gammelby,SH,Schleswig-holstein,0.15,0.15,0.1,0.15,0.1
2756,2756,Gammelsdorf,BY,Bayern,0.15,0.15,0.1,0.15,0.1
2757,2757,Gammelshausen,BW,Baden-württemberg,0.15,0.15,0.1,0.15,0.1
2758,2758,Gammertingen,BW,Baden-württemberg,0.15,0.15,0.1,0.15,0.1
2759,2759,Gamstädt,TH,Thüringen,0.15,0.15,0.1,0.15,0.1
2760,2760,Ganderkesee,NI,Niedersachsen,0.15,0.15,0.1,0.15,0.1
2761,2761,Gandesbergen,NI,Niedersachsen,0.15,0.15,0.1,0.15,0.1
2762,2762,Gangelt,NW,Nordrhein-westfalen,0.15,0.15,0.1,0.15,0.1
2763,2763,Gangkofen,BY,Bayern,0.15,0.15,0.1,0.15,0.1
2764,2764,Gangloffsömmern,TH,Thüringen,0.15,0.15,0.1,0.15,0.1
2765,2765,Ganzlin,MV,Mecklenburg-vorpommern,0.15,0.15,0.1,0.15,0.1
2766,2766,Gappenach,RP,Rheinland-pfalz,0.15,0.15,0.1,0.15,0.1
2767,2767,Garbsen,NI,Niedersachsen,0.15,0.15,0.1,0.15,0.1
2768,2768,Garching an der Alz,BY,Bayern,0.15,0.15,0.1,0.15,0.1
2769,2769,Garching bei München,BY,Bayern,0.15,0.15,0.1,0.15,0.1
2770,2770,Gardelegen,ST,Sachsen-anhalt,0.15,0.15,0.1,0.15,0.1
2771,2771,Garding,SH,Schleswig-holstein,0.15,0.15,0.1,0.15,0.1
2772,2772,Garlstorf,NI,Niedersachsen,0.15,0.15,0.1,0.15,0.1
2773,2773,Garmisch-Partenkirchen,BY,Bayern,0.15,0.15,0.1,0.15,0.1
2774,2774,Garrel,NI,Niedersachsen,0.15,0.15,0.1,0.15,0.1
2775,2775,Gars,BY,Bayern,0.15,0.15,0.1,0.15,0.1
2776,2776,Garstedt,NI,Niedersachsen,0.15,0.15,0.1,0.15,0.1
2777,2777,Gartow,NI,Niedersachsen,0.15,0.15,0.1,0.15,0.1
2778,2778,Gartz,BB,Brandenburg,0.15,0.15,0.1,0.15,0.1
2779,2779,Garz,MV,Mecklenburg-vorpommern,0.15,0.15,0.1,0.15,0.1
2780,2780,Gatersleben,ST,Sachsen-anhalt,0.15,0.15,0.1,0.15,0.1
2781,2781,Gattendorf,BY,Bayern,0.15,0.15,0.1,0.15,0.1
2782,2782,Gau-Algesheim,RP,Rheinland-pfalz,0.15,0.15,0.1,0.15,0.1
2783,2783,Gau-Bickelheim,RP,Rheinland-pfalz,0.15,0.15,0.1,0.15,0.1
2784,2784,Gau-Bischofsheim,RP,Rheinland-pfalz,0.15,0.15,0.1,0.15,0.1
2785,2785,Gau-Heppenheim,RP,Rheinland-pfalz,0.15,0.15,0.1,0.15,0.1
2786,2786,Gau-Odernheim,RP,Rheinland-pfalz,0.15,0.15,0.1,0.15,0.1
2787,2787,Gau-Weinheim,RP,Rheinland-pfalz,0.15,0.15,0.1,0.15,0.1
2788,2788,Gauern,TH,Thüringen,0.15,0.15,0.1,0.15,0.1
2789,2789,Gauersheim,RP,Rheinland-pfalz,0.15,0.15,0.1,0.15,0.1
2790,2790,Gaugrehweiler,RP,Rheinland-pfalz,0.15,0.15,0.1,0.15,0.1
2791,2791,Gaukönigshofen,BY,Bayern,0.15,0.15,0.1,0.15,0.1
2792,2792,Gaushorn,SH,Schleswig-holstein,0.15,0.15,0.1,0.15,0.1
2793,2793,Gauting,BY,Bayern,0.15,0.15,0.1,0.15,0.1
2794,2794,Gaußig,SN,Sachsen,0.15,0.15,0.1,0.15,0.1
2795,2795,Gebenbach,BY,Bayern,0.15,0.15,0.1,0.15,0.1
2796,2796,Gebesee,TH,Thüringen,0.15,0.15,0.1,0.15,0.1
2797,2797,Gebhardshain,RP,Rheinland-pfalz,0.15,0.15,0.1,0.15,0.1
2798,2798,Gebroth,RP,Rheinland-pfalz,0.15,0.15,0.1,0.15,0.1
2799,2799,Gebsattel,BY,Bayern,0.15,0.15,0.1,0.15,0.1
2800,2800,Gechingen,BW,Baden-württemberg,0.15,0.15,0.1,0.15,0.1
2801,2801,Gedern,HE,Hessen,0.15,0.15,0.1,0.15,0.1
2802,2802,Geeste,NI,Niedersachsen,0.15,0.15,0.1,0.15,0.1
2803,2803,Geesthacht,SH,Schleswig-holstein,0.15,0.15,0.1,0.15,0.1
2804,2804,Gefell,RP,Rheinland-pfalz,0.15,0.15,0.1,0.15,0.1
2805,2805,Gefrees,BY,Bayern,0.15,0.15,0.1,0.15,0.1
2806,2806,Gehlberg,TH,Thüringen,0.15,0.15,0.1,0.15,0.1
2807,2807,Gehlert,RP,Rheinland-pfalz,0.15,0.15,0.1,0.15,0.1
2808,2808,Gehlweiler,RP,Rheinland-pfalz,0.15,0.15,0.1,0.15,0.1
2809,2809,Gehofen,TH,Thüringen,0.15,0.15,0.1,0.15,0.1
2810,2810,Gehrde,NI,Niedersachsen,0.15,0.15,0.1,0.15,0.1
2811,2811,Gehrden,NI,Niedersachsen,0.15,0.15,0.1,0.15,0.1
2812,2812,Gehren,TH,Thüringen,0.15,0.15,0.1,0.15,0.1
2813,2813,Gehrweiler,RP,Rheinland-pfalz,0.15,0.15,0.1,0.15,0.1
2814,2814,Geichlingen,RP,Rheinland-pfalz,0.15,0.15,0.1,0.15,0.1
2815,2815,Geiersthal,BY,Bayern,0.15,0.15,0.1,0.15,0.1
2816,2816,Geilenkirchen,NW,Nordrhein-westfalen,0.15,0.15,0.1,0.15,0.1
2817,2817,Geilnau,RP,Rheinland-pfalz,0.15,0.15,0.1,0.15,0.1
2818,2818,Geisa,TH,Thüringen,0.15,0.15,0.1,0.15,0.1
2819,2819,Geiselbach,BY,Bayern,0.15,0.15,0.1,0.15,0.1
2820,2820,Geiselberg,RP,Rheinland-pfalz,0.15,0.15,0.1,0.15,0.1
2821,2821,Geiselhöring,BY,Bayern,0.15,0.15,0.1,0.15,0.1
2822,2822,Geiselwind,BY,Bayern,0.15,0.15,0.1,0.15,0.1
2823,2823,Geisenfeld,BY,Bayern,0.15,0.15,0.1,0.15,0.1
2824,2824,Geisenhain,TH,Thüringen,0.15,0.15,0.1,0.15,0.1
2825,2825,Geisenhausen,BY,Bayern,0.15,0.15,0.1,0.15,0.1
2826,2826,Geisenheim,HE,Hessen,0.15,0.15,0.1,0.15,0.1
2827,2827,Geisfeld,RP,Rheinland-pfalz,0.15,0.15,0.1,0.15,0.1
2828,2828,Geisig,RP,Rheinland-pfalz,0.15,0.15,0.1,0.15,0.1
2829,2829,Geising,SN,Sachsen,0.15,0.15,0.1,0.15,0.1
2830,2830,Geisingen,BW,Baden-württemberg,0.15,0.15,0.1,0.15,0.1
2831,2831,Geisleden,TH,Thüringen,0.15,0.15,0.1,0.15,0.1
2832,2832,Geislingen,BW,Baden-württemberg,0.15,0.15,0.1,0.15,0.1
2833,2833,Geislingen an der Steige,BW,Baden-württemberg,0.15,0.15,0.1,0.15,0.1
2834,2834,Geismar,TH,Thüringen,0.15,0.15,0.1,0.15,0.1
2835,2835,Geithain,SN,Sachsen,0.15,0.15,0.1,0.15,0.1
2836,2836,Gelbensande,MV,Mecklenburg-vorpommern,0.15,0.15,0.1,0.15,0.1
2837,2837,Gelchsheim,BY,Bayern,0.15,0.15,0.1,0.15,0.1
2838,2838,Geldern,NW,Nordrhein-westfalen,0.15,0.15,0.1,0.15,0.1
2839,2839,Geldersheim,BY,Bayern,0.15,0.15,0.1,0.15,0.1
2840,2840,Gelenau,SN,Sachsen,0.15,0.15,0.1,0.15,0.1
2841,2841,Gelenberg,RP,Rheinland-pfalz,0.15,0.15,0.1,0.15,0.1
2842,2842,Gelnhausen,HE,Hessen,0.15,0.15,0.1,0.15,0.1
2843,2843,Gelsenkirchen,NW,Nordrhein-westfalen,0.15,0.15,0.1,0.15,0.1
2844,2844,Geltendorf,BY,Bayern,0.15,0.15,0.1,0.15,0.1
2845,2845,Gelting,SH,Schleswig-holstein,0.15,0.15,0.1,0.15,0.1
2846,2846,Geltorf,SH,Schleswig-holstein,0.15,0.15,0.1,0.15,0.1
2847,2847,Gemmerich,RP,Rheinland-pfalz,0.15,0.15,0.1,0.15,0.1
2848,2848,Gemmingen,BW,Baden-württemberg,0.15,0.15,0.1,0.15,0.1
2849,2849,Gemmrigheim,BW,Baden-württemberg,0.15,0.15,0.1,0.15,0.1
2850,2850,Gemünd,RP,Rheinland-pfalz,0.15,0.15,0.1,0.15,0.1
2851,2851,Gemünden,RP,Rheinland-pfalz,0.15,0.15,0.1,0.15,0.1
2852,2852,Gemünden am Main,BY,Bayern,0.15,0.15,0.1,0.15,0.1
2853,2853,Genderkingen,BY,Bayern,0.15,0.15,0.1,0.15,0.1
2854,2854,Gengenbach,BW,Baden-württemberg,0.15,0.15,0.1,0.15,0.1
2855,2855,Gensingen,RP,Rheinland-pfalz,0.15,0.15,0.1,0.15,0.1
2856,2856,Genthin,ST,Sachsen-anhalt,0.15,0.15,0.1,0.15,0.1
2857,2857,Gentingen,RP,Rheinland-pfalz,0.15,0.15,0.1,0.15,0.1
2858,2858,Georgenberg,BY,Bayern,0.15,0.15,0.1,0.15,0.1
2859,2859,Georgensgmünd,BY,Bayern,0.15,0.15,0.1,0.15,0.1
2860,2860,Georgenthal,TH,Thüringen,0.15,0.15,0.1,0.15,0.1
2861,2861,Georgsdorf,NI,Niedersachsen,0.15,0.15,0.1,0.15,0.1
2862,2862,Georgsmarienhütte,NI,Niedersachsen,0.15,0.15,0.1,0.15,0.1
2863,2863,Gera,TH,Thüringen,0.15,0.15,0.1,0.15,0.1
2864,2864,Geraberg,TH,Thüringen,0.15,0.15,0.1,0.15,0.1
2865,2865,Gerabronn,BW,Baden-württemberg,0.15,0.15,0.1,0.15,0.1
2866,2866,Gerach,BY,Bayern,0.15,0.15,0.1,0.15,0.1
2867,2867,Gerach,RP,Rheinland-pfalz,0.15,0.15,0.1,0.15,0.1
2868,2868,Geratskirchen,BY,Bayern,0.15,0.15,0.1,0.15,0.1
2869,2869,Gerbach,RP,Rheinland-pfalz,0.15,0.15,0.1,0.15,0.1
2870,2870,Gerbershausen,TH,Thüringen,0.15,0.15,0.1,0.15,0.1
2871,2871,Gerbitz,ST,Sachsen-anhalt,0.15,0.15,0.1,0.15,0.1
2872,2872,Gerbrunn,BY,Bayern,0.15,0.15,0.1,0.15,0.1
2873,2873,Gerbstedt,ST,Sachsen-anhalt,0.15,0.15,0.1,0.15,0.1
2874,2874,Gerdau,NI,Niedersachsen,0.15,0.15,0.1,0.15,0.1
2875,2875,Gerdshagen,BB,Brandenburg,0.15,0.15,0.1,0.15,0.1
2876,2876,Geretsried,BY,Bayern,0.15,0.15,0.1,0.15,0.1
2877,2877,Gerhardsbrunn,RP,Rheinland-pfalz,0.15,0.15,0.1,0.15,0.1
2878,2878,Gerhardshofen,BY,Bayern,0.15,0.15,0.1,0.15,0.1
2879,2879,Gering,RP,Rheinland-pfalz,0.15,0.15,0.1,0.15,0.1
2880,2880,Geringswalde,SN,Sachsen,0.15,0.15,0.1,0.15,0.1
2881,2881,Gerlingen,BW,Baden-württemberg,0.15,0.15,0.1,0.15,0.1
2882,2882,Germering,BY,Bayern,0.15,0.15,0.1,0.15,0.1
2883,2883,Germersheim,RP,Rheinland-pfalz,0.15,0.15,0.1,0.15,0.1
2884,2884,Gernrode,TH,Thüringen,0.15,0.15,0.1,0.15,0.1
2885,2885,Gernrode,ST,Sachsen-anhalt,0.15,0.15,0.1,0.15,0.1
2886,2886,Gernsbach,BW,Baden-württemberg,0.15,0.15,0.1,0.15,0.1
2887,2887,Gernsheim,HE,Hessen,0.15,0.15,0.1,0.15,0.1
2888,2888,Geroda,BY,Bayern,0.15,0.15,0.1,0.15,0.1
2889,2889,Geroda,TH,Thüringen,0.15,0.15,0.1,0.15,0.1
2890,2890,Geroldsgrün,BY,Bayern,0.15,0.15,0.1,0.15,0.1
2891,2891,Geroldshausen,BY,Bayern,0.15,0.15,0.1,0.15,0.1
2892,2892,Gerolfingen,BY,Bayern,0.15,0.15,0.1,0.15,0.1
2893,2893,Gerolsbach,BY,Bayern,0.15,0.15,0.1,0.15,0.1
2894,2894,Gerolsheim,RP,Rheinland-pfalz,0.15,0.15,0.1,0.15,0.1
2895,2895,Gerolstein,RP,Rheinland-pfalz,0.15,0.15,0.1,0.15,0.1
2896,2896,Gerolzhofen,BY,Bayern,0.15,0.15,0.1,0.15,0.1
2897,2897,Gersdorf,SN,Sachsen,0.15,0.15,0.1,0.15,0.1
2898,2898,Gersfeld,HE,Hessen,0.15,0.15,0.1,0.15,0.1
2899,2899,Gersheim,SL,Saarland,0.15,0.15,0.1,0.15,0.1
2900,2900,Gersten,NI,Niedersachsen,0.15,0.15,0.1,0.15,0.1
2901,2901,Gerstenberg,TH,Thüringen,0.15,0.15,0.1,0.15,0.1
2902,2902,Gerstetten,BW,Baden-württemberg,0.15,0.15,0.1,0.15,0.1
2903,2903,Gersthofen,BY,Bayern,0.15,0.15,0.1,0.15,0.1
2904,2904,Gerstungen,TH,Thüringen,0.15,0.15,0.1,0.15,0.1
2905,2905,Gerswalde,BB,Brandenburg,0.15,0.15,0.1,0.15,0.1
2906,2906,Gerterode,TH,Thüringen,0.15,0.15,0.1,0.15,0.1
2907,2907,Gertewitz,TH,Thüringen,0.15,0.15,0.1,0.15,0.1
2908,2908,Gerwisch,ST,Sachsen-anhalt,0.15,0.15,0.1,0.15,0.1
2909,2909,Gerzen,BY,Bayern,0.15,0.15,0.1,0.15,0.1
2910,2910,Geschendorf,SH,Schleswig-holstein,0.15,0.15,0.1,0.15,0.1
2911,2911,Gescher,NW,Nordrhein-westfalen,0.15,0.15,0.1,0.15,0.1
2912,2912,Geschwenda,TH,Thüringen,0.15,0.15,0.1,0.15,0.1
2913,2913,Gesees,BY,Bayern,0.15,0.15,0.1,0.15,0.1
2914,2914,Geseke,NW,Nordrhein-westfalen,0.15,0.15,0.1,0.15,0.1
2915,2915,Geslau,BY,Bayern,0.15,0.15,0.1,0.15,0.1
2916,2916,Gessertshausen,BY,Bayern,0.15,0.15,0.1,0.15,0.1
2917,2917,Gestratz,BY,Bayern,0.15,0.15,0.1,0.15,0.1
2918,2918,Getelo,NI,Niedersachsen,0.15,0.15,0.1,0.15,0.1
2919,2919,Gettorf,SH,Schleswig-holstein,0.15,0.15,0.1,0.15,0.1
2920,2920,Geusa,ST,Sachsen-anhalt,0.15,0.15,0.1,0.15,0.1
2921,2921,Geußnitz,ST,Sachsen-anhalt,0.15,0.15,0.1,0.15,0.1
2922,2922,Gevelsberg,NW,Nordrhein-westfalen,0.15,0.15,0.1,0.15,0.1
2923,2923,Gevenich,RP,Rheinland-pfalz,0.15,0.15,0.1,0.15,0.1
2924,2924,Gevensleben,NI,Niedersachsen,0.15,0.15,0.1,0.15,0.1
2925,2925,Geversdorf,NI,Niedersachsen,0.15,0.15,0.1,0.15,0.1
2926,2926,Geyer,SN,Sachsen,0.15,0.15,0.1,0.15,0.1
2927,2927,Giebelstadt,BY,Bayern,0.15,0.15,0.1,0.15,0.1
2928,2928,Gieboldehausen,NI,Niedersachsen,0.15,0.15,0.1,0.15,0.1
2929,2929,Giekau,SH,Schleswig-holstein,0.15,0.15,0.1,0.15,0.1
2930,2930,Gielde,NI,Niedersachsen,0.15,0.15,0.1,0.15,0.1
2931,2931,Gieleroth,RP,Rheinland-pfalz,0.15,0.15,0.1,0.15,0.1
2932,2932,Gielert,RP,Rheinland-pfalz,0.15,0.15,0.1,0.15,0.1
2933,2933,Gielow,MV,Mecklenburg-vorpommern,0.15,0.15,0.1,0.15,0.1
2934,2934,Giengen an der Brenz,BW,Baden-württemberg,0.15,0.15,0.1,0.15,0.1
2935,2935,Gierschnach,RP,Rheinland-pfalz,0.15,0.15,0.1,0.15,0.1
2936,2936,Giershausen,RP,Rheinland-pfalz,0.15,0.15,0.1,0.15,0.1
2937,2937,Giersleben,ST,Sachsen-anhalt,0.15,0.15,0.1,0.15,0.1
2938,2938,Gierstädt,TH,Thüringen,0.15,0.15,0.1,0.15,0.1
2939,2939,Giesdorf,RP,Rheinland-pfalz,0.15,0.15,0.1,0.15,0.1
2940,2940,Giesen,NI,Niedersachsen,0.15,0.15,0.1,0.15,0.1
2941,2941,Giesenhausen,RP,Rheinland-pfalz,0.15,0.15,0.1,0.15,0.1
2942,2942,Giesensdorf,SH,Schleswig-holstein,0.15,0.15,0.1,0.15,0.1
2943,2943,Gießen,HE,Hessen,0.15,0.15,0.1,0.15,0.1
2944,2944,Gifhorn,NI,Niedersachsen,0.15,0.15,0.1,0.15,0.1
2945,2945,Gilching,BY,Bayern,0.15,0.15,0.1,0.15,0.1
2946,2946,Gillenbeuren,RP,Rheinland-pfalz,0.15,0.15,0.1,0.15,0.1
2947,2947,Gillenfeld,RP,Rheinland-pfalz,0.15,0.15,0.1,0.15,0.1
2948,2948,Gilserberg,HE,Hessen,0.15,0.15,0.1,0.15,0.1
2949,2949,Gilten,NI,Niedersachsen,0.15,0.15,0.1,0.15,0.1
2950,2950,Gilzem,RP,Rheinland-pfalz,0.15,0.15,0.1,0.15,0.1
2951,2951,Gimbsheim,RP,Rheinland-pfalz,0.15,0.15,0.1,0.15,0.1
2952,2952,Gimbweiler,RP,Rheinland-pfalz,0.15,0.15,0.1,0.15,0.1
2953,2953,Gindorf,RP,Rheinland-pfalz,0.15,0.15,0.1,0.15,0.1
2954,2954,Gingen an der Fils,BW,Baden-württemberg,0.15,0.15,0.1,0.15,0.1
2955,2955,Gingst,MV,Mecklenburg-vorpommern,0.15,0.15,0.1,0.15,0.1
2956,2956,Ginsheim-Gustavsburg,HE,Hessen,0.15,0.15,0.1,0.15,0.1
2957,2957,Ginsweiler,RP,Rheinland-pfalz,0.15,0.15,0.1,0.15,0.1
2958,2958,Gipperath,RP,Rheinland-pfalz,0.15,0.15,0.1,0.15,0.1
2959,2959,Girkenroth,RP,Rheinland-pfalz,0.15,0.15,0.1,0.15,0.1
2960,2960,Girod,RP,Rheinland-pfalz,0.15,0.15,0.1,0.15,0.1
2961,2961,Gittelde,NI,Niedersachsen,0.15,0.15,0.1,0.15,0.1
2962,2962,Gladau,ST,Sachsen-anhalt,0.15,0.15,0.1,0.15,0.1
2963,2963,Gladbach,RP,Rheinland-pfalz,0.15,0.15,0.1,0.15,0.1
2964,2964,Gladbeck,NW,Nordrhein-westfalen,0.15,0.15,0.1,0.15,0.1
2965,2965,Gladenbach,HE,Hessen,0.15,0.15,0.1,0.15,0.1
2966,2966,Glan-Münchweiler,RP,Rheinland-pfalz,0.15,0.15,0.1,0.15,0.1
2967,2967,Glandorf,NI,Niedersachsen,0.15,0.15,0.1,0.15,0.1
2968,2968,Glasau,SH,Schleswig-holstein,0.15,0.15,0.1,0.15,0.1
2969,2969,Glasehausen,TH,Thüringen,0.15,0.15,0.1,0.15,0.1
2970,2970,Glashütte,SN,Sachsen,0.15,0.15,0.1,0.15,0.1
2971,2971,Glashütten,BY,Bayern,0.15,0.15,0.1,0.15,0.1
2972,2972,Glashütten,HE,Hessen,0.15,0.15,0.1,0.15,0.1
2973,2973,Glasin,MV,Mecklenburg-vorpommern,0.15,0.15,0.1,0.15,0.1
2974,2974,Glattbach,BY,Bayern,0.15,0.15,0.1,0.15,0.1
2975,2975,Glatten,BW,Baden-württemberg,0.15,0.15,0.1,0.15,0.1
2976,2976,Glaubitz,SN,Sachsen,0.15,0.15,0.1,0.15,0.1
2977,2977,Glauburg,HE,Hessen,0.15,0.15,0.1,0.15,0.1
2978,2978,Glauchau,SN,Sachsen,0.15,0.15,0.1,0.15,0.1
2979,2979,Glebitzsch,ST,Sachsen-anhalt,0.15,0.15,0.1,0.15,0.1
2980,2980,Glees,RP,Rheinland-pfalz,0.15,0.15,0.1,0.15,0.1
2981,2981,Gleichamberg,TH,Thüringen,0.15,0.15,0.1,0.15,0.1
2982,2982,Gleina,ST,Sachsen-anhalt,0.15,0.15,0.1,0.15,0.1
2983,2983,Gleiritsch,BY,Bayern,0.15,0.15,0.1,0.15,0.1
2984,2984,Gleisweiler,RP,Rheinland-pfalz,0.15,0.15,0.1,0.15,0.1
2985,2985,Gleiszellen-Gleishorbach,RP,Rheinland-pfalz,0.15,0.15,0.1,0.15,0.1
2986,2986,Gleißenberg,BY,Bayern,0.15,0.15,0.1,0.15,0.1
2987,2987,Glewitz,MV,Mecklenburg-vorpommern,0.15,0.15,0.1,0.15,0.1
2988,2988,Glienicke,BB,Brandenburg,0.15,0.15,0.1,0.15,0.1
2989,2989,Glinde,SH,Schleswig-holstein,0.15,0.15,0.1,0.15,0.1
2990,2990,Glindenberg,ST,Sachsen-anhalt,0.15,0.15,0.1,0.15,0.1
2991,2991,Glonn,BY,Bayern,0.15,0.15,0.1,0.15,0.1
2992,2992,Glottertal,BW,Baden-württemberg,0.15,0.15,0.1,0.15,0.1
2993,2993,Glowe,MV,Mecklenburg-vorpommern,0.15,0.15,0.1,0.15,0.1
2994,2994,Glöthe,ST,Sachsen-anhalt,0.15,0.15,0.1,0.15,0.1
2995,2995,Glött,BY,Bayern,0.15,0.15,0.1,0.15,0.1
2996,2996,Glücksburg,SH,Schleswig-holstein,0.15,0.15,0.1,0.15,0.1
2997,2997,Glückstadt,SH,Schleswig-holstein,0.15,0.15,0.1,0.15,0.1
2998,2998,Glüsing,SH,Schleswig-holstein,0.15,0.15,0.1,0.15,0.1
2999,2999,Gmund am Tegernsee,BY,Bayern,0.15,0.15,0.1,0.15,0.1
3000,3000,Gnadau,ST,Sachsen-anhalt,0.15,0.15,0.1,0.15,0.1
3001,3001,Gnarrenburg,NI,Niedersachsen,0.15,0.15,0.1,0.15,0.1
3002,3002,Gneus,TH,Thüringen,0.15,0.15,0.1,0.15,0.1
3003,3003,Gnoien,MV,Mecklenburg-vorpommern,0.15,0.15,0.1,0.15,0.1
3004,3004,Gnotzheim,BY,Bayern,0.15,0.15,0.1,0.15,0.1
3005,3005,Gnutz,SH,Schleswig-holstein,0.15,0.15,0.1,0.15,0.1
3006,3006,Goch,NW,Nordrhein-westfalen,0.15,0.15,0.1,0.15,0.1
3007,3007,Gochsheim,BY,Bayern,0.15,0.15,0.1,0.15,0.1
3008,3008,Goddert,RP,Rheinland-pfalz,0.15,0.15,0.1,0.15,0.1
3009,3009,Goel,SH,Schleswig-holstein,0.15,0.15,0.1,0.15,0.1
3010,3010,Gokels,SH,Schleswig-holstein,0.15,0.15,0.1,0.15,0.1
3011,3011,Goldbach,BY,Bayern,0.15,0.15,0.1,0.15,0.1
3012,3012,Goldbach,TH,Thüringen,0.15,0.15,0.1,0.15,0.1
3013,3013,Goldbeck,ST,Sachsen-anhalt,0.15,0.15,0.1,0.15,0.1
3014,3014,Goldberg,MV,Mecklenburg-vorpommern,0.15,0.15,0.1,0.15,0.1
3015,3015,Goldebek,SH,Schleswig-holstein,0.15,0.15,0.1,0.15,0.1
3016,3016,Goldelund,SH,Schleswig-holstein,0.15,0.15,0.1,0.15,0.1
3017,3017,Goldenstedt,NI,Niedersachsen,0.15,0.15,0.1,0.15,0.1
3018,3018,Goldenstädt,MV,Mecklenburg-vorpommern,0.15,0.15,0.1,0.15,0.1
3019,3019,Goldisthal,TH,Thüringen,0.15,0.15,0.1,0.15,0.1
3020,3020,Goldkronach,BY,Bayern,0.15,0.15,0.1,0.15,0.1
3021,3021,Gollenberg,RP,Rheinland-pfalz,0.15,0.15,0.1,0.15,0.1
3022,3022,Gollhofen,BY,Bayern,0.15,0.15,0.1,0.15,0.1
3023,3023,Golmbach,NI,Niedersachsen,0.15,0.15,0.1,0.15,0.1
3024,3024,Golmsdorf,TH,Thüringen,0.15,0.15,0.1,0.15,0.1
3025,3025,Goltoft,SH,Schleswig-holstein,0.15,0.15,0.1,0.15,0.1
3026,3026,Golzow,BB,Brandenburg,0.15,0.15,0.1,0.15,0.1
3027,3027,Golßen,BB,Brandenburg,0.15,0.15,0.1,0.15,0.1
3028,3028,Gomadingen,BW,Baden-württemberg,0.15,0.15,0.1,0.15,0.1
3029,3029,Gomaringen,BW,Baden-württemberg,0.15,0.15,0.1,0.15,0.1
3030,3030,Gommern,ST,Sachsen-anhalt,0.15,0.15,0.1,0.15,0.1
3031,3031,Gommersheim,RP,Rheinland-pfalz,0.15,0.15,0.1,0.15,0.1
3032,3032,Gompertshausen,TH,Thüringen,0.15,0.15,0.1,0.15,0.1
3033,3033,Gonbach,RP,Rheinland-pfalz,0.15,0.15,0.1,0.15,0.1
3034,3034,Gondelsheim,BW,Baden-württemberg,0.15,0.15,0.1,0.15,0.1
3035,3035,Gondenbrett,RP,Rheinland-pfalz,0.15,0.15,0.1,0.15,0.1
3036,3036,Gondershausen,RP,Rheinland-pfalz,0.15,0.15,0.1,0.15,0.1
3037,3037,Gondorf,RP,Rheinland-pfalz,0.15,0.15,0.1,0.15,0.1
3038,3038,Gonna,ST,Sachsen-anhalt,0.15,0.15,0.1,0.15,0.1
3039,3039,Goosefeld,SH,Schleswig-holstein,0.15,0.15,0.1,0.15,0.1
3040,3040,Gorgast,BB,Brandenburg,0.15,0.15,0.1,0.15,0.1
3041,3041,Gorleben,NI,Niedersachsen,0.15,0.15,0.1,0.15,0.1
3042,3042,Gornau,SN,Sachsen,0.15,0.15,0.1,0.15,0.1
3043,3043,Gornhausen,RP,Rheinland-pfalz,0.15,0.15,0.1,0.15,0.1
3044,3044,Gornsdorf,SN,Sachsen,0.15,0.15,0.1,0.15,0.1
3045,3045,Gorsleben,TH,Thüringen,0.15,0.15,0.1,0.15,0.1
3046,3046,Goseck,ST,Sachsen-anhalt,0.15,0.15,0.1,0.15,0.1
3047,3047,Gosheim,BW,Baden-württemberg,0.15,0.15,0.1,0.15,0.1
3048,3048,Goslar,NI,Niedersachsen,0.15,0.15,0.1,0.15,0.1
3049,3049,Gossa,ST,Sachsen-anhalt,0.15,0.15,0.1,0.15,0.1
3050,3050,Gossel,TH,Thüringen,0.15,0.15,0.1,0.15,0.1
3051,3051,Gossersweiler-Stein,RP,Rheinland-pfalz,0.15,0.15,0.1,0.15,0.1
3052,3052,Gotha,TH,Thüringen,0.15,0.15,0.1,0.15,0.1
3053,3053,Gottenheim,BW,Baden-württemberg,0.15,0.15,0.1,0.15,0.1
3054,3054,Gottesgabe,MV,Mecklenburg-vorpommern,0.15,0.15,0.1,0.15,0.1
3055,3055,Gotteszell,BY,Bayern,0.15,0.15,0.1,0.15,0.1
3056,3056,Gottfrieding,BY,Bayern,0.15,0.15,0.1,0.15,0.1
3057,3057,Gottmadingen,BW,Baden-württemberg,0.15,0.15,0.1,0.15,0.1
3058,3058,Goßwitz,TH,Thüringen,0.15,0.15,0.1,0.15,0.1
3059,3059,Graach,RP,Rheinland-pfalz,0.15,0.15,0.1,0.15,0.1
3060,3060,Grabau,SH,Schleswig-holstein,0.15,0.15,0.1,0.15,0.1
3061,3061,Graben,BY,Bayern,0.15,0.15,0.1,0.15,0.1
3062,3062,Graben-Neudorf,BW,Baden-württemberg,0.15,0.15,0.1,0.15,0.1
3063,3063,Grabenstetten,BW,Baden-württemberg,0.15,0.15,0.1,0.15,0.1
3064,3064,Grabenstätt,BY,Bayern,0.15,0.15,0.1,0.15,0.1
3065,3065,Grabow,MV,Mecklenburg-vorpommern,0.15,0.15,0.1,0.15,0.1
3066,3066,Grabow,ST,Sachsen-anhalt,0.15,0.15,0.1,0.15,0.1
3067,3067,Grabowhöfe,MV,Mecklenburg-vorpommern,0.15,0.15,0.1,0.15,0.1
3068,3068,Grabsleben,TH,Thüringen,0.15,0.15,0.1,0.15,0.1
3069,3069,Grafenau,BY,Bayern,0.15,0.15,0.1,0.15,0.1
3070,3070,Grafenau,BW,Baden-württemberg,0.15,0.15,0.1,0.15,0.1
3071,3071,Grafengehaig,BY,Bayern,0.15,0.15,0.1,0.15,0.1
3072,3072,Grafenhausen,BW,Baden-württemberg,0.15,0.15,0.1,0.15,0.1
3073,3073,Grafenrheinfeld,BY,Bayern,0.15,0.15,0.1,0.15,0.1
3074,3074,Grafenwiesen,BY,Bayern,0.15,0.15,0.1,0.15,0.1
3075,3075,Grafenwöhr,BY,Bayern,0.15,0.15,0.1,0.15,0.1
3076,3076,Grafhorst,NI,Niedersachsen,0.15,0.15,0.1,0.15,0.1
3077,3077,Grafing bei München,BY,Bayern,0.15,0.15,0.1,0.15,0.1
3078,3078,Grafling,BY,Bayern,0.15,0.15,0.1,0.15,0.1
3079,3079,Grafrath,BY,Bayern,0.15,0.15,0.1,0.15,0.1
3080,3080,Grainau,BY,Bayern,0.15,0.15,0.1,0.15,0.1
3081,3081,Grainet,BY,Bayern,0.15,0.15,0.1,0.15,0.1
3082,3082,Grambek,SH,Schleswig-holstein,0.15,0.15,0.1,0.15,0.1
3083,3083,Grambow,MV,Mecklenburg-vorpommern,0.15,0.15,0.1,0.15,0.1
3084,3084,Gramkow,MV,Mecklenburg-vorpommern,0.15,0.15,0.1,0.15,0.1
3085,3085,Grammendorf,MV,Mecklenburg-vorpommern,0.15,0.15,0.1,0.15,0.1
3086,3086,Gramzow,BB,Brandenburg,0.15,0.15,0.1,0.15,0.1
3087,3087,Grana,ST,Sachsen-anhalt,0.15,0.15,0.1,0.15,0.1
3088,3088,Grande,SH,Schleswig-holstein,0.15,0.15,0.1,0.15,0.1
3089,3089,Granschütz,ST,Sachsen-anhalt,0.15,0.15,0.1,0.15,0.1
3090,3090,Gransdorf,RP,Rheinland-pfalz,0.15,0.15,0.1,0.15,0.1
3091,3091,Gransebieth,MV,Mecklenburg-vorpommern,0.15,0.15,0.1,0.15,0.1
3092,3092,Gransee,BB,Brandenburg,0.15,0.15,0.1,0.15,0.1
3093,3093,Granzin,MV,Mecklenburg-vorpommern,0.15,0.15,0.1,0.15,0.1
3094,3094,Grasberg,NI,Niedersachsen,0.15,0.15,0.1,0.15,0.1
3095,3095,Grasbrunn,BY,Bayern,0.15,0.15,0.1,0.15,0.1
3096,3096,Grasleben,NI,Niedersachsen,0.15,0.15,0.1,0.15,0.1
3097,3097,Grassau,BY,Bayern,0.15,0.15,0.1,0.15,0.1
3098,3098,Grattersdorf,BY,Bayern,0.15,0.15,0.1,0.15,0.1
3099,3099,Grauel,SH,Schleswig-holstein,0.15,0.15,0.1,0.15,0.1
3100,3100,Grebbin,MV,Mecklenburg-vorpommern,0.15,0.15,0.1,0.15,0.1
3101,3101,Grebenau,HE,Hessen,0.15,0.15,0.1,0.15,0.1
3102,3102,Grebenhain,HE,Hessen,0.15,0.15,0.1,0.15,0.1
3103,3103,Grebenstein,HE,Hessen,0.15,0.15,0.1,0.15,0.1
3104,3104,Grebin,SH,Schleswig-holstein,0.15,0.15,0.1,0.15,0.1
3105,3105,Greding,BY,Bayern,0.15,0.15,0.1,0.15,0.1
3106,3106,Grefrath,NW,Nordrhein-westfalen,0.15,0.15,0.1,0.15,0.1
3107,3107,Greifenberg,BY,Bayern,0.15,0.15,0.1,0.15,0.1
3108,3108,Greifenstein,HE,Hessen,0.15,0.15,0.1,0.15,0.1
3109,3109,Greifswald,MV,Mecklenburg-vorpommern,0.15,0.15,0.1,0.15,0.1
3110,3110,Greiling,BY,Bayern,0.15,0.15,0.1,0.15,0.1
3111,3111,Greimerath,RP,Rheinland-pfalz,0.15,0.15,0.1,0.15,0.1
3112,3112,Greimersburg,RP,Rheinland-pfalz,0.15,0.15,0.1,0.15,0.1
3113,3113,Greiz,TH,Thüringen,0.15,0.15,0.1,0.15,0.1
3114,3114,Gremersdorf,SH,Schleswig-holstein,0.15,0.15,0.1,0.15,0.1
3115,3115,Gremsdorf,BY,Bayern,0.15,0.15,0.1,0.15,0.1
3116,3116,Grenderich,RP,Rheinland-pfalz,0.15,0.15,0.1,0.15,0.1
3117,3117,Grenzach-Wyhlen,BW,Baden-württemberg,0.15,0.15,0.1,0.15,0.1
3118,3118,Greppin,ST,Sachsen-anhalt,0.15,0.15,0.1,0.15,0.1
3119,3119,Gresse,MV,Mecklenburg-vorpommern,0.15,0.15,0.1,0.15,0.1
3120,3120,Grethem,NI,Niedersachsen,0.15,0.15,0.1,0.15,0.1
3121,3121,Grettstadt,BY,Bayern,0.15,0.15,0.1,0.15,0.1
3122,3122,Greußen,TH,Thüringen,0.15,0.15,0.1,0.15,0.1
3123,3123,Greußenheim,BY,Bayern,0.15,0.15,0.1,0.15,0.1
3124,3124,Greven,MV,Mecklenburg-vorpommern,0.15,0.15,0.1,0.15,0.1
3125,3125,Greven,NW,Nordrhein-westfalen,0.15,0.15,0.1,0.15,0.1
3126,3126,Grevenbroich,NW,Nordrhein-westfalen,0.15,0.15,0.1,0.15,0.1
3127,3127,Grevenkop,SH,Schleswig-holstein,0.15,0.15,0.1,0.15,0.1
3128,3128,Grevenkrug,SH,Schleswig-holstein,0.15,0.15,0.1,0.15,0.1
3129,3129,Grevesmühlen,MV,Mecklenburg-vorpommern,0.15,0.15,0.1,0.15,0.1
3130,3130,Gribbohm,SH,Schleswig-holstein,0.15,0.15,0.1,0.15,0.1
3131,3131,Griebelschied,RP,Rheinland-pfalz,0.15,0.15,0.1,0.15,0.1
3132,3132,Grieben,ST,Sachsen-anhalt,0.15,0.15,0.1,0.15,0.1
3133,3133,Griebo,ST,Sachsen-anhalt,0.15,0.15,0.1,0.15,0.1
3134,3134,Griefstedt,TH,Thüringen,0.15,0.15,0.1,0.15,0.1
3135,3135,Gries,RP,Rheinland-pfalz,0.15,0.15,0.1,0.15,0.1
3136,3136,Griesheim,HE,Hessen,0.15,0.15,0.1,0.15,0.1
3137,3137,Griesingen,BW,Baden-württemberg,0.15,0.15,0.1,0.15,0.1
3138,3138,Griesstätt,BY,Bayern,0.15,0.15,0.1,0.15,0.1
3139,3139,Grimburg,RP,Rheinland-pfalz,0.15,0.15,0.1,0.15,0.1
3140,3140,Grimma,SN,Sachsen,0.15,0.15,0.1,0.15,0.1
3141,3141,Grimmelshausen,TH,Thüringen,0.15,0.15,0.1,0.15,0.1
3142,3142,Grimmen,MV,Mecklenburg-vorpommern,0.15,0.15,0.1,0.15,0.1
3143,3143,Grinau,SH,Schleswig-holstein,0.15,0.15,0.1,0.15,0.1
3144,3144,Grobengereuth,TH,Thüringen,0.15,0.15,0.1,0.15,0.1
3145,3145,Groitzsch,SN,Sachsen,0.15,0.15,0.1,0.15,0.1
3146,3146,Grolsheim,RP,Rheinland-pfalz,0.15,0.15,0.1,0.15,0.1
3147,3147,Gronau,NW,Nordrhein-westfalen,0.15,0.15,0.1,0.15,0.1
3148,3148,Gronau,NI,Niedersachsen,0.15,0.15,0.1,0.15,0.1
3149,3149,Grosselfingen,BW,Baden-württemberg,0.15,0.15,0.1,0.15,0.1
3150,3150,Grothusenkoog,SH,Schleswig-holstein,0.15,0.15,0.1,0.15,0.1
3151,3151,Grove,SH,Schleswig-holstein,0.15,0.15,0.1,0.15,0.1
3152,3152,Groven,SH,Schleswig-holstein,0.15,0.15,0.1,0.15,0.1
3153,3153,Groß Ammensleben,ST,Sachsen-anhalt,0.15,0.15,0.1,0.15,0.1
3154,3154,Groß Berßen,NI,Niedersachsen,0.15,0.15,0.1,0.15,0.1
3155,3155,Groß Boden,SH,Schleswig-holstein,0.15,0.15,0.1,0.15,0.1
3156,3156,Groß Buchwald,SH,Schleswig-holstein,0.15,0.15,0.1,0.15,0.1
3157,3157,Groß Börnecke,ST,Sachsen-anhalt,0.15,0.15,0.1,0.15,0.1
3158,3158,Groß Disnack,SH,Schleswig-holstein,0.15,0.15,0.1,0.15,0.1
3159,3159,Groß Döbbern,BB,Brandenburg,0.15,0.15,0.1,0.15,0.1
3160,3160,Groß Düben,SN,Sachsen,0.15,0.15,0.1,0.15,0.1
3161,3161,Groß Garz,ST,Sachsen-anhalt,0.15,0.15,0.1,0.15,0.1
3162,3162,Groß Gievitz,MV,Mecklenburg-vorpommern,0.15,0.15,0.1,0.15,0.1
3163,3163,Groß Grönau,SH,Schleswig-holstein,0.15,0.15,0.1,0.15,0.1
3164,3164,Groß Ippener,NI,Niedersachsen,0.15,0.15,0.1,0.15,0.1
3165,3165,Groß Kiesow,MV,Mecklenburg-vorpommern,0.15,0.15,0.1,0.15,0.1
3166,3166,Groß Krankow,MV,Mecklenburg-vorpommern,0.15,0.15,0.1,0.15,0.1
3167,3167,Groß Kreutz,BB,Brandenburg,0.15,0.15,0.1,0.15,0.1
3168,3168,Groß Kummerfeld,SH,Schleswig-holstein,0.15,0.15,0.1,0.15,0.1
3169,3169,Groß Köris,BB,Brandenburg,0.15,0.15,0.1,0.15,0.1
3170,3170,Groß Laasch,MV,Mecklenburg-vorpommern,0.15,0.15,0.1,0.15,0.1
3171,3171,Groß Lindow,BB,Brandenburg,0.15,0.15,0.1,0.15,0.1
3172,3172,Groß Meckelsen,NI,Niedersachsen,0.15,0.15,0.1,0.15,0.1
3173,3173,Groß Miltzow,MV,Mecklenburg-vorpommern,0.15,0.15,0.1,0.15,0.1
3174,3174,Groß Mohrdorf,MV,Mecklenburg-vorpommern,0.15,0.15,0.1,0.15,0.1
3175,3175,Groß Nemerow,MV,Mecklenburg-vorpommern,0.15,0.15,0.1,0.15,0.1
3176,3176,Groß Niendorf,SH,Schleswig-holstein,0.15,0.15,0.1,0.15,0.1
3177,3177,Groß Nordende,SH,Schleswig-holstein,0.15,0.15,0.1,0.15,0.1
3178,3178,Groß Oesingen,NI,Niedersachsen,0.15,0.15,0.1,0.15,0.1
3179,3179,Groß Offenseth-Aspern,SH,Schleswig-holstein,0.15,0.15,0.1,0.15,0.1
3180,3180,Groß Oßnig,BB,Brandenburg,0.15,0.15,0.1,0.15,0.1
3181,3181,Groß Pampau,SH,Schleswig-holstein,0.15,0.15,0.1,0.15,0.1
3182,3182,Groß Pankow,BB,Brandenburg,0.15,0.15,0.1,0.15,0.1
3183,3183,Groß Plasten,MV,Mecklenburg-vorpommern,0.15,0.15,0.1,0.15,0.1
3184,3184,Groß Polzin,MV,Mecklenburg-vorpommern,0.15,0.15,0.1,0.15,0.1
3185,3185,Groß Quenstedt,ST,Sachsen-anhalt,0.15,0.15,0.1,0.15,0.1
3186,3186,Groß Rheide,SH,Schleswig-holstein,0.15,0.15,0.1,0.15,0.1
3187,3187,Groß Rodensleben,ST,Sachsen-anhalt,0.15,0.15,0.1,0.15,0.1
3188,3188,Groß Roge,MV,Mecklenburg-vorpommern,0.15,0.15,0.1,0.15,0.1
3189,3189,Groß Rosenburg,ST,Sachsen-anhalt,0.15,0.15,0.1,0.15,0.1
3190,3190,Groß Rönnau,SH,Schleswig-holstein,0.15,0.15,0.1,0.15,0.1
3191,3191,Groß Santersleben,ST,Sachsen-anhalt,0.15,0.15,0.1,0.15,0.1
3192,3192,Groß Sarau,SH,Schleswig-holstein,0.15,0.15,0.1,0.15,0.1
3193,3193,Groß Schenkenberg,SH,Schleswig-holstein,0.15,0.15,0.1,0.15,0.1
3194,3194,Groß Stieten,MV,Mecklenburg-vorpommern,0.15,0.15,0.1,0.15,0.1
3195,3195,Groß Teetzleben,MV,Mecklenburg-vorpommern,0.15,0.15,0.1,0.15,0.1
3196,3196,Groß Twülpstedt,NI,Niedersachsen,0.15,0.15,0.1,0.15,0.1
3197,3197,Groß Vollstedt,SH,Schleswig-holstein,0.15,0.15,0.1,0.15,0.1
3198,3198,Groß Wittensee,SH,Schleswig-holstein,0.15,0.15,0.1,0.15,0.1
3199,3199,Groß Wokern,MV,Mecklenburg-vorpommern,0.15,0.15,0.1,0.15,0.1
3200,3200,Groß Wüstenfelde,MV,Mecklenburg-vorpommern,0.15,0.15,0.1,0.15,0.1
3201,3201,Groß-Bieberau,HE,Hessen,0.15,0.15,0.1,0.15,0.1
3202,3202,Groß-Gerau,HE,Hessen,0.15,0.15,0.1,0.15,0.1
3203,3203,Groß-Rohrheim,HE,Hessen,0.15,0.15,0.1,0.15,0.1
3204,3204,Groß-Umstadt,HE,Hessen,0.15,0.15,0.1,0.15,0.1
3205,3205,Groß-Zimmern,HE,Hessen,0.15,0.15,0.1,0.15,0.1
3206,3206,Großaitingen,BY,Bayern,0.15,0.15,0.1,0.15,0.1
3207,3207,Großalmerode,HE,Hessen,0.15,0.15,0.1,0.15,0.1
3208,3208,Großbadegast,ST,Sachsen-anhalt,0.15,0.15,0.1,0.15,0.1
3209,3209,Großbardau,SN,Sachsen,0.15,0.15,0.1,0.15,0.1
3210,3210,Großbardorf,BY,Bayern,0.15,0.15,0.1,0.15,0.1
3211,3211,Großbarkau,SH,Schleswig-holstein,0.15,0.15,0.1,0.15,0.1
3212,3212,Großbartloff,TH,Thüringen,0.15,0.15,0.1,0.15,0.1
3213,3213,Großbeeren,BB,Brandenburg,0.15,0.15,0.1,0.15,0.1
3214,3214,Großbettlingen,BW,Baden-württemberg,0.15,0.15,0.1,0.15,0.1
3215,3215,Großbockedra,TH,Thüringen,0.15,0.15,0.1,0.15,0.1
3216,3216,Großbodungen,TH,Thüringen,0.15,0.15,0.1,0.15,0.1
3217,3217,Großbothen,SN,Sachsen,0.15,0.15,0.1,0.15,0.1
3218,3218,Großbottwar,BW,Baden-württemberg,0.15,0.15,0.1,0.15,0.1
3219,3219,Großbreitenbach,TH,Thüringen,0.15,0.15,0.1,0.15,0.1
3220,3220,Großbrembach,TH,Thüringen,0.15,0.15,0.1,0.15,0.1
3221,3221,Großbundenbach,RP,Rheinland-pfalz,0.15,0.15,0.1,0.15,0.1
3222,3222,Großderschau,BB,Brandenburg,0.15,0.15,0.1,0.15,0.1
3223,3223,Großdubrau,SN,Sachsen,0.15,0.15,0.1,0.15,0.1
3224,3224,Großeibstadt,BY,Bayern,0.15,0.15,0.1,0.15,0.1
3225,3225,Großenaspe,SH,Schleswig-holstein,0.15,0.15,0.1,0.15,0.1
3226,3226,Großenehrich,TH,Thüringen,0.15,0.15,0.1,0.15,0.1
3227,3227,Großengottern,TH,Thüringen,0.15,0.15,0.1,0.15,0.1
3228,3228,Großenhain,SN,Sachsen,0.15,0.15,0.1,0.15,0.1
3229,3229,Großenkneten,NI,Niedersachsen,0.15,0.15,0.1,0.15,0.1
3230,3230,Großenlüder,HE,Hessen,0.15,0.15,0.1,0.15,0.1
3231,3231,Großenrade,SH,Schleswig-holstein,0.15,0.15,0.1,0.15,0.1
3232,3232,Großensee,SH,Schleswig-holstein,0.15,0.15,0.1,0.15,0.1
3233,3233,Großensee,TH,Thüringen,0.15,0.15,0.1,0.15,0.1
3234,3234,Großenseebach,BY,Bayern,0.15,0.15,0.1,0.15,0.1
3235,3235,Großenstein,TH,Thüringen,0.15,0.15,0.1,0.15,0.1
3236,3236,Großenwiehe,SH,Schleswig-holstein,0.15,0.15,0.1,0.15,0.1
3237,3237,Großenwörden,NI,Niedersachsen,0.15,0.15,0.1,0.15,0.1
3238,3238,Großerlach,BW,Baden-württemberg,0.15,0.15,0.1,0.15,0.1
3239,3239,Großeutersdorf,TH,Thüringen,0.15,0.15,0.1,0.15,0.1
3240,3240,Großfahner,TH,Thüringen,0.15,0.15,0.1,0.15,0.1
3241,3241,Großfischlingen,RP,Rheinland-pfalz,0.15,0.15,0.1,0.15,0.1
3242,3242,Großgörschen,ST,Sachsen-anhalt,0.15,0.15,0.1,0.15,0.1
3243,3243,Großhabersdorf,BY,Bayern,0.15,0.15,0.1,0.15,0.1
3244,3244,Großhansdorf,SH,Schleswig-holstein,0.15,0.15,0.1,0.15,0.1
3245,3245,Großharrie,SH,Schleswig-holstein,0.15,0.15,0.1,0.15,0.1
3246,3246,Großharthau,SN,Sachsen,0.15,0.15,0.1,0.15,0.1
3247,3247,Großhartmannsdorf,SN,Sachsen,0.15,0.15,0.1,0.15,0.1
3248,3248,Großheirath,BY,Bayern,0.15,0.15,0.1,0.15,0.1
3249,3249,Großhennersdorf,SN,Sachsen,0.15,0.15,0.1,0.15,0.1
3250,3250,Großheringen,TH,Thüringen,0.15,0.15,0.1,0.15,0.1
3251,3251,Großheubach,BY,Bayern,0.15,0.15,0.1,0.15,0.1
3252,3252,Großholbach,RP,Rheinland-pfalz,0.15,0.15,0.1,0.15,0.1
3253,3253,Großkampenberg,RP,Rheinland-pfalz,0.15,0.15,0.1,0.15,0.1
3254,3254,Großkarlbach,RP,Rheinland-pfalz,0.15,0.15,0.1,0.15,0.1
3255,3255,Großkarolinenfeld,BY,Bayern,0.15,0.15,0.1,0.15,0.1
3256,3256,Großkayna,ST,Sachsen-anhalt,0.15,0.15,0.1,0.15,0.1
3257,3257,Großkmehlen,BB,Brandenburg,0.15,0.15,0.1,0.15,0.1
3258,3258,Großkochberg,TH,Thüringen,0.15,0.15,0.1,0.15,0.1
3259,3259,Großkorbetha,ST,Sachsen-anhalt,0.15,0.15,0.1,0.15,0.1
3260,3260,Großkrotzenburg,HE,Hessen,0.15,0.15,0.1,0.15,0.1
3261,3261,Großkugel,ST,Sachsen-anhalt,0.15,0.15,0.1,0.15,0.1
3262,3262,Großlangenfeld,RP,Rheinland-pfalz,0.15,0.15,0.1,0.15,0.1
3263,3263,Großlangheim,BY,Bayern,0.15,0.15,0.1,0.15,0.1
3264,3264,Großlehna,SN,Sachsen,0.15,0.15,0.1,0.15,0.1
3265,3265,Großlittgen,RP,Rheinland-pfalz,0.15,0.15,0.1,0.15,0.1
3266,3266,Großlöbichau,TH,Thüringen,0.15,0.15,0.1,0.15,0.1
3267,3267,Großmaischeid,RP,Rheinland-pfalz,0.15,0.15,0.1,0.15,0.1
3268,3268,Großmehring,BY,Bayern,0.15,0.15,0.1,0.15,0.1
3269,3269,Großmonra,TH,Thüringen,0.15,0.15,0.1,0.15,0.1
3270,3270,Großmölsen,TH,Thüringen,0.15,0.15,0.1,0.15,0.1
3271,3271,Großnaundorf,SN,Sachsen,0.15,0.15,0.1,0.15,0.1
3272,3272,Großneuhausen,TH,Thüringen,0.15,0.15,0.1,0.15,0.1
3273,3273,Großniedesheim,RP,Rheinland-pfalz,0.15,0.15,0.1,0.15,0.1
3274,3274,Großobringen,TH,Thüringen,0.15,0.15,0.1,0.15,0.1
3275,3275,Großolbersdorf,SN,Sachsen,0.15,0.15,0.1,0.15,0.1
3276,3276,Großostheim,BY,Bayern,0.15,0.15,0.1,0.15,0.1
3277,3277,Großpaschleben,ST,Sachsen-anhalt,0.15,0.15,0.1,0.15,0.1
3278,3278,Großpostwitz,SN,Sachsen,0.15,0.15,0.1,0.15,0.1
3279,3279,Großpösna,SN,Sachsen,0.15,0.15,0.1,0.15,0.1
3280,3280,Großpürschütz,TH,Thüringen,0.15,0.15,0.1,0.15,0.1
3281,3281,Großrinderfeld,BW,Baden-württemberg,0.15,0.15,0.1,0.15,0.1
3282,3282,Großrosseln,SL,Saarland,0.15,0.15,0.1,0.15,0.1
3283,3283,Großrudestedt,TH,Thüringen,0.15,0.15,0.1,0.15,0.1
3284,3284,Großräschen,BB,Brandenburg,0.15,0.15,0.1,0.15,0.1
3285,3285,Großröhrsdorf,SN,Sachsen,0.15,0.15,0.1,0.15,0.1
3286,3286,Großrückerswalde,SN,Sachsen,0.15,0.15,0.1,0.15,0.1
3287,3287,Großschirma,SN,Sachsen,0.15,0.15,0.1,0.15,0.1
3288,3288,Großschwabhausen,TH,Thüringen,0.15,0.15,0.1,0.15,0.1
3289,3289,Großschweidnitz,SN,Sachsen,0.15,0.15,0.1,0.15,0.1
3290,3290,Großschönau,SN,Sachsen,0.15,0.15,0.1,0.15,0.1
3291,3291,Großseifen,RP,Rheinland-pfalz,0.15,0.15,0.1,0.15,0.1
3292,3292,Großsolt,SH,Schleswig-holstein,0.15,0.15,0.1,0.15,0.1
3293,3293,Großsteinhausen,RP,Rheinland-pfalz,0.15,0.15,0.1,0.15,0.1
3294,3294,Großthiemig,BB,Brandenburg,0.15,0.15,0.1,0.15,0.1
3295,3295,Großvargula,TH,Thüringen,0.15,0.15,0.1,0.15,0.1
3296,3296,Großwallstadt,BY,Bayern,0.15,0.15,0.1,0.15,0.1
3297,3297,Großweil,BY,Bayern,0.15,0.15,0.1,0.15,0.1
3298,3298,Großweitzschen,SN,Sachsen,0.15,0.15,0.1,0.15,0.1
3299,3299,Großwoltersdorf,BB,Brandenburg,0.15,0.15,0.1,0.15,0.1
3300,3300,Großzöberitz,ST,Sachsen-anhalt,0.15,0.15,0.1,0.15,0.1
3301,3301,Großörner,ST,Sachsen-anhalt,0.15,0.15,0.1,0.15,0.1
3302,3302,Grub,BY,Bayern,0.15,0.15,0.1,0.15,0.1
3303,3303,Grub,TH,Thüringen,0.15,0.15,0.1,0.15,0.1
3304,3304,Grube,SH,Schleswig-holstein,0.15,0.15,0.1,0.15,0.1
3305,3305,Gruibingen,BW,Baden-württemberg,0.15,0.15,0.1,0.15,0.1
3306,3306,Grumbach,RP,Rheinland-pfalz,0.15,0.15,0.1,0.15,0.1
3307,3307,Grundhof,SH,Schleswig-holstein,0.15,0.15,0.1,0.15,0.1
3308,3308,Grundsheim,BW,Baden-württemberg,0.15,0.15,0.1,0.15,0.1
3309,3309,Grunewald,BE,Berlin,0.15,0.15,0.1,0.15,0.1
3310,3310,Gräben,BB,Brandenburg,0.15,0.15,0.1,0.15,0.1
3311,3311,Gräfelfing,BY,Bayern,0.15,0.15,0.1,0.15,0.1
3312,3312,Gräfenberg,BY,Bayern,0.15,0.15,0.1,0.15,0.1
3313,3313,Gräfendhron,RP,Rheinland-pfalz,0.15,0.15,0.1,0.15,0.1
3314,3314,Gräfendorf,BY,Bayern,0.15,0.15,0.1,0.15,0.1
3315,3315,Gräfenhain,TH,Thüringen,0.15,0.15,0.1,0.15,0.1
3316,3316,Gräfenhainichen,ST,Sachsen-anhalt,0.15,0.15,0.1,0.15,0.1
3317,3317,Gräfenroda,TH,Thüringen,0.15,0.15,0.1,0.15,0.1
3318,3318,Grävenwiesbach,HE,Hessen,0.15,0.15,0.1,0.15,0.1
3319,3319,Gröben,ST,Sachsen-anhalt,0.15,0.15,0.1,0.15,0.1
3320,3320,Gröbenzell,BY,Bayern,0.15,0.15,0.1,0.15,0.1
3321,3321,Gröbern,ST,Sachsen-anhalt,0.15,0.15,0.1,0.15,0.1
3322,3322,Gröbers,ST,Sachsen-anhalt,0.15,0.15,0.1,0.15,0.1
3323,3323,Gröbitz,ST,Sachsen-anhalt,0.15,0.15,0.1,0.15,0.1
3324,3324,Gröbzig,ST,Sachsen-anhalt,0.15,0.15,0.1,0.15,0.1
3325,3325,Gröde,SH,Schleswig-holstein,0.15,0.15,0.1,0.15,0.1
3326,3326,Gröden,BB,Brandenburg,0.15,0.15,0.1,0.15,0.1
3327,3327,Grödersby,SH,Schleswig-holstein,0.15,0.15,0.1,0.15,0.1
3328,3328,Grömbach,BW,Baden-württemberg,0.15,0.15,0.1,0.15,0.1
3329,3329,Grömitz,SH,Schleswig-holstein,0.15,0.15,0.1,0.15,0.1
3330,3330,Gröna,ST,Sachsen-anhalt,0.15,0.15,0.1,0.15,0.1
3331,3331,Gröningen,ST,Sachsen-anhalt,0.15,0.15,0.1,0.15,0.1
3332,3332,Grönwohld,SH,Schleswig-holstein,0.15,0.15,0.1,0.15,0.1
3333,3333,Gröst,ST,Sachsen-anhalt,0.15,0.15,0.1,0.15,0.1
3334,3334,Grünau,BE,Berlin,0.15,0.15,0.1,0.15,0.1
3335,3335,Grünbach,SN,Sachsen,0.15,0.15,0.1,0.15,0.1
3336,3336,Grünberg,HE,Hessen,0.15,0.15,0.1,0.15,0.1
3337,3337,Grünebach,RP,Rheinland-pfalz,0.15,0.15,0.1,0.15,0.1
3338,3338,Grünenbach,BY,Bayern,0.15,0.15,0.1,0.15,0.1
3339,3339,Grünendeich,NI,Niedersachsen,0.15,0.15,0.1,0.15,0.1
3340,3340,Grünewald,BB,Brandenburg,0.15,0.15,0.1,0.15,0.1
3341,3341,Grünhain,SN,Sachsen,0.15,0.15,0.1,0.15,0.1
3342,3342,Grünhainichen,SN,Sachsen,0.15,0.15,0.1,0.15,0.1
3343,3343,Grünheide,BB,Brandenburg,0.15,0.15,0.1,0.15,0.1
3344,3344,Grünkraut,BW,Baden-württemberg,0.15,0.15,0.1,0.15,0.1
3345,3345,Grünow,BB,Brandenburg,0.15,0.15,0.1,0.15,0.1
3346,3346,Grünsfeld,BW,Baden-württemberg,0.15,0.15,0.1,0.15,0.1
3347,3347,Grünstadt,RP,Rheinland-pfalz,0.15,0.15,0.1,0.15,0.1
3348,3348,Grünwald,BY,Bayern,0.15,0.15,0.1,0.15,0.1
3349,3349,Gschwend,BW,Baden-württemberg,0.15,0.15,0.1,0.15,0.1
3350,3350,Gstadt am Chiemsee,BY,Bayern,0.15,0.15,0.1,0.15,0.1
3351,3351,Guben,BB,Brandenburg,0.15,0.15,0.1,0.15,0.1
3352,3352,Guckheim,RP,Rheinland-pfalz,0.15,0.15,0.1,0.15,0.1
3353,3353,Gudendorf,SH,Schleswig-holstein,0.15,0.15,0.1,0.15,0.1
3354,3354,Gudensberg,HE,Hessen,0.15,0.15,0.1,0.15,0.1
3355,3355,Guderhandviertel,NI,Niedersachsen,0.15,0.15,0.1,0.15,0.1
3356,3356,Gudow,SH,Schleswig-holstein,0.15,0.15,0.1,0.15,0.1
3357,3357,Guggenhausen,BW,Baden-württemberg,0.15,0.15,0.1,0.15,0.1
3358,3358,Guhrow,BB,Brandenburg,0.15,0.15,0.1,0.15,0.1
3359,3359,Gumbsheim,RP,Rheinland-pfalz,0.15,0.15,0.1,0.15,0.1
3360,3360,Gummersbach,NW,Nordrhein-westfalen,0.15,0.15,0.1,0.15,0.1
3361,3361,Gumperda,TH,Thüringen,0.15,0.15,0.1,0.15,0.1
3362,3362,Gumtow,BB,Brandenburg,0.15,0.15,0.1,0.15,0.1
3363,3363,Gundelfingen,BW,Baden-württemberg,0.15,0.15,0.1,0.15,0.1
3364,3364,Gundelfingen,BY,Bayern,0.15,0.15,0.1,0.15,0.1
3365,3365,Gundelsheim,BW,Baden-württemberg,0.15,0.15,0.1,0.15,0.1
3366,3366,Gundelsheim,BY,Bayern,0.15,0.15,0.1,0.15,0.1
3367,3367,Gunderath,RP,Rheinland-pfalz,0.15,0.15,0.1,0.15,0.1
3368,3368,Gundersheim,RP,Rheinland-pfalz,0.15,0.15,0.1,0.15,0.1
3369,3369,Gundersweiler,RP,Rheinland-pfalz,0.15,0.15,0.1,0.15,0.1
3370,3370,Gundheim,RP,Rheinland-pfalz,0.15,0.15,0.1,0.15,0.1
3371,3371,Gundremmingen,BY,Bayern,0.15,0.15,0.1,0.15,0.1
3372,3372,Gunningen,BW,Baden-württemberg,0.15,0.15,0.1,0.15,0.1
3373,3373,Guntersblum,RP,Rheinland-pfalz,0.15,0.15,0.1,0.15,0.1
3374,3374,Gunzenhausen,BY,Bayern,0.15,0.15,0.1,0.15,0.1
3375,3375,Gusenburg,RP,Rheinland-pfalz,0.15,0.15,0.1,0.15,0.1
3376,3376,Gusterath,RP,Rheinland-pfalz,0.15,0.15,0.1,0.15,0.1
3377,3377,Gustow,MV,Mecklenburg-vorpommern,0.15,0.15,0.1,0.15,0.1
3378,3378,Gutach,BW,Baden-württemberg,0.15,0.15,0.1,0.15,0.1
3379,3379,Gutach im Breisgau,BW,Baden-württemberg,0.15,0.15,0.1,0.15,0.1
3380,3380,Guteborn,BB,Brandenburg,0.15,0.15,0.1,0.15,0.1
3381,3381,Gutenacker,RP,Rheinland-pfalz,0.15,0.15,0.1,0.15,0.1
3382,3382,Gutenberg,ST,Sachsen-anhalt,0.15,0.15,0.1,0.15,0.1
3383,3383,Gutenberg,RP,Rheinland-pfalz,0.15,0.15,0.1,0.15,0.1
3384,3384,Guteneck,BY,Bayern,0.15,0.15,0.1,0.15,0.1
3385,3385,Gutenstetten,BY,Bayern,0.15,0.15,0.1,0.15,0.1
3386,3386,Gutenswegen,ST,Sachsen-anhalt,0.15,0.15,0.1,0.15,0.1
3387,3387,Gutenzell-Hürbel,BW,Baden-württemberg,0.15,0.15,0.1,0.15,0.1
3388,3388,Guthmannshausen,TH,Thüringen,0.15,0.15,0.1,0.15,0.1
3389,3389,Gutow,MV,Mecklenburg-vorpommern,0.15,0.15,0.1,0.15,0.1
3390,3390,Guttau,SN,Sachsen,0.15,0.15,0.1,0.15,0.1
3391,3391,Guttenberg,BY,Bayern,0.15,0.15,0.1,0.15,0.1
3392,3392,Gutweiler,RP,Rheinland-pfalz,0.15,0.15,0.1,0.15,0.1
3393,3393,Guxhagen,HE,Hessen,0.15,0.15,0.1,0.15,0.1
3394,3394,Gyhum,NI,Niedersachsen,0.15,0.15,0.1,0.15,0.1
3395,3395,Gädheim,BY,Bayern,0.15,0.15,0.1,0.15,0.1
3396,3396,Gägelow,MV,Mecklenburg-vorpommern,0.15,0.15,0.1,0.15,0.1
3397,3397,Gärtringen,BW,Baden-württemberg,0.15,0.15,0.1,0.15,0.1
3398,3398,Göcklingen,RP,Rheinland-pfalz,0.15,0.15,0.1,0.15,0.1
3399,3399,Göda,SN,Sachsen,0.15,0.15,0.1,0.15,0.1
3400,3400,Gödenroth,RP,Rheinland-pfalz,0.15,0.15,0.1,0.15,0.1
3401,3401,Gödenstorf,NI,Niedersachsen,0.15,0.15,0.1,0.15,0.1
3402,3402,Göggingen,BW,Baden-württemberg,0.15,0.15,0.1,0.15,0.1
3403,3403,Göhrde,NI,Niedersachsen,0.15,0.15,0.1,0.15,0.1
3404,3404,Göhren,TH,Thüringen,0.15,0.15,0.1,0.15,0.1
3405,3405,Göhren-Lebbin,MV,Mecklenburg-vorpommern,0.15,0.15,0.1,0.15,0.1
3406,3406,Göldenitz,SH,Schleswig-holstein,0.15,0.15,0.1,0.15,0.1
3407,3407,Gölenkamp,NI,Niedersachsen,0.15,0.15,0.1,0.15,0.1
3408,3408,Göllheim,RP,Rheinland-pfalz,0.15,0.15,0.1,0.15,0.1
3409,3409,Göllingen,TH,Thüringen,0.15,0.15,0.1,0.15,0.1
3410,3410,Göllnitz,TH,Thüringen,0.15,0.15,0.1,0.15,0.1
3411,3411,Gönnebek,SH,Schleswig-holstein,0.15,0.15,0.1,0.15,0.1
3412,3412,Gönnersdorf,RP,Rheinland-pfalz,0.15,0.15,0.1,0.15,0.1
3413,3413,Gönnheim,RP,Rheinland-pfalz,0.15,0.15,0.1,0.15,0.1
3414,3414,Göpfersdorf,TH,Thüringen,0.15,0.15,0.1,0.15,0.1
3415,3415,Göppingen,BW,Baden-württemberg,0.15,0.15,0.1,0.15,0.1
3416,3416,Görgeshausen,RP,Rheinland-pfalz,0.15,0.15,0.1,0.15,0.1
3417,3417,Görisried,BY,Bayern,0.15,0.15,0.1,0.15,0.1
3418,3418,Göritz,BB,Brandenburg,0.15,0.15,0.1,0.15,0.1
3419,3419,Görkwitz,TH,Thüringen,0.15,0.15,0.1,0.15,0.1
3420,3420,Görlitz,SN,Sachsen,0.15,0.15,0.1,0.15,0.1
3421,3421,Görmin,MV,Mecklenburg-vorpommern,0.15,0.15,0.1,0.15,0.1
3422,3422,Görsbach,TH,Thüringen,0.15,0.15,0.1,0.15,0.1
3423,3423,Görschen,ST,Sachsen-anhalt,0.15,0.15,0.1,0.15,0.1
3424,3424,Görwihl,BW,Baden-württemberg,0.15,0.15,0.1,0.15,0.1
3425,3425,Görzig,ST,Sachsen-anhalt,0.15,0.15,0.1,0.15,0.1
3426,3426,Görzke,BB,Brandenburg,0.15,0.15,0.1,0.15,0.1
3427,3427,Göschitz,TH,Thüringen,0.15,0.15,0.1,0.15,0.1
3428,3428,Gösen,TH,Thüringen,0.15,0.15,0.1,0.15,0.1
3429,3429,Gösenroth,RP,Rheinland-pfalz,0.15,0.15,0.1,0.15,0.1
3430,3430,Gössenheim,BY,Bayern,0.15,0.15,0.1,0.15,0.1
3431,3431,Gössitz,TH,Thüringen,0.15,0.15,0.1,0.15,0.1
3432,3432,Göttin,SH,Schleswig-holstein,0.15,0.15,0.1,0.15,0.1
3433,3433,Göttingen,NI,Niedersachsen,0.15,0.15,0.1,0.15,0.1
3434,3434,Gößnitz,TH,Thüringen,0.15,0.15,0.1,0.15,0.1
3435,3435,Gößweinstein,BY,Bayern,0.15,0.15,0.1,0.15,0.1
3436,3436,Güby,SH,Schleswig-holstein,0.15,0.15,0.1,0.15,0.1
3437,3437,Gückingen,RP,Rheinland-pfalz,0.15,0.15,0.1,0.15,0.1
3438,3438,Güglingen,BW,Baden-württemberg,0.15,0.15,0.1,0.15,0.1
3439,3439,Güllesheim,RP,Rheinland-pfalz,0.15,0.15,0.1,0.15,0.1
3440,3440,Gültz,MV,Mecklenburg-vorpommern,0.15,0.15,0.1,0.15,0.1
3441,3441,Gülzow,SH,Schleswig-holstein,0.15,0.15,0.1,0.15,0.1
3442,3442,Gülzow,MV,Mecklenburg-vorpommern,0.15,0.15,0.1,0.15,0.1
3443,3443,Günstedt,TH,Thüringen,0.15,0.15,0.1,0.15,0.1
3444,3444,Güntersberge,ST,Sachsen-anhalt,0.15,0.15,0.1,0.15,0.1
3445,3445,Güntersleben,BY,Bayern,0.15,0.15,0.1,0.15,0.1
3446,3446,Günthersdorf,ST,Sachsen-anhalt,0.15,0.15,0.1,0.15,0.1
3447,3447,Günzach,BY,Bayern,0.15,0.15,0.1,0.15,0.1
3448,3448,Günzburg,BY,Bayern,0.15,0.15,0.1,0.15,0.1
3449,3449,Güsten,ST,Sachsen-anhalt,0.15,0.15,0.1,0.15,0.1
3450,3450,Güster,SH,Schleswig-holstein,0.15,0.15,0.1,0.15,0.1
3451,3451,Güstrow,MV,Mecklenburg-vorpommern,0.15,0.15,0.1,0.15,0.1
3452,3452,Gütenbach,BW,Baden-württemberg,0.15,0.15,0.1,0.15,0.1
3453,3453,Güterglück,ST,Sachsen-anhalt,0.15,0.15,0.1,0.15,0.1
3454,3454,Gütersloh,NW,Nordrhein-westfalen,0.15,0.15,0.1,0.15,0.1
3455,3455,Gützkow,MV,Mecklenburg-vorpommern,0.15,0.15,0.1,0.15,0.1
3456,3456,Haag,BY,Bayern,0.15,0.15,0.1,0.15,0.1
3457,3457,Haag an der Amper,BY,Bayern,0.15,0.15,0.1,0.15,0.1
3458,3458,Haag in Oberbayern,BY,Bayern,0.15,0.15,0.1,0.15,0.1
3459,3459,Haale,SH,Schleswig-holstein,0.15,0.15,0.1,0.15,0.1
3460,3460,Haan,NW,Nordrhein-westfalen,0.15,0.15,0.1,0.15,0.1
3461,3461,Haar,BY,Bayern,0.15,0.15,0.1,0.15,0.1
3462,3462,Haarbach,BY,Bayern,0.15,0.15,0.1,0.15,0.1
3463,3463,Habach,BY,Bayern,0.15,0.15,0.1,0.15,0.1
3464,3464,Habighorst,NI,Niedersachsen,0.15,0.15,0.1,0.15,0.1
3465,3465,Habscheid,RP,Rheinland-pfalz,0.15,0.15,0.1,0.15,0.1
3466,3466,Haby,SH,Schleswig-holstein,0.15,0.15,0.1,0.15,0.1
3467,3467,Hachelbich,TH,Thüringen,0.15,0.15,0.1,0.15,0.1
3468,3468,Hachenburg,RP,Rheinland-pfalz,0.15,0.15,0.1,0.15,0.1
3469,3469,Hackenheim,RP,Rheinland-pfalz,0.15,0.15,0.1,0.15,0.1
3470,3470,Hadamar,HE,Hessen,0.15,0.15,0.1,0.15,0.1
3471,3471,Hademstorf,NI,Niedersachsen,0.15,0.15,0.1,0.15,0.1
3472,3472,Hadenfeld,SH,Schleswig-holstein,0.15,0.15,0.1,0.15,0.1
3473,3473,Hadmersleben,ST,Sachsen-anhalt,0.15,0.15,0.1,0.15,0.1
3474,3474,Hafenlohr,BY,Bayern,0.15,0.15,0.1,0.15,0.1
3475,3475,Hage,NI,Niedersachsen,0.15,0.15,0.1,0.15,0.1
3476,3476,Hagelstadt,BY,Bayern,0.15,0.15,0.1,0.15,0.1
3477,3477,Hagen,NI,Niedersachsen,0.15,0.15,0.1,0.15,0.1
3478,3478,Hagen,SH,Schleswig-holstein,0.15,0.15,0.1,0.15,0.1
3479,3479,Hagen,NW,Nordrhein-westfalen,0.15,0.15,0.1,0.15,0.1
3480,3480,Hagen im Bremischen,NI,Niedersachsen,0.15,0.15,0.1,0.15,0.1
3481,3481,Hagenbach,RP,Rheinland-pfalz,0.15,0.15,0.1,0.15,0.1
3482,3482,Hagenburg,NI,Niedersachsen,0.15,0.15,0.1,0.15,0.1
3483,3483,Hagenbüchach,BY,Bayern,0.15,0.15,0.1,0.15,0.1
3484,3484,Hagenow,MV,Mecklenburg-vorpommern,0.15,0.15,0.1,0.15,0.1
3485,3485,Hagermarsch,NI,Niedersachsen,0.15,0.15,0.1,0.15,0.1
3486,3486,Hagnau,BW,Baden-württemberg,0.15,0.15,0.1,0.15,0.1
3487,3487,Hahausen,NI,Niedersachsen,0.15,0.15,0.1,0.15,0.1
3488,3488,Hahn,RP,Rheinland-pfalz,0.15,0.15,0.1,0.15,0.1
3489,3489,Hahn bei Marienberg,RP,Rheinland-pfalz,0.15,0.15,0.1,0.15,0.1
3490,3490,Hahnbach,BY,Bayern,0.15,0.15,0.1,0.15,0.1
3491,3491,Hahnenbach,RP,Rheinland-pfalz,0.15,0.15,0.1,0.15,0.1
3492,3492,Hahnheim,RP,Rheinland-pfalz,0.15,0.15,0.1,0.15,0.1
3493,3493,Hahnstätten,RP,Rheinland-pfalz,0.15,0.15,0.1,0.15,0.1
3494,3494,Hahnweiler,RP,Rheinland-pfalz,0.15,0.15,0.1,0.15,0.1
3495,3495,Haibach,BY,Bayern,0.15,0.15,0.1,0.15,0.1
3496,3496,Haidemühl,BB,Brandenburg,0.15,0.15,0.1,0.15,0.1
3497,3497,Haidmühle,BY,Bayern,0.15,0.15,0.1,0.15,0.1
3498,3498,Haiger,HE,Hessen,0.15,0.15,0.1,0.15,0.1
3499,3499,Haigerloch,BW,Baden-württemberg,0.15,0.15,0.1,0.15,0.1
3500,3500,Haimhausen,BY,Bayern,0.15,0.15,0.1,0.15,0.1
3501,3501,Haiming,BY,Bayern,0.15,0.15,0.1,0.15,0.1
3502,3502,Hain,TH,Thüringen,0.15,0.15,0.1,0.15,0.1
3503,3503,Haina,HE,Hessen,0.15,0.15,0.1,0.15,0.1
3504,3504,Haina,TH,Thüringen,0.15,0.15,0.1,0.15,0.1
3505,3505,Hainau,RP,Rheinland-pfalz,0.15,0.15,0.1,0.15,0.1
3506,3506,Hainewalde,SN,Sachsen,0.15,0.15,0.1,0.15,0.1
3507,3507,Hainfeld,RP,Rheinland-pfalz,0.15,0.15,0.1,0.15,0.1
3508,3508,Hainichen,SN,Sachsen,0.15,0.15,0.1,0.15,0.1
3509,3509,Hainichen,TH,Thüringen,0.15,0.15,0.1,0.15,0.1
3510,3510,Hainsfarth,BY,Bayern,0.15,0.15,0.1,0.15,0.1
3511,3511,Hainspitz,TH,Thüringen,0.15,0.15,0.1,0.15,0.1
3512,3512,Haiterbach,BW,Baden-württemberg,0.15,0.15,0.1,0.15,0.1
3513,3513,Hakeborn,ST,Sachsen-anhalt,0.15,0.15,0.1,0.15,0.1
3514,3514,Hakenstedt,ST,Sachsen-anhalt,0.15,0.15,0.1,0.15,0.1
3515,3515,Halbe,BB,Brandenburg,0.15,0.15,0.1,0.15,0.1
3516,3516,Halbemond,NI,Niedersachsen,0.15,0.15,0.1,0.15,0.1
3517,3517,Halberstadt,ST,Sachsen-anhalt,0.15,0.15,0.1,0.15,0.1
3518,3518,Halblech,BY,Bayern,0.15,0.15,0.1,0.15,0.1
3519,3519,Halbs,RP,Rheinland-pfalz,0.15,0.15,0.1,0.15,0.1
3520,3520,Haldenwang,BY,Bayern,0.15,0.15,0.1,0.15,0.1
3521,3521,Halfing,BY,Bayern,0.15,0.15,0.1,0.15,0.1
3522,3522,Hallbergmoos,BY,Bayern,0.15,0.15,0.1,0.15,0.1
3523,3523,Halle,NW,Nordrhein-westfalen,0.15,0.15,0.1,0.15,0.1
3524,3524,Halle,NI,Niedersachsen,0.15,0.15,0.1,0.15,0.1
3525,3525,Hallenberg,NW,Nordrhein-westfalen,0.15,0.15,0.1,0.15,0.1
3526,3526,Hallerndorf,BY,Bayern,0.15,0.15,0.1,0.15,0.1
3527,3527,Hallgarten,RP,Rheinland-pfalz,0.15,0.15,0.1,0.15,0.1
3528,3528,Hallschlag,RP,Rheinland-pfalz,0.15,0.15,0.1,0.15,0.1
3529,3529,Hallstadt,BY,Bayern,0.15,0.15,0.1,0.15,0.1
3530,3530,Hallungen,TH,Thüringen,0.15,0.15,0.1,0.15,0.1
3531,3531,Halsbach,BY,Bayern,0.15,0.15,0.1,0.15,0.1
3532,3532,Halsbrücke,SN,Sachsen,0.15,0.15,0.1,0.15,0.1
3533,3533,Halsdorf,RP,Rheinland-pfalz,0.15,0.15,0.1,0.15,0.1
3534,3534,Halsenbach,RP,Rheinland-pfalz,0.15,0.15,0.1,0.15,0.1
3535,3535,Halstenbek,SH,Schleswig-holstein,0.15,0.15,0.1,0.15,0.1
3536,3536,Haltern am See,NW,Nordrhein-westfalen,0.15,0.15,0.1,0.15,0.1
3537,3537,Halver,NW,Nordrhein-westfalen,0.15,0.15,0.1,0.15,0.1
3538,3538,Halvesbostel,NI,Niedersachsen,0.15,0.15,0.1,0.15,0.1
3539,3539,Hambach,RP,Rheinland-pfalz,0.15,0.15,0.1,0.15,0.1
3540,3540,Hamberge,SH,Schleswig-holstein,0.15,0.15,0.1,0.15,0.1
3541,3541,Hambergen,NI,Niedersachsen,0.15,0.15,0.1,0.15,0.1
3542,3542,Hambrücken,BW,Baden-württemberg,0.15,0.15,0.1,0.15,0.1
3543,3543,Hambuch,RP,Rheinland-pfalz,0.15,0.15,0.1,0.15,0.1
3544,3544,Hamburg,HH,Hamburg,0.15,0.15,0.1,0.15,0.1
3545,3545,Hamburg-Altstadt,HH,Hamburg,0.15,0.15,0.1,0.15,0.1
3546,3546,Hambühren,NI,Niedersachsen,0.15,0.15,0.1,0.15,0.1
3547,3547,Hamdorf,SH,Schleswig-holstein,0.15,0.15,0.1,0.15,0.1
3548,3548,Hameln,NI,Niedersachsen,0.15,0.15,0.1,0.15,0.1
3549,3549,Hamersen,NI,Niedersachsen,0.15,0.15,0.1,0.15,0.1
3550,3550,Hamersleben,ST,Sachsen-anhalt,0.15,0.15,0.1,0.15,0.1
3551,3551,Hamm,RP,Rheinland-pfalz,0.15,0.15,0.1,0.15,0.1
3552,3552,Hamm,NW,Nordrhein-westfalen,0.15,0.15,0.1,0.15,0.1
3553,3553,Hammah,NI,Niedersachsen,0.15,0.15,0.1,0.15,0.1
3554,3554,Hammelburg,BY,Bayern,0.15,0.15,0.1,0.15,0.1
3555,3555,Hammer,MV,Mecklenburg-vorpommern,0.15,0.15,0.1,0.15,0.1
3556,3556,Hammerbrook,HH,Hamburg,0.15,0.15,0.1,0.15,0.1
3557,3557,Hammerbrücke,SN,Sachsen,0.15,0.15,0.1,0.15,0.1
3558,3558,Hammersbach,HE,Hessen,0.15,0.15,0.1,0.15,0.1
3559,3559,Hammerstedt,TH,Thüringen,0.15,0.15,0.1,0.15,0.1
3560,3560,Hammerstein,RP,Rheinland-pfalz,0.15,0.15,0.1,0.15,0.1
3561,3561,Hamminkeln,NW,Nordrhein-westfalen,0.15,0.15,0.1,0.15,0.1
3562,3562,Hammoor,SH,Schleswig-holstein,0.15,0.15,0.1,0.15,0.1
3563,3563,Hamwarde,SH,Schleswig-holstein,0.15,0.15,0.1,0.15,0.1
3564,3564,Hamweddel,SH,Schleswig-holstein,0.15,0.15,0.1,0.15,0.1
3565,3565,Handeloh,NI,Niedersachsen,0.15,0.15,0.1,0.15,0.1
3566,3566,Handewitt,SH,Schleswig-holstein,0.15,0.15,0.1,0.15,0.1
3567,3567,Handorf,NI,Niedersachsen,0.15,0.15,0.1,0.15,0.1
3568,3568,Handrup,NI,Niedersachsen,0.15,0.15,0.1,0.15,0.1
3569,3569,Hanerau-Hademarschen,SH,Schleswig-holstein,0.15,0.15,0.1,0.15,0.1
3570,3570,Hangen-Weisheim,RP,Rheinland-pfalz,0.15,0.15,0.1,0.15,0.1
3571,3571,Hanhofen,RP,Rheinland-pfalz,0.15,0.15,0.1,0.15,0.1
3572,3572,Hankensbüttel,NI,Niedersachsen,0.15,0.15,0.1,0.15,0.1
3573,3573,Hannover,NI,Niedersachsen,0.15,0.15,0.1,0.15,0.1
3574,3574,Hannoversch Münden,NI,Niedersachsen,0.15,0.15,0.1,0.15,0.1
3575,3575,Hanroth,RP,Rheinland-pfalz,0.15,0.15,0.1,0.15,0.1
3576,3576,Hanshagen,MV,Mecklenburg-vorpommern,0.15,0.15,0.1,0.15,0.1
3577,3577,Hanstedt,NI,Niedersachsen,0.15,0.15,0.1,0.15,0.1
3578,3578,Happurg,BY,Bayern,0.15,0.15,0.1,0.15,0.1
3579,3579,Harbach,RP,Rheinland-pfalz,0.15,0.15,0.1,0.15,0.1
3580,3580,Harbarnsen,NI,Niedersachsen,0.15,0.15,0.1,0.15,0.1
3581,3581,Harbke,ST,Sachsen-anhalt,0.15,0.15,0.1,0.15,0.1
3582,3582,Harburg,HH,Hamburg,0.15,0.15,0.1,0.15,0.1
3583,3583,Harburg,BY,Bayern,0.15,0.15,0.1,0.15,0.1
3584,3584,Hardebek,SH,Schleswig-holstein,0.15,0.15,0.1,0.15,0.1
3585,3585,Hardegsen,NI,Niedersachsen,0.15,0.15,0.1,0.15,0.1
3586,3586,Hardert,RP,Rheinland-pfalz,0.15,0.15,0.1,0.15,0.1
3587,3587,Hardheim,BW,Baden-württemberg,0.15,0.15,0.1,0.15,0.1
3588,3588,Hardisleben,TH,Thüringen,0.15,0.15,0.1,0.15,0.1
3589,3589,Hardt,BW,Baden-württemberg,0.15,0.15,0.1,0.15,0.1
3590,3590,Hardt,RP,Rheinland-pfalz,0.15,0.15,0.1,0.15,0.1
3591,3591,Haren,NI,Niedersachsen,0.15,0.15,0.1,0.15,0.1
3592,3592,Hargarten,RP,Rheinland-pfalz,0.15,0.15,0.1,0.15,0.1
3593,3593,Hargesheim,RP,Rheinland-pfalz,0.15,0.15,0.1,0.15,0.1
3594,3594,Harmsdorf,SH,Schleswig-holstein,0.15,0.15,0.1,0.15,0.1
3595,3595,Harmstorf,NI,Niedersachsen,0.15,0.15,0.1,0.15,0.1
3596,3596,Harpstedt,NI,Niedersachsen,0.15,0.15,0.1,0.15,0.1
3597,3597,Harra,TH,Thüringen,0.15,0.15,0.1,0.15,0.1
3598,3598,Harrislee,SH,Schleswig-holstein,0.15,0.15,0.1,0.15,0.1
3599,3599,Harschbach,RP,Rheinland-pfalz,0.15,0.15,0.1,0.15,0.1
3600,3600,Harscheid,RP,Rheinland-pfalz,0.15,0.15,0.1,0.15,0.1
3601,3601,Harsdorf,BY,Bayern,0.15,0.15,0.1,0.15,0.1
3602,3602,Harsefeld,NI,Niedersachsen,0.15,0.15,0.1,0.15,0.1
3603,3603,Harsewinkel,NW,Nordrhein-westfalen,0.15,0.15,0.1,0.15,0.1
3604,3604,Harsleben,ST,Sachsen-anhalt,0.15,0.15,0.1,0.15,0.1
3605,3605,Harspelt,RP,Rheinland-pfalz,0.15,0.15,0.1,0.15,0.1
3606,3606,Harsum,NI,Niedersachsen,0.15,0.15,0.1,0.15,0.1
3607,3607,Hartenfels,RP,Rheinland-pfalz,0.15,0.15,0.1,0.15,0.1
3608,3608,Hartenholm,SH,Schleswig-holstein,0.15,0.15,0.1,0.15,0.1
3609,3609,Hartenstein,SN,Sachsen,0.15,0.15,0.1,0.15,0.1
3610,3610,Hartenstein,BY,Bayern,0.15,0.15,0.1,0.15,0.1
3611,3611,Hartha,SN,Sachsen,0.15,0.15,0.1,0.15,0.1
3612,3612,Harthausen,RP,Rheinland-pfalz,0.15,0.15,0.1,0.15,0.1
3613,3613,Hartheim,BW,Baden-württemberg,0.15,0.15,0.1,0.15,0.1
3614,3614,Hartmannsdorf,TH,Thüringen,0.15,0.15,0.1,0.15,0.1
3615,3615,Hartmannsdorf,SN,Sachsen,0.15,0.15,0.1,0.15,0.1
3616,3616,Harxheim,RP,Rheinland-pfalz,0.15,0.15,0.1,0.15,0.1
3617,3617,Harzgerode,ST,Sachsen-anhalt,0.15,0.15,0.1,0.15,0.1
3618,3618,Harzungen,TH,Thüringen,0.15,0.15,0.1,0.15,0.1
3619,3619,Hasbergen,NI,Niedersachsen,0.15,0.15,0.1,0.15,0.1
3620,3620,Hasborn,RP,Rheinland-pfalz,0.15,0.15,0.1,0.15,0.1
3621,3621,Haschbach am Remigiusberg,RP,Rheinland-pfalz,0.15,0.15,0.1,0.15,0.1
3622,3622,Hasel,BW,Baden-württemberg,0.15,0.15,0.1,0.15,0.1
3623,3623,Haselau,SH,Schleswig-holstein,0.15,0.15,0.1,0.15,0.1
3624,3624,Haselbach,TH,Thüringen,0.15,0.15,0.1,0.15,0.1
3625,3625,Haselbach,BY,Bayern,0.15,0.15,0.1,0.15,0.1
3626,3626,Haselbachtal,SN,Sachsen,0.15,0.15,0.1,0.15,0.1
3627,3627,Haseldorf,SH,Schleswig-holstein,0.15,0.15,0.1,0.15,0.1
3628,3628,Haselund,SH,Schleswig-holstein,0.15,0.15,0.1,0.15,0.1
3629,3629,Haselünne,NI,Niedersachsen,0.15,0.15,0.1,0.15,0.1
3630,3630,Hasenkrug,SH,Schleswig-holstein,0.15,0.15,0.1,0.15,0.1
3631,3631,Hasenmoor,SH,Schleswig-holstein,0.15,0.15,0.1,0.15,0.1
3632,3632,Haserich,RP,Rheinland-pfalz,0.15,0.15,0.1,0.15,0.1
3633,3633,Haslach,BW,Baden-württemberg,0.15,0.15,0.1,0.15,0.1
3634,3634,Hasloch,BY,Bayern,0.15,0.15,0.1,0.15,0.1
3635,3635,Hasloh,SH,Schleswig-holstein,0.15,0.15,0.1,0.15,0.1
3636,3636,Hassel,NI,Niedersachsen,0.15,0.15,0.1,0.15,0.1
3637,3637,Hassel,ST,Sachsen-anhalt,0.15,0.15,0.1,0.15,0.1
3638,3638,Hasselbach,RP,Rheinland-pfalz,0.15,0.15,0.1,0.15,0.1
3639,3639,Hasselberg,SH,Schleswig-holstein,0.15,0.15,0.1,0.15,0.1
3640,3640,Hasselfelde,ST,Sachsen-anhalt,0.15,0.15,0.1,0.15,0.1
3641,3641,Hassendorf,NI,Niedersachsen,0.15,0.15,0.1,0.15,0.1
3642,3642,Haste,NI,Niedersachsen,0.15,0.15,0.1,0.15,0.1
3643,3643,Hatten,NI,Niedersachsen,0.15,0.15,0.1,0.15,0.1
3644,3644,Hattenhofen,BW,Baden-württemberg,0.15,0.15,0.1,0.15,0.1
3645,3645,Hattenhofen,BY,Bayern,0.15,0.15,0.1,0.15,0.1
3646,3646,Hattersheim,HE,Hessen,0.15,0.15,0.1,0.15,0.1
3647,3647,Hattert,RP,Rheinland-pfalz,0.15,0.15,0.1,0.15,0.1
3648,3648,Hattgenstein,RP,Rheinland-pfalz,0.15,0.15,0.1,0.15,0.1
3649,3649,Hattingen,NW,Nordrhein-westfalen,0.15,0.15,0.1,0.15,0.1
3650,3650,Hattorf,NI,Niedersachsen,0.15,0.15,0.1,0.15,0.1
3651,3651,Hattstedt,SH,Schleswig-holstein,0.15,0.15,0.1,0.15,0.1
3652,3652,Hattstedtermarsch,SH,Schleswig-holstein,0.15,0.15,0.1,0.15,0.1
3653,3653,Hatzenbühl,RP,Rheinland-pfalz,0.15,0.15,0.1,0.15,0.1
3654,3654,Hatzenport,RP,Rheinland-pfalz,0.15,0.15,0.1,0.15,0.1
3655,3655,Hatzfeld,HE,Hessen,0.15,0.15,0.1,0.15,0.1
3656,3656,Hauenstein,RP,Rheinland-pfalz,0.15,0.15,0.1,0.15,0.1
3657,3657,Haundorf,BY,Bayern,0.15,0.15,0.1,0.15,0.1
3658,3658,Haunsheim,BY,Bayern,0.15,0.15,0.1,0.15,0.1
3659,3659,Hauptstuhl,RP,Rheinland-pfalz,0.15,0.15,0.1,0.15,0.1
3660,3660,Hauroth,RP,Rheinland-pfalz,0.15,0.15,0.1,0.15,0.1
3661,3661,Hausach,BW,Baden-württemberg,0.15,0.15,0.1,0.15,0.1
3662,3662,Hausbay,RP,Rheinland-pfalz,0.15,0.15,0.1,0.15,0.1
3663,3663,Hausen,BW,Baden-württemberg,0.15,0.15,0.1,0.15,0.1
3664,3664,Hausen,BY,Bayern,0.15,0.15,0.1,0.15,0.1
3665,3665,Hausen,RP,Rheinland-pfalz,0.15,0.15,0.1,0.15,0.1
3666,3666,Hausen,TH,Thüringen,0.15,0.15,0.1,0.15,0.1
3667,3667,Hausen am Bussen,BW,Baden-württemberg,0.15,0.15,0.1,0.15,0.1
3668,3668,Hausen am Tann,BW,Baden-württemberg,0.15,0.15,0.1,0.15,0.1
3669,3669,Hausen ob Verena,BW,Baden-württemberg,0.15,0.15,0.1,0.15,0.1
3670,3670,Hausham,BY,Bayern,0.15,0.15,0.1,0.15,0.1
3671,3671,Hausneindorf,ST,Sachsen-anhalt,0.15,0.15,0.1,0.15,0.1
3672,3672,Haussömmern,TH,Thüringen,0.15,0.15,0.1,0.15,0.1
3673,3673,Hausten,RP,Rheinland-pfalz,0.15,0.15,0.1,0.15,0.1
3674,3674,Hauswalde,SN,Sachsen,0.15,0.15,0.1,0.15,0.1
3675,3675,Hausweiler,RP,Rheinland-pfalz,0.15,0.15,0.1,0.15,0.1
3676,3676,Hauteroda,TH,Thüringen,0.15,0.15,0.1,0.15,0.1
3677,3677,Hauzenberg,BY,Bayern,0.15,0.15,0.1,0.15,0.1
3678,3678,Havekost,SH,Schleswig-holstein,0.15,0.15,0.1,0.15,0.1
3679,3679,Havelberg,ST,Sachsen-anhalt,0.15,0.15,0.1,0.15,0.1
3680,3680,Haverlah,NI,Niedersachsen,0.15,0.15,0.1,0.15,0.1
3681,3681,Havetoft,SH,Schleswig-holstein,0.15,0.15,0.1,0.15,0.1
3682,3682,Havetoftloit,SH,Schleswig-holstein,0.15,0.15,0.1,0.15,0.1
3683,3683,Havixbeck,NW,Nordrhein-westfalen,0.15,0.15,0.1,0.15,0.1
3684,3684,Hawangen,BY,Bayern,0.15,0.15,0.1,0.15,0.1
3685,3685,Hayingen,BW,Baden-württemberg,0.15,0.15,0.1,0.15,0.1
3686,3686,Hayn,ST,Sachsen-anhalt,0.15,0.15,0.1,0.15,0.1
3687,3687,Haynrode,TH,Thüringen,0.15,0.15,0.1,0.15,0.1
3688,3688,Haynsburg,ST,Sachsen-anhalt,0.15,0.15,0.1,0.15,0.1
3689,3689,Haßbergen,NI,Niedersachsen,0.15,0.15,0.1,0.15,0.1
3690,3690,Haßfurt,BY,Bayern,0.15,0.15,0.1,0.15,0.1
3691,3691,Haßleben,TH,Thüringen,0.15,0.15,0.1,0.15,0.1
3692,3692,Haßloch,RP,Rheinland-pfalz,0.15,0.15,0.1,0.15,0.1
3693,3693,Haßmersheim,BW,Baden-württemberg,0.15,0.15,0.1,0.15,0.1
3694,3694,Haßmoor,SH,Schleswig-holstein,0.15,0.15,0.1,0.15,0.1
3695,3695,Hebertsfelden,BY,Bayern,0.15,0.15,0.1,0.15,0.1
3696,3696,Hebertshausen,BY,Bayern,0.15,0.15,0.1,0.15,0.1
3697,3697,Hechingen,BW,Baden-württemberg,0.15,0.15,0.1,0.15,0.1
3698,3698,Hechthausen,NI,Niedersachsen,0.15,0.15,0.1,0.15,0.1
3699,3699,Hecken,RP,Rheinland-pfalz,0.15,0.15,0.1,0.15,0.1
3700,3700,Heckenbach,RP,Rheinland-pfalz,0.15,0.15,0.1,0.15,0.1
3701,3701,Heckenmünster,RP,Rheinland-pfalz,0.15,0.15,0.1,0.15,0.1
3702,3702,Heckhuscheid,RP,Rheinland-pfalz,0.15,0.15,0.1,0.15,0.1
3703,3703,Hecklingen,ST,Sachsen-anhalt,0.15,0.15,0.1,0.15,0.1
3704,3704,Heddert,RP,Rheinland-pfalz,0.15,0.15,0.1,0.15,0.1
3705,3705,Heddesbach,BW,Baden-württemberg,0.15,0.15,0.1,0.15,0.1
3706,3706,Heddesheim,BW,Baden-württemberg,0.15,0.15,0.1,0.15,0.1
3707,3707,Hedeper,NI,Niedersachsen,0.15,0.15,0.1,0.15,0.1
3708,3708,Hedersleben,ST,Sachsen-anhalt,0.15,0.15,0.1,0.15,0.1
3709,3709,Hedwigenkoog,SH,Schleswig-holstein,0.15,0.15,0.1,0.15,0.1
3710,3710,Heede,NI,Niedersachsen,0.15,0.15,0.1,0.15,0.1
3711,3711,Heede,SH,Schleswig-holstein,0.15,0.15,0.1,0.15,0.1
3712,3712,Heek,NW,Nordrhein-westfalen,0.15,0.15,0.1,0.15,0.1
3713,3713,Heemsen,NI,Niedersachsen,0.15,0.15,0.1,0.15,0.1
3714,3714,Heere,NI,Niedersachsen,0.15,0.15,0.1,0.15,0.1
3715,3715,Heeren,ST,Sachsen-anhalt,0.15,0.15,0.1,0.15,0.1
3716,3716,Heerstedt,NI,Niedersachsen,0.15,0.15,0.1,0.15,0.1
3717,3717,Heeslingen,NI,Niedersachsen,0.15,0.15,0.1,0.15,0.1
3718,3718,Heeßen,NI,Niedersachsen,0.15,0.15,0.1,0.15,0.1
3719,3719,Hefersweiler,RP,Rheinland-pfalz,0.15,0.15,0.1,0.15,0.1
3720,3720,Hehlen,NI,Niedersachsen,0.15,0.15,0.1,0.15,0.1
3721,3721,Heichelheim,TH,Thüringen,0.15,0.15,0.1,0.15,0.1
3722,3722,Heide,SH,Schleswig-holstein,0.15,0.15,0.1,0.15,0.1
3723,3723,Heideck,BY,Bayern,0.15,0.15,0.1,0.15,0.1
3724,3724,Heidekamp,SH,Schleswig-holstein,0.15,0.15,0.1,0.15,0.1
3725,3725,Heidelberg,BW,Baden-württemberg,0.15,0.15,0.1,0.15,0.1
3726,3726,Heiden,NW,Nordrhein-westfalen,0.15,0.15,0.1,0.15,0.1
3727,3727,Heidenau,NI,Niedersachsen,0.15,0.15,0.1,0.15,0.1
3728,3728,Heidenau,SN,Sachsen,0.15,0.15,0.1,0.15,0.1
3729,3729,Heidenburg,RP,Rheinland-pfalz,0.15,0.15,0.1,0.15,0.1
3730,3730,Heidenheim,BY,Bayern,0.15,0.15,0.1,0.15,0.1
3731,3731,Heidenheim an der Brenz,BW,Baden-württemberg,0.15,0.15,0.1,0.15,0.1
3732,3732,Heidersdorf,SN,Sachsen,0.15,0.15,0.1,0.15,0.1
3733,3733,Heidesheim,RP,Rheinland-pfalz,0.15,0.15,0.1,0.15,0.1
3734,3734,Heidgraben,SH,Schleswig-holstein,0.15,0.15,0.1,0.15,0.1
3735,3735,Heidmoor,SH,Schleswig-holstein,0.15,0.15,0.1,0.15,0.1
3736,3736,Heidmühlen,SH,Schleswig-holstein,0.15,0.15,0.1,0.15,0.1
3737,3737,Heidweiler,RP,Rheinland-pfalz,0.15,0.15,0.1,0.15,0.1
3738,3738,Heigenbrücken,BY,Bayern,0.15,0.15,0.1,0.15,0.1
3739,3739,Heikendorf,SH,Schleswig-holstein,0.15,0.15,0.1,0.15,0.1
3740,3740,Heilbach,RP,Rheinland-pfalz,0.15,0.15,0.1,0.15,0.1
3741,3741,Heilbad Heiligenstadt,TH,Thüringen,0.15,0.15,0.1,0.15,0.1
3742,3742,Heilberscheid,RP,Rheinland-pfalz,0.15,0.15,0.1,0.15,0.1
3743,3743,Heilbronn,BW,Baden-württemberg,0.15,0.15,0.1,0.15,0.1
3744,3744,Heilenbach,RP,Rheinland-pfalz,0.15,0.15,0.1,0.15,0.1
3745,3745,Heiligenberg,BW,Baden-württemberg,0.15,0.15,0.1,0.15,0.1
3746,3746,Heiligengrabe,BB,Brandenburg,0.15,0.15,0.1,0.15,0.1
3747,3747,Heiligenhafen,SH,Schleswig-holstein,0.15,0.15,0.1,0.15,0.1
3748,3748,Heiligenhagen,MV,Mecklenburg-vorpommern,0.15,0.15,0.1,0.15,0.1
3749,3749,Heiligenhaus,NW,Nordrhein-westfalen,0.15,0.15,0.1,0.15,0.1
3750,3750,Heiligenmoschel,RP,Rheinland-pfalz,0.15,0.15,0.1,0.15,0.1
3751,3751,Heiligenroth,RP,Rheinland-pfalz,0.15,0.15,0.1,0.15,0.1
3752,3752,Heiligenstadt,BY,Bayern,0.15,0.15,0.1,0.15,0.1
3753,3753,Heiligenstedten,SH,Schleswig-holstein,0.15,0.15,0.1,0.15,0.1
3754,3754,Heiligenstedtenerkamp,SH,Schleswig-holstein,0.15,0.15,0.1,0.15,0.1
3755,3755,Heiligenthal,ST,Sachsen-anhalt,0.15,0.15,0.1,0.15,0.1
3756,3756,Heiligkreuzsteinach,BW,Baden-württemberg,0.15,0.15,0.1,0.15,0.1
3757,3757,Heilsbronn,BY,Bayern,0.15,0.15,0.1,0.15,0.1
3758,3758,Heilshoop,SH,Schleswig-holstein,0.15,0.15,0.1,0.15,0.1
3759,3759,Heimbach,RP,Rheinland-pfalz,0.15,0.15,0.1,0.15,0.1
3760,3760,Heimbach,NW,Nordrhein-westfalen,0.15,0.15,0.1,0.15,0.1
3761,3761,Heimbuchenthal,BY,Bayern,0.15,0.15,0.1,0.15,0.1
3762,3762,Heimburg,ST,Sachsen-anhalt,0.15,0.15,0.1,0.15,0.1
3763,3763,Heimenkirch,BY,Bayern,0.15,0.15,0.1,0.15,0.1
3764,3764,Heimertingen,BY,Bayern,0.15,0.15,0.1,0.15,0.1
3765,3765,Heimsheim,BW,Baden-württemberg,0.15,0.15,0.1,0.15,0.1
3766,3766,Heinade,NI,Niedersachsen,0.15,0.15,0.1,0.15,0.1
3767,3767,Heinbockel,NI,Niedersachsen,0.15,0.15,0.1,0.15,0.1
3768,3768,Heinersbrück,BB,Brandenburg,0.15,0.15,0.1,0.15,0.1
3769,3769,Heinersdorf,BE,Berlin,0.15,0.15,0.1,0.15,0.1
3770,3770,Heinersreuth,BY,Bayern,0.15,0.15,0.1,0.15,0.1
3771,3771,Heiningen,NI,Niedersachsen,0.15,0.15,0.1,0.15,0.1
3772,3772,Heiningen,BW,Baden-württemberg,0.15,0.15,0.1,0.15,0.1
3773,3773,Heinkenborstel,SH,Schleswig-holstein,0.15,0.15,0.1,0.15,0.1
3774,3774,Heinrichsthal,BY,Bayern,0.15,0.15,0.1,0.15,0.1
3775,3775,Heinrichswalde,MV,Mecklenburg-vorpommern,0.15,0.15,0.1,0.15,0.1
3776,3776,Heinsberg,NW,Nordrhein-westfalen,0.15,0.15,0.1,0.15,0.1
3777,3777,Heinsen,NI,Niedersachsen,0.15,0.15,0.1,0.15,0.1
3778,3778,Heinzenbach,RP,Rheinland-pfalz,0.15,0.15,0.1,0.15,0.1
3779,3779,Heinzenberg,RP,Rheinland-pfalz,0.15,0.15,0.1,0.15,0.1
3780,3780,Heinzenhausen,RP,Rheinland-pfalz,0.15,0.15,0.1,0.15,0.1
3781,3781,Heisdorf,RP,Rheinland-pfalz,0.15,0.15,0.1,0.15,0.1
3782,3782,Heist,SH,Schleswig-holstein,0.15,0.15,0.1,0.15,0.1
3783,3783,Heistenbach,RP,Rheinland-pfalz,0.15,0.15,0.1,0.15,0.1
3784,3784,Heitersheim,BW,Baden-württemberg,0.15,0.15,0.1,0.15,0.1
3785,3785,Helbra,ST,Sachsen-anhalt,0.15,0.15,0.1,0.15,0.1
3786,3786,Heldrungen,TH,Thüringen,0.15,0.15,0.1,0.15,0.1
3787,3787,Helferskirchen,RP,Rheinland-pfalz,0.15,0.15,0.1,0.15,0.1
3788,3788,Helgoland,SH,Schleswig-holstein,0.15,0.15,0.1,0.15,0.1
3789,3789,Hellenhahn-Schellenberg,RP,Rheinland-pfalz,0.15,0.15,0.1,0.15,0.1
3790,3790,Hellenthal,NW,Nordrhein-westfalen,0.15,0.15,0.1,0.15,0.1
3791,3791,Hellertshausen,RP,Rheinland-pfalz,0.15,0.15,0.1,0.15,0.1
3792,3792,Hellingen,TH,Thüringen,0.15,0.15,0.1,0.15,0.1
3793,3793,Hellschen-Heringsand-Unterschaar,SH,Schleswig-holstein,0.15,0.15,0.1,0.15,0.1
3794,3794,Hellwege,NI,Niedersachsen,0.15,0.15,0.1,0.15,0.1
3795,3795,Helmbrechts,BY,Bayern,0.15,0.15,0.1,0.15,0.1
3796,3796,Helmenzen,RP,Rheinland-pfalz,0.15,0.15,0.1,0.15,0.1
3797,3797,Helmeroth,RP,Rheinland-pfalz,0.15,0.15,0.1,0.15,0.1
3798,3798,Helmsdorf,TH,Thüringen,0.15,0.15,0.1,0.15,0.1
3799,3799,Helmstadt,BY,Bayern,0.15,0.15,0.1,0.15,0.1
3800,3800,Helmstadt-Bargen,BW,Baden-württemberg,0.15,0.15,0.1,0.15,0.1
3801,3801,Helmstedt,NI,Niedersachsen,0.15,0.15,0.1,0.15,0.1
3802,3802,Helmstorf,SH,Schleswig-holstein,0.15,0.15,0.1,0.15,0.1
3803,3803,Helpsen,NI,Niedersachsen,0.15,0.15,0.1,0.15,0.1
3804,3804,Helsa,HE,Hessen,0.15,0.15,0.1,0.15,0.1
3805,3805,Helse,SH,Schleswig-holstein,0.15,0.15,0.1,0.15,0.1
3806,3806,Heltersberg,RP,Rheinland-pfalz,0.15,0.15,0.1,0.15,0.1
3807,3807,Helvesiek,NI,Niedersachsen,0.15,0.15,0.1,0.15,0.1
3808,3808,Hemau,BY,Bayern,0.15,0.15,0.1,0.15,0.1
3809,3809,Hemdingen,SH,Schleswig-holstein,0.15,0.15,0.1,0.15,0.1
3810,3810,Hemer,NW,Nordrhein-westfalen,0.15,0.15,0.1,0.15,0.1
3811,3811,Hemhofen,BY,Bayern,0.15,0.15,0.1,0.15,0.1
3812,3812,Hemleben,TH,Thüringen,0.15,0.15,0.1,0.15,0.1
3813,3813,Hemme,SH,Schleswig-holstein,0.15,0.15,0.1,0.15,0.1
3814,3814,Hemmelzen,RP,Rheinland-pfalz,0.15,0.15,0.1,0.15,0.1
3815,3815,Hemmersheim,BY,Bayern,0.15,0.15,0.1,0.15,0.1
3816,3816,Hemmingen,BW,Baden-württemberg,0.15,0.15,0.1,0.15,0.1
3817,3817,Hemmingen,NI,Niedersachsen,0.15,0.15,0.1,0.15,0.1
3818,3818,Hemmingstedt,SH,Schleswig-holstein,0.15,0.15,0.1,0.15,0.1
3819,3819,Hemmoor,NI,Niedersachsen,0.15,0.15,0.1,0.15,0.1
3820,3820,Hemsbach,BW,Baden-württemberg,0.15,0.15,0.1,0.15,0.1
3821,3821,Hemsbünde,NI,Niedersachsen,0.15,0.15,0.1,0.15,0.1
3822,3822,Hemslingen,NI,Niedersachsen,0.15,0.15,0.1,0.15,0.1
3823,3823,Hemsloh,NI,Niedersachsen,0.15,0.15,0.1,0.15,0.1
3824,3824,Henau,RP,Rheinland-pfalz,0.15,0.15,0.1,0.15,0.1
3825,3825,Hendungen,BY,Bayern,0.15,0.15,0.1,0.15,0.1
3826,3826,Henfenfeld,BY,Bayern,0.15,0.15,0.1,0.15,0.1
3827,3827,Henfstädt,TH,Thüringen,0.15,0.15,0.1,0.15,0.1
3828,3828,Hengersberg,BY,Bayern,0.15,0.15,0.1,0.15,0.1
3829,3829,Henneberg,TH,Thüringen,0.15,0.15,0.1,0.15,0.1
3830,3830,Hennef,NW,Nordrhein-westfalen,0.15,0.15,0.1,0.15,0.1
3831,3831,Hennigsdorf,BB,Brandenburg,0.15,0.15,0.1,0.15,0.1
3832,3832,Henningen,ST,Sachsen-anhalt,0.15,0.15,0.1,0.15,0.1
3833,3833,Hennstedt,SH,Schleswig-holstein,0.15,0.15,0.1,0.15,0.1
3834,3834,Hennweiler,RP,Rheinland-pfalz,0.15,0.15,0.1,0.15,0.1
3835,3835,Henschleben,TH,Thüringen,0.15,0.15,0.1,0.15,0.1
3836,3836,Hentern,RP,Rheinland-pfalz,0.15,0.15,0.1,0.15,0.1
3837,3837,Hepberg,BY,Bayern,0.15,0.15,0.1,0.15,0.1
3838,3838,Hepstedt,NI,Niedersachsen,0.15,0.15,0.1,0.15,0.1
3839,3839,Herbertingen,BW,Baden-württemberg,0.15,0.15,0.1,0.15,0.1
3840,3840,Herbolzheim,BW,Baden-württemberg,0.15,0.15,0.1,0.15,0.1
3841,3841,Herborn,RP,Rheinland-pfalz,0.15,0.15,0.1,0.15,0.1
3842,3842,Herborn,HE,Hessen,0.15,0.15,0.1,0.15,0.1
3843,3843,Herbrechtingen,BW,Baden-württemberg,0.15,0.15,0.1,0.15,0.1
3844,3844,Herbsleben,TH,Thüringen,0.15,0.15,0.1,0.15,0.1
3845,3845,Herbstadt,BY,Bayern,0.15,0.15,0.1,0.15,0.1
3846,3846,Herbstein,HE,Hessen,0.15,0.15,0.1,0.15,0.1
3847,3847,Herbstmühle,RP,Rheinland-pfalz,0.15,0.15,0.1,0.15,0.1
3848,3848,Herchweiler,RP,Rheinland-pfalz,0.15,0.15,0.1,0.15,0.1
3849,3849,Herdecke,NW,Nordrhein-westfalen,0.15,0.15,0.1,0.15,0.1
3850,3850,Herdorf,RP,Rheinland-pfalz,0.15,0.15,0.1,0.15,0.1
3851,3851,Herdwangen-Schönach,BW,Baden-württemberg,0.15,0.15,0.1,0.15,0.1
3852,3852,Heretsried,BY,Bayern,0.15,0.15,0.1,0.15,0.1
3853,3853,Herford,NW,Nordrhein-westfalen,0.15,0.15,0.1,0.15,0.1
3854,3854,Herforst,RP,Rheinland-pfalz,0.15,0.15,0.1,0.15,0.1
3855,3855,Hergatz,BY,Bayern,0.15,0.15,0.1,0.15,0.1
3856,3856,Hergenfeld,RP,Rheinland-pfalz,0.15,0.15,0.1,0.15,0.1
3857,3857,Hergenroth,RP,Rheinland-pfalz,0.15,0.15,0.1,0.15,0.1
3858,3858,Hergensweiler,BY,Bayern,0.15,0.15,0.1,0.15,0.1
3859,3859,Hergersweiler,RP,Rheinland-pfalz,0.15,0.15,0.1,0.15,0.1
3860,3860,Hergisdorf,ST,Sachsen-anhalt,0.15,0.15,0.1,0.15,0.1
3861,3861,Heringen,HE,Hessen,0.15,0.15,0.1,0.15,0.1
3862,3862,Heringen,TH,Thüringen,0.15,0.15,0.1,0.15,0.1
3863,3863,Heringsdorf,SH,Schleswig-holstein,0.15,0.15,0.1,0.15,0.1
3864,3864,Heringsdorf,MV,Mecklenburg-vorpommern,0.15,0.15,0.1,0.15,0.1
3865,3865,Herl,RP,Rheinland-pfalz,0.15,0.15,0.1,0.15,0.1
3866,3866,Herleshausen,HE,Hessen,0.15,0.15,0.1,0.15,0.1
3867,3867,Hermannsburg,NI,Niedersachsen,0.15,0.15,0.1,0.15,0.1
3868,3868,Hermaringen,BW,Baden-württemberg,0.15,0.15,0.1,0.15,0.1
3869,3869,Hermersberg,RP,Rheinland-pfalz,0.15,0.15,0.1,0.15,0.1
3870,3870,Hermeskeil,RP,Rheinland-pfalz,0.15,0.15,0.1,0.15,0.1
3871,3871,Hermsdorf,ST,Sachsen-anhalt,0.15,0.15,0.1,0.15,0.1
3872,3872,Hermsdorf,BE,Berlin,0.15,0.15,0.1,0.15,0.1
3873,3873,Hermsdorf,BB,Brandenburg,0.15,0.15,0.1,0.15,0.1
3874,3874,Hermsdorf,TH,Thüringen,0.15,0.15,0.1,0.15,0.1
3875,3875,Hermsdorf,SN,Sachsen,0.15,0.15,0.1,0.15,0.1
3876,3876,Herne,NW,Nordrhein-westfalen,0.15,0.15,0.1,0.15,0.1
3877,3877,Herold,RP,Rheinland-pfalz,0.15,0.15,0.1,0.15,0.1
3878,3878,Heroldishausen,TH,Thüringen,0.15,0.15,0.1,0.15,0.1
3879,3879,Heroldsbach,BY,Bayern,0.15,0.15,0.1,0.15,0.1
3880,3880,Heroldsberg,BY,Bayern,0.15,0.15,0.1,0.15,0.1
3881,3881,Herpf,TH,Thüringen,0.15,0.15,0.1,0.15,0.1
3882,3882,Herren-Sulzbach,RP,Rheinland-pfalz,0.15,0.15,0.1,0.15,0.1
3883,3883,Herrenberg,BW,Baden-württemberg,0.15,0.15,0.1,0.15,0.1
3884,3884,Herrengosserstedt,ST,Sachsen-anhalt,0.15,0.15,0.1,0.15,0.1
3885,3885,Herrenhof,TH,Thüringen,0.15,0.15,0.1,0.15,0.1
3886,3886,Herresbach,RP,Rheinland-pfalz,0.15,0.15,0.1,0.15,0.1
3887,3887,Herrieden,BY,Bayern,0.15,0.15,0.1,0.15,0.1
3888,3888,Herrischried,BW,Baden-württemberg,0.15,0.15,0.1,0.15,0.1
3889,3889,Herrmannsacker,TH,Thüringen,0.15,0.15,0.1,0.15,0.1
3890,3890,Herrngiersdorf,BY,Bayern,0.15,0.15,0.1,0.15,0.1
3891,3891,Herrnhut,SN,Sachsen,0.15,0.15,0.1,0.15,0.1
3892,3892,Herrnschwende,TH,Thüringen,0.15,0.15,0.1,0.15,0.1
3893,3893,Herrsching am Ammersee,BY,Bayern,0.15,0.15,0.1,0.15,0.1
3894,3894,Herrstein,RP,Rheinland-pfalz,0.15,0.15,0.1,0.15,0.1
3895,3895,Hersbruck,BY,Bayern,0.15,0.15,0.1,0.15,0.1
3896,3896,Herschbach,RP,Rheinland-pfalz,0.15,0.15,0.1,0.15,0.1
3897,3897,Herschberg,RP,Rheinland-pfalz,0.15,0.15,0.1,0.15,0.1
3898,3898,Herschbroich,RP,Rheinland-pfalz,0.15,0.15,0.1,0.15,0.1
3899,3899,Herschdorf,TH,Thüringen,0.15,0.15,0.1,0.15,0.1
3900,3900,Herscheid,NW,Nordrhein-westfalen,0.15,0.15,0.1,0.15,0.1
3901,3901,Herschweiler-Pettersheim,RP,Rheinland-pfalz,0.15,0.15,0.1,0.15,0.1
3902,3902,Herten,NW,Nordrhein-westfalen,0.15,0.15,0.1,0.15,0.1
3903,3903,Herxheim,RP,Rheinland-pfalz,0.15,0.15,0.1,0.15,0.1
3904,3904,Herxheim am Berg,RP,Rheinland-pfalz,0.15,0.15,0.1,0.15,0.1
3905,3905,Herxheimweyher,RP,Rheinland-pfalz,0.15,0.15,0.1,0.15,0.1
3906,3906,Herzberg,BB,Brandenburg,0.15,0.15,0.1,0.15,0.1
3907,3907,Herzberg am Harz,NI,Niedersachsen,0.15,0.15,0.1,0.15,0.1
3908,3908,Herzfeld,RP,Rheinland-pfalz,0.15,0.15,0.1,0.15,0.1
3909,3909,Herzhorn,SH,Schleswig-holstein,0.15,0.15,0.1,0.15,0.1
3910,3910,Herzlake,NI,Niedersachsen,0.15,0.15,0.1,0.15,0.1
3911,3911,Herzogenaurach,BY,Bayern,0.15,0.15,0.1,0.15,0.1
3912,3912,Herzogenrath,NW,Nordrhein-westfalen,0.15,0.15,0.1,0.15,0.1
3913,3913,Hesel,NI,Niedersachsen,0.15,0.15,0.1,0.15,0.1
3914,3914,Hespe,NI,Niedersachsen,0.15,0.15,0.1,0.15,0.1
3915,3915,Hesseneck,HE,Hessen,0.15,0.15,0.1,0.15,0.1
3916,3916,Hessigheim,BW,Baden-württemberg,0.15,0.15,0.1,0.15,0.1
3917,3917,Hessisch Lichtenau,HE,Hessen,0.15,0.15,0.1,0.15,0.1
3918,3918,Hessisch Oldendorf,NI,Niedersachsen,0.15,0.15,0.1,0.15,0.1
3919,3919,Hesweiler,RP,Rheinland-pfalz,0.15,0.15,0.1,0.15,0.1
3920,3920,Hetlingen,SH,Schleswig-holstein,0.15,0.15,0.1,0.15,0.1
3921,3921,Hetschburg,TH,Thüringen,0.15,0.15,0.1,0.15,0.1
3922,3922,Hettenhausen,RP,Rheinland-pfalz,0.15,0.15,0.1,0.15,0.1
3923,3923,Hettenleidelheim,RP,Rheinland-pfalz,0.15,0.15,0.1,0.15,0.1
3924,3924,Hettenrodt,RP,Rheinland-pfalz,0.15,0.15,0.1,0.15,0.1
3925,3925,Hettenshausen,BY,Bayern,0.15,0.15,0.1,0.15,0.1
3926,3926,Hettingen,BW,Baden-württemberg,0.15,0.15,0.1,0.15,0.1
3927,3927,Hettstadt,BY,Bayern,0.15,0.15,0.1,0.15,0.1
3928,3928,Hettstedt,ST,Sachsen-anhalt,0.15,0.15,0.1,0.15,0.1
3929,3929,Hetzerath,RP,Rheinland-pfalz,0.15,0.15,0.1,0.15,0.1
3930,3930,Hetzles,BY,Bayern,0.15,0.15,0.1,0.15,0.1
3931,3931,Heubach,BW,Baden-württemberg,0.15,0.15,0.1,0.15,0.1
3932,3932,Heuchelheim,HE,Hessen,0.15,0.15,0.1,0.15,0.1
3933,3933,Heuchelheim bei Frankenthal,RP,Rheinland-pfalz,0.15,0.15,0.1,0.15,0.1
3934,3934,Heuchelheim-Klingen,RP,Rheinland-pfalz,0.15,0.15,0.1,0.15,0.1
3935,3935,Heuchlingen,BW,Baden-württemberg,0.15,0.15,0.1,0.15,0.1
3936,3936,Heudeber,ST,Sachsen-anhalt,0.15,0.15,0.1,0.15,0.1
3937,3937,Heuerßen,NI,Niedersachsen,0.15,0.15,0.1,0.15,0.1
3938,3938,Heukewalde,TH,Thüringen,0.15,0.15,0.1,0.15,0.1
3939,3939,Heupelzen,RP,Rheinland-pfalz,0.15,0.15,0.1,0.15,0.1
3940,3940,Heusenstamm,HE,Hessen,0.15,0.15,0.1,0.15,0.1
3941,3941,Heustreu,BY,Bayern,0.15,0.15,0.1,0.15,0.1
3942,3942,Heusweiler,SL,Saarland,0.15,0.15,0.1,0.15,0.1
3943,3943,Heuthen,TH,Thüringen,0.15,0.15,0.1,0.15,0.1
3944,3944,Heuweiler,BW,Baden-württemberg,0.15,0.15,0.1,0.15,0.1
3945,3945,Heuzert,RP,Rheinland-pfalz,0.15,0.15,0.1,0.15,0.1
3946,3946,Heyen,NI,Niedersachsen,0.15,0.15,0.1,0.15,0.1
3947,3947,Heyerode,TH,Thüringen,0.15,0.15,0.1,0.15,0.1
3948,3948,Heygendorf,TH,Thüringen,0.15,0.15,0.1,0.15,0.1
3949,3949,Heßdorf,BY,Bayern,0.15,0.15,0.1,0.15,0.1
3950,3950,Heßheim,RP,Rheinland-pfalz,0.15,0.15,0.1,0.15,0.1
3951,3951,Hiddenhausen,NW,Nordrhein-westfalen,0.15,0.15,0.1,0.15,0.1
3952,3952,Hiddensee,MV,Mecklenburg-vorpommern,0.15,0.15,0.1,0.15,0.1
3953,3953,Hilbersdorf,TH,Thüringen,0.15,0.15,0.1,0.15,0.1
3954,3954,Hilbersdorf,SN,Sachsen,0.15,0.15,0.1,0.15,0.1
3955,3955,Hilchenbach,NW,Nordrhein-westfalen,0.15,0.15,0.1,0.15,0.1
3956,3956,Hildburghausen,TH,Thüringen,0.15,0.15,0.1,0.15,0.1
3957,3957,Hilden,NW,Nordrhein-westfalen,0.15,0.15,0.1,0.15,0.1
3958,3958,Hilders,HE,Hessen,0.15,0.15,0.1,0.15,0.1
3959,3959,Hildesheim,NI,Niedersachsen,0.15,0.15,0.1,0.15,0.1
3960,3960,Hildrizhausen,BW,Baden-württemberg,0.15,0.15,0.1,0.15,0.1
3961,3961,Hilgenroth,RP,Rheinland-pfalz,0.15,0.15,0.1,0.15,0.1
3962,3962,Hilgermissen,NI,Niedersachsen,0.15,0.15,0.1,0.15,0.1
3963,3963,Hilgert,RP,Rheinland-pfalz,0.15,0.15,0.1,0.15,0.1
3964,3964,Hilgertshausen-Tandern,BY,Bayern,0.15,0.15,0.1,0.15,0.1
3965,3965,Hilkenbrook,NI,Niedersachsen,0.15,0.15,0.1,0.15,0.1
3966,3966,Hille,NW,Nordrhein-westfalen,0.15,0.15,0.1,0.15,0.1
3967,3967,Hillerse,NI,Niedersachsen,0.15,0.15,0.1,0.15,0.1
3968,3968,Hillersleben,ST,Sachsen-anhalt,0.15,0.15,0.1,0.15,0.1
3969,3969,Hillesheim,RP,Rheinland-pfalz,0.15,0.15,0.1,0.15,0.1
3970,3970,Hillgroven,SH,Schleswig-holstein,0.15,0.15,0.1,0.15,0.1
3971,3971,Hillscheid,RP,Rheinland-pfalz,0.15,0.15,0.1,0.15,0.1
3972,3972,Hilpoltstein,BY,Bayern,0.15,0.15,0.1,0.15,0.1
3973,3973,Hilscheid,RP,Rheinland-pfalz,0.15,0.15,0.1,0.15,0.1
3974,3974,Hilst,RP,Rheinland-pfalz,0.15,0.15,0.1,0.15,0.1
3975,3975,Hiltenfingen,BY,Bayern,0.15,0.15,0.1,0.15,0.1
3976,3976,Hilter,NI,Niedersachsen,0.15,0.15,0.1,0.15,0.1
3977,3977,Hiltpoltstein,BY,Bayern,0.15,0.15,0.1,0.15,0.1
3978,3978,Hilzingen,BW,Baden-württemberg,0.15,0.15,0.1,0.15,0.1
3979,3979,Himbergen,NI,Niedersachsen,0.15,0.15,0.1,0.15,0.1
3980,3980,Himmelkron,BY,Bayern,0.15,0.15,0.1,0.15,0.1
3981,3981,Himmelpforten,NI,Niedersachsen,0.15,0.15,0.1,0.15,0.1
3982,3982,Himmelstadt,BY,Bayern,0.15,0.15,0.1,0.15,0.1
3983,3983,Himmighofen,RP,Rheinland-pfalz,0.15,0.15,0.1,0.15,0.1
3984,3984,Hingstheide,SH,Schleswig-holstein,0.15,0.15,0.1,0.15,0.1
3985,3985,Hinsdorf,ST,Sachsen-anhalt,0.15,0.15,0.1,0.15,0.1
3986,3986,Hinte,NI,Niedersachsen,0.15,0.15,0.1,0.15,0.1
3987,3987,Hinterschmiding,BY,Bayern,0.15,0.15,0.1,0.15,0.1
3988,3988,Hintertiefenbach,RP,Rheinland-pfalz,0.15,0.15,0.1,0.15,0.1
3989,3989,Hinterweidenthal,RP,Rheinland-pfalz,0.15,0.15,0.1,0.15,0.1
3990,3990,Hinterweiler,RP,Rheinland-pfalz,0.15,0.15,0.1,0.15,0.1
3991,3991,Hinterzarten,BW,Baden-württemberg,0.15,0.15,0.1,0.15,0.1
3992,3992,Hinzenburg,RP,Rheinland-pfalz,0.15,0.15,0.1,0.15,0.1
3993,3993,Hinzert-Pölert,RP,Rheinland-pfalz,0.15,0.15,0.1,0.15,0.1
3994,3994,Hinzweiler,RP,Rheinland-pfalz,0.15,0.15,0.1,0.15,0.1
3995,3995,Hipstedt,NI,Niedersachsen,0.15,0.15,0.1,0.15,0.1
3996,3996,Hirrlingen,BW,Baden-württemberg,0.15,0.15,0.1,0.15,0.1
3997,3997,Hirschaid,BY,Bayern,0.15,0.15,0.1,0.15,0.1
3998,3998,Hirschau,BY,Bayern,0.15,0.15,0.1,0.15,0.1
3999,3999,Hirschbach,BY,Bayern,0.15,0.15,0.1,0.15,0.1
4000,4000,Hirschberg,RP,Rheinland-pfalz,0.15,0.15,0.1,0.15,0.1
4001,4001,Hirschberg an der Bergstraße,BW,Baden-württemberg,0.15,0.15,0.1,0.15,0.1
4002,4002,Hirschfeld,BB,Brandenburg,0.15,0.15,0.1,0.15,0.1
4003,4003,Hirschfeld,TH,Thüringen,0.15,0.15,0.1,0.15,0.1
4004,4004,Hirschfeld,SN,Sachsen,0.15,0.15,0.1,0.15,0.1
4005,4005,Hirschfelde,SN,Sachsen,0.15,0.15,0.1,0.15,0.1
4006,4006,Hirschhorn,HE,Hessen,0.15,0.15,0.1,0.15,0.1
4007,4007,Hirschhorn,RP,Rheinland-pfalz,0.15,0.15,0.1,0.15,0.1
4008,4008,Hirschthal,RP,Rheinland-pfalz,0.15,0.15,0.1,0.15,0.1
4009,4009,Hirten,RP,Rheinland-pfalz,0.15,0.15,0.1,0.15,0.1
4010,4010,Hirz-Maulsbach,RP,Rheinland-pfalz,0.15,0.15,0.1,0.15,0.1
4011,4011,Hirzenhain,HE,Hessen,0.15,0.15,0.1,0.15,0.1
4012,4012,Hisel,RP,Rheinland-pfalz,0.15,0.15,0.1,0.15,0.1
4013,4013,Hittbergen,NI,Niedersachsen,0.15,0.15,0.1,0.15,0.1
4014,4014,Hitzacker,NI,Niedersachsen,0.15,0.15,0.1,0.15,0.1
4015,4015,Hitzhofen,BY,Bayern,0.15,0.15,0.1,0.15,0.1
4016,4016,Hitzhusen,SH,Schleswig-holstein,0.15,0.15,0.1,0.15,0.1
4017,4017,Hochborn,RP,Rheinland-pfalz,0.15,0.15,0.1,0.15,0.1
4018,4018,Hochdonn,SH,Schleswig-holstein,0.15,0.15,0.1,0.15,0.1
4019,4019,Hochdorf,BW,Baden-württemberg,0.15,0.15,0.1,0.15,0.1
4020,4020,Hochdorf-Assenheim,RP,Rheinland-pfalz,0.15,0.15,0.1,0.15,0.1
4021,4021,Hochheim,TH,Thüringen,0.15,0.15,0.1,0.15,0.1
4022,4022,Hochheim am Main,HE,Hessen,0.15,0.15,0.1,0.15,0.1
4023,4023,Hochkirch,SN,Sachsen,0.15,0.15,0.1,0.15,0.1
4024,4024,Hochscheid,RP,Rheinland-pfalz,0.15,0.15,0.1,0.15,0.1
4025,4025,Hochspeyer,RP,Rheinland-pfalz,0.15,0.15,0.1,0.15,0.1
4026,4026,Hochstadt,RP,Rheinland-pfalz,0.15,0.15,0.1,0.15,0.1
4027,4027,Hochstadt am Main,BY,Bayern,0.15,0.15,0.1,0.15,0.1
4028,4028,Hochstetten-Dhaun,RP,Rheinland-pfalz,0.15,0.15,0.1,0.15,0.1
4029,4029,Hochstätten,RP,Rheinland-pfalz,0.15,0.15,0.1,0.15,0.1
4030,4030,Hockenheim,BW,Baden-württemberg,0.15,0.15,0.1,0.15,0.1
4031,4031,Hockweiler,RP,Rheinland-pfalz,0.15,0.15,0.1,0.15,0.1
4032,4032,Hodenhagen,NI,Niedersachsen,0.15,0.15,0.1,0.15,0.1
4033,4033,Hodorf,SH,Schleswig-holstein,0.15,0.15,0.1,0.15,0.1
4034,4034,Hof,RP,Rheinland-pfalz,0.15,0.15,0.1,0.15,0.1
4035,4035,Hof,BY,Bayern,0.15,0.15,0.1,0.15,0.1
4036,4036,Hofbieber,HE,Hessen,0.15,0.15,0.1,0.15,0.1
4037,4037,Hoffeld,RP,Rheinland-pfalz,0.15,0.15,0.1,0.15,0.1
4038,4038,Hoffeld,SH,Schleswig-holstein,0.15,0.15,0.1,0.15,0.1
4039,4039,Hofgeismar,HE,Hessen,0.15,0.15,0.1,0.15,0.1
4040,4040,Hofheim am Taunus,HE,Hessen,0.15,0.15,0.1,0.15,0.1
4041,4041,Hofheim in Unterfranken,BY,Bayern,0.15,0.15,0.1,0.15,0.1
4042,4042,Hofkirchen,BY,Bayern,0.15,0.15,0.1,0.15,0.1
4043,4043,Hofstetten,BW,Baden-württemberg,0.15,0.15,0.1,0.15,0.1
4044,4044,Hofstetten,BY,Bayern,0.15,0.15,0.1,0.15,0.1
4045,4045,Hohberg,BW,Baden-württemberg,0.15,0.15,0.1,0.15,0.1
4046,4046,Hohburg,SN,Sachsen,0.15,0.15,0.1,0.15,0.1
4047,4047,Hohen Neuendorf,BB,Brandenburg,0.15,0.15,0.1,0.15,0.1
4048,4048,Hohen Pritz,MV,Mecklenburg-vorpommern,0.15,0.15,0.1,0.15,0.1
4049,4049,Hohen Sprenz,MV,Mecklenburg-vorpommern,0.15,0.15,0.1,0.15,0.1
4050,4050,Hohen Viecheln,MV,Mecklenburg-vorpommern,0.15,0.15,0.1,0.15,0.1
4051,4051,Hohen Wangelin,MV,Mecklenburg-vorpommern,0.15,0.15,0.1,0.15,0.1
4052,4052,Hohen-Sülzen,RP,Rheinland-pfalz,0.15,0.15,0.1,0.15,0.1
4053,4053,Hohenaltheim,BY,Bayern,0.15,0.15,0.1,0.15,0.1
4054,4054,Hohenaspe,SH,Schleswig-holstein,0.15,0.15,0.1,0.15,0.1
4055,4055,Hohenau,BY,Bayern,0.15,0.15,0.1,0.15,0.1
4056,4056,Hohenberg,NW,Nordrhein-westfalen,0.15,0.15,0.1,0.15,0.1
4057,4057,Hohenberg an der Eger,BY,Bayern,0.15,0.15,0.1,0.15,0.1
4058,4058,Hohenberg-Krusemark,ST,Sachsen-anhalt,0.15,0.15,0.1,0.15,0.1
4059,4059,Hohenbocka,BB,Brandenburg,0.15,0.15,0.1,0.15,0.1
4060,4060,Hohenbrunn,BY,Bayern,0.15,0.15,0.1,0.15,0.1
4061,4061,Hohenbucko,BB,Brandenburg,0.15,0.15,0.1,0.15,0.1
4062,4062,Hohenburg,BY,Bayern,0.15,0.15,0.1,0.15,0.1
4063,4063,Hohendodeleben,ST,Sachsen-anhalt,0.15,0.15,0.1,0.15,0.1
4064,4064,Hohendorf,MV,Mecklenburg-vorpommern,0.15,0.15,0.1,0.15,0.1
4065,4065,Hohenfelde,SH,Schleswig-holstein,0.15,0.15,0.1,0.15,0.1
4066,4066,Hohenfelden,TH,Thüringen,0.15,0.15,0.1,0.15,0.1
4067,4067,Hohenfels,BY,Bayern,0.15,0.15,0.1,0.15,0.1
4068,4068,Hohenfels-Essingen,RP,Rheinland-pfalz,0.15,0.15,0.1,0.15,0.1
4069,4069,Hohenfinow,BB,Brandenburg,0.15,0.15,0.1,0.15,0.1
4070,4070,Hohenfurch,BY,Bayern,0.15,0.15,0.1,0.15,0.1
4071,4071,Hohengandern,TH,Thüringen,0.15,0.15,0.1,0.15,0.1
4072,4072,Hohenhameln,NI,Niedersachsen,0.15,0.15,0.1,0.15,0.1
4073,4073,Hohenhorn,SH,Schleswig-holstein,0.15,0.15,0.1,0.15,0.1
4074,4074,Hohenkammer,BY,Bayern,0.15,0.15,0.1,0.15,0.1
4075,4075,Hohenkirchen,TH,Thüringen,0.15,0.15,0.1,0.15,0.1
4076,4076,Hohenleimbach,RP,Rheinland-pfalz,0.15,0.15,0.1,0.15,0.1
4077,4077,Hohenleipisch,BB,Brandenburg,0.15,0.15,0.1,0.15,0.1
4078,4078,Hohenleuben,TH,Thüringen,0.15,0.15,0.1,0.15,0.1
4079,4079,Hohenlinden,BY,Bayern,0.15,0.15,0.1,0.15,0.1
4080,4080,Hohenlockstedt,SH,Schleswig-holstein,0.15,0.15,0.1,0.15,0.1
4081,4081,Hohenmölsen,ST,Sachsen-anhalt,0.15,0.15,0.1,0.15,0.1
4082,4082,Hohenpeißenberg,BY,Bayern,0.15,0.15,0.1,0.15,0.1
4083,4083,Hohenpolding,BY,Bayern,0.15,0.15,0.1,0.15,0.1
4084,4084,Hohenroth,BY,Bayern,0.15,0.15,0.1,0.15,0.1
4085,4085,Hohensaaten,BB,Brandenburg,0.15,0.15,0.1,0.15,0.1
4086,4086,Hohenstadt,BW,Baden-württemberg,0.15,0.15,0.1,0.15,0.1
4087,4087,Hohenstein-Ernstthal,SN,Sachsen,0.15,0.15,0.1,0.15,0.1
4088,4088,Hohentengen,BW,Baden-württemberg,0.15,0.15,0.1,0.15,0.1
4089,4089,Hohenthann,BY,Bayern,0.15,0.15,0.1,0.15,0.1
4090,4090,Hohenthurm,ST,Sachsen-anhalt,0.15,0.15,0.1,0.15,0.1
4091,4091,Hohenwarsleben,ST,Sachsen-anhalt,0.15,0.15,0.1,0.15,0.1
4092,4092,Hohenwarte,TH,Thüringen,0.15,0.15,0.1,0.15,0.1
4093,4093,Hohenwarth,BY,Bayern,0.15,0.15,0.1,0.15,0.1
4094,4094,Hohenwarthe,ST,Sachsen-anhalt,0.15,0.15,0.1,0.15,0.1
4095,4095,Hohenweiden,ST,Sachsen-anhalt,0.15,0.15,0.1,0.15,0.1
4096,4096,Hohenwestedt,SH,Schleswig-holstein,0.15,0.15,0.1,0.15,0.1
4097,4097,Hohenziatz,ST,Sachsen-anhalt,0.15,0.15,0.1,0.15,0.1
4098,4098,Hohenzieritz,MV,Mecklenburg-vorpommern,0.15,0.15,0.1,0.15,0.1
4099,4099,Hohenöllen,RP,Rheinland-pfalz,0.15,0.15,0.1,0.15,0.1
4100,4100,Hohenölsen,TH,Thüringen,0.15,0.15,0.1,0.15,0.1
4101,4101,Hohn,SH,Schleswig-holstein,0.15,0.15,0.1,0.15,0.1
4102,4102,Hohndorf,SN,Sachsen,0.15,0.15,0.1,0.15,0.1
4103,4103,Hohne,NI,Niedersachsen,0.15,0.15,0.1,0.15,0.1
4104,4104,Hohnhorst,NI,Niedersachsen,0.15,0.15,0.1,0.15,0.1
4105,4105,Hohnstein,SN,Sachsen,0.15,0.15,0.1,0.15,0.1
4106,4106,Hohwacht,SH,Schleswig-holstein,0.15,0.15,0.1,0.15,0.1
4107,4107,Hoisdorf,SH,Schleswig-holstein,0.15,0.15,0.1,0.15,0.1
4108,4108,Holdenstedt,ST,Sachsen-anhalt,0.15,0.15,0.1,0.15,0.1
4109,4109,Holdorf,NI,Niedersachsen,0.15,0.15,0.1,0.15,0.1
4110,4110,Holenberg,NI,Niedersachsen,0.15,0.15,0.1,0.15,0.1
4111,4111,Holldorf,MV,Mecklenburg-vorpommern,0.15,0.15,0.1,0.15,0.1
4112,4112,Holle,NI,Niedersachsen,0.15,0.15,0.1,0.15,0.1
4113,4113,Holleben,ST,Sachsen-anhalt,0.15,0.15,0.1,0.15,0.1
4114,4114,Hollen,NI,Niedersachsen,0.15,0.15,0.1,0.15,0.1
4115,4115,Hollenbach,BY,Bayern,0.15,0.15,0.1,0.15,0.1
4116,4116,Hollenbek,SH,Schleswig-holstein,0.15,0.15,0.1,0.15,0.1
4117,4117,Hollenstedt,NI,Niedersachsen,0.15,0.15,0.1,0.15,0.1
4118,4118,Holler,RP,Rheinland-pfalz,0.15,0.15,0.1,0.15,0.1
4119,4119,Hollfeld,BY,Bayern,0.15,0.15,0.1,0.15,0.1
4120,4120,Hollingstedt,SH,Schleswig-holstein,0.15,0.15,0.1,0.15,0.1
4121,4121,Hollnich,RP,Rheinland-pfalz,0.15,0.15,0.1,0.15,0.1
4122,4122,Hollnseth,NI,Niedersachsen,0.15,0.15,0.1,0.15,0.1
4123,4123,Hollstadt,BY,Bayern,0.15,0.15,0.1,0.15,0.1
4124,4124,Holm,SH,Schleswig-holstein,0.15,0.15,0.1,0.15,0.1
4125,4125,Holstenniendorf,SH,Schleswig-holstein,0.15,0.15,0.1,0.15,0.1
4126,4126,Holsthum,RP,Rheinland-pfalz,0.15,0.15,0.1,0.15,0.1
4127,4127,Holt,SH,Schleswig-holstein,0.15,0.15,0.1,0.15,0.1
4128,4128,Holtgast,NI,Niedersachsen,0.15,0.15,0.1,0.15,0.1
4129,4129,Holthusen,MV,Mecklenburg-vorpommern,0.15,0.15,0.1,0.15,0.1
4130,4130,Holtland,NI,Niedersachsen,0.15,0.15,0.1,0.15,0.1
4131,4131,Holtsee,SH,Schleswig-holstein,0.15,0.15,0.1,0.15,0.1
4132,4132,Holungen,TH,Thüringen,0.15,0.15,0.1,0.15,0.1
4133,4133,Holzappel,RP,Rheinland-pfalz,0.15,0.15,0.1,0.15,0.1
4134,4134,Holzbach,RP,Rheinland-pfalz,0.15,0.15,0.1,0.15,0.1
4135,4135,Holzbunge,SH,Schleswig-holstein,0.15,0.15,0.1,0.15,0.1
4136,4136,Holzdorf,ST,Sachsen-anhalt,0.15,0.15,0.1,0.15,0.1
4137,4137,Holzdorf,SH,Schleswig-holstein,0.15,0.15,0.1,0.15,0.1
4138,4138,Holzen,NI,Niedersachsen,0.15,0.15,0.1,0.15,0.1
4139,4139,Holzerath,RP,Rheinland-pfalz,0.15,0.15,0.1,0.15,0.1
4140,4140,Holzgerlingen,BW,Baden-württemberg,0.15,0.15,0.1,0.15,0.1
4141,4141,Holzgünz,BY,Bayern,0.15,0.15,0.1,0.15,0.1
4142,4142,Holzhausen an der Haide,RP,Rheinland-pfalz,0.15,0.15,0.1,0.15,0.1
4143,4143,Holzheim,BY,Bayern,0.15,0.15,0.1,0.15,0.1
4144,4144,Holzheim,RP,Rheinland-pfalz,0.15,0.15,0.1,0.15,0.1
4145,4145,Holzkirch,BW,Baden-württemberg,0.15,0.15,0.1,0.15,0.1
4146,4146,Holzkirchen,BY,Bayern,0.15,0.15,0.1,0.15,0.1
4147,4147,Holzmaden,BW,Baden-württemberg,0.15,0.15,0.1,0.15,0.1
4148,4148,Holzminden,NI,Niedersachsen,0.15,0.15,0.1,0.15,0.1
4149,4149,Holzsußra,TH,Thüringen,0.15,0.15,0.1,0.15,0.1
4150,4150,Holzweißig,ST,Sachsen-anhalt,0.15,0.15,0.1,0.15,0.1
4151,4151,Holzwickede,NW,Nordrhein-westfalen,0.15,0.15,0.1,0.15,0.1
4152,4152,Homberg,HE,Hessen,0.15,0.15,0.1,0.15,0.1
4153,4153,Homberg,RP,Rheinland-pfalz,0.15,0.15,0.1,0.15,0.1
4154,4154,Homburg,SL,Saarland,0.15,0.15,0.1,0.15,0.1
4155,4155,Hommerdingen,RP,Rheinland-pfalz,0.15,0.15,0.1,0.15,0.1
4156,4156,Honerath,RP,Rheinland-pfalz,0.15,0.15,0.1,0.15,0.1
4157,4157,Honigsee,SH,Schleswig-holstein,0.15,0.15,0.1,0.15,0.1
4158,4158,Hontheim,RP,Rheinland-pfalz,0.15,0.15,0.1,0.15,0.1
4159,4159,Hooge,SH,Schleswig-holstein,0.15,0.15,0.1,0.15,0.1
4160,4160,Hoogstede,NI,Niedersachsen,0.15,0.15,0.1,0.15,0.1
4161,4161,Hoort,MV,Mecklenburg-vorpommern,0.15,0.15,0.1,0.15,0.1
4162,4162,Hopferau,BY,Bayern,0.15,0.15,0.1,0.15,0.1
4163,4163,Hopfgarten,TH,Thüringen,0.15,0.15,0.1,0.15,0.1
4164,4164,Hoppegarten,BB,Brandenburg,0.15,0.15,0.1,0.15,0.1
4165,4165,Hoppenrade,MV,Mecklenburg-vorpommern,0.15,0.15,0.1,0.15,0.1
4166,4166,Hoppstädten,RP,Rheinland-pfalz,0.15,0.15,0.1,0.15,0.1
4167,4167,Hoppstädten-Weiersbach,RP,Rheinland-pfalz,0.15,0.15,0.1,0.15,0.1
4168,4168,Hopsten,NW,Nordrhein-westfalen,0.15,0.15,0.1,0.15,0.1
4169,4169,Horath,RP,Rheinland-pfalz,0.15,0.15,0.1,0.15,0.1
4170,4170,Horb am Neckar,BW,Baden-württemberg,0.15,0.15,0.1,0.15,0.1
4171,4171,Horbach,RP,Rheinland-pfalz,0.15,0.15,0.1,0.15,0.1
4172,4172,Horben,BW,Baden-württemberg,0.15,0.15,0.1,0.15,0.1
4173,4173,Horbruch,RP,Rheinland-pfalz,0.15,0.15,0.1,0.15,0.1
4174,4174,Horgau,BY,Bayern,0.15,0.15,0.1,0.15,0.1
4175,4175,Horgenzell,BW,Baden-württemberg,0.15,0.15,0.1,0.15,0.1
4176,4176,Horhausen,RP,Rheinland-pfalz,0.15,0.15,0.1,0.15,0.1
4177,4177,Horka,SN,Sachsen,0.15,0.15,0.1,0.15,0.1
4178,4178,Hormersdorf,SN,Sachsen,0.15,0.15,0.1,0.15,0.1
4179,4179,Horn,RP,Rheinland-pfalz,0.15,0.15,0.1,0.15,0.1
4180,4180,Horn,NW,Nordrhein-westfalen,0.15,0.15,0.1,0.15,0.1
4181,4181,Horn-Bad Meinberg,NW,Nordrhein-westfalen,0.15,0.15,0.1,0.15,0.1
4182,4182,Hornbach,RP,Rheinland-pfalz,0.15,0.15,0.1,0.15,0.1
4183,4183,Hornbek,SH,Schleswig-holstein,0.15,0.15,0.1,0.15,0.1
4184,4184,Hornberg,BW,Baden-württemberg,0.15,0.15,0.1,0.15,0.1
4185,4185,Hornburg,NI,Niedersachsen,0.15,0.15,0.1,0.15,0.1
4186,4186,Horneburg,NI,Niedersachsen,0.15,0.15,0.1,0.15,0.1
4187,4187,Hornhausen,ST,Sachsen-anhalt,0.15,0.15,0.1,0.15,0.1
4188,4188,Hornstorf,MV,Mecklenburg-vorpommern,0.15,0.15,0.1,0.15,0.1
4189,4189,Hornsömmern,TH,Thüringen,0.15,0.15,0.1,0.15,0.1
4190,4190,Horperath,RP,Rheinland-pfalz,0.15,0.15,0.1,0.15,0.1
4191,4191,Horrweiler,RP,Rheinland-pfalz,0.15,0.15,0.1,0.15,0.1
4192,4192,Horschbach,RP,Rheinland-pfalz,0.15,0.15,0.1,0.15,0.1
4193,4193,Horst,SH,Schleswig-holstein,0.15,0.15,0.1,0.15,0.1
4194,4194,Horst,MV,Mecklenburg-vorpommern,0.15,0.15,0.1,0.15,0.1
4195,4195,Horstdorf,ST,Sachsen-anhalt,0.15,0.15,0.1,0.15,0.1
4196,4196,Horstedt,SH,Schleswig-holstein,0.15,0.15,0.1,0.15,0.1
4197,4197,Horstedt,NI,Niedersachsen,0.15,0.15,0.1,0.15,0.1
4198,4198,Horstmar,NW,Nordrhein-westfalen,0.15,0.15,0.1,0.15,0.1
4199,4199,Hosenfeld,HE,Hessen,0.15,0.15,0.1,0.15,0.1
4200,4200,Hosten,RP,Rheinland-pfalz,0.15,0.15,0.1,0.15,0.1
4201,4201,Hottenbach,RP,Rheinland-pfalz,0.15,0.15,0.1,0.15,0.1
4202,4202,Hoya,NI,Niedersachsen,0.15,0.15,0.1,0.15,0.1
4203,4203,Hoyerhagen,NI,Niedersachsen,0.15,0.15,0.1,0.15,0.1
4204,4204,Hoyershausen,NI,Niedersachsen,0.15,0.15,0.1,0.15,0.1
4205,4205,Hoyerswerda,SN,Sachsen,0.15,0.15,0.1,0.15,0.1
4206,4206,Hoym,ST,Sachsen-anhalt,0.15,0.15,0.1,0.15,0.1
4207,4207,Hoßkirch,BW,Baden-württemberg,0.15,0.15,0.1,0.15,0.1
4208,4208,Hude,SH,Schleswig-holstein,0.15,0.15,0.1,0.15,0.1
4209,4209,Hude,NI,Niedersachsen,0.15,0.15,0.1,0.15,0.1
4210,4210,Huglfing,BY,Bayern,0.15,0.15,0.1,0.15,0.1
4211,4211,Huisheim,BY,Bayern,0.15,0.15,0.1,0.15,0.1
4212,4212,Huje,SH,Schleswig-holstein,0.15,0.15,0.1,0.15,0.1
4213,4213,Hummelfeld,SH,Schleswig-holstein,0.15,0.15,0.1,0.15,0.1
4214,4214,Hummelsbüttel,HH,Hamburg,0.15,0.15,0.1,0.15,0.1
4215,4215,Hummelshain,TH,Thüringen,0.15,0.15,0.1,0.15,0.1
4216,4216,Humptrup,SH,Schleswig-holstein,0.15,0.15,0.1,0.15,0.1
4217,4217,Hunderdorf,BY,Bayern,0.15,0.15,0.1,0.15,0.1
4218,4218,Hundeshagen,TH,Thüringen,0.15,0.15,0.1,0.15,0.1
4219,4219,Hundhaupten,TH,Thüringen,0.15,0.15,0.1,0.15,0.1
4220,4220,Hunding,BY,Bayern,0.15,0.15,0.1,0.15,0.1
4221,4221,Hundsangen,RP,Rheinland-pfalz,0.15,0.15,0.1,0.15,0.1
4222,4222,Hundsbach,RP,Rheinland-pfalz,0.15,0.15,0.1,0.15,0.1
4223,4223,Hundsdorf,RP,Rheinland-pfalz,0.15,0.15,0.1,0.15,0.1
4224,4224,Hungen,HE,Hessen,0.15,0.15,0.1,0.15,0.1
4225,4225,Hungenroth,RP,Rheinland-pfalz,0.15,0.15,0.1,0.15,0.1
4226,4226,Hunzel,RP,Rheinland-pfalz,0.15,0.15,0.1,0.15,0.1
4227,4227,Hupperath,RP,Rheinland-pfalz,0.15,0.15,0.1,0.15,0.1
4228,4228,Hurlach,BY,Bayern,0.15,0.15,0.1,0.15,0.1
4229,4229,Husby,SH,Schleswig-holstein,0.15,0.15,0.1,0.15,0.1
4230,4230,Husum,SH,Schleswig-holstein,0.15,0.15,0.1,0.15,0.1
4231,4231,Husum,NI,Niedersachsen,0.15,0.15,0.1,0.15,0.1
4232,4232,Hutthurm,BY,Bayern,0.15,0.15,0.1,0.15,0.1
4233,4233,Huy-Neinstedt,ST,Sachsen-anhalt,0.15,0.15,0.1,0.15,0.1
4234,4234,Hähnichen,SN,Sachsen,0.15,0.15,0.1,0.15,0.1
4235,4235,Hämelhausen,NI,Niedersachsen,0.15,0.15,0.1,0.15,0.1
4236,4236,Härtlingen,RP,Rheinland-pfalz,0.15,0.15,0.1,0.15,0.1
4237,4237,Häusern,BW,Baden-württemberg,0.15,0.15,0.1,0.15,0.1
4238,4238,Häuslingen,NI,Niedersachsen,0.15,0.15,0.1,0.15,0.1
4239,4239,Höchberg,BY,Bayern,0.15,0.15,0.1,0.15,0.1
4240,4240,Höchenschwand,BW,Baden-württemberg,0.15,0.15,0.1,0.15,0.1
4241,4241,Höchheim,BY,Bayern,0.15,0.15,0.1,0.15,0.1
4242,4242,Höchst im Odenwald,HE,Hessen,0.15,0.15,0.1,0.15,0.1
4243,4243,Höchstadt an der Aisch,BY,Bayern,0.15,0.15,0.1,0.15,0.1
4244,4244,Höchstberg,RP,Rheinland-pfalz,0.15,0.15,0.1,0.15,0.1
4245,4245,Höchstenbach,RP,Rheinland-pfalz,0.15,0.15,0.1,0.15,0.1
4246,4246,Höchstädt an der Donau,BY,Bayern,0.15,0.15,0.1,0.15,0.1
4247,4247,Höckendorf,SN,Sachsen,0.15,0.15,0.1,0.15,0.1
4248,4248,Höfen an der Enz,BW,Baden-württemberg,0.15,0.15,0.1,0.15,0.1
4249,4249,Höfer,NI,Niedersachsen,0.15,0.15,0.1,0.15,0.1
4250,4250,Högel,SH,Schleswig-holstein,0.15,0.15,0.1,0.15,0.1
4251,4251,Högersdorf,SH,Schleswig-holstein,0.15,0.15,0.1,0.15,0.1
4252,4252,Högsdorf,SH,Schleswig-holstein,0.15,0.15,0.1,0.15,0.1
4253,4253,Höheinöd,RP,Rheinland-pfalz,0.15,0.15,0.1,0.15,0.1
4254,4254,Höheischweiler,RP,Rheinland-pfalz,0.15,0.15,0.1,0.15,0.1
4255,4255,Höhenkirchen-Siegertsbrunn,BY,Bayern,0.15,0.15,0.1,0.15,0.1
4256,4256,Höhfröschen,RP,Rheinland-pfalz,0.15,0.15,0.1,0.15,0.1
4257,4257,Höhn,RP,Rheinland-pfalz,0.15,0.15,0.1,0.15,0.1
4258,4258,Höhndorf,SH,Schleswig-holstein,0.15,0.15,0.1,0.15,0.1
4259,4259,Höhnstedt,ST,Sachsen-anhalt,0.15,0.15,0.1,0.15,0.1
4260,4260,Höhr-Grenzhausen,RP,Rheinland-pfalz,0.15,0.15,0.1,0.15,0.1
4261,4261,Hömberg,RP,Rheinland-pfalz,0.15,0.15,0.1,0.15,0.1
4262,4262,Hönningen,RP,Rheinland-pfalz,0.15,0.15,0.1,0.15,0.1
4263,4263,Höpfingen,BW,Baden-württemberg,0.15,0.15,0.1,0.15,0.1
4264,4264,Hörden,NI,Niedersachsen,0.15,0.15,0.1,0.15,0.1
4265,4265,Hördt,RP,Rheinland-pfalz,0.15,0.15,0.1,0.15,0.1
4266,4266,Hörgertshausen,BY,Bayern,0.15,0.15,0.1,0.15,0.1
4267,4267,Höringen,RP,Rheinland-pfalz,0.15,0.15,0.1,0.15,0.1
4268,4268,Hörnum,SH,Schleswig-holstein,0.15,0.15,0.1,0.15,0.1
4269,4269,Hörscheid,RP,Rheinland-pfalz,0.15,0.15,0.1,0.15,0.1
4270,4270,Hörschhausen,RP,Rheinland-pfalz,0.15,0.15,0.1,0.15,0.1
4271,4271,Hörselgau,TH,Thüringen,0.15,0.15,0.1,0.15,0.1
4272,4272,Hörsingen,ST,Sachsen-anhalt,0.15,0.15,0.1,0.15,0.1
4273,4273,Hörstel,NW,Nordrhein-westfalen,0.15,0.15,0.1,0.15,0.1
4274,4274,Hörsten,SH,Schleswig-holstein,0.15,0.15,0.1,0.15,0.1
4275,4275,Hörup,SH,Schleswig-holstein,0.15,0.15,0.1,0.15,0.1
4276,4276,Hösbach,BY,Bayern,0.15,0.15,0.1,0.15,0.1
4277,4277,Höslwang,BY,Bayern,0.15,0.15,0.1,0.15,0.1
4278,4278,Hötensleben,ST,Sachsen-anhalt,0.15,0.15,0.1,0.15,0.1
4279,4279,Höttingen,BY,Bayern,0.15,0.15,0.1,0.15,0.1
4280,4280,Hövede,SH,Schleswig-holstein,0.15,0.15,0.1,0.15,0.1
4281,4281,Hövelhof,NW,Nordrhein-westfalen,0.15,0.15,0.1,0.15,0.1
4282,4282,Höxter,NW,Nordrhein-westfalen,0.15,0.15,0.1,0.15,0.1
4283,4283,Hübingen,RP,Rheinland-pfalz,0.15,0.15,0.1,0.15,0.1
4284,4284,Hüblingen,RP,Rheinland-pfalz,0.15,0.15,0.1,0.15,0.1
4285,4285,Hückelhoven,NW,Nordrhein-westfalen,0.15,0.15,0.1,0.15,0.1
4286,4286,Hückeswagen,NW,Nordrhein-westfalen,0.15,0.15,0.1,0.15,0.1
4287,4287,Hüffelsheim,RP,Rheinland-pfalz,0.15,0.15,0.1,0.15,0.1
4288,4288,Hüffenhardt,BW,Baden-württemberg,0.15,0.15,0.1,0.15,0.1
4289,4289,Hüffler,RP,Rheinland-pfalz,0.15,0.15,0.1,0.15,0.1
4290,4290,Hüfingen,BW,Baden-württemberg,0.15,0.15,0.1,0.15,0.1
4291,4291,Hügelsheim,BW,Baden-württemberg,0.15,0.15,0.1,0.15,0.1
4292,4292,Hülben,BW,Baden-württemberg,0.15,0.15,0.1,0.15,0.1
4293,4293,Hüllhorst,NW,Nordrhein-westfalen,0.15,0.15,0.1,0.15,0.1
4294,4294,Hülsede,NI,Niedersachsen,0.15,0.15,0.1,0.15,0.1
4295,4295,Hümmel,RP,Rheinland-pfalz,0.15,0.15,0.1,0.15,0.1
4296,4296,Hümpfershausen,TH,Thüringen,0.15,0.15,0.1,0.15,0.1
4297,4297,Hünfeld,HE,Hessen,0.15,0.15,0.1,0.15,0.1
4298,4298,Hünxe,NW,Nordrhein-westfalen,0.15,0.15,0.1,0.15,0.1
4299,4299,Hürth,NW,Nordrhein-westfalen,0.15,0.15,0.1,0.15,0.1
4300,4300,Hürup,SH,Schleswig-holstein,0.15,0.15,0.1,0.15,0.1
4301,4301,Hüsby,SH,Schleswig-holstein,0.15,0.15,0.1,0.15,0.1
4302,4302,Hütschenhausen,RP,Rheinland-pfalz,0.15,0.15,0.1,0.15,0.1
4303,4303,Hüttblek,SH,Schleswig-holstein,0.15,0.15,0.1,0.15,0.1
4304,4304,Hütten,SH,Schleswig-holstein,0.15,0.15,0.1,0.15,0.1
4305,4305,Hütten,RP,Rheinland-pfalz,0.15,0.15,0.1,0.15,0.1
4306,4306,Hüttenrode,ST,Sachsen-anhalt,0.15,0.15,0.1,0.15,0.1
4307,4307,Hütterscheid,RP,Rheinland-pfalz,0.15,0.15,0.1,0.15,0.1
4308,4308,Hüttisheim,BW,Baden-württemberg,0.15,0.15,0.1,0.15,0.1
4309,4309,Hüttlingen,BW,Baden-württemberg,0.15,0.15,0.1,0.15,0.1
4310,4310,Hüven,NI,Niedersachsen,0.15,0.15,0.1,0.15,0.1
4311,4311,Ibach,BW,Baden-württemberg,0.15,0.15,0.1,0.15,0.1
4312,4312,Ibbenbüren,NW,Nordrhein-westfalen,0.15,0.15,0.1,0.15,0.1
4313,4313,Ichenhausen,BY,Bayern,0.15,0.15,0.1,0.15,0.1
4314,4314,Ichstedt,TH,Thüringen,0.15,0.15,0.1,0.15,0.1
4315,4315,Ichtershausen,TH,Thüringen,0.15,0.15,0.1,0.15,0.1
4316,4316,Icking,BY,Bayern,0.15,0.15,0.1,0.15,0.1
4317,4317,Idar-Oberstein,RP,Rheinland-pfalz,0.15,0.15,0.1,0.15,0.1
4318,4318,Idelberg,RP,Rheinland-pfalz,0.15,0.15,0.1,0.15,0.1
4319,4319,Iden,ST,Sachsen-anhalt,0.15,0.15,0.1,0.15,0.1
4320,4320,Idenheim,RP,Rheinland-pfalz,0.15,0.15,0.1,0.15,0.1
4321,4321,Idesheim,RP,Rheinland-pfalz,0.15,0.15,0.1,0.15,0.1
4322,4322,Idstedt,SH,Schleswig-holstein,0.15,0.15,0.1,0.15,0.1
4323,4323,Idstein,HE,Hessen,0.15,0.15,0.1,0.15,0.1
4324,4324,Iffeldorf,BY,Bayern,0.15,0.15,0.1,0.15,0.1
4325,4325,Iffezheim,BW,Baden-württemberg,0.15,0.15,0.1,0.15,0.1
4326,4326,Ifta,TH,Thüringen,0.15,0.15,0.1,0.15,0.1
4327,4327,Igel,RP,Rheinland-pfalz,0.15,0.15,0.1,0.15,0.1
4328,4328,Igensdorf,BY,Bayern,0.15,0.15,0.1,0.15,0.1
4329,4329,Igersheim,BW,Baden-württemberg,0.15,0.15,0.1,0.15,0.1
4330,4330,Iggensbach,BY,Bayern,0.15,0.15,0.1,0.15,0.1
4331,4331,Iggingen,BW,Baden-württemberg,0.15,0.15,0.1,0.15,0.1
4332,4332,Ihlienworth,NI,Niedersachsen,0.15,0.15,0.1,0.15,0.1
4333,4333,Ihlow,BB,Brandenburg,0.15,0.15,0.1,0.15,0.1
4334,4334,Ihringen,BW,Baden-württemberg,0.15,0.15,0.1,0.15,0.1
4335,4335,Ihrlerstein,BY,Bayern,0.15,0.15,0.1,0.15,0.1
4336,4336,Ilberstedt,ST,Sachsen-anhalt,0.15,0.15,0.1,0.15,0.1
4337,4337,Ilbesheim,RP,Rheinland-pfalz,0.15,0.15,0.1,0.15,0.1
4338,4338,Ilfeld,TH,Thüringen,0.15,0.15,0.1,0.15,0.1
4339,4339,Illerich,RP,Rheinland-pfalz,0.15,0.15,0.1,0.15,0.1
4340,4340,Illerrieden,BW,Baden-württemberg,0.15,0.15,0.1,0.15,0.1
4341,4341,Illertissen,BY,Bayern,0.15,0.15,0.1,0.15,0.1
4342,4342,Illesheim,BY,Bayern,0.15,0.15,0.1,0.15,0.1
4343,4343,Illingen,SL,Saarland,0.15,0.15,0.1,0.15,0.1
4344,4344,Illingen,BW,Baden-württemberg,0.15,0.15,0.1,0.15,0.1
4345,4345,Illmensee,BW,Baden-württemberg,0.15,0.15,0.1,0.15,0.1
4346,4346,Illschwang,BY,Bayern,0.15,0.15,0.1,0.15,0.1
4347,4347,Ilmenau,TH,Thüringen,0.15,0.15,0.1,0.15,0.1
4348,4348,Ilmmünster,BY,Bayern,0.15,0.15,0.1,0.15,0.1
4349,4349,Ilsede,NI,Niedersachsen,0.15,0.15,0.1,0.15,0.1
4350,4350,Ilsenburg,ST,Sachsen-anhalt,0.15,0.15,0.1,0.15,0.1
4351,4351,Ilsfeld,BW,Baden-württemberg,0.15,0.15,0.1,0.15,0.1
4352,4352,Ilshofen,BW,Baden-württemberg,0.15,0.15,0.1,0.15,0.1
4353,4353,Ilvesheim,BW,Baden-württemberg,0.15,0.15,0.1,0.15,0.1
4354,4354,Immekath,ST,Sachsen-anhalt,0.15,0.15,0.1,0.15,0.1
4355,4355,Immelborn,TH,Thüringen,0.15,0.15,0.1,0.15,0.1
4356,4356,Immendingen,BW,Baden-württemberg,0.15,0.15,0.1,0.15,0.1
4357,4357,Immenhausen,HE,Hessen,0.15,0.15,0.1,0.15,0.1
4358,4358,Immenreuth,BY,Bayern,0.15,0.15,0.1,0.15,0.1
4359,4359,Immenstaad am Bodensee,BW,Baden-württemberg,0.15,0.15,0.1,0.15,0.1
4360,4360,Immenstadt im Allgäu,BY,Bayern,0.15,0.15,0.1,0.15,0.1
4361,4361,Immenstedt,SH,Schleswig-holstein,0.15,0.15,0.1,0.15,0.1
4362,4362,Immerath,RP,Rheinland-pfalz,0.15,0.15,0.1,0.15,0.1
4363,4363,Immert,RP,Rheinland-pfalz,0.15,0.15,0.1,0.15,0.1
4364,4364,Immesheim,RP,Rheinland-pfalz,0.15,0.15,0.1,0.15,0.1
4365,4365,Impflingen,RP,Rheinland-pfalz,0.15,0.15,0.1,0.15,0.1
4366,4366,Imsbach,RP,Rheinland-pfalz,0.15,0.15,0.1,0.15,0.1
4367,4367,Imsweiler,RP,Rheinland-pfalz,0.15,0.15,0.1,0.15,0.1
4368,4368,Inchenhofen,BY,Bayern,0.15,0.15,0.1,0.15,0.1
4369,4369,Inden,NW,Nordrhein-westfalen,0.15,0.15,0.1,0.15,0.1
4370,4370,Ingelbach,RP,Rheinland-pfalz,0.15,0.15,0.1,0.15,0.1
4371,4371,Ingeleben,NI,Niedersachsen,0.15,0.15,0.1,0.15,0.1
4372,4372,Ingelfingen,BW,Baden-württemberg,0.15,0.15,0.1,0.15,0.1
4373,4373,Ingelheim am Rhein,RP,Rheinland-pfalz,0.15,0.15,0.1,0.15,0.1
4374,4374,Ingendorf,RP,Rheinland-pfalz,0.15,0.15,0.1,0.15,0.1
4375,4375,Ingenried,BY,Bayern,0.15,0.15,0.1,0.15,0.1
4376,4376,Ingersleben,TH,Thüringen,0.15,0.15,0.1,0.15,0.1
4377,4377,Ingoldingen,BW,Baden-württemberg,0.15,0.15,0.1,0.15,0.1
4378,4378,Ingolstadt,BY,Bayern,0.15,0.15,0.1,0.15,0.1
4379,4379,Innernzell,BY,Bayern,0.15,0.15,0.1,0.15,0.1
4380,4380,Inning am Ammersee,BY,Bayern,0.15,0.15,0.1,0.15,0.1
4381,4381,Inning am Holz,BY,Bayern,0.15,0.15,0.1,0.15,0.1
4382,4382,Insel,ST,Sachsen-anhalt,0.15,0.15,0.1,0.15,0.1
4383,4383,Insheim,RP,Rheinland-pfalz,0.15,0.15,0.1,0.15,0.1
4384,4384,Insingen,BY,Bayern,0.15,0.15,0.1,0.15,0.1
4385,4385,Insul,RP,Rheinland-pfalz,0.15,0.15,0.1,0.15,0.1
4386,4386,Inzell,BY,Bayern,0.15,0.15,0.1,0.15,0.1
4387,4387,Inzigkofen,BW,Baden-württemberg,0.15,0.15,0.1,0.15,0.1
4388,4388,Inzlingen,BW,Baden-württemberg,0.15,0.15,0.1,0.15,0.1
4389,4389,Iphofen,BY,Bayern,0.15,0.15,0.1,0.15,0.1
4390,4390,Ippenschied,RP,Rheinland-pfalz,0.15,0.15,0.1,0.15,0.1
4391,4391,Ippesheim,BY,Bayern,0.15,0.15,0.1,0.15,0.1
4392,4392,Ipsheim,BY,Bayern,0.15,0.15,0.1,0.15,0.1
4393,4393,Irchenrieth,BY,Bayern,0.15,0.15,0.1,0.15,0.1
4394,4394,Irlbach,BY,Bayern,0.15,0.15,0.1,0.15,0.1
4395,4395,Irmenach,RP,Rheinland-pfalz,0.15,0.15,0.1,0.15,0.1
4396,4396,Irmtraut,RP,Rheinland-pfalz,0.15,0.15,0.1,0.15,0.1
4397,4397,Irndorf,BW,Baden-württemberg,0.15,0.15,0.1,0.15,0.1
4398,4398,Irrel,RP,Rheinland-pfalz,0.15,0.15,0.1,0.15,0.1
4399,4399,Irrhausen,RP,Rheinland-pfalz,0.15,0.15,0.1,0.15,0.1
4400,4400,Irsch,RP,Rheinland-pfalz,0.15,0.15,0.1,0.15,0.1
4401,4401,Irschenberg,BY,Bayern,0.15,0.15,0.1,0.15,0.1
4402,4402,Irsee,BY,Bayern,0.15,0.15,0.1,0.15,0.1
4403,4403,Irxleben,ST,Sachsen-anhalt,0.15,0.15,0.1,0.15,0.1
4404,4404,Isen,BY,Bayern,0.15,0.15,0.1,0.15,0.1
4405,4405,Isenburg,RP,Rheinland-pfalz,0.15,0.15,0.1,0.15,0.1
4406,4406,Isenbüttel,NI,Niedersachsen,0.15,0.15,0.1,0.15,0.1
4407,4407,Iserlohn,NW,Nordrhein-westfalen,0.15,0.15,0.1,0.15,0.1
4408,4408,Isert,RP,Rheinland-pfalz,0.15,0.15,0.1,0.15,0.1
4409,4409,Ismaning,BY,Bayern,0.15,0.15,0.1,0.15,0.1
4410,4410,Isny,BW,Baden-württemberg,0.15,0.15,0.1,0.15,0.1
4411,4411,Ispringen,BW,Baden-württemberg,0.15,0.15,0.1,0.15,0.1
4412,4412,Isselbach,RP,Rheinland-pfalz,0.15,0.15,0.1,0.15,0.1
4413,4413,Isselburg,NW,Nordrhein-westfalen,0.15,0.15,0.1,0.15,0.1
4414,4414,Isseroda,TH,Thüringen,0.15,0.15,0.1,0.15,0.1
4415,4415,Issersheilingen,TH,Thüringen,0.15,0.15,0.1,0.15,0.1
4416,4416,Issigau,BY,Bayern,0.15,0.15,0.1,0.15,0.1
4417,4417,Issum,NW,Nordrhein-westfalen,0.15,0.15,0.1,0.15,0.1
4418,4418,Isterberg,NI,Niedersachsen,0.15,0.15,0.1,0.15,0.1
4419,4419,Itterbeck,NI,Niedersachsen,0.15,0.15,0.1,0.15,0.1
4420,4420,Ittlingen,BW,Baden-württemberg,0.15,0.15,0.1,0.15,0.1
4421,4421,Itzehoe,SH,Schleswig-holstein,0.15,0.15,0.1,0.15,0.1
4422,4422,Itzstedt,SH,Schleswig-holstein,0.15,0.15,0.1,0.15,0.1
4423,4423,Ivenack,MV,Mecklenburg-vorpommern,0.15,0.15,0.1,0.15,0.1
4424,4424,Ivenrode,ST,Sachsen-anhalt,0.15,0.15,0.1,0.15,0.1
4425,4425,Jabel,MV,Mecklenburg-vorpommern,0.15,0.15,0.1,0.15,0.1
4426,4426,Jachenau,BY,Bayern,0.15,0.15,0.1,0.15,0.1
4427,4427,Jacobsdorf,BB,Brandenburg,0.15,0.15,0.1,0.15,0.1
4428,4428,Jagel,SH,Schleswig-holstein,0.15,0.15,0.1,0.15,0.1
4429,4429,Jagsthausen,BW,Baden-württemberg,0.15,0.15,0.1,0.15,0.1
4430,4430,Jagstzell,BW,Baden-württemberg,0.15,0.15,0.1,0.15,0.1
4431,4431,Jahnsdorf,SN,Sachsen,0.15,0.15,0.1,0.15,0.1
4432,4432,Jahrsdorf,SH,Schleswig-holstein,0.15,0.15,0.1,0.15,0.1
4433,4433,Jahrstedt,ST,Sachsen-anhalt,0.15,0.15,0.1,0.15,0.1
4434,4434,Jakobsdorf,MV,Mecklenburg-vorpommern,0.15,0.15,0.1,0.15,0.1
4435,4435,Jakobsweiler,RP,Rheinland-pfalz,0.15,0.15,0.1,0.15,0.1
4436,4436,Jameln,NI,Niedersachsen,0.15,0.15,0.1,0.15,0.1
4437,4437,Jamlitz,BB,Brandenburg,0.15,0.15,0.1,0.15,0.1
4438,4438,Jandelsbrunn,BY,Bayern,0.15,0.15,0.1,0.15,0.1
4439,4439,Janneby,SH,Schleswig-holstein,0.15,0.15,0.1,0.15,0.1
4440,4440,Jarchau,ST,Sachsen-anhalt,0.15,0.15,0.1,0.15,0.1
4441,4441,Jardelund,SH,Schleswig-holstein,0.15,0.15,0.1,0.15,0.1
4442,4442,Jarmen,MV,Mecklenburg-vorpommern,0.15,0.15,0.1,0.15,0.1
4443,4443,Jarplund-Weding,SH,Schleswig-holstein,0.15,0.15,0.1,0.15,0.1
4444,4444,Jatznick,MV,Mecklenburg-vorpommern,0.15,0.15,0.1,0.15,0.1
4445,4445,Jeber-Bergfrieden,ST,Sachsen-anhalt,0.15,0.15,0.1,0.15,0.1
4446,4446,Jeckenbach,RP,Rheinland-pfalz,0.15,0.15,0.1,0.15,0.1
4447,4447,Jelmstorf,NI,Niedersachsen,0.15,0.15,0.1,0.15,0.1
4448,4448,Jembke,NI,Niedersachsen,0.15,0.15,0.1,0.15,0.1
4449,4449,Jemgum,NI,Niedersachsen,0.15,0.15,0.1,0.15,0.1
4450,4450,Jena,TH,Thüringen,0.15,0.15,0.1,0.15,0.1
4451,4451,Jenalöbnitz,TH,Thüringen,0.15,0.15,0.1,0.15,0.1
4452,4452,Jengen,BY,Bayern,0.15,0.15,0.1,0.15,0.1
4453,4453,Jennewitz,MV,Mecklenburg-vorpommern,0.15,0.15,0.1,0.15,0.1
4454,4454,Jerichow,ST,Sachsen-anhalt,0.15,0.15,0.1,0.15,0.1
4455,4455,Jerrishoe,SH,Schleswig-holstein,0.15,0.15,0.1,0.15,0.1
4456,4456,Jersbek,SH,Schleswig-holstein,0.15,0.15,0.1,0.15,0.1
4457,4457,Jersleben,ST,Sachsen-anhalt,0.15,0.15,0.1,0.15,0.1
4458,4458,Jerxheim,NI,Niedersachsen,0.15,0.15,0.1,0.15,0.1
4459,4459,Jesberg,HE,Hessen,0.15,0.15,0.1,0.15,0.1
4460,4460,Jesendorf,MV,Mecklenburg-vorpommern,0.15,0.15,0.1,0.15,0.1
4461,4461,Jesenwang,BY,Bayern,0.15,0.15,0.1,0.15,0.1
4462,4462,Jesewitz,SN,Sachsen,0.15,0.15,0.1,0.15,0.1
4463,4463,Jessen,ST,Sachsen-anhalt,0.15,0.15,0.1,0.15,0.1
4464,4464,Jesteburg,NI,Niedersachsen,0.15,0.15,0.1,0.15,0.1
4465,4465,Jestetten,BW,Baden-württemberg,0.15,0.15,0.1,0.15,0.1
4466,4466,Jettenbach,BY,Bayern,0.15,0.15,0.1,0.15,0.1
4467,4467,Jettenbach,RP,Rheinland-pfalz,0.15,0.15,0.1,0.15,0.1
4468,4468,Jettingen-Scheppach,BY,Bayern,0.15,0.15,0.1,0.15,0.1
4469,4469,Jetzendorf,BY,Bayern,0.15,0.15,0.1,0.15,0.1
4470,4470,Jevenstedt,SH,Schleswig-holstein,0.15,0.15,0.1,0.15,0.1
4471,4471,Jever,NI,Niedersachsen,0.15,0.15,0.1,0.15,0.1
4472,4472,Jeßnitz,ST,Sachsen-anhalt,0.15,0.15,0.1,0.15,0.1
4473,4473,Joachimsthal,BB,Brandenburg,0.15,0.15,0.1,0.15,0.1
4474,4474,Jockgrim,RP,Rheinland-pfalz,0.15,0.15,0.1,0.15,0.1
4475,4475,Johannesberg,BY,Bayern,0.15,0.15,0.1,0.15,0.1
4476,4476,Johanngeorgenstadt,SN,Sachsen,0.15,0.15,0.1,0.15,0.1
4477,4477,Johanniskirchen,BY,Bayern,0.15,0.15,0.1,0.15,0.1
4478,4478,Joldelund,SH,Schleswig-holstein,0.15,0.15,0.1,0.15,0.1
4479,4479,Jonaswalde,TH,Thüringen,0.15,0.15,0.1,0.15,0.1
4480,4480,Jork,NI,Niedersachsen,0.15,0.15,0.1,0.15,0.1
4481,4481,Jucken,RP,Rheinland-pfalz,0.15,0.15,0.1,0.15,0.1
4482,4482,Judenbach,TH,Thüringen,0.15,0.15,0.1,0.15,0.1
4483,4483,Jugenheim,RP,Rheinland-pfalz,0.15,0.15,0.1,0.15,0.1
4484,4484,Juist,NI,Niedersachsen,0.15,0.15,0.1,0.15,0.1
4485,4485,Julbach,BY,Bayern,0.15,0.15,0.1,0.15,0.1
4486,4486,Juliusburg,SH,Schleswig-holstein,0.15,0.15,0.1,0.15,0.1
4487,4487,Jungingen,BW,Baden-württemberg,0.15,0.15,0.1,0.15,0.1
4488,4488,Jänschwalde,BB,Brandenburg,0.15,0.15,0.1,0.15,0.1
4489,4489,Jävenitz,ST,Sachsen-anhalt,0.15,0.15,0.1,0.15,0.1
4490,4490,Jöhstadt,SN,Sachsen,0.15,0.15,0.1,0.15,0.1
4491,4491,Jördenstorf,MV,Mecklenburg-vorpommern,0.15,0.15,0.1,0.15,0.1
4492,4492,Jörl,SH,Schleswig-holstein,0.15,0.15,0.1,0.15,0.1
4493,4493,Jübar,ST,Sachsen-anhalt,0.15,0.15,0.1,0.15,0.1
4494,4494,Jübek,SH,Schleswig-holstein,0.15,0.15,0.1,0.15,0.1
4495,4495,Jüchen,NW,Nordrhein-westfalen,0.15,0.15,0.1,0.15,0.1
4496,4496,Jüchsen,TH,Thüringen,0.15,0.15,0.1,0.15,0.1
4497,4497,Jückelberg,TH,Thüringen,0.15,0.15,0.1,0.15,0.1
4498,4498,Jüdenberg,ST,Sachsen-anhalt,0.15,0.15,0.1,0.15,0.1
4499,4499,Jühnde,NI,Niedersachsen,0.15,0.15,0.1,0.15,0.1
4500,4500,Jülich,NW,Nordrhein-westfalen,0.15,0.15,0.1,0.15,0.1
4501,4501,Jünkerath,RP,Rheinland-pfalz,0.15,0.15,0.1,0.15,0.1
4502,4502,Jürgenshagen,MV,Mecklenburg-vorpommern,0.15,0.15,0.1,0.15,0.1
4503,4503,Jürgenstorf,MV,Mecklenburg-vorpommern,0.15,0.15,0.1,0.15,0.1
4504,4504,Jüterbog,BB,Brandenburg,0.15,0.15,0.1,0.15,0.1
4505,4505,Jütrichau,ST,Sachsen-anhalt,0.15,0.15,0.1,0.15,0.1
4506,4506,Jützenbach,TH,Thüringen,0.15,0.15,0.1,0.15,0.1
4507,4507,Kaaks,SH,Schleswig-holstein,0.15,0.15,0.1,0.15,0.1
4508,4508,Kaarst,NW,Nordrhein-westfalen,0.15,0.15,0.1,0.15,0.1
4509,4509,Kabelhorst,SH,Schleswig-holstein,0.15,0.15,0.1,0.15,0.1
4510,4510,Kade,ST,Sachsen-anhalt,0.15,0.15,0.1,0.15,0.1
4511,4511,Kaden,RP,Rheinland-pfalz,0.15,0.15,0.1,0.15,0.1
4512,4512,Kadenbach,RP,Rheinland-pfalz,0.15,0.15,0.1,0.15,0.1
4513,4513,Kahl am Main,BY,Bayern,0.15,0.15,0.1,0.15,0.1
4514,4514,Kahla,TH,Thüringen,0.15,0.15,0.1,0.15,0.1
4515,4515,Kaifenheim,RP,Rheinland-pfalz,0.15,0.15,0.1,0.15,0.1
4516,4516,Kail,RP,Rheinland-pfalz,0.15,0.15,0.1,0.15,0.1
4517,4517,Kaisborstel,SH,Schleswig-holstein,0.15,0.15,0.1,0.15,0.1
4518,4518,Kaisersbach,BW,Baden-württemberg,0.15,0.15,0.1,0.15,0.1
4519,4519,Kaisersesch,RP,Rheinland-pfalz,0.15,0.15,0.1,0.15,0.1
4520,4520,Kaiserslautern,RP,Rheinland-pfalz,0.15,0.15,0.1,0.15,0.1
4521,4521,Kaisheim,BY,Bayern,0.15,0.15,0.1,0.15,0.1
4522,4522,Kakau,ST,Sachsen-anhalt,0.15,0.15,0.1,0.15,0.1
4523,4523,Kakenstorf,NI,Niedersachsen,0.15,0.15,0.1,0.15,0.1
4524,4524,Kakerbeck,ST,Sachsen-anhalt,0.15,0.15,0.1,0.15,0.1
4525,4525,Kalbach,HE,Hessen,0.15,0.15,0.1,0.15,0.1
4526,4526,Kalbe,NI,Niedersachsen,0.15,0.15,0.1,0.15,0.1
4527,4527,Kalbe,ST,Sachsen-anhalt,0.15,0.15,0.1,0.15,0.1
4528,4528,Kalbsrieth,TH,Thüringen,0.15,0.15,0.1,0.15,0.1
4529,4529,Kalchreuth,BY,Bayern,0.15,0.15,0.1,0.15,0.1
4530,4530,Kalefeld,NI,Niedersachsen,0.15,0.15,0.1,0.15,0.1
4531,4531,Kalenborn,RP,Rheinland-pfalz,0.15,0.15,0.1,0.15,0.1
4532,4532,Kalenborn-Scheuern,RP,Rheinland-pfalz,0.15,0.15,0.1,0.15,0.1
4533,4533,Kalk,NW,Nordrhein-westfalen,0.15,0.15,0.1,0.15,0.1
4534,4534,Kalkar,NW,Nordrhein-westfalen,0.15,0.15,0.1,0.15,0.1
4535,4535,Kalkhorst,MV,Mecklenburg-vorpommern,0.15,0.15,0.1,0.15,0.1
4536,4536,Kalkofen,RP,Rheinland-pfalz,0.15,0.15,0.1,0.15,0.1
4537,4537,Kall,NW,Nordrhein-westfalen,0.15,0.15,0.1,0.15,0.1
4538,4538,Kallmerode,TH,Thüringen,0.15,0.15,0.1,0.15,0.1
4539,4539,Kallmünz,BY,Bayern,0.15,0.15,0.1,0.15,0.1
4540,4540,Kallstadt,RP,Rheinland-pfalz,0.15,0.15,0.1,0.15,0.1
4541,4541,Kalt,RP,Rheinland-pfalz,0.15,0.15,0.1,0.15,0.1
4542,4542,Kaltenborn,RP,Rheinland-pfalz,0.15,0.15,0.1,0.15,0.1
4543,4543,Kaltenengers,RP,Rheinland-pfalz,0.15,0.15,0.1,0.15,0.1
4544,4544,Kaltenholzhausen,RP,Rheinland-pfalz,0.15,0.15,0.1,0.15,0.1
4545,4545,Kaltenkirchen,SH,Schleswig-holstein,0.15,0.15,0.1,0.15,0.1
4546,4546,Kaltenlengsfeld,TH,Thüringen,0.15,0.15,0.1,0.15,0.1
4547,4547,Kaltennordheim,TH,Thüringen,0.15,0.15,0.1,0.15,0.1
4548,4548,Kaltensundheim,TH,Thüringen,0.15,0.15,0.1,0.15,0.1
4549,4549,Kaltenwestheim,TH,Thüringen,0.15,0.15,0.1,0.15,0.1
4550,4550,Kalübbe,SH,Schleswig-holstein,0.15,0.15,0.1,0.15,0.1
4551,4551,Kamen,NW,Nordrhein-westfalen,0.15,0.15,0.1,0.15,0.1
4552,4552,Kamenz,SN,Sachsen,0.15,0.15,0.1,0.15,0.1
4553,4553,Kamern,ST,Sachsen-anhalt,0.15,0.15,0.1,0.15,0.1
4554,4554,Kammerforst,TH,Thüringen,0.15,0.15,0.1,0.15,0.1
4555,4555,Kammerforst,RP,Rheinland-pfalz,0.15,0.15,0.1,0.15,0.1
4556,4556,Kammerstein,BY,Bayern,0.15,0.15,0.1,0.15,0.1
4557,4557,Kamp-Bornhofen,RP,Rheinland-pfalz,0.15,0.15,0.1,0.15,0.1
4558,4558,Kamp-Lintfort,NW,Nordrhein-westfalen,0.15,0.15,0.1,0.15,0.1
4559,4559,Kampen,SH,Schleswig-holstein,0.15,0.15,0.1,0.15,0.1
4560,4560,Kamsdorf,TH,Thüringen,0.15,0.15,0.1,0.15,0.1
4561,4561,Kandel,RP,Rheinland-pfalz,0.15,0.15,0.1,0.15,0.1
4562,4562,Kandern,BW,Baden-württemberg,0.15,0.15,0.1,0.15,0.1
4563,4563,Kankelau,SH,Schleswig-holstein,0.15,0.15,0.1,0.15,0.1
4564,4564,Kannawurf,TH,Thüringen,0.15,0.15,0.1,0.15,0.1
4565,4565,Kanzach,BW,Baden-württemberg,0.15,0.15,0.1,0.15,0.1
4566,4566,Kanzem,RP,Rheinland-pfalz,0.15,0.15,0.1,0.15,0.1
4567,4567,Kapellen-Drusweiler,RP,Rheinland-pfalz,0.15,0.15,0.1,0.15,0.1
4568,4568,Kapellendorf,TH,Thüringen,0.15,0.15,0.1,0.15,0.1
4569,4569,Kaperich,RP,Rheinland-pfalz,0.15,0.15,0.1,0.15,0.1
4570,4570,Kappel,RP,Rheinland-pfalz,0.15,0.15,0.1,0.15,0.1
4571,4571,Kappel-Grafenhausen,BW,Baden-württemberg,0.15,0.15,0.1,0.15,0.1
4572,4572,Kappeln,SH,Schleswig-holstein,0.15,0.15,0.1,0.15,0.1
4573,4573,Kappeln,RP,Rheinland-pfalz,0.15,0.15,0.1,0.15,0.1
4574,4574,Kappelrodeck,BW,Baden-württemberg,0.15,0.15,0.1,0.15,0.1
4575,4575,Kapsweyer,RP,Rheinland-pfalz,0.15,0.15,0.1,0.15,0.1
4576,4576,Karbach,RP,Rheinland-pfalz,0.15,0.15,0.1,0.15,0.1
4577,4577,Karbach,BY,Bayern,0.15,0.15,0.1,0.15,0.1
4578,4578,Karben,HE,Hessen,0.15,0.15,0.1,0.15,0.1
4579,4579,Karby,SH,Schleswig-holstein,0.15,0.15,0.1,0.15,0.1
4580,4580,Kargow,MV,Mecklenburg-vorpommern,0.15,0.15,0.1,0.15,0.1
4581,4581,Karl,RP,Rheinland-pfalz,0.15,0.15,0.1,0.15,0.1
4582,4582,Karlsdorf,TH,Thüringen,0.15,0.15,0.1,0.15,0.1
4583,4583,Karlsdorf-Neuthard,BW,Baden-württemberg,0.15,0.15,0.1,0.15,0.1
4584,4584,Karlsfeld,BY,Bayern,0.15,0.15,0.1,0.15,0.1
4585,4585,Karlshagen,MV,Mecklenburg-vorpommern,0.15,0.15,0.1,0.15,0.1
4586,4586,Karlshausen,RP,Rheinland-pfalz,0.15,0.15,0.1,0.15,0.1
4587,4587,Karlshuld,BY,Bayern,0.15,0.15,0.1,0.15,0.1
4588,4588,Karlskron,BY,Bayern,0.15,0.15,0.1,0.15,0.1
4589,4589,Karlsruhe,BW,Baden-württemberg,0.15,0.15,0.1,0.15,0.1
4590,4590,Karlstadt,BY,Bayern,0.15,0.15,0.1,0.15,0.1
4591,4591,Karlum,SH,Schleswig-holstein,0.15,0.15,0.1,0.15,0.1
4592,4592,Karolinenkoog,SH,Schleswig-holstein,0.15,0.15,0.1,0.15,0.1
4593,4593,Karow,BE,Berlin,0.15,0.15,0.1,0.15,0.1
4594,4594,Karow,ST,Sachsen-anhalt,0.15,0.15,0.1,0.15,0.1
4595,4595,Karsbach,BY,Bayern,0.15,0.15,0.1,0.15,0.1
4596,4596,Karsdorf,ST,Sachsen-anhalt,0.15,0.15,0.1,0.15,0.1
4597,4597,Karstädt,BB,Brandenburg,0.15,0.15,0.1,0.15,0.1
4598,4598,Karstädt,MV,Mecklenburg-vorpommern,0.15,0.15,0.1,0.15,0.1
4599,4599,Karwitz,NI,Niedersachsen,0.15,0.15,0.1,0.15,0.1
4600,4600,Kasbach-Ohlenberg,RP,Rheinland-pfalz,0.15,0.15,0.1,0.15,0.1
4601,4601,Kaschenbach,RP,Rheinland-pfalz,0.15,0.15,0.1,0.15,0.1
4602,4602,Kasdorf,RP,Rheinland-pfalz,0.15,0.15,0.1,0.15,0.1
4603,4603,Kasel,RP,Rheinland-pfalz,0.15,0.15,0.1,0.15,0.1
4604,4604,Kasel-Golzig,BB,Brandenburg,0.15,0.15,0.1,0.15,0.1
4605,4605,Kasendorf,BY,Bayern,0.15,0.15,0.1,0.15,0.1
4606,4606,Kasseburg,SH,Schleswig-holstein,0.15,0.15,0.1,0.15,0.1
4607,4607,Kasseedorf,SH,Schleswig-holstein,0.15,0.15,0.1,0.15,0.1
4608,4608,Kassel,HE,Hessen,0.15,0.15,0.1,0.15,0.1
4609,4609,Kastel-Staadt,RP,Rheinland-pfalz,0.15,0.15,0.1,0.15,0.1
4610,4610,Kastellaun,RP,Rheinland-pfalz,0.15,0.15,0.1,0.15,0.1
4611,4611,Kastl,BY,Bayern,0.15,0.15,0.1,0.15,0.1
4612,4612,Kastorf,SH,Schleswig-holstein,0.15,0.15,0.1,0.15,0.1
4613,4613,Katharinenberg,TH,Thüringen,0.15,0.15,0.1,0.15,0.1
4614,4614,Katharinenheerd,SH,Schleswig-holstein,0.15,0.15,0.1,0.15,0.1
4615,4615,Katlenburg-Lindau,NI,Niedersachsen,0.15,0.15,0.1,0.15,0.1
4616,4616,Kattendorf,SH,Schleswig-holstein,0.15,0.15,0.1,0.15,0.1
4617,4617,Katzenbach,RP,Rheinland-pfalz,0.15,0.15,0.1,0.15,0.1
4618,4618,Katzenelnbogen,RP,Rheinland-pfalz,0.15,0.15,0.1,0.15,0.1
4619,4619,Katzhütte,TH,Thüringen,0.15,0.15,0.1,0.15,0.1
4620,4620,Katzow,MV,Mecklenburg-vorpommern,0.15,0.15,0.1,0.15,0.1
4621,4621,Katzweiler,RP,Rheinland-pfalz,0.15,0.15,0.1,0.15,0.1
4622,4622,Katzwinkel,RP,Rheinland-pfalz,0.15,0.15,0.1,0.15,0.1
4623,4623,Kaub,RP,Rheinland-pfalz,0.15,0.15,0.1,0.15,0.1
4624,4624,Kaufbeuren,BY,Bayern,0.15,0.15,0.1,0.15,0.1
4625,4625,Kaufering,BY,Bayern,0.15,0.15,0.1,0.15,0.1
4626,4626,Kaufungen,HE,Hessen,0.15,0.15,0.1,0.15,0.1
4627,4627,Kaulsdorf,TH,Thüringen,0.15,0.15,0.1,0.15,0.1
4628,4628,Kaulsdorf,BE,Berlin,0.15,0.15,0.1,0.15,0.1
4629,4629,Kausen,RP,Rheinland-pfalz,0.15,0.15,0.1,0.15,0.1
4630,4630,Kavelstorf,MV,Mecklenburg-vorpommern,0.15,0.15,0.1,0.15,0.1
4631,4631,Kayhude,SH,Schleswig-holstein,0.15,0.15,0.1,0.15,0.1
4632,4632,Kayna,ST,Sachsen-anhalt,0.15,0.15,0.1,0.15,0.1
4633,4633,Kefenrod,HE,Hessen,0.15,0.15,0.1,0.15,0.1
4634,4634,Kefferhausen,TH,Thüringen,0.15,0.15,0.1,0.15,0.1
4635,4635,Kehl,BW,Baden-württemberg,0.15,0.15,0.1,0.15,0.1
4636,4636,Kehlbach,RP,Rheinland-pfalz,0.15,0.15,0.1,0.15,0.1
4637,4637,Kehmstedt,TH,Thüringen,0.15,0.15,0.1,0.15,0.1
4638,4638,Kehrig,RP,Rheinland-pfalz,0.15,0.15,0.1,0.15,0.1
4639,4639,Keidelheim,RP,Rheinland-pfalz,0.15,0.15,0.1,0.15,0.1
4640,4640,Keila,TH,Thüringen,0.15,0.15,0.1,0.15,0.1
4641,4641,Kelberg,RP,Rheinland-pfalz,0.15,0.15,0.1,0.15,0.1
4642,4642,Kelbra,ST,Sachsen-anhalt,0.15,0.15,0.1,0.15,0.1
4643,4643,Kelheim,BY,Bayern,0.15,0.15,0.1,0.15,0.1
4644,4644,Kell,RP,Rheinland-pfalz,0.15,0.15,0.1,0.15,0.1
4645,4645,Kell am See,RP,Rheinland-pfalz,0.15,0.15,0.1,0.15,0.1
4646,4646,Kella,TH,Thüringen,0.15,0.15,0.1,0.15,0.1
4647,4647,Kellenbach,RP,Rheinland-pfalz,0.15,0.15,0.1,0.15,0.1
4648,4648,Kellenhusen,SH,Schleswig-holstein,0.15,0.15,0.1,0.15,0.1
4649,4649,Kellinghusen,SH,Schleswig-holstein,0.15,0.15,0.1,0.15,0.1
4650,4650,Kellmünz,BY,Bayern,0.15,0.15,0.1,0.15,0.1
4651,4651,Kelsterbach,HE,Hessen,0.15,0.15,0.1,0.15,0.1
4652,4652,Kemberg,ST,Sachsen-anhalt,0.15,0.15,0.1,0.15,0.1
4653,4653,Kemmenau,RP,Rheinland-pfalz,0.15,0.15,0.1,0.15,0.1
4654,4654,Kemmern,BY,Bayern,0.15,0.15,0.1,0.15,0.1
4655,4655,Kemnath,BY,Bayern,0.15,0.15,0.1,0.15,0.1
4656,4656,Kemnitz,MV,Mecklenburg-vorpommern,0.15,0.15,0.1,0.15,0.1
4657,4657,Kempen,NW,Nordrhein-westfalen,0.15,0.15,0.1,0.15,0.1
4658,4658,Kempenich,RP,Rheinland-pfalz,0.15,0.15,0.1,0.15,0.1
4659,4659,Kempfeld,RP,Rheinland-pfalz,0.15,0.15,0.1,0.15,0.1
4660,4660,Kenn,RP,Rheinland-pfalz,0.15,0.15,0.1,0.15,0.1
4661,4661,Kenzingen,BW,Baden-württemberg,0.15,0.15,0.1,0.15,0.1
4662,4662,Keppeshausen,RP,Rheinland-pfalz,0.15,0.15,0.1,0.15,0.1
4663,4663,Kerben,RP,Rheinland-pfalz,0.15,0.15,0.1,0.15,0.1
4664,4664,Kerpen,NW,Nordrhein-westfalen,0.15,0.15,0.1,0.15,0.1
4665,4665,Kerschenbach,RP,Rheinland-pfalz,0.15,0.15,0.1,0.15,0.1
4666,4666,Kerzenheim,RP,Rheinland-pfalz,0.15,0.15,0.1,0.15,0.1
4667,4667,Kescheid,RP,Rheinland-pfalz,0.15,0.15,0.1,0.15,0.1
4668,4668,Kesfeld,RP,Rheinland-pfalz,0.15,0.15,0.1,0.15,0.1
4669,4669,Kesseling,RP,Rheinland-pfalz,0.15,0.15,0.1,0.15,0.1
4670,4670,Kessin,MV,Mecklenburg-vorpommern,0.15,0.15,0.1,0.15,0.1
4671,4671,Kesten,RP,Rheinland-pfalz,0.15,0.15,0.1,0.15,0.1
4672,4672,Kestert,RP,Rheinland-pfalz,0.15,0.15,0.1,0.15,0.1
4673,4673,Ketsch,BW,Baden-württemberg,0.15,0.15,0.1,0.15,0.1
4674,4674,Kettenhausen,RP,Rheinland-pfalz,0.15,0.15,0.1,0.15,0.1
4675,4675,Kettenheim,RP,Rheinland-pfalz,0.15,0.15,0.1,0.15,0.1
4676,4676,Kettenkamp,NI,Niedersachsen,0.15,0.15,0.1,0.15,0.1
4677,4677,Kettershausen,BY,Bayern,0.15,0.15,0.1,0.15,0.1
4678,4678,Kettig,RP,Rheinland-pfalz,0.15,0.15,0.1,0.15,0.1
4679,4679,Ketzin,BB,Brandenburg,0.15,0.15,0.1,0.15,0.1
4680,4680,Kevelaer,NW,Nordrhein-westfalen,0.15,0.15,0.1,0.15,0.1
4681,4681,Kickeshausen,RP,Rheinland-pfalz,0.15,0.15,0.1,0.15,0.1
4682,4682,Kiebitzreihe,SH,Schleswig-holstein,0.15,0.15,0.1,0.15,0.1
4683,4683,Kiedrich,HE,Hessen,0.15,0.15,0.1,0.15,0.1
4684,4684,Kiefersfelden,BY,Bayern,0.15,0.15,0.1,0.15,0.1
4685,4685,Kiel,SH,Schleswig-holstein,0.15,0.15,0.1,0.15,0.1
4686,4686,Kienberg,BY,Bayern,0.15,0.15,0.1,0.15,0.1
4687,4687,Kierspe,NW,Nordrhein-westfalen,0.15,0.15,0.1,0.15,0.1
4688,4688,Kieselbronn,BW,Baden-württemberg,0.15,0.15,0.1,0.15,0.1
4689,4689,Kietz,BB,Brandenburg,0.15,0.15,0.1,0.15,0.1
4690,4690,Kiliansroda,TH,Thüringen,0.15,0.15,0.1,0.15,0.1
4691,4691,Kindelbrück,TH,Thüringen,0.15,0.15,0.1,0.15,0.1
4692,4692,Kindenheim,RP,Rheinland-pfalz,0.15,0.15,0.1,0.15,0.1
4693,4693,Kinderbeuern,RP,Rheinland-pfalz,0.15,0.15,0.1,0.15,0.1
4694,4694,Kindsbach,RP,Rheinland-pfalz,0.15,0.15,0.1,0.15,0.1
4695,4695,Kinheim,RP,Rheinland-pfalz,0.15,0.15,0.1,0.15,0.1
4696,4696,Kinsau,BY,Bayern,0.15,0.15,0.1,0.15,0.1
4697,4697,Kinzenburg,RP,Rheinland-pfalz,0.15,0.15,0.1,0.15,0.1
4698,4698,Kippenheim,BW,Baden-württemberg,0.15,0.15,0.1,0.15,0.1
4699,4699,Kirburg,RP,Rheinland-pfalz,0.15,0.15,0.1,0.15,0.1
4700,4700,Kirch Jesar,MV,Mecklenburg-vorpommern,0.15,0.15,0.1,0.15,0.1
4701,4701,Kirchanschöring,BY,Bayern,0.15,0.15,0.1,0.15,0.1
4702,4702,Kirchardt,BW,Baden-württemberg,0.15,0.15,0.1,0.15,0.1
4703,4703,Kirchbarkau,SH,Schleswig-holstein,0.15,0.15,0.1,0.15,0.1
4704,4704,Kirchberg,BY,Bayern,0.15,0.15,0.1,0.15,0.1
4705,4705,Kirchberg,SN,Sachsen,0.15,0.15,0.1,0.15,0.1
4706,4706,Kirchberg,RP,Rheinland-pfalz,0.15,0.15,0.1,0.15,0.1
4707,4707,Kirchberg an der Iller,BW,Baden-württemberg,0.15,0.15,0.1,0.15,0.1
4708,4708,Kirchberg an der Jagst,BW,Baden-württemberg,0.15,0.15,0.1,0.15,0.1
4709,4709,Kirchberg an der Murr,BW,Baden-württemberg,0.15,0.15,0.1,0.15,0.1
4710,4710,Kirchbrak,NI,Niedersachsen,0.15,0.15,0.1,0.15,0.1
4711,4711,Kirchdorf,BY,Bayern,0.15,0.15,0.1,0.15,0.1
4712,4712,Kirchdorf,NI,Niedersachsen,0.15,0.15,0.1,0.15,0.1
4713,4713,Kirchdorf,MV,Mecklenburg-vorpommern,0.15,0.15,0.1,0.15,0.1
4714,4714,Kirchdorf,BW,Baden-württemberg,0.15,0.15,0.1,0.15,0.1
4715,4715,Kirchdorf am Inn,BY,Bayern,0.15,0.15,0.1,0.15,0.1
4716,4716,Kirchdorf im Wald,BY,Bayern,0.15,0.15,0.1,0.15,0.1
4717,4717,Kirchehrenbach,BY,Bayern,0.15,0.15,0.1,0.15,0.1
4718,4718,Kircheib,RP,Rheinland-pfalz,0.15,0.15,0.1,0.15,0.1
4719,4719,Kirchen,RP,Rheinland-pfalz,0.15,0.15,0.1,0.15,0.1
4720,4720,Kirchendemenreuth,BY,Bayern,0.15,0.15,0.1,0.15,0.1
4721,4721,Kirchenlamitz,BY,Bayern,0.15,0.15,0.1,0.15,0.1
4722,4722,Kirchenpingarten,BY,Bayern,0.15,0.15,0.1,0.15,0.1
4723,4723,Kirchensittenbach,BY,Bayern,0.15,0.15,0.1,0.15,0.1
4724,4724,Kirchentellinsfurt,BW,Baden-württemberg,0.15,0.15,0.1,0.15,0.1
4725,4725,Kirchenthumbach,BY,Bayern,0.15,0.15,0.1,0.15,0.1
4726,4726,Kirchgandern,TH,Thüringen,0.15,0.15,0.1,0.15,0.1
4727,4727,Kirchgellersen,NI,Niedersachsen,0.15,0.15,0.1,0.15,0.1
4728,4728,Kirchhain,HE,Hessen,0.15,0.15,0.1,0.15,0.1
4729,4729,Kirchham,BY,Bayern,0.15,0.15,0.1,0.15,0.1
4730,4730,Kirchhaslach,BY,Bayern,0.15,0.15,0.1,0.15,0.1
4731,4731,Kirchheilingen,TH,Thüringen,0.15,0.15,0.1,0.15,0.1
4732,4732,Kirchheim,HE,Hessen,0.15,0.15,0.1,0.15,0.1
4733,4733,Kirchheim,TH,Thüringen,0.15,0.15,0.1,0.15,0.1
4734,4734,Kirchheim,BY,Bayern,0.15,0.15,0.1,0.15,0.1
4735,4735,Kirchheim am Neckar,BW,Baden-württemberg,0.15,0.15,0.1,0.15,0.1
4736,4736,Kirchheim am Ries,BW,Baden-württemberg,0.15,0.15,0.1,0.15,0.1
4737,4737,Kirchheim an der Weinstraße,RP,Rheinland-pfalz,0.15,0.15,0.1,0.15,0.1
4738,4738,Kirchheim bei München,BY,Bayern,0.15,0.15,0.1,0.15,0.1
4739,4739,Kirchheim unter Teck,BW,Baden-württemberg,0.15,0.15,0.1,0.15,0.1
4740,4740,Kirchheimbolanden,RP,Rheinland-pfalz,0.15,0.15,0.1,0.15,0.1
4741,4741,Kirchhundem,NW,Nordrhein-westfalen,0.15,0.15,0.1,0.15,0.1
4742,4742,Kirchlauter,BY,Bayern,0.15,0.15,0.1,0.15,0.1
4743,4743,Kirchlengern,NW,Nordrhein-westfalen,0.15,0.15,0.1,0.15,0.1
4744,4744,Kirchlinteln,NI,Niedersachsen,0.15,0.15,0.1,0.15,0.1
4745,4745,Kirchnüchel,SH,Schleswig-holstein,0.15,0.15,0.1,0.15,0.1
4746,4746,Kirchroth,BY,Bayern,0.15,0.15,0.1,0.15,0.1
4747,4747,Kirchsahr,RP,Rheinland-pfalz,0.15,0.15,0.1,0.15,0.1
4748,4748,Kirchseelte,NI,Niedersachsen,0.15,0.15,0.1,0.15,0.1
4749,4749,Kirchseeon,BY,Bayern,0.15,0.15,0.1,0.15,0.1
4750,4750,Kirchtimke,NI,Niedersachsen,0.15,0.15,0.1,0.15,0.1
4751,4751,Kirchwald,RP,Rheinland-pfalz,0.15,0.15,0.1,0.15,0.1
4752,4752,Kirchwalsede,NI,Niedersachsen,0.15,0.15,0.1,0.15,0.1
4753,4753,Kirchweidach,BY,Bayern,0.15,0.15,0.1,0.15,0.1
4754,4754,Kirchweiler,RP,Rheinland-pfalz,0.15,0.15,0.1,0.15,0.1
4755,4755,Kirchwistedt,NI,Niedersachsen,0.15,0.15,0.1,0.15,0.1
4756,4756,Kirchworbis,TH,Thüringen,0.15,0.15,0.1,0.15,0.1
4757,4757,Kirchzarten,BW,Baden-württemberg,0.15,0.15,0.1,0.15,0.1
4758,4758,Kirchzell,BY,Bayern,0.15,0.15,0.1,0.15,0.1
4759,4759,Kirf,RP,Rheinland-pfalz,0.15,0.15,0.1,0.15,0.1
4760,4760,Kirkel,SL,Saarland,0.15,0.15,0.1,0.15,0.1
4761,4761,Kirn,RP,Rheinland-pfalz,0.15,0.15,0.1,0.15,0.1
4762,4762,Kirrweiler,RP,Rheinland-pfalz,0.15,0.15,0.1,0.15,0.1
4763,4763,Kirsbach,RP,Rheinland-pfalz,0.15,0.15,0.1,0.15,0.1
4764,4764,Kirschau,SN,Sachsen,0.15,0.15,0.1,0.15,0.1
4765,4765,Kirschkau,TH,Thüringen,0.15,0.15,0.1,0.15,0.1
4766,4766,Kirschroth,RP,Rheinland-pfalz,0.15,0.15,0.1,0.15,0.1
4767,4767,Kirschweiler,RP,Rheinland-pfalz,0.15,0.15,0.1,0.15,0.1
4768,4768,Kirtorf,HE,Hessen,0.15,0.15,0.1,0.15,0.1
4769,4769,Kisdorf,SH,Schleswig-holstein,0.15,0.15,0.1,0.15,0.1
4770,4770,Kisselbach,RP,Rheinland-pfalz,0.15,0.15,0.1,0.15,0.1
4771,4771,Kissenbrück,NI,Niedersachsen,0.15,0.15,0.1,0.15,0.1
4772,4772,Kissing,BY,Bayern,0.15,0.15,0.1,0.15,0.1
4773,4773,Kist,BY,Bayern,0.15,0.15,0.1,0.15,0.1
4774,4774,Kittlitz,SH,Schleswig-holstein,0.15,0.15,0.1,0.15,0.1
4775,4775,Kitzen,SN,Sachsen,0.15,0.15,0.1,0.15,0.1
4776,4776,Kitzingen,BY,Bayern,0.15,0.15,0.1,0.15,0.1
4777,4777,Kitzscher,SN,Sachsen,0.15,0.15,0.1,0.15,0.1
4778,4778,Kißlegg,BW,Baden-württemberg,0.15,0.15,0.1,0.15,0.1
4779,4779,Klamp,SH,Schleswig-holstein,0.15,0.15,0.1,0.15,0.1
4780,4780,Klanxbüll,SH,Schleswig-holstein,0.15,0.15,0.1,0.15,0.1
4781,4781,Klappholz,SH,Schleswig-holstein,0.15,0.15,0.1,0.15,0.1
4782,4782,Klausdorf,MV,Mecklenburg-vorpommern,0.15,0.15,0.1,0.15,0.1
4783,4783,Klausdorf,SH,Schleswig-holstein,0.15,0.15,0.1,0.15,0.1
4784,4784,Klausen,RP,Rheinland-pfalz,0.15,0.15,0.1,0.15,0.1
4785,4785,Klein Ammensleben,ST,Sachsen-anhalt,0.15,0.15,0.1,0.15,0.1
4786,4786,Klein Barkau,SH,Schleswig-holstein,0.15,0.15,0.1,0.15,0.1
4787,4787,Klein Belitz,MV,Mecklenburg-vorpommern,0.15,0.15,0.1,0.15,0.1
4788,4788,Klein Bennebek,SH,Schleswig-holstein,0.15,0.15,0.1,0.15,0.1
4789,4789,Klein Berßen,NI,Niedersachsen,0.15,0.15,0.1,0.15,0.1
4790,4790,Klein Bünzow,MV,Mecklenburg-vorpommern,0.15,0.15,0.1,0.15,0.1
4791,4791,Klein Gladebrügge,SH,Schleswig-holstein,0.15,0.15,0.1,0.15,0.1
4792,4792,Klein Gusborn,NI,Niedersachsen,0.15,0.15,0.1,0.15,0.1
4793,4793,Klein Kussewitz,MV,Mecklenburg-vorpommern,0.15,0.15,0.1,0.15,0.1
4794,4794,Klein Meckelsen,NI,Niedersachsen,0.15,0.15,0.1,0.15,0.1
4795,4795,Klein Nordende,SH,Schleswig-holstein,0.15,0.15,0.1,0.15,0.1
4796,4796,Klein Offenseth-Sparrieshoop,SH,Schleswig-holstein,0.15,0.15,0.1,0.15,0.1
4797,4797,Klein Pampau,SH,Schleswig-holstein,0.15,0.15,0.1,0.15,0.1
4798,4798,Klein Rheide,SH,Schleswig-holstein,0.15,0.15,0.1,0.15,0.1
4799,4799,Klein Rodensleben,ST,Sachsen-anhalt,0.15,0.15,0.1,0.15,0.1
4800,4800,Klein Rogahn,MV,Mecklenburg-vorpommern,0.15,0.15,0.1,0.15,0.1
4801,4801,Klein Rönnau,SH,Schleswig-holstein,0.15,0.15,0.1,0.15,0.1
4802,4802,Klein Trebbow,MV,Mecklenburg-vorpommern,0.15,0.15,0.1,0.15,0.1
4803,4803,Klein Vielen,MV,Mecklenburg-vorpommern,0.15,0.15,0.1,0.15,0.1
4804,4804,Klein Wanzleben,ST,Sachsen-anhalt,0.15,0.15,0.1,0.15,0.1
4805,4805,Klein Wesenberg,SH,Schleswig-holstein,0.15,0.15,0.1,0.15,0.1
4806,4806,Klein Wittensee,SH,Schleswig-holstein,0.15,0.15,0.1,0.15,0.1
4807,4807,Klein Zecher,SH,Schleswig-holstein,0.15,0.15,0.1,0.15,0.1
4808,4808,Klein-Winternheim,RP,Rheinland-pfalz,0.15,0.15,0.1,0.15,0.1
4809,4809,Kleinaitingen,BY,Bayern,0.15,0.15,0.1,0.15,0.1
4810,4810,Kleinau,ST,Sachsen-anhalt,0.15,0.15,0.1,0.15,0.1
4811,4811,Kleinbartloff,TH,Thüringen,0.15,0.15,0.1,0.15,0.1
4812,4812,Kleinblittersdorf,SL,Saarland,0.15,0.15,0.1,0.15,0.1
4813,4813,Kleinbockedra,TH,Thüringen,0.15,0.15,0.1,0.15,0.1
4814,4814,Kleinbodungen,TH,Thüringen,0.15,0.15,0.1,0.15,0.1
4815,4815,Kleinbrembach,TH,Thüringen,0.15,0.15,0.1,0.15,0.1
4816,4816,Kleinbundenbach,RP,Rheinland-pfalz,0.15,0.15,0.1,0.15,0.1
4817,4817,Kleinebersdorf,TH,Thüringen,0.15,0.15,0.1,0.15,0.1
4818,4818,Kleiner Grasbrook,HH,Hamburg,0.15,0.15,0.1,0.15,0.1
4819,4819,Kleineutersdorf,TH,Thüringen,0.15,0.15,0.1,0.15,0.1
4820,4820,Kleinfischlingen,RP,Rheinland-pfalz,0.15,0.15,0.1,0.15,0.1
4821,4821,Kleinfurra,TH,Thüringen,0.15,0.15,0.1,0.15,0.1
4822,4822,Kleinheubach,BY,Bayern,0.15,0.15,0.1,0.15,0.1
4823,4823,Kleinich,RP,Rheinland-pfalz,0.15,0.15,0.1,0.15,0.1
4824,4824,Kleinkahl,BY,Bayern,0.15,0.15,0.1,0.15,0.1
4825,4825,Kleinkarlbach,RP,Rheinland-pfalz,0.15,0.15,0.1,0.15,0.1
4826,4826,Kleinlangenfeld,RP,Rheinland-pfalz,0.15,0.15,0.1,0.15,0.1
4827,4827,Kleinlangheim,BY,Bayern,0.15,0.15,0.1,0.15,0.1
4828,4828,Kleinmachnow,BB,Brandenburg,0.15,0.15,0.1,0.15,0.1
4829,4829,Kleinmaischeid,RP,Rheinland-pfalz,0.15,0.15,0.1,0.15,0.1
4830,4830,Kleinmölsen,TH,Thüringen,0.15,0.15,0.1,0.15,0.1
4831,4831,Kleinneuhausen,TH,Thüringen,0.15,0.15,0.1,0.15,0.1
4832,4832,Kleinniedesheim,RP,Rheinland-pfalz,0.15,0.15,0.1,0.15,0.1
4833,4833,Kleinobringen,TH,Thüringen,0.15,0.15,0.1,0.15,0.1
4834,4834,Kleinostheim,BY,Bayern,0.15,0.15,0.1,0.15,0.1
4835,4835,Kleinrinderfeld,BY,Bayern,0.15,0.15,0.1,0.15,0.1
4836,4836,Kleinschmalkalden,TH,Thüringen,0.15,0.15,0.1,0.15,0.1
4837,4837,Kleinschwabhausen,TH,Thüringen,0.15,0.15,0.1,0.15,0.1
4838,4838,Kleinsendelbach,BY,Bayern,0.15,0.15,0.1,0.15,0.1
4839,4839,Kleinsteinhausen,RP,Rheinland-pfalz,0.15,0.15,0.1,0.15,0.1
4840,4840,Kleinwallstadt,BY,Bayern,0.15,0.15,0.1,0.15,0.1
4841,4841,Kleinwelsbach,TH,Thüringen,0.15,0.15,0.1,0.15,0.1
4842,4842,Klempau,SH,Schleswig-holstein,0.15,0.15,0.1,0.15,0.1
4843,4843,Kletkamp,SH,Schleswig-holstein,0.15,0.15,0.1,0.15,0.1
4844,4844,Klettbach,TH,Thüringen,0.15,0.15,0.1,0.15,0.1
4845,4845,Klettstedt,TH,Thüringen,0.15,0.15,0.1,0.15,0.1
4846,4846,Kleve,SH,Schleswig-holstein,0.15,0.15,0.1,0.15,0.1
4847,4847,Kleve,NW,Nordrhein-westfalen,0.15,0.15,0.1,0.15,0.1
4848,4848,Kliding,RP,Rheinland-pfalz,0.15,0.15,0.1,0.15,0.1
4849,4849,Klieken,ST,Sachsen-anhalt,0.15,0.15,0.1,0.15,0.1
4850,4850,Klietz,ST,Sachsen-anhalt,0.15,0.15,0.1,0.15,0.1
4851,4851,Klingelbach,RP,Rheinland-pfalz,0.15,0.15,0.1,0.15,0.1
4852,4852,Klingenberg am Main,BY,Bayern,0.15,0.15,0.1,0.15,0.1
4853,4853,Klingenmünster,RP,Rheinland-pfalz,0.15,0.15,0.1,0.15,0.1
4854,4854,Klingenthal,SN,Sachsen,0.15,0.15,0.1,0.15,0.1
4855,4855,Klings,TH,Thüringen,0.15,0.15,0.1,0.15,0.1
4856,4856,Klink,MV,Mecklenburg-vorpommern,0.15,0.15,0.1,0.15,0.1
4857,4857,Klinkrade,SH,Schleswig-holstein,0.15,0.15,0.1,0.15,0.1
4858,4858,Klipphausen,SN,Sachsen,0.15,0.15,0.1,0.15,0.1
4859,4859,Klitten,SN,Sachsen,0.15,0.15,0.1,0.15,0.1
4860,4860,Klixbüll,SH,Schleswig-holstein,0.15,0.15,0.1,0.15,0.1
4861,4861,Klobikau,ST,Sachsen-anhalt,0.15,0.15,0.1,0.15,0.1
4862,4862,Kloschwitz,ST,Sachsen-anhalt,0.15,0.15,0.1,0.15,0.1
4863,4863,Kloster Lehnin,BB,Brandenburg,0.15,0.15,0.1,0.15,0.1
4864,4864,Kloster Neuendorf,ST,Sachsen-anhalt,0.15,0.15,0.1,0.15,0.1
4865,4865,Kloster Veßra,TH,Thüringen,0.15,0.15,0.1,0.15,0.1
4866,4866,Klosterhäseler,ST,Sachsen-anhalt,0.15,0.15,0.1,0.15,0.1
4867,4867,Klosterkumbd,RP,Rheinland-pfalz,0.15,0.15,0.1,0.15,0.1
4868,4868,Klosterlechfeld,BY,Bayern,0.15,0.15,0.1,0.15,0.1
4869,4869,Klostermansfeld,ST,Sachsen-anhalt,0.15,0.15,0.1,0.15,0.1
4870,4870,Klotten,RP,Rheinland-pfalz,0.15,0.15,0.1,0.15,0.1
4871,4871,Kludenbach,RP,Rheinland-pfalz,0.15,0.15,0.1,0.15,0.1
4872,4872,Kluse,NI,Niedersachsen,0.15,0.15,0.1,0.15,0.1
4873,4873,Kläden,ST,Sachsen-anhalt,0.15,0.15,0.1,0.15,0.1
4874,4874,Klöden,ST,Sachsen-anhalt,0.15,0.15,0.1,0.15,0.1
4875,4875,Klötze,ST,Sachsen-anhalt,0.15,0.15,0.1,0.15,0.1
4876,4876,Klüsserath,RP,Rheinland-pfalz,0.15,0.15,0.1,0.15,0.1
4877,4877,Klütz,MV,Mecklenburg-vorpommern,0.15,0.15,0.1,0.15,0.1
4878,4878,Knapendorf,ST,Sachsen-anhalt,0.15,0.15,0.1,0.15,0.1
4879,4879,Knau,TH,Thüringen,0.15,0.15,0.1,0.15,0.1
4880,4880,Kneitlingen,NI,Niedersachsen,0.15,0.15,0.1,0.15,0.1
4881,4881,Knetzgau,BY,Bayern,0.15,0.15,0.1,0.15,0.1
4882,4882,Knittelsheim,RP,Rheinland-pfalz,0.15,0.15,0.1,0.15,0.1
4883,4883,Knittlingen,BW,Baden-württemberg,0.15,0.15,0.1,0.15,0.1
4884,4884,Knopp-Labach,RP,Rheinland-pfalz,0.15,0.15,0.1,0.15,0.1
4885,4885,Knorrendorf,MV,Mecklenburg-vorpommern,0.15,0.15,0.1,0.15,0.1
4886,4886,Knöringen,RP,Rheinland-pfalz,0.15,0.15,0.1,0.15,0.1
4887,4887,Koberg,SH,Schleswig-holstein,0.15,0.15,0.1,0.15,0.1
4888,4888,Kobern-Gondorf,RP,Rheinland-pfalz,0.15,0.15,0.1,0.15,0.1
4889,4889,Koblenz,RP,Rheinland-pfalz,0.15,0.15,0.1,0.15,0.1
4890,4890,Kochel,BY,Bayern,0.15,0.15,0.1,0.15,0.1
4891,4891,Kodersdorf,SN,Sachsen,0.15,0.15,0.1,0.15,0.1
4892,4892,Kogel,MV,Mecklenburg-vorpommern,0.15,0.15,0.1,0.15,0.1
4893,4893,Kohlberg,BY,Bayern,0.15,0.15,0.1,0.15,0.1
4894,4894,Kohlberg,BW,Baden-württemberg,0.15,0.15,0.1,0.15,0.1
4895,4895,Kolbermoor,BY,Bayern,0.15,0.15,0.1,0.15,0.1
4896,4896,Kolbingen,BW,Baden-württemberg,0.15,0.15,0.1,0.15,0.1
4897,4897,Koldenbüttel,SH,Schleswig-holstein,0.15,0.15,0.1,0.15,0.1
4898,4898,Kolitzheim,BY,Bayern,0.15,0.15,0.1,0.15,0.1
4899,4899,Kolkerheide,SH,Schleswig-holstein,0.15,0.15,0.1,0.15,0.1
4900,4900,Kolkwitz,BB,Brandenburg,0.15,0.15,0.1,0.15,0.1
4901,4901,Kollig,RP,Rheinland-pfalz,0.15,0.15,0.1,0.15,0.1
4902,4902,Kollmar,SH,Schleswig-holstein,0.15,0.15,0.1,0.15,0.1
4903,4903,Kollmoor,SH,Schleswig-holstein,0.15,0.15,0.1,0.15,0.1
4904,4904,Kollnburg,BY,Bayern,0.15,0.15,0.1,0.15,0.1
4905,4905,Kollow,SH,Schleswig-holstein,0.15,0.15,0.1,0.15,0.1
4906,4906,Kollweiler,RP,Rheinland-pfalz,0.15,0.15,0.1,0.15,0.1
4907,4907,Kolverath,RP,Rheinland-pfalz,0.15,0.15,0.1,0.15,0.1
4908,4908,Kommen,RP,Rheinland-pfalz,0.15,0.15,0.1,0.15,0.1
4909,4909,Komptendorf,BB,Brandenburg,0.15,0.15,0.1,0.15,0.1
4910,4910,Konken,RP,Rheinland-pfalz,0.15,0.15,0.1,0.15,0.1
4911,4911,Konradsreuth,BY,Bayern,0.15,0.15,0.1,0.15,0.1
4912,4912,Konstanz,BW,Baden-württemberg,0.15,0.15,0.1,0.15,0.1
4913,4913,Konz,RP,Rheinland-pfalz,0.15,0.15,0.1,0.15,0.1
4914,4914,Konzell,BY,Bayern,0.15,0.15,0.1,0.15,0.1
4915,4915,Kopp,RP,Rheinland-pfalz,0.15,0.15,0.1,0.15,0.1
4916,4916,Korb,BW,Baden-württemberg,0.15,0.15,0.1,0.15,0.1
4917,4917,Korbach,HE,Hessen,0.15,0.15,0.1,0.15,0.1
4918,4918,Kordel,RP,Rheinland-pfalz,0.15,0.15,0.1,0.15,0.1
4919,4919,Korlingen,RP,Rheinland-pfalz,0.15,0.15,0.1,0.15,0.1
4920,4920,Korntal,BW,Baden-württemberg,0.15,0.15,0.1,0.15,0.1
4921,4921,Kornwestheim,BW,Baden-württemberg,0.15,0.15,0.1,0.15,0.1
4922,4922,Korschenbroich,NW,Nordrhein-westfalen,0.15,0.15,0.1,0.15,0.1
4923,4923,Korswandt,MV,Mecklenburg-vorpommern,0.15,0.15,0.1,0.15,0.1
4924,4924,Korweiler,RP,Rheinland-pfalz,0.15,0.15,0.1,0.15,0.1
4925,4925,Kosel,SH,Schleswig-holstein,0.15,0.15,0.1,0.15,0.1
4926,4926,Koserow,MV,Mecklenburg-vorpommern,0.15,0.15,0.1,0.15,0.1
4927,4927,Kossa,SN,Sachsen,0.15,0.15,0.1,0.15,0.1
4928,4928,Kottenborn,RP,Rheinland-pfalz,0.15,0.15,0.1,0.15,0.1
4929,4929,Kottenheim,RP,Rheinland-pfalz,0.15,0.15,0.1,0.15,0.1
4930,4930,Kottgeisering,BY,Bayern,0.15,0.15,0.1,0.15,0.1
4931,4931,Kottweiler-Schwanden,RP,Rheinland-pfalz,0.15,0.15,0.1,0.15,0.1
4932,4932,Kotzen,BB,Brandenburg,0.15,0.15,0.1,0.15,0.1
4933,4933,Kotzenbüll,SH,Schleswig-holstein,0.15,0.15,0.1,0.15,0.1
4934,4934,Koxhausen,RP,Rheinland-pfalz,0.15,0.15,0.1,0.15,0.1
4935,4935,Kraam,RP,Rheinland-pfalz,0.15,0.15,0.1,0.15,0.1
4936,4936,Krackow,MV,Mecklenburg-vorpommern,0.15,0.15,0.1,0.15,0.1
4937,4937,Kradenbach,RP,Rheinland-pfalz,0.15,0.15,0.1,0.15,0.1
4938,4938,Kraftisried,BY,Bayern,0.15,0.15,0.1,0.15,0.1
4939,4939,Kraftsdorf,TH,Thüringen,0.15,0.15,0.1,0.15,0.1
4940,4940,Kraiburg am Inn,BY,Bayern,0.15,0.15,0.1,0.15,0.1
4941,4941,Kraichtal,BW,Baden-württemberg,0.15,0.15,0.1,0.15,0.1
4942,4942,Krailling,BY,Bayern,0.15,0.15,0.1,0.15,0.1
4943,4943,Kraja,TH,Thüringen,0.15,0.15,0.1,0.15,0.1
4944,4944,Krakow am See,MV,Mecklenburg-vorpommern,0.15,0.15,0.1,0.15,0.1
4945,4945,Kramerhof,MV,Mecklenburg-vorpommern,0.15,0.15,0.1,0.15,0.1
4946,4946,Kranenburg,NW,Nordrhein-westfalen,0.15,0.15,0.1,0.15,0.1
4947,4947,Kranenburg,NI,Niedersachsen,0.15,0.15,0.1,0.15,0.1
4948,4948,Kranichfeld,TH,Thüringen,0.15,0.15,0.1,0.15,0.1
4949,4949,Kranzberg,BY,Bayern,0.15,0.15,0.1,0.15,0.1
4950,4950,Kratzeburg,MV,Mecklenburg-vorpommern,0.15,0.15,0.1,0.15,0.1
4951,4951,Kratzenburg,RP,Rheinland-pfalz,0.15,0.15,0.1,0.15,0.1
4952,4952,Krauchenwies,BW,Baden-württemberg,0.15,0.15,0.1,0.15,0.1
4953,4953,Krauschwitz,SN,Sachsen,0.15,0.15,0.1,0.15,0.1
4954,4954,Krauschwitz,ST,Sachsen-anhalt,0.15,0.15,0.1,0.15,0.1
4955,4955,Krauthausen,TH,Thüringen,0.15,0.15,0.1,0.15,0.1
4956,4956,Krautheim,BW,Baden-württemberg,0.15,0.15,0.1,0.15,0.1
4957,4957,Krautheim,TH,Thüringen,0.15,0.15,0.1,0.15,0.1
4958,4958,Krautscheid,RP,Rheinland-pfalz,0.15,0.15,0.1,0.15,0.1
4959,4959,Krebeck,NI,Niedersachsen,0.15,0.15,0.1,0.15,0.1
4960,4960,Krefeld,NW,Nordrhein-westfalen,0.15,0.15,0.1,0.15,0.1
4961,4961,Kreiensen,NI,Niedersachsen,0.15,0.15,0.1,0.15,0.1
4962,4962,Kreimbach-Kaulbach,RP,Rheinland-pfalz,0.15,0.15,0.1,0.15,0.1
4963,4963,Kreischa,SN,Sachsen,0.15,0.15,0.1,0.15,0.1
4964,4964,Krembz,MV,Mecklenburg-vorpommern,0.15,0.15,0.1,0.15,0.1
4965,4965,Kremmen,BB,Brandenburg,0.15,0.15,0.1,0.15,0.1
4966,4966,Krempdorf,SH,Schleswig-holstein,0.15,0.15,0.1,0.15,0.1
4967,4967,Krempe,SH,Schleswig-holstein,0.15,0.15,0.1,0.15,0.1
4968,4968,Krempel,SH,Schleswig-holstein,0.15,0.15,0.1,0.15,0.1
4969,4969,Kremperheide,SH,Schleswig-holstein,0.15,0.15,0.1,0.15,0.1
4970,4970,Krempermoor,SH,Schleswig-holstein,0.15,0.15,0.1,0.15,0.1
4971,4971,Kressbronn am Bodensee,BW,Baden-württemberg,0.15,0.15,0.1,0.15,0.1
4972,4972,Kretz,RP,Rheinland-pfalz,0.15,0.15,0.1,0.15,0.1
4973,4973,Kretzschau,ST,Sachsen-anhalt,0.15,0.15,0.1,0.15,0.1
4974,4974,Kreut,BY,Bayern,0.15,0.15,0.1,0.15,0.1
4975,4975,Kreuth,BY,Bayern,0.15,0.15,0.1,0.15,0.1
4976,4976,Kreuzau,NW,Nordrhein-westfalen,0.15,0.15,0.1,0.15,0.1
4977,4977,Kreuzberg,BE,Berlin,0.15,0.15,0.1,0.15,0.1
4978,4978,Kreuzebra,TH,Thüringen,0.15,0.15,0.1,0.15,0.1
4979,4979,Kreuztal,NW,Nordrhein-westfalen,0.15,0.15,0.1,0.15,0.1
4980,4980,Kreuzwertheim,BY,Bayern,0.15,0.15,0.1,0.15,0.1
4981,4981,Krevese,ST,Sachsen-anhalt,0.15,0.15,0.1,0.15,0.1
4982,4982,Krickenbach,RP,Rheinland-pfalz,0.15,0.15,0.1,0.15,0.1
4983,4983,Kriebitzsch,TH,Thüringen,0.15,0.15,0.1,0.15,0.1
4984,4984,Kriebstein,SN,Sachsen,0.15,0.15,0.1,0.15,0.1
4985,4985,Kriegsfeld,RP,Rheinland-pfalz,0.15,0.15,0.1,0.15,0.1
4986,4986,Krien,MV,Mecklenburg-vorpommern,0.15,0.15,0.1,0.15,0.1
4987,4987,Kriftel,HE,Hessen,0.15,0.15,0.1,0.15,0.1
4988,4988,Krina,ST,Sachsen-anhalt,0.15,0.15,0.1,0.15,0.1
4989,4989,Kritzmow,MV,Mecklenburg-vorpommern,0.15,0.15,0.1,0.15,0.1
4990,4990,Krogaspe,SH,Schleswig-holstein,0.15,0.15,0.1,0.15,0.1
4991,4991,Krokau,SH,Schleswig-holstein,0.15,0.15,0.1,0.15,0.1
4992,4992,Krombach,BY,Bayern,0.15,0.15,0.1,0.15,0.1
4993,4993,Krombach,TH,Thüringen,0.15,0.15,0.1,0.15,0.1
4994,4994,Kromsdorf,TH,Thüringen,0.15,0.15,0.1,0.15,0.1
4995,4995,Kronach,BY,Bayern,0.15,0.15,0.1,0.15,0.1
4996,4996,Kronau,BW,Baden-württemberg,0.15,0.15,0.1,0.15,0.1
4997,4997,Kronberg,HE,Hessen,0.15,0.15,0.1,0.15,0.1
4998,4998,Kronburg,BY,Bayern,0.15,0.15,0.1,0.15,0.1
4999,4999,Kronprinzenkoog,SH,Schleswig-holstein,0.15,0.15,0.1,0.15,0.1
5000,5000,Kronsgaard,SH,Schleswig-holstein,0.15,0.15,0.1,0.15,0.1
5001,5001,Kronshagen,SH,Schleswig-holstein,0.15,0.15,0.1,0.15,0.1
5002,5002,Kronsmoor,SH,Schleswig-holstein,0.15,0.15,0.1,0.15,0.1
5003,5003,Kronweiler,RP,Rheinland-pfalz,0.15,0.15,0.1,0.15,0.1
5004,5004,Kropp,SH,Schleswig-holstein,0.15,0.15,0.1,0.15,0.1
5005,5005,Kroppach,RP,Rheinland-pfalz,0.15,0.15,0.1,0.15,0.1
5006,5006,Kroppen,BB,Brandenburg,0.15,0.15,0.1,0.15,0.1
5007,5007,Kroppenstedt,ST,Sachsen-anhalt,0.15,0.15,0.1,0.15,0.1
5008,5008,Kropstädt,ST,Sachsen-anhalt,0.15,0.15,0.1,0.15,0.1
5009,5009,Krosigk,ST,Sachsen-anhalt,0.15,0.15,0.1,0.15,0.1
5010,5010,Krostitz,SN,Sachsen,0.15,0.15,0.1,0.15,0.1
5011,5011,Krottelbach,RP,Rheinland-pfalz,0.15,0.15,0.1,0.15,0.1
5012,5012,Kruchten,RP,Rheinland-pfalz,0.15,0.15,0.1,0.15,0.1
5013,5013,Kruckow,MV,Mecklenburg-vorpommern,0.15,0.15,0.1,0.15,0.1
5014,5014,Kruft,RP,Rheinland-pfalz,0.15,0.15,0.1,0.15,0.1
5015,5015,Krukow,SH,Schleswig-holstein,0.15,0.15,0.1,0.15,0.1
5016,5016,Krumbach,BY,Bayern,0.15,0.15,0.1,0.15,0.1
5017,5017,Krummbek,SH,Schleswig-holstein,0.15,0.15,0.1,0.15,0.1
5018,5018,Krummenau,RP,Rheinland-pfalz,0.15,0.15,0.1,0.15,0.1
5019,5019,Krummendeich,NI,Niedersachsen,0.15,0.15,0.1,0.15,0.1
5020,5020,Krummendiek,SH,Schleswig-holstein,0.15,0.15,0.1,0.15,0.1
5021,5021,Krummennaab,BY,Bayern,0.15,0.15,0.1,0.15,0.1
5022,5022,Krummesse,SH,Schleswig-holstein,0.15,0.15,0.1,0.15,0.1
5023,5023,Krummwisch,SH,Schleswig-holstein,0.15,0.15,0.1,0.15,0.1
5024,5024,Krumpa,ST,Sachsen-anhalt,0.15,0.15,0.1,0.15,0.1
5025,5025,Krumstedt,SH,Schleswig-holstein,0.15,0.15,0.1,0.15,0.1
5026,5026,Krunkel,RP,Rheinland-pfalz,0.15,0.15,0.1,0.15,0.1
5027,5027,Krusenhagen,MV,Mecklenburg-vorpommern,0.15,0.15,0.1,0.15,0.1
5028,5028,Krähenberg,RP,Rheinland-pfalz,0.15,0.15,0.1,0.15,0.1
5029,5029,Krölpa,TH,Thüringen,0.15,0.15,0.1,0.15,0.1
5030,5030,Kröpelin,MV,Mecklenburg-vorpommern,0.15,0.15,0.1,0.15,0.1
5031,5031,Kröppelshagen-Fahrendorf,SH,Schleswig-holstein,0.15,0.15,0.1,0.15,0.1
5032,5032,Kröppen,RP,Rheinland-pfalz,0.15,0.15,0.1,0.15,0.1
5033,5033,Kröslin,MV,Mecklenburg-vorpommern,0.15,0.15,0.1,0.15,0.1
5034,5034,Kröv,RP,Rheinland-pfalz,0.15,0.15,0.1,0.15,0.1
5035,5035,Krüden,ST,Sachsen-anhalt,0.15,0.15,0.1,0.15,0.1
5036,5036,Krümmel,RP,Rheinland-pfalz,0.15,0.15,0.1,0.15,0.1
5037,5037,Krün,BY,Bayern,0.15,0.15,0.1,0.15,0.1
5038,5038,Krüzen,SH,Schleswig-holstein,0.15,0.15,0.1,0.15,0.1
5039,5039,Kubschütz,SN,Sachsen,0.15,0.15,0.1,0.15,0.1
5040,5040,Kuchelmiß,MV,Mecklenburg-vorpommern,0.15,0.15,0.1,0.15,0.1
5041,5041,Kuchen,BW,Baden-württemberg,0.15,0.15,0.1,0.15,0.1
5042,5042,Kuddewörde,SH,Schleswig-holstein,0.15,0.15,0.1,0.15,0.1
5043,5043,Kuden,SH,Schleswig-holstein,0.15,0.15,0.1,0.15,0.1
5044,5044,Kudensee,SH,Schleswig-holstein,0.15,0.15,0.1,0.15,0.1
5045,5045,Kuhardt,RP,Rheinland-pfalz,0.15,0.15,0.1,0.15,0.1
5046,5046,Kuhfelde,ST,Sachsen-anhalt,0.15,0.15,0.1,0.15,0.1
5047,5047,Kuhlen,MV,Mecklenburg-vorpommern,0.15,0.15,0.1,0.15,0.1
5048,5048,Kuhnhöfen,RP,Rheinland-pfalz,0.15,0.15,0.1,0.15,0.1
5049,5049,Kuhstorf,MV,Mecklenburg-vorpommern,0.15,0.15,0.1,0.15,0.1
5050,5050,Kulmain,BY,Bayern,0.15,0.15,0.1,0.15,0.1
5051,5051,Kulmbach,BY,Bayern,0.15,0.15,0.1,0.15,0.1
5052,5052,Kulpin,SH,Schleswig-holstein,0.15,0.15,0.1,0.15,0.1
5053,5053,Kumhausen,BY,Bayern,0.15,0.15,0.1,0.15,0.1
5054,5054,Kummer,MV,Mecklenburg-vorpommern,0.15,0.15,0.1,0.15,0.1
5055,5055,Kummerfeld,SH,Schleswig-holstein,0.15,0.15,0.1,0.15,0.1
5056,5056,Kummerow,MV,Mecklenburg-vorpommern,0.15,0.15,0.1,0.15,0.1
5057,5057,Kundert,RP,Rheinland-pfalz,0.15,0.15,0.1,0.15,0.1
5058,5058,Kunrau,ST,Sachsen-anhalt,0.15,0.15,0.1,0.15,0.1
5059,5059,Kunreuth,BY,Bayern,0.15,0.15,0.1,0.15,0.1
5060,5060,Kupferberg,BY,Bayern,0.15,0.15,0.1,0.15,0.1
5061,5061,Kupferzell,BW,Baden-württemberg,0.15,0.15,0.1,0.15,0.1
5062,5062,Kuppenheim,BW,Baden-württemberg,0.15,0.15,0.1,0.15,0.1
5063,5063,Kurtscheid,RP,Rheinland-pfalz,0.15,0.15,0.1,0.15,0.1
5064,5064,Kusel,RP,Rheinland-pfalz,0.15,0.15,0.1,0.15,0.1
5065,5065,Kusey,ST,Sachsen-anhalt,0.15,0.15,0.1,0.15,0.1
5066,5066,Kusterdingen,BW,Baden-württemberg,0.15,0.15,0.1,0.15,0.1
5067,5067,Kutenholz,NI,Niedersachsen,0.15,0.15,0.1,0.15,0.1
5068,5068,Kutzenhausen,BY,Bayern,0.15,0.15,0.1,0.15,0.1
5069,5069,Kutzleben,TH,Thüringen,0.15,0.15,0.1,0.15,0.1
5070,5070,Kyllburg,RP,Rheinland-pfalz,0.15,0.15,0.1,0.15,0.1
5071,5071,Kyllburgweiler,RP,Rheinland-pfalz,0.15,0.15,0.1,0.15,0.1
5072,5072,Kyritz,BB,Brandenburg,0.15,0.15,0.1,0.15,0.1
5073,5073,Käshofen,RP,Rheinland-pfalz,0.15,0.15,0.1,0.15,0.1
5074,5074,Ködderitzsch,TH,Thüringen,0.15,0.15,0.1,0.15,0.1
5075,5075,Köditz,BY,Bayern,0.15,0.15,0.1,0.15,0.1
5076,5076,Ködnitz,BY,Bayern,0.15,0.15,0.1,0.15,0.1
5077,5077,Köfering,BY,Bayern,0.15,0.15,0.1,0.15,0.1
5078,5078,Köhlen,NI,Niedersachsen,0.15,0.15,0.1,0.15,0.1
5079,5079,Köhn,SH,Schleswig-holstein,0.15,0.15,0.1,0.15,0.1
5080,5080,Kölbingen,RP,Rheinland-pfalz,0.15,0.15,0.1,0.15,0.1
5081,5081,Kölleda,TH,Thüringen,0.15,0.15,0.1,0.15,0.1
5082,5082,Kölln-Reisiek,SH,Schleswig-holstein,0.15,0.15,0.1,0.15,0.1
5083,5083,Köln,NW,Nordrhein-westfalen,0.15,0.15,0.1,0.15,0.1
5084,5084,Köngen,BW,Baden-württemberg,0.15,0.15,0.1,0.15,0.1
5085,5085,Köngernheim,RP,Rheinland-pfalz,0.15,0.15,0.1,0.15,0.1
5086,5086,Königerode,ST,Sachsen-anhalt,0.15,0.15,0.1,0.15,0.1
5087,5087,Königheim,BW,Baden-württemberg,0.15,0.15,0.1,0.15,0.1
5088,5088,Königs Wusterhausen,BB,Brandenburg,0.15,0.15,0.1,0.15,0.1
5089,5089,Königsau,RP,Rheinland-pfalz,0.15,0.15,0.1,0.15,0.1
5090,5090,Königsbach-Stein,BW,Baden-württemberg,0.15,0.15,0.1,0.15,0.1
5091,5091,Königsborn,ST,Sachsen-anhalt,0.15,0.15,0.1,0.15,0.1
5092,5092,Königsbronn,BW,Baden-württemberg,0.15,0.15,0.1,0.15,0.1
5093,5093,Königsbrunn,BY,Bayern,0.15,0.15,0.1,0.15,0.1
5094,5094,Königsbrück,SN,Sachsen,0.15,0.15,0.1,0.15,0.1
5095,5095,Königsdorf,BY,Bayern,0.15,0.15,0.1,0.15,0.1
5096,5096,Königsee,TH,Thüringen,0.15,0.15,0.1,0.15,0.1
5097,5097,Königseggwald,BW,Baden-württemberg,0.15,0.15,0.1,0.15,0.1
5098,5098,Königsfeld,BY,Bayern,0.15,0.15,0.1,0.15,0.1
5099,5099,Königsfeld,RP,Rheinland-pfalz,0.15,0.15,0.1,0.15,0.1
5100,5100,Königsfeld,SN,Sachsen,0.15,0.15,0.1,0.15,0.1
5101,5101,Königsfeld im Schwarzwald,BW,Baden-württemberg,0.15,0.15,0.1,0.15,0.1
5102,5102,Königshain,SN,Sachsen,0.15,0.15,0.1,0.15,0.1
5103,5103,Königsheim,BW,Baden-württemberg,0.15,0.15,0.1,0.15,0.1
5104,5104,Königshügel,SH,Schleswig-holstein,0.15,0.15,0.1,0.15,0.1
5105,5105,Königshütte,ST,Sachsen-anhalt,0.15,0.15,0.1,0.15,0.1
5106,5106,Königslutter am Elm,NI,Niedersachsen,0.15,0.15,0.1,0.15,0.1
5107,5107,Königsmark,ST,Sachsen-anhalt,0.15,0.15,0.1,0.15,0.1
5108,5108,Königsmoor,NI,Niedersachsen,0.15,0.15,0.1,0.15,0.1
5109,5109,Königstein,BY,Bayern,0.15,0.15,0.1,0.15,0.1
5110,5110,Königstein,SN,Sachsen,0.15,0.15,0.1,0.15,0.1
5111,5111,Königstein im Taunus,HE,Hessen,0.15,0.15,0.1,0.15,0.1
5112,5112,Königswalde,SN,Sachsen,0.15,0.15,0.1,0.15,0.1
5113,5113,Königswartha,SN,Sachsen,0.15,0.15,0.1,0.15,0.1
5114,5114,Königswinter,NW,Nordrhein-westfalen,0.15,0.15,0.1,0.15,0.1
5115,5115,Könitz,TH,Thüringen,0.15,0.15,0.1,0.15,0.1
5116,5116,Könnern,ST,Sachsen-anhalt,0.15,0.15,0.1,0.15,0.1
5117,5117,Körbelitz,ST,Sachsen-anhalt,0.15,0.15,0.1,0.15,0.1
5118,5118,Körborn,RP,Rheinland-pfalz,0.15,0.15,0.1,0.15,0.1
5119,5119,Körchow,MV,Mecklenburg-vorpommern,0.15,0.15,0.1,0.15,0.1
5120,5120,Kördorf,RP,Rheinland-pfalz,0.15,0.15,0.1,0.15,0.1
5121,5121,Körle,HE,Hessen,0.15,0.15,0.1,0.15,0.1
5122,5122,Körner,TH,Thüringen,0.15,0.15,0.1,0.15,0.1
5123,5123,Körperich,RP,Rheinland-pfalz,0.15,0.15,0.1,0.15,0.1
5124,5124,Köthen,ST,Sachsen-anhalt,0.15,0.15,0.1,0.15,0.1
5125,5125,Kötschlitz,ST,Sachsen-anhalt,0.15,0.15,0.1,0.15,0.1
5126,5126,Kötterichen,RP,Rheinland-pfalz,0.15,0.15,0.1,0.15,0.1
5127,5127,Kötzschau,ST,Sachsen-anhalt,0.15,0.15,0.1,0.15,0.1
5128,5128,Kötzting,BY,Bayern,0.15,0.15,0.1,0.15,0.1
5129,5129,Köwerich,RP,Rheinland-pfalz,0.15,0.15,0.1,0.15,0.1
5130,5130,Kühbach,BY,Bayern,0.15,0.15,0.1,0.15,0.1
5131,5131,Kühdorf,TH,Thüringen,0.15,0.15,0.1,0.15,0.1
5132,5132,Kühlenthal,BY,Bayern,0.15,0.15,0.1,0.15,0.1
5133,5133,Kühndorf,TH,Thüringen,0.15,0.15,0.1,0.15,0.1
5134,5134,Kühren,SH,Schleswig-holstein,0.15,0.15,0.1,0.15,0.1
5135,5135,Kührstedt,NI,Niedersachsen,0.15,0.15,0.1,0.15,0.1
5136,5136,Kühsen,SH,Schleswig-holstein,0.15,0.15,0.1,0.15,0.1
5137,5137,Kükels,SH,Schleswig-holstein,0.15,0.15,0.1,0.15,0.1
5138,5138,Küllstedt,TH,Thüringen,0.15,0.15,0.1,0.15,0.1
5139,5139,Külsheim,BW,Baden-württemberg,0.15,0.15,0.1,0.15,0.1
5140,5140,Kümbdchen,RP,Rheinland-pfalz,0.15,0.15,0.1,0.15,0.1
5141,5141,Kümmersbruck,BY,Bayern,0.15,0.15,0.1,0.15,0.1
5142,5142,Künzell,HE,Hessen,0.15,0.15,0.1,0.15,0.1
5143,5143,Künzelsau,BW,Baden-württemberg,0.15,0.15,0.1,0.15,0.1
5144,5144,Künzing,BY,Bayern,0.15,0.15,0.1,0.15,0.1
5145,5145,Kürnach,BY,Bayern,0.15,0.15,0.1,0.15,0.1
5146,5146,Kürnbach,BW,Baden-württemberg,0.15,0.15,0.1,0.15,0.1
5147,5147,Kürten,NW,Nordrhein-westfalen,0.15,0.15,0.1,0.15,0.1
5148,5148,Küsten,NI,Niedersachsen,0.15,0.15,0.1,0.15,0.1
5149,5149,Laage,MV,Mecklenburg-vorpommern,0.15,0.15,0.1,0.15,0.1
5150,5150,Laar,NI,Niedersachsen,0.15,0.15,0.1,0.15,0.1
5151,5151,Laasdorf,TH,Thüringen,0.15,0.15,0.1,0.15,0.1
5152,5152,Laatzen,NI,Niedersachsen,0.15,0.15,0.1,0.15,0.1
5153,5153,Labenz,SH,Schleswig-holstein,0.15,0.15,0.1,0.15,0.1
5154,5154,Laberweinting,BY,Bayern,0.15,0.15,0.1,0.15,0.1
5155,5155,Laboe,SH,Schleswig-holstein,0.15,0.15,0.1,0.15,0.1
5156,5156,Lachen,BY,Bayern,0.15,0.15,0.1,0.15,0.1
5157,5157,Lachendorf,NI,Niedersachsen,0.15,0.15,0.1,0.15,0.1
5158,5158,Ladbergen,NW,Nordrhein-westfalen,0.15,0.15,0.1,0.15,0.1
5159,5159,Ladelund,SH,Schleswig-holstein,0.15,0.15,0.1,0.15,0.1
5160,5160,Ladenburg,BW,Baden-württemberg,0.15,0.15,0.1,0.15,0.1
5161,5161,Laer,NW,Nordrhein-westfalen,0.15,0.15,0.1,0.15,0.1
5162,5162,Lage,NW,Nordrhein-westfalen,0.15,0.15,0.1,0.15,0.1
5163,5163,Lahn,NI,Niedersachsen,0.15,0.15,0.1,0.15,0.1
5164,5164,Lahnstein,RP,Rheinland-pfalz,0.15,0.15,0.1,0.15,0.1
5165,5165,Lahr,RP,Rheinland-pfalz,0.15,0.15,0.1,0.15,0.1
5166,5166,Lahr,BW,Baden-württemberg,0.15,0.15,0.1,0.15,0.1
5167,5167,Laichingen,BW,Baden-württemberg,0.15,0.15,0.1,0.15,0.1
5168,5168,Lalendorf,MV,Mecklenburg-vorpommern,0.15,0.15,0.1,0.15,0.1
5169,5169,Lalling,BY,Bayern,0.15,0.15,0.1,0.15,0.1
5170,5170,Lam,BY,Bayern,0.15,0.15,0.1,0.15,0.1
5171,5171,Lambertsberg,RP,Rheinland-pfalz,0.15,0.15,0.1,0.15,0.1
5172,5172,Lambrecht,RP,Rheinland-pfalz,0.15,0.15,0.1,0.15,0.1
5173,5173,Lambrechtshagen,MV,Mecklenburg-vorpommern,0.15,0.15,0.1,0.15,0.1
5174,5174,Lambsborn,RP,Rheinland-pfalz,0.15,0.15,0.1,0.15,0.1
5175,5175,Lambsheim,RP,Rheinland-pfalz,0.15,0.15,0.1,0.15,0.1
5176,5176,Lamerdingen,BY,Bayern,0.15,0.15,0.1,0.15,0.1
5177,5177,Lamme,NI,Niedersachsen,0.15,0.15,0.1,0.15,0.1
5178,5178,Lammershagen,SH,Schleswig-holstein,0.15,0.15,0.1,0.15,0.1
5179,5179,Lampaden,RP,Rheinland-pfalz,0.15,0.15,0.1,0.15,0.1
5180,5180,Lampertheim,HE,Hessen,0.15,0.15,0.1,0.15,0.1
5181,5181,Lampertswalde,SN,Sachsen,0.15,0.15,0.1,0.15,0.1
5182,5182,Lamspringe,NI,Niedersachsen,0.15,0.15,0.1,0.15,0.1
5183,5183,Lamstedt,NI,Niedersachsen,0.15,0.15,0.1,0.15,0.1
5184,5184,Landau an der Isar,BY,Bayern,0.15,0.15,0.1,0.15,0.1
5185,5185,Landau in der Pfalz,RP,Rheinland-pfalz,0.15,0.15,0.1,0.15,0.1
5186,5186,Landensberg,BY,Bayern,0.15,0.15,0.1,0.15,0.1
5187,5187,Landesbergen,NI,Niedersachsen,0.15,0.15,0.1,0.15,0.1
5188,5188,Landkern,RP,Rheinland-pfalz,0.15,0.15,0.1,0.15,0.1
5189,5189,Landolfshausen,NI,Niedersachsen,0.15,0.15,0.1,0.15,0.1
5190,5190,Landrecht,SH,Schleswig-holstein,0.15,0.15,0.1,0.15,0.1
5191,5191,Landsberg,ST,Sachsen-anhalt,0.15,0.15,0.1,0.15,0.1
5192,5192,Landsberg am Lech,BY,Bayern,0.15,0.15,0.1,0.15,0.1
5193,5193,Landsberied,BY,Bayern,0.15,0.15,0.1,0.15,0.1
5194,5194,Landscheid,RP,Rheinland-pfalz,0.15,0.15,0.1,0.15,0.1
5195,5195,Landscheide,SH,Schleswig-holstein,0.15,0.15,0.1,0.15,0.1
5196,5196,Landshut,BY,Bayern,0.15,0.15,0.1,0.15,0.1
5197,5197,Landstuhl,RP,Rheinland-pfalz,0.15,0.15,0.1,0.15,0.1
5198,5198,Langballig,SH,Schleswig-holstein,0.15,0.15,0.1,0.15,0.1
5199,5199,Langdorf,BY,Bayern,0.15,0.15,0.1,0.15,0.1
5200,5200,Langeln,ST,Sachsen-anhalt,0.15,0.15,0.1,0.15,0.1
5201,5201,Langeln,SH,Schleswig-holstein,0.15,0.15,0.1,0.15,0.1
5202,5202,Langelsheim,NI,Niedersachsen,0.15,0.15,0.1,0.15,0.1
5203,5203,Langen,HE,Hessen,0.15,0.15,0.1,0.15,0.1
5204,5204,Langen,NI,Niedersachsen,0.15,0.15,0.1,0.15,0.1
5205,5205,Langenaltheim,BY,Bayern,0.15,0.15,0.1,0.15,0.1
5206,5206,Langenargen,BW,Baden-württemberg,0.15,0.15,0.1,0.15,0.1
5207,5207,Langenau,BW,Baden-württemberg,0.15,0.15,0.1,0.15,0.1
5208,5208,Langenbach,RP,Rheinland-pfalz,0.15,0.15,0.1,0.15,0.1
5209,5209,Langenbach,BY,Bayern,0.15,0.15,0.1,0.15,0.1
5210,5210,Langenbach bei Kirburg,RP,Rheinland-pfalz,0.15,0.15,0.1,0.15,0.1
5211,5211,Langenberg,NW,Nordrhein-westfalen,0.15,0.15,0.1,0.15,0.1
5212,5212,Langenbernsdorf,SN,Sachsen,0.15,0.15,0.1,0.15,0.1
5213,5213,Langenbogen,ST,Sachsen-anhalt,0.15,0.15,0.1,0.15,0.1
5214,5214,Langenbrettach,BW,Baden-württemberg,0.15,0.15,0.1,0.15,0.1
5215,5215,Langenburg,BW,Baden-württemberg,0.15,0.15,0.1,0.15,0.1
5216,5216,Langendorf,ST,Sachsen-anhalt,0.15,0.15,0.1,0.15,0.1
5217,5217,Langendorf,NI,Niedersachsen,0.15,0.15,0.1,0.15,0.1
5218,5218,Langeneichstädt,ST,Sachsen-anhalt,0.15,0.15,0.1,0.15,0.1
5219,5219,Langenenslingen,BW,Baden-württemberg,0.15,0.15,0.1,0.15,0.1
5220,5220,Langeneß,SH,Schleswig-holstein,0.15,0.15,0.1,0.15,0.1
5221,5221,Langenfeld,BY,Bayern,0.15,0.15,0.1,0.15,0.1
5222,5222,Langenfeld,RP,Rheinland-pfalz,0.15,0.15,0.1,0.15,0.1
5223,5223,Langenfeld,NW,Nordrhein-westfalen,0.15,0.15,0.1,0.15,0.1
5224,5224,Langenhagen,NI,Niedersachsen,0.15,0.15,0.1,0.15,0.1
5225,5225,Langenhahn,RP,Rheinland-pfalz,0.15,0.15,0.1,0.15,0.1
5226,5226,Langenhorn,HH,Hamburg,0.15,0.15,0.1,0.15,0.1
5227,5227,Langenhorn,SH,Schleswig-holstein,0.15,0.15,0.1,0.15,0.1
5228,5228,Langenlehsten,SH,Schleswig-holstein,0.15,0.15,0.1,0.15,0.1
5229,5229,Langenleuba-Niederhain,TH,Thüringen,0.15,0.15,0.1,0.15,0.1
5230,5230,Langenlonsheim,RP,Rheinland-pfalz,0.15,0.15,0.1,0.15,0.1
5231,5231,Langenmosen,BY,Bayern,0.15,0.15,0.1,0.15,0.1
5232,5232,Langenneufnach,BY,Bayern,0.15,0.15,0.1,0.15,0.1
5233,5233,Langenorla,TH,Thüringen,0.15,0.15,0.1,0.15,0.1
5234,5234,Langenpreising,BY,Bayern,0.15,0.15,0.1,0.15,0.1
5235,5235,Langenscheid,RP,Rheinland-pfalz,0.15,0.15,0.1,0.15,0.1
5236,5236,Langenselbold,HE,Hessen,0.15,0.15,0.1,0.15,0.1
5237,5237,Langensendelbach,BY,Bayern,0.15,0.15,0.1,0.15,0.1
5238,5238,Langenstein,ST,Sachsen-anhalt,0.15,0.15,0.1,0.15,0.1
5239,5239,Langenthal,RP,Rheinland-pfalz,0.15,0.15,0.1,0.15,0.1
5240,5240,Langenwetzendorf,TH,Thüringen,0.15,0.15,0.1,0.15,0.1
5241,5241,Langenwolschendorf,TH,Thüringen,0.15,0.15,0.1,0.15,0.1
5242,5242,Langenzenn,BY,Bayern,0.15,0.15,0.1,0.15,0.1
5243,5243,Langeoog,NI,Niedersachsen,0.15,0.15,0.1,0.15,0.1
5244,5244,Langerringen,BY,Bayern,0.15,0.15,0.1,0.15,0.1
5245,5245,Langerwehe,NW,Nordrhein-westfalen,0.15,0.15,0.1,0.15,0.1
5246,5246,Langewahl,BB,Brandenburg,0.15,0.15,0.1,0.15,0.1
5247,5247,Langewiesen,TH,Thüringen,0.15,0.15,0.1,0.15,0.1
5248,5248,Langfurth,BY,Bayern,0.15,0.15,0.1,0.15,0.1
5249,5249,Langgöns,HE,Hessen,0.15,0.15,0.1,0.15,0.1
5250,5250,Langhagen,MV,Mecklenburg-vorpommern,0.15,0.15,0.1,0.15,0.1
5251,5251,Langlingen,NI,Niedersachsen,0.15,0.15,0.1,0.15,0.1
5252,5252,Langquaid,BY,Bayern,0.15,0.15,0.1,0.15,0.1
5253,5253,Langscheid,RP,Rheinland-pfalz,0.15,0.15,0.1,0.15,0.1
5254,5254,Langstedt,SH,Schleswig-holstein,0.15,0.15,0.1,0.15,0.1
5255,5255,Langsur,RP,Rheinland-pfalz,0.15,0.15,0.1,0.15,0.1
5256,5256,Langula,TH,Thüringen,0.15,0.15,0.1,0.15,0.1
5257,5257,Langwedel,NI,Niedersachsen,0.15,0.15,0.1,0.15,0.1
5258,5258,Langwedel,SH,Schleswig-holstein,0.15,0.15,0.1,0.15,0.1
5259,5259,Langweid,BY,Bayern,0.15,0.15,0.1,0.15,0.1
5260,5260,Langweiler,RP,Rheinland-pfalz,0.15,0.15,0.1,0.15,0.1
5261,5261,Langwieden,RP,Rheinland-pfalz,0.15,0.15,0.1,0.15,0.1
5262,5262,Lankau,SH,Schleswig-holstein,0.15,0.15,0.1,0.15,0.1
5263,5263,Lanz,BB,Brandenburg,0.15,0.15,0.1,0.15,0.1
5264,5264,Lanze,SH,Schleswig-holstein,0.15,0.15,0.1,0.15,0.1
5265,5265,Lappersdorf,BY,Bayern,0.15,0.15,0.1,0.15,0.1
5266,5266,Lasbek,SH,Schleswig-holstein,0.15,0.15,0.1,0.15,0.1
5267,5267,Lascheid,RP,Rheinland-pfalz,0.15,0.15,0.1,0.15,0.1
5268,5268,Lasel,RP,Rheinland-pfalz,0.15,0.15,0.1,0.15,0.1
5269,5269,Lassan,MV,Mecklenburg-vorpommern,0.15,0.15,0.1,0.15,0.1
5270,5270,Lastrup,NI,Niedersachsen,0.15,0.15,0.1,0.15,0.1
5271,5271,Latdorf,ST,Sachsen-anhalt,0.15,0.15,0.1,0.15,0.1
5272,5272,Latendorf,SH,Schleswig-holstein,0.15,0.15,0.1,0.15,0.1
5273,5273,Lathen,NI,Niedersachsen,0.15,0.15,0.1,0.15,0.1
5274,5274,Laubach,RP,Rheinland-pfalz,0.15,0.15,0.1,0.15,0.1
5275,5275,Laubach,HE,Hessen,0.15,0.15,0.1,0.15,0.1
5276,5276,Lauben,BY,Bayern,0.15,0.15,0.1,0.15,0.1
5277,5277,Laubenheim,RP,Rheinland-pfalz,0.15,0.15,0.1,0.15,0.1
5278,5278,Laubsdorf,BB,Brandenburg,0.15,0.15,0.1,0.15,0.1
5279,5279,Laucha,TH,Thüringen,0.15,0.15,0.1,0.15,0.1
5280,5280,Laucha,ST,Sachsen-anhalt,0.15,0.15,0.1,0.15,0.1
5281,5281,Lauchhammer,BB,Brandenburg,0.15,0.15,0.1,0.15,0.1
5282,5282,Lauchheim,BW,Baden-württemberg,0.15,0.15,0.1,0.15,0.1
5283,5283,Lauchringen,BW,Baden-württemberg,0.15,0.15,0.1,0.15,0.1
5284,5284,Lauchröden,TH,Thüringen,0.15,0.15,0.1,0.15,0.1
5285,5285,Lauda-Königshofen,BW,Baden-württemberg,0.15,0.15,0.1,0.15,0.1
5286,5286,Laudenbach,BW,Baden-württemberg,0.15,0.15,0.1,0.15,0.1
5287,5287,Laudenbach,BY,Bayern,0.15,0.15,0.1,0.15,0.1
5288,5288,Lauenau,NI,Niedersachsen,0.15,0.15,0.1,0.15,0.1
5289,5289,Lauenbrück,NI,Niedersachsen,0.15,0.15,0.1,0.15,0.1
5290,5290,Lauenburg,SH,Schleswig-holstein,0.15,0.15,0.1,0.15,0.1
5291,5291,Lauenhagen,NI,Niedersachsen,0.15,0.15,0.1,0.15,0.1
5292,5292,Lauf,BW,Baden-württemberg,0.15,0.15,0.1,0.15,0.1
5293,5293,Lauf an der Pegnitz,BY,Bayern,0.15,0.15,0.1,0.15,0.1
5294,5294,Laufach,BY,Bayern,0.15,0.15,0.1,0.15,0.1
5295,5295,Laufeld,RP,Rheinland-pfalz,0.15,0.15,0.1,0.15,0.1
5296,5296,Laufen,BY,Bayern,0.15,0.15,0.1,0.15,0.1
5297,5297,Laufenburg,BW,Baden-württemberg,0.15,0.15,0.1,0.15,0.1
5298,5298,Laufersweiler,RP,Rheinland-pfalz,0.15,0.15,0.1,0.15,0.1
5299,5299,Lauffen am Neckar,BW,Baden-württemberg,0.15,0.15,0.1,0.15,0.1
5300,5300,Laugna,BY,Bayern,0.15,0.15,0.1,0.15,0.1
5301,5301,Lauingen,BY,Bayern,0.15,0.15,0.1,0.15,0.1
5302,5302,Laumersheim,RP,Rheinland-pfalz,0.15,0.15,0.1,0.15,0.1
5303,5303,Lauperath,RP,Rheinland-pfalz,0.15,0.15,0.1,0.15,0.1
5304,5304,Laupheim,BW,Baden-württemberg,0.15,0.15,0.1,0.15,0.1
5305,5305,Laurenburg,RP,Rheinland-pfalz,0.15,0.15,0.1,0.15,0.1
5306,5306,Lauscha,TH,Thüringen,0.15,0.15,0.1,0.15,0.1
5307,5307,Lauschied,RP,Rheinland-pfalz,0.15,0.15,0.1,0.15,0.1
5308,5308,Lautenbach,BW,Baden-württemberg,0.15,0.15,0.1,0.15,0.1
5309,5309,Lauter,SN,Sachsen,0.15,0.15,0.1,0.15,0.1
5310,5310,Lauter,BY,Bayern,0.15,0.15,0.1,0.15,0.1
5311,5311,Lauterach,BW,Baden-württemberg,0.15,0.15,0.1,0.15,0.1
5312,5312,Lauterbach,HE,Hessen,0.15,0.15,0.1,0.15,0.1
5313,5313,Lauterbach,SL,Saarland,0.15,0.15,0.1,0.15,0.1
5314,5314,Lauterbach,TH,Thüringen,0.15,0.15,0.1,0.15,0.1
5315,5315,Lauterecken,RP,Rheinland-pfalz,0.15,0.15,0.1,0.15,0.1
5316,5316,Lauterhofen,BY,Bayern,0.15,0.15,0.1,0.15,0.1
5317,5317,Lautersheim,RP,Rheinland-pfalz,0.15,0.15,0.1,0.15,0.1
5318,5318,Lautert,RP,Rheinland-pfalz,0.15,0.15,0.1,0.15,0.1
5319,5319,Lautertal,BY,Bayern,0.15,0.15,0.1,0.15,0.1
5320,5320,Lautertal,HE,Hessen,0.15,0.15,0.1,0.15,0.1
5321,5321,Lautrach,BY,Bayern,0.15,0.15,0.1,0.15,0.1
5322,5322,Lautzenbrücken,RP,Rheinland-pfalz,0.15,0.15,0.1,0.15,0.1
5323,5323,Lautzenhausen,RP,Rheinland-pfalz,0.15,0.15,0.1,0.15,0.1
5324,5324,Laußig,SN,Sachsen,0.15,0.15,0.1,0.15,0.1
5325,5325,Laußnitz,SN,Sachsen,0.15,0.15,0.1,0.15,0.1
5326,5326,Lawalde,SN,Sachsen,0.15,0.15,0.1,0.15,0.1
5327,5327,Lawitz,BB,Brandenburg,0.15,0.15,0.1,0.15,0.1
5328,5328,Lebach,SL,Saarland,0.15,0.15,0.1,0.15,0.1
5329,5329,Lebrade,SH,Schleswig-holstein,0.15,0.15,0.1,0.15,0.1
5330,5330,Lebus,BB,Brandenburg,0.15,0.15,0.1,0.15,0.1
5331,5331,Lebusa,BB,Brandenburg,0.15,0.15,0.1,0.15,0.1
5332,5332,Lechbruck,BY,Bayern,0.15,0.15,0.1,0.15,0.1
5333,5333,Leck,SH,Schleswig-holstein,0.15,0.15,0.1,0.15,0.1
5334,5334,Lederhose,TH,Thüringen,0.15,0.15,0.1,0.15,0.1
5335,5335,Leegebruch,BB,Brandenburg,0.15,0.15,0.1,0.15,0.1
5336,5336,Leer,NI,Niedersachsen,0.15,0.15,0.1,0.15,0.1
5337,5337,Leese,NI,Niedersachsen,0.15,0.15,0.1,0.15,0.1
5338,5338,Leezdorf,NI,Niedersachsen,0.15,0.15,0.1,0.15,0.1
5339,5339,Leezen,MV,Mecklenburg-vorpommern,0.15,0.15,0.1,0.15,0.1
5340,5340,Leezen,SH,Schleswig-holstein,0.15,0.15,0.1,0.15,0.1
5341,5341,Legau,BY,Bayern,0.15,0.15,0.1,0.15,0.1
5342,5342,Legde,BB,Brandenburg,0.15,0.15,0.1,0.15,0.1
5343,5343,Legden,NW,Nordrhein-westfalen,0.15,0.15,0.1,0.15,0.1
5344,5344,Lehe,NI,Niedersachsen,0.15,0.15,0.1,0.15,0.1
5345,5345,Lehe,SH,Schleswig-holstein,0.15,0.15,0.1,0.15,0.1
5346,5346,Lehesten,TH,Thüringen,0.15,0.15,0.1,0.15,0.1
5347,5347,Lehmen,RP,Rheinland-pfalz,0.15,0.15,0.1,0.15,0.1
5348,5348,Lehmkuhlen,SH,Schleswig-holstein,0.15,0.15,0.1,0.15,0.1
5349,5349,Lehmrade,SH,Schleswig-holstein,0.15,0.15,0.1,0.15,0.1
5350,5350,Lehnstedt,TH,Thüringen,0.15,0.15,0.1,0.15,0.1
5351,5351,Lehrberg,BY,Bayern,0.15,0.15,0.1,0.15,0.1
5352,5352,Lehre,NI,Niedersachsen,0.15,0.15,0.1,0.15,0.1
5353,5353,Lehrensteinsfeld,BW,Baden-württemberg,0.15,0.15,0.1,0.15,0.1
5354,5354,Lehrte,NI,Niedersachsen,0.15,0.15,0.1,0.15,0.1
5355,5355,Leibertingen,BW,Baden-württemberg,0.15,0.15,0.1,0.15,0.1
5356,5356,Leiblfing,BY,Bayern,0.15,0.15,0.1,0.15,0.1
5357,5357,Leichlingen,NW,Nordrhein-westfalen,0.15,0.15,0.1,0.15,0.1
5358,5358,Leidenborn,RP,Rheinland-pfalz,0.15,0.15,0.1,0.15,0.1
5359,5359,Leidersbach,BY,Bayern,0.15,0.15,0.1,0.15,0.1
5360,5360,Leienkaul,RP,Rheinland-pfalz,0.15,0.15,0.1,0.15,0.1
5361,5361,Leiferde,NI,Niedersachsen,0.15,0.15,0.1,0.15,0.1
5362,5362,Leimbach,RP,Rheinland-pfalz,0.15,0.15,0.1,0.15,0.1
5363,5363,Leimbach,TH,Thüringen,0.15,0.15,0.1,0.15,0.1
5364,5364,Leimen,RP,Rheinland-pfalz,0.15,0.15,0.1,0.15,0.1
5365,5365,Leimen,BW,Baden-württemberg,0.15,0.15,0.1,0.15,0.1
5366,5366,Leimersheim,RP,Rheinland-pfalz,0.15,0.15,0.1,0.15,0.1
5367,5367,Leinburg,BY,Bayern,0.15,0.15,0.1,0.15,0.1
5368,5368,Leinfelden-Echterdingen,BW,Baden-württemberg,0.15,0.15,0.1,0.15,0.1
5369,5369,Leingarten,BW,Baden-württemberg,0.15,0.15,0.1,0.15,0.1
5370,5370,Leiningen,RP,Rheinland-pfalz,0.15,0.15,0.1,0.15,0.1
5371,5371,Leinsweiler,RP,Rheinland-pfalz,0.15,0.15,0.1,0.15,0.1
5372,5372,Leinzell,BW,Baden-württemberg,0.15,0.15,0.1,0.15,0.1
5373,5373,Leipheim,BY,Bayern,0.15,0.15,0.1,0.15,0.1
5374,5374,Leipzig,SN,Sachsen,0.15,0.15,0.1,0.15,0.1
5375,5375,Leisel,RP,Rheinland-pfalz,0.15,0.15,0.1,0.15,0.1
5376,5376,Leisnig,SN,Sachsen,0.15,0.15,0.1,0.15,0.1
5377,5377,Leitzkau,ST,Sachsen-anhalt,0.15,0.15,0.1,0.15,0.1
5378,5378,Leitzweiler,RP,Rheinland-pfalz,0.15,0.15,0.1,0.15,0.1
5379,5379,Leiwen,RP,Rheinland-pfalz,0.15,0.15,0.1,0.15,0.1
5380,5380,Leißling,ST,Sachsen-anhalt,0.15,0.15,0.1,0.15,0.1
5381,5381,Lelkendorf,MV,Mecklenburg-vorpommern,0.15,0.15,0.1,0.15,0.1
5382,5382,Lemberg,RP,Rheinland-pfalz,0.15,0.15,0.1,0.15,0.1
5383,5383,Lembruch,NI,Niedersachsen,0.15,0.15,0.1,0.15,0.1
5384,5384,Lemförde,NI,Niedersachsen,0.15,0.15,0.1,0.15,0.1
5385,5385,Lemgo,NW,Nordrhein-westfalen,0.15,0.15,0.1,0.15,0.1
5386,5386,Lemnitz,TH,Thüringen,0.15,0.15,0.1,0.15,0.1
5387,5387,Lemsahl-Mellingstedt,HH,Hamburg,0.15,0.15,0.1,0.15,0.1
5388,5388,Lemwerder,NI,Niedersachsen,0.15,0.15,0.1,0.15,0.1
5389,5389,Lengdorf,BY,Bayern,0.15,0.15,0.1,0.15,0.1
5390,5390,Lengede,NI,Niedersachsen,0.15,0.15,0.1,0.15,0.1
5391,5391,Lengefeld,ST,Sachsen-anhalt,0.15,0.15,0.1,0.15,0.1
5392,5392,Lengefeld,SN,Sachsen,0.15,0.15,0.1,0.15,0.1
5393,5393,Lengenbostel,NI,Niedersachsen,0.15,0.15,0.1,0.15,0.1
5394,5394,Lengenfeld,SN,Sachsen,0.15,0.15,0.1,0.15,0.1
5395,5395,Lengenwang,BY,Bayern,0.15,0.15,0.1,0.15,0.1
5396,5396,Lengerich,NW,Nordrhein-westfalen,0.15,0.15,0.1,0.15,0.1
5397,5397,Lengerich,NI,Niedersachsen,0.15,0.15,0.1,0.15,0.1
5398,5398,Lengfeld,TH,Thüringen,0.15,0.15,0.1,0.15,0.1
5399,5399,Lenggries,BY,Bayern,0.15,0.15,0.1,0.15,0.1
5400,5400,Lenne,NI,Niedersachsen,0.15,0.15,0.1,0.15,0.1
5401,5401,Lennestadt,NW,Nordrhein-westfalen,0.15,0.15,0.1,0.15,0.1
5402,5402,Lenningen,BW,Baden-württemberg,0.15,0.15,0.1,0.15,0.1
5403,5403,Lensahn,SH,Schleswig-holstein,0.15,0.15,0.1,0.15,0.1
5404,5404,Lenterode,TH,Thüringen,0.15,0.15,0.1,0.15,0.1
5405,5405,Lentföhrden,SH,Schleswig-holstein,0.15,0.15,0.1,0.15,0.1
5406,5406,Lenting,BY,Bayern,0.15,0.15,0.1,0.15,0.1
5407,5407,Lenzen,BB,Brandenburg,0.15,0.15,0.1,0.15,0.1
5408,5408,Lenzkirch,BW,Baden-württemberg,0.15,0.15,0.1,0.15,0.1
5409,5409,Leonberg,BW,Baden-württemberg,0.15,0.15,0.1,0.15,0.1
5410,5410,Leonberg,BY,Bayern,0.15,0.15,0.1,0.15,0.1
5411,5411,Leopoldshagen,MV,Mecklenburg-vorpommern,0.15,0.15,0.1,0.15,0.1
5412,5412,Leopoldshöhe,NW,Nordrhein-westfalen,0.15,0.15,0.1,0.15,0.1
5413,5413,Letschin,BB,Brandenburg,0.15,0.15,0.1,0.15,0.1
5414,5414,Lettweiler,RP,Rheinland-pfalz,0.15,0.15,0.1,0.15,0.1
5415,5415,Letzlingen,ST,Sachsen-anhalt,0.15,0.15,0.1,0.15,0.1
5416,5416,Leubnitz,SN,Sachsen,0.15,0.15,0.1,0.15,0.1
5417,5417,Leubsdorf,RP,Rheinland-pfalz,0.15,0.15,0.1,0.15,0.1
5418,5418,Leubsdorf,SN,Sachsen,0.15,0.15,0.1,0.15,0.1
5419,5419,Leuchtenberg,BY,Bayern,0.15,0.15,0.1,0.15,0.1
5420,5420,Leun,HE,Hessen,0.15,0.15,0.1,0.15,0.1
5421,5421,Leuna,ST,Sachsen-anhalt,0.15,0.15,0.1,0.15,0.1
5422,5422,Leupoldsgrün,BY,Bayern,0.15,0.15,0.1,0.15,0.1
5423,5423,Leutenbach,BW,Baden-württemberg,0.15,0.15,0.1,0.15,0.1
5424,5424,Leutenbach,BY,Bayern,0.15,0.15,0.1,0.15,0.1
5425,5425,Leutenberg,TH,Thüringen,0.15,0.15,0.1,0.15,0.1
5426,5426,Leutenthal,TH,Thüringen,0.15,0.15,0.1,0.15,0.1
5427,5427,Leuterod,RP,Rheinland-pfalz,0.15,0.15,0.1,0.15,0.1
5428,5428,Leutersdorf,SN,Sachsen,0.15,0.15,0.1,0.15,0.1
5429,5429,Leutersdorf,TH,Thüringen,0.15,0.15,0.1,0.15,0.1
5430,5430,Leutershausen,BY,Bayern,0.15,0.15,0.1,0.15,0.1
5431,5431,Leutesdorf,RP,Rheinland-pfalz,0.15,0.15,0.1,0.15,0.1
5432,5432,Leutkirch,BW,Baden-württemberg,0.15,0.15,0.1,0.15,0.1
5433,5433,Leverkusen,NW,Nordrhein-westfalen,0.15,0.15,0.1,0.15,0.1
5434,5434,Lexgaard,SH,Schleswig-holstein,0.15,0.15,0.1,0.15,0.1
5435,5435,Lich,HE,Hessen,0.15,0.15,0.1,0.15,0.1
5436,5436,Lichte,TH,Thüringen,0.15,0.15,0.1,0.15,0.1
5437,5437,Lichtenau,NW,Nordrhein-westfalen,0.15,0.15,0.1,0.15,0.1
5438,5438,Lichtenau,BW,Baden-württemberg,0.15,0.15,0.1,0.15,0.1
5439,5439,Lichtenau,BY,Bayern,0.15,0.15,0.1,0.15,0.1
5440,5440,Lichtenberg,BE,Berlin,0.15,0.15,0.1,0.15,0.1
5441,5441,Lichtenberg,SN,Sachsen,0.15,0.15,0.1,0.15,0.1
5442,5442,Lichtenberg,BY,Bayern,0.15,0.15,0.1,0.15,0.1
5443,5443,Lichtenborn,RP,Rheinland-pfalz,0.15,0.15,0.1,0.15,0.1
5444,5444,Lichtenfels,BY,Bayern,0.15,0.15,0.1,0.15,0.1
5445,5445,Lichtenstein,SN,Sachsen,0.15,0.15,0.1,0.15,0.1
5446,5446,Lichtentanne,SN,Sachsen,0.15,0.15,0.1,0.15,0.1
5447,5447,Lichterfeld,BB,Brandenburg,0.15,0.15,0.1,0.15,0.1
5448,5448,Lichterfelde,BE,Berlin,0.15,0.15,0.1,0.15,0.1
5449,5449,Liebenau,HE,Hessen,0.15,0.15,0.1,0.15,0.1
5450,5450,Liebenau,NI,Niedersachsen,0.15,0.15,0.1,0.15,0.1
5451,5451,Liebenburg,NI,Niedersachsen,0.15,0.15,0.1,0.15,0.1
5452,5452,Liebenscheid,RP,Rheinland-pfalz,0.15,0.15,0.1,0.15,0.1
5453,5453,Liebenstein,TH,Thüringen,0.15,0.15,0.1,0.15,0.1
5454,5454,Liebenwalde,BB,Brandenburg,0.15,0.15,0.1,0.15,0.1
5455,5455,Lieberose,BB,Brandenburg,0.15,0.15,0.1,0.15,0.1
5456,5456,Lieblingshof,MV,Mecklenburg-vorpommern,0.15,0.15,0.1,0.15,0.1
5457,5457,Liebshausen,RP,Rheinland-pfalz,0.15,0.15,0.1,0.15,0.1
5458,5458,Liebstadt,SN,Sachsen,0.15,0.15,0.1,0.15,0.1
5459,5459,Liebstedt,TH,Thüringen,0.15,0.15,0.1,0.15,0.1
5460,5460,Liederbach,HE,Hessen,0.15,0.15,0.1,0.15,0.1
5461,5461,Lieg,RP,Rheinland-pfalz,0.15,0.15,0.1,0.15,0.1
5462,5462,Lienen,NW,Nordrhein-westfalen,0.15,0.15,0.1,0.15,0.1
5463,5463,Liepe,BB,Brandenburg,0.15,0.15,0.1,0.15,0.1
5464,5464,Liepgarten,MV,Mecklenburg-vorpommern,0.15,0.15,0.1,0.15,0.1
5465,5465,Lierfeld,RP,Rheinland-pfalz,0.15,0.15,0.1,0.15,0.1
5466,5466,Lierschied,RP,Rheinland-pfalz,0.15,0.15,0.1,0.15,0.1
5467,5467,Liesenich,RP,Rheinland-pfalz,0.15,0.15,0.1,0.15,0.1
5468,5468,Lieser,RP,Rheinland-pfalz,0.15,0.15,0.1,0.15,0.1
5469,5469,Lieskau,ST,Sachsen-anhalt,0.15,0.15,0.1,0.15,0.1
5470,5470,Liessow,MV,Mecklenburg-vorpommern,0.15,0.15,0.1,0.15,0.1
5471,5471,Lieth,SH,Schleswig-holstein,0.15,0.15,0.1,0.15,0.1
5472,5472,Lietzen,BB,Brandenburg,0.15,0.15,0.1,0.15,0.1
5473,5473,Ließem,RP,Rheinland-pfalz,0.15,0.15,0.1,0.15,0.1
5474,5474,Lilienthal,NI,Niedersachsen,0.15,0.15,0.1,0.15,0.1
5475,5475,Limbach,RP,Rheinland-pfalz,0.15,0.15,0.1,0.15,0.1
5476,5476,Limbach,SN,Sachsen,0.15,0.15,0.1,0.15,0.1
5477,5477,Limbach,BW,Baden-württemberg,0.15,0.15,0.1,0.15,0.1
5478,5478,Limbach-Oberfrohna,SN,Sachsen,0.15,0.15,0.1,0.15,0.1
5479,5479,Limburg an der Lahn,HE,Hessen,0.15,0.15,0.1,0.15,0.1
5480,5480,Limburgerhof,RP,Rheinland-pfalz,0.15,0.15,0.1,0.15,0.1
5481,5481,Linau,SH,Schleswig-holstein,0.15,0.15,0.1,0.15,0.1
5482,5482,Lind,RP,Rheinland-pfalz,0.15,0.15,0.1,0.15,0.1
5483,5483,Linda,ST,Sachsen-anhalt,0.15,0.15,0.1,0.15,0.1
5484,5484,Lindau,SH,Schleswig-holstein,0.15,0.15,0.1,0.15,0.1
5485,5485,Lindau,ST,Sachsen-anhalt,0.15,0.15,0.1,0.15,0.1
5486,5486,Lindau,BY,Bayern,0.15,0.15,0.1,0.15,0.1
5487,5487,Lindberg,BY,Bayern,0.15,0.15,0.1,0.15,0.1
5488,5488,Linden,RP,Rheinland-pfalz,0.15,0.15,0.1,0.15,0.1
5489,5489,Linden,SH,Schleswig-holstein,0.15,0.15,0.1,0.15,0.1
5490,5490,Lindenau,BB,Brandenburg,0.15,0.15,0.1,0.15,0.1
5491,5491,Lindenberg,RP,Rheinland-pfalz,0.15,0.15,0.1,0.15,0.1
5492,5492,Lindenberg,NI,Niedersachsen,0.15,0.15,0.1,0.15,0.1
5493,5493,Lindenfels,HE,Hessen,0.15,0.15,0.1,0.15,0.1
5494,5494,Lindenkreuz,TH,Thüringen,0.15,0.15,0.1,0.15,0.1
5495,5495,Lindenschied,RP,Rheinland-pfalz,0.15,0.15,0.1,0.15,0.1
5496,5496,Lindewerra,TH,Thüringen,0.15,0.15,0.1,0.15,0.1
5497,5497,Lindewitt,SH,Schleswig-holstein,0.15,0.15,0.1,0.15,0.1
5498,5498,Lindhorst,NI,Niedersachsen,0.15,0.15,0.1,0.15,0.1
5499,5499,Lindig,TH,Thüringen,0.15,0.15,0.1,0.15,0.1
5500,5500,Lindlar,NW,Nordrhein-westfalen,0.15,0.15,0.1,0.15,0.1
5501,5501,Lindow,BB,Brandenburg,0.15,0.15,0.1,0.15,0.1
5502,5502,Lindstedt,ST,Sachsen-anhalt,0.15,0.15,0.1,0.15,0.1
5503,5503,Lindwedel,NI,Niedersachsen,0.15,0.15,0.1,0.15,0.1
5504,5504,Lingen,NI,Niedersachsen,0.15,0.15,0.1,0.15,0.1
5505,5505,Lingenfeld,RP,Rheinland-pfalz,0.15,0.15,0.1,0.15,0.1
5506,5506,Lingerhahn,RP,Rheinland-pfalz,0.15,0.15,0.1,0.15,0.1
5507,5507,Linkenbach,RP,Rheinland-pfalz,0.15,0.15,0.1,0.15,0.1
5508,5508,Linkenheim-Hochstetten,BW,Baden-württemberg,0.15,0.15,0.1,0.15,0.1
5509,5509,Linnich,NW,Nordrhein-westfalen,0.15,0.15,0.1,0.15,0.1
5510,5510,Linsburg,NI,Niedersachsen,0.15,0.15,0.1,0.15,0.1
5511,5511,Linthe,BB,Brandenburg,0.15,0.15,0.1,0.15,0.1
5512,5512,Lintig,NI,Niedersachsen,0.15,0.15,0.1,0.15,0.1
5513,5513,Linz am Rhein,RP,Rheinland-pfalz,0.15,0.15,0.1,0.15,0.1
5514,5514,Lipporn,RP,Rheinland-pfalz,0.15,0.15,0.1,0.15,0.1
5515,5515,Lipprechterode,TH,Thüringen,0.15,0.15,0.1,0.15,0.1
5516,5516,Lippstadt,NW,Nordrhein-westfalen,0.15,0.15,0.1,0.15,0.1
5517,5517,Lirstal,RP,Rheinland-pfalz,0.15,0.15,0.1,0.15,0.1
5518,5518,Lissendorf,RP,Rheinland-pfalz,0.15,0.15,0.1,0.15,0.1
5519,5519,List,SH,Schleswig-holstein,0.15,0.15,0.1,0.15,0.1
5520,5520,Litzendorf,BY,Bayern,0.15,0.15,0.1,0.15,0.1
5521,5521,Lobbach,BW,Baden-württemberg,0.15,0.15,0.1,0.15,0.1
5522,5522,Lobstädt,SN,Sachsen,0.15,0.15,0.1,0.15,0.1
5523,5523,Loburg,ST,Sachsen-anhalt,0.15,0.15,0.1,0.15,0.1
5524,5524,Lochau,ST,Sachsen-anhalt,0.15,0.15,0.1,0.15,0.1
5525,5525,Lochum,RP,Rheinland-pfalz,0.15,0.15,0.1,0.15,0.1
5526,5526,Lockstedt,SH,Schleswig-holstein,0.15,0.15,0.1,0.15,0.1
5527,5527,Loddin,MV,Mecklenburg-vorpommern,0.15,0.15,0.1,0.15,0.1
5528,5528,Loffenau,BW,Baden-württemberg,0.15,0.15,0.1,0.15,0.1
5529,5529,Lohbarbek,SH,Schleswig-holstein,0.15,0.15,0.1,0.15,0.1
5530,5530,Lohberg,BY,Bayern,0.15,0.15,0.1,0.15,0.1
5531,5531,Lohe-Föhrden,SH,Schleswig-holstein,0.15,0.15,0.1,0.15,0.1
5532,5532,Lohe-Rickelshof,SH,Schleswig-holstein,0.15,0.15,0.1,0.15,0.1
5533,5533,Lohfelden,HE,Hessen,0.15,0.15,0.1,0.15,0.1
5534,5534,Lohkirchen,BY,Bayern,0.15,0.15,0.1,0.15,0.1
5535,5535,Lohmar,NW,Nordrhein-westfalen,0.15,0.15,0.1,0.15,0.1
5536,5536,Lohme,MV,Mecklenburg-vorpommern,0.15,0.15,0.1,0.15,0.1
5537,5537,Lohmen,SN,Sachsen,0.15,0.15,0.1,0.15,0.1
5538,5538,Lohmen,MV,Mecklenburg-vorpommern,0.15,0.15,0.1,0.15,0.1
5539,5539,Lohne,NI,Niedersachsen,0.15,0.15,0.1,0.15,0.1
5540,5540,Lohnsfeld,RP,Rheinland-pfalz,0.15,0.15,0.1,0.15,0.1
5541,5541,Lohnweiler,RP,Rheinland-pfalz,0.15,0.15,0.1,0.15,0.1
5542,5542,Lohr am Main,BY,Bayern,0.15,0.15,0.1,0.15,0.1
5543,5543,Lohra,HE,Hessen,0.15,0.15,0.1,0.15,0.1
5544,5544,Lohrheim,RP,Rheinland-pfalz,0.15,0.15,0.1,0.15,0.1
5545,5545,Lohsa,SN,Sachsen,0.15,0.15,0.1,0.15,0.1
5546,5546,Loiching,BY,Bayern,0.15,0.15,0.1,0.15,0.1
5547,5547,Loissin,MV,Mecklenburg-vorpommern,0.15,0.15,0.1,0.15,0.1
5548,5548,Loit,SH,Schleswig-holstein,0.15,0.15,0.1,0.15,0.1
5549,5549,Loitsche,ST,Sachsen-anhalt,0.15,0.15,0.1,0.15,0.1
5550,5550,Loitz,MV,Mecklenburg-vorpommern,0.15,0.15,0.1,0.15,0.1
5551,5551,Loitzendorf,BY,Bayern,0.15,0.15,0.1,0.15,0.1
5552,5552,Lollar,HE,Hessen,0.15,0.15,0.1,0.15,0.1
5553,5553,Lollschied,RP,Rheinland-pfalz,0.15,0.15,0.1,0.15,0.1
5554,5554,Lommatzsch,SN,Sachsen,0.15,0.15,0.1,0.15,0.1
5555,5555,Longen,RP,Rheinland-pfalz,0.15,0.15,0.1,0.15,0.1
5556,5556,Longkamp,RP,Rheinland-pfalz,0.15,0.15,0.1,0.15,0.1
5557,5557,Longuich,RP,Rheinland-pfalz,0.15,0.15,0.1,0.15,0.1
5558,5558,Lonnerstadt,BY,Bayern,0.15,0.15,0.1,0.15,0.1
5559,5559,Lonnig,RP,Rheinland-pfalz,0.15,0.15,0.1,0.15,0.1
5560,5560,Lonsee,BW,Baden-württemberg,0.15,0.15,0.1,0.15,0.1
5561,5561,Lonsheim,RP,Rheinland-pfalz,0.15,0.15,0.1,0.15,0.1
5562,5562,Looft,SH,Schleswig-holstein,0.15,0.15,0.1,0.15,0.1
5563,5563,Loop,SH,Schleswig-holstein,0.15,0.15,0.1,0.15,0.1
5564,5564,Loose,SH,Schleswig-holstein,0.15,0.15,0.1,0.15,0.1
5565,5565,Lorch,BW,Baden-württemberg,0.15,0.15,0.1,0.15,0.1
5566,5566,Lorsch,HE,Hessen,0.15,0.15,0.1,0.15,0.1
5567,5567,Lorscheid,RP,Rheinland-pfalz,0.15,0.15,0.1,0.15,0.1
5568,5568,Lorup,NI,Niedersachsen,0.15,0.15,0.1,0.15,0.1
5569,5569,Losheim,SL,Saarland,0.15,0.15,0.1,0.15,0.1
5570,5570,Lossa,ST,Sachsen-anhalt,0.15,0.15,0.1,0.15,0.1
5571,5571,Lostau,ST,Sachsen-anhalt,0.15,0.15,0.1,0.15,0.1
5572,5572,Lotte,NW,Nordrhein-westfalen,0.15,0.15,0.1,0.15,0.1
5573,5573,Lottorf,SH,Schleswig-holstein,0.15,0.15,0.1,0.15,0.1
5574,5574,Lottstetten,BW,Baden-württemberg,0.15,0.15,0.1,0.15,0.1
5575,5575,Loxstedt,NI,Niedersachsen,0.15,0.15,0.1,0.15,0.1
5576,5576,Loßburg,BW,Baden-württemberg,0.15,0.15,0.1,0.15,0.1
5577,5577,Lubmin,MV,Mecklenburg-vorpommern,0.15,0.15,0.1,0.15,0.1
5578,5578,Lucka,TH,Thüringen,0.15,0.15,0.1,0.15,0.1
5579,5579,Luckau,NI,Niedersachsen,0.15,0.15,0.1,0.15,0.1
5580,5580,Luckau,BB,Brandenburg,0.15,0.15,0.1,0.15,0.1
5581,5581,Luckenau,ST,Sachsen-anhalt,0.15,0.15,0.1,0.15,0.1
5582,5582,Luckenbach,RP,Rheinland-pfalz,0.15,0.15,0.1,0.15,0.1
5583,5583,Luckenwalde,BB,Brandenburg,0.15,0.15,0.1,0.15,0.1
5584,5584,Luckow,MV,Mecklenburg-vorpommern,0.15,0.15,0.1,0.15,0.1
5585,5585,Ludwigsburg,BW,Baden-württemberg,0.15,0.15,0.1,0.15,0.1
5586,5586,Ludwigschorgast,BY,Bayern,0.15,0.15,0.1,0.15,0.1
5587,5587,Ludwigsfelde,BB,Brandenburg,0.15,0.15,0.1,0.15,0.1
5588,5588,Ludwigshafen am Rhein,RP,Rheinland-pfalz,0.15,0.15,0.1,0.15,0.1
5589,5589,Ludwigshöhe,RP,Rheinland-pfalz,0.15,0.15,0.1,0.15,0.1
5590,5590,Ludwigslust,MV,Mecklenburg-vorpommern,0.15,0.15,0.1,0.15,0.1
5591,5591,Ludwigsstadt,BY,Bayern,0.15,0.15,0.1,0.15,0.1
5592,5592,Ludwigswinkel,RP,Rheinland-pfalz,0.15,0.15,0.1,0.15,0.1
5593,5593,Lug,RP,Rheinland-pfalz,0.15,0.15,0.1,0.15,0.1
5594,5594,Lugau,SN,Sachsen,0.15,0.15,0.1,0.15,0.1
5595,5595,Luhden,NI,Niedersachsen,0.15,0.15,0.1,0.15,0.1
5596,5596,Luhe-Wildenau,BY,Bayern,0.15,0.15,0.1,0.15,0.1
5597,5597,Luhnstedt,SH,Schleswig-holstein,0.15,0.15,0.1,0.15,0.1
5598,5598,Luisenthal,SL,Saarland,0.15,0.15,0.1,0.15,0.1
5599,5599,Luisenthal,TH,Thüringen,0.15,0.15,0.1,0.15,0.1
5600,5600,Lumpzig,TH,Thüringen,0.15,0.15,0.1,0.15,0.1
5601,5601,Lunden,SH,Schleswig-holstein,0.15,0.15,0.1,0.15,0.1
5602,5602,Lunestedt,NI,Niedersachsen,0.15,0.15,0.1,0.15,0.1
5603,5603,Lunzenau,SN,Sachsen,0.15,0.15,0.1,0.15,0.1
5604,5604,Lunzig,TH,Thüringen,0.15,0.15,0.1,0.15,0.1
5605,5605,Lupburg,BY,Bayern,0.15,0.15,0.1,0.15,0.1
5606,5606,Lurup,HH,Hamburg,0.15,0.15,0.1,0.15,0.1
5607,5607,Lustadt,RP,Rheinland-pfalz,0.15,0.15,0.1,0.15,0.1
5608,5608,Lutter,TH,Thüringen,0.15,0.15,0.1,0.15,0.1
5609,5609,Lutter am Barenberge,NI,Niedersachsen,0.15,0.15,0.1,0.15,0.1
5610,5610,Lutterbek,SH,Schleswig-holstein,0.15,0.15,0.1,0.15,0.1
5611,5611,Lutzerath,RP,Rheinland-pfalz,0.15,0.15,0.1,0.15,0.1
5612,5612,Lutzhorn,SH,Schleswig-holstein,0.15,0.15,0.1,0.15,0.1
5613,5613,Lutzingen,BY,Bayern,0.15,0.15,0.1,0.15,0.1
5614,5614,Luxem,RP,Rheinland-pfalz,0.15,0.15,0.1,0.15,0.1
5615,5615,Lychen,BB,Brandenburg,0.15,0.15,0.1,0.15,0.1
5616,5616,Lykershausen,RP,Rheinland-pfalz,0.15,0.15,0.1,0.15,0.1
5617,5617,Lägerdorf,SH,Schleswig-holstein,0.15,0.15,0.1,0.15,0.1
5618,5618,Lähden,NI,Niedersachsen,0.15,0.15,0.1,0.15,0.1
5619,5619,Lärz,MV,Mecklenburg-vorpommern,0.15,0.15,0.1,0.15,0.1
5620,5620,Löbau,SN,Sachsen,0.15,0.15,0.1,0.15,0.1
5621,5621,Löbejün,ST,Sachsen-anhalt,0.15,0.15,0.1,0.15,0.1
5622,5622,Löberitz,ST,Sachsen-anhalt,0.15,0.15,0.1,0.15,0.1
5623,5623,Löberschütz,TH,Thüringen,0.15,0.15,0.1,0.15,0.1
5624,5624,Löbichau,TH,Thüringen,0.15,0.15,0.1,0.15,0.1
5625,5625,Löbnitz,MV,Mecklenburg-vorpommern,0.15,0.15,0.1,0.15,0.1
5626,5626,Löbnitz,SN,Sachsen,0.15,0.15,0.1,0.15,0.1
5627,5627,Löchgau,BW,Baden-württemberg,0.15,0.15,0.1,0.15,0.1
5628,5628,Löcknitz,MV,Mecklenburg-vorpommern,0.15,0.15,0.1,0.15,0.1
5629,5629,Lödla,TH,Thüringen,0.15,0.15,0.1,0.15,0.1
5630,5630,Löf,RP,Rheinland-pfalz,0.15,0.15,0.1,0.15,0.1
5631,5631,Löffingen,BW,Baden-württemberg,0.15,0.15,0.1,0.15,0.1
5632,5632,Löhma,TH,Thüringen,0.15,0.15,0.1,0.15,0.1
5633,5633,Löhnberg,HE,Hessen,0.15,0.15,0.1,0.15,0.1
5634,5634,Löhne,NW,Nordrhein-westfalen,0.15,0.15,0.1,0.15,0.1
5635,5635,Löllbach,RP,Rheinland-pfalz,0.15,0.15,0.1,0.15,0.1
5636,5636,Löningen,NI,Niedersachsen,0.15,0.15,0.1,0.15,0.1
5637,5637,Löptin,SH,Schleswig-holstein,0.15,0.15,0.1,0.15,0.1
5638,5638,Lörrach,BW,Baden-württemberg,0.15,0.15,0.1,0.15,0.1
5639,5639,Lörzweiler,RP,Rheinland-pfalz,0.15,0.15,0.1,0.15,0.1
5640,5640,Lösnich,RP,Rheinland-pfalz,0.15,0.15,0.1,0.15,0.1
5641,5641,Lötzbeuren,RP,Rheinland-pfalz,0.15,0.15,0.1,0.15,0.1
5642,5642,Löwenstedt,SH,Schleswig-holstein,0.15,0.15,0.1,0.15,0.1
5643,5643,Löwenstein,BW,Baden-württemberg,0.15,0.15,0.1,0.15,0.1
5644,5644,Lößnitz,SN,Sachsen,0.15,0.15,0.1,0.15,0.1
5645,5645,Lübars,BE,Berlin,0.15,0.15,0.1,0.15,0.1
5646,5646,Lübbecke,NW,Nordrhein-westfalen,0.15,0.15,0.1,0.15,0.1
5647,5647,Lübben,BB,Brandenburg,0.15,0.15,0.1,0.15,0.1
5648,5648,Lübbenau,BB,Brandenburg,0.15,0.15,0.1,0.15,0.1
5649,5649,Lübberstedt,NI,Niedersachsen,0.15,0.15,0.1,0.15,0.1
5650,5650,Lübbow,NI,Niedersachsen,0.15,0.15,0.1,0.15,0.1
5651,5651,Lübeck,SH,Schleswig-holstein,0.15,0.15,0.1,0.15,0.1
5652,5652,Lübesse,MV,Mecklenburg-vorpommern,0.15,0.15,0.1,0.15,0.1
5653,5653,Lüblow,MV,Mecklenburg-vorpommern,0.15,0.15,0.1,0.15,0.1
5654,5654,Lübow,MV,Mecklenburg-vorpommern,0.15,0.15,0.1,0.15,0.1
5655,5655,Lübtheen,MV,Mecklenburg-vorpommern,0.15,0.15,0.1,0.15,0.1
5656,5656,Lübz,MV,Mecklenburg-vorpommern,0.15,0.15,0.1,0.15,0.1
5657,5657,Lüchow,SH,Schleswig-holstein,0.15,0.15,0.1,0.15,0.1
5658,5658,Lüchow,NI,Niedersachsen,0.15,0.15,0.1,0.15,0.1
5659,5659,Lückenburg,RP,Rheinland-pfalz,0.15,0.15,0.1,0.15,0.1
5660,5660,Lückstedt,ST,Sachsen-anhalt,0.15,0.15,0.1,0.15,0.1
5661,5661,Lüdenscheid,NW,Nordrhein-westfalen,0.15,0.15,0.1,0.15,0.1
5662,5662,Lüder,NI,Niedersachsen,0.15,0.15,0.1,0.15,0.1
5663,5663,Lüderitz,ST,Sachsen-anhalt,0.15,0.15,0.1,0.15,0.1
5664,5664,Lüdersburg,NI,Niedersachsen,0.15,0.15,0.1,0.15,0.1
5665,5665,Lüdersdorf,MV,Mecklenburg-vorpommern,0.15,0.15,0.1,0.15,0.1
5666,5666,Lüdersfeld,NI,Niedersachsen,0.15,0.15,0.1,0.15,0.1
5667,5667,Lüdershagen,MV,Mecklenburg-vorpommern,0.15,0.15,0.1,0.15,0.1
5668,5668,Lüdinghausen,NW,Nordrhein-westfalen,0.15,0.15,0.1,0.15,0.1
5669,5669,Lüerdissen,NI,Niedersachsen,0.15,0.15,0.1,0.15,0.1
5670,5670,Lügde,NW,Nordrhein-westfalen,0.15,0.15,0.1,0.15,0.1
5671,5671,Lühmannsdorf,MV,Mecklenburg-vorpommern,0.15,0.15,0.1,0.15,0.1
5672,5672,Lülsfeld,BY,Bayern,0.15,0.15,0.1,0.15,0.1
5673,5673,Lünebach,RP,Rheinland-pfalz,0.15,0.15,0.1,0.15,0.1
5674,5674,Lüneburg,NI,Niedersachsen,0.15,0.15,0.1,0.15,0.1
5675,5675,Lünen,NW,Nordrhein-westfalen,0.15,0.15,0.1,0.15,0.1
5676,5676,Lünne,NI,Niedersachsen,0.15,0.15,0.1,0.15,0.1
5677,5677,Lürschau,SH,Schleswig-holstein,0.15,0.15,0.1,0.15,0.1
5678,5678,Lüssow,MV,Mecklenburg-vorpommern,0.15,0.15,0.1,0.15,0.1
5679,5679,Lütau,SH,Schleswig-holstein,0.15,0.15,0.1,0.15,0.1
5680,5680,Lütetsburg,NI,Niedersachsen,0.15,0.15,0.1,0.15,0.1
5681,5681,Lütjenburg,SH,Schleswig-holstein,0.15,0.15,0.1,0.15,0.1
5682,5682,Lütjenholm,SH,Schleswig-holstein,0.15,0.15,0.1,0.15,0.1
5683,5683,Lütjensee,SH,Schleswig-holstein,0.15,0.15,0.1,0.15,0.1
5684,5684,Lütjenwestedt,SH,Schleswig-holstein,0.15,0.15,0.1,0.15,0.1
5685,5685,Lüttchendorf,ST,Sachsen-anhalt,0.15,0.15,0.1,0.15,0.1
5686,5686,Lüttgenrode,ST,Sachsen-anhalt,0.15,0.15,0.1,0.15,0.1
5687,5687,Lütz,RP,Rheinland-pfalz,0.15,0.15,0.1,0.15,0.1
5688,5688,Lützelbach,HE,Hessen,0.15,0.15,0.1,0.15,0.1
5689,5689,Lützen,ST,Sachsen-anhalt,0.15,0.15,0.1,0.15,0.1
5690,5690,Lützkampen,RP,Rheinland-pfalz,0.15,0.15,0.1,0.15,0.1
5691,5691,Lützow,MV,Mecklenburg-vorpommern,0.15,0.15,0.1,0.15,0.1
5692,5692,Maasbüll,SH,Schleswig-holstein,0.15,0.15,0.1,0.15,0.1
5693,5693,Maasen,NI,Niedersachsen,0.15,0.15,0.1,0.15,0.1
5694,5694,Maasholm,SH,Schleswig-holstein,0.15,0.15,0.1,0.15,0.1
5695,5695,Machern,SN,Sachsen,0.15,0.15,0.1,0.15,0.1
5696,5696,Macken,RP,Rheinland-pfalz,0.15,0.15,0.1,0.15,0.1
5697,5697,Mackenbach,RP,Rheinland-pfalz,0.15,0.15,0.1,0.15,0.1
5698,5698,Mackenrode,TH,Thüringen,0.15,0.15,0.1,0.15,0.1
5699,5699,Mackenrodt,RP,Rheinland-pfalz,0.15,0.15,0.1,0.15,0.1
5700,5700,Magdala,TH,Thüringen,0.15,0.15,0.1,0.15,0.1
5701,5701,Magdeburg,ST,Sachsen-anhalt,0.15,0.15,0.1,0.15,0.1
5702,5702,Magstadt,BW,Baden-württemberg,0.15,0.15,0.1,0.15,0.1
5703,5703,Mahlberg,BW,Baden-württemberg,0.15,0.15,0.1,0.15,0.1
5704,5704,Mahlwinkel,ST,Sachsen-anhalt,0.15,0.15,0.1,0.15,0.1
5705,5705,Maierhöfen,BY,Bayern,0.15,0.15,0.1,0.15,0.1
5706,5706,Maihingen,BY,Bayern,0.15,0.15,0.1,0.15,0.1
5707,5707,Maikammer,RP,Rheinland-pfalz,0.15,0.15,0.1,0.15,0.1
5708,5708,Mainaschaff,BY,Bayern,0.15,0.15,0.1,0.15,0.1
5709,5709,Mainbernheim,BY,Bayern,0.15,0.15,0.1,0.15,0.1
5710,5710,Mainburg,BY,Bayern,0.15,0.15,0.1,0.15,0.1
5711,5711,Mainhardt,BW,Baden-württemberg,0.15,0.15,0.1,0.15,0.1
5712,5712,Mainleus,BY,Bayern,0.15,0.15,0.1,0.15,0.1
5713,5713,Mainstockheim,BY,Bayern,0.15,0.15,0.1,0.15,0.1
5714,5714,Maintal,HE,Hessen,0.15,0.15,0.1,0.15,0.1
5715,5715,Mainz,RP,Rheinland-pfalz,0.15,0.15,0.1,0.15,0.1
5716,5716,Maisach,BY,Bayern,0.15,0.15,0.1,0.15,0.1
5717,5717,Maisborn,RP,Rheinland-pfalz,0.15,0.15,0.1,0.15,0.1
5718,5718,Maitenbeth,BY,Bayern,0.15,0.15,0.1,0.15,0.1
5719,5719,Maitzborn,RP,Rheinland-pfalz,0.15,0.15,0.1,0.15,0.1
5720,5720,Malberg,RP,Rheinland-pfalz,0.15,0.15,0.1,0.15,0.1
5721,5721,Malbergweich,RP,Rheinland-pfalz,0.15,0.15,0.1,0.15,0.1
5722,5722,Malborn,RP,Rheinland-pfalz,0.15,0.15,0.1,0.15,0.1
5723,5723,Malchin,MV,Mecklenburg-vorpommern,0.15,0.15,0.1,0.15,0.1
5724,5724,Malching,BY,Bayern,0.15,0.15,0.1,0.15,0.1
5725,5725,Malchow,MV,Mecklenburg-vorpommern,0.15,0.15,0.1,0.15,0.1
5726,5726,Malchow,BE,Berlin,0.15,0.15,0.1,0.15,0.1
5727,5727,Malente,SH,Schleswig-holstein,0.15,0.15,0.1,0.15,0.1
5728,5728,Malgersdorf,BY,Bayern,0.15,0.15,0.1,0.15,0.1
5729,5729,Mallentin,MV,Mecklenburg-vorpommern,0.15,0.15,0.1,0.15,0.1
5730,5730,Mallersdorf-Pfaffenberg,BY,Bayern,0.15,0.15,0.1,0.15,0.1
5731,5731,Malliß,MV,Mecklenburg-vorpommern,0.15,0.15,0.1,0.15,0.1
5732,5732,Malsch,BW,Baden-württemberg,0.15,0.15,0.1,0.15,0.1
5733,5733,Malschwitz,SN,Sachsen,0.15,0.15,0.1,0.15,0.1
5734,5734,Malsfeld,HE,Hessen,0.15,0.15,0.1,0.15,0.1
5735,5735,Malterdingen,BW,Baden-württemberg,0.15,0.15,0.1,0.15,0.1
5736,5736,Mammelzen,RP,Rheinland-pfalz,0.15,0.15,0.1,0.15,0.1
5737,5737,Mammendorf,BY,Bayern,0.15,0.15,0.1,0.15,0.1
5738,5738,Mamming,BY,Bayern,0.15,0.15,0.1,0.15,0.1
5739,5739,Manching,BY,Bayern,0.15,0.15,0.1,0.15,0.1
5740,5740,Mandel,RP,Rheinland-pfalz,0.15,0.15,0.1,0.15,0.1
5741,5741,Mandern,RP,Rheinland-pfalz,0.15,0.15,0.1,0.15,0.1
5742,5742,Manderscheid,RP,Rheinland-pfalz,0.15,0.15,0.1,0.15,0.1
5743,5743,Manhagen,SH,Schleswig-holstein,0.15,0.15,0.1,0.15,0.1
5744,5744,Mannebach,RP,Rheinland-pfalz,0.15,0.15,0.1,0.15,0.1
5745,5745,Mannheim,BW,Baden-württemberg,0.15,0.15,0.1,0.15,0.1
5746,5746,Mannstedt,TH,Thüringen,0.15,0.15,0.1,0.15,0.1
5747,5747,Mannweiler-Cölln,RP,Rheinland-pfalz,0.15,0.15,0.1,0.15,0.1
5748,5748,Manschnow,BB,Brandenburg,0.15,0.15,0.1,0.15,0.1
5749,5749,Mansfeld,ST,Sachsen-anhalt,0.15,0.15,0.1,0.15,0.1
5750,5750,Mantel,BY,Bayern,0.15,0.15,0.1,0.15,0.1
5751,5751,Manubach,RP,Rheinland-pfalz,0.15,0.15,0.1,0.15,0.1
5752,5752,Marbach am Neckar,BW,Baden-württemberg,0.15,0.15,0.1,0.15,0.1
5753,5753,Margetshöchheim,BY,Bayern,0.15,0.15,0.1,0.15,0.1
5754,5754,Mariaposching,BY,Bayern,0.15,0.15,0.1,0.15,0.1
5755,5755,Marienberg,SN,Sachsen,0.15,0.15,0.1,0.15,0.1
5756,5756,Marienborn,ST,Sachsen-anhalt,0.15,0.15,0.1,0.15,0.1
5757,5757,Marienfels,RP,Rheinland-pfalz,0.15,0.15,0.1,0.15,0.1
5758,5758,Marienhafe,NI,Niedersachsen,0.15,0.15,0.1,0.15,0.1
5759,5759,Marienhagen,NI,Niedersachsen,0.15,0.15,0.1,0.15,0.1
5760,5760,Marienhausen,RP,Rheinland-pfalz,0.15,0.15,0.1,0.15,0.1
5761,5761,Marienheide,NW,Nordrhein-westfalen,0.15,0.15,0.1,0.15,0.1
5762,5762,Marienrachdorf,RP,Rheinland-pfalz,0.15,0.15,0.1,0.15,0.1
5763,5763,Mariental,NI,Niedersachsen,0.15,0.15,0.1,0.15,0.1
5764,5764,Marienthal,HH,Hamburg,0.15,0.15,0.1,0.15,0.1
5765,5765,Marienwerder,BB,Brandenburg,0.15,0.15,0.1,0.15,0.1
5766,5766,Maring-Noviand,RP,Rheinland-pfalz,0.15,0.15,0.1,0.15,0.1
5767,5767,Marisfeld,TH,Thüringen,0.15,0.15,0.1,0.15,0.1
5768,5768,Markdorf,BW,Baden-württemberg,0.15,0.15,0.1,0.15,0.1
5769,5769,Markersbach,SN,Sachsen,0.15,0.15,0.1,0.15,0.1
5770,5770,Markersdorf,SN,Sachsen,0.15,0.15,0.1,0.15,0.1
5771,5771,Markgröningen,BW,Baden-württemberg,0.15,0.15,0.1,0.15,0.1
5772,5772,Markkleeberg,SN,Sachsen,0.15,0.15,0.1,0.15,0.1
5773,5773,Marklkofen,BY,Bayern,0.15,0.15,0.1,0.15,0.1
5774,5774,Marklohe,NI,Niedersachsen,0.15,0.15,0.1,0.15,0.1
5775,5775,Markneukirchen,SN,Sachsen,0.15,0.15,0.1,0.15,0.1
5776,5776,Markranstädt,SN,Sachsen,0.15,0.15,0.1,0.15,0.1
5777,5777,Marksuhl,TH,Thüringen,0.15,0.15,0.1,0.15,0.1
5778,5778,Markt Berolzheim,BY,Bayern,0.15,0.15,0.1,0.15,0.1
5779,5779,Markt Bibart,BY,Bayern,0.15,0.15,0.1,0.15,0.1
5780,5780,Markt Einersheim,BY,Bayern,0.15,0.15,0.1,0.15,0.1
5781,5781,Markt Erlbach,BY,Bayern,0.15,0.15,0.1,0.15,0.1
5782,5782,Markt Indersdorf,BY,Bayern,0.15,0.15,0.1,0.15,0.1
5783,5783,Markt Nordheim,BY,Bayern,0.15,0.15,0.1,0.15,0.1
5784,5784,Markt Rettenbach,BY,Bayern,0.15,0.15,0.1,0.15,0.1
5785,5785,Markt Schwaben,BY,Bayern,0.15,0.15,0.1,0.15,0.1
5786,5786,Markt Taschendorf,BY,Bayern,0.15,0.15,0.1,0.15,0.1
5787,5787,Markt Wald,BY,Bayern,0.15,0.15,0.1,0.15,0.1
5788,5788,Marktbergel,BY,Bayern,0.15,0.15,0.1,0.15,0.1
5789,5789,Marktbreit,BY,Bayern,0.15,0.15,0.1,0.15,0.1
5790,5790,Marktgraitz,BY,Bayern,0.15,0.15,0.1,0.15,0.1
5791,5791,Marktgölitz,TH,Thüringen,0.15,0.15,0.1,0.15,0.1
5792,5792,Marktheidenfeld,BY,Bayern,0.15,0.15,0.1,0.15,0.1
5793,5793,Marktl,BY,Bayern,0.15,0.15,0.1,0.15,0.1
5794,5794,Marktleugast,BY,Bayern,0.15,0.15,0.1,0.15,0.1
5795,5795,Marktleuthen,BY,Bayern,0.15,0.15,0.1,0.15,0.1
5796,5796,Marktoberdorf,BY,Bayern,0.15,0.15,0.1,0.15,0.1
5797,5797,Marktoffingen,BY,Bayern,0.15,0.15,0.1,0.15,0.1
5798,5798,Marktredwitz,BY,Bayern,0.15,0.15,0.1,0.15,0.1
5799,5799,Marktrodach,BY,Bayern,0.15,0.15,0.1,0.15,0.1
5800,5800,Marktschellenberg,BY,Bayern,0.15,0.15,0.1,0.15,0.1
5801,5801,Marktschorgast,BY,Bayern,0.15,0.15,0.1,0.15,0.1
5802,5802,Marktsteft,BY,Bayern,0.15,0.15,0.1,0.15,0.1
5803,5803,Marktzeuln,BY,Bayern,0.15,0.15,0.1,0.15,0.1
5804,5804,Markvippach,TH,Thüringen,0.15,0.15,0.1,0.15,0.1
5805,5805,Markwerben,ST,Sachsen-anhalt,0.15,0.15,0.1,0.15,0.1
5806,5806,Marl,NW,Nordrhein-westfalen,0.15,0.15,0.1,0.15,0.1
5807,5807,Marl,NI,Niedersachsen,0.15,0.15,0.1,0.15,0.1
5808,5808,Marloffstein,BY,Bayern,0.15,0.15,0.1,0.15,0.1
5809,5809,Marlow,MV,Mecklenburg-vorpommern,0.15,0.15,0.1,0.15,0.1
5810,5810,Marnerdeich,SH,Schleswig-holstein,0.15,0.15,0.1,0.15,0.1
5811,5811,Marnheim,RP,Rheinland-pfalz,0.15,0.15,0.1,0.15,0.1
5812,5812,Marnitz,MV,Mecklenburg-vorpommern,0.15,0.15,0.1,0.15,0.1
5813,5813,Maroldsweisach,BY,Bayern,0.15,0.15,0.1,0.15,0.1
5814,5814,Marolterode,TH,Thüringen,0.15,0.15,0.1,0.15,0.1
5815,5815,Maroth,RP,Rheinland-pfalz,0.15,0.15,0.1,0.15,0.1
5816,5816,Marpingen,SL,Saarland,0.15,0.15,0.1,0.15,0.1
5817,5817,Marquartstein,BY,Bayern,0.15,0.15,0.1,0.15,0.1
5818,5818,Marsberg,NW,Nordrhein-westfalen,0.15,0.15,0.1,0.15,0.1
5819,5819,Marschacht,NI,Niedersachsen,0.15,0.15,0.1,0.15,0.1
5820,5820,Martensrade,SH,Schleswig-holstein,0.15,0.15,0.1,0.15,0.1
5821,5821,Martfeld,NI,Niedersachsen,0.15,0.15,0.1,0.15,0.1
5822,5822,Marth,TH,Thüringen,0.15,0.15,0.1,0.15,0.1
5823,5823,Martinroda,TH,Thüringen,0.15,0.15,0.1,0.15,0.1
5824,5824,Martinsheim,BY,Bayern,0.15,0.15,0.1,0.15,0.1
5825,5825,Martinshöhe,RP,Rheinland-pfalz,0.15,0.15,0.1,0.15,0.1
5826,5826,Martinstein,RP,Rheinland-pfalz,0.15,0.15,0.1,0.15,0.1
5827,5827,Marxen,NI,Niedersachsen,0.15,0.15,0.1,0.15,0.1
5828,5828,Marxheim,BY,Bayern,0.15,0.15,0.1,0.15,0.1
5829,5829,Marzhausen,RP,Rheinland-pfalz,0.15,0.15,0.1,0.15,0.1
5830,5830,Marzling,BY,Bayern,0.15,0.15,0.1,0.15,0.1
5831,5831,Masburg,RP,Rheinland-pfalz,0.15,0.15,0.1,0.15,0.1
5832,5832,Maselheim,BW,Baden-württemberg,0.15,0.15,0.1,0.15,0.1
5833,5833,Massenbachhausen,BW,Baden-württemberg,0.15,0.15,0.1,0.15,0.1
5834,5834,Masserberg,TH,Thüringen,0.15,0.15,0.1,0.15,0.1
5835,5835,Massing,BY,Bayern,0.15,0.15,0.1,0.15,0.1
5836,5836,Mastershausen,RP,Rheinland-pfalz,0.15,0.15,0.1,0.15,0.1
5837,5837,Masthorn,RP,Rheinland-pfalz,0.15,0.15,0.1,0.15,0.1
5838,5838,Mattstedt,TH,Thüringen,0.15,0.15,0.1,0.15,0.1
5839,5839,Matzenbach,RP,Rheinland-pfalz,0.15,0.15,0.1,0.15,0.1
5840,5840,Matzerath,RP,Rheinland-pfalz,0.15,0.15,0.1,0.15,0.1
5841,5841,Matzlow-Garwitz,MV,Mecklenburg-vorpommern,0.15,0.15,0.1,0.15,0.1
5842,5842,Mauchenheim,RP,Rheinland-pfalz,0.15,0.15,0.1,0.15,0.1
5843,5843,Mauden,RP,Rheinland-pfalz,0.15,0.15,0.1,0.15,0.1
5844,5844,Mauel,RP,Rheinland-pfalz,0.15,0.15,0.1,0.15,0.1
5845,5845,Mauer,BW,Baden-württemberg,0.15,0.15,0.1,0.15,0.1
5846,5846,Mauern,BY,Bayern,0.15,0.15,0.1,0.15,0.1
5847,5847,Mauerstetten,BY,Bayern,0.15,0.15,0.1,0.15,0.1
5848,5848,Maulbronn,BW,Baden-württemberg,0.15,0.15,0.1,0.15,0.1
5849,5849,Maulburg,BW,Baden-württemberg,0.15,0.15,0.1,0.15,0.1
5850,5850,Mauschbach,RP,Rheinland-pfalz,0.15,0.15,0.1,0.15,0.1
5851,5851,Mauth,BY,Bayern,0.15,0.15,0.1,0.15,0.1
5852,5852,Maxdorf,RP,Rheinland-pfalz,0.15,0.15,0.1,0.15,0.1
5853,5853,Maxhütte-Haidhof,BY,Bayern,0.15,0.15,0.1,0.15,0.1
5854,5854,Maxsain,RP,Rheinland-pfalz,0.15,0.15,0.1,0.15,0.1
5855,5855,Mayen,RP,Rheinland-pfalz,0.15,0.15,0.1,0.15,0.1
5856,5856,Mayschoß,RP,Rheinland-pfalz,0.15,0.15,0.1,0.15,0.1
5857,5857,Maßbach,BY,Bayern,0.15,0.15,0.1,0.15,0.1
5858,5858,Maßweiler,RP,Rheinland-pfalz,0.15,0.15,0.1,0.15,0.1
5859,5859,Mechelroda,TH,Thüringen,0.15,0.15,0.1,0.15,0.1
5860,5860,Mechernich,NW,Nordrhein-westfalen,0.15,0.15,0.1,0.15,0.1
5861,5861,Mechow,SH,Schleswig-holstein,0.15,0.15,0.1,0.15,0.1
5862,5862,Mechtersen,NI,Niedersachsen,0.15,0.15,0.1,0.15,0.1
5863,5863,Mechterstädt,TH,Thüringen,0.15,0.15,0.1,0.15,0.1
5864,5864,Meckel,RP,Rheinland-pfalz,0.15,0.15,0.1,0.15,0.1
5865,5865,Meckenbach,RP,Rheinland-pfalz,0.15,0.15,0.1,0.15,0.1
5866,5866,Meckenbeuren,BW,Baden-württemberg,0.15,0.15,0.1,0.15,0.1
5867,5867,Meckenheim,RP,Rheinland-pfalz,0.15,0.15,0.1,0.15,0.1
5868,5868,Meckenheim,NW,Nordrhein-westfalen,0.15,0.15,0.1,0.15,0.1
5869,5869,Meckesheim,BW,Baden-württemberg,0.15,0.15,0.1,0.15,0.1
5870,5870,Mecklenburg,MV,Mecklenburg-vorpommern,0.15,0.15,0.1,0.15,0.1
5871,5871,Medard,RP,Rheinland-pfalz,0.15,0.15,0.1,0.15,0.1
5872,5872,Meddersheim,RP,Rheinland-pfalz,0.15,0.15,0.1,0.15,0.1
5873,5873,Meddewade,SH,Schleswig-holstein,0.15,0.15,0.1,0.15,0.1
5874,5874,Medebach,NW,Nordrhein-westfalen,0.15,0.15,0.1,0.15,0.1
5875,5875,Medelby,SH,Schleswig-holstein,0.15,0.15,0.1,0.15,0.1
5876,5876,Medlingen,BY,Bayern,0.15,0.15,0.1,0.15,0.1
5877,5877,Meeder,BY,Bayern,0.15,0.15,0.1,0.15,0.1
5878,5878,Meerane,SN,Sachsen,0.15,0.15,0.1,0.15,0.1
5879,5879,Meerbeck,NI,Niedersachsen,0.15,0.15,0.1,0.15,0.1
5880,5880,Meerbusch,NW,Nordrhein-westfalen,0.15,0.15,0.1,0.15,0.1
5881,5881,Meerfeld,RP,Rheinland-pfalz,0.15,0.15,0.1,0.15,0.1
5882,5882,Meersburg,BW,Baden-württemberg,0.15,0.15,0.1,0.15,0.1
5883,5883,Meezen,SH,Schleswig-holstein,0.15,0.15,0.1,0.15,0.1
5884,5884,Megesheim,BY,Bayern,0.15,0.15,0.1,0.15,0.1
5885,5885,Meggerdorf,SH,Schleswig-holstein,0.15,0.15,0.1,0.15,0.1
5886,5886,Mehlbach,RP,Rheinland-pfalz,0.15,0.15,0.1,0.15,0.1
5887,5887,Mehlbek,SH,Schleswig-holstein,0.15,0.15,0.1,0.15,0.1
5888,5888,Mehlingen,RP,Rheinland-pfalz,0.15,0.15,0.1,0.15,0.1
5889,5889,Mehlmeisel,BY,Bayern,0.15,0.15,0.1,0.15,0.1
5890,5890,Mehltheuer,SN,Sachsen,0.15,0.15,0.1,0.15,0.1
5891,5891,Mehmels,TH,Thüringen,0.15,0.15,0.1,0.15,0.1
5892,5892,Mehna,TH,Thüringen,0.15,0.15,0.1,0.15,0.1
5893,5893,Mehren,RP,Rheinland-pfalz,0.15,0.15,0.1,0.15,0.1
5894,5894,Mehring,BY,Bayern,0.15,0.15,0.1,0.15,0.1
5895,5895,Mehring,RP,Rheinland-pfalz,0.15,0.15,0.1,0.15,0.1
5896,5896,Mehringen,ST,Sachsen-anhalt,0.15,0.15,0.1,0.15,0.1
5897,5897,Mehrstetten,BW,Baden-württemberg,0.15,0.15,0.1,0.15,0.1
5898,5898,Meinborn,RP,Rheinland-pfalz,0.15,0.15,0.1,0.15,0.1
5899,5899,Meine,NI,Niedersachsen,0.15,0.15,0.1,0.15,0.1
5900,5900,Meinersen,NI,Niedersachsen,0.15,0.15,0.1,0.15,0.1
5901,5901,Meinerzhagen,NW,Nordrhein-westfalen,0.15,0.15,0.1,0.15,0.1
5902,5902,Meineweh,ST,Sachsen-anhalt,0.15,0.15,0.1,0.15,0.1
5903,5903,Meinheim,BY,Bayern,0.15,0.15,0.1,0.15,0.1
5904,5904,Meiningen,TH,Thüringen,0.15,0.15,0.1,0.15,0.1
5905,5905,Meisburg,RP,Rheinland-pfalz,0.15,0.15,0.1,0.15,0.1
5906,5906,Meisenheim,RP,Rheinland-pfalz,0.15,0.15,0.1,0.15,0.1
5907,5907,Meitingen,BY,Bayern,0.15,0.15,0.1,0.15,0.1
5908,5908,Meitzendorf,ST,Sachsen-anhalt,0.15,0.15,0.1,0.15,0.1
5909,5909,Meißenheim,BW,Baden-württemberg,0.15,0.15,0.1,0.15,0.1
5910,5910,Melbeck,NI,Niedersachsen,0.15,0.15,0.1,0.15,0.1
5911,5911,Melchow,BB,Brandenburg,0.15,0.15,0.1,0.15,0.1
5912,5912,Meldorf,SH,Schleswig-holstein,0.15,0.15,0.1,0.15,0.1
5913,5913,Melle,NI,Niedersachsen,0.15,0.15,0.1,0.15,0.1
5914,5914,Mellenbach-Glasbach,TH,Thüringen,0.15,0.15,0.1,0.15,0.1
5915,5915,Mellingen,TH,Thüringen,0.15,0.15,0.1,0.15,0.1
5916,5916,Mellinghausen,NI,Niedersachsen,0.15,0.15,0.1,0.15,0.1
5917,5917,Mellrichstadt,BY,Bayern,0.15,0.15,0.1,0.15,0.1
5918,5918,Melpers,TH,Thüringen,0.15,0.15,0.1,0.15,0.1
5919,5919,Melsbach,RP,Rheinland-pfalz,0.15,0.15,0.1,0.15,0.1
5920,5920,Melsdorf,SH,Schleswig-holstein,0.15,0.15,0.1,0.15,0.1
5921,5921,Melsungen,HE,Hessen,0.15,0.15,0.1,0.15,0.1
5922,5922,Memleben,ST,Sachsen-anhalt,0.15,0.15,0.1,0.15,0.1
5923,5923,Memmelsdorf,BY,Bayern,0.15,0.15,0.1,0.15,0.1
5924,5924,Memmingen,BY,Bayern,0.15,0.15,0.1,0.15,0.1
5925,5925,Memmingerberg,BY,Bayern,0.15,0.15,0.1,0.15,0.1
5926,5926,Menden,NW,Nordrhein-westfalen,0.15,0.15,0.1,0.15,0.1
5927,5927,Mendig,RP,Rheinland-pfalz,0.15,0.15,0.1,0.15,0.1
5928,5928,Mengen,BW,Baden-württemberg,0.15,0.15,0.1,0.15,0.1
5929,5929,Mengerschied,RP,Rheinland-pfalz,0.15,0.15,0.1,0.15,0.1
5930,5930,Mengerskirchen,HE,Hessen,0.15,0.15,0.1,0.15,0.1
5931,5931,Mengkofen,BY,Bayern,0.15,0.15,0.1,0.15,0.1
5932,5932,Menningen,RP,Rheinland-pfalz,0.15,0.15,0.1,0.15,0.1
5933,5933,Menslage,NI,Niedersachsen,0.15,0.15,0.1,0.15,0.1
5934,5934,Menteroda,TH,Thüringen,0.15,0.15,0.1,0.15,0.1
5935,5935,Menz,ST,Sachsen-anhalt,0.15,0.15,0.1,0.15,0.1
5936,5936,Meppen,NI,Niedersachsen,0.15,0.15,0.1,0.15,0.1
5937,5937,Merching,BY,Bayern,0.15,0.15,0.1,0.15,0.1
5938,5938,Merchweiler,SL,Saarland,0.15,0.15,0.1,0.15,0.1
5939,5939,Merdingen,BW,Baden-württemberg,0.15,0.15,0.1,0.15,0.1
5940,5940,Merenberg,HE,Hessen,0.15,0.15,0.1,0.15,0.1
5941,5941,Mering,BY,Bayern,0.15,0.15,0.1,0.15,0.1
5942,5942,Merkelbach,RP,Rheinland-pfalz,0.15,0.15,0.1,0.15,0.1
5943,5943,Merkendorf,BY,Bayern,0.15,0.15,0.1,0.15,0.1
5944,5944,Merklingen,BW,Baden-württemberg,0.15,0.15,0.1,0.15,0.1
5945,5945,Merlscheid,RP,Rheinland-pfalz,0.15,0.15,0.1,0.15,0.1
5946,5946,Mermuth,RP,Rheinland-pfalz,0.15,0.15,0.1,0.15,0.1
5947,5947,Merschbach,RP,Rheinland-pfalz,0.15,0.15,0.1,0.15,0.1
5948,5948,Merseburg,ST,Sachsen-anhalt,0.15,0.15,0.1,0.15,0.1
5949,5949,Mertendorf,ST,Sachsen-anhalt,0.15,0.15,0.1,0.15,0.1
5950,5950,Mertendorf,TH,Thüringen,0.15,0.15,0.1,0.15,0.1
5951,5951,Mertesdorf,RP,Rheinland-pfalz,0.15,0.15,0.1,0.15,0.1
5952,5952,Mertesheim,RP,Rheinland-pfalz,0.15,0.15,0.1,0.15,0.1
5953,5953,Mertingen,BY,Bayern,0.15,0.15,0.1,0.15,0.1
5954,5954,Mertloch,RP,Rheinland-pfalz,0.15,0.15,0.1,0.15,0.1
5955,5955,Merxheim,RP,Rheinland-pfalz,0.15,0.15,0.1,0.15,0.1
5956,5956,Merzalben,RP,Rheinland-pfalz,0.15,0.15,0.1,0.15,0.1
5957,5957,Merzdorf,BB,Brandenburg,0.15,0.15,0.1,0.15,0.1
5958,5958,Merzen,NI,Niedersachsen,0.15,0.15,0.1,0.15,0.1
5959,5959,Merzenich,NW,Nordrhein-westfalen,0.15,0.15,0.1,0.15,0.1
5960,5960,Merzhausen,BW,Baden-württemberg,0.15,0.15,0.1,0.15,0.1
5961,5961,Merzig,SL,Saarland,0.15,0.15,0.1,0.15,0.1
5962,5962,Merzkirchen,RP,Rheinland-pfalz,0.15,0.15,0.1,0.15,0.1
5963,5963,Merzweiler,RP,Rheinland-pfalz,0.15,0.15,0.1,0.15,0.1
5964,5964,Meschede,NW,Nordrhein-westfalen,0.15,0.15,0.1,0.15,0.1
5965,5965,Mescherin,BB,Brandenburg,0.15,0.15,0.1,0.15,0.1
5966,5966,Mesekenhagen,MV,Mecklenburg-vorpommern,0.15,0.15,0.1,0.15,0.1
5967,5967,Mesenich,RP,Rheinland-pfalz,0.15,0.15,0.1,0.15,0.1
5968,5968,Mespelbrunn,BY,Bayern,0.15,0.15,0.1,0.15,0.1
5969,5969,Messel,HE,Hessen,0.15,0.15,0.1,0.15,0.1
5970,5970,Messenkamp,NI,Niedersachsen,0.15,0.15,0.1,0.15,0.1
5971,5971,Messerich,RP,Rheinland-pfalz,0.15,0.15,0.1,0.15,0.1
5972,5972,Messingen,NI,Niedersachsen,0.15,0.15,0.1,0.15,0.1
5973,5973,Mestlin,MV,Mecklenburg-vorpommern,0.15,0.15,0.1,0.15,0.1
5974,5974,Metelen,NW,Nordrhein-westfalen,0.15,0.15,0.1,0.15,0.1
5975,5975,Metten,BY,Bayern,0.15,0.15,0.1,0.15,0.1
5976,5976,Mettendorf,RP,Rheinland-pfalz,0.15,0.15,0.1,0.15,0.1
5977,5977,Mettenheim,BY,Bayern,0.15,0.15,0.1,0.15,0.1
5978,5978,Mettenheim,RP,Rheinland-pfalz,0.15,0.15,0.1,0.15,0.1
5979,5979,Metterich,RP,Rheinland-pfalz,0.15,0.15,0.1,0.15,0.1
5980,5980,Mettingen,NW,Nordrhein-westfalen,0.15,0.15,0.1,0.15,0.1
5981,5981,Mettlach,SL,Saarland,0.15,0.15,0.1,0.15,0.1
5982,5982,Mettmann,NW,Nordrhein-westfalen,0.15,0.15,0.1,0.15,0.1
5983,5983,Mettweiler,RP,Rheinland-pfalz,0.15,0.15,0.1,0.15,0.1
5984,5984,Metzels,TH,Thüringen,0.15,0.15,0.1,0.15,0.1
5985,5985,Metzenhausen,RP,Rheinland-pfalz,0.15,0.15,0.1,0.15,0.1
5986,5986,Metzingen,BW,Baden-württemberg,0.15,0.15,0.1,0.15,0.1
5987,5987,Meudt,RP,Rheinland-pfalz,0.15,0.15,0.1,0.15,0.1
5988,5988,Meura,TH,Thüringen,0.15,0.15,0.1,0.15,0.1
5989,5989,Meuro,ST,Sachsen-anhalt,0.15,0.15,0.1,0.15,0.1
5990,5990,Meusebach,TH,Thüringen,0.15,0.15,0.1,0.15,0.1
5991,5991,Meuselbach,TH,Thüringen,0.15,0.15,0.1,0.15,0.1
5992,5992,Meuselwitz,TH,Thüringen,0.15,0.15,0.1,0.15,0.1
5993,5993,Meuspath,RP,Rheinland-pfalz,0.15,0.15,0.1,0.15,0.1
5994,5994,Meyenburg,BB,Brandenburg,0.15,0.15,0.1,0.15,0.1
5995,5995,Meyn,SH,Schleswig-holstein,0.15,0.15,0.1,0.15,0.1
5996,5996,Meßdorf,ST,Sachsen-anhalt,0.15,0.15,0.1,0.15,0.1
5997,5997,Meßkirch,BW,Baden-württemberg,0.15,0.15,0.1,0.15,0.1
5998,5998,Meßstetten,BW,Baden-württemberg,0.15,0.15,0.1,0.15,0.1
5999,5999,Michelau,BY,Bayern,0.15,0.15,0.1,0.15,0.1
6000,6000,Michelbach,RP,Rheinland-pfalz,0.15,0.15,0.1,0.15,0.1
6001,6001,Michelbach an der Bilz,BW,Baden-württemberg,0.15,0.15,0.1,0.15,0.1
6002,6002,Michelfeld,BW,Baden-württemberg,0.15,0.15,0.1,0.15,0.1
6003,6003,Micheln,ST,Sachsen-anhalt,0.15,0.15,0.1,0.15,0.1
6004,6004,Michelsneukirchen,BY,Bayern,0.15,0.15,0.1,0.15,0.1
6005,6005,Michelstadt,HE,Hessen,0.15,0.15,0.1,0.15,0.1
6006,6006,Michendorf,BB,Brandenburg,0.15,0.15,0.1,0.15,0.1
6007,6007,Mickhausen,BY,Bayern,0.15,0.15,0.1,0.15,0.1
6008,6008,Midlum,SH,Schleswig-holstein,0.15,0.15,0.1,0.15,0.1
6009,6009,Midlum,NI,Niedersachsen,0.15,0.15,0.1,0.15,0.1
6010,6010,Miehlen,RP,Rheinland-pfalz,0.15,0.15,0.1,0.15,0.1
6011,6011,Mielkendorf,SH,Schleswig-holstein,0.15,0.15,0.1,0.15,0.1
6012,6012,Miellen,RP,Rheinland-pfalz,0.15,0.15,0.1,0.15,0.1
6013,6013,Miesbach,BY,Bayern,0.15,0.15,0.1,0.15,0.1
6014,6014,Miesitz,TH,Thüringen,0.15,0.15,0.1,0.15,0.1
6015,6015,Mieste,ST,Sachsen-anhalt,0.15,0.15,0.1,0.15,0.1
6016,6016,Miesterhorst,ST,Sachsen-anhalt,0.15,0.15,0.1,0.15,0.1
6017,6017,Mietingen,BW,Baden-württemberg,0.15,0.15,0.1,0.15,0.1
6018,6018,Mihla,TH,Thüringen,0.15,0.15,0.1,0.15,0.1
6019,6019,Milda,TH,Thüringen,0.15,0.15,0.1,0.15,0.1
6020,6020,Mildenau,SN,Sachsen,0.15,0.15,0.1,0.15,0.1
6021,6021,Mildstedt,SH,Schleswig-holstein,0.15,0.15,0.1,0.15,0.1
6022,6022,Milmersdorf,BB,Brandenburg,0.15,0.15,0.1,0.15,0.1
6023,6023,Miltach,BY,Bayern,0.15,0.15,0.1,0.15,0.1
6024,6024,Miltenberg,BY,Bayern,0.15,0.15,0.1,0.15,0.1
6025,6025,Milz,TH,Thüringen,0.15,0.15,0.1,0.15,0.1
6026,6026,Milzau,ST,Sachsen-anhalt,0.15,0.15,0.1,0.15,0.1
6027,6027,Mindelheim,BY,Bayern,0.15,0.15,0.1,0.15,0.1
6028,6028,Mindelstetten,BY,Bayern,0.15,0.15,0.1,0.15,0.1
6029,6029,Minden,RP,Rheinland-pfalz,0.15,0.15,0.1,0.15,0.1
6030,6030,Minden,NW,Nordrhein-westfalen,0.15,0.15,0.1,0.15,0.1
6031,6031,Minderlittgen,RP,Rheinland-pfalz,0.15,0.15,0.1,0.15,0.1
6032,6032,Minfeld,RP,Rheinland-pfalz,0.15,0.15,0.1,0.15,0.1
6033,6033,Minheim,RP,Rheinland-pfalz,0.15,0.15,0.1,0.15,0.1
6034,6034,Mintraching,BY,Bayern,0.15,0.15,0.1,0.15,0.1
6035,6035,Mirow,MV,Mecklenburg-vorpommern,0.15,0.15,0.1,0.15,0.1
6036,6036,Misselberg,RP,Rheinland-pfalz,0.15,0.15,0.1,0.15,0.1
6037,6037,Misselwarden,NI,Niedersachsen,0.15,0.15,0.1,0.15,0.1
6038,6038,Missen-Wilhams,BY,Bayern,0.15,0.15,0.1,0.15,0.1
6039,6039,Mistelbach,BY,Bayern,0.15,0.15,0.1,0.15,0.1
6040,6040,Mistelgau,BY,Bayern,0.15,0.15,0.1,0.15,0.1
6041,6041,Mistorf,MV,Mecklenburg-vorpommern,0.15,0.15,0.1,0.15,0.1
6042,6042,Mitte,BE,Berlin,0.15,0.15,0.1,0.15,0.1
6043,6043,Mittegroßefehn,NI,Niedersachsen,0.15,0.15,0.1,0.15,0.1
6044,6044,Mittelbiberach,BW,Baden-württemberg,0.15,0.15,0.1,0.15,0.1
6045,6045,Mittelbrunn,RP,Rheinland-pfalz,0.15,0.15,0.1,0.15,0.1
6046,6046,Mitteleschenbach,BY,Bayern,0.15,0.15,0.1,0.15,0.1
6047,6047,Mittelfischbach,RP,Rheinland-pfalz,0.15,0.15,0.1,0.15,0.1
6048,6048,Mittelhausen,ST,Sachsen-anhalt,0.15,0.15,0.1,0.15,0.1
6049,6049,Mittelherwigsdorf,SN,Sachsen,0.15,0.15,0.1,0.15,0.1
6050,6050,Mittelhof,RP,Rheinland-pfalz,0.15,0.15,0.1,0.15,0.1
6051,6051,Mittelneufnach,BY,Bayern,0.15,0.15,0.1,0.15,0.1
6052,6052,Mittelnkirchen,NI,Niedersachsen,0.15,0.15,0.1,0.15,0.1
6053,6053,Mittelpöllnitz,TH,Thüringen,0.15,0.15,0.1,0.15,0.1
6054,6054,Mittelreidenbach,RP,Rheinland-pfalz,0.15,0.15,0.1,0.15,0.1
6055,6055,Mittelsinn,BY,Bayern,0.15,0.15,0.1,0.15,0.1
6056,6056,Mittelstenahe,NI,Niedersachsen,0.15,0.15,0.1,0.15,0.1
6057,6057,Mittelstetten,BY,Bayern,0.15,0.15,0.1,0.15,0.1
6058,6058,Mittelstrimmig,RP,Rheinland-pfalz,0.15,0.15,0.1,0.15,0.1
6059,6059,Mittelsömmern,TH,Thüringen,0.15,0.15,0.1,0.15,0.1
6060,6060,Mittenaar,HE,Hessen,0.15,0.15,0.1,0.15,0.1
6061,6061,Mittenwald,BY,Bayern,0.15,0.15,0.1,0.15,0.1
6062,6062,Mittenwalde,BB,Brandenburg,0.15,0.15,0.1,0.15,0.1
6063,6063,Mitterfels,BY,Bayern,0.15,0.15,0.1,0.15,0.1
6064,6064,Mitterskirchen,BY,Bayern,0.15,0.15,0.1,0.15,0.1
6065,6065,Mitterteich,BY,Bayern,0.15,0.15,0.1,0.15,0.1
6066,6066,Mittweida,SN,Sachsen,0.15,0.15,0.1,0.15,0.1
6067,6067,Mitwitz,BY,Bayern,0.15,0.15,0.1,0.15,0.1
6068,6068,Mixdorf,BB,Brandenburg,0.15,0.15,0.1,0.15,0.1
6069,6069,Mochau,ST,Sachsen-anhalt,0.15,0.15,0.1,0.15,0.1
6070,6070,Mochau,SN,Sachsen,0.15,0.15,0.1,0.15,0.1
6071,6071,Mockrehna,SN,Sachsen,0.15,0.15,0.1,0.15,0.1
6072,6072,Moers,NW,Nordrhein-westfalen,0.15,0.15,0.1,0.15,0.1
6073,6073,Mogendorf,RP,Rheinland-pfalz,0.15,0.15,0.1,0.15,0.1
6074,6074,Mohlsdorf,TH,Thüringen,0.15,0.15,0.1,0.15,0.1
6075,6075,Mohrkirch,SH,Schleswig-holstein,0.15,0.15,0.1,0.15,0.1
6076,6076,Moisburg,NI,Niedersachsen,0.15,0.15,0.1,0.15,0.1
6077,6077,Molau,ST,Sachsen-anhalt,0.15,0.15,0.1,0.15,0.1
6078,6078,Molbergen,NI,Niedersachsen,0.15,0.15,0.1,0.15,0.1
6079,6079,Molfsee,SH,Schleswig-holstein,0.15,0.15,0.1,0.15,0.1
6080,6080,Molsberg,RP,Rheinland-pfalz,0.15,0.15,0.1,0.15,0.1
6081,6081,Molschleben,TH,Thüringen,0.15,0.15,0.1,0.15,0.1
6082,6082,Molzhain,RP,Rheinland-pfalz,0.15,0.15,0.1,0.15,0.1
6083,6083,Mommenheim,RP,Rheinland-pfalz,0.15,0.15,0.1,0.15,0.1
6084,6084,Monheim,BY,Bayern,0.15,0.15,0.1,0.15,0.1
6085,6085,Monheim am Rhein,NW,Nordrhein-westfalen,0.15,0.15,0.1,0.15,0.1
6086,6086,Monreal,RP,Rheinland-pfalz,0.15,0.15,0.1,0.15,0.1
6087,6087,Monschau,NW,Nordrhein-westfalen,0.15,0.15,0.1,0.15,0.1
6088,6088,Monsheim,RP,Rheinland-pfalz,0.15,0.15,0.1,0.15,0.1
6089,6089,Monstab,TH,Thüringen,0.15,0.15,0.1,0.15,0.1
6090,6090,Montabaur,RP,Rheinland-pfalz,0.15,0.15,0.1,0.15,0.1
6091,6091,Monzelfeld,RP,Rheinland-pfalz,0.15,0.15,0.1,0.15,0.1
6092,6092,Monzernheim,RP,Rheinland-pfalz,0.15,0.15,0.1,0.15,0.1
6093,6093,Monzingen,RP,Rheinland-pfalz,0.15,0.15,0.1,0.15,0.1
6094,6094,Moordiek,SH,Schleswig-holstein,0.15,0.15,0.1,0.15,0.1
6095,6095,Moorenweis,BY,Bayern,0.15,0.15,0.1,0.15,0.1
6096,6096,Moorhusen,SH,Schleswig-holstein,0.15,0.15,0.1,0.15,0.1
6097,6097,Moorrege,SH,Schleswig-holstein,0.15,0.15,0.1,0.15,0.1
6098,6098,Moorweg,NI,Niedersachsen,0.15,0.15,0.1,0.15,0.1
6099,6099,Moos,BW,Baden-württemberg,0.15,0.15,0.1,0.15,0.1
6100,6100,Moos,BY,Bayern,0.15,0.15,0.1,0.15,0.1
6101,6101,Moosach,BY,Bayern,0.15,0.15,0.1,0.15,0.1
6102,6102,Moosbach,BY,Bayern,0.15,0.15,0.1,0.15,0.1
6103,6103,Moosburg,BY,Bayern,0.15,0.15,0.1,0.15,0.1
6104,6104,Moosinning,BY,Bayern,0.15,0.15,0.1,0.15,0.1
6105,6105,Moosthenning,BY,Bayern,0.15,0.15,0.1,0.15,0.1
6106,6106,Moraas,MV,Mecklenburg-vorpommern,0.15,0.15,0.1,0.15,0.1
6107,6107,Morbach,RP,Rheinland-pfalz,0.15,0.15,0.1,0.15,0.1
6108,6108,Morgenröthe-Rautenkranz,SN,Sachsen,0.15,0.15,0.1,0.15,0.1
6109,6109,Moringen,NI,Niedersachsen,0.15,0.15,0.1,0.15,0.1
6110,6110,Moritzburg,SN,Sachsen,0.15,0.15,0.1,0.15,0.1
6111,6111,Moritzheim,RP,Rheinland-pfalz,0.15,0.15,0.1,0.15,0.1
6112,6112,Morl,ST,Sachsen-anhalt,0.15,0.15,0.1,0.15,0.1
6113,6113,Morsbach,NW,Nordrhein-westfalen,0.15,0.15,0.1,0.15,0.1
6114,6114,Morscheid,RP,Rheinland-pfalz,0.15,0.15,0.1,0.15,0.1
6115,6115,Morschheim,RP,Rheinland-pfalz,0.15,0.15,0.1,0.15,0.1
6116,6116,Morshausen,RP,Rheinland-pfalz,0.15,0.15,0.1,0.15,0.1
6117,6117,Morsum,NI,Niedersachsen,0.15,0.15,0.1,0.15,0.1
6118,6118,Mosbach,BW,Baden-württemberg,0.15,0.15,0.1,0.15,0.1
6119,6119,Mosbruch,RP,Rheinland-pfalz,0.15,0.15,0.1,0.15,0.1
6120,6120,Moschheim,RP,Rheinland-pfalz,0.15,0.15,0.1,0.15,0.1
6121,6121,Moselkern,RP,Rheinland-pfalz,0.15,0.15,0.1,0.15,0.1
6122,6122,Motten,BY,Bayern,0.15,0.15,0.1,0.15,0.1
6123,6123,Moxa,TH,Thüringen,0.15,0.15,0.1,0.15,0.1
6124,6124,Much,NW,Nordrhein-westfalen,0.15,0.15,0.1,0.15,0.1
6125,6125,Mucheln,SH,Schleswig-holstein,0.15,0.15,0.1,0.15,0.1
6126,6126,Mudau,BW,Baden-württemberg,0.15,0.15,0.1,0.15,0.1
6127,6127,Mudenbach,RP,Rheinland-pfalz,0.15,0.15,0.1,0.15,0.1
6128,6128,Mudersbach,RP,Rheinland-pfalz,0.15,0.15,0.1,0.15,0.1
6129,6129,Mudershausen,RP,Rheinland-pfalz,0.15,0.15,0.1,0.15,0.1
6130,6130,Muggensturm,BW,Baden-württemberg,0.15,0.15,0.1,0.15,0.1
6131,6131,Muhr am See,BY,Bayern,0.15,0.15,0.1,0.15,0.1
6132,6132,Mulda,SN,Sachsen,0.15,0.15,0.1,0.15,0.1
6133,6133,Muldenstein,ST,Sachsen-anhalt,0.15,0.15,0.1,0.15,0.1
6134,6134,Mulfingen,BW,Baden-württemberg,0.15,0.15,0.1,0.15,0.1
6135,6135,Mulsum,NI,Niedersachsen,0.15,0.15,0.1,0.15,0.1
6136,6136,Mundelsheim,BW,Baden-württemberg,0.15,0.15,0.1,0.15,0.1
6137,6137,Munderkingen,BW,Baden-württemberg,0.15,0.15,0.1,0.15,0.1
6138,6138,Munkbrarup,SH,Schleswig-holstein,0.15,0.15,0.1,0.15,0.1
6139,6139,Munningen,BY,Bayern,0.15,0.15,0.1,0.15,0.1
6140,6140,Munster,NI,Niedersachsen,0.15,0.15,0.1,0.15,0.1
6141,6141,Murchin,MV,Mecklenburg-vorpommern,0.15,0.15,0.1,0.15,0.1
6142,6142,Murg,BW,Baden-württemberg,0.15,0.15,0.1,0.15,0.1
6143,6143,Murnau am Staffelsee,BY,Bayern,0.15,0.15,0.1,0.15,0.1
6144,6144,Murr,BW,Baden-württemberg,0.15,0.15,0.1,0.15,0.1
6145,6145,Murrhardt,BW,Baden-württemberg,0.15,0.15,0.1,0.15,0.1
6146,6146,Muschwitz,ST,Sachsen-anhalt,0.15,0.15,0.1,0.15,0.1
6147,6147,Mustin,MV,Mecklenburg-vorpommern,0.15,0.15,0.1,0.15,0.1
6148,6148,Mustin,SH,Schleswig-holstein,0.15,0.15,0.1,0.15,0.1
6149,6149,Musweiler,RP,Rheinland-pfalz,0.15,0.15,0.1,0.15,0.1
6150,6150,Mutlangen,BW,Baden-württemberg,0.15,0.15,0.1,0.15,0.1
6151,6151,Mutterschied,RP,Rheinland-pfalz,0.15,0.15,0.1,0.15,0.1
6152,6152,Mutterstadt,RP,Rheinland-pfalz,0.15,0.15,0.1,0.15,0.1
6153,6153,Mutzschen,SN,Sachsen,0.15,0.15,0.1,0.15,0.1
6154,6154,Muxerath,RP,Rheinland-pfalz,0.15,0.15,0.1,0.15,0.1
6155,6155,Mylau,SN,Sachsen,0.15,0.15,0.1,0.15,0.1
6156,6156,Mähring,BY,Bayern,0.15,0.15,0.1,0.15,0.1
6157,6157,Märkisch Buchholz,BB,Brandenburg,0.15,0.15,0.1,0.15,0.1
6158,6158,Möckern,TH,Thüringen,0.15,0.15,0.1,0.15,0.1
6159,6159,Möckern,ST,Sachsen-anhalt,0.15,0.15,0.1,0.15,0.1
6160,6160,Möckmühl,BW,Baden-württemberg,0.15,0.15,0.1,0.15,0.1
6161,6161,Mödingen,BY,Bayern,0.15,0.15,0.1,0.15,0.1
6162,6162,Mögglingen,BW,Baden-württemberg,0.15,0.15,0.1,0.15,0.1
6163,6163,Möglingen,BW,Baden-württemberg,0.15,0.15,0.1,0.15,0.1
6164,6164,Möhlau,ST,Sachsen-anhalt,0.15,0.15,0.1,0.15,0.1
6165,6165,Möhnesee,NW,Nordrhein-westfalen,0.15,0.15,0.1,0.15,0.1
6166,6166,Möhnsen,SH,Schleswig-holstein,0.15,0.15,0.1,0.15,0.1
6167,6167,Möhrenbach,TH,Thüringen,0.15,0.15,0.1,0.15,0.1
6168,6168,Möhrendorf,BY,Bayern,0.15,0.15,0.1,0.15,0.1
6169,6169,Möllenbeck,MV,Mecklenburg-vorpommern,0.15,0.15,0.1,0.15,0.1
6170,6170,Möllenhagen,MV,Mecklenburg-vorpommern,0.15,0.15,0.1,0.15,0.1
6171,6171,Mölln,SH,Schleswig-holstein,0.15,0.15,0.1,0.15,0.1
6172,6172,Mölln,MV,Mecklenburg-vorpommern,0.15,0.15,0.1,0.15,0.1
6173,6173,Mölschow,MV,Mecklenburg-vorpommern,0.15,0.15,0.1,0.15,0.1
6174,6174,Mölsheim,RP,Rheinland-pfalz,0.15,0.15,0.1,0.15,0.1
6175,6175,Mömbris,BY,Bayern,0.15,0.15,0.1,0.15,0.1
6176,6176,Mömlingen,BY,Bayern,0.15,0.15,0.1,0.15,0.1
6177,6177,Mönchberg,BY,Bayern,0.15,0.15,0.1,0.15,0.1
6178,6178,Mönchengladbach,NW,Nordrhein-westfalen,0.15,0.15,0.1,0.15,0.1
6179,6179,Mönchenholzhausen,TH,Thüringen,0.15,0.15,0.1,0.15,0.1
6180,6180,Mönchhagen,MV,Mecklenburg-vorpommern,0.15,0.15,0.1,0.15,0.1
6181,6181,Mönchpfiffel-Nikolausrieth,TH,Thüringen,0.15,0.15,0.1,0.15,0.1
6182,6182,Mönchsdeggingen,BY,Bayern,0.15,0.15,0.1,0.15,0.1
6183,6183,Mönchsroth,BY,Bayern,0.15,0.15,0.1,0.15,0.1
6184,6184,Mönchweiler,BW,Baden-württemberg,0.15,0.15,0.1,0.15,0.1
6185,6185,Mönkeberg,SH,Schleswig-holstein,0.15,0.15,0.1,0.15,0.1
6186,6186,Mönkebude,MV,Mecklenburg-vorpommern,0.15,0.15,0.1,0.15,0.1
6187,6187,Mönkhagen,SH,Schleswig-holstein,0.15,0.15,0.1,0.15,0.1
6188,6188,Mönkloh,SH,Schleswig-holstein,0.15,0.15,0.1,0.15,0.1
6189,6189,Mönsheim,BW,Baden-württemberg,0.15,0.15,0.1,0.15,0.1
6190,6190,Möntenich,RP,Rheinland-pfalz,0.15,0.15,0.1,0.15,0.1
6191,6191,Mörel,SH,Schleswig-holstein,0.15,0.15,0.1,0.15,0.1
6192,6192,Mörfelden-Walldorf,HE,Hessen,0.15,0.15,0.1,0.15,0.1
6193,6193,Möringen,ST,Sachsen-anhalt,0.15,0.15,0.1,0.15,0.1
6194,6194,Mörlen,RP,Rheinland-pfalz,0.15,0.15,0.1,0.15,0.1
6195,6195,Mörlenbach,HE,Hessen,0.15,0.15,0.1,0.15,0.1
6196,6196,Mörsbach,RP,Rheinland-pfalz,0.15,0.15,0.1,0.15,0.1
6197,6197,Mörschbach,RP,Rheinland-pfalz,0.15,0.15,0.1,0.15,0.1
6198,6198,Mörschied,RP,Rheinland-pfalz,0.15,0.15,0.1,0.15,0.1
6199,6199,Mörsdorf,RP,Rheinland-pfalz,0.15,0.15,0.1,0.15,0.1
6200,6200,Mörsdorf,TH,Thüringen,0.15,0.15,0.1,0.15,0.1
6201,6201,Mörsfeld,RP,Rheinland-pfalz,0.15,0.15,0.1,0.15,0.1
6202,6202,Mörstadt,RP,Rheinland-pfalz,0.15,0.15,0.1,0.15,0.1
6203,6203,Möser,ST,Sachsen-anhalt,0.15,0.15,0.1,0.15,0.1
6204,6204,Mössingen,BW,Baden-württemberg,0.15,0.15,0.1,0.15,0.1
6205,6205,Möttingen,BY,Bayern,0.15,0.15,0.1,0.15,0.1
6206,6206,Mötzing,BY,Bayern,0.15,0.15,0.1,0.15,0.1
6207,6207,Mötzingen,BW,Baden-württemberg,0.15,0.15,0.1,0.15,0.1
6208,6208,Mözen,SH,Schleswig-holstein,0.15,0.15,0.1,0.15,0.1
6209,6209,Mücheln,ST,Sachsen-anhalt,0.15,0.15,0.1,0.15,0.1
6210,6210,Mücka,SN,Sachsen,0.15,0.15,0.1,0.15,0.1
6211,6211,Mückeln,RP,Rheinland-pfalz,0.15,0.15,0.1,0.15,0.1
6212,6212,Müden,RP,Rheinland-pfalz,0.15,0.15,0.1,0.15,0.1
6213,6213,Müden,NI,Niedersachsen,0.15,0.15,0.1,0.15,0.1
6214,6214,Mügeln,SN,Sachsen,0.15,0.15,0.1,0.15,0.1
6215,6215,Mühbrook,SH,Schleswig-holstein,0.15,0.15,0.1,0.15,0.1
6216,6216,Mühl Rosin,MV,Mecklenburg-vorpommern,0.15,0.15,0.1,0.15,0.1
6217,6217,Mühlacker,BW,Baden-württemberg,0.15,0.15,0.1,0.15,0.1
6218,6218,Mühlanger,ST,Sachsen-anhalt,0.15,0.15,0.1,0.15,0.1
6219,6219,Mühlau,SN,Sachsen,0.15,0.15,0.1,0.15,0.1
6220,6220,Mühlbeck,ST,Sachsen-anhalt,0.15,0.15,0.1,0.15,0.1
6221,6221,Mühlberg,BB,Brandenburg,0.15,0.15,0.1,0.15,0.1
6222,6222,Mühldorf,BY,Bayern,0.15,0.15,0.1,0.15,0.1
6223,6223,Mühlen Eichsen,MV,Mecklenburg-vorpommern,0.15,0.15,0.1,0.15,0.1
6224,6224,Mühlenbach,BW,Baden-württemberg,0.15,0.15,0.1,0.15,0.1
6225,6225,Mühlenbarbek,SH,Schleswig-holstein,0.15,0.15,0.1,0.15,0.1
6226,6226,Mühlenrade,SH,Schleswig-holstein,0.15,0.15,0.1,0.15,0.1
6227,6227,Mühlhausen,BW,Baden-württemberg,0.15,0.15,0.1,0.15,0.1
6228,6228,Mühlhausen,BY,Bayern,0.15,0.15,0.1,0.15,0.1
6229,6229,Mühlhausen,TH,Thüringen,0.15,0.15,0.1,0.15,0.1
6230,6230,Mühlhausen-Ehingen,BW,Baden-württemberg,0.15,0.15,0.1,0.15,0.1
6231,6231,Mühlingen,BW,Baden-württemberg,0.15,0.15,0.1,0.15,0.1
6232,6232,Mühlpfad,RP,Rheinland-pfalz,0.15,0.15,0.1,0.15,0.1
6233,6233,Mühltroff,SN,Sachsen,0.15,0.15,0.1,0.15,0.1
6234,6234,Mülbach,RP,Rheinland-pfalz,0.15,0.15,0.1,0.15,0.1
6235,6235,Mülheim,RP,Rheinland-pfalz,0.15,0.15,0.1,0.15,0.1
6236,6236,Mülheim,NW,Nordrhein-westfalen,0.15,0.15,0.1,0.15,0.1
6237,6237,Mülheim-Kärlich,RP,Rheinland-pfalz,0.15,0.15,0.1,0.15,0.1
6238,6238,Müllenbach,RP,Rheinland-pfalz,0.15,0.15,0.1,0.15,0.1
6239,6239,Müllheim,BW,Baden-württemberg,0.15,0.15,0.1,0.15,0.1
6240,6240,Müllrose,BB,Brandenburg,0.15,0.15,0.1,0.15,0.1
6241,6241,Mülsen,SN,Sachsen,0.15,0.15,0.1,0.15,0.1
6242,6242,Mülverstedt,TH,Thüringen,0.15,0.15,0.1,0.15,0.1
6243,6243,Münchberg,BY,Bayern,0.15,0.15,0.1,0.15,0.1
6244,6244,Müncheberg,BB,Brandenburg,0.15,0.15,0.1,0.15,0.1
6245,6245,Münchehofe,BB,Brandenburg,0.15,0.15,0.1,0.15,0.1
6246,6246,Münchenbernsdorf,TH,Thüringen,0.15,0.15,0.1,0.15,0.1
6247,6247,Münchhausen,HE,Hessen,0.15,0.15,0.1,0.15,0.1
6248,6248,Münchsmünster,BY,Bayern,0.15,0.15,0.1,0.15,0.1
6249,6249,Münchsteinach,BY,Bayern,0.15,0.15,0.1,0.15,0.1
6250,6250,Münchwald,RP,Rheinland-pfalz,0.15,0.15,0.1,0.15,0.1
6251,6251,Münchweiler am Klingbach,RP,Rheinland-pfalz,0.15,0.15,0.1,0.15,0.1
6252,6252,Münchweiler an der Alsenz,RP,Rheinland-pfalz,0.15,0.15,0.1,0.15,0.1
6253,6253,Mündersbach,RP,Rheinland-pfalz,0.15,0.15,0.1,0.15,0.1
6254,6254,Münk,RP,Rheinland-pfalz,0.15,0.15,0.1,0.15,0.1
6255,6255,Münnerstadt,BY,Bayern,0.15,0.15,0.1,0.15,0.1
6256,6256,Münsing,BY,Bayern,0.15,0.15,0.1,0.15,0.1
6257,6257,Münsingen,BW,Baden-württemberg,0.15,0.15,0.1,0.15,0.1
6258,6258,Münster,BY,Bayern,0.15,0.15,0.1,0.15,0.1
6259,6259,Münster,NW,Nordrhein-westfalen,0.15,0.15,0.1,0.15,0.1
6260,6260,Münster,HE,Hessen,0.15,0.15,0.1,0.15,0.1
6261,6261,Münster-Sarmsheim,RP,Rheinland-pfalz,0.15,0.15,0.1,0.15,0.1
6262,6262,Münsterappel,RP,Rheinland-pfalz,0.15,0.15,0.1,0.15,0.1
6263,6263,Münsterdorf,SH,Schleswig-holstein,0.15,0.15,0.1,0.15,0.1
6264,6264,Münsterhausen,BY,Bayern,0.15,0.15,0.1,0.15,0.1
6265,6265,Münstermaifeld,RP,Rheinland-pfalz,0.15,0.15,0.1,0.15,0.1
6266,6266,Münzenberg,HE,Hessen,0.15,0.15,0.1,0.15,0.1
6267,6267,Mürlenbach,RP,Rheinland-pfalz,0.15,0.15,0.1,0.15,0.1
6268,6268,Müsch,RP,Rheinland-pfalz,0.15,0.15,0.1,0.15,0.1
6269,6269,Müschenbach,RP,Rheinland-pfalz,0.15,0.15,0.1,0.15,0.1
6270,6270,Müssen,SH,Schleswig-holstein,0.15,0.15,0.1,0.15,0.1
6271,6271,Mützel,ST,Sachsen-anhalt,0.15,0.15,0.1,0.15,0.1
6272,6272,Mützenich,RP,Rheinland-pfalz,0.15,0.15,0.1,0.15,0.1
6273,6273,Nabburg,BY,Bayern,0.15,0.15,0.1,0.15,0.1
6274,6274,Nachrodt-Wiblingwerde,NW,Nordrhein-westfalen,0.15,0.15,0.1,0.15,0.1
6275,6275,Nachterstedt,ST,Sachsen-anhalt,0.15,0.15,0.1,0.15,0.1
6276,6276,Nachtsheim,RP,Rheinland-pfalz,0.15,0.15,0.1,0.15,0.1
6277,6277,Nack,RP,Rheinland-pfalz,0.15,0.15,0.1,0.15,0.1
6278,6278,Nackenheim,RP,Rheinland-pfalz,0.15,0.15,0.1,0.15,0.1
6279,6279,Nagel,BY,Bayern,0.15,0.15,0.1,0.15,0.1
6280,6280,Nagold,BW,Baden-württemberg,0.15,0.15,0.1,0.15,0.1
6281,6281,Nahe,SH,Schleswig-holstein,0.15,0.15,0.1,0.15,0.1
6282,6282,Nahrendorf,NI,Niedersachsen,0.15,0.15,0.1,0.15,0.1
6283,6283,Naila,BY,Bayern,0.15,0.15,0.1,0.15,0.1
6284,6284,Nalbach,SL,Saarland,0.15,0.15,0.1,0.15,0.1
6285,6285,Namborn,SL,Saarland,0.15,0.15,0.1,0.15,0.1
6286,6286,Nandlstadt,BY,Bayern,0.15,0.15,0.1,0.15,0.1
6287,6287,Nannhausen,RP,Rheinland-pfalz,0.15,0.15,0.1,0.15,0.1
6288,6288,Nanzdietschweiler,RP,Rheinland-pfalz,0.15,0.15,0.1,0.15,0.1
6289,6289,Narsdorf,SN,Sachsen,0.15,0.15,0.1,0.15,0.1
6290,6290,Nasingen,RP,Rheinland-pfalz,0.15,0.15,0.1,0.15,0.1
6291,6291,Nassau,RP,Rheinland-pfalz,0.15,0.15,0.1,0.15,0.1
6292,6292,Nastätten,RP,Rheinland-pfalz,0.15,0.15,0.1,0.15,0.1
6293,6293,Natendorf,NI,Niedersachsen,0.15,0.15,0.1,0.15,0.1
6294,6294,Nattenheim,RP,Rheinland-pfalz,0.15,0.15,0.1,0.15,0.1
6295,6295,Nattheim,BW,Baden-württemberg,0.15,0.15,0.1,0.15,0.1
6296,6296,Nauen,BB,Brandenburg,0.15,0.15,0.1,0.15,0.1
6297,6297,Nauendorf,TH,Thüringen,0.15,0.15,0.1,0.15,0.1
6298,6298,Nauendorf,ST,Sachsen-anhalt,0.15,0.15,0.1,0.15,0.1
6299,6299,Nauheim,HE,Hessen,0.15,0.15,0.1,0.15,0.1
6300,6300,Naumburg,ST,Sachsen-anhalt,0.15,0.15,0.1,0.15,0.1
6301,6301,Naumburg,HE,Hessen,0.15,0.15,0.1,0.15,0.1
6302,6302,Naundorf,TH,Thüringen,0.15,0.15,0.1,0.15,0.1
6303,6303,Naundorf,SN,Sachsen,0.15,0.15,0.1,0.15,0.1
6304,6304,Naunheim,RP,Rheinland-pfalz,0.15,0.15,0.1,0.15,0.1
6305,6305,Naunhof,SN,Sachsen,0.15,0.15,0.1,0.15,0.1
6306,6306,Nauort,RP,Rheinland-pfalz,0.15,0.15,0.1,0.15,0.1
6307,6307,Nauroth,RP,Rheinland-pfalz,0.15,0.15,0.1,0.15,0.1
6308,6308,Nausitz,TH,Thüringen,0.15,0.15,0.1,0.15,0.1
6309,6309,Nausnitz,TH,Thüringen,0.15,0.15,0.1,0.15,0.1
6310,6310,Nauwalde,SN,Sachsen,0.15,0.15,0.1,0.15,0.1
6311,6311,Nazza,TH,Thüringen,0.15,0.15,0.1,0.15,0.1
6312,6312,Nebel,SH,Schleswig-holstein,0.15,0.15,0.1,0.15,0.1
6313,6313,Nebelschütz,SN,Sachsen,0.15,0.15,0.1,0.15,0.1
6314,6314,Nebra,ST,Sachsen-anhalt,0.15,0.15,0.1,0.15,0.1
6315,6315,Neckarbischofsheim,BW,Baden-württemberg,0.15,0.15,0.1,0.15,0.1
6316,6316,Neckargemünd,BW,Baden-württemberg,0.15,0.15,0.1,0.15,0.1
6317,6317,Neckargerach,BW,Baden-württemberg,0.15,0.15,0.1,0.15,0.1
6318,6318,Neckarsteinach,HE,Hessen,0.15,0.15,0.1,0.15,0.1
6319,6319,Neckarsulm,BW,Baden-württemberg,0.15,0.15,0.1,0.15,0.1
6320,6320,Neckartailfingen,BW,Baden-württemberg,0.15,0.15,0.1,0.15,0.1
6321,6321,Neckartenzlingen,BW,Baden-württemberg,0.15,0.15,0.1,0.15,0.1
6322,6322,Neckarwestheim,BW,Baden-württemberg,0.15,0.15,0.1,0.15,0.1
6323,6323,Neckarzimmern,BW,Baden-württemberg,0.15,0.15,0.1,0.15,0.1
6324,6324,Nedlitz,ST,Sachsen-anhalt,0.15,0.15,0.1,0.15,0.1
6325,6325,Neef,RP,Rheinland-pfalz,0.15,0.15,0.1,0.15,0.1
6326,6326,Neenstetten,BW,Baden-württemberg,0.15,0.15,0.1,0.15,0.1
6327,6327,Neetze,NI,Niedersachsen,0.15,0.15,0.1,0.15,0.1
6328,6328,Neetzow,MV,Mecklenburg-vorpommern,0.15,0.15,0.1,0.15,0.1
6329,6329,Negenborn,NI,Niedersachsen,0.15,0.15,0.1,0.15,0.1
6330,6330,Negenharrie,SH,Schleswig-holstein,0.15,0.15,0.1,0.15,0.1
6331,6331,Negernbötel,SH,Schleswig-holstein,0.15,0.15,0.1,0.15,0.1
6332,6332,Nehms,SH,Schleswig-holstein,0.15,0.15,0.1,0.15,0.1
6333,6333,Nehmten,SH,Schleswig-holstein,0.15,0.15,0.1,0.15,0.1
6334,6334,Nehren,BW,Baden-württemberg,0.15,0.15,0.1,0.15,0.1
6335,6335,Nehren,RP,Rheinland-pfalz,0.15,0.15,0.1,0.15,0.1
6336,6336,Neichen,RP,Rheinland-pfalz,0.15,0.15,0.1,0.15,0.1
6337,6337,Neidenbach,RP,Rheinland-pfalz,0.15,0.15,0.1,0.15,0.1
6338,6338,Neidenfels,RP,Rheinland-pfalz,0.15,0.15,0.1,0.15,0.1
6339,6339,Neidenstein,BW,Baden-württemberg,0.15,0.15,0.1,0.15,0.1
6340,6340,Neidhartshausen,TH,Thüringen,0.15,0.15,0.1,0.15,0.1
6341,6341,Neidlingen,BW,Baden-württemberg,0.15,0.15,0.1,0.15,0.1
6342,6342,Neinstedt,ST,Sachsen-anhalt,0.15,0.15,0.1,0.15,0.1
6343,6343,Neitersen,RP,Rheinland-pfalz,0.15,0.15,0.1,0.15,0.1
6344,6344,Nellingen,BW,Baden-württemberg,0.15,0.15,0.1,0.15,0.1
6345,6345,Nemsdorf-Göhrendorf,ST,Sachsen-anhalt,0.15,0.15,0.1,0.15,0.1
6346,6346,Nenndorf,NI,Niedersachsen,0.15,0.15,0.1,0.15,0.1
6347,6347,Nennhausen,BB,Brandenburg,0.15,0.15,0.1,0.15,0.1
6348,6348,Nennslingen,BY,Bayern,0.15,0.15,0.1,0.15,0.1
6349,6349,Nentershausen,RP,Rheinland-pfalz,0.15,0.15,0.1,0.15,0.1
6350,6350,Nentershausen,HE,Hessen,0.15,0.15,0.1,0.15,0.1
6351,6351,Nerchau,SN,Sachsen,0.15,0.15,0.1,0.15,0.1
6352,6352,Nerdlen,RP,Rheinland-pfalz,0.15,0.15,0.1,0.15,0.1
6353,6353,Nerenstetten,BW,Baden-württemberg,0.15,0.15,0.1,0.15,0.1
6354,6354,Neresheim,BW,Baden-württemberg,0.15,0.15,0.1,0.15,0.1
6355,6355,Neritz,SH,Schleswig-holstein,0.15,0.15,0.1,0.15,0.1
6356,6356,Neroth,RP,Rheinland-pfalz,0.15,0.15,0.1,0.15,0.1
6357,6357,Nersingen,BY,Bayern,0.15,0.15,0.1,0.15,0.1
6358,6358,Nerzweiler,RP,Rheinland-pfalz,0.15,0.15,0.1,0.15,0.1
6359,6359,Neschwitz,SN,Sachsen,0.15,0.15,0.1,0.15,0.1
6360,6360,Nessa,ST,Sachsen-anhalt,0.15,0.15,0.1,0.15,0.1
6361,6361,Nesselwang,BY,Bayern,0.15,0.15,0.1,0.15,0.1
6362,6362,Netphen,NW,Nordrhein-westfalen,0.15,0.15,0.1,0.15,0.1
6363,6363,Nettelsee,SH,Schleswig-holstein,0.15,0.15,0.1,0.15,0.1
6364,6364,Nettersheim,NW,Nordrhein-westfalen,0.15,0.15,0.1,0.15,0.1
6365,6365,Nettetal,NW,Nordrhein-westfalen,0.15,0.15,0.1,0.15,0.1
6366,6366,Netzbach,RP,Rheinland-pfalz,0.15,0.15,0.1,0.15,0.1
6367,6367,Netzschkau,SN,Sachsen,0.15,0.15,0.1,0.15,0.1
6368,6368,Neu Boltenhagen,MV,Mecklenburg-vorpommern,0.15,0.15,0.1,0.15,0.1
6369,6369,Neu Darchau,NI,Niedersachsen,0.15,0.15,0.1,0.15,0.1
6370,6370,Neu Duvenstedt,SH,Schleswig-holstein,0.15,0.15,0.1,0.15,0.1
6371,6371,Neu Gülze,MV,Mecklenburg-vorpommern,0.15,0.15,0.1,0.15,0.1
6372,6372,Neu Kaliß,MV,Mecklenburg-vorpommern,0.15,0.15,0.1,0.15,0.1
6373,6373,Neu Kosenow,MV,Mecklenburg-vorpommern,0.15,0.15,0.1,0.15,0.1
6374,6374,Neu Poserin,MV,Mecklenburg-vorpommern,0.15,0.15,0.1,0.15,0.1
6375,6375,Neu Wulmstorf,NI,Niedersachsen,0.15,0.15,0.1,0.15,0.1
6376,6376,Neu Zauche,BB,Brandenburg,0.15,0.15,0.1,0.15,0.1
6377,6377,Neu-Anspach,HE,Hessen,0.15,0.15,0.1,0.15,0.1
6378,6378,Neu-Bamberg,RP,Rheinland-pfalz,0.15,0.15,0.1,0.15,0.1
6379,6379,Neu-Ulm,BY,Bayern,0.15,0.15,0.1,0.15,0.1
6380,6380,Neualbenreuth,BY,Bayern,0.15,0.15,0.1,0.15,0.1
6381,6381,Neuberend,SH,Schleswig-holstein,0.15,0.15,0.1,0.15,0.1
6382,6382,Neubeuern,BY,Bayern,0.15,0.15,0.1,0.15,0.1
6383,6383,Neubiberg,BY,Bayern,0.15,0.15,0.1,0.15,0.1
6384,6384,Neubrandenburg,MV,Mecklenburg-vorpommern,0.15,0.15,0.1,0.15,0.1
6385,6385,Neubrunn,BY,Bayern,0.15,0.15,0.1,0.15,0.1
6386,6386,Neubrunn,TH,Thüringen,0.15,0.15,0.1,0.15,0.1
6387,6387,Neubrück,NW,Nordrhein-westfalen,0.15,0.15,0.1,0.15,0.1
6388,6388,Neubrück,NI,Niedersachsen,0.15,0.15,0.1,0.15,0.1
6389,6389,Neubukow,MV,Mecklenburg-vorpommern,0.15,0.15,0.1,0.15,0.1
6390,6390,Neubulach,BW,Baden-württemberg,0.15,0.15,0.1,0.15,0.1
6391,6391,Neuburg,MV,Mecklenburg-vorpommern,0.15,0.15,0.1,0.15,0.1
6392,6392,Neuburg,RP,Rheinland-pfalz,0.15,0.15,0.1,0.15,0.1
6393,6393,Neuburg,BY,Bayern,0.15,0.15,0.1,0.15,0.1
6394,6394,Neuburg an der Donau,BY,Bayern,0.15,0.15,0.1,0.15,0.1
6395,6395,Neubörger,NI,Niedersachsen,0.15,0.15,0.1,0.15,0.1
6396,6396,Neudenau,BW,Baden-württemberg,0.15,0.15,0.1,0.15,0.1
6397,6397,Neudietendorf,TH,Thüringen,0.15,0.15,0.1,0.15,0.1
6398,6398,Neudorf,ST,Sachsen-anhalt,0.15,0.15,0.1,0.15,0.1
6399,6399,Neudorf-Bornstein,SH,Schleswig-holstein,0.15,0.15,0.1,0.15,0.1
6400,6400,Neudrossenfeld,BY,Bayern,0.15,0.15,0.1,0.15,0.1
6401,6401,Neuenbrook,SH,Schleswig-holstein,0.15,0.15,0.1,0.15,0.1
6402,6402,Neuenburg am Rhein,BW,Baden-württemberg,0.15,0.15,0.1,0.15,0.1
6403,6403,Neuenbürg,BW,Baden-württemberg,0.15,0.15,0.1,0.15,0.1
6404,6404,Neuendeich,SH,Schleswig-holstein,0.15,0.15,0.1,0.15,0.1
6405,6405,Neuendettelsau,BY,Bayern,0.15,0.15,0.1,0.15,0.1
6406,6406,Neuendorf,BY,Bayern,0.15,0.15,0.1,0.15,0.1
6407,6407,Neuendorf,SH,Schleswig-holstein,0.15,0.15,0.1,0.15,0.1
6408,6408,Neuendorf,RP,Rheinland-pfalz,0.15,0.15,0.1,0.15,0.1
6409,6409,Neuengönna,TH,Thüringen,0.15,0.15,0.1,0.15,0.1
6410,6410,Neuengörs,SH,Schleswig-holstein,0.15,0.15,0.1,0.15,0.1
6411,6411,Neuenhagen,BB,Brandenburg,0.15,0.15,0.1,0.15,0.1
6412,6412,Neuenhofe,ST,Sachsen-anhalt,0.15,0.15,0.1,0.15,0.1
6413,6413,Neuenkirchen,NI,Niedersachsen,0.15,0.15,0.1,0.15,0.1
6414,6414,Neuenkirchen,MV,Mecklenburg-vorpommern,0.15,0.15,0.1,0.15,0.1
6415,6415,Neuenkirchen,NW,Nordrhein-westfalen,0.15,0.15,0.1,0.15,0.1
6416,6416,Neuenkirchen,SH,Schleswig-holstein,0.15,0.15,0.1,0.15,0.1
6417,6417,Neuenmarkt,BY,Bayern,0.15,0.15,0.1,0.15,0.1
6418,6418,Neuenrade,NW,Nordrhein-westfalen,0.15,0.15,0.1,0.15,0.1
6419,6419,Neuensalz,SN,Sachsen,0.15,0.15,0.1,0.15,0.1
6420,6420,Neuenstadt am Kocher,BW,Baden-württemberg,0.15,0.15,0.1,0.15,0.1
6421,6421,Neuenstein,BW,Baden-württemberg,0.15,0.15,0.1,0.15,0.1
6422,6422,Neuental,HE,Hessen,0.15,0.15,0.1,0.15,0.1
6423,6423,Neuerburg,RP,Rheinland-pfalz,0.15,0.15,0.1,0.15,0.1
6424,6424,Neuerkirch,RP,Rheinland-pfalz,0.15,0.15,0.1,0.15,0.1
6425,6425,Neufahrn,BY,Bayern,0.15,0.15,0.1,0.15,0.1
6426,6426,Neufahrn bei Freising,BY,Bayern,0.15,0.15,0.1,0.15,0.1
6427,6427,Neufeld,SH,Schleswig-holstein,0.15,0.15,0.1,0.15,0.1
6428,6428,Neufelderkoog,SH,Schleswig-holstein,0.15,0.15,0.1,0.15,0.1
6429,6429,Neuffen,BW,Baden-württemberg,0.15,0.15,0.1,0.15,0.1
6430,6430,Neufra,BW,Baden-württemberg,0.15,0.15,0.1,0.15,0.1
6431,6431,Neufraunhofen,BY,Bayern,0.15,0.15,0.1,0.15,0.1
6432,6432,Neugattersleben,ST,Sachsen-anhalt,0.15,0.15,0.1,0.15,0.1
6433,6433,Neugernsdorf,TH,Thüringen,0.15,0.15,0.1,0.15,0.1
6434,6434,Neugersdorf,SN,Sachsen,0.15,0.15,0.1,0.15,0.1
6435,6435,Neuhardenberg,BB,Brandenburg,0.15,0.15,0.1,0.15,0.1
6436,6436,Neuharlingersiel,NI,Niedersachsen,0.15,0.15,0.1,0.15,0.1
6437,6437,Neuhaus,TH,Thüringen,0.15,0.15,0.1,0.15,0.1
6438,6438,Neuhaus am Inn,BY,Bayern,0.15,0.15,0.1,0.15,0.1
6439,6439,Neuhaus am Rennweg,TH,Thüringen,0.15,0.15,0.1,0.15,0.1
6440,6440,Neuhaus an der Oste,NI,Niedersachsen,0.15,0.15,0.1,0.15,0.1
6441,6441,Neuhaus an der Pegnitz,BY,Bayern,0.15,0.15,0.1,0.15,0.1
6442,6442,Neuhaus-Schierschnitz,TH,Thüringen,0.15,0.15,0.1,0.15,0.1
6443,6443,Neuhausen,BW,Baden-württemberg,0.15,0.15,0.1,0.15,0.1
6444,6444,Neuhausen,SN,Sachsen,0.15,0.15,0.1,0.15,0.1
6445,6445,Neuhausen auf den Fildern,BW,Baden-württemberg,0.15,0.15,0.1,0.15,0.1
6446,6446,Neuhausen ob Eck,BW,Baden-württemberg,0.15,0.15,0.1,0.15,0.1
6447,6447,Neuheilenbach,RP,Rheinland-pfalz,0.15,0.15,0.1,0.15,0.1
6448,6448,Neuhemsbach,RP,Rheinland-pfalz,0.15,0.15,0.1,0.15,0.1
6449,6449,Neuhof,HE,Hessen,0.15,0.15,0.1,0.15,0.1
6450,6450,Neuhof,NI,Niedersachsen,0.15,0.15,0.1,0.15,0.1
6451,6451,Neuhof an der Zenn,BY,Bayern,0.15,0.15,0.1,0.15,0.1
6452,6452,Neuhofen,RP,Rheinland-pfalz,0.15,0.15,0.1,0.15,0.1
6453,6453,Neuhäusel,RP,Rheinland-pfalz,0.15,0.15,0.1,0.15,0.1
6454,6454,Neuhütten,BY,Bayern,0.15,0.15,0.1,0.15,0.1
6455,6455,Neuhütten,RP,Rheinland-pfalz,0.15,0.15,0.1,0.15,0.1
6456,6456,Neukalen,MV,Mecklenburg-vorpommern,0.15,0.15,0.1,0.15,0.1
6457,6457,Neukamperfehn,NI,Niedersachsen,0.15,0.15,0.1,0.15,0.1
6458,6458,Neukieritzsch,SN,Sachsen,0.15,0.15,0.1,0.15,0.1
6459,6459,Neukirch,BW,Baden-württemberg,0.15,0.15,0.1,0.15,0.1
6460,6460,Neukirch,SN,Sachsen,0.15,0.15,0.1,0.15,0.1
6461,6461,Neukirch/Lausitz,SN,Sachsen,0.15,0.15,0.1,0.15,0.1
6462,6462,Neukirchen,SH,Schleswig-holstein,0.15,0.15,0.1,0.15,0.1
6463,6463,Neukirchen,BY,Bayern,0.15,0.15,0.1,0.15,0.1
6464,6464,Neukirchen,HE,Hessen,0.15,0.15,0.1,0.15,0.1
6465,6465,Neukirchen,SN,Sachsen,0.15,0.15,0.1,0.15,0.1
6466,6466,Neukirchen beim Heiligen Blut,BY,Bayern,0.15,0.15,0.1,0.15,0.1
6467,6467,Neukirchen vorm Wald,BY,Bayern,0.15,0.15,0.1,0.15,0.1
6468,6468,Neukirchen-Balbini,BY,Bayern,0.15,0.15,0.1,0.15,0.1
6469,6469,Neukloster,MV,Mecklenburg-vorpommern,0.15,0.15,0.1,0.15,0.1
6470,6470,Neulehe,NI,Niedersachsen,0.15,0.15,0.1,0.15,0.1
6471,6471,Neuleiningen,RP,Rheinland-pfalz,0.15,0.15,0.1,0.15,0.1
6472,6472,Neuler,BW,Baden-württemberg,0.15,0.15,0.1,0.15,0.1
6473,6473,Neulewin,BB,Brandenburg,0.15,0.15,0.1,0.15,0.1
6474,6474,Neulußheim,BW,Baden-württemberg,0.15,0.15,0.1,0.15,0.1
6475,6475,Neumagen-Dhron,RP,Rheinland-pfalz,0.15,0.15,0.1,0.15,0.1
6476,6476,Neumark,SN,Sachsen,0.15,0.15,0.1,0.15,0.1
6477,6477,Neumarkt in der Oberpfalz,BY,Bayern,0.15,0.15,0.1,0.15,0.1
6478,6478,Neumarkt-Sankt Veit,BY,Bayern,0.15,0.15,0.1,0.15,0.1
6479,6479,Neumühle,MV,Mecklenburg-vorpommern,0.15,0.15,0.1,0.15,0.1
6480,6480,Neumünster,SH,Schleswig-holstein,0.15,0.15,0.1,0.15,0.1
6481,6481,Neunburg vorm Wald,BY,Bayern,0.15,0.15,0.1,0.15,0.1
6482,6482,Neundorf,ST,Sachsen-anhalt,0.15,0.15,0.1,0.15,0.1
6483,6483,Neunheilingen,TH,Thüringen,0.15,0.15,0.1,0.15,0.1
6484,6484,Neunkhausen,RP,Rheinland-pfalz,0.15,0.15,0.1,0.15,0.1
6485,6485,Neunkirchen,NW,Nordrhein-westfalen,0.15,0.15,0.1,0.15,0.1
6486,6486,Neunkirchen,BW,Baden-württemberg,0.15,0.15,0.1,0.15,0.1
6487,6487,Neunkirchen,RP,Rheinland-pfalz,0.15,0.15,0.1,0.15,0.1
6488,6488,Neunkirchen,BY,Bayern,0.15,0.15,0.1,0.15,0.1
6489,6489,Neunkirchen,SL,Saarland,0.15,0.15,0.1,0.15,0.1
6490,6490,Neunkirchen am Brand,BY,Bayern,0.15,0.15,0.1,0.15,0.1
6491,6491,Neunkirchen am Potzberg,RP,Rheinland-pfalz,0.15,0.15,0.1,0.15,0.1
6492,6492,Neunkirchen am Sand,BY,Bayern,0.15,0.15,0.1,0.15,0.1
6493,6493,Neupetershain,BB,Brandenburg,0.15,0.15,0.1,0.15,0.1
6494,6494,Neupotz,RP,Rheinland-pfalz,0.15,0.15,0.1,0.15,0.1
6495,6495,Neureichenau,BY,Bayern,0.15,0.15,0.1,0.15,0.1
6496,6496,Neuried,BY,Bayern,0.15,0.15,0.1,0.15,0.1
6497,6497,Neuruppin,BB,Brandenburg,0.15,0.15,0.1,0.15,0.1
6498,6498,Neusalza-Spremberg,SN,Sachsen,0.15,0.15,0.1,0.15,0.1
6499,6499,Neuschönau,BY,Bayern,0.15,0.15,0.1,0.15,0.1
6500,6500,Neusitz,BY,Bayern,0.15,0.15,0.1,0.15,0.1
6501,6501,Neusiß,TH,Thüringen,0.15,0.15,0.1,0.15,0.1
6502,6502,Neusorg,BY,Bayern,0.15,0.15,0.1,0.15,0.1
6503,6503,Neuss,NW,Nordrhein-westfalen,0.15,0.15,0.1,0.15,0.1
6504,6504,Neustadt,NI,Niedersachsen,0.15,0.15,0.1,0.15,0.1
6505,6505,Neustadt,TH,Thüringen,0.15,0.15,0.1,0.15,0.1
6506,6506,Neustadt,HH,Hamburg,0.15,0.15,0.1,0.15,0.1
6507,6507,Neustadt,RP,Rheinland-pfalz,0.15,0.15,0.1,0.15,0.1
6508,6508,Neustadt am Main,BY,Bayern,0.15,0.15,0.1,0.15,0.1
6509,6509,Neustadt am Rennsteig,TH,Thüringen,0.15,0.15,0.1,0.15,0.1
6510,6510,Neustadt am Rübenberge,NI,Niedersachsen,0.15,0.15,0.1,0.15,0.1
6511,6511,Neustadt an der Aisch,BY,Bayern,0.15,0.15,0.1,0.15,0.1
6512,6512,Neustadt an der Donau,BY,Bayern,0.15,0.15,0.1,0.15,0.1
6513,6513,Neustadt an der Orla,TH,Thüringen,0.15,0.15,0.1,0.15,0.1
6514,6514,Neustadt an der Waldnaab,BY,Bayern,0.15,0.15,0.1,0.15,0.1
6515,6515,Neustadt bei Coburg,BY,Bayern,0.15,0.15,0.1,0.15,0.1
6516,6516,Neustadt in Holstein,SH,Schleswig-holstein,0.15,0.15,0.1,0.15,0.1
6517,6517,Neustadt in Sachsen,SN,Sachsen,0.15,0.15,0.1,0.15,0.1
6518,6518,Neustadt-Glewe,MV,Mecklenburg-vorpommern,0.15,0.15,0.1,0.15,0.1
6519,6519,Neustadt/Harz,TH,Thüringen,0.15,0.15,0.1,0.15,0.1
6520,6520,Neustrelitz,MV,Mecklenburg-vorpommern,0.15,0.15,0.1,0.15,0.1
6521,6521,Neutraubling,BY,Bayern,0.15,0.15,0.1,0.15,0.1
6522,6522,Neutrebbin,BB,Brandenburg,0.15,0.15,0.1,0.15,0.1
6523,6523,Neutz-Lettewitz,ST,Sachsen-anhalt,0.15,0.15,0.1,0.15,0.1
6524,6524,Neuweiler,BW,Baden-württemberg,0.15,0.15,0.1,0.15,0.1
6525,6525,Neuwied,RP,Rheinland-pfalz,0.15,0.15,0.1,0.15,0.1
6526,6526,Neuwittenbek,SH,Schleswig-holstein,0.15,0.15,0.1,0.15,0.1
6527,6527,Neuzelle,BB,Brandenburg,0.15,0.15,0.1,0.15,0.1
6528,6528,Neuötting,BY,Bayern,0.15,0.15,0.1,0.15,0.1
6529,6529,Neverin,MV,Mecklenburg-vorpommern,0.15,0.15,0.1,0.15,0.1
6530,6530,Neversdorf,SH,Schleswig-holstein,0.15,0.15,0.1,0.15,0.1
6531,6531,Newel,RP,Rheinland-pfalz,0.15,0.15,0.1,0.15,0.1
6532,6532,Ney,RP,Rheinland-pfalz,0.15,0.15,0.1,0.15,0.1
6533,6533,Nickenich,RP,Rheinland-pfalz,0.15,0.15,0.1,0.15,0.1
6534,6534,Nidda,HE,Hessen,0.15,0.15,0.1,0.15,0.1
6535,6535,Nidderau,HE,Hessen,0.15,0.15,0.1,0.15,0.1
6536,6536,Nideggen,NW,Nordrhein-westfalen,0.15,0.15,0.1,0.15,0.1
6537,6537,Nieblum,SH,Schleswig-holstein,0.15,0.15,0.1,0.15,0.1
6538,6538,Nieby,SH,Schleswig-holstein,0.15,0.15,0.1,0.15,0.1
6539,6539,Niebüll,SH,Schleswig-holstein,0.15,0.15,0.1,0.15,0.1
6540,6540,Niedenstein,HE,Hessen,0.15,0.15,0.1,0.15,0.1
6541,6541,Nieder Kostenz,RP,Rheinland-pfalz,0.15,0.15,0.1,0.15,0.1
6542,6542,Nieder-Hilbersheim,RP,Rheinland-pfalz,0.15,0.15,0.1,0.15,0.1
6543,6543,Nieder-Olm,RP,Rheinland-pfalz,0.15,0.15,0.1,0.15,0.1
6544,6544,Nieder-Wiesen,RP,Rheinland-pfalz,0.15,0.15,0.1,0.15,0.1
6545,6545,Niederahr,RP,Rheinland-pfalz,0.15,0.15,0.1,0.15,0.1
6546,6546,Niederaichbach,BY,Bayern,0.15,0.15,0.1,0.15,0.1
6547,6547,Niederalben,RP,Rheinland-pfalz,0.15,0.15,0.1,0.15,0.1
6548,6548,Niederalteich,BY,Bayern,0.15,0.15,0.1,0.15,0.1
6549,6549,Niederau,SN,Sachsen,0.15,0.15,0.1,0.15,0.1
6550,6550,Niederaula,HE,Hessen,0.15,0.15,0.1,0.15,0.1
6551,6551,Niederbachheim,RP,Rheinland-pfalz,0.15,0.15,0.1,0.15,0.1
6552,6552,Niederbergkirchen,BY,Bayern,0.15,0.15,0.1,0.15,0.1
6553,6553,Niederbreitbach,RP,Rheinland-pfalz,0.15,0.15,0.1,0.15,0.1
6554,6554,Niederbrombach,RP,Rheinland-pfalz,0.15,0.15,0.1,0.15,0.1
6555,6555,Niederburg,RP,Rheinland-pfalz,0.15,0.15,0.1,0.15,0.1
6556,6556,Niederbösa,TH,Thüringen,0.15,0.15,0.1,0.15,0.1
6557,6557,Niedercunnersdorf,SN,Sachsen,0.15,0.15,0.1,0.15,0.1
6558,6558,Niederdorf,SN,Sachsen,0.15,0.15,0.1,0.15,0.1
6559,6559,Niederdorfelden,HE,Hessen,0.15,0.15,0.1,0.15,0.1
6560,6560,Niederdorla,TH,Thüringen,0.15,0.15,0.1,0.15,0.1
6561,6561,Niederdreisbach,RP,Rheinland-pfalz,0.15,0.15,0.1,0.15,0.1
6562,6562,Niederdürenbach,RP,Rheinland-pfalz,0.15,0.15,0.1,0.15,0.1
6563,6563,Niederelbert,RP,Rheinland-pfalz,0.15,0.15,0.1,0.15,0.1
6564,6564,Niedererbach,RP,Rheinland-pfalz,0.15,0.15,0.1,0.15,0.1
6565,6565,Niedereschach,BW,Baden-württemberg,0.15,0.15,0.1,0.15,0.1
6566,6566,Niederfell,RP,Rheinland-pfalz,0.15,0.15,0.1,0.15,0.1
6567,6567,Niederfinow,BB,Brandenburg,0.15,0.15,0.1,0.15,0.1
6568,6568,Niederfischbach,RP,Rheinland-pfalz,0.15,0.15,0.1,0.15,0.1
6569,6569,Niederfrohna,SN,Sachsen,0.15,0.15,0.1,0.15,0.1
6570,6570,Niederfüllbach,BY,Bayern,0.15,0.15,0.1,0.15,0.1
6571,6571,Niedergebra,TH,Thüringen,0.15,0.15,0.1,0.15,0.1
6572,6572,Niedergeckler,RP,Rheinland-pfalz,0.15,0.15,0.1,0.15,0.1
6573,6573,Niedergörsdorf,BB,Brandenburg,0.15,0.15,0.1,0.15,0.1
6574,6574,Niederhambach,RP,Rheinland-pfalz,0.15,0.15,0.1,0.15,0.1
6575,6575,Niederhausen,RP,Rheinland-pfalz,0.15,0.15,0.1,0.15,0.1
6576,6576,Niederhausen an der Appel,RP,Rheinland-pfalz,0.15,0.15,0.1,0.15,0.1
6577,6577,Niederheimbach,RP,Rheinland-pfalz,0.15,0.15,0.1,0.15,0.1
6578,6578,Niederhofen,RP,Rheinland-pfalz,0.15,0.15,0.1,0.15,0.1
6579,6579,Niederhorbach,RP,Rheinland-pfalz,0.15,0.15,0.1,0.15,0.1
6580,6580,Niederhosenbach,RP,Rheinland-pfalz,0.15,0.15,0.1,0.15,0.1
6581,6581,Niederirsen,RP,Rheinland-pfalz,0.15,0.15,0.1,0.15,0.1
6582,6582,Niederkassel,NW,Nordrhein-westfalen,0.15,0.15,0.1,0.15,0.1
6583,6583,Niederkirchen,RP,Rheinland-pfalz,0.15,0.15,0.1,0.15,0.1
6584,6584,Niederkirchen bei Deidesheim,RP,Rheinland-pfalz,0.15,0.15,0.1,0.15,0.1
6585,6585,Niederkrüchten,NW,Nordrhein-westfalen,0.15,0.15,0.1,0.15,0.1
6586,6586,Niederkumbd,RP,Rheinland-pfalz,0.15,0.15,0.1,0.15,0.1
6587,6587,Niederlangen,NI,Niedersachsen,0.15,0.15,0.1,0.15,0.1
6588,6588,Niederlauch,RP,Rheinland-pfalz,0.15,0.15,0.1,0.15,0.1
6589,6589,Niederlauer,BY,Bayern,0.15,0.15,0.1,0.15,0.1
6590,6590,Niedermohr,RP,Rheinland-pfalz,0.15,0.15,0.1,0.15,0.1
6591,6591,Niedermoschel,RP,Rheinland-pfalz,0.15,0.15,0.1,0.15,0.1
6592,6592,Niedermurach,BY,Bayern,0.15,0.15,0.1,0.15,0.1
6593,6593,Niedernberg,BY,Bayern,0.15,0.15,0.1,0.15,0.1
6594,6594,Niederndodeleben,ST,Sachsen-anhalt,0.15,0.15,0.1,0.15,0.1
6595,6595,Niederneisen,RP,Rheinland-pfalz,0.15,0.15,0.1,0.15,0.1
6596,6596,Niedernhall,BW,Baden-württemberg,0.15,0.15,0.1,0.15,0.1
6597,6597,Niedernhausen,HE,Hessen,0.15,0.15,0.1,0.15,0.1
6598,6598,Niedernwöhren,NI,Niedersachsen,0.15,0.15,0.1,0.15,0.1
6599,6599,Niederorschel,TH,Thüringen,0.15,0.15,0.1,0.15,0.1
6600,6600,Niederotterbach,RP,Rheinland-pfalz,0.15,0.15,0.1,0.15,0.1
6601,6601,Niederpierscheid,RP,Rheinland-pfalz,0.15,0.15,0.1,0.15,0.1
6602,6602,Niederrad,HE,Hessen,0.15,0.15,0.1,0.15,0.1
6603,6603,Niederraden,RP,Rheinland-pfalz,0.15,0.15,0.1,0.15,0.1
6604,6604,Niederreißen,TH,Thüringen,0.15,0.15,0.1,0.15,0.1
6605,6605,Niederrieden,BY,Bayern,0.15,0.15,0.1,0.15,0.1
6606,6606,Niederroßbach,RP,Rheinland-pfalz,0.15,0.15,0.1,0.15,0.1
6607,6607,Niederroßla,TH,Thüringen,0.15,0.15,0.1,0.15,0.1
6608,6608,Niedersachswerfen,TH,Thüringen,0.15,0.15,0.1,0.15,0.1
6609,6609,Niedersayn,RP,Rheinland-pfalz,0.15,0.15,0.1,0.15,0.1
6610,6610,Niederscheidweiler,RP,Rheinland-pfalz,0.15,0.15,0.1,0.15,0.1
6611,6611,Niederschlettenbach,RP,Rheinland-pfalz,0.15,0.15,0.1,0.15,0.1
6612,6612,Niederschöna,SN,Sachsen,0.15,0.15,0.1,0.15,0.1
6613,6613,Niederschönenfeld,BY,Bayern,0.15,0.15,0.1,0.15,0.1
6614,6614,Niedersohren,RP,Rheinland-pfalz,0.15,0.15,0.1,0.15,0.1
6615,6615,Niederstadtfeld,RP,Rheinland-pfalz,0.15,0.15,0.1,0.15,0.1
6616,6616,Niederstaufenbach,RP,Rheinland-pfalz,0.15,0.15,0.1,0.15,0.1
6617,6617,Niederstedem,RP,Rheinland-pfalz,0.15,0.15,0.1,0.15,0.1
6618,6618,Niedersteinebach,RP,Rheinland-pfalz,0.15,0.15,0.1,0.15,0.1
6619,6619,Niederstetten,BW,Baden-württemberg,0.15,0.15,0.1,0.15,0.1
6620,6620,Niederstotzingen,BW,Baden-württemberg,0.15,0.15,0.1,0.15,0.1
6621,6621,Niederstriegis,SN,Sachsen,0.15,0.15,0.1,0.15,0.1
6622,6622,Niedert,RP,Rheinland-pfalz,0.15,0.15,0.1,0.15,0.1
6623,6623,Niedertaufkirchen,BY,Bayern,0.15,0.15,0.1,0.15,0.1
6624,6624,Niedertiefenbach,RP,Rheinland-pfalz,0.15,0.15,0.1,0.15,0.1
6625,6625,Niederviehbach,BY,Bayern,0.15,0.15,0.1,0.15,0.1
6626,6626,Niederwallmenach,RP,Rheinland-pfalz,0.15,0.15,0.1,0.15,0.1
6627,6627,Niederwambach,RP,Rheinland-pfalz,0.15,0.15,0.1,0.15,0.1
6628,6628,Niederweiler,RP,Rheinland-pfalz,0.15,0.15,0.1,0.15,0.1
6629,6629,Niederweis,RP,Rheinland-pfalz,0.15,0.15,0.1,0.15,0.1
6630,6630,Niederwerrn,BY,Bayern,0.15,0.15,0.1,0.15,0.1
6631,6631,Niederwerth,RP,Rheinland-pfalz,0.15,0.15,0.1,0.15,0.1
6632,6632,Niederwiesa,SN,Sachsen,0.15,0.15,0.1,0.15,0.1
6633,6633,Niederwinkling,BY,Bayern,0.15,0.15,0.1,0.15,0.1
6634,6634,Niederwörresbach,RP,Rheinland-pfalz,0.15,0.15,0.1,0.15,0.1
6635,6635,Niederzier,NW,Nordrhein-westfalen,0.15,0.15,0.1,0.15,0.1
6636,6636,Niederzimmern,TH,Thüringen,0.15,0.15,0.1,0.15,0.1
6637,6637,Niederzissen,RP,Rheinland-pfalz,0.15,0.15,0.1,0.15,0.1
6638,6638,Niederöfflingen,RP,Rheinland-pfalz,0.15,0.15,0.1,0.15,0.1
6639,6639,Niefern-Öschelbronn,BW,Baden-württemberg,0.15,0.15,0.1,0.15,0.1
6640,6640,Nieheim,NW,Nordrhein-westfalen,0.15,0.15,0.1,0.15,0.1
6641,6641,Niehl,RP,Rheinland-pfalz,0.15,0.15,0.1,0.15,0.1
6642,6642,Niemberg,ST,Sachsen-anhalt,0.15,0.15,0.1,0.15,0.1
6643,6643,Niemegk,BB,Brandenburg,0.15,0.15,0.1,0.15,0.1
6644,6644,Nienborstel,SH,Schleswig-holstein,0.15,0.15,0.1,0.15,0.1
6645,6645,Nienburg,NI,Niedersachsen,0.15,0.15,0.1,0.15,0.1
6646,6646,Nienbüttel,SH,Schleswig-holstein,0.15,0.15,0.1,0.15,0.1
6647,6647,Nienhagen,NI,Niedersachsen,0.15,0.15,0.1,0.15,0.1
6648,6648,Nienhagen,MV,Mecklenburg-vorpommern,0.15,0.15,0.1,0.15,0.1
6649,6649,Nienstädt,NI,Niedersachsen,0.15,0.15,0.1,0.15,0.1
6650,6650,Nienwohld,SH,Schleswig-holstein,0.15,0.15,0.1,0.15,0.1
6651,6651,Niepars,MV,Mecklenburg-vorpommern,0.15,0.15,0.1,0.15,0.1
6652,6652,Niersbach,RP,Rheinland-pfalz,0.15,0.15,0.1,0.15,0.1
6653,6653,Nierstein,RP,Rheinland-pfalz,0.15,0.15,0.1,0.15,0.1
6654,6654,Niesgrau,SH,Schleswig-holstein,0.15,0.15,0.1,0.15,0.1
6655,6655,Niesky,SN,Sachsen,0.15,0.15,0.1,0.15,0.1
6656,6656,Nieste,HE,Hessen,0.15,0.15,0.1,0.15,0.1
6657,6657,Nievern,RP,Rheinland-pfalz,0.15,0.15,0.1,0.15,0.1
6658,6658,Nimritz,TH,Thüringen,0.15,0.15,0.1,0.15,0.1
6659,6659,Nimshuscheid,RP,Rheinland-pfalz,0.15,0.15,0.1,0.15,0.1
6660,6660,Nimsreuland,RP,Rheinland-pfalz,0.15,0.15,0.1,0.15,0.1
6661,6661,Nindorf,SH,Schleswig-holstein,0.15,0.15,0.1,0.15,0.1
6662,6662,Nirmsdorf,TH,Thüringen,0.15,0.15,0.1,0.15,0.1
6663,6663,Nister,RP,Rheinland-pfalz,0.15,0.15,0.1,0.15,0.1
6664,6664,Nisterberg,RP,Rheinland-pfalz,0.15,0.15,0.1,0.15,0.1
6665,6665,Nittel,RP,Rheinland-pfalz,0.15,0.15,0.1,0.15,0.1
6666,6666,Nittenau,BY,Bayern,0.15,0.15,0.1,0.15,0.1
6667,6667,Nittendorf,BY,Bayern,0.15,0.15,0.1,0.15,0.1
6668,6668,Nitz,RP,Rheinland-pfalz,0.15,0.15,0.1,0.15,0.1
6669,6669,Nobitz,TH,Thüringen,0.15,0.15,0.1,0.15,0.1
6670,6670,Nochern,RP,Rheinland-pfalz,0.15,0.15,0.1,0.15,0.1
6671,6671,Noer,SH,Schleswig-holstein,0.15,0.15,0.1,0.15,0.1
6672,6672,Nohen,RP,Rheinland-pfalz,0.15,0.15,0.1,0.15,0.1
6673,6673,Nohfelden,SL,Saarland,0.15,0.15,0.1,0.15,0.1
6674,6674,Nohn,RP,Rheinland-pfalz,0.15,0.15,0.1,0.15,0.1
6675,6675,Nohra,TH,Thüringen,0.15,0.15,0.1,0.15,0.1
6676,6676,Nomborn,RP,Rheinland-pfalz,0.15,0.15,0.1,0.15,0.1
6677,6677,Nonnenhorn,BY,Bayern,0.15,0.15,0.1,0.15,0.1
6678,6678,Nonnewitz,ST,Sachsen-anhalt,0.15,0.15,0.1,0.15,0.1
6679,6679,Nonnweiler,SL,Saarland,0.15,0.15,0.1,0.15,0.1
6680,6680,Norath,RP,Rheinland-pfalz,0.15,0.15,0.1,0.15,0.1
6681,6681,Norddeich,SH,Schleswig-holstein,0.15,0.15,0.1,0.15,0.1
6682,6682,Norddeich,NI,Niedersachsen,0.15,0.15,0.1,0.15,0.1
6683,6683,Norddorf,SH,Schleswig-holstein,0.15,0.15,0.1,0.15,0.1
6684,6684,Norden,NI,Niedersachsen,0.15,0.15,0.1,0.15,0.1
6685,6685,Nordendorf,BY,Bayern,0.15,0.15,0.1,0.15,0.1
6686,6686,Nordenham,NI,Niedersachsen,0.15,0.15,0.1,0.15,0.1
6687,6687,Norderbrarup,SH,Schleswig-holstein,0.15,0.15,0.1,0.15,0.1
6688,6688,Norderheistedt,SH,Schleswig-holstein,0.15,0.15,0.1,0.15,0.1
6689,6689,Norderney,NI,Niedersachsen,0.15,0.15,0.1,0.15,0.1
6690,6690,Norderstapel,SH,Schleswig-holstein,0.15,0.15,0.1,0.15,0.1
6691,6691,Norderstedt,SH,Schleswig-holstein,0.15,0.15,0.1,0.15,0.1
6692,6692,Norderwöhrden,SH,Schleswig-holstein,0.15,0.15,0.1,0.15,0.1
6693,6693,Nordgermersleben,ST,Sachsen-anhalt,0.15,0.15,0.1,0.15,0.1
6694,6694,Nordhackstedt,SH,Schleswig-holstein,0.15,0.15,0.1,0.15,0.1
6695,6695,Nordhalben,BY,Bayern,0.15,0.15,0.1,0.15,0.1
6696,6696,Nordhastedt,SH,Schleswig-holstein,0.15,0.15,0.1,0.15,0.1
6697,6697,Nordhausen,TH,Thüringen,0.15,0.15,0.1,0.15,0.1
6698,6698,Nordheim,BW,Baden-württemberg,0.15,0.15,0.1,0.15,0.1
6699,6699,Nordheim,BY,Bayern,0.15,0.15,0.1,0.15,0.1
6700,6700,Nordhofen,RP,Rheinland-pfalz,0.15,0.15,0.1,0.15,0.1
6701,6701,Nordholz,NI,Niedersachsen,0.15,0.15,0.1,0.15,0.1
6702,6702,Nordhorn,NI,Niedersachsen,0.15,0.15,0.1,0.15,0.1
6703,6703,Nordkirchen,NW,Nordrhein-westfalen,0.15,0.15,0.1,0.15,0.1
6704,6704,Nordleda,NI,Niedersachsen,0.15,0.15,0.1,0.15,0.1
6705,6705,Nordrach,BW,Baden-württemberg,0.15,0.15,0.1,0.15,0.1
6706,6706,Nordsehl,NI,Niedersachsen,0.15,0.15,0.1,0.15,0.1
6707,6707,Nordstemmen,NI,Niedersachsen,0.15,0.15,0.1,0.15,0.1
6708,6708,Nordwalde,NW,Nordrhein-westfalen,0.15,0.15,0.1,0.15,0.1
6709,6709,Norheim,RP,Rheinland-pfalz,0.15,0.15,0.1,0.15,0.1
6710,6710,Norken,RP,Rheinland-pfalz,0.15,0.15,0.1,0.15,0.1
6711,6711,Norstedt,SH,Schleswig-holstein,0.15,0.15,0.1,0.15,0.1
6712,6712,Northeim,NI,Niedersachsen,0.15,0.15,0.1,0.15,0.1
6713,6713,Nortmoor,NI,Niedersachsen,0.15,0.15,0.1,0.15,0.1
6714,6714,Nortorf,SH,Schleswig-holstein,0.15,0.15,0.1,0.15,0.1
6715,6715,Nortrup,NI,Niedersachsen,0.15,0.15,0.1,0.15,0.1
6716,6716,Nossen,SN,Sachsen,0.15,0.15,0.1,0.15,0.1
6717,6717,Nossendorf,MV,Mecklenburg-vorpommern,0.15,0.15,0.1,0.15,0.1
6718,6718,Nossentiner Hütte,MV,Mecklenburg-vorpommern,0.15,0.15,0.1,0.15,0.1
6719,6719,Nostorf,MV,Mecklenburg-vorpommern,0.15,0.15,0.1,0.15,0.1
6720,6720,Nothweiler,RP,Rheinland-pfalz,0.15,0.15,0.1,0.15,0.1
6721,6721,Nottensdorf,NI,Niedersachsen,0.15,0.15,0.1,0.15,0.1
6722,6722,Nottfeld,SH,Schleswig-holstein,0.15,0.15,0.1,0.15,0.1
6723,6723,Nottleben,TH,Thüringen,0.15,0.15,0.1,0.15,0.1
6724,6724,Nottuln,NW,Nordrhein-westfalen,0.15,0.15,0.1,0.15,0.1
6725,6725,Notzingen,BW,Baden-württemberg,0.15,0.15,0.1,0.15,0.1
6726,6726,Nudersdorf,ST,Sachsen-anhalt,0.15,0.15,0.1,0.15,0.1
6727,6727,Nufringen,BW,Baden-württemberg,0.15,0.15,0.1,0.15,0.1
6728,6728,Nusbaum,RP,Rheinland-pfalz,0.15,0.15,0.1,0.15,0.1
6729,6729,Nusplingen,BW,Baden-württemberg,0.15,0.15,0.1,0.15,0.1
6730,6730,Nusse,SH,Schleswig-holstein,0.15,0.15,0.1,0.15,0.1
6731,6731,Nutteln,SH,Schleswig-holstein,0.15,0.15,0.1,0.15,0.1
6732,6732,Nußbach,RP,Rheinland-pfalz,0.15,0.15,0.1,0.15,0.1
6733,6733,Nußbaum,RP,Rheinland-pfalz,0.15,0.15,0.1,0.15,0.1
6734,6734,Nußdorf,BY,Bayern,0.15,0.15,0.1,0.15,0.1
6735,6735,Nußdorf am Inn,BY,Bayern,0.15,0.15,0.1,0.15,0.1
6736,6736,Nußloch,BW,Baden-württemberg,0.15,0.15,0.1,0.15,0.1
6737,6737,Nöbdenitz,TH,Thüringen,0.15,0.15,0.1,0.15,0.1
6738,6738,Nöda,TH,Thüringen,0.15,0.15,0.1,0.15,0.1
6739,6739,Nördlingen,BY,Bayern,0.15,0.15,0.1,0.15,0.1
6740,6740,Nörten-Hardenberg,NI,Niedersachsen,0.15,0.15,0.1,0.15,0.1
6741,6741,Nörtershausen,RP,Rheinland-pfalz,0.15,0.15,0.1,0.15,0.1
6742,6742,Nörvenich,NW,Nordrhein-westfalen,0.15,0.15,0.1,0.15,0.1
6743,6743,Nübbel,SH,Schleswig-holstein,0.15,0.15,0.1,0.15,0.1
6744,6744,Nübel,SH,Schleswig-holstein,0.15,0.15,0.1,0.15,0.1
6745,6745,Nüdlingen,BY,Bayern,0.15,0.15,0.1,0.15,0.1
6746,6746,Nümbrecht,NW,Nordrhein-westfalen,0.15,0.15,0.1,0.15,0.1
6747,6747,Nünchritz,SN,Sachsen,0.15,0.15,0.1,0.15,0.1
6748,6748,Nünschweiler,RP,Rheinland-pfalz,0.15,0.15,0.1,0.15,0.1
6749,6749,Nürburg,RP,Rheinland-pfalz,0.15,0.15,0.1,0.15,0.1
6750,6750,Nürnberg,BY,Bayern,0.15,0.15,0.1,0.15,0.1
6751,6751,Nürtingen,BW,Baden-württemberg,0.15,0.15,0.1,0.15,0.1
6752,6752,Nützen,SH,Schleswig-holstein,0.15,0.15,0.1,0.15,0.1
6753,6753,Ober Kostenz,RP,Rheinland-pfalz,0.15,0.15,0.1,0.15,0.1
6754,6754,Ober-Flörsheim,RP,Rheinland-pfalz,0.15,0.15,0.1,0.15,0.1
6755,6755,Ober-Hilbersheim,RP,Rheinland-pfalz,0.15,0.15,0.1,0.15,0.1
6756,6756,Ober-Mörlen,HE,Hessen,0.15,0.15,0.1,0.15,0.1
6757,6757,Ober-Olm,RP,Rheinland-pfalz,0.15,0.15,0.1,0.15,0.1
6758,6758,Ober-Ramstadt,HE,Hessen,0.15,0.15,0.1,0.15,0.1
6759,6759,Oberahr,RP,Rheinland-pfalz,0.15,0.15,0.1,0.15,0.1
6760,6760,Oberalben,RP,Rheinland-pfalz,0.15,0.15,0.1,0.15,0.1
6761,6761,Oberammergau,BY,Bayern,0.15,0.15,0.1,0.15,0.1
6762,6762,Oberarnbach,RP,Rheinland-pfalz,0.15,0.15,0.1,0.15,0.1
6763,6763,Oberasbach,BY,Bayern,0.15,0.15,0.1,0.15,0.1
6764,6764,Oberau,BY,Bayern,0.15,0.15,0.1,0.15,0.1
6765,6765,Oberaudorf,BY,Bayern,0.15,0.15,0.1,0.15,0.1
6766,6766,Oberaula,HE,Hessen,0.15,0.15,0.1,0.15,0.1
6767,6767,Oberbachheim,RP,Rheinland-pfalz,0.15,0.15,0.1,0.15,0.1
6768,6768,Oberbergkirchen,BY,Bayern,0.15,0.15,0.1,0.15,0.1
6769,6769,Oberbettingen,RP,Rheinland-pfalz,0.15,0.15,0.1,0.15,0.1
6770,6770,Oberbillig,RP,Rheinland-pfalz,0.15,0.15,0.1,0.15,0.1
6771,6771,Oberbodnitz,TH,Thüringen,0.15,0.15,0.1,0.15,0.1
6772,6772,Oberboihingen,BW,Baden-württemberg,0.15,0.15,0.1,0.15,0.1
6773,6773,Oberbrombach,RP,Rheinland-pfalz,0.15,0.15,0.1,0.15,0.1
6774,6774,Oberbösa,TH,Thüringen,0.15,0.15,0.1,0.15,0.1
6775,6775,Obercunnersdorf,SN,Sachsen,0.15,0.15,0.1,0.15,0.1
6776,6776,Oberdachstetten,BY,Bayern,0.15,0.15,0.1,0.15,0.1
6777,6777,Oberderdingen,BW,Baden-württemberg,0.15,0.15,0.1,0.15,0.1
6778,6778,Oberdiebach,RP,Rheinland-pfalz,0.15,0.15,0.1,0.15,0.1
6779,6779,Oberding,BY,Bayern,0.15,0.15,0.1,0.15,0.1
6780,6780,Oberdischingen,BW,Baden-württemberg,0.15,0.15,0.1,0.15,0.1
6781,6781,Oberdolling,BY,Bayern,0.15,0.15,0.1,0.15,0.1
6782,6782,Oberdorla,TH,Thüringen,0.15,0.15,0.1,0.15,0.1
6783,6783,Oberdreis,RP,Rheinland-pfalz,0.15,0.15,0.1,0.15,0.1
6784,6784,Oberdürenbach,RP,Rheinland-pfalz,0.15,0.15,0.1,0.15,0.1
6785,6785,Oberehe-Stroheich,RP,Rheinland-pfalz,0.15,0.15,0.1,0.15,0.1
6786,6786,Oberelbert,RP,Rheinland-pfalz,0.15,0.15,0.1,0.15,0.1
6787,6787,Oberellen,TH,Thüringen,0.15,0.15,0.1,0.15,0.1
6788,6788,Oberelsbach,BY,Bayern,0.15,0.15,0.1,0.15,0.1
6789,6789,Oberelz,RP,Rheinland-pfalz,0.15,0.15,0.1,0.15,0.1
6790,6790,Obererbach,RP,Rheinland-pfalz,0.15,0.15,0.1,0.15,0.1
6791,6791,Oberfell,RP,Rheinland-pfalz,0.15,0.15,0.1,0.15,0.1
6792,6792,Oberfischbach,RP,Rheinland-pfalz,0.15,0.15,0.1,0.15,0.1
6793,6793,Obergebra,TH,Thüringen,0.15,0.15,0.1,0.15,0.1
6794,6794,Obergeckler,RP,Rheinland-pfalz,0.15,0.15,0.1,0.15,0.1
6795,6795,Obergriesbach,BY,Bayern,0.15,0.15,0.1,0.15,0.1
6796,6796,Obergröningen,BW,Baden-württemberg,0.15,0.15,0.1,0.15,0.1
6797,6797,Obergurig,SN,Sachsen,0.15,0.15,0.1,0.15,0.1
6798,6798,Obergünzburg,BY,Bayern,0.15,0.15,0.1,0.15,0.1
6799,6799,Oberhaching,BY,Bayern,0.15,0.15,0.1,0.15,0.1
6800,6800,Oberhaid,BY,Bayern,0.15,0.15,0.1,0.15,0.1
6801,6801,Oberhain,TH,Thüringen,0.15,0.15,0.1,0.15,0.1
6802,6802,Oberhambach,RP,Rheinland-pfalz,0.15,0.15,0.1,0.15,0.1
6803,6803,Oberharmersbach,BW,Baden-württemberg,0.15,0.15,0.1,0.15,0.1
6804,6804,Oberhausen,BY,Bayern,0.15,0.15,0.1,0.15,0.1
6805,6805,Oberhausen,RP,Rheinland-pfalz,0.15,0.15,0.1,0.15,0.1
6806,6806,Oberhausen,NW,Nordrhein-westfalen,0.15,0.15,0.1,0.15,0.1
6807,6807,Oberhausen an der Appel,RP,Rheinland-pfalz,0.15,0.15,0.1,0.15,0.1
6808,6808,Oberhausen-Rheinhausen,BW,Baden-württemberg,0.15,0.15,0.1,0.15,0.1
6809,6809,Oberheimbach,RP,Rheinland-pfalz,0.15,0.15,0.1,0.15,0.1
6810,6810,Oberheldrungen,TH,Thüringen,0.15,0.15,0.1,0.15,0.1
6811,6811,Oberhof,TH,Thüringen,0.15,0.15,0.1,0.15,0.1
6812,6812,Oberhonnefeld-Gierend,RP,Rheinland-pfalz,0.15,0.15,0.1,0.15,0.1
6813,6813,Oberhosenbach,RP,Rheinland-pfalz,0.15,0.15,0.1,0.15,0.1
6814,6814,Oberickelsheim,BY,Bayern,0.15,0.15,0.1,0.15,0.1
6815,6815,Oberirsen,RP,Rheinland-pfalz,0.15,0.15,0.1,0.15,0.1
6816,6816,Oberkail,RP,Rheinland-pfalz,0.15,0.15,0.1,0.15,0.1
6817,6817,Oberkatz,TH,Thüringen,0.15,0.15,0.1,0.15,0.1
6818,6818,Oberkirch,BW,Baden-württemberg,0.15,0.15,0.1,0.15,0.1
6819,6819,Oberkirn,RP,Rheinland-pfalz,0.15,0.15,0.1,0.15,0.1
6820,6820,Oberkochen,BW,Baden-württemberg,0.15,0.15,0.1,0.15,0.1
6821,6821,Oberkotzau,BY,Bayern,0.15,0.15,0.1,0.15,0.1
6822,6822,Oberlahr,RP,Rheinland-pfalz,0.15,0.15,0.1,0.15,0.1
6823,6823,Oberlangen,NI,Niedersachsen,0.15,0.15,0.1,0.15,0.1
6824,6824,Oberlascheid,RP,Rheinland-pfalz,0.15,0.15,0.1,0.15,0.1
6825,6825,Oberlauch,RP,Rheinland-pfalz,0.15,0.15,0.1,0.15,0.1
6826,6826,Oberleichtersbach,BY,Bayern,0.15,0.15,0.1,0.15,0.1
6827,6827,Oberlichtenau,SN,Sachsen,0.15,0.15,0.1,0.15,0.1
6828,6828,Oberlungwitz,SN,Sachsen,0.15,0.15,0.1,0.15,0.1
6829,6829,Obermaiselstein,BY,Bayern,0.15,0.15,0.1,0.15,0.1
6830,6830,Obermarchtal,BW,Baden-württemberg,0.15,0.15,0.1,0.15,0.1
6831,6831,Obermaßfeld-Grimmenthal,TH,Thüringen,0.15,0.15,0.1,0.15,0.1
6832,6832,Obermehler,TH,Thüringen,0.15,0.15,0.1,0.15,0.1
6833,6833,Obermeitingen,BY,Bayern,0.15,0.15,0.1,0.15,0.1
6834,6834,Obermichelbach,BY,Bayern,0.15,0.15,0.1,0.15,0.1
6835,6835,Obermoschel,RP,Rheinland-pfalz,0.15,0.15,0.1,0.15,0.1
6836,6836,Obernau,RP,Rheinland-pfalz,0.15,0.15,0.1,0.15,0.1
6837,6837,Obernbreit,BY,Bayern,0.15,0.15,0.1,0.15,0.1
6838,6838,Obernburg am Main,BY,Bayern,0.15,0.15,0.1,0.15,0.1
6839,6839,Oberndorf,NI,Niedersachsen,0.15,0.15,0.1,0.15,0.1
6840,6840,Oberndorf,RP,Rheinland-pfalz,0.15,0.15,0.1,0.15,0.1
6841,6841,Oberndorf,BW,Baden-württemberg,0.15,0.15,0.1,0.15,0.1
6842,6842,Oberndorf,BY,Bayern,0.15,0.15,0.1,0.15,0.1
6843,6843,Oberneisen,RP,Rheinland-pfalz,0.15,0.15,0.1,0.15,0.1
6844,6844,Oberneukirchen,BY,Bayern,0.15,0.15,0.1,0.15,0.1
6845,6845,Obernfeld,NI,Niedersachsen,0.15,0.15,0.1,0.15,0.1
6846,6846,Obernheim,BW,Baden-württemberg,0.15,0.15,0.1,0.15,0.1
6847,6847,Obernheim-Kirchenarnbach,RP,Rheinland-pfalz,0.15,0.15,0.1,0.15,0.1
6848,6848,Obernhof,RP,Rheinland-pfalz,0.15,0.15,0.1,0.15,0.1
6849,6849,Obernholz,NI,Niedersachsen,0.15,0.15,0.1,0.15,0.1
6850,6850,Obernkirchen,NI,Niedersachsen,0.15,0.15,0.1,0.15,0.1
6851,6851,Obernzell,BY,Bayern,0.15,0.15,0.1,0.15,0.1
6852,6852,Obernzenn,BY,Bayern,0.15,0.15,0.1,0.15,0.1
6853,6853,Oberoppurg,TH,Thüringen,0.15,0.15,0.1,0.15,0.1
6854,6854,Oberostendorf,BY,Bayern,0.15,0.15,0.1,0.15,0.1
6855,6855,Oberotterbach,RP,Rheinland-pfalz,0.15,0.15,0.1,0.15,0.1
6856,6856,Oberottmarshausen,BY,Bayern,0.15,0.15,0.1,0.15,0.1
6857,6857,Oberpframmern,BY,Bayern,0.15,0.15,0.1,0.15,0.1
6858,6858,Oberpierscheid,RP,Rheinland-pfalz,0.15,0.15,0.1,0.15,0.1
6859,6859,Oberpleichfeld,BY,Bayern,0.15,0.15,0.1,0.15,0.1
6860,6860,Oberpöring,BY,Bayern,0.15,0.15,0.1,0.15,0.1
6861,6861,Oberraden,RP,Rheinland-pfalz,0.15,0.15,0.1,0.15,0.1
6862,6862,Oberreichenbach,BY,Bayern,0.15,0.15,0.1,0.15,0.1
6863,6863,Oberreichenbach,BW,Baden-württemberg,0.15,0.15,0.1,0.15,0.1
6864,6864,Oberreidenbach,RP,Rheinland-pfalz,0.15,0.15,0.1,0.15,0.1
6865,6865,Oberreißen,TH,Thüringen,0.15,0.15,0.1,0.15,0.1
6866,6866,Oberreute,BY,Bayern,0.15,0.15,0.1,0.15,0.1
6867,6867,Oberried,BW,Baden-württemberg,0.15,0.15,0.1,0.15,0.1
6868,6868,Oberrieden,BY,Bayern,0.15,0.15,0.1,0.15,0.1
6869,6869,Oberriexingen,BW,Baden-württemberg,0.15,0.15,0.1,0.15,0.1
6870,6870,Oberrod,RP,Rheinland-pfalz,0.15,0.15,0.1,0.15,0.1
6871,6871,Oberrot,BW,Baden-württemberg,0.15,0.15,0.1,0.15,0.1
6872,6872,Oberroth,BY,Bayern,0.15,0.15,0.1,0.15,0.1
6873,6873,Oberroßbach,RP,Rheinland-pfalz,0.15,0.15,0.1,0.15,0.1
6874,6874,Oberröblingen,ST,Sachsen-anhalt,0.15,0.15,0.1,0.15,0.1
6875,6875,Oberscheidweiler,RP,Rheinland-pfalz,0.15,0.15,0.1,0.15,0.1
6876,6876,Oberscheinfeld,BY,Bayern,0.15,0.15,0.1,0.15,0.1
6877,6877,Oberschleißheim,BY,Bayern,0.15,0.15,0.1,0.15,0.1
6878,6878,Oberschlettenbach,RP,Rheinland-pfalz,0.15,0.15,0.1,0.15,0.1
6879,6879,Oberschneiding,BY,Bayern,0.15,0.15,0.1,0.15,0.1
6880,6880,Oberschwarzach,BY,Bayern,0.15,0.15,0.1,0.15,0.1
6881,6881,Oberschweinbach,BY,Bayern,0.15,0.15,0.1,0.15,0.1
6882,6882,Oberschöna,SN,Sachsen,0.15,0.15,0.1,0.15,0.1
6883,6883,Oberschönau,TH,Thüringen,0.15,0.15,0.1,0.15,0.1
6884,6884,Oberschönegg,BY,Bayern,0.15,0.15,0.1,0.15,0.1
6885,6885,Obersdorf,ST,Sachsen-anhalt,0.15,0.15,0.1,0.15,0.1
6886,6886,Obersimten,RP,Rheinland-pfalz,0.15,0.15,0.1,0.15,0.1
6887,6887,Obersinn,BY,Bayern,0.15,0.15,0.1,0.15,0.1
6888,6888,Obersontheim,BW,Baden-württemberg,0.15,0.15,0.1,0.15,0.1
6889,6889,Oberstadion,BW,Baden-württemberg,0.15,0.15,0.1,0.15,0.1
6890,6890,Oberstadt,TH,Thüringen,0.15,0.15,0.1,0.15,0.1
6891,6891,Oberstadtfeld,RP,Rheinland-pfalz,0.15,0.15,0.1,0.15,0.1
6892,6892,Oberstaufen,BY,Bayern,0.15,0.15,0.1,0.15,0.1
6893,6893,Oberstaufenbach,RP,Rheinland-pfalz,0.15,0.15,0.1,0.15,0.1
6894,6894,Oberstdorf,BY,Bayern,0.15,0.15,0.1,0.15,0.1
6895,6895,Oberstedem,RP,Rheinland-pfalz,0.15,0.15,0.1,0.15,0.1
6896,6896,Obersteinebach,RP,Rheinland-pfalz,0.15,0.15,0.1,0.15,0.1
6897,6897,Oberstenfeld,BW,Baden-württemberg,0.15,0.15,0.1,0.15,0.1
6898,6898,Oberstreit,RP,Rheinland-pfalz,0.15,0.15,0.1,0.15,0.1
6899,6899,Oberstreu,BY,Bayern,0.15,0.15,0.1,0.15,0.1
6900,6900,Obersöchering,BY,Bayern,0.15,0.15,0.1,0.15,0.1
6901,6901,Obersülzen,RP,Rheinland-pfalz,0.15,0.15,0.1,0.15,0.1
6902,6902,Obersüßbach,BY,Bayern,0.15,0.15,0.1,0.15,0.1
6903,6903,Obertaufkirchen,BY,Bayern,0.15,0.15,0.1,0.15,0.1
6904,6904,Oberteuringen,BW,Baden-württemberg,0.15,0.15,0.1,0.15,0.1
6905,6905,Oberthal,SL,Saarland,0.15,0.15,0.1,0.15,0.1
6906,6906,Oberthulba,BY,Bayern,0.15,0.15,0.1,0.15,0.1
6907,6907,Obertiefenbach,RP,Rheinland-pfalz,0.15,0.15,0.1,0.15,0.1
6908,6908,Obertraubling,BY,Bayern,0.15,0.15,0.1,0.15,0.1
6909,6909,Obertrubach,BY,Bayern,0.15,0.15,0.1,0.15,0.1
6910,6910,Obertshausen,HE,Hessen,0.15,0.15,0.1,0.15,0.1
6911,6911,Oberursel,HE,Hessen,0.15,0.15,0.1,0.15,0.1
6912,6912,Oberviechtach,BY,Bayern,0.15,0.15,0.1,0.15,0.1
6913,6913,Oberwallmenach,RP,Rheinland-pfalz,0.15,0.15,0.1,0.15,0.1
6914,6914,Oberwambach,RP,Rheinland-pfalz,0.15,0.15,0.1,0.15,0.1
6915,6915,Oberweid,TH,Thüringen,0.15,0.15,0.1,0.15,0.1
6916,6916,Oberweiler,RP,Rheinland-pfalz,0.15,0.15,0.1,0.15,0.1
6917,6917,Oberweiler im Tal,RP,Rheinland-pfalz,0.15,0.15,0.1,0.15,0.1
6918,6918,Oberweiler-Tiefenbach,RP,Rheinland-pfalz,0.15,0.15,0.1,0.15,0.1
6919,6919,Oberweis,RP,Rheinland-pfalz,0.15,0.15,0.1,0.15,0.1
6920,6920,Oberweißbach,TH,Thüringen,0.15,0.15,0.1,0.15,0.1
6921,6921,Oberwesel,RP,Rheinland-pfalz,0.15,0.15,0.1,0.15,0.1
6922,6922,Oberwiera,SN,Sachsen,0.15,0.15,0.1,0.15,0.1
6923,6923,Oberwies,RP,Rheinland-pfalz,0.15,0.15,0.1,0.15,0.1
6924,6924,Oberwiesen,RP,Rheinland-pfalz,0.15,0.15,0.1,0.15,0.1
6925,6925,Oberwolfach,BW,Baden-württemberg,0.15,0.15,0.1,0.15,0.1
6926,6926,Oberwörresbach,RP,Rheinland-pfalz,0.15,0.15,0.1,0.15,0.1
6927,6927,Oberzissen,RP,Rheinland-pfalz,0.15,0.15,0.1,0.15,0.1
6928,6928,Oberöfflingen,RP,Rheinland-pfalz,0.15,0.15,0.1,0.15,0.1
6929,6929,Obhausen,ST,Sachsen-anhalt,0.15,0.15,0.1,0.15,0.1
6930,6930,Obing,BY,Bayern,0.15,0.15,0.1,0.15,0.1
6931,6931,Obrigheim,BW,Baden-württemberg,0.15,0.15,0.1,0.15,0.1
6932,6932,Obrigheim,RP,Rheinland-pfalz,0.15,0.15,0.1,0.15,0.1
6933,6933,Ochsenfurt,BY,Bayern,0.15,0.15,0.1,0.15,0.1
6934,6934,Ochsenhausen,BW,Baden-württemberg,0.15,0.15,0.1,0.15,0.1
6935,6935,Ochtendung,RP,Rheinland-pfalz,0.15,0.15,0.1,0.15,0.1
6936,6936,Ochtmersleben,ST,Sachsen-anhalt,0.15,0.15,0.1,0.15,0.1
6937,6937,Ochtrup,NW,Nordrhein-westfalen,0.15,0.15,0.1,0.15,0.1
6938,6938,Ockenfels,RP,Rheinland-pfalz,0.15,0.15,0.1,0.15,0.1
6939,6939,Ockenheim,RP,Rheinland-pfalz,0.15,0.15,0.1,0.15,0.1
6940,6940,Ockfen,RP,Rheinland-pfalz,0.15,0.15,0.1,0.15,0.1
6941,6941,Ockholm,SH,Schleswig-holstein,0.15,0.15,0.1,0.15,0.1
6942,6942,Odderade,SH,Schleswig-holstein,0.15,0.15,0.1,0.15,0.1
6943,6943,Odelzhausen,BY,Bayern,0.15,0.15,0.1,0.15,0.1
6944,6944,Odenbach,RP,Rheinland-pfalz,0.15,0.15,0.1,0.15,0.1
6945,6945,Odenthal,NW,Nordrhein-westfalen,0.15,0.15,0.1,0.15,0.1
6946,6946,Oderberg,BB,Brandenburg,0.15,0.15,0.1,0.15,0.1
6947,6947,Odernheim,RP,Rheinland-pfalz,0.15,0.15,0.1,0.15,0.1
6948,6948,Odisheim,NI,Niedersachsen,0.15,0.15,0.1,0.15,0.1
6949,6949,Oebisfelde,ST,Sachsen-anhalt,0.15,0.15,0.1,0.15,0.1
6950,6950,Oechsen,TH,Thüringen,0.15,0.15,0.1,0.15,0.1
6951,6951,Oederan,SN,Sachsen,0.15,0.15,0.1,0.15,0.1
6952,6952,Oederquart,NI,Niedersachsen,0.15,0.15,0.1,0.15,0.1
6953,6953,Oedheim,BW,Baden-württemberg,0.15,0.15,0.1,0.15,0.1
6954,6954,Oelde,NW,Nordrhein-westfalen,0.15,0.15,0.1,0.15,0.1
6955,6955,Oelixdorf,SH,Schleswig-holstein,0.15,0.15,0.1,0.15,0.1
6956,6956,Oelsberg,RP,Rheinland-pfalz,0.15,0.15,0.1,0.15,0.1
6957,6957,Oelsnitz,SN,Sachsen,0.15,0.15,0.1,0.15,0.1
6958,6958,Oepfershausen,TH,Thüringen,0.15,0.15,0.1,0.15,0.1
6959,6959,Oer-Erkenschwick,NW,Nordrhein-westfalen,0.15,0.15,0.1,0.15,0.1
6960,6960,Oerel,NI,Niedersachsen,0.15,0.15,0.1,0.15,0.1
6961,6961,Oerlenbach,BY,Bayern,0.15,0.15,0.1,0.15,0.1
6962,6962,Oerlinghausen,NW,Nordrhein-westfalen,0.15,0.15,0.1,0.15,0.1
6963,6963,Oersberg,SH,Schleswig-holstein,0.15,0.15,0.1,0.15,0.1
6964,6964,Oersdorf,SH,Schleswig-holstein,0.15,0.15,0.1,0.15,0.1
6965,6965,Oeschebüttel,SH,Schleswig-holstein,0.15,0.15,0.1,0.15,0.1
6966,6966,Oesterdeichstrich,SH,Schleswig-holstein,0.15,0.15,0.1,0.15,0.1
6967,6967,Oesterwurth,SH,Schleswig-holstein,0.15,0.15,0.1,0.15,0.1
6968,6968,Oettern,TH,Thüringen,0.15,0.15,0.1,0.15,0.1
6969,6969,Oettersdorf,TH,Thüringen,0.15,0.15,0.1,0.15,0.1
6970,6970,Oettingen in Bayern,BY,Bayern,0.15,0.15,0.1,0.15,0.1
6971,6971,Oetzen,NI,Niedersachsen,0.15,0.15,0.1,0.15,0.1
6972,6972,Oevenum,SH,Schleswig-holstein,0.15,0.15,0.1,0.15,0.1
6973,6973,Oeversee,SH,Schleswig-holstein,0.15,0.15,0.1,0.15,0.1
6974,6974,Offenau,BW,Baden-württemberg,0.15,0.15,0.1,0.15,0.1
6975,6975,Offenbach,HE,Hessen,0.15,0.15,0.1,0.15,0.1
6976,6976,Offenbach an der Queich,RP,Rheinland-pfalz,0.15,0.15,0.1,0.15,0.1
6977,6977,Offenbach-Hundheim,RP,Rheinland-pfalz,0.15,0.15,0.1,0.15,0.1
6978,6978,Offenberg,BY,Bayern,0.15,0.15,0.1,0.15,0.1
6979,6979,Offenburg,BW,Baden-württemberg,0.15,0.15,0.1,0.15,0.1
6980,6980,Offenbüttel,SH,Schleswig-holstein,0.15,0.15,0.1,0.15,0.1
6981,6981,Offenhausen,BY,Bayern,0.15,0.15,0.1,0.15,0.1
6982,6982,Offenheim,RP,Rheinland-pfalz,0.15,0.15,0.1,0.15,0.1
6983,6983,Offingen,BY,Bayern,0.15,0.15,0.1,0.15,0.1
6984,6984,Offstein,RP,Rheinland-pfalz,0.15,0.15,0.1,0.15,0.1
6985,6985,Ofterdingen,BW,Baden-württemberg,0.15,0.15,0.1,0.15,0.1
6986,6986,Ofterschwang,BY,Bayern,0.15,0.15,0.1,0.15,0.1
6987,6987,Oftersheim,BW,Baden-württemberg,0.15,0.15,0.1,0.15,0.1
6988,6988,Oggelshausen,BW,Baden-württemberg,0.15,0.15,0.1,0.15,0.1
6989,6989,Ohlenhard,RP,Rheinland-pfalz,0.15,0.15,0.1,0.15,0.1
6990,6990,Ohlsbach,BW,Baden-württemberg,0.15,0.15,0.1,0.15,0.1
6991,6991,Ohlsdorf,HH,Hamburg,0.15,0.15,0.1,0.15,0.1
6992,6992,Ohlstadt,BY,Bayern,0.15,0.15,0.1,0.15,0.1
6993,6993,Ohlweiler,RP,Rheinland-pfalz,0.15,0.15,0.1,0.15,0.1
6994,6994,Ohmbach,RP,Rheinland-pfalz,0.15,0.15,0.1,0.15,0.1
6995,6995,Ohmden,BW,Baden-württemberg,0.15,0.15,0.1,0.15,0.1
6996,6996,Ohne,NI,Niedersachsen,0.15,0.15,0.1,0.15,0.1
6997,6997,Ohorn,SN,Sachsen,0.15,0.15,0.1,0.15,0.1
6998,6998,Ohrenbach,BY,Bayern,0.15,0.15,0.1,0.15,0.1
6999,6999,Ohrum,NI,Niedersachsen,0.15,0.15,0.1,0.15,0.1
7000,7000,Olbernhau,SN,Sachsen,0.15,0.15,0.1,0.15,0.1
7001,7001,Olbersdorf,SN,Sachsen,0.15,0.15,0.1,0.15,0.1
7002,7002,Olbersleben,TH,Thüringen,0.15,0.15,0.1,0.15,0.1
7003,7003,Olching,BY,Bayern,0.15,0.15,0.1,0.15,0.1
7004,7004,Oldenborstel,SH,Schleswig-holstein,0.15,0.15,0.1,0.15,0.1
7005,7005,Oldenburg,NI,Niedersachsen,0.15,0.15,0.1,0.15,0.1
7006,7006,Oldenburg in Holstein,SH,Schleswig-holstein,0.15,0.15,0.1,0.15,0.1
7007,7007,Oldenbüttel,SH,Schleswig-holstein,0.15,0.15,0.1,0.15,0.1
7008,7008,Oldendorf,NI,Niedersachsen,0.15,0.15,0.1,0.15,0.1
7009,7009,Oldendorf,SH,Schleswig-holstein,0.15,0.15,0.1,0.15,0.1
7010,7010,Oldenhütten,SH,Schleswig-holstein,0.15,0.15,0.1,0.15,0.1
7011,7011,Oldenswort,SH,Schleswig-holstein,0.15,0.15,0.1,0.15,0.1
7012,7012,Oldersbek,SH,Schleswig-holstein,0.15,0.15,0.1,0.15,0.1
7013,7013,Olderup,SH,Schleswig-holstein,0.15,0.15,0.1,0.15,0.1
7014,7014,Oldisleben,TH,Thüringen,0.15,0.15,0.1,0.15,0.1
7015,7015,Oldsum,SH,Schleswig-holstein,0.15,0.15,0.1,0.15,0.1
7016,7016,Olfen,NW,Nordrhein-westfalen,0.15,0.15,0.1,0.15,0.1
7017,7017,Ollendorf,TH,Thüringen,0.15,0.15,0.1,0.15,0.1
7018,7018,Ollmuth,RP,Rheinland-pfalz,0.15,0.15,0.1,0.15,0.1
7019,7019,Olmscheid,RP,Rheinland-pfalz,0.15,0.15,0.1,0.15,0.1
7020,7020,Olpe,NW,Nordrhein-westfalen,0.15,0.15,0.1,0.15,0.1
7021,7021,Olsberg,NW,Nordrhein-westfalen,0.15,0.15,0.1,0.15,0.1
7022,7022,Olsbrücken,RP,Rheinland-pfalz,0.15,0.15,0.1,0.15,0.1
7023,7023,Olsdorf,RP,Rheinland-pfalz,0.15,0.15,0.1,0.15,0.1
7024,7024,Olzheim,RP,Rheinland-pfalz,0.15,0.15,0.1,0.15,0.1
7025,7025,Onsdorf,RP,Rheinland-pfalz,0.15,0.15,0.1,0.15,0.1
7026,7026,Opfenbach,BY,Bayern,0.15,0.15,0.1,0.15,0.1
7027,7027,Oppach,SN,Sachsen,0.15,0.15,0.1,0.15,0.1
7028,7028,Oppenau,BW,Baden-württemberg,0.15,0.15,0.1,0.15,0.1
7029,7029,Oppenheim,RP,Rheinland-pfalz,0.15,0.15,0.1,0.15,0.1
7030,7030,Oppenweiler,BW,Baden-württemberg,0.15,0.15,0.1,0.15,0.1
7031,7031,Oppershausen,TH,Thüringen,0.15,0.15,0.1,0.15,0.1
7032,7032,Oppertshausen,RP,Rheinland-pfalz,0.15,0.15,0.1,0.15,0.1
7033,7033,Oppin,ST,Sachsen-anhalt,0.15,0.15,0.1,0.15,0.1
7034,7034,Oppurg,TH,Thüringen,0.15,0.15,0.1,0.15,0.1
7035,7035,Oranienbaum,ST,Sachsen-anhalt,0.15,0.15,0.1,0.15,0.1
7036,7036,Oranienburg,BB,Brandenburg,0.15,0.15,0.1,0.15,0.1
7037,7037,Orbis,RP,Rheinland-pfalz,0.15,0.15,0.1,0.15,0.1
7038,7038,Orenhofen,RP,Rheinland-pfalz,0.15,0.15,0.1,0.15,0.1
7039,7039,Orfgen,RP,Rheinland-pfalz,0.15,0.15,0.1,0.15,0.1
7040,7040,Orlamünde,TH,Thüringen,0.15,0.15,0.1,0.15,0.1
7041,7041,Orlenbach,RP,Rheinland-pfalz,0.15,0.15,0.1,0.15,0.1
7042,7042,Ormont,RP,Rheinland-pfalz,0.15,0.15,0.1,0.15,0.1
7043,7043,Ornbau,BY,Bayern,0.15,0.15,0.1,0.15,0.1
7044,7044,Orsfeld,RP,Rheinland-pfalz,0.15,0.15,0.1,0.15,0.1
7045,7045,Orsingen-Nenzingen,BW,Baden-württemberg,0.15,0.15,0.1,0.15,0.1
7046,7046,Ortenberg,BW,Baden-württemberg,0.15,0.15,0.1,0.15,0.1
7047,7047,Ortenberg,HE,Hessen,0.15,0.15,0.1,0.15,0.1
7048,7048,Ortenburg,BY,Bayern,0.15,0.15,0.1,0.15,0.1
7049,7049,Ortrand,BB,Brandenburg,0.15,0.15,0.1,0.15,0.1
7050,7050,Osann-Monzel,RP,Rheinland-pfalz,0.15,0.15,0.1,0.15,0.1
7051,7051,Osburg,RP,Rheinland-pfalz,0.15,0.15,0.1,0.15,0.1
7052,7052,Oschatz,SN,Sachsen,0.15,0.15,0.1,0.15,0.1
7053,7053,Oschersleben,ST,Sachsen-anhalt,0.15,0.15,0.1,0.15,0.1
7054,7054,Osdorf,SH,Schleswig-holstein,0.15,0.15,0.1,0.15,0.1
7055,7055,Osloß,NI,Niedersachsen,0.15,0.15,0.1,0.15,0.1
7056,7056,Osnabrück,NI,Niedersachsen,0.15,0.15,0.1,0.15,0.1
7057,7057,Ossendorf,NW,Nordrhein-westfalen,0.15,0.15,0.1,0.15,0.1
7058,7058,Ostbevern,NW,Nordrhein-westfalen,0.15,0.15,0.1,0.15,0.1
7059,7059,Osteel,NI,Niedersachsen,0.15,0.15,0.1,0.15,0.1
7060,7060,Ostelsheim,BW,Baden-württemberg,0.15,0.15,0.1,0.15,0.1
7061,7061,Osten,NI,Niedersachsen,0.15,0.15,0.1,0.15,0.1
7062,7062,Ostenfeld,SH,Schleswig-holstein,0.15,0.15,0.1,0.15,0.1
7063,7063,Oster-Ohrstedt,SH,Schleswig-holstein,0.15,0.15,0.1,0.15,0.1
7064,7064,Osterberg,BY,Bayern,0.15,0.15,0.1,0.15,0.1
7065,7065,Osterbruch,NI,Niedersachsen,0.15,0.15,0.1,0.15,0.1
7066,7066,Osterburg,ST,Sachsen-anhalt,0.15,0.15,0.1,0.15,0.1
7067,7067,Osterburken,BW,Baden-württemberg,0.15,0.15,0.1,0.15,0.1
7068,7068,Osterby,SH,Schleswig-holstein,0.15,0.15,0.1,0.15,0.1
7069,7069,Ostercappeln,NI,Niedersachsen,0.15,0.15,0.1,0.15,0.1
7070,7070,Ostereistedt,NI,Niedersachsen,0.15,0.15,0.1,0.15,0.1
7071,7071,Osterfeld,ST,Sachsen-anhalt,0.15,0.15,0.1,0.15,0.1
7072,7072,Osterhausen,ST,Sachsen-anhalt,0.15,0.15,0.1,0.15,0.1
7073,7073,Osterhever,SH,Schleswig-holstein,0.15,0.15,0.1,0.15,0.1
7074,7074,Osterhofen,BY,Bayern,0.15,0.15,0.1,0.15,0.1
7075,7075,Osterholz-Scharmbeck,NI,Niedersachsen,0.15,0.15,0.1,0.15,0.1
7076,7076,Osterhorn,SH,Schleswig-holstein,0.15,0.15,0.1,0.15,0.1
7077,7077,Osternienburg,ST,Sachsen-anhalt,0.15,0.15,0.1,0.15,0.1
7078,7078,Osterode am Harz,NI,Niedersachsen,0.15,0.15,0.1,0.15,0.1
7079,7079,Osterrade,SH,Schleswig-holstein,0.15,0.15,0.1,0.15,0.1
7080,7080,Osterrönfeld,SH,Schleswig-holstein,0.15,0.15,0.1,0.15,0.1
7081,7081,Osterspai,RP,Rheinland-pfalz,0.15,0.15,0.1,0.15,0.1
7082,7082,Osterstedt,SH,Schleswig-holstein,0.15,0.15,0.1,0.15,0.1
7083,7083,Osterwieck,ST,Sachsen-anhalt,0.15,0.15,0.1,0.15,0.1
7084,7084,Osterwohle,ST,Sachsen-anhalt,0.15,0.15,0.1,0.15,0.1
7085,7085,Osterzell,BY,Bayern,0.15,0.15,0.1,0.15,0.1
7086,7086,Ostfildern,BW,Baden-württemberg,0.15,0.15,0.1,0.15,0.1
7087,7087,Osthausen-Wülfershausen,TH,Thüringen,0.15,0.15,0.1,0.15,0.1
7088,7088,Ostheim,NW,Nordrhein-westfalen,0.15,0.15,0.1,0.15,0.1
7089,7089,Ostheim vor der Rhön,BY,Bayern,0.15,0.15,0.1,0.15,0.1
7090,7090,Osthofen,RP,Rheinland-pfalz,0.15,0.15,0.1,0.15,0.1
7091,7091,Ostochtersum,NI,Niedersachsen,0.15,0.15,0.1,0.15,0.1
7092,7092,Ostrach,BW,Baden-württemberg,0.15,0.15,0.1,0.15,0.1
7093,7093,Ostramondra,TH,Thüringen,0.15,0.15,0.1,0.15,0.1
7094,7094,Ostrau,ST,Sachsen-anhalt,0.15,0.15,0.1,0.15,0.1
7095,7095,Ostrau,SN,Sachsen,0.15,0.15,0.1,0.15,0.1
7096,7096,Ostrhauderfehn,NI,Niedersachsen,0.15,0.15,0.1,0.15,0.1
7097,7097,Ostritz,SN,Sachsen,0.15,0.15,0.1,0.15,0.1
7098,7098,Ostrohe,SH,Schleswig-holstein,0.15,0.15,0.1,0.15,0.1
7099,7099,Ostseebad Boltenhagen,MV,Mecklenburg-vorpommern,0.15,0.15,0.1,0.15,0.1
7100,7100,Oststeinbek,SH,Schleswig-holstein,0.15,0.15,0.1,0.15,0.1
7101,7101,Ottenbach,BW,Baden-württemberg,0.15,0.15,0.1,0.15,0.1
7102,7102,Ottenbüttel,SH,Schleswig-holstein,0.15,0.15,0.1,0.15,0.1
7103,7103,Ottendorf,SH,Schleswig-holstein,0.15,0.15,0.1,0.15,0.1
7104,7104,Ottendorf,TH,Thüringen,0.15,0.15,0.1,0.15,0.1
7105,7105,Ottendorf-Okrilla,SN,Sachsen,0.15,0.15,0.1,0.15,0.1
7106,7106,Ottenhofen,BY,Bayern,0.15,0.15,0.1,0.15,0.1
7107,7107,Ottenhofen,BW,Baden-württemberg,0.15,0.15,0.1,0.15,0.1
7108,7108,Ottenhöfen im Schwarzwald,BW,Baden-württemberg,0.15,0.15,0.1,0.15,0.1
7109,7109,Ottensen,HH,Hamburg,0.15,0.15,0.1,0.15,0.1
7110,7110,Ottensoos,BY,Bayern,0.15,0.15,0.1,0.15,0.1
7111,7111,Ottenstein,NI,Niedersachsen,0.15,0.15,0.1,0.15,0.1
7112,7112,Otter,NI,Niedersachsen,0.15,0.15,0.1,0.15,0.1
7113,7113,Otterbach,RP,Rheinland-pfalz,0.15,0.15,0.1,0.15,0.1
7114,7114,Otterberg,RP,Rheinland-pfalz,0.15,0.15,0.1,0.15,0.1
7115,7115,Otterfing,BY,Bayern,0.15,0.15,0.1,0.15,0.1
7116,7116,Otterndorf,NI,Niedersachsen,0.15,0.15,0.1,0.15,0.1
7117,7117,Ottersberg,NI,Niedersachsen,0.15,0.15,0.1,0.15,0.1
7118,7118,Ottersheim,RP,Rheinland-pfalz,0.15,0.15,0.1,0.15,0.1
7119,7119,Otterstadt,RP,Rheinland-pfalz,0.15,0.15,0.1,0.15,0.1
7120,7120,Ottersweier,BW,Baden-württemberg,0.15,0.15,0.1,0.15,0.1
7121,7121,Otterwisch,SN,Sachsen,0.15,0.15,0.1,0.15,0.1
7122,7122,Otting,BY,Bayern,0.15,0.15,0.1,0.15,0.1
7123,7123,Ottobeuren,BY,Bayern,0.15,0.15,0.1,0.15,0.1
7124,7124,Ottobrunn,BY,Bayern,0.15,0.15,0.1,0.15,0.1
7125,7125,Ottrau,HE,Hessen,0.15,0.15,0.1,0.15,0.1
7126,7126,Ottweiler,SL,Saarland,0.15,0.15,0.1,0.15,0.1
7127,7127,Otzing,BY,Bayern,0.15,0.15,0.1,0.15,0.1
7128,7128,Otzweiler,RP,Rheinland-pfalz,0.15,0.15,0.1,0.15,0.1
7129,7129,Ovelgönne,NI,Niedersachsen,0.15,0.15,0.1,0.15,0.1
7130,7130,Overath,NW,Nordrhein-westfalen,0.15,0.15,0.1,0.15,0.1
7131,7131,Owen,BW,Baden-württemberg,0.15,0.15,0.1,0.15,0.1
7132,7132,Owingen,BW,Baden-württemberg,0.15,0.15,0.1,0.15,0.1
7133,7133,Owschlag,SH,Schleswig-holstein,0.15,0.15,0.1,0.15,0.1
7134,7134,Oy-Mittelberg,BY,Bayern,0.15,0.15,0.1,0.15,0.1
7135,7135,Oyten,NI,Niedersachsen,0.15,0.15,0.1,0.15,0.1
7136,7136,Oßling,SN,Sachsen,0.15,0.15,0.1,0.15,0.1
7137,7137,Padenstedt,SH,Schleswig-holstein,0.15,0.15,0.1,0.15,0.1
7138,7138,Paderborn,NW,Nordrhein-westfalen,0.15,0.15,0.1,0.15,0.1
7139,7139,Padingbüttel,NI,Niedersachsen,0.15,0.15,0.1,0.15,0.1
7140,7140,Pahlen,SH,Schleswig-holstein,0.15,0.15,0.1,0.15,0.1
7141,7141,Painten,BY,Bayern,0.15,0.15,0.1,0.15,0.1
7142,7142,Paitzdorf,TH,Thüringen,0.15,0.15,0.1,0.15,0.1
7143,7143,Palling,BY,Bayern,0.15,0.15,0.1,0.15,0.1
7144,7144,Palzem,RP,Rheinland-pfalz,0.15,0.15,0.1,0.15,0.1
7145,7145,Pampow,MV,Mecklenburg-vorpommern,0.15,0.15,0.1,0.15,0.1
7146,7146,Panker,SH,Schleswig-holstein,0.15,0.15,0.1,0.15,0.1
7147,7147,Pankow,BE,Berlin,0.15,0.15,0.1,0.15,0.1
7148,7148,Panschwitz-Kuckau,SN,Sachsen,0.15,0.15,0.1,0.15,0.1
7149,7149,Pantelitz,MV,Mecklenburg-vorpommern,0.15,0.15,0.1,0.15,0.1
7150,7150,Panten,SH,Schleswig-holstein,0.15,0.15,0.1,0.15,0.1
7151,7151,Pantenburg,RP,Rheinland-pfalz,0.15,0.15,0.1,0.15,0.1
7152,7152,Panzweiler,RP,Rheinland-pfalz,0.15,0.15,0.1,0.15,0.1
7153,7153,Papenburg,NI,Niedersachsen,0.15,0.15,0.1,0.15,0.1
7154,7154,Papendorf,MV,Mecklenburg-vorpommern,0.15,0.15,0.1,0.15,0.1
7155,7155,Pappenheim,BY,Bayern,0.15,0.15,0.1,0.15,0.1
7156,7156,Parchim,MV,Mecklenburg-vorpommern,0.15,0.15,0.1,0.15,0.1
7157,7157,Parchtitz,MV,Mecklenburg-vorpommern,0.15,0.15,0.1,0.15,0.1
7158,7158,Parkstein,BY,Bayern,0.15,0.15,0.1,0.15,0.1
7159,7159,Parkstetten,BY,Bayern,0.15,0.15,0.1,0.15,0.1
7160,7160,Parsau,NI,Niedersachsen,0.15,0.15,0.1,0.15,0.1
7161,7161,Parsberg,BY,Bayern,0.15,0.15,0.1,0.15,0.1
7162,7162,Partenheim,RP,Rheinland-pfalz,0.15,0.15,0.1,0.15,0.1
7163,7163,Partenstein,BY,Bayern,0.15,0.15,0.1,0.15,0.1
7164,7164,Paschel,RP,Rheinland-pfalz,0.15,0.15,0.1,0.15,0.1
7165,7165,Pasewalk,MV,Mecklenburg-vorpommern,0.15,0.15,0.1,0.15,0.1
7166,7166,Paska,TH,Thüringen,0.15,0.15,0.1,0.15,0.1
7167,7167,Passade,SH,Schleswig-holstein,0.15,0.15,0.1,0.15,0.1
7168,7168,Passau,BY,Bayern,0.15,0.15,0.1,0.15,0.1
7169,7169,Passow,BB,Brandenburg,0.15,0.15,0.1,0.15,0.1
7170,7170,Passow,MV,Mecklenburg-vorpommern,0.15,0.15,0.1,0.15,0.1
7171,7171,Pastetten,BY,Bayern,0.15,0.15,0.1,0.15,0.1
7172,7172,Patersberg,RP,Rheinland-pfalz,0.15,0.15,0.1,0.15,0.1
7173,7173,Patersdorf,BY,Bayern,0.15,0.15,0.1,0.15,0.1
7174,7174,Pattensen,NI,Niedersachsen,0.15,0.15,0.1,0.15,0.1
7175,7175,Patzig,MV,Mecklenburg-vorpommern,0.15,0.15,0.1,0.15,0.1
7176,7176,Paulinenaue,BB,Brandenburg,0.15,0.15,0.1,0.15,0.1
7177,7177,Paunzhausen,BY,Bayern,0.15,0.15,0.1,0.15,0.1
7178,7178,Pausa,SN,Sachsen,0.15,0.15,0.1,0.15,0.1
7179,7179,Pechbrunn,BY,Bayern,0.15,0.15,0.1,0.15,0.1
7180,7180,Peffingen,RP,Rheinland-pfalz,0.15,0.15,0.1,0.15,0.1
7181,7181,Pegau,SN,Sachsen,0.15,0.15,0.1,0.15,0.1
7182,7182,Pegestorf,NI,Niedersachsen,0.15,0.15,0.1,0.15,0.1
7183,7183,Pegnitz,BY,Bayern,0.15,0.15,0.1,0.15,0.1
7184,7184,Peine,NI,Niedersachsen,0.15,0.15,0.1,0.15,0.1
7185,7185,Peissen,SH,Schleswig-holstein,0.15,0.15,0.1,0.15,0.1
7186,7186,Peiting,BY,Bayern,0.15,0.15,0.1,0.15,0.1
7187,7187,Peitz,BB,Brandenburg,0.15,0.15,0.1,0.15,0.1
7188,7188,Peißen,ST,Sachsen-anhalt,0.15,0.15,0.1,0.15,0.1
7189,7189,Peißenberg,BY,Bayern,0.15,0.15,0.1,0.15,0.1
7190,7190,Pellingen,RP,Rheinland-pfalz,0.15,0.15,0.1,0.15,0.1
7191,7191,Pellworm,SH,Schleswig-holstein,0.15,0.15,0.1,0.15,0.1
7192,7192,Pelm,RP,Rheinland-pfalz,0.15,0.15,0.1,0.15,0.1
7193,7193,Pemfling,BY,Bayern,0.15,0.15,0.1,0.15,0.1
7194,7194,Penig,SN,Sachsen,0.15,0.15,0.1,0.15,0.1
7195,7195,Penkun,MV,Mecklenburg-vorpommern,0.15,0.15,0.1,0.15,0.1
7196,7196,Pennewitz,TH,Thüringen,0.15,0.15,0.1,0.15,0.1
7197,7197,Pennigsehl,NI,Niedersachsen,0.15,0.15,0.1,0.15,0.1
7198,7198,Pentling,BY,Bayern,0.15,0.15,0.1,0.15,0.1
7199,7199,Penzberg,BY,Bayern,0.15,0.15,0.1,0.15,0.1
7200,7200,Penzing,BY,Bayern,0.15,0.15,0.1,0.15,0.1
7201,7201,Penzlin,MV,Mecklenburg-vorpommern,0.15,0.15,0.1,0.15,0.1
7202,7202,Perach,BY,Bayern,0.15,0.15,0.1,0.15,0.1
7203,7203,Perasdorf,BY,Bayern,0.15,0.15,0.1,0.15,0.1
7204,7204,Perkam,BY,Bayern,0.15,0.15,0.1,0.15,0.1
7205,7205,Perl,SL,Saarland,0.15,0.15,0.1,0.15,0.1
7206,7206,Perleberg,BB,Brandenburg,0.15,0.15,0.1,0.15,0.1
7207,7207,Perlesreut,BY,Bayern,0.15,0.15,0.1,0.15,0.1
7208,7208,Perscheid,RP,Rheinland-pfalz,0.15,0.15,0.1,0.15,0.1
7209,7209,Pessin,BB,Brandenburg,0.15,0.15,0.1,0.15,0.1
7210,7210,Petersaurach,BY,Bayern,0.15,0.15,0.1,0.15,0.1
7211,7211,Petersberg,TH,Thüringen,0.15,0.15,0.1,0.15,0.1
7212,7212,Petersberg,ST,Sachsen-anhalt,0.15,0.15,0.1,0.15,0.1
7213,7213,Petersberg,RP,Rheinland-pfalz,0.15,0.15,0.1,0.15,0.1
7214,7214,Petersdorf,BY,Bayern,0.15,0.15,0.1,0.15,0.1
7215,7215,Petershagen,NW,Nordrhein-westfalen,0.15,0.15,0.1,0.15,0.1
7216,7216,Petershagen,BB,Brandenburg,0.15,0.15,0.1,0.15,0.1
7217,7217,Petershausen,BY,Bayern,0.15,0.15,0.1,0.15,0.1
7218,7218,Peterslahr,RP,Rheinland-pfalz,0.15,0.15,0.1,0.15,0.1
7219,7219,Petersroda,ST,Sachsen-anhalt,0.15,0.15,0.1,0.15,0.1
7220,7220,Peterswald-Löffelscheid,RP,Rheinland-pfalz,0.15,0.15,0.1,0.15,0.1
7221,7221,Petriroda,TH,Thüringen,0.15,0.15,0.1,0.15,0.1
7222,7222,Pettendorf,BY,Bayern,0.15,0.15,0.1,0.15,0.1
7223,7223,Petting,BY,Bayern,0.15,0.15,0.1,0.15,0.1
7224,7224,Pettstadt,BY,Bayern,0.15,0.15,0.1,0.15,0.1
7225,7225,Peuschen,TH,Thüringen,0.15,0.15,0.1,0.15,0.1
7226,7226,Pfaffen-Schwabenheim,RP,Rheinland-pfalz,0.15,0.15,0.1,0.15,0.1
7227,7227,Pfaffenhausen,BY,Bayern,0.15,0.15,0.1,0.15,0.1
7228,7228,Pfaffenhofen,BY,Bayern,0.15,0.15,0.1,0.15,0.1
7229,7229,Pfaffenhofen,BW,Baden-württemberg,0.15,0.15,0.1,0.15,0.1
7230,7230,Pfaffenhofen an der Ilm,BY,Bayern,0.15,0.15,0.1,0.15,0.1
7231,7231,Pfaffenhofen an der Roth,BY,Bayern,0.15,0.15,0.1,0.15,0.1
7232,7232,Pfaffenweiler,BW,Baden-württemberg,0.15,0.15,0.1,0.15,0.1
7233,7233,Pfaffing,BY,Bayern,0.15,0.15,0.1,0.15,0.1
7234,7234,Pfaffroda,SN,Sachsen,0.15,0.15,0.1,0.15,0.1
7235,7235,Pfaffschwende,TH,Thüringen,0.15,0.15,0.1,0.15,0.1
7236,7236,Pfakofen,BY,Bayern,0.15,0.15,0.1,0.15,0.1
7237,7237,Pfalzfeld,RP,Rheinland-pfalz,0.15,0.15,0.1,0.15,0.1
7238,7238,Pfalzgrafenweiler,BW,Baden-württemberg,0.15,0.15,0.1,0.15,0.1
7239,7239,Pfarrkirchen,BY,Bayern,0.15,0.15,0.1,0.15,0.1
7240,7240,Pfarrweisach,BY,Bayern,0.15,0.15,0.1,0.15,0.1
7241,7241,Pfatter,BY,Bayern,0.15,0.15,0.1,0.15,0.1
7242,7242,Pfedelbach,BW,Baden-württemberg,0.15,0.15,0.1,0.15,0.1
7243,7243,Pfeffelbach,RP,Rheinland-pfalz,0.15,0.15,0.1,0.15,0.1
7244,7244,Pfeffenhausen,BY,Bayern,0.15,0.15,0.1,0.15,0.1
7245,7245,Pferdingsleben,TH,Thüringen,0.15,0.15,0.1,0.15,0.1
7246,7246,Pfiffelbach,TH,Thüringen,0.15,0.15,0.1,0.15,0.1
7247,7247,Pfofeld,BY,Bayern,0.15,0.15,0.1,0.15,0.1
7248,7248,Pforzen,BY,Bayern,0.15,0.15,0.1,0.15,0.1
7249,7249,Pforzheim,BW,Baden-württemberg,0.15,0.15,0.1,0.15,0.1
7250,7250,Pfreimd,BY,Bayern,0.15,0.15,0.1,0.15,0.1
7251,7251,Pfronstetten,BW,Baden-württemberg,0.15,0.15,0.1,0.15,0.1
7252,7252,Pfronten,BY,Bayern,0.15,0.15,0.1,0.15,0.1
7253,7253,Pfullendorf,BW,Baden-württemberg,0.15,0.15,0.1,0.15,0.1
7254,7254,Pfullingen,BW,Baden-württemberg,0.15,0.15,0.1,0.15,0.1
7255,7255,Pfungstadt,HE,Hessen,0.15,0.15,0.1,0.15,0.1
7256,7256,Philippsburg,BW,Baden-württemberg,0.15,0.15,0.1,0.15,0.1
7257,7257,Philippsheim,RP,Rheinland-pfalz,0.15,0.15,0.1,0.15,0.1
7258,7258,Philippsreut,BY,Bayern,0.15,0.15,0.1,0.15,0.1
7259,7259,Philippsthal,HE,Hessen,0.15,0.15,0.1,0.15,0.1
7260,7260,Picher,MV,Mecklenburg-vorpommern,0.15,0.15,0.1,0.15,0.1
7261,7261,Piding,BY,Bayern,0.15,0.15,0.1,0.15,0.1
7262,7262,Pielenhofen,BY,Bayern,0.15,0.15,0.1,0.15,0.1
7263,7263,Piesau,TH,Thüringen,0.15,0.15,0.1,0.15,0.1
7264,7264,Piesport,RP,Rheinland-pfalz,0.15,0.15,0.1,0.15,0.1
7265,7265,Pillig,RP,Rheinland-pfalz,0.15,0.15,0.1,0.15,0.1
7266,7266,Pilsach,BY,Bayern,0.15,0.15,0.1,0.15,0.1
7267,7267,Pilsting,BY,Bayern,0.15,0.15,0.1,0.15,0.1
7268,7268,Pingelshagen,MV,Mecklenburg-vorpommern,0.15,0.15,0.1,0.15,0.1
7269,7269,Pinneberg,SH,Schleswig-holstein,0.15,0.15,0.1,0.15,0.1
7270,7270,Pinnow,BB,Brandenburg,0.15,0.15,0.1,0.15,0.1
7271,7271,Pinnow,MV,Mecklenburg-vorpommern,0.15,0.15,0.1,0.15,0.1
7272,7272,Pintesfeld,RP,Rheinland-pfalz,0.15,0.15,0.1,0.15,0.1
7273,7273,Pinzberg,BY,Bayern,0.15,0.15,0.1,0.15,0.1
7274,7274,Pirk,BY,Bayern,0.15,0.15,0.1,0.15,0.1
7275,7275,Pirmasens,RP,Rheinland-pfalz,0.15,0.15,0.1,0.15,0.1
7276,7276,Pirna,SN,Sachsen,0.15,0.15,0.1,0.15,0.1
7277,7277,Pirow,BB,Brandenburg,0.15,0.15,0.1,0.15,0.1
7278,7278,Pittenbach,RP,Rheinland-pfalz,0.15,0.15,0.1,0.15,0.1
7279,7279,Pittenhart,BY,Bayern,0.15,0.15,0.1,0.15,0.1
7280,7280,Plaaz,MV,Mecklenburg-vorpommern,0.15,0.15,0.1,0.15,0.1
7281,7281,Plaidt,RP,Rheinland-pfalz,0.15,0.15,0.1,0.15,0.1
7282,7282,Planegg,BY,Bayern,0.15,0.15,0.1,0.15,0.1
7283,7283,Plankenfels,BY,Bayern,0.15,0.15,0.1,0.15,0.1
7284,7284,Plankstadt,BW,Baden-württemberg,0.15,0.15,0.1,0.15,0.1
7285,7285,Plascheid,RP,Rheinland-pfalz,0.15,0.15,0.1,0.15,0.1
7286,7286,Plate,MV,Mecklenburg-vorpommern,0.15,0.15,0.1,0.15,0.1
7287,7287,Platten,RP,Rheinland-pfalz,0.15,0.15,0.1,0.15,0.1
7288,7288,Plattling,BY,Bayern,0.15,0.15,0.1,0.15,0.1
7289,7289,Plau am See,MV,Mecklenburg-vorpommern,0.15,0.15,0.1,0.15,0.1
7290,7290,Plaue,TH,Thüringen,0.15,0.15,0.1,0.15,0.1
7291,7291,Plauen,SN,Sachsen,0.15,0.15,0.1,0.15,0.1
7292,7292,Pleckhausen,RP,Rheinland-pfalz,0.15,0.15,0.1,0.15,0.1
7293,7293,Pleidelsheim,BW,Baden-württemberg,0.15,0.15,0.1,0.15,0.1
7294,7294,Plein,RP,Rheinland-pfalz,0.15,0.15,0.1,0.15,0.1
7295,7295,Pleinfeld,BY,Bayern,0.15,0.15,0.1,0.15,0.1
7296,7296,Pleiskirchen,BY,Bayern,0.15,0.15,0.1,0.15,0.1
7297,7297,Pleisweiler-Oberhofen,RP,Rheinland-pfalz,0.15,0.15,0.1,0.15,0.1
7298,7298,Pleitersheim,RP,Rheinland-pfalz,0.15,0.15,0.1,0.15,0.1
7299,7299,Pleizenhausen,RP,Rheinland-pfalz,0.15,0.15,0.1,0.15,0.1
7300,7300,Pless,BY,Bayern,0.15,0.15,0.1,0.15,0.1
7301,7301,Plessa,BB,Brandenburg,0.15,0.15,0.1,0.15,0.1
7302,7302,Plettenberg,NW,Nordrhein-westfalen,0.15,0.15,0.1,0.15,0.1
7303,7303,Pleystein,BY,Bayern,0.15,0.15,0.1,0.15,0.1
7304,7304,Pliening,BY,Bayern,0.15,0.15,0.1,0.15,0.1
7305,7305,Pliezhausen,BW,Baden-württemberg,0.15,0.15,0.1,0.15,0.1
7306,7306,Plochingen,BW,Baden-württemberg,0.15,0.15,0.1,0.15,0.1
7307,7307,Plothen,TH,Thüringen,0.15,0.15,0.1,0.15,0.1
7308,7308,Pluwig,RP,Rheinland-pfalz,0.15,0.15,0.1,0.15,0.1
7309,7309,Plön,SH,Schleswig-holstein,0.15,0.15,0.1,0.15,0.1
7310,7310,Plötz,ST,Sachsen-anhalt,0.15,0.15,0.1,0.15,0.1
7311,7311,Plötzkau,ST,Sachsen-anhalt,0.15,0.15,0.1,0.15,0.1
7312,7312,Plötzky,ST,Sachsen-anhalt,0.15,0.15,0.1,0.15,0.1
7313,7313,Plößberg,BY,Bayern,0.15,0.15,0.1,0.15,0.1
7314,7314,Plüderhausen,BW,Baden-württemberg,0.15,0.15,0.1,0.15,0.1
7315,7315,Plüschow,MV,Mecklenburg-vorpommern,0.15,0.15,0.1,0.15,0.1
7316,7316,Plütscheid,RP,Rheinland-pfalz,0.15,0.15,0.1,0.15,0.1
7317,7317,Pobershau,SN,Sachsen,0.15,0.15,0.1,0.15,0.1
7318,7318,Pockau,SN,Sachsen,0.15,0.15,0.1,0.15,0.1
7319,7319,Pocking,BY,Bayern,0.15,0.15,0.1,0.15,0.1
7320,7320,Podelzig,BB,Brandenburg,0.15,0.15,0.1,0.15,0.1
7321,7321,Pogeez,SH,Schleswig-holstein,0.15,0.15,0.1,0.15,0.1
7322,7322,Poggensee,SH,Schleswig-holstein,0.15,0.15,0.1,0.15,0.1
7323,7323,Pohl,RP,Rheinland-pfalz,0.15,0.15,0.1,0.15,0.1
7324,7324,Pohle,NI,Niedersachsen,0.15,0.15,0.1,0.15,0.1
7325,7325,Pohnsdorf,SH,Schleswig-holstein,0.15,0.15,0.1,0.15,0.1
7326,7326,Poing,BY,Bayern,0.15,0.15,0.1,0.15,0.1
7327,7327,Pokrent,MV,Mecklenburg-vorpommern,0.15,0.15,0.1,0.15,0.1
7328,7328,Polch,RP,Rheinland-pfalz,0.15,0.15,0.1,0.15,0.1
7329,7329,Poley,ST,Sachsen-anhalt,0.15,0.15,0.1,0.15,0.1
7330,7330,Poll,NW,Nordrhein-westfalen,0.15,0.15,0.1,0.15,0.1
7331,7331,Polle,NI,Niedersachsen,0.15,0.15,0.1,0.15,0.1
7332,7332,Polleben,ST,Sachsen-anhalt,0.15,0.15,0.1,0.15,0.1
7333,7333,Pollenfeld,BY,Bayern,0.15,0.15,0.1,0.15,0.1
7334,7334,Pollhagen,NI,Niedersachsen,0.15,0.15,0.1,0.15,0.1
7335,7335,Polling,BY,Bayern,0.15,0.15,0.1,0.15,0.1
7336,7336,Polsingen,BY,Bayern,0.15,0.15,0.1,0.15,0.1
7337,7337,Pommelsbrunn,BY,Bayern,0.15,0.15,0.1,0.15,0.1
7338,7338,Pommerby,SH,Schleswig-holstein,0.15,0.15,0.1,0.15,0.1
7339,7339,Pommern,RP,Rheinland-pfalz,0.15,0.15,0.1,0.15,0.1
7340,7340,Pommersfelden,BY,Bayern,0.15,0.15,0.1,0.15,0.1
7341,7341,Pomster,RP,Rheinland-pfalz,0.15,0.15,0.1,0.15,0.1
7342,7342,Poppenbüll,SH,Schleswig-holstein,0.15,0.15,0.1,0.15,0.1
7343,7343,Poppenbüttel,HH,Hamburg,0.15,0.15,0.1,0.15,0.1
7344,7344,Poppenhausen,BY,Bayern,0.15,0.15,0.1,0.15,0.1
7345,7345,Poppenhausen,HE,Hessen,0.15,0.15,0.1,0.15,0.1
7346,7346,Poppenricht,BY,Bayern,0.15,0.15,0.1,0.15,0.1
7347,7347,Porschdorf,SN,Sachsen,0.15,0.15,0.1,0.15,0.1
7348,7348,Porta Westfalica,NW,Nordrhein-westfalen,0.15,0.15,0.1,0.15,0.1
7349,7349,Poseritz,MV,Mecklenburg-vorpommern,0.15,0.15,0.1,0.15,0.1
7350,7350,Postau,BY,Bayern,0.15,0.15,0.1,0.15,0.1
7351,7351,Postbauer-Heng,BY,Bayern,0.15,0.15,0.1,0.15,0.1
7352,7352,Posterstein,TH,Thüringen,0.15,0.15,0.1,0.15,0.1
7353,7353,Postfeld,SH,Schleswig-holstein,0.15,0.15,0.1,0.15,0.1
7354,7354,Postmünster,BY,Bayern,0.15,0.15,0.1,0.15,0.1
7355,7355,Potsdam,BB,Brandenburg,0.15,0.15,0.1,0.15,0.1
7356,7356,Pottenstein,BY,Bayern,0.15,0.15,0.1,0.15,0.1
7357,7357,Pottiga,TH,Thüringen,0.15,0.15,0.1,0.15,0.1
7358,7358,Pottum,RP,Rheinland-pfalz,0.15,0.15,0.1,0.15,0.1
7359,7359,Pouch,ST,Sachsen-anhalt,0.15,0.15,0.1,0.15,0.1
7360,7360,Poxdorf,BY,Bayern,0.15,0.15,0.1,0.15,0.1
7361,7361,Poxdorf,TH,Thüringen,0.15,0.15,0.1,0.15,0.1
7362,7362,Poyenberg,SH,Schleswig-holstein,0.15,0.15,0.1,0.15,0.1
7363,7363,Pracht,RP,Rheinland-pfalz,0.15,0.15,0.1,0.15,0.1
7364,7364,Prackenbach,BY,Bayern,0.15,0.15,0.1,0.15,0.1
7365,7365,Pragsdorf,MV,Mecklenburg-vorpommern,0.15,0.15,0.1,0.15,0.1
7366,7366,Prasdorf,SH,Schleswig-holstein,0.15,0.15,0.1,0.15,0.1
7367,7367,Prath,RP,Rheinland-pfalz,0.15,0.15,0.1,0.15,0.1
7368,7368,Prebitz,BY,Bayern,0.15,0.15,0.1,0.15,0.1
7369,7369,Preetz,MV,Mecklenburg-vorpommern,0.15,0.15,0.1,0.15,0.1
7370,7370,Preetz,SH,Schleswig-holstein,0.15,0.15,0.1,0.15,0.1
7371,7371,Preischeid,RP,Rheinland-pfalz,0.15,0.15,0.1,0.15,0.1
7372,7372,Preist,RP,Rheinland-pfalz,0.15,0.15,0.1,0.15,0.1
7373,7373,Prem,BY,Bayern,0.15,0.15,0.1,0.15,0.1
7374,7374,Premnitz,BB,Brandenburg,0.15,0.15,0.1,0.15,0.1
7375,7375,Prenzlau,BB,Brandenburg,0.15,0.15,0.1,0.15,0.1
7376,7376,Pressath,BY,Bayern,0.15,0.15,0.1,0.15,0.1
7377,7377,Presseck,BY,Bayern,0.15,0.15,0.1,0.15,0.1
7378,7378,Pressig,BY,Bayern,0.15,0.15,0.1,0.15,0.1
7379,7379,Prettin,ST,Sachsen-anhalt,0.15,0.15,0.1,0.15,0.1
7380,7380,Pretzfeld,BY,Bayern,0.15,0.15,0.1,0.15,0.1
7381,7381,Pretzien,ST,Sachsen-anhalt,0.15,0.15,0.1,0.15,0.1
7382,7382,Pretzier,ST,Sachsen-anhalt,0.15,0.15,0.1,0.15,0.1
7383,7383,Pretzsch,ST,Sachsen-anhalt,0.15,0.15,0.1,0.15,0.1
7384,7384,Pretzschendorf,SN,Sachsen,0.15,0.15,0.1,0.15,0.1
7385,7385,Preußisch Oldendorf,NW,Nordrhein-westfalen,0.15,0.15,0.1,0.15,0.1
7386,7386,Preußlitz,ST,Sachsen-anhalt,0.15,0.15,0.1,0.15,0.1
7387,7387,Prezelle,NI,Niedersachsen,0.15,0.15,0.1,0.15,0.1
7388,7388,Prichsenstadt,BY,Bayern,0.15,0.15,0.1,0.15,0.1
7389,7389,Prien am Chiemsee,BY,Bayern,0.15,0.15,0.1,0.15,0.1
7390,7390,Priesendorf,BY,Bayern,0.15,0.15,0.1,0.15,0.1
7391,7391,Priestewitz,SN,Sachsen,0.15,0.15,0.1,0.15,0.1
7392,7392,Prinzenmoor,SH,Schleswig-holstein,0.15,0.15,0.1,0.15,0.1
7393,7393,Prinzhöfte,NI,Niedersachsen,0.15,0.15,0.1,0.15,0.1
7394,7394,Prisannewitz,MV,Mecklenburg-vorpommern,0.15,0.15,0.1,0.15,0.1
7395,7395,Prisdorf,SH,Schleswig-holstein,0.15,0.15,0.1,0.15,0.1
7396,7396,Prislich,MV,Mecklenburg-vorpommern,0.15,0.15,0.1,0.15,0.1
7397,7397,Prittitz,ST,Sachsen-anhalt,0.15,0.15,0.1,0.15,0.1
7398,7398,Prittriching,BY,Bayern,0.15,0.15,0.1,0.15,0.1
7399,7399,Pritzier,MV,Mecklenburg-vorpommern,0.15,0.15,0.1,0.15,0.1
7400,7400,Pritzwalk,BB,Brandenburg,0.15,0.15,0.1,0.15,0.1
7401,7401,Probsteierhagen,SH,Schleswig-holstein,0.15,0.15,0.1,0.15,0.1
7402,7402,Probstzella,TH,Thüringen,0.15,0.15,0.1,0.15,0.1
7403,7403,Prohn,MV,Mecklenburg-vorpommern,0.15,0.15,0.1,0.15,0.1
7404,7404,Pronsfeld,RP,Rheinland-pfalz,0.15,0.15,0.1,0.15,0.1
7405,7405,Pronstorf,SH,Schleswig-holstein,0.15,0.15,0.1,0.15,0.1
7406,7406,Prosigk,ST,Sachsen-anhalt,0.15,0.15,0.1,0.15,0.1
7407,7407,Prosselsheim,BY,Bayern,0.15,0.15,0.1,0.15,0.1
7408,7408,Pruchten,MV,Mecklenburg-vorpommern,0.15,0.15,0.1,0.15,0.1
7409,7409,Prutting,BY,Bayern,0.15,0.15,0.1,0.15,0.1
7410,7410,Prötzel,BB,Brandenburg,0.15,0.15,0.1,0.15,0.1
7411,7411,Prüm,RP,Rheinland-pfalz,0.15,0.15,0.1,0.15,0.1
7412,7412,Prümzurlay,RP,Rheinland-pfalz,0.15,0.15,0.1,0.15,0.1
7413,7413,Prüzen,MV,Mecklenburg-vorpommern,0.15,0.15,0.1,0.15,0.1
7414,7414,Puchheim,BY,Bayern,0.15,0.15,0.1,0.15,0.1
7415,7415,Puderbach,RP,Rheinland-pfalz,0.15,0.15,0.1,0.15,0.1
7416,7416,Pulheim,NW,Nordrhein-westfalen,0.15,0.15,0.1,0.15,0.1
7417,7417,Pullach im Isartal,BY,Bayern,0.15,0.15,0.1,0.15,0.1
7418,7418,Pullenreuth,BY,Bayern,0.15,0.15,0.1,0.15,0.1
7419,7419,Puls,SH,Schleswig-holstein,0.15,0.15,0.1,0.15,0.1
7420,7420,Puschendorf,BY,Bayern,0.15,0.15,0.1,0.15,0.1
7421,7421,Puschwitz,SN,Sachsen,0.15,0.15,0.1,0.15,0.1
7422,7422,Putbus,MV,Mecklenburg-vorpommern,0.15,0.15,0.1,0.15,0.1
7423,7423,Putlitz,BB,Brandenburg,0.15,0.15,0.1,0.15,0.1
7424,7424,Putzbrunn,BY,Bayern,0.15,0.15,0.1,0.15,0.1
7425,7425,Pyrbaum,BY,Bayern,0.15,0.15,0.1,0.15,0.1
7426,7426,Pähl,BY,Bayern,0.15,0.15,0.1,0.15,0.1
7427,7427,Päwesin,BB,Brandenburg,0.15,0.15,0.1,0.15,0.1
7428,7428,Pöcking,BY,Bayern,0.15,0.15,0.1,0.15,0.1
7429,7429,Pöhl,SN,Sachsen,0.15,0.15,0.1,0.15,0.1
7430,7430,Pöhla,SN,Sachsen,0.15,0.15,0.1,0.15,0.1
7431,7431,Pölich,RP,Rheinland-pfalz,0.15,0.15,0.1,0.15,0.1
7432,7432,Pölitz,SH,Schleswig-holstein,0.15,0.15,0.1,0.15,0.1
7433,7433,Pölzig,TH,Thüringen,0.15,0.15,0.1,0.15,0.1
7434,7434,Pömmelte,ST,Sachsen-anhalt,0.15,0.15,0.1,0.15,0.1
7435,7435,Pörmitz,TH,Thüringen,0.15,0.15,0.1,0.15,0.1
7436,7436,Pörnbach,BY,Bayern,0.15,0.15,0.1,0.15,0.1
7437,7437,Pöschendorf,SH,Schleswig-holstein,0.15,0.15,0.1,0.15,0.1
7438,7438,Pösing,BY,Bayern,0.15,0.15,0.1,0.15,0.1
7439,7439,Pötenitz,MV,Mecklenburg-vorpommern,0.15,0.15,0.1,0.15,0.1
7440,7440,Pöttmes,BY,Bayern,0.15,0.15,0.1,0.15,0.1
7441,7441,Pößneck,TH,Thüringen,0.15,0.15,0.1,0.15,0.1
7442,7442,Püchersreuth,BY,Bayern,0.15,0.15,0.1,0.15,0.1
7443,7443,Pünderich,RP,Rheinland-pfalz,0.15,0.15,0.1,0.15,0.1
7444,7444,Pürgen,BY,Bayern,0.15,0.15,0.1,0.15,0.1
7445,7445,Püttlingen,SL,Saarland,0.15,0.15,0.1,0.15,0.1
7446,7446,Quakenbrück,NI,Niedersachsen,0.15,0.15,0.1,0.15,0.1
7447,7447,Quarnbek,SH,Schleswig-holstein,0.15,0.15,0.1,0.15,0.1
7448,7448,Quarnstedt,SH,Schleswig-holstein,0.15,0.15,0.1,0.15,0.1
7449,7449,Quaschwitz,TH,Thüringen,0.15,0.15,0.1,0.15,0.1
7450,7450,Quedlinburg,ST,Sachsen-anhalt,0.15,0.15,0.1,0.15,0.1
7451,7451,Queidersbach,RP,Rheinland-pfalz,0.15,0.15,0.1,0.15,0.1
7452,7452,Queienfeld,TH,Thüringen,0.15,0.15,0.1,0.15,0.1
7453,7453,Queis,ST,Sachsen-anhalt,0.15,0.15,0.1,0.15,0.1
7454,7454,Quellendorf,ST,Sachsen-anhalt,0.15,0.15,0.1,0.15,0.1
7455,7455,Quendorf,NI,Niedersachsen,0.15,0.15,0.1,0.15,0.1
7456,7456,Quenstedt,ST,Sachsen-anhalt,0.15,0.15,0.1,0.15,0.1
7457,7457,Querenhorst,NI,Niedersachsen,0.15,0.15,0.1,0.15,0.1
7458,7458,Querfurt,ST,Sachsen-anhalt,0.15,0.15,0.1,0.15,0.1
7459,7459,Quern,SH,Schleswig-holstein,0.15,0.15,0.1,0.15,0.1
7460,7460,Quernheim,NI,Niedersachsen,0.15,0.15,0.1,0.15,0.1
7461,7461,Quickborn,SH,Schleswig-holstein,0.15,0.15,0.1,0.15,0.1
7462,7462,Quiddelbach,RP,Rheinland-pfalz,0.15,0.15,0.1,0.15,0.1
7463,7463,Quierschied,SL,Saarland,0.15,0.15,0.1,0.15,0.1
7464,7464,Quirla,TH,Thüringen,0.15,0.15,0.1,0.15,0.1
7465,7465,Quirnbach,RP,Rheinland-pfalz,0.15,0.15,0.1,0.15,0.1
7466,7466,Quirnheim,RP,Rheinland-pfalz,0.15,0.15,0.1,0.15,0.1
7467,7467,Quitzdorf,SN,Sachsen,0.15,0.15,0.1,0.15,0.1
7468,7468,Raa-Besenbek,SH,Schleswig-holstein,0.15,0.15,0.1,0.15,0.1
7469,7469,Rabel,SH,Schleswig-holstein,0.15,0.15,0.1,0.15,0.1
7470,7470,Raben Steinfeld,MV,Mecklenburg-vorpommern,0.15,0.15,0.1,0.15,0.1
7471,7471,Rabenau,SN,Sachsen,0.15,0.15,0.1,0.15,0.1
7472,7472,Rabenau,HE,Hessen,0.15,0.15,0.1,0.15,0.1
7473,7473,Rabenholz,SH,Schleswig-holstein,0.15,0.15,0.1,0.15,0.1
7474,7474,Rabenkirchen-Faulück,SH,Schleswig-holstein,0.15,0.15,0.1,0.15,0.1
7475,7475,Rackith,ST,Sachsen-anhalt,0.15,0.15,0.1,0.15,0.1
7476,7476,Racksen,RP,Rheinland-pfalz,0.15,0.15,0.1,0.15,0.1
7477,7477,Rackwitz,SN,Sachsen,0.15,0.15,0.1,0.15,0.1
7478,7478,Radbruch,NI,Niedersachsen,0.15,0.15,0.1,0.15,0.1
7479,7479,Raddestorf,NI,Niedersachsen,0.15,0.15,0.1,0.15,0.1
7480,7480,Rade,SH,Schleswig-holstein,0.15,0.15,0.1,0.15,0.1
7481,7481,Radeberg,SN,Sachsen,0.15,0.15,0.1,0.15,0.1
7482,7482,Radebeul,SN,Sachsen,0.15,0.15,0.1,0.15,0.1
7483,7483,Radeburg,SN,Sachsen,0.15,0.15,0.1,0.15,0.1
7484,7484,Radegast,ST,Sachsen-anhalt,0.15,0.15,0.1,0.15,0.1
7485,7485,Radevormwald,NW,Nordrhein-westfalen,0.15,0.15,0.1,0.15,0.1
7486,7486,Radibor,SN,Sachsen,0.15,0.15,0.1,0.15,0.1
7487,7487,Radis,ST,Sachsen-anhalt,0.15,0.15,0.1,0.15,0.1
7488,7488,Radolfzell,BW,Baden-württemberg,0.15,0.15,0.1,0.15,0.1
7489,7489,Raduhn,MV,Mecklenburg-vorpommern,0.15,0.15,0.1,0.15,0.1
7490,7490,Raesfeld,NW,Nordrhein-westfalen,0.15,0.15,0.1,0.15,0.1
7491,7491,Raguhn,ST,Sachsen-anhalt,0.15,0.15,0.1,0.15,0.1
7492,7492,Rahden,NW,Nordrhein-westfalen,0.15,0.15,0.1,0.15,0.1
7493,7493,Rahnsdorf,BE,Berlin,0.15,0.15,0.1,0.15,0.1
7494,7494,Rain,BY,Bayern,0.15,0.15,0.1,0.15,0.1
7495,7495,Raisdorf,SH,Schleswig-holstein,0.15,0.15,0.1,0.15,0.1
7496,7496,Raisting,BY,Bayern,0.15,0.15,0.1,0.15,0.1
7497,7497,Raitenbuch,BY,Bayern,0.15,0.15,0.1,0.15,0.1
7498,7498,Ralingen,RP,Rheinland-pfalz,0.15,0.15,0.1,0.15,0.1
7499,7499,Ramberg,RP,Rheinland-pfalz,0.15,0.15,0.1,0.15,0.1
7500,7500,Rambin,MV,Mecklenburg-vorpommern,0.15,0.15,0.1,0.15,0.1
7501,7501,Ramerberg,BY,Bayern,0.15,0.15,0.1,0.15,0.1
7502,7502,Ramhusen,SH,Schleswig-holstein,0.15,0.15,0.1,0.15,0.1
7503,7503,Rammelsbach,RP,Rheinland-pfalz,0.15,0.15,0.1,0.15,0.1
7504,7504,Rammenau,SN,Sachsen,0.15,0.15,0.1,0.15,0.1
7505,7505,Rammingen,BW,Baden-württemberg,0.15,0.15,0.1,0.15,0.1
7506,7506,Ramsau,BY,Bayern,0.15,0.15,0.1,0.15,0.1
7507,7507,Ramsen,RP,Rheinland-pfalz,0.15,0.15,0.1,0.15,0.1
7508,7508,Ramsin,ST,Sachsen-anhalt,0.15,0.15,0.1,0.15,0.1
7509,7509,Ramsla,TH,Thüringen,0.15,0.15,0.1,0.15,0.1
7510,7510,Ramstedt,SH,Schleswig-holstein,0.15,0.15,0.1,0.15,0.1
7511,7511,Ramstein-Miesenbach,RP,Rheinland-pfalz,0.15,0.15,0.1,0.15,0.1
7512,7512,Ramsthal,BY,Bayern,0.15,0.15,0.1,0.15,0.1
7513,7513,Randersacker,BY,Bayern,0.15,0.15,0.1,0.15,0.1
7514,7514,Rangendingen,BW,Baden-württemberg,0.15,0.15,0.1,0.15,0.1
7515,7515,Rangsdorf,BB,Brandenburg,0.15,0.15,0.1,0.15,0.1
7516,7516,Ranis,TH,Thüringen,0.15,0.15,0.1,0.15,0.1
7517,7517,Rankwitz,MV,Mecklenburg-vorpommern,0.15,0.15,0.1,0.15,0.1
7518,7518,Rannstedt,TH,Thüringen,0.15,0.15,0.1,0.15,0.1
7519,7519,Rannungen,BY,Bayern,0.15,0.15,0.1,0.15,0.1
7520,7520,Ransbach-Baumbach,RP,Rheinland-pfalz,0.15,0.15,0.1,0.15,0.1
7521,7521,Ranschbach,RP,Rheinland-pfalz,0.15,0.15,0.1,0.15,0.1
7522,7522,Ranstadt,HE,Hessen,0.15,0.15,0.1,0.15,0.1
7523,7523,Ransweiler,RP,Rheinland-pfalz,0.15,0.15,0.1,0.15,0.1
7524,7524,Rantrum,SH,Schleswig-holstein,0.15,0.15,0.1,0.15,0.1
7525,7525,Rantum,SH,Schleswig-holstein,0.15,0.15,0.1,0.15,0.1
7526,7526,Rantzau,SH,Schleswig-holstein,0.15,0.15,0.1,0.15,0.1
7527,7527,Raschau,SN,Sachsen,0.15,0.15,0.1,0.15,0.1
7528,7528,Rascheid,RP,Rheinland-pfalz,0.15,0.15,0.1,0.15,0.1
7529,7529,Rasdorf,HE,Hessen,0.15,0.15,0.1,0.15,0.1
7530,7530,Rastatt,BW,Baden-württemberg,0.15,0.15,0.1,0.15,0.1
7531,7531,Rastdorf,NI,Niedersachsen,0.15,0.15,0.1,0.15,0.1
7532,7532,Rastede,NI,Niedersachsen,0.15,0.15,0.1,0.15,0.1
7533,7533,Rastenberg,TH,Thüringen,0.15,0.15,0.1,0.15,0.1
7534,7534,Rastorf,SH,Schleswig-holstein,0.15,0.15,0.1,0.15,0.1
7535,7535,Rastow,MV,Mecklenburg-vorpommern,0.15,0.15,0.1,0.15,0.1
7536,7536,Ratekau,SH,Schleswig-holstein,0.15,0.15,0.1,0.15,0.1
7537,7537,Rath,NW,Nordrhein-westfalen,0.15,0.15,0.1,0.15,0.1
7538,7538,Rathenow,BB,Brandenburg,0.15,0.15,0.1,0.15,0.1
7539,7539,Rathjensdorf,SH,Schleswig-holstein,0.15,0.15,0.1,0.15,0.1
7540,7540,Rathmannsdorf,ST,Sachsen-anhalt,0.15,0.15,0.1,0.15,0.1
7541,7541,Rathmannsdorf,SN,Sachsen,0.15,0.15,0.1,0.15,0.1
7542,7542,Rathskirchen,RP,Rheinland-pfalz,0.15,0.15,0.1,0.15,0.1
7543,7543,Rathsweiler,RP,Rheinland-pfalz,0.15,0.15,0.1,0.15,0.1
7544,7544,Ratingen,NW,Nordrhein-westfalen,0.15,0.15,0.1,0.15,0.1
7545,7545,Ratshausen,BW,Baden-württemberg,0.15,0.15,0.1,0.15,0.1
7546,7546,Rattelsdorf,BY,Bayern,0.15,0.15,0.1,0.15,0.1
7547,7547,Rattelsdorf,TH,Thüringen,0.15,0.15,0.1,0.15,0.1
7548,7548,Rattenberg,BY,Bayern,0.15,0.15,0.1,0.15,0.1
7549,7549,Rattenkirchen,BY,Bayern,0.15,0.15,0.1,0.15,0.1
7550,7550,Rattiszell,BY,Bayern,0.15,0.15,0.1,0.15,0.1
7551,7551,Ratzeburg,SH,Schleswig-holstein,0.15,0.15,0.1,0.15,0.1
7552,7552,Ratzert,RP,Rheinland-pfalz,0.15,0.15,0.1,0.15,0.1
7553,7553,Raubach,RP,Rheinland-pfalz,0.15,0.15,0.1,0.15,0.1
7554,7554,Raubling,BY,Bayern,0.15,0.15,0.1,0.15,0.1
7555,7555,Rauda,TH,Thüringen,0.15,0.15,0.1,0.15,0.1
7556,7556,Rauen,BB,Brandenburg,0.15,0.15,0.1,0.15,0.1
7557,7557,Rauenberg,BW,Baden-württemberg,0.15,0.15,0.1,0.15,0.1
7558,7558,Raumbach,RP,Rheinland-pfalz,0.15,0.15,0.1,0.15,0.1
7559,7559,Raunheim,HE,Hessen,0.15,0.15,0.1,0.15,0.1
7560,7560,Rauschenberg,HE,Hessen,0.15,0.15,0.1,0.15,0.1
7561,7561,Rauschwitz,TH,Thüringen,0.15,0.15,0.1,0.15,0.1
7562,7562,Rausdorf,TH,Thüringen,0.15,0.15,0.1,0.15,0.1
7563,7563,Rausdorf,SH,Schleswig-holstein,0.15,0.15,0.1,0.15,0.1
7564,7564,Ravengiersburg,RP,Rheinland-pfalz,0.15,0.15,0.1,0.15,0.1
7565,7565,Ravensburg,BW,Baden-württemberg,0.15,0.15,0.1,0.15,0.1
7566,7566,Raversbeuren,RP,Rheinland-pfalz,0.15,0.15,0.1,0.15,0.1
7567,7567,Rayerschied,RP,Rheinland-pfalz,0.15,0.15,0.1,0.15,0.1
7568,7568,Raßnitz,ST,Sachsen-anhalt,0.15,0.15,0.1,0.15,0.1
7569,7569,Rech,RP,Rheinland-pfalz,0.15,0.15,0.1,0.15,0.1
7570,7570,Rechberghausen,BW,Baden-württemberg,0.15,0.15,0.1,0.15,0.1
7571,7571,Rechenberg-Bienenmühle,SN,Sachsen,0.15,0.15,0.1,0.15,0.1
7572,7572,Rechlin,MV,Mecklenburg-vorpommern,0.15,0.15,0.1,0.15,0.1
7573,7573,Rechtenbach,BY,Bayern,0.15,0.15,0.1,0.15,0.1
7574,7574,Rechtenstein,BW,Baden-württemberg,0.15,0.15,0.1,0.15,0.1
7575,7575,Rechtmehring,BY,Bayern,0.15,0.15,0.1,0.15,0.1
7576,7576,Rechtsupweg,NI,Niedersachsen,0.15,0.15,0.1,0.15,0.1
7577,7577,Recke,NW,Nordrhein-westfalen,0.15,0.15,0.1,0.15,0.1
7578,7578,Reckendorf,BY,Bayern,0.15,0.15,0.1,0.15,0.1
7579,7579,Reckenroth,RP,Rheinland-pfalz,0.15,0.15,0.1,0.15,0.1
7580,7580,Reckershausen,RP,Rheinland-pfalz,0.15,0.15,0.1,0.15,0.1
7581,7581,Recklinghausen,NW,Nordrhein-westfalen,0.15,0.15,0.1,0.15,0.1
7582,7582,Reddeber,ST,Sachsen-anhalt,0.15,0.15,0.1,0.15,0.1
7583,7583,Reddelich,MV,Mecklenburg-vorpommern,0.15,0.15,0.1,0.15,0.1
7584,7584,Redefin,MV,Mecklenburg-vorpommern,0.15,0.15,0.1,0.15,0.1
7585,7585,Redekin,ST,Sachsen-anhalt,0.15,0.15,0.1,0.15,0.1
7586,7586,Rednitzhembach,BY,Bayern,0.15,0.15,0.1,0.15,0.1
7587,7587,Redwitz an der Rodach,BY,Bayern,0.15,0.15,0.1,0.15,0.1
7588,7588,Rees,NW,Nordrhein-westfalen,0.15,0.15,0.1,0.15,0.1
7589,7589,Reesdorf,SH,Schleswig-holstein,0.15,0.15,0.1,0.15,0.1
7590,7590,Reesen,ST,Sachsen-anhalt,0.15,0.15,0.1,0.15,0.1
7591,7591,Reeßum,NI,Niedersachsen,0.15,0.15,0.1,0.15,0.1
7592,7592,Regen,BY,Bayern,0.15,0.15,0.1,0.15,0.1
7593,7593,Regensburg,BY,Bayern,0.15,0.15,0.1,0.15,0.1
7594,7594,Regenstauf,BY,Bayern,0.15,0.15,0.1,0.15,0.1
7595,7595,Regesbostel,NI,Niedersachsen,0.15,0.15,0.1,0.15,0.1
7596,7596,Regis-Breitingen,SN,Sachsen,0.15,0.15,0.1,0.15,0.1
7597,7597,Regnitzlosau,BY,Bayern,0.15,0.15,0.1,0.15,0.1
7598,7598,Rehau,BY,Bayern,0.15,0.15,0.1,0.15,0.1
7599,7599,Rehbach,RP,Rheinland-pfalz,0.15,0.15,0.1,0.15,0.1
7600,7600,Rehborn,RP,Rheinland-pfalz,0.15,0.15,0.1,0.15,0.1
7601,7601,Rehburg-Loccum,NI,Niedersachsen,0.15,0.15,0.1,0.15,0.1
7602,7602,Rehden,NI,Niedersachsen,0.15,0.15,0.1,0.15,0.1
7603,7603,Rehe,RP,Rheinland-pfalz,0.15,0.15,0.1,0.15,0.1
7604,7604,Reher,SH,Schleswig-holstein,0.15,0.15,0.1,0.15,0.1
7605,7605,Rehfelde,BB,Brandenburg,0.15,0.15,0.1,0.15,0.1
7606,7606,Rehhorst,SH,Schleswig-holstein,0.15,0.15,0.1,0.15,0.1
7607,7607,Rehling,BY,Bayern,0.15,0.15,0.1,0.15,0.1
7608,7608,Rehlingen,NI,Niedersachsen,0.15,0.15,0.1,0.15,0.1
7609,7609,Rehm-Flehde-Bargen,SH,Schleswig-holstein,0.15,0.15,0.1,0.15,0.1
7610,7610,Rehna,MV,Mecklenburg-vorpommern,0.15,0.15,0.1,0.15,0.1
7611,7611,Rehren,NI,Niedersachsen,0.15,0.15,0.1,0.15,0.1
7612,7612,Rehungen,TH,Thüringen,0.15,0.15,0.1,0.15,0.1
7613,7613,Rehweiler,RP,Rheinland-pfalz,0.15,0.15,0.1,0.15,0.1
7614,7614,Reich,RP,Rheinland-pfalz,0.15,0.15,0.1,0.15,0.1
7615,7615,Reichardtswerben,ST,Sachsen-anhalt,0.15,0.15,0.1,0.15,0.1
7616,7616,Reichartshausen,BW,Baden-württemberg,0.15,0.15,0.1,0.15,0.1
7617,7617,Reichelsheim,HE,Hessen,0.15,0.15,0.1,0.15,0.1
7618,7618,Reichenau,BW,Baden-württemberg,0.15,0.15,0.1,0.15,0.1
7619,7619,Reichenbach,BW,Baden-württemberg,0.15,0.15,0.1,0.15,0.1
7620,7620,Reichenbach,BY,Bayern,0.15,0.15,0.1,0.15,0.1
7621,7621,Reichenbach,TH,Thüringen,0.15,0.15,0.1,0.15,0.1
7622,7622,Reichenbach,SN,Sachsen,0.15,0.15,0.1,0.15,0.1
7623,7623,Reichenbach,RP,Rheinland-pfalz,0.15,0.15,0.1,0.15,0.1
7624,7624,Reichenbach am Heuberg,BW,Baden-württemberg,0.15,0.15,0.1,0.15,0.1
7625,7625,Reichenbach an der Fils,BW,Baden-württemberg,0.15,0.15,0.1,0.15,0.1
7626,7626,Reichenbach-Steegen,RP,Rheinland-pfalz,0.15,0.15,0.1,0.15,0.1
7627,7627,Reichenbach/Vogtland,SN,Sachsen,0.15,0.15,0.1,0.15,0.1
7628,7628,Reichenberg,BY,Bayern,0.15,0.15,0.1,0.15,0.1
7629,7629,Reichenberg,RP,Rheinland-pfalz,0.15,0.15,0.1,0.15,0.1
7630,7630,Reichenschwand,BY,Bayern,0.15,0.15,0.1,0.15,0.1
7631,7631,Reichenwalde,BB,Brandenburg,0.15,0.15,0.1,0.15,0.1
7632,7632,Reichersbeuern,BY,Bayern,0.15,0.15,0.1,0.15,0.1
7633,7633,Reichertshausen,BY,Bayern,0.15,0.15,0.1,0.15,0.1
7634,7634,Reichertsheim,BY,Bayern,0.15,0.15,0.1,0.15,0.1
7635,7635,Reichertshofen,BY,Bayern,0.15,0.15,0.1,0.15,0.1
7636,7636,Reichling,BY,Bayern,0.15,0.15,0.1,0.15,0.1
7637,7637,Reichmannsdorf,TH,Thüringen,0.15,0.15,0.1,0.15,0.1
7638,7638,Reichsthal,RP,Rheinland-pfalz,0.15,0.15,0.1,0.15,0.1
7639,7639,Reichweiler,RP,Rheinland-pfalz,0.15,0.15,0.1,0.15,0.1
7640,7640,Reidenhausen,RP,Rheinland-pfalz,0.15,0.15,0.1,0.15,0.1
7641,7641,Reifenberg,RP,Rheinland-pfalz,0.15,0.15,0.1,0.15,0.1
7642,7642,Reiferscheid,RP,Rheinland-pfalz,0.15,0.15,0.1,0.15,0.1
7643,7643,Reiff,RP,Rheinland-pfalz,0.15,0.15,0.1,0.15,0.1
7644,7644,Reiffelbach,RP,Rheinland-pfalz,0.15,0.15,0.1,0.15,0.1
7645,7645,Reifferscheid,RP,Rheinland-pfalz,0.15,0.15,0.1,0.15,0.1
7646,7646,Reil,RP,Rheinland-pfalz,0.15,0.15,0.1,0.15,0.1
7647,7647,Reilingen,BW,Baden-württemberg,0.15,0.15,0.1,0.15,0.1
7648,7648,Reimerath,RP,Rheinland-pfalz,0.15,0.15,0.1,0.15,0.1
7649,7649,Reimershagen,MV,Mecklenburg-vorpommern,0.15,0.15,0.1,0.15,0.1
7650,7650,Reimlingen,BY,Bayern,0.15,0.15,0.1,0.15,0.1
7651,7651,Reinbek,SH,Schleswig-holstein,0.15,0.15,0.1,0.15,0.1
7652,7652,Reinberg,MV,Mecklenburg-vorpommern,0.15,0.15,0.1,0.15,0.1
7653,7653,Reinfeld,SH,Schleswig-holstein,0.15,0.15,0.1,0.15,0.1
7654,7654,Reinhardtsgrimma,SN,Sachsen,0.15,0.15,0.1,0.15,0.1
7655,7655,Reinheim,HE,Hessen,0.15,0.15,0.1,0.15,0.1
7656,7656,Reinholterode,TH,Thüringen,0.15,0.15,0.1,0.15,0.1
7657,7657,Reinickendorf,BE,Berlin,0.15,0.15,0.1,0.15,0.1
7658,7658,Reinsberg,SN,Sachsen,0.15,0.15,0.1,0.15,0.1
7659,7659,Reinsbüttel,SH,Schleswig-holstein,0.15,0.15,0.1,0.15,0.1
7660,7660,Reinsdorf,SN,Sachsen,0.15,0.15,0.1,0.15,0.1
7661,7661,Reinsdorf,TH,Thüringen,0.15,0.15,0.1,0.15,0.1
7662,7662,Reinsdorf,ST,Sachsen-anhalt,0.15,0.15,0.1,0.15,0.1
7663,7663,Reinsfeld,RP,Rheinland-pfalz,0.15,0.15,0.1,0.15,0.1
7664,7664,Reinstorf,NI,Niedersachsen,0.15,0.15,0.1,0.15,0.1
7665,7665,Reinstädt,TH,Thüringen,0.15,0.15,0.1,0.15,0.1
7666,7666,Reipeldingen,RP,Rheinland-pfalz,0.15,0.15,0.1,0.15,0.1
7667,7667,Reipoltskirchen,RP,Rheinland-pfalz,0.15,0.15,0.1,0.15,0.1
7668,7668,Reisbach,BY,Bayern,0.15,0.15,0.1,0.15,0.1
7669,7669,Reischach,BY,Bayern,0.15,0.15,0.1,0.15,0.1
7670,7670,Reiskirchen,HE,Hessen,0.15,0.15,0.1,0.15,0.1
7671,7671,Reit im Winkl,BY,Bayern,0.15,0.15,0.1,0.15,0.1
7672,7672,Reitwein,BB,Brandenburg,0.15,0.15,0.1,0.15,0.1
7673,7673,Reitzenhain,RP,Rheinland-pfalz,0.15,0.15,0.1,0.15,0.1
7674,7674,Rellingen,SH,Schleswig-holstein,0.15,0.15,0.1,0.15,0.1
7675,7675,Relsberg,RP,Rheinland-pfalz,0.15,0.15,0.1,0.15,0.1
7676,7676,Remagen,RP,Rheinland-pfalz,0.15,0.15,0.1,0.15,0.1
7677,7677,Remlingen,BY,Bayern,0.15,0.15,0.1,0.15,0.1
7678,7678,Remlingen,NI,Niedersachsen,0.15,0.15,0.1,0.15,0.1
7679,7679,Remmels,SH,Schleswig-holstein,0.15,0.15,0.1,0.15,0.1
7680,7680,Remplin,MV,Mecklenburg-vorpommern,0.15,0.15,0.1,0.15,0.1
7681,7681,Remptendorf,TH,Thüringen,0.15,0.15,0.1,0.15,0.1
7682,7682,Remscheid,NW,Nordrhein-westfalen,0.15,0.15,0.1,0.15,0.1
7683,7683,Remse,SN,Sachsen,0.15,0.15,0.1,0.15,0.1
7684,7684,Remstädt,TH,Thüringen,0.15,0.15,0.1,0.15,0.1
7685,7685,Renchen,BW,Baden-württemberg,0.15,0.15,0.1,0.15,0.1
7686,7686,Rendsburg,SH,Schleswig-holstein,0.15,0.15,0.1,0.15,0.1
7687,7687,Rendswühren,SH,Schleswig-holstein,0.15,0.15,0.1,0.15,0.1
7688,7688,Rengsdorf,RP,Rheinland-pfalz,0.15,0.15,0.1,0.15,0.1
7689,7689,Renkenberge,NI,Niedersachsen,0.15,0.15,0.1,0.15,0.1
7690,7690,Rennau,NI,Niedersachsen,0.15,0.15,0.1,0.15,0.1
7691,7691,Renneritz,ST,Sachsen-anhalt,0.15,0.15,0.1,0.15,0.1
7692,7692,Rennerod,RP,Rheinland-pfalz,0.15,0.15,0.1,0.15,0.1
7693,7693,Rennertshofen,BY,Bayern,0.15,0.15,0.1,0.15,0.1
7694,7694,Renningen,BW,Baden-württemberg,0.15,0.15,0.1,0.15,0.1
7695,7695,Renquishausen,BW,Baden-württemberg,0.15,0.15,0.1,0.15,0.1
7696,7696,Renthendorf,TH,Thüringen,0.15,0.15,0.1,0.15,0.1
7697,7697,Rentweinsdorf,BY,Bayern,0.15,0.15,0.1,0.15,0.1
7698,7698,Reppenstedt,NI,Niedersachsen,0.15,0.15,0.1,0.15,0.1
7699,7699,Retgendorf,MV,Mecklenburg-vorpommern,0.15,0.15,0.1,0.15,0.1
7700,7700,Rethem,NI,Niedersachsen,0.15,0.15,0.1,0.15,0.1
7701,7701,Rethwisch,SH,Schleswig-holstein,0.15,0.15,0.1,0.15,0.1
7702,7702,Retschow,MV,Mecklenburg-vorpommern,0.15,0.15,0.1,0.15,0.1
7703,7703,Rettenbach,BY,Bayern,0.15,0.15,0.1,0.15,0.1
7704,7704,Rettenberg,BY,Bayern,0.15,0.15,0.1,0.15,0.1
7705,7705,Retterath,RP,Rheinland-pfalz,0.15,0.15,0.1,0.15,0.1
7706,7706,Rettersen,RP,Rheinland-pfalz,0.15,0.15,0.1,0.15,0.1
7707,7707,Rettershain,RP,Rheinland-pfalz,0.15,0.15,0.1,0.15,0.1
7708,7708,Rettert,RP,Rheinland-pfalz,0.15,0.15,0.1,0.15,0.1
7709,7709,Retzow,BB,Brandenburg,0.15,0.15,0.1,0.15,0.1
7710,7710,Retzstadt,BY,Bayern,0.15,0.15,0.1,0.15,0.1
7711,7711,Reudelsterz,RP,Rheinland-pfalz,0.15,0.15,0.1,0.15,0.1
7712,7712,Reurieth,TH,Thüringen,0.15,0.15,0.1,0.15,0.1
7713,7713,Reut,BY,Bayern,0.15,0.15,0.1,0.15,0.1
7714,7714,Reuth,SN,Sachsen,0.15,0.15,0.1,0.15,0.1
7715,7715,Reuth,RP,Rheinland-pfalz,0.15,0.15,0.1,0.15,0.1
7716,7716,Reuth,BY,Bayern,0.15,0.15,0.1,0.15,0.1
7717,7717,Reutlingen,BW,Baden-württemberg,0.15,0.15,0.1,0.15,0.1
7718,7718,Reußen,ST,Sachsen-anhalt,0.15,0.15,0.1,0.15,0.1
7719,7719,Reußenköge,SH,Schleswig-holstein,0.15,0.15,0.1,0.15,0.1
7720,7720,Rhade,NI,Niedersachsen,0.15,0.15,0.1,0.15,0.1
7721,7721,Rhaunen,RP,Rheinland-pfalz,0.15,0.15,0.1,0.15,0.1
7722,7722,Rheda-Wiedenbrück,NW,Nordrhein-westfalen,0.15,0.15,0.1,0.15,0.1
7723,7723,Rhede,NW,Nordrhein-westfalen,0.15,0.15,0.1,0.15,0.1
7724,7724,Rhede,NI,Niedersachsen,0.15,0.15,0.1,0.15,0.1
7725,7725,Rheden,NI,Niedersachsen,0.15,0.15,0.1,0.15,0.1
7726,7726,Rheinau,BW,Baden-württemberg,0.15,0.15,0.1,0.15,0.1
7727,7727,Rheinbach,NW,Nordrhein-westfalen,0.15,0.15,0.1,0.15,0.1
7728,7728,Rheinberg,NW,Nordrhein-westfalen,0.15,0.15,0.1,0.15,0.1
7729,7729,Rheinbreitbach,RP,Rheinland-pfalz,0.15,0.15,0.1,0.15,0.1
7730,7730,Rheinbrohl,RP,Rheinland-pfalz,0.15,0.15,0.1,0.15,0.1
7731,7731,Rheinböllen,RP,Rheinland-pfalz,0.15,0.15,0.1,0.15,0.1
7732,7732,Rheine,NW,Nordrhein-westfalen,0.15,0.15,0.1,0.15,0.1
7733,7733,Rheinfelden,BW,Baden-württemberg,0.15,0.15,0.1,0.15,0.1
7734,7734,Rheinmünster,BW,Baden-württemberg,0.15,0.15,0.1,0.15,0.1
7735,7735,Rheinsberg,BB,Brandenburg,0.15,0.15,0.1,0.15,0.1
7736,7736,Rheinstetten,BW,Baden-württemberg,0.15,0.15,0.1,0.15,0.1
7737,7737,Rheinzabern,RP,Rheinland-pfalz,0.15,0.15,0.1,0.15,0.1
7738,7738,Rhens,RP,Rheinland-pfalz,0.15,0.15,0.1,0.15,0.1
7739,7739,Rheurdt,NW,Nordrhein-westfalen,0.15,0.15,0.1,0.15,0.1
7740,7740,Rhinow,BB,Brandenburg,0.15,0.15,0.1,0.15,0.1
7741,7741,Rhoden,HE,Hessen,0.15,0.15,0.1,0.15,0.1
7742,7742,Rhodt unter Rietburg,RP,Rheinland-pfalz,0.15,0.15,0.1,0.15,0.1
7743,7743,Rhumspringe,NI,Niedersachsen,0.15,0.15,0.1,0.15,0.1
7744,7744,Ribbesbüttel,NI,Niedersachsen,0.15,0.15,0.1,0.15,0.1
7745,7745,Ribnitz-Damgarten,MV,Mecklenburg-vorpommern,0.15,0.15,0.1,0.15,0.1
7746,7746,Richtenberg,MV,Mecklenburg-vorpommern,0.15,0.15,0.1,0.15,0.1
7747,7747,Rickenbach,BW,Baden-württemberg,0.15,0.15,0.1,0.15,0.1
7748,7748,Rickert,SH,Schleswig-holstein,0.15,0.15,0.1,0.15,0.1
7749,7749,Rickling,SH,Schleswig-holstein,0.15,0.15,0.1,0.15,0.1
7750,7750,Ried,BY,Bayern,0.15,0.15,0.1,0.15,0.1
7751,7751,Riede,NI,Niedersachsen,0.15,0.15,0.1,0.15,0.1
7752,7752,Riedelberg,RP,Rheinland-pfalz,0.15,0.15,0.1,0.15,0.1
7753,7753,Rieden,RP,Rheinland-pfalz,0.15,0.15,0.1,0.15,0.1
7754,7754,Rieden,BY,Bayern,0.15,0.15,0.1,0.15,0.1
7755,7755,Riedenberg,BY,Bayern,0.15,0.15,0.1,0.15,0.1
7756,7756,Riedenburg,BY,Bayern,0.15,0.15,0.1,0.15,0.1
7757,7757,Riedenheim,BY,Bayern,0.15,0.15,0.1,0.15,0.1
7758,7758,Rieder,ST,Sachsen-anhalt,0.15,0.15,0.1,0.15,0.1
7759,7759,Riederich,BW,Baden-württemberg,0.15,0.15,0.1,0.15,0.1
7760,7760,Riedering,BY,Bayern,0.15,0.15,0.1,0.15,0.1
7761,7761,Riedhausen,BW,Baden-württemberg,0.15,0.15,0.1,0.15,0.1
7762,7762,Riedlingen,BW,Baden-württemberg,0.15,0.15,0.1,0.15,0.1
7763,7763,Riedstadt,HE,Hessen,0.15,0.15,0.1,0.15,0.1
7764,7764,Riegel,BW,Baden-württemberg,0.15,0.15,0.1,0.15,0.1
7765,7765,Riegelsberg,SL,Saarland,0.15,0.15,0.1,0.15,0.1
7766,7766,Riegenroth,RP,Rheinland-pfalz,0.15,0.15,0.1,0.15,0.1
7767,7767,Riegsee,BY,Bayern,0.15,0.15,0.1,0.15,0.1
7768,7768,Riekofen,BY,Bayern,0.15,0.15,0.1,0.15,0.1
7769,7769,Rielasingen-Worblingen,BW,Baden-württemberg,0.15,0.15,0.1,0.15,0.1
7770,7770,Rieneck,BY,Bayern,0.15,0.15,0.1,0.15,0.1
7771,7771,Riepsdorf,SH,Schleswig-holstein,0.15,0.15,0.1,0.15,0.1
7772,7772,Riesa,SN,Sachsen,0.15,0.15,0.1,0.15,0.1
7773,7773,Rieschweiler-Mühlbach,RP,Rheinland-pfalz,0.15,0.15,0.1,0.15,0.1
7774,7774,Rieseby,SH,Schleswig-holstein,0.15,0.15,0.1,0.15,0.1
7775,7775,Rieste,NI,Niedersachsen,0.15,0.15,0.1,0.15,0.1
7776,7776,Riestedt,ST,Sachsen-anhalt,0.15,0.15,0.1,0.15,0.1
7777,7777,Riesweiler,RP,Rheinland-pfalz,0.15,0.15,0.1,0.15,0.1
7778,7778,Rietberg,NW,Nordrhein-westfalen,0.15,0.15,0.1,0.15,0.1
7779,7779,Rietheim-Weilheim,BW,Baden-württemberg,0.15,0.15,0.1,0.15,0.1
7780,7780,Riethgen,TH,Thüringen,0.15,0.15,0.1,0.15,0.1
7781,7781,Riethnordhausen,TH,Thüringen,0.15,0.15,0.1,0.15,0.1
7782,7782,Riethnordhausen,ST,Sachsen-anhalt,0.15,0.15,0.1,0.15,0.1
7783,7783,Rietschen,SN,Sachsen,0.15,0.15,0.1,0.15,0.1
7784,7784,Rimbach,BY,Bayern,0.15,0.15,0.1,0.15,0.1
7785,7785,Rimbach,HE,Hessen,0.15,0.15,0.1,0.15,0.1
7786,7786,Rimpar,BY,Bayern,0.15,0.15,0.1,0.15,0.1
7787,7787,Rimsberg,RP,Rheinland-pfalz,0.15,0.15,0.1,0.15,0.1
7788,7788,Rimsting,BY,Bayern,0.15,0.15,0.1,0.15,0.1
7789,7789,Rinchnach,BY,Bayern,0.15,0.15,0.1,0.15,0.1
7790,7790,Ringelai,BY,Bayern,0.15,0.15,0.1,0.15,0.1
7791,7791,Ringleben,TH,Thüringen,0.15,0.15,0.1,0.15,0.1
7792,7792,Ringsberg,SH,Schleswig-holstein,0.15,0.15,0.1,0.15,0.1
7793,7793,Ringsheim,BW,Baden-württemberg,0.15,0.15,0.1,0.15,0.1
7794,7794,Ringstedt,NI,Niedersachsen,0.15,0.15,0.1,0.15,0.1
7795,7795,Rinnthal,RP,Rheinland-pfalz,0.15,0.15,0.1,0.15,0.1
7796,7796,Rinteln,NI,Niedersachsen,0.15,0.15,0.1,0.15,0.1
7797,7797,Rinzenberg,RP,Rheinland-pfalz,0.15,0.15,0.1,0.15,0.1
7798,7798,Riol,RP,Rheinland-pfalz,0.15,0.15,0.1,0.15,0.1
7799,7799,Rippach,ST,Sachsen-anhalt,0.15,0.15,0.1,0.15,0.1
7800,7800,Rippershausen,TH,Thüringen,0.15,0.15,0.1,0.15,0.1
7801,7801,Risum-Lindholm,SH,Schleswig-holstein,0.15,0.15,0.1,0.15,0.1
7802,7802,Ritschenhausen,TH,Thüringen,0.15,0.15,0.1,0.15,0.1
7803,7803,Ritterhude,NI,Niedersachsen,0.15,0.15,0.1,0.15,0.1
7804,7804,Rittersdorf,RP,Rheinland-pfalz,0.15,0.15,0.1,0.15,0.1
7805,7805,Rittersdorf,TH,Thüringen,0.15,0.15,0.1,0.15,0.1
7806,7806,Rittersgrün,SN,Sachsen,0.15,0.15,0.1,0.15,0.1
7807,7807,Rittersheim,RP,Rheinland-pfalz,0.15,0.15,0.1,0.15,0.1
7808,7808,Ritzerau,SH,Schleswig-holstein,0.15,0.15,0.1,0.15,0.1
7809,7809,Ritzerow,MV,Mecklenburg-vorpommern,0.15,0.15,0.1,0.15,0.1
7810,7810,Rivenich,RP,Rheinland-pfalz,0.15,0.15,0.1,0.15,0.1
7811,7811,Riveris,RP,Rheinland-pfalz,0.15,0.15,0.1,0.15,0.1
7812,7812,Rochau,ST,Sachsen-anhalt,0.15,0.15,0.1,0.15,0.1
7813,7813,Rochlitz,SN,Sachsen,0.15,0.15,0.1,0.15,0.1
7814,7814,Rockenberg,HE,Hessen,0.15,0.15,0.1,0.15,0.1
7815,7815,Rockenhausen,RP,Rheinland-pfalz,0.15,0.15,0.1,0.15,0.1
7816,7816,Rockeskyll,RP,Rheinland-pfalz,0.15,0.15,0.1,0.15,0.1
7817,7817,Rockhausen,TH,Thüringen,0.15,0.15,0.1,0.15,0.1
7818,7818,Rockstedt,TH,Thüringen,0.15,0.15,0.1,0.15,0.1
7819,7819,Rodalben,RP,Rheinland-pfalz,0.15,0.15,0.1,0.15,0.1
7820,7820,Roden,BY,Bayern,0.15,0.15,0.1,0.15,0.1
7821,7821,Rodenbach,RP,Rheinland-pfalz,0.15,0.15,0.1,0.15,0.1
7822,7822,Rodenbach,HE,Hessen,0.15,0.15,0.1,0.15,0.1
7823,7823,Rodenbek,SH,Schleswig-holstein,0.15,0.15,0.1,0.15,0.1
7824,7824,Rodenberg,NI,Niedersachsen,0.15,0.15,0.1,0.15,0.1
7825,7825,Rodenäs,SH,Schleswig-holstein,0.15,0.15,0.1,0.15,0.1
7826,7826,Rodershausen,RP,Rheinland-pfalz,0.15,0.15,0.1,0.15,0.1
7827,7827,Rodewisch,SN,Sachsen,0.15,0.15,0.1,0.15,0.1
7828,7828,Rodgau,HE,Hessen,0.15,0.15,0.1,0.15,0.1
7829,7829,Roding,BY,Bayern,0.15,0.15,0.1,0.15,0.1
7830,7830,Rodleben,ST,Sachsen-anhalt,0.15,0.15,0.1,0.15,0.1
7831,7831,Roes,RP,Rheinland-pfalz,0.15,0.15,0.1,0.15,0.1
7832,7832,Roetgen,NW,Nordrhein-westfalen,0.15,0.15,0.1,0.15,0.1
7833,7833,Roggenburg,BY,Bayern,0.15,0.15,0.1,0.15,0.1
7834,7834,Roggendorf,MV,Mecklenburg-vorpommern,0.15,0.15,0.1,0.15,0.1
7835,7835,Roggentin,MV,Mecklenburg-vorpommern,0.15,0.15,0.1,0.15,0.1
7836,7836,Rogätz,ST,Sachsen-anhalt,0.15,0.15,0.1,0.15,0.1
7837,7837,Rohr,BY,Bayern,0.15,0.15,0.1,0.15,0.1
7838,7838,Rohr,TH,Thüringen,0.15,0.15,0.1,0.15,0.1
7839,7839,Rohrbach,RP,Rheinland-pfalz,0.15,0.15,0.1,0.15,0.1
7840,7840,Rohrbach,TH,Thüringen,0.15,0.15,0.1,0.15,0.1
7841,7841,Rohrbach,BY,Bayern,0.15,0.15,0.1,0.15,0.1
7842,7842,Rohrberg,ST,Sachsen-anhalt,0.15,0.15,0.1,0.15,0.1
7843,7843,Rohrberg,TH,Thüringen,0.15,0.15,0.1,0.15,0.1
7844,7844,Rohrdorf,BW,Baden-württemberg,0.15,0.15,0.1,0.15,0.1
7845,7845,Rohrdorf,BY,Bayern,0.15,0.15,0.1,0.15,0.1
7846,7846,Rohrenfels,BY,Bayern,0.15,0.15,0.1,0.15,0.1
7847,7847,Rohrsen,NI,Niedersachsen,0.15,0.15,0.1,0.15,0.1
7848,7848,Roigheim,BW,Baden-württemberg,0.15,0.15,0.1,0.15,0.1
7849,7849,Roitzsch,ST,Sachsen-anhalt,0.15,0.15,0.1,0.15,0.1
7850,7850,Roklum,NI,Niedersachsen,0.15,0.15,0.1,0.15,0.1
7851,7851,Rollshausen,NI,Niedersachsen,0.15,0.15,0.1,0.15,0.1
7852,7852,Rollwitz,MV,Mecklenburg-vorpommern,0.15,0.15,0.1,0.15,0.1
7853,7853,Rom,MV,Mecklenburg-vorpommern,0.15,0.15,0.1,0.15,0.1
7854,7854,Rommersheim,RP,Rheinland-pfalz,0.15,0.15,0.1,0.15,0.1
7855,7855,Rommerskirchen,NW,Nordrhein-westfalen,0.15,0.15,0.1,0.15,0.1
7856,7856,Romrod,HE,Hessen,0.15,0.15,0.1,0.15,0.1
7857,7857,Rondeshagen,SH,Schleswig-holstein,0.15,0.15,0.1,0.15,0.1
7858,7858,Ronneburg,TH,Thüringen,0.15,0.15,0.1,0.15,0.1
7859,7859,Ronnenberg,NI,Niedersachsen,0.15,0.15,0.1,0.15,0.1
7860,7860,Ronsberg,BY,Bayern,0.15,0.15,0.1,0.15,0.1
7861,7861,Ronshausen,HE,Hessen,0.15,0.15,0.1,0.15,0.1
7862,7862,Rorodt,RP,Rheinland-pfalz,0.15,0.15,0.1,0.15,0.1
7863,7863,Rosa,TH,Thüringen,0.15,0.15,0.1,0.15,0.1
7864,7864,Rosbach vor der Höhe,HE,Hessen,0.15,0.15,0.1,0.15,0.1
7865,7865,Roschbach,RP,Rheinland-pfalz,0.15,0.15,0.1,0.15,0.1
7866,7866,Rosche,NI,Niedersachsen,0.15,0.15,0.1,0.15,0.1
7867,7867,Roscheid,RP,Rheinland-pfalz,0.15,0.15,0.1,0.15,0.1
7868,7868,Rosdorf,NI,Niedersachsen,0.15,0.15,0.1,0.15,0.1
7869,7869,Rosdorf,SH,Schleswig-holstein,0.15,0.15,0.1,0.15,0.1
7870,7870,Roseburg,SH,Schleswig-holstein,0.15,0.15,0.1,0.15,0.1
7871,7871,Rosenberg,BW,Baden-württemberg,0.15,0.15,0.1,0.15,0.1
7872,7872,Rosendorf,TH,Thüringen,0.15,0.15,0.1,0.15,0.1
7873,7873,Rosenfeld,BW,Baden-württemberg,0.15,0.15,0.1,0.15,0.1
7874,7874,Rosenheim,BY,Bayern,0.15,0.15,0.1,0.15,0.1
7875,7875,Rosenheim,RP,Rheinland-pfalz,0.15,0.15,0.1,0.15,0.1
7876,7876,Rosenkopf,RP,Rheinland-pfalz,0.15,0.15,0.1,0.15,0.1
7877,7877,Rosenow,MV,Mecklenburg-vorpommern,0.15,0.15,0.1,0.15,0.1
7878,7878,Rosenthal,HE,Hessen,0.15,0.15,0.1,0.15,0.1
7879,7879,Rosenthal,BE,Berlin,0.15,0.15,0.1,0.15,0.1
7880,7880,Rosian,ST,Sachsen-anhalt,0.15,0.15,0.1,0.15,0.1
7881,7881,Rositz,TH,Thüringen,0.15,0.15,0.1,0.15,0.1
7882,7882,Roskow,BB,Brandenburg,0.15,0.15,0.1,0.15,0.1
7883,7883,Rossau,SN,Sachsen,0.15,0.15,0.1,0.15,0.1
7884,7884,Rossow,MV,Mecklenburg-vorpommern,0.15,0.15,0.1,0.15,0.1
7885,7885,Rostock,MV,Mecklenburg-vorpommern,0.15,0.15,0.1,0.15,0.1
7886,7886,Rot,BW,Baden-württemberg,0.15,0.15,0.1,0.15,0.1
7887,7887,Rot am See,BW,Baden-württemberg,0.15,0.15,0.1,0.15,0.1
7888,7888,Rot an der Rot,BW,Baden-württemberg,0.15,0.15,0.1,0.15,0.1
7889,7889,Rotenburg,NI,Niedersachsen,0.15,0.15,0.1,0.15,0.1
7890,7890,Rotenburg an der Fulda,HE,Hessen,0.15,0.15,0.1,0.15,0.1
7891,7891,Rotenhain,RP,Rheinland-pfalz,0.15,0.15,0.1,0.15,0.1
7892,7892,Roth,RP,Rheinland-pfalz,0.15,0.15,0.1,0.15,0.1
7893,7893,Roth,BY,Bayern,0.15,0.15,0.1,0.15,0.1
7894,7894,Rothenbach,RP,Rheinland-pfalz,0.15,0.15,0.1,0.15,0.1
7895,7895,Rothenberg,HE,Hessen,0.15,0.15,0.1,0.15,0.1
7896,7896,Rothenbuch,BY,Bayern,0.15,0.15,0.1,0.15,0.1
7897,7897,Rothenburg,ST,Sachsen-anhalt,0.15,0.15,0.1,0.15,0.1
7898,7898,Rothenburg,NI,Niedersachsen,0.15,0.15,0.1,0.15,0.1
7899,7899,Rothenburg,SN,Sachsen,0.15,0.15,0.1,0.15,0.1
7900,7900,Rothenburg ob der Tauber,BY,Bayern,0.15,0.15,0.1,0.15,0.1
7901,7901,Rothenburgsort,HH,Hamburg,0.15,0.15,0.1,0.15,0.1
7902,7902,Rothenfelde,NI,Niedersachsen,0.15,0.15,0.1,0.15,0.1
7903,7903,Rothenfels,BY,Bayern,0.15,0.15,0.1,0.15,0.1
7904,7904,Rothenschirmbach,ST,Sachsen-anhalt,0.15,0.15,0.1,0.15,0.1
7905,7905,Rothenstein,TH,Thüringen,0.15,0.15,0.1,0.15,0.1
7906,7906,Rothselberg,RP,Rheinland-pfalz,0.15,0.15,0.1,0.15,0.1
7907,7907,Rott,BY,Bayern,0.15,0.15,0.1,0.15,0.1
7908,7908,Rott,RP,Rheinland-pfalz,0.15,0.15,0.1,0.15,0.1
7909,7909,Rotta,ST,Sachsen-anhalt,0.15,0.15,0.1,0.15,0.1
7910,7910,Rottach-Egern,BY,Bayern,0.15,0.15,0.1,0.15,0.1
7911,7911,Rottenacker,BW,Baden-württemberg,0.15,0.15,0.1,0.15,0.1
7912,7912,Rottenbach,TH,Thüringen,0.15,0.15,0.1,0.15,0.1
7913,7913,Rottenbuch,BY,Bayern,0.15,0.15,0.1,0.15,0.1
7914,7914,Rottenburg,BW,Baden-württemberg,0.15,0.15,0.1,0.15,0.1
7915,7915,Rottenburg an der Laaber,BY,Bayern,0.15,0.15,0.1,0.15,0.1
7916,7916,Rottendorf,BY,Bayern,0.15,0.15,0.1,0.15,0.1
7917,7917,Rotterode,TH,Thüringen,0.15,0.15,0.1,0.15,0.1
7918,7918,Rotthalmünster,BY,Bayern,0.15,0.15,0.1,0.15,0.1
7919,7919,Rottleben,TH,Thüringen,0.15,0.15,0.1,0.15,0.1
7920,7920,Rottleberode,ST,Sachsen-anhalt,0.15,0.15,0.1,0.15,0.1
7921,7921,Rottmersleben,ST,Sachsen-anhalt,0.15,0.15,0.1,0.15,0.1
7922,7922,Rottweil,BW,Baden-württemberg,0.15,0.15,0.1,0.15,0.1
7923,7923,Roxheim,RP,Rheinland-pfalz,0.15,0.15,0.1,0.15,0.1
7924,7924,Roßbach,BY,Bayern,0.15,0.15,0.1,0.15,0.1
7925,7925,Roßbach,RP,Rheinland-pfalz,0.15,0.15,0.1,0.15,0.1
7926,7926,Roßdorf,HE,Hessen,0.15,0.15,0.1,0.15,0.1
7927,7927,Roßdorf,TH,Thüringen,0.15,0.15,0.1,0.15,0.1
7928,7928,Roßdorf,ST,Sachsen-anhalt,0.15,0.15,0.1,0.15,0.1
7929,7929,Roßhaupten,BY,Bayern,0.15,0.15,0.1,0.15,0.1
7930,7930,Roßla,ST,Sachsen-anhalt,0.15,0.15,0.1,0.15,0.1
7931,7931,Roßlau,ST,Sachsen-anhalt,0.15,0.15,0.1,0.15,0.1
7932,7932,Roßleben,TH,Thüringen,0.15,0.15,0.1,0.15,0.1
7933,7933,Roßtal,BY,Bayern,0.15,0.15,0.1,0.15,0.1
7934,7934,Roßwein,SN,Sachsen,0.15,0.15,0.1,0.15,0.1
7935,7935,Rubkow,MV,Mecklenburg-vorpommern,0.15,0.15,0.1,0.15,0.1
7936,7936,Rubow,MV,Mecklenburg-vorpommern,0.15,0.15,0.1,0.15,0.1
7937,7937,Rudelzhausen,BY,Bayern,0.15,0.15,0.1,0.15,0.1
7938,7938,Ruderatshofen,BY,Bayern,0.15,0.15,0.1,0.15,0.1
7939,7939,Rudersberg,BW,Baden-württemberg,0.15,0.15,0.1,0.15,0.1
7940,7940,Rudersdorf,TH,Thüringen,0.15,0.15,0.1,0.15,0.1
7941,7941,Ruderting,BY,Bayern,0.15,0.15,0.1,0.15,0.1
7942,7942,Rudolstadt,TH,Thüringen,0.15,0.15,0.1,0.15,0.1
7943,7943,Rugendorf,BY,Bayern,0.15,0.15,0.1,0.15,0.1
7944,7944,Ruhla,TH,Thüringen,0.15,0.15,0.1,0.15,0.1
7945,7945,Ruhland,BB,Brandenburg,0.15,0.15,0.1,0.15,0.1
7946,7946,Ruhmannsfelden,BY,Bayern,0.15,0.15,0.1,0.15,0.1
7947,7947,Ruhpolding,BY,Bayern,0.15,0.15,0.1,0.15,0.1
7948,7948,Ruhstorf,BY,Bayern,0.15,0.15,0.1,0.15,0.1
7949,7949,Ruhwinkel,SH,Schleswig-holstein,0.15,0.15,0.1,0.15,0.1
7950,7950,Rullstorf,NI,Niedersachsen,0.15,0.15,0.1,0.15,0.1
7951,7951,Rumbach,RP,Rheinland-pfalz,0.15,0.15,0.1,0.15,0.1
7952,7952,Rumohr,SH,Schleswig-holstein,0.15,0.15,0.1,0.15,0.1
7953,7953,Runding,BY,Bayern,0.15,0.15,0.1,0.15,0.1
7954,7954,Runkel,HE,Hessen,0.15,0.15,0.1,0.15,0.1
7955,7955,Ruppach-Goldhausen,RP,Rheinland-pfalz,0.15,0.15,0.1,0.15,0.1
7956,7956,Ruppertsberg,RP,Rheinland-pfalz,0.15,0.15,0.1,0.15,0.1
7957,7957,Ruppertsecken,RP,Rheinland-pfalz,0.15,0.15,0.1,0.15,0.1
7958,7958,Ruppertshofen,RP,Rheinland-pfalz,0.15,0.15,0.1,0.15,0.1
7959,7959,Ruppertshofen,BW,Baden-württemberg,0.15,0.15,0.1,0.15,0.1
7960,7960,Ruppertsweiler,RP,Rheinland-pfalz,0.15,0.15,0.1,0.15,0.1
7961,7961,Ruppichteroth,NW,Nordrhein-westfalen,0.15,0.15,0.1,0.15,0.1
7962,7962,Ruschberg,RP,Rheinland-pfalz,0.15,0.15,0.1,0.15,0.1
7963,7963,Rust,BW,Baden-württemberg,0.15,0.15,0.1,0.15,0.1
7964,7964,Rustenfelde,TH,Thüringen,0.15,0.15,0.1,0.15,0.1
7965,7965,Rutesheim,BW,Baden-württemberg,0.15,0.15,0.1,0.15,0.1
7966,7966,Ruthweiler,RP,Rheinland-pfalz,0.15,0.15,0.1,0.15,0.1
7967,7967,Rutsweiler an der Lauter,RP,Rheinland-pfalz,0.15,0.15,0.1,0.15,0.1
7968,7968,Ruttersdorf-Lotschen,TH,Thüringen,0.15,0.15,0.1,0.15,0.1
7969,7969,Räbke,NI,Niedersachsen,0.15,0.15,0.1,0.15,0.1
7970,7970,Räckelwitz,SN,Sachsen,0.15,0.15,0.1,0.15,0.1
7971,7971,Rätzlingen,ST,Sachsen-anhalt,0.15,0.15,0.1,0.15,0.1
7972,7972,Rätzlingen,NI,Niedersachsen,0.15,0.15,0.1,0.15,0.1
7973,7973,Röbel,MV,Mecklenburg-vorpommern,0.15,0.15,0.1,0.15,0.1
7974,7974,Röblingen am See,ST,Sachsen-anhalt,0.15,0.15,0.1,0.15,0.1
7975,7975,Röcken,ST,Sachsen-anhalt,0.15,0.15,0.1,0.15,0.1
7976,7976,Röckingen,BY,Bayern,0.15,0.15,0.1,0.15,0.1
7977,7977,Rödelhausen,RP,Rheinland-pfalz,0.15,0.15,0.1,0.15,0.1
7978,7978,Rödelmaier,BY,Bayern,0.15,0.15,0.1,0.15,0.1
7979,7979,Rödelsee,BY,Bayern,0.15,0.15,0.1,0.15,0.1
7980,7980,Rödental,BY,Bayern,0.15,0.15,0.1,0.15,0.1
7981,7981,Rödern,RP,Rheinland-pfalz,0.15,0.15,0.1,0.15,0.1
7982,7982,Rödersheim-Gronau,RP,Rheinland-pfalz,0.15,0.15,0.1,0.15,0.1
7983,7983,Rödinghausen,NW,Nordrhein-westfalen,0.15,0.15,0.1,0.15,0.1
7984,7984,Röfingen,BY,Bayern,0.15,0.15,0.1,0.15,0.1
7985,7985,Rögling,BY,Bayern,0.15,0.15,0.1,0.15,0.1
7986,7986,Röhl,RP,Rheinland-pfalz,0.15,0.15,0.1,0.15,0.1
7987,7987,Röhrig,TH,Thüringen,0.15,0.15,0.1,0.15,0.1
7988,7988,Röhrmoos,BY,Bayern,0.15,0.15,0.1,0.15,0.1
7989,7989,Röhrnbach,BY,Bayern,0.15,0.15,0.1,0.15,0.1
7990,7990,Röllbach,BY,Bayern,0.15,0.15,0.1,0.15,0.1
7991,7991,Römhild,TH,Thüringen,0.15,0.15,0.1,0.15,0.1
7992,7992,Römnitz,SH,Schleswig-holstein,0.15,0.15,0.1,0.15,0.1
7993,7993,Römstedt,NI,Niedersachsen,0.15,0.15,0.1,0.15,0.1
7994,7994,Rösa,ST,Sachsen-anhalt,0.15,0.15,0.1,0.15,0.1
7995,7995,Röslau,BY,Bayern,0.15,0.15,0.1,0.15,0.1
7996,7996,Rösrath,NW,Nordrhein-westfalen,0.15,0.15,0.1,0.15,0.1
7997,7997,Rötgesbüttel,NI,Niedersachsen,0.15,0.15,0.1,0.15,0.1
7998,7998,Rötha,SN,Sachsen,0.15,0.15,0.1,0.15,0.1
7999,7999,Röthenbach,BY,Bayern,0.15,0.15,0.1,0.15,0.1
8000,8000,Röthenbach an der Pegnitz,BY,Bayern,0.15,0.15,0.1,0.15,0.1
8001,8001,Röthlein,BY,Bayern,0.15,0.15,0.1,0.15,0.1
8002,8002,Rötsweiler-Nockenthal,RP,Rheinland-pfalz,0.15,0.15,0.1,0.15,0.1
8003,8003,Röttenbach,BY,Bayern,0.15,0.15,0.1,0.15,0.1
8004,8004,Röttingen,BY,Bayern,0.15,0.15,0.1,0.15,0.1
8005,8005,Rötz,BY,Bayern,0.15,0.15,0.1,0.15,0.1
8006,8006,Rövershagen,MV,Mecklenburg-vorpommern,0.15,0.15,0.1,0.15,0.1
8007,8007,Rübeland,ST,Sachsen-anhalt,0.15,0.15,0.1,0.15,0.1
8008,8008,Rüber,RP,Rheinland-pfalz,0.15,0.15,0.1,0.15,0.1
8009,8009,Rückeroth,RP,Rheinland-pfalz,0.15,0.15,0.1,0.15,0.1
8010,8010,Rückersdorf,TH,Thüringen,0.15,0.15,0.1,0.15,0.1
8011,8011,Rückersdorf,BB,Brandenburg,0.15,0.15,0.1,0.15,0.1
8012,8012,Rückersdorf,BY,Bayern,0.15,0.15,0.1,0.15,0.1
8013,8013,Rückholz,BY,Bayern,0.15,0.15,0.1,0.15,0.1
8014,8014,Rückweiler,RP,Rheinland-pfalz,0.15,0.15,0.1,0.15,0.1
8015,8015,Rüdenau,BY,Bayern,0.15,0.15,0.1,0.15,0.1
8016,8016,Rüdenhausen,BY,Bayern,0.15,0.15,0.1,0.15,0.1
8017,8017,Rüdershausen,NI,Niedersachsen,0.15,0.15,0.1,0.15,0.1
8018,8018,Rüdesheim,RP,Rheinland-pfalz,0.15,0.15,0.1,0.15,0.1
8019,8019,Rüdesheim am Rhein,HE,Hessen,0.15,0.15,0.1,0.15,0.1
8020,8020,Rüdnitz,BB,Brandenburg,0.15,0.15,0.1,0.15,0.1
8021,8021,Rügge,SH,Schleswig-holstein,0.15,0.15,0.1,0.15,0.1
8022,8022,Rügland,BY,Bayern,0.15,0.15,0.1,0.15,0.1
8023,8023,Rühen,NI,Niedersachsen,0.15,0.15,0.1,0.15,0.1
8024,8024,Rühn,MV,Mecklenburg-vorpommern,0.15,0.15,0.1,0.15,0.1
8025,8025,Rühstädt,BB,Brandenburg,0.15,0.15,0.1,0.15,0.1
8026,8026,Rülzheim,RP,Rheinland-pfalz,0.15,0.15,0.1,0.15,0.1
8027,8027,Rümmelsheim,RP,Rheinland-pfalz,0.15,0.15,0.1,0.15,0.1
8028,8028,Rümmingen,BW,Baden-württemberg,0.15,0.15,0.1,0.15,0.1
8029,8029,Rümpel,SH,Schleswig-holstein,0.15,0.15,0.1,0.15,0.1
8030,8030,Rüscheid,RP,Rheinland-pfalz,0.15,0.15,0.1,0.15,0.1
8031,8031,Rüsselsheim,HE,Hessen,0.15,0.15,0.1,0.15,0.1
8032,8032,Rüssingen,RP,Rheinland-pfalz,0.15,0.15,0.1,0.15,0.1
8033,8033,Rüthen,NW,Nordrhein-westfalen,0.15,0.15,0.1,0.15,0.1
8034,8034,Rüthnick,BB,Brandenburg,0.15,0.15,0.1,0.15,0.1
8035,8035,Rüting,MV,Mecklenburg-vorpommern,0.15,0.15,0.1,0.15,0.1
8036,8036,Saal,MV,Mecklenburg-vorpommern,0.15,0.15,0.1,0.15,0.1
8037,8037,Saal,BY,Bayern,0.15,0.15,0.1,0.15,0.1
8038,8038,Saal an der Saale,BY,Bayern,0.15,0.15,0.1,0.15,0.1
8039,8039,Saalfeld,TH,Thüringen,0.15,0.15,0.1,0.15,0.1
8040,8040,Saalstadt,RP,Rheinland-pfalz,0.15,0.15,0.1,0.15,0.1
8041,8041,Saara,TH,Thüringen,0.15,0.15,0.1,0.15,0.1
8042,8042,Saarbrücken,SL,Saarland,0.15,0.15,0.1,0.15,0.1
8043,8043,Saarburg,RP,Rheinland-pfalz,0.15,0.15,0.1,0.15,0.1
8044,8044,Saarlouis,SL,Saarland,0.15,0.15,0.1,0.15,0.1
8045,8045,Saarwellingen,SL,Saarland,0.15,0.15,0.1,0.15,0.1
8046,8046,Sachsen,BY,Bayern,0.15,0.15,0.1,0.15,0.1
8047,8047,Sachsenbrunn,TH,Thüringen,0.15,0.15,0.1,0.15,0.1
8048,8048,Sachsenhagen,NI,Niedersachsen,0.15,0.15,0.1,0.15,0.1
8049,8049,Sachsenhausen,HE,Hessen,0.15,0.15,0.1,0.15,0.1
8050,8050,Sachsenhausen,TH,Thüringen,0.15,0.15,0.1,0.15,0.1
8051,8051,Sachsenheim,BW,Baden-württemberg,0.15,0.15,0.1,0.15,0.1
8052,8052,Sachsenkam,BY,Bayern,0.15,0.15,0.1,0.15,0.1
8053,8053,Saerbeck,NW,Nordrhein-westfalen,0.15,0.15,0.1,0.15,0.1
8054,8054,Saffig,RP,Rheinland-pfalz,0.15,0.15,0.1,0.15,0.1
8055,8055,Sagard,MV,Mecklenburg-vorpommern,0.15,0.15,0.1,0.15,0.1
8056,8056,Sahms,SH,Schleswig-holstein,0.15,0.15,0.1,0.15,0.1
8057,8057,Sailauf,BY,Bayern,0.15,0.15,0.1,0.15,0.1
8058,8058,Salach,BW,Baden-württemberg,0.15,0.15,0.1,0.15,0.1
8059,8059,Salching,BY,Bayern,0.15,0.15,0.1,0.15,0.1
8060,8060,Saldenburg,BY,Bayern,0.15,0.15,0.1,0.15,0.1
8061,8061,Salem,BW,Baden-württemberg,0.15,0.15,0.1,0.15,0.1
8062,8062,Salem,SH,Schleswig-holstein,0.15,0.15,0.1,0.15,0.1
8063,8063,Salgen,BY,Bayern,0.15,0.15,0.1,0.15,0.1
8064,8064,Sallgast,BB,Brandenburg,0.15,0.15,0.1,0.15,0.1
8065,8065,Salm,RP,Rheinland-pfalz,0.15,0.15,0.1,0.15,0.1
8066,8066,Salmtal,RP,Rheinland-pfalz,0.15,0.15,0.1,0.15,0.1
8067,8067,Salz,BY,Bayern,0.15,0.15,0.1,0.15,0.1
8068,8068,Salz,RP,Rheinland-pfalz,0.15,0.15,0.1,0.15,0.1
8069,8069,Salzbergen,NI,Niedersachsen,0.15,0.15,0.1,0.15,0.1
8070,8070,Salzburg,RP,Rheinland-pfalz,0.15,0.15,0.1,0.15,0.1
8071,8071,Salzfurtkapelle,ST,Sachsen-anhalt,0.15,0.15,0.1,0.15,0.1
8072,8072,Salzgitter,NI,Niedersachsen,0.15,0.15,0.1,0.15,0.1
8073,8073,Salzhausen,NI,Niedersachsen,0.15,0.15,0.1,0.15,0.1
8074,8074,Salzhemmendorf,NI,Niedersachsen,0.15,0.15,0.1,0.15,0.1
8075,8075,Salzkotten,NW,Nordrhein-westfalen,0.15,0.15,0.1,0.15,0.1
8076,8076,Salzmünde,ST,Sachsen-anhalt,0.15,0.15,0.1,0.15,0.1
8077,8077,Salzwedel,ST,Sachsen-anhalt,0.15,0.15,0.1,0.15,0.1
8078,8078,Salzweg,BY,Bayern,0.15,0.15,0.1,0.15,0.1
8079,8079,Samerberg,BY,Bayern,0.15,0.15,0.1,0.15,0.1
8080,8080,Samern,NI,Niedersachsen,0.15,0.15,0.1,0.15,0.1
8081,8081,Samswegen,ST,Sachsen-anhalt,0.15,0.15,0.1,0.15,0.1
8082,8082,Samtens,MV,Mecklenburg-vorpommern,0.15,0.15,0.1,0.15,0.1
8083,8083,Sand,BY,Bayern,0.15,0.15,0.1,0.15,0.1
8084,8084,Sandau,ST,Sachsen-anhalt,0.15,0.15,0.1,0.15,0.1
8085,8085,Sandberg,BY,Bayern,0.15,0.15,0.1,0.15,0.1
8086,8086,Sandbostel,NI,Niedersachsen,0.15,0.15,0.1,0.15,0.1
8087,8087,Sande,NI,Niedersachsen,0.15,0.15,0.1,0.15,0.1
8088,8088,Sandersdorf,ST,Sachsen-anhalt,0.15,0.15,0.1,0.15,0.1
8089,8089,Sandersleben,ST,Sachsen-anhalt,0.15,0.15,0.1,0.15,0.1
8090,8090,Sandesneben,SH,Schleswig-holstein,0.15,0.15,0.1,0.15,0.1
8091,8091,Sandhausen,BW,Baden-württemberg,0.15,0.15,0.1,0.15,0.1
8092,8092,Sandstedt,NI,Niedersachsen,0.15,0.15,0.1,0.15,0.1
8093,8093,Sangerhausen,ST,Sachsen-anhalt,0.15,0.15,0.1,0.15,0.1
8094,8094,Sanitz,MV,Mecklenburg-vorpommern,0.15,0.15,0.1,0.15,0.1
8095,8095,Sankelmark,SH,Schleswig-holstein,0.15,0.15,0.1,0.15,0.1
8096,8096,Sankt Alban,RP,Rheinland-pfalz,0.15,0.15,0.1,0.15,0.1
8097,8097,Sankt Aldegund,RP,Rheinland-pfalz,0.15,0.15,0.1,0.15,0.1
8098,8098,Sankt Andreasberg,NI,Niedersachsen,0.15,0.15,0.1,0.15,0.1
8099,8099,Sankt Annen,SH,Schleswig-holstein,0.15,0.15,0.1,0.15,0.1
8100,8100,Sankt Augustin,NW,Nordrhein-westfalen,0.15,0.15,0.1,0.15,0.1
8101,8101,Sankt Blasien,BW,Baden-württemberg,0.15,0.15,0.1,0.15,0.1
8102,8102,Sankt Egidien,SN,Sachsen,0.15,0.15,0.1,0.15,0.1
8103,8103,Sankt Englmar,BY,Bayern,0.15,0.15,0.1,0.15,0.1
8104,8104,Sankt Gangloff,TH,Thüringen,0.15,0.15,0.1,0.15,0.1
8105,8105,Sankt Georgen im Schwarzwald,BW,Baden-württemberg,0.15,0.15,0.1,0.15,0.1
8106,8106,Sankt Goar,RP,Rheinland-pfalz,0.15,0.15,0.1,0.15,0.1
8107,8107,Sankt Goarshausen,RP,Rheinland-pfalz,0.15,0.15,0.1,0.15,0.1
8108,8108,Sankt Ingbert,SL,Saarland,0.15,0.15,0.1,0.15,0.1
8109,8109,Sankt Johann,RP,Rheinland-pfalz,0.15,0.15,0.1,0.15,0.1
8110,8110,Sankt Johann,BW,Baden-württemberg,0.15,0.15,0.1,0.15,0.1
8111,8111,Sankt Julian,RP,Rheinland-pfalz,0.15,0.15,0.1,0.15,0.1
8112,8112,Sankt Katharinen,RP,Rheinland-pfalz,0.15,0.15,0.1,0.15,0.1
8113,8113,Sankt Kilian,TH,Thüringen,0.15,0.15,0.1,0.15,0.1
8114,8114,Sankt Leon-Rot,BW,Baden-württemberg,0.15,0.15,0.1,0.15,0.1
8115,8115,Sankt Margarethen,SH,Schleswig-holstein,0.15,0.15,0.1,0.15,0.1
8116,8116,Sankt Martin,RP,Rheinland-pfalz,0.15,0.15,0.1,0.15,0.1
8117,8117,Sankt Michaelisdonn,SH,Schleswig-holstein,0.15,0.15,0.1,0.15,0.1
8118,8118,Sankt Märgen,BW,Baden-württemberg,0.15,0.15,0.1,0.15,0.1
8119,8119,Sankt Peter,BW,Baden-württemberg,0.15,0.15,0.1,0.15,0.1
8120,8120,Sankt Peter-Ording,SH,Schleswig-holstein,0.15,0.15,0.1,0.15,0.1
8121,8121,Sankt Sebastian,RP,Rheinland-pfalz,0.15,0.15,0.1,0.15,0.1
8122,8122,Sankt Thomas,RP,Rheinland-pfalz,0.15,0.15,0.1,0.15,0.1
8123,8123,Sankt Wendel,SL,Saarland,0.15,0.15,0.1,0.15,0.1
8124,8124,Sankt Wolfgang,BY,Bayern,0.15,0.15,0.1,0.15,0.1
8125,8125,Sargenroth,RP,Rheinland-pfalz,0.15,0.15,0.1,0.15,0.1
8126,8126,Sargstedt,ST,Sachsen-anhalt,0.15,0.15,0.1,0.15,0.1
8127,8127,Sarlhusen,SH,Schleswig-holstein,0.15,0.15,0.1,0.15,0.1
8128,8128,Sarmersbach,RP,Rheinland-pfalz,0.15,0.15,0.1,0.15,0.1
8129,8129,Sarow,MV,Mecklenburg-vorpommern,0.15,0.15,0.1,0.15,0.1
8130,8130,Sarstedt,NI,Niedersachsen,0.15,0.15,0.1,0.15,0.1
8131,8131,Sarzbüttel,SH,Schleswig-holstein,0.15,0.15,0.1,0.15,0.1
8132,8132,Sasbach,BW,Baden-württemberg,0.15,0.15,0.1,0.15,0.1
8133,8133,Sasbachwalden,BW,Baden-württemberg,0.15,0.15,0.1,0.15,0.1
8134,8134,Sasel,HH,Hamburg,0.15,0.15,0.1,0.15,0.1
8135,8135,Sassen,RP,Rheinland-pfalz,0.15,0.15,0.1,0.15,0.1
8136,8136,Sassen,MV,Mecklenburg-vorpommern,0.15,0.15,0.1,0.15,0.1
8137,8137,Sassenberg,NW,Nordrhein-westfalen,0.15,0.15,0.1,0.15,0.1
8138,8138,Sassenburg,NI,Niedersachsen,0.15,0.15,0.1,0.15,0.1
8139,8139,Satrup,SH,Schleswig-holstein,0.15,0.15,0.1,0.15,0.1
8140,8140,Satteldorf,BW,Baden-württemberg,0.15,0.15,0.1,0.15,0.1
8141,8141,Saubach,ST,Sachsen-anhalt,0.15,0.15,0.1,0.15,0.1
8142,8142,Sauensiek,NI,Niedersachsen,0.15,0.15,0.1,0.15,0.1
8143,8143,Sauerlach,BY,Bayern,0.15,0.15,0.1,0.15,0.1
8144,8144,Sauerthal,RP,Rheinland-pfalz,0.15,0.15,0.1,0.15,0.1
8145,8145,Sauldorf,BW,Baden-württemberg,0.15,0.15,0.1,0.15,0.1
8146,8146,Saulgau,BW,Baden-württemberg,0.15,0.15,0.1,0.15,0.1
8147,8147,Saulgrub,BY,Bayern,0.15,0.15,0.1,0.15,0.1
8148,8148,Saustrup,SH,Schleswig-holstein,0.15,0.15,0.1,0.15,0.1
8149,8149,Saxler,RP,Rheinland-pfalz,0.15,0.15,0.1,0.15,0.1
8150,8150,Sayda,SN,Sachsen,0.15,0.15,0.1,0.15,0.1
8151,8151,Schaafheim,HE,Hessen,0.15,0.15,0.1,0.15,0.1
8152,8152,Schaalby,SH,Schleswig-holstein,0.15,0.15,0.1,0.15,0.1
8153,8153,Schacht-Audorf,SH,Schleswig-holstein,0.15,0.15,0.1,0.15,0.1
8154,8154,Schachtebich,TH,Thüringen,0.15,0.15,0.1,0.15,0.1
8155,8155,Schackendorf,SH,Schleswig-holstein,0.15,0.15,0.1,0.15,0.1
8156,8156,Schackensleben,ST,Sachsen-anhalt,0.15,0.15,0.1,0.15,0.1
8157,8157,Schadeleben,ST,Sachsen-anhalt,0.15,0.15,0.1,0.15,0.1
8158,8158,Schafflund,SH,Schleswig-holstein,0.15,0.15,0.1,0.15,0.1
8159,8159,Schafstedt,SH,Schleswig-holstein,0.15,0.15,0.1,0.15,0.1
8160,8160,Schafstädt,ST,Sachsen-anhalt,0.15,0.15,0.1,0.15,0.1
8161,8161,Schalkau,TH,Thüringen,0.15,0.15,0.1,0.15,0.1
8162,8162,Schalkenbach,RP,Rheinland-pfalz,0.15,0.15,0.1,0.15,0.1
8163,8163,Schalkenmehren,RP,Rheinland-pfalz,0.15,0.15,0.1,0.15,0.1
8164,8164,Schalkham,BY,Bayern,0.15,0.15,0.1,0.15,0.1
8165,8165,Schalkholz,SH,Schleswig-holstein,0.15,0.15,0.1,0.15,0.1
8166,8166,Schalksmühle,NW,Nordrhein-westfalen,0.15,0.15,0.1,0.15,0.1
8167,8167,Schallbach,BW,Baden-württemberg,0.15,0.15,0.1,0.15,0.1
8168,8168,Schallodenbach,RP,Rheinland-pfalz,0.15,0.15,0.1,0.15,0.1
8169,8169,Schallstadt,BW,Baden-württemberg,0.15,0.15,0.1,0.15,0.1
8170,8170,Schankweiler,RP,Rheinland-pfalz,0.15,0.15,0.1,0.15,0.1
8171,8171,Schapen,NI,Niedersachsen,0.15,0.15,0.1,0.15,0.1
8172,8172,Schaprode,MV,Mecklenburg-vorpommern,0.15,0.15,0.1,0.15,0.1
8173,8173,Scharbeutz,SH,Schleswig-holstein,0.15,0.15,0.1,0.15,0.1
8174,8174,Scharfbillig,RP,Rheinland-pfalz,0.15,0.15,0.1,0.15,0.1
8175,8175,Scharfenstein,SN,Sachsen,0.15,0.15,0.1,0.15,0.1
8176,8176,Scharnebeck,NI,Niedersachsen,0.15,0.15,0.1,0.15,0.1
8177,8177,Scharnhorst,NI,Niedersachsen,0.15,0.15,0.1,0.15,0.1
8178,8178,Schashagen,SH,Schleswig-holstein,0.15,0.15,0.1,0.15,0.1
8179,8179,Schauenstein,BY,Bayern,0.15,0.15,0.1,0.15,0.1
8180,8180,Schauerberg,RP,Rheinland-pfalz,0.15,0.15,0.1,0.15,0.1
8181,8181,Schaufling,BY,Bayern,0.15,0.15,0.1,0.15,0.1
8182,8182,Schauren,RP,Rheinland-pfalz,0.15,0.15,0.1,0.15,0.1
8183,8183,Schechen,BY,Bayern,0.15,0.15,0.1,0.15,0.1
8184,8184,Schechingen,BW,Baden-württemberg,0.15,0.15,0.1,0.15,0.1
8185,8185,Scheden,NI,Niedersachsen,0.15,0.15,0.1,0.15,0.1
8186,8186,Scheer,BW,Baden-württemberg,0.15,0.15,0.1,0.15,0.1
8187,8187,Scheeßel,NI,Niedersachsen,0.15,0.15,0.1,0.15,0.1
8188,8188,Scheggerott,SH,Schleswig-holstein,0.15,0.15,0.1,0.15,0.1
8189,8189,Scheibe-Alsbach,TH,Thüringen,0.15,0.15,0.1,0.15,0.1
8190,8190,Scheibenberg,SN,Sachsen,0.15,0.15,0.1,0.15,0.1
8191,8191,Scheibenhardt,RP,Rheinland-pfalz,0.15,0.15,0.1,0.15,0.1
8192,8192,Scheid,RP,Rheinland-pfalz,0.15,0.15,0.1,0.15,0.1
8193,8193,Scheidegg,BY,Bayern,0.15,0.15,0.1,0.15,0.1
8194,8194,Scheiditz,TH,Thüringen,0.15,0.15,0.1,0.15,0.1
8195,8195,Scheidt,RP,Rheinland-pfalz,0.15,0.15,0.1,0.15,0.1
8196,8196,Scheinfeld,BY,Bayern,0.15,0.15,0.1,0.15,0.1
8197,8197,Scheitenkorb,RP,Rheinland-pfalz,0.15,0.15,0.1,0.15,0.1
8198,8198,Schelklingen,BW,Baden-württemberg,0.15,0.15,0.1,0.15,0.1
8199,8199,Schellbach,ST,Sachsen-anhalt,0.15,0.15,0.1,0.15,0.1
8200,8200,Schellerten,NI,Niedersachsen,0.15,0.15,0.1,0.15,0.1
8201,8201,Schellhorn,SH,Schleswig-holstein,0.15,0.15,0.1,0.15,0.1
8202,8202,Schellweiler,RP,Rheinland-pfalz,0.15,0.15,0.1,0.15,0.1
8203,8203,Schenefeld,SH,Schleswig-holstein,0.15,0.15,0.1,0.15,0.1
8204,8204,Schenkelberg,RP,Rheinland-pfalz,0.15,0.15,0.1,0.15,0.1
8205,8205,Schenkenberg,BB,Brandenburg,0.15,0.15,0.1,0.15,0.1
8206,8206,Schenkenzell,BW,Baden-württemberg,0.15,0.15,0.1,0.15,0.1
8207,8207,Schenklengsfeld,HE,Hessen,0.15,0.15,0.1,0.15,0.1
8208,8208,Schermbeck,NW,Nordrhein-westfalen,0.15,0.15,0.1,0.15,0.1
8209,8209,Schermcke,ST,Sachsen-anhalt,0.15,0.15,0.1,0.15,0.1
8210,8210,Schermen,ST,Sachsen-anhalt,0.15,0.15,0.1,0.15,0.1
8211,8211,Schernberg,TH,Thüringen,0.15,0.15,0.1,0.15,0.1
8212,8212,Schernfeld,BY,Bayern,0.15,0.15,0.1,0.15,0.1
8213,8213,Scherstetten,BY,Bayern,0.15,0.15,0.1,0.15,0.1
8214,8214,Scheuerfeld,RP,Rheinland-pfalz,0.15,0.15,0.1,0.15,0.1
8215,8215,Scheuern,RP,Rheinland-pfalz,0.15,0.15,0.1,0.15,0.1
8216,8216,Scheuring,BY,Bayern,0.15,0.15,0.1,0.15,0.1
8217,8217,Scheyern,BY,Bayern,0.15,0.15,0.1,0.15,0.1
8218,8218,Scheßlitz,BY,Bayern,0.15,0.15,0.1,0.15,0.1
8219,8219,Schieder-Schwalenberg,NW,Nordrhein-westfalen,0.15,0.15,0.1,0.15,0.1
8220,8220,Schielo,ST,Sachsen-anhalt,0.15,0.15,0.1,0.15,0.1
8221,8221,Schierau,ST,Sachsen-anhalt,0.15,0.15,0.1,0.15,0.1
8222,8222,Schieren,SH,Schleswig-holstein,0.15,0.15,0.1,0.15,0.1
8223,8223,Schierensee,SH,Schleswig-holstein,0.15,0.15,0.1,0.15,0.1
8224,8224,Schierke,ST,Sachsen-anhalt,0.15,0.15,0.1,0.15,0.1
8225,8225,Schierling,BY,Bayern,0.15,0.15,0.1,0.15,0.1
8226,8226,Schiersfeld,RP,Rheinland-pfalz,0.15,0.15,0.1,0.15,0.1
8227,8227,Schiesheim,RP,Rheinland-pfalz,0.15,0.15,0.1,0.15,0.1
8228,8228,Schiffdorf,NI,Niedersachsen,0.15,0.15,0.1,0.15,0.1
8229,8229,Schifferstadt,RP,Rheinland-pfalz,0.15,0.15,0.1,0.15,0.1
8230,8230,Schiffweiler,SL,Saarland,0.15,0.15,0.1,0.15,0.1
8231,8231,Schilda,BB,Brandenburg,0.15,0.15,0.1,0.15,0.1
8232,8232,Schildau,SN,Sachsen,0.15,0.15,0.1,0.15,0.1
8233,8233,Schillingen,RP,Rheinland-pfalz,0.15,0.15,0.1,0.15,0.1
8234,8234,Schillingsfürst,BY,Bayern,0.15,0.15,0.1,0.15,0.1
8235,8235,Schillingstedt,TH,Thüringen,0.15,0.15,0.1,0.15,0.1
8236,8236,Schillsdorf,SH,Schleswig-holstein,0.15,0.15,0.1,0.15,0.1
8237,8237,Schiltach,BW,Baden-württemberg,0.15,0.15,0.1,0.15,0.1
8238,8238,Schiltberg,BY,Bayern,0.15,0.15,0.1,0.15,0.1
8239,8239,Schindhard,RP,Rheinland-pfalz,0.15,0.15,0.1,0.15,0.1
8240,8240,Schiphorst,SH,Schleswig-holstein,0.15,0.15,0.1,0.15,0.1
8241,8241,Schipkau,BB,Brandenburg,0.15,0.15,0.1,0.15,0.1
8242,8242,Schirgiswalde,SN,Sachsen,0.15,0.15,0.1,0.15,0.1
8243,8243,Schirmitz,BY,Bayern,0.15,0.15,0.1,0.15,0.1
8244,8244,Schirnding,BY,Bayern,0.15,0.15,0.1,0.15,0.1
8245,8245,Schkeuditz,SN,Sachsen,0.15,0.15,0.1,0.15,0.1
8246,8246,Schkopau,ST,Sachsen-anhalt,0.15,0.15,0.1,0.15,0.1
8247,8247,Schkortleben,ST,Sachsen-anhalt,0.15,0.15,0.1,0.15,0.1
8248,8248,Schkölen,TH,Thüringen,0.15,0.15,0.1,0.15,0.1
8249,8249,Schköna,ST,Sachsen-anhalt,0.15,0.15,0.1,0.15,0.1
8250,8250,Schladen,NI,Niedersachsen,0.15,0.15,0.1,0.15,0.1
8251,8251,Schladt,RP,Rheinland-pfalz,0.15,0.15,0.1,0.15,0.1
8252,8252,Schlagenthin,ST,Sachsen-anhalt,0.15,0.15,0.1,0.15,0.1
8253,8253,Schlagsdorf,MV,Mecklenburg-vorpommern,0.15,0.15,0.1,0.15,0.1
8254,8254,Schlaitdorf,BW,Baden-württemberg,0.15,0.15,0.1,0.15,0.1
8255,8255,Schlaitz,ST,Sachsen-anhalt,0.15,0.15,0.1,0.15,0.1
8256,8256,Schlammersdorf,BY,Bayern,0.15,0.15,0.1,0.15,0.1
8257,8257,Schlangen,NW,Nordrhein-westfalen,0.15,0.15,0.1,0.15,0.1
8258,8258,Schlangenbad,HE,Hessen,0.15,0.15,0.1,0.15,0.1
8259,8259,Schlat,BW,Baden-württemberg,0.15,0.15,0.1,0.15,0.1
8260,8260,Schleching,BY,Bayern,0.15,0.15,0.1,0.15,0.1
8261,8261,Schleesen,ST,Sachsen-anhalt,0.15,0.15,0.1,0.15,0.1
8262,8262,Schlegel,TH,Thüringen,0.15,0.15,0.1,0.15,0.1
8263,8263,Schlegel,SN,Sachsen,0.15,0.15,0.1,0.15,0.1
8264,8264,Schlehdorf,BY,Bayern,0.15,0.15,0.1,0.15,0.1
8265,8265,Schleich,RP,Rheinland-pfalz,0.15,0.15,0.1,0.15,0.1
8266,8266,Schleid,RP,Rheinland-pfalz,0.15,0.15,0.1,0.15,0.1
8267,8267,Schleid,TH,Thüringen,0.15,0.15,0.1,0.15,0.1
8268,8268,Schleiden,NW,Nordrhein-westfalen,0.15,0.15,0.1,0.15,0.1
8269,8269,Schleife,SN,Sachsen,0.15,0.15,0.1,0.15,0.1
8270,8270,Schleifreisen,TH,Thüringen,0.15,0.15,0.1,0.15,0.1
8271,8271,Schleiz,TH,Thüringen,0.15,0.15,0.1,0.15,0.1
8272,8272,Schlepzig,BB,Brandenburg,0.15,0.15,0.1,0.15,0.1
8273,8273,Schlesen,SH,Schleswig-holstein,0.15,0.15,0.1,0.15,0.1
8274,8274,Schleswig,SH,Schleswig-holstein,0.15,0.15,0.1,0.15,0.1
8275,8275,Schlettau,SN,Sachsen,0.15,0.15,0.1,0.15,0.1
8276,8276,Schleusingen,TH,Thüringen,0.15,0.15,0.1,0.15,0.1
8277,8277,Schlichting,SH,Schleswig-holstein,0.15,0.15,0.1,0.15,0.1
8278,8278,Schlieben,BB,Brandenburg,0.15,0.15,0.1,0.15,0.1
8279,8279,Schliengen,BW,Baden-württemberg,0.15,0.15,0.1,0.15,0.1
8280,8280,Schlier,BW,Baden-württemberg,0.15,0.15,0.1,0.15,0.1
8281,8281,Schlierbach,BW,Baden-württemberg,0.15,0.15,0.1,0.15,0.1
8282,8282,Schlierschied,RP,Rheinland-pfalz,0.15,0.15,0.1,0.15,0.1
8283,8283,Schliersee,BY,Bayern,0.15,0.15,0.1,0.15,0.1
8284,8284,Schlitz,HE,Hessen,0.15,0.15,0.1,0.15,0.1
8285,8285,Schlotfeld,SH,Schleswig-holstein,0.15,0.15,0.1,0.15,0.1
8286,8286,Schlotheim,TH,Thüringen,0.15,0.15,0.1,0.15,0.1
8287,8287,Schloßböckelheim,RP,Rheinland-pfalz,0.15,0.15,0.1,0.15,0.1
8288,8288,Schloßvippach,TH,Thüringen,0.15,0.15,0.1,0.15,0.1
8289,8289,Schluchsee,BW,Baden-württemberg,0.15,0.15,0.1,0.15,0.1
8290,8290,Schlöben,TH,Thüringen,0.15,0.15,0.1,0.15,0.1
8291,8291,Schlüchtern,HE,Hessen,0.15,0.15,0.1,0.15,0.1
8292,8292,Schlüsselfeld,BY,Bayern,0.15,0.15,0.1,0.15,0.1
8293,8293,Schmalenberg,RP,Rheinland-pfalz,0.15,0.15,0.1,0.15,0.1
8294,8294,Schmalensee,SH,Schleswig-holstein,0.15,0.15,0.1,0.15,0.1
8295,8295,Schmalfeld,SH,Schleswig-holstein,0.15,0.15,0.1,0.15,0.1
8296,8296,Schmalkalden,TH,Thüringen,0.15,0.15,0.1,0.15,0.1
8297,8297,Schmallenberg,NW,Nordrhein-westfalen,0.15,0.15,0.1,0.15,0.1
8298,8298,Schmalstede,SH,Schleswig-holstein,0.15,0.15,0.1,0.15,0.1
8299,8299,Schmargendorf,BE,Berlin,0.15,0.15,0.1,0.15,0.1
8300,8300,Schmedeswurth,SH,Schleswig-holstein,0.15,0.15,0.1,0.15,0.1
8301,8301,Schmeheim,TH,Thüringen,0.15,0.15,0.1,0.15,0.1
8302,8302,Schmelz,SL,Saarland,0.15,0.15,0.1,0.15,0.1
8303,8303,Schmidgaden,BY,Bayern,0.15,0.15,0.1,0.15,0.1
8304,8304,Schmidmühlen,BY,Bayern,0.15,0.15,0.1,0.15,0.1
8305,8305,Schmidthachenbach,RP,Rheinland-pfalz,0.15,0.15,0.1,0.15,0.1
8306,8306,Schmiechen,BY,Bayern,0.15,0.15,0.1,0.15,0.1
8307,8307,Schmiedeberg,SN,Sachsen,0.15,0.15,0.1,0.15,0.1
8308,8308,Schmiedefeld,TH,Thüringen,0.15,0.15,0.1,0.15,0.1
8309,8309,Schmiedefeld am Rennsteig,TH,Thüringen,0.15,0.15,0.1,0.15,0.1
8310,8310,Schmiedehausen,TH,Thüringen,0.15,0.15,0.1,0.15,0.1
8311,8311,Schmieritz,TH,Thüringen,0.15,0.15,0.1,0.15,0.1
8312,8312,Schmilau,SH,Schleswig-holstein,0.15,0.15,0.1,0.15,0.1
8313,8313,Schmitshausen,RP,Rheinland-pfalz,0.15,0.15,0.1,0.15,0.1
8314,8314,Schmitt,RP,Rheinland-pfalz,0.15,0.15,0.1,0.15,0.1
8315,8315,Schmitten,HE,Hessen,0.15,0.15,0.1,0.15,0.1
8316,8316,Schmißberg,RP,Rheinland-pfalz,0.15,0.15,0.1,0.15,0.1
8317,8317,Schmon,ST,Sachsen-anhalt,0.15,0.15,0.1,0.15,0.1
8318,8318,Schmorda,TH,Thüringen,0.15,0.15,0.1,0.15,0.1
8319,8319,Schmölln,TH,Thüringen,0.15,0.15,0.1,0.15,0.1
8320,8320,Schnabelwaid,BY,Bayern,0.15,0.15,0.1,0.15,0.1
8321,8321,Schnackenburg,NI,Niedersachsen,0.15,0.15,0.1,0.15,0.1
8322,8322,Schnaitsee,BY,Bayern,0.15,0.15,0.1,0.15,0.1
8323,8323,Schnaittach,BY,Bayern,0.15,0.15,0.1,0.15,0.1
8324,8324,Schnaittenbach,BY,Bayern,0.15,0.15,0.1,0.15,0.1
8325,8325,Schnakenbek,SH,Schleswig-holstein,0.15,0.15,0.1,0.15,0.1
8326,8326,Schnarup-Thumby,SH,Schleswig-holstein,0.15,0.15,0.1,0.15,0.1
8327,8327,Schneckenhausen,RP,Rheinland-pfalz,0.15,0.15,0.1,0.15,0.1
8328,8328,Schneckenlohe,BY,Bayern,0.15,0.15,0.1,0.15,0.1
8329,8329,Schneeberg,SN,Sachsen,0.15,0.15,0.1,0.15,0.1
8330,8330,Schnega,NI,Niedersachsen,0.15,0.15,0.1,0.15,0.1
8331,8331,Schneidlingen,ST,Sachsen-anhalt,0.15,0.15,0.1,0.15,0.1
8332,8332,Schneizlreuth,BY,Bayern,0.15,0.15,0.1,0.15,0.1
8333,8333,Schnelldorf,BY,Bayern,0.15,0.15,0.1,0.15,0.1
8334,8334,Schneppenbach,RP,Rheinland-pfalz,0.15,0.15,0.1,0.15,0.1
8335,8335,Schneverdingen,NI,Niedersachsen,0.15,0.15,0.1,0.15,0.1
8336,8336,Schnorbach,RP,Rheinland-pfalz,0.15,0.15,0.1,0.15,0.1
8337,8337,Schnürpflingen,BW,Baden-württemberg,0.15,0.15,0.1,0.15,0.1
8338,8338,Schobüll,SH,Schleswig-holstein,0.15,0.15,0.1,0.15,0.1
8339,8339,Schochwitz,ST,Sachsen-anhalt,0.15,0.15,0.1,0.15,0.1
8340,8340,Schoden,RP,Rheinland-pfalz,0.15,0.15,0.1,0.15,0.1
8341,8341,Scholen,NI,Niedersachsen,0.15,0.15,0.1,0.15,0.1
8342,8342,Schollbrunn,BY,Bayern,0.15,0.15,0.1,0.15,0.1
8343,8343,Schollene,ST,Sachsen-anhalt,0.15,0.15,0.1,0.15,0.1
8344,8344,Schonach im Schwarzwald,BW,Baden-württemberg,0.15,0.15,0.1,0.15,0.1
8345,8345,Schondorf am Ammersee,BY,Bayern,0.15,0.15,0.1,0.15,0.1
8346,8346,Schondra,BY,Bayern,0.15,0.15,0.1,0.15,0.1
8347,8347,Schongau,BY,Bayern,0.15,0.15,0.1,0.15,0.1
8348,8348,Schonstett,BY,Bayern,0.15,0.15,0.1,0.15,0.1
8349,8349,Schonungen,BY,Bayern,0.15,0.15,0.1,0.15,0.1
8350,8350,Schopfheim,BW,Baden-württemberg,0.15,0.15,0.1,0.15,0.1
8351,8351,Schopfloch,BY,Bayern,0.15,0.15,0.1,0.15,0.1
8352,8352,Schopfloch,BW,Baden-württemberg,0.15,0.15,0.1,0.15,0.1
8353,8353,Schopp,RP,Rheinland-pfalz,0.15,0.15,0.1,0.15,0.1
8354,8354,Schorndorf,BY,Bayern,0.15,0.15,0.1,0.15,0.1
8355,8355,Schorndorf,BW,Baden-württemberg,0.15,0.15,0.1,0.15,0.1
8356,8356,Schornsheim,RP,Rheinland-pfalz,0.15,0.15,0.1,0.15,0.1
8357,8357,Schortens,NI,Niedersachsen,0.15,0.15,0.1,0.15,0.1
8358,8358,Schortewitz,ST,Sachsen-anhalt,0.15,0.15,0.1,0.15,0.1
8359,8359,Schotten,HE,Hessen,0.15,0.15,0.1,0.15,0.1
8360,8360,Schraden,BB,Brandenburg,0.15,0.15,0.1,0.15,0.1
8361,8361,Schramberg,BW,Baden-württemberg,0.15,0.15,0.1,0.15,0.1
8362,8362,Schraplau,ST,Sachsen-anhalt,0.15,0.15,0.1,0.15,0.1
8363,8363,Schrecksbach,HE,Hessen,0.15,0.15,0.1,0.15,0.1
8364,8364,Schrenz,ST,Sachsen-anhalt,0.15,0.15,0.1,0.15,0.1
8365,8365,Schriesheim,BW,Baden-württemberg,0.15,0.15,0.1,0.15,0.1
8366,8366,Schrobenhausen,BY,Bayern,0.15,0.15,0.1,0.15,0.1
8367,8367,Schrozberg,BW,Baden-württemberg,0.15,0.15,0.1,0.15,0.1
8368,8368,Schrum,SH,Schleswig-holstein,0.15,0.15,0.1,0.15,0.1
8369,8369,Schuby,SH,Schleswig-holstein,0.15,0.15,0.1,0.15,0.1
8370,8370,Schuld,RP,Rheinland-pfalz,0.15,0.15,0.1,0.15,0.1
8371,8371,Schulenberg im Oberharz,NI,Niedersachsen,0.15,0.15,0.1,0.15,0.1
8372,8372,Schulendorf,SH,Schleswig-holstein,0.15,0.15,0.1,0.15,0.1
8373,8373,Schulzendorf,BB,Brandenburg,0.15,0.15,0.1,0.15,0.1
8374,8374,Schuttertal,BW,Baden-württemberg,0.15,0.15,0.1,0.15,0.1
8375,8375,Schutterwald,BW,Baden-württemberg,0.15,0.15,0.1,0.15,0.1
8376,8376,Schutz,RP,Rheinland-pfalz,0.15,0.15,0.1,0.15,0.1
8377,8377,Schutzbach,RP,Rheinland-pfalz,0.15,0.15,0.1,0.15,0.1
8378,8378,Schwaan,MV,Mecklenburg-vorpommern,0.15,0.15,0.1,0.15,0.1
8379,8379,Schwaara,TH,Thüringen,0.15,0.15,0.1,0.15,0.1
8380,8380,Schwabach,BY,Bayern,0.15,0.15,0.1,0.15,0.1
8381,8381,Schwabbruck,BY,Bayern,0.15,0.15,0.1,0.15,0.1
8382,8382,Schwabenheim,RP,Rheinland-pfalz,0.15,0.15,0.1,0.15,0.1
8383,8383,Schwabhausen,BY,Bayern,0.15,0.15,0.1,0.15,0.1
8384,8384,Schwabhausen,TH,Thüringen,0.15,0.15,0.1,0.15,0.1
8385,8385,Schwabmünchen,BY,Bayern,0.15,0.15,0.1,0.15,0.1
8386,8386,Schwabsoien,BY,Bayern,0.15,0.15,0.1,0.15,0.1
8387,8387,Schwabstedt,SH,Schleswig-holstein,0.15,0.15,0.1,0.15,0.1
8388,8388,Schwaförden,NI,Niedersachsen,0.15,0.15,0.1,0.15,0.1
8389,8389,Schwaig,BY,Bayern,0.15,0.15,0.1,0.15,0.1
8390,8390,Schwaigen,BY,Bayern,0.15,0.15,0.1,0.15,0.1
8391,8391,Schwaigern,BW,Baden-württemberg,0.15,0.15,0.1,0.15,0.1
8392,8392,Schwaikheim,BW,Baden-württemberg,0.15,0.15,0.1,0.15,0.1
8393,8393,Schwalbach,SL,Saarland,0.15,0.15,0.1,0.15,0.1
8394,8394,Schwalbach,HE,Hessen,0.15,0.15,0.1,0.15,0.1
8395,8395,Schwalbach am Taunus,HE,Hessen,0.15,0.15,0.1,0.15,0.1
8396,8396,Schwall,RP,Rheinland-pfalz,0.15,0.15,0.1,0.15,0.1
8397,8397,Schwallungen,TH,Thüringen,0.15,0.15,0.1,0.15,0.1
8398,8398,Schwalmstadt,HE,Hessen,0.15,0.15,0.1,0.15,0.1
8399,8399,Schwalmtal,HE,Hessen,0.15,0.15,0.1,0.15,0.1
8400,8400,Schwalmtal,NW,Nordrhein-westfalen,0.15,0.15,0.1,0.15,0.1
8401,8401,Schwanau,BW,Baden-württemberg,0.15,0.15,0.1,0.15,0.1
8402,8402,Schwanebeck,ST,Sachsen-anhalt,0.15,0.15,0.1,0.15,0.1
8403,8403,Schwanewede,NI,Niedersachsen,0.15,0.15,0.1,0.15,0.1
8404,8404,Schwanfeld,BY,Bayern,0.15,0.15,0.1,0.15,0.1
8405,8405,Schwangau,BY,Bayern,0.15,0.15,0.1,0.15,0.1
8406,8406,Schwanheide,MV,Mecklenburg-vorpommern,0.15,0.15,0.1,0.15,0.1
8407,8407,Schwanheim,RP,Rheinland-pfalz,0.15,0.15,0.1,0.15,0.1
8408,8408,Schwarme,NI,Niedersachsen,0.15,0.15,0.1,0.15,0.1
8409,8409,Schwarmstedt,NI,Niedersachsen,0.15,0.15,0.1,0.15,0.1
8410,8410,Schwartbuck,SH,Schleswig-holstein,0.15,0.15,0.1,0.15,0.1
8411,8411,Schwarza,TH,Thüringen,0.15,0.15,0.1,0.15,0.1
8412,8412,Schwarzach,BW,Baden-württemberg,0.15,0.15,0.1,0.15,0.1
8413,8413,Schwarzach,BY,Bayern,0.15,0.15,0.1,0.15,0.1
8414,8414,Schwarzbach,TH,Thüringen,0.15,0.15,0.1,0.15,0.1
8415,8415,Schwarzbach,BB,Brandenburg,0.15,0.15,0.1,0.15,0.1
8416,8416,Schwarzburg,TH,Thüringen,0.15,0.15,0.1,0.15,0.1
8417,8417,Schwarzen,RP,Rheinland-pfalz,0.15,0.15,0.1,0.15,0.1
8418,8418,Schwarzenbach,BY,Bayern,0.15,0.15,0.1,0.15,0.1
8419,8419,Schwarzenbach an der Saale,BY,Bayern,0.15,0.15,0.1,0.15,0.1
8420,8420,Schwarzenbek,SH,Schleswig-holstein,0.15,0.15,0.1,0.15,0.1
8421,8421,Schwarzenberg,SN,Sachsen,0.15,0.15,0.1,0.15,0.1
8422,8422,Schwarzenborn,RP,Rheinland-pfalz,0.15,0.15,0.1,0.15,0.1
8423,8423,Schwarzenborn,HE,Hessen,0.15,0.15,0.1,0.15,0.1
8424,8424,Schwarzenbruck,BY,Bayern,0.15,0.15,0.1,0.15,0.1
8425,8425,Schwarzenfeld,BY,Bayern,0.15,0.15,0.1,0.15,0.1
8426,8426,Schwarzerden,RP,Rheinland-pfalz,0.15,0.15,0.1,0.15,0.1
8427,8427,Schwarzheide,BB,Brandenburg,0.15,0.15,0.1,0.15,0.1
8428,8428,Schwarzhofen,BY,Bayern,0.15,0.15,0.1,0.15,0.1
8429,8429,Schwebheim,BY,Bayern,0.15,0.15,0.1,0.15,0.1
8430,8430,Schwedelbach,RP,Rheinland-pfalz,0.15,0.15,0.1,0.15,0.1
8431,8431,Schwegenheim,RP,Rheinland-pfalz,0.15,0.15,0.1,0.15,0.1
8432,8432,Schweich,RP,Rheinland-pfalz,0.15,0.15,0.1,0.15,0.1
8433,8433,Schweigen-Rechtenbach,RP,Rheinland-pfalz,0.15,0.15,0.1,0.15,0.1
8434,8434,Schweighausen,RP,Rheinland-pfalz,0.15,0.15,0.1,0.15,0.1
8435,8435,Schweighofen,RP,Rheinland-pfalz,0.15,0.15,0.1,0.15,0.1
8436,8436,Schweina,TH,Thüringen,0.15,0.15,0.1,0.15,0.1
8437,8437,Schweindorf,NI,Niedersachsen,0.15,0.15,0.1,0.15,0.1
8438,8438,Schweinfurt,BY,Bayern,0.15,0.15,0.1,0.15,0.1
8439,8439,Schweinschied,RP,Rheinland-pfalz,0.15,0.15,0.1,0.15,0.1
8440,8440,Schweisweiler,RP,Rheinland-pfalz,0.15,0.15,0.1,0.15,0.1
8441,8441,Schweitenkirchen,BY,Bayern,0.15,0.15,0.1,0.15,0.1
8442,8442,Schweix,RP,Rheinland-pfalz,0.15,0.15,0.1,0.15,0.1
8443,8443,Schwelm,NW,Nordrhein-westfalen,0.15,0.15,0.1,0.15,0.1
8444,8444,Schwemsal,ST,Sachsen-anhalt,0.15,0.15,0.1,0.15,0.1
8445,8445,Schwenda,ST,Sachsen-anhalt,0.15,0.15,0.1,0.15,0.1
8446,8446,Schwendi,BW,Baden-württemberg,0.15,0.15,0.1,0.15,0.1
8447,8447,Schwenningen,BW,Baden-württemberg,0.15,0.15,0.1,0.15,0.1
8448,8448,Schwenningen,BY,Bayern,0.15,0.15,0.1,0.15,0.1
8449,8449,Schwepnitz,SN,Sachsen,0.15,0.15,0.1,0.15,0.1
8450,8450,Schweppenhausen,RP,Rheinland-pfalz,0.15,0.15,0.1,0.15,0.1
8451,8451,Schwerbach,RP,Rheinland-pfalz,0.15,0.15,0.1,0.15,0.1
8452,8452,Schwerin,MV,Mecklenburg-vorpommern,0.15,0.15,0.1,0.15,0.1
8453,8453,Schwerin,BB,Brandenburg,0.15,0.15,0.1,0.15,0.1
8454,8454,Schweringen,NI,Niedersachsen,0.15,0.15,0.1,0.15,0.1
8455,8455,Schwerinsdorf,NI,Niedersachsen,0.15,0.15,0.1,0.15,0.1
8456,8456,Schwerstedt,TH,Thüringen,0.15,0.15,0.1,0.15,0.1
8457,8457,Schwerte,NW,Nordrhein-westfalen,0.15,0.15,0.1,0.15,0.1
8458,8458,Schwerz,ST,Sachsen-anhalt,0.15,0.15,0.1,0.15,0.1
8459,8459,Schwesing,SH,Schleswig-holstein,0.15,0.15,0.1,0.15,0.1
8460,8460,Schwetzingen,BW,Baden-württemberg,0.15,0.15,0.1,0.15,0.1
8461,8461,Schwieberdingen,BW,Baden-württemberg,0.15,0.15,0.1,0.15,0.1
8462,8462,Schwienau,NI,Niedersachsen,0.15,0.15,0.1,0.15,0.1
8463,8463,Schwifting,BY,Bayern,0.15,0.15,0.1,0.15,0.1
8464,8464,Schwindegg,BY,Bayern,0.15,0.15,0.1,0.15,0.1
8465,8465,Schwirzheim,RP,Rheinland-pfalz,0.15,0.15,0.1,0.15,0.1
8466,8466,Schwissel,SH,Schleswig-holstein,0.15,0.15,0.1,0.15,0.1
8467,8467,Schwobfeld,TH,Thüringen,0.15,0.15,0.1,0.15,0.1
8468,8468,Schwollen,RP,Rheinland-pfalz,0.15,0.15,0.1,0.15,0.1
8469,8469,Schwäbisch Gmünd,BW,Baden-württemberg,0.15,0.15,0.1,0.15,0.1
8470,8470,Schwäbisch Hall,BW,Baden-württemberg,0.15,0.15,0.1,0.15,0.1
8471,8471,Schwörstadt,BW,Baden-württemberg,0.15,0.15,0.1,0.15,0.1
8472,8472,Schäftlarn,BY,Bayern,0.15,0.15,0.1,0.15,0.1
8473,8473,Schöffengrund,HE,Hessen,0.15,0.15,0.1,0.15,0.1
8474,8474,Schöfweg,BY,Bayern,0.15,0.15,0.1,0.15,0.1
8475,8475,Schöllkrippen,BY,Bayern,0.15,0.15,0.1,0.15,0.1
8476,8476,Schöllnach,BY,Bayern,0.15,0.15,0.1,0.15,0.1
8477,8477,Schömberg,BW,Baden-württemberg,0.15,0.15,0.1,0.15,0.1
8478,8478,Schömberg,TH,Thüringen,0.15,0.15,0.1,0.15,0.1
8479,8479,Schömerich,RP,Rheinland-pfalz,0.15,0.15,0.1,0.15,0.1
8480,8480,Schönaich,BW,Baden-württemberg,0.15,0.15,0.1,0.15,0.1
8481,8481,Schönau,BW,Baden-württemberg,0.15,0.15,0.1,0.15,0.1
8482,8482,Schönau,BY,Bayern,0.15,0.15,0.1,0.15,0.1
8483,8483,Schönau am Königssee,BY,Bayern,0.15,0.15,0.1,0.15,0.1
8484,8484,Schönau im Schwarzwald,BW,Baden-württemberg,0.15,0.15,0.1,0.15,0.1
8485,8485,Schönau-Berzdorf,SN,Sachsen,0.15,0.15,0.1,0.15,0.1
8486,8486,Schönbach,RP,Rheinland-pfalz,0.15,0.15,0.1,0.15,0.1
8487,8487,Schönbach,SN,Sachsen,0.15,0.15,0.1,0.15,0.1
8488,8488,Schönbeck,MV,Mecklenburg-vorpommern,0.15,0.15,0.1,0.15,0.1
8489,8489,Schönbek,SH,Schleswig-holstein,0.15,0.15,0.1,0.15,0.1
8490,8490,Schönberg,BY,Bayern,0.15,0.15,0.1,0.15,0.1
8491,8491,Schönberg,SH,Schleswig-holstein,0.15,0.15,0.1,0.15,0.1
8492,8492,Schönberg,ST,Sachsen-anhalt,0.15,0.15,0.1,0.15,0.1
8493,8493,Schönberg,SN,Sachsen,0.15,0.15,0.1,0.15,0.1
8494,8494,Schönberg,RP,Rheinland-pfalz,0.15,0.15,0.1,0.15,0.1
8495,8495,Schönborn,RP,Rheinland-pfalz,0.15,0.15,0.1,0.15,0.1
8496,8496,Schönborn,BB,Brandenburg,0.15,0.15,0.1,0.15,0.1
8497,8497,Schönburg,ST,Sachsen-anhalt,0.15,0.15,0.1,0.15,0.1
8498,8498,Schöndorf,TH,Thüringen,0.15,0.15,0.1,0.15,0.1
8499,8499,Schönebeck,ST,Sachsen-anhalt,0.15,0.15,0.1,0.15,0.1
8500,8500,Schöneberg,RP,Rheinland-pfalz,0.15,0.15,0.1,0.15,0.1
8501,8501,Schöneberg,BE,Berlin,0.15,0.15,0.1,0.15,0.1
8502,8502,Schöneberg,BB,Brandenburg,0.15,0.15,0.1,0.15,0.1
8503,8503,Schöneck,SN,Sachsen,0.15,0.15,0.1,0.15,0.1
8504,8504,Schönecken,RP,Rheinland-pfalz,0.15,0.15,0.1,0.15,0.1
8505,8505,Schönefeld,BB,Brandenburg,0.15,0.15,0.1,0.15,0.1
8506,8506,Schöneiche,BB,Brandenburg,0.15,0.15,0.1,0.15,0.1
8507,8507,Schönenberg,BW,Baden-württemberg,0.15,0.15,0.1,0.15,0.1
8508,8508,Schönenberg-Kübelberg,RP,Rheinland-pfalz,0.15,0.15,0.1,0.15,0.1
8509,8509,Schönermark,BB,Brandenburg,0.15,0.15,0.1,0.15,0.1
8510,8510,Schönewalde,BB,Brandenburg,0.15,0.15,0.1,0.15,0.1
8511,8511,Schönewerda,TH,Thüringen,0.15,0.15,0.1,0.15,0.1
8512,8512,Schönewörde,NI,Niedersachsen,0.15,0.15,0.1,0.15,0.1
8513,8513,Schönfeld,SN,Sachsen,0.15,0.15,0.1,0.15,0.1
8514,8514,Schönfeld,BB,Brandenburg,0.15,0.15,0.1,0.15,0.1
8515,8515,Schöngeising,BY,Bayern,0.15,0.15,0.1,0.15,0.1
8516,8516,Schöngleina,TH,Thüringen,0.15,0.15,0.1,0.15,0.1
8517,8517,Schönhagen,TH,Thüringen,0.15,0.15,0.1,0.15,0.1
8518,8518,Schönhausen,ST,Sachsen-anhalt,0.15,0.15,0.1,0.15,0.1
8519,8519,Schönheide,SN,Sachsen,0.15,0.15,0.1,0.15,0.1
8520,8520,Schöningen,NI,Niedersachsen,0.15,0.15,0.1,0.15,0.1
8521,8521,Schönkirchen,SH,Schleswig-holstein,0.15,0.15,0.1,0.15,0.1
8522,8522,Schönsee,BY,Bayern,0.15,0.15,0.1,0.15,0.1
8523,8523,Schönstedt,TH,Thüringen,0.15,0.15,0.1,0.15,0.1
8524,8524,Schönthal,BY,Bayern,0.15,0.15,0.1,0.15,0.1
8525,8525,Schönwald,BW,Baden-württemberg,0.15,0.15,0.1,0.15,0.1
8526,8526,Schönwald,BY,Bayern,0.15,0.15,0.1,0.15,0.1
8527,8527,Schönwalde,MV,Mecklenburg-vorpommern,0.15,0.15,0.1,0.15,0.1
8528,8528,Schönwalde am Bungsberg,SH,Schleswig-holstein,0.15,0.15,0.1,0.15,0.1
8529,8529,Schöppenstedt,NI,Niedersachsen,0.15,0.15,0.1,0.15,0.1
8530,8530,Schöppingen,NW,Nordrhein-westfalen,0.15,0.15,0.1,0.15,0.1
8531,8531,Schöps,TH,Thüringen,0.15,0.15,0.1,0.15,0.1
8532,8532,Schülldorf,SH,Schleswig-holstein,0.15,0.15,0.1,0.15,0.1
8533,8533,Schüller,RP,Rheinland-pfalz,0.15,0.15,0.1,0.15,0.1
8534,8534,Schülp,SH,Schleswig-holstein,0.15,0.15,0.1,0.15,0.1
8535,8535,Schürdt,RP,Rheinland-pfalz,0.15,0.15,0.1,0.15,0.1
8536,8536,Schürensöhlen,SH,Schleswig-holstein,0.15,0.15,0.1,0.15,0.1
8537,8537,Schüttorf,NI,Niedersachsen,0.15,0.15,0.1,0.15,0.1
8538,8538,Sebnitz,SN,Sachsen,0.15,0.15,0.1,0.15,0.1
8539,8539,Seck,RP,Rheinland-pfalz,0.15,0.15,0.1,0.15,0.1
8540,8540,Seckach,BW,Baden-württemberg,0.15,0.15,0.1,0.15,0.1
8541,8541,Seebach,TH,Thüringen,0.15,0.15,0.1,0.15,0.1
8542,8542,Seebach,BW,Baden-württemberg,0.15,0.15,0.1,0.15,0.1
8543,8543,Seebergen,TH,Thüringen,0.15,0.15,0.1,0.15,0.1
8544,8544,Seeburg,ST,Sachsen-anhalt,0.15,0.15,0.1,0.15,0.1
8545,8545,Seeburg,NI,Niedersachsen,0.15,0.15,0.1,0.15,0.1
8546,8546,Seedorf,SH,Schleswig-holstein,0.15,0.15,0.1,0.15,0.1
8547,8547,Seedorf,BW,Baden-württemberg,0.15,0.15,0.1,0.15,0.1
8548,8548,Seedorf,NI,Niedersachsen,0.15,0.15,0.1,0.15,0.1
8549,8549,Seefeld,SH,Schleswig-holstein,0.15,0.15,0.1,0.15,0.1
8550,8550,Seefeld,BY,Bayern,0.15,0.15,0.1,0.15,0.1
8551,8551,Seeg,BY,Bayern,0.15,0.15,0.1,0.15,0.1
8552,8552,Seehausen,ST,Sachsen-anhalt,0.15,0.15,0.1,0.15,0.1
8553,8553,Seehausen am Staffelsee,BY,Bayern,0.15,0.15,0.1,0.15,0.1
8554,8554,Seeheilbad Graal-Müritz,MV,Mecklenburg-vorpommern,0.15,0.15,0.1,0.15,0.1
8555,8555,Seeheim-Jugenheim,HE,Hessen,0.15,0.15,0.1,0.15,0.1
8556,8556,Seehof,MV,Mecklenburg-vorpommern,0.15,0.15,0.1,0.15,0.1
8557,8557,Seekirch,BW,Baden-württemberg,0.15,0.15,0.1,0.15,0.1
8558,8558,Seelbach,RP,Rheinland-pfalz,0.15,0.15,0.1,0.15,0.1
8559,8559,Seelbach,BW,Baden-württemberg,0.15,0.15,0.1,0.15,0.1
8560,8560,Seelen,RP,Rheinland-pfalz,0.15,0.15,0.1,0.15,0.1
8561,8561,Seelingstädt,TH,Thüringen,0.15,0.15,0.1,0.15,0.1
8562,8562,Seelitz,SN,Sachsen,0.15,0.15,0.1,0.15,0.1
8563,8563,Seelow,BB,Brandenburg,0.15,0.15,0.1,0.15,0.1
8564,8564,Seelze,NI,Niedersachsen,0.15,0.15,0.1,0.15,0.1
8565,8565,Seeon-Seebruck,BY,Bayern,0.15,0.15,0.1,0.15,0.1
8566,8566,Seesbach,RP,Rheinland-pfalz,0.15,0.15,0.1,0.15,0.1
8567,8567,Seesen,NI,Niedersachsen,0.15,0.15,0.1,0.15,0.1
8568,8568,Seeshaupt,BY,Bayern,0.15,0.15,0.1,0.15,0.1
8569,8569,Seester,SH,Schleswig-holstein,0.15,0.15,0.1,0.15,0.1
8570,8570,Seestermühe,SH,Schleswig-holstein,0.15,0.15,0.1,0.15,0.1
8571,8571,Seeth,SH,Schleswig-holstein,0.15,0.15,0.1,0.15,0.1
8572,8572,Seeth-Ekholt,SH,Schleswig-holstein,0.15,0.15,0.1,0.15,0.1
8573,8573,Seevetal,NI,Niedersachsen,0.15,0.15,0.1,0.15,0.1
8574,8574,Seffern,RP,Rheinland-pfalz,0.15,0.15,0.1,0.15,0.1
8575,8575,Sefferweich,RP,Rheinland-pfalz,0.15,0.15,0.1,0.15,0.1
8576,8576,Seggebruch,NI,Niedersachsen,0.15,0.15,0.1,0.15,0.1
8577,8577,Segnitz,BY,Bayern,0.15,0.15,0.1,0.15,0.1
8578,8578,Sehestedt,SH,Schleswig-holstein,0.15,0.15,0.1,0.15,0.1
8579,8579,Sehlde,NI,Niedersachsen,0.15,0.15,0.1,0.15,0.1
8580,8580,Sehlem,RP,Rheinland-pfalz,0.15,0.15,0.1,0.15,0.1
8581,8581,Sehlem,NI,Niedersachsen,0.15,0.15,0.1,0.15,0.1
8582,8582,Sehlen,MV,Mecklenburg-vorpommern,0.15,0.15,0.1,0.15,0.1
8583,8583,Sehnde,NI,Niedersachsen,0.15,0.15,0.1,0.15,0.1
8584,8584,Seibersbach,RP,Rheinland-pfalz,0.15,0.15,0.1,0.15,0.1
8585,8585,Seifen,RP,Rheinland-pfalz,0.15,0.15,0.1,0.15,0.1
8586,8586,Seiffen,SN,Sachsen,0.15,0.15,0.1,0.15,0.1
8587,8587,Seifhennersdorf,SN,Sachsen,0.15,0.15,0.1,0.15,0.1
8588,8588,Seinsfeld,RP,Rheinland-pfalz,0.15,0.15,0.1,0.15,0.1
8589,8589,Seinsheim,BY,Bayern,0.15,0.15,0.1,0.15,0.1
8590,8590,Seisla,TH,Thüringen,0.15,0.15,0.1,0.15,0.1
8591,8591,Seitenroda,TH,Thüringen,0.15,0.15,0.1,0.15,0.1
8592,8592,Seitingen-Oberflacht,BW,Baden-württemberg,0.15,0.15,0.1,0.15,0.1
8593,8593,Seiwerath,RP,Rheinland-pfalz,0.15,0.15,0.1,0.15,0.1
8594,8594,Selb,BY,Bayern,0.15,0.15,0.1,0.15,0.1
8595,8595,Selbach,RP,Rheinland-pfalz,0.15,0.15,0.1,0.15,0.1
8596,8596,Selbitz,BY,Bayern,0.15,0.15,0.1,0.15,0.1
8597,8597,Selchenbach,RP,Rheinland-pfalz,0.15,0.15,0.1,0.15,0.1
8598,8598,Selent,SH,Schleswig-holstein,0.15,0.15,0.1,0.15,0.1
8599,8599,Selfkant,NW,Nordrhein-westfalen,0.15,0.15,0.1,0.15,0.1
8600,8600,Seligenstadt,HE,Hessen,0.15,0.15,0.1,0.15,0.1
8601,8601,Selk,SH,Schleswig-holstein,0.15,0.15,0.1,0.15,0.1
8602,8602,Sellerich,RP,Rheinland-pfalz,0.15,0.15,0.1,0.15,0.1
8603,8603,Sellin,MV,Mecklenburg-vorpommern,0.15,0.15,0.1,0.15,0.1
8604,8604,Selm,NW,Nordrhein-westfalen,0.15,0.15,0.1,0.15,0.1
8605,8605,Selmsdorf,MV,Mecklenburg-vorpommern,0.15,0.15,0.1,0.15,0.1
8606,8606,Selpin,MV,Mecklenburg-vorpommern,0.15,0.15,0.1,0.15,0.1
8607,8607,Selsingen,NI,Niedersachsen,0.15,0.15,0.1,0.15,0.1
8608,8608,Selters,HE,Hessen,0.15,0.15,0.1,0.15,0.1
8609,8609,Selters,RP,Rheinland-pfalz,0.15,0.15,0.1,0.15,0.1
8610,8610,Selzen,RP,Rheinland-pfalz,0.15,0.15,0.1,0.15,0.1
8611,8611,Sembach,RP,Rheinland-pfalz,0.15,0.15,0.1,0.15,0.1
8612,8612,Semlow,MV,Mecklenburg-vorpommern,0.15,0.15,0.1,0.15,0.1
8613,8613,Semmenstedt,NI,Niedersachsen,0.15,0.15,0.1,0.15,0.1
8614,8614,Senden,BY,Bayern,0.15,0.15,0.1,0.15,0.1
8615,8615,Senden,NW,Nordrhein-westfalen,0.15,0.15,0.1,0.15,0.1
8616,8616,Sendenhorst,NW,Nordrhein-westfalen,0.15,0.15,0.1,0.15,0.1
8617,8617,Senftenberg,BB,Brandenburg,0.15,0.15,0.1,0.15,0.1
8618,8618,Sengenthal,BY,Bayern,0.15,0.15,0.1,0.15,0.1
8619,8619,Sengerich,RP,Rheinland-pfalz,0.15,0.15,0.1,0.15,0.1
8620,8620,Senheim,RP,Rheinland-pfalz,0.15,0.15,0.1,0.15,0.1
8621,8621,Sennewitz,ST,Sachsen-anhalt,0.15,0.15,0.1,0.15,0.1
8622,8622,Sennfeld,BY,Bayern,0.15,0.15,0.1,0.15,0.1
8623,8623,Senscheid,RP,Rheinland-pfalz,0.15,0.15,0.1,0.15,0.1
8624,8624,Sensweiler,RP,Rheinland-pfalz,0.15,0.15,0.1,0.15,0.1
8625,8625,Serba,TH,Thüringen,0.15,0.15,0.1,0.15,0.1
8626,8626,Serrig,RP,Rheinland-pfalz,0.15,0.15,0.1,0.15,0.1
8627,8627,Sersheim,BW,Baden-württemberg,0.15,0.15,0.1,0.15,0.1
8628,8628,Sessenbach,RP,Rheinland-pfalz,0.15,0.15,0.1,0.15,0.1
8629,8629,Sessenhausen,RP,Rheinland-pfalz,0.15,0.15,0.1,0.15,0.1
8630,8630,Seth,SH,Schleswig-holstein,0.15,0.15,0.1,0.15,0.1
8631,8631,Setzin,MV,Mecklenburg-vorpommern,0.15,0.15,0.1,0.15,0.1
8632,8632,Setzingen,BW,Baden-württemberg,0.15,0.15,0.1,0.15,0.1
8633,8633,Seubersdorf,BY,Bayern,0.15,0.15,0.1,0.15,0.1
8634,8634,Seukendorf,BY,Bayern,0.15,0.15,0.1,0.15,0.1
8635,8635,Seulingen,NI,Niedersachsen,0.15,0.15,0.1,0.15,0.1
8636,8636,Sexau,BW,Baden-württemberg,0.15,0.15,0.1,0.15,0.1
8637,8637,Seybothenreuth,BY,Bayern,0.15,0.15,0.1,0.15,0.1
8638,8638,Seyda,ST,Sachsen-anhalt,0.15,0.15,0.1,0.15,0.1
8639,8639,Seßlach,BY,Bayern,0.15,0.15,0.1,0.15,0.1
8640,8640,Sibbesse,NI,Niedersachsen,0.15,0.15,0.1,0.15,0.1
8641,8641,Sickerode,TH,Thüringen,0.15,0.15,0.1,0.15,0.1
8642,8642,Sickte,NI,Niedersachsen,0.15,0.15,0.1,0.15,0.1
8643,8643,Siebeldingen,RP,Rheinland-pfalz,0.15,0.15,0.1,0.15,0.1
8644,8644,Siebenbach,RP,Rheinland-pfalz,0.15,0.15,0.1,0.15,0.1
8645,8645,Siebenbäumen,SH,Schleswig-holstein,0.15,0.15,0.1,0.15,0.1
8646,8646,Siebeneichen,SH,Schleswig-holstein,0.15,0.15,0.1,0.15,0.1
8647,8647,Siebigerode,ST,Sachsen-anhalt,0.15,0.15,0.1,0.15,0.1
8648,8648,Siedenbollentin,MV,Mecklenburg-vorpommern,0.15,0.15,0.1,0.15,0.1
8649,8649,Siedenburg,NI,Niedersachsen,0.15,0.15,0.1,0.15,0.1
8650,8650,Siefersheim,RP,Rheinland-pfalz,0.15,0.15,0.1,0.15,0.1
8651,8651,Siegbach,HE,Hessen,0.15,0.15,0.1,0.15,0.1
8652,8652,Siegburg,NW,Nordrhein-westfalen,0.15,0.15,0.1,0.15,0.1
8653,8653,Siegelsbach,BW,Baden-württemberg,0.15,0.15,0.1,0.15,0.1
8654,8654,Siegen,NW,Nordrhein-westfalen,0.15,0.15,0.1,0.15,0.1
8655,8655,Siegenburg,BY,Bayern,0.15,0.15,0.1,0.15,0.1
8656,8656,Siegsdorf,BY,Bayern,0.15,0.15,0.1,0.15,0.1
8657,8657,Siek,SH,Schleswig-holstein,0.15,0.15,0.1,0.15,0.1
8658,8658,Sielenbach,BY,Bayern,0.15,0.15,0.1,0.15,0.1
8659,8659,Sien,RP,Rheinland-pfalz,0.15,0.15,0.1,0.15,0.1
8660,8660,Sienhachenbach,RP,Rheinland-pfalz,0.15,0.15,0.1,0.15,0.1
8661,8661,Sierksdorf,SH,Schleswig-holstein,0.15,0.15,0.1,0.15,0.1
8662,8662,Sierksrade,SH,Schleswig-holstein,0.15,0.15,0.1,0.15,0.1
8663,8663,Sierscheid,RP,Rheinland-pfalz,0.15,0.15,0.1,0.15,0.1
8664,8664,Siershahn,RP,Rheinland-pfalz,0.15,0.15,0.1,0.15,0.1
8665,8665,Siersleben,ST,Sachsen-anhalt,0.15,0.15,0.1,0.15,0.1
8666,8666,Siesbach,RP,Rheinland-pfalz,0.15,0.15,0.1,0.15,0.1
8667,8667,Siestedt,ST,Sachsen-anhalt,0.15,0.15,0.1,0.15,0.1
8668,8668,Sietow,MV,Mecklenburg-vorpommern,0.15,0.15,0.1,0.15,0.1
8669,8669,Sietzsch,ST,Sachsen-anhalt,0.15,0.15,0.1,0.15,0.1
8670,8670,Sievershütten,SH,Schleswig-holstein,0.15,0.15,0.1,0.15,0.1
8671,8671,Sieverstedt,SH,Schleswig-holstein,0.15,0.15,0.1,0.15,0.1
8672,8672,Siggelkow,MV,Mecklenburg-vorpommern,0.15,0.15,0.1,0.15,0.1
8673,8673,Sigmaringen,BW,Baden-württemberg,0.15,0.15,0.1,0.15,0.1
8674,8674,Sigmaringendorf,BW,Baden-württemberg,0.15,0.15,0.1,0.15,0.1
8675,8675,Sigmarszell,BY,Bayern,0.15,0.15,0.1,0.15,0.1
8676,8676,Silberhausen,TH,Thüringen,0.15,0.15,0.1,0.15,0.1
8677,8677,Silberstedt,SH,Schleswig-holstein,0.15,0.15,0.1,0.15,0.1
8678,8678,Silbitz,TH,Thüringen,0.15,0.15,0.1,0.15,0.1
8679,8679,Sillenstede,NI,Niedersachsen,0.15,0.15,0.1,0.15,0.1
8680,8680,Silz,RP,Rheinland-pfalz,0.15,0.15,0.1,0.15,0.1
8681,8681,Silzen,SH,Schleswig-holstein,0.15,0.15,0.1,0.15,0.1
8682,8682,Simbach,BY,Bayern,0.15,0.15,0.1,0.15,0.1
8683,8683,Simbach am Inn,BY,Bayern,0.15,0.15,0.1,0.15,0.1
8684,8684,Simmelsdorf,BY,Bayern,0.15,0.15,0.1,0.15,0.1
8685,8685,Simmerath,NW,Nordrhein-westfalen,0.15,0.15,0.1,0.15,0.1
8686,8686,Simmern,RP,Rheinland-pfalz,0.15,0.15,0.1,0.15,0.1
8687,8687,Simmersfeld,BW,Baden-württemberg,0.15,0.15,0.1,0.15,0.1
8688,8688,Simmershofen,BY,Bayern,0.15,0.15,0.1,0.15,0.1
8689,8689,Simmertal,RP,Rheinland-pfalz,0.15,0.15,0.1,0.15,0.1
8690,8690,Simmozheim,BW,Baden-württemberg,0.15,0.15,0.1,0.15,0.1
8691,8691,Simonsberg,SH,Schleswig-holstein,0.15,0.15,0.1,0.15,0.1
8692,8692,Sindelfingen,BW,Baden-württemberg,0.15,0.15,0.1,0.15,0.1
8693,8693,Sindelsdorf,BY,Bayern,0.15,0.15,0.1,0.15,0.1
8694,8694,Singen,BW,Baden-württemberg,0.15,0.15,0.1,0.15,0.1
8695,8695,Singhofen,RP,Rheinland-pfalz,0.15,0.15,0.1,0.15,0.1
8696,8696,Sinn,HE,Hessen,0.15,0.15,0.1,0.15,0.1
8697,8697,Sinsheim,BW,Baden-württemberg,0.15,0.15,0.1,0.15,0.1
8698,8698,Sinspelt,RP,Rheinland-pfalz,0.15,0.15,0.1,0.15,0.1
8699,8699,Sinzheim,BW,Baden-württemberg,0.15,0.15,0.1,0.15,0.1
8700,8700,Sinzig,RP,Rheinland-pfalz,0.15,0.15,0.1,0.15,0.1
8701,8701,Sinzing,BY,Bayern,0.15,0.15,0.1,0.15,0.1
8702,8702,Sippersfeld,RP,Rheinland-pfalz,0.15,0.15,0.1,0.15,0.1
8703,8703,Sipplingen,BW,Baden-württemberg,0.15,0.15,0.1,0.15,0.1
8704,8704,Siptenfelde,ST,Sachsen-anhalt,0.15,0.15,0.1,0.15,0.1
8705,8705,Sirksfelde,SH,Schleswig-holstein,0.15,0.15,0.1,0.15,0.1
8706,8706,Sittensen,NI,Niedersachsen,0.15,0.15,0.1,0.15,0.1
8707,8707,Sitters,RP,Rheinland-pfalz,0.15,0.15,0.1,0.15,0.1
8708,8708,Sitzendorf,TH,Thüringen,0.15,0.15,0.1,0.15,0.1
8709,8709,Soderstorf,NI,Niedersachsen,0.15,0.15,0.1,0.15,0.1
8710,8710,Soest,NW,Nordrhein-westfalen,0.15,0.15,0.1,0.15,0.1
8711,8711,Sohland,SN,Sachsen,0.15,0.15,0.1,0.15,0.1
8712,8712,Sohland am Rotstein,SN,Sachsen,0.15,0.15,0.1,0.15,0.1
8713,8713,Sohren,RP,Rheinland-pfalz,0.15,0.15,0.1,0.15,0.1
8714,8714,Sohrschied,RP,Rheinland-pfalz,0.15,0.15,0.1,0.15,0.1
8715,8715,Solingen,NW,Nordrhein-westfalen,0.15,0.15,0.1,0.15,0.1
8716,8716,Solkwitz,TH,Thüringen,0.15,0.15,0.1,0.15,0.1
8717,8717,Sollerup,SH,Schleswig-holstein,0.15,0.15,0.1,0.15,0.1
8718,8718,Sollwitt,SH,Schleswig-holstein,0.15,0.15,0.1,0.15,0.1
8719,8719,Solms,HE,Hessen,0.15,0.15,0.1,0.15,0.1
8720,8720,Solnhofen,BY,Bayern,0.15,0.15,0.1,0.15,0.1
8721,8721,Solpke,ST,Sachsen-anhalt,0.15,0.15,0.1,0.15,0.1
8722,8722,Soltau,NI,Niedersachsen,0.15,0.15,0.1,0.15,0.1
8723,8723,Soltendieck,NI,Niedersachsen,0.15,0.15,0.1,0.15,0.1
8724,8724,Sommerach,BY,Bayern,0.15,0.15,0.1,0.15,0.1
8725,8725,Sommerau,RP,Rheinland-pfalz,0.15,0.15,0.1,0.15,0.1
8726,8726,Sommerhausen,BY,Bayern,0.15,0.15,0.1,0.15,0.1
8727,8727,Sommerkahl,BY,Bayern,0.15,0.15,0.1,0.15,0.1
8728,8728,Sommerland,SH,Schleswig-holstein,0.15,0.15,0.1,0.15,0.1
8729,8729,Sommerloch,RP,Rheinland-pfalz,0.15,0.15,0.1,0.15,0.1
8730,8730,Sommersdorf,ST,Sachsen-anhalt,0.15,0.15,0.1,0.15,0.1
8731,8731,Sonderhofen,BY,Bayern,0.15,0.15,0.1,0.15,0.1
8732,8732,Sondershausen,TH,Thüringen,0.15,0.15,0.1,0.15,0.1
8733,8733,Sondheim vor der Rhön,BY,Bayern,0.15,0.15,0.1,0.15,0.1
8734,8734,Sonneberg,TH,Thüringen,0.15,0.15,0.1,0.15,0.1
8735,8735,Sonneborn,TH,Thüringen,0.15,0.15,0.1,0.15,0.1
8736,8736,Sonnefeld,BY,Bayern,0.15,0.15,0.1,0.15,0.1
8737,8737,Sonnen,BY,Bayern,0.15,0.15,0.1,0.15,0.1
8738,8738,Sonnenberg,BB,Brandenburg,0.15,0.15,0.1,0.15,0.1
8739,8739,Sonnenberg-Winnenberg,RP,Rheinland-pfalz,0.15,0.15,0.1,0.15,0.1
8740,8740,Sonnewalde,BB,Brandenburg,0.15,0.15,0.1,0.15,0.1
8741,8741,Sonnschied,RP,Rheinland-pfalz,0.15,0.15,0.1,0.15,0.1
8742,8742,Sonsbeck,NW,Nordrhein-westfalen,0.15,0.15,0.1,0.15,0.1
8743,8743,Sontheim,BY,Bayern,0.15,0.15,0.1,0.15,0.1
8744,8744,Sontheim an der Brenz,BW,Baden-württemberg,0.15,0.15,0.1,0.15,0.1
8745,8745,Sonthofen,BY,Bayern,0.15,0.15,0.1,0.15,0.1
8746,8746,Sontra,HE,Hessen,0.15,0.15,0.1,0.15,0.1
8747,8747,Sophienhamm,SH,Schleswig-holstein,0.15,0.15,0.1,0.15,0.1
8748,8748,Sosa,SN,Sachsen,0.15,0.15,0.1,0.15,0.1
8749,8749,Sosberg,RP,Rheinland-pfalz,0.15,0.15,0.1,0.15,0.1
8750,8750,Sottrum,NI,Niedersachsen,0.15,0.15,0.1,0.15,0.1
8751,8751,Soyen,BY,Bayern,0.15,0.15,0.1,0.15,0.1
8752,8752,Spabrücken,RP,Rheinland-pfalz,0.15,0.15,0.1,0.15,0.1
8753,8753,Spaichingen,BW,Baden-württemberg,0.15,0.15,0.1,0.15,0.1
8754,8754,Spall,RP,Rheinland-pfalz,0.15,0.15,0.1,0.15,0.1
8755,8755,Spalt,BY,Bayern,0.15,0.15,0.1,0.15,0.1
8756,8756,Spangdahlem,RP,Rheinland-pfalz,0.15,0.15,0.1,0.15,0.1
8757,8757,Spangenberg,HE,Hessen,0.15,0.15,0.1,0.15,0.1
8758,8758,Spantekow,MV,Mecklenburg-vorpommern,0.15,0.15,0.1,0.15,0.1
8759,8759,Spardorf,BY,Bayern,0.15,0.15,0.1,0.15,0.1
8760,8760,Sparneck,BY,Bayern,0.15,0.15,0.1,0.15,0.1
8761,8761,Spatzenhausen,BY,Bayern,0.15,0.15,0.1,0.15,0.1
8762,8762,Spay,RP,Rheinland-pfalz,0.15,0.15,0.1,0.15,0.1
8763,8763,Spechbach,BW,Baden-württemberg,0.15,0.15,0.1,0.15,0.1
8764,8764,Speicher,RP,Rheinland-pfalz,0.15,0.15,0.1,0.15,0.1
8765,8765,Speichersdorf,BY,Bayern,0.15,0.15,0.1,0.15,0.1
8766,8766,Speinshart,BY,Bayern,0.15,0.15,0.1,0.15,0.1
8767,8767,Spelle,NI,Niedersachsen,0.15,0.15,0.1,0.15,0.1
8768,8768,Spenge,NW,Nordrhein-westfalen,0.15,0.15,0.1,0.15,0.1
8769,8769,Sperenberg,BB,Brandenburg,0.15,0.15,0.1,0.15,0.1
8770,8770,Spergau,ST,Sachsen-anhalt,0.15,0.15,0.1,0.15,0.1
8771,8771,Spesenroth,RP,Rheinland-pfalz,0.15,0.15,0.1,0.15,0.1
8772,8772,Spessart,RP,Rheinland-pfalz,0.15,0.15,0.1,0.15,0.1
8773,8773,Speyer,RP,Rheinland-pfalz,0.15,0.15,0.1,0.15,0.1
8774,8774,Spickendorf,ST,Sachsen-anhalt,0.15,0.15,0.1,0.15,0.1
8775,8775,Spiegelau,BY,Bayern,0.15,0.15,0.1,0.15,0.1
8776,8776,Spiegelberg,BW,Baden-württemberg,0.15,0.15,0.1,0.15,0.1
8777,8777,Spiekeroog,NI,Niedersachsen,0.15,0.15,0.1,0.15,0.1
8778,8778,Spiesen-Elversberg,SL,Saarland,0.15,0.15,0.1,0.15,0.1
8779,8779,Spiesheim,RP,Rheinland-pfalz,0.15,0.15,0.1,0.15,0.1
8780,8780,Spirkelbach,RP,Rheinland-pfalz,0.15,0.15,0.1,0.15,0.1
8781,8781,Splietsdorf,MV,Mecklenburg-vorpommern,0.15,0.15,0.1,0.15,0.1
8782,8782,Sponheim,RP,Rheinland-pfalz,0.15,0.15,0.1,0.15,0.1
8783,8783,Spornitz,MV,Mecklenburg-vorpommern,0.15,0.15,0.1,0.15,0.1
8784,8784,Spraitbach,BW,Baden-württemberg,0.15,0.15,0.1,0.15,0.1
8785,8785,Sprakebüll,SH,Schleswig-holstein,0.15,0.15,0.1,0.15,0.1
8786,8786,Sprakensehl,NI,Niedersachsen,0.15,0.15,0.1,0.15,0.1
8787,8787,Spreenhagen,BB,Brandenburg,0.15,0.15,0.1,0.15,0.1
8788,8788,Spremberg,BB,Brandenburg,0.15,0.15,0.1,0.15,0.1
8789,8789,Sprendlingen,RP,Rheinland-pfalz,0.15,0.15,0.1,0.15,0.1
8790,8790,Springe,NI,Niedersachsen,0.15,0.15,0.1,0.15,0.1
8791,8791,Springstille,TH,Thüringen,0.15,0.15,0.1,0.15,0.1
8792,8792,Sprockhövel,NW,Nordrhein-westfalen,0.15,0.15,0.1,0.15,0.1
8793,8793,Sprötau,TH,Thüringen,0.15,0.15,0.1,0.15,0.1
8794,8794,Spören,ST,Sachsen-anhalt,0.15,0.15,0.1,0.15,0.1
8795,8795,Stade,NI,Niedersachsen,0.15,0.15,0.1,0.15,0.1
8796,8796,Stadecken-Elsheim,RP,Rheinland-pfalz,0.15,0.15,0.1,0.15,0.1
8797,8797,Stadelhofen,BY,Bayern,0.15,0.15,0.1,0.15,0.1
8798,8798,Stadensen,NI,Niedersachsen,0.15,0.15,0.1,0.15,0.1
8799,8799,Stadlern,BY,Bayern,0.15,0.15,0.1,0.15,0.1
8800,8800,Stadt Wehlen,SN,Sachsen,0.15,0.15,0.1,0.15,0.1
8801,8801,Stadtallendorf,HE,Hessen,0.15,0.15,0.1,0.15,0.1
8802,8802,Stadtbergen,BY,Bayern,0.15,0.15,0.1,0.15,0.1
8803,8803,Stadthagen,NI,Niedersachsen,0.15,0.15,0.1,0.15,0.1
8804,8804,Stadtilm,TH,Thüringen,0.15,0.15,0.1,0.15,0.1
8805,8805,Stadtkyll,RP,Rheinland-pfalz,0.15,0.15,0.1,0.15,0.1
8806,8806,Stadtlauringen,BY,Bayern,0.15,0.15,0.1,0.15,0.1
8807,8807,Stadtlengsfeld,TH,Thüringen,0.15,0.15,0.1,0.15,0.1
8808,8808,Stadtlohn,NW,Nordrhein-westfalen,0.15,0.15,0.1,0.15,0.1
8809,8809,Stadtoldendorf,NI,Niedersachsen,0.15,0.15,0.1,0.15,0.1
8810,8810,Stadtprozelten,BY,Bayern,0.15,0.15,0.1,0.15,0.1
8811,8811,Stadtroda,TH,Thüringen,0.15,0.15,0.1,0.15,0.1
8812,8812,Stadtsteinach,BY,Bayern,0.15,0.15,0.1,0.15,0.1
8813,8813,Stadum,SH,Schleswig-holstein,0.15,0.15,0.1,0.15,0.1
8814,8814,Staffhorst,NI,Niedersachsen,0.15,0.15,0.1,0.15,0.1
8815,8815,Stafstedt,SH,Schleswig-holstein,0.15,0.15,0.1,0.15,0.1
8816,8816,Stahlberg,RP,Rheinland-pfalz,0.15,0.15,0.1,0.15,0.1
8817,8817,Stahlhofen,RP,Rheinland-pfalz,0.15,0.15,0.1,0.15,0.1
8818,8818,Stahnsdorf,BB,Brandenburg,0.15,0.15,0.1,0.15,0.1
8819,8819,Staig,BW,Baden-württemberg,0.15,0.15,0.1,0.15,0.1
8820,8820,Stakendorf,SH,Schleswig-holstein,0.15,0.15,0.1,0.15,0.1
8821,8821,Stallwang,BY,Bayern,0.15,0.15,0.1,0.15,0.1
8822,8822,Stammbach,BY,Bayern,0.15,0.15,0.1,0.15,0.1
8823,8823,Stammham,BY,Bayern,0.15,0.15,0.1,0.15,0.1
8824,8824,Stamsried,BY,Bayern,0.15,0.15,0.1,0.15,0.1
8825,8825,Standenbühl,RP,Rheinland-pfalz,0.15,0.15,0.1,0.15,0.1
8826,8826,Stangheck,SH,Schleswig-holstein,0.15,0.15,0.1,0.15,0.1
8827,8827,Stapelburg,ST,Sachsen-anhalt,0.15,0.15,0.1,0.15,0.1
8828,8828,Stapelfeld,SH,Schleswig-holstein,0.15,0.15,0.1,0.15,0.1
8829,8829,Starkenburg,RP,Rheinland-pfalz,0.15,0.15,0.1,0.15,0.1
8830,8830,Starnberg,BY,Bayern,0.15,0.15,0.1,0.15,0.1
8831,8831,Starsiedel,ST,Sachsen-anhalt,0.15,0.15,0.1,0.15,0.1
8832,8832,Stauchitz,SN,Sachsen,0.15,0.15,0.1,0.15,0.1
8833,8833,Staudach-Egerndach,BY,Bayern,0.15,0.15,0.1,0.15,0.1
8834,8834,Staudernheim,RP,Rheinland-pfalz,0.15,0.15,0.1,0.15,0.1
8835,8835,Staudt,RP,Rheinland-pfalz,0.15,0.15,0.1,0.15,0.1
8836,8836,Staufen,BW,Baden-württemberg,0.15,0.15,0.1,0.15,0.1
8837,8837,Staufenberg,HE,Hessen,0.15,0.15,0.1,0.15,0.1
8838,8838,Staven,MV,Mecklenburg-vorpommern,0.15,0.15,0.1,0.15,0.1
8839,8839,Staßfurt,ST,Sachsen-anhalt,0.15,0.15,0.1,0.15,0.1
8840,8840,Stebach,RP,Rheinland-pfalz,0.15,0.15,0.1,0.15,0.1
8841,8841,Stecklenberg,ST,Sachsen-anhalt,0.15,0.15,0.1,0.15,0.1
8842,8842,Stedesand,SH,Schleswig-holstein,0.15,0.15,0.1,0.15,0.1
8843,8843,Stedesdorf,NI,Niedersachsen,0.15,0.15,0.1,0.15,0.1
8844,8844,Stedten,ST,Sachsen-anhalt,0.15,0.15,0.1,0.15,0.1
8845,8845,Steenfeld,SH,Schleswig-holstein,0.15,0.15,0.1,0.15,0.1
8846,8846,Steffeln,RP,Rheinland-pfalz,0.15,0.15,0.1,0.15,0.1
8847,8847,Steffenshagen,MV,Mecklenburg-vorpommern,0.15,0.15,0.1,0.15,0.1
8848,8848,Stegaurach,BY,Bayern,0.15,0.15,0.1,0.15,0.1
8849,8849,Stegen,BW,Baden-württemberg,0.15,0.15,0.1,0.15,0.1
8850,8850,Steigra,ST,Sachsen-anhalt,0.15,0.15,0.1,0.15,0.1
8851,8851,Steilshoop,HH,Hamburg,0.15,0.15,0.1,0.15,0.1
8852,8852,Steimbke,NI,Niedersachsen,0.15,0.15,0.1,0.15,0.1
8853,8853,Steimel,RP,Rheinland-pfalz,0.15,0.15,0.1,0.15,0.1
8854,8854,Stein,SH,Schleswig-holstein,0.15,0.15,0.1,0.15,0.1
8855,8855,Stein,BY,Bayern,0.15,0.15,0.1,0.15,0.1
8856,8856,Stein-Bockenheim,RP,Rheinland-pfalz,0.15,0.15,0.1,0.15,0.1
8857,8857,Stein-Neukirch,RP,Rheinland-pfalz,0.15,0.15,0.1,0.15,0.1
8858,8858,Stein-Wingert,RP,Rheinland-pfalz,0.15,0.15,0.1,0.15,0.1
8859,8859,Steina,SN,Sachsen,0.15,0.15,0.1,0.15,0.1
8860,8860,Steinach,BW,Baden-württemberg,0.15,0.15,0.1,0.15,0.1
8861,8861,Steinach,BY,Bayern,0.15,0.15,0.1,0.15,0.1
8862,8862,Steinach,TH,Thüringen,0.15,0.15,0.1,0.15,0.1
8863,8863,Steinalben,RP,Rheinland-pfalz,0.15,0.15,0.1,0.15,0.1
8864,8864,Steinau,NI,Niedersachsen,0.15,0.15,0.1,0.15,0.1
8865,8865,Steinau an der Straße,HE,Hessen,0.15,0.15,0.1,0.15,0.1
8866,8866,Steinbach,TH,Thüringen,0.15,0.15,0.1,0.15,0.1
8867,8867,Steinbach,RP,Rheinland-pfalz,0.15,0.15,0.1,0.15,0.1
8868,8868,Steinbach,BY,Bayern,0.15,0.15,0.1,0.15,0.1
8869,8869,Steinbach am Donnersberg,RP,Rheinland-pfalz,0.15,0.15,0.1,0.15,0.1
8870,8870,Steinbach-Hallenberg,TH,Thüringen,0.15,0.15,0.1,0.15,0.1
8871,8871,Steinberg,SH,Schleswig-holstein,0.15,0.15,0.1,0.15,0.1
8872,8872,Steinberg,BY,Bayern,0.15,0.15,0.1,0.15,0.1
8873,8873,Steinbergkirche,SH,Schleswig-holstein,0.15,0.15,0.1,0.15,0.1
8874,8874,Steinborn,RP,Rheinland-pfalz,0.15,0.15,0.1,0.15,0.1
8875,8875,Steindorf,BY,Bayern,0.15,0.15,0.1,0.15,0.1
8876,8876,Steinebach,RP,Rheinland-pfalz,0.15,0.15,0.1,0.15,0.1
8877,8877,Steineberg,RP,Rheinland-pfalz,0.15,0.15,0.1,0.15,0.1
8878,8878,Steinefrenz,RP,Rheinland-pfalz,0.15,0.15,0.1,0.15,0.1
8879,8879,Steinen,BW,Baden-württemberg,0.15,0.15,0.1,0.15,0.1
8880,8880,Steinen,RP,Rheinland-pfalz,0.15,0.15,0.1,0.15,0.1
8881,8881,Steinenbronn,BW,Baden-württemberg,0.15,0.15,0.1,0.15,0.1
8882,8882,Steineroth,RP,Rheinland-pfalz,0.15,0.15,0.1,0.15,0.1
8883,8883,Steinfeld,SH,Schleswig-holstein,0.15,0.15,0.1,0.15,0.1
8884,8884,Steinfeld,BY,Bayern,0.15,0.15,0.1,0.15,0.1
8885,8885,Steinfeld,NI,Niedersachsen,0.15,0.15,0.1,0.15,0.1
8886,8886,Steinfeld,RP,Rheinland-pfalz,0.15,0.15,0.1,0.15,0.1
8887,8887,Steinfurt,NW,Nordrhein-westfalen,0.15,0.15,0.1,0.15,0.1
8888,8888,Steingaden,BY,Bayern,0.15,0.15,0.1,0.15,0.1
8889,8889,Steinhagen,NW,Nordrhein-westfalen,0.15,0.15,0.1,0.15,0.1
8890,8890,Steinhagen,MV,Mecklenburg-vorpommern,0.15,0.15,0.1,0.15,0.1
8891,8891,Steinhausen an der Rottum,BW,Baden-württemberg,0.15,0.15,0.1,0.15,0.1
8892,8892,Steinheid,TH,Thüringen,0.15,0.15,0.1,0.15,0.1
8893,8893,Steinheim,BY,Bayern,0.15,0.15,0.1,0.15,0.1
8894,8894,Steinheim,HE,Hessen,0.15,0.15,0.1,0.15,0.1
8895,8895,Steinheim,NW,Nordrhein-westfalen,0.15,0.15,0.1,0.15,0.1
8896,8896,Steinheim am Albuch,BW,Baden-württemberg,0.15,0.15,0.1,0.15,0.1
8897,8897,Steinheuterode,TH,Thüringen,0.15,0.15,0.1,0.15,0.1
8898,8898,Steinhorst,NI,Niedersachsen,0.15,0.15,0.1,0.15,0.1
8899,8899,Steinhorst,SH,Schleswig-holstein,0.15,0.15,0.1,0.15,0.1
8900,8900,Steinhöfel,BB,Brandenburg,0.15,0.15,0.1,0.15,0.1
8901,8901,Steinhöring,BY,Bayern,0.15,0.15,0.1,0.15,0.1
8902,8902,Steinigtwolmsdorf,SN,Sachsen,0.15,0.15,0.1,0.15,0.1
8903,8903,Steiningen,RP,Rheinland-pfalz,0.15,0.15,0.1,0.15,0.1
8904,8904,Steinkirchen,BY,Bayern,0.15,0.15,0.1,0.15,0.1
8905,8905,Steinkirchen,NI,Niedersachsen,0.15,0.15,0.1,0.15,0.1
8906,8906,Steinmauern,BW,Baden-württemberg,0.15,0.15,0.1,0.15,0.1
8907,8907,Steinrode,TH,Thüringen,0.15,0.15,0.1,0.15,0.1
8908,8908,Steinsberg,RP,Rheinland-pfalz,0.15,0.15,0.1,0.15,0.1
8909,8909,Steinsdorf,TH,Thüringen,0.15,0.15,0.1,0.15,0.1
8910,8910,Steinsfeld,BY,Bayern,0.15,0.15,0.1,0.15,0.1
8911,8911,Steinthaleben,TH,Thüringen,0.15,0.15,0.1,0.15,0.1
8912,8912,Steinweiler,RP,Rheinland-pfalz,0.15,0.15,0.1,0.15,0.1
8913,8913,Steinwenden,RP,Rheinland-pfalz,0.15,0.15,0.1,0.15,0.1
8914,8914,Steinwiesen,BY,Bayern,0.15,0.15,0.1,0.15,0.1
8915,8915,Steißlingen,BW,Baden-württemberg,0.15,0.15,0.1,0.15,0.1
8916,8916,Stelle,NI,Niedersachsen,0.15,0.15,0.1,0.15,0.1
8917,8917,Stelle-Wittenwurth,SH,Schleswig-holstein,0.15,0.15,0.1,0.15,0.1
8918,8918,Stellingen,HH,Hamburg,0.15,0.15,0.1,0.15,0.1
8919,8919,Stelzenberg,RP,Rheinland-pfalz,0.15,0.15,0.1,0.15,0.1
8920,8920,Stemmen,NI,Niedersachsen,0.15,0.15,0.1,0.15,0.1
8921,8921,Stemshorn,NI,Niedersachsen,0.15,0.15,0.1,0.15,0.1
8922,8922,Stendal,ST,Sachsen-anhalt,0.15,0.15,0.1,0.15,0.1
8923,8923,Stepfershausen,TH,Thüringen,0.15,0.15,0.1,0.15,0.1
8924,8924,Stephanskirchen,BY,Bayern,0.15,0.15,0.1,0.15,0.1
8925,8925,Stephansposching,BY,Bayern,0.15,0.15,0.1,0.15,0.1
8926,8926,Sterley,SH,Schleswig-holstein,0.15,0.15,0.1,0.15,0.1
8927,8927,Sternberg,MV,Mecklenburg-vorpommern,0.15,0.15,0.1,0.15,0.1
8928,8928,Sternenfels,BW,Baden-württemberg,0.15,0.15,0.1,0.15,0.1
8929,8929,Sterup,SH,Schleswig-holstein,0.15,0.15,0.1,0.15,0.1
8930,8930,Stetten,BW,Baden-württemberg,0.15,0.15,0.1,0.15,0.1
8931,8931,Stetten,BY,Bayern,0.15,0.15,0.1,0.15,0.1
8932,8932,Stetten,RP,Rheinland-pfalz,0.15,0.15,0.1,0.15,0.1
8933,8933,Stettfeld,BY,Bayern,0.15,0.15,0.1,0.15,0.1
8934,8934,Steuden,ST,Sachsen-anhalt,0.15,0.15,0.1,0.15,0.1
8935,8935,Steutz,ST,Sachsen-anhalt,0.15,0.15,0.1,0.15,0.1
8936,8936,Steyerberg,NI,Niedersachsen,0.15,0.15,0.1,0.15,0.1
8937,8937,Stiefenhofen,BY,Bayern,0.15,0.15,0.1,0.15,0.1
8938,8938,Stimpfach,BW,Baden-württemberg,0.15,0.15,0.1,0.15,0.1
8939,8939,Stinstedt,NI,Niedersachsen,0.15,0.15,0.1,0.15,0.1
8940,8940,Stipsdorf,SH,Schleswig-holstein,0.15,0.15,0.1,0.15,0.1
8941,8941,Stipshausen,RP,Rheinland-pfalz,0.15,0.15,0.1,0.15,0.1
8942,8942,Stockach,BW,Baden-württemberg,0.15,0.15,0.1,0.15,0.1
8943,8943,Stockelsdorf,SH,Schleswig-holstein,0.15,0.15,0.1,0.15,0.1
8944,8944,Stockem,RP,Rheinland-pfalz,0.15,0.15,0.1,0.15,0.1
8945,8945,Stockhausen-Illfurth,RP,Rheinland-pfalz,0.15,0.15,0.1,0.15,0.1
8946,8946,Stockheim,BY,Bayern,0.15,0.15,0.1,0.15,0.1
8947,8947,Stockheim,NI,Niedersachsen,0.15,0.15,0.1,0.15,0.1
8948,8948,Stocksee,SH,Schleswig-holstein,0.15,0.15,0.1,0.15,0.1
8949,8949,Stockstadt am Main,BY,Bayern,0.15,0.15,0.1,0.15,0.1
8950,8950,Stockstadt am Rhein,HE,Hessen,0.15,0.15,0.1,0.15,0.1
8951,8951,Stockum-Püschen,RP,Rheinland-pfalz,0.15,0.15,0.1,0.15,0.1
8952,8952,Stoetze,NI,Niedersachsen,0.15,0.15,0.1,0.15,0.1
8953,8953,Stolberg,NW,Nordrhein-westfalen,0.15,0.15,0.1,0.15,0.1
8954,8954,Stolberg,ST,Sachsen-anhalt,0.15,0.15,0.1,0.15,0.1
8955,8955,Stolk,SH,Schleswig-holstein,0.15,0.15,0.1,0.15,0.1
8956,8956,Stollberg,SN,Sachsen,0.15,0.15,0.1,0.15,0.1
8957,8957,Stolpe,SH,Schleswig-holstein,0.15,0.15,0.1,0.15,0.1
8958,8958,Stolpen,SN,Sachsen,0.15,0.15,0.1,0.15,0.1
8959,8959,Stoltebüll,SH,Schleswig-holstein,0.15,0.15,0.1,0.15,0.1
8960,8960,Stoltenberg,SH,Schleswig-holstein,0.15,0.15,0.1,0.15,0.1
8961,8961,Stoltenhagen,MV,Mecklenburg-vorpommern,0.15,0.15,0.1,0.15,0.1
8962,8962,Stolzenau,NI,Niedersachsen,0.15,0.15,0.1,0.15,0.1
8963,8963,Storkau,ST,Sachsen-anhalt,0.15,0.15,0.1,0.15,0.1
8964,8964,Storkow,BB,Brandenburg,0.15,0.15,0.1,0.15,0.1
8965,8965,Straach,ST,Sachsen-anhalt,0.15,0.15,0.1,0.15,0.1
8966,8966,Straelen,NW,Nordrhein-westfalen,0.15,0.15,0.1,0.15,0.1
8967,8967,Strahlungen,BY,Bayern,0.15,0.15,0.1,0.15,0.1
8968,8968,Strahwalde,SN,Sachsen,0.15,0.15,0.1,0.15,0.1
8969,8969,Stralendorf,MV,Mecklenburg-vorpommern,0.15,0.15,0.1,0.15,0.1
8970,8970,Stralsund,MV,Mecklenburg-vorpommern,0.15,0.15,0.1,0.15,0.1
8971,8971,Strande,SH,Schleswig-holstein,0.15,0.15,0.1,0.15,0.1
8972,8972,Strasburg,MV,Mecklenburg-vorpommern,0.15,0.15,0.1,0.15,0.1
8973,8973,Straubing,BY,Bayern,0.15,0.15,0.1,0.15,0.1
8974,8974,Straupitz,BB,Brandenburg,0.15,0.15,0.1,0.15,0.1
8975,8975,Strausberg,BB,Brandenburg,0.15,0.15,0.1,0.15,0.1
8976,8976,Straußfurt,TH,Thüringen,0.15,0.15,0.1,0.15,0.1
8977,8977,Straßberg,BW,Baden-württemberg,0.15,0.15,0.1,0.15,0.1
8978,8978,Straßberg,ST,Sachsen-anhalt,0.15,0.15,0.1,0.15,0.1
8979,8979,Straßgräbchen,SN,Sachsen,0.15,0.15,0.1,0.15,0.1
8980,8980,Straßkirchen,BY,Bayern,0.15,0.15,0.1,0.15,0.1
8981,8981,Straßlach-Dingharting,BY,Bayern,0.15,0.15,0.1,0.15,0.1
8982,8982,Strehla,SN,Sachsen,0.15,0.15,0.1,0.15,0.1
8983,8983,Streithausen,RP,Rheinland-pfalz,0.15,0.15,0.1,0.15,0.1
8984,8984,Strickscheid,RP,Rheinland-pfalz,0.15,0.15,0.1,0.15,0.1
8985,8985,Strohn,RP,Rheinland-pfalz,0.15,0.15,0.1,0.15,0.1
8986,8986,Stromberg,RP,Rheinland-pfalz,0.15,0.15,0.1,0.15,0.1
8987,8987,Strotzbüsch,RP,Rheinland-pfalz,0.15,0.15,0.1,0.15,0.1
8988,8988,Struckum,SH,Schleswig-holstein,0.15,0.15,0.1,0.15,0.1
8989,8989,Strukdorf,SH,Schleswig-holstein,0.15,0.15,0.1,0.15,0.1
8990,8990,Strullendorf,BY,Bayern,0.15,0.15,0.1,0.15,0.1
8991,8991,Struppen,SN,Sachsen,0.15,0.15,0.1,0.15,0.1
8992,8992,Struvenhütten,SH,Schleswig-holstein,0.15,0.15,0.1,0.15,0.1
8993,8993,Struxdorf,SH,Schleswig-holstein,0.15,0.15,0.1,0.15,0.1
8994,8994,Ströbeck,ST,Sachsen-anhalt,0.15,0.15,0.1,0.15,0.1
8995,8995,Strübbel,SH,Schleswig-holstein,0.15,0.15,0.1,0.15,0.1
8996,8996,Strüth,RP,Rheinland-pfalz,0.15,0.15,0.1,0.15,0.1
8997,8997,Stubben,SH,Schleswig-holstein,0.15,0.15,0.1,0.15,0.1
8998,8998,Stubbendorf,MV,Mecklenburg-vorpommern,0.15,0.15,0.1,0.15,0.1
8999,8999,Stubenberg,BY,Bayern,0.15,0.15,0.1,0.15,0.1
9000,9000,Stuhr,NI,Niedersachsen,0.15,0.15,0.1,0.15,0.1
9001,9001,Stulln,BY,Bayern,0.15,0.15,0.1,0.15,0.1
9002,9002,Stumsdorf,ST,Sachsen-anhalt,0.15,0.15,0.1,0.15,0.1
9003,9003,Stuttgart,BW,Baden-württemberg,0.15,0.15,0.1,0.15,0.1
9004,9004,Stuttgart Feuerbach,BW,Baden-württemberg,0.15,0.15,0.1,0.15,0.1
9005,9005,Stuttgart-Ost,BW,Baden-württemberg,0.15,0.15,0.1,0.15,0.1
9006,9006,Stuvenborn,SH,Schleswig-holstein,0.15,0.15,0.1,0.15,0.1
9007,9007,Stäbelow,MV,Mecklenburg-vorpommern,0.15,0.15,0.1,0.15,0.1
9008,9008,Stöckse,NI,Niedersachsen,0.15,0.15,0.1,0.15,0.1
9009,9009,Stödtlen,BW,Baden-württemberg,0.15,0.15,0.1,0.15,0.1
9010,9010,Stördorf,SH,Schleswig-holstein,0.15,0.15,0.1,0.15,0.1
9011,9011,Störkathen,SH,Schleswig-holstein,0.15,0.15,0.1,0.15,0.1
9012,9012,Störnstein,BY,Bayern,0.15,0.15,0.1,0.15,0.1
9013,9013,Stötten am Auerberg,BY,Bayern,0.15,0.15,0.1,0.15,0.1
9014,9014,Stöttwang,BY,Bayern,0.15,0.15,0.1,0.15,0.1
9015,9015,Stößen,ST,Sachsen-anhalt,0.15,0.15,0.1,0.15,0.1
9016,9016,Stühlingen,BW,Baden-württemberg,0.15,0.15,0.1,0.15,0.1
9017,9017,Stürzelbach,RP,Rheinland-pfalz,0.15,0.15,0.1,0.15,0.1
9018,9018,Stützengrün,SN,Sachsen,0.15,0.15,0.1,0.15,0.1
9019,9019,Stützerbach,TH,Thüringen,0.15,0.15,0.1,0.15,0.1
9020,9020,Suddendorf,NI,Niedersachsen,0.15,0.15,0.1,0.15,0.1
9021,9021,Suderburg,NI,Niedersachsen,0.15,0.15,0.1,0.15,0.1
9022,9022,Sudwalde,NI,Niedersachsen,0.15,0.15,0.1,0.15,0.1
9023,9023,Sugenheim,BY,Bayern,0.15,0.15,0.1,0.15,0.1
9024,9024,Suhl,TH,Thüringen,0.15,0.15,0.1,0.15,0.1
9025,9025,Suhlendorf,NI,Niedersachsen,0.15,0.15,0.1,0.15,0.1
9026,9026,Sukow,MV,Mecklenburg-vorpommern,0.15,0.15,0.1,0.15,0.1
9027,9027,Sulingen,NI,Niedersachsen,0.15,0.15,0.1,0.15,0.1
9028,9028,Sulz am Neckar,BW,Baden-württemberg,0.15,0.15,0.1,0.15,0.1
9029,9029,Sulza,TH,Thüringen,0.15,0.15,0.1,0.15,0.1
9030,9030,Sulzbach,RP,Rheinland-pfalz,0.15,0.15,0.1,0.15,0.1
9031,9031,Sulzbach,HE,Hessen,0.15,0.15,0.1,0.15,0.1
9032,9032,Sulzbach,SL,Saarland,0.15,0.15,0.1,0.15,0.1
9033,9033,Sulzbach am Main,BY,Bayern,0.15,0.15,0.1,0.15,0.1
9034,9034,Sulzbach an der Murr,BW,Baden-württemberg,0.15,0.15,0.1,0.15,0.1
9035,9035,Sulzbach-Rosenberg,BY,Bayern,0.15,0.15,0.1,0.15,0.1
9036,9036,Sulzberg,BY,Bayern,0.15,0.15,0.1,0.15,0.1
9037,9037,Sulzburg,BW,Baden-württemberg,0.15,0.15,0.1,0.15,0.1
9038,9038,Sulzdorf,BY,Bayern,0.15,0.15,0.1,0.15,0.1
9039,9039,Sulzemoos,BY,Bayern,0.15,0.15,0.1,0.15,0.1
9040,9040,Sulzfeld,BY,Bayern,0.15,0.15,0.1,0.15,0.1
9041,9041,Sulzfeld,BW,Baden-württemberg,0.15,0.15,0.1,0.15,0.1
9042,9042,Sulzfeld am Main,BY,Bayern,0.15,0.15,0.1,0.15,0.1
9043,9043,Sulzheim,RP,Rheinland-pfalz,0.15,0.15,0.1,0.15,0.1
9044,9044,Sulzheim,BY,Bayern,0.15,0.15,0.1,0.15,0.1
9045,9045,Sulzthal,BY,Bayern,0.15,0.15,0.1,0.15,0.1
9046,9046,Sundern,NW,Nordrhein-westfalen,0.15,0.15,0.1,0.15,0.1
9047,9047,Sundhausen,TH,Thüringen,0.15,0.15,0.1,0.15,0.1
9048,9048,Surberg,BY,Bayern,0.15,0.15,0.1,0.15,0.1
9049,9049,Surwold,NI,Niedersachsen,0.15,0.15,0.1,0.15,0.1
9050,9050,Sustrum,NI,Niedersachsen,0.15,0.15,0.1,0.15,0.1
9051,9051,Syke,NI,Niedersachsen,0.15,0.15,0.1,0.15,0.1
9052,9052,Sylda,ST,Sachsen-anhalt,0.15,0.15,0.1,0.15,0.1
9053,9053,Sylt-Ost,SH,Schleswig-holstein,0.15,0.15,0.1,0.15,0.1
9054,9054,Syrau,SN,Sachsen,0.15,0.15,0.1,0.15,0.1
9055,9055,Söchtenau,BY,Bayern,0.15,0.15,0.1,0.15,0.1
9056,9056,Sögel,NI,Niedersachsen,0.15,0.15,0.1,0.15,0.1
9057,9057,Söhlde,NI,Niedersachsen,0.15,0.15,0.1,0.15,0.1
9058,9058,Sölden,BW,Baden-württemberg,0.15,0.15,0.1,0.15,0.1
9059,9059,Söllichau,ST,Sachsen-anhalt,0.15,0.15,0.1,0.15,0.1
9060,9060,Söllingen,NI,Niedersachsen,0.15,0.15,0.1,0.15,0.1
9061,9061,Sömmerda,TH,Thüringen,0.15,0.15,0.1,0.15,0.1
9062,9062,Sönnebüll,SH,Schleswig-holstein,0.15,0.15,0.1,0.15,0.1
9063,9063,Sören,SH,Schleswig-holstein,0.15,0.15,0.1,0.15,0.1
9064,9064,Sörgenloch,RP,Rheinland-pfalz,0.15,0.15,0.1,0.15,0.1
9065,9065,Sörth,RP,Rheinland-pfalz,0.15,0.15,0.1,0.15,0.1
9066,9066,Sörup,SH,Schleswig-holstein,0.15,0.15,0.1,0.15,0.1
9067,9067,Süderau,SH,Schleswig-holstein,0.15,0.15,0.1,0.15,0.1
9068,9068,Süderbrarup,SH,Schleswig-holstein,0.15,0.15,0.1,0.15,0.1
9069,9069,Süderdeich,SH,Schleswig-holstein,0.15,0.15,0.1,0.15,0.1
9070,9070,Süderdorf,SH,Schleswig-holstein,0.15,0.15,0.1,0.15,0.1
9071,9071,Süderende,SH,Schleswig-holstein,0.15,0.15,0.1,0.15,0.1
9072,9072,Süderfahrenstedt,SH,Schleswig-holstein,0.15,0.15,0.1,0.15,0.1
9073,9073,Südergellersen,NI,Niedersachsen,0.15,0.15,0.1,0.15,0.1
9074,9074,Süderhackstedt,SH,Schleswig-holstein,0.15,0.15,0.1,0.15,0.1
9075,9075,Süderhastedt,SH,Schleswig-holstein,0.15,0.15,0.1,0.15,0.1
9076,9076,Süderheistedt,SH,Schleswig-holstein,0.15,0.15,0.1,0.15,0.1
9077,9077,Süderhöft,SH,Schleswig-holstein,0.15,0.15,0.1,0.15,0.1
9078,9078,Süderlügum,SH,Schleswig-holstein,0.15,0.15,0.1,0.15,0.1
9079,9079,Süderstapel,SH,Schleswig-holstein,0.15,0.15,0.1,0.15,0.1
9080,9080,Südlohn,NW,Nordrhein-westfalen,0.15,0.15,0.1,0.15,0.1
9081,9081,Sülfeld,SH,Schleswig-holstein,0.15,0.15,0.1,0.15,0.1
9082,9082,Sülm,RP,Rheinland-pfalz,0.15,0.15,0.1,0.15,0.1
9083,9083,Sülstorf,MV,Mecklenburg-vorpommern,0.15,0.15,0.1,0.15,0.1
9084,9084,Sülzfeld,TH,Thüringen,0.15,0.15,0.1,0.15,0.1
9085,9085,Sünching,BY,Bayern,0.15,0.15,0.1,0.15,0.1
9086,9086,Süplingen,ST,Sachsen-anhalt,0.15,0.15,0.1,0.15,0.1
9087,9087,Süpplingen,NI,Niedersachsen,0.15,0.15,0.1,0.15,0.1
9088,9088,Süpplingenburg,NI,Niedersachsen,0.15,0.15,0.1,0.15,0.1
9089,9089,Süsel,SH,Schleswig-holstein,0.15,0.15,0.1,0.15,0.1
9090,9090,Süstedt,NI,Niedersachsen,0.15,0.15,0.1,0.15,0.1
9091,9091,Süßen,BW,Baden-württemberg,0.15,0.15,0.1,0.15,0.1
9092,9092,Taarstedt,SH,Schleswig-holstein,0.15,0.15,0.1,0.15,0.1
9093,9093,Tabarz,TH,Thüringen,0.15,0.15,0.1,0.15,0.1
9094,9094,Taben-Rodt,RP,Rheinland-pfalz,0.15,0.15,0.1,0.15,0.1
9095,9095,Tacherting,BY,Bayern,0.15,0.15,0.1,0.15,0.1
9096,9096,Taching am See,BY,Bayern,0.15,0.15,0.1,0.15,0.1
9097,9097,Tackesdorf,SH,Schleswig-holstein,0.15,0.15,0.1,0.15,0.1
9098,9098,Tagewerben,ST,Sachsen-anhalt,0.15,0.15,0.1,0.15,0.1
9099,9099,Tagmersheim,BY,Bayern,0.15,0.15,0.1,0.15,0.1
9100,9100,Talheim,BW,Baden-württemberg,0.15,0.15,0.1,0.15,0.1
9101,9101,Talkau,SH,Schleswig-holstein,0.15,0.15,0.1,0.15,0.1
9102,9102,Talling,RP,Rheinland-pfalz,0.15,0.15,0.1,0.15,0.1
9103,9103,Tambach-Dietharz,TH,Thüringen,0.15,0.15,0.1,0.15,0.1
9104,9104,Tamm,BW,Baden-württemberg,0.15,0.15,0.1,0.15,0.1
9105,9105,Tangerhütte,ST,Sachsen-anhalt,0.15,0.15,0.1,0.15,0.1
9106,9106,Tangermünde,ST,Sachsen-anhalt,0.15,0.15,0.1,0.15,0.1
9107,9107,Tangstedt,SH,Schleswig-holstein,0.15,0.15,0.1,0.15,0.1
9108,9108,Tann,HE,Hessen,0.15,0.15,0.1,0.15,0.1
9109,9109,Tann,BY,Bayern,0.15,0.15,0.1,0.15,0.1
9110,9110,Tanna,TH,Thüringen,0.15,0.15,0.1,0.15,0.1
9111,9111,Tanne,ST,Sachsen-anhalt,0.15,0.15,0.1,0.15,0.1
9112,9112,Tannenberg,SN,Sachsen,0.15,0.15,0.1,0.15,0.1
9113,9113,Tannenbergsthal,SN,Sachsen,0.15,0.15,0.1,0.15,0.1
9114,9114,Tannhausen,BW,Baden-württemberg,0.15,0.15,0.1,0.15,0.1
9115,9115,Tannheim,BW,Baden-württemberg,0.15,0.15,0.1,0.15,0.1
9116,9116,Tantow,BB,Brandenburg,0.15,0.15,0.1,0.15,0.1
9117,9117,Tapfheim,BY,Bayern,0.15,0.15,0.1,0.15,0.1
9118,9118,Tappenbeck,NI,Niedersachsen,0.15,0.15,0.1,0.15,0.1
9119,9119,Tappendorf,SH,Schleswig-holstein,0.15,0.15,0.1,0.15,0.1
9120,9120,Tarbek,SH,Schleswig-holstein,0.15,0.15,0.1,0.15,0.1
9121,9121,Tarmstedt,NI,Niedersachsen,0.15,0.15,0.1,0.15,0.1
9122,9122,Tarnow,MV,Mecklenburg-vorpommern,0.15,0.15,0.1,0.15,0.1
9123,9123,Tarp,SH,Schleswig-holstein,0.15,0.15,0.1,0.15,0.1
9124,9124,Tarthun,ST,Sachsen-anhalt,0.15,0.15,0.1,0.15,0.1
9125,9125,Tasdorf,SH,Schleswig-holstein,0.15,0.15,0.1,0.15,0.1
9126,9126,Tastrup,SH,Schleswig-holstein,0.15,0.15,0.1,0.15,0.1
9127,9127,Tastungen,TH,Thüringen,0.15,0.15,0.1,0.15,0.1
9128,9128,Tating,SH,Schleswig-holstein,0.15,0.15,0.1,0.15,0.1
9129,9129,Tauberbischofsheim,BW,Baden-württemberg,0.15,0.15,0.1,0.15,0.1
9130,9130,Tauberrettersheim,BY,Bayern,0.15,0.15,0.1,0.15,0.1
9131,9131,Taucha,ST,Sachsen-anhalt,0.15,0.15,0.1,0.15,0.1
9132,9132,Taucha,SN,Sachsen,0.15,0.15,0.1,0.15,0.1
9133,9133,Tauche,BB,Brandenburg,0.15,0.15,0.1,0.15,0.1
9134,9134,Tauer,BB,Brandenburg,0.15,0.15,0.1,0.15,0.1
9135,9135,Taufkirchen,BY,Bayern,0.15,0.15,0.1,0.15,0.1
9136,9136,Taugwitz,ST,Sachsen-anhalt,0.15,0.15,0.1,0.15,0.1
9137,9137,Taunusstein,HE,Hessen,0.15,0.15,0.1,0.15,0.1
9138,9138,Taura,SN,Sachsen,0.15,0.15,0.1,0.15,0.1
9139,9139,Tauscha,SN,Sachsen,0.15,0.15,0.1,0.15,0.1
9140,9140,Tautenburg,TH,Thüringen,0.15,0.15,0.1,0.15,0.1
9141,9141,Tautendorf,TH,Thüringen,0.15,0.15,0.1,0.15,0.1
9142,9142,Tautenhain,TH,Thüringen,0.15,0.15,0.1,0.15,0.1
9143,9143,Tawern,RP,Rheinland-pfalz,0.15,0.15,0.1,0.15,0.1
9144,9144,Techelsdorf,SH,Schleswig-holstein,0.15,0.15,0.1,0.15,0.1
9145,9145,Techentin,MV,Mecklenburg-vorpommern,0.15,0.15,0.1,0.15,0.1
9146,9146,Tecklenburg,NW,Nordrhein-westfalen,0.15,0.15,0.1,0.15,0.1
9147,9147,Tegau,TH,Thüringen,0.15,0.15,0.1,0.15,0.1
9148,9148,Tegernheim,BY,Bayern,0.15,0.15,0.1,0.15,0.1
9149,9149,Tegernsee,BY,Bayern,0.15,0.15,0.1,0.15,0.1
9150,9150,Teicha,ST,Sachsen-anhalt,0.15,0.15,0.1,0.15,0.1
9151,9151,Teichwitz,TH,Thüringen,0.15,0.15,0.1,0.15,0.1
9152,9152,Teichwolframsdorf,TH,Thüringen,0.15,0.15,0.1,0.15,0.1
9153,9153,Teisendorf,BY,Bayern,0.15,0.15,0.1,0.15,0.1
9154,9154,Teising,BY,Bayern,0.15,0.15,0.1,0.15,0.1
9155,9155,Teisnach,BY,Bayern,0.15,0.15,0.1,0.15,0.1
9156,9156,Teistungen,TH,Thüringen,0.15,0.15,0.1,0.15,0.1
9157,9157,Telgte,NW,Nordrhein-westfalen,0.15,0.15,0.1,0.15,0.1
9158,9158,Tellig,RP,Rheinland-pfalz,0.15,0.15,0.1,0.15,0.1
9159,9159,Tellingstedt,SH,Schleswig-holstein,0.15,0.15,0.1,0.15,0.1
9160,9160,Teltow,BB,Brandenburg,0.15,0.15,0.1,0.15,0.1
9161,9161,Temmels,RP,Rheinland-pfalz,0.15,0.15,0.1,0.15,0.1
9162,9162,Templin,BB,Brandenburg,0.15,0.15,0.1,0.15,0.1
9163,9163,Tengen,BW,Baden-württemberg,0.15,0.15,0.1,0.15,0.1
9164,9164,Teningen,BW,Baden-württemberg,0.15,0.15,0.1,0.15,0.1
9165,9165,Tennenbronn,BW,Baden-württemberg,0.15,0.15,0.1,0.15,0.1
9166,9166,Tensbüttel-Röst,SH,Schleswig-holstein,0.15,0.15,0.1,0.15,0.1
9167,9167,Tensfeld,SH,Schleswig-holstein,0.15,0.15,0.1,0.15,0.1
9168,9168,Teschendorf,MV,Mecklenburg-vorpommern,0.15,0.15,0.1,0.15,0.1
9169,9169,Teschenmoschel,RP,Rheinland-pfalz,0.15,0.15,0.1,0.15,0.1
9170,9170,Tespe,NI,Niedersachsen,0.15,0.15,0.1,0.15,0.1
9171,9171,Tessenow,MV,Mecklenburg-vorpommern,0.15,0.15,0.1,0.15,0.1
9172,9172,Tessin,MV,Mecklenburg-vorpommern,0.15,0.15,0.1,0.15,0.1
9173,9173,Testorf-Steinfort,MV,Mecklenburg-vorpommern,0.15,0.15,0.1,0.15,0.1
9174,9174,Tetenbüll,SH,Schleswig-holstein,0.15,0.15,0.1,0.15,0.1
9175,9175,Tetenhusen,SH,Schleswig-holstein,0.15,0.15,0.1,0.15,0.1
9176,9176,Teterow,MV,Mecklenburg-vorpommern,0.15,0.15,0.1,0.15,0.1
9177,9177,Tettau,BY,Bayern,0.15,0.15,0.1,0.15,0.1
9178,9178,Tettau,BB,Brandenburg,0.15,0.15,0.1,0.15,0.1
9179,9179,Tettenweis,BY,Bayern,0.15,0.15,0.1,0.15,0.1
9180,9180,Tettnang,BW,Baden-württemberg,0.15,0.15,0.1,0.15,0.1
9181,9181,Teublitz,BY,Bayern,0.15,0.15,0.1,0.15,0.1
9182,9182,Teuchern,ST,Sachsen-anhalt,0.15,0.15,0.1,0.15,0.1
9183,9183,Teugn,BY,Bayern,0.15,0.15,0.1,0.15,0.1
9184,9184,Teunz,BY,Bayern,0.15,0.15,0.1,0.15,0.1
9185,9185,Teupitz,BB,Brandenburg,0.15,0.15,0.1,0.15,0.1
9186,9186,Teuschnitz,BY,Bayern,0.15,0.15,0.1,0.15,0.1
9187,9187,Teutschenthal,ST,Sachsen-anhalt,0.15,0.15,0.1,0.15,0.1
9188,9188,Thaden,SH,Schleswig-holstein,0.15,0.15,0.1,0.15,0.1
9189,9189,Thaining,BY,Bayern,0.15,0.15,0.1,0.15,0.1
9190,9190,Thal,TH,Thüringen,0.15,0.15,0.1,0.15,0.1
9191,9191,Thale,ST,Sachsen-anhalt,0.15,0.15,0.1,0.15,0.1
9192,9192,Thaleischweiler-Fröschen,RP,Rheinland-pfalz,0.15,0.15,0.1,0.15,0.1
9193,9193,Thalfang,RP,Rheinland-pfalz,0.15,0.15,0.1,0.15,0.1
9194,9194,Thalhausen,RP,Rheinland-pfalz,0.15,0.15,0.1,0.15,0.1
9195,9195,Thalheim,SN,Sachsen,0.15,0.15,0.1,0.15,0.1
9196,9196,Thalheim,ST,Sachsen-anhalt,0.15,0.15,0.1,0.15,0.1
9197,9197,Thallichtenberg,RP,Rheinland-pfalz,0.15,0.15,0.1,0.15,0.1
9198,9198,Thallwitz,SN,Sachsen,0.15,0.15,0.1,0.15,0.1
9199,9199,Thalmassing,BY,Bayern,0.15,0.15,0.1,0.15,0.1
9200,9200,Thalmässing,BY,Bayern,0.15,0.15,0.1,0.15,0.1
9201,9201,Thalwenden,TH,Thüringen,0.15,0.15,0.1,0.15,0.1
9202,9202,Thannhausen,BY,Bayern,0.15,0.15,0.1,0.15,0.1
9203,9203,Thanstein,BY,Bayern,0.15,0.15,0.1,0.15,0.1
9204,9204,Tharandt,SN,Sachsen,0.15,0.15,0.1,0.15,0.1
9205,9205,Thedinghausen,NI,Niedersachsen,0.15,0.15,0.1,0.15,0.1
9206,9206,Theeßen,ST,Sachsen-anhalt,0.15,0.15,0.1,0.15,0.1
9207,9207,Theilheim,BY,Bayern,0.15,0.15,0.1,0.15,0.1
9208,9208,Theisbergstegen,RP,Rheinland-pfalz,0.15,0.15,0.1,0.15,0.1
9209,9209,Theisseil,BY,Bayern,0.15,0.15,0.1,0.15,0.1
9210,9210,Theißen,ST,Sachsen-anhalt,0.15,0.15,0.1,0.15,0.1
9211,9211,Thelkow,MV,Mecklenburg-vorpommern,0.15,0.15,0.1,0.15,0.1
9212,9212,Themar,TH,Thüringen,0.15,0.15,0.1,0.15,0.1
9213,9213,Theuma,SN,Sachsen,0.15,0.15,0.1,0.15,0.1
9214,9214,Thiendorf,SN,Sachsen,0.15,0.15,0.1,0.15,0.1
9215,9215,Thierhaupten,BY,Bayern,0.15,0.15,0.1,0.15,0.1
9216,9216,Thierschneck,TH,Thüringen,0.15,0.15,0.1,0.15,0.1
9217,9217,Thiersheim,BY,Bayern,0.15,0.15,0.1,0.15,0.1
9218,9218,Thierstein,BY,Bayern,0.15,0.15,0.1,0.15,0.1
9219,9219,Thießen,ST,Sachsen-anhalt,0.15,0.15,0.1,0.15,0.1
9220,9220,Tholey,SL,Saarland,0.15,0.15,0.1,0.15,0.1
9221,9221,Thomasburg,NI,Niedersachsen,0.15,0.15,0.1,0.15,0.1
9222,9222,Thomm,RP,Rheinland-pfalz,0.15,0.15,0.1,0.15,0.1
9223,9223,Thonhausen,TH,Thüringen,0.15,0.15,0.1,0.15,0.1
9224,9224,Thuine,NI,Niedersachsen,0.15,0.15,0.1,0.15,0.1
9225,9225,Thulendorf,MV,Mecklenburg-vorpommern,0.15,0.15,0.1,0.15,0.1
9226,9226,Thum,SN,Sachsen,0.15,0.15,0.1,0.15,0.1
9227,9227,Thumby,SH,Schleswig-holstein,0.15,0.15,0.1,0.15,0.1
9228,9228,Thundorf in Unterfranken,BY,Bayern,0.15,0.15,0.1,0.15,0.1
9229,9229,Thune,NI,Niedersachsen,0.15,0.15,0.1,0.15,0.1
9230,9230,Thurmansbang,BY,Bayern,0.15,0.15,0.1,0.15,0.1
9231,9231,Thurnau,BY,Bayern,0.15,0.15,0.1,0.15,0.1
9232,9232,Thyrnau,BY,Bayern,0.15,0.15,0.1,0.15,0.1
9233,9233,Thörlingen,RP,Rheinland-pfalz,0.15,0.15,0.1,0.15,0.1
9234,9234,Thörnich,RP,Rheinland-pfalz,0.15,0.15,0.1,0.15,0.1
9235,9235,Thüngen,BY,Bayern,0.15,0.15,0.1,0.15,0.1
9236,9236,Thüngersheim,BY,Bayern,0.15,0.15,0.1,0.15,0.1
9237,9237,Thür,RP,Rheinland-pfalz,0.15,0.15,0.1,0.15,0.1
9238,9238,Thüringenhausen,TH,Thüringen,0.15,0.15,0.1,0.15,0.1
9239,9239,Tiddische,NI,Niedersachsen,0.15,0.15,0.1,0.15,0.1
9240,9240,Tiefenbach,RP,Rheinland-pfalz,0.15,0.15,0.1,0.15,0.1
9241,9241,Tiefenbach,BY,Bayern,0.15,0.15,0.1,0.15,0.1
9242,9242,Tiefenbach,BW,Baden-württemberg,0.15,0.15,0.1,0.15,0.1
9243,9243,Tiefenbronn,BW,Baden-württemberg,0.15,0.15,0.1,0.15,0.1
9244,9244,Tiefenort,TH,Thüringen,0.15,0.15,0.1,0.15,0.1
9245,9245,Tiefenthal,RP,Rheinland-pfalz,0.15,0.15,0.1,0.15,0.1
9246,9246,Tielen,SH,Schleswig-holstein,0.15,0.15,0.1,0.15,0.1
9247,9247,Tilleda,ST,Sachsen-anhalt,0.15,0.15,0.1,0.15,0.1
9248,9248,Timmaspe,SH,Schleswig-holstein,0.15,0.15,0.1,0.15,0.1
9249,9249,Timmendorfer Strand,SH,Schleswig-holstein,0.15,0.15,0.1,0.15,0.1
9250,9250,Timmenrode,ST,Sachsen-anhalt,0.15,0.15,0.1,0.15,0.1
9251,9251,Tinningstedt,SH,Schleswig-holstein,0.15,0.15,0.1,0.15,0.1
9252,9252,Tirpersdorf,SN,Sachsen,0.15,0.15,0.1,0.15,0.1
9253,9253,Tirschenreuth,BY,Bayern,0.15,0.15,0.1,0.15,0.1
9254,9254,Tissa,TH,Thüringen,0.15,0.15,0.1,0.15,0.1
9255,9255,Tiste,NI,Niedersachsen,0.15,0.15,0.1,0.15,0.1
9256,9256,Titisee-Neustadt,BW,Baden-württemberg,0.15,0.15,0.1,0.15,0.1
9257,9257,Tittling,BY,Bayern,0.15,0.15,0.1,0.15,0.1
9258,9258,Tittmoning,BY,Bayern,0.15,0.15,0.1,0.15,0.1
9259,9259,Titz,NW,Nordrhein-westfalen,0.15,0.15,0.1,0.15,0.1
9260,9260,Toddin,MV,Mecklenburg-vorpommern,0.15,0.15,0.1,0.15,0.1
9261,9261,Todenbüttel,SH,Schleswig-holstein,0.15,0.15,0.1,0.15,0.1
9262,9262,Todendorf,SH,Schleswig-holstein,0.15,0.15,0.1,0.15,0.1
9263,9263,Todenroth,RP,Rheinland-pfalz,0.15,0.15,0.1,0.15,0.1
9264,9264,Todesfelde,SH,Schleswig-holstein,0.15,0.15,0.1,0.15,0.1
9265,9265,Todtenweis,BY,Bayern,0.15,0.15,0.1,0.15,0.1
9266,9266,Todtmoos,BW,Baden-württemberg,0.15,0.15,0.1,0.15,0.1
9267,9267,Todtnau,BW,Baden-württemberg,0.15,0.15,0.1,0.15,0.1
9268,9268,Tolk,SH,Schleswig-holstein,0.15,0.15,0.1,0.15,0.1
9269,9269,Tollwitz,ST,Sachsen-anhalt,0.15,0.15,0.1,0.15,0.1
9270,9270,Tonndorf,TH,Thüringen,0.15,0.15,0.1,0.15,0.1
9271,9271,Topfstedt,TH,Thüringen,0.15,0.15,0.1,0.15,0.1
9272,9272,Toppenstedt,NI,Niedersachsen,0.15,0.15,0.1,0.15,0.1
9273,9273,Torgau,SN,Sachsen,0.15,0.15,0.1,0.15,0.1
9274,9274,Torgelow,MV,Mecklenburg-vorpommern,0.15,0.15,0.1,0.15,0.1
9275,9275,Tornau,ST,Sachsen-anhalt,0.15,0.15,0.1,0.15,0.1
9276,9276,Tornesch,SH,Schleswig-holstein,0.15,0.15,0.1,0.15,0.1
9277,9277,Tornitz,ST,Sachsen-anhalt,0.15,0.15,0.1,0.15,0.1
9278,9278,Tostedt,NI,Niedersachsen,0.15,0.15,0.1,0.15,0.1
9279,9279,Tosterglope,NI,Niedersachsen,0.15,0.15,0.1,0.15,0.1
9280,9280,Tottleben,TH,Thüringen,0.15,0.15,0.1,0.15,0.1
9281,9281,Traben-Trarbach,RP,Rheinland-pfalz,0.15,0.15,0.1,0.15,0.1
9282,9282,Trabitz,BY,Bayern,0.15,0.15,0.1,0.15,0.1
9283,9283,Train,BY,Bayern,0.15,0.15,0.1,0.15,0.1
9284,9284,Traisen,RP,Rheinland-pfalz,0.15,0.15,0.1,0.15,0.1
9285,9285,Traitsching,BY,Bayern,0.15,0.15,0.1,0.15,0.1
9286,9286,Tramm,MV,Mecklenburg-vorpommern,0.15,0.15,0.1,0.15,0.1
9287,9287,Tramm,SH,Schleswig-holstein,0.15,0.15,0.1,0.15,0.1
9288,9288,Trappenkamp,SH,Schleswig-holstein,0.15,0.15,0.1,0.15,0.1
9289,9289,Trappstadt,BY,Bayern,0.15,0.15,0.1,0.15,0.1
9290,9290,Trassem,RP,Rheinland-pfalz,0.15,0.15,0.1,0.15,0.1
9291,9291,Trassenheide,MV,Mecklenburg-vorpommern,0.15,0.15,0.1,0.15,0.1
9292,9292,Traunreut,BY,Bayern,0.15,0.15,0.1,0.15,0.1
9293,9293,Traunstein,BY,Bayern,0.15,0.15,0.1,0.15,0.1
9294,9294,Trausnitz,BY,Bayern,0.15,0.15,0.1,0.15,0.1
9295,9295,Trautskirchen,BY,Bayern,0.15,0.15,0.1,0.15,0.1
9296,9296,Travenhorst,SH,Schleswig-holstein,0.15,0.15,0.1,0.15,0.1
9297,9297,Traventhal,SH,Schleswig-holstein,0.15,0.15,0.1,0.15,0.1
9298,9298,Trebbin,BB,Brandenburg,0.15,0.15,0.1,0.15,0.1
9299,9299,Trebel,NI,Niedersachsen,0.15,0.15,0.1,0.15,0.1
9300,9300,Treben,TH,Thüringen,0.15,0.15,0.1,0.15,0.1
9301,9301,Trebendorf,SN,Sachsen,0.15,0.15,0.1,0.15,0.1
9302,9302,Trebgast,BY,Bayern,0.15,0.15,0.1,0.15,0.1
9303,9303,Trebitz,ST,Sachsen-anhalt,0.15,0.15,0.1,0.15,0.1
9304,9304,Trebnitz,ST,Sachsen-anhalt,0.15,0.15,0.1,0.15,0.1
9305,9305,Trebra,TH,Thüringen,0.15,0.15,0.1,0.15,0.1
9306,9306,Trebsen,SN,Sachsen,0.15,0.15,0.1,0.15,0.1
9307,9307,Trebur,HE,Hessen,0.15,0.15,0.1,0.15,0.1
9308,9308,Trechtingshausen,RP,Rheinland-pfalz,0.15,0.15,0.1,0.15,0.1
9309,9309,Treffelstein,BY,Bayern,0.15,0.15,0.1,0.15,0.1
9310,9310,Treffurt,TH,Thüringen,0.15,0.15,0.1,0.15,0.1
9311,9311,Treia,SH,Schleswig-holstein,0.15,0.15,0.1,0.15,0.1
9312,9312,Treis-Karden,RP,Rheinland-pfalz,0.15,0.15,0.1,0.15,0.1
9313,9313,Tremsbüttel,SH,Schleswig-holstein,0.15,0.15,0.1,0.15,0.1
9314,9314,Trendelburg,HE,Hessen,0.15,0.15,0.1,0.15,0.1
9315,9315,Trennewurth,SH,Schleswig-holstein,0.15,0.15,0.1,0.15,0.1
9316,9316,Trent,MV,Mecklenburg-vorpommern,0.15,0.15,0.1,0.15,0.1
9317,9317,Treplin,BB,Brandenburg,0.15,0.15,0.1,0.15,0.1
9318,9318,Treuchtlingen,BY,Bayern,0.15,0.15,0.1,0.15,0.1
9319,9319,Treuen,SN,Sachsen,0.15,0.15,0.1,0.15,0.1
9320,9320,Treuenbrietzen,BB,Brandenburg,0.15,0.15,0.1,0.15,0.1
9321,9321,Triberg,BW,Baden-württemberg,0.15,0.15,0.1,0.15,0.1
9322,9322,Tribsees,MV,Mecklenburg-vorpommern,0.15,0.15,0.1,0.15,0.1
9323,9323,Triebel,SN,Sachsen,0.15,0.15,0.1,0.15,0.1
9324,9324,Triebes,TH,Thüringen,0.15,0.15,0.1,0.15,0.1
9325,9325,Trier,RP,Rheinland-pfalz,0.15,0.15,0.1,0.15,0.1
9326,9326,Trierscheid,RP,Rheinland-pfalz,0.15,0.15,0.1,0.15,0.1
9327,9327,Trierweiler,RP,Rheinland-pfalz,0.15,0.15,0.1,0.15,0.1
9328,9328,Triftern,BY,Bayern,0.15,0.15,0.1,0.15,0.1
9329,9329,Triglitz,BB,Brandenburg,0.15,0.15,0.1,0.15,0.1
9330,9330,Trimbs,RP,Rheinland-pfalz,0.15,0.15,0.1,0.15,0.1
9331,9331,Trimport,RP,Rheinland-pfalz,0.15,0.15,0.1,0.15,0.1
9332,9332,Trinwillershagen,MV,Mecklenburg-vorpommern,0.15,0.15,0.1,0.15,0.1
9333,9333,Trippstadt,RP,Rheinland-pfalz,0.15,0.15,0.1,0.15,0.1
9334,9334,Triptis,TH,Thüringen,0.15,0.15,0.1,0.15,0.1
9335,9335,Trittau,SH,Schleswig-holstein,0.15,0.15,0.1,0.15,0.1
9336,9336,Trittenheim,RP,Rheinland-pfalz,0.15,0.15,0.1,0.15,0.1
9337,9337,Trochtelfingen,BW,Baden-württemberg,0.15,0.15,0.1,0.15,0.1
9338,9338,Trockenborn-Wolfersdorf,TH,Thüringen,0.15,0.15,0.1,0.15,0.1
9339,9339,Trogen,BY,Bayern,0.15,0.15,0.1,0.15,0.1
9340,9340,Troisdorf,NW,Nordrhein-westfalen,0.15,0.15,0.1,0.15,0.1
9341,9341,Troistedt,TH,Thüringen,0.15,0.15,0.1,0.15,0.1
9342,9342,Trollenhagen,MV,Mecklenburg-vorpommern,0.15,0.15,0.1,0.15,0.1
9343,9343,Trossin,SN,Sachsen,0.15,0.15,0.1,0.15,0.1
9344,9344,Trossingen,BW,Baden-württemberg,0.15,0.15,0.1,0.15,0.1
9345,9345,Trulben,RP,Rheinland-pfalz,0.15,0.15,0.1,0.15,0.1
9346,9346,Trunkelsberg,BY,Bayern,0.15,0.15,0.1,0.15,0.1
9347,9347,Trusetal,TH,Thüringen,0.15,0.15,0.1,0.15,0.1
9348,9348,Tröbitz,BB,Brandenburg,0.15,0.15,0.1,0.15,0.1
9349,9349,Tröbnitz,TH,Thüringen,0.15,0.15,0.1,0.15,0.1
9350,9350,Tröchtelborn,TH,Thüringen,0.15,0.15,0.1,0.15,0.1
9351,9351,Tröndel,SH,Schleswig-holstein,0.15,0.15,0.1,0.15,0.1
9352,9352,Tröstau,BY,Bayern,0.15,0.15,0.1,0.15,0.1
9353,9353,Tschernitz,BB,Brandenburg,0.15,0.15,0.1,0.15,0.1
9354,9354,Tschirn,BY,Bayern,0.15,0.15,0.1,0.15,0.1
9355,9355,Tucheim,ST,Sachsen-anhalt,0.15,0.15,0.1,0.15,0.1
9356,9356,Tuchenbach,BY,Bayern,0.15,0.15,0.1,0.15,0.1
9357,9357,Tunau,BW,Baden-württemberg,0.15,0.15,0.1,0.15,0.1
9358,9358,Tuningen,BW,Baden-württemberg,0.15,0.15,0.1,0.15,0.1
9359,9359,Tuntenhausen,BY,Bayern,0.15,0.15,0.1,0.15,0.1
9360,9360,Tussenhausen,BY,Bayern,0.15,0.15,0.1,0.15,0.1
9361,9361,Tutow,MV,Mecklenburg-vorpommern,0.15,0.15,0.1,0.15,0.1
9362,9362,Tuttlingen,BW,Baden-württemberg,0.15,0.15,0.1,0.15,0.1
9363,9363,Tutzing,BY,Bayern,0.15,0.15,0.1,0.15,0.1
9364,9364,Twedt,SH,Schleswig-holstein,0.15,0.15,0.1,0.15,0.1
9365,9365,Twieflingen,NI,Niedersachsen,0.15,0.15,0.1,0.15,0.1
9366,9366,Twist,NI,Niedersachsen,0.15,0.15,0.1,0.15,0.1
9367,9367,Twistringen,NI,Niedersachsen,0.15,0.15,0.1,0.15,0.1
9368,9368,Tyrlaching,BY,Bayern,0.15,0.15,0.1,0.15,0.1
9369,9369,Täferrot,BW,Baden-württemberg,0.15,0.15,0.1,0.15,0.1
9370,9370,Tännesberg,BY,Bayern,0.15,0.15,0.1,0.15,0.1
9371,9371,Töging am Inn,BY,Bayern,0.15,0.15,0.1,0.15,0.1
9372,9372,Tömmelsdorf,TH,Thüringen,0.15,0.15,0.1,0.15,0.1
9373,9373,Tönisvorst,NW,Nordrhein-westfalen,0.15,0.15,0.1,0.15,0.1
9374,9374,Tönning,SH,Schleswig-holstein,0.15,0.15,0.1,0.15,0.1
9375,9375,Töpen,BY,Bayern,0.15,0.15,0.1,0.15,0.1
9376,9376,Tübingen,BW,Baden-württemberg,0.15,0.15,0.1,0.15,0.1
9377,9377,Tülau,NI,Niedersachsen,0.15,0.15,0.1,0.15,0.1
9378,9378,Tümlauer Koog,SH,Schleswig-holstein,0.15,0.15,0.1,0.15,0.1
9379,9379,Türkenfeld,BY,Bayern,0.15,0.15,0.1,0.15,0.1
9380,9380,Türkheim,BY,Bayern,0.15,0.15,0.1,0.15,0.1
9381,9381,Tüttendorf,SH,Schleswig-holstein,0.15,0.15,0.1,0.15,0.1
9382,9382,Tüttleben,TH,Thüringen,0.15,0.15,0.1,0.15,0.1
9383,9383,Tützpatz,MV,Mecklenburg-vorpommern,0.15,0.15,0.1,0.15,0.1
9384,9384,Tüßling,BY,Bayern,0.15,0.15,0.1,0.15,0.1
9385,9385,Ubstadt-Weiher,BW,Baden-württemberg,0.15,0.15,0.1,0.15,0.1
9386,9386,Uchte,NI,Niedersachsen,0.15,0.15,0.1,0.15,0.1
9387,9387,Uchtspringe,ST,Sachsen-anhalt,0.15,0.15,0.1,0.15,0.1
9388,9388,Udenheim,RP,Rheinland-pfalz,0.15,0.15,0.1,0.15,0.1
9389,9389,Uder,TH,Thüringen,0.15,0.15,0.1,0.15,0.1
9390,9390,Udestedt,TH,Thüringen,0.15,0.15,0.1,0.15,0.1
9391,9391,Udler,RP,Rheinland-pfalz,0.15,0.15,0.1,0.15,0.1
9392,9392,Uebigau,BB,Brandenburg,0.15,0.15,0.1,0.15,0.1
9393,9393,Ueckermünde,MV,Mecklenburg-vorpommern,0.15,0.15,0.1,0.15,0.1
9394,9394,Uedem,NW,Nordrhein-westfalen,0.15,0.15,0.1,0.15,0.1
9395,9395,Uehlfeld,BY,Bayern,0.15,0.15,0.1,0.15,0.1
9396,9396,Uehrde,NI,Niedersachsen,0.15,0.15,0.1,0.15,0.1
9397,9397,Uelsen,NI,Niedersachsen,0.15,0.15,0.1,0.15,0.1
9398,9398,Uelversheim,RP,Rheinland-pfalz,0.15,0.15,0.1,0.15,0.1
9399,9399,Uelvesbüll,SH,Schleswig-holstein,0.15,0.15,0.1,0.15,0.1
9400,9400,Uelzen,NI,Niedersachsen,0.15,0.15,0.1,0.15,0.1
9401,9401,Uenglingen,ST,Sachsen-anhalt,0.15,0.15,0.1,0.15,0.1
9402,9402,Uersfeld,RP,Rheinland-pfalz,0.15,0.15,0.1,0.15,0.1
9403,9403,Uetersen,SH,Schleswig-holstein,0.15,0.15,0.1,0.15,0.1
9404,9404,Uettingen,BY,Bayern,0.15,0.15,0.1,0.15,0.1
9405,9405,Uetze,NI,Niedersachsen,0.15,0.15,0.1,0.15,0.1
9406,9406,Ueß,RP,Rheinland-pfalz,0.15,0.15,0.1,0.15,0.1
9407,9407,Uffenheim,BY,Bayern,0.15,0.15,0.1,0.15,0.1
9408,9408,Uffing,BY,Bayern,0.15,0.15,0.1,0.15,0.1
9409,9409,Uftrungen,ST,Sachsen-anhalt,0.15,0.15,0.1,0.15,0.1
9410,9410,Uhingen,BW,Baden-württemberg,0.15,0.15,0.1,0.15,0.1
9411,9411,Uhldingen-Mühlhofen,BW,Baden-württemberg,0.15,0.15,0.1,0.15,0.1
9412,9412,Uhler,RP,Rheinland-pfalz,0.15,0.15,0.1,0.15,0.1
9413,9413,Uhyst,SN,Sachsen,0.15,0.15,0.1,0.15,0.1
9414,9414,Uichteritz,ST,Sachsen-anhalt,0.15,0.15,0.1,0.15,0.1
9415,9415,Ulm,BW,Baden-württemberg,0.15,0.15,0.1,0.15,0.1
9416,9416,Ulmen,RP,Rheinland-pfalz,0.15,0.15,0.1,0.15,0.1
9417,9417,Ulmet,RP,Rheinland-pfalz,0.15,0.15,0.1,0.15,0.1
9418,9418,Ulrichstein,HE,Hessen,0.15,0.15,0.1,0.15,0.1
9419,9419,Ulsnis,SH,Schleswig-holstein,0.15,0.15,0.1,0.15,0.1
9420,9420,Umkirch,BW,Baden-württemberg,0.15,0.15,0.1,0.15,0.1
9421,9421,Ummanz,MV,Mecklenburg-vorpommern,0.15,0.15,0.1,0.15,0.1
9422,9422,Ummendorf,BW,Baden-württemberg,0.15,0.15,0.1,0.15,0.1
9423,9423,Ummendorf,ST,Sachsen-anhalt,0.15,0.15,0.1,0.15,0.1
9424,9424,Ummern,NI,Niedersachsen,0.15,0.15,0.1,0.15,0.1
9425,9425,Ummerstadt,TH,Thüringen,0.15,0.15,0.1,0.15,0.1
9426,9426,Umpferstedt,TH,Thüringen,0.15,0.15,0.1,0.15,0.1
9427,9427,Undeloh,NI,Niedersachsen,0.15,0.15,0.1,0.15,0.1
9428,9428,Undenheim,RP,Rheinland-pfalz,0.15,0.15,0.1,0.15,0.1
9429,9429,Ungerhausen,BY,Bayern,0.15,0.15,0.1,0.15,0.1
9430,9430,Unkel,RP,Rheinland-pfalz,0.15,0.15,0.1,0.15,0.1
9431,9431,Unkenbach,RP,Rheinland-pfalz,0.15,0.15,0.1,0.15,0.1
9432,9432,Unlingen,BW,Baden-württemberg,0.15,0.15,0.1,0.15,0.1
9433,9433,Unna,NW,Nordrhein-westfalen,0.15,0.15,0.1,0.15,0.1
9434,9434,Unnau,RP,Rheinland-pfalz,0.15,0.15,0.1,0.15,0.1
9435,9435,Unseburg,ST,Sachsen-anhalt,0.15,0.15,0.1,0.15,0.1
9436,9436,Unsleben,BY,Bayern,0.15,0.15,0.1,0.15,0.1
9437,9437,Unterammergau,BY,Bayern,0.15,0.15,0.1,0.15,0.1
9438,9438,Unterbodnitz,TH,Thüringen,0.15,0.15,0.1,0.15,0.1
9439,9439,Unterbreizbach,TH,Thüringen,0.15,0.15,0.1,0.15,0.1
9440,9440,Unterdietfurt,BY,Bayern,0.15,0.15,0.1,0.15,0.1
9441,9441,Unterdießen,BY,Bayern,0.15,0.15,0.1,0.15,0.1
9442,9442,Unteregg,BY,Bayern,0.15,0.15,0.1,0.15,0.1
9443,9443,Untereisesheim,BW,Baden-württemberg,0.15,0.15,0.1,0.15,0.1
9444,9444,Unterellen,TH,Thüringen,0.15,0.15,0.1,0.15,0.1
9445,9445,Unterensingen,BW,Baden-württemberg,0.15,0.15,0.1,0.15,0.1
9446,9446,Unterföhring,BY,Bayern,0.15,0.15,0.1,0.15,0.1
9447,9447,Untergriesbach,BY,Bayern,0.15,0.15,0.1,0.15,0.1
9448,9448,Untergruppenbach,BW,Baden-württemberg,0.15,0.15,0.1,0.15,0.1
9449,9449,Unterhaching,BY,Bayern,0.15,0.15,0.1,0.15,0.1
9450,9450,Unterjeckenbach,RP,Rheinland-pfalz,0.15,0.15,0.1,0.15,0.1
9451,9451,Unterkatz,TH,Thüringen,0.15,0.15,0.1,0.15,0.1
9452,9452,Unterkirnach,BW,Baden-württemberg,0.15,0.15,0.1,0.15,0.1
9453,9453,Unterleinleiter,BY,Bayern,0.15,0.15,0.1,0.15,0.1
9454,9454,Unterlüß,NI,Niedersachsen,0.15,0.15,0.1,0.15,0.1
9455,9455,Untermarchtal,BW,Baden-württemberg,0.15,0.15,0.1,0.15,0.1
9456,9456,Untermaßfeld,TH,Thüringen,0.15,0.15,0.1,0.15,0.1
9457,9457,Untermeitingen,BY,Bayern,0.15,0.15,0.1,0.15,0.1
9458,9458,Untermerzbach,BY,Bayern,0.15,0.15,0.1,0.15,0.1
9459,9459,Untermünkheim,BW,Baden-württemberg,0.15,0.15,0.1,0.15,0.1
9460,9460,Unterneukirchen,BY,Bayern,0.15,0.15,0.1,0.15,0.1
9461,9461,Unterpleichfeld,BY,Bayern,0.15,0.15,0.1,0.15,0.1
9462,9462,Unterreichenbach,BW,Baden-württemberg,0.15,0.15,0.1,0.15,0.1
9463,9463,Unterreit,BY,Bayern,0.15,0.15,0.1,0.15,0.1
9464,9464,Unterroth,BY,Bayern,0.15,0.15,0.1,0.15,0.1
9465,9465,Unterschleißheim,BY,Bayern,0.15,0.15,0.1,0.15,0.1
9466,9466,Unterschneidheim,BW,Baden-württemberg,0.15,0.15,0.1,0.15,0.1
9467,9467,Unterschwaningen,BY,Bayern,0.15,0.15,0.1,0.15,0.1
9468,9468,Unterschönau,TH,Thüringen,0.15,0.15,0.1,0.15,0.1
9469,9469,Untershausen,RP,Rheinland-pfalz,0.15,0.15,0.1,0.15,0.1
9470,9470,Untersiemau,BY,Bayern,0.15,0.15,0.1,0.15,0.1
9471,9471,Unterstadion,BW,Baden-württemberg,0.15,0.15,0.1,0.15,0.1
9472,9472,Untersteinach,BY,Bayern,0.15,0.15,0.1,0.15,0.1
9473,9473,Unterthingau,BY,Bayern,0.15,0.15,0.1,0.15,0.1
9474,9474,Unterwachingen,BW,Baden-württemberg,0.15,0.15,0.1,0.15,0.1
9475,9475,Unterwaldhausen,BW,Baden-württemberg,0.15,0.15,0.1,0.15,0.1
9476,9476,Unterweid,TH,Thüringen,0.15,0.15,0.1,0.15,0.1
9477,9477,Unterweißbach,TH,Thüringen,0.15,0.15,0.1,0.15,0.1
9478,9478,Unterwellenborn,TH,Thüringen,0.15,0.15,0.1,0.15,0.1
9479,9479,Unterwössen,BY,Bayern,0.15,0.15,0.1,0.15,0.1
9480,9480,Untrasried,BY,Bayern,0.15,0.15,0.1,0.15,0.1
9481,9481,Unzenberg,RP,Rheinland-pfalz,0.15,0.15,0.1,0.15,0.1
9482,9482,Upahl,MV,Mecklenburg-vorpommern,0.15,0.15,0.1,0.15,0.1
9483,9483,Upgant-Schott,NI,Niedersachsen,0.15,0.15,0.1,0.15,0.1
9484,9484,Uphusum,SH,Schleswig-holstein,0.15,0.15,0.1,0.15,0.1
9485,9485,Uppershausen,RP,Rheinland-pfalz,0.15,0.15,0.1,0.15,0.1
9486,9486,Urbach,TH,Thüringen,0.15,0.15,0.1,0.15,0.1
9487,9487,Urbach,BW,Baden-württemberg,0.15,0.15,0.1,0.15,0.1
9488,9488,Urbar,RP,Rheinland-pfalz,0.15,0.15,0.1,0.15,0.1
9489,9489,Urleben,TH,Thüringen,0.15,0.15,0.1,0.15,0.1
9490,9490,Urmersbach,RP,Rheinland-pfalz,0.15,0.15,0.1,0.15,0.1
9491,9491,Urmitz,RP,Rheinland-pfalz,0.15,0.15,0.1,0.15,0.1
9492,9492,Urnshausen,TH,Thüringen,0.15,0.15,0.1,0.15,0.1
9493,9493,Ursberg,BY,Bayern,0.15,0.15,0.1,0.15,0.1
9494,9494,Urschmitt,RP,Rheinland-pfalz,0.15,0.15,0.1,0.15,0.1
9495,9495,Ursensollen,BY,Bayern,0.15,0.15,0.1,0.15,0.1
9496,9496,Urspringen,BY,Bayern,0.15,0.15,0.1,0.15,0.1
9497,9497,Usch,RP,Rheinland-pfalz,0.15,0.15,0.1,0.15,0.1
9498,9498,Usedom,MV,Mecklenburg-vorpommern,0.15,0.15,0.1,0.15,0.1
9499,9499,Userin,MV,Mecklenburg-vorpommern,0.15,0.15,0.1,0.15,0.1
9500,9500,Usingen,HE,Hessen,0.15,0.15,0.1,0.15,0.1
9501,9501,Uslar,NI,Niedersachsen,0.15,0.15,0.1,0.15,0.1
9502,9502,Ustersbach,BY,Bayern,0.15,0.15,0.1,0.15,0.1
9503,9503,Utarp,NI,Niedersachsen,0.15,0.15,0.1,0.15,0.1
9504,9504,Utendorf,TH,Thüringen,0.15,0.15,0.1,0.15,0.1
9505,9505,Utersum,SH,Schleswig-holstein,0.15,0.15,0.1,0.15,0.1
9506,9506,Uthleben,TH,Thüringen,0.15,0.15,0.1,0.15,0.1
9507,9507,Uthlede,NI,Niedersachsen,0.15,0.15,0.1,0.15,0.1
9508,9508,Utscheid,RP,Rheinland-pfalz,0.15,0.15,0.1,0.15,0.1
9509,9509,Uttenreuth,BY,Bayern,0.15,0.15,0.1,0.15,0.1
9510,9510,Uttenweiler,BW,Baden-württemberg,0.15,0.15,0.1,0.15,0.1
9511,9511,Utting am Ammersee,BY,Bayern,0.15,0.15,0.1,0.15,0.1
9512,9512,Utzenfeld,BW,Baden-württemberg,0.15,0.15,0.1,0.15,0.1
9513,9513,Utzenhain,RP,Rheinland-pfalz,0.15,0.15,0.1,0.15,0.1
9514,9514,Utzerath,RP,Rheinland-pfalz,0.15,0.15,0.1,0.15,0.1
9515,9515,Vaale,SH,Schleswig-holstein,0.15,0.15,0.1,0.15,0.1
9516,9516,Vaalermoor,SH,Schleswig-holstein,0.15,0.15,0.1,0.15,0.1
9517,9517,Vacha,TH,Thüringen,0.15,0.15,0.1,0.15,0.1
9518,9518,Vachdorf,TH,Thüringen,0.15,0.15,0.1,0.15,0.1
9519,9519,Vachendorf,BY,Bayern,0.15,0.15,0.1,0.15,0.1
9520,9520,Vahlberg,NI,Niedersachsen,0.15,0.15,0.1,0.15,0.1
9521,9521,Vahlbruch,NI,Niedersachsen,0.15,0.15,0.1,0.15,0.1
9522,9522,Vahlde,NI,Niedersachsen,0.15,0.15,0.1,0.15,0.1
9523,9523,Vahldorf,ST,Sachsen-anhalt,0.15,0.15,0.1,0.15,0.1
9524,9524,Vaihingen an der Enz,BW,Baden-württemberg,0.15,0.15,0.1,0.15,0.1
9525,9525,Vallendar,RP,Rheinland-pfalz,0.15,0.15,0.1,0.15,0.1
9526,9526,Valley,BY,Bayern,0.15,0.15,0.1,0.15,0.1
9527,9527,Valwig,RP,Rheinland-pfalz,0.15,0.15,0.1,0.15,0.1
9528,9528,Varel,NI,Niedersachsen,0.15,0.15,0.1,0.15,0.1
9529,9529,Varrel,NI,Niedersachsen,0.15,0.15,0.1,0.15,0.1
9530,9530,Vastorf,NI,Niedersachsen,0.15,0.15,0.1,0.15,0.1
9531,9531,Vaterstetten,BY,Bayern,0.15,0.15,0.1,0.15,0.1
9532,9532,Vatterode,ST,Sachsen-anhalt,0.15,0.15,0.1,0.15,0.1
9533,9533,Vechelde,NI,Niedersachsen,0.15,0.15,0.1,0.15,0.1
9534,9534,Vechta,NI,Niedersachsen,0.15,0.15,0.1,0.15,0.1
9535,9535,Veckenstedt,ST,Sachsen-anhalt,0.15,0.15,0.1,0.15,0.1
9536,9536,Veelböken,MV,Mecklenburg-vorpommern,0.15,0.15,0.1,0.15,0.1
9537,9537,Veilsdorf,TH,Thüringen,0.15,0.15,0.1,0.15,0.1
9538,9538,Veitsbronn,BY,Bayern,0.15,0.15,0.1,0.15,0.1
9539,9539,Veitshöchheim,BY,Bayern,0.15,0.15,0.1,0.15,0.1
9540,9540,Veitsrodt,RP,Rheinland-pfalz,0.15,0.15,0.1,0.15,0.1
9541,9541,Velbert,NW,Nordrhein-westfalen,0.15,0.15,0.1,0.15,0.1
9542,9542,Velburg,BY,Bayern,0.15,0.15,0.1,0.15,0.1
9543,9543,Velden,BY,Bayern,0.15,0.15,0.1,0.15,0.1
9544,9544,Veldenz,RP,Rheinland-pfalz,0.15,0.15,0.1,0.15,0.1
9545,9545,Velen,NW,Nordrhein-westfalen,0.15,0.15,0.1,0.15,0.1
9546,9546,Velgast,MV,Mecklenburg-vorpommern,0.15,0.15,0.1,0.15,0.1
9547,9547,Vellahn,MV,Mecklenburg-vorpommern,0.15,0.15,0.1,0.15,0.1
9548,9548,Vellberg,BW,Baden-württemberg,0.15,0.15,0.1,0.15,0.1
9549,9549,Vellmar,HE,Hessen,0.15,0.15,0.1,0.15,0.1
9550,9550,Velpke,NI,Niedersachsen,0.15,0.15,0.1,0.15,0.1
9551,9551,Velten,BB,Brandenburg,0.15,0.15,0.1,0.15,0.1
9552,9552,Veltheim,NI,Niedersachsen,0.15,0.15,0.1,0.15,0.1
9553,9553,Vendersheim,RP,Rheinland-pfalz,0.15,0.15,0.1,0.15,0.1
9554,9554,Venningen,RP,Rheinland-pfalz,0.15,0.15,0.1,0.15,0.1
9555,9555,Ventschow,MV,Mecklenburg-vorpommern,0.15,0.15,0.1,0.15,0.1
9556,9556,Venusberg,SN,Sachsen,0.15,0.15,0.1,0.15,0.1
9557,9557,Verden,NI,Niedersachsen,0.15,0.15,0.1,0.15,0.1
9558,9558,Veringenstadt,BW,Baden-württemberg,0.15,0.15,0.1,0.15,0.1
9559,9559,Verl,NW,Nordrhein-westfalen,0.15,0.15,0.1,0.15,0.1
9560,9560,Versmold,NW,Nordrhein-westfalen,0.15,0.15,0.1,0.15,0.1
9561,9561,Vestenbergsgreuth,BY,Bayern,0.15,0.15,0.1,0.15,0.1
9562,9562,Vetschau,BB,Brandenburg,0.15,0.15,0.1,0.15,0.1
9563,9563,Vettelschoß,RP,Rheinland-pfalz,0.15,0.15,0.1,0.15,0.1
9564,9564,Vettweiß,NW,Nordrhein-westfalen,0.15,0.15,0.1,0.15,0.1
9565,9565,Viechtach,BY,Bayern,0.15,0.15,0.1,0.15,0.1
9566,9566,Vielank,MV,Mecklenburg-vorpommern,0.15,0.15,0.1,0.15,0.1
9567,9567,Vielbach,RP,Rheinland-pfalz,0.15,0.15,0.1,0.15,0.1
9568,9568,Vielist,MV,Mecklenburg-vorpommern,0.15,0.15,0.1,0.15,0.1
9569,9569,Vienenburg,NI,Niedersachsen,0.15,0.15,0.1,0.15,0.1
9570,9570,Vierden,NI,Niedersachsen,0.15,0.15,0.1,0.15,0.1
9571,9571,Viereck,MV,Mecklenburg-vorpommern,0.15,0.15,0.1,0.15,0.1
9572,9572,Viereth-Trunstadt,BY,Bayern,0.15,0.15,0.1,0.15,0.1
9573,9573,Vierhöfen,NI,Niedersachsen,0.15,0.15,0.1,0.15,0.1
9574,9574,Vierkirchen,BY,Bayern,0.15,0.15,0.1,0.15,0.1
9575,9575,Viernau,TH,Thüringen,0.15,0.15,0.1,0.15,0.1
9576,9576,Viernheim,HE,Hessen,0.15,0.15,0.1,0.15,0.1
9577,9577,Viersen,NW,Nordrhein-westfalen,0.15,0.15,0.1,0.15,0.1
9578,9578,Vilgertshofen,BY,Bayern,0.15,0.15,0.1,0.15,0.1
9579,9579,Villenbach,BY,Bayern,0.15,0.15,0.1,0.15,0.1
9580,9580,Villingen-Schwenningen,BW,Baden-württemberg,0.15,0.15,0.1,0.15,0.1
9581,9581,Villingendorf,BW,Baden-württemberg,0.15,0.15,0.1,0.15,0.1
9582,9582,Villmar,HE,Hessen,0.15,0.15,0.1,0.15,0.1
9583,9583,Vilsbiburg,BY,Bayern,0.15,0.15,0.1,0.15,0.1
9584,9584,Vilseck,BY,Bayern,0.15,0.15,0.1,0.15,0.1
9585,9585,Vilsheim,BY,Bayern,0.15,0.15,0.1,0.15,0.1
9586,9586,Vilshofen,BY,Bayern,0.15,0.15,0.1,0.15,0.1
9587,9587,Vinningen,RP,Rheinland-pfalz,0.15,0.15,0.1,0.15,0.1
9588,9588,Vippachedelhausen,TH,Thüringen,0.15,0.15,0.1,0.15,0.1
9589,9589,Virneburg,RP,Rheinland-pfalz,0.15,0.15,0.1,0.15,0.1
9590,9590,Visbek,NI,Niedersachsen,0.15,0.15,0.1,0.15,0.1
9591,9591,Visselhövede,NI,Niedersachsen,0.15,0.15,0.1,0.15,0.1
9592,9592,Vitzenburg,ST,Sachsen-anhalt,0.15,0.15,0.1,0.15,0.1
9593,9593,Viöl,SH,Schleswig-holstein,0.15,0.15,0.1,0.15,0.1
9594,9594,Vlotho,NW,Nordrhein-westfalen,0.15,0.15,0.1,0.15,0.1
9595,9595,Vockerode,ST,Sachsen-anhalt,0.15,0.15,0.1,0.15,0.1
9596,9596,Voerde,NW,Nordrhein-westfalen,0.15,0.15,0.1,0.15,0.1
9597,9597,Vogelsang,BB,Brandenburg,0.15,0.15,0.1,0.15,0.1
9598,9598,Vogelsberg,TH,Thüringen,0.15,0.15,0.1,0.15,0.1
9599,9599,Vogt,BW,Baden-württemberg,0.15,0.15,0.1,0.15,0.1
9600,9600,Vogtareuth,BY,Bayern,0.15,0.15,0.1,0.15,0.1
9601,9601,Vogtsburg,BW,Baden-württemberg,0.15,0.15,0.1,0.15,0.1
9602,9602,Vohburg an der Donau,BY,Bayern,0.15,0.15,0.1,0.15,0.1
9603,9603,Vohenstrauß,BY,Bayern,0.15,0.15,0.1,0.15,0.1
9604,9604,Voigtstedt,TH,Thüringen,0.15,0.15,0.1,0.15,0.1
9605,9605,Volkach,BY,Bayern,0.15,0.15,0.1,0.15,0.1
9606,9606,Volkenschwand,BY,Bayern,0.15,0.15,0.1,0.15,0.1
9607,9607,Volkerode,TH,Thüringen,0.15,0.15,0.1,0.15,0.1
9608,9608,Volkertshausen,BW,Baden-württemberg,0.15,0.15,0.1,0.15,0.1
9609,9609,Volkerzen,RP,Rheinland-pfalz,0.15,0.15,0.1,0.15,0.1
9610,9610,Volkesfeld,RP,Rheinland-pfalz,0.15,0.15,0.1,0.15,0.1
9611,9611,Volkmannsdorf,TH,Thüringen,0.15,0.15,0.1,0.15,0.1
9612,9612,Volkmarsen,HE,Hessen,0.15,0.15,0.1,0.15,0.1
9613,9613,Volkstedt,ST,Sachsen-anhalt,0.15,0.15,0.1,0.15,0.1
9614,9614,Vollenborn,TH,Thüringen,0.15,0.15,0.1,0.15,0.1
9615,9615,Vollersode,NI,Niedersachsen,0.15,0.15,0.1,0.15,0.1
9616,9616,Vollersroda,TH,Thüringen,0.15,0.15,0.1,0.15,0.1
9617,9617,Vollerwiek,SH,Schleswig-holstein,0.15,0.15,0.1,0.15,0.1
9618,9618,Vollmersbach,RP,Rheinland-pfalz,0.15,0.15,0.1,0.15,0.1
9619,9619,Vollmershain,TH,Thüringen,0.15,0.15,0.1,0.15,0.1
9620,9620,Vollmersweiler,RP,Rheinland-pfalz,0.15,0.15,0.1,0.15,0.1
9621,9621,Vollrathsruhe,MV,Mecklenburg-vorpommern,0.15,0.15,0.1,0.15,0.1
9622,9622,Vollstedt,SH,Schleswig-holstein,0.15,0.15,0.1,0.15,0.1
9623,9623,Voltlage,NI,Niedersachsen,0.15,0.15,0.1,0.15,0.1
9624,9624,Volxheim,RP,Rheinland-pfalz,0.15,0.15,0.1,0.15,0.1
9625,9625,Vorbach,BY,Bayern,0.15,0.15,0.1,0.15,0.1
9626,9626,Vorderweidenthal,RP,Rheinland-pfalz,0.15,0.15,0.1,0.15,0.1
9627,9627,Vordorf,NI,Niedersachsen,0.15,0.15,0.1,0.15,0.1
9628,9628,Vorra,BY,Bayern,0.15,0.15,0.1,0.15,0.1
9629,9629,Vorwerk,NI,Niedersachsen,0.15,0.15,0.1,0.15,0.1
9630,9630,Vreden,NW,Nordrhein-westfalen,0.15,0.15,0.1,0.15,0.1
9631,9631,Vrees,NI,Niedersachsen,0.15,0.15,0.1,0.15,0.1
9632,9632,Vögelsen,NI,Niedersachsen,0.15,0.15,0.1,0.15,0.1
9633,9633,Vöhl,HE,Hessen,0.15,0.15,0.1,0.15,0.1
9634,9634,Vöhrenbach,BW,Baden-württemberg,0.15,0.15,0.1,0.15,0.1
9635,9635,Vöhringen,BY,Bayern,0.15,0.15,0.1,0.15,0.1
9636,9636,Vöhringen,BW,Baden-württemberg,0.15,0.15,0.1,0.15,0.1
9637,9637,Völkershausen,TH,Thüringen,0.15,0.15,0.1,0.15,0.1
9638,9638,Völkersweiler,RP,Rheinland-pfalz,0.15,0.15,0.1,0.15,0.1
9639,9639,Völklingen,SL,Saarland,0.15,0.15,0.1,0.15,0.1
9640,9640,Völpke,ST,Sachsen-anhalt,0.15,0.15,0.1,0.15,0.1
9641,9641,Völschow,MV,Mecklenburg-vorpommern,0.15,0.15,0.1,0.15,0.1
9642,9642,Vörstetten,BW,Baden-württemberg,0.15,0.15,0.1,0.15,0.1
9643,9643,Waabs,SH,Schleswig-holstein,0.15,0.15,0.1,0.15,0.1
9644,9644,Waake,NI,Niedersachsen,0.15,0.15,0.1,0.15,0.1
9645,9645,Waakirchen,BY,Bayern,0.15,0.15,0.1,0.15,0.1
9646,9646,Waal,BY,Bayern,0.15,0.15,0.1,0.15,0.1
9647,9647,Wabern,HE,Hessen,0.15,0.15,0.1,0.15,0.1
9648,9648,Wachau,SN,Sachsen,0.15,0.15,0.1,0.15,0.1
9649,9649,Wachenheim,RP,Rheinland-pfalz,0.15,0.15,0.1,0.15,0.1
9650,9650,Wachenroth,BY,Bayern,0.15,0.15,0.1,0.15,0.1
9651,9651,Wachstedt,TH,Thüringen,0.15,0.15,0.1,0.15,0.1
9652,9652,Wachtberg,NW,Nordrhein-westfalen,0.15,0.15,0.1,0.15,0.1
9653,9653,Wachtendonk,NW,Nordrhein-westfalen,0.15,0.15,0.1,0.15,0.1
9654,9654,Wacken,SH,Schleswig-holstein,0.15,0.15,0.1,0.15,0.1
9655,9655,Wackernheim,RP,Rheinland-pfalz,0.15,0.15,0.1,0.15,0.1
9656,9656,Wackerow,MV,Mecklenburg-vorpommern,0.15,0.15,0.1,0.15,0.1
9657,9657,Wackersberg,BY,Bayern,0.15,0.15,0.1,0.15,0.1
9658,9658,Wackersdorf,BY,Bayern,0.15,0.15,0.1,0.15,0.1
9659,9659,Wackersleben,ST,Sachsen-anhalt,0.15,0.15,0.1,0.15,0.1
9660,9660,Waddeweitz,NI,Niedersachsen,0.15,0.15,0.1,0.15,0.1
9661,9661,Wadern,SL,Saarland,0.15,0.15,0.1,0.15,0.1
9662,9662,Wadersloh,NW,Nordrhein-westfalen,0.15,0.15,0.1,0.15,0.1
9663,9663,Wadgassen,SL,Saarland,0.15,0.15,0.1,0.15,0.1
9664,9664,Waffenbrunn,BY,Bayern,0.15,0.15,0.1,0.15,0.1
9665,9665,Wagenfeld,NI,Niedersachsen,0.15,0.15,0.1,0.15,0.1
9666,9666,Wagenhausen,RP,Rheinland-pfalz,0.15,0.15,0.1,0.15,0.1
9667,9667,Wagenhoff,NI,Niedersachsen,0.15,0.15,0.1,0.15,0.1
9668,9668,Wagersrott,SH,Schleswig-holstein,0.15,0.15,0.1,0.15,0.1
9669,9669,Waghäusel,BW,Baden-württemberg,0.15,0.15,0.1,0.15,0.1
9670,9670,Waging am See,BY,Bayern,0.15,0.15,0.1,0.15,0.1
9671,9671,Wahlbach,RP,Rheinland-pfalz,0.15,0.15,0.1,0.15,0.1
9672,9672,Wahlenau,RP,Rheinland-pfalz,0.15,0.15,0.1,0.15,0.1
9673,9673,Wahlhausen,TH,Thüringen,0.15,0.15,0.1,0.15,0.1
9674,9674,Wahlheim,RP,Rheinland-pfalz,0.15,0.15,0.1,0.15,0.1
9675,9675,Wahlitz,ST,Sachsen-anhalt,0.15,0.15,0.1,0.15,0.1
9676,9676,Wahlrod,RP,Rheinland-pfalz,0.15,0.15,0.1,0.15,0.1
9677,9677,Wahlstedt,SH,Schleswig-holstein,0.15,0.15,0.1,0.15,0.1
9678,9678,Wahns,TH,Thüringen,0.15,0.15,0.1,0.15,0.1
9679,9679,Wahnwegen,RP,Rheinland-pfalz,0.15,0.15,0.1,0.15,0.1
9680,9680,Wahrenholz,NI,Niedersachsen,0.15,0.15,0.1,0.15,0.1
9681,9681,Waiblingen,BW,Baden-württemberg,0.15,0.15,0.1,0.15,0.1
9682,9682,Waibstadt,BW,Baden-württemberg,0.15,0.15,0.1,0.15,0.1
9683,9683,Waidhaus,BY,Bayern,0.15,0.15,0.1,0.15,0.1
9684,9684,Waidhofen,BY,Bayern,0.15,0.15,0.1,0.15,0.1
9685,9685,Waigandshain,RP,Rheinland-pfalz,0.15,0.15,0.1,0.15,0.1
9686,9686,Waigolshausen,BY,Bayern,0.15,0.15,0.1,0.15,0.1
9687,9687,Wain,BW,Baden-württemberg,0.15,0.15,0.1,0.15,0.1
9688,9688,Waischenfeld,BY,Bayern,0.15,0.15,0.1,0.15,0.1
9689,9689,Walbeck,ST,Sachsen-anhalt,0.15,0.15,0.1,0.15,0.1
9690,9690,Walchum,NI,Niedersachsen,0.15,0.15,0.1,0.15,0.1
9691,9691,Wald,BY,Bayern,0.15,0.15,0.1,0.15,0.1
9692,9692,Wald,BW,Baden-württemberg,0.15,0.15,0.1,0.15,0.1
9693,9693,Wald-Michelbach,HE,Hessen,0.15,0.15,0.1,0.15,0.1
9694,9694,Waldalgesheim,RP,Rheinland-pfalz,0.15,0.15,0.1,0.15,0.1
9695,9695,Waldaschaff,BY,Bayern,0.15,0.15,0.1,0.15,0.1
9696,9696,Waldau,ST,Sachsen-anhalt,0.15,0.15,0.1,0.15,0.1
9697,9697,Waldbreitbach,RP,Rheinland-pfalz,0.15,0.15,0.1,0.15,0.1
9698,9698,Waldbrunn,HE,Hessen,0.15,0.15,0.1,0.15,0.1
9699,9699,Waldbrunn,BY,Bayern,0.15,0.15,0.1,0.15,0.1
9700,9700,Waldbröl,NW,Nordrhein-westfalen,0.15,0.15,0.1,0.15,0.1
9701,9701,Waldburg,BW,Baden-württemberg,0.15,0.15,0.1,0.15,0.1
9702,9702,Waldböckelheim,RP,Rheinland-pfalz,0.15,0.15,0.1,0.15,0.1
9703,9703,Waldbüttelbrunn,BY,Bayern,0.15,0.15,0.1,0.15,0.1
9704,9704,Waldeck,TH,Thüringen,0.15,0.15,0.1,0.15,0.1
9705,9705,Waldeck,HE,Hessen,0.15,0.15,0.1,0.15,0.1
9706,9706,Waldems,HE,Hessen,0.15,0.15,0.1,0.15,0.1
9707,9707,Waldenbuch,BW,Baden-württemberg,0.15,0.15,0.1,0.15,0.1
9708,9708,Waldenburg,BW,Baden-württemberg,0.15,0.15,0.1,0.15,0.1
9709,9709,Waldenburg,SN,Sachsen,0.15,0.15,0.1,0.15,0.1
9710,9710,Walderbach,BY,Bayern,0.15,0.15,0.1,0.15,0.1
9711,9711,Waldershof,BY,Bayern,0.15,0.15,0.1,0.15,0.1
9712,9712,Waldesch,RP,Rheinland-pfalz,0.15,0.15,0.1,0.15,0.1
9713,9713,Waldfeucht,NW,Nordrhein-westfalen,0.15,0.15,0.1,0.15,0.1
9714,9714,Waldfischbach-Burgalben,RP,Rheinland-pfalz,0.15,0.15,0.1,0.15,0.1
9715,9715,Waldgrehweiler,RP,Rheinland-pfalz,0.15,0.15,0.1,0.15,0.1
9716,9716,Waldhambach,RP,Rheinland-pfalz,0.15,0.15,0.1,0.15,0.1
9717,9717,Waldheim,SN,Sachsen,0.15,0.15,0.1,0.15,0.1
9718,9718,Waldhof-Falkenstein,RP,Rheinland-pfalz,0.15,0.15,0.1,0.15,0.1
9719,9719,Waldkappel,HE,Hessen,0.15,0.15,0.1,0.15,0.1
9720,9720,Waldkirch,BW,Baden-württemberg,0.15,0.15,0.1,0.15,0.1
9721,9721,Waldkirchen,BY,Bayern,0.15,0.15,0.1,0.15,0.1
9722,9722,Waldkirchen,SN,Sachsen,0.15,0.15,0.1,0.15,0.1
9723,9723,Waldkraiburg,BY,Bayern,0.15,0.15,0.1,0.15,0.1
9724,9724,Waldlaubersheim,RP,Rheinland-pfalz,0.15,0.15,0.1,0.15,0.1
9725,9725,Waldleiningen,RP,Rheinland-pfalz,0.15,0.15,0.1,0.15,0.1
9726,9726,Waldmohr,RP,Rheinland-pfalz,0.15,0.15,0.1,0.15,0.1
9727,9727,Waldmühlen,RP,Rheinland-pfalz,0.15,0.15,0.1,0.15,0.1
9728,9728,Waldmünchen,BY,Bayern,0.15,0.15,0.1,0.15,0.1
9729,9729,Waldorf,RP,Rheinland-pfalz,0.15,0.15,0.1,0.15,0.1
9730,9730,Waldrach,RP,Rheinland-pfalz,0.15,0.15,0.1,0.15,0.1
9731,9731,Waldrohrbach,RP,Rheinland-pfalz,0.15,0.15,0.1,0.15,0.1
9732,9732,Waldsassen,BY,Bayern,0.15,0.15,0.1,0.15,0.1
9733,9733,Waldsee,RP,Rheinland-pfalz,0.15,0.15,0.1,0.15,0.1
9734,9734,Waldshut-Tiengen,BW,Baden-württemberg,0.15,0.15,0.1,0.15,0.1
9735,9735,Waldsieversdorf,BB,Brandenburg,0.15,0.15,0.1,0.15,0.1
9736,9736,Waldstetten,BY,Bayern,0.15,0.15,0.1,0.15,0.1
9737,9737,Waldstetten,BW,Baden-württemberg,0.15,0.15,0.1,0.15,0.1
9738,9738,Waldthurn,BY,Bayern,0.15,0.15,0.1,0.15,0.1
9739,9739,Waldweiler,RP,Rheinland-pfalz,0.15,0.15,0.1,0.15,0.1
9740,9740,Walhausen,RP,Rheinland-pfalz,0.15,0.15,0.1,0.15,0.1
9741,9741,Walheim,BW,Baden-württemberg,0.15,0.15,0.1,0.15,0.1
9742,9742,Walkendorf,MV,Mecklenburg-vorpommern,0.15,0.15,0.1,0.15,0.1
9743,9743,Walkenried,NI,Niedersachsen,0.15,0.15,0.1,0.15,0.1
9744,9744,Walkertshofen,BY,Bayern,0.15,0.15,0.1,0.15,0.1
9745,9745,Walksfelde,SH,Schleswig-holstein,0.15,0.15,0.1,0.15,0.1
9746,9746,Wallbach,TH,Thüringen,0.15,0.15,0.1,0.15,0.1
9747,9747,Walldorf,BW,Baden-württemberg,0.15,0.15,0.1,0.15,0.1
9748,9748,Walldorf,TH,Thüringen,0.15,0.15,0.1,0.15,0.1
9749,9749,Walldürn,BW,Baden-württemberg,0.15,0.15,0.1,0.15,0.1
9750,9750,Wallen,SH,Schleswig-holstein,0.15,0.15,0.1,0.15,0.1
9751,9751,Wallenborn,RP,Rheinland-pfalz,0.15,0.15,0.1,0.15,0.1
9752,9752,Wallendorf,RP,Rheinland-pfalz,0.15,0.15,0.1,0.15,0.1
9753,9753,Wallendorf,ST,Sachsen-anhalt,0.15,0.15,0.1,0.15,0.1
9754,9754,Wallenfels,BY,Bayern,0.15,0.15,0.1,0.15,0.1
9755,9755,Wallenhorst,NI,Niedersachsen,0.15,0.15,0.1,0.15,0.1
9756,9756,Wallerfangen,SL,Saarland,0.15,0.15,0.1,0.15,0.1
9757,9757,Wallerfing,BY,Bayern,0.15,0.15,0.1,0.15,0.1
9758,9758,Wallersdorf,BY,Bayern,0.15,0.15,0.1,0.15,0.1
9759,9759,Wallersheim,RP,Rheinland-pfalz,0.15,0.15,0.1,0.15,0.1
9760,9760,Wallerstein,BY,Bayern,0.15,0.15,0.1,0.15,0.1
9761,9761,Wallertheim,RP,Rheinland-pfalz,0.15,0.15,0.1,0.15,0.1
9762,9762,Wallgau,BY,Bayern,0.15,0.15,0.1,0.15,0.1
9763,9763,Wallhalben,RP,Rheinland-pfalz,0.15,0.15,0.1,0.15,0.1
9764,9764,Wallhausen,ST,Sachsen-anhalt,0.15,0.15,0.1,0.15,0.1
9765,9765,Wallhausen,BW,Baden-württemberg,0.15,0.15,0.1,0.15,0.1
9766,9766,Wallhausen,RP,Rheinland-pfalz,0.15,0.15,0.1,0.15,0.1
9767,9767,Wallmenroth,RP,Rheinland-pfalz,0.15,0.15,0.1,0.15,0.1
9768,9768,Wallmerod,RP,Rheinland-pfalz,0.15,0.15,0.1,0.15,0.1
9769,9769,Wallsbüll,SH,Schleswig-holstein,0.15,0.15,0.1,0.15,0.1
9770,9770,Wallscheid,RP,Rheinland-pfalz,0.15,0.15,0.1,0.15,0.1
9771,9771,Wallstawe,ST,Sachsen-anhalt,0.15,0.15,0.1,0.15,0.1
9772,9772,Walluf,HE,Hessen,0.15,0.15,0.1,0.15,0.1
9773,9773,Wallwitz,ST,Sachsen-anhalt,0.15,0.15,0.1,0.15,0.1
9774,9774,Walpernhain,TH,Thüringen,0.15,0.15,0.1,0.15,0.1
9775,9775,Walpertskirchen,BY,Bayern,0.15,0.15,0.1,0.15,0.1
9776,9776,Walschleben,TH,Thüringen,0.15,0.15,0.1,0.15,0.1
9777,9777,Walsdorf,BY,Bayern,0.15,0.15,0.1,0.15,0.1
9778,9778,Walsdorf,RP,Rheinland-pfalz,0.15,0.15,0.1,0.15,0.1
9779,9779,Walshausen,RP,Rheinland-pfalz,0.15,0.15,0.1,0.15,0.1
9780,9780,Walsheim,RP,Rheinland-pfalz,0.15,0.15,0.1,0.15,0.1
9781,9781,Walsleben,BB,Brandenburg,0.15,0.15,0.1,0.15,0.1
9782,9782,Walsrode,NI,Niedersachsen,0.15,0.15,0.1,0.15,0.1
9783,9783,Waltenhausen,BY,Bayern,0.15,0.15,0.1,0.15,0.1
9784,9784,Waltenhofen,BY,Bayern,0.15,0.15,0.1,0.15,0.1
9785,9785,Walternienburg,ST,Sachsen-anhalt,0.15,0.15,0.1,0.15,0.1
9786,9786,Walterschen,RP,Rheinland-pfalz,0.15,0.15,0.1,0.15,0.1
9787,9787,Waltersdorf,TH,Thüringen,0.15,0.15,0.1,0.15,0.1
9788,9788,Waltershausen,TH,Thüringen,0.15,0.15,0.1,0.15,0.1
9789,9789,Walting,BY,Bayern,0.15,0.15,0.1,0.15,0.1
9790,9790,Waltrop,NW,Nordrhein-westfalen,0.15,0.15,0.1,0.15,0.1
9791,9791,Wandersleben,TH,Thüringen,0.15,0.15,0.1,0.15,0.1
9792,9792,Wanderup,SH,Schleswig-holstein,0.15,0.15,0.1,0.15,0.1
9793,9793,Wandlitz,BB,Brandenburg,0.15,0.15,0.1,0.15,0.1
9794,9794,Wandsbek,HH,Hamburg,0.15,0.15,0.1,0.15,0.1
9795,9795,Wanfried,HE,Hessen,0.15,0.15,0.1,0.15,0.1
9796,9796,Wang,BY,Bayern,0.15,0.15,0.1,0.15,0.1
9797,9797,Wangelau,SH,Schleswig-holstein,0.15,0.15,0.1,0.15,0.1
9798,9798,Wangelnstedt,NI,Niedersachsen,0.15,0.15,0.1,0.15,0.1
9799,9799,Wangels,SH,Schleswig-holstein,0.15,0.15,0.1,0.15,0.1
9800,9800,Wangen,BW,Baden-württemberg,0.15,0.15,0.1,0.15,0.1
9801,9801,Wangen,ST,Sachsen-anhalt,0.15,0.15,0.1,0.15,0.1
9802,9802,Wangenheim,TH,Thüringen,0.15,0.15,0.1,0.15,0.1
9803,9803,Wangerooge,NI,Niedersachsen,0.15,0.15,0.1,0.15,0.1
9804,9804,Wankendorf,SH,Schleswig-holstein,0.15,0.15,0.1,0.15,0.1
9805,9805,Wanna,NI,Niedersachsen,0.15,0.15,0.1,0.15,0.1
9806,9806,Wannweil,BW,Baden-württemberg,0.15,0.15,0.1,0.15,0.1
9807,9807,Wansleben,ST,Sachsen-anhalt,0.15,0.15,0.1,0.15,0.1
9808,9808,Wanzleben,ST,Sachsen-anhalt,0.15,0.15,0.1,0.15,0.1
9809,9809,Wapelfeld,SH,Schleswig-holstein,0.15,0.15,0.1,0.15,0.1
9810,9810,Warberg,NI,Niedersachsen,0.15,0.15,0.1,0.15,0.1
9811,9811,Warburg,NW,Nordrhein-westfalen,0.15,0.15,0.1,0.15,0.1
9812,9812,Wardenburg,NI,Niedersachsen,0.15,0.15,0.1,0.15,0.1
9813,9813,Warder,SH,Schleswig-holstein,0.15,0.15,0.1,0.15,0.1
9814,9814,Wardow,MV,Mecklenburg-vorpommern,0.15,0.15,0.1,0.15,0.1
9815,9815,Waren,MV,Mecklenburg-vorpommern,0.15,0.15,0.1,0.15,0.1
9816,9816,Warendorf,NW,Nordrhein-westfalen,0.15,0.15,0.1,0.15,0.1
9817,9817,Warin,MV,Mecklenburg-vorpommern,0.15,0.15,0.1,0.15,0.1
9818,9818,Warlow,MV,Mecklenburg-vorpommern,0.15,0.15,0.1,0.15,0.1
9819,9819,Warmensteinach,BY,Bayern,0.15,0.15,0.1,0.15,0.1
9820,9820,Warmsen,NI,Niedersachsen,0.15,0.15,0.1,0.15,0.1
9821,9821,Warmsroth,RP,Rheinland-pfalz,0.15,0.15,0.1,0.15,0.1
9822,9822,Warnau,SH,Schleswig-holstein,0.15,0.15,0.1,0.15,0.1
9823,9823,Warngau,BY,Bayern,0.15,0.15,0.1,0.15,0.1
9824,9824,Warnow,MV,Mecklenburg-vorpommern,0.15,0.15,0.1,0.15,0.1
9825,9825,Warpe,NI,Niedersachsen,0.15,0.15,0.1,0.15,0.1
9826,9826,Warringholz,SH,Schleswig-holstein,0.15,0.15,0.1,0.15,0.1
9827,9827,Warsow,MV,Mecklenburg-vorpommern,0.15,0.15,0.1,0.15,0.1
9828,9828,Warstein,NW,Nordrhein-westfalen,0.15,0.15,0.1,0.15,0.1
9829,9829,Wartenberg,BY,Bayern,0.15,0.15,0.1,0.15,0.1
9830,9830,Wartenberg,BE,Berlin,0.15,0.15,0.1,0.15,0.1
9831,9831,Wartenberg-Rohrbach,RP,Rheinland-pfalz,0.15,0.15,0.1,0.15,0.1
9832,9832,Wartenburg,ST,Sachsen-anhalt,0.15,0.15,0.1,0.15,0.1
9833,9833,Warthausen,BW,Baden-württemberg,0.15,0.15,0.1,0.15,0.1
9834,9834,Wartmannsroth,BY,Bayern,0.15,0.15,0.1,0.15,0.1
9835,9835,Warza,TH,Thüringen,0.15,0.15,0.1,0.15,0.1
9836,9836,Wasbek,SH,Schleswig-holstein,0.15,0.15,0.1,0.15,0.1
9837,9837,Wasbüttel,NI,Niedersachsen,0.15,0.15,0.1,0.15,0.1
9838,9838,Wasenbach,RP,Rheinland-pfalz,0.15,0.15,0.1,0.15,0.1
9839,9839,Wassenach,RP,Rheinland-pfalz,0.15,0.15,0.1,0.15,0.1
9840,9840,Wassenberg,NW,Nordrhein-westfalen,0.15,0.15,0.1,0.15,0.1
9841,9841,Wasserburg,BY,Bayern,0.15,0.15,0.1,0.15,0.1
9842,9842,Wasserburg am Inn,BY,Bayern,0.15,0.15,0.1,0.15,0.1
9843,9843,Wasserleben,ST,Sachsen-anhalt,0.15,0.15,0.1,0.15,0.1
9844,9844,Wasserliesch,RP,Rheinland-pfalz,0.15,0.15,0.1,0.15,0.1
9845,9845,Wasserlosen,BY,Bayern,0.15,0.15,0.1,0.15,0.1
9846,9846,Wasserthaleben,TH,Thüringen,0.15,0.15,0.1,0.15,0.1
9847,9847,Wassertrüdingen,BY,Bayern,0.15,0.15,0.1,0.15,0.1
9848,9848,Wasungen,TH,Thüringen,0.15,0.15,0.1,0.15,0.1
9849,9849,Wathlingen,NI,Niedersachsen,0.15,0.15,0.1,0.15,0.1
9850,9850,Wattenbek,SH,Schleswig-holstein,0.15,0.15,0.1,0.15,0.1
9851,9851,Wattendorf,BY,Bayern,0.15,0.15,0.1,0.15,0.1
9852,9852,Wattenheim,RP,Rheinland-pfalz,0.15,0.15,0.1,0.15,0.1
9853,9853,Wattmannshagen,MV,Mecklenburg-vorpommern,0.15,0.15,0.1,0.15,0.1
9854,9854,Watzerath,RP,Rheinland-pfalz,0.15,0.15,0.1,0.15,0.1
9855,9855,Wawern,RP,Rheinland-pfalz,0.15,0.15,0.1,0.15,0.1
9856,9856,Waxweiler,RP,Rheinland-pfalz,0.15,0.15,0.1,0.15,0.1
9857,9857,Weberstedt,TH,Thüringen,0.15,0.15,0.1,0.15,0.1
9858,9858,Wechingen,BY,Bayern,0.15,0.15,0.1,0.15,0.1
9859,9859,Wechselburg,SN,Sachsen,0.15,0.15,0.1,0.15,0.1
9860,9860,Weddelbrook,SH,Schleswig-holstein,0.15,0.15,0.1,0.15,0.1
9861,9861,Weddersleben,ST,Sachsen-anhalt,0.15,0.15,0.1,0.15,0.1
9862,9862,Wedderstedt,ST,Sachsen-anhalt,0.15,0.15,0.1,0.15,0.1
9863,9863,Wedding,BE,Berlin,0.15,0.15,0.1,0.15,0.1
9864,9864,Weddingstedt,SH,Schleswig-holstein,0.15,0.15,0.1,0.15,0.1
9865,9865,Wedel,SH,Schleswig-holstein,0.15,0.15,0.1,0.15,0.1
9866,9866,Weede,SH,Schleswig-holstein,0.15,0.15,0.1,0.15,0.1
9867,9867,Weener,NI,Niedersachsen,0.15,0.15,0.1,0.15,0.1
9868,9868,Weenzen,NI,Niedersachsen,0.15,0.15,0.1,0.15,0.1
9869,9869,Wees,SH,Schleswig-holstein,0.15,0.15,0.1,0.15,0.1
9870,9870,Weesby,SH,Schleswig-holstein,0.15,0.15,0.1,0.15,0.1
9871,9871,Weeze,NW,Nordrhein-westfalen,0.15,0.15,0.1,0.15,0.1
9872,9872,Wefensleben,ST,Sachsen-anhalt,0.15,0.15,0.1,0.15,0.1
9873,9873,Weferlingen,ST,Sachsen-anhalt,0.15,0.15,0.1,0.15,0.1
9874,9874,Wegberg,NW,Nordrhein-westfalen,0.15,0.15,0.1,0.15,0.1
9875,9875,Wegeleben,ST,Sachsen-anhalt,0.15,0.15,0.1,0.15,0.1
9876,9876,Wegscheid,BY,Bayern,0.15,0.15,0.1,0.15,0.1
9877,9877,Wehingen,BW,Baden-württemberg,0.15,0.15,0.1,0.15,0.1
9878,9878,Wehnde,TH,Thüringen,0.15,0.15,0.1,0.15,0.1
9879,9879,Wehr,BW,Baden-württemberg,0.15,0.15,0.1,0.15,0.1
9880,9880,Wehr,RP,Rheinland-pfalz,0.15,0.15,0.1,0.15,0.1
9881,9881,Wehrbleck,NI,Niedersachsen,0.15,0.15,0.1,0.15,0.1
9882,9882,Wehrheim,HE,Hessen,0.15,0.15,0.1,0.15,0.1
9883,9883,Wehringen,BY,Bayern,0.15,0.15,0.1,0.15,0.1
9884,9884,Weibern,RP,Rheinland-pfalz,0.15,0.15,0.1,0.15,0.1
9885,9885,Weibersbrunn,BY,Bayern,0.15,0.15,0.1,0.15,0.1
9886,9886,Weichering,BY,Bayern,0.15,0.15,0.1,0.15,0.1
9887,9887,Weichs,BY,Bayern,0.15,0.15,0.1,0.15,0.1
9888,9888,Weida,TH,Thüringen,0.15,0.15,0.1,0.15,0.1
9889,9889,Weiden,RP,Rheinland-pfalz,0.15,0.15,0.1,0.15,0.1
9890,9890,Weiden,BY,Bayern,0.15,0.15,0.1,0.15,0.1
9891,9891,Weidenbach,RP,Rheinland-pfalz,0.15,0.15,0.1,0.15,0.1
9892,9892,Weidenbach,BY,Bayern,0.15,0.15,0.1,0.15,0.1
9893,9893,Weidenhahn,RP,Rheinland-pfalz,0.15,0.15,0.1,0.15,0.1
9894,9894,Weidenstetten,BW,Baden-württemberg,0.15,0.15,0.1,0.15,0.1
9895,9895,Weidenthal,RP,Rheinland-pfalz,0.15,0.15,0.1,0.15,0.1
9896,9896,Weidhausen bei Coburg,BY,Bayern,0.15,0.15,0.1,0.15,0.1
9897,9897,Weiding,BY,Bayern,0.15,0.15,0.1,0.15,0.1
9898,9898,Weidingen,RP,Rheinland-pfalz,0.15,0.15,0.1,0.15,0.1
9899,9899,Weigendorf,BY,Bayern,0.15,0.15,0.1,0.15,0.1
9900,9900,Weigenheim,BY,Bayern,0.15,0.15,0.1,0.15,0.1
9901,9901,Weihenzell,BY,Bayern,0.15,0.15,0.1,0.15,0.1
9902,9902,Weiherhammer,BY,Bayern,0.15,0.15,0.1,0.15,0.1
9903,9903,Weihmichl,BY,Bayern,0.15,0.15,0.1,0.15,0.1
9904,9904,Weikersheim,BW,Baden-württemberg,0.15,0.15,0.1,0.15,0.1
9905,9905,Weil,BY,Bayern,0.15,0.15,0.1,0.15,0.1
9906,9906,Weil am Rhein,BW,Baden-württemberg,0.15,0.15,0.1,0.15,0.1
9907,9907,Weil der Stadt,BW,Baden-württemberg,0.15,0.15,0.1,0.15,0.1
9908,9908,Weil im Schönbuch,BW,Baden-württemberg,0.15,0.15,0.1,0.15,0.1
9909,9909,Weilar,TH,Thüringen,0.15,0.15,0.1,0.15,0.1
9910,9910,Weilbach,BY,Bayern,0.15,0.15,0.1,0.15,0.1
9911,9911,Weilburg,HE,Hessen,0.15,0.15,0.1,0.15,0.1
9912,9912,Weilen unter den Rinnen,BW,Baden-württemberg,0.15,0.15,0.1,0.15,0.1
9913,9913,Weiler,RP,Rheinland-pfalz,0.15,0.15,0.1,0.15,0.1
9914,9914,Weiler-Simmerberg,BY,Bayern,0.15,0.15,0.1,0.15,0.1
9915,9915,Weilerbach,RP,Rheinland-pfalz,0.15,0.15,0.1,0.15,0.1
9916,9916,Weilersbach,BY,Bayern,0.15,0.15,0.1,0.15,0.1
9917,9917,Weilerswist,NW,Nordrhein-westfalen,0.15,0.15,0.1,0.15,0.1
9918,9918,Weilheim,BY,Bayern,0.15,0.15,0.1,0.15,0.1
9919,9919,Weilheim,BW,Baden-württemberg,0.15,0.15,0.1,0.15,0.1
9920,9920,Weilheim an der Teck,BW,Baden-württemberg,0.15,0.15,0.1,0.15,0.1
9921,9921,Weilmünster,HE,Hessen,0.15,0.15,0.1,0.15,0.1
9922,9922,Weiltingen,BY,Bayern,0.15,0.15,0.1,0.15,0.1
9923,9923,Weimar,TH,Thüringen,0.15,0.15,0.1,0.15,0.1
9924,9924,Weinbach,HE,Hessen,0.15,0.15,0.1,0.15,0.1
9925,9925,Weinböhla,SN,Sachsen,0.15,0.15,0.1,0.15,0.1
9926,9926,Weingarten,RP,Rheinland-pfalz,0.15,0.15,0.1,0.15,0.1
9927,9927,Weingarten,BW,Baden-württemberg,0.15,0.15,0.1,0.15,0.1
9928,9928,Weinheim,BW,Baden-württemberg,0.15,0.15,0.1,0.15,0.1
9929,9929,Weinolsheim,RP,Rheinland-pfalz,0.15,0.15,0.1,0.15,0.1
9930,9930,Weinsberg,BW,Baden-württemberg,0.15,0.15,0.1,0.15,0.1
9931,9931,Weinsheim,RP,Rheinland-pfalz,0.15,0.15,0.1,0.15,0.1
9932,9932,Weinähr,RP,Rheinland-pfalz,0.15,0.15,0.1,0.15,0.1
9933,9933,Weira,TH,Thüringen,0.15,0.15,0.1,0.15,0.1
9934,9934,Weischlitz,SN,Sachsen,0.15,0.15,0.1,0.15,0.1
9935,9935,Weisel,RP,Rheinland-pfalz,0.15,0.15,0.1,0.15,0.1
9936,9936,Weisen,BB,Brandenburg,0.15,0.15,0.1,0.15,0.1
9937,9937,Weisenbach,BW,Baden-württemberg,0.15,0.15,0.1,0.15,0.1
9938,9938,Weisendorf,BY,Bayern,0.15,0.15,0.1,0.15,0.1
9939,9939,Weisenheim am Berg,RP,Rheinland-pfalz,0.15,0.15,0.1,0.15,0.1
9940,9940,Weisenheim am Sand,RP,Rheinland-pfalz,0.15,0.15,0.1,0.15,0.1
9941,9941,Weiskirchen,SL,Saarland,0.15,0.15,0.1,0.15,0.1
9942,9942,Weismain,BY,Bayern,0.15,0.15,0.1,0.15,0.1
9943,9943,Weissach,BW,Baden-württemberg,0.15,0.15,0.1,0.15,0.1
9944,9944,Weisweil,BW,Baden-württemberg,0.15,0.15,0.1,0.15,0.1
9945,9945,Weitefeld,RP,Rheinland-pfalz,0.15,0.15,0.1,0.15,0.1
9946,9946,Weiten,SL,Saarland,0.15,0.15,0.1,0.15,0.1
9947,9947,Weitendorf,MV,Mecklenburg-vorpommern,0.15,0.15,0.1,0.15,0.1
9948,9948,Weitenhagen,MV,Mecklenburg-vorpommern,0.15,0.15,0.1,0.15,0.1
9949,9949,Weitersbach,RP,Rheinland-pfalz,0.15,0.15,0.1,0.15,0.1
9950,9950,Weitersborn,RP,Rheinland-pfalz,0.15,0.15,0.1,0.15,0.1
9951,9951,Weitersburg,RP,Rheinland-pfalz,0.15,0.15,0.1,0.15,0.1
9952,9952,Weiterstadt,HE,Hessen,0.15,0.15,0.1,0.15,0.1
9953,9953,Weitersweiler,RP,Rheinland-pfalz,0.15,0.15,0.1,0.15,0.1
9954,9954,Weitnau,BY,Bayern,0.15,0.15,0.1,0.15,0.1
9955,9955,Weitramsdorf,BY,Bayern,0.15,0.15,0.1,0.15,0.1
9956,9956,Weißandt-Gölzau,ST,Sachsen-anhalt,0.15,0.15,0.1,0.15,0.1
9957,9957,Weißbach,BW,Baden-württemberg,0.15,0.15,0.1,0.15,0.1
9958,9958,Weißbach,TH,Thüringen,0.15,0.15,0.1,0.15,0.1
9959,9959,Weißdorf,BY,Bayern,0.15,0.15,0.1,0.15,0.1
9960,9960,Weißenberg,SN,Sachsen,0.15,0.15,0.1,0.15,0.1
9961,9961,Weißenborn,TH,Thüringen,0.15,0.15,0.1,0.15,0.1
9962,9962,Weißenborn,SN,Sachsen,0.15,0.15,0.1,0.15,0.1
9963,9963,Weißenborn,HE,Hessen,0.15,0.15,0.1,0.15,0.1
9964,9964,Weißenborn-Lüderode,TH,Thüringen,0.15,0.15,0.1,0.15,0.1
9965,9965,Weißenbrunn,BY,Bayern,0.15,0.15,0.1,0.15,0.1
9966,9966,Weißenburg in Bayern,BY,Bayern,0.15,0.15,0.1,0.15,0.1
9967,9967,Weißendorf,TH,Thüringen,0.15,0.15,0.1,0.15,0.1
9968,9968,Weißenfels,ST,Sachsen-anhalt,0.15,0.15,0.1,0.15,0.1
9969,9969,Weißenhorn,BY,Bayern,0.15,0.15,0.1,0.15,0.1
9970,9970,Weißenohe,BY,Bayern,0.15,0.15,0.1,0.15,0.1
9971,9971,Weißensberg,BY,Bayern,0.15,0.15,0.1,0.15,0.1
9972,9972,Weißenschirmbach,ST,Sachsen-anhalt,0.15,0.15,0.1,0.15,0.1
9973,9973,Weißensee,TH,Thüringen,0.15,0.15,0.1,0.15,0.1
9974,9974,Weißensee,BE,Berlin,0.15,0.15,0.1,0.15,0.1
9975,9975,Weißenstadt,BY,Bayern,0.15,0.15,0.1,0.15,0.1
9976,9976,Weißenthurm,RP,Rheinland-pfalz,0.15,0.15,0.1,0.15,0.1
9977,9977,Weißig,SN,Sachsen,0.15,0.15,0.1,0.15,0.1
9978,9978,Weißkeißel,SN,Sachsen,0.15,0.15,0.1,0.15,0.1
9979,9979,Weißwasser,SN,Sachsen,0.15,0.15,0.1,0.15,0.1
9980,9980,Welbsleben,ST,Sachsen-anhalt,0.15,0.15,0.1,0.15,0.1
9981,9981,Welcherath,RP,Rheinland-pfalz,0.15,0.15,0.1,0.15,0.1
9982,9982,Welchweiler,RP,Rheinland-pfalz,0.15,0.15,0.1,0.15,0.1
9983,9983,Welden,BY,Bayern,0.15,0.15,0.1,0.15,0.1
9984,9984,Welgesheim,RP,Rheinland-pfalz,0.15,0.15,0.1,0.15,0.1
9985,9985,Welkenbach,RP,Rheinland-pfalz,0.15,0.15,0.1,0.15,0.1
9986,9986,Welle,NI,Niedersachsen,0.15,0.15,0.1,0.15,0.1
9987,9987,Wellen,ST,Sachsen-anhalt,0.15,0.15,0.1,0.15,0.1
9988,9988,Wellen,RP,Rheinland-pfalz,0.15,0.15,0.1,0.15,0.1
9989,9989,Wellendingen,BW,Baden-württemberg,0.15,0.15,0.1,0.15,0.1
9990,9990,Welling,RP,Rheinland-pfalz,0.15,0.15,0.1,0.15,0.1
9991,9991,Wellingsbüttel,HH,Hamburg,0.15,0.15,0.1,0.15,0.1
9992,9992,Welmbüttel,SH,Schleswig-holstein,0.15,0.15,0.1,0.15,0.1
9993,9993,Welschbillig,RP,Rheinland-pfalz,0.15,0.15,0.1,0.15,0.1
9994,9994,Welschenbach,RP,Rheinland-pfalz,0.15,0.15,0.1,0.15,0.1
9995,9995,Welschneudorf,RP,Rheinland-pfalz,0.15,0.15,0.1,0.15,0.1
9996,9996,Welsleben,ST,Sachsen-anhalt,0.15,0.15,0.1,0.15,0.1
9997,9997,Welt,SH,Schleswig-holstein,0.15,0.15,0.1,0.15,0.1
9998,9998,Welterod,RP,Rheinland-pfalz,0.15,0.15,0.1,0.15,0.1
9999,9999,Weltersburg,RP,Rheinland-pfalz,0.15,0.15,0.1,0.15,0.1
10000,10000,Welver,NW,Nordrhein-westfalen,0.15,0.15,0.1,0.15,0.1
10001,10001,Welzheim,BW,Baden-württemberg,0.15,0.15,0.1,0.15,0.1
10002,10002,Welzow,BB,Brandenburg,0.15,0.15,0.1,0.15,0.1
10003,10003,Wemb,NW,Nordrhein-westfalen,0.15,0.15,0.1,0.15,0.1
10004,10004,Wembach,BW,Baden-württemberg,0.15,0.15,0.1,0.15,0.1
10005,10005,Wemding,BY,Bayern,0.15,0.15,0.1,0.15,0.1
10006,10006,Wendeburg,NI,Niedersachsen,0.15,0.15,0.1,0.15,0.1
10007,10007,Wendelsheim,RP,Rheinland-pfalz,0.15,0.15,0.1,0.15,0.1
10008,10008,Wendelstein,BY,Bayern,0.15,0.15,0.1,0.15,0.1
10009,10009,Wenden,NW,Nordrhein-westfalen,0.15,0.15,0.1,0.15,0.1
10010,10010,Wenden,NI,Niedersachsen,0.15,0.15,0.1,0.15,0.1
10011,10011,Wendisch Baggendorf,MV,Mecklenburg-vorpommern,0.15,0.15,0.1,0.15,0.1
10012,10012,Wendisch Evern,NI,Niedersachsen,0.15,0.15,0.1,0.15,0.1
10013,10013,Wendisch Rietz,BB,Brandenburg,0.15,0.15,0.1,0.15,0.1
10014,10014,Wendlingen am Neckar,BW,Baden-württemberg,0.15,0.15,0.1,0.15,0.1
10015,10015,Wendorf,MV,Mecklenburg-vorpommern,0.15,0.15,0.1,0.15,0.1
10016,10016,Wendtorf,SH,Schleswig-holstein,0.15,0.15,0.1,0.15,0.1
10017,10017,Weng,BY,Bayern,0.15,0.15,0.1,0.15,0.1
10018,10018,Wengelsdorf,ST,Sachsen-anhalt,0.15,0.15,0.1,0.15,0.1
10019,10019,Wennbüttel,SH,Schleswig-holstein,0.15,0.15,0.1,0.15,0.1
10020,10020,Wennigsen,NI,Niedersachsen,0.15,0.15,0.1,0.15,0.1
10021,10021,Wensin,SH,Schleswig-holstein,0.15,0.15,0.1,0.15,0.1
10022,10022,Wentorf,SH,Schleswig-holstein,0.15,0.15,0.1,0.15,0.1
10023,10023,Wentorf bei Hamburg,SH,Schleswig-holstein,0.15,0.15,0.1,0.15,0.1
10024,10024,Wenze,ST,Sachsen-anhalt,0.15,0.15,0.1,0.15,0.1
10025,10025,Wenzenbach,BY,Bayern,0.15,0.15,0.1,0.15,0.1
10026,10026,Wenzendorf,NI,Niedersachsen,0.15,0.15,0.1,0.15,0.1
10027,10027,Wenzlow,BB,Brandenburg,0.15,0.15,0.1,0.15,0.1
10028,10028,Werbach,BW,Baden-württemberg,0.15,0.15,0.1,0.15,0.1
10029,10029,Werben,BB,Brandenburg,0.15,0.15,0.1,0.15,0.1
10030,10030,Werben,ST,Sachsen-anhalt,0.15,0.15,0.1,0.15,0.1
10031,10031,Werda,SN,Sachsen,0.15,0.15,0.1,0.15,0.1
10032,10032,Werdau,SN,Sachsen,0.15,0.15,0.1,0.15,0.1
10033,10033,Werder,MV,Mecklenburg-vorpommern,0.15,0.15,0.1,0.15,0.1
10034,10034,Werder,BB,Brandenburg,0.15,0.15,0.1,0.15,0.1
10035,10035,Werdohl,NW,Nordrhein-westfalen,0.15,0.15,0.1,0.15,0.1
10036,10036,Werdum,NI,Niedersachsen,0.15,0.15,0.1,0.15,0.1
10037,10037,Werkhausen,RP,Rheinland-pfalz,0.15,0.15,0.1,0.15,0.1
10038,10038,Werl,NW,Nordrhein-westfalen,0.15,0.15,0.1,0.15,0.1
10039,10039,Werlaburgdorf,NI,Niedersachsen,0.15,0.15,0.1,0.15,0.1
10040,10040,Werlte,NI,Niedersachsen,0.15,0.15,0.1,0.15,0.1
10041,10041,Wermelskirchen,NW,Nordrhein-westfalen,0.15,0.15,0.1,0.15,0.1
10042,10042,Wermsdorf,SN,Sachsen,0.15,0.15,0.1,0.15,0.1
10043,10043,Wernau,BW,Baden-württemberg,0.15,0.15,0.1,0.15,0.1
10044,10044,Wernberg-Köblitz,BY,Bayern,0.15,0.15,0.1,0.15,0.1
10045,10045,Wernburg,TH,Thüringen,0.15,0.15,0.1,0.15,0.1
10046,10046,Werne,NW,Nordrhein-westfalen,0.15,0.15,0.1,0.15,0.1
10047,10047,Werneck,BY,Bayern,0.15,0.15,0.1,0.15,0.1
10048,10048,Wernersberg,RP,Rheinland-pfalz,0.15,0.15,0.1,0.15,0.1
10049,10049,Werneuchen,BB,Brandenburg,0.15,0.15,0.1,0.15,0.1
10050,10050,Wernigerode,ST,Sachsen-anhalt,0.15,0.15,0.1,0.15,0.1
10051,10051,Werningshausen,TH,Thüringen,0.15,0.15,0.1,0.15,0.1
10052,10052,Wernshausen,TH,Thüringen,0.15,0.15,0.1,0.15,0.1
10053,10053,Weroth,RP,Rheinland-pfalz,0.15,0.15,0.1,0.15,0.1
10054,10054,Werpeloh,NI,Niedersachsen,0.15,0.15,0.1,0.15,0.1
10055,10055,Wershofen,RP,Rheinland-pfalz,0.15,0.15,0.1,0.15,0.1
10056,10056,Wertach,BY,Bayern,0.15,0.15,0.1,0.15,0.1
10057,10057,Wertheim,BW,Baden-württemberg,0.15,0.15,0.1,0.15,0.1
10058,10058,Werther,NW,Nordrhein-westfalen,0.15,0.15,0.1,0.15,0.1
10059,10059,Wertingen,BY,Bayern,0.15,0.15,0.1,0.15,0.1
10060,10060,Wesel,NW,Nordrhein-westfalen,0.15,0.15,0.1,0.15,0.1
10061,10061,Weselberg,RP,Rheinland-pfalz,0.15,0.15,0.1,0.15,0.1
10062,10062,Wesenberg,MV,Mecklenburg-vorpommern,0.15,0.15,0.1,0.15,0.1
10063,10063,Wesenberg,SH,Schleswig-holstein,0.15,0.15,0.1,0.15,0.1
10064,10064,Wesendorf,NI,Niedersachsen,0.15,0.15,0.1,0.15,0.1
10065,10065,Wesselburen,SH,Schleswig-holstein,0.15,0.15,0.1,0.15,0.1
10066,10066,Wesselburenerkoog,SH,Schleswig-holstein,0.15,0.15,0.1,0.15,0.1
10067,10067,Wesseling,NW,Nordrhein-westfalen,0.15,0.15,0.1,0.15,0.1
10068,10068,Wesseln,SH,Schleswig-holstein,0.15,0.15,0.1,0.15,0.1
10069,10069,Wessin,MV,Mecklenburg-vorpommern,0.15,0.15,0.1,0.15,0.1
10070,10070,Wessobrunn,BY,Bayern,0.15,0.15,0.1,0.15,0.1
10071,10071,Westdorf,ST,Sachsen-anhalt,0.15,0.15,0.1,0.15,0.1
10072,10072,Weste,NI,Niedersachsen,0.15,0.15,0.1,0.15,0.1
10073,10073,Westend,BE,Berlin,0.15,0.15,0.1,0.15,0.1
10074,10074,Westendorf,BY,Bayern,0.15,0.15,0.1,0.15,0.1
10075,10075,Westensee,SH,Schleswig-holstein,0.15,0.15,0.1,0.15,0.1
10076,10076,Wester-Ohrstedt,SH,Schleswig-holstein,0.15,0.15,0.1,0.15,0.1
10077,10077,Westerau,SH,Schleswig-holstein,0.15,0.15,0.1,0.15,0.1
10078,10078,Westerborstel,SH,Schleswig-holstein,0.15,0.15,0.1,0.15,0.1
10079,10079,Westerburg,RP,Rheinland-pfalz,0.15,0.15,0.1,0.15,0.1
10080,10080,Westerdeichstrich,SH,Schleswig-holstein,0.15,0.15,0.1,0.15,0.1
10081,10081,Westeregeln,ST,Sachsen-anhalt,0.15,0.15,0.1,0.15,0.1
10082,10082,Westergellersen,NI,Niedersachsen,0.15,0.15,0.1,0.15,0.1
10083,10083,Westerhausen,ST,Sachsen-anhalt,0.15,0.15,0.1,0.15,0.1
10084,10084,Westerheim,BY,Bayern,0.15,0.15,0.1,0.15,0.1
10085,10085,Westerheim,BW,Baden-württemberg,0.15,0.15,0.1,0.15,0.1
10086,10086,Westerhever,SH,Schleswig-holstein,0.15,0.15,0.1,0.15,0.1
10087,10087,Westerholt,NI,Niedersachsen,0.15,0.15,0.1,0.15,0.1
10088,10088,Westerholz,SH,Schleswig-holstein,0.15,0.15,0.1,0.15,0.1
10089,10089,Westerhorn,SH,Schleswig-holstein,0.15,0.15,0.1,0.15,0.1
10090,10090,Westerkappeln,NW,Nordrhein-westfalen,0.15,0.15,0.1,0.15,0.1
10091,10091,Westerland,SH,Schleswig-holstein,0.15,0.15,0.1,0.15,0.1
10092,10092,Westermoor,SH,Schleswig-holstein,0.15,0.15,0.1,0.15,0.1
10093,10093,Westernohe,RP,Rheinland-pfalz,0.15,0.15,0.1,0.15,0.1
10094,10094,Westerrade,SH,Schleswig-holstein,0.15,0.15,0.1,0.15,0.1
10095,10095,Westerrönfeld,SH,Schleswig-holstein,0.15,0.15,0.1,0.15,0.1
10096,10096,Westerstede,NI,Niedersachsen,0.15,0.15,0.1,0.15,0.1
10097,10097,Westerstetten,BW,Baden-württemberg,0.15,0.15,0.1,0.15,0.1
10098,10098,Westertimke,NI,Niedersachsen,0.15,0.15,0.1,0.15,0.1
10099,10099,Westerwalsede,NI,Niedersachsen,0.15,0.15,0.1,0.15,0.1
10100,10100,Westfeld,NI,Niedersachsen,0.15,0.15,0.1,0.15,0.1
10101,10101,Westgreußen,TH,Thüringen,0.15,0.15,0.1,0.15,0.1
10102,10102,Westhausen,BW,Baden-württemberg,0.15,0.15,0.1,0.15,0.1
10103,10103,Westhausen,TH,Thüringen,0.15,0.15,0.1,0.15,0.1
10104,10104,Westheim,BY,Bayern,0.15,0.15,0.1,0.15,0.1
10105,10105,Westheim,RP,Rheinland-pfalz,0.15,0.15,0.1,0.15,0.1
10106,10106,Westhofen,RP,Rheinland-pfalz,0.15,0.15,0.1,0.15,0.1
10107,10107,Westre,SH,Schleswig-holstein,0.15,0.15,0.1,0.15,0.1
10108,10108,Wethau,ST,Sachsen-anhalt,0.15,0.15,0.1,0.15,0.1
10109,10109,Wetschen,NI,Niedersachsen,0.15,0.15,0.1,0.15,0.1
10110,10110,Wettelrode,ST,Sachsen-anhalt,0.15,0.15,0.1,0.15,0.1
10111,10111,Wetter,HE,Hessen,0.15,0.15,0.1,0.15,0.1
10112,10112,Wetterzeube,ST,Sachsen-anhalt,0.15,0.15,0.1,0.15,0.1
10113,10113,Wettin,ST,Sachsen-anhalt,0.15,0.15,0.1,0.15,0.1
10114,10114,Wettlingen,RP,Rheinland-pfalz,0.15,0.15,0.1,0.15,0.1
10115,10115,Wettringen,BY,Bayern,0.15,0.15,0.1,0.15,0.1
10116,10116,Wettringen,NW,Nordrhein-westfalen,0.15,0.15,0.1,0.15,0.1
10117,10117,Wettrup,NI,Niedersachsen,0.15,0.15,0.1,0.15,0.1
10118,10118,Wettstetten,BY,Bayern,0.15,0.15,0.1,0.15,0.1
10119,10119,Wetzlar,HE,Hessen,0.15,0.15,0.1,0.15,0.1
10120,10120,Wewelsfleth,SH,Schleswig-holstein,0.15,0.15,0.1,0.15,0.1
10121,10121,Weyarn,BY,Bayern,0.15,0.15,0.1,0.15,0.1
10122,10122,Weyer,RP,Rheinland-pfalz,0.15,0.15,0.1,0.15,0.1
10123,10123,Weyerbusch,RP,Rheinland-pfalz,0.15,0.15,0.1,0.15,0.1
10124,10124,Weyhausen,NI,Niedersachsen,0.15,0.15,0.1,0.15,0.1
10125,10125,Weyher,RP,Rheinland-pfalz,0.15,0.15,0.1,0.15,0.1
10126,10126,Weßling,BY,Bayern,0.15,0.15,0.1,0.15,0.1
10127,10127,Wichmar,TH,Thüringen,0.15,0.15,0.1,0.15,0.1
10128,10128,Wickede,NW,Nordrhein-westfalen,0.15,0.15,0.1,0.15,0.1
10129,10129,Wickenrodt,RP,Rheinland-pfalz,0.15,0.15,0.1,0.15,0.1
10130,10130,Wickerstedt,TH,Thüringen,0.15,0.15,0.1,0.15,0.1
10131,10131,Widdern,BW,Baden-württemberg,0.15,0.15,0.1,0.15,0.1
10132,10132,Wiebelsheim,RP,Rheinland-pfalz,0.15,0.15,0.1,0.15,0.1
10133,10133,Wieck,MV,Mecklenburg-vorpommern,0.15,0.15,0.1,0.15,0.1
10134,10134,Wied,RP,Rheinland-pfalz,0.15,0.15,0.1,0.15,0.1
10135,10135,Wieda,NI,Niedersachsen,0.15,0.15,0.1,0.15,0.1
10136,10136,Wiedemar,SN,Sachsen,0.15,0.15,0.1,0.15,0.1
10137,10137,Wieden,BW,Baden-württemberg,0.15,0.15,0.1,0.15,0.1
10138,10138,Wiedensahl,NI,Niedersachsen,0.15,0.15,0.1,0.15,0.1
10139,10139,Wiedergeltingen,BY,Bayern,0.15,0.15,0.1,0.15,0.1
10140,10140,Wiederstedt,ST,Sachsen-anhalt,0.15,0.15,0.1,0.15,0.1
10141,10141,Wiednitz,SN,Sachsen,0.15,0.15,0.1,0.15,0.1
10142,10142,Wiefelstede,NI,Niedersachsen,0.15,0.15,0.1,0.15,0.1
10143,10143,Wiegendorf,TH,Thüringen,0.15,0.15,0.1,0.15,0.1
10144,10144,Wiehe,TH,Thüringen,0.15,0.15,0.1,0.15,0.1
10145,10145,Wiehl,NW,Nordrhein-westfalen,0.15,0.15,0.1,0.15,0.1
10146,10146,Wiek,MV,Mecklenburg-vorpommern,0.15,0.15,0.1,0.15,0.1
10147,10147,Wielen,NI,Niedersachsen,0.15,0.15,0.1,0.15,0.1
10148,10148,Wielenbach,BY,Bayern,0.15,0.15,0.1,0.15,0.1
10149,10149,Wiemersdorf,SH,Schleswig-holstein,0.15,0.15,0.1,0.15,0.1
10150,10150,Wiemerstedt,SH,Schleswig-holstein,0.15,0.15,0.1,0.15,0.1
10151,10151,Wiendorf,MV,Mecklenburg-vorpommern,0.15,0.15,0.1,0.15,0.1
10152,10152,Wienhausen,NI,Niedersachsen,0.15,0.15,0.1,0.15,0.1
10153,10153,Wienrode,ST,Sachsen-anhalt,0.15,0.15,0.1,0.15,0.1
10154,10154,Wieren,NI,Niedersachsen,0.15,0.15,0.1,0.15,0.1
10155,10155,Wiernsheim,BW,Baden-württemberg,0.15,0.15,0.1,0.15,0.1
10156,10156,Wierschem,RP,Rheinland-pfalz,0.15,0.15,0.1,0.15,0.1
10157,10157,Wiersdorf,RP,Rheinland-pfalz,0.15,0.15,0.1,0.15,0.1
10158,10158,Wiershop,SH,Schleswig-holstein,0.15,0.15,0.1,0.15,0.1
10159,10159,Wies,BW,Baden-württemberg,0.15,0.15,0.1,0.15,0.1
10160,10160,Wiesa,SN,Sachsen,0.15,0.15,0.1,0.15,0.1
10161,10161,Wiesau,BY,Bayern,0.15,0.15,0.1,0.15,0.1
10162,10162,Wiesbach,RP,Rheinland-pfalz,0.15,0.15,0.1,0.15,0.1
10163,10163,Wiesbaden,HE,Hessen,0.15,0.15,0.1,0.15,0.1
10164,10164,Wiesbaum,RP,Rheinland-pfalz,0.15,0.15,0.1,0.15,0.1
10165,10165,Wiesemscheid,RP,Rheinland-pfalz,0.15,0.15,0.1,0.15,0.1
10166,10166,Wiesen,BY,Bayern,0.15,0.15,0.1,0.15,0.1
10167,10167,Wiesenau,BB,Brandenburg,0.15,0.15,0.1,0.15,0.1
10168,10168,Wiesenbach,BW,Baden-württemberg,0.15,0.15,0.1,0.15,0.1
10169,10169,Wiesenbronn,BY,Bayern,0.15,0.15,0.1,0.15,0.1
10170,10170,Wiesenburg,BB,Brandenburg,0.15,0.15,0.1,0.15,0.1
10171,10171,Wiesenfelden,BY,Bayern,0.15,0.15,0.1,0.15,0.1
10172,10172,Wiesensteig,BW,Baden-württemberg,0.15,0.15,0.1,0.15,0.1
10173,10173,Wiesent,BY,Bayern,0.15,0.15,0.1,0.15,0.1
10174,10174,Wiesenthal,TH,Thüringen,0.15,0.15,0.1,0.15,0.1
10175,10175,Wiesenthau,BY,Bayern,0.15,0.15,0.1,0.15,0.1
10176,10176,Wiesentheid,BY,Bayern,0.15,0.15,0.1,0.15,0.1
10177,10177,Wieseth,BY,Bayern,0.15,0.15,0.1,0.15,0.1
10178,10178,Wieslet,BW,Baden-württemberg,0.15,0.15,0.1,0.15,0.1
10179,10179,Wiesloch,BW,Baden-württemberg,0.15,0.15,0.1,0.15,0.1
10180,10180,Wiesmoor,NI,Niedersachsen,0.15,0.15,0.1,0.15,0.1
10181,10181,Wiesthal,BY,Bayern,0.15,0.15,0.1,0.15,0.1
10182,10182,Wiesweiler,RP,Rheinland-pfalz,0.15,0.15,0.1,0.15,0.1
10183,10183,Wietmarschen,NI,Niedersachsen,0.15,0.15,0.1,0.15,0.1
10184,10184,Wietze,NI,Niedersachsen,0.15,0.15,0.1,0.15,0.1
10185,10185,Wietzen,NI,Niedersachsen,0.15,0.15,0.1,0.15,0.1
10186,10186,Wietzendorf,NI,Niedersachsen,0.15,0.15,0.1,0.15,0.1
10187,10187,Wiggensbach,BY,Bayern,0.15,0.15,0.1,0.15,0.1
10188,10188,Wilburgstetten,BY,Bayern,0.15,0.15,0.1,0.15,0.1
10189,10189,Wildau,BB,Brandenburg,0.15,0.15,0.1,0.15,0.1
10190,10190,Wildberg,BW,Baden-württemberg,0.15,0.15,0.1,0.15,0.1
10191,10191,Wildberg,MV,Mecklenburg-vorpommern,0.15,0.15,0.1,0.15,0.1
10192,10192,Wildemann,NI,Niedersachsen,0.15,0.15,0.1,0.15,0.1
10193,10193,Wildenberg,BY,Bayern,0.15,0.15,0.1,0.15,0.1
10194,10194,Wildenbörten,TH,Thüringen,0.15,0.15,0.1,0.15,0.1
10195,10195,Wildenfels,SN,Sachsen,0.15,0.15,0.1,0.15,0.1
10196,10196,Wildenhain,SN,Sachsen,0.15,0.15,0.1,0.15,0.1
10197,10197,Wildeshausen,NI,Niedersachsen,0.15,0.15,0.1,0.15,0.1
10198,10198,Wildetaube,TH,Thüringen,0.15,0.15,0.1,0.15,0.1
10199,10199,Wildflecken,BY,Bayern,0.15,0.15,0.1,0.15,0.1
10200,10200,Wildpoldsried,BY,Bayern,0.15,0.15,0.1,0.15,0.1
10201,10201,Wildsteig,BY,Bayern,0.15,0.15,0.1,0.15,0.1
10202,10202,Wilgartswiesen,RP,Rheinland-pfalz,0.15,0.15,0.1,0.15,0.1
10203,10203,Wilhelmsburg,MV,Mecklenburg-vorpommern,0.15,0.15,0.1,0.15,0.1
10204,10204,Wilhelmsdorf,BW,Baden-württemberg,0.15,0.15,0.1,0.15,0.1
10205,10205,Wilhelmsdorf,TH,Thüringen,0.15,0.15,0.1,0.15,0.1
10206,10206,Wilhelmsdorf,BY,Bayern,0.15,0.15,0.1,0.15,0.1
10207,10207,Wilhelmsfeld,BW,Baden-württemberg,0.15,0.15,0.1,0.15,0.1
10208,10208,Wilhelmshaven,NI,Niedersachsen,0.15,0.15,0.1,0.15,0.1
10209,10209,Wilhelmsthal,BY,Bayern,0.15,0.15,0.1,0.15,0.1
10210,10210,Wilhermsdorf,BY,Bayern,0.15,0.15,0.1,0.15,0.1
10211,10211,Wilkau-Haßlau,SN,Sachsen,0.15,0.15,0.1,0.15,0.1
10212,10212,Willanzheim,BY,Bayern,0.15,0.15,0.1,0.15,0.1
10213,10213,Willebadessen,NW,Nordrhein-westfalen,0.15,0.15,0.1,0.15,0.1
10214,10214,Willenscharen,SH,Schleswig-holstein,0.15,0.15,0.1,0.15,0.1
10215,10215,Willerstedt,TH,Thüringen,0.15,0.15,0.1,0.15,0.1
10216,10216,Willich,NW,Nordrhein-westfalen,0.15,0.15,0.1,0.15,0.1
10217,10217,Willingen,RP,Rheinland-pfalz,0.15,0.15,0.1,0.15,0.1
10218,10218,Willingen,HE,Hessen,0.15,0.15,0.1,0.15,0.1
10219,10219,Willingshausen,HE,Hessen,0.15,0.15,0.1,0.15,0.1
10220,10220,Willmars,BY,Bayern,0.15,0.15,0.1,0.15,0.1
10221,10221,Willmenrod,RP,Rheinland-pfalz,0.15,0.15,0.1,0.15,0.1
10222,10222,Willmering,BY,Bayern,0.15,0.15,0.1,0.15,0.1
10223,10223,Willroth,RP,Rheinland-pfalz,0.15,0.15,0.1,0.15,0.1
10224,10224,Willstätt,BW,Baden-württemberg,0.15,0.15,0.1,0.15,0.1
10225,10225,Willwerscheid,RP,Rheinland-pfalz,0.15,0.15,0.1,0.15,0.1
10226,10226,Wilmersdorf,BE,Berlin,0.15,0.15,0.1,0.15,0.1
10227,10227,Wilnsdorf,NW,Nordrhein-westfalen,0.15,0.15,0.1,0.15,0.1
10228,10228,Wilsdruff,SN,Sachsen,0.15,0.15,0.1,0.15,0.1
10229,10229,Wilsecker,RP,Rheinland-pfalz,0.15,0.15,0.1,0.15,0.1
10230,10230,Wilsleben,ST,Sachsen-anhalt,0.15,0.15,0.1,0.15,0.1
10231,10231,Wilstedt,NI,Niedersachsen,0.15,0.15,0.1,0.15,0.1
10232,10232,Wilster,SH,Schleswig-holstein,0.15,0.15,0.1,0.15,0.1
10233,10233,Wilsum,NI,Niedersachsen,0.15,0.15,0.1,0.15,0.1
10234,10234,Wilthen,SN,Sachsen,0.15,0.15,0.1,0.15,0.1
10235,10235,Wiltingen,RP,Rheinland-pfalz,0.15,0.15,0.1,0.15,0.1
10236,10236,Wilzenberg-Hußweiler,RP,Rheinland-pfalz,0.15,0.15,0.1,0.15,0.1
10237,10237,Wimbach,RP,Rheinland-pfalz,0.15,0.15,0.1,0.15,0.1
10238,10238,Wimmelburg,ST,Sachsen-anhalt,0.15,0.15,0.1,0.15,0.1
10239,10239,Wimsheim,BW,Baden-württemberg,0.15,0.15,0.1,0.15,0.1
10240,10240,Wincheringen,RP,Rheinland-pfalz,0.15,0.15,0.1,0.15,0.1
10241,10241,Windach,BY,Bayern,0.15,0.15,0.1,0.15,0.1
10242,10242,Windberg,BY,Bayern,0.15,0.15,0.1,0.15,0.1
10243,10243,Windbergen,SH,Schleswig-holstein,0.15,0.15,0.1,0.15,0.1
10244,10244,Windeby,SH,Schleswig-holstein,0.15,0.15,0.1,0.15,0.1
10245,10245,Windehausen,TH,Thüringen,0.15,0.15,0.1,0.15,0.1
10246,10246,Windelsbach,BY,Bayern,0.15,0.15,0.1,0.15,0.1
10247,10247,Winden,RP,Rheinland-pfalz,0.15,0.15,0.1,0.15,0.1
10248,10248,Windesheim,RP,Rheinland-pfalz,0.15,0.15,0.1,0.15,0.1
10249,10249,Windhagen,RP,Rheinland-pfalz,0.15,0.15,0.1,0.15,0.1
10250,10250,Windhausen,NI,Niedersachsen,0.15,0.15,0.1,0.15,0.1
10251,10251,Windischeschenbach,BY,Bayern,0.15,0.15,0.1,0.15,0.1
10252,10252,Windischleuba,TH,Thüringen,0.15,0.15,0.1,0.15,0.1
10253,10253,Windsbach,BY,Bayern,0.15,0.15,0.1,0.15,0.1
10254,10254,Wingerode,TH,Thüringen,0.15,0.15,0.1,0.15,0.1
10255,10255,Wingst,NI,Niedersachsen,0.15,0.15,0.1,0.15,0.1
10256,10256,Winhöring,BY,Bayern,0.15,0.15,0.1,0.15,0.1
10257,10257,Winkelbach,RP,Rheinland-pfalz,0.15,0.15,0.1,0.15,0.1
10258,10258,Winkelhaid,BY,Bayern,0.15,0.15,0.1,0.15,0.1
10259,10259,Winkelsett,NI,Niedersachsen,0.15,0.15,0.1,0.15,0.1
10260,10260,Winklarn,BY,Bayern,0.15,0.15,0.1,0.15,0.1
10261,10261,Winnemark,SH,Schleswig-holstein,0.15,0.15,0.1,0.15,0.1
10262,10262,Winnen,RP,Rheinland-pfalz,0.15,0.15,0.1,0.15,0.1
10263,10263,Winnenden,BW,Baden-württemberg,0.15,0.15,0.1,0.15,0.1
10264,10264,Winnerath,RP,Rheinland-pfalz,0.15,0.15,0.1,0.15,0.1
10265,10265,Winnert,SH,Schleswig-holstein,0.15,0.15,0.1,0.15,0.1
10266,10266,Winnigstedt,NI,Niedersachsen,0.15,0.15,0.1,0.15,0.1
10267,10267,Winningen,ST,Sachsen-anhalt,0.15,0.15,0.1,0.15,0.1
10268,10268,Winningen,RP,Rheinland-pfalz,0.15,0.15,0.1,0.15,0.1
10269,10269,Winnweiler,RP,Rheinland-pfalz,0.15,0.15,0.1,0.15,0.1
10270,10270,Winringen,RP,Rheinland-pfalz,0.15,0.15,0.1,0.15,0.1
10271,10271,Winseldorf,SH,Schleswig-holstein,0.15,0.15,0.1,0.15,0.1
10272,10272,Winsen,NI,Niedersachsen,0.15,0.15,0.1,0.15,0.1
10273,10273,Winsen,SH,Schleswig-holstein,0.15,0.15,0.1,0.15,0.1
10274,10274,Winterbach,BY,Bayern,0.15,0.15,0.1,0.15,0.1
10275,10275,Winterbach,BW,Baden-württemberg,0.15,0.15,0.1,0.15,0.1
10276,10276,Winterbach,RP,Rheinland-pfalz,0.15,0.15,0.1,0.15,0.1
10277,10277,Winterberg,NW,Nordrhein-westfalen,0.15,0.15,0.1,0.15,0.1
10278,10278,Winterborn,RP,Rheinland-pfalz,0.15,0.15,0.1,0.15,0.1
10279,10279,Winterburg,RP,Rheinland-pfalz,0.15,0.15,0.1,0.15,0.1
10280,10280,Winterfeld,ST,Sachsen-anhalt,0.15,0.15,0.1,0.15,0.1
10281,10281,Winterhausen,BY,Bayern,0.15,0.15,0.1,0.15,0.1
10282,10282,Winterhude,HH,Hamburg,0.15,0.15,0.1,0.15,0.1
10283,10283,Winterlingen,BW,Baden-württemberg,0.15,0.15,0.1,0.15,0.1
10284,10284,Winterrieden,BY,Bayern,0.15,0.15,0.1,0.15,0.1
10285,10285,Winterscheid,RP,Rheinland-pfalz,0.15,0.15,0.1,0.15,0.1
10286,10286,Wintersdorf,TH,Thüringen,0.15,0.15,0.1,0.15,0.1
10287,10287,Wintersheim,RP,Rheinland-pfalz,0.15,0.15,0.1,0.15,0.1
10288,10288,Winterspelt,RP,Rheinland-pfalz,0.15,0.15,0.1,0.15,0.1
10289,10289,Winterwerb,RP,Rheinland-pfalz,0.15,0.15,0.1,0.15,0.1
10290,10290,Wintrich,RP,Rheinland-pfalz,0.15,0.15,0.1,0.15,0.1
10291,10291,Wintzingerode,TH,Thüringen,0.15,0.15,0.1,0.15,0.1
10292,10292,Winzenburg,NI,Niedersachsen,0.15,0.15,0.1,0.15,0.1
10293,10293,Winzer,BY,Bayern,0.15,0.15,0.1,0.15,0.1
10294,10294,Wipfeld,BY,Bayern,0.15,0.15,0.1,0.15,0.1
10295,10295,Wipperdorf,TH,Thüringen,0.15,0.15,0.1,0.15,0.1
10296,10296,Wipperfürth,NW,Nordrhein-westfalen,0.15,0.15,0.1,0.15,0.1
10297,10297,Wippingen,NI,Niedersachsen,0.15,0.15,0.1,0.15,0.1
10298,10298,Wippra,ST,Sachsen-anhalt,0.15,0.15,0.1,0.15,0.1
10299,10299,Wirdum,NI,Niedersachsen,0.15,0.15,0.1,0.15,0.1
10300,10300,Wirft,RP,Rheinland-pfalz,0.15,0.15,0.1,0.15,0.1
10301,10301,Wirfus,RP,Rheinland-pfalz,0.15,0.15,0.1,0.15,0.1
10302,10302,Wirges,RP,Rheinland-pfalz,0.15,0.15,0.1,0.15,0.1
10303,10303,Wirsberg,BY,Bayern,0.15,0.15,0.1,0.15,0.1
10304,10304,Wirscheid,RP,Rheinland-pfalz,0.15,0.15,0.1,0.15,0.1
10305,10305,Wirschweiler,RP,Rheinland-pfalz,0.15,0.15,0.1,0.15,0.1
10306,10306,Wisch,SH,Schleswig-holstein,0.15,0.15,0.1,0.15,0.1
10307,10307,Wischhafen,NI,Niedersachsen,0.15,0.15,0.1,0.15,0.1
10308,10308,Wischroda,ST,Sachsen-anhalt,0.15,0.15,0.1,0.15,0.1
10309,10309,Wismar,MV,Mecklenburg-vorpommern,0.15,0.15,0.1,0.15,0.1
10310,10310,Wissen,RP,Rheinland-pfalz,0.15,0.15,0.1,0.15,0.1
10311,10311,Wistedt,NI,Niedersachsen,0.15,0.15,0.1,0.15,0.1
10312,10312,Witsum,SH,Schleswig-holstein,0.15,0.15,0.1,0.15,0.1
10313,10313,Wittbek,SH,Schleswig-holstein,0.15,0.15,0.1,0.15,0.1
10314,10314,Wittdün,SH,Schleswig-holstein,0.15,0.15,0.1,0.15,0.1
10315,10315,Wittelshofen,BY,Bayern,0.15,0.15,0.1,0.15,0.1
10316,10316,Witten,NW,Nordrhein-westfalen,0.15,0.15,0.1,0.15,0.1
10317,10317,Wittenbeck,MV,Mecklenburg-vorpommern,0.15,0.15,0.1,0.15,0.1
10318,10318,Wittenberg,ST,Sachsen-anhalt,0.15,0.15,0.1,0.15,0.1
10319,10319,Wittenberge,BB,Brandenburg,0.15,0.15,0.1,0.15,0.1
10320,10320,Wittenbergen,SH,Schleswig-holstein,0.15,0.15,0.1,0.15,0.1
10321,10321,Wittenborn,SH,Schleswig-holstein,0.15,0.15,0.1,0.15,0.1
10322,10322,Wittenburg,MV,Mecklenburg-vorpommern,0.15,0.15,0.1,0.15,0.1
10323,10323,Wittenförden,MV,Mecklenburg-vorpommern,0.15,0.15,0.1,0.15,0.1
10324,10324,Wittenhagen,MV,Mecklenburg-vorpommern,0.15,0.15,0.1,0.15,0.1
10325,10325,Witterda,TH,Thüringen,0.15,0.15,0.1,0.15,0.1
10326,10326,Wittgendorf,ST,Sachsen-anhalt,0.15,0.15,0.1,0.15,0.1
10327,10327,Wittgendorf,TH,Thüringen,0.15,0.15,0.1,0.15,0.1
10328,10328,Wittgensdorf,SN,Sachsen,0.15,0.15,0.1,0.15,0.1
10329,10329,Wittgert,RP,Rheinland-pfalz,0.15,0.15,0.1,0.15,0.1
10330,10330,Wittibreut,BY,Bayern,0.15,0.15,0.1,0.15,0.1
10331,10331,Wittichenau,SN,Sachsen,0.15,0.15,0.1,0.15,0.1
10332,10332,Wittingen,NI,Niedersachsen,0.15,0.15,0.1,0.15,0.1
10333,10333,Wittislingen,BY,Bayern,0.15,0.15,0.1,0.15,0.1
10334,10334,Wittlich,RP,Rheinland-pfalz,0.15,0.15,0.1,0.15,0.1
10335,10335,Wittlingen,BW,Baden-württemberg,0.15,0.15,0.1,0.15,0.1
10336,10336,Wittmar,NI,Niedersachsen,0.15,0.15,0.1,0.15,0.1
10337,10337,Wittmoldt,SH,Schleswig-holstein,0.15,0.15,0.1,0.15,0.1
10338,10338,Wittmund,NI,Niedersachsen,0.15,0.15,0.1,0.15,0.1
10339,10339,Wittnau,BW,Baden-württemberg,0.15,0.15,0.1,0.15,0.1
10340,10340,Wittorf,NI,Niedersachsen,0.15,0.15,0.1,0.15,0.1
10341,10341,Wittstock,BB,Brandenburg,0.15,0.15,0.1,0.15,0.1
10342,10342,Witzeeze,SH,Schleswig-holstein,0.15,0.15,0.1,0.15,0.1
10343,10343,Witzenhausen,HE,Hessen,0.15,0.15,0.1,0.15,0.1
10344,10344,Witzhave,SH,Schleswig-holstein,0.15,0.15,0.1,0.15,0.1
10345,10345,Witzin,MV,Mecklenburg-vorpommern,0.15,0.15,0.1,0.15,0.1
10346,10346,Witzleben,TH,Thüringen,0.15,0.15,0.1,0.15,0.1
10347,10347,Witzmannsberg,BY,Bayern,0.15,0.15,0.1,0.15,0.1
10348,10348,Witzwort,SH,Schleswig-holstein,0.15,0.15,0.1,0.15,0.1
10349,10349,Wißmannsdorf,RP,Rheinland-pfalz,0.15,0.15,0.1,0.15,0.1
10350,10350,Wobbenbüll,SH,Schleswig-holstein,0.15,0.15,0.1,0.15,0.1
10351,10351,Woggersin,MV,Mecklenburg-vorpommern,0.15,0.15,0.1,0.15,0.1
10352,10352,Wohlde,SH,Schleswig-holstein,0.15,0.15,0.1,0.15,0.1
10353,10353,Wohldorf-Ohlstedt,HH,Hamburg,0.15,0.15,0.1,0.15,0.1
10354,10354,Wohlmirstedt,ST,Sachsen-anhalt,0.15,0.15,0.1,0.15,0.1
10355,10355,Wohlsborn,TH,Thüringen,0.15,0.15,0.1,0.15,0.1
10356,10356,Wohlsdorf,ST,Sachsen-anhalt,0.15,0.15,0.1,0.15,0.1
10357,10357,Wohltorf,SH,Schleswig-holstein,0.15,0.15,0.1,0.15,0.1
10358,10358,Wohnste,NI,Niedersachsen,0.15,0.15,0.1,0.15,0.1
10359,10359,Wolde,MV,Mecklenburg-vorpommern,0.15,0.15,0.1,0.15,0.1
10360,10360,Woldegk,MV,Mecklenburg-vorpommern,0.15,0.15,0.1,0.15,0.1
10361,10361,Woldert,RP,Rheinland-pfalz,0.15,0.15,0.1,0.15,0.1
10362,10362,Wolfach,BW,Baden-württemberg,0.15,0.15,0.1,0.15,0.1
10363,10363,Wolfegg,BW,Baden-württemberg,0.15,0.15,0.1,0.15,0.1
10364,10364,Wolfen,ST,Sachsen-anhalt,0.15,0.15,0.1,0.15,0.1
10365,10365,Wolfenbüttel,NI,Niedersachsen,0.15,0.15,0.1,0.15,0.1
10366,10366,Wolferode,ST,Sachsen-anhalt,0.15,0.15,0.1,0.15,0.1
10367,10367,Wolferschwenda,TH,Thüringen,0.15,0.15,0.1,0.15,0.1
10368,10368,Wolfersdorf,BY,Bayern,0.15,0.15,0.1,0.15,0.1
10369,10369,Wolferstadt,BY,Bayern,0.15,0.15,0.1,0.15,0.1
10370,10370,Wolferstedt,ST,Sachsen-anhalt,0.15,0.15,0.1,0.15,0.1
10371,10371,Wolfertschwenden,BY,Bayern,0.15,0.15,0.1,0.15,0.1
10372,10372,Wolfhagen,HE,Hessen,0.15,0.15,0.1,0.15,0.1
10373,10373,Wolframs-Eschenbach,BY,Bayern,0.15,0.15,0.1,0.15,0.1
10374,10374,Wolfratshausen,BY,Bayern,0.15,0.15,0.1,0.15,0.1
10375,10375,Wolfsburg,NI,Niedersachsen,0.15,0.15,0.1,0.15,0.1
10376,10376,Wolfsburg-Unkeroda,TH,Thüringen,0.15,0.15,0.1,0.15,0.1
10377,10377,Wolfschlugen,BW,Baden-württemberg,0.15,0.15,0.1,0.15,0.1
10378,10378,Wolfsegg,BY,Bayern,0.15,0.15,0.1,0.15,0.1
10379,10379,Wolfsheim,RP,Rheinland-pfalz,0.15,0.15,0.1,0.15,0.1
10380,10380,Wolfstein,RP,Rheinland-pfalz,0.15,0.15,0.1,0.15,0.1
10381,10381,Wolgast,MV,Mecklenburg-vorpommern,0.15,0.15,0.1,0.15,0.1
10382,10382,Wolken,RP,Rheinland-pfalz,0.15,0.15,0.1,0.15,0.1
10383,10383,Wolkenstein,SN,Sachsen,0.15,0.15,0.1,0.15,0.1
10384,10384,Wolkramshausen,TH,Thüringen,0.15,0.15,0.1,0.15,0.1
10385,10385,Wollbach,BY,Bayern,0.15,0.15,0.1,0.15,0.1
10386,10386,Wollbrandshausen,NI,Niedersachsen,0.15,0.15,0.1,0.15,0.1
10387,10387,Wollershausen,NI,Niedersachsen,0.15,0.15,0.1,0.15,0.1
10388,10388,Wollin,BB,Brandenburg,0.15,0.15,0.1,0.15,0.1
10389,10389,Wollmerath,RP,Rheinland-pfalz,0.15,0.15,0.1,0.15,0.1
10390,10390,Wolmersdorf,SH,Schleswig-holstein,0.15,0.15,0.1,0.15,0.1
10391,10391,Wolmirsleben,ST,Sachsen-anhalt,0.15,0.15,0.1,0.15,0.1
10392,10392,Wolmirstedt,ST,Sachsen-anhalt,0.15,0.15,0.1,0.15,0.1
10393,10393,Wolnzach,BY,Bayern,0.15,0.15,0.1,0.15,0.1
10394,10394,Wolpertshausen,BW,Baden-württemberg,0.15,0.15,0.1,0.15,0.1
10395,10395,Wolpertswende,BW,Baden-württemberg,0.15,0.15,0.1,0.15,0.1
10396,10396,Wolsdorf,NI,Niedersachsen,0.15,0.15,0.1,0.15,0.1
10397,10397,Wolsfeld,RP,Rheinland-pfalz,0.15,0.15,0.1,0.15,0.1
10398,10398,Woltersdorf,BB,Brandenburg,0.15,0.15,0.1,0.15,0.1
10399,10399,Woltersdorf,SH,Schleswig-holstein,0.15,0.15,0.1,0.15,0.1
10400,10400,Woltersdorf,NI,Niedersachsen,0.15,0.15,0.1,0.15,0.1
10401,10401,Woltershausen,NI,Niedersachsen,0.15,0.15,0.1,0.15,0.1
10402,10402,Womrath,RP,Rheinland-pfalz,0.15,0.15,0.1,0.15,0.1
10403,10403,Wonfurt,BY,Bayern,0.15,0.15,0.1,0.15,0.1
10404,10404,Wonsees,BY,Bayern,0.15,0.15,0.1,0.15,0.1
10405,10405,Wonsheim,RP,Rheinland-pfalz,0.15,0.15,0.1,0.15,0.1
10406,10406,Woppenroth,RP,Rheinland-pfalz,0.15,0.15,0.1,0.15,0.1
10407,10407,Worbis,TH,Thüringen,0.15,0.15,0.1,0.15,0.1
10408,10408,Woringen,BY,Bayern,0.15,0.15,0.1,0.15,0.1
10409,10409,Worms,RP,Rheinland-pfalz,0.15,0.15,0.1,0.15,0.1
10410,10410,Wormsdorf,ST,Sachsen-anhalt,0.15,0.15,0.1,0.15,0.1
10411,10411,Worpswede,NI,Niedersachsen,0.15,0.15,0.1,0.15,0.1
10412,10412,Worth,SH,Schleswig-holstein,0.15,0.15,0.1,0.15,0.1
10413,10413,Wredenhagen,MV,Mecklenburg-vorpommern,0.15,0.15,0.1,0.15,0.1
10414,10414,Wremen,NI,Niedersachsen,0.15,0.15,0.1,0.15,0.1
10415,10415,Wrestedt,NI,Niedersachsen,0.15,0.15,0.1,0.15,0.1
10416,10416,Wriedel,NI,Niedersachsen,0.15,0.15,0.1,0.15,0.1
10417,10417,Wriezen,BB,Brandenburg,0.15,0.15,0.1,0.15,0.1
10418,10418,Wrist,SH,Schleswig-holstein,0.15,0.15,0.1,0.15,0.1
10419,10419,Wrixum,SH,Schleswig-holstein,0.15,0.15,0.1,0.15,0.1
10420,10420,Wrohm,SH,Schleswig-holstein,0.15,0.15,0.1,0.15,0.1
10421,10421,Wulfen,ST,Sachsen-anhalt,0.15,0.15,0.1,0.15,0.1
10422,10422,Wulferstedt,ST,Sachsen-anhalt,0.15,0.15,0.1,0.15,0.1
10423,10423,Wulfsen,NI,Niedersachsen,0.15,0.15,0.1,0.15,0.1
10424,10424,Wulfsmoor,SH,Schleswig-holstein,0.15,0.15,0.1,0.15,0.1
10425,10425,Wulften,NI,Niedersachsen,0.15,0.15,0.1,0.15,0.1
10426,10426,Wulkenzin,MV,Mecklenburg-vorpommern,0.15,0.15,0.1,0.15,0.1
10427,10427,Wulsbüttel,NI,Niedersachsen,0.15,0.15,0.1,0.15,0.1
10428,10428,Wundersleben,TH,Thüringen,0.15,0.15,0.1,0.15,0.1
10429,10429,Wunsiedel,BY,Bayern,0.15,0.15,0.1,0.15,0.1
10430,10430,Wunstorf,NI,Niedersachsen,0.15,0.15,0.1,0.15,0.1
10431,10431,Wuppertal,NW,Nordrhein-westfalen,0.15,0.15,0.1,0.15,0.1
10432,10432,Wurmannsquick,BY,Bayern,0.15,0.15,0.1,0.15,0.1
10433,10433,Wurmberg,BW,Baden-württemberg,0.15,0.15,0.1,0.15,0.1
10434,10434,Wurmlingen,BW,Baden-württemberg,0.15,0.15,0.1,0.15,0.1
10435,10435,Wurmsham,BY,Bayern,0.15,0.15,0.1,0.15,0.1
10436,10436,Wurzbach,TH,Thüringen,0.15,0.15,0.1,0.15,0.1
10437,10437,Wurzen,SN,Sachsen,0.15,0.15,0.1,0.15,0.1
10438,10438,Wust,ST,Sachsen-anhalt,0.15,0.15,0.1,0.15,0.1
10439,10439,Wusterhausen,BB,Brandenburg,0.15,0.15,0.1,0.15,0.1
10440,10440,Wusterhusen,MV,Mecklenburg-vorpommern,0.15,0.15,0.1,0.15,0.1
10441,10441,Wustermark,BB,Brandenburg,0.15,0.15,0.1,0.15,0.1
10442,10442,Wusterwitz,BB,Brandenburg,0.15,0.15,0.1,0.15,0.1
10443,10443,Wustrow,MV,Mecklenburg-vorpommern,0.15,0.15,0.1,0.15,0.1
10444,10444,Wustrow,NI,Niedersachsen,0.15,0.15,0.1,0.15,0.1
10445,10445,Wutöschingen,BW,Baden-württemberg,0.15,0.15,0.1,0.15,0.1
10446,10446,Wyhl,BW,Baden-württemberg,0.15,0.15,0.1,0.15,0.1
10447,10447,Wyk auf Föhr,SH,Schleswig-holstein,0.15,0.15,0.1,0.15,0.1
10448,10448,Wächtersbach,HE,Hessen,0.15,0.15,0.1,0.15,0.1
10449,10449,Wäschenbeuren,BW,Baden-württemberg,0.15,0.15,0.1,0.15,0.1
10450,10450,Wöbbelin,MV,Mecklenburg-vorpommern,0.15,0.15,0.1,0.15,0.1
10451,10451,Wöhrden,SH,Schleswig-holstein,0.15,0.15,0.1,0.15,0.1
10452,10452,Wölferbütt,TH,Thüringen,0.15,0.15,0.1,0.15,0.1
10453,10453,Wölferlingen,RP,Rheinland-pfalz,0.15,0.15,0.1,0.15,0.1
10454,10454,Wölfershausen,TH,Thüringen,0.15,0.15,0.1,0.15,0.1
10455,10455,Wölfersheim,HE,Hessen,0.15,0.15,0.1,0.15,0.1
10456,10456,Wölfis,TH,Thüringen,0.15,0.15,0.1,0.15,0.1
10457,10457,Wöllstein,RP,Rheinland-pfalz,0.15,0.15,0.1,0.15,0.1
10458,10458,Wölmersen,RP,Rheinland-pfalz,0.15,0.15,0.1,0.15,0.1
10459,10459,Wölpinghausen,NI,Niedersachsen,0.15,0.15,0.1,0.15,0.1
10460,10460,Wörlitz,ST,Sachsen-anhalt,0.15,0.15,0.1,0.15,0.1
10461,10461,Wörnersberg,BW,Baden-württemberg,0.15,0.15,0.1,0.15,0.1
10462,10462,Wörrstadt,RP,Rheinland-pfalz,0.15,0.15,0.1,0.15,0.1
10463,10463,Wört,BW,Baden-württemberg,0.15,0.15,0.1,0.15,0.1
10464,10464,Wörth,BY,Bayern,0.15,0.15,0.1,0.15,0.1
10465,10465,Wörth am Main,BY,Bayern,0.15,0.15,0.1,0.15,0.1
10466,10466,Wörth am Rhein,RP,Rheinland-pfalz,0.15,0.15,0.1,0.15,0.1
10467,10467,Wörth an der Donau,BY,Bayern,0.15,0.15,0.1,0.15,0.1
10468,10468,Wörth an der Isar,BY,Bayern,0.15,0.15,0.1,0.15,0.1
10469,10469,Wörthsee,BY,Bayern,0.15,0.15,0.1,0.15,0.1
10470,10470,Wülfershausen,BY,Bayern,0.15,0.15,0.1,0.15,0.1
10471,10471,Wülfrath,NW,Nordrhein-westfalen,0.15,0.15,0.1,0.15,0.1
10472,10472,Wülknitz,SN,Sachsen,0.15,0.15,0.1,0.15,0.1
10473,10473,Wülperode,ST,Sachsen-anhalt,0.15,0.15,0.1,0.15,0.1
10474,10474,Wünnenberg,NW,Nordrhein-westfalen,0.15,0.15,0.1,0.15,0.1
10475,10475,Wünschendorf,TH,Thüringen,0.15,0.15,0.1,0.15,0.1
10476,10476,Würchwitz,ST,Sachsen-anhalt,0.15,0.15,0.1,0.15,0.1
10477,10477,Würrich,RP,Rheinland-pfalz,0.15,0.15,0.1,0.15,0.1
10478,10478,Würselen,NW,Nordrhein-westfalen,0.15,0.15,0.1,0.15,0.1
10479,10479,Würzburg,BY,Bayern,0.15,0.15,0.1,0.15,0.1
10480,10480,Würzweiler,RP,Rheinland-pfalz,0.15,0.15,0.1,0.15,0.1
10481,10481,Wüschheim,RP,Rheinland-pfalz,0.15,0.15,0.1,0.15,0.1
10482,10482,Wüstenrot,BW,Baden-württemberg,0.15,0.15,0.1,0.15,0.1
10483,10483,Wüstheuterode,TH,Thüringen,0.15,0.15,0.1,0.15,0.1
10484,10484,Xanten,NW,Nordrhein-westfalen,0.15,0.15,0.1,0.15,0.1
10485,10485,Zabeltitz,SN,Sachsen,0.15,0.15,0.1,0.15,0.1
10486,10486,Zaberfeld,BW,Baden-württemberg,0.15,0.15,0.1,0.15,0.1
10487,10487,Zabitz,ST,Sachsen-anhalt,0.15,0.15,0.1,0.15,0.1
10488,10488,Zachenberg,BY,Bayern,0.15,0.15,0.1,0.15,0.1
10489,10489,Zahna,ST,Sachsen-anhalt,0.15,0.15,0.1,0.15,0.1
10490,10490,Zaisenhausen,BW,Baden-württemberg,0.15,0.15,0.1,0.15,0.1
10491,10491,Zandt,BY,Bayern,0.15,0.15,0.1,0.15,0.1
10492,10492,Zangberg,BY,Bayern,0.15,0.15,0.1,0.15,0.1
10493,10493,Zapel,MV,Mecklenburg-vorpommern,0.15,0.15,0.1,0.15,0.1
10494,10494,Zapfendorf,BY,Bayern,0.15,0.15,0.1,0.15,0.1
10495,10495,Zappendorf,ST,Sachsen-anhalt,0.15,0.15,0.1,0.15,0.1
10496,10496,Zarnekow,MV,Mecklenburg-vorpommern,0.15,0.15,0.1,0.15,0.1
10497,10497,Zarpen,SH,Schleswig-holstein,0.15,0.15,0.1,0.15,0.1
10498,10498,Zarrendorf,MV,Mecklenburg-vorpommern,0.15,0.15,0.1,0.15,0.1
10499,10499,Zarrentin,MV,Mecklenburg-vorpommern,0.15,0.15,0.1,0.15,0.1
10500,10500,Zechin,BB,Brandenburg,0.15,0.15,0.1,0.15,0.1
10501,10501,Zedlitz,TH,Thüringen,0.15,0.15,0.1,0.15,0.1
10502,10502,Zehdenick,BB,Brandenburg,0.15,0.15,0.1,0.15,0.1
10503,10503,Zehlendorf,BE,Berlin,0.15,0.15,0.1,0.15,0.1
10504,10504,Zehna,MV,Mecklenburg-vorpommern,0.15,0.15,0.1,0.15,0.1
10505,10505,Zehnhausen bei Rennerod,RP,Rheinland-pfalz,0.15,0.15,0.1,0.15,0.1
10506,10506,Zehnhausen bei Wallmerod,RP,Rheinland-pfalz,0.15,0.15,0.1,0.15,0.1
10507,10507,Zeil,BY,Bayern,0.15,0.15,0.1,0.15,0.1
10508,10508,Zeilarn,BY,Bayern,0.15,0.15,0.1,0.15,0.1
10509,10509,Zeiskam,RP,Rheinland-pfalz,0.15,0.15,0.1,0.15,0.1
10510,10510,Zeithain,SN,Sachsen,0.15,0.15,0.1,0.15,0.1
10511,10511,Zeitlarn,BY,Bayern,0.15,0.15,0.1,0.15,0.1
10512,10512,Zeitlofs,BY,Bayern,0.15,0.15,0.1,0.15,0.1
10513,10513,Zeitz,ST,Sachsen-anhalt,0.15,0.15,0.1,0.15,0.1
10514,10514,Zell,RP,Rheinland-pfalz,0.15,0.15,0.1,0.15,0.1
10515,10515,Zell,BW,Baden-württemberg,0.15,0.15,0.1,0.15,0.1
10516,10516,Zell am Main,BY,Bayern,0.15,0.15,0.1,0.15,0.1
10517,10517,Zell im Wiesental,BW,Baden-württemberg,0.15,0.15,0.1,0.15,0.1
10518,10518,Zell unter Aichelberg,BW,Baden-württemberg,0.15,0.15,0.1,0.15,0.1
10519,10519,Zella-Mehlis,TH,Thüringen,0.15,0.15,0.1,0.15,0.1
10520,10520,Zellingen,BY,Bayern,0.15,0.15,0.1,0.15,0.1
10521,10521,Zeltingen-Rachtig,RP,Rheinland-pfalz,0.15,0.15,0.1,0.15,0.1
10522,10522,Zemitz,MV,Mecklenburg-vorpommern,0.15,0.15,0.1,0.15,0.1
10523,10523,Zemmer,RP,Rheinland-pfalz,0.15,0.15,0.1,0.15,0.1
10524,10524,Zempin,MV,Mecklenburg-vorpommern,0.15,0.15,0.1,0.15,0.1
10525,10525,Zendscheid,RP,Rheinland-pfalz,0.15,0.15,0.1,0.15,0.1
10526,10526,Zenting,BY,Bayern,0.15,0.15,0.1,0.15,0.1
10527,10527,Zepelin,MV,Mecklenburg-vorpommern,0.15,0.15,0.1,0.15,0.1
10528,10528,Zeppernick,ST,Sachsen-anhalt,0.15,0.15,0.1,0.15,0.1
10529,10529,Zerbst,ST,Sachsen-anhalt,0.15,0.15,0.1,0.15,0.1
10530,10530,Zerf,RP,Rheinland-pfalz,0.15,0.15,0.1,0.15,0.1
10531,10531,Zernien,NI,Niedersachsen,0.15,0.15,0.1,0.15,0.1
10532,10532,Zerrenthin,MV,Mecklenburg-vorpommern,0.15,0.15,0.1,0.15,0.1
10533,10533,Zetel,NI,Niedersachsen,0.15,0.15,0.1,0.15,0.1
10534,10534,Zettingen,RP,Rheinland-pfalz,0.15,0.15,0.1,0.15,0.1
10535,10535,Zettlitz,SN,Sachsen,0.15,0.15,0.1,0.15,0.1
10536,10536,Zeulenroda,TH,Thüringen,0.15,0.15,0.1,0.15,0.1
10537,10537,Zeuthen,BB,Brandenburg,0.15,0.15,0.1,0.15,0.1
10538,10538,Zeven,NI,Niedersachsen,0.15,0.15,0.1,0.15,0.1
10539,10539,Zichow,BB,Brandenburg,0.15,0.15,0.1,0.15,0.1
10540,10540,Zickhusen,MV,Mecklenburg-vorpommern,0.15,0.15,0.1,0.15,0.1
10541,10541,Ziegelheim,TH,Thüringen,0.15,0.15,0.1,0.15,0.1
10542,10542,Ziegelroda,ST,Sachsen-anhalt,0.15,0.15,0.1,0.15,0.1
10543,10543,Ziegendorf,MV,Mecklenburg-vorpommern,0.15,0.15,0.1,0.15,0.1
10544,10544,Ziegenhain,RP,Rheinland-pfalz,0.15,0.15,0.1,0.15,0.1
10545,10545,Ziegenrück,TH,Thüringen,0.15,0.15,0.1,0.15,0.1
10546,10546,Zielitz,ST,Sachsen-anhalt,0.15,0.15,0.1,0.15,0.1
10547,10547,Ziemetshausen,BY,Bayern,0.15,0.15,0.1,0.15,0.1
10548,10548,Zierenberg,HE,Hessen,0.15,0.15,0.1,0.15,0.1
10549,10549,Zierow,MV,Mecklenburg-vorpommern,0.15,0.15,0.1,0.15,0.1
10550,10550,Ziertheim,BY,Bayern,0.15,0.15,0.1,0.15,0.1
10551,10551,Ziesar,BB,Brandenburg,0.15,0.15,0.1,0.15,0.1
10552,10552,Ziesendorf,MV,Mecklenburg-vorpommern,0.15,0.15,0.1,0.15,0.1
10553,10553,Ziethen,SH,Schleswig-holstein,0.15,0.15,0.1,0.15,0.1
10554,10554,Zilshausen,RP,Rheinland-pfalz,0.15,0.15,0.1,0.15,0.1
10555,10555,Ziltendorf,BB,Brandenburg,0.15,0.15,0.1,0.15,0.1
10556,10556,Zimmern,TH,Thüringen,0.15,0.15,0.1,0.15,0.1
10557,10557,Zimmern ob Rottweil,BW,Baden-württemberg,0.15,0.15,0.1,0.15,0.1
10558,10558,Zimmern unter der Burg,BW,Baden-württemberg,0.15,0.15,0.1,0.15,0.1
10559,10559,Zimmernsupra,TH,Thüringen,0.15,0.15,0.1,0.15,0.1
10560,10560,Zimmerschied,RP,Rheinland-pfalz,0.15,0.15,0.1,0.15,0.1
10561,10561,Zingst,MV,Mecklenburg-vorpommern,0.15,0.15,0.1,0.15,0.1
10562,10562,Zinna,SN,Sachsen,0.15,0.15,0.1,0.15,0.1
10563,10563,Zirchow,MV,Mecklenburg-vorpommern,0.15,0.15,0.1,0.15,0.1
10564,10564,Zirndorf,BY,Bayern,0.15,0.15,0.1,0.15,0.1
10565,10565,Zittau,SN,Sachsen,0.15,0.15,0.1,0.15,0.1
10566,10566,Zolling,BY,Bayern,0.15,0.15,0.1,0.15,0.1
10567,10567,Zorbau,ST,Sachsen-anhalt,0.15,0.15,0.1,0.15,0.1
10568,10568,Zorge,NI,Niedersachsen,0.15,0.15,0.1,0.15,0.1
10569,10569,Zorneding,BY,Bayern,0.15,0.15,0.1,0.15,0.1
10570,10570,Zornheim,RP,Rheinland-pfalz,0.15,0.15,0.1,0.15,0.1
10571,10571,Zossen,BB,Brandenburg,0.15,0.15,0.1,0.15,0.1
10572,10572,Zotzenheim,RP,Rheinland-pfalz,0.15,0.15,0.1,0.15,0.1
10573,10573,Zschepplin,SN,Sachsen,0.15,0.15,0.1,0.15,0.1
10574,10574,Zscherben,ST,Sachsen-anhalt,0.15,0.15,0.1,0.15,0.1
10575,10575,Zscherndorf,ST,Sachsen-anhalt,0.15,0.15,0.1,0.15,0.1
10576,10576,Zschopau,SN,Sachsen,0.15,0.15,0.1,0.15,0.1
10577,10577,Zschorlau,SN,Sachsen,0.15,0.15,0.1,0.15,0.1
10578,10578,Zschornewitz,ST,Sachsen-anhalt,0.15,0.15,0.1,0.15,0.1
10579,10579,Zschortau,SN,Sachsen,0.15,0.15,0.1,0.15,0.1
10580,10580,Zurow,MV,Mecklenburg-vorpommern,0.15,0.15,0.1,0.15,0.1
10581,10581,Zusamaltheim,BY,Bayern,0.15,0.15,0.1,0.15,0.1
10582,10582,Zusmarshausen,BY,Bayern,0.15,0.15,0.1,0.15,0.1
10583,10583,Zuzenhausen,BW,Baden-württemberg,0.15,0.15,0.1,0.15,0.1
10584,10584,Zweibrücken,RP,Rheinland-pfalz,0.15,0.15,0.1,0.15,0.1
10585,10585,Zweifelscheid,RP,Rheinland-pfalz,0.15,0.15,0.1,0.15,0.1
10586,10586,Zweiflingen,BW,Baden-württemberg,0.15,0.15,0.1,0.15,0.1
10587,10587,Zwenkau,SN,Sachsen,0.15,0.15,0.1,0.15,0.1
10588,10588,Zwickau,SN,Sachsen,0.15,0.15,0.1,0.15,0.1
10589,10589,Zwiefalten,BW,Baden-württemberg,0.15,0.15,0.1,0.15,0.1
10590,10590,Zwiesel,BY,Bayern,0.15,0.15,0.1,0.15,0.1
10591,10591,Zwingenberg,HE,Hessen,0.15,0.15,0.1,0.15,0.1
10592,10592,Zwingenberg,BW,Baden-württemberg,0.15,0.15,0.1,0.15,0.1
10593,10593,Zwochau,SN,Sachsen,0.15,0.15,0.1,0.15,0.1
10594,10594,Zwota,SN,Sachsen,0.15,0.15,0.1,0.15,0.1
10595,10595,Zwönitz,SN,Sachsen,0.15,0.15,0.1,0.15,0.1
10596,10596,Zöblitz,SN,Sachsen,0.15,0.15,0.1,0.15,0.1
10597,10597,Zölkow,MV,Mecklenburg-vorpommern,0.15,0.15,0.1,0.15,0.1
10598,10598,Zöllnitz,TH,Thüringen,0.15,0.15,0.1,0.15,0.1
10599,10599,Zörbig,ST,Sachsen-anhalt,0.15,0.15,0.1,0.15,0.1
10600,10600,Zörnigall,ST,Sachsen-anhalt,0.15,0.15,0.1,0.15,0.1
10601,10601,Zöschen,ST,Sachsen-anhalt,0.15,0.15,0.1,0.15,0.1
10602,10602,Zöschingen,BY,Bayern,0.15,0.15,0.1,0.15,0.1
10603,10603,Züsch,RP,Rheinland-pfalz,0.15,0.15,0.1,0.15,0.1
10604,10604,Züssow,MV,Mecklenburg-vorpommern,0.15,0.15,0.1,0.15,0.1
10605,10605,Öhningen,BW,Baden-württemberg,0.15,0.15,0.1,0.15,0.1
10606,10606,Öhringen,BW,Baden-württemberg,0.15,0.15,0.1,0.15,0.1
10607,10607,Ölbronn-Dürrn,BW,Baden-württemberg,0.15,0.15,0.1,0.15,0.1
10608,10608,Öllingen,BW,Baden-württemberg,0.15,0.15,0.1,0.15,0.1
10609,10609,Ölsen,RP,Rheinland-pfalz,0.15,0.15,0.1,0.15,0.1
10610,10610,Öpfingen,BW,Baden-württemberg,0.15,0.15,0.1,0.15,0.1
10611,10611,Östringen,BW,Baden-württemberg,0.15,0.15,0.1,0.15,0.1
10612,10612,Ötigheim,BW,Baden-württemberg,0.15,0.15,0.1,0.15,0.1
10613,10613,Ötisheim,BW,Baden-württemberg,0.15,0.15,0.1,0.15,0.1
10614,10614,Ötzingen,RP,Rheinland-pfalz,0.15,0.15,0.1,0.15,0.1
10615,10615,Übach-Palenberg,NW,Nordrhein-westfalen,0.15,0.15,0.1,0.15,0.1
10616,10616,Übereisenbach,RP,Rheinland-pfalz,0.15,0.15,0.1,0.15,0.1
10617,10617,Überherrn,SL,Saarland,0.15,0.15,0.1,0.15,0.1
10618,10618,Überlingen,BW,Baden-württemberg,0.15,0.15,0.1,0.15,0.1
10619,10619,Übersee,BY,Bayern,0.15,0.15,0.1,0.15,0.1
10620,10620,Üchtelhausen,BY,Bayern,0.15,0.15,0.1,0.15,0.1
10621,10621,Ückeritz,MV,Mecklenburg-vorpommern,0.15,0.15,0.1,0.15,0.1
10622,10622,Üdersdorf,RP,Rheinland-pfalz,0.15,0.15,0.1,0.15,0.1
10623,10623,Ühlingen-Birkendorf,BW,Baden-württemberg,0.15,0.15,0.1,0.15,0.1
10624,10624,Ürzig,RP,Rheinland-pfalz,0.15,0.15,0.1,0.15,0.1
10625,10625,Üxheim,RP,Rheinland-pfalz,0.15,0.15,0.1,0.15,0.1
