FIPS_CODE,COUNTY_CODE,COUNTY,ST,STATE,FOOD_INSECURITY,SEVERE_HOUSING_COST_BURDEN,UNEMPLOYED,NO_VEHICLE_ACCESS,UNINSURED
0,0,Abbey Caves-Glenbervie,NZ-NTL,Northland,0.15,0.15,0.1,0.15,0.1
1,1,Abbotsford,NZ-OTA,Otago,0.15,0.15,0.1,0.15,0.1
2,2,Acacia Bay,NZ-WKO,Waikato,0.15,0.15,0.1,0.15,0.1
3,3,Addington East,NZ-CAN,Canterbury,0.15,0.15,0.1,0.15,0.1
4,4,Addington West,NZ-CAN,Canterbury,0.15,0.15,0.1,0.15,0.1
5,5,Ahipara,NZ-NTL,Northland,0.15,0.15,0.1,0.15,0.1
6,6,Ahuriri,NZ-HKB,Hawke's Bay,0.15,0.15,0.1,0.15,0.1
7,7,Aidanfield,NZ-CAN,Canterbury,0.15,0.15,0.1,0.15,0.1
8,8,Aka Aka,NZ-WKO,Waikato,0.15,0.15,0.1,0.15,0.1
9,9,Akaroa,NZ-CAN,Canterbury,0.15,0.15,0.1,0.15,0.1
10,10,Akaroa Harbour,NZ-CAN,Canterbury,0.15,0.15,0.1,0.15,0.1
11,11,Akatarawa,NZ-WGN,Wellington,0.15,0.15,0.1,0.15,0.1
12,12,Akina Park,NZ-HKB,Hawke's Bay,0.15,0.15,0.1,0.15,0.1
13,13,Akoranga,NZ-AUK,Auckland,0.15,0.15,0.1,0.15,0.1
14,14,Albany Central,NZ-AUK,Auckland,0.15,0.15,0.1,0.15,0.1
15,15,Albany Heights,NZ-AUK,Auckland,0.15,0.15,0.1,0.15,0.1
16,16,Albany South,NZ-AUK,Auckland,0.15,0.15,0.1,0.15,0.1
17,17,Albany West,NZ-AUK,Auckland,0.15,0.15,0.1,0.15,0.1
18,18,Albert Town,NZ-OTA,Otago,0.15,0.15,0.1,0.15,0.1
19,19,Aldinga,NZ-NSN,Nelson,0.15,0.15,0.1,0.15,0.1
20,20,Alexandra North,NZ-OTA,Otago,0.15,0.15,0.1,0.15,0.1
21,21,Alexandra South,NZ-OTA,Otago,0.15,0.15,0.1,0.15,0.1
22,22,Alfriston,NZ-AUK,Auckland,0.15,0.15,0.1,0.15,0.1
23,23,Algies Bay-Scotts Landing,NZ-AUK,Auckland,0.15,0.15,0.1,0.15,0.1
24,24,Alicetown-Melling,NZ-WGN,Wellington,0.15,0.15,0.1,0.15,0.1
25,25,Allandale,NZ-BOP,Bay of Plenty,0.15,0.15,0.1,0.15,0.1
26,26,Allenton East,NZ-CAN,Canterbury,0.15,0.15,0.1,0.15,0.1
27,27,Allenton North,NZ-CAN,Canterbury,0.15,0.15,0.1,0.15,0.1
28,28,Allenton South,NZ-CAN,Canterbury,0.15,0.15,0.1,0.15,0.1
29,29,Amberley,NZ-CAN,Canterbury,0.15,0.15,0.1,0.15,0.1
30,30,Amuri,NZ-CAN,Canterbury,0.15,0.15,0.1,0.15,0.1
31,31,Andersons Bay,NZ-OTA,Otago,0.15,0.15,0.1,0.15,0.1
32,32,Aniseed Valley,NZ-TAS,Tasman,0.15,0.15,0.1,0.15,0.1
33,33,Anselmi Ridge,NZ-AUK,Auckland,0.15,0.15,0.1,0.15,0.1
34,34,Anzac Avenue,NZ-AUK,Auckland,0.15,0.15,0.1,0.15,0.1
35,35,Aokautere,NZ-MWT,Manawatu-Wanganui,0.15,0.15,0.1,0.15,0.1
36,36,Aokautere Rural,NZ-MWT,Manawatu-Wanganui,0.15,0.15,0.1,0.15,0.1
37,37,Aongatete,NZ-BOP,Bay of Plenty,0.15,0.15,0.1,0.15,0.1
38,38,Aorangi Forest,NZ-WGN,Wellington,0.15,0.15,0.1,0.15,0.1
39,39,Aorere Central,NZ-AUK,Auckland,0.15,0.15,0.1,0.15,0.1
40,40,Aorere North,NZ-AUK,Auckland,0.15,0.15,0.1,0.15,0.1
41,41,Aorere South,NZ-AUK,Auckland,0.15,0.15,0.1,0.15,0.1
42,42,Aotea,NZ-WGN,Wellington,0.15,0.15,0.1,0.15,0.1
43,43,Appleby,NZ-TAS,Tasman,0.15,0.15,0.1,0.15,0.1
44,44,Arahiwi,NZ-WKO,Waikato,0.15,0.15,0.1,0.15,0.1
45,45,Arahura-Kumara,NZ-WTC,West Coast,0.15,0.15,0.1,0.15,0.1
46,46,Arakura,NZ-WGN,Wellington,0.15,0.15,0.1,0.15,0.1
47,47,Aranui,NZ-CAN,Canterbury,0.15,0.15,0.1,0.15,0.1
48,48,Ararimu,NZ-AUK,Auckland,0.15,0.15,0.1,0.15,0.1
49,49,Arataki North,NZ-BOP,Bay of Plenty,0.15,0.15,0.1,0.15,0.1
50,50,Arataki South,NZ-BOP,Bay of Plenty,0.15,0.15,0.1,0.15,0.1
51,51,Ardmore,NZ-AUK,Auckland,0.15,0.15,0.1,0.15,0.1
52,52,Aria,NZ-WKO,Waikato,0.15,0.15,0.1,0.15,0.1
53,53,Army Bay,NZ-AUK,Auckland,0.15,0.15,0.1,0.15,0.1
54,54,Aro Valley,NZ-WGN,Wellington,0.15,0.15,0.1,0.15,0.1
55,55,Arrowtown,NZ-OTA,Otago,0.15,0.15,0.1,0.15,0.1
56,56,Arthur Street,NZ-OTA,Otago,0.15,0.15,0.1,0.15,0.1
57,57,Arthurs Point,NZ-OTA,Otago,0.15,0.15,0.1,0.15,0.1
58,58,Arundel,NZ-CAN,Canterbury,0.15,0.15,0.1,0.15,0.1
59,59,Ascot Park,NZ-WGN,Wellington,0.15,0.15,0.1,0.15,0.1
60,60,Ashburton Central,NZ-CAN,Canterbury,0.15,0.15,0.1,0.15,0.1
61,61,Ashburton East,NZ-CAN,Canterbury,0.15,0.15,0.1,0.15,0.1
62,62,Ashburton Forks,NZ-CAN,Canterbury,0.15,0.15,0.1,0.15,0.1
63,63,Ashburton Lakes,NZ-CAN,Canterbury,0.15,0.15,0.1,0.15,0.1
64,64,Ashburton North,NZ-CAN,Canterbury,0.15,0.15,0.1,0.15,0.1
65,65,Ashburton West,NZ-CAN,Canterbury,0.15,0.15,0.1,0.15,0.1
66,66,Ashgrove,NZ-CAN,Canterbury,0.15,0.15,0.1,0.15,0.1
67,67,Ashhurst,NZ-MWT,Manawatu-Wanganui,0.15,0.15,0.1,0.15,0.1
68,68,Ashley Forest,NZ-CAN,Canterbury,0.15,0.15,0.1,0.15,0.1
69,69,Ashley Gorge,NZ-CAN,Canterbury,0.15,0.15,0.1,0.15,0.1
70,70,Ashley-Sefton,NZ-CAN,Canterbury,0.15,0.15,0.1,0.15,0.1
71,71,Atawhai,NZ-NSN,Nelson,0.15,0.15,0.1,0.15,0.1
72,72,Athenree,NZ-BOP,Bay of Plenty,0.15,0.15,0.1,0.15,0.1
73,73,Auckland Airport,NZ-AUK,Auckland,0.15,0.15,0.1,0.15,0.1
74,74,Auckland-University,NZ-AUK,Auckland,0.15,0.15,0.1,0.15,0.1
75,75,Aurora,NZ-STL,Southland,0.15,0.15,0.1,0.15,0.1
76,76,Avalon East,NZ-WGN,Wellington,0.15,0.15,0.1,0.15,0.1
77,77,Avalon West,NZ-WGN,Wellington,0.15,0.15,0.1,0.15,0.1
78,78,Avenal,NZ-STL,Southland,0.15,0.15,0.1,0.15,0.1
79,79,Aviemore,NZ-CAN,Canterbury,0.15,0.15,0.1,0.15,0.1
80,80,Avondale (Christchurch City),NZ-CAN,Canterbury,0.15,0.15,0.1,0.15,0.1
81,81,Avondale Central (Auckland),NZ-AUK,Auckland,0.15,0.15,0.1,0.15,0.1
82,82,Avondale North (Auckland),NZ-AUK,Auckland,0.15,0.15,0.1,0.15,0.1
83,83,Avondale Rosebank,NZ-AUK,Auckland,0.15,0.15,0.1,0.15,0.1
84,84,Avondale South (Auckland),NZ-AUK,Auckland,0.15,0.15,0.1,0.15,0.1
85,85,Avondale West (Auckland),NZ-AUK,Auckland,0.15,0.15,0.1,0.15,0.1
86,86,Avonhead East,NZ-CAN,Canterbury,0.15,0.15,0.1,0.15,0.1
87,87,Avonhead North,NZ-CAN,Canterbury,0.15,0.15,0.1,0.15,0.1
88,88,Avonhead South,NZ-CAN,Canterbury,0.15,0.15,0.1,0.15,0.1
89,89,Avonhead West,NZ-CAN,Canterbury,0.15,0.15,0.1,0.15,0.1
90,90,Avonside,NZ-CAN,Canterbury,0.15,0.15,0.1,0.15,0.1
91,91,Awahuri,NZ-MWT,Manawatu-Wanganui,0.15,0.15,0.1,0.15,0.1
92,92,Awapuni North,NZ-MWT,Manawatu-Wanganui,0.15,0.15,0.1,0.15,0.1
93,93,Awapuni South,NZ-MWT,Manawatu-Wanganui,0.15,0.15,0.1,0.15,0.1
94,94,Awarua Plains,NZ-STL,Southland,0.15,0.15,0.1,0.15,0.1
95,95,Awaruku,NZ-AUK,Auckland,0.15,0.15,0.1,0.15,0.1
96,96,Awatea North,NZ-CAN,Canterbury,0.15,0.15,0.1,0.15,0.1
97,97,Awatea South,NZ-CAN,Canterbury,0.15,0.15,0.1,0.15,0.1
98,98,Awatere,NZ-MBH,Marlborough,0.15,0.15,0.1,0.15,0.1
99,99,Awhitu,NZ-AUK,Auckland,0.15,0.15,0.1,0.15,0.1
100,100,Bader,NZ-WKO,Waikato,0.15,0.15,0.1,0.15,0.1
101,101,Balcairn,NZ-CAN,Canterbury,0.15,0.15,0.1,0.15,0.1
102,102,Balclutha North,NZ-OTA,Otago,0.15,0.15,0.1,0.15,0.1
103,103,Balclutha South,NZ-OTA,Otago,0.15,0.15,0.1,0.15,0.1
104,104,Balgownie,NZ-MWT,Manawatu-Wanganui,0.15,0.15,0.1,0.15,0.1
105,105,Balmoral,NZ-AUK,Auckland,0.15,0.15,0.1,0.15,0.1
106,106,Banks Peninsula South,NZ-CAN,Canterbury,0.15,0.15,0.1,0.15,0.1
107,107,Bankside,NZ-CAN,Canterbury,0.15,0.15,0.1,0.15,0.1
108,108,Barrier Islands,NZ-AUK,Auckland,0.15,0.15,0.1,0.15,0.1
109,109,Barrytown,NZ-WTC,West Coast,0.15,0.15,0.1,0.15,0.1
110,110,Bastia-Durie Hill,NZ-MWT,Manawatu-Wanganui,0.15,0.15,0.1,0.15,0.1
111,111,Bathgate Park,NZ-OTA,Otago,0.15,0.15,0.1,0.15,0.1
112,112,Baverstock,NZ-AUK,Auckland,0.15,0.15,0.1,0.15,0.1
113,113,Bay View,NZ-HKB,Hawke's Bay,0.15,0.15,0.1,0.15,0.1
114,114,Baypark-Kairua,NZ-BOP,Bay of Plenty,0.15,0.15,0.1,0.15,0.1
115,115,Bayswater,NZ-AUK,Auckland,0.15,0.15,0.1,0.15,0.1
116,116,Bayview East,NZ-AUK,Auckland,0.15,0.15,0.1,0.15,0.1
117,117,Bayview South,NZ-AUK,Auckland,0.15,0.15,0.1,0.15,0.1
118,118,Bayview West,NZ-AUK,Auckland,0.15,0.15,0.1,0.15,0.1
119,119,Beach Haven East,NZ-AUK,Auckland,0.15,0.15,0.1,0.15,0.1
120,120,Beach Haven South,NZ-AUK,Auckland,0.15,0.15,0.1,0.15,0.1
121,121,Beach Haven West,NZ-AUK,Auckland,0.15,0.15,0.1,0.15,0.1
122,122,Beckenham,NZ-CAN,Canterbury,0.15,0.15,0.1,0.15,0.1
123,123,Beerescourt,NZ-WKO,Waikato,0.15,0.15,0.1,0.15,0.1
124,124,Belfast East,NZ-CAN,Canterbury,0.15,0.15,0.1,0.15,0.1
125,125,Belfast West,NZ-CAN,Canterbury,0.15,0.15,0.1,0.15,0.1
126,126,Bell Block East,NZ-TKI,Taranaki,0.15,0.15,0.1,0.15,0.1
127,127,Bell Block West,NZ-TKI,Taranaki,0.15,0.15,0.1,0.15,0.1
128,128,Belleknowes,NZ-OTA,Otago,0.15,0.15,0.1,0.15,0.1
129,129,Bellevue,NZ-BOP,Bay of Plenty,0.15,0.15,0.1,0.15,0.1
130,130,Belmont (Auckland),NZ-AUK,Auckland,0.15,0.15,0.1,0.15,0.1
131,131,Belmont (Lower Hutt City),NZ-WGN,Wellington,0.15,0.15,0.1,0.15,0.1
132,132,Belmont Park,NZ-WGN,Wellington,0.15,0.15,0.1,0.15,0.1
133,133,Ben Cooper Park,NZ-TAS,Tasman,0.15,0.15,0.1,0.15,0.1
134,134,Ben McLeod,NZ-CAN,Canterbury,0.15,0.15,0.1,0.15,0.1
135,135,Benhar-Stirling,NZ-OTA,Otago,0.15,0.15,0.1,0.15,0.1
136,136,Berhampore,NZ-WGN,Wellington,0.15,0.15,0.1,0.15,0.1
137,137,Bethlehem Central,NZ-BOP,Bay of Plenty,0.15,0.15,0.1,0.15,0.1
138,138,Bethlehem North,NZ-BOP,Bay of Plenty,0.15,0.15,0.1,0.15,0.1
139,139,Bethlehem South,NZ-BOP,Bay of Plenty,0.15,0.15,0.1,0.15,0.1
140,140,Bexley,NZ-CAN,Canterbury,0.15,0.15,0.1,0.15,0.1
141,141,Birchville-Brown Owl,NZ-WGN,Wellington,0.15,0.15,0.1,0.15,0.1
142,142,Bird Area,NZ-WKO,Waikato,0.15,0.15,0.1,0.15,0.1
143,143,Birdwood West,NZ-AUK,Auckland,0.15,0.15,0.1,0.15,0.1
144,144,Birkdale North,NZ-AUK,Auckland,0.15,0.15,0.1,0.15,0.1
145,145,Birkdale South,NZ-AUK,Auckland,0.15,0.15,0.1,0.15,0.1
146,146,Birkenhead North,NZ-AUK,Auckland,0.15,0.15,0.1,0.15,0.1
147,147,Birkenhead South,NZ-AUK,Auckland,0.15,0.15,0.1,0.15,0.1
148,148,Birkenhead West,NZ-AUK,Auckland,0.15,0.15,0.1,0.15,0.1
149,149,Bishopdale North,NZ-CAN,Canterbury,0.15,0.15,0.1,0.15,0.1
150,150,Bishopdale South,NZ-CAN,Canterbury,0.15,0.15,0.1,0.15,0.1
151,151,Bishopdale West,NZ-CAN,Canterbury,0.15,0.15,0.1,0.15,0.1
152,152,Blagdon-Lynmouth,NZ-TKI,Taranaki,0.15,0.15,0.1,0.15,0.1
153,153,Blaketown,NZ-WTC,West Coast,0.15,0.15,0.1,0.15,0.1
154,154,Bledisloe Park,NZ-HKB,Hawke's Bay,0.15,0.15,0.1,0.15,0.1
155,155,Blenheim Central,NZ-MBH,Marlborough,0.15,0.15,0.1,0.15,0.1
156,156,Blockhouse Bay East,NZ-AUK,Auckland,0.15,0.15,0.1,0.15,0.1
157,157,Blockhouse Bay North,NZ-AUK,Auckland,0.15,0.15,0.1,0.15,0.1
158,158,Blockhouse Bay North East,NZ-AUK,Auckland,0.15,0.15,0.1,0.15,0.1
159,159,Blockhouse Bay South,NZ-AUK,Auckland,0.15,0.15,0.1,0.15,0.1
160,160,Bluff,NZ-STL,Southland,0.15,0.15,0.1,0.15,0.1
161,161,Bluff Hill,NZ-HKB,Hawke's Bay,0.15,0.15,0.1,0.15,0.1
162,162,Bombay Hills,NZ-AUK,Auckland,0.15,0.15,0.1,0.15,0.1
163,163,Botany Downs East,NZ-AUK,Auckland,0.15,0.15,0.1,0.15,0.1
164,164,Botany Downs West,NZ-AUK,Auckland,0.15,0.15,0.1,0.15,0.1
165,165,Botany East,NZ-AUK,Auckland,0.15,0.15,0.1,0.15,0.1
166,166,Botany Junction,NZ-AUK,Auckland,0.15,0.15,0.1,0.15,0.1
167,167,Botany North,NZ-AUK,Auckland,0.15,0.15,0.1,0.15,0.1
168,168,Botany South,NZ-AUK,Auckland,0.15,0.15,0.1,0.15,0.1
169,169,Boulcott,NZ-WGN,Wellington,0.15,0.15,0.1,0.15,0.1
170,170,Bream Bay,NZ-NTL,Northland,0.15,0.15,0.1,0.15,0.1
171,171,Bream Head,NZ-NTL,Northland,0.15,0.15,0.1,0.15,0.1
172,172,Brentwood (Taupo District),NZ-WKO,Waikato,0.15,0.15,0.1,0.15,0.1
173,173,Brentwood (Upper Hutt City),NZ-WGN,Wellington,0.15,0.15,0.1,0.15,0.1
174,174,Bridge Pa,NZ-HKB,Hawke's Bay,0.15,0.15,0.1,0.15,0.1
175,175,Brighton,NZ-OTA,Otago,0.15,0.15,0.1,0.15,0.1
176,176,Brightwater,NZ-TAS,Tasman,0.15,0.15,0.1,0.15,0.1
177,177,Britannia,NZ-NSN,Nelson,0.15,0.15,0.1,0.15,0.1
178,178,Broad Bay-Portobello,NZ-OTA,Otago,0.15,0.15,0.1,0.15,0.1
179,179,Broadgreen-Monaco,NZ-NSN,Nelson,0.15,0.15,0.1,0.15,0.1
180,180,Broadmeadows,NZ-WGN,Wellington,0.15,0.15,0.1,0.15,0.1
181,181,Brockville,NZ-OTA,Otago,0.15,0.15,0.1,0.15,0.1
182,182,Broken Run,NZ-CAN,Canterbury,0.15,0.15,0.1,0.15,0.1
183,183,Bromley North,NZ-CAN,Canterbury,0.15,0.15,0.1,0.15,0.1
184,184,Bromley South,NZ-CAN,Canterbury,0.15,0.15,0.1,0.15,0.1
185,185,Brookfield East,NZ-BOP,Bay of Plenty,0.15,0.15,0.1,0.15,0.1
186,186,Brookfield West,NZ-BOP,Bay of Plenty,0.15,0.15,0.1,0.15,0.1
187,187,Brookhaven-Ferrymead,NZ-CAN,Canterbury,0.15,0.15,0.1,0.15,0.1
188,188,Brooklands-Spencerville,NZ-CAN,Canterbury,0.15,0.15,0.1,0.15,0.1
189,189,Brooklyn East,NZ-WGN,Wellington,0.15,0.15,0.1,0.15,0.1
190,190,Brooklyn North,NZ-WGN,Wellington,0.15,0.15,0.1,0.15,0.1
191,191,Brooklyn South,NZ-WGN,Wellington,0.15,0.15,0.1,0.15,0.1
192,192,Brookvale,NZ-HKB,Hawke's Bay,0.15,0.15,0.1,0.15,0.1
193,193,Broomfield,NZ-CAN,Canterbury,0.15,0.15,0.1,0.15,0.1
194,194,Browns Bay Central,NZ-AUK,Auckland,0.15,0.15,0.1,0.15,0.1
195,195,Browns Bay South East,NZ-AUK,Auckland,0.15,0.15,0.1,0.15,0.1
196,196,Browns Bay South West,NZ-AUK,Auckland,0.15,0.15,0.1,0.15,0.1
197,197,Bruce,NZ-OTA,Otago,0.15,0.15,0.1,0.15,0.1
198,198,Brunswick-Papaiti,NZ-MWT,Manawatu-Wanganui,0.15,0.15,0.1,0.15,0.1
199,199,Bryndwr North,NZ-CAN,Canterbury,0.15,0.15,0.1,0.15,0.1
200,200,Bryndwr South,NZ-CAN,Canterbury,0.15,0.15,0.1,0.15,0.1
201,201,Buckland,NZ-AUK,Auckland,0.15,0.15,0.1,0.15,0.1
202,202,Bucklands Beach Central,NZ-AUK,Auckland,0.15,0.15,0.1,0.15,0.1
203,203,Bucklands Beach North,NZ-AUK,Auckland,0.15,0.15,0.1,0.15,0.1
204,204,Bucklands Beach South,NZ-AUK,Auckland,0.15,0.15,0.1,0.15,0.1
205,205,Bucklands Crossing,NZ-OTA,Otago,0.15,0.15,0.1,0.15,0.1
206,206,Buller Coalfields,NZ-WTC,West Coast,0.15,0.15,0.1,0.15,0.1
207,207,Bulls,NZ-MWT,Manawatu-Wanganui,0.15,0.15,0.1,0.15,0.1
208,208,Burbank,NZ-AUK,Auckland,0.15,0.15,0.1,0.15,0.1
209,209,Burnham Camp,NZ-CAN,Canterbury,0.15,0.15,0.1,0.15,0.1
210,210,Burnside,NZ-CAN,Canterbury,0.15,0.15,0.1,0.15,0.1
211,211,Burnside Park,NZ-CAN,Canterbury,0.15,0.15,0.1,0.15,0.1
212,212,Burswood,NZ-AUK,Auckland,0.15,0.15,0.1,0.15,0.1
213,213,Burwood,NZ-CAN,Canterbury,0.15,0.15,0.1,0.15,0.1
214,214,Bush Inn,NZ-CAN,Canterbury,0.15,0.15,0.1,0.15,0.1
215,215,Bush Road,NZ-OTA,Otago,0.15,0.15,0.1,0.15,0.1
216,216,Cairnbrae,NZ-CAN,Canterbury,0.15,0.15,0.1,0.15,0.1
217,217,Calton Hill,NZ-OTA,Otago,0.15,0.15,0.1,0.15,0.1
218,218,Camberley,NZ-HKB,Hawke's Bay,0.15,0.15,0.1,0.15,0.1
219,219,Camborne,NZ-WGN,Wellington,0.15,0.15,0.1,0.15,0.1
220,220,Cambridge Central,NZ-WKO,Waikato,0.15,0.15,0.1,0.15,0.1
221,221,Cambridge East,NZ-WKO,Waikato,0.15,0.15,0.1,0.15,0.1
222,222,Cambridge North,NZ-WKO,Waikato,0.15,0.15,0.1,0.15,0.1
223,223,Cambridge Park-River Garden,NZ-WKO,Waikato,0.15,0.15,0.1,0.15,0.1
224,224,Cambridge West,NZ-WKO,Waikato,0.15,0.15,0.1,0.15,0.1
225,225,Cameron and Soldiers Park,NZ-WGN,Wellington,0.15,0.15,0.1,0.15,0.1
226,226,Campbells Bay,NZ-AUK,Auckland,0.15,0.15,0.1,0.15,0.1
227,227,Campus North,NZ-OTA,Otago,0.15,0.15,0.1,0.15,0.1
228,228,Campus South,NZ-OTA,Otago,0.15,0.15,0.1,0.15,0.1
229,229,Campus West,NZ-OTA,Otago,0.15,0.15,0.1,0.15,0.1
230,230,Cannons Creek East,NZ-WGN,Wellington,0.15,0.15,0.1,0.15,0.1
231,231,Cannons Creek North,NZ-WGN,Wellington,0.15,0.15,0.1,0.15,0.1
232,232,Cannons Creek South,NZ-WGN,Wellington,0.15,0.15,0.1,0.15,0.1
233,233,Cape Egmont,NZ-TKI,Taranaki,0.15,0.15,0.1,0.15,0.1
234,234,Cape Hill,NZ-AUK,Auckland,0.15,0.15,0.1,0.15,0.1
235,235,Cape Rodney,NZ-AUK,Auckland,0.15,0.15,0.1,0.15,0.1
236,236,Cape Runaway,NZ-BOP,Bay of Plenty,0.15,0.15,0.1,0.15,0.1
237,237,Cardrona,NZ-OTA,Otago,0.15,0.15,0.1,0.15,0.1
238,238,Carterton North,NZ-WGN,Wellington,0.15,0.15,0.1,0.15,0.1
239,239,Carterton South,NZ-WGN,Wellington,0.15,0.15,0.1,0.15,0.1
240,240,Casebrook,NZ-CAN,Canterbury,0.15,0.15,0.1,0.15,0.1
241,241,Cashmere East,NZ-CAN,Canterbury,0.15,0.15,0.1,0.15,0.1
242,242,Cashmere West,NZ-CAN,Canterbury,0.15,0.15,0.1,0.15,0.1
243,243,Castlecliff East,NZ-MWT,Manawatu-Wanganui,0.15,0.15,0.1,0.15,0.1
244,244,Castlecliff West,NZ-MWT,Manawatu-Wanganui,0.15,0.15,0.1,0.15,0.1
245,245,Castor Bay,NZ-AUK,Auckland,0.15,0.15,0.1,0.15,0.1
246,246,Catlins,NZ-OTA,Otago,0.15,0.15,0.1,0.15,0.1
247,247,Caversham,NZ-OTA,Otago,0.15,0.15,0.1,0.15,0.1
248,248,Centennial Crescent,NZ-GIS,Gisborne,0.15,0.15,0.1,0.15,0.1
249,249,Chapel Downs,NZ-AUK,Auckland,0.15,0.15,0.1,0.15,0.1
250,250,Charing Cross,NZ-CAN,Canterbury,0.15,0.15,0.1,0.15,0.1
251,251,Charleston (Buller District),NZ-WTC,West Coast,0.15,0.15,0.1,0.15,0.1
252,252,Charleston (Christchurch City),NZ-CAN,Canterbury,0.15,0.15,0.1,0.15,0.1
253,253,Chartwell,NZ-WKO,Waikato,0.15,0.15,0.1,0.15,0.1
254,254,Chatswood,NZ-AUK,Auckland,0.15,0.15,0.1,0.15,0.1
255,255,Chedworth,NZ-WKO,Waikato,0.15,0.15,0.1,0.15,0.1
256,256,Cheltenham,NZ-AUK,Auckland,0.15,0.15,0.1,0.15,0.1
257,257,Chertsey,NZ-CAN,Canterbury,0.15,0.15,0.1,0.15,0.1
258,258,Christchurch Airport,NZ-CAN,Canterbury,0.15,0.15,0.1,0.15,0.1
259,259,Christchurch Central,NZ-CAN,Canterbury,0.15,0.15,0.1,0.15,0.1
260,260,Christchurch Central-East,NZ-CAN,Canterbury,0.15,0.15,0.1,0.15,0.1
261,261,Christchurch Central-North,NZ-CAN,Canterbury,0.15,0.15,0.1,0.15,0.1
262,262,Christchurch Central-South,NZ-CAN,Canterbury,0.15,0.15,0.1,0.15,0.1
263,263,Christchurch Central-West,NZ-CAN,Canterbury,0.15,0.15,0.1,0.15,0.1
264,264,Churton Park North,NZ-WGN,Wellington,0.15,0.15,0.1,0.15,0.1
265,265,Churton Park South,NZ-WGN,Wellington,0.15,0.15,0.1,0.15,0.1
266,266,Clarks Beach,NZ-AUK,Auckland,0.15,0.15,0.1,0.15,0.1
267,267,Clarkville,NZ-CAN,Canterbury,0.15,0.15,0.1,0.15,0.1
268,268,Claudelands,NZ-WKO,Waikato,0.15,0.15,0.1,0.15,0.1
269,269,Clearwater,NZ-CAN,Canterbury,0.15,0.15,0.1,0.15,0.1
270,270,Clendon Park East,NZ-AUK,Auckland,0.15,0.15,0.1,0.15,0.1
271,271,Clendon Park North,NZ-AUK,Auckland,0.15,0.15,0.1,0.15,0.1
272,272,Clendon Park West,NZ-AUK,Auckland,0.15,0.15,0.1,0.15,0.1
273,273,Clevedon,NZ-AUK,Auckland,0.15,0.15,0.1,0.15,0.1
274,274,Clifton,NZ-STL,Southland,0.15,0.15,0.1,0.15,0.1
275,275,Clifton Hill,NZ-CAN,Canterbury,0.15,0.15,0.1,0.15,0.1
276,276,Clinton,NZ-OTA,Otago,0.15,0.15,0.1,0.15,0.1
277,277,Clive,NZ-HKB,Hawke's Bay,0.15,0.15,0.1,0.15,0.1
278,278,Clouston Park,NZ-WGN,Wellington,0.15,0.15,0.1,0.15,0.1
279,279,Clover Park North,NZ-AUK,Auckland,0.15,0.15,0.1,0.15,0.1
280,280,Clover Park South,NZ-AUK,Auckland,0.15,0.15,0.1,0.15,0.1
281,281,Cloverlea (Auckland),NZ-AUK,Auckland,0.15,0.15,0.1,0.15,0.1
282,282,Cloverlea (Palmerston North City),NZ-MWT,Manawatu-Wanganui,0.15,0.15,0.1,0.15,0.1
283,283,Clutha Valley,NZ-OTA,Otago,0.15,0.15,0.1,0.15,0.1
284,284,Clyde,NZ-OTA,Otago,0.15,0.15,0.1,0.15,0.1
285,285,Coastlands,NZ-BOP,Bay of Plenty,0.15,0.15,0.1,0.15,0.1
286,286,Coatesville,NZ-AUK,Auckland,0.15,0.15,0.1,0.15,0.1
287,287,Cobden,NZ-WTC,West Coast,0.15,0.15,0.1,0.15,0.1
288,288,Cockle Bay,NZ-AUK,Auckland,0.15,0.15,0.1,0.15,0.1
289,289,College Estate,NZ-MWT,Manawatu-Wanganui,0.15,0.15,0.1,0.15,0.1
290,290,Colville,NZ-WKO,Waikato,0.15,0.15,0.1,0.15,0.1
291,291,Concord,NZ-OTA,Otago,0.15,0.15,0.1,0.15,0.1
292,292,Conifer Grove East,NZ-AUK,Auckland,0.15,0.15,0.1,0.15,0.1
293,293,Conifer Grove West,NZ-AUK,Auckland,0.15,0.15,0.1,0.15,0.1
294,294,Cooks Beach-Ferry Landing,NZ-WKO,Waikato,0.15,0.15,0.1,0.15,0.1
295,295,Cornmarket,NZ-MWT,Manawatu-Wanganui,0.15,0.15,0.1,0.15,0.1
296,296,Cornwall Park,NZ-HKB,Hawke's Bay,0.15,0.15,0.1,0.15,0.1
297,297,Coromandel,NZ-WKO,Waikato,0.15,0.15,0.1,0.15,0.1
298,298,Corstorphine,NZ-OTA,Otago,0.15,0.15,0.1,0.15,0.1
299,299,Courtenay,NZ-WGN,Wellington,0.15,0.15,0.1,0.15,0.1
300,300,Craigieburn,NZ-CAN,Canterbury,0.15,0.15,0.1,0.15,0.1
301,301,Crawshaw,NZ-WKO,Waikato,0.15,0.15,0.1,0.15,0.1
302,302,Crinan,NZ-STL,Southland,0.15,0.15,0.1,0.15,0.1
303,303,Crofton Downs,NZ-WGN,Wellington,0.15,0.15,0.1,0.15,0.1
304,304,Cromwell East,NZ-OTA,Otago,0.15,0.15,0.1,0.15,0.1
305,305,Cromwell West,NZ-OTA,Otago,0.15,0.15,0.1,0.15,0.1
306,306,Daelyn,NZ-NSN,Nelson,0.15,0.15,0.1,0.15,0.1
307,307,Dairy Flat North,NZ-AUK,Auckland,0.15,0.15,0.1,0.15,0.1
308,308,Dairy Flat South,NZ-AUK,Auckland,0.15,0.15,0.1,0.15,0.1
309,309,Dairy Flat West,NZ-AUK,Auckland,0.15,0.15,0.1,0.15,0.1
310,310,Dallington,NZ-CAN,Canterbury,0.15,0.15,0.1,0.15,0.1
311,311,Dannemora North,NZ-AUK,Auckland,0.15,0.15,0.1,0.15,0.1
312,312,Dannemora South,NZ-AUK,Auckland,0.15,0.15,0.1,0.15,0.1
313,313,Dannevirke East,NZ-MWT,Manawatu-Wanganui,0.15,0.15,0.1,0.15,0.1
314,314,Dannevirke West,NZ-MWT,Manawatu-Wanganui,0.15,0.15,0.1,0.15,0.1
315,315,Danseys Pass,NZ-CAN,Canterbury,0.15,0.15,0.1,0.15,0.1
316,316,Darfield,NZ-CAN,Canterbury,0.15,0.15,0.1,0.15,0.1
317,317,Dargaville,NZ-NTL,Northland,0.15,0.15,0.1,0.15,0.1
318,318,Deans Bush,NZ-CAN,Canterbury,0.15,0.15,0.1,0.15,0.1
319,319,Deanwell,NZ-WKO,Waikato,0.15,0.15,0.1,0.15,0.1
320,320,Delaney,NZ-WGN,Wellington,0.15,0.15,0.1,0.15,0.1
321,321,Devonport,NZ-AUK,Auckland,0.15,0.15,0.1,0.15,0.1
322,322,Diamond Harbour,NZ-CAN,Canterbury,0.15,0.15,0.1,0.15,0.1
323,323,Dingwall,NZ-AUK,Auckland,0.15,0.15,0.1,0.15,0.1
324,324,Dinsdale North,NZ-WKO,Waikato,0.15,0.15,0.1,0.15,0.1
325,325,Dinsdale South,NZ-WKO,Waikato,0.15,0.15,0.1,0.15,0.1
326,326,Dixon Street,NZ-WGN,Wellington,0.15,0.15,0.1,0.15,0.1
327,327,Dobson,NZ-WTC,West Coast,0.15,0.15,0.1,0.15,0.1
328,328,Dome Valley-Matakana,NZ-AUK,Auckland,0.15,0.15,0.1,0.15,0.1
329,329,Doncaster,NZ-BOP,Bay of Plenty,0.15,0.15,0.1,0.15,0.1
330,330,Donegal Park,NZ-AUK,Auckland,0.15,0.15,0.1,0.15,0.1
331,331,Donnelly Park,NZ-MWT,Manawatu-Wanganui,0.15,0.15,0.1,0.15,0.1
332,332,Donovan Park,NZ-STL,Southland,0.15,0.15,0.1,0.15,0.1
333,333,Douglas,NZ-TKI,Taranaki,0.15,0.15,0.1,0.15,0.1
334,334,Douglas Park,NZ-WGN,Wellington,0.15,0.15,0.1,0.15,0.1
335,335,Drury,NZ-AUK,Auckland,0.15,0.15,0.1,0.15,0.1
336,336,Drury Rural,NZ-AUK,Auckland,0.15,0.15,0.1,0.15,0.1
337,337,Dunedin Central,NZ-OTA,Otago,0.15,0.15,0.1,0.15,0.1
338,338,Dunstan-Galloway,NZ-OTA,Otago,0.15,0.15,0.1,0.15,0.1
339,339,Ealing-Lowcliffe,NZ-CAN,Canterbury,0.15,0.15,0.1,0.15,0.1
340,340,Earnscleugh,NZ-OTA,Otago,0.15,0.15,0.1,0.15,0.1
341,341,Easby Park,NZ-TAS,Tasman,0.15,0.15,0.1,0.15,0.1
342,342,East Cape,NZ-GIS,Gisborne,0.15,0.15,0.1,0.15,0.1
343,343,East Gore,NZ-STL,Southland,0.15,0.15,0.1,0.15,0.1
344,344,East Taieri,NZ-OTA,Otago,0.15,0.15,0.1,0.15,0.1
345,345,East Tamaki,NZ-AUK,Auckland,0.15,0.15,0.1,0.15,0.1
346,346,East Tamaki Heights,NZ-AUK,Auckland,0.15,0.15,0.1,0.15,0.1
347,347,Eastbourne,NZ-WGN,Wellington,0.15,0.15,0.1,0.15,0.1
348,348,Eastern Bays,NZ-WGN,Wellington,0.15,0.15,0.1,0.15,0.1
349,349,Eastern Bays-Banks Peninsula,NZ-CAN,Canterbury,0.15,0.15,0.1,0.15,0.1
350,350,Eastern Beach,NZ-AUK,Auckland,0.15,0.15,0.1,0.15,0.1
351,351,Ebdentown,NZ-WGN,Wellington,0.15,0.15,0.1,0.15,0.1
352,352,Eden Park,NZ-AUK,Auckland,0.15,0.15,0.1,0.15,0.1
353,353,Eden Terrace,NZ-AUK,Auckland,0.15,0.15,0.1,0.15,0.1
354,354,Eden Valley,NZ-AUK,Auckland,0.15,0.15,0.1,0.15,0.1
355,355,Edendale-Woodlands,NZ-STL,Southland,0.15,0.15,0.1,0.15,0.1
356,356,Edgecumbe,NZ-BOP,Bay of Plenty,0.15,0.15,0.1,0.15,0.1
357,357,Edgeware,NZ-CAN,Canterbury,0.15,0.15,0.1,0.15,0.1
358,358,Egmont Showgrounds,NZ-TKI,Taranaki,0.15,0.15,0.1,0.15,0.1
359,359,Eiffelton,NZ-CAN,Canterbury,0.15,0.15,0.1,0.15,0.1
360,360,Elderslea,NZ-WGN,Wellington,0.15,0.15,0.1,0.15,0.1
361,361,Elgin,NZ-GIS,Gisborne,0.15,0.15,0.1,0.15,0.1
362,362,Elizabeth Park,NZ-STL,Southland,0.15,0.15,0.1,0.15,0.1
363,363,Ellerslie Central,NZ-AUK,Auckland,0.15,0.15,0.1,0.15,0.1
364,364,Ellerslie East,NZ-AUK,Auckland,0.15,0.15,0.1,0.15,0.1
365,365,Ellerslie South,NZ-AUK,Auckland,0.15,0.15,0.1,0.15,0.1
366,366,Ellerslie West,NZ-AUK,Auckland,0.15,0.15,0.1,0.15,0.1
367,367,Elsdon-Takapuwahia,NZ-WGN,Wellington,0.15,0.15,0.1,0.15,0.1
368,368,Eltham,NZ-TKI,Taranaki,0.15,0.15,0.1,0.15,0.1
369,369,Endeavour,NZ-WGN,Wellington,0.15,0.15,0.1,0.15,0.1
370,370,Enderley North,NZ-WKO,Waikato,0.15,0.15,0.1,0.15,0.1
371,371,Enderley South,NZ-WKO,Waikato,0.15,0.15,0.1,0.15,0.1
372,372,Enner Glynn,NZ-NSN,Nelson,0.15,0.15,0.1,0.15,0.1
373,373,Ensors,NZ-CAN,Canterbury,0.15,0.15,0.1,0.15,0.1
374,374,Epsom Central-North,NZ-AUK,Auckland,0.15,0.15,0.1,0.15,0.1
375,375,Epsom Central-South,NZ-AUK,Auckland,0.15,0.15,0.1,0.15,0.1
376,376,Epsom East,NZ-AUK,Auckland,0.15,0.15,0.1,0.15,0.1
377,377,Epsom North,NZ-AUK,Auckland,0.15,0.15,0.1,0.15,0.1
378,378,Epsom South,NZ-AUK,Auckland,0.15,0.15,0.1,0.15,0.1
379,379,Epuni East,NZ-WGN,Wellington,0.15,0.15,0.1,0.15,0.1
380,380,Epuni West,NZ-WGN,Wellington,0.15,0.15,0.1,0.15,0.1
381,381,Esplanade,NZ-MWT,Manawatu-Wanganui,0.15,0.15,0.1,0.15,0.1
382,382,Eureka-Tauwhare,NZ-WKO,Waikato,0.15,0.15,0.1,0.15,0.1
383,383,Evans Bay,NZ-WGN,Wellington,0.15,0.15,0.1,0.15,0.1
384,384,Everett Park,NZ-TKI,Taranaki,0.15,0.15,0.1,0.15,0.1
385,385,Eyrewell,NZ-CAN,Canterbury,0.15,0.15,0.1,0.15,0.1
386,386,Fairfield (Dunedin City),NZ-OTA,Otago,0.15,0.15,0.1,0.15,0.1
387,387,Fairfield (Hamilton City),NZ-WKO,Waikato,0.15,0.15,0.1,0.15,0.1
388,388,Fairfield (Horowhenua District),NZ-MWT,Manawatu-Wanganui,0.15,0.15,0.1,0.15,0.1
389,389,Fairlie,NZ-CAN,Canterbury,0.15,0.15,0.1,0.15,0.1
390,390,Fairose,NZ-TAS,Tasman,0.15,0.15,0.1,0.15,0.1
391,391,Fairview,NZ-CAN,Canterbury,0.15,0.15,0.1,0.15,0.1
392,392,Fairview Downs,NZ-WKO,Waikato,0.15,0.15,0.1,0.15,0.1
393,393,Fairview Heights,NZ-AUK,Auckland,0.15,0.15,0.1,0.15,0.1
394,394,Fairy Springs,NZ-BOP,Bay of Plenty,0.15,0.15,0.1,0.15,0.1
395,395,Farm Cove,NZ-AUK,Auckland,0.15,0.15,0.1,0.15,0.1
396,396,Favona East,NZ-AUK,Auckland,0.15,0.15,0.1,0.15,0.1
397,397,Favona North,NZ-AUK,Auckland,0.15,0.15,0.1,0.15,0.1
398,398,Favona West,NZ-AUK,Auckland,0.15,0.15,0.1,0.15,0.1
399,399,Featherston,NZ-WGN,Wellington,0.15,0.15,0.1,0.15,0.1
400,400,Feilding Central,NZ-MWT,Manawatu-Wanganui,0.15,0.15,0.1,0.15,0.1
401,401,Fencourt,NZ-WKO,Waikato,0.15,0.15,0.1,0.15,0.1
402,402,Fendalton,NZ-CAN,Canterbury,0.15,0.15,0.1,0.15,0.1
403,403,Fenton Park,NZ-BOP,Bay of Plenty,0.15,0.15,0.1,0.15,0.1
404,404,Ferguson,NZ-AUK,Auckland,0.15,0.15,0.1,0.15,0.1
405,405,Ferndale,NZ-TKI,Taranaki,0.15,0.15,0.1,0.15,0.1
406,406,Fernhill,NZ-OTA,Otago,0.15,0.15,0.1,0.15,0.1
407,407,Fernside,NZ-CAN,Canterbury,0.15,0.15,0.1,0.15,0.1
408,408,Fiordland,NZ-STL,Southland,0.15,0.15,0.1,0.15,0.1
409,409,Fitzroy,NZ-WKO,Waikato,0.15,0.15,0.1,0.15,0.1
410,410,Fitzroy-Glen Avon,NZ-TKI,Taranaki,0.15,0.15,0.1,0.15,0.1
411,411,Flagstaff East,NZ-WKO,Waikato,0.15,0.15,0.1,0.15,0.1
412,412,Flagstaff North,NZ-WKO,Waikato,0.15,0.15,0.1,0.15,0.1
413,413,Flagstaff South,NZ-WKO,Waikato,0.15,0.15,0.1,0.15,0.1
414,414,Flaxmere Park,NZ-HKB,Hawke's Bay,0.15,0.15,0.1,0.15,0.1
415,415,Flaxmere South,NZ-HKB,Hawke's Bay,0.15,0.15,0.1,0.15,0.1
416,416,Flaxmere West,NZ-HKB,Hawke's Bay,0.15,0.15,0.1,0.15,0.1
417,417,Forbury,NZ-OTA,Otago,0.15,0.15,0.1,0.15,0.1
418,418,Fordlands,NZ-BOP,Bay of Plenty,0.15,0.15,0.1,0.15,0.1
419,419,Forest Lake (Hamilton City),NZ-WKO,Waikato,0.15,0.15,0.1,0.15,0.1
420,420,Forest Lakes (Kapiti Coast District),NZ-WGN,Wellington,0.15,0.15,0.1,0.15,0.1
421,421,Forrest Hill East,NZ-AUK,Auckland,0.15,0.15,0.1,0.15,0.1
422,422,Forrest Hill North,NZ-AUK,Auckland,0.15,0.15,0.1,0.15,0.1
423,423,Forrest Hill West,NZ-AUK,Auckland,0.15,0.15,0.1,0.15,0.1
424,424,Foxton Beach,NZ-MWT,Manawatu-Wanganui,0.15,0.15,0.1,0.15,0.1
425,425,Foxton North,NZ-MWT,Manawatu-Wanganui,0.15,0.15,0.1,0.15,0.1
426,426,Foxton South,NZ-MWT,Manawatu-Wanganui,0.15,0.15,0.1,0.15,0.1
427,427,Frankleigh Park,NZ-TKI,Taranaki,0.15,0.15,0.1,0.15,0.1
428,428,Frankton,NZ-OTA,Otago,0.15,0.15,0.1,0.15,0.1
429,429,Frankton Arm,NZ-OTA,Otago,0.15,0.15,0.1,0.15,0.1
430,430,Frankton Junction,NZ-WKO,Waikato,0.15,0.15,0.1,0.15,0.1
431,431,Fraser Park,NZ-CAN,Canterbury,0.15,0.15,0.1,0.15,0.1
432,432,Fraser Street,NZ-WKO,Waikato,0.15,0.15,0.1,0.15,0.1
433,433,Frasertown-Ruakituri,NZ-HKB,Hawke's Bay,0.15,0.15,0.1,0.15,0.1
434,434,Freemans Bay,NZ-AUK,Auckland,0.15,0.15,0.1,0.15,0.1
435,435,Frimley,NZ-HKB,Hawke's Bay,0.15,0.15,0.1,0.15,0.1
436,436,Fruitvale,NZ-AUK,Auckland,0.15,0.15,0.1,0.15,0.1
437,437,Galatea,NZ-BOP,Bay of Plenty,0.15,0.15,0.1,0.15,0.1
438,438,Gardens (Dunedin City),NZ-OTA,Otago,0.15,0.15,0.1,0.15,0.1
439,439,Gate Pa,NZ-BOP,Bay of Plenty,0.15,0.15,0.1,0.15,0.1
440,440,Georgetown,NZ-STL,Southland,0.15,0.15,0.1,0.15,0.1
441,441,Geraldine,NZ-CAN,Canterbury,0.15,0.15,0.1,0.15,0.1
442,442,Gisborne Central,NZ-GIS,Gisborne,0.15,0.15,0.1,0.15,0.1
443,443,Gladstone (Carterton District),NZ-WGN,Wellington,0.15,0.15,0.1,0.15,0.1
444,444,Gladstone (Invercargill City),NZ-STL,Southland,0.15,0.15,0.1,0.15,0.1
445,445,Glamorgan,NZ-AUK,Auckland,0.15,0.15,0.1,0.15,0.1
446,446,Glen Eden Central,NZ-AUK,Auckland,0.15,0.15,0.1,0.15,0.1
447,447,Glen Eden North,NZ-AUK,Auckland,0.15,0.15,0.1,0.15,0.1
448,448,Glen Eden Rosier,NZ-AUK,Auckland,0.15,0.15,0.1,0.15,0.1
449,449,Glen Eden West,NZ-AUK,Auckland,0.15,0.15,0.1,0.15,0.1
450,450,Glen Eden Woodglen,NZ-AUK,Auckland,0.15,0.15,0.1,0.15,0.1
451,451,Glen Innes East-Wai O Taiki Bay,NZ-AUK,Auckland,0.15,0.15,0.1,0.15,0.1
452,452,Glen Innes West,NZ-AUK,Auckland,0.15,0.15,0.1,0.15,0.1
453,453,Glen Warren,NZ-OTA,Otago,0.15,0.15,0.1,0.15,0.1
454,454,Glenavon,NZ-AUK,Auckland,0.15,0.15,0.1,0.15,0.1
455,455,Glenbrook,NZ-AUK,Auckland,0.15,0.15,0.1,0.15,0.1
456,456,Glendale,NZ-WGN,Wellington,0.15,0.15,0.1,0.15,0.1
457,457,Glendene North,NZ-AUK,Auckland,0.15,0.15,0.1,0.15,0.1
458,458,Glendene South,NZ-AUK,Auckland,0.15,0.15,0.1,0.15,0.1
459,459,Glendowie North,NZ-AUK,Auckland,0.15,0.15,0.1,0.15,0.1
460,460,Glendowie South,NZ-AUK,Auckland,0.15,0.15,0.1,0.15,0.1
461,461,Glenfield Central,NZ-AUK,Auckland,0.15,0.15,0.1,0.15,0.1
462,462,Glenfield East,NZ-AUK,Auckland,0.15,0.15,0.1,0.15,0.1
463,463,Glenfield North,NZ-AUK,Auckland,0.15,0.15,0.1,0.15,0.1
464,464,Glenfield South West,NZ-AUK,Auckland,0.15,0.15,0.1,0.15,0.1
465,465,Glenfield West,NZ-AUK,Auckland,0.15,0.15,0.1,0.15,0.1
466,466,Glengarry,NZ-STL,Southland,0.15,0.15,0.1,0.15,0.1
467,467,Glenholme North,NZ-BOP,Bay of Plenty,0.15,0.15,0.1,0.15,0.1
468,468,Glenholme South,NZ-BOP,Bay of Plenty,0.15,0.15,0.1,0.15,0.1
469,469,Gleniti North,NZ-CAN,Canterbury,0.15,0.15,0.1,0.15,0.1
470,470,Gleniti South,NZ-CAN,Canterbury,0.15,0.15,0.1,0.15,0.1
471,471,Glenleith,NZ-OTA,Otago,0.15,0.15,0.1,0.15,0.1
472,472,Glenorchy,NZ-OTA,Otago,0.15,0.15,0.1,0.15,0.1
473,473,Glenroy-Hororata,NZ-CAN,Canterbury,0.15,0.15,0.1,0.15,0.1
474,474,Glentunnel,NZ-CAN,Canterbury,0.15,0.15,0.1,0.15,0.1
475,475,Glenview,NZ-WKO,Waikato,0.15,0.15,0.1,0.15,0.1
476,476,Glenwood,NZ-CAN,Canterbury,0.15,0.15,0.1,0.15,0.1
477,477,Golden Bay/Mohua,NZ-TAS,Tasman,0.15,0.15,0.1,0.15,0.1
478,478,Golden Downs,NZ-TAS,Tasman,0.15,0.15,0.1,0.15,0.1
479,479,Golden Springs,NZ-WKO,Waikato,0.15,0.15,0.1,0.15,0.1
480,480,Golflands,NZ-AUK,Auckland,0.15,0.15,0.1,0.15,0.1
481,481,Gonville North,NZ-MWT,Manawatu-Wanganui,0.15,0.15,0.1,0.15,0.1
482,482,Gonville South,NZ-MWT,Manawatu-Wanganui,0.15,0.15,0.1,0.15,0.1
483,483,Gonville West,NZ-MWT,Manawatu-Wanganui,0.15,0.15,0.1,0.15,0.1
484,484,Goodfellow Park,NZ-WKO,Waikato,0.15,0.15,0.1,0.15,0.1
485,485,Goodwood Heights,NZ-AUK,Auckland,0.15,0.15,0.1,0.15,0.1
486,486,Gore Central,NZ-STL,Southland,0.15,0.15,0.1,0.15,0.1
487,487,Gore Main,NZ-STL,Southland,0.15,0.15,0.1,0.15,0.1
488,488,Gore North,NZ-STL,Southland,0.15,0.15,0.1,0.15,0.1
489,489,Gore South,NZ-STL,Southland,0.15,0.15,0.1,0.15,0.1
490,490,Gore West,NZ-STL,Southland,0.15,0.15,0.1,0.15,0.1
491,491,Governors Bay,NZ-CAN,Canterbury,0.15,0.15,0.1,0.15,0.1
492,492,Gracefield,NZ-WGN,Wellington,0.15,0.15,0.1,0.15,0.1
493,493,Grafton,NZ-AUK,Auckland,0.15,0.15,0.1,0.15,0.1
494,494,Grampians,NZ-NSN,Nelson,0.15,0.15,0.1,0.15,0.1
495,495,Granfield Reserve,NZ-NTL,Northland,0.15,0.15,0.1,0.15,0.1
496,496,Grange,NZ-AUK,Auckland,0.15,0.15,0.1,0.15,0.1
497,497,Green Bay North,NZ-AUK,Auckland,0.15,0.15,0.1,0.15,0.1
498,498,Green Bay South,NZ-AUK,Auckland,0.15,0.15,0.1,0.15,0.1
499,499,Green Island,NZ-OTA,Otago,0.15,0.15,0.1,0.15,0.1
500,500,Greenhithe East,NZ-AUK,Auckland,0.15,0.15,0.1,0.15,0.1
501,501,Greenhithe South,NZ-AUK,Auckland,0.15,0.15,0.1,0.15,0.1
502,502,Greenhithe West,NZ-AUK,Auckland,0.15,0.15,0.1,0.15,0.1
503,503,Greenlane North,NZ-AUK,Auckland,0.15,0.15,0.1,0.15,0.1
504,504,Greenlane South,NZ-AUK,Auckland,0.15,0.15,0.1,0.15,0.1
505,505,Greenmeadows Central,NZ-HKB,Hawke's Bay,0.15,0.15,0.1,0.15,0.1
506,506,Greenmeadows South,NZ-HKB,Hawke's Bay,0.15,0.15,0.1,0.15,0.1
507,507,Greenmeadows West,NZ-HKB,Hawke's Bay,0.15,0.15,0.1,0.15,0.1
508,508,Greensboro,NZ-WKO,Waikato,0.15,0.15,0.1,0.15,0.1
509,509,Greerton North,NZ-BOP,Bay of Plenty,0.15,0.15,0.1,0.15,0.1
510,510,Greerton South,NZ-BOP,Bay of Plenty,0.15,0.15,0.1,0.15,0.1
511,511,Grenada North,NZ-WGN,Wellington,0.15,0.15,0.1,0.15,0.1
512,512,Grenada Village,NZ-WGN,Wellington,0.15,0.15,0.1,0.15,0.1
513,513,Grey Lynn Central,NZ-AUK,Auckland,0.15,0.15,0.1,0.15,0.1
514,514,Grey Lynn East,NZ-AUK,Auckland,0.15,0.15,0.1,0.15,0.1
515,515,Grey Lynn North,NZ-AUK,Auckland,0.15,0.15,0.1,0.15,0.1
516,516,Grey Lynn West,NZ-AUK,Auckland,0.15,0.15,0.1,0.15,0.1
517,517,Greymouth Central,NZ-WTC,West Coast,0.15,0.15,0.1,0.15,0.1
518,518,Greymouth Rural,NZ-WTC,West Coast,0.15,0.15,0.1,0.15,0.1
519,519,Greytown,NZ-WGN,Wellington,0.15,0.15,0.1,0.15,0.1
520,520,Grove Bush,NZ-STL,Southland,0.15,0.15,0.1,0.15,0.1
521,521,Gulf Harbour North,NZ-AUK,Auckland,0.15,0.15,0.1,0.15,0.1
522,522,Gulf Harbour South,NZ-AUK,Auckland,0.15,0.15,0.1,0.15,0.1
523,523,Gulf Islands,NZ-AUK,Auckland,0.15,0.15,0.1,0.15,0.1
524,524,Haast,NZ-WTC,West Coast,0.15,0.15,0.1,0.15,0.1
525,525,Hadlow,NZ-CAN,Canterbury,0.15,0.15,0.1,0.15,0.1
526,526,Hairini,NZ-BOP,Bay of Plenty,0.15,0.15,0.1,0.15,0.1
527,527,Hakataramea,NZ-CAN,Canterbury,0.15,0.15,0.1,0.15,0.1
528,528,Half Moon Bay North East,NZ-AUK,Auckland,0.15,0.15,0.1,0.15,0.1
529,529,Half Moon Bay South East,NZ-AUK,Auckland,0.15,0.15,0.1,0.15,0.1
530,530,Half Moon Bay West,NZ-AUK,Auckland,0.15,0.15,0.1,0.15,0.1
531,531,Halfway Bush,NZ-OTA,Otago,0.15,0.15,0.1,0.15,0.1
532,532,Halkett,NZ-CAN,Canterbury,0.15,0.15,0.1,0.15,0.1
533,533,Halswell North,NZ-CAN,Canterbury,0.15,0.15,0.1,0.15,0.1
534,534,Halswell South,NZ-CAN,Canterbury,0.15,0.15,0.1,0.15,0.1
535,535,Halswell West,NZ-CAN,Canterbury,0.15,0.15,0.1,0.15,0.1
536,536,Hamilton Central,NZ-WKO,Waikato,0.15,0.15,0.1,0.15,0.1
537,537,Hamilton East,NZ-WKO,Waikato,0.15,0.15,0.1,0.15,0.1
538,538,Hamilton East Cook,NZ-WKO,Waikato,0.15,0.15,0.1,0.15,0.1
539,539,Hamilton East Village,NZ-WKO,Waikato,0.15,0.15,0.1,0.15,0.1
540,540,Hamilton Estate,NZ-AUK,Auckland,0.15,0.15,0.1,0.15,0.1
541,541,Hamilton Lake,NZ-WKO,Waikato,0.15,0.15,0.1,0.15,0.1
542,542,Hamilton Park,NZ-WKO,Waikato,0.15,0.15,0.1,0.15,0.1
543,543,Hamilton West,NZ-WKO,Waikato,0.15,0.15,0.1,0.15,0.1
544,544,Hampstead,NZ-CAN,Canterbury,0.15,0.15,0.1,0.15,0.1
545,545,Hamurana,NZ-BOP,Bay of Plenty,0.15,0.15,0.1,0.15,0.1
546,546,Hangaroa,NZ-GIS,Gisborne,0.15,0.15,0.1,0.15,0.1
547,547,Hangatiki,NZ-WKO,Waikato,0.15,0.15,0.1,0.15,0.1
548,548,Hanmer Range,NZ-CAN,Canterbury,0.15,0.15,0.1,0.15,0.1
549,549,Hanmer Springs,NZ-CAN,Canterbury,0.15,0.15,0.1,0.15,0.1
550,550,Harania North,NZ-AUK,Auckland,0.15,0.15,0.1,0.15,0.1
551,551,Harania South,NZ-AUK,Auckland,0.15,0.15,0.1,0.15,0.1
552,552,Harbourside,NZ-OTA,Otago,0.15,0.15,0.1,0.15,0.1
553,553,Harewood,NZ-CAN,Canterbury,0.15,0.15,0.1,0.15,0.1
554,554,Hargest,NZ-STL,Southland,0.15,0.15,0.1,0.15,0.1
555,555,Haruru,NZ-NTL,Northland,0.15,0.15,0.1,0.15,0.1
556,556,Hastings Central,NZ-HKB,Hawke's Bay,0.15,0.15,0.1,0.15,0.1
557,557,Hataitai North,NZ-WGN,Wellington,0.15,0.15,0.1,0.15,0.1
558,558,Hataitai South,NZ-WGN,Wellington,0.15,0.15,0.1,0.15,0.1
559,559,Hatfields Beach,NZ-AUK,Auckland,0.15,0.15,0.1,0.15,0.1
560,560,Haumoana-Te Awanga,NZ-HKB,Hawke's Bay,0.15,0.15,0.1,0.15,0.1
561,561,Hauraki,NZ-AUK,Auckland,0.15,0.15,0.1,0.15,0.1
562,562,Hauraki Plains East,NZ-WKO,Waikato,0.15,0.15,0.1,0.15,0.1
563,563,Hauraki Plains North,NZ-WKO,Waikato,0.15,0.15,0.1,0.15,0.1
564,564,Hauraki Plains South,NZ-WKO,Waikato,0.15,0.15,0.1,0.15,0.1
565,565,Hautapu,NZ-WKO,Waikato,0.15,0.15,0.1,0.15,0.1
566,566,Hautapu Rural,NZ-WKO,Waikato,0.15,0.15,0.1,0.15,0.1
567,567,Havelock Hills,NZ-HKB,Hawke's Bay,0.15,0.15,0.1,0.15,0.1
568,568,Havelock North-Central,NZ-HKB,Hawke's Bay,0.15,0.15,0.1,0.15,0.1
569,569,Hawera Central,NZ-TKI,Taranaki,0.15,0.15,0.1,0.15,0.1
570,570,Hawthornden,NZ-CAN,Canterbury,0.15,0.15,0.1,0.15,0.1
571,571,Heathcote Valley,NZ-CAN,Canterbury,0.15,0.15,0.1,0.15,0.1
572,572,Hedgehope,NZ-STL,Southland,0.15,0.15,0.1,0.15,0.1
573,573,Hei Hei,NZ-CAN,Canterbury,0.15,0.15,0.1,0.15,0.1
574,574,Helensburgh,NZ-OTA,Otago,0.15,0.15,0.1,0.15,0.1
575,575,Helensville,NZ-AUK,Auckland,0.15,0.15,0.1,0.15,0.1
576,576,Helensville Rural,NZ-AUK,Auckland,0.15,0.15,0.1,0.15,0.1
577,577,Henderson Central,NZ-AUK,Auckland,0.15,0.15,0.1,0.15,0.1
578,578,Henderson East,NZ-AUK,Auckland,0.15,0.15,0.1,0.15,0.1
579,579,Henderson Larnoch,NZ-AUK,Auckland,0.15,0.15,0.1,0.15,0.1
580,580,Henderson Lincoln East,NZ-AUK,Auckland,0.15,0.15,0.1,0.15,0.1
581,581,Henderson Lincoln South,NZ-AUK,Auckland,0.15,0.15,0.1,0.15,0.1
582,582,Henderson Lincoln West,NZ-AUK,Auckland,0.15,0.15,0.1,0.15,0.1
583,583,Henderson North,NZ-AUK,Auckland,0.15,0.15,0.1,0.15,0.1
584,584,Henderson North East,NZ-AUK,Auckland,0.15,0.15,0.1,0.15,0.1
585,585,Henderson Valley,NZ-AUK,Auckland,0.15,0.15,0.1,0.15,0.1
586,586,Henderson Valley Park,NZ-AUK,Auckland,0.15,0.15,0.1,0.15,0.1
587,587,Herangi,NZ-WKO,Waikato,0.15,0.15,0.1,0.15,0.1
588,588,Herekino-Takahue,NZ-NTL,Northland,0.15,0.15,0.1,0.15,0.1
589,589,Heretaunga,NZ-WGN,Wellington,0.15,0.15,0.1,0.15,0.1
590,590,Hereworth,NZ-HKB,Hawke's Bay,0.15,0.15,0.1,0.15,0.1
591,591,Herne Bay,NZ-AUK,Auckland,0.15,0.15,0.1,0.15,0.1
592,592,Hexton,NZ-GIS,Gisborne,0.15,0.15,0.1,0.15,0.1
593,593,Highbury East,NZ-MWT,Manawatu-Wanganui,0.15,0.15,0.1,0.15,0.1
594,594,Highfield North,NZ-CAN,Canterbury,0.15,0.15,0.1,0.15,0.1
595,595,Highfield South,NZ-CAN,Canterbury,0.15,0.15,0.1,0.15,0.1
596,596,Highland Park (Auckland),NZ-AUK,Auckland,0.15,0.15,0.1,0.15,0.1
597,597,Highlands Park (New Plymouth District),NZ-TKI,Taranaki,0.15,0.15,0.1,0.15,0.1
598,598,Hikuai,NZ-WKO,Waikato,0.15,0.15,0.1,0.15,0.1
599,599,Hikurangi,NZ-NTL,Northland,0.15,0.15,0.1,0.15,0.1
600,600,Hillcrest (Rotorua District),NZ-BOP,Bay of Plenty,0.15,0.15,0.1,0.15,0.1
601,601,Hillcrest East (Auckland),NZ-AUK,Auckland,0.15,0.15,0.1,0.15,0.1
602,602,Hillcrest East (Hamilton City),NZ-WKO,Waikato,0.15,0.15,0.1,0.15,0.1
603,603,Hillcrest North (Auckland),NZ-AUK,Auckland,0.15,0.15,0.1,0.15,0.1
604,604,Hillcrest West (Auckland),NZ-AUK,Auckland,0.15,0.15,0.1,0.15,0.1
605,605,Hillcrest West (Hamilton City),NZ-WKO,Waikato,0.15,0.15,0.1,0.15,0.1
606,606,Hillmorton,NZ-CAN,Canterbury,0.15,0.15,0.1,0.15,0.1
607,607,Hillpark North,NZ-AUK,Auckland,0.15,0.15,0.1,0.15,0.1
608,608,Hillpark South,NZ-AUK,Auckland,0.15,0.15,0.1,0.15,0.1
609,609,Hillsborough (Christchurch City),NZ-CAN,Canterbury,0.15,0.15,0.1,0.15,0.1
610,610,Hillsborough East (Auckland),NZ-AUK,Auckland,0.15,0.15,0.1,0.15,0.1
611,611,Hillsborough North (Auckland),NZ-AUK,Auckland,0.15,0.15,0.1,0.15,0.1
612,612,Hillsborough South (Auckland),NZ-AUK,Auckland,0.15,0.15,0.1,0.15,0.1
613,613,Hillsborough West (Auckland),NZ-AUK,Auckland,0.15,0.15,0.1,0.15,0.1
614,614,Hillside-Portsmouth Drive,NZ-OTA,Otago,0.15,0.15,0.1,0.15,0.1
615,615,Hilltop (Auckland),NZ-AUK,Auckland,0.15,0.15,0.1,0.15,0.1
616,616,Hilltop (Taupo District),NZ-WKO,Waikato,0.15,0.15,0.1,0.15,0.1
617,617,Hingaia,NZ-AUK,Auckland,0.15,0.15,0.1,0.15,0.1
618,618,Hinuera,NZ-WKO,Waikato,0.15,0.15,0.1,0.15,0.1
619,619,Hobson Ridge Central,NZ-AUK,Auckland,0.15,0.15,0.1,0.15,0.1
620,620,Hobson Ridge North,NZ-AUK,Auckland,0.15,0.15,0.1,0.15,0.1
621,621,Hobson Ridge South,NZ-AUK,Auckland,0.15,0.15,0.1,0.15,0.1
622,622,Hobsonville,NZ-AUK,Auckland,0.15,0.15,0.1,0.15,0.1
623,623,Hobsonville Point,NZ-AUK,Auckland,0.15,0.15,0.1,0.15,0.1
624,624,Hokianga North,NZ-NTL,Northland,0.15,0.15,0.1,0.15,0.1
625,625,Hokianga South,NZ-NTL,Northland,0.15,0.15,0.1,0.15,0.1
626,626,Hokitika,NZ-WTC,West Coast,0.15,0.15,0.1,0.15,0.1
627,627,Hokitika Rural,NZ-WTC,West Coast,0.15,0.15,0.1,0.15,0.1
628,628,Hokitika Valley-Otira,NZ-WTC,West Coast,0.15,0.15,0.1,0.15,0.1
629,629,Hokowhitu Central,NZ-MWT,Manawatu-Wanganui,0.15,0.15,0.1,0.15,0.1
630,630,Hokowhitu East,NZ-MWT,Manawatu-Wanganui,0.15,0.15,0.1,0.15,0.1
631,631,Hokowhitu South,NZ-MWT,Manawatu-Wanganui,0.15,0.15,0.1,0.15,0.1
632,632,Holdens Bay-Rotokawa,NZ-BOP,Bay of Plenty,0.15,0.15,0.1,0.15,0.1
633,633,Holmes Hill,NZ-OTA,Otago,0.15,0.15,0.1,0.15,0.1
634,634,Holmwood,NZ-CAN,Canterbury,0.15,0.15,0.1,0.15,0.1
635,635,Homai East,NZ-AUK,Auckland,0.15,0.15,0.1,0.15,0.1
636,636,Homai West,NZ-AUK,Auckland,0.15,0.15,0.1,0.15,0.1
637,637,Homebush-Te Ore Ore,NZ-WGN,Wellington,0.15,0.15,0.1,0.15,0.1
638,638,Homedale East,NZ-WGN,Wellington,0.15,0.15,0.1,0.15,0.1
639,639,Homedale West,NZ-WGN,Wellington,0.15,0.15,0.1,0.15,0.1
640,640,Honikiwi,NZ-WKO,Waikato,0.15,0.15,0.1,0.15,0.1
641,641,Hoon Hay East,NZ-CAN,Canterbury,0.15,0.15,0.1,0.15,0.1
642,642,Hoon Hay South,NZ-CAN,Canterbury,0.15,0.15,0.1,0.15,0.1
643,643,Hoon Hay West,NZ-CAN,Canterbury,0.15,0.15,0.1,0.15,0.1
644,644,Hope,NZ-TAS,Tasman,0.15,0.15,0.1,0.15,0.1
645,645,Hornby Central,NZ-CAN,Canterbury,0.15,0.15,0.1,0.15,0.1
646,646,Hornby South,NZ-CAN,Canterbury,0.15,0.15,0.1,0.15,0.1
647,647,Hornby West,NZ-CAN,Canterbury,0.15,0.15,0.1,0.15,0.1
648,648,Horotiu,NZ-WKO,Waikato,0.15,0.15,0.1,0.15,0.1
649,649,Horsham Downs,NZ-WKO,Waikato,0.15,0.15,0.1,0.15,0.1
650,650,Hospital Hill,NZ-HKB,Hawke's Bay,0.15,0.15,0.1,0.15,0.1
651,651,Houghton Bay,NZ-WGN,Wellington,0.15,0.15,0.1,0.15,0.1
652,652,Howick Central,NZ-AUK,Auckland,0.15,0.15,0.1,0.15,0.1
653,653,Howick East,NZ-AUK,Auckland,0.15,0.15,0.1,0.15,0.1
654,654,Howick West,NZ-AUK,Auckland,0.15,0.15,0.1,0.15,0.1
655,655,Huntington,NZ-WKO,Waikato,0.15,0.15,0.1,0.15,0.1
656,656,Huntington Park,NZ-AUK,Auckland,0.15,0.15,0.1,0.15,0.1
657,657,Huntly East,NZ-WKO,Waikato,0.15,0.15,0.1,0.15,0.1
658,658,Huntly Rural,NZ-WKO,Waikato,0.15,0.15,0.1,0.15,0.1
659,659,Huntly West,NZ-WKO,Waikato,0.15,0.15,0.1,0.15,0.1
660,660,Huntsbury,NZ-CAN,Canterbury,0.15,0.15,0.1,0.15,0.1
661,661,Hunua,NZ-AUK,Auckland,0.15,0.15,0.1,0.15,0.1
662,662,Hurdon,NZ-TKI,Taranaki,0.15,0.15,0.1,0.15,0.1
663,663,Hutt Central North,NZ-WGN,Wellington,0.15,0.15,0.1,0.15,0.1
664,664,Hutt Central South,NZ-WGN,Wellington,0.15,0.15,0.1,0.15,0.1
665,665,Ilam North,NZ-CAN,Canterbury,0.15,0.15,0.1,0.15,0.1
666,666,Ilam South,NZ-CAN,Canterbury,0.15,0.15,0.1,0.15,0.1
667,667,Ilam University,NZ-CAN,Canterbury,0.15,0.15,0.1,0.15,0.1
668,668,Inangahua,NZ-WTC,West Coast,0.15,0.15,0.1,0.15,0.1
669,669,Inglewood,NZ-TKI,Taranaki,0.15,0.15,0.1,0.15,0.1
670,670,Inlet Waitemata Harbour,NZ-AUK,Auckland,0.15,0.15,0.1,0.15,0.1
671,671,Inlets Far North District,NZ-NTL,Northland,0.15,0.15,0.1,0.15,0.1
672,672,Inlets Nelson City,NZ-NSN,Nelson,0.15,0.15,0.1,0.15,0.1
673,673,Invercargill Central,NZ-STL,Southland,0.15,0.15,0.1,0.15,0.1
674,674,Iona,NZ-HKB,Hawke's Bay,0.15,0.15,0.1,0.15,0.1
675,675,Irongate,NZ-HKB,Hawke's Bay,0.15,0.15,0.1,0.15,0.1
676,676,Irwell,NZ-CAN,Canterbury,0.15,0.15,0.1,0.15,0.1
677,677,Island Bay East,NZ-WGN,Wellington,0.15,0.15,0.1,0.15,0.1
678,678,Island Bay West,NZ-WGN,Wellington,0.15,0.15,0.1,0.15,0.1
679,679,Islands Tasman District,NZ-TAS,Tasman,0.15,0.15,0.1,0.15,0.1
680,680,Islington,NZ-CAN,Canterbury,0.15,0.15,0.1,0.15,0.1
681,681,Islington-Hornby Industrial,NZ-CAN,Canterbury,0.15,0.15,0.1,0.15,0.1
682,682,Jacks Point,NZ-OTA,Otago,0.15,0.15,0.1,0.15,0.1
683,683,Jellie Park,NZ-CAN,Canterbury,0.15,0.15,0.1,0.15,0.1
684,684,Johnsonville Central,NZ-WGN,Wellington,0.15,0.15,0.1,0.15,0.1
685,685,Johnsonville North,NZ-WGN,Wellington,0.15,0.15,0.1,0.15,0.1
686,686,Johnsonville South,NZ-WGN,Wellington,0.15,0.15,0.1,0.15,0.1
687,687,Johnsonville West,NZ-WGN,Wellington,0.15,0.15,0.1,0.15,0.1
688,688,Judea,NZ-BOP,Bay of Plenty,0.15,0.15,0.1,0.15,0.1
689,689,Kaeo,NZ-NTL,Northland,0.15,0.15,0.1,0.15,0.1
690,690,Kahikatea,NZ-WKO,Waikato,0.15,0.15,0.1,0.15,0.1
691,691,Kahuranaki,NZ-HKB,Hawke's Bay,0.15,0.15,0.1,0.15,0.1
692,692,Kahutara,NZ-WGN,Wellington,0.15,0.15,0.1,0.15,0.1
693,693,Kaiapoi Central,NZ-CAN,Canterbury,0.15,0.15,0.1,0.15,0.1
694,694,Kaiapoi East,NZ-CAN,Canterbury,0.15,0.15,0.1,0.15,0.1
695,695,Kaiapoi North West,NZ-CAN,Canterbury,0.15,0.15,0.1,0.15,0.1
696,696,Kaiapoi South,NZ-CAN,Canterbury,0.15,0.15,0.1,0.15,0.1
697,697,Kaiapoi West,NZ-CAN,Canterbury,0.15,0.15,0.1,0.15,0.1
698,698,Kaikohe,NZ-NTL,Northland,0.15,0.15,0.1,0.15,0.1
699,699,Kaikorai-Bradford,NZ-OTA,Otago,0.15,0.15,0.1,0.15,0.1
700,700,Kaikoura,NZ-CAN,Canterbury,0.15,0.15,0.1,0.15,0.1
701,701,Kaikoura Ranges,NZ-CAN,Canterbury,0.15,0.15,0.1,0.15,0.1
702,702,Kaimai,NZ-BOP,Bay of Plenty,0.15,0.15,0.1,0.15,0.1
703,703,Kaimanawa,NZ-WKO,Waikato,0.15,0.15,0.1,0.15,0.1
704,704,Kaingaroa-Whakarewarewa,NZ-BOP,Bay of Plenty,0.15,0.15,0.1,0.15,0.1
705,705,Kainui-Gordonton,NZ-WKO,Waikato,0.15,0.15,0.1,0.15,0.1
706,706,Kaipaki,NZ-WKO,Waikato,0.15,0.15,0.1,0.15,0.1
707,707,Kaipara Coastal,NZ-NTL,Northland,0.15,0.15,0.1,0.15,0.1
708,708,Kaipara Hills,NZ-AUK,Auckland,0.15,0.15,0.1,0.15,0.1
709,709,Kaitaia East,NZ-NTL,Northland,0.15,0.15,0.1,0.15,0.1
710,710,Kaitaia West,NZ-NTL,Northland,0.15,0.15,0.1,0.15,0.1
711,711,Kaitake,NZ-TKI,Taranaki,0.15,0.15,0.1,0.15,0.1
712,712,Kaitangata-Matau,NZ-OTA,Otago,0.15,0.15,0.1,0.15,0.1
713,713,Kaitawa,NZ-MWT,Manawatu-Wanganui,0.15,0.15,0.1,0.15,0.1
714,714,Kaitemako (Tauranga City),NZ-BOP,Bay of Plenty,0.15,0.15,0.1,0.15,0.1
715,715,Kaitemako (Western Bay of Plenty District),NZ-BOP,Bay of Plenty,0.15,0.15,0.1,0.15,0.1
716,716,Kaiteriteri-Riwaka,NZ-TAS,Tasman,0.15,0.15,0.1,0.15,0.1
717,717,Kaiti North,NZ-GIS,Gisborne,0.15,0.15,0.1,0.15,0.1
718,718,Kaiti South,NZ-GIS,Gisborne,0.15,0.15,0.1,0.15,0.1
719,719,Kaitoke-Fordell,NZ-MWT,Manawatu-Wanganui,0.15,0.15,0.1,0.15,0.1
720,720,Kaiwaka,NZ-NTL,Northland,0.15,0.15,0.1,0.15,0.1
721,721,Kamo Central,NZ-NTL,Northland,0.15,0.15,0.1,0.15,0.1
722,722,Kamo East,NZ-NTL,Northland,0.15,0.15,0.1,0.15,0.1
723,723,Kamo West,NZ-NTL,Northland,0.15,0.15,0.1,0.15,0.1
724,724,Kaponga-Mangatoki,NZ-TKI,Taranaki,0.15,0.15,0.1,0.15,0.1
725,725,Karaka Bay-Worser Bay,NZ-WGN,Wellington,0.15,0.15,0.1,0.15,0.1
726,726,Karaka Creek,NZ-AUK,Auckland,0.15,0.15,0.1,0.15,0.1
727,727,Karaka Lakes,NZ-AUK,Auckland,0.15,0.15,0.1,0.15,0.1
728,728,Karamea,NZ-WTC,West Coast,0.15,0.15,0.1,0.15,0.1
729,729,Karamu,NZ-HKB,Hawke's Bay,0.15,0.15,0.1,0.15,0.1
730,730,Karanema-St Hill,NZ-HKB,Hawke's Bay,0.15,0.15,0.1,0.15,0.1
731,731,Karangahape,NZ-AUK,Auckland,0.15,0.15,0.1,0.15,0.1
732,732,Karapiro,NZ-WKO,Waikato,0.15,0.15,0.1,0.15,0.1
733,733,Karikari Peninsula,NZ-NTL,Northland,0.15,0.15,0.1,0.15,0.1
734,734,Karori East,NZ-WGN,Wellington,0.15,0.15,0.1,0.15,0.1
735,735,Karori North,NZ-WGN,Wellington,0.15,0.15,0.1,0.15,0.1
736,736,Karori Park,NZ-WGN,Wellington,0.15,0.15,0.1,0.15,0.1
737,737,Karori South,NZ-WGN,Wellington,0.15,0.15,0.1,0.15,0.1
738,738,Karoro,NZ-WTC,West Coast,0.15,0.15,0.1,0.15,0.1
739,739,Katikati,NZ-BOP,Bay of Plenty,0.15,0.15,0.1,0.15,0.1
740,740,Kauaeranga,NZ-WKO,Waikato,0.15,0.15,0.1,0.15,0.1
741,741,Kauri,NZ-NTL,Northland,0.15,0.15,0.1,0.15,0.1
742,742,Kaurilands,NZ-AUK,Auckland,0.15,0.15,0.1,0.15,0.1
743,743,Kauwhata,NZ-MWT,Manawatu-Wanganui,0.15,0.15,0.1,0.15,0.1
744,744,Kawaha,NZ-BOP,Bay of Plenty,0.15,0.15,0.1,0.15,0.1
745,745,Kawakawa,NZ-NTL,Northland,0.15,0.15,0.1,0.15,0.1
746,746,Kawakawa Bay-Orere,NZ-AUK,Auckland,0.15,0.15,0.1,0.15,0.1
747,747,Kawaroa,NZ-TKI,Taranaki,0.15,0.15,0.1,0.15,0.1
748,748,Kawiu North,NZ-MWT,Manawatu-Wanganui,0.15,0.15,0.1,0.15,0.1
749,749,Kawiu South,NZ-MWT,Manawatu-Wanganui,0.15,0.15,0.1,0.15,0.1
750,750,Kelburn,NZ-WGN,Wellington,0.15,0.15,0.1,0.15,0.1
751,751,Kelson,NZ-WGN,Wellington,0.15,0.15,0.1,0.15,0.1
752,752,Kelston North,NZ-AUK,Auckland,0.15,0.15,0.1,0.15,0.1
753,753,Kelston South,NZ-AUK,Auckland,0.15,0.15,0.1,0.15,0.1
754,754,Kelvin Grove North,NZ-MWT,Manawatu-Wanganui,0.15,0.15,0.1,0.15,0.1
755,755,Kelvin Grove West,NZ-MWT,Manawatu-Wanganui,0.15,0.15,0.1,0.15,0.1
756,756,Kelvin Heights,NZ-OTA,Otago,0.15,0.15,0.1,0.15,0.1
757,757,Kendallvale,NZ-AUK,Auckland,0.15,0.15,0.1,0.15,0.1
758,758,Kenmure,NZ-OTA,Otago,0.15,0.15,0.1,0.15,0.1
759,759,Kennedys Bush,NZ-CAN,Canterbury,0.15,0.15,0.1,0.15,0.1
760,760,Kennington-Tisbury,NZ-STL,Southland,0.15,0.15,0.1,0.15,0.1
761,761,Kensington (Timaru District),NZ-CAN,Canterbury,0.15,0.15,0.1,0.15,0.1
762,762,Kensington (Whangarei District),NZ-NTL,Northland,0.15,0.15,0.1,0.15,0.1
763,763,Kere Kere,NZ-MWT,Manawatu-Wanganui,0.15,0.15,0.1,0.15,0.1
764,764,Kerikeri Central,NZ-NTL,Northland,0.15,0.15,0.1,0.15,0.1
765,765,Kerikeri South,NZ-NTL,Northland,0.15,0.15,0.1,0.15,0.1
766,766,Kew (Dunedin City),NZ-OTA,Otago,0.15,0.15,0.1,0.15,0.1
767,767,Kew (Invercargill City),NZ-STL,Southland,0.15,0.15,0.1,0.15,0.1
768,768,Khandallah North,NZ-WGN,Wellington,0.15,0.15,0.1,0.15,0.1
769,769,Khandallah Reserve,NZ-WGN,Wellington,0.15,0.15,0.1,0.15,0.1
770,770,Khandallah South,NZ-WGN,Wellington,0.15,0.15,0.1,0.15,0.1
771,771,Kihikihi Central,NZ-WKO,Waikato,0.15,0.15,0.1,0.15,0.1
772,772,Kilbirnie Central,NZ-WGN,Wellington,0.15,0.15,0.1,0.15,0.1
773,773,Kilbirnie East,NZ-WGN,Wellington,0.15,0.15,0.1,0.15,0.1
774,774,Kimberley,NZ-MWT,Manawatu-Wanganui,0.15,0.15,0.1,0.15,0.1
775,775,Kimbolton North,NZ-MWT,Manawatu-Wanganui,0.15,0.15,0.1,0.15,0.1
776,776,Kimbolton South,NZ-MWT,Manawatu-Wanganui,0.15,0.15,0.1,0.15,0.1
777,777,Kimbolton West,NZ-MWT,Manawatu-Wanganui,0.15,0.15,0.1,0.15,0.1
778,778,King Edward Park,NZ-TKI,Taranaki,0.15,0.15,0.1,0.15,0.1
779,779,King Park,NZ-WTC,West Coast,0.15,0.15,0.1,0.15,0.1
780,780,Kingsbury,NZ-CAN,Canterbury,0.15,0.15,0.1,0.15,0.1
781,781,Kingseat-Karaka,NZ-AUK,Auckland,0.15,0.15,0.1,0.15,0.1
782,782,Kingsland,NZ-AUK,Auckland,0.15,0.15,0.1,0.15,0.1
783,783,Kingston,NZ-OTA,Otago,0.15,0.15,0.1,0.15,0.1
784,784,Kingston-Mornington-Vogeltown,NZ-WGN,Wellington,0.15,0.15,0.1,0.15,0.1
785,785,Kingsway,NZ-AUK,Auckland,0.15,0.15,0.1,0.15,0.1
786,786,Kingswell,NZ-STL,Southland,0.15,0.15,0.1,0.15,0.1
787,787,Kinleith,NZ-WKO,Waikato,0.15,0.15,0.1,0.15,0.1
788,788,Kirikiriroa,NZ-WKO,Waikato,0.15,0.15,0.1,0.15,0.1
789,789,Kiripaka,NZ-NTL,Northland,0.15,0.15,0.1,0.15,0.1
790,790,Kirwee,NZ-CAN,Canterbury,0.15,0.15,0.1,0.15,0.1
791,791,Kiwitea,NZ-MWT,Manawatu-Wanganui,0.15,0.15,0.1,0.15,0.1
792,792,Kohimarama,NZ-AUK,Auckland,0.15,0.15,0.1,0.15,0.1
793,793,Kohukohu-Broadwood,NZ-NTL,Northland,0.15,0.15,0.1,0.15,0.1
794,794,Kokotau,NZ-WGN,Wellington,0.15,0.15,0.1,0.15,0.1
795,795,Konini,NZ-AUK,Auckland,0.15,0.15,0.1,0.15,0.1
796,796,Kopuaranga,NZ-WGN,Wellington,0.15,0.15,0.1,0.15,0.1
797,797,Kopurererua,NZ-BOP,Bay of Plenty,0.15,0.15,0.1,0.15,0.1
798,798,Korokoro,NZ-WGN,Wellington,0.15,0.15,0.1,0.15,0.1
799,799,Koutu,NZ-BOP,Bay of Plenty,0.15,0.15,0.1,0.15,0.1
800,800,Kuirau,NZ-BOP,Bay of Plenty,0.15,0.15,0.1,0.15,0.1
801,801,Kumeu Rural East,NZ-AUK,Auckland,0.15,0.15,0.1,0.15,0.1
802,802,Kumeu Rural West,NZ-AUK,Auckland,0.15,0.15,0.1,0.15,0.1
803,803,Kumeu-Huapai,NZ-AUK,Auckland,0.15,0.15,0.1,0.15,0.1
804,804,Kuripuni,NZ-WGN,Wellington,0.15,0.15,0.1,0.15,0.1
805,805,Ladbrooks,NZ-CAN,Canterbury,0.15,0.15,0.1,0.15,0.1
806,806,Laingholm,NZ-AUK,Auckland,0.15,0.15,0.1,0.15,0.1
807,807,Laird Park,NZ-MWT,Manawatu-Wanganui,0.15,0.15,0.1,0.15,0.1
808,808,Lake Brunner,NZ-WTC,West Coast,0.15,0.15,0.1,0.15,0.1
809,809,Lake Cameron,NZ-WKO,Waikato,0.15,0.15,0.1,0.15,0.1
810,810,Lake Hawea,NZ-OTA,Otago,0.15,0.15,0.1,0.15,0.1
811,811,Lake Hayes,NZ-OTA,Otago,0.15,0.15,0.1,0.15,0.1
812,812,Lake Hayes Estate,NZ-OTA,Otago,0.15,0.15,0.1,0.15,0.1
813,813,Lake Manuwai-Kapiro,NZ-NTL,Northland,0.15,0.15,0.1,0.15,0.1
814,814,Lake Ngaroto,NZ-WKO,Waikato,0.15,0.15,0.1,0.15,0.1
815,815,Lake Taupo Bays,NZ-WKO,Waikato,0.15,0.15,0.1,0.15,0.1
816,816,Lancaster Park,NZ-CAN,Canterbury,0.15,0.15,0.1,0.15,0.1
817,817,Lansdowne East,NZ-WGN,Wellington,0.15,0.15,0.1,0.15,0.1
818,818,Lansdowne West,NZ-WGN,Wellington,0.15,0.15,0.1,0.15,0.1
819,819,Leabank,NZ-AUK,Auckland,0.15,0.15,0.1,0.15,0.1
820,820,Leamington Central,NZ-WKO,Waikato,0.15,0.15,0.1,0.15,0.1
821,821,Leamington East,NZ-WKO,Waikato,0.15,0.15,0.1,0.15,0.1
822,822,Leamington South,NZ-WKO,Waikato,0.15,0.15,0.1,0.15,0.1
823,823,Leamington West,NZ-WKO,Waikato,0.15,0.15,0.1,0.15,0.1
824,824,Leeston,NZ-CAN,Canterbury,0.15,0.15,0.1,0.15,0.1
825,825,Lepperton-Brixton,NZ-TKI,Taranaki,0.15,0.15,0.1,0.15,0.1
826,826,Levels,NZ-CAN,Canterbury,0.15,0.15,0.1,0.15,0.1
827,827,Levels Valley,NZ-CAN,Canterbury,0.15,0.15,0.1,0.15,0.1
828,828,Levin Central,NZ-MWT,Manawatu-Wanganui,0.15,0.15,0.1,0.15,0.1
829,829,Lilybrook,NZ-CAN,Canterbury,0.15,0.15,0.1,0.15,0.1
830,830,Lincoln East,NZ-CAN,Canterbury,0.15,0.15,0.1,0.15,0.1
831,831,Lincoln West,NZ-CAN,Canterbury,0.15,0.15,0.1,0.15,0.1
832,832,Linden,NZ-WGN,Wellington,0.15,0.15,0.1,0.15,0.1
833,833,Lindis-Nevis Valleys,NZ-OTA,Otago,0.15,0.15,0.1,0.15,0.1
834,834,Linton Camp,NZ-MWT,Manawatu-Wanganui,0.15,0.15,0.1,0.15,0.1
835,835,Linwood East,NZ-CAN,Canterbury,0.15,0.15,0.1,0.15,0.1
836,836,Linwood North,NZ-CAN,Canterbury,0.15,0.15,0.1,0.15,0.1
837,837,Linwood West,NZ-CAN,Canterbury,0.15,0.15,0.1,0.15,0.1
838,838,Loburn,NZ-CAN,Canterbury,0.15,0.15,0.1,0.15,0.1
839,839,Lochain Park,NZ-HKB,Hawke's Bay,0.15,0.15,0.1,0.15,0.1
840,840,Long Bay,NZ-AUK,Auckland,0.15,0.15,0.1,0.15,0.1
841,841,Longlands-Pukahu,NZ-HKB,Hawke's Bay,0.15,0.15,0.1,0.15,0.1
842,842,Longwood Forest,NZ-STL,Southland,0.15,0.15,0.1,0.15,0.1
843,843,Lower Aramoho,NZ-MWT,Manawatu-Wanganui,0.15,0.15,0.1,0.15,0.1
844,844,Lower Moutere,NZ-TAS,Tasman,0.15,0.15,0.1,0.15,0.1
845,845,Lower Vogeltown,NZ-TKI,Taranaki,0.15,0.15,0.1,0.15,0.1
846,846,Lower Wairau,NZ-MBH,Marlborough,0.15,0.15,0.1,0.15,0.1
847,847,Lower Waitaki,NZ-OTA,Otago,0.15,0.15,0.1,0.15,0.1
848,848,Lucknow,NZ-HKB,Hawke's Bay,0.15,0.15,0.1,0.15,0.1
849,849,Lumsden-Balfour,NZ-STL,Southland,0.15,0.15,0.1,0.15,0.1
850,850,Lyall Bay,NZ-WGN,Wellington,0.15,0.15,0.1,0.15,0.1
851,851,Lyalldale,NZ-CAN,Canterbury,0.15,0.15,0.1,0.15,0.1
852,852,Lynfield North,NZ-AUK,Auckland,0.15,0.15,0.1,0.15,0.1
853,853,Lynfield South,NZ-AUK,Auckland,0.15,0.15,0.1,0.15,0.1
854,854,Lynmore,NZ-BOP,Bay of Plenty,0.15,0.15,0.1,0.15,0.1
855,855,Lyttelton,NZ-CAN,Canterbury,0.15,0.15,0.1,0.15,0.1
856,856,Lytton,NZ-GIS,Gisborne,0.15,0.15,0.1,0.15,0.1
857,857,Macandrew Bay-Company Bay,NZ-OTA,Otago,0.15,0.15,0.1,0.15,0.1
858,858,Mackenzie Lakes,NZ-CAN,Canterbury,0.15,0.15,0.1,0.15,0.1
859,859,Maeroa,NZ-WKO,Waikato,0.15,0.15,0.1,0.15,0.1
860,860,Maheno,NZ-OTA,Otago,0.15,0.15,0.1,0.15,0.1
861,861,Mahia,NZ-HKB,Hawke's Bay,0.15,0.15,0.1,0.15,0.1
862,862,Mahora,NZ-HKB,Hawke's Bay,0.15,0.15,0.1,0.15,0.1
863,863,Maihiihi,NZ-WKO,Waikato,0.15,0.15,0.1,0.15,0.1
864,864,Mairangi Bay North,NZ-AUK,Auckland,0.15,0.15,0.1,0.15,0.1
865,865,Mairangi Bay South,NZ-AUK,Auckland,0.15,0.15,0.1,0.15,0.1
866,866,Mairehau North,NZ-CAN,Canterbury,0.15,0.15,0.1,0.15,0.1
867,867,Mairehau South,NZ-CAN,Canterbury,0.15,0.15,0.1,0.15,0.1
868,868,Mairtown,NZ-NTL,Northland,0.15,0.15,0.1,0.15,0.1
869,869,Maitai,NZ-NSN,Nelson,0.15,0.15,0.1,0.15,0.1
870,870,Maitlands,NZ-NSN,Nelson,0.15,0.15,0.1,0.15,0.1
871,871,Makahika,NZ-MWT,Manawatu-Wanganui,0.15,0.15,0.1,0.15,0.1
872,872,Makara-Ohariu,NZ-WGN,Wellington,0.15,0.15,0.1,0.15,0.1
873,873,Makaraka-Awapuni,NZ-GIS,Gisborne,0.15,0.15,0.1,0.15,0.1
874,874,Makaretu,NZ-HKB,Hawke's Bay,0.15,0.15,0.1,0.15,0.1
875,875,Maketu,NZ-BOP,Bay of Plenty,0.15,0.15,0.1,0.15,0.1
876,876,Makikihi-Willowbridge,NZ-CAN,Canterbury,0.15,0.15,0.1,0.15,0.1
877,877,Makino,NZ-MWT,Manawatu-Wanganui,0.15,0.15,0.1,0.15,0.1
878,878,Makomako,NZ-MWT,Manawatu-Wanganui,0.15,0.15,0.1,0.15,0.1
879,879,Malvern,NZ-CAN,Canterbury,0.15,0.15,0.1,0.15,0.1
880,880,Manaia-Kapuni,NZ-TKI,Taranaki,0.15,0.15,0.1,0.15,0.1
881,881,Manawahe,NZ-BOP,Bay of Plenty,0.15,0.15,0.1,0.15,0.1
882,882,Mandeville-Ohoka,NZ-CAN,Canterbury,0.15,0.15,0.1,0.15,0.1
883,883,Mangaiti,NZ-WKO,Waikato,0.15,0.15,0.1,0.15,0.1
884,884,Mangakahia-Hukerenui,NZ-NTL,Northland,0.15,0.15,0.1,0.15,0.1
885,885,Mangakakahi Central,NZ-BOP,Bay of Plenty,0.15,0.15,0.1,0.15,0.1
886,886,Mangakakahi West,NZ-BOP,Bay of Plenty,0.15,0.15,0.1,0.15,0.1
887,887,Mangaonuku,NZ-HKB,Hawke's Bay,0.15,0.15,0.1,0.15,0.1
888,888,Mangaoraka,NZ-TKI,Taranaki,0.15,0.15,0.1,0.15,0.1
889,889,Mangapapa East,NZ-GIS,Gisborne,0.15,0.15,0.1,0.15,0.1
890,890,Mangapapa North,NZ-GIS,Gisborne,0.15,0.15,0.1,0.15,0.1
891,891,Mangapapa South,NZ-GIS,Gisborne,0.15,0.15,0.1,0.15,0.1
892,892,Mangarara,NZ-HKB,Hawke's Bay,0.15,0.15,0.1,0.15,0.1
893,893,Mangaroa,NZ-WGN,Wellington,0.15,0.15,0.1,0.15,0.1
894,894,Mangatainoka,NZ-MWT,Manawatu-Wanganui,0.15,0.15,0.1,0.15,0.1
895,895,Mangatangi,NZ-WKO,Waikato,0.15,0.15,0.1,0.15,0.1
896,896,Mangateretere,NZ-HKB,Hawke's Bay,0.15,0.15,0.1,0.15,0.1
897,897,Mangawhai,NZ-NTL,Northland,0.15,0.15,0.1,0.15,0.1
898,898,Mangawhai Heads,NZ-NTL,Northland,0.15,0.15,0.1,0.15,0.1
899,899,Mangawhai Rural,NZ-NTL,Northland,0.15,0.15,0.1,0.15,0.1
900,900,Mangawhio,NZ-TKI,Taranaki,0.15,0.15,0.1,0.15,0.1
901,901,Mangere Bridge,NZ-AUK,Auckland,0.15,0.15,0.1,0.15,0.1
902,902,Mangere Bridge Ambury,NZ-AUK,Auckland,0.15,0.15,0.1,0.15,0.1
903,903,Mangere Central,NZ-AUK,Auckland,0.15,0.15,0.1,0.15,0.1
904,904,Mangere East,NZ-AUK,Auckland,0.15,0.15,0.1,0.15,0.1
905,905,Mangere Mascot,NZ-AUK,Auckland,0.15,0.15,0.1,0.15,0.1
906,906,Mangere Mountain View,NZ-AUK,Auckland,0.15,0.15,0.1,0.15,0.1
907,907,Mangere North,NZ-AUK,Auckland,0.15,0.15,0.1,0.15,0.1
908,908,Mangere South,NZ-AUK,Auckland,0.15,0.15,0.1,0.15,0.1
909,909,Mangere South East,NZ-AUK,Auckland,0.15,0.15,0.1,0.15,0.1
910,910,Mangere West,NZ-AUK,Auckland,0.15,0.15,0.1,0.15,0.1
911,911,Mangorei,NZ-TKI,Taranaki,0.15,0.15,0.1,0.15,0.1
912,912,Maniototo,NZ-OTA,Otago,0.15,0.15,0.1,0.15,0.1
913,913,Manly East,NZ-AUK,Auckland,0.15,0.15,0.1,0.15,0.1
914,914,Manly West,NZ-AUK,Auckland,0.15,0.15,0.1,0.15,0.1
915,915,Manor Park,NZ-WGN,Wellington,0.15,0.15,0.1,0.15,0.1
916,916,Manuherikia-Ida Valleys,NZ-OTA,Otago,0.15,0.15,0.1,0.15,0.1
917,917,Manuka,NZ-WGN,Wellington,0.15,0.15,0.1,0.15,0.1
918,918,Manukau Central,NZ-AUK,Auckland,0.15,0.15,0.1,0.15,0.1
919,919,Manurewa Central,NZ-AUK,Auckland,0.15,0.15,0.1,0.15,0.1
920,920,Manurewa East,NZ-AUK,Auckland,0.15,0.15,0.1,0.15,0.1
921,921,Manurewa South,NZ-AUK,Auckland,0.15,0.15,0.1,0.15,0.1
922,922,Manutahi-Waitotora,NZ-TKI,Taranaki,0.15,0.15,0.1,0.15,0.1
923,923,Maori Hill,NZ-OTA,Otago,0.15,0.15,0.1,0.15,0.1
924,924,Maoribank,NZ-WGN,Wellington,0.15,0.15,0.1,0.15,0.1
925,925,Mapara,NZ-WKO,Waikato,0.15,0.15,0.1,0.15,0.1
926,926,Maraekakaho,NZ-HKB,Hawke's Bay,0.15,0.15,0.1,0.15,0.1
927,927,Maraenui,NZ-HKB,Hawke's Bay,0.15,0.15,0.1,0.15,0.1
928,928,Maraetai,NZ-AUK,Auckland,0.15,0.15,0.1,0.15,0.1
929,929,Maraetarata,NZ-MWT,Manawatu-Wanganui,0.15,0.15,0.1,0.15,0.1
930,930,Maramarua,NZ-WKO,Waikato,0.15,0.15,0.1,0.15,0.1
931,931,Mararoa,NZ-STL,Southland,0.15,0.15,0.1,0.15,0.1
932,932,Marchwiel East,NZ-CAN,Canterbury,0.15,0.15,0.1,0.15,0.1
933,933,Marchwiel West,NZ-CAN,Canterbury,0.15,0.15,0.1,0.15,0.1
934,934,Marewa East,NZ-HKB,Hawke's Bay,0.15,0.15,0.1,0.15,0.1
935,935,Marewa West,NZ-HKB,Hawke's Bay,0.15,0.15,0.1,0.15,0.1
936,936,Marfell,NZ-TKI,Taranaki,0.15,0.15,0.1,0.15,0.1
937,937,Marlborough Sounds East,NZ-MBH,Marlborough,0.15,0.15,0.1,0.15,0.1
938,938,Marlborough Sounds West,NZ-MBH,Marlborough,0.15,0.15,0.1,0.15,0.1
939,939,Maromaku,NZ-NTL,Northland,0.15,0.15,0.1,0.15,0.1
940,940,Marotiri,NZ-WKO,Waikato,0.15,0.15,0.1,0.15,0.1
941,941,Marsden,NZ-WTC,West Coast,0.15,0.15,0.1,0.15,0.1
942,942,Marsden Bay,NZ-NTL,Northland,0.15,0.15,0.1,0.15,0.1
943,943,Marshland,NZ-CAN,Canterbury,0.15,0.15,0.1,0.15,0.1
944,944,Martinborough,NZ-WGN,Wellington,0.15,0.15,0.1,0.15,0.1
945,945,Marton North,NZ-MWT,Manawatu-Wanganui,0.15,0.15,0.1,0.15,0.1
946,946,Marton Rural,NZ-MWT,Manawatu-Wanganui,0.15,0.15,0.1,0.15,0.1
947,947,Marton South,NZ-MWT,Manawatu-Wanganui,0.15,0.15,0.1,0.15,0.1
948,948,Marybank,NZ-NSN,Nelson,0.15,0.15,0.1,0.15,0.1
949,949,Maryhill,NZ-OTA,Otago,0.15,0.15,0.1,0.15,0.1
950,950,Massey Central,NZ-AUK,Auckland,0.15,0.15,0.1,0.15,0.1
951,951,Massey East,NZ-AUK,Auckland,0.15,0.15,0.1,0.15,0.1
952,952,Massey Road North,NZ-AUK,Auckland,0.15,0.15,0.1,0.15,0.1
953,953,Massey Road South,NZ-AUK,Auckland,0.15,0.15,0.1,0.15,0.1
954,954,Massey Road West,NZ-AUK,Auckland,0.15,0.15,0.1,0.15,0.1
955,955,Massey Royal Road West,NZ-AUK,Auckland,0.15,0.15,0.1,0.15,0.1
956,956,Massey South,NZ-AUK,Auckland,0.15,0.15,0.1,0.15,0.1
957,957,Massey West,NZ-AUK,Auckland,0.15,0.15,0.1,0.15,0.1
958,958,Masterton Central,NZ-WGN,Wellington,0.15,0.15,0.1,0.15,0.1
959,959,Matakana Island,NZ-BOP,Bay of Plenty,0.15,0.15,0.1,0.15,0.1
960,960,Matamata North,NZ-WKO,Waikato,0.15,0.15,0.1,0.15,0.1
961,961,Matamata South,NZ-WKO,Waikato,0.15,0.15,0.1,0.15,0.1
962,962,Matapihi,NZ-BOP,Bay of Plenty,0.15,0.15,0.1,0.15,0.1
963,963,Matapouri-Tutukaka,NZ-NTL,Northland,0.15,0.15,0.1,0.15,0.1
964,964,Matarau,NZ-NTL,Northland,0.15,0.15,0.1,0.15,0.1
965,965,Mataraua Forest,NZ-NTL,Northland,0.15,0.15,0.1,0.15,0.1
966,966,Matarawa,NZ-WKO,Waikato,0.15,0.15,0.1,0.15,0.1
967,967,Matata-Otakiri,NZ-BOP,Bay of Plenty,0.15,0.15,0.1,0.15,0.1
968,968,Matatoki-Puriri,NZ-WKO,Waikato,0.15,0.15,0.1,0.15,0.1
969,969,Mataura,NZ-STL,Southland,0.15,0.15,0.1,0.15,0.1
970,970,Matawaia-Taumarere,NZ-NTL,Northland,0.15,0.15,0.1,0.15,0.1
971,971,Matua North,NZ-BOP,Bay of Plenty,0.15,0.15,0.1,0.15,0.1
972,972,Matua South,NZ-BOP,Bay of Plenty,0.15,0.15,0.1,0.15,0.1
973,973,Maungakotukutuku,NZ-WGN,Wellington,0.15,0.15,0.1,0.15,0.1
974,974,Maungaraki,NZ-WGN,Wellington,0.15,0.15,0.1,0.15,0.1
975,975,Maungaru,NZ-NTL,Northland,0.15,0.15,0.1,0.15,0.1
976,976,Maungataniwha-Raupunga,NZ-HKB,Hawke's Bay,0.15,0.15,0.1,0.15,0.1
977,977,Maungatapere,NZ-NTL,Northland,0.15,0.15,0.1,0.15,0.1
978,978,Maungatapu,NZ-BOP,Bay of Plenty,0.15,0.15,0.1,0.15,0.1
979,979,Maungatautari,NZ-WKO,Waikato,0.15,0.15,0.1,0.15,0.1
980,980,Maungati,NZ-CAN,Canterbury,0.15,0.15,0.1,0.15,0.1
981,981,Maungaturoto,NZ-NTL,Northland,0.15,0.15,0.1,0.15,0.1
982,982,Maungawhau,NZ-AUK,Auckland,0.15,0.15,0.1,0.15,0.1
983,983,Maunu-Horahora,NZ-NTL,Northland,0.15,0.15,0.1,0.15,0.1
984,984,Maupuia,NZ-WGN,Wellington,0.15,0.15,0.1,0.15,0.1
985,985,Mayfair,NZ-HKB,Hawke's Bay,0.15,0.15,0.1,0.15,0.1
986,986,Mayfield,NZ-MBH,Marlborough,0.15,0.15,0.1,0.15,0.1
987,987,McJorrow Park,NZ-WGN,Wellington,0.15,0.15,0.1,0.15,0.1
988,988,McLaren Park,NZ-AUK,Auckland,0.15,0.15,0.1,0.15,0.1
989,989,McLean Park,NZ-HKB,Hawke's Bay,0.15,0.15,0.1,0.15,0.1
990,990,McLeans Island,NZ-CAN,Canterbury,0.15,0.15,0.1,0.15,0.1
991,991,Meadowbank East,NZ-AUK,Auckland,0.15,0.15,0.1,0.15,0.1
992,992,Meadowbank West,NZ-AUK,Auckland,0.15,0.15,0.1,0.15,0.1
993,993,Meeanee-Awatoto,NZ-HKB,Hawke's Bay,0.15,0.15,0.1,0.15,0.1
994,994,Mellons Bay,NZ-AUK,Auckland,0.15,0.15,0.1,0.15,0.1
995,995,Melrose,NZ-WGN,Wellington,0.15,0.15,0.1,0.15,0.1
996,996,Melville North,NZ-WKO,Waikato,0.15,0.15,0.1,0.15,0.1
997,997,Melville South,NZ-WKO,Waikato,0.15,0.15,0.1,0.15,0.1
998,998,Mercury Bay North,NZ-WKO,Waikato,0.15,0.15,0.1,0.15,0.1
999,999,Mercury Bay South,NZ-WKO,Waikato,0.15,0.15,0.1,0.15,0.1
1000,1000,Merivale,NZ-CAN,Canterbury,0.15,0.15,0.1,0.15,0.1
1001,1001,Merrilands,NZ-TKI,Taranaki,0.15,0.15,0.1,0.15,0.1
1002,1002,Methven,NZ-CAN,Canterbury,0.15,0.15,0.1,0.15,0.1
1003,1003,Middleton,NZ-CAN,Canterbury,0.15,0.15,0.1,0.15,0.1
1004,1004,Milford Central,NZ-AUK,Auckland,0.15,0.15,0.1,0.15,0.1
1005,1005,Milford West,NZ-AUK,Auckland,0.15,0.15,0.1,0.15,0.1
1006,1006,Millwater North,NZ-AUK,Auckland,0.15,0.15,0.1,0.15,0.1
1007,1007,Millwater South,NZ-AUK,Auckland,0.15,0.15,0.1,0.15,0.1
1008,1008,Milson North,NZ-MWT,Manawatu-Wanganui,0.15,0.15,0.1,0.15,0.1
1009,1009,Milson South,NZ-MWT,Manawatu-Wanganui,0.15,0.15,0.1,0.15,0.1
1010,1010,Milton,NZ-OTA,Otago,0.15,0.15,0.1,0.15,0.1
1011,1011,Milverton,NZ-MWT,Manawatu-Wanganui,0.15,0.15,0.1,0.15,0.1
1012,1012,Minden,NZ-BOP,Bay of Plenty,0.15,0.15,0.1,0.15,0.1
1013,1013,Miramar Central,NZ-WGN,Wellington,0.15,0.15,0.1,0.15,0.1
1014,1014,Miramar East,NZ-WGN,Wellington,0.15,0.15,0.1,0.15,0.1
1015,1015,Miramar North,NZ-WGN,Wellington,0.15,0.15,0.1,0.15,0.1
1016,1016,Miramar South,NZ-WGN,Wellington,0.15,0.15,0.1,0.15,0.1
1017,1017,Miranda-Pukorokoro,NZ-WKO,Waikato,0.15,0.15,0.1,0.15,0.1
1018,1018,Miranui,NZ-MWT,Manawatu-Wanganui,0.15,0.15,0.1,0.15,0.1
1019,1019,Miropiko,NZ-WKO,Waikato,0.15,0.15,0.1,0.15,0.1
1020,1020,Mission Bay,NZ-AUK,Auckland,0.15,0.15,0.1,0.15,0.1
1021,1021,Mission Heights North,NZ-AUK,Auckland,0.15,0.15,0.1,0.15,0.1
1022,1022,Mission Heights South,NZ-AUK,Auckland,0.15,0.15,0.1,0.15,0.1
1023,1023,Moananui,NZ-WKO,Waikato,0.15,0.15,0.1,0.15,0.1
1024,1024,Moera,NZ-WGN,Wellington,0.15,0.15,0.1,0.15,0.1
1025,1025,Moerewa,NZ-NTL,Northland,0.15,0.15,0.1,0.15,0.1
1026,1026,Mokai Patea,NZ-MWT,Manawatu-Wanganui,0.15,0.15,0.1,0.15,0.1
1027,1027,Mokorua Bush,NZ-BOP,Bay of Plenty,0.15,0.15,0.1,0.15,0.1
1028,1028,Momona,NZ-OTA,Otago,0.15,0.15,0.1,0.15,0.1
1029,1029,Mona Vale,NZ-CAN,Canterbury,0.15,0.15,0.1,0.15,0.1
1030,1030,Monika Reserve,NZ-BOP,Bay of Plenty,0.15,0.15,0.1,0.15,0.1
1031,1031,Morningside (Auckland),NZ-AUK,Auckland,0.15,0.15,0.1,0.15,0.1
1032,1032,Morningside (Whangarei District),NZ-NTL,Northland,0.15,0.15,0.1,0.15,0.1
1033,1033,Mornington,NZ-OTA,Otago,0.15,0.15,0.1,0.15,0.1
1034,1034,Morrinsville East,NZ-WKO,Waikato,0.15,0.15,0.1,0.15,0.1
1035,1035,Morrinsville West,NZ-WKO,Waikato,0.15,0.15,0.1,0.15,0.1
1036,1036,Morven-Glenavy-Ikawai,NZ-CAN,Canterbury,0.15,0.15,0.1,0.15,0.1
1037,1037,Mosgiel Central,NZ-OTA,Otago,0.15,0.15,0.1,0.15,0.1
1038,1038,Mosgiel East,NZ-OTA,Otago,0.15,0.15,0.1,0.15,0.1
1039,1039,Mossburn,NZ-STL,Southland,0.15,0.15,0.1,0.15,0.1
1040,1040,Motiti,NZ-BOP,Bay of Plenty,0.15,0.15,0.1,0.15,0.1
1041,1041,Motueka East,NZ-TAS,Tasman,0.15,0.15,0.1,0.15,0.1
1042,1042,Motueka North,NZ-TAS,Tasman,0.15,0.15,0.1,0.15,0.1
1043,1043,Motueka West,NZ-TAS,Tasman,0.15,0.15,0.1,0.15,0.1
1044,1044,Motukarara,NZ-CAN,Canterbury,0.15,0.15,0.1,0.15,0.1
1045,1045,Moturoa,NZ-TKI,Taranaki,0.15,0.15,0.1,0.15,0.1
1046,1046,Moulson,NZ-STL,Southland,0.15,0.15,0.1,0.15,0.1
1047,1047,Mount Albert Central,NZ-AUK,Auckland,0.15,0.15,0.1,0.15,0.1
1048,1048,Mount Albert North,NZ-AUK,Auckland,0.15,0.15,0.1,0.15,0.1
1049,1049,Mount Albert South,NZ-AUK,Auckland,0.15,0.15,0.1,0.15,0.1
1050,1050,Mount Albert West,NZ-AUK,Auckland,0.15,0.15,0.1,0.15,0.1
1051,1051,Mount Cargill,NZ-OTA,Otago,0.15,0.15,0.1,0.15,0.1
1052,1052,Mount Cook East,NZ-WGN,Wellington,0.15,0.15,0.1,0.15,0.1
1053,1053,Mount Cook West,NZ-WGN,Wellington,0.15,0.15,0.1,0.15,0.1
1054,1054,Mount Eden East,NZ-AUK,Auckland,0.15,0.15,0.1,0.15,0.1
1055,1055,Mount Eden North,NZ-AUK,Auckland,0.15,0.15,0.1,0.15,0.1
1056,1056,Mount Eden North East,NZ-AUK,Auckland,0.15,0.15,0.1,0.15,0.1
1057,1057,Mount Eden South,NZ-AUK,Auckland,0.15,0.15,0.1,0.15,0.1
1058,1058,Mount Eden West,NZ-AUK,Auckland,0.15,0.15,0.1,0.15,0.1
1059,1059,Mount Holdsworth,NZ-WGN,Wellington,0.15,0.15,0.1,0.15,0.1
1060,1060,Mount Maunganui Central,NZ-BOP,Bay of Plenty,0.15,0.15,0.1,0.15,0.1
1061,1061,Mount Maunganui North,NZ-BOP,Bay of Plenty,0.15,0.15,0.1,0.15,0.1
1062,1062,Mount Maunganui South,NZ-BOP,Bay of Plenty,0.15,0.15,0.1,0.15,0.1
1063,1063,Mount Messenger,NZ-TKI,Taranaki,0.15,0.15,0.1,0.15,0.1
1064,1064,Mount Pleasant,NZ-CAN,Canterbury,0.15,0.15,0.1,0.15,0.1
1065,1065,Mount Roskill Central North,NZ-AUK,Auckland,0.15,0.15,0.1,0.15,0.1
1066,1066,Mount Roskill Central South,NZ-AUK,Auckland,0.15,0.15,0.1,0.15,0.1
1067,1067,Mount Roskill North,NZ-AUK,Auckland,0.15,0.15,0.1,0.15,0.1
1068,1068,Mount Roskill South,NZ-AUK,Auckland,0.15,0.15,0.1,0.15,0.1
1069,1069,Mount Roskill White Swan,NZ-AUK,Auckland,0.15,0.15,0.1,0.15,0.1
1070,1070,Mount St John,NZ-AUK,Auckland,0.15,0.15,0.1,0.15,0.1
1071,1071,Mount Taylor,NZ-MWT,Manawatu-Wanganui,0.15,0.15,0.1,0.15,0.1
1072,1072,Mount Victoria,NZ-WGN,Wellington,0.15,0.15,0.1,0.15,0.1
1073,1073,Mount Wellington Central,NZ-AUK,Auckland,0.15,0.15,0.1,0.15,0.1
1074,1074,Mount Wellington East,NZ-AUK,Auckland,0.15,0.15,0.1,0.15,0.1
1075,1075,Mount Wellington Ferndale,NZ-AUK,Auckland,0.15,0.15,0.1,0.15,0.1
1076,1076,Mount Wellington North East,NZ-AUK,Auckland,0.15,0.15,0.1,0.15,0.1
1077,1077,Mount Wellington North West,NZ-AUK,Auckland,0.15,0.15,0.1,0.15,0.1
1078,1078,Mount Wellington South East,NZ-AUK,Auckland,0.15,0.15,0.1,0.15,0.1
1079,1079,Mount Wellington South West,NZ-AUK,Auckland,0.15,0.15,0.1,0.15,0.1
1080,1080,Mount Wellington West,NZ-AUK,Auckland,0.15,0.15,0.1,0.15,0.1
1081,1081,Mountview,NZ-WKO,Waikato,0.15,0.15,0.1,0.15,0.1
1082,1082,Moutere Hills,NZ-TAS,Tasman,0.15,0.15,0.1,0.15,0.1
1083,1083,Mowhanau,NZ-MWT,Manawatu-Wanganui,0.15,0.15,0.1,0.15,0.1
1084,1084,Murchison-Nelson Lakes,NZ-TAS,Tasman,0.15,0.15,0.1,0.15,0.1
1085,1085,Muriwai,NZ-AUK,Auckland,0.15,0.15,0.1,0.15,0.1
1086,1086,Muriwai Valley-Bethells Beach,NZ-AUK,Auckland,0.15,0.15,0.1,0.15,0.1
1087,1087,Murrays Bay East,NZ-AUK,Auckland,0.15,0.15,0.1,0.15,0.1
1088,1088,Murrays Bay West,NZ-AUK,Auckland,0.15,0.15,0.1,0.15,0.1
1089,1089,Murupara,NZ-BOP,Bay of Plenty,0.15,0.15,0.1,0.15,0.1
1090,1090,Musselburgh,NZ-OTA,Otago,0.15,0.15,0.1,0.15,0.1
1091,1091,Myross Bush,NZ-STL,Southland,0.15,0.15,0.1,0.15,0.1
1092,1092,Naenae Central,NZ-WGN,Wellington,0.15,0.15,0.1,0.15,0.1
1093,1093,Naenae North,NZ-WGN,Wellington,0.15,0.15,0.1,0.15,0.1
1094,1094,Naenae South,NZ-WGN,Wellington,0.15,0.15,0.1,0.15,0.1
1095,1095,Napier Central,NZ-HKB,Hawke's Bay,0.15,0.15,0.1,0.15,0.1
1096,1096,Narrow Neck,NZ-AUK,Auckland,0.15,0.15,0.1,0.15,0.1
1097,1097,National Park,NZ-MWT,Manawatu-Wanganui,0.15,0.15,0.1,0.15,0.1
1098,1098,Nawton East,NZ-WKO,Waikato,0.15,0.15,0.1,0.15,0.1
1099,1099,Nawton West,NZ-WKO,Waikato,0.15,0.15,0.1,0.15,0.1
1100,1100,Nayland,NZ-NSN,Nelson,0.15,0.15,0.1,0.15,0.1
1101,1101,Nelson Airport,NZ-NSN,Nelson,0.15,0.15,0.1,0.15,0.1
1102,1102,Nelson Central-Trafalgar,NZ-NSN,Nelson,0.15,0.15,0.1,0.15,0.1
1103,1103,Nelson Creek,NZ-WTC,West Coast,0.15,0.15,0.1,0.15,0.1
1104,1104,Nelson Park,NZ-HKB,Hawke's Bay,0.15,0.15,0.1,0.15,0.1
1105,1105,Nelson Rural,NZ-NSN,Nelson,0.15,0.15,0.1,0.15,0.1
1106,1106,Netherby,NZ-CAN,Canterbury,0.15,0.15,0.1,0.15,0.1
1107,1107,New Brighton,NZ-CAN,Canterbury,0.15,0.15,0.1,0.15,0.1
1108,1108,New Lynn Central,NZ-AUK,Auckland,0.15,0.15,0.1,0.15,0.1
1109,1109,New Lynn Central South,NZ-AUK,Auckland,0.15,0.15,0.1,0.15,0.1
1110,1110,New Lynn North,NZ-AUK,Auckland,0.15,0.15,0.1,0.15,0.1
1111,1111,New Lynn North West,NZ-AUK,Auckland,0.15,0.15,0.1,0.15,0.1
1112,1112,New Lynn Seabrook,NZ-AUK,Auckland,0.15,0.15,0.1,0.15,0.1
1113,1113,New Lynn South,NZ-AUK,Auckland,0.15,0.15,0.1,0.15,0.1
1114,1114,New Plymouth Central,NZ-TKI,Taranaki,0.15,0.15,0.1,0.15,0.1
1115,1115,New Windsor North,NZ-AUK,Auckland,0.15,0.15,0.1,0.15,0.1
1116,1116,New Windsor South,NZ-AUK,Auckland,0.15,0.15,0.1,0.15,0.1
1117,1117,Newbury,NZ-MWT,Manawatu-Wanganui,0.15,0.15,0.1,0.15,0.1
1118,1118,Newfield,NZ-STL,Southland,0.15,0.15,0.1,0.15,0.1
1119,1119,Newlands North,NZ-WGN,Wellington,0.15,0.15,0.1,0.15,0.1
1120,1120,Newlands South,NZ-WGN,Wellington,0.15,0.15,0.1,0.15,0.1
1121,1121,Newmarket,NZ-AUK,Auckland,0.15,0.15,0.1,0.15,0.1
1122,1122,Newtons Road,NZ-CAN,Canterbury,0.15,0.15,0.1,0.15,0.1
1123,1123,Newtown North,NZ-WGN,Wellington,0.15,0.15,0.1,0.15,0.1
1124,1124,Newtown South,NZ-WGN,Wellington,0.15,0.15,0.1,0.15,0.1
1125,1125,Newtown West,NZ-WGN,Wellington,0.15,0.15,0.1,0.15,0.1
1126,1126,Ngahinapouri,NZ-WKO,Waikato,0.15,0.15,0.1,0.15,0.1
1127,1127,Ngaio North,NZ-WGN,Wellington,0.15,0.15,0.1,0.15,0.1
1128,1128,Ngaio South,NZ-WGN,Wellington,0.15,0.15,0.1,0.15,0.1
1129,1129,Ngakuru,NZ-WKO,Waikato,0.15,0.15,0.1,0.15,0.1
1130,1130,Ngapara,NZ-OTA,Otago,0.15,0.15,0.1,0.15,0.1
1131,1131,Ngapuhi,NZ-NTL,Northland,0.15,0.15,0.1,0.15,0.1
1132,1132,Ngapuke,NZ-MWT,Manawatu-Wanganui,0.15,0.15,0.1,0.15,0.1
1133,1133,Ngapuna,NZ-BOP,Bay of Plenty,0.15,0.15,0.1,0.15,0.1
1134,1134,Ngaruawahia Central,NZ-WKO,Waikato,0.15,0.15,0.1,0.15,0.1
1135,1135,Ngaruawahia North,NZ-WKO,Waikato,0.15,0.15,0.1,0.15,0.1
1136,1136,Ngaruawahia South,NZ-WKO,Waikato,0.15,0.15,0.1,0.15,0.1
1137,1137,Ngatea,NZ-WKO,Waikato,0.15,0.15,0.1,0.15,0.1
1138,1138,Ngaumutawa,NZ-WGN,Wellington,0.15,0.15,0.1,0.15,0.1
1139,1139,Ngongotaha East,NZ-BOP,Bay of Plenty,0.15,0.15,0.1,0.15,0.1
1140,1140,Ngongotaha South,NZ-BOP,Bay of Plenty,0.15,0.15,0.1,0.15,0.1
1141,1141,Ngongotaha Valley,NZ-BOP,Bay of Plenty,0.15,0.15,0.1,0.15,0.1
1142,1142,Ngongotaha West,NZ-BOP,Bay of Plenty,0.15,0.15,0.1,0.15,0.1
1143,1143,Ngunguru,NZ-NTL,Northland,0.15,0.15,0.1,0.15,0.1
1144,1144,Nireaha-Eketahuna,NZ-MWT,Manawatu-Wanganui,0.15,0.15,0.1,0.15,0.1
1145,1145,Normanby,NZ-OTA,Otago,0.15,0.15,0.1,0.15,0.1
1146,1146,Normanby-Tawhiti,NZ-TKI,Taranaki,0.15,0.15,0.1,0.15,0.1
1147,1147,Normandale,NZ-WGN,Wellington,0.15,0.15,0.1,0.15,0.1
1148,1148,Norsewood,NZ-MWT,Manawatu-Wanganui,0.15,0.15,0.1,0.15,0.1
1149,1149,North Beach,NZ-CAN,Canterbury,0.15,0.15,0.1,0.15,0.1
1150,1150,North Cape,NZ-NTL,Northland,0.15,0.15,0.1,0.15,0.1
1151,1151,North East Valley Chingford,NZ-OTA,Otago,0.15,0.15,0.1,0.15,0.1
1152,1152,North East Valley Knox,NZ-OTA,Otago,0.15,0.15,0.1,0.15,0.1
1153,1153,North Harbour,NZ-AUK,Auckland,0.15,0.15,0.1,0.15,0.1
1154,1154,Northcote (Christchurch City),NZ-CAN,Canterbury,0.15,0.15,0.1,0.15,0.1
1155,1155,Northcote Central (Auckland),NZ-AUK,Auckland,0.15,0.15,0.1,0.15,0.1
1156,1156,Northcote Point (Auckland),NZ-AUK,Auckland,0.15,0.15,0.1,0.15,0.1
1157,1157,Northcote South (Auckland),NZ-AUK,Auckland,0.15,0.15,0.1,0.15,0.1
1158,1158,Northcote Tuff Crater,NZ-AUK,Auckland,0.15,0.15,0.1,0.15,0.1
1159,1159,Northcross,NZ-AUK,Auckland,0.15,0.15,0.1,0.15,0.1
1160,1160,Northland (Wellington City),NZ-WGN,Wellington,0.15,0.15,0.1,0.15,0.1
1161,1161,Northlands (Christchurch City),NZ-CAN,Canterbury,0.15,0.15,0.1,0.15,0.1
1162,1162,Northpark North,NZ-AUK,Auckland,0.15,0.15,0.1,0.15,0.1
1163,1163,Northpark South,NZ-AUK,Auckland,0.15,0.15,0.1,0.15,0.1
1164,1164,Northwood,NZ-CAN,Canterbury,0.15,0.15,0.1,0.15,0.1
1165,1165,Nukuhau-Rangatira Park,NZ-WKO,Waikato,0.15,0.15,0.1,0.15,0.1
1166,1166,Oaklands East,NZ-CAN,Canterbury,0.15,0.15,0.1,0.15,0.1
1167,1167,Oaklands West,NZ-CAN,Canterbury,0.15,0.15,0.1,0.15,0.1
1168,1168,Oaklands-St Kilda,NZ-WKO,Waikato,0.15,0.15,0.1,0.15,0.1
1169,1169,Oakleigh-Mangapai,NZ-NTL,Northland,0.15,0.15,0.1,0.15,0.1
1170,1170,Oakura,NZ-TKI,Taranaki,0.15,0.15,0.1,0.15,0.1
1171,1171,Oamaru Central,NZ-OTA,Otago,0.15,0.15,0.1,0.15,0.1
1172,1172,Oamaru Gardens,NZ-OTA,Otago,0.15,0.15,0.1,0.15,0.1
1173,1173,Oamaru North Milner Park,NZ-OTA,Otago,0.15,0.15,0.1,0.15,0.1
1174,1174,Oamaru North Orana Park,NZ-OTA,Otago,0.15,0.15,0.1,0.15,0.1
1175,1175,Ohaeawai-Waimate North,NZ-NTL,Northland,0.15,0.15,0.1,0.15,0.1
1176,1176,Ohai-Nightcaps,NZ-STL,Southland,0.15,0.15,0.1,0.15,0.1
1177,1177,Ohakea-Sanson,NZ-MWT,Manawatu-Wanganui,0.15,0.15,0.1,0.15,0.1
1178,1178,Ohakune,NZ-MWT,Manawatu-Wanganui,0.15,0.15,0.1,0.15,0.1
1179,1179,Ohakuri,NZ-WKO,Waikato,0.15,0.15,0.1,0.15,0.1
1180,1180,Ohangai,NZ-TKI,Taranaki,0.15,0.15,0.1,0.15,0.1
1181,1181,Ohau-Manakau,NZ-MWT,Manawatu-Wanganui,0.15,0.15,0.1,0.15,0.1
1182,1182,Ohauiti,NZ-BOP,Bay of Plenty,0.15,0.15,0.1,0.15,0.1
1183,1183,Ohope,NZ-BOP,Bay of Plenty,0.15,0.15,0.1,0.15,0.1
1184,1184,Okahukura Peninsula,NZ-AUK,Auckland,0.15,0.15,0.1,0.15,0.1
1185,1185,Okaiawa,NZ-TKI,Taranaki,0.15,0.15,0.1,0.15,0.1
1186,1186,Okaihau,NZ-NTL,Northland,0.15,0.15,0.1,0.15,0.1
1187,1187,Okauia,NZ-WKO,Waikato,0.15,0.15,0.1,0.15,0.1
1188,1188,Okuku,NZ-CAN,Canterbury,0.15,0.15,0.1,0.15,0.1
1189,1189,Okura Bush,NZ-AUK,Auckland,0.15,0.15,0.1,0.15,0.1
1190,1190,Omahu Strip,NZ-HKB,Hawke's Bay,0.15,0.15,0.1,0.15,0.1
1191,1191,Omahu-Pakowhai,NZ-HKB,Hawke's Bay,0.15,0.15,0.1,0.15,0.1
1192,1192,Omahuta Forest-Horeke,NZ-NTL,Northland,0.15,0.15,0.1,0.15,0.1
1193,1193,Omaio,NZ-NSN,Nelson,0.15,0.15,0.1,0.15,0.1
1194,1194,Omanu Beach,NZ-BOP,Bay of Plenty,0.15,0.15,0.1,0.15,0.1
1195,1195,Omata,NZ-TKI,Taranaki,0.15,0.15,0.1,0.15,0.1
1196,1196,Omihi,NZ-CAN,Canterbury,0.15,0.15,0.1,0.15,0.1
1197,1197,Omokoroa,NZ-BOP,Bay of Plenty,0.15,0.15,0.1,0.15,0.1
1198,1198,Omokoroa Rural,NZ-BOP,Bay of Plenty,0.15,0.15,0.1,0.15,0.1
1199,1199,One Tree Hill,NZ-AUK,Auckland,0.15,0.15,0.1,0.15,0.1
1200,1200,Onehunga Central,NZ-AUK,Auckland,0.15,0.15,0.1,0.15,0.1
1201,1201,Onehunga North,NZ-AUK,Auckland,0.15,0.15,0.1,0.15,0.1
1202,1202,Onehunga West,NZ-AUK,Auckland,0.15,0.15,0.1,0.15,0.1
1203,1203,Onehunga-Te Papapa Industrial,NZ-AUK,Auckland,0.15,0.15,0.1,0.15,0.1
1204,1204,Onekawa Central,NZ-HKB,Hawke's Bay,0.15,0.15,0.1,0.15,0.1
1205,1205,Onekawa East,NZ-HKB,Hawke's Bay,0.15,0.15,0.1,0.15,0.1
1206,1206,Onekawa South,NZ-HKB,Hawke's Bay,0.15,0.15,0.1,0.15,0.1
1207,1207,Onekawa West,NZ-HKB,Hawke's Bay,0.15,0.15,0.1,0.15,0.1
1208,1208,Onepoto,NZ-WGN,Wellington,0.15,0.15,0.1,0.15,0.1
1209,1209,Onepu Spring,NZ-BOP,Bay of Plenty,0.15,0.15,0.1,0.15,0.1
1210,1210,Onerahi,NZ-NTL,Northland,0.15,0.15,0.1,0.15,0.1
1211,1211,Onerahi Park,NZ-NTL,Northland,0.15,0.15,0.1,0.15,0.1
1212,1212,Oneroa East-Palm Beach,NZ-AUK,Auckland,0.15,0.15,0.1,0.15,0.1
1213,1213,Oneroa West,NZ-AUK,Auckland,0.15,0.15,0.1,0.15,0.1
1214,1214,Onetangi,NZ-AUK,Auckland,0.15,0.15,0.1,0.15,0.1
1215,1215,Onewhero,NZ-WKO,Waikato,0.15,0.15,0.1,0.15,0.1
1216,1216,Onslow,NZ-WGN,Wellington,0.15,0.15,0.1,0.15,0.1
1217,1217,Opaheke,NZ-AUK,Auckland,0.15,0.15,0.1,0.15,0.1
1218,1218,Opaki,NZ-WGN,Wellington,0.15,0.15,0.1,0.15,0.1
1219,1219,Opawa,NZ-CAN,Canterbury,0.15,0.15,0.1,0.15,0.1
1220,1220,Opoho,NZ-OTA,Otago,0.15,0.15,0.1,0.15,0.1
1221,1221,Oponae,NZ-BOP,Bay of Plenty,0.15,0.15,0.1,0.15,0.1
1222,1222,Opotiki,NZ-BOP,Bay of Plenty,0.15,0.15,0.1,0.15,0.1
1223,1223,Opua (Far North District),NZ-NTL,Northland,0.15,0.15,0.1,0.15,0.1
1224,1224,Opua (Mackenzie District),NZ-CAN,Canterbury,0.15,0.15,0.1,0.15,0.1
1225,1225,Opunake,NZ-TKI,Taranaki,0.15,0.15,0.1,0.15,0.1
1226,1226,Orakei East,NZ-AUK,Auckland,0.15,0.15,0.1,0.15,0.1
1227,1227,Orakei West,NZ-AUK,Auckland,0.15,0.15,0.1,0.15,0.1
1228,1228,Oranga,NZ-AUK,Auckland,0.15,0.15,0.1,0.15,0.1
1229,1229,Oratia,NZ-AUK,Auckland,0.15,0.15,0.1,0.15,0.1
1230,1230,Oreti River,NZ-STL,Southland,0.15,0.15,0.1,0.15,0.1
1231,1231,Orewa Central,NZ-AUK,Auckland,0.15,0.15,0.1,0.15,0.1
1232,1232,Orewa North,NZ-AUK,Auckland,0.15,0.15,0.1,0.15,0.1
1233,1233,Orewa South,NZ-AUK,Auckland,0.15,0.15,0.1,0.15,0.1
1234,1234,Oriental Bay,NZ-WGN,Wellington,0.15,0.15,0.1,0.15,0.1
1235,1235,Ormiston East,NZ-AUK,Auckland,0.15,0.15,0.1,0.15,0.1
1236,1236,Ormiston North,NZ-AUK,Auckland,0.15,0.15,0.1,0.15,0.1
1237,1237,Ormiston South,NZ-AUK,Auckland,0.15,0.15,0.1,0.15,0.1
1238,1238,Oroua Downs,NZ-MWT,Manawatu-Wanganui,0.15,0.15,0.1,0.15,0.1
1239,1239,Oruru-Parapara,NZ-NTL,Northland,0.15,0.15,0.1,0.15,0.1
1240,1240,Ostend,NZ-AUK,Auckland,0.15,0.15,0.1,0.15,0.1
1241,1241,Otago Peninsula,NZ-OTA,Otago,0.15,0.15,0.1,0.15,0.1
1242,1242,Otahuhu Central,NZ-AUK,Auckland,0.15,0.15,0.1,0.15,0.1
1243,1243,Otahuhu East,NZ-AUK,Auckland,0.15,0.15,0.1,0.15,0.1
1244,1244,Otahuhu Industrial,NZ-AUK,Auckland,0.15,0.15,0.1,0.15,0.1
1245,1245,Otahuhu North,NZ-AUK,Auckland,0.15,0.15,0.1,0.15,0.1
1246,1246,Otahuhu South,NZ-AUK,Auckland,0.15,0.15,0.1,0.15,0.1
1247,1247,Otahuhu South West,NZ-AUK,Auckland,0.15,0.15,0.1,0.15,0.1
1248,1248,Otaihanga,NZ-WGN,Wellington,0.15,0.15,0.1,0.15,0.1
1249,1249,Otaika-Portland,NZ-NTL,Northland,0.15,0.15,0.1,0.15,0.1
1250,1250,Otairi,NZ-MWT,Manawatu-Wanganui,0.15,0.15,0.1,0.15,0.1
1251,1251,Otakaro-Avon River Corridor,NZ-CAN,Canterbury,0.15,0.15,0.1,0.15,0.1
1252,1252,Otaki,NZ-WGN,Wellington,0.15,0.15,0.1,0.15,0.1
1253,1253,Otaki Beach,NZ-WGN,Wellington,0.15,0.15,0.1,0.15,0.1
1254,1254,Otaki Forks,NZ-WGN,Wellington,0.15,0.15,0.1,0.15,0.1
1255,1255,Otamatea (Kaipara District),NZ-NTL,Northland,0.15,0.15,0.1,0.15,0.1
1256,1256,Otamatea (Whanganui District),NZ-MWT,Manawatu-Wanganui,0.15,0.15,0.1,0.15,0.1
1257,1257,Otangarei,NZ-NTL,Northland,0.15,0.15,0.1,0.15,0.1
1258,1258,Otangiwai-Ohura,NZ-MWT,Manawatu-Wanganui,0.15,0.15,0.1,0.15,0.1
1259,1259,Otara Central,NZ-AUK,Auckland,0.15,0.15,0.1,0.15,0.1
1260,1260,Otara East,NZ-AUK,Auckland,0.15,0.15,0.1,0.15,0.1
1261,1261,Otara South,NZ-AUK,Auckland,0.15,0.15,0.1,0.15,0.1
1262,1262,Otara West,NZ-AUK,Auckland,0.15,0.15,0.1,0.15,0.1
1263,1263,Otara-Tirohanga,NZ-BOP,Bay of Plenty,0.15,0.15,0.1,0.15,0.1
1264,1264,Otatara,NZ-STL,Southland,0.15,0.15,0.1,0.15,0.1
1265,1265,Otautau,NZ-STL,Southland,0.15,0.15,0.1,0.15,0.1
1266,1266,Otawa,NZ-BOP,Bay of Plenty,0.15,0.15,0.1,0.15,0.1
1267,1267,Oteha East,NZ-AUK,Auckland,0.15,0.15,0.1,0.15,0.1
1268,1268,Oteha West,NZ-AUK,Auckland,0.15,0.15,0.1,0.15,0.1
1269,1269,Otorohanga,NZ-WKO,Waikato,0.15,0.15,0.1,0.15,0.1
1270,1270,Otumoetai North,NZ-BOP,Bay of Plenty,0.15,0.15,0.1,0.15,0.1
1271,1271,Otumoetai South,NZ-BOP,Bay of Plenty,0.15,0.15,0.1,0.15,0.1
1272,1272,Outer Kaiti,NZ-GIS,Gisborne,0.15,0.15,0.1,0.15,0.1
1273,1273,Outer Wakatipu,NZ-OTA,Otago,0.15,0.15,0.1,0.15,0.1
1274,1274,Outer Wanaka,NZ-OTA,Otago,0.15,0.15,0.1,0.15,0.1
1275,1275,Owairaka East,NZ-AUK,Auckland,0.15,0.15,0.1,0.15,0.1
1276,1276,Owairaka West,NZ-AUK,Auckland,0.15,0.15,0.1,0.15,0.1
1277,1277,Owhanga,NZ-MWT,Manawatu-Wanganui,0.15,0.15,0.1,0.15,0.1
1278,1278,Owhata East,NZ-BOP,Bay of Plenty,0.15,0.15,0.1,0.15,0.1
1279,1279,Owhata West,NZ-BOP,Bay of Plenty,0.15,0.15,0.1,0.15,0.1
1280,1280,Owhiro Bay,NZ-WGN,Wellington,0.15,0.15,0.1,0.15,0.1
1281,1281,Oxford,NZ-CAN,Canterbury,0.15,0.15,0.1,0.15,0.1
1282,1282,Oxford Estate,NZ-CAN,Canterbury,0.15,0.15,0.1,0.15,0.1
1283,1283,Pacific View,NZ-BOP,Bay of Plenty,0.15,0.15,0.1,0.15,0.1
1284,1284,Paekakariki,NZ-WGN,Wellington,0.15,0.15,0.1,0.15,0.1
1285,1285,Paekakariki Hill,NZ-WGN,Wellington,0.15,0.15,0.1,0.15,0.1
1286,1286,Paeroa,NZ-WKO,Waikato,0.15,0.15,0.1,0.15,0.1
1287,1287,Paeroa Rural,NZ-WKO,Waikato,0.15,0.15,0.1,0.15,0.1
1288,1288,Pahiatua,NZ-MWT,Manawatu-Wanganui,0.15,0.15,0.1,0.15,0.1
1289,1289,Pahoia,NZ-BOP,Bay of Plenty,0.15,0.15,0.1,0.15,0.1
1290,1290,Pahurehure,NZ-AUK,Auckland,0.15,0.15,0.1,0.15,0.1
1291,1291,Paihia,NZ-NTL,Northland,0.15,0.15,0.1,0.15,0.1
1292,1292,Pakaraka,NZ-NTL,Northland,0.15,0.15,0.1,0.15,0.1
1293,1293,Pakuranga Central,NZ-AUK,Auckland,0.15,0.15,0.1,0.15,0.1
1294,1294,Pakuranga Heights East,NZ-AUK,Auckland,0.15,0.15,0.1,0.15,0.1
1295,1295,Pakuranga Heights North West,NZ-AUK,Auckland,0.15,0.15,0.1,0.15,0.1
1296,1296,Pakuranga Heights South West,NZ-AUK,Auckland,0.15,0.15,0.1,0.15,0.1
1297,1297,Pakuranga West,NZ-AUK,Auckland,0.15,0.15,0.1,0.15,0.1
1298,1298,Palm Beach North,NZ-BOP,Bay of Plenty,0.15,0.15,0.1,0.15,0.1
1299,1299,Palm Beach South-Gravatt,NZ-BOP,Bay of Plenty,0.15,0.15,0.1,0.15,0.1
1300,1300,Palmerston,NZ-OTA,Otago,0.15,0.15,0.1,0.15,0.1
1301,1301,Palmerston North Airport,NZ-MWT,Manawatu-Wanganui,0.15,0.15,0.1,0.15,0.1
1302,1302,Palmerston North Central,NZ-MWT,Manawatu-Wanganui,0.15,0.15,0.1,0.15,0.1
1303,1303,Palmerston North Hospital,NZ-MWT,Manawatu-Wanganui,0.15,0.15,0.1,0.15,0.1
1304,1304,Panmure East,NZ-AUK,Auckland,0.15,0.15,0.1,0.15,0.1
1305,1305,Panmure Glen Innes Industrial,NZ-AUK,Auckland,0.15,0.15,0.1,0.15,0.1
1306,1306,Panmure West,NZ-AUK,Auckland,0.15,0.15,0.1,0.15,0.1
1307,1307,Papaioea North,NZ-MWT,Manawatu-Wanganui,0.15,0.15,0.1,0.15,0.1
1308,1308,Papaioea South,NZ-MWT,Manawatu-Wanganui,0.15,0.15,0.1,0.15,0.1
1309,1309,Papakowhai,NZ-WGN,Wellington,0.15,0.15,0.1,0.15,0.1
1310,1310,Papakura Central,NZ-AUK,Auckland,0.15,0.15,0.1,0.15,0.1
1311,1311,Papakura East,NZ-AUK,Auckland,0.15,0.15,0.1,0.15,0.1
1312,1312,Papakura Industrial,NZ-AUK,Auckland,0.15,0.15,0.1,0.15,0.1
1313,1313,Papakura Kelvin,NZ-AUK,Auckland,0.15,0.15,0.1,0.15,0.1
1314,1314,Papakura Massey Park,NZ-AUK,Auckland,0.15,0.15,0.1,0.15,0.1
1315,1315,Papakura North,NZ-AUK,Auckland,0.15,0.15,0.1,0.15,0.1
1316,1316,Papakura North East,NZ-AUK,Auckland,0.15,0.15,0.1,0.15,0.1
1317,1317,Papakura West,NZ-AUK,Auckland,0.15,0.15,0.1,0.15,0.1
1318,1318,Papamoa Beach North,NZ-BOP,Bay of Plenty,0.15,0.15,0.1,0.15,0.1
1319,1319,Papamoa Beach South,NZ-BOP,Bay of Plenty,0.15,0.15,0.1,0.15,0.1
1320,1320,Papanui East,NZ-CAN,Canterbury,0.15,0.15,0.1,0.15,0.1
1321,1321,Papanui North,NZ-CAN,Canterbury,0.15,0.15,0.1,0.15,0.1
1322,1322,Papanui West,NZ-CAN,Canterbury,0.15,0.15,0.1,0.15,0.1
1323,1323,Paparangi,NZ-WGN,Wellington,0.15,0.15,0.1,0.15,0.1
1324,1324,Paparua,NZ-CAN,Canterbury,0.15,0.15,0.1,0.15,0.1
1325,1325,Papatawa,NZ-MWT,Manawatu-Wanganui,0.15,0.15,0.1,0.15,0.1
1326,1326,Papatoetoe Central,NZ-AUK,Auckland,0.15,0.15,0.1,0.15,0.1
1327,1327,Papatoetoe East,NZ-AUK,Auckland,0.15,0.15,0.1,0.15,0.1
1328,1328,Papatoetoe North,NZ-AUK,Auckland,0.15,0.15,0.1,0.15,0.1
1329,1329,Papatoetoe South,NZ-AUK,Auckland,0.15,0.15,0.1,0.15,0.1
1330,1330,Papatoetoe South West,NZ-AUK,Auckland,0.15,0.15,0.1,0.15,0.1
1331,1331,Papatoetoe West,NZ-AUK,Auckland,0.15,0.15,0.1,0.15,0.1
1332,1332,Paraite,NZ-TKI,Taranaki,0.15,0.15,0.1,0.15,0.1
1333,1333,Parakai,NZ-AUK,Auckland,0.15,0.15,0.1,0.15,0.1
1334,1334,Paraonui,NZ-WKO,Waikato,0.15,0.15,0.1,0.15,0.1
1335,1335,Paraparaumu Beach East,NZ-WGN,Wellington,0.15,0.15,0.1,0.15,0.1
1336,1336,Paraparaumu Beach North,NZ-WGN,Wellington,0.15,0.15,0.1,0.15,0.1
1337,1337,Paraparaumu Beach West,NZ-WGN,Wellington,0.15,0.15,0.1,0.15,0.1
1338,1338,Paraparaumu Central,NZ-WGN,Wellington,0.15,0.15,0.1,0.15,0.1
1339,1339,Paraparaumu East,NZ-WGN,Wellington,0.15,0.15,0.1,0.15,0.1
1340,1340,Paraparaumu North,NZ-WGN,Wellington,0.15,0.15,0.1,0.15,0.1
1341,1341,Paremata,NZ-WGN,Wellington,0.15,0.15,0.1,0.15,0.1
1342,1342,Paremoremo East,NZ-AUK,Auckland,0.15,0.15,0.1,0.15,0.1
1343,1343,Paremoremo West,NZ-AUK,Auckland,0.15,0.15,0.1,0.15,0.1
1344,1344,Parewanui,NZ-MWT,Manawatu-Wanganui,0.15,0.15,0.1,0.15,0.1
1345,1345,Park West,NZ-MWT,Manawatu-Wanganui,0.15,0.15,0.1,0.15,0.1
1346,1346,Parkdale,NZ-WKO,Waikato,0.15,0.15,0.1,0.15,0.1
1347,1347,Parkhaven,NZ-HKB,Hawke's Bay,0.15,0.15,0.1,0.15,0.1
1348,1348,Parklands,NZ-CAN,Canterbury,0.15,0.15,0.1,0.15,0.1
1349,1349,Parkside,NZ-CAN,Canterbury,0.15,0.15,0.1,0.15,0.1
1350,1350,Parkvale,NZ-HKB,Hawke's Bay,0.15,0.15,0.1,0.15,0.1
1351,1351,Parnassus,NZ-CAN,Canterbury,0.15,0.15,0.1,0.15,0.1
1352,1352,Parnell East,NZ-AUK,Auckland,0.15,0.15,0.1,0.15,0.1
1353,1353,Parnell West,NZ-AUK,Auckland,0.15,0.15,0.1,0.15,0.1
1354,1354,Parua Bay,NZ-NTL,Northland,0.15,0.15,0.1,0.15,0.1
1355,1355,Pataua,NZ-NTL,Northland,0.15,0.15,0.1,0.15,0.1
1356,1356,Patea,NZ-TKI,Taranaki,0.15,0.15,0.1,0.15,0.1
1357,1357,Patumahoe,NZ-AUK,Auckland,0.15,0.15,0.1,0.15,0.1
1358,1358,Pauanui,NZ-WKO,Waikato,0.15,0.15,0.1,0.15,0.1
1359,1359,Pauatahanui,NZ-WGN,Wellington,0.15,0.15,0.1,0.15,0.1
1360,1360,Peachgrove,NZ-WKO,Waikato,0.15,0.15,0.1,0.15,0.1
1361,1361,Peacockes,NZ-WKO,Waikato,0.15,0.15,0.1,0.15,0.1
1362,1362,Pegasus,NZ-CAN,Canterbury,0.15,0.15,0.1,0.15,0.1
1363,1363,Pegasus Bay,NZ-CAN,Canterbury,0.15,0.15,0.1,0.15,0.1
1364,1364,Peka Peka,NZ-WGN,Wellington,0.15,0.15,0.1,0.15,0.1
1365,1365,Pekerau,NZ-WKO,Waikato,0.15,0.15,0.1,0.15,0.1
1366,1366,Pembroke,NZ-TKI,Taranaki,0.15,0.15,0.1,0.15,0.1
1367,1367,Pencarrow,NZ-WGN,Wellington,0.15,0.15,0.1,0.15,0.1
1368,1368,Penrose,NZ-AUK,Auckland,0.15,0.15,0.1,0.15,0.1
1369,1369,Peria,NZ-NTL,Northland,0.15,0.15,0.1,0.15,0.1
1370,1370,Petone Central,NZ-WGN,Wellington,0.15,0.15,0.1,0.15,0.1
1371,1371,Petone East,NZ-WGN,Wellington,0.15,0.15,0.1,0.15,0.1
1372,1372,Petone Esplanade,NZ-WGN,Wellington,0.15,0.15,0.1,0.15,0.1
1373,1373,Phillipstown,NZ-CAN,Canterbury,0.15,0.15,0.1,0.15,0.1
1374,1374,Piha,NZ-AUK,Auckland,0.15,0.15,0.1,0.15,0.1
1375,1375,Pihauatua,NZ-MWT,Manawatu-Wanganui,0.15,0.15,0.1,0.15,0.1
1376,1376,Pine Hill-Dalmore,NZ-OTA,Otago,0.15,0.15,0.1,0.15,0.1
1377,1377,Pinehaven,NZ-WGN,Wellington,0.15,0.15,0.1,0.15,0.1
1378,1378,Pinehill,NZ-AUK,Auckland,0.15,0.15,0.1,0.15,0.1
1379,1379,Pioneer West,NZ-MWT,Manawatu-Wanganui,0.15,0.15,0.1,0.15,0.1
1380,1380,Pipitea-Kaiwharawhara,NZ-WGN,Wellington,0.15,0.15,0.1,0.15,0.1
1381,1381,Pirimai East,NZ-HKB,Hawke's Bay,0.15,0.15,0.1,0.15,0.1
1382,1382,Pirimai West,NZ-HKB,Hawke's Bay,0.15,0.15,0.1,0.15,0.1
1383,1383,Pirongia,NZ-WKO,Waikato,0.15,0.15,0.1,0.15,0.1
1384,1384,Pirongia Forest,NZ-WKO,Waikato,0.15,0.15,0.1,0.15,0.1
1385,1385,Playford Park,NZ-MWT,Manawatu-Wanganui,0.15,0.15,0.1,0.15,0.1
1386,1386,Pleasant Heights,NZ-BOP,Bay of Plenty,0.15,0.15,0.1,0.15,0.1
1387,1387,Pleasant Point,NZ-CAN,Canterbury,0.15,0.15,0.1,0.15,0.1
1388,1388,Plimmerton,NZ-WGN,Wellington,0.15,0.15,0.1,0.15,0.1
1389,1389,Poets Block,NZ-WGN,Wellington,0.15,0.15,0.1,0.15,0.1
1390,1390,Pohangina-Apiti,NZ-MWT,Manawatu-Wanganui,0.15,0.15,0.1,0.15,0.1
1391,1391,Pohara-Abel Tasman,NZ-TAS,Tasman,0.15,0.15,0.1,0.15,0.1
1392,1392,Poike,NZ-BOP,Bay of Plenty,0.15,0.15,0.1,0.15,0.1
1393,1393,Point Chevalier East,NZ-AUK,Auckland,0.15,0.15,0.1,0.15,0.1
1394,1394,Point Chevalier West,NZ-AUK,Auckland,0.15,0.15,0.1,0.15,0.1
1395,1395,Point England,NZ-AUK,Auckland,0.15,0.15,0.1,0.15,0.1
1396,1396,Pokeno,NZ-WKO,Waikato,0.15,0.15,0.1,0.15,0.1
1397,1397,Pokeno Rural,NZ-WKO,Waikato,0.15,0.15,0.1,0.15,0.1
1398,1398,Pokuru,NZ-WKO,Waikato,0.15,0.15,0.1,0.15,0.1
1399,1399,Pomare,NZ-BOP,Bay of Plenty,0.15,0.15,0.1,0.15,0.1
1400,1400,Pongakawa,NZ-BOP,Bay of Plenty,0.15,0.15,0.1,0.15,0.1
1401,1401,Ponsonby East,NZ-AUK,Auckland,0.15,0.15,0.1,0.15,0.1
1402,1402,Ponsonby West,NZ-AUK,Auckland,0.15,0.15,0.1,0.15,0.1
1403,1403,Poraiti Flat,NZ-HKB,Hawke's Bay,0.15,0.15,0.1,0.15,0.1
1404,1404,Poraiti Hills,NZ-HKB,Hawke's Bay,0.15,0.15,0.1,0.15,0.1
1405,1405,Porirua Central,NZ-WGN,Wellington,0.15,0.15,0.1,0.15,0.1
1406,1406,Porirua East,NZ-WGN,Wellington,0.15,0.15,0.1,0.15,0.1
1407,1407,Porritt,NZ-WKO,Waikato,0.15,0.15,0.1,0.15,0.1
1408,1408,Port Chalmers,NZ-OTA,Otago,0.15,0.15,0.1,0.15,0.1
1409,1409,Port Hills,NZ-CAN,Canterbury,0.15,0.15,0.1,0.15,0.1
1410,1410,Port Waikato-Waikaretu,NZ-WKO,Waikato,0.15,0.15,0.1,0.15,0.1
1411,1411,Port-Limeburners,NZ-NTL,Northland,0.15,0.15,0.1,0.15,0.1
1412,1412,Postgate,NZ-WGN,Wellington,0.15,0.15,0.1,0.15,0.1
1413,1413,Poukawa,NZ-HKB,Hawke's Bay,0.15,0.15,0.1,0.15,0.1
1414,1414,Poutoa,NZ-MWT,Manawatu-Wanganui,0.15,0.15,0.1,0.15,0.1
1415,1415,Prebbleton,NZ-CAN,Canterbury,0.15,0.15,0.1,0.15,0.1
1416,1416,Prestons,NZ-CAN,Canterbury,0.15,0.15,0.1,0.15,0.1
1417,1417,Prestonville-Grasmere,NZ-STL,Southland,0.15,0.15,0.1,0.15,0.1
1418,1418,Puhinui East,NZ-AUK,Auckland,0.15,0.15,0.1,0.15,0.1
1419,1419,Puhinui North,NZ-AUK,Auckland,0.15,0.15,0.1,0.15,0.1
1420,1420,Puhinui South,NZ-AUK,Auckland,0.15,0.15,0.1,0.15,0.1
1421,1421,Puhoi Valley,NZ-AUK,Auckland,0.15,0.15,0.1,0.15,0.1
1422,1422,Pukehangi North,NZ-BOP,Bay of Plenty,0.15,0.15,0.1,0.15,0.1
1423,1423,Pukehangi South,NZ-BOP,Bay of Plenty,0.15,0.15,0.1,0.15,0.1
1424,1424,Pukehina Beach,NZ-BOP,Bay of Plenty,0.15,0.15,0.1,0.15,0.1
1425,1425,Pukekawa,NZ-WKO,Waikato,0.15,0.15,0.1,0.15,0.1
1426,1426,Pukekohe Central,NZ-AUK,Auckland,0.15,0.15,0.1,0.15,0.1
1427,1427,Pukekohe Hospital,NZ-AUK,Auckland,0.15,0.15,0.1,0.15,0.1
1428,1428,Pukekohe North West,NZ-AUK,Auckland,0.15,0.15,0.1,0.15,0.1
1429,1429,Pukekohe West,NZ-AUK,Auckland,0.15,0.15,0.1,0.15,0.1
1430,1430,Pukemoremore,NZ-WKO,Waikato,0.15,0.15,0.1,0.15,0.1
1431,1431,Pukenui,NZ-NTL,Northland,0.15,0.15,0.1,0.15,0.1
1432,1432,Pukerimu,NZ-WKO,Waikato,0.15,0.15,0.1,0.15,0.1
1433,1433,Pukerua Bay,NZ-WGN,Wellington,0.15,0.15,0.1,0.15,0.1
1434,1434,Puketapu-Eskdale,NZ-HKB,Hawke's Bay,0.15,0.15,0.1,0.15,0.1
1435,1435,Pukete East,NZ-WKO,Waikato,0.15,0.15,0.1,0.15,0.1
1436,1436,Pukete West,NZ-WKO,Waikato,0.15,0.15,0.1,0.15,0.1
1437,1437,Puketitiri-Tutira,NZ-HKB,Hawke's Bay,0.15,0.15,0.1,0.15,0.1
1438,1438,Puketona-Waitangi,NZ-NTL,Northland,0.15,0.15,0.1,0.15,0.1
1439,1439,Puketotara,NZ-NTL,Northland,0.15,0.15,0.1,0.15,0.1
1440,1440,Puni,NZ-AUK,Auckland,0.15,0.15,0.1,0.15,0.1
1441,1441,Puniu,NZ-WKO,Waikato,0.15,0.15,0.1,0.15,0.1
1442,1442,Putararu,NZ-WKO,Waikato,0.15,0.15,0.1,0.15,0.1
1443,1443,Putararu Rural,NZ-WKO,Waikato,0.15,0.15,0.1,0.15,0.1
1444,1444,Putiki,NZ-MWT,Manawatu-Wanganui,0.15,0.15,0.1,0.15,0.1
1445,1445,Pyes Pa East,NZ-BOP,Bay of Plenty,0.15,0.15,0.1,0.15,0.1
1446,1446,Pyes Pa North,NZ-BOP,Bay of Plenty,0.15,0.15,0.1,0.15,0.1
1447,1447,Pyes Pa South,NZ-BOP,Bay of Plenty,0.15,0.15,0.1,0.15,0.1
1448,1448,Pyes Pa West,NZ-BOP,Bay of Plenty,0.15,0.15,0.1,0.15,0.1
1449,1449,Quail Rise,NZ-OTA,Otago,0.15,0.15,0.1,0.15,0.1
1450,1450,Quay Street-Customs Street,NZ-AUK,Auckland,0.15,0.15,0.1,0.15,0.1
1451,1451,Queen Street,NZ-AUK,Auckland,0.15,0.15,0.1,0.15,0.1
1452,1452,Queen Street South West,NZ-AUK,Auckland,0.15,0.15,0.1,0.15,0.1
1453,1453,Queens Square,NZ-HKB,Hawke's Bay,0.15,0.15,0.1,0.15,0.1
1454,1454,Queenspark,NZ-CAN,Canterbury,0.15,0.15,0.1,0.15,0.1
1455,1455,Queenstown Central,NZ-OTA,Otago,0.15,0.15,0.1,0.15,0.1
1456,1456,Queenstown East,NZ-OTA,Otago,0.15,0.15,0.1,0.15,0.1
1457,1457,Queenwood (Hamilton City),NZ-WKO,Waikato,0.15,0.15,0.1,0.15,0.1
1458,1458,Queenwood (Horowhenua District),NZ-MWT,Manawatu-Wanganui,0.15,0.15,0.1,0.15,0.1
1459,1459,Raceway Park,NZ-HKB,Hawke's Bay,0.15,0.15,0.1,0.15,0.1
1460,1460,Raetihi,NZ-MWT,Manawatu-Wanganui,0.15,0.15,0.1,0.15,0.1
1461,1461,Raglan,NZ-WKO,Waikato,0.15,0.15,0.1,0.15,0.1
1462,1462,Rakaia,NZ-CAN,Canterbury,0.15,0.15,0.1,0.15,0.1
1463,1463,Ramanui,NZ-TKI,Taranaki,0.15,0.15,0.1,0.15,0.1
1464,1464,Ramarama,NZ-AUK,Auckland,0.15,0.15,0.1,0.15,0.1
1465,1465,Randwick Park East,NZ-AUK,Auckland,0.15,0.15,0.1,0.15,0.1
1466,1466,Randwick Park West,NZ-AUK,Auckland,0.15,0.15,0.1,0.15,0.1
1467,1467,Rangataiki,NZ-BOP,Bay of Plenty,0.15,0.15,0.1,0.15,0.1
1468,1468,Rangaunu Harbour,NZ-NTL,Northland,0.15,0.15,0.1,0.15,0.1
1469,1469,Rangiora North East,NZ-CAN,Canterbury,0.15,0.15,0.1,0.15,0.1
1470,1470,Rangiora North West,NZ-CAN,Canterbury,0.15,0.15,0.1,0.15,0.1
1471,1471,Rangiora South East,NZ-CAN,Canterbury,0.15,0.15,0.1,0.15,0.1
1472,1472,Rangiora South West,NZ-CAN,Canterbury,0.15,0.15,0.1,0.15,0.1
1473,1473,Rangiriri,NZ-WKO,Waikato,0.15,0.15,0.1,0.15,0.1
1474,1474,Rangitane-Purerua,NZ-NTL,Northland,0.15,0.15,0.1,0.15,0.1
1475,1475,Rangitata,NZ-CAN,Canterbury,0.15,0.15,0.1,0.15,0.1
1476,1476,Rangitihi,NZ-NTL,Northland,0.15,0.15,0.1,0.15,0.1
1477,1477,Rangiuru,NZ-BOP,Bay of Plenty,0.15,0.15,0.1,0.15,0.1
1478,1478,Ranui Domain,NZ-AUK,Auckland,0.15,0.15,0.1,0.15,0.1
1479,1479,Ranui Heights,NZ-WGN,Wellington,0.15,0.15,0.1,0.15,0.1
1480,1480,Ranui North,NZ-AUK,Auckland,0.15,0.15,0.1,0.15,0.1
1481,1481,Ranui South East,NZ-AUK,Auckland,0.15,0.15,0.1,0.15,0.1
1482,1482,Ranui South West,NZ-AUK,Auckland,0.15,0.15,0.1,0.15,0.1
1483,1483,Raumanga,NZ-NTL,Northland,0.15,0.15,0.1,0.15,0.1
1484,1484,Raumati Beach East,NZ-WGN,Wellington,0.15,0.15,0.1,0.15,0.1
1485,1485,Raumati Beach West,NZ-WGN,Wellington,0.15,0.15,0.1,0.15,0.1
1486,1486,Raumati South,NZ-WGN,Wellington,0.15,0.15,0.1,0.15,0.1
1487,1487,Raureka,NZ-HKB,Hawke's Bay,0.15,0.15,0.1,0.15,0.1
1488,1488,Ravensbourne-St Leonards,NZ-OTA,Otago,0.15,0.15,0.1,0.15,0.1
1489,1489,Rawhiti,NZ-CAN,Canterbury,0.15,0.15,0.1,0.15,0.1
1490,1490,Red Beach East,NZ-AUK,Auckland,0.15,0.15,0.1,0.15,0.1
1491,1491,Red Beach West,NZ-AUK,Auckland,0.15,0.15,0.1,0.15,0.1
1492,1492,Red Hill,NZ-AUK,Auckland,0.15,0.15,0.1,0.15,0.1
1493,1493,Redcastle,NZ-AUK,Auckland,0.15,0.15,0.1,0.15,0.1
1494,1494,Redcliffs,NZ-CAN,Canterbury,0.15,0.15,0.1,0.15,0.1
1495,1495,Redwood East,NZ-CAN,Canterbury,0.15,0.15,0.1,0.15,0.1
1496,1496,Redwood North,NZ-CAN,Canterbury,0.15,0.15,0.1,0.15,0.1
1497,1497,Redwood West,NZ-CAN,Canterbury,0.15,0.15,0.1,0.15,0.1
1498,1498,Redwoodtown East,NZ-MBH,Marlborough,0.15,0.15,0.1,0.15,0.1
1499,1499,Redwoodtown West,NZ-MBH,Marlborough,0.15,0.15,0.1,0.15,0.1
1500,1500,Reefton,NZ-WTC,West Coast,0.15,0.15,0.1,0.15,0.1
1501,1501,Regents Park,NZ-CAN,Canterbury,0.15,0.15,0.1,0.15,0.1
1502,1502,Remuera Abbotts Park,NZ-AUK,Auckland,0.15,0.15,0.1,0.15,0.1
1503,1503,Remuera East,NZ-AUK,Auckland,0.15,0.15,0.1,0.15,0.1
1504,1504,Remuera North,NZ-AUK,Auckland,0.15,0.15,0.1,0.15,0.1
1505,1505,Remuera South,NZ-AUK,Auckland,0.15,0.15,0.1,0.15,0.1
1506,1506,Remuera Waiata,NZ-AUK,Auckland,0.15,0.15,0.1,0.15,0.1
1507,1507,Remuera Waiatarua,NZ-AUK,Auckland,0.15,0.15,0.1,0.15,0.1
1508,1508,Remuera Waitaramoa,NZ-AUK,Auckland,0.15,0.15,0.1,0.15,0.1
1509,1509,Remuera West,NZ-AUK,Auckland,0.15,0.15,0.1,0.15,0.1
1510,1510,Renwick,NZ-MBH,Marlborough,0.15,0.15,0.1,0.15,0.1
1511,1511,Resthill,NZ-WKO,Waikato,0.15,0.15,0.1,0.15,0.1
1512,1512,Riccarton Central,NZ-CAN,Canterbury,0.15,0.15,0.1,0.15,0.1
1513,1513,Riccarton East,NZ-CAN,Canterbury,0.15,0.15,0.1,0.15,0.1
1514,1514,Riccarton Racecourse,NZ-CAN,Canterbury,0.15,0.15,0.1,0.15,0.1
1515,1515,Riccarton South,NZ-CAN,Canterbury,0.15,0.15,0.1,0.15,0.1
1516,1516,Riccarton West,NZ-CAN,Canterbury,0.15,0.15,0.1,0.15,0.1
1517,1517,Richmond (Invercargill City),NZ-STL,Southland,0.15,0.15,0.1,0.15,0.1
1518,1518,Richmond Central (Tasman District),NZ-TAS,Tasman,0.15,0.15,0.1,0.15,0.1
1519,1519,Richmond Downs-Wardville,NZ-WKO,Waikato,0.15,0.15,0.1,0.15,0.1
1520,1520,Richmond Heights,NZ-WKO,Waikato,0.15,0.15,0.1,0.15,0.1
1521,1521,Richmond North (Christchurch City),NZ-CAN,Canterbury,0.15,0.15,0.1,0.15,0.1
1522,1522,Richmond South (Christchurch City),NZ-CAN,Canterbury,0.15,0.15,0.1,0.15,0.1
1523,1523,Richmond South (Tasman District),NZ-TAS,Tasman,0.15,0.15,0.1,0.15,0.1
1524,1524,Richmond West (Tasman District),NZ-TAS,Tasman,0.15,0.15,0.1,0.15,0.1
1525,1525,Riverdale,NZ-GIS,Gisborne,0.15,0.15,0.1,0.15,0.1
1526,1526,Riverhead,NZ-AUK,Auckland,0.15,0.15,0.1,0.15,0.1
1527,1527,Riverlands,NZ-MBH,Marlborough,0.15,0.15,0.1,0.15,0.1
1528,1528,Riverlea,NZ-WKO,Waikato,0.15,0.15,0.1,0.15,0.1
1529,1529,Riversdale-Islington,NZ-MBH,Marlborough,0.15,0.15,0.1,0.15,0.1
1530,1530,Riversdale-Piano Flat,NZ-STL,Southland,0.15,0.15,0.1,0.15,0.1
1531,1531,Riverside,NZ-NTL,Northland,0.15,0.15,0.1,0.15,0.1
1532,1532,Riverstone Terraces,NZ-WGN,Wellington,0.15,0.15,0.1,0.15,0.1
1533,1533,Riverton,NZ-STL,Southland,0.15,0.15,0.1,0.15,0.1
1534,1534,Riverview,NZ-NTL,Northland,0.15,0.15,0.1,0.15,0.1
1535,1535,Rolleston Central,NZ-CAN,Canterbury,0.15,0.15,0.1,0.15,0.1
1536,1536,Rolleston North East,NZ-CAN,Canterbury,0.15,0.15,0.1,0.15,0.1
1537,1537,Rolleston North West,NZ-CAN,Canterbury,0.15,0.15,0.1,0.15,0.1
1538,1538,Rolleston South East,NZ-CAN,Canterbury,0.15,0.15,0.1,0.15,0.1
1539,1539,Rolleston South West,NZ-CAN,Canterbury,0.15,0.15,0.1,0.15,0.1
1540,1540,Rongomai East,NZ-AUK,Auckland,0.15,0.15,0.1,0.15,0.1
1541,1541,Rongomai West,NZ-AUK,Auckland,0.15,0.15,0.1,0.15,0.1
1542,1542,Rongotai,NZ-WGN,Wellington,0.15,0.15,0.1,0.15,0.1
1543,1543,Rooseville Park,NZ-AUK,Auckland,0.15,0.15,0.1,0.15,0.1
1544,1544,Rosa Birch Park,NZ-AUK,Auckland,0.15,0.15,0.1,0.15,0.1
1545,1545,Rosedale,NZ-STL,Southland,0.15,0.15,0.1,0.15,0.1
1546,1546,Rosehill,NZ-AUK,Auckland,0.15,0.15,0.1,0.15,0.1
1547,1547,Roseneath,NZ-WGN,Wellington,0.15,0.15,0.1,0.15,0.1
1548,1548,Roseneath-Sawyers Bay,NZ-OTA,Otago,0.15,0.15,0.1,0.15,0.1
1549,1549,Roslyn (Dunedin City),NZ-OTA,Otago,0.15,0.15,0.1,0.15,0.1
1550,1550,Roslyn (Palmerston North City),NZ-MWT,Manawatu-Wanganui,0.15,0.15,0.1,0.15,0.1
1551,1551,Rothesay Bay,NZ-AUK,Auckland,0.15,0.15,0.1,0.15,0.1
1552,1552,Rotoiti-Rotoehu,NZ-BOP,Bay of Plenty,0.15,0.15,0.1,0.15,0.1
1553,1553,Rotokauri,NZ-WKO,Waikato,0.15,0.15,0.1,0.15,0.1
1554,1554,Rotokauri-Waiwhakareke,NZ-WKO,Waikato,0.15,0.15,0.1,0.15,0.1
1555,1555,Rotongata,NZ-WKO,Waikato,0.15,0.15,0.1,0.15,0.1
1556,1556,Rotoorangi,NZ-WKO,Waikato,0.15,0.15,0.1,0.15,0.1
1557,1557,Rotorua Central,NZ-BOP,Bay of Plenty,0.15,0.15,0.1,0.15,0.1
1558,1558,Rototuna Central,NZ-WKO,Waikato,0.15,0.15,0.1,0.15,0.1
1559,1559,Rototuna North,NZ-WKO,Waikato,0.15,0.15,0.1,0.15,0.1
1560,1560,Rototuna South,NZ-WKO,Waikato,0.15,0.15,0.1,0.15,0.1
1561,1561,Rowandale East,NZ-AUK,Auckland,0.15,0.15,0.1,0.15,0.1
1562,1562,Rowandale West,NZ-AUK,Auckland,0.15,0.15,0.1,0.15,0.1
1563,1563,Royal Heights North,NZ-AUK,Auckland,0.15,0.15,0.1,0.15,0.1
1564,1564,Royal Heights South,NZ-AUK,Auckland,0.15,0.15,0.1,0.15,0.1
1565,1565,Royal Oak (Palmerston North City),NZ-MWT,Manawatu-Wanganui,0.15,0.15,0.1,0.15,0.1
1566,1566,Royal Oak East (Auckland),NZ-AUK,Auckland,0.15,0.15,0.1,0.15,0.1
1567,1567,Royal Oak West (Auckland),NZ-AUK,Auckland,0.15,0.15,0.1,0.15,0.1
1568,1568,Royal Terrace,NZ-OTA,Otago,0.15,0.15,0.1,0.15,0.1
1569,1569,Ruahine,NZ-MWT,Manawatu-Wanganui,0.15,0.15,0.1,0.15,0.1
1570,1570,Ruakaka,NZ-NTL,Northland,0.15,0.15,0.1,0.15,0.1
1571,1571,Ruakura,NZ-WKO,Waikato,0.15,0.15,0.1,0.15,0.1
1572,1572,Ruamahanga,NZ-MWT,Manawatu-Wanganui,0.15,0.15,0.1,0.15,0.1
1573,1573,Ruatoria-Raukumara,NZ-GIS,Gisborne,0.15,0.15,0.1,0.15,0.1
1574,1574,Ruawai-Matakohe,NZ-NTL,Northland,0.15,0.15,0.1,0.15,0.1
1575,1575,Ruby Bay-Mapua,NZ-TAS,Tasman,0.15,0.15,0.1,0.15,0.1
1576,1576,Runanga,NZ-WTC,West Coast,0.15,0.15,0.1,0.15,0.1
1577,1577,Russell,NZ-NTL,Northland,0.15,0.15,0.1,0.15,0.1
1578,1578,Russell Forest-Rawhiti,NZ-NTL,Northland,0.15,0.15,0.1,0.15,0.1
1579,1579,Russell Peninsula,NZ-NTL,Northland,0.15,0.15,0.1,0.15,0.1
1580,1580,Russley,NZ-CAN,Canterbury,0.15,0.15,0.1,0.15,0.1
1581,1581,Rutherford,NZ-NSN,Nelson,0.15,0.15,0.1,0.15,0.1
1582,1582,Rutherglen-Camerons,NZ-WTC,West Coast,0.15,0.15,0.1,0.15,0.1
1583,1583,Rutland,NZ-CAN,Canterbury,0.15,0.15,0.1,0.15,0.1
1584,1584,Saddle Hill-Chain Hills,NZ-OTA,Otago,0.15,0.15,0.1,0.15,0.1
1585,1585,Saint Andrews East,NZ-WKO,Waikato,0.15,0.15,0.1,0.15,0.1
1586,1586,Saint Andrews West,NZ-WKO,Waikato,0.15,0.15,0.1,0.15,0.1
1587,1587,Saint Heliers North,NZ-AUK,Auckland,0.15,0.15,0.1,0.15,0.1
1588,1588,Saint Heliers South,NZ-AUK,Auckland,0.15,0.15,0.1,0.15,0.1
1589,1589,Saint Heliers West,NZ-AUK,Auckland,0.15,0.15,0.1,0.15,0.1
1590,1590,Saint Johns East,NZ-AUK,Auckland,0.15,0.15,0.1,0.15,0.1
1591,1591,Saint Johns West,NZ-AUK,Auckland,0.15,0.15,0.1,0.15,0.1
1592,1592,Saint Marys Bay,NZ-AUK,Auckland,0.15,0.15,0.1,0.15,0.1
1593,1593,Sandon,NZ-MWT,Manawatu-Wanganui,0.15,0.15,0.1,0.15,0.1
1594,1594,Sandringham Central,NZ-AUK,Auckland,0.15,0.15,0.1,0.15,0.1
1595,1595,Sandringham East,NZ-AUK,Auckland,0.15,0.15,0.1,0.15,0.1
1596,1596,Sandringham North,NZ-AUK,Auckland,0.15,0.15,0.1,0.15,0.1
1597,1597,Sandringham West,NZ-AUK,Auckland,0.15,0.15,0.1,0.15,0.1
1598,1598,Sandspit,NZ-AUK,Auckland,0.15,0.15,0.1,0.15,0.1
1599,1599,Saxton,NZ-NSN,Nelson,0.15,0.15,0.1,0.15,0.1
1600,1600,Schnapper Rock,NZ-AUK,Auckland,0.15,0.15,0.1,0.15,0.1
1601,1601,Seatoun,NZ-WGN,Wellington,0.15,0.15,0.1,0.15,0.1
1602,1602,Seaview,NZ-CAN,Canterbury,0.15,0.15,0.1,0.15,0.1
1603,1603,Seddon Park,NZ-OTA,Otago,0.15,0.15,0.1,0.15,0.1
1604,1604,Selwyn Heights,NZ-BOP,Bay of Plenty,0.15,0.15,0.1,0.15,0.1
1605,1605,Shannon,NZ-MWT,Manawatu-Wanganui,0.15,0.15,0.1,0.15,0.1
1606,1606,Shelly Park,NZ-AUK,Auckland,0.15,0.15,0.1,0.15,0.1
1607,1607,Sherenden-Crownthorpe,NZ-HKB,Hawke's Bay,0.15,0.15,0.1,0.15,0.1
1608,1608,Sherwin Park,NZ-WKO,Waikato,0.15,0.15,0.1,0.15,0.1
1609,1609,Sherwood Rise,NZ-NTL,Northland,0.15,0.15,0.1,0.15,0.1
1610,1610,Shiel Hill,NZ-OTA,Otago,0.15,0.15,0.1,0.15,0.1
1611,1611,Shirley East,NZ-CAN,Canterbury,0.15,0.15,0.1,0.15,0.1
1612,1612,Shirley West,NZ-CAN,Canterbury,0.15,0.15,0.1,0.15,0.1
1613,1613,Shortland Street,NZ-AUK,Auckland,0.15,0.15,0.1,0.15,0.1
1614,1614,Shotover Country,NZ-OTA,Otago,0.15,0.15,0.1,0.15,0.1
1615,1615,Silverdale (Hamilton City),NZ-WKO,Waikato,0.15,0.15,0.1,0.15,0.1
1616,1616,Silverdale Central (Auckland),NZ-AUK,Auckland,0.15,0.15,0.1,0.15,0.1
1617,1617,Silverdale South (Auckland),NZ-AUK,Auckland,0.15,0.15,0.1,0.15,0.1
1618,1618,Silverstream (Upper Hutt City),NZ-WGN,Wellington,0.15,0.15,0.1,0.15,0.1
1619,1619,Silverstream (Waimakariri District),NZ-CAN,Canterbury,0.15,0.15,0.1,0.15,0.1
1620,1620,Snells Beach,NZ-AUK,Auckland,0.15,0.15,0.1,0.15,0.1
1621,1621,Sockburn North,NZ-CAN,Canterbury,0.15,0.15,0.1,0.15,0.1
1622,1622,Sockburn South,NZ-CAN,Canterbury,0.15,0.15,0.1,0.15,0.1
1623,1623,Solway North,NZ-WGN,Wellington,0.15,0.15,0.1,0.15,0.1
1624,1624,Solway South,NZ-WGN,Wellington,0.15,0.15,0.1,0.15,0.1
1625,1625,Somerfield East,NZ-CAN,Canterbury,0.15,0.15,0.1,0.15,0.1
1626,1626,Somerfield West,NZ-CAN,Canterbury,0.15,0.15,0.1,0.15,0.1
1627,1627,Somerville,NZ-AUK,Auckland,0.15,0.15,0.1,0.15,0.1
1628,1628,South Head,NZ-AUK,Auckland,0.15,0.15,0.1,0.15,0.1
1629,1629,South Hill,NZ-OTA,Otago,0.15,0.15,0.1,0.15,0.1
1630,1630,South New Brighton,NZ-CAN,Canterbury,0.15,0.15,0.1,0.15,0.1
1631,1631,Southbridge,NZ-CAN,Canterbury,0.15,0.15,0.1,0.15,0.1
1632,1632,Southbrook,NZ-CAN,Canterbury,0.15,0.15,0.1,0.15,0.1
1633,1633,Southgate,NZ-WGN,Wellington,0.15,0.15,0.1,0.15,0.1
1634,1634,Sovereign Palms,NZ-CAN,Canterbury,0.15,0.15,0.1,0.15,0.1
1635,1635,Spotswood,NZ-TKI,Taranaki,0.15,0.15,0.1,0.15,0.1
1636,1636,Spreydon North,NZ-CAN,Canterbury,0.15,0.15,0.1,0.15,0.1
1637,1637,Spreydon South,NZ-CAN,Canterbury,0.15,0.15,0.1,0.15,0.1
1638,1638,Spreydon West,NZ-CAN,Canterbury,0.15,0.15,0.1,0.15,0.1
1639,1639,Spring Creek-Grovetown,NZ-MBH,Marlborough,0.15,0.15,0.1,0.15,0.1
1640,1640,Springfield North,NZ-BOP,Bay of Plenty,0.15,0.15,0.1,0.15,0.1
1641,1641,Springfield South,NZ-BOP,Bay of Plenty,0.15,0.15,0.1,0.15,0.1
1642,1642,Springlands,NZ-MBH,Marlborough,0.15,0.15,0.1,0.15,0.1
1643,1643,Springston,NZ-CAN,Canterbury,0.15,0.15,0.1,0.15,0.1
1644,1644,Springvale East,NZ-MWT,Manawatu-Wanganui,0.15,0.15,0.1,0.15,0.1
1645,1645,Springvale North,NZ-MWT,Manawatu-Wanganui,0.15,0.15,0.1,0.15,0.1
1646,1646,Springvale West,NZ-MWT,Manawatu-Wanganui,0.15,0.15,0.1,0.15,0.1
1647,1647,St Albans East,NZ-CAN,Canterbury,0.15,0.15,0.1,0.15,0.1
1648,1648,St Albans North,NZ-CAN,Canterbury,0.15,0.15,0.1,0.15,0.1
1649,1649,St Albans West,NZ-CAN,Canterbury,0.15,0.15,0.1,0.15,0.1
1650,1650,St Clair,NZ-OTA,Otago,0.15,0.15,0.1,0.15,0.1
1651,1651,St James,NZ-WKO,Waikato,0.15,0.15,0.1,0.15,0.1
1652,1652,St Johns Hill East,NZ-MWT,Manawatu-Wanganui,0.15,0.15,0.1,0.15,0.1
1653,1653,St Johns Hill West,NZ-MWT,Manawatu-Wanganui,0.15,0.15,0.1,0.15,0.1
1654,1654,St Kilda North,NZ-OTA,Otago,0.15,0.15,0.1,0.15,0.1
1655,1655,St Kilda South,NZ-OTA,Otago,0.15,0.15,0.1,0.15,0.1
1656,1656,St Leger,NZ-WKO,Waikato,0.15,0.15,0.1,0.15,0.1
1657,1657,St Leonards,NZ-HKB,Hawke's Bay,0.15,0.15,0.1,0.15,0.1
1658,1658,St Lukes,NZ-AUK,Auckland,0.15,0.15,0.1,0.15,0.1
1659,1659,St Martins,NZ-CAN,Canterbury,0.15,0.15,0.1,0.15,0.1
1660,1660,Stanley Park,NZ-WKO,Waikato,0.15,0.15,0.1,0.15,0.1
1661,1661,Stanley Point,NZ-AUK,Auckland,0.15,0.15,0.1,0.15,0.1
1662,1662,Stanmore Bay East,NZ-AUK,Auckland,0.15,0.15,0.1,0.15,0.1
1663,1663,Stanmore Bay West,NZ-AUK,Auckland,0.15,0.15,0.1,0.15,0.1
1664,1664,Starvation Hill-Cust,NZ-CAN,Canterbury,0.15,0.15,0.1,0.15,0.1
1665,1665,Stewart Island,NZ-STL,Southland,0.15,0.15,0.1,0.15,0.1
1666,1666,Stokes Valley Central,NZ-WGN,Wellington,0.15,0.15,0.1,0.15,0.1
1667,1667,Stokes Valley North,NZ-WGN,Wellington,0.15,0.15,0.1,0.15,0.1
1668,1668,Stonefields East,NZ-AUK,Auckland,0.15,0.15,0.1,0.15,0.1
1669,1669,Stonefields West,NZ-AUK,Auckland,0.15,0.15,0.1,0.15,0.1
1670,1670,Strandon,NZ-TKI,Taranaki,0.15,0.15,0.1,0.15,0.1
1671,1671,Stratford Central,NZ-TKI,Taranaki,0.15,0.15,0.1,0.15,0.1
1672,1672,Stratford North,NZ-TKI,Taranaki,0.15,0.15,0.1,0.15,0.1
1673,1673,Stratford South,NZ-TKI,Taranaki,0.15,0.15,0.1,0.15,0.1
1674,1674,Strath Taieri,NZ-OTA,Otago,0.15,0.15,0.1,0.15,0.1
1675,1675,Strathern,NZ-STL,Southland,0.15,0.15,0.1,0.15,0.1
1676,1676,Strathmore (South Waikato District),NZ-WKO,Waikato,0.15,0.15,0.1,0.15,0.1
1677,1677,Strathmore (Wellington City),NZ-WGN,Wellington,0.15,0.15,0.1,0.15,0.1
1678,1678,Strowan,NZ-CAN,Canterbury,0.15,0.15,0.1,0.15,0.1
1679,1679,Styx,NZ-CAN,Canterbury,0.15,0.15,0.1,0.15,0.1
1680,1680,Suffolk,NZ-NSN,Nelson,0.15,0.15,0.1,0.15,0.1
1681,1681,Summerland North,NZ-AUK,Auckland,0.15,0.15,0.1,0.15,0.1
1682,1682,Summerland South,NZ-AUK,Auckland,0.15,0.15,0.1,0.15,0.1
1683,1683,Sumner,NZ-CAN,Canterbury,0.15,0.15,0.1,0.15,0.1
1684,1684,Sunkist Bay,NZ-AUK,Auckland,0.15,0.15,0.1,0.15,0.1
1685,1685,Sunnybrook,NZ-BOP,Bay of Plenty,0.15,0.15,0.1,0.15,0.1
1686,1686,Sunnyhills East,NZ-AUK,Auckland,0.15,0.15,0.1,0.15,0.1
1687,1687,Sunnyhills West-Pakuranga North,NZ-AUK,Auckland,0.15,0.15,0.1,0.15,0.1
1688,1688,Sunnynook North,NZ-AUK,Auckland,0.15,0.15,0.1,0.15,0.1
1689,1689,Sunnynook South,NZ-AUK,Auckland,0.15,0.15,0.1,0.15,0.1
1690,1690,Sunnyvale East,NZ-AUK,Auckland,0.15,0.15,0.1,0.15,0.1
1691,1691,Sunnyvale West-Parrs Park,NZ-AUK,Auckland,0.15,0.15,0.1,0.15,0.1
1692,1692,Sunshine Bay-Fernhill,NZ-OTA,Otago,0.15,0.15,0.1,0.15,0.1
1693,1693,Surfdale,NZ-AUK,Auckland,0.15,0.15,0.1,0.15,0.1
1694,1694,Sutton Park,NZ-AUK,Auckland,0.15,0.15,0.1,0.15,0.1
1695,1695,Swannanoa-Eyreton,NZ-CAN,Canterbury,0.15,0.15,0.1,0.15,0.1
1696,1696,Swanson,NZ-AUK,Auckland,0.15,0.15,0.1,0.15,0.1
1697,1697,Swanson Rural,NZ-AUK,Auckland,0.15,0.15,0.1,0.15,0.1
1698,1698,Swarbrick,NZ-WKO,Waikato,0.15,0.15,0.1,0.15,0.1
1699,1699,Sydenham Central,NZ-CAN,Canterbury,0.15,0.15,0.1,0.15,0.1
1700,1700,Sydenham North,NZ-CAN,Canterbury,0.15,0.15,0.1,0.15,0.1
1701,1701,Sydenham South,NZ-CAN,Canterbury,0.15,0.15,0.1,0.15,0.1
1702,1702,Sydenham West,NZ-CAN,Canterbury,0.15,0.15,0.1,0.15,0.1
1703,1703,Sylvia Park,NZ-AUK,Auckland,0.15,0.15,0.1,0.15,0.1
1704,1704,Symonds Street East,NZ-AUK,Auckland,0.15,0.15,0.1,0.15,0.1
1705,1705,Symonds Street North West,NZ-AUK,Auckland,0.15,0.15,0.1,0.15,0.1
1706,1706,Symonds Street West,NZ-AUK,Auckland,0.15,0.15,0.1,0.15,0.1
1707,1707,Taemaro-Oruaiti,NZ-NTL,Northland,0.15,0.15,0.1,0.15,0.1
1708,1708,Taharua,NZ-HKB,Hawke's Bay,0.15,0.15,0.1,0.15,0.1
1709,1709,Tahawai,NZ-BOP,Bay of Plenty,0.15,0.15,0.1,0.15,0.1
1710,1710,Tahuna Hills,NZ-NSN,Nelson,0.15,0.15,0.1,0.15,0.1
1711,1711,Tahuna-Mangateparu,NZ-WKO,Waikato,0.15,0.15,0.1,0.15,0.1
1712,1712,Tahunanui,NZ-NSN,Nelson,0.15,0.15,0.1,0.15,0.1
1713,1713,Tahuroa,NZ-WKO,Waikato,0.15,0.15,0.1,0.15,0.1
1714,1714,Tai Tapu,NZ-CAN,Canterbury,0.15,0.15,0.1,0.15,0.1
1715,1715,Taieri,NZ-OTA,Otago,0.15,0.15,0.1,0.15,0.1
1716,1716,Taihape,NZ-MWT,Manawatu-Wanganui,0.15,0.15,0.1,0.15,0.1
1717,1717,Taikorea,NZ-MWT,Manawatu-Wanganui,0.15,0.15,0.1,0.15,0.1
1718,1718,Tainui,NZ-OTA,Otago,0.15,0.15,0.1,0.15,0.1
1719,1719,Tairua,NZ-WKO,Waikato,0.15,0.15,0.1,0.15,0.1
1720,1720,Taita North,NZ-WGN,Wellington,0.15,0.15,0.1,0.15,0.1
1721,1721,Taita South,NZ-WGN,Wellington,0.15,0.15,0.1,0.15,0.1
1722,1722,Taitoko,NZ-MWT,Manawatu-Wanganui,0.15,0.15,0.1,0.15,0.1
1723,1723,Takaka,NZ-TAS,Tasman,0.15,0.15,0.1,0.15,0.1
1724,1724,Takaka Hills,NZ-TAS,Tasman,0.15,0.15,0.1,0.15,0.1
1725,1725,Takanini Central,NZ-AUK,Auckland,0.15,0.15,0.1,0.15,0.1
1726,1726,Takanini North,NZ-AUK,Auckland,0.15,0.15,0.1,0.15,0.1
1727,1727,Takanini South,NZ-AUK,Auckland,0.15,0.15,0.1,0.15,0.1
1728,1728,Takanini South East,NZ-AUK,Auckland,0.15,0.15,0.1,0.15,0.1
1729,1729,Takanini West,NZ-AUK,Auckland,0.15,0.15,0.1,0.15,0.1
1730,1730,Takapu-Horokiwi,NZ-WGN,Wellington,0.15,0.15,0.1,0.15,0.1
1731,1731,Takapuna Central,NZ-AUK,Auckland,0.15,0.15,0.1,0.15,0.1
1732,1732,Takapuna South,NZ-AUK,Auckland,0.15,0.15,0.1,0.15,0.1
1733,1733,Takapuna West,NZ-AUK,Auckland,0.15,0.15,0.1,0.15,0.1
1734,1734,Takaro North,NZ-MWT,Manawatu-Wanganui,0.15,0.15,0.1,0.15,0.1
1735,1735,Takaro South,NZ-MWT,Manawatu-Wanganui,0.15,0.15,0.1,0.15,0.1
1736,1736,Tamahere North,NZ-WKO,Waikato,0.15,0.15,0.1,0.15,0.1
1737,1737,Tamahere South,NZ-WKO,Waikato,0.15,0.15,0.1,0.15,0.1
1738,1738,Tamakae,NZ-AUK,Auckland,0.15,0.15,0.1,0.15,0.1
1739,1739,Tamaki,NZ-AUK,Auckland,0.15,0.15,0.1,0.15,0.1
1740,1740,Tamarau,NZ-GIS,Gisborne,0.15,0.15,0.1,0.15,0.1
1741,1741,Tamatea East,NZ-HKB,Hawke's Bay,0.15,0.15,0.1,0.15,0.1
1742,1742,Tamatea North,NZ-HKB,Hawke's Bay,0.15,0.15,0.1,0.15,0.1
1743,1743,Tamatea West,NZ-HKB,Hawke's Bay,0.15,0.15,0.1,0.15,0.1
1744,1744,Tangiwai,NZ-MWT,Manawatu-Wanganui,0.15,0.15,0.1,0.15,0.1
1745,1745,Tangonge,NZ-NTL,Northland,0.15,0.15,0.1,0.15,0.1
1746,1746,Taonui,NZ-MWT,Manawatu-Wanganui,0.15,0.15,0.1,0.15,0.1
1747,1747,Taradale Central,NZ-HKB,Hawke's Bay,0.15,0.15,0.1,0.15,0.1
1748,1748,Taradale South,NZ-HKB,Hawke's Bay,0.15,0.15,0.1,0.15,0.1
1749,1749,Taradale West,NZ-HKB,Hawke's Bay,0.15,0.15,0.1,0.15,0.1
1750,1750,Tararua,NZ-MWT,Manawatu-Wanganui,0.15,0.15,0.1,0.15,0.1
1751,1751,Tarata,NZ-TKI,Taranaki,0.15,0.15,0.1,0.15,0.1
1752,1752,Tarawera Park,NZ-BOP,Bay of Plenty,0.15,0.15,0.1,0.15,0.1
1753,1753,Tareha Reserve,NZ-HKB,Hawke's Bay,0.15,0.15,0.1,0.15,0.1
1754,1754,Tarewa,NZ-NTL,Northland,0.15,0.15,0.1,0.15,0.1
1755,1755,Tatuanui,NZ-WKO,Waikato,0.15,0.15,0.1,0.15,0.1
1756,1756,Tauhara,NZ-WKO,Waikato,0.15,0.15,0.1,0.15,0.1
1757,1757,Tauherenikau,NZ-WGN,Wellington,0.15,0.15,0.1,0.15,0.1
1758,1758,Taumarumaru,NZ-NTL,Northland,0.15,0.15,0.1,0.15,0.1
1759,1759,Taumarunui Central,NZ-MWT,Manawatu-Wanganui,0.15,0.15,0.1,0.15,0.1
1760,1760,Taumarunui East,NZ-MWT,Manawatu-Wanganui,0.15,0.15,0.1,0.15,0.1
1761,1761,Taumarunui North,NZ-MWT,Manawatu-Wanganui,0.15,0.15,0.1,0.15,0.1
1762,1762,Taungatara,NZ-TKI,Taranaki,0.15,0.15,0.1,0.15,0.1
1763,1763,Taupaki,NZ-AUK,Auckland,0.15,0.15,0.1,0.15,0.1
1764,1764,Taupiri-Lake Kainui,NZ-WKO,Waikato,0.15,0.15,0.1,0.15,0.1
1765,1765,Taupo Central East,NZ-WKO,Waikato,0.15,0.15,0.1,0.15,0.1
1766,1766,Taupo Central West,NZ-WKO,Waikato,0.15,0.15,0.1,0.15,0.1
1767,1767,Tauranga Central,NZ-BOP,Bay of Plenty,0.15,0.15,0.1,0.15,0.1
1768,1768,Tauranga Hospital,NZ-BOP,Bay of Plenty,0.15,0.15,0.1,0.15,0.1
1769,1769,Tauranga South,NZ-BOP,Bay of Plenty,0.15,0.15,0.1,0.15,0.1
1770,1770,Taurekaitai,NZ-HKB,Hawke's Bay,0.15,0.15,0.1,0.15,0.1
1771,1771,Tauriko,NZ-BOP,Bay of Plenty,0.15,0.15,0.1,0.15,0.1
1772,1772,Tawa Central,NZ-WGN,Wellington,0.15,0.15,0.1,0.15,0.1
1773,1773,Tawa North,NZ-WGN,Wellington,0.15,0.15,0.1,0.15,0.1
1774,1774,Tawa South,NZ-WGN,Wellington,0.15,0.15,0.1,0.15,0.1
1775,1775,Tawharanui Peninsula,NZ-AUK,Auckland,0.15,0.15,0.1,0.15,0.1
1776,1776,Te Akau,NZ-WKO,Waikato,0.15,0.15,0.1,0.15,0.1
1777,1777,Te Anau,NZ-STL,Southland,0.15,0.15,0.1,0.15,0.1
1778,1778,Te Arai,NZ-GIS,Gisborne,0.15,0.15,0.1,0.15,0.1
1779,1779,Te Aroha East,NZ-WKO,Waikato,0.15,0.15,0.1,0.15,0.1
1780,1780,Te Aroha West,NZ-WKO,Waikato,0.15,0.15,0.1,0.15,0.1
1781,1781,Te Atatu Peninsula Central,NZ-AUK,Auckland,0.15,0.15,0.1,0.15,0.1
1782,1782,Te Atatu Peninsula East,NZ-AUK,Auckland,0.15,0.15,0.1,0.15,0.1
1783,1783,Te Atatu Peninsula North West,NZ-AUK,Auckland,0.15,0.15,0.1,0.15,0.1
1784,1784,Te Atatu Peninsula West,NZ-AUK,Auckland,0.15,0.15,0.1,0.15,0.1
1785,1785,Te Atatu South-Central,NZ-AUK,Auckland,0.15,0.15,0.1,0.15,0.1
1786,1786,Te Atatu South-Edmonton,NZ-AUK,Auckland,0.15,0.15,0.1,0.15,0.1
1787,1787,Te Atatu South-McLeod North,NZ-AUK,Auckland,0.15,0.15,0.1,0.15,0.1
1788,1788,Te Atatu South-McLeod South,NZ-AUK,Auckland,0.15,0.15,0.1,0.15,0.1
1789,1789,Te Awamutu Central,NZ-WKO,Waikato,0.15,0.15,0.1,0.15,0.1
1790,1790,Te Awamutu North,NZ-WKO,Waikato,0.15,0.15,0.1,0.15,0.1
1791,1791,Te Awamutu Stadium,NZ-WKO,Waikato,0.15,0.15,0.1,0.15,0.1
1792,1792,Te Awamutu West,NZ-WKO,Waikato,0.15,0.15,0.1,0.15,0.1
1793,1793,Te Hapara East,NZ-GIS,Gisborne,0.15,0.15,0.1,0.15,0.1
1794,1794,Te Hapara North,NZ-GIS,Gisborne,0.15,0.15,0.1,0.15,0.1
1795,1795,Te Hapara South,NZ-GIS,Gisborne,0.15,0.15,0.1,0.15,0.1
1796,1796,Te Horo,NZ-WGN,Wellington,0.15,0.15,0.1,0.15,0.1
1797,1797,Te Kauwhata,NZ-WKO,Waikato,0.15,0.15,0.1,0.15,0.1
1798,1798,Te Kawa,NZ-WKO,Waikato,0.15,0.15,0.1,0.15,0.1
1799,1799,Te Kowhai,NZ-WKO,Waikato,0.15,0.15,0.1,0.15,0.1
1800,1800,Te Kuiti East,NZ-WKO,Waikato,0.15,0.15,0.1,0.15,0.1
1801,1801,Te Kuiti West,NZ-WKO,Waikato,0.15,0.15,0.1,0.15,0.1
1802,1802,Te Kuru,NZ-AUK,Auckland,0.15,0.15,0.1,0.15,0.1
1803,1803,Te Manatu,NZ-WKO,Waikato,0.15,0.15,0.1,0.15,0.1
1804,1804,Te Marua,NZ-WGN,Wellington,0.15,0.15,0.1,0.15,0.1
1805,1805,Te Mata Hills,NZ-HKB,Hawke's Bay,0.15,0.15,0.1,0.15,0.1
1806,1806,Te Maunga North,NZ-BOP,Bay of Plenty,0.15,0.15,0.1,0.15,0.1
1807,1807,Te Maunga South,NZ-BOP,Bay of Plenty,0.15,0.15,0.1,0.15,0.1
1808,1808,Te Pahu,NZ-WKO,Waikato,0.15,0.15,0.1,0.15,0.1
1809,1809,Te Papapa,NZ-AUK,Auckland,0.15,0.15,0.1,0.15,0.1
1810,1810,Te Poi,NZ-WKO,Waikato,0.15,0.15,0.1,0.15,0.1
1811,1811,Te Puke East,NZ-BOP,Bay of Plenty,0.15,0.15,0.1,0.15,0.1
1812,1812,Te Puke West,NZ-BOP,Bay of Plenty,0.15,0.15,0.1,0.15,0.1
1813,1813,Te Puna,NZ-BOP,Bay of Plenty,0.15,0.15,0.1,0.15,0.1
1814,1814,Te Puru,NZ-AUK,Auckland,0.15,0.15,0.1,0.15,0.1
1815,1815,Te Rahu,NZ-WKO,Waikato,0.15,0.15,0.1,0.15,0.1
1816,1816,Te Rapa North,NZ-WKO,Waikato,0.15,0.15,0.1,0.15,0.1
1817,1817,Te Rapa South,NZ-WKO,Waikato,0.15,0.15,0.1,0.15,0.1
1818,1818,Te Reti,NZ-BOP,Bay of Plenty,0.15,0.15,0.1,0.15,0.1
1819,1819,Te Roti-Moeroa,NZ-TKI,Taranaki,0.15,0.15,0.1,0.15,0.1
1820,1820,Te Teko Lakes,NZ-BOP,Bay of Plenty,0.15,0.15,0.1,0.15,0.1
1821,1821,Te Uku,NZ-WKO,Waikato,0.15,0.15,0.1,0.15,0.1
1822,1822,Teddington,NZ-CAN,Canterbury,0.15,0.15,0.1,0.15,0.1
1823,1823,Temple View,NZ-WKO,Waikato,0.15,0.15,0.1,0.15,0.1
1824,1824,Templemore,NZ-TAS,Tasman,0.15,0.15,0.1,0.15,0.1
1825,1825,Templeton,NZ-CAN,Canterbury,0.15,0.15,0.1,0.15,0.1
1826,1826,Temuka East,NZ-CAN,Canterbury,0.15,0.15,0.1,0.15,0.1
1827,1827,Temuka West,NZ-CAN,Canterbury,0.15,0.15,0.1,0.15,0.1
1828,1828,Terrace End,NZ-MWT,Manawatu-Wanganui,0.15,0.15,0.1,0.15,0.1
1829,1829,Teviot Valley,NZ-OTA,Otago,0.15,0.15,0.1,0.15,0.1
1830,1830,Thames Central,NZ-WKO,Waikato,0.15,0.15,0.1,0.15,0.1
1831,1831,Thames Coast,NZ-WKO,Waikato,0.15,0.15,0.1,0.15,0.1
1832,1832,Thames North,NZ-WKO,Waikato,0.15,0.15,0.1,0.15,0.1
1833,1833,Thames South,NZ-WKO,Waikato,0.15,0.15,0.1,0.15,0.1
1834,1834,The Brook,NZ-NSN,Nelson,0.15,0.15,0.1,0.15,0.1
1835,1835,The Gardens (Auckland),NZ-AUK,Auckland,0.15,0.15,0.1,0.15,0.1
1836,1836,The Strand,NZ-AUK,Auckland,0.15,0.15,0.1,0.15,0.1
1837,1837,The Wood,NZ-NSN,Nelson,0.15,0.15,0.1,0.15,0.1
1838,1838,Thorndon,NZ-WGN,Wellington,0.15,0.15,0.1,0.15,0.1
1839,1839,Thornton-Awakeri,NZ-BOP,Bay of Plenty,0.15,0.15,0.1,0.15,0.1
1840,1840,Three Kings East,NZ-AUK,Auckland,0.15,0.15,0.1,0.15,0.1
1841,1841,Three Kings West,NZ-AUK,Auckland,0.15,0.15,0.1,0.15,0.1
1842,1842,Tihiotonga-Whakarewarewa,NZ-BOP,Bay of Plenty,0.15,0.15,0.1,0.15,0.1
1843,1843,Tikipunga North,NZ-NTL,Northland,0.15,0.15,0.1,0.15,0.1
1844,1844,Tikipunga South,NZ-NTL,Northland,0.15,0.15,0.1,0.15,0.1
1845,1845,Tikorangi,NZ-TKI,Taranaki,0.15,0.15,0.1,0.15,0.1
1846,1846,Timaru Central,NZ-CAN,Canterbury,0.15,0.15,0.1,0.15,0.1
1847,1847,Timaru East,NZ-CAN,Canterbury,0.15,0.15,0.1,0.15,0.1
1848,1848,Tindalls-Matakatia,NZ-AUK,Auckland,0.15,0.15,0.1,0.15,0.1
1849,1849,Tinwald North,NZ-CAN,Canterbury,0.15,0.15,0.1,0.15,0.1
1850,1850,Tinwald South,NZ-CAN,Canterbury,0.15,0.15,0.1,0.15,0.1
1851,1851,Tirau,NZ-WKO,Waikato,0.15,0.15,0.1,0.15,0.1
1852,1852,Tiroa,NZ-MWT,Manawatu-Wanganui,0.15,0.15,0.1,0.15,0.1
1853,1853,Tirohanga,NZ-WGN,Wellington,0.15,0.15,0.1,0.15,0.1
1854,1854,Titahi Bay North,NZ-WGN,Wellington,0.15,0.15,0.1,0.15,0.1
1855,1855,Titahi Bay South,NZ-WGN,Wellington,0.15,0.15,0.1,0.15,0.1
1856,1856,Titirangi South,NZ-AUK,Auckland,0.15,0.15,0.1,0.15,0.1
1857,1857,Titoki,NZ-MWT,Manawatu-Wanganui,0.15,0.15,0.1,0.15,0.1
1858,1858,Toi Toi,NZ-NSN,Nelson,0.15,0.15,0.1,0.15,0.1
1859,1859,Tokanui,NZ-WKO,Waikato,0.15,0.15,0.1,0.15,0.1
1860,1860,Toko,NZ-TKI,Taranaki,0.15,0.15,0.1,0.15,0.1
1861,1861,Tokomaru,NZ-GIS,Gisborne,0.15,0.15,0.1,0.15,0.1
1862,1862,Tokorangi,NZ-MWT,Manawatu-Wanganui,0.15,0.15,0.1,0.15,0.1
1863,1863,Tokoroa Central,NZ-WKO,Waikato,0.15,0.15,0.1,0.15,0.1
1864,1864,Tomoana,NZ-HKB,Hawke's Bay,0.15,0.15,0.1,0.15,0.1
1865,1865,Tomoana Crossing,NZ-HKB,Hawke's Bay,0.15,0.15,0.1,0.15,0.1
1866,1866,Torbay,NZ-AUK,Auckland,0.15,0.15,0.1,0.15,0.1
1867,1867,Torlesse,NZ-CAN,Canterbury,0.15,0.15,0.1,0.15,0.1
1868,1868,Totara Heights,NZ-AUK,Auckland,0.15,0.15,0.1,0.15,0.1
1869,1869,Totara Park,NZ-WGN,Wellington,0.15,0.15,0.1,0.15,0.1
1870,1870,Totara Vale North,NZ-AUK,Auckland,0.15,0.15,0.1,0.15,0.1
1871,1871,Totara Vale South,NZ-AUK,Auckland,0.15,0.15,0.1,0.15,0.1
1872,1872,Totora-Kopu,NZ-WKO,Waikato,0.15,0.15,0.1,0.15,0.1
1873,1873,Tower Junction,NZ-CAN,Canterbury,0.15,0.15,0.1,0.15,0.1
1874,1874,Travis Wetlands,NZ-CAN,Canterbury,0.15,0.15,0.1,0.15,0.1
1875,1875,Tremaine,NZ-MWT,Manawatu-Wanganui,0.15,0.15,0.1,0.15,0.1
1876,1876,Trentham North,NZ-WGN,Wellington,0.15,0.15,0.1,0.15,0.1
1877,1877,Trentham South,NZ-WGN,Wellington,0.15,0.15,0.1,0.15,0.1
1878,1878,Trents,NZ-CAN,Canterbury,0.15,0.15,0.1,0.15,0.1
1879,1879,Trident,NZ-BOP,Bay of Plenty,0.15,0.15,0.1,0.15,0.1
1880,1880,Tuahiwi,NZ-CAN,Canterbury,0.15,0.15,0.1,0.15,0.1
1881,1881,Tuakau North,NZ-WKO,Waikato,0.15,0.15,0.1,0.15,0.1
1882,1882,Tuakau Rural,NZ-WKO,Waikato,0.15,0.15,0.1,0.15,0.1
1883,1883,Tuakau South,NZ-WKO,Waikato,0.15,0.15,0.1,0.15,0.1
1884,1884,Tuamarina,NZ-MBH,Marlborough,0.15,0.15,0.1,0.15,0.1
1885,1885,Tuapeka,NZ-OTA,Otago,0.15,0.15,0.1,0.15,0.1
1886,1886,Tui Ridge,NZ-BOP,Bay of Plenty,0.15,0.15,0.1,0.15,0.1
1887,1887,Turakina,NZ-MWT,Manawatu-Wanganui,0.15,0.15,0.1,0.15,0.1
1888,1888,Turanga,NZ-AUK,Auckland,0.15,0.15,0.1,0.15,0.1
1889,1889,Turangi,NZ-WKO,Waikato,0.15,0.15,0.1,0.15,0.1
1890,1890,Turitea,NZ-MWT,Manawatu-Wanganui,0.15,0.15,0.1,0.15,0.1
1891,1891,Turnbull Thompson Park,NZ-STL,Southland,0.15,0.15,0.1,0.15,0.1
1892,1892,Turuturu,NZ-TKI,Taranaki,0.15,0.15,0.1,0.15,0.1
1893,1893,Tuscany Heights,NZ-AUK,Auckland,0.15,0.15,0.1,0.15,0.1
1894,1894,Twizel,NZ-CAN,Canterbury,0.15,0.15,0.1,0.15,0.1
1895,1895,Twyford,NZ-HKB,Hawke's Bay,0.15,0.15,0.1,0.15,0.1
1896,1896,Unsworth Heights East,NZ-AUK,Auckland,0.15,0.15,0.1,0.15,0.1
1897,1897,Unsworth Heights West,NZ-AUK,Auckland,0.15,0.15,0.1,0.15,0.1
1898,1898,Upper Aramoho,NZ-MWT,Manawatu-Wanganui,0.15,0.15,0.1,0.15,0.1
1899,1899,Upper Clutha Valley,NZ-OTA,Otago,0.15,0.15,0.1,0.15,0.1
1900,1900,Upper Hurunui,NZ-CAN,Canterbury,0.15,0.15,0.1,0.15,0.1
1901,1901,Upper Hutt Central,NZ-WGN,Wellington,0.15,0.15,0.1,0.15,0.1
1902,1902,Upper Moutere,NZ-TAS,Tasman,0.15,0.15,0.1,0.15,0.1
1903,1903,Upper Plain,NZ-WGN,Wellington,0.15,0.15,0.1,0.15,0.1
1904,1904,Upper Riccarton,NZ-CAN,Canterbury,0.15,0.15,0.1,0.15,0.1
1905,1905,Upper Vogeltown,NZ-TKI,Taranaki,0.15,0.15,0.1,0.15,0.1
1906,1906,Upper Wairau,NZ-MBH,Marlborough,0.15,0.15,0.1,0.15,0.1
1907,1907,Upper Whanganui,NZ-MWT,Manawatu-Wanganui,0.15,0.15,0.1,0.15,0.1
1908,1908,Utuhina,NZ-BOP,Bay of Plenty,0.15,0.15,0.1,0.15,0.1
1909,1909,Victoria,NZ-BOP,Bay of Plenty,0.15,0.15,0.1,0.15,0.1
1910,1910,Victoria Park,NZ-AUK,Auckland,0.15,0.15,0.1,0.15,0.1
1911,1911,Victory,NZ-NSN,Nelson,0.15,0.15,0.1,0.15,0.1
1912,1912,Vipond,NZ-AUK,Auckland,0.15,0.15,0.1,0.15,0.1
1913,1913,Vivian East,NZ-WGN,Wellington,0.15,0.15,0.1,0.15,0.1
1914,1914,Vivian West,NZ-WGN,Wellington,0.15,0.15,0.1,0.15,0.1
1915,1915,Wadestown,NZ-WGN,Wellington,0.15,0.15,0.1,0.15,0.1
1916,1916,Waerenga,NZ-WKO,Waikato,0.15,0.15,0.1,0.15,0.1
1917,1917,Waharoa-Peria,NZ-WKO,Waikato,0.15,0.15,0.1,0.15,0.1
1918,1918,Waiake,NZ-AUK,Auckland,0.15,0.15,0.1,0.15,0.1
1919,1919,Waianiwa,NZ-STL,Southland,0.15,0.15,0.1,0.15,0.1
1920,1920,Waiatarua,NZ-AUK,Auckland,0.15,0.15,0.1,0.15,0.1
1921,1921,Waiau,NZ-BOP,Bay of Plenty,0.15,0.15,0.1,0.15,0.1
1922,1922,Waiheke East,NZ-AUK,Auckland,0.15,0.15,0.1,0.15,0.1
1923,1923,Waihemo,NZ-OTA,Otago,0.15,0.15,0.1,0.15,0.1
1924,1924,Waihi Beach-Bowentown,NZ-BOP,Bay of Plenty,0.15,0.15,0.1,0.15,0.1
1925,1925,Waihi East,NZ-WKO,Waikato,0.15,0.15,0.1,0.15,0.1
1926,1926,Waihi North,NZ-WKO,Waikato,0.15,0.15,0.1,0.15,0.1
1927,1927,Waihi Rural,NZ-WKO,Waikato,0.15,0.15,0.1,0.15,0.1
1928,1928,Waihi South,NZ-WKO,Waikato,0.15,0.15,0.1,0.15,0.1
1929,1929,Waihou-Manawaru,NZ-WKO,Waikato,0.15,0.15,0.1,0.15,0.1
1930,1930,Waikaka,NZ-STL,Southland,0.15,0.15,0.1,0.15,0.1
1931,1931,Waikanae Beach,NZ-WGN,Wellington,0.15,0.15,0.1,0.15,0.1
1932,1932,Waikanae East,NZ-WGN,Wellington,0.15,0.15,0.1,0.15,0.1
1933,1933,Waikanae Park,NZ-WGN,Wellington,0.15,0.15,0.1,0.15,0.1
1934,1934,Waikanae West,NZ-WGN,Wellington,0.15,0.15,0.1,0.15,0.1
1935,1935,Waikawa (Horowhenua District),NZ-MWT,Manawatu-Wanganui,0.15,0.15,0.1,0.15,0.1
1936,1936,Waikawa (Marlborough District),NZ-MBH,Marlborough,0.15,0.15,0.1,0.15,0.1
1937,1937,Waikouaiti,NZ-OTA,Otago,0.15,0.15,0.1,0.15,0.1
1938,1938,Waikoukou Valley,NZ-AUK,Auckland,0.15,0.15,0.1,0.15,0.1
1939,1939,Waikowhai North,NZ-AUK,Auckland,0.15,0.15,0.1,0.15,0.1
1940,1940,Waikowhai South,NZ-AUK,Auckland,0.15,0.15,0.1,0.15,0.1
1941,1941,Waikuku,NZ-CAN,Canterbury,0.15,0.15,0.1,0.15,0.1
1942,1942,Waima Forest,NZ-NTL,Northland,0.15,0.15,0.1,0.15,0.1
1943,1943,Waima-Woodlands Park,NZ-AUK,Auckland,0.15,0.15,0.1,0.15,0.1
1944,1944,Waimairi Beach,NZ-CAN,Canterbury,0.15,0.15,0.1,0.15,0.1
1945,1945,Waimataitai-Maori Hill,NZ-CAN,Canterbury,0.15,0.15,0.1,0.15,0.1
1946,1946,Waimate East,NZ-CAN,Canterbury,0.15,0.15,0.1,0.15,0.1
1947,1947,Waimate North,NZ-CAN,Canterbury,0.15,0.15,0.1,0.15,0.1
1948,1948,Waimate West,NZ-CAN,Canterbury,0.15,0.15,0.1,0.15,0.1
1949,1949,Waimauku,NZ-AUK,Auckland,0.15,0.15,0.1,0.15,0.1
1950,1950,Waimea West,NZ-TAS,Tasman,0.15,0.15,0.1,0.15,0.1
1951,1951,Waimumu-Kaiwera,NZ-STL,Southland,0.15,0.15,0.1,0.15,0.1
1952,1952,Waingarara-Waimana,NZ-BOP,Bay of Plenty,0.15,0.15,0.1,0.15,0.1
1953,1953,Wainoni,NZ-CAN,Canterbury,0.15,0.15,0.1,0.15,0.1
1954,1954,Wainui,NZ-BOP,Bay of Plenty,0.15,0.15,0.1,0.15,0.1
1955,1955,Wainui-Okitu,NZ-GIS,Gisborne,0.15,0.15,0.1,0.15,0.1
1956,1956,Wainui-Waiwera,NZ-AUK,Auckland,0.15,0.15,0.1,0.15,0.1
1957,1957,Wainuiomata Central,NZ-WGN,Wellington,0.15,0.15,0.1,0.15,0.1
1958,1958,Wainuiomata West,NZ-WGN,Wellington,0.15,0.15,0.1,0.15,0.1
1959,1959,Waiohewa,NZ-BOP,Bay of Plenty,0.15,0.15,0.1,0.15,0.1
1960,1960,Waiopehu,NZ-MWT,Manawatu-Wanganui,0.15,0.15,0.1,0.15,0.1
1961,1961,Waiorohi,NZ-BOP,Bay of Plenty,0.15,0.15,0.1,0.15,0.1
1962,1962,Waiotahi,NZ-BOP,Bay of Plenty,0.15,0.15,0.1,0.15,0.1
1963,1963,Waiouru,NZ-MWT,Manawatu-Wanganui,0.15,0.15,0.1,0.15,0.1
1964,1964,Waipa Valley,NZ-WKO,Waikato,0.15,0.15,0.1,0.15,0.1
1965,1965,Waipahihi,NZ-WKO,Waikato,0.15,0.15,0.1,0.15,0.1
1966,1966,Waipaoa,NZ-GIS,Gisborne,0.15,0.15,0.1,0.15,0.1
1967,1967,Waipapa,NZ-NTL,Northland,0.15,0.15,0.1,0.15,0.1
1968,1968,Waipatukahu,NZ-AUK,Auckland,0.15,0.15,0.1,0.15,0.1
1969,1969,Waipawa,NZ-HKB,Hawke's Bay,0.15,0.15,0.1,0.15,0.1
1970,1970,Waipoua Forest,NZ-NTL,Northland,0.15,0.15,0.1,0.15,0.1
1971,1971,Waipu,NZ-NTL,Northland,0.15,0.15,0.1,0.15,0.1
1972,1972,Waipukurau East,NZ-HKB,Hawke's Bay,0.15,0.15,0.1,0.15,0.1
1973,1973,Waipukurau West,NZ-HKB,Hawke's Bay,0.15,0.15,0.1,0.15,0.1
1974,1974,Wairakei,NZ-BOP,Bay of Plenty,0.15,0.15,0.1,0.15,0.1
1975,1975,Wairakei-Broadlands,NZ-WKO,Waikato,0.15,0.15,0.1,0.15,0.1
1976,1976,Wairau Valley,NZ-AUK,Auckland,0.15,0.15,0.1,0.15,0.1
1977,1977,Wairoa,NZ-HKB,Hawke's Bay,0.15,0.15,0.1,0.15,0.1
1978,1978,Waitaha,NZ-WTC,West Coast,0.15,0.15,0.1,0.15,0.1
1979,1979,Waitahanui,NZ-WKO,Waikato,0.15,0.15,0.1,0.15,0.1
1980,1980,Waitahora,NZ-MWT,Manawatu-Wanganui,0.15,0.15,0.1,0.15,0.1
1981,1981,Waitakere,NZ-AUK,Auckland,0.15,0.15,0.1,0.15,0.1
1982,1982,Waitakere Ranges North,NZ-AUK,Auckland,0.15,0.15,0.1,0.15,0.1
1983,1983,Waitakere Ranges South,NZ-AUK,Auckland,0.15,0.15,0.1,0.15,0.1
1984,1984,Waitangirua,NZ-WGN,Wellington,0.15,0.15,0.1,0.15,0.1
1985,1985,Waitara East,NZ-TKI,Taranaki,0.15,0.15,0.1,0.15,0.1
1986,1986,Waitara West,NZ-TKI,Taranaki,0.15,0.15,0.1,0.15,0.1
1987,1987,Waitarere,NZ-MWT,Manawatu-Wanganui,0.15,0.15,0.1,0.15,0.1
1988,1988,Waitikiri,NZ-CAN,Canterbury,0.15,0.15,0.1,0.15,0.1
1989,1989,Waitoa-Ngarua,NZ-WKO,Waikato,0.15,0.15,0.1,0.15,0.1
1990,1990,Waitohi (Marlborough District),NZ-MBH,Marlborough,0.15,0.15,0.1,0.15,0.1
1991,1991,Waitohi (Timaru District),NZ-CAN,Canterbury,0.15,0.15,0.1,0.15,0.1
1992,1992,Waitohu,NZ-WGN,Wellington,0.15,0.15,0.1,0.15,0.1
1993,1993,Waitoki,NZ-AUK,Auckland,0.15,0.15,0.1,0.15,0.1
1994,1994,Waiuku Central,NZ-AUK,Auckland,0.15,0.15,0.1,0.15,0.1
1995,1995,Waiuku East,NZ-AUK,Auckland,0.15,0.15,0.1,0.15,0.1
1996,1996,Waiwhakaiho-Bell Block South,NZ-TKI,Taranaki,0.15,0.15,0.1,0.15,0.1
1997,1997,Waiwhetu,NZ-WGN,Wellington,0.15,0.15,0.1,0.15,0.1
1998,1998,Wakari,NZ-OTA,Otago,0.15,0.15,0.1,0.15,0.1
1999,1999,Wakatipu Basin,NZ-OTA,Otago,0.15,0.15,0.1,0.15,0.1
2000,2000,Wakefield,NZ-TAS,Tasman,0.15,0.15,0.1,0.15,0.1
2001,2001,Wakefield Rural,NZ-TAS,Tasman,0.15,0.15,0.1,0.15,0.1
2002,2002,Waldronville,NZ-OTA,Otago,0.15,0.15,0.1,0.15,0.1
2003,2003,Wallacetown,NZ-STL,Southland,0.15,0.15,0.1,0.15,0.1
2004,2004,Wallaceville,NZ-WGN,Wellington,0.15,0.15,0.1,0.15,0.1
2005,2005,Waltham,NZ-CAN,Canterbury,0.15,0.15,0.1,0.15,0.1
2006,2006,Wanaka Central,NZ-OTA,Otago,0.15,0.15,0.1,0.15,0.1
2007,2007,Wanaka North,NZ-OTA,Otago,0.15,0.15,0.1,0.15,0.1
2008,2008,Wanaka Waterfront,NZ-OTA,Otago,0.15,0.15,0.1,0.15,0.1
2009,2009,Wanaka West,NZ-OTA,Otago,0.15,0.15,0.1,0.15,0.1
2010,2010,Warkworth East,NZ-AUK,Auckland,0.15,0.15,0.1,0.15,0.1
2011,2011,Warkworth West,NZ-AUK,Auckland,0.15,0.15,0.1,0.15,0.1
2012,2012,Warren Park,NZ-OTA,Otago,0.15,0.15,0.1,0.15,0.1
2013,2013,Warwick,NZ-MWT,Manawatu-Wanganui,0.15,0.15,0.1,0.15,0.1
2014,2014,Washdyke,NZ-CAN,Canterbury,0.15,0.15,0.1,0.15,0.1
2015,2015,Washington,NZ-NSN,Nelson,0.15,0.15,0.1,0.15,0.1
2016,2016,Waterloo East,NZ-WGN,Wellington,0.15,0.15,0.1,0.15,0.1
2017,2017,Waterloo West,NZ-WGN,Wellington,0.15,0.15,0.1,0.15,0.1
2018,2018,Waterview,NZ-AUK,Auckland,0.15,0.15,0.1,0.15,0.1
2019,2019,Watlington,NZ-CAN,Canterbury,0.15,0.15,0.1,0.15,0.1
2020,2020,Wattle Downs East,NZ-AUK,Auckland,0.15,0.15,0.1,0.15,0.1
2021,2021,Wattle Downs North,NZ-AUK,Auckland,0.15,0.15,0.1,0.15,0.1
2022,2022,Wattle Downs West,NZ-AUK,Auckland,0.15,0.15,0.1,0.15,0.1
2023,2023,Waverley,NZ-OTA,Otago,0.15,0.15,0.1,0.15,0.1
2024,2024,Welbourn,NZ-TKI,Taranaki,0.15,0.15,0.1,0.15,0.1
2025,2025,Welcome Bay East,NZ-BOP,Bay of Plenty,0.15,0.15,0.1,0.15,0.1
2026,2026,Welcome Bay South,NZ-BOP,Bay of Plenty,0.15,0.15,0.1,0.15,0.1
2027,2027,Welcome Bay West,NZ-BOP,Bay of Plenty,0.15,0.15,0.1,0.15,0.1
2028,2028,Wellington Botanic Gardens,NZ-WGN,Wellington,0.15,0.15,0.1,0.15,0.1
2029,2029,Wellington Central,NZ-WGN,Wellington,0.15,0.15,0.1,0.15,0.1
2030,2030,Wellington University,NZ-WGN,Wellington,0.15,0.15,0.1,0.15,0.1
2031,2031,Wellsford,NZ-AUK,Auckland,0.15,0.15,0.1,0.15,0.1
2032,2032,Wembley Park,NZ-MWT,Manawatu-Wanganui,0.15,0.15,0.1,0.15,0.1
2033,2033,Wesley East,NZ-AUK,Auckland,0.15,0.15,0.1,0.15,0.1
2034,2034,Wesley South,NZ-AUK,Auckland,0.15,0.15,0.1,0.15,0.1
2035,2035,Wesley West,NZ-AUK,Auckland,0.15,0.15,0.1,0.15,0.1
2036,2036,West End,NZ-MWT,Manawatu-Wanganui,0.15,0.15,0.1,0.15,0.1
2037,2037,West Eyreton,NZ-CAN,Canterbury,0.15,0.15,0.1,0.15,0.1
2038,2038,West Harbour Clearwater Cove,NZ-AUK,Auckland,0.15,0.15,0.1,0.15,0.1
2039,2039,West Harbour Luckens Point,NZ-AUK,Auckland,0.15,0.15,0.1,0.15,0.1
2040,2040,West Harbour West,NZ-AUK,Auckland,0.15,0.15,0.1,0.15,0.1
2041,2041,West Lynn,NZ-AUK,Auckland,0.15,0.15,0.1,0.15,0.1
2042,2042,West Melton,NZ-CAN,Canterbury,0.15,0.15,0.1,0.15,0.1
2043,2043,West Otago,NZ-OTA,Otago,0.15,0.15,0.1,0.15,0.1
2044,2044,West Plains-Makarewa,NZ-STL,Southland,0.15,0.15,0.1,0.15,0.1
2045,2045,Westbrook,NZ-MWT,Manawatu-Wanganui,0.15,0.15,0.1,0.15,0.1
2046,2046,Western Heights (Auckland),NZ-AUK,Auckland,0.15,0.15,0.1,0.15,0.1
2047,2047,Western Heights (Hamilton City),NZ-WKO,Waikato,0.15,0.15,0.1,0.15,0.1
2048,2048,Western Heights (Rotorua District),NZ-BOP,Bay of Plenty,0.15,0.15,0.1,0.15,0.1
2049,2049,Westgate South,NZ-AUK,Auckland,0.15,0.15,0.1,0.15,0.1
2050,2050,Westlake,NZ-AUK,Auckland,0.15,0.15,0.1,0.15,0.1
2051,2051,Westland Glaciers-Bruce Bay,NZ-WTC,West Coast,0.15,0.15,0.1,0.15,0.1
2052,2052,Westmere North,NZ-AUK,Auckland,0.15,0.15,0.1,0.15,0.1
2053,2053,Westmere South-Western Springs,NZ-AUK,Auckland,0.15,0.15,0.1,0.15,0.1
2054,2054,Westmorland,NZ-CAN,Canterbury,0.15,0.15,0.1,0.15,0.1
2055,2055,Weston,NZ-OTA,Otago,0.15,0.15,0.1,0.15,0.1
2056,2056,Westown,NZ-TKI,Taranaki,0.15,0.15,0.1,0.15,0.1
2057,2057,Westport North,NZ-WTC,West Coast,0.15,0.15,0.1,0.15,0.1
2058,2058,Westport Rural,NZ-WTC,West Coast,0.15,0.15,0.1,0.15,0.1
2059,2059,Westport South,NZ-WTC,West Coast,0.15,0.15,0.1,0.15,0.1
2060,2060,Westshore,NZ-HKB,Hawke's Bay,0.15,0.15,0.1,0.15,0.1
2061,2061,Weymouth East,NZ-AUK,Auckland,0.15,0.15,0.1,0.15,0.1
2062,2062,Weymouth North,NZ-AUK,Auckland,0.15,0.15,0.1,0.15,0.1
2063,2063,Weymouth South,NZ-AUK,Auckland,0.15,0.15,0.1,0.15,0.1
2064,2064,Whakaki,NZ-HKB,Hawke's Bay,0.15,0.15,0.1,0.15,0.1
2065,2065,Whakapaku,NZ-NTL,Northland,0.15,0.15,0.1,0.15,0.1
2066,2066,Whakarara,NZ-NTL,Northland,0.15,0.15,0.1,0.15,0.1
2067,2067,Whakarongo,NZ-MWT,Manawatu-Wanganui,0.15,0.15,0.1,0.15,0.1
2068,2068,Whakatane Central,NZ-BOP,Bay of Plenty,0.15,0.15,0.1,0.15,0.1
2069,2069,Whakatane West,NZ-BOP,Bay of Plenty,0.15,0.15,0.1,0.15,0.1
2070,2070,Whalers Gate,NZ-TKI,Taranaki,0.15,0.15,0.1,0.15,0.1
2071,2071,Whangamata,NZ-WKO,Waikato,0.15,0.15,0.1,0.15,0.1
2072,2072,Whangamata Rural,NZ-WKO,Waikato,0.15,0.15,0.1,0.15,0.1
2073,2073,Whangamomona,NZ-MWT,Manawatu-Wanganui,0.15,0.15,0.1,0.15,0.1
2074,2074,Whanganui Central,NZ-MWT,Manawatu-Wanganui,0.15,0.15,0.1,0.15,0.1
2075,2075,Whanganui East-Riverlands,NZ-MWT,Manawatu-Wanganui,0.15,0.15,0.1,0.15,0.1
2076,2076,Whanganui East-Williams Domain,NZ-MWT,Manawatu-Wanganui,0.15,0.15,0.1,0.15,0.1
2077,2077,Whangaparoa Central,NZ-AUK,Auckland,0.15,0.15,0.1,0.15,0.1
2078,2078,Whangarei Central,NZ-NTL,Northland,0.15,0.15,0.1,0.15,0.1
2079,2079,Whangaruru,NZ-NTL,Northland,0.15,0.15,0.1,0.15,0.1
2080,2080,Whareama,NZ-WGN,Wellington,0.15,0.15,0.1,0.15,0.1
2081,2081,Wharekaka,NZ-GIS,Gisborne,0.15,0.15,0.1,0.15,0.1
2082,2082,Wharenui,NZ-CAN,Canterbury,0.15,0.15,0.1,0.15,0.1
2083,2083,Wharewaka,NZ-WKO,Waikato,0.15,0.15,0.1,0.15,0.1
2084,2084,Whataroa-Harihari,NZ-WTC,West Coast,0.15,0.15,0.1,0.15,0.1
2085,2085,Whataupoko East,NZ-GIS,Gisborne,0.15,0.15,0.1,0.15,0.1
2086,2086,Whataupoko West,NZ-GIS,Gisborne,0.15,0.15,0.1,0.15,0.1
2087,2087,Whatawhata East,NZ-WKO,Waikato,0.15,0.15,0.1,0.15,0.1
2088,2088,Whatawhata West,NZ-WKO,Waikato,0.15,0.15,0.1,0.15,0.1
2089,2089,Whau Valley,NZ-NTL,Northland,0.15,0.15,0.1,0.15,0.1
2090,2090,Whenuapai,NZ-AUK,Auckland,0.15,0.15,0.1,0.15,0.1
2091,2091,Whitby,NZ-WGN,Wellington,0.15,0.15,0.1,0.15,0.1
2092,2092,Whitestone,NZ-STL,Southland,0.15,0.15,0.1,0.15,0.1
2093,2093,Whitianga North,NZ-WKO,Waikato,0.15,0.15,0.1,0.15,0.1
2094,2094,Whitianga South,NZ-WKO,Waikato,0.15,0.15,0.1,0.15,0.1
2095,2095,Whitikahu,NZ-WKO,Waikato,0.15,0.15,0.1,0.15,0.1
2096,2096,Whitiora,NZ-WKO,Waikato,0.15,0.15,0.1,0.15,0.1
2097,2097,Whitney East,NZ-MBH,Marlborough,0.15,0.15,0.1,0.15,0.1
2098,2098,Whitney West,NZ-MBH,Marlborough,0.15,0.15,0.1,0.15,0.1
2099,2099,Wigram East,NZ-CAN,Canterbury,0.15,0.15,0.1,0.15,0.1
2100,2100,Wigram North,NZ-CAN,Canterbury,0.15,0.15,0.1,0.15,0.1
2101,2101,Wigram South,NZ-CAN,Canterbury,0.15,0.15,0.1,0.15,0.1
2102,2102,Wigram West,NZ-CAN,Canterbury,0.15,0.15,0.1,0.15,0.1
2103,2103,Wilkes Park,NZ-TAS,Tasman,0.15,0.15,0.1,0.15,0.1
2104,2104,Wilton,NZ-WGN,Wellington,0.15,0.15,0.1,0.15,0.1
2105,2105,Winchmore-Wakanui,NZ-CAN,Canterbury,0.15,0.15,0.1,0.15,0.1
2106,2106,Windsor,NZ-STL,Southland,0.15,0.15,0.1,0.15,0.1
2107,2107,Windsor Park,NZ-AUK,Auckland,0.15,0.15,0.1,0.15,0.1
2108,2108,Wingatui,NZ-OTA,Otago,0.15,0.15,0.1,0.15,0.1
2109,2109,Winton,NZ-STL,Southland,0.15,0.15,0.1,0.15,0.1
2110,2110,Wiri East,NZ-AUK,Auckland,0.15,0.15,0.1,0.15,0.1
2111,2111,Wiri West,NZ-AUK,Auckland,0.15,0.15,0.1,0.15,0.1
2112,2112,Witherlea East,NZ-MBH,Marlborough,0.15,0.15,0.1,0.15,0.1
2113,2113,Witherlea West,NZ-MBH,Marlborough,0.15,0.15,0.1,0.15,0.1
2114,2114,Woburn,NZ-WGN,Wellington,0.15,0.15,0.1,0.15,0.1
2115,2115,Woodbourne,NZ-MBH,Marlborough,0.15,0.15,0.1,0.15,0.1
2116,2116,Woodend,NZ-CAN,Canterbury,0.15,0.15,0.1,0.15,0.1
2117,2117,Woodend-Greenhills,NZ-STL,Southland,0.15,0.15,0.1,0.15,0.1
2118,2118,Woodhill-Vinetown,NZ-NTL,Northland,0.15,0.15,0.1,0.15,0.1
2119,2119,Woodlands,NZ-BOP,Bay of Plenty,0.15,0.15,0.1,0.15,0.1
2120,2120,Woodridge,NZ-WGN,Wellington,0.15,0.15,0.1,0.15,0.1
2121,2121,Woodville,NZ-MWT,Manawatu-Wanganui,0.15,0.15,0.1,0.15,0.1
2122,2122,Woolston East,NZ-CAN,Canterbury,0.15,0.15,0.1,0.15,0.1
2123,2123,Woolston North,NZ-CAN,Canterbury,0.15,0.15,0.1,0.15,0.1
2124,2124,Woolston South,NZ-CAN,Canterbury,0.15,0.15,0.1,0.15,0.1
2125,2125,Woolston West,NZ-CAN,Canterbury,0.15,0.15,0.1,0.15,0.1
2126,2126,Wyndham-Catlins,NZ-STL,Southland,0.15,0.15,0.1,0.15,0.1
2127,2127,Wynyard-Viaduct,NZ-AUK,Auckland,0.15,0.15,0.1,0.15,0.1
2128,2128,Yaldhurst,NZ-CAN,Canterbury,0.15,0.15,0.1,0.15,0.1
2129,2129,Yatton Park,NZ-BOP,Bay of Plenty,0.15,0.15,0.1,0.15,0.1
2130,2130,Yelverton,NZ-MBH,Marlborough,0.15,0.15,0.1,0.15,0.1
