FIPS_CODE,COUNTY_CODE,COUNTY,ST,STATE,FOOD_INSECURITY,SEVERE_HOUSING_COST_BURDEN,UNEMPLOYED,NO_VEHICLE_ACCESS,UNINSURED
0,0,Abancourt,32,Hauts-de-france,0.15,0.15,0.1,0.15,0.1
1,1,Abbaretz,52,Pays De La Loire,0.15,0.15,0.1,0.15,0.1
2,2,Abbeville,32,Hauts-de-france,0.15,0.15,0.1,0.15,0.1
3,3,Abbeville-Saint-Lucien,32,Hauts-de-france,0.15,0.15,0.1,0.15,0.1
4,4,Abbévillers,27,Bourgogne-franche-comté,0.15,0.15,0.1,0.15,0.1
5,5,Abeilhan,76,Occitanie,0.15,0.15,0.1,0.15,0.1
6,6,Abergement-la-Ronce,27,Bourgogne-franche-comté,0.15,0.15,0.1,0.15,0.1
7,7,Abilly,24,Centre-val De Loire,0.15,0.15,0.1,0.15,0.1
8,8,Abjat-sur-Bandiat,75,Nouvelle-aquitaine,0.15,0.15,0.1,0.15,0.1
9,9,Ablain-Saint-Nazaire,32,Hauts-de-france,0.15,0.15,0.1,0.15,0.1
10,10,Ableiges,11,Île-de-france,0.15,0.15,0.1,0.15,0.1
11,11,Ablis,11,Île-de-france,0.15,0.15,0.1,0.15,0.1
12,12,Ablon,28,Normandie,0.15,0.15,0.1,0.15,0.1
13,13,Ablon-sur-Seine,11,Île-de-france,0.15,0.15,0.1,0.15,0.1
14,14,Abondance,84,Auvergne-rhône-alpes,0.15,0.15,0.1,0.15,0.1
15,15,Abondant,24,Centre-val De Loire,0.15,0.15,0.1,0.15,0.1
16,16,Abos,75,Nouvelle-aquitaine,0.15,0.15,0.1,0.15,0.1
17,17,Abreschviller,44,Grand Est,0.15,0.15,0.1,0.15,0.1
18,18,Abrest,84,Auvergne-rhône-alpes,0.15,0.15,0.1,0.15,0.1
19,19,Abscon,32,Hauts-de-france,0.15,0.15,0.1,0.15,0.1
20,20,Abzac,75,Nouvelle-aquitaine,0.15,0.15,0.1,0.15,0.1
21,21,Achen,44,Grand Est,0.15,0.15,0.1,0.15,0.1
22,22,Achenheim,44,Grand Est,0.15,0.15,0.1,0.15,0.1
23,23,Achery,32,Hauts-de-france,0.15,0.15,0.1,0.15,0.1
24,24,Acheux-en-Amiénois,32,Hauts-de-france,0.15,0.15,0.1,0.15,0.1
25,25,Acheux-en-Vimeu,32,Hauts-de-france,0.15,0.15,0.1,0.15,0.1
26,26,Acheville,32,Hauts-de-france,0.15,0.15,0.1,0.15,0.1
27,27,Achicourt,32,Hauts-de-france,0.15,0.15,0.1,0.15,0.1
28,28,Achiet-le-Grand,32,Hauts-de-france,0.15,0.15,0.1,0.15,0.1
29,29,Achères,24,Centre-val De Loire,0.15,0.15,0.1,0.15,0.1
30,30,Achères-la-Forêt,11,Île-de-france,0.15,0.15,0.1,0.15,0.1
31,31,Acigné,53,Bretagne,0.15,0.15,0.1,0.15,0.1
32,32,Acq,32,Hauts-de-france,0.15,0.15,0.1,0.15,0.1
33,33,Acqueville,28,Normandie,0.15,0.15,0.1,0.15,0.1
34,34,Acquigny,28,Normandie,0.15,0.15,0.1,0.15,0.1
35,35,Acquin-Westbécourt,32,Hauts-de-france,0.15,0.15,0.1,0.15,0.1
36,36,Acy,32,Hauts-de-france,0.15,0.15,0.1,0.15,0.1
37,37,Acy-Romance,44,Grand Est,0.15,0.15,0.1,0.15,0.1
38,38,Acy-en-Multien,32,Hauts-de-france,0.15,0.15,0.1,0.15,0.1
39,39,Adainville,11,Île-de-france,0.15,0.15,0.1,0.15,0.1
40,40,Adissan,76,Occitanie,0.15,0.15,0.1,0.15,0.1
41,41,Adriers,75,Nouvelle-aquitaine,0.15,0.15,0.1,0.15,0.1
42,42,Adé,76,Occitanie,0.15,0.15,0.1,0.15,0.1
43,43,Afa,94,Corse,0.15,0.15,0.1,0.15,0.1
44,44,Agde,76,Occitanie,0.15,0.15,0.1,0.15,0.1
45,45,Agen,75,Nouvelle-aquitaine,0.15,0.15,0.1,0.15,0.1
46,46,Agneaux,28,Normandie,0.15,0.15,0.1,0.15,0.1
47,47,Agnetz,32,Hauts-de-france,0.15,0.15,0.1,0.15,0.1
48,48,Agnez-lès-Duisans,32,Hauts-de-france,0.15,0.15,0.1,0.15,0.1
49,49,Agnin,84,Auvergne-rhône-alpes,0.15,0.15,0.1,0.15,0.1
50,50,Agnos,75,Nouvelle-aquitaine,0.15,0.15,0.1,0.15,0.1
51,51,Agny,32,Hauts-de-france,0.15,0.15,0.1,0.15,0.1
52,52,Agon-Coutainville,28,Normandie,0.15,0.15,0.1,0.15,0.1
53,53,Agonac,75,Nouvelle-aquitaine,0.15,0.15,0.1,0.15,0.1
54,54,Agris,75,Nouvelle-aquitaine,0.15,0.15,0.1,0.15,0.1
55,55,Aguessac,76,Occitanie,0.15,0.15,0.1,0.15,0.1
56,56,Ahetze,75,Nouvelle-aquitaine,0.15,0.15,0.1,0.15,0.1
57,57,Ahuillé,52,Pays De La Loire,0.15,0.15,0.1,0.15,0.1
58,58,Ahun,75,Nouvelle-aquitaine,0.15,0.15,0.1,0.15,0.1
59,59,Ahuy,27,Bourgogne-franche-comté,0.15,0.15,0.1,0.15,0.1
60,60,Aiffres,75,Nouvelle-aquitaine,0.15,0.15,0.1,0.15,0.1
61,61,Aiglemont,44,Grand Est,0.15,0.15,0.1,0.15,0.1
62,62,Aignan,76,Occitanie,0.15,0.15,0.1,0.15,0.1
63,63,Aigneville,32,Hauts-de-france,0.15,0.15,0.1,0.15,0.1
64,64,Aigné,52,Pays De La Loire,0.15,0.15,0.1,0.15,0.1
65,65,Aigre,75,Nouvelle-aquitaine,0.15,0.15,0.1,0.15,0.1
66,66,Aigrefeuille,76,Occitanie,0.15,0.15,0.1,0.15,0.1
67,67,Aigrefeuille-sur-Maine,52,Pays De La Loire,0.15,0.15,0.1,0.15,0.1
68,68,Aigremont,76,Occitanie,0.15,0.15,0.1,0.15,0.1
69,69,Aiguebelle,84,Auvergne-rhône-alpes,0.15,0.15,0.1,0.15,0.1
70,70,Aigueblanche,84,Auvergne-rhône-alpes,0.15,0.15,0.1,0.15,0.1
71,71,Aiguefonde,76,Occitanie,0.15,0.15,0.1,0.15,0.1
72,72,Aigueperse,84,Auvergne-rhône-alpes,0.15,0.15,0.1,0.15,0.1
73,73,Aigues-Mortes,76,Occitanie,0.15,0.15,0.1,0.15,0.1
74,74,Aigues-Vives,76,Occitanie,0.15,0.15,0.1,0.15,0.1
75,75,Aiguillon,75,Nouvelle-aquitaine,0.15,0.15,0.1,0.15,0.1
76,76,Aigurande,24,Centre-val De Loire,0.15,0.15,0.1,0.15,0.1
77,77,Aillant-sur-Tholon,27,Bourgogne-franche-comté,0.15,0.15,0.1,0.15,0.1
78,78,Aillas,75,Nouvelle-aquitaine,0.15,0.15,0.1,0.15,0.1
79,79,Aillevillers-et-Lyaumont,27,Bourgogne-franche-comté,0.15,0.15,0.1,0.15,0.1
80,80,Ailly-le-Haut-Clocher,32,Hauts-de-france,0.15,0.15,0.1,0.15,0.1
81,81,Ailly-sur-Noye,32,Hauts-de-france,0.15,0.15,0.1,0.15,0.1
82,82,Ailly-sur-Somme,32,Hauts-de-france,0.15,0.15,0.1,0.15,0.1
83,83,Aimargues,76,Occitanie,0.15,0.15,0.1,0.15,0.1
84,84,Aime,84,Auvergne-rhône-alpes,0.15,0.15,0.1,0.15,0.1
85,85,Ainay-le-Château,84,Auvergne-rhône-alpes,0.15,0.15,0.1,0.15,0.1
86,86,Aincourt,11,Île-de-france,0.15,0.15,0.1,0.15,0.1
87,87,Aingeray,44,Grand Est,0.15,0.15,0.1,0.15,0.1
88,88,Ainhoa,75,Nouvelle-aquitaine,0.15,0.15,0.1,0.15,0.1
89,89,Airaines,32,Hauts-de-france,0.15,0.15,0.1,0.15,0.1
90,90,Airan,28,Normandie,0.15,0.15,0.1,0.15,0.1
91,91,Aire-sur-la-Lys,32,Hauts-de-france,0.15,0.15,0.1,0.15,0.1
92,92,Airion,32,Hauts-de-france,0.15,0.15,0.1,0.15,0.1
93,93,Airvault,75,Nouvelle-aquitaine,0.15,0.15,0.1,0.15,0.1
94,94,Aiserey,27,Bourgogne-franche-comté,0.15,0.15,0.1,0.15,0.1
95,95,Aiton,84,Auvergne-rhône-alpes,0.15,0.15,0.1,0.15,0.1
96,96,Aix-Noulette,32,Hauts-de-france,0.15,0.15,0.1,0.15,0.1
97,97,Aix-en-Othe,44,Grand Est,0.15,0.15,0.1,0.15,0.1
98,98,Aix-en-Provence,93,Provence-alpes-côte D'azur,0.15,0.15,0.1,0.15,0.1
99,99,Aix-les-Bains,84,Auvergne-rhône-alpes,0.15,0.15,0.1,0.15,0.1
100,100,Aixe-sur-Vienne,75,Nouvelle-aquitaine,0.15,0.15,0.1,0.15,0.1
101,101,Aizenay,52,Pays De La Loire,0.15,0.15,0.1,0.15,0.1
102,102,Ajaccio,94,Corse,0.15,0.15,0.1,0.15,0.1
103,103,Ajain,75,Nouvelle-aquitaine,0.15,0.15,0.1,0.15,0.1
104,104,Alairac,76,Occitanie,0.15,0.15,0.1,0.15,0.1
105,105,Alata,94,Corse,0.15,0.15,0.1,0.15,0.1
106,106,Alba-la-Romaine,84,Auvergne-rhône-alpes,0.15,0.15,0.1,0.15,0.1
107,107,Alban,76,Occitanie,0.15,0.15,0.1,0.15,0.1
108,108,Albanne,,MISSING,0.15,0.15,0.1,0.15,0.1
109,109,Albas,76,Occitanie,0.15,0.15,0.1,0.15,0.1
110,110,Albefeuille-Lagarde,76,Occitanie,0.15,0.15,0.1,0.15,0.1
111,111,Albens,84,Auvergne-rhône-alpes,0.15,0.15,0.1,0.15,0.1
112,112,Albert,32,Hauts-de-france,0.15,0.15,0.1,0.15,0.1
113,113,Albertville,84,Auvergne-rhône-alpes,0.15,0.15,0.1,0.15,0.1
114,114,Albestroff,44,Grand Est,0.15,0.15,0.1,0.15,0.1
115,115,Albi,76,Occitanie,0.15,0.15,0.1,0.15,0.1
116,116,Albias,76,Occitanie,0.15,0.15,0.1,0.15,0.1
117,117,Albigny-sur-Saône,84,Auvergne-rhône-alpes,0.15,0.15,0.1,0.15,0.1
118,118,Albine,76,Occitanie,0.15,0.15,0.1,0.15,0.1
119,119,Albitreccia,94,Corse,0.15,0.15,0.1,0.15,0.1
120,120,Alboussière,84,Auvergne-rhône-alpes,0.15,0.15,0.1,0.15,0.1
121,121,Albussac,75,Nouvelle-aquitaine,0.15,0.15,0.1,0.15,0.1
122,122,Alby-sur-Chéran,84,Auvergne-rhône-alpes,0.15,0.15,0.1,0.15,0.1
123,123,Alençon,28,Normandie,0.15,0.15,0.1,0.15,0.1
124,124,Alet-les-Bains,76,Occitanie,0.15,0.15,0.1,0.15,0.1
125,125,Alex,84,Auvergne-rhône-alpes,0.15,0.15,0.1,0.15,0.1
126,126,Alfortville,11,Île-de-france,0.15,0.15,0.1,0.15,0.1
127,127,Algolsheim,44,Grand Est,0.15,0.15,0.1,0.15,0.1
128,128,Algrange,44,Grand Est,0.15,0.15,0.1,0.15,0.1
129,129,Alignan-du-Vent,76,Occitanie,0.15,0.15,0.1,0.15,0.1
130,130,Alise-Sainte-Reine,27,Bourgogne-franche-comté,0.15,0.15,0.1,0.15,0.1
131,131,Alissas,84,Auvergne-rhône-alpes,0.15,0.15,0.1,0.15,0.1
132,132,Alix,84,Auvergne-rhône-alpes,0.15,0.15,0.1,0.15,0.1
133,133,Alixan,84,Auvergne-rhône-alpes,0.15,0.15,0.1,0.15,0.1
134,134,Alizay,28,Normandie,0.15,0.15,0.1,0.15,0.1
135,135,Allaire,53,Bretagne,0.15,0.15,0.1,0.15,0.1
136,136,Allamps,44,Grand Est,0.15,0.15,0.1,0.15,0.1
137,137,Allan,84,Auvergne-rhône-alpes,0.15,0.15,0.1,0.15,0.1
138,138,Allanche,84,Auvergne-rhône-alpes,0.15,0.15,0.1,0.15,0.1
139,139,Allassac,75,Nouvelle-aquitaine,0.15,0.15,0.1,0.15,0.1
140,140,Allauch,93,Provence-alpes-côte D'azur,0.15,0.15,0.1,0.15,0.1
141,141,Alleins,93,Provence-alpes-côte D'azur,0.15,0.15,0.1,0.15,0.1
142,142,Allemans,75,Nouvelle-aquitaine,0.15,0.15,0.1,0.15,0.1
143,143,Allemond,84,Auvergne-rhône-alpes,0.15,0.15,0.1,0.15,0.1
144,144,Allenjoie,27,Bourgogne-franche-comté,0.15,0.15,0.1,0.15,0.1
145,145,Allennes-les-Marais,32,Hauts-de-france,0.15,0.15,0.1,0.15,0.1
146,146,Allerey-sur-Saône,27,Bourgogne-franche-comté,0.15,0.15,0.1,0.15,0.1
147,147,Allery,32,Hauts-de-france,0.15,0.15,0.1,0.15,0.1
148,148,Allevard,84,Auvergne-rhône-alpes,0.15,0.15,0.1,0.15,0.1
149,149,Allex,84,Auvergne-rhône-alpes,0.15,0.15,0.1,0.15,0.1
150,150,Allez-et-Cazeneuve,75,Nouvelle-aquitaine,0.15,0.15,0.1,0.15,0.1
151,151,Alligny-Cosne,27,Bourgogne-franche-comté,0.15,0.15,0.1,0.15,0.1
152,152,Alligny-en-Morvan,27,Bourgogne-franche-comté,0.15,0.15,0.1,0.15,0.1
153,153,Allineuc,53,Bretagne,0.15,0.15,0.1,0.15,0.1
154,154,Allinges,84,Auvergne-rhône-alpes,0.15,0.15,0.1,0.15,0.1
155,155,Allières-et-Risset,,MISSING,0.15,0.15,0.1,0.15,0.1
156,156,Allogny,24,Centre-val De Loire,0.15,0.15,0.1,0.15,0.1
157,157,Allondrelle,44,Grand Est,0.15,0.15,0.1,0.15,0.1
158,158,Allonne,75,Nouvelle-aquitaine,0.15,0.15,0.1,0.15,0.1
159,159,Allonnes,52,Pays De La Loire,0.15,0.15,0.1,0.15,0.1
160,160,Allonville,32,Hauts-de-france,0.15,0.15,0.1,0.15,0.1
161,161,Allonzier-la-Caille,84,Auvergne-rhône-alpes,0.15,0.15,0.1,0.15,0.1
162,162,Allos,93,Provence-alpes-côte D'azur,0.15,0.15,0.1,0.15,0.1
163,163,Allouagne,32,Hauts-de-france,0.15,0.15,0.1,0.15,0.1
164,164,Alloue,75,Nouvelle-aquitaine,0.15,0.15,0.1,0.15,0.1
165,165,Allouis,24,Centre-val De Loire,0.15,0.15,0.1,0.15,0.1
166,166,Alluyes,24,Centre-val De Loire,0.15,0.15,0.1,0.15,0.1
167,167,Allègre,84,Auvergne-rhône-alpes,0.15,0.15,0.1,0.15,0.1
168,168,Allègre-les-Fumades,76,Occitanie,0.15,0.15,0.1,0.15,0.1
169,169,Allériot,27,Bourgogne-franche-comté,0.15,0.15,0.1,0.15,0.1
170,170,Almenêches,28,Normandie,0.15,0.15,0.1,0.15,0.1
171,171,Alquines,32,Hauts-de-france,0.15,0.15,0.1,0.15,0.1
172,172,Alsting,44,Grand Est,0.15,0.15,0.1,0.15,0.1
173,173,Alteckendorf,44,Grand Est,0.15,0.15,0.1,0.15,0.1
174,174,Althen-des-Paluds,93,Provence-alpes-côte D'azur,0.15,0.15,0.1,0.15,0.1
175,175,Altillac,75,Nouvelle-aquitaine,0.15,0.15,0.1,0.15,0.1
176,176,Altkirch,44,Grand Est,0.15,0.15,0.1,0.15,0.1
177,177,Altorf,44,Grand Est,0.15,0.15,0.1,0.15,0.1
178,178,Altviller,44,Grand Est,0.15,0.15,0.1,0.15,0.1
179,179,Alvignac,76,Occitanie,0.15,0.15,0.1,0.15,0.1
180,180,Alzonne,76,Occitanie,0.15,0.15,0.1,0.15,0.1
181,181,Alès,76,Occitanie,0.15,0.15,0.1,0.15,0.1
182,182,Alénya,76,Occitanie,0.15,0.15,0.1,0.15,0.1
183,183,Aléria,94,Corse,0.15,0.15,0.1,0.15,0.1
184,184,Amagne,44,Grand Est,0.15,0.15,0.1,0.15,0.1
185,185,Amagney,27,Bourgogne-franche-comté,0.15,0.15,0.1,0.15,0.1
186,186,Amailloux,75,Nouvelle-aquitaine,0.15,0.15,0.1,0.15,0.1
187,187,Amance,44,Grand Est,0.15,0.15,0.1,0.15,0.1
188,188,Amancey,27,Bourgogne-franche-comté,0.15,0.15,0.1,0.15,0.1
189,189,Amancy,84,Auvergne-rhône-alpes,0.15,0.15,0.1,0.15,0.1
190,190,Amanlis,53,Bretagne,0.15,0.15,0.1,0.15,0.1
191,191,Amanvillers,44,Grand Est,0.15,0.15,0.1,0.15,0.1
192,192,Amayé-sur-Orne,28,Normandie,0.15,0.15,0.1,0.15,0.1
193,193,Ambarès-et-Lagrave,75,Nouvelle-aquitaine,0.15,0.15,0.1,0.15,0.1
194,194,Ambazac,75,Nouvelle-aquitaine,0.15,0.15,0.1,0.15,0.1
195,195,Ambert,84,Auvergne-rhône-alpes,0.15,0.15,0.1,0.15,0.1
196,196,Ambierle,84,Auvergne-rhône-alpes,0.15,0.15,0.1,0.15,0.1
197,197,Ambillou,24,Centre-val De Loire,0.15,0.15,0.1,0.15,0.1
198,198,Ambillou-Château,52,Pays De La Loire,0.15,0.15,0.1,0.15,0.1
199,199,Amblainville,32,Hauts-de-france,0.15,0.15,0.1,0.15,0.1
200,200,Ambleny,32,Hauts-de-france,0.15,0.15,0.1,0.15,0.1
201,201,Ambleteuse,32,Hauts-de-france,0.15,0.15,0.1,0.15,0.1
202,202,Amboise,24,Centre-val De Loire,0.15,0.15,0.1,0.15,0.1
203,203,Ambon,53,Bretagne,0.15,0.15,0.1,0.15,0.1
204,204,Ambonnay,44,Grand Est,0.15,0.15,0.1,0.15,0.1
205,205,Ambrault,24,Centre-val De Loire,0.15,0.15,0.1,0.15,0.1
206,206,Ambres,76,Occitanie,0.15,0.15,0.1,0.15,0.1
207,207,Ambrières-les-Vallées,52,Pays De La Loire,0.15,0.15,0.1,0.15,0.1
208,208,Ambronay,84,Auvergne-rhône-alpes,0.15,0.15,0.1,0.15,0.1
209,209,Ambutrix,84,Auvergne-rhône-alpes,0.15,0.15,0.1,0.15,0.1
210,210,Ambès,75,Nouvelle-aquitaine,0.15,0.15,0.1,0.15,0.1
211,211,Ambérieu-en-Bugey,84,Auvergne-rhône-alpes,0.15,0.15,0.1,0.15,0.1
212,212,Ambérieux-en-Dombes,84,Auvergne-rhône-alpes,0.15,0.15,0.1,0.15,0.1
213,213,Ames,32,Hauts-de-france,0.15,0.15,0.1,0.15,0.1
214,214,Amfreville,28,Normandie,0.15,0.15,0.1,0.15,0.1
215,215,Amfreville-la-Campagne,28,Normandie,0.15,0.15,0.1,0.15,0.1
216,216,Amfreville-la-Mi-Voie,28,Normandie,0.15,0.15,0.1,0.15,0.1
217,217,Amfreville-sur-Iton,28,Normandie,0.15,0.15,0.1,0.15,0.1
218,218,Amiens,32,Hauts-de-france,0.15,0.15,0.1,0.15,0.1
219,219,Amigny-Rouy,32,Hauts-de-france,0.15,0.15,0.1,0.15,0.1
220,220,Amillis,11,Île-de-france,0.15,0.15,0.1,0.15,0.1
221,221,Amilly,24,Centre-val De Loire,0.15,0.15,0.1,0.15,0.1
222,222,Ammerschwihr,44,Grand Est,0.15,0.15,0.1,0.15,0.1
223,223,Amnéville,44,Grand Est,0.15,0.15,0.1,0.15,0.1
224,224,Amou,75,Nouvelle-aquitaine,0.15,0.15,0.1,0.15,0.1
225,225,Amplepuis,84,Auvergne-rhône-alpes,0.15,0.15,0.1,0.15,0.1
226,226,Ampuis,84,Auvergne-rhône-alpes,0.15,0.15,0.1,0.15,0.1
227,227,Ampus,93,Provence-alpes-côte D'azur,0.15,0.15,0.1,0.15,0.1
228,228,Anais,75,Nouvelle-aquitaine,0.15,0.15,0.1,0.15,0.1
229,229,Anceaumeville,28,Normandie,0.15,0.15,0.1,0.15,0.1
230,230,Ancelle,93,Provence-alpes-côte D'azur,0.15,0.15,0.1,0.15,0.1
231,231,Ancemont,44,Grand Est,0.15,0.15,0.1,0.15,0.1
232,232,Ancenis,52,Pays De La Loire,0.15,0.15,0.1,0.15,0.1
233,233,Ancerville,44,Grand Est,0.15,0.15,0.1,0.15,0.1
234,234,Ancinnes,52,Pays De La Loire,0.15,0.15,0.1,0.15,0.1
235,235,Ancourt,28,Normandie,0.15,0.15,0.1,0.15,0.1
236,236,Anctoville,28,Normandie,0.15,0.15,0.1,0.15,0.1
237,237,Ancy,84,Auvergne-rhône-alpes,0.15,0.15,0.1,0.15,0.1
238,238,Ancy-le-Franc,27,Bourgogne-franche-comté,0.15,0.15,0.1,0.15,0.1
239,239,Ancy-sur-Moselle,44,Grand Est,0.15,0.15,0.1,0.15,0.1
240,240,Ancône,84,Auvergne-rhône-alpes,0.15,0.15,0.1,0.15,0.1
241,241,Andance,84,Auvergne-rhône-alpes,0.15,0.15,0.1,0.15,0.1
242,242,Andancette,84,Auvergne-rhône-alpes,0.15,0.15,0.1,0.15,0.1
243,243,Andard,52,Pays De La Loire,0.15,0.15,0.1,0.15,0.1
244,244,Andel,53,Bretagne,0.15,0.15,0.1,0.15,0.1
245,245,Andelnans,27,Bourgogne-franche-comté,0.15,0.15,0.1,0.15,0.1
246,246,Andelot-Blancheville,44,Grand Est,0.15,0.15,0.1,0.15,0.1
247,247,Andelot-en-Montagne,27,Bourgogne-franche-comté,0.15,0.15,0.1,0.15,0.1
248,248,Andernos-les-Bains,75,Nouvelle-aquitaine,0.15,0.15,0.1,0.15,0.1
249,249,Andeville,32,Hauts-de-france,0.15,0.15,0.1,0.15,0.1
250,250,Andilly,84,Auvergne-rhône-alpes,0.15,0.15,0.1,0.15,0.1
251,251,Andlau,44,Grand Est,0.15,0.15,0.1,0.15,0.1
252,252,Andoins,75,Nouvelle-aquitaine,0.15,0.15,0.1,0.15,0.1
253,253,Andolsheim,44,Grand Est,0.15,0.15,0.1,0.15,0.1
254,254,Andouillé,52,Pays De La Loire,0.15,0.15,0.1,0.15,0.1
255,255,Andouillé-Neuville,53,Bretagne,0.15,0.15,0.1,0.15,0.1
256,256,Andres,32,Hauts-de-france,0.15,0.15,0.1,0.15,0.1
257,257,Andrest,76,Occitanie,0.15,0.15,0.1,0.15,0.1
258,258,Andrezé,52,Pays De La Loire,0.15,0.15,0.1,0.15,0.1
259,259,Andrésy,11,Île-de-france,0.15,0.15,0.1,0.15,0.1
260,260,Andrézieux-Bouthéon,84,Auvergne-rhône-alpes,0.15,0.15,0.1,0.15,0.1
261,261,Anduze,76,Occitanie,0.15,0.15,0.1,0.15,0.1
262,262,Andé,28,Normandie,0.15,0.15,0.1,0.15,0.1
263,263,Anet,24,Centre-val De Loire,0.15,0.15,0.1,0.15,0.1
264,264,Anetz,52,Pays De La Loire,0.15,0.15,0.1,0.15,0.1
265,265,Angaïs,75,Nouvelle-aquitaine,0.15,0.15,0.1,0.15,0.1
266,266,Angeac-Champagne,75,Nouvelle-aquitaine,0.15,0.15,0.1,0.15,0.1
267,267,Angers,52,Pays De La Loire,0.15,0.15,0.1,0.15,0.1
268,268,Angerville,28,Normandie,0.15,0.15,0.1,0.15,0.1
269,269,Angerville-la-Martel,28,Normandie,0.15,0.15,0.1,0.15,0.1
270,270,Angervilliers,11,Île-de-france,0.15,0.15,0.1,0.15,0.1
271,271,Angevillers,44,Grand Est,0.15,0.15,0.1,0.15,0.1
272,272,Angicourt,32,Hauts-de-france,0.15,0.15,0.1,0.15,0.1
273,273,Angiens,28,Normandie,0.15,0.15,0.1,0.15,0.1
274,274,Anglade,75,Nouvelle-aquitaine,0.15,0.15,0.1,0.15,0.1
275,275,Anglards-de-Salers,84,Auvergne-rhône-alpes,0.15,0.15,0.1,0.15,0.1
276,276,Anglars-Saint-Félix,76,Occitanie,0.15,0.15,0.1,0.15,0.1
277,277,Anglefort,84,Auvergne-rhône-alpes,0.15,0.15,0.1,0.15,0.1
278,278,Angles,93,Provence-alpes-côte D'azur,0.15,0.15,0.1,0.15,0.1
279,279,Anglet,75,Nouvelle-aquitaine,0.15,0.15,0.1,0.15,0.1
280,280,Angliers,75,Nouvelle-aquitaine,0.15,0.15,0.1,0.15,0.1
281,281,Anglure,44,Grand Est,0.15,0.15,0.1,0.15,0.1
282,282,Anglès,76,Occitanie,0.15,0.15,0.1,0.15,0.1
283,283,Angoisse,75,Nouvelle-aquitaine,0.15,0.15,0.1,0.15,0.1
284,284,Angostrina,76,Occitanie,0.15,0.15,0.1,0.15,0.1
285,285,Angoulins,75,Nouvelle-aquitaine,0.15,0.15,0.1,0.15,0.1
286,286,Angoulême,75,Nouvelle-aquitaine,0.15,0.15,0.1,0.15,0.1
287,287,Angres,32,Hauts-de-france,0.15,0.15,0.1,0.15,0.1
288,288,Angresse,75,Nouvelle-aquitaine,0.15,0.15,0.1,0.15,0.1
289,289,Angrie,52,Pays De La Loire,0.15,0.15,0.1,0.15,0.1
290,290,Anguerny,28,Normandie,0.15,0.15,0.1,0.15,0.1
291,291,Angy,32,Hauts-de-france,0.15,0.15,0.1,0.15,0.1
292,292,Angé,24,Centre-val De Loire,0.15,0.15,0.1,0.15,0.1
293,293,Anhiers,32,Hauts-de-france,0.15,0.15,0.1,0.15,0.1
294,294,Aniane,76,Occitanie,0.15,0.15,0.1,0.15,0.1
295,295,Aniche,32,Hauts-de-france,0.15,0.15,0.1,0.15,0.1
296,296,Anisy,28,Normandie,0.15,0.15,0.1,0.15,0.1
297,297,Anizy-le-Château,32,Hauts-de-france,0.15,0.15,0.1,0.15,0.1
298,298,Anjou,84,Auvergne-rhône-alpes,0.15,0.15,0.1,0.15,0.1
299,299,Anjoutey,27,Bourgogne-franche-comté,0.15,0.15,0.1,0.15,0.1
300,300,Annay,32,Hauts-de-france,0.15,0.15,0.1,0.15,0.1
301,301,Annecy,84,Auvergne-rhône-alpes,0.15,0.15,0.1,0.15,0.1
302,302,Annecy-le-Vieux,84,Auvergne-rhône-alpes,0.15,0.15,0.1,0.15,0.1
303,303,Annemasse,84,Auvergne-rhône-alpes,0.15,0.15,0.1,0.15,0.1
304,304,Annequin,32,Hauts-de-france,0.15,0.15,0.1,0.15,0.1
305,305,Annesse-et-Beaulieu,75,Nouvelle-aquitaine,0.15,0.15,0.1,0.15,0.1
306,306,Annet-sur-Marne,11,Île-de-france,0.15,0.15,0.1,0.15,0.1
307,307,Anneville-Ambourville,28,Normandie,0.15,0.15,0.1,0.15,0.1
308,308,Anneyron,84,Auvergne-rhône-alpes,0.15,0.15,0.1,0.15,0.1
309,309,Annezin,32,Hauts-de-france,0.15,0.15,0.1,0.15,0.1
310,310,Annoeullin,32,Hauts-de-france,0.15,0.15,0.1,0.15,0.1
311,311,Annoisin,,MISSING,0.15,0.15,0.1,0.15,0.1
312,312,Annonay,84,Auvergne-rhône-alpes,0.15,0.15,0.1,0.15,0.1
313,313,Annot,93,Provence-alpes-côte D'azur,0.15,0.15,0.1,0.15,0.1
314,314,Annoville,28,Normandie,0.15,0.15,0.1,0.15,0.1
315,315,Anor,32,Hauts-de-france,0.15,0.15,0.1,0.15,0.1
316,316,Anost,27,Bourgogne-franche-comté,0.15,0.15,0.1,0.15,0.1
317,317,Anould,44,Grand Est,0.15,0.15,0.1,0.15,0.1
318,318,Ansac-sur-Vienne,75,Nouvelle-aquitaine,0.15,0.15,0.1,0.15,0.1
319,319,Ansauvillers,32,Hauts-de-france,0.15,0.15,0.1,0.15,0.1
320,320,Anse,84,Auvergne-rhône-alpes,0.15,0.15,0.1,0.15,0.1
321,321,Ansouis,93,Provence-alpes-côte D'azur,0.15,0.15,0.1,0.15,0.1
322,322,Anstaing,32,Hauts-de-france,0.15,0.15,0.1,0.15,0.1
323,323,Anthon,84,Auvergne-rhône-alpes,0.15,0.15,0.1,0.15,0.1
324,324,Anthy-sur-Léman,84,Auvergne-rhône-alpes,0.15,0.15,0.1,0.15,0.1
325,325,Antibes,93,Provence-alpes-côte D'azur,0.15,0.15,0.1,0.15,0.1
326,326,Antigny,75,Nouvelle-aquitaine,0.15,0.15,0.1,0.15,0.1
327,327,Antonne,,MISSING,0.15,0.15,0.1,0.15,0.1
328,328,Antony,11,Île-de-france,0.15,0.15,0.1,0.15,0.1
329,329,Antraigues-sur-Volane,84,Auvergne-rhône-alpes,0.15,0.15,0.1,0.15,0.1
330,330,Antrain,53,Bretagne,0.15,0.15,0.1,0.15,0.1
331,331,Antran,75,Nouvelle-aquitaine,0.15,0.15,0.1,0.15,0.1
332,332,Antully,27,Bourgogne-franche-comté,0.15,0.15,0.1,0.15,0.1
333,333,Anvin,32,Hauts-de-france,0.15,0.15,0.1,0.15,0.1
334,334,Any-Martin-Rieux,32,Hauts-de-france,0.15,0.15,0.1,0.15,0.1
335,335,Anzin,32,Hauts-de-france,0.15,0.15,0.1,0.15,0.1
336,336,Anzin-Saint-Aubin,32,Hauts-de-france,0.15,0.15,0.1,0.15,0.1
337,337,Anzême,75,Nouvelle-aquitaine,0.15,0.15,0.1,0.15,0.1
338,338,Aoste,84,Auvergne-rhône-alpes,0.15,0.15,0.1,0.15,0.1
339,339,Aouste-sur-Sye,84,Auvergne-rhône-alpes,0.15,0.15,0.1,0.15,0.1
340,340,Apach,44,Grand Est,0.15,0.15,0.1,0.15,0.1
341,341,Appeville-Annebault,28,Normandie,0.15,0.15,0.1,0.15,0.1
342,342,Appietto,94,Corse,0.15,0.15,0.1,0.15,0.1
343,343,Appilly,32,Hauts-de-france,0.15,0.15,0.1,0.15,0.1
344,344,Appoigny,27,Bourgogne-franche-comté,0.15,0.15,0.1,0.15,0.1
345,345,Apprieu,84,Auvergne-rhône-alpes,0.15,0.15,0.1,0.15,0.1
346,346,Apremont,84,Auvergne-rhône-alpes,0.15,0.15,0.1,0.15,0.1
347,347,Apt,93,Provence-alpes-côte D'azur,0.15,0.15,0.1,0.15,0.1
348,348,Aramits,75,Nouvelle-aquitaine,0.15,0.15,0.1,0.15,0.1
349,349,Aramon,76,Occitanie,0.15,0.15,0.1,0.15,0.1
350,350,Araules,84,Auvergne-rhône-alpes,0.15,0.15,0.1,0.15,0.1
351,351,Arbanats,75,Nouvelle-aquitaine,0.15,0.15,0.1,0.15,0.1
352,352,Arbent,84,Auvergne-rhône-alpes,0.15,0.15,0.1,0.15,0.1
353,353,Arbin,84,Auvergne-rhône-alpes,0.15,0.15,0.1,0.15,0.1
354,354,Arbois,27,Bourgogne-franche-comté,0.15,0.15,0.1,0.15,0.1
355,355,Arbonne,75,Nouvelle-aquitaine,0.15,0.15,0.1,0.15,0.1
356,356,Arbonne-la-Forêt,11,Île-de-france,0.15,0.15,0.1,0.15,0.1
357,357,Arbouans,27,Bourgogne-franche-comté,0.15,0.15,0.1,0.15,0.1
358,358,Arbus,75,Nouvelle-aquitaine,0.15,0.15,0.1,0.15,0.1
359,359,Arbusigny,84,Auvergne-rhône-alpes,0.15,0.15,0.1,0.15,0.1
360,360,Arc-en-Barrois,44,Grand Est,0.15,0.15,0.1,0.15,0.1
361,361,Arc-et-Senans,27,Bourgogne-franche-comté,0.15,0.15,0.1,0.15,0.1
362,362,Arc-lès-Gray,27,Bourgogne-franche-comté,0.15,0.15,0.1,0.15,0.1
363,363,Arc-sous-Cicon,27,Bourgogne-franche-comté,0.15,0.15,0.1,0.15,0.1
364,364,Arc-sur-Tille,27,Bourgogne-franche-comté,0.15,0.15,0.1,0.15,0.1
365,365,Arcachon,75,Nouvelle-aquitaine,0.15,0.15,0.1,0.15,0.1
366,366,Arcambal,76,Occitanie,0.15,0.15,0.1,0.15,0.1
367,367,Arcangues,75,Nouvelle-aquitaine,0.15,0.15,0.1,0.15,0.1
368,368,Arceau,27,Bourgogne-franche-comté,0.15,0.15,0.1,0.15,0.1
369,369,Arces,75,Nouvelle-aquitaine,0.15,0.15,0.1,0.15,0.1
370,370,Arces-Dilo,27,Bourgogne-franche-comté,0.15,0.15,0.1,0.15,0.1
371,371,Arcey,27,Bourgogne-franche-comté,0.15,0.15,0.1,0.15,0.1
372,372,Archamps,84,Auvergne-rhône-alpes,0.15,0.15,0.1,0.15,0.1
373,373,Arches,84,Auvergne-rhône-alpes,0.15,0.15,0.1,0.15,0.1
374,374,Archettes,44,Grand Est,0.15,0.15,0.1,0.15,0.1
375,375,Archiac,75,Nouvelle-aquitaine,0.15,0.15,0.1,0.15,0.1
376,376,Archigny,75,Nouvelle-aquitaine,0.15,0.15,0.1,0.15,0.1
377,377,Archingeay,75,Nouvelle-aquitaine,0.15,0.15,0.1,0.15,0.1
378,378,Arcis-sur-Aube,44,Grand Est,0.15,0.15,0.1,0.15,0.1
379,379,Arconsat,84,Auvergne-rhône-alpes,0.15,0.15,0.1,0.15,0.1
380,380,Arcueil,11,Île-de-france,0.15,0.15,0.1,0.15,0.1
381,381,Ardentes,24,Centre-val De Loire,0.15,0.15,0.1,0.15,0.1
382,382,Ardes,84,Auvergne-rhône-alpes,0.15,0.15,0.1,0.15,0.1
383,383,Ardillières,75,Nouvelle-aquitaine,0.15,0.15,0.1,0.15,0.1
384,384,Ardin,75,Nouvelle-aquitaine,0.15,0.15,0.1,0.15,0.1
385,385,Ardoix,84,Auvergne-rhône-alpes,0.15,0.15,0.1,0.15,0.1
386,386,Ardon,27,Bourgogne-franche-comté,0.15,0.15,0.1,0.15,0.1
387,387,Ardres,32,Hauts-de-france,0.15,0.15,0.1,0.15,0.1
388,388,Aregno,94,Corse,0.15,0.15,0.1,0.15,0.1
389,389,Areines,24,Centre-val De Loire,0.15,0.15,0.1,0.15,0.1
390,390,Arengosse,75,Nouvelle-aquitaine,0.15,0.15,0.1,0.15,0.1
391,391,Arenthon,84,Auvergne-rhône-alpes,0.15,0.15,0.1,0.15,0.1
392,392,Aressy,75,Nouvelle-aquitaine,0.15,0.15,0.1,0.15,0.1
393,393,Arette,75,Nouvelle-aquitaine,0.15,0.15,0.1,0.15,0.1
394,394,Arfeuilles,84,Auvergne-rhône-alpes,0.15,0.15,0.1,0.15,0.1
395,395,Argagnon,75,Nouvelle-aquitaine,0.15,0.15,0.1,0.15,0.1
396,396,Argancy,44,Grand Est,0.15,0.15,0.1,0.15,0.1
397,397,Argeliers,76,Occitanie,0.15,0.15,0.1,0.15,0.1
398,398,Argelliers,76,Occitanie,0.15,0.15,0.1,0.15,0.1
399,399,Argelès-Gazost,76,Occitanie,0.15,0.15,0.1,0.15,0.1
400,400,Argences,28,Normandie,0.15,0.15,0.1,0.15,0.1
401,401,Argent-sur-Sauldre,24,Centre-val De Loire,0.15,0.15,0.1,0.15,0.1
402,402,Argentan,28,Normandie,0.15,0.15,0.1,0.15,0.1
403,403,Argentat,75,Nouvelle-aquitaine,0.15,0.15,0.1,0.15,0.1
404,404,Argenteuil,11,Île-de-france,0.15,0.15,0.1,0.15,0.1
405,405,Argentine,84,Auvergne-rhône-alpes,0.15,0.15,0.1,0.15,0.1
406,406,Argenton-les-Vallées,75,Nouvelle-aquitaine,0.15,0.15,0.1,0.15,0.1
407,407,Argenton-sur-Creuse,24,Centre-val De Loire,0.15,0.15,0.1,0.15,0.1
408,408,Argentré,52,Pays De La Loire,0.15,0.15,0.1,0.15,0.1
409,409,Argentré-du-Plessis,53,Bretagne,0.15,0.15,0.1,0.15,0.1
410,410,Argoeuves,32,Hauts-de-france,0.15,0.15,0.1,0.15,0.1
411,411,Argol,53,Bretagne,0.15,0.15,0.1,0.15,0.1
412,412,Argouges,28,Normandie,0.15,0.15,0.1,0.15,0.1
413,413,Argy,24,Centre-val De Loire,0.15,0.15,0.1,0.15,0.1
414,414,Arignac,76,Occitanie,0.15,0.15,0.1,0.15,0.1
415,415,Arinthod,27,Bourgogne-franche-comté,0.15,0.15,0.1,0.15,0.1
416,416,Arlanc,84,Auvergne-rhône-alpes,0.15,0.15,0.1,0.15,0.1
417,417,Arlay,27,Bourgogne-franche-comté,0.15,0.15,0.1,0.15,0.1
418,418,Arles,93,Provence-alpes-côte D'azur,0.15,0.15,0.1,0.15,0.1
419,419,Arleuf,27,Bourgogne-franche-comté,0.15,0.15,0.1,0.15,0.1
420,420,Arleux,32,Hauts-de-france,0.15,0.15,0.1,0.15,0.1
421,421,Arleux-en-Gohelle,32,Hauts-de-france,0.15,0.15,0.1,0.15,0.1
422,422,Armancourt,32,Hauts-de-france,0.15,0.15,0.1,0.15,0.1
423,423,Armbouts-Cappel,32,Hauts-de-france,0.15,0.15,0.1,0.15,0.1
424,424,Armeau,27,Bourgogne-franche-comté,0.15,0.15,0.1,0.15,0.1
425,425,Armentières,32,Hauts-de-france,0.15,0.15,0.1,0.15,0.1
426,426,Armentières-en-Brie,11,Île-de-france,0.15,0.15,0.1,0.15,0.1
427,427,Armissan,76,Occitanie,0.15,0.15,0.1,0.15,0.1
428,428,Armoy,84,Auvergne-rhône-alpes,0.15,0.15,0.1,0.15,0.1
429,429,Arnac-Pompadour,75,Nouvelle-aquitaine,0.15,0.15,0.1,0.15,0.1
430,430,Arnac-la-Poste,75,Nouvelle-aquitaine,0.15,0.15,0.1,0.15,0.1
431,431,Arnage,52,Pays De La Loire,0.15,0.15,0.1,0.15,0.1
432,432,Arnas,84,Auvergne-rhône-alpes,0.15,0.15,0.1,0.15,0.1
433,433,Arnaville,44,Grand Est,0.15,0.15,0.1,0.15,0.1
434,434,Arnay-le-Duc,27,Bourgogne-franche-comté,0.15,0.15,0.1,0.15,0.1
435,435,Arnières-sur-Iton,28,Normandie,0.15,0.15,0.1,0.15,0.1
436,436,Arnouville,11,Île-de-france,0.15,0.15,0.1,0.15,0.1
437,437,Arnouville-lès-Mantes,11,Île-de-france,0.15,0.15,0.1,0.15,0.1
438,438,Arnèke,32,Hauts-de-france,0.15,0.15,0.1,0.15,0.1
439,439,Aromas,27,Bourgogne-franche-comté,0.15,0.15,0.1,0.15,0.1
440,440,Aron,52,Pays De La Loire,0.15,0.15,0.1,0.15,0.1
441,441,Arpaillargues-et-Aureillac,76,Occitanie,0.15,0.15,0.1,0.15,0.1
442,442,Arpajon,11,Île-de-france,0.15,0.15,0.1,0.15,0.1
443,443,Arpajon-sur-Cère,84,Auvergne-rhône-alpes,0.15,0.15,0.1,0.15,0.1
444,444,Arquenay,52,Pays De La Loire,0.15,0.15,0.1,0.15,0.1
445,445,Arques,76,Occitanie,0.15,0.15,0.1,0.15,0.1
446,446,Arques-la-Bataille,28,Normandie,0.15,0.15,0.1,0.15,0.1
447,447,Arquian,27,Bourgogne-franche-comté,0.15,0.15,0.1,0.15,0.1
448,448,Arradon,53,Bretagne,0.15,0.15,0.1,0.15,0.1
449,449,Arras,32,Hauts-de-france,0.15,0.15,0.1,0.15,0.1
450,450,Arras-en-Lavedan,76,Occitanie,0.15,0.15,0.1,0.15,0.1
451,451,Arreau,76,Occitanie,0.15,0.15,0.1,0.15,0.1
452,452,Arrens-Marsous,76,Occitanie,0.15,0.15,0.1,0.15,0.1
453,453,Arrest,32,Hauts-de-france,0.15,0.15,0.1,0.15,0.1
454,454,Arromanches-les-Bains,28,Normandie,0.15,0.15,0.1,0.15,0.1
455,455,Arronville,11,Île-de-france,0.15,0.15,0.1,0.15,0.1
456,456,Arros-de-Nay,75,Nouvelle-aquitaine,0.15,0.15,0.1,0.15,0.1
457,457,Arrou,24,Centre-val De Loire,0.15,0.15,0.1,0.15,0.1
458,458,Ars,75,Nouvelle-aquitaine,0.15,0.15,0.1,0.15,0.1
459,459,Ars-Laquenexy,44,Grand Est,0.15,0.15,0.1,0.15,0.1
460,460,Ars-en-Ré,75,Nouvelle-aquitaine,0.15,0.15,0.1,0.15,0.1
461,461,Ars-sur-Formans,84,Auvergne-rhône-alpes,0.15,0.15,0.1,0.15,0.1
462,462,Ars-sur-Moselle,44,Grand Est,0.15,0.15,0.1,0.15,0.1
463,463,Arsac,75,Nouvelle-aquitaine,0.15,0.15,0.1,0.15,0.1
464,464,Arsac-en-Velay,84,Auvergne-rhône-alpes,0.15,0.15,0.1,0.15,0.1
465,465,Arsy,32,Hauts-de-france,0.15,0.15,0.1,0.15,0.1
466,466,Art-sur-Meurthe,44,Grand Est,0.15,0.15,0.1,0.15,0.1
467,467,Artannes-sur-Indre,24,Centre-val De Loire,0.15,0.15,0.1,0.15,0.1
468,468,Artas,84,Auvergne-rhône-alpes,0.15,0.15,0.1,0.15,0.1
469,469,Artemare,84,Auvergne-rhône-alpes,0.15,0.15,0.1,0.15,0.1
470,470,Artenay,24,Centre-val De Loire,0.15,0.15,0.1,0.15,0.1
471,471,Arthaz-Pont-Notre-Dame,84,Auvergne-rhône-alpes,0.15,0.15,0.1,0.15,0.1
472,472,Arthez-de-Béarn,75,Nouvelle-aquitaine,0.15,0.15,0.1,0.15,0.1
473,473,Arthon,24,Centre-val De Loire,0.15,0.15,0.1,0.15,0.1
474,474,Arthon-en-Retz,52,Pays De La Loire,0.15,0.15,0.1,0.15,0.1
475,475,Arthès,76,Occitanie,0.15,0.15,0.1,0.15,0.1
476,476,Artigat,76,Occitanie,0.15,0.15,0.1,0.15,0.1
477,477,Artigueloutan,75,Nouvelle-aquitaine,0.15,0.15,0.1,0.15,0.1
478,478,Artiguelouve,75,Nouvelle-aquitaine,0.15,0.15,0.1,0.15,0.1
479,479,Artigues-près-Bordeaux,75,Nouvelle-aquitaine,0.15,0.15,0.1,0.15,0.1
480,480,Artix,76,Occitanie,0.15,0.15,0.1,0.15,0.1
481,481,Artolsheim,44,Grand Est,0.15,0.15,0.1,0.15,0.1
482,482,Artonne,84,Auvergne-rhône-alpes,0.15,0.15,0.1,0.15,0.1
483,483,Artres,32,Hauts-de-france,0.15,0.15,0.1,0.15,0.1
484,484,Artzenheim,44,Grand Est,0.15,0.15,0.1,0.15,0.1
485,485,Arudy,75,Nouvelle-aquitaine,0.15,0.15,0.1,0.15,0.1
486,486,Arvert,75,Nouvelle-aquitaine,0.15,0.15,0.1,0.15,0.1
487,487,Arveyres,75,Nouvelle-aquitaine,0.15,0.15,0.1,0.15,0.1
488,488,Arvieu,76,Occitanie,0.15,0.15,0.1,0.15,0.1
489,489,Arvillard,84,Auvergne-rhône-alpes,0.15,0.15,0.1,0.15,0.1
490,490,Arvillers,32,Hauts-de-france,0.15,0.15,0.1,0.15,0.1
491,491,Arzacq-Arraziguet,75,Nouvelle-aquitaine,0.15,0.15,0.1,0.15,0.1
492,492,Arzal,53,Bretagne,0.15,0.15,0.1,0.15,0.1
493,493,Arzano,53,Bretagne,0.15,0.15,0.1,0.15,0.1
494,494,Arzens,76,Occitanie,0.15,0.15,0.1,0.15,0.1
495,495,Arzon,53,Bretagne,0.15,0.15,0.1,0.15,0.1
496,496,Arzviller,44,Grand Est,0.15,0.15,0.1,0.15,0.1
497,497,Arâches-la-Frasse,84,Auvergne-rhône-alpes,0.15,0.15,0.1,0.15,0.1
498,498,Arçais,75,Nouvelle-aquitaine,0.15,0.15,0.1,0.15,0.1
499,499,Arçon,27,Bourgogne-franche-comté,0.15,0.15,0.1,0.15,0.1
500,500,Arçonnay,52,Pays De La Loire,0.15,0.15,0.1,0.15,0.1
501,501,Arès,75,Nouvelle-aquitaine,0.15,0.15,0.1,0.15,0.1
502,502,Asasp-Arros,75,Nouvelle-aquitaine,0.15,0.15,0.1,0.15,0.1
503,503,Ascain,75,Nouvelle-aquitaine,0.15,0.15,0.1,0.15,0.1
504,504,Aschères-le-Marché,24,Centre-val De Loire,0.15,0.15,0.1,0.15,0.1
505,505,Ascoux,24,Centre-val De Loire,0.15,0.15,0.1,0.15,0.1
506,506,Asfeld,44,Grand Est,0.15,0.15,0.1,0.15,0.1
507,507,Aslonnes,75,Nouvelle-aquitaine,0.15,0.15,0.1,0.15,0.1
508,508,Asnans-Beauvoisin,27,Bourgogne-franche-comté,0.15,0.15,0.1,0.15,0.1
509,509,Asnelles,28,Normandie,0.15,0.15,0.1,0.15,0.1
510,510,Asnières-la-Giraud,75,Nouvelle-aquitaine,0.15,0.15,0.1,0.15,0.1
511,511,Asnières-lès-Dijon,27,Bourgogne-franche-comté,0.15,0.15,0.1,0.15,0.1
512,512,Asnières-sur-Nouère,75,Nouvelle-aquitaine,0.15,0.15,0.1,0.15,0.1
513,513,Asnières-sur-Oise,11,Île-de-france,0.15,0.15,0.1,0.15,0.1
514,514,Asnières-sur-Seine,11,Île-de-france,0.15,0.15,0.1,0.15,0.1
515,515,Aspach,44,Grand Est,0.15,0.15,0.1,0.15,0.1
516,516,Aspach-le-Bas,44,Grand Est,0.15,0.15,0.1,0.15,0.1
517,517,Aspach-le-Haut,44,Grand Est,0.15,0.15,0.1,0.15,0.1
518,518,Aspet,76,Occitanie,0.15,0.15,0.1,0.15,0.1
519,519,Aspiran,76,Occitanie,0.15,0.15,0.1,0.15,0.1
520,520,Aspremont,93,Provence-alpes-côte D'azur,0.15,0.15,0.1,0.15,0.1
521,521,Aspres-sur-Buëch,93,Provence-alpes-côte D'azur,0.15,0.15,0.1,0.15,0.1
522,522,Asques,76,Occitanie,0.15,0.15,0.1,0.15,0.1
523,523,Assais-les-Jumeaux,75,Nouvelle-aquitaine,0.15,0.15,0.1,0.15,0.1
524,524,Assas,76,Occitanie,0.15,0.15,0.1,0.15,0.1
525,525,Assat,75,Nouvelle-aquitaine,0.15,0.15,0.1,0.15,0.1
526,526,Assier,76,Occitanie,0.15,0.15,0.1,0.15,0.1
527,527,Assieu,84,Auvergne-rhône-alpes,0.15,0.15,0.1,0.15,0.1
528,528,Asson,75,Nouvelle-aquitaine,0.15,0.15,0.1,0.15,0.1
529,529,Assé-le-Boisne,52,Pays De La Loire,0.15,0.15,0.1,0.15,0.1
530,530,Assérac,52,Pays De La Loire,0.15,0.15,0.1,0.15,0.1
531,531,Astaffort,75,Nouvelle-aquitaine,0.15,0.15,0.1,0.15,0.1
532,532,Astillé,52,Pays De La Loire,0.15,0.15,0.1,0.15,0.1
533,533,Asté,76,Occitanie,0.15,0.15,0.1,0.15,0.1
534,534,Athesans-Étroitefontaine,27,Bourgogne-franche-comté,0.15,0.15,0.1,0.15,0.1
535,535,Athies,32,Hauts-de-france,0.15,0.15,0.1,0.15,0.1
536,536,Athies-sous-Laon,32,Hauts-de-france,0.15,0.15,0.1,0.15,0.1
537,537,Athis,44,Grand Est,0.15,0.15,0.1,0.15,0.1
538,538,Athis-Mons,11,Île-de-france,0.15,0.15,0.1,0.15,0.1
539,539,Athis-de-l'Orne,28,Normandie,0.15,0.15,0.1,0.15,0.1
540,540,Athée,52,Pays De La Loire,0.15,0.15,0.1,0.15,0.1
541,541,Athée-sur-Cher,24,Centre-val De Loire,0.15,0.15,0.1,0.15,0.1
542,542,Attainville,11,Île-de-france,0.15,0.15,0.1,0.15,0.1
543,543,Attenschwiller,44,Grand Est,0.15,0.15,0.1,0.15,0.1
544,544,Attiches,32,Hauts-de-france,0.15,0.15,0.1,0.15,0.1
545,545,Attichy,32,Hauts-de-france,0.15,0.15,0.1,0.15,0.1
546,546,Attignat,84,Auvergne-rhône-alpes,0.15,0.15,0.1,0.15,0.1
547,547,Attignat-Oncin,84,Auvergne-rhône-alpes,0.15,0.15,0.1,0.15,0.1
548,548,Attigny,44,Grand Est,0.15,0.15,0.1,0.15,0.1
549,549,Attin,32,Hauts-de-france,0.15,0.15,0.1,0.15,0.1
550,550,Atton,44,Grand Est,0.15,0.15,0.1,0.15,0.1
551,551,Atur,75,Nouvelle-aquitaine,0.15,0.15,0.1,0.15,0.1
552,552,Aubagne,93,Provence-alpes-côte D'azur,0.15,0.15,0.1,0.15,0.1
553,553,Aubais,76,Occitanie,0.15,0.15,0.1,0.15,0.1
554,554,Aubas,75,Nouvelle-aquitaine,0.15,0.15,0.1,0.15,0.1
555,555,Aubazine,75,Nouvelle-aquitaine,0.15,0.15,0.1,0.15,0.1
556,556,Aubenas,84,Auvergne-rhône-alpes,0.15,0.15,0.1,0.15,0.1
557,557,Aubencheul-au-Bac,32,Hauts-de-france,0.15,0.15,0.1,0.15,0.1
558,558,Aubenton,32,Hauts-de-france,0.15,0.15,0.1,0.15,0.1
559,559,Aubepierre-Ozouer-le-Repos,11,Île-de-france,0.15,0.15,0.1,0.15,0.1
560,560,Auberchicourt,32,Hauts-de-france,0.15,0.15,0.1,0.15,0.1
561,561,Aubergenville,11,Île-de-france,0.15,0.15,0.1,0.15,0.1
562,562,Auberives-sur-Varèze,84,Auvergne-rhône-alpes,0.15,0.15,0.1,0.15,0.1
563,563,Aubers,32,Hauts-de-france,0.15,0.15,0.1,0.15,0.1
564,564,Aubertin,75,Nouvelle-aquitaine,0.15,0.15,0.1,0.15,0.1
565,565,Auberville-la-Campagne,28,Normandie,0.15,0.15,0.1,0.15,0.1
566,566,Aubervilliers,11,Île-de-france,0.15,0.15,0.1,0.15,0.1
567,567,Aubevoye,28,Normandie,0.15,0.15,0.1,0.15,0.1
568,568,Aubiac,75,Nouvelle-aquitaine,0.15,0.15,0.1,0.15,0.1
569,569,Aubie,,MISSING,0.15,0.15,0.1,0.15,0.1
570,570,Aubiet,76,Occitanie,0.15,0.15,0.1,0.15,0.1
571,571,Aubignan,93,Provence-alpes-côte D'azur,0.15,0.15,0.1,0.15,0.1
572,572,Aubignosc,93,Provence-alpes-côte D'azur,0.15,0.15,0.1,0.15,0.1
573,573,Aubigny,84,Auvergne-rhône-alpes,0.15,0.15,0.1,0.15,0.1
574,574,Aubigny-au-Bac,32,Hauts-de-france,0.15,0.15,0.1,0.15,0.1
575,575,Aubigny-en-Artois,32,Hauts-de-france,0.15,0.15,0.1,0.15,0.1
576,576,Aubigny-sur-Nère,24,Centre-val De Loire,0.15,0.15,0.1,0.15,0.1
577,577,Aubigné-Racan,52,Pays De La Loire,0.15,0.15,0.1,0.15,0.1
578,578,Aubin,76,Occitanie,0.15,0.15,0.1,0.15,0.1
579,579,Aubin-Saint-Vaast,32,Hauts-de-france,0.15,0.15,0.1,0.15,0.1
580,580,Aubière,84,Auvergne-rhône-alpes,0.15,0.15,0.1,0.15,0.1
581,581,Aubord,76,Occitanie,0.15,0.15,0.1,0.15,0.1
582,582,Auboué,44,Grand Est,0.15,0.15,0.1,0.15,0.1
583,583,Aubrives,44,Grand Est,0.15,0.15,0.1,0.15,0.1
584,584,Aubry-du-Hainaut,32,Hauts-de-france,0.15,0.15,0.1,0.15,0.1
585,585,Aubusson,75,Nouvelle-aquitaine,0.15,0.15,0.1,0.15,0.1
586,586,Auby,32,Hauts-de-france,0.15,0.15,0.1,0.15,0.1
587,587,Aucaleuc,53,Bretagne,0.15,0.15,0.1,0.15,0.1
588,588,Aucamville,76,Occitanie,0.15,0.15,0.1,0.15,0.1
589,589,Auch,76,Occitanie,0.15,0.15,0.1,0.15,0.1
590,590,Auchel,32,Hauts-de-france,0.15,0.15,0.1,0.15,0.1
591,591,Auchy-les-Mines,32,Hauts-de-france,0.15,0.15,0.1,0.15,0.1
592,592,Auchy-lès-Hesdin,32,Hauts-de-france,0.15,0.15,0.1,0.15,0.1
593,593,Audenge,75,Nouvelle-aquitaine,0.15,0.15,0.1,0.15,0.1
594,594,Audierne,53,Bretagne,0.15,0.15,0.1,0.15,0.1
595,595,Audincourt,27,Bourgogne-franche-comté,0.15,0.15,0.1,0.15,0.1
596,596,Audincthun,32,Hauts-de-france,0.15,0.15,0.1,0.15,0.1
597,597,Audinghen,32,Hauts-de-france,0.15,0.15,0.1,0.15,0.1
598,598,Audresselles,32,Hauts-de-france,0.15,0.15,0.1,0.15,0.1
599,599,Audrieu,28,Normandie,0.15,0.15,0.1,0.15,0.1
600,600,Audruicq,32,Hauts-de-france,0.15,0.15,0.1,0.15,0.1
601,601,Audun-le-Roman,44,Grand Est,0.15,0.15,0.1,0.15,0.1
602,602,Audun-le-Tiche,44,Grand Est,0.15,0.15,0.1,0.15,0.1
603,603,Auffargis,11,Île-de-france,0.15,0.15,0.1,0.15,0.1
604,604,Auffay,28,Normandie,0.15,0.15,0.1,0.15,0.1
605,605,Auffreville-Brasseuil,11,Île-de-france,0.15,0.15,0.1,0.15,0.1
606,606,Augan,53,Bretagne,0.15,0.15,0.1,0.15,0.1
607,607,Augerolles,84,Auvergne-rhône-alpes,0.15,0.15,0.1,0.15,0.1
608,608,Augignac,75,Nouvelle-aquitaine,0.15,0.15,0.1,0.15,0.1
609,609,Augny,44,Grand Est,0.15,0.15,0.1,0.15,0.1
610,610,Augy,32,Hauts-de-france,0.15,0.15,0.1,0.15,0.1
611,611,Augé,75,Nouvelle-aquitaine,0.15,0.15,0.1,0.15,0.1
612,612,Aujargues,76,Occitanie,0.15,0.15,0.1,0.15,0.1
613,613,Aulnat,84,Auvergne-rhône-alpes,0.15,0.15,0.1,0.15,0.1
614,614,Aulnay,75,Nouvelle-aquitaine,0.15,0.15,0.1,0.15,0.1
615,615,Aulnay-la-Rivière,24,Centre-val De Loire,0.15,0.15,0.1,0.15,0.1
616,616,Aulnay-sous-Bois,11,Île-de-france,0.15,0.15,0.1,0.15,0.1
617,617,Aulnay-sur-Iton,28,Normandie,0.15,0.15,0.1,0.15,0.1
618,618,Aulnay-sur-Mauldre,11,Île-de-france,0.15,0.15,0.1,0.15,0.1
619,619,Aulnois-sous-Laon,32,Hauts-de-france,0.15,0.15,0.1,0.15,0.1
620,620,Aulnoy-lez-Valenciennes,32,Hauts-de-france,0.15,0.15,0.1,0.15,0.1
621,621,Aulnoye-Aymeries,32,Hauts-de-france,0.15,0.15,0.1,0.15,0.1
622,622,Ault,32,Hauts-de-france,0.15,0.15,0.1,0.15,0.1
623,623,Aumagne,75,Nouvelle-aquitaine,0.15,0.15,0.1,0.15,0.1
624,624,Aumale,28,Normandie,0.15,0.15,0.1,0.15,0.1
625,625,Aumetz,44,Grand Est,0.15,0.15,0.1,0.15,0.1
626,626,Aumont-Aubrac,76,Occitanie,0.15,0.15,0.1,0.15,0.1
627,627,Aumont-en-Halatte,32,Hauts-de-france,0.15,0.15,0.1,0.15,0.1
628,628,Aunay-sous-Auneau,24,Centre-val De Loire,0.15,0.15,0.1,0.15,0.1
629,629,Aunay-sous-Crécy,24,Centre-val De Loire,0.15,0.15,0.1,0.15,0.1
630,630,Aunay-sur-Odon,28,Normandie,0.15,0.15,0.1,0.15,0.1
631,631,Auneau,24,Centre-val De Loire,0.15,0.15,0.1,0.15,0.1
632,632,Auneuil,32,Hauts-de-france,0.15,0.15,0.1,0.15,0.1
633,633,Auppegard,28,Normandie,0.15,0.15,0.1,0.15,0.1
634,634,Aups,93,Provence-alpes-côte D'azur,0.15,0.15,0.1,0.15,0.1
635,635,Auradé,76,Occitanie,0.15,0.15,0.1,0.15,0.1
636,636,Auray,53,Bretagne,0.15,0.15,0.1,0.15,0.1
637,637,Aurec-sur-Loire,84,Auvergne-rhône-alpes,0.15,0.15,0.1,0.15,0.1
638,638,Aureil,75,Nouvelle-aquitaine,0.15,0.15,0.1,0.15,0.1
639,639,Aureilhan,76,Occitanie,0.15,0.15,0.1,0.15,0.1
640,640,Aureille,93,Provence-alpes-côte D'azur,0.15,0.15,0.1,0.15,0.1
641,641,Aurensan,76,Occitanie,0.15,0.15,0.1,0.15,0.1
642,642,Aureville,76,Occitanie,0.15,0.15,0.1,0.15,0.1
643,643,Auriac-sur-Vendinelle,76,Occitanie,0.15,0.15,0.1,0.15,0.1
644,644,Auribeau-sur-Siagne,93,Provence-alpes-côte D'azur,0.15,0.15,0.1,0.15,0.1
645,645,Aurice,75,Nouvelle-aquitaine,0.15,0.15,0.1,0.15,0.1
646,646,Aurignac,76,Occitanie,0.15,0.15,0.1,0.15,0.1
647,647,Aurillac,84,Auvergne-rhône-alpes,0.15,0.15,0.1,0.15,0.1
648,648,Auriol,93,Provence-alpes-côte D'azur,0.15,0.15,0.1,0.15,0.1
649,649,Aurons,93,Provence-alpes-côte D'azur,0.15,0.15,0.1,0.15,0.1
650,650,Auros,75,Nouvelle-aquitaine,0.15,0.15,0.1,0.15,0.1
651,651,Aussevielle,75,Nouvelle-aquitaine,0.15,0.15,0.1,0.15,0.1
652,652,Aussillon,76,Occitanie,0.15,0.15,0.1,0.15,0.1
653,653,Aussois,84,Auvergne-rhône-alpes,0.15,0.15,0.1,0.15,0.1
654,654,Ausson,76,Occitanie,0.15,0.15,0.1,0.15,0.1
655,655,Aussonne,76,Occitanie,0.15,0.15,0.1,0.15,0.1
656,656,Autechaux-Roide,27,Bourgogne-franche-comté,0.15,0.15,0.1,0.15,0.1
657,657,Auterive,76,Occitanie,0.15,0.15,0.1,0.15,0.1
658,658,Auteuil,32,Hauts-de-france,0.15,0.15,0.1,0.15,0.1
659,659,Autheuil-Authouillet,28,Normandie,0.15,0.15,0.1,0.15,0.1
660,660,Authezat,84,Auvergne-rhône-alpes,0.15,0.15,0.1,0.15,0.1
661,661,Authie,32,Hauts-de-france,0.15,0.15,0.1,0.15,0.1
662,662,Authon,93,Provence-alpes-côte D'azur,0.15,0.15,0.1,0.15,0.1
663,663,Authon-du-Perche,24,Centre-val De Loire,0.15,0.15,0.1,0.15,0.1
664,664,Authume,27,Bourgogne-franche-comté,0.15,0.15,0.1,0.15,0.1
665,665,Autignac,76,Occitanie,0.15,0.15,0.1,0.15,0.1
666,666,Autrans,84,Auvergne-rhône-alpes,0.15,0.15,0.1,0.15,0.1
667,667,Autretot,28,Normandie,0.15,0.15,0.1,0.15,0.1
668,668,Autreville,44,Grand Est,0.15,0.15,0.1,0.15,0.1
669,669,Autruy-sur-Juine,24,Centre-val De Loire,0.15,0.15,0.1,0.15,0.1
670,670,Autry-le-Châtel,24,Centre-val De Loire,0.15,0.15,0.1,0.15,0.1
671,671,Autrêches,32,Hauts-de-france,0.15,0.15,0.1,0.15,0.1
672,672,Autun,27,Bourgogne-franche-comté,0.15,0.15,0.1,0.15,0.1
673,673,Auvers,84,Auvergne-rhône-alpes,0.15,0.15,0.1,0.15,0.1
674,674,Auvers-Saint-Georges,11,Île-de-france,0.15,0.15,0.1,0.15,0.1
675,675,Auvers-le-Hamon,52,Pays De La Loire,0.15,0.15,0.1,0.15,0.1
676,676,Auvers-sur-Oise,11,Île-de-france,0.15,0.15,0.1,0.15,0.1
677,677,Auvillar,76,Occitanie,0.15,0.15,0.1,0.15,0.1
678,678,Auvillers-les-Forges,44,Grand Est,0.15,0.15,0.1,0.15,0.1
679,679,Aux Marais,32,Hauts-de-france,0.15,0.15,0.1,0.15,0.1
680,680,Auxerre,27,Bourgogne-franche-comté,0.15,0.15,0.1,0.15,0.1
681,681,Auxi-le-Château,32,Hauts-de-france,0.15,0.15,0.1,0.15,0.1
682,682,Auxon,44,Grand Est,0.15,0.15,0.1,0.15,0.1
683,683,Auxon-Dessous,27,Bourgogne-franche-comté,0.15,0.15,0.1,0.15,0.1
684,684,Auxon-Dessus,27,Bourgogne-franche-comté,0.15,0.15,0.1,0.15,0.1
685,685,Auxonne,27,Bourgogne-franche-comté,0.15,0.15,0.1,0.15,0.1
686,686,Auxy,27,Bourgogne-franche-comté,0.15,0.15,0.1,0.15,0.1
687,687,Auzances,75,Nouvelle-aquitaine,0.15,0.15,0.1,0.15,0.1
688,688,Auzat,76,Occitanie,0.15,0.15,0.1,0.15,0.1
689,689,Auzat-la-Combelle,84,Auvergne-rhône-alpes,0.15,0.15,0.1,0.15,0.1
690,690,Auzay,52,Pays De La Loire,0.15,0.15,0.1,0.15,0.1
691,691,Auzebosc,28,Normandie,0.15,0.15,0.1,0.15,0.1
692,692,Auzeville-Tolosane,76,Occitanie,0.15,0.15,0.1,0.15,0.1
693,693,Auzielle,76,Occitanie,0.15,0.15,0.1,0.15,0.1
694,694,Auzits,76,Occitanie,0.15,0.15,0.1,0.15,0.1
695,695,Auzon,84,Auvergne-rhône-alpes,0.15,0.15,0.1,0.15,0.1
696,696,Auzouer-en-Touraine,24,Centre-val De Loire,0.15,0.15,0.1,0.15,0.1
697,697,Auzouville-sur-Ry,28,Normandie,0.15,0.15,0.1,0.15,0.1
698,698,Availles-Limouzine,75,Nouvelle-aquitaine,0.15,0.15,0.1,0.15,0.1
699,699,Availles-sur-Seiche,53,Bretagne,0.15,0.15,0.1,0.15,0.1
700,700,Avallon,27,Bourgogne-franche-comté,0.15,0.15,0.1,0.15,0.1
701,701,Avanne-Aveney,27,Bourgogne-franche-comté,0.15,0.15,0.1,0.15,0.1
702,702,Avanton,75,Nouvelle-aquitaine,0.15,0.15,0.1,0.15,0.1
703,703,Avaray,24,Centre-val De Loire,0.15,0.15,0.1,0.15,0.1
704,704,Aveize,84,Auvergne-rhône-alpes,0.15,0.15,0.1,0.15,0.1
705,705,Aveizieux,84,Auvergne-rhône-alpes,0.15,0.15,0.1,0.15,0.1
706,706,Avelin,32,Hauts-de-france,0.15,0.15,0.1,0.15,0.1
707,707,Avensan,75,Nouvelle-aquitaine,0.15,0.15,0.1,0.15,0.1
708,708,Averdon,24,Centre-val De Loire,0.15,0.15,0.1,0.15,0.1
709,709,Avermes,84,Auvergne-rhône-alpes,0.15,0.15,0.1,0.15,0.1
710,710,Avernes,11,Île-de-france,0.15,0.15,0.1,0.15,0.1
711,711,Averton,52,Pays De La Loire,0.15,0.15,0.1,0.15,0.1
712,712,Avesnelles,32,Hauts-de-france,0.15,0.15,0.1,0.15,0.1
713,713,Avesnes-le-Comte,32,Hauts-de-france,0.15,0.15,0.1,0.15,0.1
714,714,Avesnes-le-Sec,32,Hauts-de-france,0.15,0.15,0.1,0.15,0.1
715,715,Avesnes-les-Aubert,32,Hauts-de-france,0.15,0.15,0.1,0.15,0.1
716,716,Avesnes-sur-Helpe,32,Hauts-de-france,0.15,0.15,0.1,0.15,0.1
717,717,Avessac,52,Pays De La Loire,0.15,0.15,0.1,0.15,0.1
718,718,Avezac-Prat-Lahitte,76,Occitanie,0.15,0.15,0.1,0.15,0.1
719,719,Avezé,52,Pays De La Loire,0.15,0.15,0.1,0.15,0.1
720,720,Aviernoz,84,Auvergne-rhône-alpes,0.15,0.15,0.1,0.15,0.1
721,721,Avignon,93,Provence-alpes-côte D'azur,0.15,0.15,0.1,0.15,0.1
722,722,Avignonet-Lauragais,76,Occitanie,0.15,0.15,0.1,0.15,0.1
723,723,Avilly-Saint-Léonard,32,Hauts-de-france,0.15,0.15,0.1,0.15,0.1
724,724,Avion,32,Hauts-de-france,0.15,0.15,0.1,0.15,0.1
725,725,Aviron,28,Normandie,0.15,0.15,0.1,0.15,0.1
726,726,Avize,44,Grand Est,0.15,0.15,0.1,0.15,0.1
727,727,Avoine,28,Normandie,0.15,0.15,0.1,0.15,0.1
728,728,Avoise,52,Pays De La Loire,0.15,0.15,0.1,0.15,0.1
729,729,Avolsheim,44,Grand Est,0.15,0.15,0.1,0.15,0.1
730,730,Avon,75,Nouvelle-aquitaine,0.15,0.15,0.1,0.15,0.1
731,731,Avon-les-Roches,24,Centre-val De Loire,0.15,0.15,0.1,0.15,0.1
732,732,Avord,24,Centre-val De Loire,0.15,0.15,0.1,0.15,0.1
733,733,Avoudrey,27,Bourgogne-franche-comté,0.15,0.15,0.1,0.15,0.1
734,734,Avrainville,44,Grand Est,0.15,0.15,0.1,0.15,0.1
735,735,Avranches,28,Normandie,0.15,0.15,0.1,0.15,0.1
736,736,Avrechy,32,Hauts-de-france,0.15,0.15,0.1,0.15,0.1
737,737,Avrecourt,44,Grand Est,0.15,0.15,0.1,0.15,0.1
738,738,Avremesnil,28,Normandie,0.15,0.15,0.1,0.15,0.1
739,739,Avricourt,44,Grand Est,0.15,0.15,0.1,0.15,0.1
740,740,Avril,44,Grand Est,0.15,0.15,0.1,0.15,0.1
741,741,Avrillé,52,Pays De La Loire,0.15,0.15,0.1,0.15,0.1
742,742,Avroult,32,Hauts-de-france,0.15,0.15,0.1,0.15,0.1
743,743,Avy,75,Nouvelle-aquitaine,0.15,0.15,0.1,0.15,0.1
744,744,Avèze,84,Auvergne-rhône-alpes,0.15,0.15,0.1,0.15,0.1
745,745,Awoingt,32,Hauts-de-france,0.15,0.15,0.1,0.15,0.1
746,746,Ax-les-Thermes,76,Occitanie,0.15,0.15,0.1,0.15,0.1
747,747,Axat,76,Occitanie,0.15,0.15,0.1,0.15,0.1
748,748,Ay,44,Grand Est,0.15,0.15,0.1,0.15,0.1
749,749,Ay-sur-Moselle,44,Grand Est,0.15,0.15,0.1,0.15,0.1
750,750,Aydat,84,Auvergne-rhône-alpes,0.15,0.15,0.1,0.15,0.1
751,751,Aydoilles,44,Grand Est,0.15,0.15,0.1,0.15,0.1
752,752,Ayen,75,Nouvelle-aquitaine,0.15,0.15,0.1,0.15,0.1
753,753,Ayguemorte-les-Graves,75,Nouvelle-aquitaine,0.15,0.15,0.1,0.15,0.1
754,754,Ayguesvives,76,Occitanie,0.15,0.15,0.1,0.15,0.1
755,755,Ayherre,75,Nouvelle-aquitaine,0.15,0.15,0.1,0.15,0.1
756,756,Aynac,76,Occitanie,0.15,0.15,0.1,0.15,0.1
757,757,Ayrens,84,Auvergne-rhône-alpes,0.15,0.15,0.1,0.15,0.1
758,758,Ayron,75,Nouvelle-aquitaine,0.15,0.15,0.1,0.15,0.1
759,759,Ayse,84,Auvergne-rhône-alpes,0.15,0.15,0.1,0.15,0.1
760,760,Aytré,75,Nouvelle-aquitaine,0.15,0.15,0.1,0.15,0.1
761,761,Azay-le-Brûlé,75,Nouvelle-aquitaine,0.15,0.15,0.1,0.15,0.1
762,762,Azay-le-Ferron,24,Centre-val De Loire,0.15,0.15,0.1,0.15,0.1
763,763,Azay-le-Rideau,24,Centre-val De Loire,0.15,0.15,0.1,0.15,0.1
764,764,Azay-sur-Cher,24,Centre-val De Loire,0.15,0.15,0.1,0.15,0.1
765,765,Azay-sur-Thouet,75,Nouvelle-aquitaine,0.15,0.15,0.1,0.15,0.1
766,766,Azerables,75,Nouvelle-aquitaine,0.15,0.15,0.1,0.15,0.1
767,767,Azerailles,44,Grand Est,0.15,0.15,0.1,0.15,0.1
768,768,Azereix,76,Occitanie,0.15,0.15,0.1,0.15,0.1
769,769,Azille,76,Occitanie,0.15,0.15,0.1,0.15,0.1
770,770,Azé,52,Pays De La Loire,0.15,0.15,0.1,0.15,0.1
771,771,Aïcirits-Camou-Suhast,75,Nouvelle-aquitaine,0.15,0.15,0.1,0.15,0.1
772,772,Baccarat,44,Grand Est,0.15,0.15,0.1,0.15,0.1
773,773,Baccon,24,Centre-val De Loire,0.15,0.15,0.1,0.15,0.1
774,774,Bachant,32,Hauts-de-france,0.15,0.15,0.1,0.15,0.1
775,775,Bachy,32,Hauts-de-france,0.15,0.15,0.1,0.15,0.1
776,776,Bacilly,28,Normandie,0.15,0.15,0.1,0.15,0.1
777,777,Bacouel-sur-Selle,32,Hauts-de-france,0.15,0.15,0.1,0.15,0.1
778,778,Bacqueville-en-Caux,28,Normandie,0.15,0.15,0.1,0.15,0.1
779,779,Badaroux,76,Occitanie,0.15,0.15,0.1,0.15,0.1
780,780,Badecon-le-Pin,24,Centre-val De Loire,0.15,0.15,0.1,0.15,0.1
781,781,Baden,53,Bretagne,0.15,0.15,0.1,0.15,0.1
782,782,Badens,76,Occitanie,0.15,0.15,0.1,0.15,0.1
783,783,Badevel,27,Bourgogne-franche-comté,0.15,0.15,0.1,0.15,0.1
784,784,Badinières,84,Auvergne-rhône-alpes,0.15,0.15,0.1,0.15,0.1
785,785,Badonviller,44,Grand Est,0.15,0.15,0.1,0.15,0.1
786,786,Baerenthal,44,Grand Est,0.15,0.15,0.1,0.15,0.1
787,787,Bagard,76,Occitanie,0.15,0.15,0.1,0.15,0.1
788,788,Bages,76,Occitanie,0.15,0.15,0.1,0.15,0.1
789,789,Bagnac-sur-Célé,76,Occitanie,0.15,0.15,0.1,0.15,0.1
790,790,Bagneaux-sur-Loing,11,Île-de-france,0.15,0.15,0.1,0.15,0.1
791,791,Bagneux,84,Auvergne-rhône-alpes,0.15,0.15,0.1,0.15,0.1
792,792,Bagnoles-de-l'Orne,28,Normandie,0.15,0.15,0.1,0.15,0.1
793,793,Bagnolet,11,Île-de-france,0.15,0.15,0.1,0.15,0.1
794,794,Bagnols,84,Auvergne-rhône-alpes,0.15,0.15,0.1,0.15,0.1
795,795,Bagnols-en-Forêt,93,Provence-alpes-côte D'azur,0.15,0.15,0.1,0.15,0.1
796,796,Bagnols-sur-Cèze,76,Occitanie,0.15,0.15,0.1,0.15,0.1
797,797,Bagnères-de-Bigorre,76,Occitanie,0.15,0.15,0.1,0.15,0.1
798,798,Bagnères-de-Luchon,76,Occitanie,0.15,0.15,0.1,0.15,0.1
799,799,Baguer-Morvan,53,Bretagne,0.15,0.15,0.1,0.15,0.1
800,800,Baguer-Pican,53,Bretagne,0.15,0.15,0.1,0.15,0.1
801,801,Baho,76,Occitanie,0.15,0.15,0.1,0.15,0.1
802,802,Baigneaux,75,Nouvelle-aquitaine,0.15,0.15,0.1,0.15,0.1
803,803,Baignes-Sainte-Radegonde,75,Nouvelle-aquitaine,0.15,0.15,0.1,0.15,0.1
804,804,Baigts-de-Béarn,75,Nouvelle-aquitaine,0.15,0.15,0.1,0.15,0.1
805,805,Baillargues,76,Occitanie,0.15,0.15,0.1,0.15,0.1
806,806,Baille,,MISSING,0.15,0.15,0.1,0.15,0.1
807,807,Bailleau-le-Pin,24,Centre-val De Loire,0.15,0.15,0.1,0.15,0.1
808,808,Baillet-en-France,11,Île-de-france,0.15,0.15,0.1,0.15,0.1
809,809,Bailleul,32,Hauts-de-france,0.15,0.15,0.1,0.15,0.1
810,810,Bailleul-Sir-Berthoult,32,Hauts-de-france,0.15,0.15,0.1,0.15,0.1
811,811,Bailleul-le-Soc,32,Hauts-de-france,0.15,0.15,0.1,0.15,0.1
812,812,Bailleul-sur-Thérain,32,Hauts-de-france,0.15,0.15,0.1,0.15,0.1
813,813,Bailleval,32,Hauts-de-france,0.15,0.15,0.1,0.15,0.1
814,814,Bailly,32,Hauts-de-france,0.15,0.15,0.1,0.15,0.1
815,815,Bailly-Carrois,,MISSING,0.15,0.15,0.1,0.15,0.1
816,816,Bailly-Romainvilliers,11,Île-de-france,0.15,0.15,0.1,0.15,0.1
817,817,Bailly-en-Rivière,28,Normandie,0.15,0.15,0.1,0.15,0.1
818,818,Bain-de-Bretagne,53,Bretagne,0.15,0.15,0.1,0.15,0.1
819,819,Baincthun,32,Hauts-de-france,0.15,0.15,0.1,0.15,0.1
820,820,Bains,84,Auvergne-rhône-alpes,0.15,0.15,0.1,0.15,0.1
821,821,Bains-les-Bains,44,Grand Est,0.15,0.15,0.1,0.15,0.1
822,822,Bains-sur-Oust,53,Bretagne,0.15,0.15,0.1,0.15,0.1
823,823,Bainville-sur-Madon,44,Grand Est,0.15,0.15,0.1,0.15,0.1
824,824,Bais,53,Bretagne,0.15,0.15,0.1,0.15,0.1
825,825,Baisieux,32,Hauts-de-france,0.15,0.15,0.1,0.15,0.1
826,826,Baix,84,Auvergne-rhône-alpes,0.15,0.15,0.1,0.15,0.1
827,827,Baixas,76,Occitanie,0.15,0.15,0.1,0.15,0.1
828,828,Balagny-sur-Thérain,32,Hauts-de-france,0.15,0.15,0.1,0.15,0.1
829,829,Balan,84,Auvergne-rhône-alpes,0.15,0.15,0.1,0.15,0.1
830,830,Balaruc-le-Vieux,76,Occitanie,0.15,0.15,0.1,0.15,0.1
831,831,Balaruc-les-Bains,76,Occitanie,0.15,0.15,0.1,0.15,0.1
832,832,Balazé,53,Bretagne,0.15,0.15,0.1,0.15,0.1
833,833,Balbigny,84,Auvergne-rhône-alpes,0.15,0.15,0.1,0.15,0.1
834,834,Baldenheim,44,Grand Est,0.15,0.15,0.1,0.15,0.1
835,835,Baldersheim,44,Grand Est,0.15,0.15,0.1,0.15,0.1
836,836,Balgau,44,Grand Est,0.15,0.15,0.1,0.15,0.1
837,837,Balinghem,32,Hauts-de-france,0.15,0.15,0.1,0.15,0.1
838,838,Ballainvilliers,11,Île-de-france,0.15,0.15,0.1,0.15,0.1
839,839,Ballaison,84,Auvergne-rhône-alpes,0.15,0.15,0.1,0.15,0.1
840,840,Ballan-Miré,24,Centre-val De Loire,0.15,0.15,0.1,0.15,0.1
841,841,Ballancourt-sur-Essonne,11,Île-de-france,0.15,0.15,0.1,0.15,0.1
842,842,Balleroy,28,Normandie,0.15,0.15,0.1,0.15,0.1
843,843,Ballersdorf,44,Grand Est,0.15,0.15,0.1,0.15,0.1
844,844,Ballon,75,Nouvelle-aquitaine,0.15,0.15,0.1,0.15,0.1
845,845,Ballots,52,Pays De La Loire,0.15,0.15,0.1,0.15,0.1
846,846,Ballée,52,Pays De La Loire,0.15,0.15,0.1,0.15,0.1
847,847,Balma,76,Occitanie,0.15,0.15,0.1,0.15,0.1
848,848,Balsac,76,Occitanie,0.15,0.15,0.1,0.15,0.1
849,849,Balschwiller,44,Grand Est,0.15,0.15,0.1,0.15,0.1
850,850,Balsièges,76,Occitanie,0.15,0.15,0.1,0.15,0.1
851,851,Baltzenheim,44,Grand Est,0.15,0.15,0.1,0.15,0.1
852,852,Balzac,75,Nouvelle-aquitaine,0.15,0.15,0.1,0.15,0.1
853,853,Bambecque,32,Hauts-de-france,0.15,0.15,0.1,0.15,0.1
854,854,Bambiderstroff,44,Grand Est,0.15,0.15,0.1,0.15,0.1
855,855,Ban-de-Laveline,44,Grand Est,0.15,0.15,0.1,0.15,0.1
856,856,Banassac,76,Occitanie,0.15,0.15,0.1,0.15,0.1
857,857,Bandol,93,Provence-alpes-côte D'azur,0.15,0.15,0.1,0.15,0.1
858,858,Baneins,84,Auvergne-rhône-alpes,0.15,0.15,0.1,0.15,0.1
859,859,Bangor,53,Bretagne,0.15,0.15,0.1,0.15,0.1
860,860,Banize,75,Nouvelle-aquitaine,0.15,0.15,0.1,0.15,0.1
861,861,Bannalec,53,Bretagne,0.15,0.15,0.1,0.15,0.1
862,862,Bannay,44,Grand Est,0.15,0.15,0.1,0.15,0.1
863,863,Banne,84,Auvergne-rhône-alpes,0.15,0.15,0.1,0.15,0.1
864,864,Bannost-Villegagnon,11,Île-de-france,0.15,0.15,0.1,0.15,0.1
865,865,Banon,93,Provence-alpes-côte D'azur,0.15,0.15,0.1,0.15,0.1
866,866,Bantzenheim,44,Grand Est,0.15,0.15,0.1,0.15,0.1
867,867,Banville,28,Normandie,0.15,0.15,0.1,0.15,0.1
868,868,Banyuls de la Marenda,76,Occitanie,0.15,0.15,0.1,0.15,0.1
869,869,Banyuls-dels-Aspres,76,Occitanie,0.15,0.15,0.1,0.15,0.1
870,870,Bapaume,32,Hauts-de-france,0.15,0.15,0.1,0.15,0.1
871,871,Bar-le-Duc,44,Grand Est,0.15,0.15,0.1,0.15,0.1
872,872,Bar-sur-Aube,44,Grand Est,0.15,0.15,0.1,0.15,0.1
873,873,Bar-sur-Seine,44,Grand Est,0.15,0.15,0.1,0.15,0.1
874,874,Baraqueville,76,Occitanie,0.15,0.15,0.1,0.15,0.1
875,875,Barbaira,76,Occitanie,0.15,0.15,0.1,0.15,0.1
876,876,Barbaste,75,Nouvelle-aquitaine,0.15,0.15,0.1,0.15,0.1
877,877,Barbazan-Debat,76,Occitanie,0.15,0.15,0.1,0.15,0.1
878,878,Barbechat,52,Pays De La Loire,0.15,0.15,0.1,0.15,0.1
879,879,Barbentane,93,Provence-alpes-côte D'azur,0.15,0.15,0.1,0.15,0.1
880,880,Barberaz,84,Auvergne-rhône-alpes,0.15,0.15,0.1,0.15,0.1
881,881,Barberey-Saint-Sulpice,44,Grand Est,0.15,0.15,0.1,0.15,0.1
882,882,Barbery,32,Hauts-de-france,0.15,0.15,0.1,0.15,0.1
883,883,Barbezieux-Saint-Hilaire,75,Nouvelle-aquitaine,0.15,0.15,0.1,0.15,0.1
884,884,Barbizon,11,Île-de-france,0.15,0.15,0.1,0.15,0.1
885,885,Barbières,84,Auvergne-rhône-alpes,0.15,0.15,0.1,0.15,0.1
886,886,Barbonne-Fayel,44,Grand Est,0.15,0.15,0.1,0.15,0.1
887,887,Barby,84,Auvergne-rhône-alpes,0.15,0.15,0.1,0.15,0.1
888,888,Barbâtre,52,Pays De La Loire,0.15,0.15,0.1,0.15,0.1
889,889,Barc,28,Normandie,0.15,0.15,0.1,0.15,0.1
890,890,Barcelonne-du-Gers,76,Occitanie,0.15,0.15,0.1,0.15,0.1
891,891,Barcelonnette,93,Provence-alpes-côte D'azur,0.15,0.15,0.1,0.15,0.1
892,892,Barcus,75,Nouvelle-aquitaine,0.15,0.15,0.1,0.15,0.1
893,893,Bard,84,Auvergne-rhône-alpes,0.15,0.15,0.1,0.15,0.1
894,894,Bardos,75,Nouvelle-aquitaine,0.15,0.15,0.1,0.15,0.1
895,895,Bardouville,28,Normandie,0.15,0.15,0.1,0.15,0.1
896,896,Barembach,44,Grand Est,0.15,0.15,0.1,0.15,0.1
897,897,Barentin,28,Normandie,0.15,0.15,0.1,0.15,0.1
898,898,Barenton,28,Normandie,0.15,0.15,0.1,0.15,0.1
899,899,Barenton-Bugny,32,Hauts-de-france,0.15,0.15,0.1,0.15,0.1
900,900,Barfleur,28,Normandie,0.15,0.15,0.1,0.15,0.1
901,901,Bargemon,93,Provence-alpes-côte D'azur,0.15,0.15,0.1,0.15,0.1
902,902,Barinque,75,Nouvelle-aquitaine,0.15,0.15,0.1,0.15,0.1
903,903,Barisis,32,Hauts-de-france,0.15,0.15,0.1,0.15,0.1
904,904,Barjac,76,Occitanie,0.15,0.15,0.1,0.15,0.1
905,905,Barjols,93,Provence-alpes-côte D'azur,0.15,0.15,0.1,0.15,0.1
906,906,Barjouville,24,Centre-val De Loire,0.15,0.15,0.1,0.15,0.1
907,907,Barlin,32,Hauts-de-france,0.15,0.15,0.1,0.15,0.1
908,908,Barneville-Carteret,28,Normandie,0.15,0.15,0.1,0.15,0.1
909,909,Baron,76,Occitanie,0.15,0.15,0.1,0.15,0.1
910,910,Baron-sur-Odon,28,Normandie,0.15,0.15,0.1,0.15,0.1
911,911,Barr,44,Grand Est,0.15,0.15,0.1,0.15,0.1
912,912,Barran,76,Occitanie,0.15,0.15,0.1,0.15,0.1
913,913,Barraux,84,Auvergne-rhône-alpes,0.15,0.15,0.1,0.15,0.1
914,914,Barret,75,Nouvelle-aquitaine,0.15,0.15,0.1,0.15,0.1
915,915,Barrou,24,Centre-val De Loire,0.15,0.15,0.1,0.15,0.1
916,916,Barrême,93,Provence-alpes-côte D'azur,0.15,0.15,0.1,0.15,0.1
917,917,Barsac,84,Auvergne-rhône-alpes,0.15,0.15,0.1,0.15,0.1
918,918,Barst,44,Grand Est,0.15,0.15,0.1,0.15,0.1
919,919,Bart,27,Bourgogne-franche-comté,0.15,0.15,0.1,0.15,0.1
920,920,Bartenheim,44,Grand Est,0.15,0.15,0.1,0.15,0.1
921,921,Bas-en-Basset,84,Auvergne-rhône-alpes,0.15,0.15,0.1,0.15,0.1
922,922,Bascons,75,Nouvelle-aquitaine,0.15,0.15,0.1,0.15,0.1
923,923,Baslieux,44,Grand Est,0.15,0.15,0.1,0.15,0.1
924,924,Basly,28,Normandie,0.15,0.15,0.1,0.15,0.1
925,925,Bassan,76,Occitanie,0.15,0.15,0.1,0.15,0.1
926,926,Basse-Goulaine,52,Pays De La Loire,0.15,0.15,0.1,0.15,0.1
927,927,Basse-Ham,44,Grand Est,0.15,0.15,0.1,0.15,0.1
928,928,Basse-sur-le-Rupt,44,Grand Est,0.15,0.15,0.1,0.15,0.1
929,929,Bassens,84,Auvergne-rhône-alpes,0.15,0.15,0.1,0.15,0.1
930,930,Bassillac,75,Nouvelle-aquitaine,0.15,0.15,0.1,0.15,0.1
931,931,Bassou,27,Bourgogne-franche-comté,0.15,0.15,0.1,0.15,0.1
932,932,Bassussarry,75,Nouvelle-aquitaine,0.15,0.15,0.1,0.15,0.1
933,933,Bastelica,94,Corse,0.15,0.15,0.1,0.15,0.1
934,934,Bastia,94,Corse,0.15,0.15,0.1,0.15,0.1
935,935,Batilly,44,Grand Est,0.15,0.15,0.1,0.15,0.1
936,936,Battenheim,44,Grand Est,0.15,0.15,0.1,0.15,0.1
937,937,Batz-sur-Mer,52,Pays De La Loire,0.15,0.15,0.1,0.15,0.1
938,938,Batzendorf,44,Grand Est,0.15,0.15,0.1,0.15,0.1
939,939,Baud,53,Bretagne,0.15,0.15,0.1,0.15,0.1
940,940,Baudemont,27,Bourgogne-franche-comté,0.15,0.15,0.1,0.15,0.1
941,941,Baudoncourt,27,Bourgogne-franche-comté,0.15,0.15,0.1,0.15,0.1
942,942,Baudreix,75,Nouvelle-aquitaine,0.15,0.15,0.1,0.15,0.1
943,943,Baudres,24,Centre-val De Loire,0.15,0.15,0.1,0.15,0.1
944,944,Baudrières,27,Bourgogne-franche-comté,0.15,0.15,0.1,0.15,0.1
945,945,Baugy,32,Hauts-de-france,0.15,0.15,0.1,0.15,0.1
946,946,Baugé-en-Anjou,52,Pays De La Loire,0.15,0.15,0.1,0.15,0.1
947,947,Baule,24,Centre-val De Loire,0.15,0.15,0.1,0.15,0.1
948,948,Baulne,11,Île-de-france,0.15,0.15,0.1,0.15,0.1
949,949,Baulon,53,Bretagne,0.15,0.15,0.1,0.15,0.1
950,950,Baume-les-Dames,27,Bourgogne-franche-comté,0.15,0.15,0.1,0.15,0.1
951,951,Bauné,52,Pays De La Loire,0.15,0.15,0.1,0.15,0.1
952,952,Baurech,75,Nouvelle-aquitaine,0.15,0.15,0.1,0.15,0.1
953,953,Bauvin,32,Hauts-de-france,0.15,0.15,0.1,0.15,0.1
954,954,Bavans,27,Bourgogne-franche-comté,0.15,0.15,0.1,0.15,0.1
955,955,Bavay,32,Hauts-de-france,0.15,0.15,0.1,0.15,0.1
956,956,Bavent,28,Normandie,0.15,0.15,0.1,0.15,0.1
957,957,Bavilliers,27,Bourgogne-franche-comté,0.15,0.15,0.1,0.15,0.1
958,958,Bavinchove,32,Hauts-de-france,0.15,0.15,0.1,0.15,0.1
959,959,Bayard-sur-Marne,44,Grand Est,0.15,0.15,0.1,0.15,0.1
960,960,Baye,53,Bretagne,0.15,0.15,0.1,0.15,0.1
961,961,Bayel,44,Grand Est,0.15,0.15,0.1,0.15,0.1
962,962,Bayenghem-lès-Éperlecques,32,Hauts-de-france,0.15,0.15,0.1,0.15,0.1
963,963,Bayet,84,Auvergne-rhône-alpes,0.15,0.15,0.1,0.15,0.1
964,964,Bayeux,28,Normandie,0.15,0.15,0.1,0.15,0.1
965,965,Bayon,44,Grand Est,0.15,0.15,0.1,0.15,0.1
966,966,Bayon-sur-Gironde,75,Nouvelle-aquitaine,0.15,0.15,0.1,0.15,0.1
967,967,Bayonne,75,Nouvelle-aquitaine,0.15,0.15,0.1,0.15,0.1
968,968,Bazainville,11,Île-de-france,0.15,0.15,0.1,0.15,0.1
969,969,Bazancourt,44,Grand Est,0.15,0.15,0.1,0.15,0.1
970,970,Bazas,75,Nouvelle-aquitaine,0.15,0.15,0.1,0.15,0.1
971,971,Bazeilles,44,Grand Est,0.15,0.15,0.1,0.15,0.1
972,972,Bazemont,11,Île-de-france,0.15,0.15,0.1,0.15,0.1
973,973,Bazens,75,Nouvelle-aquitaine,0.15,0.15,0.1,0.15,0.1
974,974,Bazet,76,Occitanie,0.15,0.15,0.1,0.15,0.1
975,975,Bazincourt-sur-Epte,28,Normandie,0.15,0.15,0.1,0.15,0.1
976,976,Baziège,76,Occitanie,0.15,0.15,0.1,0.15,0.1
977,977,Bazoches-les-Gallerandes,24,Centre-val De Loire,0.15,0.15,0.1,0.15,0.1
978,978,Bazoches-lès-Bray,11,Île-de-france,0.15,0.15,0.1,0.15,0.1
979,979,Bazoches-sur-Guyonne,11,Île-de-france,0.15,0.15,0.1,0.15,0.1
980,980,Bazoches-sur-Hoëne,28,Normandie,0.15,0.15,0.1,0.15,0.1
981,981,Bazoches-sur-le-Betz,24,Centre-val De Loire,0.15,0.15,0.1,0.15,0.1
982,982,Bazoges-en-Paillers,52,Pays De La Loire,0.15,0.15,0.1,0.15,0.1
983,983,Bazoges-en-Pareds,52,Pays De La Loire,0.15,0.15,0.1,0.15,0.1
984,984,Bazoilles-sur-Meuse,44,Grand Est,0.15,0.15,0.1,0.15,0.1
985,985,Bazougers,52,Pays De La Loire,0.15,0.15,0.1,0.15,0.1
986,986,Bazouges-la-Pérouse,53,Bretagne,0.15,0.15,0.1,0.15,0.1
987,987,Bazouges-sur-le-Loir,52,Pays De La Loire,0.15,0.15,0.1,0.15,0.1
988,988,Bazuel,32,Hauts-de-france,0.15,0.15,0.1,0.15,0.1
989,989,Bazus,76,Occitanie,0.15,0.15,0.1,0.15,0.1
990,990,Beaucaire,76,Occitanie,0.15,0.15,0.1,0.15,0.1
991,991,Beaucamps-Ligny,32,Hauts-de-france,0.15,0.15,0.1,0.15,0.1
992,992,Beaucamps-le-Vieux,32,Hauts-de-france,0.15,0.15,0.1,0.15,0.1
993,993,Beauchamp,11,Île-de-france,0.15,0.15,0.1,0.15,0.1
994,994,Beauchamps,32,Hauts-de-france,0.15,0.15,0.1,0.15,0.1
995,995,Beauchastel,84,Auvergne-rhône-alpes,0.15,0.15,0.1,0.15,0.1
996,996,Beaucourt,27,Bourgogne-franche-comté,0.15,0.15,0.1,0.15,0.1
997,997,Beaucouzé,52,Pays De La Loire,0.15,0.15,0.1,0.15,0.1
998,998,Beaucroissant,84,Auvergne-rhône-alpes,0.15,0.15,0.1,0.15,0.1
999,999,Beaucé,53,Bretagne,0.15,0.15,0.1,0.15,0.1
1000,1000,Beaudignies,32,Hauts-de-france,0.15,0.15,0.1,0.15,0.1
1001,1001,Beaufay,52,Pays De La Loire,0.15,0.15,0.1,0.15,0.1
1002,1002,Beaufort,84,Auvergne-rhône-alpes,0.15,0.15,0.1,0.15,0.1
1003,1003,Beaufort-en-Vallée,52,Pays De La Loire,0.15,0.15,0.1,0.15,0.1
1004,1004,Beaugency,24,Centre-val De Loire,0.15,0.15,0.1,0.15,0.1
1005,1005,Beaujeu,93,Provence-alpes-côte D'azur,0.15,0.15,0.1,0.15,0.1
1006,1006,Beaujeu-Saint-Vallier-Pierrejux-et-Quitteur,27,Bourgogne-franche-comté,0.15,0.15,0.1,0.15,0.1
1007,1007,Beaulieu,84,Auvergne-rhône-alpes,0.15,0.15,0.1,0.15,0.1
1008,1008,Beaulieu-les-Fontaines,32,Hauts-de-france,0.15,0.15,0.1,0.15,0.1
1009,1009,Beaulieu-lès-Loches,24,Centre-val De Loire,0.15,0.15,0.1,0.15,0.1
1010,1010,Beaulieu-sous-Parthenay,75,Nouvelle-aquitaine,0.15,0.15,0.1,0.15,0.1
1011,1011,Beaulieu-sous-la-Roche,52,Pays De La Loire,0.15,0.15,0.1,0.15,0.1
1012,1012,Beaulieu-sur-Dordogne,75,Nouvelle-aquitaine,0.15,0.15,0.1,0.15,0.1
1013,1013,Beaulieu-sur-Layon,52,Pays De La Loire,0.15,0.15,0.1,0.15,0.1
1014,1014,Beaulieu-sur-Mer,93,Provence-alpes-côte D'azur,0.15,0.15,0.1,0.15,0.1
1015,1015,Beaulon,84,Auvergne-rhône-alpes,0.15,0.15,0.1,0.15,0.1
1016,1016,Beaumarchés,76,Occitanie,0.15,0.15,0.1,0.15,0.1
1017,1017,Beaumes-de-Venise,93,Provence-alpes-côte D'azur,0.15,0.15,0.1,0.15,0.1
1018,1018,Beaumesnil,28,Normandie,0.15,0.15,0.1,0.15,0.1
1019,1019,Beaumetz-lès-Cambrai,32,Hauts-de-france,0.15,0.15,0.1,0.15,0.1
1020,1020,Beaumetz-lès-Loges,32,Hauts-de-france,0.15,0.15,0.1,0.15,0.1
1021,1021,Beaumont,84,Auvergne-rhône-alpes,0.15,0.15,0.1,0.15,0.1
1022,1022,Beaumont-Hague,28,Normandie,0.15,0.15,0.1,0.15,0.1
1023,1023,Beaumont-Monteux,84,Auvergne-rhône-alpes,0.15,0.15,0.1,0.15,0.1
1024,1024,Beaumont-de-Lomagne,76,Occitanie,0.15,0.15,0.1,0.15,0.1
1025,1025,Beaumont-de-Pertuis,93,Provence-alpes-côte D'azur,0.15,0.15,0.1,0.15,0.1
1026,1026,Beaumont-du-Gâtinais,11,Île-de-france,0.15,0.15,0.1,0.15,0.1
1027,1027,Beaumont-du-Périgord,75,Nouvelle-aquitaine,0.15,0.15,0.1,0.15,0.1
1028,1028,Beaumont-en-Auge,28,Normandie,0.15,0.15,0.1,0.15,0.1
1029,1029,Beaumont-en-Véron,24,Centre-val De Loire,0.15,0.15,0.1,0.15,0.1
1030,1030,Beaumont-la-Ronce,24,Centre-val De Loire,0.15,0.15,0.1,0.15,0.1
1031,1031,Beaumont-le-Roger,28,Normandie,0.15,0.15,0.1,0.15,0.1
1032,1032,Beaumont-les-Autels,24,Centre-val De Loire,0.15,0.15,0.1,0.15,0.1
1033,1033,Beaumont-lès-Valence,84,Auvergne-rhône-alpes,0.15,0.15,0.1,0.15,0.1
1034,1034,Beaumont-sur-Lèze,76,Occitanie,0.15,0.15,0.1,0.15,0.1
1035,1035,Beaumont-sur-Oise,11,Île-de-france,0.15,0.15,0.1,0.15,0.1
1036,1036,Beaumont-sur-Sarthe,52,Pays De La Loire,0.15,0.15,0.1,0.15,0.1
1037,1037,Beaumont-sur-Vesle,44,Grand Est,0.15,0.15,0.1,0.15,0.1
1038,1038,Beaumontel,28,Normandie,0.15,0.15,0.1,0.15,0.1
1039,1039,Beaune,27,Bourgogne-franche-comté,0.15,0.15,0.1,0.15,0.1
1040,1040,Beaune-la-Rolande,24,Centre-val De Loire,0.15,0.15,0.1,0.15,0.1
1041,1041,Beaupont,84,Auvergne-rhône-alpes,0.15,0.15,0.1,0.15,0.1
1042,1042,Beaupréau,52,Pays De La Loire,0.15,0.15,0.1,0.15,0.1
1043,1043,Beaupuy,76,Occitanie,0.15,0.15,0.1,0.15,0.1
1044,1044,Beauquesne,32,Hauts-de-france,0.15,0.15,0.1,0.15,0.1
1045,1045,Beaurains,32,Hauts-de-france,0.15,0.15,0.1,0.15,0.1
1046,1046,Beaurainville,32,Hauts-de-france,0.15,0.15,0.1,0.15,0.1
1047,1047,Beaurecueil,93,Provence-alpes-côte D'azur,0.15,0.15,0.1,0.15,0.1
1048,1048,Beauregard,84,Auvergne-rhône-alpes,0.15,0.15,0.1,0.15,0.1
1049,1049,Beauregard-Vendon,84,Auvergne-rhône-alpes,0.15,0.15,0.1,0.15,0.1
1050,1050,Beauregard-de-Terrasson,75,Nouvelle-aquitaine,0.15,0.15,0.1,0.15,0.1
1051,1051,Beaurepaire,84,Auvergne-rhône-alpes,0.15,0.15,0.1,0.15,0.1
1052,1052,Beaurepaire-en-Bresse,27,Bourgogne-franche-comté,0.15,0.15,0.1,0.15,0.1
1053,1053,Beaurevoir,32,Hauts-de-france,0.15,0.15,0.1,0.15,0.1
1054,1054,Beaurieux,32,Hauts-de-france,0.15,0.15,0.1,0.15,0.1
1055,1055,Beausemblant,84,Auvergne-rhône-alpes,0.15,0.15,0.1,0.15,0.1
1056,1056,Beausoleil,93,Provence-alpes-côte D'azur,0.15,0.15,0.1,0.15,0.1
1057,1057,Beautheil,11,Île-de-france,0.15,0.15,0.1,0.15,0.1
1058,1058,Beautiran,75,Nouvelle-aquitaine,0.15,0.15,0.1,0.15,0.1
1059,1059,Beautor,32,Hauts-de-france,0.15,0.15,0.1,0.15,0.1
1060,1060,Beauvais,32,Hauts-de-france,0.15,0.15,0.1,0.15,0.1
1061,1061,Beauvais-sur-Matha,75,Nouvelle-aquitaine,0.15,0.15,0.1,0.15,0.1
1062,1062,Beauval,32,Hauts-de-france,0.15,0.15,0.1,0.15,0.1
1063,1063,Beauvallon,84,Auvergne-rhône-alpes,0.15,0.15,0.1,0.15,0.1
1064,1064,Beauville,76,Occitanie,0.15,0.15,0.1,0.15,0.1
1065,1065,Beauvoir-de-Marc,84,Auvergne-rhône-alpes,0.15,0.15,0.1,0.15,0.1
1066,1066,Beauvoir-sur-Mer,52,Pays De La Loire,0.15,0.15,0.1,0.15,0.1
1067,1067,Beauvoir-sur-Niort,75,Nouvelle-aquitaine,0.15,0.15,0.1,0.15,0.1
1068,1068,Beauvois-en-Cambrésis,32,Hauts-de-france,0.15,0.15,0.1,0.15,0.1
1069,1069,Beauvoisin,84,Auvergne-rhône-alpes,0.15,0.15,0.1,0.15,0.1
1070,1070,Beaux,84,Auvergne-rhône-alpes,0.15,0.15,0.1,0.15,0.1
1071,1071,Beauzac,84,Auvergne-rhône-alpes,0.15,0.15,0.1,0.15,0.1
1072,1072,Beauzelle,76,Occitanie,0.15,0.15,0.1,0.15,0.1
1073,1073,Beblenheim,44,Grand Est,0.15,0.15,0.1,0.15,0.1
1074,1074,Bec-de-Mortagne,28,Normandie,0.15,0.15,0.1,0.15,0.1
1075,1075,Becquincourt,,MISSING,0.15,0.15,0.1,0.15,0.1
1076,1076,Bedenac,75,Nouvelle-aquitaine,0.15,0.15,0.1,0.15,0.1
1077,1077,Bedous,75,Nouvelle-aquitaine,0.15,0.15,0.1,0.15,0.1
1078,1078,Beffes,24,Centre-val De Loire,0.15,0.15,0.1,0.15,0.1
1079,1079,Behonne,44,Grand Est,0.15,0.15,0.1,0.15,0.1
1080,1080,Behren-lès-Forbach,44,Grand Est,0.15,0.15,0.1,0.15,0.1
1081,1081,Beignon,53,Bretagne,0.15,0.15,0.1,0.15,0.1
1082,1082,Beine-Nauroy,44,Grand Est,0.15,0.15,0.1,0.15,0.1
1083,1083,Beire-le-Châtel,27,Bourgogne-franche-comté,0.15,0.15,0.1,0.15,0.1
1084,1084,Belberaud,76,Occitanie,0.15,0.15,0.1,0.15,0.1
1085,1085,Belbeuf,28,Normandie,0.15,0.15,0.1,0.15,0.1
1086,1086,Belcodène,93,Provence-alpes-côte D'azur,0.15,0.15,0.1,0.15,0.1
1087,1087,Belfort,27,Bourgogne-franche-comté,0.15,0.15,0.1,0.15,0.1
1088,1088,Belfort-du-Quercy,76,Occitanie,0.15,0.15,0.1,0.15,0.1
1089,1089,Belgentier,93,Provence-alpes-côte D'azur,0.15,0.15,0.1,0.15,0.1
1090,1090,Belhomert-Guéhouville,24,Centre-val De Loire,0.15,0.15,0.1,0.15,0.1
1091,1091,Belin-Béliet,75,Nouvelle-aquitaine,0.15,0.15,0.1,0.15,0.1
1092,1092,Bellac,75,Nouvelle-aquitaine,0.15,0.15,0.1,0.15,0.1
1093,1093,Bellaing,32,Hauts-de-france,0.15,0.15,0.1,0.15,0.1
1094,1094,Belle-Isle-en-Terre,53,Bretagne,0.15,0.15,0.1,0.15,0.1
1095,1095,Belle-et-Houllefort,32,Hauts-de-france,0.15,0.15,0.1,0.15,0.1
1096,1096,Belle-Église,32,Hauts-de-france,0.15,0.15,0.1,0.15,0.1
1097,1097,Belleau,44,Grand Est,0.15,0.15,0.1,0.15,0.1
1098,1098,Bellefond,75,Nouvelle-aquitaine,0.15,0.15,0.1,0.15,0.1
1099,1099,Bellefontaine,44,Grand Est,0.15,0.15,0.1,0.15,0.1
1100,1100,Bellegarde,76,Occitanie,0.15,0.15,0.1,0.15,0.1
1101,1101,Bellegarde-Poussieu,84,Auvergne-rhône-alpes,0.15,0.15,0.1,0.15,0.1
1102,1102,Bellegarde-en-Forez,84,Auvergne-rhône-alpes,0.15,0.15,0.1,0.15,0.1
1103,1103,Bellegarde-sur-Valserine,84,Auvergne-rhône-alpes,0.15,0.15,0.1,0.15,0.1
1104,1104,Belleherbe,27,Bourgogne-franche-comté,0.15,0.15,0.1,0.15,0.1
1105,1105,Bellenaves,84,Auvergne-rhône-alpes,0.15,0.15,0.1,0.15,0.1
1106,1106,Bellencombre,28,Normandie,0.15,0.15,0.1,0.15,0.1
1107,1107,Belleneuve,27,Bourgogne-franche-comté,0.15,0.15,0.1,0.15,0.1
1108,1108,Bellengreville,28,Normandie,0.15,0.15,0.1,0.15,0.1
1109,1109,Bellentre,84,Auvergne-rhône-alpes,0.15,0.15,0.1,0.15,0.1
1110,1110,Bellerive-sur-Allier,84,Auvergne-rhône-alpes,0.15,0.15,0.1,0.15,0.1
1111,1111,Belleu,32,Hauts-de-france,0.15,0.15,0.1,0.15,0.1
1112,1112,Bellevaux,84,Auvergne-rhône-alpes,0.15,0.15,0.1,0.15,0.1
1113,1113,Belleville,84,Auvergne-rhône-alpes,0.15,0.15,0.1,0.15,0.1
1114,1114,Belleville-sur-Loire,24,Centre-val De Loire,0.15,0.15,0.1,0.15,0.1
1115,1115,Belleville-sur-Mer,28,Normandie,0.15,0.15,0.1,0.15,0.1
1116,1116,Belleville-sur-Meuse,44,Grand Est,0.15,0.15,0.1,0.15,0.1
1117,1117,Belleville-sur-Vie,52,Pays De La Loire,0.15,0.15,0.1,0.15,0.1
1118,1118,Bellevue-la-Montagne,84,Auvergne-rhône-alpes,0.15,0.15,0.1,0.15,0.1
1119,1119,Belley,84,Auvergne-rhône-alpes,0.15,0.15,0.1,0.15,0.1
1120,1120,Bellicourt,32,Hauts-de-france,0.15,0.15,0.1,0.15,0.1
1121,1121,Bellignat,84,Auvergne-rhône-alpes,0.15,0.15,0.1,0.15,0.1
1122,1122,Bellignies,32,Hauts-de-france,0.15,0.15,0.1,0.15,0.1
1123,1123,Belligné,52,Pays De La Loire,0.15,0.15,0.1,0.15,0.1
1124,1124,Bellocq,75,Nouvelle-aquitaine,0.15,0.15,0.1,0.15,0.1
1125,1125,Bellot,11,Île-de-france,0.15,0.15,0.1,0.15,0.1
1126,1126,Bellou-en-Houlme,28,Normandie,0.15,0.15,0.1,0.15,0.1
1127,1127,Belloy,32,Hauts-de-france,0.15,0.15,0.1,0.15,0.1
1128,1128,Belloy-en-France,11,Île-de-france,0.15,0.15,0.1,0.15,0.1
1129,1129,Bellême,28,Normandie,0.15,0.15,0.1,0.15,0.1
1130,1130,Belmont-de-la-Loire,84,Auvergne-rhône-alpes,0.15,0.15,0.1,0.15,0.1
1131,1131,Belmont-sur-Rance,76,Occitanie,0.15,0.15,0.1,0.15,0.1
1132,1132,Belpech,76,Occitanie,0.15,0.15,0.1,0.15,0.1
1133,1133,Belvès,75,Nouvelle-aquitaine,0.15,0.15,0.1,0.15,0.1
1134,1134,Belvèze-du-Razès,76,Occitanie,0.15,0.15,0.1,0.15,0.1
1135,1135,Belvédère,93,Provence-alpes-côte D'azur,0.15,0.15,0.1,0.15,0.1
1136,1136,Belz,53,Bretagne,0.15,0.15,0.1,0.15,0.1
1137,1137,Benais,24,Centre-val De Loire,0.15,0.15,0.1,0.15,0.1
1138,1138,Benassay,75,Nouvelle-aquitaine,0.15,0.15,0.1,0.15,0.1
1139,1139,Bendejun,93,Provence-alpes-côte D'azur,0.15,0.15,0.1,0.15,0.1
1140,1140,Benerville-sur-Mer,28,Normandie,0.15,0.15,0.1,0.15,0.1
1141,1141,Benet,52,Pays De La Loire,0.15,0.15,0.1,0.15,0.1
1142,1142,Benfeld,44,Grand Est,0.15,0.15,0.1,0.15,0.1
1143,1143,Bengy-sur-Craon,24,Centre-val De Loire,0.15,0.15,0.1,0.15,0.1
1144,1144,Bennecourt,11,Île-de-france,0.15,0.15,0.1,0.15,0.1
1145,1145,Benney,44,Grand Est,0.15,0.15,0.1,0.15,0.1
1146,1146,Bennwihr,44,Grand Est,0.15,0.15,0.1,0.15,0.1
1147,1147,Benon,75,Nouvelle-aquitaine,0.15,0.15,0.1,0.15,0.1
1148,1148,Benoîtville,28,Normandie,0.15,0.15,0.1,0.15,0.1
1149,1149,Benquet,75,Nouvelle-aquitaine,0.15,0.15,0.1,0.15,0.1
1150,1150,Berchères-les-Pierres,24,Centre-val De Loire,0.15,0.15,0.1,0.15,0.1
1151,1151,Berchères-sur-Vesgre,24,Centre-val De Loire,0.15,0.15,0.1,0.15,0.1
1152,1152,Berck,32,Hauts-de-france,0.15,0.15,0.1,0.15,0.1
1153,1153,Bergbieten,44,Grand Est,0.15,0.15,0.1,0.15,0.1
1154,1154,Bergerac,75,Nouvelle-aquitaine,0.15,0.15,0.1,0.15,0.1
1155,1155,Bergheim,44,Grand Est,0.15,0.15,0.1,0.15,0.1
1156,1156,Bergholtz,44,Grand Est,0.15,0.15,0.1,0.15,0.1
1157,1157,Bergues,32,Hauts-de-france,0.15,0.15,0.1,0.15,0.1
1158,1158,Bergères-lès-Vertus,44,Grand Est,0.15,0.15,0.1,0.15,0.1
1159,1159,Berjou,28,Normandie,0.15,0.15,0.1,0.15,0.1
1160,1160,Berlaimont,32,Hauts-de-france,0.15,0.15,0.1,0.15,0.1
1161,1161,Bermerain,32,Hauts-de-france,0.15,0.15,0.1,0.15,0.1
1162,1162,Bernac-Debat,76,Occitanie,0.15,0.15,0.1,0.15,0.1
1163,1163,Bernadets,75,Nouvelle-aquitaine,0.15,0.15,0.1,0.15,0.1
1164,1164,Bernardswiller,44,Grand Est,0.15,0.15,0.1,0.15,0.1
1165,1165,Bernaville,32,Hauts-de-france,0.15,0.15,0.1,0.15,0.1
1166,1166,Bernay,28,Normandie,0.15,0.15,0.1,0.15,0.1
1167,1167,Bernay-Saint-Martin,75,Nouvelle-aquitaine,0.15,0.15,0.1,0.15,0.1
1168,1168,Bernay-Vilbert,11,Île-de-france,0.15,0.15,0.1,0.15,0.1
1169,1169,Bernay-en-Champagne,52,Pays De La Loire,0.15,0.15,0.1,0.15,0.1
1170,1170,Bernes-sur-Oise,11,Île-de-france,0.15,0.15,0.1,0.15,0.1
1171,1171,Berneuil-en-Bray,32,Hauts-de-france,0.15,0.15,0.1,0.15,0.1
1172,1172,Berneuil-sur-Aisne,32,Hauts-de-france,0.15,0.15,0.1,0.15,0.1
1173,1173,Berneval-le-Grand,28,Normandie,0.15,0.15,0.1,0.15,0.1
1174,1174,Bernex,84,Auvergne-rhône-alpes,0.15,0.15,0.1,0.15,0.1
1175,1175,Bernin,84,Auvergne-rhône-alpes,0.15,0.15,0.1,0.15,0.1
1176,1176,Bernis,76,Occitanie,0.15,0.15,0.1,0.15,0.1
1177,1177,Bernières,28,Normandie,0.15,0.15,0.1,0.15,0.1
1178,1178,Bernières-le-Patry,28,Normandie,0.15,0.15,0.1,0.15,0.1
1179,1179,Bernières-sur-Mer,28,Normandie,0.15,0.15,0.1,0.15,0.1
1180,1180,Bernolsheim,44,Grand Est,0.15,0.15,0.1,0.15,0.1
1181,1181,Bernwiller,44,Grand Est,0.15,0.15,0.1,0.15,0.1
1182,1182,Berny-Rivière,32,Hauts-de-france,0.15,0.15,0.1,0.15,0.1
1183,1183,Berné,53,Bretagne,0.15,0.15,0.1,0.15,0.1
1184,1184,Berre-l'Étang,93,Provence-alpes-côte D'azur,0.15,0.15,0.1,0.15,0.1
1185,1185,Berre-les-Alpes,93,Provence-alpes-côte D'azur,0.15,0.15,0.1,0.15,0.1
1186,1186,Berriac,76,Occitanie,0.15,0.15,0.1,0.15,0.1
1187,1187,Berrias-et-Casteljau,84,Auvergne-rhône-alpes,0.15,0.15,0.1,0.15,0.1
1188,1188,Berric,53,Bretagne,0.15,0.15,0.1,0.15,0.1
1189,1189,Berrien,53,Bretagne,0.15,0.15,0.1,0.15,0.1
1190,1190,Berrwiller,44,Grand Est,0.15,0.15,0.1,0.15,0.1
1191,1191,Berry-Bouy,24,Centre-val De Loire,0.15,0.15,0.1,0.15,0.1
1192,1192,Berry-au-Bac,32,Hauts-de-france,0.15,0.15,0.1,0.15,0.1
1193,1193,Bersac-sur-Rivalier,75,Nouvelle-aquitaine,0.15,0.15,0.1,0.15,0.1
1194,1194,Berson,75,Nouvelle-aquitaine,0.15,0.15,0.1,0.15,0.1
1195,1195,Berstett,44,Grand Est,0.15,0.15,0.1,0.15,0.1
1196,1196,Bersée,32,Hauts-de-france,0.15,0.15,0.1,0.15,0.1
1197,1197,Bertangles,32,Hauts-de-france,0.15,0.15,0.1,0.15,0.1
1198,1198,Bertaucourt-Epourdon,32,Hauts-de-france,0.15,0.15,0.1,0.15,0.1
1199,1199,Berteaucourt-les-Dames,32,Hauts-de-france,0.15,0.15,0.1,0.15,0.1
1200,1200,Bertheauville,28,Normandie,0.15,0.15,0.1,0.15,0.1
1201,1201,Berthecourt,32,Hauts-de-france,0.15,0.15,0.1,0.15,0.1
1202,1202,Berthelming,44,Grand Est,0.15,0.15,0.1,0.15,0.1
1203,1203,Berthen,32,Hauts-de-france,0.15,0.15,0.1,0.15,0.1
1204,1204,Berthenay,24,Centre-val De Loire,0.15,0.15,0.1,0.15,0.1
1205,1205,Bertholène,76,Occitanie,0.15,0.15,0.1,0.15,0.1
1206,1206,Bertignat,84,Auvergne-rhône-alpes,0.15,0.15,0.1,0.15,0.1
1207,1207,Bertincourt,32,Hauts-de-france,0.15,0.15,0.1,0.15,0.1
1208,1208,Bertrange,44,Grand Est,0.15,0.15,0.1,0.15,0.1
1209,1209,Bertry,32,Hauts-de-france,0.15,0.15,0.1,0.15,0.1
1210,1210,Berville-en-Roumois,28,Normandie,0.15,0.15,0.1,0.15,0.1
1211,1211,Berville-sur-Seine,28,Normandie,0.15,0.15,0.1,0.15,0.1
1212,1212,Berzé-la-Ville,27,Bourgogne-franche-comté,0.15,0.15,0.1,0.15,0.1
1213,1213,Besançon,27,Bourgogne-franche-comté,0.15,0.15,0.1,0.15,0.1
1214,1214,Beslon,28,Normandie,0.15,0.15,0.1,0.15,0.1
1215,1215,Besneville,28,Normandie,0.15,0.15,0.1,0.15,0.1
1216,1216,Besné,52,Pays De La Loire,0.15,0.15,0.1,0.15,0.1
1217,1217,Bessan,76,Occitanie,0.15,0.15,0.1,0.15,0.1
1218,1218,Bessancourt,11,Île-de-france,0.15,0.15,0.1,0.15,0.1
1219,1219,Bessay-sur-Allier,84,Auvergne-rhône-alpes,0.15,0.15,0.1,0.15,0.1
1220,1220,Besse-et-Saint-Anastaise,84,Auvergne-rhône-alpes,0.15,0.15,0.1,0.15,0.1
1221,1221,Besse-sur-Issole,93,Provence-alpes-côte D'azur,0.15,0.15,0.1,0.15,0.1
1222,1222,Bessenay,84,Auvergne-rhône-alpes,0.15,0.15,0.1,0.15,0.1
1223,1223,Bessens,76,Occitanie,0.15,0.15,0.1,0.15,0.1
1224,1224,Bessines,75,Nouvelle-aquitaine,0.15,0.15,0.1,0.15,0.1
1225,1225,Bessines-sur-Gartempe,75,Nouvelle-aquitaine,0.15,0.15,0.1,0.15,0.1
1226,1226,Bessières,76,Occitanie,0.15,0.15,0.1,0.15,0.1
1227,1227,Besson,84,Auvergne-rhône-alpes,0.15,0.15,0.1,0.15,0.1
1228,1228,Bessoncourt,27,Bourgogne-franche-comté,0.15,0.15,0.1,0.15,0.1
1229,1229,Bessèges,76,Occitanie,0.15,0.15,0.1,0.15,0.1
1230,1230,Bessé-sur-Braye,52,Pays De La Loire,0.15,0.15,0.1,0.15,0.1
1231,1231,Bethoncourt,27,Bourgogne-franche-comté,0.15,0.15,0.1,0.15,0.1
1232,1232,Beton-Bazoches,11,Île-de-france,0.15,0.15,0.1,0.15,0.1
1233,1233,Betschdorf,44,Grand Est,0.15,0.15,0.1,0.15,0.1
1234,1234,Bettancourt-la-Ferrée,44,Grand Est,0.15,0.15,0.1,0.15,0.1
1235,1235,Bettant,84,Auvergne-rhône-alpes,0.15,0.15,0.1,0.15,0.1
1236,1236,Bettelainville,44,Grand Est,0.15,0.15,0.1,0.15,0.1
1237,1237,Betting,44,Grand Est,0.15,0.15,0.1,0.15,0.1
1238,1238,Betton,53,Bretagne,0.15,0.15,0.1,0.15,0.1
1239,1239,Bettviller,44,Grand Est,0.15,0.15,0.1,0.15,0.1
1240,1240,Betz,32,Hauts-de-france,0.15,0.15,0.1,0.15,0.1
1241,1241,Betz-le-Château,24,Centre-val De Loire,0.15,0.15,0.1,0.15,0.1
1242,1242,Beure,27,Bourgogne-franche-comté,0.15,0.15,0.1,0.15,0.1
1243,1243,Beurey-sur-Saulx,44,Grand Est,0.15,0.15,0.1,0.15,0.1
1244,1244,Beurlay,75,Nouvelle-aquitaine,0.15,0.15,0.1,0.15,0.1
1245,1245,Beuste,75,Nouvelle-aquitaine,0.15,0.15,0.1,0.15,0.1
1246,1246,Beuvardes,32,Hauts-de-france,0.15,0.15,0.1,0.15,0.1
1247,1247,Beuveille,44,Grand Est,0.15,0.15,0.1,0.15,0.1
1248,1248,Beuville,,MISSING,0.15,0.15,0.1,0.15,0.1
1249,1249,Beuvillers,44,Grand Est,0.15,0.15,0.1,0.15,0.1
1250,1250,Beuvrages,32,Hauts-de-france,0.15,0.15,0.1,0.15,0.1
1251,1251,Beuvraignes,32,Hauts-de-france,0.15,0.15,0.1,0.15,0.1
1252,1252,Beuvry,32,Hauts-de-france,0.15,0.15,0.1,0.15,0.1
1253,1253,Beuxes,75,Nouvelle-aquitaine,0.15,0.15,0.1,0.15,0.1
1254,1254,Beuzec-Cap-Sizun,53,Bretagne,0.15,0.15,0.1,0.15,0.1
1255,1255,Beuzeville,28,Normandie,0.15,0.15,0.1,0.15,0.1
1256,1256,Beuzeville-la-Grenier,28,Normandie,0.15,0.15,0.1,0.15,0.1
1257,1257,Beuzevillette,28,Normandie,0.15,0.15,0.1,0.15,0.1
1258,1258,Bey,84,Auvergne-rhône-alpes,0.15,0.15,0.1,0.15,0.1
1259,1259,Beychac,,MISSING,0.15,0.15,0.1,0.15,0.1
1260,1260,Beynac,75,Nouvelle-aquitaine,0.15,0.15,0.1,0.15,0.1
1261,1261,Beynac-et-Cazenac,75,Nouvelle-aquitaine,0.15,0.15,0.1,0.15,0.1
1262,1262,Beynat,75,Nouvelle-aquitaine,0.15,0.15,0.1,0.15,0.1
1263,1263,Beynes,93,Provence-alpes-côte D'azur,0.15,0.15,0.1,0.15,0.1
1264,1264,Beynost,84,Auvergne-rhône-alpes,0.15,0.15,0.1,0.15,0.1
1265,1265,Beyrie-sur-Joyeuse,75,Nouvelle-aquitaine,0.15,0.15,0.1,0.15,0.1
1266,1266,Beyssac,75,Nouvelle-aquitaine,0.15,0.15,0.1,0.15,0.1
1267,1267,Bezannes,44,Grand Est,0.15,0.15,0.1,0.15,0.1
1268,1268,Bezons,11,Île-de-france,0.15,0.15,0.1,0.15,0.1
1269,1269,Bezouce,76,Occitanie,0.15,0.15,0.1,0.15,0.1
1270,1270,Biache-Saint-Vaast,32,Hauts-de-france,0.15,0.15,0.1,0.15,0.1
1271,1271,Bians-les-Usiers,27,Bourgogne-franche-comté,0.15,0.15,0.1,0.15,0.1
1272,1272,Biard,75,Nouvelle-aquitaine,0.15,0.15,0.1,0.15,0.1
1273,1273,Biarritz,75,Nouvelle-aquitaine,0.15,0.15,0.1,0.15,0.1
1274,1274,Biars-sur-Cère,76,Occitanie,0.15,0.15,0.1,0.15,0.1
1275,1275,Bias,75,Nouvelle-aquitaine,0.15,0.15,0.1,0.15,0.1
1276,1276,Biaudos,75,Nouvelle-aquitaine,0.15,0.15,0.1,0.15,0.1
1277,1277,Bichancourt,32,Hauts-de-france,0.15,0.15,0.1,0.15,0.1
1278,1278,Bicqueley,44,Grand Est,0.15,0.15,0.1,0.15,0.1
1279,1279,Bidache,75,Nouvelle-aquitaine,0.15,0.15,0.1,0.15,0.1
1280,1280,Bidarray,75,Nouvelle-aquitaine,0.15,0.15,0.1,0.15,0.1
1281,1281,Bidart,75,Nouvelle-aquitaine,0.15,0.15,0.1,0.15,0.1
1282,1282,Bienville,32,Hauts-de-france,0.15,0.15,0.1,0.15,0.1
1283,1283,Bierne,32,Hauts-de-france,0.15,0.15,0.1,0.15,0.1
1284,1284,Bierné,52,Pays De La Loire,0.15,0.15,0.1,0.15,0.1
1285,1285,Biesheim,44,Grand Est,0.15,0.15,0.1,0.15,0.1
1286,1286,Biesles,44,Grand Est,0.15,0.15,0.1,0.15,0.1
1287,1287,Bieuzy,53,Bretagne,0.15,0.15,0.1,0.15,0.1
1288,1288,Biganos,75,Nouvelle-aquitaine,0.15,0.15,0.1,0.15,0.1
1289,1289,Bignan,53,Bretagne,0.15,0.15,0.1,0.15,0.1
1290,1290,Bignoux,75,Nouvelle-aquitaine,0.15,0.15,0.1,0.15,0.1
1291,1291,Biguglia,94,Corse,0.15,0.15,0.1,0.15,0.1
1292,1292,Bihorel,28,Normandie,0.15,0.15,0.1,0.15,0.1
1293,1293,Bilieu,84,Auvergne-rhône-alpes,0.15,0.15,0.1,0.15,0.1
1294,1294,Billiers,53,Bretagne,0.15,0.15,0.1,0.15,0.1
1295,1295,Billom,84,Auvergne-rhône-alpes,0.15,0.15,0.1,0.15,0.1
1296,1296,Billy,84,Auvergne-rhône-alpes,0.15,0.15,0.1,0.15,0.1
1297,1297,Billy-Berclau,32,Hauts-de-france,0.15,0.15,0.1,0.15,0.1
1298,1298,Billy-Montigny,32,Hauts-de-france,0.15,0.15,0.1,0.15,0.1
1299,1299,Billy-sur-Aisne,32,Hauts-de-france,0.15,0.15,0.1,0.15,0.1
1300,1300,Billère,75,Nouvelle-aquitaine,0.15,0.15,0.1,0.15,0.1
1301,1301,Billé,53,Bretagne,0.15,0.15,0.1,0.15,0.1
1302,1302,Binas,24,Centre-val De Loire,0.15,0.15,0.1,0.15,0.1
1303,1303,Bindernheim,44,Grand Est,0.15,0.15,0.1,0.15,0.1
1304,1304,Binges,27,Bourgogne-franche-comté,0.15,0.15,0.1,0.15,0.1
1305,1305,Binic,53,Bretagne,0.15,0.15,0.1,0.15,0.1
1306,1306,Bining,44,Grand Est,0.15,0.15,0.1,0.15,0.1
1307,1307,Biol,84,Auvergne-rhône-alpes,0.15,0.15,0.1,0.15,0.1
1308,1308,Biot,93,Provence-alpes-côte D'azur,0.15,0.15,0.1,0.15,0.1
1309,1309,Bioule,76,Occitanie,0.15,0.15,0.1,0.15,0.1
1310,1310,Biozat,84,Auvergne-rhône-alpes,0.15,0.15,0.1,0.15,0.1
1311,1311,Birac-sur-Trec,75,Nouvelle-aquitaine,0.15,0.15,0.1,0.15,0.1
1312,1312,Biriatou,75,Nouvelle-aquitaine,0.15,0.15,0.1,0.15,0.1
1313,1313,Birlenbach,,MISSING,0.15,0.15,0.1,0.15,0.1
1314,1314,Biron,75,Nouvelle-aquitaine,0.15,0.15,0.1,0.15,0.1
1315,1315,Biscarrosse,75,Nouvelle-aquitaine,0.15,0.15,0.1,0.15,0.1
1316,1316,Bischheim,44,Grand Est,0.15,0.15,0.1,0.15,0.1
1317,1317,Bischoffsheim,44,Grand Est,0.15,0.15,0.1,0.15,0.1
1318,1318,Bischwihr,44,Grand Est,0.15,0.15,0.1,0.15,0.1
1319,1319,Bischwiller,44,Grand Est,0.15,0.15,0.1,0.15,0.1
1320,1320,Bisel,44,Grand Est,0.15,0.15,0.1,0.15,0.1
1321,1321,Bisseuil,44,Grand Est,0.15,0.15,0.1,0.15,0.1
1322,1322,Bitche,44,Grand Est,0.15,0.15,0.1,0.15,0.1
1323,1323,Bitschwiller-lès-Thann,44,Grand Est,0.15,0.15,0.1,0.15,0.1
1324,1324,Biviers,84,Auvergne-rhône-alpes,0.15,0.15,0.1,0.15,0.1
1325,1325,Biville-la-Baignarde,28,Normandie,0.15,0.15,0.1,0.15,0.1
1326,1326,Bizanet,76,Occitanie,0.15,0.15,0.1,0.15,0.1
1327,1327,Bizanos,75,Nouvelle-aquitaine,0.15,0.15,0.1,0.15,0.1
1328,1328,Bize-Minervois,76,Occitanie,0.15,0.15,0.1,0.15,0.1
1329,1329,Biziat,84,Auvergne-rhône-alpes,0.15,0.15,0.1,0.15,0.1
1330,1330,Bizonnes,84,Auvergne-rhône-alpes,0.15,0.15,0.1,0.15,0.1
1331,1331,Bièvres,44,Grand Est,0.15,0.15,0.1,0.15,0.1
1332,1332,Biéville-Beuville,28,Normandie,0.15,0.15,0.1,0.15,0.1
1333,1333,Blacqueville,28,Normandie,0.15,0.15,0.1,0.15,0.1
1334,1334,Blacy,44,Grand Est,0.15,0.15,0.1,0.15,0.1
1335,1335,Blacé,84,Auvergne-rhône-alpes,0.15,0.15,0.1,0.15,0.1
1336,1336,Blaesheim,44,Grand Est,0.15,0.15,0.1,0.15,0.1
1337,1337,Blagnac,76,Occitanie,0.15,0.15,0.1,0.15,0.1
1338,1338,Blagny,44,Grand Est,0.15,0.15,0.1,0.15,0.1
1339,1339,Blain,52,Pays De La Loire,0.15,0.15,0.1,0.15,0.1
1340,1340,Blaincourt-lès-Précy,32,Hauts-de-france,0.15,0.15,0.1,0.15,0.1
1341,1341,Blainville-Crevon,28,Normandie,0.15,0.15,0.1,0.15,0.1
1342,1342,Blainville-sur-Mer,28,Normandie,0.15,0.15,0.1,0.15,0.1
1343,1343,Blainville-sur-Orne,28,Normandie,0.15,0.15,0.1,0.15,0.1
1344,1344,Blaison-Gohier,52,Pays De La Loire,0.15,0.15,0.1,0.15,0.1
1345,1345,Blaisy-Bas,27,Bourgogne-franche-comté,0.15,0.15,0.1,0.15,0.1
1346,1346,Blajan,76,Occitanie,0.15,0.15,0.1,0.15,0.1
1347,1347,Blamont,27,Bourgogne-franche-comté,0.15,0.15,0.1,0.15,0.1
1348,1348,Blan,76,Occitanie,0.15,0.15,0.1,0.15,0.1
1349,1349,Blancafort,24,Centre-val De Loire,0.15,0.15,0.1,0.15,0.1
1350,1350,Blandy,11,Île-de-france,0.15,0.15,0.1,0.15,0.1
1351,1351,Blangy-Tronville,32,Hauts-de-france,0.15,0.15,0.1,0.15,0.1
1352,1352,Blangy-le-Château,28,Normandie,0.15,0.15,0.1,0.15,0.1
1353,1353,Blangy-sur-Bresle,28,Normandie,0.15,0.15,0.1,0.15,0.1
1354,1354,Blangy-sur-Ternoise,32,Hauts-de-france,0.15,0.15,0.1,0.15,0.1
1355,1355,Blanquefort,76,Occitanie,0.15,0.15,0.1,0.15,0.1
1356,1356,Blanquefort-sur-Briolance,75,Nouvelle-aquitaine,0.15,0.15,0.1,0.15,0.1
1357,1357,Blanzac-Porcheresse,75,Nouvelle-aquitaine,0.15,0.15,0.1,0.15,0.1
1358,1358,Blanzat,84,Auvergne-rhône-alpes,0.15,0.15,0.1,0.15,0.1
1359,1359,Blanzay,75,Nouvelle-aquitaine,0.15,0.15,0.1,0.15,0.1
1360,1360,Blanzy,27,Bourgogne-franche-comté,0.15,0.15,0.1,0.15,0.1
1361,1361,Blaringhem,32,Hauts-de-france,0.15,0.15,0.1,0.15,0.1
1362,1362,Blaru,11,Île-de-france,0.15,0.15,0.1,0.15,0.1
1363,1363,Blasimon,75,Nouvelle-aquitaine,0.15,0.15,0.1,0.15,0.1
1364,1364,Blausasc,93,Provence-alpes-côte D'azur,0.15,0.15,0.1,0.15,0.1
1365,1365,Blauzac,76,Occitanie,0.15,0.15,0.1,0.15,0.1
1366,1366,Blavozy,84,Auvergne-rhône-alpes,0.15,0.15,0.1,0.15,0.1
1367,1367,Blaye,75,Nouvelle-aquitaine,0.15,0.15,0.1,0.15,0.1
1368,1368,Blaye-les-Mines,76,Occitanie,0.15,0.15,0.1,0.15,0.1
1369,1369,Blendecques,32,Hauts-de-france,0.15,0.15,0.1,0.15,0.1
1370,1370,Blennes,11,Île-de-france,0.15,0.15,0.1,0.15,0.1
1371,1371,Blesle,84,Auvergne-rhône-alpes,0.15,0.15,0.1,0.15,0.1
1372,1372,Blessac,75,Nouvelle-aquitaine,0.15,0.15,0.1,0.15,0.1
1373,1373,Blessy,32,Hauts-de-france,0.15,0.15,0.1,0.15,0.1
1374,1374,Blet,24,Centre-val De Loire,0.15,0.15,0.1,0.15,0.1
1375,1375,Bletterans,27,Bourgogne-franche-comté,0.15,0.15,0.1,0.15,0.1
1376,1376,Blies-Guersviller,44,Grand Est,0.15,0.15,0.1,0.15,0.1
1377,1377,Blies-Ébersing,44,Grand Est,0.15,0.15,0.1,0.15,0.1
1378,1378,Bliesbruck,44,Grand Est,0.15,0.15,0.1,0.15,0.1
1379,1379,Bligny-lès-Beaune,27,Bourgogne-franche-comté,0.15,0.15,0.1,0.15,0.1
1380,1380,Bligny-sur-Ouche,27,Bourgogne-franche-comté,0.15,0.15,0.1,0.15,0.1
1381,1381,Blodelsheim,44,Grand Est,0.15,0.15,0.1,0.15,0.1
1382,1382,Blois,24,Centre-val De Loire,0.15,0.15,0.1,0.15,0.1
1383,1383,Blond,75,Nouvelle-aquitaine,0.15,0.15,0.1,0.15,0.1
1384,1384,Blonville-sur-Mer,28,Normandie,0.15,0.15,0.1,0.15,0.1
1385,1385,Blotzheim,44,Grand Est,0.15,0.15,0.1,0.15,0.1
1386,1386,Blou,52,Pays De La Loire,0.15,0.15,0.1,0.15,0.1
1387,1387,Blyes,84,Auvergne-rhône-alpes,0.15,0.15,0.1,0.15,0.1
1388,1388,Bléneau,27,Bourgogne-franche-comté,0.15,0.15,0.1,0.15,0.1
1389,1389,Blénod-lès-Pont-à-Mousson,44,Grand Est,0.15,0.15,0.1,0.15,0.1
1390,1390,Blénod-lès-Toul,44,Grand Est,0.15,0.15,0.1,0.15,0.1
1391,1391,Blérancourt,32,Hauts-de-france,0.15,0.15,0.1,0.15,0.1
1392,1392,Bléré,24,Centre-val De Loire,0.15,0.15,0.1,0.15,0.1
1393,1393,Bobigny,11,Île-de-france,0.15,0.15,0.1,0.15,0.1
1394,1394,Bobital,53,Bretagne,0.15,0.15,0.1,0.15,0.1
1395,1395,Bocé,52,Pays De La Loire,0.15,0.15,0.1,0.15,0.1
1396,1396,Bodilis,53,Bretagne,0.15,0.15,0.1,0.15,0.1
1397,1397,Boeil-Bezing,75,Nouvelle-aquitaine,0.15,0.15,0.1,0.15,0.1
1398,1398,Boeschepe,32,Hauts-de-france,0.15,0.15,0.1,0.15,0.1
1399,1399,Boffres,84,Auvergne-rhône-alpes,0.15,0.15,0.1,0.15,0.1
1400,1400,Bogève,84,Auvergne-rhône-alpes,0.15,0.15,0.1,0.15,0.1
1401,1401,Bohain-en-Vermandois,32,Hauts-de-france,0.15,0.15,0.1,0.15,0.1
1402,1402,Bohal,53,Bretagne,0.15,0.15,0.1,0.15,0.1
1403,1403,Bohars,53,Bretagne,0.15,0.15,0.1,0.15,0.1
1404,1404,Bohas-Meyriat-Rignat,84,Auvergne-rhône-alpes,0.15,0.15,0.1,0.15,0.1
1405,1405,Boigny-sur-Bionne,24,Centre-val De Loire,0.15,0.15,0.1,0.15,0.1
1406,1406,Bois-Arnault,28,Normandie,0.15,0.15,0.1,0.15,0.1
1407,1407,Bois-Bernard,32,Hauts-de-france,0.15,0.15,0.1,0.15,0.1
1408,1408,Bois-Colombes,11,Île-de-france,0.15,0.15,0.1,0.15,0.1
1409,1409,Bois-Grenier,32,Hauts-de-france,0.15,0.15,0.1,0.15,0.1
1410,1410,Bois-Guillaume,28,Normandie,0.15,0.15,0.1,0.15,0.1
1411,1411,Bois-Jérôme-Saint-Ouen,28,Normandie,0.15,0.15,0.1,0.15,0.1
1412,1412,Bois-de-Cené,52,Pays De La Loire,0.15,0.15,0.1,0.15,0.1
1413,1413,Bois-le-Roi,28,Normandie,0.15,0.15,0.1,0.15,0.1
1414,1414,Boiscommun,24,Centre-val De Loire,0.15,0.15,0.1,0.15,0.1
1415,1415,Boisemont,28,Normandie,0.15,0.15,0.1,0.15,0.1
1416,1416,Boisgervilly,53,Bretagne,0.15,0.15,0.1,0.15,0.1
1417,1417,Boismont,44,Grand Est,0.15,0.15,0.1,0.15,0.1
1418,1418,Boismorand,24,Centre-val De Loire,0.15,0.15,0.1,0.15,0.1
1419,1419,Boismé,75,Nouvelle-aquitaine,0.15,0.15,0.1,0.15,0.1
1420,1420,Boisredon,75,Nouvelle-aquitaine,0.15,0.15,0.1,0.15,0.1
1421,1421,Boisse-Penchot,76,Occitanie,0.15,0.15,0.1,0.15,0.1
1422,1422,Boisseron,76,Occitanie,0.15,0.15,0.1,0.15,0.1
1423,1423,Boisset,84,Auvergne-rhône-alpes,0.15,0.15,0.1,0.15,0.1
1424,1424,Boisset-Saint-Priest,84,Auvergne-rhône-alpes,0.15,0.15,0.1,0.15,0.1
1425,1425,Boisset-et-Gaujac,76,Occitanie,0.15,0.15,0.1,0.15,0.1
1426,1426,Boisset-lès-Montrond,84,Auvergne-rhône-alpes,0.15,0.15,0.1,0.15,0.1
1427,1427,Boisseuil,75,Nouvelle-aquitaine,0.15,0.15,0.1,0.15,0.1
1428,1428,Boissey-le-Châtel,28,Normandie,0.15,0.15,0.1,0.15,0.1
1429,1429,Boissise-la-Bertrand,11,Île-de-france,0.15,0.15,0.1,0.15,0.1
1430,1430,Boissise-le-Roi,11,Île-de-france,0.15,0.15,0.1,0.15,0.1
1431,1431,Boissières,76,Occitanie,0.15,0.15,0.1,0.15,0.1
1432,1432,Boissy-Fresnoy,32,Hauts-de-france,0.15,0.15,0.1,0.15,0.1
1433,1433,Boissy-Mauvoisin,11,Île-de-france,0.15,0.15,0.1,0.15,0.1
1434,1434,Boissy-Saint-Léger,11,Île-de-france,0.15,0.15,0.1,0.15,0.1
1435,1435,Boissy-le-Châtel,11,Île-de-france,0.15,0.15,0.1,0.15,0.1
1436,1436,Boissy-le-Cutté,11,Île-de-france,0.15,0.15,0.1,0.15,0.1
1437,1437,Boissy-le-Sec,11,Île-de-france,0.15,0.15,0.1,0.15,0.1
1438,1438,Boissy-lès-Perche,24,Centre-val De Loire,0.15,0.15,0.1,0.15,0.1
1439,1439,Boissy-sans-Avoir,11,Île-de-france,0.15,0.15,0.1,0.15,0.1
1440,1440,Boissy-sous-Saint-Yon,11,Île-de-france,0.15,0.15,0.1,0.15,0.1
1441,1441,Boistrudan,53,Bretagne,0.15,0.15,0.1,0.15,0.1
1442,1442,Boisville-la-Saint-Père,24,Centre-val De Loire,0.15,0.15,0.1,0.15,0.1
1443,1443,Bolbec,28,Normandie,0.15,0.15,0.1,0.15,0.1
1444,1444,Bolleville,28,Normandie,0.15,0.15,0.1,0.15,0.1
1445,1445,Bollezeele,32,Hauts-de-france,0.15,0.15,0.1,0.15,0.1
1446,1446,Bollwiller,44,Grand Est,0.15,0.15,0.1,0.15,0.1
1447,1447,Bollène,93,Provence-alpes-côte D'azur,0.15,0.15,0.1,0.15,0.1
1448,1448,Bologne,44,Grand Est,0.15,0.15,0.1,0.15,0.1
1449,1449,Bolquère,76,Occitanie,0.15,0.15,0.1,0.15,0.1
1450,1450,Bombon,11,Île-de-france,0.15,0.15,0.1,0.15,0.1
1451,1451,Bommes,75,Nouvelle-aquitaine,0.15,0.15,0.1,0.15,0.1
1452,1452,Bompas,76,Occitanie,0.15,0.15,0.1,0.15,0.1
1453,1453,Bomy,32,Hauts-de-france,0.15,0.15,0.1,0.15,0.1
1454,1454,Bon-Encontre,75,Nouvelle-aquitaine,0.15,0.15,0.1,0.15,0.1
1455,1455,Bonchamp-lès-Laval,52,Pays De La Loire,0.15,0.15,0.1,0.15,0.1
1456,1456,Bondoufle,11,Île-de-france,0.15,0.15,0.1,0.15,0.1
1457,1457,Bondues,32,Hauts-de-france,0.15,0.15,0.1,0.15,0.1
1458,1458,Bondy,11,Île-de-france,0.15,0.15,0.1,0.15,0.1
1459,1459,Bonifacio,94,Corse,0.15,0.15,0.1,0.15,0.1
1460,1460,Bonnac,84,Auvergne-rhône-alpes,0.15,0.15,0.1,0.15,0.1
1461,1461,Bonnac-la-Côte,75,Nouvelle-aquitaine,0.15,0.15,0.1,0.15,0.1
1462,1462,Bonnard,27,Bourgogne-franche-comté,0.15,0.15,0.1,0.15,0.1
1463,1463,Bonnat,75,Nouvelle-aquitaine,0.15,0.15,0.1,0.15,0.1
1464,1464,Bonnay,32,Hauts-de-france,0.15,0.15,0.1,0.15,0.1
1465,1465,Bonne,84,Auvergne-rhône-alpes,0.15,0.15,0.1,0.15,0.1
1466,1466,Bonnebosq,28,Normandie,0.15,0.15,0.1,0.15,0.1
1467,1467,Bonnefamille,84,Auvergne-rhône-alpes,0.15,0.15,0.1,0.15,0.1
1468,1468,Bonnelles,11,Île-de-france,0.15,0.15,0.1,0.15,0.1
1469,1469,Bonnemain,53,Bretagne,0.15,0.15,0.1,0.15,0.1
1470,1470,Bonnes,75,Nouvelle-aquitaine,0.15,0.15,0.1,0.15,0.1
1471,1471,Bonnetan,75,Nouvelle-aquitaine,0.15,0.15,0.1,0.15,0.1
1472,1472,Bonneuil-Matours,75,Nouvelle-aquitaine,0.15,0.15,0.1,0.15,0.1
1473,1473,Bonneuil-en-France,11,Île-de-france,0.15,0.15,0.1,0.15,0.1
1474,1474,Bonneuil-en-Valois,32,Hauts-de-france,0.15,0.15,0.1,0.15,0.1
1475,1475,Bonneuil-les-Eaux,32,Hauts-de-france,0.15,0.15,0.1,0.15,0.1
1476,1476,Bonneuil-sur-Marne,11,Île-de-france,0.15,0.15,0.1,0.15,0.1
1477,1477,Bonneval,84,Auvergne-rhône-alpes,0.15,0.15,0.1,0.15,0.1
1478,1478,Bonneville,84,Auvergne-rhône-alpes,0.15,0.15,0.1,0.15,0.1
1479,1479,Bonneville-la-Louvet,28,Normandie,0.15,0.15,0.1,0.15,0.1
1480,1480,Bonnieux,93,Provence-alpes-côte D'azur,0.15,0.15,0.1,0.15,0.1
1481,1481,Bonningues-lès-Ardres,32,Hauts-de-france,0.15,0.15,0.1,0.15,0.1
1482,1482,Bonningues-lès-Calais,32,Hauts-de-france,0.15,0.15,0.1,0.15,0.1
1483,1483,Bonnières,32,Hauts-de-france,0.15,0.15,0.1,0.15,0.1
1484,1484,Bonnières-sur-Seine,11,Île-de-france,0.15,0.15,0.1,0.15,0.1
1485,1485,Bonnut,75,Nouvelle-aquitaine,0.15,0.15,0.1,0.15,0.1
1486,1486,Bonny-sur-Loire,24,Centre-val De Loire,0.15,0.15,0.1,0.15,0.1
1487,1487,Bonnée,24,Centre-val De Loire,0.15,0.15,0.1,0.15,0.1
1488,1488,Bonnétable,52,Pays De La Loire,0.15,0.15,0.1,0.15,0.1
1489,1489,Bonnétage,27,Bourgogne-franche-comté,0.15,0.15,0.1,0.15,0.1
1490,1490,Bonnœuvre,52,Pays De La Loire,0.15,0.15,0.1,0.15,0.1
1491,1491,Bonrepos-sur-Aussonnelle,76,Occitanie,0.15,0.15,0.1,0.15,0.1
1492,1492,Bons-en-Chablais,84,Auvergne-rhône-alpes,0.15,0.15,0.1,0.15,0.1
1493,1493,Bonson,93,Provence-alpes-côte D'azur,0.15,0.15,0.1,0.15,0.1
1494,1494,Bonzac,75,Nouvelle-aquitaine,0.15,0.15,0.1,0.15,0.1
1495,1495,Boofzheim,44,Grand Est,0.15,0.15,0.1,0.15,0.1
1496,1496,Boos,75,Nouvelle-aquitaine,0.15,0.15,0.1,0.15,0.1
1497,1497,Boqueho,53,Bretagne,0.15,0.15,0.1,0.15,0.1
1498,1498,Boran-sur-Oise,32,Hauts-de-france,0.15,0.15,0.1,0.15,0.1
1499,1499,Bordeaux,75,Nouvelle-aquitaine,0.15,0.15,0.1,0.15,0.1
1500,1500,Bordeaux-Saint-Clair,28,Normandie,0.15,0.15,0.1,0.15,0.1
1501,1501,Bordes,76,Occitanie,0.15,0.15,0.1,0.15,0.1
1502,1502,Bords,75,Nouvelle-aquitaine,0.15,0.15,0.1,0.15,0.1
1503,1503,Bordères,75,Nouvelle-aquitaine,0.15,0.15,0.1,0.15,0.1
1504,1504,Borgo,94,Corse,0.15,0.15,0.1,0.15,0.1
1505,1505,Bormes-les-Mimosas,93,Provence-alpes-côte D'azur,0.15,0.15,0.1,0.15,0.1
1506,1506,Bornel,32,Hauts-de-france,0.15,0.15,0.1,0.15,0.1
1507,1507,Borre,32,Hauts-de-france,0.15,0.15,0.1,0.15,0.1
1508,1508,Bort-les-Orgues,75,Nouvelle-aquitaine,0.15,0.15,0.1,0.15,0.1
1509,1509,Bosc-Guérard-Saint-Adrien,28,Normandie,0.15,0.15,0.1,0.15,0.1
1510,1510,Bosc-le-Hard,28,Normandie,0.15,0.15,0.1,0.15,0.1
1511,1511,Bosdarros,75,Nouvelle-aquitaine,0.15,0.15,0.1,0.15,0.1
1512,1512,Bosgouet,28,Normandie,0.15,0.15,0.1,0.15,0.1
1513,1513,Bosguérard-de-Marcouville,28,Normandie,0.15,0.15,0.1,0.15,0.1
1514,1514,Bosmie-l'Aiguille,75,Nouvelle-aquitaine,0.15,0.15,0.1,0.15,0.1
1515,1515,Bossay-sur-Claise,24,Centre-val De Loire,0.15,0.15,0.1,0.15,0.1
1516,1516,Bosselshausen,44,Grand Est,0.15,0.15,0.1,0.15,0.1
1517,1517,Bossey,84,Auvergne-rhône-alpes,0.15,0.15,0.1,0.15,0.1
1518,1518,Bosville,28,Normandie,0.15,0.15,0.1,0.15,0.1
1519,1519,Botsorhel,53,Bretagne,0.15,0.15,0.1,0.15,0.1
1520,1520,Botz-en-Mauges,52,Pays De La Loire,0.15,0.15,0.1,0.15,0.1
1521,1521,Bou,24,Centre-val De Loire,0.15,0.15,0.1,0.15,0.1
1522,1522,Bouafle,11,Île-de-france,0.15,0.15,0.1,0.15,0.1
1523,1523,Bouafles,28,Normandie,0.15,0.15,0.1,0.15,0.1
1524,1524,Bouaye,52,Pays De La Loire,0.15,0.15,0.1,0.15,0.1
1525,1525,Boubers-sur-Canche,32,Hauts-de-france,0.15,0.15,0.1,0.15,0.1
1526,1526,Bouc-Bel-Air,93,Provence-alpes-côte D'azur,0.15,0.15,0.1,0.15,0.1
1527,1527,Boucau,75,Nouvelle-aquitaine,0.15,0.15,0.1,0.15,0.1
1528,1528,Bouchain,32,Hauts-de-france,0.15,0.15,0.1,0.15,0.1
1529,1529,Bouchamps-lès-Craon,52,Pays De La Loire,0.15,0.15,0.1,0.15,0.1
1530,1530,Bouchemaine,52,Pays De La Loire,0.15,0.15,0.1,0.15,0.1
1531,1531,Boucheporn,44,Grand Est,0.15,0.15,0.1,0.15,0.1
1532,1532,Bouchet,84,Auvergne-rhône-alpes,0.15,0.15,0.1,0.15,0.1
1533,1533,Bouclans,27,Bourgogne-franche-comté,0.15,0.15,0.1,0.15,0.1
1534,1534,Boucoiran-et-Nozières,76,Occitanie,0.15,0.15,0.1,0.15,0.1
1535,1535,Boucé,84,Auvergne-rhône-alpes,0.15,0.15,0.1,0.15,0.1
1536,1536,Boudou,76,Occitanie,0.15,0.15,0.1,0.15,0.1
1537,1537,Bouessay,52,Pays De La Loire,0.15,0.15,0.1,0.15,0.1
1538,1538,Bouffémont,11,Île-de-france,0.15,0.15,0.1,0.15,0.1
1539,1539,Boufféré,52,Pays De La Loire,0.15,0.15,0.1,0.15,0.1
1540,1540,Bougarber,75,Nouvelle-aquitaine,0.15,0.15,0.1,0.15,0.1
1541,1541,Bougival,11,Île-de-france,0.15,0.15,0.1,0.15,0.1
1542,1542,Bouglainval,24,Centre-val De Loire,0.15,0.15,0.1,0.15,0.1
1543,1543,Bougligny,11,Île-de-france,0.15,0.15,0.1,0.15,0.1
1544,1544,Bouglon,75,Nouvelle-aquitaine,0.15,0.15,0.1,0.15,0.1
1545,1545,Bougue,75,Nouvelle-aquitaine,0.15,0.15,0.1,0.15,0.1
1546,1546,Bouguenais,52,Pays De La Loire,0.15,0.15,0.1,0.15,0.1
1547,1547,Bougé-Chambalud,84,Auvergne-rhône-alpes,0.15,0.15,0.1,0.15,0.1
1548,1548,Bouillargues,76,Occitanie,0.15,0.15,0.1,0.15,0.1
1549,1549,Bouilly,44,Grand Est,0.15,0.15,0.1,0.15,0.1
1550,1550,Bouillé-Loretz,75,Nouvelle-aquitaine,0.15,0.15,0.1,0.15,0.1
1551,1551,Bouillé-Ménard,52,Pays De La Loire,0.15,0.15,0.1,0.15,0.1
1552,1552,Bouin,75,Nouvelle-aquitaine,0.15,0.15,0.1,0.15,0.1
1553,1553,Bouin-Plumoison,32,Hauts-de-france,0.15,0.15,0.1,0.15,0.1
1554,1554,Boujan-sur-Libron,76,Occitanie,0.15,0.15,0.1,0.15,0.1
1555,1555,Boulange,44,Grand Est,0.15,0.15,0.1,0.15,0.1
1556,1556,Boulay-Moselle,44,Grand Est,0.15,0.15,0.1,0.15,0.1
1557,1557,Boulay-les-Barres,24,Centre-val De Loire,0.15,0.15,0.1,0.15,0.1
1558,1558,Boulazac,75,Nouvelle-aquitaine,0.15,0.15,0.1,0.15,0.1
1559,1559,Boulbon,93,Provence-alpes-côte D'azur,0.15,0.15,0.1,0.15,0.1
1560,1560,Bouleternère,76,Occitanie,0.15,0.15,0.1,0.15,0.1
1561,1561,Bouleurs,11,Île-de-france,0.15,0.15,0.1,0.15,0.1
1562,1562,Bouliac,75,Nouvelle-aquitaine,0.15,0.15,0.1,0.15,0.1
1563,1563,Boulieu-lès-Annonay,84,Auvergne-rhône-alpes,0.15,0.15,0.1,0.15,0.1
1564,1564,Bouligny,44,Grand Est,0.15,0.15,0.1,0.15,0.1
1565,1565,Boullay-les-Troux,11,Île-de-france,0.15,0.15,0.1,0.15,0.1
1566,1566,Boulleret,24,Centre-val De Loire,0.15,0.15,0.1,0.15,0.1
1567,1567,Boulleville,28,Normandie,0.15,0.15,0.1,0.15,0.1
1568,1568,Bouloc,76,Occitanie,0.15,0.15,0.1,0.15,0.1
1569,1569,Boulogne,52,Pays De La Loire,0.15,0.15,0.1,0.15,0.1
1570,1570,Boulogne-Billancourt,11,Île-de-france,0.15,0.15,0.1,0.15,0.1
1571,1571,Boulogne-sur-Gesse,76,Occitanie,0.15,0.15,0.1,0.15,0.1
1572,1572,Boulogne-sur-Mer,32,Hauts-de-france,0.15,0.15,0.1,0.15,0.1
1573,1573,Bouloire,52,Pays De La Loire,0.15,0.15,0.1,0.15,0.1
1574,1574,Boulon,28,Normandie,0.15,0.15,0.1,0.15,0.1
1575,1575,Boult,27,Bourgogne-franche-comté,0.15,0.15,0.1,0.15,0.1
1576,1576,Boult-sur-Suippe,44,Grand Est,0.15,0.15,0.1,0.15,0.1
1577,1577,Boulzicourt,44,Grand Est,0.15,0.15,0.1,0.15,0.1
1578,1578,Bouniagues,75,Nouvelle-aquitaine,0.15,0.15,0.1,0.15,0.1
1579,1579,Bouquehault,32,Hauts-de-france,0.15,0.15,0.1,0.15,0.1
1580,1580,Bouquetot,28,Normandie,0.15,0.15,0.1,0.15,0.1
1581,1581,Bouray-sur-Juine,11,Île-de-france,0.15,0.15,0.1,0.15,0.1
1582,1582,Bourbach-le-Bas,44,Grand Est,0.15,0.15,0.1,0.15,0.1
1583,1583,Bourbon-Lancy,27,Bourgogne-franche-comté,0.15,0.15,0.1,0.15,0.1
1584,1584,Bourbonne-les-Bains,44,Grand Est,0.15,0.15,0.1,0.15,0.1
1585,1585,Bourbourg,32,Hauts-de-france,0.15,0.15,0.1,0.15,0.1
1586,1586,Bourbriac,53,Bretagne,0.15,0.15,0.1,0.15,0.1
1587,1587,Bourcefranc-le-Chapus,75,Nouvelle-aquitaine,0.15,0.15,0.1,0.15,0.1
1588,1588,Bourdeaux,84,Auvergne-rhône-alpes,0.15,0.15,0.1,0.15,0.1
1589,1589,Bourdeilles,75,Nouvelle-aquitaine,0.15,0.15,0.1,0.15,0.1
1590,1590,Bourecq,32,Hauts-de-france,0.15,0.15,0.1,0.15,0.1
1591,1591,Bouresse,75,Nouvelle-aquitaine,0.15,0.15,0.1,0.15,0.1
1592,1592,Bourg,75,Nouvelle-aquitaine,0.15,0.15,0.1,0.15,0.1
1593,1593,Bourg de Joué-sur-Erdre,52,Pays De La Loire,0.15,0.15,0.1,0.15,0.1
1594,1594,Bourg-Achard,28,Normandie,0.15,0.15,0.1,0.15,0.1
1595,1595,Bourg-Argental,84,Auvergne-rhône-alpes,0.15,0.15,0.1,0.15,0.1
1596,1596,Bourg-Beaudouin,28,Normandie,0.15,0.15,0.1,0.15,0.1
1597,1597,Bourg-Blanc,53,Bretagne,0.15,0.15,0.1,0.15,0.1
1598,1598,Bourg-Charente,75,Nouvelle-aquitaine,0.15,0.15,0.1,0.15,0.1
1599,1599,Bourg-Fidèle,44,Grand Est,0.15,0.15,0.1,0.15,0.1
1600,1600,Bourg-Lastic,84,Auvergne-rhône-alpes,0.15,0.15,0.1,0.15,0.1
1601,1601,Bourg-Saint-Andéol,84,Auvergne-rhône-alpes,0.15,0.15,0.1,0.15,0.1
1602,1602,Bourg-Saint-Bernard,76,Occitanie,0.15,0.15,0.1,0.15,0.1
1603,1603,Bourg-Saint-Christophe,84,Auvergne-rhône-alpes,0.15,0.15,0.1,0.15,0.1
1604,1604,Bourg-Saint-Maurice,84,Auvergne-rhône-alpes,0.15,0.15,0.1,0.15,0.1
1605,1605,Bourg-de-Péage,84,Auvergne-rhône-alpes,0.15,0.15,0.1,0.15,0.1
1606,1606,Bourg-de-Thizy,84,Auvergne-rhône-alpes,0.15,0.15,0.1,0.15,0.1
1607,1607,Bourg-des-Comptes,53,Bretagne,0.15,0.15,0.1,0.15,0.1
1608,1608,Bourg-en-Bresse,84,Auvergne-rhône-alpes,0.15,0.15,0.1,0.15,0.1
1609,1609,Bourg-et-Comin,32,Hauts-de-france,0.15,0.15,0.1,0.15,0.1
1610,1610,Bourg-la-Reine,11,Île-de-france,0.15,0.15,0.1,0.15,0.1
1611,1611,Bourg-lès-Valence,84,Auvergne-rhône-alpes,0.15,0.15,0.1,0.15,0.1
1612,1612,Bourganeuf,75,Nouvelle-aquitaine,0.15,0.15,0.1,0.15,0.1
1613,1613,Bourgbarré,53,Bretagne,0.15,0.15,0.1,0.15,0.1
1614,1614,Bourges,24,Centre-val De Loire,0.15,0.15,0.1,0.15,0.1
1615,1615,Bourghelles,32,Hauts-de-france,0.15,0.15,0.1,0.15,0.1
1616,1616,Bourgneuf,84,Auvergne-rhône-alpes,0.15,0.15,0.1,0.15,0.1
1617,1617,Bourgneuf-en-Mauges,52,Pays De La Loire,0.15,0.15,0.1,0.15,0.1
1618,1618,Bourgneuf-en-Retz,52,Pays De La Loire,0.15,0.15,0.1,0.15,0.1
1619,1619,Bourgogne,44,Grand Est,0.15,0.15,0.1,0.15,0.1
1620,1620,Bourgoin-Jallieu,84,Auvergne-rhône-alpes,0.15,0.15,0.1,0.15,0.1
1621,1621,Bourgon,52,Pays De La Loire,0.15,0.15,0.1,0.15,0.1
1622,1622,Bourgtheroulde-Infreville,28,Normandie,0.15,0.15,0.1,0.15,0.1
1623,1623,Bourgueil,24,Centre-val De Loire,0.15,0.15,0.1,0.15,0.1
1624,1624,Bourguignon,27,Bourgogne-franche-comté,0.15,0.15,0.1,0.15,0.1
1625,1625,Bourguébus,28,Normandie,0.15,0.15,0.1,0.15,0.1
1626,1626,Bourlon,32,Hauts-de-france,0.15,0.15,0.1,0.15,0.1
1627,1627,Bourmont,44,Grand Est,0.15,0.15,0.1,0.15,0.1
1628,1628,Bourneau,52,Pays De La Loire,0.15,0.15,0.1,0.15,0.1
1629,1629,Bourneville,28,Normandie,0.15,0.15,0.1,0.15,0.1
1630,1630,Bournezeau,52,Pays De La Loire,0.15,0.15,0.1,0.15,0.1
1631,1631,Bournoncle-Saint-Pierre,84,Auvergne-rhône-alpes,0.15,0.15,0.1,0.15,0.1
1632,1632,Bourogne,27,Bourgogne-franche-comté,0.15,0.15,0.1,0.15,0.1
1633,1633,Bourran,75,Nouvelle-aquitaine,0.15,0.15,0.1,0.15,0.1
1634,1634,Bourret,76,Occitanie,0.15,0.15,0.1,0.15,0.1
1635,1635,Bourron-Marlotte,11,Île-de-france,0.15,0.15,0.1,0.15,0.1
1636,1636,Bourré,24,Centre-val De Loire,0.15,0.15,0.1,0.15,0.1
1637,1637,Bours,76,Occitanie,0.15,0.15,0.1,0.15,0.1
1638,1638,Boursault,44,Grand Est,0.15,0.15,0.1,0.15,0.1
1639,1639,Bourseul,53,Bretagne,0.15,0.15,0.1,0.15,0.1
1640,1640,Bourseville,32,Hauts-de-france,0.15,0.15,0.1,0.15,0.1
1641,1641,Bourth,28,Normandie,0.15,0.15,0.1,0.15,0.1
1642,1642,Bourthes,32,Hauts-de-france,0.15,0.15,0.1,0.15,0.1
1643,1643,Bousbach,44,Grand Est,0.15,0.15,0.1,0.15,0.1
1644,1644,Bousbecque,32,Hauts-de-france,0.15,0.15,0.1,0.15,0.1
1645,1645,Bousies,32,Hauts-de-france,0.15,0.15,0.1,0.15,0.1
1646,1646,Boussac,76,Occitanie,0.15,0.15,0.1,0.15,0.1
1647,1647,Boussac-Bourg,75,Nouvelle-aquitaine,0.15,0.15,0.1,0.15,0.1
1648,1648,Boussay,52,Pays De La Loire,0.15,0.15,0.1,0.15,0.1
1649,1649,Bousse,52,Pays De La Loire,0.15,0.15,0.1,0.15,0.1
1650,1650,Boussens,76,Occitanie,0.15,0.15,0.1,0.15,0.1
1651,1651,Boussières,27,Bourgogne-franche-comté,0.15,0.15,0.1,0.15,0.1
1652,1652,Boussois,32,Hauts-de-france,0.15,0.15,0.1,0.15,0.1
1653,1653,Boussy-Saint-Antoine,11,Île-de-france,0.15,0.15,0.1,0.15,0.1
1654,1654,Boust,44,Grand Est,0.15,0.15,0.1,0.15,0.1
1655,1655,Bout-du-Pont-de-Larn,76,Occitanie,0.15,0.15,0.1,0.15,0.1
1656,1656,Boutavent,32,Hauts-de-france,0.15,0.15,0.1,0.15,0.1
1657,1657,Boutenac,76,Occitanie,0.15,0.15,0.1,0.15,0.1
1658,1658,Boutiers-Saint-Trojan,75,Nouvelle-aquitaine,0.15,0.15,0.1,0.15,0.1
1659,1659,Boutigny,11,Île-de-france,0.15,0.15,0.1,0.15,0.1
1660,1660,Boutigny-sur-Essonne,11,Île-de-france,0.15,0.15,0.1,0.15,0.1
1661,1661,Bouttencourt,32,Hauts-de-france,0.15,0.15,0.1,0.15,0.1
1662,1662,Bouvaincourt-sur-Bresle,32,Hauts-de-france,0.15,0.15,0.1,0.15,0.1
1663,1663,Bouvesse-Quirieu,84,Auvergne-rhône-alpes,0.15,0.15,0.1,0.15,0.1
1664,1664,Bouvignies,32,Hauts-de-france,0.15,0.15,0.1,0.15,0.1
1665,1665,Bouvigny-Boyeffles,32,Hauts-de-france,0.15,0.15,0.1,0.15,0.1
1666,1666,Bouville,28,Normandie,0.15,0.15,0.1,0.15,0.1
1667,1667,Bouvines,32,Hauts-de-france,0.15,0.15,0.1,0.15,0.1
1668,1668,Bouvron,52,Pays De La Loire,0.15,0.15,0.1,0.15,0.1
1669,1669,Bouxières-aux-Chênes,44,Grand Est,0.15,0.15,0.1,0.15,0.1
1670,1670,Bouxières-aux-Dames,44,Grand Est,0.15,0.15,0.1,0.15,0.1
1671,1671,Bouxwiller,44,Grand Est,0.15,0.15,0.1,0.15,0.1
1672,1672,Bouzel,84,Auvergne-rhône-alpes,0.15,0.15,0.1,0.15,0.1
1673,1673,Bouzigues,76,Occitanie,0.15,0.15,0.1,0.15,0.1
1674,1674,Bouzillé,52,Pays De La Loire,0.15,0.15,0.1,0.15,0.1
1675,1675,Bouzincourt,32,Hauts-de-france,0.15,0.15,0.1,0.15,0.1
1676,1676,Bouzonville,44,Grand Est,0.15,0.15,0.1,0.15,0.1
1677,1677,Bouzy,44,Grand Est,0.15,0.15,0.1,0.15,0.1
1678,1678,Bouzy-la-Forêt,24,Centre-val De Loire,0.15,0.15,0.1,0.15,0.1
1679,1679,Bouère,52,Pays De La Loire,0.15,0.15,0.1,0.15,0.1
1680,1680,Boué,32,Hauts-de-france,0.15,0.15,0.1,0.15,0.1
1681,1681,Bouée,52,Pays De La Loire,0.15,0.15,0.1,0.15,0.1
1682,1682,Bouëx,75,Nouvelle-aquitaine,0.15,0.15,0.1,0.15,0.1
1683,1683,Boves,32,Hauts-de-france,0.15,0.15,0.1,0.15,0.1
1684,1684,Boyer,84,Auvergne-rhône-alpes,0.15,0.15,0.1,0.15,0.1
1685,1685,Boynes,24,Centre-val De Loire,0.15,0.15,0.1,0.15,0.1
1686,1686,Bozel,84,Auvergne-rhône-alpes,0.15,0.15,0.1,0.15,0.1
1687,1687,Bozouls,76,Occitanie,0.15,0.15,0.1,0.15,0.1
1688,1688,Boé,75,Nouvelle-aquitaine,0.15,0.15,0.1,0.15,0.1
1689,1689,Boëge,84,Auvergne-rhône-alpes,0.15,0.15,0.1,0.15,0.1
1690,1690,Boën-sur-Lignon,84,Auvergne-rhône-alpes,0.15,0.15,0.1,0.15,0.1
1691,1691,Boësse,,MISSING,0.15,0.15,0.1,0.15,0.1
1692,1692,Boëssé-le-Sec,52,Pays De La Loire,0.15,0.15,0.1,0.15,0.1
1693,1693,Brachy,28,Normandie,0.15,0.15,0.1,0.15,0.1
1694,1694,Bracieux,24,Centre-val De Loire,0.15,0.15,0.1,0.15,0.1
1695,1695,Bracquemont,28,Normandie,0.15,0.15,0.1,0.15,0.1
1696,1696,Brain-sur-Allonnes,52,Pays De La Loire,0.15,0.15,0.1,0.15,0.1
1697,1697,Brain-sur-Longuenée,52,Pays De La Loire,0.15,0.15,0.1,0.15,0.1
1698,1698,Braine,32,Hauts-de-france,0.15,0.15,0.1,0.15,0.1
1699,1699,Brains,52,Pays De La Loire,0.15,0.15,0.1,0.15,0.1
1700,1700,Bram,76,Occitanie,0.15,0.15,0.1,0.15,0.1
1701,1701,Brancourt-en-Laonnois,32,Hauts-de-france,0.15,0.15,0.1,0.15,0.1
1702,1702,Brancourt-le-Grand,32,Hauts-de-france,0.15,0.15,0.1,0.15,0.1
1703,1703,Brandivy,53,Bretagne,0.15,0.15,0.1,0.15,0.1
1704,1704,Brando,94,Corse,0.15,0.15,0.1,0.15,0.1
1705,1705,Brandérion,53,Bretagne,0.15,0.15,0.1,0.15,0.1
1706,1706,Branges,27,Bourgogne-franche-comté,0.15,0.15,0.1,0.15,0.1
1707,1707,Brangues,84,Auvergne-rhône-alpes,0.15,0.15,0.1,0.15,0.1
1708,1708,Brannay,27,Bourgogne-franche-comté,0.15,0.15,0.1,0.15,0.1
1709,1709,Branne,75,Nouvelle-aquitaine,0.15,0.15,0.1,0.15,0.1
1710,1710,Branoux-les-Taillades,76,Occitanie,0.15,0.15,0.1,0.15,0.1
1711,1711,Bransat,84,Auvergne-rhône-alpes,0.15,0.15,0.1,0.15,0.1
1712,1712,Bransles,11,Île-de-france,0.15,0.15,0.1,0.15,0.1
1713,1713,Brantôme,75,Nouvelle-aquitaine,0.15,0.15,0.1,0.15,0.1
1714,1714,Bras,93,Provence-alpes-côte D'azur,0.15,0.15,0.1,0.15,0.1
1715,1715,Bras-sur-Meuse,44,Grand Est,0.15,0.15,0.1,0.15,0.1
1716,1716,Brasles,32,Hauts-de-france,0.15,0.15,0.1,0.15,0.1
1717,1717,Brasparts,53,Bretagne,0.15,0.15,0.1,0.15,0.1
1718,1718,Brassac,76,Occitanie,0.15,0.15,0.1,0.15,0.1
1719,1719,Brassac-les-Mines,84,Auvergne-rhône-alpes,0.15,0.15,0.1,0.15,0.1
1720,1720,Brassy,32,Hauts-de-france,0.15,0.15,0.1,0.15,0.1
1721,1721,Braud-et-Saint-Louis,75,Nouvelle-aquitaine,0.15,0.15,0.1,0.15,0.1
1722,1722,Brax,76,Occitanie,0.15,0.15,0.1,0.15,0.1
1723,1723,Bray-Dunes,32,Hauts-de-france,0.15,0.15,0.1,0.15,0.1
1724,1724,Bray-en-Val,24,Centre-val De Loire,0.15,0.15,0.1,0.15,0.1
1725,1725,Bray-et-Lû,11,Île-de-france,0.15,0.15,0.1,0.15,0.1
1726,1726,Bray-sur-Seine,11,Île-de-france,0.15,0.15,0.1,0.15,0.1
1727,1727,Bray-sur-Somme,32,Hauts-de-france,0.15,0.15,0.1,0.15,0.1
1728,1728,Brazey-en-Plaine,27,Bourgogne-franche-comté,0.15,0.15,0.1,0.15,0.1
1729,1729,Brebières,32,Hauts-de-france,0.15,0.15,0.1,0.15,0.1
1730,1730,Brech,53,Bretagne,0.15,0.15,0.1,0.15,0.1
1731,1731,Brecé,52,Pays De La Loire,0.15,0.15,0.1,0.15,0.1
1732,1732,Breil-sur-Roya,93,Provence-alpes-côte D'azur,0.15,0.15,0.1,0.15,0.1
1733,1733,Breitenbach,44,Grand Est,0.15,0.15,0.1,0.15,0.1
1734,1734,Breitenbach-Haut-Rhin,44,Grand Est,0.15,0.15,0.1,0.15,0.1
1735,1735,Bren,84,Auvergne-rhône-alpes,0.15,0.15,0.1,0.15,0.1
1736,1736,Brenouille,32,Hauts-de-france,0.15,0.15,0.1,0.15,0.1
1737,1737,Brens,84,Auvergne-rhône-alpes,0.15,0.15,0.1,0.15,0.1
1738,1738,Brenthonne,84,Auvergne-rhône-alpes,0.15,0.15,0.1,0.15,0.1
1739,1739,Bresles,32,Hauts-de-france,0.15,0.15,0.1,0.15,0.1
1740,1740,Bressey-sur-Tille,27,Bourgogne-franche-comté,0.15,0.15,0.1,0.15,0.1
1741,1741,Bressolles,84,Auvergne-rhône-alpes,0.15,0.15,0.1,0.15,0.1
1742,1742,Bressols,76,Occitanie,0.15,0.15,0.1,0.15,0.1
1743,1743,Bresson,84,Auvergne-rhône-alpes,0.15,0.15,0.1,0.15,0.1
1744,1744,Bressuire,75,Nouvelle-aquitaine,0.15,0.15,0.1,0.15,0.1
1745,1745,Brest,53,Bretagne,0.15,0.15,0.1,0.15,0.1
1746,1746,Bretagne-de-Marsan,75,Nouvelle-aquitaine,0.15,0.15,0.1,0.15,0.1
1747,1747,Breteil,53,Bretagne,0.15,0.15,0.1,0.15,0.1
1748,1748,Bretenière,27,Bourgogne-franche-comté,0.15,0.15,0.1,0.15,0.1
1749,1749,Bretenoux,76,Occitanie,0.15,0.15,0.1,0.15,0.1
1750,1750,Breteuil,32,Hauts-de-france,0.15,0.15,0.1,0.15,0.1
1751,1751,Bretignolles,75,Nouvelle-aquitaine,0.15,0.15,0.1,0.15,0.1
1752,1752,Bretignolles-sur-Mer,52,Pays De La Loire,0.15,0.15,0.1,0.15,0.1
1753,1753,Bretigny,27,Bourgogne-franche-comté,0.15,0.15,0.1,0.15,0.1
1754,1754,Bretoncelles,28,Normandie,0.15,0.15,0.1,0.15,0.1
1755,1755,Brette-les-Pins,52,Pays De La Loire,0.15,0.15,0.1,0.15,0.1
1756,1756,Bretteville,28,Normandie,0.15,0.15,0.1,0.15,0.1
1757,1757,Bretteville-du-Grand-Caux,28,Normandie,0.15,0.15,0.1,0.15,0.1
1758,1758,Bretteville-sur-Laize,28,Normandie,0.15,0.15,0.1,0.15,0.1
1759,1759,Bretteville-sur-Odon,28,Normandie,0.15,0.15,0.1,0.15,0.1
1760,1760,Breuches,27,Bourgogne-franche-comté,0.15,0.15,0.1,0.15,0.1
1761,1761,Breuil-Barret,52,Pays De La Loire,0.15,0.15,0.1,0.15,0.1
1762,1762,Breuil-Bois-Robert,11,Île-de-france,0.15,0.15,0.1,0.15,0.1
1763,1763,Breuil-Magné,75,Nouvelle-aquitaine,0.15,0.15,0.1,0.15,0.1
1764,1764,Breuil-le-Sec,32,Hauts-de-france,0.15,0.15,0.1,0.15,0.1
1765,1765,Breuil-le-Vert,32,Hauts-de-france,0.15,0.15,0.1,0.15,0.1
1766,1766,Breuillet,75,Nouvelle-aquitaine,0.15,0.15,0.1,0.15,0.1
1767,1767,Breuilpont,28,Normandie,0.15,0.15,0.1,0.15,0.1
1768,1768,Breurey-lès-Faverney,27,Bourgogne-franche-comté,0.15,0.15,0.1,0.15,0.1
1769,1769,Breuschwickersheim,44,Grand Est,0.15,0.15,0.1,0.15,0.1
1770,1770,Breuvannes-en-Bassigny,44,Grand Est,0.15,0.15,0.1,0.15,0.1
1771,1771,Brevans,27,Bourgogne-franche-comté,0.15,0.15,0.1,0.15,0.1
1772,1772,Brevilliers,27,Bourgogne-franche-comté,0.15,0.15,0.1,0.15,0.1
1773,1773,Brezolles,24,Centre-val De Loire,0.15,0.15,0.1,0.15,0.1
1774,1774,Briantes,24,Centre-val De Loire,0.15,0.15,0.1,0.15,0.1
1775,1775,Briançon,93,Provence-alpes-côte D'azur,0.15,0.15,0.1,0.15,0.1
1776,1776,Briare,24,Centre-val De Loire,0.15,0.15,0.1,0.15,0.1
1777,1777,Briarres-sur-Essonne,24,Centre-val De Loire,0.15,0.15,0.1,0.15,0.1
1778,1778,Briastre,32,Hauts-de-france,0.15,0.15,0.1,0.15,0.1
1779,1779,Briatexte,76,Occitanie,0.15,0.15,0.1,0.15,0.1
1780,1780,Bricquebec,28,Normandie,0.15,0.15,0.1,0.15,0.1
1781,1781,Bricqueville-la-Blouette,28,Normandie,0.15,0.15,0.1,0.15,0.1
1782,1782,Bricqueville-sur-Mer,28,Normandie,0.15,0.15,0.1,0.15,0.1
1783,1783,Bricy,24,Centre-val De Loire,0.15,0.15,0.1,0.15,0.1
1784,1784,Brides-les-Bains,84,Auvergne-rhône-alpes,0.15,0.15,0.1,0.15,0.1
1785,1785,Bridoré,24,Centre-val De Loire,0.15,0.15,0.1,0.15,0.1
1786,1786,Brie,76,Occitanie,0.15,0.15,0.1,0.15,0.1
1787,1787,Brie-Comte-Robert,11,Île-de-france,0.15,0.15,0.1,0.15,0.1
1788,1788,Briec,53,Bretagne,0.15,0.15,0.1,0.15,0.1
1789,1789,Brielles,53,Bretagne,0.15,0.15,0.1,0.15,0.1
1790,1790,Brienne-le-Château,44,Grand Est,0.15,0.15,0.1,0.15,0.1
1791,1791,Briennon,84,Auvergne-rhône-alpes,0.15,0.15,0.1,0.15,0.1
1792,1792,Brienon-sur-Armançon,27,Bourgogne-franche-comté,0.15,0.15,0.1,0.15,0.1
1793,1793,Briey,44,Grand Est,0.15,0.15,0.1,0.15,0.1
1794,1794,Brignac-la-Plaine,75,Nouvelle-aquitaine,0.15,0.15,0.1,0.15,0.1
1795,1795,Brignais,84,Auvergne-rhône-alpes,0.15,0.15,0.1,0.15,0.1
1796,1796,Brignogan-Plage,53,Bretagne,0.15,0.15,0.1,0.15,0.1
1797,1797,Brignoles,93,Provence-alpes-côte D'azur,0.15,0.15,0.1,0.15,0.1
1798,1798,Brignon,76,Occitanie,0.15,0.15,0.1,0.15,0.1
1799,1799,Brigueil-le-Chantre,75,Nouvelle-aquitaine,0.15,0.15,0.1,0.15,0.1
1800,1800,Brigueuil,75,Nouvelle-aquitaine,0.15,0.15,0.1,0.15,0.1
1801,1801,Briis-sous-Forges,11,Île-de-france,0.15,0.15,0.1,0.15,0.1
1802,1802,Brillac,75,Nouvelle-aquitaine,0.15,0.15,0.1,0.15,0.1
1803,1803,Brillon,32,Hauts-de-france,0.15,0.15,0.1,0.15,0.1
1804,1804,Brillon-en-Barrois,44,Grand Est,0.15,0.15,0.1,0.15,0.1
1805,1805,Brimeux,32,Hauts-de-france,0.15,0.15,0.1,0.15,0.1
1806,1806,Brin-sur-Seille,44,Grand Est,0.15,0.15,0.1,0.15,0.1
1807,1807,Brindas,84,Auvergne-rhône-alpes,0.15,0.15,0.1,0.15,0.1
1808,1808,Brinon-sur-Sauldre,24,Centre-val De Loire,0.15,0.15,0.1,0.15,0.1
1809,1809,Briollay,52,Pays De La Loire,0.15,0.15,0.1,0.15,0.1
1810,1810,Brion,84,Auvergne-rhône-alpes,0.15,0.15,0.1,0.15,0.1
1811,1811,Brion-près-Thouet,75,Nouvelle-aquitaine,0.15,0.15,0.1,0.15,0.1
1812,1812,Brionne,28,Normandie,0.15,0.15,0.1,0.15,0.1
1813,1813,Briord,84,Auvergne-rhône-alpes,0.15,0.15,0.1,0.15,0.1
1814,1814,Brioude,84,Auvergne-rhône-alpes,0.15,0.15,0.1,0.15,0.1
1815,1815,Brioux-sur-Boutonne,75,Nouvelle-aquitaine,0.15,0.15,0.1,0.15,0.1
1816,1816,Briouze,28,Normandie,0.15,0.15,0.1,0.15,0.1
1817,1817,Briscous,75,Nouvelle-aquitaine,0.15,0.15,0.1,0.15,0.1
1818,1818,Brison-Saint-Innocent,84,Auvergne-rhône-alpes,0.15,0.15,0.1,0.15,0.1
1819,1819,Brissac,76,Occitanie,0.15,0.15,0.1,0.15,0.1
1820,1820,Brissac-Quincé,52,Pays De La Loire,0.15,0.15,0.1,0.15,0.1
1821,1821,Brissarthe,52,Pays De La Loire,0.15,0.15,0.1,0.15,0.1
1822,1822,Brive-la-Gaillarde,75,Nouvelle-aquitaine,0.15,0.15,0.1,0.15,0.1
1823,1823,Brives-Charensac,84,Auvergne-rhône-alpes,0.15,0.15,0.1,0.15,0.1
1824,1824,Brix,28,Normandie,0.15,0.15,0.1,0.15,0.1
1825,1825,Brizambourg,75,Nouvelle-aquitaine,0.15,0.15,0.1,0.15,0.1
1826,1826,Brières-les-Scellés,11,Île-de-france,0.15,0.15,0.1,0.15,0.1
1827,1827,Brié-et-Angonnes,84,Auvergne-rhône-alpes,0.15,0.15,0.1,0.15,0.1
1828,1828,Brocas,75,Nouvelle-aquitaine,0.15,0.15,0.1,0.15,0.1
1829,1829,Brochon,27,Bourgogne-franche-comté,0.15,0.15,0.1,0.15,0.1
1830,1830,Broglie,28,Normandie,0.15,0.15,0.1,0.15,0.1
1831,1831,Brommat,76,Occitanie,0.15,0.15,0.1,0.15,0.1
1832,1832,Bron,84,Auvergne-rhône-alpes,0.15,0.15,0.1,0.15,0.1
1833,1833,Bronvaux,44,Grand Est,0.15,0.15,0.1,0.15,0.1
1834,1834,Broons,53,Bretagne,0.15,0.15,0.1,0.15,0.1
1835,1835,Broquiès,76,Occitanie,0.15,0.15,0.1,0.15,0.1
1836,1836,Brossac,75,Nouvelle-aquitaine,0.15,0.15,0.1,0.15,0.1
1837,1837,Brosville,28,Normandie,0.15,0.15,0.1,0.15,0.1
1838,1838,Brou,24,Centre-val De Loire,0.15,0.15,0.1,0.15,0.1
1839,1839,Brou-sur-Chantereine,11,Île-de-france,0.15,0.15,0.1,0.15,0.1
1840,1840,Brouchy,32,Hauts-de-france,0.15,0.15,0.1,0.15,0.1
1841,1841,Brouckerque,32,Hauts-de-france,0.15,0.15,0.1,0.15,0.1
1842,1842,Brouderdorff,44,Grand Est,0.15,0.15,0.1,0.15,0.1
1843,1843,Brouilla,76,Occitanie,0.15,0.15,0.1,0.15,0.1
1844,1844,Brousseval,44,Grand Est,0.15,0.15,0.1,0.15,0.1
1845,1845,Brouvelieures,44,Grand Est,0.15,0.15,0.1,0.15,0.1
1846,1846,Brouzet-lès-Alès,76,Occitanie,0.15,0.15,0.1,0.15,0.1
1847,1847,Broué,24,Centre-val De Loire,0.15,0.15,0.1,0.15,0.1
1848,1848,Broye,27,Bourgogne-franche-comté,0.15,0.15,0.1,0.15,0.1
1849,1849,Broût-Vernet,84,Auvergne-rhône-alpes,0.15,0.15,0.1,0.15,0.1
1850,1850,Bruailles,27,Bourgogne-franche-comté,0.15,0.15,0.1,0.15,0.1
1851,1851,Bruay-la-Buissière,32,Hauts-de-france,0.15,0.15,0.1,0.15,0.1
1852,1852,Bruc-sur-Aff,53,Bretagne,0.15,0.15,0.1,0.15,0.1
1853,1853,Bruch,75,Nouvelle-aquitaine,0.15,0.15,0.1,0.15,0.1
1854,1854,Brue-Auriac,93,Provence-alpes-côte D'azur,0.15,0.15,0.1,0.15,0.1
1855,1855,Bruebach,44,Grand Est,0.15,0.15,0.1,0.15,0.1
1856,1856,Brueil-en-Vexin,11,Île-de-france,0.15,0.15,0.1,0.15,0.1
1857,1857,Bruges,75,Nouvelle-aquitaine,0.15,0.15,0.1,0.15,0.1
1858,1858,Bruges-Capbis-Mifaget,75,Nouvelle-aquitaine,0.15,0.15,0.1,0.15,0.1
1859,1859,Brugheas,84,Auvergne-rhône-alpes,0.15,0.15,0.1,0.15,0.1
1860,1860,Bruguières,76,Occitanie,0.15,0.15,0.1,0.15,0.1
1861,1861,Bruille-Saint-Amand,32,Hauts-de-france,0.15,0.15,0.1,0.15,0.1
1862,1862,Bruille-lez-Marchiennes,32,Hauts-de-france,0.15,0.15,0.1,0.15,0.1
1863,1863,Bruley,44,Grand Est,0.15,0.15,0.1,0.15,0.1
1864,1864,Brullioles,84,Auvergne-rhône-alpes,0.15,0.15,0.1,0.15,0.1
1865,1865,Brumath,44,Grand Est,0.15,0.15,0.1,0.15,0.1
1866,1866,Brunehamel,32,Hauts-de-france,0.15,0.15,0.1,0.15,0.1
1867,1867,Brunelles,24,Centre-val De Loire,0.15,0.15,0.1,0.15,0.1
1868,1868,Bruniquel,76,Occitanie,0.15,0.15,0.1,0.15,0.1
1869,1869,Brunoy,11,Île-de-france,0.15,0.15,0.1,0.15,0.1
1870,1870,Brunstatt,44,Grand Est,0.15,0.15,0.1,0.15,0.1
1871,1871,Brussieu,84,Auvergne-rhône-alpes,0.15,0.15,0.1,0.15,0.1
1872,1872,Brusvily,53,Bretagne,0.15,0.15,0.1,0.15,0.1
1873,1873,Brux,75,Nouvelle-aquitaine,0.15,0.15,0.1,0.15,0.1
1874,1874,Bruyères,44,Grand Est,0.15,0.15,0.1,0.15,0.1
1875,1875,Bruyères-et-Montbérault,32,Hauts-de-france,0.15,0.15,0.1,0.15,0.1
1876,1876,Bruyères-le-Châtel,11,Île-de-france,0.15,0.15,0.1,0.15,0.1
1877,1877,Bruyères-sur-Oise,11,Île-de-france,0.15,0.15,0.1,0.15,0.1
1878,1878,Bruz,53,Bretagne,0.15,0.15,0.1,0.15,0.1
1879,1879,Bruère-Allichamps,24,Centre-val De Loire,0.15,0.15,0.1,0.15,0.1
1880,1880,Bry-sur-Marne,11,Île-de-france,0.15,0.15,0.1,0.15,0.1
1881,1881,Bréal-sous-Montfort,53,Bretagne,0.15,0.15,0.1,0.15,0.1
1882,1882,Bréal-sous-Vitré,53,Bretagne,0.15,0.15,0.1,0.15,0.1
1883,1883,Bréauté,28,Normandie,0.15,0.15,0.1,0.15,0.1
1884,1884,Brécey,28,Normandie,0.15,0.15,0.1,0.15,0.1
1885,1885,Brécy,32,Hauts-de-france,0.15,0.15,0.1,0.15,0.1
1886,1886,Brécé,53,Bretagne,0.15,0.15,0.1,0.15,0.1
1887,1887,Brégnier-Cordon,84,Auvergne-rhône-alpes,0.15,0.15,0.1,0.15,0.1
1888,1888,Brégy,32,Hauts-de-france,0.15,0.15,0.1,0.15,0.1
1889,1889,Bréhal,28,Normandie,0.15,0.15,0.1,0.15,0.1
1890,1890,Bréhand,53,Bretagne,0.15,0.15,0.1,0.15,0.1
1891,1891,Bréhémont,24,Centre-val De Loire,0.15,0.15,0.1,0.15,0.1
1892,1892,Brélès,53,Bretagne,0.15,0.15,0.1,0.15,0.1
1893,1893,Brétigny-sur-Orge,11,Île-de-france,0.15,0.15,0.1,0.15,0.1
1894,1894,Bréval,11,Île-de-france,0.15,0.15,0.1,0.15,0.1
1895,1895,Bréviandes,44,Grand Est,0.15,0.15,0.1,0.15,0.1
1896,1896,Bréville,75,Nouvelle-aquitaine,0.15,0.15,0.1,0.15,0.1
1897,1897,Bréville-les-Monts,28,Normandie,0.15,0.15,0.1,0.15,0.1
1898,1898,Bréville-sur-Mer,28,Normandie,0.15,0.15,0.1,0.15,0.1
1899,1899,Brévonnes,44,Grand Est,0.15,0.15,0.1,0.15,0.1
1900,1900,Bréxent-Énocq,32,Hauts-de-france,0.15,0.15,0.1,0.15,0.1
1901,1901,Brézins,84,Auvergne-rhône-alpes,0.15,0.15,0.1,0.15,0.1
1902,1902,Brézé,52,Pays De La Loire,0.15,0.15,0.1,0.15,0.1
1903,1903,Brêmes,32,Hauts-de-france,0.15,0.15,0.1,0.15,0.1
1904,1904,Brû,44,Grand Est,0.15,0.15,0.1,0.15,0.1
1905,1905,Brûlain,75,Nouvelle-aquitaine,0.15,0.15,0.1,0.15,0.1
1906,1906,Brûlon,52,Pays De La Loire,0.15,0.15,0.1,0.15,0.1
1907,1907,Buais,28,Normandie,0.15,0.15,0.1,0.15,0.1
1908,1908,Bubry,53,Bretagne,0.15,0.15,0.1,0.15,0.1
1909,1909,Buc,27,Bourgogne-franche-comté,0.15,0.15,0.1,0.15,0.1
1910,1910,Bucey-lès-Gy,27,Bourgogne-franche-comté,0.15,0.15,0.1,0.15,0.1
1911,1911,Buchelay,11,Île-de-france,0.15,0.15,0.1,0.15,0.1
1912,1912,Buchy,44,Grand Est,0.15,0.15,0.1,0.15,0.1
1913,1913,Buchères,44,Grand Est,0.15,0.15,0.1,0.15,0.1
1914,1914,Bucquoy,32,Hauts-de-france,0.15,0.15,0.1,0.15,0.1
1915,1915,Bucy-le-Long,32,Hauts-de-france,0.15,0.15,0.1,0.15,0.1
1916,1916,Budelière,75,Nouvelle-aquitaine,0.15,0.15,0.1,0.15,0.1
1917,1917,Budos,75,Nouvelle-aquitaine,0.15,0.15,0.1,0.15,0.1
1918,1918,Bueil,28,Normandie,0.15,0.15,0.1,0.15,0.1
1919,1919,Buellas,84,Auvergne-rhône-alpes,0.15,0.15,0.1,0.15,0.1
1920,1920,Bugeat,75,Nouvelle-aquitaine,0.15,0.15,0.1,0.15,0.1
1921,1921,Bugnicourt,32,Hauts-de-france,0.15,0.15,0.1,0.15,0.1
1922,1922,Buhl,44,Grand Est,0.15,0.15,0.1,0.15,0.1
1923,1923,Buigny-Saint-Maclou,32,Hauts-de-france,0.15,0.15,0.1,0.15,0.1
1924,1924,Buire,32,Hauts-de-france,0.15,0.15,0.1,0.15,0.1
1925,1925,Buire-le-Sec,32,Hauts-de-france,0.15,0.15,0.1,0.15,0.1
1926,1926,Buironfosse,32,Hauts-de-france,0.15,0.15,0.1,0.15,0.1
1927,1927,Buis-les-Baronnies,84,Auvergne-rhône-alpes,0.15,0.15,0.1,0.15,0.1
1928,1928,Bujaleuf,75,Nouvelle-aquitaine,0.15,0.15,0.1,0.15,0.1
1929,1929,Bulgnéville,44,Grand Est,0.15,0.15,0.1,0.15,0.1
1930,1930,Bulles,32,Hauts-de-france,0.15,0.15,0.1,0.15,0.1
1931,1931,Bullion,11,Île-de-france,0.15,0.15,0.1,0.15,0.1
1932,1932,Bully,84,Auvergne-rhône-alpes,0.15,0.15,0.1,0.15,0.1
1933,1933,Bully-les-Mines,32,Hauts-de-france,0.15,0.15,0.1,0.15,0.1
1934,1934,Buno-Bonnevaux,11,Île-de-france,0.15,0.15,0.1,0.15,0.1
1935,1935,Burbure,32,Hauts-de-france,0.15,0.15,0.1,0.15,0.1
1936,1936,Burdignin,84,Auvergne-rhône-alpes,0.15,0.15,0.1,0.15,0.1
1937,1937,Bures-sur-Yvette,11,Île-de-france,0.15,0.15,0.1,0.15,0.1
1938,1938,Burgnac,75,Nouvelle-aquitaine,0.15,0.15,0.1,0.15,0.1
1939,1939,Burie,75,Nouvelle-aquitaine,0.15,0.15,0.1,0.15,0.1
1940,1940,Burlats,76,Occitanie,0.15,0.15,0.1,0.15,0.1
1941,1941,Burnhaupt-le-Bas,44,Grand Est,0.15,0.15,0.1,0.15,0.1
1942,1942,Burnhaupt-le-Haut,44,Grand Est,0.15,0.15,0.1,0.15,0.1
1943,1943,Buros,75,Nouvelle-aquitaine,0.15,0.15,0.1,0.15,0.1
1944,1944,Bury,32,Hauts-de-france,0.15,0.15,0.1,0.15,0.1
1945,1945,Burzet,84,Auvergne-rhône-alpes,0.15,0.15,0.1,0.15,0.1
1946,1946,Buschwiller,44,Grand Est,0.15,0.15,0.1,0.15,0.1
1947,1947,Busigny,32,Hauts-de-france,0.15,0.15,0.1,0.15,0.1
1948,1948,Busnes,32,Hauts-de-france,0.15,0.15,0.1,0.15,0.1
1949,1949,Busque,76,Occitanie,0.15,0.15,0.1,0.15,0.1
1950,1950,Bussac-Forêt,75,Nouvelle-aquitaine,0.15,0.15,0.1,0.15,0.1
1951,1951,Bussac-sur-Charente,75,Nouvelle-aquitaine,0.15,0.15,0.1,0.15,0.1
1952,1952,Bussang,44,Grand Est,0.15,0.15,0.1,0.15,0.1
1953,1953,Busserolles,75,Nouvelle-aquitaine,0.15,0.15,0.1,0.15,0.1
1954,1954,Busset,84,Auvergne-rhône-alpes,0.15,0.15,0.1,0.15,0.1
1955,1955,Bussière-Badil,75,Nouvelle-aquitaine,0.15,0.15,0.1,0.15,0.1
1956,1956,Bussière-Dunoise,75,Nouvelle-aquitaine,0.15,0.15,0.1,0.15,0.1
1957,1957,Bussière-Galant,75,Nouvelle-aquitaine,0.15,0.15,0.1,0.15,0.1
1958,1958,Bussière-Poitevine,75,Nouvelle-aquitaine,0.15,0.15,0.1,0.15,0.1
1959,1959,Bussières,84,Auvergne-rhône-alpes,0.15,0.15,0.1,0.15,0.1
1960,1960,Bussy-Saint-Georges,11,Île-de-france,0.15,0.15,0.1,0.15,0.1
1961,1961,Bussy-Saint-Martin,11,Île-de-france,0.15,0.15,0.1,0.15,0.1
1962,1962,Bussy-en-Othe,27,Bourgogne-franche-comté,0.15,0.15,0.1,0.15,0.1
1963,1963,Busy,27,Bourgogne-franche-comté,0.15,0.15,0.1,0.15,0.1
1964,1964,Buthiers,27,Bourgogne-franche-comté,0.15,0.15,0.1,0.15,0.1
1965,1965,Butry-sur-Oise,11,Île-de-france,0.15,0.15,0.1,0.15,0.1
1966,1966,Butten,44,Grand Est,0.15,0.15,0.1,0.15,0.1
1967,1967,Buxerolles,75,Nouvelle-aquitaine,0.15,0.15,0.1,0.15,0.1
1968,1968,Buxières-les-Mines,84,Auvergne-rhône-alpes,0.15,0.15,0.1,0.15,0.1
1969,1969,Buxy,27,Bourgogne-franche-comté,0.15,0.15,0.1,0.15,0.1
1970,1970,Buzançais,24,Centre-val De Loire,0.15,0.15,0.1,0.15,0.1
1971,1971,Buzet-sur-Baïse,75,Nouvelle-aquitaine,0.15,0.15,0.1,0.15,0.1
1972,1972,Buzet-sur-Tarn,76,Occitanie,0.15,0.15,0.1,0.15,0.1
1973,1973,Buzy,75,Nouvelle-aquitaine,0.15,0.15,0.1,0.15,0.1
1974,1974,Buzy-Darmont,44,Grand Est,0.15,0.15,0.1,0.15,0.1
1975,1975,Byans-sur-Doubs,27,Bourgogne-franche-comté,0.15,0.15,0.1,0.15,0.1
1976,1976,Bâgé-la-Ville,84,Auvergne-rhône-alpes,0.15,0.15,0.1,0.15,0.1
1977,1977,Bâgé-le-Châtel,84,Auvergne-rhône-alpes,0.15,0.15,0.1,0.15,0.1
1978,1978,Bègles,75,Nouvelle-aquitaine,0.15,0.15,0.1,0.15,0.1
1979,1979,Bèze,27,Bourgogne-franche-comté,0.15,0.15,0.1,0.15,0.1
1980,1980,Béard-Géovreissiat,84,Auvergne-rhône-alpes,0.15,0.15,0.1,0.15,0.1
1981,1981,Béceleuf,75,Nouvelle-aquitaine,0.15,0.15,0.1,0.15,0.1
1982,1982,Bécherel,53,Bretagne,0.15,0.15,0.1,0.15,0.1
1983,1983,Béchy,44,Grand Est,0.15,0.15,0.1,0.15,0.1
1984,1984,Bécon-les-Granits,52,Pays De La Loire,0.15,0.15,0.1,0.15,0.1
1985,1985,Bédarieux,76,Occitanie,0.15,0.15,0.1,0.15,0.1
1986,1986,Bédarrides,93,Provence-alpes-côte D'azur,0.15,0.15,0.1,0.15,0.1
1987,1987,Bédoin,93,Provence-alpes-côte D'azur,0.15,0.15,0.1,0.15,0.1
1988,1988,Béduer,76,Occitanie,0.15,0.15,0.1,0.15,0.1
1989,1989,Bédée,53,Bretagne,0.15,0.15,0.1,0.15,0.1
1990,1990,Bégaar,75,Nouvelle-aquitaine,0.15,0.15,0.1,0.15,0.1
1991,1991,Bégadan,75,Nouvelle-aquitaine,0.15,0.15,0.1,0.15,0.1
1992,1992,Béganne,53,Bretagne,0.15,0.15,0.1,0.15,0.1
1993,1993,Bégard,53,Bretagne,0.15,0.15,0.1,0.15,0.1
1994,1994,Bégrolles-en-Mauges,52,Pays De La Loire,0.15,0.15,0.1,0.15,0.1
1995,1995,Béguey,75,Nouvelle-aquitaine,0.15,0.15,0.1,0.15,0.1
1996,1996,Bélesta,76,Occitanie,0.15,0.15,0.1,0.15,0.1
1997,1997,Béligneux,84,Auvergne-rhône-alpes,0.15,0.15,0.1,0.15,0.1
1998,1998,Bélâbre,24,Centre-val De Loire,0.15,0.15,0.1,0.15,0.1
1999,1999,Bénac,76,Occitanie,0.15,0.15,0.1,0.15,0.1
2000,2000,Bénaménil,44,Grand Est,0.15,0.15,0.1,0.15,0.1
2001,2001,Bénesse-Maremne,75,Nouvelle-aquitaine,0.15,0.15,0.1,0.15,0.1
2002,2002,Bénestroff,44,Grand Est,0.15,0.15,0.1,0.15,0.1
2003,2003,Béning-lès-Saint-Avold,44,Grand Est,0.15,0.15,0.1,0.15,0.1
2004,2004,Bénodet,53,Bretagne,0.15,0.15,0.1,0.15,0.1
2005,2005,Bénouville,28,Normandie,0.15,0.15,0.1,0.15,0.1
2006,2006,Bény,84,Auvergne-rhône-alpes,0.15,0.15,0.1,0.15,0.1
2007,2007,Bénéjacq,75,Nouvelle-aquitaine,0.15,0.15,0.1,0.15,0.1
2008,2008,Bérat,76,Occitanie,0.15,0.15,0.1,0.15,0.1
2009,2009,Bérenx,75,Nouvelle-aquitaine,0.15,0.15,0.1,0.15,0.1
2010,2010,Béruges,75,Nouvelle-aquitaine,0.15,0.15,0.1,0.15,0.1
2011,2011,Bésayes,84,Auvergne-rhône-alpes,0.15,0.15,0.1,0.15,0.1
2012,2012,Bétaille,76,Occitanie,0.15,0.15,0.1,0.15,0.1
2013,2013,Béthencourt,32,Hauts-de-france,0.15,0.15,0.1,0.15,0.1
2014,2014,Béthencourt-sur-Mer,32,Hauts-de-france,0.15,0.15,0.1,0.15,0.1
2015,2015,Bétheniville,44,Grand Est,0.15,0.15,0.1,0.15,0.1
2016,2016,Bétheny,44,Grand Est,0.15,0.15,0.1,0.15,0.1
2017,2017,Béthines,75,Nouvelle-aquitaine,0.15,0.15,0.1,0.15,0.1
2018,2018,Béthisy-Saint-Martin,32,Hauts-de-france,0.15,0.15,0.1,0.15,0.1
2019,2019,Béthisy-Saint-Pierre,32,Hauts-de-france,0.15,0.15,0.1,0.15,0.1
2020,2020,Béthune,32,Hauts-de-france,0.15,0.15,0.1,0.15,0.1
2021,2021,Bévenais,84,Auvergne-rhône-alpes,0.15,0.15,0.1,0.15,0.1
2022,2022,Béville-le-Comte,24,Centre-val De Loire,0.15,0.15,0.1,0.15,0.1
2023,2023,Bévillers,32,Hauts-de-france,0.15,0.15,0.1,0.15,0.1
2024,2024,Bézenet,84,Auvergne-rhône-alpes,0.15,0.15,0.1,0.15,0.1
2025,2025,Béziers,76,Occitanie,0.15,0.15,0.1,0.15,0.1
2026,2026,Bézu-Saint-Éloi,28,Normandie,0.15,0.15,0.1,0.15,0.1
2027,2027,Bû,24,Centre-val De Loire,0.15,0.15,0.1,0.15,0.1
2028,2028,Bœrsch,44,Grand Est,0.15,0.15,0.1,0.15,0.1
2029,2029,Cabanac-et-Villagrains,75,Nouvelle-aquitaine,0.15,0.15,0.1,0.15,0.1
2030,2030,Cabannes,93,Provence-alpes-côte D'azur,0.15,0.15,0.1,0.15,0.1
2031,2031,Cabariot,75,Nouvelle-aquitaine,0.15,0.15,0.1,0.15,0.1
2032,2032,Cabasse,93,Provence-alpes-côte D'azur,0.15,0.15,0.1,0.15,0.1
2033,2033,Cabestany,76,Occitanie,0.15,0.15,0.1,0.15,0.1
2034,2034,Cabourg,28,Normandie,0.15,0.15,0.1,0.15,0.1
2035,2035,Cabris,93,Provence-alpes-côte D'azur,0.15,0.15,0.1,0.15,0.1
2036,2036,Cabrières,76,Occitanie,0.15,0.15,0.1,0.15,0.1
2037,2037,Cabriès,93,Provence-alpes-côte D'azur,0.15,0.15,0.1,0.15,0.1
2038,2038,Cachan,11,Île-de-france,0.15,0.15,0.1,0.15,0.1
2039,2039,Cadalen,76,Occitanie,0.15,0.15,0.1,0.15,0.1
2040,2040,Cadaujac,75,Nouvelle-aquitaine,0.15,0.15,0.1,0.15,0.1
2041,2041,Caden,53,Bretagne,0.15,0.15,0.1,0.15,0.1
2042,2042,Cadenet,93,Provence-alpes-côte D'azur,0.15,0.15,0.1,0.15,0.1
2043,2043,Caderousse,93,Provence-alpes-côte D'azur,0.15,0.15,0.1,0.15,0.1
2044,2044,Cadillac,75,Nouvelle-aquitaine,0.15,0.15,0.1,0.15,0.1
2045,2045,Cadillac-en-Fronsadais,75,Nouvelle-aquitaine,0.15,0.15,0.1,0.15,0.1
2046,2046,Cadolive,93,Provence-alpes-côte D'azur,0.15,0.15,0.1,0.15,0.1
2047,2047,Cadours,76,Occitanie,0.15,0.15,0.1,0.15,0.1
2048,2048,Caen,28,Normandie,0.15,0.15,0.1,0.15,0.1
2049,2049,Cagnac-les-Mines,76,Occitanie,0.15,0.15,0.1,0.15,0.1
2050,2050,Cagnes-sur-Mer,93,Provence-alpes-côte D'azur,0.15,0.15,0.1,0.15,0.1
2051,2051,Cagnotte,75,Nouvelle-aquitaine,0.15,0.15,0.1,0.15,0.1
2052,2052,Cagny,32,Hauts-de-france,0.15,0.15,0.1,0.15,0.1
2053,2053,Cahagnes,28,Normandie,0.15,0.15,0.1,0.15,0.1
2054,2054,Cahors,76,Occitanie,0.15,0.15,0.1,0.15,0.1
2055,2055,Cahuzac-sur-Vère,76,Occitanie,0.15,0.15,0.1,0.15,0.1
2056,2056,Caillac,76,Occitanie,0.15,0.15,0.1,0.15,0.1
2057,2057,Cailloux-sur-Fontaines,84,Auvergne-rhône-alpes,0.15,0.15,0.1,0.15,0.1
2058,2058,Cairanne,93,Provence-alpes-côte D'azur,0.15,0.15,0.1,0.15,0.1
2059,2059,Cairon,28,Normandie,0.15,0.15,0.1,0.15,0.1
2060,2060,Caissargues,76,Occitanie,0.15,0.15,0.1,0.15,0.1
2061,2061,Caix,32,Hauts-de-france,0.15,0.15,0.1,0.15,0.1
2062,2062,Cajarc,76,Occitanie,0.15,0.15,0.1,0.15,0.1
2063,2063,Calais,32,Hauts-de-france,0.15,0.15,0.1,0.15,0.1
2064,2064,Calan,53,Bretagne,0.15,0.15,0.1,0.15,0.1
2065,2065,Calcatoggio,94,Corse,0.15,0.15,0.1,0.15,0.1
2066,2066,Calenzana,94,Corse,0.15,0.15,0.1,0.15,0.1
2067,2067,Caligny,28,Normandie,0.15,0.15,0.1,0.15,0.1
2068,2068,Callac,53,Bretagne,0.15,0.15,0.1,0.15,0.1
2069,2069,Callas,93,Provence-alpes-côte D'azur,0.15,0.15,0.1,0.15,0.1
2070,2070,Calleville,28,Normandie,0.15,0.15,0.1,0.15,0.1
2071,2071,Callian,93,Provence-alpes-côte D'azur,0.15,0.15,0.1,0.15,0.1
2072,2072,Calmont,76,Occitanie,0.15,0.15,0.1,0.15,0.1
2073,2073,Calonges,75,Nouvelle-aquitaine,0.15,0.15,0.1,0.15,0.1
2074,2074,Calonne-Ricouart,32,Hauts-de-france,0.15,0.15,0.1,0.15,0.1
2075,2075,Calonne-sur-la-Lys,32,Hauts-de-france,0.15,0.15,0.1,0.15,0.1
2076,2076,Caluire-et-Cuire,84,Auvergne-rhône-alpes,0.15,0.15,0.1,0.15,0.1
2077,2077,Calvi,94,Corse,0.15,0.15,0.1,0.15,0.1
2078,2078,Calvisson,76,Occitanie,0.15,0.15,0.1,0.15,0.1
2079,2079,Camaret-sur-Aigues,93,Provence-alpes-côte D'azur,0.15,0.15,0.1,0.15,0.1
2080,2080,Camaret-sur-Mer,53,Bretagne,0.15,0.15,0.1,0.15,0.1
2081,2081,Camarsac,75,Nouvelle-aquitaine,0.15,0.15,0.1,0.15,0.1
2082,2082,Camarès,76,Occitanie,0.15,0.15,0.1,0.15,0.1
2083,2083,Cambernon,28,Normandie,0.15,0.15,0.1,0.15,0.1
2084,2084,Cambes,76,Occitanie,0.15,0.15,0.1,0.15,0.1
2085,2085,Cambes-en-Plaine,28,Normandie,0.15,0.15,0.1,0.15,0.1
2086,2086,Camblain-Châtelain,32,Hauts-de-france,0.15,0.15,0.1,0.15,0.1
2087,2087,Camblanes,,MISSING,0.15,0.15,0.1,0.15,0.1
2088,2088,Cambo-les-Bains,75,Nouvelle-aquitaine,0.15,0.15,0.1,0.15,0.1
2089,2089,Cambounet-sur-le-Sor,76,Occitanie,0.15,0.15,0.1,0.15,0.1
2090,2090,Cambrai,32,Hauts-de-france,0.15,0.15,0.1,0.15,0.1
2091,2091,Cambremer,28,Normandie,0.15,0.15,0.1,0.15,0.1
2092,2092,Cambrin,32,Hauts-de-france,0.15,0.15,0.1,0.15,0.1
2093,2093,Cambron,32,Hauts-de-france,0.15,0.15,0.1,0.15,0.1
2094,2094,Cambronne-lès-Clermont,32,Hauts-de-france,0.15,0.15,0.1,0.15,0.1
2095,2095,Cambronne-lès-Ribécourt,32,Hauts-de-france,0.15,0.15,0.1,0.15,0.1
2096,2096,Came,75,Nouvelle-aquitaine,0.15,0.15,0.1,0.15,0.1
2097,2097,Camiers,32,Hauts-de-france,0.15,0.15,0.1,0.15,0.1
2098,2098,Camjac,76,Occitanie,0.15,0.15,0.1,0.15,0.1
2099,2099,Camlez,53,Bretagne,0.15,0.15,0.1,0.15,0.1
2100,2100,Camon,76,Occitanie,0.15,0.15,0.1,0.15,0.1
2101,2101,Camors,53,Bretagne,0.15,0.15,0.1,0.15,0.1
2102,2102,Camoël,53,Bretagne,0.15,0.15,0.1,0.15,0.1
2103,2103,Campagne,76,Occitanie,0.15,0.15,0.1,0.15,0.1
2104,2104,Campagne-lès-Boulonnais,32,Hauts-de-france,0.15,0.15,0.1,0.15,0.1
2105,2105,Campagne-lès-Hesdin,32,Hauts-de-france,0.15,0.15,0.1,0.15,0.1
2106,2106,Campagne-lès-Wardrecques,32,Hauts-de-france,0.15,0.15,0.1,0.15,0.1
2107,2107,Campagne-sur-Aude,76,Occitanie,0.15,0.15,0.1,0.15,0.1
2108,2108,Campan,76,Occitanie,0.15,0.15,0.1,0.15,0.1
2109,2109,Campbon,52,Pays De La Loire,0.15,0.15,0.1,0.15,0.1
2110,2110,Campeaux,32,Hauts-de-france,0.15,0.15,0.1,0.15,0.1
2111,2111,Camphin-en-Carembault,32,Hauts-de-france,0.15,0.15,0.1,0.15,0.1
2112,2112,Camphin-en-Pévèle,32,Hauts-de-france,0.15,0.15,0.1,0.15,0.1
2113,2113,Campigneulles-les-Petites,32,Hauts-de-france,0.15,0.15,0.1,0.15,0.1
2114,2114,Campigny,28,Normandie,0.15,0.15,0.1,0.15,0.1
2115,2115,Camps-la-Source,93,Provence-alpes-côte D'azur,0.15,0.15,0.1,0.15,0.1
2116,2116,Campsas,76,Occitanie,0.15,0.15,0.1,0.15,0.1
2117,2117,Campénéac,53,Bretagne,0.15,0.15,0.1,0.15,0.1
2118,2118,Canals,76,Occitanie,0.15,0.15,0.1,0.15,0.1
2119,2119,Canaples,32,Hauts-de-france,0.15,0.15,0.1,0.15,0.1
2120,2120,Canappeville,28,Normandie,0.15,0.15,0.1,0.15,0.1
2121,2121,Cancale,53,Bretagne,0.15,0.15,0.1,0.15,0.1
2122,2122,Cancon,75,Nouvelle-aquitaine,0.15,0.15,0.1,0.15,0.1
2123,2123,Candas,32,Hauts-de-france,0.15,0.15,0.1,0.15,0.1
2124,2124,Candillargues,76,Occitanie,0.15,0.15,0.1,0.15,0.1
2125,2125,Candresse,75,Nouvelle-aquitaine,0.15,0.15,0.1,0.15,0.1
2126,2126,Candé,52,Pays De La Loire,0.15,0.15,0.1,0.15,0.1
2127,2127,Candé-sur-Beuvron,24,Centre-val De Loire,0.15,0.15,0.1,0.15,0.1
2128,2128,Canet,76,Occitanie,0.15,0.15,0.1,0.15,0.1
2129,2129,Canet-en-Roussillon,76,Occitanie,0.15,0.15,0.1,0.15,0.1
2130,2130,Cangey,24,Centre-val De Loire,0.15,0.15,0.1,0.15,0.1
2131,2131,Canisy,28,Normandie,0.15,0.15,0.1,0.15,0.1
2132,2132,Canly,32,Hauts-de-france,0.15,0.15,0.1,0.15,0.1
2133,2133,Cannectancourt,32,Hauts-de-france,0.15,0.15,0.1,0.15,0.1
2134,2134,Cannes,93,Provence-alpes-côte D'azur,0.15,0.15,0.1,0.15,0.1
2135,2135,Cannes-Écluse,11,Île-de-france,0.15,0.15,0.1,0.15,0.1
2136,2136,Canohès,76,Occitanie,0.15,0.15,0.1,0.15,0.1
2137,2137,Canon,,MISSING,0.15,0.15,0.1,0.15,0.1
2138,2138,Cantaron,93,Provence-alpes-côte D'azur,0.15,0.15,0.1,0.15,0.1
2139,2139,Canteleu,28,Normandie,0.15,0.15,0.1,0.15,0.1
2140,2140,Cantenac,75,Nouvelle-aquitaine,0.15,0.15,0.1,0.15,0.1
2141,2141,Cantenay-Épinard,52,Pays De La Loire,0.15,0.15,0.1,0.15,0.1
2142,2142,Cantin,32,Hauts-de-france,0.15,0.15,0.1,0.15,0.1
2143,2143,Cany-Barville,28,Normandie,0.15,0.15,0.1,0.15,0.1
2144,2144,Canéjan,75,Nouvelle-aquitaine,0.15,0.15,0.1,0.15,0.1
2145,2145,Caorches-Saint-Nicolas,28,Normandie,0.15,0.15,0.1,0.15,0.1
2146,2146,Caours,32,Hauts-de-france,0.15,0.15,0.1,0.15,0.1
2147,2147,Caouënnec-Lanvézéac,53,Bretagne,0.15,0.15,0.1,0.15,0.1
2148,2148,Capbreton,75,Nouvelle-aquitaine,0.15,0.15,0.1,0.15,0.1
2149,2149,Capdenac-Gare,76,Occitanie,0.15,0.15,0.1,0.15,0.1
2150,2150,Capdrot,75,Nouvelle-aquitaine,0.15,0.15,0.1,0.15,0.1
2151,2151,Capendu,76,Occitanie,0.15,0.15,0.1,0.15,0.1
2152,2152,Capestang,76,Occitanie,0.15,0.15,0.1,0.15,0.1
2153,2153,Capian,75,Nouvelle-aquitaine,0.15,0.15,0.1,0.15,0.1
2154,2154,Capinghem,32,Hauts-de-france,0.15,0.15,0.1,0.15,0.1
2155,2155,Cappel,44,Grand Est,0.15,0.15,0.1,0.15,0.1
2156,2156,Cappelle-en-Pévèle,32,Hauts-de-france,0.15,0.15,0.1,0.15,0.1
2157,2157,Cappelle-la-Grande,32,Hauts-de-france,0.15,0.15,0.1,0.15,0.1
2158,2158,Captieux,75,Nouvelle-aquitaine,0.15,0.15,0.1,0.15,0.1
2159,2159,Capvern,76,Occitanie,0.15,0.15,0.1,0.15,0.1
2160,2160,Caraman,76,Occitanie,0.15,0.15,0.1,0.15,0.1
2161,2161,Carantec,53,Bretagne,0.15,0.15,0.1,0.15,0.1
2162,2162,Carantilly,28,Normandie,0.15,0.15,0.1,0.15,0.1
2163,2163,Carbon-Blanc,75,Nouvelle-aquitaine,0.15,0.15,0.1,0.15,0.1
2164,2164,Carbonne,76,Occitanie,0.15,0.15,0.1,0.15,0.1
2165,2165,Carcans,75,Nouvelle-aquitaine,0.15,0.15,0.1,0.15,0.1
2166,2166,Carcassonne,76,Occitanie,0.15,0.15,0.1,0.15,0.1
2167,2167,Carcen-Ponson,75,Nouvelle-aquitaine,0.15,0.15,0.1,0.15,0.1
2168,2168,Carcès,93,Provence-alpes-côte D'azur,0.15,0.15,0.1,0.15,0.1
2169,2169,Cardaillac,76,Occitanie,0.15,0.15,0.1,0.15,0.1
2170,2170,Cardet,76,Occitanie,0.15,0.15,0.1,0.15,0.1
2171,2171,Carency,32,Hauts-de-france,0.15,0.15,0.1,0.15,0.1
2172,2172,Carentan,28,Normandie,0.15,0.15,0.1,0.15,0.1
2173,2173,Carentoir,53,Bretagne,0.15,0.15,0.1,0.15,0.1
2174,2174,Cargèse,94,Corse,0.15,0.15,0.1,0.15,0.1
2175,2175,Carhaix-Plouguer,53,Bretagne,0.15,0.15,0.1,0.15,0.1
2176,2176,Carignan,44,Grand Est,0.15,0.15,0.1,0.15,0.1
2177,2177,Carignan-de-Bordeaux,75,Nouvelle-aquitaine,0.15,0.15,0.1,0.15,0.1
2178,2178,Carla-Bayle,76,Occitanie,0.15,0.15,0.1,0.15,0.1
2179,2179,Carlepont,32,Hauts-de-france,0.15,0.15,0.1,0.15,0.1
2180,2180,Carling,44,Grand Est,0.15,0.15,0.1,0.15,0.1
2181,2181,Carlus,76,Occitanie,0.15,0.15,0.1,0.15,0.1
2182,2182,Carlux,75,Nouvelle-aquitaine,0.15,0.15,0.1,0.15,0.1
2183,2183,Carly,32,Hauts-de-france,0.15,0.15,0.1,0.15,0.1
2184,2184,Carmaux,76,Occitanie,0.15,0.15,0.1,0.15,0.1
2185,2185,Carnac,53,Bretagne,0.15,0.15,0.1,0.15,0.1
2186,2186,Carnin,32,Hauts-de-france,0.15,0.15,0.1,0.15,0.1
2187,2187,Carnières,32,Hauts-de-france,0.15,0.15,0.1,0.15,0.1
2188,2188,Carnoules,93,Provence-alpes-côte D'azur,0.15,0.15,0.1,0.15,0.1
2189,2189,Carnoux-en-Provence,93,Provence-alpes-côte D'azur,0.15,0.15,0.1,0.15,0.1
2190,2190,Carnoët,53,Bretagne,0.15,0.15,0.1,0.15,0.1
2191,2191,Caro,75,Nouvelle-aquitaine,0.15,0.15,0.1,0.15,0.1
2192,2192,Carolles,28,Normandie,0.15,0.15,0.1,0.15,0.1
2193,2193,Caromb,93,Provence-alpes-côte D'azur,0.15,0.15,0.1,0.15,0.1
2194,2194,Carpentras,93,Provence-alpes-côte D'azur,0.15,0.15,0.1,0.15,0.1
2195,2195,Carpiquet,28,Normandie,0.15,0.15,0.1,0.15,0.1
2196,2196,Carquefou,52,Pays De La Loire,0.15,0.15,0.1,0.15,0.1
2197,2197,Carqueiranne,93,Provence-alpes-côte D'azur,0.15,0.15,0.1,0.15,0.1
2198,2198,Carresse-Cassaber,75,Nouvelle-aquitaine,0.15,0.15,0.1,0.15,0.1
2199,2199,Carrières-sous-Poissy,11,Île-de-france,0.15,0.15,0.1,0.15,0.1
2200,2200,Carrières-sur-Seine,11,Île-de-france,0.15,0.15,0.1,0.15,0.1
2201,2201,Carros,93,Provence-alpes-côte D'azur,0.15,0.15,0.1,0.15,0.1
2202,2202,Carrouges,28,Normandie,0.15,0.15,0.1,0.15,0.1
2203,2203,Carry-le-Rouet,93,Provence-alpes-côte D'azur,0.15,0.15,0.1,0.15,0.1
2204,2204,Cars,75,Nouvelle-aquitaine,0.15,0.15,0.1,0.15,0.1
2205,2205,Carsac-Aillac,75,Nouvelle-aquitaine,0.15,0.15,0.1,0.15,0.1
2206,2206,Carsan,76,Occitanie,0.15,0.15,0.1,0.15,0.1
2207,2207,Carspach,44,Grand Est,0.15,0.15,0.1,0.15,0.1
2208,2208,Cartelègue,75,Nouvelle-aquitaine,0.15,0.15,0.1,0.15,0.1
2209,2209,Cartignies,32,Hauts-de-france,0.15,0.15,0.1,0.15,0.1
2210,2210,Cartigny,32,Hauts-de-france,0.15,0.15,0.1,0.15,0.1
2211,2211,Carvin,32,Hauts-de-france,0.15,0.15,0.1,0.15,0.1
2212,2212,Cases-de-Pène,76,Occitanie,0.15,0.15,0.1,0.15,0.1
2213,2213,Casevecchie,94,Corse,0.15,0.15,0.1,0.15,0.1
2214,2214,Cassagne,76,Occitanie,0.15,0.15,0.1,0.15,0.1
2215,2215,Cassagnes-Bégonhès,76,Occitanie,0.15,0.15,0.1,0.15,0.1
2216,2216,Cassaniouze,84,Auvergne-rhône-alpes,0.15,0.15,0.1,0.15,0.1
2217,2217,Cassel,32,Hauts-de-france,0.15,0.15,0.1,0.15,0.1
2218,2218,Casseneuil,75,Nouvelle-aquitaine,0.15,0.15,0.1,0.15,0.1
2219,2219,Cassis,93,Provence-alpes-côte D'azur,0.15,0.15,0.1,0.15,0.1
2220,2220,Casson,52,Pays De La Loire,0.15,0.15,0.1,0.15,0.1
2221,2221,Cast,53,Bretagne,0.15,0.15,0.1,0.15,0.1
2222,2222,Castagniers,93,Provence-alpes-côte D'azur,0.15,0.15,0.1,0.15,0.1
2223,2223,Castanet-Tolosan,76,Occitanie,0.15,0.15,0.1,0.15,0.1
2224,2224,Castelculier,75,Nouvelle-aquitaine,0.15,0.15,0.1,0.15,0.1
2225,2225,Castelginest,76,Occitanie,0.15,0.15,0.1,0.15,0.1
2226,2226,Casteljaloux,75,Nouvelle-aquitaine,0.15,0.15,0.1,0.15,0.1
2227,2227,Castellane,93,Provence-alpes-côte D'azur,0.15,0.15,0.1,0.15,0.1
2228,2228,Castellar,93,Provence-alpes-côte D'azur,0.15,0.15,0.1,0.15,0.1
2229,2229,Castellare-di-Casinca,94,Corse,0.15,0.15,0.1,0.15,0.1
2230,2230,Castelmaurou,76,Occitanie,0.15,0.15,0.1,0.15,0.1
2231,2231,Castelmayran,76,Occitanie,0.15,0.15,0.1,0.15,0.1
2232,2232,Castelmoron-sur-Lot,75,Nouvelle-aquitaine,0.15,0.15,0.1,0.15,0.1
2233,2233,Castelnau-Chalosse,75,Nouvelle-aquitaine,0.15,0.15,0.1,0.15,0.1
2234,2234,Castelnau-Magnoac,76,Occitanie,0.15,0.15,0.1,0.15,0.1
2235,2235,Castelnau-Montratier,76,Occitanie,0.15,0.15,0.1,0.15,0.1
2236,2236,Castelnau-Rivière-Basse,76,Occitanie,0.15,0.15,0.1,0.15,0.1
2237,2237,Castelnau-d'Estrétefonds,76,Occitanie,0.15,0.15,0.1,0.15,0.1
2238,2238,Castelnau-de-Brassac,76,Occitanie,0.15,0.15,0.1,0.15,0.1
2239,2239,Castelnau-de-Guers,76,Occitanie,0.15,0.15,0.1,0.15,0.1
2240,2240,Castelnau-de-Lévis,76,Occitanie,0.15,0.15,0.1,0.15,0.1
2241,2241,Castelnau-de-Mandailles,76,Occitanie,0.15,0.15,0.1,0.15,0.1
2242,2242,Castelnau-de-Montmiral,76,Occitanie,0.15,0.15,0.1,0.15,0.1
2243,2243,Castelnau-de-Médoc,75,Nouvelle-aquitaine,0.15,0.15,0.1,0.15,0.1
2244,2244,Castelnau-le-Lez,76,Occitanie,0.15,0.15,0.1,0.15,0.1
2245,2245,Castelnau-sur-Gupie,75,Nouvelle-aquitaine,0.15,0.15,0.1,0.15,0.1
2246,2246,Castelnaud-de-Gratecambe,75,Nouvelle-aquitaine,0.15,0.15,0.1,0.15,0.1
2247,2247,Castelnaudary,76,Occitanie,0.15,0.15,0.1,0.15,0.1
2248,2248,Castelsagrat,76,Occitanie,0.15,0.15,0.1,0.15,0.1
2249,2249,Castelsarrasin,76,Occitanie,0.15,0.15,0.1,0.15,0.1
2250,2250,Castets,75,Nouvelle-aquitaine,0.15,0.15,0.1,0.15,0.1
2251,2251,Castets-en-Dorthe,75,Nouvelle-aquitaine,0.15,0.15,0.1,0.15,0.1
2252,2252,Castillon-du-Gard,76,Occitanie,0.15,0.15,0.1,0.15,0.1
2253,2253,Castillon-la-Bataille,75,Nouvelle-aquitaine,0.15,0.15,0.1,0.15,0.1
2254,2254,Castillonnès,75,Nouvelle-aquitaine,0.15,0.15,0.1,0.15,0.1
2255,2255,Castres,76,Occitanie,0.15,0.15,0.1,0.15,0.1
2256,2256,Castres-Gironde,75,Nouvelle-aquitaine,0.15,0.15,0.1,0.15,0.1
2257,2257,Castries,76,Occitanie,0.15,0.15,0.1,0.15,0.1
2258,2258,Castéra-Verduzan,76,Occitanie,0.15,0.15,0.1,0.15,0.1
2259,2259,Castétis,75,Nouvelle-aquitaine,0.15,0.15,0.1,0.15,0.1
2260,2260,Catenay,28,Normandie,0.15,0.15,0.1,0.15,0.1
2261,2261,Catenoy,32,Hauts-de-france,0.15,0.15,0.1,0.15,0.1
2262,2262,Catillon-Fumechon,32,Hauts-de-france,0.15,0.15,0.1,0.15,0.1
2263,2263,Catillon-sur-Sambre,32,Hauts-de-france,0.15,0.15,0.1,0.15,0.1
2264,2264,Catllar,76,Occitanie,0.15,0.15,0.1,0.15,0.1
2265,2265,Cattenières,32,Hauts-de-france,0.15,0.15,0.1,0.15,0.1
2266,2266,Cattenom,44,Grand Est,0.15,0.15,0.1,0.15,0.1
2267,2267,Catus,76,Occitanie,0.15,0.15,0.1,0.15,0.1
2268,2268,Cauchy-à-la-Tour,32,Hauts-de-france,0.15,0.15,0.1,0.15,0.1
2269,2269,Caudan,53,Bretagne,0.15,0.15,0.1,0.15,0.1
2270,2270,Caudebec-en-Caux,28,Normandie,0.15,0.15,0.1,0.15,0.1
2271,2271,Caudebec-lès-Elbeuf,28,Normandie,0.15,0.15,0.1,0.15,0.1
2272,2272,Caudecoste,75,Nouvelle-aquitaine,0.15,0.15,0.1,0.15,0.1
2273,2273,Caudiès-de-Fenouillèdes,76,Occitanie,0.15,0.15,0.1,0.15,0.1
2274,2274,Caudrot,75,Nouvelle-aquitaine,0.15,0.15,0.1,0.15,0.1
2275,2275,Caudry,32,Hauts-de-france,0.15,0.15,0.1,0.15,0.1
2276,2276,Cauffry,32,Hauts-de-france,0.15,0.15,0.1,0.15,0.1
2277,2277,Caugé,28,Normandie,0.15,0.15,0.1,0.15,0.1
2278,2278,Caulnes,53,Bretagne,0.15,0.15,0.1,0.15,0.1
2279,2279,Caumont,76,Occitanie,0.15,0.15,0.1,0.15,0.1
2280,2280,Caumont-l'Éventé,28,Normandie,0.15,0.15,0.1,0.15,0.1
2281,2281,Caumont-sur-Durance,93,Provence-alpes-côte D'azur,0.15,0.15,0.1,0.15,0.1
2282,2282,Caumont-sur-Garonne,75,Nouvelle-aquitaine,0.15,0.15,0.1,0.15,0.1
2283,2283,Cauneille,75,Nouvelle-aquitaine,0.15,0.15,0.1,0.15,0.1
2284,2284,Caunes-Minervois,76,Occitanie,0.15,0.15,0.1,0.15,0.1
2285,2285,Caurel,53,Bretagne,0.15,0.15,0.1,0.15,0.1
2286,2286,Cauro,94,Corse,0.15,0.15,0.1,0.15,0.1
2287,2287,Cauroir,32,Hauts-de-france,0.15,0.15,0.1,0.15,0.1
2288,2288,Caussade,76,Occitanie,0.15,0.15,0.1,0.15,0.1
2289,2289,Caussens,76,Occitanie,0.15,0.15,0.1,0.15,0.1
2290,2290,Causses-et-Veyran,76,Occitanie,0.15,0.15,0.1,0.15,0.1
2291,2291,Cauterets,76,Occitanie,0.15,0.15,0.1,0.15,0.1
2292,2292,Cauvigny,32,Hauts-de-france,0.15,0.15,0.1,0.15,0.1
2293,2293,Cauville-sur-Mer,28,Normandie,0.15,0.15,0.1,0.15,0.1
2294,2294,Caux,76,Occitanie,0.15,0.15,0.1,0.15,0.1
2295,2295,Caux-et-Sauzens,76,Occitanie,0.15,0.15,0.1,0.15,0.1
2296,2296,Cavaillon,93,Provence-alpes-côte D'azur,0.15,0.15,0.1,0.15,0.1
2297,2297,Cavalaire-sur-Mer,93,Provence-alpes-côte D'azur,0.15,0.15,0.1,0.15,0.1
2298,2298,Cavan,53,Bretagne,0.15,0.15,0.1,0.15,0.1
2299,2299,Cavanac,76,Occitanie,0.15,0.15,0.1,0.15,0.1
2300,2300,Caveirac,76,Occitanie,0.15,0.15,0.1,0.15,0.1
2301,2301,Caves,76,Occitanie,0.15,0.15,0.1,0.15,0.1
2302,2302,Cavignac,75,Nouvelle-aquitaine,0.15,0.15,0.1,0.15,0.1
2303,2303,Cavillargues,76,Occitanie,0.15,0.15,0.1,0.15,0.1
2304,2304,Cayeux-sur-Mer,32,Hauts-de-france,0.15,0.15,0.1,0.15,0.1
2305,2305,Caylus,76,Occitanie,0.15,0.15,0.1,0.15,0.1
2306,2306,Cayres,84,Auvergne-rhône-alpes,0.15,0.15,0.1,0.15,0.1
2307,2307,Cazals,76,Occitanie,0.15,0.15,0.1,0.15,0.1
2308,2308,Cazaubon,76,Occitanie,0.15,0.15,0.1,0.15,0.1
2309,2309,Cazes-Mondenard,76,Occitanie,0.15,0.15,0.1,0.15,0.1
2310,2310,Cazilhac,76,Occitanie,0.15,0.15,0.1,0.15,0.1
2311,2311,Cazouls-lès-Béziers,76,Occitanie,0.15,0.15,0.1,0.15,0.1
2312,2312,Cazères,76,Occitanie,0.15,0.15,0.1,0.15,0.1
2313,2313,Caëstre,32,Hauts-de-france,0.15,0.15,0.1,0.15,0.1
2314,2314,Ceaucé,28,Normandie,0.15,0.15,0.1,0.15,0.1
2315,2315,Ceaulmont,24,Centre-val De Loire,0.15,0.15,0.1,0.15,0.1
2316,2316,Ceaux-en-Couhé,75,Nouvelle-aquitaine,0.15,0.15,0.1,0.15,0.1
2317,2317,Ceaux-en-Loudun,75,Nouvelle-aquitaine,0.15,0.15,0.1,0.15,0.1
2318,2318,Ceffonds,44,Grand Est,0.15,0.15,0.1,0.15,0.1
2319,2319,Ceintrey,44,Grand Est,0.15,0.15,0.1,0.15,0.1
2320,2320,Celle-Lévescault,75,Nouvelle-aquitaine,0.15,0.15,0.1,0.15,0.1
2321,2321,Celles,84,Auvergne-rhône-alpes,0.15,0.15,0.1,0.15,0.1
2322,2322,Celles-sur-Belle,75,Nouvelle-aquitaine,0.15,0.15,0.1,0.15,0.1
2323,2323,Celles-sur-Durolle,84,Auvergne-rhône-alpes,0.15,0.15,0.1,0.15,0.1
2324,2324,Celles-sur-Plaine,44,Grand Est,0.15,0.15,0.1,0.15,0.1
2325,2325,Cellettes,75,Nouvelle-aquitaine,0.15,0.15,0.1,0.15,0.1
2326,2326,Cellieu,84,Auvergne-rhône-alpes,0.15,0.15,0.1,0.15,0.1
2327,2327,Cellule,84,Auvergne-rhône-alpes,0.15,0.15,0.1,0.15,0.1
2328,2328,Cempuis,32,Hauts-de-france,0.15,0.15,0.1,0.15,0.1
2329,2329,Cendras,76,Occitanie,0.15,0.15,0.1,0.15,0.1
2330,2330,Cendrieux,75,Nouvelle-aquitaine,0.15,0.15,0.1,0.15,0.1
2331,2331,Cenon,75,Nouvelle-aquitaine,0.15,0.15,0.1,0.15,0.1
2332,2332,Cenon-sur-Vienne,75,Nouvelle-aquitaine,0.15,0.15,0.1,0.15,0.1
2333,2333,Centrès,76,Occitanie,0.15,0.15,0.1,0.15,0.1
2334,2334,Cepoy,24,Centre-val De Loire,0.15,0.15,0.1,0.15,0.1
2335,2335,Cercier,84,Auvergne-rhône-alpes,0.15,0.15,0.1,0.15,0.1
2336,2336,Cercié,84,Auvergne-rhône-alpes,0.15,0.15,0.1,0.15,0.1
2337,2337,Cercottes,24,Centre-val De Loire,0.15,0.15,0.1,0.15,0.1
2338,2338,Cercoux,75,Nouvelle-aquitaine,0.15,0.15,0.1,0.15,0.1
2339,2339,Cercy-la-Tour,27,Bourgogne-franche-comté,0.15,0.15,0.1,0.15,0.1
2340,2340,Cerdon,84,Auvergne-rhône-alpes,0.15,0.15,0.1,0.15,0.1
2341,2341,Cerelles,24,Centre-val De Loire,0.15,0.15,0.1,0.15,0.1
2342,2342,Ceret,76,Occitanie,0.15,0.15,0.1,0.15,0.1
2343,2343,Cergy,11,Île-de-france,0.15,0.15,0.1,0.15,0.1
2344,2344,Cergy-Pontoise,11,Île-de-france,0.15,0.15,0.1,0.15,0.1
2345,2345,Cerisiers,27,Bourgogne-franche-comté,0.15,0.15,0.1,0.15,0.1
2346,2346,Cerisy-la-Forêt,28,Normandie,0.15,0.15,0.1,0.15,0.1
2347,2347,Cerisy-la-Salle,28,Normandie,0.15,0.15,0.1,0.15,0.1
2348,2348,Cerisé,28,Normandie,0.15,0.15,0.1,0.15,0.1
2349,2349,Cerizay,75,Nouvelle-aquitaine,0.15,0.15,0.1,0.15,0.1
2350,2350,Cernay,75,Nouvelle-aquitaine,0.15,0.15,0.1,0.15,0.1
2351,2351,Cernay-la-Ville,11,Île-de-france,0.15,0.15,0.1,0.15,0.1
2352,2352,Cernay-lès-Reims,44,Grand Est,0.15,0.15,0.1,0.15,0.1
2353,2353,Cernex,84,Auvergne-rhône-alpes,0.15,0.15,0.1,0.15,0.1
2354,2354,Cerny,11,Île-de-france,0.15,0.15,0.1,0.15,0.1
2355,2355,Cers,76,Occitanie,0.15,0.15,0.1,0.15,0.1
2356,2356,Cersay,75,Nouvelle-aquitaine,0.15,0.15,0.1,0.15,0.1
2357,2357,Certines,84,Auvergne-rhône-alpes,0.15,0.15,0.1,0.15,0.1
2358,2358,Cervens,84,Auvergne-rhône-alpes,0.15,0.15,0.1,0.15,0.1
2359,2359,Cervera de la Marenda,76,Occitanie,0.15,0.15,0.1,0.15,0.1
2360,2360,Cerville,44,Grand Est,0.15,0.15,0.1,0.15,0.1
2361,2361,Cervione,94,Corse,0.15,0.15,0.1,0.15,0.1
2362,2362,Cervon,27,Bourgogne-franche-comté,0.15,0.15,0.1,0.15,0.1
2363,2363,Cerzat,84,Auvergne-rhône-alpes,0.15,0.15,0.1,0.15,0.1
2364,2364,Cesny-Bois-Halbout,28,Normandie,0.15,0.15,0.1,0.15,0.1
2365,2365,Cessenon-sur-Orb,76,Occitanie,0.15,0.15,0.1,0.15,0.1
2366,2366,Cessieu,84,Auvergne-rhône-alpes,0.15,0.15,0.1,0.15,0.1
2367,2367,Cesson,11,Île-de-france,0.15,0.15,0.1,0.15,0.1
2368,2368,Cesson-Sévigné,53,Bretagne,0.15,0.15,0.1,0.15,0.1
2369,2369,Cessy,84,Auvergne-rhône-alpes,0.15,0.15,0.1,0.15,0.1
2370,2370,Cestas,75,Nouvelle-aquitaine,0.15,0.15,0.1,0.15,0.1
2371,2371,Ceton,28,Normandie,0.15,0.15,0.1,0.15,0.1
2372,2372,Cevins,84,Auvergne-rhône-alpes,0.15,0.15,0.1,0.15,0.1
2373,2373,Ceyrat,84,Auvergne-rhône-alpes,0.15,0.15,0.1,0.15,0.1
2374,2374,Ceyreste,93,Provence-alpes-côte D'azur,0.15,0.15,0.1,0.15,0.1
2375,2375,Ceyzériat,84,Auvergne-rhône-alpes,0.15,0.15,0.1,0.15,0.1
2376,2376,Ceyzérieu,84,Auvergne-rhône-alpes,0.15,0.15,0.1,0.15,0.1
2377,2377,Chabanais,75,Nouvelle-aquitaine,0.15,0.15,0.1,0.15,0.1
2378,2378,Chabenet,,MISSING,0.15,0.15,0.1,0.15,0.1
2379,2379,Chabeuil,84,Auvergne-rhône-alpes,0.15,0.15,0.1,0.15,0.1
2380,2380,Chablis,27,Bourgogne-franche-comté,0.15,0.15,0.1,0.15,0.1
2381,2381,Chabottes,93,Provence-alpes-côte D'azur,0.15,0.15,0.1,0.15,0.1
2382,2382,Chabournay,75,Nouvelle-aquitaine,0.15,0.15,0.1,0.15,0.1
2383,2383,Chabreloche,84,Auvergne-rhône-alpes,0.15,0.15,0.1,0.15,0.1
2384,2384,Chabrillan,84,Auvergne-rhône-alpes,0.15,0.15,0.1,0.15,0.1
2385,2385,Chabris,24,Centre-val De Loire,0.15,0.15,0.1,0.15,0.1
2386,2386,Chacé,52,Pays De La Loire,0.15,0.15,0.1,0.15,0.1
2387,2387,Chadrac,84,Auvergne-rhône-alpes,0.15,0.15,0.1,0.15,0.1
2388,2388,Chaffois,27,Bourgogne-franche-comté,0.15,0.15,0.1,0.15,0.1
2389,2389,Chagey,27,Bourgogne-franche-comté,0.15,0.15,0.1,0.15,0.1
2390,2390,Chagny,44,Grand Est,0.15,0.15,0.1,0.15,0.1
2391,2391,Chahaignes,52,Pays De La Loire,0.15,0.15,0.1,0.15,0.1
2392,2392,Chaillac,24,Centre-val De Loire,0.15,0.15,0.1,0.15,0.1
2393,2393,Chaillac-sur-Vienne,75,Nouvelle-aquitaine,0.15,0.15,0.1,0.15,0.1
2394,2394,Chailland,52,Pays De La Loire,0.15,0.15,0.1,0.15,0.1
2395,2395,Chailles,24,Centre-val De Loire,0.15,0.15,0.1,0.15,0.1
2396,2396,Chaillevette,75,Nouvelle-aquitaine,0.15,0.15,0.1,0.15,0.1
2397,2397,Chailley,27,Bourgogne-franche-comté,0.15,0.15,0.1,0.15,0.1
2398,2398,Chailly-en-Bière,11,Île-de-france,0.15,0.15,0.1,0.15,0.1
2399,2399,Chailly-en-Brie,11,Île-de-france,0.15,0.15,0.1,0.15,0.1
2400,2400,Chailly-en-Gâtinais,24,Centre-val De Loire,0.15,0.15,0.1,0.15,0.1
2401,2401,Chaillé-les-Marais,52,Pays De La Loire,0.15,0.15,0.1,0.15,0.1
2402,2402,Chainaz-les-Frasses,84,Auvergne-rhône-alpes,0.15,0.15,0.1,0.15,0.1
2403,2403,Chaingy,24,Centre-val De Loire,0.15,0.15,0.1,0.15,0.1
2404,2404,Chaintreaux,11,Île-de-france,0.15,0.15,0.1,0.15,0.1
2405,2405,Chaintré,27,Bourgogne-franche-comté,0.15,0.15,0.1,0.15,0.1
2406,2406,Chalabre,76,Occitanie,0.15,0.15,0.1,0.15,0.1
2407,2407,Chalais,75,Nouvelle-aquitaine,0.15,0.15,0.1,0.15,0.1
2408,2408,Chalamont,84,Auvergne-rhône-alpes,0.15,0.15,0.1,0.15,0.1
2409,2409,Chalampé,44,Grand Est,0.15,0.15,0.1,0.15,0.1
2410,2410,Chalandray,75,Nouvelle-aquitaine,0.15,0.15,0.1,0.15,0.1
2411,2411,Chalandry-Elaire,44,Grand Est,0.15,0.15,0.1,0.15,0.1
2412,2412,Chalautre-la-Grande,11,Île-de-france,0.15,0.15,0.1,0.15,0.1
2413,2413,Chalautre-la-Petite,11,Île-de-france,0.15,0.15,0.1,0.15,0.1
2414,2414,Chaleins,84,Auvergne-rhône-alpes,0.15,0.15,0.1,0.15,0.1
2415,2415,Chalezeule,27,Bourgogne-franche-comté,0.15,0.15,0.1,0.15,0.1
2416,2416,Chalifert,11,Île-de-france,0.15,0.15,0.1,0.15,0.1
2417,2417,Chaligny,44,Grand Est,0.15,0.15,0.1,0.15,0.1
2418,2418,Chalindrey,44,Grand Est,0.15,0.15,0.1,0.15,0.1
2419,2419,Challain-la-Potherie,52,Pays De La Loire,0.15,0.15,0.1,0.15,0.1
2420,2420,Challans,52,Pays De La Loire,0.15,0.15,0.1,0.15,0.1
2421,2421,Challes,52,Pays De La Loire,0.15,0.15,0.1,0.15,0.1
2422,2422,Challes-les-Eaux,84,Auvergne-rhône-alpes,0.15,0.15,0.1,0.15,0.1
2423,2423,Challex,84,Auvergne-rhône-alpes,0.15,0.15,0.1,0.15,0.1
2424,2424,Challuy,27,Bourgogne-franche-comté,0.15,0.15,0.1,0.15,0.1
2425,2425,Chalmaison,11,Île-de-france,0.15,0.15,0.1,0.15,0.1
2426,2426,Chalmoux,27,Bourgogne-franche-comté,0.15,0.15,0.1,0.15,0.1
2427,2427,Chalo-Saint-Mars,11,Île-de-france,0.15,0.15,0.1,0.15,0.1
2428,2428,Chalon-sur-Saône,27,Bourgogne-franche-comté,0.15,0.15,0.1,0.15,0.1
2429,2429,Chalonnes-sur-Loire,52,Pays De La Loire,0.15,0.15,0.1,0.15,0.1
2430,2430,Chamadelle,75,Nouvelle-aquitaine,0.15,0.15,0.1,0.15,0.1
2431,2431,Chamagnieu,84,Auvergne-rhône-alpes,0.15,0.15,0.1,0.15,0.1
2432,2432,Chamalières,84,Auvergne-rhône-alpes,0.15,0.15,0.1,0.15,0.1
2433,2433,Chamant,32,Hauts-de-france,0.15,0.15,0.1,0.15,0.1
2434,2434,Chamarande,11,Île-de-france,0.15,0.15,0.1,0.15,0.1
2435,2435,Chamarandes-Choignes,44,Grand Est,0.15,0.15,0.1,0.15,0.1
2436,2436,Chamaret,84,Auvergne-rhône-alpes,0.15,0.15,0.1,0.15,0.1
2437,2437,Chamberet,75,Nouvelle-aquitaine,0.15,0.15,0.1,0.15,0.1
2438,2438,Chamblanc,27,Bourgogne-franche-comté,0.15,0.15,0.1,0.15,0.1
2439,2439,Chambles,84,Auvergne-rhône-alpes,0.15,0.15,0.1,0.15,0.1
2440,2440,Chamblet,84,Auvergne-rhône-alpes,0.15,0.15,0.1,0.15,0.1
2441,2441,Chambly,32,Hauts-de-france,0.15,0.15,0.1,0.15,0.1
2442,2442,Chambon,76,Occitanie,0.15,0.15,0.1,0.15,0.1
2443,2443,Chambon-la-Forêt,24,Centre-val De Loire,0.15,0.15,0.1,0.15,0.1
2444,2444,Chambon-sur-Cisse,24,Centre-val De Loire,0.15,0.15,0.1,0.15,0.1
2445,2445,Chambon-sur-Voueize,75,Nouvelle-aquitaine,0.15,0.15,0.1,0.15,0.1
2446,2446,Chambonas,84,Auvergne-rhône-alpes,0.15,0.15,0.1,0.15,0.1
2447,2447,Chamboret,75,Nouvelle-aquitaine,0.15,0.15,0.1,0.15,0.1
2448,2448,Chamborigaud,76,Occitanie,0.15,0.15,0.1,0.15,0.1
2449,2449,Chambost-Allières,84,Auvergne-rhône-alpes,0.15,0.15,0.1,0.15,0.1
2450,2450,Chambost-Longessaigne,84,Auvergne-rhône-alpes,0.15,0.15,0.1,0.15,0.1
2451,2451,Chamboulive,75,Nouvelle-aquitaine,0.15,0.15,0.1,0.15,0.1
2452,2452,Chambourcy,11,Île-de-france,0.15,0.15,0.1,0.15,0.1
2453,2453,Chambourg-sur-Indre,24,Centre-val De Loire,0.15,0.15,0.1,0.15,0.1
2454,2454,Chambray-lès-Tours,24,Centre-val De Loire,0.15,0.15,0.1,0.15,0.1
2455,2455,Chambretaud,52,Pays De La Loire,0.15,0.15,0.1,0.15,0.1
2456,2456,Chambry,32,Hauts-de-france,0.15,0.15,0.1,0.15,0.1
2457,2457,Chambéry,84,Auvergne-rhône-alpes,0.15,0.15,0.1,0.15,0.1
2458,2458,Chambœuf,84,Auvergne-rhône-alpes,0.15,0.15,0.1,0.15,0.1
2459,2459,Chamelet,84,Auvergne-rhône-alpes,0.15,0.15,0.1,0.15,0.1
2460,2460,Chameyrat,75,Nouvelle-aquitaine,0.15,0.15,0.1,0.15,0.1
2461,2461,Chamigny,11,Île-de-france,0.15,0.15,0.1,0.15,0.1
2462,2462,Chamonix-Mont-Blanc,84,Auvergne-rhône-alpes,0.15,0.15,0.1,0.15,0.1
2463,2463,Chamouilley,44,Grand Est,0.15,0.15,0.1,0.15,0.1
2464,2464,Chamoux-sur-Gelon,84,Auvergne-rhône-alpes,0.15,0.15,0.1,0.15,0.1
2465,2465,Champ-le-Duc,44,Grand Est,0.15,0.15,0.1,0.15,0.1
2466,2466,Champ-sur-Drac,84,Auvergne-rhône-alpes,0.15,0.15,0.1,0.15,0.1
2467,2467,Champagnac,84,Auvergne-rhône-alpes,0.15,0.15,0.1,0.15,0.1
2468,2468,Champagnac-de-Belair,75,Nouvelle-aquitaine,0.15,0.15,0.1,0.15,0.1
2469,2469,Champagnac-la-Rivière,75,Nouvelle-aquitaine,0.15,0.15,0.1,0.15,0.1
2470,2470,Champagne,84,Auvergne-rhône-alpes,0.15,0.15,0.1,0.15,0.1
2471,2471,Champagne-Mouton,75,Nouvelle-aquitaine,0.15,0.15,0.1,0.15,0.1
2472,2472,Champagne-sur-Oise,11,Île-de-france,0.15,0.15,0.1,0.15,0.1
2473,2473,Champagne-sur-Seine,11,Île-de-france,0.15,0.15,0.1,0.15,0.1
2474,2474,Champagney,27,Bourgogne-franche-comté,0.15,0.15,0.1,0.15,0.1
2475,2475,Champagnier,84,Auvergne-rhône-alpes,0.15,0.15,0.1,0.15,0.1
2476,2476,Champagnole,27,Bourgogne-franche-comté,0.15,0.15,0.1,0.15,0.1
2477,2477,Champagnolles,75,Nouvelle-aquitaine,0.15,0.15,0.1,0.15,0.1
2478,2478,Champagny-en-Vanoise,84,Auvergne-rhône-alpes,0.15,0.15,0.1,0.15,0.1
2479,2479,Champagné,52,Pays De La Loire,0.15,0.15,0.1,0.15,0.1
2480,2480,Champagné-Saint-Hilaire,75,Nouvelle-aquitaine,0.15,0.15,0.1,0.15,0.1
2481,2481,Champagné-les-Marais,52,Pays De La Loire,0.15,0.15,0.1,0.15,0.1
2482,2482,Champanges,84,Auvergne-rhône-alpes,0.15,0.15,0.1,0.15,0.1
2483,2483,Champcevinel,75,Nouvelle-aquitaine,0.15,0.15,0.1,0.15,0.1
2484,2484,Champcueil,11,Île-de-france,0.15,0.15,0.1,0.15,0.1
2485,2485,Champdeniers-Saint-Denis,75,Nouvelle-aquitaine,0.15,0.15,0.1,0.15,0.1
2486,2486,Champdeuil,11,Île-de-france,0.15,0.15,0.1,0.15,0.1
2487,2487,Champdieu,84,Auvergne-rhône-alpes,0.15,0.15,0.1,0.15,0.1
2488,2488,Champdôtre,27,Bourgogne-franche-comté,0.15,0.15,0.1,0.15,0.1
2489,2489,Champeaux,53,Bretagne,0.15,0.15,0.1,0.15,0.1
2490,2490,Champeix,84,Auvergne-rhône-alpes,0.15,0.15,0.1,0.15,0.1
2491,2491,Champenoux,44,Grand Est,0.15,0.15,0.1,0.15,0.1
2492,2492,Champey,27,Bourgogne-franche-comté,0.15,0.15,0.1,0.15,0.1
2493,2493,Champfleur,52,Pays De La Loire,0.15,0.15,0.1,0.15,0.1
2494,2494,Champforgeuil,27,Bourgogne-franche-comté,0.15,0.15,0.1,0.15,0.1
2495,2495,Champfromier,84,Auvergne-rhône-alpes,0.15,0.15,0.1,0.15,0.1
2496,2496,Champgenéteux,52,Pays De La Loire,0.15,0.15,0.1,0.15,0.1
2497,2497,Champhol,24,Centre-val De Loire,0.15,0.15,0.1,0.15,0.1
2498,2498,Champier,84,Auvergne-rhône-alpes,0.15,0.15,0.1,0.15,0.1
2499,2499,Champignelles,27,Bourgogne-franche-comté,0.15,0.15,0.1,0.15,0.1
2500,2500,Champigneulles,44,Grand Est,0.15,0.15,0.1,0.15,0.1
2501,2501,Champigny,44,Grand Est,0.15,0.15,0.1,0.15,0.1
2502,2502,Champigny-en-Beauce,24,Centre-val De Loire,0.15,0.15,0.1,0.15,0.1
2503,2503,Champigny-le-Sec,75,Nouvelle-aquitaine,0.15,0.15,0.1,0.15,0.1
2504,2504,Champigny-sur-Marne,11,Île-de-france,0.15,0.15,0.1,0.15,0.1
2505,2505,Champigny-sur-Veude,24,Centre-val De Loire,0.15,0.15,0.1,0.15,0.1
2506,2506,Champigné,52,Pays De La Loire,0.15,0.15,0.1,0.15,0.1
2507,2507,Champillon,44,Grand Est,0.15,0.15,0.1,0.15,0.1
2508,2508,Champlan,11,Île-de-france,0.15,0.15,0.1,0.15,0.1
2509,2509,Champlay,27,Bourgogne-franche-comté,0.15,0.15,0.1,0.15,0.1
2510,2510,Champlitte,27,Bourgogne-franche-comté,0.15,0.15,0.1,0.15,0.1
2511,2511,Champlost,27,Bourgogne-franche-comté,0.15,0.15,0.1,0.15,0.1
2512,2512,Champmillon,75,Nouvelle-aquitaine,0.15,0.15,0.1,0.15,0.1
2513,2513,Champniers,75,Nouvelle-aquitaine,0.15,0.15,0.1,0.15,0.1
2514,2514,Champniers-et-Reilhac,75,Nouvelle-aquitaine,0.15,0.15,0.1,0.15,0.1
2515,2515,Champnétery,75,Nouvelle-aquitaine,0.15,0.15,0.1,0.15,0.1
2516,2516,Champs-sur-Marne,11,Île-de-france,0.15,0.15,0.1,0.15,0.1
2517,2517,Champs-sur-Tarentaine-Marchal,84,Auvergne-rhône-alpes,0.15,0.15,0.1,0.15,0.1
2518,2518,Champs-sur-Yonne,27,Bourgogne-franche-comté,0.15,0.15,0.1,0.15,0.1
2519,2519,Champsac,75,Nouvelle-aquitaine,0.15,0.15,0.1,0.15,0.1
2520,2520,Champsecret,28,Normandie,0.15,0.15,0.1,0.15,0.1
2521,2521,Champtercier,93,Provence-alpes-côte D'azur,0.15,0.15,0.1,0.15,0.1
2522,2522,Champtoceaux,52,Pays De La Loire,0.15,0.15,0.1,0.15,0.1
2523,2523,Champtocé-sur-Loire,52,Pays De La Loire,0.15,0.15,0.1,0.15,0.1
2524,2524,Champvallon,27,Bourgogne-franche-comté,0.15,0.15,0.1,0.15,0.1
2525,2525,Champvans,27,Bourgogne-franche-comté,0.15,0.15,0.1,0.15,0.1
2526,2526,Champvert,27,Bourgogne-franche-comté,0.15,0.15,0.1,0.15,0.1
2527,2527,Champéon,52,Pays De La Loire,0.15,0.15,0.1,0.15,0.1
2528,2528,Chamrousse,84,Auvergne-rhône-alpes,0.15,0.15,0.1,0.15,0.1
2529,2529,Chamvres,27,Bourgogne-franche-comté,0.15,0.15,0.1,0.15,0.1
2530,2530,Chanac,76,Occitanie,0.15,0.15,0.1,0.15,0.1
2531,2531,Chanac-les-Mines,75,Nouvelle-aquitaine,0.15,0.15,0.1,0.15,0.1
2532,2532,Chanas,84,Auvergne-rhône-alpes,0.15,0.15,0.1,0.15,0.1
2533,2533,Chanat-la-Mouteyre,84,Auvergne-rhône-alpes,0.15,0.15,0.1,0.15,0.1
2534,2534,Chanay,84,Auvergne-rhône-alpes,0.15,0.15,0.1,0.15,0.1
2535,2535,Chanaz,84,Auvergne-rhône-alpes,0.15,0.15,0.1,0.15,0.1
2536,2536,Chanceaux-sur-Choisille,24,Centre-val De Loire,0.15,0.15,0.1,0.15,0.1
2537,2537,Chancelade,75,Nouvelle-aquitaine,0.15,0.15,0.1,0.15,0.1
2538,2538,Chancenay,44,Grand Est,0.15,0.15,0.1,0.15,0.1
2539,2539,Chandai,28,Normandie,0.15,0.15,0.1,0.15,0.1
2540,2540,Chandon,84,Auvergne-rhône-alpes,0.15,0.15,0.1,0.15,0.1
2541,2541,Chaneins,84,Auvergne-rhône-alpes,0.15,0.15,0.1,0.15,0.1
2542,2542,Changis-sur-Marne,11,Île-de-france,0.15,0.15,0.1,0.15,0.1
2543,2543,Changy,84,Auvergne-rhône-alpes,0.15,0.15,0.1,0.15,0.1
2544,2544,Changé,52,Pays De La Loire,0.15,0.15,0.1,0.15,0.1
2545,2545,Chaniers,75,Nouvelle-aquitaine,0.15,0.15,0.1,0.15,0.1
2546,2546,Channay-sur-Lathan,24,Centre-val De Loire,0.15,0.15,0.1,0.15,0.1
2547,2547,Chanonat,84,Auvergne-rhône-alpes,0.15,0.15,0.1,0.15,0.1
2548,2548,Chanos-Curson,84,Auvergne-rhône-alpes,0.15,0.15,0.1,0.15,0.1
2549,2549,Chanoz-Châtenay,84,Auvergne-rhône-alpes,0.15,0.15,0.1,0.15,0.1
2550,2550,Chanteau,24,Centre-val De Loire,0.15,0.15,0.1,0.15,0.1
2551,2551,Chanteheux,44,Grand Est,0.15,0.15,0.1,0.15,0.1
2552,2552,Chanteix,75,Nouvelle-aquitaine,0.15,0.15,0.1,0.15,0.1
2553,2553,Chantelle,84,Auvergne-rhône-alpes,0.15,0.15,0.1,0.15,0.1
2554,2554,Chanteloup,75,Nouvelle-aquitaine,0.15,0.15,0.1,0.15,0.1
2555,2555,Chanteloup-en-Brie,11,Île-de-france,0.15,0.15,0.1,0.15,0.1
2556,2556,Chanteloup-les-Bois,52,Pays De La Loire,0.15,0.15,0.1,0.15,0.1
2557,2557,Chanteloup-les-Vignes,11,Île-de-france,0.15,0.15,0.1,0.15,0.1
2558,2558,Chantemerle-les-Blés,84,Auvergne-rhône-alpes,0.15,0.15,0.1,0.15,0.1
2559,2559,Chantenay-Saint-Imbert,27,Bourgogne-franche-comté,0.15,0.15,0.1,0.15,0.1
2560,2560,Chantenay-Villedieu,52,Pays De La Loire,0.15,0.15,0.1,0.15,0.1
2561,2561,Chantepie,53,Bretagne,0.15,0.15,0.1,0.15,0.1
2562,2562,Chantilly,32,Hauts-de-france,0.15,0.15,0.1,0.15,0.1
2563,2563,Chantonnay,52,Pays De La Loire,0.15,0.15,0.1,0.15,0.1
2564,2564,Chantraine,44,Grand Est,0.15,0.15,0.1,0.15,0.1
2565,2565,Chantrigné,52,Pays De La Loire,0.15,0.15,0.1,0.15,0.1
2566,2566,Chantôme,,MISSING,0.15,0.15,0.1,0.15,0.1
2567,2567,Chanu,28,Normandie,0.15,0.15,0.1,0.15,0.1
2568,2568,Chanzeaux,52,Pays De La Loire,0.15,0.15,0.1,0.15,0.1
2569,2569,Chançay,24,Centre-val De Loire,0.15,0.15,0.1,0.15,0.1
2570,2570,Chaource,44,Grand Est,0.15,0.15,0.1,0.15,0.1
2571,2571,Chaourse,32,Hauts-de-france,0.15,0.15,0.1,0.15,0.1
2572,2572,Chapareillan,84,Auvergne-rhône-alpes,0.15,0.15,0.1,0.15,0.1
2573,2573,Chapdes-Beaufort,84,Auvergne-rhône-alpes,0.15,0.15,0.1,0.15,0.1
2574,2574,Chapeiry,84,Auvergne-rhône-alpes,0.15,0.15,0.1,0.15,0.1
2575,2575,Chapelle-Voland,27,Bourgogne-franche-comté,0.15,0.15,0.1,0.15,0.1
2576,2576,Chapet,11,Île-de-france,0.15,0.15,0.1,0.15,0.1
2577,2577,Chaponnay,84,Auvergne-rhône-alpes,0.15,0.15,0.1,0.15,0.1
2578,2578,Chaponost,84,Auvergne-rhône-alpes,0.15,0.15,0.1,0.15,0.1
2579,2579,Chappes,84,Auvergne-rhône-alpes,0.15,0.15,0.1,0.15,0.1
2580,2580,Chaptelat,75,Nouvelle-aquitaine,0.15,0.15,0.1,0.15,0.1
2581,2581,Charancieu,84,Auvergne-rhône-alpes,0.15,0.15,0.1,0.15,0.1
2582,2582,Charantonnay,84,Auvergne-rhône-alpes,0.15,0.15,0.1,0.15,0.1
2583,2583,Charavines,84,Auvergne-rhône-alpes,0.15,0.15,0.1,0.15,0.1
2584,2584,Charbonnier-les-Mines,84,Auvergne-rhône-alpes,0.15,0.15,0.1,0.15,0.1
2585,2585,Charbonnières-les-Bains,84,Auvergne-rhône-alpes,0.15,0.15,0.1,0.15,0.1
2586,2586,Charbonnières-les-Varennes,84,Auvergne-rhône-alpes,0.15,0.15,0.1,0.15,0.1
2587,2587,Charbonnières-les-Vieilles,84,Auvergne-rhône-alpes,0.15,0.15,0.1,0.15,0.1
2588,2588,Charbuy,27,Bourgogne-franche-comté,0.15,0.15,0.1,0.15,0.1
2589,2589,Charcé-Saint-Ellier-sur-Aubance,52,Pays De La Loire,0.15,0.15,0.1,0.15,0.1
2590,2590,Charensat,84,Auvergne-rhône-alpes,0.15,0.15,0.1,0.15,0.1
2591,2591,Charentay,84,Auvergne-rhône-alpes,0.15,0.15,0.1,0.15,0.1
2592,2592,Charentilly,24,Centre-val De Loire,0.15,0.15,0.1,0.15,0.1
2593,2593,Charenton-du-Cher,24,Centre-val De Loire,0.15,0.15,0.1,0.15,0.1
2594,2594,Charenton-le-Pont,11,Île-de-france,0.15,0.15,0.1,0.15,0.1
2595,2595,Chargey-lès-Gray,27,Bourgogne-franche-comté,0.15,0.15,0.1,0.15,0.1
2596,2596,Chargé,24,Centre-val De Loire,0.15,0.15,0.1,0.15,0.1
2597,2597,Charleval,93,Provence-alpes-côte D'azur,0.15,0.15,0.1,0.15,0.1
2598,2598,Charleville-Mézières,44,Grand Est,0.15,0.15,0.1,0.15,0.1
2599,2599,Charlieu,84,Auvergne-rhône-alpes,0.15,0.15,0.1,0.15,0.1
2600,2600,Charly,84,Auvergne-rhône-alpes,0.15,0.15,0.1,0.15,0.1
2601,2601,Charly-Oradour,44,Grand Est,0.15,0.15,0.1,0.15,0.1
2602,2602,Charly-sur-Marne,32,Hauts-de-france,0.15,0.15,0.1,0.15,0.1
2603,2603,Charmeil,84,Auvergne-rhône-alpes,0.15,0.15,0.1,0.15,0.1
2604,2604,Charmes,84,Auvergne-rhône-alpes,0.15,0.15,0.1,0.15,0.1
2605,2605,Charmes-sur-Rhône,84,Auvergne-rhône-alpes,0.15,0.15,0.1,0.15,0.1
2606,2606,Charmont-sous-Barbuise,44,Grand Est,0.15,0.15,0.1,0.15,0.1
2607,2607,Charnas,84,Auvergne-rhône-alpes,0.15,0.15,0.1,0.15,0.1
2608,2608,Charnay,84,Auvergne-rhône-alpes,0.15,0.15,0.1,0.15,0.1
2609,2609,Charnay-lès-Mâcon,27,Bourgogne-franche-comté,0.15,0.15,0.1,0.15,0.1
2610,2610,Charnizay,24,Centre-val De Loire,0.15,0.15,0.1,0.15,0.1
2611,2611,Charnoz-sur-Ain,84,Auvergne-rhône-alpes,0.15,0.15,0.1,0.15,0.1
2612,2612,Charny,27,Bourgogne-franche-comté,0.15,0.15,0.1,0.15,0.1
2613,2613,Charnècles,84,Auvergne-rhône-alpes,0.15,0.15,0.1,0.15,0.1
2614,2614,Charolles,27,Bourgogne-franche-comté,0.15,0.15,0.1,0.15,0.1
2615,2615,Charols,84,Auvergne-rhône-alpes,0.15,0.15,0.1,0.15,0.1
2616,2616,Charpey,84,Auvergne-rhône-alpes,0.15,0.15,0.1,0.15,0.1
2617,2617,Charpont,24,Centre-val De Loire,0.15,0.15,0.1,0.15,0.1
2618,2618,Charquemont,27,Bourgogne-franche-comté,0.15,0.15,0.1,0.15,0.1
2619,2619,Charrais,75,Nouvelle-aquitaine,0.15,0.15,0.1,0.15,0.1
2620,2620,Charrin,27,Bourgogne-franche-comté,0.15,0.15,0.1,0.15,0.1
2621,2621,Charron,75,Nouvelle-aquitaine,0.15,0.15,0.1,0.15,0.1
2622,2622,Charroux,84,Auvergne-rhône-alpes,0.15,0.15,0.1,0.15,0.1
2623,2623,Chars,11,Île-de-france,0.15,0.15,0.1,0.15,0.1
2624,2624,Charsonville,24,Centre-val De Loire,0.15,0.15,0.1,0.15,0.1
2625,2625,Chartainvilliers,24,Centre-val De Loire,0.15,0.15,0.1,0.15,0.1
2626,2626,Chartres,24,Centre-val De Loire,0.15,0.15,0.1,0.15,0.1
2627,2627,Chartres-de-Bretagne,53,Bretagne,0.15,0.15,0.1,0.15,0.1
2628,2628,Chartrettes,11,Île-de-france,0.15,0.15,0.1,0.15,0.1
2629,2629,Charvieu-Chavagneux,84,Auvergne-rhône-alpes,0.15,0.15,0.1,0.15,0.1
2630,2630,Charvonnex,84,Auvergne-rhône-alpes,0.15,0.15,0.1,0.15,0.1
2631,2631,Chasnais,52,Pays De La Loire,0.15,0.15,0.1,0.15,0.1
2632,2632,Chasné-sur-Illet,53,Bretagne,0.15,0.15,0.1,0.15,0.1
2633,2633,Chaspinhac,84,Auvergne-rhône-alpes,0.15,0.15,0.1,0.15,0.1
2634,2634,Chaspuzac,84,Auvergne-rhône-alpes,0.15,0.15,0.1,0.15,0.1
2635,2635,Chassagny,84,Auvergne-rhône-alpes,0.15,0.15,0.1,0.15,0.1
2636,2636,Chassal,27,Bourgogne-franche-comté,0.15,0.15,0.1,0.15,0.1
2637,2637,Chasse-sur-Rhône,84,Auvergne-rhône-alpes,0.15,0.15,0.1,0.15,0.1
2638,2638,Chasselay,84,Auvergne-rhône-alpes,0.15,0.15,0.1,0.15,0.1
2639,2639,Chassemy,32,Hauts-de-france,0.15,0.15,0.1,0.15,0.1
2640,2640,Chassenard,84,Auvergne-rhône-alpes,0.15,0.15,0.1,0.15,0.1
2641,2641,Chasseneuil,24,Centre-val De Loire,0.15,0.15,0.1,0.15,0.1
2642,2642,Chasseneuil-du-Poitou,75,Nouvelle-aquitaine,0.15,0.15,0.1,0.15,0.1
2643,2643,Chasseneuil-sur-Bonnieure,75,Nouvelle-aquitaine,0.15,0.15,0.1,0.15,0.1
2644,2644,Chassenon,75,Nouvelle-aquitaine,0.15,0.15,0.1,0.15,0.1
2645,2645,Chassiers,84,Auvergne-rhône-alpes,0.15,0.15,0.1,0.15,0.1
2646,2646,Chassieu,84,Auvergne-rhône-alpes,0.15,0.15,0.1,0.15,0.1
2647,2647,Chassignolles,84,Auvergne-rhône-alpes,0.15,0.15,0.1,0.15,0.1
2648,2648,Chassigny-sous-Dun,27,Bourgogne-franche-comté,0.15,0.15,0.1,0.15,0.1
2649,2649,Chassors,75,Nouvelle-aquitaine,0.15,0.15,0.1,0.15,0.1
2650,2650,Chasteaux,75,Nouvelle-aquitaine,0.15,0.15,0.1,0.15,0.1
2651,2651,Chastel-Nouvel,76,Occitanie,0.15,0.15,0.1,0.15,0.1
2652,2652,Chatou,11,Île-de-france,0.15,0.15,0.1,0.15,0.1
2653,2653,Chatte,84,Auvergne-rhône-alpes,0.15,0.15,0.1,0.15,0.1
2654,2654,Chatuzange-le-Goubet,84,Auvergne-rhône-alpes,0.15,0.15,0.1,0.15,0.1
2655,2655,Chaucenne,27,Bourgogne-franche-comté,0.15,0.15,0.1,0.15,0.1
2656,2656,Chauché,52,Pays De La Loire,0.15,0.15,0.1,0.15,0.1
2657,2657,Chauconin-Neufmontiers,11,Île-de-france,0.15,0.15,0.1,0.15,0.1
2658,2658,Chaudefonds-sur-Layon,52,Pays De La Loire,0.15,0.15,0.1,0.15,0.1
2659,2659,Chaudenay,44,Grand Est,0.15,0.15,0.1,0.15,0.1
2660,2660,Chaudeney-sur-Moselle,44,Grand Est,0.15,0.15,0.1,0.15,0.1
2661,2661,Chaudes-Aigues,84,Auvergne-rhône-alpes,0.15,0.15,0.1,0.15,0.1
2662,2662,Chaudon,24,Centre-val De Loire,0.15,0.15,0.1,0.15,0.1
2663,2663,Chaudron-en-Mauges,52,Pays De La Loire,0.15,0.15,0.1,0.15,0.1
2664,2664,Chauffailles,27,Bourgogne-franche-comté,0.15,0.15,0.1,0.15,0.1
2665,2665,Chauffry,11,Île-de-france,0.15,0.15,0.1,0.15,0.1
2666,2666,Chaufour-Notre-Dame,52,Pays De La Loire,0.15,0.15,0.1,0.15,0.1
2667,2667,Chaulgnes,27,Bourgogne-franche-comté,0.15,0.15,0.1,0.15,0.1
2668,2668,Chaulnes,32,Hauts-de-france,0.15,0.15,0.1,0.15,0.1
2669,2669,Chaumes-en-Brie,11,Île-de-france,0.15,0.15,0.1,0.15,0.1
2670,2670,Chaumont,84,Auvergne-rhône-alpes,0.15,0.15,0.1,0.15,0.1
2671,2671,Chaumont-en-Vexin,32,Hauts-de-france,0.15,0.15,0.1,0.15,0.1
2672,2672,Chaumont-sur-Loire,24,Centre-val De Loire,0.15,0.15,0.1,0.15,0.1
2673,2673,Chaumont-sur-Tharonne,24,Centre-val De Loire,0.15,0.15,0.1,0.15,0.1
2674,2674,Chaumontel,11,Île-de-france,0.15,0.15,0.1,0.15,0.1
2675,2675,Chaumot,27,Bourgogne-franche-comté,0.15,0.15,0.1,0.15,0.1
2676,2676,Chaumousey,44,Grand Est,0.15,0.15,0.1,0.15,0.1
2677,2677,Chaunay,75,Nouvelle-aquitaine,0.15,0.15,0.1,0.15,0.1
2678,2678,Chauny,32,Hauts-de-france,0.15,0.15,0.1,0.15,0.1
2679,2679,Chauray,75,Nouvelle-aquitaine,0.15,0.15,0.1,0.15,0.1
2680,2680,Chauriat,84,Auvergne-rhône-alpes,0.15,0.15,0.1,0.15,0.1
2681,2681,Chaussan,84,Auvergne-rhône-alpes,0.15,0.15,0.1,0.15,0.1
2682,2682,Chaussin,27,Bourgogne-franche-comté,0.15,0.15,0.1,0.15,0.1
2683,2683,Chaussoy-Epagny,32,Hauts-de-france,0.15,0.15,0.1,0.15,0.1
2684,2684,Chaussy,24,Centre-val De Loire,0.15,0.15,0.1,0.15,0.1
2685,2685,Chauvigny,75,Nouvelle-aquitaine,0.15,0.15,0.1,0.15,0.1
2686,2686,Chauvigné,53,Bretagne,0.15,0.15,0.1,0.15,0.1
2687,2687,Chauvé,52,Pays De La Loire,0.15,0.15,0.1,0.15,0.1
2688,2688,Chaux,27,Bourgogne-franche-comté,0.15,0.15,0.1,0.15,0.1
2689,2689,Chavagne,53,Bretagne,0.15,0.15,0.1,0.15,0.1
2690,2690,Chavagnes,52,Pays De La Loire,0.15,0.15,0.1,0.15,0.1
2691,2691,Chavagnes-en-Paillers,52,Pays De La Loire,0.15,0.15,0.1,0.15,0.1
2692,2692,Chavagnes-les-Redoux,52,Pays De La Loire,0.15,0.15,0.1,0.15,0.1
2693,2693,Chavanay,84,Auvergne-rhône-alpes,0.15,0.15,0.1,0.15,0.1
2694,2694,Chavanges,44,Grand Est,0.15,0.15,0.1,0.15,0.1
2695,2695,Chavannes-sur-Reyssouze,84,Auvergne-rhône-alpes,0.15,0.15,0.1,0.15,0.1
2696,2696,Chavannes-sur-Suran,84,Auvergne-rhône-alpes,0.15,0.15,0.1,0.15,0.1
2697,2697,Chavanod,84,Auvergne-rhône-alpes,0.15,0.15,0.1,0.15,0.1
2698,2698,Chavanoz,84,Auvergne-rhône-alpes,0.15,0.15,0.1,0.15,0.1
2699,2699,Chaveignes,24,Centre-val De Loire,0.15,0.15,0.1,0.15,0.1
2700,2700,Chavelot,44,Grand Est,0.15,0.15,0.1,0.15,0.1
2701,2701,Chavenay,11,Île-de-france,0.15,0.15,0.1,0.15,0.1
2702,2702,Chaveyriat,84,Auvergne-rhône-alpes,0.15,0.15,0.1,0.15,0.1
2703,2703,Chavignon,32,Hauts-de-france,0.15,0.15,0.1,0.15,0.1
2704,2704,Chavigny,44,Grand Est,0.15,0.15,0.1,0.15,0.1
2705,2705,Chaville,11,Île-de-france,0.15,0.15,0.1,0.15,0.1
2706,2706,Chazelles,84,Auvergne-rhône-alpes,0.15,0.15,0.1,0.15,0.1
2707,2707,Chazelles-sur-Lyon,84,Auvergne-rhône-alpes,0.15,0.15,0.1,0.15,0.1
2708,2708,Chazey-Bons,84,Auvergne-rhône-alpes,0.15,0.15,0.1,0.15,0.1
2709,2709,Chazey-sur-Ain,84,Auvergne-rhône-alpes,0.15,0.15,0.1,0.15,0.1
2710,2710,Chazé-Henry,52,Pays De La Loire,0.15,0.15,0.1,0.15,0.1
2711,2711,Chazé-sur-Argos,52,Pays De La Loire,0.15,0.15,0.1,0.15,0.1
2712,2712,Chef-Boutonne,75,Nouvelle-aquitaine,0.15,0.15,0.1,0.15,0.1
2713,2713,Chef-du-Pont,28,Normandie,0.15,0.15,0.1,0.15,0.1
2714,2714,Cheffes,52,Pays De La Loire,0.15,0.15,0.1,0.15,0.1
2715,2715,Cheffois,52,Pays De La Loire,0.15,0.15,0.1,0.15,0.1
2716,2716,Cheillé,24,Centre-val De Loire,0.15,0.15,0.1,0.15,0.1
2717,2717,Cheix-en-Retz,52,Pays De La Loire,0.15,0.15,0.1,0.15,0.1
2718,2718,Chelles,32,Hauts-de-france,0.15,0.15,0.1,0.15,0.1
2719,2719,Chemaudin,27,Bourgogne-franche-comté,0.15,0.15,0.1,0.15,0.1
2720,2720,Chemazé,52,Pays De La Loire,0.15,0.15,0.1,0.15,0.1
2721,2721,Chemellier,52,Pays De La Loire,0.15,0.15,0.1,0.15,0.1
2722,2722,Chemilly,84,Auvergne-rhône-alpes,0.15,0.15,0.1,0.15,0.1
2723,2723,Chemilly-sur-Yonne,27,Bourgogne-franche-comté,0.15,0.15,0.1,0.15,0.1
2724,2724,Chemillé-Melay,52,Pays De La Loire,0.15,0.15,0.1,0.15,0.1
2725,2725,Chemillé-sur-Dême,24,Centre-val De Loire,0.15,0.15,0.1,0.15,0.1
2726,2726,Cheminon,44,Grand Est,0.15,0.15,0.1,0.15,0.1
2727,2727,Cheminot,44,Grand Est,0.15,0.15,0.1,0.15,0.1
2728,2728,Chemiré-le-Gaudin,52,Pays De La Loire,0.15,0.15,0.1,0.15,0.1
2729,2729,Chemy,32,Hauts-de-france,0.15,0.15,0.1,0.15,0.1
2730,2730,Chenac-Saint-Seurin-d'Uzet,75,Nouvelle-aquitaine,0.15,0.15,0.1,0.15,0.1
2731,2731,Chenay,75,Nouvelle-aquitaine,0.15,0.15,0.1,0.15,0.1
2732,2732,Chenebier,27,Bourgogne-franche-comté,0.15,0.15,0.1,0.15,0.1
2733,2733,Chenecey-Buillon,27,Bourgogne-franche-comté,0.15,0.15,0.1,0.15,0.1
2734,2734,Chenevières,44,Grand Est,0.15,0.15,0.1,0.15,0.1
2735,2735,Cheniménil,44,Grand Est,0.15,0.15,0.1,0.15,0.1
2736,2736,Chenières,44,Grand Est,0.15,0.15,0.1,0.15,0.1
2737,2737,Chennevières-sur-Marne,11,Île-de-france,0.15,0.15,0.1,0.15,0.1
2738,2738,Chenoise,11,Île-de-france,0.15,0.15,0.1,0.15,0.1
2739,2739,Chens-sur-Léman,84,Auvergne-rhône-alpes,0.15,0.15,0.1,0.15,0.1
2740,2740,Cheny,27,Bourgogne-franche-comté,0.15,0.15,0.1,0.15,0.1
2741,2741,Chenôve,27,Bourgogne-franche-comté,0.15,0.15,0.1,0.15,0.1
2742,2742,Chepniers,75,Nouvelle-aquitaine,0.15,0.15,0.1,0.15,0.1
2743,2743,Cheptainville,11,Île-de-france,0.15,0.15,0.1,0.15,0.1
2744,2744,Cherbourg-Octeville,28,Normandie,0.15,0.15,0.1,0.15,0.1
2745,2745,Cherisy,24,Centre-val De Loire,0.15,0.15,0.1,0.15,0.1
2746,2746,Chermignac,75,Nouvelle-aquitaine,0.15,0.15,0.1,0.15,0.1
2747,2747,Cherreau,52,Pays De La Loire,0.15,0.15,0.1,0.15,0.1
2748,2748,Cherrueix,53,Bretagne,0.15,0.15,0.1,0.15,0.1
2749,2749,Cherré,52,Pays De La Loire,0.15,0.15,0.1,0.15,0.1
2750,2750,Cherveix-Cubas,75,Nouvelle-aquitaine,0.15,0.15,0.1,0.15,0.1
2751,2751,Cherves,75,Nouvelle-aquitaine,0.15,0.15,0.1,0.15,0.1
2752,2752,Cherves-Richemont,75,Nouvelle-aquitaine,0.15,0.15,0.1,0.15,0.1
2753,2753,Cherveux,75,Nouvelle-aquitaine,0.15,0.15,0.1,0.15,0.1
2754,2754,Chessy,84,Auvergne-rhône-alpes,0.15,0.15,0.1,0.15,0.1
2755,2755,Chessy-les-Prés,44,Grand Est,0.15,0.15,0.1,0.15,0.1
2756,2756,Cheux,28,Normandie,0.15,0.15,0.1,0.15,0.1
2757,2757,Chevagnes,84,Auvergne-rhône-alpes,0.15,0.15,0.1,0.15,0.1
2758,2758,Chevaigné,53,Bretagne,0.15,0.15,0.1,0.15,0.1
2759,2759,Cheval-Blanc,93,Provence-alpes-côte D'azur,0.15,0.15,0.1,0.15,0.1
2760,2760,Chevanceaux,75,Nouvelle-aquitaine,0.15,0.15,0.1,0.15,0.1
2761,2761,Chevannes,27,Bourgogne-franche-comté,0.15,0.15,0.1,0.15,0.1
2762,2762,Chevenon,27,Bourgogne-franche-comté,0.15,0.15,0.1,0.15,0.1
2763,2763,Chevenoz,84,Auvergne-rhône-alpes,0.15,0.15,0.1,0.15,0.1
2764,2764,Cheverny,24,Centre-val De Loire,0.15,0.15,0.1,0.15,0.1
2765,2765,Chevigny-Saint-Sauveur,27,Bourgogne-franche-comté,0.15,0.15,0.1,0.15,0.1
2766,2766,Chevillon,44,Grand Est,0.15,0.15,0.1,0.15,0.1
2767,2767,Chevillon-sur-Huillard,24,Centre-val De Loire,0.15,0.15,0.1,0.15,0.1
2768,2768,Chevilly,24,Centre-val De Loire,0.15,0.15,0.1,0.15,0.1
2769,2769,Chevilly-Larue,11,Île-de-france,0.15,0.15,0.1,0.15,0.1
2770,2770,Chevinay,84,Auvergne-rhône-alpes,0.15,0.15,0.1,0.15,0.1
2771,2771,Chevincourt,32,Hauts-de-france,0.15,0.15,0.1,0.15,0.1
2772,2772,Cheviré-le-Rouge,52,Pays De La Loire,0.15,0.15,0.1,0.15,0.1
2773,2773,Chevreuse,11,Île-de-france,0.15,0.15,0.1,0.15,0.1
2774,2774,Chevrières,84,Auvergne-rhône-alpes,0.15,0.15,0.1,0.15,0.1
2775,2775,Chevroux,84,Auvergne-rhône-alpes,0.15,0.15,0.1,0.15,0.1
2776,2776,Chevru,11,Île-de-france,0.15,0.15,0.1,0.15,0.1
2777,2777,Chevry,84,Auvergne-rhône-alpes,0.15,0.15,0.1,0.15,0.1
2778,2778,Chevry-Cossigny,11,Île-de-france,0.15,0.15,0.1,0.15,0.1
2779,2779,Chey,75,Nouvelle-aquitaine,0.15,0.15,0.1,0.15,0.1
2780,2780,Cheyssieu,84,Auvergne-rhône-alpes,0.15,0.15,0.1,0.15,0.1
2781,2781,Chezal-Benoît,24,Centre-val De Loire,0.15,0.15,0.1,0.15,0.1
2782,2782,Chicheboville,28,Normandie,0.15,0.15,0.1,0.15,0.1
2783,2783,Chiché,75,Nouvelle-aquitaine,0.15,0.15,0.1,0.15,0.1
2784,2784,Chierry,32,Hauts-de-france,0.15,0.15,0.1,0.15,0.1
2785,2785,Chignin,84,Auvergne-rhône-alpes,0.15,0.15,0.1,0.15,0.1
2786,2786,Chigny-les-Roses,44,Grand Est,0.15,0.15,0.1,0.15,0.1
2787,2787,Chilleurs-aux-Bois,24,Centre-val De Loire,0.15,0.15,0.1,0.15,0.1
2788,2788,Chilly,84,Auvergne-rhône-alpes,0.15,0.15,0.1,0.15,0.1
2789,2789,Chilly-Mazarin,11,Île-de-france,0.15,0.15,0.1,0.15,0.1
2790,2790,Chimilin,84,Auvergne-rhône-alpes,0.15,0.15,0.1,0.15,0.1
2791,2791,Chindrieux,84,Auvergne-rhône-alpes,0.15,0.15,0.1,0.15,0.1
2792,2792,Chinon,24,Centre-val De Loire,0.15,0.15,0.1,0.15,0.1
2793,2793,Chirac,76,Occitanie,0.15,0.15,0.1,0.15,0.1
2794,2794,Chirens,84,Auvergne-rhône-alpes,0.15,0.15,0.1,0.15,0.1
2795,2795,Chiry-Ourscamp,32,Hauts-de-france,0.15,0.15,0.1,0.15,0.1
2796,2796,Chiré-en-Montreuil,75,Nouvelle-aquitaine,0.15,0.15,0.1,0.15,0.1
2797,2797,Chissay-en-Touraine,24,Centre-val De Loire,0.15,0.15,0.1,0.15,0.1
2798,2798,Chisseaux,24,Centre-val De Loire,0.15,0.15,0.1,0.15,0.1
2799,2799,Chitenay,24,Centre-val De Loire,0.15,0.15,0.1,0.15,0.1
2800,2800,Chivres-Val,32,Hauts-de-france,0.15,0.15,0.1,0.15,0.1
2801,2801,Chivy-lès-Étouvelles,32,Hauts-de-france,0.15,0.15,0.1,0.15,0.1
2802,2802,Chizé,75,Nouvelle-aquitaine,0.15,0.15,0.1,0.15,0.1
2803,2803,Chocques,32,Hauts-de-france,0.15,0.15,0.1,0.15,0.1
2804,2804,Choisel,11,Île-de-france,0.15,0.15,0.1,0.15,0.1
2805,2805,Choisey,27,Bourgogne-franche-comté,0.15,0.15,0.1,0.15,0.1
2806,2806,Choisy,84,Auvergne-rhône-alpes,0.15,0.15,0.1,0.15,0.1
2807,2807,Choisy-au-Bac,32,Hauts-de-france,0.15,0.15,0.1,0.15,0.1
2808,2808,Choisy-en-Brie,11,Île-de-france,0.15,0.15,0.1,0.15,0.1
2809,2809,Choisy-le-Roi,11,Île-de-france,0.15,0.15,0.1,0.15,0.1
2810,2810,Cholet,52,Pays De La Loire,0.15,0.15,0.1,0.15,0.1
2811,2811,Choloy-Ménillot,44,Grand Est,0.15,0.15,0.1,0.15,0.1
2812,2812,Chomelix,84,Auvergne-rhône-alpes,0.15,0.15,0.1,0.15,0.1
2813,2813,Chomérac,84,Auvergne-rhône-alpes,0.15,0.15,0.1,0.15,0.1
2814,2814,Chooz,44,Grand Est,0.15,0.15,0.1,0.15,0.1
2815,2815,Chorey-les-Beaune,27,Bourgogne-franche-comté,0.15,0.15,0.1,0.15,0.1
2816,2816,Chorges,93,Provence-alpes-côte D'azur,0.15,0.15,0.1,0.15,0.1
2817,2817,Choue,24,Centre-val De Loire,0.15,0.15,0.1,0.15,0.1
2818,2818,Chouilly,44,Grand Est,0.15,0.15,0.1,0.15,0.1
2819,2819,Chouppes,75,Nouvelle-aquitaine,0.15,0.15,0.1,0.15,0.1
2820,2820,Chouzy-sur-Cisse,24,Centre-val De Loire,0.15,0.15,0.1,0.15,0.1
2821,2821,Chouzé-sur-Loire,24,Centre-val De Loire,0.15,0.15,0.1,0.15,0.1
2822,2822,Chozeau,84,Auvergne-rhône-alpes,0.15,0.15,0.1,0.15,0.1
2823,2823,Chuelles,24,Centre-val De Loire,0.15,0.15,0.1,0.15,0.1
2824,2824,Chuisnes,24,Centre-val De Loire,0.15,0.15,0.1,0.15,0.1
2825,2825,Chusclan,76,Occitanie,0.15,0.15,0.1,0.15,0.1
2826,2826,Chuyer,84,Auvergne-rhône-alpes,0.15,0.15,0.1,0.15,0.1
2827,2827,Chuzelles,84,Auvergne-rhône-alpes,0.15,0.15,0.1,0.15,0.1
2828,2828,Châbons,84,Auvergne-rhône-alpes,0.15,0.15,0.1,0.15,0.1
2829,2829,Châlette-sur-Loing,24,Centre-val De Loire,0.15,0.15,0.1,0.15,0.1
2830,2830,Châlons-en-Champagne,44,Grand Est,0.15,0.15,0.1,0.15,0.1
2831,2831,Châlonvillars,27,Bourgogne-franche-comté,0.15,0.15,0.1,0.15,0.1
2832,2832,Châlus,75,Nouvelle-aquitaine,0.15,0.15,0.1,0.15,0.1
2833,2833,Chânes,27,Bourgogne-franche-comté,0.15,0.15,0.1,0.15,0.1
2834,2834,Chârost,24,Centre-val De Loire,0.15,0.15,0.1,0.15,0.1
2835,2835,Château-Chervix,75,Nouvelle-aquitaine,0.15,0.15,0.1,0.15,0.1
2836,2836,Château-Gaillard,84,Auvergne-rhône-alpes,0.15,0.15,0.1,0.15,0.1
2837,2837,Château-Garnier,75,Nouvelle-aquitaine,0.15,0.15,0.1,0.15,0.1
2838,2838,Château-Gontier,52,Pays De La Loire,0.15,0.15,0.1,0.15,0.1
2839,2839,Château-Guibert,52,Pays De La Loire,0.15,0.15,0.1,0.15,0.1
2840,2840,Château-Landon,11,Île-de-france,0.15,0.15,0.1,0.15,0.1
2841,2841,Château-Larcher,75,Nouvelle-aquitaine,0.15,0.15,0.1,0.15,0.1
2842,2842,Château-Porcien,44,Grand Est,0.15,0.15,0.1,0.15,0.1
2843,2843,Château-Renard,24,Centre-val De Loire,0.15,0.15,0.1,0.15,0.1
2844,2844,Château-Renault,24,Centre-val De Loire,0.15,0.15,0.1,0.15,0.1
2845,2845,Château-Salins,44,Grand Est,0.15,0.15,0.1,0.15,0.1
2846,2846,Château-Thierry,32,Hauts-de-france,0.15,0.15,0.1,0.15,0.1
2847,2847,Château-du-Loir,52,Pays De La Loire,0.15,0.15,0.1,0.15,0.1
2848,2848,Château-la-Vallière,24,Centre-val De Loire,0.15,0.15,0.1,0.15,0.1
2849,2849,Château-sur-Epte,28,Normandie,0.15,0.15,0.1,0.15,0.1
2850,2850,Châteaubernard,75,Nouvelle-aquitaine,0.15,0.15,0.1,0.15,0.1
2851,2851,Châteaubourg,84,Auvergne-rhône-alpes,0.15,0.15,0.1,0.15,0.1
2852,2852,Châteaubriant,52,Pays De La Loire,0.15,0.15,0.1,0.15,0.1
2853,2853,Châteaudouble,93,Provence-alpes-côte D'azur,0.15,0.15,0.1,0.15,0.1
2854,2854,Châteaudun,24,Centre-val De Loire,0.15,0.15,0.1,0.15,0.1
2855,2855,Châteaufort,93,Provence-alpes-côte D'azur,0.15,0.15,0.1,0.15,0.1
2856,2856,Châteaugay,84,Auvergne-rhône-alpes,0.15,0.15,0.1,0.15,0.1
2857,2857,Châteaugiron,53,Bretagne,0.15,0.15,0.1,0.15,0.1
2858,2858,Châteaulin,53,Bretagne,0.15,0.15,0.1,0.15,0.1
2859,2859,Châteaumeillant,24,Centre-val De Loire,0.15,0.15,0.1,0.15,0.1
2860,2860,Châteauneuf,84,Auvergne-rhône-alpes,0.15,0.15,0.1,0.15,0.1
2861,2861,Châteauneuf-Grasse,93,Provence-alpes-côte D'azur,0.15,0.15,0.1,0.15,0.1
2862,2862,Châteauneuf-Val-de-Bargis,27,Bourgogne-franche-comté,0.15,0.15,0.1,0.15,0.1
2863,2863,Châteauneuf-de-Gadagne,93,Provence-alpes-côte D'azur,0.15,0.15,0.1,0.15,0.1
2864,2864,Châteauneuf-de-Galaure,84,Auvergne-rhône-alpes,0.15,0.15,0.1,0.15,0.1
2865,2865,Châteauneuf-de-Randon,76,Occitanie,0.15,0.15,0.1,0.15,0.1
2866,2866,Châteauneuf-du-Faou,53,Bretagne,0.15,0.15,0.1,0.15,0.1
2867,2867,Châteauneuf-du-Pape,93,Provence-alpes-côte D'azur,0.15,0.15,0.1,0.15,0.1
2868,2868,Châteauneuf-du-Rhône,84,Auvergne-rhône-alpes,0.15,0.15,0.1,0.15,0.1
2869,2869,Châteauneuf-en-Thymerais,24,Centre-val De Loire,0.15,0.15,0.1,0.15,0.1
2870,2870,Châteauneuf-la-Forêt,75,Nouvelle-aquitaine,0.15,0.15,0.1,0.15,0.1
2871,2871,Châteauneuf-le-Rouge,93,Provence-alpes-côte D'azur,0.15,0.15,0.1,0.15,0.1
2872,2872,Châteauneuf-les-Martigues,93,Provence-alpes-côte D'azur,0.15,0.15,0.1,0.15,0.1
2873,2873,Châteauneuf-sur-Charente,75,Nouvelle-aquitaine,0.15,0.15,0.1,0.15,0.1
2874,2874,Châteauneuf-sur-Cher,24,Centre-val De Loire,0.15,0.15,0.1,0.15,0.1
2875,2875,Châteauneuf-sur-Isère,84,Auvergne-rhône-alpes,0.15,0.15,0.1,0.15,0.1
2876,2876,Châteauneuf-sur-Loire,24,Centre-val De Loire,0.15,0.15,0.1,0.15,0.1
2877,2877,Châteauneuf-sur-Sarthe,52,Pays De La Loire,0.15,0.15,0.1,0.15,0.1
2878,2878,Châteauponsac,75,Nouvelle-aquitaine,0.15,0.15,0.1,0.15,0.1
2879,2879,Châteaurenard,93,Provence-alpes-côte D'azur,0.15,0.15,0.1,0.15,0.1
2880,2880,Châteauroux,24,Centre-val De Loire,0.15,0.15,0.1,0.15,0.1
2881,2881,Châteauroux-les-Alpes,93,Provence-alpes-côte D'azur,0.15,0.15,0.1,0.15,0.1
2882,2882,Châteauvieux,93,Provence-alpes-côte D'azur,0.15,0.15,0.1,0.15,0.1
2883,2883,Châteauvilain,84,Auvergne-rhône-alpes,0.15,0.15,0.1,0.15,0.1
2884,2884,Châteauvillain,44,Grand Est,0.15,0.15,0.1,0.15,0.1
2885,2885,Châtel,84,Auvergne-rhône-alpes,0.15,0.15,0.1,0.15,0.1
2886,2886,Châtel-Censoir,27,Bourgogne-franche-comté,0.15,0.15,0.1,0.15,0.1
2887,2887,Châtel-Guyon,84,Auvergne-rhône-alpes,0.15,0.15,0.1,0.15,0.1
2888,2888,Châtel-Saint-Germain,44,Grand Est,0.15,0.15,0.1,0.15,0.1
2889,2889,Châtel-de-Neuvre,84,Auvergne-rhône-alpes,0.15,0.15,0.1,0.15,0.1
2890,2890,Châtel-sur-Moselle,44,Grand Est,0.15,0.15,0.1,0.15,0.1
2891,2891,Châtelaillon-Plage,75,Nouvelle-aquitaine,0.15,0.15,0.1,0.15,0.1
2892,2892,Châtelais,52,Pays De La Loire,0.15,0.15,0.1,0.15,0.1
2893,2893,Châtelaudren,53,Bretagne,0.15,0.15,0.1,0.15,0.1
2894,2894,Châteldon,84,Auvergne-rhône-alpes,0.15,0.15,0.1,0.15,0.1
2895,2895,Châtellerault,75,Nouvelle-aquitaine,0.15,0.15,0.1,0.15,0.1
2896,2896,Châtelus-Malvaleix,75,Nouvelle-aquitaine,0.15,0.15,0.1,0.15,0.1
2897,2897,Châtenay-Malabry,11,Île-de-france,0.15,0.15,0.1,0.15,0.1
2898,2898,Châtenay-sur-Seine,11,Île-de-france,0.15,0.15,0.1,0.15,0.1
2899,2899,Châtenois,44,Grand Est,0.15,0.15,0.1,0.15,0.1
2900,2900,Châtenois-les-Forges,27,Bourgogne-franche-comté,0.15,0.15,0.1,0.15,0.1
2901,2901,Châtenoy-en-Bresse,27,Bourgogne-franche-comté,0.15,0.15,0.1,0.15,0.1
2902,2902,Châtenoy-le-Royal,27,Bourgogne-franche-comté,0.15,0.15,0.1,0.15,0.1
2903,2903,Châtillon,84,Auvergne-rhône-alpes,0.15,0.15,0.1,0.15,0.1
2904,2904,Châtillon-Coligny,24,Centre-val De Loire,0.15,0.15,0.1,0.15,0.1
2905,2905,Châtillon-Saint-Jean,84,Auvergne-rhône-alpes,0.15,0.15,0.1,0.15,0.1
2906,2906,Châtillon-en-Bazois,27,Bourgogne-franche-comté,0.15,0.15,0.1,0.15,0.1
2907,2907,Châtillon-en-Diois,84,Auvergne-rhône-alpes,0.15,0.15,0.1,0.15,0.1
2908,2908,Châtillon-en-Dunois,24,Centre-val De Loire,0.15,0.15,0.1,0.15,0.1
2909,2909,Châtillon-en-Michaille,84,Auvergne-rhône-alpes,0.15,0.15,0.1,0.15,0.1
2910,2910,Châtillon-en-Vendelais,53,Bretagne,0.15,0.15,0.1,0.15,0.1
2911,2911,Châtillon-la-Palud,84,Auvergne-rhône-alpes,0.15,0.15,0.1,0.15,0.1
2912,2912,Châtillon-le-Duc,27,Bourgogne-franche-comté,0.15,0.15,0.1,0.15,0.1
2913,2913,Châtillon-sur-Chalaronne,84,Auvergne-rhône-alpes,0.15,0.15,0.1,0.15,0.1
2914,2914,Châtillon-sur-Cher,24,Centre-val De Loire,0.15,0.15,0.1,0.15,0.1
2915,2915,Châtillon-sur-Cluses,84,Auvergne-rhône-alpes,0.15,0.15,0.1,0.15,0.1
2916,2916,Châtillon-sur-Colmont,52,Pays De La Loire,0.15,0.15,0.1,0.15,0.1
2917,2917,Châtillon-sur-Indre,24,Centre-val De Loire,0.15,0.15,0.1,0.15,0.1
2918,2918,Châtillon-sur-Marne,44,Grand Est,0.15,0.15,0.1,0.15,0.1
2919,2919,Châtillon-sur-Seiche,,MISSING,0.15,0.15,0.1,0.15,0.1
2920,2920,Châtillon-sur-Seine,27,Bourgogne-franche-comté,0.15,0.15,0.1,0.15,0.1
2921,2921,Châtillon-sur-Thouet,75,Nouvelle-aquitaine,0.15,0.15,0.1,0.15,0.1
2922,2922,Châtonnay,84,Auvergne-rhône-alpes,0.15,0.15,0.1,0.15,0.1
2923,2923,Châtres,75,Nouvelle-aquitaine,0.15,0.15,0.1,0.15,0.1
2924,2924,Châtres-la-Forêt,52,Pays De La Loire,0.15,0.15,0.1,0.15,0.1
2925,2925,Châtres-sur-Cher,24,Centre-val De Loire,0.15,0.15,0.1,0.15,0.1
2926,2926,Chèvremont,27,Bourgogne-franche-comté,0.15,0.15,0.1,0.15,0.1
2927,2927,Chécy,24,Centre-val De Loire,0.15,0.15,0.1,0.15,0.1
2928,2928,Chélieu,84,Auvergne-rhône-alpes,0.15,0.15,0.1,0.15,0.1
2929,2929,Chémery,24,Centre-val De Loire,0.15,0.15,0.1,0.15,0.1
2930,2930,Chéméré,52,Pays De La Loire,0.15,0.15,0.1,0.15,0.1
2931,2931,Chéniers,75,Nouvelle-aquitaine,0.15,0.15,0.1,0.15,0.1
2932,2932,Chénérailles,75,Nouvelle-aquitaine,0.15,0.15,0.1,0.15,0.1
2933,2933,Chépy,32,Hauts-de-france,0.15,0.15,0.1,0.15,0.1
2934,2934,Chérac,75,Nouvelle-aquitaine,0.15,0.15,0.1,0.15,0.1
2935,2935,Chéraute,75,Nouvelle-aquitaine,0.15,0.15,0.1,0.15,0.1
2936,2936,Chéreng,32,Hauts-de-france,0.15,0.15,0.1,0.15,0.1
2937,2937,Chéroy,27,Bourgogne-franche-comté,0.15,0.15,0.1,0.15,0.1
2938,2938,Chéry-lès-Pouilly,32,Hauts-de-france,0.15,0.15,0.1,0.15,0.1
2939,2939,Chézeaux,44,Grand Est,0.15,0.15,0.1,0.15,0.1
2940,2940,Chézy-sur-Marne,32,Hauts-de-france,0.15,0.15,0.1,0.15,0.1
2941,2941,Chênehutte-Trèves-Cunault,52,Pays De La Loire,0.15,0.15,0.1,0.15,0.1
2942,2942,Ciboure,75,Nouvelle-aquitaine,0.15,0.15,0.1,0.15,0.1
2943,2943,Ciel,27,Bourgogne-franche-comté,0.15,0.15,0.1,0.15,0.1
2944,2944,Cierp-Gaud,76,Occitanie,0.15,0.15,0.1,0.15,0.1
2945,2945,Cierrey,28,Normandie,0.15,0.15,0.1,0.15,0.1
2946,2946,Cieutat,76,Occitanie,0.15,0.15,0.1,0.15,0.1
2947,2947,Cieux,75,Nouvelle-aquitaine,0.15,0.15,0.1,0.15,0.1
2948,2948,Cinq-Mars-la-Pile,24,Centre-val De Loire,0.15,0.15,0.1,0.15,0.1
2949,2949,Cinqueux,32,Hauts-de-france,0.15,0.15,0.1,0.15,0.1
2950,2950,Cintegabelle,76,Occitanie,0.15,0.15,0.1,0.15,0.1
2951,2951,Cintré,53,Bretagne,0.15,0.15,0.1,0.15,0.1
2952,2952,Cires-lès-Mello,32,Hauts-de-france,0.15,0.15,0.1,0.15,0.1
2953,2953,Cirey-sur-Vezouze,44,Grand Est,0.15,0.15,0.1,0.15,0.1
2954,2954,Ciron,24,Centre-val De Loire,0.15,0.15,0.1,0.15,0.1
2955,2955,Ciry-Salsogne,32,Hauts-de-france,0.15,0.15,0.1,0.15,0.1
2956,2956,Ciry-le-Noble,27,Bourgogne-franche-comté,0.15,0.15,0.1,0.15,0.1
2957,2957,Cissé,75,Nouvelle-aquitaine,0.15,0.15,0.1,0.15,0.1
2958,2958,Citers,27,Bourgogne-franche-comté,0.15,0.15,0.1,0.15,0.1
2959,2959,Citry,11,Île-de-france,0.15,0.15,0.1,0.15,0.1
2960,2960,Civaux,75,Nouvelle-aquitaine,0.15,0.15,0.1,0.15,0.1
2961,2961,Civens,84,Auvergne-rhône-alpes,0.15,0.15,0.1,0.15,0.1
2962,2962,Civrac-de-Blaye,75,Nouvelle-aquitaine,0.15,0.15,0.1,0.15,0.1
2963,2963,Civray,75,Nouvelle-aquitaine,0.15,0.15,0.1,0.15,0.1
2964,2964,Civray-de-Touraine,24,Centre-val De Loire,0.15,0.15,0.1,0.15,0.1
2965,2965,Civrieux,84,Auvergne-rhône-alpes,0.15,0.15,0.1,0.15,0.1
2966,2966,Cize,84,Auvergne-rhône-alpes,0.15,0.15,0.1,0.15,0.1
2967,2967,Claira,76,Occitanie,0.15,0.15,0.1,0.15,0.1
2968,2968,Clairac,75,Nouvelle-aquitaine,0.15,0.15,0.1,0.15,0.1
2969,2969,Clairefontaine-en-Yvelines,11,Île-de-france,0.15,0.15,0.1,0.15,0.1
2970,2970,Clairfontaine,32,Hauts-de-france,0.15,0.15,0.1,0.15,0.1
2971,2971,Clairmarais,32,Hauts-de-france,0.15,0.15,0.1,0.15,0.1
2972,2972,Clairoix,32,Hauts-de-france,0.15,0.15,0.1,0.15,0.1
2973,2973,Clairvaux-les-Lacs,27,Bourgogne-franche-comté,0.15,0.15,0.1,0.15,0.1
2974,2974,Claix,84,Auvergne-rhône-alpes,0.15,0.15,0.1,0.15,0.1
2975,2975,Clamart,11,Île-de-france,0.15,0.15,0.1,0.15,0.1
2976,2976,Clamecy,32,Hauts-de-france,0.15,0.15,0.1,0.15,0.1
2977,2977,Clans,93,Provence-alpes-côte D'azur,0.15,0.15,0.1,0.15,0.1
2978,2978,Clapiers,76,Occitanie,0.15,0.15,0.1,0.15,0.1
2979,2979,Clarac,76,Occitanie,0.15,0.15,0.1,0.15,0.1
2980,2980,Clarensac,76,Occitanie,0.15,0.15,0.1,0.15,0.1
2981,2981,Claret,93,Provence-alpes-côte D'azur,0.15,0.15,0.1,0.15,0.1
2982,2982,Clary,32,Hauts-de-france,0.15,0.15,0.1,0.15,0.1
2983,2983,Clastres,32,Hauts-de-france,0.15,0.15,0.1,0.15,0.1
2984,2984,Claveisolles,84,Auvergne-rhône-alpes,0.15,0.15,0.1,0.15,0.1
2985,2985,Clavette,75,Nouvelle-aquitaine,0.15,0.15,0.1,0.15,0.1
2986,2986,Claveyson,84,Auvergne-rhône-alpes,0.15,0.15,0.1,0.15,0.1
2987,2987,Claviers,93,Provence-alpes-côte D'azur,0.15,0.15,0.1,0.15,0.1
2988,2988,Claville,28,Normandie,0.15,0.15,0.1,0.15,0.1
2989,2989,Claye-Souilly,11,Île-de-france,0.15,0.15,0.1,0.15,0.1
2990,2990,Clayes,53,Bretagne,0.15,0.15,0.1,0.15,0.1
2991,2991,Clefs-Val d'Anjou,52,Pays De La Loire,0.15,0.15,0.1,0.15,0.1
2992,2992,Clermont,84,Auvergne-rhône-alpes,0.15,0.15,0.1,0.15,0.1
2993,2993,Clermont-Créans,52,Pays De La Loire,0.15,0.15,0.1,0.15,0.1
2994,2994,Clermont-Dessous,75,Nouvelle-aquitaine,0.15,0.15,0.1,0.15,0.1
2995,2995,Clermont-Ferrand,84,Auvergne-rhône-alpes,0.15,0.15,0.1,0.15,0.1
2996,2996,Clermont-en-Argonne,44,Grand Est,0.15,0.15,0.1,0.15,0.1
2997,2997,Clermont-le-Fort,76,Occitanie,0.15,0.15,0.1,0.15,0.1
2998,2998,Clerval,27,Bourgogne-franche-comté,0.15,0.15,0.1,0.15,0.1
2999,2999,Clesles,44,Grand Est,0.15,0.15,0.1,0.15,0.1
3000,3000,Clessé,75,Nouvelle-aquitaine,0.15,0.15,0.1,0.15,0.1
3001,3001,Clichy,11,Île-de-france,0.15,0.15,0.1,0.15,0.1
3002,3002,Clichy-sous-Bois,11,Île-de-france,0.15,0.15,0.1,0.15,0.1
3003,3003,Climbach,44,Grand Est,0.15,0.15,0.1,0.15,0.1
3004,3004,Clinchamps-sur-Orne,28,Normandie,0.15,0.15,0.1,0.15,0.1
3005,3005,Clion,75,Nouvelle-aquitaine,0.15,0.15,0.1,0.15,0.1
3006,3006,Cliousclat,84,Auvergne-rhône-alpes,0.15,0.15,0.1,0.15,0.1
3007,3007,Clisson,52,Pays De La Loire,0.15,0.15,0.1,0.15,0.1
3008,3008,Clohars-Carnoët,53,Bretagne,0.15,0.15,0.1,0.15,0.1
3009,3009,Clohars-Fouesnant,53,Bretagne,0.15,0.15,0.1,0.15,0.1
3010,3010,Clonas-sur-Varèze,84,Auvergne-rhône-alpes,0.15,0.15,0.1,0.15,0.1
3011,3011,Clouange,44,Grand Est,0.15,0.15,0.1,0.15,0.1
3012,3012,Cloyes-sur-le-Loir,24,Centre-val De Loire,0.15,0.15,0.1,0.15,0.1
3013,3013,Clugnat,75,Nouvelle-aquitaine,0.15,0.15,0.1,0.15,0.1
3014,3014,Cluis,24,Centre-val De Loire,0.15,0.15,0.1,0.15,0.1
3015,3015,Cluny,27,Bourgogne-franche-comté,0.15,0.15,0.1,0.15,0.1
3016,3016,Cluses,84,Auvergne-rhône-alpes,0.15,0.15,0.1,0.15,0.1
3017,3017,Clussais,,MISSING,0.15,0.15,0.1,0.15,0.1
3018,3018,Clères,28,Normandie,0.15,0.15,0.1,0.15,0.1
3019,3019,Clécy,28,Normandie,0.15,0.15,0.1,0.15,0.1
3020,3020,Cléden-Cap-Sizun,53,Bretagne,0.15,0.15,0.1,0.15,0.1
3021,3021,Cléden-Poher,53,Bretagne,0.15,0.15,0.1,0.15,0.1
3022,3022,Cléder,53,Bretagne,0.15,0.15,0.1,0.15,0.1
3023,3023,Cléguer,53,Bretagne,0.15,0.15,0.1,0.15,0.1
3024,3024,Cléguérec,53,Bretagne,0.15,0.15,0.1,0.15,0.1
3025,3025,Clémont,24,Centre-val De Loire,0.15,0.15,0.1,0.15,0.1
3026,3026,Clénay,27,Bourgogne-franche-comté,0.15,0.15,0.1,0.15,0.1
3027,3027,Cléon,28,Normandie,0.15,0.15,0.1,0.15,0.1
3028,3028,Clérac,75,Nouvelle-aquitaine,0.15,0.15,0.1,0.15,0.1
3029,3029,Clérey,44,Grand Est,0.15,0.15,0.1,0.15,0.1
3030,3030,Clérieux,84,Auvergne-rhône-alpes,0.15,0.15,0.1,0.15,0.1
3031,3031,Cléry-Saint-André,24,Centre-val De Loire,0.15,0.15,0.1,0.15,0.1
3032,3032,Cléry-sur-Somme,32,Hauts-de-france,0.15,0.15,0.1,0.15,0.1
3033,3033,Cléré-les-Pins,24,Centre-val De Loire,0.15,0.15,0.1,0.15,0.1
3034,3034,Cléty,32,Hauts-de-france,0.15,0.15,0.1,0.15,0.1
3035,3035,Clévilliers,24,Centre-val De Loire,0.15,0.15,0.1,0.15,0.1
3036,3036,Coadout,53,Bretagne,0.15,0.15,0.1,0.15,0.1
3037,3037,Coaraze,93,Provence-alpes-côte D'azur,0.15,0.15,0.1,0.15,0.1
3038,3038,Coarraze,75,Nouvelle-aquitaine,0.15,0.15,0.1,0.15,0.1
3039,3039,Coat-Méal,53,Bretagne,0.15,0.15,0.1,0.15,0.1
3040,3040,Cobrieux,32,Hauts-de-france,0.15,0.15,0.1,0.15,0.1
3041,3041,Cocherel,11,Île-de-france,0.15,0.15,0.1,0.15,0.1
3042,3042,Cocheren,44,Grand Est,0.15,0.15,0.1,0.15,0.1
3043,3043,Cocumont,75,Nouvelle-aquitaine,0.15,0.15,0.1,0.15,0.1
3044,3044,Codognan,76,Occitanie,0.15,0.15,0.1,0.15,0.1
3045,3045,Codolet,76,Occitanie,0.15,0.15,0.1,0.15,0.1
3046,3046,Coglès,53,Bretagne,0.15,0.15,0.1,0.15,0.1
3047,3047,Cognac,75,Nouvelle-aquitaine,0.15,0.15,0.1,0.15,0.1
3048,3048,Cognac-la-Forêt,75,Nouvelle-aquitaine,0.15,0.15,0.1,0.15,0.1
3049,3049,Cognat-Lyonne,84,Auvergne-rhône-alpes,0.15,0.15,0.1,0.15,0.1
3050,3050,Cognin,84,Auvergne-rhône-alpes,0.15,0.15,0.1,0.15,0.1
3051,3051,Cognin-les-Gorges,84,Auvergne-rhône-alpes,0.15,0.15,0.1,0.15,0.1
3052,3052,Cogny,84,Auvergne-rhône-alpes,0.15,0.15,0.1,0.15,0.1
3053,3053,Cogolin,93,Provence-alpes-côte D'azur,0.15,0.15,0.1,0.15,0.1
3054,3054,Cohade,84,Auvergne-rhône-alpes,0.15,0.15,0.1,0.15,0.1
3055,3055,Coignières,11,Île-de-france,0.15,0.15,0.1,0.15,0.1
3056,3056,Coimères,75,Nouvelle-aquitaine,0.15,0.15,0.1,0.15,0.1
3057,3057,Coin-lès-Cuvry,44,Grand Est,0.15,0.15,0.1,0.15,0.1
3058,3058,Coincy,44,Grand Est,0.15,0.15,0.1,0.15,0.1
3059,3059,Coings,24,Centre-val De Loire,0.15,0.15,0.1,0.15,0.1
3060,3060,Coise,84,Auvergne-rhône-alpes,0.15,0.15,0.1,0.15,0.1
3061,3061,Colayrac-Saint-Cirq,75,Nouvelle-aquitaine,0.15,0.15,0.1,0.15,0.1
3062,3062,Colembert,32,Hauts-de-france,0.15,0.15,0.1,0.15,0.1
3063,3063,Coligny,84,Auvergne-rhône-alpes,0.15,0.15,0.1,0.15,0.1
3064,3064,Collemiers,27,Bourgogne-franche-comté,0.15,0.15,0.1,0.15,0.1
3065,3065,Colleret,32,Hauts-de-france,0.15,0.15,0.1,0.15,0.1
3066,3066,Colleville,28,Normandie,0.15,0.15,0.1,0.15,0.1
3067,3067,Colleville-Montgomery,28,Normandie,0.15,0.15,0.1,0.15,0.1
3068,3068,Collias,76,Occitanie,0.15,0.15,0.1,0.15,0.1
3069,3069,Collinée,53,Bretagne,0.15,0.15,0.1,0.15,0.1
3070,3070,Collioure,76,Occitanie,0.15,0.15,0.1,0.15,0.1
3071,3071,Collobrières,93,Provence-alpes-côte D'azur,0.15,0.15,0.1,0.15,0.1
3072,3072,Collonges,84,Auvergne-rhône-alpes,0.15,0.15,0.1,0.15,0.1
3073,3073,Collonges-lès-Premières,27,Bourgogne-franche-comté,0.15,0.15,0.1,0.15,0.1
3074,3074,Collonges-sous-Salève,84,Auvergne-rhône-alpes,0.15,0.15,0.1,0.15,0.1
3075,3075,Collorec,53,Bretagne,0.15,0.15,0.1,0.15,0.1
3076,3076,Collégien,11,Île-de-france,0.15,0.15,0.1,0.15,0.1
3077,3077,Colmar,44,Grand Est,0.15,0.15,0.1,0.15,0.1
3078,3078,Cologne,76,Occitanie,0.15,0.15,0.1,0.15,0.1
3079,3079,Colomars,93,Provence-alpes-côte D'azur,0.15,0.15,0.1,0.15,0.1
3080,3080,Colombe,84,Auvergne-rhône-alpes,0.15,0.15,0.1,0.15,0.1
3081,3081,Colombelles,28,Normandie,0.15,0.15,0.1,0.15,0.1
3082,3082,Colombes,11,Île-de-france,0.15,0.15,0.1,0.15,0.1
3083,3083,Colombey-les-Belles,44,Grand Est,0.15,0.15,0.1,0.15,0.1
3084,3084,Colombey-les-Deux-Églises,44,Grand Est,0.15,0.15,0.1,0.15,0.1
3085,3085,Colombier-Fontaine,27,Bourgogne-franche-comté,0.15,0.15,0.1,0.15,0.1
3086,3086,Colombier-le-Jeune,84,Auvergne-rhône-alpes,0.15,0.15,0.1,0.15,0.1
3087,3087,Colombier-le-Vieux,84,Auvergne-rhône-alpes,0.15,0.15,0.1,0.15,0.1
3088,3088,Colombiers,76,Occitanie,0.15,0.15,0.1,0.15,0.1
3089,3089,Colombiers-du-Plessis,52,Pays De La Loire,0.15,0.15,0.1,0.15,0.1
3090,3090,Colombiès,76,Occitanie,0.15,0.15,0.1,0.15,0.1
3091,3091,Colomiers,76,Occitanie,0.15,0.15,0.1,0.15,0.1
3092,3092,Colpo,53,Bretagne,0.15,0.15,0.1,0.15,0.1
3093,3093,Colroy-la-Grande,44,Grand Est,0.15,0.15,0.1,0.15,0.1
3094,3094,Coltainville,24,Centre-val De Loire,0.15,0.15,0.1,0.15,0.1
3095,3095,Combaillaux,76,Occitanie,0.15,0.15,0.1,0.15,0.1
3096,3096,Combeaufontaine,27,Bourgogne-franche-comté,0.15,0.15,0.1,0.15,0.1
3097,3097,Comblanchien,27,Bourgogne-franche-comté,0.15,0.15,0.1,0.15,0.1
3098,3098,Combles,32,Hauts-de-france,0.15,0.15,0.1,0.15,0.1
3099,3099,Combles-en-Barrois,44,Grand Est,0.15,0.15,0.1,0.15,0.1
3100,3100,Comblessac,53,Bretagne,0.15,0.15,0.1,0.15,0.1
3101,3101,Combloux,84,Auvergne-rhône-alpes,0.15,0.15,0.1,0.15,0.1
3102,3102,Combon,28,Normandie,0.15,0.15,0.1,0.15,0.1
3103,3103,Combourg,53,Bretagne,0.15,0.15,0.1,0.15,0.1
3104,3104,Combrand,75,Nouvelle-aquitaine,0.15,0.15,0.1,0.15,0.1
3105,3105,Combrit,53,Bretagne,0.15,0.15,0.1,0.15,0.1
3106,3106,Combronde,84,Auvergne-rhône-alpes,0.15,0.15,0.1,0.15,0.1
3107,3107,Combrée,52,Pays De La Loire,0.15,0.15,0.1,0.15,0.1
3108,3108,Combs-la-Ville,11,Île-de-france,0.15,0.15,0.1,0.15,0.1
3109,3109,Comines,32,Hauts-de-france,0.15,0.15,0.1,0.15,0.1
3110,3110,Commana,53,Bretagne,0.15,0.15,0.1,0.15,0.1
3111,3111,Commelle,84,Auvergne-rhône-alpes,0.15,0.15,0.1,0.15,0.1
3112,3112,Commenailles,27,Bourgogne-franche-comté,0.15,0.15,0.1,0.15,0.1
3113,3113,Commentry,84,Auvergne-rhône-alpes,0.15,0.15,0.1,0.15,0.1
3114,3114,Commequiers,52,Pays De La Loire,0.15,0.15,0.1,0.15,0.1
3115,3115,Commer,52,Pays De La Loire,0.15,0.15,0.1,0.15,0.1
3116,3116,Commercy,44,Grand Est,0.15,0.15,0.1,0.15,0.1
3117,3117,Communay,84,Auvergne-rhône-alpes,0.15,0.15,0.1,0.15,0.1
3118,3118,Compans,11,Île-de-france,0.15,0.15,0.1,0.15,0.1
3119,3119,Compertrix,44,Grand Est,0.15,0.15,0.1,0.15,0.1
3120,3120,Compeyre,76,Occitanie,0.15,0.15,0.1,0.15,0.1
3121,3121,Compiègne,32,Hauts-de-france,0.15,0.15,0.1,0.15,0.1
3122,3122,Compreignac,75,Nouvelle-aquitaine,0.15,0.15,0.1,0.15,0.1
3123,3123,Comps,84,Auvergne-rhône-alpes,0.15,0.15,0.1,0.15,0.1
3124,3124,Conca,94,Corse,0.15,0.15,0.1,0.15,0.1
3125,3125,Concarneau,53,Bretagne,0.15,0.15,0.1,0.15,0.1
3126,3126,Conches-en-Ouche,28,Normandie,0.15,0.15,0.1,0.15,0.1
3127,3127,Conches-sur-Gondoire,11,Île-de-france,0.15,0.15,0.1,0.15,0.1
3128,3128,Conchil-le-Temple,32,Hauts-de-france,0.15,0.15,0.1,0.15,0.1
3129,3129,Conchy-les-Pots,32,Hauts-de-france,0.15,0.15,0.1,0.15,0.1
3130,3130,Concoret,53,Bretagne,0.15,0.15,0.1,0.15,0.1
3131,3131,Concourson-sur-Layon,52,Pays De La Loire,0.15,0.15,0.1,0.15,0.1
3132,3132,Concremiers,24,Centre-val De Loire,0.15,0.15,0.1,0.15,0.1
3133,3133,Condat,84,Auvergne-rhône-alpes,0.15,0.15,0.1,0.15,0.1
3134,3134,Condat-sur-Ganaveix,75,Nouvelle-aquitaine,0.15,0.15,0.1,0.15,0.1
3135,3135,Condat-sur-Vienne,75,Nouvelle-aquitaine,0.15,0.15,0.1,0.15,0.1
3136,3136,Condat-sur-Vézère,75,Nouvelle-aquitaine,0.15,0.15,0.1,0.15,0.1
3137,3137,Condeissiat,84,Auvergne-rhône-alpes,0.15,0.15,0.1,0.15,0.1
3138,3138,Condette,32,Hauts-de-france,0.15,0.15,0.1,0.15,0.1
3139,3139,Condezaygues,75,Nouvelle-aquitaine,0.15,0.15,0.1,0.15,0.1
3140,3140,Condom,76,Occitanie,0.15,0.15,0.1,0.15,0.1
3141,3141,Condorcet,84,Auvergne-rhône-alpes,0.15,0.15,0.1,0.15,0.1
3142,3142,Condren,32,Hauts-de-france,0.15,0.15,0.1,0.15,0.1
3143,3143,Condrieu,84,Auvergne-rhône-alpes,0.15,0.15,0.1,0.15,0.1
3144,3144,Condé,44,Grand Est,0.15,0.15,0.1,0.15,0.1
3145,3145,Condé-Folie,32,Hauts-de-france,0.15,0.15,0.1,0.15,0.1
3146,3146,Condé-Sainte-Libiaire,11,Île-de-france,0.15,0.15,0.1,0.15,0.1
3147,3147,Condé-en-Brie,32,Hauts-de-france,0.15,0.15,0.1,0.15,0.1
3148,3148,Condé-sur-Huisne,28,Normandie,0.15,0.15,0.1,0.15,0.1
3149,3149,Condé-sur-Marne,44,Grand Est,0.15,0.15,0.1,0.15,0.1
3150,3150,Condé-sur-Noireau,28,Normandie,0.15,0.15,0.1,0.15,0.1
3151,3151,Condé-sur-Sarthe,28,Normandie,0.15,0.15,0.1,0.15,0.1
3152,3152,Condé-sur-Vesgre,11,Île-de-france,0.15,0.15,0.1,0.15,0.1
3153,3153,Condé-sur-Vire,28,Normandie,0.15,0.15,0.1,0.15,0.1
3154,3154,Condécourt,11,Île-de-france,0.15,0.15,0.1,0.15,0.1
3155,3155,Condéon,75,Nouvelle-aquitaine,0.15,0.15,0.1,0.15,0.1
3156,3156,Conflans-Sainte-Honorine,11,Île-de-france,0.15,0.15,0.1,0.15,0.1
3157,3157,Conflans-en-Jarnisy,44,Grand Est,0.15,0.15,0.1,0.15,0.1
3158,3158,Conflans-sur-Anille,52,Pays De La Loire,0.15,0.15,0.1,0.15,0.1
3159,3159,Conflans-sur-Lanterne,27,Bourgogne-franche-comté,0.15,0.15,0.1,0.15,0.1
3160,3160,Conflans-sur-Seine,44,Grand Est,0.15,0.15,0.1,0.15,0.1
3161,3161,Confolens,75,Nouvelle-aquitaine,0.15,0.15,0.1,0.15,0.1
3162,3162,Confort,84,Auvergne-rhône-alpes,0.15,0.15,0.1,0.15,0.1
3163,3163,Confort-Meilars,53,Bretagne,0.15,0.15,0.1,0.15,0.1
3164,3164,Confrançon,84,Auvergne-rhône-alpes,0.15,0.15,0.1,0.15,0.1
3165,3165,Congis-sur-Thérouanne,11,Île-de-france,0.15,0.15,0.1,0.15,0.1
3166,3166,Congrier,52,Pays De La Loire,0.15,0.15,0.1,0.15,0.1
3167,3167,Congénies,76,Occitanie,0.15,0.15,0.1,0.15,0.1
3168,3168,Conilhac-Corbières,76,Occitanie,0.15,0.15,0.1,0.15,0.1
3169,3169,Conlie,52,Pays De La Loire,0.15,0.15,0.1,0.15,0.1
3170,3170,Conliège,27,Bourgogne-franche-comté,0.15,0.15,0.1,0.15,0.1
3171,3171,Connantre,44,Grand Est,0.15,0.15,0.1,0.15,0.1
3172,3172,Connaux,76,Occitanie,0.15,0.15,0.1,0.15,0.1
3173,3173,Connerré,52,Pays De La Loire,0.15,0.15,0.1,0.15,0.1
3174,3174,Conquereuil,52,Pays De La Loire,0.15,0.15,0.1,0.15,0.1
3175,3175,Conques-sur-Orbiel,76,Occitanie,0.15,0.15,0.1,0.15,0.1
3176,3176,Cons-la-Grandville,44,Grand Est,0.15,0.15,0.1,0.15,0.1
3177,3177,Contamine-sur-Arve,84,Auvergne-rhône-alpes,0.15,0.15,0.1,0.15,0.1
3178,3178,Contes,93,Provence-alpes-côte D'azur,0.15,0.15,0.1,0.15,0.1
3179,3179,Contest,52,Pays De La Loire,0.15,0.15,0.1,0.15,0.1
3180,3180,Conteville,32,Hauts-de-france,0.15,0.15,0.1,0.15,0.1
3181,3181,Contigny,84,Auvergne-rhône-alpes,0.15,0.15,0.1,0.15,0.1
3182,3182,Contigné,52,Pays De La Loire,0.15,0.15,0.1,0.15,0.1
3183,3183,Contres,24,Centre-val De Loire,0.15,0.15,0.1,0.15,0.1
3184,3184,Contrexéville,44,Grand Est,0.15,0.15,0.1,0.15,0.1
3185,3185,Contrisson,44,Grand Est,0.15,0.15,0.1,0.15,0.1
3186,3186,Conty,32,Hauts-de-france,0.15,0.15,0.1,0.15,0.1
3187,3187,Copponex,84,Auvergne-rhône-alpes,0.15,0.15,0.1,0.15,0.1
3188,3188,Coquainvilliers,28,Normandie,0.15,0.15,0.1,0.15,0.1
3189,3189,Coquelles,32,Hauts-de-france,0.15,0.15,0.1,0.15,0.1
3190,3190,Coray,53,Bretagne,0.15,0.15,0.1,0.15,0.1
3191,3191,Corbara,94,Corse,0.15,0.15,0.1,0.15,0.1
3192,3192,Corbarieu,76,Occitanie,0.15,0.15,0.1,0.15,0.1
3193,3193,Corbas,84,Auvergne-rhône-alpes,0.15,0.15,0.1,0.15,0.1
3194,3194,Corbehem,32,Hauts-de-france,0.15,0.15,0.1,0.15,0.1
3195,3195,Corbeil-Essonnes,11,Île-de-france,0.15,0.15,0.1,0.15,0.1
3196,3196,Corbeilles,24,Centre-val De Loire,0.15,0.15,0.1,0.15,0.1
3197,3197,Corbelin,84,Auvergne-rhône-alpes,0.15,0.15,0.1,0.15,0.1
3198,3198,Corbenay,27,Bourgogne-franche-comté,0.15,0.15,0.1,0.15,0.1
3199,3199,Corbeny,32,Hauts-de-france,0.15,0.15,0.1,0.15,0.1
3200,3200,Corbie,32,Hauts-de-france,0.15,0.15,0.1,0.15,0.1
3201,3201,Corbigny,27,Bourgogne-franche-comté,0.15,0.15,0.1,0.15,0.1
3202,3202,Corbonod,84,Auvergne-rhône-alpes,0.15,0.15,0.1,0.15,0.1
3203,3203,Corbreuse,11,Île-de-france,0.15,0.15,0.1,0.15,0.1
3204,3204,Corbère,76,Occitanie,0.15,0.15,0.1,0.15,0.1
3205,3205,Corbère-les-Cabanes,76,Occitanie,0.15,0.15,0.1,0.15,0.1
3206,3206,Corcelles-en-Beaujolais,84,Auvergne-rhône-alpes,0.15,0.15,0.1,0.15,0.1
3207,3207,Corcelles-les-Monts,27,Bourgogne-franche-comté,0.15,0.15,0.1,0.15,0.1
3208,3208,Corcelles-lès-Cîteaux,27,Bourgogne-franche-comté,0.15,0.15,0.1,0.15,0.1
3209,3209,Corcieux,44,Grand Est,0.15,0.15,0.1,0.15,0.1
3210,3210,Corconne,76,Occitanie,0.15,0.15,0.1,0.15,0.1
3211,3211,Corcoué-sur-Logne,52,Pays De La Loire,0.15,0.15,0.1,0.15,0.1
3212,3212,Cordelle,84,Auvergne-rhône-alpes,0.15,0.15,0.1,0.15,0.1
3213,3213,Cordemais,52,Pays De La Loire,0.15,0.15,0.1,0.15,0.1
3214,3214,Cordes-sur-Ciel,76,Occitanie,0.15,0.15,0.1,0.15,0.1
3215,3215,Cordon,84,Auvergne-rhône-alpes,0.15,0.15,0.1,0.15,0.1
3216,3216,Corenc,84,Auvergne-rhône-alpes,0.15,0.15,0.1,0.15,0.1
3217,3217,Corent,84,Auvergne-rhône-alpes,0.15,0.15,0.1,0.15,0.1
3218,3218,Corgoloin,27,Bourgogne-franche-comté,0.15,0.15,0.1,0.15,0.1
3219,3219,Corlay,53,Bretagne,0.15,0.15,0.1,0.15,0.1
3220,3220,Cormaranche-en-Bugey,84,Auvergne-rhône-alpes,0.15,0.15,0.1,0.15,0.1
3221,3221,Corme-Royal,75,Nouvelle-aquitaine,0.15,0.15,0.1,0.15,0.1
3222,3222,Corme-Écluse,75,Nouvelle-aquitaine,0.15,0.15,0.1,0.15,0.1
3223,3223,Cormeilles,32,Hauts-de-france,0.15,0.15,0.1,0.15,0.1
3224,3224,Cormeilles-en-Parisis,11,Île-de-france,0.15,0.15,0.1,0.15,0.1
3225,3225,Cormeilles-en-Vexin,11,Île-de-france,0.15,0.15,0.1,0.15,0.1
3226,3226,Cormelles-le-Royal,28,Normandie,0.15,0.15,0.1,0.15,0.1
3227,3227,Cormenon,24,Centre-val De Loire,0.15,0.15,0.1,0.15,0.1
3228,3228,Cormeray,24,Centre-val De Loire,0.15,0.15,0.1,0.15,0.1
3229,3229,Cormery,24,Centre-val De Loire,0.15,0.15,0.1,0.15,0.1
3230,3230,Cormes,52,Pays De La Loire,0.15,0.15,0.1,0.15,0.1
3231,3231,Cormicy,44,Grand Est,0.15,0.15,0.1,0.15,0.1
3232,3232,Cormontreuil,44,Grand Est,0.15,0.15,0.1,0.15,0.1
3233,3233,Cormoranche-sur-Saône,84,Auvergne-rhône-alpes,0.15,0.15,0.1,0.15,0.1
3234,3234,Cormoz,84,Auvergne-rhône-alpes,0.15,0.15,0.1,0.15,0.1
3235,3235,Cornas,84,Auvergne-rhône-alpes,0.15,0.15,0.1,0.15,0.1
3236,3236,Cornebarrieu,76,Occitanie,0.15,0.15,0.1,0.15,0.1
3237,3237,Corneilhan,76,Occitanie,0.15,0.15,0.1,0.15,0.1
3238,3238,Corneilla-del-Vercol,76,Occitanie,0.15,0.15,0.1,0.15,0.1
3239,3239,Corneilla-la-Rivière,76,Occitanie,0.15,0.15,0.1,0.15,0.1
3240,3240,Corneville-sur-Risle,28,Normandie,0.15,0.15,0.1,0.15,0.1
3241,3241,Cornier,84,Auvergne-rhône-alpes,0.15,0.15,0.1,0.15,0.1
3242,3242,Cornil,75,Nouvelle-aquitaine,0.15,0.15,0.1,0.15,0.1
3243,3243,Cornille,75,Nouvelle-aquitaine,0.15,0.15,0.1,0.15,0.1
3244,3244,Cornillon,76,Occitanie,0.15,0.15,0.1,0.15,0.1
3245,3245,Cornillon-Confoux,93,Provence-alpes-côte D'azur,0.15,0.15,0.1,0.15,0.1
3246,3246,Cornillé,53,Bretagne,0.15,0.15,0.1,0.15,0.1
3247,3247,Cornimont,44,Grand Est,0.15,0.15,0.1,0.15,0.1
3248,3248,Corny-sur-Moselle,44,Grand Est,0.15,0.15,0.1,0.15,0.1
3249,3249,Corné,52,Pays De La Loire,0.15,0.15,0.1,0.15,0.1
3250,3250,Coron,52,Pays De La Loire,0.15,0.15,0.1,0.15,0.1
3251,3251,Corpe,52,Pays De La Loire,0.15,0.15,0.1,0.15,0.1
3252,3252,Corpeau,27,Bourgogne-franche-comté,0.15,0.15,0.1,0.15,0.1
3253,3253,Corps-Nuds,53,Bretagne,0.15,0.15,0.1,0.15,0.1
3254,3254,Corquilleroy,24,Centre-val De Loire,0.15,0.15,0.1,0.15,0.1
3255,3255,Corre,27,Bourgogne-franche-comté,0.15,0.15,0.1,0.15,0.1
3256,3256,Correns,93,Provence-alpes-côte D'azur,0.15,0.15,0.1,0.15,0.1
3257,3257,Corronsac,76,Occitanie,0.15,0.15,0.1,0.15,0.1
3258,3258,Corrèze,75,Nouvelle-aquitaine,0.15,0.15,0.1,0.15,0.1
3259,3259,Corsept,52,Pays De La Loire,0.15,0.15,0.1,0.15,0.1
3260,3260,Corseul,53,Bretagne,0.15,0.15,0.1,0.15,0.1
3261,3261,Corte,94,Corse,0.15,0.15,0.1,0.15,0.1
3262,3262,Corveissiat,84,Auvergne-rhône-alpes,0.15,0.15,0.1,0.15,0.1
3263,3263,Corzé,52,Pays De La Loire,0.15,0.15,0.1,0.15,0.1
3264,3264,Cosnac,75,Nouvelle-aquitaine,0.15,0.15,0.1,0.15,0.1
3265,3265,Cosne-Cours-sur-Loire,27,Bourgogne-franche-comté,0.15,0.15,0.1,0.15,0.1
3266,3266,Cosnes,44,Grand Est,0.15,0.15,0.1,0.15,0.1
3267,3267,Cosqueville,28,Normandie,0.15,0.15,0.1,0.15,0.1
3268,3268,Cossaye,27,Bourgogne-franche-comté,0.15,0.15,0.1,0.15,0.1
3269,3269,Cosswiller,44,Grand Est,0.15,0.15,0.1,0.15,0.1
3270,3270,Cossé-le-Vivien,52,Pays De La Loire,0.15,0.15,0.1,0.15,0.1
3271,3271,Costaros,84,Auvergne-rhône-alpes,0.15,0.15,0.1,0.15,0.1
3272,3272,Coti-Chiavari,94,Corse,0.15,0.15,0.1,0.15,0.1
3273,3273,Cotignac,93,Provence-alpes-côte D'azur,0.15,0.15,0.1,0.15,0.1
3274,3274,Cottance,84,Auvergne-rhône-alpes,0.15,0.15,0.1,0.15,0.1
3275,3275,Cottenchy,32,Hauts-de-france,0.15,0.15,0.1,0.15,0.1
3276,3276,Coubert,11,Île-de-france,0.15,0.15,0.1,0.15,0.1
3277,3277,Coubisou,76,Occitanie,0.15,0.15,0.1,0.15,0.1
3278,3278,Coublanc,44,Grand Est,0.15,0.15,0.1,0.15,0.1
3279,3279,Coublevie,84,Auvergne-rhône-alpes,0.15,0.15,0.1,0.15,0.1
3280,3280,Coubon,84,Auvergne-rhône-alpes,0.15,0.15,0.1,0.15,0.1
3281,3281,Coubron,11,Île-de-france,0.15,0.15,0.1,0.15,0.1
3282,3282,Couches,27,Bourgogne-franche-comté,0.15,0.15,0.1,0.15,0.1
3283,3283,Couchey,27,Bourgogne-franche-comté,0.15,0.15,0.1,0.15,0.1
3284,3284,Coucouron,84,Auvergne-rhône-alpes,0.15,0.15,0.1,0.15,0.1
3285,3285,Coucy-le-Château-Auffrique,32,Hauts-de-france,0.15,0.15,0.1,0.15,0.1
3286,3286,Coucy-lès-Eppes,32,Hauts-de-france,0.15,0.15,0.1,0.15,0.1
3287,3287,Couddes,24,Centre-val De Loire,0.15,0.15,0.1,0.15,0.1
3288,3288,Coudekerque-Branche,32,Hauts-de-france,0.15,0.15,0.1,0.15,0.1
3289,3289,Coudekerque-Village,32,Hauts-de-france,0.15,0.15,0.1,0.15,0.1
3290,3290,Coudes,84,Auvergne-rhône-alpes,0.15,0.15,0.1,0.15,0.1
3291,3291,Coudeville-sur-Mer,28,Normandie,0.15,0.15,0.1,0.15,0.1
3292,3292,Coudoux,93,Provence-alpes-côte D'azur,0.15,0.15,0.1,0.15,0.1
3293,3293,Coudray,52,Pays De La Loire,0.15,0.15,0.1,0.15,0.1
3294,3294,Coudrecieux,52,Pays De La Loire,0.15,0.15,0.1,0.15,0.1
3295,3295,Coudun,32,Hauts-de-france,0.15,0.15,0.1,0.15,0.1
3296,3296,Couesmes,24,Centre-val De Loire,0.15,0.15,0.1,0.15,0.1
3297,3297,Couffoulens,76,Occitanie,0.15,0.15,0.1,0.15,0.1
3298,3298,Couffy,24,Centre-val De Loire,0.15,0.15,0.1,0.15,0.1
3299,3299,Couffé,52,Pays De La Loire,0.15,0.15,0.1,0.15,0.1
3300,3300,Coufouleux,76,Occitanie,0.15,0.15,0.1,0.15,0.1
3301,3301,Couhé,75,Nouvelle-aquitaine,0.15,0.15,0.1,0.15,0.1
3302,3302,Couilly-Pont-aux-Dames,11,Île-de-france,0.15,0.15,0.1,0.15,0.1
3303,3303,Couiza,76,Occitanie,0.15,0.15,0.1,0.15,0.1
3304,3304,Coulaines,52,Pays De La Loire,0.15,0.15,0.1,0.15,0.1
3305,3305,Coulandon,84,Auvergne-rhône-alpes,0.15,0.15,0.1,0.15,0.1
3306,3306,Coulanges-la-Vineuse,27,Bourgogne-franche-comté,0.15,0.15,0.1,0.15,0.1
3307,3307,Coulanges-lès-Nevers,27,Bourgogne-franche-comté,0.15,0.15,0.1,0.15,0.1
3308,3308,Coulanges-sur-Yonne,27,Bourgogne-franche-comté,0.15,0.15,0.1,0.15,0.1
3309,3309,Coulans-sur-Gée,52,Pays De La Loire,0.15,0.15,0.1,0.15,0.1
3310,3310,Coulaures,75,Nouvelle-aquitaine,0.15,0.15,0.1,0.15,0.1
3311,3311,Couleuvre,84,Auvergne-rhône-alpes,0.15,0.15,0.1,0.15,0.1
3312,3312,Coullons,24,Centre-val De Loire,0.15,0.15,0.1,0.15,0.1
3313,3313,Coulmiers,24,Centre-val De Loire,0.15,0.15,0.1,0.15,0.1
3314,3314,Coulogne,32,Hauts-de-france,0.15,0.15,0.1,0.15,0.1
3315,3315,Couloisy,32,Hauts-de-france,0.15,0.15,0.1,0.15,0.1
3316,3316,Coulombiers,75,Nouvelle-aquitaine,0.15,0.15,0.1,0.15,0.1
3317,3317,Coulombs,28,Normandie,0.15,0.15,0.1,0.15,0.1
3318,3318,Coulombs-en-Valois,11,Île-de-france,0.15,0.15,0.1,0.15,0.1
3319,3319,Coulommiers,11,Île-de-france,0.15,0.15,0.1,0.15,0.1
3320,3320,Coulon,75,Nouvelle-aquitaine,0.15,0.15,0.1,0.15,0.1
3321,3321,Coulongé,52,Pays De La Loire,0.15,0.15,0.1,0.15,0.1
3322,3322,Coulounieix,,MISSING,0.15,0.15,0.1,0.15,0.1
3323,3323,Coulouvray-Boisbenâtre,28,Normandie,0.15,0.15,0.1,0.15,0.1
3324,3324,Coume,44,Grand Est,0.15,0.15,0.1,0.15,0.1
3325,3325,Coupelle-Vieille,32,Hauts-de-france,0.15,0.15,0.1,0.15,0.1
3326,3326,Coupiac,76,Occitanie,0.15,0.15,0.1,0.15,0.1
3327,3327,Coupvray,11,Île-de-france,0.15,0.15,0.1,0.15,0.1
3328,3328,Cour-Cheverny,24,Centre-val De Loire,0.15,0.15,0.1,0.15,0.1
3329,3329,Cour-et-Buis,84,Auvergne-rhône-alpes,0.15,0.15,0.1,0.15,0.1
3330,3330,Courbeveille,52,Pays De La Loire,0.15,0.15,0.1,0.15,0.1
3331,3331,Courbevoie,11,Île-de-france,0.15,0.15,0.1,0.15,0.1
3332,3332,Courbillac,75,Nouvelle-aquitaine,0.15,0.15,0.1,0.15,0.1
3333,3333,Courbouzon,27,Bourgogne-franche-comté,0.15,0.15,0.1,0.15,0.1
3334,3334,Courbépine,28,Normandie,0.15,0.15,0.1,0.15,0.1
3335,3335,Courcelles-Chaussy,44,Grand Est,0.15,0.15,0.1,0.15,0.1
3336,3336,Courcelles-lès-Gisors,32,Hauts-de-france,0.15,0.15,0.1,0.15,0.1
3337,3337,Courcelles-lès-Lens,32,Hauts-de-france,0.15,0.15,0.1,0.15,0.1
3338,3338,Courcelles-lès-Montbéliard,27,Bourgogne-franche-comté,0.15,0.15,0.1,0.15,0.1
3339,3339,Courcelles-sur-Nied,44,Grand Est,0.15,0.15,0.1,0.15,0.1
3340,3340,Courcelles-sur-Seine,28,Normandie,0.15,0.15,0.1,0.15,0.1
3341,3341,Courcemont,52,Pays De La Loire,0.15,0.15,0.1,0.15,0.1
3342,3342,Courchelettes,32,Hauts-de-france,0.15,0.15,0.1,0.15,0.1
3343,3343,Courchevel,84,Auvergne-rhône-alpes,0.15,0.15,0.1,0.15,0.1
3344,3344,Courcité,52,Pays De La Loire,0.15,0.15,0.1,0.15,0.1
3345,3345,Courcouronnes,11,Île-de-france,0.15,0.15,0.1,0.15,0.1
3346,3346,Courcoury,75,Nouvelle-aquitaine,0.15,0.15,0.1,0.15,0.1
3347,3347,Courcy,44,Grand Est,0.15,0.15,0.1,0.15,0.1
3348,3348,Courdemanche,52,Pays De La Loire,0.15,0.15,0.1,0.15,0.1
3349,3349,Courdimanche,11,Île-de-france,0.15,0.15,0.1,0.15,0.1
3350,3350,Courgains,52,Pays De La Loire,0.15,0.15,0.1,0.15,0.1
3351,3351,Courlans,27,Bourgogne-franche-comté,0.15,0.15,0.1,0.15,0.1
3352,3352,Courlaoux,27,Bourgogne-franche-comté,0.15,0.15,0.1,0.15,0.1
3353,3353,Courlay,75,Nouvelle-aquitaine,0.15,0.15,0.1,0.15,0.1
3354,3354,Courlon-sur-Yonne,27,Bourgogne-franche-comté,0.15,0.15,0.1,0.15,0.1
3355,3355,Courmelles,32,Hauts-de-france,0.15,0.15,0.1,0.15,0.1
3356,3356,Cournanel,76,Occitanie,0.15,0.15,0.1,0.15,0.1
3357,3357,Courniou,76,Occitanie,0.15,0.15,0.1,0.15,0.1
3358,3358,Cournon,53,Bretagne,0.15,0.15,0.1,0.15,0.1
3359,3359,Cournonsec,76,Occitanie,0.15,0.15,0.1,0.15,0.1
3360,3360,Cournonterral,76,Occitanie,0.15,0.15,0.1,0.15,0.1
3361,3361,Courpalay,11,Île-de-france,0.15,0.15,0.1,0.15,0.1
3362,3362,Courpière,84,Auvergne-rhône-alpes,0.15,0.15,0.1,0.15,0.1
3363,3363,Courrières,32,Hauts-de-france,0.15,0.15,0.1,0.15,0.1
3364,3364,Cours-de-Pile,75,Nouvelle-aquitaine,0.15,0.15,0.1,0.15,0.1
3365,3365,Cours-la-Ville,84,Auvergne-rhône-alpes,0.15,0.15,0.1,0.15,0.1
3366,3366,Cours-les-Barres,24,Centre-val De Loire,0.15,0.15,0.1,0.15,0.1
3367,3367,Coursac,75,Nouvelle-aquitaine,0.15,0.15,0.1,0.15,0.1
3368,3368,Coursan,76,Occitanie,0.15,0.15,0.1,0.15,0.1
3369,3369,Courset,32,Hauts-de-france,0.15,0.15,0.1,0.15,0.1
3370,3370,Courseulles-sur-Mer,28,Normandie,0.15,0.15,0.1,0.15,0.1
3371,3371,Courson,28,Normandie,0.15,0.15,0.1,0.15,0.1
3372,3372,Courson-Monteloup,11,Île-de-france,0.15,0.15,0.1,0.15,0.1
3373,3373,Courson-les-Carrières,27,Bourgogne-franche-comté,0.15,0.15,0.1,0.15,0.1
3374,3374,Courtalain,24,Centre-val De Loire,0.15,0.15,0.1,0.15,0.1
3375,3375,Courteilles,28,Normandie,0.15,0.15,0.1,0.15,0.1
3376,3376,Courtenay,84,Auvergne-rhône-alpes,0.15,0.15,0.1,0.15,0.1
3377,3377,Courteuil,32,Hauts-de-france,0.15,0.15,0.1,0.15,0.1
3378,3378,Courthézon,93,Provence-alpes-côte D'azur,0.15,0.15,0.1,0.15,0.1
3379,3379,Courtillers,52,Pays De La Loire,0.15,0.15,0.1,0.15,0.1
3380,3380,Courtisols,44,Grand Est,0.15,0.15,0.1,0.15,0.1
3381,3381,Courtois-sur-Yonne,27,Bourgogne-franche-comté,0.15,0.15,0.1,0.15,0.1
3382,3382,Courtomer,28,Normandie,0.15,0.15,0.1,0.15,0.1
3383,3383,Courtonne-la-Meurdrac,28,Normandie,0.15,0.15,0.1,0.15,0.1
3384,3384,Courtonne-les-Deux-Églises,28,Normandie,0.15,0.15,0.1,0.15,0.1
3385,3385,Courtry,11,Île-de-france,0.15,0.15,0.1,0.15,0.1
3386,3386,Courville-sur-Eure,24,Centre-val De Loire,0.15,0.15,0.1,0.15,0.1
3387,3387,Courzieu,84,Auvergne-rhône-alpes,0.15,0.15,0.1,0.15,0.1
3388,3388,Courçay,24,Centre-val De Loire,0.15,0.15,0.1,0.15,0.1
3389,3389,Courçon,75,Nouvelle-aquitaine,0.15,0.15,0.1,0.15,0.1
3390,3390,Cousance,27,Bourgogne-franche-comté,0.15,0.15,0.1,0.15,0.1
3391,3391,Cousolre,32,Hauts-de-france,0.15,0.15,0.1,0.15,0.1
3392,3392,Coussac-Bonneval,75,Nouvelle-aquitaine,0.15,0.15,0.1,0.15,0.1
3393,3393,Coussay-les-Bois,75,Nouvelle-aquitaine,0.15,0.15,0.1,0.15,0.1
3394,3394,Coussey,44,Grand Est,0.15,0.15,0.1,0.15,0.1
3395,3395,Coutances,28,Normandie,0.15,0.15,0.1,0.15,0.1
3396,3396,Couterne,28,Normandie,0.15,0.15,0.1,0.15,0.1
3397,3397,Couternon,27,Bourgogne-franche-comté,0.15,0.15,0.1,0.15,0.1
3398,3398,Coutevroult,11,Île-de-france,0.15,0.15,0.1,0.15,0.1
3399,3399,Couthenans,27,Bourgogne-franche-comté,0.15,0.15,0.1,0.15,0.1
3400,3400,Coutiches,32,Hauts-de-france,0.15,0.15,0.1,0.15,0.1
3401,3401,Coutouvre,84,Auvergne-rhône-alpes,0.15,0.15,0.1,0.15,0.1
3402,3402,Coutras,75,Nouvelle-aquitaine,0.15,0.15,0.1,0.15,0.1
3403,3403,Coutures,76,Occitanie,0.15,0.15,0.1,0.15,0.1
3404,3404,Couville,28,Normandie,0.15,0.15,0.1,0.15,0.1
3405,3405,Couvron-et-Aumencourt,32,Hauts-de-france,0.15,0.15,0.1,0.15,0.1
3406,3406,Couvrot,44,Grand Est,0.15,0.15,0.1,0.15,0.1
3407,3407,Coux,84,Auvergne-rhône-alpes,0.15,0.15,0.1,0.15,0.1
3408,3408,Couze-et-Saint-Front,75,Nouvelle-aquitaine,0.15,0.15,0.1,0.15,0.1
3409,3409,Couzeix,75,Nouvelle-aquitaine,0.15,0.15,0.1,0.15,0.1
3410,3410,Couëron,52,Pays De La Loire,0.15,0.15,0.1,0.15,0.1
3411,3411,Coye-la-Forêt,32,Hauts-de-france,0.15,0.15,0.1,0.15,0.1
3412,3412,Coyecques,32,Hauts-de-france,0.15,0.15,0.1,0.15,0.1
3413,3413,Cozes,75,Nouvelle-aquitaine,0.15,0.15,0.1,0.15,0.1
3414,3414,Coësmes,53,Bretagne,0.15,0.15,0.1,0.15,0.1
3415,3415,Coëtmieux,53,Bretagne,0.15,0.15,0.1,0.15,0.1
3416,3416,Coëx,52,Pays De La Loire,0.15,0.15,0.1,0.15,0.1
3417,3417,Crach,53,Bretagne,0.15,0.15,0.1,0.15,0.1
3418,3418,Craintilleux,84,Auvergne-rhône-alpes,0.15,0.15,0.1,0.15,0.1
3419,3419,Cramant,44,Grand Est,0.15,0.15,0.1,0.15,0.1
3420,3420,Cramchaban,75,Nouvelle-aquitaine,0.15,0.15,0.1,0.15,0.1
3421,3421,Cramoisy,32,Hauts-de-france,0.15,0.15,0.1,0.15,0.1
3422,3422,Crampagna,76,Occitanie,0.15,0.15,0.1,0.15,0.1
3423,3423,Cran-Gevrier,84,Auvergne-rhône-alpes,0.15,0.15,0.1,0.15,0.1
3424,3424,Crancey,44,Grand Est,0.15,0.15,0.1,0.15,0.1
3425,3425,Cransac,76,Occitanie,0.15,0.15,0.1,0.15,0.1
3426,3426,Cranves-Sales,84,Auvergne-rhône-alpes,0.15,0.15,0.1,0.15,0.1
3427,3427,Crançot,27,Bourgogne-franche-comté,0.15,0.15,0.1,0.15,0.1
3428,3428,Craon,75,Nouvelle-aquitaine,0.15,0.15,0.1,0.15,0.1
3429,3429,Craponne,84,Auvergne-rhône-alpes,0.15,0.15,0.1,0.15,0.1
3430,3430,Craponne-sur-Arzon,84,Auvergne-rhône-alpes,0.15,0.15,0.1,0.15,0.1
3431,3431,Cras-sur-Reyssouze,84,Auvergne-rhône-alpes,0.15,0.15,0.1,0.15,0.1
3432,3432,Cravanche,27,Bourgogne-franche-comté,0.15,0.15,0.1,0.15,0.1
3433,3433,Cravans,75,Nouvelle-aquitaine,0.15,0.15,0.1,0.15,0.1
3434,3434,Cravant,27,Bourgogne-franche-comté,0.15,0.15,0.1,0.15,0.1
3435,3435,Cravant-les-Coteaux,24,Centre-val De Loire,0.15,0.15,0.1,0.15,0.1
3436,3436,Creil,32,Hauts-de-france,0.15,0.15,0.1,0.15,0.1
3437,3437,Creissan,76,Occitanie,0.15,0.15,0.1,0.15,0.1
3438,3438,Creissels,76,Occitanie,0.15,0.15,0.1,0.15,0.1
3439,3439,Cremeaux,84,Auvergne-rhône-alpes,0.15,0.15,0.1,0.15,0.1
3440,3440,Creney-près-Troyes,44,Grand Est,0.15,0.15,0.1,0.15,0.1
3441,3441,Crespin,76,Occitanie,0.15,0.15,0.1,0.15,0.1
3442,3442,Crespières,11,Île-de-france,0.15,0.15,0.1,0.15,0.1
3443,3443,Cressanges,84,Auvergne-rhône-alpes,0.15,0.15,0.1,0.15,0.1
3444,3444,Cressat,75,Nouvelle-aquitaine,0.15,0.15,0.1,0.15,0.1
3445,3445,Cressensac,76,Occitanie,0.15,0.15,0.1,0.15,0.1
3446,3446,Cresserons,28,Normandie,0.15,0.15,0.1,0.15,0.1
3447,3447,Crest,84,Auvergne-rhône-alpes,0.15,0.15,0.1,0.15,0.1
3448,3448,Creully,28,Normandie,0.15,0.15,0.1,0.15,0.1
3449,3449,Creutzwald,44,Grand Est,0.15,0.15,0.1,0.15,0.1
3450,3450,Creuzier-le-Neuf,84,Auvergne-rhône-alpes,0.15,0.15,0.1,0.15,0.1
3451,3451,Creuzier-le-Vieux,84,Auvergne-rhône-alpes,0.15,0.15,0.1,0.15,0.1
3452,3452,Crevant-Laveine,84,Auvergne-rhône-alpes,0.15,0.15,0.1,0.15,0.1
3453,3453,Crevecoeur-en-Auge,28,Normandie,0.15,0.15,0.1,0.15,0.1
3454,3454,Crevin,53,Bretagne,0.15,0.15,0.1,0.15,0.1
3455,3455,Creys-Mépieu,84,Auvergne-rhône-alpes,0.15,0.15,0.1,0.15,0.1
3456,3456,Creysse,76,Occitanie,0.15,0.15,0.1,0.15,0.1
3457,3457,Criel-sur-Mer,28,Normandie,0.15,0.15,0.1,0.15,0.1
3458,3458,Crimolois,27,Bourgogne-franche-comté,0.15,0.15,0.1,0.15,0.1
3459,3459,Criquebeuf-sur-Seine,28,Normandie,0.15,0.15,0.1,0.15,0.1
3460,3460,Criquetot-sur-Ouville,28,Normandie,0.15,0.15,0.1,0.15,0.1
3461,3461,Crisenoy,11,Île-de-france,0.15,0.15,0.1,0.15,0.1
3462,3462,Crisolles,32,Hauts-de-france,0.15,0.15,0.1,0.15,0.1
3463,3463,Crissey,27,Bourgogne-franche-comté,0.15,0.15,0.1,0.15,0.1
3464,3464,Crissé,52,Pays De La Loire,0.15,0.15,0.1,0.15,0.1
3465,3465,Criteuil-la-Magdeleine,75,Nouvelle-aquitaine,0.15,0.15,0.1,0.15,0.1
3466,3466,Crochte,32,Hauts-de-france,0.15,0.15,0.1,0.15,0.1
3467,3467,Crocq,75,Nouvelle-aquitaine,0.15,0.15,0.1,0.15,0.1
3468,3468,Croisilles,32,Hauts-de-france,0.15,0.15,0.1,0.15,0.1
3469,3469,Croismare,44,Grand Est,0.15,0.15,0.1,0.15,0.1
3470,3470,Croissy-Beaubourg,11,Île-de-france,0.15,0.15,0.1,0.15,0.1
3471,3471,Croissy-sur-Seine,11,Île-de-france,0.15,0.15,0.1,0.15,0.1
3472,3472,Croix,32,Hauts-de-france,0.15,0.15,0.1,0.15,0.1
3473,3473,Croix-Chapeau,75,Nouvelle-aquitaine,0.15,0.15,0.1,0.15,0.1
3474,3474,Croix-Mare,28,Normandie,0.15,0.15,0.1,0.15,0.1
3475,3475,Crolles,84,Auvergne-rhône-alpes,0.15,0.15,0.1,0.15,0.1
3476,3476,Cronat,27,Bourgogne-franche-comté,0.15,0.15,0.1,0.15,0.1
3477,3477,Crosmières,52,Pays De La Loire,0.15,0.15,0.1,0.15,0.1
3478,3478,Crosne,11,Île-de-france,0.15,0.15,0.1,0.15,0.1
3479,3479,Crossac,52,Pays De La Loire,0.15,0.15,0.1,0.15,0.1
3480,3480,Crosville-la-Vieille,28,Normandie,0.15,0.15,0.1,0.15,0.1
3481,3481,Crotelles,24,Centre-val De Loire,0.15,0.15,0.1,0.15,0.1
3482,3482,Crotenay,27,Bourgogne-franche-comté,0.15,0.15,0.1,0.15,0.1
3483,3483,Croth,28,Normandie,0.15,0.15,0.1,0.15,0.1
3484,3484,Crottet,84,Auvergne-rhône-alpes,0.15,0.15,0.1,0.15,0.1
3485,3485,Croutelle,75,Nouvelle-aquitaine,0.15,0.15,0.1,0.15,0.1
3486,3486,Crouy,32,Hauts-de-france,0.15,0.15,0.1,0.15,0.1
3487,3487,Crouy-en-Thelle,32,Hauts-de-france,0.15,0.15,0.1,0.15,0.1
3488,3488,Crouy-sur-Cosson,24,Centre-val De Loire,0.15,0.15,0.1,0.15,0.1
3489,3489,Crouy-sur-Ourcq,11,Île-de-france,0.15,0.15,0.1,0.15,0.1
3490,3490,Crouzilles,24,Centre-val De Loire,0.15,0.15,0.1,0.15,0.1
3491,3491,Crozant,75,Nouvelle-aquitaine,0.15,0.15,0.1,0.15,0.1
3492,3492,Crozon,53,Bretagne,0.15,0.15,0.1,0.15,0.1
3493,3493,Cruas,84,Auvergne-rhône-alpes,0.15,0.15,0.1,0.15,0.1
3494,3494,Cruet,84,Auvergne-rhône-alpes,0.15,0.15,0.1,0.15,0.1
3495,3495,Crugny,44,Grand Est,0.15,0.15,0.1,0.15,0.1
3496,3496,Cruguel,53,Bretagne,0.15,0.15,0.1,0.15,0.1
3497,3497,Cruis,93,Provence-alpes-côte D'azur,0.15,0.15,0.1,0.15,0.1
3498,3498,Crulai,28,Normandie,0.15,0.15,0.1,0.15,0.1
3499,3499,Cruseilles,84,Auvergne-rhône-alpes,0.15,0.15,0.1,0.15,0.1
3500,3500,Crusnes,44,Grand Est,0.15,0.15,0.1,0.15,0.1
3501,3501,Cruviers-Lascours,76,Occitanie,0.15,0.15,0.1,0.15,0.1
3502,3502,Cruzilles-lès-Mépillat,84,Auvergne-rhône-alpes,0.15,0.15,0.1,0.15,0.1
3503,3503,Cruzy,76,Occitanie,0.15,0.15,0.1,0.15,0.1
3504,3504,Crèvecœur-le-Grand,32,Hauts-de-france,0.15,0.15,0.1,0.15,0.1
3505,3505,Cré-sur-Loir,52,Pays De La Loire,0.15,0.15,0.1,0.15,0.1
3506,3506,Créances,28,Normandie,0.15,0.15,0.1,0.15,0.1
3507,3507,Crécy-en-Ponthieu,32,Hauts-de-france,0.15,0.15,0.1,0.15,0.1
3508,3508,Crécy-sur-Serre,32,Hauts-de-france,0.15,0.15,0.1,0.15,0.1
3509,3509,Crédin,53,Bretagne,0.15,0.15,0.1,0.15,0.1
3510,3510,Crégy-lès-Meaux,11,Île-de-france,0.15,0.15,0.1,0.15,0.1
3511,3511,Créhange,44,Grand Est,0.15,0.15,0.1,0.15,0.1
3512,3512,Créhen,53,Bretagne,0.15,0.15,0.1,0.15,0.1
3513,3513,Crémarest,32,Hauts-de-france,0.15,0.15,0.1,0.15,0.1
3514,3514,Crémieu,84,Auvergne-rhône-alpes,0.15,0.15,0.1,0.15,0.1
3515,3515,Créon,75,Nouvelle-aquitaine,0.15,0.15,0.1,0.15,0.1
3516,3516,Crépol,84,Auvergne-rhône-alpes,0.15,0.15,0.1,0.15,0.1
3517,3517,Crépy,32,Hauts-de-france,0.15,0.15,0.1,0.15,0.1
3518,3518,Crépy-en-Valois,32,Hauts-de-france,0.15,0.15,0.1,0.15,0.1
3519,3519,Créquy,32,Hauts-de-france,0.15,0.15,0.1,0.15,0.1
3520,3520,Créteil,11,Île-de-france,0.15,0.15,0.1,0.15,0.1
3521,3521,Crévic,44,Grand Est,0.15,0.15,0.1,0.15,0.1
3522,3522,Crézancy,32,Hauts-de-france,0.15,0.15,0.1,0.15,0.1
3523,3523,Crézancy-en-Sancerre,24,Centre-val De Loire,0.15,0.15,0.1,0.15,0.1
3524,3524,Crêches-sur-Saône,27,Bourgogne-franche-comté,0.15,0.15,0.1,0.15,0.1
3525,3525,Cubjac,75,Nouvelle-aquitaine,0.15,0.15,0.1,0.15,0.1
3526,3526,Cublac,75,Nouvelle-aquitaine,0.15,0.15,0.1,0.15,0.1
3527,3527,Cublize,84,Auvergne-rhône-alpes,0.15,0.15,0.1,0.15,0.1
3528,3528,Cubzac-les-Ponts,75,Nouvelle-aquitaine,0.15,0.15,0.1,0.15,0.1
3529,3529,Cucq,32,Hauts-de-france,0.15,0.15,0.1,0.15,0.1
3530,3530,Cucuron,93,Provence-alpes-côte D'azur,0.15,0.15,0.1,0.15,0.1
3531,3531,Cudos,75,Nouvelle-aquitaine,0.15,0.15,0.1,0.15,0.1
3532,3532,Cuers,93,Provence-alpes-côte D'azur,0.15,0.15,0.1,0.15,0.1
3533,3533,Cuffies,32,Hauts-de-france,0.15,0.15,0.1,0.15,0.1
3534,3534,Cuffy,24,Centre-val De Loire,0.15,0.15,0.1,0.15,0.1
3535,3535,Cugand,52,Pays De La Loire,0.15,0.15,0.1,0.15,0.1
3536,3536,Cuges-les-Pins,93,Provence-alpes-côte D'azur,0.15,0.15,0.1,0.15,0.1
3537,3537,Cugnaux,76,Occitanie,0.15,0.15,0.1,0.15,0.1
3538,3538,Cugny,32,Hauts-de-france,0.15,0.15,0.1,0.15,0.1
3539,3539,Cuigy-en-Bray,32,Hauts-de-france,0.15,0.15,0.1,0.15,0.1
3540,3540,Cuillé,52,Pays De La Loire,0.15,0.15,0.1,0.15,0.1
3541,3541,Cuinchy,32,Hauts-de-france,0.15,0.15,0.1,0.15,0.1
3542,3542,Cuincy,32,Hauts-de-france,0.15,0.15,0.1,0.15,0.1
3543,3543,Cuinzier,84,Auvergne-rhône-alpes,0.15,0.15,0.1,0.15,0.1
3544,3544,Cuise-la-Motte,32,Hauts-de-france,0.15,0.15,0.1,0.15,0.1
3545,3545,Cuiseaux,27,Bourgogne-franche-comté,0.15,0.15,0.1,0.15,0.1
3546,3546,Cuisery,27,Bourgogne-franche-comté,0.15,0.15,0.1,0.15,0.1
3547,3547,Cuisiat,,MISSING,0.15,0.15,0.1,0.15,0.1
3548,3548,Culan,24,Centre-val De Loire,0.15,0.15,0.1,0.15,0.1
3549,3549,Culhat,84,Auvergne-rhône-alpes,0.15,0.15,0.1,0.15,0.1
3550,3550,Culin,84,Auvergne-rhône-alpes,0.15,0.15,0.1,0.15,0.1
3551,3551,Culmont,44,Grand Est,0.15,0.15,0.1,0.15,0.1
3552,3552,Culoz,84,Auvergne-rhône-alpes,0.15,0.15,0.1,0.15,0.1
3553,3553,Cumières,44,Grand Est,0.15,0.15,0.1,0.15,0.1
3554,3554,Cunac,76,Occitanie,0.15,0.15,0.1,0.15,0.1
3555,3555,Cunlhat,84,Auvergne-rhône-alpes,0.15,0.15,0.1,0.15,0.1
3556,3556,Cuq-Toulza,76,Occitanie,0.15,0.15,0.1,0.15,0.1
3557,3557,Curgies,32,Hauts-de-france,0.15,0.15,0.1,0.15,0.1
3558,3558,Curgy,27,Bourgogne-franche-comté,0.15,0.15,0.1,0.15,0.1
3559,3559,Curienne,84,Auvergne-rhône-alpes,0.15,0.15,0.1,0.15,0.1
3560,3560,Curtafond,84,Auvergne-rhône-alpes,0.15,0.15,0.1,0.15,0.1
3561,3561,Curtin,,MISSING,0.15,0.15,0.1,0.15,0.1
3562,3562,Curvalle,76,Occitanie,0.15,0.15,0.1,0.15,0.1
3563,3563,Cussac,84,Auvergne-rhône-alpes,0.15,0.15,0.1,0.15,0.1
3564,3564,Cussac-Fort-Médoc,75,Nouvelle-aquitaine,0.15,0.15,0.1,0.15,0.1
3565,3565,Cussac-sur-Loire,84,Auvergne-rhône-alpes,0.15,0.15,0.1,0.15,0.1
3566,3566,Cussay,24,Centre-val De Loire,0.15,0.15,0.1,0.15,0.1
3567,3567,Cusset,84,Auvergne-rhône-alpes,0.15,0.15,0.1,0.15,0.1
3568,3568,Custines,44,Grand Est,0.15,0.15,0.1,0.15,0.1
3569,3569,Cusy,84,Auvergne-rhône-alpes,0.15,0.15,0.1,0.15,0.1
3570,3570,Cutry,44,Grand Est,0.15,0.15,0.1,0.15,0.1
3571,3571,Cuts,32,Hauts-de-france,0.15,0.15,0.1,0.15,0.1
3572,3572,Cuttoli-Corticchiato,94,Corse,0.15,0.15,0.1,0.15,0.1
3573,3573,Cuvat,84,Auvergne-rhône-alpes,0.15,0.15,0.1,0.15,0.1
3574,3574,Cuverville,28,Normandie,0.15,0.15,0.1,0.15,0.1
3575,3575,Cuvilly,32,Hauts-de-france,0.15,0.15,0.1,0.15,0.1
3576,3576,Cuvry,44,Grand Est,0.15,0.15,0.1,0.15,0.1
3577,3577,Cuxac-Cabardès,76,Occitanie,0.15,0.15,0.1,0.15,0.1
3578,3578,Cuy,32,Hauts-de-france,0.15,0.15,0.1,0.15,0.1
3579,3579,Cuzieu,84,Auvergne-rhône-alpes,0.15,0.15,0.1,0.15,0.1
3580,3580,Cuzion,24,Centre-val De Loire,0.15,0.15,0.1,0.15,0.1
3581,3581,Cuzorn,75,Nouvelle-aquitaine,0.15,0.15,0.1,0.15,0.1
3582,3582,Cysoing,32,Hauts-de-france,0.15,0.15,0.1,0.15,0.1
3583,3583,Cébazat,84,Auvergne-rhône-alpes,0.15,0.15,0.1,0.15,0.1
3584,3584,Cély,11,Île-de-france,0.15,0.15,0.1,0.15,0.1
3585,3585,Cénac,75,Nouvelle-aquitaine,0.15,0.15,0.1,0.15,0.1
3586,3586,Cépet,76,Occitanie,0.15,0.15,0.1,0.15,0.1
3587,3587,Cépie,76,Occitanie,0.15,0.15,0.1,0.15,0.1
3588,3588,Cérans-Foulletourte,52,Pays De La Loire,0.15,0.15,0.1,0.15,0.1
3589,3589,Cérences,28,Normandie,0.15,0.15,0.1,0.15,0.1
3590,3590,Céreste,93,Provence-alpes-côte D'azur,0.15,0.15,0.1,0.15,0.1
3591,3591,Cérilly,84,Auvergne-rhône-alpes,0.15,0.15,0.1,0.15,0.1
3592,3592,Cérons,75,Nouvelle-aquitaine,0.15,0.15,0.1,0.15,0.1
3593,3593,Cézac,76,Occitanie,0.15,0.15,0.1,0.15,0.1
3594,3594,Cézy,27,Bourgogne-franche-comté,0.15,0.15,0.1,0.15,0.1
3595,3595,Dabo,44,Grand Est,0.15,0.15,0.1,0.15,0.1
3596,3596,Dachstein,44,Grand Est,0.15,0.15,0.1,0.15,0.1
3597,3597,Dadonville,24,Centre-val De Loire,0.15,0.15,0.1,0.15,0.1
3598,3598,Daglan,75,Nouvelle-aquitaine,0.15,0.15,0.1,0.15,0.1
3599,3599,Dagneux,84,Auvergne-rhône-alpes,0.15,0.15,0.1,0.15,0.1
3600,3600,Dahlenheim,44,Grand Est,0.15,0.15,0.1,0.15,0.1
3601,3601,Dainville,32,Hauts-de-france,0.15,0.15,0.1,0.15,0.1
3602,3602,Daix,27,Bourgogne-franche-comté,0.15,0.15,0.1,0.15,0.1
3603,3603,Dalem,44,Grand Est,0.15,0.15,0.1,0.15,0.1
3604,3604,Dallet,84,Auvergne-rhône-alpes,0.15,0.15,0.1,0.15,0.1
3605,3605,Dalou,76,Occitanie,0.15,0.15,0.1,0.15,0.1
3606,3606,Damazan,75,Nouvelle-aquitaine,0.15,0.15,0.1,0.15,0.1
3607,3607,Dambach,44,Grand Est,0.15,0.15,0.1,0.15,0.1
3608,3608,Dambach-la-Ville,44,Grand Est,0.15,0.15,0.1,0.15,0.1
3609,3609,Dambenois,27,Bourgogne-franche-comté,0.15,0.15,0.1,0.15,0.1
3610,3610,Damelevières,44,Grand Est,0.15,0.15,0.1,0.15,0.1
3611,3611,Damerey,27,Bourgogne-franche-comté,0.15,0.15,0.1,0.15,0.1
3612,3612,Damery,44,Grand Est,0.15,0.15,0.1,0.15,0.1
3613,3613,Damgan,53,Bretagne,0.15,0.15,0.1,0.15,0.1
3614,3614,Damiatte,76,Occitanie,0.15,0.15,0.1,0.15,0.1
3615,3615,Damigny,28,Normandie,0.15,0.15,0.1,0.15,0.1
3616,3616,Dammarie,24,Centre-val De Loire,0.15,0.15,0.1,0.15,0.1
3617,3617,Dammarie-les-Lys,11,Île-de-france,0.15,0.15,0.1,0.15,0.1
3618,3618,Dammarie-sur-Loing,24,Centre-val De Loire,0.15,0.15,0.1,0.15,0.1
3619,3619,Dammartin-en-Goële,11,Île-de-france,0.15,0.15,0.1,0.15,0.1
3620,3620,Dammartin-en-Serve,11,Île-de-france,0.15,0.15,0.1,0.15,0.1
3621,3621,Dammartin-sur-Tigeaux,11,Île-de-france,0.15,0.15,0.1,0.15,0.1
3622,3622,Damparis,27,Bourgogne-franche-comté,0.15,0.15,0.1,0.15,0.1
3623,3623,Dampierre,44,Grand Est,0.15,0.15,0.1,0.15,0.1
3624,3624,Dampierre-en-Burly,24,Centre-val De Loire,0.15,0.15,0.1,0.15,0.1
3625,3625,Dampierre-en-Yvelines,11,Île-de-france,0.15,0.15,0.1,0.15,0.1
3626,3626,Dampierre-les-Bois,27,Bourgogne-franche-comté,0.15,0.15,0.1,0.15,0.1
3627,3627,Dampierre-sur-Avre,24,Centre-val De Loire,0.15,0.15,0.1,0.15,0.1
3628,3628,Dampierre-sur-Linotte,27,Bourgogne-franche-comté,0.15,0.15,0.1,0.15,0.1
3629,3629,Dampierre-sur-Salon,27,Bourgogne-franche-comté,0.15,0.15,0.1,0.15,0.1
3630,3630,Dampierre-sur-le-Doubs,27,Bourgogne-franche-comté,0.15,0.15,0.1,0.15,0.1
3631,3631,Dampmart,11,Île-de-france,0.15,0.15,0.1,0.15,0.1
3632,3632,Dampniat,75,Nouvelle-aquitaine,0.15,0.15,0.1,0.15,0.1
3633,3633,Damprichard,27,Bourgogne-franche-comté,0.15,0.15,0.1,0.15,0.1
3634,3634,Damville,28,Normandie,0.15,0.15,0.1,0.15,0.1
3635,3635,Damvillers,44,Grand Est,0.15,0.15,0.1,0.15,0.1
3636,3636,Damvix,52,Pays De La Loire,0.15,0.15,0.1,0.15,0.1
3637,3637,Dangeau,24,Centre-val De Loire,0.15,0.15,0.1,0.15,0.1
3638,3638,Dangeul,52,Pays De La Loire,0.15,0.15,0.1,0.15,0.1
3639,3639,Dangolsheim,44,Grand Est,0.15,0.15,0.1,0.15,0.1
3640,3640,Dangu,28,Normandie,0.15,0.15,0.1,0.15,0.1
3641,3641,Dangy,28,Normandie,0.15,0.15,0.1,0.15,0.1
3642,3642,Dangé-Saint-Romain,75,Nouvelle-aquitaine,0.15,0.15,0.1,0.15,0.1
3643,3643,Danizy,32,Hauts-de-france,0.15,0.15,0.1,0.15,0.1
3644,3644,Danjoutin,27,Bourgogne-franche-comté,0.15,0.15,0.1,0.15,0.1
3645,3645,Danne,44,Grand Est,0.15,0.15,0.1,0.15,0.1
3646,3646,Dannemarie,44,Grand Est,0.15,0.15,0.1,0.15,0.1
3647,3647,Dannemarie-sur-Crête,27,Bourgogne-franche-comté,0.15,0.15,0.1,0.15,0.1
3648,3648,Dannemois,11,Île-de-france,0.15,0.15,0.1,0.15,0.1
3649,3649,Dannes,32,Hauts-de-france,0.15,0.15,0.1,0.15,0.1
3650,3650,Danzé,24,Centre-val De Loire,0.15,0.15,0.1,0.15,0.1
3651,3651,Daoulas,53,Bretagne,0.15,0.15,0.1,0.15,0.1
3652,3652,Daours,32,Hauts-de-france,0.15,0.15,0.1,0.15,0.1
3653,3653,Dardilly,84,Auvergne-rhône-alpes,0.15,0.15,0.1,0.15,0.1
3654,3654,Dargnies,32,Hauts-de-france,0.15,0.15,0.1,0.15,0.1
3655,3655,Darney,44,Grand Est,0.15,0.15,0.1,0.15,0.1
3656,3656,Darnieulles,44,Grand Est,0.15,0.15,0.1,0.15,0.1
3657,3657,Darnétal,28,Normandie,0.15,0.15,0.1,0.15,0.1
3658,3658,Darvault,11,Île-de-france,0.15,0.15,0.1,0.15,0.1
3659,3659,Darvoy,24,Centre-val De Loire,0.15,0.15,0.1,0.15,0.1
3660,3660,Dasle,27,Bourgogne-franche-comté,0.15,0.15,0.1,0.15,0.1
3661,3661,Dauendorf,44,Grand Est,0.15,0.15,0.1,0.15,0.1
3662,3662,Daumazan-sur-Arize,76,Occitanie,0.15,0.15,0.1,0.15,0.1
3663,3663,Daumeray,52,Pays De La Loire,0.15,0.15,0.1,0.15,0.1
3664,3664,Dauphin,93,Provence-alpes-côte D'azur,0.15,0.15,0.1,0.15,0.1
3665,3665,Daux,76,Occitanie,0.15,0.15,0.1,0.15,0.1
3666,3666,Davayat,84,Auvergne-rhône-alpes,0.15,0.15,0.1,0.15,0.1
3667,3667,Davayé,27,Bourgogne-franche-comté,0.15,0.15,0.1,0.15,0.1
3668,3668,Davézieux,84,Auvergne-rhône-alpes,0.15,0.15,0.1,0.15,0.1
3669,3669,Dax,75,Nouvelle-aquitaine,0.15,0.15,0.1,0.15,0.1
3670,3670,Deauville,28,Normandie,0.15,0.15,0.1,0.15,0.1
3671,3671,Deaux,76,Occitanie,0.15,0.15,0.1,0.15,0.1
3672,3672,Decazeville,76,Occitanie,0.15,0.15,0.1,0.15,0.1
3673,3673,Dechy,32,Hauts-de-france,0.15,0.15,0.1,0.15,0.1
3674,3674,Decize,27,Bourgogne-franche-comté,0.15,0.15,0.1,0.15,0.1
3675,3675,Degré,52,Pays De La Loire,0.15,0.15,0.1,0.15,0.1
3676,3676,Delettes,32,Hauts-de-france,0.15,0.15,0.1,0.15,0.1
3677,3677,Delincourt,32,Hauts-de-france,0.15,0.15,0.1,0.15,0.1
3678,3678,Delle,27,Bourgogne-franche-comté,0.15,0.15,0.1,0.15,0.1
3679,3679,Delme,44,Grand Est,0.15,0.15,0.1,0.15,0.1
3680,3680,Deluz,27,Bourgogne-franche-comté,0.15,0.15,0.1,0.15,0.1
3681,3681,Demange-aux-Eaux,44,Grand Est,0.15,0.15,0.1,0.15,0.1
3682,3682,Demigny,27,Bourgogne-franche-comté,0.15,0.15,0.1,0.15,0.1
3683,3683,Denain,32,Hauts-de-france,0.15,0.15,0.1,0.15,0.1
3684,3684,Denguin,75,Nouvelle-aquitaine,0.15,0.15,0.1,0.15,0.1
3685,3685,Denicé,84,Auvergne-rhône-alpes,0.15,0.15,0.1,0.15,0.1
3686,3686,Denney,27,Bourgogne-franche-comté,0.15,0.15,0.1,0.15,0.1
3687,3687,Denonville,24,Centre-val De Loire,0.15,0.15,0.1,0.15,0.1
3688,3688,Denée,52,Pays De La Loire,0.15,0.15,0.1,0.15,0.1
3689,3689,Derval,52,Pays De La Loire,0.15,0.15,0.1,0.15,0.1
3690,3690,Descartes,24,Centre-val De Loire,0.15,0.15,0.1,0.15,0.1
3691,3691,Desingy,84,Auvergne-rhône-alpes,0.15,0.15,0.1,0.15,0.1
3692,3692,Dessenheim,44,Grand Est,0.15,0.15,0.1,0.15,0.1
3693,3693,Desvres,32,Hauts-de-france,0.15,0.15,0.1,0.15,0.1
3694,3694,Dettwiller,44,Grand Est,0.15,0.15,0.1,0.15,0.1
3695,3695,Deuil-la-Barre,11,Île-de-france,0.15,0.15,0.1,0.15,0.1
3696,3696,Devecey,27,Bourgogne-franche-comté,0.15,0.15,0.1,0.15,0.1
3697,3697,Deville,44,Grand Est,0.15,0.15,0.1,0.15,0.1
3698,3698,Deyme,76,Occitanie,0.15,0.15,0.1,0.15,0.1
3699,3699,Deyvillers,44,Grand Est,0.15,0.15,0.1,0.15,0.1
3700,3700,Deûlémont,32,Hauts-de-france,0.15,0.15,0.1,0.15,0.1
3701,3701,Dhuizon,24,Centre-val De Loire,0.15,0.15,0.1,0.15,0.1
3702,3702,Didenheim,44,Grand Est,0.15,0.15,0.1,0.15,0.1
3703,3703,Die,84,Auvergne-rhône-alpes,0.15,0.15,0.1,0.15,0.1
3704,3704,Diebling,44,Grand Est,0.15,0.15,0.1,0.15,0.1
3705,3705,Diebolsheim,44,Grand Est,0.15,0.15,0.1,0.15,0.1
3706,3706,Dieffenbach-au-Val,44,Grand Est,0.15,0.15,0.1,0.15,0.1
3707,3707,Diemeringen,44,Grand Est,0.15,0.15,0.1,0.15,0.1
3708,3708,Dienville,44,Grand Est,0.15,0.15,0.1,0.15,0.1
3709,3709,Dieppe,28,Normandie,0.15,0.15,0.1,0.15,0.1
3710,3710,Dierre,24,Centre-val De Loire,0.15,0.15,0.1,0.15,0.1
3711,3711,Diesen,44,Grand Est,0.15,0.15,0.1,0.15,0.1
3712,3712,Dietwiller,44,Grand Est,0.15,0.15,0.1,0.15,0.1
3713,3713,Dieue-sur-Meuse,44,Grand Est,0.15,0.15,0.1,0.15,0.1
3714,3714,Dieulefit,84,Auvergne-rhône-alpes,0.15,0.15,0.1,0.15,0.1
3715,3715,Dieulouard,44,Grand Est,0.15,0.15,0.1,0.15,0.1
3716,3716,Dieupentale,76,Occitanie,0.15,0.15,0.1,0.15,0.1
3717,3717,Dieuze,44,Grand Est,0.15,0.15,0.1,0.15,0.1
3718,3718,Diges,27,Bourgogne-franche-comté,0.15,0.15,0.1,0.15,0.1
3719,3719,Dignac,75,Nouvelle-aquitaine,0.15,0.15,0.1,0.15,0.1
3720,3720,Digne-les-Bains,93,Provence-alpes-côte D'azur,0.15,0.15,0.1,0.15,0.1
3721,3721,Digny,24,Centre-val De Loire,0.15,0.15,0.1,0.15,0.1
3722,3722,Digoin,27,Bourgogne-franche-comté,0.15,0.15,0.1,0.15,0.1
3723,3723,Digosville,28,Normandie,0.15,0.15,0.1,0.15,0.1
3724,3724,Dijon,27,Bourgogne-franche-comté,0.15,0.15,0.1,0.15,0.1
3725,3725,Dinan,53,Bretagne,0.15,0.15,0.1,0.15,0.1
3726,3726,Dinard,53,Bretagne,0.15,0.15,0.1,0.15,0.1
3727,3727,Dingsheim,44,Grand Est,0.15,0.15,0.1,0.15,0.1
3728,3728,Dingy-Saint-Clair,84,Auvergne-rhône-alpes,0.15,0.15,0.1,0.15,0.1
3729,3729,Dingé,53,Bretagne,0.15,0.15,0.1,0.15,0.1
3730,3730,Dinsheim-sur-Bruche,44,Grand Est,0.15,0.15,0.1,0.15,0.1
3731,3731,Dinéault,53,Bretagne,0.15,0.15,0.1,0.15,0.1
3732,3732,Dions,76,Occitanie,0.15,0.15,0.1,0.15,0.1
3733,3733,Diors,24,Centre-val De Loire,0.15,0.15,0.1,0.15,0.1
3734,3734,Diou,84,Auvergne-rhône-alpes,0.15,0.15,0.1,0.15,0.1
3735,3735,Dirac,75,Nouvelle-aquitaine,0.15,0.15,0.1,0.15,0.1
3736,3736,Dirinon,53,Bretagne,0.15,0.15,0.1,0.15,0.1
3737,3737,Dissay,75,Nouvelle-aquitaine,0.15,0.15,0.1,0.15,0.1
3738,3738,Dissay-sous-Courcillon,52,Pays De La Loire,0.15,0.15,0.1,0.15,0.1
3739,3739,Dissé-sous-le-Lude,52,Pays De La Loire,0.15,0.15,0.1,0.15,0.1
3740,3740,Distroff,44,Grand Est,0.15,0.15,0.1,0.15,0.1
3741,3741,Distré,52,Pays De La Loire,0.15,0.15,0.1,0.15,0.1
3742,3742,Dives-sur-Mer,28,Normandie,0.15,0.15,0.1,0.15,0.1
3743,3743,Divion,32,Hauts-de-france,0.15,0.15,0.1,0.15,0.1
3744,3744,Divonne-les-Bains,84,Auvergne-rhône-alpes,0.15,0.15,0.1,0.15,0.1
3745,3745,Dixmont,27,Bourgogne-franche-comté,0.15,0.15,0.1,0.15,0.1
3746,3746,Dizimieu,84,Auvergne-rhône-alpes,0.15,0.15,0.1,0.15,0.1
3747,3747,Dizy,44,Grand Est,0.15,0.15,0.1,0.15,0.1
3748,3748,Dizy-le-Gros,32,Hauts-de-france,0.15,0.15,0.1,0.15,0.1
3749,3749,Diémoz,84,Auvergne-rhône-alpes,0.15,0.15,0.1,0.15,0.1
3750,3750,Diéval,32,Hauts-de-france,0.15,0.15,0.1,0.15,0.1
3751,3751,Doazit,75,Nouvelle-aquitaine,0.15,0.15,0.1,0.15,0.1
3752,3752,Docelles,44,Grand Est,0.15,0.15,0.1,0.15,0.1
3753,3753,Dogneville,44,Grand Est,0.15,0.15,0.1,0.15,0.1
3754,3754,Dohem,32,Hauts-de-france,0.15,0.15,0.1,0.15,0.1
3755,3755,Doingt,32,Hauts-de-france,0.15,0.15,0.1,0.15,0.1
3756,3756,Doissin,84,Auvergne-rhône-alpes,0.15,0.15,0.1,0.15,0.1
3757,3757,Doix,52,Pays De La Loire,0.15,0.15,0.1,0.15,0.1
3758,3758,Doizieux,84,Auvergne-rhône-alpes,0.15,0.15,0.1,0.15,0.1
3759,3759,Dol-de-Bretagne,53,Bretagne,0.15,0.15,0.1,0.15,0.1
3760,3760,Dole,27,Bourgogne-franche-comté,0.15,0.15,0.1,0.15,0.1
3761,3761,Dollon,52,Pays De La Loire,0.15,0.15,0.1,0.15,0.1
3762,3762,Dolmayrac,75,Nouvelle-aquitaine,0.15,0.15,0.1,0.15,0.1
3763,3763,Dolomieu,84,Auvergne-rhône-alpes,0.15,0.15,0.1,0.15,0.1
3764,3764,Dolus-d'Oléron,75,Nouvelle-aquitaine,0.15,0.15,0.1,0.15,0.1
3765,3765,Dolus-le-Sec,24,Centre-val De Loire,0.15,0.15,0.1,0.15,0.1
3766,3766,Dom-le-Mesnil,44,Grand Est,0.15,0.15,0.1,0.15,0.1
3767,3767,Domagné,53,Bretagne,0.15,0.15,0.1,0.15,0.1
3768,3768,Domalain,53,Bretagne,0.15,0.15,0.1,0.15,0.1
3769,3769,Domancy,84,Auvergne-rhône-alpes,0.15,0.15,0.1,0.15,0.1
3770,3770,Domarin,84,Auvergne-rhône-alpes,0.15,0.15,0.1,0.15,0.1
3771,3771,Domart-en-Ponthieu,32,Hauts-de-france,0.15,0.15,0.1,0.15,0.1
3772,3772,Domats,27,Bourgogne-franche-comté,0.15,0.15,0.1,0.15,0.1
3773,3773,Domazan,76,Occitanie,0.15,0.15,0.1,0.15,0.1
3774,3774,Dombasle-sur-Meurthe,44,Grand Est,0.15,0.15,0.1,0.15,0.1
3775,3775,Domblans,27,Bourgogne-franche-comté,0.15,0.15,0.1,0.15,0.1
3776,3776,Domessargues,76,Occitanie,0.15,0.15,0.1,0.15,0.1
3777,3777,Domessin,84,Auvergne-rhône-alpes,0.15,0.15,0.1,0.15,0.1
3778,3778,Domfront,32,Hauts-de-france,0.15,0.15,0.1,0.15,0.1
3779,3779,Domfront-en-Champagne,52,Pays De La Loire,0.15,0.15,0.1,0.15,0.1
3780,3780,Domgermain,44,Grand Est,0.15,0.15,0.1,0.15,0.1
3781,3781,Domjean,28,Normandie,0.15,0.15,0.1,0.15,0.1
3782,3782,Dommartemont,44,Grand Est,0.15,0.15,0.1,0.15,0.1
3783,3783,Dommartin,84,Auvergne-rhône-alpes,0.15,0.15,0.1,0.15,0.1
3784,3784,Dommartin-lès-Cuiseaux,27,Bourgogne-franche-comté,0.15,0.15,0.1,0.15,0.1
3785,3785,Dommartin-lès-Remiremont,44,Grand Est,0.15,0.15,0.1,0.15,0.1
3786,3786,Dommartin-lès-Toul,44,Grand Est,0.15,0.15,0.1,0.15,0.1
3787,3787,Dommary-Baroncourt,44,Grand Est,0.15,0.15,0.1,0.15,0.1
3788,3788,Domme,75,Nouvelle-aquitaine,0.15,0.15,0.1,0.15,0.1
3789,3789,Domont,11,Île-de-france,0.15,0.15,0.1,0.15,0.1
3790,3790,Dompaire,44,Grand Est,0.15,0.15,0.1,0.15,0.1
3791,3791,Dompierre-du-Chemin,53,Bretagne,0.15,0.15,0.1,0.15,0.1
3792,3792,Dompierre-les-Ormes,27,Bourgogne-franche-comté,0.15,0.15,0.1,0.15,0.1
3793,3793,Dompierre-sur-Besbre,84,Auvergne-rhône-alpes,0.15,0.15,0.1,0.15,0.1
3794,3794,Dompierre-sur-Helpe,32,Hauts-de-france,0.15,0.15,0.1,0.15,0.1
3795,3795,Dompierre-sur-Mer,75,Nouvelle-aquitaine,0.15,0.15,0.1,0.15,0.1
3796,3796,Dompierre-sur-Veyle,84,Auvergne-rhône-alpes,0.15,0.15,0.1,0.15,0.1
3797,3797,Dompierre-sur-Yon,52,Pays De La Loire,0.15,0.15,0.1,0.15,0.1
3798,3798,Domptin,32,Hauts-de-france,0.15,0.15,0.1,0.15,0.1
3799,3799,Domène,84,Auvergne-rhône-alpes,0.15,0.15,0.1,0.15,0.1
3800,3800,Domérat,84,Auvergne-rhône-alpes,0.15,0.15,0.1,0.15,0.1
3801,3801,Don,32,Hauts-de-france,0.15,0.15,0.1,0.15,0.1
3802,3802,Donchery,44,Grand Est,0.15,0.15,0.1,0.15,0.1
3803,3803,Doncourt-lès-Conflans,44,Grand Est,0.15,0.15,0.1,0.15,0.1
3804,3804,Donges,52,Pays De La Loire,0.15,0.15,0.1,0.15,0.1
3805,3805,Donnemain-Saint-Mamès,24,Centre-val De Loire,0.15,0.15,0.1,0.15,0.1
3806,3806,Donnemarie-Dontilly,11,Île-de-france,0.15,0.15,0.1,0.15,0.1
3807,3807,Donnery,24,Centre-val De Loire,0.15,0.15,0.1,0.15,0.1
3808,3808,Donneville,76,Occitanie,0.15,0.15,0.1,0.15,0.1
3809,3809,Donnezac,75,Nouvelle-aquitaine,0.15,0.15,0.1,0.15,0.1
3810,3810,Donville-les-Bains,28,Normandie,0.15,0.15,0.1,0.15,0.1
3811,3811,Donzac,76,Occitanie,0.15,0.15,0.1,0.15,0.1
3812,3812,Donzenac,75,Nouvelle-aquitaine,0.15,0.15,0.1,0.15,0.1
3813,3813,Donzy,27,Bourgogne-franche-comté,0.15,0.15,0.1,0.15,0.1
3814,3814,Donzère,84,Auvergne-rhône-alpes,0.15,0.15,0.1,0.15,0.1
3815,3815,Dorans,27,Bourgogne-franche-comté,0.15,0.15,0.1,0.15,0.1
3816,3816,Dorat,84,Auvergne-rhône-alpes,0.15,0.15,0.1,0.15,0.1
3817,3817,Dordives,24,Centre-val De Loire,0.15,0.15,0.1,0.15,0.1
3818,3818,Dorlisheim,44,Grand Est,0.15,0.15,0.1,0.15,0.1
3819,3819,Dormans,44,Grand Est,0.15,0.15,0.1,0.15,0.1
3820,3820,Dormelles,11,Île-de-france,0.15,0.15,0.1,0.15,0.1
3821,3821,Dornecy,27,Bourgogne-franche-comté,0.15,0.15,0.1,0.15,0.1
3822,3822,Dornes,27,Bourgogne-franche-comté,0.15,0.15,0.1,0.15,0.1
3823,3823,Dortan,84,Auvergne-rhône-alpes,0.15,0.15,0.1,0.15,0.1
3824,3824,Dossenheim-sur-Zinsel,44,Grand Est,0.15,0.15,0.1,0.15,0.1
3825,3825,Douai,32,Hauts-de-france,0.15,0.15,0.1,0.15,0.1
3826,3826,Douarnenez,53,Bretagne,0.15,0.15,0.1,0.15,0.1
3827,3827,Doubs,27,Bourgogne-franche-comté,0.15,0.15,0.1,0.15,0.1
3828,3828,Douchy,32,Hauts-de-france,0.15,0.15,0.1,0.15,0.1
3829,3829,Douchy-les-Mines,32,Hauts-de-france,0.15,0.15,0.1,0.15,0.1
3830,3830,Doudeville,28,Normandie,0.15,0.15,0.1,0.15,0.1
3831,3831,Doue,11,Île-de-france,0.15,0.15,0.1,0.15,0.1
3832,3832,Douelle,76,Occitanie,0.15,0.15,0.1,0.15,0.1
3833,3833,Doulaincourt-Saucourt,44,Grand Est,0.15,0.15,0.1,0.15,0.1
3834,3834,Doullens,32,Hauts-de-france,0.15,0.15,0.1,0.15,0.1
3835,3835,Dounoux,44,Grand Est,0.15,0.15,0.1,0.15,0.1
3836,3836,Dourdain,53,Bretagne,0.15,0.15,0.1,0.15,0.1
3837,3837,Dourdan,11,Île-de-france,0.15,0.15,0.1,0.15,0.1
3838,3838,Dourges,32,Hauts-de-france,0.15,0.15,0.1,0.15,0.1
3839,3839,Dourgne,76,Occitanie,0.15,0.15,0.1,0.15,0.1
3840,3840,Dournazac,75,Nouvelle-aquitaine,0.15,0.15,0.1,0.15,0.1
3841,3841,Doussard,84,Auvergne-rhône-alpes,0.15,0.15,0.1,0.15,0.1
3842,3842,Doussay,75,Nouvelle-aquitaine,0.15,0.15,0.1,0.15,0.1
3843,3843,Douvaine,84,Auvergne-rhône-alpes,0.15,0.15,0.1,0.15,0.1
3844,3844,Douvres,84,Auvergne-rhône-alpes,0.15,0.15,0.1,0.15,0.1
3845,3845,Douvres-la-Délivrande,28,Normandie,0.15,0.15,0.1,0.15,0.1
3846,3846,Douvrin,32,Hauts-de-france,0.15,0.15,0.1,0.15,0.1
3847,3847,Douzens,76,Occitanie,0.15,0.15,0.1,0.15,0.1
3848,3848,Douzillac,75,Nouvelle-aquitaine,0.15,0.15,0.1,0.15,0.1
3849,3849,Douzy,44,Grand Est,0.15,0.15,0.1,0.15,0.1
3850,3850,Doué-la-Fontaine,52,Pays De La Loire,0.15,0.15,0.1,0.15,0.1
3851,3851,Doyet,84,Auvergne-rhône-alpes,0.15,0.15,0.1,0.15,0.1
3852,3852,Dozulé,28,Normandie,0.15,0.15,0.1,0.15,0.1
3853,3853,Draché,24,Centre-val De Loire,0.15,0.15,0.1,0.15,0.1
3854,3854,Dracy-Saint-Loup,27,Bourgogne-franche-comté,0.15,0.15,0.1,0.15,0.1
3855,3855,Dracy-le-Fort,27,Bourgogne-franche-comté,0.15,0.15,0.1,0.15,0.1
3856,3856,Dracé,84,Auvergne-rhône-alpes,0.15,0.15,0.1,0.15,0.1
3857,3857,Dragey-Ronthon,28,Normandie,0.15,0.15,0.1,0.15,0.1
3858,3858,Draguignan,93,Provence-alpes-côte D'azur,0.15,0.15,0.1,0.15,0.1
3859,3859,Draillant,84,Auvergne-rhône-alpes,0.15,0.15,0.1,0.15,0.1
3860,3860,Drain,52,Pays De La Loire,0.15,0.15,0.1,0.15,0.1
3861,3861,Drancy,11,Île-de-france,0.15,0.15,0.1,0.15,0.1
3862,3862,Drap,93,Provence-alpes-côte D'azur,0.15,0.15,0.1,0.15,0.1
3863,3863,Draveil,11,Île-de-france,0.15,0.15,0.1,0.15,0.1
3864,3864,Drefféac,52,Pays De La Loire,0.15,0.15,0.1,0.15,0.1
3865,3865,Dreslincourt,,MISSING,0.15,0.15,0.1,0.15,0.1
3866,3866,Dreuil-lès-Amiens,32,Hauts-de-france,0.15,0.15,0.1,0.15,0.1
3867,3867,Dreux,24,Centre-val De Loire,0.15,0.15,0.1,0.15,0.1
3868,3868,Drevant,24,Centre-val De Loire,0.15,0.15,0.1,0.15,0.1
3869,3869,Drocourt,32,Hauts-de-france,0.15,0.15,0.1,0.15,0.1
3870,3870,Droue-sur-Drouette,24,Centre-val De Loire,0.15,0.15,0.1,0.15,0.1
3871,3871,Droué,24,Centre-val De Loire,0.15,0.15,0.1,0.15,0.1
3872,3872,Drucat,32,Hauts-de-france,0.15,0.15,0.1,0.15,0.1
3873,3873,Drucourt,28,Normandie,0.15,0.15,0.1,0.15,0.1
3874,3874,Druelle,76,Occitanie,0.15,0.15,0.1,0.15,0.1
3875,3875,Druillat,84,Auvergne-rhône-alpes,0.15,0.15,0.1,0.15,0.1
3876,3876,Drulingen,44,Grand Est,0.15,0.15,0.1,0.15,0.1
3877,3877,Drumettaz,,MISSING,0.15,0.15,0.1,0.15,0.1
3878,3878,Drusenheim,44,Grand Est,0.15,0.15,0.1,0.15,0.1
3879,3879,Druye,24,Centre-val De Loire,0.15,0.15,0.1,0.15,0.1
3880,3880,Dry,24,Centre-val De Loire,0.15,0.15,0.1,0.15,0.1
3881,3881,Drémil-Lafage,76,Occitanie,0.15,0.15,0.1,0.15,0.1
3882,3882,Ducey,28,Normandie,0.15,0.15,0.1,0.15,0.1
3883,3883,Duclair,28,Normandie,0.15,0.15,0.1,0.15,0.1
3884,3884,Duerne,84,Auvergne-rhône-alpes,0.15,0.15,0.1,0.15,0.1
3885,3885,Dugny,11,Île-de-france,0.15,0.15,0.1,0.15,0.1
3886,3886,Dugny-sur-Meuse,44,Grand Est,0.15,0.15,0.1,0.15,0.1
3887,3887,Duhort-Bachen,75,Nouvelle-aquitaine,0.15,0.15,0.1,0.15,0.1
3888,3888,Duingt,84,Auvergne-rhône-alpes,0.15,0.15,0.1,0.15,0.1
3889,3889,Duisans,32,Hauts-de-france,0.15,0.15,0.1,0.15,0.1
3890,3890,Dun,76,Occitanie,0.15,0.15,0.1,0.15,0.1
3891,3891,Dun-le-Palestel,75,Nouvelle-aquitaine,0.15,0.15,0.1,0.15,0.1
3892,3892,Dun-sur-Auron,24,Centre-val De Loire,0.15,0.15,0.1,0.15,0.1
3893,3893,Dun-sur-Meuse,44,Grand Est,0.15,0.15,0.1,0.15,0.1
3894,3894,Duneau,52,Pays De La Loire,0.15,0.15,0.1,0.15,0.1
3895,3895,Dunes,76,Occitanie,0.15,0.15,0.1,0.15,0.1
3896,3896,Dung,27,Bourgogne-franche-comté,0.15,0.15,0.1,0.15,0.1
3897,3897,Dunières,84,Auvergne-rhône-alpes,0.15,0.15,0.1,0.15,0.1
3898,3898,Dunkerque,32,Hauts-de-france,0.15,0.15,0.1,0.15,0.1
3899,3899,Duntzenheim,44,Grand Est,0.15,0.15,0.1,0.15,0.1
3900,3900,Duppigheim,44,Grand Est,0.15,0.15,0.1,0.15,0.1
3901,3901,Duran,76,Occitanie,0.15,0.15,0.1,0.15,0.1
3902,3902,Duras,75,Nouvelle-aquitaine,0.15,0.15,0.1,0.15,0.1
3903,3903,Duravel,76,Occitanie,0.15,0.15,0.1,0.15,0.1
3904,3904,Durban-Corbières,76,Occitanie,0.15,0.15,0.1,0.15,0.1
3905,3905,Durenque,76,Occitanie,0.15,0.15,0.1,0.15,0.1
3906,3906,Durette,,MISSING,0.15,0.15,0.1,0.15,0.1
3907,3907,Durfort-Lacapelette,76,Occitanie,0.15,0.15,0.1,0.15,0.1
3908,3908,Durfort-et-Saint-Martin-de-Sossenac,76,Occitanie,0.15,0.15,0.1,0.15,0.1
3909,3909,Durlinsdorf,44,Grand Est,0.15,0.15,0.1,0.15,0.1
3910,3910,Durmenach,44,Grand Est,0.15,0.15,0.1,0.15,0.1
3911,3911,Durningen,44,Grand Est,0.15,0.15,0.1,0.15,0.1
3912,3912,Durrenbach,44,Grand Est,0.15,0.15,0.1,0.15,0.1
3913,3913,Durrenentzen,44,Grand Est,0.15,0.15,0.1,0.15,0.1
3914,3914,Durtal,52,Pays De La Loire,0.15,0.15,0.1,0.15,0.1
3915,3915,Durtol,84,Auvergne-rhône-alpes,0.15,0.15,0.1,0.15,0.1
3916,3916,Dury,32,Hauts-de-france,0.15,0.15,0.1,0.15,0.1
3917,3917,Duttlenheim,44,Grand Est,0.15,0.15,0.1,0.15,0.1
3918,3918,Décines-Charpieu,84,Auvergne-rhône-alpes,0.15,0.15,0.1,0.15,0.1
3919,3919,Dégagnac,76,Occitanie,0.15,0.15,0.1,0.15,0.1
3920,3920,Démouville,28,Normandie,0.15,0.15,0.1,0.15,0.1
3921,3921,Dénat,76,Occitanie,0.15,0.15,0.1,0.15,0.1
3922,3922,Déols,24,Centre-val De Loire,0.15,0.15,0.1,0.15,0.1
3923,3923,Désaignes,84,Auvergne-rhône-alpes,0.15,0.15,0.1,0.15,0.1
3924,3924,Désandans,27,Bourgogne-franche-comté,0.15,0.15,0.1,0.15,0.1
3925,3925,Désertines,84,Auvergne-rhône-alpes,0.15,0.15,0.1,0.15,0.1
3926,3926,Déville-lès-Rouen,28,Normandie,0.15,0.15,0.1,0.15,0.1
3927,3927,Eaubonne,11,Île-de-france,0.15,0.15,0.1,0.15,0.1
3928,3928,Eaunes,76,Occitanie,0.15,0.15,0.1,0.15,0.1
3929,3929,Eauze,76,Occitanie,0.15,0.15,0.1,0.15,0.1
3930,3930,Ebblinghem,32,Hauts-de-france,0.15,0.15,0.1,0.15,0.1
3931,3931,Ebersheim,44,Grand Est,0.15,0.15,0.1,0.15,0.1
3932,3932,Ebersmunster,44,Grand Est,0.15,0.15,0.1,0.15,0.1
3933,3933,Eckbolsheim,44,Grand Est,0.15,0.15,0.1,0.15,0.1
3934,3934,Eckwersheim,44,Grand Est,0.15,0.15,0.1,0.15,0.1
3935,3935,Eclassan,84,Auvergne-rhône-alpes,0.15,0.15,0.1,0.15,0.1
3936,3936,Eclose,84,Auvergne-rhône-alpes,0.15,0.15,0.1,0.15,0.1
3937,3937,Ecquemicourt,,MISSING,0.15,0.15,0.1,0.15,0.1
3938,3938,Ecques,32,Hauts-de-france,0.15,0.15,0.1,0.15,0.1
3939,3939,Ecquevilly,11,Île-de-france,0.15,0.15,0.1,0.15,0.1
3940,3940,Edern,53,Bretagne,0.15,0.15,0.1,0.15,0.1
3941,3941,Eecke,32,Hauts-de-france,0.15,0.15,0.1,0.15,0.1
3942,3942,Effiat,84,Auvergne-rhône-alpes,0.15,0.15,0.1,0.15,0.1
3943,3943,Eguisheim,44,Grand Est,0.15,0.15,0.1,0.15,0.1
3944,3944,Einville-au-Jard,44,Grand Est,0.15,0.15,0.1,0.15,0.1
3945,3945,Elbeuf,28,Normandie,0.15,0.15,0.1,0.15,0.1
3946,3946,Elliant,53,Bretagne,0.15,0.15,0.1,0.15,0.1
3947,3947,Elne,76,Occitanie,0.15,0.15,0.1,0.15,0.1
3948,3948,Elnes,32,Hauts-de-france,0.15,0.15,0.1,0.15,0.1
3949,3949,Elsenheim,44,Grand Est,0.15,0.15,0.1,0.15,0.1
3950,3950,Elven,53,Bretagne,0.15,0.15,0.1,0.15,0.1
3951,3951,Elzange,44,Grand Est,0.15,0.15,0.1,0.15,0.1
3952,3952,Embreville,32,Hauts-de-france,0.15,0.15,0.1,0.15,0.1
3953,3953,Embrun,93,Provence-alpes-côte D'azur,0.15,0.15,0.1,0.15,0.1
3954,3954,Emmerin,32,Hauts-de-france,0.15,0.15,0.1,0.15,0.1
3955,3955,Empurany,84,Auvergne-rhône-alpes,0.15,0.15,0.1,0.15,0.1
3956,3956,Enchastrayes,93,Provence-alpes-côte D'azur,0.15,0.15,0.1,0.15,0.1
3957,3957,Enchenberg,44,Grand Est,0.15,0.15,0.1,0.15,0.1
3958,3958,Endoufielle,76,Occitanie,0.15,0.15,0.1,0.15,0.1
3959,3959,Enghien-les-Bains,11,Île-de-france,0.15,0.15,0.1,0.15,0.1
3960,3960,Englefontaine,32,Hauts-de-france,0.15,0.15,0.1,0.15,0.1
3961,3961,Englos,32,Hauts-de-france,0.15,0.15,0.1,0.15,0.1
3962,3962,Ennery,44,Grand Est,0.15,0.15,0.1,0.15,0.1
3963,3963,Ennetières-en-Weppes,32,Hauts-de-france,0.15,0.15,0.1,0.15,0.1
3964,3964,Ennevelin,32,Hauts-de-france,0.15,0.15,0.1,0.15,0.1
3965,3965,Ennezat,84,Auvergne-rhône-alpes,0.15,0.15,0.1,0.15,0.1
3966,3966,Enquin-les-Mines,32,Hauts-de-france,0.15,0.15,0.1,0.15,0.1
3967,3967,Ensisheim,44,Grand Est,0.15,0.15,0.1,0.15,0.1
3968,3968,Ensuès-la-Redonne,93,Provence-alpes-côte D'azur,0.15,0.15,0.1,0.15,0.1
3969,3969,Entraigues,84,Auvergne-rhône-alpes,0.15,0.15,0.1,0.15,0.1
3970,3970,Entraigues-sur-la-Sorgue,93,Provence-alpes-côte D'azur,0.15,0.15,0.1,0.15,0.1
3971,3971,Entrains-sur-Nohain,27,Bourgogne-franche-comté,0.15,0.15,0.1,0.15,0.1
3972,3972,Entrammes,52,Pays De La Loire,0.15,0.15,0.1,0.15,0.1
3973,3973,Entrange,44,Grand Est,0.15,0.15,0.1,0.15,0.1
3974,3974,Entraygues-sur-Truyère,76,Occitanie,0.15,0.15,0.1,0.15,0.1
3975,3975,Entrecasteaux,93,Provence-alpes-côte D'azur,0.15,0.15,0.1,0.15,0.1
3976,3976,Entrechaux,93,Provence-alpes-côte D'azur,0.15,0.15,0.1,0.15,0.1
3977,3977,Entremont,84,Auvergne-rhône-alpes,0.15,0.15,0.1,0.15,0.1
3978,3978,Entremont-le-Vieux,84,Auvergne-rhône-alpes,0.15,0.15,0.1,0.15,0.1
3979,3979,Entrevaux,93,Provence-alpes-côte D'azur,0.15,0.15,0.1,0.15,0.1
3980,3980,Entzheim,44,Grand Est,0.15,0.15,0.1,0.15,0.1
3981,3981,Enval,84,Auvergne-rhône-alpes,0.15,0.15,0.1,0.15,0.1
3982,3982,Enveig,76,Occitanie,0.15,0.15,0.1,0.15,0.1
3983,3983,Envermeu,28,Normandie,0.15,0.15,0.1,0.15,0.1
3984,3984,Epfig,44,Grand Est,0.15,0.15,0.1,0.15,0.1
3985,3985,Epiniac,53,Bretagne,0.15,0.15,0.1,0.15,0.1
3986,3986,Eppeville,32,Hauts-de-france,0.15,0.15,0.1,0.15,0.1
3987,3987,Epping,44,Grand Est,0.15,0.15,0.1,0.15,0.1
3988,3988,Er,76,Occitanie,0.15,0.15,0.1,0.15,0.1
3989,3989,Erbray,52,Pays De La Loire,0.15,0.15,0.1,0.15,0.1
3990,3990,Erbrée,53,Bretagne,0.15,0.15,0.1,0.15,0.1
3991,3991,Ercheu,32,Hauts-de-france,0.15,0.15,0.1,0.15,0.1
3992,3992,Erchin,32,Hauts-de-france,0.15,0.15,0.1,0.15,0.1
3993,3993,Ercuis,32,Hauts-de-france,0.15,0.15,0.1,0.15,0.1
3994,3994,Ercé,76,Occitanie,0.15,0.15,0.1,0.15,0.1
3995,3995,Ercé-en-Lamée,53,Bretagne,0.15,0.15,0.1,0.15,0.1
3996,3996,Ercé-près-Liffré,53,Bretagne,0.15,0.15,0.1,0.15,0.1
3997,3997,Erdeven,53,Bretagne,0.15,0.15,0.1,0.15,0.1
3998,3998,Ergersheim,44,Grand Est,0.15,0.15,0.1,0.15,0.1
3999,3999,Ergué-Gabéric,53,Bretagne,0.15,0.15,0.1,0.15,0.1
4000,4000,Ermenonville,32,Hauts-de-france,0.15,0.15,0.1,0.15,0.1
4001,4001,Ermont,11,Île-de-france,0.15,0.15,0.1,0.15,0.1
4002,4002,Ernestviller,44,Grand Est,0.15,0.15,0.1,0.15,0.1
4003,4003,Ernolsheim-Bruche,44,Grand Est,0.15,0.15,0.1,0.15,0.1
4004,4004,Ernolsheim-lès-Saverne,44,Grand Est,0.15,0.15,0.1,0.15,0.1
4005,4005,Ernée,52,Pays De La Loire,0.15,0.15,0.1,0.15,0.1
4006,4006,Erquery,32,Hauts-de-france,0.15,0.15,0.1,0.15,0.1
4007,4007,Erquinghem-Lys,32,Hauts-de-france,0.15,0.15,0.1,0.15,0.1
4008,4008,Erquy,53,Bretagne,0.15,0.15,0.1,0.15,0.1
4009,4009,Erre,32,Hauts-de-france,0.15,0.15,0.1,0.15,0.1
4010,4010,Errouville,44,Grand Est,0.15,0.15,0.1,0.15,0.1
4011,4011,Erstein,44,Grand Est,0.15,0.15,0.1,0.15,0.1
4012,4012,Ervy-le-Châtel,44,Grand Est,0.15,0.15,0.1,0.15,0.1
4013,4013,Esbarres,27,Bourgogne-franche-comté,0.15,0.15,0.1,0.15,0.1
4014,4014,Esbly,11,Île-de-france,0.15,0.15,0.1,0.15,0.1
4015,4015,Escalquens,76,Occitanie,0.15,0.15,0.1,0.15,0.1
4016,4016,Escamps,76,Occitanie,0.15,0.15,0.1,0.15,0.1
4017,4017,Escassefort,75,Nouvelle-aquitaine,0.15,0.15,0.1,0.15,0.1
4018,4018,Escatalens,76,Occitanie,0.15,0.15,0.1,0.15,0.1
4019,4019,Escaudain,32,Hauts-de-france,0.15,0.15,0.1,0.15,0.1
4020,4020,Escaudœuvres,32,Hauts-de-france,0.15,0.15,0.1,0.15,0.1
4021,4021,Escautpont,32,Hauts-de-france,0.15,0.15,0.1,0.15,0.1
4022,4022,Eschau,44,Grand Est,0.15,0.15,0.1,0.15,0.1
4023,4023,Eschbach,44,Grand Est,0.15,0.15,0.1,0.15,0.1
4024,4024,Eschbourg,44,Grand Est,0.15,0.15,0.1,0.15,0.1
4025,4025,Eschentzwiller,44,Grand Est,0.15,0.15,0.1,0.15,0.1
4026,4026,Escherange,44,Grand Est,0.15,0.15,0.1,0.15,0.1
4027,4027,Esches,32,Hauts-de-france,0.15,0.15,0.1,0.15,0.1
4028,4028,Esclavolles-Lurey,44,Grand Est,0.15,0.15,0.1,0.15,0.1
4029,4029,Escolives-Sainte-Camille,27,Bourgogne-franche-comté,0.15,0.15,0.1,0.15,0.1
4030,4030,Escornebœuf,76,Occitanie,0.15,0.15,0.1,0.15,0.1
4031,4031,Escource,75,Nouvelle-aquitaine,0.15,0.15,0.1,0.15,0.1
4032,4032,Escoussens,76,Occitanie,0.15,0.15,0.1,0.15,0.1
4033,4033,Escoutoux,84,Auvergne-rhône-alpes,0.15,0.15,0.1,0.15,0.1
4034,4034,Escoville,28,Normandie,0.15,0.15,0.1,0.15,0.1
4035,4035,Escrennes,24,Centre-val De Loire,0.15,0.15,0.1,0.15,0.1
4036,4036,Escurolles,84,Auvergne-rhône-alpes,0.15,0.15,0.1,0.15,0.1
4037,4037,Eslettes,28,Normandie,0.15,0.15,0.1,0.15,0.1
4038,4038,Esmans,11,Île-de-france,0.15,0.15,0.1,0.15,0.1
4039,4039,Esmery-Hallon,32,Hauts-de-france,0.15,0.15,0.1,0.15,0.1
4040,4040,Esnandes,75,Nouvelle-aquitaine,0.15,0.15,0.1,0.15,0.1
4041,4041,Esnes,32,Hauts-de-france,0.15,0.15,0.1,0.15,0.1
4042,4042,Espalion,76,Occitanie,0.15,0.15,0.1,0.15,0.1
4043,4043,Espaly-Saint-Marcel,84,Auvergne-rhône-alpes,0.15,0.15,0.1,0.15,0.1
4044,4044,Espelette,75,Nouvelle-aquitaine,0.15,0.15,0.1,0.15,0.1
4045,4045,Espeluche,84,Auvergne-rhône-alpes,0.15,0.15,0.1,0.15,0.1
4046,4046,Espiet,75,Nouvelle-aquitaine,0.15,0.15,0.1,0.15,0.1
4047,4047,Espinasse-Vozelle,84,Auvergne-rhône-alpes,0.15,0.15,0.1,0.15,0.1
4048,4048,Espinasses,93,Provence-alpes-côte D'azur,0.15,0.15,0.1,0.15,0.1
4049,4049,Espoey,75,Nouvelle-aquitaine,0.15,0.15,0.1,0.15,0.1
4050,4050,Espondeilhan,76,Occitanie,0.15,0.15,0.1,0.15,0.1
4051,4051,Esprels,27,Bourgogne-franche-comté,0.15,0.15,0.1,0.15,0.1
4052,4052,Espère,76,Occitanie,0.15,0.15,0.1,0.15,0.1
4053,4053,Espès-Undurein,75,Nouvelle-aquitaine,0.15,0.15,0.1,0.15,0.1
4054,4054,Espéraza,76,Occitanie,0.15,0.15,0.1,0.15,0.1
4055,4055,Esquay-Notre-Dame,28,Normandie,0.15,0.15,0.1,0.15,0.1
4056,4056,Esquelbecq,32,Hauts-de-france,0.15,0.15,0.1,0.15,0.1
4057,4057,Esquennoy,32,Hauts-de-france,0.15,0.15,0.1,0.15,0.1
4058,4058,Esquerchin,32,Hauts-de-france,0.15,0.15,0.1,0.15,0.1
4059,4059,Esquerdes,32,Hauts-de-france,0.15,0.15,0.1,0.15,0.1
4060,4060,Esquibien,53,Bretagne,0.15,0.15,0.1,0.15,0.1
4061,4061,Esquiule,75,Nouvelle-aquitaine,0.15,0.15,0.1,0.15,0.1
4062,4062,Esquéhéries,32,Hauts-de-france,0.15,0.15,0.1,0.15,0.1
4063,4063,Essars,32,Hauts-de-france,0.15,0.15,0.1,0.15,0.1
4064,4064,Essay,28,Normandie,0.15,0.15,0.1,0.15,0.1
4065,4065,Esse,75,Nouvelle-aquitaine,0.15,0.15,0.1,0.15,0.1
4066,4066,Essegney,44,Grand Est,0.15,0.15,0.1,0.15,0.1
4067,4067,Essert,27,Bourgogne-franche-comté,0.15,0.15,0.1,0.15,0.1
4068,4068,Essertines-en-Châtelneuf,84,Auvergne-rhône-alpes,0.15,0.15,0.1,0.15,0.1
4069,4069,Esserts-Blay,84,Auvergne-rhône-alpes,0.15,0.15,0.1,0.15,0.1
4070,4070,Essey-lès-Nancy,44,Grand Est,0.15,0.15,0.1,0.15,0.1
4071,4071,Essigny-le-Grand,32,Hauts-de-france,0.15,0.15,0.1,0.15,0.1
4072,4072,Essoyes,44,Grand Est,0.15,0.15,0.1,0.15,0.1
4073,4073,Essé,53,Bretagne,0.15,0.15,0.1,0.15,0.1
4074,4074,Essômes-sur-Marne,32,Hauts-de-france,0.15,0.15,0.1,0.15,0.1
4075,4075,Estagel,76,Occitanie,0.15,0.15,0.1,0.15,0.1
4076,4076,Estaing,76,Occitanie,0.15,0.15,0.1,0.15,0.1
4077,4077,Estaires,32,Hauts-de-france,0.15,0.15,0.1,0.15,0.1
4078,4078,Estancarbon,76,Occitanie,0.15,0.15,0.1,0.15,0.1
4079,4079,Estang,76,Occitanie,0.15,0.15,0.1,0.15,0.1
4080,4080,Esternay,44,Grand Est,0.15,0.15,0.1,0.15,0.1
4081,4081,Estevelles,32,Hauts-de-france,0.15,0.15,0.1,0.15,0.1
4082,4082,Estibeaux,75,Nouvelle-aquitaine,0.15,0.15,0.1,0.15,0.1
4083,4083,Estillac,75,Nouvelle-aquitaine,0.15,0.15,0.1,0.15,0.1
4084,4084,Estissac,44,Grand Est,0.15,0.15,0.1,0.15,0.1
4085,4085,Estivareilles,84,Auvergne-rhône-alpes,0.15,0.15,0.1,0.15,0.1
4086,4086,Estouteville-Écalles,28,Normandie,0.15,0.15,0.1,0.15,0.1
4087,4087,Estouy,24,Centre-val De Loire,0.15,0.15,0.1,0.15,0.1
4088,4088,Estrablin,84,Auvergne-rhône-alpes,0.15,0.15,0.1,0.15,0.1
4089,4089,Estreux,32,Hauts-de-france,0.15,0.15,0.1,0.15,0.1
4090,4090,Estrée-Blanche,32,Hauts-de-france,0.15,0.15,0.1,0.15,0.1
4091,4091,Estrées,32,Hauts-de-france,0.15,0.15,0.1,0.15,0.1
4092,4092,Estrées-Mons,32,Hauts-de-france,0.15,0.15,0.1,0.15,0.1
4093,4093,Estrées-Saint-Denis,32,Hauts-de-france,0.15,0.15,0.1,0.15,0.1
4094,4094,Esvres,24,Centre-val De Loire,0.15,0.15,0.1,0.15,0.1
4095,4095,Etaux,84,Auvergne-rhône-alpes,0.15,0.15,0.1,0.15,0.1
4096,4096,Ettendorf,44,Grand Est,0.15,0.15,0.1,0.15,0.1
4097,4097,Etting,44,Grand Est,0.15,0.15,0.1,0.15,0.1
4098,4098,Etzling,44,Grand Est,0.15,0.15,0.1,0.15,0.1
4099,4099,Eu,28,Normandie,0.15,0.15,0.1,0.15,0.1
4100,4100,Eugénie-les-Bains,75,Nouvelle-aquitaine,0.15,0.15,0.1,0.15,0.1
4101,4101,Eulmont,44,Grand Est,0.15,0.15,0.1,0.15,0.1
4102,4102,Eurre,84,Auvergne-rhône-alpes,0.15,0.15,0.1,0.15,0.1
4103,4103,Eurville-Bienville,44,Grand Est,0.15,0.15,0.1,0.15,0.1
4104,4104,Euville,44,Grand Est,0.15,0.15,0.1,0.15,0.1
4105,4105,Everly,11,Île-de-france,0.15,0.15,0.1,0.15,0.1
4106,4106,Excenevex,84,Auvergne-rhône-alpes,0.15,0.15,0.1,0.15,0.1
4107,4107,Excideuil,75,Nouvelle-aquitaine,0.15,0.15,0.1,0.15,0.1
4108,4108,Exincourt,27,Bourgogne-franche-comté,0.15,0.15,0.1,0.15,0.1
4109,4109,Exireuil,75,Nouvelle-aquitaine,0.15,0.15,0.1,0.15,0.1
4110,4110,Exoudun,75,Nouvelle-aquitaine,0.15,0.15,0.1,0.15,0.1
4111,4111,Eybens,84,Auvergne-rhône-alpes,0.15,0.15,0.1,0.15,0.1
4112,4112,Eyburie,75,Nouvelle-aquitaine,0.15,0.15,0.1,0.15,0.1
4113,4113,Eycheil,76,Occitanie,0.15,0.15,0.1,0.15,0.1
4114,4114,Eygalières,93,Provence-alpes-côte D'azur,0.15,0.15,0.1,0.15,0.1
4115,4115,Eyguières,93,Provence-alpes-côte D'azur,0.15,0.15,0.1,0.15,0.1
4116,4116,Eygurande,75,Nouvelle-aquitaine,0.15,0.15,0.1,0.15,0.1
4117,4117,Eyjeaux,75,Nouvelle-aquitaine,0.15,0.15,0.1,0.15,0.1
4118,4118,Eyliac,75,Nouvelle-aquitaine,0.15,0.15,0.1,0.15,0.1
4119,4119,Eymet,75,Nouvelle-aquitaine,0.15,0.15,0.1,0.15,0.1
4120,4120,Eymeux,84,Auvergne-rhône-alpes,0.15,0.15,0.1,0.15,0.1
4121,4121,Eymoutiers,75,Nouvelle-aquitaine,0.15,0.15,0.1,0.15,0.1
4122,4122,Eyragues,93,Provence-alpes-côte D'azur,0.15,0.15,0.1,0.15,0.1
4123,4123,Eyrans,75,Nouvelle-aquitaine,0.15,0.15,0.1,0.15,0.1
4124,4124,Eyrein,75,Nouvelle-aquitaine,0.15,0.15,0.1,0.15,0.1
4125,4125,Eysines,75,Nouvelle-aquitaine,0.15,0.15,0.1,0.15,0.1
4126,4126,Eysus,75,Nouvelle-aquitaine,0.15,0.15,0.1,0.15,0.1
4127,4127,Eyzerac,75,Nouvelle-aquitaine,0.15,0.15,0.1,0.15,0.1
4128,4128,Eyzin-Pinet,84,Auvergne-rhône-alpes,0.15,0.15,0.1,0.15,0.1
4129,4129,Fabrezan,76,Occitanie,0.15,0.15,0.1,0.15,0.1
4130,4130,Fabrègues,76,Occitanie,0.15,0.15,0.1,0.15,0.1
4131,4131,Faches-Thumesnil,32,Hauts-de-france,0.15,0.15,0.1,0.15,0.1
4132,4132,Fagnières,44,Grand Est,0.15,0.15,0.1,0.15,0.1
4133,4133,Failly,44,Grand Est,0.15,0.15,0.1,0.15,0.1
4134,4134,Fains-Véel,44,Grand Est,0.15,0.15,0.1,0.15,0.1
4135,4135,Falaise,44,Grand Est,0.15,0.15,0.1,0.15,0.1
4136,4136,Falck,44,Grand Est,0.15,0.15,0.1,0.15,0.1
4137,4137,Falicon,93,Provence-alpes-côte D'azur,0.15,0.15,0.1,0.15,0.1
4138,4138,Falleron,52,Pays De La Loire,0.15,0.15,0.1,0.15,0.1
4139,4139,Famars,32,Hauts-de-france,0.15,0.15,0.1,0.15,0.1
4140,4140,Fameck,44,Grand Est,0.15,0.15,0.1,0.15,0.1
4141,4141,Fampoux,32,Hauts-de-france,0.15,0.15,0.1,0.15,0.1
4142,4142,Fanjeaux,76,Occitanie,0.15,0.15,0.1,0.15,0.1
4143,4143,Faramans,84,Auvergne-rhône-alpes,0.15,0.15,0.1,0.15,0.1
4144,4144,Farbus,32,Hauts-de-france,0.15,0.15,0.1,0.15,0.1
4145,4145,Fareins,84,Auvergne-rhône-alpes,0.15,0.15,0.1,0.15,0.1
4146,4146,Faremoutiers,11,Île-de-france,0.15,0.15,0.1,0.15,0.1
4147,4147,Farges,84,Auvergne-rhône-alpes,0.15,0.15,0.1,0.15,0.1
4148,4148,Farges-en-Septaine,24,Centre-val De Loire,0.15,0.15,0.1,0.15,0.1
4149,4149,Farges-lès-Chalon,27,Bourgogne-franche-comté,0.15,0.15,0.1,0.15,0.1
4150,4150,Fargues-Saint-Hilaire,75,Nouvelle-aquitaine,0.15,0.15,0.1,0.15,0.1
4151,4151,Farnay,84,Auvergne-rhône-alpes,0.15,0.15,0.1,0.15,0.1
4152,4152,Farschviller,44,Grand Est,0.15,0.15,0.1,0.15,0.1
4153,4153,Farébersviller,44,Grand Est,0.15,0.15,0.1,0.15,0.1
4154,4154,Fatines,52,Pays De La Loire,0.15,0.15,0.1,0.15,0.1
4155,4155,Fatouville-Grestain,28,Normandie,0.15,0.15,0.1,0.15,0.1
4156,4156,Faucogney-et-la-Mer,27,Bourgogne-franche-comté,0.15,0.15,0.1,0.15,0.1
4157,4157,Fauguerolles,75,Nouvelle-aquitaine,0.15,0.15,0.1,0.15,0.1
4158,4158,Fauillet,75,Nouvelle-aquitaine,0.15,0.15,0.1,0.15,0.1
4159,4159,Faulquemont,44,Grand Est,0.15,0.15,0.1,0.15,0.1
4160,4160,Faulx,44,Grand Est,0.15,0.15,0.1,0.15,0.1
4161,4161,Faumont,32,Hauts-de-france,0.15,0.15,0.1,0.15,0.1
4162,4162,Fauquembergues,32,Hauts-de-france,0.15,0.15,0.1,0.15,0.1
4163,4163,Fauverney,27,Bourgogne-franche-comté,0.15,0.15,0.1,0.15,0.1
4164,4164,Fauville-en-Caux,28,Normandie,0.15,0.15,0.1,0.15,0.1
4165,4165,Faveraye-Mâchelles,52,Pays De La Loire,0.15,0.15,0.1,0.15,0.1
4166,4166,Faverges,84,Auvergne-rhône-alpes,0.15,0.15,0.1,0.15,0.1
4167,4167,Faverges-de-la-Tour,84,Auvergne-rhône-alpes,0.15,0.15,0.1,0.15,0.1
4168,4168,Faverney,27,Bourgogne-franche-comté,0.15,0.15,0.1,0.15,0.1
4169,4169,Faverolles-sur-Cher,24,Centre-val De Loire,0.15,0.15,0.1,0.15,0.1
4170,4170,Favières,44,Grand Est,0.15,0.15,0.1,0.15,0.1
4171,4171,Fay-aux-Loges,24,Centre-val De Loire,0.15,0.15,0.1,0.15,0.1
4172,4172,Fay-de-Bretagne,52,Pays De La Loire,0.15,0.15,0.1,0.15,0.1
4173,4173,Faycelles,76,Occitanie,0.15,0.15,0.1,0.15,0.1
4174,4174,Fayence,93,Provence-alpes-côte D'azur,0.15,0.15,0.1,0.15,0.1
4175,4175,Fayet,76,Occitanie,0.15,0.15,0.1,0.15,0.1
4176,4176,Fayl-Billot,44,Grand Est,0.15,0.15,0.1,0.15,0.1
4177,4177,Febvin-Palfart,32,Hauts-de-france,0.15,0.15,0.1,0.15,0.1
4178,4178,Fegersheim,44,Grand Est,0.15,0.15,0.1,0.15,0.1
4179,4179,Feignies,32,Hauts-de-france,0.15,0.15,0.1,0.15,0.1
4180,4180,Feigères,84,Auvergne-rhône-alpes,0.15,0.15,0.1,0.15,0.1
4181,4181,Feillens,84,Auvergne-rhône-alpes,0.15,0.15,0.1,0.15,0.1
4182,4182,Feings,28,Normandie,0.15,0.15,0.1,0.15,0.1
4183,4183,Feins,53,Bretagne,0.15,0.15,0.1,0.15,0.1
4184,4184,Feissons-sur-Isère,84,Auvergne-rhône-alpes,0.15,0.15,0.1,0.15,0.1
4185,4185,Feldkirch,44,Grand Est,0.15,0.15,0.1,0.15,0.1
4186,4186,Fellering,44,Grand Est,0.15,0.15,0.1,0.15,0.1
4187,4187,Felletin,75,Nouvelle-aquitaine,0.15,0.15,0.1,0.15,0.1
4188,4188,Fenain,32,Hauts-de-france,0.15,0.15,0.1,0.15,0.1
4189,4189,Feneu,52,Pays De La Loire,0.15,0.15,0.1,0.15,0.1
4190,4190,Fenouillet,76,Occitanie,0.15,0.15,0.1,0.15,0.1
4191,4191,Fercé,52,Pays De La Loire,0.15,0.15,0.1,0.15,0.1
4192,4192,Fercé-sur-Sarthe,52,Pays De La Loire,0.15,0.15,0.1,0.15,0.1
4193,4193,Ferdrupt,44,Grand Est,0.15,0.15,0.1,0.15,0.1
4194,4194,Ferfay,32,Hauts-de-france,0.15,0.15,0.1,0.15,0.1
4195,4195,Fermanville,28,Normandie,0.15,0.15,0.1,0.15,0.1
4196,4196,Ferney-Voltaire,84,Auvergne-rhône-alpes,0.15,0.15,0.1,0.15,0.1
4197,4197,Ferques,32,Hauts-de-france,0.15,0.15,0.1,0.15,0.1
4198,4198,Ferrals-les-Corbières,76,Occitanie,0.15,0.15,0.1,0.15,0.1
4199,4199,Ferrette,44,Grand Est,0.15,0.15,0.1,0.15,0.1
4200,4200,Ferrière-la-Grande,32,Hauts-de-france,0.15,0.15,0.1,0.15,0.1
4201,4201,Ferrière-sur-Beaulieu,24,Centre-val De Loire,0.15,0.15,0.1,0.15,0.1
4202,4202,Ferrières-Haut-Clocher,28,Normandie,0.15,0.15,0.1,0.15,0.1
4203,4203,Ferrières-en-Brie,11,Île-de-france,0.15,0.15,0.1,0.15,0.1
4204,4204,Ferrières-sur-Ariège,76,Occitanie,0.15,0.15,0.1,0.15,0.1
4205,4205,Ferrières-sur-Sichon,84,Auvergne-rhône-alpes,0.15,0.15,0.1,0.15,0.1
4206,4206,Fervaques,28,Normandie,0.15,0.15,0.1,0.15,0.1
4207,4207,Fesches-le-Châtel,27,Bourgogne-franche-comté,0.15,0.15,0.1,0.15,0.1
4208,4208,Fessenheim,44,Grand Est,0.15,0.15,0.1,0.15,0.1
4209,4209,Fessy,84,Auvergne-rhône-alpes,0.15,0.15,0.1,0.15,0.1
4210,4210,Festieux,32,Hauts-de-france,0.15,0.15,0.1,0.15,0.1
4211,4211,Festubert,32,Hauts-de-france,0.15,0.15,0.1,0.15,0.1
4212,4212,Feucherolles,11,Île-de-france,0.15,0.15,0.1,0.15,0.1
4213,4213,Feuchy,32,Hauts-de-france,0.15,0.15,0.1,0.15,0.1
4214,4214,Feugarolles,75,Nouvelle-aquitaine,0.15,0.15,0.1,0.15,0.1
4215,4215,Feuquières,32,Hauts-de-france,0.15,0.15,0.1,0.15,0.1
4216,4216,Feuquières-en-Vimeu,32,Hauts-de-france,0.15,0.15,0.1,0.15,0.1
4217,4217,Feurs,84,Auvergne-rhône-alpes,0.15,0.15,0.1,0.15,0.1
4218,4218,Feytiat,75,Nouvelle-aquitaine,0.15,0.15,0.1,0.15,0.1
4219,4219,Feyzin,84,Auvergne-rhône-alpes,0.15,0.15,0.1,0.15,0.1
4220,4220,Fiac,76,Occitanie,0.15,0.15,0.1,0.15,0.1
4221,4221,Ficheux,32,Hauts-de-france,0.15,0.15,0.1,0.15,0.1
4222,4222,Fiennes,32,Hauts-de-france,0.15,0.15,0.1,0.15,0.1
4223,4223,Fienvillers,32,Hauts-de-france,0.15,0.15,0.1,0.15,0.1
4224,4224,Figanières,93,Provence-alpes-côte D'azur,0.15,0.15,0.1,0.15,0.1
4225,4225,Figari,94,Corse,0.15,0.15,0.1,0.15,0.1
4226,4226,Figeac,76,Occitanie,0.15,0.15,0.1,0.15,0.1
4227,4227,Fillinges,84,Auvergne-rhône-alpes,0.15,0.15,0.1,0.15,0.1
4228,4228,Fillièvres,32,Hauts-de-france,0.15,0.15,0.1,0.15,0.1
4229,4229,Fillé,52,Pays De La Loire,0.15,0.15,0.1,0.15,0.1
4230,4230,Filstroff,44,Grand Est,0.15,0.15,0.1,0.15,0.1
4231,4231,Finhan,76,Occitanie,0.15,0.15,0.1,0.15,0.1
4232,4232,Fiquefleur-Équainville,28,Normandie,0.15,0.15,0.1,0.15,0.1
4233,4233,Firmi,76,Occitanie,0.15,0.15,0.1,0.15,0.1
4234,4234,Firminy,84,Auvergne-rhône-alpes,0.15,0.15,0.1,0.15,0.1
4235,4235,Fismes,44,Grand Est,0.15,0.15,0.1,0.15,0.1
4236,4236,Fitilieu,84,Auvergne-rhône-alpes,0.15,0.15,0.1,0.15,0.1
4237,4237,Fitou,76,Occitanie,0.15,0.15,0.1,0.15,0.1
4238,4238,Fitz-James,32,Hauts-de-france,0.15,0.15,0.1,0.15,0.1
4239,4239,Fixin,27,Bourgogne-franche-comté,0.15,0.15,0.1,0.15,0.1
4240,4240,Flagey-Echézeaux,27,Bourgogne-franche-comté,0.15,0.15,0.1,0.15,0.1
4241,4241,Flagnac,76,Occitanie,0.15,0.15,0.1,0.15,0.1
4242,4242,Flagy,27,Bourgogne-franche-comté,0.15,0.15,0.1,0.15,0.1
4243,4243,Flamanville,28,Normandie,0.15,0.15,0.1,0.15,0.1
4244,4244,Flangebouche,27,Bourgogne-franche-comté,0.15,0.15,0.1,0.15,0.1
4245,4245,Flassans-sur-Issole,93,Provence-alpes-côte D'azur,0.15,0.15,0.1,0.15,0.1
4246,4246,Flaujac-Poujols,76,Occitanie,0.15,0.15,0.1,0.15,0.1
4247,4247,Flaujagues,75,Nouvelle-aquitaine,0.15,0.15,0.1,0.15,0.1
4248,4248,Flavacourt,32,Hauts-de-france,0.15,0.15,0.1,0.15,0.1
4249,4249,Flaviac,84,Auvergne-rhône-alpes,0.15,0.15,0.1,0.15,0.1
4250,4250,Flavignac,75,Nouvelle-aquitaine,0.15,0.15,0.1,0.15,0.1
4251,4251,Flavigny-sur-Moselle,44,Grand Est,0.15,0.15,0.1,0.15,0.1
4252,4252,Flavin,76,Occitanie,0.15,0.15,0.1,0.15,0.1
4253,4253,Flavy-le-Martel,32,Hauts-de-france,0.15,0.15,0.1,0.15,0.1
4254,4254,Flaxlanden,44,Grand Est,0.15,0.15,0.1,0.15,0.1
4255,4255,Flayosc,93,Provence-alpes-côte D'azur,0.15,0.15,0.1,0.15,0.1
4256,4256,Flers,32,Hauts-de-france,0.15,0.15,0.1,0.15,0.1
4257,4257,Flers-en-Escrebieux,32,Hauts-de-france,0.15,0.15,0.1,0.15,0.1
4258,4258,Flesselles,32,Hauts-de-france,0.15,0.15,0.1,0.15,0.1
4259,4259,Fleurance,76,Occitanie,0.15,0.15,0.1,0.15,0.1
4260,4260,Fleurbaix,32,Hauts-de-france,0.15,0.15,0.1,0.15,0.1
4261,4261,Fleurey-sur-Ouche,27,Bourgogne-franche-comté,0.15,0.15,0.1,0.15,0.1
4262,4262,Fleurie,84,Auvergne-rhône-alpes,0.15,0.15,0.1,0.15,0.1
4263,4263,Fleurieu-sur-Saône,84,Auvergne-rhône-alpes,0.15,0.15,0.1,0.15,0.1
4264,4264,Fleurigné,53,Bretagne,0.15,0.15,0.1,0.15,0.1
4265,4265,Fleurines,32,Hauts-de-france,0.15,0.15,0.1,0.15,0.1
4266,4266,Fleury,76,Occitanie,0.15,0.15,0.1,0.15,0.1
4267,4267,Fleury-Mérogis,11,Île-de-france,0.15,0.15,0.1,0.15,0.1
4268,4268,Fleury-en-Bière,11,Île-de-france,0.15,0.15,0.1,0.15,0.1
4269,4269,Fleury-la-Montagne,27,Bourgogne-franche-comté,0.15,0.15,0.1,0.15,0.1
4270,4270,Fleury-la-Rivière,44,Grand Est,0.15,0.15,0.1,0.15,0.1
4271,4271,Fleury-la-Vallée,27,Bourgogne-franche-comté,0.15,0.15,0.1,0.15,0.1
4272,4272,Fleury-les-Aubrais,24,Centre-val De Loire,0.15,0.15,0.1,0.15,0.1
4273,4273,Fleury-sur-Andelle,28,Normandie,0.15,0.15,0.1,0.15,0.1
4274,4274,Fleury-sur-Orne,28,Normandie,0.15,0.15,0.1,0.15,0.1
4275,4275,Fleuré,75,Nouvelle-aquitaine,0.15,0.15,0.1,0.15,0.1
4276,4276,Flexanville,11,Île-de-france,0.15,0.15,0.1,0.15,0.1
4277,4277,Flines-lez-Raches,32,Hauts-de-france,0.15,0.15,0.1,0.15,0.1
4278,4278,Flines-lès-Mortagne,32,Hauts-de-france,0.15,0.15,0.1,0.15,0.1
4279,4279,Flins-sur-Seine,11,Île-de-france,0.15,0.15,0.1,0.15,0.1
4280,4280,Flixecourt,32,Hauts-de-france,0.15,0.15,0.1,0.15,0.1
4281,4281,Flize,44,Grand Est,0.15,0.15,0.1,0.15,0.1
4282,4282,Flogny-la-Chapelle,27,Bourgogne-franche-comté,0.15,0.15,0.1,0.15,0.1
4283,4283,Floing,44,Grand Est,0.15,0.15,0.1,0.15,0.1
4284,4284,Floirac,76,Occitanie,0.15,0.15,0.1,0.15,0.1
4285,4285,Florac,76,Occitanie,0.15,0.15,0.1,0.15,0.1
4286,4286,Florange,44,Grand Est,0.15,0.15,0.1,0.15,0.1
4287,4287,Florensac,76,Occitanie,0.15,0.15,0.1,0.15,0.1
4288,4288,Florentin,76,Occitanie,0.15,0.15,0.1,0.15,0.1
4289,4289,Floringhem,32,Hauts-de-france,0.15,0.15,0.1,0.15,0.1
4290,4290,Flottemanville-Hague,28,Normandie,0.15,0.15,0.1,0.15,0.1
4291,4291,Flourens,76,Occitanie,0.15,0.15,0.1,0.15,0.1
4292,4292,Floyon,32,Hauts-de-france,0.15,0.15,0.1,0.15,0.1
4293,4293,Flumet,84,Auvergne-rhône-alpes,0.15,0.15,0.1,0.15,0.1
4294,4294,Fléac,75,Nouvelle-aquitaine,0.15,0.15,0.1,0.15,0.1
4295,4295,Flée,52,Pays De La Loire,0.15,0.15,0.1,0.15,0.1
4296,4296,Fléré-la-Rivière,24,Centre-val De Loire,0.15,0.15,0.1,0.15,0.1
4297,4297,Flétrange,44,Grand Est,0.15,0.15,0.1,0.15,0.1
4298,4298,Fléville-devant-Nancy,44,Grand Est,0.15,0.15,0.1,0.15,0.1
4299,4299,Flévy,44,Grand Est,0.15,0.15,0.1,0.15,0.1
4300,4300,Flêtre,32,Hauts-de-france,0.15,0.15,0.1,0.15,0.1
4301,4301,Foissiat,84,Auvergne-rhône-alpes,0.15,0.15,0.1,0.15,0.1
4302,4302,Foix,76,Occitanie,0.15,0.15,0.1,0.15,0.1
4303,4303,Folembray,32,Hauts-de-france,0.15,0.15,0.1,0.15,0.1
4304,4304,Folgensbourg,44,Grand Est,0.15,0.15,0.1,0.15,0.1
4305,4305,Folkling,44,Grand Est,0.15,0.15,0.1,0.15,0.1
4306,4306,Follainville-Dennemont,11,Île-de-france,0.15,0.15,0.1,0.15,0.1
4307,4307,Folles,75,Nouvelle-aquitaine,0.15,0.15,0.1,0.15,0.1
4308,4308,Folligny,28,Normandie,0.15,0.15,0.1,0.15,0.1
4309,4309,Folschviller,44,Grand Est,0.15,0.15,0.1,0.15,0.1
4310,4310,Fonbeauzard,76,Occitanie,0.15,0.15,0.1,0.15,0.1
4311,4311,Foncine-le-Haut,27,Bourgogne-franche-comté,0.15,0.15,0.1,0.15,0.1
4312,4312,Fondettes,24,Centre-val De Loire,0.15,0.15,0.1,0.15,0.1
4313,4313,Fongrave,75,Nouvelle-aquitaine,0.15,0.15,0.1,0.15,0.1
4314,4314,Fonsomme,32,Hauts-de-france,0.15,0.15,0.1,0.15,0.1
4315,4315,Fonsorbes,76,Occitanie,0.15,0.15,0.1,0.15,0.1
4316,4316,Font-Romeu-Odeillo-Via,76,Occitanie,0.15,0.15,0.1,0.15,0.1
4317,4317,Fontain,27,Bourgogne-franche-comté,0.15,0.15,0.1,0.15,0.1
4318,4318,Fontaine,84,Auvergne-rhône-alpes,0.15,0.15,0.1,0.15,0.1
4319,4319,Fontaine-Bellenger,28,Normandie,0.15,0.15,0.1,0.15,0.1
4320,4320,Fontaine-Fourches,11,Île-de-france,0.15,0.15,0.1,0.15,0.1
4321,4321,Fontaine-Française,27,Bourgogne-franche-comté,0.15,0.15,0.1,0.15,0.1
4322,4322,Fontaine-Guérin,52,Pays De La Loire,0.15,0.15,0.1,0.15,0.1
4323,4323,Fontaine-Henry,28,Normandie,0.15,0.15,0.1,0.15,0.1
4324,4324,Fontaine-Heudebourg,28,Normandie,0.15,0.15,0.1,0.15,0.1
4325,4325,Fontaine-Notre-Dame,32,Hauts-de-france,0.15,0.15,0.1,0.15,0.1
4326,4326,Fontaine-Simon,24,Centre-val De Loire,0.15,0.15,0.1,0.15,0.1
4327,4327,Fontaine-au-Bois,32,Hauts-de-france,0.15,0.15,0.1,0.15,0.1
4328,4328,Fontaine-au-Pire,32,Hauts-de-france,0.15,0.15,0.1,0.15,0.1
4329,4329,Fontaine-de-Vaucluse,93,Provence-alpes-côte D'azur,0.15,0.15,0.1,0.15,0.1
4330,4330,Fontaine-la-Gaillarde,27,Bourgogne-franche-comté,0.15,0.15,0.1,0.15,0.1
4331,4331,Fontaine-la-Guyon,24,Centre-val De Loire,0.15,0.15,0.1,0.15,0.1
4332,4332,Fontaine-la-Mallet,28,Normandie,0.15,0.15,0.1,0.15,0.1
4333,4333,Fontaine-le-Bourg,28,Normandie,0.15,0.15,0.1,0.15,0.1
4334,4334,Fontaine-le-Comte,75,Nouvelle-aquitaine,0.15,0.15,0.1,0.15,0.1
4335,4335,Fontaine-le-Dun,28,Normandie,0.15,0.15,0.1,0.15,0.1
4336,4336,Fontaine-le-Port,11,Île-de-france,0.15,0.15,0.1,0.15,0.1
4337,4337,Fontaine-les-Grès,44,Grand Est,0.15,0.15,0.1,0.15,0.1
4338,4338,Fontaine-lès-Dijon,27,Bourgogne-franche-comté,0.15,0.15,0.1,0.15,0.1
4339,4339,Fontaine-lès-Luxeuil,27,Bourgogne-franche-comté,0.15,0.15,0.1,0.15,0.1
4340,4340,Fontaine-lès-Vervins,32,Hauts-de-france,0.15,0.15,0.1,0.15,0.1
4341,4341,Fontaine-sous-Jouy,28,Normandie,0.15,0.15,0.1,0.15,0.1
4342,4342,Fontaine-Étoupefour,28,Normandie,0.15,0.15,0.1,0.15,0.1
4343,4343,Fontainebleau,11,Île-de-france,0.15,0.15,0.1,0.15,0.1
4344,4344,Fontaines,52,Pays De La Loire,0.15,0.15,0.1,0.15,0.1
4345,4345,Fontaines-Saint-Martin,84,Auvergne-rhône-alpes,0.15,0.15,0.1,0.15,0.1
4346,4346,Fontaines-en-Sologne,24,Centre-val De Loire,0.15,0.15,0.1,0.15,0.1
4347,4347,Fontaines-sur-Saône,84,Auvergne-rhône-alpes,0.15,0.15,0.1,0.15,0.1
4348,4348,Fontanil-Cornillon,84,Auvergne-rhône-alpes,0.15,0.15,0.1,0.15,0.1
4349,4349,Fontannes,84,Auvergne-rhône-alpes,0.15,0.15,0.1,0.15,0.1
4350,4350,Fontanès,84,Auvergne-rhône-alpes,0.15,0.15,0.1,0.15,0.1
4351,4351,Fontcouverte,76,Occitanie,0.15,0.15,0.1,0.15,0.1
4352,4352,Fontcouverte-la Toussuire,84,Auvergne-rhône-alpes,0.15,0.15,0.1,0.15,0.1
4353,4353,Fontenailles,27,Bourgogne-franche-comté,0.15,0.15,0.1,0.15,0.1
4354,4354,Fontenay,44,Grand Est,0.15,0.15,0.1,0.15,0.1
4355,4355,Fontenay-Saint-Père,11,Île-de-france,0.15,0.15,0.1,0.15,0.1
4356,4356,Fontenay-Trésigny,11,Île-de-france,0.15,0.15,0.1,0.15,0.1
4357,4357,Fontenay-aux-Roses,11,Île-de-france,0.15,0.15,0.1,0.15,0.1
4358,4358,Fontenay-en-Parisis,11,Île-de-france,0.15,0.15,0.1,0.15,0.1
4359,4359,Fontenay-le-Comte,52,Pays De La Loire,0.15,0.15,0.1,0.15,0.1
4360,4360,Fontenay-le-Fleury,11,Île-de-france,0.15,0.15,0.1,0.15,0.1
4361,4361,Fontenay-le-Marmion,28,Normandie,0.15,0.15,0.1,0.15,0.1
4362,4362,Fontenay-le-Pesnel,28,Normandie,0.15,0.15,0.1,0.15,0.1
4363,4363,Fontenay-le-Vicomte,11,Île-de-france,0.15,0.15,0.1,0.15,0.1
4364,4364,Fontenay-lès-Briis,11,Île-de-france,0.15,0.15,0.1,0.15,0.1
4365,4365,Fontenay-sous-Bois,11,Île-de-france,0.15,0.15,0.1,0.15,0.1
4366,4366,Fontenay-sur-Eure,24,Centre-val De Loire,0.15,0.15,0.1,0.15,0.1
4367,4367,Fontenay-sur-Loing,24,Centre-val De Loire,0.15,0.15,0.1,0.15,0.1
4368,4368,Fontenille-Saint-Martin-d'Entraigues,75,Nouvelle-aquitaine,0.15,0.15,0.1,0.15,0.1
4369,4369,Fontenilles,76,Occitanie,0.15,0.15,0.1,0.15,0.1
4370,4370,Fontenoy,32,Hauts-de-france,0.15,0.15,0.1,0.15,0.1
4371,4371,Fontenoy-le-Château,44,Grand Est,0.15,0.15,0.1,0.15,0.1
4372,4372,Fontet,75,Nouvelle-aquitaine,0.15,0.15,0.1,0.15,0.1
4373,4373,Fontevraud-l'Abbaye,52,Pays De La Loire,0.15,0.15,0.1,0.15,0.1
4374,4374,Fontoy,44,Grand Est,0.15,0.15,0.1,0.15,0.1
4375,4375,Fontvannes,44,Grand Est,0.15,0.15,0.1,0.15,0.1
4376,4376,Fontvieille,93,Provence-alpes-côte D'azur,0.15,0.15,0.1,0.15,0.1
4377,4377,Fontès,76,Occitanie,0.15,0.15,0.1,0.15,0.1
4378,4378,Forbach,44,Grand Est,0.15,0.15,0.1,0.15,0.1
4379,4379,Forcalqueiret,93,Provence-alpes-côte D'azur,0.15,0.15,0.1,0.15,0.1
4380,4380,Forcalquier,93,Provence-alpes-côte D'azur,0.15,0.15,0.1,0.15,0.1
4381,4381,Forcé,52,Pays De La Loire,0.15,0.15,0.1,0.15,0.1
4382,4382,Forest-en-Cambrésis,32,Hauts-de-france,0.15,0.15,0.1,0.15,0.1
4383,4383,Forest-sur-Marque,32,Hauts-de-france,0.15,0.15,0.1,0.15,0.1
4384,4384,Forges,75,Nouvelle-aquitaine,0.15,0.15,0.1,0.15,0.1
4385,4385,Forges-les-Bains,11,Île-de-france,0.15,0.15,0.1,0.15,0.1
4386,4386,Forges-les-Eaux,28,Normandie,0.15,0.15,0.1,0.15,0.1
4387,4387,Formerie,32,Hauts-de-france,0.15,0.15,0.1,0.15,0.1
4388,4388,Fors,75,Nouvelle-aquitaine,0.15,0.15,0.1,0.15,0.1
4389,4389,Forstheim,44,Grand Est,0.15,0.15,0.1,0.15,0.1
4390,4390,Fort-Mahon-Plage,32,Hauts-de-france,0.15,0.15,0.1,0.15,0.1
4391,4391,Fort-Mardyck,32,Hauts-de-france,0.15,0.15,0.1,0.15,0.1
4392,4392,Fortschwihr,44,Grand Est,0.15,0.15,0.1,0.15,0.1
4393,4393,Fos-sur-Mer,93,Provence-alpes-côte D'azur,0.15,0.15,0.1,0.15,0.1
4394,4394,Fossemagne,75,Nouvelle-aquitaine,0.15,0.15,0.1,0.15,0.1
4395,4395,Fosses,11,Île-de-france,0.15,0.15,0.1,0.15,0.1
4396,4396,Fosseuse,32,Hauts-de-france,0.15,0.15,0.1,0.15,0.1
4397,4397,Fossoy,32,Hauts-de-france,0.15,0.15,0.1,0.15,0.1
4398,4398,Fossé,44,Grand Est,0.15,0.15,0.1,0.15,0.1
4399,4399,Foucarmont,28,Normandie,0.15,0.15,0.1,0.15,0.1
4400,4400,Foucherans,27,Bourgogne-franche-comté,0.15,0.15,0.1,0.15,0.1
4401,4401,Fouchy,44,Grand Est,0.15,0.15,0.1,0.15,0.1
4402,4402,Fouesnant,53,Bretagne,0.15,0.15,0.1,0.15,0.1
4403,4403,Foug,44,Grand Est,0.15,0.15,0.1,0.15,0.1
4404,4404,Fougax-et-Barrineuf,76,Occitanie,0.15,0.15,0.1,0.15,0.1
4405,4405,Fougerolles,27,Bourgogne-franche-comté,0.15,0.15,0.1,0.15,0.1
4406,4406,Fougerolles-du-Plessis,52,Pays De La Loire,0.15,0.15,0.1,0.15,0.1
4407,4407,Fougeré,52,Pays De La Loire,0.15,0.15,0.1,0.15,0.1
4408,4408,Fougères,53,Bretagne,0.15,0.15,0.1,0.15,0.1
4409,4409,Fougères-sur-Bièvre,24,Centre-val De Loire,0.15,0.15,0.1,0.15,0.1
4410,4410,Fouillard,,MISSING,0.15,0.15,0.1,0.15,0.1
4411,4411,Fouju,11,Île-de-france,0.15,0.15,0.1,0.15,0.1
4412,4412,Foulain,44,Grand Est,0.15,0.15,0.1,0.15,0.1
4413,4413,Foulayronnes,75,Nouvelle-aquitaine,0.15,0.15,0.1,0.15,0.1
4414,4414,Fouquebrune,75,Nouvelle-aquitaine,0.15,0.15,0.1,0.15,0.1
4415,4415,Fouquereuil,32,Hauts-de-france,0.15,0.15,0.1,0.15,0.1
4416,4416,Fouquières-lès-Béthune,32,Hauts-de-france,0.15,0.15,0.1,0.15,0.1
4417,4417,Fouquières-lès-Lens,32,Hauts-de-france,0.15,0.15,0.1,0.15,0.1
4418,4418,Four,84,Auvergne-rhône-alpes,0.15,0.15,0.1,0.15,0.1
4419,4419,Fouras,75,Nouvelle-aquitaine,0.15,0.15,0.1,0.15,0.1
4420,4420,Fourchambault,27,Bourgogne-franche-comté,0.15,0.15,0.1,0.15,0.1
4421,4421,Fourges,28,Normandie,0.15,0.15,0.1,0.15,0.1
4422,4422,Fourmetot,28,Normandie,0.15,0.15,0.1,0.15,0.1
4423,4423,Fourmies,32,Hauts-de-france,0.15,0.15,0.1,0.15,0.1
4424,4424,Fourneaux,84,Auvergne-rhône-alpes,0.15,0.15,0.1,0.15,0.1
4425,4425,Fournes-en-Weppes,32,Hauts-de-france,0.15,0.15,0.1,0.15,0.1
4426,4426,Fournival,32,Hauts-de-france,0.15,0.15,0.1,0.15,0.1
4427,4427,Fournols,84,Auvergne-rhône-alpes,0.15,0.15,0.1,0.15,0.1
4428,4428,Fournès,76,Occitanie,0.15,0.15,0.1,0.15,0.1
4429,4429,Fourques,76,Occitanie,0.15,0.15,0.1,0.15,0.1
4430,4430,Fourques-sur-Garonne,75,Nouvelle-aquitaine,0.15,0.15,0.1,0.15,0.1
4431,4431,Fourqueux,11,Île-de-france,0.15,0.15,0.1,0.15,0.1
4432,4432,Fourquevaux,76,Occitanie,0.15,0.15,0.1,0.15,0.1
4433,4433,Fours,75,Nouvelle-aquitaine,0.15,0.15,0.1,0.15,0.1
4434,4434,Foussais-Payré,52,Pays De La Loire,0.15,0.15,0.1,0.15,0.1
4435,4435,Foussemagne,27,Bourgogne-franche-comté,0.15,0.15,0.1,0.15,0.1
4436,4436,Foussignac,75,Nouvelle-aquitaine,0.15,0.15,0.1,0.15,0.1
4437,4437,Foëcy,24,Centre-val De Loire,0.15,0.15,0.1,0.15,0.1
4438,4438,Fragnes,27,Bourgogne-franche-comté,0.15,0.15,0.1,0.15,0.1
4439,4439,Frahier-et-Chatebier,27,Bourgogne-franche-comté,0.15,0.15,0.1,0.15,0.1
4440,4440,Fraisans,27,Bourgogne-franche-comté,0.15,0.15,0.1,0.15,0.1
4441,4441,Fraisses,84,Auvergne-rhône-alpes,0.15,0.15,0.1,0.15,0.1
4442,4442,Fraize,44,Grand Est,0.15,0.15,0.1,0.15,0.1
4443,4443,Frambouhans,27,Bourgogne-franche-comté,0.15,0.15,0.1,0.15,0.1
4444,4444,Francaltroff,44,Grand Est,0.15,0.15,0.1,0.15,0.1
4445,4445,Francescas,75,Nouvelle-aquitaine,0.15,0.15,0.1,0.15,0.1
4446,4446,Francheleins,84,Auvergne-rhône-alpes,0.15,0.15,0.1,0.15,0.1
4447,4447,Francheval,44,Grand Est,0.15,0.15,0.1,0.15,0.1
4448,4448,Francheville,84,Auvergne-rhône-alpes,0.15,0.15,0.1,0.15,0.1
4449,4449,Francin,84,Auvergne-rhône-alpes,0.15,0.15,0.1,0.15,0.1
4450,4450,Francières,32,Hauts-de-france,0.15,0.15,0.1,0.15,0.1
4451,4451,Franconville,44,Grand Est,0.15,0.15,0.1,0.15,0.1
4452,4452,Francourville,24,Centre-val De Loire,0.15,0.15,0.1,0.15,0.1
4453,4453,Francueil,24,Centre-val De Loire,0.15,0.15,0.1,0.15,0.1
4454,4454,Frangy,84,Auvergne-rhône-alpes,0.15,0.15,0.1,0.15,0.1
4455,4455,Frangy-en-Bresse,27,Bourgogne-franche-comté,0.15,0.15,0.1,0.15,0.1
4456,4456,Franleu,32,Hauts-de-france,0.15,0.15,0.1,0.15,0.1
4457,4457,Franois,27,Bourgogne-franche-comté,0.15,0.15,0.1,0.15,0.1
4458,4458,Frans,84,Auvergne-rhône-alpes,0.15,0.15,0.1,0.15,0.1
4459,4459,François,75,Nouvelle-aquitaine,0.15,0.15,0.1,0.15,0.1
4460,4460,Frasne,27,Bourgogne-franche-comté,0.15,0.15,0.1,0.15,0.1
4461,4461,Frauenberg,44,Grand Est,0.15,0.15,0.1,0.15,0.1
4462,4462,Frazé,24,Centre-val De Loire,0.15,0.15,0.1,0.15,0.1
4463,4463,Freigné,52,Pays De La Loire,0.15,0.15,0.1,0.15,0.1
4464,4464,Freistroff,44,Grand Est,0.15,0.15,0.1,0.15,0.1
4465,4465,Frelinghien,32,Hauts-de-france,0.15,0.15,0.1,0.15,0.1
4466,4466,Frencq,32,Hauts-de-france,0.15,0.15,0.1,0.15,0.1
4467,4467,Freneuse,28,Normandie,0.15,0.15,0.1,0.15,0.1
4468,4468,Fresnay-en-Retz,52,Pays De La Loire,0.15,0.15,0.1,0.15,0.1
4469,4469,Fresnay-sur-Sarthe,52,Pays De La Loire,0.15,0.15,0.1,0.15,0.1
4470,4470,Fresne-Saint-Mamès,27,Bourgogne-franche-comté,0.15,0.15,0.1,0.15,0.1
4471,4471,Fresne-le-Plan,28,Normandie,0.15,0.15,0.1,0.15,0.1
4472,4472,Fresneaux-Montchevreuil,32,Hauts-de-france,0.15,0.15,0.1,0.15,0.1
4473,4473,Fresnes,32,Hauts-de-france,0.15,0.15,0.1,0.15,0.1
4474,4474,Fresnes-en-Woëvre,44,Grand Est,0.15,0.15,0.1,0.15,0.1
4475,4475,Fresnes-sur-Escaut,32,Hauts-de-france,0.15,0.15,0.1,0.15,0.1
4476,4476,Fresney-le-Puceux,28,Normandie,0.15,0.15,0.1,0.15,0.1
4477,4477,Fresnicourt-le-Dolmen,32,Hauts-de-france,0.15,0.15,0.1,0.15,0.1
4478,4478,Fresnoy-Folny,28,Normandie,0.15,0.15,0.1,0.15,0.1
4479,4479,Fresnoy-en-Thelle,32,Hauts-de-france,0.15,0.15,0.1,0.15,0.1
4480,4480,Fresnoy-la-Rivière,32,Hauts-de-france,0.15,0.15,0.1,0.15,0.1
4481,4481,Fresnoy-le-Grand,32,Hauts-de-france,0.15,0.15,0.1,0.15,0.1
4482,4482,Fressain,32,Hauts-de-france,0.15,0.15,0.1,0.15,0.1
4483,4483,Fresse,27,Bourgogne-franche-comté,0.15,0.15,0.1,0.15,0.1
4484,4484,Fresse-sur-Moselle,44,Grand Est,0.15,0.15,0.1,0.15,0.1
4485,4485,Fresselines,75,Nouvelle-aquitaine,0.15,0.15,0.1,0.15,0.1
4486,4486,Fressenneville,32,Hauts-de-france,0.15,0.15,0.1,0.15,0.1
4487,4487,Fressies,32,Hauts-de-france,0.15,0.15,0.1,0.15,0.1
4488,4488,Fressin,32,Hauts-de-france,0.15,0.15,0.1,0.15,0.1
4489,4489,Fretigney-et-Velloreille,27,Bourgogne-franche-comté,0.15,0.15,0.1,0.15,0.1
4490,4490,Fretin,32,Hauts-de-france,0.15,0.15,0.1,0.15,0.1
4491,4491,Freyming-Merlebach,44,Grand Est,0.15,0.15,0.1,0.15,0.1
4492,4492,Friaucourt,32,Hauts-de-france,0.15,0.15,0.1,0.15,0.1
4493,4493,Friesen,44,Grand Est,0.15,0.15,0.1,0.15,0.1
4494,4494,Friesenheim,44,Grand Est,0.15,0.15,0.1,0.15,0.1
4495,4495,Frignicourt,44,Grand Est,0.15,0.15,0.1,0.15,0.1
4496,4496,Friville-Escarbotin,32,Hauts-de-france,0.15,0.15,0.1,0.15,0.1
4497,4497,Frières-Faillouël,32,Hauts-de-france,0.15,0.15,0.1,0.15,0.1
4498,4498,Froberville,28,Normandie,0.15,0.15,0.1,0.15,0.1
4499,4499,Frocourt,32,Hauts-de-france,0.15,0.15,0.1,0.15,0.1
4500,4500,Froges,84,Auvergne-rhône-alpes,0.15,0.15,0.1,0.15,0.1
4501,4501,Froideconche,27,Bourgogne-franche-comté,0.15,0.15,0.1,0.15,0.1
4502,4502,Froidfond,52,Pays De La Loire,0.15,0.15,0.1,0.15,0.1
4503,4503,Froissy,32,Hauts-de-france,0.15,0.15,0.1,0.15,0.1
4504,4504,Frolois,44,Grand Est,0.15,0.15,0.1,0.15,0.1
4505,4505,Fromelennes,44,Grand Est,0.15,0.15,0.1,0.15,0.1
4506,4506,Fromelles,32,Hauts-de-france,0.15,0.15,0.1,0.15,0.1
4507,4507,Fromental,75,Nouvelle-aquitaine,0.15,0.15,0.1,0.15,0.1
4508,4508,Fromentières,52,Pays De La Loire,0.15,0.15,0.1,0.15,0.1
4509,4509,Froncles,44,Grand Est,0.15,0.15,0.1,0.15,0.1
4510,4510,Fronsac,76,Occitanie,0.15,0.15,0.1,0.15,0.1
4511,4511,Frontenac,76,Occitanie,0.15,0.15,0.1,0.15,0.1
4512,4512,Frontenas,84,Auvergne-rhône-alpes,0.15,0.15,0.1,0.15,0.1
4513,4513,Frontenaud,27,Bourgogne-franche-comté,0.15,0.15,0.1,0.15,0.1
4514,4514,Frontenay-Rohan-Rohan,75,Nouvelle-aquitaine,0.15,0.15,0.1,0.15,0.1
4515,4515,Frontenex,84,Auvergne-rhône-alpes,0.15,0.15,0.1,0.15,0.1
4516,4516,Frontignan,76,Occitanie,0.15,0.15,0.1,0.15,0.1
4517,4517,Fronton,76,Occitanie,0.15,0.15,0.1,0.15,0.1
4518,4518,Frontonas,84,Auvergne-rhône-alpes,0.15,0.15,0.1,0.15,0.1
4519,4519,Frossay,52,Pays De La Loire,0.15,0.15,0.1,0.15,0.1
4520,4520,Frotey-lès-Lure,27,Bourgogne-franche-comté,0.15,0.15,0.1,0.15,0.1
4521,4521,Frotey-lès-Vesoul,27,Bourgogne-franche-comté,0.15,0.15,0.1,0.15,0.1
4522,4522,Frouard,44,Grand Est,0.15,0.15,0.1,0.15,0.1
4523,4523,Frouzins,76,Occitanie,0.15,0.15,0.1,0.15,0.1
4524,4524,Fruges,32,Hauts-de-france,0.15,0.15,0.1,0.15,0.1
4525,4525,Fréhel,53,Bretagne,0.15,0.15,0.1,0.15,0.1
4526,4526,Fréjairolles,76,Occitanie,0.15,0.15,0.1,0.15,0.1
4527,4527,Fréjeville,76,Occitanie,0.15,0.15,0.1,0.15,0.1
4528,4528,Fréjus,93,Provence-alpes-côte D'azur,0.15,0.15,0.1,0.15,0.1
4529,4529,Fréland,44,Grand Est,0.15,0.15,0.1,0.15,0.1
4530,4530,Frépillon,11,Île-de-france,0.15,0.15,0.1,0.15,0.1
4531,4531,Fréteval,24,Centre-val De Loire,0.15,0.15,0.1,0.15,0.1
4532,4532,Fréthun,32,Hauts-de-france,0.15,0.15,0.1,0.15,0.1
4533,4533,Frévent,32,Hauts-de-france,0.15,0.15,0.1,0.15,0.1
4534,4534,Frênes,28,Normandie,0.15,0.15,0.1,0.15,0.1
4535,4535,Frœningen,44,Grand Est,0.15,0.15,0.1,0.15,0.1
4536,4536,Frœschwiller,44,Grand Est,0.15,0.15,0.1,0.15,0.1
4537,4537,Fublaines,11,Île-de-france,0.15,0.15,0.1,0.15,0.1
4538,4538,Fumay,44,Grand Est,0.15,0.15,0.1,0.15,0.1
4539,4539,Fumel,75,Nouvelle-aquitaine,0.15,0.15,0.1,0.15,0.1
4540,4540,Furdenheim,44,Grand Est,0.15,0.15,0.1,0.15,0.1
4541,4541,Furiani,94,Corse,0.15,0.15,0.1,0.15,0.1
4542,4542,Fussy,24,Centre-val De Loire,0.15,0.15,0.1,0.15,0.1
4543,4543,Fuveau,93,Provence-alpes-côte D'azur,0.15,0.15,0.1,0.15,0.1
4544,4544,Fyé,52,Pays De La Loire,0.15,0.15,0.1,0.15,0.1
4545,4545,Fère-Champenoise,44,Grand Est,0.15,0.15,0.1,0.15,0.1
4546,4546,Fère-en-Tardenois,32,Hauts-de-france,0.15,0.15,0.1,0.15,0.1
4547,4547,Fèves,44,Grand Est,0.15,0.15,0.1,0.15,0.1
4548,4548,Fécamp,28,Normandie,0.15,0.15,0.1,0.15,0.1
4549,4549,Féchain,32,Hauts-de-france,0.15,0.15,0.1,0.15,0.1
4550,4550,Fégréac,52,Pays De La Loire,0.15,0.15,0.1,0.15,0.1
4551,4551,Félines,84,Auvergne-rhône-alpes,0.15,0.15,0.1,0.15,0.1
4552,4552,Fénay,27,Bourgogne-franche-comté,0.15,0.15,0.1,0.15,0.1
4553,4553,Fénétrange,44,Grand Est,0.15,0.15,0.1,0.15,0.1
4554,4554,Férel,53,Bretagne,0.15,0.15,0.1,0.15,0.1
4555,4555,Féricy,11,Île-de-france,0.15,0.15,0.1,0.15,0.1
4556,4556,Férin,32,Hauts-de-france,0.15,0.15,0.1,0.15,0.1
4557,4557,Férolles,24,Centre-val De Loire,0.15,0.15,0.1,0.15,0.1
4558,4558,Férolles-Attilly,11,Île-de-france,0.15,0.15,0.1,0.15,0.1
4559,4559,Féternes,84,Auvergne-rhône-alpes,0.15,0.15,0.1,0.15,0.1
4560,4560,Féy,44,Grand Est,0.15,0.15,0.1,0.15,0.1
4561,4561,Gabarret,75,Nouvelle-aquitaine,0.15,0.15,0.1,0.15,0.1
4562,4562,Gabaston,75,Nouvelle-aquitaine,0.15,0.15,0.1,0.15,0.1
4563,4563,Gabian,76,Occitanie,0.15,0.15,0.1,0.15,0.1
4564,4564,Gacé,28,Normandie,0.15,0.15,0.1,0.15,0.1
4565,4565,Gagnac-sur-Garonne,76,Occitanie,0.15,0.15,0.1,0.15,0.1
4566,4566,Gagnières,76,Occitanie,0.15,0.15,0.1,0.15,0.1
4567,4567,Gagny,11,Île-de-france,0.15,0.15,0.1,0.15,0.1
4568,4568,Gahard,53,Bretagne,0.15,0.15,0.1,0.15,0.1
4569,4569,Gaillac,76,Occitanie,0.15,0.15,0.1,0.15,0.1
4570,4570,Gaillac-Toulza,76,Occitanie,0.15,0.15,0.1,0.15,0.1
4571,4571,Gaillan-en-Médoc,75,Nouvelle-aquitaine,0.15,0.15,0.1,0.15,0.1
4572,4572,Gaillard,84,Auvergne-rhône-alpes,0.15,0.15,0.1,0.15,0.1
4573,4573,Gaillefontaine,28,Normandie,0.15,0.15,0.1,0.15,0.1
4574,4574,Gaillon,28,Normandie,0.15,0.15,0.1,0.15,0.1
4575,4575,Gaillon-sur-Montcient,11,Île-de-france,0.15,0.15,0.1,0.15,0.1
4576,4576,Gainneville,28,Normandie,0.15,0.15,0.1,0.15,0.1
4577,4577,Gajan,76,Occitanie,0.15,0.15,0.1,0.15,0.1
4578,4578,Galan,76,Occitanie,0.15,0.15,0.1,0.15,0.1
4579,4579,Galargues,76,Occitanie,0.15,0.15,0.1,0.15,0.1
4580,4580,Galfingue,44,Grand Est,0.15,0.15,0.1,0.15,0.1
4581,4581,Galgon,75,Nouvelle-aquitaine,0.15,0.15,0.1,0.15,0.1
4582,4582,Gallardon,24,Centre-val De Loire,0.15,0.15,0.1,0.15,0.1
4583,4583,Gallargues-le-Montueux,76,Occitanie,0.15,0.15,0.1,0.15,0.1
4584,4584,Galluis,11,Île-de-france,0.15,0.15,0.1,0.15,0.1
4585,4585,Gamaches,32,Hauts-de-france,0.15,0.15,0.1,0.15,0.1
4586,4586,Gamarde-les-Bains,75,Nouvelle-aquitaine,0.15,0.15,0.1,0.15,0.1
4587,4587,Gambais,11,Île-de-france,0.15,0.15,0.1,0.15,0.1
4588,4588,Gambsheim,44,Grand Est,0.15,0.15,0.1,0.15,0.1
4589,4589,Gan,75,Nouvelle-aquitaine,0.15,0.15,0.1,0.15,0.1
4590,4590,Ganac,76,Occitanie,0.15,0.15,0.1,0.15,0.1
4591,4591,Gandelu,32,Hauts-de-france,0.15,0.15,0.1,0.15,0.1
4592,4592,Gandrange,44,Grand Est,0.15,0.15,0.1,0.15,0.1
4593,4593,Ganges,76,Occitanie,0.15,0.15,0.1,0.15,0.1
4594,4594,Gannat,84,Auvergne-rhône-alpes,0.15,0.15,0.1,0.15,0.1
4595,4595,Gap,93,Provence-alpes-côte D'azur,0.15,0.15,0.1,0.15,0.1
4596,4596,Garancières,11,Île-de-france,0.15,0.15,0.1,0.15,0.1
4597,4597,Garat,75,Nouvelle-aquitaine,0.15,0.15,0.1,0.15,0.1
4598,4598,Garcelles-Secqueville,28,Normandie,0.15,0.15,0.1,0.15,0.1
4599,4599,Garches,11,Île-de-france,0.15,0.15,0.1,0.15,0.1
4600,4600,Garchizy,27,Bourgogne-franche-comté,0.15,0.15,0.1,0.15,0.1
4601,4601,Gardanne,93,Provence-alpes-côte D'azur,0.15,0.15,0.1,0.15,0.1
4602,4602,Gardonne,75,Nouvelle-aquitaine,0.15,0.15,0.1,0.15,0.1
4603,4603,Gardouch,76,Occitanie,0.15,0.15,0.1,0.15,0.1
4604,4604,Garencières,28,Normandie,0.15,0.15,0.1,0.15,0.1
4605,4605,Garennes-sur-Eure,28,Normandie,0.15,0.15,0.1,0.15,0.1
4606,4606,Garganvillar,76,Occitanie,0.15,0.15,0.1,0.15,0.1
4607,4607,Gargas,93,Provence-alpes-côte D'azur,0.15,0.15,0.1,0.15,0.1
4608,4608,Gargenville,11,Île-de-france,0.15,0.15,0.1,0.15,0.1
4609,4609,Garges-lès-Gonesse,11,Île-de-france,0.15,0.15,0.1,0.15,0.1
4610,4610,Garidech,76,Occitanie,0.15,0.15,0.1,0.15,0.1
4611,4611,Garindein,75,Nouvelle-aquitaine,0.15,0.15,0.1,0.15,0.1
4612,4612,Garlan,53,Bretagne,0.15,0.15,0.1,0.15,0.1
4613,4613,Garlin,75,Nouvelle-aquitaine,0.15,0.15,0.1,0.15,0.1
4614,4614,Garnat-sur-Engièvre,84,Auvergne-rhône-alpes,0.15,0.15,0.1,0.15,0.1
4615,4615,Garnay,24,Centre-val De Loire,0.15,0.15,0.1,0.15,0.1
4616,4616,Garnerans,84,Auvergne-rhône-alpes,0.15,0.15,0.1,0.15,0.1
4617,4617,Garons,76,Occitanie,0.15,0.15,0.1,0.15,0.1
4618,4618,Garrigues-Sainte-Eulalie,76,Occitanie,0.15,0.15,0.1,0.15,0.1
4619,4619,Garéoult,93,Provence-alpes-côte D'azur,0.15,0.15,0.1,0.15,0.1
4620,4620,Gas,24,Centre-val De Loire,0.15,0.15,0.1,0.15,0.1
4621,4621,Gasny,28,Normandie,0.15,0.15,0.1,0.15,0.1
4622,4622,Gassin,93,Provence-alpes-côte D'azur,0.15,0.15,0.1,0.15,0.1
4623,4623,Gastins,11,Île-de-france,0.15,0.15,0.1,0.15,0.1
4624,4624,Gasville-Oisème,24,Centre-val De Loire,0.15,0.15,0.1,0.15,0.1
4625,4625,Gatteville-le-Phare,28,Normandie,0.15,0.15,0.1,0.15,0.1
4626,4626,Gattières,93,Provence-alpes-côte D'azur,0.15,0.15,0.1,0.15,0.1
4627,4627,Gauchin-Verloingt,32,Hauts-de-france,0.15,0.15,0.1,0.15,0.1
4628,4628,Gauchy,32,Hauts-de-france,0.15,0.15,0.1,0.15,0.1
4629,4629,Gauciel,28,Normandie,0.15,0.15,0.1,0.15,0.1
4630,4630,Gaujac,76,Occitanie,0.15,0.15,0.1,0.15,0.1
4631,4631,Gauriac,75,Nouvelle-aquitaine,0.15,0.15,0.1,0.15,0.1
4632,4632,Gauriaguet,75,Nouvelle-aquitaine,0.15,0.15,0.1,0.15,0.1
4633,4633,Gausson,53,Bretagne,0.15,0.15,0.1,0.15,0.1
4634,4634,Gauville-la-Campagne,28,Normandie,0.15,0.15,0.1,0.15,0.1
4635,4635,Gavisse,44,Grand Est,0.15,0.15,0.1,0.15,0.1
4636,4636,Gavray,28,Normandie,0.15,0.15,0.1,0.15,0.1
4637,4637,Gaye,44,Grand Est,0.15,0.15,0.1,0.15,0.1
4638,4638,Gazeran,11,Île-de-france,0.15,0.15,0.1,0.15,0.1
4639,4639,Gaël,53,Bretagne,0.15,0.15,0.1,0.15,0.1
4640,4640,Geaune,75,Nouvelle-aquitaine,0.15,0.15,0.1,0.15,0.1
4641,4641,Geay,75,Nouvelle-aquitaine,0.15,0.15,0.1,0.15,0.1
4642,4642,Geispolsheim,44,Grand Est,0.15,0.15,0.1,0.15,0.1
4643,4643,Gelles,84,Auvergne-rhône-alpes,0.15,0.15,0.1,0.15,0.1
4644,4644,Gelos,75,Nouvelle-aquitaine,0.15,0.15,0.1,0.15,0.1
4645,4645,Geloux,75,Nouvelle-aquitaine,0.15,0.15,0.1,0.15,0.1
4646,4646,Gemeaux,27,Bourgogne-franche-comté,0.15,0.15,0.1,0.15,0.1
4647,4647,Genac,75,Nouvelle-aquitaine,0.15,0.15,0.1,0.15,0.1
4648,4648,Genainville,11,Île-de-france,0.15,0.15,0.1,0.15,0.1
4649,4649,Genas,84,Auvergne-rhône-alpes,0.15,0.15,0.1,0.15,0.1
4650,4650,Genay,84,Auvergne-rhône-alpes,0.15,0.15,0.1,0.15,0.1
4651,4651,Genech,32,Hauts-de-france,0.15,0.15,0.1,0.15,0.1
4652,4652,Geneston,52,Pays De La Loire,0.15,0.15,0.1,0.15,0.1
4653,4653,Geneuille,27,Bourgogne-franche-comté,0.15,0.15,0.1,0.15,0.1
4654,4654,Genillé,24,Centre-val De Loire,0.15,0.15,0.1,0.15,0.1
4655,4655,Genlis,27,Bourgogne-franche-comté,0.15,0.15,0.1,0.15,0.1
4656,4656,Gennes,52,Pays De La Loire,0.15,0.15,0.1,0.15,0.1
4657,4657,Gennes-sur-Glaize,52,Pays De La Loire,0.15,0.15,0.1,0.15,0.1
4658,4658,Gennes-sur-Seiche,53,Bretagne,0.15,0.15,0.1,0.15,0.1
4659,4659,Genneville,28,Normandie,0.15,0.15,0.1,0.15,0.1
4660,4660,Gennevilliers,11,Île-de-france,0.15,0.15,0.1,0.15,0.1
4661,4661,Genouillac,75,Nouvelle-aquitaine,0.15,0.15,0.1,0.15,0.1
4662,4662,Genouilly,27,Bourgogne-franche-comté,0.15,0.15,0.1,0.15,0.1
4663,4663,Genouillé,75,Nouvelle-aquitaine,0.15,0.15,0.1,0.15,0.1
4664,4664,Gensac,76,Occitanie,0.15,0.15,0.1,0.15,0.1
4665,4665,Gensac-la-Pallue,75,Nouvelle-aquitaine,0.15,0.15,0.1,0.15,0.1
4666,4666,Gentilly,11,Île-de-france,0.15,0.15,0.1,0.15,0.1
4667,4667,Genté,75,Nouvelle-aquitaine,0.15,0.15,0.1,0.15,0.1
4668,4668,Genvry,32,Hauts-de-france,0.15,0.15,0.1,0.15,0.1
4669,4669,Ger,76,Occitanie,0.15,0.15,0.1,0.15,0.1
4670,4670,Gerbépal,44,Grand Est,0.15,0.15,0.1,0.15,0.1
4671,4671,Gerbéviller,44,Grand Est,0.15,0.15,0.1,0.15,0.1
4672,4672,Gerde,76,Occitanie,0.15,0.15,0.1,0.15,0.1
4673,4673,Gergy,27,Bourgogne-franche-comté,0.15,0.15,0.1,0.15,0.1
4674,4674,Germaine,44,Grand Est,0.15,0.15,0.1,0.15,0.1
4675,4675,Germignac,75,Nouvelle-aquitaine,0.15,0.15,0.1,0.15,0.1
4676,4676,Germigny,44,Grand Est,0.15,0.15,0.1,0.15,0.1
4677,4677,Germigny-des-Prés,24,Centre-val De Loire,0.15,0.15,0.1,0.15,0.1
4678,4678,Germigny-sur-Loire,27,Bourgogne-franche-comté,0.15,0.15,0.1,0.15,0.1
4679,4679,Germond-Rouvre,75,Nouvelle-aquitaine,0.15,0.15,0.1,0.15,0.1
4680,4680,Gerstheim,44,Grand Est,0.15,0.15,0.1,0.15,0.1
4681,4681,Gertwiller,44,Grand Est,0.15,0.15,0.1,0.15,0.1
4682,4682,Gerzat,84,Auvergne-rhône-alpes,0.15,0.15,0.1,0.15,0.1
4683,4683,Gesnes-le-Gandelin,52,Pays De La Loire,0.15,0.15,0.1,0.15,0.1
4684,4684,Gespunsart,44,Grand Est,0.15,0.15,0.1,0.15,0.1
4685,4685,Gestel,53,Bretagne,0.15,0.15,0.1,0.15,0.1
4686,4686,Gesté,52,Pays De La Loire,0.15,0.15,0.1,0.15,0.1
4687,4687,Gesvres,52,Pays De La Loire,0.15,0.15,0.1,0.15,0.1
4688,4688,Geudertheim,44,Grand Est,0.15,0.15,0.1,0.15,0.1
4689,4689,Gevingey,27,Bourgogne-franche-comté,0.15,0.15,0.1,0.15,0.1
4690,4690,Gevrey-Chambertin,27,Bourgogne-franche-comté,0.15,0.15,0.1,0.15,0.1
4691,4691,Gevry,27,Bourgogne-franche-comté,0.15,0.15,0.1,0.15,0.1
4692,4692,Gex,84,Auvergne-rhône-alpes,0.15,0.15,0.1,0.15,0.1
4693,4693,Geyssans,84,Auvergne-rhône-alpes,0.15,0.15,0.1,0.15,0.1
4694,4694,Ghisonaccia,94,Corse,0.15,0.15,0.1,0.15,0.1
4695,4695,Ghyvelde,32,Hauts-de-france,0.15,0.15,0.1,0.15,0.1
4696,4696,Giat,84,Auvergne-rhône-alpes,0.15,0.15,0.1,0.15,0.1
4697,4697,Giberville,28,Normandie,0.15,0.15,0.1,0.15,0.1
4698,4698,Gibles,27,Bourgogne-franche-comté,0.15,0.15,0.1,0.15,0.1
4699,4699,Gidy,24,Centre-val De Loire,0.15,0.15,0.1,0.15,0.1
4700,4700,Gien,24,Centre-val De Loire,0.15,0.15,0.1,0.15,0.1
4701,4701,Gif-sur-Yvette,11,Île-de-france,0.15,0.15,0.1,0.15,0.1
4702,4702,Gigean,76,Occitanie,0.15,0.15,0.1,0.15,0.1
4703,4703,Gignac,93,Provence-alpes-côte D'azur,0.15,0.15,0.1,0.15,0.1
4704,4704,Gignac-la-Nerthe,93,Provence-alpes-côte D'azur,0.15,0.15,0.1,0.15,0.1
4705,4705,Gigny-sur-Saône,27,Bourgogne-franche-comté,0.15,0.15,0.1,0.15,0.1
4706,4706,Gigondas,93,Provence-alpes-côte D'azur,0.15,0.15,0.1,0.15,0.1
4707,4707,Gilette,93,Provence-alpes-côte D'azur,0.15,0.15,0.1,0.15,0.1
4708,4708,Gilles,24,Centre-val De Loire,0.15,0.15,0.1,0.15,0.1
4709,4709,Gilley,44,Grand Est,0.15,0.15,0.1,0.15,0.1
4710,4710,Gillonnay,84,Auvergne-rhône-alpes,0.15,0.15,0.1,0.15,0.1
4711,4711,Gilly-lès-Cîteaux,27,Bourgogne-franche-comté,0.15,0.15,0.1,0.15,0.1
4712,4712,Gilly-sur-Isère,84,Auvergne-rhône-alpes,0.15,0.15,0.1,0.15,0.1
4713,4713,Gilly-sur-Loire,27,Bourgogne-franche-comté,0.15,0.15,0.1,0.15,0.1
4714,4714,Gilocourt,32,Hauts-de-france,0.15,0.15,0.1,0.15,0.1
4715,4715,Gimel-les-Cascades,75,Nouvelle-aquitaine,0.15,0.15,0.1,0.15,0.1
4716,4716,Gimeux,75,Nouvelle-aquitaine,0.15,0.15,0.1,0.15,0.1
4717,4717,Gimont,76,Occitanie,0.15,0.15,0.1,0.15,0.1
4718,4718,Gimouille,27,Bourgogne-franche-comté,0.15,0.15,0.1,0.15,0.1
4719,4719,Ginasservis,93,Provence-alpes-côte D'azur,0.15,0.15,0.1,0.15,0.1
4720,4720,Ginestas,76,Occitanie,0.15,0.15,0.1,0.15,0.1
4721,4721,Ginestet,75,Nouvelle-aquitaine,0.15,0.15,0.1,0.15,0.1
4722,4722,Giou-de-Mamou,84,Auvergne-rhône-alpes,0.15,0.15,0.1,0.15,0.1
4723,4723,Girancourt,44,Grand Est,0.15,0.15,0.1,0.15,0.1
4724,4724,Giraumont,44,Grand Est,0.15,0.15,0.1,0.15,0.1
4725,4725,Girmont,44,Grand Est,0.15,0.15,0.1,0.15,0.1
4726,4726,Girolles,27,Bourgogne-franche-comté,0.15,0.15,0.1,0.15,0.1
4727,4727,Giromagny,27,Bourgogne-franche-comté,0.15,0.15,0.1,0.15,0.1
4728,4728,Gironcourt-sur-Vraine,44,Grand Est,0.15,0.15,0.1,0.15,0.1
4729,4729,Gironde-sur-Dropt,75,Nouvelle-aquitaine,0.15,0.15,0.1,0.15,0.1
4730,4730,Gironville-sur-Essonne,11,Île-de-france,0.15,0.15,0.1,0.15,0.1
4731,4731,Giroussens,76,Occitanie,0.15,0.15,0.1,0.15,0.1
4732,4732,Gisors,28,Normandie,0.15,0.15,0.1,0.15,0.1
4733,4733,Gisy-les-Nobles,27,Bourgogne-franche-comté,0.15,0.15,0.1,0.15,0.1
4734,4734,Givenchy-en-Gohelle,32,Hauts-de-france,0.15,0.15,0.1,0.15,0.1
4735,4735,Giverny,28,Normandie,0.15,0.15,0.1,0.15,0.1
4736,4736,Givet,44,Grand Est,0.15,0.15,0.1,0.15,0.1
4737,4737,Givonne,44,Grand Est,0.15,0.15,0.1,0.15,0.1
4738,4738,Givors,84,Auvergne-rhône-alpes,0.15,0.15,0.1,0.15,0.1
4739,4739,Givrand,52,Pays De La Loire,0.15,0.15,0.1,0.15,0.1
4740,4740,Givry,44,Grand Est,0.15,0.15,0.1,0.15,0.1
4741,4741,Givry-en-Argonne,44,Grand Est,0.15,0.15,0.1,0.15,0.1
4742,4742,Gizy,32,Hauts-de-france,0.15,0.15,0.1,0.15,0.1
4743,4743,Gières,84,Auvergne-rhône-alpes,0.15,0.15,0.1,0.15,0.1
4744,4744,Gièvres,24,Centre-val De Loire,0.15,0.15,0.1,0.15,0.1
4745,4745,Giéville,28,Normandie,0.15,0.15,0.1,0.15,0.1
4746,4746,Glaire,44,Grand Est,0.15,0.15,0.1,0.15,0.1
4747,4747,Glandon,75,Nouvelle-aquitaine,0.15,0.15,0.1,0.15,0.1
4748,4748,Gleizé,84,Auvergne-rhône-alpes,0.15,0.15,0.1,0.15,0.1
4749,4749,Glisolles,28,Normandie,0.15,0.15,0.1,0.15,0.1
4750,4750,Glisy,32,Hauts-de-france,0.15,0.15,0.1,0.15,0.1
4751,4751,Glomel,53,Bretagne,0.15,0.15,0.1,0.15,0.1
4752,4752,Glos,28,Normandie,0.15,0.15,0.1,0.15,0.1
4753,4753,Glos-la-Ferrière,28,Normandie,0.15,0.15,0.1,0.15,0.1
4754,4754,Glun,84,Auvergne-rhône-alpes,0.15,0.15,0.1,0.15,0.1
4755,4755,Glénac,53,Bretagne,0.15,0.15,0.1,0.15,0.1
4756,4756,Glénay,75,Nouvelle-aquitaine,0.15,0.15,0.1,0.15,0.1
4757,4757,Glénic,75,Nouvelle-aquitaine,0.15,0.15,0.1,0.15,0.1
4758,4758,Goderville,28,Normandie,0.15,0.15,0.1,0.15,0.1
4759,4759,Godewaersvelde,32,Hauts-de-france,0.15,0.15,0.1,0.15,0.1
4760,4760,Goetzenbruck,44,Grand Est,0.15,0.15,0.1,0.15,0.1
4761,4761,Goincourt,32,Hauts-de-france,0.15,0.15,0.1,0.15,0.1
4762,4762,Golbey,44,Grand Est,0.15,0.15,0.1,0.15,0.1
4763,4763,Golfech,76,Occitanie,0.15,0.15,0.1,0.15,0.1
4764,4764,Gometz-la-Ville,11,Île-de-france,0.15,0.15,0.1,0.15,0.1
4765,4765,Gometz-le-Châtel,11,Île-de-france,0.15,0.15,0.1,0.15,0.1
4766,4766,Gommecourt,32,Hauts-de-france,0.15,0.15,0.1,0.15,0.1
4767,4767,Gommegnies,32,Hauts-de-france,0.15,0.15,0.1,0.15,0.1
4768,4768,Gommerville,28,Normandie,0.15,0.15,0.1,0.15,0.1
4769,4769,Goncelin,84,Auvergne-rhône-alpes,0.15,0.15,0.1,0.15,0.1
4770,4770,Gond-Pontouvre,75,Nouvelle-aquitaine,0.15,0.15,0.1,0.15,0.1
4771,4771,Gondecourt,32,Hauts-de-france,0.15,0.15,0.1,0.15,0.1
4772,4772,Gondeville,75,Nouvelle-aquitaine,0.15,0.15,0.1,0.15,0.1
4773,4773,Gondrecourt-le-Château,44,Grand Est,0.15,0.15,0.1,0.15,0.1
4774,4774,Gondreville,44,Grand Est,0.15,0.15,0.1,0.15,0.1
4775,4775,Gondrin,76,Occitanie,0.15,0.15,0.1,0.15,0.1
4776,4776,Gonesse,11,Île-de-france,0.15,0.15,0.1,0.15,0.1
4777,4777,Gonfaron,93,Provence-alpes-côte D'azur,0.15,0.15,0.1,0.15,0.1
4778,4778,Gonnehem,32,Hauts-de-france,0.15,0.15,0.1,0.15,0.1
4779,4779,Gonneville,28,Normandie,0.15,0.15,0.1,0.15,0.1
4780,4780,Gonneville-la-Mallet,28,Normandie,0.15,0.15,0.1,0.15,0.1
4781,4781,Gonneville-sur-Honfleur,28,Normandie,0.15,0.15,0.1,0.15,0.1
4782,4782,Gonneville-sur-Mer,28,Normandie,0.15,0.15,0.1,0.15,0.1
4783,4783,Gontaud-de-Nogaret,75,Nouvelle-aquitaine,0.15,0.15,0.1,0.15,0.1
4784,4784,Gorbio,93,Provence-alpes-côte D'azur,0.15,0.15,0.1,0.15,0.1
4785,4785,Gorcy,44,Grand Est,0.15,0.15,0.1,0.15,0.1
4786,4786,Gordes,93,Provence-alpes-côte D'azur,0.15,0.15,0.1,0.15,0.1
4787,4787,Gorges,52,Pays De La Loire,0.15,0.15,0.1,0.15,0.1
4788,4788,Gorrevod,84,Auvergne-rhône-alpes,0.15,0.15,0.1,0.15,0.1
4789,4789,Gorron,52,Pays De La Loire,0.15,0.15,0.1,0.15,0.1
4790,4790,Gorze,44,Grand Est,0.15,0.15,0.1,0.15,0.1
4791,4791,Gosnay,32,Hauts-de-france,0.15,0.15,0.1,0.15,0.1
4792,4792,Gosné,53,Bretagne,0.15,0.15,0.1,0.15,0.1
4793,4793,Gosselming,44,Grand Est,0.15,0.15,0.1,0.15,0.1
4794,4794,Gotein,,MISSING,0.15,0.15,0.1,0.15,0.1
4795,4795,Gouaix,11,Île-de-france,0.15,0.15,0.1,0.15,0.1
4796,4796,Gouarec,53,Bretagne,0.15,0.15,0.1,0.15,0.1
4797,4797,Goudargues,76,Occitanie,0.15,0.15,0.1,0.15,0.1
4798,4798,Goudelin,53,Bretagne,0.15,0.15,0.1,0.15,0.1
4799,4799,Goudourville,76,Occitanie,0.15,0.15,0.1,0.15,0.1
4800,4800,Gouesnach,53,Bretagne,0.15,0.15,0.1,0.15,0.1
4801,4801,Gouesnou,53,Bretagne,0.15,0.15,0.1,0.15,0.1
4802,4802,Gouex,75,Nouvelle-aquitaine,0.15,0.15,0.1,0.15,0.1
4803,4803,Goult,93,Provence-alpes-côte D'azur,0.15,0.15,0.1,0.15,0.1
4804,4804,Goupillières,28,Normandie,0.15,0.15,0.1,0.15,0.1
4805,4805,Gourdan-Polignan,76,Occitanie,0.15,0.15,0.1,0.15,0.1
4806,4806,Gourdon,93,Provence-alpes-côte D'azur,0.15,0.15,0.1,0.15,0.1
4807,4807,Gourgé,75,Nouvelle-aquitaine,0.15,0.15,0.1,0.15,0.1
4808,4808,Gourin,53,Bretagne,0.15,0.15,0.1,0.15,0.1
4809,4809,Gourlizon,53,Bretagne,0.15,0.15,0.1,0.15,0.1
4810,4810,Gournay-Loizé,75,Nouvelle-aquitaine,0.15,0.15,0.1,0.15,0.1
4811,4811,Gournay-en-Bray,28,Normandie,0.15,0.15,0.1,0.15,0.1
4812,4812,Gournay-sur-Aronde,32,Hauts-de-france,0.15,0.15,0.1,0.15,0.1
4813,4813,Gournay-sur-Marne,11,Île-de-france,0.15,0.15,0.1,0.15,0.1
4814,4814,Gourville,75,Nouvelle-aquitaine,0.15,0.15,0.1,0.15,0.1
4815,4815,Goussainville,24,Centre-val De Loire,0.15,0.15,0.1,0.15,0.1
4816,4816,Goussonville,11,Île-de-france,0.15,0.15,0.1,0.15,0.1
4817,4817,Gouvernes,11,Île-de-france,0.15,0.15,0.1,0.15,0.1
4818,4818,Gouvieux,32,Hauts-de-france,0.15,0.15,0.1,0.15,0.1
4819,4819,Gouville,28,Normandie,0.15,0.15,0.1,0.15,0.1
4820,4820,Gouville-sur-Mer,28,Normandie,0.15,0.15,0.1,0.15,0.1
4821,4821,Gouvix,28,Normandie,0.15,0.15,0.1,0.15,0.1
4822,4822,Goux-les-Usiers,27,Bourgogne-franche-comté,0.15,0.15,0.1,0.15,0.1
4823,4823,Gouy,32,Hauts-de-france,0.15,0.15,0.1,0.15,0.1
4824,4824,Gouy-Saint-André,32,Hauts-de-france,0.15,0.15,0.1,0.15,0.1
4825,4825,Gouy-sous-Bellonne,32,Hauts-de-france,0.15,0.15,0.1,0.15,0.1
4826,4826,Gouzeaucourt,32,Hauts-de-france,0.15,0.15,0.1,0.15,0.1
4827,4827,Gouzon,75,Nouvelle-aquitaine,0.15,0.15,0.1,0.15,0.1
4828,4828,Gouézec,53,Bretagne,0.15,0.15,0.1,0.15,0.1
4829,4829,Goven,53,Bretagne,0.15,0.15,0.1,0.15,0.1
4830,4830,Goxwiller,44,Grand Est,0.15,0.15,0.1,0.15,0.1
4831,4831,Goyrans,76,Occitanie,0.15,0.15,0.1,0.15,0.1
4832,4832,Goès,75,Nouvelle-aquitaine,0.15,0.15,0.1,0.15,0.1
4833,4833,Grabels,76,Occitanie,0.15,0.15,0.1,0.15,0.1
4834,4834,Gradignan,75,Nouvelle-aquitaine,0.15,0.15,0.1,0.15,0.1
4835,4835,Gragnague,76,Occitanie,0.15,0.15,0.1,0.15,0.1
4836,4836,Graignes-Mesnil-Angot,28,Normandie,0.15,0.15,0.1,0.15,0.1
4837,4837,Graimbouville,28,Normandie,0.15,0.15,0.1,0.15,0.1
4838,4838,Graincourt-lès-Havrincourt,32,Hauts-de-france,0.15,0.15,0.1,0.15,0.1
4839,4839,Grainville,28,Normandie,0.15,0.15,0.1,0.15,0.1
4840,4840,Grainville-Langannerie,28,Normandie,0.15,0.15,0.1,0.15,0.1
4841,4841,Grainville-la-Teinturière,28,Normandie,0.15,0.15,0.1,0.15,0.1
4842,4842,Grainville-sur-Odon,28,Normandie,0.15,0.15,0.1,0.15,0.1
4843,4843,Graissessac,76,Occitanie,0.15,0.15,0.1,0.15,0.1
4844,4844,Gramat,76,Occitanie,0.15,0.15,0.1,0.15,0.1
4845,4845,Grambois,93,Provence-alpes-côte D'azur,0.15,0.15,0.1,0.15,0.1
4846,4846,Grammond,84,Auvergne-rhône-alpes,0.15,0.15,0.1,0.15,0.1
4847,4847,Grand,44,Grand Est,0.15,0.15,0.1,0.15,0.1
4848,4848,Grand-Brassac,75,Nouvelle-aquitaine,0.15,0.15,0.1,0.15,0.1
4849,4849,Grand-Camp,28,Normandie,0.15,0.15,0.1,0.15,0.1
4850,4850,Grand-Champ,53,Bretagne,0.15,0.15,0.1,0.15,0.1
4851,4851,Grand-Charmont,27,Bourgogne-franche-comté,0.15,0.15,0.1,0.15,0.1
4852,4852,Grand-Couronne,28,Normandie,0.15,0.15,0.1,0.15,0.1
4853,4853,Grand-Fort-Philippe,32,Hauts-de-france,0.15,0.15,0.1,0.15,0.1
4854,4854,Grand-Fougeray,53,Bretagne,0.15,0.15,0.1,0.15,0.1
4855,4855,Grandcamp-Maisy,28,Normandie,0.15,0.15,0.1,0.15,0.1
4856,4856,Grande-Synthe,32,Hauts-de-france,0.15,0.15,0.1,0.15,0.1
4857,4857,Grandfontaine,44,Grand Est,0.15,0.15,0.1,0.15,0.1
4858,4858,Grandfresnoy,32,Hauts-de-france,0.15,0.15,0.1,0.15,0.1
4859,4859,Grandpré,44,Grand Est,0.15,0.15,0.1,0.15,0.1
4860,4860,Grandrieu,76,Occitanie,0.15,0.15,0.1,0.15,0.1
4861,4861,Grandris,84,Auvergne-rhône-alpes,0.15,0.15,0.1,0.15,0.1
4862,4862,Grandvillars,27,Bourgogne-franche-comté,0.15,0.15,0.1,0.15,0.1
4863,4863,Grandvillers,44,Grand Est,0.15,0.15,0.1,0.15,0.1
4864,4864,Grandvilliers,32,Hauts-de-france,0.15,0.15,0.1,0.15,0.1
4865,4865,Grane,84,Auvergne-rhône-alpes,0.15,0.15,0.1,0.15,0.1
4866,4866,Granges,27,Bourgogne-franche-comté,0.15,0.15,0.1,0.15,0.1
4867,4867,Granges-Narboz,27,Bourgogne-franche-comté,0.15,0.15,0.1,0.15,0.1
4868,4868,Granges-sur-Lot,75,Nouvelle-aquitaine,0.15,0.15,0.1,0.15,0.1
4869,4869,Granges-sur-Vologne,44,Grand Est,0.15,0.15,0.1,0.15,0.1
4870,4870,Grans,93,Provence-alpes-côte D'azur,0.15,0.15,0.1,0.15,0.1
4871,4871,Granville,28,Normandie,0.15,0.15,0.1,0.15,0.1
4872,4872,Granzay-Gript,75,Nouvelle-aquitaine,0.15,0.15,0.1,0.15,0.1
4873,4873,Grasse,93,Provence-alpes-côte D'azur,0.15,0.15,0.1,0.15,0.1
4874,4874,Gratentour,76,Occitanie,0.15,0.15,0.1,0.15,0.1
4875,4875,Gratot,28,Normandie,0.15,0.15,0.1,0.15,0.1
4876,4876,Graulhet,76,Occitanie,0.15,0.15,0.1,0.15,0.1
4877,4877,Grauves,44,Grand Est,0.15,0.15,0.1,0.15,0.1
4878,4878,Gravelines,32,Hauts-de-france,0.15,0.15,0.1,0.15,0.1
4879,4879,Gravelotte,44,Grand Est,0.15,0.15,0.1,0.15,0.1
4880,4880,Graveson,93,Provence-alpes-côte D'azur,0.15,0.15,0.1,0.15,0.1
4881,4881,Gravigny,28,Normandie,0.15,0.15,0.1,0.15,0.1
4882,4882,Gray,27,Bourgogne-franche-comté,0.15,0.15,0.1,0.15,0.1
4883,4883,Gray-la-Ville,27,Bourgogne-franche-comté,0.15,0.15,0.1,0.15,0.1
4884,4884,Graye-sur-Mer,28,Normandie,0.15,0.15,0.1,0.15,0.1
4885,4885,Grazay,52,Pays De La Loire,0.15,0.15,0.1,0.15,0.1
4886,4886,Graçay,24,Centre-val De Loire,0.15,0.15,0.1,0.15,0.1
4887,4887,Grenade,76,Occitanie,0.15,0.15,0.1,0.15,0.1
4888,4888,Grenay,84,Auvergne-rhône-alpes,0.15,0.15,0.1,0.15,0.1
4889,4889,Grendelbruch,44,Grand Est,0.15,0.15,0.1,0.15,0.1
4890,4890,Greneville-en-Beauce,24,Centre-val De Loire,0.15,0.15,0.1,0.15,0.1
4891,4891,Grenoble,84,Auvergne-rhône-alpes,0.15,0.15,0.1,0.15,0.1
4892,4892,Grentheville,28,Normandie,0.15,0.15,0.1,0.15,0.1
4893,4893,Grentzingen,44,Grand Est,0.15,0.15,0.1,0.15,0.1
4894,4894,Gresswiller,44,Grand Est,0.15,0.15,0.1,0.15,0.1
4895,4895,Gressy,11,Île-de-france,0.15,0.15,0.1,0.15,0.1
4896,4896,Gretz-Armainvilliers,11,Île-de-france,0.15,0.15,0.1,0.15,0.1
4897,4897,Grez-Neuville,52,Pays De La Loire,0.15,0.15,0.1,0.15,0.1
4898,4898,Grez-en-Bouère,52,Pays De La Loire,0.15,0.15,0.1,0.15,0.1
4899,4899,Grez-sur-Loing,11,Île-de-france,0.15,0.15,0.1,0.15,0.1
4900,4900,Gricourt,32,Hauts-de-france,0.15,0.15,0.1,0.15,0.1
4901,4901,Gries,44,Grand Est,0.15,0.15,0.1,0.15,0.1
4902,4902,Griesbach-au-Val,44,Grand Est,0.15,0.15,0.1,0.15,0.1
4903,4903,Griesheim-près-Molsheim,44,Grand Est,0.15,0.15,0.1,0.15,0.1
4904,4904,Griesheim-sur-Souffel,44,Grand Est,0.15,0.15,0.1,0.15,0.1
4905,4905,Grignan,84,Auvergne-rhône-alpes,0.15,0.15,0.1,0.15,0.1
4906,4906,Grignols,75,Nouvelle-aquitaine,0.15,0.15,0.1,0.15,0.1
4907,4907,Grignon,84,Auvergne-rhône-alpes,0.15,0.15,0.1,0.15,0.1
4908,4908,Grigny,84,Auvergne-rhône-alpes,0.15,0.15,0.1,0.15,0.1
4909,4909,Grillon,93,Provence-alpes-côte D'azur,0.15,0.15,0.1,0.15,0.1
4910,4910,Grilly,84,Auvergne-rhône-alpes,0.15,0.15,0.1,0.15,0.1
4911,4911,Grimaud,93,Provence-alpes-côte D'azur,0.15,0.15,0.1,0.15,0.1
4912,4912,Griselles,27,Bourgogne-franche-comté,0.15,0.15,0.1,0.15,0.1
4913,4913,Grisolles,76,Occitanie,0.15,0.15,0.1,0.15,0.1
4914,4914,Grisy-Suisnes,11,Île-de-france,0.15,0.15,0.1,0.15,0.1
4915,4915,Grisy-les-Plâtres,11,Île-de-france,0.15,0.15,0.1,0.15,0.1
4916,4916,Grièges,84,Auvergne-rhône-alpes,0.15,0.15,0.1,0.15,0.1
4917,4917,Groffliers,32,Hauts-de-france,0.15,0.15,0.1,0.15,0.1
4918,4918,Groissiat,84,Auvergne-rhône-alpes,0.15,0.15,0.1,0.15,0.1
4919,4919,Groisy,84,Auvergne-rhône-alpes,0.15,0.15,0.1,0.15,0.1
4920,4920,Groix,53,Bretagne,0.15,0.15,0.1,0.15,0.1
4921,4921,Groléjac,75,Nouvelle-aquitaine,0.15,0.15,0.1,0.15,0.1
4922,4922,Gron,27,Bourgogne-franche-comté,0.15,0.15,0.1,0.15,0.1
4923,4923,Gros-Réderching,44,Grand Est,0.15,0.15,0.1,0.15,0.1
4924,4924,Grosbliederstroff,44,Grand Est,0.15,0.15,0.1,0.15,0.1
4925,4925,Grosbreuil,52,Pays De La Loire,0.15,0.15,0.1,0.15,0.1
4926,4926,Groslay,11,Île-de-france,0.15,0.15,0.1,0.15,0.1
4927,4927,Grosley-sur-Risle,28,Normandie,0.15,0.15,0.1,0.15,0.1
4928,4928,Grosmagny,27,Bourgogne-franche-comté,0.15,0.15,0.1,0.15,0.1
4929,4929,Grospierres,84,Auvergne-rhône-alpes,0.15,0.15,0.1,0.15,0.1
4930,4930,Grosrouvre,11,Île-de-france,0.15,0.15,0.1,0.15,0.1
4931,4931,Grosseto-Prugna,94,Corse,0.15,0.15,0.1,0.15,0.1
4932,4932,Grostenquin,44,Grand Est,0.15,0.15,0.1,0.15,0.1
4933,4933,Grosville,28,Normandie,0.15,0.15,0.1,0.15,0.1
4934,4934,Gruchet-Saint-Siméon,28,Normandie,0.15,0.15,0.1,0.15,0.1
4935,4935,Gruchet-le-Valasse,28,Normandie,0.15,0.15,0.1,0.15,0.1
4936,4936,Grues,52,Pays De La Loire,0.15,0.15,0.1,0.15,0.1
4937,4937,Gruffy,84,Auvergne-rhône-alpes,0.15,0.15,0.1,0.15,0.1
4938,4938,Grugies,32,Hauts-de-france,0.15,0.15,0.1,0.15,0.1
4939,4939,Grugny,28,Normandie,0.15,0.15,0.1,0.15,0.1
4940,4940,Gruissan,76,Occitanie,0.15,0.15,0.1,0.15,0.1
4941,4941,Grundviller,44,Grand Est,0.15,0.15,0.1,0.15,0.1
4942,4942,Grury,27,Bourgogne-franche-comté,0.15,0.15,0.1,0.15,0.1
4943,4943,Gruson,32,Hauts-de-france,0.15,0.15,0.1,0.15,0.1
4944,4944,Grussenheim,44,Grand Est,0.15,0.15,0.1,0.15,0.1
4945,4945,Grâces,53,Bretagne,0.15,0.15,0.1,0.15,0.1
4946,4946,Grèges,28,Normandie,0.15,0.15,0.1,0.15,0.1
4947,4947,Gréasque,93,Provence-alpes-côte D'azur,0.15,0.15,0.1,0.15,0.1
4948,4948,Gréoux-les-Bains,93,Provence-alpes-côte D'azur,0.15,0.15,0.1,0.15,0.1
4949,4949,Grépiac,76,Occitanie,0.15,0.15,0.1,0.15,0.1
4950,4950,Grésy-sur-Aix,84,Auvergne-rhône-alpes,0.15,0.15,0.1,0.15,0.1
4951,4951,Grésy-sur-Isère,84,Auvergne-rhône-alpes,0.15,0.15,0.1,0.15,0.1
4952,4952,Gréville-Hague,28,Normandie,0.15,0.15,0.1,0.15,0.1
4953,4953,Grézac,75,Nouvelle-aquitaine,0.15,0.15,0.1,0.15,0.1
4954,4954,Grézieu-la-Varenne,84,Auvergne-rhône-alpes,0.15,0.15,0.1,0.15,0.1
4955,4955,Grézieu-le-Marché,84,Auvergne-rhône-alpes,0.15,0.15,0.1,0.15,0.1
4956,4956,Grézillac,75,Nouvelle-aquitaine,0.15,0.15,0.1,0.15,0.1
4957,4957,Guainville,24,Centre-val De Loire,0.15,0.15,0.1,0.15,0.1
4958,4958,Guarbecque,32,Hauts-de-france,0.15,0.15,0.1,0.15,0.1
4959,4959,Gueberschwihr,44,Grand Est,0.15,0.15,0.1,0.15,0.1
4960,4960,Guebwiller,44,Grand Est,0.15,0.15,0.1,0.15,0.1
4961,4961,Gueltas,53,Bretagne,0.15,0.15,0.1,0.15,0.1
4962,4962,Guemps,32,Hauts-de-france,0.15,0.15,0.1,0.15,0.1
4963,4963,Guengat,53,Bretagne,0.15,0.15,0.1,0.15,0.1
4964,4964,Guenrouet,52,Pays De La Loire,0.15,0.15,0.1,0.15,0.1
4965,4965,Guenviller,44,Grand Est,0.15,0.15,0.1,0.15,0.1
4966,4966,Guer,53,Bretagne,0.15,0.15,0.1,0.15,0.1
4967,4967,Guerchy,27,Bourgogne-franche-comté,0.15,0.15,0.1,0.15,0.1
4968,4968,Guerlesquin,53,Bretagne,0.15,0.15,0.1,0.15,0.1
4969,4969,Guermantes,11,Île-de-france,0.15,0.15,0.1,0.15,0.1
4970,4970,Guern,53,Bretagne,0.15,0.15,0.1,0.15,0.1
4971,4971,Guernes,11,Île-de-france,0.15,0.15,0.1,0.15,0.1
4972,4972,Guerting,44,Grand Est,0.15,0.15,0.1,0.15,0.1
4973,4973,Guerville,28,Normandie,0.15,0.15,0.1,0.15,0.1
4974,4974,Guesnain,32,Hauts-de-france,0.15,0.15,0.1,0.15,0.1
4975,4975,Guessling-Hémering,44,Grand Est,0.15,0.15,0.1,0.15,0.1
4976,4976,Gueugnon,27,Bourgogne-franche-comté,0.15,0.15,0.1,0.15,0.1
4977,4977,Gueures,28,Normandie,0.15,0.15,0.1,0.15,0.1
4978,4978,Gueux,44,Grand Est,0.15,0.15,0.1,0.15,0.1
4979,4979,Guewenheim,44,Grand Est,0.15,0.15,0.1,0.15,0.1
4980,4980,Guibeville,11,Île-de-france,0.15,0.15,0.1,0.15,0.1
4981,4981,Guichainville,28,Normandie,0.15,0.15,0.1,0.15,0.1
4982,4982,Guiche,75,Nouvelle-aquitaine,0.15,0.15,0.1,0.15,0.1
4983,4983,Guichen,53,Bretagne,0.15,0.15,0.1,0.15,0.1
4984,4984,Guiclan,53,Bretagne,0.15,0.15,0.1,0.15,0.1
4985,4985,Guignen,53,Bretagne,0.15,0.15,0.1,0.15,0.1
4986,4986,Guignes,11,Île-de-france,0.15,0.15,0.1,0.15,0.1
4987,4987,Guigneville-sur-Essonne,11,Île-de-france,0.15,0.15,0.1,0.15,0.1
4988,4988,Guignicourt,32,Hauts-de-france,0.15,0.15,0.1,0.15,0.1
4989,4989,Guilberville,28,Normandie,0.15,0.15,0.1,0.15,0.1
4990,4990,Guilers,53,Bretagne,0.15,0.15,0.1,0.15,0.1
4991,4991,Guilherand-Granges,84,Auvergne-rhône-alpes,0.15,0.15,0.1,0.15,0.1
4992,4992,Guillac,75,Nouvelle-aquitaine,0.15,0.15,0.1,0.15,0.1
4993,4993,Guillaumes,93,Provence-alpes-côte D'azur,0.15,0.15,0.1,0.15,0.1
4994,4994,Guillerval,11,Île-de-france,0.15,0.15,0.1,0.15,0.1
4995,4995,Guillestre,93,Provence-alpes-côte D'azur,0.15,0.15,0.1,0.15,0.1
4996,4996,Guilliers,53,Bretagne,0.15,0.15,0.1,0.15,0.1
4997,4997,Guilly,24,Centre-val De Loire,0.15,0.15,0.1,0.15,0.1
4998,4998,Guilvinec,53,Bretagne,0.15,0.15,0.1,0.15,0.1
4999,4999,Guimaëc,53,Bretagne,0.15,0.15,0.1,0.15,0.1
5000,5000,Guimiliau,53,Bretagne,0.15,0.15,0.1,0.15,0.1
5001,5001,Guimps,75,Nouvelle-aquitaine,0.15,0.15,0.1,0.15,0.1
5002,5002,Guingamp,53,Bretagne,0.15,0.15,0.1,0.15,0.1
5003,5003,Guipavas,53,Bretagne,0.15,0.15,0.1,0.15,0.1
5004,5004,Guipel,53,Bretagne,0.15,0.15,0.1,0.15,0.1
5005,5005,Guipronvel,53,Bretagne,0.15,0.15,0.1,0.15,0.1
5006,5006,Guipry,53,Bretagne,0.15,0.15,0.1,0.15,0.1
5007,5007,Guiscard,32,Hauts-de-france,0.15,0.15,0.1,0.15,0.1
5008,5008,Guiscriff,53,Bretagne,0.15,0.15,0.1,0.15,0.1
5009,5009,Guise,32,Hauts-de-france,0.15,0.15,0.1,0.15,0.1
5010,5010,Guissény,53,Bretagne,0.15,0.15,0.1,0.15,0.1
5011,5011,Guitrancourt,11,Île-de-france,0.15,0.15,0.1,0.15,0.1
5012,5012,Guitté,53,Bretagne,0.15,0.15,0.1,0.15,0.1
5013,5013,Gujan-Mestras,75,Nouvelle-aquitaine,0.15,0.15,0.1,0.15,0.1
5014,5014,Gumbrechtshoffen,44,Grand Est,0.15,0.15,0.1,0.15,0.1
5015,5015,Gundershoffen,44,Grand Est,0.15,0.15,0.1,0.15,0.1
5016,5016,Gundolsheim,44,Grand Est,0.15,0.15,0.1,0.15,0.1
5017,5017,Gunsbach,44,Grand Est,0.15,0.15,0.1,0.15,0.1
5018,5018,Gunstett,44,Grand Est,0.15,0.15,0.1,0.15,0.1
5019,5019,Gurgy,27,Bourgogne-franche-comté,0.15,0.15,0.1,0.15,0.1
5020,5020,Gurmençon,75,Nouvelle-aquitaine,0.15,0.15,0.1,0.15,0.1
5021,5021,Guyancourt,11,Île-de-france,0.15,0.15,0.1,0.15,0.1
5022,5022,Guyans-Vennes,27,Bourgogne-franche-comté,0.15,0.15,0.1,0.15,0.1
5023,5023,Guécélard,52,Pays De La Loire,0.15,0.15,0.1,0.15,0.1
5024,5024,Guégon,53,Bretagne,0.15,0.15,0.1,0.15,0.1
5025,5025,Guéhenno,53,Bretagne,0.15,0.15,0.1,0.15,0.1
5026,5026,Guémar,44,Grand Est,0.15,0.15,0.1,0.15,0.1
5027,5027,Guémené-Penfao,52,Pays De La Loire,0.15,0.15,0.1,0.15,0.1
5028,5028,Guémené-sur-Scorff,53,Bretagne,0.15,0.15,0.1,0.15,0.1
5029,5029,Guénange,44,Grand Est,0.15,0.15,0.1,0.15,0.1
5030,5030,Guénin,53,Bretagne,0.15,0.15,0.1,0.15,0.1
5031,5031,Guérande,52,Pays De La Loire,0.15,0.15,0.1,0.15,0.1
5032,5032,Guérard,11,Île-de-france,0.15,0.15,0.1,0.15,0.1
5033,5033,Guéreins,84,Auvergne-rhône-alpes,0.15,0.15,0.1,0.15,0.1
5034,5034,Guéret,75,Nouvelle-aquitaine,0.15,0.15,0.1,0.15,0.1
5035,5035,Guérigny,27,Bourgogne-franche-comté,0.15,0.15,0.1,0.15,0.1
5036,5036,Guéthary,75,Nouvelle-aquitaine,0.15,0.15,0.1,0.15,0.1
5037,5037,Guînes,32,Hauts-de-france,0.15,0.15,0.1,0.15,0.1
5038,5038,Guîtres,75,Nouvelle-aquitaine,0.15,0.15,0.1,0.15,0.1
5039,5039,Gy,27,Bourgogne-franche-comté,0.15,0.15,0.1,0.15,0.1
5040,5040,Gy-en-Sologne,24,Centre-val De Loire,0.15,0.15,0.1,0.15,0.1
5041,5041,Gy-les-Nonains,24,Centre-val De Loire,0.15,0.15,0.1,0.15,0.1
5042,5042,Gyé-sur-Seine,44,Grand Est,0.15,0.15,0.1,0.15,0.1
5043,5043,Gâtelles,,MISSING,0.15,0.15,0.1,0.15,0.1
5044,5044,Gâvres,53,Bretagne,0.15,0.15,0.1,0.15,0.1
5045,5045,Gélannes,44,Grand Est,0.15,0.15,0.1,0.15,0.1
5046,5046,Gémenos,93,Provence-alpes-côte D'azur,0.15,0.15,0.1,0.15,0.1
5047,5047,Gémozac,75,Nouvelle-aquitaine,0.15,0.15,0.1,0.15,0.1
5048,5048,Génelard,27,Bourgogne-franche-comté,0.15,0.15,0.1,0.15,0.1
5049,5049,Génicourt,11,Île-de-france,0.15,0.15,0.1,0.15,0.1
5050,5050,Génis,75,Nouvelle-aquitaine,0.15,0.15,0.1,0.15,0.1
5051,5051,Génissac,75,Nouvelle-aquitaine,0.15,0.15,0.1,0.15,0.1
5052,5052,Génissiat,,MISSING,0.15,0.15,0.1,0.15,0.1
5053,5053,Génissieux,84,Auvergne-rhône-alpes,0.15,0.15,0.1,0.15,0.1
5054,5054,Génolhac,76,Occitanie,0.15,0.15,0.1,0.15,0.1
5055,5055,Générac,76,Occitanie,0.15,0.15,0.1,0.15,0.1
5056,5056,Générargues,76,Occitanie,0.15,0.15,0.1,0.15,0.1
5057,5057,Géovreisset,84,Auvergne-rhône-alpes,0.15,0.15,0.1,0.15,0.1
5058,5058,Gérardmer,44,Grand Est,0.15,0.15,0.1,0.15,0.1
5059,5059,Gétigné,52,Pays De La Loire,0.15,0.15,0.1,0.15,0.1
5060,5060,Gévezé,53,Bretagne,0.15,0.15,0.1,0.15,0.1
5061,5061,Gœrsdorf,44,Grand Est,0.15,0.15,0.1,0.15,0.1
5062,5062,Gœulzin,32,Hauts-de-france,0.15,0.15,0.1,0.15,0.1
5063,5063,Habarcq,32,Hauts-de-france,0.15,0.15,0.1,0.15,0.1
5064,5064,Habas,75,Nouvelle-aquitaine,0.15,0.15,0.1,0.15,0.1
5065,5065,Habsheim,44,Grand Est,0.15,0.15,0.1,0.15,0.1
5066,5066,Habère-Lullin,84,Auvergne-rhône-alpes,0.15,0.15,0.1,0.15,0.1
5067,5067,Habère-Poche,84,Auvergne-rhône-alpes,0.15,0.15,0.1,0.15,0.1
5068,5068,Hadol,44,Grand Est,0.15,0.15,0.1,0.15,0.1
5069,5069,Haegen,44,Grand Est,0.15,0.15,0.1,0.15,0.1
5070,5070,Hagenbach,44,Grand Est,0.15,0.15,0.1,0.15,0.1
5071,5071,Hagenthal-le-Bas,44,Grand Est,0.15,0.15,0.1,0.15,0.1
5072,5072,Hagetmau,75,Nouvelle-aquitaine,0.15,0.15,0.1,0.15,0.1
5073,5073,Hagondange,44,Grand Est,0.15,0.15,0.1,0.15,0.1
5074,5074,Haguenau,44,Grand Est,0.15,0.15,0.1,0.15,0.1
5075,5075,Haillicourt,32,Hauts-de-france,0.15,0.15,0.1,0.15,0.1
5076,5076,Haironville,44,Grand Est,0.15,0.15,0.1,0.15,0.1
5077,5077,Haisnes,32,Hauts-de-france,0.15,0.15,0.1,0.15,0.1
5078,5078,Hallencourt,32,Hauts-de-france,0.15,0.15,0.1,0.15,0.1
5079,5079,Hallennes-lez-Haubourdin,32,Hauts-de-france,0.15,0.15,0.1,0.15,0.1
5080,5080,Hallines,32,Hauts-de-france,0.15,0.15,0.1,0.15,0.1
5081,5081,Halluin,32,Hauts-de-france,0.15,0.15,0.1,0.15,0.1
5082,5082,Halsou,75,Nouvelle-aquitaine,0.15,0.15,0.1,0.15,0.1
5083,5083,Ham,32,Hauts-de-france,0.15,0.15,0.1,0.15,0.1
5084,5084,Ham-en-Artois,32,Hauts-de-france,0.15,0.15,0.1,0.15,0.1
5085,5085,Ham-sous-Varsberg,44,Grand Est,0.15,0.15,0.1,0.15,0.1
5086,5086,Hambach,44,Grand Est,0.15,0.15,0.1,0.15,0.1
5087,5087,Hambers,52,Pays De La Loire,0.15,0.15,0.1,0.15,0.1
5088,5088,Hambye,28,Normandie,0.15,0.15,0.1,0.15,0.1
5089,5089,Hamel,32,Hauts-de-france,0.15,0.15,0.1,0.15,0.1
5090,5090,Hames-Boucres,32,Hauts-de-france,0.15,0.15,0.1,0.15,0.1
5091,5091,Hanches,24,Centre-val De Loire,0.15,0.15,0.1,0.15,0.1
5092,5092,Hangenbieten,44,Grand Est,0.15,0.15,0.1,0.15,0.1
5093,5093,Hangest-en-Santerre,32,Hauts-de-france,0.15,0.15,0.1,0.15,0.1
5094,5094,Hangest-sur-Somme,32,Hauts-de-france,0.15,0.15,0.1,0.15,0.1
5095,5095,Hannonville-sous-les-Côtes,44,Grand Est,0.15,0.15,0.1,0.15,0.1
5096,5096,Hantay,32,Hauts-de-france,0.15,0.15,0.1,0.15,0.1
5097,5097,Hanvec,53,Bretagne,0.15,0.15,0.1,0.15,0.1
5098,5098,Hanvoile,32,Hauts-de-france,0.15,0.15,0.1,0.15,0.1
5099,5099,Haramont,32,Hauts-de-france,0.15,0.15,0.1,0.15,0.1
5100,5100,Haraucourt,44,Grand Est,0.15,0.15,0.1,0.15,0.1
5101,5101,Harbonnières,32,Hauts-de-france,0.15,0.15,0.1,0.15,0.1
5102,5102,Harcourt,28,Normandie,0.15,0.15,0.1,0.15,0.1
5103,5103,Hardinghen,32,Hauts-de-france,0.15,0.15,0.1,0.15,0.1
5104,5104,Hardinvast,28,Normandie,0.15,0.15,0.1,0.15,0.1
5105,5105,Hardivillers,32,Hauts-de-france,0.15,0.15,0.1,0.15,0.1
5106,5106,Hardricourt,11,Île-de-france,0.15,0.15,0.1,0.15,0.1
5107,5107,Harfleur,28,Normandie,0.15,0.15,0.1,0.15,0.1
5108,5108,Hargarten-aux-Mines,44,Grand Est,0.15,0.15,0.1,0.15,0.1
5109,5109,Hargicourt,32,Hauts-de-france,0.15,0.15,0.1,0.15,0.1
5110,5110,Hargnies,44,Grand Est,0.15,0.15,0.1,0.15,0.1
5111,5111,Harly,32,Hauts-de-france,0.15,0.15,0.1,0.15,0.1
5112,5112,Harnes,32,Hauts-de-france,0.15,0.15,0.1,0.15,0.1
5113,5113,Harol,44,Grand Est,0.15,0.15,0.1,0.15,0.1
5114,5114,Harskirchen,44,Grand Est,0.15,0.15,0.1,0.15,0.1
5115,5115,Hartmannswiller,44,Grand Est,0.15,0.15,0.1,0.15,0.1
5116,5116,Hartzviller,44,Grand Est,0.15,0.15,0.1,0.15,0.1
5117,5117,Hasnon,32,Hauts-de-france,0.15,0.15,0.1,0.15,0.1
5118,5118,Hasparren,75,Nouvelle-aquitaine,0.15,0.15,0.1,0.15,0.1
5119,5119,Haspres,32,Hauts-de-france,0.15,0.15,0.1,0.15,0.1
5120,5120,Hatrize,44,Grand Est,0.15,0.15,0.1,0.15,0.1
5121,5121,Hatten,44,Grand Est,0.15,0.15,0.1,0.15,0.1
5122,5122,Hattenville,28,Normandie,0.15,0.15,0.1,0.15,0.1
5123,5123,Hattmatt,44,Grand Est,0.15,0.15,0.1,0.15,0.1
5124,5124,Hattstatt,44,Grand Est,0.15,0.15,0.1,0.15,0.1
5125,5125,Haubourdin,32,Hauts-de-france,0.15,0.15,0.1,0.15,0.1
5126,5126,Hauconcourt,44,Grand Est,0.15,0.15,0.1,0.15,0.1
5127,5127,Haucourt,44,Grand Est,0.15,0.15,0.1,0.15,0.1
5128,5128,Haudainville,44,Grand Est,0.15,0.15,0.1,0.15,0.1
5129,5129,Haudivillers,32,Hauts-de-france,0.15,0.15,0.1,0.15,0.1
5130,5130,Haulchin,32,Hauts-de-france,0.15,0.15,0.1,0.15,0.1
5131,5131,Haussy,32,Hauts-de-france,0.15,0.15,0.1,0.15,0.1
5132,5132,Haut-Mauco,75,Nouvelle-aquitaine,0.15,0.15,0.1,0.15,0.1
5133,5133,Haute-Amance,44,Grand Est,0.15,0.15,0.1,0.15,0.1
5134,5134,Haute-Goulaine,52,Pays De La Loire,0.15,0.15,0.1,0.15,0.1
5135,5135,Haute-Rivoire,84,Auvergne-rhône-alpes,0.15,0.15,0.1,0.15,0.1
5136,5136,Hautecourt-Romanèche,84,Auvergne-rhône-alpes,0.15,0.15,0.1,0.15,0.1
5137,5137,Hautefage-la-Tour,75,Nouvelle-aquitaine,0.15,0.15,0.1,0.15,0.1
5138,5138,Hautefort,75,Nouvelle-aquitaine,0.15,0.15,0.1,0.15,0.1
5139,5139,Hauteluce,84,Auvergne-rhône-alpes,0.15,0.15,0.1,0.15,0.1
5140,5140,Hauterive,84,Auvergne-rhône-alpes,0.15,0.15,0.1,0.15,0.1
5141,5141,Hauterives,84,Auvergne-rhône-alpes,0.15,0.15,0.1,0.15,0.1
5142,5142,Hauteville-Lompnes,84,Auvergne-rhône-alpes,0.15,0.15,0.1,0.15,0.1
5143,5143,Hauteville-lès-Dijon,27,Bourgogne-franche-comté,0.15,0.15,0.1,0.15,0.1
5144,5144,Hauteville-sur-Fier,84,Auvergne-rhône-alpes,0.15,0.15,0.1,0.15,0.1
5145,5145,Hauteville-sur-Mer,28,Normandie,0.15,0.15,0.1,0.15,0.1
5146,5146,Hautmont,32,Hauts-de-france,0.15,0.15,0.1,0.15,0.1
5147,5147,Hautot-Saint-Sulpice,28,Normandie,0.15,0.15,0.1,0.15,0.1
5148,5148,Hautot-sur-Mer,28,Normandie,0.15,0.15,0.1,0.15,0.1
5149,5149,Hautvillers,44,Grand Est,0.15,0.15,0.1,0.15,0.1
5150,5150,Hauville,28,Normandie,0.15,0.15,0.1,0.15,0.1
5151,5151,Haux,75,Nouvelle-aquitaine,0.15,0.15,0.1,0.15,0.1
5152,5152,Haveluy,32,Hauts-de-france,0.15,0.15,0.1,0.15,0.1
5153,5153,Haverskerque,32,Hauts-de-france,0.15,0.15,0.1,0.15,0.1
5154,5154,Hayange,44,Grand Est,0.15,0.15,0.1,0.15,0.1
5155,5155,Haybes,44,Grand Est,0.15,0.15,0.1,0.15,0.1
5156,5156,Haynecourt,32,Hauts-de-france,0.15,0.15,0.1,0.15,0.1
5157,5157,Hazebrouck,32,Hauts-de-france,0.15,0.15,0.1,0.15,0.1
5158,5158,Heidwiller,44,Grand Est,0.15,0.15,0.1,0.15,0.1
5159,5159,Heiligenberg,44,Grand Est,0.15,0.15,0.1,0.15,0.1
5160,5160,Heiligenstein,44,Grand Est,0.15,0.15,0.1,0.15,0.1
5161,5161,Heillecourt,44,Grand Est,0.15,0.15,0.1,0.15,0.1
5162,5162,Heilles,32,Hauts-de-france,0.15,0.15,0.1,0.15,0.1
5163,5163,Heimersdorf,44,Grand Est,0.15,0.15,0.1,0.15,0.1
5164,5164,Heimsbrunn,44,Grand Est,0.15,0.15,0.1,0.15,0.1
5165,5165,Heining-lès-Bouzonville,44,Grand Est,0.15,0.15,0.1,0.15,0.1
5166,5166,Heiteren,44,Grand Est,0.15,0.15,0.1,0.15,0.1
5167,5167,Helfaut,32,Hauts-de-france,0.15,0.15,0.1,0.15,0.1
5168,5168,Helfrantzkirch,44,Grand Est,0.15,0.15,0.1,0.15,0.1
5169,5169,Hellimer,44,Grand Est,0.15,0.15,0.1,0.15,0.1
5170,5170,Hem,32,Hauts-de-france,0.15,0.15,0.1,0.15,0.1
5171,5171,Hem-Lenglet,32,Hauts-de-france,0.15,0.15,0.1,0.15,0.1
5172,5172,Hendaye,75,Nouvelle-aquitaine,0.15,0.15,0.1,0.15,0.1
5173,5173,Hennebont,53,Bretagne,0.15,0.15,0.1,0.15,0.1
5174,5174,Hennezis,28,Normandie,0.15,0.15,0.1,0.15,0.1
5175,5175,Henrichemont,24,Centre-val De Loire,0.15,0.15,0.1,0.15,0.1
5176,5176,Henridorff,44,Grand Est,0.15,0.15,0.1,0.15,0.1
5177,5177,Henriville,44,Grand Est,0.15,0.15,0.1,0.15,0.1
5178,5178,Henvic,53,Bretagne,0.15,0.15,0.1,0.15,0.1
5179,5179,Herbault,24,Centre-val De Loire,0.15,0.15,0.1,0.15,0.1
5180,5180,Herbeys,84,Auvergne-rhône-alpes,0.15,0.15,0.1,0.15,0.1
5181,5181,Herbignac,52,Pays De La Loire,0.15,0.15,0.1,0.15,0.1
5182,5182,Herbitzheim,44,Grand Est,0.15,0.15,0.1,0.15,0.1
5183,5183,Herblay,11,Île-de-france,0.15,0.15,0.1,0.15,0.1
5184,5184,Herbsheim,44,Grand Est,0.15,0.15,0.1,0.15,0.1
5185,5185,Herchies,32,Hauts-de-france,0.15,0.15,0.1,0.15,0.1
5186,5186,Hergnies,32,Hauts-de-france,0.15,0.15,0.1,0.15,0.1
5187,5187,Herlies,32,Hauts-de-france,0.15,0.15,0.1,0.15,0.1
5188,5188,Herm,75,Nouvelle-aquitaine,0.15,0.15,0.1,0.15,0.1
5189,5189,Hermanville-sur-Mer,28,Normandie,0.15,0.15,0.1,0.15,0.1
5190,5190,Hermes,32,Hauts-de-france,0.15,0.15,0.1,0.15,0.1
5191,5191,Hermies,32,Hauts-de-france,0.15,0.15,0.1,0.15,0.1
5192,5192,Hermillon,84,Auvergne-rhône-alpes,0.15,0.15,0.1,0.15,0.1
5193,5193,Hermival-les-Vaux,28,Normandie,0.15,0.15,0.1,0.15,0.1
5194,5194,Hermonville,44,Grand Est,0.15,0.15,0.1,0.15,0.1
5195,5195,Hermé,11,Île-de-france,0.15,0.15,0.1,0.15,0.1
5196,5196,Herrlisheim,44,Grand Est,0.15,0.15,0.1,0.15,0.1
5197,5197,Herrlisheim-près-Colmar,44,Grand Est,0.15,0.15,0.1,0.15,0.1
5198,5198,Herry,24,Centre-val De Loire,0.15,0.15,0.1,0.15,0.1
5199,5199,Herserange,44,Grand Est,0.15,0.15,0.1,0.15,0.1
5200,5200,Hersin-Coupigny,32,Hauts-de-france,0.15,0.15,0.1,0.15,0.1
5201,5201,Herzeele,32,Hauts-de-france,0.15,0.15,0.1,0.15,0.1
5202,5202,Hesdigneul-lès-Boulogne,32,Hauts-de-france,0.15,0.15,0.1,0.15,0.1
5203,5203,Hesdigneul-lès-Béthune,32,Hauts-de-france,0.15,0.15,0.1,0.15,0.1
5204,5204,Hesdin,32,Hauts-de-france,0.15,0.15,0.1,0.15,0.1
5205,5205,Hesse,44,Grand Est,0.15,0.15,0.1,0.15,0.1
5206,5206,Hessenheim,44,Grand Est,0.15,0.15,0.1,0.15,0.1
5207,5207,Hettange-Grande,44,Grand Est,0.15,0.15,0.1,0.15,0.1
5208,5208,Heuchin,32,Hauts-de-france,0.15,0.15,0.1,0.15,0.1
5209,5209,Heudebouville,28,Normandie,0.15,0.15,0.1,0.15,0.1
5210,5210,Heudicourt,32,Hauts-de-france,0.15,0.15,0.1,0.15,0.1
5211,5211,Heudreville-sur-Eure,28,Normandie,0.15,0.15,0.1,0.15,0.1
5212,5212,Heugas,75,Nouvelle-aquitaine,0.15,0.15,0.1,0.15,0.1
5213,5213,Heugleville-sur-Scie,28,Normandie,0.15,0.15,0.1,0.15,0.1
5214,5214,Heugueville-sur-Sienne,28,Normandie,0.15,0.15,0.1,0.15,0.1
5215,5215,Heuqueville,28,Normandie,0.15,0.15,0.1,0.15,0.1
5216,5216,Heuringhem,32,Hauts-de-france,0.15,0.15,0.1,0.15,0.1
5217,5217,Heyrieux,84,Auvergne-rhône-alpes,0.15,0.15,0.1,0.15,0.1
5218,5218,Hiers,,MISSING,0.15,0.15,0.1,0.15,0.1
5219,5219,Hiersac,75,Nouvelle-aquitaine,0.15,0.15,0.1,0.15,0.1
5220,5220,Hilbesheim,44,Grand Est,0.15,0.15,0.1,0.15,0.1
5221,5221,Hillion,53,Bretagne,0.15,0.15,0.1,0.15,0.1
5222,5222,Hilsenheim,44,Grand Est,0.15,0.15,0.1,0.15,0.1
5223,5223,Hilsprich,44,Grand Est,0.15,0.15,0.1,0.15,0.1
5224,5224,Hindisheim,44,Grand Est,0.15,0.15,0.1,0.15,0.1
5225,5225,Hinges,32,Hauts-de-france,0.15,0.15,0.1,0.15,0.1
5226,5226,Hinx,75,Nouvelle-aquitaine,0.15,0.15,0.1,0.15,0.1
5227,5227,Hipsheim,44,Grand Est,0.15,0.15,0.1,0.15,0.1
5228,5228,Hirel,53,Bretagne,0.15,0.15,0.1,0.15,0.1
5229,5229,Hirsingue,44,Grand Est,0.15,0.15,0.1,0.15,0.1
5230,5230,Hirson,32,Hauts-de-france,0.15,0.15,0.1,0.15,0.1
5231,5231,Hirtzbach,44,Grand Est,0.15,0.15,0.1,0.15,0.1
5232,5232,Hirtzfelden,44,Grand Est,0.15,0.15,0.1,0.15,0.1
5233,5233,Hières-sur-Amby,84,Auvergne-rhône-alpes,0.15,0.15,0.1,0.15,0.1
5234,5234,Hochfelden,44,Grand Est,0.15,0.15,0.1,0.15,0.1
5235,5235,Hochstatt,44,Grand Est,0.15,0.15,0.1,0.15,0.1
5236,5236,Hohengœft,44,Grand Est,0.15,0.15,0.1,0.15,0.1
5237,5237,Holnon,32,Hauts-de-france,0.15,0.15,0.1,0.15,0.1
5238,5238,Holque,32,Hauts-de-france,0.15,0.15,0.1,0.15,0.1
5239,5239,Holtzheim,44,Grand Est,0.15,0.15,0.1,0.15,0.1
5240,5240,Holtzwihr,44,Grand Est,0.15,0.15,0.1,0.15,0.1
5241,5241,Holving,44,Grand Est,0.15,0.15,0.1,0.15,0.1
5242,5242,Hombleux,32,Hauts-de-france,0.15,0.15,0.1,0.15,0.1
5243,5243,Homblières,32,Hauts-de-france,0.15,0.15,0.1,0.15,0.1
5244,5244,Hombourg,44,Grand Est,0.15,0.15,0.1,0.15,0.1
5245,5245,Hombourg-Haut,44,Grand Est,0.15,0.15,0.1,0.15,0.1
5246,5246,Hommarting,44,Grand Est,0.15,0.15,0.1,0.15,0.1
5247,5247,Hommes,24,Centre-val De Loire,0.15,0.15,0.1,0.15,0.1
5248,5248,Homps,76,Occitanie,0.15,0.15,0.1,0.15,0.1
5249,5249,Homécourt,44,Grand Est,0.15,0.15,0.1,0.15,0.1
5250,5250,Hon-Hergies,32,Hauts-de-france,0.15,0.15,0.1,0.15,0.1
5251,5251,Hondainville,32,Hauts-de-france,0.15,0.15,0.1,0.15,0.1
5252,5252,Hondeghem,32,Hauts-de-france,0.15,0.15,0.1,0.15,0.1
5253,5253,Hondouville,28,Normandie,0.15,0.15,0.1,0.15,0.1
5254,5254,Hondschoote,32,Hauts-de-france,0.15,0.15,0.1,0.15,0.1
5255,5255,Honfleur,28,Normandie,0.15,0.15,0.1,0.15,0.1
5256,5256,Honguemare-Guenouville,28,Normandie,0.15,0.15,0.1,0.15,0.1
5257,5257,Honnechy,32,Hauts-de-france,0.15,0.15,0.1,0.15,0.1
5258,5258,Honnecourt-sur-Escaut,32,Hauts-de-france,0.15,0.15,0.1,0.15,0.1
5259,5259,Hontanx,75,Nouvelle-aquitaine,0.15,0.15,0.1,0.15,0.1
5260,5260,Horbourg-Wihr,44,Grand Est,0.15,0.15,0.1,0.15,0.1
5261,5261,Hordain,32,Hauts-de-france,0.15,0.15,0.1,0.15,0.1
5262,5262,Horgues,76,Occitanie,0.15,0.15,0.1,0.15,0.1
5263,5263,Hornaing,32,Hauts-de-france,0.15,0.15,0.1,0.15,0.1
5264,5264,Hornoy-le-Bourg,32,Hauts-de-france,0.15,0.15,0.1,0.15,0.1
5265,5265,Horsarrieu,75,Nouvelle-aquitaine,0.15,0.15,0.1,0.15,0.1
5266,5266,Hostens,75,Nouvelle-aquitaine,0.15,0.15,0.1,0.15,0.1
5267,5267,Hostun,84,Auvergne-rhône-alpes,0.15,0.15,0.1,0.15,0.1
5268,5268,Hottviller,44,Grand Est,0.15,0.15,0.1,0.15,0.1
5269,5269,Houchin,32,Hauts-de-france,0.15,0.15,0.1,0.15,0.1
5270,5270,Houdain,32,Hauts-de-france,0.15,0.15,0.1,0.15,0.1
5271,5271,Houdain-lez-Bavay,32,Hauts-de-france,0.15,0.15,0.1,0.15,0.1
5272,5272,Houdan,11,Île-de-france,0.15,0.15,0.1,0.15,0.1
5273,5273,Houdancourt,32,Hauts-de-france,0.15,0.15,0.1,0.15,0.1
5274,5274,Houdemont,44,Grand Est,0.15,0.15,0.1,0.15,0.1
5275,5275,Houeillès,75,Nouvelle-aquitaine,0.15,0.15,0.1,0.15,0.1
5276,5276,Houilles,11,Île-de-france,0.15,0.15,0.1,0.15,0.1
5277,5277,Houlbec-Cocherel,28,Normandie,0.15,0.15,0.1,0.15,0.1
5278,5278,Houlgate,28,Normandie,0.15,0.15,0.1,0.15,0.1
5279,5279,Houlle,32,Hauts-de-france,0.15,0.15,0.1,0.15,0.1
5280,5280,Houplin-Ancoisne,32,Hauts-de-france,0.15,0.15,0.1,0.15,0.1
5281,5281,Houplines,32,Hauts-de-france,0.15,0.15,0.1,0.15,0.1
5282,5282,Houppeville,28,Normandie,0.15,0.15,0.1,0.15,0.1
5283,5283,Hourtin,75,Nouvelle-aquitaine,0.15,0.15,0.1,0.15,0.1
5284,5284,Houssen,44,Grand Est,0.15,0.15,0.1,0.15,0.1
5285,5285,Houtaud,27,Bourgogne-franche-comté,0.15,0.15,0.1,0.15,0.1
5286,5286,Houtkerque,32,Hauts-de-france,0.15,0.15,0.1,0.15,0.1
5287,5287,Houx,24,Centre-val De Loire,0.15,0.15,0.1,0.15,0.1
5288,5288,Hoymille,32,Hauts-de-france,0.15,0.15,0.1,0.15,0.1
5289,5289,Huby-Saint-Leu,32,Hauts-de-france,0.15,0.15,0.1,0.15,0.1
5290,5290,Huchenneville,32,Hauts-de-france,0.15,0.15,0.1,0.15,0.1
5291,5291,Hucqueliers,32,Hauts-de-france,0.15,0.15,0.1,0.15,0.1
5292,5292,Hudimesnil,28,Normandie,0.15,0.15,0.1,0.15,0.1
5293,5293,Huelgoat,53,Bretagne,0.15,0.15,0.1,0.15,0.1
5294,5294,Huest,28,Normandie,0.15,0.15,0.1,0.15,0.1
5295,5295,Huez,84,Auvergne-rhône-alpes,0.15,0.15,0.1,0.15,0.1
5296,5296,Huismes,24,Centre-val De Loire,0.15,0.15,0.1,0.15,0.1
5297,5297,Huisseau-sur-Cosson,24,Centre-val De Loire,0.15,0.15,0.1,0.15,0.1
5298,5298,Huisseau-sur-Mauves,24,Centre-val De Loire,0.15,0.15,0.1,0.15,0.1
5299,5299,Hulluch,32,Hauts-de-france,0.15,0.15,0.1,0.15,0.1
5300,5300,Humbécourt,44,Grand Est,0.15,0.15,0.1,0.15,0.1
5301,5301,Humes-Jorquenay,44,Grand Est,0.15,0.15,0.1,0.15,0.1
5302,5302,Hunawihr,44,Grand Est,0.15,0.15,0.1,0.15,0.1
5303,5303,Hundling,44,Grand Est,0.15,0.15,0.1,0.15,0.1
5304,5304,Huningue,44,Grand Est,0.15,0.15,0.1,0.15,0.1
5305,5305,Hunting,44,Grand Est,0.15,0.15,0.1,0.15,0.1
5306,5306,Huppy,32,Hauts-de-france,0.15,0.15,0.1,0.15,0.1
5307,5307,Huriel,84,Auvergne-rhône-alpes,0.15,0.15,0.1,0.15,0.1
5308,5308,Hurigny,27,Bourgogne-franche-comté,0.15,0.15,0.1,0.15,0.1
5309,5309,Husseren-Wesserling,44,Grand Est,0.15,0.15,0.1,0.15,0.1
5310,5310,Hussigny-Godbrange,44,Grand Est,0.15,0.15,0.1,0.15,0.1
5311,5311,Huttenheim,44,Grand Est,0.15,0.15,0.1,0.15,0.1
5312,5312,Hymont,44,Grand Est,0.15,0.15,0.1,0.15,0.1
5313,5313,Hyères,93,Provence-alpes-côte D'azur,0.15,0.15,0.1,0.15,0.1
5314,5314,Hèches,76,Occitanie,0.15,0.15,0.1,0.15,0.1
5315,5315,Hébécourt,32,Hauts-de-france,0.15,0.15,0.1,0.15,0.1
5316,5316,Hébécrevon,28,Normandie,0.15,0.15,0.1,0.15,0.1
5317,5317,Hédé-Bazouges,53,Bretagne,0.15,0.15,0.1,0.15,0.1
5318,5318,Hégenheim,44,Grand Est,0.15,0.15,0.1,0.15,0.1
5319,5319,Hélesmes,32,Hauts-de-france,0.15,0.15,0.1,0.15,0.1
5320,5320,Hélette,75,Nouvelle-aquitaine,0.15,0.15,0.1,0.15,0.1
5321,5321,Héloup,28,Normandie,0.15,0.15,0.1,0.15,0.1
5322,5322,Hémonstoir,53,Bretagne,0.15,0.15,0.1,0.15,0.1
5323,5323,Hénanbihen,53,Bretagne,0.15,0.15,0.1,0.15,0.1
5324,5324,Hénansal,53,Bretagne,0.15,0.15,0.1,0.15,0.1
5325,5325,Hénin-Beaumont,32,Hauts-de-france,0.15,0.15,0.1,0.15,0.1
5326,5326,Hénon,53,Bretagne,0.15,0.15,0.1,0.15,0.1
5327,5327,Hénonville,32,Hauts-de-france,0.15,0.15,0.1,0.15,0.1
5328,5328,Hénouville,28,Normandie,0.15,0.15,0.1,0.15,0.1
5329,5329,Héric,52,Pays De La Loire,0.15,0.15,0.1,0.15,0.1
5330,5330,Héricourt,32,Hauts-de-france,0.15,0.15,0.1,0.15,0.1
5331,5331,Héricourt-en-Caux,28,Normandie,0.15,0.15,0.1,0.15,0.1
5332,5332,Héricy,11,Île-de-france,0.15,0.15,0.1,0.15,0.1
5333,5333,Hérimoncourt,27,Bourgogne-franche-comté,0.15,0.15,0.1,0.15,0.1
5334,5334,Hériménil,44,Grand Est,0.15,0.15,0.1,0.15,0.1
5335,5335,Hérin,32,Hauts-de-france,0.15,0.15,0.1,0.15,0.1
5336,5336,Hérissart,32,Hauts-de-france,0.15,0.15,0.1,0.15,0.1
5337,5337,Hérisson,84,Auvergne-rhône-alpes,0.15,0.15,0.1,0.15,0.1
5338,5338,Hérouville,11,Île-de-france,0.15,0.15,0.1,0.15,0.1
5339,5339,Hérouville-Saint-Clair,28,Normandie,0.15,0.15,0.1,0.15,0.1
5340,5340,Hérouvillette,28,Normandie,0.15,0.15,0.1,0.15,0.1
5341,5341,Héry,27,Bourgogne-franche-comté,0.15,0.15,0.1,0.15,0.1
5342,5342,Héry-sur-Alby,84,Auvergne-rhône-alpes,0.15,0.15,0.1,0.15,0.1
5343,5343,Hérépian,76,Occitanie,0.15,0.15,0.1,0.15,0.1
5344,5344,Hésingue,44,Grand Est,0.15,0.15,0.1,0.15,0.1
5345,5345,Hôpital-Camfrout,53,Bretagne,0.15,0.15,0.1,0.15,0.1
5346,5346,Hœnheim,44,Grand Est,0.15,0.15,0.1,0.15,0.1
5347,5347,Hœrdt,44,Grand Est,0.15,0.15,0.1,0.15,0.1
5348,5348,Ibos,76,Occitanie,0.15,0.15,0.1,0.15,0.1
5349,5349,Idron,75,Nouvelle-aquitaine,0.15,0.15,0.1,0.15,0.1
5350,5350,Iffendic,53,Bretagne,0.15,0.15,0.1,0.15,0.1
5351,5351,Ifs,28,Normandie,0.15,0.15,0.1,0.15,0.1
5352,5352,Igney,44,Grand Est,0.15,0.15,0.1,0.15,0.1
5353,5353,Igny,27,Bourgogne-franche-comté,0.15,0.15,0.1,0.15,0.1
5354,5354,Igon,75,Nouvelle-aquitaine,0.15,0.15,0.1,0.15,0.1
5355,5355,Igornay,27,Bourgogne-franche-comté,0.15,0.15,0.1,0.15,0.1
5356,5356,Igoville,28,Normandie,0.15,0.15,0.1,0.15,0.1
5357,5357,Iguerande,27,Bourgogne-franche-comté,0.15,0.15,0.1,0.15,0.1
5358,5358,Igé,28,Normandie,0.15,0.15,0.1,0.15,0.1
5359,5359,Illange,44,Grand Est,0.15,0.15,0.1,0.15,0.1
5360,5360,Illats,75,Nouvelle-aquitaine,0.15,0.15,0.1,0.15,0.1
5361,5361,Ille-sur-Têt,76,Occitanie,0.15,0.15,0.1,0.15,0.1
5362,5362,Illeville-sur-Montfort,28,Normandie,0.15,0.15,0.1,0.15,0.1
5363,5363,Illfurth,44,Grand Est,0.15,0.15,0.1,0.15,0.1
5364,5364,Illhaeusern,44,Grand Est,0.15,0.15,0.1,0.15,0.1
5365,5365,Illiat,84,Auvergne-rhône-alpes,0.15,0.15,0.1,0.15,0.1
5366,5366,Illies,32,Hauts-de-france,0.15,0.15,0.1,0.15,0.1
5367,5367,Illifaut,53,Bretagne,0.15,0.15,0.1,0.15,0.1
5368,5368,Illkirch-Graffenstaden,44,Grand Est,0.15,0.15,0.1,0.15,0.1
5369,5369,Illzach,44,Grand Est,0.15,0.15,0.1,0.15,0.1
5370,5370,Imling,44,Grand Est,0.15,0.15,0.1,0.15,0.1
5371,5371,Imphy,27,Bourgogne-franche-comté,0.15,0.15,0.1,0.15,0.1
5372,5372,Incheville,28,Normandie,0.15,0.15,0.1,0.15,0.1
5373,5373,Inchy,32,Hauts-de-france,0.15,0.15,0.1,0.15,0.1
5374,5374,Inchy-en-Artois,32,Hauts-de-france,0.15,0.15,0.1,0.15,0.1
5375,5375,Indre,52,Pays De La Loire,0.15,0.15,0.1,0.15,0.1
5376,5376,Ingersheim,44,Grand Est,0.15,0.15,0.1,0.15,0.1
5377,5377,Ingrandes,75,Nouvelle-aquitaine,0.15,0.15,0.1,0.15,0.1
5378,5378,Ingrandes-de-Touraine,24,Centre-val De Loire,0.15,0.15,0.1,0.15,0.1
5379,5379,Ingré,24,Centre-val De Loire,0.15,0.15,0.1,0.15,0.1
5380,5380,Inguiniel,53,Bretagne,0.15,0.15,0.1,0.15,0.1
5381,5381,Ingwiller,44,Grand Est,0.15,0.15,0.1,0.15,0.1
5382,5382,Innenheim,44,Grand Est,0.15,0.15,0.1,0.15,0.1
5383,5383,Insming,44,Grand Est,0.15,0.15,0.1,0.15,0.1
5384,5384,Ippling,44,Grand Est,0.15,0.15,0.1,0.15,0.1
5385,5385,Irigny,84,Auvergne-rhône-alpes,0.15,0.15,0.1,0.15,0.1
5386,5386,Irissarry,75,Nouvelle-aquitaine,0.15,0.15,0.1,0.15,0.1
5387,5387,Irmstett,,MISSING,0.15,0.15,0.1,0.15,0.1
5388,5388,Irodouër,53,Bretagne,0.15,0.15,0.1,0.15,0.1
5389,5389,Irvillac,53,Bretagne,0.15,0.15,0.1,0.15,0.1
5390,5390,Is-en-Bassigny,44,Grand Est,0.15,0.15,0.1,0.15,0.1
5391,5391,Is-sur-Tille,27,Bourgogne-franche-comté,0.15,0.15,0.1,0.15,0.1
5392,5392,Isbergues,32,Hauts-de-france,0.15,0.15,0.1,0.15,0.1
5393,5393,Isdes,24,Centre-val De Loire,0.15,0.15,0.1,0.15,0.1
5394,5394,Isigny-le-Buat,28,Normandie,0.15,0.15,0.1,0.15,0.1
5395,5395,Isigny-sur-Mer,28,Normandie,0.15,0.15,0.1,0.15,0.1
5396,5396,Isle,75,Nouvelle-aquitaine,0.15,0.15,0.1,0.15,0.1
5397,5397,Isle-Aumont,44,Grand Est,0.15,0.15,0.1,0.15,0.1
5398,5398,Isle-Saint-Georges,75,Nouvelle-aquitaine,0.15,0.15,0.1,0.15,0.1
5399,5399,Isles-les-Meldeuses,11,Île-de-france,0.15,0.15,0.1,0.15,0.1
5400,5400,Isles-lès-Villenoy,11,Île-de-france,0.15,0.15,0.1,0.15,0.1
5401,5401,Isles-sur-Suippe,44,Grand Est,0.15,0.15,0.1,0.15,0.1
5402,5402,Isneauville,28,Normandie,0.15,0.15,0.1,0.15,0.1
5403,5403,Isola,93,Provence-alpes-côte D'azur,0.15,0.15,0.1,0.15,0.1
5404,5404,Ispagnac,76,Occitanie,0.15,0.15,0.1,0.15,0.1
5405,5405,Ispoure,75,Nouvelle-aquitaine,0.15,0.15,0.1,0.15,0.1
5406,5406,Isques,32,Hauts-de-france,0.15,0.15,0.1,0.15,0.1
5407,5407,Issenheim,44,Grand Est,0.15,0.15,0.1,0.15,0.1
5408,5408,Issigeac,75,Nouvelle-aquitaine,0.15,0.15,0.1,0.15,0.1
5409,5409,Issoire,84,Auvergne-rhône-alpes,0.15,0.15,0.1,0.15,0.1
5410,5410,Issou,11,Île-de-france,0.15,0.15,0.1,0.15,0.1
5411,5411,Issoudun,24,Centre-val De Loire,0.15,0.15,0.1,0.15,0.1
5412,5412,Issy-les-Moulineaux,11,Île-de-france,0.15,0.15,0.1,0.15,0.1
5413,5413,Issé,52,Pays De La Loire,0.15,0.15,0.1,0.15,0.1
5414,5414,Istres,93,Provence-alpes-côte D'azur,0.15,0.15,0.1,0.15,0.1
5415,5415,Itancourt,32,Hauts-de-france,0.15,0.15,0.1,0.15,0.1
5416,5416,Iteuil,75,Nouvelle-aquitaine,0.15,0.15,0.1,0.15,0.1
5417,5417,Ittenheim,44,Grand Est,0.15,0.15,0.1,0.15,0.1
5418,5418,Itteville,11,Île-de-france,0.15,0.15,0.1,0.15,0.1
5419,5419,Ittlenheim,,MISSING,0.15,0.15,0.1,0.15,0.1
5420,5420,Itxassou,75,Nouvelle-aquitaine,0.15,0.15,0.1,0.15,0.1
5421,5421,Iverny,11,Île-de-france,0.15,0.15,0.1,0.15,0.1
5422,5422,Ivoy-le-Pré,24,Centre-val De Loire,0.15,0.15,0.1,0.15,0.1
5423,5423,Ivry-la-Bataille,28,Normandie,0.15,0.15,0.1,0.15,0.1
5424,5424,Ivry-le-Temple,32,Hauts-de-france,0.15,0.15,0.1,0.15,0.1
5425,5425,Ivry-sur-Seine,11,Île-de-france,0.15,0.15,0.1,0.15,0.1
5426,5426,Iwuy,32,Hauts-de-france,0.15,0.15,0.1,0.15,0.1
5427,5427,Izeaux,84,Auvergne-rhône-alpes,0.15,0.15,0.1,0.15,0.1
5428,5428,Izel-lès-Hameau,32,Hauts-de-france,0.15,0.15,0.1,0.15,0.1
5429,5429,Izel-lès-Équerchin,32,Hauts-de-france,0.15,0.15,0.1,0.15,0.1
5430,5430,Izernore,84,Auvergne-rhône-alpes,0.15,0.15,0.1,0.15,0.1
5431,5431,Izeron,84,Auvergne-rhône-alpes,0.15,0.15,0.1,0.15,0.1
5432,5432,Izeure,27,Bourgogne-franche-comté,0.15,0.15,0.1,0.15,0.1
5433,5433,Izier,27,Bourgogne-franche-comté,0.15,0.15,0.1,0.15,0.1
5434,5434,Izon,75,Nouvelle-aquitaine,0.15,0.15,0.1,0.15,0.1
5435,5435,Jablines,11,Île-de-france,0.15,0.15,0.1,0.15,0.1
5436,5436,Jacob-Bellecombette,84,Auvergne-rhône-alpes,0.15,0.15,0.1,0.15,0.1
5437,5437,Jacou,76,Occitanie,0.15,0.15,0.1,0.15,0.1
5438,5438,Jaillans,84,Auvergne-rhône-alpes,0.15,0.15,0.1,0.15,0.1
5439,5439,Jaligny-sur-Besbre,84,Auvergne-rhône-alpes,0.15,0.15,0.1,0.15,0.1
5440,5440,Jallais,52,Pays De La Loire,0.15,0.15,0.1,0.15,0.1
5441,5441,Jallans,24,Centre-val De Loire,0.15,0.15,0.1,0.15,0.1
5442,5442,Jambville,11,Île-de-france,0.15,0.15,0.1,0.15,0.1
5443,5443,Janneyrias,84,Auvergne-rhône-alpes,0.15,0.15,0.1,0.15,0.1
5444,5444,Jans,52,Pays De La Loire,0.15,0.15,0.1,0.15,0.1
5445,5445,Janville,32,Hauts-de-france,0.15,0.15,0.1,0.15,0.1
5446,5446,Janville-sur-Juine,11,Île-de-france,0.15,0.15,0.1,0.15,0.1
5447,5447,Janvry,44,Grand Est,0.15,0.15,0.1,0.15,0.1
5448,5448,Janzé,53,Bretagne,0.15,0.15,0.1,0.15,0.1
5449,5449,Jarcieu,84,Auvergne-rhône-alpes,0.15,0.15,0.1,0.15,0.1
5450,5450,Jard-sur-Mer,52,Pays De La Loire,0.15,0.15,0.1,0.15,0.1
5451,5451,Jardin,84,Auvergne-rhône-alpes,0.15,0.15,0.1,0.15,0.1
5452,5452,Jardres,75,Nouvelle-aquitaine,0.15,0.15,0.1,0.15,0.1
5453,5453,Jargeau,24,Centre-val De Loire,0.15,0.15,0.1,0.15,0.1
5454,5454,Jarnac,75,Nouvelle-aquitaine,0.15,0.15,0.1,0.15,0.1
5455,5455,Jarnac-Champagne,75,Nouvelle-aquitaine,0.15,0.15,0.1,0.15,0.1
5456,5456,Jarnages,75,Nouvelle-aquitaine,0.15,0.15,0.1,0.15,0.1
5457,5457,Jarnioux,84,Auvergne-rhône-alpes,0.15,0.15,0.1,0.15,0.1
5458,5458,Jarny,44,Grand Est,0.15,0.15,0.1,0.15,0.1
5459,5459,Jarrie,84,Auvergne-rhône-alpes,0.15,0.15,0.1,0.15,0.1
5460,5460,Jars,24,Centre-val De Loire,0.15,0.15,0.1,0.15,0.1
5461,5461,Jarville-la-Malgrange,44,Grand Est,0.15,0.15,0.1,0.15,0.1
5462,5462,Jarzé,52,Pays De La Loire,0.15,0.15,0.1,0.15,0.1
5463,5463,Jassans-Riottier,84,Auvergne-rhône-alpes,0.15,0.15,0.1,0.15,0.1
5464,5464,Jasseron,84,Auvergne-rhône-alpes,0.15,0.15,0.1,0.15,0.1
5465,5465,Jatxou,75,Nouvelle-aquitaine,0.15,0.15,0.1,0.15,0.1
5466,5466,Jaujac,84,Auvergne-rhône-alpes,0.15,0.15,0.1,0.15,0.1
5467,5467,Jauldes,75,Nouvelle-aquitaine,0.15,0.15,0.1,0.15,0.1
5468,5468,Jaulgonne,32,Hauts-de-france,0.15,0.15,0.1,0.15,0.1
5469,5469,Jaulzy,32,Hauts-de-france,0.15,0.15,0.1,0.15,0.1
5470,5470,Jaunay-Clan,75,Nouvelle-aquitaine,0.15,0.15,0.1,0.15,0.1
5471,5471,Jausiers,93,Provence-alpes-côte D'azur,0.15,0.15,0.1,0.15,0.1
5472,5472,Jaux,32,Hauts-de-france,0.15,0.15,0.1,0.15,0.1
5473,5473,Javené,53,Bretagne,0.15,0.15,0.1,0.15,0.1
5474,5474,Javerdat,75,Nouvelle-aquitaine,0.15,0.15,0.1,0.15,0.1
5475,5475,Javerlhac,,MISSING,0.15,0.15,0.1,0.15,0.1
5476,5476,Javrezac,75,Nouvelle-aquitaine,0.15,0.15,0.1,0.15,0.1
5477,5477,Javron-les-Chapelles,52,Pays De La Loire,0.15,0.15,0.1,0.15,0.1
5478,5478,Jayat,84,Auvergne-rhône-alpes,0.15,0.15,0.1,0.15,0.1
5479,5479,Jazeneuil,75,Nouvelle-aquitaine,0.15,0.15,0.1,0.15,0.1
5480,5480,Jeandelaincourt,44,Grand Est,0.15,0.15,0.1,0.15,0.1
5481,5481,Jeanménil,44,Grand Est,0.15,0.15,0.1,0.15,0.1
5482,5482,Jebsheim,44,Grand Est,0.15,0.15,0.1,0.15,0.1
5483,5483,Jegun,76,Occitanie,0.15,0.15,0.1,0.15,0.1
5484,5484,Jenlain,32,Hauts-de-france,0.15,0.15,0.1,0.15,0.1
5485,5485,Jettingen,44,Grand Est,0.15,0.15,0.1,0.15,0.1
5486,5486,Jeumont,32,Hauts-de-france,0.15,0.15,0.1,0.15,0.1
5487,5487,Jeuxey,44,Grand Est,0.15,0.15,0.1,0.15,0.1
5488,5488,Jezainville,44,Grand Est,0.15,0.15,0.1,0.15,0.1
5489,5489,Job,84,Auvergne-rhône-alpes,0.15,0.15,0.1,0.15,0.1
5490,5490,Joigny,27,Bourgogne-franche-comté,0.15,0.15,0.1,0.15,0.1
5491,5491,Joigny-sur-Meuse,44,Grand Est,0.15,0.15,0.1,0.15,0.1
5492,5492,Joinville,44,Grand Est,0.15,0.15,0.1,0.15,0.1
5493,5493,Joinville-le-Pont,11,Île-de-france,0.15,0.15,0.1,0.15,0.1
5494,5494,Jolimetz,32,Hauts-de-france,0.15,0.15,0.1,0.15,0.1
5495,5495,Jolivet,44,Grand Est,0.15,0.15,0.1,0.15,0.1
5496,5496,Jonage,84,Auvergne-rhône-alpes,0.15,0.15,0.1,0.15,0.1
5497,5497,Joncherey,27,Bourgogne-franche-comté,0.15,0.15,0.1,0.15,0.1
5498,5498,Jonchery,44,Grand Est,0.15,0.15,0.1,0.15,0.1
5499,5499,Jonchery-sur-Vesle,44,Grand Est,0.15,0.15,0.1,0.15,0.1
5500,5500,Jonquerettes,93,Provence-alpes-côte D'azur,0.15,0.15,0.1,0.15,0.1
5501,5501,Jonquières,93,Provence-alpes-côte D'azur,0.15,0.15,0.1,0.15,0.1
5502,5502,Jonquières-Saint-Vincent,76,Occitanie,0.15,0.15,0.1,0.15,0.1
5503,5503,Jons,84,Auvergne-rhône-alpes,0.15,0.15,0.1,0.15,0.1
5504,5504,Jonzac,75,Nouvelle-aquitaine,0.15,0.15,0.1,0.15,0.1
5505,5505,Jonzier,,MISSING,0.15,0.15,0.1,0.15,0.1
5506,5506,Jonzieux,84,Auvergne-rhône-alpes,0.15,0.15,0.1,0.15,0.1
5507,5507,Josnes,24,Centre-val De Loire,0.15,0.15,0.1,0.15,0.1
5508,5508,Josse,75,Nouvelle-aquitaine,0.15,0.15,0.1,0.15,0.1
5509,5509,Josselin,53,Bretagne,0.15,0.15,0.1,0.15,0.1
5510,5510,Jossigny,11,Île-de-france,0.15,0.15,0.1,0.15,0.1
5511,5511,Jouarre,11,Île-de-france,0.15,0.15,0.1,0.15,0.1
5512,5512,Jouars-Pontchartrain,11,Île-de-france,0.15,0.15,0.1,0.15,0.1
5513,5513,Joudreville,44,Grand Est,0.15,0.15,0.1,0.15,0.1
5514,5514,Jouet-sur-l'Aubois,24,Centre-val De Loire,0.15,0.15,0.1,0.15,0.1
5515,5515,Jougne,27,Bourgogne-franche-comté,0.15,0.15,0.1,0.15,0.1
5516,5516,Jouques,93,Provence-alpes-côte D'azur,0.15,0.15,0.1,0.15,0.1
5517,5517,Jourgnac,75,Nouvelle-aquitaine,0.15,0.15,0.1,0.15,0.1
5518,5518,Joux,84,Auvergne-rhône-alpes,0.15,0.15,0.1,0.15,0.1
5519,5519,Joux-la-Ville,27,Bourgogne-franche-comté,0.15,0.15,0.1,0.15,0.1
5520,5520,Jouy,27,Bourgogne-franche-comté,0.15,0.15,0.1,0.15,0.1
5521,5521,Jouy-Mauvoisin,11,Île-de-france,0.15,0.15,0.1,0.15,0.1
5522,5522,Jouy-aux-Arches,44,Grand Est,0.15,0.15,0.1,0.15,0.1
5523,5523,Jouy-en-Josas,11,Île-de-france,0.15,0.15,0.1,0.15,0.1
5524,5524,Jouy-le-Châtel,11,Île-de-france,0.15,0.15,0.1,0.15,0.1
5525,5525,Jouy-le-Moutier,11,Île-de-france,0.15,0.15,0.1,0.15,0.1
5526,5526,Jouy-le-Potier,24,Centre-val De Loire,0.15,0.15,0.1,0.15,0.1
5527,5527,Jouy-sous-Thelle,32,Hauts-de-france,0.15,0.15,0.1,0.15,0.1
5528,5528,Jouy-sur-Eure,28,Normandie,0.15,0.15,0.1,0.15,0.1
5529,5529,Jouy-sur-Morin,11,Île-de-france,0.15,0.15,0.1,0.15,0.1
5530,5530,Joué-en-Charnie,52,Pays De La Loire,0.15,0.15,0.1,0.15,0.1
5531,5531,Joué-lès-Tours,24,Centre-val De Loire,0.15,0.15,0.1,0.15,0.1
5532,5532,Joyeuse,84,Auvergne-rhône-alpes,0.15,0.15,0.1,0.15,0.1
5533,5533,Joze,84,Auvergne-rhône-alpes,0.15,0.15,0.1,0.15,0.1
5534,5534,Juaye-Mondaye,28,Normandie,0.15,0.15,0.1,0.15,0.1
5535,5535,Jublains,52,Pays De La Loire,0.15,0.15,0.1,0.15,0.1
5536,5536,Jugeals-Nazareth,75,Nouvelle-aquitaine,0.15,0.15,0.1,0.15,0.1
5537,5537,Jugon-les-Lacs,53,Bretagne,0.15,0.15,0.1,0.15,0.1
5538,5538,Juigné,,MISSING,0.15,0.15,0.1,0.15,0.1
5539,5539,Juigné-sur-Loire,52,Pays De La Loire,0.15,0.15,0.1,0.15,0.1
5540,5540,Juigné-sur-Sarthe,52,Pays De La Loire,0.15,0.15,0.1,0.15,0.1
5541,5541,Juillac,76,Occitanie,0.15,0.15,0.1,0.15,0.1
5542,5542,Juillac-le-Coq,75,Nouvelle-aquitaine,0.15,0.15,0.1,0.15,0.1
5543,5543,Juillan,76,Occitanie,0.15,0.15,0.1,0.15,0.1
5544,5544,Juilly,27,Bourgogne-franche-comté,0.15,0.15,0.1,0.15,0.1
5545,5545,Jujurieux,84,Auvergne-rhône-alpes,0.15,0.15,0.1,0.15,0.1
5546,5546,Juliénas,84,Auvergne-rhône-alpes,0.15,0.15,0.1,0.15,0.1
5547,5547,Jullouville,28,Normandie,0.15,0.15,0.1,0.15,0.1
5548,5548,Jumeauville,11,Île-de-france,0.15,0.15,0.1,0.15,0.1
5549,5549,Jumeaux,84,Auvergne-rhône-alpes,0.15,0.15,0.1,0.15,0.1
5550,5550,Jumelles,28,Normandie,0.15,0.15,0.1,0.15,0.1
5551,5551,Jumilhac-le-Grand,75,Nouvelle-aquitaine,0.15,0.15,0.1,0.15,0.1
5552,5552,Jumièges,28,Normandie,0.15,0.15,0.1,0.15,0.1
5553,5553,Junas,76,Occitanie,0.15,0.15,0.1,0.15,0.1
5554,5554,Jungholtz,44,Grand Est,0.15,0.15,0.1,0.15,0.1
5555,5555,Juniville,44,Grand Est,0.15,0.15,0.1,0.15,0.1
5556,5556,Jupilles,52,Pays De La Loire,0.15,0.15,0.1,0.15,0.1
5557,5557,Jurançon,75,Nouvelle-aquitaine,0.15,0.15,0.1,0.15,0.1
5558,5558,Jurignac,75,Nouvelle-aquitaine,0.15,0.15,0.1,0.15,0.1
5559,5559,Jurques,28,Normandie,0.15,0.15,0.1,0.15,0.1
5560,5560,Jury,44,Grand Est,0.15,0.15,0.1,0.15,0.1
5561,5561,Jussac,84,Auvergne-rhône-alpes,0.15,0.15,0.1,0.15,0.1
5562,5562,Jussey,27,Bourgogne-franche-comté,0.15,0.15,0.1,0.15,0.1
5563,5563,Jussy,44,Grand Est,0.15,0.15,0.1,0.15,0.1
5564,5564,Jussy-le-Chaudrier,24,Centre-val De Loire,0.15,0.15,0.1,0.15,0.1
5565,5565,Jutigny,11,Île-de-france,0.15,0.15,0.1,0.15,0.1
5566,5566,Juvardeil,52,Pays De La Loire,0.15,0.15,0.1,0.15,0.1
5567,5567,Juvignac,76,Occitanie,0.15,0.15,0.1,0.15,0.1
5568,5568,Juvigny,84,Auvergne-rhône-alpes,0.15,0.15,0.1,0.15,0.1
5569,5569,Juvigny-le-Tertre,28,Normandie,0.15,0.15,0.1,0.15,0.1
5570,5570,Juvigny-sous-Andaine,28,Normandie,0.15,0.15,0.1,0.15,0.1
5571,5571,Juvigné,52,Pays De La Loire,0.15,0.15,0.1,0.15,0.1
5572,5572,Juvisy-sur-Orge,11,Île-de-france,0.15,0.15,0.1,0.15,0.1
5573,5573,Juziers,11,Île-de-france,0.15,0.15,0.1,0.15,0.1
5574,5574,Jâlons,44,Grand Est,0.15,0.15,0.1,0.15,0.1
5575,5575,Jœuf,44,Grand Est,0.15,0.15,0.1,0.15,0.1
5576,5576,Kalhausen,44,Grand Est,0.15,0.15,0.1,0.15,0.1
5577,5577,Kaltenhouse,44,Grand Est,0.15,0.15,0.1,0.15,0.1
5578,5578,Kanfen,44,Grand Est,0.15,0.15,0.1,0.15,0.1
5579,5579,Kappelen,44,Grand Est,0.15,0.15,0.1,0.15,0.1
5580,5580,Katzenthal,44,Grand Est,0.15,0.15,0.1,0.15,0.1
5581,5581,Kaysersberg,44,Grand Est,0.15,0.15,0.1,0.15,0.1
5582,5582,Kembs,44,Grand Est,0.15,0.15,0.1,0.15,0.1
5583,5583,Kerbach,44,Grand Est,0.15,0.15,0.1,0.15,0.1
5584,5584,Kerfot,53,Bretagne,0.15,0.15,0.1,0.15,0.1
5585,5585,Kerfourn,53,Bretagne,0.15,0.15,0.1,0.15,0.1
5586,5586,Kergloff,53,Bretagne,0.15,0.15,0.1,0.15,0.1
5587,5587,Kergrist,53,Bretagne,0.15,0.15,0.1,0.15,0.1
5588,5588,Kergrist-Moëlou,53,Bretagne,0.15,0.15,0.1,0.15,0.1
5589,5589,Kerlaz,53,Bretagne,0.15,0.15,0.1,0.15,0.1
5590,5590,Kerlouan,53,Bretagne,0.15,0.15,0.1,0.15,0.1
5591,5591,Kermaria-Sulard,53,Bretagne,0.15,0.15,0.1,0.15,0.1
5592,5592,Kernilis,53,Bretagne,0.15,0.15,0.1,0.15,0.1
5593,5593,Kernouës,53,Bretagne,0.15,0.15,0.1,0.15,0.1
5594,5594,Kersaint-Plabennec,53,Bretagne,0.15,0.15,0.1,0.15,0.1
5595,5595,Kertzfeld,44,Grand Est,0.15,0.15,0.1,0.15,0.1
5596,5596,Kervignac,53,Bretagne,0.15,0.15,0.1,0.15,0.1
5597,5597,Keskastel,44,Grand Est,0.15,0.15,0.1,0.15,0.1
5598,5598,Kienheim,44,Grand Est,0.15,0.15,0.1,0.15,0.1
5599,5599,Kientzheim,44,Grand Est,0.15,0.15,0.1,0.15,0.1
5600,5600,Killem,32,Hauts-de-france,0.15,0.15,0.1,0.15,0.1
5601,5601,Kilstett,44,Grand Est,0.15,0.15,0.1,0.15,0.1
5602,5602,Kindwiller,44,Grand Est,0.15,0.15,0.1,0.15,0.1
5603,5603,Kingersheim,44,Grand Est,0.15,0.15,0.1,0.15,0.1
5604,5604,Kintzheim,44,Grand Est,0.15,0.15,0.1,0.15,0.1
5605,5605,Kirchberg,44,Grand Est,0.15,0.15,0.1,0.15,0.1
5606,5606,Kirchheim,44,Grand Est,0.15,0.15,0.1,0.15,0.1
5607,5607,Knutange,44,Grand Est,0.15,0.15,0.1,0.15,0.1
5608,5608,Kogenheim,44,Grand Est,0.15,0.15,0.1,0.15,0.1
5609,5609,Kolbsheim,44,Grand Est,0.15,0.15,0.1,0.15,0.1
5610,5610,Krautergersheim,44,Grand Est,0.15,0.15,0.1,0.15,0.1
5611,5611,Kriegsheim,44,Grand Est,0.15,0.15,0.1,0.15,0.1
5612,5612,Kruth,44,Grand Est,0.15,0.15,0.1,0.15,0.1
5613,5613,Kunheim,44,Grand Est,0.15,0.15,0.1,0.15,0.1
5614,5614,Kuntzig,44,Grand Est,0.15,0.15,0.1,0.15,0.1
5615,5615,Kurtzenhouse,44,Grand Est,0.15,0.15,0.1,0.15,0.1
5616,5616,Kuttolsheim,44,Grand Est,0.15,0.15,0.1,0.15,0.1
5617,5617,Kutzenhausen,44,Grand Est,0.15,0.15,0.1,0.15,0.1
5618,5618,Kédange-sur-Canner,44,Grand Est,0.15,0.15,0.1,0.15,0.1
5619,5619,Kœnigsmacker,44,Grand Est,0.15,0.15,0.1,0.15,0.1
5620,5620,Kœtzingue,44,Grand Est,0.15,0.15,0.1,0.15,0.1
5621,5621,L'Haÿ-les-Roses,11,Île-de-france,0.15,0.15,0.1,0.15,0.1
5622,5622,L'Union,76,Occitanie,0.15,0.15,0.1,0.15,0.1
5623,5623,L'Île-Bouchard,24,Centre-val De Loire,0.15,0.15,0.1,0.15,0.1
5624,5624,L'Île-Rousse,94,Corse,0.15,0.15,0.1,0.15,0.1
5625,5625,La Baconnière,52,Pays De La Loire,0.15,0.15,0.1,0.15,0.1
5626,5626,La Baffe,44,Grand Est,0.15,0.15,0.1,0.15,0.1
5627,5627,La Balme-de-Sillingy,84,Auvergne-rhône-alpes,0.15,0.15,0.1,0.15,0.1
5628,5628,La Balme-les-Grottes,84,Auvergne-rhône-alpes,0.15,0.15,0.1,0.15,0.1
5629,5629,La Barben,93,Provence-alpes-côte D'azur,0.15,0.15,0.1,0.15,0.1
5630,5630,La Barre-de-Monts,52,Pays De La Loire,0.15,0.15,0.1,0.15,0.1
5631,5631,La Barre-de-Semilly,28,Normandie,0.15,0.15,0.1,0.15,0.1
5632,5632,La Barre-en-Ouche,28,Normandie,0.15,0.15,0.1,0.15,0.1
5633,5633,La Barthe-de-Neste,76,Occitanie,0.15,0.15,0.1,0.15,0.1
5634,5634,La Bassée,32,Hauts-de-france,0.15,0.15,0.1,0.15,0.1
5635,5635,La Bastide-de-Sérou,76,Occitanie,0.15,0.15,0.1,0.15,0.1
5636,5636,La Bastide-des-Jourdans,93,Provence-alpes-côte D'azur,0.15,0.15,0.1,0.15,0.1
5637,5637,La Bastidonne,93,Provence-alpes-côte D'azur,0.15,0.15,0.1,0.15,0.1
5638,5638,La Baule-Escoublac,52,Pays De La Loire,0.15,0.15,0.1,0.15,0.1
5639,5639,La Baume-de-Transit,84,Auvergne-rhône-alpes,0.15,0.15,0.1,0.15,0.1
5640,5640,La Baussaine,53,Bretagne,0.15,0.15,0.1,0.15,0.1
5641,5641,La Bazoche-Gouet,24,Centre-val De Loire,0.15,0.15,0.1,0.15,0.1
5642,5642,La Bazoge,52,Pays De La Loire,0.15,0.15,0.1,0.15,0.1
5643,5643,La Bazoge-Montpinçon,52,Pays De La Loire,0.15,0.15,0.1,0.15,0.1
5644,5644,La Bernardière,52,Pays De La Loire,0.15,0.15,0.1,0.15,0.1
5645,5645,La Bernerie-en-Retz,52,Pays De La Loire,0.15,0.15,0.1,0.15,0.1
5646,5646,La Biolle,84,Auvergne-rhône-alpes,0.15,0.15,0.1,0.15,0.1
5647,5647,La Bohalle,52,Pays De La Loire,0.15,0.15,0.1,0.15,0.1
5648,5648,La Boisse,84,Auvergne-rhône-alpes,0.15,0.15,0.1,0.15,0.1
5649,5649,La Boissière-de-Montaigu,52,Pays De La Loire,0.15,0.15,0.1,0.15,0.1
5650,5650,La Boissière-des-Landes,52,Pays De La Loire,0.15,0.15,0.1,0.15,0.1
5651,5651,La Boissière-École,11,Île-de-france,0.15,0.15,0.1,0.15,0.1
5652,5652,La Bonneville-sur-Iton,28,Normandie,0.15,0.15,0.1,0.15,0.1
5653,5653,La Bouilladisse,93,Provence-alpes-côte D'azur,0.15,0.15,0.1,0.15,0.1
5654,5654,La Bouille,28,Normandie,0.15,0.15,0.1,0.15,0.1
5655,5655,La Bouillie,53,Bretagne,0.15,0.15,0.1,0.15,0.1
5656,5656,La Bourboule,84,Auvergne-rhône-alpes,0.15,0.15,0.1,0.15,0.1
5657,5657,La Bourgonce,44,Grand Est,0.15,0.15,0.1,0.15,0.1
5658,5658,La Boussac,53,Bretagne,0.15,0.15,0.1,0.15,0.1
5659,5659,La Bouteille,32,Hauts-de-france,0.15,0.15,0.1,0.15,0.1
5660,5660,La Bouëxière,53,Bretagne,0.15,0.15,0.1,0.15,0.1
5661,5661,La Bresse,44,Grand Est,0.15,0.15,0.1,0.15,0.1
5662,5662,La Bridoire,84,Auvergne-rhône-alpes,0.15,0.15,0.1,0.15,0.1
5663,5663,La Brillanne,93,Provence-alpes-côte D'azur,0.15,0.15,0.1,0.15,0.1
5664,5664,La Broque,44,Grand Est,0.15,0.15,0.1,0.15,0.1
5665,5665,La Brosse-Montceaux,11,Île-de-france,0.15,0.15,0.1,0.15,0.1
5666,5666,La Brousse,75,Nouvelle-aquitaine,0.15,0.15,0.1,0.15,0.1
5667,5667,La Bruffière,52,Pays De La Loire,0.15,0.15,0.1,0.15,0.1
5668,5668,La Brée-les-Bains,75,Nouvelle-aquitaine,0.15,0.15,0.1,0.15,0.1
5669,5669,La Brûlatte,52,Pays De La Loire,0.15,0.15,0.1,0.15,0.1
5670,5670,La Buisse,84,Auvergne-rhône-alpes,0.15,0.15,0.1,0.15,0.1
5671,5671,La Buissière,84,Auvergne-rhône-alpes,0.15,0.15,0.1,0.15,0.1
5672,5672,La Bussière,75,Nouvelle-aquitaine,0.15,0.15,0.1,0.15,0.1
5673,5673,La Bâthie,84,Auvergne-rhône-alpes,0.15,0.15,0.1,0.15,0.1
5674,5674,La Bâtie-Divisin,84,Auvergne-rhône-alpes,0.15,0.15,0.1,0.15,0.1
5675,5675,La Bâtie-Montgascon,84,Auvergne-rhône-alpes,0.15,0.15,0.1,0.15,0.1
5676,5676,La Bâtie-Neuve,93,Provence-alpes-côte D'azur,0.15,0.15,0.1,0.15,0.1
5677,5677,La Bâtie-Rolland,84,Auvergne-rhône-alpes,0.15,0.15,0.1,0.15,0.1
5678,5678,La Bégude-de-Mazenc,84,Auvergne-rhône-alpes,0.15,0.15,0.1,0.15,0.1
5679,5679,La Cabanasse,76,Occitanie,0.15,0.15,0.1,0.15,0.1
5680,5680,La Calmette,76,Occitanie,0.15,0.15,0.1,0.15,0.1
5681,5681,La Calotterie,32,Hauts-de-france,0.15,0.15,0.1,0.15,0.1
5682,5682,La Cambe,28,Normandie,0.15,0.15,0.1,0.15,0.1
5683,5683,La Canourgue,76,Occitanie,0.15,0.15,0.1,0.15,0.1
5684,5684,La Capelle,32,Hauts-de-france,0.15,0.15,0.1,0.15,0.1
5685,5685,La Capelle-lès-Boulogne,32,Hauts-de-france,0.15,0.15,0.1,0.15,0.1
5686,5686,La Cavalerie,76,Occitanie,0.15,0.15,0.1,0.15,0.1
5687,5687,La Celle,93,Provence-alpes-côte D'azur,0.15,0.15,0.1,0.15,0.1
5688,5688,La Celle-Dunoise,75,Nouvelle-aquitaine,0.15,0.15,0.1,0.15,0.1
5689,5689,La Celle-Saint-Avant,24,Centre-val De Loire,0.15,0.15,0.1,0.15,0.1
5690,5690,La Celle-Saint-Cloud,11,Île-de-france,0.15,0.15,0.1,0.15,0.1
5691,5691,La Celle-Saint-Cyr,27,Bourgogne-franche-comté,0.15,0.15,0.1,0.15,0.1
5692,5692,La Celle-les-Bordes,11,Île-de-france,0.15,0.15,0.1,0.15,0.1
5693,5693,La Celle-sur-Loire,27,Bourgogne-franche-comté,0.15,0.15,0.1,0.15,0.1
5694,5694,La Celle-sur-Morin,11,Île-de-france,0.15,0.15,0.1,0.15,0.1
5695,5695,La Cerlangue,28,Normandie,0.15,0.15,0.1,0.15,0.1
5696,5696,La Chaise-Dieu,84,Auvergne-rhône-alpes,0.15,0.15,0.1,0.15,0.1
5697,5697,La Chaize-Giraud,52,Pays De La Loire,0.15,0.15,0.1,0.15,0.1
5698,5698,La Chaize-le-Vicomte,52,Pays De La Loire,0.15,0.15,0.1,0.15,0.1
5699,5699,La Chambre,84,Auvergne-rhône-alpes,0.15,0.15,0.1,0.15,0.1
5700,5700,La Chapelaude,84,Auvergne-rhône-alpes,0.15,0.15,0.1,0.15,0.1
5701,5701,La Chapelle-Achard,52,Pays De La Loire,0.15,0.15,0.1,0.15,0.1
5702,5702,La Chapelle-Anthenaise,52,Pays De La Loire,0.15,0.15,0.1,0.15,0.1
5703,5703,La Chapelle-Basse-Mer,52,Pays De La Loire,0.15,0.15,0.1,0.15,0.1
5704,5704,La Chapelle-Blanche-Saint-Martin,24,Centre-val De Loire,0.15,0.15,0.1,0.15,0.1
5705,5705,La Chapelle-Bouexic,53,Bretagne,0.15,0.15,0.1,0.15,0.1
5706,5706,La Chapelle-Chaussée,53,Bretagne,0.15,0.15,0.1,0.15,0.1
5707,5707,La Chapelle-Gaceline,53,Bretagne,0.15,0.15,0.1,0.15,0.1
5708,5708,La Chapelle-Gauthier,28,Normandie,0.15,0.15,0.1,0.15,0.1
5709,5709,La Chapelle-Glain,52,Pays De La Loire,0.15,0.15,0.1,0.15,0.1
5710,5710,La Chapelle-Gonaguet,75,Nouvelle-aquitaine,0.15,0.15,0.1,0.15,0.1
5711,5711,La Chapelle-Hermier,52,Pays De La Loire,0.15,0.15,0.1,0.15,0.1
5712,5712,La Chapelle-Heulin,52,Pays De La Loire,0.15,0.15,0.1,0.15,0.1
5713,5713,La Chapelle-Huon,52,Pays De La Loire,0.15,0.15,0.1,0.15,0.1
5714,5714,La Chapelle-Janson,53,Bretagne,0.15,0.15,0.1,0.15,0.1
5715,5715,La Chapelle-Launay,52,Pays De La Loire,0.15,0.15,0.1,0.15,0.1
5716,5716,La Chapelle-Montligeon,28,Normandie,0.15,0.15,0.1,0.15,0.1
5717,5717,La Chapelle-Montreuil,75,Nouvelle-aquitaine,0.15,0.15,0.1,0.15,0.1
5718,5718,La Chapelle-Moulière,75,Nouvelle-aquitaine,0.15,0.15,0.1,0.15,0.1
5719,5719,La Chapelle-Neuve,53,Bretagne,0.15,0.15,0.1,0.15,0.1
5720,5720,La Chapelle-Palluau,52,Pays De La Loire,0.15,0.15,0.1,0.15,0.1
5721,5721,La Chapelle-Rablais,11,Île-de-france,0.15,0.15,0.1,0.15,0.1
5722,5722,La Chapelle-Rousselin,52,Pays De La Loire,0.15,0.15,0.1,0.15,0.1
5723,5723,La Chapelle-Réanville,28,Normandie,0.15,0.15,0.1,0.15,0.1
5724,5724,La Chapelle-Saint-Aubin,52,Pays De La Loire,0.15,0.15,0.1,0.15,0.1
5725,5725,La Chapelle-Saint-Florent,52,Pays De La Loire,0.15,0.15,0.1,0.15,0.1
5726,5726,La Chapelle-Saint-Laurent,75,Nouvelle-aquitaine,0.15,0.15,0.1,0.15,0.1
5727,5727,La Chapelle-Saint-Luc,44,Grand Est,0.15,0.15,0.1,0.15,0.1
5728,5728,La Chapelle-Saint-Martin-en-Plaine,24,Centre-val De Loire,0.15,0.15,0.1,0.15,0.1
5729,5729,La Chapelle-Saint-Mesmin,24,Centre-val De Loire,0.15,0.15,0.1,0.15,0.1
5730,5730,La Chapelle-Saint-Rémy,52,Pays De La Loire,0.15,0.15,0.1,0.15,0.1
5731,5731,La Chapelle-Saint-Sauveur,52,Pays De La Loire,0.15,0.15,0.1,0.15,0.1
5732,5732,La Chapelle-Saint-Ursin,24,Centre-val De Loire,0.15,0.15,0.1,0.15,0.1
5733,5733,La Chapelle-Thouarault,53,Bretagne,0.15,0.15,0.1,0.15,0.1
5734,5734,La Chapelle-Vendômoise,24,Centre-val De Loire,0.15,0.15,0.1,0.15,0.1
5735,5735,La Chapelle-Yvon,28,Normandie,0.15,0.15,0.1,0.15,0.1
5736,5736,La Chapelle-au-Moine,28,Normandie,0.15,0.15,0.1,0.15,0.1
5737,5737,La Chapelle-aux-Bois,44,Grand Est,0.15,0.15,0.1,0.15,0.1
5738,5738,La Chapelle-aux-Naux,24,Centre-val De Loire,0.15,0.15,0.1,0.15,0.1
5739,5739,La Chapelle-de-Guinchay,27,Bourgogne-franche-comté,0.15,0.15,0.1,0.15,0.1
5740,5740,La Chapelle-de-Surieu,84,Auvergne-rhône-alpes,0.15,0.15,0.1,0.15,0.1
5741,5741,La Chapelle-de-la-Tour,84,Auvergne-rhône-alpes,0.15,0.15,0.1,0.15,0.1
5742,5742,La Chapelle-des-Fougeretz,53,Bretagne,0.15,0.15,0.1,0.15,0.1
5743,5743,La Chapelle-des-Marais,52,Pays De La Loire,0.15,0.15,0.1,0.15,0.1
5744,5744,La Chapelle-des-Pots,75,Nouvelle-aquitaine,0.15,0.15,0.1,0.15,0.1
5745,5745,La Chapelle-du-Bois,52,Pays De La Loire,0.15,0.15,0.1,0.15,0.1
5746,5746,La Chapelle-du-Genêt,52,Pays De La Loire,0.15,0.15,0.1,0.15,0.1
5747,5747,La Chapelle-du-Noyer,24,Centre-val De Loire,0.15,0.15,0.1,0.15,0.1
5748,5748,La Chapelle-en-Juger,28,Normandie,0.15,0.15,0.1,0.15,0.1
5749,5749,La Chapelle-en-Serval,32,Hauts-de-france,0.15,0.15,0.1,0.15,0.1
5750,5750,La Chapelle-en-Vercors,84,Auvergne-rhône-alpes,0.15,0.15,0.1,0.15,0.1
5751,5751,La Chapelle-la-Reine,11,Île-de-france,0.15,0.15,0.1,0.15,0.1
5752,5752,La Chapelle-sur-Erdre,52,Pays De La Loire,0.15,0.15,0.1,0.15,0.1
5753,5753,La Chapelle-sur-Loire,24,Centre-val De Loire,0.15,0.15,0.1,0.15,0.1
5754,5754,La Chapelle-sur-Oudon,52,Pays De La Loire,0.15,0.15,0.1,0.15,0.1
5755,5755,La Charité-sur-Loire,27,Bourgogne-franche-comté,0.15,0.15,0.1,0.15,0.1
5756,5756,La Charmée,27,Bourgogne-franche-comté,0.15,0.15,0.1,0.15,0.1
5757,5757,La Chartre-sur-le-Loir,52,Pays De La Loire,0.15,0.15,0.1,0.15,0.1
5758,5758,La Chaussaire,52,Pays De La Loire,0.15,0.15,0.1,0.15,0.1
5759,5759,La Chaussée-Saint-Victor,24,Centre-val De Loire,0.15,0.15,0.1,0.15,0.1
5760,5760,La Chaussée-Tirancourt,32,Hauts-de-france,0.15,0.15,0.1,0.15,0.1
5761,5761,La Chaussée-sur-Marne,44,Grand Est,0.15,0.15,0.1,0.15,0.1
5762,5762,La Chaux-du-Dombief,27,Bourgogne-franche-comté,0.15,0.15,0.1,0.15,0.1
5763,5763,La Chevallerais,52,Pays De La Loire,0.15,0.15,0.1,0.15,0.1
5764,5764,La Chevrolière,52,Pays De La Loire,0.15,0.15,0.1,0.15,0.1
5765,5765,La Châtaigneraie,52,Pays De La Loire,0.15,0.15,0.1,0.15,0.1
5766,5766,La Châtre,24,Centre-val De Loire,0.15,0.15,0.1,0.15,0.1
5767,5767,La Châtre-Langlin,24,Centre-val De Loire,0.15,0.15,0.1,0.15,0.1
5768,5768,La Chèze,53,Bretagne,0.15,0.15,0.1,0.15,0.1
5769,5769,La Ciotat,93,Provence-alpes-côte D'azur,0.15,0.15,0.1,0.15,0.1
5770,5770,La Clayette,27,Bourgogne-franche-comté,0.15,0.15,0.1,0.15,0.1
5771,5771,La Clotte,75,Nouvelle-aquitaine,0.15,0.15,0.1,0.15,0.1
5772,5772,La Clusaz,84,Auvergne-rhône-alpes,0.15,0.15,0.1,0.15,0.1
5773,5773,La Cluse-et-Mijoux,27,Bourgogne-franche-comté,0.15,0.15,0.1,0.15,0.1
5774,5774,La Colle-sur-Loup,93,Provence-alpes-côte D'azur,0.15,0.15,0.1,0.15,0.1
5775,5775,La Colombe,28,Normandie,0.15,0.15,0.1,0.15,0.1
5776,5776,La Combe-de-Lancey,84,Auvergne-rhône-alpes,0.15,0.15,0.1,0.15,0.1
5777,5777,La Comté,32,Hauts-de-france,0.15,0.15,0.1,0.15,0.1
5778,5778,La Copechagnière,52,Pays De La Loire,0.15,0.15,0.1,0.15,0.1
5779,5779,La Coquille,75,Nouvelle-aquitaine,0.15,0.15,0.1,0.15,0.1
5780,5780,La Cornuaille,52,Pays De La Loire,0.15,0.15,0.1,0.15,0.1
5781,5781,La Couarde-sur-Mer,75,Nouvelle-aquitaine,0.15,0.15,0.1,0.15,0.1
5782,5782,La Coucourde,84,Auvergne-rhône-alpes,0.15,0.15,0.1,0.15,0.1
5783,5783,La Coulonche,28,Normandie,0.15,0.15,0.1,0.15,0.1
5784,5784,La Courneuve,11,Île-de-france,0.15,0.15,0.1,0.15,0.1
5785,5785,La Couronne,75,Nouvelle-aquitaine,0.15,0.15,0.1,0.15,0.1
5786,5786,La Courtine,75,Nouvelle-aquitaine,0.15,0.15,0.1,0.15,0.1
5787,5787,La Couture,52,Pays De La Loire,0.15,0.15,0.1,0.15,0.1
5788,5788,La Couture-Boussey,28,Normandie,0.15,0.15,0.1,0.15,0.1
5789,5789,La Crau,93,Provence-alpes-côte D'azur,0.15,0.15,0.1,0.15,0.1
5790,5790,La Croisille-sur-Briance,75,Nouvelle-aquitaine,0.15,0.15,0.1,0.15,0.1
5791,5791,La Croix-Blanche,75,Nouvelle-aquitaine,0.15,0.15,0.1,0.15,0.1
5792,5792,La Croix-Helléan,53,Bretagne,0.15,0.15,0.1,0.15,0.1
5793,5793,La Croix-Saint-Leufroy,28,Normandie,0.15,0.15,0.1,0.15,0.1
5794,5794,La Croix-Valmer,93,Provence-alpes-côte D'azur,0.15,0.15,0.1,0.15,0.1
5795,5795,La Croix-aux-Mines,44,Grand Est,0.15,0.15,0.1,0.15,0.1
5796,5796,La Croix-en-Brie,11,Île-de-france,0.15,0.15,0.1,0.15,0.1
5797,5797,La Croix-en-Touraine,24,Centre-val De Loire,0.15,0.15,0.1,0.15,0.1
5798,5798,La Croixille,52,Pays De La Loire,0.15,0.15,0.1,0.15,0.1
5799,5799,La Crèche,75,Nouvelle-aquitaine,0.15,0.15,0.1,0.15,0.1
5800,5800,La Côte,27,Bourgogne-franche-comté,0.15,0.15,0.1,0.15,0.1
5801,5801,La Côte-Saint-André,84,Auvergne-rhône-alpes,0.15,0.15,0.1,0.15,0.1
5802,5802,La Daguenière,52,Pays De La Loire,0.15,0.15,0.1,0.15,0.1
5803,5803,La Destrousse,93,Provence-alpes-côte D'azur,0.15,0.15,0.1,0.15,0.1
5804,5804,La Dominelais,53,Bretagne,0.15,0.15,0.1,0.15,0.1
5805,5805,La Douze,75,Nouvelle-aquitaine,0.15,0.15,0.1,0.15,0.1
5806,5806,La Falaise,11,Île-de-france,0.15,0.15,0.1,0.15,0.1
5807,5807,La Fare-les-Oliviers,93,Provence-alpes-côte D'azur,0.15,0.15,0.1,0.15,0.1
5808,5808,La Farlède,93,Provence-alpes-côte D'azur,0.15,0.15,0.1,0.15,0.1
5809,5809,La Faute-sur-Mer,52,Pays De La Loire,0.15,0.15,0.1,0.15,0.1
5810,5810,La Faye,75,Nouvelle-aquitaine,0.15,0.15,0.1,0.15,0.1
5811,5811,La Fermeté,27,Bourgogne-franche-comté,0.15,0.15,0.1,0.15,0.1
5812,5812,La Ferrière,84,Auvergne-rhône-alpes,0.15,0.15,0.1,0.15,0.1
5813,5813,La Ferrière-Bochard,28,Normandie,0.15,0.15,0.1,0.15,0.1
5814,5814,La Ferrière-aux-Étangs,28,Normandie,0.15,0.15,0.1,0.15,0.1
5815,5815,La Ferrière-en-Parthenay,75,Nouvelle-aquitaine,0.15,0.15,0.1,0.15,0.1
5816,5816,La Ferté-Alais,11,Île-de-france,0.15,0.15,0.1,0.15,0.1
5817,5817,La Ferté-Beauharnais,24,Centre-val De Loire,0.15,0.15,0.1,0.15,0.1
5818,5818,La Ferté-Bernard,52,Pays De La Loire,0.15,0.15,0.1,0.15,0.1
5819,5819,La Ferté-Chevresis,32,Hauts-de-france,0.15,0.15,0.1,0.15,0.1
5820,5820,La Ferté-Frênel,28,Normandie,0.15,0.15,0.1,0.15,0.1
5821,5821,La Ferté-Gaucher,11,Île-de-france,0.15,0.15,0.1,0.15,0.1
5822,5822,La Ferté-Imbault,24,Centre-val De Loire,0.15,0.15,0.1,0.15,0.1
5823,5823,La Ferté-Loupière,27,Bourgogne-franche-comté,0.15,0.15,0.1,0.15,0.1
5824,5824,La Ferté-Macé,28,Normandie,0.15,0.15,0.1,0.15,0.1
5825,5825,La Ferté-Milon,32,Hauts-de-france,0.15,0.15,0.1,0.15,0.1
5826,5826,La Ferté-Saint-Aubin,24,Centre-val De Loire,0.15,0.15,0.1,0.15,0.1
5827,5827,La Ferté-Saint-Cyr,24,Centre-val De Loire,0.15,0.15,0.1,0.15,0.1
5828,5828,La Ferté-Vidame,24,Centre-val De Loire,0.15,0.15,0.1,0.15,0.1
5829,5829,La Ferté-sous-Jouarre,11,Île-de-france,0.15,0.15,0.1,0.15,0.1
5830,5830,La Feuillade,75,Nouvelle-aquitaine,0.15,0.15,0.1,0.15,0.1
5831,5831,La Feuillie,28,Normandie,0.15,0.15,0.1,0.15,0.1
5832,5832,La Feuillée,53,Bretagne,0.15,0.15,0.1,0.15,0.1
5833,5833,La Flamengrie,32,Hauts-de-france,0.15,0.15,0.1,0.15,0.1
5834,5834,La Flocellière,52,Pays De La Loire,0.15,0.15,0.1,0.15,0.1
5835,5835,La Flotte,75,Nouvelle-aquitaine,0.15,0.15,0.1,0.15,0.1
5836,5836,La Flèche,52,Pays De La Loire,0.15,0.15,0.1,0.15,0.1
5837,5837,La Fontenelle,53,Bretagne,0.15,0.15,0.1,0.15,0.1
5838,5838,La Force,76,Occitanie,0.15,0.15,0.1,0.15,0.1
5839,5839,La Forest-Landerneau,53,Bretagne,0.15,0.15,0.1,0.15,0.1
5840,5840,La Forge,44,Grand Est,0.15,0.15,0.1,0.15,0.1
5841,5841,La Forêt-Fouesnant,53,Bretagne,0.15,0.15,0.1,0.15,0.1
5842,5842,La Forêt-sur-Sèvre,75,Nouvelle-aquitaine,0.15,0.15,0.1,0.15,0.1
5843,5843,La Fouillade,76,Occitanie,0.15,0.15,0.1,0.15,0.1
5844,5844,La Fouillouse,84,Auvergne-rhône-alpes,0.15,0.15,0.1,0.15,0.1
5845,5845,La Foye-Monjault,75,Nouvelle-aquitaine,0.15,0.15,0.1,0.15,0.1
5846,5846,La Francheville,44,Grand Est,0.15,0.15,0.1,0.15,0.1
5847,5847,La Fresnais,53,Bretagne,0.15,0.15,0.1,0.15,0.1
5848,5848,La Fresnaye-sur-Chédouet,52,Pays De La Loire,0.15,0.15,0.1,0.15,0.1
5849,5849,La Frette,84,Auvergne-rhône-alpes,0.15,0.15,0.1,0.15,0.1
5850,5850,La Frette-sur-Seine,11,Île-de-france,0.15,0.15,0.1,0.15,0.1
5851,5851,La Fère,32,Hauts-de-france,0.15,0.15,0.1,0.15,0.1
5852,5852,La Gacilly,53,Bretagne,0.15,0.15,0.1,0.15,0.1
5853,5853,La Garde,93,Provence-alpes-côte D'azur,0.15,0.15,0.1,0.15,0.1
5854,5854,La Garde-Adhémar,84,Auvergne-rhône-alpes,0.15,0.15,0.1,0.15,0.1
5855,5855,La Garde-Freinet,93,Provence-alpes-côte D'azur,0.15,0.15,0.1,0.15,0.1
5856,5856,La Garenne-Colombes,11,Île-de-france,0.15,0.15,0.1,0.15,0.1
5857,5857,La Garnache,52,Pays De La Loire,0.15,0.15,0.1,0.15,0.1
5858,5858,La Gaubretière,52,Pays De La Loire,0.15,0.15,0.1,0.15,0.1
5859,5859,La Gaude,93,Provence-alpes-côte D'azur,0.15,0.15,0.1,0.15,0.1
5860,5860,La Genevraye,11,Île-de-france,0.15,0.15,0.1,0.15,0.1
5861,5861,La Geneytouse,75,Nouvelle-aquitaine,0.15,0.15,0.1,0.15,0.1
5862,5862,La Giettaz,84,Auvergne-rhône-alpes,0.15,0.15,0.1,0.15,0.1
5863,5863,La Glacerie,28,Normandie,0.15,0.15,0.1,0.15,0.1
5864,5864,La Gorgue,32,Hauts-de-france,0.15,0.15,0.1,0.15,0.1
5865,5865,La Gouesnière,53,Bretagne,0.15,0.15,0.1,0.15,0.1
5866,5866,La Goutelle,84,Auvergne-rhône-alpes,0.15,0.15,0.1,0.15,0.1
5867,5867,La Grand-Croix,84,Auvergne-rhône-alpes,0.15,0.15,0.1,0.15,0.1
5868,5868,La Grande-Motte,76,Occitanie,0.15,0.15,0.1,0.15,0.1
5869,5869,La Grande-Paroisse,11,Île-de-france,0.15,0.15,0.1,0.15,0.1
5870,5870,La Grande-Verrière,27,Bourgogne-franche-comté,0.15,0.15,0.1,0.15,0.1
5871,5871,La Grandville,44,Grand Est,0.15,0.15,0.1,0.15,0.1
5872,5872,La Gravelle,52,Pays De La Loire,0.15,0.15,0.1,0.15,0.1
5873,5873,La Gresle,84,Auvergne-rhône-alpes,0.15,0.15,0.1,0.15,0.1
5874,5874,La Grigonnais,52,Pays De La Loire,0.15,0.15,0.1,0.15,0.1
5875,5875,La Gripperie-Saint-Symphorien,75,Nouvelle-aquitaine,0.15,0.15,0.1,0.15,0.1
5876,5876,La Guerche-de-Bretagne,53,Bretagne,0.15,0.15,0.1,0.15,0.1
5877,5877,La Guiche,27,Bourgogne-franche-comté,0.15,0.15,0.1,0.15,0.1
5878,5878,La Guierche,52,Pays De La Loire,0.15,0.15,0.1,0.15,0.1
5879,5879,La Guyonnière,52,Pays De La Loire,0.15,0.15,0.1,0.15,0.1
5880,5880,La Guérinière,52,Pays De La Loire,0.15,0.15,0.1,0.15,0.1
5881,5881,La Guéroulde,28,Normandie,0.15,0.15,0.1,0.15,0.1
5882,5882,La Génétouze,52,Pays De La Loire,0.15,0.15,0.1,0.15,0.1
5883,5883,La Haie-Fouassière,52,Pays De La Loire,0.15,0.15,0.1,0.15,0.1
5884,5884,La Haute-Chapelle,28,Normandie,0.15,0.15,0.1,0.15,0.1
5885,5885,La Haye-Malherbe,28,Normandie,0.15,0.15,0.1,0.15,0.1
5886,5886,La Haye-Pesnel,28,Normandie,0.15,0.15,0.1,0.15,0.1
5887,5887,La Haye-du-Puits,28,Normandie,0.15,0.15,0.1,0.15,0.1
5888,5888,La Hoguette,28,Normandie,0.15,0.15,0.1,0.15,0.1
5889,5889,La Houssaye-Béranger,28,Normandie,0.15,0.15,0.1,0.15,0.1
5890,5890,La Houssaye-en-Brie,11,Île-de-france,0.15,0.15,0.1,0.15,0.1
5891,5891,La Houssière,44,Grand Est,0.15,0.15,0.1,0.15,0.1
5892,5892,La Houssoye,32,Hauts-de-france,0.15,0.15,0.1,0.15,0.1
5893,5893,La Jarne,75,Nouvelle-aquitaine,0.15,0.15,0.1,0.15,0.1
5894,5894,La Jarrie,75,Nouvelle-aquitaine,0.15,0.15,0.1,0.15,0.1
5895,5895,La Jaudonnière,52,Pays De La Loire,0.15,0.15,0.1,0.15,0.1
5896,5896,La Jonchère-Saint-Maurice,75,Nouvelle-aquitaine,0.15,0.15,0.1,0.15,0.1
5897,5897,La Jubaudière,52,Pays De La Loire,0.15,0.15,0.1,0.15,0.1
5898,5898,La Jumellière,52,Pays De La Loire,0.15,0.15,0.1,0.15,0.1
5899,5899,La Lande-Patry,28,Normandie,0.15,0.15,0.1,0.15,0.1
5900,5900,La Lande-de-Fronsac,75,Nouvelle-aquitaine,0.15,0.15,0.1,0.15,0.1
5901,5901,La Laupie,84,Auvergne-rhône-alpes,0.15,0.15,0.1,0.15,0.1
5902,5902,La Limouzinière,52,Pays De La Loire,0.15,0.15,0.1,0.15,0.1
5903,5903,La Livinière,76,Occitanie,0.15,0.15,0.1,0.15,0.1
5904,5904,La Londe-les-Maures,93,Provence-alpes-côte D'azur,0.15,0.15,0.1,0.15,0.1
5905,5905,La Longeville,27,Bourgogne-franche-comté,0.15,0.15,0.1,0.15,0.1
5906,5906,La Longueville,32,Hauts-de-france,0.15,0.15,0.1,0.15,0.1
5907,5907,La Loubière,76,Occitanie,0.15,0.15,0.1,0.15,0.1
5908,5908,La Loupe,24,Centre-val De Loire,0.15,0.15,0.1,0.15,0.1
5909,5909,La Loye,27,Bourgogne-franche-comté,0.15,0.15,0.1,0.15,0.1
5910,5910,La Machine,27,Bourgogne-franche-comté,0.15,0.15,0.1,0.15,0.1
5911,5911,La Madeleine,32,Hauts-de-france,0.15,0.15,0.1,0.15,0.1
5912,5912,La Madeleine-de-Nonancourt,28,Normandie,0.15,0.15,0.1,0.15,0.1
5913,5913,La Magdelaine-sur-Tarn,76,Occitanie,0.15,0.15,0.1,0.15,0.1
5914,5914,La Mailleraye-sur-Seine,28,Normandie,0.15,0.15,0.1,0.15,0.1
5915,5915,La Mancellière-sur-Vire,28,Normandie,0.15,0.15,0.1,0.15,0.1
5916,5916,La Marche,27,Bourgogne-franche-comté,0.15,0.15,0.1,0.15,0.1
5917,5917,La Martyre,53,Bretagne,0.15,0.15,0.1,0.15,0.1
5918,5918,La Maxe,44,Grand Est,0.15,0.15,0.1,0.15,0.1
5919,5919,La Meauffe,28,Normandie,0.15,0.15,0.1,0.15,0.1
5920,5920,La Meignanne,52,Pays De La Loire,0.15,0.15,0.1,0.15,0.1
5921,5921,La Meilleraie-Tillay,52,Pays De La Loire,0.15,0.15,0.1,0.15,0.1
5922,5922,La Meilleraye-de-Bretagne,52,Pays De La Loire,0.15,0.15,0.1,0.15,0.1
5923,5923,La Membrolle-sur-Choisille,24,Centre-val De Loire,0.15,0.15,0.1,0.15,0.1
5924,5924,La Membrolle-sur-Longuenée,52,Pays De La Loire,0.15,0.15,0.1,0.15,0.1
5925,5925,La Merlatière,52,Pays De La Loire,0.15,0.15,0.1,0.15,0.1
5926,5926,La Meyze,75,Nouvelle-aquitaine,0.15,0.15,0.1,0.15,0.1
5927,5927,La Milesse,52,Pays De La Loire,0.15,0.15,0.1,0.15,0.1
5928,5928,La Monnerie-le-Montel,84,Auvergne-rhône-alpes,0.15,0.15,0.1,0.15,0.1
5929,5929,La Montagne,52,Pays De La Loire,0.15,0.15,0.1,0.15,0.1
5930,5930,La Mothe-Achard,52,Pays De La Loire,0.15,0.15,0.1,0.15,0.1
5931,5931,La Mothe-Saint-Héray,75,Nouvelle-aquitaine,0.15,0.15,0.1,0.15,0.1
5932,5932,La Motte,93,Provence-alpes-côte D'azur,0.15,0.15,0.1,0.15,0.1
5933,5933,La Motte-Saint-Jean,27,Bourgogne-franche-comté,0.15,0.15,0.1,0.15,0.1
5934,5934,La Motte-Saint-Martin,84,Auvergne-rhône-alpes,0.15,0.15,0.1,0.15,0.1
5935,5935,La Motte-Servolex,84,Auvergne-rhône-alpes,0.15,0.15,0.1,0.15,0.1
5936,5936,La Motte-de-Galaure,84,Auvergne-rhône-alpes,0.15,0.15,0.1,0.15,0.1
5937,5937,La Motte-du-Caire,93,Provence-alpes-côte D'azur,0.15,0.15,0.1,0.15,0.1
5938,5938,La Mulatière,84,Auvergne-rhône-alpes,0.15,0.15,0.1,0.15,0.1
5939,5939,La Muraz,84,Auvergne-rhône-alpes,0.15,0.15,0.1,0.15,0.1
5940,5940,La Mure,84,Auvergne-rhône-alpes,0.15,0.15,0.1,0.15,0.1
5941,5941,La Murette,84,Auvergne-rhône-alpes,0.15,0.15,0.1,0.15,0.1
5942,5942,La Méaugon,53,Bretagne,0.15,0.15,0.1,0.15,0.1
5943,5943,La Ménitré,52,Pays De La Loire,0.15,0.15,0.1,0.15,0.1
5944,5944,La Mézière,53,Bretagne,0.15,0.15,0.1,0.15,0.1
5945,5945,La Môle,93,Provence-alpes-côte D'azur,0.15,0.15,0.1,0.15,0.1
5946,5946,La Neuve-Lyre,28,Normandie,0.15,0.15,0.1,0.15,0.1
5947,5947,La Neuville,32,Hauts-de-france,0.15,0.15,0.1,0.15,0.1
5948,5948,La Neuville-Roy,32,Hauts-de-france,0.15,0.15,0.1,0.15,0.1
5949,5949,La Neuville-en-Hez,32,Hauts-de-france,0.15,0.15,0.1,0.15,0.1
5950,5950,La Norville,11,Île-de-france,0.15,0.15,0.1,0.15,0.1
5951,5951,La Noë-Blanche,53,Bretagne,0.15,0.15,0.1,0.15,0.1
5952,5952,La Pacaudière,84,Auvergne-rhône-alpes,0.15,0.15,0.1,0.15,0.1
5953,5953,La Palme,76,Occitanie,0.15,0.15,0.1,0.15,0.1
5954,5954,La Panouse,76,Occitanie,0.15,0.15,0.1,0.15,0.1
5955,5955,La Penne-sur-Huveaune,93,Provence-alpes-côte D'azur,0.15,0.15,0.1,0.15,0.1
5956,5956,La Petite-Boissière,75,Nouvelle-aquitaine,0.15,0.15,0.1,0.15,0.1
5957,5957,La Petite-Pierre,44,Grand Est,0.15,0.15,0.1,0.15,0.1
5958,5958,La Petite-Raon,44,Grand Est,0.15,0.15,0.1,0.15,0.1
5959,5959,La Peyratte,75,Nouvelle-aquitaine,0.15,0.15,0.1,0.15,0.1
5960,5960,La Plaine,52,Pays De La Loire,0.15,0.15,0.1,0.15,0.1
5961,5961,La Plaine-sur-Mer,52,Pays De La Loire,0.15,0.15,0.1,0.15,0.1
5962,5962,La Planche,52,Pays De La Loire,0.15,0.15,0.1,0.15,0.1
5963,5963,La Pomme,,MISSING,0.15,0.15,0.1,0.15,0.1
5964,5964,La Pommeraie-sur-Sèvre,52,Pays De La Loire,0.15,0.15,0.1,0.15,0.1
5965,5965,La Pommeraye,52,Pays De La Loire,0.15,0.15,0.1,0.15,0.1
5966,5966,La Porcherie,75,Nouvelle-aquitaine,0.15,0.15,0.1,0.15,0.1
5967,5967,La Possonnière,52,Pays De La Loire,0.15,0.15,0.1,0.15,0.1
5968,5968,La Pouëze,52,Pays De La Loire,0.15,0.15,0.1,0.15,0.1
5969,5969,La Prénessaye,53,Bretagne,0.15,0.15,0.1,0.15,0.1
5970,5970,La Puye,75,Nouvelle-aquitaine,0.15,0.15,0.1,0.15,0.1
5971,5971,La Queue-en-Brie,11,Île-de-france,0.15,0.15,0.1,0.15,0.1
5972,5972,La Queue-les-Yvelines,11,Île-de-france,0.15,0.15,0.1,0.15,0.1
5973,5973,La Quinte,52,Pays De La Loire,0.15,0.15,0.1,0.15,0.1
5974,5974,La Rabatelière,52,Pays De La Loire,0.15,0.15,0.1,0.15,0.1
5975,5975,La Ravoire,84,Auvergne-rhône-alpes,0.15,0.15,0.1,0.15,0.1
5976,5976,La Regrippière,52,Pays De La Loire,0.15,0.15,0.1,0.15,0.1
5977,5977,La Remaudière,52,Pays De La Loire,0.15,0.15,0.1,0.15,0.1
5978,5978,La Remuée,28,Normandie,0.15,0.15,0.1,0.15,0.1
5979,5979,La Renaudière,52,Pays De La Loire,0.15,0.15,0.1,0.15,0.1
5980,5980,La Ricamarie,84,Auvergne-rhône-alpes,0.15,0.15,0.1,0.15,0.1
5981,5981,La Richardais,53,Bretagne,0.15,0.15,0.1,0.15,0.1
5982,5982,La Riche,24,Centre-val De Loire,0.15,0.15,0.1,0.15,0.1
5983,5983,La Rivière,84,Auvergne-rhône-alpes,0.15,0.15,0.1,0.15,0.1
5984,5984,La Rivière-Drugeon,27,Bourgogne-franche-comté,0.15,0.15,0.1,0.15,0.1
5985,5985,La Rivière-Saint-Sauveur,28,Normandie,0.15,0.15,0.1,0.15,0.1
5986,5986,La Rivière-de-Corps,44,Grand Est,0.15,0.15,0.1,0.15,0.1
5987,5987,La Roche-Bernard,53,Bretagne,0.15,0.15,0.1,0.15,0.1
5988,5988,La Roche-Blanche,84,Auvergne-rhône-alpes,0.15,0.15,0.1,0.15,0.1
5989,5989,La Roche-Chalais,75,Nouvelle-aquitaine,0.15,0.15,0.1,0.15,0.1
5990,5990,La Roche-Clermault,24,Centre-val De Loire,0.15,0.15,0.1,0.15,0.1
5991,5991,La Roche-Derrien,53,Bretagne,0.15,0.15,0.1,0.15,0.1
5992,5992,La Roche-Guyon,11,Île-de-france,0.15,0.15,0.1,0.15,0.1
5993,5993,La Roche-Maurice,53,Bretagne,0.15,0.15,0.1,0.15,0.1
5994,5994,La Roche-Posay,75,Nouvelle-aquitaine,0.15,0.15,0.1,0.15,0.1
5995,5995,La Roche-Vineuse,27,Bourgogne-franche-comté,0.15,0.15,0.1,0.15,0.1
5996,5996,La Roche-de-Glun,84,Auvergne-rhône-alpes,0.15,0.15,0.1,0.15,0.1
5997,5997,La Roche-de-Rame,93,Provence-alpes-côte D'azur,0.15,0.15,0.1,0.15,0.1
5998,5998,La Roche-des-Arnauds,93,Provence-alpes-côte D'azur,0.15,0.15,0.1,0.15,0.1
5999,5999,La Roche-en-Brenil,27,Bourgogne-franche-comté,0.15,0.15,0.1,0.15,0.1
6000,6000,La Roche-sur-Foron,84,Auvergne-rhône-alpes,0.15,0.15,0.1,0.15,0.1
6001,6001,La Roche-sur-Yon,52,Pays De La Loire,0.15,0.15,0.1,0.15,0.1
6002,6002,La Rochefoucauld,75,Nouvelle-aquitaine,0.15,0.15,0.1,0.15,0.1
6003,6003,La Rochelle,75,Nouvelle-aquitaine,0.15,0.15,0.1,0.15,0.1
6004,6004,La Rochette,93,Provence-alpes-côte D'azur,0.15,0.15,0.1,0.15,0.1
6005,6005,La Romagne,52,Pays De La Loire,0.15,0.15,0.1,0.15,0.1
6006,6006,La Romieu,76,Occitanie,0.15,0.15,0.1,0.15,0.1
6007,6007,La Ronde,75,Nouvelle-aquitaine,0.15,0.15,0.1,0.15,0.1
6008,6008,La Roquebrussanne,93,Provence-alpes-côte D'azur,0.15,0.15,0.1,0.15,0.1
6009,6009,La Roquette-sur-Siagne,93,Provence-alpes-côte D'azur,0.15,0.15,0.1,0.15,0.1
6010,6010,La Roquette-sur-Var,93,Provence-alpes-côte D'azur,0.15,0.15,0.1,0.15,0.1
6011,6011,La Rouge,28,Normandie,0.15,0.15,0.1,0.15,0.1
6012,6012,La Rouquette,76,Occitanie,0.15,0.15,0.1,0.15,0.1
6013,6013,La Rouvière,76,Occitanie,0.15,0.15,0.1,0.15,0.1
6014,6014,La Rouxière,52,Pays De La Loire,0.15,0.15,0.1,0.15,0.1
6015,6015,La Rue-Saint-Pierre,32,Hauts-de-france,0.15,0.15,0.1,0.15,0.1
6016,6016,La Réole,75,Nouvelle-aquitaine,0.15,0.15,0.1,0.15,0.1
6017,6017,La Réorthe,52,Pays De La Loire,0.15,0.15,0.1,0.15,0.1
6018,6018,La Salle-de-Vihiers,52,Pays De La Loire,0.15,0.15,0.1,0.15,0.1
6019,6019,La Salle-et-Chapelle-Aubry,52,Pays De La Loire,0.15,0.15,0.1,0.15,0.1
6020,6020,La Salvetat-Belmontet,76,Occitanie,0.15,0.15,0.1,0.15,0.1
6021,6021,La Salvetat-Peyralès,76,Occitanie,0.15,0.15,0.1,0.15,0.1
6022,6022,La Salvetat-Saint-Gilles,76,Occitanie,0.15,0.15,0.1,0.15,0.1
6023,6023,La Salvetat-sur-Agout,76,Occitanie,0.15,0.15,0.1,0.15,0.1
6024,6024,La Saulce,93,Provence-alpes-côte D'azur,0.15,0.15,0.1,0.15,0.1
6025,6025,La Saunière,75,Nouvelle-aquitaine,0.15,0.15,0.1,0.15,0.1
6026,6026,La Saussaye,28,Normandie,0.15,0.15,0.1,0.15,0.1
6027,6027,La Sauvagère,28,Normandie,0.15,0.15,0.1,0.15,0.1
6028,6028,La Sauve,75,Nouvelle-aquitaine,0.15,0.15,0.1,0.15,0.1
6029,6029,La Selle-Craonnaise,52,Pays De La Loire,0.15,0.15,0.1,0.15,0.1
6030,6030,La Selle-en-Hermoy,24,Centre-val De Loire,0.15,0.15,0.1,0.15,0.1
6031,6031,La Selle-en-Luitré,53,Bretagne,0.15,0.15,0.1,0.15,0.1
6032,6032,La Selle-la-Forge,28,Normandie,0.15,0.15,0.1,0.15,0.1
6033,6033,La Selle-sur-le-Bied,24,Centre-val De Loire,0.15,0.15,0.1,0.15,0.1
6034,6034,La Selve,76,Occitanie,0.15,0.15,0.1,0.15,0.1
6035,6035,La Sentinelle,32,Hauts-de-france,0.15,0.15,0.1,0.15,0.1
6036,6036,La Seyne-sur-Mer,93,Provence-alpes-côte D'azur,0.15,0.15,0.1,0.15,0.1
6037,6037,La Souterraine,75,Nouvelle-aquitaine,0.15,0.15,0.1,0.15,0.1
6038,6038,La Suze-sur-Sarthe,52,Pays De La Loire,0.15,0.15,0.1,0.15,0.1
6039,6039,La Séauve-sur-Semène,84,Auvergne-rhône-alpes,0.15,0.15,0.1,0.15,0.1
6040,6040,La Séguinière,52,Pays De La Loire,0.15,0.15,0.1,0.15,0.1
6041,6041,La Sône,84,Auvergne-rhône-alpes,0.15,0.15,0.1,0.15,0.1
6042,6042,La Talaudière,84,Auvergne-rhône-alpes,0.15,0.15,0.1,0.15,0.1
6043,6043,La Tardière,52,Pays De La Loire,0.15,0.15,0.1,0.15,0.1
6044,6044,La Terrasse,84,Auvergne-rhône-alpes,0.15,0.15,0.1,0.15,0.1
6045,6045,La Terrasse-sur-Dorlay,84,Auvergne-rhône-alpes,0.15,0.15,0.1,0.15,0.1
6046,6046,La Tessoualle,52,Pays De La Loire,0.15,0.15,0.1,0.15,0.1
6047,6047,La Teste-de-Buch,75,Nouvelle-aquitaine,0.15,0.15,0.1,0.15,0.1
6048,6048,La Tour,93,Provence-alpes-côte D'azur,0.15,0.15,0.1,0.15,0.1
6049,6049,La Tour-Saint-Gelin,24,Centre-val De Loire,0.15,0.15,0.1,0.15,0.1
6050,6050,La Tour-de-Salvagny,84,Auvergne-rhône-alpes,0.15,0.15,0.1,0.15,0.1
6051,6051,La Tour-du-Crieu,76,Occitanie,0.15,0.15,0.1,0.15,0.1
6052,6052,La Tour-du-Pin,84,Auvergne-rhône-alpes,0.15,0.15,0.1,0.15,0.1
6053,6053,La Tour-en-Jarez,84,Auvergne-rhône-alpes,0.15,0.15,0.1,0.15,0.1
6054,6054,La Tour-sur-Orb,76,Occitanie,0.15,0.15,0.1,0.15,0.1
6055,6055,La Tourlandry,52,Pays De La Loire,0.15,0.15,0.1,0.15,0.1
6056,6056,La Tranche-sur-Mer,52,Pays De La Loire,0.15,0.15,0.1,0.15,0.1
6057,6057,La Tremblade,75,Nouvelle-aquitaine,0.15,0.15,0.1,0.15,0.1
6058,6058,La Trimouille,75,Nouvelle-aquitaine,0.15,0.15,0.1,0.15,0.1
6059,6059,La Trinité,93,Provence-alpes-côte D'azur,0.15,0.15,0.1,0.15,0.1
6060,6060,La Trinité-Porhoët,53,Bretagne,0.15,0.15,0.1,0.15,0.1
6061,6061,La Trinité-Surzur,53,Bretagne,0.15,0.15,0.1,0.15,0.1
6062,6062,La Trinité-du-Mont,28,Normandie,0.15,0.15,0.1,0.15,0.1
6063,6063,La Trinité-sur-Mer,53,Bretagne,0.15,0.15,0.1,0.15,0.1
6064,6064,La Tronche,84,Auvergne-rhône-alpes,0.15,0.15,0.1,0.15,0.1
6065,6065,La Turballe,52,Pays De La Loire,0.15,0.15,0.1,0.15,0.1
6066,6066,La Turbie,93,Provence-alpes-côte D'azur,0.15,0.15,0.1,0.15,0.1
6067,6067,La Vacherie,28,Normandie,0.15,0.15,0.1,0.15,0.1
6068,6068,La Valette-du-Var,93,Provence-alpes-côte D'azur,0.15,0.15,0.1,0.15,0.1
6069,6069,La Valla-en-Gier,84,Auvergne-rhône-alpes,0.15,0.15,0.1,0.15,0.1
6070,6070,La Vallée,75,Nouvelle-aquitaine,0.15,0.15,0.1,0.15,0.1
6071,6071,La Varenne,52,Pays De La Loire,0.15,0.15,0.1,0.15,0.1
6072,6072,La Vaupalière,28,Normandie,0.15,0.15,0.1,0.15,0.1
6073,6073,La Verdière,93,Provence-alpes-côte D'azur,0.15,0.15,0.1,0.15,0.1
6074,6074,La Vergne,75,Nouvelle-aquitaine,0.15,0.15,0.1,0.15,0.1
6075,6075,La Vernelle,24,Centre-val De Loire,0.15,0.15,0.1,0.15,0.1
6076,6076,La Verpillière,84,Auvergne-rhône-alpes,0.15,0.15,0.1,0.15,0.1
6077,6077,La Verrie,52,Pays De La Loire,0.15,0.15,0.1,0.15,0.1
6078,6078,La Verrière,11,Île-de-france,0.15,0.15,0.1,0.15,0.1
6079,6079,La Vespière,28,Normandie,0.15,0.15,0.1,0.15,0.1
6080,6080,La Veuve,44,Grand Est,0.15,0.15,0.1,0.15,0.1
6081,6081,La Vicomté-sur-Rance,53,Bretagne,0.15,0.15,0.1,0.15,0.1
6082,6082,La Vieille-Lyre,28,Normandie,0.15,0.15,0.1,0.15,0.1
6083,6083,La Ville-aux-Clercs,24,Centre-val De Loire,0.15,0.15,0.1,0.15,0.1
6084,6084,La Ville-aux-Dames,24,Centre-val De Loire,0.15,0.15,0.1,0.15,0.1
6085,6085,La Ville-du-Bois,11,Île-de-france,0.15,0.15,0.1,0.15,0.1
6086,6086,La Ville-ès-Nonais,53,Bretagne,0.15,0.15,0.1,0.15,0.1
6087,6087,La Villedieu-du-Clain,75,Nouvelle-aquitaine,0.15,0.15,0.1,0.15,0.1
6088,6088,La Villeneuve-en-Chevrie,11,Île-de-france,0.15,0.15,0.1,0.15,0.1
6089,6089,La Villette,28,Normandie,0.15,0.15,0.1,0.15,0.1
6090,6090,La Voivre,44,Grand Est,0.15,0.15,0.1,0.15,0.1
6091,6091,La Voulte-sur-Rhône,84,Auvergne-rhône-alpes,0.15,0.15,0.1,0.15,0.1
6092,6092,La Vraie-Croix,53,Bretagne,0.15,0.15,0.1,0.15,0.1
6093,6093,La Wantzenau,44,Grand Est,0.15,0.15,0.1,0.15,0.1
6094,6094,Labarde,75,Nouvelle-aquitaine,0.15,0.15,0.1,0.15,0.1
6095,6095,Labaroche,44,Grand Est,0.15,0.15,0.1,0.15,0.1
6096,6096,Labarthe-Inard,76,Occitanie,0.15,0.15,0.1,0.15,0.1
6097,6097,Labarthe-Rivière,76,Occitanie,0.15,0.15,0.1,0.15,0.1
6098,6098,Labarthe-sur-Lèze,76,Occitanie,0.15,0.15,0.1,0.15,0.1
6099,6099,Labastide-Beauvoir,76,Occitanie,0.15,0.15,0.1,0.15,0.1
6100,6100,Labastide-Marnhac,76,Occitanie,0.15,0.15,0.1,0.15,0.1
6101,6101,Labastide-Murat,76,Occitanie,0.15,0.15,0.1,0.15,0.1
6102,6102,Labastide-Rouairoux,76,Occitanie,0.15,0.15,0.1,0.15,0.1
6103,6103,Labastide-Saint-Georges,76,Occitanie,0.15,0.15,0.1,0.15,0.1
6104,6104,Labastide-Saint-Pierre,76,Occitanie,0.15,0.15,0.1,0.15,0.1
6105,6105,Labastide-Saint-Sernin,76,Occitanie,0.15,0.15,0.1,0.15,0.1
6106,6106,Labastide-de-Lévis,76,Occitanie,0.15,0.15,0.1,0.15,0.1
6107,6107,Labastide-du-Temple,76,Occitanie,0.15,0.15,0.1,0.15,0.1
6108,6108,Labastidette,76,Occitanie,0.15,0.15,0.1,0.15,0.1
6109,6109,Labatut,76,Occitanie,0.15,0.15,0.1,0.15,0.1
6110,6110,Labbeville,11,Île-de-france,0.15,0.15,0.1,0.15,0.1
6111,6111,Labenne,75,Nouvelle-aquitaine,0.15,0.15,0.1,0.15,0.1
6112,6112,Labergement-Sainte-Marie,27,Bourgogne-franche-comté,0.15,0.15,0.1,0.15,0.1
6113,6113,Labergement-lès-Seurre,27,Bourgogne-franche-comté,0.15,0.15,0.1,0.15,0.1
6114,6114,Labessière-Candeil,76,Occitanie,0.15,0.15,0.1,0.15,0.1
6115,6115,Labeuvrière,32,Hauts-de-france,0.15,0.15,0.1,0.15,0.1
6116,6116,Lablachère,84,Auvergne-rhône-alpes,0.15,0.15,0.1,0.15,0.1
6117,6117,Laboissière-en-Thelle,32,Hauts-de-france,0.15,0.15,0.1,0.15,0.1
6118,6118,Labouheyre,75,Nouvelle-aquitaine,0.15,0.15,0.1,0.15,0.1
6119,6119,Labourse,32,Hauts-de-france,0.15,0.15,0.1,0.15,0.1
6120,6120,Labrit,75,Nouvelle-aquitaine,0.15,0.15,0.1,0.15,0.1
6121,6121,Labruguière,76,Occitanie,0.15,0.15,0.1,0.15,0.1
6122,6122,Labruyère,32,Hauts-de-france,0.15,0.15,0.1,0.15,0.1
6123,6123,Labry,44,Grand Est,0.15,0.15,0.1,0.15,0.1
6124,6124,Labège,76,Occitanie,0.15,0.15,0.1,0.15,0.1
6125,6125,Labégude,84,Auvergne-rhône-alpes,0.15,0.15,0.1,0.15,0.1
6126,6126,Lacanau,75,Nouvelle-aquitaine,0.15,0.15,0.1,0.15,0.1
6127,6127,Lacanche,27,Bourgogne-franche-comté,0.15,0.15,0.1,0.15,0.1
6128,6128,Lacapelle-Marival,76,Occitanie,0.15,0.15,0.1,0.15,0.1
6129,6129,Lacasse,,MISSING,0.15,0.15,0.1,0.15,0.1
6130,6130,Lacaune,76,Occitanie,0.15,0.15,0.1,0.15,0.1
6131,6131,Lacenas,84,Auvergne-rhône-alpes,0.15,0.15,0.1,0.15,0.1
6132,6132,Lachambre,44,Grand Est,0.15,0.15,0.1,0.15,0.1
6133,6133,Lachapelle-Auzac,76,Occitanie,0.15,0.15,0.1,0.15,0.1
6134,6134,Lachapelle-Saint-Pierre,32,Hauts-de-france,0.15,0.15,0.1,0.15,0.1
6135,6135,Lachapelle-aux-Pots,32,Hauts-de-france,0.15,0.15,0.1,0.15,0.1
6136,6136,Lachapelle-sous-Aubenas,84,Auvergne-rhône-alpes,0.15,0.15,0.1,0.15,0.1
6137,6137,Lachapelle-sous-Chaux,27,Bourgogne-franche-comté,0.15,0.15,0.1,0.15,0.1
6138,6138,Lachassagne,84,Auvergne-rhône-alpes,0.15,0.15,0.1,0.15,0.1
6139,6139,Lachelle,32,Hauts-de-france,0.15,0.15,0.1,0.15,0.1
6140,6140,Lacourt-Saint-Pierre,76,Occitanie,0.15,0.15,0.1,0.15,0.1
6141,6141,Lacq,75,Nouvelle-aquitaine,0.15,0.15,0.1,0.15,0.1
6142,6142,Lacroix-Barrez,76,Occitanie,0.15,0.15,0.1,0.15,0.1
6143,6143,Lacroix-Falgarde,76,Occitanie,0.15,0.15,0.1,0.15,0.1
6144,6144,Lacroix-Saint-Ouen,32,Hauts-de-france,0.15,0.15,0.1,0.15,0.1
6145,6145,Lacroix-sur-Meuse,44,Grand Est,0.15,0.15,0.1,0.15,0.1
6146,6146,Lacropte,75,Nouvelle-aquitaine,0.15,0.15,0.1,0.15,0.1
6147,6147,Lacrost,27,Bourgogne-franche-comté,0.15,0.15,0.1,0.15,0.1
6148,6148,Lacrouzette,76,Occitanie,0.15,0.15,0.1,0.15,0.1
6149,6149,Lacs,24,Centre-val De Loire,0.15,0.15,0.1,0.15,0.1
6150,6150,Ladignac-le-Long,75,Nouvelle-aquitaine,0.15,0.15,0.1,0.15,0.1
6151,6151,Ladoix-Serrigny,27,Bourgogne-franche-comté,0.15,0.15,0.1,0.15,0.1
6152,6152,Ladon,24,Centre-val De Loire,0.15,0.15,0.1,0.15,0.1
6153,6153,Lafeuillade-en-Vézie,84,Auvergne-rhône-alpes,0.15,0.15,0.1,0.15,0.1
6154,6154,Lafitte-Vigordane,76,Occitanie,0.15,0.15,0.1,0.15,0.1
6155,6155,Lafitte-sur-Lot,75,Nouvelle-aquitaine,0.15,0.15,0.1,0.15,0.1
6156,6156,Lafox,75,Nouvelle-aquitaine,0.15,0.15,0.1,0.15,0.1
6157,6157,Lafrançaise,76,Occitanie,0.15,0.15,0.1,0.15,0.1
6158,6158,Lagarde-Enval,75,Nouvelle-aquitaine,0.15,0.15,0.1,0.15,0.1
6159,6159,Lagardelle-sur-Lèze,76,Occitanie,0.15,0.15,0.1,0.15,0.1
6160,6160,Lagarrigue,76,Occitanie,0.15,0.15,0.1,0.15,0.1
6161,6161,Laglorieuse,75,Nouvelle-aquitaine,0.15,0.15,0.1,0.15,0.1
6162,6162,Lagnes,93,Provence-alpes-côte D'azur,0.15,0.15,0.1,0.15,0.1
6163,6163,Lagnieu,84,Auvergne-rhône-alpes,0.15,0.15,0.1,0.15,0.1
6164,6164,Lagny-le-Sec,32,Hauts-de-france,0.15,0.15,0.1,0.15,0.1
6165,6165,Lagny-sur-Marne,11,Île-de-france,0.15,0.15,0.1,0.15,0.1
6166,6166,Lagor,75,Nouvelle-aquitaine,0.15,0.15,0.1,0.15,0.1
6167,6167,Lagorce,84,Auvergne-rhône-alpes,0.15,0.15,0.1,0.15,0.1
6168,6168,Lagord,75,Nouvelle-aquitaine,0.15,0.15,0.1,0.15,0.1
6169,6169,Lagos,75,Nouvelle-aquitaine,0.15,0.15,0.1,0.15,0.1
6170,6170,Lagrasse,76,Occitanie,0.15,0.15,0.1,0.15,0.1
6171,6171,Lagraulière,75,Nouvelle-aquitaine,0.15,0.15,0.1,0.15,0.1
6172,6172,Lagrave,76,Occitanie,0.15,0.15,0.1,0.15,0.1
6173,6173,Laguenne,75,Nouvelle-aquitaine,0.15,0.15,0.1,0.15,0.1
6174,6174,Laguiole,76,Occitanie,0.15,0.15,0.1,0.15,0.1
6175,6175,Lagupie,75,Nouvelle-aquitaine,0.15,0.15,0.1,0.15,0.1
6176,6176,Laguépie,76,Occitanie,0.15,0.15,0.1,0.15,0.1
6177,6177,Lahonce,75,Nouvelle-aquitaine,0.15,0.15,0.1,0.15,0.1
6178,6178,Lahourcade,75,Nouvelle-aquitaine,0.15,0.15,0.1,0.15,0.1
6179,6179,Laifour,44,Grand Est,0.15,0.15,0.1,0.15,0.1
6180,6180,Laignelet,53,Bretagne,0.15,0.15,0.1,0.15,0.1
6181,6181,Laignes,27,Bourgogne-franche-comté,0.15,0.15,0.1,0.15,0.1
6182,6182,Laigneville,32,Hauts-de-france,0.15,0.15,0.1,0.15,0.1
6183,6183,Laigné,52,Pays De La Loire,0.15,0.15,0.1,0.15,0.1
6184,6184,Laigné-en-Belin,52,Pays De La Loire,0.15,0.15,0.1,0.15,0.1
6185,6185,Lailly-en-Val,24,Centre-val De Loire,0.15,0.15,0.1,0.15,0.1
6186,6186,Laillé,53,Bretagne,0.15,0.15,0.1,0.15,0.1
6187,6187,Lainville-en-Vexin,11,Île-de-france,0.15,0.15,0.1,0.15,0.1
6188,6188,Lairoux,52,Pays De La Loire,0.15,0.15,0.1,0.15,0.1
6189,6189,Laissac,76,Occitanie,0.15,0.15,0.1,0.15,0.1
6190,6190,Laissaud,84,Auvergne-rhône-alpes,0.15,0.15,0.1,0.15,0.1
6191,6191,Laives,27,Bourgogne-franche-comté,0.15,0.15,0.1,0.15,0.1
6192,6192,Laiz,84,Auvergne-rhône-alpes,0.15,0.15,0.1,0.15,0.1
6193,6193,Laizy,27,Bourgogne-franche-comté,0.15,0.15,0.1,0.15,0.1
6194,6194,Laizé,27,Bourgogne-franche-comté,0.15,0.15,0.1,0.15,0.1
6195,6195,Lalande-en-Son,32,Hauts-de-france,0.15,0.15,0.1,0.15,0.1
6196,6196,Lalbenque,76,Occitanie,0.15,0.15,0.1,0.15,0.1
6197,6197,Lalinde,75,Nouvelle-aquitaine,0.15,0.15,0.1,0.15,0.1
6198,6198,Lallaing,32,Hauts-de-france,0.15,0.15,0.1,0.15,0.1
6199,6199,Lalleu,53,Bretagne,0.15,0.15,0.1,0.15,0.1
6200,6200,Laloubère,76,Occitanie,0.15,0.15,0.1,0.15,0.1
6201,6201,Lalouvesc,84,Auvergne-rhône-alpes,0.15,0.15,0.1,0.15,0.1
6202,6202,Laluque,75,Nouvelle-aquitaine,0.15,0.15,0.1,0.15,0.1
6203,6203,Lamagdelaine,76,Occitanie,0.15,0.15,0.1,0.15,0.1
6204,6204,Lamagistère,76,Occitanie,0.15,0.15,0.1,0.15,0.1
6205,6205,Lamalou-les-Bains,76,Occitanie,0.15,0.15,0.1,0.15,0.1
6206,6206,Lamanon,93,Provence-alpes-côte D'azur,0.15,0.15,0.1,0.15,0.1
6207,6207,Lamarche,44,Grand Est,0.15,0.15,0.1,0.15,0.1
6208,6208,Lamarche-sur-Saône,27,Bourgogne-franche-comté,0.15,0.15,0.1,0.15,0.1
6209,6209,Lamarque,75,Nouvelle-aquitaine,0.15,0.15,0.1,0.15,0.1
6210,6210,Lamarque-Pontacq,76,Occitanie,0.15,0.15,0.1,0.15,0.1
6211,6211,Lamasquère,76,Occitanie,0.15,0.15,0.1,0.15,0.1
6212,6212,Lamastre,84,Auvergne-rhône-alpes,0.15,0.15,0.1,0.15,0.1
6213,6213,Lambach,44,Grand Est,0.15,0.15,0.1,0.15,0.1
6214,6214,Lamballe,53,Bretagne,0.15,0.15,0.1,0.15,0.1
6215,6215,Lambersart,32,Hauts-de-france,0.15,0.15,0.1,0.15,0.1
6216,6216,Lambesc,93,Provence-alpes-côte D'azur,0.15,0.15,0.1,0.15,0.1
6217,6217,Lambres,32,Hauts-de-france,0.15,0.15,0.1,0.15,0.1
6218,6218,Lambres-lez-Douai,32,Hauts-de-france,0.15,0.15,0.1,0.15,0.1
6219,6219,Lamnay,52,Pays De La Loire,0.15,0.15,0.1,0.15,0.1
6220,6220,Lamontgie,84,Auvergne-rhône-alpes,0.15,0.15,0.1,0.15,0.1
6221,6221,Lamonzie,,MISSING,0.15,0.15,0.1,0.15,0.1
6222,6222,Lamonzie-Montastruc,75,Nouvelle-aquitaine,0.15,0.15,0.1,0.15,0.1
6223,6223,Lamorlaye,32,Hauts-de-france,0.15,0.15,0.1,0.15,0.1
6224,6224,Lamothe,84,Auvergne-rhône-alpes,0.15,0.15,0.1,0.15,0.1
6225,6225,Lamothe-Capdeville,76,Occitanie,0.15,0.15,0.1,0.15,0.1
6226,6226,Lamothe-Montravel,75,Nouvelle-aquitaine,0.15,0.15,0.1,0.15,0.1
6227,6227,Lamotte-Beuvron,24,Centre-val De Loire,0.15,0.15,0.1,0.15,0.1
6228,6228,Lampaul-Guimiliau,53,Bretagne,0.15,0.15,0.1,0.15,0.1
6229,6229,Lampaul-Plouarzel,53,Bretagne,0.15,0.15,0.1,0.15,0.1
6230,6230,Lampaul-Ploudalmézeau,53,Bretagne,0.15,0.15,0.1,0.15,0.1
6231,6231,Lampertheim,44,Grand Est,0.15,0.15,0.1,0.15,0.1
6232,6232,Lampertsloch,44,Grand Est,0.15,0.15,0.1,0.15,0.1
6233,6233,Lamure-sur-Azergues,84,Auvergne-rhône-alpes,0.15,0.15,0.1,0.15,0.1
6234,6234,Lanchères,32,Hauts-de-france,0.15,0.15,0.1,0.15,0.1
6235,6235,Lancieux,53,Bretagne,0.15,0.15,0.1,0.15,0.1
6236,6236,Lancié,84,Auvergne-rhône-alpes,0.15,0.15,0.1,0.15,0.1
6237,6237,Lancrans,84,Auvergne-rhône-alpes,0.15,0.15,0.1,0.15,0.1
6238,6238,Landas,32,Hauts-de-france,0.15,0.15,0.1,0.15,0.1
6239,6239,Landaul,53,Bretagne,0.15,0.15,0.1,0.15,0.1
6240,6240,Landeleau,53,Bretagne,0.15,0.15,0.1,0.15,0.1
6241,6241,Landelles,24,Centre-val De Loire,0.15,0.15,0.1,0.15,0.1
6242,6242,Landelles-et-Coupigny,28,Normandie,0.15,0.15,0.1,0.15,0.1
6243,6243,Landemont,52,Pays De La Loire,0.15,0.15,0.1,0.15,0.1
6244,6244,Landerneau,53,Bretagne,0.15,0.15,0.1,0.15,0.1
6245,6245,Landeronde,52,Pays De La Loire,0.15,0.15,0.1,0.15,0.1
6246,6246,Landes,75,Nouvelle-aquitaine,0.15,0.15,0.1,0.15,0.1
6247,6247,Landes-le-Gaulois,24,Centre-val De Loire,0.15,0.15,0.1,0.15,0.1
6248,6248,Landevieille,52,Pays De La Loire,0.15,0.15,0.1,0.15,0.1
6249,6249,Landiras,75,Nouvelle-aquitaine,0.15,0.15,0.1,0.15,0.1
6250,6250,Landisacq,28,Normandie,0.15,0.15,0.1,0.15,0.1
6251,6251,Landivisiau,53,Bretagne,0.15,0.15,0.1,0.15,0.1
6252,6252,Landivy,52,Pays De La Loire,0.15,0.15,0.1,0.15,0.1
6253,6253,Landorthe,76,Occitanie,0.15,0.15,0.1,0.15,0.1
6254,6254,Landos,84,Auvergne-rhône-alpes,0.15,0.15,0.1,0.15,0.1
6255,6255,Landouzy-la-Ville,32,Hauts-de-france,0.15,0.15,0.1,0.15,0.1
6256,6256,Landrais,75,Nouvelle-aquitaine,0.15,0.15,0.1,0.15,0.1
6257,6257,Landrecies,32,Hauts-de-france,0.15,0.15,0.1,0.15,0.1
6258,6258,Landres,44,Grand Est,0.15,0.15,0.1,0.15,0.1
6259,6259,Landrethun-le-Nord,32,Hauts-de-france,0.15,0.15,0.1,0.15,0.1
6260,6260,Landrethun-lès-Ardres,32,Hauts-de-france,0.15,0.15,0.1,0.15,0.1
6261,6261,Landreville,44,Grand Est,0.15,0.15,0.1,0.15,0.1
6262,6262,Landry,84,Auvergne-rhône-alpes,0.15,0.15,0.1,0.15,0.1
6263,6263,Landrévarzec,53,Bretagne,0.15,0.15,0.1,0.15,0.1
6264,6264,Landser,44,Grand Est,0.15,0.15,0.1,0.15,0.1
6265,6265,Landudal,53,Bretagne,0.15,0.15,0.1,0.15,0.1
6266,6266,Landudec,53,Bretagne,0.15,0.15,0.1,0.15,0.1
6267,6267,Landujan,53,Bretagne,0.15,0.15,0.1,0.15,0.1
6268,6268,Landunvez,53,Bretagne,0.15,0.15,0.1,0.15,0.1
6269,6269,Landéan,53,Bretagne,0.15,0.15,0.1,0.15,0.1
6270,6270,Landéda,53,Bretagne,0.15,0.15,0.1,0.15,0.1
6271,6271,Landéhen,53,Bretagne,0.15,0.15,0.1,0.15,0.1
6272,6272,Landévant,53,Bretagne,0.15,0.15,0.1,0.15,0.1
6273,6273,Lanester,53,Bretagne,0.15,0.15,0.1,0.15,0.1
6274,6274,Laneuveville-devant-Nancy,44,Grand Est,0.15,0.15,0.1,0.15,0.1
6275,6275,Laneuville-à-Rémy,44,Grand Est,0.15,0.15,0.1,0.15,0.1
6276,6276,Langan,53,Bretagne,0.15,0.15,0.1,0.15,0.1
6277,6277,Langast,53,Bretagne,0.15,0.15,0.1,0.15,0.1
6278,6278,Langeac,84,Auvergne-rhône-alpes,0.15,0.15,0.1,0.15,0.1
6279,6279,Langeais,24,Centre-val De Loire,0.15,0.15,0.1,0.15,0.1
6280,6280,Langensoultzbach,44,Grand Est,0.15,0.15,0.1,0.15,0.1
6281,6281,Langlade,76,Occitanie,0.15,0.15,0.1,0.15,0.1
6282,6282,Langoat,53,Bretagne,0.15,0.15,0.1,0.15,0.1
6283,6283,Langogne,76,Occitanie,0.15,0.15,0.1,0.15,0.1
6284,6284,Langoiran,75,Nouvelle-aquitaine,0.15,0.15,0.1,0.15,0.1
6285,6285,Langolen,53,Bretagne,0.15,0.15,0.1,0.15,0.1
6286,6286,Langon,75,Nouvelle-aquitaine,0.15,0.15,0.1,0.15,0.1
6287,6287,Langonnet,53,Bretagne,0.15,0.15,0.1,0.15,0.1
6288,6288,Langouet,53,Bretagne,0.15,0.15,0.1,0.15,0.1
6289,6289,Langourla,53,Bretagne,0.15,0.15,0.1,0.15,0.1
6290,6290,Langres,44,Grand Est,0.15,0.15,0.1,0.15,0.1
6291,6291,Langrolay-sur-Rance,53,Bretagne,0.15,0.15,0.1,0.15,0.1
6292,6292,Langrune-sur-Mer,28,Normandie,0.15,0.15,0.1,0.15,0.1
6293,6293,Languenan,53,Bretagne,0.15,0.15,0.1,0.15,0.1
6294,6294,Langueux,53,Bretagne,0.15,0.15,0.1,0.15,0.1
6295,6295,Languidic,53,Bretagne,0.15,0.15,0.1,0.15,0.1
6296,6296,Lanhouarneau,53,Bretagne,0.15,0.15,0.1,0.15,0.1
6297,6297,Lanhélin,53,Bretagne,0.15,0.15,0.1,0.15,0.1
6298,6298,Lanildut,53,Bretagne,0.15,0.15,0.1,0.15,0.1
6299,6299,Laning,44,Grand Est,0.15,0.15,0.1,0.15,0.1
6300,6300,Laniscat,53,Bretagne,0.15,0.15,0.1,0.15,0.1
6301,6301,Lanmeur,53,Bretagne,0.15,0.15,0.1,0.15,0.1
6302,6302,Lanne,76,Occitanie,0.15,0.15,0.1,0.15,0.1
6303,6303,Lannemezan,76,Occitanie,0.15,0.15,0.1,0.15,0.1
6304,6304,Lannepax,76,Occitanie,0.15,0.15,0.1,0.15,0.1
6305,6305,Lanneray,24,Centre-val De Loire,0.15,0.15,0.1,0.15,0.1
6306,6306,Lannilis,53,Bretagne,0.15,0.15,0.1,0.15,0.1
6307,6307,Lannion,53,Bretagne,0.15,0.15,0.1,0.15,0.1
6308,6308,Lannoy,32,Hauts-de-france,0.15,0.15,0.1,0.15,0.1
6309,6309,Lanobre,84,Auvergne-rhône-alpes,0.15,0.15,0.1,0.15,0.1
6310,6310,Lanouaille,75,Nouvelle-aquitaine,0.15,0.15,0.1,0.15,0.1
6311,6311,Lanouée,53,Bretagne,0.15,0.15,0.1,0.15,0.1
6312,6312,Lanquais,75,Nouvelle-aquitaine,0.15,0.15,0.1,0.15,0.1
6313,6313,Lanquetot,28,Normandie,0.15,0.15,0.1,0.15,0.1
6314,6314,Lanrelas,53,Bretagne,0.15,0.15,0.1,0.15,0.1
6315,6315,Lanrivain,53,Bretagne,0.15,0.15,0.1,0.15,0.1
6316,6316,Lanrivoaré,53,Bretagne,0.15,0.15,0.1,0.15,0.1
6317,6317,Lanrodec,53,Bretagne,0.15,0.15,0.1,0.15,0.1
6318,6318,Lans,27,Bourgogne-franche-comté,0.15,0.15,0.1,0.15,0.1
6319,6319,Lans-en-Vercors,84,Auvergne-rhône-alpes,0.15,0.15,0.1,0.15,0.1
6320,6320,Lansac,76,Occitanie,0.15,0.15,0.1,0.15,0.1
6321,6321,Lansargues,76,Occitanie,0.15,0.15,0.1,0.15,0.1
6322,6322,Lanslebourg-Mont-Cenis,84,Auvergne-rhône-alpes,0.15,0.15,0.1,0.15,0.1
6323,6323,Lanta,76,Occitanie,0.15,0.15,0.1,0.15,0.1
6324,6324,Lantheuil,28,Normandie,0.15,0.15,0.1,0.15,0.1
6325,6325,Lantic,53,Bretagne,0.15,0.15,0.1,0.15,0.1
6326,6326,Lantignié,84,Auvergne-rhône-alpes,0.15,0.15,0.1,0.15,0.1
6327,6327,Lanton,75,Nouvelle-aquitaine,0.15,0.15,0.1,0.15,0.1
6328,6328,Lantosque,93,Provence-alpes-côte D'azur,0.15,0.15,0.1,0.15,0.1
6329,6329,Lantriac,84,Auvergne-rhône-alpes,0.15,0.15,0.1,0.15,0.1
6330,6330,Lantéfontaine,44,Grand Est,0.15,0.15,0.1,0.15,0.1
6331,6331,Lanuéjouls,76,Occitanie,0.15,0.15,0.1,0.15,0.1
6332,6332,Lanvallay,53,Bretagne,0.15,0.15,0.1,0.15,0.1
6333,6333,Lanvaudan,53,Bretagne,0.15,0.15,0.1,0.15,0.1
6334,6334,Lanvellec,53,Bretagne,0.15,0.15,0.1,0.15,0.1
6335,6335,Lanvollon,53,Bretagne,0.15,0.15,0.1,0.15,0.1
6336,6336,Lanvénégen,53,Bretagne,0.15,0.15,0.1,0.15,0.1
6337,6337,Lanvéoc,53,Bretagne,0.15,0.15,0.1,0.15,0.1
6338,6338,Lanzac,76,Occitanie,0.15,0.15,0.1,0.15,0.1
6339,6339,Lançon-Provence,93,Provence-alpes-côte D'azur,0.15,0.15,0.1,0.15,0.1
6340,6340,Laon,32,Hauts-de-france,0.15,0.15,0.1,0.15,0.1
6341,6341,Laons,24,Centre-val De Loire,0.15,0.15,0.1,0.15,0.1
6342,6342,Lapalisse,84,Auvergne-rhône-alpes,0.15,0.15,0.1,0.15,0.1
6343,6343,Lapalud,93,Provence-alpes-côte D'azur,0.15,0.15,0.1,0.15,0.1
6344,6344,Lapanouse,76,Occitanie,0.15,0.15,0.1,0.15,0.1
6345,6345,Lapeyrouse,84,Auvergne-rhône-alpes,0.15,0.15,0.1,0.15,0.1
6346,6346,Lapeyrouse-Fossat,76,Occitanie,0.15,0.15,0.1,0.15,0.1
6347,6347,Lapeyrouse-Mornay,84,Auvergne-rhône-alpes,0.15,0.15,0.1,0.15,0.1
6348,6348,Laplume,75,Nouvelle-aquitaine,0.15,0.15,0.1,0.15,0.1
6349,6349,Lapoutroie,44,Grand Est,0.15,0.15,0.1,0.15,0.1
6350,6350,Laps,84,Auvergne-rhône-alpes,0.15,0.15,0.1,0.15,0.1
6351,6351,Lapte,84,Auvergne-rhône-alpes,0.15,0.15,0.1,0.15,0.1
6352,6352,Lapugnoy,32,Hauts-de-france,0.15,0.15,0.1,0.15,0.1
6353,6353,Laquenexy,44,Grand Est,0.15,0.15,0.1,0.15,0.1
6354,6354,Laragne-Montéglin,93,Provence-alpes-côte D'azur,0.15,0.15,0.1,0.15,0.1
6355,6355,Larajasse,84,Auvergne-rhône-alpes,0.15,0.15,0.1,0.15,0.1
6356,6356,Larchamp,52,Pays De La Loire,0.15,0.15,0.1,0.15,0.1
6357,6357,Larchant,11,Île-de-france,0.15,0.15,0.1,0.15,0.1
6358,6358,Larche,93,Provence-alpes-côte D'azur,0.15,0.15,0.1,0.15,0.1
6359,6359,Lardy,11,Île-de-france,0.15,0.15,0.1,0.15,0.1
6360,6360,Larequille,,MISSING,0.15,0.15,0.1,0.15,0.1
6361,6361,Largeasse,75,Nouvelle-aquitaine,0.15,0.15,0.1,0.15,0.1
6362,6362,Largentière,84,Auvergne-rhône-alpes,0.15,0.15,0.1,0.15,0.1
6363,6363,Larmor-Baden,53,Bretagne,0.15,0.15,0.1,0.15,0.1
6364,6364,Larmor-Plage,53,Bretagne,0.15,0.15,0.1,0.15,0.1
6365,6365,Larnage,84,Auvergne-rhône-alpes,0.15,0.15,0.1,0.15,0.1
6366,6366,Larnaud,27,Bourgogne-franche-comté,0.15,0.15,0.1,0.15,0.1
6367,6367,Larnod,27,Bourgogne-franche-comté,0.15,0.15,0.1,0.15,0.1
6368,6368,Laroche-Saint-Cydroine,27,Bourgogne-franche-comté,0.15,0.15,0.1,0.15,0.1
6369,6369,Laroin,75,Nouvelle-aquitaine,0.15,0.15,0.1,0.15,0.1
6370,6370,Laroque,76,Occitanie,0.15,0.15,0.1,0.15,0.1
6371,6371,Laroque-Timbaut,75,Nouvelle-aquitaine,0.15,0.15,0.1,0.15,0.1
6372,6372,Laroque-des-Arcs,76,Occitanie,0.15,0.15,0.1,0.15,0.1
6373,6373,Laroquebrou,84,Auvergne-rhône-alpes,0.15,0.15,0.1,0.15,0.1
6374,6374,Larrazet,76,Occitanie,0.15,0.15,0.1,0.15,0.1
6375,6375,Larressore,75,Nouvelle-aquitaine,0.15,0.15,0.1,0.15,0.1
6376,6376,Larringes,84,Auvergne-rhône-alpes,0.15,0.15,0.1,0.15,0.1
6377,6377,Larrivière-Saint-Savin,75,Nouvelle-aquitaine,0.15,0.15,0.1,0.15,0.1
6378,6378,Larré,53,Bretagne,0.15,0.15,0.1,0.15,0.1
6379,6379,Laruns,75,Nouvelle-aquitaine,0.15,0.15,0.1,0.15,0.1
6380,6380,Laruscade,75,Nouvelle-aquitaine,0.15,0.15,0.1,0.15,0.1
6381,6381,Larçay,24,Centre-val De Loire,0.15,0.15,0.1,0.15,0.1
6382,6382,Lasalle,76,Occitanie,0.15,0.15,0.1,0.15,0.1
6383,6383,Lasbordes,76,Occitanie,0.15,0.15,0.1,0.15,0.1
6384,6384,Lassay-les-Châteaux,52,Pays De La Loire,0.15,0.15,0.1,0.15,0.1
6385,6385,Lasserre,76,Occitanie,0.15,0.15,0.1,0.15,0.1
6386,6386,Lasseube,75,Nouvelle-aquitaine,0.15,0.15,0.1,0.15,0.1
6387,6387,Lassigny,32,Hauts-de-france,0.15,0.15,0.1,0.15,0.1
6388,6388,Lassy,53,Bretagne,0.15,0.15,0.1,0.15,0.1
6389,6389,Lathuile,84,Auvergne-rhône-alpes,0.15,0.15,0.1,0.15,0.1
6390,6390,Lathus-Saint-Rémy,75,Nouvelle-aquitaine,0.15,0.15,0.1,0.15,0.1
6391,6391,Latillé,75,Nouvelle-aquitaine,0.15,0.15,0.1,0.15,0.1
6392,6392,Latour-Bas-Elne,76,Occitanie,0.15,0.15,0.1,0.15,0.1
6393,6393,Latour-de-France,76,Occitanie,0.15,0.15,0.1,0.15,0.1
6394,6394,Latresne,75,Nouvelle-aquitaine,0.15,0.15,0.1,0.15,0.1
6395,6395,Latronquière,76,Occitanie,0.15,0.15,0.1,0.15,0.1
6396,6396,Lattes,76,Occitanie,0.15,0.15,0.1,0.15,0.1
6397,6397,Lau-Balagnas,76,Occitanie,0.15,0.15,0.1,0.15,0.1
6398,6398,Laudun-l'Ardoise,76,Occitanie,0.15,0.15,0.1,0.15,0.1
6399,6399,Laugnac,75,Nouvelle-aquitaine,0.15,0.15,0.1,0.15,0.1
6400,6400,Launac,76,Occitanie,0.15,0.15,0.1,0.15,0.1
6401,6401,Launaguet,76,Occitanie,0.15,0.15,0.1,0.15,0.1
6402,6402,Launois-sur-Vence,44,Grand Est,0.15,0.15,0.1,0.15,0.1
6403,6403,Laurac-en-Vivarais,84,Auvergne-rhône-alpes,0.15,0.15,0.1,0.15,0.1
6404,6404,Laure-Minervois,76,Occitanie,0.15,0.15,0.1,0.15,0.1
6405,6405,Laurenan,53,Bretagne,0.15,0.15,0.1,0.15,0.1
6406,6406,Laurens,76,Occitanie,0.15,0.15,0.1,0.15,0.1
6407,6407,Lauris,93,Provence-alpes-côte D'azur,0.15,0.15,0.1,0.15,0.1
6408,6408,Laurière,75,Nouvelle-aquitaine,0.15,0.15,0.1,0.15,0.1
6409,6409,Laussonne,84,Auvergne-rhône-alpes,0.15,0.15,0.1,0.15,0.1
6410,6410,Lautenbach,44,Grand Est,0.15,0.15,0.1,0.15,0.1
6411,6411,Lautenbachzell,44,Grand Est,0.15,0.15,0.1,0.15,0.1
6412,6412,Lauterbourg,44,Grand Est,0.15,0.15,0.1,0.15,0.1
6413,6413,Lautrec,76,Occitanie,0.15,0.15,0.1,0.15,0.1
6414,6414,Lauw,44,Grand Est,0.15,0.15,0.1,0.15,0.1
6415,6415,Lauwin-Planque,32,Hauts-de-france,0.15,0.15,0.1,0.15,0.1
6416,6416,Lauzach,53,Bretagne,0.15,0.15,0.1,0.15,0.1
6417,6417,Lauzerte,76,Occitanie,0.15,0.15,0.1,0.15,0.1
6418,6418,Lauzerville,76,Occitanie,0.15,0.15,0.1,0.15,0.1
6419,6419,Lauzun,75,Nouvelle-aquitaine,0.15,0.15,0.1,0.15,0.1
6420,6420,Laval,84,Auvergne-rhône-alpes,0.15,0.15,0.1,0.15,0.1
6421,6421,Laval-Pradel,76,Occitanie,0.15,0.15,0.1,0.15,0.1
6422,6422,Laval-sur-Vologne,44,Grand Est,0.15,0.15,0.1,0.15,0.1
6423,6423,Lavalette,76,Occitanie,0.15,0.15,0.1,0.15,0.1
6424,6424,Lavans-lès-Saint-Claude,27,Bourgogne-franche-comté,0.15,0.15,0.1,0.15,0.1
6425,6425,Lavardac,75,Nouvelle-aquitaine,0.15,0.15,0.1,0.15,0.1
6426,6426,Lavardin,52,Pays De La Loire,0.15,0.15,0.1,0.15,0.1
6427,6427,Lavaré,52,Pays De La Loire,0.15,0.15,0.1,0.15,0.1
6428,6428,Lavau-sur-Loire,52,Pays De La Loire,0.15,0.15,0.1,0.15,0.1
6429,6429,Lavault-Sainte-Anne,84,Auvergne-rhône-alpes,0.15,0.15,0.1,0.15,0.1
6430,6430,Lavaur,76,Occitanie,0.15,0.15,0.1,0.15,0.1
6431,6431,Lavausseau,75,Nouvelle-aquitaine,0.15,0.15,0.1,0.15,0.1
6432,6432,Lavaveix-les-Mines,75,Nouvelle-aquitaine,0.15,0.15,0.1,0.15,0.1
6433,6433,Laveissière,84,Auvergne-rhône-alpes,0.15,0.15,0.1,0.15,0.1
6434,6434,Lavelanet,76,Occitanie,0.15,0.15,0.1,0.15,0.1
6435,6435,Lavelanet-de-Comminges,76,Occitanie,0.15,0.15,0.1,0.15,0.1
6436,6436,Laveline-devant-Bruyères,44,Grand Est,0.15,0.15,0.1,0.15,0.1
6437,6437,Laventie,32,Hauts-de-france,0.15,0.15,0.1,0.15,0.1
6438,6438,Lavergne,76,Occitanie,0.15,0.15,0.1,0.15,0.1
6439,6439,Lavernose-Lacasse,76,Occitanie,0.15,0.15,0.1,0.15,0.1
6440,6440,Laversines,32,Hauts-de-france,0.15,0.15,0.1,0.15,0.1
6441,6441,Laveyron,84,Auvergne-rhône-alpes,0.15,0.15,0.1,0.15,0.1
6442,6442,Lavilledieu,84,Auvergne-rhône-alpes,0.15,0.15,0.1,0.15,0.1
6443,6443,Lavilleneuve-au-Roi,44,Grand Est,0.15,0.15,0.1,0.15,0.1
6444,6444,Lavilletertre,32,Hauts-de-france,0.15,0.15,0.1,0.15,0.1
6445,6445,Lavit,76,Occitanie,0.15,0.15,0.1,0.15,0.1
6446,6446,Lavoux,75,Nouvelle-aquitaine,0.15,0.15,0.1,0.15,0.1
6447,6447,Lavoûte-sur-Loire,84,Auvergne-rhône-alpes,0.15,0.15,0.1,0.15,0.1
6448,6448,Lavérune,76,Occitanie,0.15,0.15,0.1,0.15,0.1
6449,6449,Laxou,44,Grand Est,0.15,0.15,0.1,0.15,0.1
6450,6450,Lay,84,Auvergne-rhône-alpes,0.15,0.15,0.1,0.15,0.1
6451,6451,Lay-Saint-Christophe,44,Grand Est,0.15,0.15,0.1,0.15,0.1
6452,6452,Layrac,75,Nouvelle-aquitaine,0.15,0.15,0.1,0.15,0.1
6453,6453,Laz,53,Bretagne,0.15,0.15,0.1,0.15,0.1
6454,6454,Le Ban Saint-Martin,44,Grand Est,0.15,0.15,0.1,0.15,0.1
6455,6455,Le Bar-sur-Loup,93,Provence-alpes-côte D'azur,0.15,0.15,0.1,0.15,0.1
6456,6456,Le Barcarès,76,Occitanie,0.15,0.15,0.1,0.15,0.1
6457,6457,Le Bardon,24,Centre-val De Loire,0.15,0.15,0.1,0.15,0.1
6458,6458,Le Barp,75,Nouvelle-aquitaine,0.15,0.15,0.1,0.15,0.1
6459,6459,Le Barroux,93,Provence-alpes-côte D'azur,0.15,0.15,0.1,0.15,0.1
6460,6460,Le Beausset,93,Provence-alpes-côte D'azur,0.15,0.15,0.1,0.15,0.1
6461,6461,Le Bernard,52,Pays De La Loire,0.15,0.15,0.1,0.15,0.1
6462,6462,Le Bez,76,Occitanie,0.15,0.15,0.1,0.15,0.1
6463,6463,Le Bignon,52,Pays De La Loire,0.15,0.15,0.1,0.15,0.1
6464,6464,Le Blanc,24,Centre-val De Loire,0.15,0.15,0.1,0.15,0.1
6465,6465,Le Blanc-Mesnil,11,Île-de-france,0.15,0.15,0.1,0.15,0.1
6466,6466,Le Bocasse,28,Normandie,0.15,0.15,0.1,0.15,0.1
6467,6467,Le Bois-Plage-en-Ré,75,Nouvelle-aquitaine,0.15,0.15,0.1,0.15,0.1
6468,6468,Le Bois-d'Oingt,84,Auvergne-rhône-alpes,0.15,0.15,0.1,0.15,0.1
6469,6469,Le Bonhomme,44,Grand Est,0.15,0.15,0.1,0.15,0.1
6470,6470,Le Bosc,76,Occitanie,0.15,0.15,0.1,0.15,0.1
6471,6471,Le Bosc-Roger-en-Roumois,28,Normandie,0.15,0.15,0.1,0.15,0.1
6472,6472,Le Bouchage,84,Auvergne-rhône-alpes,0.15,0.15,0.1,0.15,0.1
6473,6473,Le Boulay,24,Centre-val De Loire,0.15,0.15,0.1,0.15,0.1
6474,6474,Le Boulay-Morin,28,Normandie,0.15,0.15,0.1,0.15,0.1
6475,6475,Le Boupère,52,Pays De La Loire,0.15,0.15,0.1,0.15,0.1
6476,6476,Le Bourget,11,Île-de-france,0.15,0.15,0.1,0.15,0.1
6477,6477,Le Bourget-du-Lac,84,Auvergne-rhône-alpes,0.15,0.15,0.1,0.15,0.1
6478,6478,Le Bourgneuf-la-Forêt,52,Pays De La Loire,0.15,0.15,0.1,0.15,0.1
6479,6479,Le Bouscat,75,Nouvelle-aquitaine,0.15,0.15,0.1,0.15,0.1
6480,6480,Le Breil-sur-Mérize,52,Pays De La Loire,0.15,0.15,0.1,0.15,0.1
6481,6481,Le Breuil,84,Auvergne-rhône-alpes,0.15,0.15,0.1,0.15,0.1
6482,6482,Le Breuil-en-Auge,28,Normandie,0.15,0.15,0.1,0.15,0.1
6483,6483,Le Breuil-sur-Couze,84,Auvergne-rhône-alpes,0.15,0.15,0.1,0.15,0.1
6484,6484,Le Brignon,84,Auvergne-rhône-alpes,0.15,0.15,0.1,0.15,0.1
6485,6485,Le Broc,93,Provence-alpes-côte D'azur,0.15,0.15,0.1,0.15,0.1
6486,6486,Le Brusquet,93,Provence-alpes-côte D'azur,0.15,0.15,0.1,0.15,0.1
6487,6487,Le Bugue,75,Nouvelle-aquitaine,0.15,0.15,0.1,0.15,0.1
6488,6488,Le Buisson-de-Cadouin,75,Nouvelle-aquitaine,0.15,0.15,0.1,0.15,0.1
6489,6489,Le Busseau,75,Nouvelle-aquitaine,0.15,0.15,0.1,0.15,0.1
6490,6490,Le Bény-Bocage,28,Normandie,0.15,0.15,0.1,0.15,0.1
6491,6491,Le Cailar,76,Occitanie,0.15,0.15,0.1,0.15,0.1
6492,6492,Le Cambout,53,Bretagne,0.15,0.15,0.1,0.15,0.1
6493,6493,Le Cannet,93,Provence-alpes-côte D'azur,0.15,0.15,0.1,0.15,0.1
6494,6494,Le Cannet-des-Maures,93,Provence-alpes-côte D'azur,0.15,0.15,0.1,0.15,0.1
6495,6495,Le Castellet,93,Provence-alpes-côte D'azur,0.15,0.15,0.1,0.15,0.1
6496,6496,Le Castéra,76,Occitanie,0.15,0.15,0.1,0.15,0.1
6497,6497,Le Cellier,52,Pays De La Loire,0.15,0.15,0.1,0.15,0.1
6498,6498,Le Cendre,84,Auvergne-rhône-alpes,0.15,0.15,0.1,0.15,0.1
6499,6499,Le Cergne,84,Auvergne-rhône-alpes,0.15,0.15,0.1,0.15,0.1
6500,6500,Le Chambon,84,Auvergne-rhône-alpes,0.15,0.15,0.1,0.15,0.1
6501,6501,Le Chambon-Feugerolles,84,Auvergne-rhône-alpes,0.15,0.15,0.1,0.15,0.1
6502,6502,Le Chambon-sur-Lignon,84,Auvergne-rhône-alpes,0.15,0.15,0.1,0.15,0.1
6503,6503,Le Champ-Saint-Père,52,Pays De La Loire,0.15,0.15,0.1,0.15,0.1
6504,6504,Le Champ-près-Froges,84,Auvergne-rhône-alpes,0.15,0.15,0.1,0.15,0.1
6505,6505,Le Change,75,Nouvelle-aquitaine,0.15,0.15,0.1,0.15,0.1
6506,6506,Le Chay,75,Nouvelle-aquitaine,0.15,0.15,0.1,0.15,0.1
6507,6507,Le Cheix,84,Auvergne-rhône-alpes,0.15,0.15,0.1,0.15,0.1
6508,6508,Le Chesnay,11,Île-de-france,0.15,0.15,0.1,0.15,0.1
6509,6509,Le Chesne,44,Grand Est,0.15,0.15,0.1,0.15,0.1
6510,6510,Le Chevain,52,Pays De La Loire,0.15,0.15,0.1,0.15,0.1
6511,6511,Le Cheylard,84,Auvergne-rhône-alpes,0.15,0.15,0.1,0.15,0.1
6512,6512,Le Cheylas,84,Auvergne-rhône-alpes,0.15,0.15,0.1,0.15,0.1
6513,6513,Le Châtelard,84,Auvergne-rhône-alpes,0.15,0.15,0.1,0.15,0.1
6514,6514,Le Châtelet,24,Centre-val De Loire,0.15,0.15,0.1,0.15,0.1
6515,6515,Le Châtelet-en-Brie,11,Île-de-france,0.15,0.15,0.1,0.15,0.1
6516,6516,Le Châtelet-sur-Retourne,44,Grand Est,0.15,0.15,0.1,0.15,0.1
6517,6517,Le Clerjus,44,Grand Est,0.15,0.15,0.1,0.15,0.1
6518,6518,Le Cloître-Pleyben,53,Bretagne,0.15,0.15,0.1,0.15,0.1
6519,6519,Le Cloître-Saint-Thégonnec,53,Bretagne,0.15,0.15,0.1,0.15,0.1
6520,6520,Le Collet-de-Dèze,76,Occitanie,0.15,0.15,0.1,0.15,0.1
6521,6521,Le Conquet,53,Bretagne,0.15,0.15,0.1,0.15,0.1
6522,6522,Le Coteau,84,Auvergne-rhône-alpes,0.15,0.15,0.1,0.15,0.1
6523,6523,Le Coudray,24,Centre-val De Loire,0.15,0.15,0.1,0.15,0.1
6524,6524,Le Coudray-Macouard,52,Pays De La Loire,0.15,0.15,0.1,0.15,0.1
6525,6525,Le Coudray-Montceaux,11,Île-de-france,0.15,0.15,0.1,0.15,0.1
6526,6526,Le Coudray-Saint-Germer,32,Hauts-de-france,0.15,0.15,0.1,0.15,0.1
6527,6527,Le Coudray-sur-Thelle,32,Hauts-de-france,0.15,0.15,0.1,0.15,0.1
6528,6528,Le Crest,84,Auvergne-rhône-alpes,0.15,0.15,0.1,0.15,0.1
6529,6529,Le Crestet,84,Auvergne-rhône-alpes,0.15,0.15,0.1,0.15,0.1
6530,6530,Le Creusot,27,Bourgogne-franche-comté,0.15,0.15,0.1,0.15,0.1
6531,6531,Le Croisic,52,Pays De La Loire,0.15,0.15,0.1,0.15,0.1
6532,6532,Le Croisty,53,Bretagne,0.15,0.15,0.1,0.15,0.1
6533,6533,Le Crotoy,32,Hauts-de-france,0.15,0.15,0.1,0.15,0.1
6534,6534,Le Crès,76,Occitanie,0.15,0.15,0.1,0.15,0.1
6535,6535,Le Deschaux,27,Bourgogne-franche-comté,0.15,0.15,0.1,0.15,0.1
6536,6536,Le Donjon,84,Auvergne-rhône-alpes,0.15,0.15,0.1,0.15,0.1
6537,6537,Le Dorat,75,Nouvelle-aquitaine,0.15,0.15,0.1,0.15,0.1
6538,6538,Le Douhet,75,Nouvelle-aquitaine,0.15,0.15,0.1,0.15,0.1
6539,6539,Le Doulieu,32,Hauts-de-france,0.15,0.15,0.1,0.15,0.1
6540,6540,Le Drennec,53,Bretagne,0.15,0.15,0.1,0.15,0.1
6541,6541,Le Dévoluy,93,Provence-alpes-côte D'azur,0.15,0.15,0.1,0.15,0.1
6542,6542,Le Dézert,28,Normandie,0.15,0.15,0.1,0.15,0.1
6543,6543,Le Faou,53,Bretagne,0.15,0.15,0.1,0.15,0.1
6544,6544,Le Faouët,53,Bretagne,0.15,0.15,0.1,0.15,0.1
6545,6545,Le Fauga,76,Occitanie,0.15,0.15,0.1,0.15,0.1
6546,6546,Le Fay,27,Bourgogne-franche-comté,0.15,0.15,0.1,0.15,0.1
6547,6547,Le Fenouiller,52,Pays De La Loire,0.15,0.15,0.1,0.15,0.1
6548,6548,Le Ferré,53,Bretagne,0.15,0.15,0.1,0.15,0.1
6549,6549,Le Fidelaire,28,Normandie,0.15,0.15,0.1,0.15,0.1
6550,6550,Le Fief-Sauvin,52,Pays De La Loire,0.15,0.15,0.1,0.15,0.1
6551,6551,Le Fleix,75,Nouvelle-aquitaine,0.15,0.15,0.1,0.15,0.1
6552,6552,Le Folgoët,53,Bretagne,0.15,0.15,0.1,0.15,0.1
6553,6553,Le Fossat,76,Occitanie,0.15,0.15,0.1,0.15,0.1
6554,6554,Le Fouilloux,75,Nouvelle-aquitaine,0.15,0.15,0.1,0.15,0.1
6555,6555,Le Fousseret,76,Occitanie,0.15,0.15,0.1,0.15,0.1
6556,6556,Le Fresne-Camilly,28,Normandie,0.15,0.15,0.1,0.15,0.1
6557,6557,Le Fresne-sur-Loire,52,Pays De La Loire,0.15,0.15,0.1,0.15,0.1
6558,6558,Le Fuilet,52,Pays De La Loire,0.15,0.15,0.1,0.15,0.1
6559,6559,Le Fœil,53,Bretagne,0.15,0.15,0.1,0.15,0.1
6560,6560,Le Garric,76,Occitanie,0.15,0.15,0.1,0.15,0.1
6561,6561,Le Gault-Saint-Denis,24,Centre-val De Loire,0.15,0.15,0.1,0.15,0.1
6562,6562,Le Girouard,52,Pays De La Loire,0.15,0.15,0.1,0.15,0.1
6563,6563,Le Gouray,53,Bretagne,0.15,0.15,0.1,0.15,0.1
6564,6564,Le Grand-Bornand,84,Auvergne-rhône-alpes,0.15,0.15,0.1,0.15,0.1
6565,6565,Le Grand-Bourg,75,Nouvelle-aquitaine,0.15,0.15,0.1,0.15,0.1
6566,6566,Le Grand-Celland,28,Normandie,0.15,0.15,0.1,0.15,0.1
6567,6567,Le Grand-Lemps,84,Auvergne-rhône-alpes,0.15,0.15,0.1,0.15,0.1
6568,6568,Le Grand-Lucé,52,Pays De La Loire,0.15,0.15,0.1,0.15,0.1
6569,6569,Le Grand-Pressigny,24,Centre-val De Loire,0.15,0.15,0.1,0.15,0.1
6570,6570,Le Grand-Quevilly,28,Normandie,0.15,0.15,0.1,0.15,0.1
6571,6571,Le Grand-Serre,84,Auvergne-rhône-alpes,0.15,0.15,0.1,0.15,0.1
6572,6572,Le Grand-Village-Plage,75,Nouvelle-aquitaine,0.15,0.15,0.1,0.15,0.1
6573,6573,Le Grau-du-Roi,76,Occitanie,0.15,0.15,0.1,0.15,0.1
6574,6574,Le Gros-Theil,28,Normandie,0.15,0.15,0.1,0.15,0.1
6575,6575,Le Gua,84,Auvergne-rhône-alpes,0.15,0.15,0.1,0.15,0.1
6576,6576,Le Guerno,53,Bretagne,0.15,0.15,0.1,0.15,0.1
6577,6577,Le Gué-de-Longroi,24,Centre-val De Loire,0.15,0.15,0.1,0.15,0.1
6578,6578,Le Gué-de-Velluire,52,Pays De La Loire,0.15,0.15,0.1,0.15,0.1
6579,6579,Le Gué-de-la-Chaîne,28,Normandie,0.15,0.15,0.1,0.15,0.1
6580,6580,Le Gâvre,52,Pays De La Loire,0.15,0.15,0.1,0.15,0.1
6581,6581,Le Haillan,75,Nouvelle-aquitaine,0.15,0.15,0.1,0.15,0.1
6582,6582,Le Haut-Corlay,53,Bretagne,0.15,0.15,0.1,0.15,0.1
6583,6583,Le Havre,28,Normandie,0.15,0.15,0.1,0.15,0.1
6584,6584,Le Hinglé,53,Bretagne,0.15,0.15,0.1,0.15,0.1
6585,6585,Le Horps,52,Pays De La Loire,0.15,0.15,0.1,0.15,0.1
6586,6586,Le Houga,76,Occitanie,0.15,0.15,0.1,0.15,0.1
6587,6587,Le Houlme,28,Normandie,0.15,0.15,0.1,0.15,0.1
6588,6588,Le Hézo,53,Bretagne,0.15,0.15,0.1,0.15,0.1
6589,6589,Le Juch,53,Bretagne,0.15,0.15,0.1,0.15,0.1
6590,6590,Le Kremlin-Bicêtre,11,Île-de-france,0.15,0.15,0.1,0.15,0.1
6591,6591,Le Landreau,52,Pays De La Loire,0.15,0.15,0.1,0.15,0.1
6592,6592,Le Langon,52,Pays De La Loire,0.15,0.15,0.1,0.15,0.1
6593,6593,Le Lardin-Saint-Lazare,75,Nouvelle-aquitaine,0.15,0.15,0.1,0.15,0.1
6594,6594,Le Lavandou,93,Provence-alpes-côte D'azur,0.15,0.15,0.1,0.15,0.1
6595,6595,Le Longeron,52,Pays De La Loire,0.15,0.15,0.1,0.15,0.1
6596,6596,Le Lonzac,75,Nouvelle-aquitaine,0.15,0.15,0.1,0.15,0.1
6597,6597,Le Lorey,28,Normandie,0.15,0.15,0.1,0.15,0.1
6598,6598,Le Loroux,53,Bretagne,0.15,0.15,0.1,0.15,0.1
6599,6599,Le Loroux-Bottereau,52,Pays De La Loire,0.15,0.15,0.1,0.15,0.1
6600,6600,Le Louroux-Béconnais,52,Pays De La Loire,0.15,0.15,0.1,0.15,0.1
6601,6601,Le Luart,52,Pays De La Loire,0.15,0.15,0.1,0.15,0.1
6602,6602,Le Luc,93,Provence-alpes-côte D'azur,0.15,0.15,0.1,0.15,0.1
6603,6603,Le Lude,52,Pays De La Loire,0.15,0.15,0.1,0.15,0.1
6604,6604,Le Magny,44,Grand Est,0.15,0.15,0.1,0.15,0.1
6605,6605,Le Maisnil,32,Hauts-de-france,0.15,0.15,0.1,0.15,0.1
6606,6606,Le Malzieu-Ville,76,Occitanie,0.15,0.15,0.1,0.15,0.1
6607,6607,Le Manoir,28,Normandie,0.15,0.15,0.1,0.15,0.1
6608,6608,Le Mans,52,Pays De La Loire,0.15,0.15,0.1,0.15,0.1
6609,6609,Le Marillais,52,Pays De La Loire,0.15,0.15,0.1,0.15,0.1
6610,6610,Le Martinet,76,Occitanie,0.15,0.15,0.1,0.15,0.1
6611,6611,Le May-sur-Èvre,52,Pays De La Loire,0.15,0.15,0.1,0.15,0.1
6612,6612,Le Mayet-de-Montagne,84,Auvergne-rhône-alpes,0.15,0.15,0.1,0.15,0.1
6613,6613,Le Merlerault,28,Normandie,0.15,0.15,0.1,0.15,0.1
6614,6614,Le Merzer,53,Bretagne,0.15,0.15,0.1,0.15,0.1
6615,6615,Le Mesnil-Amelot,11,Île-de-france,0.15,0.15,0.1,0.15,0.1
6616,6616,Le Mesnil-Aubry,11,Île-de-france,0.15,0.15,0.1,0.15,0.1
6617,6617,Le Mesnil-Esnard,28,Normandie,0.15,0.15,0.1,0.15,0.1
6618,6618,Le Mesnil-Guillaume,28,Normandie,0.15,0.15,0.1,0.15,0.1
6619,6619,Le Mesnil-Mauger,28,Normandie,0.15,0.15,0.1,0.15,0.1
6620,6620,Le Mesnil-Saint-Denis,11,Île-de-france,0.15,0.15,0.1,0.15,0.1
6621,6621,Le Mesnil-Théribus,32,Hauts-de-france,0.15,0.15,0.1,0.15,0.1
6622,6622,Le Mesnil-au-Val,28,Normandie,0.15,0.15,0.1,0.15,0.1
6623,6623,Le Mesnil-en-Thelle,32,Hauts-de-france,0.15,0.15,0.1,0.15,0.1
6624,6624,Le Mesnil-en-Vallée,52,Pays De La Loire,0.15,0.15,0.1,0.15,0.1
6625,6625,Le Mesnil-le-Roi,11,Île-de-france,0.15,0.15,0.1,0.15,0.1
6626,6626,Le Mesnil-sous-Jumièges,28,Normandie,0.15,0.15,0.1,0.15,0.1
6627,6627,Le Mesnil-sur-Oger,44,Grand Est,0.15,0.15,0.1,0.15,0.1
6628,6628,Le Meux,32,Hauts-de-france,0.15,0.15,0.1,0.15,0.1
6629,6629,Le Minihic-sur-Rance,53,Bretagne,0.15,0.15,0.1,0.15,0.1
6630,6630,Le Molay-Littry,28,Normandie,0.15,0.15,0.1,0.15,0.1
6631,6631,Le Monastier-Pin-Moriès,76,Occitanie,0.15,0.15,0.1,0.15,0.1
6632,6632,Le Monastier-sur-Gazeille,84,Auvergne-rhône-alpes,0.15,0.15,0.1,0.15,0.1
6633,6633,Le Monastère,76,Occitanie,0.15,0.15,0.1,0.15,0.1
6634,6634,Le Mont-Saint-Adrien,32,Hauts-de-france,0.15,0.15,0.1,0.15,0.1
6635,6635,Le Montat,76,Occitanie,0.15,0.15,0.1,0.15,0.1
6636,6636,Le Montet,84,Auvergne-rhône-alpes,0.15,0.15,0.1,0.15,0.1
6637,6637,Le Monêtier-les-Bains,93,Provence-alpes-côte D'azur,0.15,0.15,0.1,0.15,0.1
6638,6638,Le Moustoir,53,Bretagne,0.15,0.15,0.1,0.15,0.1
6639,6639,Le Muy,93,Provence-alpes-côte D'azur,0.15,0.15,0.1,0.15,0.1
6640,6640,Le Mée-sur-Seine,11,Île-de-france,0.15,0.15,0.1,0.15,0.1
6641,6641,Le Ménil,44,Grand Est,0.15,0.15,0.1,0.15,0.1
6642,6642,Le Mêle-sur-Sarthe,28,Normandie,0.15,0.15,0.1,0.15,0.1
6643,6643,Le Nayrac,76,Occitanie,0.15,0.15,0.1,0.15,0.1
6644,6644,Le Neubourg,28,Normandie,0.15,0.15,0.1,0.15,0.1
6645,6645,Le Neufbourg,28,Normandie,0.15,0.15,0.1,0.15,0.1
6646,6646,Le Nouvion-en-Thiérache,32,Hauts-de-france,0.15,0.15,0.1,0.15,0.1
6647,6647,Le Palais,53,Bretagne,0.15,0.15,0.1,0.15,0.1
6648,6648,Le Palais-sur-Vienne,75,Nouvelle-aquitaine,0.15,0.15,0.1,0.15,0.1
6649,6649,Le Pallet,52,Pays De La Loire,0.15,0.15,0.1,0.15,0.1
6650,6650,Le Parcq,32,Hauts-de-france,0.15,0.15,0.1,0.15,0.1
6651,6651,Le Pas,52,Pays De La Loire,0.15,0.15,0.1,0.15,0.1
6652,6652,Le Passage,84,Auvergne-rhône-alpes,0.15,0.15,0.1,0.15,0.1
6653,6653,Le Pecq,11,Île-de-france,0.15,0.15,0.1,0.15,0.1
6654,6654,Le Pellerin,52,Pays De La Loire,0.15,0.15,0.1,0.15,0.1
6655,6655,Le Perchay,11,Île-de-france,0.15,0.15,0.1,0.15,0.1
6656,6656,Le Perray-en-Yvelines,11,Île-de-france,0.15,0.15,0.1,0.15,0.1
6657,6657,Le Perreux-sur-Marne,11,Île-de-france,0.15,0.15,0.1,0.15,0.1
6658,6658,Le Perrier,52,Pays De La Loire,0.15,0.15,0.1,0.15,0.1
6659,6659,Le Perréon,84,Auvergne-rhône-alpes,0.15,0.15,0.1,0.15,0.1
6660,6660,Le Pertre,53,Bretagne,0.15,0.15,0.1,0.15,0.1
6661,6661,Le Petit-Bornand-les-Glières,84,Auvergne-rhône-alpes,0.15,0.15,0.1,0.15,0.1
6662,6662,Le Petit-Fougeray,53,Bretagne,0.15,0.15,0.1,0.15,0.1
6663,6663,Le Petit-Quevilly,28,Normandie,0.15,0.15,0.1,0.15,0.1
6664,6664,Le Pian-Médoc,75,Nouvelle-aquitaine,0.15,0.15,0.1,0.15,0.1
6665,6665,Le Pian-sur-Garonne,75,Nouvelle-aquitaine,0.15,0.15,0.1,0.15,0.1
6666,6666,Le Pin,84,Auvergne-rhône-alpes,0.15,0.15,0.1,0.15,0.1
6667,6667,Le Pin-en-Mauges,52,Pays De La Loire,0.15,0.15,0.1,0.15,0.1
6668,6668,Le Pin-la-Garenne,28,Normandie,0.15,0.15,0.1,0.15,0.1
6669,6669,Le Pizou,75,Nouvelle-aquitaine,0.15,0.15,0.1,0.15,0.1
6670,6670,Le Plan-de-la-Tour,93,Provence-alpes-côte D'azur,0.15,0.15,0.1,0.15,0.1
6671,6671,Le Plessier-Rozainvillers,32,Hauts-de-france,0.15,0.15,0.1,0.15,0.1
6672,6672,Le Plessis-Belleville,32,Hauts-de-france,0.15,0.15,0.1,0.15,0.1
6673,6673,Le Plessis-Bouchard,11,Île-de-france,0.15,0.15,0.1,0.15,0.1
6674,6674,Le Plessis-Brion,32,Hauts-de-france,0.15,0.15,0.1,0.15,0.1
6675,6675,Le Plessis-Grammoire,52,Pays De La Loire,0.15,0.15,0.1,0.15,0.1
6676,6676,Le Plessis-Grohan,28,Normandie,0.15,0.15,0.1,0.15,0.1
6677,6677,Le Plessis-Macé,52,Pays De La Loire,0.15,0.15,0.1,0.15,0.1
6678,6678,Le Plessis-Pâté,11,Île-de-france,0.15,0.15,0.1,0.15,0.1
6679,6679,Le Plessis-Robinson,11,Île-de-france,0.15,0.15,0.1,0.15,0.1
6680,6680,Le Plessis-Trévise,11,Île-de-france,0.15,0.15,0.1,0.15,0.1
6681,6681,Le Poinçonnet,24,Centre-val De Loire,0.15,0.15,0.1,0.15,0.1
6682,6682,Le Poiré-sur-Velluire,52,Pays De La Loire,0.15,0.15,0.1,0.15,0.1
6683,6683,Le Poiré-sur-Vie,52,Pays De La Loire,0.15,0.15,0.1,0.15,0.1
6684,6684,Le Pont-de-Beauvoisin,84,Auvergne-rhône-alpes,0.15,0.15,0.1,0.15,0.1
6685,6685,Le Pont-de-Claix,84,Auvergne-rhône-alpes,0.15,0.15,0.1,0.15,0.1
6686,6686,Le Pontet,93,Provence-alpes-côte D'azur,0.15,0.15,0.1,0.15,0.1
6687,6687,Le Porge,75,Nouvelle-aquitaine,0.15,0.15,0.1,0.15,0.1
6688,6688,Le Port-Marly,11,Île-de-france,0.15,0.15,0.1,0.15,0.1
6689,6689,Le Portel,32,Hauts-de-france,0.15,0.15,0.1,0.15,0.1
6690,6690,Le Pouget,76,Occitanie,0.15,0.15,0.1,0.15,0.1
6691,6691,Le Poujol-sur-Orb,76,Occitanie,0.15,0.15,0.1,0.15,0.1
6692,6692,Le Pouliguen,52,Pays De La Loire,0.15,0.15,0.1,0.15,0.1
6693,6693,Le Pouzin,84,Auvergne-rhône-alpes,0.15,0.15,0.1,0.15,0.1
6694,6694,Le Poët-Laval,84,Auvergne-rhône-alpes,0.15,0.15,0.1,0.15,0.1
6695,6695,Le Pradet,93,Provence-alpes-côte D'azur,0.15,0.15,0.1,0.15,0.1
6696,6696,Le Pré-Saint-Gervais,11,Île-de-france,0.15,0.15,0.1,0.15,0.1
6697,6697,Le Puiset-Doré,52,Pays De La Loire,0.15,0.15,0.1,0.15,0.1
6698,6698,Le Puy-Notre-Dame,52,Pays De La Loire,0.15,0.15,0.1,0.15,0.1
6699,6699,Le Puy-Sainte-Réparade,93,Provence-alpes-côte D'azur,0.15,0.15,0.1,0.15,0.1
6700,6700,Le Puy-en-Velay,84,Auvergne-rhône-alpes,0.15,0.15,0.1,0.15,0.1
6701,6701,Le Péage-de-Roussillon,84,Auvergne-rhône-alpes,0.15,0.15,0.1,0.15,0.1
6702,6702,Le Pêchereau,24,Centre-val De Loire,0.15,0.15,0.1,0.15,0.1
6703,6703,Le Quesnel,32,Hauts-de-france,0.15,0.15,0.1,0.15,0.1
6704,6704,Le Quesnoy,32,Hauts-de-france,0.15,0.15,0.1,0.15,0.1
6705,6705,Le Quillio,53,Bretagne,0.15,0.15,0.1,0.15,0.1
6706,6706,Le Raincy,11,Île-de-france,0.15,0.15,0.1,0.15,0.1
6707,6707,Le Relecq-Kerhuon,53,Bretagne,0.15,0.15,0.1,0.15,0.1
6708,6708,Le Revest-les-Eaux,93,Provence-alpes-côte D'azur,0.15,0.15,0.1,0.15,0.1
6709,6709,Le Rheu,53,Bretagne,0.15,0.15,0.1,0.15,0.1
6710,6710,Le Roc-Saint-André,53,Bretagne,0.15,0.15,0.1,0.15,0.1
6711,6711,Le Rochereau,75,Nouvelle-aquitaine,0.15,0.15,0.1,0.15,0.1
6712,6712,Le Rouget,84,Auvergne-rhône-alpes,0.15,0.15,0.1,0.15,0.1
6713,6713,Le Rouret,93,Provence-alpes-côte D'azur,0.15,0.15,0.1,0.15,0.1
6714,6714,Le Rove,93,Provence-alpes-côte D'azur,0.15,0.15,0.1,0.15,0.1
6715,6715,Le Russey,27,Bourgogne-franche-comté,0.15,0.15,0.1,0.15,0.1
6716,6716,Le Saint,53,Bretagne,0.15,0.15,0.1,0.15,0.1
6717,6717,Le Sap,28,Normandie,0.15,0.15,0.1,0.15,0.1
6718,6718,Le Sappey-en-Chartreuse,84,Auvergne-rhône-alpes,0.15,0.15,0.1,0.15,0.1
6719,6719,Le Sel-de-Bretagne,53,Bretagne,0.15,0.15,0.1,0.15,0.1
6720,6720,Le Sequestre,76,Occitanie,0.15,0.15,0.1,0.15,0.1
6721,6721,Le Soler,76,Occitanie,0.15,0.15,0.1,0.15,0.1
6722,6722,Le Sourn,53,Bretagne,0.15,0.15,0.1,0.15,0.1
6723,6723,Le Subdray,24,Centre-val De Loire,0.15,0.15,0.1,0.15,0.1
6724,6724,Le Syndicat,44,Grand Est,0.15,0.15,0.1,0.15,0.1
6725,6725,Le Taillan-Médoc,75,Nouvelle-aquitaine,0.15,0.15,0.1,0.15,0.1
6726,6726,Le Tallud,75,Nouvelle-aquitaine,0.15,0.15,0.1,0.15,0.1
6727,6727,Le Teich,75,Nouvelle-aquitaine,0.15,0.15,0.1,0.15,0.1
6728,6728,Le Teil,84,Auvergne-rhône-alpes,0.15,0.15,0.1,0.15,0.1
6729,6729,Le Teilleul,28,Normandie,0.15,0.15,0.1,0.15,0.1
6730,6730,Le Temple,75,Nouvelle-aquitaine,0.15,0.15,0.1,0.15,0.1
6731,6731,Le Temple-de-Bretagne,52,Pays De La Loire,0.15,0.15,0.1,0.15,0.1
6732,6732,Le Temple-sur-Lot,75,Nouvelle-aquitaine,0.15,0.15,0.1,0.15,0.1
6733,6733,Le Theil,84,Auvergne-rhône-alpes,0.15,0.15,0.1,0.15,0.1
6734,6734,Le Theil-Bocage,28,Normandie,0.15,0.15,0.1,0.15,0.1
6735,6735,Le Theil-de-Bretagne,53,Bretagne,0.15,0.15,0.1,0.15,0.1
6736,6736,Le Thillay,11,Île-de-france,0.15,0.15,0.1,0.15,0.1
6737,6737,Le Thillot,44,Grand Est,0.15,0.15,0.1,0.15,0.1
6738,6738,Le Tholonet,93,Provence-alpes-côte D'azur,0.15,0.15,0.1,0.15,0.1
6739,6739,Le Tholy,44,Grand Est,0.15,0.15,0.1,0.15,0.1
6740,6740,Le Thor,93,Provence-alpes-côte D'azur,0.15,0.15,0.1,0.15,0.1
6741,6741,Le Thoronet,93,Provence-alpes-côte D'azur,0.15,0.15,0.1,0.15,0.1
6742,6742,Le Thou,75,Nouvelle-aquitaine,0.15,0.15,0.1,0.15,0.1
6743,6743,Le Thuit-Anger,28,Normandie,0.15,0.15,0.1,0.15,0.1
6744,6744,Le Thuit-Signol,28,Normandie,0.15,0.15,0.1,0.15,0.1
6745,6745,Le Tignet,93,Provence-alpes-côte D'azur,0.15,0.15,0.1,0.15,0.1
6746,6746,Le Tilleul,28,Normandie,0.15,0.15,0.1,0.15,0.1
6747,6747,Le Touquet-Paris-Plage,32,Hauts-de-france,0.15,0.15,0.1,0.15,0.1
6748,6748,Le Tour-du-Parc,53,Bretagne,0.15,0.15,0.1,0.15,0.1
6749,6749,Le Tourne,75,Nouvelle-aquitaine,0.15,0.15,0.1,0.15,0.1
6750,6750,Le Tourneur,28,Normandie,0.15,0.15,0.1,0.15,0.1
6751,6751,Le Touvet,84,Auvergne-rhône-alpes,0.15,0.15,0.1,0.15,0.1
6752,6752,Le Trait,28,Normandie,0.15,0.15,0.1,0.15,0.1
6753,6753,Le Tremblay-sur-Mauldre,11,Île-de-france,0.15,0.15,0.1,0.15,0.1
6754,6754,Le Tronchet,53,Bretagne,0.15,0.15,0.1,0.15,0.1
6755,6755,Le Tronquay,28,Normandie,0.15,0.15,0.1,0.15,0.1
6756,6756,Le Tréport,28,Normandie,0.15,0.15,0.1,0.15,0.1
6757,6757,Le Trévoux,53,Bretagne,0.15,0.15,0.1,0.15,0.1
6758,6758,Le Val,93,Provence-alpes-côte D'azur,0.15,0.15,0.1,0.15,0.1
6759,6759,Le Val-David,28,Normandie,0.15,0.15,0.1,0.15,0.1
6760,6760,Le Val-Saint-Germain,11,Île-de-france,0.15,0.15,0.1,0.15,0.1
6761,6761,Le Val-Saint-Père,28,Normandie,0.15,0.15,0.1,0.15,0.1
6762,6762,Le Val-de-Guéblange,44,Grand Est,0.15,0.15,0.1,0.15,0.1
6763,6763,Le Vaudoué,11,Île-de-france,0.15,0.15,0.1,0.15,0.1
6764,6764,Le Vaudreuil,28,Normandie,0.15,0.15,0.1,0.15,0.1
6765,6765,Le Vauroux,32,Hauts-de-france,0.15,0.15,0.1,0.15,0.1
6766,6766,Le Verdon-sur-Mer,75,Nouvelle-aquitaine,0.15,0.15,0.1,0.15,0.1
6767,6767,Le Vernet,93,Provence-alpes-côte D'azur,0.15,0.15,0.1,0.15,0.1
6768,6768,Le Versoud,84,Auvergne-rhône-alpes,0.15,0.15,0.1,0.15,0.1
6769,6769,Le Veurdre,84,Auvergne-rhône-alpes,0.15,0.15,0.1,0.15,0.1
6770,6770,Le Vieil-Baugé,52,Pays De La Loire,0.15,0.15,0.1,0.15,0.1
6771,6771,Le Vieil-Évreux,28,Normandie,0.15,0.15,0.1,0.15,0.1
6772,6772,Le Vieux-Marché,53,Bretagne,0.15,0.15,0.1,0.15,0.1
6773,6773,Le Vigan,76,Occitanie,0.15,0.15,0.1,0.15,0.1
6774,6774,Le Vigean,84,Auvergne-rhône-alpes,0.15,0.15,0.1,0.15,0.1
6775,6775,Le Vigeant,75,Nouvelle-aquitaine,0.15,0.15,0.1,0.15,0.1
6776,6776,Le Vigen,75,Nouvelle-aquitaine,0.15,0.15,0.1,0.15,0.1
6777,6777,Le Vivier-sur-Mer,53,Bretagne,0.15,0.15,0.1,0.15,0.1
6778,6778,Le Vrétot,28,Normandie,0.15,0.15,0.1,0.15,0.1
6779,6779,Le Vésinet,11,Île-de-france,0.15,0.15,0.1,0.15,0.1
6780,6780,Lecelles,32,Hauts-de-france,0.15,0.15,0.1,0.15,0.1
6781,6781,Lectoure,76,Occitanie,0.15,0.15,0.1,0.15,0.1
6782,6782,Lederzeele,32,Hauts-de-france,0.15,0.15,0.1,0.15,0.1
6783,6783,Ledeuix,75,Nouvelle-aquitaine,0.15,0.15,0.1,0.15,0.1
6784,6784,Ledringhem,32,Hauts-de-france,0.15,0.15,0.1,0.15,0.1
6785,6785,Leers,32,Hauts-de-france,0.15,0.15,0.1,0.15,0.1
6786,6786,Leffrinckoucke,32,Hauts-de-france,0.15,0.15,0.1,0.15,0.1
6787,6787,Leforest,32,Hauts-de-france,0.15,0.15,0.1,0.15,0.1
6788,6788,Legé,52,Pays De La Loire,0.15,0.15,0.1,0.15,0.1
6789,6789,Leignes-sur-Fontaine,75,Nouvelle-aquitaine,0.15,0.15,0.1,0.15,0.1
6790,6790,Leimbach,44,Grand Est,0.15,0.15,0.1,0.15,0.1
6791,6791,Lembach,44,Grand Est,0.15,0.15,0.1,0.15,0.1
6792,6792,Lemberg,44,Grand Est,0.15,0.15,0.1,0.15,0.1
6793,6793,Lembeye,75,Nouvelle-aquitaine,0.15,0.15,0.1,0.15,0.1
6794,6794,Lembras,75,Nouvelle-aquitaine,0.15,0.15,0.1,0.15,0.1
6795,6795,Lempaut,76,Occitanie,0.15,0.15,0.1,0.15,0.1
6796,6796,Lempdes-sur-Allagnon,84,Auvergne-rhône-alpes,0.15,0.15,0.1,0.15,0.1
6797,6797,Lemps,84,Auvergne-rhône-alpes,0.15,0.15,0.1,0.15,0.1
6798,6798,Lencloître,75,Nouvelle-aquitaine,0.15,0.15,0.1,0.15,0.1
6799,6799,Lennon,53,Bretagne,0.15,0.15,0.1,0.15,0.1
6800,6800,Lens,32,Hauts-de-france,0.15,0.15,0.1,0.15,0.1
6801,6801,Lens-Lestang,84,Auvergne-rhône-alpes,0.15,0.15,0.1,0.15,0.1
6802,6802,Lent,84,Auvergne-rhône-alpes,0.15,0.15,0.1,0.15,0.1
6803,6803,Lentigny,84,Auvergne-rhône-alpes,0.15,0.15,0.1,0.15,0.1
6804,6804,Lentilly,84,Auvergne-rhône-alpes,0.15,0.15,0.1,0.15,0.1
6805,6805,Lepuix,27,Bourgogne-franche-comté,0.15,0.15,0.1,0.15,0.1
6806,6806,Les Abrets,84,Auvergne-rhône-alpes,0.15,0.15,0.1,0.15,0.1
6807,6807,Les Adrets,84,Auvergne-rhône-alpes,0.15,0.15,0.1,0.15,0.1
6808,6808,Les Ageux,32,Hauts-de-france,0.15,0.15,0.1,0.15,0.1
6809,6809,Les Aires,76,Occitanie,0.15,0.15,0.1,0.15,0.1
6810,6810,Les Alleuds,75,Nouvelle-aquitaine,0.15,0.15,0.1,0.15,0.1
6811,6811,Les Allues,84,Auvergne-rhône-alpes,0.15,0.15,0.1,0.15,0.1
6812,6812,Les Alluets-le-Roi,11,Île-de-france,0.15,0.15,0.1,0.15,0.1
6813,6813,Les Ancizes,,MISSING,0.15,0.15,0.1,0.15,0.1
6814,6814,Les Andelys,28,Normandie,0.15,0.15,0.1,0.15,0.1
6815,6815,Les Angles,76,Occitanie,0.15,0.15,0.1,0.15,0.1
6816,6816,Les Arcs,93,Provence-alpes-côte D'azur,0.15,0.15,0.1,0.15,0.1
6817,6817,Les Ardillats,84,Auvergne-rhône-alpes,0.15,0.15,0.1,0.15,0.1
6818,6818,Les Artigues-de-Lussac,75,Nouvelle-aquitaine,0.15,0.15,0.1,0.15,0.1
6819,6819,Les Assions,84,Auvergne-rhône-alpes,0.15,0.15,0.1,0.15,0.1
6820,6820,Les Attaques,32,Hauts-de-france,0.15,0.15,0.1,0.15,0.1
6821,6821,Les Authieux-sur-le-Port-Saint-Ouen,28,Normandie,0.15,0.15,0.1,0.15,0.1
6822,6822,Les Avenières,84,Auvergne-rhône-alpes,0.15,0.15,0.1,0.15,0.1
6823,6823,Les Ayvelles,44,Grand Est,0.15,0.15,0.1,0.15,0.1
6824,6824,Les Baux-de-Breteuil,28,Normandie,0.15,0.15,0.1,0.15,0.1
6825,6825,Les Billaux,75,Nouvelle-aquitaine,0.15,0.15,0.1,0.15,0.1
6826,6826,Les Bordes,27,Bourgogne-franche-comté,0.15,0.15,0.1,0.15,0.1
6827,6827,Les Bordes-sur-Arize,76,Occitanie,0.15,0.15,0.1,0.15,0.1
6828,6828,Les Brouzils,52,Pays De La Loire,0.15,0.15,0.1,0.15,0.1
6829,6829,Les Bréviaires,11,Île-de-france,0.15,0.15,0.1,0.15,0.1
6830,6830,Les Cars,75,Nouvelle-aquitaine,0.15,0.15,0.1,0.15,0.1
6831,6831,Les Champs-Géraux,53,Bretagne,0.15,0.15,0.1,0.15,0.1
6832,6832,Les Châtelliers-Châteaumur,52,Pays De La Loire,0.15,0.15,0.1,0.15,0.1
6833,6833,Les Chères,84,Auvergne-rhône-alpes,0.15,0.15,0.1,0.15,0.1
6834,6834,Les Clayes-sous-Bois,11,Île-de-france,0.15,0.15,0.1,0.15,0.1
6835,6835,Les Clefs,84,Auvergne-rhône-alpes,0.15,0.15,0.1,0.15,0.1
6836,6836,Les Clouzeaux,52,Pays De La Loire,0.15,0.15,0.1,0.15,0.1
6837,6837,Les Combes,27,Bourgogne-franche-comté,0.15,0.15,0.1,0.15,0.1
6838,6838,Les Contamines-Montjoie,84,Auvergne-rhône-alpes,0.15,0.15,0.1,0.15,0.1
6839,6839,Les Côtes-d'Arey,84,Auvergne-rhône-alpes,0.15,0.15,0.1,0.15,0.1
6840,6840,Les Damps,28,Normandie,0.15,0.15,0.1,0.15,0.1
6841,6841,Les Epesses,52,Pays De La Loire,0.15,0.15,0.1,0.15,0.1
6842,6842,Les Essards,75,Nouvelle-aquitaine,0.15,0.15,0.1,0.15,0.1
6843,6843,Les Essarts,52,Pays De La Loire,0.15,0.15,0.1,0.15,0.1
6844,6844,Les Essarts-le-Roi,11,Île-de-france,0.15,0.15,0.1,0.15,0.1
6845,6845,Les Eyzies-de-Tayac-Sireuil,75,Nouvelle-aquitaine,0.15,0.15,0.1,0.15,0.1
6846,6846,Les Fins,27,Bourgogne-franche-comté,0.15,0.15,0.1,0.15,0.1
6847,6847,Les Fontenelles,27,Bourgogne-franche-comté,0.15,0.15,0.1,0.15,0.1
6848,6848,Les Forges,75,Nouvelle-aquitaine,0.15,0.15,0.1,0.15,0.1
6849,6849,Les Fougerêts,53,Bretagne,0.15,0.15,0.1,0.15,0.1
6850,6850,Les Fourgs,27,Bourgogne-franche-comté,0.15,0.15,0.1,0.15,0.1
6851,6851,Les Gets,84,Auvergne-rhône-alpes,0.15,0.15,0.1,0.15,0.1
6852,6852,Les Gonds,75,Nouvelle-aquitaine,0.15,0.15,0.1,0.15,0.1
6853,6853,Les Grandes-Ventes,28,Normandie,0.15,0.15,0.1,0.15,0.1
6854,6854,Les Granges-Gontardes,84,Auvergne-rhône-alpes,0.15,0.15,0.1,0.15,0.1
6855,6855,Les Granges-le-Roi,11,Île-de-france,0.15,0.15,0.1,0.15,0.1
6856,6856,Les Gras,27,Bourgogne-franche-comté,0.15,0.15,0.1,0.15,0.1
6857,6857,Les Haies,84,Auvergne-rhône-alpes,0.15,0.15,0.1,0.15,0.1
6858,6858,Les Hautes-Rivières,44,Grand Est,0.15,0.15,0.1,0.15,0.1
6859,6859,Les Herbiers,52,Pays De La Loire,0.15,0.15,0.1,0.15,0.1
6860,6860,Les Hermites,24,Centre-val De Loire,0.15,0.15,0.1,0.15,0.1
6861,6861,Les Hogues,28,Normandie,0.15,0.15,0.1,0.15,0.1
6862,6862,Les Houches,84,Auvergne-rhône-alpes,0.15,0.15,0.1,0.15,0.1
6863,6863,Les Hôpitaux-Neufs,27,Bourgogne-franche-comté,0.15,0.15,0.1,0.15,0.1
6864,6864,Les Islettes,44,Grand Est,0.15,0.15,0.1,0.15,0.1
6865,6865,Les Landes-Genusson,52,Pays De La Loire,0.15,0.15,0.1,0.15,0.1
6866,6866,Les Lilas,11,Île-de-france,0.15,0.15,0.1,0.15,0.1
6867,6867,Les Loges,44,Grand Est,0.15,0.15,0.1,0.15,0.1
6868,6868,Les Loges-Marchis,28,Normandie,0.15,0.15,0.1,0.15,0.1
6869,6869,Les Loges-en-Josas,11,Île-de-france,0.15,0.15,0.1,0.15,0.1
6870,6870,Les Lucs-sur-Boulogne,52,Pays De La Loire,0.15,0.15,0.1,0.15,0.1
6871,6871,Les Mages,76,Occitanie,0.15,0.15,0.1,0.15,0.1
6872,6872,Les Magnils-Reigniers,52,Pays De La Loire,0.15,0.15,0.1,0.15,0.1
6873,6873,Les Maillys,27,Bourgogne-franche-comté,0.15,0.15,0.1,0.15,0.1
6874,6874,Les Marches,84,Auvergne-rhône-alpes,0.15,0.15,0.1,0.15,0.1
6875,6875,Les Martres-d'Artière,84,Auvergne-rhône-alpes,0.15,0.15,0.1,0.15,0.1
6876,6876,Les Matelles,76,Occitanie,0.15,0.15,0.1,0.15,0.1
6877,6877,Les Mathes,75,Nouvelle-aquitaine,0.15,0.15,0.1,0.15,0.1
6878,6878,Les Mayons,93,Provence-alpes-côte D'azur,0.15,0.15,0.1,0.15,0.1
6879,6879,Les Mazures,44,Grand Est,0.15,0.15,0.1,0.15,0.1
6880,6880,Les Mesneux,44,Grand Est,0.15,0.15,0.1,0.15,0.1
6881,6881,Les Mesnuls,11,Île-de-france,0.15,0.15,0.1,0.15,0.1
6882,6882,Les Molières,11,Île-de-france,0.15,0.15,0.1,0.15,0.1
6883,6883,Les Mollettes,84,Auvergne-rhône-alpes,0.15,0.15,0.1,0.15,0.1
6884,6884,Les Montils,24,Centre-val De Loire,0.15,0.15,0.1,0.15,0.1
6885,6885,Les Moutiers-en-Retz,52,Pays De La Loire,0.15,0.15,0.1,0.15,0.1
6886,6886,Les Moëres,32,Hauts-de-france,0.15,0.15,0.1,0.15,0.1
6887,6887,Les Mureaux,11,Île-de-france,0.15,0.15,0.1,0.15,0.1
6888,6888,Les Mées,93,Provence-alpes-côte D'azur,0.15,0.15,0.1,0.15,0.1
6889,6889,Les Neyrolles,84,Auvergne-rhône-alpes,0.15,0.15,0.1,0.15,0.1
6890,6890,Les Nouillers,75,Nouvelle-aquitaine,0.15,0.15,0.1,0.15,0.1
6891,6891,Les Noës-près-Troyes,44,Grand Est,0.15,0.15,0.1,0.15,0.1
6892,6892,Les Ollières,84,Auvergne-rhône-alpes,0.15,0.15,0.1,0.15,0.1
6893,6893,Les Ollières-sur-Eyrieux,84,Auvergne-rhône-alpes,0.15,0.15,0.1,0.15,0.1
6894,6894,Les Olmes,84,Auvergne-rhône-alpes,0.15,0.15,0.1,0.15,0.1
6895,6895,Les Ormes,75,Nouvelle-aquitaine,0.15,0.15,0.1,0.15,0.1
6896,6896,Les Ormes-sur-Voulzie,11,Île-de-france,0.15,0.15,0.1,0.15,0.1
6897,6897,Les Pavillons-sous-Bois,11,Île-de-france,0.15,0.15,0.1,0.15,0.1
6898,6898,Les Peintures,75,Nouvelle-aquitaine,0.15,0.15,0.1,0.15,0.1
6899,6899,Les Pennes-Mirabeau,93,Provence-alpes-côte D'azur,0.15,0.15,0.1,0.15,0.1
6900,6900,Les Pieux,28,Normandie,0.15,0.15,0.1,0.15,0.1
6901,6901,Les Ponts-de-Cé,52,Pays De La Loire,0.15,0.15,0.1,0.15,0.1
6902,6902,Les Portes-en-Ré,75,Nouvelle-aquitaine,0.15,0.15,0.1,0.15,0.1
6903,6903,Les Pujols,76,Occitanie,0.15,0.15,0.1,0.15,0.1
6904,6904,Les Quatre-Routes-du-Lot,76,Occitanie,0.15,0.15,0.1,0.15,0.1
6905,6905,Les Rairies,52,Pays De La Loire,0.15,0.15,0.1,0.15,0.1
6906,6906,Les Riceys,44,Grand Est,0.15,0.15,0.1,0.15,0.1
6907,6907,Les Roches-de-Condrieu,84,Auvergne-rhône-alpes,0.15,0.15,0.1,0.15,0.1
6908,6908,Les Rosiers-sur-Loire,52,Pays De La Loire,0.15,0.15,0.1,0.15,0.1
6909,6909,Les Rousses,27,Bourgogne-franche-comté,0.15,0.15,0.1,0.15,0.1
6910,6910,Les Rues-des-Vignes,32,Hauts-de-france,0.15,0.15,0.1,0.15,0.1
6911,6911,Les Sables-d'Olonne,52,Pays De La Loire,0.15,0.15,0.1,0.15,0.1
6912,6912,Les Salles-du-Gardon,76,Occitanie,0.15,0.15,0.1,0.15,0.1
6913,6913,Les Sauvages,84,Auvergne-rhône-alpes,0.15,0.15,0.1,0.15,0.1
6914,6914,Les Sorinières,52,Pays De La Loire,0.15,0.15,0.1,0.15,0.1
6915,6915,Les Thilliers-en-Vexin,28,Normandie,0.15,0.15,0.1,0.15,0.1
6916,6916,Les Touches,52,Pays De La Loire,0.15,0.15,0.1,0.15,0.1
6917,6917,Les Touches-de-Périgny,75,Nouvelle-aquitaine,0.15,0.15,0.1,0.15,0.1
6918,6918,Les Trois-Moutiers,75,Nouvelle-aquitaine,0.15,0.15,0.1,0.15,0.1
6919,6919,Les Trois-Pierres,28,Normandie,0.15,0.15,0.1,0.15,0.1
6920,6920,Les Ulis,11,Île-de-france,0.15,0.15,0.1,0.15,0.1
6921,6921,Les Ulmes,52,Pays De La Loire,0.15,0.15,0.1,0.15,0.1
6922,6922,Les Vans,84,Auvergne-rhône-alpes,0.15,0.15,0.1,0.15,0.1
6923,6923,Les Verchers-sur-Layon,52,Pays De La Loire,0.15,0.15,0.1,0.15,0.1
6924,6924,Les Villards-sur-Thônes,84,Auvergne-rhône-alpes,0.15,0.15,0.1,0.15,0.1
6925,6925,Les Villettes,84,Auvergne-rhône-alpes,0.15,0.15,0.1,0.15,0.1
6926,6926,Les Échelles,84,Auvergne-rhône-alpes,0.15,0.15,0.1,0.15,0.1
6927,6927,Les Écorces,27,Bourgogne-franche-comté,0.15,0.15,0.1,0.15,0.1
6928,6928,Les Écrennes,11,Île-de-france,0.15,0.15,0.1,0.15,0.1
6929,6929,Les Églisottes-et-Chalaures,75,Nouvelle-aquitaine,0.15,0.15,0.1,0.15,0.1
6930,6930,Les Éparres,84,Auvergne-rhône-alpes,0.15,0.15,0.1,0.15,0.1
6931,6931,Lescar,75,Nouvelle-aquitaine,0.15,0.15,0.1,0.15,0.1
6932,6932,Lescheraines,84,Auvergne-rhône-alpes,0.15,0.15,0.1,0.15,0.1
6933,6933,Lescheroux,84,Auvergne-rhône-alpes,0.15,0.15,0.1,0.15,0.1
6934,6934,Lesches,11,Île-de-france,0.15,0.15,0.1,0.15,0.1
6935,6935,Lesdins,32,Hauts-de-france,0.15,0.15,0.1,0.15,0.1
6936,6936,Lesneven,53,Bretagne,0.15,0.15,0.1,0.15,0.1
6937,6937,Lesparre-Médoc,75,Nouvelle-aquitaine,0.15,0.15,0.1,0.15,0.1
6938,6938,Lesperon,75,Nouvelle-aquitaine,0.15,0.15,0.1,0.15,0.1
6939,6939,Lespignan,76,Occitanie,0.15,0.15,0.1,0.15,0.1
6940,6940,Lespinasse,76,Occitanie,0.15,0.15,0.1,0.15,0.1
6941,6941,Lesquielles-Saint-Germain,32,Hauts-de-france,0.15,0.15,0.1,0.15,0.1
6942,6942,Lesquin,32,Hauts-de-france,0.15,0.15,0.1,0.15,0.1
6943,6943,Lessac,75,Nouvelle-aquitaine,0.15,0.15,0.1,0.15,0.1
6944,6944,Lessard-le-National,27,Bourgogne-franche-comté,0.15,0.15,0.1,0.15,0.1
6945,6945,Lessay,28,Normandie,0.15,0.15,0.1,0.15,0.1
6946,6946,Lessy,44,Grand Est,0.15,0.15,0.1,0.15,0.1
6947,6947,Lestelle-Bétharram,75,Nouvelle-aquitaine,0.15,0.15,0.1,0.15,0.1
6948,6948,Lestiac-sur-Garonne,75,Nouvelle-aquitaine,0.15,0.15,0.1,0.15,0.1
6949,6949,Lestrem,32,Hauts-de-france,0.15,0.15,0.1,0.15,0.1
6950,6950,Leuc,76,Occitanie,0.15,0.15,0.1,0.15,0.1
6951,6951,Leucate,76,Occitanie,0.15,0.15,0.1,0.15,0.1
6952,6952,Leudeville,11,Île-de-france,0.15,0.15,0.1,0.15,0.1
6953,6953,Leuhan,53,Bretagne,0.15,0.15,0.1,0.15,0.1
6954,6954,Leuville-sur-Orge,11,Île-de-france,0.15,0.15,0.1,0.15,0.1
6955,6955,Leval,32,Hauts-de-france,0.15,0.15,0.1,0.15,0.1
6956,6956,Levallois-Perret,11,Île-de-france,0.15,0.15,0.1,0.15,0.1
6957,6957,Levens,93,Provence-alpes-côte D'azur,0.15,0.15,0.1,0.15,0.1
6958,6958,Levergies,32,Hauts-de-france,0.15,0.15,0.1,0.15,0.1
6959,6959,Levet,24,Centre-val De Loire,0.15,0.15,0.1,0.15,0.1
6960,6960,Levie,94,Corse,0.15,0.15,0.1,0.15,0.1
6961,6961,Levier,27,Bourgogne-franche-comté,0.15,0.15,0.1,0.15,0.1
6962,6962,Levroux,24,Centre-val De Loire,0.15,0.15,0.1,0.15,0.1
6963,6963,Lewarde,32,Hauts-de-france,0.15,0.15,0.1,0.15,0.1
6964,6964,Lexy,44,Grand Est,0.15,0.15,0.1,0.15,0.1
6965,6965,Leyme,76,Occitanie,0.15,0.15,0.1,0.15,0.1
6966,6966,Leymen,44,Grand Est,0.15,0.15,0.1,0.15,0.1
6967,6967,Leyment,84,Auvergne-rhône-alpes,0.15,0.15,0.1,0.15,0.1
6968,6968,Leynes,27,Bourgogne-franche-comté,0.15,0.15,0.1,0.15,0.1
6969,6969,Leyr,44,Grand Est,0.15,0.15,0.1,0.15,0.1
6970,6970,Leyrieu,84,Auvergne-rhône-alpes,0.15,0.15,0.1,0.15,0.1
6971,6971,Lezay,75,Nouvelle-aquitaine,0.15,0.15,0.1,0.15,0.1
6972,6972,Lezennes,32,Hauts-de-france,0.15,0.15,0.1,0.15,0.1
6973,6973,Lezoux,84,Auvergne-rhône-alpes,0.15,0.15,0.1,0.15,0.1
6974,6974,Lherm,76,Occitanie,0.15,0.15,0.1,0.15,0.1
6975,6975,Lhommaizé,75,Nouvelle-aquitaine,0.15,0.15,0.1,0.15,0.1
6976,6976,Lhomme,52,Pays De La Loire,0.15,0.15,0.1,0.15,0.1
6977,6977,Lhuis,84,Auvergne-rhône-alpes,0.15,0.15,0.1,0.15,0.1
6978,6978,Liancourt,32,Hauts-de-france,0.15,0.15,0.1,0.15,0.1
6979,6979,Liancourt-Saint-Pierre,32,Hauts-de-france,0.15,0.15,0.1,0.15,0.1
6980,6980,Liart,44,Grand Est,0.15,0.15,0.1,0.15,0.1
6981,6981,Libercourt,32,Hauts-de-france,0.15,0.15,0.1,0.15,0.1
6982,6982,Libourne,75,Nouvelle-aquitaine,0.15,0.15,0.1,0.15,0.1
6983,6983,Lichtenberg,44,Grand Est,0.15,0.15,0.1,0.15,0.1
6984,6984,Licques,32,Hauts-de-france,0.15,0.15,0.1,0.15,0.1
6985,6985,Liergues,84,Auvergne-rhône-alpes,0.15,0.15,0.1,0.15,0.1
6986,6986,Liernais,27,Bourgogne-franche-comté,0.15,0.15,0.1,0.15,0.1
6987,6987,Liesle,27,Bourgogne-franche-comté,0.15,0.15,0.1,0.15,0.1
6988,6988,Liesse-Notre-Dame,32,Hauts-de-france,0.15,0.15,0.1,0.15,0.1
6989,6989,Lieu-Saint-Amand,32,Hauts-de-france,0.15,0.15,0.1,0.15,0.1
6990,6990,Lieuran-lès-Béziers,76,Occitanie,0.15,0.15,0.1,0.15,0.1
6991,6991,Lieurey,28,Normandie,0.15,0.15,0.1,0.15,0.1
6992,6992,Lieuron,53,Bretagne,0.15,0.15,0.1,0.15,0.1
6993,6993,Lieusaint,28,Normandie,0.15,0.15,0.1,0.15,0.1
6994,6994,Lieuvillers,32,Hauts-de-france,0.15,0.15,0.1,0.15,0.1
6995,6995,Liffol-le-Grand,44,Grand Est,0.15,0.15,0.1,0.15,0.1
6996,6996,Liffré,53,Bretagne,0.15,0.15,0.1,0.15,0.1
6997,6997,Lignac,24,Centre-val De Loire,0.15,0.15,0.1,0.15,0.1
6998,6998,Lignan-de-Bordeaux,75,Nouvelle-aquitaine,0.15,0.15,0.1,0.15,0.1
6999,6999,Lignan-sur-Orb,76,Occitanie,0.15,0.15,0.1,0.15,0.1
7000,7000,Lignerolles,84,Auvergne-rhône-alpes,0.15,0.15,0.1,0.15,0.1
7001,7001,Lignières,44,Grand Est,0.15,0.15,0.1,0.15,0.1
7002,7002,Lignières-Orgères,52,Pays De La Loire,0.15,0.15,0.1,0.15,0.1
7003,7003,Lignières-Sonneville,75,Nouvelle-aquitaine,0.15,0.15,0.1,0.15,0.1
7004,7004,Lignières-de-Touraine,24,Centre-val De Loire,0.15,0.15,0.1,0.15,0.1
7005,7005,Lignol,53,Bretagne,0.15,0.15,0.1,0.15,0.1
7006,7006,Ligny-Thilloy,32,Hauts-de-france,0.15,0.15,0.1,0.15,0.1
7007,7007,Ligny-en-Barrois,44,Grand Est,0.15,0.15,0.1,0.15,0.1
7008,7008,Ligny-en-Cambrésis,32,Hauts-de-france,0.15,0.15,0.1,0.15,0.1
7009,7009,Ligny-le-Châtel,27,Bourgogne-franche-comté,0.15,0.15,0.1,0.15,0.1
7010,7010,Ligny-le-Ribault,24,Centre-val De Loire,0.15,0.15,0.1,0.15,0.1
7011,7011,Ligny-lès-Aire,32,Hauts-de-france,0.15,0.15,0.1,0.15,0.1
7012,7012,Ligné,75,Nouvelle-aquitaine,0.15,0.15,0.1,0.15,0.1
7013,7013,Ligré,24,Centre-val De Loire,0.15,0.15,0.1,0.15,0.1
7014,7014,Ligueil,24,Centre-val De Loire,0.15,0.15,0.1,0.15,0.1
7015,7015,Ligugé,75,Nouvelle-aquitaine,0.15,0.15,0.1,0.15,0.1
7016,7016,Lille,32,Hauts-de-france,0.15,0.15,0.1,0.15,0.1
7017,7017,Lillebonne,28,Normandie,0.15,0.15,0.1,0.15,0.1
7018,7018,Lillers,32,Hauts-de-france,0.15,0.15,0.1,0.15,0.1
7019,7019,Limalonges,75,Nouvelle-aquitaine,0.15,0.15,0.1,0.15,0.1
7020,7020,Limas,84,Auvergne-rhône-alpes,0.15,0.15,0.1,0.15,0.1
7021,7021,Limay,11,Île-de-france,0.15,0.15,0.1,0.15,0.1
7022,7022,Limeil-Brévannes,11,Île-de-france,0.15,0.15,0.1,0.15,0.1
7023,7023,Limeray,24,Centre-val De Loire,0.15,0.15,0.1,0.15,0.1
7024,7024,Limersheim,44,Grand Est,0.15,0.15,0.1,0.15,0.1
7025,7025,Limerzel,53,Bretagne,0.15,0.15,0.1,0.15,0.1
7026,7026,Limetz-Villez,11,Île-de-france,0.15,0.15,0.1,0.15,0.1
7027,7027,Limoges,75,Nouvelle-aquitaine,0.15,0.15,0.1,0.15,0.1
7028,7028,Limogne-en-Quercy,76,Occitanie,0.15,0.15,0.1,0.15,0.1
7029,7029,Limonest,84,Auvergne-rhône-alpes,0.15,0.15,0.1,0.15,0.1
7030,7030,Limons,84,Auvergne-rhône-alpes,0.15,0.15,0.1,0.15,0.1
7031,7031,Limony,84,Auvergne-rhône-alpes,0.15,0.15,0.1,0.15,0.1
7032,7032,Limours,11,Île-de-france,0.15,0.15,0.1,0.15,0.1
7033,7033,Limoux,76,Occitanie,0.15,0.15,0.1,0.15,0.1
7034,7034,Limésy,28,Normandie,0.15,0.15,0.1,0.15,0.1
7035,7035,Linards,75,Nouvelle-aquitaine,0.15,0.15,0.1,0.15,0.1
7036,7036,Linars,75,Nouvelle-aquitaine,0.15,0.15,0.1,0.15,0.1
7037,7037,Linas,11,Île-de-france,0.15,0.15,0.1,0.15,0.1
7038,7038,Lindry,27,Bourgogne-franche-comté,0.15,0.15,0.1,0.15,0.1
7039,7039,Lingolsheim,44,Grand Est,0.15,0.15,0.1,0.15,0.1
7040,7040,Lingreville,28,Normandie,0.15,0.15,0.1,0.15,0.1
7041,7041,Linguizzetta,94,Corse,0.15,0.15,0.1,0.15,0.1
7042,7042,Liniers,75,Nouvelle-aquitaine,0.15,0.15,0.1,0.15,0.1
7043,7043,Linselles,32,Hauts-de-france,0.15,0.15,0.1,0.15,0.1
7044,7044,Linthal,44,Grand Est,0.15,0.15,0.1,0.15,0.1
7045,7045,Linxe,75,Nouvelle-aquitaine,0.15,0.15,0.1,0.15,0.1
7046,7046,Lion-sur-Mer,28,Normandie,0.15,0.15,0.1,0.15,0.1
7047,7047,Lipsheim,44,Grand Est,0.15,0.15,0.1,0.15,0.1
7048,7048,Lirac,76,Occitanie,0.15,0.15,0.1,0.15,0.1
7049,7049,Liré,52,Pays De La Loire,0.15,0.15,0.1,0.15,0.1
7050,7050,Lisbourg,32,Hauts-de-france,0.15,0.15,0.1,0.15,0.1
7051,7051,Lisieux,28,Normandie,0.15,0.15,0.1,0.15,0.1
7052,7052,Lisle,75,Nouvelle-aquitaine,0.15,0.15,0.1,0.15,0.1
7053,7053,Lisle-en-Rigault,44,Grand Est,0.15,0.15,0.1,0.15,0.1
7054,7054,Lisle-sur-Tarn,76,Occitanie,0.15,0.15,0.1,0.15,0.1
7055,7055,Lissac-sur-Couze,75,Nouvelle-aquitaine,0.15,0.15,0.1,0.15,0.1
7056,7056,Lisse,,MISSING,0.15,0.15,0.1,0.15,0.1
7057,7057,Lisses,11,Île-de-france,0.15,0.15,0.1,0.15,0.1
7058,7058,Lissieu,84,Auvergne-rhône-alpes,0.15,0.15,0.1,0.15,0.1
7059,7059,Listrac-Médoc,75,Nouvelle-aquitaine,0.15,0.15,0.1,0.15,0.1
7060,7060,Lit-et-Mixe,75,Nouvelle-aquitaine,0.15,0.15,0.1,0.15,0.1
7061,7061,Lithaire,28,Normandie,0.15,0.15,0.1,0.15,0.1
7062,7062,Livarot,28,Normandie,0.15,0.15,0.1,0.15,0.1
7063,7063,Liverdun,44,Grand Est,0.15,0.15,0.1,0.15,0.1
7064,7064,Liverdy-en-Brie,11,Île-de-france,0.15,0.15,0.1,0.15,0.1
7065,7065,Livernon,76,Occitanie,0.15,0.15,0.1,0.15,0.1
7066,7066,Livet-et-Gavet,84,Auvergne-rhône-alpes,0.15,0.15,0.1,0.15,0.1
7067,7067,Livinhac-le-Haut,76,Occitanie,0.15,0.15,0.1,0.15,0.1
7068,7068,Livron-sur-Drôme,84,Auvergne-rhône-alpes,0.15,0.15,0.1,0.15,0.1
7069,7069,Livry,28,Normandie,0.15,0.15,0.1,0.15,0.1
7070,7070,Livry-Gargan,11,Île-de-france,0.15,0.15,0.1,0.15,0.1
7071,7071,Livry-Louvercy,44,Grand Est,0.15,0.15,0.1,0.15,0.1
7072,7072,Livry-sur-Seine,11,Île-de-france,0.15,0.15,0.1,0.15,0.1
7073,7073,Livré-la-Touche,52,Pays De La Loire,0.15,0.15,0.1,0.15,0.1
7074,7074,Livré-sur-Changeon,53,Bretagne,0.15,0.15,0.1,0.15,0.1
7075,7075,Lixheim,44,Grand Est,0.15,0.15,0.1,0.15,0.1
7076,7076,Lixing-lès-Rouhling,44,Grand Est,0.15,0.15,0.1,0.15,0.1
7077,7077,Lixing-lès-Saint-Avold,44,Grand Est,0.15,0.15,0.1,0.15,0.1
7078,7078,Lizio,53,Bretagne,0.15,0.15,0.1,0.15,0.1
7079,7079,Lizy-sur-Ourcq,11,Île-de-france,0.15,0.15,0.1,0.15,0.1
7080,7080,Lièpvre,44,Grand Est,0.15,0.15,0.1,0.15,0.1
7081,7081,Lièvremont,,MISSING,0.15,0.15,0.1,0.15,0.1
7082,7082,Liévin,32,Hauts-de-france,0.15,0.15,0.1,0.15,0.1
7083,7083,Llupia,76,Occitanie,0.15,0.15,0.1,0.15,0.1
7084,7084,Lobsann,44,Grand Est,0.15,0.15,0.1,0.15,0.1
7085,7085,Loches,24,Centre-val De Loire,0.15,0.15,0.1,0.15,0.1
7086,7086,Loché-sur-Indrois,24,Centre-val De Loire,0.15,0.15,0.1,0.15,0.1
7087,7087,Locmaria-Grand-Champ,53,Bretagne,0.15,0.15,0.1,0.15,0.1
7088,7088,Locmariaquer,53,Bretagne,0.15,0.15,0.1,0.15,0.1
7089,7089,Locminé,53,Bretagne,0.15,0.15,0.1,0.15,0.1
7090,7090,Locmiquélic,53,Bretagne,0.15,0.15,0.1,0.15,0.1
7091,7091,Locoal-Mendon,53,Bretagne,0.15,0.15,0.1,0.15,0.1
7092,7092,Locon,32,Hauts-de-france,0.15,0.15,0.1,0.15,0.1
7093,7093,Locquirec,53,Bretagne,0.15,0.15,0.1,0.15,0.1
7094,7094,Locquémeau,,MISSING,0.15,0.15,0.1,0.15,0.1
7095,7095,Locquénolé,53,Bretagne,0.15,0.15,0.1,0.15,0.1
7096,7096,Locronan,53,Bretagne,0.15,0.15,0.1,0.15,0.1
7097,7097,Loctudy,53,Bretagne,0.15,0.15,0.1,0.15,0.1
7098,7098,Locunolé,53,Bretagne,0.15,0.15,0.1,0.15,0.1
7099,7099,Lodève,76,Occitanie,0.15,0.15,0.1,0.15,0.1
7100,7100,Loffre,32,Hauts-de-france,0.15,0.15,0.1,0.15,0.1
7101,7101,Logelheim,44,Grand Est,0.15,0.15,0.1,0.15,0.1
7102,7102,Lognes,11,Île-de-france,0.15,0.15,0.1,0.15,0.1
7103,7103,Logonna-Daoulas,53,Bretagne,0.15,0.15,0.1,0.15,0.1
7104,7104,Logron,24,Centre-val De Loire,0.15,0.15,0.1,0.15,0.1
7105,7105,Loguivy-Plougras,53,Bretagne,0.15,0.15,0.1,0.15,0.1
7106,7106,Lohr,44,Grand Est,0.15,0.15,0.1,0.15,0.1
7107,7107,Lohéac,53,Bretagne,0.15,0.15,0.1,0.15,0.1
7108,7108,Loigné-sur-Mayenne,52,Pays De La Loire,0.15,0.15,0.1,0.15,0.1
7109,7109,Loire-sur-Rhône,84,Auvergne-rhône-alpes,0.15,0.15,0.1,0.15,0.1
7110,7110,Loiron,52,Pays De La Loire,0.15,0.15,0.1,0.15,0.1
7111,7111,Loiré,52,Pays De La Loire,0.15,0.15,0.1,0.15,0.1
7112,7112,Loisin,84,Auvergne-rhône-alpes,0.15,0.15,0.1,0.15,0.1
7113,7113,Loison-sous-Lens,32,Hauts-de-france,0.15,0.15,0.1,0.15,0.1
7114,7114,Loisy,44,Grand Est,0.15,0.15,0.1,0.15,0.1
7115,7115,Loisy-sur-Marne,44,Grand Est,0.15,0.15,0.1,0.15,0.1
7116,7116,Loivre,44,Grand Est,0.15,0.15,0.1,0.15,0.1
7117,7117,Loix,75,Nouvelle-aquitaine,0.15,0.15,0.1,0.15,0.1
7118,7118,Lolif,28,Normandie,0.15,0.15,0.1,0.15,0.1
7119,7119,Lombers,76,Occitanie,0.15,0.15,0.1,0.15,0.1
7120,7120,Lombez,76,Occitanie,0.15,0.15,0.1,0.15,0.1
7121,7121,Lombron,52,Pays De La Loire,0.15,0.15,0.1,0.15,0.1
7122,7122,Lomme,32,Hauts-de-france,0.15,0.15,0.1,0.15,0.1
7123,7123,Lommoye,11,Île-de-france,0.15,0.15,0.1,0.15,0.1
7124,7124,Lompret,32,Hauts-de-france,0.15,0.15,0.1,0.15,0.1
7125,7125,Londinières,28,Normandie,0.15,0.15,0.1,0.15,0.1
7126,7126,Long,32,Hauts-de-france,0.15,0.15,0.1,0.15,0.1
7127,7127,Longages,76,Occitanie,0.15,0.15,0.1,0.15,0.1
7128,7128,Longchamp,44,Grand Est,0.15,0.15,0.1,0.15,0.1
7129,7129,Longchamps,28,Normandie,0.15,0.15,0.1,0.15,0.1
7130,7130,Longchaumois,27,Bourgogne-franche-comté,0.15,0.15,0.1,0.15,0.1
7131,7131,Longeau-Percey,44,Grand Est,0.15,0.15,0.1,0.15,0.1
7132,7132,Longeault,27,Bourgogne-franche-comté,0.15,0.15,0.1,0.15,0.1
7133,7133,Longecourt-en-Plaine,27,Bourgogne-franche-comté,0.15,0.15,0.1,0.15,0.1
7134,7134,Longes,84,Auvergne-rhône-alpes,0.15,0.15,0.1,0.15,0.1
7135,7135,Longessaigne,84,Auvergne-rhône-alpes,0.15,0.15,0.1,0.15,0.1
7136,7136,Longevelle-sur-Doubs,27,Bourgogne-franche-comté,0.15,0.15,0.1,0.15,0.1
7137,7137,Longeville-en-Barrois,44,Grand Est,0.15,0.15,0.1,0.15,0.1
7138,7138,Longeville-lès-Metz,44,Grand Est,0.15,0.15,0.1,0.15,0.1
7139,7139,Longeville-lès-Saint-Avold,44,Grand Est,0.15,0.15,0.1,0.15,0.1
7140,7140,Longeville-sur-Mer,52,Pays De La Loire,0.15,0.15,0.1,0.15,0.1
7141,7141,Longfossé,32,Hauts-de-france,0.15,0.15,0.1,0.15,0.1
7142,7142,Longjumeau,11,Île-de-france,0.15,0.15,0.1,0.15,0.1
7143,7143,Longlaville,44,Grand Est,0.15,0.15,0.1,0.15,0.1
7144,7144,Longnes,52,Pays De La Loire,0.15,0.15,0.1,0.15,0.1
7145,7145,Longny-au-Perche,28,Normandie,0.15,0.15,0.1,0.15,0.1
7146,7146,Longperrier,11,Île-de-france,0.15,0.15,0.1,0.15,0.1
7147,7147,Longpont-sur-Orge,11,Île-de-france,0.15,0.15,0.1,0.15,0.1
7148,7148,Longpré-les-Corps-Saints,32,Hauts-de-france,0.15,0.15,0.1,0.15,0.1
7149,7149,Longroy,28,Normandie,0.15,0.15,0.1,0.15,0.1
7150,7150,Longueau,32,Hauts-de-france,0.15,0.15,0.1,0.15,0.1
7151,7151,Longueil,28,Normandie,0.15,0.15,0.1,0.15,0.1
7152,7152,Longueil-Annel,32,Hauts-de-france,0.15,0.15,0.1,0.15,0.1
7153,7153,Longueil-Sainte-Marie,32,Hauts-de-france,0.15,0.15,0.1,0.15,0.1
7154,7154,Longuenesse,32,Hauts-de-france,0.15,0.15,0.1,0.15,0.1
7155,7155,Longues-sur-Mer,28,Normandie,0.15,0.15,0.1,0.15,0.1
7156,7156,Longuesse,11,Île-de-france,0.15,0.15,0.1,0.15,0.1
7157,7157,Longueville,75,Nouvelle-aquitaine,0.15,0.15,0.1,0.15,0.1
7158,7158,Longueville-sur-Scie,28,Normandie,0.15,0.15,0.1,0.15,0.1
7159,7159,Longuyon,44,Grand Est,0.15,0.15,0.1,0.15,0.1
7160,7160,Longvic,27,Bourgogne-franche-comté,0.15,0.15,0.1,0.15,0.1
7161,7161,Longwy,44,Grand Est,0.15,0.15,0.1,0.15,0.1
7162,7162,Longwy-sur-le-Doubs,27,Bourgogne-franche-comté,0.15,0.15,0.1,0.15,0.1
7163,7163,Longèves,75,Nouvelle-aquitaine,0.15,0.15,0.1,0.15,0.1
7164,7164,Lonrai,28,Normandie,0.15,0.15,0.1,0.15,0.1
7165,7165,Lons,75,Nouvelle-aquitaine,0.15,0.15,0.1,0.15,0.1
7166,7166,Lons-le-Saunier,27,Bourgogne-franche-comté,0.15,0.15,0.1,0.15,0.1
7167,7167,Looberghe,32,Hauts-de-france,0.15,0.15,0.1,0.15,0.1
7168,7168,Loon-Plage,32,Hauts-de-france,0.15,0.15,0.1,0.15,0.1
7169,7169,Loos,32,Hauts-de-france,0.15,0.15,0.1,0.15,0.1
7170,7170,Loos-en-Gohelle,32,Hauts-de-france,0.15,0.15,0.1,0.15,0.1
7171,7171,Loperhet,53,Bretagne,0.15,0.15,0.1,0.15,0.1
7172,7172,Lopérec,53,Bretagne,0.15,0.15,0.1,0.15,0.1
7173,7173,Lorcy,24,Centre-val De Loire,0.15,0.15,0.1,0.15,0.1
7174,7174,Lorette,84,Auvergne-rhône-alpes,0.15,0.15,0.1,0.15,0.1
7175,7175,Lorgies,32,Hauts-de-france,0.15,0.15,0.1,0.15,0.1
7176,7176,Lorgues,93,Provence-alpes-côte D'azur,0.15,0.15,0.1,0.15,0.1
7177,7177,Lorient,53,Bretagne,0.15,0.15,0.1,0.15,0.1
7178,7178,Loriol-du-Comtat,93,Provence-alpes-côte D'azur,0.15,0.15,0.1,0.15,0.1
7179,7179,Loriol-sur-Drôme,84,Auvergne-rhône-alpes,0.15,0.15,0.1,0.15,0.1
7180,7180,Lormaison,32,Hauts-de-france,0.15,0.15,0.1,0.15,0.1
7181,7181,Lormaye,24,Centre-val De Loire,0.15,0.15,0.1,0.15,0.1
7182,7182,Lormes,27,Bourgogne-franche-comté,0.15,0.15,0.1,0.15,0.1
7183,7183,Lormont,75,Nouvelle-aquitaine,0.15,0.15,0.1,0.15,0.1
7184,7184,Lorquin,44,Grand Est,0.15,0.15,0.1,0.15,0.1
7185,7185,Lorrez-le-Bocage-Préaux,11,Île-de-france,0.15,0.15,0.1,0.15,0.1
7186,7186,Lorris,24,Centre-val De Loire,0.15,0.15,0.1,0.15,0.1
7187,7187,Lorry,44,Grand Est,0.15,0.15,0.1,0.15,0.1
7188,7188,Los Masos,76,Occitanie,0.15,0.15,0.1,0.15,0.1
7189,7189,Loscouët-sur-Meu,53,Bretagne,0.15,0.15,0.1,0.15,0.1
7190,7190,Losne,27,Bourgogne-franche-comté,0.15,0.15,0.1,0.15,0.1
7191,7191,Louailles,52,Pays De La Loire,0.15,0.15,0.1,0.15,0.1
7192,7192,Louannec,53,Bretagne,0.15,0.15,0.1,0.15,0.1
7193,7193,Louans,24,Centre-val De Loire,0.15,0.15,0.1,0.15,0.1
7194,7194,Louargat,53,Bretagne,0.15,0.15,0.1,0.15,0.1
7195,7195,Loubert,,MISSING,0.15,0.15,0.1,0.15,0.1
7196,7196,Loubeyrat,84,Auvergne-rhône-alpes,0.15,0.15,0.1,0.15,0.1
7197,7197,Louchats,75,Nouvelle-aquitaine,0.15,0.15,0.1,0.15,0.1
7198,7198,Louches,32,Hauts-de-france,0.15,0.15,0.1,0.15,0.1
7199,7199,Loudes,84,Auvergne-rhône-alpes,0.15,0.15,0.1,0.15,0.1
7200,7200,Loudun,75,Nouvelle-aquitaine,0.15,0.15,0.1,0.15,0.1
7201,7201,Loudéac,53,Bretagne,0.15,0.15,0.1,0.15,0.1
7202,7202,Louey,76,Occitanie,0.15,0.15,0.1,0.15,0.1
7203,7203,Lougres,27,Bourgogne-franche-comté,0.15,0.15,0.1,0.15,0.1
7204,7204,Louhans,27,Bourgogne-franche-comté,0.15,0.15,0.1,0.15,0.1
7205,7205,Louhossoa,75,Nouvelle-aquitaine,0.15,0.15,0.1,0.15,0.1
7206,7206,Louin,75,Nouvelle-aquitaine,0.15,0.15,0.1,0.15,0.1
7207,7207,Louisfert,52,Pays De La Loire,0.15,0.15,0.1,0.15,0.1
7208,7208,Loulay,75,Nouvelle-aquitaine,0.15,0.15,0.1,0.15,0.1
7209,7209,Loupershouse,44,Grand Est,0.15,0.15,0.1,0.15,0.1
7210,7210,Loupes,75,Nouvelle-aquitaine,0.15,0.15,0.1,0.15,0.1
7211,7211,Loupiac,76,Occitanie,0.15,0.15,0.1,0.15,0.1
7212,7212,Loupian,76,Occitanie,0.15,0.15,0.1,0.15,0.1
7213,7213,Louplande,52,Pays De La Loire,0.15,0.15,0.1,0.15,0.1
7214,7214,Lourches,32,Hauts-de-france,0.15,0.15,0.1,0.15,0.1
7215,7215,Lourdes,76,Occitanie,0.15,0.15,0.1,0.15,0.1
7216,7216,Lourdoueix-Saint-Pierre,75,Nouvelle-aquitaine,0.15,0.15,0.1,0.15,0.1
7217,7217,Loures-Barousse,76,Occitanie,0.15,0.15,0.1,0.15,0.1
7218,7218,Louresse-Rochemenier,52,Pays De La Loire,0.15,0.15,0.1,0.15,0.1
7219,7219,Lourmarin,93,Provence-alpes-côte D'azur,0.15,0.15,0.1,0.15,0.1
7220,7220,Loury,24,Centre-val De Loire,0.15,0.15,0.1,0.15,0.1
7221,7221,Louveciennes,11,Île-de-france,0.15,0.15,0.1,0.15,0.1
7222,7222,Louvemont,44,Grand Est,0.15,0.15,0.1,0.15,0.1
7223,7223,Louverné,52,Pays De La Loire,0.15,0.15,0.1,0.15,0.1
7224,7224,Louversey,28,Normandie,0.15,0.15,0.1,0.15,0.1
7225,7225,Louvie-Juzon,75,Nouvelle-aquitaine,0.15,0.15,0.1,0.15,0.1
7226,7226,Louviers,28,Normandie,0.15,0.15,0.1,0.15,0.1
7227,7227,Louvignies-Quesnoy,32,Hauts-de-france,0.15,0.15,0.1,0.15,0.1
7228,7228,Louvigny,75,Nouvelle-aquitaine,0.15,0.15,0.1,0.15,0.1
7229,7229,Louvigné,52,Pays De La Loire,0.15,0.15,0.1,0.15,0.1
7230,7230,Louvigné-de-Bais,53,Bretagne,0.15,0.15,0.1,0.15,0.1
7231,7231,Louvigné-du-Désert,53,Bretagne,0.15,0.15,0.1,0.15,0.1
7232,7232,Louvil,32,Hauts-de-france,0.15,0.15,0.1,0.15,0.1
7233,7233,Louvres,11,Île-de-france,0.15,0.15,0.1,0.15,0.1
7234,7234,Louvroil,32,Hauts-de-france,0.15,0.15,0.1,0.15,0.1
7235,7235,Louzy,75,Nouvelle-aquitaine,0.15,0.15,0.1,0.15,0.1
7236,7236,Loué,52,Pays De La Loire,0.15,0.15,0.1,0.15,0.1
7237,7237,Lovagny,84,Auvergne-rhône-alpes,0.15,0.15,0.1,0.15,0.1
7238,7238,Loyat,53,Bretagne,0.15,0.15,0.1,0.15,0.1
7239,7239,Loyettes,84,Auvergne-rhône-alpes,0.15,0.15,0.1,0.15,0.1
7240,7240,Lozanne,84,Auvergne-rhône-alpes,0.15,0.15,0.1,0.15,0.1
7241,7241,Lozinghem,32,Hauts-de-france,0.15,0.15,0.1,0.15,0.1
7242,7242,Luant,24,Centre-val De Loire,0.15,0.15,0.1,0.15,0.1
7243,7243,Lubersac,75,Nouvelle-aquitaine,0.15,0.15,0.1,0.15,0.1
7244,7244,Luc-en-Diois,84,Auvergne-rhône-alpes,0.15,0.15,0.1,0.15,0.1
7245,7245,Luc-la-Primaube,76,Occitanie,0.15,0.15,0.1,0.15,0.1
7246,7246,Luc-sur-Mer,28,Normandie,0.15,0.15,0.1,0.15,0.1
7247,7247,Luc-sur-Orbieu,76,Occitanie,0.15,0.15,0.1,0.15,0.1
7248,7248,Lucciana,94,Corse,0.15,0.15,0.1,0.15,0.1
7249,7249,Luceau,52,Pays De La Loire,0.15,0.15,0.1,0.15,0.1
7250,7250,Lucenay,84,Auvergne-rhône-alpes,0.15,0.15,0.1,0.15,0.1
7251,7251,Lucenay-lès-Aix,27,Bourgogne-franche-comté,0.15,0.15,0.1,0.15,0.1
7252,7252,Lucey,84,Auvergne-rhône-alpes,0.15,0.15,0.1,0.15,0.1
7253,7253,Lucheux,32,Hauts-de-france,0.15,0.15,0.1,0.15,0.1
7254,7254,Luchy,32,Hauts-de-france,0.15,0.15,0.1,0.15,0.1
7255,7255,Luché-Pringé,52,Pays De La Loire,0.15,0.15,0.1,0.15,0.1
7256,7256,Lucinges,84,Auvergne-rhône-alpes,0.15,0.15,0.1,0.15,0.1
7257,7257,Lucq-de-Béarn,75,Nouvelle-aquitaine,0.15,0.15,0.1,0.15,0.1
7258,7258,Lucquy,44,Grand Est,0.15,0.15,0.1,0.15,0.1
7259,7259,Lucy,44,Grand Est,0.15,0.15,0.1,0.15,0.1
7260,7260,Lucé,28,Normandie,0.15,0.15,0.1,0.15,0.1
7261,7261,Lucéram,93,Provence-alpes-côte D'azur,0.15,0.15,0.1,0.15,0.1
7262,7262,Ludes,44,Grand Est,0.15,0.15,0.1,0.15,0.1
7263,7263,Ludon-Médoc,75,Nouvelle-aquitaine,0.15,0.15,0.1,0.15,0.1
7264,7264,Ludres,44,Grand Est,0.15,0.15,0.1,0.15,0.1
7265,7265,Luemschwiller,44,Grand Est,0.15,0.15,0.1,0.15,0.1
7266,7266,Lugny,32,Hauts-de-france,0.15,0.15,0.1,0.15,0.1
7267,7267,Lugon-et-l'Île-du-Carnay,75,Nouvelle-aquitaine,0.15,0.15,0.1,0.15,0.1
7268,7268,Lugos,75,Nouvelle-aquitaine,0.15,0.15,0.1,0.15,0.1
7269,7269,Lugrin,84,Auvergne-rhône-alpes,0.15,0.15,0.1,0.15,0.1
7270,7270,Luisant,24,Centre-val De Loire,0.15,0.15,0.1,0.15,0.1
7271,7271,Luitré,53,Bretagne,0.15,0.15,0.1,0.15,0.1
7272,7272,Lullin,84,Auvergne-rhône-alpes,0.15,0.15,0.1,0.15,0.1
7273,7273,Lully,84,Auvergne-rhône-alpes,0.15,0.15,0.1,0.15,0.1
7274,7274,Lumbin,84,Auvergne-rhône-alpes,0.15,0.15,0.1,0.15,0.1
7275,7275,Lumbres,32,Hauts-de-france,0.15,0.15,0.1,0.15,0.1
7276,7276,Lumes,44,Grand Est,0.15,0.15,0.1,0.15,0.1
7277,7277,Lumigny-Nesles-Ormeaux,11,Île-de-france,0.15,0.15,0.1,0.15,0.1
7278,7278,Lumio,94,Corse,0.15,0.15,0.1,0.15,0.1
7279,7279,Lunas,76,Occitanie,0.15,0.15,0.1,0.15,0.1
7280,7280,Lunay,24,Centre-val De Loire,0.15,0.15,0.1,0.15,0.1
7281,7281,Lunel,76,Occitanie,0.15,0.15,0.1,0.15,0.1
7282,7282,Lunel-Viel,76,Occitanie,0.15,0.15,0.1,0.15,0.1
7283,7283,Luneray,28,Normandie,0.15,0.15,0.1,0.15,0.1
7284,7284,Lunery,24,Centre-val De Loire,0.15,0.15,0.1,0.15,0.1
7285,7285,Lunéville,44,Grand Est,0.15,0.15,0.1,0.15,0.1
7286,7286,Lupstein,44,Grand Est,0.15,0.15,0.1,0.15,0.1
7287,7287,Luray,24,Centre-val De Loire,0.15,0.15,0.1,0.15,0.1
7288,7288,Lurcy-Lévis,84,Auvergne-rhône-alpes,0.15,0.15,0.1,0.15,0.1
7289,7289,Lure,27,Bourgogne-franche-comté,0.15,0.15,0.1,0.15,0.1
7290,7290,Luri,94,Corse,0.15,0.15,0.1,0.15,0.1
7291,7291,Luriecq,84,Auvergne-rhône-alpes,0.15,0.15,0.1,0.15,0.1
7292,7292,Lury-sur-Arnon,24,Centre-val De Loire,0.15,0.15,0.1,0.15,0.1
7293,7293,Lusanger,52,Pays De La Loire,0.15,0.15,0.1,0.15,0.1
7294,7294,Lusans,,MISSING,0.15,0.15,0.1,0.15,0.1
7295,7295,Lusignan,75,Nouvelle-aquitaine,0.15,0.15,0.1,0.15,0.1
7296,7296,Lusigny,84,Auvergne-rhône-alpes,0.15,0.15,0.1,0.15,0.1
7297,7297,Lusigny-sur-Barse,44,Grand Est,0.15,0.15,0.1,0.15,0.1
7298,7298,Lussac,75,Nouvelle-aquitaine,0.15,0.15,0.1,0.15,0.1
7299,7299,Lussac-les-Châteaux,75,Nouvelle-aquitaine,0.15,0.15,0.1,0.15,0.1
7300,7300,Lussac-les-Églises,75,Nouvelle-aquitaine,0.15,0.15,0.1,0.15,0.1
7301,7301,Lussant,75,Nouvelle-aquitaine,0.15,0.15,0.1,0.15,0.1
7302,7302,Lussas,84,Auvergne-rhône-alpes,0.15,0.15,0.1,0.15,0.1
7303,7303,Lussat,84,Auvergne-rhône-alpes,0.15,0.15,0.1,0.15,0.1
7304,7304,Lussault-sur-Loire,24,Centre-val De Loire,0.15,0.15,0.1,0.15,0.1
7305,7305,Luthenay-Uxeloup,27,Bourgogne-franche-comté,0.15,0.15,0.1,0.15,0.1
7306,7306,Luttange,44,Grand Est,0.15,0.15,0.1,0.15,0.1
7307,7307,Luttenbach-près-Munster,44,Grand Est,0.15,0.15,0.1,0.15,0.1
7308,7308,Lutterbach,44,Grand Est,0.15,0.15,0.1,0.15,0.1
7309,7309,Lutzelbourg,44,Grand Est,0.15,0.15,0.1,0.15,0.1
7310,7310,Lutzelhouse,44,Grand Est,0.15,0.15,0.1,0.15,0.1
7311,7311,Lux,76,Occitanie,0.15,0.15,0.1,0.15,0.1
7312,7312,Luxeuil-les-Bains,27,Bourgogne-franche-comté,0.15,0.15,0.1,0.15,0.1
7313,7313,Luxey,75,Nouvelle-aquitaine,0.15,0.15,0.1,0.15,0.1
7314,7314,Luxé,75,Nouvelle-aquitaine,0.15,0.15,0.1,0.15,0.1
7315,7315,Luynes,24,Centre-val De Loire,0.15,0.15,0.1,0.15,0.1
7316,7316,Luz-Saint-Sauveur,76,Occitanie,0.15,0.15,0.1,0.15,0.1
7317,7317,Luzancy,11,Île-de-france,0.15,0.15,0.1,0.15,0.1
7318,7318,Luzarches,11,Île-de-france,0.15,0.15,0.1,0.15,0.1
7319,7319,Luzay,75,Nouvelle-aquitaine,0.15,0.15,0.1,0.15,0.1
7320,7320,Luze,27,Bourgogne-franche-comté,0.15,0.15,0.1,0.15,0.1
7321,7321,Luzech,76,Occitanie,0.15,0.15,0.1,0.15,0.1
7322,7322,Luzenac,76,Occitanie,0.15,0.15,0.1,0.15,0.1
7323,7323,Luzillat,84,Auvergne-rhône-alpes,0.15,0.15,0.1,0.15,0.1
7324,7324,Luzillé,24,Centre-val De Loire,0.15,0.15,0.1,0.15,0.1
7325,7325,Luzinay,84,Auvergne-rhône-alpes,0.15,0.15,0.1,0.15,0.1
7326,7326,Luzy,27,Bourgogne-franche-comté,0.15,0.15,0.1,0.15,0.1
7327,7327,Luçay-le-Mâle,24,Centre-val De Loire,0.15,0.15,0.1,0.15,0.1
7328,7328,Luçon,52,Pays De La Loire,0.15,0.15,0.1,0.15,0.1
7329,7329,Lyas,84,Auvergne-rhône-alpes,0.15,0.15,0.1,0.15,0.1
7330,7330,Lyaud,84,Auvergne-rhône-alpes,0.15,0.15,0.1,0.15,0.1
7331,7331,Lye,24,Centre-val De Loire,0.15,0.15,0.1,0.15,0.1
7332,7332,Lynde,32,Hauts-de-france,0.15,0.15,0.1,0.15,0.1
7333,7333,Lyon,84,Auvergne-rhône-alpes,0.15,0.15,0.1,0.15,0.1
7334,7334,Lyons-la-Forêt,28,Normandie,0.15,0.15,0.1,0.15,0.1
7335,7335,Lys-lez-Lannoy,32,Hauts-de-france,0.15,0.15,0.1,0.15,0.1
7336,7336,Lèves,24,Centre-val De Loire,0.15,0.15,0.1,0.15,0.1
7337,7337,Léaz,84,Auvergne-rhône-alpes,0.15,0.15,0.1,0.15,0.1
7338,7338,Léchelle,32,Hauts-de-france,0.15,0.15,0.1,0.15,0.1
7339,7339,Lécluse,32,Hauts-de-france,0.15,0.15,0.1,0.15,0.1
7340,7340,Lécousse,53,Bretagne,0.15,0.15,0.1,0.15,0.1
7341,7341,Lédat,75,Nouvelle-aquitaine,0.15,0.15,0.1,0.15,0.1
7342,7342,Lédenon,76,Occitanie,0.15,0.15,0.1,0.15,0.1
7343,7343,Lédergues,76,Occitanie,0.15,0.15,0.1,0.15,0.1
7344,7344,Lédignan,76,Occitanie,0.15,0.15,0.1,0.15,0.1
7345,7345,Lée,75,Nouvelle-aquitaine,0.15,0.15,0.1,0.15,0.1
7346,7346,Léguevin,76,Occitanie,0.15,0.15,0.1,0.15,0.1
7347,7347,Léhon,53,Bretagne,0.15,0.15,0.1,0.15,0.1
7348,7348,Léogeats,75,Nouvelle-aquitaine,0.15,0.15,0.1,0.15,0.1
7349,7349,Léognan,75,Nouvelle-aquitaine,0.15,0.15,0.1,0.15,0.1
7350,7350,Léojac,76,Occitanie,0.15,0.15,0.1,0.15,0.1
7351,7351,Léon,75,Nouvelle-aquitaine,0.15,0.15,0.1,0.15,0.1
7352,7352,Lépanges-sur-Vologne,44,Grand Est,0.15,0.15,0.1,0.15,0.1
7353,7353,Léran,76,Occitanie,0.15,0.15,0.1,0.15,0.1
7354,7354,Lérouville,44,Grand Est,0.15,0.15,0.1,0.15,0.1
7355,7355,Léry,28,Normandie,0.15,0.15,0.1,0.15,0.1
7356,7356,Léré,24,Centre-val De Loire,0.15,0.15,0.1,0.15,0.1
7357,7357,Lésigny,75,Nouvelle-aquitaine,0.15,0.15,0.1,0.15,0.1
7358,7358,Létra,84,Auvergne-rhône-alpes,0.15,0.15,0.1,0.15,0.1
7359,7359,Lévignac,76,Occitanie,0.15,0.15,0.1,0.15,0.1
7360,7360,Lévignac-de-Guyenne,75,Nouvelle-aquitaine,0.15,0.15,0.1,0.15,0.1
7361,7361,Lévignen,32,Hauts-de-france,0.15,0.15,0.1,0.15,0.1
7362,7362,Lévis-Saint-Nom,11,Île-de-france,0.15,0.15,0.1,0.15,0.1
7363,7363,Lézan,76,Occitanie,0.15,0.15,0.1,0.15,0.1
7364,7364,Lézardrieux,53,Bretagne,0.15,0.15,0.1,0.15,0.1
7365,7365,Lézat-sur-Lèze,76,Occitanie,0.15,0.15,0.1,0.15,0.1
7366,7366,Lézignan-Corbières,76,Occitanie,0.15,0.15,0.1,0.15,0.1
7367,7367,Lézignan-la-Cèbe,76,Occitanie,0.15,0.15,0.1,0.15,0.1
7368,7368,Lézigneux,84,Auvergne-rhône-alpes,0.15,0.15,0.1,0.15,0.1
7369,7369,Lézigné,52,Pays De La Loire,0.15,0.15,0.1,0.15,0.1
7370,7370,Lézinnes,27,Bourgogne-franche-comté,0.15,0.15,0.1,0.15,0.1
7371,7371,Lœuilly,32,Hauts-de-france,0.15,0.15,0.1,0.15,0.1
7372,7372,Mably,84,Auvergne-rhône-alpes,0.15,0.15,0.1,0.15,0.1
7373,7373,Macau,75,Nouvelle-aquitaine,0.15,0.15,0.1,0.15,0.1
7374,7374,Macaye,75,Nouvelle-aquitaine,0.15,0.15,0.1,0.15,0.1
7375,7375,Macey,44,Grand Est,0.15,0.15,0.1,0.15,0.1
7376,7376,Machault,44,Grand Est,0.15,0.15,0.1,0.15,0.1
7377,7377,Machecoul,52,Pays De La Loire,0.15,0.15,0.1,0.15,0.1
7378,7378,Machemont,32,Hauts-de-france,0.15,0.15,0.1,0.15,0.1
7379,7379,Macheren,44,Grand Est,0.15,0.15,0.1,0.15,0.1
7380,7380,Machilly,84,Auvergne-rhône-alpes,0.15,0.15,0.1,0.15,0.1
7381,7381,Maché,52,Pays De La Loire,0.15,0.15,0.1,0.15,0.1
7382,7382,Mackenheim,44,Grand Est,0.15,0.15,0.1,0.15,0.1
7383,7383,Mackwiller,44,Grand Est,0.15,0.15,0.1,0.15,0.1
7384,7384,Maclas,84,Auvergne-rhône-alpes,0.15,0.15,0.1,0.15,0.1
7385,7385,Macornay,27,Bourgogne-franche-comté,0.15,0.15,0.1,0.15,0.1
7386,7386,Madiran,76,Occitanie,0.15,0.15,0.1,0.15,0.1
7387,7387,Maffliers,11,Île-de-france,0.15,0.15,0.1,0.15,0.1
7388,7388,Magalas,76,Occitanie,0.15,0.15,0.1,0.15,0.1
7389,7389,Magenta,44,Grand Est,0.15,0.15,0.1,0.15,0.1
7390,7390,Magescq,75,Nouvelle-aquitaine,0.15,0.15,0.1,0.15,0.1
7391,7391,Magland,84,Auvergne-rhône-alpes,0.15,0.15,0.1,0.15,0.1
7392,7392,Magnac-Bourg,75,Nouvelle-aquitaine,0.15,0.15,0.1,0.15,0.1
7393,7393,Magnac-Laval,75,Nouvelle-aquitaine,0.15,0.15,0.1,0.15,0.1
7394,7394,Magnac-sur-Touvre,75,Nouvelle-aquitaine,0.15,0.15,0.1,0.15,0.1
7395,7395,Magnanville,11,Île-de-france,0.15,0.15,0.1,0.15,0.1
7396,7396,Magnet,84,Auvergne-rhône-alpes,0.15,0.15,0.1,0.15,0.1
7397,7397,Magnicourt-en-Comte,32,Hauts-de-france,0.15,0.15,0.1,0.15,0.1
7398,7398,Magny-Cours,27,Bourgogne-franche-comté,0.15,0.15,0.1,0.15,0.1
7399,7399,Magny-Vernois,27,Bourgogne-franche-comté,0.15,0.15,0.1,0.15,0.1
7400,7400,Magny-en-Vexin,11,Île-de-france,0.15,0.15,0.1,0.15,0.1
7401,7401,Magny-la-Campagne,28,Normandie,0.15,0.15,0.1,0.15,0.1
7402,7402,Magny-le-Désert,28,Normandie,0.15,0.15,0.1,0.15,0.1
7403,7403,Magny-le-Hongre,11,Île-de-france,0.15,0.15,0.1,0.15,0.1
7404,7404,Magny-les-Hameaux,11,Île-de-france,0.15,0.15,0.1,0.15,0.1
7405,7405,Magny-sur-Tille,27,Bourgogne-franche-comté,0.15,0.15,0.1,0.15,0.1
7406,7406,Magné,75,Nouvelle-aquitaine,0.15,0.15,0.1,0.15,0.1
7407,7407,Mahalon,53,Bretagne,0.15,0.15,0.1,0.15,0.1
7408,7408,Maidières,44,Grand Est,0.15,0.15,0.1,0.15,0.1
7409,7409,Maignelay-Montigny,32,Hauts-de-france,0.15,0.15,0.1,0.15,0.1
7410,7410,Maillane,93,Provence-alpes-côte D'azur,0.15,0.15,0.1,0.15,0.1
7411,7411,Maillat,84,Auvergne-rhône-alpes,0.15,0.15,0.1,0.15,0.1
7412,7412,Maillebois,24,Centre-val De Loire,0.15,0.15,0.1,0.15,0.1
7413,7413,Mailley-et-Chazelot,27,Bourgogne-franche-comté,0.15,0.15,0.1,0.15,0.1
7414,7414,Maillezais,52,Pays De La Loire,0.15,0.15,0.1,0.15,0.1
7415,7415,Maillot,27,Bourgogne-franche-comté,0.15,0.15,0.1,0.15,0.1
7416,7416,Mailly-Champagne,44,Grand Est,0.15,0.15,0.1,0.15,0.1
7417,7417,Mailly-Maillet,32,Hauts-de-france,0.15,0.15,0.1,0.15,0.1
7418,7418,Mailly-la-Ville,27,Bourgogne-franche-comté,0.15,0.15,0.1,0.15,0.1
7419,7419,Mailly-le-Camp,44,Grand Est,0.15,0.15,0.1,0.15,0.1
7420,7420,Mailly-le-Château,27,Bourgogne-franche-comté,0.15,0.15,0.1,0.15,0.1
7421,7421,Maillé,75,Nouvelle-aquitaine,0.15,0.15,0.1,0.15,0.1
7422,7422,Maincy,11,Île-de-france,0.15,0.15,0.1,0.15,0.1
7423,7423,Maing,32,Hauts-de-france,0.15,0.15,0.1,0.15,0.1
7424,7424,Mainsat,75,Nouvelle-aquitaine,0.15,0.15,0.1,0.15,0.1
7425,7425,Maintenon,24,Centre-val De Loire,0.15,0.15,0.1,0.15,0.1
7426,7426,Mainvilliers,24,Centre-val De Loire,0.15,0.15,0.1,0.15,0.1
7427,7427,Mainxe,75,Nouvelle-aquitaine,0.15,0.15,0.1,0.15,0.1
7428,7428,Mairy-sur-Marne,44,Grand Est,0.15,0.15,0.1,0.15,0.1
7429,7429,Maisdon-sur-Sèvre,52,Pays De La Loire,0.15,0.15,0.1,0.15,0.1
7430,7430,Maisnil-lès-Ruitz,32,Hauts-de-france,0.15,0.15,0.1,0.15,0.1
7431,7431,Maisnières,32,Hauts-de-france,0.15,0.15,0.1,0.15,0.1
7432,7432,Maisoncelles-en-Brie,11,Île-de-france,0.15,0.15,0.1,0.15,0.1
7433,7433,Maisons-Alfort,11,Île-de-france,0.15,0.15,0.1,0.15,0.1
7434,7434,Maisons-Laffitte,11,Île-de-france,0.15,0.15,0.1,0.15,0.1
7435,7435,Maisonsgoutte,44,Grand Est,0.15,0.15,0.1,0.15,0.1
7436,7436,Maisse,11,Île-de-france,0.15,0.15,0.1,0.15,0.1
7437,7437,Maizières,44,Grand Est,0.15,0.15,0.1,0.15,0.1
7438,7438,Maizières-la-Grande-Paroisse,44,Grand Est,0.15,0.15,0.1,0.15,0.1
7439,7439,Maizières-lès-Metz,44,Grand Est,0.15,0.15,0.1,0.15,0.1
7440,7440,Malafretaz,84,Auvergne-rhône-alpes,0.15,0.15,0.1,0.15,0.1
7441,7441,Malakoff,11,Île-de-france,0.15,0.15,0.1,0.15,0.1
7442,7442,Malansac,53,Bretagne,0.15,0.15,0.1,0.15,0.1
7443,7443,Malataverne,84,Auvergne-rhône-alpes,0.15,0.15,0.1,0.15,0.1
7444,7444,Malaucène,93,Provence-alpes-côte D'azur,0.15,0.15,0.1,0.15,0.1
7445,7445,Malaunay,28,Normandie,0.15,0.15,0.1,0.15,0.1
7446,7446,Malause,76,Occitanie,0.15,0.15,0.1,0.15,0.1
7447,7447,Malauzat,84,Auvergne-rhône-alpes,0.15,0.15,0.1,0.15,0.1
7448,7448,Malay-le-Grand,27,Bourgogne-franche-comté,0.15,0.15,0.1,0.15,0.1
7449,7449,Malbuisson,27,Bourgogne-franche-comté,0.15,0.15,0.1,0.15,0.1
7450,7450,Malemort-du-Comtat,93,Provence-alpes-côte D'azur,0.15,0.15,0.1,0.15,0.1
7451,7451,Malemort-sur-Corrèze,75,Nouvelle-aquitaine,0.15,0.15,0.1,0.15,0.1
7452,7452,Malesherbes,24,Centre-val De Loire,0.15,0.15,0.1,0.15,0.1
7453,7453,Malestroit,53,Bretagne,0.15,0.15,0.1,0.15,0.1
7454,7454,Maleville,76,Occitanie,0.15,0.15,0.1,0.15,0.1
7455,7455,Malguénac,53,Bretagne,0.15,0.15,0.1,0.15,0.1
7456,7456,Malicorne,84,Auvergne-rhône-alpes,0.15,0.15,0.1,0.15,0.1
7457,7457,Malicorne-sur-Sarthe,52,Pays De La Loire,0.15,0.15,0.1,0.15,0.1
7458,7458,Maligny,27,Bourgogne-franche-comté,0.15,0.15,0.1,0.15,0.1
7459,7459,Malijai,93,Provence-alpes-côte D'azur,0.15,0.15,0.1,0.15,0.1
7460,7460,Malintrat,84,Auvergne-rhône-alpes,0.15,0.15,0.1,0.15,0.1
7461,7461,Malissard,84,Auvergne-rhône-alpes,0.15,0.15,0.1,0.15,0.1
7462,7462,Malleloy,44,Grand Est,0.15,0.15,0.1,0.15,0.1
7463,7463,Mallemoisson,93,Provence-alpes-côte D'azur,0.15,0.15,0.1,0.15,0.1
7464,7464,Mallemort,93,Provence-alpes-côte D'azur,0.15,0.15,0.1,0.15,0.1
7465,7465,Malling,44,Grand Est,0.15,0.15,0.1,0.15,0.1
7466,7466,Malmerspach,44,Grand Est,0.15,0.15,0.1,0.15,0.1
7467,7467,Malrevers,84,Auvergne-rhône-alpes,0.15,0.15,0.1,0.15,0.1
7468,7468,Maltot,28,Normandie,0.15,0.15,0.1,0.15,0.1
7469,7469,Malves-en-Minervois,76,Occitanie,0.15,0.15,0.1,0.15,0.1
7470,7470,Malville,52,Pays De La Loire,0.15,0.15,0.1,0.15,0.1
7471,7471,Malzéville,44,Grand Est,0.15,0.15,0.1,0.15,0.1
7472,7472,Mamers,52,Pays De La Loire,0.15,0.15,0.1,0.15,0.1
7473,7473,Mametz,32,Hauts-de-france,0.15,0.15,0.1,0.15,0.1
7474,7474,Mamirolle,27,Bourgogne-franche-comté,0.15,0.15,0.1,0.15,0.1
7475,7475,Mance,44,Grand Est,0.15,0.15,0.1,0.15,0.1
7476,7476,Manchecourt,24,Centre-val De Loire,0.15,0.15,0.1,0.15,0.1
7477,7477,Manciet,76,Occitanie,0.15,0.15,0.1,0.15,0.1
7478,7478,Mancieulles,44,Grand Est,0.15,0.15,0.1,0.15,0.1
7479,7479,Mandelieu-la-Napoule,93,Provence-alpes-côte D'azur,0.15,0.15,0.1,0.15,0.1
7480,7480,Mandeure,27,Bourgogne-franche-comté,0.15,0.15,0.1,0.15,0.1
7481,7481,Mandray,44,Grand Est,0.15,0.15,0.1,0.15,0.1
7482,7482,Mandres-les-Roses,11,Île-de-france,0.15,0.15,0.1,0.15,0.1
7483,7483,Manduel,76,Occitanie,0.15,0.15,0.1,0.15,0.1
7484,7484,Mane,93,Provence-alpes-côte D'azur,0.15,0.15,0.1,0.15,0.1
7485,7485,Manerbe,28,Normandie,0.15,0.15,0.1,0.15,0.1
7486,7486,Manhac,76,Occitanie,0.15,0.15,0.1,0.15,0.1
7487,7487,Manigod,84,Auvergne-rhône-alpes,0.15,0.15,0.1,0.15,0.1
7488,7488,Manneville-la-Goupil,28,Normandie,0.15,0.15,0.1,0.15,0.1
7489,7489,Manneville-sur-Risle,28,Normandie,0.15,0.15,0.1,0.15,0.1
7490,7490,Mannevillette,28,Normandie,0.15,0.15,0.1,0.15,0.1
7491,7491,Manom,44,Grand Est,0.15,0.15,0.1,0.15,0.1
7492,7492,Manosque,93,Provence-alpes-côte D'azur,0.15,0.15,0.1,0.15,0.1
7493,7493,Manot,75,Nouvelle-aquitaine,0.15,0.15,0.1,0.15,0.1
7494,7494,Manou,24,Centre-val De Loire,0.15,0.15,0.1,0.15,0.1
7495,7495,Mansac,75,Nouvelle-aquitaine,0.15,0.15,0.1,0.15,0.1
7496,7496,Mansigné,52,Pays De La Loire,0.15,0.15,0.1,0.15,0.1
7497,7497,Mansle,75,Nouvelle-aquitaine,0.15,0.15,0.1,0.15,0.1
7498,7498,Manspach,44,Grand Est,0.15,0.15,0.1,0.15,0.1
7499,7499,Mantes-la-Jolie,11,Île-de-france,0.15,0.15,0.1,0.15,0.1
7500,7500,Mantes-la-Ville,11,Île-de-france,0.15,0.15,0.1,0.15,0.1
7501,7501,Manthelan,24,Centre-val De Loire,0.15,0.15,0.1,0.15,0.1
7502,7502,Manthes,84,Auvergne-rhône-alpes,0.15,0.15,0.1,0.15,0.1
7503,7503,Mantilly,28,Normandie,0.15,0.15,0.1,0.15,0.1
7504,7504,Mantoche,27,Bourgogne-franche-comté,0.15,0.15,0.1,0.15,0.1
7505,7505,Manzac-sur-Vern,75,Nouvelle-aquitaine,0.15,0.15,0.1,0.15,0.1
7506,7506,Manzat,84,Auvergne-rhône-alpes,0.15,0.15,0.1,0.15,0.1
7507,7507,Manziat,84,Auvergne-rhône-alpes,0.15,0.15,0.1,0.15,0.1
7508,7508,Manéglise,28,Normandie,0.15,0.15,0.1,0.15,0.1
7509,7509,Marainviller,44,Grand Est,0.15,0.15,0.1,0.15,0.1
7510,7510,Marange-Silvange,44,Grand Est,0.15,0.15,0.1,0.15,0.1
7511,7511,Marans,75,Nouvelle-aquitaine,0.15,0.15,0.1,0.15,0.1
7512,7512,Maransin,75,Nouvelle-aquitaine,0.15,0.15,0.1,0.15,0.1
7513,7513,Marat,84,Auvergne-rhône-alpes,0.15,0.15,0.1,0.15,0.1
7514,7514,Maraussan,76,Occitanie,0.15,0.15,0.1,0.15,0.1
7515,7515,Marbache,44,Grand Est,0.15,0.15,0.1,0.15,0.1
7516,7516,Marboué,24,Centre-val De Loire,0.15,0.15,0.1,0.15,0.1
7517,7517,Marboz,84,Auvergne-rhône-alpes,0.15,0.15,0.1,0.15,0.1
7518,7518,Marcamps,,MISSING,0.15,0.15,0.1,0.15,0.1
7519,7519,Marcelcave,32,Hauts-de-france,0.15,0.15,0.1,0.15,0.1
7520,7520,Marcellaz,84,Auvergne-rhône-alpes,0.15,0.15,0.1,0.15,0.1
7521,7521,Marcellaz-Albanais,84,Auvergne-rhône-alpes,0.15,0.15,0.1,0.15,0.1
7522,7522,Marcellus,75,Nouvelle-aquitaine,0.15,0.15,0.1,0.15,0.1
7523,7523,Marcenais,75,Nouvelle-aquitaine,0.15,0.15,0.1,0.15,0.1
7524,7524,Marcenat,84,Auvergne-rhône-alpes,0.15,0.15,0.1,0.15,0.1
7525,7525,Marcenod,84,Auvergne-rhône-alpes,0.15,0.15,0.1,0.15,0.1
7526,7526,Marcey-les-Grèves,28,Normandie,0.15,0.15,0.1,0.15,0.1
7527,7527,Marchaux,27,Bourgogne-franche-comté,0.15,0.15,0.1,0.15,0.1
7528,7528,Marchenoir,24,Centre-val De Loire,0.15,0.15,0.1,0.15,0.1
7529,7529,Marcheprime,75,Nouvelle-aquitaine,0.15,0.15,0.1,0.15,0.1
7530,7530,Marches,84,Auvergne-rhône-alpes,0.15,0.15,0.1,0.15,0.1
7531,7531,Marchiennes,32,Hauts-de-france,0.15,0.15,0.1,0.15,0.1
7532,7532,Marchésieux,28,Normandie,0.15,0.15,0.1,0.15,0.1
7533,7533,Marciac,76,Occitanie,0.15,0.15,0.1,0.15,0.1
7534,7534,Marcigny,27,Bourgogne-franche-comté,0.15,0.15,0.1,0.15,0.1
7535,7535,Marcillac,75,Nouvelle-aquitaine,0.15,0.15,0.1,0.15,0.1
7536,7536,Marcillac-Lanville,75,Nouvelle-aquitaine,0.15,0.15,0.1,0.15,0.1
7537,7537,Marcillac-Saint-Quentin,75,Nouvelle-aquitaine,0.15,0.15,0.1,0.15,0.1
7538,7538,Marcillac-Vallon,76,Occitanie,0.15,0.15,0.1,0.15,0.1
7539,7539,Marcillac-la-Croisille,75,Nouvelle-aquitaine,0.15,0.15,0.1,0.15,0.1
7540,7540,Marcillat-en-Combraille,84,Auvergne-rhône-alpes,0.15,0.15,0.1,0.15,0.1
7541,7541,Marcilloles,84,Auvergne-rhône-alpes,0.15,0.15,0.1,0.15,0.1
7542,7542,Marcilly-en-Gault,24,Centre-val De Loire,0.15,0.15,0.1,0.15,0.1
7543,7543,Marcilly-en-Villette,24,Centre-val De Loire,0.15,0.15,0.1,0.15,0.1
7544,7544,Marcilly-la-Campagne,28,Normandie,0.15,0.15,0.1,0.15,0.1
7545,7545,Marcilly-le-Châtel,84,Auvergne-rhône-alpes,0.15,0.15,0.1,0.15,0.1
7546,7546,Marcilly-le-Hayer,44,Grand Est,0.15,0.15,0.1,0.15,0.1
7547,7547,Marcilly-sur-Eure,28,Normandie,0.15,0.15,0.1,0.15,0.1
7548,7548,Marcilly-sur-Seine,44,Grand Est,0.15,0.15,0.1,0.15,0.1
7549,7549,Marcilly-sur-Tille,27,Bourgogne-franche-comté,0.15,0.15,0.1,0.15,0.1
7550,7550,Marcilly-sur-Vienne,24,Centre-val De Loire,0.15,0.15,0.1,0.15,0.1
7551,7551,Marcillé-Raoul,53,Bretagne,0.15,0.15,0.1,0.15,0.1
7552,7552,Marcillé-Robert,53,Bretagne,0.15,0.15,0.1,0.15,0.1
7553,7553,Marcillé-la-Ville,52,Pays De La Loire,0.15,0.15,0.1,0.15,0.1
7554,7554,Marck,32,Hauts-de-france,0.15,0.15,0.1,0.15,0.1
7555,7555,Marckolsheim,44,Grand Est,0.15,0.15,0.1,0.15,0.1
7556,7556,Marcoing,32,Hauts-de-france,0.15,0.15,0.1,0.15,0.1
7557,7557,Marcollin,84,Auvergne-rhône-alpes,0.15,0.15,0.1,0.15,0.1
7558,7558,Marcolès,84,Auvergne-rhône-alpes,0.15,0.15,0.1,0.15,0.1
7559,7559,Marconne,32,Hauts-de-france,0.15,0.15,0.1,0.15,0.1
7560,7560,Marconnelle,32,Hauts-de-france,0.15,0.15,0.1,0.15,0.1
7561,7561,Marcorignan,76,Occitanie,0.15,0.15,0.1,0.15,0.1
7562,7562,Marcoussis,11,Île-de-france,0.15,0.15,0.1,0.15,0.1
7563,7563,Marcoux,93,Provence-alpes-côte D'azur,0.15,0.15,0.1,0.15,0.1
7564,7564,Marcq,44,Grand Est,0.15,0.15,0.1,0.15,0.1
7565,7565,Marcq-en-Barœul,32,Hauts-de-france,0.15,0.15,0.1,0.15,0.1
7566,7566,Marcq-en-Ostrevent,32,Hauts-de-france,0.15,0.15,0.1,0.15,0.1
7567,7567,Marcy,84,Auvergne-rhône-alpes,0.15,0.15,0.1,0.15,0.1
7568,7568,Mardeuil,44,Grand Est,0.15,0.15,0.1,0.15,0.1
7569,7569,Mardié,24,Centre-val De Loire,0.15,0.15,0.1,0.15,0.1
7570,7570,Mardore,84,Auvergne-rhône-alpes,0.15,0.15,0.1,0.15,0.1
7571,7571,Mareau-aux-Bois,24,Centre-val De Loire,0.15,0.15,0.1,0.15,0.1
7572,7572,Mareau-aux-Prés,24,Centre-val De Loire,0.15,0.15,0.1,0.15,0.1
7573,7573,Mareil-Marly,11,Île-de-france,0.15,0.15,0.1,0.15,0.1
7574,7574,Mareil-en-France,11,Île-de-france,0.15,0.15,0.1,0.15,0.1
7575,7575,Mareil-sur-Loir,52,Pays De La Loire,0.15,0.15,0.1,0.15,0.1
7576,7576,Mareil-sur-Mauldre,11,Île-de-france,0.15,0.15,0.1,0.15,0.1
7577,7577,Marennes,84,Auvergne-rhône-alpes,0.15,0.15,0.1,0.15,0.1
7578,7578,Maresches,32,Hauts-de-france,0.15,0.15,0.1,0.15,0.1
7579,7579,Maresché,52,Pays De La Loire,0.15,0.15,0.1,0.15,0.1
7580,7580,Maretz,32,Hauts-de-france,0.15,0.15,0.1,0.15,0.1
7581,7581,Mareuil,75,Nouvelle-aquitaine,0.15,0.15,0.1,0.15,0.1
7582,7582,Mareuil-Caubert,32,Hauts-de-france,0.15,0.15,0.1,0.15,0.1
7583,7583,Mareuil-la-Motte,32,Hauts-de-france,0.15,0.15,0.1,0.15,0.1
7584,7584,Mareuil-le-Port,44,Grand Est,0.15,0.15,0.1,0.15,0.1
7585,7585,Mareuil-lès-Meaux,11,Île-de-france,0.15,0.15,0.1,0.15,0.1
7586,7586,Mareuil-sur-Arnon,24,Centre-val De Loire,0.15,0.15,0.1,0.15,0.1
7587,7587,Mareuil-sur-Ay,44,Grand Est,0.15,0.15,0.1,0.15,0.1
7588,7588,Mareuil-sur-Cher,24,Centre-val De Loire,0.15,0.15,0.1,0.15,0.1
7589,7589,Mareuil-sur-Lay-Dissais,52,Pays De La Loire,0.15,0.15,0.1,0.15,0.1
7590,7590,Mareuil-sur-Ourcq,32,Hauts-de-france,0.15,0.15,0.1,0.15,0.1
7591,7591,Margaux,75,Nouvelle-aquitaine,0.15,0.15,0.1,0.15,0.1
7592,7592,Margencel,84,Auvergne-rhône-alpes,0.15,0.15,0.1,0.15,0.1
7593,7593,Margency,11,Île-de-france,0.15,0.15,0.1,0.15,0.1
7594,7594,Margerie-Chantagret,84,Auvergne-rhône-alpes,0.15,0.15,0.1,0.15,0.1
7595,7595,Margny-lès-Compiègne,32,Hauts-de-france,0.15,0.15,0.1,0.15,0.1
7596,7596,Margon,76,Occitanie,0.15,0.15,0.1,0.15,0.1
7597,7597,Marguerittes,76,Occitanie,0.15,0.15,0.1,0.15,0.1
7598,7598,Margut,44,Grand Est,0.15,0.15,0.1,0.15,0.1
7599,7599,Margès,84,Auvergne-rhône-alpes,0.15,0.15,0.1,0.15,0.1
7600,7600,Mariac,84,Auvergne-rhône-alpes,0.15,0.15,0.1,0.15,0.1
7601,7601,Marieulles,44,Grand Est,0.15,0.15,0.1,0.15,0.1
7602,7602,Marignac,76,Occitanie,0.15,0.15,0.1,0.15,0.1
7603,7603,Marignane,93,Provence-alpes-côte D'azur,0.15,0.15,0.1,0.15,0.1
7604,7604,Marignier,84,Auvergne-rhône-alpes,0.15,0.15,0.1,0.15,0.1
7605,7605,Marigny,84,Auvergne-rhône-alpes,0.15,0.15,0.1,0.15,0.1
7606,7606,Marigny-Brizay,75,Nouvelle-aquitaine,0.15,0.15,0.1,0.15,0.1
7607,7607,Marigny-Marmande,24,Centre-val De Loire,0.15,0.15,0.1,0.15,0.1
7608,7608,Marigny-Saint-Marcel,84,Auvergne-rhône-alpes,0.15,0.15,0.1,0.15,0.1
7609,7609,Marigny-le-Châtel,44,Grand Est,0.15,0.15,0.1,0.15,0.1
7610,7610,Marigny-les-Usages,24,Centre-val De Loire,0.15,0.15,0.1,0.15,0.1
7611,7611,Marigné,52,Pays De La Loire,0.15,0.15,0.1,0.15,0.1
7612,7612,Marigné-Laillé,52,Pays De La Loire,0.15,0.15,0.1,0.15,0.1
7613,7613,Marigné-Peuton,52,Pays De La Loire,0.15,0.15,0.1,0.15,0.1
7614,7614,Marillac-le-Franc,75,Nouvelle-aquitaine,0.15,0.15,0.1,0.15,0.1
7615,7615,Marin,84,Auvergne-rhône-alpes,0.15,0.15,0.1,0.15,0.1
7616,7616,Marines,11,Île-de-france,0.15,0.15,0.1,0.15,0.1
7617,7617,Maringes,84,Auvergne-rhône-alpes,0.15,0.15,0.1,0.15,0.1
7618,7618,Maringues,84,Auvergne-rhône-alpes,0.15,0.15,0.1,0.15,0.1
7619,7619,Mariol,84,Auvergne-rhône-alpes,0.15,0.15,0.1,0.15,0.1
7620,7620,Marle,32,Hauts-de-france,0.15,0.15,0.1,0.15,0.1
7621,7621,Marlenheim,44,Grand Est,0.15,0.15,0.1,0.15,0.1
7622,7622,Marlens,84,Auvergne-rhône-alpes,0.15,0.15,0.1,0.15,0.1
7623,7623,Marles-en-Brie,11,Île-de-france,0.15,0.15,0.1,0.15,0.1
7624,7624,Marles-les-Mines,32,Hauts-de-france,0.15,0.15,0.1,0.15,0.1
7625,7625,Marlhes,84,Auvergne-rhône-alpes,0.15,0.15,0.1,0.15,0.1
7626,7626,Marlieux,84,Auvergne-rhône-alpes,0.15,0.15,0.1,0.15,0.1
7627,7627,Marly,44,Grand Est,0.15,0.15,0.1,0.15,0.1
7628,7628,Marly-la-Ville,11,Île-de-france,0.15,0.15,0.1,0.15,0.1
7629,7629,Marly-le-Roi,11,Île-de-france,0.15,0.15,0.1,0.15,0.1
7630,7630,Marmagne,27,Bourgogne-franche-comté,0.15,0.15,0.1,0.15,0.1
7631,7631,Marmande,75,Nouvelle-aquitaine,0.15,0.15,0.1,0.15,0.1
7632,7632,Marmanhac,84,Auvergne-rhône-alpes,0.15,0.15,0.1,0.15,0.1
7633,7633,Marmoutier,44,Grand Est,0.15,0.15,0.1,0.15,0.1
7634,7634,Marnand,84,Auvergne-rhône-alpes,0.15,0.15,0.1,0.15,0.1
7635,7635,Marnay,75,Nouvelle-aquitaine,0.15,0.15,0.1,0.15,0.1
7636,7636,Marnaz,84,Auvergne-rhône-alpes,0.15,0.15,0.1,0.15,0.1
7637,7637,Marnes-la-Coquette,11,Île-de-france,0.15,0.15,0.1,0.15,0.1
7638,7638,Maroilles,32,Hauts-de-france,0.15,0.15,0.1,0.15,0.1
7639,7639,Marolles,44,Grand Est,0.15,0.15,0.1,0.15,0.1
7640,7640,Marolles-en-Hurepoix,11,Île-de-france,0.15,0.15,0.1,0.15,0.1
7641,7641,Marolles-les-Braults,52,Pays De La Loire,0.15,0.15,0.1,0.15,0.1
7642,7642,Marolles-sur-Seine,11,Île-de-france,0.15,0.15,0.1,0.15,0.1
7643,7643,Maromme,28,Normandie,0.15,0.15,0.1,0.15,0.1
7644,7644,Marpent,32,Hauts-de-france,0.15,0.15,0.1,0.15,0.1
7645,7645,Marpiré,53,Bretagne,0.15,0.15,0.1,0.15,0.1
7646,7646,Marquay,75,Nouvelle-aquitaine,0.15,0.15,0.1,0.15,0.1
7647,7647,Marquefave,76,Occitanie,0.15,0.15,0.1,0.15,0.1
7648,7648,Marquette-en-Ostrevant,32,Hauts-de-france,0.15,0.15,0.1,0.15,0.1
7649,7649,Marquette-lez-Lille,32,Hauts-de-france,0.15,0.15,0.1,0.15,0.1
7650,7650,Marquillies,32,Hauts-de-france,0.15,0.15,0.1,0.15,0.1
7651,7651,Marquion,32,Hauts-de-france,0.15,0.15,0.1,0.15,0.1
7652,7652,Marquise,32,Hauts-de-france,0.15,0.15,0.1,0.15,0.1
7653,7653,Marquixanes,76,Occitanie,0.15,0.15,0.1,0.15,0.1
7654,7654,Mars,84,Auvergne-rhône-alpes,0.15,0.15,0.1,0.15,0.1
7655,7655,Mars-la-Tour,44,Grand Est,0.15,0.15,0.1,0.15,0.1
7656,7656,Marsac,76,Occitanie,0.15,0.15,0.1,0.15,0.1
7657,7657,Marsac-en-Livradois,84,Auvergne-rhône-alpes,0.15,0.15,0.1,0.15,0.1
7658,7658,Marsac-sur-Don,52,Pays De La Loire,0.15,0.15,0.1,0.15,0.1
7659,7659,Marsais,75,Nouvelle-aquitaine,0.15,0.15,0.1,0.15,0.1
7660,7660,Marsais-Sainte-Radégonde,52,Pays De La Loire,0.15,0.15,0.1,0.15,0.1
7661,7661,Marsaneix,75,Nouvelle-aquitaine,0.15,0.15,0.1,0.15,0.1
7662,7662,Marsangy,27,Bourgogne-franche-comté,0.15,0.15,0.1,0.15,0.1
7663,7663,Marsannay-la-Côte,27,Bourgogne-franche-comté,0.15,0.15,0.1,0.15,0.1
7664,7664,Marsannay-le-Bois,27,Bourgogne-franche-comté,0.15,0.15,0.1,0.15,0.1
7665,7665,Marsanne,84,Auvergne-rhône-alpes,0.15,0.15,0.1,0.15,0.1
7666,7666,Marsas,76,Occitanie,0.15,0.15,0.1,0.15,0.1
7667,7667,Marsat,84,Auvergne-rhône-alpes,0.15,0.15,0.1,0.15,0.1
7668,7668,Marseillan,76,Occitanie,0.15,0.15,0.1,0.15,0.1
7669,7669,Marseille,93,Provence-alpes-côte D'azur,0.15,0.15,0.1,0.15,0.1
7670,7670,Marseille 01,93,Provence-alpes-côte D'azur,0.15,0.15,0.1,0.15,0.1
7671,7671,Marseille 02,93,Provence-alpes-côte D'azur,0.15,0.15,0.1,0.15,0.1
7672,7672,Marseille 03,93,Provence-alpes-côte D'azur,0.15,0.15,0.1,0.15,0.1
7673,7673,Marseille 04,93,Provence-alpes-côte D'azur,0.15,0.15,0.1,0.15,0.1
7674,7674,Marseille 05,93,Provence-alpes-côte D'azur,0.15,0.15,0.1,0.15,0.1
7675,7675,Marseille 06,93,Provence-alpes-côte D'azur,0.15,0.15,0.1,0.15,0.1
7676,7676,Marseille 07,93,Provence-alpes-côte D'azur,0.15,0.15,0.1,0.15,0.1
7677,7677,Marseille 08,93,Provence-alpes-côte D'azur,0.15,0.15,0.1,0.15,0.1
7678,7678,Marseille 09,93,Provence-alpes-côte D'azur,0.15,0.15,0.1,0.15,0.1
7679,7679,Marseille 10,93,Provence-alpes-côte D'azur,0.15,0.15,0.1,0.15,0.1
7680,7680,Marseille 11,93,Provence-alpes-côte D'azur,0.15,0.15,0.1,0.15,0.1
7681,7681,Marseille 12,93,Provence-alpes-côte D'azur,0.15,0.15,0.1,0.15,0.1
7682,7682,Marseille 13,93,Provence-alpes-côte D'azur,0.15,0.15,0.1,0.15,0.1
7683,7683,Marseille 14,93,Provence-alpes-côte D'azur,0.15,0.15,0.1,0.15,0.1
7684,7684,Marseille 15,93,Provence-alpes-côte D'azur,0.15,0.15,0.1,0.15,0.1
7685,7685,Marseille 16,93,Provence-alpes-côte D'azur,0.15,0.15,0.1,0.15,0.1
7686,7686,Marseille-en-Beauvaisis,32,Hauts-de-france,0.15,0.15,0.1,0.15,0.1
7687,7687,Marseilles-lès-Aubigny,24,Centre-val De Loire,0.15,0.15,0.1,0.15,0.1
7688,7688,Marseillette,76,Occitanie,0.15,0.15,0.1,0.15,0.1
7689,7689,Marsillargues,76,Occitanie,0.15,0.15,0.1,0.15,0.1
7690,7690,Marsilly,75,Nouvelle-aquitaine,0.15,0.15,0.1,0.15,0.1
7691,7691,Marsonnas,84,Auvergne-rhône-alpes,0.15,0.15,0.1,0.15,0.1
7692,7692,Marssac-sur-Tarn,76,Occitanie,0.15,0.15,0.1,0.15,0.1
7693,7693,Martainville-Épreville,28,Normandie,0.15,0.15,0.1,0.15,0.1
7694,7694,Martel,76,Occitanie,0.15,0.15,0.1,0.15,0.1
7695,7695,Marthod,84,Auvergne-rhône-alpes,0.15,0.15,0.1,0.15,0.1
7696,7696,Marthon,75,Nouvelle-aquitaine,0.15,0.15,0.1,0.15,0.1
7697,7697,Martiel,76,Occitanie,0.15,0.15,0.1,0.15,0.1
7698,7698,Martignas-sur-Jalle,75,Nouvelle-aquitaine,0.15,0.15,0.1,0.15,0.1
7699,7699,Martignat,84,Auvergne-rhône-alpes,0.15,0.15,0.1,0.15,0.1
7700,7700,Martigny,32,Hauts-de-france,0.15,0.15,0.1,0.15,0.1
7701,7701,Martigny-les-Bains,44,Grand Est,0.15,0.15,0.1,0.15,0.1
7702,7702,Martigné-Briand,52,Pays De La Loire,0.15,0.15,0.1,0.15,0.1
7703,7703,Martigné-Ferchaud,53,Bretagne,0.15,0.15,0.1,0.15,0.1
7704,7704,Martigné-sur-Mayenne,52,Pays De La Loire,0.15,0.15,0.1,0.15,0.1
7705,7705,Martigues,93,Provence-alpes-côte D'azur,0.15,0.15,0.1,0.15,0.1
7706,7706,Martillac,75,Nouvelle-aquitaine,0.15,0.15,0.1,0.15,0.1
7707,7707,Martin-Église,28,Normandie,0.15,0.15,0.1,0.15,0.1
7708,7708,Martinet,52,Pays De La Loire,0.15,0.15,0.1,0.15,0.1
7709,7709,Martinvast,28,Normandie,0.15,0.15,0.1,0.15,0.1
7710,7710,Martizay,24,Centre-val De Loire,0.15,0.15,0.1,0.15,0.1
7711,7711,Martres-Tolosane,76,Occitanie,0.15,0.15,0.1,0.15,0.1
7712,7712,Martres-sur-Morge,84,Auvergne-rhône-alpes,0.15,0.15,0.1,0.15,0.1
7713,7713,Marval,75,Nouvelle-aquitaine,0.15,0.15,0.1,0.15,0.1
7714,7714,Marvejols,76,Occitanie,0.15,0.15,0.1,0.15,0.1
7715,7715,Marville,44,Grand Est,0.15,0.15,0.1,0.15,0.1
7716,7716,Marville-Moutiers-Brûlé,24,Centre-val De Loire,0.15,0.15,0.1,0.15,0.1
7717,7717,Mary-sur-Marne,11,Île-de-france,0.15,0.15,0.1,0.15,0.1
7718,7718,Marzan,53,Bretagne,0.15,0.15,0.1,0.15,0.1
7719,7719,Marzy,27,Bourgogne-franche-comté,0.15,0.15,0.1,0.15,0.1
7720,7720,Marçay,75,Nouvelle-aquitaine,0.15,0.15,0.1,0.15,0.1
7721,7721,Marçon,52,Pays De La Loire,0.15,0.15,0.1,0.15,0.1
7722,7722,Marœuil,32,Hauts-de-france,0.15,0.15,0.1,0.15,0.1
7723,7723,Mas-Grenier,76,Occitanie,0.15,0.15,0.1,0.15,0.1
7724,7724,Mas-Saintes-Puelles,76,Occitanie,0.15,0.15,0.1,0.15,0.1
7725,7725,Masevaux,44,Grand Est,0.15,0.15,0.1,0.15,0.1
7726,7726,Maslacq,75,Nouvelle-aquitaine,0.15,0.15,0.1,0.15,0.1
7727,7727,Maslives,24,Centre-val De Loire,0.15,0.15,0.1,0.15,0.1
7728,7728,Masnières,32,Hauts-de-france,0.15,0.15,0.1,0.15,0.1
7729,7729,Masny,32,Hauts-de-france,0.15,0.15,0.1,0.15,0.1
7730,7730,Massais,75,Nouvelle-aquitaine,0.15,0.15,0.1,0.15,0.1
7731,7731,Massat,76,Occitanie,0.15,0.15,0.1,0.15,0.1
7732,7732,Massay,24,Centre-val De Loire,0.15,0.15,0.1,0.15,0.1
7733,7733,Masseret,75,Nouvelle-aquitaine,0.15,0.15,0.1,0.15,0.1
7734,7734,Masseube,76,Occitanie,0.15,0.15,0.1,0.15,0.1
7735,7735,Massiac,84,Auvergne-rhône-alpes,0.15,0.15,0.1,0.15,0.1
7736,7736,Massieu,84,Auvergne-rhône-alpes,0.15,0.15,0.1,0.15,0.1
7737,7737,Massieux,84,Auvergne-rhône-alpes,0.15,0.15,0.1,0.15,0.1
7738,7738,Massignieu-de-Rives,84,Auvergne-rhône-alpes,0.15,0.15,0.1,0.15,0.1
7739,7739,Massillargues-Attuech,76,Occitanie,0.15,0.15,0.1,0.15,0.1
7740,7740,Massingy,84,Auvergne-rhône-alpes,0.15,0.15,0.1,0.15,0.1
7741,7741,Massongy,84,Auvergne-rhône-alpes,0.15,0.15,0.1,0.15,0.1
7742,7742,Massy,28,Normandie,0.15,0.15,0.1,0.15,0.1
7743,7743,Mastaing,32,Hauts-de-france,0.15,0.15,0.1,0.15,0.1
7744,7744,Matha,75,Nouvelle-aquitaine,0.15,0.15,0.1,0.15,0.1
7745,7745,Mathay,27,Bourgogne-franche-comté,0.15,0.15,0.1,0.15,0.1
7746,7746,Mathieu,28,Normandie,0.15,0.15,0.1,0.15,0.1
7747,7747,Matignon,53,Bretagne,0.15,0.15,0.1,0.15,0.1
7748,7748,Matigny,32,Hauts-de-france,0.15,0.15,0.1,0.15,0.1
7749,7749,Matougues,44,Grand Est,0.15,0.15,0.1,0.15,0.1
7750,7750,Matour,27,Bourgogne-franche-comté,0.15,0.15,0.1,0.15,0.1
7751,7751,Mattaincourt,44,Grand Est,0.15,0.15,0.1,0.15,0.1
7752,7752,Matzenheim,44,Grand Est,0.15,0.15,0.1,0.15,0.1
7753,7753,Maubec,93,Provence-alpes-côte D'azur,0.15,0.15,0.1,0.15,0.1
7754,7754,Maubert-Fontaine,44,Grand Est,0.15,0.15,0.1,0.15,0.1
7755,7755,Maubeuge,32,Hauts-de-france,0.15,0.15,0.1,0.15,0.1
7756,7756,Maubourguet,76,Occitanie,0.15,0.15,0.1,0.15,0.1
7757,7757,Mauguio,76,Occitanie,0.15,0.15,0.1,0.15,0.1
7758,7758,Maulde,32,Hauts-de-france,0.15,0.15,0.1,0.15,0.1
7759,7759,Maule,11,Île-de-france,0.15,0.15,0.1,0.15,0.1
7760,7760,Maulette,11,Île-de-france,0.15,0.15,0.1,0.15,0.1
7761,7761,Mauléon-Licharre,75,Nouvelle-aquitaine,0.15,0.15,0.1,0.15,0.1
7762,7762,Maulévrier,52,Pays De La Loire,0.15,0.15,0.1,0.15,0.1
7763,7763,Maulévrier-Sainte-Gertrude,28,Normandie,0.15,0.15,0.1,0.15,0.1
7764,7764,Maumusson,76,Occitanie,0.15,0.15,0.1,0.15,0.1
7765,7765,Mauprévoir,75,Nouvelle-aquitaine,0.15,0.15,0.1,0.15,0.1
7766,7766,Maure-de-Bretagne,53,Bretagne,0.15,0.15,0.1,0.15,0.1
7767,7767,Maurecourt,11,Île-de-france,0.15,0.15,0.1,0.15,0.1
7768,7768,Maureilhan,76,Occitanie,0.15,0.15,0.1,0.15,0.1
7769,7769,Maureillas-las-Illas,76,Occitanie,0.15,0.15,0.1,0.15,0.1
7770,7770,Maurens,76,Occitanie,0.15,0.15,0.1,0.15,0.1
7771,7771,Maurepas,32,Hauts-de-france,0.15,0.15,0.1,0.15,0.1
7772,7772,Mauriac,84,Auvergne-rhône-alpes,0.15,0.15,0.1,0.15,0.1
7773,7773,Mauron,53,Bretagne,0.15,0.15,0.1,0.15,0.1
7774,7774,Maurs,84,Auvergne-rhône-alpes,0.15,0.15,0.1,0.15,0.1
7775,7775,Maurupt-le-Montois,44,Grand Est,0.15,0.15,0.1,0.15,0.1
7776,7776,Maury,76,Occitanie,0.15,0.15,0.1,0.15,0.1
7777,7777,Maussane-les-Alpilles,93,Provence-alpes-côte D'azur,0.15,0.15,0.1,0.15,0.1
7778,7778,Mauves,84,Auvergne-rhône-alpes,0.15,0.15,0.1,0.15,0.1
7779,7779,Mauves-sur-Huisne,28,Normandie,0.15,0.15,0.1,0.15,0.1
7780,7780,Mauves-sur-Loire,52,Pays De La Loire,0.15,0.15,0.1,0.15,0.1
7781,7781,Mauvezin,76,Occitanie,0.15,0.15,0.1,0.15,0.1
7782,7782,Mauzac,76,Occitanie,0.15,0.15,0.1,0.15,0.1
7783,7783,Mauzé-Thouarsais,75,Nouvelle-aquitaine,0.15,0.15,0.1,0.15,0.1
7784,7784,Mauzé-sur-le-Mignon,75,Nouvelle-aquitaine,0.15,0.15,0.1,0.15,0.1
7785,7785,Maves,24,Centre-val De Loire,0.15,0.15,0.1,0.15,0.1
7786,7786,Maxent,53,Bretagne,0.15,0.15,0.1,0.15,0.1
7787,7787,Maxilly-sur-Léman,84,Auvergne-rhône-alpes,0.15,0.15,0.1,0.15,0.1
7788,7788,Maxéville,44,Grand Est,0.15,0.15,0.1,0.15,0.1
7789,7789,May-en-Multien,11,Île-de-france,0.15,0.15,0.1,0.15,0.1
7790,7790,May-sur-Orne,28,Normandie,0.15,0.15,0.1,0.15,0.1
7791,7791,Mayenne,52,Pays De La Loire,0.15,0.15,0.1,0.15,0.1
7792,7792,Mayet,52,Pays De La Loire,0.15,0.15,0.1,0.15,0.1
7793,7793,Mazamet,76,Occitanie,0.15,0.15,0.1,0.15,0.1
7794,7794,Mazan,93,Provence-alpes-côte D'azur,0.15,0.15,0.1,0.15,0.1
7795,7795,Mazangé,24,Centre-val De Loire,0.15,0.15,0.1,0.15,0.1
7796,7796,Mazaugues,93,Provence-alpes-côte D'azur,0.15,0.15,0.1,0.15,0.1
7797,7797,Mazaye,84,Auvergne-rhône-alpes,0.15,0.15,0.1,0.15,0.1
7798,7798,Mazeray,75,Nouvelle-aquitaine,0.15,0.15,0.1,0.15,0.1
7799,7799,Mazerolles,76,Occitanie,0.15,0.15,0.1,0.15,0.1
7800,7800,Mazet-Saint-Voy,84,Auvergne-rhône-alpes,0.15,0.15,0.1,0.15,0.1
7801,7801,Mazingarbe,32,Hauts-de-france,0.15,0.15,0.1,0.15,0.1
7802,7802,Mazières-de-Touraine,24,Centre-val De Loire,0.15,0.15,0.1,0.15,0.1
7803,7803,Mazières-en-Gâtine,75,Nouvelle-aquitaine,0.15,0.15,0.1,0.15,0.1
7804,7804,Mazières-en-Mauges,52,Pays De La Loire,0.15,0.15,0.1,0.15,0.1
7805,7805,Mazères,76,Occitanie,0.15,0.15,0.1,0.15,0.1
7806,7806,Mazères-Lezons,75,Nouvelle-aquitaine,0.15,0.15,0.1,0.15,0.1
7807,7807,Mazé,52,Pays De La Loire,0.15,0.15,0.1,0.15,0.1
7808,7808,Maël-Carhaix,53,Bretagne,0.15,0.15,0.1,0.15,0.1
7809,7809,Maîche,27,Bourgogne-franche-comté,0.15,0.15,0.1,0.15,0.1
7810,7810,Meaucé,24,Centre-val De Loire,0.15,0.15,0.1,0.15,0.1
7811,7811,Meaulne,84,Auvergne-rhône-alpes,0.15,0.15,0.1,0.15,0.1
7812,7812,Meaux,11,Île-de-france,0.15,0.15,0.1,0.15,0.1
7813,7813,Meauzac,76,Occitanie,0.15,0.15,0.1,0.15,0.1
7814,7814,Mecquignies,32,Hauts-de-france,0.15,0.15,0.1,0.15,0.1
7815,7815,Mecé,53,Bretagne,0.15,0.15,0.1,0.15,0.1
7816,7816,Megève,84,Auvergne-rhône-alpes,0.15,0.15,0.1,0.15,0.1
7817,7817,Mehun-sur-Yèvre,24,Centre-val De Loire,0.15,0.15,0.1,0.15,0.1
7818,7818,Meilhan,76,Occitanie,0.15,0.15,0.1,0.15,0.1
7819,7819,Meilhan-sur-Garonne,75,Nouvelle-aquitaine,0.15,0.15,0.1,0.15,0.1
7820,7820,Meilhards,75,Nouvelle-aquitaine,0.15,0.15,0.1,0.15,0.1
7821,7821,Meillac,53,Bretagne,0.15,0.15,0.1,0.15,0.1
7822,7822,Meillant,24,Centre-val De Loire,0.15,0.15,0.1,0.15,0.1
7823,7823,Meillon,75,Nouvelle-aquitaine,0.15,0.15,0.1,0.15,0.1
7824,7824,Meillonnas,84,Auvergne-rhône-alpes,0.15,0.15,0.1,0.15,0.1
7825,7825,Meisenthal,44,Grand Est,0.15,0.15,0.1,0.15,0.1
7826,7826,Meistratzheim,44,Grand Est,0.15,0.15,0.1,0.15,0.1
7827,7827,Melay,52,Pays De La Loire,0.15,0.15,0.1,0.15,0.1
7828,7828,Melesse,53,Bretagne,0.15,0.15,0.1,0.15,0.1
7829,7829,Melgven,53,Bretagne,0.15,0.15,0.1,0.15,0.1
7830,7830,Mellac,53,Bretagne,0.15,0.15,0.1,0.15,0.1
7831,7831,Melle,75,Nouvelle-aquitaine,0.15,0.15,0.1,0.15,0.1
7832,7832,Mellecey,27,Bourgogne-franche-comté,0.15,0.15,0.1,0.15,0.1
7833,7833,Melleran,75,Nouvelle-aquitaine,0.15,0.15,0.1,0.15,0.1
7834,7834,Melleray,52,Pays De La Loire,0.15,0.15,0.1,0.15,0.1
7835,7835,Melleroy,24,Centre-val De Loire,0.15,0.15,0.1,0.15,0.1
7836,7836,Mellé,53,Bretagne,0.15,0.15,0.1,0.15,0.1
7837,7837,Melrand,53,Bretagne,0.15,0.15,0.1,0.15,0.1
7838,7838,Melsheim,44,Grand Est,0.15,0.15,0.1,0.15,0.1
7839,7839,Melun,11,Île-de-france,0.15,0.15,0.1,0.15,0.1
7840,7840,Menars,24,Centre-val De Loire,0.15,0.15,0.1,0.15,0.1
7841,7841,Menat,84,Auvergne-rhône-alpes,0.15,0.15,0.1,0.15,0.1
7842,7842,Menchhoffen,44,Grand Est,0.15,0.15,0.1,0.15,0.1
7843,7843,Mende,76,Occitanie,0.15,0.15,0.1,0.15,0.1
7844,7844,Mendionde,75,Nouvelle-aquitaine,0.15,0.15,0.1,0.15,0.1
7845,7845,Menet,84,Auvergne-rhône-alpes,0.15,0.15,0.1,0.15,0.1
7846,7846,Menetou-Salon,24,Centre-val De Loire,0.15,0.15,0.1,0.15,0.1
7847,7847,Mennecy,11,Île-de-france,0.15,0.15,0.1,0.15,0.1
7848,7848,Mennetou-sur-Cher,24,Centre-val De Loire,0.15,0.15,0.1,0.15,0.1
7849,7849,Menneval,28,Normandie,0.15,0.15,0.1,0.15,0.1
7850,7850,Menneville,32,Hauts-de-france,0.15,0.15,0.1,0.15,0.1
7851,7851,Mennevret,32,Hauts-de-france,0.15,0.15,0.1,0.15,0.1
7852,7852,Menomblet,52,Pays De La Loire,0.15,0.15,0.1,0.15,0.1
7853,7853,Mens,84,Auvergne-rhône-alpes,0.15,0.15,0.1,0.15,0.1
7854,7854,Mensignac,75,Nouvelle-aquitaine,0.15,0.15,0.1,0.15,0.1
7855,7855,Menthon-Saint-Bernard,84,Auvergne-rhône-alpes,0.15,0.15,0.1,0.15,0.1
7856,7856,Menthonnex-en-Bornes,84,Auvergne-rhône-alpes,0.15,0.15,0.1,0.15,0.1
7857,7857,Menthonnex-sous-Clermont,84,Auvergne-rhône-alpes,0.15,0.15,0.1,0.15,0.1
7858,7858,Menton,93,Provence-alpes-côte D'azur,0.15,0.15,0.1,0.15,0.1
7859,7859,Mentque-Nortbécourt,32,Hauts-de-france,0.15,0.15,0.1,0.15,0.1
7860,7860,Menucourt,11,Île-de-france,0.15,0.15,0.1,0.15,0.1
7861,7861,Mer,24,Centre-val De Loire,0.15,0.15,0.1,0.15,0.1
7862,7862,Mercatel,32,Hauts-de-france,0.15,0.15,0.1,0.15,0.1
7863,7863,Merceuil,27,Bourgogne-franche-comté,0.15,0.15,0.1,0.15,0.1
7864,7864,Mercin-et-Vaux,32,Hauts-de-france,0.15,0.15,0.1,0.15,0.1
7865,7865,Merck-Saint-Liévin,32,Hauts-de-france,0.15,0.15,0.1,0.15,0.1
7866,7866,Merckeghem,32,Hauts-de-france,0.15,0.15,0.1,0.15,0.1
7867,7867,Mercurey,27,Bourgogne-franche-comté,0.15,0.15,0.1,0.15,0.1
7868,7868,Mercurol-Veaunes,84,Auvergne-rhône-alpes,0.15,0.15,0.1,0.15,0.1
7869,7869,Mercury,84,Auvergne-rhône-alpes,0.15,0.15,0.1,0.15,0.1
7870,7870,Mercus-Garrabet,76,Occitanie,0.15,0.15,0.1,0.15,0.1
7871,7871,Mercuès,76,Occitanie,0.15,0.15,0.1,0.15,0.1
7872,7872,Mercy-le-Bas,44,Grand Est,0.15,0.15,0.1,0.15,0.1
7873,7873,Merdrignac,53,Bretagne,0.15,0.15,0.1,0.15,0.1
7874,7874,Merfy,44,Grand Est,0.15,0.15,0.1,0.15,0.1
7875,7875,Mergey,44,Grand Est,0.15,0.15,0.1,0.15,0.1
7876,7876,Merkwiller-Pechelbronn,44,Grand Est,0.15,0.15,0.1,0.15,0.1
7877,7877,Merlevenez,53,Bretagne,0.15,0.15,0.1,0.15,0.1
7878,7878,Merlimont,32,Hauts-de-france,0.15,0.15,0.1,0.15,0.1
7879,7879,Merlines,75,Nouvelle-aquitaine,0.15,0.15,0.1,0.15,0.1
7880,7880,Merléac,53,Bretagne,0.15,0.15,0.1,0.15,0.1
7881,7881,Mernel,53,Bretagne,0.15,0.15,0.1,0.15,0.1
7882,7882,Meroux,27,Bourgogne-franche-comté,0.15,0.15,0.1,0.15,0.1
7883,7883,Merpins,75,Nouvelle-aquitaine,0.15,0.15,0.1,0.15,0.1
7884,7884,Merris,32,Hauts-de-france,0.15,0.15,0.1,0.15,0.1
7885,7885,Mers-les-Bains,32,Hauts-de-france,0.15,0.15,0.1,0.15,0.1
7886,7886,Mers-sur-Indre,24,Centre-val De Loire,0.15,0.15,0.1,0.15,0.1
7887,7887,Merten,44,Grand Est,0.15,0.15,0.1,0.15,0.1
7888,7888,Mertzwiller,44,Grand Est,0.15,0.15,0.1,0.15,0.1
7889,7889,Mervans,27,Bourgogne-franche-comté,0.15,0.15,0.1,0.15,0.1
7890,7890,Mervent,52,Pays De La Loire,0.15,0.15,0.1,0.15,0.1
7891,7891,Merville,76,Occitanie,0.15,0.15,0.1,0.15,0.1
7892,7892,Merville-Franceville-Plage,28,Normandie,0.15,0.15,0.1,0.15,0.1
7893,7893,Merxheim,44,Grand Est,0.15,0.15,0.1,0.15,0.1
7894,7894,Meschers-sur-Gironde,75,Nouvelle-aquitaine,0.15,0.15,0.1,0.15,0.1
7895,7895,Meslan,53,Bretagne,0.15,0.15,0.1,0.15,0.1
7896,7896,Mesland,24,Centre-val De Loire,0.15,0.15,0.1,0.15,0.1
7897,7897,Meslay-du-Maine,52,Pays De La Loire,0.15,0.15,0.1,0.15,0.1
7898,7898,Meslin,53,Bretagne,0.15,0.15,0.1,0.15,0.1
7899,7899,Mesnard-la-Barotière,52,Pays De La Loire,0.15,0.15,0.1,0.15,0.1
7900,7900,Mesnay,27,Bourgogne-franche-comté,0.15,0.15,0.1,0.15,0.1
7901,7901,Mesnil-Clinchamps,28,Normandie,0.15,0.15,0.1,0.15,0.1
7902,7902,Mesnil-Panneville,28,Normandie,0.15,0.15,0.1,0.15,0.1
7903,7903,Mesnil-Raoul,28,Normandie,0.15,0.15,0.1,0.15,0.1
7904,7904,Mesnil-Saint-Loup,44,Grand Est,0.15,0.15,0.1,0.15,0.1
7905,7905,Mesnil-Saint-Nicaise,32,Hauts-de-france,0.15,0.15,0.1,0.15,0.1
7906,7906,Mesnières-en-Bray,28,Normandie,0.15,0.15,0.1,0.15,0.1
7907,7907,Mespaul,53,Bretagne,0.15,0.15,0.1,0.15,0.1
7908,7908,Mesquer,52,Pays De La Loire,0.15,0.15,0.1,0.15,0.1
7909,7909,Messac,75,Nouvelle-aquitaine,0.15,0.15,0.1,0.15,0.1
7910,7910,Messanges,75,Nouvelle-aquitaine,0.15,0.15,0.1,0.15,0.1
7911,7911,Messas,24,Centre-val De Loire,0.15,0.15,0.1,0.15,0.1
7912,7912,Messei,28,Normandie,0.15,0.15,0.1,0.15,0.1
7913,7913,Messein,44,Grand Est,0.15,0.15,0.1,0.15,0.1
7914,7914,Messeix,84,Auvergne-rhône-alpes,0.15,0.15,0.1,0.15,0.1
7915,7915,Messery,84,Auvergne-rhône-alpes,0.15,0.15,0.1,0.15,0.1
7916,7916,Messey-sur-Grosne,27,Bourgogne-franche-comté,0.15,0.15,0.1,0.15,0.1
7917,7917,Messia-sur-Sorne,27,Bourgogne-franche-comté,0.15,0.15,0.1,0.15,0.1
7918,7918,Messigny-et-Vantoux,27,Bourgogne-franche-comté,0.15,0.15,0.1,0.15,0.1
7919,7919,Messimy,84,Auvergne-rhône-alpes,0.15,0.15,0.1,0.15,0.1
7920,7920,Messincourt,44,Grand Est,0.15,0.15,0.1,0.15,0.1
7921,7921,Messy,11,Île-de-france,0.15,0.15,0.1,0.15,0.1
7922,7922,Mesves-sur-Loire,27,Bourgogne-franche-comté,0.15,0.15,0.1,0.15,0.1
7923,7923,Mesvres,27,Bourgogne-franche-comté,0.15,0.15,0.1,0.15,0.1
7924,7924,Mettray,24,Centre-val De Loire,0.15,0.15,0.1,0.15,0.1
7925,7925,Metz,44,Grand Est,0.15,0.15,0.1,0.15,0.1
7926,7926,Metz-Tessy,84,Auvergne-rhône-alpes,0.15,0.15,0.1,0.15,0.1
7927,7927,Metz-en-Couture,32,Hauts-de-france,0.15,0.15,0.1,0.15,0.1
7928,7928,Metzeral,44,Grand Est,0.15,0.15,0.1,0.15,0.1
7929,7929,Metzeresche,44,Grand Est,0.15,0.15,0.1,0.15,0.1
7930,7930,Metzervisse,44,Grand Est,0.15,0.15,0.1,0.15,0.1
7931,7931,Metzing,44,Grand Est,0.15,0.15,0.1,0.15,0.1
7932,7932,Meucon,53,Bretagne,0.15,0.15,0.1,0.15,0.1
7933,7933,Meudon,11,Île-de-france,0.15,0.15,0.1,0.15,0.1
7934,7934,Meulan-en-Yvelines,11,Île-de-france,0.15,0.15,0.1,0.15,0.1
7935,7935,Meung-sur-Loire,24,Centre-val De Loire,0.15,0.15,0.1,0.15,0.1
7936,7936,Meurchin,32,Hauts-de-france,0.15,0.15,0.1,0.15,0.1
7937,7937,Meursac,75,Nouvelle-aquitaine,0.15,0.15,0.1,0.15,0.1
7938,7938,Meursault,27,Bourgogne-franche-comté,0.15,0.15,0.1,0.15,0.1
7939,7939,Meusnes,24,Centre-val De Loire,0.15,0.15,0.1,0.15,0.1
7940,7940,Meuzac,75,Nouvelle-aquitaine,0.15,0.15,0.1,0.15,0.1
7941,7941,Meximieux,84,Auvergne-rhône-alpes,0.15,0.15,0.1,0.15,0.1
7942,7942,Mexy,44,Grand Est,0.15,0.15,0.1,0.15,0.1
7943,7943,Meyenheim,44,Grand Est,0.15,0.15,0.1,0.15,0.1
7944,7944,Meylan,84,Auvergne-rhône-alpes,0.15,0.15,0.1,0.15,0.1
7945,7945,Meymac,75,Nouvelle-aquitaine,0.15,0.15,0.1,0.15,0.1
7946,7946,Meynes,76,Occitanie,0.15,0.15,0.1,0.15,0.1
7947,7947,Meyrannes,76,Occitanie,0.15,0.15,0.1,0.15,0.1
7948,7948,Meyrargues,93,Provence-alpes-côte D'azur,0.15,0.15,0.1,0.15,0.1
7949,7949,Meyras,84,Auvergne-rhône-alpes,0.15,0.15,0.1,0.15,0.1
7950,7950,Meyreuil,93,Provence-alpes-côte D'azur,0.15,0.15,0.1,0.15,0.1
7951,7951,Meyrieu-les-Étangs,84,Auvergne-rhône-alpes,0.15,0.15,0.1,0.15,0.1
7952,7952,Meyrié,84,Auvergne-rhône-alpes,0.15,0.15,0.1,0.15,0.1
7953,7953,Meyrueis,76,Occitanie,0.15,0.15,0.1,0.15,0.1
7954,7954,Meys,84,Auvergne-rhône-alpes,0.15,0.15,0.1,0.15,0.1
7955,7955,Meyssac,75,Nouvelle-aquitaine,0.15,0.15,0.1,0.15,0.1
7956,7956,Meysse,84,Auvergne-rhône-alpes,0.15,0.15,0.1,0.15,0.1
7957,7957,Meyssiez,84,Auvergne-rhône-alpes,0.15,0.15,0.1,0.15,0.1
7958,7958,Meythet,84,Auvergne-rhône-alpes,0.15,0.15,0.1,0.15,0.1
7959,7959,Meyzieu,84,Auvergne-rhône-alpes,0.15,0.15,0.1,0.15,0.1
7960,7960,Mezel,84,Auvergne-rhône-alpes,0.15,0.15,0.1,0.15,0.1
7961,7961,Mialet,76,Occitanie,0.15,0.15,0.1,0.15,0.1
7962,7962,Miannay,32,Hauts-de-france,0.15,0.15,0.1,0.15,0.1
7963,7963,Michelbach-le-Bas,44,Grand Est,0.15,0.15,0.1,0.15,0.1
7964,7964,Michery,27,Bourgogne-franche-comté,0.15,0.15,0.1,0.15,0.1
7965,7965,Mietesheim,44,Grand Est,0.15,0.15,0.1,0.15,0.1
7966,7966,Mieussy,84,Auvergne-rhône-alpes,0.15,0.15,0.1,0.15,0.1
7967,7967,Mieuxcé,28,Normandie,0.15,0.15,0.1,0.15,0.1
7968,7968,Migennes,27,Bourgogne-franche-comté,0.15,0.15,0.1,0.15,0.1
7969,7969,Mignaloux-Beauvoir,75,Nouvelle-aquitaine,0.15,0.15,0.1,0.15,0.1
7970,7970,Mignières,24,Centre-val De Loire,0.15,0.15,0.1,0.15,0.1
7971,7971,Mignovillard,27,Bourgogne-franche-comté,0.15,0.15,0.1,0.15,0.1
7972,7972,Migné,24,Centre-val De Loire,0.15,0.15,0.1,0.15,0.1
7973,7973,Migron,75,Nouvelle-aquitaine,0.15,0.15,0.1,0.15,0.1
7974,7974,Milhac-de-Nontron,75,Nouvelle-aquitaine,0.15,0.15,0.1,0.15,0.1
7975,7975,Milhaud,76,Occitanie,0.15,0.15,0.1,0.15,0.1
7976,7976,Milizac,53,Bretagne,0.15,0.15,0.1,0.15,0.1
7977,7977,Millac,75,Nouvelle-aquitaine,0.15,0.15,0.1,0.15,0.1
7978,7978,Millam,32,Hauts-de-france,0.15,0.15,0.1,0.15,0.1
7979,7979,Millançay,24,Centre-val De Loire,0.15,0.15,0.1,0.15,0.1
7980,7980,Millas,76,Occitanie,0.15,0.15,0.1,0.15,0.1
7981,7981,Millau,76,Occitanie,0.15,0.15,0.1,0.15,0.1
7982,7982,Millery,84,Auvergne-rhône-alpes,0.15,0.15,0.1,0.15,0.1
7983,7983,Millières,44,Grand Est,0.15,0.15,0.1,0.15,0.1
7984,7984,Millonfosse,32,Hauts-de-france,0.15,0.15,0.1,0.15,0.1
7985,7985,Milly-la-Forêt,11,Île-de-france,0.15,0.15,0.1,0.15,0.1
7986,7986,Milly-sur-Thérain,32,Hauts-de-france,0.15,0.15,0.1,0.15,0.1
7987,7987,Mimbaste,75,Nouvelle-aquitaine,0.15,0.15,0.1,0.15,0.1
7988,7988,Mimet,93,Provence-alpes-côte D'azur,0.15,0.15,0.1,0.15,0.1
7989,7989,Mimizan,75,Nouvelle-aquitaine,0.15,0.15,0.1,0.15,0.1
7990,7990,Miniac-Morvan,53,Bretagne,0.15,0.15,0.1,0.15,0.1
7991,7991,Miniac-sous-Bécherel,53,Bretagne,0.15,0.15,0.1,0.15,0.1
7992,7992,Minihy-Tréguier,53,Bretagne,0.15,0.15,0.1,0.15,0.1
7993,7993,Minversheim,44,Grand Est,0.15,0.15,0.1,0.15,0.1
7994,7994,Minzier,84,Auvergne-rhône-alpes,0.15,0.15,0.1,0.15,0.1
7995,7995,Mionnay,84,Auvergne-rhône-alpes,0.15,0.15,0.1,0.15,0.1
7996,7996,Mions,84,Auvergne-rhône-alpes,0.15,0.15,0.1,0.15,0.1
7997,7997,Mios,75,Nouvelle-aquitaine,0.15,0.15,0.1,0.15,0.1
7998,7998,Mirabeau,93,Provence-alpes-côte D'azur,0.15,0.15,0.1,0.15,0.1
7999,7999,Mirabel,84,Auvergne-rhône-alpes,0.15,0.15,0.1,0.15,0.1
8000,8000,Mirabel-aux-Baronnies,84,Auvergne-rhône-alpes,0.15,0.15,0.1,0.15,0.1
8001,8001,Mirabel-et-Blacons,84,Auvergne-rhône-alpes,0.15,0.15,0.1,0.15,0.1
8002,8002,Miradoux,76,Occitanie,0.15,0.15,0.1,0.15,0.1
8003,8003,Miramas,93,Provence-alpes-côte D'azur,0.15,0.15,0.1,0.15,0.1
8004,8004,Mirambeau,76,Occitanie,0.15,0.15,0.1,0.15,0.1
8005,8005,Miramont-de-Comminges,76,Occitanie,0.15,0.15,0.1,0.15,0.1
8006,8006,Miramont-de-Guyenne,75,Nouvelle-aquitaine,0.15,0.15,0.1,0.15,0.1
8007,8007,Mirande,76,Occitanie,0.15,0.15,0.1,0.15,0.1
8008,8008,Mirandol-Bourgnounac,76,Occitanie,0.15,0.15,0.1,0.15,0.1
8009,8009,Miraumont,32,Hauts-de-france,0.15,0.15,0.1,0.15,0.1
8010,8010,Mirebeau,75,Nouvelle-aquitaine,0.15,0.15,0.1,0.15,0.1
8011,8011,Mirebeau-sur-Bèze,27,Bourgogne-franche-comté,0.15,0.15,0.1,0.15,0.1
8012,8012,Mirecourt,44,Grand Est,0.15,0.15,0.1,0.15,0.1
8013,8013,Mirefleurs,84,Auvergne-rhône-alpes,0.15,0.15,0.1,0.15,0.1
8014,8014,Miremont,84,Auvergne-rhône-alpes,0.15,0.15,0.1,0.15,0.1
8015,8015,Mirepeisset,76,Occitanie,0.15,0.15,0.1,0.15,0.1
8016,8016,Mirepeix,75,Nouvelle-aquitaine,0.15,0.15,0.1,0.15,0.1
8017,8017,Mirepoix,76,Occitanie,0.15,0.15,0.1,0.15,0.1
8018,8018,Mirepoix-sur-Tarn,76,Occitanie,0.15,0.15,0.1,0.15,0.1
8019,8019,Mireval,76,Occitanie,0.15,0.15,0.1,0.15,0.1
8020,8020,Miribel,84,Auvergne-rhône-alpes,0.15,0.15,0.1,0.15,0.1
8021,8021,Miribel-les-Échelles,84,Auvergne-rhône-alpes,0.15,0.15,0.1,0.15,0.1
8022,8022,Mirmande,84,Auvergne-rhône-alpes,0.15,0.15,0.1,0.15,0.1
8023,8023,Miré,52,Pays De La Loire,0.15,0.15,0.1,0.15,0.1
8024,8024,Miserey,28,Normandie,0.15,0.15,0.1,0.15,0.1
8025,8025,Miserey-Salines,27,Bourgogne-franche-comté,0.15,0.15,0.1,0.15,0.1
8026,8026,Mison,93,Provence-alpes-côte D'azur,0.15,0.15,0.1,0.15,0.1
8027,8027,Missillac,52,Pays De La Loire,0.15,0.15,0.1,0.15,0.1
8028,8028,Missiriac,53,Bretagne,0.15,0.15,0.1,0.15,0.1
8029,8029,Misson,75,Nouvelle-aquitaine,0.15,0.15,0.1,0.15,0.1
8030,8030,Missy,28,Normandie,0.15,0.15,0.1,0.15,0.1
8031,8031,Missy-sur-Aisne,32,Hauts-de-france,0.15,0.15,0.1,0.15,0.1
8032,8032,Missé,75,Nouvelle-aquitaine,0.15,0.15,0.1,0.15,0.1
8033,8033,Misy-sur-Yonne,11,Île-de-france,0.15,0.15,0.1,0.15,0.1
8034,8034,Misérieux,84,Auvergne-rhône-alpes,0.15,0.15,0.1,0.15,0.1
8035,8035,Mitry-Mory,11,Île-de-france,0.15,0.15,0.1,0.15,0.1
8036,8036,Mittainville,11,Île-de-france,0.15,0.15,0.1,0.15,0.1
8037,8037,Mittelbergheim,44,Grand Est,0.15,0.15,0.1,0.15,0.1
8038,8038,Mittelbronn,44,Grand Est,0.15,0.15,0.1,0.15,0.1
8039,8039,Mittelhausbergen,44,Grand Est,0.15,0.15,0.1,0.15,0.1
8040,8040,Mittelhausen,44,Grand Est,0.15,0.15,0.1,0.15,0.1
8041,8041,Mittelwihr,44,Grand Est,0.15,0.15,0.1,0.15,0.1
8042,8042,Mittersheim,44,Grand Est,0.15,0.15,0.1,0.15,0.1
8043,8043,Miélan,76,Occitanie,0.15,0.15,0.1,0.15,0.1
8044,8044,Modane,84,Auvergne-rhône-alpes,0.15,0.15,0.1,0.15,0.1
8045,8045,Moffans-et-Vacheresse,27,Bourgogne-franche-comté,0.15,0.15,0.1,0.15,0.1
8046,8046,Mogneneins,84,Auvergne-rhône-alpes,0.15,0.15,0.1,0.15,0.1
8047,8047,Mogneville,32,Hauts-de-france,0.15,0.15,0.1,0.15,0.1
8048,8048,Mohon,53,Bretagne,0.15,0.15,0.1,0.15,0.1
8049,8049,Moidieu,,MISSING,0.15,0.15,0.1,0.15,0.1
8050,8050,Moigny-sur-École,11,Île-de-france,0.15,0.15,0.1,0.15,0.1
8051,8051,Moineville,44,Grand Est,0.15,0.15,0.1,0.15,0.1
8052,8052,Moirans,84,Auvergne-rhône-alpes,0.15,0.15,0.1,0.15,0.1
8053,8053,Moirans-en-Montagne,27,Bourgogne-franche-comté,0.15,0.15,0.1,0.15,0.1
8054,8054,Moisdon-la-Rivière,52,Pays De La Loire,0.15,0.15,0.1,0.15,0.1
8055,8055,Moisenay,11,Île-de-france,0.15,0.15,0.1,0.15,0.1
8056,8056,Moislains,32,Hauts-de-france,0.15,0.15,0.1,0.15,0.1
8057,8057,Moissac,76,Occitanie,0.15,0.15,0.1,0.15,0.1
8058,8058,Moisselles,11,Île-de-france,0.15,0.15,0.1,0.15,0.1
8059,8059,Moissey,27,Bourgogne-franche-comté,0.15,0.15,0.1,0.15,0.1
8060,8060,Moissieu-sur-Dolon,84,Auvergne-rhône-alpes,0.15,0.15,0.1,0.15,0.1
8061,8061,Moisson,11,Île-de-france,0.15,0.15,0.1,0.15,0.1
8062,8062,Moissy-Cramayel,11,Île-de-france,0.15,0.15,0.1,0.15,0.1
8063,8063,Molac,53,Bretagne,0.15,0.15,0.1,0.15,0.1
8064,8064,Moliens,32,Hauts-de-france,0.15,0.15,0.1,0.15,0.1
8065,8065,Moliets-et-Maa,75,Nouvelle-aquitaine,0.15,0.15,0.1,0.15,0.1
8066,8066,Molinet,84,Auvergne-rhône-alpes,0.15,0.15,0.1,0.15,0.1
8067,8067,Molineuf,24,Centre-val De Loire,0.15,0.15,0.1,0.15,0.1
8068,8068,Molinges,27,Bourgogne-franche-comté,0.15,0.15,0.1,0.15,0.1
8069,8069,Molières,76,Occitanie,0.15,0.15,0.1,0.15,0.1
8070,8070,Molières-Cavaillac,76,Occitanie,0.15,0.15,0.1,0.15,0.1
8071,8071,Molières-sur-Cèze,76,Occitanie,0.15,0.15,0.1,0.15,0.1
8072,8072,Mollans-sur-Ouvèze,84,Auvergne-rhône-alpes,0.15,0.15,0.1,0.15,0.1
8073,8073,Molles,84,Auvergne-rhône-alpes,0.15,0.15,0.1,0.15,0.1
8074,8074,Molliens-Dreuil,32,Hauts-de-france,0.15,0.15,0.1,0.15,0.1
8075,8075,Mollkirch,44,Grand Est,0.15,0.15,0.1,0.15,0.1
8076,8076,Mollégès,93,Provence-alpes-côte D'azur,0.15,0.15,0.1,0.15,0.1
8077,8077,Molsheim,44,Grand Est,0.15,0.15,0.1,0.15,0.1
8078,8078,Moltifao,94,Corse,0.15,0.15,0.1,0.15,0.1
8079,8079,Moléans,24,Centre-val De Loire,0.15,0.15,0.1,0.15,0.1
8080,8080,Mommenheim,44,Grand Est,0.15,0.15,0.1,0.15,0.1
8081,8081,Momères,76,Occitanie,0.15,0.15,0.1,0.15,0.1
8082,8082,Monbahus,75,Nouvelle-aquitaine,0.15,0.15,0.1,0.15,0.1
8083,8083,Monbazillac,75,Nouvelle-aquitaine,0.15,0.15,0.1,0.15,0.1
8084,8084,Monceau-Saint-Waast,32,Hauts-de-france,0.15,0.15,0.1,0.15,0.1
8085,8085,Monceaux,32,Hauts-de-france,0.15,0.15,0.1,0.15,0.1
8086,8086,Monceaux-sur-Dordogne,75,Nouvelle-aquitaine,0.15,0.15,0.1,0.15,0.1
8087,8087,Moncel-sur-Seille,44,Grand Est,0.15,0.15,0.1,0.15,0.1
8088,8088,Moncetz-Longevas,44,Grand Est,0.15,0.15,0.1,0.15,0.1
8089,8089,Monchaux-Soreng,28,Normandie,0.15,0.15,0.1,0.15,0.1
8090,8090,Monchaux-sur-Écaillon,32,Hauts-de-france,0.15,0.15,0.1,0.15,0.1
8091,8091,Monchecourt,32,Hauts-de-france,0.15,0.15,0.1,0.15,0.1
8092,8092,Monchy-Humières,32,Hauts-de-france,0.15,0.15,0.1,0.15,0.1
8093,8093,Monchy-Lagache,32,Hauts-de-france,0.15,0.15,0.1,0.15,0.1
8094,8094,Monchy-Saint-Éloi,32,Hauts-de-france,0.15,0.15,0.1,0.15,0.1
8095,8095,Monchy-le-Preux,32,Hauts-de-france,0.15,0.15,0.1,0.15,0.1
8096,8096,Monchy-sur-Eu,28,Normandie,0.15,0.15,0.1,0.15,0.1
8097,8097,Monclar,76,Occitanie,0.15,0.15,0.1,0.15,0.1
8098,8098,Monclar-de-Quercy,76,Occitanie,0.15,0.15,0.1,0.15,0.1
8099,8099,Moncontour,75,Nouvelle-aquitaine,0.15,0.15,0.1,0.15,0.1
8100,8100,Moncoutant,75,Nouvelle-aquitaine,0.15,0.15,0.1,0.15,0.1
8101,8101,Moncrabeau,75,Nouvelle-aquitaine,0.15,0.15,0.1,0.15,0.1
8102,8102,Moncé-en-Belin,52,Pays De La Loire,0.15,0.15,0.1,0.15,0.1
8103,8103,Mondavezan,76,Occitanie,0.15,0.15,0.1,0.15,0.1
8104,8104,Mondelange,44,Grand Est,0.15,0.15,0.1,0.15,0.1
8105,8105,Mondevert,53,Bretagne,0.15,0.15,0.1,0.15,0.1
8106,8106,Mondeville,28,Normandie,0.15,0.15,0.1,0.15,0.1
8107,8107,Mondicourt,32,Hauts-de-france,0.15,0.15,0.1,0.15,0.1
8108,8108,Mondonville,76,Occitanie,0.15,0.15,0.1,0.15,0.1
8109,8109,Mondoubleau,24,Centre-val De Loire,0.15,0.15,0.1,0.15,0.1
8110,8110,Mondragon,93,Provence-alpes-côte D'azur,0.15,0.15,0.1,0.15,0.1
8111,8111,Mondrepuis,32,Hauts-de-france,0.15,0.15,0.1,0.15,0.1
8112,8112,Monein,75,Nouvelle-aquitaine,0.15,0.15,0.1,0.15,0.1
8113,8113,Monestier-de-Clermont,84,Auvergne-rhône-alpes,0.15,0.15,0.1,0.15,0.1
8114,8114,Monestiés,76,Occitanie,0.15,0.15,0.1,0.15,0.1
8115,8115,Monferran-Savès,76,Occitanie,0.15,0.15,0.1,0.15,0.1
8116,8116,Monflanquin,75,Nouvelle-aquitaine,0.15,0.15,0.1,0.15,0.1
8117,8117,Mongauzy,75,Nouvelle-aquitaine,0.15,0.15,0.1,0.15,0.1
8118,8118,Monistrol-sur-Loire,84,Auvergne-rhône-alpes,0.15,0.15,0.1,0.15,0.1
8119,8119,Monléon-Magnoac,76,Occitanie,0.15,0.15,0.1,0.15,0.1
8120,8120,Monnaie,24,Centre-val De Loire,0.15,0.15,0.1,0.15,0.1
8121,8121,Monnetier-Mornex,84,Auvergne-rhône-alpes,0.15,0.15,0.1,0.15,0.1
8122,8122,Monneville,32,Hauts-de-france,0.15,0.15,0.1,0.15,0.1
8123,8123,Monnières,52,Pays De La Loire,0.15,0.15,0.1,0.15,0.1
8124,8124,Monoblet,76,Occitanie,0.15,0.15,0.1,0.15,0.1
8125,8125,Monpazier,75,Nouvelle-aquitaine,0.15,0.15,0.1,0.15,0.1
8126,8126,Mons,93,Provence-alpes-côte D'azur,0.15,0.15,0.1,0.15,0.1
8127,8127,Mons-en-Barœul,32,Hauts-de-france,0.15,0.15,0.1,0.15,0.1
8128,8128,Mons-en-Pévèle,32,Hauts-de-france,0.15,0.15,0.1,0.15,0.1
8129,8129,Monsempron,,MISSING,0.15,0.15,0.1,0.15,0.1
8130,8130,Monsireigne,52,Pays De La Loire,0.15,0.15,0.1,0.15,0.1
8131,8131,Monsols,84,Auvergne-rhône-alpes,0.15,0.15,0.1,0.15,0.1
8132,8132,Monsteroux-Milieu,84,Auvergne-rhône-alpes,0.15,0.15,0.1,0.15,0.1
8133,8133,Monswiller,44,Grand Est,0.15,0.15,0.1,0.15,0.1
8134,8134,Monségur,75,Nouvelle-aquitaine,0.15,0.15,0.1,0.15,0.1
8135,8135,Mont,76,Occitanie,0.15,0.15,0.1,0.15,0.1
8136,8136,Mont-Bernanchon,32,Hauts-de-france,0.15,0.15,0.1,0.15,0.1
8137,8137,Mont-Bonvillers,44,Grand Est,0.15,0.15,0.1,0.15,0.1
8138,8138,Mont-Cauvaire,28,Normandie,0.15,0.15,0.1,0.15,0.1
8139,8139,Mont-Dore,84,Auvergne-rhône-alpes,0.15,0.15,0.1,0.15,0.1
8140,8140,Mont-Notre-Dame,32,Hauts-de-france,0.15,0.15,0.1,0.15,0.1
8141,8141,Mont-Saint-Aignan,28,Normandie,0.15,0.15,0.1,0.15,0.1
8142,8142,Mont-Saint-Jean,52,Pays De La Loire,0.15,0.15,0.1,0.15,0.1
8143,8143,Mont-Saint-Martin,84,Auvergne-rhône-alpes,0.15,0.15,0.1,0.15,0.1
8144,8144,Mont-Saint-Père,32,Hauts-de-france,0.15,0.15,0.1,0.15,0.1
8145,8145,Mont-Saint-Sulpice,27,Bourgogne-franche-comté,0.15,0.15,0.1,0.15,0.1
8146,8146,Mont-Saint-Éloi,32,Hauts-de-france,0.15,0.15,0.1,0.15,0.1
8147,8147,Mont-Saxonnex,84,Auvergne-rhône-alpes,0.15,0.15,0.1,0.15,0.1
8148,8148,Mont-de-Lans,84,Auvergne-rhône-alpes,0.15,0.15,0.1,0.15,0.1
8149,8149,Mont-de-Marsan,75,Nouvelle-aquitaine,0.15,0.15,0.1,0.15,0.1
8150,8150,Mont-près-Chambord,24,Centre-val De Loire,0.15,0.15,0.1,0.15,0.1
8151,8151,Mont-sous-Vaudrey,27,Bourgogne-franche-comté,0.15,0.15,0.1,0.15,0.1
8152,8152,Mont-sur-Meurthe,44,Grand Est,0.15,0.15,0.1,0.15,0.1
8153,8153,Montabon,52,Pays De La Loire,0.15,0.15,0.1,0.15,0.1
8154,8154,Montacher-Villegardin,27,Bourgogne-franche-comté,0.15,0.15,0.1,0.15,0.1
8155,8155,Montady,76,Occitanie,0.15,0.15,0.1,0.15,0.1
8156,8156,Montagnac,76,Occitanie,0.15,0.15,0.1,0.15,0.1
8157,8157,Montagnac-sur-Auvignon,75,Nouvelle-aquitaine,0.15,0.15,0.1,0.15,0.1
8158,8158,Montagnat,84,Auvergne-rhône-alpes,0.15,0.15,0.1,0.15,0.1
8159,8159,Montagne,84,Auvergne-rhône-alpes,0.15,0.15,0.1,0.15,0.1
8160,8160,Montagnole,84,Auvergne-rhône-alpes,0.15,0.15,0.1,0.15,0.1
8161,8161,Montagny,84,Auvergne-rhône-alpes,0.15,0.15,0.1,0.15,0.1
8162,8162,Montagny-en-Vexin,32,Hauts-de-france,0.15,0.15,0.1,0.15,0.1
8163,8163,Montagny-lès-Beaune,27,Bourgogne-franche-comté,0.15,0.15,0.1,0.15,0.1
8164,8164,Montagrier,75,Nouvelle-aquitaine,0.15,0.15,0.1,0.15,0.1
8165,8165,Montaigu,52,Pays De La Loire,0.15,0.15,0.1,0.15,0.1
8166,8166,Montaigu-de-Quercy,76,Occitanie,0.15,0.15,0.1,0.15,0.1
8167,8167,Montaigut,84,Auvergne-rhône-alpes,0.15,0.15,0.1,0.15,0.1
8168,8168,Montaigut-le-Blanc,84,Auvergne-rhône-alpes,0.15,0.15,0.1,0.15,0.1
8169,8169,Montaigut-sur-Save,76,Occitanie,0.15,0.15,0.1,0.15,0.1
8170,8170,Montailleur,84,Auvergne-rhône-alpes,0.15,0.15,0.1,0.15,0.1
8171,8171,Montaillé,52,Pays De La Loire,0.15,0.15,0.1,0.15,0.1
8172,8172,Montainville,24,Centre-val De Loire,0.15,0.15,0.1,0.15,0.1
8173,8173,Montalieu,,MISSING,0.15,0.15,0.1,0.15,0.1
8174,8174,Montalzat,76,Occitanie,0.15,0.15,0.1,0.15,0.1
8175,8175,Montamisé,75,Nouvelle-aquitaine,0.15,0.15,0.1,0.15,0.1
8176,8176,Montanay,84,Auvergne-rhône-alpes,0.15,0.15,0.1,0.15,0.1
8177,8177,Montaner,75,Nouvelle-aquitaine,0.15,0.15,0.1,0.15,0.1
8178,8178,Montans,76,Occitanie,0.15,0.15,0.1,0.15,0.1
8179,8179,Montardon,75,Nouvelle-aquitaine,0.15,0.15,0.1,0.15,0.1
8180,8180,Montaren-et-Saint-Médiers,76,Occitanie,0.15,0.15,0.1,0.15,0.1
8181,8181,Montargis,24,Centre-val De Loire,0.15,0.15,0.1,0.15,0.1
8182,8182,Montarnaud,76,Occitanie,0.15,0.15,0.1,0.15,0.1
8183,8183,Montastruc-la-Conseillère,76,Occitanie,0.15,0.15,0.1,0.15,0.1
8184,8184,Montataire,32,Hauts-de-france,0.15,0.15,0.1,0.15,0.1
8185,8185,Montauban,76,Occitanie,0.15,0.15,0.1,0.15,0.1
8186,8186,Montauban-de-Bretagne,53,Bretagne,0.15,0.15,0.1,0.15,0.1
8187,8187,Montaud,84,Auvergne-rhône-alpes,0.15,0.15,0.1,0.15,0.1
8188,8188,Montaudin,52,Pays De La Loire,0.15,0.15,0.1,0.15,0.1
8189,8189,Montaulin,44,Grand Est,0.15,0.15,0.1,0.15,0.1
8190,8190,Montaure,28,Normandie,0.15,0.15,0.1,0.15,0.1
8191,8191,Montauroux,93,Provence-alpes-côte D'azur,0.15,0.15,0.1,0.15,0.1
8192,8192,Montaut,76,Occitanie,0.15,0.15,0.1,0.15,0.1
8193,8193,Montauville,44,Grand Est,0.15,0.15,0.1,0.15,0.1
8194,8194,Montayral,75,Nouvelle-aquitaine,0.15,0.15,0.1,0.15,0.1
8195,8195,Montazels,76,Occitanie,0.15,0.15,0.1,0.15,0.1
8196,8196,Montbard,27,Bourgogne-franche-comté,0.15,0.15,0.1,0.15,0.1
8197,8197,Montbartier,76,Occitanie,0.15,0.15,0.1,0.15,0.1
8198,8198,Montbazens,76,Occitanie,0.15,0.15,0.1,0.15,0.1
8199,8199,Montbazin,76,Occitanie,0.15,0.15,0.1,0.15,0.1
8200,8200,Montbazon,24,Centre-val De Loire,0.15,0.15,0.1,0.15,0.1
8201,8201,Montbellet,27,Bourgogne-franche-comté,0.15,0.15,0.1,0.15,0.1
8202,8202,Montberon,76,Occitanie,0.15,0.15,0.1,0.15,0.1
8203,8203,Montbert,52,Pays De La Loire,0.15,0.15,0.1,0.15,0.1
8204,8204,Montbeton,76,Occitanie,0.15,0.15,0.1,0.15,0.1
8205,8205,Montbeugny,84,Auvergne-rhône-alpes,0.15,0.15,0.1,0.15,0.1
8206,8206,Montbizot,52,Pays De La Loire,0.15,0.15,0.1,0.15,0.1
8207,8207,Montblanc,76,Occitanie,0.15,0.15,0.1,0.15,0.1
8208,8208,Montbonnot-Saint-Martin,84,Auvergne-rhône-alpes,0.15,0.15,0.1,0.15,0.1
8209,8209,Montboucher-sur-Jabron,84,Auvergne-rhône-alpes,0.15,0.15,0.1,0.15,0.1
8210,8210,Montbouy,24,Centre-val De Loire,0.15,0.15,0.1,0.15,0.1
8211,8211,Montbrehain,32,Hauts-de-france,0.15,0.15,0.1,0.15,0.1
8212,8212,Montbrison,84,Auvergne-rhône-alpes,0.15,0.15,0.1,0.15,0.1
8213,8213,Montbron,75,Nouvelle-aquitaine,0.15,0.15,0.1,0.15,0.1
8214,8214,Montbronn,44,Grand Est,0.15,0.15,0.1,0.15,0.1
8215,8215,Montbrun-Lauragais,76,Occitanie,0.15,0.15,0.1,0.15,0.1
8216,8216,Montbéliard,27,Bourgogne-franche-comté,0.15,0.15,0.1,0.15,0.1
8217,8217,Montcaret,75,Nouvelle-aquitaine,0.15,0.15,0.1,0.15,0.1
8218,8218,Montceau-les-Mines,27,Bourgogne-franche-comté,0.15,0.15,0.1,0.15,0.1
8219,8219,Montceaux,84,Auvergne-rhône-alpes,0.15,0.15,0.1,0.15,0.1
8220,8220,Montceaux-lès-Meaux,11,Île-de-france,0.15,0.15,0.1,0.15,0.1
8221,8221,Montcel,84,Auvergne-rhône-alpes,0.15,0.15,0.1,0.15,0.1
8222,8222,Montcenis,27,Bourgogne-franche-comté,0.15,0.15,0.1,0.15,0.1
8223,8223,Montcet,84,Auvergne-rhône-alpes,0.15,0.15,0.1,0.15,0.1
8224,8224,Montchamp,84,Auvergne-rhône-alpes,0.15,0.15,0.1,0.15,0.1
8225,8225,Montchanin,27,Bourgogne-franche-comté,0.15,0.15,0.1,0.15,0.1
8226,8226,Montchaude,75,Nouvelle-aquitaine,0.15,0.15,0.1,0.15,0.1
8227,8227,Montchevrier,24,Centre-val De Loire,0.15,0.15,0.1,0.15,0.1
8228,8228,Montcornet,44,Grand Est,0.15,0.15,0.1,0.15,0.1
8229,8229,Montcourt-Fromonville,11,Île-de-france,0.15,0.15,0.1,0.15,0.1
8230,8230,Montcresson,24,Centre-val De Loire,0.15,0.15,0.1,0.15,0.1
8231,8231,Montcuq,76,Occitanie,0.15,0.15,0.1,0.15,0.1
8232,8232,Montcy-Notre-Dame,44,Grand Est,0.15,0.15,0.1,0.15,0.1
8233,8233,Montdidier,44,Grand Est,0.15,0.15,0.1,0.15,0.1
8234,8234,Monteaux,24,Centre-val De Loire,0.15,0.15,0.1,0.15,0.1
8235,8235,Montebourg,28,Normandie,0.15,0.15,0.1,0.15,0.1
8236,8236,Montech,76,Occitanie,0.15,0.15,0.1,0.15,0.1
8237,8237,Monteils,76,Occitanie,0.15,0.15,0.1,0.15,0.1
8238,8238,Montembœuf,75,Nouvelle-aquitaine,0.15,0.15,0.1,0.15,0.1
8239,8239,Montenay,52,Pays De La Loire,0.15,0.15,0.1,0.15,0.1
8240,8240,Montendre,75,Nouvelle-aquitaine,0.15,0.15,0.1,0.15,0.1
8241,8241,Monteneuf,53,Bretagne,0.15,0.15,0.1,0.15,0.1
8242,8242,Montenois,27,Bourgogne-franche-comté,0.15,0.15,0.1,0.15,0.1
8243,8243,Monterblanc,53,Bretagne,0.15,0.15,0.1,0.15,0.1
8244,8244,Montereau,24,Centre-val De Loire,0.15,0.15,0.1,0.15,0.1
8245,8245,Montereau-Fault-Yonne,11,Île-de-france,0.15,0.15,0.1,0.15,0.1
8246,8246,Montereau-sur-le-Jard,11,Île-de-france,0.15,0.15,0.1,0.15,0.1
8247,8247,Monterfil,53,Bretagne,0.15,0.15,0.1,0.15,0.1
8248,8248,Montescot,76,Occitanie,0.15,0.15,0.1,0.15,0.1
8249,8249,Montescourt-Lizerolles,32,Hauts-de-france,0.15,0.15,0.1,0.15,0.1
8250,8250,Montesquieu,76,Occitanie,0.15,0.15,0.1,0.15,0.1
8251,8251,Montesquieu-Lauragais,76,Occitanie,0.15,0.15,0.1,0.15,0.1
8252,8252,Montesquieu-Volvestre,76,Occitanie,0.15,0.15,0.1,0.15,0.1
8253,8253,Montesquiou,76,Occitanie,0.15,0.15,0.1,0.15,0.1
8254,8254,Montesquiu d'Albera,76,Occitanie,0.15,0.15,0.1,0.15,0.1
8255,8255,Montesson,11,Île-de-france,0.15,0.15,0.1,0.15,0.1
8256,8256,Montestruc-sur-Gers,76,Occitanie,0.15,0.15,0.1,0.15,0.1
8257,8257,Monteux,93,Provence-alpes-côte D'azur,0.15,0.15,0.1,0.15,0.1
8258,8258,Montfarville,28,Normandie,0.15,0.15,0.1,0.15,0.1
8259,8259,Montfaucon,76,Occitanie,0.15,0.15,0.1,0.15,0.1
8260,8260,Montfaucon-Montigné,52,Pays De La Loire,0.15,0.15,0.1,0.15,0.1
8261,8261,Montfaucon-en-Velay,84,Auvergne-rhône-alpes,0.15,0.15,0.1,0.15,0.1
8262,8262,Montfavet,93,Provence-alpes-côte D'azur,0.15,0.15,0.1,0.15,0.1
8263,8263,Montfermeil,11,Île-de-france,0.15,0.15,0.1,0.15,0.1
8264,8264,Montferrand-le-Château,27,Bourgogne-franche-comté,0.15,0.15,0.1,0.15,0.1
8265,8265,Montferrat,93,Provence-alpes-côte D'azur,0.15,0.15,0.1,0.15,0.1
8266,8266,Montferrier,76,Occitanie,0.15,0.15,0.1,0.15,0.1
8267,8267,Montferrier-sur-Lez,76,Occitanie,0.15,0.15,0.1,0.15,0.1
8268,8268,Montfort-en-Chalosse,75,Nouvelle-aquitaine,0.15,0.15,0.1,0.15,0.1
8269,8269,Montfort-le-Gesnois,52,Pays De La Loire,0.15,0.15,0.1,0.15,0.1
8270,8270,Montfort-sur-Argens,93,Provence-alpes-côte D'azur,0.15,0.15,0.1,0.15,0.1
8271,8271,Montfort-sur-Meu,53,Bretagne,0.15,0.15,0.1,0.15,0.1
8272,8272,Montfort-sur-Risle,28,Normandie,0.15,0.15,0.1,0.15,0.1
8273,8273,Montfrin,76,Occitanie,0.15,0.15,0.1,0.15,0.1
8274,8274,Montgaillard,76,Occitanie,0.15,0.15,0.1,0.15,0.1
8275,8275,Montgaillard-Lauragais,76,Occitanie,0.15,0.15,0.1,0.15,0.1
8276,8276,Montgenèvre,93,Provence-alpes-côte D'azur,0.15,0.15,0.1,0.15,0.1
8277,8277,Montgermont,53,Bretagne,0.15,0.15,0.1,0.15,0.1
8278,8278,Montgeron,11,Île-de-france,0.15,0.15,0.1,0.15,0.1
8279,8279,Montgiscard,76,Occitanie,0.15,0.15,0.1,0.15,0.1
8280,8280,Montgivray,24,Centre-val De Loire,0.15,0.15,0.1,0.15,0.1
8281,8281,Montguyon,75,Nouvelle-aquitaine,0.15,0.15,0.1,0.15,0.1
8282,8282,Montgé-en-Goële,11,Île-de-france,0.15,0.15,0.1,0.15,0.1
8283,8283,Monthermé,44,Grand Est,0.15,0.15,0.1,0.15,0.1
8284,8284,Monthieux,84,Auvergne-rhône-alpes,0.15,0.15,0.1,0.15,0.1
8285,8285,Monthodon,24,Centre-val De Loire,0.15,0.15,0.1,0.15,0.1
8286,8286,Monthoiron,75,Nouvelle-aquitaine,0.15,0.15,0.1,0.15,0.1
8287,8287,Monthou-sur-Bièvre,24,Centre-val De Loire,0.15,0.15,0.1,0.15,0.1
8288,8288,Monthou-sur-Cher,24,Centre-val De Loire,0.15,0.15,0.1,0.15,0.1
8289,8289,Monthuchon,28,Normandie,0.15,0.15,0.1,0.15,0.1
8290,8290,Monthureux-sur-Saône,44,Grand Est,0.15,0.15,0.1,0.15,0.1
8291,8291,Monthyon,11,Île-de-france,0.15,0.15,0.1,0.15,0.1
8292,8292,Monticello,94,Corse,0.15,0.15,0.1,0.15,0.1
8293,8293,Montier-en-Der,44,Grand Est,0.15,0.15,0.1,0.15,0.1
8294,8294,Montierchaume,24,Centre-val De Loire,0.15,0.15,0.1,0.15,0.1
8295,8295,Montignac,76,Occitanie,0.15,0.15,0.1,0.15,0.1
8296,8296,Montignac-Charente,75,Nouvelle-aquitaine,0.15,0.15,0.1,0.15,0.1
8297,8297,Montigny,52,Pays De La Loire,0.15,0.15,0.1,0.15,0.1
8298,8298,Montigny-Lencoup,11,Île-de-france,0.15,0.15,0.1,0.15,0.1
8299,8299,Montigny-Lengrain,32,Hauts-de-france,0.15,0.15,0.1,0.15,0.1
8300,8300,Montigny-aux-Amognes,27,Bourgogne-franche-comté,0.15,0.15,0.1,0.15,0.1
8301,8301,Montigny-en-Cambrésis,32,Hauts-de-france,0.15,0.15,0.1,0.15,0.1
8302,8302,Montigny-en-Gohelle,32,Hauts-de-france,0.15,0.15,0.1,0.15,0.1
8303,8303,Montigny-en-Ostrevent,32,Hauts-de-france,0.15,0.15,0.1,0.15,0.1
8304,8304,Montigny-la-Resle,27,Bourgogne-franche-comté,0.15,0.15,0.1,0.15,0.1
8305,8305,Montigny-le-Bretonneux,11,Île-de-france,0.15,0.15,0.1,0.15,0.1
8306,8306,Montigny-lès-Cormeilles,11,Île-de-france,0.15,0.15,0.1,0.15,0.1
8307,8307,Montigny-lès-Metz,44,Grand Est,0.15,0.15,0.1,0.15,0.1
8308,8308,Montigny-lès-Vesoul,27,Bourgogne-franche-comté,0.15,0.15,0.1,0.15,0.1
8309,8309,Montigny-sur-Loing,11,Île-de-france,0.15,0.15,0.1,0.15,0.1
8310,8310,Montigné-le-Brillant,52,Pays De La Loire,0.15,0.15,0.1,0.15,0.1
8311,8311,Montilly,84,Auvergne-rhône-alpes,0.15,0.15,0.1,0.15,0.1
8312,8312,Montilly-sur-Noireau,28,Normandie,0.15,0.15,0.1,0.15,0.1
8313,8313,Montils,75,Nouvelle-aquitaine,0.15,0.15,0.1,0.15,0.1
8314,8314,Montipouret,24,Centre-val De Loire,0.15,0.15,0.1,0.15,0.1
8315,8315,Montivilliers,28,Normandie,0.15,0.15,0.1,0.15,0.1
8316,8316,Montjean,75,Nouvelle-aquitaine,0.15,0.15,0.1,0.15,0.1
8317,8317,Montjean-sur-Loire,52,Pays De La Loire,0.15,0.15,0.1,0.15,0.1
8318,8318,Montjoie-en-Couserans,76,Occitanie,0.15,0.15,0.1,0.15,0.1
8319,8319,Montjoire,76,Occitanie,0.15,0.15,0.1,0.15,0.1
8320,8320,Montlaur,76,Occitanie,0.15,0.15,0.1,0.15,0.1
8321,8321,Montlebon,27,Bourgogne-franche-comté,0.15,0.15,0.1,0.15,0.1
8322,8322,Montlhéry,11,Île-de-france,0.15,0.15,0.1,0.15,0.1
8323,8323,Montlieu-la-Garde,75,Nouvelle-aquitaine,0.15,0.15,0.1,0.15,0.1
8324,8324,Montlignon,11,Île-de-france,0.15,0.15,0.1,0.15,0.1
8325,8325,Montlivault,24,Centre-val De Loire,0.15,0.15,0.1,0.15,0.1
8326,8326,Montlouis-sur-Loire,24,Centre-val De Loire,0.15,0.15,0.1,0.15,0.1
8327,8327,Montluel,84,Auvergne-rhône-alpes,0.15,0.15,0.1,0.15,0.1
8328,8328,Montluçon,84,Auvergne-rhône-alpes,0.15,0.15,0.1,0.15,0.1
8329,8329,Montmacq,32,Hauts-de-france,0.15,0.15,0.1,0.15,0.1
8330,8330,Montmagny,11,Île-de-france,0.15,0.15,0.1,0.15,0.1
8331,8331,Montmain,28,Normandie,0.15,0.15,0.1,0.15,0.1
8332,8332,Montmarault,84,Auvergne-rhône-alpes,0.15,0.15,0.1,0.15,0.1
8333,8333,Montmartin-en-Graignes,28,Normandie,0.15,0.15,0.1,0.15,0.1
8334,8334,Montmartin-sur-Mer,28,Normandie,0.15,0.15,0.1,0.15,0.1
8335,8335,Montmerle-sur-Saône,84,Auvergne-rhône-alpes,0.15,0.15,0.1,0.15,0.1
8336,8336,Montmeyran,84,Auvergne-rhône-alpes,0.15,0.15,0.1,0.15,0.1
8337,8337,Montmirail,52,Pays De La Loire,0.15,0.15,0.1,0.15,0.1
8338,8338,Montmoreau-Saint-Cybard,75,Nouvelle-aquitaine,0.15,0.15,0.1,0.15,0.1
8339,8339,Montmorency,11,Île-de-france,0.15,0.15,0.1,0.15,0.1
8340,8340,Montmorillon,75,Nouvelle-aquitaine,0.15,0.15,0.1,0.15,0.1
8341,8341,Montmorot,27,Bourgogne-franche-comté,0.15,0.15,0.1,0.15,0.1
8342,8342,Montmédy,44,Grand Est,0.15,0.15,0.1,0.15,0.1
8343,8343,Montmélian,84,Auvergne-rhône-alpes,0.15,0.15,0.1,0.15,0.1
8344,8344,Montoir-de-Bretagne,52,Pays De La Loire,0.15,0.15,0.1,0.15,0.1
8345,8345,Montoire-sur-le-Loir,24,Centre-val De Loire,0.15,0.15,0.1,0.15,0.1
8346,8346,Montois-la-Montagne,44,Grand Est,0.15,0.15,0.1,0.15,0.1
8347,8347,Montoison,84,Auvergne-rhône-alpes,0.15,0.15,0.1,0.15,0.1
8348,8348,Montoldre,84,Auvergne-rhône-alpes,0.15,0.15,0.1,0.15,0.1
8349,8349,Montolieu,76,Occitanie,0.15,0.15,0.1,0.15,0.1
8350,8350,Montolivet,11,Île-de-france,0.15,0.15,0.1,0.15,0.1
8351,8351,Montournais,52,Pays De La Loire,0.15,0.15,0.1,0.15,0.1
8352,8352,Montours,53,Bretagne,0.15,0.15,0.1,0.15,0.1
8353,8353,Montpellier,76,Occitanie,0.15,0.15,0.1,0.15,0.1
8354,8354,Montpellier-de-Médillan,75,Nouvelle-aquitaine,0.15,0.15,0.1,0.15,0.1
8355,8355,Montperreux,27,Bourgogne-franche-comté,0.15,0.15,0.1,0.15,0.1
8356,8356,Montpeyroux,84,Auvergne-rhône-alpes,0.15,0.15,0.1,0.15,0.1
8357,8357,Montpezat,76,Occitanie,0.15,0.15,0.1,0.15,0.1
8358,8358,Montpezat-de-Quercy,76,Occitanie,0.15,0.15,0.1,0.15,0.1
8359,8359,Montpezat-sous-Bauzon,84,Auvergne-rhône-alpes,0.15,0.15,0.1,0.15,0.1
8360,8360,Montpinchon,28,Normandie,0.15,0.15,0.1,0.15,0.1
8361,8361,Montpon-Ménestérol,75,Nouvelle-aquitaine,0.15,0.15,0.1,0.15,0.1
8362,8362,Montpont-en-Bresse,27,Bourgogne-franche-comté,0.15,0.15,0.1,0.15,0.1
8363,8363,Montpouillan,75,Nouvelle-aquitaine,0.15,0.15,0.1,0.15,0.1
8364,8364,Montrabé,76,Occitanie,0.15,0.15,0.1,0.15,0.1
8365,8365,Montracol,84,Auvergne-rhône-alpes,0.15,0.15,0.1,0.15,0.1
8366,8366,Montredon,76,Occitanie,0.15,0.15,0.1,0.15,0.1
8367,8367,Montredon-Labessonnié,76,Occitanie,0.15,0.15,0.1,0.15,0.1
8368,8368,Montredon-des-Corbières,76,Occitanie,0.15,0.15,0.1,0.15,0.1
8369,8369,Montregard,84,Auvergne-rhône-alpes,0.15,0.15,0.1,0.15,0.1
8370,8370,Montrem,75,Nouvelle-aquitaine,0.15,0.15,0.1,0.15,0.1
8371,8371,Montret,27,Bourgogne-franche-comté,0.15,0.15,0.1,0.15,0.1
8372,8372,Montreuil,52,Pays De La Loire,0.15,0.15,0.1,0.15,0.1
8373,8373,Montreuil-Bellay,52,Pays De La Loire,0.15,0.15,0.1,0.15,0.1
8374,8374,Montreuil-Bonnin,75,Nouvelle-aquitaine,0.15,0.15,0.1,0.15,0.1
8375,8375,Montreuil-aux-Lions,32,Hauts-de-france,0.15,0.15,0.1,0.15,0.1
8376,8376,Montreuil-en-Touraine,24,Centre-val De Loire,0.15,0.15,0.1,0.15,0.1
8377,8377,Montreuil-l'Argillé,28,Normandie,0.15,0.15,0.1,0.15,0.1
8378,8378,Montreuil-le-Gast,53,Bretagne,0.15,0.15,0.1,0.15,0.1
8379,8379,Montreuil-sous-Pérouse,53,Bretagne,0.15,0.15,0.1,0.15,0.1
8380,8380,Montreuil-sur-Ille,53,Bretagne,0.15,0.15,0.1,0.15,0.1
8381,8381,Montreuil-sur-Maine,52,Pays De La Loire,0.15,0.15,0.1,0.15,0.1
8382,8382,Montreux-Château,27,Bourgogne-franche-comté,0.15,0.15,0.1,0.15,0.1
8383,8383,Montreux-Vieux,44,Grand Est,0.15,0.15,0.1,0.15,0.1
8384,8384,Montrevault,52,Pays De La Loire,0.15,0.15,0.1,0.15,0.1
8385,8385,Montrevel-en-Bresse,84,Auvergne-rhône-alpes,0.15,0.15,0.1,0.15,0.1
8386,8386,Montrichard,24,Centre-val De Loire,0.15,0.15,0.1,0.15,0.1
8387,8387,Montricoux,76,Occitanie,0.15,0.15,0.1,0.15,0.1
8388,8388,Montrieux-en-Sologne,24,Centre-val De Loire,0.15,0.15,0.1,0.15,0.1
8389,8389,Montriond,84,Auvergne-rhône-alpes,0.15,0.15,0.1,0.15,0.1
8390,8390,Montrodat,76,Occitanie,0.15,0.15,0.1,0.15,0.1
8391,8391,Montrond-les-Bains,84,Auvergne-rhône-alpes,0.15,0.15,0.1,0.15,0.1
8392,8392,Montrottier,84,Auvergne-rhône-alpes,0.15,0.15,0.1,0.15,0.1
8393,8393,Montrouge,11,Île-de-france,0.15,0.15,0.1,0.15,0.1
8394,8394,Montroy,75,Nouvelle-aquitaine,0.15,0.15,0.1,0.15,0.1
8395,8395,Montry,11,Île-de-france,0.15,0.15,0.1,0.15,0.1
8396,8396,Montréal,84,Auvergne-rhône-alpes,0.15,0.15,0.1,0.15,0.1
8397,8397,Montréal-la-Cluse,84,Auvergne-rhône-alpes,0.15,0.15,0.1,0.15,0.1
8398,8398,Montréjeau,76,Occitanie,0.15,0.15,0.1,0.15,0.1
8399,8399,Monts,32,Hauts-de-france,0.15,0.15,0.1,0.15,0.1
8400,8400,Monts-sur-Guesnes,75,Nouvelle-aquitaine,0.15,0.15,0.1,0.15,0.1
8401,8401,Montsalvy,84,Auvergne-rhône-alpes,0.15,0.15,0.1,0.15,0.1
8402,8402,Montsaon,,MISSING,0.15,0.15,0.1,0.15,0.1
8403,8403,Montsauche-les-Settons,27,Bourgogne-franche-comté,0.15,0.15,0.1,0.15,0.1
8404,8404,Montsecret,28,Normandie,0.15,0.15,0.1,0.15,0.1
8405,8405,Montseveroux,84,Auvergne-rhône-alpes,0.15,0.15,0.1,0.15,0.1
8406,8406,Montsoreau,52,Pays De La Loire,0.15,0.15,0.1,0.15,0.1
8407,8407,Montsoult,11,Île-de-france,0.15,0.15,0.1,0.15,0.1
8408,8408,Montsoué,75,Nouvelle-aquitaine,0.15,0.15,0.1,0.15,0.1
8409,8409,Montségur-sur-Lauzon,84,Auvergne-rhône-alpes,0.15,0.15,0.1,0.15,0.1
8410,8410,Montsûrs,52,Pays De La Loire,0.15,0.15,0.1,0.15,0.1
8411,8411,Montussan,75,Nouvelle-aquitaine,0.15,0.15,0.1,0.15,0.1
8412,8412,Montvalezan,84,Auvergne-rhône-alpes,0.15,0.15,0.1,0.15,0.1
8413,8413,Montvendre,84,Auvergne-rhône-alpes,0.15,0.15,0.1,0.15,0.1
8414,8414,Montverdun,84,Auvergne-rhône-alpes,0.15,0.15,0.1,0.15,0.1
8415,8415,Montvicq,84,Auvergne-rhône-alpes,0.15,0.15,0.1,0.15,0.1
8416,8416,Montécheroux,27,Bourgogne-franche-comté,0.15,0.15,0.1,0.15,0.1
8417,8417,Montélier,84,Auvergne-rhône-alpes,0.15,0.15,0.1,0.15,0.1
8418,8418,Montélimar,84,Auvergne-rhône-alpes,0.15,0.15,0.1,0.15,0.1
8419,8419,Montéléger,84,Auvergne-rhône-alpes,0.15,0.15,0.1,0.15,0.1
8420,8420,Montérolier,28,Normandie,0.15,0.15,0.1,0.15,0.1
8421,8421,Montévrain,11,Île-de-france,0.15,0.15,0.1,0.15,0.1
8422,8422,Monéteau,27,Bourgogne-franche-comté,0.15,0.15,0.1,0.15,0.1
8423,8423,Moon-sur-Elle,28,Normandie,0.15,0.15,0.1,0.15,0.1
8424,8424,Moosch,44,Grand Est,0.15,0.15,0.1,0.15,0.1
8425,8425,Morainvilliers,11,Île-de-france,0.15,0.15,0.1,0.15,0.1
8426,8426,Morancez,24,Centre-val De Loire,0.15,0.15,0.1,0.15,0.1
8427,8427,Morancé,84,Auvergne-rhône-alpes,0.15,0.15,0.1,0.15,0.1
8428,8428,Morangis,44,Grand Est,0.15,0.15,0.1,0.15,0.1
8429,8429,Morannes,52,Pays De La Loire,0.15,0.15,0.1,0.15,0.1
8430,8430,Moras-en-Valloire,84,Auvergne-rhône-alpes,0.15,0.15,0.1,0.15,0.1
8431,8431,Morbecque,32,Hauts-de-france,0.15,0.15,0.1,0.15,0.1
8432,8432,Morbier,27,Bourgogne-franche-comté,0.15,0.15,0.1,0.15,0.1
8433,8433,Morcenx,75,Nouvelle-aquitaine,0.15,0.15,0.1,0.15,0.1
8434,8434,Morcourt,32,Hauts-de-france,0.15,0.15,0.1,0.15,0.1
8435,8435,Mordelles,53,Bretagne,0.15,0.15,0.1,0.15,0.1
8436,8436,Morestel,84,Auvergne-rhône-alpes,0.15,0.15,0.1,0.15,0.1
8437,8437,Moret-sur-Loing,11,Île-de-france,0.15,0.15,0.1,0.15,0.1
8438,8438,Moreuil,32,Hauts-de-france,0.15,0.15,0.1,0.15,0.1
8439,8439,Morey-Saint-Denis,27,Bourgogne-franche-comté,0.15,0.15,0.1,0.15,0.1
8440,8440,Morez,27,Bourgogne-franche-comté,0.15,0.15,0.1,0.15,0.1
8441,8441,Morfontaine,44,Grand Est,0.15,0.15,0.1,0.15,0.1
8442,8442,Morgny-la-Pommeraye,28,Normandie,0.15,0.15,0.1,0.15,0.1
8443,8443,Morhange,44,Grand Est,0.15,0.15,0.1,0.15,0.1
8444,8444,Morienval,32,Hauts-de-france,0.15,0.15,0.1,0.15,0.1
8445,8445,Morieux,53,Bretagne,0.15,0.15,0.1,0.15,0.1
8446,8446,Morigny-Champigny,11,Île-de-france,0.15,0.15,0.1,0.15,0.1
8447,8447,Morillon,84,Auvergne-rhône-alpes,0.15,0.15,0.1,0.15,0.1
8448,8448,Morizès,75,Nouvelle-aquitaine,0.15,0.15,0.1,0.15,0.1
8449,8449,Morières-lès-Avignon,93,Provence-alpes-côte D'azur,0.15,0.15,0.1,0.15,0.1
8450,8450,Morlaas,75,Nouvelle-aquitaine,0.15,0.15,0.1,0.15,0.1
8451,8451,Morlaix,53,Bretagne,0.15,0.15,0.1,0.15,0.1
8452,8452,Morlhon-le-Haut,76,Occitanie,0.15,0.15,0.1,0.15,0.1
8453,8453,Morlincourt,32,Hauts-de-france,0.15,0.15,0.1,0.15,0.1
8454,8454,Mormant,11,Île-de-france,0.15,0.15,0.1,0.15,0.1
8455,8455,Mormoiron,93,Provence-alpes-côte D'azur,0.15,0.15,0.1,0.15,0.1
8456,8456,Mornac,75,Nouvelle-aquitaine,0.15,0.15,0.1,0.15,0.1
8457,8457,Mornac-sur-Seudre,75,Nouvelle-aquitaine,0.15,0.15,0.1,0.15,0.1
8458,8458,Mornant,84,Auvergne-rhône-alpes,0.15,0.15,0.1,0.15,0.1
8459,8459,Mornas,93,Provence-alpes-côte D'azur,0.15,0.15,0.1,0.15,0.1
8460,8460,Moroges,27,Bourgogne-franche-comté,0.15,0.15,0.1,0.15,0.1
8461,8461,Morosaglia,94,Corse,0.15,0.15,0.1,0.15,0.1
8462,8462,Morre,27,Bourgogne-franche-comté,0.15,0.15,0.1,0.15,0.1
8463,8463,Morsang-sur-Orge,11,Île-de-france,0.15,0.15,0.1,0.15,0.1
8464,8464,Morsbach,44,Grand Est,0.15,0.15,0.1,0.15,0.1
8465,8465,Morsbronn-les-Bains,44,Grand Est,0.15,0.15,0.1,0.15,0.1
8466,8466,Morschwiller-le-Bas,44,Grand Est,0.15,0.15,0.1,0.15,0.1
8467,8467,Mortagne-au-Perche,28,Normandie,0.15,0.15,0.1,0.15,0.1
8468,8468,Mortagne-du-Nord,32,Hauts-de-france,0.15,0.15,0.1,0.15,0.1
8469,8469,Mortagne-sur-Gironde,75,Nouvelle-aquitaine,0.15,0.15,0.1,0.15,0.1
8470,8470,Mortagne-sur-Sèvre,52,Pays De La Loire,0.15,0.15,0.1,0.15,0.1
8471,8471,Mortain,28,Normandie,0.15,0.15,0.1,0.15,0.1
8472,8472,Mortcerf,11,Île-de-france,0.15,0.15,0.1,0.15,0.1
8473,8473,Morteau,27,Bourgogne-franche-comté,0.15,0.15,0.1,0.15,0.1
8474,8474,Morteaux-Coulibœuf,28,Normandie,0.15,0.15,0.1,0.15,0.1
8475,8475,Mortefontaine-en-Thelle,32,Hauts-de-france,0.15,0.15,0.1,0.15,0.1
8476,8476,Morthomiers,24,Centre-val De Loire,0.15,0.15,0.1,0.15,0.1
8477,8477,Mortrée,28,Normandie,0.15,0.15,0.1,0.15,0.1
8478,8478,Morvillars,27,Bourgogne-franche-comté,0.15,0.15,0.1,0.15,0.1
8479,8479,Morzine,84,Auvergne-rhône-alpes,0.15,0.15,0.1,0.15,0.1
8480,8480,Moréac,53,Bretagne,0.15,0.15,0.1,0.15,0.1
8481,8481,Morée,24,Centre-val De Loire,0.15,0.15,0.1,0.15,0.1
8482,8482,Mosnes,24,Centre-val De Loire,0.15,0.15,0.1,0.15,0.1
8483,8483,Motreff,53,Bretagne,0.15,0.15,0.1,0.15,0.1
8484,8484,Motteville,28,Normandie,0.15,0.15,0.1,0.15,0.1
8485,8485,Mottier,84,Auvergne-rhône-alpes,0.15,0.15,0.1,0.15,0.1
8486,8486,Mouans-Sartoux,93,Provence-alpes-côte D'azur,0.15,0.15,0.1,0.15,0.1
8487,8487,Mouazé,53,Bretagne,0.15,0.15,0.1,0.15,0.1
8488,8488,Mouchamps,52,Pays De La Loire,0.15,0.15,0.1,0.15,0.1
8489,8489,Mouchard,27,Bourgogne-franche-comté,0.15,0.15,0.1,0.15,0.1
8490,8490,Mouchin,32,Hauts-de-france,0.15,0.15,0.1,0.15,0.1
8491,8491,Mouen,28,Normandie,0.15,0.15,0.1,0.15,0.1
8492,8492,Mouettes,28,Normandie,0.15,0.15,0.1,0.15,0.1
8493,8493,Mougins,93,Provence-alpes-côte D'azur,0.15,0.15,0.1,0.15,0.1
8494,8494,Mougon,75,Nouvelle-aquitaine,0.15,0.15,0.1,0.15,0.1
8495,8495,Mouguerre,75,Nouvelle-aquitaine,0.15,0.15,0.1,0.15,0.1
8496,8496,Mouilleron-en-Pareds,52,Pays De La Loire,0.15,0.15,0.1,0.15,0.1
8497,8497,Mouilleron-le-Captif,52,Pays De La Loire,0.15,0.15,0.1,0.15,0.1
8498,8498,Moulay,52,Pays De La Loire,0.15,0.15,0.1,0.15,0.1
8499,8499,Mouleydier,75,Nouvelle-aquitaine,0.15,0.15,0.1,0.15,0.1
8500,8500,Moulidars,75,Nouvelle-aquitaine,0.15,0.15,0.1,0.15,0.1
8501,8501,Mouliets-et-Villemartin,75,Nouvelle-aquitaine,0.15,0.15,0.1,0.15,0.1
8502,8502,Mouliherne,52,Pays De La Loire,0.15,0.15,0.1,0.15,0.1
8503,8503,Moulin-Neuf,76,Occitanie,0.15,0.15,0.1,0.15,0.1
8504,8504,Moulineaux,28,Normandie,0.15,0.15,0.1,0.15,0.1
8505,8505,Moulins,84,Auvergne-rhône-alpes,0.15,0.15,0.1,0.15,0.1
8506,8506,Moulins-Engilbert,27,Bourgogne-franche-comté,0.15,0.15,0.1,0.15,0.1
8507,8507,Moulins-la-Marche,28,Normandie,0.15,0.15,0.1,0.15,0.1
8508,8508,Moulins-le-Carbonnel,52,Pays De La Loire,0.15,0.15,0.1,0.15,0.1
8509,8509,Moulins-lès-Metz,44,Grand Est,0.15,0.15,0.1,0.15,0.1
8510,8510,Moulis,76,Occitanie,0.15,0.15,0.1,0.15,0.1
8511,8511,Moulis-en-Médoc,75,Nouvelle-aquitaine,0.15,0.15,0.1,0.15,0.1
8512,8512,Moulle,32,Hauts-de-france,0.15,0.15,0.1,0.15,0.1
8513,8513,Moulon,75,Nouvelle-aquitaine,0.15,0.15,0.1,0.15,0.1
8514,8514,Moult,28,Normandie,0.15,0.15,0.1,0.15,0.1
8515,8515,Moumour,75,Nouvelle-aquitaine,0.15,0.15,0.1,0.15,0.1
8516,8516,Mourenx,75,Nouvelle-aquitaine,0.15,0.15,0.1,0.15,0.1
8517,8517,Mouret,76,Occitanie,0.15,0.15,0.1,0.15,0.1
8518,8518,Mourioux-Vieilleville,75,Nouvelle-aquitaine,0.15,0.15,0.1,0.15,0.1
8519,8519,Mouriès,93,Provence-alpes-côte D'azur,0.15,0.15,0.1,0.15,0.1
8520,8520,Mourmelon-le-Grand,44,Grand Est,0.15,0.15,0.1,0.15,0.1
8521,8521,Mourmelon-le-Petit,44,Grand Est,0.15,0.15,0.1,0.15,0.1
8522,8522,Mouroux,11,Île-de-france,0.15,0.15,0.1,0.15,0.1
8523,8523,Mours,11,Île-de-france,0.15,0.15,0.1,0.15,0.1
8524,8524,Mours-Saint-Eusèbe,84,Auvergne-rhône-alpes,0.15,0.15,0.1,0.15,0.1
8525,8525,Moussac,76,Occitanie,0.15,0.15,0.1,0.15,0.1
8526,8526,Moussan,76,Occitanie,0.15,0.15,0.1,0.15,0.1
8527,8527,Mousseaux-Neuville,28,Normandie,0.15,0.15,0.1,0.15,0.1
8528,8528,Mousseaux-lès-Bray,11,Île-de-france,0.15,0.15,0.1,0.15,0.1
8529,8529,Mousseaux-sur-Seine,11,Île-de-france,0.15,0.15,0.1,0.15,0.1
8530,8530,Moussey,44,Grand Est,0.15,0.15,0.1,0.15,0.1
8531,8531,Moussoulens,76,Occitanie,0.15,0.15,0.1,0.15,0.1
8532,8532,Moussy,44,Grand Est,0.15,0.15,0.1,0.15,0.1
8533,8533,Moussy-le-Neuf,11,Île-de-france,0.15,0.15,0.1,0.15,0.1
8534,8534,Moussy-le-Vieux,11,Île-de-france,0.15,0.15,0.1,0.15,0.1
8535,8535,Moustey,75,Nouvelle-aquitaine,0.15,0.15,0.1,0.15,0.1
8536,8536,Moustiers-Sainte-Marie,93,Provence-alpes-côte D'azur,0.15,0.15,0.1,0.15,0.1
8537,8537,Moustoir-Ac,53,Bretagne,0.15,0.15,0.1,0.15,0.1
8538,8538,Moustoir-Remungol,53,Bretagne,0.15,0.15,0.1,0.15,0.1
8539,8539,Moustéru,53,Bretagne,0.15,0.15,0.1,0.15,0.1
8540,8540,Mouterre-Silly,75,Nouvelle-aquitaine,0.15,0.15,0.1,0.15,0.1
8541,8541,Mouthe,27,Bourgogne-franche-comté,0.15,0.15,0.1,0.15,0.1
8542,8542,Mouthiers-sur-Boëme,75,Nouvelle-aquitaine,0.15,0.15,0.1,0.15,0.1
8543,8543,Moutier-Malcard,75,Nouvelle-aquitaine,0.15,0.15,0.1,0.15,0.1
8544,8544,Moutiers,53,Bretagne,0.15,0.15,0.1,0.15,0.1
8545,8545,Moutiers-au-Perche,28,Normandie,0.15,0.15,0.1,0.15,0.1
8546,8546,Moutiers-les-Mauxfaits,52,Pays De La Loire,0.15,0.15,0.1,0.15,0.1
8547,8547,Moutiers-sous-Argenton,75,Nouvelle-aquitaine,0.15,0.15,0.1,0.15,0.1
8548,8548,Moutiers-sous-Chantemerle,75,Nouvelle-aquitaine,0.15,0.15,0.1,0.15,0.1
8549,8549,Moutiers-sur-le-Lay,52,Pays De La Loire,0.15,0.15,0.1,0.15,0.1
8550,8550,Mouvaux,32,Hauts-de-france,0.15,0.15,0.1,0.15,0.1
8551,8551,Moux,76,Occitanie,0.15,0.15,0.1,0.15,0.1
8552,8552,Mouxy,84,Auvergne-rhône-alpes,0.15,0.15,0.1,0.15,0.1
8553,8553,Mouy,32,Hauts-de-france,0.15,0.15,0.1,0.15,0.1
8554,8554,Mouzay,44,Grand Est,0.15,0.15,0.1,0.15,0.1
8555,8555,Mouzeil,52,Pays De La Loire,0.15,0.15,0.1,0.15,0.1
8556,8556,Mouzillon,52,Pays De La Loire,0.15,0.15,0.1,0.15,0.1
8557,8557,Mouzon,75,Nouvelle-aquitaine,0.15,0.15,0.1,0.15,0.1
8558,8558,Moyaux,28,Normandie,0.15,0.15,0.1,0.15,0.1
8559,8559,Moye,84,Auvergne-rhône-alpes,0.15,0.15,0.1,0.15,0.1
8560,8560,Moyen,44,Grand Est,0.15,0.15,0.1,0.15,0.1
8561,8561,Moyenmoutier,44,Grand Est,0.15,0.15,0.1,0.15,0.1
8562,8562,Moyenneville,32,Hauts-de-france,0.15,0.15,0.1,0.15,0.1
8563,8563,Moyeuvre-Grande,44,Grand Est,0.15,0.15,0.1,0.15,0.1
8564,8564,Moyeuvre-Petite,44,Grand Est,0.15,0.15,0.1,0.15,0.1
8565,8565,Moyon,28,Normandie,0.15,0.15,0.1,0.15,0.1
8566,8566,Moyrazès,76,Occitanie,0.15,0.15,0.1,0.15,0.1
8567,8567,Moyvillers,32,Hauts-de-france,0.15,0.15,0.1,0.15,0.1
8568,8568,Mozac,84,Auvergne-rhône-alpes,0.15,0.15,0.1,0.15,0.1
8569,8569,Mozé-sur-Louet,52,Pays De La Loire,0.15,0.15,0.1,0.15,0.1
8570,8570,Moëlan-sur-Mer,53,Bretagne,0.15,0.15,0.1,0.15,0.1
8571,8571,Moëslains,44,Grand Est,0.15,0.15,0.1,0.15,0.1
8572,8572,Moëze,75,Nouvelle-aquitaine,0.15,0.15,0.1,0.15,0.1
8573,8573,Moûtiers,84,Auvergne-rhône-alpes,0.15,0.15,0.1,0.15,0.1
8574,8574,Mudaison,76,Occitanie,0.15,0.15,0.1,0.15,0.1
8575,8575,Muel,53,Bretagne,0.15,0.15,0.1,0.15,0.1
8576,8576,Muespach-le-Haut,44,Grand Est,0.15,0.15,0.1,0.15,0.1
8577,8577,Mugron,75,Nouvelle-aquitaine,0.15,0.15,0.1,0.15,0.1
8578,8578,Muhlbach-sur-Bruche,44,Grand Est,0.15,0.15,0.1,0.15,0.1
8579,8579,Muhlbach-sur-Munster,44,Grand Est,0.15,0.15,0.1,0.15,0.1
8580,8580,Muides-sur-Loire,24,Centre-val De Loire,0.15,0.15,0.1,0.15,0.1
8581,8581,Muids,28,Normandie,0.15,0.15,0.1,0.15,0.1
8582,8582,Muille-Villette,32,Hauts-de-france,0.15,0.15,0.1,0.15,0.1
8583,8583,Muirancourt,32,Hauts-de-france,0.15,0.15,0.1,0.15,0.1
8584,8584,Muizon,44,Grand Est,0.15,0.15,0.1,0.15,0.1
8585,8585,Mulhouse,44,Grand Est,0.15,0.15,0.1,0.15,0.1
8586,8586,Mulsanne,52,Pays De La Loire,0.15,0.15,0.1,0.15,0.1
8587,8587,Munchhouse,44,Grand Est,0.15,0.15,0.1,0.15,0.1
8588,8588,Mundolsheim,44,Grand Est,0.15,0.15,0.1,0.15,0.1
8589,8589,Muneville-le-Bingard,28,Normandie,0.15,0.15,0.1,0.15,0.1
8590,8590,Munster,44,Grand Est,0.15,0.15,0.1,0.15,0.1
8591,8591,Muntzenheim,44,Grand Est,0.15,0.15,0.1,0.15,0.1
8592,8592,Mur-de-Barrez,76,Occitanie,0.15,0.15,0.1,0.15,0.1
8593,8593,Mur-de-Sologne,24,Centre-val De Loire,0.15,0.15,0.1,0.15,0.1
8594,8594,Murat,84,Auvergne-rhône-alpes,0.15,0.15,0.1,0.15,0.1
8595,8595,Murat-sur-Vèbre,76,Occitanie,0.15,0.15,0.1,0.15,0.1
8596,8596,Murato,94,Corse,0.15,0.15,0.1,0.15,0.1
8597,8597,Muret,76,Occitanie,0.15,0.15,0.1,0.15,0.1
8598,8598,Murianette,84,Auvergne-rhône-alpes,0.15,0.15,0.1,0.15,0.1
8599,8599,Murol,84,Auvergne-rhône-alpes,0.15,0.15,0.1,0.15,0.1
8600,8600,Muron,75,Nouvelle-aquitaine,0.15,0.15,0.1,0.15,0.1
8601,8601,Murviel-lès-Béziers,76,Occitanie,0.15,0.15,0.1,0.15,0.1
8602,8602,Murviel-lès-Montpellier,76,Occitanie,0.15,0.15,0.1,0.15,0.1
8603,8603,Mus,76,Occitanie,0.15,0.15,0.1,0.15,0.1
8604,8604,Mussidan,75,Nouvelle-aquitaine,0.15,0.15,0.1,0.15,0.1
8605,8605,Mussig,44,Grand Est,0.15,0.15,0.1,0.15,0.1
8606,8606,Mussy-sur-Seine,44,Grand Est,0.15,0.15,0.1,0.15,0.1
8607,8607,Muttersholtz,44,Grand Est,0.15,0.15,0.1,0.15,0.1
8608,8608,Mutzig,44,Grand Est,0.15,0.15,0.1,0.15,0.1
8609,8609,Muzillac,53,Bretagne,0.15,0.15,0.1,0.15,0.1
8610,8610,Muzy,28,Normandie,0.15,0.15,0.1,0.15,0.1
8611,8611,Myans,84,Auvergne-rhône-alpes,0.15,0.15,0.1,0.15,0.1
8612,8612,Myennes,27,Bourgogne-franche-comté,0.15,0.15,0.1,0.15,0.1
8613,8613,Mâcon,27,Bourgogne-franche-comté,0.15,0.15,0.1,0.15,0.1
8614,8614,Mâcot-la-Plagne,84,Auvergne-rhône-alpes,0.15,0.15,0.1,0.15,0.1
8615,8615,Mâlain,27,Bourgogne-franche-comté,0.15,0.15,0.1,0.15,0.1
8616,8616,Mâle,28,Normandie,0.15,0.15,0.1,0.15,0.1
8617,8617,Mâron,24,Centre-val De Loire,0.15,0.15,0.1,0.15,0.1
8618,8618,Mèze,76,Occitanie,0.15,0.15,0.1,0.15,0.1
8619,8619,Méasnes,75,Nouvelle-aquitaine,0.15,0.15,0.1,0.15,0.1
8620,8620,Méaudre,84,Auvergne-rhône-alpes,0.15,0.15,0.1,0.15,0.1
8621,8621,Méaulte,32,Hauts-de-france,0.15,0.15,0.1,0.15,0.1
8622,8622,Méautis,28,Normandie,0.15,0.15,0.1,0.15,0.1
8623,8623,Mécleuves,44,Grand Est,0.15,0.15,0.1,0.15,0.1
8624,8624,Médan,11,Île-de-france,0.15,0.15,0.1,0.15,0.1
8625,8625,Médis,75,Nouvelle-aquitaine,0.15,0.15,0.1,0.15,0.1
8626,8626,Médréac,53,Bretagne,0.15,0.15,0.1,0.15,0.1
8627,8627,Mées,75,Nouvelle-aquitaine,0.15,0.15,0.1,0.15,0.1
8628,8628,Mégrit,53,Bretagne,0.15,0.15,0.1,0.15,0.1
8629,8629,Méharicourt,32,Hauts-de-france,0.15,0.15,0.1,0.15,0.1
8630,8630,Méjannes-lès-Alès,76,Occitanie,0.15,0.15,0.1,0.15,0.1
8631,8631,Mélamare,28,Normandie,0.15,0.15,0.1,0.15,0.1
8632,8632,Mélisey,27,Bourgogne-franche-comté,0.15,0.15,0.1,0.15,0.1
8633,8633,Ménerbes,93,Provence-alpes-côte D'azur,0.15,0.15,0.1,0.15,0.1
8634,8634,Ménesplet,75,Nouvelle-aquitaine,0.15,0.15,0.1,0.15,0.1
8635,8635,Ménestreau-en-Villette,24,Centre-val De Loire,0.15,0.15,0.1,0.15,0.1
8636,8636,Ménigoute,75,Nouvelle-aquitaine,0.15,0.15,0.1,0.15,0.1
8637,8637,Ménil,52,Pays De La Loire,0.15,0.15,0.1,0.15,0.1
8638,8638,Ménilles,28,Normandie,0.15,0.15,0.1,0.15,0.1
8639,8639,Ménéac,53,Bretagne,0.15,0.15,0.1,0.15,0.1
8640,8640,Ménétrol,84,Auvergne-rhône-alpes,0.15,0.15,0.1,0.15,0.1
8641,8641,Méounes-lès-Montrieux,93,Provence-alpes-côte D'azur,0.15,0.15,0.1,0.15,0.1
8642,8642,Méral,52,Pays De La Loire,0.15,0.15,0.1,0.15,0.1
8643,8643,Méreau,24,Centre-val De Loire,0.15,0.15,0.1,0.15,0.1
8644,8644,Méricourt,32,Hauts-de-france,0.15,0.15,0.1,0.15,0.1
8645,8645,Mériel,11,Île-de-france,0.15,0.15,0.1,0.15,0.1
8646,8646,Mérignac,75,Nouvelle-aquitaine,0.15,0.15,0.1,0.15,0.1
8647,8647,Mérignies,32,Hauts-de-france,0.15,0.15,0.1,0.15,0.1
8648,8648,Mérigny,24,Centre-val De Loire,0.15,0.15,0.1,0.15,0.1
8649,8649,Mérinchal,75,Nouvelle-aquitaine,0.15,0.15,0.1,0.15,0.1
8650,8650,Mérindol,93,Provence-alpes-côte D'azur,0.15,0.15,0.1,0.15,0.1
8651,8651,Méru,32,Hauts-de-france,0.15,0.15,0.1,0.15,0.1
8652,8652,Méry,84,Auvergne-rhône-alpes,0.15,0.15,0.1,0.15,0.1
8653,8653,Méry-Corbon,28,Normandie,0.15,0.15,0.1,0.15,0.1
8654,8654,Méry-la-Bataille,32,Hauts-de-france,0.15,0.15,0.1,0.15,0.1
8655,8655,Méry-sur-Cher,24,Centre-val De Loire,0.15,0.15,0.1,0.15,0.1
8656,8656,Méry-sur-Marne,11,Île-de-france,0.15,0.15,0.1,0.15,0.1
8657,8657,Méry-sur-Oise,11,Île-de-france,0.15,0.15,0.1,0.15,0.1
8658,8658,Méry-sur-Seine,44,Grand Est,0.15,0.15,0.1,0.15,0.1
8659,8659,Méry-ès-Bois,24,Centre-val De Loire,0.15,0.15,0.1,0.15,0.1
8660,8660,Méré,27,Bourgogne-franche-comté,0.15,0.15,0.1,0.15,0.1
8661,8661,Méréville,44,Grand Est,0.15,0.15,0.1,0.15,0.1
8662,8662,Mésanger,52,Pays De La Loire,0.15,0.15,0.1,0.15,0.1
8663,8663,Mésigny,84,Auvergne-rhône-alpes,0.15,0.15,0.1,0.15,0.1
8664,8664,Métabief,27,Bourgogne-franche-comté,0.15,0.15,0.1,0.15,0.1
8665,8665,Méteren,32,Hauts-de-france,0.15,0.15,0.1,0.15,0.1
8666,8666,Mévoisins,24,Centre-val De Loire,0.15,0.15,0.1,0.15,0.1
8667,8667,Mézangers,52,Pays De La Loire,0.15,0.15,0.1,0.15,0.1
8668,8668,Mézel,93,Provence-alpes-côte D'azur,0.15,0.15,0.1,0.15,0.1
8669,8669,Mézeray,52,Pays De La Loire,0.15,0.15,0.1,0.15,0.1
8670,8670,Mézilles,27,Bourgogne-franche-comté,0.15,0.15,0.1,0.15,0.1
8671,8671,Mézin,75,Nouvelle-aquitaine,0.15,0.15,0.1,0.15,0.1
8672,8672,Méziré,27,Bourgogne-franche-comté,0.15,0.15,0.1,0.15,0.1
8673,8673,Mézières-en-Brenne,24,Centre-val De Loire,0.15,0.15,0.1,0.15,0.1
8674,8674,Mézières-en-Drouais,24,Centre-val De Loire,0.15,0.15,0.1,0.15,0.1
8675,8675,Mézières-en-Santerre,32,Hauts-de-france,0.15,0.15,0.1,0.15,0.1
8676,8676,Mézières-en-Vexin,28,Normandie,0.15,0.15,0.1,0.15,0.1
8677,8677,Mézières-lez-Cléry,24,Centre-val De Loire,0.15,0.15,0.1,0.15,0.1
8678,8678,Mézières-sur-Couesnon,53,Bretagne,0.15,0.15,0.1,0.15,0.1
8679,8679,Mézières-sur-Issoire,75,Nouvelle-aquitaine,0.15,0.15,0.1,0.15,0.1
8680,8680,Mézières-sur-Oise,32,Hauts-de-france,0.15,0.15,0.1,0.15,0.1
8681,8681,Mézières-sur-Seine,11,Île-de-france,0.15,0.15,0.1,0.15,0.1
8682,8682,Mézos,75,Nouvelle-aquitaine,0.15,0.15,0.1,0.15,0.1
8683,8683,Mézy-sur-Seine,11,Île-de-france,0.15,0.15,0.1,0.15,0.1
8684,8684,Mézériat,84,Auvergne-rhône-alpes,0.15,0.15,0.1,0.15,0.1
8685,8685,Mûr-de-Bretagne,53,Bretagne,0.15,0.15,0.1,0.15,0.1
8686,8686,Mûres,84,Auvergne-rhône-alpes,0.15,0.15,0.1,0.15,0.1
8687,8687,Mûrs-Erigné,52,Pays De La Loire,0.15,0.15,0.1,0.15,0.1
8688,8688,Mœrnach,44,Grand Est,0.15,0.15,0.1,0.15,0.1
8689,8689,Nages-et-Solorgues,76,Occitanie,0.15,0.15,0.1,0.15,0.1
8690,8690,Naillat,75,Nouvelle-aquitaine,0.15,0.15,0.1,0.15,0.1
8691,8691,Nailloux,76,Occitanie,0.15,0.15,0.1,0.15,0.1
8692,8692,Naintré,75,Nouvelle-aquitaine,0.15,0.15,0.1,0.15,0.1
8693,8693,Nainville-les-Roches,11,Île-de-france,0.15,0.15,0.1,0.15,0.1
8694,8694,Naisey-les-Granges,27,Bourgogne-franche-comté,0.15,0.15,0.1,0.15,0.1
8695,8695,Naives-Rosières,44,Grand Est,0.15,0.15,0.1,0.15,0.1
8696,8696,Naizin,53,Bretagne,0.15,0.15,0.1,0.15,0.1
8697,8697,Najac,76,Occitanie,0.15,0.15,0.1,0.15,0.1
8698,8698,Nalliers,75,Nouvelle-aquitaine,0.15,0.15,0.1,0.15,0.1
8699,8699,Nancray,27,Bourgogne-franche-comté,0.15,0.15,0.1,0.15,0.1
8700,8700,Nancy,44,Grand Est,0.15,0.15,0.1,0.15,0.1
8701,8701,Nandax,84,Auvergne-rhône-alpes,0.15,0.15,0.1,0.15,0.1
8702,8702,Nandy,11,Île-de-france,0.15,0.15,0.1,0.15,0.1
8703,8703,Nangis,11,Île-de-france,0.15,0.15,0.1,0.15,0.1
8704,8704,Nangy,84,Auvergne-rhône-alpes,0.15,0.15,0.1,0.15,0.1
8705,8705,Nans-les-Pins,93,Provence-alpes-côte D'azur,0.15,0.15,0.1,0.15,0.1
8706,8706,Nant,76,Occitanie,0.15,0.15,0.1,0.15,0.1
8707,8707,Nanteau-sur-Lunain,11,Île-de-france,0.15,0.15,0.1,0.15,0.1
8708,8708,Nanterre,11,Île-de-france,0.15,0.15,0.1,0.15,0.1
8709,8709,Nantes,52,Pays De La Loire,0.15,0.15,0.1,0.15,0.1
8710,8710,Nanteuil,75,Nouvelle-aquitaine,0.15,0.15,0.1,0.15,0.1
8711,8711,Nanteuil-en-Vallée,75,Nouvelle-aquitaine,0.15,0.15,0.1,0.15,0.1
8712,8712,Nanteuil-le-Haudouin,32,Hauts-de-france,0.15,0.15,0.1,0.15,0.1
8713,8713,Nanteuil-lès-Meaux,11,Île-de-france,0.15,0.15,0.1,0.15,0.1
8714,8714,Nanteuil-sur-Marne,11,Île-de-france,0.15,0.15,0.1,0.15,0.1
8715,8715,Nantheuil,75,Nouvelle-aquitaine,0.15,0.15,0.1,0.15,0.1
8716,8716,Nantiat,75,Nouvelle-aquitaine,0.15,0.15,0.1,0.15,0.1
8717,8717,Nantilly,27,Bourgogne-franche-comté,0.15,0.15,0.1,0.15,0.1
8718,8718,Nanton,27,Bourgogne-franche-comté,0.15,0.15,0.1,0.15,0.1
8719,8719,Nantua,84,Auvergne-rhône-alpes,0.15,0.15,0.1,0.15,0.1
8720,8720,Nançay,24,Centre-val De Loire,0.15,0.15,0.1,0.15,0.1
8721,8721,Naours,32,Hauts-de-france,0.15,0.15,0.1,0.15,0.1
8722,8722,Narbonne,76,Occitanie,0.15,0.15,0.1,0.15,0.1
8723,8723,Narcastet,75,Nouvelle-aquitaine,0.15,0.15,0.1,0.15,0.1
8724,8724,Narcy,44,Grand Est,0.15,0.15,0.1,0.15,0.1
8725,8725,Nargis,24,Centre-val De Loire,0.15,0.15,0.1,0.15,0.1
8726,8726,Narrosse,75,Nouvelle-aquitaine,0.15,0.15,0.1,0.15,0.1
8727,8727,Nasbinals,76,Occitanie,0.15,0.15,0.1,0.15,0.1
8728,8728,Nassandres,28,Normandie,0.15,0.15,0.1,0.15,0.1
8729,8729,Nattages,84,Auvergne-rhône-alpes,0.15,0.15,0.1,0.15,0.1
8730,8730,Natzwiller,44,Grand Est,0.15,0.15,0.1,0.15,0.1
8731,8731,Naucelle,76,Occitanie,0.15,0.15,0.1,0.15,0.1
8732,8732,Naucelles,84,Auvergne-rhône-alpes,0.15,0.15,0.1,0.15,0.1
8733,8733,Naujac-sur-Mer,75,Nouvelle-aquitaine,0.15,0.15,0.1,0.15,0.1
8734,8734,Naujan-et-Postiac,75,Nouvelle-aquitaine,0.15,0.15,0.1,0.15,0.1
8735,8735,Nauroy,32,Hauts-de-france,0.15,0.15,0.1,0.15,0.1
8736,8736,Navailles-Angos,75,Nouvelle-aquitaine,0.15,0.15,0.1,0.15,0.1
8737,8737,Navarrenx,75,Nouvelle-aquitaine,0.15,0.15,0.1,0.15,0.1
8738,8738,Naveil,24,Centre-val De Loire,0.15,0.15,0.1,0.15,0.1
8739,8739,Navenne,27,Bourgogne-franche-comté,0.15,0.15,0.1,0.15,0.1
8740,8740,Naves,84,Auvergne-rhône-alpes,0.15,0.15,0.1,0.15,0.1
8741,8741,Navès,76,Occitanie,0.15,0.15,0.1,0.15,0.1
8742,8742,Nay,75,Nouvelle-aquitaine,0.15,0.15,0.1,0.15,0.1
8743,8743,Nayemont-les-Fosses,44,Grand Est,0.15,0.15,0.1,0.15,0.1
8744,8744,Nazelles-Négron,24,Centre-val De Loire,0.15,0.15,0.1,0.15,0.1
8745,8745,Neau,52,Pays De La Loire,0.15,0.15,0.1,0.15,0.1
8746,8746,Neaufles-Saint-Martin,28,Normandie,0.15,0.15,0.1,0.15,0.1
8747,8747,Neauphle-le-Château,11,Île-de-france,0.15,0.15,0.1,0.15,0.1
8748,8748,Neauphle-le-Vieux,11,Île-de-france,0.15,0.15,0.1,0.15,0.1
8749,8749,Neauphlette,11,Île-de-france,0.15,0.15,0.1,0.15,0.1
8750,8750,Nedde,75,Nouvelle-aquitaine,0.15,0.15,0.1,0.15,0.1
8751,8751,Neffes,93,Provence-alpes-côte D'azur,0.15,0.15,0.1,0.15,0.1
8752,8752,Neffiès,76,Occitanie,0.15,0.15,0.1,0.15,0.1
8753,8753,Nemours,11,Île-de-france,0.15,0.15,0.1,0.15,0.1
8754,8754,Nercillac,75,Nouvelle-aquitaine,0.15,0.15,0.1,0.15,0.1
8755,8755,Ners,76,Occitanie,0.15,0.15,0.1,0.15,0.1
8756,8756,Nersac,75,Nouvelle-aquitaine,0.15,0.15,0.1,0.15,0.1
8757,8757,Nervieux,84,Auvergne-rhône-alpes,0.15,0.15,0.1,0.15,0.1
8758,8758,Nerville-la-Forêt,11,Île-de-france,0.15,0.15,0.1,0.15,0.1
8759,8759,Neschers,84,Auvergne-rhône-alpes,0.15,0.15,0.1,0.15,0.1
8760,8760,Nesle,32,Hauts-de-france,0.15,0.15,0.1,0.15,0.1
8761,8761,Nesles,32,Hauts-de-france,0.15,0.15,0.1,0.15,0.1
8762,8762,Nesles-la-Montagne,32,Hauts-de-france,0.15,0.15,0.1,0.15,0.1
8763,8763,Nesles-la-Vallée,11,Île-de-france,0.15,0.15,0.1,0.15,0.1
8764,8764,Nesmy,52,Pays De La Loire,0.15,0.15,0.1,0.15,0.1
8765,8765,Nespouls,75,Nouvelle-aquitaine,0.15,0.15,0.1,0.15,0.1
8766,8766,Neubois,44,Grand Est,0.15,0.15,0.1,0.15,0.1
8767,8767,Neuf-Berquin,32,Hauts-de-france,0.15,0.15,0.1,0.15,0.1
8768,8768,Neuf-Brisach,44,Grand Est,0.15,0.15,0.1,0.15,0.1
8769,8769,Neufchef,44,Grand Est,0.15,0.15,0.1,0.15,0.1
8770,8770,Neufchâteau,44,Grand Est,0.15,0.15,0.1,0.15,0.1
8771,8771,Neufchâtel-Hardelot,32,Hauts-de-france,0.15,0.15,0.1,0.15,0.1
8772,8772,Neufchâtel-en-Bray,28,Normandie,0.15,0.15,0.1,0.15,0.1
8773,8773,Neufchâtel-en-Saosnois,52,Pays De La Loire,0.15,0.15,0.1,0.15,0.1
8774,8774,Neufchâtel-sur-Aisne,32,Hauts-de-france,0.15,0.15,0.1,0.15,0.1
8775,8775,Neufgrange,44,Grand Est,0.15,0.15,0.1,0.15,0.1
8776,8776,Neuflize,44,Grand Est,0.15,0.15,0.1,0.15,0.1
8777,8777,Neufmanil,44,Grand Est,0.15,0.15,0.1,0.15,0.1
8778,8778,Neufmoutiers-en-Brie,11,Île-de-france,0.15,0.15,0.1,0.15,0.1
8779,8779,Neuillay-les-Bois,24,Centre-val De Loire,0.15,0.15,0.1,0.15,0.1
8780,8780,Neuilly-Plaisance,11,Île-de-france,0.15,0.15,0.1,0.15,0.1
8781,8781,Neuilly-Saint-Front,32,Hauts-de-france,0.15,0.15,0.1,0.15,0.1
8782,8782,Neuilly-en-Thelle,32,Hauts-de-france,0.15,0.15,0.1,0.15,0.1
8783,8783,Neuilly-le-Réal,84,Auvergne-rhône-alpes,0.15,0.15,0.1,0.15,0.1
8784,8784,Neuilly-lès-Dijon,27,Bourgogne-franche-comté,0.15,0.15,0.1,0.15,0.1
8785,8785,Neuilly-sous-Clermont,32,Hauts-de-france,0.15,0.15,0.1,0.15,0.1
8786,8786,Neuilly-sur-Eure,28,Normandie,0.15,0.15,0.1,0.15,0.1
8787,8787,Neuilly-sur-Marne,11,Île-de-france,0.15,0.15,0.1,0.15,0.1
8788,8788,Neuilly-sur-Seine,11,Île-de-france,0.15,0.15,0.1,0.15,0.1
8789,8789,Neuillé,52,Pays De La Loire,0.15,0.15,0.1,0.15,0.1
8790,8790,Neuillé-Pont-Pierre,24,Centre-val De Loire,0.15,0.15,0.1,0.15,0.1
8791,8791,Neuillé-le-Lierre,24,Centre-val De Loire,0.15,0.15,0.1,0.15,0.1
8792,8792,Neulise,84,Auvergne-rhône-alpes,0.15,0.15,0.1,0.15,0.1
8793,8793,Neulliac,53,Bretagne,0.15,0.15,0.1,0.15,0.1
8794,8794,Neung-sur-Beuvron,24,Centre-val De Loire,0.15,0.15,0.1,0.15,0.1
8795,8795,Neussargues,,MISSING,0.15,0.15,0.1,0.15,0.1
8796,8796,Neuve-Chapelle,32,Hauts-de-france,0.15,0.15,0.1,0.15,0.1
8797,8797,Neuve-Maison,32,Hauts-de-france,0.15,0.15,0.1,0.15,0.1
8798,8798,Neuve-Église,44,Grand Est,0.15,0.15,0.1,0.15,0.1
8799,8799,Neuvecelle,84,Auvergne-rhône-alpes,0.15,0.15,0.1,0.15,0.1
8800,8800,Neuves-Maisons,44,Grand Est,0.15,0.15,0.1,0.15,0.1
8801,8801,Neuvic,75,Nouvelle-aquitaine,0.15,0.15,0.1,0.15,0.1
8802,8802,Neuvic-Entier,75,Nouvelle-aquitaine,0.15,0.15,0.1,0.15,0.1
8803,8803,Neuville-Coppegueule,32,Hauts-de-france,0.15,0.15,0.1,0.15,0.1
8804,8804,Neuville-Ferrières,28,Normandie,0.15,0.15,0.1,0.15,0.1
8805,8805,Neuville-Saint-Amand,32,Hauts-de-france,0.15,0.15,0.1,0.15,0.1
8806,8806,Neuville-Saint-Rémy,32,Hauts-de-france,0.15,0.15,0.1,0.15,0.1
8807,8807,Neuville-Saint-Vaast,32,Hauts-de-france,0.15,0.15,0.1,0.15,0.1
8808,8808,Neuville-Vitasse,32,Hauts-de-france,0.15,0.15,0.1,0.15,0.1
8809,8809,Neuville-aux-Bois,24,Centre-val De Loire,0.15,0.15,0.1,0.15,0.1
8810,8810,Neuville-de-Poitou,75,Nouvelle-aquitaine,0.15,0.15,0.1,0.15,0.1
8811,8811,Neuville-en-Ferrain,32,Hauts-de-france,0.15,0.15,0.1,0.15,0.1
8812,8812,Neuville-les-Dames,84,Auvergne-rhône-alpes,0.15,0.15,0.1,0.15,0.1
8813,8813,Neuville-sous-Montreuil,32,Hauts-de-france,0.15,0.15,0.1,0.15,0.1
8814,8814,Neuville-sur-Ain,84,Auvergne-rhône-alpes,0.15,0.15,0.1,0.15,0.1
8815,8815,Neuville-sur-Brenne,24,Centre-val De Loire,0.15,0.15,0.1,0.15,0.1
8816,8816,Neuville-sur-Escaut,32,Hauts-de-france,0.15,0.15,0.1,0.15,0.1
8817,8817,Neuville-sur-Oise,11,Île-de-france,0.15,0.15,0.1,0.15,0.1
8818,8818,Neuville-sur-Sarthe,52,Pays De La Loire,0.15,0.15,0.1,0.15,0.1
8819,8819,Neuville-sur-Saône,84,Auvergne-rhône-alpes,0.15,0.15,0.1,0.15,0.1
8820,8820,Neuvilly,32,Hauts-de-france,0.15,0.15,0.1,0.15,0.1
8821,8821,Neuvy,84,Auvergne-rhône-alpes,0.15,0.15,0.1,0.15,0.1
8822,8822,Neuvy-Bouin,75,Nouvelle-aquitaine,0.15,0.15,0.1,0.15,0.1
8823,8823,Neuvy-Grandchamp,27,Bourgogne-franche-comté,0.15,0.15,0.1,0.15,0.1
8824,8824,Neuvy-Pailloux,24,Centre-val De Loire,0.15,0.15,0.1,0.15,0.1
8825,8825,Neuvy-Saint-Sépulchre,24,Centre-val De Loire,0.15,0.15,0.1,0.15,0.1
8826,8826,Neuvy-Sautour,27,Bourgogne-franche-comté,0.15,0.15,0.1,0.15,0.1
8827,8827,Neuvy-en-Mauges,52,Pays De La Loire,0.15,0.15,0.1,0.15,0.1
8828,8828,Neuvy-en-Sullias,24,Centre-val De Loire,0.15,0.15,0.1,0.15,0.1
8829,8829,Neuvy-le-Roi,24,Centre-val De Loire,0.15,0.15,0.1,0.15,0.1
8830,8830,Neuvy-sur-Barangeon,24,Centre-val De Loire,0.15,0.15,0.1,0.15,0.1
8831,8831,Neuvy-sur-Loire,27,Bourgogne-franche-comté,0.15,0.15,0.1,0.15,0.1
8832,8832,Neuvéglise,84,Auvergne-rhône-alpes,0.15,0.15,0.1,0.15,0.1
8833,8833,Neuwiller,44,Grand Est,0.15,0.15,0.1,0.15,0.1
8834,8834,Neuwiller-lès-Saverne,44,Grand Est,0.15,0.15,0.1,0.15,0.1
8835,8835,Nevers,27,Bourgogne-franche-comté,0.15,0.15,0.1,0.15,0.1
8836,8836,Nevoy,24,Centre-val De Loire,0.15,0.15,0.1,0.15,0.1
8837,8837,Nexon,75,Nouvelle-aquitaine,0.15,0.15,0.1,0.15,0.1
8838,8838,Ney,27,Bourgogne-franche-comté,0.15,0.15,0.1,0.15,0.1
8839,8839,Neydens,84,Auvergne-rhône-alpes,0.15,0.15,0.1,0.15,0.1
8840,8840,Nibas,32,Hauts-de-france,0.15,0.15,0.1,0.15,0.1
8841,8841,Nibelle,24,Centre-val De Loire,0.15,0.15,0.1,0.15,0.1
8842,8842,Nice,93,Provence-alpes-côte D'azur,0.15,0.15,0.1,0.15,0.1
8843,8843,Niderviller,44,Grand Est,0.15,0.15,0.1,0.15,0.1
8844,8844,Niederbronn-les-Bains,44,Grand Est,0.15,0.15,0.1,0.15,0.1
8845,8845,Niederhaslach,44,Grand Est,0.15,0.15,0.1,0.15,0.1
8846,8846,Niederhausbergen,44,Grand Est,0.15,0.15,0.1,0.15,0.1
8847,8847,Niederhergheim,44,Grand Est,0.15,0.15,0.1,0.15,0.1
8848,8848,Niedermodern,44,Grand Est,0.15,0.15,0.1,0.15,0.1
8849,8849,Niedermorschwihr,44,Grand Est,0.15,0.15,0.1,0.15,0.1
8850,8850,Niedernai,44,Grand Est,0.15,0.15,0.1,0.15,0.1
8851,8851,Niederschaeffolsheim,44,Grand Est,0.15,0.15,0.1,0.15,0.1
8852,8852,Nielles-lès-Bléquin,32,Hauts-de-france,0.15,0.15,0.1,0.15,0.1
8853,8853,Nieppe,32,Hauts-de-france,0.15,0.15,0.1,0.15,0.1
8854,8854,Niergnies,32,Hauts-de-france,0.15,0.15,0.1,0.15,0.1
8855,8855,Nieuil,75,Nouvelle-aquitaine,0.15,0.15,0.1,0.15,0.1
8856,8856,Nieul,75,Nouvelle-aquitaine,0.15,0.15,0.1,0.15,0.1
8857,8857,Nieul-le-Dolent,52,Pays De La Loire,0.15,0.15,0.1,0.15,0.1
8858,8858,Nieul-le-Virouil,75,Nouvelle-aquitaine,0.15,0.15,0.1,0.15,0.1
8859,8859,Nieul-lès-Saintes,75,Nouvelle-aquitaine,0.15,0.15,0.1,0.15,0.1
8860,8860,Nieul-sur-Mer,75,Nouvelle-aquitaine,0.15,0.15,0.1,0.15,0.1
8861,8861,Nieulle-sur-Seudre,75,Nouvelle-aquitaine,0.15,0.15,0.1,0.15,0.1
8862,8862,Nieurlet,32,Hauts-de-france,0.15,0.15,0.1,0.15,0.1
8863,8863,Niffer,44,Grand Est,0.15,0.15,0.1,0.15,0.1
8864,8864,Niherne,24,Centre-val De Loire,0.15,0.15,0.1,0.15,0.1
8865,8865,Nilvange,44,Grand Est,0.15,0.15,0.1,0.15,0.1
8866,8866,Niort,75,Nouvelle-aquitaine,0.15,0.15,0.1,0.15,0.1
8867,8867,Nissan-lez-Enserune,76,Occitanie,0.15,0.15,0.1,0.15,0.1
8868,8868,Nitting,44,Grand Est,0.15,0.15,0.1,0.15,0.1
8869,8869,Nivillac,53,Bretagne,0.15,0.15,0.1,0.15,0.1
8870,8870,Nivolas-Vermelle,84,Auvergne-rhône-alpes,0.15,0.15,0.1,0.15,0.1
8871,8871,Nizas,76,Occitanie,0.15,0.15,0.1,0.15,0.1
8872,8872,Niévroz,84,Auvergne-rhône-alpes,0.15,0.15,0.1,0.15,0.1
8873,8873,Noailhac,76,Occitanie,0.15,0.15,0.1,0.15,0.1
8874,8874,Noaillan,75,Nouvelle-aquitaine,0.15,0.15,0.1,0.15,0.1
8875,8875,Noailles,76,Occitanie,0.15,0.15,0.1,0.15,0.1
8876,8876,Noailly,84,Auvergne-rhône-alpes,0.15,0.15,0.1,0.15,0.1
8877,8877,Nocé,28,Normandie,0.15,0.15,0.1,0.15,0.1
8878,8878,Nogaro,76,Occitanie,0.15,0.15,0.1,0.15,0.1
8879,8879,Nogent-le-Bernard,52,Pays De La Loire,0.15,0.15,0.1,0.15,0.1
8880,8880,Nogent-le-Phaye,24,Centre-val De Loire,0.15,0.15,0.1,0.15,0.1
8881,8881,Nogent-le-Roi,24,Centre-val De Loire,0.15,0.15,0.1,0.15,0.1
8882,8882,Nogent-le-Rotrou,24,Centre-val De Loire,0.15,0.15,0.1,0.15,0.1
8883,8883,Nogent-sur-Marne,11,Île-de-france,0.15,0.15,0.1,0.15,0.1
8884,8884,Nogent-sur-Oise,32,Hauts-de-france,0.15,0.15,0.1,0.15,0.1
8885,8885,Nogent-sur-Seine,44,Grand Est,0.15,0.15,0.1,0.15,0.1
8886,8886,Nogent-sur-Vernisson,24,Centre-val De Loire,0.15,0.15,0.1,0.15,0.1
8887,8887,Nogentel,32,Hauts-de-france,0.15,0.15,0.1,0.15,0.1
8888,8888,Nohanent,84,Auvergne-rhône-alpes,0.15,0.15,0.1,0.15,0.1
8889,8889,Nohic,76,Occitanie,0.15,0.15,0.1,0.15,0.1
8890,8890,Noidans-le-Ferroux,27,Bourgogne-franche-comté,0.15,0.15,0.1,0.15,0.1
8891,8891,Noidans-lès-Vesoul,27,Bourgogne-franche-comté,0.15,0.15,0.1,0.15,0.1
8892,8892,Nointel,32,Hauts-de-france,0.15,0.15,0.1,0.15,0.1
8893,8893,Nointot,28,Normandie,0.15,0.15,0.1,0.15,0.1
8894,8894,Noiron-sous-Gevrey,27,Bourgogne-franche-comté,0.15,0.15,0.1,0.15,0.1
8895,8895,Noirétable,84,Auvergne-rhône-alpes,0.15,0.15,0.1,0.15,0.1
8896,8896,Noiseau,11,Île-de-france,0.15,0.15,0.1,0.15,0.1
8897,8897,Noisiel,11,Île-de-france,0.15,0.15,0.1,0.15,0.1
8898,8898,Noisseville,44,Grand Est,0.15,0.15,0.1,0.15,0.1
8899,8899,Noisy-Rudignon,11,Île-de-france,0.15,0.15,0.1,0.15,0.1
8900,8900,Noisy-le-Grand,11,Île-de-france,0.15,0.15,0.1,0.15,0.1
8901,8901,Noisy-le-Roi,11,Île-de-france,0.15,0.15,0.1,0.15,0.1
8902,8902,Noisy-le-Sec,11,Île-de-france,0.15,0.15,0.1,0.15,0.1
8903,8903,Noisy-sur-Oise,11,Île-de-france,0.15,0.15,0.1,0.15,0.1
8904,8904,Noisy-sur-École,11,Île-de-france,0.15,0.15,0.1,0.15,0.1
8905,8905,Noizay,24,Centre-val De Loire,0.15,0.15,0.1,0.15,0.1
8906,8906,Nolay,27,Bourgogne-franche-comté,0.15,0.15,0.1,0.15,0.1
8907,8907,Nomain,32,Hauts-de-france,0.15,0.15,0.1,0.15,0.1
8908,8908,Nomeny,44,Grand Est,0.15,0.15,0.1,0.15,0.1
8909,8909,Nomexy,44,Grand Est,0.15,0.15,0.1,0.15,0.1
8910,8910,Nommay,27,Bourgogne-franche-comté,0.15,0.15,0.1,0.15,0.1
8911,8911,Nompatelize,44,Grand Est,0.15,0.15,0.1,0.15,0.1
8912,8912,Nonancourt,28,Normandie,0.15,0.15,0.1,0.15,0.1
8913,8913,Nonant-le-Pin,28,Normandie,0.15,0.15,0.1,0.15,0.1
8914,8914,Nonglard,84,Auvergne-rhône-alpes,0.15,0.15,0.1,0.15,0.1
8915,8915,Nontron,75,Nouvelle-aquitaine,0.15,0.15,0.1,0.15,0.1
8916,8916,Nonville,44,Grand Est,0.15,0.15,0.1,0.15,0.1
8917,8917,Noordpeene,32,Hauts-de-france,0.15,0.15,0.1,0.15,0.1
8918,8918,Nordausques,32,Hauts-de-france,0.15,0.15,0.1,0.15,0.1
8919,8919,Nordheim,44,Grand Est,0.15,0.15,0.1,0.15,0.1
8920,8920,Nordhouse,44,Grand Est,0.15,0.15,0.1,0.15,0.1
8921,8921,Norges-la-Ville,27,Bourgogne-franche-comté,0.15,0.15,0.1,0.15,0.1
8922,8922,Normanville,28,Normandie,0.15,0.15,0.1,0.15,0.1
8923,8923,Norrent-Fontes,32,Hauts-de-france,0.15,0.15,0.1,0.15,0.1
8924,8924,Norroy-le-Veneur,44,Grand Est,0.15,0.15,0.1,0.15,0.1
8925,8925,Norroy-lès-Pont-à-Mousson,44,Grand Est,0.15,0.15,0.1,0.15,0.1
8926,8926,Nort-sur-Erdre,52,Pays De La Loire,0.15,0.15,0.1,0.15,0.1
8927,8927,Nortkerque,32,Hauts-de-france,0.15,0.15,0.1,0.15,0.1
8928,8928,Norville,28,Normandie,0.15,0.15,0.1,0.15,0.1
8929,8929,Nostang,53,Bretagne,0.15,0.15,0.1,0.15,0.1
8930,8930,Notre-Dame-de-Bellecombe,84,Auvergne-rhône-alpes,0.15,0.15,0.1,0.15,0.1
8931,8931,Notre-Dame-de-Bliquetuit,28,Normandie,0.15,0.15,0.1,0.15,0.1
8932,8932,Notre-Dame-de-Boisset,84,Auvergne-rhône-alpes,0.15,0.15,0.1,0.15,0.1
8933,8933,Notre-Dame-de-Bondeville,28,Normandie,0.15,0.15,0.1,0.15,0.1
8934,8934,Notre-Dame-de-Cenilly,28,Normandie,0.15,0.15,0.1,0.15,0.1
8935,8935,Notre-Dame-de-Gravenchon,28,Normandie,0.15,0.15,0.1,0.15,0.1
8936,8936,Notre-Dame-de-Monts,52,Pays De La Loire,0.15,0.15,0.1,0.15,0.1
8937,8937,Notre-Dame-de-Mésage,84,Auvergne-rhône-alpes,0.15,0.15,0.1,0.15,0.1
8938,8938,Notre-Dame-de-Riez,52,Pays De La Loire,0.15,0.15,0.1,0.15,0.1
8939,8939,Notre-Dame-de-Sanilhac,75,Nouvelle-aquitaine,0.15,0.15,0.1,0.15,0.1
8940,8940,Notre-Dame-des-Landes,52,Pays De La Loire,0.15,0.15,0.1,0.15,0.1
8941,8941,Notre-Dame-des-Millières,84,Auvergne-rhône-alpes,0.15,0.15,0.1,0.15,0.1
8942,8942,Notre-Dame-du-Touchet,28,Normandie,0.15,0.15,0.1,0.15,0.1
8943,8943,Nouaillé-Maupertuis,75,Nouvelle-aquitaine,0.15,0.15,0.1,0.15,0.1
8944,8944,Nouainville,28,Normandie,0.15,0.15,0.1,0.15,0.1
8945,8945,Nouan-le-Fuzelier,24,Centre-val De Loire,0.15,0.15,0.1,0.15,0.1
8946,8946,Nouans-les-Fontaines,24,Centre-val De Loire,0.15,0.15,0.1,0.15,0.1
8947,8947,Nouic,75,Nouvelle-aquitaine,0.15,0.15,0.1,0.15,0.1
8948,8948,Nousseviller-Saint-Nabor,44,Grand Est,0.15,0.15,0.1,0.15,0.1
8949,8949,Nousty,75,Nouvelle-aquitaine,0.15,0.15,0.1,0.15,0.1
8950,8950,Nouvion,32,Hauts-de-france,0.15,0.15,0.1,0.15,0.1
8951,8951,Nouvion-et-Catillon,32,Hauts-de-france,0.15,0.15,0.1,0.15,0.1
8952,8952,Nouvion-sur-Meuse,44,Grand Est,0.15,0.15,0.1,0.15,0.1
8953,8953,Nouvoitou,53,Bretagne,0.15,0.15,0.1,0.15,0.1
8954,8954,Nouzilly,24,Centre-val De Loire,0.15,0.15,0.1,0.15,0.1
8955,8955,Nouzonville,44,Grand Est,0.15,0.15,0.1,0.15,0.1
8956,8956,Nouâtre,24,Centre-val De Loire,0.15,0.15,0.1,0.15,0.1
8957,8957,Novalaise,84,Auvergne-rhône-alpes,0.15,0.15,0.1,0.15,0.1
8958,8958,Noves,93,Provence-alpes-côte D'azur,0.15,0.15,0.1,0.15,0.1
8959,8959,Novillars,27,Bourgogne-franche-comté,0.15,0.15,0.1,0.15,0.1
8960,8960,Novy-Chevrières,44,Grand Est,0.15,0.15,0.1,0.15,0.1
8961,8961,Novéant-sur-Moselle,44,Grand Est,0.15,0.15,0.1,0.15,0.1
8962,8962,Noyal,53,Bretagne,0.15,0.15,0.1,0.15,0.1
8963,8963,Noyal-Muzillac,53,Bretagne,0.15,0.15,0.1,0.15,0.1
8964,8964,Noyal-Pontivy,53,Bretagne,0.15,0.15,0.1,0.15,0.1
8965,8965,Noyal-sur-Brutz,52,Pays De La Loire,0.15,0.15,0.1,0.15,0.1
8966,8966,Noyal-sur-Vilaine,53,Bretagne,0.15,0.15,0.1,0.15,0.1
8967,8967,Noyalo,53,Bretagne,0.15,0.15,0.1,0.15,0.1
8968,8968,Noyant,52,Pays De La Loire,0.15,0.15,0.1,0.15,0.1
8969,8969,Noyant-de-Touraine,24,Centre-val De Loire,0.15,0.15,0.1,0.15,0.1
8970,8970,Noyant-la-Gravoyère,52,Pays De La Loire,0.15,0.15,0.1,0.15,0.1
8971,8971,Noyarey,84,Auvergne-rhône-alpes,0.15,0.15,0.1,0.15,0.1
8972,8972,Noyelles-Godault,32,Hauts-de-france,0.15,0.15,0.1,0.15,0.1
8973,8973,Noyelles-lès-Seclin,32,Hauts-de-france,0.15,0.15,0.1,0.15,0.1
8974,8974,Noyelles-lès-Vermelles,32,Hauts-de-france,0.15,0.15,0.1,0.15,0.1
8975,8975,Noyelles-sous-Bellonne,32,Hauts-de-france,0.15,0.15,0.1,0.15,0.1
8976,8976,Noyelles-sous-Lens,32,Hauts-de-france,0.15,0.15,0.1,0.15,0.1
8977,8977,Noyelles-sur-Escaut,32,Hauts-de-france,0.15,0.15,0.1,0.15,0.1
8978,8978,Noyelles-sur-Mer,32,Hauts-de-france,0.15,0.15,0.1,0.15,0.1
8979,8979,Noyelles-sur-Selle,32,Hauts-de-france,0.15,0.15,0.1,0.15,0.1
8980,8980,Noyen-sur-Sarthe,52,Pays De La Loire,0.15,0.15,0.1,0.15,0.1
8981,8981,Noyers,44,Grand Est,0.15,0.15,0.1,0.15,0.1
8982,8982,Noyers-Bocage,28,Normandie,0.15,0.15,0.1,0.15,0.1
8983,8983,Noyers-Pont-Maugis,44,Grand Est,0.15,0.15,0.1,0.15,0.1
8984,8984,Noyers-Saint-Martin,32,Hauts-de-france,0.15,0.15,0.1,0.15,0.1
8985,8985,Noyers-sur-Cher,24,Centre-val De Loire,0.15,0.15,0.1,0.15,0.1
8986,8986,Noyon,32,Hauts-de-france,0.15,0.15,0.1,0.15,0.1
8987,8987,Nozay,52,Pays De La Loire,0.15,0.15,0.1,0.15,0.1
8988,8988,Noé,76,Occitanie,0.15,0.15,0.1,0.15,0.1
8989,8989,Nuaillé,52,Pays De La Loire,0.15,0.15,0.1,0.15,0.1
8990,8990,Nucourt,11,Île-de-france,0.15,0.15,0.1,0.15,0.1
8991,8991,Nueil-les-Aubiers,75,Nouvelle-aquitaine,0.15,0.15,0.1,0.15,0.1
8992,8992,Nueil-sur-Layon,52,Pays De La Loire,0.15,0.15,0.1,0.15,0.1
8993,8993,Nuelles,84,Auvergne-rhône-alpes,0.15,0.15,0.1,0.15,0.1
8994,8994,Nuillé-sur-Vicoin,52,Pays De La Loire,0.15,0.15,0.1,0.15,0.1
8995,8995,Nuits-Saint-Georges,27,Bourgogne-franche-comté,0.15,0.15,0.1,0.15,0.1
8996,8996,Nyoiseau,52,Pays De La Loire,0.15,0.15,0.1,0.15,0.1
8997,8997,Nyons,84,Auvergne-rhône-alpes,0.15,0.15,0.1,0.15,0.1
8998,8998,Nâves-Parmelan,84,Auvergne-rhône-alpes,0.15,0.15,0.1,0.15,0.1
8999,8999,Nègrepelisse,76,Occitanie,0.15,0.15,0.1,0.15,0.1
9000,9000,Néant-sur-Yvel,53,Bretagne,0.15,0.15,0.1,0.15,0.1
9001,9001,Nébian,76,Occitanie,0.15,0.15,0.1,0.15,0.1
9002,9002,Nébouzat,84,Auvergne-rhône-alpes,0.15,0.15,0.1,0.15,0.1
9003,9003,Néfiach,76,Occitanie,0.15,0.15,0.1,0.15,0.1
9004,9004,Négreville,28,Normandie,0.15,0.15,0.1,0.15,0.1
9005,9005,Négrondes,75,Nouvelle-aquitaine,0.15,0.15,0.1,0.15,0.1
9006,9006,Néoules,93,Provence-alpes-côte D'azur,0.15,0.15,0.1,0.15,0.1
9007,9007,Nérac,75,Nouvelle-aquitaine,0.15,0.15,0.1,0.15,0.1
9008,9008,Nérigean,75,Nouvelle-aquitaine,0.15,0.15,0.1,0.15,0.1
9009,9009,Néris-les-Bains,84,Auvergne-rhône-alpes,0.15,0.15,0.1,0.15,0.1
9010,9010,Néronde,84,Auvergne-rhône-alpes,0.15,0.15,0.1,0.15,0.1
9011,9011,Nérondes,24,Centre-val De Loire,0.15,0.15,0.1,0.15,0.1
9012,9012,Néry,32,Hauts-de-france,0.15,0.15,0.1,0.15,0.1
9013,9013,Néré,75,Nouvelle-aquitaine,0.15,0.15,0.1,0.15,0.1
9014,9014,Névez,53,Bretagne,0.15,0.15,0.1,0.15,0.1
9015,9015,Névian,76,Occitanie,0.15,0.15,0.1,0.15,0.1
9016,9016,Néville,28,Normandie,0.15,0.15,0.1,0.15,0.1
9017,9017,Nézel,11,Île-de-france,0.15,0.15,0.1,0.15,0.1
9018,9018,Nîmes,76,Occitanie,0.15,0.15,0.1,0.15,0.1
9019,9019,Nœux-les-Mines,32,Hauts-de-france,0.15,0.15,0.1,0.15,0.1
9020,9020,Obenheim,44,Grand Est,0.15,0.15,0.1,0.15,0.1
9021,9021,Oberbronn,44,Grand Est,0.15,0.15,0.1,0.15,0.1
9022,9022,Oberdorf,44,Grand Est,0.15,0.15,0.1,0.15,0.1
9023,9023,Oberentzen,44,Grand Est,0.15,0.15,0.1,0.15,0.1
9024,9024,Oberhaslach,44,Grand Est,0.15,0.15,0.1,0.15,0.1
9025,9025,Oberhausbergen,44,Grand Est,0.15,0.15,0.1,0.15,0.1
9026,9026,Oberhergheim,44,Grand Est,0.15,0.15,0.1,0.15,0.1
9027,9027,Oberhoffen-sur-Moder,44,Grand Est,0.15,0.15,0.1,0.15,0.1
9028,9028,Obermodern-Zutzendorf,44,Grand Est,0.15,0.15,0.1,0.15,0.1
9029,9029,Obernai,44,Grand Est,0.15,0.15,0.1,0.15,0.1
9030,9030,Obersaasheim,44,Grand Est,0.15,0.15,0.1,0.15,0.1
9031,9031,Oberschaeffolsheim,44,Grand Est,0.15,0.15,0.1,0.15,0.1
9032,9032,Obies,32,Hauts-de-france,0.15,0.15,0.1,0.15,0.1
9033,9033,Objat,75,Nouvelle-aquitaine,0.15,0.15,0.1,0.15,0.1
9034,9034,Occagnes,28,Normandie,0.15,0.15,0.1,0.15,0.1
9035,9035,Octeville,,MISSING,0.15,0.15,0.1,0.15,0.1
9036,9036,Octeville-sur-Mer,28,Normandie,0.15,0.15,0.1,0.15,0.1
9037,9037,Odars,76,Occitanie,0.15,0.15,0.1,0.15,0.1
9038,9038,Odenas,84,Auvergne-rhône-alpes,0.15,0.15,0.1,0.15,0.1
9039,9039,Oderen,44,Grand Est,0.15,0.15,0.1,0.15,0.1
9040,9040,Odomez,32,Hauts-de-france,0.15,0.15,0.1,0.15,0.1
9041,9041,Odos,76,Occitanie,0.15,0.15,0.1,0.15,0.1
9042,9042,Oermingen,44,Grand Est,0.15,0.15,0.1,0.15,0.1
9043,9043,Oeyreluy,75,Nouvelle-aquitaine,0.15,0.15,0.1,0.15,0.1
9044,9044,Offekerque,32,Hauts-de-france,0.15,0.15,0.1,0.15,0.1
9045,9045,Offemont,27,Bourgogne-franche-comté,0.15,0.15,0.1,0.15,0.1
9046,9046,Offenheim,,MISSING,0.15,0.15,0.1,0.15,0.1
9047,9047,Offranville,28,Normandie,0.15,0.15,0.1,0.15,0.1
9048,9048,Offwiller,44,Grand Est,0.15,0.15,0.1,0.15,0.1
9049,9049,Oger,44,Grand Est,0.15,0.15,0.1,0.15,0.1
9050,9050,Ogeu-les-Bains,75,Nouvelle-aquitaine,0.15,0.15,0.1,0.15,0.1
9051,9051,Ognes,44,Grand Est,0.15,0.15,0.1,0.15,0.1
9052,9052,Ohlungen,44,Grand Est,0.15,0.15,0.1,0.15,0.1
9053,9053,Ohnenheim,44,Grand Est,0.15,0.15,0.1,0.15,0.1
9054,9054,Oignies,32,Hauts-de-france,0.15,0.15,0.1,0.15,0.1
9055,9055,Oingt,84,Auvergne-rhône-alpes,0.15,0.15,0.1,0.15,0.1
9056,9056,Oinville-sur-Montcient,11,Île-de-france,0.15,0.15,0.1,0.15,0.1
9057,9057,Oiron,75,Nouvelle-aquitaine,0.15,0.15,0.1,0.15,0.1
9058,9058,Oiry,44,Grand Est,0.15,0.15,0.1,0.15,0.1
9059,9059,Oisemont,32,Hauts-de-france,0.15,0.15,0.1,0.15,0.1
9060,9060,Oisseau,52,Pays De La Loire,0.15,0.15,0.1,0.15,0.1
9061,9061,Oisseau-le-Petit,52,Pays De La Loire,0.15,0.15,0.1,0.15,0.1
9062,9062,Oissel,28,Normandie,0.15,0.15,0.1,0.15,0.1
9063,9063,Oissery,11,Île-de-france,0.15,0.15,0.1,0.15,0.1
9064,9064,Oisy-le-Verger,32,Hauts-de-france,0.15,0.15,0.1,0.15,0.1
9065,9065,Oizon,24,Centre-val De Loire,0.15,0.15,0.1,0.15,0.1
9066,9066,Oizé,52,Pays De La Loire,0.15,0.15,0.1,0.15,0.1
9067,9067,Olargues,76,Occitanie,0.15,0.15,0.1,0.15,0.1
9068,9068,Olby,84,Auvergne-rhône-alpes,0.15,0.15,0.1,0.15,0.1
9069,9069,Olemps,76,Occitanie,0.15,0.15,0.1,0.15,0.1
9070,9070,Oletta,94,Corse,0.15,0.15,0.1,0.15,0.1
9071,9071,Olivet,52,Pays De La Loire,0.15,0.15,0.1,0.15,0.1
9072,9072,Ollainville,44,Grand Est,0.15,0.15,0.1,0.15,0.1
9073,9073,Olliergues,84,Auvergne-rhône-alpes,0.15,0.15,0.1,0.15,0.1
9074,9074,Ollioules,93,Provence-alpes-côte D'azur,0.15,0.15,0.1,0.15,0.1
9075,9075,Ollé,24,Centre-val De Loire,0.15,0.15,0.1,0.15,0.1
9076,9076,Olmeto,94,Corse,0.15,0.15,0.1,0.15,0.1
9077,9077,Olonne-sur-Mer,52,Pays De La Loire,0.15,0.15,0.1,0.15,0.1
9078,9078,Olonzac,76,Occitanie,0.15,0.15,0.1,0.15,0.1
9079,9079,Oloron-Sainte-Marie,75,Nouvelle-aquitaine,0.15,0.15,0.1,0.15,0.1
9080,9080,Oltingue,44,Grand Est,0.15,0.15,0.1,0.15,0.1
9081,9081,Olwisheim,44,Grand Est,0.15,0.15,0.1,0.15,0.1
9082,9082,Omessa,94,Corse,0.15,0.15,0.1,0.15,0.1
9083,9083,Omissy,32,Hauts-de-france,0.15,0.15,0.1,0.15,0.1
9084,9084,Omonville-la-Rogue,28,Normandie,0.15,0.15,0.1,0.15,0.1
9085,9085,Oncy-sur-École,11,Île-de-france,0.15,0.15,0.1,0.15,0.1
9086,9086,Ondes,76,Occitanie,0.15,0.15,0.1,0.15,0.1
9087,9087,Ondres,75,Nouvelle-aquitaine,0.15,0.15,0.1,0.15,0.1
9088,9088,Onesse-Laharie,75,Nouvelle-aquitaine,0.15,0.15,0.1,0.15,0.1
9089,9089,Onnaing,32,Hauts-de-france,0.15,0.15,0.1,0.15,0.1
9090,9090,Onnion,84,Auvergne-rhône-alpes,0.15,0.15,0.1,0.15,0.1
9091,9091,Ons-en-Bray,32,Hauts-de-france,0.15,0.15,0.1,0.15,0.1
9092,9092,Onville,44,Grand Est,0.15,0.15,0.1,0.15,0.1
9093,9093,Onzain,24,Centre-val De Loire,0.15,0.15,0.1,0.15,0.1
9094,9094,Opio,93,Provence-alpes-côte D'azur,0.15,0.15,0.1,0.15,0.1
9095,9095,Opoul-Périllos,76,Occitanie,0.15,0.15,0.1,0.15,0.1
9096,9096,Optevoz,84,Auvergne-rhône-alpes,0.15,0.15,0.1,0.15,0.1
9097,9097,Oradour-sur-Glane,75,Nouvelle-aquitaine,0.15,0.15,0.1,0.15,0.1
9098,9098,Oradour-sur-Vayres,75,Nouvelle-aquitaine,0.15,0.15,0.1,0.15,0.1
9099,9099,Oraison,93,Provence-alpes-côte D'azur,0.15,0.15,0.1,0.15,0.1
9100,9100,Orange,93,Provence-alpes-côte D'azur,0.15,0.15,0.1,0.15,0.1
9101,9101,Orbec,28,Normandie,0.15,0.15,0.1,0.15,0.1
9102,9102,Orbeil,84,Auvergne-rhône-alpes,0.15,0.15,0.1,0.15,0.1
9103,9103,Orbey,44,Grand Est,0.15,0.15,0.1,0.15,0.1
9104,9104,Orbigny,24,Centre-val De Loire,0.15,0.15,0.1,0.15,0.1
9105,9105,Orcemont,11,Île-de-france,0.15,0.15,0.1,0.15,0.1
9106,9106,Orcet,84,Auvergne-rhône-alpes,0.15,0.15,0.1,0.15,0.1
9107,9107,Orchaise,24,Centre-val De Loire,0.15,0.15,0.1,0.15,0.1
9108,9108,Orchamps,27,Bourgogne-franche-comté,0.15,0.15,0.1,0.15,0.1
9109,9109,Orchamps-Vennes,27,Bourgogne-franche-comté,0.15,0.15,0.1,0.15,0.1
9110,9110,Orchies,32,Hauts-de-france,0.15,0.15,0.1,0.15,0.1
9111,9111,Orcier,84,Auvergne-rhône-alpes,0.15,0.15,0.1,0.15,0.1
9112,9112,Orcines,84,Auvergne-rhône-alpes,0.15,0.15,0.1,0.15,0.1
9113,9113,Orcières,93,Provence-alpes-côte D'azur,0.15,0.15,0.1,0.15,0.1
9114,9114,Ordan-Larroque,76,Occitanie,0.15,0.15,0.1,0.15,0.1
9115,9115,Ordiarp,75,Nouvelle-aquitaine,0.15,0.15,0.1,0.15,0.1
9116,9116,Oresmaux,32,Hauts-de-france,0.15,0.15,0.1,0.15,0.1
9117,9117,Orgelet,27,Bourgogne-franche-comté,0.15,0.15,0.1,0.15,0.1
9118,9118,Orgerus,11,Île-de-france,0.15,0.15,0.1,0.15,0.1
9119,9119,Orgeval,32,Hauts-de-france,0.15,0.15,0.1,0.15,0.1
9120,9120,Orgon,93,Provence-alpes-côte D'azur,0.15,0.15,0.1,0.15,0.1
9121,9121,Orgueil,76,Occitanie,0.15,0.15,0.1,0.15,0.1
9122,9122,Orgères,53,Bretagne,0.15,0.15,0.1,0.15,0.1
9123,9123,Orgères-en-Beauce,24,Centre-val De Loire,0.15,0.15,0.1,0.15,0.1
9124,9124,Orignolles,75,Nouvelle-aquitaine,0.15,0.15,0.1,0.15,0.1
9125,9125,Origny-Sainte-Benoite,32,Hauts-de-france,0.15,0.15,0.1,0.15,0.1
9126,9126,Origny-en-Thiérache,32,Hauts-de-france,0.15,0.15,0.1,0.15,0.1
9127,9127,Origny-le-Sec,44,Grand Est,0.15,0.15,0.1,0.15,0.1
9128,9128,Orist,75,Nouvelle-aquitaine,0.15,0.15,0.1,0.15,0.1
9129,9129,Orival,75,Nouvelle-aquitaine,0.15,0.15,0.1,0.15,0.1
9130,9130,Orleix,76,Occitanie,0.15,0.15,0.1,0.15,0.1
9131,9131,Orliénas,84,Auvergne-rhône-alpes,0.15,0.15,0.1,0.15,0.1
9132,9132,Orly,11,Île-de-france,0.15,0.15,0.1,0.15,0.1
9133,9133,Orly-sur-Morin,11,Île-de-france,0.15,0.15,0.1,0.15,0.1
9134,9134,Orléans,24,Centre-val De Loire,0.15,0.15,0.1,0.15,0.1
9135,9135,Orléat,84,Auvergne-rhône-alpes,0.15,0.15,0.1,0.15,0.1
9136,9136,Ormes,44,Grand Est,0.15,0.15,0.1,0.15,0.1
9137,9137,Ormesson-sur-Marne,11,Île-de-france,0.15,0.15,0.1,0.15,0.1
9138,9138,Ormoy,27,Bourgogne-franche-comté,0.15,0.15,0.1,0.15,0.1
9139,9139,Ormoy-la-Rivière,11,Île-de-france,0.15,0.15,0.1,0.15,0.1
9140,9140,Ornaisons,76,Occitanie,0.15,0.15,0.1,0.15,0.1
9141,9141,Ornans,27,Bourgogne-franche-comté,0.15,0.15,0.1,0.15,0.1
9142,9142,Ornex,84,Auvergne-rhône-alpes,0.15,0.15,0.1,0.15,0.1
9143,9143,Oroër,32,Hauts-de-france,0.15,0.15,0.1,0.15,0.1
9144,9144,Orphin,11,Île-de-france,0.15,0.15,0.1,0.15,0.1
9145,9145,Orrouy,32,Hauts-de-france,0.15,0.15,0.1,0.15,0.1
9146,9146,Orry-la-Ville,32,Hauts-de-france,0.15,0.15,0.1,0.15,0.1
9147,9147,Ors,32,Hauts-de-france,0.15,0.15,0.1,0.15,0.1
9148,9148,Orsan,76,Occitanie,0.15,0.15,0.1,0.15,0.1
9149,9149,Orsay,11,Île-de-france,0.15,0.15,0.1,0.15,0.1
9150,9150,Orschwihr,44,Grand Est,0.15,0.15,0.1,0.15,0.1
9151,9151,Orschwiller,44,Grand Est,0.15,0.15,0.1,0.15,0.1
9152,9152,Orsennes,24,Centre-val De Loire,0.15,0.15,0.1,0.15,0.1
9153,9153,Ortaffa,76,Occitanie,0.15,0.15,0.1,0.15,0.1
9154,9154,Orthevielle,75,Nouvelle-aquitaine,0.15,0.15,0.1,0.15,0.1
9155,9155,Orthez,75,Nouvelle-aquitaine,0.15,0.15,0.1,0.15,0.1
9156,9156,Orval,28,Normandie,0.15,0.15,0.1,0.15,0.1
9157,9157,Orvault,52,Pays De La Loire,0.15,0.15,0.1,0.15,0.1
9158,9158,Orvillers-Sorel,32,Hauts-de-france,0.15,0.15,0.1,0.15,0.1
9159,9159,Orègue,75,Nouvelle-aquitaine,0.15,0.15,0.1,0.15,0.1
9160,9160,Osenbach,44,Grand Est,0.15,0.15,0.1,0.15,0.1
9161,9161,Oslon,27,Bourgogne-franche-comté,0.15,0.15,0.1,0.15,0.1
9162,9162,Osmanville,28,Normandie,0.15,0.15,0.1,0.15,0.1
9163,9163,Osny,11,Île-de-france,0.15,0.15,0.1,0.15,0.1
9164,9164,Ossey-les-Trois-Maisons,44,Grand Est,0.15,0.15,0.1,0.15,0.1
9165,9165,Ossun,76,Occitanie,0.15,0.15,0.1,0.15,0.1
9166,9166,Ossès,75,Nouvelle-aquitaine,0.15,0.15,0.1,0.15,0.1
9167,9167,Ossé,53,Bretagne,0.15,0.15,0.1,0.15,0.1
9168,9168,Osséja,76,Occitanie,0.15,0.15,0.1,0.15,0.1
9169,9169,Ostheim,44,Grand Est,0.15,0.15,0.1,0.15,0.1
9170,9170,Osthoffen,44,Grand Est,0.15,0.15,0.1,0.15,0.1
9171,9171,Osthouse,44,Grand Est,0.15,0.15,0.1,0.15,0.1
9172,9172,Ostricourt,32,Hauts-de-france,0.15,0.15,0.1,0.15,0.1
9173,9173,Ostwald,44,Grand Est,0.15,0.15,0.1,0.15,0.1
9174,9174,Ota,94,Corse,0.15,0.15,0.1,0.15,0.1
9175,9175,Othis,11,Île-de-france,0.15,0.15,0.1,0.15,0.1
9176,9176,Ottange,44,Grand Est,0.15,0.15,0.1,0.15,0.1
9177,9177,Ottersthal,44,Grand Est,0.15,0.15,0.1,0.15,0.1
9178,9178,Otterswiller,44,Grand Est,0.15,0.15,0.1,0.15,0.1
9179,9179,Ottmarsheim,44,Grand Est,0.15,0.15,0.1,0.15,0.1
9180,9180,Ottrott,44,Grand Est,0.15,0.15,0.1,0.15,0.1
9181,9181,Ouanne,27,Bourgogne-franche-comté,0.15,0.15,0.1,0.15,0.1
9182,9182,Ouarville,24,Centre-val De Loire,0.15,0.15,0.1,0.15,0.1
9183,9183,Ouchamps,24,Centre-val De Loire,0.15,0.15,0.1,0.15,0.1
9184,9184,Ouches,84,Auvergne-rhône-alpes,0.15,0.15,0.1,0.15,0.1
9185,9185,Oucques,24,Centre-val De Loire,0.15,0.15,0.1,0.15,0.1
9186,9186,Oudezeele,32,Hauts-de-france,0.15,0.15,0.1,0.15,0.1
9187,9187,Oudon,52,Pays De La Loire,0.15,0.15,0.1,0.15,0.1
9188,9188,Oudrenne,44,Grand Est,0.15,0.15,0.1,0.15,0.1
9189,9189,Ouerre,24,Centre-val De Loire,0.15,0.15,0.1,0.15,0.1
9190,9190,Ouessant,53,Bretagne,0.15,0.15,0.1,0.15,0.1
9191,9191,Ouges,27,Bourgogne-franche-comté,0.15,0.15,0.1,0.15,0.1
9192,9192,Ouilly-le-Tesson,28,Normandie,0.15,0.15,0.1,0.15,0.1
9193,9193,Ouilly-le-Vicomte,28,Normandie,0.15,0.15,0.1,0.15,0.1
9194,9194,Ouistreham,28,Normandie,0.15,0.15,0.1,0.15,0.1
9195,9195,Oulchy-le-Château,32,Hauts-de-france,0.15,0.15,0.1,0.15,0.1
9196,9196,Oulins,24,Centre-val De Loire,0.15,0.15,0.1,0.15,0.1
9197,9197,Oullins,84,Auvergne-rhône-alpes,0.15,0.15,0.1,0.15,0.1
9198,9198,Oulmes,52,Pays De La Loire,0.15,0.15,0.1,0.15,0.1
9199,9199,Ourouer-les-Bourdelins,24,Centre-val De Loire,0.15,0.15,0.1,0.15,0.1
9200,9200,Ouroux-en-Morvan,27,Bourgogne-franche-comté,0.15,0.15,0.1,0.15,0.1
9201,9201,Ouroux-sur-Saône,27,Bourgogne-franche-comté,0.15,0.15,0.1,0.15,0.1
9202,9202,Oursbelille,76,Occitanie,0.15,0.15,0.1,0.15,0.1
9203,9203,Ourton,32,Hauts-de-france,0.15,0.15,0.1,0.15,0.1
9204,9204,Ourville-en-Caux,28,Normandie,0.15,0.15,0.1,0.15,0.1
9205,9205,Ousse,75,Nouvelle-aquitaine,0.15,0.15,0.1,0.15,0.1
9206,9206,Ousson-sur-Loire,24,Centre-val De Loire,0.15,0.15,0.1,0.15,0.1
9207,9207,Oust,76,Occitanie,0.15,0.15,0.1,0.15,0.1
9208,9208,Outarville,24,Centre-val De Loire,0.15,0.15,0.1,0.15,0.1
9209,9209,Outreau,32,Hauts-de-france,0.15,0.15,0.1,0.15,0.1
9210,9210,Ouve-Wirquin,32,Hauts-de-france,0.15,0.15,0.1,0.15,0.1
9211,9211,Ouveillan,76,Occitanie,0.15,0.15,0.1,0.15,0.1
9212,9212,Ouville-la-Rivière,28,Normandie,0.15,0.15,0.1,0.15,0.1
9213,9213,Ouzouer-le-Marché,24,Centre-val De Loire,0.15,0.15,0.1,0.15,0.1
9214,9214,Ouzouer-sur-Loire,24,Centre-val De Loire,0.15,0.15,0.1,0.15,0.1
9215,9215,Ouzouer-sur-Trézée,24,Centre-val De Loire,0.15,0.15,0.1,0.15,0.1
9216,9216,Oye-Plage,32,Hauts-de-france,0.15,0.15,0.1,0.15,0.1
9217,9217,Oye-et-Pallet,27,Bourgogne-franche-comté,0.15,0.15,0.1,0.15,0.1
9218,9218,Oyeu,84,Auvergne-rhône-alpes,0.15,0.15,0.1,0.15,0.1
9219,9219,Oyonnax,84,Auvergne-rhône-alpes,0.15,0.15,0.1,0.15,0.1
9220,9220,Oyré,75,Nouvelle-aquitaine,0.15,0.15,0.1,0.15,0.1
9221,9221,Oytier-Saint-Oblas,84,Auvergne-rhône-alpes,0.15,0.15,0.1,0.15,0.1
9222,9222,Ozan,84,Auvergne-rhône-alpes,0.15,0.15,0.1,0.15,0.1
9223,9223,Ozillac,75,Nouvelle-aquitaine,0.15,0.15,0.1,0.15,0.1
9224,9224,Ozoir-la-Ferrière,11,Île-de-france,0.15,0.15,0.1,0.15,0.1
9225,9225,Ozouer-le-Voulgis,11,Île-de-france,0.15,0.15,0.1,0.15,0.1
9226,9226,Pabu,53,Bretagne,0.15,0.15,0.1,0.15,0.1
9227,9227,Pact,84,Auvergne-rhône-alpes,0.15,0.15,0.1,0.15,0.1
9228,9228,Pacy-sur-Eure,28,Normandie,0.15,0.15,0.1,0.15,0.1
9229,9229,Pacé,53,Bretagne,0.15,0.15,0.1,0.15,0.1
9230,9230,Pageas,75,Nouvelle-aquitaine,0.15,0.15,0.1,0.15,0.1
9231,9231,Pagney-derrière-Barine,44,Grand Est,0.15,0.15,0.1,0.15,0.1
9232,9232,Pagny-le-Château,27,Bourgogne-franche-comté,0.15,0.15,0.1,0.15,0.1
9233,9233,Pagny-sur-Meuse,44,Grand Est,0.15,0.15,0.1,0.15,0.1
9234,9234,Pagny-sur-Moselle,44,Grand Est,0.15,0.15,0.1,0.15,0.1
9235,9235,Pailhès,76,Occitanie,0.15,0.15,0.1,0.15,0.1
9236,9236,Paillart,32,Hauts-de-france,0.15,0.15,0.1,0.15,0.1
9237,9237,Paillencourt,32,Hauts-de-france,0.15,0.15,0.1,0.15,0.1
9238,9238,Paillet,75,Nouvelle-aquitaine,0.15,0.15,0.1,0.15,0.1
9239,9239,Paimboeuf,52,Pays De La Loire,0.15,0.15,0.1,0.15,0.1
9240,9240,Paimpol,53,Bretagne,0.15,0.15,0.1,0.15,0.1
9241,9241,Paimpont,53,Bretagne,0.15,0.15,0.1,0.15,0.1
9242,9242,Pajay,84,Auvergne-rhône-alpes,0.15,0.15,0.1,0.15,0.1
9243,9243,Paladru,84,Auvergne-rhône-alpes,0.15,0.15,0.1,0.15,0.1
9244,9244,Palaiseau,11,Île-de-france,0.15,0.15,0.1,0.15,0.1
9245,9245,Palaja,76,Occitanie,0.15,0.15,0.1,0.15,0.1
9246,9246,Palaminy,76,Occitanie,0.15,0.15,0.1,0.15,0.1
9247,9247,Palau-de-Cerdagne,76,Occitanie,0.15,0.15,0.1,0.15,0.1
9248,9248,Palau-del-Vidre,76,Occitanie,0.15,0.15,0.1,0.15,0.1
9249,9249,Palavas-les-Flots,76,Occitanie,0.15,0.15,0.1,0.15,0.1
9250,9250,Palinges,27,Bourgogne-franche-comté,0.15,0.15,0.1,0.15,0.1
9251,9251,Palis,44,Grand Est,0.15,0.15,0.1,0.15,0.1
9252,9252,Palladuc,84,Auvergne-rhône-alpes,0.15,0.15,0.1,0.15,0.1
9253,9253,Palluau,52,Pays De La Loire,0.15,0.15,0.1,0.15,0.1
9254,9254,Palluau-sur-Indre,24,Centre-val De Loire,0.15,0.15,0.1,0.15,0.1
9255,9255,Pallud,84,Auvergne-rhône-alpes,0.15,0.15,0.1,0.15,0.1
9256,9256,Palluel,32,Hauts-de-france,0.15,0.15,0.1,0.15,0.1
9257,9257,Pamfou,11,Île-de-france,0.15,0.15,0.1,0.15,0.1
9258,9258,Pamiers,76,Occitanie,0.15,0.15,0.1,0.15,0.1
9259,9259,Pampelonne,76,Occitanie,0.15,0.15,0.1,0.15,0.1
9260,9260,Pamproux,75,Nouvelle-aquitaine,0.15,0.15,0.1,0.15,0.1
9261,9261,Panazol,75,Nouvelle-aquitaine,0.15,0.15,0.1,0.15,0.1
9262,9262,Pancé,53,Bretagne,0.15,0.15,0.1,0.15,0.1
9263,9263,Pange,44,Grand Est,0.15,0.15,0.1,0.15,0.1
9264,9264,Panissières,84,Auvergne-rhône-alpes,0.15,0.15,0.1,0.15,0.1
9265,9265,Pannecé,52,Pays De La Loire,0.15,0.15,0.1,0.15,0.1
9266,9266,Pannes,44,Grand Est,0.15,0.15,0.1,0.15,0.1
9267,9267,Panossas,84,Auvergne-rhône-alpes,0.15,0.15,0.1,0.15,0.1
9268,9268,Pantin,11,Île-de-france,0.15,0.15,0.1,0.15,0.1
9269,9269,Panzoult,24,Centre-val De Loire,0.15,0.15,0.1,0.15,0.1
9270,9270,Paradou,93,Provence-alpes-côte D'azur,0.15,0.15,0.1,0.15,0.1
9271,9271,Paray-Vieille-Poste,11,Île-de-france,0.15,0.15,0.1,0.15,0.1
9272,9272,Paray-le-Monial,27,Bourgogne-franche-comté,0.15,0.15,0.1,0.15,0.1
9273,9273,Paray-sous-Briailles,84,Auvergne-rhône-alpes,0.15,0.15,0.1,0.15,0.1
9274,9274,Parcey,27,Bourgogne-franche-comté,0.15,0.15,0.1,0.15,0.1
9275,9275,Parcieux,84,Auvergne-rhône-alpes,0.15,0.15,0.1,0.15,0.1
9276,9276,Parcé,53,Bretagne,0.15,0.15,0.1,0.15,0.1
9277,9277,Parcé-sur-Sarthe,52,Pays De La Loire,0.15,0.15,0.1,0.15,0.1
9278,9278,Pardies,75,Nouvelle-aquitaine,0.15,0.15,0.1,0.15,0.1
9279,9279,Parempuyre,75,Nouvelle-aquitaine,0.15,0.15,0.1,0.15,0.1
9280,9280,Parennes,52,Pays De La Loire,0.15,0.15,0.1,0.15,0.1
9281,9281,Parent,84,Auvergne-rhône-alpes,0.15,0.15,0.1,0.15,0.1
9282,9282,Parentignat,84,Auvergne-rhône-alpes,0.15,0.15,0.1,0.15,0.1
9283,9283,Parentis-en-Born,75,Nouvelle-aquitaine,0.15,0.15,0.1,0.15,0.1
9284,9284,Pargny-sur-Saulx,44,Grand Est,0.15,0.15,0.1,0.15,0.1
9285,9285,Parignargues,76,Occitanie,0.15,0.15,0.1,0.15,0.1
9286,9286,Parigny,84,Auvergne-rhône-alpes,0.15,0.15,0.1,0.15,0.1
9287,9287,Parigny-les-Vaux,27,Bourgogne-franche-comté,0.15,0.15,0.1,0.15,0.1
9288,9288,Parigné,53,Bretagne,0.15,0.15,0.1,0.15,0.1
9289,9289,Parigné-le-Pôlin,52,Pays De La Loire,0.15,0.15,0.1,0.15,0.1
9290,9290,Parigné-sur-Braye,52,Pays De La Loire,0.15,0.15,0.1,0.15,0.1
9291,9291,Paris,11,Île-de-france,0.15,0.15,0.1,0.15,0.1
9292,9292,Parisot,76,Occitanie,0.15,0.15,0.1,0.15,0.1
9293,9293,Parleboscq,75,Nouvelle-aquitaine,0.15,0.15,0.1,0.15,0.1
9294,9294,Parly,27,Bourgogne-franche-comté,0.15,0.15,0.1,0.15,0.1
9295,9295,Parmain,11,Île-de-france,0.15,0.15,0.1,0.15,0.1
9296,9296,Parmilieu,84,Auvergne-rhône-alpes,0.15,0.15,0.1,0.15,0.1
9297,9297,Parnac,76,Occitanie,0.15,0.15,0.1,0.15,0.1
9298,9298,Parnans,84,Auvergne-rhône-alpes,0.15,0.15,0.1,0.15,0.1
9299,9299,Parné-sur-Roc,52,Pays De La Loire,0.15,0.15,0.1,0.15,0.1
9300,9300,Paron,27,Bourgogne-franche-comté,0.15,0.15,0.1,0.15,0.1
9301,9301,Pars-lès-Romilly,44,Grand Est,0.15,0.15,0.1,0.15,0.1
9302,9302,Parsac,75,Nouvelle-aquitaine,0.15,0.15,0.1,0.15,0.1
9303,9303,Parthenay,75,Nouvelle-aquitaine,0.15,0.15,0.1,0.15,0.1
9304,9304,Parthenay-de-Bretagne,53,Bretagne,0.15,0.15,0.1,0.15,0.1
9305,9305,Parçay-Meslay,24,Centre-val De Loire,0.15,0.15,0.1,0.15,0.1
9306,9306,Parçay-les-Pins,52,Pays De La Loire,0.15,0.15,0.1,0.15,0.1
9307,9307,Parçay-sur-Vienne,24,Centre-val De Loire,0.15,0.15,0.1,0.15,0.1
9308,9308,Pas-en-Artois,32,Hauts-de-france,0.15,0.15,0.1,0.15,0.1
9309,9309,Paslières,84,Auvergne-rhône-alpes,0.15,0.15,0.1,0.15,0.1
9310,9310,Pasly,32,Hauts-de-france,0.15,0.15,0.1,0.15,0.1
9311,9311,Passa,76,Occitanie,0.15,0.15,0.1,0.15,0.1
9312,9312,Passais,28,Normandie,0.15,0.15,0.1,0.15,0.1
9313,9313,Passavant-la-Rochère,27,Bourgogne-franche-comté,0.15,0.15,0.1,0.15,0.1
9314,9314,Passins,84,Auvergne-rhône-alpes,0.15,0.15,0.1,0.15,0.1
9315,9315,Passy,84,Auvergne-rhône-alpes,0.15,0.15,0.1,0.15,0.1
9316,9316,Patay,24,Centre-val De Loire,0.15,0.15,0.1,0.15,0.1
9317,9317,Patrimonio,94,Corse,0.15,0.15,0.1,0.15,0.1
9318,9318,Pau,75,Nouvelle-aquitaine,0.15,0.15,0.1,0.15,0.1
9319,9319,Paucourt,24,Centre-val De Loire,0.15,0.15,0.1,0.15,0.1
9320,9320,Pauilhac,76,Occitanie,0.15,0.15,0.1,0.15,0.1
9321,9321,Pauillac,75,Nouvelle-aquitaine,0.15,0.15,0.1,0.15,0.1
9322,9322,Paule,53,Bretagne,0.15,0.15,0.1,0.15,0.1
9323,9323,Paulhac,84,Auvergne-rhône-alpes,0.15,0.15,0.1,0.15,0.1
9324,9324,Paulhaguet,84,Auvergne-rhône-alpes,0.15,0.15,0.1,0.15,0.1
9325,9325,Paulhan,76,Occitanie,0.15,0.15,0.1,0.15,0.1
9326,9326,Paulinet,76,Occitanie,0.15,0.15,0.1,0.15,0.1
9327,9327,Paulx,52,Pays De La Loire,0.15,0.15,0.1,0.15,0.1
9328,9328,Pavant,32,Hauts-de-france,0.15,0.15,0.1,0.15,0.1
9329,9329,Pavie,76,Occitanie,0.15,0.15,0.1,0.15,0.1
9330,9330,Pavilly,28,Normandie,0.15,0.15,0.1,0.15,0.1
9331,9331,Payns,44,Grand Est,0.15,0.15,0.1,0.15,0.1
9332,9332,Payrac,76,Occitanie,0.15,0.15,0.1,0.15,0.1
9333,9333,Payrignac,76,Occitanie,0.15,0.15,0.1,0.15,0.1
9334,9334,Payrin-Augmontel,76,Occitanie,0.15,0.15,0.1,0.15,0.1
9335,9335,Payroux,75,Nouvelle-aquitaine,0.15,0.15,0.1,0.15,0.1
9336,9336,Payré,75,Nouvelle-aquitaine,0.15,0.15,0.1,0.15,0.1
9337,9337,Payzac,84,Auvergne-rhône-alpes,0.15,0.15,0.1,0.15,0.1
9338,9338,Pazayac,75,Nouvelle-aquitaine,0.15,0.15,0.1,0.15,0.1
9339,9339,Paziols,76,Occitanie,0.15,0.15,0.1,0.15,0.1
9340,9340,Peaugres,84,Auvergne-rhône-alpes,0.15,0.15,0.1,0.15,0.1
9341,9341,Pechbonnieu,76,Occitanie,0.15,0.15,0.1,0.15,0.1
9342,9342,Pechbusque,76,Occitanie,0.15,0.15,0.1,0.15,0.1
9343,9343,Pecquencourt,32,Hauts-de-france,0.15,0.15,0.1,0.15,0.1
9344,9344,Pecqueuse,11,Île-de-france,0.15,0.15,0.1,0.15,0.1
9345,9345,Peillac,53,Bretagne,0.15,0.15,0.1,0.15,0.1
9346,9346,Peille,93,Provence-alpes-côte D'azur,0.15,0.15,0.1,0.15,0.1
9347,9347,Peillon,93,Provence-alpes-côte D'azur,0.15,0.15,0.1,0.15,0.1
9348,9348,Peillonnex,84,Auvergne-rhône-alpes,0.15,0.15,0.1,0.15,0.1
9349,9349,Peipin,93,Provence-alpes-côte D'azur,0.15,0.15,0.1,0.15,0.1
9350,9350,Peisey-Nancroix,84,Auvergne-rhône-alpes,0.15,0.15,0.1,0.15,0.1
9351,9351,Pellegrue,75,Nouvelle-aquitaine,0.15,0.15,0.1,0.15,0.1
9352,9352,Pellevoisin,24,Centre-val De Loire,0.15,0.15,0.1,0.15,0.1
9353,9353,Pellouailles-les-Vignes,52,Pays De La Loire,0.15,0.15,0.1,0.15,0.1
9354,9354,Pelousey,27,Bourgogne-franche-comté,0.15,0.15,0.1,0.15,0.1
9355,9355,Peltre,44,Grand Est,0.15,0.15,0.1,0.15,0.1
9356,9356,Pelves,32,Hauts-de-france,0.15,0.15,0.1,0.15,0.1
9357,9357,Penchard,11,Île-de-france,0.15,0.15,0.1,0.15,0.1
9358,9358,Pencran,53,Bretagne,0.15,0.15,0.1,0.15,0.1
9359,9359,Pendé,32,Hauts-de-france,0.15,0.15,0.1,0.15,0.1
9360,9360,Pennautier,76,Occitanie,0.15,0.15,0.1,0.15,0.1
9361,9361,Penne,76,Occitanie,0.15,0.15,0.1,0.15,0.1
9362,9362,Penta-di-Casinca,94,Corse,0.15,0.15,0.1,0.15,0.1
9363,9363,Penvénan,53,Bretagne,0.15,0.15,0.1,0.15,0.1
9364,9364,Percy,84,Auvergne-rhône-alpes,0.15,0.15,0.1,0.15,0.1
9365,9365,Perdreauville,11,Île-de-france,0.15,0.15,0.1,0.15,0.1
9366,9366,Peri,94,Corse,0.15,0.15,0.1,0.15,0.1
9367,9367,Pernant,32,Hauts-de-france,0.15,0.15,0.1,0.15,0.1
9368,9368,Pernay,24,Centre-val De Loire,0.15,0.15,0.1,0.15,0.1
9369,9369,Pernes,32,Hauts-de-france,0.15,0.15,0.1,0.15,0.1
9370,9370,Pernes-les-Fontaines,93,Provence-alpes-côte D'azur,0.15,0.15,0.1,0.15,0.1
9371,9371,Pernois,32,Hauts-de-france,0.15,0.15,0.1,0.15,0.1
9372,9372,Perpezac-le-Noir,75,Nouvelle-aquitaine,0.15,0.15,0.1,0.15,0.1
9373,9373,Perpignan,76,Occitanie,0.15,0.15,0.1,0.15,0.1
9374,9374,Perrecy-les-Forges,27,Bourgogne-franche-comté,0.15,0.15,0.1,0.15,0.1
9375,9375,Perreux,84,Auvergne-rhône-alpes,0.15,0.15,0.1,0.15,0.1
9376,9376,Perrex,84,Auvergne-rhône-alpes,0.15,0.15,0.1,0.15,0.1
9377,9377,Perrier,84,Auvergne-rhône-alpes,0.15,0.15,0.1,0.15,0.1
9378,9378,Perriers-sur-Andelle,28,Normandie,0.15,0.15,0.1,0.15,0.1
9379,9379,Perrignier,84,Auvergne-rhône-alpes,0.15,0.15,0.1,0.15,0.1
9380,9380,Perrigny,27,Bourgogne-franche-comté,0.15,0.15,0.1,0.15,0.1
9381,9381,Perrigny-lès-Dijon,27,Bourgogne-franche-comté,0.15,0.15,0.1,0.15,0.1
9382,9382,Perros-Guirec,53,Bretagne,0.15,0.15,0.1,0.15,0.1
9383,9383,Perrusson,24,Centre-val De Loire,0.15,0.15,0.1,0.15,0.1
9384,9384,Pers-Jussy,84,Auvergne-rhône-alpes,0.15,0.15,0.1,0.15,0.1
9385,9385,Persac,75,Nouvelle-aquitaine,0.15,0.15,0.1,0.15,0.1
9386,9386,Persan,11,Île-de-france,0.15,0.15,0.1,0.15,0.1
9387,9387,Perthes,44,Grand Est,0.15,0.15,0.1,0.15,0.1
9388,9388,Pertuis,93,Provence-alpes-côte D'azur,0.15,0.15,0.1,0.15,0.1
9389,9389,Peschadoires,84,Auvergne-rhône-alpes,0.15,0.15,0.1,0.15,0.1
9390,9390,Pesmes,27,Bourgogne-franche-comté,0.15,0.15,0.1,0.15,0.1
9391,9391,Pessac,75,Nouvelle-aquitaine,0.15,0.15,0.1,0.15,0.1
9392,9392,Pessan,76,Occitanie,0.15,0.15,0.1,0.15,0.1
9393,9393,Pessines,75,Nouvelle-aquitaine,0.15,0.15,0.1,0.15,0.1
9394,9394,Petersbach,44,Grand Est,0.15,0.15,0.1,0.15,0.1
9395,9395,Petit-Couronne,28,Normandie,0.15,0.15,0.1,0.15,0.1
9396,9396,Petit-Landau,44,Grand Est,0.15,0.15,0.1,0.15,0.1
9397,9397,Petit-Mars,52,Pays De La Loire,0.15,0.15,0.1,0.15,0.1
9398,9398,Petit-Noir,27,Bourgogne-franche-comté,0.15,0.15,0.1,0.15,0.1
9399,9399,Petit-Réderching,44,Grand Est,0.15,0.15,0.1,0.15,0.1
9400,9400,Petite-Forêt,32,Hauts-de-france,0.15,0.15,0.1,0.15,0.1
9401,9401,Petite-Rosselle,44,Grand Est,0.15,0.15,0.1,0.15,0.1
9402,9402,Petiville,28,Normandie,0.15,0.15,0.1,0.15,0.1
9403,9403,Petosse,52,Pays De La Loire,0.15,0.15,0.1,0.15,0.1
9404,9404,Petreto,94,Corse,0.15,0.15,0.1,0.15,0.1
9405,9405,Peujard,75,Nouvelle-aquitaine,0.15,0.15,0.1,0.15,0.1
9406,9406,Peumerit,53,Bretagne,0.15,0.15,0.1,0.15,0.1
9407,9407,Peuplingues,32,Hauts-de-france,0.15,0.15,0.1,0.15,0.1
9408,9408,Pexiora,76,Occitanie,0.15,0.15,0.1,0.15,0.1
9409,9409,Pey,75,Nouvelle-aquitaine,0.15,0.15,0.1,0.15,0.1
9410,9410,Peymeinade,93,Provence-alpes-côte D'azur,0.15,0.15,0.1,0.15,0.1
9411,9411,Peynier,93,Provence-alpes-côte D'azur,0.15,0.15,0.1,0.15,0.1
9412,9412,Peypin,93,Provence-alpes-côte D'azur,0.15,0.15,0.1,0.15,0.1
9413,9413,Peyrat-de-Bellac,75,Nouvelle-aquitaine,0.15,0.15,0.1,0.15,0.1
9414,9414,Peyrat-le-Château,75,Nouvelle-aquitaine,0.15,0.15,0.1,0.15,0.1
9415,9415,Peyrehorade,75,Nouvelle-aquitaine,0.15,0.15,0.1,0.15,0.1
9416,9416,Peyrelevade,75,Nouvelle-aquitaine,0.15,0.15,0.1,0.15,0.1
9417,9417,Peyrestortes,76,Occitanie,0.15,0.15,0.1,0.15,0.1
9418,9418,Peyriac-Minervois,76,Occitanie,0.15,0.15,0.1,0.15,0.1
9419,9419,Peyriac-de-Mer,76,Occitanie,0.15,0.15,0.1,0.15,0.1
9420,9420,Peyrilhac,75,Nouvelle-aquitaine,0.15,0.15,0.1,0.15,0.1
9421,9421,Peyrins,84,Auvergne-rhône-alpes,0.15,0.15,0.1,0.15,0.1
9422,9422,Peyrolles-en-Provence,93,Provence-alpes-côte D'azur,0.15,0.15,0.1,0.15,0.1
9423,9423,Peyruis,93,Provence-alpes-côte D'azur,0.15,0.15,0.1,0.15,0.1
9424,9424,Peyrus,84,Auvergne-rhône-alpes,0.15,0.15,0.1,0.15,0.1
9425,9425,Pezens,76,Occitanie,0.15,0.15,0.1,0.15,0.1
9426,9426,Pezou,24,Centre-val De Loire,0.15,0.15,0.1,0.15,0.1
9427,9427,Pfaffenheim,44,Grand Est,0.15,0.15,0.1,0.15,0.1
9428,9428,Pfaffenhoffen,44,Grand Est,0.15,0.15,0.1,0.15,0.1
9429,9429,Pfastatt,44,Grand Est,0.15,0.15,0.1,0.15,0.1
9430,9430,Pfetterhouse,44,Grand Est,0.15,0.15,0.1,0.15,0.1
9431,9431,Pfettisheim,44,Grand Est,0.15,0.15,0.1,0.15,0.1
9432,9432,Pfulgriesheim,44,Grand Est,0.15,0.15,0.1,0.15,0.1
9433,9433,Phalempin,32,Hauts-de-france,0.15,0.15,0.1,0.15,0.1
9434,9434,Phalsbourg,44,Grand Est,0.15,0.15,0.1,0.15,0.1
9435,9435,Pia,76,Occitanie,0.15,0.15,0.1,0.15,0.1
9436,9436,Pianottoli-Caldarello,94,Corse,0.15,0.15,0.1,0.15,0.1
9437,9437,Piblange,44,Grand Est,0.15,0.15,0.1,0.15,0.1
9438,9438,Pibrac,76,Occitanie,0.15,0.15,0.1,0.15,0.1
9439,9439,Picauville,28,Normandie,0.15,0.15,0.1,0.15,0.1
9440,9440,Picquigny,32,Hauts-de-france,0.15,0.15,0.1,0.15,0.1
9441,9441,Piennes,44,Grand Est,0.15,0.15,0.1,0.15,0.1
9442,9442,Pierre-Buffière,75,Nouvelle-aquitaine,0.15,0.15,0.1,0.15,0.1
9443,9443,Pierre-Bénite,84,Auvergne-rhône-alpes,0.15,0.15,0.1,0.15,0.1
9444,9444,Pierre-Châtel,84,Auvergne-rhône-alpes,0.15,0.15,0.1,0.15,0.1
9445,9445,Pierre-de-Bresse,27,Bourgogne-franche-comté,0.15,0.15,0.1,0.15,0.1
9446,9446,Pierre-la-Treiche,44,Grand Est,0.15,0.15,0.1,0.15,0.1
9447,9447,Pierreclos,27,Bourgogne-franche-comté,0.15,0.15,0.1,0.15,0.1
9448,9448,Pierrefeu-du-Var,93,Provence-alpes-côte D'azur,0.15,0.15,0.1,0.15,0.1
9449,9449,Pierrefitte-Nestalas,76,Occitanie,0.15,0.15,0.1,0.15,0.1
9450,9450,Pierrefitte-sur-Loire,84,Auvergne-rhône-alpes,0.15,0.15,0.1,0.15,0.1
9451,9451,Pierrefitte-sur-Sauldre,24,Centre-val De Loire,0.15,0.15,0.1,0.15,0.1
9452,9452,Pierrefitte-sur-Seine,11,Île-de-france,0.15,0.15,0.1,0.15,0.1
9453,9453,Pierrefonds,32,Hauts-de-france,0.15,0.15,0.1,0.15,0.1
9454,9454,Pierrefontaine-les-Varans,27,Bourgogne-franche-comté,0.15,0.15,0.1,0.15,0.1
9455,9455,Pierrefort,84,Auvergne-rhône-alpes,0.15,0.15,0.1,0.15,0.1
9456,9456,Pierrelatte,84,Auvergne-rhône-alpes,0.15,0.15,0.1,0.15,0.1
9457,9457,Pierrelaye,11,Île-de-france,0.15,0.15,0.1,0.15,0.1
9458,9458,Pierrepont,44,Grand Est,0.15,0.15,0.1,0.15,0.1
9459,9459,Pierrerue,93,Provence-alpes-côte D'azur,0.15,0.15,0.1,0.15,0.1
9460,9460,Pierres,28,Normandie,0.15,0.15,0.1,0.15,0.1
9461,9461,Pierrevert,93,Provence-alpes-côte D'azur,0.15,0.15,0.1,0.15,0.1
9462,9462,Pierreville,44,Grand Est,0.15,0.15,0.1,0.15,0.1
9463,9463,Pierrevillers,44,Grand Est,0.15,0.15,0.1,0.15,0.1
9464,9464,Pierric,52,Pays De La Loire,0.15,0.15,0.1,0.15,0.1
9465,9465,Pierry,44,Grand Est,0.15,0.15,0.1,0.15,0.1
9466,9466,Pietrosella,94,Corse,0.15,0.15,0.1,0.15,0.1
9467,9467,Pieusse,76,Occitanie,0.15,0.15,0.1,0.15,0.1
9468,9468,Piffonds,27,Bourgogne-franche-comté,0.15,0.15,0.1,0.15,0.1
9469,9469,Pignan,76,Occitanie,0.15,0.15,0.1,0.15,0.1
9470,9470,Pignans,93,Provence-alpes-côte D'azur,0.15,0.15,0.1,0.15,0.1
9471,9471,Pigny,24,Centre-val De Loire,0.15,0.15,0.1,0.15,0.1
9472,9472,Pihem,32,Hauts-de-france,0.15,0.15,0.1,0.15,0.1
9473,9473,Pimprez,32,Hauts-de-france,0.15,0.15,0.1,0.15,0.1
9474,9474,Pin,27,Bourgogne-franche-comté,0.15,0.15,0.1,0.15,0.1
9475,9475,Pin-Balma,76,Occitanie,0.15,0.15,0.1,0.15,0.1
9476,9476,Pinet,76,Occitanie,0.15,0.15,0.1,0.15,0.1
9477,9477,Piney,44,Grand Est,0.15,0.15,0.1,0.15,0.1
9478,9478,Pinon,32,Hauts-de-france,0.15,0.15,0.1,0.15,0.1
9479,9479,Pinsac,76,Occitanie,0.15,0.15,0.1,0.15,0.1
9480,9480,Pinsaguel,76,Occitanie,0.15,0.15,0.1,0.15,0.1
9481,9481,Pinterville,28,Normandie,0.15,0.15,0.1,0.15,0.1
9482,9482,Piolenc,93,Provence-alpes-côte D'azur,0.15,0.15,0.1,0.15,0.1
9483,9483,Pionnat,75,Nouvelle-aquitaine,0.15,0.15,0.1,0.15,0.1
9484,9484,Pionsat,84,Auvergne-rhône-alpes,0.15,0.15,0.1,0.15,0.1
9485,9485,Pipriac,53,Bretagne,0.15,0.15,0.1,0.15,0.1
9486,9486,Pirey,27,Bourgogne-franche-comté,0.15,0.15,0.1,0.15,0.1
9487,9487,Piriac-sur-Mer,52,Pays De La Loire,0.15,0.15,0.1,0.15,0.1
9488,9488,Pirou,28,Normandie,0.15,0.15,0.1,0.15,0.1
9489,9489,Piré-sur-Seiche,53,Bretagne,0.15,0.15,0.1,0.15,0.1
9490,9490,Piscop,11,Île-de-france,0.15,0.15,0.1,0.15,0.1
9491,9491,Piseux,28,Normandie,0.15,0.15,0.1,0.15,0.1
9492,9492,Pisieu,84,Auvergne-rhône-alpes,0.15,0.15,0.1,0.15,0.1
9493,9493,Pissos,75,Nouvelle-aquitaine,0.15,0.15,0.1,0.15,0.1
9494,9494,Pissotte,52,Pays De La Loire,0.15,0.15,0.1,0.15,0.1
9495,9495,Pissy-Pôville,28,Normandie,0.15,0.15,0.1,0.15,0.1
9496,9496,Pitgam,32,Hauts-de-france,0.15,0.15,0.1,0.15,0.1
9497,9497,Pithiviers,24,Centre-val De Loire,0.15,0.15,0.1,0.15,0.1
9498,9498,Pithiviers-le-Vieil,24,Centre-val De Loire,0.15,0.15,0.1,0.15,0.1
9499,9499,Pizay,84,Auvergne-rhône-alpes,0.15,0.15,0.1,0.15,0.1
9500,9500,Piégros-la-Clastre,84,Auvergne-rhône-alpes,0.15,0.15,0.1,0.15,0.1
9501,9501,Piégut-Pluviers,75,Nouvelle-aquitaine,0.15,0.15,0.1,0.15,0.1
9502,9502,Plabennec,53,Bretagne,0.15,0.15,0.1,0.15,0.1
9503,9503,Plachy-Buyon,32,Hauts-de-france,0.15,0.15,0.1,0.15,0.1
9504,9504,Plailly,32,Hauts-de-france,0.15,0.15,0.1,0.15,0.1
9505,9505,Plaimpied-Givaudins,24,Centre-val De Loire,0.15,0.15,0.1,0.15,0.1
9506,9506,Plaine,44,Grand Est,0.15,0.15,0.1,0.15,0.1
9507,9507,Plaine-Haute,53,Bretagne,0.15,0.15,0.1,0.15,0.1
9508,9508,Plaine-de-Walsch,44,Grand Est,0.15,0.15,0.1,0.15,0.1
9509,9509,Plainfaing,44,Grand Est,0.15,0.15,0.1,0.15,0.1
9510,9510,Plainoiseau,27,Bourgogne-franche-comté,0.15,0.15,0.1,0.15,0.1
9511,9511,Plaintel,53,Bretagne,0.15,0.15,0.1,0.15,0.1
9512,9512,Plaisance,76,Occitanie,0.15,0.15,0.1,0.15,0.1
9513,9513,Plaisance-du-Touch,76,Occitanie,0.15,0.15,0.1,0.15,0.1
9514,9514,Plaisir,11,Île-de-france,0.15,0.15,0.1,0.15,0.1
9515,9515,Plaissan,76,Occitanie,0.15,0.15,0.1,0.15,0.1
9516,9516,Plan-d'Aups-Sainte-Baume,93,Provence-alpes-côte D'azur,0.15,0.15,0.1,0.15,0.1
9517,9517,Plan-de-Cuques,93,Provence-alpes-côte D'azur,0.15,0.15,0.1,0.15,0.1
9518,9518,Plancher-Bas,27,Bourgogne-franche-comté,0.15,0.15,0.1,0.15,0.1
9519,9519,Plancher-les-Mines,27,Bourgogne-franche-comté,0.15,0.15,0.1,0.15,0.1
9520,9520,Plancoët,53,Bretagne,0.15,0.15,0.1,0.15,0.1
9521,9521,Plancy-l'Abbaye,44,Grand Est,0.15,0.15,0.1,0.15,0.1
9522,9522,Planfoy,84,Auvergne-rhône-alpes,0.15,0.15,0.1,0.15,0.1
9523,9523,Planguenoual,53,Bretagne,0.15,0.15,0.1,0.15,0.1
9524,9524,Plappeville,44,Grand Est,0.15,0.15,0.1,0.15,0.1
9525,9525,Plasnes,28,Normandie,0.15,0.15,0.1,0.15,0.1
9526,9526,Plassac,75,Nouvelle-aquitaine,0.15,0.15,0.1,0.15,0.1
9527,9527,Plassay,75,Nouvelle-aquitaine,0.15,0.15,0.1,0.15,0.1
9528,9528,Plats,84,Auvergne-rhône-alpes,0.15,0.15,0.1,0.15,0.1
9529,9529,Plaudren,53,Bretagne,0.15,0.15,0.1,0.15,0.1
9530,9530,Plauzat,84,Auvergne-rhône-alpes,0.15,0.15,0.1,0.15,0.1
9531,9531,Plazac,75,Nouvelle-aquitaine,0.15,0.15,0.1,0.15,0.1
9532,9532,Pleaux,84,Auvergne-rhône-alpes,0.15,0.15,0.1,0.15,0.1
9533,9533,Pleine-Fougères,53,Bretagne,0.15,0.15,0.1,0.15,0.1
9534,9534,Plerguer,53,Bretagne,0.15,0.15,0.1,0.15,0.1
9535,9535,Plerneuf,53,Bretagne,0.15,0.15,0.1,0.15,0.1
9536,9536,Plescop,53,Bretagne,0.15,0.15,0.1,0.15,0.1
9537,9537,Plesder,53,Bretagne,0.15,0.15,0.1,0.15,0.1
9538,9538,Pleslin-Trigavou,53,Bretagne,0.15,0.15,0.1,0.15,0.1
9539,9539,Plesnois,44,Grand Est,0.15,0.15,0.1,0.15,0.1
9540,9540,Plessala,53,Bretagne,0.15,0.15,0.1,0.15,0.1
9541,9541,Plessé,52,Pays De La Loire,0.15,0.15,0.1,0.15,0.1
9542,9542,Plestan,53,Bretagne,0.15,0.15,0.1,0.15,0.1
9543,9543,Plestin-les-Grèves,53,Bretagne,0.15,0.15,0.1,0.15,0.1
9544,9544,Pleubian,53,Bretagne,0.15,0.15,0.1,0.15,0.1
9545,9545,Pleucadeuc,53,Bretagne,0.15,0.15,0.1,0.15,0.1
9546,9546,Pleudaniel,53,Bretagne,0.15,0.15,0.1,0.15,0.1
9547,9547,Pleudihen-sur-Rance,53,Bretagne,0.15,0.15,0.1,0.15,0.1
9548,9548,Pleugriffet,53,Bretagne,0.15,0.15,0.1,0.15,0.1
9549,9549,Pleugueneuc,53,Bretagne,0.15,0.15,0.1,0.15,0.1
9550,9550,Pleumartin,75,Nouvelle-aquitaine,0.15,0.15,0.1,0.15,0.1
9551,9551,Pleumeleuc,53,Bretagne,0.15,0.15,0.1,0.15,0.1
9552,9552,Pleumeur-Bodou,53,Bretagne,0.15,0.15,0.1,0.15,0.1
9553,9553,Pleumeur-Gautier,53,Bretagne,0.15,0.15,0.1,0.15,0.1
9554,9554,Pleurs,44,Grand Est,0.15,0.15,0.1,0.15,0.1
9555,9555,Pleurtuit,53,Bretagne,0.15,0.15,0.1,0.15,0.1
9556,9556,Pleuven,53,Bretagne,0.15,0.15,0.1,0.15,0.1
9557,9557,Pleyben,53,Bretagne,0.15,0.15,0.1,0.15,0.1
9558,9558,Pleyber-Christ,53,Bretagne,0.15,0.15,0.1,0.15,0.1
9559,9559,Plivot,44,Grand Est,0.15,0.15,0.1,0.15,0.1
9560,9560,Plobannalec-Lesconil,53,Bretagne,0.15,0.15,0.1,0.15,0.1
9561,9561,Plobsheim,44,Grand Est,0.15,0.15,0.1,0.15,0.1
9562,9562,Ploemel,53,Bretagne,0.15,0.15,0.1,0.15,0.1
9563,9563,Ploemeur,53,Bretagne,0.15,0.15,0.1,0.15,0.1
9564,9564,Ploeren,53,Bretagne,0.15,0.15,0.1,0.15,0.1
9565,9565,Plogastel-Saint-Germain,53,Bretagne,0.15,0.15,0.1,0.15,0.1
9566,9566,Plogoff,53,Bretagne,0.15,0.15,0.1,0.15,0.1
9567,9567,Plogonnec,53,Bretagne,0.15,0.15,0.1,0.15,0.1
9568,9568,Plombières-les-Bains,44,Grand Est,0.15,0.15,0.1,0.15,0.1
9569,9569,Plombières-lès-Dijon,27,Bourgogne-franche-comté,0.15,0.15,0.1,0.15,0.1
9570,9570,Plomelin,53,Bretagne,0.15,0.15,0.1,0.15,0.1
9571,9571,Plomeur,53,Bretagne,0.15,0.15,0.1,0.15,0.1
9572,9572,Plomion,32,Hauts-de-france,0.15,0.15,0.1,0.15,0.1
9573,9573,Plomodiern,53,Bretagne,0.15,0.15,0.1,0.15,0.1
9574,9574,Plonéis,53,Bretagne,0.15,0.15,0.1,0.15,0.1
9575,9575,Plonéour-Lanvern,53,Bretagne,0.15,0.15,0.1,0.15,0.1
9576,9576,Plonévez-Porzay,53,Bretagne,0.15,0.15,0.1,0.15,0.1
9577,9577,Plonévez-du-Faou,53,Bretagne,0.15,0.15,0.1,0.15,0.1
9578,9578,Plottes,27,Bourgogne-franche-comté,0.15,0.15,0.1,0.15,0.1
9579,9579,Plouagat,53,Bretagne,0.15,0.15,0.1,0.15,0.1
9580,9580,Plouaret,53,Bretagne,0.15,0.15,0.1,0.15,0.1
9581,9581,Plouarzel,53,Bretagne,0.15,0.15,0.1,0.15,0.1
9582,9582,Plouasne,53,Bretagne,0.15,0.15,0.1,0.15,0.1
9583,9583,Plouay,53,Bretagne,0.15,0.15,0.1,0.15,0.1
9584,9584,Ploubalay,53,Bretagne,0.15,0.15,0.1,0.15,0.1
9585,9585,Ploubazlanec,53,Bretagne,0.15,0.15,0.1,0.15,0.1
9586,9586,Ploubezre,53,Bretagne,0.15,0.15,0.1,0.15,0.1
9587,9587,Ploudalmézeau,53,Bretagne,0.15,0.15,0.1,0.15,0.1
9588,9588,Ploudaniel,53,Bretagne,0.15,0.15,0.1,0.15,0.1
9589,9589,Ploudiry,53,Bretagne,0.15,0.15,0.1,0.15,0.1
9590,9590,Plouescat,53,Bretagne,0.15,0.15,0.1,0.15,0.1
9591,9591,Plouezoc'h,53,Bretagne,0.15,0.15,0.1,0.15,0.1
9592,9592,Ploufragan,53,Bretagne,0.15,0.15,0.1,0.15,0.1
9593,9593,Plougar,53,Bretagne,0.15,0.15,0.1,0.15,0.1
9594,9594,Plougasnou,53,Bretagne,0.15,0.15,0.1,0.15,0.1
9595,9595,Plougastel-Daoulas,53,Bretagne,0.15,0.15,0.1,0.15,0.1
9596,9596,Plougonvelin,53,Bretagne,0.15,0.15,0.1,0.15,0.1
9597,9597,Plougonven,53,Bretagne,0.15,0.15,0.1,0.15,0.1
9598,9598,Plougonver,53,Bretagne,0.15,0.15,0.1,0.15,0.1
9599,9599,Plougoulm,53,Bretagne,0.15,0.15,0.1,0.15,0.1
9600,9600,Plougoumelen,53,Bretagne,0.15,0.15,0.1,0.15,0.1
9601,9601,Plougourvest,53,Bretagne,0.15,0.15,0.1,0.15,0.1
9602,9602,Plougras,53,Bretagne,0.15,0.15,0.1,0.15,0.1
9603,9603,Plougrescant,53,Bretagne,0.15,0.15,0.1,0.15,0.1
9604,9604,Plouguenast,53,Bretagne,0.15,0.15,0.1,0.15,0.1
9605,9605,Plouguerneau,53,Bretagne,0.15,0.15,0.1,0.15,0.1
9606,9606,Plouguernével,53,Bretagne,0.15,0.15,0.1,0.15,0.1
9607,9607,Plouguiel,53,Bretagne,0.15,0.15,0.1,0.15,0.1
9608,9608,Plouguin,53,Bretagne,0.15,0.15,0.1,0.15,0.1
9609,9609,Plouha,53,Bretagne,0.15,0.15,0.1,0.15,0.1
9610,9610,Plouharnel,53,Bretagne,0.15,0.15,0.1,0.15,0.1
9611,9611,Plouhinec,53,Bretagne,0.15,0.15,0.1,0.15,0.1
9612,9612,Plouider,53,Bretagne,0.15,0.15,0.1,0.15,0.1
9613,9613,Plouigneau,53,Bretagne,0.15,0.15,0.1,0.15,0.1
9614,9614,Plouisy,53,Bretagne,0.15,0.15,0.1,0.15,0.1
9615,9615,Ploumagoar,53,Bretagne,0.15,0.15,0.1,0.15,0.1
9616,9616,Ploumilliau,53,Bretagne,0.15,0.15,0.1,0.15,0.1
9617,9617,Ploumoguer,53,Bretagne,0.15,0.15,0.1,0.15,0.1
9618,9618,Plounéour-Ménez,53,Bretagne,0.15,0.15,0.1,0.15,0.1
9619,9619,Plounéour-Trez,53,Bretagne,0.15,0.15,0.1,0.15,0.1
9620,9620,Plounérin,53,Bretagne,0.15,0.15,0.1,0.15,0.1
9621,9621,Plounéventer,53,Bretagne,0.15,0.15,0.1,0.15,0.1
9622,9622,Plounévez-Lochrist,53,Bretagne,0.15,0.15,0.1,0.15,0.1
9623,9623,Plounévez-Moëdec,53,Bretagne,0.15,0.15,0.1,0.15,0.1
9624,9624,Plounévez-Quintin,53,Bretagne,0.15,0.15,0.1,0.15,0.1
9625,9625,Plounévézel,53,Bretagne,0.15,0.15,0.1,0.15,0.1
9626,9626,Plouray,53,Bretagne,0.15,0.15,0.1,0.15,0.1
9627,9627,Plourin-lès-Morlaix,53,Bretagne,0.15,0.15,0.1,0.15,0.1
9628,9628,Plourivo,53,Bretagne,0.15,0.15,0.1,0.15,0.1
9629,9629,Plouvara,53,Bretagne,0.15,0.15,0.1,0.15,0.1
9630,9630,Plouvien,53,Bretagne,0.15,0.15,0.1,0.15,0.1
9631,9631,Plouvorn,53,Bretagne,0.15,0.15,0.1,0.15,0.1
9632,9632,Plouyé,53,Bretagne,0.15,0.15,0.1,0.15,0.1
9633,9633,Plouzané,53,Bretagne,0.15,0.15,0.1,0.15,0.1
9634,9634,Plouzévédé,53,Bretagne,0.15,0.15,0.1,0.15,0.1
9635,9635,Plouédern,53,Bretagne,0.15,0.15,0.1,0.15,0.1
9636,9636,Plouégat-Guérand,53,Bretagne,0.15,0.15,0.1,0.15,0.1
9637,9637,Plouégat-Moysan,53,Bretagne,0.15,0.15,0.1,0.15,0.1
9638,9638,Plouénan,53,Bretagne,0.15,0.15,0.1,0.15,0.1
9639,9639,Plouézec,53,Bretagne,0.15,0.15,0.1,0.15,0.1
9640,9640,Plouëc-du-Trieux,53,Bretagne,0.15,0.15,0.1,0.15,0.1
9641,9641,Plouër-sur-Rance,53,Bretagne,0.15,0.15,0.1,0.15,0.1
9642,9642,Plovan,53,Bretagne,0.15,0.15,0.1,0.15,0.1
9643,9643,Plozévet,53,Bretagne,0.15,0.15,0.1,0.15,0.1
9644,9644,Ploërdut,53,Bretagne,0.15,0.15,0.1,0.15,0.1
9645,9645,Ploërmel,53,Bretagne,0.15,0.15,0.1,0.15,0.1
9646,9646,Ploëzal,53,Bretagne,0.15,0.15,0.1,0.15,0.1
9647,9647,Pluduno,53,Bretagne,0.15,0.15,0.1,0.15,0.1
9648,9648,Plufur,53,Bretagne,0.15,0.15,0.1,0.15,0.1
9649,9649,Pluguffan,53,Bretagne,0.15,0.15,0.1,0.15,0.1
9650,9650,Pluherlin,53,Bretagne,0.15,0.15,0.1,0.15,0.1
9651,9651,Plumaudan,53,Bretagne,0.15,0.15,0.1,0.15,0.1
9652,9652,Plumaugat,53,Bretagne,0.15,0.15,0.1,0.15,0.1
9653,9653,Plumelec,53,Bretagne,0.15,0.15,0.1,0.15,0.1
9654,9654,Plumelin,53,Bretagne,0.15,0.15,0.1,0.15,0.1
9655,9655,Plumergat,53,Bretagne,0.15,0.15,0.1,0.15,0.1
9656,9656,Plumieux,53,Bretagne,0.15,0.15,0.1,0.15,0.1
9657,9657,Pluméliau,53,Bretagne,0.15,0.15,0.1,0.15,0.1
9658,9658,Pluneret,53,Bretagne,0.15,0.15,0.1,0.15,0.1
9659,9659,Plurien,53,Bretagne,0.15,0.15,0.1,0.15,0.1
9660,9660,Plusquellec,53,Bretagne,0.15,0.15,0.1,0.15,0.1
9661,9661,Plussulien,53,Bretagne,0.15,0.15,0.1,0.15,0.1
9662,9662,Pluvault,27,Bourgogne-franche-comté,0.15,0.15,0.1,0.15,0.1
9663,9663,Pluvigner,53,Bretagne,0.15,0.15,0.1,0.15,0.1
9664,9664,Pluzunet,53,Bretagne,0.15,0.15,0.1,0.15,0.1
9665,9665,Pléboulle,53,Bretagne,0.15,0.15,0.1,0.15,0.1
9666,9666,Pléchâtel,53,Bretagne,0.15,0.15,0.1,0.15,0.1
9667,9667,Plédran,53,Bretagne,0.15,0.15,0.1,0.15,0.1
9668,9668,Plédéliac,53,Bretagne,0.15,0.15,0.1,0.15,0.1
9669,9669,Pléguien,53,Bretagne,0.15,0.15,0.1,0.15,0.1
9670,9670,Pléhédel,53,Bretagne,0.15,0.15,0.1,0.15,0.1
9671,9671,Plélan-le-Grand,53,Bretagne,0.15,0.15,0.1,0.15,0.1
9672,9672,Plélan-le-Petit,53,Bretagne,0.15,0.15,0.1,0.15,0.1
9673,9673,Plélauff,53,Bretagne,0.15,0.15,0.1,0.15,0.1
9674,9674,Plélo,53,Bretagne,0.15,0.15,0.1,0.15,0.1
9675,9675,Plémet,53,Bretagne,0.15,0.15,0.1,0.15,0.1
9676,9676,Plémy,53,Bretagne,0.15,0.15,0.1,0.15,0.1
9677,9677,Pléneuf-Val-André,53,Bretagne,0.15,0.15,0.1,0.15,0.1
9678,9678,Plénée-Jugon,53,Bretagne,0.15,0.15,0.1,0.15,0.1
9679,9679,Plérin,53,Bretagne,0.15,0.15,0.1,0.15,0.1
9680,9680,Plésidy,53,Bretagne,0.15,0.15,0.1,0.15,0.1
9681,9681,Pléven,53,Bretagne,0.15,0.15,0.1,0.15,0.1
9682,9682,Plévin,53,Bretagne,0.15,0.15,0.1,0.15,0.1
9683,9683,Plœuc-sur-Lié,53,Bretagne,0.15,0.15,0.1,0.15,0.1
9684,9684,Pocé-les-Bois,53,Bretagne,0.15,0.15,0.1,0.15,0.1
9685,9685,Pocé-sur-Cisse,24,Centre-val De Loire,0.15,0.15,0.1,0.15,0.1
9686,9686,Podensac,75,Nouvelle-aquitaine,0.15,0.15,0.1,0.15,0.1
9687,9687,Poey-de-Lescar,75,Nouvelle-aquitaine,0.15,0.15,0.1,0.15,0.1
9688,9688,Poggio-di-Venaco,94,Corse,0.15,0.15,0.1,0.15,0.1
9689,9689,Pogny,44,Grand Est,0.15,0.15,0.1,0.15,0.1
9690,9690,Poigny-la-Forêt,11,Île-de-france,0.15,0.15,0.1,0.15,0.1
9691,9691,Poilley,53,Bretagne,0.15,0.15,0.1,0.15,0.1
9692,9692,Poilly-lez-Gien,24,Centre-val De Loire,0.15,0.15,0.1,0.15,0.1
9693,9693,Poilly-sur-Tholon,27,Bourgogne-franche-comté,0.15,0.15,0.1,0.15,0.1
9694,9694,Poillé-sur-Vègre,52,Pays De La Loire,0.15,0.15,0.1,0.15,0.1
9695,9695,Poincy,11,Île-de-france,0.15,0.15,0.1,0.15,0.1
9696,9696,Pointis-Inard,76,Occitanie,0.15,0.15,0.1,0.15,0.1
9697,9697,Pointis-de-Rivière,76,Occitanie,0.15,0.15,0.1,0.15,0.1
9698,9698,Poisat,84,Auvergne-rhône-alpes,0.15,0.15,0.1,0.15,0.1
9699,9699,Poisson,27,Bourgogne-franche-comté,0.15,0.15,0.1,0.15,0.1
9700,9700,Poissy,11,Île-de-france,0.15,0.15,0.1,0.15,0.1
9701,9701,Poisy,84,Auvergne-rhône-alpes,0.15,0.15,0.1,0.15,0.1
9702,9702,Poitiers,75,Nouvelle-aquitaine,0.15,0.15,0.1,0.15,0.1
9703,9703,Poix-Terron,44,Grand Est,0.15,0.15,0.1,0.15,0.1
9704,9704,Poix-de-Picardie,32,Hauts-de-france,0.15,0.15,0.1,0.15,0.1
9705,9705,Poix-du-Nord,32,Hauts-de-france,0.15,0.15,0.1,0.15,0.1
9706,9706,Polaincourt-et-Clairefontaine,27,Bourgogne-franche-comté,0.15,0.15,0.1,0.15,0.1
9707,9707,Polignac,84,Auvergne-rhône-alpes,0.15,0.15,0.1,0.15,0.1
9708,9708,Poligny,93,Provence-alpes-côte D'azur,0.15,0.15,0.1,0.15,0.1
9709,9709,Poligné,53,Bretagne,0.15,0.15,0.1,0.15,0.1
9710,9710,Polincove,32,Hauts-de-france,0.15,0.15,0.1,0.15,0.1
9711,9711,Poliénas,84,Auvergne-rhône-alpes,0.15,0.15,0.1,0.15,0.1
9712,9712,Pollestres,76,Occitanie,0.15,0.15,0.1,0.15,0.1
9713,9713,Polliat,84,Auvergne-rhône-alpes,0.15,0.15,0.1,0.15,0.1
9714,9714,Pollionnay,84,Auvergne-rhône-alpes,0.15,0.15,0.1,0.15,0.1
9715,9715,Polminhac,84,Auvergne-rhône-alpes,0.15,0.15,0.1,0.15,0.1
9716,9716,Pomarez,75,Nouvelle-aquitaine,0.15,0.15,0.1,0.15,0.1
9717,9717,Pomas,76,Occitanie,0.15,0.15,0.1,0.15,0.1
9718,9718,Pomerol,75,Nouvelle-aquitaine,0.15,0.15,0.1,0.15,0.1
9719,9719,Pomeys,84,Auvergne-rhône-alpes,0.15,0.15,0.1,0.15,0.1
9720,9720,Pommard,27,Bourgogne-franche-comté,0.15,0.15,0.1,0.15,0.1
9721,9721,Pommeret,53,Bretagne,0.15,0.15,0.1,0.15,0.1
9722,9722,Pommereuil,32,Hauts-de-france,0.15,0.15,0.1,0.15,0.1
9723,9723,Pommerieux,52,Pays De La Loire,0.15,0.15,0.1,0.15,0.1
9724,9724,Pommerit-Jaudy,53,Bretagne,0.15,0.15,0.1,0.15,0.1
9725,9725,Pommerit-le-Vicomte,53,Bretagne,0.15,0.15,0.1,0.15,0.1
9726,9726,Pommeuse,11,Île-de-france,0.15,0.15,0.1,0.15,0.1
9727,9727,Pommier-de-Beaurepaire,84,Auvergne-rhône-alpes,0.15,0.15,0.1,0.15,0.1
9728,9728,Pommiers,84,Auvergne-rhône-alpes,0.15,0.15,0.1,0.15,0.1
9729,9729,Pommiers-la-Placette,84,Auvergne-rhône-alpes,0.15,0.15,0.1,0.15,0.1
9730,9730,Pommérieux,44,Grand Est,0.15,0.15,0.1,0.15,0.1
9731,9731,Pompaire,75,Nouvelle-aquitaine,0.15,0.15,0.1,0.15,0.1
9732,9732,Pompertuzat,76,Occitanie,0.15,0.15,0.1,0.15,0.1
9733,9733,Pompey,44,Grand Est,0.15,0.15,0.1,0.15,0.1
9734,9734,Pompignac,75,Nouvelle-aquitaine,0.15,0.15,0.1,0.15,0.1
9735,9735,Pompignan,76,Occitanie,0.15,0.15,0.1,0.15,0.1
9736,9736,Pomponne,11,Île-de-france,0.15,0.15,0.1,0.15,0.1
9737,9737,Pomport,75,Nouvelle-aquitaine,0.15,0.15,0.1,0.15,0.1
9738,9738,Pomérols,76,Occitanie,0.15,0.15,0.1,0.15,0.1
9739,9739,Ponchon,32,Hauts-de-france,0.15,0.15,0.1,0.15,0.1
9740,9740,Poncin,84,Auvergne-rhône-alpes,0.15,0.15,0.1,0.15,0.1
9741,9741,Poncins,84,Auvergne-rhône-alpes,0.15,0.15,0.1,0.15,0.1
9742,9742,Ponlat-Taillebourg,76,Occitanie,0.15,0.15,0.1,0.15,0.1
9743,9743,Pons,75,Nouvelle-aquitaine,0.15,0.15,0.1,0.15,0.1
9744,9744,Pont-Audemer,28,Normandie,0.15,0.15,0.1,0.15,0.1
9745,9745,Pont-Authou,28,Normandie,0.15,0.15,0.1,0.15,0.1
9746,9746,Pont-Aven,53,Bretagne,0.15,0.15,0.1,0.15,0.1
9747,9747,Pont-Croix,53,Bretagne,0.15,0.15,0.1,0.15,0.1
9748,9748,Pont-Hébert,28,Normandie,0.15,0.15,0.1,0.15,0.1
9749,9749,Pont-Melvez,53,Bretagne,0.15,0.15,0.1,0.15,0.1
9750,9750,Pont-Noyelles,32,Hauts-de-france,0.15,0.15,0.1,0.15,0.1
9751,9751,Pont-Remy,32,Hauts-de-france,0.15,0.15,0.1,0.15,0.1
9752,9752,Pont-Saint-Esprit,76,Occitanie,0.15,0.15,0.1,0.15,0.1
9753,9753,Pont-Saint-Martin,52,Pays De La Loire,0.15,0.15,0.1,0.15,0.1
9754,9754,Pont-Saint-Pierre,28,Normandie,0.15,0.15,0.1,0.15,0.1
9755,9755,Pont-Saint-Vincent,44,Grand Est,0.15,0.15,0.1,0.15,0.1
9756,9756,Pont-Sainte-Marie,44,Grand Est,0.15,0.15,0.1,0.15,0.1
9757,9757,Pont-Sainte-Maxence,32,Hauts-de-france,0.15,0.15,0.1,0.15,0.1
9758,9758,Pont-Salomon,84,Auvergne-rhône-alpes,0.15,0.15,0.1,0.15,0.1
9759,9759,Pont-Scorff,53,Bretagne,0.15,0.15,0.1,0.15,0.1
9760,9760,Pont-Trambouze,84,Auvergne-rhône-alpes,0.15,0.15,0.1,0.15,0.1
9761,9761,Pont-d'Ouilly,28,Normandie,0.15,0.15,0.1,0.15,0.1
9762,9762,Pont-de-Chéruy,84,Auvergne-rhône-alpes,0.15,0.15,0.1,0.15,0.1
9763,9763,Pont-de-Labeaume,84,Auvergne-rhône-alpes,0.15,0.15,0.1,0.15,0.1
9764,9764,Pont-de-Larn,76,Occitanie,0.15,0.15,0.1,0.15,0.1
9765,9765,Pont-de-Metz,32,Hauts-de-france,0.15,0.15,0.1,0.15,0.1
9766,9766,Pont-de-Poitte,27,Bourgogne-franche-comté,0.15,0.15,0.1,0.15,0.1
9767,9767,Pont-de-Roide,27,Bourgogne-franche-comté,0.15,0.15,0.1,0.15,0.1
9768,9768,Pont-de-Ruan,24,Centre-val De Loire,0.15,0.15,0.1,0.15,0.1
9769,9769,Pont-de-Salars,76,Occitanie,0.15,0.15,0.1,0.15,0.1
9770,9770,Pont-de-Vaux,84,Auvergne-rhône-alpes,0.15,0.15,0.1,0.15,0.1
9771,9771,Pont-de-Veyle,84,Auvergne-rhône-alpes,0.15,0.15,0.1,0.15,0.1
9772,9772,Pont-du-Casse,75,Nouvelle-aquitaine,0.15,0.15,0.1,0.15,0.1
9773,9773,Pont-du-Château,84,Auvergne-rhône-alpes,0.15,0.15,0.1,0.15,0.1
9774,9774,Pont-en-Royans,84,Auvergne-rhône-alpes,0.15,0.15,0.1,0.15,0.1
9775,9775,Pont-sur-Sambre,32,Hauts-de-france,0.15,0.15,0.1,0.15,0.1
9776,9776,Pont-sur-Seine,44,Grand Est,0.15,0.15,0.1,0.15,0.1
9777,9777,Pont-sur-Yonne,27,Bourgogne-franche-comté,0.15,0.15,0.1,0.15,0.1
9778,9778,Pont-Écrepin,,MISSING,0.15,0.15,0.1,0.15,0.1
9779,9779,Pont-Évêque,84,Auvergne-rhône-alpes,0.15,0.15,0.1,0.15,0.1
9780,9780,Pont-à-Marcq,32,Hauts-de-france,0.15,0.15,0.1,0.15,0.1
9781,9781,Pont-à-Mousson,44,Grand Est,0.15,0.15,0.1,0.15,0.1
9782,9782,Pont-à-Vendin,32,Hauts-de-france,0.15,0.15,0.1,0.15,0.1
9783,9783,Pontacq,75,Nouvelle-aquitaine,0.15,0.15,0.1,0.15,0.1
9784,9784,Pontailler-sur-Saône,27,Bourgogne-franche-comté,0.15,0.15,0.1,0.15,0.1
9785,9785,Pontarlier,27,Bourgogne-franche-comté,0.15,0.15,0.1,0.15,0.1
9786,9786,Pontarmé,32,Hauts-de-france,0.15,0.15,0.1,0.15,0.1
9787,9787,Pontault-Combault,11,Île-de-france,0.15,0.15,0.1,0.15,0.1
9788,9788,Pontaumur,84,Auvergne-rhône-alpes,0.15,0.15,0.1,0.15,0.1
9789,9789,Pontcarré,11,Île-de-france,0.15,0.15,0.1,0.15,0.1
9790,9790,Pontcharra,84,Auvergne-rhône-alpes,0.15,0.15,0.1,0.15,0.1
9791,9791,Pontcharra-sur-Turdine,84,Auvergne-rhône-alpes,0.15,0.15,0.1,0.15,0.1
9792,9792,Pontchâteau,52,Pays De La Loire,0.15,0.15,0.1,0.15,0.1
9793,9793,Ponteilla,76,Occitanie,0.15,0.15,0.1,0.15,0.1
9794,9794,Pontenx-les-Forges,75,Nouvelle-aquitaine,0.15,0.15,0.1,0.15,0.1
9795,9795,Pontevès,93,Provence-alpes-côte D'azur,0.15,0.15,0.1,0.15,0.1
9796,9796,Pontfaverger-Moronvilliers,44,Grand Est,0.15,0.15,0.1,0.15,0.1
9797,9797,Pontgibaud,84,Auvergne-rhône-alpes,0.15,0.15,0.1,0.15,0.1
9798,9798,Pontgouin,24,Centre-val De Loire,0.15,0.15,0.1,0.15,0.1
9799,9799,Ponthierry,,MISSING,0.15,0.15,0.1,0.15,0.1
9800,9800,Ponthoile,32,Hauts-de-france,0.15,0.15,0.1,0.15,0.1
9801,9801,Ponthévrard,11,Île-de-france,0.15,0.15,0.1,0.15,0.1
9802,9802,Pontigny,27,Bourgogne-franche-comté,0.15,0.15,0.1,0.15,0.1
9803,9803,Pontivy,53,Bretagne,0.15,0.15,0.1,0.15,0.1
9804,9804,Pontlevoy,24,Centre-val De Loire,0.15,0.15,0.1,0.15,0.1
9805,9805,Pontmain,52,Pays De La Loire,0.15,0.15,0.1,0.15,0.1
9806,9806,Pontoise,11,Île-de-france,0.15,0.15,0.1,0.15,0.1
9807,9807,Pontonx-sur-l'Adour,75,Nouvelle-aquitaine,0.15,0.15,0.1,0.15,0.1
9808,9808,Pontorson,28,Normandie,0.15,0.15,0.1,0.15,0.1
9809,9809,Pontpierre,44,Grand Est,0.15,0.15,0.1,0.15,0.1
9810,9810,Pontpoint,32,Hauts-de-france,0.15,0.15,0.1,0.15,0.1
9811,9811,Pontrieux,53,Bretagne,0.15,0.15,0.1,0.15,0.1
9812,9812,Pontvallain,52,Pays De La Loire,0.15,0.15,0.1,0.15,0.1
9813,9813,Porcaro,53,Bretagne,0.15,0.15,0.1,0.15,0.1
9814,9814,Porcelette,44,Grand Est,0.15,0.15,0.1,0.15,0.1
9815,9815,Porcheville,11,Île-de-france,0.15,0.15,0.1,0.15,0.1
9816,9816,Porchères,75,Nouvelle-aquitaine,0.15,0.15,0.1,0.15,0.1
9817,9817,Porcieu,,MISSING,0.15,0.15,0.1,0.15,0.1
9818,9818,Pordic,53,Bretagne,0.15,0.15,0.1,0.15,0.1
9819,9819,Pornic,52,Pays De La Loire,0.15,0.15,0.1,0.15,0.1
9820,9820,Pornichet,52,Pays De La Loire,0.15,0.15,0.1,0.15,0.1
9821,9821,Porspoder,53,Bretagne,0.15,0.15,0.1,0.15,0.1
9822,9822,Port,84,Auvergne-rhône-alpes,0.15,0.15,0.1,0.15,0.1
9823,9823,Port-Brillet,52,Pays De La Loire,0.15,0.15,0.1,0.15,0.1
9824,9824,Port-Louis,53,Bretagne,0.15,0.15,0.1,0.15,0.1
9825,9825,Port-Mort,28,Normandie,0.15,0.15,0.1,0.15,0.1
9826,9826,Port-Saint-Louis-du-Rhône,93,Provence-alpes-côte D'azur,0.15,0.15,0.1,0.15,0.1
9827,9827,Port-Saint-Père,52,Pays De La Loire,0.15,0.15,0.1,0.15,0.1
9828,9828,Port-Sainte-Foy-et-Ponchapt,75,Nouvelle-aquitaine,0.15,0.15,0.1,0.15,0.1
9829,9829,Port-Sainte-Marie,75,Nouvelle-aquitaine,0.15,0.15,0.1,0.15,0.1
9830,9830,Port-de-Bouc,93,Provence-alpes-côte D'azur,0.15,0.15,0.1,0.15,0.1
9831,9831,Port-de-Lanne,75,Nouvelle-aquitaine,0.15,0.15,0.1,0.15,0.1
9832,9832,Port-de-Piles,75,Nouvelle-aquitaine,0.15,0.15,0.1,0.15,0.1
9833,9833,Port-des-Barques,75,Nouvelle-aquitaine,0.15,0.15,0.1,0.15,0.1
9834,9834,Port-en-Bessin-Huppain,28,Normandie,0.15,0.15,0.1,0.15,0.1
9835,9835,Port-la-Nouvelle,76,Occitanie,0.15,0.15,0.1,0.15,0.1
9836,9836,Port-sur-Saône,27,Bourgogne-franche-comté,0.15,0.15,0.1,0.15,0.1
9837,9837,Portbail,28,Normandie,0.15,0.15,0.1,0.15,0.1
9838,9838,Portel-des-Corbières,76,Occitanie,0.15,0.15,0.1,0.15,0.1
9839,9839,Portes-lès-Valence,84,Auvergne-rhône-alpes,0.15,0.15,0.1,0.15,0.1
9840,9840,Portet-sur-Garonne,76,Occitanie,0.15,0.15,0.1,0.15,0.1
9841,9841,Portets,75,Nouvelle-aquitaine,0.15,0.15,0.1,0.15,0.1
9842,9842,Portieux,44,Grand Est,0.15,0.15,0.1,0.15,0.1
9843,9843,Portiragnes,76,Occitanie,0.15,0.15,0.1,0.15,0.1
9844,9844,Porto-Vecchio,94,Corse,0.15,0.15,0.1,0.15,0.1
9845,9845,Portvendres,76,Occitanie,0.15,0.15,0.1,0.15,0.1
9846,9846,Poses,28,Normandie,0.15,0.15,0.1,0.15,0.1
9847,9847,Potigny,28,Normandie,0.15,0.15,0.1,0.15,0.1
9848,9848,Pouancé,52,Pays De La Loire,0.15,0.15,0.1,0.15,0.1
9849,9849,Pouant,75,Nouvelle-aquitaine,0.15,0.15,0.1,0.15,0.1
9850,9850,Poucharramet,76,Occitanie,0.15,0.15,0.1,0.15,0.1
9851,9851,Poueyferré,76,Occitanie,0.15,0.15,0.1,0.15,0.1
9852,9852,Pougny,84,Auvergne-rhône-alpes,0.15,0.15,0.1,0.15,0.1
9853,9853,Pougues-les-Eaux,27,Bourgogne-franche-comté,0.15,0.15,0.1,0.15,0.1
9854,9854,Pouillenay,27,Bourgogne-franche-comté,0.15,0.15,0.1,0.15,0.1
9855,9855,Pouilley-Français,27,Bourgogne-franche-comté,0.15,0.15,0.1,0.15,0.1
9856,9856,Pouilley-les-Vignes,27,Bourgogne-franche-comté,0.15,0.15,0.1,0.15,0.1
9857,9857,Pouillon,75,Nouvelle-aquitaine,0.15,0.15,0.1,0.15,0.1
9858,9858,Pouilloux,27,Bourgogne-franche-comté,0.15,0.15,0.1,0.15,0.1
9859,9859,Pouilly,44,Grand Est,0.15,0.15,0.1,0.15,0.1
9860,9860,Pouilly-en-Auxois,27,Bourgogne-franche-comté,0.15,0.15,0.1,0.15,0.1
9861,9861,Pouilly-le-Monial,84,Auvergne-rhône-alpes,0.15,0.15,0.1,0.15,0.1
9862,9862,Pouilly-les-Nonains,84,Auvergne-rhône-alpes,0.15,0.15,0.1,0.15,0.1
9863,9863,Pouilly-lès-Feurs,84,Auvergne-rhône-alpes,0.15,0.15,0.1,0.15,0.1
9864,9864,Pouilly-sous-Charlieu,84,Auvergne-rhône-alpes,0.15,0.15,0.1,0.15,0.1
9865,9865,Pouilly-sur-Loire,27,Bourgogne-franche-comté,0.15,0.15,0.1,0.15,0.1
9866,9866,Pouilly-sur-Saône,27,Bourgogne-franche-comté,0.15,0.15,0.1,0.15,0.1
9867,9867,Pouilly-sur-Serre,32,Hauts-de-france,0.15,0.15,0.1,0.15,0.1
9868,9868,Pouillé,75,Nouvelle-aquitaine,0.15,0.15,0.1,0.15,0.1
9869,9869,Pouillé-les-Côteaux,52,Pays De La Loire,0.15,0.15,0.1,0.15,0.1
9870,9870,Poulaines,24,Centre-val De Loire,0.15,0.15,0.1,0.15,0.1
9871,9871,Poulainville,32,Hauts-de-france,0.15,0.15,0.1,0.15,0.1
9872,9872,Pouldergat,53,Bretagne,0.15,0.15,0.1,0.15,0.1
9873,9873,Pouldreuzic,53,Bretagne,0.15,0.15,0.1,0.15,0.1
9874,9874,Poule-les-Écharmeaux,84,Auvergne-rhône-alpes,0.15,0.15,0.1,0.15,0.1
9875,9875,Pouligny-Notre-Dame,24,Centre-val De Loire,0.15,0.15,0.1,0.15,0.1
9876,9876,Pouligny-Saint-Pierre,24,Centre-val De Loire,0.15,0.15,0.1,0.15,0.1
9877,9877,Poullan-sur-Mer,53,Bretagne,0.15,0.15,0.1,0.15,0.1
9878,9878,Poullaouen,53,Bretagne,0.15,0.15,0.1,0.15,0.1
9879,9879,Poulx,76,Occitanie,0.15,0.15,0.1,0.15,0.1
9880,9880,Pourcieux,93,Provence-alpes-côte D'azur,0.15,0.15,0.1,0.15,0.1
9881,9881,Pournoy-la-Chétive,44,Grand Est,0.15,0.15,0.1,0.15,0.1
9882,9882,Pourrain,27,Bourgogne-franche-comté,0.15,0.15,0.1,0.15,0.1
9883,9883,Pourrières,93,Provence-alpes-côte D'azur,0.15,0.15,0.1,0.15,0.1
9884,9884,Pouru-Saint-Remy,44,Grand Est,0.15,0.15,0.1,0.15,0.1
9885,9885,Poussan,76,Occitanie,0.15,0.15,0.1,0.15,0.1
9886,9886,Poussay,44,Grand Est,0.15,0.15,0.1,0.15,0.1
9887,9887,Pouxeux,44,Grand Est,0.15,0.15,0.1,0.15,0.1
9888,9888,Pouyastruc,76,Occitanie,0.15,0.15,0.1,0.15,0.1
9889,9889,Pouydesseaux,75,Nouvelle-aquitaine,0.15,0.15,0.1,0.15,0.1
9890,9890,Pouzac,76,Occitanie,0.15,0.15,0.1,0.15,0.1
9891,9891,Pouzauges,52,Pays De La Loire,0.15,0.15,0.1,0.15,0.1
9892,9892,Pouzay,24,Centre-val De Loire,0.15,0.15,0.1,0.15,0.1
9893,9893,Pouzolles,76,Occitanie,0.15,0.15,0.1,0.15,0.1
9894,9894,Pouzols,76,Occitanie,0.15,0.15,0.1,0.15,0.1
9895,9895,Poyanne,75,Nouvelle-aquitaine,0.15,0.15,0.1,0.15,0.1
9896,9896,Poyartin,75,Nouvelle-aquitaine,0.15,0.15,0.1,0.15,0.1
9897,9897,Pradelles,84,Auvergne-rhône-alpes,0.15,0.15,0.1,0.15,0.1
9898,9898,Prades,84,Auvergne-rhône-alpes,0.15,0.15,0.1,0.15,0.1
9899,9899,Prades-le-Lez,76,Occitanie,0.15,0.15,0.1,0.15,0.1
9900,9900,Pradines,84,Auvergne-rhône-alpes,0.15,0.15,0.1,0.15,0.1
9901,9901,Pragoulin,,MISSING,0.15,0.15,0.1,0.15,0.1
9902,9902,Prahecq,75,Nouvelle-aquitaine,0.15,0.15,0.1,0.15,0.1
9903,9903,Prailles,75,Nouvelle-aquitaine,0.15,0.15,0.1,0.15,0.1
9904,9904,Pralognan-la-Vanoise,84,Auvergne-rhône-alpes,0.15,0.15,0.1,0.15,0.1
9905,9905,Pralong,84,Auvergne-rhône-alpes,0.15,0.15,0.1,0.15,0.1
9906,9906,Pranzac,75,Nouvelle-aquitaine,0.15,0.15,0.1,0.15,0.1
9907,9907,Prat,53,Bretagne,0.15,0.15,0.1,0.15,0.1
9908,9908,Prat-Bonrepaux,76,Occitanie,0.15,0.15,0.1,0.15,0.1
9909,9909,Prats de Molló,76,Occitanie,0.15,0.15,0.1,0.15,0.1
9910,9910,Pratz,27,Bourgogne-franche-comté,0.15,0.15,0.1,0.15,0.1
9911,9911,Prauthoy,44,Grand Est,0.15,0.15,0.1,0.15,0.1
9912,9912,Prayssac,76,Occitanie,0.15,0.15,0.1,0.15,0.1
9913,9913,Prayssas,75,Nouvelle-aquitaine,0.15,0.15,0.1,0.15,0.1
9914,9914,Praz-sur-Arly,84,Auvergne-rhône-alpes,0.15,0.15,0.1,0.15,0.1
9915,9915,Preignac,75,Nouvelle-aquitaine,0.15,0.15,0.1,0.15,0.1
9916,9916,Preignan,76,Occitanie,0.15,0.15,0.1,0.15,0.1
9917,9917,Presles-en-Brie,11,Île-de-france,0.15,0.15,0.1,0.15,0.1
9918,9918,Pressac,75,Nouvelle-aquitaine,0.15,0.15,0.1,0.15,0.1
9919,9919,Pressins,84,Auvergne-rhône-alpes,0.15,0.15,0.1,0.15,0.1
9920,9920,Preuilly-sur-Claise,24,Centre-val De Loire,0.15,0.15,0.1,0.15,0.1
9921,9921,Preures,32,Hauts-de-france,0.15,0.15,0.1,0.15,0.1
9922,9922,Preuschdorf,44,Grand Est,0.15,0.15,0.1,0.15,0.1
9923,9923,Preux-au-Bois,32,Hauts-de-france,0.15,0.15,0.1,0.15,0.1
9924,9924,Prey,44,Grand Est,0.15,0.15,0.1,0.15,0.1
9925,9925,Priay,84,Auvergne-rhône-alpes,0.15,0.15,0.1,0.15,0.1
9926,9926,Prigonrieux,75,Nouvelle-aquitaine,0.15,0.15,0.1,0.15,0.1
9927,9927,Primarette,84,Auvergne-rhône-alpes,0.15,0.15,0.1,0.15,0.1
9928,9928,Primelin,53,Bretagne,0.15,0.15,0.1,0.15,0.1
9929,9929,Pringy,84,Auvergne-rhône-alpes,0.15,0.15,0.1,0.15,0.1
9930,9930,Prinquiau,52,Pays De La Loire,0.15,0.15,0.1,0.15,0.1
9931,9931,Prisches,32,Hauts-de-france,0.15,0.15,0.1,0.15,0.1
9932,9932,Prissac,24,Centre-val De Loire,0.15,0.15,0.1,0.15,0.1
9933,9933,Prissé,27,Bourgogne-franche-comté,0.15,0.15,0.1,0.15,0.1
9934,9934,Prissé-la-Charrière,75,Nouvelle-aquitaine,0.15,0.15,0.1,0.15,0.1
9935,9935,Privas,84,Auvergne-rhône-alpes,0.15,0.15,0.1,0.15,0.1
9936,9936,Prix-lès-Mézières,44,Grand Est,0.15,0.15,0.1,0.15,0.1
9937,9937,Priziac,53,Bretagne,0.15,0.15,0.1,0.15,0.1
9938,9938,Proissans,75,Nouvelle-aquitaine,0.15,0.15,0.1,0.15,0.1
9939,9939,Propriano,94,Corse,0.15,0.15,0.1,0.15,0.1
9940,9940,Prouilly,44,Grand Est,0.15,0.15,0.1,0.15,0.1
9941,9941,Prouvy,32,Hauts-de-france,0.15,0.15,0.1,0.15,0.1
9942,9942,Prouzel,32,Hauts-de-france,0.15,0.15,0.1,0.15,0.1
9943,9943,Provenchères-sur-Fave,44,Grand Est,0.15,0.15,0.1,0.15,0.1
9944,9944,Proveysieux,84,Auvergne-rhône-alpes,0.15,0.15,0.1,0.15,0.1
9945,9945,Proville,32,Hauts-de-france,0.15,0.15,0.1,0.15,0.1
9946,9946,Provin,32,Hauts-de-france,0.15,0.15,0.1,0.15,0.1
9947,9947,Provins,11,Île-de-france,0.15,0.15,0.1,0.15,0.1
9948,9948,Proyart,32,Hauts-de-france,0.15,0.15,0.1,0.15,0.1
9949,9949,Prudhomat,76,Occitanie,0.15,0.15,0.1,0.15,0.1
9950,9950,Pruillé,52,Pays De La Loire,0.15,0.15,0.1,0.15,0.1
9951,9951,Pruillé-le-Chétif,52,Pays De La Loire,0.15,0.15,0.1,0.15,0.1
9952,9952,Prunay,44,Grand Est,0.15,0.15,0.1,0.15,0.1
9953,9953,Prunay-Cassereau,24,Centre-val De Loire,0.15,0.15,0.1,0.15,0.1
9954,9954,Prunay-le-Gillon,24,Centre-val De Loire,0.15,0.15,0.1,0.15,0.1
9955,9955,Prunelli-di-Fiumorbo,94,Corse,0.15,0.15,0.1,0.15,0.1
9956,9956,Prunet,84,Auvergne-rhône-alpes,0.15,0.15,0.1,0.15,0.1
9957,9957,Pruniers,24,Centre-val De Loire,0.15,0.15,0.1,0.15,0.1
9958,9958,Pruniers-en-Sologne,24,Centre-val De Loire,0.15,0.15,0.1,0.15,0.1
9959,9959,Pré-en-Pail,52,Pays De La Loire,0.15,0.15,0.1,0.15,0.1
9960,9960,Préaux,84,Auvergne-rhône-alpes,0.15,0.15,0.1,0.15,0.1
9961,9961,Préaux-du-Perche,28,Normandie,0.15,0.15,0.1,0.15,0.1
9962,9962,Préchac,76,Occitanie,0.15,0.15,0.1,0.15,0.1
9963,9963,Précieux,84,Auvergne-rhône-alpes,0.15,0.15,0.1,0.15,0.1
9964,9964,Précigné,52,Pays De La Loire,0.15,0.15,0.1,0.15,0.1
9965,9965,Précy-sous-Thil,27,Bourgogne-franche-comté,0.15,0.15,0.1,0.15,0.1
9966,9966,Précy-sur-Marne,11,Île-de-france,0.15,0.15,0.1,0.15,0.1
9967,9967,Précy-sur-Oise,32,Hauts-de-france,0.15,0.15,0.1,0.15,0.1
9968,9968,Préfailles,52,Pays De La Loire,0.15,0.15,0.1,0.15,0.1
9969,9969,Prémanon,27,Bourgogne-franche-comté,0.15,0.15,0.1,0.15,0.1
9970,9970,Prémery,27,Bourgogne-franche-comté,0.15,0.15,0.1,0.15,0.1
9971,9971,Prémesques,32,Hauts-de-france,0.15,0.15,0.1,0.15,0.1
9972,9972,Prémilhat,84,Auvergne-rhône-alpes,0.15,0.15,0.1,0.15,0.1
9973,9973,Prémont,32,Hauts-de-france,0.15,0.15,0.1,0.15,0.1
9974,9974,Prémontré,32,Hauts-de-france,0.15,0.15,0.1,0.15,0.1
9975,9975,Préseau,32,Hauts-de-france,0.15,0.15,0.1,0.15,0.1
9976,9976,Présentevillers,27,Bourgogne-franche-comté,0.15,0.15,0.1,0.15,0.1
9977,9977,Présilly,84,Auvergne-rhône-alpes,0.15,0.15,0.1,0.15,0.1
9978,9978,Préty,27,Bourgogne-franche-comté,0.15,0.15,0.1,0.15,0.1
9979,9979,Préval,52,Pays De La Loire,0.15,0.15,0.1,0.15,0.1
9980,9980,Préveranges,24,Centre-val De Loire,0.15,0.15,0.1,0.15,0.1
9981,9981,Publier,84,Auvergne-rhône-alpes,0.15,0.15,0.1,0.15,0.1
9982,9982,Puceul,52,Pays De La Loire,0.15,0.15,0.1,0.15,0.1
9983,9983,Puget,93,Provence-alpes-côte D'azur,0.15,0.15,0.1,0.15,0.1
9984,9984,Puget-Théniers,93,Provence-alpes-côte D'azur,0.15,0.15,0.1,0.15,0.1
9985,9985,Puget-Ville,93,Provence-alpes-côte D'azur,0.15,0.15,0.1,0.15,0.1
9986,9986,Puget-sur-Argens,93,Provence-alpes-côte D'azur,0.15,0.15,0.1,0.15,0.1
9987,9987,Pugey,27,Bourgogne-franche-comté,0.15,0.15,0.1,0.15,0.1
9988,9988,Pugnac,75,Nouvelle-aquitaine,0.15,0.15,0.1,0.15,0.1
9989,9989,Pugny-Chatenod,84,Auvergne-rhône-alpes,0.15,0.15,0.1,0.15,0.1
9990,9990,Puicheric,76,Occitanie,0.15,0.15,0.1,0.15,0.1
9991,9991,Puilboreau,75,Nouvelle-aquitaine,0.15,0.15,0.1,0.15,0.1
9992,9992,Puimisson,76,Occitanie,0.15,0.15,0.1,0.15,0.1
9993,9993,Puimoisson,93,Provence-alpes-côte D'azur,0.15,0.15,0.1,0.15,0.1
9994,9994,Puiseaux,24,Centre-val De Loire,0.15,0.15,0.1,0.15,0.1
9995,9995,Puiseux-en-France,11,Île-de-france,0.15,0.15,0.1,0.15,0.1
9996,9996,Puiseux-le-Hauberger,32,Hauts-de-france,0.15,0.15,0.1,0.15,0.1
9997,9997,Puisieux,32,Hauts-de-france,0.15,0.15,0.1,0.15,0.1
9998,9998,Puissalicon,76,Occitanie,0.15,0.15,0.1,0.15,0.1
9999,9999,Puisseguin,75,Nouvelle-aquitaine,0.15,0.15,0.1,0.15,0.1
10000,10000,Puisserguier,76,Occitanie,0.15,0.15,0.1,0.15,0.1
10001,10001,Pujaudran,76,Occitanie,0.15,0.15,0.1,0.15,0.1
10002,10002,Pujaut,76,Occitanie,0.15,0.15,0.1,0.15,0.1
10003,10003,Pujo,76,Occitanie,0.15,0.15,0.1,0.15,0.1
10004,10004,Pujo-le-Plan,75,Nouvelle-aquitaine,0.15,0.15,0.1,0.15,0.1
10005,10005,Pujols,75,Nouvelle-aquitaine,0.15,0.15,0.1,0.15,0.1
10006,10006,Pujols-sur-Ciron,75,Nouvelle-aquitaine,0.15,0.15,0.1,0.15,0.1
10007,10007,Pulligny,44,Grand Est,0.15,0.15,0.1,0.15,0.1
10008,10008,Pulnoy,44,Grand Est,0.15,0.15,0.1,0.15,0.1
10009,10009,Pulversheim,44,Grand Est,0.15,0.15,0.1,0.15,0.1
10010,10010,Pure,44,Grand Est,0.15,0.15,0.1,0.15,0.1
10011,10011,Pusey,27,Bourgogne-franche-comté,0.15,0.15,0.1,0.15,0.1
10012,10012,Pusignan,84,Auvergne-rhône-alpes,0.15,0.15,0.1,0.15,0.1
10013,10013,Pussay,11,Île-de-france,0.15,0.15,0.1,0.15,0.1
10014,10014,Putanges-Pont-Écrepin,28,Normandie,0.15,0.15,0.1,0.15,0.1
10015,10015,Puteaux,11,Île-de-france,0.15,0.15,0.1,0.15,0.1
10016,10016,Puttelange-lès-Thionville,44,Grand Est,0.15,0.15,0.1,0.15,0.1
10017,10017,Puy-Guillaume,84,Auvergne-rhône-alpes,0.15,0.15,0.1,0.15,0.1
10018,10018,Puy-Saint-Martin,84,Auvergne-rhône-alpes,0.15,0.15,0.1,0.15,0.1
10019,10019,Puybrun,76,Occitanie,0.15,0.15,0.1,0.15,0.1
10020,10020,Puycornet,76,Occitanie,0.15,0.15,0.1,0.15,0.1
10021,10021,Puygouzon,76,Occitanie,0.15,0.15,0.1,0.15,0.1
10022,10022,Puylaroque,76,Occitanie,0.15,0.15,0.1,0.15,0.1
10023,10023,Puylaurens,76,Occitanie,0.15,0.15,0.1,0.15,0.1
10024,10024,Puyloubier,93,Provence-alpes-côte D'azur,0.15,0.15,0.1,0.15,0.1
10025,10025,Puymiclan,75,Nouvelle-aquitaine,0.15,0.15,0.1,0.15,0.1
10026,10026,Puymirol,75,Nouvelle-aquitaine,0.15,0.15,0.1,0.15,0.1
10027,10027,Puymoyen,75,Nouvelle-aquitaine,0.15,0.15,0.1,0.15,0.1
10028,10028,Puyméras,93,Provence-alpes-côte D'azur,0.15,0.15,0.1,0.15,0.1
10029,10029,Puyoô,75,Nouvelle-aquitaine,0.15,0.15,0.1,0.15,0.1
10030,10030,Puyravault,75,Nouvelle-aquitaine,0.15,0.15,0.1,0.15,0.1
10031,10031,Puyvert,93,Provence-alpes-côte D'azur,0.15,0.15,0.1,0.15,0.1
10032,10032,Péaule,53,Bretagne,0.15,0.15,0.1,0.15,0.1
10033,10033,Péault,52,Pays De La Loire,0.15,0.15,0.1,0.15,0.1
10034,10034,Péchabou,76,Occitanie,0.15,0.15,0.1,0.15,0.1
10035,10035,Pécy,11,Île-de-france,0.15,0.15,0.1,0.15,0.1
10036,10036,Pédernec,53,Bretagne,0.15,0.15,0.1,0.15,0.1
10037,10037,Pégomas,93,Provence-alpes-côte D'azur,0.15,0.15,0.1,0.15,0.1
10038,10038,Pélissanne,93,Provence-alpes-côte D'azur,0.15,0.15,0.1,0.15,0.1
10039,10039,Pélussin,84,Auvergne-rhône-alpes,0.15,0.15,0.1,0.15,0.1
10040,10040,Pénestin,53,Bretagne,0.15,0.15,0.1,0.15,0.1
10041,10041,Péone,93,Provence-alpes-côte D'azur,0.15,0.15,0.1,0.15,0.1
10042,10042,Pépieux,76,Occitanie,0.15,0.15,0.1,0.15,0.1
10043,10043,Pérenchies,32,Hauts-de-france,0.15,0.15,0.1,0.15,0.1
10044,10044,Péret,76,Occitanie,0.15,0.15,0.1,0.15,0.1
10045,10045,Périer,,MISSING,0.15,0.15,0.1,0.15,0.1
10046,10046,Périers,28,Normandie,0.15,0.15,0.1,0.15,0.1
10047,10047,Pérignac,75,Nouvelle-aquitaine,0.15,0.15,0.1,0.15,0.1
10048,10048,Pérignat-lès-Sarliève,84,Auvergne-rhône-alpes,0.15,0.15,0.1,0.15,0.1
10049,10049,Pérignat-sur-Allier,84,Auvergne-rhône-alpes,0.15,0.15,0.1,0.15,0.1
10050,10050,Périgneux,84,Auvergne-rhône-alpes,0.15,0.15,0.1,0.15,0.1
10051,10051,Périgny,84,Auvergne-rhône-alpes,0.15,0.15,0.1,0.15,0.1
10052,10052,Périgné,75,Nouvelle-aquitaine,0.15,0.15,0.1,0.15,0.1
10053,10053,Périgueux,75,Nouvelle-aquitaine,0.15,0.15,0.1,0.15,0.1
10054,10054,Périssac,75,Nouvelle-aquitaine,0.15,0.15,0.1,0.15,0.1
10055,10055,Pérols,76,Occitanie,0.15,0.15,0.1,0.15,0.1
10056,10056,Péron,84,Auvergne-rhône-alpes,0.15,0.15,0.1,0.15,0.1
10057,10057,Péronnas,84,Auvergne-rhône-alpes,0.15,0.15,0.1,0.15,0.1
10058,10058,Péronne,32,Hauts-de-france,0.15,0.15,0.1,0.15,0.1
10059,10059,Péronne-en-Mélantois,32,Hauts-de-france,0.15,0.15,0.1,0.15,0.1
10060,10060,Pérouges,84,Auvergne-rhône-alpes,0.15,0.15,0.1,0.15,0.1
10061,10061,Pérouse,27,Bourgogne-franche-comté,0.15,0.15,0.1,0.15,0.1
10062,10062,Péroy-les-Gombries,32,Hauts-de-france,0.15,0.15,0.1,0.15,0.1
10063,10063,Pézenas,76,Occitanie,0.15,0.15,0.1,0.15,0.1
10064,10064,Pézilla-la-Rivière,76,Occitanie,0.15,0.15,0.1,0.15,0.1
10065,10065,Pîtres,28,Normandie,0.15,0.15,0.1,0.15,0.1
10066,10066,Quaix-en-Chartreuse,84,Auvergne-rhône-alpes,0.15,0.15,0.1,0.15,0.1
10067,10067,Quarante,76,Occitanie,0.15,0.15,0.1,0.15,0.1
10068,10068,Quarouble,32,Hauts-de-france,0.15,0.15,0.1,0.15,0.1
10069,10069,Quarré-les-Tombes,27,Bourgogne-franche-comté,0.15,0.15,0.1,0.15,0.1
10070,10070,Quatzenheim,44,Grand Est,0.15,0.15,0.1,0.15,0.1
10071,10071,Quaëdypre,32,Hauts-de-france,0.15,0.15,0.1,0.15,0.1
10072,10072,Queaux,75,Nouvelle-aquitaine,0.15,0.15,0.1,0.15,0.1
10073,10073,Queige,84,Auvergne-rhône-alpes,0.15,0.15,0.1,0.15,0.1
10074,10074,Quelaines-Saint-Gault,52,Pays De La Loire,0.15,0.15,0.1,0.15,0.1
10075,10075,Quelneuc,53,Bretagne,0.15,0.15,0.1,0.15,0.1
10076,10076,Quemper-Guézennec,53,Bretagne,0.15,0.15,0.1,0.15,0.1
10077,10077,Quend,32,Hauts-de-france,0.15,0.15,0.1,0.15,0.1
10078,10078,Querqueville,28,Normandie,0.15,0.15,0.1,0.15,0.1
10079,10079,Querrien,53,Bretagne,0.15,0.15,0.1,0.15,0.1
10080,10080,Querrieu,32,Hauts-de-france,0.15,0.15,0.1,0.15,0.1
10081,10081,Quesnoy-le-Montant,32,Hauts-de-france,0.15,0.15,0.1,0.15,0.1
10082,10082,Quesnoy-sur-Deûle,32,Hauts-de-france,0.15,0.15,0.1,0.15,0.1
10083,10083,Quesques,32,Hauts-de-france,0.15,0.15,0.1,0.15,0.1
10084,10084,Quessoy,53,Bretagne,0.15,0.15,0.1,0.15,0.1
10085,10085,Questembert,53,Bretagne,0.15,0.15,0.1,0.15,0.1
10086,10086,Quetigny,27,Bourgogne-franche-comté,0.15,0.15,0.1,0.15,0.1
10087,10087,Quettehou,28,Normandie,0.15,0.15,0.1,0.15,0.1
10088,10088,Quettetot,28,Normandie,0.15,0.15,0.1,0.15,0.1
10089,10089,Quettreville-sur-Sienne,28,Normandie,0.15,0.15,0.1,0.15,0.1
10090,10090,Quevauvillers,32,Hauts-de-france,0.15,0.15,0.1,0.15,0.1
10091,10091,Quevillon,28,Normandie,0.15,0.15,0.1,0.15,0.1
10092,10092,Queyssac,75,Nouvelle-aquitaine,0.15,0.15,0.1,0.15,0.1
10093,10093,Quiberon,53,Bretagne,0.15,0.15,0.1,0.15,0.1
10094,10094,Quibou,28,Normandie,0.15,0.15,0.1,0.15,0.1
10095,10095,Quiers,11,Île-de-france,0.15,0.15,0.1,0.15,0.1
10096,10096,Quiers-sur-Bézonde,24,Centre-val De Loire,0.15,0.15,0.1,0.15,0.1
10097,10097,Quiestède,32,Hauts-de-france,0.15,0.15,0.1,0.15,0.1
10098,10098,Quillan,76,Occitanie,0.15,0.15,0.1,0.15,0.1
10099,10099,Quillebeuf-sur-Seine,28,Normandie,0.15,0.15,0.1,0.15,0.1
10100,10100,Quilly,52,Pays De La Loire,0.15,0.15,0.1,0.15,0.1
10101,10101,Quimper,53,Bretagne,0.15,0.15,0.1,0.15,0.1
10102,10102,Quimperlé,53,Bretagne,0.15,0.15,0.1,0.15,0.1
10103,10103,Quincampoix,28,Normandie,0.15,0.15,0.1,0.15,0.1
10104,10104,Quincey,27,Bourgogne-franche-comté,0.15,0.15,0.1,0.15,0.1
10105,10105,Quincieux,84,Auvergne-rhône-alpes,0.15,0.15,0.1,0.15,0.1
10106,10106,Quincié-en-Beaujolais,84,Auvergne-rhône-alpes,0.15,0.15,0.1,0.15,0.1
10107,10107,Quincy,24,Centre-val De Loire,0.15,0.15,0.1,0.15,0.1
10108,10108,Quincy-Voisins,11,Île-de-france,0.15,0.15,0.1,0.15,0.1
10109,10109,Quincy-sous-Sénart,11,Île-de-france,0.15,0.15,0.1,0.15,0.1
10110,10110,Quingey,27,Bourgogne-franche-comté,0.15,0.15,0.1,0.15,0.1
10111,10111,Quins,76,Occitanie,0.15,0.15,0.1,0.15,0.1
10112,10112,Quinsac,75,Nouvelle-aquitaine,0.15,0.15,0.1,0.15,0.1
10113,10113,Quinssaines,84,Auvergne-rhône-alpes,0.15,0.15,0.1,0.15,0.1
10114,10114,Quintal,84,Auvergne-rhône-alpes,0.15,0.15,0.1,0.15,0.1
10115,10115,Quintenas,84,Auvergne-rhône-alpes,0.15,0.15,0.1,0.15,0.1
10116,10116,Quintin,53,Bretagne,0.15,0.15,0.1,0.15,0.1
10117,10117,Quissac,76,Occitanie,0.15,0.15,0.1,0.15,0.1
10118,10118,Quistinic,53,Bretagne,0.15,0.15,0.1,0.15,0.1
10119,10119,Quittebeuf,28,Normandie,0.15,0.15,0.1,0.15,0.1
10120,10120,Quiéry-la-Motte,32,Hauts-de-france,0.15,0.15,0.1,0.15,0.1
10121,10121,Quiévrechain,32,Hauts-de-france,0.15,0.15,0.1,0.15,0.1
10122,10122,Quiévy,32,Hauts-de-france,0.15,0.15,0.1,0.15,0.1
10123,10123,Quéant,32,Hauts-de-france,0.15,0.15,0.1,0.15,0.1
10124,10124,Québriac,53,Bretagne,0.15,0.15,0.1,0.15,0.1
10125,10125,Quédillac,53,Bretagne,0.15,0.15,0.1,0.15,0.1
10126,10126,Quéménéven,53,Bretagne,0.15,0.15,0.1,0.15,0.1
10127,10127,Quérénaing,32,Hauts-de-france,0.15,0.15,0.1,0.15,0.1
10128,10128,Quéven,53,Bretagne,0.15,0.15,0.1,0.15,0.1
10129,10129,Quévert,53,Bretagne,0.15,0.15,0.1,0.15,0.1
10130,10130,Quévreville-la-Poterie,28,Normandie,0.15,0.15,0.1,0.15,0.1
10131,10131,Rabastens,76,Occitanie,0.15,0.15,0.1,0.15,0.1
10132,10132,Rabastens-de-Bigorre,76,Occitanie,0.15,0.15,0.1,0.15,0.1
10133,10133,Rablay-sur-Layon,52,Pays De La Loire,0.15,0.15,0.1,0.15,0.1
10134,10134,Rachecourt-sur-Marne,44,Grand Est,0.15,0.15,0.1,0.15,0.1
10135,10135,Racquinghem,32,Hauts-de-france,0.15,0.15,0.1,0.15,0.1
10136,10136,Racrange,44,Grand Est,0.15,0.15,0.1,0.15,0.1
10137,10137,Raddon-et-Chapendu,27,Bourgogne-franche-comté,0.15,0.15,0.1,0.15,0.1
10138,10138,Radenac,53,Bretagne,0.15,0.15,0.1,0.15,0.1
10139,10139,Radepont,28,Normandie,0.15,0.15,0.1,0.15,0.1
10140,10140,Radinghem-en-Weppes,32,Hauts-de-france,0.15,0.15,0.1,0.15,0.1
10141,10141,Radon,28,Normandie,0.15,0.15,0.1,0.15,0.1
10142,10142,Raedersdorf,44,Grand Est,0.15,0.15,0.1,0.15,0.1
10143,10143,Raedersheim,44,Grand Est,0.15,0.15,0.1,0.15,0.1
10144,10144,Rahling,44,Grand Est,0.15,0.15,0.1,0.15,0.1
10145,10145,Rai,28,Normandie,0.15,0.15,0.1,0.15,0.1
10146,10146,Raillencourt-Sainte-Olle,32,Hauts-de-france,0.15,0.15,0.1,0.15,0.1
10147,10147,Raimbeaucourt,32,Hauts-de-france,0.15,0.15,0.1,0.15,0.1
10148,10148,Rainneville,32,Hauts-de-france,0.15,0.15,0.1,0.15,0.1
10149,10149,Rainvillers,32,Hauts-de-france,0.15,0.15,0.1,0.15,0.1
10150,10150,Raismes,32,Hauts-de-france,0.15,0.15,0.1,0.15,0.1
10151,10151,Raizeux,11,Île-de-france,0.15,0.15,0.1,0.15,0.1
10152,10152,Ramatuelle,93,Provence-alpes-côte D'azur,0.15,0.15,0.1,0.15,0.1
10153,10153,Rambervillers,44,Grand Est,0.15,0.15,0.1,0.15,0.1
10154,10154,Rambouillet,11,Île-de-france,0.15,0.15,0.1,0.15,0.1
10155,10155,Ramillies,32,Hauts-de-france,0.15,0.15,0.1,0.15,0.1
10156,10156,Ramonchamp,44,Grand Est,0.15,0.15,0.1,0.15,0.1
10157,10157,Ramonville-Saint-Agne,76,Occitanie,0.15,0.15,0.1,0.15,0.1
10158,10158,Rampillon,11,Île-de-france,0.15,0.15,0.1,0.15,0.1
10159,10159,Rancennes,44,Grand Est,0.15,0.15,0.1,0.15,0.1
10160,10160,Ranchicourt,,MISSING,0.15,0.15,0.1,0.15,0.1
10161,10161,Rancon,75,Nouvelle-aquitaine,0.15,0.15,0.1,0.15,0.1
10162,10162,Rancy,27,Bourgogne-franche-comté,0.15,0.15,0.1,0.15,0.1
10163,10163,Rancé,84,Auvergne-rhône-alpes,0.15,0.15,0.1,0.15,0.1
10164,10164,Randan,84,Auvergne-rhône-alpes,0.15,0.15,0.1,0.15,0.1
10165,10165,Randens,84,Auvergne-rhône-alpes,0.15,0.15,0.1,0.15,0.1
10166,10166,Randonnai,28,Normandie,0.15,0.15,0.1,0.15,0.1
10167,10167,Rang-du-Fliers,32,Hauts-de-france,0.15,0.15,0.1,0.15,0.1
10168,10168,Ranguevaux,44,Grand Est,0.15,0.15,0.1,0.15,0.1
10169,10169,Rannée,53,Bretagne,0.15,0.15,0.1,0.15,0.1
10170,10170,Ranspach,44,Grand Est,0.15,0.15,0.1,0.15,0.1
10171,10171,Ranspach-le-Bas,44,Grand Est,0.15,0.15,0.1,0.15,0.1
10172,10172,Rantigny,32,Hauts-de-france,0.15,0.15,0.1,0.15,0.1
10173,10173,Rantzwiller,44,Grand Est,0.15,0.15,0.1,0.15,0.1
10174,10174,Ranville,28,Normandie,0.15,0.15,0.1,0.15,0.1
10175,10175,Raon-aux-Bois,44,Grand Est,0.15,0.15,0.1,0.15,0.1
10176,10176,Rasteau,93,Provence-alpes-côte D'azur,0.15,0.15,0.1,0.15,0.1
10177,10177,Raucoules,84,Auvergne-rhône-alpes,0.15,0.15,0.1,0.15,0.1
10178,10178,Raucourt-et-Flaba,44,Grand Est,0.15,0.15,0.1,0.15,0.1
10179,10179,Rauville-la-Bigot,28,Normandie,0.15,0.15,0.1,0.15,0.1
10180,10180,Rauzan,75,Nouvelle-aquitaine,0.15,0.15,0.1,0.15,0.1
10181,10181,Raveau,27,Bourgogne-franche-comté,0.15,0.15,0.1,0.15,0.1
10182,10182,Ravel,84,Auvergne-rhône-alpes,0.15,0.15,0.1,0.15,0.1
10183,10183,Ravenel,32,Hauts-de-france,0.15,0.15,0.1,0.15,0.1
10184,10184,Ravières,27,Bourgogne-franche-comté,0.15,0.15,0.1,0.15,0.1
10185,10185,Razès,75,Nouvelle-aquitaine,0.15,0.15,0.1,0.15,0.1
10186,10186,Rebais,11,Île-de-france,0.15,0.15,0.1,0.15,0.1
10187,10187,Rebréchien,24,Centre-val De Loire,0.15,0.15,0.1,0.15,0.1
10188,10188,Recloses,11,Île-de-france,0.15,0.15,0.1,0.15,0.1
10189,10189,Recologne,27,Bourgogne-franche-comté,0.15,0.15,0.1,0.15,0.1
10190,10190,Recques-sur-Hem,32,Hauts-de-france,0.15,0.15,0.1,0.15,0.1
10191,10191,Recquignies,32,Hauts-de-france,0.15,0.15,0.1,0.15,0.1
10192,10192,Recy,44,Grand Est,0.15,0.15,0.1,0.15,0.1
10193,10193,Redessan,76,Occitanie,0.15,0.15,0.1,0.15,0.1
10194,10194,Redon,53,Bretagne,0.15,0.15,0.1,0.15,0.1
10195,10195,Reffuveille,28,Normandie,0.15,0.15,0.1,0.15,0.1
10196,10196,Regnéville-sur-Mer,28,Normandie,0.15,0.15,0.1,0.15,0.1
10197,10197,Rehainviller,44,Grand Est,0.15,0.15,0.1,0.15,0.1
10198,10198,Reichshoffen,44,Grand Est,0.15,0.15,0.1,0.15,0.1
10199,10199,Reichstett,44,Grand Est,0.15,0.15,0.1,0.15,0.1
10200,10200,Reignac,75,Nouvelle-aquitaine,0.15,0.15,0.1,0.15,0.1
10201,10201,Reignac-sur-Indre,24,Centre-val De Loire,0.15,0.15,0.1,0.15,0.1
10202,10202,Reignier-Ésery,84,Auvergne-rhône-alpes,0.15,0.15,0.1,0.15,0.1
10203,10203,Reilhac,84,Auvergne-rhône-alpes,0.15,0.15,0.1,0.15,0.1
10204,10204,Reillanne,93,Provence-alpes-côte D'azur,0.15,0.15,0.1,0.15,0.1
10205,10205,Reims,44,Grand Est,0.15,0.15,0.1,0.15,0.1
10206,10206,Reiningue,44,Grand Est,0.15,0.15,0.1,0.15,0.1
10207,10207,Reipertswiller,44,Grand Est,0.15,0.15,0.1,0.15,0.1
10208,10208,Remilly-Aillicourt,44,Grand Est,0.15,0.15,0.1,0.15,0.1
10209,10209,Remilly-sur-Lozon,28,Normandie,0.15,0.15,0.1,0.15,0.1
10210,10210,Remilly-sur-Tille,27,Bourgogne-franche-comté,0.15,0.15,0.1,0.15,0.1
10211,10211,Remiremont,44,Grand Est,0.15,0.15,0.1,0.15,0.1
10212,10212,Remoncourt,44,Grand Est,0.15,0.15,0.1,0.15,0.1
10213,10213,Remouillé,52,Pays De La Loire,0.15,0.15,0.1,0.15,0.1
10214,10214,Remoulins,76,Occitanie,0.15,0.15,0.1,0.15,0.1
10215,10215,Remungol,53,Bretagne,0.15,0.15,0.1,0.15,0.1
10216,10216,Remy,32,Hauts-de-france,0.15,0.15,0.1,0.15,0.1
10217,10217,Renac,53,Bretagne,0.15,0.15,0.1,0.15,0.1
10218,10218,Renage,84,Auvergne-rhône-alpes,0.15,0.15,0.1,0.15,0.1
10219,10219,Renaison,84,Auvergne-rhône-alpes,0.15,0.15,0.1,0.15,0.1
10220,10220,Renazé,52,Pays De La Loire,0.15,0.15,0.1,0.15,0.1
10221,10221,Renescure,32,Hauts-de-france,0.15,0.15,0.1,0.15,0.1
10222,10222,Rennes,53,Bretagne,0.15,0.15,0.1,0.15,0.1
10223,10223,Renung,75,Nouvelle-aquitaine,0.15,0.15,0.1,0.15,0.1
10224,10224,Renwez,44,Grand Est,0.15,0.15,0.1,0.15,0.1
10225,10225,Replonges,84,Auvergne-rhône-alpes,0.15,0.15,0.1,0.15,0.1
10226,10226,Requeil,52,Pays De La Loire,0.15,0.15,0.1,0.15,0.1
10227,10227,Ressons-le-Long,32,Hauts-de-france,0.15,0.15,0.1,0.15,0.1
10228,10228,Ressons-sur-Matz,32,Hauts-de-france,0.15,0.15,0.1,0.15,0.1
10229,10229,Restigné,24,Centre-val De Loire,0.15,0.15,0.1,0.15,0.1
10230,10230,Restinclières,76,Occitanie,0.15,0.15,0.1,0.15,0.1
10231,10231,Rethel,44,Grand Est,0.15,0.15,0.1,0.15,0.1
10232,10232,Rethondes,32,Hauts-de-france,0.15,0.15,0.1,0.15,0.1
10233,10233,Retiers,53,Bretagne,0.15,0.15,0.1,0.15,0.1
10234,10234,Retonfey,44,Grand Est,0.15,0.15,0.1,0.15,0.1
10235,10235,Retournac,84,Auvergne-rhône-alpes,0.15,0.15,0.1,0.15,0.1
10236,10236,Rettel,44,Grand Est,0.15,0.15,0.1,0.15,0.1
10237,10237,Rety,32,Hauts-de-france,0.15,0.15,0.1,0.15,0.1
10238,10238,Retzwiller,44,Grand Est,0.15,0.15,0.1,0.15,0.1
10239,10239,Reugny,84,Auvergne-rhône-alpes,0.15,0.15,0.1,0.15,0.1
10240,10240,Reuil-en-Brie,11,Île-de-france,0.15,0.15,0.1,0.15,0.1
10241,10241,Reuilly,28,Normandie,0.15,0.15,0.1,0.15,0.1
10242,10242,Revel,84,Auvergne-rhône-alpes,0.15,0.15,0.1,0.15,0.1
10243,10243,Revelles,32,Hauts-de-france,0.15,0.15,0.1,0.15,0.1
10244,10244,Reventin-Vaugris,84,Auvergne-rhône-alpes,0.15,0.15,0.1,0.15,0.1
10245,10245,Revest-du-Bion,93,Provence-alpes-côte D'azur,0.15,0.15,0.1,0.15,0.1
10246,10246,Revigny-sur-Ornain,44,Grand Est,0.15,0.15,0.1,0.15,0.1
10247,10247,Revin,44,Grand Est,0.15,0.15,0.1,0.15,0.1
10248,10248,Revonnas,84,Auvergne-rhône-alpes,0.15,0.15,0.1,0.15,0.1
10249,10249,Rexpoëde,32,Hauts-de-france,0.15,0.15,0.1,0.15,0.1
10250,10250,Reyniès,76,Occitanie,0.15,0.15,0.1,0.15,0.1
10251,10251,Reynès,76,Occitanie,0.15,0.15,0.1,0.15,0.1
10252,10252,Reyrieux,84,Auvergne-rhône-alpes,0.15,0.15,0.1,0.15,0.1
10253,10253,Reyssouze,84,Auvergne-rhône-alpes,0.15,0.15,0.1,0.15,0.1
10254,10254,Rezé,52,Pays De La Loire,0.15,0.15,0.1,0.15,0.1
10255,10255,Rhinau,44,Grand Est,0.15,0.15,0.1,0.15,0.1
10256,10256,Ria-Sirach,76,Occitanie,0.15,0.15,0.1,0.15,0.1
10257,10257,Riaillé,52,Pays De La Loire,0.15,0.15,0.1,0.15,0.1
10258,10258,Rians,93,Provence-alpes-côte D'azur,0.15,0.15,0.1,0.15,0.1
10259,10259,Riantec,53,Bretagne,0.15,0.15,0.1,0.15,0.1
10260,10260,Ribaute-les-Tavernes,76,Occitanie,0.15,0.15,0.1,0.15,0.1
10261,10261,Ribeauvillé,44,Grand Est,0.15,0.15,0.1,0.15,0.1
10262,10262,Ribemont,32,Hauts-de-france,0.15,0.15,0.1,0.15,0.1
10263,10263,Ribemont-sur-Ancre,32,Hauts-de-france,0.15,0.15,0.1,0.15,0.1
10264,10264,Ribiers,93,Provence-alpes-côte D'azur,0.15,0.15,0.1,0.15,0.1
10265,10265,Ribérac,75,Nouvelle-aquitaine,0.15,0.15,0.1,0.15,0.1
10266,10266,Richardménil,44,Grand Est,0.15,0.15,0.1,0.15,0.1
10267,10267,Richebourg,44,Grand Est,0.15,0.15,0.1,0.15,0.1
10268,10268,Richelieu,24,Centre-val De Loire,0.15,0.15,0.1,0.15,0.1
10269,10269,Richemont,44,Grand Est,0.15,0.15,0.1,0.15,0.1
10270,10270,Richerenches,93,Provence-alpes-côte D'azur,0.15,0.15,0.1,0.15,0.1
10271,10271,Richwiller,44,Grand Est,0.15,0.15,0.1,0.15,0.1
10272,10272,Riec-sur-Belon,53,Bretagne,0.15,0.15,0.1,0.15,0.1
10273,10273,Riedisheim,44,Grand Est,0.15,0.15,0.1,0.15,0.1
10274,10274,Riespach,44,Grand Est,0.15,0.15,0.1,0.15,0.1
10275,10275,Rieulay,32,Hauts-de-france,0.15,0.15,0.1,0.15,0.1
10276,10276,Rieumes,76,Occitanie,0.15,0.15,0.1,0.15,0.1
10277,10277,Rieupeyroux,76,Occitanie,0.15,0.15,0.1,0.15,0.1
10278,10278,Rieutort-de-Randon,76,Occitanie,0.15,0.15,0.1,0.15,0.1
10279,10279,Rieux,53,Bretagne,0.15,0.15,0.1,0.15,0.1
10280,10280,Rieux-Minervois,76,Occitanie,0.15,0.15,0.1,0.15,0.1
10281,10281,Rieux-Volvestre,76,Occitanie,0.15,0.15,0.1,0.15,0.1
10282,10282,Rieux-de-Pelleport,76,Occitanie,0.15,0.15,0.1,0.15,0.1
10283,10283,Rieux-en-Cambrésis,32,Hauts-de-france,0.15,0.15,0.1,0.15,0.1
10284,10284,Riez,93,Provence-alpes-côte D'azur,0.15,0.15,0.1,0.15,0.1
10285,10285,Rignac,76,Occitanie,0.15,0.15,0.1,0.15,0.1
10286,10286,Rignieux-le-Franc,84,Auvergne-rhône-alpes,0.15,0.15,0.1,0.15,0.1
10287,10287,Rigny,27,Bourgogne-franche-comté,0.15,0.15,0.1,0.15,0.1
10288,10288,Rigny-Ussé,24,Centre-val De Loire,0.15,0.15,0.1,0.15,0.1
10289,10289,Rigny-sur-Arroux,27,Bourgogne-franche-comté,0.15,0.15,0.1,0.15,0.1
10290,10290,Rilhac-Rancon,75,Nouvelle-aquitaine,0.15,0.15,0.1,0.15,0.1
10291,10291,Rillieux-la-Pape,84,Auvergne-rhône-alpes,0.15,0.15,0.1,0.15,0.1
10292,10292,Rilly-la-Montagne,44,Grand Est,0.15,0.15,0.1,0.15,0.1
10293,10293,Rimaucourt,44,Grand Est,0.15,0.15,0.1,0.15,0.1
10294,10294,Rimbach-près-Masevaux,44,Grand Est,0.15,0.15,0.1,0.15,0.1
10295,10295,Rimeize,76,Occitanie,0.15,0.15,0.1,0.15,0.1
10296,10296,Rimling,44,Grand Est,0.15,0.15,0.1,0.15,0.1
10297,10297,Rimogne,44,Grand Est,0.15,0.15,0.1,0.15,0.1
10298,10298,Rimont,76,Occitanie,0.15,0.15,0.1,0.15,0.1
10299,10299,Rinxent,32,Hauts-de-france,0.15,0.15,0.1,0.15,0.1
10300,10300,Riols,76,Occitanie,0.15,0.15,0.1,0.15,0.1
10301,10301,Riom,84,Auvergne-rhône-alpes,0.15,0.15,0.1,0.15,0.1
10302,10302,Riom-ès-Montagnes,84,Auvergne-rhône-alpes,0.15,0.15,0.1,0.15,0.1
10303,10303,Rion-des-Landes,75,Nouvelle-aquitaine,0.15,0.15,0.1,0.15,0.1
10304,10304,Rions,75,Nouvelle-aquitaine,0.15,0.15,0.1,0.15,0.1
10305,10305,Riorges,84,Auvergne-rhône-alpes,0.15,0.15,0.1,0.15,0.1
10306,10306,Riotord,84,Auvergne-rhône-alpes,0.15,0.15,0.1,0.15,0.1
10307,10307,Rioux,75,Nouvelle-aquitaine,0.15,0.15,0.1,0.15,0.1
10308,10308,Rioz,27,Bourgogne-franche-comté,0.15,0.15,0.1,0.15,0.1
10309,10309,Riquewihr,44,Grand Est,0.15,0.15,0.1,0.15,0.1
10310,10310,Ris,84,Auvergne-rhône-alpes,0.15,0.15,0.1,0.15,0.1
10311,10311,Ris-Orangis,11,Île-de-france,0.15,0.15,0.1,0.15,0.1
10312,10312,Riscle,76,Occitanie,0.15,0.15,0.1,0.15,0.1
10313,10313,Risoul,93,Provence-alpes-côte D'azur,0.15,0.15,0.1,0.15,0.1
10314,10314,Rivarennes,24,Centre-val De Loire,0.15,0.15,0.1,0.15,0.1
10315,10315,Rive-de-Gier,84,Auvergne-rhône-alpes,0.15,0.15,0.1,0.15,0.1
10316,10316,Rivecourt,32,Hauts-de-france,0.15,0.15,0.1,0.15,0.1
10317,10317,Rivedoux-Plage,75,Nouvelle-aquitaine,0.15,0.15,0.1,0.15,0.1
10318,10318,Rivery,32,Hauts-de-france,0.15,0.15,0.1,0.15,0.1
10319,10319,Rives,84,Auvergne-rhône-alpes,0.15,0.15,0.1,0.15,0.1
10320,10320,Rivesaltes,76,Occitanie,0.15,0.15,0.1,0.15,0.1
10321,10321,Rivière,32,Hauts-de-france,0.15,0.15,0.1,0.15,0.1
10322,10322,Rivière-sur-Tarn,76,Occitanie,0.15,0.15,0.1,0.15,0.1
10323,10323,Rivières,76,Occitanie,0.15,0.15,0.1,0.15,0.1
10324,10324,Rivolet,84,Auvergne-rhône-alpes,0.15,0.15,0.1,0.15,0.1
10325,10325,Rixheim,44,Grand Est,0.15,0.15,0.1,0.15,0.1
10326,10326,Roaillan,75,Nouvelle-aquitaine,0.15,0.15,0.1,0.15,0.1
10327,10327,Roaix,93,Provence-alpes-côte D'azur,0.15,0.15,0.1,0.15,0.1
10328,10328,Roanne,84,Auvergne-rhône-alpes,0.15,0.15,0.1,0.15,0.1
10329,10329,Roannes-Saint-Mary,84,Auvergne-rhône-alpes,0.15,0.15,0.1,0.15,0.1
10330,10330,Robecq,32,Hauts-de-france,0.15,0.15,0.1,0.15,0.1
10331,10331,Robert-Espagne,44,Grand Est,0.15,0.15,0.1,0.15,0.1
10332,10332,Robiac-Rochessadoule,76,Occitanie,0.15,0.15,0.1,0.15,0.1
10333,10333,Robion,93,Provence-alpes-côte D'azur,0.15,0.15,0.1,0.15,0.1
10334,10334,Rocamadour,76,Occitanie,0.15,0.15,0.1,0.15,0.1
10335,10335,Rocbaron,93,Provence-alpes-côte D'azur,0.15,0.15,0.1,0.15,0.1
10336,10336,Roche,84,Auvergne-rhône-alpes,0.15,0.15,0.1,0.15,0.1
10337,10337,Roche-la-Molière,84,Auvergne-rhône-alpes,0.15,0.15,0.1,0.15,0.1
10338,10338,Roche-lez-Beaupré,27,Bourgogne-franche-comté,0.15,0.15,0.1,0.15,0.1
10339,10339,Rochechouart,75,Nouvelle-aquitaine,0.15,0.15,0.1,0.15,0.1
10340,10340,Rochecorbon,24,Centre-val De Loire,0.15,0.15,0.1,0.15,0.1
10341,10341,Rochefort,84,Auvergne-rhône-alpes,0.15,0.15,0.1,0.15,0.1
10342,10342,Rochefort-Montagne,84,Auvergne-rhône-alpes,0.15,0.15,0.1,0.15,0.1
10343,10343,Rochefort-Samson,84,Auvergne-rhône-alpes,0.15,0.15,0.1,0.15,0.1
10344,10344,Rochefort-du-Gard,76,Occitanie,0.15,0.15,0.1,0.15,0.1
10345,10345,Rochefort-en-Terre,53,Bretagne,0.15,0.15,0.1,0.15,0.1
10346,10346,Rochefort-en-Yvelines,11,Île-de-france,0.15,0.15,0.1,0.15,0.1
10347,10347,Rochefort-sur-Loire,52,Pays De La Loire,0.15,0.15,0.1,0.15,0.1
10348,10348,Rochefort-sur-Nenon,27,Bourgogne-franche-comté,0.15,0.15,0.1,0.15,0.1
10349,10349,Rochegude,84,Auvergne-rhône-alpes,0.15,0.15,0.1,0.15,0.1
10350,10350,Rochemaure,84,Auvergne-rhône-alpes,0.15,0.15,0.1,0.15,0.1
10351,10351,Roches-Prémarie-Andillé,75,Nouvelle-aquitaine,0.15,0.15,0.1,0.15,0.1
10352,10352,Roches-lès-Blamont,27,Bourgogne-franche-comté,0.15,0.15,0.1,0.15,0.1
10353,10353,Roches-sur-Marne,44,Grand Est,0.15,0.15,0.1,0.15,0.1
10354,10354,Rocheservière,52,Pays De La Loire,0.15,0.15,0.1,0.15,0.1
10355,10355,Rochesson,44,Grand Est,0.15,0.15,0.1,0.15,0.1
10356,10356,Rochetaillée-sur-Saône,84,Auvergne-rhône-alpes,0.15,0.15,0.1,0.15,0.1
10357,10357,Rochetoirin,84,Auvergne-rhône-alpes,0.15,0.15,0.1,0.15,0.1
10358,10358,Rochetrejoux,52,Pays De La Loire,0.15,0.15,0.1,0.15,0.1
10359,10359,Rocheville,28,Normandie,0.15,0.15,0.1,0.15,0.1
10360,10360,Rochy-Condé,32,Hauts-de-france,0.15,0.15,0.1,0.15,0.1
10361,10361,Roclincourt,32,Hauts-de-france,0.15,0.15,0.1,0.15,0.1
10362,10362,Rocquancourt,28,Normandie,0.15,0.15,0.1,0.15,0.1
10363,10363,Rocquemont,32,Hauts-de-france,0.15,0.15,0.1,0.15,0.1
10364,10364,Rocquencourt,32,Hauts-de-france,0.15,0.15,0.1,0.15,0.1
10365,10365,Rocquigny,44,Grand Est,0.15,0.15,0.1,0.15,0.1
10366,10366,Rocroi,44,Grand Est,0.15,0.15,0.1,0.15,0.1
10367,10367,Rodelle,76,Occitanie,0.15,0.15,0.1,0.15,0.1
10368,10368,Rodemack,44,Grand Est,0.15,0.15,0.1,0.15,0.1
10369,10369,Roderen,44,Grand Est,0.15,0.15,0.1,0.15,0.1
10370,10370,Rodez,76,Occitanie,0.15,0.15,0.1,0.15,0.1
10371,10371,Rodilhan,76,Occitanie,0.15,0.15,0.1,0.15,0.1
10372,10372,Rodès,76,Occitanie,0.15,0.15,0.1,0.15,0.1
10373,10373,Roeschwoog,44,Grand Est,0.15,0.15,0.1,0.15,0.1
10374,10374,Roffiac,84,Auvergne-rhône-alpes,0.15,0.15,0.1,0.15,0.1
10375,10375,Rogerville,28,Normandie,0.15,0.15,0.1,0.15,0.1
10376,10376,Rogliano,94,Corse,0.15,0.15,0.1,0.15,0.1
10377,10377,Rognac,93,Provence-alpes-côte D'azur,0.15,0.15,0.1,0.15,0.1
10378,10378,Rognes,93,Provence-alpes-côte D'azur,0.15,0.15,0.1,0.15,0.1
10379,10379,Rognonas,93,Provence-alpes-côte D'azur,0.15,0.15,0.1,0.15,0.1
10380,10380,Rogny-les-Sept-Écluses,27,Bourgogne-franche-comté,0.15,0.15,0.1,0.15,0.1
10381,10381,Rohan,53,Bretagne,0.15,0.15,0.1,0.15,0.1
10382,10382,Rohrbach-lès-Bitche,44,Grand Est,0.15,0.15,0.1,0.15,0.1
10383,10383,Roiffieux,84,Auvergne-rhône-alpes,0.15,0.15,0.1,0.15,0.1
10384,10384,Roiffé,75,Nouvelle-aquitaine,0.15,0.15,0.1,0.15,0.1
10385,10385,Roinville,24,Centre-val De Loire,0.15,0.15,0.1,0.15,0.1
10386,10386,Roisel,32,Hauts-de-france,0.15,0.15,0.1,0.15,0.1
10387,10387,Roisey,84,Auvergne-rhône-alpes,0.15,0.15,0.1,0.15,0.1
10388,10388,Roissy-en-Brie,11,Île-de-france,0.15,0.15,0.1,0.15,0.1
10389,10389,Roissy-en-France,11,Île-de-france,0.15,0.15,0.1,0.15,0.1
10390,10390,Rolampont,44,Grand Est,0.15,0.15,0.1,0.15,0.1
10391,10391,Rolleville,28,Normandie,0.15,0.15,0.1,0.15,0.1
10392,10392,Rollot,32,Hauts-de-france,0.15,0.15,0.1,0.15,0.1
10393,10393,Rom,75,Nouvelle-aquitaine,0.15,0.15,0.1,0.15,0.1
10394,10394,Romagnat,84,Auvergne-rhône-alpes,0.15,0.15,0.1,0.15,0.1
10395,10395,Romagne,75,Nouvelle-aquitaine,0.15,0.15,0.1,0.15,0.1
10396,10396,Romagnieu,84,Auvergne-rhône-alpes,0.15,0.15,0.1,0.15,0.1
10397,10397,Romagny,44,Grand Est,0.15,0.15,0.1,0.15,0.1
10398,10398,Romagné,53,Bretagne,0.15,0.15,0.1,0.15,0.1
10399,10399,Romainville,11,Île-de-france,0.15,0.15,0.1,0.15,0.1
10400,10400,Romans,84,Auvergne-rhône-alpes,0.15,0.15,0.1,0.15,0.1
10401,10401,Romans-sur-Isère,84,Auvergne-rhône-alpes,0.15,0.15,0.1,0.15,0.1
10402,10402,Romanswiller,44,Grand Est,0.15,0.15,0.1,0.15,0.1
10403,10403,Romanèche-Thorins,27,Bourgogne-franche-comté,0.15,0.15,0.1,0.15,0.1
10404,10404,Rombach-le-Franc,44,Grand Est,0.15,0.15,0.1,0.15,0.1
10405,10405,Rombas,44,Grand Est,0.15,0.15,0.1,0.15,0.1
10406,10406,Rombies-et-Marchipont,32,Hauts-de-france,0.15,0.15,0.1,0.15,0.1
10407,10407,Romegoux,75,Nouvelle-aquitaine,0.15,0.15,0.1,0.15,0.1
10408,10408,Romenay,27,Bourgogne-franche-comté,0.15,0.15,0.1,0.15,0.1
10409,10409,Romescamps,32,Hauts-de-france,0.15,0.15,0.1,0.15,0.1
10410,10410,Romilly-sur-Andelle,28,Normandie,0.15,0.15,0.1,0.15,0.1
10411,10411,Romilly-sur-Seine,44,Grand Est,0.15,0.15,0.1,0.15,0.1
10412,10412,Romillé,53,Bretagne,0.15,0.15,0.1,0.15,0.1
10413,10413,Romorantin-Lanthenay,24,Centre-val De Loire,0.15,0.15,0.1,0.15,0.1
10414,10414,Rompon,84,Auvergne-rhône-alpes,0.15,0.15,0.1,0.15,0.1
10415,10415,Roncey,28,Normandie,0.15,0.15,0.1,0.15,0.1
10416,10416,Ronchamp,27,Bourgogne-franche-comté,0.15,0.15,0.1,0.15,0.1
10417,10417,Roncherolles-sur-le-Vivier,28,Normandie,0.15,0.15,0.1,0.15,0.1
10418,10418,Ronchin,32,Hauts-de-france,0.15,0.15,0.1,0.15,0.1
10419,10419,Roncourt,44,Grand Est,0.15,0.15,0.1,0.15,0.1
10420,10420,Roncq,32,Hauts-de-france,0.15,0.15,0.1,0.15,0.1
10421,10421,Rongères,84,Auvergne-rhône-alpes,0.15,0.15,0.1,0.15,0.1
10422,10422,Ronno,84,Auvergne-rhône-alpes,0.15,0.15,0.1,0.15,0.1
10423,10423,Ronquerolles,11,Île-de-france,0.15,0.15,0.1,0.15,0.1
10424,10424,Ronsenac,75,Nouvelle-aquitaine,0.15,0.15,0.1,0.15,0.1
10425,10425,Ronssoy,32,Hauts-de-france,0.15,0.15,0.1,0.15,0.1
10426,10426,Rontalon,84,Auvergne-rhône-alpes,0.15,0.15,0.1,0.15,0.1
10427,10427,Rontignon,75,Nouvelle-aquitaine,0.15,0.15,0.1,0.15,0.1
10428,10428,Roost-Warendin,32,Hauts-de-france,0.15,0.15,0.1,0.15,0.1
10429,10429,Roppe,27,Bourgogne-franche-comté,0.15,0.15,0.1,0.15,0.1
10430,10430,Roppenheim,44,Grand Est,0.15,0.15,0.1,0.15,0.1
10431,10431,Roppentzwiller,44,Grand Est,0.15,0.15,0.1,0.15,0.1
10432,10432,Roquebillière,93,Provence-alpes-côte D'azur,0.15,0.15,0.1,0.15,0.1
10433,10433,Roquebrun,76,Occitanie,0.15,0.15,0.1,0.15,0.1
10434,10434,Roquebrune-Cap-Martin,93,Provence-alpes-côte D'azur,0.15,0.15,0.1,0.15,0.1
10435,10435,Roquebrune-sur-Argens,93,Provence-alpes-côte D'azur,0.15,0.15,0.1,0.15,0.1
10436,10436,Roquecourbe,76,Occitanie,0.15,0.15,0.1,0.15,0.1
10437,10437,Roquefort,76,Occitanie,0.15,0.15,0.1,0.15,0.1
10438,10438,Roquefort-des-Corbières,76,Occitanie,0.15,0.15,0.1,0.15,0.1
10439,10439,Roquefort-la-Bédoule,93,Provence-alpes-côte D'azur,0.15,0.15,0.1,0.15,0.1
10440,10440,Roquefort-sur-Garonne,76,Occitanie,0.15,0.15,0.1,0.15,0.1
10441,10441,Roquefort-sur-Soulzon,76,Occitanie,0.15,0.15,0.1,0.15,0.1
10442,10442,Roquelaure,76,Occitanie,0.15,0.15,0.1,0.15,0.1
10443,10443,Roquemaure,76,Occitanie,0.15,0.15,0.1,0.15,0.1
10444,10444,Roquesteron,93,Provence-alpes-côte D'azur,0.15,0.15,0.1,0.15,0.1
10445,10445,Roquesérière,76,Occitanie,0.15,0.15,0.1,0.15,0.1
10446,10446,Roquetoire,32,Hauts-de-france,0.15,0.15,0.1,0.15,0.1
10447,10447,Roquettes,76,Occitanie,0.15,0.15,0.1,0.15,0.1
10448,10448,Roquevaire,93,Provence-alpes-côte D'azur,0.15,0.15,0.1,0.15,0.1
10449,10449,Rosans,93,Provence-alpes-côte D'azur,0.15,0.15,0.1,0.15,0.1
10450,10450,Rosbruck,44,Grand Est,0.15,0.15,0.1,0.15,0.1
10451,10451,Roscanvel,53,Bretagne,0.15,0.15,0.1,0.15,0.1
10452,10452,Roscoff,53,Bretagne,0.15,0.15,0.1,0.15,0.1
10453,10453,Rosel,28,Normandie,0.15,0.15,0.1,0.15,0.1
10454,10454,Rosenau,44,Grand Est,0.15,0.15,0.1,0.15,0.1
10455,10455,Rosenwiller,44,Grand Est,0.15,0.15,0.1,0.15,0.1
10456,10456,Rosheim,44,Grand Est,0.15,0.15,0.1,0.15,0.1
10457,10457,Rosières,84,Auvergne-rhône-alpes,0.15,0.15,0.1,0.15,0.1
10458,10458,Rosières-aux-Salines,44,Grand Est,0.15,0.15,0.1,0.15,0.1
10459,10459,Rosières-en-Santerre,32,Hauts-de-france,0.15,0.15,0.1,0.15,0.1
10460,10460,Rosières-près-Troyes,44,Grand Est,0.15,0.15,0.1,0.15,0.1
10461,10461,Rosnay,52,Pays De La Loire,0.15,0.15,0.1,0.15,0.1
10462,10462,Rosnoën,53,Bretagne,0.15,0.15,0.1,0.15,0.1
10463,10463,Rosny-sous-Bois,11,Île-de-france,0.15,0.15,0.1,0.15,0.1
10464,10464,Rosny-sur-Seine,11,Île-de-france,0.15,0.15,0.1,0.15,0.1
10465,10465,Rosoy,32,Hauts-de-france,0.15,0.15,0.1,0.15,0.1
10466,10466,Rospez,53,Bretagne,0.15,0.15,0.1,0.15,0.1
10467,10467,Rosporden,53,Bretagne,0.15,0.15,0.1,0.15,0.1
10468,10468,Rosselange,44,Grand Est,0.15,0.15,0.1,0.15,0.1
10469,10469,Rossfeld,44,Grand Est,0.15,0.15,0.1,0.15,0.1
10470,10470,Rosteig,44,Grand Est,0.15,0.15,0.1,0.15,0.1
10471,10471,Rostrenen,53,Bretagne,0.15,0.15,0.1,0.15,0.1
10472,10472,Rosult,32,Hauts-de-france,0.15,0.15,0.1,0.15,0.1
10473,10473,Rothau,44,Grand Est,0.15,0.15,0.1,0.15,0.1
10474,10474,Rothbach,44,Grand Est,0.15,0.15,0.1,0.15,0.1
10475,10475,Rots,28,Normandie,0.15,0.15,0.1,0.15,0.1
10476,10476,Rou-Marson,52,Pays De La Loire,0.15,0.15,0.1,0.15,0.1
10477,10477,Rouans,52,Pays De La Loire,0.15,0.15,0.1,0.15,0.1
10478,10478,Roubaix,32,Hauts-de-france,0.15,0.15,0.1,0.15,0.1
10479,10479,Roudouallec,53,Bretagne,0.15,0.15,0.1,0.15,0.1
10480,10480,Rouen,28,Normandie,0.15,0.15,0.1,0.15,0.1
10481,10481,Rouessé-Vassé,52,Pays De La Loire,0.15,0.15,0.1,0.15,0.1
10482,10482,Rouet,76,Occitanie,0.15,0.15,0.1,0.15,0.1
10483,10483,Rouez,52,Pays De La Loire,0.15,0.15,0.1,0.15,0.1
10484,10484,Rouffach,44,Grand Est,0.15,0.15,0.1,0.15,0.1
10485,10485,Rouffiac,84,Auvergne-rhône-alpes,0.15,0.15,0.1,0.15,0.1
10486,10486,Rouffiac-Tolosan,76,Occitanie,0.15,0.15,0.1,0.15,0.1
10487,10487,Rouffignac-Saint-Cernin-de-Reilhac,75,Nouvelle-aquitaine,0.15,0.15,0.1,0.15,0.1
10488,10488,Rougegoutte,27,Bourgogne-franche-comté,0.15,0.15,0.1,0.15,0.1
10489,10489,Rougemont,27,Bourgogne-franche-comté,0.15,0.15,0.1,0.15,0.1
10490,10490,Rougemont-le-Château,27,Bourgogne-franche-comté,0.15,0.15,0.1,0.15,0.1
10491,10491,Rougiers,93,Provence-alpes-côte D'azur,0.15,0.15,0.1,0.15,0.1
10492,10492,Rougnac,75,Nouvelle-aquitaine,0.15,0.15,0.1,0.15,0.1
10493,10493,Rougé,52,Pays De La Loire,0.15,0.15,0.1,0.15,0.1
10494,10494,Rouhling,44,Grand Est,0.15,0.15,0.1,0.15,0.1
10495,10495,Rouillac,75,Nouvelle-aquitaine,0.15,0.15,0.1,0.15,0.1
10496,10496,Rouillon,52,Pays De La Loire,0.15,0.15,0.1,0.15,0.1
10497,10497,Rouilly-Saint-Loup,44,Grand Est,0.15,0.15,0.1,0.15,0.1
10498,10498,Rouillé,75,Nouvelle-aquitaine,0.15,0.15,0.1,0.15,0.1
10499,10499,Roujan,76,Occitanie,0.15,0.15,0.1,0.15,0.1
10500,10500,Roulans,27,Bourgogne-franche-comté,0.15,0.15,0.1,0.15,0.1
10501,10501,Roullet-Saint-Estèphe,75,Nouvelle-aquitaine,0.15,0.15,0.1,0.15,0.1
10502,10502,Roullours,28,Normandie,0.15,0.15,0.1,0.15,0.1
10503,10503,Roumagne,75,Nouvelle-aquitaine,0.15,0.15,0.1,0.15,0.1
10504,10504,Roumare,28,Normandie,0.15,0.15,0.1,0.15,0.1
10505,10505,Roumazières-Loubert,75,Nouvelle-aquitaine,0.15,0.15,0.1,0.15,0.1
10506,10506,Roumoules,93,Provence-alpes-côte D'azur,0.15,0.15,0.1,0.15,0.1
10507,10507,Rousies,32,Hauts-de-france,0.15,0.15,0.1,0.15,0.1
10508,10508,Roussay,52,Pays De La Loire,0.15,0.15,0.1,0.15,0.1
10509,10509,Rousset,93,Provence-alpes-côte D'azur,0.15,0.15,0.1,0.15,0.1
10510,10510,Roussillon,93,Provence-alpes-côte D'azur,0.15,0.15,0.1,0.15,0.1
10511,10511,Rousson,76,Occitanie,0.15,0.15,0.1,0.15,0.1
10512,10512,Roussy-le-Village,44,Grand Est,0.15,0.15,0.1,0.15,0.1
10513,10513,Routot,28,Normandie,0.15,0.15,0.1,0.15,0.1
10514,10514,Rouvignies,32,Hauts-de-france,0.15,0.15,0.1,0.15,0.1
10515,10515,Rouville,32,Hauts-de-france,0.15,0.15,0.1,0.15,0.1
10516,10516,Rouvray,28,Normandie,0.15,0.15,0.1,0.15,0.1
10517,10517,Rouvres,28,Normandie,0.15,0.15,0.1,0.15,0.1
10518,10518,Rouvres-en-Multien,32,Hauts-de-france,0.15,0.15,0.1,0.15,0.1
10519,10519,Rouvres-en-Plaine,27,Bourgogne-franche-comté,0.15,0.15,0.1,0.15,0.1
10520,10520,Rouvres-en-Woëvre,44,Grand Est,0.15,0.15,0.1,0.15,0.1
10521,10521,Rouvroy,32,Hauts-de-france,0.15,0.15,0.1,0.15,0.1
10522,10522,Rouvroy-sur-Audry,44,Grand Est,0.15,0.15,0.1,0.15,0.1
10523,10523,Rouxmesnil-Bouteilles,28,Normandie,0.15,0.15,0.1,0.15,0.1
10524,10524,Rouy,27,Bourgogne-franche-comté,0.15,0.15,0.1,0.15,0.1
10525,10525,Rouziers-de-Touraine,24,Centre-val De Loire,0.15,0.15,0.1,0.15,0.1
10526,10526,Roville-devant-Bayon,44,Grand Est,0.15,0.15,0.1,0.15,0.1
10527,10527,Rovon,84,Auvergne-rhône-alpes,0.15,0.15,0.1,0.15,0.1
10528,10528,Royan,75,Nouvelle-aquitaine,0.15,0.15,0.1,0.15,0.1
10529,10529,Royat,84,Auvergne-rhône-alpes,0.15,0.15,0.1,0.15,0.1
10530,10530,Roybon,84,Auvergne-rhône-alpes,0.15,0.15,0.1,0.15,0.1
10531,10531,Roye,32,Hauts-de-france,0.15,0.15,0.1,0.15,0.1
10532,10532,Royère-de-Vassivière,75,Nouvelle-aquitaine,0.15,0.15,0.1,0.15,0.1
10533,10533,Royères,75,Nouvelle-aquitaine,0.15,0.15,0.1,0.15,0.1
10534,10534,Roz-Landrieux,53,Bretagne,0.15,0.15,0.1,0.15,0.1
10535,10535,Roz-sur-Couesnon,53,Bretagne,0.15,0.15,0.1,0.15,0.1
10536,10536,Rozay-en-Brie,11,Île-de-france,0.15,0.15,0.1,0.15,0.1
10537,10537,Rozier-en-Donzy,84,Auvergne-rhône-alpes,0.15,0.15,0.1,0.15,0.1
10538,10538,Rozoy-sur-Serre,32,Hauts-de-france,0.15,0.15,0.1,0.15,0.1
10539,10539,Rozérieulles,44,Grand Est,0.15,0.15,0.1,0.15,0.1
10540,10540,Roézé-sur-Sarthe,52,Pays De La Loire,0.15,0.15,0.1,0.15,0.1
10541,10541,Roëllecourt,32,Hauts-de-france,0.15,0.15,0.1,0.15,0.1
10542,10542,Ruaudin,52,Pays De La Loire,0.15,0.15,0.1,0.15,0.1
10543,10543,Rubelles,11,Île-de-france,0.15,0.15,0.1,0.15,0.1
10544,10544,Rubempré,32,Hauts-de-france,0.15,0.15,0.1,0.15,0.1
10545,10545,Rubrouck,32,Hauts-de-france,0.15,0.15,0.1,0.15,0.1
10546,10546,Ruca,53,Bretagne,0.15,0.15,0.1,0.15,0.1
10547,10547,Ruch,75,Nouvelle-aquitaine,0.15,0.15,0.1,0.15,0.1
10548,10548,Rue,32,Hauts-de-france,0.15,0.15,0.1,0.15,0.1
10549,10549,Rueil-Malmaison,11,Île-de-france,0.15,0.15,0.1,0.15,0.1
10550,10550,Ruelisheim,44,Grand Est,0.15,0.15,0.1,0.15,0.1
10551,10551,Ruelle-sur-Touvre,75,Nouvelle-aquitaine,0.15,0.15,0.1,0.15,0.1
10552,10552,Ruesnes,32,Hauts-de-france,0.15,0.15,0.1,0.15,0.1
10553,10553,Ruffec,75,Nouvelle-aquitaine,0.15,0.15,0.1,0.15,0.1
10554,10554,Ruffey-lès-Beaune,27,Bourgogne-franche-comté,0.15,0.15,0.1,0.15,0.1
10555,10555,Ruffey-lès-Echirey,27,Bourgogne-franche-comté,0.15,0.15,0.1,0.15,0.1
10556,10556,Ruffey-sur-Seille,27,Bourgogne-franche-comté,0.15,0.15,0.1,0.15,0.1
10557,10557,Ruffiac,75,Nouvelle-aquitaine,0.15,0.15,0.1,0.15,0.1
10558,10558,Ruffieux,84,Auvergne-rhône-alpes,0.15,0.15,0.1,0.15,0.1
10559,10559,Ruffigné,52,Pays De La Loire,0.15,0.15,0.1,0.15,0.1
10560,10560,Rugles,28,Normandie,0.15,0.15,0.1,0.15,0.1
10561,10561,Ruillé-le-Gravelais,52,Pays De La Loire,0.15,0.15,0.1,0.15,0.1
10562,10562,Ruillé-sur-Loir,52,Pays De La Loire,0.15,0.15,0.1,0.15,0.1
10563,10563,Ruitz,32,Hauts-de-france,0.15,0.15,0.1,0.15,0.1
10564,10564,Rully,32,Hauts-de-france,0.15,0.15,0.1,0.15,0.1
10565,10565,Rumaucourt,32,Hauts-de-france,0.15,0.15,0.1,0.15,0.1
10566,10566,Rumegies,32,Hauts-de-france,0.15,0.15,0.1,0.15,0.1
10567,10567,Rumersheim-le-Haut,44,Grand Est,0.15,0.15,0.1,0.15,0.1
10568,10568,Rumigny,44,Grand Est,0.15,0.15,0.1,0.15,0.1
10569,10569,Rumilly,84,Auvergne-rhône-alpes,0.15,0.15,0.1,0.15,0.1
10570,10570,Rumilly-en-Cambrésis,32,Hauts-de-france,0.15,0.15,0.1,0.15,0.1
10571,10571,Ruminghem,32,Hauts-de-france,0.15,0.15,0.1,0.15,0.1
10572,10572,Rungis,11,Île-de-france,0.15,0.15,0.1,0.15,0.1
10573,10573,Ruoms,84,Auvergne-rhône-alpes,0.15,0.15,0.1,0.15,0.1
10574,10574,Rupt-sur-Moselle,44,Grand Est,0.15,0.15,0.1,0.15,0.1
10575,10575,Rurange-lès-Thionville,44,Grand Est,0.15,0.15,0.1,0.15,0.1
10576,10576,Russ,44,Grand Est,0.15,0.15,0.1,0.15,0.1
10577,10577,Russange,44,Grand Est,0.15,0.15,0.1,0.15,0.1
10578,10578,Rustenhart,44,Grand Est,0.15,0.15,0.1,0.15,0.1
10579,10579,Rustrel,93,Provence-alpes-côte D'azur,0.15,0.15,0.1,0.15,0.1
10580,10580,Rustroff,44,Grand Est,0.15,0.15,0.1,0.15,0.1
10581,10581,Ruy,84,Auvergne-rhône-alpes,0.15,0.15,0.1,0.15,0.1
10582,10582,Ry,28,Normandie,0.15,0.15,0.1,0.15,0.1
10583,10583,Râches,32,Hauts-de-france,0.15,0.15,0.1,0.15,0.1
10584,10584,Rânes,28,Normandie,0.15,0.15,0.1,0.15,0.1
10585,10585,Réalmont,76,Occitanie,0.15,0.15,0.1,0.15,0.1
10586,10586,Réalville,76,Occitanie,0.15,0.15,0.1,0.15,0.1
10587,10587,Réau,11,Île-de-france,0.15,0.15,0.1,0.15,0.1
10588,10588,Réaumont,84,Auvergne-rhône-alpes,0.15,0.15,0.1,0.15,0.1
10589,10589,Réaumur,52,Pays De La Loire,0.15,0.15,0.1,0.15,0.1
10590,10590,Réaux,75,Nouvelle-aquitaine,0.15,0.15,0.1,0.15,0.1
10591,10591,Rébénacq,75,Nouvelle-aquitaine,0.15,0.15,0.1,0.15,0.1
10592,10592,Réchicourt-le-Château,44,Grand Est,0.15,0.15,0.1,0.15,0.1
10593,10593,Réchésy,27,Bourgogne-franche-comté,0.15,0.15,0.1,0.15,0.1
10594,10594,Rédange,44,Grand Est,0.15,0.15,0.1,0.15,0.1
10595,10595,Rédené,53,Bretagne,0.15,0.15,0.1,0.15,0.1
10596,10596,Réding,44,Grand Est,0.15,0.15,0.1,0.15,0.1
10597,10597,Régny,84,Auvergne-rhône-alpes,0.15,0.15,0.1,0.15,0.1
10598,10598,Réguiny,53,Bretagne,0.15,0.15,0.1,0.15,0.1
10599,10599,Réguisheim,44,Grand Est,0.15,0.15,0.1,0.15,0.1
10600,10600,Régusse,93,Provence-alpes-côte D'azur,0.15,0.15,0.1,0.15,0.1
10601,10601,Réhon,44,Grand Est,0.15,0.15,0.1,0.15,0.1
10602,10602,Rémalard,28,Normandie,0.15,0.15,0.1,0.15,0.1
10603,10603,Rémelfing,44,Grand Est,0.15,0.15,0.1,0.15,0.1
10604,10604,Rémering-lès-Puttelange,44,Grand Est,0.15,0.15,0.1,0.15,0.1
10605,10605,Rémilly,44,Grand Est,0.15,0.15,0.1,0.15,0.1
10606,10606,Réparsac,75,Nouvelle-aquitaine,0.15,0.15,0.1,0.15,0.1
10607,10607,Réquista,76,Occitanie,0.15,0.15,0.1,0.15,0.1
10608,10608,Rétaud,75,Nouvelle-aquitaine,0.15,0.15,0.1,0.15,0.1
10609,10609,Réville,28,Normandie,0.15,0.15,0.1,0.15,0.1
10610,10610,Rœulx,32,Hauts-de-france,0.15,0.15,0.1,0.15,0.1
10611,10611,Rœux,32,Hauts-de-france,0.15,0.15,0.1,0.15,0.1
10612,10612,Saales,44,Grand Est,0.15,0.15,0.1,0.15,0.1
10613,10613,Saasenheim,44,Grand Est,0.15,0.15,0.1,0.15,0.1
10614,10614,Sablet,93,Provence-alpes-côte D'azur,0.15,0.15,0.1,0.15,0.1
10615,10615,Sablonceaux,75,Nouvelle-aquitaine,0.15,0.15,0.1,0.15,0.1
10616,10616,Sablonnières,11,Île-de-france,0.15,0.15,0.1,0.15,0.1
10617,10617,Sablons,84,Auvergne-rhône-alpes,0.15,0.15,0.1,0.15,0.1
10618,10618,Sablé-sur-Sarthe,52,Pays De La Loire,0.15,0.15,0.1,0.15,0.1
10619,10619,Sabran,76,Occitanie,0.15,0.15,0.1,0.15,0.1
10620,10620,Sabres,75,Nouvelle-aquitaine,0.15,0.15,0.1,0.15,0.1
10621,10621,Sacey,28,Normandie,0.15,0.15,0.1,0.15,0.1
10622,10622,Saché,24,Centre-val De Loire,0.15,0.15,0.1,0.15,0.1
10623,10623,Saclas,11,Île-de-france,0.15,0.15,0.1,0.15,0.1
10624,10624,Saclay,11,Île-de-france,0.15,0.15,0.1,0.15,0.1
10625,10625,Sacquenville,28,Normandie,0.15,0.15,0.1,0.15,0.1
10626,10626,Sacy-le-Grand,32,Hauts-de-france,0.15,0.15,0.1,0.15,0.1
10627,10627,Sacy-le-Petit,32,Hauts-de-france,0.15,0.15,0.1,0.15,0.1
10628,10628,Sadirac,75,Nouvelle-aquitaine,0.15,0.15,0.1,0.15,0.1
10629,10629,Sadroc,75,Nouvelle-aquitaine,0.15,0.15,0.1,0.15,0.1
10630,10630,Saessolsheim,44,Grand Est,0.15,0.15,0.1,0.15,0.1
10631,10631,Saffré,52,Pays De La Loire,0.15,0.15,0.1,0.15,0.1
10632,10632,Sagriès,,MISSING,0.15,0.15,0.1,0.15,0.1
10633,10633,Sagy,27,Bourgogne-franche-comté,0.15,0.15,0.1,0.15,0.1
10634,10634,Sahurs,28,Normandie,0.15,0.15,0.1,0.15,0.1
10635,10635,Saignes,84,Auvergne-rhône-alpes,0.15,0.15,0.1,0.15,0.1
10636,10636,Saignon,93,Provence-alpes-côte D'azur,0.15,0.15,0.1,0.15,0.1
10637,10637,Saiguède,76,Occitanie,0.15,0.15,0.1,0.15,0.1
10638,10638,Sail-sous-Couzan,84,Auvergne-rhône-alpes,0.15,0.15,0.1,0.15,0.1
10639,10639,Saillagouse,76,Occitanie,0.15,0.15,0.1,0.15,0.1
10640,10640,Saillans,84,Auvergne-rhône-alpes,0.15,0.15,0.1,0.15,0.1
10641,10641,Saillat-sur-Vienne,75,Nouvelle-aquitaine,0.15,0.15,0.1,0.15,0.1
10642,10642,Saillenard,27,Bourgogne-franche-comté,0.15,0.15,0.1,0.15,0.1
10643,10643,Sailly-Flibeaucourt,32,Hauts-de-france,0.15,0.15,0.1,0.15,0.1
10644,10644,Sailly-Labourse,32,Hauts-de-france,0.15,0.15,0.1,0.15,0.1
10645,10645,Sailly-en-Ostrevent,32,Hauts-de-france,0.15,0.15,0.1,0.15,0.1
10646,10646,Sailly-lez-Lannoy,32,Hauts-de-france,0.15,0.15,0.1,0.15,0.1
10647,10647,Sailly-sur-la-Lys,32,Hauts-de-france,0.15,0.15,0.1,0.15,0.1
10648,10648,Sain-Bel,84,Auvergne-rhône-alpes,0.15,0.15,0.1,0.15,0.1
10649,10649,Sainghin-en-Mélantois,32,Hauts-de-france,0.15,0.15,0.1,0.15,0.1
10650,10650,Sainghin-en-Weppes,32,Hauts-de-france,0.15,0.15,0.1,0.15,0.1
10651,10651,Sainneville,28,Normandie,0.15,0.15,0.1,0.15,0.1
10652,10652,Sains-Richaumont,32,Hauts-de-france,0.15,0.15,0.1,0.15,0.1
10653,10653,Sains-du-Nord,32,Hauts-de-france,0.15,0.15,0.1,0.15,0.1
10654,10654,Sains-en-Amiénois,32,Hauts-de-france,0.15,0.15,0.1,0.15,0.1
10655,10655,Sains-en-Gohelle,32,Hauts-de-france,0.15,0.15,0.1,0.15,0.1
10656,10656,Saint-Affrique,76,Occitanie,0.15,0.15,0.1,0.15,0.1
10657,10657,Saint-Affrique-les-Montagnes,76,Occitanie,0.15,0.15,0.1,0.15,0.1
10658,10658,Saint-Agathon,53,Bretagne,0.15,0.15,0.1,0.15,0.1
10659,10659,Saint-Agnan,76,Occitanie,0.15,0.15,0.1,0.15,0.1
10660,10660,Saint-Agnant,75,Nouvelle-aquitaine,0.15,0.15,0.1,0.15,0.1
10661,10661,Saint-Agnant-de-Versillat,75,Nouvelle-aquitaine,0.15,0.15,0.1,0.15,0.1
10662,10662,Saint-Agnin-sur-Bion,84,Auvergne-rhône-alpes,0.15,0.15,0.1,0.15,0.1
10663,10663,Saint-Agrève,84,Auvergne-rhône-alpes,0.15,0.15,0.1,0.15,0.1
10664,10664,Saint-Aignan,76,Occitanie,0.15,0.15,0.1,0.15,0.1
10665,10665,Saint-Aignan-le-Jaillard,24,Centre-val De Loire,0.15,0.15,0.1,0.15,0.1
10666,10666,Saint-Aignan-sur-Roë,52,Pays De La Loire,0.15,0.15,0.1,0.15,0.1
10667,10667,Saint-Aigulin,75,Nouvelle-aquitaine,0.15,0.15,0.1,0.15,0.1
10668,10668,Saint-Albain,27,Bourgogne-franche-comté,0.15,0.15,0.1,0.15,0.1
10669,10669,Saint-Alban,84,Auvergne-rhône-alpes,0.15,0.15,0.1,0.15,0.1
10670,10670,Saint-Alban-Leysse,84,Auvergne-rhône-alpes,0.15,0.15,0.1,0.15,0.1
10671,10671,Saint-Alban-de-Roche,84,Auvergne-rhône-alpes,0.15,0.15,0.1,0.15,0.1
10672,10672,Saint-Alban-du-Rhône,84,Auvergne-rhône-alpes,0.15,0.15,0.1,0.15,0.1
10673,10673,Saint-Alban-les-Eaux,84,Auvergne-rhône-alpes,0.15,0.15,0.1,0.15,0.1
10674,10674,Saint-Alban-sur-Limagnole,76,Occitanie,0.15,0.15,0.1,0.15,0.1
10675,10675,Saint-Alexandre,76,Occitanie,0.15,0.15,0.1,0.15,0.1
10676,10676,Saint-Allouestre,53,Bretagne,0.15,0.15,0.1,0.15,0.1
10677,10677,Saint-Amand,75,Nouvelle-aquitaine,0.15,0.15,0.1,0.15,0.1
10678,10678,Saint-Amand-Longpré,24,Centre-val De Loire,0.15,0.15,0.1,0.15,0.1
10679,10679,Saint-Amand-Montrond,24,Centre-val De Loire,0.15,0.15,0.1,0.15,0.1
10680,10680,Saint-Amand-en-Puisaye,27,Bourgogne-franche-comté,0.15,0.15,0.1,0.15,0.1
10681,10681,Saint-Amand-les-Eaux,32,Hauts-de-france,0.15,0.15,0.1,0.15,0.1
10682,10682,Saint-Amand-sur-Fion,44,Grand Est,0.15,0.15,0.1,0.15,0.1
10683,10683,Saint-Amand-sur-Sèvre,75,Nouvelle-aquitaine,0.15,0.15,0.1,0.15,0.1
10684,10684,Saint-Amans-Soult,76,Occitanie,0.15,0.15,0.1,0.15,0.1
10685,10685,Saint-Amans-Valtoret,76,Occitanie,0.15,0.15,0.1,0.15,0.1
10686,10686,Saint-Amans-des-Cots,76,Occitanie,0.15,0.15,0.1,0.15,0.1
10687,10687,Saint-Amant-Roche-Savine,84,Auvergne-rhône-alpes,0.15,0.15,0.1,0.15,0.1
10688,10688,Saint-Amant-Tallende,84,Auvergne-rhône-alpes,0.15,0.15,0.1,0.15,0.1
10689,10689,Saint-Amant-de-Boixe,75,Nouvelle-aquitaine,0.15,0.15,0.1,0.15,0.1
10690,10690,Saint-Amant-de-Montmoreau,75,Nouvelle-aquitaine,0.15,0.15,0.1,0.15,0.1
10691,10691,Saint-Amarin,44,Grand Est,0.15,0.15,0.1,0.15,0.1
10692,10692,Saint-Ambroix,76,Occitanie,0.15,0.15,0.1,0.15,0.1
10693,10693,Saint-Amour,27,Bourgogne-franche-comté,0.15,0.15,0.1,0.15,0.1
10694,10694,Saint-Amé,44,Grand Est,0.15,0.15,0.1,0.15,0.1
10695,10695,Saint-Andelain,27,Bourgogne-franche-comté,0.15,0.15,0.1,0.15,0.1
10696,10696,Saint-Andiol,93,Provence-alpes-côte D'azur,0.15,0.15,0.1,0.15,0.1
10697,10697,Saint-Androny,75,Nouvelle-aquitaine,0.15,0.15,0.1,0.15,0.1
10698,10698,Saint-André,84,Auvergne-rhône-alpes,0.15,0.15,0.1,0.15,0.1
10699,10699,Saint-André-Farivillers,32,Hauts-de-france,0.15,0.15,0.1,0.15,0.1
10700,10700,Saint-André-Treize-Voies,52,Pays De La Loire,0.15,0.15,0.1,0.15,0.1
10701,10701,Saint-André-de-Boëge,84,Auvergne-rhône-alpes,0.15,0.15,0.1,0.15,0.1
10702,10702,Saint-André-de-Bâgé,84,Auvergne-rhône-alpes,0.15,0.15,0.1,0.15,0.1
10703,10703,Saint-André-de-Corcy,84,Auvergne-rhône-alpes,0.15,0.15,0.1,0.15,0.1
10704,10704,Saint-André-de-Cruzières,84,Auvergne-rhône-alpes,0.15,0.15,0.1,0.15,0.1
10705,10705,Saint-André-de-Lidon,75,Nouvelle-aquitaine,0.15,0.15,0.1,0.15,0.1
10706,10706,Saint-André-de-Majencoules,76,Occitanie,0.15,0.15,0.1,0.15,0.1
10707,10707,Saint-André-de-Messei,28,Normandie,0.15,0.15,0.1,0.15,0.1
10708,10708,Saint-André-de-Roquelongue,76,Occitanie,0.15,0.15,0.1,0.15,0.1
10709,10709,Saint-André-de-Sangonis,76,Occitanie,0.15,0.15,0.1,0.15,0.1
10710,10710,Saint-André-de-Seignanx,75,Nouvelle-aquitaine,0.15,0.15,0.1,0.15,0.1
10711,10711,Saint-André-de-la-Marche,52,Pays De La Loire,0.15,0.15,0.1,0.15,0.1
10712,10712,Saint-André-de-la-Roche,93,Provence-alpes-côte D'azur,0.15,0.15,0.1,0.15,0.1
10713,10713,Saint-André-des-Eaux,53,Bretagne,0.15,0.15,0.1,0.15,0.1
10714,10714,Saint-André-le-Gaz,84,Auvergne-rhône-alpes,0.15,0.15,0.1,0.15,0.1
10715,10715,Saint-André-le-Puy,84,Auvergne-rhône-alpes,0.15,0.15,0.1,0.15,0.1
10716,10716,Saint-André-les-Alpes,93,Provence-alpes-côte D'azur,0.15,0.15,0.1,0.15,0.1
10717,10717,Saint-André-les-Vergers,44,Grand Est,0.15,0.15,0.1,0.15,0.1
10718,10718,Saint-André-lez-Lille,32,Hauts-de-france,0.15,0.15,0.1,0.15,0.1
10719,10719,Saint-André-sur-Cailly,28,Normandie,0.15,0.15,0.1,0.15,0.1
10720,10720,Saint-André-sur-Orne,28,Normandie,0.15,0.15,0.1,0.15,0.1
10721,10721,Saint-André-sur-Sèvre,75,Nouvelle-aquitaine,0.15,0.15,0.1,0.15,0.1
10722,10722,Saint-André-sur-Vieux-Jonc,84,Auvergne-rhône-alpes,0.15,0.15,0.1,0.15,0.1
10723,10723,Saint-Andéol-le-Château,84,Auvergne-rhône-alpes,0.15,0.15,0.1,0.15,0.1
10724,10724,Saint-Angeau,75,Nouvelle-aquitaine,0.15,0.15,0.1,0.15,0.1
10725,10725,Saint-Angel,84,Auvergne-rhône-alpes,0.15,0.15,0.1,0.15,0.1
10726,10726,Saint-Anthème,84,Auvergne-rhône-alpes,0.15,0.15,0.1,0.15,0.1
10727,10727,Saint-Antoine,84,Auvergne-rhône-alpes,0.15,0.15,0.1,0.15,0.1
10728,10728,Saint-Antoine-de-Breuilh,75,Nouvelle-aquitaine,0.15,0.15,0.1,0.15,0.1
10729,10729,Saint-Antoine-de-Ficalba,75,Nouvelle-aquitaine,0.15,0.15,0.1,0.15,0.1
10730,10730,Saint-Antoine-du-Rocher,24,Centre-val De Loire,0.15,0.15,0.1,0.15,0.1
10731,10731,Saint-Antoine-l'Abbaye,84,Auvergne-rhône-alpes,0.15,0.15,0.1,0.15,0.1
10732,10732,Saint-Antoine-la-Forêt,28,Normandie,0.15,0.15,0.1,0.15,0.1
10733,10733,Saint-Août,24,Centre-val De Loire,0.15,0.15,0.1,0.15,0.1
10734,10734,Saint-Apollinaire,93,Provence-alpes-côte D'azur,0.15,0.15,0.1,0.15,0.1
10735,10735,Saint-Appolinard,84,Auvergne-rhône-alpes,0.15,0.15,0.1,0.15,0.1
10736,10736,Saint-Aquilin-de-Pacy,28,Normandie,0.15,0.15,0.1,0.15,0.1
10737,10737,Saint-Armel,53,Bretagne,0.15,0.15,0.1,0.15,0.1
10738,10738,Saint-Armou,75,Nouvelle-aquitaine,0.15,0.15,0.1,0.15,0.1
10739,10739,Saint-Arnoult,32,Hauts-de-france,0.15,0.15,0.1,0.15,0.1
10740,10740,Saint-Arnoult-des-Bois,24,Centre-val De Loire,0.15,0.15,0.1,0.15,0.1
10741,10741,Saint-Arnoult-en-Yvelines,11,Île-de-france,0.15,0.15,0.1,0.15,0.1
10742,10742,Saint-Astier,75,Nouvelle-aquitaine,0.15,0.15,0.1,0.15,0.1
10743,10743,Saint-Aubert,32,Hauts-de-france,0.15,0.15,0.1,0.15,0.1
10744,10744,Saint-Aubin,75,Nouvelle-aquitaine,0.15,0.15,0.1,0.15,0.1
10745,10745,Saint-Aubin-Celloville,28,Normandie,0.15,0.15,0.1,0.15,0.1
10746,10746,Saint-Aubin-Routot,28,Normandie,0.15,0.15,0.1,0.15,0.1
10747,10747,Saint-Aubin-de-Blaye,75,Nouvelle-aquitaine,0.15,0.15,0.1,0.15,0.1
10748,10748,Saint-Aubin-de-Locquenay,52,Pays De La Loire,0.15,0.15,0.1,0.15,0.1
10749,10749,Saint-Aubin-de-Luigné,52,Pays De La Loire,0.15,0.15,0.1,0.15,0.1
10750,10750,Saint-Aubin-de-Médoc,75,Nouvelle-aquitaine,0.15,0.15,0.1,0.15,0.1
10751,10751,Saint-Aubin-de-Terregatte,28,Normandie,0.15,0.15,0.1,0.15,0.1
10752,10752,Saint-Aubin-des-Bois,28,Normandie,0.15,0.15,0.1,0.15,0.1
10753,10753,Saint-Aubin-des-Châteaux,52,Pays De La Loire,0.15,0.15,0.1,0.15,0.1
10754,10754,Saint-Aubin-des-Coudrais,52,Pays De La Loire,0.15,0.15,0.1,0.15,0.1
10755,10755,Saint-Aubin-des-Landes,53,Bretagne,0.15,0.15,0.1,0.15,0.1
10756,10756,Saint-Aubin-des-Ormeaux,52,Pays De La Loire,0.15,0.15,0.1,0.15,0.1
10757,10757,Saint-Aubin-du-Cormier,53,Bretagne,0.15,0.15,0.1,0.15,0.1
10758,10758,Saint-Aubin-du-Pavail,53,Bretagne,0.15,0.15,0.1,0.15,0.1
10759,10759,Saint-Aubin-du-Plain,75,Nouvelle-aquitaine,0.15,0.15,0.1,0.15,0.1
10760,10760,Saint-Aubin-en-Bray,32,Hauts-de-france,0.15,0.15,0.1,0.15,0.1
10761,10761,Saint-Aubin-le-Cauf,28,Normandie,0.15,0.15,0.1,0.15,0.1
10762,10762,Saint-Aubin-le-Cloud,75,Nouvelle-aquitaine,0.15,0.15,0.1,0.15,0.1
10763,10763,Saint-Aubin-le-Vertueux,28,Normandie,0.15,0.15,0.1,0.15,0.1
10764,10764,Saint-Aubin-lès-Elbeuf,28,Normandie,0.15,0.15,0.1,0.15,0.1
10765,10765,Saint-Aubin-sur-Gaillon,28,Normandie,0.15,0.15,0.1,0.15,0.1
10766,10766,Saint-Aubin-sur-Mer,28,Normandie,0.15,0.15,0.1,0.15,0.1
10767,10767,Saint-Aubin-sur-Scie,28,Normandie,0.15,0.15,0.1,0.15,0.1
10768,10768,Saint-Aubin-Épinay,28,Normandie,0.15,0.15,0.1,0.15,0.1
10769,10769,Saint-Augustin,75,Nouvelle-aquitaine,0.15,0.15,0.1,0.15,0.1
10770,10770,Saint-Augustin-des-Bois,52,Pays De La Loire,0.15,0.15,0.1,0.15,0.1
10771,10771,Saint-Aulaire,75,Nouvelle-aquitaine,0.15,0.15,0.1,0.15,0.1
10772,10772,Saint-Aulaye,75,Nouvelle-aquitaine,0.15,0.15,0.1,0.15,0.1
10773,10773,Saint-Aunès,76,Occitanie,0.15,0.15,0.1,0.15,0.1
10774,10774,Saint-Aupre,84,Auvergne-rhône-alpes,0.15,0.15,0.1,0.15,0.1
10775,10775,Saint-Auvent,75,Nouvelle-aquitaine,0.15,0.15,0.1,0.15,0.1
10776,10776,Saint-Avaugourd-des-Landes,52,Pays De La Loire,0.15,0.15,0.1,0.15,0.1
10777,10777,Saint-Avertin,24,Centre-val De Loire,0.15,0.15,0.1,0.15,0.1
10778,10778,Saint-Avit,84,Auvergne-rhône-alpes,0.15,0.15,0.1,0.15,0.1
10779,10779,Saint-Avold,44,Grand Est,0.15,0.15,0.1,0.15,0.1
10780,10780,Saint-Avre,84,Auvergne-rhône-alpes,0.15,0.15,0.1,0.15,0.1
10781,10781,Saint-Avé,53,Bretagne,0.15,0.15,0.1,0.15,0.1
10782,10782,Saint-Ay,24,Centre-val De Loire,0.15,0.15,0.1,0.15,0.1
10783,10783,Saint-Babel,84,Auvergne-rhône-alpes,0.15,0.15,0.1,0.15,0.1
10784,10784,Saint-Baldoph,84,Auvergne-rhône-alpes,0.15,0.15,0.1,0.15,0.1
10785,10785,Saint-Bardoux,84,Auvergne-rhône-alpes,0.15,0.15,0.1,0.15,0.1
10786,10786,Saint-Barnabé,53,Bretagne,0.15,0.15,0.1,0.15,0.1
10787,10787,Saint-Barthélemy,84,Auvergne-rhône-alpes,0.15,0.15,0.1,0.15,0.1
10788,10788,Saint-Barthélemy-Lestra,84,Auvergne-rhône-alpes,0.15,0.15,0.1,0.15,0.1
10789,10789,Saint-Barthélemy-de-Séchilienne,84,Auvergne-rhône-alpes,0.15,0.15,0.1,0.15,0.1
10790,10790,Saint-Barthélemy-de-Vals,84,Auvergne-rhône-alpes,0.15,0.15,0.1,0.15,0.1
10791,10791,Saint-Barthélemy-le-Plain,84,Auvergne-rhône-alpes,0.15,0.15,0.1,0.15,0.1
10792,10792,Saint-Baudelle,52,Pays De La Loire,0.15,0.15,0.1,0.15,0.1
10793,10793,Saint-Baudille-de-la-Tour,84,Auvergne-rhône-alpes,0.15,0.15,0.1,0.15,0.1
10794,10794,Saint-Bauzille-de-Montmel,76,Occitanie,0.15,0.15,0.1,0.15,0.1
10795,10795,Saint-Bauzille-de-Putois,76,Occitanie,0.15,0.15,0.1,0.15,0.1
10796,10796,Saint-Bauzille-de-la-Sylve,76,Occitanie,0.15,0.15,0.1,0.15,0.1
10797,10797,Saint-Beauzire,84,Auvergne-rhône-alpes,0.15,0.15,0.1,0.15,0.1
10798,10798,Saint-Beauzély,76,Occitanie,0.15,0.15,0.1,0.15,0.1
10799,10799,Saint-Benoît,93,Provence-alpes-côte D'azur,0.15,0.15,0.1,0.15,0.1
10800,10800,Saint-Benoît-de-Carmaux,76,Occitanie,0.15,0.15,0.1,0.15,0.1
10801,10801,Saint-Benoît-des-Ondes,53,Bretagne,0.15,0.15,0.1,0.15,0.1
10802,10802,Saint-Benoît-du-Sault,24,Centre-val De Loire,0.15,0.15,0.1,0.15,0.1
10803,10803,Saint-Benoît-la-Forêt,24,Centre-val De Loire,0.15,0.15,0.1,0.15,0.1
10804,10804,Saint-Benoît-sur-Loire,24,Centre-val De Loire,0.15,0.15,0.1,0.15,0.1
10805,10805,Saint-Berain-sous-Sanvignes,27,Bourgogne-franche-comté,0.15,0.15,0.1,0.15,0.1
10806,10806,Saint-Bernard,84,Auvergne-rhône-alpes,0.15,0.15,0.1,0.15,0.1
10807,10807,Saint-Berthevin,52,Pays De La Loire,0.15,0.15,0.1,0.15,0.1
10808,10808,Saint-Biez-en-Belin,52,Pays De La Loire,0.15,0.15,0.1,0.15,0.1
10809,10809,Saint-Blaise,93,Provence-alpes-côte D'azur,0.15,0.15,0.1,0.15,0.1
10810,10810,Saint-Blaise-du-Buis,84,Auvergne-rhône-alpes,0.15,0.15,0.1,0.15,0.1
10811,10811,Saint-Blimont,32,Hauts-de-france,0.15,0.15,0.1,0.15,0.1
10812,10812,Saint-Bon-Tarentaise,84,Auvergne-rhône-alpes,0.15,0.15,0.1,0.15,0.1
10813,10813,Saint-Bonnet-Briance,75,Nouvelle-aquitaine,0.15,0.15,0.1,0.15,0.1
10814,10814,Saint-Bonnet-Tronçais,84,Auvergne-rhône-alpes,0.15,0.15,0.1,0.15,0.1
10815,10815,Saint-Bonnet-de-Bellac,75,Nouvelle-aquitaine,0.15,0.15,0.1,0.15,0.1
10816,10816,Saint-Bonnet-de-Chavagne,84,Auvergne-rhône-alpes,0.15,0.15,0.1,0.15,0.1
10817,10817,Saint-Bonnet-de-Joux,27,Bourgogne-franche-comté,0.15,0.15,0.1,0.15,0.1
10818,10818,Saint-Bonnet-de-Mure,84,Auvergne-rhône-alpes,0.15,0.15,0.1,0.15,0.1
10819,10819,Saint-Bonnet-de-Rochefort,84,Auvergne-rhône-alpes,0.15,0.15,0.1,0.15,0.1
10820,10820,Saint-Bonnet-du-Gard,76,Occitanie,0.15,0.15,0.1,0.15,0.1
10821,10821,Saint-Bonnet-en-Champsaur,93,Provence-alpes-côte D'azur,0.15,0.15,0.1,0.15,0.1
10822,10822,Saint-Bonnet-le-Château,84,Auvergne-rhône-alpes,0.15,0.15,0.1,0.15,0.1
10823,10823,Saint-Bonnet-le-Courreau,84,Auvergne-rhône-alpes,0.15,0.15,0.1,0.15,0.1
10824,10824,Saint-Bonnet-les-Oules,84,Auvergne-rhône-alpes,0.15,0.15,0.1,0.15,0.1
10825,10825,Saint-Bonnet-près-Riom,84,Auvergne-rhône-alpes,0.15,0.15,0.1,0.15,0.1
10826,10826,Saint-Bonnet-sur-Gironde,75,Nouvelle-aquitaine,0.15,0.15,0.1,0.15,0.1
10827,10827,Saint-Branchs,24,Centre-val De Loire,0.15,0.15,0.1,0.15,0.1
10828,10828,Saint-Brandan,53,Bretagne,0.15,0.15,0.1,0.15,0.1
10829,10829,Saint-Brevin-les-Pins,52,Pays De La Loire,0.15,0.15,0.1,0.15,0.1
10830,10830,Saint-Briac-sur-Mer,53,Bretagne,0.15,0.15,0.1,0.15,0.1
10831,10831,Saint-Brice,75,Nouvelle-aquitaine,0.15,0.15,0.1,0.15,0.1
10832,10832,Saint-Brice-Courcelles,44,Grand Est,0.15,0.15,0.1,0.15,0.1
10833,10833,Saint-Brice-de-Landelles,28,Normandie,0.15,0.15,0.1,0.15,0.1
10834,10834,Saint-Brice-en-Coglès,53,Bretagne,0.15,0.15,0.1,0.15,0.1
10835,10835,Saint-Brice-sous-Forêt,11,Île-de-france,0.15,0.15,0.1,0.15,0.1
10836,10836,Saint-Brice-sur-Vienne,75,Nouvelle-aquitaine,0.15,0.15,0.1,0.15,0.1
10837,10837,Saint-Brieuc,53,Bretagne,0.15,0.15,0.1,0.15,0.1
10838,10838,Saint-Bris-le-Vineux,27,Bourgogne-franche-comté,0.15,0.15,0.1,0.15,0.1
10839,10839,Saint-Brisson-sur-Loire,24,Centre-val De Loire,0.15,0.15,0.1,0.15,0.1
10840,10840,Saint-Broladre,53,Bretagne,0.15,0.15,0.1,0.15,0.1
10841,10841,Saint-Brès,76,Occitanie,0.15,0.15,0.1,0.15,0.1
10842,10842,Saint-Bueil,84,Auvergne-rhône-alpes,0.15,0.15,0.1,0.15,0.1
10843,10843,Saint-Bénigne,84,Auvergne-rhône-alpes,0.15,0.15,0.1,0.15,0.1
10844,10844,Saint-Béron,84,Auvergne-rhône-alpes,0.15,0.15,0.1,0.15,0.1
10845,10845,Saint-Bômer-les-Forges,28,Normandie,0.15,0.15,0.1,0.15,0.1
10846,10846,Saint-Calais,52,Pays De La Loire,0.15,0.15,0.1,0.15,0.1
10847,10847,Saint-Cannat,93,Provence-alpes-côte D'azur,0.15,0.15,0.1,0.15,0.1
10848,10848,Saint-Caprais-de-Bordeaux,75,Nouvelle-aquitaine,0.15,0.15,0.1,0.15,0.1
10849,10849,Saint-Capraise-de-Lalinde,75,Nouvelle-aquitaine,0.15,0.15,0.1,0.15,0.1
10850,10850,Saint-Caradec,53,Bretagne,0.15,0.15,0.1,0.15,0.1
10851,10851,Saint-Carné,53,Bretagne,0.15,0.15,0.1,0.15,0.1
10852,10852,Saint-Carreuc,53,Bretagne,0.15,0.15,0.1,0.15,0.1
10853,10853,Saint-Cassien,84,Auvergne-rhône-alpes,0.15,0.15,0.1,0.15,0.1
10854,10854,Saint-Cassin,84,Auvergne-rhône-alpes,0.15,0.15,0.1,0.15,0.1
10855,10855,Saint-Cast-le-Guildo,53,Bretagne,0.15,0.15,0.1,0.15,0.1
10856,10856,Saint-Castin,75,Nouvelle-aquitaine,0.15,0.15,0.1,0.15,0.1
10857,10857,Saint-Cergues,84,Auvergne-rhône-alpes,0.15,0.15,0.1,0.15,0.1
10858,10858,Saint-Cernin,84,Auvergne-rhône-alpes,0.15,0.15,0.1,0.15,0.1
10859,10859,Saint-Chaffrey,93,Provence-alpes-côte D'azur,0.15,0.15,0.1,0.15,0.1
10860,10860,Saint-Chamant,84,Auvergne-rhône-alpes,0.15,0.15,0.1,0.15,0.1
10861,10861,Saint-Chamas,93,Provence-alpes-côte D'azur,0.15,0.15,0.1,0.15,0.1
10862,10862,Saint-Chamond,84,Auvergne-rhône-alpes,0.15,0.15,0.1,0.15,0.1
10863,10863,Saint-Chaptes,76,Occitanie,0.15,0.15,0.1,0.15,0.1
10864,10864,Saint-Charles,,MISSING,0.15,0.15,0.1,0.15,0.1
10865,10865,Saint-Chartier,24,Centre-val De Loire,0.15,0.15,0.1,0.15,0.1
10866,10866,Saint-Chef,84,Auvergne-rhône-alpes,0.15,0.15,0.1,0.15,0.1
10867,10867,Saint-Chinian,76,Occitanie,0.15,0.15,0.1,0.15,0.1
10868,10868,Saint-Christo-en-Jarez,84,Auvergne-rhône-alpes,0.15,0.15,0.1,0.15,0.1
10869,10869,Saint-Christol,93,Provence-alpes-côte D'azur,0.15,0.15,0.1,0.15,0.1
10870,10870,Saint-Christol-lès-Alès,76,Occitanie,0.15,0.15,0.1,0.15,0.1
10871,10871,Saint-Christoly-de-Blaye,75,Nouvelle-aquitaine,0.15,0.15,0.1,0.15,0.1
10872,10872,Saint-Christophe,84,Auvergne-rhône-alpes,0.15,0.15,0.1,0.15,0.1
10873,10873,Saint-Christophe-Vallon,76,Occitanie,0.15,0.15,0.1,0.15,0.1
10874,10874,Saint-Christophe-des-Bardes,75,Nouvelle-aquitaine,0.15,0.15,0.1,0.15,0.1
10875,10875,Saint-Christophe-des-Bois,53,Bretagne,0.15,0.15,0.1,0.15,0.1
10876,10876,Saint-Christophe-du-Bois,52,Pays De La Loire,0.15,0.15,0.1,0.15,0.1
10877,10877,Saint-Christophe-du-Ligneron,52,Pays De La Loire,0.15,0.15,0.1,0.15,0.1
10878,10878,Saint-Christophe-du-Luat,52,Pays De La Loire,0.15,0.15,0.1,0.15,0.1
10879,10879,Saint-Christophe-en-Bresse,27,Bourgogne-franche-comté,0.15,0.15,0.1,0.15,0.1
10880,10880,Saint-Christophe-en-Brionnais,27,Bourgogne-franche-comté,0.15,0.15,0.1,0.15,0.1
10881,10881,Saint-Christophe-sur-Dolaison,84,Auvergne-rhône-alpes,0.15,0.15,0.1,0.15,0.1
10882,10882,Saint-Christophe-sur-Guiers,84,Auvergne-rhône-alpes,0.15,0.15,0.1,0.15,0.1
10883,10883,Saint-Christophe-sur-le-Nais,24,Centre-val De Loire,0.15,0.15,0.1,0.15,0.1
10884,10884,Saint-Chéron,44,Grand Est,0.15,0.15,0.1,0.15,0.1
10885,10885,Saint-Ciers-de-Canesse,75,Nouvelle-aquitaine,0.15,0.15,0.1,0.15,0.1
10886,10886,Saint-Ciers-du-Taillon,75,Nouvelle-aquitaine,0.15,0.15,0.1,0.15,0.1
10887,10887,Saint-Ciers-sur-Gironde,75,Nouvelle-aquitaine,0.15,0.15,0.1,0.15,0.1
10888,10888,Saint-Clair,84,Auvergne-rhône-alpes,0.15,0.15,0.1,0.15,0.1
10889,10889,Saint-Clair-de-Halouze,28,Normandie,0.15,0.15,0.1,0.15,0.1
10890,10890,Saint-Clair-de-la-Tour,84,Auvergne-rhône-alpes,0.15,0.15,0.1,0.15,0.1
10891,10891,Saint-Clair-du-Rhône,84,Auvergne-rhône-alpes,0.15,0.15,0.1,0.15,0.1
10892,10892,Saint-Clair-sur-Epte,11,Île-de-france,0.15,0.15,0.1,0.15,0.1
10893,10893,Saint-Clair-sur-l'Elle,28,Normandie,0.15,0.15,0.1,0.15,0.1
10894,10894,Saint-Clair-sur-les-Monts,28,Normandie,0.15,0.15,0.1,0.15,0.1
10895,10895,Saint-Clar,76,Occitanie,0.15,0.15,0.1,0.15,0.1
10896,10896,Saint-Clar-de-Rivière,76,Occitanie,0.15,0.15,0.1,0.15,0.1
10897,10897,Saint-Claud,75,Nouvelle-aquitaine,0.15,0.15,0.1,0.15,0.1
10898,10898,Saint-Claude,27,Bourgogne-franche-comté,0.15,0.15,0.1,0.15,0.1
10899,10899,Saint-Claude-de-Diray,24,Centre-val De Loire,0.15,0.15,0.1,0.15,0.1
10900,10900,Saint-Clet,53,Bretagne,0.15,0.15,0.1,0.15,0.1
10901,10901,Saint-Cloud,11,Île-de-france,0.15,0.15,0.1,0.15,0.1
10902,10902,Saint-Clément,84,Auvergne-rhône-alpes,0.15,0.15,0.1,0.15,0.1
10903,10903,Saint-Clément-Rancoudray,28,Normandie,0.15,0.15,0.1,0.15,0.1
10904,10904,Saint-Clément-de-Rivière,76,Occitanie,0.15,0.15,0.1,0.15,0.1
10905,10905,Saint-Clément-de-la-Place,52,Pays De La Loire,0.15,0.15,0.1,0.15,0.1
10906,10906,Saint-Clément-des-Baleines,75,Nouvelle-aquitaine,0.15,0.15,0.1,0.15,0.1
10907,10907,Saint-Clément-des-Levées,52,Pays De La Loire,0.15,0.15,0.1,0.15,0.1
10908,10908,Saint-Clément-les-Places,84,Auvergne-rhône-alpes,0.15,0.15,0.1,0.15,0.1
10909,10909,Saint-Clément-sur-Valsonne,84,Auvergne-rhône-alpes,0.15,0.15,0.1,0.15,0.1
10910,10910,Saint-Congard,53,Bretagne,0.15,0.15,0.1,0.15,0.1
10911,10911,Saint-Constant,84,Auvergne-rhône-alpes,0.15,0.15,0.1,0.15,0.1
10912,10912,Saint-Contest,28,Normandie,0.15,0.15,0.1,0.15,0.1
10913,10913,Saint-Corneille,52,Pays De La Loire,0.15,0.15,0.1,0.15,0.1
10914,10914,Saint-Cornier-des-Landes,28,Normandie,0.15,0.15,0.1,0.15,0.1
10915,10915,Saint-Cosme-en-Vairais,52,Pays De La Loire,0.15,0.15,0.1,0.15,0.1
10916,10916,Saint-Coulomb,53,Bretagne,0.15,0.15,0.1,0.15,0.1
10917,10917,Saint-Crespin-sur-Moine,52,Pays De La Loire,0.15,0.15,0.1,0.15,0.1
10918,10918,Saint-Cricq-Chalosse,75,Nouvelle-aquitaine,0.15,0.15,0.1,0.15,0.1
10919,10919,Saint-Crépin,93,Provence-alpes-côte D'azur,0.15,0.15,0.1,0.15,0.1
10920,10920,Saint-Crépin-Ibouvillers,32,Hauts-de-france,0.15,0.15,0.1,0.15,0.1
10921,10921,Saint-Cybardeaux,75,Nouvelle-aquitaine,0.15,0.15,0.1,0.15,0.1
10922,10922,Saint-Cyprien,84,Auvergne-rhône-alpes,0.15,0.15,0.1,0.15,0.1
10923,10923,Saint-Cyprien-sur-Dourdou,76,Occitanie,0.15,0.15,0.1,0.15,0.1
10924,10924,Saint-Cyr,84,Auvergne-rhône-alpes,0.15,0.15,0.1,0.15,0.1
10925,10925,Saint-Cyr-de-Favières,84,Auvergne-rhône-alpes,0.15,0.15,0.1,0.15,0.1
10926,10926,Saint-Cyr-des-Gâts,52,Pays De La Loire,0.15,0.15,0.1,0.15,0.1
10927,10927,Saint-Cyr-du-Ronceray,28,Normandie,0.15,0.15,0.1,0.15,0.1
10928,10928,Saint-Cyr-en-Bourg,52,Pays De La Loire,0.15,0.15,0.1,0.15,0.1
10929,10929,Saint-Cyr-en-Val,24,Centre-val De Loire,0.15,0.15,0.1,0.15,0.1
10930,10930,Saint-Cyr-le-Gravelais,52,Pays De La Loire,0.15,0.15,0.1,0.15,0.1
10931,10931,Saint-Cyr-les-Vignes,84,Auvergne-rhône-alpes,0.15,0.15,0.1,0.15,0.1
10932,10932,Saint-Cyr-sous-Dourdan,11,Île-de-france,0.15,0.15,0.1,0.15,0.1
10933,10933,Saint-Cyr-sur-Loire,24,Centre-val De Loire,0.15,0.15,0.1,0.15,0.1
10934,10934,Saint-Cyr-sur-Menthon,84,Auvergne-rhône-alpes,0.15,0.15,0.1,0.15,0.1
10935,10935,Saint-Cyr-sur-Mer,93,Provence-alpes-côte D'azur,0.15,0.15,0.1,0.15,0.1
10936,10936,Saint-Cyr-sur-Morin,11,Île-de-france,0.15,0.15,0.1,0.15,0.1
10937,10937,Saint-Cyr-sur-le-Rhône,84,Auvergne-rhône-alpes,0.15,0.15,0.1,0.15,0.1
10938,10938,Saint-Céré,76,Occitanie,0.15,0.15,0.1,0.15,0.1
10939,10939,Saint-Cézaire-sur-Siagne,93,Provence-alpes-côte D'azur,0.15,0.15,0.1,0.15,0.1
10940,10940,Saint-Côme-et-Maruéjols,76,Occitanie,0.15,0.15,0.1,0.15,0.1
10941,10941,Saint-Denis,76,Occitanie,0.15,0.15,0.1,0.15,0.1
10942,10942,Saint-Denis-de-Cabanne,84,Auvergne-rhône-alpes,0.15,0.15,0.1,0.15,0.1
10943,10943,Saint-Denis-de-Gastines,52,Pays De La Loire,0.15,0.15,0.1,0.15,0.1
10944,10944,Saint-Denis-de-Méré,28,Normandie,0.15,0.15,0.1,0.15,0.1
10945,10945,Saint-Denis-de-Pile,75,Nouvelle-aquitaine,0.15,0.15,0.1,0.15,0.1
10946,10946,Saint-Denis-en-Bugey,84,Auvergne-rhône-alpes,0.15,0.15,0.1,0.15,0.1
10947,10947,Saint-Denis-en-Val,24,Centre-val De Loire,0.15,0.15,0.1,0.15,0.1
10948,10948,Saint-Denis-la-Chevasse,52,Pays De La Loire,0.15,0.15,0.1,0.15,0.1
10949,10949,Saint-Denis-le-Thiboult,28,Normandie,0.15,0.15,0.1,0.15,0.1
10950,10950,Saint-Denis-le-Vêtu,28,Normandie,0.15,0.15,0.1,0.15,0.1
10951,10951,Saint-Denis-les-Ponts,24,Centre-val De Loire,0.15,0.15,0.1,0.15,0.1
10952,10952,Saint-Denis-lès-Bourg,84,Auvergne-rhône-alpes,0.15,0.15,0.1,0.15,0.1
10953,10953,Saint-Denis-lès-Rebais,11,Île-de-france,0.15,0.15,0.1,0.15,0.1
10954,10954,Saint-Denis-lès-Sens,27,Bourgogne-franche-comté,0.15,0.15,0.1,0.15,0.1
10955,10955,Saint-Denis-sur-Coise,84,Auvergne-rhône-alpes,0.15,0.15,0.1,0.15,0.1
10956,10956,Saint-Denis-sur-Loire,24,Centre-val De Loire,0.15,0.15,0.1,0.15,0.1
10957,10957,Saint-Denis-sur-Sarthon,28,Normandie,0.15,0.15,0.1,0.15,0.1
10958,10958,Saint-Derrien,53,Bretagne,0.15,0.15,0.1,0.15,0.1
10959,10959,Saint-Didier,93,Provence-alpes-côte D'azur,0.15,0.15,0.1,0.15,0.1
10960,10960,Saint-Didier-de-Formans,84,Auvergne-rhône-alpes,0.15,0.15,0.1,0.15,0.1
10961,10961,Saint-Didier-de-la-Tour,84,Auvergne-rhône-alpes,0.15,0.15,0.1,0.15,0.1
10962,10962,Saint-Didier-des-Bois,28,Normandie,0.15,0.15,0.1,0.15,0.1
10963,10963,Saint-Didier-en-Velay,84,Auvergne-rhône-alpes,0.15,0.15,0.1,0.15,0.1
10964,10964,Saint-Didier-sous-Aubenas,84,Auvergne-rhône-alpes,0.15,0.15,0.1,0.15,0.1
10965,10965,Saint-Didier-sous-Riverie,84,Auvergne-rhône-alpes,0.15,0.15,0.1,0.15,0.1
10966,10966,Saint-Didier-sur-Chalaronne,84,Auvergne-rhône-alpes,0.15,0.15,0.1,0.15,0.1
10967,10967,Saint-Dionisy,76,Occitanie,0.15,0.15,0.1,0.15,0.1
10968,10968,Saint-Dizant-du-Gua,75,Nouvelle-aquitaine,0.15,0.15,0.1,0.15,0.1
10969,10969,Saint-Dizier,44,Grand Est,0.15,0.15,0.1,0.15,0.1
10970,10970,Saint-Dizier-Leyrenne,75,Nouvelle-aquitaine,0.15,0.15,0.1,0.15,0.1
10971,10971,Saint-Dié-des-Vosges,44,Grand Est,0.15,0.15,0.1,0.15,0.1
10972,10972,Saint-Dolay,53,Bretagne,0.15,0.15,0.1,0.15,0.1
10973,10973,Saint-Domineuc,53,Bretagne,0.15,0.15,0.1,0.15,0.1
10974,10974,Saint-Donan,53,Bretagne,0.15,0.15,0.1,0.15,0.1
10975,10975,Saint-Doulchard,24,Centre-val De Loire,0.15,0.15,0.1,0.15,0.1
10976,10976,Saint-Drézéry,76,Occitanie,0.15,0.15,0.1,0.15,0.1
10977,10977,Saint-Dyé-sur-Loire,24,Centre-val De Loire,0.15,0.15,0.1,0.15,0.1
10978,10978,Saint-Désert,27,Bourgogne-franche-comté,0.15,0.15,0.1,0.15,0.1
10979,10979,Saint-Désir,28,Normandie,0.15,0.15,0.1,0.15,0.1
10980,10980,Saint-Désirat,84,Auvergne-rhône-alpes,0.15,0.15,0.1,0.15,0.1
10981,10981,Saint-Ennemond,84,Auvergne-rhône-alpes,0.15,0.15,0.1,0.15,0.1
10982,10982,Saint-Erblon,53,Bretagne,0.15,0.15,0.1,0.15,0.1
10983,10983,Saint-Erme-Outre-et-Ramecourt,32,Hauts-de-france,0.15,0.15,0.1,0.15,0.1
10984,10984,Saint-Escobille,11,Île-de-france,0.15,0.15,0.1,0.15,0.1
10985,10985,Saint-Estèphe,75,Nouvelle-aquitaine,0.15,0.15,0.1,0.15,0.1
10986,10986,Saint-Estève,76,Occitanie,0.15,0.15,0.1,0.15,0.1
10987,10987,Saint-Etienne-de-Cuines,84,Auvergne-rhône-alpes,0.15,0.15,0.1,0.15,0.1
10988,10988,Saint-Etienne-de-Tulmont,76,Occitanie,0.15,0.15,0.1,0.15,0.1
10989,10989,Saint-Eustache-la-Forêt,28,Normandie,0.15,0.15,0.1,0.15,0.1
10990,10990,Saint-Eusèbe,84,Auvergne-rhône-alpes,0.15,0.15,0.1,0.15,0.1
10991,10991,Saint-Eutrope-de-Born,75,Nouvelle-aquitaine,0.15,0.15,0.1,0.15,0.1
10992,10992,Saint-Exupéry-les-Roches,75,Nouvelle-aquitaine,0.15,0.15,0.1,0.15,0.1
10993,10993,Saint-Fargeau,27,Bourgogne-franche-comté,0.15,0.15,0.1,0.15,0.1
10994,10994,Saint-Fargeau-Ponthierry,11,Île-de-france,0.15,0.15,0.1,0.15,0.1
10995,10995,Saint-Faust,75,Nouvelle-aquitaine,0.15,0.15,0.1,0.15,0.1
10996,10996,Saint-Ferréol,84,Auvergne-rhône-alpes,0.15,0.15,0.1,0.15,0.1
10997,10997,Saint-Ferréol-des-Côtes,84,Auvergne-rhône-alpes,0.15,0.15,0.1,0.15,0.1
10998,10998,Saint-Fiacre-sur-Maine,52,Pays De La Loire,0.15,0.15,0.1,0.15,0.1
10999,10999,Saint-Fiel,75,Nouvelle-aquitaine,0.15,0.15,0.1,0.15,0.1
11000,11000,Saint-Firmin,93,Provence-alpes-côte D'azur,0.15,0.15,0.1,0.15,0.1
11001,11001,Saint-Firmin-des-Prés,24,Centre-val De Loire,0.15,0.15,0.1,0.15,0.1
11002,11002,Saint-Firmin-sur-Loire,24,Centre-val De Loire,0.15,0.15,0.1,0.15,0.1
11003,11003,Saint-Florent,94,Corse,0.15,0.15,0.1,0.15,0.1
11004,11004,Saint-Florent-des-Bois,52,Pays De La Loire,0.15,0.15,0.1,0.15,0.1
11005,11005,Saint-Florent-le-Vieil,52,Pays De La Loire,0.15,0.15,0.1,0.15,0.1
11006,11006,Saint-Florent-sur-Auzonnet,76,Occitanie,0.15,0.15,0.1,0.15,0.1
11007,11007,Saint-Florent-sur-Cher,24,Centre-val De Loire,0.15,0.15,0.1,0.15,0.1
11008,11008,Saint-Florentin,27,Bourgogne-franche-comté,0.15,0.15,0.1,0.15,0.1
11009,11009,Saint-Flour,84,Auvergne-rhône-alpes,0.15,0.15,0.1,0.15,0.1
11010,11010,Saint-Flovier,24,Centre-val De Loire,0.15,0.15,0.1,0.15,0.1
11011,11011,Saint-Folquin,32,Hauts-de-france,0.15,0.15,0.1,0.15,0.1
11012,11012,Saint-Fons,84,Auvergne-rhône-alpes,0.15,0.15,0.1,0.15,0.1
11013,11013,Saint-Forgeot,27,Bourgogne-franche-comté,0.15,0.15,0.1,0.15,0.1
11014,11014,Saint-Forget,11,Île-de-france,0.15,0.15,0.1,0.15,0.1
11015,11015,Saint-Forgeux,84,Auvergne-rhône-alpes,0.15,0.15,0.1,0.15,0.1
11016,11016,Saint-Fort,52,Pays De La Loire,0.15,0.15,0.1,0.15,0.1
11017,11017,Saint-Fort-sur-Gironde,75,Nouvelle-aquitaine,0.15,0.15,0.1,0.15,0.1
11018,11018,Saint-Fortunat-sur-Eyrieux,84,Auvergne-rhône-alpes,0.15,0.15,0.1,0.15,0.1
11019,11019,Saint-Fraimbault,28,Normandie,0.15,0.15,0.1,0.15,0.1
11020,11020,Saint-Fraimbault-de-Prières,52,Pays De La Loire,0.15,0.15,0.1,0.15,0.1
11021,11021,Saint-François,44,Grand Est,0.15,0.15,0.1,0.15,0.1
11022,11022,Saint-Fromond,28,Normandie,0.15,0.15,0.1,0.15,0.1
11023,11023,Saint-Front,84,Auvergne-rhône-alpes,0.15,0.15,0.1,0.15,0.1
11024,11024,Saint-Front-de-Pradoux,75,Nouvelle-aquitaine,0.15,0.15,0.1,0.15,0.1
11025,11025,Saint-Front-la-Rivière,75,Nouvelle-aquitaine,0.15,0.15,0.1,0.15,0.1
11026,11026,Saint-Front-sur-Lémance,75,Nouvelle-aquitaine,0.15,0.15,0.1,0.15,0.1
11027,11027,Saint-Frégant,53,Bretagne,0.15,0.15,0.1,0.15,0.1
11028,11028,Saint-Fulgent,52,Pays De La Loire,0.15,0.15,0.1,0.15,0.1
11029,11029,Saint-Fuscien,32,Hauts-de-france,0.15,0.15,0.1,0.15,0.1
11030,11030,Saint-Félicien,84,Auvergne-rhône-alpes,0.15,0.15,0.1,0.15,0.1
11031,11031,Saint-Félix,84,Auvergne-rhône-alpes,0.15,0.15,0.1,0.15,0.1
11032,11032,Saint-Félix-Lauragais,76,Occitanie,0.15,0.15,0.1,0.15,0.1
11033,11033,Saint-Félix-de-Lodez,76,Occitanie,0.15,0.15,0.1,0.15,0.1
11034,11034,Saint-Galmier,84,Auvergne-rhône-alpes,0.15,0.15,0.1,0.15,0.1
11035,11035,Saint-Gatien-des-Bois,28,Normandie,0.15,0.15,0.1,0.15,0.1
11036,11036,Saint-Gaudens,76,Occitanie,0.15,0.15,0.1,0.15,0.1
11037,11037,Saint-Gaultier,24,Centre-val De Loire,0.15,0.15,0.1,0.15,0.1
11038,11038,Saint-Gauzens,76,Occitanie,0.15,0.15,0.1,0.15,0.1
11039,11039,Saint-Gelais,75,Nouvelle-aquitaine,0.15,0.15,0.1,0.15,0.1
11040,11040,Saint-Gence,75,Nouvelle-aquitaine,0.15,0.15,0.1,0.15,0.1
11041,11041,Saint-Genest-Lerpt,84,Auvergne-rhône-alpes,0.15,0.15,0.1,0.15,0.1
11042,11042,Saint-Genest-Malifaux,84,Auvergne-rhône-alpes,0.15,0.15,0.1,0.15,0.1
11043,11043,Saint-Gengoux-de-Scissé,27,Bourgogne-franche-comté,0.15,0.15,0.1,0.15,0.1
11044,11044,Saint-Gengoux-le-National,27,Bourgogne-franche-comté,0.15,0.15,0.1,0.15,0.1
11045,11045,Saint-Genis-Laval,84,Auvergne-rhône-alpes,0.15,0.15,0.1,0.15,0.1
11046,11046,Saint-Genis-Pouilly,84,Auvergne-rhône-alpes,0.15,0.15,0.1,0.15,0.1
11047,11047,Saint-Genis-de-Saintonge,75,Nouvelle-aquitaine,0.15,0.15,0.1,0.15,0.1
11048,11048,Saint-Genis-les-Ollières,84,Auvergne-rhône-alpes,0.15,0.15,0.1,0.15,0.1
11049,11049,Saint-Genix-sur-Guiers,84,Auvergne-rhône-alpes,0.15,0.15,0.1,0.15,0.1
11050,11050,Saint-Geniès,75,Nouvelle-aquitaine,0.15,0.15,0.1,0.15,0.1
11051,11051,Saint-Geniès-Bellevue,76,Occitanie,0.15,0.15,0.1,0.15,0.1
11052,11052,Saint-Geniès-de-Comolas,76,Occitanie,0.15,0.15,0.1,0.15,0.1
11053,11053,Saint-Geniès-de-Fontedit,76,Occitanie,0.15,0.15,0.1,0.15,0.1
11054,11054,Saint-Geniès-de-Malgoirès,76,Occitanie,0.15,0.15,0.1,0.15,0.1
11055,11055,Saint-Geniès-des-Mourgues,76,Occitanie,0.15,0.15,0.1,0.15,0.1
11056,11056,Saint-Genou,24,Centre-val De Loire,0.15,0.15,0.1,0.15,0.1
11057,11057,Saint-Genouph,24,Centre-val De Loire,0.15,0.15,0.1,0.15,0.1
11058,11058,Saint-Genès-Champanelle,84,Auvergne-rhône-alpes,0.15,0.15,0.1,0.15,0.1
11059,11059,Saint-Genès-de-Fronsac,75,Nouvelle-aquitaine,0.15,0.15,0.1,0.15,0.1
11060,11060,Saint-Geoire-en-Valdaine,84,Auvergne-rhône-alpes,0.15,0.15,0.1,0.15,0.1
11061,11061,Saint-Georges,84,Auvergne-rhône-alpes,0.15,0.15,0.1,0.15,0.1
11062,11062,Saint-Georges-Buttavent,52,Pays De La Loire,0.15,0.15,0.1,0.15,0.1
11063,11063,Saint-Georges-Haute-Ville,84,Auvergne-rhône-alpes,0.15,0.15,0.1,0.15,0.1
11064,11064,Saint-Georges-Montcocq,28,Normandie,0.15,0.15,0.1,0.15,0.1
11065,11065,Saint-Georges-Motel,28,Normandie,0.15,0.15,0.1,0.15,0.1
11066,11066,Saint-Georges-de-Commiers,84,Auvergne-rhône-alpes,0.15,0.15,0.1,0.15,0.1
11067,11067,Saint-Georges-de-Didonne,75,Nouvelle-aquitaine,0.15,0.15,0.1,0.15,0.1
11068,11068,Saint-Georges-de-Luzençon,76,Occitanie,0.15,0.15,0.1,0.15,0.1
11069,11069,Saint-Georges-de-Mons,84,Auvergne-rhône-alpes,0.15,0.15,0.1,0.15,0.1
11070,11070,Saint-Georges-de-Montaigu,52,Pays De La Loire,0.15,0.15,0.1,0.15,0.1
11071,11071,Saint-Georges-de-Noisné,75,Nouvelle-aquitaine,0.15,0.15,0.1,0.15,0.1
11072,11072,Saint-Georges-de-Pointindoux,52,Pays De La Loire,0.15,0.15,0.1,0.15,0.1
11073,11073,Saint-Georges-de-Reintembault,53,Bretagne,0.15,0.15,0.1,0.15,0.1
11074,11074,Saint-Georges-de-Reneins,84,Auvergne-rhône-alpes,0.15,0.15,0.1,0.15,0.1
11075,11075,Saint-Georges-de-Rouelley,28,Normandie,0.15,0.15,0.1,0.15,0.1
11076,11076,Saint-Georges-des-Coteaux,75,Nouvelle-aquitaine,0.15,0.15,0.1,0.15,0.1
11077,11077,Saint-Georges-des-Groseillers,28,Normandie,0.15,0.15,0.1,0.15,0.1
11078,11078,Saint-Georges-des-Sept-Voies,52,Pays De La Loire,0.15,0.15,0.1,0.15,0.1
11079,11079,Saint-Georges-du-Bois,75,Nouvelle-aquitaine,0.15,0.15,0.1,0.15,0.1
11080,11080,Saint-Georges-du-Vièvre,28,Normandie,0.15,0.15,0.1,0.15,0.1
11081,11081,Saint-Georges-le-Gaultier,52,Pays De La Loire,0.15,0.15,0.1,0.15,0.1
11082,11082,Saint-Georges-les-Bains,84,Auvergne-rhône-alpes,0.15,0.15,0.1,0.15,0.1
11083,11083,Saint-Georges-lès-Baillargeaux,75,Nouvelle-aquitaine,0.15,0.15,0.1,0.15,0.1
11084,11084,Saint-Georges-sur-Allier,84,Auvergne-rhône-alpes,0.15,0.15,0.1,0.15,0.1
11085,11085,Saint-Georges-sur-Baulche,27,Bourgogne-franche-comté,0.15,0.15,0.1,0.15,0.1
11086,11086,Saint-Georges-sur-Cher,24,Centre-val De Loire,0.15,0.15,0.1,0.15,0.1
11087,11087,Saint-Georges-sur-Eure,24,Centre-val De Loire,0.15,0.15,0.1,0.15,0.1
11088,11088,Saint-Georges-sur-Fontaine,28,Normandie,0.15,0.15,0.1,0.15,0.1
11089,11089,Saint-Georges-sur-Layon,52,Pays De La Loire,0.15,0.15,0.1,0.15,0.1
11090,11090,Saint-Georges-sur-Loire,52,Pays De La Loire,0.15,0.15,0.1,0.15,0.1
11091,11091,Saint-Georges-sur-Moulon,24,Centre-val De Loire,0.15,0.15,0.1,0.15,0.1
11092,11092,Saint-Georges-sur-la-Prée,24,Centre-val De Loire,0.15,0.15,0.1,0.15,0.1
11093,11093,Saint-Geours-de-Maremne,75,Nouvelle-aquitaine,0.15,0.15,0.1,0.15,0.1
11094,11094,Saint-Germain,84,Auvergne-rhône-alpes,0.15,0.15,0.1,0.15,0.1
11095,11095,Saint-Germain-Laprade,84,Auvergne-rhône-alpes,0.15,0.15,0.1,0.15,0.1
11096,11096,Saint-Germain-Laval,84,Auvergne-rhône-alpes,0.15,0.15,0.1,0.15,0.1
11097,11097,Saint-Germain-Laxis,11,Île-de-france,0.15,0.15,0.1,0.15,0.1
11098,11098,Saint-Germain-Lembron,84,Auvergne-rhône-alpes,0.15,0.15,0.1,0.15,0.1
11099,11099,Saint-Germain-Lespinasse,84,Auvergne-rhône-alpes,0.15,0.15,0.1,0.15,0.1
11100,11100,Saint-Germain-Nuelles,84,Auvergne-rhône-alpes,0.15,0.15,0.1,0.15,0.1
11101,11101,Saint-Germain-Village,28,Normandie,0.15,0.15,0.1,0.15,0.1
11102,11102,Saint-Germain-de-Joux,84,Auvergne-rhône-alpes,0.15,0.15,0.1,0.15,0.1
11103,11103,Saint-Germain-de-Livet,28,Normandie,0.15,0.15,0.1,0.15,0.1
11104,11104,Saint-Germain-de-Lusignan,75,Nouvelle-aquitaine,0.15,0.15,0.1,0.15,0.1
11105,11105,Saint-Germain-de-Marencennes,75,Nouvelle-aquitaine,0.15,0.15,0.1,0.15,0.1
11106,11106,Saint-Germain-de-Prinçay,52,Pays De La Loire,0.15,0.15,0.1,0.15,0.1
11107,11107,Saint-Germain-de-la-Coudre,28,Normandie,0.15,0.15,0.1,0.15,0.1
11108,11108,Saint-Germain-de-la-Grange,11,Île-de-france,0.15,0.15,0.1,0.15,0.1
11109,11109,Saint-Germain-des-Bois,27,Bourgogne-franche-comté,0.15,0.15,0.1,0.15,0.1
11110,11110,Saint-Germain-des-Fossés,84,Auvergne-rhône-alpes,0.15,0.15,0.1,0.15,0.1
11111,11111,Saint-Germain-des-Prés,76,Occitanie,0.15,0.15,0.1,0.15,0.1
11112,11112,Saint-Germain-du-Bel-Air,76,Occitanie,0.15,0.15,0.1,0.15,0.1
11113,11113,Saint-Germain-du-Bois,27,Bourgogne-franche-comté,0.15,0.15,0.1,0.15,0.1
11114,11114,Saint-Germain-du-Corbéis,28,Normandie,0.15,0.15,0.1,0.15,0.1
11115,11115,Saint-Germain-du-Crioult,28,Normandie,0.15,0.15,0.1,0.15,0.1
11116,11116,Saint-Germain-du-Pinel,53,Bretagne,0.15,0.15,0.1,0.15,0.1
11117,11117,Saint-Germain-du-Plain,27,Bourgogne-franche-comté,0.15,0.15,0.1,0.15,0.1
11118,11118,Saint-Germain-du-Puch,75,Nouvelle-aquitaine,0.15,0.15,0.1,0.15,0.1
11119,11119,Saint-Germain-du-Puy,24,Centre-val De Loire,0.15,0.15,0.1,0.15,0.1
11120,11120,Saint-Germain-du-Salembre,75,Nouvelle-aquitaine,0.15,0.15,0.1,0.15,0.1
11121,11121,Saint-Germain-du-Teil,76,Occitanie,0.15,0.15,0.1,0.15,0.1
11122,11122,Saint-Germain-en-Coglès,53,Bretagne,0.15,0.15,0.1,0.15,0.1
11123,11123,Saint-Germain-en-Laye,11,Île-de-france,0.15,0.15,0.1,0.15,0.1
11124,11124,Saint-Germain-la-Blanche-Herbe,28,Normandie,0.15,0.15,0.1,0.15,0.1
11125,11125,Saint-Germain-la-Campagne,28,Normandie,0.15,0.15,0.1,0.15,0.1
11126,11126,Saint-Germain-la-Ville,44,Grand Est,0.15,0.15,0.1,0.15,0.1
11127,11127,Saint-Germain-le-Châtelet,27,Bourgogne-franche-comté,0.15,0.15,0.1,0.15,0.1
11128,11128,Saint-Germain-le-Fouilloux,52,Pays De La Loire,0.15,0.15,0.1,0.15,0.1
11129,11129,Saint-Germain-le-Gaillard,28,Normandie,0.15,0.15,0.1,0.15,0.1
11130,11130,Saint-Germain-le-Vasson,28,Normandie,0.15,0.15,0.1,0.15,0.1
11131,11131,Saint-Germain-les-Belles,75,Nouvelle-aquitaine,0.15,0.15,0.1,0.15,0.1
11132,11132,Saint-Germain-les-Vergnes,75,Nouvelle-aquitaine,0.15,0.15,0.1,0.15,0.1
11133,11133,Saint-Germain-lès-Arlay,27,Bourgogne-franche-comté,0.15,0.15,0.1,0.15,0.1
11134,11134,Saint-Germain-lès-Arpajon,11,Île-de-france,0.15,0.15,0.1,0.15,0.1
11135,11135,Saint-Germain-lès-Corbeil,11,Île-de-france,0.15,0.15,0.1,0.15,0.1
11136,11136,Saint-Germain-sur-Avre,28,Normandie,0.15,0.15,0.1,0.15,0.1
11137,11137,Saint-Germain-sur-Ay,28,Normandie,0.15,0.15,0.1,0.15,0.1
11138,11138,Saint-Germain-sur-Ille,53,Bretagne,0.15,0.15,0.1,0.15,0.1
11139,11139,Saint-Germain-sur-Moine,52,Pays De La Loire,0.15,0.15,0.1,0.15,0.1
11140,11140,Saint-Germain-sur-Morin,11,Île-de-france,0.15,0.15,0.1,0.15,0.1
11141,11141,Saint-Germainmont,44,Grand Est,0.15,0.15,0.1,0.15,0.1
11142,11142,Saint-Germer-de-Fly,32,Hauts-de-france,0.15,0.15,0.1,0.15,0.1
11143,11143,Saint-Gervais,84,Auvergne-rhône-alpes,0.15,0.15,0.1,0.15,0.1
11144,11144,Saint-Gervais-en-Belin,52,Pays De La Loire,0.15,0.15,0.1,0.15,0.1
11145,11145,Saint-Gervais-la-Forêt,24,Centre-val De Loire,0.15,0.15,0.1,0.15,0.1
11146,11146,Saint-Gervais-les-Bains,84,Auvergne-rhône-alpes,0.15,0.15,0.1,0.15,0.1
11147,11147,Saint-Gervais-les-Trois-Clochers,75,Nouvelle-aquitaine,0.15,0.15,0.1,0.15,0.1
11148,11148,Saint-Gervais-sur-Mare,76,Occitanie,0.15,0.15,0.1,0.15,0.1
11149,11149,Saint-Gervais-sur-Roubion,84,Auvergne-rhône-alpes,0.15,0.15,0.1,0.15,0.1
11150,11150,Saint-Gervasy,76,Occitanie,0.15,0.15,0.1,0.15,0.1
11151,11151,Saint-Gildas-de-Rhuys,53,Bretagne,0.15,0.15,0.1,0.15,0.1
11152,11152,Saint-Gildas-des-Bois,52,Pays De La Loire,0.15,0.15,0.1,0.15,0.1
11153,11153,Saint-Gilles,76,Occitanie,0.15,0.15,0.1,0.15,0.1
11154,11154,Saint-Gilles-Croix-de-Vie,52,Pays De La Loire,0.15,0.15,0.1,0.15,0.1
11155,11155,Saint-Gilles-de-la-Neuville,28,Normandie,0.15,0.15,0.1,0.15,0.1
11156,11156,Saint-Gingolph,84,Auvergne-rhône-alpes,0.15,0.15,0.1,0.15,0.1
11157,11157,Saint-Girons,76,Occitanie,0.15,0.15,0.1,0.15,0.1
11158,11158,Saint-Glen,53,Bretagne,0.15,0.15,0.1,0.15,0.1
11159,11159,Saint-Goazec,53,Bretagne,0.15,0.15,0.1,0.15,0.1
11160,11160,Saint-Gobain,32,Hauts-de-france,0.15,0.15,0.1,0.15,0.1
11161,11161,Saint-Gondon,24,Centre-val De Loire,0.15,0.15,0.1,0.15,0.1
11162,11162,Saint-Gondran,53,Bretagne,0.15,0.15,0.1,0.15,0.1
11163,11163,Saint-Gonnery,53,Bretagne,0.15,0.15,0.1,0.15,0.1
11164,11164,Saint-Gouéno,53,Bretagne,0.15,0.15,0.1,0.15,0.1
11165,11165,Saint-Gratien,32,Hauts-de-france,0.15,0.15,0.1,0.15,0.1
11166,11166,Saint-Gravé,53,Bretagne,0.15,0.15,0.1,0.15,0.1
11167,11167,Saint-Grégoire,76,Occitanie,0.15,0.15,0.1,0.15,0.1
11168,11168,Saint-Guinoux,53,Bretagne,0.15,0.15,0.1,0.15,0.1
11169,11169,Saint-Guyomard,53,Bretagne,0.15,0.15,0.1,0.15,0.1
11170,11170,Saint-Gély-du-Fesc,76,Occitanie,0.15,0.15,0.1,0.15,0.1
11171,11171,Saint-Génis-des-Fontaines,76,Occitanie,0.15,0.15,0.1,0.15,0.1
11172,11172,Saint-Gérand,53,Bretagne,0.15,0.15,0.1,0.15,0.1
11173,11173,Saint-Gérand-le-Puy,84,Auvergne-rhône-alpes,0.15,0.15,0.1,0.15,0.1
11174,11174,Saint-Géréon,52,Pays De La Loire,0.15,0.15,0.1,0.15,0.1
11175,11175,Saint-Haon-le-Châtel,84,Auvergne-rhône-alpes,0.15,0.15,0.1,0.15,0.1
11176,11176,Saint-Haon-le-Vieux,84,Auvergne-rhône-alpes,0.15,0.15,0.1,0.15,0.1
11177,11177,Saint-Herblain,52,Pays De La Loire,0.15,0.15,0.1,0.15,0.1
11178,11178,Saint-Herblon,52,Pays De La Loire,0.15,0.15,0.1,0.15,0.1
11179,11179,Saint-Hernin,53,Bretagne,0.15,0.15,0.1,0.15,0.1
11180,11180,Saint-Hilaire,84,Auvergne-rhône-alpes,0.15,0.15,0.1,0.15,0.1
11181,11181,Saint-Hilaire-Bonneval,75,Nouvelle-aquitaine,0.15,0.15,0.1,0.15,0.1
11182,11182,Saint-Hilaire-Cottes,32,Hauts-de-france,0.15,0.15,0.1,0.15,0.1
11183,11183,Saint-Hilaire-Petitville,28,Normandie,0.15,0.15,0.1,0.15,0.1
11184,11184,Saint-Hilaire-Peyroux,75,Nouvelle-aquitaine,0.15,0.15,0.1,0.15,0.1
11185,11185,Saint-Hilaire-Saint-Mesmin,24,Centre-val De Loire,0.15,0.15,0.1,0.15,0.1
11186,11186,Saint-Hilaire-de-Brethmas,76,Occitanie,0.15,0.15,0.1,0.15,0.1
11187,11187,Saint-Hilaire-de-Chaléons,52,Pays De La Loire,0.15,0.15,0.1,0.15,0.1
11188,11188,Saint-Hilaire-de-Clisson,52,Pays De La Loire,0.15,0.15,0.1,0.15,0.1
11189,11189,Saint-Hilaire-de-Court,24,Centre-val De Loire,0.15,0.15,0.1,0.15,0.1
11190,11190,Saint-Hilaire-de-Loulay,52,Pays De La Loire,0.15,0.15,0.1,0.15,0.1
11191,11191,Saint-Hilaire-de-Riez,52,Pays De La Loire,0.15,0.15,0.1,0.15,0.1
11192,11192,Saint-Hilaire-de-Villefranche,75,Nouvelle-aquitaine,0.15,0.15,0.1,0.15,0.1
11193,11193,Saint-Hilaire-de-Voust,52,Pays De La Loire,0.15,0.15,0.1,0.15,0.1
11194,11194,Saint-Hilaire-de-la-Côte,84,Auvergne-rhône-alpes,0.15,0.15,0.1,0.15,0.1
11195,11195,Saint-Hilaire-des-Landes,53,Bretagne,0.15,0.15,0.1,0.15,0.1
11196,11196,Saint-Hilaire-des-Loges,52,Pays De La Loire,0.15,0.15,0.1,0.15,0.1
11197,11197,Saint-Hilaire-du-Harcouët,28,Normandie,0.15,0.15,0.1,0.15,0.1
11198,11198,Saint-Hilaire-du-Maine,52,Pays De La Loire,0.15,0.15,0.1,0.15,0.1
11199,11199,Saint-Hilaire-du-Rosier,84,Auvergne-rhône-alpes,0.15,0.15,0.1,0.15,0.1
11200,11200,Saint-Hilaire-en-Lignières,24,Centre-val De Loire,0.15,0.15,0.1,0.15,0.1
11201,11201,Saint-Hilaire-la-Gravelle,24,Centre-val De Loire,0.15,0.15,0.1,0.15,0.1
11202,11202,Saint-Hilaire-la-Palud,75,Nouvelle-aquitaine,0.15,0.15,0.1,0.15,0.1
11203,11203,Saint-Hilaire-le-Châtel,28,Normandie,0.15,0.15,0.1,0.15,0.1
11204,11204,Saint-Hilaire-le-Vouhis,52,Pays De La Loire,0.15,0.15,0.1,0.15,0.1
11205,11205,Saint-Hilaire-les-Andrésis,24,Centre-val De Loire,0.15,0.15,0.1,0.15,0.1
11206,11206,Saint-Hilaire-les-Places,75,Nouvelle-aquitaine,0.15,0.15,0.1,0.15,0.1
11207,11207,Saint-Hilaire-lez-Cambrai,32,Hauts-de-france,0.15,0.15,0.1,0.15,0.1
11208,11208,Saint-Hilaire-sur-Erre,28,Normandie,0.15,0.15,0.1,0.15,0.1
11209,11209,Saint-Hilaire-sur-Helpe,32,Hauts-de-france,0.15,0.15,0.1,0.15,0.1
11210,11210,Saint-Hilaire-sur-Yerre,24,Centre-val De Loire,0.15,0.15,0.1,0.15,0.1
11211,11211,Saint-Hilarion,11,Île-de-france,0.15,0.15,0.1,0.15,0.1
11212,11212,Saint-Hippolyte,84,Auvergne-rhône-alpes,0.15,0.15,0.1,0.15,0.1
11213,11213,Saint-Hippolyte-du-Fort,76,Occitanie,0.15,0.15,0.1,0.15,0.1
11214,11214,Saint-Honoré,84,Auvergne-rhône-alpes,0.15,0.15,0.1,0.15,0.1
11215,11215,Saint-Honoré-les-Bains,27,Bourgogne-franche-comté,0.15,0.15,0.1,0.15,0.1
11216,11216,Saint-Hostien,84,Auvergne-rhône-alpes,0.15,0.15,0.1,0.15,0.1
11217,11217,Saint-Hymer,28,Normandie,0.15,0.15,0.1,0.15,0.1
11218,11218,Saint-Héand,84,Auvergne-rhône-alpes,0.15,0.15,0.1,0.15,0.1
11219,11219,Saint-Hélen,53,Bretagne,0.15,0.15,0.1,0.15,0.1
11220,11220,Saint-Ignat,84,Auvergne-rhône-alpes,0.15,0.15,0.1,0.15,0.1
11221,11221,Saint-Igny-de-Roche,27,Bourgogne-franche-comté,0.15,0.15,0.1,0.15,0.1
11222,11222,Saint-Igny-de-Vers,84,Auvergne-rhône-alpes,0.15,0.15,0.1,0.15,0.1
11223,11223,Saint-Illide,84,Auvergne-rhône-alpes,0.15,0.15,0.1,0.15,0.1
11224,11224,Saint-Inglevert,32,Hauts-de-france,0.15,0.15,0.1,0.15,0.1
11225,11225,Saint-Ismier,84,Auvergne-rhône-alpes,0.15,0.15,0.1,0.15,0.1
11226,11226,Saint-Jacques-de-la-Lande,53,Bretagne,0.15,0.15,0.1,0.15,0.1
11227,11227,Saint-Jacques-sur-Darnétal,28,Normandie,0.15,0.15,0.1,0.15,0.1
11228,11228,Saint-Jacut-de-la-Mer,53,Bretagne,0.15,0.15,0.1,0.15,0.1
11229,11229,Saint-Jacut-du-Mené,53,Bretagne,0.15,0.15,0.1,0.15,0.1
11230,11230,Saint-Jacut-les-Pins,53,Bretagne,0.15,0.15,0.1,0.15,0.1
11231,11231,Saint-Jal,75,Nouvelle-aquitaine,0.15,0.15,0.1,0.15,0.1
11232,11232,Saint-James,28,Normandie,0.15,0.15,0.1,0.15,0.1
11233,11233,Saint-Jammes,75,Nouvelle-aquitaine,0.15,0.15,0.1,0.15,0.1
11234,11234,Saint-Jans-Cappel,32,Hauts-de-france,0.15,0.15,0.1,0.15,0.1
11235,11235,Saint-Jean,76,Occitanie,0.15,0.15,0.1,0.15,0.1
11236,11236,Saint-Jean-Bonnefonds,84,Auvergne-rhône-alpes,0.15,0.15,0.1,0.15,0.1
11237,11237,Saint-Jean-Brévelay,53,Bretagne,0.15,0.15,0.1,0.15,0.1
11238,11238,Saint-Jean-Cap-Ferrat,93,Provence-alpes-côte D'azur,0.15,0.15,0.1,0.15,0.1
11239,11239,Saint-Jean-Kourtzerode,44,Grand Est,0.15,0.15,0.1,0.15,0.1
11240,11240,Saint-Jean-Lasseille,76,Occitanie,0.15,0.15,0.1,0.15,0.1
11241,11241,Saint-Jean-Pied-de-Port,75,Nouvelle-aquitaine,0.15,0.15,0.1,0.15,0.1
11242,11242,Saint-Jean-Rohrbach,44,Grand Est,0.15,0.15,0.1,0.15,0.1
11243,11243,Saint-Jean-Saint-Germain,24,Centre-val De Loire,0.15,0.15,0.1,0.15,0.1
11244,11244,Saint-Jean-Saverne,44,Grand Est,0.15,0.15,0.1,0.15,0.1
11245,11245,Saint-Jean-Soleymieux,84,Auvergne-rhône-alpes,0.15,0.15,0.1,0.15,0.1
11246,11246,Saint-Jean-Trolimon,53,Bretagne,0.15,0.15,0.1,0.15,0.1
11247,11247,Saint-Jean-d'Angély,75,Nouvelle-aquitaine,0.15,0.15,0.1,0.15,0.1
11248,11248,Saint-Jean-de-Boiseau,52,Pays De La Loire,0.15,0.15,0.1,0.15,0.1
11249,11249,Saint-Jean-de-Bournay,84,Auvergne-rhône-alpes,0.15,0.15,0.1,0.15,0.1
11250,11250,Saint-Jean-de-Braye,24,Centre-val De Loire,0.15,0.15,0.1,0.15,0.1
11251,11251,Saint-Jean-de-Chevelu,84,Auvergne-rhône-alpes,0.15,0.15,0.1,0.15,0.1
11252,11252,Saint-Jean-de-Cornies,76,Occitanie,0.15,0.15,0.1,0.15,0.1
11253,11253,Saint-Jean-de-Daye,28,Normandie,0.15,0.15,0.1,0.15,0.1
11254,11254,Saint-Jean-de-Folleville,28,Normandie,0.15,0.15,0.1,0.15,0.1
11255,11255,Saint-Jean-de-Fos,76,Occitanie,0.15,0.15,0.1,0.15,0.1
11256,11256,Saint-Jean-de-Gonville,84,Auvergne-rhône-alpes,0.15,0.15,0.1,0.15,0.1
11257,11257,Saint-Jean-de-Liversay,75,Nouvelle-aquitaine,0.15,0.15,0.1,0.15,0.1
11258,11258,Saint-Jean-de-Losne,27,Bourgogne-franche-comté,0.15,0.15,0.1,0.15,0.1
11259,11259,Saint-Jean-de-Luz,75,Nouvelle-aquitaine,0.15,0.15,0.1,0.15,0.1
11260,11260,Saint-Jean-de-Marsacq,75,Nouvelle-aquitaine,0.15,0.15,0.1,0.15,0.1
11261,11261,Saint-Jean-de-Maruéjols-et-Avéjan,76,Occitanie,0.15,0.15,0.1,0.15,0.1
11262,11262,Saint-Jean-de-Maurienne,84,Auvergne-rhône-alpes,0.15,0.15,0.1,0.15,0.1
11263,11263,Saint-Jean-de-Moirans,84,Auvergne-rhône-alpes,0.15,0.15,0.1,0.15,0.1
11264,11264,Saint-Jean-de-Monts,52,Pays De La Loire,0.15,0.15,0.1,0.15,0.1
11265,11265,Saint-Jean-de-Muzols,84,Auvergne-rhône-alpes,0.15,0.15,0.1,0.15,0.1
11266,11266,Saint-Jean-de-Niost,84,Auvergne-rhône-alpes,0.15,0.15,0.1,0.15,0.1
11267,11267,Saint-Jean-de-Sauves,75,Nouvelle-aquitaine,0.15,0.15,0.1,0.15,0.1
11268,11268,Saint-Jean-de-Sixt,84,Auvergne-rhône-alpes,0.15,0.15,0.1,0.15,0.1
11269,11269,Saint-Jean-de-Soudain,84,Auvergne-rhône-alpes,0.15,0.15,0.1,0.15,0.1
11270,11270,Saint-Jean-de-Tholome,84,Auvergne-rhône-alpes,0.15,0.15,0.1,0.15,0.1
11271,11271,Saint-Jean-de-Thouars,75,Nouvelle-aquitaine,0.15,0.15,0.1,0.15,0.1
11272,11272,Saint-Jean-de-Thurigneux,84,Auvergne-rhône-alpes,0.15,0.15,0.1,0.15,0.1
11273,11273,Saint-Jean-de-Touslas,84,Auvergne-rhône-alpes,0.15,0.15,0.1,0.15,0.1
11274,11274,Saint-Jean-de-Valériscle,76,Occitanie,0.15,0.15,0.1,0.15,0.1
11275,11275,Saint-Jean-de-Verges,76,Occitanie,0.15,0.15,0.1,0.15,0.1
11276,11276,Saint-Jean-de-Védas,76,Occitanie,0.15,0.15,0.1,0.15,0.1
11277,11277,Saint-Jean-de-la-Motte,52,Pays De La Loire,0.15,0.15,0.1,0.15,0.1
11278,11278,Saint-Jean-de-la-Porte,84,Auvergne-rhône-alpes,0.15,0.15,0.1,0.15,0.1
11279,11279,Saint-Jean-de-la-Ruelle,24,Centre-val De Loire,0.15,0.15,0.1,0.15,0.1
11280,11280,Saint-Jean-des-Baisants,28,Normandie,0.15,0.15,0.1,0.15,0.1
11281,11281,Saint-Jean-des-Champs,28,Normandie,0.15,0.15,0.1,0.15,0.1
11282,11282,Saint-Jean-des-Mauvrets,52,Pays De La Loire,0.15,0.15,0.1,0.15,0.1
11283,11283,Saint-Jean-du-Bois,52,Pays De La Loire,0.15,0.15,0.1,0.15,0.1
11284,11284,Saint-Jean-du-Bruel,76,Occitanie,0.15,0.15,0.1,0.15,0.1
11285,11285,Saint-Jean-du-Cardonnay,28,Normandie,0.15,0.15,0.1,0.15,0.1
11286,11286,Saint-Jean-du-Doigt,53,Bretagne,0.15,0.15,0.1,0.15,0.1
11287,11287,Saint-Jean-du-Falga,76,Occitanie,0.15,0.15,0.1,0.15,0.1
11288,11288,Saint-Jean-du-Gard,76,Occitanie,0.15,0.15,0.1,0.15,0.1
11289,11289,Saint-Jean-en-Royans,84,Auvergne-rhône-alpes,0.15,0.15,0.1,0.15,0.1
11290,11290,Saint-Jean-la-Bussière,84,Auvergne-rhône-alpes,0.15,0.15,0.1,0.15,0.1
11291,11291,Saint-Jean-la-Poterie,53,Bretagne,0.15,0.15,0.1,0.15,0.1
11292,11292,Saint-Jean-le-Blanc,28,Normandie,0.15,0.15,0.1,0.15,0.1
11293,11293,Saint-Jean-le-Centenier,84,Auvergne-rhône-alpes,0.15,0.15,0.1,0.15,0.1
11294,11294,Saint-Jean-le-Vieux,84,Auvergne-rhône-alpes,0.15,0.15,0.1,0.15,0.1
11295,11295,Saint-Jean-les-Deux-Jumeaux,11,Île-de-france,0.15,0.15,0.1,0.15,0.1
11296,11296,Saint-Jean-sur-Couesnon,53,Bretagne,0.15,0.15,0.1,0.15,0.1
11297,11297,Saint-Jean-sur-Mayenne,52,Pays De La Loire,0.15,0.15,0.1,0.15,0.1
11298,11298,Saint-Jean-sur-Reyssouze,84,Auvergne-rhône-alpes,0.15,0.15,0.1,0.15,0.1
11299,11299,Saint-Jean-sur-Veyle,84,Auvergne-rhône-alpes,0.15,0.15,0.1,0.15,0.1
11300,11300,Saint-Jean-sur-Vilaine,53,Bretagne,0.15,0.15,0.1,0.15,0.1
11301,11301,Saint-Jeannet,93,Provence-alpes-côte D'azur,0.15,0.15,0.1,0.15,0.1
11302,11302,Saint-Jeoire,84,Auvergne-rhône-alpes,0.15,0.15,0.1,0.15,0.1
11303,11303,Saint-Jeoire-Prieuré,84,Auvergne-rhône-alpes,0.15,0.15,0.1,0.15,0.1
11304,11304,Saint-Jeures,84,Auvergne-rhône-alpes,0.15,0.15,0.1,0.15,0.1
11305,11305,Saint-Joachim,52,Pays De La Loire,0.15,0.15,0.1,0.15,0.1
11306,11306,Saint-Jodard,84,Auvergne-rhône-alpes,0.15,0.15,0.1,0.15,0.1
11307,11307,Saint-Jorioz,84,Auvergne-rhône-alpes,0.15,0.15,0.1,0.15,0.1
11308,11308,Saint-Jory,76,Occitanie,0.15,0.15,0.1,0.15,0.1
11309,11309,Saint-Jory-de-Chalais,75,Nouvelle-aquitaine,0.15,0.15,0.1,0.15,0.1
11310,11310,Saint-Joseph,84,Auvergne-rhône-alpes,0.15,0.15,0.1,0.15,0.1
11311,11311,Saint-Joseph-de-Rivière,84,Auvergne-rhône-alpes,0.15,0.15,0.1,0.15,0.1
11312,11312,Saint-Josse,32,Hauts-de-france,0.15,0.15,0.1,0.15,0.1
11313,11313,Saint-Jouan-des-Guérets,53,Bretagne,0.15,0.15,0.1,0.15,0.1
11314,11314,Saint-Jouin-Bruneval,28,Normandie,0.15,0.15,0.1,0.15,0.1
11315,11315,Saint-Jouin-de-Marnes,75,Nouvelle-aquitaine,0.15,0.15,0.1,0.15,0.1
11316,11316,Saint-Jouvent,75,Nouvelle-aquitaine,0.15,0.15,0.1,0.15,0.1
11317,11317,Saint-Julien,93,Provence-alpes-côte D'azur,0.15,0.15,0.1,0.15,0.1
11318,11318,Saint-Julien-Beychevelle,75,Nouvelle-aquitaine,0.15,0.15,0.1,0.15,0.1
11319,11319,Saint-Julien-Chapteuil,84,Auvergne-rhône-alpes,0.15,0.15,0.1,0.15,0.1
11320,11320,Saint-Julien-Molin-Molette,84,Auvergne-rhône-alpes,0.15,0.15,0.1,0.15,0.1
11321,11321,Saint-Julien-aux-Bois,75,Nouvelle-aquitaine,0.15,0.15,0.1,0.15,0.1
11322,11322,Saint-Julien-de-Cassagnas,76,Occitanie,0.15,0.15,0.1,0.15,0.1
11323,11323,Saint-Julien-de-Chédon,24,Centre-val De Loire,0.15,0.15,0.1,0.15,0.1
11324,11324,Saint-Julien-de-Civry,27,Bourgogne-franche-comté,0.15,0.15,0.1,0.15,0.1
11325,11325,Saint-Julien-de-Concelles,52,Pays De La Loire,0.15,0.15,0.1,0.15,0.1
11326,11326,Saint-Julien-de-Coppel,84,Auvergne-rhône-alpes,0.15,0.15,0.1,0.15,0.1
11327,11327,Saint-Julien-de-Lampon,75,Nouvelle-aquitaine,0.15,0.15,0.1,0.15,0.1
11328,11328,Saint-Julien-de-Peyrolas,76,Occitanie,0.15,0.15,0.1,0.15,0.1
11329,11329,Saint-Julien-de-Vouvantes,52,Pays De La Loire,0.15,0.15,0.1,0.15,0.1
11330,11330,Saint-Julien-des-Landes,52,Pays De La Loire,0.15,0.15,0.1,0.15,0.1
11331,11331,Saint-Julien-du-Sault,27,Bourgogne-franche-comté,0.15,0.15,0.1,0.15,0.1
11332,11332,Saint-Julien-du-Serre,84,Auvergne-rhône-alpes,0.15,0.15,0.1,0.15,0.1
11333,11333,Saint-Julien-en-Born,75,Nouvelle-aquitaine,0.15,0.15,0.1,0.15,0.1
11334,11334,Saint-Julien-en-Genevois,84,Auvergne-rhône-alpes,0.15,0.15,0.1,0.15,0.1
11335,11335,Saint-Julien-en-Saint-Alban,84,Auvergne-rhône-alpes,0.15,0.15,0.1,0.15,0.1
11336,11336,Saint-Julien-le-Faucon,28,Normandie,0.15,0.15,0.1,0.15,0.1
11337,11337,Saint-Julien-les-Rosiers,76,Occitanie,0.15,0.15,0.1,0.15,0.1
11338,11338,Saint-Julien-les-Villas,44,Grand Est,0.15,0.15,0.1,0.15,0.1
11339,11339,Saint-Julien-lès-Metz,44,Grand Est,0.15,0.15,0.1,0.15,0.1
11340,11340,Saint-Julien-sur-Bibost,84,Auvergne-rhône-alpes,0.15,0.15,0.1,0.15,0.1
11341,11341,Saint-Julien-sur-Cher,24,Centre-val De Loire,0.15,0.15,0.1,0.15,0.1
11342,11342,Saint-Julien-sur-Reyssouze,84,Auvergne-rhône-alpes,0.15,0.15,0.1,0.15,0.1
11343,11343,Saint-Julien-sur-Sarthe,28,Normandie,0.15,0.15,0.1,0.15,0.1
11344,11344,Saint-Julien-sur-Veyle,84,Auvergne-rhône-alpes,0.15,0.15,0.1,0.15,0.1
11345,11345,Saint-Junien,75,Nouvelle-aquitaine,0.15,0.15,0.1,0.15,0.1
11346,11346,Saint-Just,84,Auvergne-rhône-alpes,0.15,0.15,0.1,0.15,0.1
11347,11347,Saint-Just-Chaleyssin,84,Auvergne-rhône-alpes,0.15,0.15,0.1,0.15,0.1
11348,11348,Saint-Just-Luzac,75,Nouvelle-aquitaine,0.15,0.15,0.1,0.15,0.1
11349,11349,Saint-Just-Malmont,84,Auvergne-rhône-alpes,0.15,0.15,0.1,0.15,0.1
11350,11350,Saint-Just-Saint-Rambert,84,Auvergne-rhône-alpes,0.15,0.15,0.1,0.15,0.1
11351,11351,Saint-Just-Sauvage,44,Grand Est,0.15,0.15,0.1,0.15,0.1
11352,11352,Saint-Just-d'Ardèche,84,Auvergne-rhône-alpes,0.15,0.15,0.1,0.15,0.1
11353,11353,Saint-Just-de-Claix,84,Auvergne-rhône-alpes,0.15,0.15,0.1,0.15,0.1
11354,11354,Saint-Just-en-Chaussée,32,Hauts-de-france,0.15,0.15,0.1,0.15,0.1
11355,11355,Saint-Just-en-Chevalet,84,Auvergne-rhône-alpes,0.15,0.15,0.1,0.15,0.1
11356,11356,Saint-Just-la-Pendue,84,Auvergne-rhône-alpes,0.15,0.15,0.1,0.15,0.1
11357,11357,Saint-Just-le-Martel,75,Nouvelle-aquitaine,0.15,0.15,0.1,0.15,0.1
11358,11358,Saint-Justin,76,Occitanie,0.15,0.15,0.1,0.15,0.1
11359,11359,Saint-Juvat,53,Bretagne,0.15,0.15,0.1,0.15,0.1
11360,11360,Saint-Juéry,76,Occitanie,0.15,0.15,0.1,0.15,0.1
11361,11361,Saint-Jérôme,,MISSING,0.15,0.15,0.1,0.15,0.1
11362,11362,Saint-Lager,84,Auvergne-rhône-alpes,0.15,0.15,0.1,0.15,0.1
11363,11363,Saint-Lager-Bressac,84,Auvergne-rhône-alpes,0.15,0.15,0.1,0.15,0.1
11364,11364,Saint-Lambert,28,Normandie,0.15,0.15,0.1,0.15,0.1
11365,11365,Saint-Lambert-du-Lattay,52,Pays De La Loire,0.15,0.15,0.1,0.15,0.1
11366,11366,Saint-Lambert-la-Potherie,52,Pays De La Loire,0.15,0.15,0.1,0.15,0.1
11367,11367,Saint-Langis-lès-Mortagne,28,Normandie,0.15,0.15,0.1,0.15,0.1
11368,11368,Saint-Lary-Soulan,76,Occitanie,0.15,0.15,0.1,0.15,0.1
11369,11369,Saint-Lattier,84,Auvergne-rhône-alpes,0.15,0.15,0.1,0.15,0.1
11370,11370,Saint-Laurent,84,Auvergne-rhône-alpes,0.15,0.15,0.1,0.15,0.1
11371,11371,Saint-Laurent-Blangy,32,Hauts-de-france,0.15,0.15,0.1,0.15,0.1
11372,11372,Saint-Laurent-Nouan,24,Centre-val De Loire,0.15,0.15,0.1,0.15,0.1
11373,11373,Saint-Laurent-de-Brévedent,28,Normandie,0.15,0.15,0.1,0.15,0.1
11374,11374,Saint-Laurent-de-Chamousset,84,Auvergne-rhône-alpes,0.15,0.15,0.1,0.15,0.1
11375,11375,Saint-Laurent-de-Cognac,75,Nouvelle-aquitaine,0.15,0.15,0.1,0.15,0.1
11376,11376,Saint-Laurent-de-Céris,75,Nouvelle-aquitaine,0.15,0.15,0.1,0.15,0.1
11377,11377,Saint-Laurent-de-Gosse,75,Nouvelle-aquitaine,0.15,0.15,0.1,0.15,0.1
11378,11378,Saint-Laurent-de-Mure,84,Auvergne-rhône-alpes,0.15,0.15,0.1,0.15,0.1
11379,11379,Saint-Laurent-de-Neste,76,Occitanie,0.15,0.15,0.1,0.15,0.1
11380,11380,Saint-Laurent-de-Terregatte,28,Normandie,0.15,0.15,0.1,0.15,0.1
11381,11381,Saint-Laurent-de-la-Cabrerisse,76,Occitanie,0.15,0.15,0.1,0.15,0.1
11382,11382,Saint-Laurent-de-la-Plaine,52,Pays De La Loire,0.15,0.15,0.1,0.15,0.1
11383,11383,Saint-Laurent-de-la-Prée,75,Nouvelle-aquitaine,0.15,0.15,0.1,0.15,0.1
11384,11384,Saint-Laurent-de-la-Salanque,76,Occitanie,0.15,0.15,0.1,0.15,0.1
11385,11385,Saint-Laurent-des-Arbres,76,Occitanie,0.15,0.15,0.1,0.15,0.1
11386,11386,Saint-Laurent-des-Autels,52,Pays De La Loire,0.15,0.15,0.1,0.15,0.1
11387,11387,Saint-Laurent-des-Hommes,75,Nouvelle-aquitaine,0.15,0.15,0.1,0.15,0.1
11388,11388,Saint-Laurent-des-Vignes,75,Nouvelle-aquitaine,0.15,0.15,0.1,0.15,0.1
11389,11389,Saint-Laurent-du-Mottay,52,Pays De La Loire,0.15,0.15,0.1,0.15,0.1
11390,11390,Saint-Laurent-du-Pape,84,Auvergne-rhône-alpes,0.15,0.15,0.1,0.15,0.1
11391,11391,Saint-Laurent-du-Pont,84,Auvergne-rhône-alpes,0.15,0.15,0.1,0.15,0.1
11392,11392,Saint-Laurent-du-Var,93,Provence-alpes-côte D'azur,0.15,0.15,0.1,0.15,0.1
11393,11393,Saint-Laurent-en-Caux,28,Normandie,0.15,0.15,0.1,0.15,0.1
11394,11394,Saint-Laurent-en-Grandvaux,27,Bourgogne-franche-comté,0.15,0.15,0.1,0.15,0.1
11395,11395,Saint-Laurent-en-Gâtines,24,Centre-val De Loire,0.15,0.15,0.1,0.15,0.1
11396,11396,Saint-Laurent-en-Royans,84,Auvergne-rhône-alpes,0.15,0.15,0.1,0.15,0.1
11397,11397,Saint-Laurent-la-Conche,84,Auvergne-rhône-alpes,0.15,0.15,0.1,0.15,0.1
11398,11398,Saint-Laurent-la-Vernède,76,Occitanie,0.15,0.15,0.1,0.15,0.1
11399,11399,Saint-Laurent-les-Tours,76,Occitanie,0.15,0.15,0.1,0.15,0.1
11400,11400,Saint-Laurent-les-Églises,75,Nouvelle-aquitaine,0.15,0.15,0.1,0.15,0.1
11401,11401,Saint-Laurent-sur-Gorre,75,Nouvelle-aquitaine,0.15,0.15,0.1,0.15,0.1
11402,11402,Saint-Laurent-sur-Manoire,75,Nouvelle-aquitaine,0.15,0.15,0.1,0.15,0.1
11403,11403,Saint-Laurent-sur-Saône,84,Auvergne-rhône-alpes,0.15,0.15,0.1,0.15,0.1
11404,11404,Saint-Laurent-sur-Sèvre,52,Pays De La Loire,0.15,0.15,0.1,0.15,0.1
11405,11405,Saint-Lazare,,MISSING,0.15,0.15,0.1,0.15,0.1
11406,11406,Saint-Leu,,MISSING,0.15,0.15,0.1,0.15,0.1
11407,11407,Saint-Leu-la-Forêt,11,Île-de-france,0.15,0.15,0.1,0.15,0.1
11408,11408,Saint-Lieux-lès-Lavaur,76,Occitanie,0.15,0.15,0.1,0.15,0.1
11409,11409,Saint-Lizier,76,Occitanie,0.15,0.15,0.1,0.15,0.1
11410,11410,Saint-Lon-les-Mines,75,Nouvelle-aquitaine,0.15,0.15,0.1,0.15,0.1
11411,11411,Saint-Lormel,53,Bretagne,0.15,0.15,0.1,0.15,0.1
11412,11412,Saint-Loubès,75,Nouvelle-aquitaine,0.15,0.15,0.1,0.15,0.1
11413,11413,Saint-Louis,44,Grand Est,0.15,0.15,0.1,0.15,0.1
11414,11414,Saint-Louis-de-Montferrand,75,Nouvelle-aquitaine,0.15,0.15,0.1,0.15,0.1
11415,11415,Saint-Louis-lès-Bitche,44,Grand Est,0.15,0.15,0.1,0.15,0.1
11416,11416,Saint-Loup,84,Auvergne-rhône-alpes,0.15,0.15,0.1,0.15,0.1
11417,11417,Saint-Loup-Cammas,76,Occitanie,0.15,0.15,0.1,0.15,0.1
11418,11418,Saint-Loup-Géanges,27,Bourgogne-franche-comté,0.15,0.15,0.1,0.15,0.1
11419,11419,Saint-Loup-de-Naud,11,Île-de-france,0.15,0.15,0.1,0.15,0.1
11420,11420,Saint-Loup-sur-Semouse,27,Bourgogne-franche-comté,0.15,0.15,0.1,0.15,0.1
11421,11421,Saint-Lubin-de-la-Haye,24,Centre-val De Loire,0.15,0.15,0.1,0.15,0.1
11422,11422,Saint-Lubin-des-Joncherets,24,Centre-val De Loire,0.15,0.15,0.1,0.15,0.1
11423,11423,Saint-Lubin-en-Vergonnois,24,Centre-val De Loire,0.15,0.15,0.1,0.15,0.1
11424,11424,Saint-Lucien,28,Normandie,0.15,0.15,0.1,0.15,0.1
11425,11425,Saint-Lumine-de-Clisson,52,Pays De La Loire,0.15,0.15,0.1,0.15,0.1
11426,11426,Saint-Lumine-de-Coutais,52,Pays De La Loire,0.15,0.15,0.1,0.15,0.1
11427,11427,Saint-Lunaire,53,Bretagne,0.15,0.15,0.1,0.15,0.1
11428,11428,Saint-Luperce,24,Centre-val De Loire,0.15,0.15,0.1,0.15,0.1
11429,11429,Saint-Lupicin,27,Bourgogne-franche-comté,0.15,0.15,0.1,0.15,0.1
11430,11430,Saint-Lyphard,52,Pays De La Loire,0.15,0.15,0.1,0.15,0.1
11431,11431,Saint-Lys,76,Occitanie,0.15,0.15,0.1,0.15,0.1
11432,11432,Saint-Lyé,44,Grand Est,0.15,0.15,0.1,0.15,0.1
11433,11433,Saint-Lyé-la-Forêt,24,Centre-val De Loire,0.15,0.15,0.1,0.15,0.1
11434,11434,Saint-Léger,93,Provence-alpes-côte D'azur,0.15,0.15,0.1,0.15,0.1
11435,11435,Saint-Léger-Magnazeix,75,Nouvelle-aquitaine,0.15,0.15,0.1,0.15,0.1
11436,11436,Saint-Léger-aux-Bois,32,Hauts-de-france,0.15,0.15,0.1,0.15,0.1
11437,11437,Saint-Léger-de-Montbrun,75,Nouvelle-aquitaine,0.15,0.15,0.1,0.15,0.1
11438,11438,Saint-Léger-des-Bois,52,Pays De La Loire,0.15,0.15,0.1,0.15,0.1
11439,11439,Saint-Léger-des-Vignes,27,Bourgogne-franche-comté,0.15,0.15,0.1,0.15,0.1
11440,11440,Saint-Léger-du-Bois,27,Bourgogne-franche-comté,0.15,0.15,0.1,0.15,0.1
11441,11441,Saint-Léger-du-Bourg-Denis,28,Normandie,0.15,0.15,0.1,0.15,0.1
11442,11442,Saint-Léger-en-Yvelines,11,Île-de-france,0.15,0.15,0.1,0.15,0.1
11443,11443,Saint-Léger-les-Vignes,52,Pays De La Loire,0.15,0.15,0.1,0.15,0.1
11444,11444,Saint-Léger-lès-Domart,32,Hauts-de-france,0.15,0.15,0.1,0.15,0.1
11445,11445,Saint-Léger-près-Troyes,44,Grand Est,0.15,0.15,0.1,0.15,0.1
11446,11446,Saint-Léger-sous-Beuvray,27,Bourgogne-franche-comté,0.15,0.15,0.1,0.15,0.1
11447,11447,Saint-Léger-sous-Cholet,52,Pays De La Loire,0.15,0.15,0.1,0.15,0.1
11448,11448,Saint-Léger-sur-Dheune,27,Bourgogne-franche-comté,0.15,0.15,0.1,0.15,0.1
11449,11449,Saint-Léger-sur-Roanne,84,Auvergne-rhône-alpes,0.15,0.15,0.1,0.15,0.1
11450,11450,Saint-Léon,84,Auvergne-rhône-alpes,0.15,0.15,0.1,0.15,0.1
11451,11451,Saint-Léonard,76,Occitanie,0.15,0.15,0.1,0.15,0.1
11452,11452,Saint-Léonard-de-Noblat,75,Nouvelle-aquitaine,0.15,0.15,0.1,0.15,0.1
11453,11453,Saint-Léonard-des-Bois,52,Pays De La Loire,0.15,0.15,0.1,0.15,0.1
11454,11454,Saint-Léonard-en-Beauce,24,Centre-val De Loire,0.15,0.15,0.1,0.15,0.1
11455,11455,Saint-Lézin,52,Pays De La Loire,0.15,0.15,0.1,0.15,0.1
11456,11456,Saint-Lô,28,Normandie,0.15,0.15,0.1,0.15,0.1
11457,11457,Saint-Macaire,75,Nouvelle-aquitaine,0.15,0.15,0.1,0.15,0.1
11458,11458,Saint-Macaire-en-Mauges,52,Pays De La Loire,0.15,0.15,0.1,0.15,0.1
11459,11459,Saint-Maclou-de-Folleville,28,Normandie,0.15,0.15,0.1,0.15,0.1
11460,11460,Saint-Magne,75,Nouvelle-aquitaine,0.15,0.15,0.1,0.15,0.1
11461,11461,Saint-Maigrin,75,Nouvelle-aquitaine,0.15,0.15,0.1,0.15,0.1
11462,11462,Saint-Maime,93,Provence-alpes-côte D'azur,0.15,0.15,0.1,0.15,0.1
11463,11463,Saint-Maixant,75,Nouvelle-aquitaine,0.15,0.15,0.1,0.15,0.1
11464,11464,Saint-Maixent,52,Pays De La Loire,0.15,0.15,0.1,0.15,0.1
11465,11465,Saint-Maixent-sur-Vie,52,Pays De La Loire,0.15,0.15,0.1,0.15,0.1
11466,11466,Saint-Malo,53,Bretagne,0.15,0.15,0.1,0.15,0.1
11467,11467,Saint-Malo-de-Beignon,53,Bretagne,0.15,0.15,0.1,0.15,0.1
11468,11468,Saint-Malo-de-Guersac,52,Pays De La Loire,0.15,0.15,0.1,0.15,0.1
11469,11469,Saint-Malo-de-Phily,53,Bretagne,0.15,0.15,0.1,0.15,0.1
11470,11470,Saint-Malo-des-Trois-Fontaines,53,Bretagne,0.15,0.15,0.1,0.15,0.1
11471,11471,Saint-Malô-du-Bois,52,Pays De La Loire,0.15,0.15,0.1,0.15,0.1
11472,11472,Saint-Mamert-du-Gard,76,Occitanie,0.15,0.15,0.1,0.15,0.1
11473,11473,Saint-Mamet-la-Salvetat,84,Auvergne-rhône-alpes,0.15,0.15,0.1,0.15,0.1
11474,11474,Saint-Mammès,11,Île-de-france,0.15,0.15,0.1,0.15,0.1
11475,11475,Saint-Mandrier-sur-Mer,93,Provence-alpes-côte D'azur,0.15,0.15,0.1,0.15,0.1
11476,11476,Saint-Mandé,11,Île-de-france,0.15,0.15,0.1,0.15,0.1
11477,11477,Saint-Manvieu,,MISSING,0.15,0.15,0.1,0.15,0.1
11478,11478,Saint-Manvieu-Bocage,28,Normandie,0.15,0.15,0.1,0.15,0.1
11479,11479,Saint-Manvieu-Norrey,28,Normandie,0.15,0.15,0.1,0.15,0.1
11480,11480,Saint-Marc-Jaumegarde,93,Provence-alpes-côte D'azur,0.15,0.15,0.1,0.15,0.1
11481,11481,Saint-Marc-le-Blanc,53,Bretagne,0.15,0.15,0.1,0.15,0.1
11482,11482,Saint-Marcel,84,Auvergne-rhône-alpes,0.15,0.15,0.1,0.15,0.1
11483,11483,Saint-Marcel-d'Ardèche,84,Auvergne-rhône-alpes,0.15,0.15,0.1,0.15,0.1
11484,11484,Saint-Marcel-de-Careiret,76,Occitanie,0.15,0.15,0.1,0.15,0.1
11485,11485,Saint-Marcel-de-Félines,84,Auvergne-rhône-alpes,0.15,0.15,0.1,0.15,0.1
11486,11486,Saint-Marcel-lès-Annonay,84,Auvergne-rhône-alpes,0.15,0.15,0.1,0.15,0.1
11487,11487,Saint-Marcel-lès-Sauzet,84,Auvergne-rhône-alpes,0.15,0.15,0.1,0.15,0.1
11488,11488,Saint-Marcel-lès-Valence,84,Auvergne-rhône-alpes,0.15,0.15,0.1,0.15,0.1
11489,11489,Saint-Marcel-sur-Aude,76,Occitanie,0.15,0.15,0.1,0.15,0.1
11490,11490,Saint-Marcellin,84,Auvergne-rhône-alpes,0.15,0.15,0.1,0.15,0.1
11491,11491,Saint-Marcellin-en-Forez,84,Auvergne-rhône-alpes,0.15,0.15,0.1,0.15,0.1
11492,11492,Saint-Mard,75,Nouvelle-aquitaine,0.15,0.15,0.1,0.15,0.1
11493,11493,Saint-Mards-de-Blacarville,28,Normandie,0.15,0.15,0.1,0.15,0.1
11494,11494,Saint-Mards-en-Othe,44,Grand Est,0.15,0.15,0.1,0.15,0.1
11495,11495,Saint-Mariens,75,Nouvelle-aquitaine,0.15,0.15,0.1,0.15,0.1
11496,11496,Saint-Mars-de-Coutais,52,Pays De La Loire,0.15,0.15,0.1,0.15,0.1
11497,11497,Saint-Mars-du-Désert,52,Pays De La Loire,0.15,0.15,0.1,0.15,0.1
11498,11498,Saint-Mars-la-Brière,52,Pays De La Loire,0.15,0.15,0.1,0.15,0.1
11499,11499,Saint-Mars-la-Jaille,52,Pays De La Loire,0.15,0.15,0.1,0.15,0.1
11500,11500,Saint-Mars-la-Réorthe,52,Pays De La Loire,0.15,0.15,0.1,0.15,0.1
11501,11501,Saint-Mars-sous-Ballon,52,Pays De La Loire,0.15,0.15,0.1,0.15,0.1
11502,11502,Saint-Mars-sur-la-Futaie,52,Pays De La Loire,0.15,0.15,0.1,0.15,0.1
11503,11503,Saint-Martial-de-Nabirat,75,Nouvelle-aquitaine,0.15,0.15,0.1,0.15,0.1
11504,11504,Saint-Martial-de-Valette,75,Nouvelle-aquitaine,0.15,0.15,0.1,0.15,0.1
11505,11505,Saint-Martin-Belle-Roche,27,Bourgogne-franche-comté,0.15,0.15,0.1,0.15,0.1
11506,11506,Saint-Martin-Bellevue,84,Auvergne-rhône-alpes,0.15,0.15,0.1,0.15,0.1
11507,11507,Saint-Martin-Boulogne,32,Hauts-de-france,0.15,0.15,0.1,0.15,0.1
11508,11508,Saint-Martin-Lacaussade,75,Nouvelle-aquitaine,0.15,0.15,0.1,0.15,0.1
11509,11509,Saint-Martin-Lalande,76,Occitanie,0.15,0.15,0.1,0.15,0.1
11510,11510,Saint-Martin-Lestra,84,Auvergne-rhône-alpes,0.15,0.15,0.1,0.15,0.1
11511,11511,Saint-Martin-Longueau,32,Hauts-de-france,0.15,0.15,0.1,0.15,0.1
11512,11512,Saint-Martin-Osmonville,28,Normandie,0.15,0.15,0.1,0.15,0.1
11513,11513,Saint-Martin-Valmeroux,84,Auvergne-rhône-alpes,0.15,0.15,0.1,0.15,0.1
11514,11514,Saint-Martin-Vésubie,93,Provence-alpes-côte D'azur,0.15,0.15,0.1,0.15,0.1
11515,11515,Saint-Martin-au-Laërt,32,Hauts-de-france,0.15,0.15,0.1,0.15,0.1
11516,11516,Saint-Martin-aux-Buneaux,28,Normandie,0.15,0.15,0.1,0.15,0.1
11517,11517,Saint-Martin-de-Belleville,84,Auvergne-rhône-alpes,0.15,0.15,0.1,0.15,0.1
11518,11518,Saint-Martin-de-Bernegoue,75,Nouvelle-aquitaine,0.15,0.15,0.1,0.15,0.1
11519,11519,Saint-Martin-de-Bonfossé,28,Normandie,0.15,0.15,0.1,0.15,0.1
11520,11520,Saint-Martin-de-Boscherville,28,Normandie,0.15,0.15,0.1,0.15,0.1
11521,11521,Saint-Martin-de-Castillon,93,Provence-alpes-côte D'azur,0.15,0.15,0.1,0.15,0.1
11522,11522,Saint-Martin-de-Crau,93,Provence-alpes-côte D'azur,0.15,0.15,0.1,0.15,0.1
11523,11523,Saint-Martin-de-Fontenay,28,Normandie,0.15,0.15,0.1,0.15,0.1
11524,11524,Saint-Martin-de-Fraigneau,52,Pays De La Loire,0.15,0.15,0.1,0.15,0.1
11525,11525,Saint-Martin-de-Gurson,75,Nouvelle-aquitaine,0.15,0.15,0.1,0.15,0.1
11526,11526,Saint-Martin-de-Hinx,75,Nouvelle-aquitaine,0.15,0.15,0.1,0.15,0.1
11527,11527,Saint-Martin-de-Landelles,28,Normandie,0.15,0.15,0.1,0.15,0.1
11528,11528,Saint-Martin-de-Londres,76,Occitanie,0.15,0.15,0.1,0.15,0.1
11529,11529,Saint-Martin-de-Mailloc,28,Normandie,0.15,0.15,0.1,0.15,0.1
11530,11530,Saint-Martin-de-Nigelles,24,Centre-val De Loire,0.15,0.15,0.1,0.15,0.1
11531,11531,Saint-Martin-de-Queyrières,93,Provence-alpes-côte D'azur,0.15,0.15,0.1,0.15,0.1
11532,11532,Saint-Martin-de-Ribérac,75,Nouvelle-aquitaine,0.15,0.15,0.1,0.15,0.1
11533,11533,Saint-Martin-de-Ré,75,Nouvelle-aquitaine,0.15,0.15,0.1,0.15,0.1
11534,11534,Saint-Martin-de-Saint-Maixent,75,Nouvelle-aquitaine,0.15,0.15,0.1,0.15,0.1
11535,11535,Saint-Martin-de-Sanzay,75,Nouvelle-aquitaine,0.15,0.15,0.1,0.15,0.1
11536,11536,Saint-Martin-de-Seignanx,75,Nouvelle-aquitaine,0.15,0.15,0.1,0.15,0.1
11537,11537,Saint-Martin-de-Sescas,75,Nouvelle-aquitaine,0.15,0.15,0.1,0.15,0.1
11538,11538,Saint-Martin-de-Valamas,84,Auvergne-rhône-alpes,0.15,0.15,0.1,0.15,0.1
11539,11539,Saint-Martin-de-Valgalgues,76,Occitanie,0.15,0.15,0.1,0.15,0.1
11540,11540,Saint-Martin-de-la-Brasque,93,Provence-alpes-côte D'azur,0.15,0.15,0.1,0.15,0.1
11541,11541,Saint-Martin-de-la-Lieue,28,Normandie,0.15,0.15,0.1,0.15,0.1
11542,11542,Saint-Martin-de-la-Place,52,Pays De La Loire,0.15,0.15,0.1,0.15,0.1
11543,11543,Saint-Martin-de-la-Porte,84,Auvergne-rhône-alpes,0.15,0.15,0.1,0.15,0.1
11544,11544,Saint-Martin-des-Besaces,28,Normandie,0.15,0.15,0.1,0.15,0.1
11545,11545,Saint-Martin-des-Bois,24,Centre-val De Loire,0.15,0.15,0.1,0.15,0.1
11546,11546,Saint-Martin-des-Champs,53,Bretagne,0.15,0.15,0.1,0.15,0.1
11547,11547,Saint-Martin-des-Entrées,28,Normandie,0.15,0.15,0.1,0.15,0.1
11548,11548,Saint-Martin-des-Noyers,52,Pays De La Loire,0.15,0.15,0.1,0.15,0.1
11549,11549,Saint-Martin-des-Tilleuls,52,Pays De La Loire,0.15,0.15,0.1,0.15,0.1
11550,11550,Saint-Martin-du-Bec,28,Normandie,0.15,0.15,0.1,0.15,0.1
11551,11551,Saint-Martin-du-Bois,75,Nouvelle-aquitaine,0.15,0.15,0.1,0.15,0.1
11552,11552,Saint-Martin-du-Fouilloux,75,Nouvelle-aquitaine,0.15,0.15,0.1,0.15,0.1
11553,11553,Saint-Martin-du-Frêne,84,Auvergne-rhône-alpes,0.15,0.15,0.1,0.15,0.1
11554,11554,Saint-Martin-du-Manoir,28,Normandie,0.15,0.15,0.1,0.15,0.1
11555,11555,Saint-Martin-du-Mont,84,Auvergne-rhône-alpes,0.15,0.15,0.1,0.15,0.1
11556,11556,Saint-Martin-du-Tertre,27,Bourgogne-franche-comté,0.15,0.15,0.1,0.15,0.1
11557,11557,Saint-Martin-du-Var,93,Provence-alpes-côte D'azur,0.15,0.15,0.1,0.15,0.1
11558,11558,Saint-Martin-du-Vieux-Bellême,28,Normandie,0.15,0.15,0.1,0.15,0.1
11559,11559,Saint-Martin-du-Vivier,28,Normandie,0.15,0.15,0.1,0.15,0.1
11560,11560,Saint-Martin-en-Bière,11,Île-de-france,0.15,0.15,0.1,0.15,0.1
11561,11561,Saint-Martin-en-Bresse,27,Bourgogne-franche-comté,0.15,0.15,0.1,0.15,0.1
11562,11562,Saint-Martin-en-Campagne,28,Normandie,0.15,0.15,0.1,0.15,0.1
11563,11563,Saint-Martin-en-Haut,84,Auvergne-rhône-alpes,0.15,0.15,0.1,0.15,0.1
11564,11564,Saint-Martin-la-Garenne,11,Île-de-france,0.15,0.15,0.1,0.15,0.1
11565,11565,Saint-Martin-la-Plaine,84,Auvergne-rhône-alpes,0.15,0.15,0.1,0.15,0.1
11566,11566,Saint-Martin-la-Sauveté,84,Auvergne-rhône-alpes,0.15,0.15,0.1,0.15,0.1
11567,11567,Saint-Martin-le-Beau,24,Centre-val De Loire,0.15,0.15,0.1,0.15,0.1
11568,11568,Saint-Martin-le-Châtel,84,Auvergne-rhône-alpes,0.15,0.15,0.1,0.15,0.1
11569,11569,Saint-Martin-le-Nœud,32,Hauts-de-france,0.15,0.15,0.1,0.15,0.1
11570,11570,Saint-Martin-le-Vieux,75,Nouvelle-aquitaine,0.15,0.15,0.1,0.15,0.1
11571,11571,Saint-Martin-le-Vinoux,84,Auvergne-rhône-alpes,0.15,0.15,0.1,0.15,0.1
11572,11572,Saint-Martin-lès-Melle,75,Nouvelle-aquitaine,0.15,0.15,0.1,0.15,0.1
11573,11573,Saint-Martin-sur-Ocre,27,Bourgogne-franche-comté,0.15,0.15,0.1,0.15,0.1
11574,11574,Saint-Martin-sur-Oust,53,Bretagne,0.15,0.15,0.1,0.15,0.1
11575,11575,Saint-Martin-sur-le-Pré,44,Grand Est,0.15,0.15,0.1,0.15,0.1
11576,11576,Saint-Martinien,84,Auvergne-rhône-alpes,0.15,0.15,0.1,0.15,0.1
11577,11577,Saint-Martory,76,Occitanie,0.15,0.15,0.1,0.15,0.1
11578,11578,Saint-Masmes,44,Grand Est,0.15,0.15,0.1,0.15,0.1
11579,11579,Saint-Mathieu,75,Nouvelle-aquitaine,0.15,0.15,0.1,0.15,0.1
11580,11580,Saint-Mathieu-de-Tréviers,76,Occitanie,0.15,0.15,0.1,0.15,0.1
11581,11581,Saint-Mathurin,52,Pays De La Loire,0.15,0.15,0.1,0.15,0.1
11582,11582,Saint-Mathurin-sur-Loire,52,Pays De La Loire,0.15,0.15,0.1,0.15,0.1
11583,11583,Saint-Maur,76,Occitanie,0.15,0.15,0.1,0.15,0.1
11584,11584,Saint-Maur-des-Fossés,11,Île-de-france,0.15,0.15,0.1,0.15,0.1
11585,11585,Saint-Maurice,84,Auvergne-rhône-alpes,0.15,0.15,0.1,0.15,0.1
11586,11586,Saint-Maurice-Colombier,27,Bourgogne-franche-comté,0.15,0.15,0.1,0.15,0.1
11587,11587,Saint-Maurice-Montcouronne,11,Île-de-france,0.15,0.15,0.1,0.15,0.1
11588,11588,Saint-Maurice-Saint-Germain,24,Centre-val De Loire,0.15,0.15,0.1,0.15,0.1
11589,11589,Saint-Maurice-de-Beynost,84,Auvergne-rhône-alpes,0.15,0.15,0.1,0.15,0.1
11590,11590,Saint-Maurice-de-Cazevieille,76,Occitanie,0.15,0.15,0.1,0.15,0.1
11591,11591,Saint-Maurice-de-Gourdans,84,Auvergne-rhône-alpes,0.15,0.15,0.1,0.15,0.1
11592,11592,Saint-Maurice-de-Lignon,84,Auvergne-rhône-alpes,0.15,0.15,0.1,0.15,0.1
11593,11593,Saint-Maurice-de-Rémens,84,Auvergne-rhône-alpes,0.15,0.15,0.1,0.15,0.1
11594,11594,Saint-Maurice-des-Lions,75,Nouvelle-aquitaine,0.15,0.15,0.1,0.15,0.1
11595,11595,Saint-Maurice-des-Noues,52,Pays De La Loire,0.15,0.15,0.1,0.15,0.1
11596,11596,Saint-Maurice-du-Désert,28,Normandie,0.15,0.15,0.1,0.15,0.1
11597,11597,Saint-Maurice-en-Gourgois,84,Auvergne-rhône-alpes,0.15,0.15,0.1,0.15,0.1
11598,11598,Saint-Maurice-la-Clouère,75,Nouvelle-aquitaine,0.15,0.15,0.1,0.15,0.1
11599,11599,Saint-Maurice-la-Souterraine,75,Nouvelle-aquitaine,0.15,0.15,0.1,0.15,0.1
11600,11600,Saint-Maurice-le-Girard,52,Pays De La Loire,0.15,0.15,0.1,0.15,0.1
11601,11601,Saint-Maurice-les-Brousses,75,Nouvelle-aquitaine,0.15,0.15,0.1,0.15,0.1
11602,11602,Saint-Maurice-lès-Charencey,28,Normandie,0.15,0.15,0.1,0.15,0.1
11603,11603,Saint-Maurice-lès-Châteauneuf,27,Bourgogne-franche-comté,0.15,0.15,0.1,0.15,0.1
11604,11604,Saint-Maurice-sur-Adour,75,Nouvelle-aquitaine,0.15,0.15,0.1,0.15,0.1
11605,11605,Saint-Maurice-sur-Aveyron,24,Centre-val De Loire,0.15,0.15,0.1,0.15,0.1
11606,11606,Saint-Maurice-sur-Dargoire,84,Auvergne-rhône-alpes,0.15,0.15,0.1,0.15,0.1
11607,11607,Saint-Maurice-sur-Eygues,84,Auvergne-rhône-alpes,0.15,0.15,0.1,0.15,0.1
11608,11608,Saint-Maurice-sur-Fessard,24,Centre-val De Loire,0.15,0.15,0.1,0.15,0.1
11609,11609,Saint-Maurice-sur-Moselle,44,Grand Est,0.15,0.15,0.1,0.15,0.1
11610,11610,Saint-Max,44,Grand Est,0.15,0.15,0.1,0.15,0.1
11611,11611,Saint-Maximin,84,Auvergne-rhône-alpes,0.15,0.15,0.1,0.15,0.1
11612,11612,Saint-Maximin-la-Sainte-Baume,93,Provence-alpes-côte D'azur,0.15,0.15,0.1,0.15,0.1
11613,11613,Saint-Maxire,75,Nouvelle-aquitaine,0.15,0.15,0.1,0.15,0.1
11614,11614,Saint-Mayeux,53,Bretagne,0.15,0.15,0.1,0.15,0.1
11615,11615,Saint-Melaine-sur-Aubance,52,Pays De La Loire,0.15,0.15,0.1,0.15,0.1
11616,11616,Saint-Memmie,44,Grand Est,0.15,0.15,0.1,0.15,0.1
11617,11617,Saint-Menges,44,Grand Est,0.15,0.15,0.1,0.15,0.1
11618,11618,Saint-Menoux,84,Auvergne-rhône-alpes,0.15,0.15,0.1,0.15,0.1
11619,11619,Saint-Mesmes,11,Île-de-france,0.15,0.15,0.1,0.15,0.1
11620,11620,Saint-Mesmin,75,Nouvelle-aquitaine,0.15,0.15,0.1,0.15,0.1
11621,11621,Saint-Mexant,75,Nouvelle-aquitaine,0.15,0.15,0.1,0.15,0.1
11622,11622,Saint-Michel,76,Occitanie,0.15,0.15,0.1,0.15,0.1
11623,11623,Saint-Michel-Chef-Chef,52,Pays De La Loire,0.15,0.15,0.1,0.15,0.1
11624,11624,Saint-Michel-Mont-Mercure,52,Pays De La Loire,0.15,0.15,0.1,0.15,0.1
11625,11625,Saint-Michel-de-Chavaignes,52,Pays De La Loire,0.15,0.15,0.1,0.15,0.1
11626,11626,Saint-Michel-de-Fronsac,75,Nouvelle-aquitaine,0.15,0.15,0.1,0.15,0.1
11627,11627,Saint-Michel-de-Maurienne,84,Auvergne-rhône-alpes,0.15,0.15,0.1,0.15,0.1
11628,11628,Saint-Michel-de-Rieufret,75,Nouvelle-aquitaine,0.15,0.15,0.1,0.15,0.1
11629,11629,Saint-Michel-le-Cloucq,52,Pays De La Loire,0.15,0.15,0.1,0.15,0.1
11630,11630,Saint-Michel-sur-Loire,24,Centre-val De Loire,0.15,0.15,0.1,0.15,0.1
11631,11631,Saint-Michel-sur-Meurthe,44,Grand Est,0.15,0.15,0.1,0.15,0.1
11632,11632,Saint-Michel-sur-Orge,11,Île-de-france,0.15,0.15,0.1,0.15,0.1
11633,11633,Saint-Michel-sur-Rhône,84,Auvergne-rhône-alpes,0.15,0.15,0.1,0.15,0.1
11634,11634,Saint-Mihiel,44,Grand Est,0.15,0.15,0.1,0.15,0.1
11635,11635,Saint-Mitre,,MISSING,0.15,0.15,0.1,0.15,0.1
11636,11636,Saint-Mitre-les-Remparts,93,Provence-alpes-côte D'azur,0.15,0.15,0.1,0.15,0.1
11637,11637,Saint-Molf,52,Pays De La Loire,0.15,0.15,0.1,0.15,0.1
11638,11638,Saint-Morillon,75,Nouvelle-aquitaine,0.15,0.15,0.1,0.15,0.1
11639,11639,Saint-Méard-de-Gurçon,75,Nouvelle-aquitaine,0.15,0.15,0.1,0.15,0.1
11640,11640,Saint-Médard-de-Guizières,75,Nouvelle-aquitaine,0.15,0.15,0.1,0.15,0.1
11641,11641,Saint-Médard-de-Mussidan,75,Nouvelle-aquitaine,0.15,0.15,0.1,0.15,0.1
11642,11642,Saint-Médard-en-Forez,84,Auvergne-rhône-alpes,0.15,0.15,0.1,0.15,0.1
11643,11643,Saint-Médard-en-Jalles,75,Nouvelle-aquitaine,0.15,0.15,0.1,0.15,0.1
11644,11644,Saint-Médard-la-Rochette,75,Nouvelle-aquitaine,0.15,0.15,0.1,0.15,0.1
11645,11645,Saint-Médard-sur-Ille,53,Bretagne,0.15,0.15,0.1,0.15,0.1
11646,11646,Saint-Méen-le-Grand,53,Bretagne,0.15,0.15,0.1,0.15,0.1
11647,11647,Saint-Méloir-des-Ondes,53,Bretagne,0.15,0.15,0.1,0.15,0.1
11648,11648,Saint-Même-le-Tenu,52,Pays De La Loire,0.15,0.15,0.1,0.15,0.1
11649,11649,Saint-Même-les-Carrières,75,Nouvelle-aquitaine,0.15,0.15,0.1,0.15,0.1
11650,11650,Saint-Nabor,44,Grand Est,0.15,0.15,0.1,0.15,0.1
11651,11651,Saint-Nabord,44,Grand Est,0.15,0.15,0.1,0.15,0.1
11652,11652,Saint-Nauphary,76,Occitanie,0.15,0.15,0.1,0.15,0.1
11653,11653,Saint-Nazaire,76,Occitanie,0.15,0.15,0.1,0.15,0.1
11654,11654,Saint-Nazaire-de-Pézan,76,Occitanie,0.15,0.15,0.1,0.15,0.1
11655,11655,Saint-Nazaire-en-Royans,84,Auvergne-rhône-alpes,0.15,0.15,0.1,0.15,0.1
11656,11656,Saint-Nazaire-les-Eymes,84,Auvergne-rhône-alpes,0.15,0.15,0.1,0.15,0.1
11657,11657,Saint-Nazaire-sur-Charente,75,Nouvelle-aquitaine,0.15,0.15,0.1,0.15,0.1
11658,11658,Saint-Nectaire,84,Auvergne-rhône-alpes,0.15,0.15,0.1,0.15,0.1
11659,11659,Saint-Nexans,75,Nouvelle-aquitaine,0.15,0.15,0.1,0.15,0.1
11660,11660,Saint-Nic,53,Bretagne,0.15,0.15,0.1,0.15,0.1
11661,11661,Saint-Nicolas,32,Hauts-de-france,0.15,0.15,0.1,0.15,0.1
11662,11662,Saint-Nicolas-de-Bliquetuit,28,Normandie,0.15,0.15,0.1,0.15,0.1
11663,11663,Saint-Nicolas-de-Bourgueil,24,Centre-val De Loire,0.15,0.15,0.1,0.15,0.1
11664,11664,Saint-Nicolas-de-Macherin,84,Auvergne-rhône-alpes,0.15,0.15,0.1,0.15,0.1
11665,11665,Saint-Nicolas-de-Port,44,Grand Est,0.15,0.15,0.1,0.15,0.1
11666,11666,Saint-Nicolas-de-Redon,52,Pays De La Loire,0.15,0.15,0.1,0.15,0.1
11667,11667,Saint-Nicolas-de-la-Grave,76,Occitanie,0.15,0.15,0.1,0.15,0.1
11668,11668,Saint-Nicolas-de-la-Taille,28,Normandie,0.15,0.15,0.1,0.15,0.1
11669,11669,Saint-Nicolas-du-Pélem,53,Bretagne,0.15,0.15,0.1,0.15,0.1
11670,11670,Saint-Nizier-de-Fornas,84,Auvergne-rhône-alpes,0.15,0.15,0.1,0.15,0.1
11671,11671,Saint-Nizier-du-Moucherotte,84,Auvergne-rhône-alpes,0.15,0.15,0.1,0.15,0.1
11672,11672,Saint-Nizier-le-Bouchoux,84,Auvergne-rhône-alpes,0.15,0.15,0.1,0.15,0.1
11673,11673,Saint-Nizier-le-Désert,84,Auvergne-rhône-alpes,0.15,0.15,0.1,0.15,0.1
11674,11674,Saint-Nizier-sous-Charlieu,84,Auvergne-rhône-alpes,0.15,0.15,0.1,0.15,0.1
11675,11675,Saint-Nolff,53,Bretagne,0.15,0.15,0.1,0.15,0.1
11676,11676,Saint-Nom-la-Bretêche,11,Île-de-france,0.15,0.15,0.1,0.15,0.1
11677,11677,Saint-Omer,32,Hauts-de-france,0.15,0.15,0.1,0.15,0.1
11678,11678,Saint-Omer-Capelle,32,Hauts-de-france,0.15,0.15,0.1,0.15,0.1
11679,11679,Saint-Omer-en-Chaussée,32,Hauts-de-france,0.15,0.15,0.1,0.15,0.1
11680,11680,Saint-Ondras,84,Auvergne-rhône-alpes,0.15,0.15,0.1,0.15,0.1
11681,11681,Saint-Onen-la-Chapelle,53,Bretagne,0.15,0.15,0.1,0.15,0.1
11682,11682,Saint-Orens-de-Gameville,76,Occitanie,0.15,0.15,0.1,0.15,0.1
11683,11683,Saint-Ouen,32,Hauts-de-france,0.15,0.15,0.1,0.15,0.1
11684,11684,Saint-Ouen-de-Mimbré,52,Pays De La Loire,0.15,0.15,0.1,0.15,0.1
11685,11685,Saint-Ouen-de-Thouberville,28,Normandie,0.15,0.15,0.1,0.15,0.1
11686,11686,Saint-Ouen-des-Alleux,53,Bretagne,0.15,0.15,0.1,0.15,0.1
11687,11687,Saint-Ouen-du-Breuil,28,Normandie,0.15,0.15,0.1,0.15,0.1
11688,11688,Saint-Ouen-du-Tilleul,28,Normandie,0.15,0.15,0.1,0.15,0.1
11689,11689,Saint-Ouen-en-Belin,52,Pays De La Loire,0.15,0.15,0.1,0.15,0.1
11690,11690,Saint-Ouen-en-Brie,11,Île-de-france,0.15,0.15,0.1,0.15,0.1
11691,11691,Saint-Ouen-les-Vignes,24,Centre-val De Loire,0.15,0.15,0.1,0.15,0.1
11692,11692,Saint-Ouen-sur-Iton,28,Normandie,0.15,0.15,0.1,0.15,0.1
11693,11693,Saint-Ouen-sur-Morin,11,Île-de-france,0.15,0.15,0.1,0.15,0.1
11694,11694,Saint-Ours,84,Auvergne-rhône-alpes,0.15,0.15,0.1,0.15,0.1
11695,11695,Saint-Ouën-des-Toits,52,Pays De La Loire,0.15,0.15,0.1,0.15,0.1
11696,11696,Saint-Pabu,53,Bretagne,0.15,0.15,0.1,0.15,0.1
11697,11697,Saint-Pair-sur-Mer,28,Normandie,0.15,0.15,0.1,0.15,0.1
11698,11698,Saint-Pal-de-Mons,84,Auvergne-rhône-alpes,0.15,0.15,0.1,0.15,0.1
11699,11699,Saint-Palais,84,Auvergne-rhône-alpes,0.15,0.15,0.1,0.15,0.1
11700,11700,Saint-Palais-sur-Mer,75,Nouvelle-aquitaine,0.15,0.15,0.1,0.15,0.1
11701,11701,Saint-Pandelon,75,Nouvelle-aquitaine,0.15,0.15,0.1,0.15,0.1
11702,11702,Saint-Pantaléon-de-Larche,75,Nouvelle-aquitaine,0.15,0.15,0.1,0.15,0.1
11703,11703,Saint-Papoul,76,Occitanie,0.15,0.15,0.1,0.15,0.1
11704,11704,Saint-Pardoux,84,Auvergne-rhône-alpes,0.15,0.15,0.1,0.15,0.1
11705,11705,Saint-Pardoux-Isaac,75,Nouvelle-aquitaine,0.15,0.15,0.1,0.15,0.1
11706,11706,Saint-Pardoux-du-Breuil,75,Nouvelle-aquitaine,0.15,0.15,0.1,0.15,0.1
11707,11707,Saint-Pardoux-la-Rivière,75,Nouvelle-aquitaine,0.15,0.15,0.1,0.15,0.1
11708,11708,Saint-Pargoire,76,Occitanie,0.15,0.15,0.1,0.15,0.1
11709,11709,Saint-Parize-le-Châtel,27,Bourgogne-franche-comté,0.15,0.15,0.1,0.15,0.1
11710,11710,Saint-Parres-aux-Tertres,44,Grand Est,0.15,0.15,0.1,0.15,0.1
11711,11711,Saint-Parres-lès-Vaudes,44,Grand Est,0.15,0.15,0.1,0.15,0.1
11712,11712,Saint-Paterne,52,Pays De La Loire,0.15,0.15,0.1,0.15,0.1
11713,11713,Saint-Paterne-Racan,24,Centre-val De Loire,0.15,0.15,0.1,0.15,0.1
11714,11714,Saint-Pathus,11,Île-de-france,0.15,0.15,0.1,0.15,0.1
11715,11715,Saint-Patrice,24,Centre-val De Loire,0.15,0.15,0.1,0.15,0.1
11716,11716,Saint-Paul,84,Auvergne-rhône-alpes,0.15,0.15,0.1,0.15,0.1
11717,11717,Saint-Paul-Cap-de-Joux,76,Occitanie,0.15,0.15,0.1,0.15,0.1
11718,11718,Saint-Paul-Mont-Penit,52,Pays De La Loire,0.15,0.15,0.1,0.15,0.1
11719,11719,Saint-Paul-Trois-Châteaux,84,Auvergne-rhône-alpes,0.15,0.15,0.1,0.15,0.1
11720,11720,Saint-Paul-de-Fenouillet,76,Occitanie,0.15,0.15,0.1,0.15,0.1
11721,11721,Saint-Paul-de-Jarrat,76,Occitanie,0.15,0.15,0.1,0.15,0.1
11722,11722,Saint-Paul-de-Varax,84,Auvergne-rhône-alpes,0.15,0.15,0.1,0.15,0.1
11723,11723,Saint-Paul-de-Varces,84,Auvergne-rhône-alpes,0.15,0.15,0.1,0.15,0.1
11724,11724,Saint-Paul-de-Vence,93,Provence-alpes-côte D'azur,0.15,0.15,0.1,0.15,0.1
11725,11725,Saint-Paul-des-Landes,84,Auvergne-rhône-alpes,0.15,0.15,0.1,0.15,0.1
11726,11726,Saint-Paul-du-Bois,52,Pays De La Loire,0.15,0.15,0.1,0.15,0.1
11727,11727,Saint-Paul-du-Vernay,28,Normandie,0.15,0.15,0.1,0.15,0.1
11728,11728,Saint-Paul-en-Chablais,84,Auvergne-rhône-alpes,0.15,0.15,0.1,0.15,0.1
11729,11729,Saint-Paul-en-Forêt,93,Provence-alpes-côte D'azur,0.15,0.15,0.1,0.15,0.1
11730,11730,Saint-Paul-en-Gâtine,75,Nouvelle-aquitaine,0.15,0.15,0.1,0.15,0.1
11731,11731,Saint-Paul-en-Jarez,84,Auvergne-rhône-alpes,0.15,0.15,0.1,0.15,0.1
11732,11732,Saint-Paul-en-Pareds,52,Pays De La Loire,0.15,0.15,0.1,0.15,0.1
11733,11733,Saint-Paul-et-Valmalle,76,Occitanie,0.15,0.15,0.1,0.15,0.1
11734,11734,Saint-Paul-la-Roche,75,Nouvelle-aquitaine,0.15,0.15,0.1,0.15,0.1
11735,11735,Saint-Paul-le-Jeune,84,Auvergne-rhône-alpes,0.15,0.15,0.1,0.15,0.1
11736,11736,Saint-Paul-les-Fonts,76,Occitanie,0.15,0.15,0.1,0.15,0.1
11737,11737,Saint-Paul-lès-Dax,75,Nouvelle-aquitaine,0.15,0.15,0.1,0.15,0.1
11738,11738,Saint-Paul-lès-Durance,93,Provence-alpes-côte D'azur,0.15,0.15,0.1,0.15,0.1
11739,11739,Saint-Paul-lès-Romans,84,Auvergne-rhône-alpes,0.15,0.15,0.1,0.15,0.1
11740,11740,Saint-Paul-sur-Isère,84,Auvergne-rhône-alpes,0.15,0.15,0.1,0.15,0.1
11741,11741,Saint-Paulet-de-Caisson,76,Occitanie,0.15,0.15,0.1,0.15,0.1
11742,11742,Saint-Paulien,84,Auvergne-rhône-alpes,0.15,0.15,0.1,0.15,0.1
11743,11743,Saint-Paër,28,Normandie,0.15,0.15,0.1,0.15,0.1
11744,11744,Saint-Perdon,75,Nouvelle-aquitaine,0.15,0.15,0.1,0.15,0.1
11745,11745,Saint-Pern,53,Bretagne,0.15,0.15,0.1,0.15,0.1
11746,11746,Saint-Perreux,53,Bretagne,0.15,0.15,0.1,0.15,0.1
11747,11747,Saint-Pey-de-Castets,75,Nouvelle-aquitaine,0.15,0.15,0.1,0.15,0.1
11748,11748,Saint-Philbert-de-Bouaine,52,Pays De La Loire,0.15,0.15,0.1,0.15,0.1
11749,11749,Saint-Philbert-de-Grand-Lieu,52,Pays De La Loire,0.15,0.15,0.1,0.15,0.1
11750,11750,Saint-Philbert-des-Champs,28,Normandie,0.15,0.15,0.1,0.15,0.1
11751,11751,Saint-Philbert-du-Peuple,52,Pays De La Loire,0.15,0.15,0.1,0.15,0.1
11752,11752,Saint-Philbert-sur-Risle,28,Normandie,0.15,0.15,0.1,0.15,0.1
11753,11753,Saint-Philibert,53,Bretagne,0.15,0.15,0.1,0.15,0.1
11754,11754,Saint-Piat,24,Centre-val De Loire,0.15,0.15,0.1,0.15,0.1
11755,11755,Saint-Pierre,93,Provence-alpes-côte D'azur,0.15,0.15,0.1,0.15,0.1
11756,11756,Saint-Pierre-Bois,44,Grand Est,0.15,0.15,0.1,0.15,0.1
11757,11757,Saint-Pierre-Brouck,32,Hauts-de-france,0.15,0.15,0.1,0.15,0.1
11758,11758,Saint-Pierre-Eynac,84,Auvergne-rhône-alpes,0.15,0.15,0.1,0.15,0.1
11759,11759,Saint-Pierre-Montlimart,52,Pays De La Loire,0.15,0.15,0.1,0.15,0.1
11760,11760,Saint-Pierre-Quiberon,53,Bretagne,0.15,0.15,0.1,0.15,0.1
11761,11761,Saint-Pierre-de-Bailleul,28,Normandie,0.15,0.15,0.1,0.15,0.1
11762,11762,Saint-Pierre-de-Bressieux,84,Auvergne-rhône-alpes,0.15,0.15,0.1,0.15,0.1
11763,11763,Saint-Pierre-de-Bœuf,84,Auvergne-rhône-alpes,0.15,0.15,0.1,0.15,0.1
11764,11764,Saint-Pierre-de-Chandieu,84,Auvergne-rhône-alpes,0.15,0.15,0.1,0.15,0.1
11765,11765,Saint-Pierre-de-Chartreuse,84,Auvergne-rhône-alpes,0.15,0.15,0.1,0.15,0.1
11766,11766,Saint-Pierre-de-Chignac,75,Nouvelle-aquitaine,0.15,0.15,0.1,0.15,0.1
11767,11767,Saint-Pierre-de-Clairac,75,Nouvelle-aquitaine,0.15,0.15,0.1,0.15,0.1
11768,11768,Saint-Pierre-de-Fursac,75,Nouvelle-aquitaine,0.15,0.15,0.1,0.15,0.1
11769,11769,Saint-Pierre-de-Maillé,75,Nouvelle-aquitaine,0.15,0.15,0.1,0.15,0.1
11770,11770,Saint-Pierre-de-Manneville,28,Normandie,0.15,0.15,0.1,0.15,0.1
11771,11771,Saint-Pierre-de-Mésage,84,Auvergne-rhône-alpes,0.15,0.15,0.1,0.15,0.1
11772,11772,Saint-Pierre-de-Plesguen,53,Bretagne,0.15,0.15,0.1,0.15,0.1
11773,11773,Saint-Pierre-de-Rivière,76,Occitanie,0.15,0.15,0.1,0.15,0.1
11774,11774,Saint-Pierre-de-Trivisy,76,Occitanie,0.15,0.15,0.1,0.15,0.1
11775,11775,Saint-Pierre-de-Varengeville,28,Normandie,0.15,0.15,0.1,0.15,0.1
11776,11776,Saint-Pierre-de-Varennes,27,Bourgogne-franche-comté,0.15,0.15,0.1,0.15,0.1
11777,11777,Saint-Pierre-des-Corps,24,Centre-val De Loire,0.15,0.15,0.1,0.15,0.1
11778,11778,Saint-Pierre-des-Fleurs,28,Normandie,0.15,0.15,0.1,0.15,0.1
11779,11779,Saint-Pierre-des-Landes,52,Pays De La Loire,0.15,0.15,0.1,0.15,0.1
11780,11780,Saint-Pierre-des-Nids,52,Pays De La Loire,0.15,0.15,0.1,0.15,0.1
11781,11781,Saint-Pierre-des-Échaubrognes,75,Nouvelle-aquitaine,0.15,0.15,0.1,0.15,0.1
11782,11782,Saint-Pierre-du-Bosguérard,28,Normandie,0.15,0.15,0.1,0.15,0.1
11783,11783,Saint-Pierre-du-Chemin,52,Pays De La Loire,0.15,0.15,0.1,0.15,0.1
11784,11784,Saint-Pierre-du-Mont,75,Nouvelle-aquitaine,0.15,0.15,0.1,0.15,0.1
11785,11785,Saint-Pierre-du-Perray,11,Île-de-france,0.15,0.15,0.1,0.15,0.1
11786,11786,Saint-Pierre-du-Regard,28,Normandie,0.15,0.15,0.1,0.15,0.1
11787,11787,Saint-Pierre-du-Val,28,Normandie,0.15,0.15,0.1,0.15,0.1
11788,11788,Saint-Pierre-du-Vauvray,28,Normandie,0.15,0.15,0.1,0.15,0.1
11789,11789,Saint-Pierre-en-Port,28,Normandie,0.15,0.15,0.1,0.15,0.1
11790,11790,Saint-Pierre-en-Val,28,Normandie,0.15,0.15,0.1,0.15,0.1
11791,11791,Saint-Pierre-la-Cour,52,Pays De La Loire,0.15,0.15,0.1,0.15,0.1
11792,11792,Saint-Pierre-la-Garenne,28,Normandie,0.15,0.15,0.1,0.15,0.1
11793,11793,Saint-Pierre-la-Palud,84,Auvergne-rhône-alpes,0.15,0.15,0.1,0.15,0.1
11794,11794,Saint-Pierre-le-Moûtier,27,Bourgogne-franche-comté,0.15,0.15,0.1,0.15,0.1
11795,11795,Saint-Pierre-le-Vieux,76,Occitanie,0.15,0.15,0.1,0.15,0.1
11796,11796,Saint-Pierre-les-Étieux,24,Centre-val De Loire,0.15,0.15,0.1,0.15,0.1
11797,11797,Saint-Pierre-lès-Elbeuf,28,Normandie,0.15,0.15,0.1,0.15,0.1
11798,11798,Saint-Pierre-lès-Nemours,11,Île-de-france,0.15,0.15,0.1,0.15,0.1
11799,11799,Saint-Pierre-sur-Dives,28,Normandie,0.15,0.15,0.1,0.15,0.1
11800,11800,Saint-Pierre-sur-Orthe,52,Pays De La Loire,0.15,0.15,0.1,0.15,0.1
11801,11801,Saint-Pierre-Église,28,Normandie,0.15,0.15,0.1,0.15,0.1
11802,11802,Saint-Pierreville,84,Auvergne-rhône-alpes,0.15,0.15,0.1,0.15,0.1
11803,11803,Saint-Planchers,28,Normandie,0.15,0.15,0.1,0.15,0.1
11804,11804,Saint-Pois,28,Normandie,0.15,0.15,0.1,0.15,0.1
11805,11805,Saint-Pol-de-Léon,53,Bretagne,0.15,0.15,0.1,0.15,0.1
11806,11806,Saint-Pol-sur-Mer,32,Hauts-de-france,0.15,0.15,0.1,0.15,0.1
11807,11807,Saint-Pol-sur-Ternoise,32,Hauts-de-france,0.15,0.15,0.1,0.15,0.1
11808,11808,Saint-Pompain,75,Nouvelle-aquitaine,0.15,0.15,0.1,0.15,0.1
11809,11809,Saint-Pons-de-Mauchiens,76,Occitanie,0.15,0.15,0.1,0.15,0.1
11810,11810,Saint-Pons-de-Thomières,76,Occitanie,0.15,0.15,0.1,0.15,0.1
11811,11811,Saint-Porchaire,75,Nouvelle-aquitaine,0.15,0.15,0.1,0.15,0.1
11812,11812,Saint-Porquier,76,Occitanie,0.15,0.15,0.1,0.15,0.1
11813,11813,Saint-Pouange,44,Grand Est,0.15,0.15,0.1,0.15,0.1
11814,11814,Saint-Pourçain-sur-Sioule,84,Auvergne-rhône-alpes,0.15,0.15,0.1,0.15,0.1
11815,11815,Saint-Prest,24,Centre-val De Loire,0.15,0.15,0.1,0.15,0.1
11816,11816,Saint-Priest,84,Auvergne-rhône-alpes,0.15,0.15,0.1,0.15,0.1
11817,11817,Saint-Priest-Bramefant,84,Auvergne-rhône-alpes,0.15,0.15,0.1,0.15,0.1
11818,11818,Saint-Priest-Ligoure,75,Nouvelle-aquitaine,0.15,0.15,0.1,0.15,0.1
11819,11819,Saint-Priest-Taurion,75,Nouvelle-aquitaine,0.15,0.15,0.1,0.15,0.1
11820,11820,Saint-Priest-des-Champs,84,Auvergne-rhône-alpes,0.15,0.15,0.1,0.15,0.1
11821,11821,Saint-Priest-en-Jarez,84,Auvergne-rhône-alpes,0.15,0.15,0.1,0.15,0.1
11822,11822,Saint-Priest-la-Feuille,75,Nouvelle-aquitaine,0.15,0.15,0.1,0.15,0.1
11823,11823,Saint-Priest-sous-Aixe,75,Nouvelle-aquitaine,0.15,0.15,0.1,0.15,0.1
11824,11824,Saint-Prim,84,Auvergne-rhône-alpes,0.15,0.15,0.1,0.15,0.1
11825,11825,Saint-Privat,84,Auvergne-rhône-alpes,0.15,0.15,0.1,0.15,0.1
11826,11826,Saint-Privat-des-Prés,75,Nouvelle-aquitaine,0.15,0.15,0.1,0.15,0.1
11827,11827,Saint-Privat-des-Vieux,76,Occitanie,0.15,0.15,0.1,0.15,0.1
11828,11828,Saint-Privat-la-Montagne,44,Grand Est,0.15,0.15,0.1,0.15,0.1
11829,11829,Saint-Privé,27,Bourgogne-franche-comté,0.15,0.15,0.1,0.15,0.1
11830,11830,Saint-Prix,84,Auvergne-rhône-alpes,0.15,0.15,0.1,0.15,0.1
11831,11831,Saint-Projet,76,Occitanie,0.15,0.15,0.1,0.15,0.1
11832,11832,Saint-Prouant,52,Pays De La Loire,0.15,0.15,0.1,0.15,0.1
11833,11833,Saint-Pryvé-Saint-Mesmin,24,Centre-val De Loire,0.15,0.15,0.1,0.15,0.1
11834,11834,Saint-Puy,76,Occitanie,0.15,0.15,0.1,0.15,0.1
11835,11835,Saint-Python,32,Hauts-de-france,0.15,0.15,0.1,0.15,0.1
11836,11836,Saint-Père,53,Bretagne,0.15,0.15,0.1,0.15,0.1
11837,11837,Saint-Père-en-Retz,52,Pays De La Loire,0.15,0.15,0.1,0.15,0.1
11838,11838,Saint-Père-sur-Loire,24,Centre-val De Loire,0.15,0.15,0.1,0.15,0.1
11839,11839,Saint-Pé-de-Bigorre,76,Occitanie,0.15,0.15,0.1,0.15,0.1
11840,11840,Saint-Pée-sur-Nivelle,75,Nouvelle-aquitaine,0.15,0.15,0.1,0.15,0.1
11841,11841,Saint-Péravy-la-Colombe,24,Centre-val De Loire,0.15,0.15,0.1,0.15,0.1
11842,11842,Saint-Péray,84,Auvergne-rhône-alpes,0.15,0.15,0.1,0.15,0.1
11843,11843,Saint-Pôtan,53,Bretagne,0.15,0.15,0.1,0.15,0.1
11844,11844,Saint-Quay-Perros,53,Bretagne,0.15,0.15,0.1,0.15,0.1
11845,11845,Saint-Quay-Portrieux,53,Bretagne,0.15,0.15,0.1,0.15,0.1
11846,11846,Saint-Quentin,32,Hauts-de-france,0.15,0.15,0.1,0.15,0.1
11847,11847,Saint-Quentin-Fallavier,84,Auvergne-rhône-alpes,0.15,0.15,0.1,0.15,0.1
11848,11848,Saint-Quentin-de-Baron,75,Nouvelle-aquitaine,0.15,0.15,0.1,0.15,0.1
11849,11849,Saint-Quentin-en-Mauges,52,Pays De La Loire,0.15,0.15,0.1,0.15,0.1
11850,11850,Saint-Quentin-en-Yvelines,11,Île-de-france,0.15,0.15,0.1,0.15,0.1
11851,11851,Saint-Quentin-la-Poterie,76,Occitanie,0.15,0.15,0.1,0.15,0.1
11852,11852,Saint-Quentin-sur-Isère,84,Auvergne-rhône-alpes,0.15,0.15,0.1,0.15,0.1
11853,11853,Saint-Quentin-sur-le-Homme,28,Normandie,0.15,0.15,0.1,0.15,0.1
11854,11854,Saint-Quirin,44,Grand Est,0.15,0.15,0.1,0.15,0.1
11855,11855,Saint-Rabier,75,Nouvelle-aquitaine,0.15,0.15,0.1,0.15,0.1
11856,11856,Saint-Rambert-en-Bugey,84,Auvergne-rhône-alpes,0.15,0.15,0.1,0.15,0.1
11857,11857,Saint-Raphaël,93,Provence-alpes-côte D'azur,0.15,0.15,0.1,0.15,0.1
11858,11858,Saint-Remy,44,Grand Est,0.15,0.15,0.1,0.15,0.1
11859,11859,Saint-Remy-en-Bouzemont-Saint-Genest-et-Isson,44,Grand Est,0.15,0.15,0.1,0.15,0.1
11860,11860,Saint-Remèze,84,Auvergne-rhône-alpes,0.15,0.15,0.1,0.15,0.1
11861,11861,Saint-Renan,53,Bretagne,0.15,0.15,0.1,0.15,0.1
11862,11862,Saint-Restitut,84,Auvergne-rhône-alpes,0.15,0.15,0.1,0.15,0.1
11863,11863,Saint-Riquier,32,Hauts-de-france,0.15,0.15,0.1,0.15,0.1
11864,11864,Saint-Riquier-ès-Plains,28,Normandie,0.15,0.15,0.1,0.15,0.1
11865,11865,Saint-Roch,24,Centre-val De Loire,0.15,0.15,0.1,0.15,0.1
11866,11866,Saint-Rogatien,75,Nouvelle-aquitaine,0.15,0.15,0.1,0.15,0.1
11867,11867,Saint-Romain,84,Auvergne-rhône-alpes,0.15,0.15,0.1,0.15,0.1
11868,11868,Saint-Romain-Lachalm,84,Auvergne-rhône-alpes,0.15,0.15,0.1,0.15,0.1
11869,11869,Saint-Romain-de-Benet,75,Nouvelle-aquitaine,0.15,0.15,0.1,0.15,0.1
11870,11870,Saint-Romain-de-Colbosc,28,Normandie,0.15,0.15,0.1,0.15,0.1
11871,11871,Saint-Romain-de-Jalionas,84,Auvergne-rhône-alpes,0.15,0.15,0.1,0.15,0.1
11872,11872,Saint-Romain-de-Lerps,84,Auvergne-rhône-alpes,0.15,0.15,0.1,0.15,0.1
11873,11873,Saint-Romain-de-Popey,84,Auvergne-rhône-alpes,0.15,0.15,0.1,0.15,0.1
11874,11874,Saint-Romain-en-Gal,84,Auvergne-rhône-alpes,0.15,0.15,0.1,0.15,0.1
11875,11875,Saint-Romain-en-Gier,84,Auvergne-rhône-alpes,0.15,0.15,0.1,0.15,0.1
11876,11876,Saint-Romain-en-Jarez,84,Auvergne-rhône-alpes,0.15,0.15,0.1,0.15,0.1
11877,11877,Saint-Romain-en-Viennois,93,Provence-alpes-côte D'azur,0.15,0.15,0.1,0.15,0.1
11878,11878,Saint-Romain-la-Motte,84,Auvergne-rhône-alpes,0.15,0.15,0.1,0.15,0.1
11879,11879,Saint-Romain-la-Virvée,75,Nouvelle-aquitaine,0.15,0.15,0.1,0.15,0.1
11880,11880,Saint-Romain-le-Puy,84,Auvergne-rhône-alpes,0.15,0.15,0.1,0.15,0.1
11881,11881,Saint-Romain-les-Atheux,84,Auvergne-rhône-alpes,0.15,0.15,0.1,0.15,0.1
11882,11882,Saint-Romain-sur-Cher,24,Centre-val De Loire,0.15,0.15,0.1,0.15,0.1
11883,11883,Saint-Romans,84,Auvergne-rhône-alpes,0.15,0.15,0.1,0.15,0.1
11884,11884,Saint-Romans-lès-Melle,75,Nouvelle-aquitaine,0.15,0.15,0.1,0.15,0.1
11885,11885,Saint-Rome-de-Cernon,76,Occitanie,0.15,0.15,0.1,0.15,0.1
11886,11886,Saint-Rome-de-Tarn,76,Occitanie,0.15,0.15,0.1,0.15,0.1
11887,11887,Saint-Romphaire,28,Normandie,0.15,0.15,0.1,0.15,0.1
11888,11888,Saint-Rémy,84,Auvergne-rhône-alpes,0.15,0.15,0.1,0.15,0.1
11889,11889,Saint-Rémy-de-Maurienne,84,Auvergne-rhône-alpes,0.15,0.15,0.1,0.15,0.1
11890,11890,Saint-Rémy-de-Provence,93,Provence-alpes-côte D'azur,0.15,0.15,0.1,0.15,0.1
11891,11891,Saint-Rémy-de-Sillé,52,Pays De La Loire,0.15,0.15,0.1,0.15,0.1
11892,11892,Saint-Rémy-des-Monts,52,Pays De La Loire,0.15,0.15,0.1,0.15,0.1
11893,11893,Saint-Rémy-du-Plain,53,Bretagne,0.15,0.15,0.1,0.15,0.1
11894,11894,Saint-Rémy-en-Mauges,52,Pays De La Loire,0.15,0.15,0.1,0.15,0.1
11895,11895,Saint-Rémy-en-Rollat,84,Auvergne-rhône-alpes,0.15,0.15,0.1,0.15,0.1
11896,11896,Saint-Rémy-la-Vanne,11,Île-de-france,0.15,0.15,0.1,0.15,0.1
11897,11897,Saint-Rémy-la-Varenne,52,Pays De La Loire,0.15,0.15,0.1,0.15,0.1
11898,11898,Saint-Rémy-lès-Chevreuse,11,Île-de-france,0.15,0.15,0.1,0.15,0.1
11899,11899,Saint-Rémy-sur-Avre,24,Centre-val De Loire,0.15,0.15,0.1,0.15,0.1
11900,11900,Saint-Rémy-sur-Durolle,84,Auvergne-rhône-alpes,0.15,0.15,0.1,0.15,0.1
11901,11901,Saint-Révérend,52,Pays De La Loire,0.15,0.15,0.1,0.15,0.1
11902,11902,Saint-Salvy-de-la-Balme,76,Occitanie,0.15,0.15,0.1,0.15,0.1
11903,11903,Saint-Samson-de-Bonfossé,28,Normandie,0.15,0.15,0.1,0.15,0.1
11904,11904,Saint-Samson-sur-Rance,53,Bretagne,0.15,0.15,0.1,0.15,0.1
11905,11905,Saint-Sandoux,84,Auvergne-rhône-alpes,0.15,0.15,0.1,0.15,0.1
11906,11906,Saint-Santin,76,Occitanie,0.15,0.15,0.1,0.15,0.1
11907,11907,Saint-Sardos,76,Occitanie,0.15,0.15,0.1,0.15,0.1
11908,11908,Saint-Satur,24,Centre-val De Loire,0.15,0.15,0.1,0.15,0.1
11909,11909,Saint-Saturnin,84,Auvergne-rhône-alpes,0.15,0.15,0.1,0.15,0.1
11910,11910,Saint-Saturnin-du-Bois,75,Nouvelle-aquitaine,0.15,0.15,0.1,0.15,0.1
11911,11911,Saint-Saturnin-du-Limet,52,Pays De La Loire,0.15,0.15,0.1,0.15,0.1
11912,11912,Saint-Saturnin-lès-Apt,93,Provence-alpes-côte D'azur,0.15,0.15,0.1,0.15,0.1
11913,11913,Saint-Saturnin-lès-Avignon,93,Provence-alpes-côte D'azur,0.15,0.15,0.1,0.15,0.1
11914,11914,Saint-Saturnin-sur-Loire,52,Pays De La Loire,0.15,0.15,0.1,0.15,0.1
11915,11915,Saint-Saud-Lacoussière,75,Nouvelle-aquitaine,0.15,0.15,0.1,0.15,0.1
11916,11916,Saint-Sauflieu,32,Hauts-de-france,0.15,0.15,0.1,0.15,0.1
11917,11917,Saint-Saulge,27,Bourgogne-franche-comté,0.15,0.15,0.1,0.15,0.1
11918,11918,Saint-Saulve,32,Hauts-de-france,0.15,0.15,0.1,0.15,0.1
11919,11919,Saint-Sauvant,75,Nouvelle-aquitaine,0.15,0.15,0.1,0.15,0.1
11920,11920,Saint-Sauves-d'Auvergne,84,Auvergne-rhône-alpes,0.15,0.15,0.1,0.15,0.1
11921,11921,Saint-Sauveur,93,Provence-alpes-côte D'azur,0.15,0.15,0.1,0.15,0.1
11922,11922,Saint-Sauveur-Lendelin,28,Normandie,0.15,0.15,0.1,0.15,0.1
11923,11923,Saint-Sauveur-Marville,24,Centre-val De Loire,0.15,0.15,0.1,0.15,0.1
11924,11924,Saint-Sauveur-de-Cruzières,84,Auvergne-rhône-alpes,0.15,0.15,0.1,0.15,0.1
11925,11925,Saint-Sauveur-de-Montagut,84,Auvergne-rhône-alpes,0.15,0.15,0.1,0.15,0.1
11926,11926,Saint-Sauveur-des-Landes,53,Bretagne,0.15,0.15,0.1,0.15,0.1
11927,11927,Saint-Sauveur-en-Puisaye,27,Bourgogne-franche-comté,0.15,0.15,0.1,0.15,0.1
11928,11928,Saint-Sauveur-en-Rue,84,Auvergne-rhône-alpes,0.15,0.15,0.1,0.15,0.1
11929,11929,Saint-Sauveur-le-Vicomte,28,Normandie,0.15,0.15,0.1,0.15,0.1
11930,11930,Saint-Sauveur-sur-École,11,Île-de-france,0.15,0.15,0.1,0.15,0.1
11931,11931,Saint-Savin,84,Auvergne-rhône-alpes,0.15,0.15,0.1,0.15,0.1
11932,11932,Saint-Savinien,75,Nouvelle-aquitaine,0.15,0.15,0.1,0.15,0.1
11933,11933,Saint-Savournin,93,Provence-alpes-côte D'azur,0.15,0.15,0.1,0.15,0.1
11934,11934,Saint-Saëns,28,Normandie,0.15,0.15,0.1,0.15,0.1
11935,11935,Saint-Secondin,75,Nouvelle-aquitaine,0.15,0.15,0.1,0.15,0.1
11936,11936,Saint-Selve,75,Nouvelle-aquitaine,0.15,0.15,0.1,0.15,0.1
11937,11937,Saint-Senier-sous-Avranches,28,Normandie,0.15,0.15,0.1,0.15,0.1
11938,11938,Saint-Senoux,53,Bretagne,0.15,0.15,0.1,0.15,0.1
11939,11939,Saint-Sernin,84,Auvergne-rhône-alpes,0.15,0.15,0.1,0.15,0.1
11940,11940,Saint-Sernin-du-Bois,27,Bourgogne-franche-comté,0.15,0.15,0.1,0.15,0.1
11941,11941,Saint-Sernin-du-Plain,27,Bourgogne-franche-comté,0.15,0.15,0.1,0.15,0.1
11942,11942,Saint-Sernin-sur-Rance,76,Occitanie,0.15,0.15,0.1,0.15,0.1
11943,11943,Saint-Servais,53,Bretagne,0.15,0.15,0.1,0.15,0.1
11944,11944,Saint-Servant,53,Bretagne,0.15,0.15,0.1,0.15,0.1
11945,11945,Saint-Seurin-de-Cadourne,75,Nouvelle-aquitaine,0.15,0.15,0.1,0.15,0.1
11946,11946,Saint-Seurin-de-Cursac,75,Nouvelle-aquitaine,0.15,0.15,0.1,0.15,0.1
11947,11947,Saint-Seurin-de-Prats,75,Nouvelle-aquitaine,0.15,0.15,0.1,0.15,0.1
11948,11948,Saint-Sever,75,Nouvelle-aquitaine,0.15,0.15,0.1,0.15,0.1
11949,11949,Saint-Sever-Calvados,28,Normandie,0.15,0.15,0.1,0.15,0.1
11950,11950,Saint-Sever-de-Saintonge,75,Nouvelle-aquitaine,0.15,0.15,0.1,0.15,0.1
11951,11951,Saint-Siffret,76,Occitanie,0.15,0.15,0.1,0.15,0.1
11952,11952,Saint-Sigismond,84,Auvergne-rhône-alpes,0.15,0.15,0.1,0.15,0.1
11953,11953,Saint-Silvain-Bas-le-Roc,75,Nouvelle-aquitaine,0.15,0.15,0.1,0.15,0.1
11954,11954,Saint-Simon,84,Auvergne-rhône-alpes,0.15,0.15,0.1,0.15,0.1
11955,11955,Saint-Simon-de-Bordes,75,Nouvelle-aquitaine,0.15,0.15,0.1,0.15,0.1
11956,11956,Saint-Siméon,28,Normandie,0.15,0.15,0.1,0.15,0.1
11957,11957,Saint-Siméon-de-Bressieux,84,Auvergne-rhône-alpes,0.15,0.15,0.1,0.15,0.1
11958,11958,Saint-Sixt,84,Auvergne-rhône-alpes,0.15,0.15,0.1,0.15,0.1
11959,11959,Saint-Sixte,84,Auvergne-rhône-alpes,0.15,0.15,0.1,0.15,0.1
11960,11960,Saint-Sorlin,84,Auvergne-rhône-alpes,0.15,0.15,0.1,0.15,0.1
11961,11961,Saint-Sorlin-de-Morestel,84,Auvergne-rhône-alpes,0.15,0.15,0.1,0.15,0.1
11962,11962,Saint-Sorlin-de-Vienne,84,Auvergne-rhône-alpes,0.15,0.15,0.1,0.15,0.1
11963,11963,Saint-Sorlin-en-Bugey,84,Auvergne-rhône-alpes,0.15,0.15,0.1,0.15,0.1
11964,11964,Saint-Sorlin-en-Valloire,84,Auvergne-rhône-alpes,0.15,0.15,0.1,0.15,0.1
11965,11965,Saint-Sornin,84,Auvergne-rhône-alpes,0.15,0.15,0.1,0.15,0.1
11966,11966,Saint-Sornin-Lavolps,75,Nouvelle-aquitaine,0.15,0.15,0.1,0.15,0.1
11967,11967,Saint-Sornin-Leulac,75,Nouvelle-aquitaine,0.15,0.15,0.1,0.15,0.1
11968,11968,Saint-Souplet,32,Hauts-de-france,0.15,0.15,0.1,0.15,0.1
11969,11969,Saint-Soupplets,11,Île-de-france,0.15,0.15,0.1,0.15,0.1
11970,11970,Saint-Suliac,53,Bretagne,0.15,0.15,0.1,0.15,0.1
11971,11971,Saint-Sulpice,84,Auvergne-rhône-alpes,0.15,0.15,0.1,0.15,0.1
11972,11972,Saint-Sulpice-Laurière,75,Nouvelle-aquitaine,0.15,0.15,0.1,0.15,0.1
11973,11973,Saint-Sulpice-de-Cognac,75,Nouvelle-aquitaine,0.15,0.15,0.1,0.15,0.1
11974,11974,Saint-Sulpice-de-Faleyrens,75,Nouvelle-aquitaine,0.15,0.15,0.1,0.15,0.1
11975,11975,Saint-Sulpice-de-Pommeray,24,Centre-val De Loire,0.15,0.15,0.1,0.15,0.1
11976,11976,Saint-Sulpice-de-Royan,75,Nouvelle-aquitaine,0.15,0.15,0.1,0.15,0.1
11977,11977,Saint-Sulpice-des-Landes,53,Bretagne,0.15,0.15,0.1,0.15,0.1
11978,11978,Saint-Sulpice-la-Forêt,53,Bretagne,0.15,0.15,0.1,0.15,0.1
11979,11979,Saint-Sulpice-la-Pointe,76,Occitanie,0.15,0.15,0.1,0.15,0.1
11980,11980,Saint-Sulpice-le-Dunois,75,Nouvelle-aquitaine,0.15,0.15,0.1,0.15,0.1
11981,11981,Saint-Sulpice-le-Guérétois,75,Nouvelle-aquitaine,0.15,0.15,0.1,0.15,0.1
11982,11982,Saint-Sulpice-le-Verdon,52,Pays De La Loire,0.15,0.15,0.1,0.15,0.1
11983,11983,Saint-Sulpice-les-Feuilles,75,Nouvelle-aquitaine,0.15,0.15,0.1,0.15,0.1
11984,11984,Saint-Sulpice-sur-Lèze,76,Occitanie,0.15,0.15,0.1,0.15,0.1
11985,11985,Saint-Sulpice-sur-Risle,28,Normandie,0.15,0.15,0.1,0.15,0.1
11986,11986,Saint-Sylvain,75,Nouvelle-aquitaine,0.15,0.15,0.1,0.15,0.1
11987,11987,Saint-Sylvestre,84,Auvergne-rhône-alpes,0.15,0.15,0.1,0.15,0.1
11988,11988,Saint-Sylvestre-Cappel,32,Hauts-de-france,0.15,0.15,0.1,0.15,0.1
11989,11989,Saint-Sylvestre-sur-Lot,75,Nouvelle-aquitaine,0.15,0.15,0.1,0.15,0.1
11990,11990,Saint-Symphorien,76,Occitanie,0.15,0.15,0.1,0.15,0.1
11991,11991,Saint-Symphorien-de-Lay,84,Auvergne-rhône-alpes,0.15,0.15,0.1,0.15,0.1
11992,11992,Saint-Symphorien-de-Marmagne,27,Bourgogne-franche-comté,0.15,0.15,0.1,0.15,0.1
11993,11993,Saint-Symphorien-des-Bruyères,28,Normandie,0.15,0.15,0.1,0.15,0.1
11994,11994,Saint-Symphorien-le-Château,24,Centre-val De Loire,0.15,0.15,0.1,0.15,0.1
11995,11995,Saint-Symphorien-le-Valois,28,Normandie,0.15,0.15,0.1,0.15,0.1
11996,11996,Saint-Symphorien-sous-Chomérac,84,Auvergne-rhône-alpes,0.15,0.15,0.1,0.15,0.1
11997,11997,Saint-Symphorien-sur-Coise,84,Auvergne-rhône-alpes,0.15,0.15,0.1,0.15,0.1
11998,11998,Saint-Sébastien,84,Auvergne-rhône-alpes,0.15,0.15,0.1,0.15,0.1
11999,11999,Saint-Sébastien-de-Morsent,28,Normandie,0.15,0.15,0.1,0.15,0.1
12000,12000,Saint-Sébastien-sur-Loire,52,Pays De La Loire,0.15,0.15,0.1,0.15,0.1
12001,12001,Saint-Ségal,53,Bretagne,0.15,0.15,0.1,0.15,0.1
12002,12002,Saint-Sériès,76,Occitanie,0.15,0.15,0.1,0.15,0.1
12003,12003,Saint-Séverin,75,Nouvelle-aquitaine,0.15,0.15,0.1,0.15,0.1
12004,12004,Saint-Thibaud-de-Couz,84,Auvergne-rhône-alpes,0.15,0.15,0.1,0.15,0.1
12005,12005,Saint-Thibault-des-Vignes,11,Île-de-france,0.15,0.15,0.1,0.15,0.1
12006,12006,Saint-Thibéry,76,Occitanie,0.15,0.15,0.1,0.15,0.1
12007,12007,Saint-Thierry,44,Grand Est,0.15,0.15,0.1,0.15,0.1
12008,12008,Saint-Thois,53,Bretagne,0.15,0.15,0.1,0.15,0.1
12009,12009,Saint-Thomas,76,Occitanie,0.15,0.15,0.1,0.15,0.1
12010,12010,Saint-Thomas-en-Royans,84,Auvergne-rhône-alpes,0.15,0.15,0.1,0.15,0.1
12011,12011,Saint-Thomas-la-Garde,84,Auvergne-rhône-alpes,0.15,0.15,0.1,0.15,0.1
12012,12012,Saint-Thonan,53,Bretagne,0.15,0.15,0.1,0.15,0.1
12013,12013,Saint-Thual,53,Bretagne,0.15,0.15,0.1,0.15,0.1
12014,12014,Saint-Thurial,53,Bretagne,0.15,0.15,0.1,0.15,0.1
12015,12015,Saint-Thuriau,53,Bretagne,0.15,0.15,0.1,0.15,0.1
12016,12016,Saint-Thurien,53,Bretagne,0.15,0.15,0.1,0.15,0.1
12017,12017,Saint-Thégonnec,53,Bretagne,0.15,0.15,0.1,0.15,0.1
12018,12018,Saint-Tricat,32,Hauts-de-france,0.15,0.15,0.1,0.15,0.1
12019,12019,Saint-Trivier-de-Courtes,84,Auvergne-rhône-alpes,0.15,0.15,0.1,0.15,0.1
12020,12020,Saint-Trivier-sur-Moignans,84,Auvergne-rhône-alpes,0.15,0.15,0.1,0.15,0.1
12021,12021,Saint-Trojan-les-Bains,75,Nouvelle-aquitaine,0.15,0.15,0.1,0.15,0.1
12022,12022,Saint-Tropez,93,Provence-alpes-côte D'azur,0.15,0.15,0.1,0.15,0.1
12023,12023,Saint-Urbain,53,Bretagne,0.15,0.15,0.1,0.15,0.1
12024,12024,Saint-Urbain-Maconcourt,44,Grand Est,0.15,0.15,0.1,0.15,0.1
12025,12025,Saint-Urcize,84,Auvergne-rhône-alpes,0.15,0.15,0.1,0.15,0.1
12026,12026,Saint-Usage,44,Grand Est,0.15,0.15,0.1,0.15,0.1
12027,12027,Saint-Usuge,27,Bourgogne-franche-comté,0.15,0.15,0.1,0.15,0.1
12028,12028,Saint-Uze,84,Auvergne-rhône-alpes,0.15,0.15,0.1,0.15,0.1
12029,12029,Saint-Vaast-de-Longmont,32,Hauts-de-france,0.15,0.15,0.1,0.15,0.1
12030,12030,Saint-Vaast-en-Cambrésis,32,Hauts-de-france,0.15,0.15,0.1,0.15,0.1
12031,12031,Saint-Vaast-en-Chaussée,32,Hauts-de-france,0.15,0.15,0.1,0.15,0.1
12032,12032,Saint-Vaast-la-Hougue,28,Normandie,0.15,0.15,0.1,0.15,0.1
12033,12033,Saint-Vaast-lès-Mello,32,Hauts-de-france,0.15,0.15,0.1,0.15,0.1
12034,12034,Saint-Valery-en-Caux,28,Normandie,0.15,0.15,0.1,0.15,0.1
12035,12035,Saint-Valery-sur-Somme,32,Hauts-de-france,0.15,0.15,0.1,0.15,0.1
12036,12036,Saint-Vallier,84,Auvergne-rhône-alpes,0.15,0.15,0.1,0.15,0.1
12037,12037,Saint-Vallier-de-Thiey,93,Provence-alpes-côte D'azur,0.15,0.15,0.1,0.15,0.1
12038,12038,Saint-Valérien,52,Pays De La Loire,0.15,0.15,0.1,0.15,0.1
12039,12039,Saint-Varent,75,Nouvelle-aquitaine,0.15,0.15,0.1,0.15,0.1
12040,12040,Saint-Vaury,75,Nouvelle-aquitaine,0.15,0.15,0.1,0.15,0.1
12041,12041,Saint-Venant,32,Hauts-de-france,0.15,0.15,0.1,0.15,0.1
12042,12042,Saint-Viance,75,Nouvelle-aquitaine,0.15,0.15,0.1,0.15,0.1
12043,12043,Saint-Viaud,52,Pays De La Loire,0.15,0.15,0.1,0.15,0.1
12044,12044,Saint-Victor,84,Auvergne-rhône-alpes,0.15,0.15,0.1,0.15,0.1
12045,12045,Saint-Victor-Malescours,84,Auvergne-rhône-alpes,0.15,0.15,0.1,0.15,0.1
12046,12046,Saint-Victor-de-Cessieu,84,Auvergne-rhône-alpes,0.15,0.15,0.1,0.15,0.1
12047,12047,Saint-Victor-de-Malcap,76,Occitanie,0.15,0.15,0.1,0.15,0.1
12048,12048,Saint-Victor-de-Morestel,84,Auvergne-rhône-alpes,0.15,0.15,0.1,0.15,0.1
12049,12049,Saint-Victor-la-Coste,76,Occitanie,0.15,0.15,0.1,0.15,0.1
12050,12050,Saint-Victor-sur-Rhins,84,Auvergne-rhône-alpes,0.15,0.15,0.1,0.15,0.1
12051,12051,Saint-Victoret,93,Provence-alpes-côte D'azur,0.15,0.15,0.1,0.15,0.1
12052,12052,Saint-Victurnien,75,Nouvelle-aquitaine,0.15,0.15,0.1,0.15,0.1
12053,12053,Saint-Vigor-le-Grand,28,Normandie,0.15,0.15,0.1,0.15,0.1
12054,12054,Saint-Vincent,84,Auvergne-rhône-alpes,0.15,0.15,0.1,0.15,0.1
12055,12055,Saint-Vincent-Cramesnil,28,Normandie,0.15,0.15,0.1,0.15,0.1
12056,12056,Saint-Vincent-Sterlanges,52,Pays De La Loire,0.15,0.15,0.1,0.15,0.1
12057,12057,Saint-Vincent-de-Barbeyrargues,76,Occitanie,0.15,0.15,0.1,0.15,0.1
12058,12058,Saint-Vincent-de-Barrès,84,Auvergne-rhône-alpes,0.15,0.15,0.1,0.15,0.1
12059,12059,Saint-Vincent-de-Boisset,84,Auvergne-rhône-alpes,0.15,0.15,0.1,0.15,0.1
12060,12060,Saint-Vincent-de-Connezac,75,Nouvelle-aquitaine,0.15,0.15,0.1,0.15,0.1
12061,12061,Saint-Vincent-de-Mercuze,84,Auvergne-rhône-alpes,0.15,0.15,0.1,0.15,0.1
12062,12062,Saint-Vincent-de-Paul,75,Nouvelle-aquitaine,0.15,0.15,0.1,0.15,0.1
12063,12063,Saint-Vincent-de-Tyrosse,75,Nouvelle-aquitaine,0.15,0.15,0.1,0.15,0.1
12064,12064,Saint-Vincent-des-Landes,52,Pays De La Loire,0.15,0.15,0.1,0.15,0.1
12065,12065,Saint-Vincent-du-Lorouër,52,Pays De La Loire,0.15,0.15,0.1,0.15,0.1
12066,12066,Saint-Vincent-la-Châtre,75,Nouvelle-aquitaine,0.15,0.15,0.1,0.15,0.1
12067,12067,Saint-Vincent-sur-Graon,52,Pays De La Loire,0.15,0.15,0.1,0.15,0.1
12068,12068,Saint-Vincent-sur-Jard,52,Pays De La Loire,0.15,0.15,0.1,0.15,0.1
12069,12069,Saint-Vincent-sur-Oust,53,Bretagne,0.15,0.15,0.1,0.15,0.1
12070,12070,Saint-Vit,27,Bourgogne-franche-comté,0.15,0.15,0.1,0.15,0.1
12071,12071,Saint-Vital,84,Auvergne-rhône-alpes,0.15,0.15,0.1,0.15,0.1
12072,12072,Saint-Vite,75,Nouvelle-aquitaine,0.15,0.15,0.1,0.15,0.1
12073,12073,Saint-Vivien,75,Nouvelle-aquitaine,0.15,0.15,0.1,0.15,0.1
12074,12074,Saint-Vivien-de-Médoc,75,Nouvelle-aquitaine,0.15,0.15,0.1,0.15,0.1
12075,12075,Saint-Viâtre,24,Centre-val De Loire,0.15,0.15,0.1,0.15,0.1
12076,12076,Saint-Vougay,53,Bretagne,0.15,0.15,0.1,0.15,0.1
12077,12077,Saint-Vrain,44,Grand Est,0.15,0.15,0.1,0.15,0.1
12078,12078,Saint-Vran,53,Bretagne,0.15,0.15,0.1,0.15,0.1
12079,12079,Saint-Vulbas,84,Auvergne-rhône-alpes,0.15,0.15,0.1,0.15,0.1
12080,12080,Saint-Vérand,84,Auvergne-rhône-alpes,0.15,0.15,0.1,0.15,0.1
12081,12081,Saint-Wandrille-Rançon,28,Normandie,0.15,0.15,0.1,0.15,0.1
12082,12082,Saint-Witz,11,Île-de-france,0.15,0.15,0.1,0.15,0.1
12083,12083,Saint-Xandre,75,Nouvelle-aquitaine,0.15,0.15,0.1,0.15,0.1
12084,12084,Saint-Yan,27,Bourgogne-franche-comté,0.15,0.15,0.1,0.15,0.1
12085,12085,Saint-Ybard,75,Nouvelle-aquitaine,0.15,0.15,0.1,0.15,0.1
12086,12086,Saint-Ybars,76,Occitanie,0.15,0.15,0.1,0.15,0.1
12087,12087,Saint-Yon,11,Île-de-france,0.15,0.15,0.1,0.15,0.1
12088,12088,Saint-Yorre,84,Auvergne-rhône-alpes,0.15,0.15,0.1,0.15,0.1
12089,12089,Saint-Yrieix-la-Perche,75,Nouvelle-aquitaine,0.15,0.15,0.1,0.15,0.1
12090,12090,Saint-Yrieix-sur-Charente,75,Nouvelle-aquitaine,0.15,0.15,0.1,0.15,0.1
12091,12091,Saint-Yvi,53,Bretagne,0.15,0.15,0.1,0.15,0.1
12092,12092,Saint-Yzan-de-Soudiac,75,Nouvelle-aquitaine,0.15,0.15,0.1,0.15,0.1
12093,12093,Saint-Zacharie,93,Provence-alpes-côte D'azur,0.15,0.15,0.1,0.15,0.1
12094,12094,Saint-Ébremond-de-Bonfossé,28,Normandie,0.15,0.15,0.1,0.15,0.1
12095,12095,Saint-Égrève,84,Auvergne-rhône-alpes,0.15,0.15,0.1,0.15,0.1
12096,12096,Saint-Élier,28,Normandie,0.15,0.15,0.1,0.15,0.1
12097,12097,Saint-Éliph,24,Centre-val De Loire,0.15,0.15,0.1,0.15,0.1
12098,12098,Saint-Élix-le-Château,76,Occitanie,0.15,0.15,0.1,0.15,0.1
12099,12099,Saint-Éloi,84,Auvergne-rhône-alpes,0.15,0.15,0.1,0.15,0.1
12100,12100,Saint-Éloy-de-Gy,24,Centre-val De Loire,0.15,0.15,0.1,0.15,0.1
12101,12101,Saint-Éloy-les-Mines,84,Auvergne-rhône-alpes,0.15,0.15,0.1,0.15,0.1
12102,12102,Saint-Émilion,75,Nouvelle-aquitaine,0.15,0.15,0.1,0.15,0.1
12103,12103,Saint-Épain,24,Centre-val De Loire,0.15,0.15,0.1,0.15,0.1
12104,12104,Saint-Étienne,84,Auvergne-rhône-alpes,0.15,0.15,0.1,0.15,0.1
12105,12105,Saint-Étienne-Lardeyrol,84,Auvergne-rhône-alpes,0.15,0.15,0.1,0.15,0.1
12106,12106,Saint-Étienne-Vallée-Française,76,Occitanie,0.15,0.15,0.1,0.15,0.1
12107,12107,Saint-Étienne-au-Mont,32,Hauts-de-france,0.15,0.15,0.1,0.15,0.1
12108,12108,Saint-Étienne-de-Baïgorry,75,Nouvelle-aquitaine,0.15,0.15,0.1,0.15,0.1
12109,12109,Saint-Étienne-de-Chigny,24,Centre-val De Loire,0.15,0.15,0.1,0.15,0.1
12110,12110,Saint-Étienne-de-Crossey,84,Auvergne-rhône-alpes,0.15,0.15,0.1,0.15,0.1
12111,12111,Saint-Étienne-de-Fontbellon,84,Auvergne-rhône-alpes,0.15,0.15,0.1,0.15,0.1
12112,12112,Saint-Étienne-de-Fougères,75,Nouvelle-aquitaine,0.15,0.15,0.1,0.15,0.1
12113,12113,Saint-Étienne-de-Fursac,75,Nouvelle-aquitaine,0.15,0.15,0.1,0.15,0.1
12114,12114,Saint-Étienne-de-Maurs,84,Auvergne-rhône-alpes,0.15,0.15,0.1,0.15,0.1
12115,12115,Saint-Étienne-de-Mer-Morte,52,Pays De La Loire,0.15,0.15,0.1,0.15,0.1
12116,12116,Saint-Étienne-de-Montluc,52,Pays De La Loire,0.15,0.15,0.1,0.15,0.1
12117,12117,Saint-Étienne-de-Saint-Geoirs,84,Auvergne-rhône-alpes,0.15,0.15,0.1,0.15,0.1
12118,12118,Saint-Étienne-de-Tinée,93,Provence-alpes-côte D'azur,0.15,0.15,0.1,0.15,0.1
12119,12119,Saint-Étienne-des-Oullières,84,Auvergne-rhône-alpes,0.15,0.15,0.1,0.15,0.1
12120,12120,Saint-Étienne-des-Sorts,76,Occitanie,0.15,0.15,0.1,0.15,0.1
12121,12121,Saint-Étienne-du-Bois,84,Auvergne-rhône-alpes,0.15,0.15,0.1,0.15,0.1
12122,12122,Saint-Étienne-du-Grès,93,Provence-alpes-côte D'azur,0.15,0.15,0.1,0.15,0.1
12123,12123,Saint-Étienne-du-Rouvray,28,Normandie,0.15,0.15,0.1,0.15,0.1
12124,12124,Saint-Étienne-du-Valdonnez,76,Occitanie,0.15,0.15,0.1,0.15,0.1
12125,12125,Saint-Étienne-du-Vauvray,28,Normandie,0.15,0.15,0.1,0.15,0.1
12126,12126,Saint-Étienne-en-Bresse,27,Bourgogne-franche-comté,0.15,0.15,0.1,0.15,0.1
12127,12127,Saint-Étienne-en-Coglès,53,Bretagne,0.15,0.15,0.1,0.15,0.1
12128,12128,Saint-Étienne-la-Varenne,84,Auvergne-rhône-alpes,0.15,0.15,0.1,0.15,0.1
12129,12129,Saint-Étienne-le-Molard,84,Auvergne-rhône-alpes,0.15,0.15,0.1,0.15,0.1
12130,12130,Saint-Étienne-les-Orgues,93,Provence-alpes-côte D'azur,0.15,0.15,0.1,0.15,0.1
12131,12131,Saint-Étienne-lès-Remiremont,44,Grand Est,0.15,0.15,0.1,0.15,0.1
12132,12132,Saint-Étienne-sur-Chalaronne,84,Auvergne-rhône-alpes,0.15,0.15,0.1,0.15,0.1
12133,12133,Saint-Évarzec,53,Bretagne,0.15,0.15,0.1,0.15,0.1
12134,12134,Sainte-Adresse,28,Normandie,0.15,0.15,0.1,0.15,0.1
12135,12135,Sainte-Agathe-la-Bouteresse,84,Auvergne-rhône-alpes,0.15,0.15,0.1,0.15,0.1
12136,12136,Sainte-Agnès,93,Provence-alpes-côte D'azur,0.15,0.15,0.1,0.15,0.1
12137,12137,Sainte-Alvère,75,Nouvelle-aquitaine,0.15,0.15,0.1,0.15,0.1
12138,12138,Sainte-Anastasie-sur-Issole,93,Provence-alpes-côte D'azur,0.15,0.15,0.1,0.15,0.1
12139,12139,Sainte-Anne,76,Occitanie,0.15,0.15,0.1,0.15,0.1
12140,12140,Sainte-Anne-d'Auray,53,Bretagne,0.15,0.15,0.1,0.15,0.1
12141,12141,Sainte-Anne-sur-Brivet,52,Pays De La Loire,0.15,0.15,0.1,0.15,0.1
12142,12142,Sainte-Anne-sur-Vilaine,53,Bretagne,0.15,0.15,0.1,0.15,0.1
12143,12143,Sainte-Aulde,11,Île-de-france,0.15,0.15,0.1,0.15,0.1
12144,12144,Sainte-Austreberthe,32,Hauts-de-france,0.15,0.15,0.1,0.15,0.1
12145,12145,Sainte-Barbe,44,Grand Est,0.15,0.15,0.1,0.15,0.1
12146,12146,Sainte-Bazeille,75,Nouvelle-aquitaine,0.15,0.15,0.1,0.15,0.1
12147,12147,Sainte-Blandine,84,Auvergne-rhône-alpes,0.15,0.15,0.1,0.15,0.1
12148,12148,Sainte-Catherine,84,Auvergne-rhône-alpes,0.15,0.15,0.1,0.15,0.1
12149,12149,Sainte-Catherine-de-Fierbois,24,Centre-val De Loire,0.15,0.15,0.1,0.15,0.1
12150,12150,Sainte-Christine,84,Auvergne-rhône-alpes,0.15,0.15,0.1,0.15,0.1
12151,12151,Sainte-Colombe,93,Provence-alpes-côte D'azur,0.15,0.15,0.1,0.15,0.1
12152,12152,Sainte-Colombe-en-Bruilhois,75,Nouvelle-aquitaine,0.15,0.15,0.1,0.15,0.1
12153,12153,Sainte-Consorce,84,Auvergne-rhône-alpes,0.15,0.15,0.1,0.15,0.1
12154,12154,Sainte-Croix,84,Auvergne-rhône-alpes,0.15,0.15,0.1,0.15,0.1
12155,12155,Sainte-Croix-Hague,28,Normandie,0.15,0.15,0.1,0.15,0.1
12156,12156,Sainte-Croix-Volvestre,76,Occitanie,0.15,0.15,0.1,0.15,0.1
12157,12157,Sainte-Croix-aux-Mines,44,Grand Est,0.15,0.15,0.1,0.15,0.1
12158,12158,Sainte-Croix-de-Quintillargues,76,Occitanie,0.15,0.15,0.1,0.15,0.1
12159,12159,Sainte-Croix-du-Mont,75,Nouvelle-aquitaine,0.15,0.15,0.1,0.15,0.1
12160,12160,Sainte-Croix-en-Plaine,44,Grand Est,0.15,0.15,0.1,0.15,0.1
12161,12161,Sainte-Croix-sur-Buchy,28,Normandie,0.15,0.15,0.1,0.15,0.1
12162,12162,Sainte-Cécile,52,Pays De La Loire,0.15,0.15,0.1,0.15,0.1
12163,12163,Sainte-Cécile-les-Vignes,93,Provence-alpes-côte D'azur,0.15,0.15,0.1,0.15,0.1
12164,12164,Sainte-Eanne,75,Nouvelle-aquitaine,0.15,0.15,0.1,0.15,0.1
12165,12165,Sainte-Enimie,76,Occitanie,0.15,0.15,0.1,0.15,0.1
12166,12166,Sainte-Eulalie,84,Auvergne-rhône-alpes,0.15,0.15,0.1,0.15,0.1
12167,12167,Sainte-Eulalie-en-Born,75,Nouvelle-aquitaine,0.15,0.15,0.1,0.15,0.1
12168,12168,Sainte-Eulalie-en-Royans,84,Auvergne-rhône-alpes,0.15,0.15,0.1,0.15,0.1
12169,12169,Sainte-Euphémie,84,Auvergne-rhône-alpes,0.15,0.15,0.1,0.15,0.1
12170,12170,Sainte-Feyre,75,Nouvelle-aquitaine,0.15,0.15,0.1,0.15,0.1
12171,12171,Sainte-Flaive-des-Loups,52,Pays De La Loire,0.15,0.15,0.1,0.15,0.1
12172,12172,Sainte-Florence,75,Nouvelle-aquitaine,0.15,0.15,0.1,0.15,0.1
12173,12173,Sainte-Florine,84,Auvergne-rhône-alpes,0.15,0.15,0.1,0.15,0.1
12174,12174,Sainte-Fortunade,75,Nouvelle-aquitaine,0.15,0.15,0.1,0.15,0.1
12175,12175,Sainte-Foy,75,Nouvelle-aquitaine,0.15,0.15,0.1,0.15,0.1
12176,12176,Sainte-Foy-Tarentaise,84,Auvergne-rhône-alpes,0.15,0.15,0.1,0.15,0.1
12177,12177,Sainte-Foy-de-Peyrolières,76,Occitanie,0.15,0.15,0.1,0.15,0.1
12178,12178,Sainte-Foy-la-Grande,75,Nouvelle-aquitaine,0.15,0.15,0.1,0.15,0.1
12179,12179,Sainte-Foy-lès-Lyon,84,Auvergne-rhône-alpes,0.15,0.15,0.1,0.15,0.1
12180,12180,Sainte-Féréole,75,Nouvelle-aquitaine,0.15,0.15,0.1,0.15,0.1
12181,12181,Sainte-Gauburge-Sainte-Colombe,28,Normandie,0.15,0.15,0.1,0.15,0.1
12182,12182,Sainte-Gemme,76,Occitanie,0.15,0.15,0.1,0.15,0.1
12183,12183,Sainte-Gemme-Moronval,24,Centre-val De Loire,0.15,0.15,0.1,0.15,0.1
12184,12184,Sainte-Gemme-la-Plaine,52,Pays De La Loire,0.15,0.15,0.1,0.15,0.1
12185,12185,Sainte-Gemmes-le-Robert,52,Pays De La Loire,0.15,0.15,0.1,0.15,0.1
12186,12186,Sainte-Gemmes-sur-Loire,52,Pays De La Loire,0.15,0.15,0.1,0.15,0.1
12187,12187,Sainte-Geneviève,44,Grand Est,0.15,0.15,0.1,0.15,0.1
12188,12188,Sainte-Geneviève-des-Bois,24,Centre-val De Loire,0.15,0.15,0.1,0.15,0.1
12189,12189,Sainte-Geneviève-lès-Gasny,28,Normandie,0.15,0.15,0.1,0.15,0.1
12190,12190,Sainte-Geneviève-sur-Argence,76,Occitanie,0.15,0.15,0.1,0.15,0.1
12191,12191,Sainte-Hermine,52,Pays De La Loire,0.15,0.15,0.1,0.15,0.1
12192,12192,Sainte-Honorine-du-Fay,28,Normandie,0.15,0.15,0.1,0.15,0.1
12193,12193,Sainte-Honorine-la-Chardonne,28,Normandie,0.15,0.15,0.1,0.15,0.1
12194,12194,Sainte-Hélène,76,Occitanie,0.15,0.15,0.1,0.15,0.1
12195,12195,Sainte-Hélène-Bondeville,28,Normandie,0.15,0.15,0.1,0.15,0.1
12196,12196,Sainte-Hélène-du-Lac,84,Auvergne-rhône-alpes,0.15,0.15,0.1,0.15,0.1
12197,12197,Sainte-Hélène-sur-Isère,84,Auvergne-rhône-alpes,0.15,0.15,0.1,0.15,0.1
12198,12198,Sainte-Jamme-sur-Sarthe,52,Pays De La Loire,0.15,0.15,0.1,0.15,0.1
12199,12199,Sainte-Julie,84,Auvergne-rhône-alpes,0.15,0.15,0.1,0.15,0.1
12200,12200,Sainte-Livrade-sur-Lot,75,Nouvelle-aquitaine,0.15,0.15,0.1,0.15,0.1
12201,12201,Sainte-Lizaigne,24,Centre-val De Loire,0.15,0.15,0.1,0.15,0.1
12202,12202,Sainte-Luce-sur-Loire,52,Pays De La Loire,0.15,0.15,0.1,0.15,0.1
12203,12203,Sainte-Marguerite,84,Auvergne-rhône-alpes,0.15,0.15,0.1,0.15,0.1
12204,12204,Sainte-Marguerite-sur-Duclair,28,Normandie,0.15,0.15,0.1,0.15,0.1
12205,12205,Sainte-Marguerite-sur-Mer,28,Normandie,0.15,0.15,0.1,0.15,0.1
12206,12206,Sainte-Marie,93,Provence-alpes-côte D'azur,0.15,0.15,0.1,0.15,0.1
12207,12207,Sainte-Marie-Cappel,32,Hauts-de-france,0.15,0.15,0.1,0.15,0.1
12208,12208,Sainte-Marie-Kerque,32,Hauts-de-france,0.15,0.15,0.1,0.15,0.1
12209,12209,Sainte-Marie-Laumont,28,Normandie,0.15,0.15,0.1,0.15,0.1
12210,12210,Sainte-Marie-aux-Chênes,44,Grand Est,0.15,0.15,0.1,0.15,0.1
12211,12211,Sainte-Marie-aux-Mines,44,Grand Est,0.15,0.15,0.1,0.15,0.1
12212,12212,Sainte-Marie-de-Cuines,84,Auvergne-rhône-alpes,0.15,0.15,0.1,0.15,0.1
12213,12213,Sainte-Marie-de-Gosse,75,Nouvelle-aquitaine,0.15,0.15,0.1,0.15,0.1
12214,12214,Sainte-Marie-de-Ré,75,Nouvelle-aquitaine,0.15,0.15,0.1,0.15,0.1
12215,12215,Sainte-Marie-des-Champs,28,Normandie,0.15,0.15,0.1,0.15,0.1
12216,12216,Sainte-Marie-du-Mont,84,Auvergne-rhône-alpes,0.15,0.15,0.1,0.15,0.1
12217,12217,Sainte-Marie-la-Blanche,27,Bourgogne-franche-comté,0.15,0.15,0.1,0.15,0.1
12218,12218,Sainte-Marie-sur-Ouche,27,Bourgogne-franche-comté,0.15,0.15,0.1,0.15,0.1
12219,12219,Sainte-Marthe,75,Nouvelle-aquitaine,0.15,0.15,0.1,0.15,0.1
12220,12220,Sainte-Maure,44,Grand Est,0.15,0.15,0.1,0.15,0.1
12221,12221,Sainte-Maure-de-Touraine,24,Centre-val De Loire,0.15,0.15,0.1,0.15,0.1
12222,12222,Sainte-Maxime,93,Provence-alpes-côte D'azur,0.15,0.15,0.1,0.15,0.1
12223,12223,Sainte-Menehould,44,Grand Est,0.15,0.15,0.1,0.15,0.1
12224,12224,Sainte-Mère-Église,28,Normandie,0.15,0.15,0.1,0.15,0.1
12225,12225,Sainte-Néomaye,75,Nouvelle-aquitaine,0.15,0.15,0.1,0.15,0.1
12226,12226,Sainte-Ouenne,75,Nouvelle-aquitaine,0.15,0.15,0.1,0.15,0.1
12227,12227,Sainte-Pazanne,52,Pays De La Loire,0.15,0.15,0.1,0.15,0.1
12228,12228,Sainte-Radegonde,76,Occitanie,0.15,0.15,0.1,0.15,0.1
12229,12229,Sainte-Radégonde-des-Noyers,52,Pays De La Loire,0.15,0.15,0.1,0.15,0.1
12230,12230,Sainte-Reine-de-Bretagne,52,Pays De La Loire,0.15,0.15,0.1,0.15,0.1
12231,12231,Sainte-Sabine-sur-Longève,52,Pays De La Loire,0.15,0.15,0.1,0.15,0.1
12232,12232,Sainte-Savine,44,Grand Est,0.15,0.15,0.1,0.15,0.1
12233,12233,Sainte-Scolasse-sur-Sarthe,28,Normandie,0.15,0.15,0.1,0.15,0.1
12234,12234,Sainte-Sigolène,84,Auvergne-rhône-alpes,0.15,0.15,0.1,0.15,0.1
12235,12235,Sainte-Solange,24,Centre-val De Loire,0.15,0.15,0.1,0.15,0.1
12236,12236,Sainte-Soulle,75,Nouvelle-aquitaine,0.15,0.15,0.1,0.15,0.1
12237,12237,Sainte-Suzanne,76,Occitanie,0.15,0.15,0.1,0.15,0.1
12238,12238,Sainte-Suzanne-sur-Vire,28,Normandie,0.15,0.15,0.1,0.15,0.1
12239,12239,Sainte-Sève,53,Bretagne,0.15,0.15,0.1,0.15,0.1
12240,12240,Sainte-Sévère,75,Nouvelle-aquitaine,0.15,0.15,0.1,0.15,0.1
12241,12241,Sainte-Sévère-sur-Indre,24,Centre-val De Loire,0.15,0.15,0.1,0.15,0.1
12242,12242,Sainte-Terre,75,Nouvelle-aquitaine,0.15,0.15,0.1,0.15,0.1
12243,12243,Sainte-Tulle,93,Provence-alpes-côte D'azur,0.15,0.15,0.1,0.15,0.1
12244,12244,Sainte-Valière,76,Occitanie,0.15,0.15,0.1,0.15,0.1
12245,12245,Sainte-Verge,75,Nouvelle-aquitaine,0.15,0.15,0.1,0.15,0.1
12246,12246,Sainteny,28,Normandie,0.15,0.15,0.1,0.15,0.1
12247,12247,Saintes,75,Nouvelle-aquitaine,0.15,0.15,0.1,0.15,0.1
12248,12248,Saintes-Maries-de-la-Mer,93,Provence-alpes-côte D'azur,0.15,0.15,0.1,0.15,0.1
12249,12249,Saintines,32,Hauts-de-france,0.15,0.15,0.1,0.15,0.1
12250,12250,Saintry-sur-Seine,11,Île-de-france,0.15,0.15,0.1,0.15,0.1
12251,12251,Saints,11,Île-de-france,0.15,0.15,0.1,0.15,0.1
12252,12252,Saints-Geosmes,44,Grand Est,0.15,0.15,0.1,0.15,0.1
12253,12253,Saints-en-Puisaye,27,Bourgogne-franche-comté,0.15,0.15,0.1,0.15,0.1
12254,12254,Sainville,24,Centre-val De Loire,0.15,0.15,0.1,0.15,0.1
12255,12255,Saissac,76,Occitanie,0.15,0.15,0.1,0.15,0.1
12256,12256,Saivres,75,Nouvelle-aquitaine,0.15,0.15,0.1,0.15,0.1
12257,12257,Saizerais,44,Grand Est,0.15,0.15,0.1,0.15,0.1
12258,12258,Salagnac,75,Nouvelle-aquitaine,0.15,0.15,0.1,0.15,0.1
12259,12259,Salagnon,84,Auvergne-rhône-alpes,0.15,0.15,0.1,0.15,0.1
12260,12260,Salaise-sur-Sanne,84,Auvergne-rhône-alpes,0.15,0.15,0.1,0.15,0.1
12261,12261,Salaunes,75,Nouvelle-aquitaine,0.15,0.15,0.1,0.15,0.1
12262,12262,Salavas,84,Auvergne-rhône-alpes,0.15,0.15,0.1,0.15,0.1
12263,12263,Salbert,,MISSING,0.15,0.15,0.1,0.15,0.1
12264,12264,Salbris,24,Centre-val De Loire,0.15,0.15,0.1,0.15,0.1
12265,12265,Saleilles,76,Occitanie,0.15,0.15,0.1,0.15,0.1
12266,12266,Salency,32,Hauts-de-france,0.15,0.15,0.1,0.15,0.1
12267,12267,Salernes,93,Provence-alpes-côte D'azur,0.15,0.15,0.1,0.15,0.1
12268,12268,Sales,84,Auvergne-rhône-alpes,0.15,0.15,0.1,0.15,0.1
12269,12269,Saleux,32,Hauts-de-france,0.15,0.15,0.1,0.15,0.1
12270,12270,Salies-de-Béarn,75,Nouvelle-aquitaine,0.15,0.15,0.1,0.15,0.1
12271,12271,Salies-du-Salat,76,Occitanie,0.15,0.15,0.1,0.15,0.1
12272,12272,Salignac,93,Provence-alpes-côte D'azur,0.15,0.15,0.1,0.15,0.1
12273,12273,Salignac-Eyvigues,75,Nouvelle-aquitaine,0.15,0.15,0.1,0.15,0.1
12274,12274,Salignac-sur-Charente,75,Nouvelle-aquitaine,0.15,0.15,0.1,0.15,0.1
12275,12275,Saligny,52,Pays De La Loire,0.15,0.15,0.1,0.15,0.1
12276,12276,Saligny-sur-Roudon,84,Auvergne-rhône-alpes,0.15,0.15,0.1,0.15,0.1
12277,12277,Salindres,76,Occitanie,0.15,0.15,0.1,0.15,0.1
12278,12278,Salins,84,Auvergne-rhône-alpes,0.15,0.15,0.1,0.15,0.1
12279,12279,Salins-les-Bains,27,Bourgogne-franche-comté,0.15,0.15,0.1,0.15,0.1
12280,12280,Salins-les-Thermes,84,Auvergne-rhône-alpes,0.15,0.15,0.1,0.15,0.1
12281,12281,Saliès,76,Occitanie,0.15,0.15,0.1,0.15,0.1
12282,12282,Sallanches,84,Auvergne-rhône-alpes,0.15,0.15,0.1,0.15,0.1
12283,12283,Sallaumines,32,Hauts-de-france,0.15,0.15,0.1,0.15,0.1
12284,12284,Sallebœuf,75,Nouvelle-aquitaine,0.15,0.15,0.1,0.15,0.1
12285,12285,Sallenôves,84,Auvergne-rhône-alpes,0.15,0.15,0.1,0.15,0.1
12286,12286,Sallertaine,52,Pays De La Loire,0.15,0.15,0.1,0.15,0.1
12287,12287,Salles,76,Occitanie,0.15,0.15,0.1,0.15,0.1
12288,12288,Salles-Curan,76,Occitanie,0.15,0.15,0.1,0.15,0.1
12289,12289,Salles-la-Source,76,Occitanie,0.15,0.15,0.1,0.15,0.1
12290,12290,Salles-sur-Mer,75,Nouvelle-aquitaine,0.15,0.15,0.1,0.15,0.1
12291,12291,Sallespisse,75,Nouvelle-aquitaine,0.15,0.15,0.1,0.15,0.1
12292,12292,Salmiech,76,Occitanie,0.15,0.15,0.1,0.15,0.1
12293,12293,Salomé,32,Hauts-de-france,0.15,0.15,0.1,0.15,0.1
12294,12294,Salon-de-Provence,93,Provence-alpes-côte D'azur,0.15,0.15,0.1,0.15,0.1
12295,12295,Salon-la-Tour,75,Nouvelle-aquitaine,0.15,0.15,0.1,0.15,0.1
12296,12296,Salornay-sur-Guye,27,Bourgogne-franche-comté,0.15,0.15,0.1,0.15,0.1
12297,12297,Salouël,32,Hauts-de-france,0.15,0.15,0.1,0.15,0.1
12298,12298,Salperwick,32,Hauts-de-france,0.15,0.15,0.1,0.15,0.1
12299,12299,Salses-le-Château,76,Occitanie,0.15,0.15,0.1,0.15,0.1
12300,12300,Salvagnac,76,Occitanie,0.15,0.15,0.1,0.15,0.1
12301,12301,Salviac,76,Occitanie,0.15,0.15,0.1,0.15,0.1
12302,12302,Samadet,75,Nouvelle-aquitaine,0.15,0.15,0.1,0.15,0.1
12303,12303,Samatan,76,Occitanie,0.15,0.15,0.1,0.15,0.1
12304,12304,Samazan,75,Nouvelle-aquitaine,0.15,0.15,0.1,0.15,0.1
12305,12305,Sambin,24,Centre-val De Loire,0.15,0.15,0.1,0.15,0.1
12306,12306,Samer,32,Hauts-de-france,0.15,0.15,0.1,0.15,0.1
12307,12307,Sammarçolles,75,Nouvelle-aquitaine,0.15,0.15,0.1,0.15,0.1
12308,12308,Sammeron,11,Île-de-france,0.15,0.15,0.1,0.15,0.1
12309,12309,Samois-sur-Seine,11,Île-de-france,0.15,0.15,0.1,0.15,0.1
12310,12310,Samoreau,11,Île-de-france,0.15,0.15,0.1,0.15,0.1
12311,12311,Samoëns,84,Auvergne-rhône-alpes,0.15,0.15,0.1,0.15,0.1
12312,12312,Sampans,27,Bourgogne-franche-comté,0.15,0.15,0.1,0.15,0.1
12313,12313,Sampigny,44,Grand Est,0.15,0.15,0.1,0.15,0.1
12314,12314,Saméon,32,Hauts-de-france,0.15,0.15,0.1,0.15,0.1
12315,12315,San-Gavino-di-Carbini,94,Corse,0.15,0.15,0.1,0.15,0.1
12316,12316,San-Giuliano,94,Corse,0.15,0.15,0.1,0.15,0.1
12317,12317,San-Martino-di-Lota,94,Corse,0.15,0.15,0.1,0.15,0.1
12318,12318,San-Nicolao,94,Corse,0.15,0.15,0.1,0.15,0.1
12319,12319,Sanary-sur-Mer,93,Provence-alpes-côte D'azur,0.15,0.15,0.1,0.15,0.1
12320,12320,Sancergues,24,Centre-val De Loire,0.15,0.15,0.1,0.15,0.1
12321,12321,Sancerre,24,Centre-val De Loire,0.15,0.15,0.1,0.15,0.1
12322,12322,Sancey-le-Grand,27,Bourgogne-franche-comté,0.15,0.15,0.1,0.15,0.1
12323,12323,Sancheville,24,Centre-val De Loire,0.15,0.15,0.1,0.15,0.1
12324,12324,Sanchey,44,Grand Est,0.15,0.15,0.1,0.15,0.1
12325,12325,Sancoins,24,Centre-val De Loire,0.15,0.15,0.1,0.15,0.1
12326,12326,Sancé,27,Bourgogne-franche-comté,0.15,0.15,0.1,0.15,0.1
12327,12327,Sand,44,Grand Est,0.15,0.15,0.1,0.15,0.1
12328,12328,Sandillon,24,Centre-val De Loire,0.15,0.15,0.1,0.15,0.1
12329,12329,Sandouville,28,Normandie,0.15,0.15,0.1,0.15,0.1
12330,12330,Sangatte,32,Hauts-de-france,0.15,0.15,0.1,0.15,0.1
12331,12331,Sanguinet,75,Nouvelle-aquitaine,0.15,0.15,0.1,0.15,0.1
12332,12332,Sannerville,28,Normandie,0.15,0.15,0.1,0.15,0.1
12333,12333,Sannois,11,Île-de-france,0.15,0.15,0.1,0.15,0.1
12334,12334,Sanry-lès-Vigy,44,Grand Est,0.15,0.15,0.1,0.15,0.1
12335,12335,Sansac-de-Marmiesse,84,Auvergne-rhône-alpes,0.15,0.15,0.1,0.15,0.1
12336,12336,Sansais,75,Nouvelle-aquitaine,0.15,0.15,0.1,0.15,0.1
12337,12337,Sant Andreu de Sureda,76,Occitanie,0.15,0.15,0.1,0.15,0.1
12338,12338,Sant Joan de Pladecorts,76,Occitanie,0.15,0.15,0.1,0.15,0.1
12339,12339,Sant Llorenç de Cerdans,76,Occitanie,0.15,0.15,0.1,0.15,0.1
12340,12340,Santa-Lucia-di-Moriani,94,Corse,0.15,0.15,0.1,0.15,0.1
12341,12341,Santa-Maria-Poggio,94,Corse,0.15,0.15,0.1,0.15,0.1
12342,12342,Santa-Maria-di-Lota,94,Corse,0.15,0.15,0.1,0.15,0.1
12343,12343,Santa-Reparata-di-Balagna,94,Corse,0.15,0.15,0.1,0.15,0.1
12344,12344,Santec,53,Bretagne,0.15,0.15,0.1,0.15,0.1
12345,12345,Santenay,27,Bourgogne-franche-comté,0.15,0.15,0.1,0.15,0.1
12346,12346,Santeny,11,Île-de-france,0.15,0.15,0.1,0.15,0.1
12347,12347,Santes,32,Hauts-de-france,0.15,0.15,0.1,0.15,0.1
12348,12348,Santeuil,24,Centre-val De Loire,0.15,0.15,0.1,0.15,0.1
12349,12349,Sanvensa,76,Occitanie,0.15,0.15,0.1,0.15,0.1
12350,12350,Sanvignes-les-Mines,27,Bourgogne-franche-comté,0.15,0.15,0.1,0.15,0.1
12351,12351,Sanxay,75,Nouvelle-aquitaine,0.15,0.15,0.1,0.15,0.1
12352,12352,Saou,84,Auvergne-rhône-alpes,0.15,0.15,0.1,0.15,0.1
12353,12353,Sapogne-et-Feuchères,44,Grand Est,0.15,0.15,0.1,0.15,0.1
12354,12354,Sapois,44,Grand Est,0.15,0.15,0.1,0.15,0.1
12355,12355,Saramon,76,Occitanie,0.15,0.15,0.1,0.15,0.1
12356,12356,Saran,24,Centre-val De Loire,0.15,0.15,0.1,0.15,0.1
12357,12357,Sarbazan,75,Nouvelle-aquitaine,0.15,0.15,0.1,0.15,0.1
12358,12358,Sarceaux,28,Normandie,0.15,0.15,0.1,0.15,0.1
12359,12359,Sarcelles,11,Île-de-france,0.15,0.15,0.1,0.15,0.1
12360,12360,Sarcey,84,Auvergne-rhône-alpes,0.15,0.15,0.1,0.15,0.1
12361,12361,Sardent,75,Nouvelle-aquitaine,0.15,0.15,0.1,0.15,0.1
12362,12362,Sardieu,84,Auvergne-rhône-alpes,0.15,0.15,0.1,0.15,0.1
12363,12363,Sare,75,Nouvelle-aquitaine,0.15,0.15,0.1,0.15,0.1
12364,12364,Sargé-lès-le-Mans,52,Pays De La Loire,0.15,0.15,0.1,0.15,0.1
12365,12365,Sargé-sur-Braye,24,Centre-val De Loire,0.15,0.15,0.1,0.15,0.1
12366,12366,Sari-Solenzara,94,Corse,0.15,0.15,0.1,0.15,0.1
12367,12367,Sarlat-la-Canéda,75,Nouvelle-aquitaine,0.15,0.15,0.1,0.15,0.1
12368,12368,Sarralbe,44,Grand Est,0.15,0.15,0.1,0.15,0.1
12369,12369,Sarraltroff,44,Grand Est,0.15,0.15,0.1,0.15,0.1
12370,12370,Sarrancolin,76,Occitanie,0.15,0.15,0.1,0.15,0.1
12371,12371,Sarras,84,Auvergne-rhône-alpes,0.15,0.15,0.1,0.15,0.1
12372,12372,Sarrazac,76,Occitanie,0.15,0.15,0.1,0.15,0.1
12373,12373,Sarre-Union,44,Grand Est,0.15,0.15,0.1,0.15,0.1
12374,12374,Sarrebourg,44,Grand Est,0.15,0.15,0.1,0.15,0.1
12375,12375,Sarreguemines,44,Grand Est,0.15,0.15,0.1,0.15,0.1
12376,12376,Sarreinsming,44,Grand Est,0.15,0.15,0.1,0.15,0.1
12377,12377,Sarrewerden,44,Grand Est,0.15,0.15,0.1,0.15,0.1
12378,12378,Sarrians,93,Provence-alpes-côte D'azur,0.15,0.15,0.1,0.15,0.1
12379,12379,Sarrigné,52,Pays De La Loire,0.15,0.15,0.1,0.15,0.1
12380,12380,Sarrola,,MISSING,0.15,0.15,0.1,0.15,0.1
12381,12381,Sarrouilles,76,Occitanie,0.15,0.15,0.1,0.15,0.1
12382,12382,Sarry,44,Grand Est,0.15,0.15,0.1,0.15,0.1
12383,12383,Sars-Poteries,32,Hauts-de-france,0.15,0.15,0.1,0.15,0.1
12384,12384,Sartilly,28,Normandie,0.15,0.15,0.1,0.15,0.1
12385,12385,Sartrouville,11,Île-de-france,0.15,0.15,0.1,0.15,0.1
12386,12386,Sartène,94,Corse,0.15,0.15,0.1,0.15,0.1
12387,12387,Sarzeau,53,Bretagne,0.15,0.15,0.1,0.15,0.1
12388,12388,Sassay,24,Centre-val De Loire,0.15,0.15,0.1,0.15,0.1
12389,12389,Sassenage,84,Auvergne-rhône-alpes,0.15,0.15,0.1,0.15,0.1
12390,12390,Sassenay,27,Bourgogne-franche-comté,0.15,0.15,0.1,0.15,0.1
12391,12391,Sassetot-le-Mauconduit,28,Normandie,0.15,0.15,0.1,0.15,0.1
12392,12392,Sathonay-Camp,84,Auvergne-rhône-alpes,0.15,0.15,0.1,0.15,0.1
12393,12393,Sathonay-Village,84,Auvergne-rhône-alpes,0.15,0.15,0.1,0.15,0.1
12394,12394,Satillieu,84,Auvergne-rhône-alpes,0.15,0.15,0.1,0.15,0.1
12395,12395,Satolas-et-Bonce,84,Auvergne-rhône-alpes,0.15,0.15,0.1,0.15,0.1
12396,12396,Saturargues,76,Occitanie,0.15,0.15,0.1,0.15,0.1
12397,12397,Saubens,76,Occitanie,0.15,0.15,0.1,0.15,0.1
12398,12398,Saubion,75,Nouvelle-aquitaine,0.15,0.15,0.1,0.15,0.1
12399,12399,Saubrigues,75,Nouvelle-aquitaine,0.15,0.15,0.1,0.15,0.1
12400,12400,Saubusse,75,Nouvelle-aquitaine,0.15,0.15,0.1,0.15,0.1
12401,12401,Saucats,75,Nouvelle-aquitaine,0.15,0.15,0.1,0.15,0.1
12402,12402,Saugnac-et-Cambran,75,Nouvelle-aquitaine,0.15,0.15,0.1,0.15,0.1
12403,12403,Saugnacq,,MISSING,0.15,0.15,0.1,0.15,0.1
12404,12404,Saugues,84,Auvergne-rhône-alpes,0.15,0.15,0.1,0.15,0.1
12405,12405,Saujon,75,Nouvelle-aquitaine,0.15,0.15,0.1,0.15,0.1
12406,12406,Saulce-sur-Rhône,84,Auvergne-rhône-alpes,0.15,0.15,0.1,0.15,0.1
12407,12407,Saulces-Monclin,44,Grand Est,0.15,0.15,0.1,0.15,0.1
12408,12408,Saulcet,84,Auvergne-rhône-alpes,0.15,0.15,0.1,0.15,0.1
12409,12409,Saulchery,32,Hauts-de-france,0.15,0.15,0.1,0.15,0.1
12410,12410,Saulcy-sur-Meurthe,44,Grand Est,0.15,0.15,0.1,0.15,0.1
12411,12411,Saulgé,75,Nouvelle-aquitaine,0.15,0.15,0.1,0.15,0.1
12412,12412,Saulieu,27,Bourgogne-franche-comté,0.15,0.15,0.1,0.15,0.1
12413,12413,Saulnes,44,Grand Est,0.15,0.15,0.1,0.15,0.1
12414,12414,Saulnières,53,Bretagne,0.15,0.15,0.1,0.15,0.1
12415,12415,Saulnot,27,Bourgogne-franche-comté,0.15,0.15,0.1,0.15,0.1
12416,12416,Saulny,44,Grand Est,0.15,0.15,0.1,0.15,0.1
12417,12417,Saulon-la-Chapelle,27,Bourgogne-franche-comté,0.15,0.15,0.1,0.15,0.1
12418,12418,Saulon-la-Rue,27,Bourgogne-franche-comté,0.15,0.15,0.1,0.15,0.1
12419,12419,Sault,93,Provence-alpes-côte D'azur,0.15,0.15,0.1,0.15,0.1
12420,12420,Sault-Brénaz,84,Auvergne-rhône-alpes,0.15,0.15,0.1,0.15,0.1
12421,12421,Sault-de-Navailles,75,Nouvelle-aquitaine,0.15,0.15,0.1,0.15,0.1
12422,12422,Sault-lès-Rethel,44,Grand Est,0.15,0.15,0.1,0.15,0.1
12423,12423,Saultain,32,Hauts-de-france,0.15,0.15,0.1,0.15,0.1
12424,12424,Saulx,27,Bourgogne-franche-comté,0.15,0.15,0.1,0.15,0.1
12425,12425,Saulx-Marchais,11,Île-de-france,0.15,0.15,0.1,0.15,0.1
12426,12426,Saulx-les-Chartreux,11,Île-de-france,0.15,0.15,0.1,0.15,0.1
12427,12427,Saulxures,44,Grand Est,0.15,0.15,0.1,0.15,0.1
12428,12428,Saulxures-lès-Nancy,44,Grand Est,0.15,0.15,0.1,0.15,0.1
12429,12429,Saulxures-sur-Moselotte,44,Grand Est,0.15,0.15,0.1,0.15,0.1
12430,12430,Saulzoir,32,Hauts-de-france,0.15,0.15,0.1,0.15,0.1
12431,12431,Saumane-de-Vaucluse,93,Provence-alpes-côte D'azur,0.15,0.15,0.1,0.15,0.1
12432,12432,Saumur,52,Pays De La Loire,0.15,0.15,0.1,0.15,0.1
12433,12433,Saunay,24,Centre-val De Loire,0.15,0.15,0.1,0.15,0.1
12434,12434,Saurat,76,Occitanie,0.15,0.15,0.1,0.15,0.1
12435,12435,Sausheim,44,Grand Est,0.15,0.15,0.1,0.15,0.1
12436,12436,Saussan,76,Occitanie,0.15,0.15,0.1,0.15,0.1
12437,12437,Saussay,28,Normandie,0.15,0.15,0.1,0.15,0.1
12438,12438,Saussemesnil,28,Normandie,0.15,0.15,0.1,0.15,0.1
12439,12439,Sausset-les-Pins,93,Provence-alpes-côte D'azur,0.15,0.15,0.1,0.15,0.1
12440,12440,Saussey,28,Normandie,0.15,0.15,0.1,0.15,0.1
12441,12441,Saussines,76,Occitanie,0.15,0.15,0.1,0.15,0.1
12442,12442,Sauternes,75,Nouvelle-aquitaine,0.15,0.15,0.1,0.15,0.1
12443,12443,Sautron,52,Pays De La Loire,0.15,0.15,0.1,0.15,0.1
12444,12444,Sauvagnon,75,Nouvelle-aquitaine,0.15,0.15,0.1,0.15,0.1
12445,12445,Sauve,76,Occitanie,0.15,0.15,0.1,0.15,0.1
12446,12446,Sauverny,84,Auvergne-rhône-alpes,0.15,0.15,0.1,0.15,0.1
12447,12447,Sauvessanges,84,Auvergne-rhône-alpes,0.15,0.15,0.1,0.15,0.1
12448,12448,Sauveterre,76,Occitanie,0.15,0.15,0.1,0.15,0.1
12449,12449,Sauveterre-de-Béarn,75,Nouvelle-aquitaine,0.15,0.15,0.1,0.15,0.1
12450,12450,Sauveterre-de-Guyenne,75,Nouvelle-aquitaine,0.15,0.15,0.1,0.15,0.1
12451,12451,Sauveterre-de-Rouergue,76,Occitanie,0.15,0.15,0.1,0.15,0.1
12452,12452,Sauveterre-la-Lémance,75,Nouvelle-aquitaine,0.15,0.15,0.1,0.15,0.1
12453,12453,Sauvian,76,Occitanie,0.15,0.15,0.1,0.15,0.1
12454,12454,Sauviat-sur-Vige,75,Nouvelle-aquitaine,0.15,0.15,0.1,0.15,0.1
12455,12455,Sauvigny-le-Bois,27,Bourgogne-franche-comté,0.15,0.15,0.1,0.15,0.1
12456,12456,Sauvigny-les-Bois,27,Bourgogne-franche-comté,0.15,0.15,0.1,0.15,0.1
12457,12457,Sauxillanges,84,Auvergne-rhône-alpes,0.15,0.15,0.1,0.15,0.1
12458,12458,Sauzet,84,Auvergne-rhône-alpes,0.15,0.15,0.1,0.15,0.1
12459,12459,Sauzon,53,Bretagne,0.15,0.15,0.1,0.15,0.1
12460,12460,Sauzé-Vaussais,75,Nouvelle-aquitaine,0.15,0.15,0.1,0.15,0.1
12461,12461,Savas,84,Auvergne-rhône-alpes,0.15,0.15,0.1,0.15,0.1
12462,12462,Savasse,84,Auvergne-rhône-alpes,0.15,0.15,0.1,0.15,0.1
12463,12463,Savenay,52,Pays De La Loire,0.15,0.15,0.1,0.15,0.1
12464,12464,Savennières,52,Pays De La Loire,0.15,0.15,0.1,0.15,0.1
12465,12465,Savenès,76,Occitanie,0.15,0.15,0.1,0.15,0.1
12466,12466,Saverdun,76,Occitanie,0.15,0.15,0.1,0.15,0.1
12467,12467,Saverne,44,Grand Est,0.15,0.15,0.1,0.15,0.1
12468,12468,Saveuse,32,Hauts-de-france,0.15,0.15,0.1,0.15,0.1
12469,12469,Savignac,76,Occitanie,0.15,0.15,0.1,0.15,0.1
12470,12470,Savignac-Lédrier,75,Nouvelle-aquitaine,0.15,0.15,0.1,0.15,0.1
12471,12471,Savignac-de-l'Isle,75,Nouvelle-aquitaine,0.15,0.15,0.1,0.15,0.1
12472,12472,Savignac-les-Églises,75,Nouvelle-aquitaine,0.15,0.15,0.1,0.15,0.1
12473,12473,Savigneux,84,Auvergne-rhône-alpes,0.15,0.15,0.1,0.15,0.1
12474,12474,Savignies,32,Hauts-de-france,0.15,0.15,0.1,0.15,0.1
12475,12475,Savigny,84,Auvergne-rhône-alpes,0.15,0.15,0.1,0.15,0.1
12476,12476,Savigny-Lévescault,75,Nouvelle-aquitaine,0.15,0.15,0.1,0.15,0.1
12477,12477,Savigny-en-Revermont,27,Bourgogne-franche-comté,0.15,0.15,0.1,0.15,0.1
12478,12478,Savigny-en-Sancerre,24,Centre-val De Loire,0.15,0.15,0.1,0.15,0.1
12479,12479,Savigny-en-Septaine,24,Centre-val De Loire,0.15,0.15,0.1,0.15,0.1
12480,12480,Savigny-en-Véron,24,Centre-val De Loire,0.15,0.15,0.1,0.15,0.1
12481,12481,Savigny-le-Sec,27,Bourgogne-franche-comté,0.15,0.15,0.1,0.15,0.1
12482,12482,Savigny-le-Temple,11,Île-de-france,0.15,0.15,0.1,0.15,0.1
12483,12483,Savigny-le-Vieux,28,Normandie,0.15,0.15,0.1,0.15,0.1
12484,12484,Savigny-lès-Beaune,27,Bourgogne-franche-comté,0.15,0.15,0.1,0.15,0.1
12485,12485,Savigny-sur-Braye,24,Centre-val De Loire,0.15,0.15,0.1,0.15,0.1
12486,12486,Savigny-sur-Orge,11,Île-de-france,0.15,0.15,0.1,0.15,0.1
12487,12487,Savigné,75,Nouvelle-aquitaine,0.15,0.15,0.1,0.15,0.1
12488,12488,Savigné-sur-Lathan,24,Centre-val De Loire,0.15,0.15,0.1,0.15,0.1
12489,12489,Savines-le-Lac,93,Provence-alpes-côte D'azur,0.15,0.15,0.1,0.15,0.1
12490,12490,Savins,11,Île-de-france,0.15,0.15,0.1,0.15,0.1
12491,12491,Savières,44,Grand Est,0.15,0.15,0.1,0.15,0.1
12492,12492,Savonnières,24,Centre-val De Loire,0.15,0.15,0.1,0.15,0.1
12493,12493,Savonnières-devant-Bar,44,Grand Est,0.15,0.15,0.1,0.15,0.1
12494,12494,Savy,32,Hauts-de-france,0.15,0.15,0.1,0.15,0.1
12495,12495,Savy-Berlette,32,Hauts-de-france,0.15,0.15,0.1,0.15,0.1
12496,12496,Sayat,84,Auvergne-rhône-alpes,0.15,0.15,0.1,0.15,0.1
12497,12497,Saze,76,Occitanie,0.15,0.15,0.1,0.15,0.1
12498,12498,Saâcy-sur-Marne,11,Île-de-france,0.15,0.15,0.1,0.15,0.1
12499,12499,Saïx,76,Occitanie,0.15,0.15,0.1,0.15,0.1
12500,12500,Saône,27,Bourgogne-franche-comté,0.15,0.15,0.1,0.15,0.1
12501,12501,Scaër,53,Bretagne,0.15,0.15,0.1,0.15,0.1
12502,12502,Sceaux,27,Bourgogne-franche-comté,0.15,0.15,0.1,0.15,0.1
12503,12503,Sceaux-du-Gâtinais,24,Centre-val De Loire,0.15,0.15,0.1,0.15,0.1
12504,12504,Sceaux-sur-Huisne,52,Pays De La Loire,0.15,0.15,0.1,0.15,0.1
12505,12505,Scey-sur-Saône-et-Saint-Albin,27,Bourgogne-franche-comté,0.15,0.15,0.1,0.15,0.1
12506,12506,Schaeffersheim,44,Grand Est,0.15,0.15,0.1,0.15,0.1
12507,12507,Scherwiller,44,Grand Est,0.15,0.15,0.1,0.15,0.1
12508,12508,Schiltigheim,44,Grand Est,0.15,0.15,0.1,0.15,0.1
12509,12509,Schirmeck,44,Grand Est,0.15,0.15,0.1,0.15,0.1
12510,12510,Schirrhein,44,Grand Est,0.15,0.15,0.1,0.15,0.1
12511,12511,Schlierbach,44,Grand Est,0.15,0.15,0.1,0.15,0.1
12512,12512,Schnersheim,44,Grand Est,0.15,0.15,0.1,0.15,0.1
12513,12513,Schorbach,44,Grand Est,0.15,0.15,0.1,0.15,0.1
12514,12514,Schweighouse-Thann,44,Grand Est,0.15,0.15,0.1,0.15,0.1
12515,12515,Schweighouse-sur-Moder,44,Grand Est,0.15,0.15,0.1,0.15,0.1
12516,12516,Schwenheim,44,Grand Est,0.15,0.15,0.1,0.15,0.1
12517,12517,Schwindratzheim,44,Grand Est,0.15,0.15,0.1,0.15,0.1
12518,12518,Schœnau,44,Grand Est,0.15,0.15,0.1,0.15,0.1
12519,12519,Schœneck,44,Grand Est,0.15,0.15,0.1,0.15,0.1
12520,12520,Sciecq,75,Nouvelle-aquitaine,0.15,0.15,0.1,0.15,0.1
12521,12521,Scientrier,84,Auvergne-rhône-alpes,0.15,0.15,0.1,0.15,0.1
12522,12522,Sciez,84,Auvergne-rhône-alpes,0.15,0.15,0.1,0.15,0.1
12523,12523,Scionzier,84,Auvergne-rhône-alpes,0.15,0.15,0.1,0.15,0.1
12524,12524,Scorbé-Clairvaux,75,Nouvelle-aquitaine,0.15,0.15,0.1,0.15,0.1
12525,12525,Scrignac,53,Bretagne,0.15,0.15,0.1,0.15,0.1
12526,12526,Scy-Chazelles,44,Grand Est,0.15,0.15,0.1,0.15,0.1
12527,12527,Seboncourt,32,Hauts-de-france,0.15,0.15,0.1,0.15,0.1
12528,12528,Sebourg,32,Hauts-de-france,0.15,0.15,0.1,0.15,0.1
12529,12529,Seclin,32,Hauts-de-france,0.15,0.15,0.1,0.15,0.1
12530,12530,Secondigny,75,Nouvelle-aquitaine,0.15,0.15,0.1,0.15,0.1
12531,12531,Sedan,44,Grand Est,0.15,0.15,0.1,0.15,0.1
12532,12532,Segonzac,75,Nouvelle-aquitaine,0.15,0.15,0.1,0.15,0.1
12533,12533,Segré,52,Pays De La Loire,0.15,0.15,0.1,0.15,0.1
12534,12534,Seichamps,44,Grand Est,0.15,0.15,0.1,0.15,0.1
12535,12535,Seiches-sur-le-Loir,52,Pays De La Loire,0.15,0.15,0.1,0.15,0.1
12536,12536,Seignelay,27,Bourgogne-franche-comté,0.15,0.15,0.1,0.15,0.1
12537,12537,Seignosse,75,Nouvelle-aquitaine,0.15,0.15,0.1,0.15,0.1
12538,12538,Seigy,24,Centre-val De Loire,0.15,0.15,0.1,0.15,0.1
12539,12539,Seilh,76,Occitanie,0.15,0.15,0.1,0.15,0.1
12540,12540,Seilhac,75,Nouvelle-aquitaine,0.15,0.15,0.1,0.15,0.1
12541,12541,Seillans,93,Provence-alpes-côte D'azur,0.15,0.15,0.1,0.15,0.1
12542,12542,Seine-Port,11,Île-de-france,0.15,0.15,0.1,0.15,0.1
12543,12543,Seingbouse,44,Grand Est,0.15,0.15,0.1,0.15,0.1
12544,12544,Seissan,76,Occitanie,0.15,0.15,0.1,0.15,0.1
12545,12545,Seix,76,Occitanie,0.15,0.15,0.1,0.15,0.1
12546,12546,Selles-Saint-Denis,24,Centre-val De Loire,0.15,0.15,0.1,0.15,0.1
12547,12547,Selles-sur-Cher,24,Centre-val De Loire,0.15,0.15,0.1,0.15,0.1
12548,12548,Sellières,27,Bourgogne-franche-comté,0.15,0.15,0.1,0.15,0.1
12549,12549,Selommes,24,Centre-val De Loire,0.15,0.15,0.1,0.15,0.1
12550,12550,Seloncourt,27,Bourgogne-franche-comté,0.15,0.15,0.1,0.15,0.1
12551,12551,Selongey,27,Bourgogne-franche-comté,0.15,0.15,0.1,0.15,0.1
12552,12552,Seltz,44,Grand Est,0.15,0.15,0.1,0.15,0.1
12553,12553,Selvigny,,MISSING,0.15,0.15,0.1,0.15,0.1
12554,12554,Semblançay,24,Centre-val De Loire,0.15,0.15,0.1,0.15,0.1
12555,12555,Semoy,24,Centre-val De Loire,0.15,0.15,0.1,0.15,0.1
12556,12556,Sempigny,32,Hauts-de-france,0.15,0.15,0.1,0.15,0.1
12557,12557,Semur-en-Auxois,27,Bourgogne-franche-comté,0.15,0.15,0.1,0.15,0.1
12558,12558,Semur-en-Brionnais,27,Bourgogne-franche-comté,0.15,0.15,0.1,0.15,0.1
12559,12559,Semussac,75,Nouvelle-aquitaine,0.15,0.15,0.1,0.15,0.1
12560,12560,Semécourt,44,Grand Est,0.15,0.15,0.1,0.15,0.1
12561,12561,Senan,27,Bourgogne-franche-comté,0.15,0.15,0.1,0.15,0.1
12562,12562,Senantes,32,Hauts-de-france,0.15,0.15,0.1,0.15,0.1
12563,12563,Senarpont,32,Hauts-de-france,0.15,0.15,0.1,0.15,0.1
12564,12564,Sendets,75,Nouvelle-aquitaine,0.15,0.15,0.1,0.15,0.1
12565,12565,Senillé,75,Nouvelle-aquitaine,0.15,0.15,0.1,0.15,0.1
12566,12566,Seninghem,32,Hauts-de-france,0.15,0.15,0.1,0.15,0.1
12567,12567,Senlis,32,Hauts-de-france,0.15,0.15,0.1,0.15,0.1
12568,12568,Senlisse,11,Île-de-france,0.15,0.15,0.1,0.15,0.1
12569,12569,Sennecey-le-Grand,27,Bourgogne-franche-comté,0.15,0.15,0.1,0.15,0.1
12570,12570,Sennecey-lès-Dijon,27,Bourgogne-franche-comté,0.15,0.15,0.1,0.15,0.1
12571,12571,Sennely,24,Centre-val De Loire,0.15,0.15,0.1,0.15,0.1
12572,12572,Senneville-sur-Fécamp,28,Normandie,0.15,0.15,0.1,0.15,0.1
12573,12573,Senonches,24,Centre-val De Loire,0.15,0.15,0.1,0.15,0.1
12574,12574,Senones,44,Grand Est,0.15,0.15,0.1,0.15,0.1
12575,12575,Senouillac,76,Occitanie,0.15,0.15,0.1,0.15,0.1
12576,12576,Senozan,27,Bourgogne-franche-comté,0.15,0.15,0.1,0.15,0.1
12577,12577,Sens,27,Bourgogne-franche-comté,0.15,0.15,0.1,0.15,0.1
12578,12578,Sens-de-Bretagne,53,Bretagne,0.15,0.15,0.1,0.15,0.1
12579,12579,Sentheim,44,Grand Est,0.15,0.15,0.1,0.15,0.1
12580,12580,Sepmeries,32,Hauts-de-france,0.15,0.15,0.1,0.15,0.1
12581,12581,Seppois-le-Bas,44,Grand Est,0.15,0.15,0.1,0.15,0.1
12582,12582,Sept-Saulx,44,Grand Est,0.15,0.15,0.1,0.15,0.1
12583,12583,Septeuil,11,Île-de-france,0.15,0.15,0.1,0.15,0.1
12584,12584,Septfonds,76,Occitanie,0.15,0.15,0.1,0.15,0.1
12585,12585,Septmoncel,27,Bourgogne-franche-comté,0.15,0.15,0.1,0.15,0.1
12586,12586,Septmonts,32,Hauts-de-france,0.15,0.15,0.1,0.15,0.1
12587,12587,Septème,84,Auvergne-rhône-alpes,0.15,0.15,0.1,0.15,0.1
12588,12588,Septèmes-les-Vallons,93,Provence-alpes-côte D'azur,0.15,0.15,0.1,0.15,0.1
12589,12589,Sequedin,32,Hauts-de-france,0.15,0.15,0.1,0.15,0.1
12590,12590,Seraincourt,44,Grand Est,0.15,0.15,0.1,0.15,0.1
12591,12591,Seraucourt-le-Grand,32,Hauts-de-france,0.15,0.15,0.1,0.15,0.1
12592,12592,Serbannes,84,Auvergne-rhône-alpes,0.15,0.15,0.1,0.15,0.1
12593,12593,Sergines,27,Bourgogne-franche-comté,0.15,0.15,0.1,0.15,0.1
12594,12594,Sergy,84,Auvergne-rhône-alpes,0.15,0.15,0.1,0.15,0.1
12595,12595,Sermaises,24,Centre-val De Loire,0.15,0.15,0.1,0.15,0.1
12596,12596,Sermaize-les-Bains,44,Grand Est,0.15,0.15,0.1,0.15,0.1
12597,12597,Sermamagny,27,Bourgogne-franche-comté,0.15,0.15,0.1,0.15,0.1
12598,12598,Sermentizon,84,Auvergne-rhône-alpes,0.15,0.15,0.1,0.15,0.1
12599,12599,Sermersheim,44,Grand Est,0.15,0.15,0.1,0.15,0.1
12600,12600,Sermiers,44,Grand Est,0.15,0.15,0.1,0.15,0.1
12601,12601,Sermoise-sur-Loire,27,Bourgogne-franche-comté,0.15,0.15,0.1,0.15,0.1
12602,12602,Sermoyer,84,Auvergne-rhône-alpes,0.15,0.15,0.1,0.15,0.1
12603,12603,Sermérieu,84,Auvergne-rhône-alpes,0.15,0.15,0.1,0.15,0.1
12604,12604,Sernhac,76,Occitanie,0.15,0.15,0.1,0.15,0.1
12605,12605,Serpaize,84,Auvergne-rhône-alpes,0.15,0.15,0.1,0.15,0.1
12606,12606,Serques,32,Hauts-de-france,0.15,0.15,0.1,0.15,0.1
12607,12607,Serqueux,44,Grand Est,0.15,0.15,0.1,0.15,0.1
12608,12608,Serquigny,28,Normandie,0.15,0.15,0.1,0.15,0.1
12609,12609,Serraval,84,Auvergne-rhône-alpes,0.15,0.15,0.1,0.15,0.1
12610,12610,Serre-les-Sapins,27,Bourgogne-franche-comté,0.15,0.15,0.1,0.15,0.1
12611,12611,Serres,93,Provence-alpes-côte D'azur,0.15,0.15,0.1,0.15,0.1
12612,12612,Serres-Castet,75,Nouvelle-aquitaine,0.15,0.15,0.1,0.15,0.1
12613,12613,Serres-Morlaas,75,Nouvelle-aquitaine,0.15,0.15,0.1,0.15,0.1
12614,12614,Serres-sur-Arget,76,Occitanie,0.15,0.15,0.1,0.15,0.1
12615,12615,Serris,11,Île-de-france,0.15,0.15,0.1,0.15,0.1
12616,12616,Serrières,84,Auvergne-rhône-alpes,0.15,0.15,0.1,0.15,0.1
12617,12617,Serrières-de-Briord,84,Auvergne-rhône-alpes,0.15,0.15,0.1,0.15,0.1
12618,12618,Serrières-en-Chautagne,84,Auvergne-rhône-alpes,0.15,0.15,0.1,0.15,0.1
12619,12619,Serrouville,44,Grand Est,0.15,0.15,0.1,0.15,0.1
12620,12620,Sers,76,Occitanie,0.15,0.15,0.1,0.15,0.1
12621,12621,Servance,27,Bourgogne-franche-comté,0.15,0.15,0.1,0.15,0.1
12622,12622,Servant,84,Auvergne-rhône-alpes,0.15,0.15,0.1,0.15,0.1
12623,12623,Servas,84,Auvergne-rhône-alpes,0.15,0.15,0.1,0.15,0.1
12624,12624,Servaville-Salmonville,28,Normandie,0.15,0.15,0.1,0.15,0.1
12625,12625,Serves-sur-Rhône,84,Auvergne-rhône-alpes,0.15,0.15,0.1,0.15,0.1
12626,12626,Servian,76,Occitanie,0.15,0.15,0.1,0.15,0.1
12627,12627,Servins,32,Hauts-de-france,0.15,0.15,0.1,0.15,0.1
12628,12628,Servières-le-Château,75,Nouvelle-aquitaine,0.15,0.15,0.1,0.15,0.1
12629,12629,Serviès,76,Occitanie,0.15,0.15,0.1,0.15,0.1
12630,12630,Servon,28,Normandie,0.15,0.15,0.1,0.15,0.1
12631,12631,Servon-sur-Vilaine,53,Bretagne,0.15,0.15,0.1,0.15,0.1
12632,12632,Servoz,84,Auvergne-rhône-alpes,0.15,0.15,0.1,0.15,0.1
12633,12633,Serémange-Erzange,44,Grand Est,0.15,0.15,0.1,0.15,0.1
12634,12634,Sessenheim,44,Grand Est,0.15,0.15,0.1,0.15,0.1
12635,12635,Setques,32,Hauts-de-france,0.15,0.15,0.1,0.15,0.1
12636,12636,Seugy,11,Île-de-france,0.15,0.15,0.1,0.15,0.1
12637,12637,Seuil-d'Argonne,44,Grand Est,0.15,0.15,0.1,0.15,0.1
12638,12638,Seurre,27,Bourgogne-franche-comté,0.15,0.15,0.1,0.15,0.1
12639,12639,Sevelinges,84,Auvergne-rhône-alpes,0.15,0.15,0.1,0.15,0.1
12640,12640,Sevenans,27,Bourgogne-franche-comté,0.15,0.15,0.1,0.15,0.1
12641,12641,Sevran,11,Île-de-france,0.15,0.15,0.1,0.15,0.1
12642,12642,Sevrey,27,Bourgogne-franche-comté,0.15,0.15,0.1,0.15,0.1
12643,12643,Sewen,44,Grand Est,0.15,0.15,0.1,0.15,0.1
12644,12644,Sexey-aux-Forges,44,Grand Est,0.15,0.15,0.1,0.15,0.1
12645,12645,Seyches,75,Nouvelle-aquitaine,0.15,0.15,0.1,0.15,0.1
12646,12646,Seyne-les-Alpes,93,Provence-alpes-côte D'azur,0.15,0.15,0.1,0.15,0.1
12647,12647,Seynod,84,Auvergne-rhône-alpes,0.15,0.15,0.1,0.15,0.1
12648,12648,Seyresse,75,Nouvelle-aquitaine,0.15,0.15,0.1,0.15,0.1
12649,12649,Seyssel,84,Auvergne-rhône-alpes,0.15,0.15,0.1,0.15,0.1
12650,12650,Seysses,76,Occitanie,0.15,0.15,0.1,0.15,0.1
12651,12651,Seyssinet-Pariset,84,Auvergne-rhône-alpes,0.15,0.15,0.1,0.15,0.1
12652,12652,Seyssins,84,Auvergne-rhône-alpes,0.15,0.15,0.1,0.15,0.1
12653,12653,Seyssuel,84,Auvergne-rhône-alpes,0.15,0.15,0.1,0.15,0.1
12654,12654,Seythenex,84,Auvergne-rhône-alpes,0.15,0.15,0.1,0.15,0.1
12655,12655,Sibiril,53,Bretagne,0.15,0.15,0.1,0.15,0.1
12656,12656,Siccieu,,MISSING,0.15,0.15,0.1,0.15,0.1
12657,12657,Sideville,28,Normandie,0.15,0.15,0.1,0.15,0.1
12658,12658,Sierck-les-Bains,44,Grand Est,0.15,0.15,0.1,0.15,0.1
12659,12659,Sierentz,44,Grand Est,0.15,0.15,0.1,0.15,0.1
12660,12660,Siersthal,44,Grand Est,0.15,0.15,0.1,0.15,0.1
12661,12661,Sierville,28,Normandie,0.15,0.15,0.1,0.15,0.1
12662,12662,Sigean,76,Occitanie,0.15,0.15,0.1,0.15,0.1
12663,12663,Sigloy,24,Centre-val De Loire,0.15,0.15,0.1,0.15,0.1
12664,12664,Signes,93,Provence-alpes-côte D'azur,0.15,0.15,0.1,0.15,0.1
12665,12665,Signy-Signets,11,Île-de-france,0.15,0.15,0.1,0.15,0.1
12666,12666,Signy-le-Petit,44,Grand Est,0.15,0.15,0.1,0.15,0.1
12667,12667,Sigogne,75,Nouvelle-aquitaine,0.15,0.15,0.1,0.15,0.1
12668,12668,Sigolsheim,44,Grand Est,0.15,0.15,0.1,0.15,0.1
12669,12669,Sigoulès,75,Nouvelle-aquitaine,0.15,0.15,0.1,0.15,0.1
12670,12670,Sigournais,52,Pays De La Loire,0.15,0.15,0.1,0.15,0.1
12671,12671,Sigoyer,93,Provence-alpes-côte D'azur,0.15,0.15,0.1,0.15,0.1
12672,12672,Sigy-en-Bray,28,Normandie,0.15,0.15,0.1,0.15,0.1
12673,12673,Sillans,84,Auvergne-rhône-alpes,0.15,0.15,0.1,0.15,0.1
12674,12674,Sillans-la-Cascade,93,Provence-alpes-côte D'azur,0.15,0.15,0.1,0.15,0.1
12675,12675,Sillars,75,Nouvelle-aquitaine,0.15,0.15,0.1,0.15,0.1
12676,12676,Sillery,44,Grand Est,0.15,0.15,0.1,0.15,0.1
12677,12677,Sillingy,84,Auvergne-rhône-alpes,0.15,0.15,0.1,0.15,0.1
12678,12678,Silly-le-Long,32,Hauts-de-france,0.15,0.15,0.1,0.15,0.1
12679,12679,Silly-sur-Nied,44,Grand Est,0.15,0.15,0.1,0.15,0.1
12680,12680,Sillé-le-Guillaume,52,Pays De La Loire,0.15,0.15,0.1,0.15,0.1
12681,12681,Sillé-le-Philippe,52,Pays De La Loire,0.15,0.15,0.1,0.15,0.1
12682,12682,Siltzheim,44,Grand Est,0.15,0.15,0.1,0.15,0.1
12683,12683,Simandre,27,Bourgogne-franche-comté,0.15,0.15,0.1,0.15,0.1
12684,12684,Simandre-sur-Suran,84,Auvergne-rhône-alpes,0.15,0.15,0.1,0.15,0.1
12685,12685,Simandres,84,Auvergne-rhône-alpes,0.15,0.15,0.1,0.15,0.1
12686,12686,Simard,27,Bourgogne-franche-comté,0.15,0.15,0.1,0.15,0.1
12687,12687,Simencourt,32,Hauts-de-france,0.15,0.15,0.1,0.15,0.1
12688,12688,Simiane-Collongue,93,Provence-alpes-côte D'azur,0.15,0.15,0.1,0.15,0.1
12689,12689,Simiane-la-Rotonde,93,Provence-alpes-côte D'azur,0.15,0.15,0.1,0.15,0.1
12690,12690,Simorre,76,Occitanie,0.15,0.15,0.1,0.15,0.1
12691,12691,Sin-le-Noble,32,Hauts-de-france,0.15,0.15,0.1,0.15,0.1
12692,12692,Sinard,84,Auvergne-rhône-alpes,0.15,0.15,0.1,0.15,0.1
12693,12693,Sinceny,32,Hauts-de-france,0.15,0.15,0.1,0.15,0.1
12694,12694,Sion-les-Mines,52,Pays De La Loire,0.15,0.15,0.1,0.15,0.1
12695,12695,Siorac-en-Périgord,75,Nouvelle-aquitaine,0.15,0.15,0.1,0.15,0.1
12696,12696,Siran,84,Auvergne-rhône-alpes,0.15,0.15,0.1,0.15,0.1
12697,12697,Sireuil,75,Nouvelle-aquitaine,0.15,0.15,0.1,0.15,0.1
12698,12698,Sirod,27,Bourgogne-franche-comté,0.15,0.15,0.1,0.15,0.1
12699,12699,Siros,75,Nouvelle-aquitaine,0.15,0.15,0.1,0.15,0.1
12700,12700,Sisco,94,Corse,0.15,0.15,0.1,0.15,0.1
12701,12701,Sissonne,32,Hauts-de-france,0.15,0.15,0.1,0.15,0.1
12702,12702,Sissy,32,Hauts-de-france,0.15,0.15,0.1,0.15,0.1
12703,12703,Sisteron,93,Provence-alpes-côte D'azur,0.15,0.15,0.1,0.15,0.1
12704,12704,Sivry-Courtry,11,Île-de-france,0.15,0.15,0.1,0.15,0.1
12705,12705,Six-Fours-les-Plages,93,Provence-alpes-côte D'azur,0.15,0.15,0.1,0.15,0.1
12706,12706,Sixt-sur-Aff,53,Bretagne,0.15,0.15,0.1,0.15,0.1
12707,12707,Sizun,53,Bretagne,0.15,0.15,0.1,0.15,0.1
12708,12708,Smarves,75,Nouvelle-aquitaine,0.15,0.15,0.1,0.15,0.1
12709,12709,Sochaux,27,Bourgogne-franche-comté,0.15,0.15,0.1,0.15,0.1
12710,12710,Socx,32,Hauts-de-france,0.15,0.15,0.1,0.15,0.1
12711,12711,Soignolles-en-Brie,11,Île-de-france,0.15,0.15,0.1,0.15,0.1
12712,12712,Soindres,11,Île-de-france,0.15,0.15,0.1,0.15,0.1
12713,12713,Soings-en-Sologne,24,Centre-val De Loire,0.15,0.15,0.1,0.15,0.1
12714,12714,Soissons,32,Hauts-de-france,0.15,0.15,0.1,0.15,0.1
12715,12715,Soisy-Bouy,11,Île-de-france,0.15,0.15,0.1,0.15,0.1
12716,12716,Soisy-sous-Montmorency,11,Île-de-france,0.15,0.15,0.1,0.15,0.1
12717,12717,Soisy-sur-Seine,11,Île-de-france,0.15,0.15,0.1,0.15,0.1
12718,12718,Soisy-sur-École,11,Île-de-france,0.15,0.15,0.1,0.15,0.1
12719,12719,Solaize,84,Auvergne-rhône-alpes,0.15,0.15,0.1,0.15,0.1
12720,12720,Solaro,94,Corse,0.15,0.15,0.1,0.15,0.1
12721,12721,Solers,11,Île-de-france,0.15,0.15,0.1,0.15,0.1
12722,12722,Solesmes,52,Pays De La Loire,0.15,0.15,0.1,0.15,0.1
12723,12723,Soleymieu,84,Auvergne-rhône-alpes,0.15,0.15,0.1,0.15,0.1
12724,12724,Solgne,44,Grand Est,0.15,0.15,0.1,0.15,0.1
12725,12725,Soliers,28,Normandie,0.15,0.15,0.1,0.15,0.1
12726,12726,Solignac,75,Nouvelle-aquitaine,0.15,0.15,0.1,0.15,0.1
12727,12727,Solignac-sur-Loire,84,Auvergne-rhône-alpes,0.15,0.15,0.1,0.15,0.1
12728,12728,Soligny-la-Trappe,28,Normandie,0.15,0.15,0.1,0.15,0.1
12729,12729,Solliès-Pont,93,Provence-alpes-côte D'azur,0.15,0.15,0.1,0.15,0.1
12730,12730,Solliès-Toucas,93,Provence-alpes-côte D'azur,0.15,0.15,0.1,0.15,0.1
12731,12731,Solliès-Ville,93,Provence-alpes-côte D'azur,0.15,0.15,0.1,0.15,0.1
12732,12732,Solre-le-Château,32,Hauts-de-france,0.15,0.15,0.1,0.15,0.1
12733,12733,Somain,32,Hauts-de-france,0.15,0.15,0.1,0.15,0.1
12734,12734,Sombacour,27,Bourgogne-franche-comté,0.15,0.15,0.1,0.15,0.1
12735,12735,Sombernon,27,Bourgogne-franche-comté,0.15,0.15,0.1,0.15,0.1
12736,12736,Somloire,52,Pays De La Loire,0.15,0.15,0.1,0.15,0.1
12737,12737,Somme-Suippe,44,Grand Est,0.15,0.15,0.1,0.15,0.1
12738,12738,Sommedieue,44,Grand Est,0.15,0.15,0.1,0.15,0.1
12739,12739,Sommelonne,44,Grand Est,0.15,0.15,0.1,0.15,0.1
12740,12740,Sommepy-Tahure,44,Grand Est,0.15,0.15,0.1,0.15,0.1
12741,12741,Sommervieu,28,Normandie,0.15,0.15,0.1,0.15,0.1
12742,12742,Sommerviller,44,Grand Est,0.15,0.15,0.1,0.15,0.1
12743,12743,Sommery,28,Normandie,0.15,0.15,0.1,0.15,0.1
12744,12744,Sommevoire,44,Grand Est,0.15,0.15,0.1,0.15,0.1
12745,12745,Sommières,76,Occitanie,0.15,0.15,0.1,0.15,0.1
12746,12746,Sommières-du-Clain,75,Nouvelle-aquitaine,0.15,0.15,0.1,0.15,0.1
12747,12747,Sonchamp,11,Île-de-france,0.15,0.15,0.1,0.15,0.1
12748,12748,Sondernach,44,Grand Est,0.15,0.15,0.1,0.15,0.1
12749,12749,Songeons,32,Hauts-de-france,0.15,0.15,0.1,0.15,0.1
12750,12750,Sonnac,76,Occitanie,0.15,0.15,0.1,0.15,0.1
12751,12751,Sonnay,84,Auvergne-rhône-alpes,0.15,0.15,0.1,0.15,0.1
12752,12752,Sonnaz,84,Auvergne-rhône-alpes,0.15,0.15,0.1,0.15,0.1
12753,12753,Sonzay,24,Centre-val De Loire,0.15,0.15,0.1,0.15,0.1
12754,12754,Soorts,,MISSING,0.15,0.15,0.1,0.15,0.1
12755,12755,Soppe-le-Bas,44,Grand Est,0.15,0.15,0.1,0.15,0.1
12756,12756,Soppe-le-Haut,44,Grand Est,0.15,0.15,0.1,0.15,0.1
12757,12757,Sorbiers,93,Provence-alpes-côte D'azur,0.15,0.15,0.1,0.15,0.1
12758,12758,Sorbo-Ocagnano,94,Corse,0.15,0.15,0.1,0.15,0.1
12759,12759,Sorcy-Saint-Martin,44,Grand Est,0.15,0.15,0.1,0.15,0.1
12760,12760,Sore,75,Nouvelle-aquitaine,0.15,0.15,0.1,0.15,0.1
12761,12761,Sorel-Moussel,24,Centre-val De Loire,0.15,0.15,0.1,0.15,0.1
12762,12762,Sorges,75,Nouvelle-aquitaine,0.15,0.15,0.1,0.15,0.1
12763,12763,Sorgues,93,Provence-alpes-côte D'azur,0.15,0.15,0.1,0.15,0.1
12764,12764,Sorigny,24,Centre-val De Loire,0.15,0.15,0.1,0.15,0.1
12765,12765,Sormonne,44,Grand Est,0.15,0.15,0.1,0.15,0.1
12766,12766,Sornac,75,Nouvelle-aquitaine,0.15,0.15,0.1,0.15,0.1
12767,12767,Sornay,27,Bourgogne-franche-comté,0.15,0.15,0.1,0.15,0.1
12768,12768,Sort-en-Chalosse,75,Nouvelle-aquitaine,0.15,0.15,0.1,0.15,0.1
12769,12769,Sorède,76,Occitanie,0.15,0.15,0.1,0.15,0.1
12770,12770,Sorèze,76,Occitanie,0.15,0.15,0.1,0.15,0.1
12771,12771,Sos,75,Nouvelle-aquitaine,0.15,0.15,0.1,0.15,0.1
12772,12772,Sospel,93,Provence-alpes-côte D'azur,0.15,0.15,0.1,0.15,0.1
12773,12773,Sotta,94,Corse,0.15,0.15,0.1,0.15,0.1
12774,12774,Sottevast,28,Normandie,0.15,0.15,0.1,0.15,0.1
12775,12775,Sotteville-lès-Rouen,28,Normandie,0.15,0.15,0.1,0.15,0.1
12776,12776,Sotteville-sous-le-Val,28,Normandie,0.15,0.15,0.1,0.15,0.1
12777,12777,Soturac,76,Occitanie,0.15,0.15,0.1,0.15,0.1
12778,12778,Soual,76,Occitanie,0.15,0.15,0.1,0.15,0.1
12779,12779,Souancé-au-Perche,24,Centre-val De Loire,0.15,0.15,0.1,0.15,0.1
12780,12780,Soubise,75,Nouvelle-aquitaine,0.15,0.15,0.1,0.15,0.1
12781,12781,Soubès,76,Occitanie,0.15,0.15,0.1,0.15,0.1
12782,12782,Soucelles,52,Pays De La Loire,0.15,0.15,0.1,0.15,0.1
12783,12783,Souchez,32,Hauts-de-france,0.15,0.15,0.1,0.15,0.1
12784,12784,Soucht,44,Grand Est,0.15,0.15,0.1,0.15,0.1
12785,12785,Soucieu-en-Jarrest,84,Auvergne-rhône-alpes,0.15,0.15,0.1,0.15,0.1
12786,12786,Soucy,32,Hauts-de-france,0.15,0.15,0.1,0.15,0.1
12787,12787,Soudan,75,Nouvelle-aquitaine,0.15,0.15,0.1,0.15,0.1
12788,12788,Souday,24,Centre-val De Loire,0.15,0.15,0.1,0.15,0.1
12789,12789,Soueich,76,Occitanie,0.15,0.15,0.1,0.15,0.1
12790,12790,Soues,76,Occitanie,0.15,0.15,0.1,0.15,0.1
12791,12791,Souesmes,24,Centre-val De Loire,0.15,0.15,0.1,0.15,0.1
12792,12792,Souffelweyersheim,44,Grand Est,0.15,0.15,0.1,0.15,0.1
12793,12793,Soufflenheim,44,Grand Est,0.15,0.15,0.1,0.15,0.1
12794,12794,Sougy,24,Centre-val De Loire,0.15,0.15,0.1,0.15,0.1
12795,12795,Sougy-sur-Loire,27,Bourgogne-franche-comté,0.15,0.15,0.1,0.15,0.1
12796,12796,Sougé-le-Ganelon,52,Pays De La Loire,0.15,0.15,0.1,0.15,0.1
12797,12797,Sougéal,53,Bretagne,0.15,0.15,0.1,0.15,0.1
12798,12798,Souillac,76,Occitanie,0.15,0.15,0.1,0.15,0.1
12799,12799,Soulac-sur-Mer,75,Nouvelle-aquitaine,0.15,0.15,0.1,0.15,0.1
12800,12800,Soulaines-sur-Aubance,52,Pays De La Loire,0.15,0.15,0.1,0.15,0.1
12801,12801,Soulaire-et-Bourg,52,Pays De La Loire,0.15,0.15,0.1,0.15,0.1
12802,12802,Soulgé-sur-Ouette,52,Pays De La Loire,0.15,0.15,0.1,0.15,0.1
12803,12803,Soulignonne,75,Nouvelle-aquitaine,0.15,0.15,0.1,0.15,0.1
12804,12804,Souligné-Flacé,52,Pays De La Loire,0.15,0.15,0.1,0.15,0.1
12805,12805,Souligné-sous-Ballon,52,Pays De La Loire,0.15,0.15,0.1,0.15,0.1
12806,12806,Soulitré,52,Pays De La Loire,0.15,0.15,0.1,0.15,0.1
12807,12807,Soullans,52,Pays De La Loire,0.15,0.15,0.1,0.15,0.1
12808,12808,Soulosse-sous-Saint-Élophe,44,Grand Est,0.15,0.15,0.1,0.15,0.1
12809,12809,Soultz-Haut-Rhin,44,Grand Est,0.15,0.15,0.1,0.15,0.1
12810,12810,Soultz-les-Bains,44,Grand Est,0.15,0.15,0.1,0.15,0.1
12811,12811,Soultz-sous-Forêts,44,Grand Est,0.15,0.15,0.1,0.15,0.1
12812,12812,Soultzbach-les-Bains,44,Grand Est,0.15,0.15,0.1,0.15,0.1
12813,12813,Soultzeren,44,Grand Est,0.15,0.15,0.1,0.15,0.1
12814,12814,Soultzmatt,44,Grand Est,0.15,0.15,0.1,0.15,0.1
12815,12815,Soumans,75,Nouvelle-aquitaine,0.15,0.15,0.1,0.15,0.1
12816,12816,Soumont-Saint-Quentin,28,Normandie,0.15,0.15,0.1,0.15,0.1
12817,12817,Soumoulou,75,Nouvelle-aquitaine,0.15,0.15,0.1,0.15,0.1
12818,12818,Souppes-sur-Loing,11,Île-de-france,0.15,0.15,0.1,0.15,0.1
12819,12819,Souprosse,75,Nouvelle-aquitaine,0.15,0.15,0.1,0.15,0.1
12820,12820,Souraïde,75,Nouvelle-aquitaine,0.15,0.15,0.1,0.15,0.1
12821,12821,Sourcieux-les-Mines,84,Auvergne-rhône-alpes,0.15,0.15,0.1,0.15,0.1
12822,12822,Sourdeval,28,Normandie,0.15,0.15,0.1,0.15,0.1
12823,12823,Sourdun,11,Île-de-france,0.15,0.15,0.1,0.15,0.1
12824,12824,Sours,24,Centre-val De Loire,0.15,0.15,0.1,0.15,0.1
12825,12825,Soursac,75,Nouvelle-aquitaine,0.15,0.15,0.1,0.15,0.1
12826,12826,Sourzac,75,Nouvelle-aquitaine,0.15,0.15,0.1,0.15,0.1
12827,12827,Sousceyrac,76,Occitanie,0.15,0.15,0.1,0.15,0.1
12828,12828,Soussans,75,Nouvelle-aquitaine,0.15,0.15,0.1,0.15,0.1
12829,12829,Soustons,75,Nouvelle-aquitaine,0.15,0.15,0.1,0.15,0.1
12830,12830,Souvignargues,76,Occitanie,0.15,0.15,0.1,0.15,0.1
12831,12831,Souvigny,84,Auvergne-rhône-alpes,0.15,0.15,0.1,0.15,0.1
12832,12832,Souvigné,75,Nouvelle-aquitaine,0.15,0.15,0.1,0.15,0.1
12833,12833,Souvigné-sur-Sarthe,52,Pays De La Loire,0.15,0.15,0.1,0.15,0.1
12834,12834,Souzay-Champigny,52,Pays De La Loire,0.15,0.15,0.1,0.15,0.1
12835,12835,Souzy,84,Auvergne-rhône-alpes,0.15,0.15,0.1,0.15,0.1
12836,12836,Soyaux,75,Nouvelle-aquitaine,0.15,0.15,0.1,0.15,0.1
12837,12837,Soye-en-Septaine,24,Centre-val De Loire,0.15,0.15,0.1,0.15,0.1
12838,12838,Soyons,84,Auvergne-rhône-alpes,0.15,0.15,0.1,0.15,0.1
12839,12839,Spay,52,Pays De La Loire,0.15,0.15,0.1,0.15,0.1
12840,12840,Spechbach-le-Bas,44,Grand Est,0.15,0.15,0.1,0.15,0.1
12841,12841,Spechbach-le-Haut,44,Grand Est,0.15,0.15,0.1,0.15,0.1
12842,12842,Spicheren,44,Grand Est,0.15,0.15,0.1,0.15,0.1
12843,12843,Spincourt,44,Grand Est,0.15,0.15,0.1,0.15,0.1
12844,12844,Spycker,32,Hauts-de-france,0.15,0.15,0.1,0.15,0.1
12845,12845,Spéracèdes,93,Provence-alpes-côte D'azur,0.15,0.15,0.1,0.15,0.1
12846,12846,Spézet,53,Bretagne,0.15,0.15,0.1,0.15,0.1
12847,12847,Squiffiec,53,Bretagne,0.15,0.15,0.1,0.15,0.1
12848,12848,Staffelfelden,44,Grand Est,0.15,0.15,0.1,0.15,0.1
12849,12849,Stains,11,Île-de-france,0.15,0.15,0.1,0.15,0.1
12850,12850,Staple,32,Hauts-de-france,0.15,0.15,0.1,0.15,0.1
12851,12851,Steenbecque,32,Hauts-de-france,0.15,0.15,0.1,0.15,0.1
12852,12852,Steene,32,Hauts-de-france,0.15,0.15,0.1,0.15,0.1
12853,12853,Steenvoorde,32,Hauts-de-france,0.15,0.15,0.1,0.15,0.1
12854,12854,Steenwerck,32,Hauts-de-france,0.15,0.15,0.1,0.15,0.1
12855,12855,Steige,44,Grand Est,0.15,0.15,0.1,0.15,0.1
12856,12856,Steinbach,44,Grand Est,0.15,0.15,0.1,0.15,0.1
12857,12857,Steinbourg,44,Grand Est,0.15,0.15,0.1,0.15,0.1
12858,12858,Steinbrunn-le-Bas,44,Grand Est,0.15,0.15,0.1,0.15,0.1
12859,12859,Steinbrunn-le-Haut,44,Grand Est,0.15,0.15,0.1,0.15,0.1
12860,12860,Steinsoultz,44,Grand Est,0.15,0.15,0.1,0.15,0.1
12861,12861,Stenay,44,Grand Est,0.15,0.15,0.1,0.15,0.1
12862,12862,Still,44,Grand Est,0.15,0.15,0.1,0.15,0.1
12863,12863,Stiring-Wendel,44,Grand Est,0.15,0.15,0.1,0.15,0.1
12864,12864,Stosswihr,44,Grand Est,0.15,0.15,0.1,0.15,0.1
12865,12865,Stotzheim,44,Grand Est,0.15,0.15,0.1,0.15,0.1
12866,12866,Strasbourg,44,Grand Est,0.15,0.15,0.1,0.15,0.1
12867,12867,Strazeele,32,Hauts-de-france,0.15,0.15,0.1,0.15,0.1
12868,12868,Stuckange,44,Grand Est,0.15,0.15,0.1,0.15,0.1
12869,12869,Subles,28,Normandie,0.15,0.15,0.1,0.15,0.1
12870,12870,Succieu,84,Auvergne-rhône-alpes,0.15,0.15,0.1,0.15,0.1
12871,12871,Sucy-en-Brie,11,Île-de-france,0.15,0.15,0.1,0.15,0.1
12872,12872,Sucé-sur-Erdre,52,Pays De La Loire,0.15,0.15,0.1,0.15,0.1
12873,12873,Sugères,84,Auvergne-rhône-alpes,0.15,0.15,0.1,0.15,0.1
12874,12874,Suilly-la-Tour,27,Bourgogne-franche-comté,0.15,0.15,0.1,0.15,0.1
12875,12875,Suippes,44,Grand Est,0.15,0.15,0.1,0.15,0.1
12876,12876,Sulignat,84,Auvergne-rhône-alpes,0.15,0.15,0.1,0.15,0.1
12877,12877,Sully,32,Hauts-de-france,0.15,0.15,0.1,0.15,0.1
12878,12878,Sully-sur-Loire,24,Centre-val De Loire,0.15,0.15,0.1,0.15,0.1
12879,12879,Sulniac,53,Bretagne,0.15,0.15,0.1,0.15,0.1
12880,12880,Sumène,76,Occitanie,0.15,0.15,0.1,0.15,0.1
12881,12881,Sundhoffen,44,Grand Est,0.15,0.15,0.1,0.15,0.1
12882,12882,Sundhouse,44,Grand Est,0.15,0.15,0.1,0.15,0.1
12883,12883,Surbourg,44,Grand Est,0.15,0.15,0.1,0.15,0.1
12884,12884,Suresnes,11,Île-de-france,0.15,0.15,0.1,0.15,0.1
12885,12885,Surgères,75,Nouvelle-aquitaine,0.15,0.15,0.1,0.15,0.1
12886,12886,Surin,75,Nouvelle-aquitaine,0.15,0.15,0.1,0.15,0.1
12887,12887,Surtainville,28,Normandie,0.15,0.15,0.1,0.15,0.1
12888,12888,Surville,28,Normandie,0.15,0.15,0.1,0.15,0.1
12889,12889,Survilliers,11,Île-de-france,0.15,0.15,0.1,0.15,0.1
12890,12890,Sury-aux-Bois,24,Centre-val De Loire,0.15,0.15,0.1,0.15,0.1
12891,12891,Sury-en-Vaux,24,Centre-val De Loire,0.15,0.15,0.1,0.15,0.1
12892,12892,Sury-le-Comtal,84,Auvergne-rhône-alpes,0.15,0.15,0.1,0.15,0.1
12893,12893,Sury-près-Léré,24,Centre-val De Loire,0.15,0.15,0.1,0.15,0.1
12894,12894,Surzur,53,Bretagne,0.15,0.15,0.1,0.15,0.1
12895,12895,Sussargues,76,Occitanie,0.15,0.15,0.1,0.15,0.1
12896,12896,Suze-la-Rousse,84,Auvergne-rhône-alpes,0.15,0.15,0.1,0.15,0.1
12897,12897,Suzoy,32,Hauts-de-france,0.15,0.15,0.1,0.15,0.1
12898,12898,Suèvres,24,Centre-val De Loire,0.15,0.15,0.1,0.15,0.1
12899,12899,Sète,76,Occitanie,0.15,0.15,0.1,0.15,0.1
12900,12900,Sèvres,11,Île-de-france,0.15,0.15,0.1,0.15,0.1
12901,12901,Sèvres-Anxaumont,75,Nouvelle-aquitaine,0.15,0.15,0.1,0.15,0.1
12902,12902,Sébazac-Concourès,76,Occitanie,0.15,0.15,0.1,0.15,0.1
12903,12903,Séchilienne,84,Auvergne-rhône-alpes,0.15,0.15,0.1,0.15,0.1
12904,12904,Sées,28,Normandie,0.15,0.15,0.1,0.15,0.1
12905,12905,Séez,84,Auvergne-rhône-alpes,0.15,0.15,0.1,0.15,0.1
12906,12906,Séglien,53,Bretagne,0.15,0.15,0.1,0.15,0.1
12907,12907,Ségny,84,Auvergne-rhône-alpes,0.15,0.15,0.1,0.15,0.1
12908,12908,Ségoufielle,76,Occitanie,0.15,0.15,0.1,0.15,0.1
12909,12909,Ségrie,52,Pays De La Loire,0.15,0.15,0.1,0.15,0.1
12910,12910,Ségur,76,Occitanie,0.15,0.15,0.1,0.15,0.1
12911,12911,Séguret,93,Provence-alpes-côte D'azur,0.15,0.15,0.1,0.15,0.1
12912,12912,Sélestat,44,Grand Est,0.15,0.15,0.1,0.15,0.1
12913,12913,Sémalens,76,Occitanie,0.15,0.15,0.1,0.15,0.1
12914,12914,Séméac,76,Occitanie,0.15,0.15,0.1,0.15,0.1
12915,12915,Sénas,93,Provence-alpes-côte D'azur,0.15,0.15,0.1,0.15,0.1
12916,12916,Sénergues,76,Occitanie,0.15,0.15,0.1,0.15,0.1
12917,12917,Séné,53,Bretagne,0.15,0.15,0.1,0.15,0.1
12918,12918,Séreilhac,75,Nouvelle-aquitaine,0.15,0.15,0.1,0.15,0.1
12919,12919,Sérent,53,Bretagne,0.15,0.15,0.1,0.15,0.1
12920,12920,Sérifontaine,32,Hauts-de-france,0.15,0.15,0.1,0.15,0.1
12921,12921,Sérignac,76,Occitanie,0.15,0.15,0.1,0.15,0.1
12922,12922,Sérignac-sur-Garonne,75,Nouvelle-aquitaine,0.15,0.15,0.1,0.15,0.1
12923,12923,Sérignan,76,Occitanie,0.15,0.15,0.1,0.15,0.1
12924,12924,Sérignan-du-Comtat,93,Provence-alpes-côte D'azur,0.15,0.15,0.1,0.15,0.1
12925,12925,Sérigné,52,Pays De La Loire,0.15,0.15,0.1,0.15,0.1
12926,12926,Séry-lès-Mézières,32,Hauts-de-france,0.15,0.15,0.1,0.15,0.1
12927,12927,Sérézin-de-la-Tour,84,Auvergne-rhône-alpes,0.15,0.15,0.1,0.15,0.1
12928,12928,Sérézin-du-Rhône,84,Auvergne-rhône-alpes,0.15,0.15,0.1,0.15,0.1
12929,12929,Sévignac,53,Bretagne,0.15,0.15,0.1,0.15,0.1
12930,12930,Sévignacq,75,Nouvelle-aquitaine,0.15,0.15,0.1,0.15,0.1
12931,12931,Sévignacq-Meyracq,75,Nouvelle-aquitaine,0.15,0.15,0.1,0.15,0.1
12932,12932,Sévérac,52,Pays De La Loire,0.15,0.15,0.1,0.15,0.1
12933,12933,Sévérac-le-Château,76,Occitanie,0.15,0.15,0.1,0.15,0.1
12934,12934,Sézanne,44,Grand Est,0.15,0.15,0.1,0.15,0.1
12935,12935,Tabanac,75,Nouvelle-aquitaine,0.15,0.15,0.1,0.15,0.1
12936,12936,Tacoignières,11,Île-de-france,0.15,0.15,0.1,0.15,0.1
12937,12937,Taden,53,Bretagne,0.15,0.15,0.1,0.15,0.1
12938,12938,Taglio,94,Corse,0.15,0.15,0.1,0.15,0.1
12939,12939,Tagnon,44,Grand Est,0.15,0.15,0.1,0.15,0.1
12940,12940,Tagolsheim,44,Grand Est,0.15,0.15,0.1,0.15,0.1
12941,12941,Taillades,93,Provence-alpes-côte D'azur,0.15,0.15,0.1,0.15,0.1
12942,12942,Taillebourg,75,Nouvelle-aquitaine,0.15,0.15,0.1,0.15,0.1
12943,12943,Taillecourt,27,Bourgogne-franche-comté,0.15,0.15,0.1,0.15,0.1
12944,12944,Taillis,53,Bretagne,0.15,0.15,0.1,0.15,0.1
12945,12945,Taintrux,44,Grand Est,0.15,0.15,0.1,0.15,0.1
12946,12946,Taisnières-en-Thiérache,32,Hauts-de-france,0.15,0.15,0.1,0.15,0.1
12947,12947,Taisnières-sur-Hon,32,Hauts-de-france,0.15,0.15,0.1,0.15,0.1
12948,12948,Taissy,44,Grand Est,0.15,0.15,0.1,0.15,0.1
12949,12949,Taizé,75,Nouvelle-aquitaine,0.15,0.15,0.1,0.15,0.1
12950,12950,Taizé-Aizie,75,Nouvelle-aquitaine,0.15,0.15,0.1,0.15,0.1
12951,12951,Talange,44,Grand Est,0.15,0.15,0.1,0.15,0.1
12952,12952,Talant,27,Bourgogne-franche-comté,0.15,0.15,0.1,0.15,0.1
12953,12953,Talasani,94,Corse,0.15,0.15,0.1,0.15,0.1
12954,12954,Talence,75,Nouvelle-aquitaine,0.15,0.15,0.1,0.15,0.1
12955,12955,Talencieux,84,Auvergne-rhône-alpes,0.15,0.15,0.1,0.15,0.1
12956,12956,Talensac,53,Bretagne,0.15,0.15,0.1,0.15,0.1
12957,12957,Talizat,84,Auvergne-rhône-alpes,0.15,0.15,0.1,0.15,0.1
12958,12958,Tallard,93,Provence-alpes-côte D'azur,0.15,0.15,0.1,0.15,0.1
12959,12959,Tallende,84,Auvergne-rhône-alpes,0.15,0.15,0.1,0.15,0.1
12960,12960,Talloires,84,Auvergne-rhône-alpes,0.15,0.15,0.1,0.15,0.1
12961,12961,Talmas,32,Hauts-de-france,0.15,0.15,0.1,0.15,0.1
12962,12962,Talmontiers,32,Hauts-de-france,0.15,0.15,0.1,0.15,0.1
12963,12963,Taluyers,84,Auvergne-rhône-alpes,0.15,0.15,0.1,0.15,0.1
12964,12964,Tamerville,28,Normandie,0.15,0.15,0.1,0.15,0.1
12965,12965,Tancarville,28,Normandie,0.15,0.15,0.1,0.15,0.1
12966,12966,Taninges,84,Auvergne-rhône-alpes,0.15,0.15,0.1,0.15,0.1
12967,12967,Tanlay,27,Bourgogne-franche-comté,0.15,0.15,0.1,0.15,0.1
12968,12968,Tannay,44,Grand Est,0.15,0.15,0.1,0.15,0.1
12969,12969,Tanneron,93,Provence-alpes-côte D'azur,0.15,0.15,0.1,0.15,0.1
12970,12970,Tantonville,44,Grand Est,0.15,0.15,0.1,0.15,0.1
12971,12971,Tanus,76,Occitanie,0.15,0.15,0.1,0.15,0.1
12972,12972,Taponas,84,Auvergne-rhône-alpes,0.15,0.15,0.1,0.15,0.1
12973,12973,Taponnat,,MISSING,0.15,0.15,0.1,0.15,0.1
12974,12974,Taradeau,93,Provence-alpes-côte D'azur,0.15,0.15,0.1,0.15,0.1
12975,12975,Tarare,84,Auvergne-rhône-alpes,0.15,0.15,0.1,0.15,0.1
12976,12976,Tarascon,93,Provence-alpes-côte D'azur,0.15,0.15,0.1,0.15,0.1
12977,12977,Tarascon-sur-Ariège,76,Occitanie,0.15,0.15,0.1,0.15,0.1
12978,12978,Tarbes,76,Occitanie,0.15,0.15,0.1,0.15,0.1
12979,12979,Tarcenay,27,Bourgogne-franche-comté,0.15,0.15,0.1,0.15,0.1
12980,12980,Tardets,,MISSING,0.15,0.15,0.1,0.15,0.1
12981,12981,Targon,75,Nouvelle-aquitaine,0.15,0.15,0.1,0.15,0.1
12982,12982,Tarnos,75,Nouvelle-aquitaine,0.15,0.15,0.1,0.15,0.1
12983,12983,Tart-le-Haut,27,Bourgogne-franche-comté,0.15,0.15,0.1,0.15,0.1
12984,12984,Tartaras,84,Auvergne-rhône-alpes,0.15,0.15,0.1,0.15,0.1
12985,12985,Tartas,75,Nouvelle-aquitaine,0.15,0.15,0.1,0.15,0.1
12986,12986,Tassin-la-Demi-Lune,84,Auvergne-rhône-alpes,0.15,0.15,0.1,0.15,0.1
12987,12987,Tatinghem,32,Hauts-de-france,0.15,0.15,0.1,0.15,0.1
12988,12988,Taugon,75,Nouvelle-aquitaine,0.15,0.15,0.1,0.15,0.1
12989,12989,Taulignan,84,Auvergne-rhône-alpes,0.15,0.15,0.1,0.15,0.1
12990,12990,Taulé,53,Bretagne,0.15,0.15,0.1,0.15,0.1
12991,12991,Taupont,53,Bretagne,0.15,0.15,0.1,0.15,0.1
12992,12992,Tauriac,76,Occitanie,0.15,0.15,0.1,0.15,0.1
12993,12993,Taussac,76,Occitanie,0.15,0.15,0.1,0.15,0.1
12994,12994,Tautavel,76,Occitanie,0.15,0.15,0.1,0.15,0.1
12995,12995,Tauves,84,Auvergne-rhône-alpes,0.15,0.15,0.1,0.15,0.1
12996,12996,Tauxigny,24,Centre-val De Loire,0.15,0.15,0.1,0.15,0.1
12997,12997,Tavaux,27,Bourgogne-franche-comté,0.15,0.15,0.1,0.15,0.1
12998,12998,Tavaux-et-Pontséricourt,32,Hauts-de-france,0.15,0.15,0.1,0.15,0.1
12999,12999,Tavel,76,Occitanie,0.15,0.15,0.1,0.15,0.1
13000,13000,Tavernay,27,Bourgogne-franche-comté,0.15,0.15,0.1,0.15,0.1
13001,13001,Tavernes,93,Provence-alpes-côte D'azur,0.15,0.15,0.1,0.15,0.1
13002,13002,Taverny,11,Île-de-france,0.15,0.15,0.1,0.15,0.1
13003,13003,Tavers,24,Centre-val De Loire,0.15,0.15,0.1,0.15,0.1
13004,13004,Teillay,53,Bretagne,0.15,0.15,0.1,0.15,0.1
13005,13005,Teillé,52,Pays De La Loire,0.15,0.15,0.1,0.15,0.1
13006,13006,Telgruc-sur-Mer,53,Bretagne,0.15,0.15,0.1,0.15,0.1
13007,13007,Tellancourt,44,Grand Est,0.15,0.15,0.1,0.15,0.1
13008,13008,Teloché,52,Pays De La Loire,0.15,0.15,0.1,0.15,0.1
13009,13009,Templemars,32,Hauts-de-france,0.15,0.15,0.1,0.15,0.1
13010,13010,Templeuve-en-Pévèle,32,Hauts-de-france,0.15,0.15,0.1,0.15,0.1
13011,13011,Tenay,84,Auvergne-rhône-alpes,0.15,0.15,0.1,0.15,0.1
13012,13012,Tence,84,Auvergne-rhône-alpes,0.15,0.15,0.1,0.15,0.1
13013,13013,Tencin,84,Auvergne-rhône-alpes,0.15,0.15,0.1,0.15,0.1
13014,13014,Tende,93,Provence-alpes-côte D'azur,0.15,0.15,0.1,0.15,0.1
13015,13015,Tennie,52,Pays De La Loire,0.15,0.15,0.1,0.15,0.1
13016,13016,Tenteling,44,Grand Est,0.15,0.15,0.1,0.15,0.1
13017,13017,Tercis-les-Bains,75,Nouvelle-aquitaine,0.15,0.15,0.1,0.15,0.1
13018,13018,Tercé,75,Nouvelle-aquitaine,0.15,0.15,0.1,0.15,0.1
13019,13019,Terdeghem,32,Hauts-de-france,0.15,0.15,0.1,0.15,0.1
13020,13020,Tergnier,32,Hauts-de-france,0.15,0.15,0.1,0.15,0.1
13021,13021,Terminiers,24,Centre-val De Loire,0.15,0.15,0.1,0.15,0.1
13022,13022,Ternand,84,Auvergne-rhône-alpes,0.15,0.15,0.1,0.15,0.1
13023,13023,Ternay,84,Auvergne-rhône-alpes,0.15,0.15,0.1,0.15,0.1
13024,13024,Ternuay-Melay-et-Saint-Hilaire,27,Bourgogne-franche-comté,0.15,0.15,0.1,0.15,0.1
13025,13025,Terrasson-Lavilledieu,75,Nouvelle-aquitaine,0.15,0.15,0.1,0.15,0.1
13026,13026,Terrats,76,Occitanie,0.15,0.15,0.1,0.15,0.1
13027,13027,Terssac,76,Occitanie,0.15,0.15,0.1,0.15,0.1
13028,13028,Terville,44,Grand Est,0.15,0.15,0.1,0.15,0.1
13029,13029,Tessancourt-sur-Aubette,11,Île-de-france,0.15,0.15,0.1,0.15,0.1
13030,13030,Tesson,75,Nouvelle-aquitaine,0.15,0.15,0.1,0.15,0.1
13031,13031,Tessy-sur-Vire,28,Normandie,0.15,0.15,0.1,0.15,0.1
13032,13032,Teting-sur-Nied,44,Grand Est,0.15,0.15,0.1,0.15,0.1
13033,13033,Teuillac,75,Nouvelle-aquitaine,0.15,0.15,0.1,0.15,0.1
13034,13034,Teurthéville-Bocage,28,Normandie,0.15,0.15,0.1,0.15,0.1
13035,13035,Teurthéville-Hague,28,Normandie,0.15,0.15,0.1,0.15,0.1
13036,13036,Teyran,76,Occitanie,0.15,0.15,0.1,0.15,0.1
13037,13037,Thairé,75,Nouvelle-aquitaine,0.15,0.15,0.1,0.15,0.1
13038,13038,Thal-Marmoutier,44,Grand Est,0.15,0.15,0.1,0.15,0.1
13039,13039,Thann,44,Grand Est,0.15,0.15,0.1,0.15,0.1
13040,13040,Thaon,28,Normandie,0.15,0.15,0.1,0.15,0.1
13041,13041,Thaon-les-Vosges,44,Grand Est,0.15,0.15,0.1,0.15,0.1
13042,13042,Theil-sur-Vanne,27,Bourgogne-franche-comté,0.15,0.15,0.1,0.15,0.1
13043,13043,Theillay,24,Centre-val De Loire,0.15,0.15,0.1,0.15,0.1
13044,13044,Theix,53,Bretagne,0.15,0.15,0.1,0.15,0.1
13045,13045,Theizé,84,Auvergne-rhône-alpes,0.15,0.15,0.1,0.15,0.1
13046,13046,Thenay,24,Centre-val De Loire,0.15,0.15,0.1,0.15,0.1
13047,13047,Thenelles,32,Hauts-de-france,0.15,0.15,0.1,0.15,0.1
13048,13048,Thenon,75,Nouvelle-aquitaine,0.15,0.15,0.1,0.15,0.1
13049,13049,Therdonne,32,Hauts-de-france,0.15,0.15,0.1,0.15,0.1
13050,13050,Theys,84,Auvergne-rhône-alpes,0.15,0.15,0.1,0.15,0.1
13051,13051,Thiais,11,Île-de-france,0.15,0.15,0.1,0.15,0.1
13052,13052,Thiant,32,Hauts-de-france,0.15,0.15,0.1,0.15,0.1
13053,13053,Thiberville,28,Normandie,0.15,0.15,0.1,0.15,0.1
13054,13054,Thiel-sur-Acolin,84,Auvergne-rhône-alpes,0.15,0.15,0.1,0.15,0.1
13055,13055,Thiembronne,32,Hauts-de-france,0.15,0.15,0.1,0.15,0.1
13056,13056,Thiennes,32,Hauts-de-france,0.15,0.15,0.1,0.15,0.1
13057,13057,Thiers,84,Auvergne-rhône-alpes,0.15,0.15,0.1,0.15,0.1
13058,13058,Thiers-sur-Thève,32,Hauts-de-france,0.15,0.15,0.1,0.15,0.1
13059,13059,Thierville-sur-Meuse,44,Grand Est,0.15,0.15,0.1,0.15,0.1
13060,13060,Thiescourt,32,Hauts-de-france,0.15,0.15,0.1,0.15,0.1
13061,13061,Thieux,32,Hauts-de-france,0.15,0.15,0.1,0.15,0.1
13062,13062,Thil,84,Auvergne-rhône-alpes,0.15,0.15,0.1,0.15,0.1
13063,13063,Thilay,44,Grand Est,0.15,0.15,0.1,0.15,0.1
13064,13064,Thilouze,24,Centre-val De Loire,0.15,0.15,0.1,0.15,0.1
13065,13065,Thimory,24,Centre-val De Loire,0.15,0.15,0.1,0.15,0.1
13066,13066,Thionville,44,Grand Est,0.15,0.15,0.1,0.15,0.1
13067,13067,Thiron Gardais,24,Centre-val De Loire,0.15,0.15,0.1,0.15,0.1
13068,13068,Thise,27,Bourgogne-franche-comté,0.15,0.15,0.1,0.15,0.1
13069,13069,Thivars,24,Centre-val De Loire,0.15,0.15,0.1,0.15,0.1
13070,13070,Thivencelle,32,Hauts-de-france,0.15,0.15,0.1,0.15,0.1
13071,13071,Thiverny,32,Hauts-de-france,0.15,0.15,0.1,0.15,0.1
13072,13072,Thiverval-Grignon,11,Île-de-france,0.15,0.15,0.1,0.15,0.1
13073,13073,Thiviers,75,Nouvelle-aquitaine,0.15,0.15,0.1,0.15,0.1
13074,13074,Thizy-les-Bourgs,84,Auvergne-rhône-alpes,0.15,0.15,0.1,0.15,0.1
13075,13075,Thiéblemont-Farémont,44,Grand Est,0.15,0.15,0.1,0.15,0.1
13076,13076,Thiéfosse,44,Grand Est,0.15,0.15,0.1,0.15,0.1
13077,13077,Thiézac,84,Auvergne-rhône-alpes,0.15,0.15,0.1,0.15,0.1
13078,13078,Thoard,93,Provence-alpes-côte D'azur,0.15,0.15,0.1,0.15,0.1
13079,13079,Thodure,84,Auvergne-rhône-alpes,0.15,0.15,0.1,0.15,0.1
13080,13080,Thoirette,27,Bourgogne-franche-comté,0.15,0.15,0.1,0.15,0.1
13081,13081,Thoiry,84,Auvergne-rhône-alpes,0.15,0.15,0.1,0.15,0.1
13082,13082,Thoissey,84,Auvergne-rhône-alpes,0.15,0.15,0.1,0.15,0.1
13083,13083,Thollon-les-Mémises,84,Auvergne-rhône-alpes,0.15,0.15,0.1,0.15,0.1
13084,13084,Thomery,11,Île-de-france,0.15,0.15,0.1,0.15,0.1
13085,13085,Thonnance-lès-Joinville,44,Grand Est,0.15,0.15,0.1,0.15,0.1
13086,13086,Thonon-les-Bains,84,Auvergne-rhône-alpes,0.15,0.15,0.1,0.15,0.1
13087,13087,Thorens-Glières,84,Auvergne-rhône-alpes,0.15,0.15,0.1,0.15,0.1
13088,13088,Thorey-en-Plaine,27,Bourgogne-franche-comté,0.15,0.15,0.1,0.15,0.1
13089,13089,Thorigny,52,Pays De La Loire,0.15,0.15,0.1,0.15,0.1
13090,13090,Thorigny-sur-Marne,11,Île-de-france,0.15,0.15,0.1,0.15,0.1
13091,13091,Thorigny-sur-Oreuse,27,Bourgogne-franche-comté,0.15,0.15,0.1,0.15,0.1
13092,13092,Thorigné,75,Nouvelle-aquitaine,0.15,0.15,0.1,0.15,0.1
13093,13093,Thorigné-sur-Dué,52,Pays De La Loire,0.15,0.15,0.1,0.15,0.1
13094,13094,Thoré-la-Rochette,24,Centre-val De Loire,0.15,0.15,0.1,0.15,0.1
13095,13095,Thorée-les-Pins,52,Pays De La Loire,0.15,0.15,0.1,0.15,0.1
13096,13096,Thouarcé,52,Pays De La Loire,0.15,0.15,0.1,0.15,0.1
13097,13097,Thouars,75,Nouvelle-aquitaine,0.15,0.15,0.1,0.15,0.1
13098,13098,Thouarsais-Bouildroux,52,Pays De La Loire,0.15,0.15,0.1,0.15,0.1
13099,13099,Thouaré-sur-Loire,52,Pays De La Loire,0.15,0.15,0.1,0.15,0.1
13100,13100,Thourie,53,Bretagne,0.15,0.15,0.1,0.15,0.1
13101,13101,Thourotte,32,Hauts-de-france,0.15,0.15,0.1,0.15,0.1
13102,13102,Thoury-Férottes,11,Île-de-france,0.15,0.15,0.1,0.15,0.1
13103,13103,Thuellin,,MISSING,0.15,0.15,0.1,0.15,0.1
13104,13104,Thueyts,84,Auvergne-rhône-alpes,0.15,0.15,0.1,0.15,0.1
13105,13105,Thuilley-aux-Groseilles,44,Grand Est,0.15,0.15,0.1,0.15,0.1
13106,13106,Thuir,76,Occitanie,0.15,0.15,0.1,0.15,0.1
13107,13107,Thumeries,32,Hauts-de-france,0.15,0.15,0.1,0.15,0.1
13108,13108,Thun-Saint-Amand,32,Hauts-de-france,0.15,0.15,0.1,0.15,0.1
13109,13109,Thurageau,75,Nouvelle-aquitaine,0.15,0.15,0.1,0.15,0.1
13110,13110,Thuret,84,Auvergne-rhône-alpes,0.15,0.15,0.1,0.15,0.1
13111,13111,Thurins,84,Auvergne-rhône-alpes,0.15,0.15,0.1,0.15,0.1
13112,13112,Thury-Harcourt,28,Normandie,0.15,0.15,0.1,0.15,0.1
13113,13113,Thury-sous-Clermont,32,Hauts-de-france,0.15,0.15,0.1,0.15,0.1
13114,13114,Thuré,75,Nouvelle-aquitaine,0.15,0.15,0.1,0.15,0.1
13115,13115,Thusy,84,Auvergne-rhône-alpes,0.15,0.15,0.1,0.15,0.1
13116,13116,Thyez,84,Auvergne-rhône-alpes,0.15,0.15,0.1,0.15,0.1
13117,13117,Thèze,93,Provence-alpes-côte D'azur,0.15,0.15,0.1,0.15,0.1
13118,13118,Théding,44,Grand Est,0.15,0.15,0.1,0.15,0.1
13119,13119,Théhillac,53,Bretagne,0.15,0.15,0.1,0.15,0.1
13120,13120,Thélus,32,Hauts-de-france,0.15,0.15,0.1,0.15,0.1
13121,13121,Thénac,75,Nouvelle-aquitaine,0.15,0.15,0.1,0.15,0.1
13122,13122,Thénezay,75,Nouvelle-aquitaine,0.15,0.15,0.1,0.15,0.1
13123,13123,Thénioux,24,Centre-val De Loire,0.15,0.15,0.1,0.15,0.1
13124,13124,Théoule-sur-Mer,93,Provence-alpes-côte D'azur,0.15,0.15,0.1,0.15,0.1
13125,13125,Thérouanne,32,Hauts-de-france,0.15,0.15,0.1,0.15,0.1
13126,13126,Thésée,24,Centre-val De Loire,0.15,0.15,0.1,0.15,0.1
13127,13127,Théza,76,Occitanie,0.15,0.15,0.1,0.15,0.1
13128,13128,Thézan-des-Corbières,76,Occitanie,0.15,0.15,0.1,0.15,0.1
13129,13129,Thézan-lès-Béziers,76,Occitanie,0.15,0.15,0.1,0.15,0.1
13130,13130,Théziers,76,Occitanie,0.15,0.15,0.1,0.15,0.1
13131,13131,Thônes,84,Auvergne-rhône-alpes,0.15,0.15,0.1,0.15,0.1
13132,13132,Tiercelet,44,Grand Est,0.15,0.15,0.1,0.15,0.1
13133,13133,Tiercé,52,Pays De La Loire,0.15,0.15,0.1,0.15,0.1
13134,13134,Tiffauges,52,Pays De La Loire,0.15,0.15,0.1,0.15,0.1
13135,13135,Tigery,11,Île-de-france,0.15,0.15,0.1,0.15,0.1
13136,13136,Tignes,84,Auvergne-rhône-alpes,0.15,0.15,0.1,0.15,0.1
13137,13137,Tignieu,,MISSING,0.15,0.15,0.1,0.15,0.1
13138,13138,Tigné,52,Pays De La Loire,0.15,0.15,0.1,0.15,0.1
13139,13139,Tigy,24,Centre-val De Loire,0.15,0.15,0.1,0.15,0.1
13140,13140,Til-Châtel,27,Bourgogne-franche-comté,0.15,0.15,0.1,0.15,0.1
13141,13141,Tilh,75,Nouvelle-aquitaine,0.15,0.15,0.1,0.15,0.1
13142,13142,Tillenay,27,Bourgogne-franche-comté,0.15,0.15,0.1,0.15,0.1
13143,13143,Tillières,52,Pays De La Loire,0.15,0.15,0.1,0.15,0.1
13144,13144,Tillières-sur-Avre,28,Normandie,0.15,0.15,0.1,0.15,0.1
13145,13145,Tilloy-lez-Cambrai,32,Hauts-de-france,0.15,0.15,0.1,0.15,0.1
13146,13146,Tilloy-lès-Mofflaines,32,Hauts-de-france,0.15,0.15,0.1,0.15,0.1
13147,13147,Tilly,28,Normandie,0.15,0.15,0.1,0.15,0.1
13148,13148,Tilly-sur-Seulles,28,Normandie,0.15,0.15,0.1,0.15,0.1
13149,13149,Tillé,32,Hauts-de-france,0.15,0.15,0.1,0.15,0.1
13150,13150,Tilques,32,Hauts-de-france,0.15,0.15,0.1,0.15,0.1
13151,13151,Tinchebray,28,Normandie,0.15,0.15,0.1,0.15,0.1
13152,13152,Tincques,32,Hauts-de-france,0.15,0.15,0.1,0.15,0.1
13153,13153,Tinqueux,44,Grand Est,0.15,0.15,0.1,0.15,0.1
13154,13154,Tinténiac,53,Bretagne,0.15,0.15,0.1,0.15,0.1
13155,13155,Tirepied,28,Normandie,0.15,0.15,0.1,0.15,0.1
13156,13156,Tocane-Saint-Apre,75,Nouvelle-aquitaine,0.15,0.15,0.1,0.15,0.1
13157,13157,Tollevast,28,Normandie,0.15,0.15,0.1,0.15,0.1
13158,13158,Tomblaine,44,Grand Est,0.15,0.15,0.1,0.15,0.1
13159,13159,Tonnay-Boutonne,75,Nouvelle-aquitaine,0.15,0.15,0.1,0.15,0.1
13160,13160,Tonnay-Charente,75,Nouvelle-aquitaine,0.15,0.15,0.1,0.15,0.1
13161,13161,Tonneins,75,Nouvelle-aquitaine,0.15,0.15,0.1,0.15,0.1
13162,13162,Tonnerre,27,Bourgogne-franche-comté,0.15,0.15,0.1,0.15,0.1
13163,13163,Tonneville,28,Normandie,0.15,0.15,0.1,0.15,0.1
13164,13164,Tonnoy,44,Grand Est,0.15,0.15,0.1,0.15,0.1
13165,13165,Tonquédec,53,Bretagne,0.15,0.15,0.1,0.15,0.1
13166,13166,Torcenay,44,Grand Est,0.15,0.15,0.1,0.15,0.1
13167,13167,Torcieu,84,Auvergne-rhône-alpes,0.15,0.15,0.1,0.15,0.1
13168,13168,Torcy,32,Hauts-de-france,0.15,0.15,0.1,0.15,0.1
13169,13169,Torcy-le-Grand,44,Grand Est,0.15,0.15,0.1,0.15,0.1
13170,13170,Torcé,53,Bretagne,0.15,0.15,0.1,0.15,0.1
13171,13171,Torcé-Viviers-en-Charnie,52,Pays De La Loire,0.15,0.15,0.1,0.15,0.1
13172,13172,Torcé-en-Vallée,52,Pays De La Loire,0.15,0.15,0.1,0.15,0.1
13173,13173,Torfou,52,Pays De La Loire,0.15,0.15,0.1,0.15,0.1
13174,13174,Torigni-sur-Vire,28,Normandie,0.15,0.15,0.1,0.15,0.1
13175,13175,Tornac,76,Occitanie,0.15,0.15,0.1,0.15,0.1
13176,13176,Torpes,27,Bourgogne-franche-comté,0.15,0.15,0.1,0.15,0.1
13177,13177,Torreilles,76,Occitanie,0.15,0.15,0.1,0.15,0.1
13178,13178,Torsac,75,Nouvelle-aquitaine,0.15,0.15,0.1,0.15,0.1
13179,13179,Tortequesne,32,Hauts-de-france,0.15,0.15,0.1,0.15,0.1
13180,13180,Torteron,24,Centre-val De Loire,0.15,0.15,0.1,0.15,0.1
13181,13181,Torvilliers,44,Grand Est,0.15,0.15,0.1,0.15,0.1
13182,13182,Tosny,28,Normandie,0.15,0.15,0.1,0.15,0.1
13183,13183,Tosse,75,Nouvelle-aquitaine,0.15,0.15,0.1,0.15,0.1
13184,13184,Tossiat,84,Auvergne-rhône-alpes,0.15,0.15,0.1,0.15,0.1
13185,13185,Toucy,27,Bourgogne-franche-comté,0.15,0.15,0.1,0.15,0.1
13186,13186,Toufflers,32,Hauts-de-france,0.15,0.15,0.1,0.15,0.1
13187,13187,Touffreville-la-Corbeline,28,Normandie,0.15,0.15,0.1,0.15,0.1
13188,13188,Touget,76,Occitanie,0.15,0.15,0.1,0.15,0.1
13189,13189,Toul,44,Grand Est,0.15,0.15,0.1,0.15,0.1
13190,13190,Toulaud,84,Auvergne-rhône-alpes,0.15,0.15,0.1,0.15,0.1
13191,13191,Toulenne,75,Nouvelle-aquitaine,0.15,0.15,0.1,0.15,0.1
13192,13192,Toulon,93,Provence-alpes-côte D'azur,0.15,0.15,0.1,0.15,0.1
13193,13193,Toulon-sur-Allier,84,Auvergne-rhône-alpes,0.15,0.15,0.1,0.15,0.1
13194,13194,Toulon-sur-Arroux,27,Bourgogne-franche-comté,0.15,0.15,0.1,0.15,0.1
13195,13195,Toulonjac,76,Occitanie,0.15,0.15,0.1,0.15,0.1
13196,13196,Toulouges,76,Occitanie,0.15,0.15,0.1,0.15,0.1
13197,13197,Toulouse,76,Occitanie,0.15,0.15,0.1,0.15,0.1
13198,13198,Touques,28,Normandie,0.15,0.15,0.1,0.15,0.1
13199,13199,Touquin,11,Île-de-france,0.15,0.15,0.1,0.15,0.1
13200,13200,Tour-en-Bessin,28,Normandie,0.15,0.15,0.1,0.15,0.1
13201,13201,Tour-en-Sologne,24,Centre-val De Loire,0.15,0.15,0.1,0.15,0.1
13202,13202,Tourbes,76,Occitanie,0.15,0.15,0.1,0.15,0.1
13203,13203,Tourch,53,Bretagne,0.15,0.15,0.1,0.15,0.1
13204,13204,Tourcoing,32,Hauts-de-france,0.15,0.15,0.1,0.15,0.1
13205,13205,Tourgeville,28,Normandie,0.15,0.15,0.1,0.15,0.1
13206,13206,Tourlaville,28,Normandie,0.15,0.15,0.1,0.15,0.1
13207,13207,Tourmignies,32,Hauts-de-france,0.15,0.15,0.1,0.15,0.1
13208,13208,Tournan-en-Brie,11,Île-de-france,0.15,0.15,0.1,0.15,0.1
13209,13209,Tournay,76,Occitanie,0.15,0.15,0.1,0.15,0.1
13210,13210,Tournefeuille,76,Occitanie,0.15,0.15,0.1,0.15,0.1
13211,13211,Tournehem-sur-la-Hem,32,Hauts-de-france,0.15,0.15,0.1,0.15,0.1
13212,13212,Tournes,44,Grand Est,0.15,0.15,0.1,0.15,0.1
13213,13213,Tournon-Saint-Martin,24,Centre-val De Loire,0.15,0.15,0.1,0.15,0.1
13214,13214,Tournon-Saint-Pierre,24,Centre-val De Loire,0.15,0.15,0.1,0.15,0.1
13215,13215,Tournon-sur-Rhône,84,Auvergne-rhône-alpes,0.15,0.15,0.1,0.15,0.1
13216,13216,Tournus,27,Bourgogne-franche-comté,0.15,0.15,0.1,0.15,0.1
13217,13217,Tourny,28,Normandie,0.15,0.15,0.1,0.15,0.1
13218,13218,Tourouvre,28,Normandie,0.15,0.15,0.1,0.15,0.1
13219,13219,Tourrette-Levens,93,Provence-alpes-côte D'azur,0.15,0.15,0.1,0.15,0.1
13220,13220,Tourrettes-sur-Loup,93,Provence-alpes-côte D'azur,0.15,0.15,0.1,0.15,0.1
13221,13221,Tourriers,75,Nouvelle-aquitaine,0.15,0.15,0.1,0.15,0.1
13222,13222,Tours,24,Centre-val De Loire,0.15,0.15,0.1,0.15,0.1
13223,13223,Tours-en-Savoie,84,Auvergne-rhône-alpes,0.15,0.15,0.1,0.15,0.1
13224,13224,Tours-en-Vimeu,32,Hauts-de-france,0.15,0.15,0.1,0.15,0.1
13225,13225,Tours-sur-Marne,44,Grand Est,0.15,0.15,0.1,0.15,0.1
13226,13226,Tours-sur-Meymont,84,Auvergne-rhône-alpes,0.15,0.15,0.1,0.15,0.1
13227,13227,Tourtoirac,75,Nouvelle-aquitaine,0.15,0.15,0.1,0.15,0.1
13228,13228,Tourtour,93,Provence-alpes-côte D'azur,0.15,0.15,0.1,0.15,0.1
13229,13229,Tourves,93,Provence-alpes-côte D'azur,0.15,0.15,0.1,0.15,0.1
13230,13230,Tourville-la-Campagne,28,Normandie,0.15,0.15,0.1,0.15,0.1
13231,13231,Tourville-la-Rivière,28,Normandie,0.15,0.15,0.1,0.15,0.1
13232,13232,Tourville-les-Ifs,28,Normandie,0.15,0.15,0.1,0.15,0.1
13233,13233,Tourville-sur-Arques,28,Normandie,0.15,0.15,0.1,0.15,0.1
13234,13234,Tourville-sur-Odon,28,Normandie,0.15,0.15,0.1,0.15,0.1
13235,13235,Tourville-sur-Pont-Audemer,28,Normandie,0.15,0.15,0.1,0.15,0.1
13236,13236,Tourville-sur-Sienne,28,Normandie,0.15,0.15,0.1,0.15,0.1
13237,13237,Toury,24,Centre-val De Loire,0.15,0.15,0.1,0.15,0.1
13238,13238,Toussaint,28,Normandie,0.15,0.15,0.1,0.15,0.1
13239,13239,Toussieu,84,Auvergne-rhône-alpes,0.15,0.15,0.1,0.15,0.1
13240,13240,Toussieux,84,Auvergne-rhône-alpes,0.15,0.15,0.1,0.15,0.1
13241,13241,Toussus-le-Noble,11,Île-de-france,0.15,0.15,0.1,0.15,0.1
13242,13242,Toutainville,28,Normandie,0.15,0.15,0.1,0.15,0.1
13243,13243,Toutlemonde,52,Pays De La Loire,0.15,0.15,0.1,0.15,0.1
13244,13244,Touvois,52,Pays De La Loire,0.15,0.15,0.1,0.15,0.1
13245,13245,Touvre,75,Nouvelle-aquitaine,0.15,0.15,0.1,0.15,0.1
13246,13246,Touvérac,75,Nouvelle-aquitaine,0.15,0.15,0.1,0.15,0.1
13247,13247,Tracy-le-Mont,32,Hauts-de-france,0.15,0.15,0.1,0.15,0.1
13248,13248,Tracy-le-Val,32,Hauts-de-france,0.15,0.15,0.1,0.15,0.1
13249,13249,Tracy-sur-Loire,27,Bourgogne-franche-comté,0.15,0.15,0.1,0.15,0.1
13250,13250,Traenheim,44,Grand Est,0.15,0.15,0.1,0.15,0.1
13251,13251,Tramain,53,Bretagne,0.15,0.15,0.1,0.15,0.1
13252,13252,Tramayes,27,Bourgogne-franche-comté,0.15,0.15,0.1,0.15,0.1
13253,13253,Tramolé,84,Auvergne-rhône-alpes,0.15,0.15,0.1,0.15,0.1
13254,13254,Tramoyes,84,Auvergne-rhône-alpes,0.15,0.15,0.1,0.15,0.1
13255,13255,Trangé,52,Pays De La Loire,0.15,0.15,0.1,0.15,0.1
13256,13256,Trans-en-Provence,93,Provence-alpes-côte D'azur,0.15,0.15,0.1,0.15,0.1
13257,13257,Trans-la-Forêt,53,Bretagne,0.15,0.15,0.1,0.15,0.1
13258,13258,Trans-sur-Erdre,52,Pays De La Loire,0.15,0.15,0.1,0.15,0.1
13259,13259,Trappes,11,Île-de-france,0.15,0.15,0.1,0.15,0.1
13260,13260,Travaillan,93,Provence-alpes-côte D'azur,0.15,0.15,0.1,0.15,0.1
13261,13261,Travecy,32,Hauts-de-france,0.15,0.15,0.1,0.15,0.1
13262,13262,Traînel,44,Grand Est,0.15,0.15,0.1,0.15,0.1
13263,13263,Traînou,24,Centre-val De Loire,0.15,0.15,0.1,0.15,0.1
13264,13264,Treffendel,53,Bretagne,0.15,0.15,0.1,0.15,0.1
13265,13265,Treffiagat,53,Bretagne,0.15,0.15,0.1,0.15,0.1
13266,13266,Treffieux,52,Pays De La Loire,0.15,0.15,0.1,0.15,0.1
13267,13267,Treffléan,53,Bretagne,0.15,0.15,0.1,0.15,0.1
13268,13268,Treffort-Cuisiat,84,Auvergne-rhône-alpes,0.15,0.15,0.1,0.15,0.1
13269,13269,Treffrin,53,Bretagne,0.15,0.15,0.1,0.15,0.1
13270,13270,Treignac,75,Nouvelle-aquitaine,0.15,0.15,0.1,0.15,0.1
13271,13271,Treigny,27,Bourgogne-franche-comté,0.15,0.15,0.1,0.15,0.1
13272,13272,Treillières,52,Pays De La Loire,0.15,0.15,0.1,0.15,0.1
13273,13273,Treize-Septiers,52,Pays De La Loire,0.15,0.15,0.1,0.15,0.1
13274,13274,Treize-Vents,52,Pays De La Loire,0.15,0.15,0.1,0.15,0.1
13275,13275,Trelins,84,Auvergne-rhône-alpes,0.15,0.15,0.1,0.15,0.1
13276,13276,Trelly,28,Normandie,0.15,0.15,0.1,0.15,0.1
13277,13277,Tremblay,53,Bretagne,0.15,0.15,0.1,0.15,0.1
13278,13278,Tremblay-en-France,11,Île-de-france,0.15,0.15,0.1,0.15,0.1
13279,13279,Trentels,75,Nouvelle-aquitaine,0.15,0.15,0.1,0.15,0.1
13280,13280,Trept,84,Auvergne-rhône-alpes,0.15,0.15,0.1,0.15,0.1
13281,13281,Tresbœuf,53,Bretagne,0.15,0.15,0.1,0.15,0.1
13282,13282,Trespoux-Rassiels,76,Occitanie,0.15,0.15,0.1,0.15,0.1
13283,13283,Tresques,76,Occitanie,0.15,0.15,0.1,0.15,0.1
13284,13284,Tressange,44,Grand Est,0.15,0.15,0.1,0.15,0.1
13285,13285,Tresserre,76,Occitanie,0.15,0.15,0.1,0.15,0.1
13286,13286,Tresserve,84,Auvergne-rhône-alpes,0.15,0.15,0.1,0.15,0.1
13287,13287,Tresses,75,Nouvelle-aquitaine,0.15,0.15,0.1,0.15,0.1
13288,13288,Tressignaux,53,Bretagne,0.15,0.15,0.1,0.15,0.1
13289,13289,Tressin,32,Hauts-de-france,0.15,0.15,0.1,0.15,0.1
13290,13290,Treteau,84,Auvergne-rhône-alpes,0.15,0.15,0.1,0.15,0.1
13291,13291,Trets,93,Provence-alpes-côte D'azur,0.15,0.15,0.1,0.15,0.1
13292,13292,Triaize,52,Pays De La Loire,0.15,0.15,0.1,0.15,0.1
13293,13293,Tribehou,28,Normandie,0.15,0.15,0.1,0.15,0.1
13294,13294,Tricot,32,Hauts-de-france,0.15,0.15,0.1,0.15,0.1
13295,13295,Trie-Château,32,Hauts-de-france,0.15,0.15,0.1,0.15,0.1
13296,13296,Trie-sur-Baïse,76,Occitanie,0.15,0.15,0.1,0.15,0.1
13297,13297,Triel-sur-Seine,11,Île-de-france,0.15,0.15,0.1,0.15,0.1
13298,13298,Trieux,44,Grand Est,0.15,0.15,0.1,0.15,0.1
13299,13299,Trignac,52,Pays De La Loire,0.15,0.15,0.1,0.15,0.1
13300,13300,Trigny,44,Grand Est,0.15,0.15,0.1,0.15,0.1
13301,13301,Triguères,24,Centre-val De Loire,0.15,0.15,0.1,0.15,0.1
13302,13302,Trilbardou,11,Île-de-france,0.15,0.15,0.1,0.15,0.1
13303,13303,Trilport,11,Île-de-france,0.15,0.15,0.1,0.15,0.1
13304,13304,Trith-Saint-Léger,32,Hauts-de-france,0.15,0.15,0.1,0.15,0.1
13305,13305,Trizac,84,Auvergne-rhône-alpes,0.15,0.15,0.1,0.15,0.1
13306,13306,Trizay,75,Nouvelle-aquitaine,0.15,0.15,0.1,0.15,0.1
13307,13307,Troarn,28,Normandie,0.15,0.15,0.1,0.15,0.1
13308,13308,Troche,75,Nouvelle-aquitaine,0.15,0.15,0.1,0.15,0.1
13309,13309,Trois-Palis,75,Nouvelle-aquitaine,0.15,0.15,0.1,0.15,0.1
13310,13310,Troissereux,32,Hauts-de-france,0.15,0.15,0.1,0.15,0.1
13311,13311,Troissy,44,Grand Est,0.15,0.15,0.1,0.15,0.1
13312,13312,Troisvilles,32,Hauts-de-france,0.15,0.15,0.1,0.15,0.1
13313,13313,Trondes,44,Grand Est,0.15,0.15,0.1,0.15,0.1
13314,13314,Tronget,84,Auvergne-rhône-alpes,0.15,0.15,0.1,0.15,0.1
13315,13315,Tronville-en-Barrois,44,Grand Est,0.15,0.15,0.1,0.15,0.1
13316,13316,Trosly-Breuil,32,Hauts-de-france,0.15,0.15,0.1,0.15,0.1
13317,13317,Trosly-Loire,32,Hauts-de-france,0.15,0.15,0.1,0.15,0.1
13318,13318,Trouhans,27,Bourgogne-franche-comté,0.15,0.15,0.1,0.15,0.1
13319,13319,Trouillas,76,Occitanie,0.15,0.15,0.1,0.15,0.1
13320,13320,Trouville,28,Normandie,0.15,0.15,0.1,0.15,0.1
13321,13321,Trouville-la-Haule,28,Normandie,0.15,0.15,0.1,0.15,0.1
13322,13322,Trouville-sur-Mer,28,Normandie,0.15,0.15,0.1,0.15,0.1
13323,13323,Trouy,24,Centre-val De Loire,0.15,0.15,0.1,0.15,0.1
13324,13324,Troyes,44,Grand Est,0.15,0.15,0.1,0.15,0.1
13325,13325,Truchtersheim,44,Grand Est,0.15,0.15,0.1,0.15,0.1
13326,13326,Trumilly,32,Hauts-de-france,0.15,0.15,0.1,0.15,0.1
13327,13327,Trun,28,Normandie,0.15,0.15,0.1,0.15,0.1
13328,13328,Truttemer-le-Grand,28,Normandie,0.15,0.15,0.1,0.15,0.1
13329,13329,Truyes,24,Centre-val De Loire,0.15,0.15,0.1,0.15,0.1
13330,13330,Trèbes,76,Occitanie,0.15,0.15,0.1,0.15,0.1
13331,13331,Trèves,84,Auvergne-rhône-alpes,0.15,0.15,0.1,0.15,0.1
13332,13332,Tréal,53,Bretagne,0.15,0.15,0.1,0.15,0.1
13333,13333,Tréauville,28,Normandie,0.15,0.15,0.1,0.15,0.1
13334,13334,Trébeurden,53,Bretagne,0.15,0.15,0.1,0.15,0.1
13335,13335,Trébons,76,Occitanie,0.15,0.15,0.1,0.15,0.1
13336,13336,Trébrivan,53,Bretagne,0.15,0.15,0.1,0.15,0.1
13337,13337,Trébry,53,Bretagne,0.15,0.15,0.1,0.15,0.1
13338,13338,Trédaniel,53,Bretagne,0.15,0.15,0.1,0.15,0.1
13339,13339,Trédarzec,53,Bretagne,0.15,0.15,0.1,0.15,0.1
13340,13340,Trédion,53,Bretagne,0.15,0.15,0.1,0.15,0.1
13341,13341,Trédrez-Locquémeau,53,Bretagne,0.15,0.15,0.1,0.15,0.1
13342,13342,Tréflez,53,Bretagne,0.15,0.15,0.1,0.15,0.1
13343,13343,Trégastel,53,Bretagne,0.15,0.15,0.1,0.15,0.1
13344,13344,Tréglamus,53,Bretagne,0.15,0.15,0.1,0.15,0.1
13345,13345,Tréglonou,53,Bretagne,0.15,0.15,0.1,0.15,0.1
13346,13346,Trégomeur,53,Bretagne,0.15,0.15,0.1,0.15,0.1
13347,13347,Trégourez,53,Bretagne,0.15,0.15,0.1,0.15,0.1
13348,13348,Tréguidel,53,Bretagne,0.15,0.15,0.1,0.15,0.1
13349,13349,Tréguier,53,Bretagne,0.15,0.15,0.1,0.15,0.1
13350,13350,Trégunc,53,Bretagne,0.15,0.15,0.1,0.15,0.1
13351,13351,Trélazé,52,Pays De La Loire,0.15,0.15,0.1,0.15,0.1
13352,13352,Trélissac,75,Nouvelle-aquitaine,0.15,0.15,0.1,0.15,0.1
13353,13353,Trélivan,53,Bretagne,0.15,0.15,0.1,0.15,0.1
13354,13354,Trélon,32,Hauts-de-france,0.15,0.15,0.1,0.15,0.1
13355,13355,Trélévern,53,Bretagne,0.15,0.15,0.1,0.15,0.1
13356,13356,Trémentines,52,Pays De La Loire,0.15,0.15,0.1,0.15,0.1
13357,13357,Trémery,44,Grand Est,0.15,0.15,0.1,0.15,0.1
13358,13358,Trémeur,53,Bretagne,0.15,0.15,0.1,0.15,0.1
13359,13359,Trémolat,75,Nouvelle-aquitaine,0.15,0.15,0.1,0.15,0.1
13360,13360,Trémont-sur-Saulx,44,Grand Est,0.15,0.15,0.1,0.15,0.1
13361,13361,Trémorel,53,Bretagne,0.15,0.15,0.1,0.15,0.1
13362,13362,Trémouilles,76,Occitanie,0.15,0.15,0.1,0.15,0.1
13363,13363,Trémuson,53,Bretagne,0.15,0.15,0.1,0.15,0.1
13364,13364,Tréméoc,53,Bretagne,0.15,0.15,0.1,0.15,0.1
13365,13365,Tréméreuc,53,Bretagne,0.15,0.15,0.1,0.15,0.1
13366,13366,Tréméven,53,Bretagne,0.15,0.15,0.1,0.15,0.1
13367,13367,Tréon,24,Centre-val De Loire,0.15,0.15,0.1,0.15,0.1
13368,13368,Tréveneuc,53,Bretagne,0.15,0.15,0.1,0.15,0.1
13369,13369,Tréveray,44,Grand Est,0.15,0.15,0.1,0.15,0.1
13370,13370,Trévignin,84,Auvergne-rhône-alpes,0.15,0.15,0.1,0.15,0.1
13371,13371,Trévières,28,Normandie,0.15,0.15,0.1,0.15,0.1
13372,13372,Trévol,84,Auvergne-rhône-alpes,0.15,0.15,0.1,0.15,0.1
13373,13373,Trévou-Tréguignec,53,Bretagne,0.15,0.15,0.1,0.15,0.1
13374,13374,Trévoux,84,Auvergne-rhône-alpes,0.15,0.15,0.1,0.15,0.1
13375,13375,Trévron,53,Bretagne,0.15,0.15,0.1,0.15,0.1
13376,13376,Trévé,53,Bretagne,0.15,0.15,0.1,0.15,0.1
13377,13377,Trévérien,53,Bretagne,0.15,0.15,0.1,0.15,0.1
13378,13378,Tuchan,76,Occitanie,0.15,0.15,0.1,0.15,0.1
13379,13379,Tucquegnieux,44,Grand Est,0.15,0.15,0.1,0.15,0.1
13380,13380,Tuffé,52,Pays De La Loire,0.15,0.15,0.1,0.15,0.1
13381,13381,Tulette,84,Auvergne-rhône-alpes,0.15,0.15,0.1,0.15,0.1
13382,13382,Tulle,75,Nouvelle-aquitaine,0.15,0.15,0.1,0.15,0.1
13383,13383,Tullins,84,Auvergne-rhône-alpes,0.15,0.15,0.1,0.15,0.1
13384,13384,Tully,32,Hauts-de-france,0.15,0.15,0.1,0.15,0.1
13385,13385,Turckheim,44,Grand Est,0.15,0.15,0.1,0.15,0.1
13386,13386,Turenne,75,Nouvelle-aquitaine,0.15,0.15,0.1,0.15,0.1
13387,13387,Turny,27,Bourgogne-franche-comté,0.15,0.15,0.1,0.15,0.1
13388,13388,Turretot,28,Normandie,0.15,0.15,0.1,0.15,0.1
13389,13389,Técou,76,Occitanie,0.15,0.15,0.1,0.15,0.1
13390,13390,Téteghem,32,Hauts-de-france,0.15,0.15,0.1,0.15,0.1
13391,13391,Téterchen,44,Grand Est,0.15,0.15,0.1,0.15,0.1
13392,13392,Têche,84,Auvergne-rhône-alpes,0.15,0.15,0.1,0.15,0.1
13393,13393,Tôtes,28,Normandie,0.15,0.15,0.1,0.15,0.1
13394,13394,Uberach,44,Grand Est,0.15,0.15,0.1,0.15,0.1
13395,13395,Uchacq-et-Parentis,75,Nouvelle-aquitaine,0.15,0.15,0.1,0.15,0.1
13396,13396,Uchaud,76,Occitanie,0.15,0.15,0.1,0.15,0.1
13397,13397,Uchaux,93,Provence-alpes-côte D'azur,0.15,0.15,0.1,0.15,0.1
13398,13398,Uchizy,27,Bourgogne-franche-comté,0.15,0.15,0.1,0.15,0.1
13399,13399,Uckange,44,Grand Est,0.15,0.15,0.1,0.15,0.1
13400,13400,Uffheim,44,Grand Est,0.15,0.15,0.1,0.15,0.1
13401,13401,Uffholtz,44,Grand Est,0.15,0.15,0.1,0.15,0.1
13402,13402,Ugine,84,Auvergne-rhône-alpes,0.15,0.15,0.1,0.15,0.1
13403,13403,Ugny,44,Grand Est,0.15,0.15,0.1,0.15,0.1
13404,13404,Uhart-Cize,75,Nouvelle-aquitaine,0.15,0.15,0.1,0.15,0.1
13405,13405,Uhlwiller,44,Grand Est,0.15,0.15,0.1,0.15,0.1
13406,13406,Uhrwiller,44,Grand Est,0.15,0.15,0.1,0.15,0.1
13407,13407,Ully-Saint-Georges,32,Hauts-de-france,0.15,0.15,0.1,0.15,0.1
13408,13408,Ungersheim,44,Grand Est,0.15,0.15,0.1,0.15,0.1
13409,13409,Unieux,84,Auvergne-rhône-alpes,0.15,0.15,0.1,0.15,0.1
13410,13410,Unverre,24,Centre-val De Loire,0.15,0.15,0.1,0.15,0.1
13411,13411,Upie,84,Auvergne-rhône-alpes,0.15,0.15,0.1,0.15,0.1
13412,13412,Urcel,32,Hauts-de-france,0.15,0.15,0.1,0.15,0.1
13413,13413,Urcuit,75,Nouvelle-aquitaine,0.15,0.15,0.1,0.15,0.1
13414,13414,Uriménil,44,Grand Est,0.15,0.15,0.1,0.15,0.1
13415,13415,Urmatt,44,Grand Est,0.15,0.15,0.1,0.15,0.1
13416,13416,Urou-et-Crennes,28,Normandie,0.15,0.15,0.1,0.15,0.1
13417,13417,Urrugne,75,Nouvelle-aquitaine,0.15,0.15,0.1,0.15,0.1
13418,13418,Urschenheim,44,Grand Est,0.15,0.15,0.1,0.15,0.1
13419,13419,Urt,75,Nouvelle-aquitaine,0.15,0.15,0.1,0.15,0.1
13420,13420,Urville-Nacqueville,28,Normandie,0.15,0.15,0.1,0.15,0.1
13421,13421,Urvillers,32,Hauts-de-france,0.15,0.15,0.1,0.15,0.1
13422,13422,Ury,11,Île-de-france,0.15,0.15,0.1,0.15,0.1
13423,13423,Urzy,27,Bourgogne-franche-comté,0.15,0.15,0.1,0.15,0.1
13424,13424,Us,11,Île-de-france,0.15,0.15,0.1,0.15,0.1
13425,13425,Ussac,75,Nouvelle-aquitaine,0.15,0.15,0.1,0.15,0.1
13426,13426,Usseau,75,Nouvelle-aquitaine,0.15,0.15,0.1,0.15,0.1
13427,13427,Ussel,84,Auvergne-rhône-alpes,0.15,0.15,0.1,0.15,0.1
13428,13428,Usson-du-Poitou,75,Nouvelle-aquitaine,0.15,0.15,0.1,0.15,0.1
13429,13429,Usson-en-Forez,84,Auvergne-rhône-alpes,0.15,0.15,0.1,0.15,0.1
13430,13430,Ussy,28,Normandie,0.15,0.15,0.1,0.15,0.1
13431,13431,Ussy-sur-Marne,11,Île-de-france,0.15,0.15,0.1,0.15,0.1
13432,13432,Ustaritz,75,Nouvelle-aquitaine,0.15,0.15,0.1,0.15,0.1
13433,13433,Utelle,93,Provence-alpes-côte D'azur,0.15,0.15,0.1,0.15,0.1
13434,13434,Uttenheim,44,Grand Est,0.15,0.15,0.1,0.15,0.1
13435,13435,Uxeau,27,Bourgogne-franche-comté,0.15,0.15,0.1,0.15,0.1
13436,13436,Uxegney,44,Grand Est,0.15,0.15,0.1,0.15,0.1
13437,13437,Uxem,32,Hauts-de-france,0.15,0.15,0.1,0.15,0.1
13438,13438,Uzein,75,Nouvelle-aquitaine,0.15,0.15,0.1,0.15,0.1
13439,13439,Uzel,53,Bretagne,0.15,0.15,0.1,0.15,0.1
13440,13440,Uzemain,44,Grand Est,0.15,0.15,0.1,0.15,0.1
13441,13441,Uzerche,75,Nouvelle-aquitaine,0.15,0.15,0.1,0.15,0.1
13442,13442,Uzos,75,Nouvelle-aquitaine,0.15,0.15,0.1,0.15,0.1
13443,13443,Uzès,76,Occitanie,0.15,0.15,0.1,0.15,0.1
13444,13444,Vaas,52,Pays De La Loire,0.15,0.15,0.1,0.15,0.1
13445,13445,Vabre,76,Occitanie,0.15,0.15,0.1,0.15,0.1
13446,13446,Vacheresse,84,Auvergne-rhône-alpes,0.15,0.15,0.1,0.15,0.1
13447,13447,Vacon,,MISSING,0.15,0.15,0.1,0.15,0.1
13448,13448,Vacqueyras,93,Provence-alpes-côte D'azur,0.15,0.15,0.1,0.15,0.1
13449,13449,Vacquiers,76,Occitanie,0.15,0.15,0.1,0.15,0.1
13450,13450,Vadencourt,32,Hauts-de-france,0.15,0.15,0.1,0.15,0.1
13451,13451,Vagney,44,Grand Est,0.15,0.15,0.1,0.15,0.1
13452,13452,Vahl-Ebersing,44,Grand Est,0.15,0.15,0.1,0.15,0.1
13453,13453,Vaiges,52,Pays De La Loire,0.15,0.15,0.1,0.15,0.1
13454,13454,Vailhauquès,76,Occitanie,0.15,0.15,0.1,0.15,0.1
13455,13455,Vailhourles,76,Occitanie,0.15,0.15,0.1,0.15,0.1
13456,13456,Vailly,84,Auvergne-rhône-alpes,0.15,0.15,0.1,0.15,0.1
13457,13457,Vailly-sur-Aisne,32,Hauts-de-france,0.15,0.15,0.1,0.15,0.1
13458,13458,Vailly-sur-Sauldre,24,Centre-val De Loire,0.15,0.15,0.1,0.15,0.1
13459,13459,Vains,28,Normandie,0.15,0.15,0.1,0.15,0.1
13460,13460,Vaires-sur-Marne,11,Île-de-france,0.15,0.15,0.1,0.15,0.1
13461,13461,Vairé,52,Pays De La Loire,0.15,0.15,0.1,0.15,0.1
13462,13462,Vaison-la-Romaine,93,Provence-alpes-côte D'azur,0.15,0.15,0.1,0.15,0.1
13463,13463,Vaivre-et-Montoille,27,Bourgogne-franche-comté,0.15,0.15,0.1,0.15,0.1
13464,13464,Val-de-Meuse,44,Grand Est,0.15,0.15,0.1,0.15,0.1
13465,13465,Val-de-Reuil,28,Normandie,0.15,0.15,0.1,0.15,0.1
13466,13466,Val-de-la-Haye,28,Normandie,0.15,0.15,0.1,0.15,0.1
13467,13467,Val-des-Prés,93,Provence-alpes-côte D'azur,0.15,0.15,0.1,0.15,0.1
13468,13468,Valady,76,Occitanie,0.15,0.15,0.1,0.15,0.1
13469,13469,Valaurie,84,Auvergne-rhône-alpes,0.15,0.15,0.1,0.15,0.1
13470,13470,Valay,27,Bourgogne-franche-comté,0.15,0.15,0.1,0.15,0.1
13471,13471,Valbonne,93,Provence-alpes-côte D'azur,0.15,0.15,0.1,0.15,0.1
13472,13472,Valcourt,44,Grand Est,0.15,0.15,0.1,0.15,0.1
13473,13473,Valdahon,27,Bourgogne-franche-comté,0.15,0.15,0.1,0.15,0.1
13474,13474,Valdampierre,32,Hauts-de-france,0.15,0.15,0.1,0.15,0.1
13475,13475,Valderiès,76,Occitanie,0.15,0.15,0.1,0.15,0.1
13476,13476,Valdoie,27,Bourgogne-franche-comté,0.15,0.15,0.1,0.15,0.1
13477,13477,Valdurenque,76,Occitanie,0.15,0.15,0.1,0.15,0.1
13478,13478,Valeille,84,Auvergne-rhône-alpes,0.15,0.15,0.1,0.15,0.1
13479,13479,Valence,84,Auvergne-rhône-alpes,0.15,0.15,0.1,0.15,0.1
13480,13480,Valence-en-Brie,11,Île-de-france,0.15,0.15,0.1,0.15,0.1
13481,13481,Valence-sur-Baïse,76,Occitanie,0.15,0.15,0.1,0.15,0.1
13482,13482,Valenciennes,32,Hauts-de-france,0.15,0.15,0.1,0.15,0.1
13483,13483,Valencin,84,Auvergne-rhône-alpes,0.15,0.15,0.1,0.15,0.1
13484,13484,Valensole,93,Provence-alpes-côte D'azur,0.15,0.15,0.1,0.15,0.1
13485,13485,Valentigney,27,Bourgogne-franche-comté,0.15,0.15,0.1,0.15,0.1
13486,13486,Valentine,76,Occitanie,0.15,0.15,0.1,0.15,0.1
13487,13487,Valenton,11,Île-de-france,0.15,0.15,0.1,0.15,0.1
13488,13488,Valençay,24,Centre-val De Loire,0.15,0.15,0.1,0.15,0.1
13489,13489,Valergues,76,Occitanie,0.15,0.15,0.1,0.15,0.1
13490,13490,Valff,44,Grand Est,0.15,0.15,0.1,0.15,0.1
13491,13491,Valflaunès,76,Occitanie,0.15,0.15,0.1,0.15,0.1
13492,13492,Valfleury,84,Auvergne-rhône-alpes,0.15,0.15,0.1,0.15,0.1
13493,13493,Valframbert,28,Normandie,0.15,0.15,0.1,0.15,0.1
13494,13494,Valhuon,32,Hauts-de-france,0.15,0.15,0.1,0.15,0.1
13495,13495,Valines,32,Hauts-de-france,0.15,0.15,0.1,0.15,0.1
13496,13496,Vallabrègues,76,Occitanie,0.15,0.15,0.1,0.15,0.1
13497,13497,Vallan,27,Bourgogne-franche-comté,0.15,0.15,0.1,0.15,0.1
13498,13498,Vallangoujard,11,Île-de-france,0.15,0.15,0.1,0.15,0.1
13499,13499,Vallans,75,Nouvelle-aquitaine,0.15,0.15,0.1,0.15,0.1
13500,13500,Vallauris,93,Provence-alpes-côte D'azur,0.15,0.15,0.1,0.15,0.1
13501,13501,Valleiry,84,Auvergne-rhône-alpes,0.15,0.15,0.1,0.15,0.1
13502,13502,Vallenay,24,Centre-val De Loire,0.15,0.15,0.1,0.15,0.1
13503,13503,Valleraugue,76,Occitanie,0.15,0.15,0.1,0.15,0.1
13504,13504,Valleroy,44,Grand Est,0.15,0.15,0.1,0.15,0.1
13505,13505,Vallet,52,Pays De La Loire,0.15,0.15,0.1,0.15,0.1
13506,13506,Valliquerville,28,Normandie,0.15,0.15,0.1,0.15,0.1
13507,13507,Vallière,75,Nouvelle-aquitaine,0.15,0.15,0.1,0.15,0.1
13508,13508,Vallières,84,Auvergne-rhône-alpes,0.15,0.15,0.1,0.15,0.1
13509,13509,Vallières-les-Grandes,24,Centre-val De Loire,0.15,0.15,0.1,0.15,0.1
13510,13510,Valloire,84,Auvergne-rhône-alpes,0.15,0.15,0.1,0.15,0.1
13511,13511,Vallon-en-Sully,84,Auvergne-rhône-alpes,0.15,0.15,0.1,0.15,0.1
13512,13512,Vallon-sur-Gée,52,Pays De La Loire,0.15,0.15,0.1,0.15,0.1
13513,13513,Vallouise,93,Provence-alpes-côte D'azur,0.15,0.15,0.1,0.15,0.1
13514,13514,Vallères,24,Centre-val De Loire,0.15,0.15,0.1,0.15,0.1
13515,13515,Valmeinier,84,Auvergne-rhône-alpes,0.15,0.15,0.1,0.15,0.1
13516,13516,Valmondois,11,Île-de-france,0.15,0.15,0.1,0.15,0.1
13517,13517,Valmont,44,Grand Est,0.15,0.15,0.1,0.15,0.1
13518,13518,Valognes,28,Normandie,0.15,0.15,0.1,0.15,0.1
13519,13519,Valpuiseaux,11,Île-de-france,0.15,0.15,0.1,0.15,0.1
13520,13520,Valras-Plage,76,Occitanie,0.15,0.15,0.1,0.15,0.1
13521,13521,Valros,76,Occitanie,0.15,0.15,0.1,0.15,0.1
13522,13522,Valréas,93,Provence-alpes-côte D'azur,0.15,0.15,0.1,0.15,0.1
13523,13523,Vals-les-Bains,84,Auvergne-rhône-alpes,0.15,0.15,0.1,0.15,0.1
13524,13524,Vals-près-le-Puy,84,Auvergne-rhône-alpes,0.15,0.15,0.1,0.15,0.1
13525,13525,Valsonne,84,Auvergne-rhône-alpes,0.15,0.15,0.1,0.15,0.1
13526,13526,Valuéjols,84,Auvergne-rhône-alpes,0.15,0.15,0.1,0.15,0.1
13527,13527,Vandeins,84,Auvergne-rhône-alpes,0.15,0.15,0.1,0.15,0.1
13528,13528,Vandières,44,Grand Est,0.15,0.15,0.1,0.15,0.1
13529,13529,Vandoncourt,27,Bourgogne-franche-comté,0.15,0.15,0.1,0.15,0.1
13530,13530,Vandrimare,28,Normandie,0.15,0.15,0.1,0.15,0.1
13531,13531,Vandré,75,Nouvelle-aquitaine,0.15,0.15,0.1,0.15,0.1
13532,13532,Vandœuvre-lès-Nancy,44,Grand Est,0.15,0.15,0.1,0.15,0.1
13533,13533,Vannes,53,Bretagne,0.15,0.15,0.1,0.15,0.1
13534,13534,Vannes-le-Châtel,44,Grand Est,0.15,0.15,0.1,0.15,0.1
13535,13535,Vannes-sur-Cosson,24,Centre-val De Loire,0.15,0.15,0.1,0.15,0.1
13536,13536,Vanosc,84,Auvergne-rhône-alpes,0.15,0.15,0.1,0.15,0.1
13537,13537,Vantoux,44,Grand Est,0.15,0.15,0.1,0.15,0.1
13538,13538,Vanves,11,Île-de-france,0.15,0.15,0.1,0.15,0.1
13539,13539,Vanxains,75,Nouvelle-aquitaine,0.15,0.15,0.1,0.15,0.1
13540,13540,Varacieux,84,Auvergne-rhône-alpes,0.15,0.15,0.1,0.15,0.1
13541,13541,Varades,52,Pays De La Loire,0.15,0.15,0.1,0.15,0.1
13542,13542,Varages,93,Provence-alpes-côte D'azur,0.15,0.15,0.1,0.15,0.1
13543,13543,Varaize,75,Nouvelle-aquitaine,0.15,0.15,0.1,0.15,0.1
13544,13544,Varanges,27,Bourgogne-franche-comté,0.15,0.15,0.1,0.15,0.1
13545,13545,Varangéville,44,Grand Est,0.15,0.15,0.1,0.15,0.1
13546,13546,Varaville,28,Normandie,0.15,0.15,0.1,0.15,0.1
13547,13547,Varen,76,Occitanie,0.15,0.15,0.1,0.15,0.1
13548,13548,Varengeville-sur-Mer,28,Normandie,0.15,0.15,0.1,0.15,0.1
13549,13549,Varennes-Jarcy,11,Île-de-france,0.15,0.15,0.1,0.15,0.1
13550,13550,Varennes-Saint-Sauveur,27,Bourgogne-franche-comté,0.15,0.15,0.1,0.15,0.1
13551,13551,Varennes-Vauzelles,27,Bourgogne-franche-comté,0.15,0.15,0.1,0.15,0.1
13552,13552,Varennes-en-Argonne,44,Grand Est,0.15,0.15,0.1,0.15,0.1
13553,13553,Varennes-le-Grand,27,Bourgogne-franche-comté,0.15,0.15,0.1,0.15,0.1
13554,13554,Varennes-lès-Narcy,27,Bourgogne-franche-comté,0.15,0.15,0.1,0.15,0.1
13555,13555,Varennes-sous-Dun,27,Bourgogne-franche-comté,0.15,0.15,0.1,0.15,0.1
13556,13556,Varennes-sur-Allier,84,Auvergne-rhône-alpes,0.15,0.15,0.1,0.15,0.1
13557,13557,Varennes-sur-Fouzon,24,Centre-val De Loire,0.15,0.15,0.1,0.15,0.1
13558,13558,Varennes-sur-Loire,52,Pays De La Loire,0.15,0.15,0.1,0.15,0.1
13559,13559,Varennes-sur-Seine,11,Île-de-france,0.15,0.15,0.1,0.15,0.1
13560,13560,Varetz,75,Nouvelle-aquitaine,0.15,0.15,0.1,0.15,0.1
13561,13561,Varilhes,76,Occitanie,0.15,0.15,0.1,0.15,0.1
13562,13562,Varois-et-Chaignot,27,Bourgogne-franche-comté,0.15,0.15,0.1,0.15,0.1
13563,13563,Varrains,52,Pays De La Loire,0.15,0.15,0.1,0.15,0.1
13564,13564,Varreddes,11,Île-de-france,0.15,0.15,0.1,0.15,0.1
13565,13565,Vars,93,Provence-alpes-côte D'azur,0.15,0.15,0.1,0.15,0.1
13566,13566,Varsberg,44,Grand Est,0.15,0.15,0.1,0.15,0.1
13567,13567,Varzay,75,Nouvelle-aquitaine,0.15,0.15,0.1,0.15,0.1
13568,13568,Varzy,27,Bourgogne-franche-comté,0.15,0.15,0.1,0.15,0.1
13569,13569,Varès,75,Nouvelle-aquitaine,0.15,0.15,0.1,0.15,0.1
13570,13570,Vasles,75,Nouvelle-aquitaine,0.15,0.15,0.1,0.15,0.1
13571,13571,Vasselay,24,Centre-val De Loire,0.15,0.15,0.1,0.15,0.1
13572,13572,Vassy,28,Normandie,0.15,0.15,0.1,0.15,0.1
13573,13573,Vasteville,28,Normandie,0.15,0.15,0.1,0.15,0.1
13574,13574,Vatan,24,Centre-val De Loire,0.15,0.15,0.1,0.15,0.1
13575,13575,Vattetot-sous-Beaumont,28,Normandie,0.15,0.15,0.1,0.15,0.1
13576,13576,Vatteville-la-Rue,28,Normandie,0.15,0.15,0.1,0.15,0.1
13577,13577,Vauchelles-les-Quesnoy,32,Hauts-de-france,0.15,0.15,0.1,0.15,0.1
13578,13578,Vauchrétien,52,Pays De La Loire,0.15,0.15,0.1,0.15,0.1
13579,13579,Vauciennes,44,Grand Est,0.15,0.15,0.1,0.15,0.1
13580,13580,Vaucouleurs,44,Grand Est,0.15,0.15,0.1,0.15,0.1
13581,13581,Vaucresson,11,Île-de-france,0.15,0.15,0.1,0.15,0.1
13582,13582,Vaudelnay,52,Pays De La Loire,0.15,0.15,0.1,0.15,0.1
13583,13583,Vaudes,44,Grand Est,0.15,0.15,0.1,0.15,0.1
13584,13584,Vaudoy-en-Brie,11,Île-de-france,0.15,0.15,0.1,0.15,0.1
13585,13585,Vaudreching,44,Grand Est,0.15,0.15,0.1,0.15,0.1
13586,13586,Vaudricourt,32,Hauts-de-france,0.15,0.15,0.1,0.15,0.1
13587,13587,Vaudry,28,Normandie,0.15,0.15,0.1,0.15,0.1
13588,13588,Vaugneray,84,Auvergne-rhône-alpes,0.15,0.15,0.1,0.15,0.1
13589,13589,Vaugrigneuse,11,Île-de-france,0.15,0.15,0.1,0.15,0.1
13590,13590,Vauhallan,11,Île-de-france,0.15,0.15,0.1,0.15,0.1
13591,13591,Vaujours,11,Île-de-france,0.15,0.15,0.1,0.15,0.1
13592,13592,Vaulnaveys-le-Bas,84,Auvergne-rhône-alpes,0.15,0.15,0.1,0.15,0.1
13593,13593,Vaulnaveys-le-Haut,84,Auvergne-rhône-alpes,0.15,0.15,0.1,0.15,0.1
13594,13594,Vaulx,84,Auvergne-rhône-alpes,0.15,0.15,0.1,0.15,0.1
13595,13595,Vaulx-Milieu,84,Auvergne-rhône-alpes,0.15,0.15,0.1,0.15,0.1
13596,13596,Vaulx-Vraucourt,32,Hauts-de-france,0.15,0.15,0.1,0.15,0.1
13597,13597,Vaulx-en-Velin,84,Auvergne-rhône-alpes,0.15,0.15,0.1,0.15,0.1
13598,13598,Vaumas,84,Auvergne-rhône-alpes,0.15,0.15,0.1,0.15,0.1
13599,13599,Vaumoise,32,Hauts-de-france,0.15,0.15,0.1,0.15,0.1
13600,13600,Vaunaveys-la-Rochette,84,Auvergne-rhône-alpes,0.15,0.15,0.1,0.15,0.1
13601,13601,Vauréal,11,Île-de-france,0.15,0.15,0.1,0.15,0.1
13602,13602,Vautorte,52,Pays De La Loire,0.15,0.15,0.1,0.15,0.1
13603,13603,Vauvenargues,93,Provence-alpes-côte D'azur,0.15,0.15,0.1,0.15,0.1
13604,13604,Vauvert,76,Occitanie,0.15,0.15,0.1,0.15,0.1
13605,13605,Vauvillers,32,Hauts-de-france,0.15,0.15,0.1,0.15,0.1
13606,13606,Vaux,84,Auvergne-rhône-alpes,0.15,0.15,0.1,0.15,0.1
13607,13607,Vaux-Andigny,32,Hauts-de-france,0.15,0.15,0.1,0.15,0.1
13608,13608,Vaux-en-Beaujolais,84,Auvergne-rhône-alpes,0.15,0.15,0.1,0.15,0.1
13609,13609,Vaux-en-Bugey,84,Auvergne-rhône-alpes,0.15,0.15,0.1,0.15,0.1
13610,13610,Vaux-et-Chantegrue,27,Bourgogne-franche-comté,0.15,0.15,0.1,0.15,0.1
13611,13611,Vaux-le-Pénil,11,Île-de-france,0.15,0.15,0.1,0.15,0.1
13612,13612,Vaux-lès-Saint-Claude,27,Bourgogne-franche-comté,0.15,0.15,0.1,0.15,0.1
13613,13613,Vaux-sous-Aubigny,44,Grand Est,0.15,0.15,0.1,0.15,0.1
13614,13614,Vaux-sur-Mer,75,Nouvelle-aquitaine,0.15,0.15,0.1,0.15,0.1
13615,13615,Vaux-sur-Seine,11,Île-de-france,0.15,0.15,0.1,0.15,0.1
13616,13616,Vaux-sur-Vienne,75,Nouvelle-aquitaine,0.15,0.15,0.1,0.15,0.1
13617,13617,Vauxbuin,32,Hauts-de-france,0.15,0.15,0.1,0.15,0.1
13618,13618,Vay,52,Pays De La Loire,0.15,0.15,0.1,0.15,0.1
13619,13619,Vayrac,76,Occitanie,0.15,0.15,0.1,0.15,0.1
13620,13620,Vayres,75,Nouvelle-aquitaine,0.15,0.15,0.1,0.15,0.1
13621,13621,Vayres-sur-Essonne,11,Île-de-france,0.15,0.15,0.1,0.15,0.1
13622,13622,Vazerac,76,Occitanie,0.15,0.15,0.1,0.15,0.1
13623,13623,Vaïssac,76,Occitanie,0.15,0.15,0.1,0.15,0.1
13624,13624,Veauche,84,Auvergne-rhône-alpes,0.15,0.15,0.1,0.15,0.1
13625,13625,Veauchette,84,Auvergne-rhône-alpes,0.15,0.15,0.1,0.15,0.1
13626,13626,Veaugues,24,Centre-val De Loire,0.15,0.15,0.1,0.15,0.1
13627,13627,Veauville-lès-Baons,28,Normandie,0.15,0.15,0.1,0.15,0.1
13628,13628,Veckring,44,Grand Est,0.15,0.15,0.1,0.15,0.1
13629,13629,Vecoux,44,Grand Est,0.15,0.15,0.1,0.15,0.1
13630,13630,Vecquemont,32,Hauts-de-france,0.15,0.15,0.1,0.15,0.1
13631,13631,Vecqueville,44,Grand Est,0.15,0.15,0.1,0.15,0.1
13632,13632,Vedène,93,Provence-alpes-côte D'azur,0.15,0.15,0.1,0.15,0.1
13633,13633,Veigné,24,Centre-val De Loire,0.15,0.15,0.1,0.15,0.1
13634,13634,Veigy,,MISSING,0.15,0.15,0.1,0.15,0.1
13635,13635,Velaine-en-Haye,44,Grand Est,0.15,0.15,0.1,0.15,0.1
13636,13636,Velaines,44,Grand Est,0.15,0.15,0.1,0.15,0.1
13637,13637,Velars-sur-Ouche,27,Bourgogne-franche-comté,0.15,0.15,0.1,0.15,0.1
13638,13638,Velaux,93,Provence-alpes-côte D'azur,0.15,0.15,0.1,0.15,0.1
13639,13639,Velleron,93,Provence-alpes-côte D'azur,0.15,0.15,0.1,0.15,0.1
13640,13640,Velles,44,Grand Est,0.15,0.15,0.1,0.15,0.1
13641,13641,Vellexon-Queutrey-et-Vaudey,27,Bourgogne-franche-comté,0.15,0.15,0.1,0.15,0.1
13642,13642,Velluire,52,Pays De La Loire,0.15,0.15,0.1,0.15,0.1
13643,13643,Venables,28,Normandie,0.15,0.15,0.1,0.15,0.1
13644,13644,Venaco,94,Corse,0.15,0.15,0.1,0.15,0.1
13645,13645,Venansault,52,Pays De La Loire,0.15,0.15,0.1,0.15,0.1
13646,13646,Venarey-les-Laumes,27,Bourgogne-franche-comté,0.15,0.15,0.1,0.15,0.1
13647,13647,Venasque,93,Provence-alpes-côte D'azur,0.15,0.15,0.1,0.15,0.1
13648,13648,Vence,93,Provence-alpes-côte D'azur,0.15,0.15,0.1,0.15,0.1
13649,13649,Vendargues,76,Occitanie,0.15,0.15,0.1,0.15,0.1
13650,13650,Vendat,84,Auvergne-rhône-alpes,0.15,0.15,0.1,0.15,0.1
13651,13651,Vendays-Montalivet,75,Nouvelle-aquitaine,0.15,0.15,0.1,0.15,0.1
13652,13652,Vendegies-sur-Écaillon,32,Hauts-de-france,0.15,0.15,0.1,0.15,0.1
13653,13653,Vendenesse-lès-Charolles,27,Bourgogne-franche-comté,0.15,0.15,0.1,0.15,0.1
13654,13654,Vendenesse-sur-Arroux,27,Bourgogne-franche-comté,0.15,0.15,0.1,0.15,0.1
13655,13655,Vendenheim,44,Grand Est,0.15,0.15,0.1,0.15,0.1
13656,13656,Vendeuil,32,Hauts-de-france,0.15,0.15,0.1,0.15,0.1
13657,13657,Vendeuvre,28,Normandie,0.15,0.15,0.1,0.15,0.1
13658,13658,Vendeuvre-du-Poitou,75,Nouvelle-aquitaine,0.15,0.15,0.1,0.15,0.1
13659,13659,Vendeuvre-sur-Barse,44,Grand Est,0.15,0.15,0.1,0.15,0.1
13660,13660,Vendeville,32,Hauts-de-france,0.15,0.15,0.1,0.15,0.1
13661,13661,Vendin-le-Vieil,32,Hauts-de-france,0.15,0.15,0.1,0.15,0.1
13662,13662,Vendin-lès-Béthune,32,Hauts-de-france,0.15,0.15,0.1,0.15,0.1
13663,13663,Vendrennes,52,Pays De La Loire,0.15,0.15,0.1,0.15,0.1
13664,13664,Vendres,76,Occitanie,0.15,0.15,0.1,0.15,0.1
13665,13665,Vendrest,11,Île-de-france,0.15,0.15,0.1,0.15,0.1
13666,13666,Vendémian,76,Occitanie,0.15,0.15,0.1,0.15,0.1
13667,13667,Vendôme,24,Centre-val De Loire,0.15,0.15,0.1,0.15,0.1
13668,13668,Vendœuvres,24,Centre-val De Loire,0.15,0.15,0.1,0.15,0.1
13669,13669,Venelles,93,Provence-alpes-côte D'azur,0.15,0.15,0.1,0.15,0.1
13670,13670,Venerque,76,Occitanie,0.15,0.15,0.1,0.15,0.1
13671,13671,Venesmes,24,Centre-val De Loire,0.15,0.15,0.1,0.15,0.1
13672,13672,Venette,32,Hauts-de-france,0.15,0.15,0.1,0.15,0.1
13673,13673,Veneux-les-Sablons,11,Île-de-france,0.15,0.15,0.1,0.15,0.1
13674,13674,Vengeons,28,Normandie,0.15,0.15,0.1,0.15,0.1
13675,13675,Venizel,32,Hauts-de-france,0.15,0.15,0.1,0.15,0.1
13676,13676,Venizy,27,Bourgogne-franche-comté,0.15,0.15,0.1,0.15,0.1
13677,13677,Vennecy,24,Centre-val De Loire,0.15,0.15,0.1,0.15,0.1
13678,13678,Venon,84,Auvergne-rhône-alpes,0.15,0.15,0.1,0.15,0.1
13679,13679,Venoy,27,Bourgogne-franche-comté,0.15,0.15,0.1,0.15,0.1
13680,13680,Ventabren,93,Provence-alpes-côte D'azur,0.15,0.15,0.1,0.15,0.1
13681,13681,Ventavon,93,Provence-alpes-côte D'azur,0.15,0.15,0.1,0.15,0.1
13682,13682,Ventenac-Cabardès,76,Occitanie,0.15,0.15,0.1,0.15,0.1
13683,13683,Ventenac-en-Minervois,76,Occitanie,0.15,0.15,0.1,0.15,0.1
13684,13684,Venterol,93,Provence-alpes-côte D'azur,0.15,0.15,0.1,0.15,0.1
13685,13685,Venteuil,44,Grand Est,0.15,0.15,0.1,0.15,0.1
13686,13686,Venthon,84,Auvergne-rhône-alpes,0.15,0.15,0.1,0.15,0.1
13687,13687,Ventiseri,94,Corse,0.15,0.15,0.1,0.15,0.1
13688,13688,Ventron,44,Grand Est,0.15,0.15,0.1,0.15,0.1
13689,13689,Ver-sur-Launette,32,Hauts-de-france,0.15,0.15,0.1,0.15,0.1
13690,13690,Ver-sur-Mer,28,Normandie,0.15,0.15,0.1,0.15,0.1
13691,13691,Verberie,32,Hauts-de-france,0.15,0.15,0.1,0.15,0.1
13692,13692,Vercel-Villedieu-le-Camp,27,Bourgogne-franche-comté,0.15,0.15,0.1,0.15,0.1
13693,13693,Verchain-Maugré,32,Hauts-de-france,0.15,0.15,0.1,0.15,0.1
13694,13694,Verchaix,84,Auvergne-rhône-alpes,0.15,0.15,0.1,0.15,0.1
13695,13695,Verchocq,32,Hauts-de-france,0.15,0.15,0.1,0.15,0.1
13696,13696,Verdalle,76,Occitanie,0.15,0.15,0.1,0.15,0.1
13697,13697,Verdelais,75,Nouvelle-aquitaine,0.15,0.15,0.1,0.15,0.1
13698,13698,Verdelot,11,Île-de-france,0.15,0.15,0.1,0.15,0.1
13699,13699,Verderel-lès-Sauqueuse,32,Hauts-de-france,0.15,0.15,0.1,0.15,0.1
13700,13700,Verderonne,32,Hauts-de-france,0.15,0.15,0.1,0.15,0.1
13701,13701,Verdun,76,Occitanie,0.15,0.15,0.1,0.15,0.1
13702,13702,Verdun-sur-Garonne,76,Occitanie,0.15,0.15,0.1,0.15,0.1
13703,13703,Verdun-sur-le-Doubs,27,Bourgogne-franche-comté,0.15,0.15,0.1,0.15,0.1
13704,13704,Verfeil,76,Occitanie,0.15,0.15,0.1,0.15,0.1
13705,13705,Vergaville,44,Grand Est,0.15,0.15,0.1,0.15,0.1
13706,13706,Vergeroux,75,Nouvelle-aquitaine,0.15,0.15,0.1,0.15,0.1
13707,13707,Vergigny,27,Bourgogne-franche-comté,0.15,0.15,0.1,0.15,0.1
13708,13708,Vergongheon,84,Auvergne-rhône-alpes,0.15,0.15,0.1,0.15,0.1
13709,13709,Vergt,75,Nouvelle-aquitaine,0.15,0.15,0.1,0.15,0.1
13710,13710,Vergèze,76,Occitanie,0.15,0.15,0.1,0.15,0.1
13711,13711,Vergéal,53,Bretagne,0.15,0.15,0.1,0.15,0.1
13712,13712,Verjux,27,Bourgogne-franche-comté,0.15,0.15,0.1,0.15,0.1
13713,13713,Verlinghem,32,Hauts-de-france,0.15,0.15,0.1,0.15,0.1
13714,13714,Vermand,32,Hauts-de-france,0.15,0.15,0.1,0.15,0.1
13715,13715,Vermelles,32,Hauts-de-france,0.15,0.15,0.1,0.15,0.1
13716,13716,Vermenton,27,Bourgogne-franche-comté,0.15,0.15,0.1,0.15,0.1
13717,13717,Vern-sur-Seiche,53,Bretagne,0.15,0.15,0.1,0.15,0.1
13718,13718,Vernaison,84,Auvergne-rhône-alpes,0.15,0.15,0.1,0.15,0.1
13719,13719,Vernajoul,76,Occitanie,0.15,0.15,0.1,0.15,0.1
13720,13720,Vernantes,52,Pays De La Loire,0.15,0.15,0.1,0.15,0.1
13721,13721,Verneil-le-Chétif,52,Pays De La Loire,0.15,0.15,0.1,0.15,0.1
13722,13722,Verneix,84,Auvergne-rhône-alpes,0.15,0.15,0.1,0.15,0.1
13723,13723,Vernet,76,Occitanie,0.15,0.15,0.1,0.15,0.1
13724,13724,Vernet-la-Varenne,84,Auvergne-rhône-alpes,0.15,0.15,0.1,0.15,0.1
13725,13725,Vernet-les-Bains,76,Occitanie,0.15,0.15,0.1,0.15,0.1
13726,13726,Verneuil,75,Nouvelle-aquitaine,0.15,0.15,0.1,0.15,0.1
13727,13727,Verneuil-en-Halatte,32,Hauts-de-france,0.15,0.15,0.1,0.15,0.1
13728,13728,Verneuil-sur-Avre,28,Normandie,0.15,0.15,0.1,0.15,0.1
13729,13729,Verneuil-sur-Indre,24,Centre-val De Loire,0.15,0.15,0.1,0.15,0.1
13730,13730,Verneuil-sur-Seine,11,Île-de-france,0.15,0.15,0.1,0.15,0.1
13731,13731,Verneuil-sur-Vienne,75,Nouvelle-aquitaine,0.15,0.15,0.1,0.15,0.1
13732,13732,Verniolle,76,Occitanie,0.15,0.15,0.1,0.15,0.1
13733,13733,Vernioz,84,Auvergne-rhône-alpes,0.15,0.15,0.1,0.15,0.1
13734,13734,Vernoil-le-Fourrier,52,Pays De La Loire,0.15,0.15,0.1,0.15,0.1
13735,13735,Vernon,84,Auvergne-rhône-alpes,0.15,0.15,0.1,0.15,0.1
13736,13736,Vernosc-lès-Annonay,84,Auvergne-rhône-alpes,0.15,0.15,0.1,0.15,0.1
13737,13737,Vernou-en-Sologne,24,Centre-val De Loire,0.15,0.15,0.1,0.15,0.1
13738,13738,Vernou-la-Celle-sur-Seine,11,Île-de-france,0.15,0.15,0.1,0.15,0.1
13739,13739,Vernou-sur-Brenne,24,Centre-val De Loire,0.15,0.15,0.1,0.15,0.1
13740,13740,Vernouillet,24,Centre-val De Loire,0.15,0.15,0.1,0.15,0.1
13741,13741,Vernoux-en-Gâtine,75,Nouvelle-aquitaine,0.15,0.15,0.1,0.15,0.1
13742,13742,Vernoux-en-Vivarais,84,Auvergne-rhône-alpes,0.15,0.15,0.1,0.15,0.1
13743,13743,Verny,44,Grand Est,0.15,0.15,0.1,0.15,0.1
13744,13744,Vernègues,93,Provence-alpes-côte D'azur,0.15,0.15,0.1,0.15,0.1
13745,13745,Vernéville,44,Grand Est,0.15,0.15,0.1,0.15,0.1
13746,13746,Verosvres,27,Bourgogne-franche-comté,0.15,0.15,0.1,0.15,0.1
13747,13747,Verquin,32,Hauts-de-france,0.15,0.15,0.1,0.15,0.1
13748,13748,Verquières,93,Provence-alpes-côte D'azur,0.15,0.15,0.1,0.15,0.1
13749,13749,Verrens,,MISSING,0.15,0.15,0.1,0.15,0.1
13750,13750,Verrières,84,Auvergne-rhône-alpes,0.15,0.15,0.1,0.15,0.1
13751,13751,Verrières-en-Forez,84,Auvergne-rhône-alpes,0.15,0.15,0.1,0.15,0.1
13752,13752,Verrières-le-Buisson,11,Île-de-france,0.15,0.15,0.1,0.15,0.1
13753,13753,Verruyes,75,Nouvelle-aquitaine,0.15,0.15,0.1,0.15,0.1
13754,13754,Vers,84,Auvergne-rhône-alpes,0.15,0.15,0.1,0.15,0.1
13755,13755,Vers-Pont-du-Gard,76,Occitanie,0.15,0.15,0.1,0.15,0.1
13756,13756,Vers-sur-Selles,32,Hauts-de-france,0.15,0.15,0.1,0.15,0.1
13757,13757,Versailles,11,Île-de-france,0.15,0.15,0.1,0.15,0.1
13758,13758,Verson,28,Normandie,0.15,0.15,0.1,0.15,0.1
13759,13759,Versonnex,84,Auvergne-rhône-alpes,0.15,0.15,0.1,0.15,0.1
13760,13760,Vert,75,Nouvelle-aquitaine,0.15,0.15,0.1,0.15,0.1
13761,13761,Vert-Saint-Denis,11,Île-de-france,0.15,0.15,0.1,0.15,0.1
13762,13762,Vert-en-Drouais,24,Centre-val De Loire,0.15,0.15,0.1,0.15,0.1
13763,13763,Vert-le-Grand,11,Île-de-france,0.15,0.15,0.1,0.15,0.1
13764,13764,Vert-le-Petit,11,Île-de-france,0.15,0.15,0.1,0.15,0.1
13765,13765,Vertain,32,Hauts-de-france,0.15,0.15,0.1,0.15,0.1
13766,13766,Vertaizon,84,Auvergne-rhône-alpes,0.15,0.15,0.1,0.15,0.1
13767,13767,Verteillac,75,Nouvelle-aquitaine,0.15,0.15,0.1,0.15,0.1
13768,13768,Verteuil-sur-Charente,75,Nouvelle-aquitaine,0.15,0.15,0.1,0.15,0.1
13769,13769,Vertheuil,75,Nouvelle-aquitaine,0.15,0.15,0.1,0.15,0.1
13770,13770,Vertolaye,84,Auvergne-rhône-alpes,0.15,0.15,0.1,0.15,0.1
13771,13771,Verton,32,Hauts-de-france,0.15,0.15,0.1,0.15,0.1
13772,13772,Vertou,52,Pays De La Loire,0.15,0.15,0.1,0.15,0.1
13773,13773,Vertrieu,84,Auvergne-rhône-alpes,0.15,0.15,0.1,0.15,0.1
13774,13774,Vertus,44,Grand Est,0.15,0.15,0.1,0.15,0.1
13775,13775,Vervins,32,Hauts-de-france,0.15,0.15,0.1,0.15,0.1
13776,13776,Verzenay,44,Grand Est,0.15,0.15,0.1,0.15,0.1
13777,13777,Verzy,44,Grand Est,0.15,0.15,0.1,0.15,0.1
13778,13778,Verzé,27,Bourgogne-franche-comté,0.15,0.15,0.1,0.15,0.1
13779,13779,Vescemont,27,Bourgogne-franche-comté,0.15,0.15,0.1,0.15,0.1
13780,13780,Vescovato,94,Corse,0.15,0.15,0.1,0.15,0.1
13781,13781,Vesdun,24,Centre-val De Loire,0.15,0.15,0.1,0.15,0.1
13782,13782,Vesly,28,Normandie,0.15,0.15,0.1,0.15,0.1
13783,13783,Vesoul,27,Bourgogne-franche-comté,0.15,0.15,0.1,0.15,0.1
13784,13784,Vesseaux,84,Auvergne-rhône-alpes,0.15,0.15,0.1,0.15,0.1
13785,13785,Vestric-et-Candiac,76,Occitanie,0.15,0.15,0.1,0.15,0.1
13786,13786,Veules-les-Roses,28,Normandie,0.15,0.15,0.1,0.15,0.1
13787,13787,Veurey-Voroize,84,Auvergne-rhône-alpes,0.15,0.15,0.1,0.15,0.1
13788,13788,Veynes,93,Provence-alpes-côte D'azur,0.15,0.15,0.1,0.15,0.1
13789,13789,Veyrac,75,Nouvelle-aquitaine,0.15,0.15,0.1,0.15,0.1
13790,13790,Veyras,84,Auvergne-rhône-alpes,0.15,0.15,0.1,0.15,0.1
13791,13791,Veyre-Monton,84,Auvergne-rhône-alpes,0.15,0.15,0.1,0.15,0.1
13792,13792,Veyrier-du-Lac,84,Auvergne-rhône-alpes,0.15,0.15,0.1,0.15,0.1
13793,13793,Vezin-le-Coquet,53,Bretagne,0.15,0.15,0.1,0.15,0.1
13794,13794,Vezins,52,Pays De La Loire,0.15,0.15,0.1,0.15,0.1
13795,13795,Viala-du-Tarn,76,Occitanie,0.15,0.15,0.1,0.15,0.1
13796,13796,Vialas,76,Occitanie,0.15,0.15,0.1,0.15,0.1
13797,13797,Viane,76,Occitanie,0.15,0.15,0.1,0.15,0.1
13798,13798,Vianne,75,Nouvelle-aquitaine,0.15,0.15,0.1,0.15,0.1
13799,13799,Viarmes,11,Île-de-france,0.15,0.15,0.1,0.15,0.1
13800,13800,Vias,76,Occitanie,0.15,0.15,0.1,0.15,0.1
13801,13801,Vibeuf,28,Normandie,0.15,0.15,0.1,0.15,0.1
13802,13802,Vibraye,52,Pays De La Loire,0.15,0.15,0.1,0.15,0.1
13803,13803,Vic-Fezensac,76,Occitanie,0.15,0.15,0.1,0.15,0.1
13804,13804,Vic-en-Bigorre,76,Occitanie,0.15,0.15,0.1,0.15,0.1
13805,13805,Vic-la-Gardiole,76,Occitanie,0.15,0.15,0.1,0.15,0.1
13806,13806,Vic-le-Comte,84,Auvergne-rhône-alpes,0.15,0.15,0.1,0.15,0.1
13807,13807,Vic-sur-Aisne,32,Hauts-de-france,0.15,0.15,0.1,0.15,0.1
13808,13808,Vic-sur-Cère,84,Auvergne-rhône-alpes,0.15,0.15,0.1,0.15,0.1
13809,13809,Vic-sur-Seille,44,Grand Est,0.15,0.15,0.1,0.15,0.1
13810,13810,Vicdessos,76,Occitanie,0.15,0.15,0.1,0.15,0.1
13811,13811,Vichy,84,Auvergne-rhône-alpes,0.15,0.15,0.1,0.15,0.1
13812,13812,Vico,94,Corse,0.15,0.15,0.1,0.15,0.1
13813,13813,Vicq,84,Auvergne-rhône-alpes,0.15,0.15,0.1,0.15,0.1
13814,13814,Vicq-sur-Breuilh,75,Nouvelle-aquitaine,0.15,0.15,0.1,0.15,0.1
13815,13815,Vicq-sur-Gartempe,75,Nouvelle-aquitaine,0.15,0.15,0.1,0.15,0.1
13816,13816,Vicq-sur-Nahon,24,Centre-val De Loire,0.15,0.15,0.1,0.15,0.1
13817,13817,Vidauban,93,Provence-alpes-côte D'azur,0.15,0.15,0.1,0.15,0.1
13818,13818,Videlles,11,Île-de-france,0.15,0.15,0.1,0.15,0.1
13819,13819,Vieille-Brioude,84,Auvergne-rhône-alpes,0.15,0.15,0.1,0.15,0.1
13820,13820,Vieille-Chapelle,32,Hauts-de-france,0.15,0.15,0.1,0.15,0.1
13821,13821,Vieille-Toulouse,76,Occitanie,0.15,0.15,0.1,0.15,0.1
13822,13822,Vieille-Église,32,Hauts-de-france,0.15,0.15,0.1,0.15,0.1
13823,13823,Vieille-Église-en-Yvelines,11,Île-de-france,0.15,0.15,0.1,0.15,0.1
13824,13824,Vieillevigne,76,Occitanie,0.15,0.15,0.1,0.15,0.1
13825,13825,Vieilley,27,Bourgogne-franche-comté,0.15,0.15,0.1,0.15,0.1
13826,13826,Viella,76,Occitanie,0.15,0.15,0.1,0.15,0.1
13827,13827,Vielle-Saint-Girons,75,Nouvelle-aquitaine,0.15,0.15,0.1,0.15,0.1
13828,13828,Vielmur-sur-Agout,76,Occitanie,0.15,0.15,0.1,0.15,0.1
13829,13829,Viels-Maisons,32,Hauts-de-france,0.15,0.15,0.1,0.15,0.1
13830,13830,Viennay,75,Nouvelle-aquitaine,0.15,0.15,0.1,0.15,0.1
13831,13831,Vienne,84,Auvergne-rhône-alpes,0.15,0.15,0.1,0.15,0.1
13832,13832,Vienne-en-Val,24,Centre-val De Loire,0.15,0.15,0.1,0.15,0.1
13833,13833,Vienne-le-Château,44,Grand Est,0.15,0.15,0.1,0.15,0.1
13834,13834,Viens,93,Provence-alpes-côte D'azur,0.15,0.15,0.1,0.15,0.1
13835,13835,Vierzon,24,Centre-val De Loire,0.15,0.15,0.1,0.15,0.1
13836,13836,Viesly,32,Hauts-de-france,0.15,0.15,0.1,0.15,0.1
13837,13837,Viessoix,28,Normandie,0.15,0.15,0.1,0.15,0.1
13838,13838,Vieux,76,Occitanie,0.15,0.15,0.1,0.15,0.1
13839,13839,Vieux-Berquin,32,Hauts-de-france,0.15,0.15,0.1,0.15,0.1
13840,13840,Vieux-Boucau-les-Bains,75,Nouvelle-aquitaine,0.15,0.15,0.1,0.15,0.1
13841,13841,Vieux-Charmont,27,Bourgogne-franche-comté,0.15,0.15,0.1,0.15,0.1
13842,13842,Vieux-Condé,32,Hauts-de-france,0.15,0.15,0.1,0.15,0.1
13843,13843,Vieux-Ferrette,44,Grand Est,0.15,0.15,0.1,0.15,0.1
13844,13844,Vieux-Manoir,28,Normandie,0.15,0.15,0.1,0.15,0.1
13845,13845,Vieux-Mesnil,32,Hauts-de-france,0.15,0.15,0.1,0.15,0.1
13846,13846,Vieux-Moulin,44,Grand Est,0.15,0.15,0.1,0.15,0.1
13847,13847,Vieux-Rouen-sur-Bresle,28,Normandie,0.15,0.15,0.1,0.15,0.1
13848,13848,Vieux-Thann,44,Grand Est,0.15,0.15,0.1,0.15,0.1
13849,13849,Vieux-Vy-sur-Couesnon,53,Bretagne,0.15,0.15,0.1,0.15,0.1
13850,13850,Vif,84,Auvergne-rhône-alpes,0.15,0.15,0.1,0.15,0.1
13851,13851,Vigeois,75,Nouvelle-aquitaine,0.15,0.15,0.1,0.15,0.1
13852,13852,Viglain,24,Centre-val De Loire,0.15,0.15,0.1,0.15,0.1
13853,13853,Vignacourt,32,Hauts-de-france,0.15,0.15,0.1,0.15,0.1
13854,13854,Vignale,94,Corse,0.15,0.15,0.1,0.15,0.1
13855,13855,Vigneulles-lès-Hattonchâtel,44,Grand Est,0.15,0.15,0.1,0.15,0.1
13856,13856,Vigneux-de-Bretagne,52,Pays De La Loire,0.15,0.15,0.1,0.15,0.1
13857,13857,Vigneux-sur-Seine,11,Île-de-france,0.15,0.15,0.1,0.15,0.1
13858,13858,Vignieu,84,Auvergne-rhône-alpes,0.15,0.15,0.1,0.15,0.1
13859,13859,Vignoc,53,Bretagne,0.15,0.15,0.1,0.15,0.1
13860,13860,Vignoles,27,Bourgogne-franche-comté,0.15,0.15,0.1,0.15,0.1
13861,13861,Vignols,75,Nouvelle-aquitaine,0.15,0.15,0.1,0.15,0.1
13862,13862,Vignonet,75,Nouvelle-aquitaine,0.15,0.15,0.1,0.15,0.1
13863,13863,Vignot,44,Grand Est,0.15,0.15,0.1,0.15,0.1
13864,13864,Vignoux-sous-les-Aix,24,Centre-val De Loire,0.15,0.15,0.1,0.15,0.1
13865,13865,Vignoux-sur-Barangeon,24,Centre-val De Loire,0.15,0.15,0.1,0.15,0.1
13866,13866,Vigny,44,Grand Est,0.15,0.15,0.1,0.15,0.1
13867,13867,Vigoulet-Auzil,76,Occitanie,0.15,0.15,0.1,0.15,0.1
13868,13868,Vigy,44,Grand Est,0.15,0.15,0.1,0.15,0.1
13869,13869,Vihiers,52,Pays De La Loire,0.15,0.15,0.1,0.15,0.1
13870,13870,Vilallonga dels Monts,76,Occitanie,0.15,0.15,0.1,0.15,0.1
13871,13871,Vildé-Guingalan,53,Bretagne,0.15,0.15,0.1,0.15,0.1
13872,13872,Villabé,11,Île-de-france,0.15,0.15,0.1,0.15,0.1
13873,13873,Village-Neuf,44,Grand Est,0.15,0.15,0.1,0.15,0.1
13874,13874,Villaines-la-Juhel,52,Pays De La Loire,0.15,0.15,0.1,0.15,0.1
13875,13875,Villaines-les-Rochers,24,Centre-val De Loire,0.15,0.15,0.1,0.15,0.1
13876,13876,Villaines-sous-Bois,11,Île-de-france,0.15,0.15,0.1,0.15,0.1
13877,13877,Villaines-sous-Lucé,52,Pays De La Loire,0.15,0.15,0.1,0.15,0.1
13878,13878,Villaines-sous-Malicorne,52,Pays De La Loire,0.15,0.15,0.1,0.15,0.1
13879,13879,Villalier,76,Occitanie,0.15,0.15,0.1,0.15,0.1
13880,13880,Villamblard,75,Nouvelle-aquitaine,0.15,0.15,0.1,0.15,0.1
13881,13881,Villandraut,75,Nouvelle-aquitaine,0.15,0.15,0.1,0.15,0.1
13882,13882,Villandry,24,Centre-val De Loire,0.15,0.15,0.1,0.15,0.1
13883,13883,Villapourçon,27,Bourgogne-franche-comté,0.15,0.15,0.1,0.15,0.1
13884,13884,Villar-Saint-Pancrace,93,Provence-alpes-côte D'azur,0.15,0.15,0.1,0.15,0.1
13885,13885,Villard-Bonnot,84,Auvergne-rhône-alpes,0.15,0.15,0.1,0.15,0.1
13886,13886,Villard-Saint-Sauveur,27,Bourgogne-franche-comté,0.15,0.15,0.1,0.15,0.1
13887,13887,Villard-de-Lans,84,Auvergne-rhône-alpes,0.15,0.15,0.1,0.15,0.1
13888,13888,Villard-sur-Doron,84,Auvergne-rhône-alpes,0.15,0.15,0.1,0.15,0.1
13889,13889,Villargondran,84,Auvergne-rhône-alpes,0.15,0.15,0.1,0.15,0.1
13890,13890,Villariès,76,Occitanie,0.15,0.15,0.1,0.15,0.1
13891,13891,Villarodin,,MISSING,0.15,0.15,0.1,0.15,0.1
13892,13892,Villars,93,Provence-alpes-côte D'azur,0.15,0.15,0.1,0.15,0.1
13893,13893,Villars-les-Dombes,84,Auvergne-rhône-alpes,0.15,0.15,0.1,0.15,0.1
13894,13894,Villars-sur-Var,93,Provence-alpes-côte D'azur,0.15,0.15,0.1,0.15,0.1
13895,13895,Villasavary,76,Occitanie,0.15,0.15,0.1,0.15,0.1
13896,13896,Villaudric,76,Occitanie,0.15,0.15,0.1,0.15,0.1
13897,13897,Villaz,84,Auvergne-rhône-alpes,0.15,0.15,0.1,0.15,0.1
13898,13898,Ville,32,Hauts-de-france,0.15,0.15,0.1,0.15,0.1
13899,13899,Ville-Houdlémont,44,Grand Est,0.15,0.15,0.1,0.15,0.1
13900,13900,Ville-Saint-Jacques,11,Île-de-france,0.15,0.15,0.1,0.15,0.1
13901,13901,Ville-en-Sallaz,84,Auvergne-rhône-alpes,0.15,0.15,0.1,0.15,0.1
13902,13902,Ville-en-Tardenois,44,Grand Est,0.15,0.15,0.1,0.15,0.1
13903,13903,Ville-en-Vermois,44,Grand Est,0.15,0.15,0.1,0.15,0.1
13904,13904,Ville-la-Grand,84,Auvergne-rhône-alpes,0.15,0.15,0.1,0.15,0.1
13905,13905,Ville-sous-Anjou,84,Auvergne-rhône-alpes,0.15,0.15,0.1,0.15,0.1
13906,13906,Ville-sous-la-Ferté,44,Grand Est,0.15,0.15,0.1,0.15,0.1
13907,13907,Ville-sur-Jarnioux,84,Auvergne-rhône-alpes,0.15,0.15,0.1,0.15,0.1
13908,13908,Villebarou,24,Centre-val De Loire,0.15,0.15,0.1,0.15,0.1
13909,13909,Villebernier,52,Pays De La Loire,0.15,0.15,0.1,0.15,0.1
13910,13910,Villeblevin,27,Bourgogne-franche-comté,0.15,0.15,0.1,0.15,0.1
13911,13911,Villebois,84,Auvergne-rhône-alpes,0.15,0.15,0.1,0.15,0.1
13912,13912,Villebois-Lavalette,75,Nouvelle-aquitaine,0.15,0.15,0.1,0.15,0.1
13913,13913,Villebon-sur-Yvette,11,Île-de-france,0.15,0.15,0.1,0.15,0.1
13914,13914,Villebret,84,Auvergne-rhône-alpes,0.15,0.15,0.1,0.15,0.1
13915,13915,Villebrumier,76,Occitanie,0.15,0.15,0.1,0.15,0.1
13916,13916,Villecerf,11,Île-de-france,0.15,0.15,0.1,0.15,0.1
13917,13917,Villechenève,84,Auvergne-rhône-alpes,0.15,0.15,0.1,0.15,0.1
13918,13918,Villechétif,44,Grand Est,0.15,0.15,0.1,0.15,0.1
13919,13919,Villecomtal-sur-Arros,76,Occitanie,0.15,0.15,0.1,0.15,0.1
13920,13920,Villeconin,11,Île-de-france,0.15,0.15,0.1,0.15,0.1
13921,13921,Villecresnes,11,Île-de-france,0.15,0.15,0.1,0.15,0.1
13922,13922,Villecroze,93,Provence-alpes-côte D'azur,0.15,0.15,0.1,0.15,0.1
13923,13923,Villedieu,93,Provence-alpes-côte D'azur,0.15,0.15,0.1,0.15,0.1
13924,13924,Villedieu-la-Blouère,52,Pays De La Loire,0.15,0.15,0.1,0.15,0.1
13925,13925,Villedieu-les-Poêles,28,Normandie,0.15,0.15,0.1,0.15,0.1
13926,13926,Villedieu-sur-Indre,24,Centre-val De Loire,0.15,0.15,0.1,0.15,0.1
13927,13927,Villedoux,75,Nouvelle-aquitaine,0.15,0.15,0.1,0.15,0.1
13928,13928,Villedômer,24,Centre-val De Loire,0.15,0.15,0.1,0.15,0.1
13929,13929,Villefagnan,75,Nouvelle-aquitaine,0.15,0.15,0.1,0.15,0.1
13930,13930,Villefargeau,27,Bourgogne-franche-comté,0.15,0.15,0.1,0.15,0.1
13931,13931,Villefontaine,84,Auvergne-rhône-alpes,0.15,0.15,0.1,0.15,0.1
13932,13932,Villefort,76,Occitanie,0.15,0.15,0.1,0.15,0.1
13933,13933,Villefranche,76,Occitanie,0.15,0.15,0.1,0.15,0.1
13934,13934,Villefranche-d'Albigeois,76,Occitanie,0.15,0.15,0.1,0.15,0.1
13935,13935,Villefranche-de-Lauragais,76,Occitanie,0.15,0.15,0.1,0.15,0.1
13936,13936,Villefranche-de-Lonchat,75,Nouvelle-aquitaine,0.15,0.15,0.1,0.15,0.1
13937,13937,Villefranche-de-Panat,76,Occitanie,0.15,0.15,0.1,0.15,0.1
13938,13938,Villefranche-de-Rouergue,76,Occitanie,0.15,0.15,0.1,0.15,0.1
13939,13939,Villefranche-du-Périgord,75,Nouvelle-aquitaine,0.15,0.15,0.1,0.15,0.1
13940,13940,Villefranche-sur-Cher,24,Centre-val De Loire,0.15,0.15,0.1,0.15,0.1
13941,13941,Villefranche-sur-Mer,93,Provence-alpes-côte D'azur,0.15,0.15,0.1,0.15,0.1
13942,13942,Villefranche-sur-Saône,84,Auvergne-rhône-alpes,0.15,0.15,0.1,0.15,0.1
13943,13943,Villefranque,76,Occitanie,0.15,0.15,0.1,0.15,0.1
13944,13944,Villegailhenc,76,Occitanie,0.15,0.15,0.1,0.15,0.1
13945,13945,Villegly,76,Occitanie,0.15,0.15,0.1,0.15,0.1
13946,13946,Villegouge,75,Nouvelle-aquitaine,0.15,0.15,0.1,0.15,0.1
13947,13947,Villegusien-le-Lac,44,Grand Est,0.15,0.15,0.1,0.15,0.1
13948,13948,Villeherviers,24,Centre-val De Loire,0.15,0.15,0.1,0.15,0.1
13949,13949,Villejuif,11,Île-de-france,0.15,0.15,0.1,0.15,0.1
13950,13950,Villejust,11,Île-de-france,0.15,0.15,0.1,0.15,0.1
13951,13951,Villejésus,75,Nouvelle-aquitaine,0.15,0.15,0.1,0.15,0.1
13952,13952,Villelaure,93,Provence-alpes-côte D'azur,0.15,0.15,0.1,0.15,0.1
13953,13953,Villeloin-Coulangé,24,Centre-val De Loire,0.15,0.15,0.1,0.15,0.1
13954,13954,Villelongue-de-la-Salanque,76,Occitanie,0.15,0.15,0.1,0.15,0.1
13955,13955,Villemade,76,Occitanie,0.15,0.15,0.1,0.15,0.1
13956,13956,Villemandeur,24,Centre-val De Loire,0.15,0.15,0.1,0.15,0.1
13957,13957,Villemanoche,27,Bourgogne-franche-comté,0.15,0.15,0.1,0.15,0.1
13958,13958,Villemaréchal,11,Île-de-france,0.15,0.15,0.1,0.15,0.1
13959,13959,Villematier,76,Occitanie,0.15,0.15,0.1,0.15,0.1
13960,13960,Villemer,27,Bourgogne-franche-comté,0.15,0.15,0.1,0.15,0.1
13961,13961,Villemeux-sur-Eure,24,Centre-val De Loire,0.15,0.15,0.1,0.15,0.1
13962,13962,Villemoirieu,84,Auvergne-rhône-alpes,0.15,0.15,0.1,0.15,0.1
13963,13963,Villemoisan,52,Pays De La Loire,0.15,0.15,0.1,0.15,0.1
13964,13964,Villemoisson-sur-Orge,11,Île-de-france,0.15,0.15,0.1,0.15,0.1
13965,13965,Villemolaque,76,Occitanie,0.15,0.15,0.1,0.15,0.1
13966,13966,Villemomble,11,Île-de-france,0.15,0.15,0.1,0.15,0.1
13967,13967,Villemontais,84,Auvergne-rhône-alpes,0.15,0.15,0.1,0.15,0.1
13968,13968,Villemotier,84,Auvergne-rhône-alpes,0.15,0.15,0.1,0.15,0.1
13969,13969,Villemoustaussou,76,Occitanie,0.15,0.15,0.1,0.15,0.1
13970,13970,Villemoutiers,24,Centre-val De Loire,0.15,0.15,0.1,0.15,0.1
13971,13971,Villemoyenne,44,Grand Est,0.15,0.15,0.1,0.15,0.1
13972,13972,Villemur-sur-Tarn,76,Occitanie,0.15,0.15,0.1,0.15,0.1
13973,13973,Villemurlin,24,Centre-val De Loire,0.15,0.15,0.1,0.15,0.1
13974,13974,Villenauxe-la-Grande,44,Grand Est,0.15,0.15,0.1,0.15,0.1
13975,13975,Villeneuve,93,Provence-alpes-côte D'azur,0.15,0.15,0.1,0.15,0.1
13976,13976,Villeneuve-Loubet,93,Provence-alpes-côte D'azur,0.15,0.15,0.1,0.15,0.1
13977,13977,Villeneuve-Minervois,76,Occitanie,0.15,0.15,0.1,0.15,0.1
13978,13978,Villeneuve-Saint-Denis,11,Île-de-france,0.15,0.15,0.1,0.15,0.1
13979,13979,Villeneuve-Saint-Georges,11,Île-de-france,0.15,0.15,0.1,0.15,0.1
13980,13980,Villeneuve-Saint-Germain,32,Hauts-de-france,0.15,0.15,0.1,0.15,0.1
13981,13981,Villeneuve-Tolosane,76,Occitanie,0.15,0.15,0.1,0.15,0.1
13982,13982,Villeneuve-d'Ascq,32,Hauts-de-france,0.15,0.15,0.1,0.15,0.1
13983,13983,Villeneuve-de-Berg,84,Auvergne-rhône-alpes,0.15,0.15,0.1,0.15,0.1
13984,13984,Villeneuve-de-Marc,84,Auvergne-rhône-alpes,0.15,0.15,0.1,0.15,0.1
13985,13985,Villeneuve-de-Marsan,75,Nouvelle-aquitaine,0.15,0.15,0.1,0.15,0.1
13986,13986,Villeneuve-de-Rivière,76,Occitanie,0.15,0.15,0.1,0.15,0.1
13987,13987,Villeneuve-de-la-Raho,76,Occitanie,0.15,0.15,0.1,0.15,0.1
13988,13988,Villeneuve-du-Paréage,76,Occitanie,0.15,0.15,0.1,0.15,0.1
13989,13989,Villeneuve-la-Comptal,76,Occitanie,0.15,0.15,0.1,0.15,0.1
13990,13990,Villeneuve-la-Comtesse,75,Nouvelle-aquitaine,0.15,0.15,0.1,0.15,0.1
13991,13991,Villeneuve-la-Garenne,11,Île-de-france,0.15,0.15,0.1,0.15,0.1
13992,13992,Villeneuve-la-Guyard,27,Bourgogne-franche-comté,0.15,0.15,0.1,0.15,0.1
13993,13993,Villeneuve-la-Rivière,76,Occitanie,0.15,0.15,0.1,0.15,0.1
13994,13994,Villeneuve-le-Comte,11,Île-de-france,0.15,0.15,0.1,0.15,0.1
13995,13995,Villeneuve-le-Roi,11,Île-de-france,0.15,0.15,0.1,0.15,0.1
13996,13996,Villeneuve-les-Bordes,11,Île-de-france,0.15,0.15,0.1,0.15,0.1
13997,13997,Villeneuve-les-Sablons,32,Hauts-de-france,0.15,0.15,0.1,0.15,0.1
13998,13998,Villeneuve-lès-Avignon,76,Occitanie,0.15,0.15,0.1,0.15,0.1
13999,13999,Villeneuve-lès-Bouloc,76,Occitanie,0.15,0.15,0.1,0.15,0.1
14000,14000,Villeneuve-lès-Béziers,76,Occitanie,0.15,0.15,0.1,0.15,0.1
14001,14001,Villeneuve-lès-Maguelone,76,Occitanie,0.15,0.15,0.1,0.15,0.1
14002,14002,Villeneuve-sous-Dammartin,11,Île-de-france,0.15,0.15,0.1,0.15,0.1
14003,14003,Villeneuve-sur-Allier,84,Auvergne-rhône-alpes,0.15,0.15,0.1,0.15,0.1
14004,14004,Villeneuve-sur-Auvers,11,Île-de-france,0.15,0.15,0.1,0.15,0.1
14005,14005,Villeneuve-sur-Bellot,11,Île-de-france,0.15,0.15,0.1,0.15,0.1
14006,14006,Villeneuve-sur-Lot,75,Nouvelle-aquitaine,0.15,0.15,0.1,0.15,0.1
14007,14007,Villeneuve-sur-Verberie,32,Hauts-de-france,0.15,0.15,0.1,0.15,0.1
14008,14008,Villeneuve-sur-Yonne,27,Bourgogne-franche-comté,0.15,0.15,0.1,0.15,0.1
14009,14009,Villennes-sur-Seine,11,Île-de-france,0.15,0.15,0.1,0.15,0.1
14010,14010,Villenouvelle,76,Occitanie,0.15,0.15,0.1,0.15,0.1
14011,14011,Villenoy,11,Île-de-france,0.15,0.15,0.1,0.15,0.1
14012,14012,Villentrois,24,Centre-val De Loire,0.15,0.15,0.1,0.15,0.1
14013,14013,Villeparisis,11,Île-de-france,0.15,0.15,0.1,0.15,0.1
14014,14014,Villeperdue,24,Centre-val De Loire,0.15,0.15,0.1,0.15,0.1
14015,14015,Villepinte,76,Occitanie,0.15,0.15,0.1,0.15,0.1
14016,14016,Villepot,52,Pays De La Loire,0.15,0.15,0.1,0.15,0.1
14017,14017,Villepreux,11,Île-de-france,0.15,0.15,0.1,0.15,0.1
14018,14018,Villequier,28,Normandie,0.15,0.15,0.1,0.15,0.1
14019,14019,Villequier-Aumont,32,Hauts-de-france,0.15,0.15,0.1,0.15,0.1
14020,14020,Villerable,24,Centre-val De Loire,0.15,0.15,0.1,0.15,0.1
14021,14021,Villerbon,24,Centre-val De Loire,0.15,0.15,0.1,0.15,0.1
14022,14022,Villereau,32,Hauts-de-france,0.15,0.15,0.1,0.15,0.1
14023,14023,Villerest,84,Auvergne-rhône-alpes,0.15,0.15,0.1,0.15,0.1
14024,14024,Villereversure,84,Auvergne-rhône-alpes,0.15,0.15,0.1,0.15,0.1
14025,14025,Villeron,11,Île-de-france,0.15,0.15,0.1,0.15,0.1
14026,14026,Villeroy,32,Hauts-de-france,0.15,0.15,0.1,0.15,0.1
14027,14027,Villers,84,Auvergne-rhône-alpes,0.15,0.15,0.1,0.15,0.1
14028,14028,Villers-Allerand,44,Grand Est,0.15,0.15,0.1,0.15,0.1
14029,14029,Villers-Bocage,32,Hauts-de-france,0.15,0.15,0.1,0.15,0.1
14030,14030,Villers-Bretonneux,32,Hauts-de-france,0.15,0.15,0.1,0.15,0.1
14031,14031,Villers-Canivet,28,Normandie,0.15,0.15,0.1,0.15,0.1
14032,14032,Villers-Cotterêts,32,Hauts-de-france,0.15,0.15,0.1,0.15,0.1
14033,14033,Villers-Faucon,32,Hauts-de-france,0.15,0.15,0.1,0.15,0.1
14034,14034,Villers-Guislain,32,Hauts-de-france,0.15,0.15,0.1,0.15,0.1
14035,14035,Villers-Marmery,44,Grand Est,0.15,0.15,0.1,0.15,0.1
14036,14036,Villers-Outréaux,32,Hauts-de-france,0.15,0.15,0.1,0.15,0.1
14037,14037,Villers-Pol,32,Hauts-de-france,0.15,0.15,0.1,0.15,0.1
14038,14038,Villers-Saint-Barthélemy,32,Hauts-de-france,0.15,0.15,0.1,0.15,0.1
14039,14039,Villers-Saint-Frambourg,32,Hauts-de-france,0.15,0.15,0.1,0.15,0.1
14040,14040,Villers-Saint-Paul,32,Hauts-de-france,0.15,0.15,0.1,0.15,0.1
14041,14041,Villers-Saint-Sépulcre,32,Hauts-de-france,0.15,0.15,0.1,0.15,0.1
14042,14042,Villers-Semeuse,44,Grand Est,0.15,0.15,0.1,0.15,0.1
14043,14043,Villers-au-Tertre,32,Hauts-de-france,0.15,0.15,0.1,0.15,0.1
14044,14044,Villers-en-Cauchies,32,Hauts-de-france,0.15,0.15,0.1,0.15,0.1
14045,14045,Villers-la-Chèvre,44,Grand Est,0.15,0.15,0.1,0.15,0.1
14046,14046,Villers-la-Montagne,44,Grand Est,0.15,0.15,0.1,0.15,0.1
14047,14047,Villers-le-Lac,27,Bourgogne-franche-comté,0.15,0.15,0.1,0.15,0.1
14048,14048,Villers-le-Sec,44,Grand Est,0.15,0.15,0.1,0.15,0.1
14049,14049,Villers-les-Pots,27,Bourgogne-franche-comté,0.15,0.15,0.1,0.15,0.1
14050,14050,Villers-lès-Nancy,44,Grand Est,0.15,0.15,0.1,0.15,0.1
14051,14051,Villers-sous-Saint-Leu,32,Hauts-de-france,0.15,0.15,0.1,0.15,0.1
14052,14052,Villers-sur-Coudun,32,Hauts-de-france,0.15,0.15,0.1,0.15,0.1
14053,14053,Villers-sur-Mer,28,Normandie,0.15,0.15,0.1,0.15,0.1
14054,14054,Villers-sur-le-Roule,28,Normandie,0.15,0.15,0.1,0.15,0.1
14055,14055,Villers-Écalles,28,Normandie,0.15,0.15,0.1,0.15,0.1
14056,14056,Villersexel,27,Bourgogne-franche-comté,0.15,0.15,0.1,0.15,0.1
14057,14057,Villerupt,44,Grand Est,0.15,0.15,0.1,0.15,0.1
14058,14058,Villerville,28,Normandie,0.15,0.15,0.1,0.15,0.1
14059,14059,Villeréal,75,Nouvelle-aquitaine,0.15,0.15,0.1,0.15,0.1
14060,14060,Villes-sur-Auzon,93,Provence-alpes-côte D'azur,0.15,0.15,0.1,0.15,0.1
14061,14061,Villesèquelande,76,Occitanie,0.15,0.15,0.1,0.15,0.1
14062,14062,Villetaneuse,11,Île-de-france,0.15,0.15,0.1,0.15,0.1
14063,14063,Villetelle,76,Occitanie,0.15,0.15,0.1,0.15,0.1
14064,14064,Villethierry,27,Bourgogne-franche-comté,0.15,0.15,0.1,0.15,0.1
14065,14065,Villeton,75,Nouvelle-aquitaine,0.15,0.15,0.1,0.15,0.1
14066,14066,Villetoureix,75,Nouvelle-aquitaine,0.15,0.15,0.1,0.15,0.1
14067,14067,Villette,44,Grand Est,0.15,0.15,0.1,0.15,0.1
14068,14068,Villette-de-Vienne,84,Auvergne-rhône-alpes,0.15,0.15,0.1,0.15,0.1
14069,14069,Villette-lès-Dole,27,Bourgogne-franche-comté,0.15,0.15,0.1,0.15,0.1
14070,14070,Villeurbanne,84,Auvergne-rhône-alpes,0.15,0.15,0.1,0.15,0.1
14071,14071,Villevaudé,11,Île-de-france,0.15,0.15,0.1,0.15,0.1
14072,14072,Villeveyrac,76,Occitanie,0.15,0.15,0.1,0.15,0.1
14073,14073,Villevieille,76,Occitanie,0.15,0.15,0.1,0.15,0.1
14074,14074,Villevieux,27,Bourgogne-franche-comté,0.15,0.15,0.1,0.15,0.1
14075,14075,Villevocance,84,Auvergne-rhône-alpes,0.15,0.15,0.1,0.15,0.1
14076,14076,Villevêque,52,Pays De La Loire,0.15,0.15,0.1,0.15,0.1
14077,14077,Villey-Saint-Étienne,44,Grand Est,0.15,0.15,0.1,0.15,0.1
14078,14078,Villiers-Adam,11,Île-de-france,0.15,0.15,0.1,0.15,0.1
14079,14079,Villiers-Charlemagne,52,Pays De La Loire,0.15,0.15,0.1,0.15,0.1
14080,14080,Villiers-Saint-Fréderic,11,Île-de-france,0.15,0.15,0.1,0.15,0.1
14081,14081,Villiers-Saint-Georges,11,Île-de-france,0.15,0.15,0.1,0.15,0.1
14082,14082,Villiers-au-Bouin,24,Centre-val De Loire,0.15,0.15,0.1,0.15,0.1
14083,14083,Villiers-en-Désœuvre,28,Normandie,0.15,0.15,0.1,0.15,0.1
14084,14084,Villiers-en-Lieu,44,Grand Est,0.15,0.15,0.1,0.15,0.1
14085,14085,Villiers-en-Plaine,75,Nouvelle-aquitaine,0.15,0.15,0.1,0.15,0.1
14086,14086,Villiers-le-Bel,11,Île-de-france,0.15,0.15,0.1,0.15,0.1
14087,14087,Villiers-le-Bâcle,11,Île-de-france,0.15,0.15,0.1,0.15,0.1
14088,14088,Villiers-le-Mahieu,11,Île-de-france,0.15,0.15,0.1,0.15,0.1
14089,14089,Villiers-le-Morhier,24,Centre-val De Loire,0.15,0.15,0.1,0.15,0.1
14090,14090,Villiers-le-Sec,44,Grand Est,0.15,0.15,0.1,0.15,0.1
14091,14091,Villiers-sous-Grez,11,Île-de-france,0.15,0.15,0.1,0.15,0.1
14092,14092,Villiers-sur-Loir,24,Centre-val De Loire,0.15,0.15,0.1,0.15,0.1
14093,14093,Villiers-sur-Marne,11,Île-de-france,0.15,0.15,0.1,0.15,0.1
14094,14094,Villiers-sur-Morin,11,Île-de-france,0.15,0.15,0.1,0.15,0.1
14095,14095,Villiers-sur-Orge,11,Île-de-france,0.15,0.15,0.1,0.15,0.1
14096,14096,Villié-Morgon,84,Auvergne-rhône-alpes,0.15,0.15,0.1,0.15,0.1
14097,14097,Villons-les-Buissons,28,Normandie,0.15,0.15,0.1,0.15,0.1
14098,14098,Villorceau,24,Centre-val De Loire,0.15,0.15,0.1,0.15,0.1
14099,14099,Villy-Bocage,28,Normandie,0.15,0.15,0.1,0.15,0.1
14100,14100,Villé,44,Grand Est,0.15,0.15,0.1,0.15,0.1
14101,14101,Vimines,84,Auvergne-rhône-alpes,0.15,0.15,0.1,0.15,0.1
14102,14102,Vimont,28,Normandie,0.15,0.15,0.1,0.15,0.1
14103,14103,Vimory,24,Centre-val De Loire,0.15,0.15,0.1,0.15,0.1
14104,14104,Vimoutiers,28,Normandie,0.15,0.15,0.1,0.15,0.1
14105,14105,Vimy,32,Hauts-de-france,0.15,0.15,0.1,0.15,0.1
14106,14106,Vinassan,76,Occitanie,0.15,0.15,0.1,0.15,0.1
14107,14107,Vinay,84,Auvergne-rhône-alpes,0.15,0.15,0.1,0.15,0.1
14108,14108,Vincelles,44,Grand Est,0.15,0.15,0.1,0.15,0.1
14109,14109,Vincennes,11,Île-de-france,0.15,0.15,0.1,0.15,0.1
14110,14110,Vincey,44,Grand Est,0.15,0.15,0.1,0.15,0.1
14111,14111,Vindelle,75,Nouvelle-aquitaine,0.15,0.15,0.1,0.15,0.1
14112,14112,Vineuil,24,Centre-val De Loire,0.15,0.15,0.1,0.15,0.1
14113,14113,Vineuil-Saint-Firmin,32,Hauts-de-france,0.15,0.15,0.1,0.15,0.1
14114,14114,Vingrau,76,Occitanie,0.15,0.15,0.1,0.15,0.1
14115,14115,Vinneuf,27,Bourgogne-franche-comté,0.15,0.15,0.1,0.15,0.1
14116,14116,Vinon-sur-Verdon,93,Provence-alpes-côte D'azur,0.15,0.15,0.1,0.15,0.1
14117,14117,Vins-sur-Caramy,93,Provence-alpes-côte D'azur,0.15,0.15,0.1,0.15,0.1
14118,14118,Vinsobres,84,Auvergne-rhône-alpes,0.15,0.15,0.1,0.15,0.1
14119,14119,Vinzelles,84,Auvergne-rhône-alpes,0.15,0.15,0.1,0.15,0.1
14120,14120,Vinzier,84,Auvergne-rhône-alpes,0.15,0.15,0.1,0.15,0.1
14121,14121,Vinça,76,Occitanie,0.15,0.15,0.1,0.15,0.1
14122,14122,Viodos,,MISSING,0.15,0.15,0.1,0.15,0.1
14123,14123,Violaines,32,Hauts-de-france,0.15,0.15,0.1,0.15,0.1
14124,14124,Violay,84,Auvergne-rhône-alpes,0.15,0.15,0.1,0.15,0.1
14125,14125,Viols-le-Fort,76,Occitanie,0.15,0.15,0.1,0.15,0.1
14126,14126,Violès,93,Provence-alpes-côte D'azur,0.15,0.15,0.1,0.15,0.1
14127,14127,Vion,84,Auvergne-rhône-alpes,0.15,0.15,0.1,0.15,0.1
14128,14128,Virandeville,28,Normandie,0.15,0.15,0.1,0.15,0.1
14129,14129,Virazeil,75,Nouvelle-aquitaine,0.15,0.15,0.1,0.15,0.1
14130,14130,Vire,28,Normandie,0.15,0.15,0.1,0.15,0.1
14131,14131,Virelade,75,Nouvelle-aquitaine,0.15,0.15,0.1,0.15,0.1
14132,14132,Vireux-Molhain,44,Grand Est,0.15,0.15,0.1,0.15,0.1
14133,14133,Vireux-Wallerand,44,Grand Est,0.15,0.15,0.1,0.15,0.1
14134,14134,Virey,28,Normandie,0.15,0.15,0.1,0.15,0.1
14135,14135,Virey-le-Grand,27,Bourgogne-franche-comté,0.15,0.15,0.1,0.15,0.1
14136,14136,Virey-sous-Bar,44,Grand Est,0.15,0.15,0.1,0.15,0.1
14137,14137,Viriat,84,Auvergne-rhône-alpes,0.15,0.15,0.1,0.15,0.1
14138,14138,Virieu,84,Auvergne-rhône-alpes,0.15,0.15,0.1,0.15,0.1
14139,14139,Virieu-le-Grand,84,Auvergne-rhône-alpes,0.15,0.15,0.1,0.15,0.1
14140,14140,Virignin,84,Auvergne-rhône-alpes,0.15,0.15,0.1,0.15,0.1
14141,14141,Viriville,84,Auvergne-rhône-alpes,0.15,0.15,0.1,0.15,0.1
14142,14142,Viroflay,11,Île-de-france,0.15,0.15,0.1,0.15,0.1
14143,14143,Virsac,75,Nouvelle-aquitaine,0.15,0.15,0.1,0.15,0.1
14144,14144,Viry,84,Auvergne-rhône-alpes,0.15,0.15,0.1,0.15,0.1
14145,14145,Viry-Châtillon,11,Île-de-france,0.15,0.15,0.1,0.15,0.1
14146,14146,Viry-Noureuil,32,Hauts-de-france,0.15,0.15,0.1,0.15,0.1
14147,14147,Viré,27,Bourgogne-franche-comté,0.15,0.15,0.1,0.15,0.1
14148,14148,Vis-en-Artois,32,Hauts-de-france,0.15,0.15,0.1,0.15,0.1
14149,14149,Visan,93,Provence-alpes-côte D'azur,0.15,0.15,0.1,0.15,0.1
14150,14150,Visseiche,53,Bretagne,0.15,0.15,0.1,0.15,0.1
14151,14151,Viterne,44,Grand Est,0.15,0.15,0.1,0.15,0.1
14152,14152,Vitrac,84,Auvergne-rhône-alpes,0.15,0.15,0.1,0.15,0.1
14153,14153,Vitrac-Saint-Vincent,75,Nouvelle-aquitaine,0.15,0.15,0.1,0.15,0.1
14154,14154,Vitrolles,93,Provence-alpes-côte D'azur,0.15,0.15,0.1,0.15,0.1
14155,14155,Vitry-aux-Loges,24,Centre-val De Loire,0.15,0.15,0.1,0.15,0.1
14156,14156,Vitry-en-Artois,32,Hauts-de-france,0.15,0.15,0.1,0.15,0.1
14157,14157,Vitry-en-Charollais,27,Bourgogne-franche-comté,0.15,0.15,0.1,0.15,0.1
14158,14158,Vitry-en-Perthois,44,Grand Est,0.15,0.15,0.1,0.15,0.1
14159,14159,Vitry-le-François,44,Grand Est,0.15,0.15,0.1,0.15,0.1
14160,14160,Vitry-sur-Orne,44,Grand Est,0.15,0.15,0.1,0.15,0.1
14161,14161,Vitry-sur-Seine,11,Île-de-france,0.15,0.15,0.1,0.15,0.1
14162,14162,Vitré,75,Nouvelle-aquitaine,0.15,0.15,0.1,0.15,0.1
14163,14163,Vitteaux,27,Bourgogne-franche-comté,0.15,0.15,0.1,0.15,0.1
14164,14164,Vittefleur,28,Normandie,0.15,0.15,0.1,0.15,0.1
14165,14165,Vittel,44,Grand Est,0.15,0.15,0.1,0.15,0.1
14166,14166,Viuz-en-Sallaz,84,Auvergne-rhône-alpes,0.15,0.15,0.1,0.15,0.1
14167,14167,Viuz-la-Chiésaz,84,Auvergne-rhône-alpes,0.15,0.15,0.1,0.15,0.1
14168,14168,Vivaise,32,Hauts-de-france,0.15,0.15,0.1,0.15,0.1
14169,14169,Vivario,94,Corse,0.15,0.15,0.1,0.15,0.1
14170,14170,Vivier-au-Court,44,Grand Est,0.15,0.15,0.1,0.15,0.1
14171,14171,Viviers,84,Auvergne-rhône-alpes,0.15,0.15,0.1,0.15,0.1
14172,14172,Viviers-du-Lac,84,Auvergne-rhône-alpes,0.15,0.15,0.1,0.15,0.1
14173,14173,Viviers-lès-Montagnes,76,Occitanie,0.15,0.15,0.1,0.15,0.1
14174,14174,Viviers-sur-Chiers,44,Grand Est,0.15,0.15,0.1,0.15,0.1
14175,14175,Viviez,76,Occitanie,0.15,0.15,0.1,0.15,0.1
14176,14176,Vivoin,52,Pays De La Loire,0.15,0.15,0.1,0.15,0.1
14177,14177,Vivonne,75,Nouvelle-aquitaine,0.15,0.15,0.1,0.15,0.1
14178,14178,Vivy,52,Pays De La Loire,0.15,0.15,0.1,0.15,0.1
14179,14179,Vix,52,Pays De La Loire,0.15,0.15,0.1,0.15,0.1
14180,14180,Vizille,84,Auvergne-rhône-alpes,0.15,0.15,0.1,0.15,0.1
14181,14181,Vocance,84,Auvergne-rhône-alpes,0.15,0.15,0.1,0.15,0.1
14182,14182,Vogelgrun,44,Grand Est,0.15,0.15,0.1,0.15,0.1
14183,14183,Voglans,84,Auvergne-rhône-alpes,0.15,0.15,0.1,0.15,0.1
14184,14184,Vogüé,84,Auvergne-rhône-alpes,0.15,0.15,0.1,0.15,0.1
14185,14185,Void-Vacon,44,Grand Est,0.15,0.15,0.1,0.15,0.1
14186,14186,Voinsles,11,Île-de-france,0.15,0.15,0.1,0.15,0.1
14187,14187,Voiron,84,Auvergne-rhône-alpes,0.15,0.15,0.1,0.15,0.1
14188,14188,Voisenon,11,Île-de-france,0.15,0.15,0.1,0.15,0.1
14189,14189,Voisins-le-Bretonneux,11,Île-de-france,0.15,0.15,0.1,0.15,0.1
14190,14190,Voiteur,27,Bourgogne-franche-comté,0.15,0.15,0.1,0.15,0.1
14191,14191,Voivres-lès-le-Mans,52,Pays De La Loire,0.15,0.15,0.1,0.15,0.1
14192,14192,Volckerinckhove,32,Hauts-de-france,0.15,0.15,0.1,0.15,0.1
14193,14193,Volesvres,27,Bourgogne-franche-comté,0.15,0.15,0.1,0.15,0.1
14194,14194,Volgelsheim,44,Grand Est,0.15,0.15,0.1,0.15,0.1
14195,14195,Vollore-Ville,84,Auvergne-rhône-alpes,0.15,0.15,0.1,0.15,0.1
14196,14196,Volmerange-les-Mines,44,Grand Est,0.15,0.15,0.1,0.15,0.1
14197,14197,Volmunster,44,Grand Est,0.15,0.15,0.1,0.15,0.1
14198,14198,Volnay,52,Pays De La Loire,0.15,0.15,0.1,0.15,0.1
14199,14199,Volonne,93,Provence-alpes-côte D'azur,0.15,0.15,0.1,0.15,0.1
14200,14200,Volstroff,44,Grand Est,0.15,0.15,0.1,0.15,0.1
14201,14201,Volvic,84,Auvergne-rhône-alpes,0.15,0.15,0.1,0.15,0.1
14202,14202,Volx,93,Provence-alpes-côte D'azur,0.15,0.15,0.1,0.15,0.1
14203,14203,Vonnas,84,Auvergne-rhône-alpes,0.15,0.15,0.1,0.15,0.1
14204,14204,Voreppe,84,Auvergne-rhône-alpes,0.15,0.15,0.1,0.15,0.1
14205,14205,Vorey,84,Auvergne-rhône-alpes,0.15,0.15,0.1,0.15,0.1
14206,14206,Vougy,84,Auvergne-rhône-alpes,0.15,0.15,0.1,0.15,0.1
14207,14207,Vouillé,75,Nouvelle-aquitaine,0.15,0.15,0.1,0.15,0.1
14208,14208,Vouillé-les-Marais,52,Pays De La Loire,0.15,0.15,0.1,0.15,0.1
14209,14209,Voujeaucourt,27,Bourgogne-franche-comté,0.15,0.15,0.1,0.15,0.1
14210,14210,Voulangis,11,Île-de-france,0.15,0.15,0.1,0.15,0.1
14211,14211,Voulmentin,75,Nouvelle-aquitaine,0.15,0.15,0.1,0.15,0.1
14212,14212,Voulx,11,Île-de-france,0.15,0.15,0.1,0.15,0.1
14213,14213,Vouneuil-sous-Biard,75,Nouvelle-aquitaine,0.15,0.15,0.1,0.15,0.1
14214,14214,Vouneuil-sur-Vienne,75,Nouvelle-aquitaine,0.15,0.15,0.1,0.15,0.1
14215,14215,Vourey,84,Auvergne-rhône-alpes,0.15,0.15,0.1,0.15,0.1
14216,14216,Vourles,84,Auvergne-rhône-alpes,0.15,0.15,0.1,0.15,0.1
14217,14217,Voutezac,75,Nouvelle-aquitaine,0.15,0.15,0.1,0.15,0.1
14218,14218,Voutré,52,Pays De La Loire,0.15,0.15,0.1,0.15,0.1
14219,14219,Vouvant,52,Pays De La Loire,0.15,0.15,0.1,0.15,0.1
14220,14220,Vouvray,24,Centre-val De Loire,0.15,0.15,0.1,0.15,0.1
14221,14221,Vouvray-sur-Loir,52,Pays De La Loire,0.15,0.15,0.1,0.15,0.1
14222,14222,Vouzeron,24,Centre-val De Loire,0.15,0.15,0.1,0.15,0.1
14223,14223,Vouziers,44,Grand Est,0.15,0.15,0.1,0.15,0.1
14224,14224,Vouzon,24,Centre-val De Loire,0.15,0.15,0.1,0.15,0.1
14225,14225,Voves,24,Centre-val De Loire,0.15,0.15,0.1,0.15,0.1
14226,14226,Voyennes,32,Hauts-de-france,0.15,0.15,0.1,0.15,0.1
14227,14227,Vred,32,Hauts-de-france,0.15,0.15,0.1,0.15,0.1
14228,14228,Vrigne-aux-Bois,44,Grand Est,0.15,0.15,0.1,0.15,0.1
14229,14229,Vrigny,44,Grand Est,0.15,0.15,0.1,0.15,0.1
14230,14230,Vritz,52,Pays De La Loire,0.15,0.15,0.1,0.15,0.1
14231,14231,Vron,32,Hauts-de-france,0.15,0.15,0.1,0.15,0.1
14232,14232,Vue,52,Pays De La Loire,0.15,0.15,0.1,0.15,0.1
14233,14233,Vuillafans,27,Bourgogne-franche-comté,0.15,0.15,0.1,0.15,0.1
14234,14234,Vuillecin,27,Bourgogne-franche-comté,0.15,0.15,0.1,0.15,0.1
14235,14235,Vulaines-sur-Seine,11,Île-de-france,0.15,0.15,0.1,0.15,0.1
14236,14236,Vulbens,84,Auvergne-rhône-alpes,0.15,0.15,0.1,0.15,0.1
14237,14237,Vy-lès-Lure,27,Bourgogne-franche-comté,0.15,0.15,0.1,0.15,0.1
14238,14238,Vélines,75,Nouvelle-aquitaine,0.15,0.15,0.1,0.15,0.1
14239,14239,Vélizy-Villacoublay,11,Île-de-france,0.15,0.15,0.1,0.15,0.1
14240,14240,Vémars,11,Île-de-france,0.15,0.15,0.1,0.15,0.1
14241,14241,Vénissieux,84,Auvergne-rhône-alpes,0.15,0.15,0.1,0.15,0.1
14242,14242,Vénosc,84,Auvergne-rhône-alpes,0.15,0.15,0.1,0.15,0.1
14243,14243,Vénès,76,Occitanie,0.15,0.15,0.1,0.15,0.1
14244,14244,Vénéjan,76,Occitanie,0.15,0.15,0.1,0.15,0.1
14245,14245,Vénérand,75,Nouvelle-aquitaine,0.15,0.15,0.1,0.15,0.1
14246,14246,Vérac,75,Nouvelle-aquitaine,0.15,0.15,0.1,0.15,0.1
14247,14247,Véranne,84,Auvergne-rhône-alpes,0.15,0.15,0.1,0.15,0.1
14248,14248,Vérargues,76,Occitanie,0.15,0.15,0.1,0.15,0.1
14249,14249,Véretz,24,Centre-val De Loire,0.15,0.15,0.1,0.15,0.1
14250,14250,Vérin,84,Auvergne-rhône-alpes,0.15,0.15,0.1,0.15,0.1
14251,14251,Vérines,75,Nouvelle-aquitaine,0.15,0.15,0.1,0.15,0.1
14252,14252,Véron,27,Bourgogne-franche-comté,0.15,0.15,0.1,0.15,0.1
14253,14253,Vétheuil,11,Île-de-france,0.15,0.15,0.1,0.15,0.1
14254,14254,Vétraz-Monthoux,84,Auvergne-rhône-alpes,0.15,0.15,0.1,0.15,0.1
14255,14255,Vézac,84,Auvergne-rhône-alpes,0.15,0.15,0.1,0.15,0.1
14256,14256,Vézelay,27,Bourgogne-franche-comté,0.15,0.15,0.1,0.15,0.1
14257,14257,Vézelise,44,Grand Est,0.15,0.15,0.1,0.15,0.1
14258,14258,Vézelois,27,Bourgogne-franche-comté,0.15,0.15,0.1,0.15,0.1
14259,14259,Vézins-de-Lévézou,76,Occitanie,0.15,0.15,0.1,0.15,0.1
14260,14260,Vézénobres,76,Occitanie,0.15,0.15,0.1,0.15,0.1
14261,14261,Vœgtlinshoffen,44,Grand Est,0.15,0.15,0.1,0.15,0.1
14262,14262,Vœuil-et-Giget,75,Nouvelle-aquitaine,0.15,0.15,0.1,0.15,0.1
14263,14263,Wadelincourt,44,Grand Est,0.15,0.15,0.1,0.15,0.1
14264,14264,Wahagnies,32,Hauts-de-france,0.15,0.15,0.1,0.15,0.1
14265,14265,Wailly,32,Hauts-de-france,0.15,0.15,0.1,0.15,0.1
14266,14266,Wailly-Beaucamp,32,Hauts-de-france,0.15,0.15,0.1,0.15,0.1
14267,14267,Walbach,44,Grand Est,0.15,0.15,0.1,0.15,0.1
14268,14268,Walbourg,44,Grand Est,0.15,0.15,0.1,0.15,0.1
14269,14269,Waldhambach,44,Grand Est,0.15,0.15,0.1,0.15,0.1
14270,14270,Waldighofen,44,Grand Est,0.15,0.15,0.1,0.15,0.1
14271,14271,Waldolwisheim,44,Grand Est,0.15,0.15,0.1,0.15,0.1
14272,14272,Waldwisse,44,Grand Est,0.15,0.15,0.1,0.15,0.1
14273,14273,Walheim,44,Grand Est,0.15,0.15,0.1,0.15,0.1
14274,14274,Walincourt-Selvigny,32,Hauts-de-france,0.15,0.15,0.1,0.15,0.1
14275,14275,Wallers,32,Hauts-de-france,0.15,0.15,0.1,0.15,0.1
14276,14276,Wallon-Cappel,32,Hauts-de-france,0.15,0.15,0.1,0.15,0.1
14277,14277,Walschbronn,44,Grand Est,0.15,0.15,0.1,0.15,0.1
14278,14278,Walscheid,44,Grand Est,0.15,0.15,0.1,0.15,0.1
14279,14279,Waltenheim,44,Grand Est,0.15,0.15,0.1,0.15,0.1
14280,14280,Waltenheim-sur-Zorn,44,Grand Est,0.15,0.15,0.1,0.15,0.1
14281,14281,Wambrechies,32,Hauts-de-france,0.15,0.15,0.1,0.15,0.1
14282,14282,Wancourt,32,Hauts-de-france,0.15,0.15,0.1,0.15,0.1
14283,14283,Wandignies-Hamage,32,Hauts-de-france,0.15,0.15,0.1,0.15,0.1
14284,14284,Wangen,44,Grand Est,0.15,0.15,0.1,0.15,0.1
14285,14285,Wangenbourg-Engenthal,44,Grand Est,0.15,0.15,0.1,0.15,0.1
14286,14286,Wannehain,32,Hauts-de-france,0.15,0.15,0.1,0.15,0.1
14287,14287,Wanquetin,32,Hauts-de-france,0.15,0.15,0.1,0.15,0.1
14288,14288,Warcq,44,Grand Est,0.15,0.15,0.1,0.15,0.1
14289,14289,Wardrecques,32,Hauts-de-france,0.15,0.15,0.1,0.15,0.1
14290,14290,Wargnies-le-Grand,32,Hauts-de-france,0.15,0.15,0.1,0.15,0.1
14291,14291,Wargnies-le-Petit,32,Hauts-de-france,0.15,0.15,0.1,0.15,0.1
14292,14292,Warhem,32,Hauts-de-france,0.15,0.15,0.1,0.15,0.1
14293,14293,Warloy-Baillon,32,Hauts-de-france,0.15,0.15,0.1,0.15,0.1
14294,14294,Warluis,32,Hauts-de-france,0.15,0.15,0.1,0.15,0.1
14295,14295,Warmeriville,44,Grand Est,0.15,0.15,0.1,0.15,0.1
14296,14296,Wasnes-au-Bac,32,Hauts-de-france,0.15,0.15,0.1,0.15,0.1
14297,14297,Wasquehal,32,Hauts-de-france,0.15,0.15,0.1,0.15,0.1
14298,14298,Wasselonne,44,Grand Est,0.15,0.15,0.1,0.15,0.1
14299,14299,Wassigny,32,Hauts-de-france,0.15,0.15,0.1,0.15,0.1
14300,14300,Wassy,44,Grand Est,0.15,0.15,0.1,0.15,0.1
14301,14301,Watten,32,Hauts-de-france,0.15,0.15,0.1,0.15,0.1
14302,14302,Wattignies,32,Hauts-de-france,0.15,0.15,0.1,0.15,0.1
14303,14303,Wattrelos,32,Hauts-de-france,0.15,0.15,0.1,0.15,0.1
14304,14304,Wattwiller,44,Grand Est,0.15,0.15,0.1,0.15,0.1
14305,14305,Wavignies,32,Hauts-de-france,0.15,0.15,0.1,0.15,0.1
14306,14306,Wavrechain-sous-Denain,32,Hauts-de-france,0.15,0.15,0.1,0.15,0.1
14307,14307,Wavrin,32,Hauts-de-france,0.15,0.15,0.1,0.15,0.1
14308,14308,Waziers,32,Hauts-de-france,0.15,0.15,0.1,0.15,0.1
14309,14309,Weinbourg,44,Grand Est,0.15,0.15,0.1,0.15,0.1
14310,14310,Weislingen,44,Grand Est,0.15,0.15,0.1,0.15,0.1
14311,14311,Weitbruch,44,Grand Est,0.15,0.15,0.1,0.15,0.1
14312,14312,Weiterswiller,44,Grand Est,0.15,0.15,0.1,0.15,0.1
14313,14313,Wentzwiller,44,Grand Est,0.15,0.15,0.1,0.15,0.1
14314,14314,Werentzhouse,44,Grand Est,0.15,0.15,0.1,0.15,0.1
14315,14315,Wervicq-Sud,32,Hauts-de-france,0.15,0.15,0.1,0.15,0.1
14316,14316,West-Cappel,32,Hauts-de-france,0.15,0.15,0.1,0.15,0.1
14317,14317,Westhalten,44,Grand Est,0.15,0.15,0.1,0.15,0.1
14318,14318,Westhoffen,44,Grand Est,0.15,0.15,0.1,0.15,0.1
14319,14319,Wettolsheim,44,Grand Est,0.15,0.15,0.1,0.15,0.1
14320,14320,Weyer,44,Grand Est,0.15,0.15,0.1,0.15,0.1
14321,14321,Weyersheim,44,Grand Est,0.15,0.15,0.1,0.15,0.1
14322,14322,Wickerschwihr,44,Grand Est,0.15,0.15,0.1,0.15,0.1
14323,14323,Widensolen,44,Grand Est,0.15,0.15,0.1,0.15,0.1
14324,14324,Wierre-Effroy,32,Hauts-de-france,0.15,0.15,0.1,0.15,0.1
14325,14325,Wiesviller,44,Grand Est,0.15,0.15,0.1,0.15,0.1
14326,14326,Wignehies,32,Hauts-de-france,0.15,0.15,0.1,0.15,0.1
14327,14327,Wihr-au-Val,44,Grand Est,0.15,0.15,0.1,0.15,0.1
14328,14328,Willems,32,Hauts-de-france,0.15,0.15,0.1,0.15,0.1
14329,14329,Willerval,32,Hauts-de-france,0.15,0.15,0.1,0.15,0.1
14330,14330,Willerwald,44,Grand Est,0.15,0.15,0.1,0.15,0.1
14331,14331,Willgottheim,44,Grand Est,0.15,0.15,0.1,0.15,0.1
14332,14332,Wilwisheim,44,Grand Est,0.15,0.15,0.1,0.15,0.1
14333,14333,Wimereux,32,Hauts-de-france,0.15,0.15,0.1,0.15,0.1
14334,14334,Wimille,32,Hauts-de-france,0.15,0.15,0.1,0.15,0.1
14335,14335,Wimmenau,44,Grand Est,0.15,0.15,0.1,0.15,0.1
14336,14336,Wingen-sur-Moder,44,Grand Est,0.15,0.15,0.1,0.15,0.1
14337,14337,Wingersheim,44,Grand Est,0.15,0.15,0.1,0.15,0.1
14338,14338,Wingles,32,Hauts-de-france,0.15,0.15,0.1,0.15,0.1
14339,14339,Winnezeele,32,Hauts-de-france,0.15,0.15,0.1,0.15,0.1
14340,14340,Wintershouse,44,Grand Est,0.15,0.15,0.1,0.15,0.1
14341,14341,Wintzenheim,44,Grand Est,0.15,0.15,0.1,0.15,0.1
14342,14342,Wirwignes,32,Hauts-de-france,0.15,0.15,0.1,0.15,0.1
14343,14343,Wisches,44,Grand Est,0.15,0.15,0.1,0.15,0.1
14344,14344,Wismes,32,Hauts-de-france,0.15,0.15,0.1,0.15,0.1
14345,14345,Wissant,32,Hauts-de-france,0.15,0.15,0.1,0.15,0.1
14346,14346,Wissembourg,44,Grand Est,0.15,0.15,0.1,0.15,0.1
14347,14347,Wissous,11,Île-de-france,0.15,0.15,0.1,0.15,0.1
14348,14348,Witry-lès-Reims,44,Grand Est,0.15,0.15,0.1,0.15,0.1
14349,14349,Wittelsheim,44,Grand Est,0.15,0.15,0.1,0.15,0.1
14350,14350,Wittenheim,44,Grand Est,0.15,0.15,0.1,0.15,0.1
14351,14351,Witternesse,32,Hauts-de-france,0.15,0.15,0.1,0.15,0.1
14352,14352,Wittersdorf,44,Grand Est,0.15,0.15,0.1,0.15,0.1
14353,14353,Wittersheim,44,Grand Est,0.15,0.15,0.1,0.15,0.1
14354,14354,Wittes,32,Hauts-de-france,0.15,0.15,0.1,0.15,0.1
14355,14355,Wittisheim,44,Grand Est,0.15,0.15,0.1,0.15,0.1
14356,14356,Wittring,44,Grand Est,0.15,0.15,0.1,0.15,0.1
14357,14357,Wiwersheim,44,Grand Est,0.15,0.15,0.1,0.15,0.1
14358,14358,Wizernes,32,Hauts-de-france,0.15,0.15,0.1,0.15,0.1
14359,14359,Woerth,44,Grand Est,0.15,0.15,0.1,0.15,0.1
14360,14360,Woignarue,32,Hauts-de-france,0.15,0.15,0.1,0.15,0.1
14361,14361,Woincourt,32,Hauts-de-france,0.15,0.15,0.1,0.15,0.1
14362,14362,Woippy,44,Grand Est,0.15,0.15,0.1,0.15,0.1
14363,14363,Wolfgantzen,44,Grand Est,0.15,0.15,0.1,0.15,0.1
14364,14364,Wolfisheim,44,Grand Est,0.15,0.15,0.1,0.15,0.1
14365,14365,Wolxheim,44,Grand Est,0.15,0.15,0.1,0.15,0.1
14366,14366,Wormhout,32,Hauts-de-france,0.15,0.15,0.1,0.15,0.1
14367,14367,Woustviller,44,Grand Est,0.15,0.15,0.1,0.15,0.1
14368,14368,Wuenheim,44,Grand Est,0.15,0.15,0.1,0.15,0.1
14369,14369,Wœlfling-lès-Sarreguemines,44,Grand Est,0.15,0.15,0.1,0.15,0.1
14370,14370,Xanton-Chassenon,52,Pays De La Loire,0.15,0.15,0.1,0.15,0.1
14371,14371,Xertigny,44,Grand Est,0.15,0.15,0.1,0.15,0.1
14372,14372,Xeuilley,44,Grand Est,0.15,0.15,0.1,0.15,0.1
14373,14373,Xonrupt-Longemer,44,Grand Est,0.15,0.15,0.1,0.15,0.1
14374,14374,Yainville,28,Normandie,0.15,0.15,0.1,0.15,0.1
14375,14375,Ychoux,75,Nouvelle-aquitaine,0.15,0.15,0.1,0.15,0.1
14376,14376,Ydes,84,Auvergne-rhône-alpes,0.15,0.15,0.1,0.15,0.1
14377,14377,Yenne,84,Auvergne-rhône-alpes,0.15,0.15,0.1,0.15,0.1
14378,14378,Yermenonville,24,Centre-val De Loire,0.15,0.15,0.1,0.15,0.1
14379,14379,Yerres,11,Île-de-france,0.15,0.15,0.1,0.15,0.1
14380,14380,Yerville,28,Normandie,0.15,0.15,0.1,0.15,0.1
14381,14381,Yffiniac,53,Bretagne,0.15,0.15,0.1,0.15,0.1
14382,14382,Ygos-Saint-Saturnin,75,Nouvelle-aquitaine,0.15,0.15,0.1,0.15,0.1
14383,14383,Ygrande,84,Auvergne-rhône-alpes,0.15,0.15,0.1,0.15,0.1
14384,14384,Ymare,28,Normandie,0.15,0.15,0.1,0.15,0.1
14385,14385,Ymeray,24,Centre-val De Loire,0.15,0.15,0.1,0.15,0.1
14386,14386,Youx,84,Auvergne-rhône-alpes,0.15,0.15,0.1,0.15,0.1
14387,14387,Yport,28,Normandie,0.15,0.15,0.1,0.15,0.1
14388,14388,Yquelon,28,Normandie,0.15,0.15,0.1,0.15,0.1
14389,14389,Yronde,,MISSING,0.15,0.15,0.1,0.15,0.1
14390,14390,Yssandon,75,Nouvelle-aquitaine,0.15,0.15,0.1,0.15,0.1
14391,14391,Yssingeaux,84,Auvergne-rhône-alpes,0.15,0.15,0.1,0.15,0.1
14392,14392,Ytrac,84,Auvergne-rhône-alpes,0.15,0.15,0.1,0.15,0.1
14393,14393,Yutz,44,Grand Est,0.15,0.15,0.1,0.15,0.1
14394,14394,Yvecrique,28,Normandie,0.15,0.15,0.1,0.15,0.1
14395,14395,Yves,75,Nouvelle-aquitaine,0.15,0.15,0.1,0.15,0.1
14396,14396,Yvetot,28,Normandie,0.15,0.15,0.1,0.15,0.1
14397,14397,Yvias,53,Bretagne,0.15,0.15,0.1,0.15,0.1
14398,14398,Yvignac-la-Tour,53,Bretagne,0.15,0.15,0.1,0.15,0.1
14399,14399,Yvoire,84,Auvergne-rhône-alpes,0.15,0.15,0.1,0.15,0.1
14400,14400,Yvoy-le-Marron,24,Centre-val De Loire,0.15,0.15,0.1,0.15,0.1
14401,14401,Yvrac,75,Nouvelle-aquitaine,0.15,0.15,0.1,0.15,0.1
14402,14402,Yvré-le-Pôlin,52,Pays De La Loire,0.15,0.15,0.1,0.15,0.1
14403,14403,Yzengremer,32,Hauts-de-france,0.15,0.15,0.1,0.15,0.1
14404,14404,Yzernay,52,Pays De La Loire,0.15,0.15,0.1,0.15,0.1
14405,14405,Yzeure,84,Auvergne-rhône-alpes,0.15,0.15,0.1,0.15,0.1
14406,14406,Yzeures-sur-Creuse,24,Centre-val De Loire,0.15,0.15,0.1,0.15,0.1
14407,14407,Yèbles,11,Île-de-france,0.15,0.15,0.1,0.15,0.1
14408,14408,Yèvre-la-Ville,24,Centre-val De Loire,0.15,0.15,0.1,0.15,0.1
14409,14409,Yèvres,24,Centre-val De Loire,0.15,0.15,0.1,0.15,0.1
14410,14410,Yébleron,28,Normandie,0.15,0.15,0.1,0.15,0.1
14411,14411,Zegerscappel,32,Hauts-de-france,0.15,0.15,0.1,0.15,0.1
14412,14412,Zellwiller,44,Grand Est,0.15,0.15,0.1,0.15,0.1
14413,14413,Zillisheim,44,Grand Est,0.15,0.15,0.1,0.15,0.1
14414,14414,Zimmerbach,44,Grand Est,0.15,0.15,0.1,0.15,0.1
14415,14415,Zimmersheim,44,Grand Est,0.15,0.15,0.1,0.15,0.1
14416,14416,Zimming,44,Grand Est,0.15,0.15,0.1,0.15,0.1
14417,14417,Zinswiller,44,Grand Est,0.15,0.15,0.1,0.15,0.1
14418,14418,Zonza,94,Corse,0.15,0.15,0.1,0.15,0.1
14419,14419,Zoufftgen,44,Grand Est,0.15,0.15,0.1,0.15,0.1
14420,14420,Zudausques,32,Hauts-de-france,0.15,0.15,0.1,0.15,0.1
14421,14421,Zutkerque,32,Hauts-de-france,0.15,0.15,0.1,0.15,0.1
14422,14422,Zuydcoote,32,Hauts-de-france,0.15,0.15,0.1,0.15,0.1
14423,14423,el Pertús,76,Occitanie,0.15,0.15,0.1,0.15,0.1
14424,14424,el Voló,76,Occitanie,0.15,0.15,0.1,0.15,0.1
14425,14425,els Banys d'Arles,76,Occitanie,0.15,0.15,0.1,0.15,0.1
14426,14426,la Guingueta d'Ix,76,Occitanie,0.15,0.15,0.1,0.15,0.1
14427,14427,la Roca d'Albera,76,Occitanie,0.15,0.15,0.1,0.15,0.1
14428,14428,Èze,93,Provence-alpes-côte D'azur,0.15,0.15,0.1,0.15,0.1
14429,14429,Ébersviller,44,Grand Est,0.15,0.15,0.1,0.15,0.1
14430,14430,Ébreuil,84,Auvergne-rhône-alpes,0.15,0.15,0.1,0.15,0.1
14431,14431,Écaillon,32,Hauts-de-france,0.15,0.15,0.1,0.15,0.1
14432,14432,Écalles-Alix,28,Normandie,0.15,0.15,0.1,0.15,0.1
14433,14433,Écardenville-sur-Eure,28,Normandie,0.15,0.15,0.1,0.15,0.1
14434,14434,Échalas,84,Auvergne-rhône-alpes,0.15,0.15,0.1,0.15,0.1
14435,14435,Écharcon,11,Île-de-france,0.15,0.15,0.1,0.15,0.1
14436,14436,Échauffour,28,Normandie,0.15,0.15,0.1,0.15,0.1
14437,14437,Échenevex,84,Auvergne-rhône-alpes,0.15,0.15,0.1,0.15,0.1
14438,14438,Échenon,27,Bourgogne-franche-comté,0.15,0.15,0.1,0.15,0.1
14439,14439,Échenoz-la-Méline,27,Bourgogne-franche-comté,0.15,0.15,0.1,0.15,0.1
14440,14440,Échillais,75,Nouvelle-aquitaine,0.15,0.15,0.1,0.15,0.1
14441,14441,Échirolles,84,Auvergne-rhône-alpes,0.15,0.15,0.1,0.15,0.1
14442,14442,Échiré,75,Nouvelle-aquitaine,0.15,0.15,0.1,0.15,0.1
14443,14443,Échouboulains,11,Île-de-france,0.15,0.15,0.1,0.15,0.1
14444,14444,École-Valentin,27,Bourgogne-franche-comté,0.15,0.15,0.1,0.15,0.1
14445,14445,Écommoy,52,Pays De La Loire,0.15,0.15,0.1,0.15,0.1
14446,14446,Écos,28,Normandie,0.15,0.15,0.1,0.15,0.1
14447,14447,Écouché,28,Normandie,0.15,0.15,0.1,0.15,0.1
14448,14448,Écouen,11,Île-de-france,0.15,0.15,0.1,0.15,0.1
14449,14449,Écouflant,52,Pays De La Loire,0.15,0.15,0.1,0.15,0.1
14450,14450,Écouis,28,Normandie,0.15,0.15,0.1,0.15,0.1
14451,14451,Écourt-Saint-Quentin,32,Hauts-de-france,0.15,0.15,0.1,0.15,0.1
14452,14452,Écouviez,44,Grand Est,0.15,0.15,0.1,0.15,0.1
14453,14453,Écoyeux,75,Nouvelle-aquitaine,0.15,0.15,0.1,0.15,0.1
14454,14454,Écrainville,28,Normandie,0.15,0.15,0.1,0.15,0.1
14455,14455,Écrosnes,24,Centre-val De Loire,0.15,0.15,0.1,0.15,0.1
14456,14456,Écrouves,44,Grand Est,0.15,0.15,0.1,0.15,0.1
14457,14457,Écueillé,24,Centre-val De Loire,0.15,0.15,0.1,0.15,0.1
14458,14458,Écuelles,27,Bourgogne-franche-comté,0.15,0.15,0.1,0.15,0.1
14459,14459,Écuires,32,Hauts-de-france,0.15,0.15,0.1,0.15,0.1
14460,14460,Écuisses,27,Bourgogne-franche-comté,0.15,0.15,0.1,0.15,0.1
14461,14461,Écully,84,Auvergne-rhône-alpes,0.15,0.15,0.1,0.15,0.1
14462,14462,Écuras,75,Nouvelle-aquitaine,0.15,0.15,0.1,0.15,0.1
14463,14463,Égletons,75,Nouvelle-aquitaine,0.15,0.15,0.1,0.15,0.1
14464,14464,Égliseneuve-près-Billom,84,Auvergne-rhône-alpes,0.15,0.15,0.1,0.15,0.1
14465,14465,Égly,11,Île-de-france,0.15,0.15,0.1,0.15,0.1
14466,14466,Égreville,11,Île-de-france,0.15,0.15,0.1,0.15,0.1
14467,14467,Égriselles-le-Bocage,27,Bourgogne-franche-comté,0.15,0.15,0.1,0.15,0.1
14468,14468,Éguilles,93,Provence-alpes-côte D'azur,0.15,0.15,0.1,0.15,0.1
14469,14469,Éguzon-Chantôme,24,Centre-val De Loire,0.15,0.15,0.1,0.15,0.1
14470,14470,Élancourt,11,Île-de-france,0.15,0.15,0.1,0.15,0.1
14471,14471,Életot,28,Normandie,0.15,0.15,0.1,0.15,0.1
14472,14472,Éleu-dit-Leauwette,32,Hauts-de-france,0.15,0.15,0.1,0.15,0.1
14473,14473,Élincourt,32,Hauts-de-france,0.15,0.15,0.1,0.15,0.1
14474,14474,Élincourt-Sainte-Marguerite,32,Hauts-de-france,0.15,0.15,0.1,0.15,0.1
14475,14475,Éloie,27,Bourgogne-franche-comté,0.15,0.15,0.1,0.15,0.1
14476,14476,Éloise,84,Auvergne-rhône-alpes,0.15,0.15,0.1,0.15,0.1
14477,14477,Éloyes,44,Grand Est,0.15,0.15,0.1,0.15,0.1
14478,14478,Émagny,27,Bourgogne-franche-comté,0.15,0.15,0.1,0.15,0.1
14479,14479,Émalleville,28,Normandie,0.15,0.15,0.1,0.15,0.1
14480,14480,Émancé,11,Île-de-france,0.15,0.15,0.1,0.15,0.1
14481,14481,Émanville,28,Normandie,0.15,0.15,0.1,0.15,0.1
14482,14482,Émerainville,11,Île-de-france,0.15,0.15,0.1,0.15,0.1
14483,14483,Émerchicourt,32,Hauts-de-france,0.15,0.15,0.1,0.15,0.1
14484,14484,Épagne-Épagnette,32,Hauts-de-france,0.15,0.15,0.1,0.15,0.1
14485,14485,Épagny,84,Auvergne-rhône-alpes,0.15,0.15,0.1,0.15,0.1
14486,14486,Épaignes,28,Normandie,0.15,0.15,0.1,0.15,0.1
14487,14487,Épannes,75,Nouvelle-aquitaine,0.15,0.15,0.1,0.15,0.1
14488,14488,Épargnes,75,Nouvelle-aquitaine,0.15,0.15,0.1,0.15,0.1
14489,14489,Épaux-Bézu,32,Hauts-de-france,0.15,0.15,0.1,0.15,0.1
14490,14490,Épehy,32,Hauts-de-france,0.15,0.15,0.1,0.15,0.1
14491,14491,Épercieux-Saint-Paul,84,Auvergne-rhône-alpes,0.15,0.15,0.1,0.15,0.1
14492,14492,Éperlecques,32,Hauts-de-france,0.15,0.15,0.1,0.15,0.1
14493,14493,Épernay,44,Grand Est,0.15,0.15,0.1,0.15,0.1
14494,14494,Épernon,24,Centre-val De Loire,0.15,0.15,0.1,0.15,0.1
14495,14495,Épervans,27,Bourgogne-franche-comté,0.15,0.15,0.1,0.15,0.1
14496,14496,Épiais-Rhus,11,Île-de-france,0.15,0.15,0.1,0.15,0.1
14497,14497,Épieds,52,Pays De La Loire,0.15,0.15,0.1,0.15,0.1
14498,14498,Épieds-en-Beauce,24,Centre-val De Loire,0.15,0.15,0.1,0.15,0.1
14499,14499,Épierre,84,Auvergne-rhône-alpes,0.15,0.15,0.1,0.15,0.1
14500,14500,Épinac,27,Bourgogne-franche-comté,0.15,0.15,0.1,0.15,0.1
14501,14501,Épinal,44,Grand Est,0.15,0.15,0.1,0.15,0.1
14502,14502,Épinay-sous-Sénart,11,Île-de-france,0.15,0.15,0.1,0.15,0.1
14503,14503,Épinay-sur-Odon,28,Normandie,0.15,0.15,0.1,0.15,0.1
14504,14504,Épinay-sur-Orge,11,Île-de-france,0.15,0.15,0.1,0.15,0.1
14505,14505,Épinay-sur-Seine,11,Île-de-france,0.15,0.15,0.1,0.15,0.1
14506,14506,Épineau-les-Voves,27,Bourgogne-franche-comté,0.15,0.15,0.1,0.15,0.1
14507,14507,Épineuil,27,Bourgogne-franche-comté,0.15,0.15,0.1,0.15,0.1
14508,14508,Épinouze,84,Auvergne-rhône-alpes,0.15,0.15,0.1,0.15,0.1
14509,14509,Épinoy,32,Hauts-de-france,0.15,0.15,0.1,0.15,0.1
14510,14510,Épisy,11,Île-de-france,0.15,0.15,0.1,0.15,0.1
14511,14511,Époisses,27,Bourgogne-franche-comté,0.15,0.15,0.1,0.15,0.1
14512,14512,Épouville,28,Normandie,0.15,0.15,0.1,0.15,0.1
14513,14513,Épretot,28,Normandie,0.15,0.15,0.1,0.15,0.1
14514,14514,Épreville,28,Normandie,0.15,0.15,0.1,0.15,0.1
14515,14515,Épron,28,Normandie,0.15,0.15,0.1,0.15,0.1
14516,14516,Épuisay,24,Centre-val De Loire,0.15,0.15,0.1,0.15,0.1
14517,14517,Épône,11,Île-de-france,0.15,0.15,0.1,0.15,0.1
14518,14518,Équemauville,28,Normandie,0.15,0.15,0.1,0.15,0.1
14519,14519,Équeurdreville-Hainneville,28,Normandie,0.15,0.15,0.1,0.15,0.1
14520,14520,Équevillon,27,Bourgogne-franche-comté,0.15,0.15,0.1,0.15,0.1
14521,14521,Équihen-Plage,32,Hauts-de-france,0.15,0.15,0.1,0.15,0.1
14522,14522,Éragny,11,Île-de-france,0.15,0.15,0.1,0.15,0.1
14523,14523,Éragny-sur-Epte,32,Hauts-de-france,0.15,0.15,0.1,0.15,0.1
14524,14524,Éréac,53,Bretagne,0.15,0.15,0.1,0.15,0.1
14525,14525,Érôme,84,Auvergne-rhône-alpes,0.15,0.15,0.1,0.15,0.1
14526,14526,Étables,84,Auvergne-rhône-alpes,0.15,0.15,0.1,0.15,0.1
14527,14527,Étables-sur-Mer,53,Bretagne,0.15,0.15,0.1,0.15,0.1
14528,14528,Étagnac,75,Nouvelle-aquitaine,0.15,0.15,0.1,0.15,0.1
14529,14529,Étaimpuis,28,Normandie,0.15,0.15,0.1,0.15,0.1
14530,14530,Étain,44,Grand Est,0.15,0.15,0.1,0.15,0.1
14531,14531,Étainhus,28,Normandie,0.15,0.15,0.1,0.15,0.1
14532,14532,Étais-la-Sauvin,27,Bourgogne-franche-comté,0.15,0.15,0.1,0.15,0.1
14533,14533,Étalans,27,Bourgogne-franche-comté,0.15,0.15,0.1,0.15,0.1
14534,14534,Étampes,11,Île-de-france,0.15,0.15,0.1,0.15,0.1
14535,14535,Étampes-sur-Marne,32,Hauts-de-france,0.15,0.15,0.1,0.15,0.1
14536,14536,Étang-sur-Arroux,27,Bourgogne-franche-comté,0.15,0.15,0.1,0.15,0.1
14537,14537,Étaples,32,Hauts-de-france,0.15,0.15,0.1,0.15,0.1
14538,14538,Étaules,75,Nouvelle-aquitaine,0.15,0.15,0.1,0.15,0.1
14539,14539,Étauliers,75,Nouvelle-aquitaine,0.15,0.15,0.1,0.15,0.1
14540,14540,Étaves-et-Bocquiaux,32,Hauts-de-france,0.15,0.15,0.1,0.15,0.1
14541,14541,Étel,53,Bretagne,0.15,0.15,0.1,0.15,0.1
14542,14542,Étercy,84,Auvergne-rhône-alpes,0.15,0.15,0.1,0.15,0.1
14543,14543,Éterville,28,Normandie,0.15,0.15,0.1,0.15,0.1
14544,14544,Étigny,27,Bourgogne-franche-comté,0.15,0.15,0.1,0.15,0.1
14545,14545,Étiolles,11,Île-de-france,0.15,0.15,0.1,0.15,0.1
14546,14546,Étival-Clairefontaine,44,Grand Est,0.15,0.15,0.1,0.15,0.1
14547,14547,Étival-lès-le-Mans,52,Pays De La Loire,0.15,0.15,0.1,0.15,0.1
14548,14548,Étoile-sur-Rhône,84,Auvergne-rhône-alpes,0.15,0.15,0.1,0.15,0.1
14549,14549,Étouvans,27,Bourgogne-franche-comté,0.15,0.15,0.1,0.15,0.1
14550,14550,Étouy,32,Hauts-de-france,0.15,0.15,0.1,0.15,0.1
14551,14551,Étrechet,24,Centre-val De Loire,0.15,0.15,0.1,0.15,0.1
14552,14552,Étreillers,32,Hauts-de-france,0.15,0.15,0.1,0.15,0.1
14553,14553,Étrelles,53,Bretagne,0.15,0.15,0.1,0.15,0.1
14554,14554,Étrembières,84,Auvergne-rhône-alpes,0.15,0.15,0.1,0.15,0.1
14555,14555,Étretat,28,Normandie,0.15,0.15,0.1,0.15,0.1
14556,14556,Étreux,32,Hauts-de-france,0.15,0.15,0.1,0.15,0.1
14557,14557,Étrez,84,Auvergne-rhône-alpes,0.15,0.15,0.1,0.15,0.1
14558,14558,Étriché,52,Pays De La Loire,0.15,0.15,0.1,0.15,0.1
14559,14559,Étroussat,84,Auvergne-rhône-alpes,0.15,0.15,0.1,0.15,0.1
14560,14560,Étréaupont,32,Hauts-de-france,0.15,0.15,0.1,0.15,0.1
14561,14561,Étréchy,44,Grand Est,0.15,0.15,0.1,0.15,0.1
14562,14562,Étrépagny,28,Normandie,0.15,0.15,0.1,0.15,0.1
14563,14563,Étrépilly,32,Hauts-de-france,0.15,0.15,0.1,0.15,0.1
14564,14564,Étréville,28,Normandie,0.15,0.15,0.1,0.15,0.1
14565,14565,Étupes,27,Bourgogne-franche-comté,0.15,0.15,0.1,0.15,0.1
14566,14566,Étuz,27,Bourgogne-franche-comté,0.15,0.15,0.1,0.15,0.1
14567,14567,Évans,27,Bourgogne-franche-comté,0.15,0.15,0.1,0.15,0.1
14568,14568,Évaux-les-Bains,75,Nouvelle-aquitaine,0.15,0.15,0.1,0.15,0.1
14569,14569,Évecquemont,11,Île-de-france,0.15,0.15,0.1,0.15,0.1
14570,14570,Évenos,93,Provence-alpes-côte D'azur,0.15,0.15,0.1,0.15,0.1
14571,14571,Évergnicourt,32,Hauts-de-france,0.15,0.15,0.1,0.15,0.1
14572,14572,Éveux,84,Auvergne-rhône-alpes,0.15,0.15,0.1,0.15,0.1
14573,14573,Évian-les-Bains,84,Auvergne-rhône-alpes,0.15,0.15,0.1,0.15,0.1
14574,14574,Évin-Malmaison,32,Hauts-de-france,0.15,0.15,0.1,0.15,0.1
14575,14575,Évires,84,Auvergne-rhône-alpes,0.15,0.15,0.1,0.15,0.1
14576,14576,Évran,53,Bretagne,0.15,0.15,0.1,0.15,0.1
14577,14577,Évrecy,28,Normandie,0.15,0.15,0.1,0.15,0.1
14578,14578,Évreux,28,Normandie,0.15,0.15,0.1,0.15,0.1
14579,14579,Évron,52,Pays De La Loire,0.15,0.15,0.1,0.15,0.1
14580,14580,Évry,27,Bourgogne-franche-comté,0.15,0.15,0.1,0.15,0.1
14581,14581,Ézanville,11,Île-de-france,0.15,0.15,0.1,0.15,0.1
14582,14582,Ézy-sur-Eure,28,Normandie,0.15,0.15,0.1,0.15,0.1
14583,14583,Île-Tudy,53,Bretagne,0.15,0.15,0.1,0.15,0.1
14584,14584,Île-aux-Moines,53,Bretagne,0.15,0.15,0.1,0.15,0.1
14585,14585,Île-de-Batz,53,Bretagne,0.15,0.15,0.1,0.15,0.1
14586,14586,Œting,44,Grand Est,0.15,0.15,0.1,0.15,0.1
14587,14587,Œuilly,44,Grand Est,0.15,0.15,0.1,0.15,0.1
