FIPS_CODE,COUNTY_CODE,COUNTY,ST,STATE,FOOD_INSECURITY,SEVERE_HOUSING_COST_BURDEN,UNEMPLOYED,NO_VEHICLE_ACCESS,UNINSURED
0,0,Abertamy,81,Karlovarský Kraj,0.15,0.15,0.1,0.15,0.1
1,1,Adamov,79,Jihočeský Kraj,0.15,0.15,0.1,0.15,0.1
2,2,Adamov,78,Jihomoravský Kraj,0.15,0.15,0.1,0.15,0.1
3,3,Adršpach,82,Královéhradecký Kraj,0.15,0.15,0.1,0.15,0.1
4,4,Albrechtice,,Moravskoslezsky Kraj,0.15,0.15,0.1,0.15,0.1
5,5,Albrechtice,86,Pardubický Kraj,0.15,0.15,0.1,0.15,0.1
6,6,Albrechtice nad Orlicí,82,Královéhradecký Kraj,0.15,0.15,0.1,0.15,0.1
7,7,Albrechtice nad Vltavou,79,Jihočeský Kraj,0.15,0.15,0.1,0.15,0.1
8,8,Albrechtičky,,Moravskoslezsky Kraj,0.15,0.15,0.1,0.15,0.1
9,9,Archlebov,78,Jihomoravský Kraj,0.15,0.15,0.1,0.15,0.1
10,10,Aš,81,Karlovarský Kraj,0.15,0.15,0.1,0.15,0.1
11,11,Babice,90,Zlínský Kraj,0.15,0.15,0.1,0.15,0.1
12,12,Babice nad Svitavou,78,Jihomoravský Kraj,0.15,0.15,0.1,0.15,0.1
13,13,Bakov nad Jizerou,88,Středočeský Kraj,0.15,0.15,0.1,0.15,0.1
14,14,Bartošovice,,Moravskoslezsky Kraj,0.15,0.15,0.1,0.15,0.1
15,15,Batelov,,Kraj Vysocina,0.15,0.15,0.1,0.15,0.1
16,16,Batňovice,82,Královéhradecký Kraj,0.15,0.15,0.1,0.15,0.1
17,17,Bavorov,79,Jihočeský Kraj,0.15,0.15,0.1,0.15,0.1
18,18,Baška,,Moravskoslezsky Kraj,0.15,0.15,0.1,0.15,0.1
19,19,Bašť,88,Středočeský Kraj,0.15,0.15,0.1,0.15,0.1
20,20,Bechlín,89,Ústecký Kraj,0.15,0.15,0.1,0.15,0.1
21,21,Bechyně,79,Jihočeský Kraj,0.15,0.15,0.1,0.15,0.1
22,22,Bedihošť,84,Olomoucký Kraj,0.15,0.15,0.1,0.15,0.1
23,23,Benecko,83,Liberecký Kraj,0.15,0.15,0.1,0.15,0.1
24,24,Benešov,88,Středočeský Kraj,0.15,0.15,0.1,0.15,0.1
25,25,Benešov,78,Jihomoravský Kraj,0.15,0.15,0.1,0.15,0.1
26,26,Benešov nad Ploučnicí,89,Ústecký Kraj,0.15,0.15,0.1,0.15,0.1
27,27,Benešov nad Černou,79,Jihočeský Kraj,0.15,0.15,0.1,0.15,0.1
28,28,Benešov u Semil,83,Liberecký Kraj,0.15,0.15,0.1,0.15,0.1
29,29,Benátky nad Jizerou,88,Středočeský Kraj,0.15,0.15,0.1,0.15,0.1
30,30,Bernartice,82,Královéhradecký Kraj,0.15,0.15,0.1,0.15,0.1
31,31,Bernartice,84,Olomoucký Kraj,0.15,0.15,0.1,0.15,0.1
32,32,Bernartice,79,Jihočeský Kraj,0.15,0.15,0.1,0.15,0.1
33,33,Bernartice nad Odrou,,Moravskoslezsky Kraj,0.15,0.15,0.1,0.15,0.1
34,34,Beroun,88,Středočeský Kraj,0.15,0.15,0.1,0.15,0.1
35,35,Besednice,79,Jihočeský Kraj,0.15,0.15,0.1,0.15,0.1
36,36,Bezdružice,,Plzensky Kraj,0.15,0.15,0.1,0.15,0.1
37,37,Bezděkov,,Plzensky Kraj,0.15,0.15,0.1,0.15,0.1
38,38,Bezděkov nad Metují,82,Královéhradecký Kraj,0.15,0.15,0.1,0.15,0.1
39,39,Bezměrov,90,Zlínský Kraj,0.15,0.15,0.1,0.15,0.1
40,40,Bezno,88,Středočeský Kraj,0.15,0.15,0.1,0.15,0.1
41,41,Bezvěrov,,Plzensky Kraj,0.15,0.15,0.1,0.15,0.1
42,42,Bečov,89,Ústecký Kraj,0.15,0.15,0.1,0.15,0.1
43,43,Bečov nad Teplou,81,Karlovarský Kraj,0.15,0.15,0.1,0.15,0.1
44,44,Bečváry,88,Středočeský Kraj,0.15,0.15,0.1,0.15,0.1
45,45,Beňov,84,Olomoucký Kraj,0.15,0.15,0.1,0.15,0.1
46,46,Biskupice,90,Zlínský Kraj,0.15,0.15,0.1,0.15,0.1
47,47,Blansko,78,Jihomoravský Kraj,0.15,0.15,0.1,0.15,0.1
48,48,Blatec,84,Olomoucký Kraj,0.15,0.15,0.1,0.15,0.1
49,49,Blatnice,,Plzensky Kraj,0.15,0.15,0.1,0.15,0.1
50,50,Blatno,89,Ústecký Kraj,0.15,0.15,0.1,0.15,0.1
51,51,Blatná,79,Jihočeský Kraj,0.15,0.15,0.1,0.15,0.1
52,52,Blažovice,78,Jihomoravský Kraj,0.15,0.15,0.1,0.15,0.1
53,53,Blovice,,Plzensky Kraj,0.15,0.15,0.1,0.15,0.1
54,54,Bludov,84,Olomoucký Kraj,0.15,0.15,0.1,0.15,0.1
55,55,Blučina,78,Jihomoravský Kraj,0.15,0.15,0.1,0.15,0.1
56,56,Blížejov,,Plzensky Kraj,0.15,0.15,0.1,0.15,0.1
57,57,Blíževedly,83,Liberecký Kraj,0.15,0.15,0.1,0.15,0.1
58,58,Blížkovice,78,Jihomoravský Kraj,0.15,0.15,0.1,0.15,0.1
59,59,Blšany,89,Ústecký Kraj,0.15,0.15,0.1,0.15,0.1
60,60,Bobnice,88,Středočeský Kraj,0.15,0.15,0.1,0.15,0.1
61,61,Bochov,81,Karlovarský Kraj,0.15,0.15,0.1,0.15,0.1
62,62,Bochoř,84,Olomoucký Kraj,0.15,0.15,0.1,0.15,0.1
63,63,Boharyně,82,Královéhradecký Kraj,0.15,0.15,0.1,0.15,0.1
64,64,Bohdalov,,Kraj Vysocina,0.15,0.15,0.1,0.15,0.1
65,65,Bohumín,,Moravskoslezsky Kraj,0.15,0.15,0.1,0.15,0.1
66,66,Bohuslavice,84,Olomoucký Kraj,0.15,0.15,0.1,0.15,0.1
67,67,Bohuslavice,,Moravskoslezsky Kraj,0.15,0.15,0.1,0.15,0.1
68,68,Bohuslavice,82,Královéhradecký Kraj,0.15,0.15,0.1,0.15,0.1
69,69,Bohutice,78,Jihomoravský Kraj,0.15,0.15,0.1,0.15,0.1
70,70,Bohutín,84,Olomoucký Kraj,0.15,0.15,0.1,0.15,0.1
71,71,Bohutín,88,Středočeský Kraj,0.15,0.15,0.1,0.15,0.1
72,72,Bohuňovice,84,Olomoucký Kraj,0.15,0.15,0.1,0.15,0.1
73,73,Bohušovice nad Ohří,89,Ústecký Kraj,0.15,0.15,0.1,0.15,0.1
74,74,Bojanov,86,Pardubický Kraj,0.15,0.15,0.1,0.15,0.1
75,75,Bojkovice,90,Zlínský Kraj,0.15,0.15,0.1,0.15,0.1
76,76,Bolatice,,Moravskoslezsky Kraj,0.15,0.15,0.1,0.15,0.1
77,77,Bolehošť,82,Královéhradecký Kraj,0.15,0.15,0.1,0.15,0.1
78,78,Boleradice,78,Jihomoravský Kraj,0.15,0.15,0.1,0.15,0.1
79,79,Bolešiny,,Plzensky Kraj,0.15,0.15,0.1,0.15,0.1
80,80,Bor,,Plzensky Kraj,0.15,0.15,0.1,0.15,0.1
81,81,Bordovice,,Moravskoslezsky Kraj,0.15,0.15,0.1,0.15,0.1
82,82,Borek,79,Jihočeský Kraj,0.15,0.15,0.1,0.15,0.1
83,83,Borkovany,78,Jihomoravský Kraj,0.15,0.15,0.1,0.15,0.1
84,84,Borohrádek,82,Královéhradecký Kraj,0.15,0.15,0.1,0.15,0.1
85,85,Borotín,79,Jihočeský Kraj,0.15,0.15,0.1,0.15,0.1
86,86,Borovany,79,Jihočeský Kraj,0.15,0.15,0.1,0.15,0.1
87,87,Borová,86,Pardubický Kraj,0.15,0.15,0.1,0.15,0.1
88,88,Borová Lada,79,Jihočeský Kraj,0.15,0.15,0.1,0.15,0.1
89,89,Boršice,90,Zlínský Kraj,0.15,0.15,0.1,0.15,0.1
90,90,Boskovice,78,Jihomoravský Kraj,0.15,0.15,0.1,0.15,0.1
91,91,Bouzov,84,Olomoucký Kraj,0.15,0.15,0.1,0.15,0.1
92,92,Bozkov,83,Liberecký Kraj,0.15,0.15,0.1,0.15,0.1
93,93,Bořetice,78,Jihomoravský Kraj,0.15,0.15,0.1,0.15,0.1
94,94,Bořitov,78,Jihomoravský Kraj,0.15,0.15,0.1,0.15,0.1
95,95,Bošovice,78,Jihomoravský Kraj,0.15,0.15,0.1,0.15,0.1
96,96,Božejov,,Kraj Vysocina,0.15,0.15,0.1,0.15,0.1
97,97,Božice,78,Jihomoravský Kraj,0.15,0.15,0.1,0.15,0.1
98,98,Božičany,81,Karlovarský Kraj,0.15,0.15,0.1,0.15,0.1
99,99,Bradlec,88,Středočeský Kraj,0.15,0.15,0.1,0.15,0.1
100,100,Brandýs nad Orlicí,86,Pardubický Kraj,0.15,0.15,0.1,0.15,0.1
101,101,Brandýsek,88,Středočeský Kraj,0.15,0.15,0.1,0.15,0.1
102,102,Branišovice,78,Jihomoravský Kraj,0.15,0.15,0.1,0.15,0.1
103,103,Brankovice,78,Jihomoravský Kraj,0.15,0.15,0.1,0.15,0.1
104,104,Branky,90,Zlínský Kraj,0.15,0.15,0.1,0.15,0.1
105,105,Brantice,,Moravskoslezsky Kraj,0.15,0.15,0.1,0.15,0.1
106,106,Braník,52,Hlavní Město Praha,0.15,0.15,0.1,0.15,0.1
107,107,Bratronice,88,Středočeský Kraj,0.15,0.15,0.1,0.15,0.1
108,108,Bratrušov,84,Olomoucký Kraj,0.15,0.15,0.1,0.15,0.1
109,109,Bratčice,78,Jihomoravský Kraj,0.15,0.15,0.1,0.15,0.1
110,110,Bratřejov,90,Zlínský Kraj,0.15,0.15,0.1,0.15,0.1
111,111,Bravantice,,Moravskoslezsky Kraj,0.15,0.15,0.1,0.15,0.1
112,112,Braňany,89,Ústecký Kraj,0.15,0.15,0.1,0.15,0.1
113,113,Braškov,88,Středočeský Kraj,0.15,0.15,0.1,0.15,0.1
114,114,Brloh,79,Jihočeský Kraj,0.15,0.15,0.1,0.15,0.1
115,115,Brniště,83,Liberecký Kraj,0.15,0.15,0.1,0.15,0.1
116,116,Brno,78,Jihomoravský Kraj,0.15,0.15,0.1,0.15,0.1
117,117,Brníčko,84,Olomoucký Kraj,0.15,0.15,0.1,0.15,0.1
118,118,Brněnec,86,Pardubický Kraj,0.15,0.15,0.1,0.15,0.1
119,119,Brodce,88,Středočeský Kraj,0.15,0.15,0.1,0.15,0.1
120,120,Brodek u Konice,84,Olomoucký Kraj,0.15,0.15,0.1,0.15,0.1
121,121,Brodek u Přerova,84,Olomoucký Kraj,0.15,0.15,0.1,0.15,0.1
122,122,Broumov,82,Královéhradecký Kraj,0.15,0.15,0.1,0.15,0.1
123,123,Broumy,88,Středočeský Kraj,0.15,0.15,0.1,0.15,0.1
124,124,Brtnice,,Kraj Vysocina,0.15,0.15,0.1,0.15,0.1
125,125,Brumovice,78,Jihomoravský Kraj,0.15,0.15,0.1,0.15,0.1
126,126,Brumovice,,Moravskoslezsky Kraj,0.15,0.15,0.1,0.15,0.1
127,127,Bruntál,,Moravskoslezsky Kraj,0.15,0.15,0.1,0.15,0.1
128,128,Bruzovice,,Moravskoslezsky Kraj,0.15,0.15,0.1,0.15,0.1
129,129,Brušperk,,Moravskoslezsky Kraj,0.15,0.15,0.1,0.15,0.1
130,130,Buchlovice,90,Zlínský Kraj,0.15,0.15,0.1,0.15,0.1
131,131,Budiměřice,88,Středočeský Kraj,0.15,0.15,0.1,0.15,0.1
132,132,Budišov,,Kraj Vysocina,0.15,0.15,0.1,0.15,0.1
133,133,Budišov nad Budišovkou,,Moravskoslezsky Kraj,0.15,0.15,0.1,0.15,0.1
134,134,Budišovice,,Moravskoslezsky Kraj,0.15,0.15,0.1,0.15,0.1
135,135,Budyně nad Ohří,89,Ústecký Kraj,0.15,0.15,0.1,0.15,0.1
136,136,Budíškovice,79,Jihočeský Kraj,0.15,0.15,0.1,0.15,0.1
137,137,Bujanov,79,Jihočeský Kraj,0.15,0.15,0.1,0.15,0.1
138,138,Bukovany,78,Jihomoravský Kraj,0.15,0.15,0.1,0.15,0.1
139,139,Bukovany,81,Karlovarský Kraj,0.15,0.15,0.1,0.15,0.1
140,140,Bukovany,88,Středočeský Kraj,0.15,0.15,0.1,0.15,0.1
141,141,Bukovec,,Moravskoslezsky Kraj,0.15,0.15,0.1,0.15,0.1
142,142,Bukovno,88,Středočeský Kraj,0.15,0.15,0.1,0.15,0.1
143,143,Bulhary,78,Jihomoravský Kraj,0.15,0.15,0.1,0.15,0.1
144,144,Bulovka,83,Liberecký Kraj,0.15,0.15,0.1,0.15,0.1
145,145,Bučovice,78,Jihomoravský Kraj,0.15,0.15,0.1,0.15,0.1
146,146,Bušovice,,Plzensky Kraj,0.15,0.15,0.1,0.15,0.1
147,147,Buštěhrad,88,Středočeský Kraj,0.15,0.15,0.1,0.15,0.1
148,148,Bystrovany,84,Olomoucký Kraj,0.15,0.15,0.1,0.15,0.1
149,149,Bystročice,84,Olomoucký Kraj,0.15,0.15,0.1,0.15,0.1
150,150,Bystré,86,Pardubický Kraj,0.15,0.15,0.1,0.15,0.1
151,151,Bystřany,89,Ústecký Kraj,0.15,0.15,0.1,0.15,0.1
152,152,Bystřec,86,Pardubický Kraj,0.15,0.15,0.1,0.15,0.1
153,153,Bystřice,88,Středočeský Kraj,0.15,0.15,0.1,0.15,0.1
154,154,Bystřice,,Moravskoslezsky Kraj,0.15,0.15,0.1,0.15,0.1
155,155,Bystřice nad Pernštejnem,,Kraj Vysocina,0.15,0.15,0.1,0.15,0.1
156,156,Bystřice pod Hostýnem,90,Zlínský Kraj,0.15,0.15,0.1,0.15,0.1
157,157,Bystřice pod Lopeníkem,90,Zlínský Kraj,0.15,0.15,0.1,0.15,0.1
158,158,Bystřička,90,Zlínský Kraj,0.15,0.15,0.1,0.15,0.1
159,159,Byšice,88,Středočeský Kraj,0.15,0.15,0.1,0.15,0.1
160,160,Bzenec,78,Jihomoravský Kraj,0.15,0.15,0.1,0.15,0.1
161,161,Bánov,90,Zlínský Kraj,0.15,0.15,0.1,0.15,0.1
162,162,Bílina,89,Ústecký Kraj,0.15,0.15,0.1,0.15,0.1
163,163,Bílov,,Moravskoslezsky Kraj,0.15,0.15,0.1,0.15,0.1
164,164,Bílovec,,Moravskoslezsky Kraj,0.15,0.15,0.1,0.15,0.1
165,165,Bílovice,90,Zlínský Kraj,0.15,0.15,0.1,0.15,0.1
166,166,Bílovice nad Svitavou,78,Jihomoravský Kraj,0.15,0.15,0.1,0.15,0.1
167,167,Bílá,83,Liberecký Kraj,0.15,0.15,0.1,0.15,0.1
168,168,Bílá Lhota,84,Olomoucký Kraj,0.15,0.15,0.1,0.15,0.1
169,169,Bílá Třemešná,82,Královéhradecký Kraj,0.15,0.15,0.1,0.15,0.1
170,170,Bílé Podolí,88,Středočeský Kraj,0.15,0.15,0.1,0.15,0.1
171,171,Bílý Kostel nad Nisou,83,Liberecký Kraj,0.15,0.15,0.1,0.15,0.1
172,172,Bílý Potok,83,Liberecký Kraj,0.15,0.15,0.1,0.15,0.1
173,173,Bílý Újezd,82,Královéhradecký Kraj,0.15,0.15,0.1,0.15,0.1
174,174,Býchory,88,Středočeský Kraj,0.15,0.15,0.1,0.15,0.1
175,175,Býšť,86,Pardubický Kraj,0.15,0.15,0.1,0.15,0.1
176,176,Bělotín,84,Olomoucký Kraj,0.15,0.15,0.1,0.15,0.1
177,177,Bělá,,Moravskoslezsky Kraj,0.15,0.15,0.1,0.15,0.1
178,178,Bělá nad Radbuzou,,Plzensky Kraj,0.15,0.15,0.1,0.15,0.1
179,179,Bělá pod Bezdězem,88,Středočeský Kraj,0.15,0.15,0.1,0.15,0.1
180,180,Bělčice,79,Jihočeský Kraj,0.15,0.15,0.1,0.15,0.1
181,181,Běrunice,88,Středočeský Kraj,0.15,0.15,0.1,0.15,0.1
182,182,Běstvina,86,Pardubický Kraj,0.15,0.15,0.1,0.15,0.1
183,183,Běšiny,,Plzensky Kraj,0.15,0.15,0.1,0.15,0.1
184,184,Břasy,,Plzensky Kraj,0.15,0.15,0.1,0.15,0.1
185,185,Břeclav,78,Jihomoravský Kraj,0.15,0.15,0.1,0.15,0.1
186,186,Břehy,86,Pardubický Kraj,0.15,0.15,0.1,0.15,0.1
187,187,Břest,90,Zlínský Kraj,0.15,0.15,0.1,0.15,0.1
188,188,Břestek,90,Zlínský Kraj,0.15,0.15,0.1,0.15,0.1
189,189,Březina,78,Jihomoravský Kraj,0.15,0.15,0.1,0.15,0.1
190,190,Březnice,90,Zlínský Kraj,0.15,0.15,0.1,0.15,0.1
191,191,Březnice,88,Středočeský Kraj,0.15,0.15,0.1,0.15,0.1
192,192,Březno,88,Středočeský Kraj,0.15,0.15,0.1,0.15,0.1
193,193,Březno,89,Ústecký Kraj,0.15,0.15,0.1,0.15,0.1
194,194,Březník,,Kraj Vysocina,0.15,0.15,0.1,0.15,0.1
195,195,Březolupy,90,Zlínský Kraj,0.15,0.15,0.1,0.15,0.1
196,196,Březová,81,Karlovarský Kraj,0.15,0.15,0.1,0.15,0.1
197,197,Březová,90,Zlínský Kraj,0.15,0.15,0.1,0.15,0.1
198,198,Březová,,Moravskoslezsky Kraj,0.15,0.15,0.1,0.15,0.1
199,199,Březová nad Svitavou,86,Pardubický Kraj,0.15,0.15,0.1,0.15,0.1
200,200,Březí,78,Jihomoravský Kraj,0.15,0.15,0.1,0.15,0.1
201,201,Březůvky,90,Zlínský Kraj,0.15,0.15,0.1,0.15,0.1
202,202,Břežany,78,Jihomoravský Kraj,0.15,0.15,0.1,0.15,0.1
203,203,Břidličná,,Moravskoslezsky Kraj,0.15,0.15,0.1,0.15,0.1
204,204,Bžany,89,Ústecký Kraj,0.15,0.15,0.1,0.15,0.1
205,205,Cerekvice nad Loučnou,86,Pardubický Kraj,0.15,0.15,0.1,0.15,0.1
206,206,Cerhenice,88,Středočeský Kraj,0.15,0.15,0.1,0.15,0.1
207,207,Cerhovice,88,Středočeský Kraj,0.15,0.15,0.1,0.15,0.1
208,208,Cetkovice,78,Jihomoravský Kraj,0.15,0.15,0.1,0.15,0.1
209,209,Chabařovice,89,Ústecký Kraj,0.15,0.15,0.1,0.15,0.1
210,210,Chanovice,,Plzensky Kraj,0.15,0.15,0.1,0.15,0.1
211,211,Charváty,84,Olomoucký Kraj,0.15,0.15,0.1,0.15,0.1
212,212,Chbany,89,Ústecký Kraj,0.15,0.15,0.1,0.15,0.1
213,213,Cheb,81,Karlovarský Kraj,0.15,0.15,0.1,0.15,0.1
214,214,Cheznovice,,Plzensky Kraj,0.15,0.15,0.1,0.15,0.1
215,215,Chlebičov,,Moravskoslezsky Kraj,0.15,0.15,0.1,0.15,0.1
216,216,Chlum u Třeboně,79,Jihočeský Kraj,0.15,0.15,0.1,0.15,0.1
217,217,Chlumec,89,Ústecký Kraj,0.15,0.15,0.1,0.15,0.1
218,218,Chlumec nad Cidlinou,82,Královéhradecký Kraj,0.15,0.15,0.1,0.15,0.1
219,219,Chlumčany,,Plzensky Kraj,0.15,0.15,0.1,0.15,0.1
220,220,Chlístovice,88,Středočeský Kraj,0.15,0.15,0.1,0.15,0.1
221,221,Chocenice,,Plzensky Kraj,0.15,0.15,0.1,0.15,0.1
222,222,Chocerady,88,Středočeský Kraj,0.15,0.15,0.1,0.15,0.1
223,223,Choceň,86,Pardubický Kraj,0.15,0.15,0.1,0.15,0.1
224,224,Chodouny,89,Ústecký Kraj,0.15,0.15,0.1,0.15,0.1
225,225,Chodov,,Plzensky Kraj,0.15,0.15,0.1,0.15,0.1
226,226,Chodov,81,Karlovarský Kraj,0.15,0.15,0.1,0.15,0.1
227,227,Chodová Planá,,Plzensky Kraj,0.15,0.15,0.1,0.15,0.1
228,228,Cholina,84,Olomoucký Kraj,0.15,0.15,0.1,0.15,0.1
229,229,Choltice,86,Pardubický Kraj,0.15,0.15,0.1,0.15,0.1
230,230,Cholupice,52,Hlavní Město Praha,0.15,0.15,0.1,0.15,0.1
231,231,Chomutice,82,Královéhradecký Kraj,0.15,0.15,0.1,0.15,0.1
232,232,Chomutov,89,Ústecký Kraj,0.15,0.15,0.1,0.15,0.1
233,233,Chornice,86,Pardubický Kraj,0.15,0.15,0.1,0.15,0.1
234,234,Choryně,90,Zlínský Kraj,0.15,0.15,0.1,0.15,0.1
235,235,Chotoviny,79,Jihočeský Kraj,0.15,0.15,0.1,0.15,0.1
236,236,Chotusice,88,Středočeský Kraj,0.15,0.15,0.1,0.15,0.1
237,237,Chotyně,83,Liberecký Kraj,0.15,0.15,0.1,0.15,0.1
238,238,Chotíkov,,Plzensky Kraj,0.15,0.15,0.1,0.15,0.1
239,239,Chotěboř,,Kraj Vysocina,0.15,0.15,0.1,0.15,0.1
240,240,Chotěbuz,,Moravskoslezsky Kraj,0.15,0.15,0.1,0.15,0.1
241,241,Chotětov,88,Středočeský Kraj,0.15,0.15,0.1,0.15,0.1
242,242,Chotěvice,82,Královéhradecký Kraj,0.15,0.15,0.1,0.15,0.1
243,243,Chotěšov,,Plzensky Kraj,0.15,0.15,0.1,0.15,0.1
244,244,Choustník,79,Jihočeský Kraj,0.15,0.15,0.1,0.15,0.1
245,245,Choustníkovo Hradiště,82,Královéhradecký Kraj,0.15,0.15,0.1,0.15,0.1
246,246,Chožov,89,Ústecký Kraj,0.15,0.15,0.1,0.15,0.1
247,247,Chrast,86,Pardubický Kraj,0.15,0.15,0.1,0.15,0.1
248,248,Chrastava,83,Liberecký Kraj,0.15,0.15,0.1,0.15,0.1
249,249,Chromeč,84,Olomoucký Kraj,0.15,0.15,0.1,0.15,0.1
250,250,Chropyně,90,Zlínský Kraj,0.15,0.15,0.1,0.15,0.1
251,251,Chroustovice,86,Pardubický Kraj,0.15,0.15,0.1,0.15,0.1
252,252,Chrudim,86,Pardubický Kraj,0.15,0.15,0.1,0.15,0.1
253,253,Chrustenice,88,Středočeský Kraj,0.15,0.15,0.1,0.15,0.1
254,254,Chrást,,Plzensky Kraj,0.15,0.15,0.1,0.15,0.1
255,255,Chrášťany,88,Středočeský Kraj,0.15,0.15,0.1,0.15,0.1
256,256,Chrášťany,79,Jihočeský Kraj,0.15,0.15,0.1,0.15,0.1
257,257,Chuchelna,83,Liberecký Kraj,0.15,0.15,0.1,0.15,0.1
258,258,Chuchelná,,Moravskoslezsky Kraj,0.15,0.15,0.1,0.15,0.1
259,259,Chudenice,,Plzensky Kraj,0.15,0.15,0.1,0.15,0.1
260,260,Chudenín,,Plzensky Kraj,0.15,0.15,0.1,0.15,0.1
261,261,Chuderov,89,Ústecký Kraj,0.15,0.15,0.1,0.15,0.1
262,262,Chudčice,78,Jihomoravský Kraj,0.15,0.15,0.1,0.15,0.1
263,263,Chvaletice,86,Pardubický Kraj,0.15,0.15,0.1,0.15,0.1
264,264,Chvaleč,82,Královéhradecký Kraj,0.15,0.15,0.1,0.15,0.1
265,265,Chvalkovice,82,Královéhradecký Kraj,0.15,0.15,0.1,0.15,0.1
266,266,Chvalíkovice,,Moravskoslezsky Kraj,0.15,0.15,0.1,0.15,0.1
267,267,Chvalčov,90,Zlínský Kraj,0.15,0.15,0.1,0.15,0.1
268,268,Chvalšiny,79,Jihočeský Kraj,0.15,0.15,0.1,0.15,0.1
269,269,Chvojenec,86,Pardubický Kraj,0.15,0.15,0.1,0.15,0.1
270,270,Chválenice,,Plzensky Kraj,0.15,0.15,0.1,0.15,0.1
271,271,Chyňava,88,Středočeský Kraj,0.15,0.15,0.1,0.15,0.1
272,272,Chyše,81,Karlovarský Kraj,0.15,0.15,0.1,0.15,0.1
273,273,Chyšky,79,Jihočeský Kraj,0.15,0.15,0.1,0.15,0.1
274,274,Chýnov,79,Jihočeský Kraj,0.15,0.15,0.1,0.15,0.1
275,275,Chýně,88,Středočeský Kraj,0.15,0.15,0.1,0.15,0.1
276,276,Chřibská,89,Ústecký Kraj,0.15,0.15,0.1,0.15,0.1
277,277,Citice,81,Karlovarský Kraj,0.15,0.15,0.1,0.15,0.1
278,278,Citov,84,Olomoucký Kraj,0.15,0.15,0.1,0.15,0.1
279,279,Cizkrajov,79,Jihočeský Kraj,0.15,0.15,0.1,0.15,0.1
280,280,Cvikov,83,Liberecký Kraj,0.15,0.15,0.1,0.15,0.1
281,281,Cvrčovice,78,Jihomoravský Kraj,0.15,0.15,0.1,0.15,0.1
282,282,Cvrčovice,88,Středočeský Kraj,0.15,0.15,0.1,0.15,0.1
283,283,Církvice,88,Středočeský Kraj,0.15,0.15,0.1,0.15,0.1
284,284,Cítoliby,89,Ústecký Kraj,0.15,0.15,0.1,0.15,0.1
285,285,Cítov,88,Středočeský Kraj,0.15,0.15,0.1,0.15,0.1
286,286,Dalečín,,Kraj Vysocina,0.15,0.15,0.1,0.15,0.1
287,287,Dalešice,,Kraj Vysocina,0.15,0.15,0.1,0.15,0.1
288,288,Dalovice,81,Karlovarský Kraj,0.15,0.15,0.1,0.15,0.1
289,289,Dambořice,78,Jihomoravský Kraj,0.15,0.15,0.1,0.15,0.1
290,290,Damníkov,86,Pardubický Kraj,0.15,0.15,0.1,0.15,0.1
291,291,Darkovice,,Moravskoslezsky Kraj,0.15,0.15,0.1,0.15,0.1
292,292,Daskabát,84,Olomoucký Kraj,0.15,0.15,0.1,0.15,0.1
293,293,Davle,88,Středočeský Kraj,0.15,0.15,0.1,0.15,0.1
294,294,Dačice,79,Jihočeský Kraj,0.15,0.15,0.1,0.15,0.1
295,295,Dašice,86,Pardubický Kraj,0.15,0.15,0.1,0.15,0.1
296,296,Deblín,78,Jihomoravský Kraj,0.15,0.15,0.1,0.15,0.1
297,297,Desná,83,Liberecký Kraj,0.15,0.15,0.1,0.15,0.1
298,298,Dešenice,,Plzensky Kraj,0.15,0.15,0.1,0.15,0.1
299,299,Dešná,79,Jihočeský Kraj,0.15,0.15,0.1,0.15,0.1
300,300,Deštná,79,Jihočeský Kraj,0.15,0.15,0.1,0.15,0.1
301,301,Divišov,88,Středočeský Kraj,0.15,0.15,0.1,0.15,0.1
302,302,Dlouhoňovice,86,Pardubický Kraj,0.15,0.15,0.1,0.15,0.1
303,303,Dlouhá Loučka,86,Pardubický Kraj,0.15,0.15,0.1,0.15,0.1
304,304,Dlouhá Třebová,86,Pardubický Kraj,0.15,0.15,0.1,0.15,0.1
305,305,Dlouhá Ves,,Plzensky Kraj,0.15,0.15,0.1,0.15,0.1
306,306,Dlouhý Most,83,Liberecký Kraj,0.15,0.15,0.1,0.15,0.1
307,307,Dobkovice,89,Ústecký Kraj,0.15,0.15,0.1,0.15,0.1
308,308,Dobratice,,Moravskoslezsky Kraj,0.15,0.15,0.1,0.15,0.1
309,309,Dobromilice,84,Olomoucký Kraj,0.15,0.15,0.1,0.15,0.1
310,310,Dobroměřice,89,Ústecký Kraj,0.15,0.15,0.1,0.15,0.1
311,311,Dobronín,,Kraj Vysocina,0.15,0.15,0.1,0.15,0.1
312,312,Dobroslavice,,Moravskoslezsky Kraj,0.15,0.15,0.1,0.15,0.1
313,313,Dobrovice,88,Středočeský Kraj,0.15,0.15,0.1,0.15,0.1
314,314,Dobruška,82,Královéhradecký Kraj,0.15,0.15,0.1,0.15,0.1
315,315,Dobrá,,Moravskoslezsky Kraj,0.15,0.15,0.1,0.15,0.1
316,316,Dobré,82,Královéhradecký Kraj,0.15,0.15,0.1,0.15,0.1
317,317,Dobřany,,Plzensky Kraj,0.15,0.15,0.1,0.15,0.1
318,318,Dobřejovice,88,Středočeský Kraj,0.15,0.15,0.1,0.15,0.1
319,319,Dobřenice,82,Královéhradecký Kraj,0.15,0.15,0.1,0.15,0.1
320,320,Dobřichov,88,Středočeský Kraj,0.15,0.15,0.1,0.15,0.1
321,321,Dobřichovice,88,Středočeský Kraj,0.15,0.15,0.1,0.15,0.1
322,322,Dobřív,,Plzensky Kraj,0.15,0.15,0.1,0.15,0.1
323,323,Dobříš,88,Středočeský Kraj,0.15,0.15,0.1,0.15,0.1
324,324,Dobšice,78,Jihomoravský Kraj,0.15,0.15,0.1,0.15,0.1
325,325,Doksy,83,Liberecký Kraj,0.15,0.15,0.1,0.15,0.1
326,326,Doksy,88,Středočeský Kraj,0.15,0.15,0.1,0.15,0.1
327,327,Dolany,82,Královéhradecký Kraj,0.15,0.15,0.1,0.15,0.1
328,328,Dolany,88,Středočeský Kraj,0.15,0.15,0.1,0.15,0.1
329,329,Dolany,84,Olomoucký Kraj,0.15,0.15,0.1,0.15,0.1
330,330,Dolany,,Plzensky Kraj,0.15,0.15,0.1,0.15,0.1
331,331,Dolní Benešov,,Moravskoslezsky Kraj,0.15,0.15,0.1,0.15,0.1
332,332,Dolní Bečva,90,Zlínský Kraj,0.15,0.15,0.1,0.15,0.1
333,333,Dolní Beřkovice,88,Středočeský Kraj,0.15,0.15,0.1,0.15,0.1
334,334,Dolní Bojanovice,78,Jihomoravský Kraj,0.15,0.15,0.1,0.15,0.1
335,335,Dolní Bousov,88,Středočeský Kraj,0.15,0.15,0.1,0.15,0.1
336,336,Dolní Branná,82,Královéhradecký Kraj,0.15,0.15,0.1,0.15,0.1
337,337,Dolní Bukovsko,79,Jihočeský Kraj,0.15,0.15,0.1,0.15,0.1
338,338,Dolní Břežany,88,Středočeský Kraj,0.15,0.15,0.1,0.15,0.1
339,339,Dolní Cerekev,,Kraj Vysocina,0.15,0.15,0.1,0.15,0.1
340,340,Dolní Dobrouč,86,Pardubický Kraj,0.15,0.15,0.1,0.15,0.1
341,341,Dolní Domaslavice,,Moravskoslezsky Kraj,0.15,0.15,0.1,0.15,0.1
342,342,Dolní Dunajovice,78,Jihomoravský Kraj,0.15,0.15,0.1,0.15,0.1
343,343,Dolní Dvořiště,79,Jihočeský Kraj,0.15,0.15,0.1,0.15,0.1
344,344,Dolní Habartice,89,Ústecký Kraj,0.15,0.15,0.1,0.15,0.1
345,345,Dolní Hbity,88,Středočeský Kraj,0.15,0.15,0.1,0.15,0.1
346,346,Dolní Holetín,86,Pardubický Kraj,0.15,0.15,0.1,0.15,0.1
347,347,Dolní Hořice,79,Jihočeský Kraj,0.15,0.15,0.1,0.15,0.1
348,348,Dolní Kalná,82,Královéhradecký Kraj,0.15,0.15,0.1,0.15,0.1
349,349,Dolní Kounice,78,Jihomoravský Kraj,0.15,0.15,0.1,0.15,0.1
350,350,Dolní Kralovice,88,Středočeský Kraj,0.15,0.15,0.1,0.15,0.1
351,351,Dolní Lhota,90,Zlínský Kraj,0.15,0.15,0.1,0.15,0.1
352,352,Dolní Lhota,,Moravskoslezsky Kraj,0.15,0.15,0.1,0.15,0.1
353,353,Dolní Lomná,,Moravskoslezsky Kraj,0.15,0.15,0.1,0.15,0.1
354,354,Dolní Lukavice,,Plzensky Kraj,0.15,0.15,0.1,0.15,0.1
355,355,Dolní Lutyně,,Moravskoslezsky Kraj,0.15,0.15,0.1,0.15,0.1
356,356,Dolní Lánov,82,Královéhradecký Kraj,0.15,0.15,0.1,0.15,0.1
357,357,Dolní Město,,Kraj Vysocina,0.15,0.15,0.1,0.15,0.1
358,358,Dolní Němčí,90,Zlínský Kraj,0.15,0.15,0.1,0.15,0.1
359,359,Dolní Podluží,89,Ústecký Kraj,0.15,0.15,0.1,0.15,0.1
360,360,Dolní Poustevna,89,Ústecký Kraj,0.15,0.15,0.1,0.15,0.1
361,361,Dolní Počernice,52,Hlavní Město Praha,0.15,0.15,0.1,0.15,0.1
362,362,Dolní Přím,82,Královéhradecký Kraj,0.15,0.15,0.1,0.15,0.1
363,363,Dolní Radechová,82,Královéhradecký Kraj,0.15,0.15,0.1,0.15,0.1
364,364,Dolní Roveň,86,Pardubický Kraj,0.15,0.15,0.1,0.15,0.1
365,365,Dolní Rožínka,,Kraj Vysocina,0.15,0.15,0.1,0.15,0.1
366,366,Dolní Rychnov,81,Karlovarský Kraj,0.15,0.15,0.1,0.15,0.1
367,367,Dolní Sloupnice,86,Pardubický Kraj,0.15,0.15,0.1,0.15,0.1
368,368,Dolní Studénky,84,Olomoucký Kraj,0.15,0.15,0.1,0.15,0.1
369,369,Dolní Třebonín,79,Jihočeský Kraj,0.15,0.15,0.1,0.15,0.1
370,370,Dolní Záhoří,79,Jihočeský Kraj,0.15,0.15,0.1,0.15,0.1
371,371,Dolní Zálezly,89,Ústecký Kraj,0.15,0.15,0.1,0.15,0.1
372,372,Dolní Újezd,84,Olomoucký Kraj,0.15,0.15,0.1,0.15,0.1
373,373,Dolní Újezd,86,Pardubický Kraj,0.15,0.15,0.1,0.15,0.1
374,374,Dolní Čermná,86,Pardubický Kraj,0.15,0.15,0.1,0.15,0.1
375,375,Dolní Černilov,82,Královéhradecký Kraj,0.15,0.15,0.1,0.15,0.1
376,376,Dolní Řasnice,83,Liberecký Kraj,0.15,0.15,0.1,0.15,0.1
377,377,Dolní Ředice,86,Pardubický Kraj,0.15,0.15,0.1,0.15,0.1
378,378,Dolní Žandov,81,Karlovarský Kraj,0.15,0.15,0.1,0.15,0.1
379,379,Dolní Životice,,Moravskoslezsky Kraj,0.15,0.15,0.1,0.15,0.1
380,380,Doloplazy,84,Olomoucký Kraj,0.15,0.15,0.1,0.15,0.1
381,381,Domanín,78,Jihomoravský Kraj,0.15,0.15,0.1,0.15,0.1
382,382,Domašov,78,Jihomoravský Kraj,0.15,0.15,0.1,0.15,0.1
383,383,Domažlice,,Plzensky Kraj,0.15,0.15,0.1,0.15,0.1
384,384,Doubrava,,Moravskoslezsky Kraj,0.15,0.15,0.1,0.15,0.1
385,385,Doubravice nad Svitavou,78,Jihomoravský Kraj,0.15,0.15,0.1,0.15,0.1
386,386,Doubravník,78,Jihomoravský Kraj,0.15,0.15,0.1,0.15,0.1
387,387,Doudleby nad Orlicí,82,Královéhradecký Kraj,0.15,0.15,0.1,0.15,0.1
388,388,Drahanovice,84,Olomoucký Kraj,0.15,0.15,0.1,0.15,0.1
389,389,Drahany,84,Olomoucký Kraj,0.15,0.15,0.1,0.15,0.1
390,390,Drahlín,88,Středočeský Kraj,0.15,0.15,0.1,0.15,0.1
391,391,Dražice,79,Jihočeský Kraj,0.15,0.15,0.1,0.15,0.1
392,392,Dražovice,78,Jihomoravský Kraj,0.15,0.15,0.1,0.15,0.1
393,393,Drhovle,79,Jihočeský Kraj,0.15,0.15,0.1,0.15,0.1
394,394,Drmoul,81,Karlovarský Kraj,0.15,0.15,0.1,0.15,0.1
395,395,Drnholec,78,Jihomoravský Kraj,0.15,0.15,0.1,0.15,0.1
396,396,Drnovice,78,Jihomoravský Kraj,0.15,0.15,0.1,0.15,0.1
397,397,Droužkovice,89,Ústecký Kraj,0.15,0.15,0.1,0.15,0.1
398,398,Drozdov,88,Středočeský Kraj,0.15,0.15,0.1,0.15,0.1
399,399,Druztová,,Plzensky Kraj,0.15,0.15,0.1,0.15,0.1
400,400,Družec,88,Středočeský Kraj,0.15,0.15,0.1,0.15,0.1
401,401,Drysice,78,Jihomoravský Kraj,0.15,0.15,0.1,0.15,0.1
402,402,Drásov,78,Jihomoravský Kraj,0.15,0.15,0.1,0.15,0.1
403,403,Držkov,83,Liberecký Kraj,0.15,0.15,0.1,0.15,0.1
404,404,Dub nad Moravou,84,Olomoucký Kraj,0.15,0.15,0.1,0.15,0.1
405,405,Dubenec,82,Královéhradecký Kraj,0.15,0.15,0.1,0.15,0.1
406,406,Dubicko,84,Olomoucký Kraj,0.15,0.15,0.1,0.15,0.1
407,407,Dublovice,88,Středočeský Kraj,0.15,0.15,0.1,0.15,0.1
408,408,Dubnice,83,Liberecký Kraj,0.15,0.15,0.1,0.15,0.1
409,409,Dubné,79,Jihočeský Kraj,0.15,0.15,0.1,0.15,0.1
410,410,Dubá,83,Liberecký Kraj,0.15,0.15,0.1,0.15,0.1
411,411,Dubí,89,Ústecký Kraj,0.15,0.15,0.1,0.15,0.1
412,412,Dubňany,78,Jihomoravský Kraj,0.15,0.15,0.1,0.15,0.1
413,413,Duchcov,89,Ústecký Kraj,0.15,0.15,0.1,0.15,0.1
414,414,Dukovany,,Kraj Vysocina,0.15,0.15,0.1,0.15,0.1
415,415,Dvorce,,Moravskoslezsky Kraj,0.15,0.15,0.1,0.15,0.1
416,416,Dvory,88,Středočeský Kraj,0.15,0.15,0.1,0.15,0.1
417,417,Dvůr Králové nad Labem,82,Královéhradecký Kraj,0.15,0.15,0.1,0.15,0.1
418,418,Dyjákovice,78,Jihomoravský Kraj,0.15,0.15,0.1,0.15,0.1
419,419,Dymokury,88,Středočeský Kraj,0.15,0.15,0.1,0.15,0.1
420,420,Dívčice,79,Jihočeský Kraj,0.15,0.15,0.1,0.15,0.1
421,421,Dýšina,,Plzensky Kraj,0.15,0.15,0.1,0.15,0.1
422,422,Děhylov,,Moravskoslezsky Kraj,0.15,0.15,0.1,0.15,0.1
423,423,Dětenice,82,Královéhradecký Kraj,0.15,0.15,0.1,0.15,0.1
424,424,Dětmarovice,,Moravskoslezsky Kraj,0.15,0.15,0.1,0.15,0.1
425,425,Dětřichov,83,Liberecký Kraj,0.15,0.15,0.1,0.15,0.1
426,426,Děčín,89,Ústecký Kraj,0.15,0.15,0.1,0.15,0.1
427,427,Dřevohostice,84,Olomoucký Kraj,0.15,0.15,0.1,0.15,0.1
428,428,Dřísy,88,Středočeský Kraj,0.15,0.15,0.1,0.15,0.1
429,429,Ejpovice,,Plzensky Kraj,0.15,0.15,0.1,0.15,0.1
430,430,Francova Lhota,90,Zlínský Kraj,0.15,0.15,0.1,0.15,0.1
431,431,Františkovy Lázně,81,Karlovarský Kraj,0.15,0.15,0.1,0.15,0.1
432,432,Frenštát pod Radhoštěm,,Moravskoslezsky Kraj,0.15,0.15,0.1,0.15,0.1
433,433,Frymburk,79,Jihočeský Kraj,0.15,0.15,0.1,0.15,0.1
434,434,Fryčovice,,Moravskoslezsky Kraj,0.15,0.15,0.1,0.15,0.1
435,435,Fryšták,90,Zlínský Kraj,0.15,0.15,0.1,0.15,0.1
436,436,Frýdlant,83,Liberecký Kraj,0.15,0.15,0.1,0.15,0.1
437,437,Frýdlant nad Ostravicí,,Moravskoslezsky Kraj,0.15,0.15,0.1,0.15,0.1
438,438,Frýdštejn,83,Liberecký Kraj,0.15,0.15,0.1,0.15,0.1
439,439,Fulnek,,Moravskoslezsky Kraj,0.15,0.15,0.1,0.15,0.1
440,440,Golčův Jeníkov,,Kraj Vysocina,0.15,0.15,0.1,0.15,0.1
441,441,Grygov,84,Olomoucký Kraj,0.15,0.15,0.1,0.15,0.1
442,442,Habartov,81,Karlovarský Kraj,0.15,0.15,0.1,0.15,0.1
443,443,Habrovany,78,Jihomoravský Kraj,0.15,0.15,0.1,0.15,0.1
444,444,Habry,,Kraj Vysocina,0.15,0.15,0.1,0.15,0.1
445,445,Hajnice,82,Královéhradecký Kraj,0.15,0.15,0.1,0.15,0.1
446,446,Halenkov,90,Zlínský Kraj,0.15,0.15,0.1,0.15,0.1
447,447,Halenkovice,90,Zlínský Kraj,0.15,0.15,0.1,0.15,0.1
448,448,Halže,,Plzensky Kraj,0.15,0.15,0.1,0.15,0.1
449,449,Hanušovice,84,Olomoucký Kraj,0.15,0.15,0.1,0.15,0.1
450,450,Harrachov,83,Liberecký Kraj,0.15,0.15,0.1,0.15,0.1
451,451,Hartmanice,,Plzensky Kraj,0.15,0.15,0.1,0.15,0.1
452,452,Hartvíkovice,,Kraj Vysocina,0.15,0.15,0.1,0.15,0.1
453,453,Havlovice,82,Královéhradecký Kraj,0.15,0.15,0.1,0.15,0.1
454,454,Havlíčkova Borová,,Kraj Vysocina,0.15,0.15,0.1,0.15,0.1
455,455,Havlíčkův Brod,,Kraj Vysocina,0.15,0.15,0.1,0.15,0.1
456,456,Havraň,89,Ústecký Kraj,0.15,0.15,0.1,0.15,0.1
457,457,Havířov,,Moravskoslezsky Kraj,0.15,0.15,0.1,0.15,0.1
458,458,Hazlov,81,Karlovarský Kraj,0.15,0.15,0.1,0.15,0.1
459,459,Hať,,Moravskoslezsky Kraj,0.15,0.15,0.1,0.15,0.1
460,460,Hejnice,83,Liberecký Kraj,0.15,0.15,0.1,0.15,0.1
461,461,Hejtmánkovice,82,Královéhradecký Kraj,0.15,0.15,0.1,0.15,0.1
462,462,Herálec,,Kraj Vysocina,0.15,0.15,0.1,0.15,0.1
463,463,Heršpice,78,Jihomoravský Kraj,0.15,0.15,0.1,0.15,0.1
464,464,Hevlín,78,Jihomoravský Kraj,0.15,0.15,0.1,0.15,0.1
465,465,Heřmaničky,88,Středočeský Kraj,0.15,0.15,0.1,0.15,0.1
466,466,Heřmanova Huť,,Plzensky Kraj,0.15,0.15,0.1,0.15,0.1
467,467,Heřmanův Městec,86,Pardubický Kraj,0.15,0.15,0.1,0.15,0.1
468,468,Hladké Životice,,Moravskoslezsky Kraj,0.15,0.15,0.1,0.15,0.1
469,469,Hlavnice,,Moravskoslezsky Kraj,0.15,0.15,0.1,0.15,0.1
470,470,Hlavňovice,,Plzensky Kraj,0.15,0.15,0.1,0.15,0.1
471,471,Hlinsko,86,Pardubický Kraj,0.15,0.15,0.1,0.15,0.1
472,472,Hlohovec,78,Jihomoravský Kraj,0.15,0.15,0.1,0.15,0.1
473,473,Hluboká nad Vltavou,79,Jihočeský Kraj,0.15,0.15,0.1,0.15,0.1
474,474,Hluboké Mašůvky,78,Jihomoravský Kraj,0.15,0.15,0.1,0.15,0.1
475,475,Hlubočec,,Moravskoslezsky Kraj,0.15,0.15,0.1,0.15,0.1
476,476,Hlubočky,84,Olomoucký Kraj,0.15,0.15,0.1,0.15,0.1
477,477,Hluboš,88,Středočeský Kraj,0.15,0.15,0.1,0.15,0.1
478,478,Hluk,90,Zlínský Kraj,0.15,0.15,0.1,0.15,0.1
479,479,Hlučín,,Moravskoslezsky Kraj,0.15,0.15,0.1,0.15,0.1
480,480,Hlušice,82,Královéhradecký Kraj,0.15,0.15,0.1,0.15,0.1
481,481,Hlásná Třebaň,88,Středočeský Kraj,0.15,0.15,0.1,0.15,0.1
482,482,Hnojice,84,Olomoucký Kraj,0.15,0.15,0.1,0.15,0.1
483,483,Hnojník,,Moravskoslezsky Kraj,0.15,0.15,0.1,0.15,0.1
484,484,Hnátnice,86,Pardubický Kraj,0.15,0.15,0.1,0.15,0.1
485,485,Hněvkovice,,Kraj Vysocina,0.15,0.15,0.1,0.15,0.1
486,486,Hněvotín,84,Olomoucký Kraj,0.15,0.15,0.1,0.15,0.1
487,487,Hněvošice,,Moravskoslezsky Kraj,0.15,0.15,0.1,0.15,0.1
488,488,Hodice,,Kraj Vysocina,0.15,0.15,0.1,0.15,0.1
489,489,Hodkovice nad Mohelkou,83,Liberecký Kraj,0.15,0.15,0.1,0.15,0.1
490,490,Hodkovičky,52,Hlavní Město Praha,0.15,0.15,0.1,0.15,0.1
491,491,Hodonice,78,Jihomoravský Kraj,0.15,0.15,0.1,0.15,0.1
492,492,Hodonín,78,Jihomoravský Kraj,0.15,0.15,0.1,0.15,0.1
493,493,Hodslavice,,Moravskoslezsky Kraj,0.15,0.15,0.1,0.15,0.1
494,494,Hodějice,78,Jihomoravský Kraj,0.15,0.15,0.1,0.15,0.1
495,495,Holasice,78,Jihomoravský Kraj,0.15,0.15,0.1,0.15,0.1
496,496,Holasovice,,Moravskoslezsky Kraj,0.15,0.15,0.1,0.15,0.1
497,497,Holešov,90,Zlínský Kraj,0.15,0.15,0.1,0.15,0.1
498,498,Holice,86,Pardubický Kraj,0.15,0.15,0.1,0.15,0.1
499,499,Holohlavy,82,Královéhradecký Kraj,0.15,0.15,0.1,0.15,0.1
500,500,Holoubkov,,Plzensky Kraj,0.15,0.15,0.1,0.15,0.1
501,501,Holubice,78,Jihomoravský Kraj,0.15,0.15,0.1,0.15,0.1
502,502,Holubice,88,Středočeský Kraj,0.15,0.15,0.1,0.15,0.1
503,503,Holubov,79,Jihočeský Kraj,0.15,0.15,0.1,0.15,0.1
504,504,Holín,82,Královéhradecký Kraj,0.15,0.15,0.1,0.15,0.1
505,505,Holýšov,,Plzensky Kraj,0.15,0.15,0.1,0.15,0.1
506,506,Homole,79,Jihočeský Kraj,0.15,0.15,0.1,0.15,0.1
507,507,Horažďovice,,Plzensky Kraj,0.15,0.15,0.1,0.15,0.1
508,508,Horka nad Moravou,84,Olomoucký Kraj,0.15,0.15,0.1,0.15,0.1
509,509,Horní Benešov,,Moravskoslezsky Kraj,0.15,0.15,0.1,0.15,0.1
510,510,Horní Bečva,90,Zlínský Kraj,0.15,0.15,0.1,0.15,0.1
511,511,Horní Beřkovice,89,Ústecký Kraj,0.15,0.15,0.1,0.15,0.1
512,512,Horní Blatná,81,Karlovarský Kraj,0.15,0.15,0.1,0.15,0.1
513,513,Horní Bludovice,,Moravskoslezsky Kraj,0.15,0.15,0.1,0.15,0.1
514,514,Horní Bojanovice,78,Jihomoravský Kraj,0.15,0.15,0.1,0.15,0.1
515,515,Horní Branná,83,Liberecký Kraj,0.15,0.15,0.1,0.15,0.1
516,516,Horní Bělá,,Plzensky Kraj,0.15,0.15,0.1,0.15,0.1
517,517,Horní Bříza,,Plzensky Kraj,0.15,0.15,0.1,0.15,0.1
518,518,Horní Cerekev,,Kraj Vysocina,0.15,0.15,0.1,0.15,0.1
519,519,Horní Domaslavice,,Moravskoslezsky Kraj,0.15,0.15,0.1,0.15,0.1
520,520,Horní Dubenky,,Kraj Vysocina,0.15,0.15,0.1,0.15,0.1
521,521,Horní Dunajovice,78,Jihomoravský Kraj,0.15,0.15,0.1,0.15,0.1
522,522,Horní Dvořiště,79,Jihočeský Kraj,0.15,0.15,0.1,0.15,0.1
523,523,Horní Jelení,86,Pardubický Kraj,0.15,0.15,0.1,0.15,0.1
524,524,Horní Jiřetín,89,Ústecký Kraj,0.15,0.15,0.1,0.15,0.1
525,525,Horní Kruty,88,Středočeský Kraj,0.15,0.15,0.1,0.15,0.1
526,526,Horní Lhota,90,Zlínský Kraj,0.15,0.15,0.1,0.15,0.1
527,527,Horní Lhota,,Moravskoslezsky Kraj,0.15,0.15,0.1,0.15,0.1
528,528,Horní Lideč,90,Zlínský Kraj,0.15,0.15,0.1,0.15,0.1
529,529,Horní Moštěnice,84,Olomoucký Kraj,0.15,0.15,0.1,0.15,0.1
530,530,Horní Město,,Moravskoslezsky Kraj,0.15,0.15,0.1,0.15,0.1
531,531,Horní Němčí,90,Zlínský Kraj,0.15,0.15,0.1,0.15,0.1
532,532,Horní Planá,79,Jihočeský Kraj,0.15,0.15,0.1,0.15,0.1
533,533,Horní Podluží,89,Ústecký Kraj,0.15,0.15,0.1,0.15,0.1
534,534,Horní Police,83,Liberecký Kraj,0.15,0.15,0.1,0.15,0.1
535,535,Horní Počaply,88,Středočeský Kraj,0.15,0.15,0.1,0.15,0.1
536,536,Horní Počernice,52,Hlavní Město Praha,0.15,0.15,0.1,0.15,0.1
537,537,Horní Slavkov,81,Karlovarský Kraj,0.15,0.15,0.1,0.15,0.1
538,538,Horní Sloupnice,86,Pardubický Kraj,0.15,0.15,0.1,0.15,0.1
539,539,Horní Stropnice,79,Jihočeský Kraj,0.15,0.15,0.1,0.15,0.1
540,540,Horní Suchá,,Moravskoslezsky Kraj,0.15,0.15,0.1,0.15,0.1
541,541,Horní Těrlicko,,Moravskoslezsky Kraj,0.15,0.15,0.1,0.15,0.1
542,542,Horní Třešňovec,86,Pardubický Kraj,0.15,0.15,0.1,0.15,0.1
543,543,Horní Čermná,86,Pardubický Kraj,0.15,0.15,0.1,0.15,0.1
544,544,Horní Ředice,86,Pardubický Kraj,0.15,0.15,0.1,0.15,0.1
545,545,Horní Štěpánov,84,Olomoucký Kraj,0.15,0.15,0.1,0.15,0.1
546,546,Horoměřice,88,Středočeský Kraj,0.15,0.15,0.1,0.15,0.1
547,547,Horšovský Týn,,Plzensky Kraj,0.15,0.15,0.1,0.15,0.1
548,548,Hospozín,88,Středočeský Kraj,0.15,0.15,0.1,0.15,0.1
549,549,Hostavice,52,Hlavní Město Praha,0.15,0.15,0.1,0.15,0.1
550,550,Hostašovice,,Moravskoslezsky Kraj,0.15,0.15,0.1,0.15,0.1
551,551,Hostinné,82,Královéhradecký Kraj,0.15,0.15,0.1,0.15,0.1
552,552,Hostivice,88,Středočeský Kraj,0.15,0.15,0.1,0.15,0.1
553,553,Hostomice,89,Ústecký Kraj,0.15,0.15,0.1,0.15,0.1
554,554,Hostomice,88,Středočeský Kraj,0.15,0.15,0.1,0.15,0.1
555,555,Hostouň,88,Středočeský Kraj,0.15,0.15,0.1,0.15,0.1
556,556,Hostouň,,Plzensky Kraj,0.15,0.15,0.1,0.15,0.1
557,557,Hostěradice,78,Jihomoravský Kraj,0.15,0.15,0.1,0.15,0.1
558,558,Hostěrádky-Rešov,78,Jihomoravský Kraj,0.15,0.15,0.1,0.15,0.1
559,559,Hosín,79,Jihočeský Kraj,0.15,0.15,0.1,0.15,0.1
560,560,Hovorany,78,Jihomoravský Kraj,0.15,0.15,0.1,0.15,0.1
561,561,Hovorčovice,88,Středočeský Kraj,0.15,0.15,0.1,0.15,0.1
562,562,Hovězí,90,Zlínský Kraj,0.15,0.15,0.1,0.15,0.1
563,563,Hořepník,,Kraj Vysocina,0.15,0.15,0.1,0.15,0.1
564,564,Hořice,82,Královéhradecký Kraj,0.15,0.15,0.1,0.15,0.1
565,565,Hořice na Šumavě,79,Jihočeský Kraj,0.15,0.15,0.1,0.15,0.1
566,566,Hořiněves,82,Královéhradecký Kraj,0.15,0.15,0.1,0.15,0.1
567,567,Hořovice,88,Středočeský Kraj,0.15,0.15,0.1,0.15,0.1
568,568,Hořátev,88,Středočeský Kraj,0.15,0.15,0.1,0.15,0.1
569,569,Hořín,88,Středočeský Kraj,0.15,0.15,0.1,0.15,0.1
570,570,Hošťka,89,Ústecký Kraj,0.15,0.15,0.1,0.15,0.1
571,571,Hošťálkovy,,Moravskoslezsky Kraj,0.15,0.15,0.1,0.15,0.1
572,572,Hošťálková,90,Zlínský Kraj,0.15,0.15,0.1,0.15,0.1
573,573,Hrabišín,84,Olomoucký Kraj,0.15,0.15,0.1,0.15,0.1
574,574,Hrabová,84,Olomoucký Kraj,0.15,0.15,0.1,0.15,0.1
575,575,Hrabyně,,Moravskoslezsky Kraj,0.15,0.15,0.1,0.15,0.1
576,576,Hrabětice,78,Jihomoravský Kraj,0.15,0.15,0.1,0.15,0.1
577,577,Hradec Králové,82,Královéhradecký Kraj,0.15,0.15,0.1,0.15,0.1
578,578,Hradec nad Moravicí,,Moravskoslezsky Kraj,0.15,0.15,0.1,0.15,0.1
579,579,Hradec nad Svitavou,86,Pardubický Kraj,0.15,0.15,0.1,0.15,0.1
580,580,Hradištko,88,Středočeský Kraj,0.15,0.15,0.1,0.15,0.1
581,581,Hradiště,81,Karlovarský Kraj,0.15,0.15,0.1,0.15,0.1
582,582,Hradčovice,90,Zlínský Kraj,0.15,0.15,0.1,0.15,0.1
583,583,Hranice,84,Olomoucký Kraj,0.15,0.15,0.1,0.15,0.1
584,584,Hranice,81,Karlovarský Kraj,0.15,0.15,0.1,0.15,0.1
585,585,Hrdlořezy,88,Středočeský Kraj,0.15,0.15,0.1,0.15,0.1
586,586,Hrdějovice,79,Jihočeský Kraj,0.15,0.15,0.1,0.15,0.1
587,587,Hrob,89,Ústecký Kraj,0.15,0.15,0.1,0.15,0.1
588,588,Hrobce,89,Ústecký Kraj,0.15,0.15,0.1,0.15,0.1
589,589,Hrobčice,89,Ústecký Kraj,0.15,0.15,0.1,0.15,0.1
590,590,Hrochův Týnec,86,Pardubický Kraj,0.15,0.15,0.1,0.15,0.1
591,591,Hromnice,,Plzensky Kraj,0.15,0.15,0.1,0.15,0.1
592,592,Hronov,82,Královéhradecký Kraj,0.15,0.15,0.1,0.15,0.1
593,593,Hrotovice,,Kraj Vysocina,0.15,0.15,0.1,0.15,0.1
594,594,Hroznová Lhota,78,Jihomoravský Kraj,0.15,0.15,0.1,0.15,0.1
595,595,Hroznětín,81,Karlovarský Kraj,0.15,0.15,0.1,0.15,0.1
596,596,Hrubá Skála,83,Liberecký Kraj,0.15,0.15,0.1,0.15,0.1
597,597,Hrubá Vrbka,78,Jihomoravský Kraj,0.15,0.15,0.1,0.15,0.1
598,598,Hrubý Jeseník,88,Středočeský Kraj,0.15,0.15,0.1,0.15,0.1
599,599,Hrubčice,84,Olomoucký Kraj,0.15,0.15,0.1,0.15,0.1
600,600,Hrušky,78,Jihomoravský Kraj,0.15,0.15,0.1,0.15,0.1
601,601,Hrušovany nad Jevišovkou,78,Jihomoravský Kraj,0.15,0.15,0.1,0.15,0.1
602,602,Hrušovany u Brna,78,Jihomoravský Kraj,0.15,0.15,0.1,0.15,0.1
603,603,Hrádek,78,Jihomoravský Kraj,0.15,0.15,0.1,0.15,0.1
604,604,Hrádek,,Plzensky Kraj,0.15,0.15,0.1,0.15,0.1
605,605,Hrádek,,Moravskoslezsky Kraj,0.15,0.15,0.1,0.15,0.1
606,606,Hrádek nad Nisou,83,Liberecký Kraj,0.15,0.15,0.1,0.15,0.1
607,607,Hudlice,88,Středočeský Kraj,0.15,0.15,0.1,0.15,0.1
608,608,Hukvaldy,,Moravskoslezsky Kraj,0.15,0.15,0.1,0.15,0.1
609,609,Hulín,90,Zlínský Kraj,0.15,0.15,0.1,0.15,0.1
610,610,Humpolec,,Kraj Vysocina,0.15,0.15,0.1,0.15,0.1
611,611,Huntířov,89,Ústecký Kraj,0.15,0.15,0.1,0.15,0.1
612,612,Husinec,88,Středočeský Kraj,0.15,0.15,0.1,0.15,0.1
613,613,Husinec,79,Jihočeský Kraj,0.15,0.15,0.1,0.15,0.1
614,614,Hustopeče,78,Jihomoravský Kraj,0.15,0.15,0.1,0.15,0.1
615,615,Huštěnovice,90,Zlínský Kraj,0.15,0.15,0.1,0.15,0.1
616,616,Hvozd,84,Olomoucký Kraj,0.15,0.15,0.1,0.15,0.1
617,617,Hvozdná,90,Zlínský Kraj,0.15,0.15,0.1,0.15,0.1
618,618,Hvožďany,88,Středočeský Kraj,0.15,0.15,0.1,0.15,0.1
619,619,Háj u Duchcova,89,Ústecký Kraj,0.15,0.15,0.1,0.15,0.1
620,620,Háj ve Slezsku,,Moravskoslezsky Kraj,0.15,0.15,0.1,0.15,0.1
621,621,Hýskov,88,Středočeský Kraj,0.15,0.15,0.1,0.15,0.1
622,622,Hřebeč,88,Středočeský Kraj,0.15,0.15,0.1,0.15,0.1
623,623,Hředle,88,Středočeský Kraj,0.15,0.15,0.1,0.15,0.1
624,624,Hřivice,89,Ústecký Kraj,0.15,0.15,0.1,0.15,0.1
625,625,Hřivínův Újezd,90,Zlínský Kraj,0.15,0.15,0.1,0.15,0.1
626,626,Ivanovice na Hané,78,Jihomoravský Kraj,0.15,0.15,0.1,0.15,0.1
627,627,Ivančice,78,Jihomoravský Kraj,0.15,0.15,0.1,0.15,0.1
628,628,Ivaň,78,Jihomoravský Kraj,0.15,0.15,0.1,0.15,0.1
629,629,Jablonec nad Jizerou,83,Liberecký Kraj,0.15,0.15,0.1,0.15,0.1
630,630,Jablonec nad Nisou,83,Liberecký Kraj,0.15,0.15,0.1,0.15,0.1
631,631,Jablonné nad Orlicí,86,Pardubický Kraj,0.15,0.15,0.1,0.15,0.1
632,632,Jablonné v Podještědí,83,Liberecký Kraj,0.15,0.15,0.1,0.15,0.1
633,633,Jablunkov,,Moravskoslezsky Kraj,0.15,0.15,0.1,0.15,0.1
634,634,Jablůnka,90,Zlínský Kraj,0.15,0.15,0.1,0.15,0.1
635,635,Jakartovice,,Moravskoslezsky Kraj,0.15,0.15,0.1,0.15,0.1
636,636,Jakubčovice nad Odrou,,Moravskoslezsky Kraj,0.15,0.15,0.1,0.15,0.1
637,637,Jalubí,90,Zlínský Kraj,0.15,0.15,0.1,0.15,0.1
638,638,Jamné nad Orlicí,86,Pardubický Kraj,0.15,0.15,0.1,0.15,0.1
639,639,Jankov,88,Středočeský Kraj,0.15,0.15,0.1,0.15,0.1
640,640,Janov,86,Pardubický Kraj,0.15,0.15,0.1,0.15,0.1
641,641,Janov nad Nisou,83,Liberecký Kraj,0.15,0.15,0.1,0.15,0.1
642,642,Janovice,,Moravskoslezsky Kraj,0.15,0.15,0.1,0.15,0.1
643,643,Janovice nad Úhlavou,,Plzensky Kraj,0.15,0.15,0.1,0.15,0.1
644,644,Janová,90,Zlínský Kraj,0.15,0.15,0.1,0.15,0.1
645,645,Janské Lázně,82,Královéhradecký Kraj,0.15,0.15,0.1,0.15,0.1
646,646,Jarcová,90,Zlínský Kraj,0.15,0.15,0.1,0.15,0.1
647,647,Jaroměř,82,Královéhradecký Kraj,0.15,0.15,0.1,0.15,0.1
648,648,Jaroměřice,86,Pardubický Kraj,0.15,0.15,0.1,0.15,0.1
649,649,Jaroměřice nad Rokytnou,,Kraj Vysocina,0.15,0.15,0.1,0.15,0.1
650,650,Jaroslavice,78,Jihomoravský Kraj,0.15,0.15,0.1,0.15,0.1
651,651,Jarošov nad Nežárkou,79,Jihočeský Kraj,0.15,0.15,0.1,0.15,0.1
652,652,Jasenná,90,Zlínský Kraj,0.15,0.15,0.1,0.15,0.1
653,653,Jasenná,82,Královéhradecký Kraj,0.15,0.15,0.1,0.15,0.1
654,654,Javornice,82,Královéhradecký Kraj,0.15,0.15,0.1,0.15,0.1
655,655,Javorník,78,Jihomoravský Kraj,0.15,0.15,0.1,0.15,0.1
656,656,Javorník,84,Olomoucký Kraj,0.15,0.15,0.1,0.15,0.1
657,657,Jedlová,86,Pardubický Kraj,0.15,0.15,0.1,0.15,0.1
658,658,Jedlí,84,Olomoucký Kraj,0.15,0.15,0.1,0.15,0.1
659,659,Jedovnice,78,Jihomoravský Kraj,0.15,0.15,0.1,0.15,0.1
660,660,Jemnice,,Kraj Vysocina,0.15,0.15,0.1,0.15,0.1
661,661,Jeneč,88,Středočeský Kraj,0.15,0.15,0.1,0.15,0.1
662,662,Jenišovice,83,Liberecký Kraj,0.15,0.15,0.1,0.15,0.1
663,663,Jeníkov,89,Ústecký Kraj,0.15,0.15,0.1,0.15,0.1
664,664,Jenštejn,88,Středočeský Kraj,0.15,0.15,0.1,0.15,0.1
665,665,Jesenice,88,Středočeský Kraj,0.15,0.15,0.1,0.15,0.1
666,666,Jesenný,83,Liberecký Kraj,0.15,0.15,0.1,0.15,0.1
667,667,Jeseník,84,Olomoucký Kraj,0.15,0.15,0.1,0.15,0.1
668,668,Jeseník nad Odrou,,Moravskoslezsky Kraj,0.15,0.15,0.1,0.15,0.1
669,669,Jestřebí,84,Olomoucký Kraj,0.15,0.15,0.1,0.15,0.1
670,670,Jestřebí,83,Liberecký Kraj,0.15,0.15,0.1,0.15,0.1
671,671,Jevišovice,78,Jihomoravský Kraj,0.15,0.15,0.1,0.15,0.1
672,672,Jevišovka,78,Jihomoravský Kraj,0.15,0.15,0.1,0.15,0.1
673,673,Jevíčko,86,Pardubický Kraj,0.15,0.15,0.1,0.15,0.1
674,674,Jezernice,84,Olomoucký Kraj,0.15,0.15,0.1,0.15,0.1
675,675,Ježov,78,Jihomoravský Kraj,0.15,0.15,0.1,0.15,0.1
676,676,Jihlava,,Kraj Vysocina,0.15,0.15,0.1,0.15,0.1
677,677,Jilemnice,83,Liberecký Kraj,0.15,0.15,0.1,0.15,0.1
678,678,Jimlín,89,Ústecký Kraj,0.15,0.15,0.1,0.15,0.1
679,679,Jimramov,,Kraj Vysocina,0.15,0.15,0.1,0.15,0.1
680,680,Jinačovice,78,Jihomoravský Kraj,0.15,0.15,0.1,0.15,0.1
681,681,Jince,88,Středočeský Kraj,0.15,0.15,0.1,0.15,0.1
682,682,Jindřichov,,Moravskoslezsky Kraj,0.15,0.15,0.1,0.15,0.1
683,683,Jindřichovice pod Smrkem,83,Liberecký Kraj,0.15,0.15,0.1,0.15,0.1
684,684,Jindřichův Hradec,79,Jihočeský Kraj,0.15,0.15,0.1,0.15,0.1
685,685,Jinočany,88,Středočeský Kraj,0.15,0.15,0.1,0.15,0.1
686,686,Jirkov,89,Ústecký Kraj,0.15,0.15,0.1,0.15,0.1
687,687,Jirny,88,Středočeský Kraj,0.15,0.15,0.1,0.15,0.1
688,688,Jistebnice,79,Jihočeský Kraj,0.15,0.15,0.1,0.15,0.1
689,689,Jistebník,,Moravskoslezsky Kraj,0.15,0.15,0.1,0.15,0.1
690,690,Jičín,82,Královéhradecký Kraj,0.15,0.15,0.1,0.15,0.1
691,691,Jičíněves,82,Královéhradecký Kraj,0.15,0.15,0.1,0.15,0.1
692,692,Jiřetín pod Bukovou,83,Liberecký Kraj,0.15,0.15,0.1,0.15,0.1
693,693,Jiřetín pod Jedlovou,89,Ústecký Kraj,0.15,0.15,0.1,0.15,0.1
694,694,Jiřice,,Kraj Vysocina,0.15,0.15,0.1,0.15,0.1
695,695,Jiříkov,89,Ústecký Kraj,0.15,0.15,0.1,0.15,0.1
696,696,Jiříkovice,78,Jihomoravský Kraj,0.15,0.15,0.1,0.15,0.1
697,697,Josefův Důl,83,Liberecký Kraj,0.15,0.15,0.1,0.15,0.1
698,698,Jáchymov,81,Karlovarský Kraj,0.15,0.15,0.1,0.15,0.1
699,699,Jámy,,Kraj Vysocina,0.15,0.15,0.1,0.15,0.1
700,700,Jílovice,79,Jihočeský Kraj,0.15,0.15,0.1,0.15,0.1
701,701,Jíloviště,88,Středočeský Kraj,0.15,0.15,0.1,0.15,0.1
702,702,Jílové,89,Ústecký Kraj,0.15,0.15,0.1,0.15,0.1
703,703,Jílové u Prahy,88,Středočeský Kraj,0.15,0.15,0.1,0.15,0.1
704,704,Jívka,82,Královéhradecký Kraj,0.15,0.15,0.1,0.15,0.1
705,705,Jívová,84,Olomoucký Kraj,0.15,0.15,0.1,0.15,0.1
706,706,Kadaň,89,Ústecký Kraj,0.15,0.15,0.1,0.15,0.1
707,707,Kamenec u Poličky,86,Pardubický Kraj,0.15,0.15,0.1,0.15,0.1
708,708,Kamenice,,Kraj Vysocina,0.15,0.15,0.1,0.15,0.1
709,709,Kamenice,88,Středočeský Kraj,0.15,0.15,0.1,0.15,0.1
710,710,Kamenice nad Lipou,,Kraj Vysocina,0.15,0.15,0.1,0.15,0.1
711,711,Kamenický Šenov,83,Liberecký Kraj,0.15,0.15,0.1,0.15,0.1
712,712,Kameničky,86,Pardubický Kraj,0.15,0.15,0.1,0.15,0.1
713,713,Kamenná,84,Olomoucký Kraj,0.15,0.15,0.1,0.15,0.1
714,714,Kamenné Zboží,88,Středočeský Kraj,0.15,0.15,0.1,0.15,0.1
715,715,Kamenné Žehrovice,88,Středočeský Kraj,0.15,0.15,0.1,0.15,0.1
716,716,Kamenný Přívoz,88,Středočeský Kraj,0.15,0.15,0.1,0.15,0.1
717,717,Kamenný Újezd,,Plzensky Kraj,0.15,0.15,0.1,0.15,0.1
718,718,Kamenný Újezd,79,Jihočeský Kraj,0.15,0.15,0.1,0.15,0.1
719,719,Kamýk nad Vltavou,88,Středočeský Kraj,0.15,0.15,0.1,0.15,0.1
720,720,Kanice,78,Jihomoravský Kraj,0.15,0.15,0.1,0.15,0.1
721,721,Kaplice,79,Jihočeský Kraj,0.15,0.15,0.1,0.15,0.1
722,722,Kardašova Řečice,79,Jihočeský Kraj,0.15,0.15,0.1,0.15,0.1
723,723,Karlovice,,Moravskoslezsky Kraj,0.15,0.15,0.1,0.15,0.1
724,724,Karlovice,83,Liberecký Kraj,0.15,0.15,0.1,0.15,0.1
725,725,Karlovy Vary,81,Karlovarský Kraj,0.15,0.15,0.1,0.15,0.1
726,726,Karlín,52,Hlavní Město Praha,0.15,0.15,0.1,0.15,0.1
727,727,Karlštejn,88,Středočeský Kraj,0.15,0.15,0.1,0.15,0.1
728,728,Karolinka,90,Zlínský Kraj,0.15,0.15,0.1,0.15,0.1
729,729,Karviná,,Moravskoslezsky Kraj,0.15,0.15,0.1,0.15,0.1
730,730,Kasejovice,,Plzensky Kraj,0.15,0.15,0.1,0.15,0.1
731,731,Kateřinice,90,Zlínský Kraj,0.15,0.15,0.1,0.15,0.1
732,732,Kateřinice,,Moravskoslezsky Kraj,0.15,0.15,0.1,0.15,0.1
733,733,Katovice,79,Jihočeský Kraj,0.15,0.15,0.1,0.15,0.1
734,734,Katusice,88,Středočeský Kraj,0.15,0.15,0.1,0.15,0.1
735,735,Kaznějov,,Plzensky Kraj,0.15,0.15,0.1,0.15,0.1
736,736,Kačice,88,Středočeský Kraj,0.15,0.15,0.1,0.15,0.1
737,737,Kařez,,Plzensky Kraj,0.15,0.15,0.1,0.15,0.1
738,738,Kašava,90,Zlínský Kraj,0.15,0.15,0.1,0.15,0.1
739,739,Kašperské Hory,,Plzensky Kraj,0.15,0.15,0.1,0.15,0.1
740,740,Kbely,52,Hlavní Město Praha,0.15,0.15,0.1,0.15,0.1
741,741,Kdyně,,Plzensky Kraj,0.15,0.15,0.1,0.15,0.1
742,742,Kelč,90,Zlínský Kraj,0.15,0.15,0.1,0.15,0.1
743,743,Ketkovice,78,Jihomoravský Kraj,0.15,0.15,0.1,0.15,0.1
744,744,Kladno,88,Středočeský Kraj,0.15,0.15,0.1,0.15,0.1
745,745,Kladruby,,Plzensky Kraj,0.15,0.15,0.1,0.15,0.1
746,746,Kladruby nad Labem,86,Pardubický Kraj,0.15,0.15,0.1,0.15,0.1
747,747,Klapý,89,Ústecký Kraj,0.15,0.15,0.1,0.15,0.1
748,748,Klatovy,,Plzensky Kraj,0.15,0.15,0.1,0.15,0.1
749,749,Klecany,88,Středočeský Kraj,0.15,0.15,0.1,0.15,0.1
750,750,Klenovice na Hané,84,Olomoucký Kraj,0.15,0.15,0.1,0.15,0.1
751,751,Klentnice,78,Jihomoravský Kraj,0.15,0.15,0.1,0.15,0.1
752,752,Klenčí pod Čerchovem,,Plzensky Kraj,0.15,0.15,0.1,0.15,0.1
753,753,Klimkovice,,Moravskoslezsky Kraj,0.15,0.15,0.1,0.15,0.1
754,754,Klobouky,78,Jihomoravský Kraj,0.15,0.15,0.1,0.15,0.1
755,755,Klobuky,88,Středočeský Kraj,0.15,0.15,0.1,0.15,0.1
756,756,Klopina,84,Olomoucký Kraj,0.15,0.15,0.1,0.15,0.1
757,757,Kluky,79,Jihočeský Kraj,0.15,0.15,0.1,0.15,0.1
758,758,Klučov,88,Středočeský Kraj,0.15,0.15,0.1,0.15,0.1
759,759,Kly,88,Středočeský Kraj,0.15,0.15,0.1,0.15,0.1
760,760,Klášter,81,Karlovarský Kraj,0.15,0.15,0.1,0.15,0.1
761,761,Klášter Hradiště nad Jizerou,88,Středočeský Kraj,0.15,0.15,0.1,0.15,0.1
762,762,Klášterec nad Ohří,89,Ústecký Kraj,0.15,0.15,0.1,0.15,0.1
763,763,Klášterec nad Orlicí,86,Pardubický Kraj,0.15,0.15,0.1,0.15,0.1
764,764,Knovíz,88,Středočeský Kraj,0.15,0.15,0.1,0.15,0.1
765,765,Knínice u Boskovic,78,Jihomoravský Kraj,0.15,0.15,0.1,0.15,0.1
766,766,Kněždub,78,Jihomoravský Kraj,0.15,0.15,0.1,0.15,0.1
767,767,Kněževes,88,Středočeský Kraj,0.15,0.15,0.1,0.15,0.1
768,768,Kněžice,,Kraj Vysocina,0.15,0.15,0.1,0.15,0.1
769,769,Kněžmost,88,Středočeský Kraj,0.15,0.15,0.1,0.15,0.1
770,770,Kněžpole,90,Zlínský Kraj,0.15,0.15,0.1,0.15,0.1
771,771,Koberovy,83,Liberecký Kraj,0.15,0.15,0.1,0.15,0.1
772,772,Kobeřice,,Moravskoslezsky Kraj,0.15,0.15,0.1,0.15,0.1
773,773,Kobylnice,78,Jihomoravský Kraj,0.15,0.15,0.1,0.15,0.1
774,774,Kobylá,84,Olomoucký Kraj,0.15,0.15,0.1,0.15,0.1
775,775,Kobylí,78,Jihomoravský Kraj,0.15,0.15,0.1,0.15,0.1
776,776,Kocbeře,82,Královéhradecký Kraj,0.15,0.15,0.1,0.15,0.1
777,777,Koclířov,86,Pardubický Kraj,0.15,0.15,0.1,0.15,0.1
778,778,Kojetice,88,Středočeský Kraj,0.15,0.15,0.1,0.15,0.1
779,779,Kojetín,84,Olomoucký Kraj,0.15,0.15,0.1,0.15,0.1
780,780,Kokory,84,Olomoucký Kraj,0.15,0.15,0.1,0.15,0.1
781,781,Koleč,88,Středočeský Kraj,0.15,0.15,0.1,0.15,0.1
782,782,Kolešovice,88,Středočeský Kraj,0.15,0.15,0.1,0.15,0.1
783,783,Kolinec,,Plzensky Kraj,0.15,0.15,0.1,0.15,0.1
784,784,Koloveč,,Plzensky Kraj,0.15,0.15,0.1,0.15,0.1
785,785,Kolová,81,Karlovarský Kraj,0.15,0.15,0.1,0.15,0.1
786,786,Kolín,88,Středočeský Kraj,0.15,0.15,0.1,0.15,0.1
787,787,Kolšov,84,Olomoucký Kraj,0.15,0.15,0.1,0.15,0.1
788,788,Komorní Lhotka,,Moravskoslezsky Kraj,0.15,0.15,0.1,0.15,0.1
789,789,Komořany,78,Jihomoravský Kraj,0.15,0.15,0.1,0.15,0.1
790,790,Komárov,88,Středočeský Kraj,0.15,0.15,0.1,0.15,0.1
791,791,Komňa,90,Zlínský Kraj,0.15,0.15,0.1,0.15,0.1
792,792,Konice,84,Olomoucký Kraj,0.15,0.15,0.1,0.15,0.1
793,793,Konopiště,88,Středočeský Kraj,0.15,0.15,0.1,0.15,0.1
794,794,Konstantinovy Lázně,,Plzensky Kraj,0.15,0.15,0.1,0.15,0.1
795,795,Konárovice,88,Středočeský Kraj,0.15,0.15,0.1,0.15,0.1
796,796,Kopidlno,82,Královéhradecký Kraj,0.15,0.15,0.1,0.15,0.1
797,797,Kopřivnice,,Moravskoslezsky Kraj,0.15,0.15,0.1,0.15,0.1
798,798,Korouhev,86,Pardubický Kraj,0.15,0.15,0.1,0.15,0.1
799,799,Korytná,90,Zlínský Kraj,0.15,0.15,0.1,0.15,0.1
800,800,Koryčany,90,Zlínský Kraj,0.15,0.15,0.1,0.15,0.1
801,801,Kosmonosy,88,Středočeský Kraj,0.15,0.15,0.1,0.15,0.1
802,802,Kosova Hora,88,Středočeský Kraj,0.15,0.15,0.1,0.15,0.1
803,803,Kosoř,88,Středočeský Kraj,0.15,0.15,0.1,0.15,0.1
804,804,Kostelany nad Moravou,90,Zlínský Kraj,0.15,0.15,0.1,0.15,0.1
805,805,Kostelec,78,Jihomoravský Kraj,0.15,0.15,0.1,0.15,0.1
806,806,Kostelec,,Plzensky Kraj,0.15,0.15,0.1,0.15,0.1
807,807,Kostelec,,Kraj Vysocina,0.15,0.15,0.1,0.15,0.1
808,808,Kostelec na Hané,84,Olomoucký Kraj,0.15,0.15,0.1,0.15,0.1
809,809,Kostelec nad Labem,88,Středočeský Kraj,0.15,0.15,0.1,0.15,0.1
810,810,Kostelec nad Orlicí,82,Královéhradecký Kraj,0.15,0.15,0.1,0.15,0.1
811,811,Kostelec nad Černými Lesy,88,Středočeský Kraj,0.15,0.15,0.1,0.15,0.1
812,812,Kostelec u Holešova,90,Zlínský Kraj,0.15,0.15,0.1,0.15,0.1
813,813,Kostelní Lhota,88,Středočeský Kraj,0.15,0.15,0.1,0.15,0.1
814,814,Kostice,78,Jihomoravský Kraj,0.15,0.15,0.1,0.15,0.1
815,815,Kostomlaty pod Milešovkou,89,Ústecký Kraj,0.15,0.15,0.1,0.15,0.1
816,816,Kotvrdovice,78,Jihomoravský Kraj,0.15,0.15,0.1,0.15,0.1
817,817,Kounice,88,Středočeský Kraj,0.15,0.15,0.1,0.15,0.1
818,818,Kout na Šumavě,,Plzensky Kraj,0.15,0.15,0.1,0.15,0.1
819,819,Kouřim,88,Středočeský Kraj,0.15,0.15,0.1,0.15,0.1
820,820,Kovalovice,78,Jihomoravský Kraj,0.15,0.15,0.1,0.15,0.1
821,821,Kovanice,88,Středočeský Kraj,0.15,0.15,0.1,0.15,0.1
822,822,Kovářov,79,Jihočeský Kraj,0.15,0.15,0.1,0.15,0.1
823,823,Kovářská,89,Ústecký Kraj,0.15,0.15,0.1,0.15,0.1
824,824,Kozlovice,,Moravskoslezsky Kraj,0.15,0.15,0.1,0.15,0.1
825,825,Kozmice,,Moravskoslezsky Kraj,0.15,0.15,0.1,0.15,0.1
826,826,Kozojedy,88,Středočeský Kraj,0.15,0.15,0.1,0.15,0.1
827,827,Kozojedy,,Plzensky Kraj,0.15,0.15,0.1,0.15,0.1
828,828,Kozolupy,,Plzensky Kraj,0.15,0.15,0.1,0.15,0.1
829,829,Kočí,86,Pardubický Kraj,0.15,0.15,0.1,0.15,0.1
830,830,Kořenice,88,Středočeský Kraj,0.15,0.15,0.1,0.15,0.1
831,831,Kořenov,83,Liberecký Kraj,0.15,0.15,0.1,0.15,0.1
832,832,Košetice,,Kraj Vysocina,0.15,0.15,0.1,0.15,0.1
833,833,Košice,79,Jihočeský Kraj,0.15,0.15,0.1,0.15,0.1
834,834,Koštice,89,Ústecký Kraj,0.15,0.15,0.1,0.15,0.1
835,835,Košťany,89,Ústecký Kraj,0.15,0.15,0.1,0.15,0.1
836,836,Košťálov,83,Liberecký Kraj,0.15,0.15,0.1,0.15,0.1
837,837,Kožlany,,Plzensky Kraj,0.15,0.15,0.1,0.15,0.1
838,838,Kožlí,,Kraj Vysocina,0.15,0.15,0.1,0.15,0.1
839,839,Krabčice,89,Ústecký Kraj,0.15,0.15,0.1,0.15,0.1
840,840,Krahulčí,,Kraj Vysocina,0.15,0.15,0.1,0.15,0.1
841,841,Krajková,81,Karlovarský Kraj,0.15,0.15,0.1,0.15,0.1
842,842,Krakovany,88,Středočeský Kraj,0.15,0.15,0.1,0.15,0.1
843,843,Kralice na Hané,84,Olomoucký Kraj,0.15,0.15,0.1,0.15,0.1
844,844,Kralovice,,Plzensky Kraj,0.15,0.15,0.1,0.15,0.1
845,845,Kralupy nad Vltavou,88,Středočeský Kraj,0.15,0.15,0.1,0.15,0.1
846,846,Kramolna,82,Královéhradecký Kraj,0.15,0.15,0.1,0.15,0.1
847,847,Kraslice,81,Karlovarský Kraj,0.15,0.15,0.1,0.15,0.1
848,848,Kratonohy,82,Královéhradecký Kraj,0.15,0.15,0.1,0.15,0.1
849,849,Kravaře,83,Liberecký Kraj,0.15,0.15,0.1,0.15,0.1
850,850,Kravaře,,Moravskoslezsky Kraj,0.15,0.15,0.1,0.15,0.1
851,851,Kravsko,78,Jihomoravský Kraj,0.15,0.15,0.1,0.15,0.1
852,852,Krchleby,88,Středočeský Kraj,0.15,0.15,0.1,0.15,0.1
853,853,Krhanice,88,Středočeský Kraj,0.15,0.15,0.1,0.15,0.1
854,854,Krmelín,,Moravskoslezsky Kraj,0.15,0.15,0.1,0.15,0.1
855,855,Krnov,,Moravskoslezsky Kraj,0.15,0.15,0.1,0.15,0.1
856,856,Krnsko,88,Středočeský Kraj,0.15,0.15,0.1,0.15,0.1
857,857,Kroměříž,90,Zlínský Kraj,0.15,0.15,0.1,0.15,0.1
858,858,Kropáčova Vrutice,88,Středočeský Kraj,0.15,0.15,0.1,0.15,0.1
859,859,Krouna,86,Pardubický Kraj,0.15,0.15,0.1,0.15,0.1
860,860,Krumsín,84,Olomoucký Kraj,0.15,0.15,0.1,0.15,0.1
861,861,Krumvíř,78,Jihomoravský Kraj,0.15,0.15,0.1,0.15,0.1
862,862,Krupka,89,Ústecký Kraj,0.15,0.15,0.1,0.15,0.1
863,863,Krušovice,88,Středočeský Kraj,0.15,0.15,0.1,0.15,0.1
864,864,Kryry,89,Ústecký Kraj,0.15,0.15,0.1,0.15,0.1
865,865,Královské Poříčí,81,Karlovarský Kraj,0.15,0.15,0.1,0.15,0.1
866,866,Králíky,86,Pardubický Kraj,0.15,0.15,0.1,0.15,0.1
867,867,Králův Dvůr,88,Středočeský Kraj,0.15,0.15,0.1,0.15,0.1
868,868,Krásno,81,Karlovarský Kraj,0.15,0.15,0.1,0.15,0.1
869,869,Krásná,,Moravskoslezsky Kraj,0.15,0.15,0.1,0.15,0.1
870,870,Krásná Hora,,Kraj Vysocina,0.15,0.15,0.1,0.15,0.1
871,871,Krásná Hora nad Vltavou,88,Středočeský Kraj,0.15,0.15,0.1,0.15,0.1
872,872,Krásná Lípa,89,Ústecký Kraj,0.15,0.15,0.1,0.15,0.1
873,873,Krásný Dvůr,89,Ústecký Kraj,0.15,0.15,0.1,0.15,0.1
874,874,Ktiš,79,Jihočeský Kraj,0.15,0.15,0.1,0.15,0.1
875,875,Kublov,88,Středočeský Kraj,0.15,0.15,0.1,0.15,0.1
876,876,Kuchařovice,78,Jihomoravský Kraj,0.15,0.15,0.1,0.15,0.1
877,877,Kudlovice,90,Zlínský Kraj,0.15,0.15,0.1,0.15,0.1
878,878,Kujavy,,Moravskoslezsky Kraj,0.15,0.15,0.1,0.15,0.1
879,879,Kunice,88,Středočeský Kraj,0.15,0.15,0.1,0.15,0.1
880,880,Kunovice,90,Zlínský Kraj,0.15,0.15,0.1,0.15,0.1
881,881,Kunvald,86,Pardubický Kraj,0.15,0.15,0.1,0.15,0.1
882,882,Kunín,,Moravskoslezsky Kraj,0.15,0.15,0.1,0.15,0.1
883,883,Kunčice pod Ondřejníkem,,Moravskoslezsky Kraj,0.15,0.15,0.1,0.15,0.1
884,884,Kunčina,86,Pardubický Kraj,0.15,0.15,0.1,0.15,0.1
885,885,Kunštát,78,Jihomoravský Kraj,0.15,0.15,0.1,0.15,0.1
886,886,Kunžak,79,Jihočeský Kraj,0.15,0.15,0.1,0.15,0.1
887,887,Kutná Hora,88,Středočeský Kraj,0.15,0.15,0.1,0.15,0.1
888,888,Kuřim,78,Jihomoravský Kraj,0.15,0.15,0.1,0.15,0.1
889,889,Kvasice,90,Zlínský Kraj,0.15,0.15,0.1,0.15,0.1
890,890,Kvasiny,82,Královéhradecký Kraj,0.15,0.15,0.1,0.15,0.1
891,891,Kyjov,78,Jihomoravský Kraj,0.15,0.15,0.1,0.15,0.1
892,892,Kyjovice,,Moravskoslezsky Kraj,0.15,0.15,0.1,0.15,0.1
893,893,Kynšperk nad Ohří,81,Karlovarský Kraj,0.15,0.15,0.1,0.15,0.1
894,894,Kyselka,81,Karlovarský Kraj,0.15,0.15,0.1,0.15,0.1
895,895,Kyšice,,Plzensky Kraj,0.15,0.15,0.1,0.15,0.1
896,896,Kyšice,88,Středočeský Kraj,0.15,0.15,0.1,0.15,0.1
897,897,Kácov,88,Středočeský Kraj,0.15,0.15,0.1,0.15,0.1
898,898,Kájov,79,Jihočeský Kraj,0.15,0.15,0.1,0.15,0.1
899,899,Křemže,79,Jihočeský Kraj,0.15,0.15,0.1,0.15,0.1
900,900,Křenovice,78,Jihomoravský Kraj,0.15,0.15,0.1,0.15,0.1
901,901,Křepice,78,Jihomoravský Kraj,0.15,0.15,0.1,0.15,0.1
902,902,Křesetice,88,Středočeský Kraj,0.15,0.15,0.1,0.15,0.1
903,903,Křetín,78,Jihomoravský Kraj,0.15,0.15,0.1,0.15,0.1
904,904,Křečovice,88,Středočeský Kraj,0.15,0.15,0.1,0.15,0.1
905,905,Křešice,89,Ústecký Kraj,0.15,0.15,0.1,0.15,0.1
906,906,Křinec,88,Středočeský Kraj,0.15,0.15,0.1,0.15,0.1
907,907,Křivoklát,88,Středočeský Kraj,0.15,0.15,0.1,0.15,0.1
908,908,Křižanov,,Kraj Vysocina,0.15,0.15,0.1,0.15,0.1
909,909,Křižanovice,78,Jihomoravský Kraj,0.15,0.15,0.1,0.15,0.1
910,910,Křižany,83,Liberecký Kraj,0.15,0.15,0.1,0.15,0.1
911,911,Křoví,,Kraj Vysocina,0.15,0.15,0.1,0.15,0.1
912,912,Křtiny,78,Jihomoravský Kraj,0.15,0.15,0.1,0.15,0.1
913,913,Křížová,,Kraj Vysocina,0.15,0.15,0.1,0.15,0.1
914,914,Lanškroun,86,Pardubický Kraj,0.15,0.15,0.1,0.15,0.1
915,915,Lanžhot,78,Jihomoravský Kraj,0.15,0.15,0.1,0.15,0.1
916,916,Lačnov,90,Zlínský Kraj,0.15,0.15,0.1,0.15,0.1
917,917,Laškov,84,Olomoucký Kraj,0.15,0.15,0.1,0.15,0.1
918,918,Lažánky,78,Jihomoravský Kraj,0.15,0.15,0.1,0.15,0.1
919,919,Ledce,,Plzensky Kraj,0.15,0.15,0.1,0.15,0.1
920,920,Ledenice,79,Jihočeský Kraj,0.15,0.15,0.1,0.15,0.1
921,921,Ledeč nad Sázavou,,Kraj Vysocina,0.15,0.15,0.1,0.15,0.1
922,922,Lednice,78,Jihomoravský Kraj,0.15,0.15,0.1,0.15,0.1
923,923,Ledvice,89,Ústecký Kraj,0.15,0.15,0.1,0.15,0.1
924,924,Ledčice,88,Středočeský Kraj,0.15,0.15,0.1,0.15,0.1
925,925,Lelekovice,78,Jihomoravský Kraj,0.15,0.15,0.1,0.15,0.1
926,926,Lenešice,89,Ústecký Kraj,0.15,0.15,0.1,0.15,0.1
927,927,Lenora,79,Jihočeský Kraj,0.15,0.15,0.1,0.15,0.1
928,928,Leskovec,90,Zlínský Kraj,0.15,0.15,0.1,0.15,0.1
929,929,Lesnice,84,Olomoucký Kraj,0.15,0.15,0.1,0.15,0.1
930,930,Letiny,,Plzensky Kraj,0.15,0.15,0.1,0.15,0.1
931,931,Letohrad,86,Pardubický Kraj,0.15,0.15,0.1,0.15,0.1
932,932,Letonice,78,Jihomoravský Kraj,0.15,0.15,0.1,0.15,0.1
933,933,Letovice,78,Jihomoravský Kraj,0.15,0.15,0.1,0.15,0.1
934,934,Lety,88,Středočeský Kraj,0.15,0.15,0.1,0.15,0.1
935,935,Letňany,52,Hlavní Město Praha,0.15,0.15,0.1,0.15,0.1
936,936,Lešany,88,Středočeský Kraj,0.15,0.15,0.1,0.15,0.1
937,937,Lešná,90,Zlínský Kraj,0.15,0.15,0.1,0.15,0.1
938,938,Leština,84,Olomoucký Kraj,0.15,0.15,0.1,0.15,0.1
939,939,Lhenice,79,Jihočeský Kraj,0.15,0.15,0.1,0.15,0.1
940,940,Lhota,88,Středočeský Kraj,0.15,0.15,0.1,0.15,0.1
941,941,Lhota,90,Zlínský Kraj,0.15,0.15,0.1,0.15,0.1
942,942,Lhota pod Libčany,82,Královéhradecký Kraj,0.15,0.15,0.1,0.15,0.1
943,943,Lhota u Vsetína,90,Zlínský Kraj,0.15,0.15,0.1,0.15,0.1
944,944,Libavské Údolí,81,Karlovarský Kraj,0.15,0.15,0.1,0.15,0.1
945,945,Liberec,83,Liberecký Kraj,0.15,0.15,0.1,0.15,0.1
946,946,Liberk,82,Královéhradecký Kraj,0.15,0.15,0.1,0.15,0.1
947,947,Libeň,52,Hlavní Město Praha,0.15,0.15,0.1,0.15,0.1
948,948,Libeř,88,Středočeský Kraj,0.15,0.15,0.1,0.15,0.1
949,949,Libice nad Cidlinou,88,Středočeský Kraj,0.15,0.15,0.1,0.15,0.1
950,950,Libice nad Doubravou,,Kraj Vysocina,0.15,0.15,0.1,0.15,0.1
951,951,Libiš,88,Středočeský Kraj,0.15,0.15,0.1,0.15,0.1
952,952,Libkovice pod Řípem,89,Ústecký Kraj,0.15,0.15,0.1,0.15,0.1
953,953,Libochovany,89,Ústecký Kraj,0.15,0.15,0.1,0.15,0.1
954,954,Libochovice,89,Ústecký Kraj,0.15,0.15,0.1,0.15,0.1
955,955,Libouchec,89,Ústecký Kraj,0.15,0.15,0.1,0.15,0.1
956,956,Libočany,89,Ústecký Kraj,0.15,0.15,0.1,0.15,0.1
957,957,Liboš,84,Olomoucký Kraj,0.15,0.15,0.1,0.15,0.1
958,958,Libuň,82,Královéhradecký Kraj,0.15,0.15,0.1,0.15,0.1
959,959,Libušín,88,Středočeský Kraj,0.15,0.15,0.1,0.15,0.1
960,960,Libá,81,Karlovarský Kraj,0.15,0.15,0.1,0.15,0.1
961,961,Libáň,82,Královéhradecký Kraj,0.15,0.15,0.1,0.15,0.1
962,962,Libčany,82,Královéhradecký Kraj,0.15,0.15,0.1,0.15,0.1
963,963,Libčeves,89,Ústecký Kraj,0.15,0.15,0.1,0.15,0.1
964,964,Libčice nad Vltavou,88,Středočeský Kraj,0.15,0.15,0.1,0.15,0.1
965,965,Liběchov,88,Středočeský Kraj,0.15,0.15,0.1,0.15,0.1
966,966,Liběšice,89,Ústecký Kraj,0.15,0.15,0.1,0.15,0.1
967,967,Libštát,83,Liberecký Kraj,0.15,0.15,0.1,0.15,0.1
968,968,Lichkov,86,Pardubický Kraj,0.15,0.15,0.1,0.15,0.1
969,969,Lichnov,,Moravskoslezsky Kraj,0.15,0.15,0.1,0.15,0.1
970,970,Lidečko,90,Zlínský Kraj,0.15,0.15,0.1,0.15,0.1
971,971,Linhartice,86,Pardubický Kraj,0.15,0.15,0.1,0.15,0.1
972,972,Lipnice nad Sázavou,,Kraj Vysocina,0.15,0.15,0.1,0.15,0.1
973,973,Lipno,89,Ústecký Kraj,0.15,0.15,0.1,0.15,0.1
974,974,Lipno nad Vltavou,79,Jihočeský Kraj,0.15,0.15,0.1,0.15,0.1
975,975,Lipník nad Bečvou,84,Olomoucký Kraj,0.15,0.15,0.1,0.15,0.1
976,976,Lipov,78,Jihomoravský Kraj,0.15,0.15,0.1,0.15,0.1
977,977,Lipovec,78,Jihomoravský Kraj,0.15,0.15,0.1,0.15,0.1
978,978,Lipová,89,Ústecký Kraj,0.15,0.15,0.1,0.15,0.1
979,979,Lipová,84,Olomoucký Kraj,0.15,0.15,0.1,0.15,0.1
980,980,Lipová,81,Karlovarský Kraj,0.15,0.15,0.1,0.15,0.1
981,981,Liptál,90,Zlínský Kraj,0.15,0.15,0.1,0.15,0.1
982,982,Lipí,79,Jihočeský Kraj,0.15,0.15,0.1,0.15,0.1
983,983,Lipůvka,78,Jihomoravský Kraj,0.15,0.15,0.1,0.15,0.1
984,984,Liteň,88,Středočeský Kraj,0.15,0.15,0.1,0.15,0.1
985,985,Litomyšl,86,Pardubický Kraj,0.15,0.15,0.1,0.15,0.1
986,986,Litoměřice,89,Ústecký Kraj,0.15,0.15,0.1,0.15,0.1
987,987,Litovel,84,Olomoucký Kraj,0.15,0.15,0.1,0.15,0.1
988,988,Litultovice,,Moravskoslezsky Kraj,0.15,0.15,0.1,0.15,0.1
989,989,Litvínov,89,Ústecký Kraj,0.15,0.15,0.1,0.15,0.1
990,990,Litvínovice,79,Jihočeský Kraj,0.15,0.15,0.1,0.15,0.1
991,991,Lično,82,Královéhradecký Kraj,0.15,0.15,0.1,0.15,0.1
992,992,Lišany,88,Středočeský Kraj,0.15,0.15,0.1,0.15,0.1
993,993,Lišov,79,Jihočeský Kraj,0.15,0.15,0.1,0.15,0.1
994,994,Lnáře,79,Jihočeský Kraj,0.15,0.15,0.1,0.15,0.1
995,995,Lobodice,84,Olomoucký Kraj,0.15,0.15,0.1,0.15,0.1
996,996,Lochenice,82,Královéhradecký Kraj,0.15,0.15,0.1,0.15,0.1
997,997,Lochovice,88,Středočeský Kraj,0.15,0.15,0.1,0.15,0.1
998,998,Lodhéřov,79,Jihočeský Kraj,0.15,0.15,0.1,0.15,0.1
999,999,Loděnice,88,Středočeský Kraj,0.15,0.15,0.1,0.15,0.1
1000,1000,Loket,81,Karlovarský Kraj,0.15,0.15,0.1,0.15,0.1
1001,1001,Loket,88,Středočeský Kraj,0.15,0.15,0.1,0.15,0.1
1002,1002,Lomnice,78,Jihomoravský Kraj,0.15,0.15,0.1,0.15,0.1
1003,1003,Lomnice,,Moravskoslezsky Kraj,0.15,0.15,0.1,0.15,0.1
1004,1004,Lomnice,81,Karlovarský Kraj,0.15,0.15,0.1,0.15,0.1
1005,1005,Lomnice nad Lužnicí,79,Jihočeský Kraj,0.15,0.15,0.1,0.15,0.1
1006,1006,Lomnice nad Popelkou,83,Liberecký Kraj,0.15,0.15,0.1,0.15,0.1
1007,1007,Losiná,,Plzensky Kraj,0.15,0.15,0.1,0.15,0.1
1008,1008,Louka,78,Jihomoravský Kraj,0.15,0.15,0.1,0.15,0.1
1009,1009,Loukov,90,Zlínský Kraj,0.15,0.15,0.1,0.15,0.1
1010,1010,Louny,89,Ústecký Kraj,0.15,0.15,0.1,0.15,0.1
1011,1011,Loučany,84,Olomoucký Kraj,0.15,0.15,0.1,0.15,0.1
1012,1012,Loučeň,88,Středočeský Kraj,0.15,0.15,0.1,0.15,0.1
1013,1013,Loučka,90,Zlínský Kraj,0.15,0.15,0.1,0.15,0.1
1014,1014,Loučná nad Desnou,84,Olomoucký Kraj,0.15,0.15,0.1,0.15,0.1
1015,1015,Loučovice,79,Jihočeský Kraj,0.15,0.15,0.1,0.15,0.1
1016,1016,Louňovice,88,Středočeský Kraj,0.15,0.15,0.1,0.15,0.1
1017,1017,Louňovice pod Blaníkem,88,Středočeský Kraj,0.15,0.15,0.1,0.15,0.1
1018,1018,Lovosice,89,Ústecký Kraj,0.15,0.15,0.1,0.15,0.1
1019,1019,Lovčice,82,Královéhradecký Kraj,0.15,0.15,0.1,0.15,0.1
1020,1020,Lovčice,78,Jihomoravský Kraj,0.15,0.15,0.1,0.15,0.1
1021,1021,Lovčičky,78,Jihomoravský Kraj,0.15,0.15,0.1,0.15,0.1
1022,1022,Ločenice,79,Jihočeský Kraj,0.15,0.15,0.1,0.15,0.1
1023,1023,Loštice,84,Olomoucký Kraj,0.15,0.15,0.1,0.15,0.1
1024,1024,Lubenec,89,Ústecký Kraj,0.15,0.15,0.1,0.15,0.1
1025,1025,Lubná,88,Středočeský Kraj,0.15,0.15,0.1,0.15,0.1
1026,1026,Lubná,86,Pardubický Kraj,0.15,0.15,0.1,0.15,0.1
1027,1027,Luby,81,Karlovarský Kraj,0.15,0.15,0.1,0.15,0.1
1028,1028,Ludgeřovice,,Moravskoslezsky Kraj,0.15,0.15,0.1,0.15,0.1
1029,1029,Ludkovice,90,Zlínský Kraj,0.15,0.15,0.1,0.15,0.1
1030,1030,Ludmírov,84,Olomoucký Kraj,0.15,0.15,0.1,0.15,0.1
1031,1031,Ludvíkovice,89,Ústecký Kraj,0.15,0.15,0.1,0.15,0.1
1032,1032,Luhačovice,90,Zlínský Kraj,0.15,0.15,0.1,0.15,0.1
1033,1033,Luka nad Jihlavou,,Kraj Vysocina,0.15,0.15,0.1,0.15,0.1
1034,1034,Lukavec,,Kraj Vysocina,0.15,0.15,0.1,0.15,0.1
1035,1035,Lukavice,82,Královéhradecký Kraj,0.15,0.15,0.1,0.15,0.1
1036,1036,Lukavice,86,Pardubický Kraj,0.15,0.15,0.1,0.15,0.1
1037,1037,Lukavice,84,Olomoucký Kraj,0.15,0.15,0.1,0.15,0.1
1038,1038,Lukov,90,Zlínský Kraj,0.15,0.15,0.1,0.15,0.1
1039,1039,Lukovany,78,Jihomoravský Kraj,0.15,0.15,0.1,0.15,0.1
1040,1040,Luková,86,Pardubický Kraj,0.15,0.15,0.1,0.15,0.1
1041,1041,Luká,84,Olomoucký Kraj,0.15,0.15,0.1,0.15,0.1
1042,1042,Luleč,78,Jihomoravský Kraj,0.15,0.15,0.1,0.15,0.1
1043,1043,Lutopecny,90,Zlínský Kraj,0.15,0.15,0.1,0.15,0.1
1044,1044,Lutín,84,Olomoucký Kraj,0.15,0.15,0.1,0.15,0.1
1045,1045,Lučany nad Nisou,83,Liberecký Kraj,0.15,0.15,0.1,0.15,0.1
1046,1046,Lučice,,Kraj Vysocina,0.15,0.15,0.1,0.15,0.1
1047,1047,Lučina,,Moravskoslezsky Kraj,0.15,0.15,0.1,0.15,0.1
1048,1048,Luštěnice,88,Středočeský Kraj,0.15,0.15,0.1,0.15,0.1
1049,1049,Lužany,82,Královéhradecký Kraj,0.15,0.15,0.1,0.15,0.1
1050,1050,Lužany,,Plzensky Kraj,0.15,0.15,0.1,0.15,0.1
1051,1051,Luže,86,Pardubický Kraj,0.15,0.15,0.1,0.15,0.1
1052,1052,Lužec nad Vltavou,88,Středočeský Kraj,0.15,0.15,0.1,0.15,0.1
1053,1053,Lužice,78,Jihomoravský Kraj,0.15,0.15,0.1,0.15,0.1
1054,1054,Lužná,88,Středočeský Kraj,0.15,0.15,0.1,0.15,0.1
1055,1055,Lužná,90,Zlínský Kraj,0.15,0.15,0.1,0.15,0.1
1056,1056,Lysice,78,Jihomoravský Kraj,0.15,0.15,0.1,0.15,0.1
1057,1057,Lysá nad Labem,88,Středočeský Kraj,0.15,0.15,0.1,0.15,0.1
1058,1058,Lány,88,Středočeský Kraj,0.15,0.15,0.1,0.15,0.1
1059,1059,Lásenice,79,Jihočeský Kraj,0.15,0.15,0.1,0.15,0.1
1060,1060,Lázně Bohdaneč,86,Pardubický Kraj,0.15,0.15,0.1,0.15,0.1
1061,1061,Lázně Bělohrad,82,Královéhradecký Kraj,0.15,0.15,0.1,0.15,0.1
1062,1062,Lázně Kynžvart,81,Karlovarský Kraj,0.15,0.15,0.1,0.15,0.1
1063,1063,Líbeznice,88,Středočeský Kraj,0.15,0.15,0.1,0.15,0.1
1064,1064,Líně,,Plzensky Kraj,0.15,0.15,0.1,0.15,0.1
1065,1065,Lípa,90,Zlínský Kraj,0.15,0.15,0.1,0.15,0.1
1066,1066,Lípa,,Kraj Vysocina,0.15,0.15,0.1,0.15,0.1
1067,1067,Líšnice,86,Pardubický Kraj,0.15,0.15,0.1,0.15,0.1
1068,1068,Machov,82,Královéhradecký Kraj,0.15,0.15,0.1,0.15,0.1
1069,1069,Machová,90,Zlínský Kraj,0.15,0.15,0.1,0.15,0.1
1070,1070,Majetín,84,Olomoucký Kraj,0.15,0.15,0.1,0.15,0.1
1071,1071,Malenice,79,Jihočeský Kraj,0.15,0.15,0.1,0.15,0.1
1072,1072,Maleč,,Kraj Vysocina,0.15,0.15,0.1,0.15,0.1
1073,1073,Malečov,89,Ústecký Kraj,0.15,0.15,0.1,0.15,0.1
1074,1074,Malešov,88,Středočeský Kraj,0.15,0.15,0.1,0.15,0.1
1075,1075,Malhostovice,78,Jihomoravský Kraj,0.15,0.15,0.1,0.15,0.1
1076,1076,Malonty,79,Jihočeský Kraj,0.15,0.15,0.1,0.15,0.1
1077,1077,Malovice,79,Jihočeský Kraj,0.15,0.15,0.1,0.15,0.1
1078,1078,Malá Hraštice,88,Středočeský Kraj,0.15,0.15,0.1,0.15,0.1
1079,1079,Malá Morava,84,Olomoucký Kraj,0.15,0.15,0.1,0.15,0.1
1080,1080,Malá Morávka,,Moravskoslezsky Kraj,0.15,0.15,0.1,0.15,0.1
1081,1081,Malá Skála,83,Liberecký Kraj,0.15,0.15,0.1,0.15,0.1
1082,1082,Malá Strana,52,Hlavní Město Praha,0.15,0.15,0.1,0.15,0.1
1083,1083,Malé Březno,89,Ústecký Kraj,0.15,0.15,0.1,0.15,0.1
1084,1084,Malé Svatoňovice,82,Královéhradecký Kraj,0.15,0.15,0.1,0.15,0.1
1085,1085,Malé Žernoseky,89,Ústecký Kraj,0.15,0.15,0.1,0.15,0.1
1086,1086,Malý Beranov,,Kraj Vysocina,0.15,0.15,0.1,0.15,0.1
1087,1087,Malý Bor,,Plzensky Kraj,0.15,0.15,0.1,0.15,0.1
1088,1088,Malý Újezd,88,Středočeský Kraj,0.15,0.15,0.1,0.15,0.1
1089,1089,Malšice,79,Jihočeský Kraj,0.15,0.15,0.1,0.15,0.1
1090,1090,Malšovice,89,Ústecký Kraj,0.15,0.15,0.1,0.15,0.1
1091,1091,Mankovice,,Moravskoslezsky Kraj,0.15,0.15,0.1,0.15,0.1
1092,1092,Manětín,,Plzensky Kraj,0.15,0.15,0.1,0.15,0.1
1093,1093,Mariánské Lázně,81,Karlovarský Kraj,0.15,0.15,0.1,0.15,0.1
1094,1094,Markvartice,89,Ústecký Kraj,0.15,0.15,0.1,0.15,0.1
1095,1095,Markvartovice,,Moravskoslezsky Kraj,0.15,0.15,0.1,0.15,0.1
1096,1096,Martinice,90,Zlínský Kraj,0.15,0.15,0.1,0.15,0.1
1097,1097,Martiněves,89,Ústecký Kraj,0.15,0.15,0.1,0.15,0.1
1098,1098,Martínkovice,82,Královéhradecký Kraj,0.15,0.15,0.1,0.15,0.1
1099,1099,Maršovice,88,Středočeský Kraj,0.15,0.15,0.1,0.15,0.1
1100,1100,Mašťov,89,Ústecký Kraj,0.15,0.15,0.1,0.15,0.1
1101,1101,Meclov,,Plzensky Kraj,0.15,0.15,0.1,0.15,0.1
1102,1102,Medlov,84,Olomoucký Kraj,0.15,0.15,0.1,0.15,0.1
1103,1103,Medlov,78,Jihomoravský Kraj,0.15,0.15,0.1,0.15,0.1
1104,1104,Melč,,Moravskoslezsky Kraj,0.15,0.15,0.1,0.15,0.1
1105,1105,Merklín,,Plzensky Kraj,0.15,0.15,0.1,0.15,0.1
1106,1106,Merklín,81,Karlovarský Kraj,0.15,0.15,0.1,0.15,0.1
1107,1107,Metylovice,,Moravskoslezsky Kraj,0.15,0.15,0.1,0.15,0.1
1108,1108,Meziměstí,82,Královéhradecký Kraj,0.15,0.15,0.1,0.15,0.1
1109,1109,Mikulov,78,Jihomoravský Kraj,0.15,0.15,0.1,0.15,0.1
1110,1110,Mikulovice,78,Jihomoravský Kraj,0.15,0.15,0.1,0.15,0.1
1111,1111,Mikulovice,86,Pardubický Kraj,0.15,0.15,0.1,0.15,0.1
1112,1112,Mikulovice,84,Olomoucký Kraj,0.15,0.15,0.1,0.15,0.1
1113,1113,Mikulášovice,89,Ústecký Kraj,0.15,0.15,0.1,0.15,0.1
1114,1114,Mikulčice,78,Jihomoravský Kraj,0.15,0.15,0.1,0.15,0.1
1115,1115,Mikulůvka,90,Zlínský Kraj,0.15,0.15,0.1,0.15,0.1
1116,1116,Milavče,,Plzensky Kraj,0.15,0.15,0.1,0.15,0.1
1117,1117,Miletín,82,Královéhradecký Kraj,0.15,0.15,0.1,0.15,0.1
1118,1118,Milevsko,79,Jihočeský Kraj,0.15,0.15,0.1,0.15,0.1
1119,1119,Milešovice,78,Jihomoravský Kraj,0.15,0.15,0.1,0.15,0.1
1120,1120,Miličín,88,Středočeský Kraj,0.15,0.15,0.1,0.15,0.1
1121,1121,Milotice,78,Jihomoravský Kraj,0.15,0.15,0.1,0.15,0.1
1122,1122,Milovice,88,Středočeský Kraj,0.15,0.15,0.1,0.15,0.1
1123,1123,Milíkov,,Moravskoslezsky Kraj,0.15,0.15,0.1,0.15,0.1
1124,1124,Milín,88,Středočeský Kraj,0.15,0.15,0.1,0.15,0.1
1125,1125,Mimoň,83,Liberecký Kraj,0.15,0.15,0.1,0.15,0.1
1126,1126,Miroslav,78,Jihomoravský Kraj,0.15,0.15,0.1,0.15,0.1
1127,1127,Mirotice,79,Jihočeský Kraj,0.15,0.15,0.1,0.15,0.1
1128,1128,Mirovice,79,Jihočeský Kraj,0.15,0.15,0.1,0.15,0.1
1129,1129,Mirošov,,Plzensky Kraj,0.15,0.15,0.1,0.15,0.1
1130,1130,Mirošovice,88,Středočeský Kraj,0.15,0.15,0.1,0.15,0.1
1131,1131,Miskovice,88,Středočeský Kraj,0.15,0.15,0.1,0.15,0.1
1132,1132,Mistrovice,86,Pardubický Kraj,0.15,0.15,0.1,0.15,0.1
1133,1133,Mistřice,90,Zlínský Kraj,0.15,0.15,0.1,0.15,0.1
1134,1134,Miřetice,86,Pardubický Kraj,0.15,0.15,0.1,0.15,0.1
1135,1135,Mladeč,84,Olomoucký Kraj,0.15,0.15,0.1,0.15,0.1
1136,1136,Mladkov,86,Pardubický Kraj,0.15,0.15,0.1,0.15,0.1
1137,1137,Mladotice,,Plzensky Kraj,0.15,0.15,0.1,0.15,0.1
1138,1138,Mladá Boleslav,88,Středočeský Kraj,0.15,0.15,0.1,0.15,0.1
1139,1139,Mladá Vožice,79,Jihočeský Kraj,0.15,0.15,0.1,0.15,0.1
1140,1140,Mladé Buky,82,Královéhradecký Kraj,0.15,0.15,0.1,0.15,0.1
1141,1141,Mladý Smolivec,,Plzensky Kraj,0.15,0.15,0.1,0.15,0.1
1142,1142,Mladějovice,84,Olomoucký Kraj,0.15,0.15,0.1,0.15,0.1
1143,1143,Mlázovice,82,Královéhradecký Kraj,0.15,0.15,0.1,0.15,0.1
1144,1144,Mnichovice,88,Středočeský Kraj,0.15,0.15,0.1,0.15,0.1
1145,1145,Mnichovo Hradiště,88,Středočeský Kraj,0.15,0.15,0.1,0.15,0.1
1146,1146,Mníšek,83,Liberecký Kraj,0.15,0.15,0.1,0.15,0.1
1147,1147,Mníšek pod Brdy,88,Středočeský Kraj,0.15,0.15,0.1,0.15,0.1
1148,1148,Mochov,88,Středočeský Kraj,0.15,0.15,0.1,0.15,0.1
1149,1149,Mochtín,,Plzensky Kraj,0.15,0.15,0.1,0.15,0.1
1150,1150,Modlany,89,Ústecký Kraj,0.15,0.15,0.1,0.15,0.1
1151,1151,Modrá,90,Zlínský Kraj,0.15,0.15,0.1,0.15,0.1
1152,1152,Modřany,52,Hlavní Město Praha,0.15,0.15,0.1,0.15,0.1
1153,1153,Modřice,78,Jihomoravský Kraj,0.15,0.15,0.1,0.15,0.1
1154,1154,Mohelnice,84,Olomoucký Kraj,0.15,0.15,0.1,0.15,0.1
1155,1155,Mohelno,,Kraj Vysocina,0.15,0.15,0.1,0.15,0.1
1156,1156,Mokrá Hora,78,Jihomoravský Kraj,0.15,0.15,0.1,0.15,0.1
1157,1157,Mokré Lazce,,Moravskoslezsky Kraj,0.15,0.15,0.1,0.15,0.1
1158,1158,Moravany,78,Jihomoravský Kraj,0.15,0.15,0.1,0.15,0.1
1159,1159,Moravany,86,Pardubický Kraj,0.15,0.15,0.1,0.15,0.1
1160,1160,Moravec,,Kraj Vysocina,0.15,0.15,0.1,0.15,0.1
1161,1161,Moravičany,84,Olomoucký Kraj,0.15,0.15,0.1,0.15,0.1
1162,1162,Moravská Nová Ves,78,Jihomoravský Kraj,0.15,0.15,0.1,0.15,0.1
1163,1163,Moravská Třebová,86,Pardubický Kraj,0.15,0.15,0.1,0.15,0.1
1164,1164,Moravské Bránice,78,Jihomoravský Kraj,0.15,0.15,0.1,0.15,0.1
1165,1165,Moravské Budějovice,,Kraj Vysocina,0.15,0.15,0.1,0.15,0.1
1166,1166,Moravské Knínice,78,Jihomoravský Kraj,0.15,0.15,0.1,0.15,0.1
1167,1167,Moravské Málkovice,78,Jihomoravský Kraj,0.15,0.15,0.1,0.15,0.1
1168,1168,Moravský Beroun,84,Olomoucký Kraj,0.15,0.15,0.1,0.15,0.1
1169,1169,Moravský Krumlov,78,Jihomoravský Kraj,0.15,0.15,0.1,0.15,0.1
1170,1170,Moravský Písek,78,Jihomoravský Kraj,0.15,0.15,0.1,0.15,0.1
1171,1171,Moravský Žižkov,78,Jihomoravský Kraj,0.15,0.15,0.1,0.15,0.1
1172,1172,Morašice,86,Pardubický Kraj,0.15,0.15,0.1,0.15,0.1
1173,1173,Morávka,,Moravskoslezsky Kraj,0.15,0.15,0.1,0.15,0.1
1174,1174,Most,89,Ústecký Kraj,0.15,0.15,0.1,0.15,0.1
1175,1175,Mostek,82,Královéhradecký Kraj,0.15,0.15,0.1,0.15,0.1
1176,1176,Mostkovice,84,Olomoucký Kraj,0.15,0.15,0.1,0.15,0.1
1177,1177,Mosty u Jablunkova,,Moravskoslezsky Kraj,0.15,0.15,0.1,0.15,0.1
1178,1178,Moutnice,78,Jihomoravský Kraj,0.15,0.15,0.1,0.15,0.1
1179,1179,Mořina,88,Středočeský Kraj,0.15,0.15,0.1,0.15,0.1
1180,1180,Mořkov,,Moravskoslezsky Kraj,0.15,0.15,0.1,0.15,0.1
1181,1181,Mošnov,,Moravskoslezsky Kraj,0.15,0.15,0.1,0.15,0.1
1182,1182,Mratín,88,Středočeský Kraj,0.15,0.15,0.1,0.15,0.1
1183,1183,Mrač,88,Středočeský Kraj,0.15,0.15,0.1,0.15,0.1
1184,1184,Mrsklesy,84,Olomoucký Kraj,0.15,0.15,0.1,0.15,0.1
1185,1185,Mrákotín,,Kraj Vysocina,0.15,0.15,0.1,0.15,0.1
1186,1186,Mrákov,,Plzensky Kraj,0.15,0.15,0.1,0.15,0.1
1187,1187,Mukařov,88,Středočeský Kraj,0.15,0.15,0.1,0.15,0.1
1188,1188,Mutějovice,88,Středočeský Kraj,0.15,0.15,0.1,0.15,0.1
1189,1189,Mutěnice,78,Jihomoravský Kraj,0.15,0.15,0.1,0.15,0.1
1190,1190,Myslejovice,84,Olomoucký Kraj,0.15,0.15,0.1,0.15,0.1
1191,1191,Myslibořice,,Kraj Vysocina,0.15,0.15,0.1,0.15,0.1
1192,1192,Mysločovice,90,Zlínský Kraj,0.15,0.15,0.1,0.15,0.1
1193,1193,Málkov,89,Ústecký Kraj,0.15,0.15,0.1,0.15,0.1
1194,1194,Mýto,,Plzensky Kraj,0.15,0.15,0.1,0.15,0.1
1195,1195,Měchenice,88,Středočeský Kraj,0.15,0.15,0.1,0.15,0.1
1196,1196,Měcholupy,89,Ústecký Kraj,0.15,0.15,0.1,0.15,0.1
1197,1197,Mělnické Vtelno,88,Středočeský Kraj,0.15,0.15,0.1,0.15,0.1
1198,1198,Mělník,88,Středočeský Kraj,0.15,0.15,0.1,0.15,0.1
1199,1199,Měník,82,Královéhradecký Kraj,0.15,0.15,0.1,0.15,0.1
1200,1200,Měnín,78,Jihomoravský Kraj,0.15,0.15,0.1,0.15,0.1
1201,1201,Měrovice nad Hanou,84,Olomoucký Kraj,0.15,0.15,0.1,0.15,0.1
1202,1202,Městec Králové,88,Středočeský Kraj,0.15,0.15,0.1,0.15,0.1
1203,1203,Městečko Trnávka,86,Pardubický Kraj,0.15,0.15,0.1,0.15,0.1
1204,1204,Město Albrechtice,,Moravskoslezsky Kraj,0.15,0.15,0.1,0.15,0.1
1205,1205,Město Libavá,84,Olomoucký Kraj,0.15,0.15,0.1,0.15,0.1
1206,1206,Město Touškov,,Plzensky Kraj,0.15,0.15,0.1,0.15,0.1
1207,1207,Měčín,,Plzensky Kraj,0.15,0.15,0.1,0.15,0.1
1208,1208,Měřín,,Kraj Vysocina,0.15,0.15,0.1,0.15,0.1
1209,1209,Měšice,88,Středočeský Kraj,0.15,0.15,0.1,0.15,0.1
1210,1210,Mšec,88,Středočeský Kraj,0.15,0.15,0.1,0.15,0.1
1211,1211,Mšeno,88,Středočeský Kraj,0.15,0.15,0.1,0.15,0.1
1212,1212,Nadějkov,79,Jihočeský Kraj,0.15,0.15,0.1,0.15,0.1
1213,1213,Nalžovice,88,Středočeský Kraj,0.15,0.15,0.1,0.15,0.1
1214,1214,Napajedla,90,Zlínský Kraj,0.15,0.15,0.1,0.15,0.1
1215,1215,Nasavrky,86,Pardubický Kraj,0.15,0.15,0.1,0.15,0.1
1216,1216,Načeradec,88,Středočeský Kraj,0.15,0.15,0.1,0.15,0.1
1217,1217,Načešice,86,Pardubický Kraj,0.15,0.15,0.1,0.15,0.1
1218,1218,Nechanice,82,Královéhradecký Kraj,0.15,0.15,0.1,0.15,0.1
1219,1219,Nechvalice,88,Středočeský Kraj,0.15,0.15,0.1,0.15,0.1
1220,1220,Nedachlebice,90,Zlínský Kraj,0.15,0.15,0.1,0.15,0.1
1221,1221,Nedakonice,90,Zlínský Kraj,0.15,0.15,0.1,0.15,0.1
1222,1222,Nedašov,90,Zlínský Kraj,0.15,0.15,0.1,0.15,0.1
1223,1223,Nedašova Lhota,90,Zlínský Kraj,0.15,0.15,0.1,0.15,0.1
1224,1224,Nedvědice,78,Jihomoravský Kraj,0.15,0.15,0.1,0.15,0.1
1225,1225,Nehvizdy,88,Středočeský Kraj,0.15,0.15,0.1,0.15,0.1
1226,1226,Nejdek,81,Karlovarský Kraj,0.15,0.15,0.1,0.15,0.1
1227,1227,Nekoř,86,Pardubický Kraj,0.15,0.15,0.1,0.15,0.1
1228,1228,Nelahozeves,88,Středočeský Kraj,0.15,0.15,0.1,0.15,0.1
1229,1229,Nemile,84,Olomoucký Kraj,0.15,0.15,0.1,0.15,0.1
1230,1230,Nemojany,78,Jihomoravský Kraj,0.15,0.15,0.1,0.15,0.1
1231,1231,Nemojov,82,Královéhradecký Kraj,0.15,0.15,0.1,0.15,0.1
1232,1232,Neplachovice,,Moravskoslezsky Kraj,0.15,0.15,0.1,0.15,0.1
1233,1233,Nepolisy,82,Královéhradecký Kraj,0.15,0.15,0.1,0.15,0.1
1234,1234,Nepomuk,,Plzensky Kraj,0.15,0.15,0.1,0.15,0.1
1235,1235,Neratovice,88,Středočeský Kraj,0.15,0.15,0.1,0.15,0.1
1236,1236,Neslovice,78,Jihomoravský Kraj,0.15,0.15,0.1,0.15,0.1
1237,1237,Nesovice,78,Jihomoravský Kraj,0.15,0.15,0.1,0.15,0.1
1238,1238,Netolice,79,Jihočeský Kraj,0.15,0.15,0.1,0.15,0.1
1239,1239,Netvořice,88,Středočeský Kraj,0.15,0.15,0.1,0.15,0.1
1240,1240,Neumětely,88,Středočeský Kraj,0.15,0.15,0.1,0.15,0.1
1241,1241,Neurazy,,Plzensky Kraj,0.15,0.15,0.1,0.15,0.1
1242,1242,Neustupov,88,Středočeský Kraj,0.15,0.15,0.1,0.15,0.1
1243,1243,Neveklov,88,Středočeský Kraj,0.15,0.15,0.1,0.15,0.1
1244,1244,Nezamyslice,84,Olomoucký Kraj,0.15,0.15,0.1,0.15,0.1
1245,1245,Nezdenice,90,Zlínský Kraj,0.15,0.15,0.1,0.15,0.1
1246,1246,Nezvěstice,,Plzensky Kraj,0.15,0.15,0.1,0.15,0.1
1247,1247,Nečtiny,,Plzensky Kraj,0.15,0.15,0.1,0.15,0.1
1248,1248,Nečín,88,Středočeský Kraj,0.15,0.15,0.1,0.15,0.1
1249,1249,Nikolčice,78,Jihomoravský Kraj,0.15,0.15,0.1,0.15,0.1
1250,1250,Nivnice,90,Zlínský Kraj,0.15,0.15,0.1,0.15,0.1
1251,1251,Nižbor,88,Středočeský Kraj,0.15,0.15,0.1,0.15,0.1
1252,1252,Nosislav,78,Jihomoravský Kraj,0.15,0.15,0.1,0.15,0.1
1253,1253,Novosedlice,89,Ústecký Kraj,0.15,0.15,0.1,0.15,0.1
1254,1254,Novosedly,78,Jihomoravský Kraj,0.15,0.15,0.1,0.15,0.1
1255,1255,Novosedly nad Nežárkou,79,Jihočeský Kraj,0.15,0.15,0.1,0.15,0.1
1256,1256,Nová Bystřice,79,Jihočeský Kraj,0.15,0.15,0.1,0.15,0.1
1257,1257,Nová Cerekev,,Kraj Vysocina,0.15,0.15,0.1,0.15,0.1
1258,1258,Nová Lhota,78,Jihomoravský Kraj,0.15,0.15,0.1,0.15,0.1
1259,1259,Nová Paka,82,Královéhradecký Kraj,0.15,0.15,0.1,0.15,0.1
1260,1260,Nová Pec,79,Jihočeský Kraj,0.15,0.15,0.1,0.15,0.1
1261,1261,Nová Role,81,Karlovarský Kraj,0.15,0.15,0.1,0.15,0.1
1262,1262,Nová Ves,78,Jihomoravský Kraj,0.15,0.15,0.1,0.15,0.1
1263,1263,Nová Ves,88,Středočeský Kraj,0.15,0.15,0.1,0.15,0.1
1264,1264,Nová Ves,83,Liberecký Kraj,0.15,0.15,0.1,0.15,0.1
1265,1265,Nová Ves,79,Jihočeský Kraj,0.15,0.15,0.1,0.15,0.1
1266,1266,Nová Ves nad Popelkou,83,Liberecký Kraj,0.15,0.15,0.1,0.15,0.1
1267,1267,Nová Ves pod Pleší,88,Středočeský Kraj,0.15,0.15,0.1,0.15,0.1
1268,1268,Nová Včelnice,79,Jihočeský Kraj,0.15,0.15,0.1,0.15,0.1
1269,1269,Nová Říše,,Kraj Vysocina,0.15,0.15,0.1,0.15,0.1
1270,1270,Nové Bránice,78,Jihomoravský Kraj,0.15,0.15,0.1,0.15,0.1
1271,1271,Nové Dvory,88,Středočeský Kraj,0.15,0.15,0.1,0.15,0.1
1272,1272,Nové Hrady,79,Jihočeský Kraj,0.15,0.15,0.1,0.15,0.1
1273,1273,Nové Město na Moravě,,Kraj Vysocina,0.15,0.15,0.1,0.15,0.1
1274,1274,Nové Město nad Metují,82,Královéhradecký Kraj,0.15,0.15,0.1,0.15,0.1
1275,1275,Nové Město pod Smrkem,83,Liberecký Kraj,0.15,0.15,0.1,0.15,0.1
1276,1276,Nové Sedlo,89,Ústecký Kraj,0.15,0.15,0.1,0.15,0.1
1277,1277,Nové Sedlo,81,Karlovarský Kraj,0.15,0.15,0.1,0.15,0.1
1278,1278,Nové Strašecí,88,Středočeský Kraj,0.15,0.15,0.1,0.15,0.1
1279,1279,Nové Syrovice,,Kraj Vysocina,0.15,0.15,0.1,0.15,0.1
1280,1280,Nové Veselí,,Kraj Vysocina,0.15,0.15,0.1,0.15,0.1
1281,1281,Nový Bor,83,Liberecký Kraj,0.15,0.15,0.1,0.15,0.1
1282,1282,Nový Bydžov,82,Královéhradecký Kraj,0.15,0.15,0.1,0.15,0.1
1283,1283,Nový Hrozenkov,90,Zlínský Kraj,0.15,0.15,0.1,0.15,0.1
1284,1284,Nový Hrádek,82,Královéhradecký Kraj,0.15,0.15,0.1,0.15,0.1
1285,1285,Nový Jičín,,Moravskoslezsky Kraj,0.15,0.15,0.1,0.15,0.1
1286,1286,Nový Jáchymov,88,Středočeský Kraj,0.15,0.15,0.1,0.15,0.1
1287,1287,Nový Knín,88,Středočeský Kraj,0.15,0.15,0.1,0.15,0.1
1288,1288,Nový Kostel,81,Karlovarský Kraj,0.15,0.15,0.1,0.15,0.1
1289,1289,Nový Malín,84,Olomoucký Kraj,0.15,0.15,0.1,0.15,0.1
1290,1290,Nový Oldřichov,83,Liberecký Kraj,0.15,0.15,0.1,0.15,0.1
1291,1291,Nový Rychnov,,Kraj Vysocina,0.15,0.15,0.1,0.15,0.1
1292,1292,Nošovice,,Moravskoslezsky Kraj,0.15,0.15,0.1,0.15,0.1
1293,1293,Nučice,88,Středočeský Kraj,0.15,0.15,0.1,0.15,0.1
1294,1294,Nymburk,88,Středočeský Kraj,0.15,0.15,0.1,0.15,0.1
1295,1295,Náchod,82,Královéhradecký Kraj,0.15,0.15,0.1,0.15,0.1
1296,1296,Náklo,84,Olomoucký Kraj,0.15,0.15,0.1,0.15,0.1
1297,1297,Náměšť na Hané,84,Olomoucký Kraj,0.15,0.15,0.1,0.15,0.1
1298,1298,Náměšť nad Oslavou,,Kraj Vysocina,0.15,0.15,0.1,0.15,0.1
1299,1299,Násedlovice,78,Jihomoravský Kraj,0.15,0.15,0.1,0.15,0.1
1300,1300,Návojná,90,Zlínský Kraj,0.15,0.15,0.1,0.15,0.1
1301,1301,Nížkov,,Kraj Vysocina,0.15,0.15,0.1,0.15,0.1
1302,1302,Nížkovice,78,Jihomoravský Kraj,0.15,0.15,0.1,0.15,0.1
1303,1303,Nýdek,,Moravskoslezsky Kraj,0.15,0.15,0.1,0.15,0.1
1304,1304,Nýrsko,,Plzensky Kraj,0.15,0.15,0.1,0.15,0.1
1305,1305,Nýřany,,Plzensky Kraj,0.15,0.15,0.1,0.15,0.1
1306,1306,Němčany,78,Jihomoravský Kraj,0.15,0.15,0.1,0.15,0.1
1307,1307,Němčice,86,Pardubický Kraj,0.15,0.15,0.1,0.15,0.1
1308,1308,Němčice nad Hanou,84,Olomoucký Kraj,0.15,0.15,0.1,0.15,0.1
1309,1309,Němčičky,78,Jihomoravský Kraj,0.15,0.15,0.1,0.15,0.1
1310,1310,Obecnice,88,Středočeský Kraj,0.15,0.15,0.1,0.15,0.1
1311,1311,Obořiště,88,Středočeský Kraj,0.15,0.15,0.1,0.15,0.1
1312,1312,Obrataň,,Kraj Vysocina,0.15,0.15,0.1,0.15,0.1
1313,1313,Obrnice,89,Ústecký Kraj,0.15,0.15,0.1,0.15,0.1
1314,1314,Obříství,88,Středočeský Kraj,0.15,0.15,0.1,0.15,0.1
1315,1315,Odolena Voda,88,Středočeský Kraj,0.15,0.15,0.1,0.15,0.1
1316,1316,Odry,,Moravskoslezsky Kraj,0.15,0.15,0.1,0.15,0.1
1317,1317,Ohrazenice,83,Liberecký Kraj,0.15,0.15,0.1,0.15,0.1
1318,1318,Ohrobec,88,Středočeský Kraj,0.15,0.15,0.1,0.15,0.1
1319,1319,Okrouhlice,,Kraj Vysocina,0.15,0.15,0.1,0.15,0.1
1320,1320,Okrouhlo,88,Středočeský Kraj,0.15,0.15,0.1,0.15,0.1
1321,1321,Okrouhlá,78,Jihomoravský Kraj,0.15,0.15,0.1,0.15,0.1
1322,1322,Okříšky,,Kraj Vysocina,0.15,0.15,0.1,0.15,0.1
1323,1323,Olbramice,,Moravskoslezsky Kraj,0.15,0.15,0.1,0.15,0.1
1324,1324,Olbramkostel,78,Jihomoravský Kraj,0.15,0.15,0.1,0.15,0.1
1325,1325,Olbramovice,78,Jihomoravský Kraj,0.15,0.15,0.1,0.15,0.1
1326,1326,Oldřichov v Hájích,83,Liberecký Kraj,0.15,0.15,0.1,0.15,0.1
1327,1327,Oldřiš,86,Pardubický Kraj,0.15,0.15,0.1,0.15,0.1
1328,1328,Oldřišov,,Moravskoslezsky Kraj,0.15,0.15,0.1,0.15,0.1
1329,1329,Oleksovice,78,Jihomoravský Kraj,0.15,0.15,0.1,0.15,0.1
1330,1330,Oleška,88,Středočeský Kraj,0.15,0.15,0.1,0.15,0.1
1331,1331,Olešnice,78,Jihomoravský Kraj,0.15,0.15,0.1,0.15,0.1
1332,1332,Olešnice,79,Jihočeský Kraj,0.15,0.15,0.1,0.15,0.1
1333,1333,Olešná,,Kraj Vysocina,0.15,0.15,0.1,0.15,0.1
1334,1334,Olešná,88,Středočeský Kraj,0.15,0.15,0.1,0.15,0.1
1335,1335,Olešník,79,Jihočeský Kraj,0.15,0.15,0.1,0.15,0.1
1336,1336,Olomouc,84,Olomoucký Kraj,0.15,0.15,0.1,0.15,0.1
1337,1337,Olomučany,78,Jihomoravský Kraj,0.15,0.15,0.1,0.15,0.1
1338,1338,Oloví,81,Karlovarský Kraj,0.15,0.15,0.1,0.15,0.1
1339,1339,Olšany,84,Olomoucký Kraj,0.15,0.15,0.1,0.15,0.1
1340,1340,Omice,78,Jihomoravský Kraj,0.15,0.15,0.1,0.15,0.1
1341,1341,Ondřejov,88,Středočeský Kraj,0.15,0.15,0.1,0.15,0.1
1342,1342,Opatov,,Kraj Vysocina,0.15,0.15,0.1,0.15,0.1
1343,1343,Opatov,86,Pardubický Kraj,0.15,0.15,0.1,0.15,0.1
1344,1344,Opatovec,86,Pardubický Kraj,0.15,0.15,0.1,0.15,0.1
1345,1345,Opatovice,78,Jihomoravský Kraj,0.15,0.15,0.1,0.15,0.1
1346,1346,Opatovice,84,Olomoucký Kraj,0.15,0.15,0.1,0.15,0.1
1347,1347,Opatovice nad Labem,86,Pardubický Kraj,0.15,0.15,0.1,0.15,0.1
1348,1348,Opava,,Moravskoslezsky Kraj,0.15,0.15,0.1,0.15,0.1
1349,1349,Opařany,79,Jihočeský Kraj,0.15,0.15,0.1,0.15,0.1
1350,1350,Opolany,88,Středočeský Kraj,0.15,0.15,0.1,0.15,0.1
1351,1351,Opočno,82,Královéhradecký Kraj,0.15,0.15,0.1,0.15,0.1
1352,1352,Orel,86,Pardubický Kraj,0.15,0.15,0.1,0.15,0.1
1353,1353,Orlová,,Moravskoslezsky Kraj,0.15,0.15,0.1,0.15,0.1
1354,1354,Osek,88,Středočeský Kraj,0.15,0.15,0.1,0.15,0.1
1355,1355,Osek,,Plzensky Kraj,0.15,0.15,0.1,0.15,0.1
1356,1356,Osek,79,Jihočeský Kraj,0.15,0.15,0.1,0.15,0.1
1357,1357,Osek,89,Ústecký Kraj,0.15,0.15,0.1,0.15,0.1
1358,1358,Osek nad Bečvou,84,Olomoucký Kraj,0.15,0.15,0.1,0.15,0.1
1359,1359,Osečná,83,Liberecký Kraj,0.15,0.15,0.1,0.15,0.1
1360,1360,Oskava,84,Olomoucký Kraj,0.15,0.15,0.1,0.15,0.1
1361,1361,Oskořínek,88,Středočeský Kraj,0.15,0.15,0.1,0.15,0.1
1362,1362,Oslavany,78,Jihomoravský Kraj,0.15,0.15,0.1,0.15,0.1
1363,1363,Oslavice,,Kraj Vysocina,0.15,0.15,0.1,0.15,0.1
1364,1364,Osoblaha,,Moravskoslezsky Kraj,0.15,0.15,0.1,0.15,0.1
1365,1365,Osová Bítýška,,Kraj Vysocina,0.15,0.15,0.1,0.15,0.1
1366,1366,Ostopovice,78,Jihomoravský Kraj,0.15,0.15,0.1,0.15,0.1
1367,1367,Ostrava,,Moravskoslezsky Kraj,0.15,0.15,0.1,0.15,0.1
1368,1368,Ostravice,,Moravskoslezsky Kraj,0.15,0.15,0.1,0.15,0.1
1369,1369,Ostroměř,82,Královéhradecký Kraj,0.15,0.15,0.1,0.15,0.1
1370,1370,Ostrov,81,Karlovarský Kraj,0.15,0.15,0.1,0.15,0.1
1371,1371,Ostrov,86,Pardubický Kraj,0.15,0.15,0.1,0.15,0.1
1372,1372,Ostrov nad Oslavou,,Kraj Vysocina,0.15,0.15,0.1,0.15,0.1
1373,1373,Ostrov u Macochy,78,Jihomoravský Kraj,0.15,0.15,0.1,0.15,0.1
1374,1374,Ostrovačice,78,Jihomoravský Kraj,0.15,0.15,0.1,0.15,0.1
1375,1375,Ostrožská Lhota,90,Zlínský Kraj,0.15,0.15,0.1,0.15,0.1
1376,1376,Ostrožská Nová Ves,90,Zlínský Kraj,0.15,0.15,0.1,0.15,0.1
1377,1377,Ostřetín,86,Pardubický Kraj,0.15,0.15,0.1,0.15,0.1
1378,1378,Ostřešany,86,Pardubický Kraj,0.15,0.15,0.1,0.15,0.1
1379,1379,Osvračín,,Plzensky Kraj,0.15,0.15,0.1,0.15,0.1
1380,1380,Osvětimany,90,Zlínský Kraj,0.15,0.15,0.1,0.15,0.1
1381,1381,Osík,86,Pardubický Kraj,0.15,0.15,0.1,0.15,0.1
1382,1382,Otaslavice,84,Olomoucký Kraj,0.15,0.15,0.1,0.15,0.1
1383,1383,Otice,,Moravskoslezsky Kraj,0.15,0.15,0.1,0.15,0.1
1384,1384,Otnice,78,Jihomoravský Kraj,0.15,0.15,0.1,0.15,0.1
1385,1385,Otovice,81,Karlovarský Kraj,0.15,0.15,0.1,0.15,0.1
1386,1386,Otrokovice,90,Zlínský Kraj,0.15,0.15,0.1,0.15,0.1
1387,1387,Otročín,81,Karlovarský Kraj,0.15,0.15,0.1,0.15,0.1
1388,1388,Otvice,89,Ústecký Kraj,0.15,0.15,0.1,0.15,0.1
1389,1389,Otvovice,88,Středočeský Kraj,0.15,0.15,0.1,0.15,0.1
1390,1390,Ovčáry,88,Středočeský Kraj,0.15,0.15,0.1,0.15,0.1
1391,1391,Ořech,88,Středočeský Kraj,0.15,0.15,0.1,0.15,0.1
1392,1392,Ořechov,90,Zlínský Kraj,0.15,0.15,0.1,0.15,0.1
1393,1393,Ořechov,78,Jihomoravský Kraj,0.15,0.15,0.1,0.15,0.1
1394,1394,Pacov,,Kraj Vysocina,0.15,0.15,0.1,0.15,0.1
1395,1395,Palkovice,,Moravskoslezsky Kraj,0.15,0.15,0.1,0.15,0.1
1396,1396,Panenské Břežany,88,Středočeský Kraj,0.15,0.15,0.1,0.15,0.1
1397,1397,Pardubice,86,Pardubický Kraj,0.15,0.15,0.1,0.15,0.1
1398,1398,Paseka,84,Olomoucký Kraj,0.15,0.15,0.1,0.15,0.1
1399,1399,Paskov,,Moravskoslezsky Kraj,0.15,0.15,0.1,0.15,0.1
1400,1400,Pasohlávky,78,Jihomoravský Kraj,0.15,0.15,0.1,0.15,0.1
1401,1401,Pavlice,78,Jihomoravský Kraj,0.15,0.15,0.1,0.15,0.1
1402,1402,Pavlov,84,Olomoucký Kraj,0.15,0.15,0.1,0.15,0.1
1403,1403,Pavlov,78,Jihomoravský Kraj,0.15,0.15,0.1,0.15,0.1
1404,1404,Pavlovice u Přerova,84,Olomoucký Kraj,0.15,0.15,0.1,0.15,0.1
1405,1405,Pavlíkov,88,Středočeský Kraj,0.15,0.15,0.1,0.15,0.1
1406,1406,Pačejov,,Plzensky Kraj,0.15,0.15,0.1,0.15,0.1
1407,1407,Pačlavice,90,Zlínský Kraj,0.15,0.15,0.1,0.15,0.1
1408,1408,Pašovice,90,Zlínský Kraj,0.15,0.15,0.1,0.15,0.1
1409,1409,Pchery,88,Středočeský Kraj,0.15,0.15,0.1,0.15,0.1
1410,1410,Pec pod Sněžkou,82,Královéhradecký Kraj,0.15,0.15,0.1,0.15,0.1
1411,1411,Pecka,82,Královéhradecký Kraj,0.15,0.15,0.1,0.15,0.1
1412,1412,Pelhřimov,,Kraj Vysocina,0.15,0.15,0.1,0.15,0.1
1413,1413,Pernarec,,Plzensky Kraj,0.15,0.15,0.1,0.15,0.1
1414,1414,Pernink,81,Karlovarský Kraj,0.15,0.15,0.1,0.15,0.1
1415,1415,Perná,78,Jihomoravský Kraj,0.15,0.15,0.1,0.15,0.1
1416,1416,Peruc,89,Ústecký Kraj,0.15,0.15,0.1,0.15,0.1
1417,1417,Perštejn,89,Ústecký Kraj,0.15,0.15,0.1,0.15,0.1
1418,1418,Petrohrad,89,Ústecký Kraj,0.15,0.15,0.1,0.15,0.1
1419,1419,Petrov,78,Jihomoravský Kraj,0.15,0.15,0.1,0.15,0.1
1420,1420,Petrovice,89,Ústecký Kraj,0.15,0.15,0.1,0.15,0.1
1421,1421,Petrovice,88,Středočeský Kraj,0.15,0.15,0.1,0.15,0.1
1422,1422,Petrovice u Karviné,,Moravskoslezsky Kraj,0.15,0.15,0.1,0.15,0.1
1423,1423,Petřvald,,Moravskoslezsky Kraj,0.15,0.15,0.1,0.15,0.1
1424,1424,Pečky,88,Středočeský Kraj,0.15,0.15,0.1,0.15,0.1
1425,1425,Pilníkov,82,Královéhradecký Kraj,0.15,0.15,0.1,0.15,0.1
1426,1426,Pitín,90,Zlínský Kraj,0.15,0.15,0.1,0.15,0.1
1427,1427,Pivín,84,Olomoucký Kraj,0.15,0.15,0.1,0.15,0.1
1428,1428,Pičín,88,Středočeský Kraj,0.15,0.15,0.1,0.15,0.1
1429,1429,Planá,,Plzensky Kraj,0.15,0.15,0.1,0.15,0.1
1430,1430,Planá nad Lužnicí,79,Jihočeský Kraj,0.15,0.15,0.1,0.15,0.1
1431,1431,Plasy,,Plzensky Kraj,0.15,0.15,0.1,0.15,0.1
1432,1432,Plavy,83,Liberecký Kraj,0.15,0.15,0.1,0.15,0.1
1433,1433,Plaňany,88,Středočeský Kraj,0.15,0.15,0.1,0.15,0.1
1434,1434,Plesná,81,Karlovarský Kraj,0.15,0.15,0.1,0.15,0.1
1435,1435,Plumlov,84,Olomoucký Kraj,0.15,0.15,0.1,0.15,0.1
1436,1436,Plánice,,Plzensky Kraj,0.15,0.15,0.1,0.15,0.1
1437,1437,Poběžovice,,Plzensky Kraj,0.15,0.15,0.1,0.15,0.1
1438,1438,Pocinovice,,Plzensky Kraj,0.15,0.15,0.1,0.15,0.1
1439,1439,Podbořany,89,Ústecký Kraj,0.15,0.15,0.1,0.15,0.1
1440,1440,Podhradní Lhota,90,Zlínský Kraj,0.15,0.15,0.1,0.15,0.1
1441,1441,Podivín,78,Jihomoravský Kraj,0.15,0.15,0.1,0.15,0.1
1442,1442,Podlesí,88,Středočeský Kraj,0.15,0.15,0.1,0.15,0.1
1443,1443,Podluhy,88,Středočeský Kraj,0.15,0.15,0.1,0.15,0.1
1444,1444,Podolí,78,Jihomoravský Kraj,0.15,0.15,0.1,0.15,0.1
1445,1445,Podsedice,89,Ústecký Kraj,0.15,0.15,0.1,0.15,0.1
1446,1446,Poděbrady,88,Středočeský Kraj,0.15,0.15,0.1,0.15,0.1
1447,1447,Pohled,,Kraj Vysocina,0.15,0.15,0.1,0.15,0.1
1448,1448,Pohořelice,90,Zlínský Kraj,0.15,0.15,0.1,0.15,0.1
1449,1449,Pohořelice,78,Jihomoravský Kraj,0.15,0.15,0.1,0.15,0.1
1450,1450,Pohoří,82,Královéhradecký Kraj,0.15,0.15,0.1,0.15,0.1
1451,1451,Polepy,89,Ústecký Kraj,0.15,0.15,0.1,0.15,0.1
1452,1452,Polepy,88,Středočeský Kraj,0.15,0.15,0.1,0.15,0.1
1453,1453,Polešovice,90,Zlínský Kraj,0.15,0.15,0.1,0.15,0.1
1454,1454,Police,90,Zlínský Kraj,0.15,0.15,0.1,0.15,0.1
1455,1455,Police nad Metují,82,Královéhradecký Kraj,0.15,0.15,0.1,0.15,0.1
1456,1456,Polička,86,Pardubický Kraj,0.15,0.15,0.1,0.15,0.1
1457,1457,Polnička,,Kraj Vysocina,0.15,0.15,0.1,0.15,0.1
1458,1458,Polná,,Kraj Vysocina,0.15,0.15,0.1,0.15,0.1
1459,1459,Pomezí,86,Pardubický Kraj,0.15,0.15,0.1,0.15,0.1
1460,1460,Poniklá,83,Liberecký Kraj,0.15,0.15,0.1,0.15,0.1
1461,1461,Popice,78,Jihomoravský Kraj,0.15,0.15,0.1,0.15,0.1
1462,1462,Popovice,90,Zlínský Kraj,0.15,0.15,0.1,0.15,0.1
1463,1463,Popůvky,78,Jihomoravský Kraj,0.15,0.15,0.1,0.15,0.1
1464,1464,Postoloprty,89,Ústecký Kraj,0.15,0.15,0.1,0.15,0.1
1465,1465,Postupice,88,Středočeský Kraj,0.15,0.15,0.1,0.15,0.1
1466,1466,Postřekov,,Plzensky Kraj,0.15,0.15,0.1,0.15,0.1
1467,1467,Postřelmov,84,Olomoucký Kraj,0.15,0.15,0.1,0.15,0.1
1468,1468,Poteč,90,Zlínský Kraj,0.15,0.15,0.1,0.15,0.1
1469,1469,Potěhy,88,Středočeský Kraj,0.15,0.15,0.1,0.15,0.1
1470,1470,Potštejn,82,Královéhradecký Kraj,0.15,0.15,0.1,0.15,0.1
1471,1471,Potštát,84,Olomoucký Kraj,0.15,0.15,0.1,0.15,0.1
1472,1472,Pouzdřany,78,Jihomoravský Kraj,0.15,0.15,0.1,0.15,0.1
1473,1473,Povrly,89,Ústecký Kraj,0.15,0.15,0.1,0.15,0.1
1474,1474,Pozděchov,90,Zlínský Kraj,0.15,0.15,0.1,0.15,0.1
1475,1475,Pozlovice,90,Zlínský Kraj,0.15,0.15,0.1,0.15,0.1
1476,1476,Pozořice,78,Jihomoravský Kraj,0.15,0.15,0.1,0.15,0.1
1477,1477,Počepice,88,Středočeský Kraj,0.15,0.15,0.1,0.15,0.1
1478,1478,Počátky,,Kraj Vysocina,0.15,0.15,0.1,0.15,0.1
1479,1479,Poříčany,88,Středočeský Kraj,0.15,0.15,0.1,0.15,0.1
1480,1480,Poříčí nad Sázavou,88,Středočeský Kraj,0.15,0.15,0.1,0.15,0.1
1481,1481,Prace,78,Jihomoravský Kraj,0.15,0.15,0.1,0.15,0.1
1482,1482,Prachatice,79,Jihočeský Kraj,0.15,0.15,0.1,0.15,0.1
1483,1483,Prachovice,86,Pardubický Kraj,0.15,0.15,0.1,0.15,0.1
1484,1484,Prackovice nad Labem,89,Ústecký Kraj,0.15,0.15,0.1,0.15,0.1
1485,1485,Prakšice,90,Zlínský Kraj,0.15,0.15,0.1,0.15,0.1
1486,1486,Prasek,82,Královéhradecký Kraj,0.15,0.15,0.1,0.15,0.1
1487,1487,Praskačka,82,Královéhradecký Kraj,0.15,0.15,0.1,0.15,0.1
1488,1488,Praskolesy,88,Středočeský Kraj,0.15,0.15,0.1,0.15,0.1
1489,1489,Pravlov,78,Jihomoravský Kraj,0.15,0.15,0.1,0.15,0.1
1490,1490,Pravonín,88,Středočeský Kraj,0.15,0.15,0.1,0.15,0.1
1491,1491,Pravčice,90,Zlínský Kraj,0.15,0.15,0.1,0.15,0.1
1492,1492,Pražmo,,Moravskoslezsky Kraj,0.15,0.15,0.1,0.15,0.1
1493,1493,Prlov,90,Zlínský Kraj,0.15,0.15,0.1,0.15,0.1
1494,1494,Proboštov,89,Ústecký Kraj,0.15,0.15,0.1,0.15,0.1
1495,1495,Prosek,52,Hlavní Město Praha,0.15,0.15,0.1,0.15,0.1
1496,1496,Prosetín,86,Pardubický Kraj,0.15,0.15,0.1,0.15,0.1
1497,1497,Proseč,86,Pardubický Kraj,0.15,0.15,0.1,0.15,0.1
1498,1498,Prosečné,82,Královéhradecký Kraj,0.15,0.15,0.1,0.15,0.1
1499,1499,Prosiměřice,78,Jihomoravský Kraj,0.15,0.15,0.1,0.15,0.1
1500,1500,Prostějov,84,Olomoucký Kraj,0.15,0.15,0.1,0.15,0.1
1501,1501,Prostřední Bečva,90,Zlínský Kraj,0.15,0.15,0.1,0.15,0.1
1502,1502,Protivanov,84,Olomoucký Kraj,0.15,0.15,0.1,0.15,0.1
1503,1503,Protivín,79,Jihočeský Kraj,0.15,0.15,0.1,0.15,0.1
1504,1504,Provodov,90,Zlínský Kraj,0.15,0.15,0.1,0.15,0.1
1505,1505,Provodov-Šonov,82,Královéhradecký Kraj,0.15,0.15,0.1,0.15,0.1
1506,1506,Provodín,83,Liberecký Kraj,0.15,0.15,0.1,0.15,0.1
1507,1507,Prusinovice,90,Zlínský Kraj,0.15,0.15,0.1,0.15,0.1
1508,1508,Prušánky,78,Jihomoravský Kraj,0.15,0.15,0.1,0.15,0.1
1509,1509,Práče,78,Jihomoravský Kraj,0.15,0.15,0.1,0.15,0.1
1510,1510,Prštice,78,Jihomoravský Kraj,0.15,0.15,0.1,0.15,0.1
1511,1511,Průhonice,88,Středočeský Kraj,0.15,0.15,0.1,0.15,0.1
1512,1512,Pržno,90,Zlínský Kraj,0.15,0.15,0.1,0.15,0.1
1513,1513,Pstruží,,Moravskoslezsky Kraj,0.15,0.15,0.1,0.15,0.1
1514,1514,Psáry,88,Středočeský Kraj,0.15,0.15,0.1,0.15,0.1
1515,1515,Ptení,84,Olomoucký Kraj,0.15,0.15,0.1,0.15,0.1
1516,1516,Puklice,,Kraj Vysocina,0.15,0.15,0.1,0.15,0.1
1517,1517,Pustiměř,78,Jihomoravský Kraj,0.15,0.15,0.1,0.15,0.1
1518,1518,Pustá Polom,,Moravskoslezsky Kraj,0.15,0.15,0.1,0.15,0.1
1519,1519,Pustějov,,Moravskoslezsky Kraj,0.15,0.15,0.1,0.15,0.1
1520,1520,Pyšely,88,Středočeský Kraj,0.15,0.15,0.1,0.15,0.1
1521,1521,Pátek,88,Středočeský Kraj,0.15,0.15,0.1,0.15,0.1
1522,1522,Písařov,84,Olomoucký Kraj,0.15,0.15,0.1,0.15,0.1
1523,1523,Písek,,Moravskoslezsky Kraj,0.15,0.15,0.1,0.15,0.1
1524,1524,Písek,79,Jihočeský Kraj,0.15,0.15,0.1,0.15,0.1
1525,1525,Písečná,,Moravskoslezsky Kraj,0.15,0.15,0.1,0.15,0.1
1526,1526,Písečná,84,Olomoucký Kraj,0.15,0.15,0.1,0.15,0.1
1527,1527,Písečné,79,Jihočeský Kraj,0.15,0.15,0.1,0.15,0.1
1528,1528,Písková Lhota,88,Středočeský Kraj,0.15,0.15,0.1,0.15,0.1
1529,1529,Píšť,,Moravskoslezsky Kraj,0.15,0.15,0.1,0.15,0.1
1530,1530,Pěnčín,83,Liberecký Kraj,0.15,0.15,0.1,0.15,0.1
1531,1531,Pěnčín,84,Olomoucký Kraj,0.15,0.15,0.1,0.15,0.1
1532,1532,Pňovice,84,Olomoucký Kraj,0.15,0.15,0.1,0.15,0.1
1533,1533,Předklášteří,78,Jihomoravský Kraj,0.15,0.15,0.1,0.15,0.1
1534,1534,Předměřice nad Jizerou,88,Středočeský Kraj,0.15,0.15,0.1,0.15,0.1
1535,1535,Předměřice nad Labem,82,Královéhradecký Kraj,0.15,0.15,0.1,0.15,0.1
1536,1536,Předslav,,Plzensky Kraj,0.15,0.15,0.1,0.15,0.1
1537,1537,Předín,,Kraj Vysocina,0.15,0.15,0.1,0.15,0.1
1538,1538,Přelouč,86,Pardubický Kraj,0.15,0.15,0.1,0.15,0.1
1539,1539,Přemyslovice,84,Olomoucký Kraj,0.15,0.15,0.1,0.15,0.1
1540,1540,Přepeře,83,Liberecký Kraj,0.15,0.15,0.1,0.15,0.1
1541,1541,Přepychy,82,Královéhradecký Kraj,0.15,0.15,0.1,0.15,0.1
1542,1542,Přerov,84,Olomoucký Kraj,0.15,0.15,0.1,0.15,0.1
1543,1543,Přerov nad Labem,88,Středočeský Kraj,0.15,0.15,0.1,0.15,0.1
1544,1544,Přezletice,88,Středočeský Kraj,0.15,0.15,0.1,0.15,0.1
1545,1545,Přeštice,,Plzensky Kraj,0.15,0.15,0.1,0.15,0.1
1546,1546,Přibice,78,Jihomoravský Kraj,0.15,0.15,0.1,0.15,0.1
1547,1547,Přibyslav,,Kraj Vysocina,0.15,0.15,0.1,0.15,0.1
1548,1548,Přibyslavice,,Kraj Vysocina,0.15,0.15,0.1,0.15,0.1
1549,1549,Přimda,,Plzensky Kraj,0.15,0.15,0.1,0.15,0.1
1550,1550,Přáslavice,84,Olomoucký Kraj,0.15,0.15,0.1,0.15,0.1
1551,1551,Příbor,,Moravskoslezsky Kraj,0.15,0.15,0.1,0.15,0.1
1552,1552,Příbram,88,Středočeský Kraj,0.15,0.15,0.1,0.15,0.1
1553,1553,Příchovice,,Plzensky Kraj,0.15,0.15,0.1,0.15,0.1
1554,1554,Přídolí,79,Jihočeský Kraj,0.15,0.15,0.1,0.15,0.1
1555,1555,Příkazy,84,Olomoucký Kraj,0.15,0.15,0.1,0.15,0.1
1556,1556,Přílepy,90,Zlínský Kraj,0.15,0.15,0.1,0.15,0.1
1557,1557,Přísnotice,78,Jihomoravský Kraj,0.15,0.15,0.1,0.15,0.1
1558,1558,Přítluky,78,Jihomoravský Kraj,0.15,0.15,0.1,0.15,0.1
1559,1559,Příšovice,83,Liberecký Kraj,0.15,0.15,0.1,0.15,0.1
1560,1560,Pšov,81,Karlovarský Kraj,0.15,0.15,0.1,0.15,0.1
1561,1561,Rabštejnská Lhota,86,Pardubický Kraj,0.15,0.15,0.1,0.15,0.1
1562,1562,Racková,90,Zlínský Kraj,0.15,0.15,0.1,0.15,0.1
1563,1563,Radešínská Svratka,,Kraj Vysocina,0.15,0.15,0.1,0.15,0.1
1564,1564,Radim,88,Středočeský Kraj,0.15,0.15,0.1,0.15,0.1
1565,1565,Radiměř,86,Pardubický Kraj,0.15,0.15,0.1,0.15,0.1
1566,1566,Radkov,,Moravskoslezsky Kraj,0.15,0.15,0.1,0.15,0.1
1567,1567,Radnice,,Plzensky Kraj,0.15,0.15,0.1,0.15,0.1
1568,1568,Radomyšl,79,Jihočeský Kraj,0.15,0.15,0.1,0.15,0.1
1569,1569,Radonice,88,Středočeský Kraj,0.15,0.15,0.1,0.15,0.1
1570,1570,Radonice,89,Ústecký Kraj,0.15,0.15,0.1,0.15,0.1
1571,1571,Radostice,78,Jihomoravský Kraj,0.15,0.15,0.1,0.15,0.1
1572,1572,Radošovice,79,Jihočeský Kraj,0.15,0.15,0.1,0.15,0.1
1573,1573,Radslavice,84,Olomoucký Kraj,0.15,0.15,0.1,0.15,0.1
1574,1574,Raduň,,Moravskoslezsky Kraj,0.15,0.15,0.1,0.15,0.1
1575,1575,Radvanice,82,Královéhradecký Kraj,0.15,0.15,0.1,0.15,0.1
1576,1576,Radějov,78,Jihomoravský Kraj,0.15,0.15,0.1,0.15,0.1
1577,1577,Rajhrad,78,Jihomoravský Kraj,0.15,0.15,0.1,0.15,0.1
1578,1578,Rajhradice,78,Jihomoravský Kraj,0.15,0.15,0.1,0.15,0.1
1579,1579,Rakovník,88,Středočeský Kraj,0.15,0.15,0.1,0.15,0.1
1580,1580,Rakvice,78,Jihomoravský Kraj,0.15,0.15,0.1,0.15,0.1
1581,1581,Rapotín,84,Olomoucký Kraj,0.15,0.15,0.1,0.15,0.1
1582,1582,Rapšach,79,Jihočeský Kraj,0.15,0.15,0.1,0.15,0.1
1583,1583,Rasošky,82,Královéhradecký Kraj,0.15,0.15,0.1,0.15,0.1
1584,1584,Raspenava,83,Liberecký Kraj,0.15,0.15,0.1,0.15,0.1
1585,1585,Rataje,90,Zlínský Kraj,0.15,0.15,0.1,0.15,0.1
1586,1586,Rataje nad Sázavou,88,Středočeský Kraj,0.15,0.15,0.1,0.15,0.1
1587,1587,Ratboř,88,Středočeský Kraj,0.15,0.15,0.1,0.15,0.1
1588,1588,Ratenice,88,Středočeský Kraj,0.15,0.15,0.1,0.15,0.1
1589,1589,Ratiboř,90,Zlínský Kraj,0.15,0.15,0.1,0.15,0.1
1590,1590,Ratibořské Hory,79,Jihočeský Kraj,0.15,0.15,0.1,0.15,0.1
1591,1591,Ratíškovice,78,Jihomoravský Kraj,0.15,0.15,0.1,0.15,0.1
1592,1592,Razová,,Moravskoslezsky Kraj,0.15,0.15,0.1,0.15,0.1
1593,1593,Raškovice,,Moravskoslezsky Kraj,0.15,0.15,0.1,0.15,0.1
1594,1594,Rašovice,78,Jihomoravský Kraj,0.15,0.15,0.1,0.15,0.1
1595,1595,Rebešovice,78,Jihomoravský Kraj,0.15,0.15,0.1,0.15,0.1
1596,1596,Rohatec,78,Jihomoravský Kraj,0.15,0.15,0.1,0.15,0.1
1597,1597,Rohle,84,Olomoucký Kraj,0.15,0.15,0.1,0.15,0.1
1598,1598,Rohov,,Moravskoslezsky Kraj,0.15,0.15,0.1,0.15,0.1
1599,1599,Rohozná,86,Pardubický Kraj,0.15,0.15,0.1,0.15,0.1
1600,1600,Rokycany,,Plzensky Kraj,0.15,0.15,0.1,0.15,0.1
1601,1601,Rokytnice,84,Olomoucký Kraj,0.15,0.15,0.1,0.15,0.1
1602,1602,Rokytnice,90,Zlínský Kraj,0.15,0.15,0.1,0.15,0.1
1603,1603,Rokytnice nad Jizerou,83,Liberecký Kraj,0.15,0.15,0.1,0.15,0.1
1604,1604,Rokytnice nad Rokytnou,,Kraj Vysocina,0.15,0.15,0.1,0.15,0.1
1605,1605,Rokytno,86,Pardubický Kraj,0.15,0.15,0.1,0.15,0.1
1606,1606,Ronov nad Doubravou,86,Pardubický Kraj,0.15,0.15,0.1,0.15,0.1
1607,1607,Ropice,,Moravskoslezsky Kraj,0.15,0.15,0.1,0.15,0.1
1608,1608,Rosice,86,Pardubický Kraj,0.15,0.15,0.1,0.15,0.1
1609,1609,Rosice,78,Jihomoravský Kraj,0.15,0.15,0.1,0.15,0.1
1610,1610,Rosovice,88,Středočeský Kraj,0.15,0.15,0.1,0.15,0.1
1611,1611,Rotava,81,Karlovarský Kraj,0.15,0.15,0.1,0.15,0.1
1612,1612,Rouchovany,,Kraj Vysocina,0.15,0.15,0.1,0.15,0.1
1613,1613,Roudnice,82,Královéhradecký Kraj,0.15,0.15,0.1,0.15,0.1
1614,1614,Roudnice nad Labem,89,Ústecký Kraj,0.15,0.15,0.1,0.15,0.1
1615,1615,Roudná,79,Jihočeský Kraj,0.15,0.15,0.1,0.15,0.1
1616,1616,Roudné,79,Jihočeský Kraj,0.15,0.15,0.1,0.15,0.1
1617,1617,Rousínov,78,Jihomoravský Kraj,0.15,0.15,0.1,0.15,0.1
1618,1618,Rovensko,84,Olomoucký Kraj,0.15,0.15,0.1,0.15,0.1
1619,1619,Rovensko pod Troskami,83,Liberecký Kraj,0.15,0.15,0.1,0.15,0.1
1620,1620,Rovečné,,Kraj Vysocina,0.15,0.15,0.1,0.15,0.1
1621,1621,Rovná,81,Karlovarský Kraj,0.15,0.15,0.1,0.15,0.1
1622,1622,Rozdrojovice,78,Jihomoravský Kraj,0.15,0.15,0.1,0.15,0.1
1623,1623,Rozseč nad Kunštátem,78,Jihomoravský Kraj,0.15,0.15,0.1,0.15,0.1
1624,1624,Rozsochatec,,Kraj Vysocina,0.15,0.15,0.1,0.15,0.1
1625,1625,Rozsochy,,Kraj Vysocina,0.15,0.15,0.1,0.15,0.1
1626,1626,Rozstání,84,Olomoucký Kraj,0.15,0.15,0.1,0.15,0.1
1627,1627,Roztoky,88,Středočeský Kraj,0.15,0.15,0.1,0.15,0.1
1628,1628,Roztoky u Jilemnice,83,Liberecký Kraj,0.15,0.15,0.1,0.15,0.1
1629,1629,Rozvadov,,Plzensky Kraj,0.15,0.15,0.1,0.15,0.1
1630,1630,Roštín,90,Zlínský Kraj,0.15,0.15,0.1,0.15,0.1
1631,1631,Roštění,90,Zlínský Kraj,0.15,0.15,0.1,0.15,0.1
1632,1632,Rožmitál pod Třemšínem,88,Středočeský Kraj,0.15,0.15,0.1,0.15,0.1
1633,1633,Rožnov pod Radhoštěm,90,Zlínský Kraj,0.15,0.15,0.1,0.15,0.1
1634,1634,Rožná,,Kraj Vysocina,0.15,0.15,0.1,0.15,0.1
1635,1635,Rožďalovice,88,Středočeský Kraj,0.15,0.15,0.1,0.15,0.1
1636,1636,Rtyně nad Bílinou,89,Ústecký Kraj,0.15,0.15,0.1,0.15,0.1
1637,1637,Rtyně v Podkrkonoší,82,Královéhradecký Kraj,0.15,0.15,0.1,0.15,0.1
1638,1638,Ruda,88,Středočeský Kraj,0.15,0.15,0.1,0.15,0.1
1639,1639,Ruda nad Moravou,84,Olomoucký Kraj,0.15,0.15,0.1,0.15,0.1
1640,1640,Rudice,78,Jihomoravský Kraj,0.15,0.15,0.1,0.15,0.1
1641,1641,Rudná,88,Středočeský Kraj,0.15,0.15,0.1,0.15,0.1
1642,1642,Rudník,82,Královéhradecký Kraj,0.15,0.15,0.1,0.15,0.1
1643,1643,Rudolfov,79,Jihočeský Kraj,0.15,0.15,0.1,0.15,0.1
1644,1644,Rudoltice,86,Pardubický Kraj,0.15,0.15,0.1,0.15,0.1
1645,1645,Rudíkov,,Kraj Vysocina,0.15,0.15,0.1,0.15,0.1
1646,1646,Rumburk,89,Ústecký Kraj,0.15,0.15,0.1,0.15,0.1
1647,1647,Ruprechtov,78,Jihomoravský Kraj,0.15,0.15,0.1,0.15,0.1
1648,1648,Rusava,90,Zlínský Kraj,0.15,0.15,0.1,0.15,0.1
1649,1649,Rybitví,86,Pardubický Kraj,0.15,0.15,0.1,0.15,0.1
1650,1650,Rybniště,89,Ústecký Kraj,0.15,0.15,0.1,0.15,0.1
1651,1651,Rybník,86,Pardubický Kraj,0.15,0.15,0.1,0.15,0.1
1652,1652,Rybí,,Moravskoslezsky Kraj,0.15,0.15,0.1,0.15,0.1
1653,1653,Rychnov nad Kněžnou,82,Královéhradecký Kraj,0.15,0.15,0.1,0.15,0.1
1654,1654,Rychnovek,82,Královéhradecký Kraj,0.15,0.15,0.1,0.15,0.1
1655,1655,Rychvald,,Moravskoslezsky Kraj,0.15,0.15,0.1,0.15,0.1
1656,1656,Rymice,90,Zlínský Kraj,0.15,0.15,0.1,0.15,0.1
1657,1657,Rynholec,88,Středočeský Kraj,0.15,0.15,0.1,0.15,0.1
1658,1658,Rynoltice,83,Liberecký Kraj,0.15,0.15,0.1,0.15,0.1
1659,1659,Rynárec,,Kraj Vysocina,0.15,0.15,0.1,0.15,0.1
1660,1660,Ryžoviště,,Moravskoslezsky Kraj,0.15,0.15,0.1,0.15,0.1
1661,1661,Ráby,86,Pardubický Kraj,0.15,0.15,0.1,0.15,0.1
1662,1662,Rádlo,83,Liberecký Kraj,0.15,0.15,0.1,0.15,0.1
1663,1663,Ráječko,78,Jihomoravský Kraj,0.15,0.15,0.1,0.15,0.1
1664,1664,Rýmařov,,Moravskoslezsky Kraj,0.15,0.15,0.1,0.15,0.1
1665,1665,Růžďka,90,Zlínský Kraj,0.15,0.15,0.1,0.15,0.1
1666,1666,Sadov,81,Karlovarský Kraj,0.15,0.15,0.1,0.15,0.1
1667,1667,Sadská,88,Středočeský Kraj,0.15,0.15,0.1,0.15,0.1
1668,1668,Samotíšky,84,Olomoucký Kraj,0.15,0.15,0.1,0.15,0.1
1669,1669,Satalice,52,Hlavní Město Praha,0.15,0.15,0.1,0.15,0.1
1670,1670,Sazovice,90,Zlínský Kraj,0.15,0.15,0.1,0.15,0.1
1671,1671,Sebranice,78,Jihomoravský Kraj,0.15,0.15,0.1,0.15,0.1
1672,1672,Sebranice,86,Pardubický Kraj,0.15,0.15,0.1,0.15,0.1
1673,1673,Sedlec,88,Středočeský Kraj,0.15,0.15,0.1,0.15,0.1
1674,1674,Sedlec,78,Jihomoravský Kraj,0.15,0.15,0.1,0.15,0.1
1675,1675,Sedlice,79,Jihočeský Kraj,0.15,0.15,0.1,0.15,0.1
1676,1676,Sedliště,,Moravskoslezsky Kraj,0.15,0.15,0.1,0.15,0.1
1677,1677,Sedlnice,,Moravskoslezsky Kraj,0.15,0.15,0.1,0.15,0.1
1678,1678,Sedlčany,88,Středočeský Kraj,0.15,0.15,0.1,0.15,0.1
1679,1679,Sehradice,90,Zlínský Kraj,0.15,0.15,0.1,0.15,0.1
1680,1680,Semanín,86,Pardubický Kraj,0.15,0.15,0.1,0.15,0.1
1681,1681,Semice,88,Středočeský Kraj,0.15,0.15,0.1,0.15,0.1
1682,1682,Semily,83,Liberecký Kraj,0.15,0.15,0.1,0.15,0.1
1683,1683,Semín,86,Pardubický Kraj,0.15,0.15,0.1,0.15,0.1
1684,1684,Semčice,88,Středočeský Kraj,0.15,0.15,0.1,0.15,0.1
1685,1685,Senetářov,78,Jihomoravský Kraj,0.15,0.15,0.1,0.15,0.1
1686,1686,Senice na Hané,84,Olomoucký Kraj,0.15,0.15,0.1,0.15,0.1
1687,1687,Senohraby,88,Středočeský Kraj,0.15,0.15,0.1,0.15,0.1
1688,1688,Senomaty,88,Středočeský Kraj,0.15,0.15,0.1,0.15,0.1
1689,1689,Senožaty,,Kraj Vysocina,0.15,0.15,0.1,0.15,0.1
1690,1690,Sepekov,79,Jihočeský Kraj,0.15,0.15,0.1,0.15,0.1
1691,1691,Sezemice,86,Pardubický Kraj,0.15,0.15,0.1,0.15,0.1
1692,1692,Sezimovo Ústí,79,Jihočeský Kraj,0.15,0.15,0.1,0.15,0.1
1693,1693,Seč,86,Pardubický Kraj,0.15,0.15,0.1,0.15,0.1
1694,1694,Sibřina,88,Středočeský Kraj,0.15,0.15,0.1,0.15,0.1
1695,1695,Silůvky,78,Jihomoravský Kraj,0.15,0.15,0.1,0.15,0.1
1696,1696,Sivice,78,Jihomoravský Kraj,0.15,0.15,0.1,0.15,0.1
1697,1697,Skalice,82,Královéhradecký Kraj,0.15,0.15,0.1,0.15,0.1
1698,1698,Skalice,78,Jihomoravský Kraj,0.15,0.15,0.1,0.15,0.1
1699,1699,Skalice nad Svitavou,78,Jihomoravský Kraj,0.15,0.15,0.1,0.15,0.1
1700,1700,Skalička,84,Olomoucký Kraj,0.15,0.15,0.1,0.15,0.1
1701,1701,Skalná,81,Karlovarský Kraj,0.15,0.15,0.1,0.15,0.1
1702,1702,Skoronice,78,Jihomoravský Kraj,0.15,0.15,0.1,0.15,0.1
1703,1703,Skorošice,84,Olomoucký Kraj,0.15,0.15,0.1,0.15,0.1
1704,1704,Skrbeň,84,Olomoucký Kraj,0.15,0.15,0.1,0.15,0.1
1705,1705,Skuhrov,83,Liberecký Kraj,0.15,0.15,0.1,0.15,0.1
1706,1706,Skuhrov nad Bělou,82,Královéhradecký Kraj,0.15,0.15,0.1,0.15,0.1
1707,1707,Skuteč,86,Pardubický Kraj,0.15,0.15,0.1,0.15,0.1
1708,1708,Skřipov,,Moravskoslezsky Kraj,0.15,0.15,0.1,0.15,0.1
1709,1709,Skřivany,82,Královéhradecký Kraj,0.15,0.15,0.1,0.15,0.1
1710,1710,Slabce,88,Středočeský Kraj,0.15,0.15,0.1,0.15,0.1
1711,1711,Slaná,83,Liberecký Kraj,0.15,0.15,0.1,0.15,0.1
1712,1712,Slaný,88,Středočeský Kraj,0.15,0.15,0.1,0.15,0.1
1713,1713,Slapy,88,Středočeský Kraj,0.15,0.15,0.1,0.15,0.1
1714,1714,Slatina,,Moravskoslezsky Kraj,0.15,0.15,0.1,0.15,0.1
1715,1715,Slatina nad Zdobnicí,82,Královéhradecký Kraj,0.15,0.15,0.1,0.15,0.1
1716,1716,Slatinice,84,Olomoucký Kraj,0.15,0.15,0.1,0.15,0.1
1717,1717,Slatiny,82,Královéhradecký Kraj,0.15,0.15,0.1,0.15,0.1
1718,1718,Slatiňany,86,Pardubický Kraj,0.15,0.15,0.1,0.15,0.1
1719,1719,Slavičín,90,Zlínský Kraj,0.15,0.15,0.1,0.15,0.1
1720,1720,Slavkov,90,Zlínský Kraj,0.15,0.15,0.1,0.15,0.1
1721,1721,Slavkov,,Moravskoslezsky Kraj,0.15,0.15,0.1,0.15,0.1
1722,1722,Slavkov pod Hostýnem,90,Zlínský Kraj,0.15,0.15,0.1,0.15,0.1
1723,1723,Slavkov u Brna,78,Jihomoravský Kraj,0.15,0.15,0.1,0.15,0.1
1724,1724,Slavonice,79,Jihočeský Kraj,0.15,0.15,0.1,0.15,0.1
1725,1725,Slavče,79,Jihočeský Kraj,0.15,0.15,0.1,0.15,0.1
1726,1726,Slezské Rudoltice,,Moravskoslezsky Kraj,0.15,0.15,0.1,0.15,0.1
1727,1727,Slopné,90,Zlínský Kraj,0.15,0.15,0.1,0.15,0.1
1728,1728,Sloup,78,Jihomoravský Kraj,0.15,0.15,0.1,0.15,0.1
1729,1729,Sloveč,88,Středočeský Kraj,0.15,0.15,0.1,0.15,0.1
1730,1730,Sluhy,88,Středočeský Kraj,0.15,0.15,0.1,0.15,0.1
1731,1731,Slušovice,90,Zlínský Kraj,0.15,0.15,0.1,0.15,0.1
1732,1732,Služovice,,Moravskoslezsky Kraj,0.15,0.15,0.1,0.15,0.1
1733,1733,Smečno,88,Středočeský Kraj,0.15,0.15,0.1,0.15,0.1
1734,1734,Smidary,82,Královéhradecký Kraj,0.15,0.15,0.1,0.15,0.1
1735,1735,Smilovice,,Moravskoslezsky Kraj,0.15,0.15,0.1,0.15,0.1
1736,1736,Smilovice,88,Středočeský Kraj,0.15,0.15,0.1,0.15,0.1
1737,1737,Smiřice,82,Královéhradecký Kraj,0.15,0.15,0.1,0.15,0.1
1738,1738,Smržice,84,Olomoucký Kraj,0.15,0.15,0.1,0.15,0.1
1739,1739,Smržovka,83,Liberecký Kraj,0.15,0.15,0.1,0.15,0.1
1740,1740,Snědovice,89,Ústecký Kraj,0.15,0.15,0.1,0.15,0.1
1741,1741,Sněžné,,Kraj Vysocina,0.15,0.15,0.1,0.15,0.1
1742,1742,Sobotka,82,Královéhradecký Kraj,0.15,0.15,0.1,0.15,0.1
1743,1743,Sobotín,84,Olomoucký Kraj,0.15,0.15,0.1,0.15,0.1
1744,1744,Soběchleby,84,Olomoucký Kraj,0.15,0.15,0.1,0.15,0.1
1745,1745,Soběkury,,Plzensky Kraj,0.15,0.15,0.1,0.15,0.1
1746,1746,Soběslav,79,Jihočeský Kraj,0.15,0.15,0.1,0.15,0.1
1747,1747,Sobětuchy,86,Pardubický Kraj,0.15,0.15,0.1,0.15,0.1
1748,1748,Sobůlky,78,Jihomoravský Kraj,0.15,0.15,0.1,0.15,0.1
1749,1749,Sokoleč,88,Středočeský Kraj,0.15,0.15,0.1,0.15,0.1
1750,1750,Sokolnice,78,Jihomoravský Kraj,0.15,0.15,0.1,0.15,0.1
1751,1751,Sokolov,81,Karlovarský Kraj,0.15,0.15,0.1,0.15,0.1
1752,1752,Solan,90,Zlínský Kraj,0.15,0.15,0.1,0.15,0.1
1753,1753,Solnice,82,Královéhradecký Kraj,0.15,0.15,0.1,0.15,0.1
1754,1754,Sopotnice,86,Pardubický Kraj,0.15,0.15,0.1,0.15,0.1
1755,1755,Sosnová,83,Liberecký Kraj,0.15,0.15,0.1,0.15,0.1
1756,1756,Spešov,78,Jihomoravský Kraj,0.15,0.15,0.1,0.15,0.1
1757,1757,Spořice,89,Ústecký Kraj,0.15,0.15,0.1,0.15,0.1
1758,1758,Spytihněv,90,Zlínský Kraj,0.15,0.15,0.1,0.15,0.1
1759,1759,Spálené Poříčí,,Plzensky Kraj,0.15,0.15,0.1,0.15,0.1
1760,1760,Spálov,,Moravskoslezsky Kraj,0.15,0.15,0.1,0.15,0.1
1761,1761,Srch,86,Pardubický Kraj,0.15,0.15,0.1,0.15,0.1
1762,1762,Srnojedy,86,Pardubický Kraj,0.15,0.15,0.1,0.15,0.1
1763,1763,Srubec,79,Jihočeský Kraj,0.15,0.15,0.1,0.15,0.1
1764,1764,Sruby,86,Pardubický Kraj,0.15,0.15,0.1,0.15,0.1
1765,1765,Stachy,79,Jihočeský Kraj,0.15,0.15,0.1,0.15,0.1
1766,1766,Starovice,78,Jihomoravský Kraj,0.15,0.15,0.1,0.15,0.1
1767,1767,Starovičky,78,Jihomoravský Kraj,0.15,0.15,0.1,0.15,0.1
1768,1768,Stará Huť,88,Středočeský Kraj,0.15,0.15,0.1,0.15,0.1
1769,1769,Stará Paka,82,Královéhradecký Kraj,0.15,0.15,0.1,0.15,0.1
1770,1770,Stará Ves,84,Olomoucký Kraj,0.15,0.15,0.1,0.15,0.1
1771,1771,Stará Ves,,Moravskoslezsky Kraj,0.15,0.15,0.1,0.15,0.1
1772,1772,Stará Ves nad Ondřejnicí,,Moravskoslezsky Kraj,0.15,0.15,0.1,0.15,0.1
1773,1773,Stará Červená Voda,84,Olomoucký Kraj,0.15,0.15,0.1,0.15,0.1
1774,1774,Stará Říše,,Kraj Vysocina,0.15,0.15,0.1,0.15,0.1
1775,1775,Staré Hamry,,Moravskoslezsky Kraj,0.15,0.15,0.1,0.15,0.1
1776,1776,Staré Hobzí,79,Jihočeský Kraj,0.15,0.15,0.1,0.15,0.1
1777,1777,Staré Hradiště,86,Pardubický Kraj,0.15,0.15,0.1,0.15,0.1
1778,1778,Staré Křečany,89,Ústecký Kraj,0.15,0.15,0.1,0.15,0.1
1779,1779,Staré Město,,Moravskoslezsky Kraj,0.15,0.15,0.1,0.15,0.1
1780,1780,Staré Město,90,Zlínský Kraj,0.15,0.15,0.1,0.15,0.1
1781,1781,Staré Město,52,Hlavní Město Praha,0.15,0.15,0.1,0.15,0.1
1782,1782,Staré Město,86,Pardubický Kraj,0.15,0.15,0.1,0.15,0.1
1783,1783,Staré Město,84,Olomoucký Kraj,0.15,0.15,0.1,0.15,0.1
1784,1784,Staré Nechanice,82,Královéhradecký Kraj,0.15,0.15,0.1,0.15,0.1
1785,1785,Staré Sedliště,,Plzensky Kraj,0.15,0.15,0.1,0.15,0.1
1786,1786,Staré Sedlo,81,Karlovarský Kraj,0.15,0.15,0.1,0.15,0.1
1787,1787,Staré Ždánice,86,Pardubický Kraj,0.15,0.15,0.1,0.15,0.1
1788,1788,Starý Bohumín,,Moravskoslezsky Kraj,0.15,0.15,0.1,0.15,0.1
1789,1789,Starý Hrozenkov,90,Zlínský Kraj,0.15,0.15,0.1,0.15,0.1
1790,1790,Starý Jičín,,Moravskoslezsky Kraj,0.15,0.15,0.1,0.15,0.1
1791,1791,Starý Kolín,88,Středočeský Kraj,0.15,0.15,0.1,0.15,0.1
1792,1792,Starý Plzenec,,Plzensky Kraj,0.15,0.15,0.1,0.15,0.1
1793,1793,Starý Poddvorov,78,Jihomoravský Kraj,0.15,0.15,0.1,0.15,0.1
1794,1794,Statenice,88,Středočeský Kraj,0.15,0.15,0.1,0.15,0.1
1795,1795,Staňkov,,Plzensky Kraj,0.15,0.15,0.1,0.15,0.1
1796,1796,Staňkovice,89,Ústecký Kraj,0.15,0.15,0.1,0.15,0.1
1797,1797,Stařechovice,84,Olomoucký Kraj,0.15,0.15,0.1,0.15,0.1
1798,1798,Stařeč,,Kraj Vysocina,0.15,0.15,0.1,0.15,0.1
1799,1799,Staříč,,Moravskoslezsky Kraj,0.15,0.15,0.1,0.15,0.1
1800,1800,Stehelčeves,88,Středočeský Kraj,0.15,0.15,0.1,0.15,0.1
1801,1801,Stochov,88,Středočeský Kraj,0.15,0.15,0.1,0.15,0.1
1802,1802,Stod,,Plzensky Kraj,0.15,0.15,0.1,0.15,0.1
1803,1803,Stonava,,Moravskoslezsky Kraj,0.15,0.15,0.1,0.15,0.1
1804,1804,Stonařov,,Kraj Vysocina,0.15,0.15,0.1,0.15,0.1
1805,1805,Strachotice,78,Jihomoravský Kraj,0.15,0.15,0.1,0.15,0.1
1806,1806,Strachotín,78,Jihomoravský Kraj,0.15,0.15,0.1,0.15,0.1
1807,1807,Strahovice,,Moravskoslezsky Kraj,0.15,0.15,0.1,0.15,0.1
1808,1808,Strakonice,79,Jihočeský Kraj,0.15,0.15,0.1,0.15,0.1
1809,1809,Straky,88,Středočeský Kraj,0.15,0.15,0.1,0.15,0.1
1810,1810,Strančice,88,Středočeský Kraj,0.15,0.15,0.1,0.15,0.1
1811,1811,Strašice,,Plzensky Kraj,0.15,0.15,0.1,0.15,0.1
1812,1812,Strmilov,79,Jihočeský Kraj,0.15,0.15,0.1,0.15,0.1
1813,1813,Struhařov,88,Středočeský Kraj,0.15,0.15,0.1,0.15,0.1
1814,1814,Strunkovice nad Blanicí,79,Jihočeský Kraj,0.15,0.15,0.1,0.15,0.1
1815,1815,Strupčice,89,Ústecký Kraj,0.15,0.15,0.1,0.15,0.1
1816,1816,Stružinec,83,Liberecký Kraj,0.15,0.15,0.1,0.15,0.1
1817,1817,Stružnice,83,Liberecký Kraj,0.15,0.15,0.1,0.15,0.1
1818,1818,Stružná,81,Karlovarský Kraj,0.15,0.15,0.1,0.15,0.1
1819,1819,Stránecká Zhoř,,Kraj Vysocina,0.15,0.15,0.1,0.15,0.1
1820,1820,Strání,90,Zlínský Kraj,0.15,0.15,0.1,0.15,0.1
1821,1821,Stráž,,Plzensky Kraj,0.15,0.15,0.1,0.15,0.1
1822,1822,Stráž nad Nežárkou,79,Jihočeský Kraj,0.15,0.15,0.1,0.15,0.1
1823,1823,Stráž nad Nisou,83,Liberecký Kraj,0.15,0.15,0.1,0.15,0.1
1824,1824,Stráž pod Ralskem,83,Liberecký Kraj,0.15,0.15,0.1,0.15,0.1
1825,1825,Strážek,,Kraj Vysocina,0.15,0.15,0.1,0.15,0.1
1826,1826,Strážnice,78,Jihomoravský Kraj,0.15,0.15,0.1,0.15,0.1
1827,1827,Strážná,84,Olomoucký Kraj,0.15,0.15,0.1,0.15,0.1
1828,1828,Strážov,,Plzensky Kraj,0.15,0.15,0.1,0.15,0.1
1829,1829,Strážovice,78,Jihomoravský Kraj,0.15,0.15,0.1,0.15,0.1
1830,1830,Studenec,,Kraj Vysocina,0.15,0.15,0.1,0.15,0.1
1831,1831,Studenec,83,Liberecký Kraj,0.15,0.15,0.1,0.15,0.1
1832,1832,Studená,79,Jihočeský Kraj,0.15,0.15,0.1,0.15,0.1
1833,1833,Studnice,82,Královéhradecký Kraj,0.15,0.15,0.1,0.15,0.1
1834,1834,Studénka,,Moravskoslezsky Kraj,0.15,0.15,0.1,0.15,0.1
1835,1835,Stádlec,79,Jihočeský Kraj,0.15,0.15,0.1,0.15,0.1
1836,1836,Stárkov,82,Královéhradecký Kraj,0.15,0.15,0.1,0.15,0.1
1837,1837,Stěbořice,,Moravskoslezsky Kraj,0.15,0.15,0.1,0.15,0.1
1838,1838,Stěžery,82,Královéhradecký Kraj,0.15,0.15,0.1,0.15,0.1
1839,1839,Středokluky,88,Středočeský Kraj,0.15,0.15,0.1,0.15,0.1
1840,1840,Střelice,78,Jihomoravský Kraj,0.15,0.15,0.1,0.15,0.1
1841,1841,Střelná,90,Zlínský Kraj,0.15,0.15,0.1,0.15,0.1
1842,1842,Střelské Hoštice,79,Jihočeský Kraj,0.15,0.15,0.1,0.15,0.1
1843,1843,Střeň,84,Olomoucký Kraj,0.15,0.15,0.1,0.15,0.1
1844,1844,Stříbrná Skalice,88,Středočeský Kraj,0.15,0.15,0.1,0.15,0.1
1845,1845,Stříbro,,Plzensky Kraj,0.15,0.15,0.1,0.15,0.1
1846,1846,Střílky,90,Zlínský Kraj,0.15,0.15,0.1,0.15,0.1
1847,1847,Střítež,,Moravskoslezsky Kraj,0.15,0.15,0.1,0.15,0.1
1848,1848,Střítež nad Ludinou,84,Olomoucký Kraj,0.15,0.15,0.1,0.15,0.1
1849,1849,Střížkov,52,Hlavní Město Praha,0.15,0.15,0.1,0.15,0.1
1850,1850,Střížovice,79,Jihočeský Kraj,0.15,0.15,0.1,0.15,0.1
1851,1851,Suchdol,84,Olomoucký Kraj,0.15,0.15,0.1,0.15,0.1
1852,1852,Suchdol,88,Středočeský Kraj,0.15,0.15,0.1,0.15,0.1
1853,1853,Suchdol nad Lužnicí,79,Jihočeský Kraj,0.15,0.15,0.1,0.15,0.1
1854,1854,Suchohrdly,78,Jihomoravský Kraj,0.15,0.15,0.1,0.15,0.1
1855,1855,Suchov,78,Jihomoravský Kraj,0.15,0.15,0.1,0.15,0.1
1856,1856,Suchá Loz,90,Zlínský Kraj,0.15,0.15,0.1,0.15,0.1
1857,1857,Sudice,,Moravskoslezsky Kraj,0.15,0.15,0.1,0.15,0.1
1858,1858,Sudkov,84,Olomoucký Kraj,0.15,0.15,0.1,0.15,0.1
1859,1859,Sudoměřice,78,Jihomoravský Kraj,0.15,0.15,0.1,0.15,0.1
1860,1860,Sulejovice,89,Ústecký Kraj,0.15,0.15,0.1,0.15,0.1
1861,1861,Sulice,88,Středočeský Kraj,0.15,0.15,0.1,0.15,0.1
1862,1862,Supíkovice,84,Olomoucký Kraj,0.15,0.15,0.1,0.15,0.1
1863,1863,Sušice,90,Zlínský Kraj,0.15,0.15,0.1,0.15,0.1
1864,1864,Sušice,,Plzensky Kraj,0.15,0.15,0.1,0.15,0.1
1865,1865,Svatava,81,Karlovarský Kraj,0.15,0.15,0.1,0.15,0.1
1866,1866,Svatá Maří,79,Jihočeský Kraj,0.15,0.15,0.1,0.15,0.1
1867,1867,Svatý Jan,88,Středočeský Kraj,0.15,0.15,0.1,0.15,0.1
1868,1868,Svatý Mikuláš,88,Středočeský Kraj,0.15,0.15,0.1,0.15,0.1
1869,1869,Sviadnov,,Moravskoslezsky Kraj,0.15,0.15,0.1,0.15,0.1
1870,1870,Svinařov,88,Středočeský Kraj,0.15,0.15,0.1,0.15,0.1
1871,1871,Svitavy,86,Pardubický Kraj,0.15,0.15,0.1,0.15,0.1
1872,1872,Svitávka,78,Jihomoravský Kraj,0.15,0.15,0.1,0.15,0.1
1873,1873,Svoboda nad Úpou,82,Královéhradecký Kraj,0.15,0.15,0.1,0.15,0.1
1874,1874,Svobodné Heřmanice,,Moravskoslezsky Kraj,0.15,0.15,0.1,0.15,0.1
1875,1875,Svojšice,88,Středočeský Kraj,0.15,0.15,0.1,0.15,0.1
1876,1876,Svor,83,Liberecký Kraj,0.15,0.15,0.1,0.15,0.1
1877,1877,Svratka,,Kraj Vysocina,0.15,0.15,0.1,0.15,0.1
1878,1878,Svratouch,86,Pardubický Kraj,0.15,0.15,0.1,0.15,0.1
1879,1879,Světec,89,Ústecký Kraj,0.15,0.15,0.1,0.15,0.1
1880,1880,Světice,88,Středočeský Kraj,0.15,0.15,0.1,0.15,0.1
1881,1881,Světlá nad Sázavou,,Kraj Vysocina,0.15,0.15,0.1,0.15,0.1
1882,1882,Světlá pod Ještědem,83,Liberecký Kraj,0.15,0.15,0.1,0.15,0.1
1883,1883,Syrovice,78,Jihomoravský Kraj,0.15,0.15,0.1,0.15,0.1
1884,1884,Sázava,88,Středočeský Kraj,0.15,0.15,0.1,0.15,0.1
1885,1885,Sázava,,Kraj Vysocina,0.15,0.15,0.1,0.15,0.1
1886,1886,Sázava,86,Pardubický Kraj,0.15,0.15,0.1,0.15,0.1
1887,1887,Tachlovice,88,Středočeský Kraj,0.15,0.15,0.1,0.15,0.1
1888,1888,Tachov,,Plzensky Kraj,0.15,0.15,0.1,0.15,0.1
1889,1889,Tanvald,83,Liberecký Kraj,0.15,0.15,0.1,0.15,0.1
1890,1890,Tasov,,Kraj Vysocina,0.15,0.15,0.1,0.15,0.1
1891,1891,Tasov,78,Jihomoravský Kraj,0.15,0.15,0.1,0.15,0.1
1892,1892,Tasovice,78,Jihomoravský Kraj,0.15,0.15,0.1,0.15,0.1
1893,1893,Tatce,88,Středočeský Kraj,0.15,0.15,0.1,0.15,0.1
1894,1894,Tatenice,86,Pardubický Kraj,0.15,0.15,0.1,0.15,0.1
1895,1895,Tatobity,83,Liberecký Kraj,0.15,0.15,0.1,0.15,0.1
1896,1896,Tavíkovice,78,Jihomoravský Kraj,0.15,0.15,0.1,0.15,0.1
1897,1897,Telnice,89,Ústecký Kraj,0.15,0.15,0.1,0.15,0.1
1898,1898,Telnice,78,Jihomoravský Kraj,0.15,0.15,0.1,0.15,0.1
1899,1899,Telč,,Kraj Vysocina,0.15,0.15,0.1,0.15,0.1
1900,1900,Temelín,79,Jihočeský Kraj,0.15,0.15,0.1,0.15,0.1
1901,1901,Teplice,89,Ústecký Kraj,0.15,0.15,0.1,0.15,0.1
1902,1902,Teplice nad Metují,82,Královéhradecký Kraj,0.15,0.15,0.1,0.15,0.1
1903,1903,Teplá,81,Karlovarský Kraj,0.15,0.15,0.1,0.15,0.1
1904,1904,Terezín,89,Ústecký Kraj,0.15,0.15,0.1,0.15,0.1
1905,1905,Tetín,88,Středočeský Kraj,0.15,0.15,0.1,0.15,0.1
1906,1906,Tetčice,78,Jihomoravský Kraj,0.15,0.15,0.1,0.15,0.1
1907,1907,Tečovice,90,Zlínský Kraj,0.15,0.15,0.1,0.15,0.1
1908,1908,Tichá,,Moravskoslezsky Kraj,0.15,0.15,0.1,0.15,0.1
1909,1909,Tisá,89,Ústecký Kraj,0.15,0.15,0.1,0.15,0.1
1910,1910,Tišice,88,Středočeský Kraj,0.15,0.15,0.1,0.15,0.1
1911,1911,Tišnov,78,Jihomoravský Kraj,0.15,0.15,0.1,0.15,0.1
1912,1912,Tlumačov,90,Zlínský Kraj,0.15,0.15,0.1,0.15,0.1
1913,1913,Tlustice,88,Středočeský Kraj,0.15,0.15,0.1,0.15,0.1
1914,1914,Tlučná,,Plzensky Kraj,0.15,0.15,0.1,0.15,0.1
1915,1915,Tmaň,88,Středočeský Kraj,0.15,0.15,0.1,0.15,0.1
1916,1916,Tochovice,88,Středočeský Kraj,0.15,0.15,0.1,0.15,0.1
1917,1917,Topolná,90,Zlínský Kraj,0.15,0.15,0.1,0.15,0.1
1918,1918,Toužim,81,Karlovarský Kraj,0.15,0.15,0.1,0.15,0.1
1919,1919,Tovačov,84,Olomoucký Kraj,0.15,0.15,0.1,0.15,0.1
1920,1920,Tovéř,84,Olomoucký Kraj,0.15,0.15,0.1,0.15,0.1
1921,1921,Točná,52,Hlavní Město Praha,0.15,0.15,0.1,0.15,0.1
1922,1922,Traplice,90,Zlínský Kraj,0.15,0.15,0.1,0.15,0.1
1923,1923,Travčice,89,Ústecký Kraj,0.15,0.15,0.1,0.15,0.1
1924,1924,Trhanov,,Plzensky Kraj,0.15,0.15,0.1,0.15,0.1
1925,1925,Trhová Kamenice,86,Pardubický Kraj,0.15,0.15,0.1,0.15,0.1
1926,1926,Trhové Sviny,79,Jihočeský Kraj,0.15,0.15,0.1,0.15,0.1
1927,1927,Trhový Štěpánov,88,Středočeský Kraj,0.15,0.15,0.1,0.15,0.1
1928,1928,Trmice,89,Ústecký Kraj,0.15,0.15,0.1,0.15,0.1
1929,1929,Trnava,,Kraj Vysocina,0.15,0.15,0.1,0.15,0.1
1930,1930,Trnava,90,Zlínský Kraj,0.15,0.15,0.1,0.15,0.1
1931,1931,Trnov,82,Královéhradecký Kraj,0.15,0.15,0.1,0.15,0.1
1932,1932,Trnová,,Plzensky Kraj,0.15,0.15,0.1,0.15,0.1
1933,1933,Trnávka,,Moravskoslezsky Kraj,0.15,0.15,0.1,0.15,0.1
1934,1934,Trojanovice,,Moravskoslezsky Kraj,0.15,0.15,0.1,0.15,0.1
1935,1935,Troskotovice,78,Jihomoravský Kraj,0.15,0.15,0.1,0.15,0.1
1936,1936,Troubelice,84,Olomoucký Kraj,0.15,0.15,0.1,0.15,0.1
1937,1937,Troubky,84,Olomoucký Kraj,0.15,0.15,0.1,0.15,0.1
1938,1938,Troubsko,78,Jihomoravský Kraj,0.15,0.15,0.1,0.15,0.1
1939,1939,Trstěnice,78,Jihomoravský Kraj,0.15,0.15,0.1,0.15,0.1
1940,1940,Trutnov,82,Královéhradecký Kraj,0.15,0.15,0.1,0.15,0.1
1941,1941,Tršice,84,Olomoucký Kraj,0.15,0.15,0.1,0.15,0.1
1942,1942,Tuchlovice,88,Středočeský Kraj,0.15,0.15,0.1,0.15,0.1
1943,1943,Tuchoměřice,88,Středočeský Kraj,0.15,0.15,0.1,0.15,0.1
1944,1944,Tuchořice,89,Ústecký Kraj,0.15,0.15,0.1,0.15,0.1
1945,1945,Tuhaň,88,Středočeský Kraj,0.15,0.15,0.1,0.15,0.1
1946,1946,Tuklaty,88,Středočeský Kraj,0.15,0.15,0.1,0.15,0.1
1947,1947,Tuněchody,86,Pardubický Kraj,0.15,0.15,0.1,0.15,0.1
1948,1948,Tupadly,88,Středočeský Kraj,0.15,0.15,0.1,0.15,0.1
1949,1949,Tupesy,90,Zlínský Kraj,0.15,0.15,0.1,0.15,0.1
1950,1950,Turnov,83,Liberecký Kraj,0.15,0.15,0.1,0.15,0.1
1951,1951,Tursko,88,Středočeský Kraj,0.15,0.15,0.1,0.15,0.1
1952,1952,Tučapy,79,Jihočeský Kraj,0.15,0.15,0.1,0.15,0.1
1953,1953,Tvarožná,78,Jihomoravský Kraj,0.15,0.15,0.1,0.15,0.1
1954,1954,Tvarožná Lhota,78,Jihomoravský Kraj,0.15,0.15,0.1,0.15,0.1
1955,1955,Tvrdonice,78,Jihomoravský Kraj,0.15,0.15,0.1,0.15,0.1
1956,1956,Tymákov,,Plzensky Kraj,0.15,0.15,0.1,0.15,0.1
1957,1957,Tábor,79,Jihočeský Kraj,0.15,0.15,0.1,0.15,0.1
1958,1958,Tísek,,Moravskoslezsky Kraj,0.15,0.15,0.1,0.15,0.1
1959,1959,Týn nad Bečvou,84,Olomoucký Kraj,0.15,0.15,0.1,0.15,0.1
1960,1960,Týn nad Vltavou,79,Jihočeský Kraj,0.15,0.15,0.1,0.15,0.1
1961,1961,Týnec,78,Jihomoravský Kraj,0.15,0.15,0.1,0.15,0.1
1962,1962,Týnec nad Labem,88,Středočeský Kraj,0.15,0.15,0.1,0.15,0.1
1963,1963,Týnec nad Sázavou,88,Středočeský Kraj,0.15,0.15,0.1,0.15,0.1
1964,1964,Týniště nad Orlicí,82,Královéhradecký Kraj,0.15,0.15,0.1,0.15,0.1
1965,1965,Těchonín,86,Pardubický Kraj,0.15,0.15,0.1,0.15,0.1
1966,1966,Těmice,78,Jihomoravský Kraj,0.15,0.15,0.1,0.15,0.1
1967,1967,Těšany,78,Jihomoravský Kraj,0.15,0.15,0.1,0.15,0.1
1968,1968,Těšetice,84,Olomoucký Kraj,0.15,0.15,0.1,0.15,0.1
1969,1969,Těškovice,,Moravskoslezsky Kraj,0.15,0.15,0.1,0.15,0.1
1970,1970,Třebařov,86,Pardubický Kraj,0.15,0.15,0.1,0.15,0.1
1971,1971,Třebechovice pod Orebem,82,Královéhradecký Kraj,0.15,0.15,0.1,0.15,0.1
1972,1972,Třebenice,89,Ústecký Kraj,0.15,0.15,0.1,0.15,0.1
1973,1973,Třebestovice,88,Středočeský Kraj,0.15,0.15,0.1,0.15,0.1
1974,1974,Třebichovice,88,Středočeský Kraj,0.15,0.15,0.1,0.15,0.1
1975,1975,Třebotov,88,Středočeský Kraj,0.15,0.15,0.1,0.15,0.1
1976,1976,Třebovice,86,Pardubický Kraj,0.15,0.15,0.1,0.15,0.1
1977,1977,Třeboň,79,Jihočeský Kraj,0.15,0.15,0.1,0.15,0.1
1978,1978,Třebívlice,89,Ústecký Kraj,0.15,0.15,0.1,0.15,0.1
1979,1979,Třebíč,,Kraj Vysocina,0.15,0.15,0.1,0.15,0.1
1980,1980,Třemešná,,Moravskoslezsky Kraj,0.15,0.15,0.1,0.15,0.1
1981,1981,Třemošnice,86,Pardubický Kraj,0.15,0.15,0.1,0.15,0.1
1982,1982,Třemošná,,Plzensky Kraj,0.15,0.15,0.1,0.15,0.1
1983,1983,Třešť,,Kraj Vysocina,0.15,0.15,0.1,0.15,0.1
1984,1984,Tři Dvory,88,Středočeský Kraj,0.15,0.15,0.1,0.15,0.1
1985,1985,Tři Sekery,81,Karlovarský Kraj,0.15,0.15,0.1,0.15,0.1
1986,1986,Třinec,,Moravskoslezsky Kraj,0.15,0.15,0.1,0.15,0.1
1987,1987,Uhelná,84,Olomoucký Kraj,0.15,0.15,0.1,0.15,0.1
1988,1988,Uhelná Příbram,,Kraj Vysocina,0.15,0.15,0.1,0.15,0.1
1989,1989,Uherské Hradiště,90,Zlínský Kraj,0.15,0.15,0.1,0.15,0.1
1990,1990,Uherský Brod,90,Zlínský Kraj,0.15,0.15,0.1,0.15,0.1
1991,1991,Uherský Ostroh,90,Zlínský Kraj,0.15,0.15,0.1,0.15,0.1
1992,1992,Uherčice,78,Jihomoravský Kraj,0.15,0.15,0.1,0.15,0.1
1993,1993,Uhlířské Janovice,88,Středočeský Kraj,0.15,0.15,0.1,0.15,0.1
1994,1994,Uhřice,78,Jihomoravský Kraj,0.15,0.15,0.1,0.15,0.1
1995,1995,Uhřičice,84,Olomoucký Kraj,0.15,0.15,0.1,0.15,0.1
1996,1996,Unhošť,88,Středočeský Kraj,0.15,0.15,0.1,0.15,0.1
1997,1997,Uničov,84,Olomoucký Kraj,0.15,0.15,0.1,0.15,0.1
1998,1998,Unkovice,78,Jihomoravský Kraj,0.15,0.15,0.1,0.15,0.1
1999,1999,Určice,84,Olomoucký Kraj,0.15,0.15,0.1,0.15,0.1
2000,2000,Vacenovice,78,Jihomoravský Kraj,0.15,0.15,0.1,0.15,0.1
2001,2001,Vacov,79,Jihočeský Kraj,0.15,0.15,0.1,0.15,0.1
2002,2002,Valašská Bystřice,90,Zlínský Kraj,0.15,0.15,0.1,0.15,0.1
2003,2003,Valašská Polanka,90,Zlínský Kraj,0.15,0.15,0.1,0.15,0.1
2004,2004,Valašské Klobouky,90,Zlínský Kraj,0.15,0.15,0.1,0.15,0.1
2005,2005,Valašské Meziříčí,90,Zlínský Kraj,0.15,0.15,0.1,0.15,0.1
2006,2006,Valdice,83,Liberecký Kraj,0.15,0.15,0.1,0.15,0.1
2007,2007,Valdice,82,Královéhradecký Kraj,0.15,0.15,0.1,0.15,0.1
2008,2008,Valeč,,Kraj Vysocina,0.15,0.15,0.1,0.15,0.1
2009,2009,Valtice,78,Jihomoravský Kraj,0.15,0.15,0.1,0.15,0.1
2010,2010,Vamberk,82,Královéhradecký Kraj,0.15,0.15,0.1,0.15,0.1
2011,2011,Vanovice,78,Jihomoravský Kraj,0.15,0.15,0.1,0.15,0.1
2012,2012,Varnsdorf,89,Ústecký Kraj,0.15,0.15,0.1,0.15,0.1
2013,2013,Vavřinec,78,Jihomoravský Kraj,0.15,0.15,0.1,0.15,0.1
2014,2014,Vedrovice,78,Jihomoravský Kraj,0.15,0.15,0.1,0.15,0.1
2015,2015,Vejprnice,,Plzensky Kraj,0.15,0.15,0.1,0.15,0.1
2016,2016,Vejprty,89,Ústecký Kraj,0.15,0.15,0.1,0.15,0.1
2017,2017,Velatice,78,Jihomoravský Kraj,0.15,0.15,0.1,0.15,0.1
2018,2018,Velehrad,90,Zlínský Kraj,0.15,0.15,0.1,0.15,0.1
2019,2019,Velemín,89,Ústecký Kraj,0.15,0.15,0.1,0.15,0.1
2020,2020,Veletiny,90,Zlínský Kraj,0.15,0.15,0.1,0.15,0.1
2021,2021,Veleň,88,Středočeský Kraj,0.15,0.15,0.1,0.15,0.1
2022,2022,Velešovice,78,Jihomoravský Kraj,0.15,0.15,0.1,0.15,0.1
2023,2023,Velešín,79,Jihočeský Kraj,0.15,0.15,0.1,0.15,0.1
2024,2024,Velhartice,,Plzensky Kraj,0.15,0.15,0.1,0.15,0.1
2025,2025,Velichov,81,Karlovarský Kraj,0.15,0.15,0.1,0.15,0.1
2026,2026,Velichovky,82,Královéhradecký Kraj,0.15,0.15,0.1,0.15,0.1
2027,2027,Velim,88,Středočeský Kraj,0.15,0.15,0.1,0.15,0.1
2028,2028,Velká Bystřice,84,Olomoucký Kraj,0.15,0.15,0.1,0.15,0.1
2029,2029,Velká Bíteš,,Kraj Vysocina,0.15,0.15,0.1,0.15,0.1
2030,2030,Velká Dobrá,88,Středočeský Kraj,0.15,0.15,0.1,0.15,0.1
2031,2031,Velká Hleďsebe,81,Karlovarský Kraj,0.15,0.15,0.1,0.15,0.1
2032,2032,Velká Jesenice,82,Královéhradecký Kraj,0.15,0.15,0.1,0.15,0.1
2033,2033,Velká Kraš,84,Olomoucký Kraj,0.15,0.15,0.1,0.15,0.1
2034,2034,Velká Losenice,,Kraj Vysocina,0.15,0.15,0.1,0.15,0.1
2035,2035,Velká Polom,,Moravskoslezsky Kraj,0.15,0.15,0.1,0.15,0.1
2036,2036,Velká nad Veličkou,78,Jihomoravský Kraj,0.15,0.15,0.1,0.15,0.1
2037,2037,Velké Albrechtice,,Moravskoslezsky Kraj,0.15,0.15,0.1,0.15,0.1
2038,2038,Velké Bílovice,78,Jihomoravský Kraj,0.15,0.15,0.1,0.15,0.1
2039,2039,Velké Březno,89,Ústecký Kraj,0.15,0.15,0.1,0.15,0.1
2040,2040,Velké Chvojno,89,Ústecký Kraj,0.15,0.15,0.1,0.15,0.1
2041,2041,Velké Hamry,83,Liberecký Kraj,0.15,0.15,0.1,0.15,0.1
2042,2042,Velké Heraltice,,Moravskoslezsky Kraj,0.15,0.15,0.1,0.15,0.1
2043,2043,Velké Hoštice,,Moravskoslezsky Kraj,0.15,0.15,0.1,0.15,0.1
2044,2044,Velké Karlovice,90,Zlínský Kraj,0.15,0.15,0.1,0.15,0.1
2045,2045,Velké Kunětice,84,Olomoucký Kraj,0.15,0.15,0.1,0.15,0.1
2046,2046,Velké Losiny,84,Olomoucký Kraj,0.15,0.15,0.1,0.15,0.1
2047,2047,Velké Meziříčí,,Kraj Vysocina,0.15,0.15,0.1,0.15,0.1
2048,2048,Velké Němčice,78,Jihomoravský Kraj,0.15,0.15,0.1,0.15,0.1
2049,2049,Velké Opatovice,78,Jihomoravský Kraj,0.15,0.15,0.1,0.15,0.1
2050,2050,Velké Pavlovice,78,Jihomoravský Kraj,0.15,0.15,0.1,0.15,0.1
2051,2051,Velké Popovice,88,Středočeský Kraj,0.15,0.15,0.1,0.15,0.1
2052,2052,Velké Poříčí,82,Královéhradecký Kraj,0.15,0.15,0.1,0.15,0.1
2053,2053,Velké Přílepy,88,Středočeský Kraj,0.15,0.15,0.1,0.15,0.1
2054,2054,Velké Přítočno,88,Středočeský Kraj,0.15,0.15,0.1,0.15,0.1
2055,2055,Velké Svatoňovice,82,Královéhradecký Kraj,0.15,0.15,0.1,0.15,0.1
2056,2056,Velký Beranov,,Kraj Vysocina,0.15,0.15,0.1,0.15,0.1
2057,2057,Velký Bor,,Plzensky Kraj,0.15,0.15,0.1,0.15,0.1
2058,2058,Velký Borek,88,Středočeský Kraj,0.15,0.15,0.1,0.15,0.1
2059,2059,Velký Osek,88,Středočeský Kraj,0.15,0.15,0.1,0.15,0.1
2060,2060,Velký Ořechov,90,Zlínský Kraj,0.15,0.15,0.1,0.15,0.1
2061,2061,Velký Týnec,84,Olomoucký Kraj,0.15,0.15,0.1,0.15,0.1
2062,2062,Velký Újezd,84,Olomoucký Kraj,0.15,0.15,0.1,0.15,0.1
2063,2063,Velký Šenov,89,Ústecký Kraj,0.15,0.15,0.1,0.15,0.1
2064,2064,Veltruby,88,Středočeský Kraj,0.15,0.15,0.1,0.15,0.1
2065,2065,Veltrusy,88,Středočeský Kraj,0.15,0.15,0.1,0.15,0.1
2066,2066,Velvary,88,Středočeský Kraj,0.15,0.15,0.1,0.15,0.1
2067,2067,Vendolí,86,Pardubický Kraj,0.15,0.15,0.1,0.15,0.1
2068,2068,Vendryně,,Moravskoslezsky Kraj,0.15,0.15,0.1,0.15,0.1
2069,2069,Verměřovice,86,Pardubický Kraj,0.15,0.15,0.1,0.15,0.1
2070,2070,Verneřice,89,Ústecký Kraj,0.15,0.15,0.1,0.15,0.1
2071,2071,Veselá,90,Zlínský Kraj,0.15,0.15,0.1,0.15,0.1
2072,2072,Veselí nad Lužnicí,79,Jihočeský Kraj,0.15,0.15,0.1,0.15,0.1
2073,2073,Veselí nad Moravou,78,Jihomoravský Kraj,0.15,0.15,0.1,0.15,0.1
2074,2074,Veselíčko,84,Olomoucký Kraj,0.15,0.15,0.1,0.15,0.1
2075,2075,Vestec,88,Středočeský Kraj,0.15,0.15,0.1,0.15,0.1
2076,2076,Veverská Bítýška,78,Jihomoravský Kraj,0.15,0.15,0.1,0.15,0.1
2077,2077,Veverské Knínice,78,Jihomoravský Kraj,0.15,0.15,0.1,0.15,0.1
2078,2078,Veřovice,,Moravskoslezsky Kraj,0.15,0.15,0.1,0.15,0.1
2079,2079,Vidnava,84,Olomoucký Kraj,0.15,0.15,0.1,0.15,0.1
2080,2080,Vidče,90,Zlínský Kraj,0.15,0.15,0.1,0.15,0.1
2081,2081,Vigantice,90,Zlínský Kraj,0.15,0.15,0.1,0.15,0.1
2082,2082,Vikýřovice,84,Olomoucký Kraj,0.15,0.15,0.1,0.15,0.1
2083,2083,Vilémov,,Kraj Vysocina,0.15,0.15,0.1,0.15,0.1
2084,2084,Vilémov,89,Ústecký Kraj,0.15,0.15,0.1,0.15,0.1
2085,2085,Vimperk,79,Jihočeský Kraj,0.15,0.15,0.1,0.15,0.1
2086,2086,Vinařice,88,Středočeský Kraj,0.15,0.15,0.1,0.15,0.1
2087,2087,Viničné Šumice,78,Jihomoravský Kraj,0.15,0.15,0.1,0.15,0.1
2088,2088,Vintířov,81,Karlovarský Kraj,0.15,0.15,0.1,0.15,0.1
2089,2089,Vitice,88,Středočeský Kraj,0.15,0.15,0.1,0.15,0.1
2090,2090,Vizovice,90,Zlínský Kraj,0.15,0.15,0.1,0.15,0.1
2091,2091,Višňová,88,Středočeský Kraj,0.15,0.15,0.1,0.15,0.1
2092,2092,Višňové,78,Jihomoravský Kraj,0.15,0.15,0.1,0.15,0.1
2093,2093,Vlachovice,90,Zlínský Kraj,0.15,0.15,0.1,0.15,0.1
2094,2094,Vlachovo Březí,79,Jihočeský Kraj,0.15,0.15,0.1,0.15,0.1
2095,2095,Vladislav,,Kraj Vysocina,0.15,0.15,0.1,0.15,0.1
2096,2096,Vlasatice,78,Jihomoravský Kraj,0.15,0.15,0.1,0.15,0.1
2097,2097,Vlastějovice,88,Středočeský Kraj,0.15,0.15,0.1,0.15,0.1
2098,2098,Vlašim,88,Středočeský Kraj,0.15,0.15,0.1,0.15,0.1
2099,2099,Vlkaneč,88,Středočeský Kraj,0.15,0.15,0.1,0.15,0.1
2100,2100,Vlkoš,78,Jihomoravský Kraj,0.15,0.15,0.1,0.15,0.1
2101,2101,Vlkoš,84,Olomoucký Kraj,0.15,0.15,0.1,0.15,0.1
2102,2102,Vlčnov,90,Zlínský Kraj,0.15,0.15,0.1,0.15,0.1
2103,2103,Vlčnov,,Moravskoslezsky Kraj,0.15,0.15,0.1,0.15,0.1
2104,2104,Vnorovy,78,Jihomoravský Kraj,0.15,0.15,0.1,0.15,0.1
2105,2105,Vochov,,Plzensky Kraj,0.15,0.15,0.1,0.15,0.1
2106,2106,Voděrady,82,Královéhradecký Kraj,0.15,0.15,0.1,0.15,0.1
2107,2107,Vodňany,79,Jihočeský Kraj,0.15,0.15,0.1,0.15,0.1
2108,2108,Vojkovice,,Moravskoslezsky Kraj,0.15,0.15,0.1,0.15,0.1
2109,2109,Vojkovice,81,Karlovarský Kraj,0.15,0.15,0.1,0.15,0.1
2110,2110,Vojkovice,88,Středočeský Kraj,0.15,0.15,0.1,0.15,0.1
2111,2111,Vojkovice,78,Jihomoravský Kraj,0.15,0.15,0.1,0.15,0.1
2112,2112,Vojnův Městec,,Kraj Vysocina,0.15,0.15,0.1,0.15,0.1
2113,2113,Volary,79,Jihočeský Kraj,0.15,0.15,0.1,0.15,0.1
2114,2114,Volduchy,,Plzensky Kraj,0.15,0.15,0.1,0.15,0.1
2115,2115,Volenice,79,Jihočeský Kraj,0.15,0.15,0.1,0.15,0.1
2116,2116,Volfartice,83,Liberecký Kraj,0.15,0.15,0.1,0.15,0.1
2117,2117,Volfířov,79,Jihočeský Kraj,0.15,0.15,0.1,0.15,0.1
2118,2118,Volyně,79,Jihočeský Kraj,0.15,0.15,0.1,0.15,0.1
2119,2119,Votice,88,Středočeský Kraj,0.15,0.15,0.1,0.15,0.1
2120,2120,Vraclav,86,Pardubický Kraj,0.15,0.15,0.1,0.15,0.1
2121,2121,Vracov,78,Jihomoravský Kraj,0.15,0.15,0.1,0.15,0.1
2122,2122,Vranov,78,Jihomoravský Kraj,0.15,0.15,0.1,0.15,0.1
2123,2123,Vranov nad Dyjí,78,Jihomoravský Kraj,0.15,0.15,0.1,0.15,0.1
2124,2124,Vranovice,78,Jihomoravský Kraj,0.15,0.15,0.1,0.15,0.1
2125,2125,Vrané nad Vltavou,88,Středočeský Kraj,0.15,0.15,0.1,0.15,0.1
2126,2126,Vraný,88,Středočeský Kraj,0.15,0.15,0.1,0.15,0.1
2127,2127,Vratimov,,Moravskoslezsky Kraj,0.15,0.15,0.1,0.15,0.1
2128,2128,Vraňany,88,Středočeský Kraj,0.15,0.15,0.1,0.15,0.1
2129,2129,Vrbice,78,Jihomoravský Kraj,0.15,0.15,0.1,0.15,0.1
2130,2130,Vrbice,,Moravskoslezsky Kraj,0.15,0.15,0.1,0.15,0.1
2131,2131,Vrbno pod Pradědem,,Moravskoslezsky Kraj,0.15,0.15,0.1,0.15,0.1
2132,2132,Vrbovec,78,Jihomoravský Kraj,0.15,0.15,0.1,0.15,0.1
2133,2133,Vrbátky,84,Olomoucký Kraj,0.15,0.15,0.1,0.15,0.1
2134,2134,Vrchlabí,82,Královéhradecký Kraj,0.15,0.15,0.1,0.15,0.1
2135,2135,Vrchoslav,89,Ústecký Kraj,0.15,0.15,0.1,0.15,0.1
2136,2136,Vrchoslavice,84,Olomoucký Kraj,0.15,0.15,0.1,0.15,0.1
2137,2137,Vrchotovy Janovice,88,Středočeský Kraj,0.15,0.15,0.1,0.15,0.1
2138,2138,Vrdy,88,Středočeský Kraj,0.15,0.15,0.1,0.15,0.1
2139,2139,Vrhaveč,,Plzensky Kraj,0.15,0.15,0.1,0.15,0.1
2140,2140,Vroutek,89,Ústecký Kraj,0.15,0.15,0.1,0.15,0.1
2141,2141,Vráž,88,Středočeský Kraj,0.15,0.15,0.1,0.15,0.1
2142,2142,Vsetín,90,Zlínský Kraj,0.15,0.15,0.1,0.15,0.1
2143,2143,Vyskytná,,Kraj Vysocina,0.15,0.15,0.1,0.15,0.1
2144,2144,Vyskytná nad Jihlavou,,Kraj Vysocina,0.15,0.15,0.1,0.15,0.1
2145,2145,Vysoká,88,Středočeský Kraj,0.15,0.15,0.1,0.15,0.1
2146,2146,Vysoká Pec,89,Ústecký Kraj,0.15,0.15,0.1,0.15,0.1
2147,2147,Vysoká nad Labem,82,Královéhradecký Kraj,0.15,0.15,0.1,0.15,0.1
2148,2148,Vysoké Mýto,86,Pardubický Kraj,0.15,0.15,0.1,0.15,0.1
2149,2149,Vysoké Pole,90,Zlínský Kraj,0.15,0.15,0.1,0.15,0.1
2150,2150,Vysoké Popovice,78,Jihomoravský Kraj,0.15,0.15,0.1,0.15,0.1
2151,2151,Vysoké Veselí,82,Královéhradecký Kraj,0.15,0.15,0.1,0.15,0.1
2152,2152,Vysoké nad Jizerou,83,Liberecký Kraj,0.15,0.15,0.1,0.15,0.1
2153,2153,Vysoký Chlumec,88,Středočeský Kraj,0.15,0.15,0.1,0.15,0.1
2154,2154,Vysoký Újezd,88,Středočeský Kraj,0.15,0.15,0.1,0.15,0.1
2155,2155,Vysočany,52,Hlavní Město Praha,0.15,0.15,0.1,0.15,0.1
2156,2156,Vyšehořovice,88,Středočeský Kraj,0.15,0.15,0.1,0.15,0.1
2157,2157,Vyškov,78,Jihomoravský Kraj,0.15,0.15,0.1,0.15,0.1
2158,2158,Vyšní Lhoty,,Moravskoslezsky Kraj,0.15,0.15,0.1,0.15,0.1
2159,2159,Vyšší Brod,79,Jihočeský Kraj,0.15,0.15,0.1,0.15,0.1
2160,2160,Václavovice,,Moravskoslezsky Kraj,0.15,0.15,0.1,0.15,0.1
2161,2161,Vápenná,84,Olomoucký Kraj,0.15,0.15,0.1,0.15,0.1
2162,2162,Vážany nad Litavou,78,Jihomoravský Kraj,0.15,0.15,0.1,0.15,0.1
2163,2163,Vémyslice,78,Jihomoravský Kraj,0.15,0.15,0.1,0.15,0.1
2164,2164,Víchová nad Jizerou,83,Liberecký Kraj,0.15,0.15,0.1,0.15,0.1
2165,2165,Vír,,Kraj Vysocina,0.15,0.15,0.1,0.15,0.1
2166,2166,Vítkov,,Moravskoslezsky Kraj,0.15,0.15,0.1,0.15,0.1
2167,2167,Výprachtice,86,Pardubický Kraj,0.15,0.15,0.1,0.15,0.1
2168,2168,Výčapy,,Kraj Vysocina,0.15,0.15,0.1,0.15,0.1
2169,2169,Včelná,79,Jihočeský Kraj,0.15,0.15,0.1,0.15,0.1
2170,2170,Včelákov,86,Pardubický Kraj,0.15,0.15,0.1,0.15,0.1
2171,2171,Věcov,,Kraj Vysocina,0.15,0.15,0.1,0.15,0.1
2172,2172,Vědomice,89,Ústecký Kraj,0.15,0.15,0.1,0.15,0.1
2173,2173,Věrovany,84,Olomoucký Kraj,0.15,0.15,0.1,0.15,0.1
2174,2174,Věteřov,78,Jihomoravský Kraj,0.15,0.15,0.1,0.15,0.1
2175,2175,Větrný Jeníkov,,Kraj Vysocina,0.15,0.15,0.1,0.15,0.1
2176,2176,Větřkovice,,Moravskoslezsky Kraj,0.15,0.15,0.1,0.15,0.1
2177,2177,Větřní,79,Jihočeský Kraj,0.15,0.15,0.1,0.15,0.1
2178,2178,Věšín,88,Středočeský Kraj,0.15,0.15,0.1,0.15,0.1
2179,2179,Věž,,Kraj Vysocina,0.15,0.15,0.1,0.15,0.1
2180,2180,Vřesina,,Moravskoslezsky Kraj,0.15,0.15,0.1,0.15,0.1
2181,2181,Vřesovice,78,Jihomoravský Kraj,0.15,0.15,0.1,0.15,0.1
2182,2182,Vřesová,81,Karlovarský Kraj,0.15,0.15,0.1,0.15,0.1
2183,2183,Všechlapy,88,Středočeský Kraj,0.15,0.15,0.1,0.15,0.1
2184,2184,Všechovice,84,Olomoucký Kraj,0.15,0.15,0.1,0.15,0.1
2185,2185,Všejany,88,Středočeský Kraj,0.15,0.15,0.1,0.15,0.1
2186,2186,Všelibice,83,Liberecký Kraj,0.15,0.15,0.1,0.15,0.1
2187,2187,Všemina,90,Zlínský Kraj,0.15,0.15,0.1,0.15,0.1
2188,2188,Všemyslice,79,Jihočeský Kraj,0.15,0.15,0.1,0.15,0.1
2189,2189,Všenory,88,Středočeský Kraj,0.15,0.15,0.1,0.15,0.1
2190,2190,Všeruby,,Plzensky Kraj,0.15,0.15,0.1,0.15,0.1
2191,2191,Všestary,82,Královéhradecký Kraj,0.15,0.15,0.1,0.15,0.1
2192,2192,Všetaty,88,Středočeský Kraj,0.15,0.15,0.1,0.15,0.1
2193,2193,Zabrušany,89,Ústecký Kraj,0.15,0.15,0.1,0.15,0.1
2194,2194,Zadní Mostek,82,Královéhradecký Kraj,0.15,0.15,0.1,0.15,0.1
2195,2195,Zadní Třebaň,88,Středočeský Kraj,0.15,0.15,0.1,0.15,0.1
2196,2196,Zahořany,,Plzensky Kraj,0.15,0.15,0.1,0.15,0.1
2197,2197,Zahrádky,83,Liberecký Kraj,0.15,0.15,0.1,0.15,0.1
2198,2198,Zaječice,86,Pardubický Kraj,0.15,0.15,0.1,0.15,0.1
2199,2199,Zaječov,88,Středočeský Kraj,0.15,0.15,0.1,0.15,0.1
2200,2200,Zaječí,78,Jihomoravský Kraj,0.15,0.15,0.1,0.15,0.1
2201,2201,Zakřany,78,Jihomoravský Kraj,0.15,0.15,0.1,0.15,0.1
2202,2202,Zastávka,78,Jihomoravský Kraj,0.15,0.15,0.1,0.15,0.1
2203,2203,Zašová,90,Zlínský Kraj,0.15,0.15,0.1,0.15,0.1
2204,2204,Zbiroh,,Plzensky Kraj,0.15,0.15,0.1,0.15,0.1
2205,2205,Zborovice,90,Zlínský Kraj,0.15,0.15,0.1,0.15,0.1
2206,2206,Zbraslav,78,Jihomoravský Kraj,0.15,0.15,0.1,0.15,0.1
2207,2207,Zbraslavice,88,Středočeský Kraj,0.15,0.15,0.1,0.15,0.1
2208,2208,Zbuzany,88,Středočeský Kraj,0.15,0.15,0.1,0.15,0.1
2209,2209,Zbyslavice,,Moravskoslezsky Kraj,0.15,0.15,0.1,0.15,0.1
2210,2210,Zbýšov,88,Středočeský Kraj,0.15,0.15,0.1,0.15,0.1
2211,2211,Zbýšov,78,Jihomoravský Kraj,0.15,0.15,0.1,0.15,0.1
2212,2212,Zbůch,,Plzensky Kraj,0.15,0.15,0.1,0.15,0.1
2213,2213,Zdechovice,86,Pardubický Kraj,0.15,0.15,0.1,0.15,0.1
2214,2214,Zdemyslice,,Plzensky Kraj,0.15,0.15,0.1,0.15,0.1
2215,2215,Zdiby,88,Středočeský Kraj,0.15,0.15,0.1,0.15,0.1
2216,2216,Zdice,88,Středočeský Kraj,0.15,0.15,0.1,0.15,0.1
2217,2217,Zdislavice,88,Středočeský Kraj,0.15,0.15,0.1,0.15,0.1
2218,2218,Zdounky,90,Zlínský Kraj,0.15,0.15,0.1,0.15,0.1
2219,2219,Zdíkov,79,Jihočeský Kraj,0.15,0.15,0.1,0.15,0.1
2220,2220,Zděchov,90,Zlínský Kraj,0.15,0.15,0.1,0.15,0.1
2221,2221,Zeleneč,88,Středočeský Kraj,0.15,0.15,0.1,0.15,0.1
2222,2222,Zlatá Koruna,79,Jihočeský Kraj,0.15,0.15,0.1,0.15,0.1
2223,2223,Zlatá Olešnice,83,Liberecký Kraj,0.15,0.15,0.1,0.15,0.1
2224,2224,Zlaté Hory,84,Olomoucký Kraj,0.15,0.15,0.1,0.15,0.1
2225,2225,Zlechov,90,Zlínský Kraj,0.15,0.15,0.1,0.15,0.1
2226,2226,Zliv,79,Jihočeský Kraj,0.15,0.15,0.1,0.15,0.1
2227,2227,Zlobice,90,Zlínský Kraj,0.15,0.15,0.1,0.15,0.1
2228,2228,Zlonice,88,Středočeský Kraj,0.15,0.15,0.1,0.15,0.1
2229,2229,Zlín,90,Zlínský Kraj,0.15,0.15,0.1,0.15,0.1
2230,2230,Znojmo,78,Jihomoravský Kraj,0.15,0.15,0.1,0.15,0.1
2231,2231,Zruč nad Sázavou,88,Středočeský Kraj,0.15,0.15,0.1,0.15,0.1
2232,2232,Zubří,90,Zlínský Kraj,0.15,0.15,0.1,0.15,0.1
2233,2233,Zvole,,Kraj Vysocina,0.15,0.15,0.1,0.15,0.1
2234,2234,Zvole,84,Olomoucký Kraj,0.15,0.15,0.1,0.15,0.1
2235,2235,Zvole,88,Středočeský Kraj,0.15,0.15,0.1,0.15,0.1
2236,2236,Zvoleněves,88,Středočeský Kraj,0.15,0.15,0.1,0.15,0.1
2237,2237,Záboří,88,Středočeský Kraj,0.15,0.15,0.1,0.15,0.1
2238,2238,Zábřeh,84,Olomoucký Kraj,0.15,0.15,0.1,0.15,0.1
2239,2239,Záchlumí,86,Pardubický Kraj,0.15,0.15,0.1,0.15,0.1
2240,2240,Záhorovice,90,Zlínský Kraj,0.15,0.15,0.1,0.15,0.1
2241,2241,Zákolany,88,Středočeský Kraj,0.15,0.15,0.1,0.15,0.1
2242,2242,Zákupy,83,Liberecký Kraj,0.15,0.15,0.1,0.15,0.1
2243,2243,Zámrsk,86,Pardubický Kraj,0.15,0.15,0.1,0.15,0.1
2244,2244,Záměl,82,Královéhradecký Kraj,0.15,0.15,0.1,0.15,0.1
2245,2245,Zápy,88,Středočeský Kraj,0.15,0.15,0.1,0.15,0.1
2246,2246,Záryby,88,Středočeský Kraj,0.15,0.15,0.1,0.15,0.1
2247,2247,Zásada,83,Liberecký Kraj,0.15,0.15,0.1,0.15,0.1
2248,2248,Zásmuky,88,Středočeský Kraj,0.15,0.15,0.1,0.15,0.1
2249,2249,Zátor,,Moravskoslezsky Kraj,0.15,0.15,0.1,0.15,0.1
2250,2250,Závada,,Moravskoslezsky Kraj,0.15,0.15,0.1,0.15,0.1
2251,2251,Závišice,,Moravskoslezsky Kraj,0.15,0.15,0.1,0.15,0.1
2252,2252,Záříčí,90,Zlínský Kraj,0.15,0.15,0.1,0.15,0.1
2253,2253,Údlice,89,Ústecký Kraj,0.15,0.15,0.1,0.15,0.1
2254,2254,Úholičky,88,Středočeský Kraj,0.15,0.15,0.1,0.15,0.1
2255,2255,Úhonice,88,Středočeský Kraj,0.15,0.15,0.1,0.15,0.1
2256,2256,Újezd,90,Zlínský Kraj,0.15,0.15,0.1,0.15,0.1
2257,2257,Újezd,84,Olomoucký Kraj,0.15,0.15,0.1,0.15,0.1
2258,2258,Újezd,88,Středočeský Kraj,0.15,0.15,0.1,0.15,0.1
2259,2259,Újezdeček,89,Ústecký Kraj,0.15,0.15,0.1,0.15,0.1
2260,2260,Únanov,78,Jihomoravský Kraj,0.15,0.15,0.1,0.15,0.1
2261,2261,Únětice,88,Středočeský Kraj,0.15,0.15,0.1,0.15,0.1
2262,2262,Úněšov,,Plzensky Kraj,0.15,0.15,0.1,0.15,0.1
2263,2263,Úpice,82,Královéhradecký Kraj,0.15,0.15,0.1,0.15,0.1
2264,2264,Úsobí,,Kraj Vysocina,0.15,0.15,0.1,0.15,0.1
2265,2265,Úsov,84,Olomoucký Kraj,0.15,0.15,0.1,0.15,0.1
2266,2266,Ústí,90,Zlínský Kraj,0.15,0.15,0.1,0.15,0.1
2267,2267,Ústí,84,Olomoucký Kraj,0.15,0.15,0.1,0.15,0.1
2268,2268,Ústí nad Labem,89,Ústecký Kraj,0.15,0.15,0.1,0.15,0.1
2269,2269,Ústí nad Orlicí,86,Pardubický Kraj,0.15,0.15,0.1,0.15,0.1
2270,2270,Útušice,,Plzensky Kraj,0.15,0.15,0.1,0.15,0.1
2271,2271,Útvina,81,Karlovarský Kraj,0.15,0.15,0.1,0.15,0.1
2272,2272,Úvalno,,Moravskoslezsky Kraj,0.15,0.15,0.1,0.15,0.1
2273,2273,Úvaly,88,Středočeský Kraj,0.15,0.15,0.1,0.15,0.1
2274,2274,Úštěk,89,Ústecký Kraj,0.15,0.15,0.1,0.15,0.1
2275,2275,Úžice,88,Středočeský Kraj,0.15,0.15,0.1,0.15,0.1
2276,2276,Čachovice,88,Středočeský Kraj,0.15,0.15,0.1,0.15,0.1
2277,2277,Čachrov,,Plzensky Kraj,0.15,0.15,0.1,0.15,0.1
2278,2278,Častolovice,82,Královéhradecký Kraj,0.15,0.15,0.1,0.15,0.1
2279,2279,Častrov,,Kraj Vysocina,0.15,0.15,0.1,0.15,0.1
2280,2280,Čebín,78,Jihomoravský Kraj,0.15,0.15,0.1,0.15,0.1
2281,2281,Čechtice,88,Středočeský Kraj,0.15,0.15,0.1,0.15,0.1
2282,2282,Čechy pod Kosířem,84,Olomoucký Kraj,0.15,0.15,0.1,0.15,0.1
2283,2283,Čehovice,84,Olomoucký Kraj,0.15,0.15,0.1,0.15,0.1
2284,2284,Čejetice,79,Jihočeský Kraj,0.15,0.15,0.1,0.15,0.1
2285,2285,Čejkovice,78,Jihomoravský Kraj,0.15,0.15,0.1,0.15,0.1
2286,2286,Čejč,78,Jihomoravský Kraj,0.15,0.15,0.1,0.15,0.1
2287,2287,Čeladná,,Moravskoslezsky Kraj,0.15,0.15,0.1,0.15,0.1
2288,2288,Čelechovice na Hané,84,Olomoucký Kraj,0.15,0.15,0.1,0.15,0.1
2289,2289,Čelákovice,88,Středočeský Kraj,0.15,0.15,0.1,0.15,0.1
2290,2290,Čelčice,84,Olomoucký Kraj,0.15,0.15,0.1,0.15,0.1
2291,2291,Čeperka,86,Pardubický Kraj,0.15,0.15,0.1,0.15,0.1
2292,2292,Černilov,82,Královéhradecký Kraj,0.15,0.15,0.1,0.15,0.1
2293,2293,Černotín,84,Olomoucký Kraj,0.15,0.15,0.1,0.15,0.1
2294,2294,Černovice,,Kraj Vysocina,0.15,0.15,0.1,0.15,0.1
2295,2295,Černošice,88,Středočeský Kraj,0.15,0.15,0.1,0.15,0.1
2296,2296,Černošín,,Plzensky Kraj,0.15,0.15,0.1,0.15,0.1
2297,2297,Černožice,82,Královéhradecký Kraj,0.15,0.15,0.1,0.15,0.1
2298,2298,Černuc,88,Středočeský Kraj,0.15,0.15,0.1,0.15,0.1
2299,2299,Černá Hora,78,Jihomoravský Kraj,0.15,0.15,0.1,0.15,0.1
2300,2300,Černá Voda,84,Olomoucký Kraj,0.15,0.15,0.1,0.15,0.1
2301,2301,Černá v Pošumaví,79,Jihočeský Kraj,0.15,0.15,0.1,0.15,0.1
2302,2302,Černíkovice,82,Královéhradecký Kraj,0.15,0.15,0.1,0.15,0.1
2303,2303,Černý Důl,82,Královéhradecký Kraj,0.15,0.15,0.1,0.15,0.1
2304,2304,Černý Most,52,Hlavní Město Praha,0.15,0.15,0.1,0.15,0.1
2305,2305,Černčice,89,Ústecký Kraj,0.15,0.15,0.1,0.15,0.1
2306,2306,Červenka,84,Olomoucký Kraj,0.15,0.15,0.1,0.15,0.1
2307,2307,Červená Voda,86,Pardubický Kraj,0.15,0.15,0.1,0.15,0.1
2308,2308,Červená Řečice,,Kraj Vysocina,0.15,0.15,0.1,0.15,0.1
2309,2309,Červené Janovice,88,Středočeský Kraj,0.15,0.15,0.1,0.15,0.1
2310,2310,Červené Pečky,88,Středočeský Kraj,0.15,0.15,0.1,0.15,0.1
2311,2311,Červený Kostelec,82,Královéhradecký Kraj,0.15,0.15,0.1,0.15,0.1
2312,2312,Červený Újezd,88,Středočeský Kraj,0.15,0.15,0.1,0.15,0.1
2313,2313,Čerčany,88,Středočeský Kraj,0.15,0.15,0.1,0.15,0.1
2314,2314,Česká,78,Jihomoravský Kraj,0.15,0.15,0.1,0.15,0.1
2315,2315,Česká Bělá,,Kraj Vysocina,0.15,0.15,0.1,0.15,0.1
2316,2316,Česká Kamenice,89,Ústecký Kraj,0.15,0.15,0.1,0.15,0.1
2317,2317,Česká Kubice,,Plzensky Kraj,0.15,0.15,0.1,0.15,0.1
2318,2318,Česká Lípa,83,Liberecký Kraj,0.15,0.15,0.1,0.15,0.1
2319,2319,Česká Skalice,82,Královéhradecký Kraj,0.15,0.15,0.1,0.15,0.1
2320,2320,Česká Třebová,86,Pardubický Kraj,0.15,0.15,0.1,0.15,0.1
2321,2321,Česká Ves,84,Olomoucký Kraj,0.15,0.15,0.1,0.15,0.1
2322,2322,České Budějovice,79,Jihočeský Kraj,0.15,0.15,0.1,0.15,0.1
2323,2323,České Heřmanice,86,Pardubický Kraj,0.15,0.15,0.1,0.15,0.1
2324,2324,České Meziříčí,82,Královéhradecký Kraj,0.15,0.15,0.1,0.15,0.1
2325,2325,České Velenice,79,Jihočeský Kraj,0.15,0.15,0.1,0.15,0.1
2326,2326,Český Brod,88,Středočeský Kraj,0.15,0.15,0.1,0.15,0.1
2327,2327,Český Dub,83,Liberecký Kraj,0.15,0.15,0.1,0.15,0.1
2328,2328,Český Krumlov,79,Jihočeský Kraj,0.15,0.15,0.1,0.15,0.1
2329,2329,Český Rudolec,79,Jihočeský Kraj,0.15,0.15,0.1,0.15,0.1
2330,2330,Český Těšín,,Moravskoslezsky Kraj,0.15,0.15,0.1,0.15,0.1
2331,2331,Čestice,82,Královéhradecký Kraj,0.15,0.15,0.1,0.15,0.1
2332,2332,Čestice,79,Jihočeský Kraj,0.15,0.15,0.1,0.15,0.1
2333,2333,Čečelice,88,Středočeský Kraj,0.15,0.15,0.1,0.15,0.1
2334,2334,Čimelice,79,Jihočeský Kraj,0.15,0.15,0.1,0.15,0.1
2335,2335,Čisovice,88,Středočeský Kraj,0.15,0.15,0.1,0.15,0.1
2336,2336,Čistá,88,Středočeský Kraj,0.15,0.15,0.1,0.15,0.1
2337,2337,Čistá,86,Pardubický Kraj,0.15,0.15,0.1,0.15,0.1
2338,2338,Čkyně,79,Jihočeský Kraj,0.15,0.15,0.1,0.15,0.1
2339,2339,Čáslav,88,Středočeský Kraj,0.15,0.15,0.1,0.15,0.1
2340,2340,Čáslavice,,Kraj Vysocina,0.15,0.15,0.1,0.15,0.1
2341,2341,Číměř,79,Jihočeský Kraj,0.15,0.15,0.1,0.15,0.1
2342,2342,Čížkov,,Plzensky Kraj,0.15,0.15,0.1,0.15,0.1
2343,2343,Čížkovice,89,Ústecký Kraj,0.15,0.15,0.1,0.15,0.1
2344,2344,Čížová,79,Jihočeský Kraj,0.15,0.15,0.1,0.15,0.1
2345,2345,Řehlovice,89,Ústecký Kraj,0.15,0.15,0.1,0.15,0.1
2346,2346,Řenče,,Plzensky Kraj,0.15,0.15,0.1,0.15,0.1
2347,2347,Řepiště,,Moravskoslezsky Kraj,0.15,0.15,0.1,0.15,0.1
2348,2348,Řepov,88,Středočeský Kraj,0.15,0.15,0.1,0.15,0.1
2349,2349,Řepín,88,Středočeský Kraj,0.15,0.15,0.1,0.15,0.1
2350,2350,Řetová,86,Pardubický Kraj,0.15,0.15,0.1,0.15,0.1
2351,2351,Řevnice,88,Středočeský Kraj,0.15,0.15,0.1,0.15,0.1
2352,2352,Řevničov,88,Středočeský Kraj,0.15,0.15,0.1,0.15,0.1
2353,2353,Řečany nad Labem,86,Pardubický Kraj,0.15,0.15,0.1,0.15,0.1
2354,2354,Řež,88,Středočeský Kraj,0.15,0.15,0.1,0.15,0.1
2355,2355,Řitka,88,Středočeský Kraj,0.15,0.15,0.1,0.15,0.1
2356,2356,Řícmanice,78,Jihomoravský Kraj,0.15,0.15,0.1,0.15,0.1
2357,2357,Římov,79,Jihočeský Kraj,0.15,0.15,0.1,0.15,0.1
2358,2358,Říčany,78,Jihomoravský Kraj,0.15,0.15,0.1,0.15,0.1
2359,2359,Říčany,88,Středočeský Kraj,0.15,0.15,0.1,0.15,0.1
2360,2360,Šakvice,78,Jihomoravský Kraj,0.15,0.15,0.1,0.15,0.1
2361,2361,Šanov,78,Jihomoravský Kraj,0.15,0.15,0.1,0.15,0.1
2362,2362,Šanov,90,Zlínský Kraj,0.15,0.15,0.1,0.15,0.1
2363,2363,Šaratice,78,Jihomoravský Kraj,0.15,0.15,0.1,0.15,0.1
2364,2364,Šardice,78,Jihomoravský Kraj,0.15,0.15,0.1,0.15,0.1
2365,2365,Šatov,78,Jihomoravský Kraj,0.15,0.15,0.1,0.15,0.1
2366,2366,Šebetov,78,Jihomoravský Kraj,0.15,0.15,0.1,0.15,0.1
2367,2367,Šemnice,81,Karlovarský Kraj,0.15,0.15,0.1,0.15,0.1
2368,2368,Šenov,,Moravskoslezsky Kraj,0.15,0.15,0.1,0.15,0.1
2369,2369,Šestajovice,88,Středočeský Kraj,0.15,0.15,0.1,0.15,0.1
2370,2370,Ševětín,79,Jihočeský Kraj,0.15,0.15,0.1,0.15,0.1
2371,2371,Šilheřovice,,Moravskoslezsky Kraj,0.15,0.15,0.1,0.15,0.1
2372,2372,Široká Niva,,Moravskoslezsky Kraj,0.15,0.15,0.1,0.15,0.1
2373,2373,Šitbořice,78,Jihomoravský Kraj,0.15,0.15,0.1,0.15,0.1
2374,2374,Škrdlovice,,Kraj Vysocina,0.15,0.15,0.1,0.15,0.1
2375,2375,Škvorec,88,Středočeský Kraj,0.15,0.15,0.1,0.15,0.1
2376,2376,Šlapanice,78,Jihomoravský Kraj,0.15,0.15,0.1,0.15,0.1
2377,2377,Šlapanov,,Kraj Vysocina,0.15,0.15,0.1,0.15,0.1
2378,2378,Šluknov,89,Ústecký Kraj,0.15,0.15,0.1,0.15,0.1
2379,2379,Šošůvka,78,Jihomoravský Kraj,0.15,0.15,0.1,0.15,0.1
2380,2380,Špindlerův Mlýn,82,Královéhradecký Kraj,0.15,0.15,0.1,0.15,0.1
2381,2381,Štarnov,84,Olomoucký Kraj,0.15,0.15,0.1,0.15,0.1
2382,2382,Šternberk,84,Olomoucký Kraj,0.15,0.15,0.1,0.15,0.1
2383,2383,Štoky,,Kraj Vysocina,0.15,0.15,0.1,0.15,0.1
2384,2384,Štramberk,,Moravskoslezsky Kraj,0.15,0.15,0.1,0.15,0.1
2385,2385,Študlov,90,Zlínský Kraj,0.15,0.15,0.1,0.15,0.1
2386,2386,Štáblovice,,Moravskoslezsky Kraj,0.15,0.15,0.1,0.15,0.1
2387,2387,Štítary,78,Jihomoravský Kraj,0.15,0.15,0.1,0.15,0.1
2388,2388,Štítina,,Moravskoslezsky Kraj,0.15,0.15,0.1,0.15,0.1
2389,2389,Štítná nad Vláří,90,Zlínský Kraj,0.15,0.15,0.1,0.15,0.1
2390,2390,Štíty,84,Olomoucký Kraj,0.15,0.15,0.1,0.15,0.1
2391,2391,Štěchovice,88,Středočeský Kraj,0.15,0.15,0.1,0.15,0.1
2392,2392,Štědrá,81,Karlovarský Kraj,0.15,0.15,0.1,0.15,0.1
2393,2393,Štěkeň,79,Jihočeský Kraj,0.15,0.15,0.1,0.15,0.1
2394,2394,Štěnovice,,Plzensky Kraj,0.15,0.15,0.1,0.15,0.1
2395,2395,Štěpánkovice,,Moravskoslezsky Kraj,0.15,0.15,0.1,0.15,0.1
2396,2396,Štěpánov,84,Olomoucký Kraj,0.15,0.15,0.1,0.15,0.1
2397,2397,Štěpánovice,79,Jihočeský Kraj,0.15,0.15,0.1,0.15,0.1
2398,2398,Štětí,89,Ústecký Kraj,0.15,0.15,0.1,0.15,0.1
2399,2399,Šumice,90,Zlínský Kraj,0.15,0.15,0.1,0.15,0.1
2400,2400,Šumná,78,Jihomoravský Kraj,0.15,0.15,0.1,0.15,0.1
2401,2401,Šumperk,84,Olomoucký Kraj,0.15,0.15,0.1,0.15,0.1
2402,2402,Švihov,,Plzensky Kraj,0.15,0.15,0.1,0.15,0.1
2403,2403,Švábenice,78,Jihomoravský Kraj,0.15,0.15,0.1,0.15,0.1
2404,2404,Šťáhlavy,,Plzensky Kraj,0.15,0.15,0.1,0.15,0.1
2405,2405,Žabeň,,Moravskoslezsky Kraj,0.15,0.15,0.1,0.15,0.1
2406,2406,Žabčice,78,Jihomoravský Kraj,0.15,0.15,0.1,0.15,0.1
2407,2407,Žacléř,82,Královéhradecký Kraj,0.15,0.15,0.1,0.15,0.1
2408,2408,Žalhostice,89,Ústecký Kraj,0.15,0.15,0.1,0.15,0.1
2409,2409,Žalkovice,90,Zlínský Kraj,0.15,0.15,0.1,0.15,0.1
2410,2410,Žamberk,86,Pardubický Kraj,0.15,0.15,0.1,0.15,0.1
2411,2411,Žandov,83,Liberecký Kraj,0.15,0.15,0.1,0.15,0.1
2412,2412,Žarošice,78,Jihomoravský Kraj,0.15,0.15,0.1,0.15,0.1
2413,2413,Žatec,89,Ústecký Kraj,0.15,0.15,0.1,0.15,0.1
2414,2414,Žatčany,78,Jihomoravský Kraj,0.15,0.15,0.1,0.15,0.1
2415,2415,Ždánice,78,Jihomoravský Kraj,0.15,0.15,0.1,0.15,0.1
2416,2416,Žebrák,88,Středočeský Kraj,0.15,0.15,0.1,0.15,0.1
2417,2417,Žehušice,88,Středočeský Kraj,0.15,0.15,0.1,0.15,0.1
2418,2418,Želatovice,84,Olomoucký Kraj,0.15,0.15,0.1,0.15,0.1
2419,2419,Želetava,,Kraj Vysocina,0.15,0.15,0.1,0.15,0.1
2420,2420,Želetice,78,Jihomoravský Kraj,0.15,0.15,0.1,0.15,0.1
2421,2421,Železnice,82,Královéhradecký Kraj,0.15,0.15,0.1,0.15,0.1
2422,2422,Železná Ruda,,Plzensky Kraj,0.15,0.15,0.1,0.15,0.1
2423,2423,Železný Brod,83,Liberecký Kraj,0.15,0.15,0.1,0.15,0.1
2424,2424,Želeč,79,Jihočeský Kraj,0.15,0.15,0.1,0.15,0.1
2425,2425,Želeč,84,Olomoucký Kraj,0.15,0.15,0.1,0.15,0.1
2426,2426,Želešice,78,Jihomoravský Kraj,0.15,0.15,0.1,0.15,0.1
2427,2427,Želiv,,Kraj Vysocina,0.15,0.15,0.1,0.15,0.1
2428,2428,Ženklava,,Moravskoslezsky Kraj,0.15,0.15,0.1,0.15,0.1
2429,2429,Žeranovice,90,Zlínský Kraj,0.15,0.15,0.1,0.15,0.1
2430,2430,Žeravice,78,Jihomoravský Kraj,0.15,0.15,0.1,0.15,0.1
2431,2431,Žichlínek,86,Pardubický Kraj,0.15,0.15,0.1,0.15,0.1
2432,2432,Žichovice,,Plzensky Kraj,0.15,0.15,0.1,0.15,0.1
2433,2433,Židlochovice,78,Jihomoravský Kraj,0.15,0.15,0.1,0.15,0.1
2434,2434,Žihle,,Plzensky Kraj,0.15,0.15,0.1,0.15,0.1
2435,2435,Žihobce,,Plzensky Kraj,0.15,0.15,0.1,0.15,0.1
2436,2436,Žilina,88,Středočeský Kraj,0.15,0.15,0.1,0.15,0.1
2437,2437,Žimutice,79,Jihočeský Kraj,0.15,0.15,0.1,0.15,0.1
2438,2438,Žinkovy,,Plzensky Kraj,0.15,0.15,0.1,0.15,0.1
2439,2439,Žirovnice,,Kraj Vysocina,0.15,0.15,0.1,0.15,0.1
2440,2440,Žitenice,89,Ústecký Kraj,0.15,0.15,0.1,0.15,0.1
2441,2441,Živanice,86,Pardubický Kraj,0.15,0.15,0.1,0.15,0.1
2442,2442,Žiželice,88,Středočeský Kraj,0.15,0.15,0.1,0.15,0.1
2443,2443,Žižice,88,Středočeský Kraj,0.15,0.15,0.1,0.15,0.1
2444,2444,Žleby,88,Středočeský Kraj,0.15,0.15,0.1,0.15,0.1
2445,2445,Žlutava,90,Zlínský Kraj,0.15,0.15,0.1,0.15,0.1
2446,2446,Žlutice,81,Karlovarský Kraj,0.15,0.15,0.1,0.15,0.1
2447,2447,Žulová,84,Olomoucký Kraj,0.15,0.15,0.1,0.15,0.1
2448,2448,Žďár,88,Středočeský Kraj,0.15,0.15,0.1,0.15,0.1
2449,2449,Žďár nad Sázavou,,Kraj Vysocina,0.15,0.15,0.1,0.15,0.1
2450,2450,Žďárky,82,Královéhradecký Kraj,0.15,0.15,0.1,0.15,0.1
2451,2451,Žďárná,78,Jihomoravský Kraj,0.15,0.15,0.1,0.15,0.1
