FIPS_CODE,COUNTY_CODE,COUNTY,ST,STATE,FOOD_INSECURITY,SEVERE_HOUSING_COST_BURDEN,UNEMPLOYED,NO_VEHICLE_ACCESS,UNINSURED
0,0,Abano Terme,20,Veneto,0.15,0.15,0.1,0.15,0.1
1,1,Abbadia,10,Marche,0.15,0.15,0.1,0.15,0.1
2,2,Abbadia Cerreto,09,Lombardia,0.15,0.15,0.1,0.15,0.1
3,3,Abbadia Lariana,09,Lombardia,0.15,0.15,0.1,0.15,0.1
4,4,Abbadia San Salvatore,16,Toscana,0.15,0.15,0.1,0.15,0.1
5,5,Abbasanta,,Autonoma Della Sardegna,0.15,0.15,0.1,0.15,0.1
6,6,Abbateggio,01,Abruzzi,0.15,0.15,0.1,0.15,0.1
7,7,Abbazia,09,Lombardia,0.15,0.15,0.1,0.15,0.1
8,8,Abbazia Pisani,20,Veneto,0.15,0.15,0.1,0.15,0.1
9,9,Abbiategrasso,09,Lombardia,0.15,0.15,0.1,0.15,0.1
10,10,Abetone,16,Toscana,0.15,0.15,0.1,0.15,0.1
11,11,Abriola,02,Basilicata,0.15,0.15,0.1,0.15,0.1
12,12,Acate,,Autonoma Siciliana,0.15,0.15,0.1,0.15,0.1
13,13,Accadia,13,Puglia,0.15,0.15,0.1,0.15,0.1
14,14,Acceglio,12,Piemonte,0.15,0.15,0.1,0.15,0.1
15,15,Accettura,02,Basilicata,0.15,0.15,0.1,0.15,0.1
16,16,Acciano,01,Abruzzi,0.15,0.15,0.1,0.15,0.1
17,17,Acciaroli,04,Campania,0.15,0.15,0.1,0.15,0.1
18,18,Acconia,03,Calabria,0.15,0.15,0.1,0.15,0.1
19,19,Accumoli,07,Lazio,0.15,0.15,0.1,0.15,0.1
20,20,Acerenza,02,Basilicata,0.15,0.15,0.1,0.15,0.1
21,21,Acerno,04,Campania,0.15,0.15,0.1,0.15,0.1
22,22,Acerra,04,Campania,0.15,0.15,0.1,0.15,0.1
23,23,Aci Bonaccorsi,,Autonoma Siciliana,0.15,0.15,0.1,0.15,0.1
24,24,Aci Castello,,Autonoma Siciliana,0.15,0.15,0.1,0.15,0.1
25,25,Aci Catena,,Autonoma Siciliana,0.15,0.15,0.1,0.15,0.1
26,26,Aci Sant'Antonio,,Autonoma Siciliana,0.15,0.15,0.1,0.15,0.1
27,27,Aci Trezza,,Autonoma Siciliana,0.15,0.15,0.1,0.15,0.1
28,28,Acireale,,Autonoma Siciliana,0.15,0.15,0.1,0.15,0.1
29,29,Acquaficara,,Autonoma Siciliana,0.15,0.15,0.1,0.15,0.1
30,30,Acquafondata,07,Lazio,0.15,0.15,0.1,0.15,0.1
31,31,Acquaformosa,03,Calabria,0.15,0.15,0.1,0.15,0.1
32,32,Acquafredda,09,Lombardia,0.15,0.15,0.1,0.15,0.1
33,33,Acqualagna,10,Marche,0.15,0.15,0.1,0.15,0.1
34,34,Acquanegra Cremonese,09,Lombardia,0.15,0.15,0.1,0.15,0.1
35,35,Acquapendente,07,Lazio,0.15,0.15,0.1,0.15,0.1
36,36,Acquappesa,03,Calabria,0.15,0.15,0.1,0.15,0.1
37,37,Acquarica,13,Puglia,0.15,0.15,0.1,0.15,0.1
38,38,Acquaro,03,Calabria,0.15,0.15,0.1,0.15,0.1
39,39,Acquarola,04,Campania,0.15,0.15,0.1,0.15,0.1
40,40,Acquasanta Terme,10,Marche,0.15,0.15,0.1,0.15,0.1
41,41,Acquasparta,18,Umbria,0.15,0.15,0.1,0.15,0.1
42,42,Acquavella,04,Campania,0.15,0.15,0.1,0.15,0.1
43,43,Acquavena,04,Campania,0.15,0.15,0.1,0.15,0.1
44,44,Acquaviva,16,Toscana,0.15,0.15,0.1,0.15,0.1
45,45,Acquaviva,07,Lazio,0.15,0.15,0.1,0.15,0.1
46,46,Acquaviva Collecroce,11,Molise,0.15,0.15,0.1,0.15,0.1
47,47,Acquaviva Picena,10,Marche,0.15,0.15,0.1,0.15,0.1
48,48,Acquaviva Platani,,Autonoma Siciliana,0.15,0.15,0.1,0.15,0.1
49,49,Acquedolci,,Autonoma Siciliana,0.15,0.15,0.1,0.15,0.1
50,50,Acqui Terme,12,Piemonte,0.15,0.15,0.1,0.15,0.1
51,51,Acri,03,Calabria,0.15,0.15,0.1,0.15,0.1
52,52,Acuto,07,Lazio,0.15,0.15,0.1,0.15,0.1
53,53,Adelfia,13,Puglia,0.15,0.15,0.1,0.15,0.1
54,54,Adrano,,Autonoma Siciliana,0.15,0.15,0.1,0.15,0.1
55,55,Adrara San Martino,09,Lombardia,0.15,0.15,0.1,0.15,0.1
56,56,Adrara San Rocco,09,Lombardia,0.15,0.15,0.1,0.15,0.1
57,57,Adria,20,Veneto,0.15,0.15,0.1,0.15,0.1
58,58,Adro,09,Lombardia,0.15,0.15,0.1,0.15,0.1
59,59,Affi,20,Veneto,0.15,0.15,0.1,0.15,0.1
60,60,Affile,07,Lazio,0.15,0.15,0.1,0.15,0.1
61,61,Afragola,04,Campania,0.15,0.15,0.1,0.15,0.1
62,62,Agazzano,,Emilia-romagna",0.15,0.15,0.1,0.15,0.1
63,63,Agello,18,Umbria,0.15,0.15,0.1,0.15,0.1
64,64,Agerola,04,Campania,0.15,0.15,0.1,0.15,0.1
65,65,Aggius,,Autonoma Della Sardegna,0.15,0.15,0.1,0.15,0.1
66,66,Agira,,Autonoma Siciliana,0.15,0.15,0.1,0.15,0.1
67,67,Agliana,16,Toscana,0.15,0.15,0.1,0.15,0.1
68,68,Agliano,12,Piemonte,0.15,0.15,0.1,0.15,0.1
69,69,Agliano Terme,12,Piemonte,0.15,0.15,0.1,0.15,0.1
70,70,Agliate,09,Lombardia,0.15,0.15,0.1,0.15,0.1
71,71,Aglie,12,Piemonte,0.15,0.15,0.1,0.15,0.1
72,72,Aglientu,,Autonoma Della Sardegna,0.15,0.15,0.1,0.15,0.1
73,73,Agna,20,Veneto,0.15,0.15,0.1,0.15,0.1
74,74,Agnadello,09,Lombardia,0.15,0.15,0.1,0.15,0.1
75,75,Agnana Calabra,03,Calabria,0.15,0.15,0.1,0.15,0.1
76,76,Agnone,04,Campania,0.15,0.15,0.1,0.15,0.1
77,77,Agnone,11,Molise,0.15,0.15,0.1,0.15,0.1
78,78,Agnosine,09,Lombardia,0.15,0.15,0.1,0.15,0.1
79,79,Agordo,20,Veneto,0.15,0.15,0.1,0.15,0.1
80,80,Agosta,07,Lazio,0.15,0.15,0.1,0.15,0.1
81,81,Agra,09,Lombardia,0.15,0.15,0.1,0.15,0.1
82,82,Agrano,12,Piemonte,0.15,0.15,0.1,0.15,0.1
83,83,Agrate,12,Piemonte,0.15,0.15,0.1,0.15,0.1
84,84,Agrate Brianza,09,Lombardia,0.15,0.15,0.1,0.15,0.1
85,85,Agrate Conturbia,12,Piemonte,0.15,0.15,0.1,0.15,0.1
86,86,Agrigento,,Autonoma Siciliana,0.15,0.15,0.1,0.15,0.1
87,87,Agropoli,04,Campania,0.15,0.15,0.1,0.15,0.1
88,88,Agugliano,10,Marche,0.15,0.15,0.1,0.15,0.1
89,89,Agugliaro,20,Veneto,0.15,0.15,0.1,0.15,0.1
90,90,Aicurzio,09,Lombardia,0.15,0.15,0.1,0.15,0.1
91,91,Aidomaggiore,,Autonoma Della Sardegna,0.15,0.15,0.1,0.15,0.1
92,92,Aidone,,Autonoma Siciliana,0.15,0.15,0.1,0.15,0.1
93,93,Aielli,01,Abruzzi,0.15,0.15,0.1,0.15,0.1
94,94,Aielli Stazione,01,Abruzzi,0.15,0.15,0.1,0.15,0.1
95,95,Aiello Calabro,03,Calabria,0.15,0.15,0.1,0.15,0.1
96,96,Aieta,03,Calabria,0.15,0.15,0.1,0.15,0.1
97,97,Ailano,04,Campania,0.15,0.15,0.1,0.15,0.1
98,98,Ailoche,12,Piemonte,0.15,0.15,0.1,0.15,0.1
99,99,Airali,12,Piemonte,0.15,0.15,0.1,0.15,0.1
100,100,Airasca,12,Piemonte,0.15,0.15,0.1,0.15,0.1
101,101,Airola,04,Campania,0.15,0.15,0.1,0.15,0.1
102,102,Airole,,Liguria",0.15,0.15,0.1,0.15,0.1
103,103,Airuno,09,Lombardia,0.15,0.15,0.1,0.15,0.1
104,104,Aisone,12,Piemonte,0.15,0.15,0.1,0.15,0.1
105,105,Ala,17,Trentino-alto Adige,0.15,0.15,0.1,0.15,0.1
106,106,Alagna,09,Lombardia,0.15,0.15,0.1,0.15,0.1
107,107,Alagna Valsesia,12,Piemonte,0.15,0.15,0.1,0.15,0.1
108,108,Alanno,01,Abruzzi,0.15,0.15,0.1,0.15,0.1
109,109,Alano,04,Campania,0.15,0.15,0.1,0.15,0.1
110,110,Alassio,,Liguria",0.15,0.15,0.1,0.15,0.1
111,111,Alatri,07,Lazio,0.15,0.15,0.1,0.15,0.1
112,112,Alba,12,Piemonte,0.15,0.15,0.1,0.15,0.1
113,113,Alba Adriatica,01,Abruzzi,0.15,0.15,0.1,0.15,0.1
114,114,Albagiara,,Autonoma Della Sardegna,0.15,0.15,0.1,0.15,0.1
115,115,Albairate,09,Lombardia,0.15,0.15,0.1,0.15,0.1
116,116,Albanella,04,Campania,0.15,0.15,0.1,0.15,0.1
117,117,Albano Laziale,07,Lazio,0.15,0.15,0.1,0.15,0.1
118,118,Albano Sant'Alessandro,09,Lombardia,0.15,0.15,0.1,0.15,0.1
119,119,Albano Vercellese,12,Piemonte,0.15,0.15,0.1,0.15,0.1
120,120,Albaredo,09,Lombardia,0.15,0.15,0.1,0.15,0.1
121,121,Albaredo,20,Veneto,0.15,0.15,0.1,0.15,0.1
122,122,Albaredo Arnaboldi,09,Lombardia,0.15,0.15,0.1,0.15,0.1
123,123,Albareto,,Emilia-romagna",0.15,0.15,0.1,0.15,0.1
124,124,Albaro,20,Veneto,0.15,0.15,0.1,0.15,0.1
125,125,Albavilla,09,Lombardia,0.15,0.15,0.1,0.15,0.1
126,126,Albenga,,Liguria",0.15,0.15,0.1,0.15,0.1
127,127,Albera Ligure,12,Piemonte,0.15,0.15,0.1,0.15,0.1
128,128,Alberi,,Emilia-romagna",0.15,0.15,0.1,0.15,0.1
129,129,Alberobello,13,Puglia,0.15,0.15,0.1,0.15,0.1
130,130,Alberona,13,Puglia,0.15,0.15,0.1,0.15,0.1
131,131,Alberone,,Emilia-romagna",0.15,0.15,0.1,0.15,0.1
132,132,Alberone,20,Veneto,0.15,0.15,0.1,0.15,0.1
133,133,Alberoni,20,Veneto,0.15,0.15,0.1,0.15,0.1
134,134,Alberoro,16,Toscana,0.15,0.15,0.1,0.15,0.1
135,135,Albes,17,Trentino-alto Adige,0.15,0.15,0.1,0.15,0.1
136,136,Albese Con Cassano,09,Lombardia,0.15,0.15,0.1,0.15,0.1
137,137,Albettone,20,Veneto,0.15,0.15,0.1,0.15,0.1
138,138,Albi,03,Calabria,0.15,0.15,0.1,0.15,0.1
139,139,Albiano,17,Trentino-alto Adige,0.15,0.15,0.1,0.15,0.1
140,140,Albiano Magra,16,Toscana,0.15,0.15,0.1,0.15,0.1
141,141,Albiate,09,Lombardia,0.15,0.15,0.1,0.15,0.1
142,142,Albidona,03,Calabria,0.15,0.15,0.1,0.15,0.1
143,143,Albignano,09,Lombardia,0.15,0.15,0.1,0.15,0.1
144,144,Albignasego,20,Veneto,0.15,0.15,0.1,0.15,0.1
145,145,Albina,20,Veneto,0.15,0.15,0.1,0.15,0.1
146,146,Albinea,,Emilia-romagna",0.15,0.15,0.1,0.15,0.1
147,147,Albinia,16,Toscana,0.15,0.15,0.1,0.15,0.1
148,148,Albino,09,Lombardia,0.15,0.15,0.1,0.15,0.1
149,149,Albiolo,09,Lombardia,0.15,0.15,0.1,0.15,0.1
150,150,Albisola Superiore,,Liguria",0.15,0.15,0.1,0.15,0.1
151,151,Albizzate,09,Lombardia,0.15,0.15,0.1,0.15,0.1
152,152,Albonese,09,Lombardia,0.15,0.15,0.1,0.15,0.1
153,153,Albosaggia,09,Lombardia,0.15,0.15,0.1,0.15,0.1
154,154,Albuccione,07,Lazio,0.15,0.15,0.1,0.15,0.1
155,155,Albugnano,12,Piemonte,0.15,0.15,0.1,0.15,0.1
156,156,Albuzzano,09,Lombardia,0.15,0.15,0.1,0.15,0.1
157,157,Alcamo,,Autonoma Siciliana,0.15,0.15,0.1,0.15,0.1
158,158,Alcara Li Fusi,,Autonoma Siciliana,0.15,0.15,0.1,0.15,0.1
159,159,Aldeno,17,Trentino-alto Adige,0.15,0.15,0.1,0.15,0.1
160,160,Aldino,17,Trentino-alto Adige,0.15,0.15,0.1,0.15,0.1
161,161,Ales,,Autonoma Della Sardegna,0.15,0.15,0.1,0.15,0.1
162,162,Alessandria,12,Piemonte,0.15,0.15,0.1,0.15,0.1
163,163,Alessano,13,Puglia,0.15,0.15,0.1,0.15,0.1
164,164,Alesso,06,Friuli-venezia Giulia,0.15,0.15,0.1,0.15,0.1
165,165,Alezio,13,Puglia,0.15,0.15,0.1,0.15,0.1
166,166,Alfano,04,Campania,0.15,0.15,0.1,0.15,0.1
167,167,Alfedena,01,Abruzzi,0.15,0.15,0.1,0.15,0.1
168,168,Alfero,,Emilia-romagna",0.15,0.15,0.1,0.15,0.1
169,169,Alfianello,09,Lombardia,0.15,0.15,0.1,0.15,0.1
170,170,Alfiano Natta,12,Piemonte,0.15,0.15,0.1,0.15,0.1
171,171,Alfonsine,,Emilia-romagna",0.15,0.15,0.1,0.15,0.1
172,172,Alghero,,Autonoma Della Sardegna,0.15,0.15,0.1,0.15,0.1
173,173,Algua,09,Lombardia,0.15,0.15,0.1,0.15,0.1
174,174,Ali,,Autonoma Siciliana,0.15,0.15,0.1,0.15,0.1
175,175,Alia,,Autonoma Siciliana,0.15,0.15,0.1,0.15,0.1
176,176,Aliano,02,Basilicata,0.15,0.15,0.1,0.15,0.1
177,177,Alice Bel Colle,12,Piemonte,0.15,0.15,0.1,0.15,0.1
178,178,Alice Castello,12,Piemonte,0.15,0.15,0.1,0.15,0.1
179,179,Alice Superiore,12,Piemonte,0.15,0.15,0.1,0.15,0.1
180,180,Alife,04,Campania,0.15,0.15,0.1,0.15,0.1
181,181,Alimena,,Autonoma Siciliana,0.15,0.15,0.1,0.15,0.1
182,182,Aliminusa,,Autonoma Siciliana,0.15,0.15,0.1,0.15,0.1
183,183,Allai,,Autonoma Della Sardegna,0.15,0.15,0.1,0.15,0.1
184,184,Alleghe,20,Veneto,0.15,0.15,0.1,0.15,0.1
185,185,Allein,,Autonoma Valle D'aosta,0.15,0.15,0.1,0.15,0.1
186,186,Allerona,18,Umbria,0.15,0.15,0.1,0.15,0.1
187,187,Alliste,13,Puglia,0.15,0.15,0.1,0.15,0.1
188,188,Allumiere,07,Lazio,0.15,0.15,0.1,0.15,0.1
189,189,Alme,09,Lombardia,0.15,0.15,0.1,0.15,0.1
190,190,Almenno San Bartolomeo,09,Lombardia,0.15,0.15,0.1,0.15,0.1
191,191,Almenno San Salvatore,09,Lombardia,0.15,0.15,0.1,0.15,0.1
192,192,Alonte,20,Veneto,0.15,0.15,0.1,0.15,0.1
193,193,Alpette,12,Piemonte,0.15,0.15,0.1,0.15,0.1
194,194,Alpignano,12,Piemonte,0.15,0.15,0.1,0.15,0.1
195,195,Alpo,20,Veneto,0.15,0.15,0.1,0.15,0.1
196,196,Alseno,,Emilia-romagna",0.15,0.15,0.1,0.15,0.1
197,197,Alserio,09,Lombardia,0.15,0.15,0.1,0.15,0.1
198,198,Altamura,13,Puglia,0.15,0.15,0.1,0.15,0.1
199,199,Altare,,Liguria",0.15,0.15,0.1,0.15,0.1
200,200,Altavilla Irpina,04,Campania,0.15,0.15,0.1,0.15,0.1
201,201,Altavilla Milicia,,Autonoma Siciliana,0.15,0.15,0.1,0.15,0.1
202,202,Altavilla Monferrato,12,Piemonte,0.15,0.15,0.1,0.15,0.1
203,203,Altavilla Silentina,04,Campania,0.15,0.15,0.1,0.15,0.1
204,204,Altavilla Vicentina,20,Veneto,0.15,0.15,0.1,0.15,0.1
205,205,Altedo,,Emilia-romagna",0.15,0.15,0.1,0.15,0.1
206,206,Altidona,10,Marche,0.15,0.15,0.1,0.15,0.1
207,207,Altilia,03,Calabria,0.15,0.15,0.1,0.15,0.1
208,208,Altino,01,Abruzzi,0.15,0.15,0.1,0.15,0.1
209,209,Altissimo,20,Veneto,0.15,0.15,0.1,0.15,0.1
210,210,Altivole,20,Veneto,0.15,0.15,0.1,0.15,0.1
211,211,Alto,12,Piemonte,0.15,0.15,0.1,0.15,0.1
212,212,Altofonte,,Autonoma Siciliana,0.15,0.15,0.1,0.15,0.1
213,213,Altomonte,03,Calabria,0.15,0.15,0.1,0.15,0.1
214,214,Altopascio,16,Toscana,0.15,0.15,0.1,0.15,0.1
215,215,Alviano,18,Umbria,0.15,0.15,0.1,0.15,0.1
216,216,Alvignano,04,Campania,0.15,0.15,0.1,0.15,0.1
217,217,Alvito,07,Lazio,0.15,0.15,0.1,0.15,0.1
218,218,Alzano Lombardo,09,Lombardia,0.15,0.15,0.1,0.15,0.1
219,219,Alzano Scrivia,12,Piemonte,0.15,0.15,0.1,0.15,0.1
220,220,Alzate Brianza,09,Lombardia,0.15,0.15,0.1,0.15,0.1
221,221,Amalfi,04,Campania,0.15,0.15,0.1,0.15,0.1
222,222,Amandola,10,Marche,0.15,0.15,0.1,0.15,0.1
223,223,Amantea,03,Calabria,0.15,0.15,0.1,0.15,0.1
224,224,Amaro,06,Friuli-venezia Giulia,0.15,0.15,0.1,0.15,0.1
225,225,Amaroni,03,Calabria,0.15,0.15,0.1,0.15,0.1
226,226,Amaseno,07,Lazio,0.15,0.15,0.1,0.15,0.1
227,227,Amato,03,Calabria,0.15,0.15,0.1,0.15,0.1
228,228,Amatrice,07,Lazio,0.15,0.15,0.1,0.15,0.1
229,229,Ambivere,09,Lombardia,0.15,0.15,0.1,0.15,0.1
230,230,Amblar,17,Trentino-alto Adige,0.15,0.15,0.1,0.15,0.1
231,231,Ambra,16,Toscana,0.15,0.15,0.1,0.15,0.1
232,232,Ambrogio,,Emilia-romagna",0.15,0.15,0.1,0.15,0.1
233,233,Ameglia,,Liguria",0.15,0.15,0.1,0.15,0.1
234,234,Amelia,18,Umbria,0.15,0.15,0.1,0.15,0.1
235,235,Amendola,03,Calabria,0.15,0.15,0.1,0.15,0.1
236,236,Amendolara,03,Calabria,0.15,0.15,0.1,0.15,0.1
237,237,Ameno,12,Piemonte,0.15,0.15,0.1,0.15,0.1
238,238,Amica,03,Calabria,0.15,0.15,0.1,0.15,0.1
239,239,Amorosi,04,Campania,0.15,0.15,0.1,0.15,0.1
240,240,Ampezzo,06,Friuli-venezia Giulia,0.15,0.15,0.1,0.15,0.1
241,241,Anacapri,04,Campania,0.15,0.15,0.1,0.15,0.1
242,242,Anagni,07,Lazio,0.15,0.15,0.1,0.15,0.1
243,243,Ancarano,01,Abruzzi,0.15,0.15,0.1,0.15,0.1
244,244,Anchione,16,Toscana,0.15,0.15,0.1,0.15,0.1
245,245,Ancona,10,Marche,0.15,0.15,0.1,0.15,0.1
246,246,Andali,03,Calabria,0.15,0.15,0.1,0.15,0.1
247,247,Andalo,17,Trentino-alto Adige,0.15,0.15,0.1,0.15,0.1
248,248,Andalo Valtellino,09,Lombardia,0.15,0.15,0.1,0.15,0.1
249,249,Andezeno,12,Piemonte,0.15,0.15,0.1,0.15,0.1
250,250,Andora,,Liguria",0.15,0.15,0.1,0.15,0.1
251,251,Andrano,13,Puglia,0.15,0.15,0.1,0.15,0.1
252,252,Andrate,12,Piemonte,0.15,0.15,0.1,0.15,0.1
253,253,Andreis,06,Friuli-venezia Giulia,0.15,0.15,0.1,0.15,0.1
254,254,Andreotta,03,Calabria,0.15,0.15,0.1,0.15,0.1
255,255,Andria,13,Puglia,0.15,0.15,0.1,0.15,0.1
256,256,Andriano,17,Trentino-alto Adige,0.15,0.15,0.1,0.15,0.1
257,257,Anduins,06,Friuli-venezia Giulia,0.15,0.15,0.1,0.15,0.1
258,258,Anela,,Autonoma Della Sardegna,0.15,0.15,0.1,0.15,0.1
259,259,Anfo,09,Lombardia,0.15,0.15,0.1,0.15,0.1
260,260,Angeli,10,Marche,0.15,0.15,0.1,0.15,0.1
261,261,Angera,09,Lombardia,0.15,0.15,0.1,0.15,0.1
262,262,Anghiari,16,Toscana,0.15,0.15,0.1,0.15,0.1
263,263,Angiari,20,Veneto,0.15,0.15,0.1,0.15,0.1
264,264,Angolo Terme,09,Lombardia,0.15,0.15,0.1,0.15,0.1
265,265,Angri,04,Campania,0.15,0.15,0.1,0.15,0.1
266,266,Angrogna,12,Piemonte,0.15,0.15,0.1,0.15,0.1
267,267,Anguillara Sabazia,07,Lazio,0.15,0.15,0.1,0.15,0.1
268,268,Anguillara Veneta,20,Veneto,0.15,0.15,0.1,0.15,0.1
269,269,Annicco,09,Lombardia,0.15,0.15,0.1,0.15,0.1
270,270,Annone Veneto,20,Veneto,0.15,0.15,0.1,0.15,0.1
271,271,Annunziata,04,Campania,0.15,0.15,0.1,0.15,0.1
272,272,Anoia Inferiore,03,Calabria,0.15,0.15,0.1,0.15,0.1
273,273,Anoia Superiore,03,Calabria,0.15,0.15,0.1,0.15,0.1
274,274,Antagnod,,Autonoma Valle D'aosta,0.15,0.15,0.1,0.15,0.1
275,275,Antegnate,09,Lombardia,0.15,0.15,0.1,0.15,0.1
276,276,Antella,16,Toscana,0.15,0.15,0.1,0.15,0.1
277,277,Anterivo,17,Trentino-alto Adige,0.15,0.15,0.1,0.15,0.1
278,278,Antessano,04,Campania,0.15,0.15,0.1,0.15,0.1
279,279,Antica Colle Piscioso,07,Lazio,0.15,0.15,0.1,0.15,0.1
280,280,Anticoli Corrado,07,Lazio,0.15,0.15,0.1,0.15,0.1
281,281,Antignano,12,Piemonte,0.15,0.15,0.1,0.15,0.1
282,282,Antillo,,Autonoma Siciliana,0.15,0.15,0.1,0.15,0.1
283,283,Antonelli,13,Puglia,0.15,0.15,0.1,0.15,0.1
284,284,Antonimina,03,Calabria,0.15,0.15,0.1,0.15,0.1
285,285,Antrodoco,07,Lazio,0.15,0.15,0.1,0.15,0.1
286,286,Antrona Schieranco,12,Piemonte,0.15,0.15,0.1,0.15,0.1
287,287,Antronapiana,12,Piemonte,0.15,0.15,0.1,0.15,0.1
288,288,Antrosano,01,Abruzzi,0.15,0.15,0.1,0.15,0.1
289,289,Anzi,02,Basilicata,0.15,0.15,0.1,0.15,0.1
290,290,Anzio,07,Lazio,0.15,0.15,0.1,0.15,0.1
291,291,Anzu,20,Veneto,0.15,0.15,0.1,0.15,0.1
292,292,Aosta,,Autonoma Valle D'aosta,0.15,0.15,0.1,0.15,0.1
293,293,Apecchio,10,Marche,0.15,0.15,0.1,0.15,0.1
294,294,Apiro,10,Marche,0.15,0.15,0.1,0.15,0.1
295,295,Apollosa,04,Campania,0.15,0.15,0.1,0.15,0.1
296,296,Appiano Gentile,09,Lombardia,0.15,0.15,0.1,0.15,0.1
297,297,Appignano,10,Marche,0.15,0.15,0.1,0.15,0.1
298,298,Aprica,09,Lombardia,0.15,0.15,0.1,0.15,0.1
299,299,Apricale,,Liguria",0.15,0.15,0.1,0.15,0.1
300,300,Apricena,13,Puglia,0.15,0.15,0.1,0.15,0.1
301,301,Aprigliano,03,Calabria,0.15,0.15,0.1,0.15,0.1
302,302,Aprilia,07,Lazio,0.15,0.15,0.1,0.15,0.1
303,303,Aquara,04,Campania,0.15,0.15,0.1,0.15,0.1
304,304,Aquileia,06,Friuli-venezia Giulia,0.15,0.15,0.1,0.15,0.1
305,305,Aquilonia,04,Campania,0.15,0.15,0.1,0.15,0.1
306,306,Aquino,07,Lazio,0.15,0.15,0.1,0.15,0.1
307,307,Ara Nova,07,Lazio,0.15,0.15,0.1,0.15,0.1
308,308,Aradeo,13,Puglia,0.15,0.15,0.1,0.15,0.1
309,309,Aragona,,Autonoma Siciliana,0.15,0.15,0.1,0.15,0.1
310,310,Aramengo,12,Piemonte,0.15,0.15,0.1,0.15,0.1
311,311,Arba,06,Friuli-venezia Giulia,0.15,0.15,0.1,0.15,0.1
312,312,Arbatax,,Autonoma Della Sardegna,0.15,0.15,0.1,0.15,0.1
313,313,Arbia,16,Toscana,0.15,0.15,0.1,0.15,0.1
314,314,Arborea,,Autonoma Della Sardegna,0.15,0.15,0.1,0.15,0.1
315,315,Arborio,12,Piemonte,0.15,0.15,0.1,0.15,0.1
316,316,Arbus,,Autonoma Della Sardegna,0.15,0.15,0.1,0.15,0.1
317,317,Arcade,20,Veneto,0.15,0.15,0.1,0.15,0.1
318,318,Arcavacata,03,Calabria,0.15,0.15,0.1,0.15,0.1
319,319,Arce,07,Lazio,0.15,0.15,0.1,0.15,0.1
320,320,Arcene,09,Lombardia,0.15,0.15,0.1,0.15,0.1
321,321,Arceto,,Emilia-romagna",0.15,0.15,0.1,0.15,0.1
322,322,Arcevia,10,Marche,0.15,0.15,0.1,0.15,0.1
323,323,Archi,01,Abruzzi,0.15,0.15,0.1,0.15,0.1
324,324,Archi,,Autonoma Siciliana,0.15,0.15,0.1,0.15,0.1
325,325,Arcidosso,16,Toscana,0.15,0.15,0.1,0.15,0.1
326,326,Arcinazzo Romano,07,Lazio,0.15,0.15,0.1,0.15,0.1
327,327,Arcisate,09,Lombardia,0.15,0.15,0.1,0.15,0.1
328,328,Arco,17,Trentino-alto Adige,0.15,0.15,0.1,0.15,0.1
329,329,Arcola,,Liguria",0.15,0.15,0.1,0.15,0.1
330,330,Arcole,20,Veneto,0.15,0.15,0.1,0.15,0.1
331,331,Arconate,09,Lombardia,0.15,0.15,0.1,0.15,0.1
332,332,Arcore,09,Lombardia,0.15,0.15,0.1,0.15,0.1
333,333,Ardara,,Autonoma Della Sardegna,0.15,0.15,0.1,0.15,0.1
334,334,Ardauli,,Autonoma Della Sardegna,0.15,0.15,0.1,0.15,0.1
335,335,Ardea,07,Lazio,0.15,0.15,0.1,0.15,0.1
336,336,Ardenno,09,Lombardia,0.15,0.15,0.1,0.15,0.1
337,337,Ardesio,09,Lombardia,0.15,0.15,0.1,0.15,0.1
338,338,Ardole San Marino,09,Lombardia,0.15,0.15,0.1,0.15,0.1
339,339,Ardore,03,Calabria,0.15,0.15,0.1,0.15,0.1
340,340,Ardore Marina,03,Calabria,0.15,0.15,0.1,0.15,0.1
341,341,Are,12,Piemonte,0.15,0.15,0.1,0.15,0.1
342,342,Arena,03,Calabria,0.15,0.15,0.1,0.15,0.1
343,343,Arena Po,09,Lombardia,0.15,0.15,0.1,0.15,0.1
344,344,Arenabianca,04,Campania,0.15,0.15,0.1,0.15,0.1
345,345,Arenella,04,Campania,0.15,0.15,0.1,0.15,0.1
346,346,Arenella,,Autonoma Siciliana,0.15,0.15,0.1,0.15,0.1
347,347,Arenzano,,Liguria",0.15,0.15,0.1,0.15,0.1
348,348,Arese,09,Lombardia,0.15,0.15,0.1,0.15,0.1
349,349,Arezzo,16,Toscana,0.15,0.15,0.1,0.15,0.1
350,350,Argegno,09,Lombardia,0.15,0.15,0.1,0.15,0.1
351,351,Argelato,,Emilia-romagna",0.15,0.15,0.1,0.15,0.1
352,352,Argenta,,Emilia-romagna",0.15,0.15,0.1,0.15,0.1
353,353,Argine,,Emilia-romagna",0.15,0.15,0.1,0.15,0.1
354,354,Arguello,12,Piemonte,0.15,0.15,0.1,0.15,0.1
355,355,Argusto,03,Calabria,0.15,0.15,0.1,0.15,0.1
356,356,Ari,01,Abruzzi,0.15,0.15,0.1,0.15,0.1
357,357,Ariano,20,Veneto,0.15,0.15,0.1,0.15,0.1
358,358,Ariano,04,Campania,0.15,0.15,0.1,0.15,0.1
359,359,Ariano Ferrarese,,Emilia-romagna",0.15,0.15,0.1,0.15,0.1
360,360,Ariccia,07,Lazio,0.15,0.15,0.1,0.15,0.1
361,361,Arielli,01,Abruzzi,0.15,0.15,0.1,0.15,0.1
362,362,Arienzo,04,Campania,0.15,0.15,0.1,0.15,0.1
363,363,Arignano,12,Piemonte,0.15,0.15,0.1,0.15,0.1
364,364,Arino,20,Veneto,0.15,0.15,0.1,0.15,0.1
365,365,Arischia,01,Abruzzi,0.15,0.15,0.1,0.15,0.1
366,366,Aritzo,,Autonoma Della Sardegna,0.15,0.15,0.1,0.15,0.1
367,367,Arizzano,12,Piemonte,0.15,0.15,0.1,0.15,0.1
368,368,Arlate,09,Lombardia,0.15,0.15,0.1,0.15,0.1
369,369,Arlesega,20,Veneto,0.15,0.15,0.1,0.15,0.1
370,370,Arluno,09,Lombardia,0.15,0.15,0.1,0.15,0.1
371,371,Armeno,12,Piemonte,0.15,0.15,0.1,0.15,0.1
372,372,Armento,02,Basilicata,0.15,0.15,0.1,0.15,0.1
373,373,Armetta,07,Lazio,0.15,0.15,0.1,0.15,0.1
374,374,Armo,,Liguria",0.15,0.15,0.1,0.15,0.1
375,375,Armungia,,Autonoma Della Sardegna,0.15,0.15,0.1,0.15,0.1
376,376,Arnad,,Autonoma Valle D'aosta,0.15,0.15,0.1,0.15,0.1
377,377,Arnara,07,Lazio,0.15,0.15,0.1,0.15,0.1
378,378,Arnasco,,Liguria",0.15,0.15,0.1,0.15,0.1
379,379,Arnesano,13,Puglia,0.15,0.15,0.1,0.15,0.1
380,380,Arola,12,Piemonte,0.15,0.15,0.1,0.15,0.1
381,381,Arona,12,Piemonte,0.15,0.15,0.1,0.15,0.1
382,382,Arosio,09,Lombardia,0.15,0.15,0.1,0.15,0.1
383,383,Arpaia,04,Campania,0.15,0.15,0.1,0.15,0.1
384,384,Arpaise,04,Campania,0.15,0.15,0.1,0.15,0.1
385,385,Arpino,04,Campania,0.15,0.15,0.1,0.15,0.1
386,386,Arpino,07,Lazio,0.15,0.15,0.1,0.15,0.1
387,387,Arpuilles,,Autonoma Valle D'aosta,0.15,0.15,0.1,0.15,0.1
388,388,Arquata Scrivia,12,Piemonte,0.15,0.15,0.1,0.15,0.1
389,389,Arre,20,Veneto,0.15,0.15,0.1,0.15,0.1
390,390,Arrone,18,Umbria,0.15,0.15,0.1,0.15,0.1
391,391,Arsago Seprio,09,Lombardia,0.15,0.15,0.1,0.15,0.1
392,392,Arsie,20,Veneto,0.15,0.15,0.1,0.15,0.1
393,393,Arsiero,20,Veneto,0.15,0.15,0.1,0.15,0.1
394,394,Arsita,01,Abruzzi,0.15,0.15,0.1,0.15,0.1
395,395,Arsoli,07,Lazio,0.15,0.15,0.1,0.15,0.1
396,396,Arta Terme,06,Friuli-venezia Giulia,0.15,0.15,0.1,0.15,0.1
397,397,Artegna,06,Friuli-venezia Giulia,0.15,0.15,0.1,0.15,0.1
398,398,Arten,20,Veneto,0.15,0.15,0.1,0.15,0.1
399,399,Artena,07,Lazio,0.15,0.15,0.1,0.15,0.1
400,400,Artogne,09,Lombardia,0.15,0.15,0.1,0.15,0.1
401,401,Arvier,,Autonoma Valle D'aosta,0.15,0.15,0.1,0.15,0.1
402,402,Arzachena,,Autonoma Della Sardegna,0.15,0.15,0.1,0.15,0.1
403,403,Arzana,,Autonoma Della Sardegna,0.15,0.15,0.1,0.15,0.1
404,404,Arzano,04,Campania,0.15,0.15,0.1,0.15,0.1
405,405,Arzene,06,Friuli-venezia Giulia,0.15,0.15,0.1,0.15,0.1
406,406,Arzercavalli,20,Veneto,0.15,0.15,0.1,0.15,0.1
407,407,Arzerello,20,Veneto,0.15,0.15,0.1,0.15,0.1
408,408,Arzergrande,20,Veneto,0.15,0.15,0.1,0.15,0.1
409,409,Arzignano,20,Veneto,0.15,0.15,0.1,0.15,0.1
410,410,Ascea,04,Campania,0.15,0.15,0.1,0.15,0.1
411,411,Asciano,16,Toscana,0.15,0.15,0.1,0.15,0.1
412,412,Ascoli Piceno,10,Marche,0.15,0.15,0.1,0.15,0.1
413,413,Ascoli Satriano,13,Puglia,0.15,0.15,0.1,0.15,0.1
414,414,Ascrea,07,Lazio,0.15,0.15,0.1,0.15,0.1
415,415,Asiago,20,Veneto,0.15,0.15,0.1,0.15,0.1
416,416,Asigliano Veneto,20,Veneto,0.15,0.15,0.1,0.15,0.1
417,417,Asigliano Vercellese,12,Piemonte,0.15,0.15,0.1,0.15,0.1
418,418,Asola,09,Lombardia,0.15,0.15,0.1,0.15,0.1
419,419,Asolo,20,Veneto,0.15,0.15,0.1,0.15,0.1
420,420,Asparetto,20,Veneto,0.15,0.15,0.1,0.15,0.1
421,421,Aspio,10,Marche,0.15,0.15,0.1,0.15,0.1
422,422,Assago,09,Lombardia,0.15,0.15,0.1,0.15,0.1
423,423,Assemini,,Autonoma Della Sardegna,0.15,0.15,0.1,0.15,0.1
424,424,Assisi,18,Umbria,0.15,0.15,0.1,0.15,0.1
425,425,Asso,09,Lombardia,0.15,0.15,0.1,0.15,0.1
426,426,Assolo,,Autonoma Della Sardegna,0.15,0.15,0.1,0.15,0.1
427,427,Assoro,,Autonoma Siciliana,0.15,0.15,0.1,0.15,0.1
428,428,Asti,12,Piemonte,0.15,0.15,0.1,0.15,0.1
429,429,Asuni,,Autonoma Della Sardegna,0.15,0.15,0.1,0.15,0.1
430,430,Ateleta,01,Abruzzi,0.15,0.15,0.1,0.15,0.1
431,431,Atella,02,Basilicata,0.15,0.15,0.1,0.15,0.1
432,432,Atena Lucana,04,Campania,0.15,0.15,0.1,0.15,0.1
433,433,Atessa,01,Abruzzi,0.15,0.15,0.1,0.15,0.1
434,434,Atina,07,Lazio,0.15,0.15,0.1,0.15,0.1
435,435,Atina Inferiore,07,Lazio,0.15,0.15,0.1,0.15,0.1
436,436,Atrani,04,Campania,0.15,0.15,0.1,0.15,0.1
437,437,Atri,01,Abruzzi,0.15,0.15,0.1,0.15,0.1
438,438,Atripalda,04,Campania,0.15,0.15,0.1,0.15,0.1
439,439,Attigliano,18,Umbria,0.15,0.15,0.1,0.15,0.1
440,440,Attimis,06,Friuli-venezia Giulia,0.15,0.15,0.1,0.15,0.1
441,441,Atzara,,Autonoma Della Sardegna,0.15,0.15,0.1,0.15,0.1
442,442,Auditore,10,Marche,0.15,0.15,0.1,0.15,0.1
443,443,Augusta,,Autonoma Siciliana,0.15,0.15,0.1,0.15,0.1
444,444,Auletta,04,Campania,0.15,0.15,0.1,0.15,0.1
445,445,Aulla,16,Toscana,0.15,0.15,0.1,0.15,0.1
446,446,Aurano,12,Piemonte,0.15,0.15,0.1,0.15,0.1
447,447,Aurelia,07,Lazio,0.15,0.15,0.1,0.15,0.1
448,448,Aurigo,,Liguria",0.15,0.15,0.1,0.15,0.1
449,449,Aurisina,06,Friuli-venezia Giulia,0.15,0.15,0.1,0.15,0.1
450,450,Auronzo,20,Veneto,0.15,0.15,0.1,0.15,0.1
451,451,Ausonia,07,Lazio,0.15,0.15,0.1,0.15,0.1
452,452,Austis,,Autonoma Della Sardegna,0.15,0.15,0.1,0.15,0.1
453,453,Avane,16,Toscana,0.15,0.15,0.1,0.15,0.1
454,454,Avegno,,Liguria",0.15,0.15,0.1,0.15,0.1
455,455,Avelengo,17,Trentino-alto Adige,0.15,0.15,0.1,0.15,0.1
456,456,Avella,04,Campania,0.15,0.15,0.1,0.15,0.1
457,457,Avellino,04,Campania,0.15,0.15,0.1,0.15,0.1
458,458,Averara,09,Lombardia,0.15,0.15,0.1,0.15,0.1
459,459,Aversa,04,Campania,0.15,0.15,0.1,0.15,0.1
460,460,Avetrana,13,Puglia,0.15,0.15,0.1,0.15,0.1
461,461,Avezzano,01,Abruzzi,0.15,0.15,0.1,0.15,0.1
462,462,Aviano,06,Friuli-venezia Giulia,0.15,0.15,0.1,0.15,0.1
463,463,Aviatico,09,Lombardia,0.15,0.15,0.1,0.15,0.1
464,464,Avigliana,12,Piemonte,0.15,0.15,0.1,0.15,0.1
465,465,Avigliano,02,Basilicata,0.15,0.15,0.1,0.15,0.1
466,466,Avigliano Umbro,18,Umbria,0.15,0.15,0.1,0.15,0.1
467,467,Avio,17,Trentino-alto Adige,0.15,0.15,0.1,0.15,0.1
468,468,Avise,,Autonoma Valle D'aosta,0.15,0.15,0.1,0.15,0.1
469,469,Avola,,Autonoma Siciliana,0.15,0.15,0.1,0.15,0.1
470,470,Avolasca,12,Piemonte,0.15,0.15,0.1,0.15,0.1
471,471,Ayas,,Autonoma Valle D'aosta,0.15,0.15,0.1,0.15,0.1
472,472,Aymavilles,,Autonoma Valle D'aosta,0.15,0.15,0.1,0.15,0.1
473,473,Azeglio,12,Piemonte,0.15,0.15,0.1,0.15,0.1
474,474,Azzanello,09,Lombardia,0.15,0.15,0.1,0.15,0.1
475,475,Azzano,09,Lombardia,0.15,0.15,0.1,0.15,0.1
476,476,Azzano Decimo,06,Friuli-venezia Giulia,0.15,0.15,0.1,0.15,0.1
477,477,Azzano Mella,09,Lombardia,0.15,0.15,0.1,0.15,0.1
478,478,Azzano San Paolo,09,Lombardia,0.15,0.15,0.1,0.15,0.1
479,479,Azzate,09,Lombardia,0.15,0.15,0.1,0.15,0.1
480,480,Azzio,09,Lombardia,0.15,0.15,0.1,0.15,0.1
481,481,Azzone,09,Lombardia,0.15,0.15,0.1,0.15,0.1
482,482,Baccaiano,16,Toscana,0.15,0.15,0.1,0.15,0.1
483,483,Baceno,12,Piemonte,0.15,0.15,0.1,0.15,0.1
484,484,Bacoli,04,Campania,0.15,0.15,0.1,0.15,0.1
485,485,Bacu Abis,,Autonoma Della Sardegna,0.15,0.15,0.1,0.15,0.1
486,486,Badalasco,09,Lombardia,0.15,0.15,0.1,0.15,0.1
487,487,Badalucco,,Liguria",0.15,0.15,0.1,0.15,0.1
488,488,Badesi,,Autonoma Della Sardegna,0.15,0.15,0.1,0.15,0.1
489,489,Badesse,16,Toscana,0.15,0.15,0.1,0.15,0.1
490,490,Badetto,09,Lombardia,0.15,0.15,0.1,0.15,0.1
491,491,Badia,01,Abruzzi,0.15,0.15,0.1,0.15,0.1
492,492,Badia,17,Trentino-alto Adige,0.15,0.15,0.1,0.15,0.1
493,493,Badia A Elmi,16,Toscana,0.15,0.15,0.1,0.15,0.1
494,494,Badia Agnano,16,Toscana,0.15,0.15,0.1,0.15,0.1
495,495,Badia Calavena,20,Veneto,0.15,0.15,0.1,0.15,0.1
496,496,Badia Pavese,09,Lombardia,0.15,0.15,0.1,0.15,0.1
497,497,Badia Polesine,20,Veneto,0.15,0.15,0.1,0.15,0.1
498,498,Badia Prataglia,16,Toscana,0.15,0.15,0.1,0.15,0.1
499,499,Badia Tedalda,16,Toscana,0.15,0.15,0.1,0.15,0.1
500,500,Badile,09,Lombardia,0.15,0.15,0.1,0.15,0.1
501,501,Badoere,20,Veneto,0.15,0.15,0.1,0.15,0.1
502,502,Badolato,03,Calabria,0.15,0.15,0.1,0.15,0.1
503,503,Badolato Marina,03,Calabria,0.15,0.15,0.1,0.15,0.1
504,504,Bafia,,Autonoma Siciliana,0.15,0.15,0.1,0.15,0.1
505,505,Bagaladi,03,Calabria,0.15,0.15,0.1,0.15,0.1
506,506,Baganzola,,Emilia-romagna",0.15,0.15,0.1,0.15,0.1
507,507,Baggiovara,,Emilia-romagna",0.15,0.15,0.1,0.15,0.1
508,508,Bagheria,,Autonoma Siciliana,0.15,0.15,0.1,0.15,0.1
509,509,Bagnacavallo,,Emilia-romagna",0.15,0.15,0.1,0.15,0.1
510,510,Bagnara Calabra,03,Calabria,0.15,0.15,0.1,0.15,0.1
511,511,Bagnaria,09,Lombardia,0.15,0.15,0.1,0.15,0.1
512,512,Bagnaria Arsa,06,Friuli-venezia Giulia,0.15,0.15,0.1,0.15,0.1
513,513,Bagnarola,,Emilia-romagna",0.15,0.15,0.1,0.15,0.1
514,514,Bagnarola,06,Friuli-venezia Giulia,0.15,0.15,0.1,0.15,0.1
515,515,Bagnasco,12,Piemonte,0.15,0.15,0.1,0.15,0.1
516,516,Bagnatica,09,Lombardia,0.15,0.15,0.1,0.15,0.1
517,517,Bagno,,Emilia-romagna",0.15,0.15,0.1,0.15,0.1
518,518,Bagno Roselle,16,Toscana,0.15,0.15,0.1,0.15,0.1
519,519,Bagnoli,04,Campania,0.15,0.15,0.1,0.15,0.1
520,520,Bagnoli Irpino,04,Campania,0.15,0.15,0.1,0.15,0.1
521,521,Bagnolo,20,Veneto,0.15,0.15,0.1,0.15,0.1
522,522,Bagnolo,16,Toscana,0.15,0.15,0.1,0.15,0.1
523,523,Bagnolo Cremasco,09,Lombardia,0.15,0.15,0.1,0.15,0.1
524,524,Bagnolo Mella,09,Lombardia,0.15,0.15,0.1,0.15,0.1
525,525,Bagnolo Piemonte,12,Piemonte,0.15,0.15,0.1,0.15,0.1
526,526,Bagnolo San Vito,09,Lombardia,0.15,0.15,0.1,0.15,0.1
527,527,Bagnone,16,Toscana,0.15,0.15,0.1,0.15,0.1
528,528,Bagnoregio,07,Lazio,0.15,0.15,0.1,0.15,0.1
529,529,Bagolino,09,Lombardia,0.15,0.15,0.1,0.15,0.1
530,530,Baia,04,Campania,0.15,0.15,0.1,0.15,0.1
531,531,Baiano,04,Campania,0.15,0.15,0.1,0.15,0.1
532,532,Bairo,12,Piemonte,0.15,0.15,0.1,0.15,0.1
533,533,Baiso,,Emilia-romagna",0.15,0.15,0.1,0.15,0.1
534,534,Bajardo,,Liguria",0.15,0.15,0.1,0.15,0.1
535,535,Balangero,12,Piemonte,0.15,0.15,0.1,0.15,0.1
536,536,Balbiano,09,Lombardia,0.15,0.15,0.1,0.15,0.1
537,537,Baldissero Canavese,12,Piemonte,0.15,0.15,0.1,0.15,0.1
538,538,Baldissero Torinese,12,Piemonte,0.15,0.15,0.1,0.15,0.1
539,539,Balestrate,,Autonoma Siciliana,0.15,0.15,0.1,0.15,0.1
540,540,Balestrino,,Liguria",0.15,0.15,0.1,0.15,0.1
541,541,Ballabio,09,Lombardia,0.15,0.15,0.1,0.15,0.1
542,542,Ballao,,Autonoma Della Sardegna,0.15,0.15,0.1,0.15,0.1
543,543,Ballo,20,Veneto,0.15,0.15,0.1,0.15,0.1
544,544,Balme,12,Piemonte,0.15,0.15,0.1,0.15,0.1
545,545,Balmuccia,12,Piemonte,0.15,0.15,0.1,0.15,0.1
546,546,Balocco,12,Piemonte,0.15,0.15,0.1,0.15,0.1
547,547,Balsorano,01,Abruzzi,0.15,0.15,0.1,0.15,0.1
548,548,Balsorano Nuovo,01,Abruzzi,0.15,0.15,0.1,0.15,0.1
549,549,Balvano,02,Basilicata,0.15,0.15,0.1,0.15,0.1
550,550,Balzo,10,Marche,0.15,0.15,0.1,0.15,0.1
551,551,Balzola,12,Piemonte,0.15,0.15,0.1,0.15,0.1
552,552,Banari,,Autonoma Della Sardegna,0.15,0.15,0.1,0.15,0.1
553,553,Bancali,,Autonoma Della Sardegna,0.15,0.15,0.1,0.15,0.1
554,554,Banchette,12,Piemonte,0.15,0.15,0.1,0.15,0.1
555,555,Bandito,12,Piemonte,0.15,0.15,0.1,0.15,0.1
556,556,Bannio,12,Piemonte,0.15,0.15,0.1,0.15,0.1
557,557,Banzano,04,Campania,0.15,0.15,0.1,0.15,0.1
558,558,Banzi,02,Basilicata,0.15,0.15,0.1,0.15,0.1
559,559,Baone,20,Veneto,0.15,0.15,0.1,0.15,0.1
560,560,Baraccone,12,Piemonte,0.15,0.15,0.1,0.15,0.1
561,561,Baradili,,Autonoma Della Sardegna,0.15,0.15,0.1,0.15,0.1
562,562,Baragazza,,Emilia-romagna",0.15,0.15,0.1,0.15,0.1
563,563,Baraggia,12,Piemonte,0.15,0.15,0.1,0.15,0.1
564,564,Baraggia,09,Lombardia,0.15,0.15,0.1,0.15,0.1
565,565,Baragiano,02,Basilicata,0.15,0.15,0.1,0.15,0.1
566,566,Baranello,11,Molise,0.15,0.15,0.1,0.15,0.1
567,567,Baranzate,09,Lombardia,0.15,0.15,0.1,0.15,0.1
568,568,Barasso,09,Lombardia,0.15,0.15,0.1,0.15,0.1
569,569,Baratili San Pietro,,Autonoma Della Sardegna,0.15,0.15,0.1,0.15,0.1
570,570,Baratte,12,Piemonte,0.15,0.15,0.1,0.15,0.1
571,571,Barba,16,Toscana,0.15,0.15,0.1,0.15,0.1
572,572,Barbania,12,Piemonte,0.15,0.15,0.1,0.15,0.1
573,573,Barbara,10,Marche,0.15,0.15,0.1,0.15,0.1
574,574,Barbarano Romano,07,Lazio,0.15,0.15,0.1,0.15,0.1
575,575,Barbarano Vicentino,20,Veneto,0.15,0.15,0.1,0.15,0.1
576,576,Barbarasco,16,Toscana,0.15,0.15,0.1,0.15,0.1
577,577,Barbaresco,12,Piemonte,0.15,0.15,0.1,0.15,0.1
578,578,Barbariga,09,Lombardia,0.15,0.15,0.1,0.15,0.1
579,579,Barbasso,09,Lombardia,0.15,0.15,0.1,0.15,0.1
580,580,Barbata,09,Lombardia,0.15,0.15,0.1,0.15,0.1
581,581,Barbeano,06,Friuli-venezia Giulia,0.15,0.15,0.1,0.15,0.1
582,582,Barberi,01,Abruzzi,0.15,0.15,0.1,0.15,0.1
583,583,Barbianello,09,Lombardia,0.15,0.15,0.1,0.15,0.1
584,584,Barbiano,,Emilia-romagna",0.15,0.15,0.1,0.15,0.1
585,585,Barbiano,17,Trentino-alto Adige,0.15,0.15,0.1,0.15,0.1
586,586,Barbisano,20,Veneto,0.15,0.15,0.1,0.15,0.1
587,587,Barbona,20,Veneto,0.15,0.15,0.1,0.15,0.1
588,588,Barbusi,,Autonoma Della Sardegna,0.15,0.15,0.1,0.15,0.1
589,589,Barchi,10,Marche,0.15,0.15,0.1,0.15,0.1
590,590,Barcis,06,Friuli-venezia Giulia,0.15,0.15,0.1,0.15,0.1
591,591,Barco,17,Trentino-alto Adige,0.15,0.15,0.1,0.15,0.1
592,592,Barco,06,Friuli-venezia Giulia,0.15,0.15,0.1,0.15,0.1
593,593,Barco,,Emilia-romagna",0.15,0.15,0.1,0.15,0.1
594,594,Barcon,20,Veneto,0.15,0.15,0.1,0.15,0.1
595,595,Bard,,Autonoma Valle D'aosta,0.15,0.15,0.1,0.15,0.1
596,596,Bardello,09,Lombardia,0.15,0.15,0.1,0.15,0.1
597,597,Bardi,,Emilia-romagna",0.15,0.15,0.1,0.15,0.1
598,598,Bardineto,,Liguria",0.15,0.15,0.1,0.15,0.1
599,599,Bardolino,20,Veneto,0.15,0.15,0.1,0.15,0.1
600,600,Bardonecchia,12,Piemonte,0.15,0.15,0.1,0.15,0.1
601,601,Bareggio,09,Lombardia,0.15,0.15,0.1,0.15,0.1
602,602,Barengo,12,Piemonte,0.15,0.15,0.1,0.15,0.1
603,603,Baressa,,Autonoma Della Sardegna,0.15,0.15,0.1,0.15,0.1
604,604,Barete,01,Abruzzi,0.15,0.15,0.1,0.15,0.1
605,605,Barga,16,Toscana,0.15,0.15,0.1,0.15,0.1
606,606,Bargagli,,Liguria",0.15,0.15,0.1,0.15,0.1
607,607,Bargano,09,Lombardia,0.15,0.15,0.1,0.15,0.1
608,608,Barge,12,Piemonte,0.15,0.15,0.1,0.15,0.1
609,609,Barghe,09,Lombardia,0.15,0.15,0.1,0.15,0.1
610,610,Bari,13,Puglia,0.15,0.15,0.1,0.15,0.1
611,611,Bari Sardo,,Autonoma Della Sardegna,0.15,0.15,0.1,0.15,0.1
612,612,Bariano,09,Lombardia,0.15,0.15,0.1,0.15,0.1
613,613,Baricella,,Emilia-romagna",0.15,0.15,0.1,0.15,0.1
614,614,Baricetta,20,Veneto,0.15,0.15,0.1,0.15,0.1
615,615,Barile,02,Basilicata,0.15,0.15,0.1,0.15,0.1
616,616,Barisciano,01,Abruzzi,0.15,0.15,0.1,0.15,0.1
617,617,Barlassina,09,Lombardia,0.15,0.15,0.1,0.15,0.1
618,618,Barletta,13,Puglia,0.15,0.15,0.1,0.15,0.1
619,619,Barni,09,Lombardia,0.15,0.15,0.1,0.15,0.1
620,620,Barolo,12,Piemonte,0.15,0.15,0.1,0.15,0.1
621,621,Barone,03,Calabria,0.15,0.15,0.1,0.15,0.1
622,622,Barone Canavese,12,Piemonte,0.15,0.15,0.1,0.15,0.1
623,623,Baronissi,04,Campania,0.15,0.15,0.1,0.15,0.1
624,624,Barra,04,Campania,0.15,0.15,0.1,0.15,0.1
625,625,Barrafranca,,Autonoma Siciliana,0.15,0.15,0.1,0.15,0.1
626,626,Barrali,,Autonoma Della Sardegna,0.15,0.15,0.1,0.15,0.1
627,627,Barrea,01,Abruzzi,0.15,0.15,0.1,0.15,0.1
628,628,Barritteri,03,Calabria,0.15,0.15,0.1,0.15,0.1
629,629,Baruchella,20,Veneto,0.15,0.15,0.1,0.15,0.1
630,630,Barumini,,Autonoma Della Sardegna,0.15,0.15,0.1,0.15,0.1
631,631,Barzago,09,Lombardia,0.15,0.15,0.1,0.15,0.1
632,632,Barzana,09,Lombardia,0.15,0.15,0.1,0.15,0.1
633,633,Barzano,09,Lombardia,0.15,0.15,0.1,0.15,0.1
634,634,Barzio,09,Lombardia,0.15,0.15,0.1,0.15,0.1
635,635,Basaldella,06,Friuli-venezia Giulia,0.15,0.15,0.1,0.15,0.1
636,636,Basaluzzo,12,Piemonte,0.15,0.15,0.1,0.15,0.1
637,637,Bascape,09,Lombardia,0.15,0.15,0.1,0.15,0.1
638,638,Baschi,18,Umbria,0.15,0.15,0.1,0.15,0.1
639,639,Basciano,01,Abruzzi,0.15,0.15,0.1,0.15,0.1
640,640,Basciano,07,Lazio,0.15,0.15,0.1,0.15,0.1
641,641,Baselice,04,Campania,0.15,0.15,0.1,0.15,0.1
642,642,Basella,09,Lombardia,0.15,0.15,0.1,0.15,0.1
643,643,Basiano,09,Lombardia,0.15,0.15,0.1,0.15,0.1
644,644,Basiasco,09,Lombardia,0.15,0.15,0.1,0.15,0.1
645,645,Basico,,Autonoma Siciliana,0.15,0.15,0.1,0.15,0.1
646,646,Basiglio,09,Lombardia,0.15,0.15,0.1,0.15,0.1
647,647,Basiliano,06,Friuli-venezia Giulia,0.15,0.15,0.1,0.15,0.1
648,648,Basilicagoiano,,Emilia-romagna",0.15,0.15,0.1,0.15,0.1
649,649,Basilicanova,,Emilia-romagna",0.15,0.15,0.1,0.15,0.1
650,650,Basovizza,06,Friuli-venezia Giulia,0.15,0.15,0.1,0.15,0.1
651,651,Bassa,16,Toscana,0.15,0.15,0.1,0.15,0.1
652,652,Bassano Bresciano,09,Lombardia,0.15,0.15,0.1,0.15,0.1
653,653,Bassano Romano,07,Lazio,0.15,0.15,0.1,0.15,0.1
654,654,Bassiano,07,Lazio,0.15,0.15,0.1,0.15,0.1
655,655,Bassignana,12,Piemonte,0.15,0.15,0.1,0.15,0.1
656,656,Bastardo,18,Umbria,0.15,0.15,0.1,0.15,0.1
657,657,Bastia,,Liguria",0.15,0.15,0.1,0.15,0.1
658,658,Bastia,20,Veneto,0.15,0.15,0.1,0.15,0.1
659,659,Bastia Mondovi,12,Piemonte,0.15,0.15,0.1,0.15,0.1
660,660,Bastida Pancarana,09,Lombardia,0.15,0.15,0.1,0.15,0.1
661,661,Bastiglia,,Emilia-romagna",0.15,0.15,0.1,0.15,0.1
662,662,Batignano,16,Toscana,0.15,0.15,0.1,0.15,0.1
663,663,Battaglia Terme,20,Veneto,0.15,0.15,0.1,0.15,0.1
664,664,Battifollo,12,Piemonte,0.15,0.15,0.1,0.15,0.1
665,665,Battipaglia,04,Campania,0.15,0.15,0.1,0.15,0.1
666,666,Battuda,09,Lombardia,0.15,0.15,0.1,0.15,0.1
667,667,Baucina,,Autonoma Siciliana,0.15,0.15,0.1,0.15,0.1
668,668,Bauladu,,Autonoma Della Sardegna,0.15,0.15,0.1,0.15,0.1
669,669,Baunei,,Autonoma Della Sardegna,0.15,0.15,0.1,0.15,0.1
670,670,Baura,,Emilia-romagna",0.15,0.15,0.1,0.15,0.1
671,671,Baveno,12,Piemonte,0.15,0.15,0.1,0.15,0.1
672,672,Bazzano,,Emilia-romagna",0.15,0.15,0.1,0.15,0.1
673,673,Bedero,09,Lombardia,0.15,0.15,0.1,0.15,0.1
674,674,Bedero Valcuvia,09,Lombardia,0.15,0.15,0.1,0.15,0.1
675,675,Bedizzano,16,Toscana,0.15,0.15,0.1,0.15,0.1
676,676,Bedizzole,09,Lombardia,0.15,0.15,0.1,0.15,0.1
677,677,Bedonia,,Emilia-romagna",0.15,0.15,0.1,0.15,0.1
678,678,Bedulita,09,Lombardia,0.15,0.15,0.1,0.15,0.1
679,679,Bee,12,Piemonte,0.15,0.15,0.1,0.15,0.1
680,680,Begliano,06,Friuli-venezia Giulia,0.15,0.15,0.1,0.15,0.1
681,681,Beinasco,12,Piemonte,0.15,0.15,0.1,0.15,0.1
682,682,Beinette,12,Piemonte,0.15,0.15,0.1,0.15,0.1
683,683,Belcastro,03,Calabria,0.15,0.15,0.1,0.15,0.1
684,684,Belfiore,20,Veneto,0.15,0.15,0.1,0.15,0.1
685,685,Belforte,10,Marche,0.15,0.15,0.1,0.15,0.1
686,686,Belforte,09,Lombardia,0.15,0.15,0.1,0.15,0.1
687,687,Belforte Monferrato,12,Piemonte,0.15,0.15,0.1,0.15,0.1
688,688,Belgioioso,09,Lombardia,0.15,0.15,0.1,0.15,0.1
689,689,Belgirate,12,Piemonte,0.15,0.15,0.1,0.15,0.1
690,690,Bella,02,Basilicata,0.15,0.15,0.1,0.15,0.1
691,691,Bellagio,09,Lombardia,0.15,0.15,0.1,0.15,0.1
692,692,Bellano,09,Lombardia,0.15,0.15,0.1,0.15,0.1
693,693,Bellante,01,Abruzzi,0.15,0.15,0.1,0.15,0.1
694,694,Bellante Stazione,01,Abruzzi,0.15,0.15,0.1,0.15,0.1
695,695,Bellavista,16,Toscana,0.15,0.15,0.1,0.15,0.1
696,696,Bellavista,07,Lazio,0.15,0.15,0.1,0.15,0.1
697,697,Bellegra,07,Lazio,0.15,0.15,0.1,0.15,0.1
698,698,Bellinzago Lombardo,09,Lombardia,0.15,0.15,0.1,0.15,0.1
699,699,Bellinzago Novarese,12,Piemonte,0.15,0.15,0.1,0.15,0.1
700,700,Bellizzi,04,Campania,0.15,0.15,0.1,0.15,0.1
701,701,Bellizzi Irpino,04,Campania,0.15,0.15,0.1,0.15,0.1
702,702,Bellocchi,10,Marche,0.15,0.15,0.1,0.15,0.1
703,703,Bellona,04,Campania,0.15,0.15,0.1,0.15,0.1
704,704,Bellosguardo,04,Campania,0.15,0.15,0.1,0.15,0.1
705,705,Belluno,20,Veneto,0.15,0.15,0.1,0.15,0.1
706,706,Bellusco,09,Lombardia,0.15,0.15,0.1,0.15,0.1
707,707,Belmonte Calabro,03,Calabria,0.15,0.15,0.1,0.15,0.1
708,708,Belmonte Castello,07,Lazio,0.15,0.15,0.1,0.15,0.1
709,709,Belmonte Mezzagno,,Autonoma Siciliana,0.15,0.15,0.1,0.15,0.1
710,710,Belmonte Piceno,10,Marche,0.15,0.15,0.1,0.15,0.1
711,711,Belpasso,,Autonoma Siciliana,0.15,0.15,0.1,0.15,0.1
712,712,Belsito,03,Calabria,0.15,0.15,0.1,0.15,0.1
713,713,Belvedere,20,Veneto,0.15,0.15,0.1,0.15,0.1
714,714,Belvedere,,Autonoma Siciliana,0.15,0.15,0.1,0.15,0.1
715,715,Belvedere,,Emilia-romagna",0.15,0.15,0.1,0.15,0.1
716,716,Belvedere Langhe,12,Piemonte,0.15,0.15,0.1,0.15,0.1
717,717,Belvedere Marittimo,03,Calabria,0.15,0.15,0.1,0.15,0.1
718,718,Belvedere Ostrense,10,Marche,0.15,0.15,0.1,0.15,0.1
719,719,Belveglio,12,Piemonte,0.15,0.15,0.1,0.15,0.1
720,720,Belverde,16,Toscana,0.15,0.15,0.1,0.15,0.1
721,721,Belvi,,Autonoma Della Sardegna,0.15,0.15,0.1,0.15,0.1
722,722,Bema,09,Lombardia,0.15,0.15,0.1,0.15,0.1
723,723,Bene Lario,09,Lombardia,0.15,0.15,0.1,0.15,0.1
724,724,Bene Vagienna,12,Piemonte,0.15,0.15,0.1,0.15,0.1
725,725,Benestare,03,Calabria,0.15,0.15,0.1,0.15,0.1
726,726,Benetutti,,Autonoma Della Sardegna,0.15,0.15,0.1,0.15,0.1
727,727,Benevello,12,Piemonte,0.15,0.15,0.1,0.15,0.1
728,728,Benevento,04,Campania,0.15,0.15,0.1,0.15,0.1
729,729,Benna,12,Piemonte,0.15,0.15,0.1,0.15,0.1
730,730,Benne,12,Piemonte,0.15,0.15,0.1,0.15,0.1
731,731,Bentivoglio,,Emilia-romagna",0.15,0.15,0.1,0.15,0.1
732,732,Berbenno,09,Lombardia,0.15,0.15,0.1,0.15,0.1
733,733,Berceto,,Emilia-romagna",0.15,0.15,0.1,0.15,0.1
734,734,Berchidda,,Autonoma Della Sardegna,0.15,0.15,0.1,0.15,0.1
735,735,Berchiddeddu,,Autonoma Della Sardegna,0.15,0.15,0.1,0.15,0.1
736,736,Beregazzo,09,Lombardia,0.15,0.15,0.1,0.15,0.1
737,737,Bereguardo,09,Lombardia,0.15,0.15,0.1,0.15,0.1
738,738,Bergamasco,12,Piemonte,0.15,0.15,0.1,0.15,0.1
739,739,Bergamo,09,Lombardia,0.15,0.15,0.1,0.15,0.1
740,740,Bergantino,20,Veneto,0.15,0.15,0.1,0.15,0.1
741,741,Bergeggi,,Liguria",0.15,0.15,0.1,0.15,0.1
742,742,Bergolo,12,Piemonte,0.15,0.15,0.1,0.15,0.1
743,743,Berlingo,09,Lombardia,0.15,0.15,0.1,0.15,0.1
744,744,Bernalda,02,Basilicata,0.15,0.15,0.1,0.15,0.1
745,745,Bernareggio,09,Lombardia,0.15,0.15,0.1,0.15,0.1
746,746,Bernate Ticino,09,Lombardia,0.15,0.15,0.1,0.15,0.1
747,747,Bernezzo,12,Piemonte,0.15,0.15,0.1,0.15,0.1
748,748,Berra,,Emilia-romagna",0.15,0.15,0.1,0.15,0.1
749,749,Bersezio,12,Piemonte,0.15,0.15,0.1,0.15,0.1
750,750,Bersone,17,Trentino-alto Adige,0.15,0.15,0.1,0.15,0.1
751,751,Bertinoro,,Emilia-romagna",0.15,0.15,0.1,0.15,0.1
752,752,Bertiolo,06,Friuli-venezia Giulia,0.15,0.15,0.1,0.15,0.1
753,753,Bertipaglia,20,Veneto,0.15,0.15,0.1,0.15,0.1
754,754,Bertonico,09,Lombardia,0.15,0.15,0.1,0.15,0.1
755,755,Berzantina,,Emilia-romagna",0.15,0.15,0.1,0.15,0.1
756,756,Berzo,09,Lombardia,0.15,0.15,0.1,0.15,0.1
757,757,Berzo Inferiore,09,Lombardia,0.15,0.15,0.1,0.15,0.1
758,758,Berzo San Fermo,09,Lombardia,0.15,0.15,0.1,0.15,0.1
759,759,Besano,09,Lombardia,0.15,0.15,0.1,0.15,0.1
760,760,Besate,09,Lombardia,0.15,0.15,0.1,0.15,0.1
761,761,Besenello,17,Trentino-alto Adige,0.15,0.15,0.1,0.15,0.1
762,762,Besenzone,,Emilia-romagna",0.15,0.15,0.1,0.15,0.1
763,763,Besnate,09,Lombardia,0.15,0.15,0.1,0.15,0.1
764,764,Besozzo,09,Lombardia,0.15,0.15,0.1,0.15,0.1
765,765,Bessude,,Autonoma Della Sardegna,0.15,0.15,0.1,0.15,0.1
766,766,Bettola,09,Lombardia,0.15,0.15,0.1,0.15,0.1
767,767,Bettola,,Emilia-romagna",0.15,0.15,0.1,0.15,0.1
768,768,Bettole,09,Lombardia,0.15,0.15,0.1,0.15,0.1
769,769,Bettolle,16,Toscana,0.15,0.15,0.1,0.15,0.1
770,770,Bettona,18,Umbria,0.15,0.15,0.1,0.15,0.1
771,771,Beura,12,Piemonte,0.15,0.15,0.1,0.15,0.1
772,772,Bevagna,18,Umbria,0.15,0.15,0.1,0.15,0.1
773,773,Beverare,20,Veneto,0.15,0.15,0.1,0.15,0.1
774,774,Beverino,,Liguria",0.15,0.15,0.1,0.15,0.1
775,775,Bevilacqua,20,Veneto,0.15,0.15,0.1,0.15,0.1
776,776,Bezzecca,17,Trentino-alto Adige,0.15,0.15,0.1,0.15,0.1
777,777,Biancade,20,Veneto,0.15,0.15,0.1,0.15,0.1
778,778,Biancavilla,,Autonoma Siciliana,0.15,0.15,0.1,0.15,0.1
779,779,Bianchi,03,Calabria,0.15,0.15,0.1,0.15,0.1
780,780,Bianco,03,Calabria,0.15,0.15,0.1,0.15,0.1
781,781,Biandrate,12,Piemonte,0.15,0.15,0.1,0.15,0.1
782,782,Biandronno,09,Lombardia,0.15,0.15,0.1,0.15,0.1
783,783,Bianzano,09,Lombardia,0.15,0.15,0.1,0.15,0.1
784,784,Bianze,12,Piemonte,0.15,0.15,0.1,0.15,0.1
785,785,Bianzone,09,Lombardia,0.15,0.15,0.1,0.15,0.1
786,786,Biassono,09,Lombardia,0.15,0.15,0.1,0.15,0.1
787,787,Biauzzo,06,Friuli-venezia Giulia,0.15,0.15,0.1,0.15,0.1
788,788,Bibano,20,Veneto,0.15,0.15,0.1,0.15,0.1
789,789,Bibbiano,,Emilia-romagna",0.15,0.15,0.1,0.15,0.1
790,790,Bibbiena,16,Toscana,0.15,0.15,0.1,0.15,0.1
791,791,Bibbona,16,Toscana,0.15,0.15,0.1,0.15,0.1
792,792,Bibiana,12,Piemonte,0.15,0.15,0.1,0.15,0.1
793,793,Bibione,20,Veneto,0.15,0.15,0.1,0.15,0.1
794,794,Biccari,13,Puglia,0.15,0.15,0.1,0.15,0.1
795,795,Bicinicco,06,Friuli-venezia Giulia,0.15,0.15,0.1,0.15,0.1
796,796,Bidoni,,Autonoma Della Sardegna,0.15,0.15,0.1,0.15,0.1
797,797,Biella,12,Piemonte,0.15,0.15,0.1,0.15,0.1
798,798,Bienno,09,Lombardia,0.15,0.15,0.1,0.15,0.1
799,799,Bieno,17,Trentino-alto Adige,0.15,0.15,0.1,0.15,0.1
800,800,Bieno,12,Piemonte,0.15,0.15,0.1,0.15,0.1
801,801,Bientina,16,Toscana,0.15,0.15,0.1,0.15,0.1
802,802,Bigolino,20,Veneto,0.15,0.15,0.1,0.15,0.1
803,803,Binago,09,Lombardia,0.15,0.15,0.1,0.15,0.1
804,804,Binasco,09,Lombardia,0.15,0.15,0.1,0.15,0.1
805,805,Binetto,13,Puglia,0.15,0.15,0.1,0.15,0.1
806,806,Bionaz,,Autonoma Valle D'aosta,0.15,0.15,0.1,0.15,0.1
807,807,Bionde,20,Veneto,0.15,0.15,0.1,0.15,0.1
808,808,Bione,09,Lombardia,0.15,0.15,0.1,0.15,0.1
809,809,Birori,,Autonoma Della Sardegna,0.15,0.15,0.1,0.15,0.1
810,810,Bisaccia,04,Campania,0.15,0.15,0.1,0.15,0.1
811,811,Bisaccia Nuova,04,Campania,0.15,0.15,0.1,0.15,0.1
812,812,Bisacquino,,Autonoma Siciliana,0.15,0.15,0.1,0.15,0.1
813,813,Bisceglie,13,Puglia,0.15,0.15,0.1,0.15,0.1
814,814,Bisegna,01,Abruzzi,0.15,0.15,0.1,0.15,0.1
815,815,Bisenti,01,Abruzzi,0.15,0.15,0.1,0.15,0.1
816,816,Bisignano,03,Calabria,0.15,0.15,0.1,0.15,0.1
817,817,Bistagno,12,Piemonte,0.15,0.15,0.1,0.15,0.1
818,818,Bisuschio,09,Lombardia,0.15,0.15,0.1,0.15,0.1
819,819,Bitetto,13,Puglia,0.15,0.15,0.1,0.15,0.1
820,820,Bitonto,13,Puglia,0.15,0.15,0.1,0.15,0.1
821,821,Bitritto,13,Puglia,0.15,0.15,0.1,0.15,0.1
822,822,Bitti,,Autonoma Della Sardegna,0.15,0.15,0.1,0.15,0.1
823,823,Bivigliano,16,Toscana,0.15,0.15,0.1,0.15,0.1
824,824,Bivio Cascinare,10,Marche,0.15,0.15,0.1,0.15,0.1
825,825,Bivio Cava Manara,09,Lombardia,0.15,0.15,0.1,0.15,0.1
826,826,Bivio Mortola,04,Campania,0.15,0.15,0.1,0.15,0.1
827,827,Bivio San Polo,07,Lazio,0.15,0.15,0.1,0.15,0.1
828,828,Bivio Santa Cecilia,04,Campania,0.15,0.15,0.1,0.15,0.1
829,829,Bivona,,Autonoma Siciliana,0.15,0.15,0.1,0.15,0.1
830,830,Bivongi,03,Calabria,0.15,0.15,0.1,0.15,0.1
831,831,Bizzarone,09,Lombardia,0.15,0.15,0.1,0.15,0.1
832,832,Bleggio Superiore,17,Trentino-alto Adige,0.15,0.15,0.1,0.15,0.1
833,833,Blello,09,Lombardia,0.15,0.15,0.1,0.15,0.1
834,834,Blera,07,Lazio,0.15,0.15,0.1,0.15,0.1
835,835,Blessagno,09,Lombardia,0.15,0.15,0.1,0.15,0.1
836,836,Blessano,06,Friuli-venezia Giulia,0.15,0.15,0.1,0.15,0.1
837,837,Blevio,09,Lombardia,0.15,0.15,0.1,0.15,0.1
838,838,Blufi,,Autonoma Siciliana,0.15,0.15,0.1,0.15,0.1
839,839,Boara,,Emilia-romagna",0.15,0.15,0.1,0.15,0.1
840,840,Boara Pisani,20,Veneto,0.15,0.15,0.1,0.15,0.1
841,841,Bobbio,,Emilia-romagna",0.15,0.15,0.1,0.15,0.1
842,842,Bobbio Pellice,12,Piemonte,0.15,0.15,0.1,0.15,0.1
843,843,Boca,12,Piemonte,0.15,0.15,0.1,0.15,0.1
844,844,Bocchigliero,03,Calabria,0.15,0.15,0.1,0.15,0.1
845,845,Boccioleto,12,Piemonte,0.15,0.15,0.1,0.15,0.1
846,846,Bocco,,Liguria",0.15,0.15,0.1,0.15,0.1
847,847,Bocenago,17,Trentino-alto Adige,0.15,0.15,0.1,0.15,0.1
848,848,Bodio,09,Lombardia,0.15,0.15,0.1,0.15,0.1
849,849,Bodio Lomnago,09,Lombardia,0.15,0.15,0.1,0.15,0.1
850,850,Boffalora Sopra Ticino,09,Lombardia,0.15,0.15,0.1,0.15,0.1
851,851,Boffetto,09,Lombardia,0.15,0.15,0.1,0.15,0.1
852,852,Bogliasco,,Liguria",0.15,0.15,0.1,0.15,0.1
853,853,Boglietto,12,Piemonte,0.15,0.15,0.1,0.15,0.1
854,854,Bogogno,12,Piemonte,0.15,0.15,0.1,0.15,0.1
855,855,Boissano,,Liguria",0.15,0.15,0.1,0.15,0.1
856,856,Bojano,11,Molise,0.15,0.15,0.1,0.15,0.1
857,857,Bolano,,Liguria",0.15,0.15,0.1,0.15,0.1
858,858,Bolbeno,17,Trentino-alto Adige,0.15,0.15,0.1,0.15,0.1
859,859,Bolgare,09,Lombardia,0.15,0.15,0.1,0.15,0.1
860,860,Bollate,09,Lombardia,0.15,0.15,0.1,0.15,0.1
861,861,Bollengo,12,Piemonte,0.15,0.15,0.1,0.15,0.1
862,862,Bologna,,Emilia-romagna",0.15,0.15,0.1,0.15,0.1
863,863,Bolognano,01,Abruzzi,0.15,0.15,0.1,0.15,0.1
864,864,Bolognetta,,Autonoma Siciliana,0.15,0.15,0.1,0.15,0.1
865,865,Bolognola,10,Marche,0.15,0.15,0.1,0.15,0.1
866,866,Bolotana,,Autonoma Della Sardegna,0.15,0.15,0.1,0.15,0.1
867,867,Bolsena,07,Lazio,0.15,0.15,0.1,0.15,0.1
868,868,Boltiere,09,Lombardia,0.15,0.15,0.1,0.15,0.1
869,869,Bolzano,17,Trentino-alto Adige,0.15,0.15,0.1,0.15,0.1
870,870,Bolzano,20,Veneto,0.15,0.15,0.1,0.15,0.1
871,871,Bolzano Novarese,12,Piemonte,0.15,0.15,0.1,0.15,0.1
872,872,Bolzano Vicentino,20,Veneto,0.15,0.15,0.1,0.15,0.1
873,873,Bolzone,09,Lombardia,0.15,0.15,0.1,0.15,0.1
874,874,Bomarzo,07,Lazio,0.15,0.15,0.1,0.15,0.1
875,875,Bomba,01,Abruzzi,0.15,0.15,0.1,0.15,0.1
876,876,Bompensiere,,Autonoma Siciliana,0.15,0.15,0.1,0.15,0.1
877,877,Bompietro,,Autonoma Siciliana,0.15,0.15,0.1,0.15,0.1
878,878,Bomporto,,Emilia-romagna",0.15,0.15,0.1,0.15,0.1
879,879,Bonarcado,,Autonoma Della Sardegna,0.15,0.15,0.1,0.15,0.1
880,880,Bonassola,,Liguria",0.15,0.15,0.1,0.15,0.1
881,881,Bonate Sopra,09,Lombardia,0.15,0.15,0.1,0.15,0.1
882,882,Bonate Sotto,09,Lombardia,0.15,0.15,0.1,0.15,0.1
883,883,Bonavicina,20,Veneto,0.15,0.15,0.1,0.15,0.1
884,884,Bonavigo,20,Veneto,0.15,0.15,0.1,0.15,0.1
885,885,Bondanello,09,Lombardia,0.15,0.15,0.1,0.15,0.1
886,886,Bondeno,09,Lombardia,0.15,0.15,0.1,0.15,0.1
887,887,Bondeno,,Emilia-romagna",0.15,0.15,0.1,0.15,0.1
888,888,Bondione,09,Lombardia,0.15,0.15,0.1,0.15,0.1
889,889,Bondo,17,Trentino-alto Adige,0.15,0.15,0.1,0.15,0.1
890,890,Bondone,17,Trentino-alto Adige,0.15,0.15,0.1,0.15,0.1
891,891,Bonea,04,Campania,0.15,0.15,0.1,0.15,0.1
892,892,Bonefro,11,Molise,0.15,0.15,0.1,0.15,0.1
893,893,Bonemerse,09,Lombardia,0.15,0.15,0.1,0.15,0.1
894,894,Bonferraro,20,Veneto,0.15,0.15,0.1,0.15,0.1
895,895,Bonifati,03,Calabria,0.15,0.15,0.1,0.15,0.1
896,896,Bonisiolo,20,Veneto,0.15,0.15,0.1,0.15,0.1
897,897,Bonito,04,Campania,0.15,0.15,0.1,0.15,0.1
898,898,Bonnanaro,,Autonoma Della Sardegna,0.15,0.15,0.1,0.15,0.1
899,899,Bono,,Autonoma Della Sardegna,0.15,0.15,0.1,0.15,0.1
900,900,Bonorva,,Autonoma Della Sardegna,0.15,0.15,0.1,0.15,0.1
901,901,Bonvicino,12,Piemonte,0.15,0.15,0.1,0.15,0.1
902,902,Bora Bassa,,Emilia-romagna",0.15,0.15,0.1,0.15,0.1
903,903,Borbona,07,Lazio,0.15,0.15,0.1,0.15,0.1
904,904,Borca,20,Veneto,0.15,0.15,0.1,0.15,0.1
905,905,Bordano,06,Friuli-venezia Giulia,0.15,0.15,0.1,0.15,0.1
906,906,Bordighera,,Liguria",0.15,0.15,0.1,0.15,0.1
907,907,Bordolano,09,Lombardia,0.15,0.15,0.1,0.15,0.1
908,908,Bore,,Emilia-romagna",0.15,0.15,0.1,0.15,0.1
909,909,Borello,,Emilia-romagna",0.15,0.15,0.1,0.15,0.1
910,910,Boretto,,Emilia-romagna",0.15,0.15,0.1,0.15,0.1
911,911,Borgagne,13,Puglia,0.15,0.15,0.1,0.15,0.1
912,912,Borgarello,09,Lombardia,0.15,0.15,0.1,0.15,0.1
913,913,Borgaro Torinese,12,Piemonte,0.15,0.15,0.1,0.15,0.1
914,914,Borgata Marina,03,Calabria,0.15,0.15,0.1,0.15,0.1
915,915,Borgetto,,Autonoma Siciliana,0.15,0.15,0.1,0.15,0.1
916,916,Borghetto,10,Marche,0.15,0.15,0.1,0.15,0.1
917,917,Borghetto Lodigiano,09,Lombardia,0.15,0.15,0.1,0.15,0.1
918,918,Borghetto Santo Spirito,,Liguria",0.15,0.15,0.1,0.15,0.1
919,919,Borghi,,Emilia-romagna",0.15,0.15,0.1,0.15,0.1
920,920,Borgia,03,Calabria,0.15,0.15,0.1,0.15,0.1
921,921,Borgiallo,12,Piemonte,0.15,0.15,0.1,0.15,0.1
922,922,Borgio,,Liguria",0.15,0.15,0.1,0.15,0.1
923,923,Borgo,12,Piemonte,0.15,0.15,0.1,0.15,0.1
924,924,Borgo,04,Campania,0.15,0.15,0.1,0.15,0.1
925,925,Borgo Bainsizza,07,Lazio,0.15,0.15,0.1,0.15,0.1
926,926,Borgo Carillia,04,Campania,0.15,0.15,0.1,0.15,0.1
927,927,Borgo Carso,07,Lazio,0.15,0.15,0.1,0.15,0.1
928,928,Borgo Celano,13,Puglia,0.15,0.15,0.1,0.15,0.1
929,929,Borgo Faiti,07,Lazio,0.15,0.15,0.1,0.15,0.1
930,930,Borgo Flora,07,Lazio,0.15,0.15,0.1,0.15,0.1
931,931,Borgo Grappa,07,Lazio,0.15,0.15,0.1,0.15,0.1
932,932,Borgo Hermada,07,Lazio,0.15,0.15,0.1,0.15,0.1
933,933,Borgo Massano,10,Marche,0.15,0.15,0.1,0.15,0.1
934,934,Borgo Montello,07,Lazio,0.15,0.15,0.1,0.15,0.1
935,935,Borgo Pace,10,Marche,0.15,0.15,0.1,0.15,0.1
936,936,Borgo Piave,07,Lazio,0.15,0.15,0.1,0.15,0.1
937,937,Borgo Podgora,07,Lazio,0.15,0.15,0.1,0.15,0.1
938,938,Borgo Priolo,09,Lombardia,0.15,0.15,0.1,0.15,0.1
939,939,Borgo Quinzio,07,Lazio,0.15,0.15,0.1,0.15,0.1
940,940,Borgo Revel,12,Piemonte,0.15,0.15,0.1,0.15,0.1
941,941,Borgo San Dalmazzo,12,Piemonte,0.15,0.15,0.1,0.15,0.1
942,942,Borgo San Giacomo,09,Lombardia,0.15,0.15,0.1,0.15,0.1
943,943,Borgo San Giovanni,09,Lombardia,0.15,0.15,0.1,0.15,0.1
944,944,Borgo San Lorenzo,16,Toscana,0.15,0.15,0.1,0.15,0.1
945,945,Borgo San Martino,12,Piemonte,0.15,0.15,0.1,0.15,0.1
946,946,Borgo San Michele,07,Lazio,0.15,0.15,0.1,0.15,0.1
947,947,Borgo San Pietro,07,Lazio,0.15,0.15,0.1,0.15,0.1
948,948,Borgo San Siro,09,Lombardia,0.15,0.15,0.1,0.15,0.1
949,949,Borgo Santa Maria,07,Lazio,0.15,0.15,0.1,0.15,0.1
950,950,Borgo Santa Maria,10,Marche,0.15,0.15,0.1,0.15,0.1
951,951,Borgo Santa Maria Immacolata,01,Abruzzi,0.15,0.15,0.1,0.15,0.1
952,952,Borgo Stazione,10,Marche,0.15,0.15,0.1,0.15,0.1
953,953,Borgo Ticino,12,Piemonte,0.15,0.15,0.1,0.15,0.1
954,954,Borgo Tossignano,,Emilia-romagna",0.15,0.15,0.1,0.15,0.1
955,955,Borgo Valsugana,17,Trentino-alto Adige,0.15,0.15,0.1,0.15,0.1
956,956,Borgo Velino,07,Lazio,0.15,0.15,0.1,0.15,0.1
957,957,Borgo Vercelli,12,Piemonte,0.15,0.15,0.1,0.15,0.1
958,958,Borgo Verde,20,Veneto,0.15,0.15,0.1,0.15,0.1
959,959,Borgo Vodice,07,Lazio,0.15,0.15,0.1,0.15,0.1
960,960,Borgoforte,09,Lombardia,0.15,0.15,0.1,0.15,0.1
961,961,Borgolavezzaro,12,Piemonte,0.15,0.15,0.1,0.15,0.1
962,962,Borgomale,12,Piemonte,0.15,0.15,0.1,0.15,0.1
963,963,Borgomanero,12,Piemonte,0.15,0.15,0.1,0.15,0.1
964,964,Borgomaro,,Liguria",0.15,0.15,0.1,0.15,0.1
965,965,Borgomasino,12,Piemonte,0.15,0.15,0.1,0.15,0.1
966,966,Borgonato,09,Lombardia,0.15,0.15,0.1,0.15,0.1
967,967,Borgone Susa,12,Piemonte,0.15,0.15,0.1,0.15,0.1
968,968,Borgonuovo,,Emilia-romagna",0.15,0.15,0.1,0.15,0.1
969,969,Borgonuovo,09,Lombardia,0.15,0.15,0.1,0.15,0.1
970,970,Borgoratto Alessandrino,12,Piemonte,0.15,0.15,0.1,0.15,0.1
971,971,Borgoratto Mormorolo,09,Lombardia,0.15,0.15,0.1,0.15,0.1
972,972,Borgorose,07,Lazio,0.15,0.15,0.1,0.15,0.1
973,973,Borgosatollo,09,Lombardia,0.15,0.15,0.1,0.15,0.1
974,974,Borgosesia,12,Piemonte,0.15,0.15,0.1,0.15,0.1
975,975,Bormida,,Liguria",0.15,0.15,0.1,0.15,0.1
976,976,Bormio,09,Lombardia,0.15,0.15,0.1,0.15,0.1
977,977,Bornasco,09,Lombardia,0.15,0.15,0.1,0.15,0.1
978,978,Bornato,09,Lombardia,0.15,0.15,0.1,0.15,0.1
979,979,Borno,09,Lombardia,0.15,0.15,0.1,0.15,0.1
980,980,Boroneddu,,Autonoma Della Sardegna,0.15,0.15,0.1,0.15,0.1
981,981,Borore,,Autonoma Della Sardegna,0.15,0.15,0.1,0.15,0.1
982,982,Borrello,01,Abruzzi,0.15,0.15,0.1,0.15,0.1
983,983,Borriana,12,Piemonte,0.15,0.15,0.1,0.15,0.1
984,984,Bortigali,,Autonoma Della Sardegna,0.15,0.15,0.1,0.15,0.1
985,985,Bortigiadas,,Autonoma Della Sardegna,0.15,0.15,0.1,0.15,0.1
986,986,Borutta,,Autonoma Della Sardegna,0.15,0.15,0.1,0.15,0.1
987,987,Borzano,,Emilia-romagna",0.15,0.15,0.1,0.15,0.1
988,988,Borzonasca,,Liguria",0.15,0.15,0.1,0.15,0.1
989,989,Bosa,,Autonoma Della Sardegna,0.15,0.15,0.1,0.15,0.1
990,990,Bosaro,20,Veneto,0.15,0.15,0.1,0.15,0.1
991,991,Boschetto,09,Lombardia,0.15,0.15,0.1,0.15,0.1
992,992,Boschetto,12,Piemonte,0.15,0.15,0.1,0.15,0.1
993,993,Boschi,,Emilia-romagna",0.15,0.15,0.1,0.15,0.1
994,994,Boschi Sant'Anna,20,Veneto,0.15,0.15,0.1,0.15,0.1
995,995,Bosco,,Emilia-romagna",0.15,0.15,0.1,0.15,0.1
996,996,Bosco,20,Veneto,0.15,0.15,0.1,0.15,0.1
997,997,Bosco Chiesanuova,20,Veneto,0.15,0.15,0.1,0.15,0.1
998,998,Bosco Marengo,12,Piemonte,0.15,0.15,0.1,0.15,0.1
999,999,Bosco Mesola,,Emilia-romagna",0.15,0.15,0.1,0.15,0.1
1000,1000,Bosco Sant'Ippolito,03,Calabria,0.15,0.15,0.1,0.15,0.1
1001,1001,Boscochiaro,20,Veneto,0.15,0.15,0.1,0.15,0.1
1002,1002,Bosconero,12,Piemonte,0.15,0.15,0.1,0.15,0.1
1003,1003,Boscoreale,04,Campania,0.15,0.15,0.1,0.15,0.1
1004,1004,Boscotrecase,04,Campania,0.15,0.15,0.1,0.15,0.1
1005,1005,Bosia,12,Piemonte,0.15,0.15,0.1,0.15,0.1
1006,1006,Bosio,12,Piemonte,0.15,0.15,0.1,0.15,0.1
1007,1007,Bosisio Parini,09,Lombardia,0.15,0.15,0.1,0.15,0.1
1008,1008,Bosnasco,09,Lombardia,0.15,0.15,0.1,0.15,0.1
1009,1009,Bossico,09,Lombardia,0.15,0.15,0.1,0.15,0.1
1010,1010,Bossolasco,12,Piemonte,0.15,0.15,0.1,0.15,0.1
1011,1011,Botricello,03,Calabria,0.15,0.15,0.1,0.15,0.1
1012,1012,Botrugno,13,Puglia,0.15,0.15,0.1,0.15,0.1
1013,1013,Botta,09,Lombardia,0.15,0.15,0.1,0.15,0.1
1014,1014,Bottanuco,09,Lombardia,0.15,0.15,0.1,0.15,0.1
1015,1015,Bottega,10,Marche,0.15,0.15,0.1,0.15,0.1
1016,1016,Botteghino,,Emilia-romagna",0.15,0.15,0.1,0.15,0.1
1017,1017,Botticino,09,Lombardia,0.15,0.15,0.1,0.15,0.1
1018,1018,Bottidda,,Autonoma Della Sardegna,0.15,0.15,0.1,0.15,0.1
1019,1019,Bottrighe,20,Veneto,0.15,0.15,0.1,0.15,0.1
1020,1020,Bova,03,Calabria,0.15,0.15,0.1,0.15,0.1
1021,1021,Bova Marina,03,Calabria,0.15,0.15,0.1,0.15,0.1
1022,1022,Bovalino,03,Calabria,0.15,0.15,0.1,0.15,0.1
1023,1023,Bovalino Superiore,03,Calabria,0.15,0.15,0.1,0.15,0.1
1024,1024,Bovegno,09,Lombardia,0.15,0.15,0.1,0.15,0.1
1025,1025,Boves,12,Piemonte,0.15,0.15,0.1,0.15,0.1
1026,1026,Bovezzo,09,Lombardia,0.15,0.15,0.1,0.15,0.1
1027,1027,Boville Ernica,07,Lazio,0.15,0.15,0.1,0.15,0.1
1028,1028,Bovino,13,Puglia,0.15,0.15,0.1,0.15,0.1
1029,1029,Bovisio-Masciago,09,Lombardia,0.15,0.15,0.1,0.15,0.1
1030,1030,Bovolenta,20,Veneto,0.15,0.15,0.1,0.15,0.1
1031,1031,Bovolone,20,Veneto,0.15,0.15,0.1,0.15,0.1
1032,1032,Bozzole,12,Piemonte,0.15,0.15,0.1,0.15,0.1
1033,1033,Bozzolo,09,Lombardia,0.15,0.15,0.1,0.15,0.1
1034,1034,Bra,12,Piemonte,0.15,0.15,0.1,0.15,0.1
1035,1035,Bracca,09,Lombardia,0.15,0.15,0.1,0.15,0.1
1036,1036,Braccagni,16,Toscana,0.15,0.15,0.1,0.15,0.1
1037,1037,Bracciano,07,Lazio,0.15,0.15,0.1,0.15,0.1
1038,1038,Bracigliano,04,Campania,0.15,0.15,0.1,0.15,0.1
1039,1039,Braglia,20,Veneto,0.15,0.15,0.1,0.15,0.1
1040,1040,Braies,17,Trentino-alto Adige,0.15,0.15,0.1,0.15,0.1
1041,1041,Branca,18,Umbria,0.15,0.15,0.1,0.15,0.1
1042,1042,Brancaleone,03,Calabria,0.15,0.15,0.1,0.15,0.1
1043,1043,Brandico,09,Lombardia,0.15,0.15,0.1,0.15,0.1
1044,1044,Brandizzo,12,Piemonte,0.15,0.15,0.1,0.15,0.1
1045,1045,Branzi,09,Lombardia,0.15,0.15,0.1,0.15,0.1
1046,1046,Braone,09,Lombardia,0.15,0.15,0.1,0.15,0.1
1047,1047,Brattiro,03,Calabria,0.15,0.15,0.1,0.15,0.1
1048,1048,Brazzacco,06,Friuli-venezia Giulia,0.15,0.15,0.1,0.15,0.1
1049,1049,Brazzano,06,Friuli-venezia Giulia,0.15,0.15,0.1,0.15,0.1
1050,1050,Brebbia,09,Lombardia,0.15,0.15,0.1,0.15,0.1
1051,1051,Brecciaro,07,Lazio,0.15,0.15,0.1,0.15,0.1
1052,1052,Breda,20,Veneto,0.15,0.15,0.1,0.15,0.1
1053,1053,Breda Cisoni,09,Lombardia,0.15,0.15,0.1,0.15,0.1
1054,1054,Bregano,09,Lombardia,0.15,0.15,0.1,0.15,0.1
1055,1055,Breganze,20,Veneto,0.15,0.15,0.1,0.15,0.1
1056,1056,Bregnano,09,Lombardia,0.15,0.15,0.1,0.15,0.1
1057,1057,Breguzzo,17,Trentino-alto Adige,0.15,0.15,0.1,0.15,0.1
1058,1058,Breia,12,Piemonte,0.15,0.15,0.1,0.15,0.1
1059,1059,Brembate,09,Lombardia,0.15,0.15,0.1,0.15,0.1
1060,1060,Brembilla,09,Lombardia,0.15,0.15,0.1,0.15,0.1
1061,1061,Brembio,09,Lombardia,0.15,0.15,0.1,0.15,0.1
1062,1062,Breme,09,Lombardia,0.15,0.15,0.1,0.15,0.1
1063,1063,Brendola,20,Veneto,0.15,0.15,0.1,0.15,0.1
1064,1064,Brenna,09,Lombardia,0.15,0.15,0.1,0.15,0.1
1065,1065,Brenno Useria,09,Lombardia,0.15,0.15,0.1,0.15,0.1
1066,1066,Breno,09,Lombardia,0.15,0.15,0.1,0.15,0.1
1067,1067,Brenta,09,Lombardia,0.15,0.15,0.1,0.15,0.1
1068,1068,Brentino Belluno,20,Veneto,0.15,0.15,0.1,0.15,0.1
1069,1069,Brentonico,17,Trentino-alto Adige,0.15,0.15,0.1,0.15,0.1
1070,1070,Brenzone,20,Veneto,0.15,0.15,0.1,0.15,0.1
1071,1071,Breo,12,Piemonte,0.15,0.15,0.1,0.15,0.1
1072,1072,Brescello,,Emilia-romagna",0.15,0.15,0.1,0.15,0.1
1073,1073,Brescia,09,Lombardia,0.15,0.15,0.1,0.15,0.1
1074,1074,Bresega,20,Veneto,0.15,0.15,0.1,0.15,0.1
1075,1075,Bresimo,17,Trentino-alto Adige,0.15,0.15,0.1,0.15,0.1
1076,1076,Bressa,06,Friuli-venezia Giulia,0.15,0.15,0.1,0.15,0.1
1077,1077,Bressana,09,Lombardia,0.15,0.15,0.1,0.15,0.1
1078,1078,Bressanone,17,Trentino-alto Adige,0.15,0.15,0.1,0.15,0.1
1079,1079,Bressanvido,20,Veneto,0.15,0.15,0.1,0.15,0.1
1080,1080,Bresso,09,Lombardia,0.15,0.15,0.1,0.15,0.1
1081,1081,Brez,17,Trentino-alto Adige,0.15,0.15,0.1,0.15,0.1
1082,1082,Brezza,04,Campania,0.15,0.15,0.1,0.15,0.1
1083,1083,Briaglia,12,Piemonte,0.15,0.15,0.1,0.15,0.1
1084,1084,Briatico,03,Calabria,0.15,0.15,0.1,0.15,0.1
1085,1085,Bricco Favole,12,Piemonte,0.15,0.15,0.1,0.15,0.1
1086,1086,Bricherasio,12,Piemonte,0.15,0.15,0.1,0.15,0.1
1087,1087,Brienno,09,Lombardia,0.15,0.15,0.1,0.15,0.1
1088,1088,Brienza,02,Basilicata,0.15,0.15,0.1,0.15,0.1
1089,1089,Briga Alta,12,Piemonte,0.15,0.15,0.1,0.15,0.1
1090,1090,Briga Novarese,12,Piemonte,0.15,0.15,0.1,0.15,0.1
1091,1091,Brignano,12,Piemonte,0.15,0.15,0.1,0.15,0.1
1092,1092,Brindisi,13,Puglia,0.15,0.15,0.1,0.15,0.1
1093,1093,Brindisi Montagna,02,Basilicata,0.15,0.15,0.1,0.15,0.1
1094,1094,Brinzio,09,Lombardia,0.15,0.15,0.1,0.15,0.1
1095,1095,Briona,12,Piemonte,0.15,0.15,0.1,0.15,0.1
1096,1096,Brione,17,Trentino-alto Adige,0.15,0.15,0.1,0.15,0.1
1097,1097,Brione,09,Lombardia,0.15,0.15,0.1,0.15,0.1
1098,1098,Briosco,09,Lombardia,0.15,0.15,0.1,0.15,0.1
1099,1099,Brisighella,,Emilia-romagna",0.15,0.15,0.1,0.15,0.1
1100,1100,Brittoli,01,Abruzzi,0.15,0.15,0.1,0.15,0.1
1101,1101,Brivio,09,Lombardia,0.15,0.15,0.1,0.15,0.1
1102,1102,Broccostella,07,Lazio,0.15,0.15,0.1,0.15,0.1
1103,1103,Brogliano,20,Veneto,0.15,0.15,0.1,0.15,0.1
1104,1104,Brognaturo,03,Calabria,0.15,0.15,0.1,0.15,0.1
1105,1105,Brolo,,Autonoma Siciliana,0.15,0.15,0.1,0.15,0.1
1106,1106,Brondello,12,Piemonte,0.15,0.15,0.1,0.15,0.1
1107,1107,Brongio,09,Lombardia,0.15,0.15,0.1,0.15,0.1
1108,1108,Broni,09,Lombardia,0.15,0.15,0.1,0.15,0.1
1109,1109,Bronte,,Autonoma Siciliana,0.15,0.15,0.1,0.15,0.1
1110,1110,Bronzolo,17,Trentino-alto Adige,0.15,0.15,0.1,0.15,0.1
1111,1111,Brossasco,12,Piemonte,0.15,0.15,0.1,0.15,0.1
1112,1112,Brosso,12,Piemonte,0.15,0.15,0.1,0.15,0.1
1113,1113,Brovello,12,Piemonte,0.15,0.15,0.1,0.15,0.1
1114,1114,Brozolo,12,Piemonte,0.15,0.15,0.1,0.15,0.1
1115,1115,Brozzo,09,Lombardia,0.15,0.15,0.1,0.15,0.1
1116,1116,Brucoli,,Autonoma Siciliana,0.15,0.15,0.1,0.15,0.1
1117,1117,Brufa,18,Umbria,0.15,0.15,0.1,0.15,0.1
1118,1118,Brugherio,09,Lombardia,0.15,0.15,0.1,0.15,0.1
1119,1119,Brugine,20,Veneto,0.15,0.15,0.1,0.15,0.1
1120,1120,Brugnato,,Liguria",0.15,0.15,0.1,0.15,0.1
1121,1121,Brugnera,06,Friuli-venezia Giulia,0.15,0.15,0.1,0.15,0.1
1122,1122,Brugneto,,Emilia-romagna",0.15,0.15,0.1,0.15,0.1
1123,1123,Bruino,12,Piemonte,0.15,0.15,0.1,0.15,0.1
1124,1124,Brumano,09,Lombardia,0.15,0.15,0.1,0.15,0.1
1125,1125,Bruna,18,Umbria,0.15,0.15,0.1,0.15,0.1
1126,1126,Brunate,09,Lombardia,0.15,0.15,0.1,0.15,0.1
1127,1127,Brunello,09,Lombardia,0.15,0.15,0.1,0.15,0.1
1128,1128,Brunico,17,Trentino-alto Adige,0.15,0.15,0.1,0.15,0.1
1129,1129,Bruno,12,Piemonte,0.15,0.15,0.1,0.15,0.1
1130,1130,Brusaporto,09,Lombardia,0.15,0.15,0.1,0.15,0.1
1131,1131,Brusasco,12,Piemonte,0.15,0.15,0.1,0.15,0.1
1132,1132,Brusciano,04,Campania,0.15,0.15,0.1,0.15,0.1
1133,1133,Brusimpiano,09,Lombardia,0.15,0.15,0.1,0.15,0.1
1134,1134,Brusnengo,12,Piemonte,0.15,0.15,0.1,0.15,0.1
1135,1135,Brusson,,Autonoma Valle D'aosta,0.15,0.15,0.1,0.15,0.1
1136,1136,Bruzolo,12,Piemonte,0.15,0.15,0.1,0.15,0.1
1137,1137,Bruzzano Zeffirio,03,Calabria,0.15,0.15,0.1,0.15,0.1
1138,1138,Bubano,,Emilia-romagna",0.15,0.15,0.1,0.15,0.1
1139,1139,Bubbiano,09,Lombardia,0.15,0.15,0.1,0.15,0.1
1140,1140,Bubbio,12,Piemonte,0.15,0.15,0.1,0.15,0.1
1141,1141,Buccheri,,Autonoma Siciliana,0.15,0.15,0.1,0.15,0.1
1142,1142,Bucchianico,01,Abruzzi,0.15,0.15,0.1,0.15,0.1
1143,1143,Bucciano,04,Campania,0.15,0.15,0.1,0.15,0.1
1144,1144,Buccinasco,09,Lombardia,0.15,0.15,0.1,0.15,0.1
1145,1145,Buccino,04,Campania,0.15,0.15,0.1,0.15,0.1
1146,1146,Bucine,16,Toscana,0.15,0.15,0.1,0.15,0.1
1147,1147,Bucita,03,Calabria,0.15,0.15,0.1,0.15,0.1
1148,1148,Budduso,,Autonoma Della Sardegna,0.15,0.15,0.1,0.15,0.1
1149,1149,Budoia,06,Friuli-venezia Giulia,0.15,0.15,0.1,0.15,0.1
1150,1150,Budoni,,Autonoma Della Sardegna,0.15,0.15,0.1,0.15,0.1
1151,1151,Budrie,,Emilia-romagna",0.15,0.15,0.1,0.15,0.1
1152,1152,Budrio,,Emilia-romagna",0.15,0.15,0.1,0.15,0.1
1153,1153,Budrione,,Emilia-romagna",0.15,0.15,0.1,0.15,0.1
1154,1154,Buggerru,,Autonoma Della Sardegna,0.15,0.15,0.1,0.15,0.1
1155,1155,Bugnara,01,Abruzzi,0.15,0.15,0.1,0.15,0.1
1156,1156,Buguggiate,09,Lombardia,0.15,0.15,0.1,0.15,0.1
1157,1157,Bulciago,09,Lombardia,0.15,0.15,0.1,0.15,0.1
1158,1158,Bulgarograsso,09,Lombardia,0.15,0.15,0.1,0.15,0.1
1159,1159,Bulgorello,09,Lombardia,0.15,0.15,0.1,0.15,0.1
1160,1160,Bultei,,Autonoma Della Sardegna,0.15,0.15,0.1,0.15,0.1
1161,1161,Bulzi,,Autonoma Della Sardegna,0.15,0.15,0.1,0.15,0.1
1162,1162,Buonabitacolo,04,Campania,0.15,0.15,0.1,0.15,0.1
1163,1163,Buonalbergo,04,Campania,0.15,0.15,0.1,0.15,0.1
1164,1164,Buonconvento,16,Toscana,0.15,0.15,0.1,0.15,0.1
1165,1165,Buonvicino,03,Calabria,0.15,0.15,0.1,0.15,0.1
1166,1166,Burano,20,Veneto,0.15,0.15,0.1,0.15,0.1
1167,1167,Burcei,,Autonoma Della Sardegna,0.15,0.15,0.1,0.15,0.1
1168,1168,Bure,20,Veneto,0.15,0.15,0.1,0.15,0.1
1169,1169,Burgio,,Autonoma Siciliana,0.15,0.15,0.1,0.15,0.1
1170,1170,Burgos,,Autonoma Della Sardegna,0.15,0.15,0.1,0.15,0.1
1171,1171,Burgusio,17,Trentino-alto Adige,0.15,0.15,0.1,0.15,0.1
1172,1172,Buriasco,12,Piemonte,0.15,0.15,0.1,0.15,0.1
1173,1173,Burolo,12,Piemonte,0.15,0.15,0.1,0.15,0.1
1174,1174,Buronzo,12,Piemonte,0.15,0.15,0.1,0.15,0.1
1175,1175,Busachi,,Autonoma Della Sardegna,0.15,0.15,0.1,0.15,0.1
1176,1176,Busalla,,Liguria",0.15,0.15,0.1,0.15,0.1
1177,1177,Busana,,Emilia-romagna",0.15,0.15,0.1,0.15,0.1
1178,1178,Busano,12,Piemonte,0.15,0.15,0.1,0.15,0.1
1179,1179,Busca,12,Piemonte,0.15,0.15,0.1,0.15,0.1
1180,1180,Buscate,09,Lombardia,0.15,0.15,0.1,0.15,0.1
1181,1181,Buscemi,,Autonoma Siciliana,0.15,0.15,0.1,0.15,0.1
1182,1182,Buscoldo,09,Lombardia,0.15,0.15,0.1,0.15,0.1
1183,1183,Buseto Palizzolo,,Autonoma Siciliana,0.15,0.15,0.1,0.15,0.1
1184,1184,Busnago,09,Lombardia,0.15,0.15,0.1,0.15,0.1
1185,1185,Buso,20,Veneto,0.15,0.15,0.1,0.15,0.1
1186,1186,Bussero,09,Lombardia,0.15,0.15,0.1,0.15,0.1
1187,1187,Busseto,,Emilia-romagna",0.15,0.15,0.1,0.15,0.1
1188,1188,Busso,11,Molise,0.15,0.15,0.1,0.15,0.1
1189,1189,Bussolengo,20,Veneto,0.15,0.15,0.1,0.15,0.1
1190,1190,Bussoleno,12,Piemonte,0.15,0.15,0.1,0.15,0.1
1191,1191,Bustighera,09,Lombardia,0.15,0.15,0.1,0.15,0.1
1192,1192,Busto Arsizio,09,Lombardia,0.15,0.15,0.1,0.15,0.1
1193,1193,Busto Garolfo,09,Lombardia,0.15,0.15,0.1,0.15,0.1
1194,1194,Butera,,Autonoma Siciliana,0.15,0.15,0.1,0.15,0.1
1195,1195,Buti,16,Toscana,0.15,0.15,0.1,0.15,0.1
1196,1196,Buttapietra,20,Veneto,0.15,0.15,0.1,0.15,0.1
1197,1197,Buttigliera Alta,12,Piemonte,0.15,0.15,0.1,0.15,0.1
1198,1198,Buttrio,06,Friuli-venezia Giulia,0.15,0.15,0.1,0.15,0.1
1199,1199,Ca' Ballarin,20,Veneto,0.15,0.15,0.1,0.15,0.1
1200,1200,Ca' Gallo,10,Marche,0.15,0.15,0.1,0.15,0.1
1201,1201,Ca' Morosini,20,Veneto,0.15,0.15,0.1,0.15,0.1
1202,1202,Ca' Rainati,20,Veneto,0.15,0.15,0.1,0.15,0.1
1203,1203,Ca' Savio,20,Veneto,0.15,0.15,0.1,0.15,0.1
1204,1204,Ca' Tiepolo,20,Veneto,0.15,0.15,0.1,0.15,0.1
1205,1205,Cabella Ligure,12,Piemonte,0.15,0.15,0.1,0.15,0.1
1206,1206,Cabiate,09,Lombardia,0.15,0.15,0.1,0.15,0.1
1207,1207,Cabras,,Autonoma Della Sardegna,0.15,0.15,0.1,0.15,0.1
1208,1208,Caccamo,,Autonoma Siciliana,0.15,0.15,0.1,0.15,0.1
1209,1209,Caccuri,03,Calabria,0.15,0.15,0.1,0.15,0.1
1210,1210,Cadenabbia,09,Lombardia,0.15,0.15,0.1,0.15,0.1
1211,1211,Cadignano,09,Lombardia,0.15,0.15,0.1,0.15,0.1
1212,1212,Cadilana,09,Lombardia,0.15,0.15,0.1,0.15,0.1
1213,1213,Cadine,17,Trentino-alto Adige,0.15,0.15,0.1,0.15,0.1
1214,1214,Cadipietra,17,Trentino-alto Adige,0.15,0.15,0.1,0.15,0.1
1215,1215,Cadiroggio,,Emilia-romagna",0.15,0.15,0.1,0.15,0.1
1216,1216,Cadoneghe,20,Veneto,0.15,0.15,0.1,0.15,0.1
1217,1217,Cadrezzate,09,Lombardia,0.15,0.15,0.1,0.15,0.1
1218,1218,Cafasse,12,Piemonte,0.15,0.15,0.1,0.15,0.1
1219,1219,Caggiano,04,Campania,0.15,0.15,0.1,0.15,0.1
1220,1220,Cagli,10,Marche,0.15,0.15,0.1,0.15,0.1
1221,1221,Cagliari,,Autonoma Della Sardegna,0.15,0.15,0.1,0.15,0.1
1222,1222,Caglio,09,Lombardia,0.15,0.15,0.1,0.15,0.1
1223,1223,Cagnano,20,Veneto,0.15,0.15,0.1,0.15,0.1
1224,1224,Cagnano Amiterno,01,Abruzzi,0.15,0.15,0.1,0.15,0.1
1225,1225,Cagnano Varano,13,Puglia,0.15,0.15,0.1,0.15,0.1
1226,1226,Cagno,09,Lombardia,0.15,0.15,0.1,0.15,0.1
1227,1227,Cagno,17,Trentino-alto Adige,0.15,0.15,0.1,0.15,0.1
1228,1228,Cagnola,20,Veneto,0.15,0.15,0.1,0.15,0.1
1229,1229,Caianello,04,Campania,0.15,0.15,0.1,0.15,0.1
1230,1230,Caiazzo,04,Campania,0.15,0.15,0.1,0.15,0.1
1231,1231,Caines,17,Trentino-alto Adige,0.15,0.15,0.1,0.15,0.1
1232,1232,Caino,09,Lombardia,0.15,0.15,0.1,0.15,0.1
1233,1233,Caiolo,09,Lombardia,0.15,0.15,0.1,0.15,0.1
1234,1234,Caira,07,Lazio,0.15,0.15,0.1,0.15,0.1
1235,1235,Cairano,04,Campania,0.15,0.15,0.1,0.15,0.1
1236,1236,Cairate,09,Lombardia,0.15,0.15,0.1,0.15,0.1
1237,1237,Cairo Montenotte,,Liguria",0.15,0.15,0.1,0.15,0.1
1238,1238,Caivano,04,Campania,0.15,0.15,0.1,0.15,0.1
1239,1239,Cala Gonone,,Autonoma Della Sardegna,0.15,0.15,0.1,0.15,0.1
1240,1240,Calabritto,04,Campania,0.15,0.15,0.1,0.15,0.1
1241,1241,Calamandrana,12,Piemonte,0.15,0.15,0.1,0.15,0.1
1242,1242,Calamonaci,,Autonoma Siciliana,0.15,0.15,0.1,0.15,0.1
1243,1243,Calangianus,,Autonoma Della Sardegna,0.15,0.15,0.1,0.15,0.1
1244,1244,Calanna,03,Calabria,0.15,0.15,0.1,0.15,0.1
1245,1245,Calascibetta,,Autonoma Siciliana,0.15,0.15,0.1,0.15,0.1
1246,1246,Calascio,01,Abruzzi,0.15,0.15,0.1,0.15,0.1
1247,1247,Calasetta,,Autonoma Della Sardegna,0.15,0.15,0.1,0.15,0.1
1248,1248,Calatabiano,,Autonoma Siciliana,0.15,0.15,0.1,0.15,0.1
1249,1249,Calatafimi,,Autonoma Siciliana,0.15,0.15,0.1,0.15,0.1
1250,1250,Calavino,17,Trentino-alto Adige,0.15,0.15,0.1,0.15,0.1
1251,1251,Calcara,,Emilia-romagna",0.15,0.15,0.1,0.15,0.1
1252,1252,Calcata Nuova,07,Lazio,0.15,0.15,0.1,0.15,0.1
1253,1253,Calci,16,Toscana,0.15,0.15,0.1,0.15,0.1
1254,1254,Calciano,02,Basilicata,0.15,0.15,0.1,0.15,0.1
1255,1255,Calcinaia,16,Toscana,0.15,0.15,0.1,0.15,0.1
1256,1256,Calcinate,09,Lombardia,0.15,0.15,0.1,0.15,0.1
1257,1257,Calcinato,09,Lombardia,0.15,0.15,0.1,0.15,0.1
1258,1258,Calcinelli,10,Marche,0.15,0.15,0.1,0.15,0.1
1259,1259,Calcio,09,Lombardia,0.15,0.15,0.1,0.15,0.1
1260,1260,Calco,09,Lombardia,0.15,0.15,0.1,0.15,0.1
1261,1261,Caldana,09,Lombardia,0.15,0.15,0.1,0.15,0.1
1262,1262,Caldana,16,Toscana,0.15,0.15,0.1,0.15,0.1
1263,1263,Caldarola,10,Marche,0.15,0.15,0.1,0.15,0.1
1264,1264,Calderino,,Emilia-romagna",0.15,0.15,0.1,0.15,0.1
1265,1265,Caldes,17,Trentino-alto Adige,0.15,0.15,0.1,0.15,0.1
1266,1266,Caldiero,20,Veneto,0.15,0.15,0.1,0.15,0.1
1267,1267,Caldine,16,Toscana,0.15,0.15,0.1,0.15,0.1
1268,1268,Caldonazzo,17,Trentino-alto Adige,0.15,0.15,0.1,0.15,0.1
1269,1269,Calendasco,,Emilia-romagna",0.15,0.15,0.1,0.15,0.1
1270,1270,Calenzano,16,Toscana,0.15,0.15,0.1,0.15,0.1
1271,1271,Caleppio,09,Lombardia,0.15,0.15,0.1,0.15,0.1
1272,1272,Calerno,,Emilia-romagna",0.15,0.15,0.1,0.15,0.1
1273,1273,Calestano,,Emilia-romagna",0.15,0.15,0.1,0.15,0.1
1274,1274,Calice Ligure,,Liguria",0.15,0.15,0.1,0.15,0.1
1275,1275,Calimera,13,Puglia,0.15,0.15,0.1,0.15,0.1
1276,1276,Calimera,03,Calabria,0.15,0.15,0.1,0.15,0.1
1277,1277,Calitri,04,Campania,0.15,0.15,0.1,0.15,0.1
1278,1278,Calizzano,,Liguria",0.15,0.15,0.1,0.15,0.1
1279,1279,Callianetto,12,Piemonte,0.15,0.15,0.1,0.15,0.1
1280,1280,Calliano,17,Trentino-alto Adige,0.15,0.15,0.1,0.15,0.1
1281,1281,Calliano,12,Piemonte,0.15,0.15,0.1,0.15,0.1
1282,1282,Calmasino,20,Veneto,0.15,0.15,0.1,0.15,0.1
1283,1283,Calo,09,Lombardia,0.15,0.15,0.1,0.15,0.1
1284,1284,Calolziocorte,09,Lombardia,0.15,0.15,0.1,0.15,0.1
1285,1285,Calosso,12,Piemonte,0.15,0.15,0.1,0.15,0.1
1286,1286,Caloveto,03,Calabria,0.15,0.15,0.1,0.15,0.1
1287,1287,Calozzo,09,Lombardia,0.15,0.15,0.1,0.15,0.1
1288,1288,Caltabellotta,,Autonoma Siciliana,0.15,0.15,0.1,0.15,0.1
1289,1289,Caltagirone,,Autonoma Siciliana,0.15,0.15,0.1,0.15,0.1
1290,1290,Caltana,20,Veneto,0.15,0.15,0.1,0.15,0.1
1291,1291,Caltanissetta,,Autonoma Siciliana,0.15,0.15,0.1,0.15,0.1
1292,1292,Caltavuturo,,Autonoma Siciliana,0.15,0.15,0.1,0.15,0.1
1293,1293,Caltignaga,12,Piemonte,0.15,0.15,0.1,0.15,0.1
1294,1294,Calto,20,Veneto,0.15,0.15,0.1,0.15,0.1
1295,1295,Caltrano,20,Veneto,0.15,0.15,0.1,0.15,0.1
1296,1296,Caluri,20,Veneto,0.15,0.15,0.1,0.15,0.1
1297,1297,Caluso,12,Piemonte,0.15,0.15,0.1,0.15,0.1
1298,1298,Calvanico,04,Campania,0.15,0.15,0.1,0.15,0.1
1299,1299,Calvatone,09,Lombardia,0.15,0.15,0.1,0.15,0.1
1300,1300,Calvello,02,Basilicata,0.15,0.15,0.1,0.15,0.1
1301,1301,Calvene,20,Veneto,0.15,0.15,0.1,0.15,0.1
1302,1302,Calvenzano,09,Lombardia,0.15,0.15,0.1,0.15,0.1
1303,1303,Calvera,02,Basilicata,0.15,0.15,0.1,0.15,0.1
1304,1304,Calvi,04,Campania,0.15,0.15,0.1,0.15,0.1
1305,1305,Calvi Risorta,04,Campania,0.15,0.15,0.1,0.15,0.1
1306,1306,Calvignano,09,Lombardia,0.15,0.15,0.1,0.15,0.1
1307,1307,Calvignasco,09,Lombardia,0.15,0.15,0.1,0.15,0.1
1308,1308,Calvisano,09,Lombardia,0.15,0.15,0.1,0.15,0.1
1309,1309,Calvisi,03,Calabria,0.15,0.15,0.1,0.15,0.1
1310,1310,Calvizzano,04,Campania,0.15,0.15,0.1,0.15,0.1
1311,1311,Camagna Monferrato,12,Piemonte,0.15,0.15,0.1,0.15,0.1
1312,1312,Camaiore,16,Toscana,0.15,0.15,0.1,0.15,0.1
1313,1313,Camairago,09,Lombardia,0.15,0.15,0.1,0.15,0.1
1314,1314,Camalo,20,Veneto,0.15,0.15,0.1,0.15,0.1
1315,1315,Camandona,12,Piemonte,0.15,0.15,0.1,0.15,0.1
1316,1316,Camarda,01,Abruzzi,0.15,0.15,0.1,0.15,0.1
1317,1317,Camastra,,Autonoma Siciliana,0.15,0.15,0.1,0.15,0.1
1318,1318,Camazzole,20,Veneto,0.15,0.15,0.1,0.15,0.1
1319,1319,Cambiago,09,Lombardia,0.15,0.15,0.1,0.15,0.1
1320,1320,Cambiano,16,Toscana,0.15,0.15,0.1,0.15,0.1
1321,1321,Cambiano,12,Piemonte,0.15,0.15,0.1,0.15,0.1
1322,1322,Cambiasca,12,Piemonte,0.15,0.15,0.1,0.15,0.1
1323,1323,Camburzano,12,Piemonte,0.15,0.15,0.1,0.15,0.1
1324,1324,Camerana,12,Piemonte,0.15,0.15,0.1,0.15,0.1
1325,1325,Camerano,10,Marche,0.15,0.15,0.1,0.15,0.1
1326,1326,Camerano,12,Piemonte,0.15,0.15,0.1,0.15,0.1
1327,1327,Camerano Casasco,12,Piemonte,0.15,0.15,0.1,0.15,0.1
1328,1328,Camerata Cornello,09,Lombardia,0.15,0.15,0.1,0.15,0.1
1329,1329,Camerata Nuova,07,Lazio,0.15,0.15,0.1,0.15,0.1
1330,1330,Camerata Picena,10,Marche,0.15,0.15,0.1,0.15,0.1
1331,1331,Cameri,12,Piemonte,0.15,0.15,0.1,0.15,0.1
1332,1332,Cameriano,12,Piemonte,0.15,0.15,0.1,0.15,0.1
1333,1333,Camerino,10,Marche,0.15,0.15,0.1,0.15,0.1
1334,1334,Camerlona,,Emilia-romagna",0.15,0.15,0.1,0.15,0.1
1335,1335,Camerota,04,Campania,0.15,0.15,0.1,0.15,0.1
1336,1336,Camigliano,04,Campania,0.15,0.15,0.1,0.15,0.1
1337,1337,Camigliano,03,Calabria,0.15,0.15,0.1,0.15,0.1
1338,1338,Camigliatello Silano,03,Calabria,0.15,0.15,0.1,0.15,0.1
1339,1339,Caminata,,Emilia-romagna",0.15,0.15,0.1,0.15,0.1
1340,1340,Camini,03,Calabria,0.15,0.15,0.1,0.15,0.1
1341,1341,Camino,12,Piemonte,0.15,0.15,0.1,0.15,0.1
1342,1342,Camisano,09,Lombardia,0.15,0.15,0.1,0.15,0.1
1343,1343,Camisano Vicentino,20,Veneto,0.15,0.15,0.1,0.15,0.1
1344,1344,Camisasca,09,Lombardia,0.15,0.15,0.1,0.15,0.1
1345,1345,Cammarata,,Autonoma Siciliana,0.15,0.15,0.1,0.15,0.1
1346,1346,Camo,12,Piemonte,0.15,0.15,0.1,0.15,0.1
1347,1347,Camogli,,Liguria",0.15,0.15,0.1,0.15,0.1
1348,1348,Camoneone,09,Lombardia,0.15,0.15,0.1,0.15,0.1
1349,1349,Campagna,04,Campania,0.15,0.15,0.1,0.15,0.1
1350,1350,Campagna,06,Friuli-venezia Giulia,0.15,0.15,0.1,0.15,0.1
1351,1351,Campagna Lupia,20,Veneto,0.15,0.15,0.1,0.15,0.1
1352,1352,Campagnatico,16,Toscana,0.15,0.15,0.1,0.15,0.1
1353,1353,Campagnola,09,Lombardia,0.15,0.15,0.1,0.15,0.1
1354,1354,Campagnola,20,Veneto,0.15,0.15,0.1,0.15,0.1
1355,1355,Campagnola Cremasca,09,Lombardia,0.15,0.15,0.1,0.15,0.1
1356,1356,Campagnola Emilia,,Emilia-romagna",0.15,0.15,0.1,0.15,0.1
1357,1357,Campalto,20,Veneto,0.15,0.15,0.1,0.15,0.1
1358,1358,Campana,03,Calabria,0.15,0.15,0.1,0.15,0.1
1359,1359,Campanarello,04,Campania,0.15,0.15,0.1,0.15,0.1
1360,1360,Camparada,09,Lombardia,0.15,0.15,0.1,0.15,0.1
1361,1361,Campegine,,Emilia-romagna",0.15,0.15,0.1,0.15,0.1
1362,1362,Campeglio,06,Friuli-venezia Giulia,0.15,0.15,0.1,0.15,0.1
1363,1363,Campertogno,12,Piemonte,0.15,0.15,0.1,0.15,0.1
1364,1364,Campese,20,Veneto,0.15,0.15,0.1,0.15,0.1
1365,1365,Campi Bisenzio,16,Toscana,0.15,0.15,0.1,0.15,0.1
1366,1366,Campi Salentina,13,Puglia,0.15,0.15,0.1,0.15,0.1
1367,1367,Campiano,,Emilia-romagna",0.15,0.15,0.1,0.15,0.1
1368,1368,Campiglia,16,Toscana,0.15,0.15,0.1,0.15,0.1
1369,1369,Campiglia Cervo,12,Piemonte,0.15,0.15,0.1,0.15,0.1
1370,1370,Campiglia Marittima,16,Toscana,0.15,0.15,0.1,0.15,0.1
1371,1371,Campigliano,04,Campania,0.15,0.15,0.1,0.15,0.1
1372,1372,Campiglione,12,Piemonte,0.15,0.15,0.1,0.15,0.1
1373,1373,Campiglione,10,Marche,0.15,0.15,0.1,0.15,0.1
1374,1374,Campinola,04,Campania,0.15,0.15,0.1,0.15,0.1
1375,1375,Campione,09,Lombardia,0.15,0.15,0.1,0.15,0.1
1376,1376,Campitello,09,Lombardia,0.15,0.15,0.1,0.15,0.1
1377,1377,Campli,01,Abruzzi,0.15,0.15,0.1,0.15,0.1
1378,1378,Campo,16,Toscana,0.15,0.15,0.1,0.15,0.1
1379,1379,Campo Calabro,03,Calabria,0.15,0.15,0.1,0.15,0.1
1380,1380,Campo Ligure,,Liguria",0.15,0.15,0.1,0.15,0.1
1381,1381,Campo San Martino,20,Veneto,0.15,0.15,0.1,0.15,0.1
1382,1382,Campo Tizzoro,16,Toscana,0.15,0.15,0.1,0.15,0.1
1383,1383,Campo Tures,17,Trentino-alto Adige,0.15,0.15,0.1,0.15,0.1
1384,1384,Campobasso,11,Molise,0.15,0.15,0.1,0.15,0.1
1385,1385,Campocavallo,10,Marche,0.15,0.15,0.1,0.15,0.1
1386,1386,Campochiaro,11,Molise,0.15,0.15,0.1,0.15,0.1
1387,1387,Campochiesa,,Liguria",0.15,0.15,0.1,0.15,0.1
1388,1388,Campocroce,20,Veneto,0.15,0.15,0.1,0.15,0.1
1389,1389,Campodarsego,20,Veneto,0.15,0.15,0.1,0.15,0.1
1390,1390,Campodenno,17,Trentino-alto Adige,0.15,0.15,0.1,0.15,0.1
1391,1391,Campodimele,07,Lazio,0.15,0.15,0.1,0.15,0.1
1392,1392,Campodipietra,11,Molise,0.15,0.15,0.1,0.15,0.1
1393,1393,Campodolcino,09,Lombardia,0.15,0.15,0.1,0.15,0.1
1394,1394,Campodoro,20,Veneto,0.15,0.15,0.1,0.15,0.1
1395,1395,Campofilone,10,Marche,0.15,0.15,0.1,0.15,0.1
1396,1396,Campofiorito,,Autonoma Siciliana,0.15,0.15,0.1,0.15,0.1
1397,1397,Campoformido,06,Friuli-venezia Giulia,0.15,0.15,0.1,0.15,0.1
1398,1398,Campofranco,,Autonoma Siciliana,0.15,0.15,0.1,0.15,0.1
1399,1399,Campogalliano,,Emilia-romagna",0.15,0.15,0.1,0.15,0.1
1400,1400,Campolattaro,04,Campania,0.15,0.15,0.1,0.15,0.1
1401,1401,Campoleone,07,Lazio,0.15,0.15,0.1,0.15,0.1
1402,1402,Campoli Appennino,07,Lazio,0.15,0.15,0.1,0.15,0.1
1403,1403,Campolieto,11,Molise,0.15,0.15,0.1,0.15,0.1
1404,1404,Campolongo,20,Veneto,0.15,0.15,0.1,0.15,0.1
1405,1405,Campolongo Maggiore,20,Veneto,0.15,0.15,0.1,0.15,0.1
1406,1406,Campomaggiore,02,Basilicata,0.15,0.15,0.1,0.15,0.1
1407,1407,Campomarino,11,Molise,0.15,0.15,0.1,0.15,0.1
1408,1408,Campomolino,12,Piemonte,0.15,0.15,0.1,0.15,0.1
1409,1409,Campomorone,,Liguria",0.15,0.15,0.1,0.15,0.1
1410,1410,Camponogara,20,Veneto,0.15,0.15,0.1,0.15,0.1
1411,1411,Campopino,11,Molise,0.15,0.15,0.1,0.15,0.1
1412,1412,Campora,04,Campania,0.15,0.15,0.1,0.15,0.1
1413,1413,Campora San Giovanni,03,Calabria,0.15,0.15,0.1,0.15,0.1
1414,1414,Camporeale,,Autonoma Siciliana,0.15,0.15,0.1,0.15,0.1
1415,1415,Camporgiano,16,Toscana,0.15,0.15,0.1,0.15,0.1
1416,1416,Camporinaldo,09,Lombardia,0.15,0.15,0.1,0.15,0.1
1417,1417,Camporosso,,Liguria",0.15,0.15,0.1,0.15,0.1
1418,1418,Camporotondo Etneo,,Autonoma Siciliana,0.15,0.15,0.1,0.15,0.1
1419,1419,Camposampiero,20,Veneto,0.15,0.15,0.1,0.15,0.1
1420,1420,Camposano,04,Campania,0.15,0.15,0.1,0.15,0.1
1421,1421,Camposanto,,Emilia-romagna",0.15,0.15,0.1,0.15,0.1
1422,1422,Campospinoso,09,Lombardia,0.15,0.15,0.1,0.15,0.1
1423,1423,Campotosto,01,Abruzzi,0.15,0.15,0.1,0.15,0.1
1424,1424,Campoverde,07,Lazio,0.15,0.15,0.1,0.15,0.1
1425,1425,Campovico,09,Lombardia,0.15,0.15,0.1,0.15,0.1
1426,1426,Camugnano,,Emilia-romagna",0.15,0.15,0.1,0.15,0.1
1427,1427,Canal San Bovo,17,Trentino-alto Adige,0.15,0.15,0.1,0.15,0.1
1428,1428,Canale,12,Piemonte,0.15,0.15,0.1,0.15,0.1
1429,1429,Canale Monterano,07,Lazio,0.15,0.15,0.1,0.15,0.1
1430,1430,Canale Nuovo,18,Umbria,0.15,0.15,0.1,0.15,0.1
1431,1431,Canalello,03,Calabria,0.15,0.15,0.1,0.15,0.1
1432,1432,Canalicchio,,Autonoma Siciliana,0.15,0.15,0.1,0.15,0.1
1433,1433,Canaro,20,Veneto,0.15,0.15,0.1,0.15,0.1
1434,1434,Canavaccio,10,Marche,0.15,0.15,0.1,0.15,0.1
1435,1435,Canazei,17,Trentino-alto Adige,0.15,0.15,0.1,0.15,0.1
1436,1436,Cancellara,02,Basilicata,0.15,0.15,0.1,0.15,0.1
1437,1437,Cancelli,16,Toscana,0.15,0.15,0.1,0.15,0.1
1438,1438,Cancello,03,Calabria,0.15,0.15,0.1,0.15,0.1
1439,1439,Canda,20,Veneto,0.15,0.15,0.1,0.15,0.1
1440,1440,Candela,13,Puglia,0.15,0.15,0.1,0.15,0.1
1441,1441,Candelara,10,Marche,0.15,0.15,0.1,0.15,0.1
1442,1442,Candelo,12,Piemonte,0.15,0.15,0.1,0.15,0.1
1443,1443,Candelu,20,Veneto,0.15,0.15,0.1,0.15,0.1
1444,1444,Candia,10,Marche,0.15,0.15,0.1,0.15,0.1
1445,1445,Candia Canavese,12,Piemonte,0.15,0.15,0.1,0.15,0.1
1446,1446,Candia Lomellina,09,Lombardia,0.15,0.15,0.1,0.15,0.1
1447,1447,Candiana,20,Veneto,0.15,0.15,0.1,0.15,0.1
1448,1448,Candida,04,Campania,0.15,0.15,0.1,0.15,0.1
1449,1449,Candide,20,Veneto,0.15,0.15,0.1,0.15,0.1
1450,1450,Candidoni,03,Calabria,0.15,0.15,0.1,0.15,0.1
1451,1451,Candiolo,12,Piemonte,0.15,0.15,0.1,0.15,0.1
1452,1452,Canegrate,09,Lombardia,0.15,0.15,0.1,0.15,0.1
1453,1453,Canelli,12,Piemonte,0.15,0.15,0.1,0.15,0.1
1454,1454,Canepina,07,Lazio,0.15,0.15,0.1,0.15,0.1
1455,1455,Caneva,06,Friuli-venezia Giulia,0.15,0.15,0.1,0.15,0.1
1456,1456,Canezza,17,Trentino-alto Adige,0.15,0.15,0.1,0.15,0.1
1457,1457,Canicatti,,Autonoma Siciliana,0.15,0.15,0.1,0.15,0.1
1458,1458,Canicattini Bagni,,Autonoma Siciliana,0.15,0.15,0.1,0.15,0.1
1459,1459,Canino,07,Lazio,0.15,0.15,0.1,0.15,0.1
1460,1460,Canischio,12,Piemonte,0.15,0.15,0.1,0.15,0.1
1461,1461,Canistro Inferiore,01,Abruzzi,0.15,0.15,0.1,0.15,0.1
1462,1462,Canna,03,Calabria,0.15,0.15,0.1,0.15,0.1
1463,1463,Cannaiola,18,Umbria,0.15,0.15,0.1,0.15,0.1
1464,1464,Cannalonga,04,Campania,0.15,0.15,0.1,0.15,0.1
1465,1465,Cannara,18,Umbria,0.15,0.15,0.1,0.15,0.1
1466,1466,Cannero Riviera,12,Piemonte,0.15,0.15,0.1,0.15,0.1
1467,1467,Canneto,09,Lombardia,0.15,0.15,0.1,0.15,0.1
1468,1468,Canneto,,Autonoma Siciliana,0.15,0.15,0.1,0.15,0.1
1469,1469,Canneto,07,Lazio,0.15,0.15,0.1,0.15,0.1
1470,1470,Canneto Pavese,09,Lombardia,0.15,0.15,0.1,0.15,0.1
1471,1471,Cannigione,,Autonoma Della Sardegna,0.15,0.15,0.1,0.15,0.1
1472,1472,Cannobio,12,Piemonte,0.15,0.15,0.1,0.15,0.1
1473,1473,Cannole,13,Puglia,0.15,0.15,0.1,0.15,0.1
1474,1474,Cannuzzo,,Emilia-romagna",0.15,0.15,0.1,0.15,0.1
1475,1475,Canolo,03,Calabria,0.15,0.15,0.1,0.15,0.1
1476,1476,Canolo,,Emilia-romagna",0.15,0.15,0.1,0.15,0.1
1477,1477,Canonica,09,Lombardia,0.15,0.15,0.1,0.15,0.1
1478,1478,Canosa Sannita,01,Abruzzi,0.15,0.15,0.1,0.15,0.1
1479,1479,Canosio,12,Piemonte,0.15,0.15,0.1,0.15,0.1
1480,1480,Canove,12,Piemonte,0.15,0.15,0.1,0.15,0.1
1481,1481,Cansano,01,Abruzzi,0.15,0.15,0.1,0.15,0.1
1482,1482,Cantagallo,16,Toscana,0.15,0.15,0.1,0.15,0.1
1483,1483,Cantalice,07,Lazio,0.15,0.15,0.1,0.15,0.1
1484,1484,Cantalupa,12,Piemonte,0.15,0.15,0.1,0.15,0.1
1485,1485,Cantalupo,09,Lombardia,0.15,0.15,0.1,0.15,0.1
1486,1486,Cantalupo,12,Piemonte,0.15,0.15,0.1,0.15,0.1
1487,1487,Cantalupo Ligure,12,Piemonte,0.15,0.15,0.1,0.15,0.1
1488,1488,Cantarana,12,Piemonte,0.15,0.15,0.1,0.15,0.1
1489,1489,Cantello,09,Lombardia,0.15,0.15,0.1,0.15,0.1
1490,1490,Canterano,07,Lazio,0.15,0.15,0.1,0.15,0.1
1491,1491,Cantiano,10,Marche,0.15,0.15,0.1,0.15,0.1
1492,1492,Cantinella,03,Calabria,0.15,0.15,0.1,0.15,0.1
1493,1493,Cantoira,12,Piemonte,0.15,0.15,0.1,0.15,0.1
1494,1494,Cantu,09,Lombardia,0.15,0.15,0.1,0.15,0.1
1495,1495,Canzano,01,Abruzzi,0.15,0.15,0.1,0.15,0.1
1496,1496,Canzo,09,Lombardia,0.15,0.15,0.1,0.15,0.1
1497,1497,Caorle,20,Veneto,0.15,0.15,0.1,0.15,0.1
1498,1498,Caorso,,Emilia-romagna",0.15,0.15,0.1,0.15,0.1
1499,1499,Capaccio,04,Campania,0.15,0.15,0.1,0.15,0.1
1500,1500,Capaccio Scalo,04,Campania,0.15,0.15,0.1,0.15,0.1
1501,1501,Capaci,,Autonoma Siciliana,0.15,0.15,0.1,0.15,0.1
1502,1502,Capalbio,16,Toscana,0.15,0.15,0.1,0.15,0.1
1503,1503,Capannoli,16,Toscana,0.15,0.15,0.1,0.15,0.1
1504,1504,Capannori,16,Toscana,0.15,0.15,0.1,0.15,0.1
1505,1505,Capena,07,Lazio,0.15,0.15,0.1,0.15,0.1
1506,1506,Capergnanica,09,Lombardia,0.15,0.15,0.1,0.15,0.1
1507,1507,Capestrano,01,Abruzzi,0.15,0.15,0.1,0.15,0.1
1508,1508,Capezzano Inferiore,04,Campania,0.15,0.15,0.1,0.15,0.1
1509,1509,Capistrano,03,Calabria,0.15,0.15,0.1,0.15,0.1
1510,1510,Capistrello,01,Abruzzi,0.15,0.15,0.1,0.15,0.1
1511,1511,Capitan Loreto,18,Umbria,0.15,0.15,0.1,0.15,0.1
1512,1512,Capitello,04,Campania,0.15,0.15,0.1,0.15,0.1
1513,1513,Capitello,20,Veneto,0.15,0.15,0.1,0.15,0.1
1514,1514,Capitignano,04,Campania,0.15,0.15,0.1,0.15,0.1
1515,1515,Capitignano,01,Abruzzi,0.15,0.15,0.1,0.15,0.1
1516,1516,Capizzi,,Autonoma Siciliana,0.15,0.15,0.1,0.15,0.1
1517,1517,Capo Rizzuto,03,Calabria,0.15,0.15,0.1,0.15,0.1
1518,1518,Capocolle,,Emilia-romagna",0.15,0.15,0.1,0.15,0.1
1519,1519,Capodarco,10,Marche,0.15,0.15,0.1,0.15,0.1
1520,1520,Capodimonte,07,Lazio,0.15,0.15,0.1,0.15,0.1
1521,1521,Capodimonte,09,Lombardia,0.15,0.15,0.1,0.15,0.1
1522,1522,Capodrise,04,Campania,0.15,0.15,0.1,0.15,0.1
1523,1523,Capolago,09,Lombardia,0.15,0.15,0.1,0.15,0.1
1524,1524,Capoliveri,16,Toscana,0.15,0.15,0.1,0.15,0.1
1525,1525,Capolona,16,Toscana,0.15,0.15,0.1,0.15,0.1
1526,1526,Caponago,09,Lombardia,0.15,0.15,0.1,0.15,0.1
1527,1527,Caporciano,01,Abruzzi,0.15,0.15,0.1,0.15,0.1
1528,1528,Caporiacco,06,Friuli-venezia Giulia,0.15,0.15,0.1,0.15,0.1
1529,1529,Caposele,04,Campania,0.15,0.15,0.1,0.15,0.1
1530,1530,Capoterra,,Autonoma Della Sardegna,0.15,0.15,0.1,0.15,0.1
1531,1531,Capovalle,09,Lombardia,0.15,0.15,0.1,0.15,0.1
1532,1532,Cappadocia,01,Abruzzi,0.15,0.15,0.1,0.15,0.1
1533,1533,Capparuccia,10,Marche,0.15,0.15,0.1,0.15,0.1
1534,1534,Cappella,20,Veneto,0.15,0.15,0.1,0.15,0.1
1535,1535,Cappella Cantone,09,Lombardia,0.15,0.15,0.1,0.15,0.1
1536,1536,Cappella Maggiore,20,Veneto,0.15,0.15,0.1,0.15,0.1
1537,1537,Cappella Morrone,07,Lazio,0.15,0.15,0.1,0.15,0.1
1538,1538,Cappelle,01,Abruzzi,0.15,0.15,0.1,0.15,0.1
1539,1539,Cappelletta,20,Veneto,0.15,0.15,0.1,0.15,0.1
1540,1540,Cappelletta,09,Lombardia,0.15,0.15,0.1,0.15,0.1
1541,1541,Capracotta,11,Molise,0.15,0.15,0.1,0.15,0.1
1542,1542,Capraia Isola,16,Toscana,0.15,0.15,0.1,0.15,0.1
1543,1543,Capralba,09,Lombardia,0.15,0.15,0.1,0.15,0.1
1544,1544,Capranica,07,Lazio,0.15,0.15,0.1,0.15,0.1
1545,1545,Capranica Prenestina,07,Lazio,0.15,0.15,0.1,0.15,0.1
1546,1546,Caprara,,Emilia-romagna",0.15,0.15,0.1,0.15,0.1
1547,1547,Caprarola,07,Lazio,0.15,0.15,0.1,0.15,0.1
1548,1548,Caprauna,12,Piemonte,0.15,0.15,0.1,0.15,0.1
1549,1549,Caprecano,04,Campania,0.15,0.15,0.1,0.15,0.1
1550,1550,Caprese Michelangelo,16,Toscana,0.15,0.15,0.1,0.15,0.1
1551,1551,Caprezzo,12,Piemonte,0.15,0.15,0.1,0.15,0.1
1552,1552,Capri,04,Campania,0.15,0.15,0.1,0.15,0.1
1553,1553,Capri Leone,,Autonoma Siciliana,0.15,0.15,0.1,0.15,0.1
1554,1554,Capriana,17,Trentino-alto Adige,0.15,0.15,0.1,0.15,0.1
1555,1555,Capriano,09,Lombardia,0.15,0.15,0.1,0.15,0.1
1556,1556,Capriate San Gervasio,09,Lombardia,0.15,0.15,0.1,0.15,0.1
1557,1557,Capriati A Volturno,04,Campania,0.15,0.15,0.1,0.15,0.1
1558,1558,Caprie,12,Piemonte,0.15,0.15,0.1,0.15,0.1
1559,1559,Capriglia,04,Campania,0.15,0.15,0.1,0.15,0.1
1560,1560,Capriglia Irpina,04,Campania,0.15,0.15,0.1,0.15,0.1
1561,1561,Capriglio,12,Piemonte,0.15,0.15,0.1,0.15,0.1
1562,1562,Caprino,09,Lombardia,0.15,0.15,0.1,0.15,0.1
1563,1563,Caprino Veronese,20,Veneto,0.15,0.15,0.1,0.15,0.1
1564,1564,Capriolo,09,Lombardia,0.15,0.15,0.1,0.15,0.1
1565,1565,Caprona,16,Toscana,0.15,0.15,0.1,0.15,0.1
1566,1566,Capua,04,Campania,0.15,0.15,0.1,0.15,0.1
1567,1567,Capurso,13,Puglia,0.15,0.15,0.1,0.15,0.1
1568,1568,Caraglio,12,Piemonte,0.15,0.15,0.1,0.15,0.1
1569,1569,Caramagna Piemonte,12,Piemonte,0.15,0.15,0.1,0.15,0.1
1570,1570,Caramanico Terme,01,Abruzzi,0.15,0.15,0.1,0.15,0.1
1571,1571,Carano,17,Trentino-alto Adige,0.15,0.15,0.1,0.15,0.1
1572,1572,Carano,04,Campania,0.15,0.15,0.1,0.15,0.1
1573,1573,Carapelle,13,Puglia,0.15,0.15,0.1,0.15,0.1
1574,1574,Carapelle Calvisio,01,Abruzzi,0.15,0.15,0.1,0.15,0.1
1575,1575,Carasco,,Liguria",0.15,0.15,0.1,0.15,0.1
1576,1576,Carassai,10,Marche,0.15,0.15,0.1,0.15,0.1
1577,1577,Carate Brianza,09,Lombardia,0.15,0.15,0.1,0.15,0.1
1578,1578,Carate Urio,09,Lombardia,0.15,0.15,0.1,0.15,0.1
1579,1579,Caravaggio,09,Lombardia,0.15,0.15,0.1,0.15,0.1
1580,1580,Caravate,09,Lombardia,0.15,0.15,0.1,0.15,0.1
1581,1581,Caravino,12,Piemonte,0.15,0.15,0.1,0.15,0.1
1582,1582,Caravonica,,Liguria",0.15,0.15,0.1,0.15,0.1
1583,1583,Carbognano,07,Lazio,0.15,0.15,0.1,0.15,0.1
1584,1584,Carbonara,20,Veneto,0.15,0.15,0.1,0.15,0.1
1585,1585,Carbonara Scrivia,12,Piemonte,0.15,0.15,0.1,0.15,0.1
1586,1586,Carbonate,09,Lombardia,0.15,0.15,0.1,0.15,0.1
1587,1587,Carbone,02,Basilicata,0.15,0.15,0.1,0.15,0.1
1588,1588,Carbonera,20,Veneto,0.15,0.15,0.1,0.15,0.1
1589,1589,Carbonia,,Autonoma Della Sardegna,0.15,0.15,0.1,0.15,0.1
1590,1590,Carcare,,Liguria",0.15,0.15,0.1,0.15,0.1
1591,1591,Carceri,20,Veneto,0.15,0.15,0.1,0.15,0.1
1592,1592,Carchitti,07,Lazio,0.15,0.15,0.1,0.15,0.1
1593,1593,Carcoforo,12,Piemonte,0.15,0.15,0.1,0.15,0.1
1594,1594,Cardano,17,Trentino-alto Adige,0.15,0.15,0.1,0.15,0.1
1595,1595,Carde,12,Piemonte,0.15,0.15,0.1,0.15,0.1
1596,1596,Cardedu,,Autonoma Della Sardegna,0.15,0.15,0.1,0.15,0.1
1597,1597,Cardeto,03,Calabria,0.15,0.15,0.1,0.15,0.1
1598,1598,Cardile,04,Campania,0.15,0.15,0.1,0.15,0.1
1599,1599,Cardinale,03,Calabria,0.15,0.15,0.1,0.15,0.1
1600,1600,Cardito,04,Campania,0.15,0.15,0.1,0.15,0.1
1601,1601,Careggine,16,Toscana,0.15,0.15,0.1,0.15,0.1
1602,1602,Carema,12,Piemonte,0.15,0.15,0.1,0.15,0.1
1603,1603,Carenno,09,Lombardia,0.15,0.15,0.1,0.15,0.1
1604,1604,Carentino,12,Piemonte,0.15,0.15,0.1,0.15,0.1
1605,1605,Careri,03,Calabria,0.15,0.15,0.1,0.15,0.1
1606,1606,Caresana,12,Piemonte,0.15,0.15,0.1,0.15,0.1
1607,1607,Caresanablot,12,Piemonte,0.15,0.15,0.1,0.15,0.1
1608,1608,Carfizzi,03,Calabria,0.15,0.15,0.1,0.15,0.1
1609,1609,Cargeghe,,Autonoma Della Sardegna,0.15,0.15,0.1,0.15,0.1
1610,1610,Cargnacco,06,Friuli-venezia Giulia,0.15,0.15,0.1,0.15,0.1
1611,1611,Caria,03,Calabria,0.15,0.15,0.1,0.15,0.1
1612,1612,Cariati,03,Calabria,0.15,0.15,0.1,0.15,0.1
1613,1613,Carife,04,Campania,0.15,0.15,0.1,0.15,0.1
1614,1614,Carignano,,Emilia-romagna",0.15,0.15,0.1,0.15,0.1
1615,1615,Carignano,12,Piemonte,0.15,0.15,0.1,0.15,0.1
1616,1616,Carimate,09,Lombardia,0.15,0.15,0.1,0.15,0.1
1617,1617,Carinaro,04,Campania,0.15,0.15,0.1,0.15,0.1
1618,1618,Carini,,Autonoma Siciliana,0.15,0.15,0.1,0.15,0.1
1619,1619,Carinola,04,Campania,0.15,0.15,0.1,0.15,0.1
1620,1620,Carisio,12,Piemonte,0.15,0.15,0.1,0.15,0.1
1621,1621,Carisolo,17,Trentino-alto Adige,0.15,0.15,0.1,0.15,0.1
1622,1622,Carlantino,13,Puglia,0.15,0.15,0.1,0.15,0.1
1623,1623,Carlazzo,09,Lombardia,0.15,0.15,0.1,0.15,0.1
1624,1624,Carlentini,,Autonoma Siciliana,0.15,0.15,0.1,0.15,0.1
1625,1625,Carlino,06,Friuli-venezia Giulia,0.15,0.15,0.1,0.15,0.1
1626,1626,Carloforte,,Autonoma Della Sardegna,0.15,0.15,0.1,0.15,0.1
1627,1627,Carlopoli,03,Calabria,0.15,0.15,0.1,0.15,0.1
1628,1628,Carmagnola,12,Piemonte,0.15,0.15,0.1,0.15,0.1
1629,1629,Carmiano,13,Puglia,0.15,0.15,0.1,0.15,0.1
1630,1630,Carmignanello,16,Toscana,0.15,0.15,0.1,0.15,0.1
1631,1631,Carmignano,16,Toscana,0.15,0.15,0.1,0.15,0.1
1632,1632,Carmignano,20,Veneto,0.15,0.15,0.1,0.15,0.1
1633,1633,Carnago,09,Lombardia,0.15,0.15,0.1,0.15,0.1
1634,1634,Carnate,09,Lombardia,0.15,0.15,0.1,0.15,0.1
1635,1635,Carnello,07,Lazio,0.15,0.15,0.1,0.15,0.1
1636,1636,Carobbio,09,Lombardia,0.15,0.15,0.1,0.15,0.1
1637,1637,Carolei,03,Calabria,0.15,0.15,0.1,0.15,0.1
1638,1638,Carona,09,Lombardia,0.15,0.15,0.1,0.15,0.1
1639,1639,Caronia,,Autonoma Siciliana,0.15,0.15,0.1,0.15,0.1
1640,1640,Caronno Pertusella,09,Lombardia,0.15,0.15,0.1,0.15,0.1
1641,1641,Caronno Varesino,09,Lombardia,0.15,0.15,0.1,0.15,0.1
1642,1642,Carosino,13,Puglia,0.15,0.15,0.1,0.15,0.1
1643,1643,Carovigno,13,Puglia,0.15,0.15,0.1,0.15,0.1
1644,1644,Carovilli,11,Molise,0.15,0.15,0.1,0.15,0.1
1645,1645,Carpacco,06,Friuli-venezia Giulia,0.15,0.15,0.1,0.15,0.1
1646,1646,Carpaneto Piacentino,,Emilia-romagna",0.15,0.15,0.1,0.15,0.1
1647,1647,Carpanzano,03,Calabria,0.15,0.15,0.1,0.15,0.1
1648,1648,Carpasio,,Liguria",0.15,0.15,0.1,0.15,0.1
1649,1649,Carpegna,10,Marche,0.15,0.15,0.1,0.15,0.1
1650,1650,Carpena,,Emilia-romagna",0.15,0.15,0.1,0.15,0.1
1651,1651,Carpeneda,09,Lombardia,0.15,0.15,0.1,0.15,0.1
1652,1652,Carpenedo,20,Veneto,0.15,0.15,0.1,0.15,0.1
1653,1653,Carpenedolo,09,Lombardia,0.15,0.15,0.1,0.15,0.1
1654,1654,Carpeneto,12,Piemonte,0.15,0.15,0.1,0.15,0.1
1655,1655,Carpeneto,06,Friuli-venezia Giulia,0.15,0.15,0.1,0.15,0.1
1656,1656,Carpesica,20,Veneto,0.15,0.15,0.1,0.15,0.1
1657,1657,Carpi,20,Veneto,0.15,0.15,0.1,0.15,0.1
1658,1658,Carpiano,09,Lombardia,0.15,0.15,0.1,0.15,0.1
1659,1659,Carpignano Salentino,13,Puglia,0.15,0.15,0.1,0.15,0.1
1660,1660,Carpignano Sesia,12,Piemonte,0.15,0.15,0.1,0.15,0.1
1661,1661,Carpinello,,Emilia-romagna",0.15,0.15,0.1,0.15,0.1
1662,1662,Carpineti,,Emilia-romagna",0.15,0.15,0.1,0.15,0.1
1663,1663,Carpineto Romano,07,Lazio,0.15,0.15,0.1,0.15,0.1
1664,1664,Carpineto Sinello,01,Abruzzi,0.15,0.15,0.1,0.15,0.1
1665,1665,Carpino,13,Puglia,0.15,0.15,0.1,0.15,0.1
1666,1666,Carpinone,11,Molise,0.15,0.15,0.1,0.15,0.1
1667,1667,Carraia,16,Toscana,0.15,0.15,0.1,0.15,0.1
1668,1668,Carrara,16,Toscana,0.15,0.15,0.1,0.15,0.1
1669,1669,Carrara San Giorgio,20,Veneto,0.15,0.15,0.1,0.15,0.1
1670,1670,Carre,20,Veneto,0.15,0.15,0.1,0.15,0.1
1671,1671,Carrega Ligure,12,Piemonte,0.15,0.15,0.1,0.15,0.1
1672,1672,Carro,,Liguria",0.15,0.15,0.1,0.15,0.1
1673,1673,Carrodano,,Liguria",0.15,0.15,0.1,0.15,0.1
1674,1674,Carrosio,12,Piemonte,0.15,0.15,0.1,0.15,0.1
1675,1675,Carrozziere,,Autonoma Siciliana,0.15,0.15,0.1,0.15,0.1
1676,1676,Carru,12,Piemonte,0.15,0.15,0.1,0.15,0.1
1677,1677,Carruba,,Autonoma Siciliana,0.15,0.15,0.1,0.15,0.1
1678,1678,Carrubbo,,Autonoma Siciliana,0.15,0.15,0.1,0.15,0.1
1679,1679,Carsoli,01,Abruzzi,0.15,0.15,0.1,0.15,0.1
1680,1680,Cartigliano,20,Veneto,0.15,0.15,0.1,0.15,0.1
1681,1681,Cartignano,12,Piemonte,0.15,0.15,0.1,0.15,0.1
1682,1682,Cartoceto,10,Marche,0.15,0.15,0.1,0.15,0.1
1683,1683,Cartosio,12,Piemonte,0.15,0.15,0.1,0.15,0.1
1684,1684,Cartura,20,Veneto,0.15,0.15,0.1,0.15,0.1
1685,1685,Carugate,09,Lombardia,0.15,0.15,0.1,0.15,0.1
1686,1686,Carugo,09,Lombardia,0.15,0.15,0.1,0.15,0.1
1687,1687,Carunchio,01,Abruzzi,0.15,0.15,0.1,0.15,0.1
1688,1688,Carvico,09,Lombardia,0.15,0.15,0.1,0.15,0.1
1689,1689,Carzago Riviera,09,Lombardia,0.15,0.15,0.1,0.15,0.1
1690,1690,Carzano,17,Trentino-alto Adige,0.15,0.15,0.1,0.15,0.1
1691,1691,Casa Santa,,Autonoma Siciliana,0.15,0.15,0.1,0.15,0.1
1692,1692,Casabianca,12,Piemonte,0.15,0.15,0.1,0.15,0.1
1693,1693,Casabona,03,Calabria,0.15,0.15,0.1,0.15,0.1
1694,1694,Casacalenda,11,Molise,0.15,0.15,0.1,0.15,0.1
1695,1695,Casacanditella,01,Abruzzi,0.15,0.15,0.1,0.15,0.1
1696,1696,Casacorba,20,Veneto,0.15,0.15,0.1,0.15,0.1
1697,1697,Casagiove,04,Campania,0.15,0.15,0.1,0.15,0.1
1698,1698,Casaglia,,Emilia-romagna",0.15,0.15,0.1,0.15,0.1
1699,1699,Casal Cermelli,12,Piemonte,0.15,0.15,0.1,0.15,0.1
1700,1700,Casal Palocco,07,Lazio,0.15,0.15,0.1,0.15,0.1
1701,1701,Casal Velino,04,Campania,0.15,0.15,0.1,0.15,0.1
1702,1702,Casalanguida,01,Abruzzi,0.15,0.15,0.1,0.15,0.1
1703,1703,Casalattico,07,Lazio,0.15,0.15,0.1,0.15,0.1
1704,1704,Casalbagliano,12,Piemonte,0.15,0.15,0.1,0.15,0.1
1705,1705,Casalbellotto,09,Lombardia,0.15,0.15,0.1,0.15,0.1
1706,1706,Casalbeltrame,12,Piemonte,0.15,0.15,0.1,0.15,0.1
1707,1707,Casalbore,04,Campania,0.15,0.15,0.1,0.15,0.1
1708,1708,Casalborgone,12,Piemonte,0.15,0.15,0.1,0.15,0.1
1709,1709,Casalbuono,04,Campania,0.15,0.15,0.1,0.15,0.1
1710,1710,Casalbuttano,09,Lombardia,0.15,0.15,0.1,0.15,0.1
1711,1711,Casalciprano,11,Molise,0.15,0.15,0.1,0.15,0.1
1712,1712,Casalduni,04,Campania,0.15,0.15,0.1,0.15,0.1
1713,1713,Casale,,Emilia-romagna",0.15,0.15,0.1,0.15,0.1
1714,1714,Casale,04,Campania,0.15,0.15,0.1,0.15,0.1
1715,1715,Casale Corte Cerro,12,Piemonte,0.15,0.15,0.1,0.15,0.1
1716,1716,Casale Cremasco,09,Lombardia,0.15,0.15,0.1,0.15,0.1
1717,1717,Casale Litta,09,Lombardia,0.15,0.15,0.1,0.15,0.1
1718,1718,Casale Marittimo,16,Toscana,0.15,0.15,0.1,0.15,0.1
1719,1719,Casale Monferrato,12,Piemonte,0.15,0.15,0.1,0.15,0.1
1720,1720,Casaleggio Boiro,12,Piemonte,0.15,0.15,0.1,0.15,0.1
1721,1721,Casaleggio Novara,12,Piemonte,0.15,0.15,0.1,0.15,0.1
1722,1722,Casaleone,20,Veneto,0.15,0.15,0.1,0.15,0.1
1723,1723,Casaletto Ceredano,09,Lombardia,0.15,0.15,0.1,0.15,0.1
1724,1724,Casaletto Lodigiano,09,Lombardia,0.15,0.15,0.1,0.15,0.1
1725,1725,Casaletto Spartano,04,Campania,0.15,0.15,0.1,0.15,0.1
1726,1726,Casaletto Vaprio,09,Lombardia,0.15,0.15,0.1,0.15,0.1
1727,1727,Casalfiumanese,,Emilia-romagna",0.15,0.15,0.1,0.15,0.1
1728,1728,Casalgrande,,Emilia-romagna",0.15,0.15,0.1,0.15,0.1
1729,1729,Casalgrasso,12,Piemonte,0.15,0.15,0.1,0.15,0.1
1730,1730,Casali,07,Lazio,0.15,0.15,0.1,0.15,0.1
1731,1731,Casalincontrada,01,Abruzzi,0.15,0.15,0.1,0.15,0.1
1732,1732,Casalini,13,Puglia,0.15,0.15,0.1,0.15,0.1
1733,1733,Casalino,12,Piemonte,0.15,0.15,0.1,0.15,0.1
1734,1734,Casalmaggiore,09,Lombardia,0.15,0.15,0.1,0.15,0.1
1735,1735,Casalmaiocco,09,Lombardia,0.15,0.15,0.1,0.15,0.1
1736,1736,Casalmorano,09,Lombardia,0.15,0.15,0.1,0.15,0.1
1737,1737,Casalmoro,09,Lombardia,0.15,0.15,0.1,0.15,0.1
1738,1738,Casalnoceto,12,Piemonte,0.15,0.15,0.1,0.15,0.1
1739,1739,Casalnuovo Monterotaro,13,Puglia,0.15,0.15,0.1,0.15,0.1
1740,1740,Casaloldo,09,Lombardia,0.15,0.15,0.1,0.15,0.1
1741,1741,Casalpusterlengo,09,Lombardia,0.15,0.15,0.1,0.15,0.1
1742,1742,Casalromano,09,Lombardia,0.15,0.15,0.1,0.15,0.1
1743,1743,Casalserugo,20,Veneto,0.15,0.15,0.1,0.15,0.1
1744,1744,Casaluce,04,Campania,0.15,0.15,0.1,0.15,0.1
1745,1745,Casalvecchio Siculo,,Autonoma Siciliana,0.15,0.15,0.1,0.15,0.1
1746,1746,Casalvieri,07,Lazio,0.15,0.15,0.1,0.15,0.1
1747,1747,Casalvolone,12,Piemonte,0.15,0.15,0.1,0.15,0.1
1748,1748,Casalzuigno,09,Lombardia,0.15,0.15,0.1,0.15,0.1
1749,1749,Casamarciano,04,Campania,0.15,0.15,0.1,0.15,0.1
1750,1750,Casamassella,13,Puglia,0.15,0.15,0.1,0.15,0.1
1751,1751,Casamassima,13,Puglia,0.15,0.15,0.1,0.15,0.1
1752,1752,Casamicciola Terme,04,Campania,0.15,0.15,0.1,0.15,0.1
1753,1753,Casandrino,04,Campania,0.15,0.15,0.1,0.15,0.1
1754,1754,Casanova,06,Friuli-venezia Giulia,0.15,0.15,0.1,0.15,0.1
1755,1755,Casanova,04,Campania,0.15,0.15,0.1,0.15,0.1
1756,1756,Casanova Elvo,12,Piemonte,0.15,0.15,0.1,0.15,0.1
1757,1757,Casanova Lerrone,,Liguria",0.15,0.15,0.1,0.15,0.1
1758,1758,Casanova Lonati,09,Lombardia,0.15,0.15,0.1,0.15,0.1
1759,1759,Casape,07,Lazio,0.15,0.15,0.1,0.15,0.1
1760,1760,Casapesenna,04,Campania,0.15,0.15,0.1,0.15,0.1
1761,1761,Casapinta,12,Piemonte,0.15,0.15,0.1,0.15,0.1
1762,1762,Casaprota,07,Lazio,0.15,0.15,0.1,0.15,0.1
1763,1763,Casapulla,04,Campania,0.15,0.15,0.1,0.15,0.1
1764,1764,Casarano,13,Puglia,0.15,0.15,0.1,0.15,0.1
1765,1765,Casarea,04,Campania,0.15,0.15,0.1,0.15,0.1
1766,1766,Casargo,09,Lombardia,0.15,0.15,0.1,0.15,0.1
1767,1767,Casarile,09,Lombardia,0.15,0.15,0.1,0.15,0.1
1768,1768,Casarza Ligure,,Liguria",0.15,0.15,0.1,0.15,0.1
1769,1769,Casasco,12,Piemonte,0.15,0.15,0.1,0.15,0.1
1770,1770,Casate,09,Lombardia,0.15,0.15,0.1,0.15,0.1
1771,1771,Casateia,17,Trentino-alto Adige,0.15,0.15,0.1,0.15,0.1
1772,1772,Casatenovo,09,Lombardia,0.15,0.15,0.1,0.15,0.1
1773,1773,Casatisma,09,Lombardia,0.15,0.15,0.1,0.15,0.1
1774,1774,Casavatore,04,Campania,0.15,0.15,0.1,0.15,0.1
1775,1775,Casavecchia,,Liguria",0.15,0.15,0.1,0.15,0.1
1776,1776,Casavitola,07,Lazio,0.15,0.15,0.1,0.15,0.1
1777,1777,Casazza,09,Lombardia,0.15,0.15,0.1,0.15,0.1
1778,1778,Cascano,04,Campania,0.15,0.15,0.1,0.15,0.1
1779,1779,Cascia,18,Umbria,0.15,0.15,0.1,0.15,0.1
1780,1780,Casciago,09,Lombardia,0.15,0.15,0.1,0.15,0.1
1781,1781,Casciana Terme,16,Toscana,0.15,0.15,0.1,0.15,0.1
1782,1782,Casciano,16,Toscana,0.15,0.15,0.1,0.15,0.1
1783,1783,Cascina,16,Toscana,0.15,0.15,0.1,0.15,0.1
1784,1784,Cascina Elisa,09,Lombardia,0.15,0.15,0.1,0.15,0.1
1785,1785,Cascina Nuova,09,Lombardia,0.15,0.15,0.1,0.15,0.1
1786,1786,Cascina Restelli,09,Lombardia,0.15,0.15,0.1,0.15,0.1
1787,1787,Cascinare,10,Marche,0.15,0.15,0.1,0.15,0.1
1788,1788,Cascine Maggio,09,Lombardia,0.15,0.15,0.1,0.15,0.1
1789,1789,Cascine San Pietro,09,Lombardia,0.15,0.15,0.1,0.15,0.1
1790,1790,Casco,09,Lombardia,0.15,0.15,0.1,0.15,0.1
1791,1791,Case Badioli,10,Marche,0.15,0.15,0.1,0.15,0.1
1792,1792,Case Bruciate,10,Marche,0.15,0.15,0.1,0.15,0.1
1793,1793,Case Nuove,16,Toscana,0.15,0.15,0.1,0.15,0.1
1794,1794,Case Nuove,18,Umbria,0.15,0.15,0.1,0.15,0.1
1795,1795,Case Nuove,09,Lombardia,0.15,0.15,0.1,0.15,0.1
1796,1796,Case Nuove Russo,,Autonoma Siciliana,0.15,0.15,0.1,0.15,0.1
1797,1797,Casei,09,Lombardia,0.15,0.15,0.1,0.15,0.1
1798,1798,Caselette,12,Piemonte,0.15,0.15,0.1,0.15,0.1
1799,1799,Casella,,Liguria",0.15,0.15,0.1,0.15,0.1
1800,1800,Caselle,10,Marche,0.15,0.15,0.1,0.15,0.1
1801,1801,Caselle,20,Veneto,0.15,0.15,0.1,0.15,0.1
1802,1802,Caselle Landi,09,Lombardia,0.15,0.15,0.1,0.15,0.1
1803,1803,Caselle Lurani,09,Lombardia,0.15,0.15,0.1,0.15,0.1
1804,1804,Caselle Torinese,12,Piemonte,0.15,0.15,0.1,0.15,0.1
1805,1805,Caserta,04,Campania,0.15,0.15,0.1,0.15,0.1
1806,1806,Casette,07,Lazio,0.15,0.15,0.1,0.15,0.1
1807,1807,Casette,06,Friuli-venezia Giulia,0.15,0.15,0.1,0.15,0.1
1808,1808,Casette,16,Toscana,0.15,0.15,0.1,0.15,0.1
1809,1809,Casette Verdini,10,Marche,0.15,0.15,0.1,0.15,0.1
1810,1810,Casi,04,Campania,0.15,0.15,0.1,0.15,0.1
1811,1811,Casier,20,Veneto,0.15,0.15,0.1,0.15,0.1
1812,1812,Casignana,03,Calabria,0.15,0.15,0.1,0.15,0.1
1813,1813,Casina,,Emilia-romagna",0.15,0.15,0.1,0.15,0.1
1814,1814,Casine,10,Marche,0.15,0.15,0.1,0.15,0.1
1815,1815,Casini,16,Toscana,0.15,0.15,0.1,0.15,0.1
1816,1816,Casinina,10,Marche,0.15,0.15,0.1,0.15,0.1
1817,1817,Casnate Con Bernate,09,Lombardia,0.15,0.15,0.1,0.15,0.1
1818,1818,Casnigo,09,Lombardia,0.15,0.15,0.1,0.15,0.1
1819,1819,Casola,04,Campania,0.15,0.15,0.1,0.15,0.1
1820,1820,Casola Valsenio,,Emilia-romagna",0.15,0.15,0.1,0.15,0.1
1821,1821,Casole Bruzio,03,Calabria,0.15,0.15,0.1,0.15,0.1
1822,1822,Casoli,01,Abruzzi,0.15,0.15,0.1,0.15,0.1
1823,1823,Casone,09,Lombardia,0.15,0.15,0.1,0.15,0.1
1824,1824,Casoni,20,Veneto,0.15,0.15,0.1,0.15,0.1
1825,1825,Casorate Primo,09,Lombardia,0.15,0.15,0.1,0.15,0.1
1826,1826,Casorate Sempione,09,Lombardia,0.15,0.15,0.1,0.15,0.1
1827,1827,Casorezzo,09,Lombardia,0.15,0.15,0.1,0.15,0.1
1828,1828,Casoria,04,Campania,0.15,0.15,0.1,0.15,0.1
1829,1829,Casorzo,12,Piemonte,0.15,0.15,0.1,0.15,0.1
1830,1830,Casottole,09,Lombardia,0.15,0.15,0.1,0.15,0.1
1831,1831,Casperia,07,Lazio,0.15,0.15,0.1,0.15,0.1
1832,1832,Caspoggio,09,Lombardia,0.15,0.15,0.1,0.15,0.1
1833,1833,Cassacco,06,Friuli-venezia Giulia,0.15,0.15,0.1,0.15,0.1
1834,1834,Cassago Brianza,09,Lombardia,0.15,0.15,0.1,0.15,0.1
1835,1835,Cassano,04,Campania,0.15,0.15,0.1,0.15,0.1
1836,1836,Cassano Allo Ionio,03,Calabria,0.15,0.15,0.1,0.15,0.1
1837,1837,Cassano Irpino,04,Campania,0.15,0.15,0.1,0.15,0.1
1838,1838,Cassano Magnago,09,Lombardia,0.15,0.15,0.1,0.15,0.1
1839,1839,Cassano Spinola,12,Piemonte,0.15,0.15,0.1,0.15,0.1
1840,1840,Cassano Valcuvia,09,Lombardia,0.15,0.15,0.1,0.15,0.1
1841,1841,Cassaro,,Autonoma Siciliana,0.15,0.15,0.1,0.15,0.1
1842,1842,Cassibile,,Autonoma Siciliana,0.15,0.15,0.1,0.15,0.1
1843,1843,Cassiglio,09,Lombardia,0.15,0.15,0.1,0.15,0.1
1844,1844,Cassina Fra Martino,09,Lombardia,0.15,0.15,0.1,0.15,0.1
1845,1845,Cassina Rizzardi,09,Lombardia,0.15,0.15,0.1,0.15,0.1
1846,1846,Cassina Valsassina,09,Lombardia,0.15,0.15,0.1,0.15,0.1
1847,1847,Cassinasco,12,Piemonte,0.15,0.15,0.1,0.15,0.1
1848,1848,Cassine,12,Piemonte,0.15,0.15,0.1,0.15,0.1
1849,1849,Cassino,07,Lazio,0.15,0.15,0.1,0.15,0.1
1850,1850,Cassola,20,Veneto,0.15,0.15,0.1,0.15,0.1
1851,1851,Cassolnovo,09,Lombardia,0.15,0.15,0.1,0.15,0.1
1852,1852,Castagna,03,Calabria,0.15,0.15,0.1,0.15,0.1
1853,1853,Castagnaro,20,Veneto,0.15,0.15,0.1,0.15,0.1
1854,1854,Castagneto Carducci,16,Toscana,0.15,0.15,0.1,0.15,0.1
1855,1855,Castagneto Po,12,Piemonte,0.15,0.15,0.1,0.15,0.1
1856,1856,Castagnito,12,Piemonte,0.15,0.15,0.1,0.15,0.1
1857,1857,Castagnole,20,Veneto,0.15,0.15,0.1,0.15,0.1
1858,1858,Castagnole Monferrato,12,Piemonte,0.15,0.15,0.1,0.15,0.1
1859,1859,Castagnole Piemonte,12,Piemonte,0.15,0.15,0.1,0.15,0.1
1860,1860,Castana,09,Lombardia,0.15,0.15,0.1,0.15,0.1
1861,1861,Castano Primo,09,Lombardia,0.15,0.15,0.1,0.15,0.1
1862,1862,Casteggio,09,Lombardia,0.15,0.15,0.1,0.15,0.1
1863,1863,Castegnato,09,Lombardia,0.15,0.15,0.1,0.15,0.1
1864,1864,Castegnero,20,Veneto,0.15,0.15,0.1,0.15,0.1
1865,1865,Castel Baronia,04,Campania,0.15,0.15,0.1,0.15,0.1
1866,1866,Castel Boglione,12,Piemonte,0.15,0.15,0.1,0.15,0.1
1867,1867,Castel Bolognese,,Emilia-romagna",0.15,0.15,0.1,0.15,0.1
1868,1868,Castel Campagnano,04,Campania,0.15,0.15,0.1,0.15,0.1
1869,1869,Castel Castagna,01,Abruzzi,0.15,0.15,0.1,0.15,0.1
1870,1870,Castel Condino,17,Trentino-alto Adige,0.15,0.15,0.1,0.15,0.1
1871,1871,Castel Frentano,01,Abruzzi,0.15,0.15,0.1,0.15,0.1
1872,1872,Castel Fusano,07,Lazio,0.15,0.15,0.1,0.15,0.1
1873,1873,Castel Gabbiano,09,Lombardia,0.15,0.15,0.1,0.15,0.1
1874,1874,Castel Gandolfo,07,Lazio,0.15,0.15,0.1,0.15,0.1
1875,1875,Castel Giorgio,18,Umbria,0.15,0.15,0.1,0.15,0.1
1876,1876,Castel Goffredo,09,Lombardia,0.15,0.15,0.1,0.15,0.1
1877,1877,Castel Madama,07,Lazio,0.15,0.15,0.1,0.15,0.1
1878,1878,Castel Maggiore,,Emilia-romagna",0.15,0.15,0.1,0.15,0.1
1879,1879,Castel Mella,09,Lombardia,0.15,0.15,0.1,0.15,0.1
1880,1880,Castel Morrone,04,Campania,0.15,0.15,0.1,0.15,0.1
1881,1881,Castel Ritaldi,18,Umbria,0.15,0.15,0.1,0.15,0.1
1882,1882,Castel Rocchero,12,Piemonte,0.15,0.15,0.1,0.15,0.1
1883,1883,Castel Rozzone,09,Lombardia,0.15,0.15,0.1,0.15,0.1
1884,1884,Castel San Giorgio,04,Campania,0.15,0.15,0.1,0.15,0.1
1885,1885,Castel San Giovanni,,Emilia-romagna",0.15,0.15,0.1,0.15,0.1
1886,1886,Castel San Lorenzo,04,Campania,0.15,0.15,0.1,0.15,0.1
1887,1887,Castel San Niccolo,16,Toscana,0.15,0.15,0.1,0.15,0.1
1888,1888,Castel San Pietro Romano,07,Lazio,0.15,0.15,0.1,0.15,0.1
1889,1889,Castel San Pietro Terme,,Emilia-romagna",0.15,0.15,0.1,0.15,0.1
1890,1890,Castel San Vincenzo,11,Molise,0.15,0.15,0.1,0.15,0.1
1891,1891,Castel Sant'Angelo,07,Lazio,0.15,0.15,0.1,0.15,0.1
1892,1892,Castel Sant'Elia,07,Lazio,0.15,0.15,0.1,0.15,0.1
1893,1893,Castel Viscardo,18,Umbria,0.15,0.15,0.1,0.15,0.1
1894,1894,Castel Vittorio,,Liguria",0.15,0.15,0.1,0.15,0.1
1895,1895,Castel Volturno,04,Campania,0.15,0.15,0.1,0.15,0.1
1896,1896,Castelbaldo,20,Veneto,0.15,0.15,0.1,0.15,0.1
1897,1897,Castelbelforte,09,Lombardia,0.15,0.15,0.1,0.15,0.1
1898,1898,Castelbellino,10,Marche,0.15,0.15,0.1,0.15,0.1
1899,1899,Castelbello,17,Trentino-alto Adige,0.15,0.15,0.1,0.15,0.1
1900,1900,Castelbianco,,Liguria",0.15,0.15,0.1,0.15,0.1
1901,1901,Castelbottaccio,11,Molise,0.15,0.15,0.1,0.15,0.1
1902,1902,Castelbuono,,Autonoma Siciliana,0.15,0.15,0.1,0.15,0.1
1903,1903,Castelceriolo,12,Piemonte,0.15,0.15,0.1,0.15,0.1
1904,1904,Castelcivita,04,Campania,0.15,0.15,0.1,0.15,0.1
1905,1905,Castelcovati,09,Lombardia,0.15,0.15,0.1,0.15,0.1
1906,1906,Castelcucco,20,Veneto,0.15,0.15,0.1,0.15,0.1
1907,1907,Casteldaccia,,Autonoma Siciliana,0.15,0.15,0.1,0.15,0.1
1908,1908,Casteldarne,17,Trentino-alto Adige,0.15,0.15,0.1,0.15,0.1
1909,1909,Casteldelci,,Emilia-romagna",0.15,0.15,0.1,0.15,0.1
1910,1910,Casteldelfino,12,Piemonte,0.15,0.15,0.1,0.15,0.1
1911,1911,Casteldidone,09,Lombardia,0.15,0.15,0.1,0.15,0.1
1912,1912,Castelferrato,01,Abruzzi,0.15,0.15,0.1,0.15,0.1
1913,1913,Castelfidardo,10,Marche,0.15,0.15,0.1,0.15,0.1
1914,1914,Castelfiorentino,16,Toscana,0.15,0.15,0.1,0.15,0.1
1915,1915,Castelfondo,17,Trentino-alto Adige,0.15,0.15,0.1,0.15,0.1
1916,1916,Castelforte,07,Lazio,0.15,0.15,0.1,0.15,0.1
1917,1917,Castelfranci,04,Campania,0.15,0.15,0.1,0.15,0.1
1918,1918,Castelfranco Emilia,,Emilia-romagna",0.15,0.15,0.1,0.15,0.1
1919,1919,Castelfranco Veneto,20,Veneto,0.15,0.15,0.1,0.15,0.1
1920,1920,Castelgomberto,20,Veneto,0.15,0.15,0.1,0.15,0.1
1921,1921,Castelgrande,02,Basilicata,0.15,0.15,0.1,0.15,0.1
1922,1922,Castelguglielmo,20,Veneto,0.15,0.15,0.1,0.15,0.1
1923,1923,Castelguidone,01,Abruzzi,0.15,0.15,0.1,0.15,0.1
1924,1924,Castell'Alfero,12,Piemonte,0.15,0.15,0.1,0.15,0.1
1925,1925,Castell'Arquato,,Emilia-romagna",0.15,0.15,0.1,0.15,0.1
1926,1926,Castell'Azzara,16,Toscana,0.15,0.15,0.1,0.15,0.1
1927,1927,Castell'Umberto,,Autonoma Siciliana,0.15,0.15,0.1,0.15,0.1
1928,1928,Castellabate,04,Campania,0.15,0.15,0.1,0.15,0.1
1929,1929,Castellace,03,Calabria,0.15,0.15,0.1,0.15,0.1
1930,1930,Castellafiume,01,Abruzzi,0.15,0.15,0.1,0.15,0.1
1931,1931,Castellalto,01,Abruzzi,0.15,0.15,0.1,0.15,0.1
1932,1932,Castellamonte,12,Piemonte,0.15,0.15,0.1,0.15,0.1
1933,1933,Castellana,01,Abruzzi,0.15,0.15,0.1,0.15,0.1
1934,1934,Castellana,13,Puglia,0.15,0.15,0.1,0.15,0.1
1935,1935,Castellana Sicula,,Autonoma Siciliana,0.15,0.15,0.1,0.15,0.1
1936,1936,Castellaneta,13,Puglia,0.15,0.15,0.1,0.15,0.1
1937,1937,Castellania,12,Piemonte,0.15,0.15,0.1,0.15,0.1
1938,1938,Castellano,10,Marche,0.15,0.15,0.1,0.15,0.1
1939,1939,Castellano,17,Trentino-alto Adige,0.15,0.15,0.1,0.15,0.1
1940,1940,Castellanza,09,Lombardia,0.15,0.15,0.1,0.15,0.1
1941,1941,Castellar,12,Piemonte,0.15,0.15,0.1,0.15,0.1
1942,1942,Castellar Guidobono,12,Piemonte,0.15,0.15,0.1,0.15,0.1
1943,1943,Castellarano,,Emilia-romagna",0.15,0.15,0.1,0.15,0.1
1944,1944,Castellaro,,Liguria",0.15,0.15,0.1,0.15,0.1
1945,1945,Castellazzo,09,Lombardia,0.15,0.15,0.1,0.15,0.1
1946,1946,Castellazzo Bormida,12,Piemonte,0.15,0.15,0.1,0.15,0.1
1947,1947,Castellazzo Novarese,12,Piemonte,0.15,0.15,0.1,0.15,0.1
1948,1948,Castelleone,09,Lombardia,0.15,0.15,0.1,0.15,0.1
1949,1949,Castellero,12,Piemonte,0.15,0.15,0.1,0.15,0.1
1950,1950,Castelletto,09,Lombardia,0.15,0.15,0.1,0.15,0.1
1951,1951,Castelletto,,Emilia-romagna",0.15,0.15,0.1,0.15,0.1
1952,1952,Castelletto Cervo,12,Piemonte,0.15,0.15,0.1,0.15,0.1
1953,1953,Castelletto Merli,12,Piemonte,0.15,0.15,0.1,0.15,0.1
1954,1954,Castelletto Molina,12,Piemonte,0.15,0.15,0.1,0.15,0.1
1955,1955,Castelletto Monferrato,12,Piemonte,0.15,0.15,0.1,0.15,0.1
1956,1956,Castelletto Po,09,Lombardia,0.15,0.15,0.1,0.15,0.1
1957,1957,Castelletto Sopra Ticino,12,Piemonte,0.15,0.15,0.1,0.15,0.1
1958,1958,Castelletto Stura,12,Piemonte,0.15,0.15,0.1,0.15,0.1
1959,1959,Castelletto Uzzone,12,Piemonte,0.15,0.15,0.1,0.15,0.1
1960,1960,Castelli,01,Abruzzi,0.15,0.15,0.1,0.15,0.1
1961,1961,Castelli Calepio,09,Lombardia,0.15,0.15,0.1,0.15,0.1
1962,1962,Castellina Marittima,16,Toscana,0.15,0.15,0.1,0.15,0.1
1963,1963,Castellina Scalo,16,Toscana,0.15,0.15,0.1,0.15,0.1
1964,1964,Castellinaldo,12,Piemonte,0.15,0.15,0.1,0.15,0.1
1965,1965,Castellino Tanaro,12,Piemonte,0.15,0.15,0.1,0.15,0.1
1966,1966,Castelliri,07,Lazio,0.15,0.15,0.1,0.15,0.1
1967,1967,Castello,09,Lombardia,0.15,0.15,0.1,0.15,0.1
1968,1968,Castello Cabiaglio,09,Lombardia,0.15,0.15,0.1,0.15,0.1
1969,1969,Castello Lavazzo,20,Veneto,0.15,0.15,0.1,0.15,0.1
1970,1970,Castello Tesino,17,Trentino-alto Adige,0.15,0.15,0.1,0.15,0.1
1971,1971,Castellucchio,09,Lombardia,0.15,0.15,0.1,0.15,0.1
1972,1972,Castelluccio,16,Toscana,0.15,0.15,0.1,0.15,0.1
1973,1973,Castelluccio Inferiore,02,Basilicata,0.15,0.15,0.1,0.15,0.1
1974,1974,Castelluccio Superiore,02,Basilicata,0.15,0.15,0.1,0.15,0.1
1975,1975,Castelluccio Valmaggiore,13,Puglia,0.15,0.15,0.1,0.15,0.1
1976,1976,Castelluzzo,,Autonoma Siciliana,0.15,0.15,0.1,0.15,0.1
1977,1977,Castelmarte,09,Lombardia,0.15,0.15,0.1,0.15,0.1
1978,1978,Castelmassa,20,Veneto,0.15,0.15,0.1,0.15,0.1
1979,1979,Castelmassimo,07,Lazio,0.15,0.15,0.1,0.15,0.1
1980,1980,Castelmauro,11,Molise,0.15,0.15,0.1,0.15,0.1
1981,1981,Castelmezzano,02,Basilicata,0.15,0.15,0.1,0.15,0.1
1982,1982,Castelminio,20,Veneto,0.15,0.15,0.1,0.15,0.1
1983,1983,Castelmola,,Autonoma Siciliana,0.15,0.15,0.1,0.15,0.1
1984,1984,Castelnovetto,09,Lombardia,0.15,0.15,0.1,0.15,0.1
1985,1985,Castelnovo,20,Veneto,0.15,0.15,0.1,0.15,0.1
1986,1986,Castelnovo Bariano,20,Veneto,0.15,0.15,0.1,0.15,0.1
1987,1987,Castelnuovo,17,Trentino-alto Adige,0.15,0.15,0.1,0.15,0.1
1988,1988,Castelnuovo,18,Umbria,0.15,0.15,0.1,0.15,0.1
1989,1989,Castelnuovo,01,Abruzzi,0.15,0.15,0.1,0.15,0.1
1990,1990,Castelnuovo,09,Lombardia,0.15,0.15,0.1,0.15,0.1
1991,1991,Castelnuovo Belbo,12,Piemonte,0.15,0.15,0.1,0.15,0.1
1992,1992,Castelnuovo Berardenga,16,Toscana,0.15,0.15,0.1,0.15,0.1
1993,1993,Castelnuovo Bormida,12,Piemonte,0.15,0.15,0.1,0.15,0.1
1994,1994,Castelnuovo Bozzente,09,Lombardia,0.15,0.15,0.1,0.15,0.1
1995,1995,Castelnuovo Calcea,12,Piemonte,0.15,0.15,0.1,0.15,0.1
1996,1996,Castelnuovo Cilento,04,Campania,0.15,0.15,0.1,0.15,0.1
1997,1997,Castelnuovo Don Bosco,12,Piemonte,0.15,0.15,0.1,0.15,0.1
1998,1998,Castelnuovo Fogliani,,Emilia-romagna",0.15,0.15,0.1,0.15,0.1
1999,1999,Castelnuovo Magra,,Liguria",0.15,0.15,0.1,0.15,0.1
2000,2000,Castelnuovo Misericordia,16,Toscana,0.15,0.15,0.1,0.15,0.1
2001,2001,Castelnuovo Nigra,12,Piemonte,0.15,0.15,0.1,0.15,0.1
2002,2002,Castelnuovo Parano,07,Lazio,0.15,0.15,0.1,0.15,0.1
2003,2003,Castelnuovo Rangone,,Emilia-romagna",0.15,0.15,0.1,0.15,0.1
2004,2004,Castelnuovo Scrivia,12,Piemonte,0.15,0.15,0.1,0.15,0.1
2005,2005,Castelnuovo Vomano,01,Abruzzi,0.15,0.15,0.1,0.15,0.1
2006,2006,Castelpagano,04,Campania,0.15,0.15,0.1,0.15,0.1
2007,2007,Castelpetroso,11,Molise,0.15,0.15,0.1,0.15,0.1
2008,2008,Castelpizzuto,11,Molise,0.15,0.15,0.1,0.15,0.1
2009,2009,Castelplanio,10,Marche,0.15,0.15,0.1,0.15,0.1
2010,2010,Castelpoto,04,Campania,0.15,0.15,0.1,0.15,0.1
2011,2011,Castelraimondo,10,Marche,0.15,0.15,0.1,0.15,0.1
2012,2012,Castelromano,11,Molise,0.15,0.15,0.1,0.15,0.1
2013,2013,Castelrotto,12,Piemonte,0.15,0.15,0.1,0.15,0.1
2014,2014,Castelrotto,17,Trentino-alto Adige,0.15,0.15,0.1,0.15,0.1
2015,2015,Castelsaraceno,02,Basilicata,0.15,0.15,0.1,0.15,0.1
2016,2016,Castelsardo,,Autonoma Della Sardegna,0.15,0.15,0.1,0.15,0.1
2017,2017,Castelseprio,09,Lombardia,0.15,0.15,0.1,0.15,0.1
2018,2018,Castelsilano,03,Calabria,0.15,0.15,0.1,0.15,0.1
2019,2019,Castelspina,12,Piemonte,0.15,0.15,0.1,0.15,0.1
2020,2020,Casteltermini,,Autonoma Siciliana,0.15,0.15,0.1,0.15,0.1
2021,2021,Casteltodino,18,Umbria,0.15,0.15,0.1,0.15,0.1
2022,2022,Castelveccana,09,Lombardia,0.15,0.15,0.1,0.15,0.1
2023,2023,Castelvecchio,10,Marche,0.15,0.15,0.1,0.15,0.1
2024,2024,Castelvecchio Calvisio,01,Abruzzi,0.15,0.15,0.1,0.15,0.1
2025,2025,Castelvecchio Pascoli,16,Toscana,0.15,0.15,0.1,0.15,0.1
2026,2026,Castelvecchio Subequo,01,Abruzzi,0.15,0.15,0.1,0.15,0.1
2027,2027,Castelvenere,04,Campania,0.15,0.15,0.1,0.15,0.1
2028,2028,Castelverde,09,Lombardia,0.15,0.15,0.1,0.15,0.1
2029,2029,Castelverrino,11,Molise,0.15,0.15,0.1,0.15,0.1
2030,2030,Castelvetrano,,Autonoma Siciliana,0.15,0.15,0.1,0.15,0.1
2031,2031,Castelvetro Piacentino,,Emilia-romagna",0.15,0.15,0.1,0.15,0.1
2032,2032,Castelvisconti,09,Lombardia,0.15,0.15,0.1,0.15,0.1
2033,2033,Castenaso,,Emilia-romagna",0.15,0.15,0.1,0.15,0.1
2034,2034,Castenedolo,09,Lombardia,0.15,0.15,0.1,0.15,0.1
2035,2035,Casterno,09,Lombardia,0.15,0.15,0.1,0.15,0.1
2036,2036,Castiadas,,Autonoma Della Sardegna,0.15,0.15,0.1,0.15,0.1
2037,2037,Castiglion Fibocchi,16,Toscana,0.15,0.15,0.1,0.15,0.1
2038,2038,Castiglion Fiorentino,16,Toscana,0.15,0.15,0.1,0.15,0.1
2039,2039,Castiglione,,Liguria",0.15,0.15,0.1,0.15,0.1
2040,2040,Castiglione,13,Puglia,0.15,0.15,0.1,0.15,0.1
2041,2041,Castiglione Cosentino,03,Calabria,0.15,0.15,0.1,0.15,0.1
2042,2042,Castiglione Falletto,12,Piemonte,0.15,0.15,0.1,0.15,0.1
2043,2043,Castiglione Mantovano,09,Lombardia,0.15,0.15,0.1,0.15,0.1
2044,2044,Castiglione Messer Marino,01,Abruzzi,0.15,0.15,0.1,0.15,0.1
2045,2045,Castiglione Messer Raimondo,01,Abruzzi,0.15,0.15,0.1,0.15,0.1
2046,2046,Castiglione Olona,09,Lombardia,0.15,0.15,0.1,0.15,0.1
2047,2047,Castiglione Tinella,12,Piemonte,0.15,0.15,0.1,0.15,0.1
2048,2048,Castiglione Torinese,12,Piemonte,0.15,0.15,0.1,0.15,0.1
2049,2049,Castignano,10,Marche,0.15,0.15,0.1,0.15,0.1
2050,2050,Castilenti,01,Abruzzi,0.15,0.15,0.1,0.15,0.1
2051,2051,Castino,12,Piemonte,0.15,0.15,0.1,0.15,0.1
2052,2052,Castion,20,Veneto,0.15,0.15,0.1,0.15,0.1
2053,2053,Castione,09,Lombardia,0.15,0.15,0.1,0.15,0.1
2054,2054,Castione Andevenno,09,Lombardia,0.15,0.15,0.1,0.15,0.1
2055,2055,Castionetto,09,Lombardia,0.15,0.15,0.1,0.15,0.1
2056,2056,Castions,06,Friuli-venezia Giulia,0.15,0.15,0.1,0.15,0.1
2057,2057,Castiraga Vidardo,09,Lombardia,0.15,0.15,0.1,0.15,0.1
2058,2058,Casto,09,Lombardia,0.15,0.15,0.1,0.15,0.1
2059,2059,Castorano,10,Marche,0.15,0.15,0.1,0.15,0.1
2060,2060,Castrezzato,09,Lombardia,0.15,0.15,0.1,0.15,0.1
2061,2061,Castrignano De' Greci,13,Puglia,0.15,0.15,0.1,0.15,0.1
2062,2062,Castro,09,Lombardia,0.15,0.15,0.1,0.15,0.1
2063,2063,Castro,13,Puglia,0.15,0.15,0.1,0.15,0.1
2064,2064,Castrocaro Terme,,Emilia-romagna",0.15,0.15,0.1,0.15,0.1
2065,2065,Castrocielo,07,Lazio,0.15,0.15,0.1,0.15,0.1
2066,2066,Castrofilippo,,Autonoma Siciliana,0.15,0.15,0.1,0.15,0.1
2067,2067,Castrolibero,03,Calabria,0.15,0.15,0.1,0.15,0.1
2068,2068,Castromediano,13,Puglia,0.15,0.15,0.1,0.15,0.1
2069,2069,Castronno,09,Lombardia,0.15,0.15,0.1,0.15,0.1
2070,2070,Castropignano,11,Molise,0.15,0.15,0.1,0.15,0.1
2071,2071,Castroreale,,Autonoma Siciliana,0.15,0.15,0.1,0.15,0.1
2072,2072,Castroregio,03,Calabria,0.15,0.15,0.1,0.15,0.1
2073,2073,Castrovillari,03,Calabria,0.15,0.15,0.1,0.15,0.1
2074,2074,Cataeggio,09,Lombardia,0.15,0.15,0.1,0.15,0.1
2075,2075,Catania,,Autonoma Siciliana,0.15,0.15,0.1,0.15,0.1
2076,2076,Catanzaro,03,Calabria,0.15,0.15,0.1,0.15,0.1
2077,2077,Catena,16,Toscana,0.15,0.15,0.1,0.15,0.1
2078,2078,Catenanuova,,Autonoma Siciliana,0.15,0.15,0.1,0.15,0.1
2079,2079,Catignano,01,Abruzzi,0.15,0.15,0.1,0.15,0.1
2080,2080,Cattolica,,Emilia-romagna",0.15,0.15,0.1,0.15,0.1
2081,2081,Cattolica Eraclea,,Autonoma Siciliana,0.15,0.15,0.1,0.15,0.1
2082,2082,Caulonia,03,Calabria,0.15,0.15,0.1,0.15,0.1
2083,2083,Caulonia Marina,03,Calabria,0.15,0.15,0.1,0.15,0.1
2084,2084,Cautano,04,Campania,0.15,0.15,0.1,0.15,0.1
2085,2085,Cava Manara,09,Lombardia,0.15,0.15,0.1,0.15,0.1
2086,2086,Cavacurta,09,Lombardia,0.15,0.15,0.1,0.15,0.1
2087,2087,Cavaglia,12,Piemonte,0.15,0.15,0.1,0.15,0.1
2088,2088,Cavaglietto,12,Piemonte,0.15,0.15,0.1,0.15,0.1
2089,2089,Cavaglio D'Agogna,12,Piemonte,0.15,0.15,0.1,0.15,0.1
2090,2090,Cavagnano,09,Lombardia,0.15,0.15,0.1,0.15,0.1
2091,2091,Cavagnolo,12,Piemonte,0.15,0.15,0.1,0.15,0.1
2092,2092,Cavalcaselle,20,Veneto,0.15,0.15,0.1,0.15,0.1
2093,2093,Cavalese,17,Trentino-alto Adige,0.15,0.15,0.1,0.15,0.1
2094,2094,Cavallasca,09,Lombardia,0.15,0.15,0.1,0.15,0.1
2095,2095,Cavallerleone,12,Piemonte,0.15,0.15,0.1,0.15,0.1
2096,2096,Cavallermaggiore,12,Piemonte,0.15,0.15,0.1,0.15,0.1
2097,2097,Cavallina,16,Toscana,0.15,0.15,0.1,0.15,0.1
2098,2098,Cavallino,20,Veneto,0.15,0.15,0.1,0.15,0.1
2099,2099,Cavallino,13,Puglia,0.15,0.15,0.1,0.15,0.1
2100,2100,Cavallirio,12,Piemonte,0.15,0.15,0.1,0.15,0.1
2101,2101,Cavareno,17,Trentino-alto Adige,0.15,0.15,0.1,0.15,0.1
2102,2102,Cavargna,09,Lombardia,0.15,0.15,0.1,0.15,0.1
2103,2103,Cavaria Con Premezzo,09,Lombardia,0.15,0.15,0.1,0.15,0.1
2104,2104,Cavarzere,20,Veneto,0.15,0.15,0.1,0.15,0.1
2105,2105,Cavasagra,20,Veneto,0.15,0.15,0.1,0.15,0.1
2106,2106,Cavasso Nuovo,06,Friuli-venezia Giulia,0.15,0.15,0.1,0.15,0.1
2107,2107,Cavatore,12,Piemonte,0.15,0.15,0.1,0.15,0.1
2108,2108,Cavazzo Carnico,06,Friuli-venezia Giulia,0.15,0.15,0.1,0.15,0.1
2109,2109,Cavazzona,,Emilia-romagna",0.15,0.15,0.1,0.15,0.1
2110,2110,Cave,07,Lazio,0.15,0.15,0.1,0.15,0.1
2111,2111,Cavedago,17,Trentino-alto Adige,0.15,0.15,0.1,0.15,0.1
2112,2112,Cavedine,17,Trentino-alto Adige,0.15,0.15,0.1,0.15,0.1
2113,2113,Cavernago,09,Lombardia,0.15,0.15,0.1,0.15,0.1
2114,2114,Cavezzo,,Emilia-romagna",0.15,0.15,0.1,0.15,0.1
2115,2115,Cavino,20,Veneto,0.15,0.15,0.1,0.15,0.1
2116,2116,Caviola,20,Veneto,0.15,0.15,0.1,0.15,0.1
2117,2117,Cavizzana,17,Trentino-alto Adige,0.15,0.15,0.1,0.15,0.1
2118,2118,Cavo,16,Toscana,0.15,0.15,0.1,0.15,0.1
2119,2119,Cavola,,Emilia-romagna",0.15,0.15,0.1,0.15,0.1
2120,2120,Cavour,12,Piemonte,0.15,0.15,0.1,0.15,0.1
2121,2121,Cavriago,,Emilia-romagna",0.15,0.15,0.1,0.15,0.1
2122,2122,Cavriana,09,Lombardia,0.15,0.15,0.1,0.15,0.1
2123,2123,Cavrie,20,Veneto,0.15,0.15,0.1,0.15,0.1
2124,2124,Cazzago Brabbia,09,Lombardia,0.15,0.15,0.1,0.15,0.1
2125,2125,Cazzano Sant'Andrea,09,Lombardia,0.15,0.15,0.1,0.15,0.1
2126,2126,Ceccano,07,Lazio,0.15,0.15,0.1,0.15,0.1
2127,2127,Cecchina,07,Lazio,0.15,0.15,0.1,0.15,0.1
2128,2128,Cecchini,06,Friuli-venezia Giulia,0.15,0.15,0.1,0.15,0.1
2129,2129,Cecima,09,Lombardia,0.15,0.15,0.1,0.15,0.1
2130,2130,Cecina,16,Toscana,0.15,0.15,0.1,0.15,0.1
2131,2131,Cedegolo,09,Lombardia,0.15,0.15,0.1,0.15,0.1
2132,2132,Cedrasco,09,Lombardia,0.15,0.15,0.1,0.15,0.1
2133,2133,Cefalu,,Autonoma Siciliana,0.15,0.15,0.1,0.15,0.1
2134,2134,Ceggia,20,Veneto,0.15,0.15,0.1,0.15,0.1
2135,2135,Ceglie Messapica,13,Puglia,0.15,0.15,0.1,0.15,0.1
2136,2136,Celano,01,Abruzzi,0.15,0.15,0.1,0.15,0.1
2137,2137,Celenza Valfortore,13,Puglia,0.15,0.15,0.1,0.15,0.1
2138,2138,Celico,03,Calabria,0.15,0.15,0.1,0.15,0.1
2139,2139,Cella Dati,09,Lombardia,0.15,0.15,0.1,0.15,0.1
2140,2140,Cella Monte,12,Piemonte,0.15,0.15,0.1,0.15,0.1
2141,2141,Cellamare,13,Puglia,0.15,0.15,0.1,0.15,0.1
2142,2142,Cellara,03,Calabria,0.15,0.15,0.1,0.15,0.1
2143,2143,Cellarengo,12,Piemonte,0.15,0.15,0.1,0.15,0.1
2144,2144,Cellatica,09,Lombardia,0.15,0.15,0.1,0.15,0.1
2145,2145,Celle Enomondo,12,Piemonte,0.15,0.15,0.1,0.15,0.1
2146,2146,Celle Ligure,,Liguria",0.15,0.15,0.1,0.15,0.1
2147,2147,Celleno,07,Lazio,0.15,0.15,0.1,0.15,0.1
2148,2148,Cellere,07,Lazio,0.15,0.15,0.1,0.15,0.1
2149,2149,Cellino Attanasio,01,Abruzzi,0.15,0.15,0.1,0.15,0.1
2150,2150,Cellino San Marco,13,Puglia,0.15,0.15,0.1,0.15,0.1
2151,2151,Cellio,12,Piemonte,0.15,0.15,0.1,0.15,0.1
2152,2152,Cellole,04,Campania,0.15,0.15,0.1,0.15,0.1
2153,2153,Cellore,20,Veneto,0.15,0.15,0.1,0.15,0.1
2154,2154,Cembra,17,Trentino-alto Adige,0.15,0.15,0.1,0.15,0.1
2155,2155,Cenadi,03,Calabria,0.15,0.15,0.1,0.15,0.1
2156,2156,Cenaia,16,Toscana,0.15,0.15,0.1,0.15,0.1
2157,2157,Cenate Sopra,09,Lombardia,0.15,0.15,0.1,0.15,0.1
2158,2158,Cencenighe Agordino,20,Veneto,0.15,0.15,0.1,0.15,0.1
2159,2159,Cendon,20,Veneto,0.15,0.15,0.1,0.15,0.1
2160,2160,Cene,09,Lombardia,0.15,0.15,0.1,0.15,0.1
2161,2161,Ceneselli,20,Veneto,0.15,0.15,0.1,0.15,0.1
2162,2162,Ceniga,17,Trentino-alto Adige,0.15,0.15,0.1,0.15,0.1
2163,2163,Centa San Nicolo,17,Trentino-alto Adige,0.15,0.15,0.1,0.15,0.1
2164,2164,Centallo,12,Piemonte,0.15,0.15,0.1,0.15,0.1
2165,2165,Cento,,Emilia-romagna",0.15,0.15,0.1,0.15,0.1
2166,2166,Centobuchi,10,Marche,0.15,0.15,0.1,0.15,0.1
2167,2167,Centola,04,Campania,0.15,0.15,0.1,0.15,0.1
2168,2168,Centrache,03,Calabria,0.15,0.15,0.1,0.15,0.1
2169,2169,Centrale,20,Veneto,0.15,0.15,0.1,0.15,0.1
2170,2170,Centrale,17,Trentino-alto Adige,0.15,0.15,0.1,0.15,0.1
2171,2171,Centro Urbano,04,Campania,0.15,0.15,0.1,0.15,0.1
2172,2172,Centuripe,,Autonoma Siciliana,0.15,0.15,0.1,0.15,0.1
2173,2173,Ceolini,06,Friuli-venezia Giulia,0.15,0.15,0.1,0.15,0.1
2174,2174,Cepagatti,01,Abruzzi,0.15,0.15,0.1,0.15,0.1
2175,2175,Cepina,09,Lombardia,0.15,0.15,0.1,0.15,0.1
2176,2176,Ceppagna,11,Molise,0.15,0.15,0.1,0.15,0.1
2177,2177,Ceppaloni,04,Campania,0.15,0.15,0.1,0.15,0.1
2178,2178,Ceppo Morelli,12,Piemonte,0.15,0.15,0.1,0.15,0.1
2179,2179,Ceprano,07,Lazio,0.15,0.15,0.1,0.15,0.1
2180,2180,Cerami,,Autonoma Siciliana,0.15,0.15,0.1,0.15,0.1
2181,2181,Ceranesi,,Liguria",0.15,0.15,0.1,0.15,0.1
2182,2182,Cerano,12,Piemonte,0.15,0.15,0.1,0.15,0.1
2183,2183,Ceranova,09,Lombardia,0.15,0.15,0.1,0.15,0.1
2184,2184,Ceraso,04,Campania,0.15,0.15,0.1,0.15,0.1
2185,2185,Cerasolo,,Emilia-romagna",0.15,0.15,0.1,0.15,0.1
2186,2186,Cerbaia,16,Toscana,0.15,0.15,0.1,0.15,0.1
2187,2187,Cerbara,18,Umbria,0.15,0.15,0.1,0.15,0.1
2188,2188,Cercemaggiore,11,Molise,0.15,0.15,0.1,0.15,0.1
2189,2189,Cercenasco,12,Piemonte,0.15,0.15,0.1,0.15,0.1
2190,2190,Cercepiccola,11,Molise,0.15,0.15,0.1,0.15,0.1
2191,2191,Cerchiara,01,Abruzzi,0.15,0.15,0.1,0.15,0.1
2192,2192,Cerchio,01,Abruzzi,0.15,0.15,0.1,0.15,0.1
2193,2193,Cercino,09,Lombardia,0.15,0.15,0.1,0.15,0.1
2194,2194,Cercivento,06,Friuli-venezia Giulia,0.15,0.15,0.1,0.15,0.1
2195,2195,Cercola,04,Campania,0.15,0.15,0.1,0.15,0.1
2196,2196,Cerda,,Autonoma Siciliana,0.15,0.15,0.1,0.15,0.1
2197,2197,Cerea,20,Veneto,0.15,0.15,0.1,0.15,0.1
2198,2198,Ceregnano,20,Veneto,0.15,0.15,0.1,0.15,0.1
2199,2199,Cerenzia,03,Calabria,0.15,0.15,0.1,0.15,0.1
2200,2200,Ceres,12,Piemonte,0.15,0.15,0.1,0.15,0.1
2201,2201,Ceresara,09,Lombardia,0.15,0.15,0.1,0.15,0.1
2202,2202,Cerese,09,Lombardia,0.15,0.15,0.1,0.15,0.1
2203,2203,Cereseto,12,Piemonte,0.15,0.15,0.1,0.15,0.1
2204,2204,Ceresole Alba,12,Piemonte,0.15,0.15,0.1,0.15,0.1
2205,2205,Ceresole Reale,12,Piemonte,0.15,0.15,0.1,0.15,0.1
2206,2206,Cereta,09,Lombardia,0.15,0.15,0.1,0.15,0.1
2207,2207,Cerete Basso,09,Lombardia,0.15,0.15,0.1,0.15,0.1
2208,2208,Ceretto Lomellina,09,Lombardia,0.15,0.15,0.1,0.15,0.1
2209,2209,Cerfignano,13,Puglia,0.15,0.15,0.1,0.15,0.1
2210,2210,Cergnago,09,Lombardia,0.15,0.15,0.1,0.15,0.1
2211,2211,Ceriale,,Liguria",0.15,0.15,0.1,0.15,0.1
2212,2212,Ceriana,,Liguria",0.15,0.15,0.1,0.15,0.1
2213,2213,Ceriano Laghetto,09,Lombardia,0.15,0.15,0.1,0.15,0.1
2214,2214,Cerignale,,Emilia-romagna",0.15,0.15,0.1,0.15,0.1
2215,2215,Cerignola,13,Puglia,0.15,0.15,0.1,0.15,0.1
2216,2216,Cerisano,03,Calabria,0.15,0.15,0.1,0.15,0.1
2217,2217,Cerlongo,09,Lombardia,0.15,0.15,0.1,0.15,0.1
2218,2218,Cermenate,09,Lombardia,0.15,0.15,0.1,0.15,0.1
2219,2219,Cermes,17,Trentino-alto Adige,0.15,0.15,0.1,0.15,0.1
2220,2220,Cermignano,01,Abruzzi,0.15,0.15,0.1,0.15,0.1
2221,2221,Cerneglons,06,Friuli-venezia Giulia,0.15,0.15,0.1,0.15,0.1
2222,2222,Cernobbio,09,Lombardia,0.15,0.15,0.1,0.15,0.1
2223,2223,Cernusco Lombardone,09,Lombardia,0.15,0.15,0.1,0.15,0.1
2224,2224,Cerone,12,Piemonte,0.15,0.15,0.1,0.15,0.1
2225,2225,Cerqueto,18,Umbria,0.15,0.15,0.1,0.15,0.1
2226,2226,Cerratina,01,Abruzzi,0.15,0.15,0.1,0.15,0.1
2227,2227,Cerrelli,04,Campania,0.15,0.15,0.1,0.15,0.1
2228,2228,Cerreto Castello,12,Piemonte,0.15,0.15,0.1,0.15,0.1
2229,2229,Cerreto Grue,12,Piemonte,0.15,0.15,0.1,0.15,0.1
2230,2230,Cerreto Guidi,16,Toscana,0.15,0.15,0.1,0.15,0.1
2231,2231,Cerreto Langhe,12,Piemonte,0.15,0.15,0.1,0.15,0.1
2232,2232,Cerreto Laziale,07,Lazio,0.15,0.15,0.1,0.15,0.1
2233,2233,Cerreto Sannita,04,Campania,0.15,0.15,0.1,0.15,0.1
2234,2234,Cerretti,16,Toscana,0.15,0.15,0.1,0.15,0.1
2235,2235,Cerrina,12,Piemonte,0.15,0.15,0.1,0.15,0.1
2236,2236,Cerrione,12,Piemonte,0.15,0.15,0.1,0.15,0.1
2237,2237,Cerro Maggiore,09,Lombardia,0.15,0.15,0.1,0.15,0.1
2238,2238,Cerro Tanaro,12,Piemonte,0.15,0.15,0.1,0.15,0.1
2239,2239,Cerro Veronese,20,Veneto,0.15,0.15,0.1,0.15,0.1
2240,2240,Cersosimo,02,Basilicata,0.15,0.15,0.1,0.15,0.1
2241,2241,Certaldo,16,Toscana,0.15,0.15,0.1,0.15,0.1
2242,2242,Certosa,17,Trentino-alto Adige,0.15,0.15,0.1,0.15,0.1
2243,2243,Cerva,03,Calabria,0.15,0.15,0.1,0.15,0.1
2244,2244,Cervara,,Emilia-romagna",0.15,0.15,0.1,0.15,0.1
2245,2245,Cervarese Santa Croce,20,Veneto,0.15,0.15,0.1,0.15,0.1
2246,2246,Cervarezza,,Emilia-romagna",0.15,0.15,0.1,0.15,0.1
2247,2247,Cervaro,07,Lazio,0.15,0.15,0.1,0.15,0.1
2248,2248,Cervasca,12,Piemonte,0.15,0.15,0.1,0.15,0.1
2249,2249,Cervatto,12,Piemonte,0.15,0.15,0.1,0.15,0.1
2250,2250,Cerveno,09,Lombardia,0.15,0.15,0.1,0.15,0.1
2251,2251,Cervere,12,Piemonte,0.15,0.15,0.1,0.15,0.1
2252,2252,Cervesina,09,Lombardia,0.15,0.15,0.1,0.15,0.1
2253,2253,Cerveteri,07,Lazio,0.15,0.15,0.1,0.15,0.1
2254,2254,Cervia,,Emilia-romagna",0.15,0.15,0.1,0.15,0.1
2255,2255,Cervicati,03,Calabria,0.15,0.15,0.1,0.15,0.1
2256,2256,Cervinara,04,Campania,0.15,0.15,0.1,0.15,0.1
2257,2257,Cervino,04,Campania,0.15,0.15,0.1,0.15,0.1
2258,2258,Cervo,,Liguria",0.15,0.15,0.1,0.15,0.1
2259,2259,Cerza,,Autonoma Siciliana,0.15,0.15,0.1,0.15,0.1
2260,2260,Cerzeto,03,Calabria,0.15,0.15,0.1,0.15,0.1
2261,2261,Cesa,04,Campania,0.15,0.15,0.1,0.15,0.1
2262,2262,Cesa,16,Toscana,0.15,0.15,0.1,0.15,0.1
2263,2263,Cesana Brianza,09,Lombardia,0.15,0.15,0.1,0.15,0.1
2264,2264,Cesana Torinese,12,Piemonte,0.15,0.15,0.1,0.15,0.1
2265,2265,Cesano,07,Lazio,0.15,0.15,0.1,0.15,0.1
2266,2266,Cesano Boscone,09,Lombardia,0.15,0.15,0.1,0.15,0.1
2267,2267,Cesano Maderno,09,Lombardia,0.15,0.15,0.1,0.15,0.1
2268,2268,Cesara,12,Piemonte,0.15,0.15,0.1,0.15,0.1
2269,2269,Cesaro,,Autonoma Siciliana,0.15,0.15,0.1,0.15,0.1
2270,2270,Cesarolo,20,Veneto,0.15,0.15,0.1,0.15,0.1
2271,2271,Cesate,09,Lombardia,0.15,0.15,0.1,0.15,0.1
2272,2272,Cese,01,Abruzzi,0.15,0.15,0.1,0.15,0.1
2273,2273,Cesena,,Emilia-romagna",0.15,0.15,0.1,0.15,0.1
2274,2274,Cesenatico,,Emilia-romagna",0.15,0.15,0.1,0.15,0.1
2275,2275,Cesi,18,Umbria,0.15,0.15,0.1,0.15,0.1
2276,2276,Cesinali,04,Campania,0.15,0.15,0.1,0.15,0.1
2277,2277,Cesio,,Liguria",0.15,0.15,0.1,0.15,0.1
2278,2278,Cesiomaggiore,20,Veneto,0.15,0.15,0.1,0.15,0.1
2279,2279,Cesolo,10,Marche,0.15,0.15,0.1,0.15,0.1
2280,2280,Cessalto,20,Veneto,0.15,0.15,0.1,0.15,0.1
2281,2281,Cessaniti,03,Calabria,0.15,0.15,0.1,0.15,0.1
2282,2282,Cessapalombo,10,Marche,0.15,0.15,0.1,0.15,0.1
2283,2283,Cessole,12,Piemonte,0.15,0.15,0.1,0.15,0.1
2284,2284,Cesuna,20,Veneto,0.15,0.15,0.1,0.15,0.1
2285,2285,Cetara,04,Campania,0.15,0.15,0.1,0.15,0.1
2286,2286,Ceto,09,Lombardia,0.15,0.15,0.1,0.15,0.1
2287,2287,Cetona,16,Toscana,0.15,0.15,0.1,0.15,0.1
2288,2288,Cetraro,03,Calabria,0.15,0.15,0.1,0.15,0.1
2289,2289,Cetraro Marina,03,Calabria,0.15,0.15,0.1,0.15,0.1
2290,2290,Ceva,12,Piemonte,0.15,0.15,0.1,0.15,0.1
2291,2291,Cevo,09,Lombardia,0.15,0.15,0.1,0.15,0.1
2292,2292,Chambave,,Autonoma Valle D'aosta,0.15,0.15,0.1,0.15,0.1
2293,2293,Chamois,,Autonoma Valle D'aosta,0.15,0.15,0.1,0.15,0.1
2294,2294,Champdepraz,,Autonoma Valle D'aosta,0.15,0.15,0.1,0.15,0.1
2295,2295,Champorcher,,Autonoma Valle D'aosta,0.15,0.15,0.1,0.15,0.1
2296,2296,Charvensod,,Autonoma Valle D'aosta,0.15,0.15,0.1,0.15,0.1
2297,2297,Chatillon,,Autonoma Valle D'aosta,0.15,0.15,0.1,0.15,0.1
2298,2298,Cherasco,12,Piemonte,0.15,0.15,0.1,0.15,0.1
2299,2299,Cheremule,,Autonoma Della Sardegna,0.15,0.15,0.1,0.15,0.1
2300,2300,Chiaia,04,Campania,0.15,0.15,0.1,0.15,0.1
2301,2301,Chiaiano,04,Campania,0.15,0.15,0.1,0.15,0.1
2302,2302,Chialamberto,12,Piemonte,0.15,0.15,0.1,0.15,0.1
2303,2303,Chiampo,20,Veneto,0.15,0.15,0.1,0.15,0.1
2304,2304,Chianche,04,Campania,0.15,0.15,0.1,0.15,0.1
2305,2305,Chianciano Terme,16,Toscana,0.15,0.15,0.1,0.15,0.1
2306,2306,Chianni,16,Toscana,0.15,0.15,0.1,0.15,0.1
2307,2307,Chianocco,12,Piemonte,0.15,0.15,0.1,0.15,0.1
2308,2308,Chiaramonte Gulfi,,Autonoma Siciliana,0.15,0.15,0.1,0.15,0.1
2309,2309,Chiaramonti,,Autonoma Della Sardegna,0.15,0.15,0.1,0.15,0.1
2310,2310,Chiarano,20,Veneto,0.15,0.15,0.1,0.15,0.1
2311,2311,Chiaravalle,09,Lombardia,0.15,0.15,0.1,0.15,0.1
2312,2312,Chiaravalle,10,Marche,0.15,0.15,0.1,0.15,0.1
2313,2313,Chiaravalle Centrale,03,Calabria,0.15,0.15,0.1,0.15,0.1
2314,2314,Chiari,09,Lombardia,0.15,0.15,0.1,0.15,0.1
2315,2315,Chiaromonte,02,Basilicata,0.15,0.15,0.1,0.15,0.1
2316,2316,Chiauci,11,Molise,0.15,0.15,0.1,0.15,0.1
2317,2317,Chiavari,,Liguria",0.15,0.15,0.1,0.15,0.1
2318,2318,Chiavenna,09,Lombardia,0.15,0.15,0.1,0.15,0.1
2319,2319,Chiaverano,12,Piemonte,0.15,0.15,0.1,0.15,0.1
2320,2320,Chienes,17,Trentino-alto Adige,0.15,0.15,0.1,0.15,0.1
2321,2321,Chieri,12,Piemonte,0.15,0.15,0.1,0.15,0.1
2322,2322,Chiesa,09,Lombardia,0.15,0.15,0.1,0.15,0.1
2323,2323,Chiesa,,Liguria",0.15,0.15,0.1,0.15,0.1
2324,2324,Chiesa Nuova,,Liguria",0.15,0.15,0.1,0.15,0.1
2325,2325,Chiesanuova,12,Piemonte,0.15,0.15,0.1,0.15,0.1
2326,2326,Chiesanuova,10,Marche,0.15,0.15,0.1,0.15,0.1
2327,2327,Chiesanuova,16,Toscana,0.15,0.15,0.1,0.15,0.1
2328,2328,Chiesanuova,13,Puglia,0.15,0.15,0.1,0.15,0.1
2329,2329,Chiesanuova,20,Veneto,0.15,0.15,0.1,0.15,0.1
2330,2330,Chiesanuova,,Autonoma Siciliana,0.15,0.15,0.1,0.15,0.1
2331,2331,Chiesina Uzzanese,16,Toscana,0.15,0.15,0.1,0.15,0.1
2332,2332,Chieti,01,Abruzzi,0.15,0.15,0.1,0.15,0.1
2333,2333,Chieuti,13,Puglia,0.15,0.15,0.1,0.15,0.1
2334,2334,Chieve,09,Lombardia,0.15,0.15,0.1,0.15,0.1
2335,2335,Chignolo Po,09,Lombardia,0.15,0.15,0.1,0.15,0.1
2336,2336,Chiocchio,16,Toscana,0.15,0.15,0.1,0.15,0.1
2337,2337,Chioggia,20,Veneto,0.15,0.15,0.1,0.15,0.1
2338,2338,Chiomonte,12,Piemonte,0.15,0.15,0.1,0.15,0.1
2339,2339,Chions,06,Friuli-venezia Giulia,0.15,0.15,0.1,0.15,0.1
2340,2340,Chiopris,06,Friuli-venezia Giulia,0.15,0.15,0.1,0.15,0.1
2341,2341,Chitignano,16,Toscana,0.15,0.15,0.1,0.15,0.1
2342,2342,Chiuduno,09,Lombardia,0.15,0.15,0.1,0.15,0.1
2343,2343,Chiuppano,20,Veneto,0.15,0.15,0.1,0.15,0.1
2344,2344,Chiuro,09,Lombardia,0.15,0.15,0.1,0.15,0.1
2345,2345,Chiusa,17,Trentino-alto Adige,0.15,0.15,0.1,0.15,0.1
2346,2346,Chiusa Sclafani,,Autonoma Siciliana,0.15,0.15,0.1,0.15,0.1
2347,2347,Chiusaforte,06,Friuli-venezia Giulia,0.15,0.15,0.1,0.15,0.1
2348,2348,Chiusanico,,Liguria",0.15,0.15,0.1,0.15,0.1
2349,2349,Chiusavecchia,,Liguria",0.15,0.15,0.1,0.15,0.1
2350,2350,Chiusdino,16,Toscana,0.15,0.15,0.1,0.15,0.1
2351,2351,Chiusi,16,Toscana,0.15,0.15,0.1,0.15,0.1
2352,2352,Chiusi Scalo,16,Toscana,0.15,0.15,0.1,0.15,0.1
2353,2353,Chivasso,12,Piemonte,0.15,0.15,0.1,0.15,0.1
2354,2354,Chizzola,17,Trentino-alto Adige,0.15,0.15,0.1,0.15,0.1
2355,2355,Chorio,03,Calabria,0.15,0.15,0.1,0.15,0.1
2356,2356,Ciaculli,,Autonoma Siciliana,0.15,0.15,0.1,0.15,0.1
2357,2357,Ciampino,07,Lazio,0.15,0.15,0.1,0.15,0.1
2358,2358,Cianciana,,Autonoma Siciliana,0.15,0.15,0.1,0.15,0.1
2359,2359,Ciano,20,Veneto,0.15,0.15,0.1,0.15,0.1
2360,2360,Ciardes,17,Trentino-alto Adige,0.15,0.15,0.1,0.15,0.1
2361,2361,Ciavolo,,Autonoma Siciliana,0.15,0.15,0.1,0.15,0.1
2362,2362,Cibiana,20,Veneto,0.15,0.15,0.1,0.15,0.1
2363,2363,Cicagna,,Liguria",0.15,0.15,0.1,0.15,0.1
2364,2364,Cicala,03,Calabria,0.15,0.15,0.1,0.15,0.1
2365,2365,Cicciano,04,Campania,0.15,0.15,0.1,0.15,0.1
2366,2366,Cicerale,04,Campania,0.15,0.15,0.1,0.15,0.1
2367,2367,Ciciliano,07,Lazio,0.15,0.15,0.1,0.15,0.1
2368,2368,Cicognolo,09,Lombardia,0.15,0.15,0.1,0.15,0.1
2369,2369,Ciconia,18,Umbria,0.15,0.15,0.1,0.15,0.1
2370,2370,Ciconio,12,Piemonte,0.15,0.15,0.1,0.15,0.1
2371,2371,Ciggiano,16,Toscana,0.15,0.15,0.1,0.15,0.1
2372,2372,Cigliano,12,Piemonte,0.15,0.15,0.1,0.15,0.1
2373,2373,Ciglie,12,Piemonte,0.15,0.15,0.1,0.15,0.1
2374,2374,Cignano,09,Lombardia,0.15,0.15,0.1,0.15,0.1
2375,2375,Cignone,09,Lombardia,0.15,0.15,0.1,0.15,0.1
2376,2376,Cigognola,09,Lombardia,0.15,0.15,0.1,0.15,0.1
2377,2377,Cigole,09,Lombardia,0.15,0.15,0.1,0.15,0.1
2378,2378,Cilavegna,09,Lombardia,0.15,0.15,0.1,0.15,0.1
2379,2379,Cimadolmo,20,Veneto,0.15,0.15,0.1,0.15,0.1
2380,2380,Cimbergo,09,Lombardia,0.15,0.15,0.1,0.15,0.1
2381,2381,Cimbro,09,Lombardia,0.15,0.15,0.1,0.15,0.1
2382,2382,Cimego,17,Trentino-alto Adige,0.15,0.15,0.1,0.15,0.1
2383,2383,Cimina,03,Calabria,0.15,0.15,0.1,0.15,0.1
2384,2384,Ciminna,,Autonoma Siciliana,0.15,0.15,0.1,0.15,0.1
2385,2385,Cimitile,04,Campania,0.15,0.15,0.1,0.15,0.1
2386,2386,Cimnago,09,Lombardia,0.15,0.15,0.1,0.15,0.1
2387,2387,Cimolais,06,Friuli-venezia Giulia,0.15,0.15,0.1,0.15,0.1
2388,2388,Cinaglio,12,Piemonte,0.15,0.15,0.1,0.15,0.1
2389,2389,Cineto Romano,07,Lazio,0.15,0.15,0.1,0.15,0.1
2390,2390,Cingoli,10,Marche,0.15,0.15,0.1,0.15,0.1
2391,2391,Cinigiano,16,Toscana,0.15,0.15,0.1,0.15,0.1
2392,2392,Cinisello Balsamo,09,Lombardia,0.15,0.15,0.1,0.15,0.1
2393,2393,Cinisi,,Autonoma Siciliana,0.15,0.15,0.1,0.15,0.1
2394,2394,Cino,09,Lombardia,0.15,0.15,0.1,0.15,0.1
2395,2395,Cinquegrana,,Autonoma Siciliana,0.15,0.15,0.1,0.15,0.1
2396,2396,Cintano,12,Piemonte,0.15,0.15,0.1,0.15,0.1
2397,2397,Cinte Tesino,17,Trentino-alto Adige,0.15,0.15,0.1,0.15,0.1
2398,2398,Cintello,20,Veneto,0.15,0.15,0.1,0.15,0.1
2399,2399,Cinto Caomaggiore,20,Veneto,0.15,0.15,0.1,0.15,0.1
2400,2400,Cintolese,16,Toscana,0.15,0.15,0.1,0.15,0.1
2401,2401,Cinzano,12,Piemonte,0.15,0.15,0.1,0.15,0.1
2402,2402,Ciorani,04,Campania,0.15,0.15,0.1,0.15,0.1
2403,2403,Ciorlano,04,Campania,0.15,0.15,0.1,0.15,0.1
2404,2404,Cipolleto,18,Umbria,0.15,0.15,0.1,0.15,0.1
2405,2405,Cipressa,,Liguria",0.15,0.15,0.1,0.15,0.1
2406,2406,Circello,04,Campania,0.15,0.15,0.1,0.15,0.1
2407,2407,Cireglio,16,Toscana,0.15,0.15,0.1,0.15,0.1
2408,2408,Cirella,03,Calabria,0.15,0.15,0.1,0.15,0.1
2409,2409,Cirie,12,Piemonte,0.15,0.15,0.1,0.15,0.1
2410,2410,Cirigliano,02,Basilicata,0.15,0.15,0.1,0.15,0.1
2411,2411,Cirignano,04,Campania,0.15,0.15,0.1,0.15,0.1
2412,2412,Cirimido,09,Lombardia,0.15,0.15,0.1,0.15,0.1
2413,2413,Ciro,03,Calabria,0.15,0.15,0.1,0.15,0.1
2414,2414,Cis,17,Trentino-alto Adige,0.15,0.15,0.1,0.15,0.1
2415,2415,Cisano,,Liguria",0.15,0.15,0.1,0.15,0.1
2416,2416,Cisano Bergamasco,09,Lombardia,0.15,0.15,0.1,0.15,0.1
2417,2417,Ciserano,09,Lombardia,0.15,0.15,0.1,0.15,0.1
2418,2418,Cislago,09,Lombardia,0.15,0.15,0.1,0.15,0.1
2419,2419,Cisliano,09,Lombardia,0.15,0.15,0.1,0.15,0.1
2420,2420,Cissone,12,Piemonte,0.15,0.15,0.1,0.15,0.1
2421,2421,Cisterna,06,Friuli-venezia Giulia,0.15,0.15,0.1,0.15,0.1
2422,2422,Cisternino,13,Puglia,0.15,0.15,0.1,0.15,0.1
2423,2423,Citerna,18,Umbria,0.15,0.15,0.1,0.15,0.1
2424,2424,Cittadella,20,Veneto,0.15,0.15,0.1,0.15,0.1
2425,2425,Cittaducale,07,Lazio,0.15,0.15,0.1,0.15,0.1
2426,2426,Cittanova,03,Calabria,0.15,0.15,0.1,0.15,0.1
2427,2427,Cittareale,07,Lazio,0.15,0.15,0.1,0.15,0.1
2428,2428,Cittiglio,09,Lombardia,0.15,0.15,0.1,0.15,0.1
2429,2429,Civate,09,Lombardia,0.15,0.15,0.1,0.15,0.1
2430,2430,Cive,20,Veneto,0.15,0.15,0.1,0.15,0.1
2431,2431,Civenna,09,Lombardia,0.15,0.15,0.1,0.15,0.1
2432,2432,Civezza,,Liguria",0.15,0.15,0.1,0.15,0.1
2433,2433,Civezzano,17,Trentino-alto Adige,0.15,0.15,0.1,0.15,0.1
2434,2434,Civiasco,12,Piemonte,0.15,0.15,0.1,0.15,0.1
2435,2435,Cividate Camuno,09,Lombardia,0.15,0.15,0.1,0.15,0.1
2436,2436,Civita,03,Calabria,0.15,0.15,0.1,0.15,0.1
2437,2437,Civita Castellana,07,Lazio,0.15,0.15,0.1,0.15,0.1
2438,2438,Civitacampomarano,11,Molise,0.15,0.15,0.1,0.15,0.1
2439,2439,Civitaluparella,01,Abruzzi,0.15,0.15,0.1,0.15,0.1
2440,2440,Civitanova Alta,10,Marche,0.15,0.15,0.1,0.15,0.1
2441,2441,Civitanova Marche,10,Marche,0.15,0.15,0.1,0.15,0.1
2442,2442,Civitaquana,01,Abruzzi,0.15,0.15,0.1,0.15,0.1
2443,2443,Civitavecchia,07,Lazio,0.15,0.15,0.1,0.15,0.1
2444,2444,Civitella Alfedena,01,Abruzzi,0.15,0.15,0.1,0.15,0.1
2445,2445,Civitella Casanova,01,Abruzzi,0.15,0.15,0.1,0.15,0.1
2446,2446,Civitella Marittima,16,Toscana,0.15,0.15,0.1,0.15,0.1
2447,2447,Civitella Messer Raimondo,01,Abruzzi,0.15,0.15,0.1,0.15,0.1
2448,2448,Civitella Roveto,01,Abruzzi,0.15,0.15,0.1,0.15,0.1
2449,2449,Civitella San Paolo,07,Lazio,0.15,0.15,0.1,0.15,0.1
2450,2450,Cizzago,09,Lombardia,0.15,0.15,0.1,0.15,0.1
2451,2451,Cizzolo,09,Lombardia,0.15,0.15,0.1,0.15,0.1
2452,2452,Classe,,Emilia-romagna",0.15,0.15,0.1,0.15,0.1
2453,2453,Claut,06,Friuli-venezia Giulia,0.15,0.15,0.1,0.15,0.1
2454,2454,Clauzetto,06,Friuli-venezia Giulia,0.15,0.15,0.1,0.15,0.1
2455,2455,Clavesana,12,Piemonte,0.15,0.15,0.1,0.15,0.1
2456,2456,Claviere,12,Piemonte,0.15,0.15,0.1,0.15,0.1
2457,2457,Cles,17,Trentino-alto Adige,0.15,0.15,0.1,0.15,0.1
2458,2458,Cleto,03,Calabria,0.15,0.15,0.1,0.15,0.1
2459,2459,Clivio,09,Lombardia,0.15,0.15,0.1,0.15,0.1
2460,2460,Clodig,06,Friuli-venezia Giulia,0.15,0.15,0.1,0.15,0.1
2461,2461,Cloz,17,Trentino-alto Adige,0.15,0.15,0.1,0.15,0.1
2462,2462,Clusane,09,Lombardia,0.15,0.15,0.1,0.15,0.1
2463,2463,Clusone,09,Lombardia,0.15,0.15,0.1,0.15,0.1
2464,2464,Coarezza,09,Lombardia,0.15,0.15,0.1,0.15,0.1
2465,2465,Coassolo,12,Piemonte,0.15,0.15,0.1,0.15,0.1
2466,2466,Coassolo Torinese,12,Piemonte,0.15,0.15,0.1,0.15,0.1
2467,2467,Coazze,12,Piemonte,0.15,0.15,0.1,0.15,0.1
2468,2468,Coazzolo,12,Piemonte,0.15,0.15,0.1,0.15,0.1
2469,2469,Coccaglio,09,Lombardia,0.15,0.15,0.1,0.15,0.1
2470,2470,Cocconato,12,Piemonte,0.15,0.15,0.1,0.15,0.1
2471,2471,Cocquio,09,Lombardia,0.15,0.15,0.1,0.15,0.1
2472,2472,Cocullo,01,Abruzzi,0.15,0.15,0.1,0.15,0.1
2473,2473,Cocumola,13,Puglia,0.15,0.15,0.1,0.15,0.1
2474,2474,Codaruina,,Autonoma Della Sardegna,0.15,0.15,0.1,0.15,0.1
2475,2475,Codena,16,Toscana,0.15,0.15,0.1,0.15,0.1
2476,2476,Codevigo,20,Veneto,0.15,0.15,0.1,0.15,0.1
2477,2477,Codevilla,09,Lombardia,0.15,0.15,0.1,0.15,0.1
2478,2478,Codigoro,,Emilia-romagna",0.15,0.15,0.1,0.15,0.1
2479,2479,Codisotto,,Emilia-romagna",0.15,0.15,0.1,0.15,0.1
2480,2480,Codissago,20,Veneto,0.15,0.15,0.1,0.15,0.1
2481,2481,Codiverno,20,Veneto,0.15,0.15,0.1,0.15,0.1
2482,2482,Codogne,20,Veneto,0.15,0.15,0.1,0.15,0.1
2483,2483,Codogno,09,Lombardia,0.15,0.15,0.1,0.15,0.1
2484,2484,Codroipo,06,Friuli-venezia Giulia,0.15,0.15,0.1,0.15,0.1
2485,2485,Codrongianos,,Autonoma Della Sardegna,0.15,0.15,0.1,0.15,0.1
2486,2486,Coggiola,12,Piemonte,0.15,0.15,0.1,0.15,0.1
2487,2487,Cogliate,09,Lombardia,0.15,0.15,0.1,0.15,0.1
2488,2488,Cogne,,Autonoma Valle D'aosta,0.15,0.15,0.1,0.15,0.1
2489,2489,Cogoleto,,Liguria",0.15,0.15,0.1,0.15,0.1
2490,2490,Cogollo,20,Veneto,0.15,0.15,0.1,0.15,0.1
2491,2491,Cogolo,17,Trentino-alto Adige,0.15,0.15,0.1,0.15,0.1
2492,2492,Cogorno,,Liguria",0.15,0.15,0.1,0.15,0.1
2493,2493,Col San Martino,20,Veneto,0.15,0.15,0.1,0.15,0.1
2494,2494,Cola,20,Veneto,0.15,0.15,0.1,0.15,0.1
2495,2495,Colazza,12,Piemonte,0.15,0.15,0.1,0.15,0.1
2496,2496,Colbordolo,10,Marche,0.15,0.15,0.1,0.15,0.1
2497,2497,Coldragone,07,Lazio,0.15,0.15,0.1,0.15,0.1
2498,2498,Coldrano,17,Trentino-alto Adige,0.15,0.15,0.1,0.15,0.1
2499,2499,Colelli,03,Calabria,0.15,0.15,0.1,0.15,0.1
2500,2500,Colere,09,Lombardia,0.15,0.15,0.1,0.15,0.1
2501,2501,Coli,,Emilia-romagna",0.15,0.15,0.1,0.15,0.1
2502,2502,Colico Piano,09,Lombardia,0.15,0.15,0.1,0.15,0.1
2503,2503,Colla Maffone,,Autonoma Siciliana,0.15,0.15,0.1,0.15,0.1
2504,2504,Collagna,,Emilia-romagna",0.15,0.15,0.1,0.15,0.1
2505,2505,Collalbo,17,Trentino-alto Adige,0.15,0.15,0.1,0.15,0.1
2506,2506,Collalto Sabino,07,Lazio,0.15,0.15,0.1,0.15,0.1
2507,2507,Collarmele,01,Abruzzi,0.15,0.15,0.1,0.15,0.1
2508,2508,Collazzone,18,Umbria,0.15,0.15,0.1,0.15,0.1
2509,2509,Colle Brianza,09,Lombardia,0.15,0.15,0.1,0.15,0.1
2510,2510,Colle Isarco,17,Trentino-alto Adige,0.15,0.15,0.1,0.15,0.1
2511,2511,Colle San Magno,07,Lazio,0.15,0.15,0.1,0.15,0.1
2512,2512,Colle Sannita,04,Campania,0.15,0.15,0.1,0.15,0.1
2513,2513,Colle Santa Lucia,20,Veneto,0.15,0.15,0.1,0.15,0.1
2514,2514,Colle Sestriere,12,Piemonte,0.15,0.15,0.1,0.15,0.1
2515,2515,Colle Umberto,20,Veneto,0.15,0.15,0.1,0.15,0.1
2516,2516,Colle Verde,07,Lazio,0.15,0.15,0.1,0.15,0.1
2517,2517,Colleatterrato Alto,01,Abruzzi,0.15,0.15,0.1,0.15,0.1
2518,2518,Collebeato,09,Lombardia,0.15,0.15,0.1,0.15,0.1
2519,2519,Colleberardi,07,Lazio,0.15,0.15,0.1,0.15,0.1
2520,2520,Collebrincioni,01,Abruzzi,0.15,0.15,0.1,0.15,0.1
2521,2521,Collecchio,,Emilia-romagna",0.15,0.15,0.1,0.15,0.1
2522,2522,Collecorvino,01,Abruzzi,0.15,0.15,0.1,0.15,0.1
2523,2523,Colledara,01,Abruzzi,0.15,0.15,0.1,0.15,0.1
2524,2524,Colledimacine,01,Abruzzi,0.15,0.15,0.1,0.15,0.1
2525,2525,Colledimezzo,01,Abruzzi,0.15,0.15,0.1,0.15,0.1
2526,2526,Colleferro,07,Lazio,0.15,0.15,0.1,0.15,0.1
2527,2527,Collegiove,07,Lazio,0.15,0.15,0.1,0.15,0.1
2528,2528,Collegno,12,Piemonte,0.15,0.15,0.1,0.15,0.1
2529,2529,Collelavena,07,Lazio,0.15,0.15,0.1,0.15,0.1
2530,2530,Collelongo,01,Abruzzi,0.15,0.15,0.1,0.15,0.1
2531,2531,Collemeto,13,Puglia,0.15,0.15,0.1,0.15,0.1
2532,2532,Collepardo,07,Lazio,0.15,0.15,0.1,0.15,0.1
2533,2533,Collepasso,13,Puglia,0.15,0.15,0.1,0.15,0.1
2534,2534,Collepepe,18,Umbria,0.15,0.15,0.1,0.15,0.1
2535,2535,Collepietra,17,Trentino-alto Adige,0.15,0.15,0.1,0.15,0.1
2536,2536,Collepietro,01,Abruzzi,0.15,0.15,0.1,0.15,0.1
2537,2537,Colleranesco,01,Abruzzi,0.15,0.15,0.1,0.15,0.1
2538,2538,Colleretto Castelnuovo,12,Piemonte,0.15,0.15,0.1,0.15,0.1
2539,2539,Colleretto Giacosa,12,Piemonte,0.15,0.15,0.1,0.15,0.1
2540,2540,Collesalvetti,16,Toscana,0.15,0.15,0.1,0.15,0.1
2541,2541,Collesano,,Autonoma Siciliana,0.15,0.15,0.1,0.15,0.1
2542,2542,Colletorto,11,Molise,0.15,0.15,0.1,0.15,0.1
2543,2543,Collevecchio,07,Lazio,0.15,0.15,0.1,0.15,0.1
2544,2544,Colli,07,Lazio,0.15,0.15,0.1,0.15,0.1
2545,2545,Colliano,04,Campania,0.15,0.15,0.1,0.15,0.1
2546,2546,Collinas,,Autonoma Della Sardegna,0.15,0.15,0.1,0.15,0.1
2547,2547,Collio,09,Lombardia,0.15,0.15,0.1,0.15,0.1
2548,2548,Collobiano,12,Piemonte,0.15,0.15,0.1,0.15,0.1
2549,2549,Colmirano,20,Veneto,0.15,0.15,0.1,0.15,0.1
2550,2550,Colmurano,10,Marche,0.15,0.15,0.1,0.15,0.1
2551,2551,Colobraro,02,Basilicata,0.15,0.15,0.1,0.15,0.1
2552,2552,Cologna,,Emilia-romagna",0.15,0.15,0.1,0.15,0.1
2553,2553,Cologna Paese,01,Abruzzi,0.15,0.15,0.1,0.15,0.1
2554,2554,Cologna Spiaggia,01,Abruzzi,0.15,0.15,0.1,0.15,0.1
2555,2555,Cologna Veneta,20,Veneto,0.15,0.15,0.1,0.15,0.1
2556,2556,Cologne,09,Lombardia,0.15,0.15,0.1,0.15,0.1
2557,2557,Cologno Monzese,09,Lombardia,0.15,0.15,0.1,0.15,0.1
2558,2558,Colombaro,,Emilia-romagna",0.15,0.15,0.1,0.15,0.1
2559,2559,Colombarone,10,Marche,0.15,0.15,0.1,0.15,0.1
2560,2560,Colonna,07,Lazio,0.15,0.15,0.1,0.15,0.1
2561,2561,Colonnella,01,Abruzzi,0.15,0.15,0.1,0.15,0.1
2562,2562,Colonno,09,Lombardia,0.15,0.15,0.1,0.15,0.1
2563,2563,Colorina,09,Lombardia,0.15,0.15,0.1,0.15,0.1
2564,2564,Colorno,,Emilia-romagna",0.15,0.15,0.1,0.15,0.1
2565,2565,Colosimi,03,Calabria,0.15,0.15,0.1,0.15,0.1
2566,2566,Coltaro,,Emilia-romagna",0.15,0.15,0.1,0.15,0.1
2567,2567,Colturano,09,Lombardia,0.15,0.15,0.1,0.15,0.1
2568,2568,Colubro,07,Lazio,0.15,0.15,0.1,0.15,0.1
2569,2569,Colugna,06,Friuli-venezia Giulia,0.15,0.15,0.1,0.15,0.1
2570,2570,Colzate,09,Lombardia,0.15,0.15,0.1,0.15,0.1
2571,2571,Comabbio,09,Lombardia,0.15,0.15,0.1,0.15,0.1
2572,2572,Comacchio,,Emilia-romagna",0.15,0.15,0.1,0.15,0.1
2573,2573,Comano,16,Toscana,0.15,0.15,0.1,0.15,0.1
2574,2574,Comazzo,09,Lombardia,0.15,0.15,0.1,0.15,0.1
2575,2575,Comeana,16,Toscana,0.15,0.15,0.1,0.15,0.1
2576,2576,Comeglians,06,Friuli-venezia Giulia,0.15,0.15,0.1,0.15,0.1
2577,2577,Comerio,09,Lombardia,0.15,0.15,0.1,0.15,0.1
2578,2578,Comignago,12,Piemonte,0.15,0.15,0.1,0.15,0.1
2579,2579,Comiso,,Autonoma Siciliana,0.15,0.15,0.1,0.15,0.1
2580,2580,Comitini,,Autonoma Siciliana,0.15,0.15,0.1,0.15,0.1
2581,2581,Comiziano,04,Campania,0.15,0.15,0.1,0.15,0.1
2582,2582,Commessaggio,09,Lombardia,0.15,0.15,0.1,0.15,0.1
2583,2583,Commezzadura,17,Trentino-alto Adige,0.15,0.15,0.1,0.15,0.1
2584,2584,Como,09,Lombardia,0.15,0.15,0.1,0.15,0.1
2585,2585,Compiano,,Emilia-romagna",0.15,0.15,0.1,0.15,0.1
2586,2586,Compiobbi,16,Toscana,0.15,0.15,0.1,0.15,0.1
2587,2587,Comun Nuovo,09,Lombardia,0.15,0.15,0.1,0.15,0.1
2588,2588,Comunanza,10,Marche,0.15,0.15,0.1,0.15,0.1
2589,2589,Cona,,Emilia-romagna",0.15,0.15,0.1,0.15,0.1
2590,2590,Conca Casale,11,Molise,0.15,0.15,0.1,0.15,0.1
2591,2591,Concadirame,20,Veneto,0.15,0.15,0.1,0.15,0.1
2592,2592,Concagno,09,Lombardia,0.15,0.15,0.1,0.15,0.1
2593,2593,Concei,17,Trentino-alto Adige,0.15,0.15,0.1,0.15,0.1
2594,2594,Concerviano,07,Lazio,0.15,0.15,0.1,0.15,0.1
2595,2595,Concesio,09,Lombardia,0.15,0.15,0.1,0.15,0.1
2596,2596,Conche,20,Veneto,0.15,0.15,0.1,0.15,0.1
2597,2597,Conco,20,Veneto,0.15,0.15,0.1,0.15,0.1
2598,2598,Concordia Sagittaria,20,Veneto,0.15,0.15,0.1,0.15,0.1
2599,2599,Concorezzo,09,Lombardia,0.15,0.15,0.1,0.15,0.1
2600,2600,Condino,17,Trentino-alto Adige,0.15,0.15,0.1,0.15,0.1
2601,2601,Condofuri,03,Calabria,0.15,0.15,0.1,0.15,0.1
2602,2602,Condove,12,Piemonte,0.15,0.15,0.1,0.15,0.1
2603,2603,Condro,,Autonoma Siciliana,0.15,0.15,0.1,0.15,0.1
2604,2604,Conegliano,20,Veneto,0.15,0.15,0.1,0.15,0.1
2605,2605,Confienza,09,Lombardia,0.15,0.15,0.1,0.15,0.1
2606,2606,Configni,07,Lazio,0.15,0.15,0.1,0.15,0.1
2607,2607,Conflenti,03,Calabria,0.15,0.15,0.1,0.15,0.1
2608,2608,Congiunti,01,Abruzzi,0.15,0.15,0.1,0.15,0.1
2609,2609,Coniolo,09,Lombardia,0.15,0.15,0.1,0.15,0.1
2610,2610,Consandolo,,Emilia-romagna",0.15,0.15,0.1,0.15,0.1
2611,2611,Conscenti,,Liguria",0.15,0.15,0.1,0.15,0.1
2612,2612,Conscio,20,Veneto,0.15,0.15,0.1,0.15,0.1
2613,2613,Conselice,,Emilia-romagna",0.15,0.15,0.1,0.15,0.1
2614,2614,Conselve,20,Veneto,0.15,0.15,0.1,0.15,0.1
2615,2615,Contessa,03,Calabria,0.15,0.15,0.1,0.15,0.1
2616,2616,Contessa Entellina,,Autonoma Siciliana,0.15,0.15,0.1,0.15,0.1
2617,2617,Contigliano,07,Lazio,0.15,0.15,0.1,0.15,0.1
2618,2618,Contrada,04,Campania,0.15,0.15,0.1,0.15,0.1
2619,2619,Controguerra,01,Abruzzi,0.15,0.15,0.1,0.15,0.1
2620,2620,Controne,04,Campania,0.15,0.15,0.1,0.15,0.1
2621,2621,Contursi Terme,04,Campania,0.15,0.15,0.1,0.15,0.1
2622,2622,Conversano,13,Puglia,0.15,0.15,0.1,0.15,0.1
2623,2623,Conzano,12,Piemonte,0.15,0.15,0.1,0.15,0.1
2624,2624,Coperchia,04,Campania,0.15,0.15,0.1,0.15,0.1
2625,2625,Copersito,04,Campania,0.15,0.15,0.1,0.15,0.1
2626,2626,Copertino,13,Puglia,0.15,0.15,0.1,0.15,0.1
2627,2627,Copiano,09,Lombardia,0.15,0.15,0.1,0.15,0.1
2628,2628,Copparo,,Emilia-romagna",0.15,0.15,0.1,0.15,0.1
2629,2629,Coppito,01,Abruzzi,0.15,0.15,0.1,0.15,0.1
2630,2630,Corana,09,Lombardia,0.15,0.15,0.1,0.15,0.1
2631,2631,Corato,13,Puglia,0.15,0.15,0.1,0.15,0.1
2632,2632,Corbanese,20,Veneto,0.15,0.15,0.1,0.15,0.1
2633,2633,Corbara,04,Campania,0.15,0.15,0.1,0.15,0.1
2634,2634,Corbetta,09,Lombardia,0.15,0.15,0.1,0.15,0.1
2635,2635,Corbiglia,12,Piemonte,0.15,0.15,0.1,0.15,0.1
2636,2636,Corbiolo,20,Veneto,0.15,0.15,0.1,0.15,0.1
2637,2637,Corbola,20,Veneto,0.15,0.15,0.1,0.15,0.1
2638,2638,Corbolone,20,Veneto,0.15,0.15,0.1,0.15,0.1
2639,2639,Corcagnano,,Emilia-romagna",0.15,0.15,0.1,0.15,0.1
2640,2640,Corchiano,07,Lazio,0.15,0.15,0.1,0.15,0.1
2641,2641,Corciano,18,Umbria,0.15,0.15,0.1,0.15,0.1
2642,2642,Cordenons,06,Friuli-venezia Giulia,0.15,0.15,0.1,0.15,0.1
2643,2643,Cordignano,20,Veneto,0.15,0.15,0.1,0.15,0.1
2644,2644,Cordovado,06,Friuli-venezia Giulia,0.15,0.15,0.1,0.15,0.1
2645,2645,Coredo,17,Trentino-alto Adige,0.15,0.15,0.1,0.15,0.1
2646,2646,Coreggia,13,Puglia,0.15,0.15,0.1,0.15,0.1
2647,2647,Coreglia Antelminelli,16,Toscana,0.15,0.15,0.1,0.15,0.1
2648,2648,Coreglia Ligure,,Liguria",0.15,0.15,0.1,0.15,0.1
2649,2649,Coreno Ausonio,07,Lazio,0.15,0.15,0.1,0.15,0.1
2650,2650,Corese Terra,07,Lazio,0.15,0.15,0.1,0.15,0.1
2651,2651,Corfinio,01,Abruzzi,0.15,0.15,0.1,0.15,0.1
2652,2652,Corgeno,09,Lombardia,0.15,0.15,0.1,0.15,0.1
2653,2653,Cori,07,Lazio,0.15,0.15,0.1,0.15,0.1
2654,2654,Coriano,20,Veneto,0.15,0.15,0.1,0.15,0.1
2655,2655,Coriano,,Emilia-romagna",0.15,0.15,0.1,0.15,0.1
2656,2656,Corica,03,Calabria,0.15,0.15,0.1,0.15,0.1
2657,2657,Corigliano,04,Campania,0.15,0.15,0.1,0.15,0.1
2658,2658,Corigliano Calabro,03,Calabria,0.15,0.15,0.1,0.15,0.1
2659,2659,Corigliano Scalo,03,Calabria,0.15,0.15,0.1,0.15,0.1
2660,2660,Corinaldo,10,Marche,0.15,0.15,0.1,0.15,0.1
2661,2661,Corio,12,Piemonte,0.15,0.15,0.1,0.15,0.1
2662,2662,Corleone,,Autonoma Siciliana,0.15,0.15,0.1,0.15,0.1
2663,2663,Corleto Monforte,04,Campania,0.15,0.15,0.1,0.15,0.1
2664,2664,Corleto Perticara,02,Basilicata,0.15,0.15,0.1,0.15,0.1
2665,2665,Cormano,09,Lombardia,0.15,0.15,0.1,0.15,0.1
2666,2666,Cormons,06,Friuli-venezia Giulia,0.15,0.15,0.1,0.15,0.1
2667,2667,Corna Imagna,09,Lombardia,0.15,0.15,0.1,0.15,0.1
2668,2668,Cornaiano,17,Trentino-alto Adige,0.15,0.15,0.1,0.15,0.1
2669,2669,Cornalba,09,Lombardia,0.15,0.15,0.1,0.15,0.1
2670,2670,Cornale,09,Lombardia,0.15,0.15,0.1,0.15,0.1
2671,2671,Cornaredo,09,Lombardia,0.15,0.15,0.1,0.15,0.1
2672,2672,Cornedo All'Isarco,17,Trentino-alto Adige,0.15,0.15,0.1,0.15,0.1
2673,2673,Cornedo Vicentino,20,Veneto,0.15,0.15,0.1,0.15,0.1
2674,2674,Cornei,20,Veneto,0.15,0.15,0.1,0.15,0.1
2675,2675,Corniglio,,Emilia-romagna",0.15,0.15,0.1,0.15,0.1
2676,2676,Corno Giovine,09,Lombardia,0.15,0.15,0.1,0.15,0.1
2677,2677,Cornovecchio,09,Lombardia,0.15,0.15,0.1,0.15,0.1
2678,2678,Cornuda,20,Veneto,0.15,0.15,0.1,0.15,0.1
2679,2679,Coronella,,Emilia-romagna",0.15,0.15,0.1,0.15,0.1
2680,2680,Corpo Reno,,Emilia-romagna",0.15,0.15,0.1,0.15,0.1
2681,2681,Corpolo,,Emilia-romagna",0.15,0.15,0.1,0.15,0.1
2682,2682,Correggio,,Emilia-romagna",0.15,0.15,0.1,0.15,0.1
2683,2683,Correggioli,09,Lombardia,0.15,0.15,0.1,0.15,0.1
2684,2684,Correzzana,09,Lombardia,0.15,0.15,0.1,0.15,0.1
2685,2685,Correzzola,20,Veneto,0.15,0.15,0.1,0.15,0.1
2686,2686,Corrido,09,Lombardia,0.15,0.15,0.1,0.15,0.1
2687,2687,Corridonia,10,Marche,0.15,0.15,0.1,0.15,0.1
2688,2688,Corropoli,01,Abruzzi,0.15,0.15,0.1,0.15,0.1
2689,2689,Corrubbio,20,Veneto,0.15,0.15,0.1,0.15,0.1
2690,2690,Corsagna,16,Toscana,0.15,0.15,0.1,0.15,0.1
2691,2691,Corsano,13,Puglia,0.15,0.15,0.1,0.15,0.1
2692,2692,Corsico,09,Lombardia,0.15,0.15,0.1,0.15,0.1
2693,2693,Corsione,12,Piemonte,0.15,0.15,0.1,0.15,0.1
2694,2694,Cortaccione,18,Umbria,0.15,0.15,0.1,0.15,0.1
2695,2695,Cortale,03,Calabria,0.15,0.15,0.1,0.15,0.1
2696,2696,Cortandone,12,Piemonte,0.15,0.15,0.1,0.15,0.1
2697,2697,Cortanze,12,Piemonte,0.15,0.15,0.1,0.15,0.1
2698,2698,Cortazzone,12,Piemonte,0.15,0.15,0.1,0.15,0.1
2699,2699,Corte,20,Veneto,0.15,0.15,0.1,0.15,0.1
2700,2700,Corte Franca,09,Lombardia,0.15,0.15,0.1,0.15,0.1
2701,2701,Cortemaggiore,,Emilia-romagna",0.15,0.15,0.1,0.15,0.1
2702,2702,Cortemilia,12,Piemonte,0.15,0.15,0.1,0.15,0.1
2703,2703,Corteno Golgi,09,Lombardia,0.15,0.15,0.1,0.15,0.1
2704,2704,Cortenova,09,Lombardia,0.15,0.15,0.1,0.15,0.1
2705,2705,Cortenuova,09,Lombardia,0.15,0.15,0.1,0.15,0.1
2706,2706,Corteolona,09,Lombardia,0.15,0.15,0.1,0.15,0.1
2707,2707,Corticella,,Emilia-romagna",0.15,0.15,0.1,0.15,0.1
2708,2708,Corticelle Pieve,09,Lombardia,0.15,0.15,0.1,0.15,0.1
2709,2709,Cortiglione,12,Piemonte,0.15,0.15,0.1,0.15,0.1
2710,2710,Cortino,01,Abruzzi,0.15,0.15,0.1,0.15,0.1
2711,2711,Cortoghiana,,Autonoma Della Sardegna,0.15,0.15,0.1,0.15,0.1
2712,2712,Cortona,16,Toscana,0.15,0.15,0.1,0.15,0.1
2713,2713,Corvara,01,Abruzzi,0.15,0.15,0.1,0.15,0.1
2714,2714,Corvaro,07,Lazio,0.15,0.15,0.1,0.15,0.1
2715,2715,Corvinia,04,Campania,0.15,0.15,0.1,0.15,0.1
2716,2716,Corvino San Quirico,09,Lombardia,0.15,0.15,0.1,0.15,0.1
2717,2717,Corzano,09,Lombardia,0.15,0.15,0.1,0.15,0.1
2718,2718,Coseano,06,Friuli-venezia Giulia,0.15,0.15,0.1,0.15,0.1
2719,2719,Cosenza,03,Calabria,0.15,0.15,0.1,0.15,0.1
2720,2720,Cosio Valtellino,09,Lombardia,0.15,0.15,0.1,0.15,0.1
2721,2721,Cosoleto,03,Calabria,0.15,0.15,0.1,0.15,0.1
2722,2722,Cossano Belbo,12,Piemonte,0.15,0.15,0.1,0.15,0.1
2723,2723,Cossano Canavese,12,Piemonte,0.15,0.15,0.1,0.15,0.1
2724,2724,Cossato,12,Piemonte,0.15,0.15,0.1,0.15,0.1
2725,2725,Cosseria,,Liguria",0.15,0.15,0.1,0.15,0.1
2726,2726,Cossignano,10,Marche,0.15,0.15,0.1,0.15,0.1
2727,2727,Cossogno,12,Piemonte,0.15,0.15,0.1,0.15,0.1
2728,2728,Cossoine,,Autonoma Della Sardegna,0.15,0.15,0.1,0.15,0.1
2729,2729,Cossombrato,12,Piemonte,0.15,0.15,0.1,0.15,0.1
2730,2730,Costa Masnaga,09,Lombardia,0.15,0.15,0.1,0.15,0.1
2731,2731,Costa Sant'Abramo,09,Lombardia,0.15,0.15,0.1,0.15,0.1
2732,2732,Costa Valle Imagna,09,Lombardia,0.15,0.15,0.1,0.15,0.1
2733,2733,Costa Vescovato,12,Piemonte,0.15,0.15,0.1,0.15,0.1
2734,2734,Costa Volpino,09,Lombardia,0.15,0.15,0.1,0.15,0.1
2735,2735,Costabissara,20,Veneto,0.15,0.15,0.1,0.15,0.1
2736,2736,Costacciaro,18,Umbria,0.15,0.15,0.1,0.15,0.1
2737,2737,Costano,18,Umbria,0.15,0.15,0.1,0.15,0.1
2738,2738,Costanzana,12,Piemonte,0.15,0.15,0.1,0.15,0.1
2739,2739,Costarainera,,Liguria",0.15,0.15,0.1,0.15,0.1
2740,2740,Costermano,20,Veneto,0.15,0.15,0.1,0.15,0.1
2741,2741,Costigliole Saluzzo,12,Piemonte,0.15,0.15,0.1,0.15,0.1
2742,2742,Cotignola,,Emilia-romagna",0.15,0.15,0.1,0.15,0.1
2743,2743,Cotronei,03,Calabria,0.15,0.15,0.1,0.15,0.1
2744,2744,Cottanello,07,Lazio,0.15,0.15,0.1,0.15,0.1
2745,2745,Courmayeur,,Autonoma Valle D'aosta,0.15,0.15,0.1,0.15,0.1
2746,2746,Covo,09,Lombardia,0.15,0.15,0.1,0.15,0.1
2747,2747,Cozzana,13,Puglia,0.15,0.15,0.1,0.15,0.1
2748,2748,Cozzo,09,Lombardia,0.15,0.15,0.1,0.15,0.1
2749,2749,Crandola Valsassina,09,Lombardia,0.15,0.15,0.1,0.15,0.1
2750,2750,Cras,06,Friuli-venezia Giulia,0.15,0.15,0.1,0.15,0.1
2751,2751,Crava,12,Piemonte,0.15,0.15,0.1,0.15,0.1
2752,2752,Cravagliana,12,Piemonte,0.15,0.15,0.1,0.15,0.1
2753,2753,Cravanzana,12,Piemonte,0.15,0.15,0.1,0.15,0.1
2754,2754,Craveggia,12,Piemonte,0.15,0.15,0.1,0.15,0.1
2755,2755,Creazzo,20,Veneto,0.15,0.15,0.1,0.15,0.1
2756,2756,Crebbio,09,Lombardia,0.15,0.15,0.1,0.15,0.1
2757,2757,Crecchio,01,Abruzzi,0.15,0.15,0.1,0.15,0.1
2758,2758,Credaro,09,Lombardia,0.15,0.15,0.1,0.15,0.1
2759,2759,Credera,09,Lombardia,0.15,0.15,0.1,0.15,0.1
2760,2760,Crema,09,Lombardia,0.15,0.15,0.1,0.15,0.1
2761,2761,Cremella,09,Lombardia,0.15,0.15,0.1,0.15,0.1
2762,2762,Cremenaga,09,Lombardia,0.15,0.15,0.1,0.15,0.1
2763,2763,Cremeno,09,Lombardia,0.15,0.15,0.1,0.15,0.1
2764,2764,Cremia,09,Lombardia,0.15,0.15,0.1,0.15,0.1
2765,2765,Cremolino,12,Piemonte,0.15,0.15,0.1,0.15,0.1
2766,2766,Cremona,09,Lombardia,0.15,0.15,0.1,0.15,0.1
2767,2767,Cremosano,09,Lombardia,0.15,0.15,0.1,0.15,0.1
2768,2768,Crepaldo,20,Veneto,0.15,0.15,0.1,0.15,0.1
2769,2769,Crescentino,12,Piemonte,0.15,0.15,0.1,0.15,0.1
2770,2770,Crespadoro,20,Veneto,0.15,0.15,0.1,0.15,0.1
2771,2771,Crespellano,,Emilia-romagna",0.15,0.15,0.1,0.15,0.1
2772,2772,Crespiatica,09,Lombardia,0.15,0.15,0.1,0.15,0.1
2773,2773,Crespignaga,20,Veneto,0.15,0.15,0.1,0.15,0.1
2774,2774,Crespina,16,Toscana,0.15,0.15,0.1,0.15,0.1
2775,2775,Crespino,20,Veneto,0.15,0.15,0.1,0.15,0.1
2776,2776,Cressa,12,Piemonte,0.15,0.15,0.1,0.15,0.1
2777,2777,Cresta,,Autonoma Siciliana,0.15,0.15,0.1,0.15,0.1
2778,2778,Cretarola,10,Marche,0.15,0.15,0.1,0.15,0.1
2779,2779,Creto,17,Trentino-alto Adige,0.15,0.15,0.1,0.15,0.1
2780,2780,Cretone,07,Lazio,0.15,0.15,0.1,0.15,0.1
2781,2781,Crevacuore,12,Piemonte,0.15,0.15,0.1,0.15,0.1
2782,2782,Crevalcore,,Emilia-romagna",0.15,0.15,0.1,0.15,0.1
2783,2783,Crevoladossola,12,Piemonte,0.15,0.15,0.1,0.15,0.1
2784,2784,Crichi,03,Calabria,0.15,0.15,0.1,0.15,0.1
2785,2785,Crispano,04,Campania,0.15,0.15,0.1,0.15,0.1
2786,2786,Crispiano,13,Puglia,0.15,0.15,0.1,0.15,0.1
2787,2787,Crissolo,12,Piemonte,0.15,0.15,0.1,0.15,0.1
2788,2788,Crist,09,Lombardia,0.15,0.15,0.1,0.15,0.1
2789,2789,Croce,,Emilia-romagna",0.15,0.15,0.1,0.15,0.1
2790,2790,Croce,20,Veneto,0.15,0.15,0.1,0.15,0.1
2791,2791,Crocefieschi,,Liguria",0.15,0.15,0.1,0.15,0.1
2792,2792,Crocemosso,12,Piemonte,0.15,0.15,0.1,0.15,0.1
2793,2793,Crocevie,,Autonoma Siciliana,0.15,0.15,0.1,0.15,0.1
2794,2794,Crodo,12,Piemonte,0.15,0.15,0.1,0.15,0.1
2795,2795,Crognaleto,01,Abruzzi,0.15,0.15,0.1,0.15,0.1
2796,2796,Crone,09,Lombardia,0.15,0.15,0.1,0.15,0.1
2797,2797,Cropalati,03,Calabria,0.15,0.15,0.1,0.15,0.1
2798,2798,Cropani,03,Calabria,0.15,0.15,0.1,0.15,0.1
2799,2799,Cropani Marina,03,Calabria,0.15,0.15,0.1,0.15,0.1
2800,2800,Crosano,17,Trentino-alto Adige,0.15,0.15,0.1,0.15,0.1
2801,2801,Crosia,03,Calabria,0.15,0.15,0.1,0.15,0.1
2802,2802,Crotone,03,Calabria,0.15,0.15,0.1,0.15,0.1
2803,2803,Crova,12,Piemonte,0.15,0.15,0.1,0.15,0.1
2804,2804,Croviana,17,Trentino-alto Adige,0.15,0.15,0.1,0.15,0.1
2805,2805,Crucoli,03,Calabria,0.15,0.15,0.1,0.15,0.1
2806,2806,Crugnola,09,Lombardia,0.15,0.15,0.1,0.15,0.1
2807,2807,Cuccaro Monferrato,12,Piemonte,0.15,0.15,0.1,0.15,0.1
2808,2808,Cuccaro Vetere,04,Campania,0.15,0.15,0.1,0.15,0.1
2809,2809,Cucciago,09,Lombardia,0.15,0.15,0.1,0.15,0.1
2810,2810,Cuccurano,10,Marche,0.15,0.15,0.1,0.15,0.1
2811,2811,Cuceglio,12,Piemonte,0.15,0.15,0.1,0.15,0.1
2812,2812,Cuggiono,09,Lombardia,0.15,0.15,0.1,0.15,0.1
2813,2813,Cuglieri,,Autonoma Della Sardegna,0.15,0.15,0.1,0.15,0.1
2814,2814,Cugnoli,01,Abruzzi,0.15,0.15,0.1,0.15,0.1
2815,2815,Cumiana,12,Piemonte,0.15,0.15,0.1,0.15,0.1
2816,2816,Cunardo,09,Lombardia,0.15,0.15,0.1,0.15,0.1
2817,2817,Cuneo,12,Piemonte,0.15,0.15,0.1,0.15,0.1
2818,2818,Cunevo,17,Trentino-alto Adige,0.15,0.15,0.1,0.15,0.1
2819,2819,Cunico,12,Piemonte,0.15,0.15,0.1,0.15,0.1
2820,2820,Cuorgne,12,Piemonte,0.15,0.15,0.1,0.15,0.1
2821,2821,Cupello,01,Abruzzi,0.15,0.15,0.1,0.15,0.1
2822,2822,Cupra Marittima,10,Marche,0.15,0.15,0.1,0.15,0.1
2823,2823,Cupramontana,10,Marche,0.15,0.15,0.1,0.15,0.1
2824,2824,Cura Carpignano,09,Lombardia,0.15,0.15,0.1,0.15,0.1
2825,2825,Curcuris,,Autonoma Della Sardegna,0.15,0.15,0.1,0.15,0.1
2826,2826,Cureggio,12,Piemonte,0.15,0.15,0.1,0.15,0.1
2827,2827,Curiglia,09,Lombardia,0.15,0.15,0.1,0.15,0.1
2828,2828,Curinga,03,Calabria,0.15,0.15,0.1,0.15,0.1
2829,2829,Curino,12,Piemonte,0.15,0.15,0.1,0.15,0.1
2830,2830,Curno,09,Lombardia,0.15,0.15,0.1,0.15,0.1
2831,2831,Curon Venosta,17,Trentino-alto Adige,0.15,0.15,0.1,0.15,0.1
2832,2832,Cursi,13,Puglia,0.15,0.15,0.1,0.15,0.1
2833,2833,Cursolo,12,Piemonte,0.15,0.15,0.1,0.15,0.1
2834,2834,Curtarolo,20,Veneto,0.15,0.15,0.1,0.15,0.1
2835,2835,Curti,04,Campania,0.15,0.15,0.1,0.15,0.1
2836,2836,Cusago,09,Lombardia,0.15,0.15,0.1,0.15,0.1
2837,2837,Cusano,09,Lombardia,0.15,0.15,0.1,0.15,0.1
2838,2838,Cusano Mutri,04,Campania,0.15,0.15,0.1,0.15,0.1
2839,2839,Cusercoli,,Emilia-romagna",0.15,0.15,0.1,0.15,0.1
2840,2840,Cusino,09,Lombardia,0.15,0.15,0.1,0.15,0.1
2841,2841,Cusio,09,Lombardia,0.15,0.15,0.1,0.15,0.1
2842,2842,Custonaci,,Autonoma Siciliana,0.15,0.15,0.1,0.15,0.1
2843,2843,Custoza,20,Veneto,0.15,0.15,0.1,0.15,0.1
2844,2844,Cutigliano,16,Toscana,0.15,0.15,0.1,0.15,0.1
2845,2845,Cutro,03,Calabria,0.15,0.15,0.1,0.15,0.1
2846,2846,Cutrofiano,13,Puglia,0.15,0.15,0.1,0.15,0.1
2847,2847,Cuveglio,09,Lombardia,0.15,0.15,0.1,0.15,0.1
2848,2848,Cuvio,09,Lombardia,0.15,0.15,0.1,0.15,0.1
2849,2849,Dagnente,12,Piemonte,0.15,0.15,0.1,0.15,0.1
2850,2850,Daiano,17,Trentino-alto Adige,0.15,0.15,0.1,0.15,0.1
2851,2851,Dairago,09,Lombardia,0.15,0.15,0.1,0.15,0.1
2852,2852,Dal Pozzo,09,Lombardia,0.15,0.15,0.1,0.15,0.1
2853,2853,Dalmine,09,Lombardia,0.15,0.15,0.1,0.15,0.1
2854,2854,Dambel,17,Trentino-alto Adige,0.15,0.15,0.1,0.15,0.1
2855,2855,Danta,20,Veneto,0.15,0.15,0.1,0.15,0.1
2856,2856,Daone,17,Trentino-alto Adige,0.15,0.15,0.1,0.15,0.1
2857,2857,Darfo,09,Lombardia,0.15,0.15,0.1,0.15,0.1
2858,2858,Darfo Boario Terme,09,Lombardia,0.15,0.15,0.1,0.15,0.1
2859,2859,Dasa,03,Calabria,0.15,0.15,0.1,0.15,0.1
2860,2860,Davagna,,Liguria",0.15,0.15,0.1,0.15,0.1
2861,2861,Daverio,09,Lombardia,0.15,0.15,0.1,0.15,0.1
2862,2862,Davoli,03,Calabria,0.15,0.15,0.1,0.15,0.1
2863,2863,Dazio,09,Lombardia,0.15,0.15,0.1,0.15,0.1
2864,2864,Decima,,Emilia-romagna",0.15,0.15,0.1,0.15,0.1
2865,2865,Decimomannu,,Autonoma Della Sardegna,0.15,0.15,0.1,0.15,0.1
2866,2866,Decimoputzu,,Autonoma Della Sardegna,0.15,0.15,0.1,0.15,0.1
2867,2867,Decollatura,03,Calabria,0.15,0.15,0.1,0.15,0.1
2868,2868,Dego,,Liguria",0.15,0.15,0.1,0.15,0.1
2869,2869,Deiva Marina,,Liguria",0.15,0.15,0.1,0.15,0.1
2870,2870,Delebio,09,Lombardia,0.15,0.15,0.1,0.15,0.1
2871,2871,Delia,,Autonoma Siciliana,0.15,0.15,0.1,0.15,0.1
2872,2872,Delianuova,03,Calabria,0.15,0.15,0.1,0.15,0.1
2873,2873,Deliceto,13,Puglia,0.15,0.15,0.1,0.15,0.1
2874,2874,Dello,09,Lombardia,0.15,0.15,0.1,0.15,0.1
2875,2875,Demo,09,Lombardia,0.15,0.15,0.1,0.15,0.1
2876,2876,Demonte,12,Piemonte,0.15,0.15,0.1,0.15,0.1
2877,2877,Denice,12,Piemonte,0.15,0.15,0.1,0.15,0.1
2878,2878,Denno,17,Trentino-alto Adige,0.15,0.15,0.1,0.15,0.1
2879,2879,Depressa,13,Puglia,0.15,0.15,0.1,0.15,0.1
2880,2880,Dernice,12,Piemonte,0.15,0.15,0.1,0.15,0.1
2881,2881,Derovere,09,Lombardia,0.15,0.15,0.1,0.15,0.1
2882,2882,Deruta,18,Umbria,0.15,0.15,0.1,0.15,0.1
2883,2883,Dervio,09,Lombardia,0.15,0.15,0.1,0.15,0.1
2884,2884,Desana,12,Piemonte,0.15,0.15,0.1,0.15,0.1
2885,2885,Dese,20,Veneto,0.15,0.15,0.1,0.15,0.1
2886,2886,Deserto,20,Veneto,0.15,0.15,0.1,0.15,0.1
2887,2887,Desio,09,Lombardia,0.15,0.15,0.1,0.15,0.1
2888,2888,Destro,03,Calabria,0.15,0.15,0.1,0.15,0.1
2889,2889,Desulo,,Autonoma Della Sardegna,0.15,0.15,0.1,0.15,0.1
2890,2890,Diacceto,16,Toscana,0.15,0.15,0.1,0.15,0.1
2891,2891,Diamante,03,Calabria,0.15,0.15,0.1,0.15,0.1
2892,2892,Diano Arentino,,Liguria",0.15,0.15,0.1,0.15,0.1
2893,2893,Diano Castello,,Liguria",0.15,0.15,0.1,0.15,0.1
2894,2894,Diano Marina,,Liguria",0.15,0.15,0.1,0.15,0.1
2895,2895,Diano San Pietro,,Liguria",0.15,0.15,0.1,0.15,0.1
2896,2896,Dicomano,16,Toscana,0.15,0.15,0.1,0.15,0.1
2897,2897,Diecimo,16,Toscana,0.15,0.15,0.1,0.15,0.1
2898,2898,Dignano,06,Friuli-venezia Giulia,0.15,0.15,0.1,0.15,0.1
2899,2899,Dimaro,17,Trentino-alto Adige,0.15,0.15,0.1,0.15,0.1
2900,2900,Dinami,03,Calabria,0.15,0.15,0.1,0.15,0.1
2901,2901,Dipignano,03,Calabria,0.15,0.15,0.1,0.15,0.1
2902,2902,Diso,13,Puglia,0.15,0.15,0.1,0.15,0.1
2903,2903,Divignano,12,Piemonte,0.15,0.15,0.1,0.15,0.1
2904,2904,Dobbiaco,17,Trentino-alto Adige,0.15,0.15,0.1,0.15,0.1
2905,2905,Dodici Morelli,,Emilia-romagna",0.15,0.15,0.1,0.15,0.1
2906,2906,Dogana,16,Toscana,0.15,0.15,0.1,0.15,0.1
2907,2907,Dogato,,Emilia-romagna",0.15,0.15,0.1,0.15,0.1
2908,2908,Dogliani,12,Piemonte,0.15,0.15,0.1,0.15,0.1
2909,2909,Dogliola,01,Abruzzi,0.15,0.15,0.1,0.15,0.1
2910,2910,Dogna,06,Friuli-venezia Giulia,0.15,0.15,0.1,0.15,0.1
2911,2911,Dolce,20,Veneto,0.15,0.15,0.1,0.15,0.1
2912,2912,Dolceacqua,,Liguria",0.15,0.15,0.1,0.15,0.1
2913,2913,Dolcedo,,Liguria",0.15,0.15,0.1,0.15,0.1
2914,2914,Dolegnano,06,Friuli-venezia Giulia,0.15,0.15,0.1,0.15,0.1
2915,2915,Dolianova,,Autonoma Della Sardegna,0.15,0.15,0.1,0.15,0.1
2916,2916,Dolo,20,Veneto,0.15,0.15,0.1,0.15,0.1
2917,2917,Dolzago,09,Lombardia,0.15,0.15,0.1,0.15,0.1
2918,2918,Domanico,03,Calabria,0.15,0.15,0.1,0.15,0.1
2919,2919,Domaso,09,Lombardia,0.15,0.15,0.1,0.15,0.1
2920,2920,Domicella,04,Campania,0.15,0.15,0.1,0.15,0.1
2921,2921,Domio,06,Friuli-venezia Giulia,0.15,0.15,0.1,0.15,0.1
2922,2922,Domodossola,12,Piemonte,0.15,0.15,0.1,0.15,0.1
2923,2923,Domusnovas,,Autonoma Della Sardegna,0.15,0.15,0.1,0.15,0.1
2924,2924,Don,20,Veneto,0.15,0.15,0.1,0.15,0.1
2925,2925,Don,17,Trentino-alto Adige,0.15,0.15,0.1,0.15,0.1
2926,2926,Donato,12,Piemonte,0.15,0.15,0.1,0.15,0.1
2927,2927,Dongo,09,Lombardia,0.15,0.15,0.1,0.15,0.1
2928,2928,Donnalucata,,Autonoma Siciliana,0.15,0.15,0.1,0.15,0.1
2929,2929,Donnas,,Autonoma Valle D'aosta,0.15,0.15,0.1,0.15,0.1
2930,2930,Donnici Inferiore,03,Calabria,0.15,0.15,0.1,0.15,0.1
2931,2931,Donnici Superiore,03,Calabria,0.15,0.15,0.1,0.15,0.1
2932,2932,Donnini,16,Toscana,0.15,0.15,0.1,0.15,0.1
2933,2933,Donoratico,16,Toscana,0.15,0.15,0.1,0.15,0.1
2934,2934,Donori,,Autonoma Della Sardegna,0.15,0.15,0.1,0.15,0.1
2935,2935,Donzella,20,Veneto,0.15,0.15,0.1,0.15,0.1
2936,2936,Dorgali,,Autonoma Della Sardegna,0.15,0.15,0.1,0.15,0.1
2937,2937,Doria,03,Calabria,0.15,0.15,0.1,0.15,0.1
2938,2938,Dorio,09,Lombardia,0.15,0.15,0.1,0.15,0.1
2939,2939,Dormelletto,12,Piemonte,0.15,0.15,0.1,0.15,0.1
2940,2940,Dorno,09,Lombardia,0.15,0.15,0.1,0.15,0.1
2941,2941,Dorsino,17,Trentino-alto Adige,0.15,0.15,0.1,0.15,0.1
2942,2942,Dorzano,12,Piemonte,0.15,0.15,0.1,0.15,0.1
2943,2943,Dosimo,09,Lombardia,0.15,0.15,0.1,0.15,0.1
2944,2944,Dosolo,09,Lombardia,0.15,0.15,0.1,0.15,0.1
2945,2945,Dossena,09,Lombardia,0.15,0.15,0.1,0.15,0.1
2946,2946,Dosso,,Emilia-romagna",0.15,0.15,0.1,0.15,0.1
2947,2947,Dossobuono,20,Veneto,0.15,0.15,0.1,0.15,0.1
2948,2948,Dosson,20,Veneto,0.15,0.15,0.1,0.15,0.1
2949,2949,Doues,,Autonoma Valle D'aosta,0.15,0.15,0.1,0.15,0.1
2950,2950,Dovadola,,Emilia-romagna",0.15,0.15,0.1,0.15,0.1
2951,2951,Dovera,09,Lombardia,0.15,0.15,0.1,0.15,0.1
2952,2952,Dozza,,Emilia-romagna",0.15,0.15,0.1,0.15,0.1
2953,2953,Dragonea,04,Campania,0.15,0.15,0.1,0.15,0.1
2954,2954,Dragoni,04,Campania,0.15,0.15,0.1,0.15,0.1
2955,2955,Drapia,03,Calabria,0.15,0.15,0.1,0.15,0.1
2956,2956,Drena,17,Trentino-alto Adige,0.15,0.15,0.1,0.15,0.1
2957,2957,Dresano,09,Lombardia,0.15,0.15,0.1,0.15,0.1
2958,2958,Drezzo,09,Lombardia,0.15,0.15,0.1,0.15,0.1
2959,2959,Drizzona,09,Lombardia,0.15,0.15,0.1,0.15,0.1
2960,2960,Dro,17,Trentino-alto Adige,0.15,0.15,0.1,0.15,0.1
2961,2961,Dronero,12,Piemonte,0.15,0.15,0.1,0.15,0.1
2962,2962,Drosi,03,Calabria,0.15,0.15,0.1,0.15,0.1
2963,2963,Druento,12,Piemonte,0.15,0.15,0.1,0.15,0.1
2964,2964,Druogno,12,Piemonte,0.15,0.15,0.1,0.15,0.1
2965,2965,Dualchi,,Autonoma Della Sardegna,0.15,0.15,0.1,0.15,0.1
2966,2966,Dubino,09,Lombardia,0.15,0.15,0.1,0.15,0.1
2967,2967,Due Carrare,20,Veneto,0.15,0.15,0.1,0.15,0.1
2968,2968,Dueville,20,Veneto,0.15,0.15,0.1,0.15,0.1
2969,2969,Dugenta,04,Campania,0.15,0.15,0.1,0.15,0.1
2970,2970,Duino,06,Friuli-venezia Giulia,0.15,0.15,0.1,0.15,0.1
2971,2971,Dumenza,09,Lombardia,0.15,0.15,0.1,0.15,0.1
2972,2972,Duno,09,Lombardia,0.15,0.15,0.1,0.15,0.1
2973,2973,Duomo,09,Lombardia,0.15,0.15,0.1,0.15,0.1
2974,2974,Durazzano,04,Campania,0.15,0.15,0.1,0.15,0.1
2975,2975,Duronia,11,Molise,0.15,0.15,0.1,0.15,0.1
2976,2976,Dusino,12,Piemonte,0.15,0.15,0.1,0.15,0.1
2977,2977,Eboli,04,Campania,0.15,0.15,0.1,0.15,0.1
2978,2978,Edolo,09,Lombardia,0.15,0.15,0.1,0.15,0.1
2979,2979,Egna,17,Trentino-alto Adige,0.15,0.15,0.1,0.15,0.1
2980,2980,Eia,,Emilia-romagna",0.15,0.15,0.1,0.15,0.1
2981,2981,Elice,01,Abruzzi,0.15,0.15,0.1,0.15,0.1
2982,2982,Elini,,Autonoma Della Sardegna,0.15,0.15,0.1,0.15,0.1
2983,2983,Ellera,,Liguria",0.15,0.15,0.1,0.15,0.1
2984,2984,Ello,09,Lombardia,0.15,0.15,0.1,0.15,0.1
2985,2985,Elmas,,Autonoma Della Sardegna,0.15,0.15,0.1,0.15,0.1
2986,2986,Emarese,,Autonoma Valle D'aosta,0.15,0.15,0.1,0.15,0.1
2987,2987,Empoli,16,Toscana,0.15,0.15,0.1,0.15,0.1
2988,2988,Endine,09,Lombardia,0.15,0.15,0.1,0.15,0.1
2989,2989,Enego,20,Veneto,0.15,0.15,0.1,0.15,0.1
2990,2990,Enna,,Autonoma Siciliana,0.15,0.15,0.1,0.15,0.1
2991,2991,Entracque,12,Piemonte,0.15,0.15,0.1,0.15,0.1
2992,2992,Entratico,09,Lombardia,0.15,0.15,0.1,0.15,0.1
2993,2993,Envie,12,Piemonte,0.15,0.15,0.1,0.15,0.1
2994,2994,Episcopia,02,Basilicata,0.15,0.15,0.1,0.15,0.1
2995,2995,Era,09,Lombardia,0.15,0.15,0.1,0.15,0.1
2996,2996,Eraclea,20,Veneto,0.15,0.15,0.1,0.15,0.1
2997,2997,Erba,09,Lombardia,0.15,0.15,0.1,0.15,0.1
2998,2998,Erbe,20,Veneto,0.15,0.15,0.1,0.15,0.1
2999,2999,Erbezzo,20,Veneto,0.15,0.15,0.1,0.15,0.1
3000,3000,Erbusco,09,Lombardia,0.15,0.15,0.1,0.15,0.1
3001,3001,Erchie,13,Puglia,0.15,0.15,0.1,0.15,0.1
3002,3002,Ercolano,04,Campania,0.15,0.15,0.1,0.15,0.1
3003,3003,Eremo,09,Lombardia,0.15,0.15,0.1,0.15,0.1
3004,3004,Erice,,Autonoma Siciliana,0.15,0.15,0.1,0.15,0.1
3005,3005,Erli,,Liguria",0.15,0.15,0.1,0.15,0.1
3006,3006,Erto,06,Friuli-venezia Giulia,0.15,0.15,0.1,0.15,0.1
3007,3007,Erula,,Autonoma Della Sardegna,0.15,0.15,0.1,0.15,0.1
3008,3008,Erve,09,Lombardia,0.15,0.15,0.1,0.15,0.1
3009,3009,Esanatoglia,10,Marche,0.15,0.15,0.1,0.15,0.1
3010,3010,Escalaplano,,Autonoma Della Sardegna,0.15,0.15,0.1,0.15,0.1
3011,3011,Escolca,,Autonoma Della Sardegna,0.15,0.15,0.1,0.15,0.1
3012,3012,Esenta,09,Lombardia,0.15,0.15,0.1,0.15,0.1
3013,3013,Esine,09,Lombardia,0.15,0.15,0.1,0.15,0.1
3014,3014,Esino Lario,09,Lombardia,0.15,0.15,0.1,0.15,0.1
3015,3015,Esperia,07,Lazio,0.15,0.15,0.1,0.15,0.1
3016,3016,Esporlatu,,Autonoma Della Sardegna,0.15,0.15,0.1,0.15,0.1
3017,3017,Este,20,Veneto,0.15,0.15,0.1,0.15,0.1
3018,3018,Esterzili,,Autonoma Della Sardegna,0.15,0.15,0.1,0.15,0.1
3019,3019,Etroubles,,Autonoma Valle D'aosta,0.15,0.15,0.1,0.15,0.1
3020,3020,Exilles,12,Piemonte,0.15,0.15,0.1,0.15,0.1
3021,3021,Fabbrica,16,Toscana,0.15,0.15,0.1,0.15,0.1
3022,3022,Fabbrica Durini,09,Lombardia,0.15,0.15,0.1,0.15,0.1
3023,3023,Fabbrico,,Emilia-romagna",0.15,0.15,0.1,0.15,0.1
3024,3024,Fabriano,10,Marche,0.15,0.15,0.1,0.15,0.1
3025,3025,Fabrizia,03,Calabria,0.15,0.15,0.1,0.15,0.1
3026,3026,Fabrizio,03,Calabria,0.15,0.15,0.1,0.15,0.1
3027,3027,Fabro,18,Umbria,0.15,0.15,0.1,0.15,0.1
3028,3028,Fabro Scalo,18,Umbria,0.15,0.15,0.1,0.15,0.1
3029,3029,Fae,20,Veneto,0.15,0.15,0.1,0.15,0.1
3030,3030,Faedis,06,Friuli-venezia Giulia,0.15,0.15,0.1,0.15,0.1
3031,3031,Faedo,17,Trentino-alto Adige,0.15,0.15,0.1,0.15,0.1
3032,3032,Faedo Valtellino,09,Lombardia,0.15,0.15,0.1,0.15,0.1
3033,3033,Faella,16,Toscana,0.15,0.15,0.1,0.15,0.1
3034,3034,Faenza,,Emilia-romagna",0.15,0.15,0.1,0.15,0.1
3035,3035,Faeto,13,Puglia,0.15,0.15,0.1,0.15,0.1
3036,3036,Fagagna,06,Friuli-venezia Giulia,0.15,0.15,0.1,0.15,0.1
3037,3037,Fagare,20,Veneto,0.15,0.15,0.1,0.15,0.1
3038,3038,Faggeto Lario,09,Lombardia,0.15,0.15,0.1,0.15,0.1
3039,3039,Faggiano,13,Puglia,0.15,0.15,0.1,0.15,0.1
3040,3040,Fagnano Castello,03,Calabria,0.15,0.15,0.1,0.15,0.1
3041,3041,Fagnigola,06,Friuli-venezia Giulia,0.15,0.15,0.1,0.15,0.1
3042,3042,Faiano,04,Campania,0.15,0.15,0.1,0.15,0.1
3043,3043,Faicchio,04,Campania,0.15,0.15,0.1,0.15,0.1
3044,3044,Falconara Albanese,03,Calabria,0.15,0.15,0.1,0.15,0.1
3045,3045,Falconara Marittima,10,Marche,0.15,0.15,0.1,0.15,0.1
3046,3046,Falcone,,Autonoma Siciliana,0.15,0.15,0.1,0.15,0.1
3047,3047,Faleri,07,Lazio,0.15,0.15,0.1,0.15,0.1
3048,3048,Faleria,07,Lazio,0.15,0.15,0.1,0.15,0.1
3049,3049,Falerna,03,Calabria,0.15,0.15,0.1,0.15,0.1
3050,3050,Falerna Scalo,03,Calabria,0.15,0.15,0.1,0.15,0.1
3051,3051,Falerone,10,Marche,0.15,0.15,0.1,0.15,0.1
3052,3052,Fallo,01,Abruzzi,0.15,0.15,0.1,0.15,0.1
3053,3053,Falmenta,12,Piemonte,0.15,0.15,0.1,0.15,0.1
3054,3054,Faloppio,09,Lombardia,0.15,0.15,0.1,0.15,0.1
3055,3055,Falvaterra,07,Lazio,0.15,0.15,0.1,0.15,0.1
3056,3056,Falze,20,Veneto,0.15,0.15,0.1,0.15,0.1
3057,3057,Falzes,17,Trentino-alto Adige,0.15,0.15,0.1,0.15,0.1
3058,3058,Fanano,,Emilia-romagna",0.15,0.15,0.1,0.15,0.1
3059,3059,Fanano,10,Marche,0.15,0.15,0.1,0.15,0.1
3060,3060,Fane,20,Veneto,0.15,0.15,0.1,0.15,0.1
3061,3061,Fanna,06,Friuli-venezia Giulia,0.15,0.15,0.1,0.15,0.1
3062,3062,Fano,10,Marche,0.15,0.15,0.1,0.15,0.1
3063,3063,Fano Adriano,01,Abruzzi,0.15,0.15,0.1,0.15,0.1
3064,3064,Fantasina,09,Lombardia,0.15,0.15,0.1,0.15,0.1
3065,3065,Fanzolo,20,Veneto,0.15,0.15,0.1,0.15,0.1
3066,3066,Fara Filiorum Petri,01,Abruzzi,0.15,0.15,0.1,0.15,0.1
3067,3067,Fara Novarese,12,Piemonte,0.15,0.15,0.1,0.15,0.1
3068,3068,Fara Olivana,09,Lombardia,0.15,0.15,0.1,0.15,0.1
3069,3069,Fara San Martino,01,Abruzzi,0.15,0.15,0.1,0.15,0.1
3070,3070,Fara Vicentino,20,Veneto,0.15,0.15,0.1,0.15,0.1
3071,3071,Fardella,02,Basilicata,0.15,0.15,0.1,0.15,0.1
3072,3072,Farfengo,09,Lombardia,0.15,0.15,0.1,0.15,0.1
3073,3073,Farigliano,12,Piemonte,0.15,0.15,0.1,0.15,0.1
3074,3074,Farindola,01,Abruzzi,0.15,0.15,0.1,0.15,0.1
3075,3075,Farini,,Emilia-romagna",0.15,0.15,0.1,0.15,0.1
3076,3076,Farnese,07,Lazio,0.15,0.15,0.1,0.15,0.1
3077,3077,Farneta,07,Lazio,0.15,0.15,0.1,0.15,0.1
3078,3078,Farneto,07,Lazio,0.15,0.15,0.1,0.15,0.1
3079,3079,Faro Superiore,,Autonoma Siciliana,0.15,0.15,0.1,0.15,0.1
3080,3080,Fasana,04,Campania,0.15,0.15,0.1,0.15,0.1
3081,3081,Fasano,13,Puglia,0.15,0.15,0.1,0.15,0.1
3082,3082,Fascia,,Liguria",0.15,0.15,0.1,0.15,0.1
3083,3083,Fauglia,16,Toscana,0.15,0.15,0.1,0.15,0.1
3084,3084,Faule,12,Piemonte,0.15,0.15,0.1,0.15,0.1
3085,3085,Favara,,Autonoma Siciliana,0.15,0.15,0.1,0.15,0.1
3086,3086,Faver,17,Trentino-alto Adige,0.15,0.15,0.1,0.15,0.1
3087,3087,Favignana,,Autonoma Siciliana,0.15,0.15,0.1,0.15,0.1
3088,3088,Favirano,09,Lombardia,0.15,0.15,0.1,0.15,0.1
3089,3089,Favria,12,Piemonte,0.15,0.15,0.1,0.15,0.1
3090,3090,Feglino,,Liguria",0.15,0.15,0.1,0.15,0.1
3091,3091,Feisoglio,12,Piemonte,0.15,0.15,0.1,0.15,0.1
3092,3092,Felegara,,Emilia-romagna",0.15,0.15,0.1,0.15,0.1
3093,3093,Felettis,06,Friuli-venezia Giulia,0.15,0.15,0.1,0.15,0.1
3094,3094,Feletto,12,Piemonte,0.15,0.15,0.1,0.15,0.1
3095,3095,Feletto Umberto,06,Friuli-venezia Giulia,0.15,0.15,0.1,0.15,0.1
3096,3096,Felina,,Emilia-romagna",0.15,0.15,0.1,0.15,0.1
3097,3097,Felino,,Emilia-romagna",0.15,0.15,0.1,0.15,0.1
3098,3098,Felitto,04,Campania,0.15,0.15,0.1,0.15,0.1
3099,3099,Felizzano,12,Piemonte,0.15,0.15,0.1,0.15,0.1
3100,3100,Fellegara,,Emilia-romagna",0.15,0.15,0.1,0.15,0.1
3101,3101,Felline,13,Puglia,0.15,0.15,0.1,0.15,0.1
3102,3102,Felonica,09,Lombardia,0.15,0.15,0.1,0.15,0.1
3103,3103,Feltre,20,Veneto,0.15,0.15,0.1,0.15,0.1
3104,3104,Fenegro,09,Lombardia,0.15,0.15,0.1,0.15,0.1
3105,3105,Fenestrelle,12,Piemonte,0.15,0.15,0.1,0.15,0.1
3106,3106,Fengo,09,Lombardia,0.15,0.15,0.1,0.15,0.1
3107,3107,Fenile,10,Marche,0.15,0.15,0.1,0.15,0.1
3108,3108,Fenis,,Autonoma Valle D'aosta,0.15,0.15,0.1,0.15,0.1
3109,3109,Ferentillo,18,Umbria,0.15,0.15,0.1,0.15,0.1
3110,3110,Ferentino,07,Lazio,0.15,0.15,0.1,0.15,0.1
3111,3111,Feriole,20,Veneto,0.15,0.15,0.1,0.15,0.1
3112,3112,Feriolo,12,Piemonte,0.15,0.15,0.1,0.15,0.1
3113,3113,Ferla,,Autonoma Siciliana,0.15,0.15,0.1,0.15,0.1
3114,3114,Fermignano,10,Marche,0.15,0.15,0.1,0.15,0.1
3115,3115,Fermo,10,Marche,0.15,0.15,0.1,0.15,0.1
3116,3116,Ferno,09,Lombardia,0.15,0.15,0.1,0.15,0.1
3117,3117,Feroleto Antico,03,Calabria,0.15,0.15,0.1,0.15,0.1
3118,3118,Ferrada,,Liguria",0.15,0.15,0.1,0.15,0.1
3119,3119,Ferrandina,02,Basilicata,0.15,0.15,0.1,0.15,0.1
3120,3120,Ferrania,,Liguria",0.15,0.15,0.1,0.15,0.1
3121,3121,Ferrara,,Emilia-romagna",0.15,0.15,0.1,0.15,0.1
3122,3122,Ferrazzano,11,Molise,0.15,0.15,0.1,0.15,0.1
3123,3123,Ferrera Erbognone,09,Lombardia,0.15,0.15,0.1,0.15,0.1
3124,3124,Ferrere,12,Piemonte,0.15,0.15,0.1,0.15,0.1
3125,3125,Ferriera,12,Piemonte,0.15,0.15,0.1,0.15,0.1
3126,3126,Ferriere,,Liguria",0.15,0.15,0.1,0.15,0.1
3127,3127,Ferriere,,Emilia-romagna",0.15,0.15,0.1,0.15,0.1
3128,3128,Ferruzzano,03,Calabria,0.15,0.15,0.1,0.15,0.1
3129,3129,Fertilia,,Autonoma Della Sardegna,0.15,0.15,0.1,0.15,0.1
3130,3130,Fezzano,,Liguria",0.15,0.15,0.1,0.15,0.1
3131,3131,Fiamenga,18,Umbria,0.15,0.15,0.1,0.15,0.1
3132,3132,Fiamignano,07,Lazio,0.15,0.15,0.1,0.15,0.1
3133,3133,Fiano,12,Piemonte,0.15,0.15,0.1,0.15,0.1
3134,3134,Fiano Romano,07,Lazio,0.15,0.15,0.1,0.15,0.1
3135,3135,Fiave,17,Trentino-alto Adige,0.15,0.15,0.1,0.15,0.1
3136,3136,Ficarazzi,,Autonoma Siciliana,0.15,0.15,0.1,0.15,0.1
3137,3137,Ficarolo,20,Veneto,0.15,0.15,0.1,0.15,0.1
3138,3138,Ficarra,,Autonoma Siciliana,0.15,0.15,0.1,0.15,0.1
3139,3139,Ficulle,18,Umbria,0.15,0.15,0.1,0.15,0.1
3140,3140,Fidenza,,Emilia-romagna",0.15,0.15,0.1,0.15,0.1
3141,3141,Fierozzo,17,Trentino-alto Adige,0.15,0.15,0.1,0.15,0.1
3142,3142,Fiesco,09,Lombardia,0.15,0.15,0.1,0.15,0.1
3143,3143,Fiesole,16,Toscana,0.15,0.15,0.1,0.15,0.1
3144,3144,Fiesse,09,Lombardia,0.15,0.15,0.1,0.15,0.1
3145,3145,Fiesso,20,Veneto,0.15,0.15,0.1,0.15,0.1
3146,3146,Fiesso Umbertiano,20,Veneto,0.15,0.15,0.1,0.15,0.1
3147,3147,Fighille,18,Umbria,0.15,0.15,0.1,0.15,0.1
3148,3148,Figino,09,Lombardia,0.15,0.15,0.1,0.15,0.1
3149,3149,Figino Serenza,09,Lombardia,0.15,0.15,0.1,0.15,0.1
3150,3150,Figliaro,09,Lombardia,0.15,0.15,0.1,0.15,0.1
3151,3151,Figline Valdarno,16,Toscana,0.15,0.15,0.1,0.15,0.1
3152,3152,Figline Vegliaturo,03,Calabria,0.15,0.15,0.1,0.15,0.1
3153,3153,Filacciano,07,Lazio,0.15,0.15,0.1,0.15,0.1
3154,3154,Filadelfia,03,Calabria,0.15,0.15,0.1,0.15,0.1
3155,3155,Filago,09,Lombardia,0.15,0.15,0.1,0.15,0.1
3156,3156,Filandari,03,Calabria,0.15,0.15,0.1,0.15,0.1
3157,3157,Filattiera,16,Toscana,0.15,0.15,0.1,0.15,0.1
3158,3158,Filecchio,16,Toscana,0.15,0.15,0.1,0.15,0.1
3159,3159,Filettino,07,Lazio,0.15,0.15,0.1,0.15,0.1
3160,3160,Filetto,01,Abruzzi,0.15,0.15,0.1,0.15,0.1
3161,3161,Filettole,16,Toscana,0.15,0.15,0.1,0.15,0.1
3162,3162,Filiano,02,Basilicata,0.15,0.15,0.1,0.15,0.1
3163,3163,Filighera,09,Lombardia,0.15,0.15,0.1,0.15,0.1
3164,3164,Filignano,11,Molise,0.15,0.15,0.1,0.15,0.1
3165,3165,Filogaso,03,Calabria,0.15,0.15,0.1,0.15,0.1
3166,3166,Filottrano,10,Marche,0.15,0.15,0.1,0.15,0.1
3167,3167,Finale,,Autonoma Siciliana,0.15,0.15,0.1,0.15,0.1
3168,3168,Finale Emilia,,Emilia-romagna",0.15,0.15,0.1,0.15,0.1
3169,3169,Finale Ligure,,Liguria",0.15,0.15,0.1,0.15,0.1
3170,3170,Fino Mornasco,09,Lombardia,0.15,0.15,0.1,0.15,0.1
3171,3171,Fiorano,,Emilia-romagna",0.15,0.15,0.1,0.15,0.1
3172,3172,Fiorano Canavese,12,Piemonte,0.15,0.15,0.1,0.15,0.1
3173,3173,Firenzuola,16,Toscana,0.15,0.15,0.1,0.15,0.1
3174,3174,Firmo,03,Calabria,0.15,0.15,0.1,0.15,0.1
3175,3175,Fisciano,04,Campania,0.15,0.15,0.1,0.15,0.1
3176,3176,Fiuggi,07,Lazio,0.15,0.15,0.1,0.15,0.1
3177,3177,Fiumana,,Emilia-romagna",0.15,0.15,0.1,0.15,0.1
3178,3178,Fiumara,,Autonoma Siciliana,0.15,0.15,0.1,0.15,0.1
3179,3179,Fiumara,03,Calabria,0.15,0.15,0.1,0.15,0.1
3180,3180,Fiume Veneto,06,Friuli-venezia Giulia,0.15,0.15,0.1,0.15,0.1
3181,3181,Fiumedinisi,,Autonoma Siciliana,0.15,0.15,0.1,0.15,0.1
3182,3182,Fiumefreddo Bruzio,03,Calabria,0.15,0.15,0.1,0.15,0.1
3183,3183,Fiumicello,06,Friuli-venezia Giulia,0.15,0.15,0.1,0.15,0.1
3184,3184,Fivizzano,16,Toscana,0.15,0.15,0.1,0.15,0.1
3185,3185,Fizzonasco,09,Lombardia,0.15,0.15,0.1,0.15,0.1
3186,3186,Flaibano,06,Friuli-venezia Giulia,0.15,0.15,0.1,0.15,0.1
3187,3187,Flavon,17,Trentino-alto Adige,0.15,0.15,0.1,0.15,0.1
3188,3188,Flero,09,Lombardia,0.15,0.15,0.1,0.15,0.1
3189,3189,Floresta,,Autonoma Siciliana,0.15,0.15,0.1,0.15,0.1
3190,3190,Floridia,,Autonoma Siciliana,0.15,0.15,0.1,0.15,0.1
3191,3191,Florinas,,Autonoma Della Sardegna,0.15,0.15,0.1,0.15,0.1
3192,3192,Flumeri,04,Campania,0.15,0.15,0.1,0.15,0.1
3193,3193,Fluminimaggiore,,Autonoma Della Sardegna,0.15,0.15,0.1,0.15,0.1
3194,3194,Flussio,,Autonoma Della Sardegna,0.15,0.15,0.1,0.15,0.1
3195,3195,Fobello,12,Piemonte,0.15,0.15,0.1,0.15,0.1
3196,3196,Focene,07,Lazio,0.15,0.15,0.1,0.15,0.1
3197,3197,Foen,20,Veneto,0.15,0.15,0.1,0.15,0.1
3198,3198,Foggia,13,Puglia,0.15,0.15,0.1,0.15,0.1
3199,3199,Foglianise,04,Campania,0.15,0.15,0.1,0.15,0.1
3200,3200,Fogliano,,Emilia-romagna",0.15,0.15,0.1,0.15,0.1
3201,3201,Fogliano,06,Friuli-venezia Giulia,0.15,0.15,0.1,0.15,0.1
3202,3202,Foglizzo,12,Piemonte,0.15,0.15,0.1,0.15,0.1
3203,3203,Fognano,16,Toscana,0.15,0.15,0.1,0.15,0.1
3204,3204,Fognano,,Emilia-romagna",0.15,0.15,0.1,0.15,0.1
3205,3205,Folgaria,17,Trentino-alto Adige,0.15,0.15,0.1,0.15,0.1
3206,3206,Folignano,10,Marche,0.15,0.15,0.1,0.15,0.1
3207,3207,Foligno,18,Umbria,0.15,0.15,0.1,0.15,0.1
3208,3208,Follina,20,Veneto,0.15,0.15,0.1,0.15,0.1
3209,3209,Follonica,16,Toscana,0.15,0.15,0.1,0.15,0.1
3210,3210,Fombio,09,Lombardia,0.15,0.15,0.1,0.15,0.1
3211,3211,Fondachello,,Autonoma Siciliana,0.15,0.15,0.1,0.15,0.1
3212,3212,Fondi,07,Lazio,0.15,0.15,0.1,0.15,0.1
3213,3213,Fondo,17,Trentino-alto Adige,0.15,0.15,0.1,0.15,0.1
3214,3214,Fonni,,Autonoma Della Sardegna,0.15,0.15,0.1,0.15,0.1
3215,3215,Fontainemore,,Autonoma Valle D'aosta,0.15,0.15,0.1,0.15,0.1
3216,3216,Fontana,09,Lombardia,0.15,0.15,0.1,0.15,0.1
3217,3217,Fontana,,Emilia-romagna",0.15,0.15,0.1,0.15,0.1
3218,3218,Fontana Pradosa,,Emilia-romagna",0.15,0.15,0.1,0.15,0.1
3219,3219,Fontanafredda,20,Veneto,0.15,0.15,0.1,0.15,0.1
3220,3220,Fontanarosa,04,Campania,0.15,0.15,0.1,0.15,0.1
3221,3221,Fontanelice,,Emilia-romagna",0.15,0.15,0.1,0.15,0.1
3222,3222,Fontanella,09,Lombardia,0.15,0.15,0.1,0.15,0.1
3223,3223,Fontanellato,,Emilia-romagna",0.15,0.15,0.1,0.15,0.1
3224,3224,Fontanelle,,Emilia-romagna",0.15,0.15,0.1,0.15,0.1
3225,3225,Fontanelle,20,Veneto,0.15,0.15,0.1,0.15,0.1
3226,3226,Fontanelle,01,Abruzzi,0.15,0.15,0.1,0.15,0.1
3227,3227,Fontaneto D'Agogna,12,Piemonte,0.15,0.15,0.1,0.15,0.1
3228,3228,Fontanetto Po,12,Piemonte,0.15,0.15,0.1,0.15,0.1
3229,3229,Fontanigorda,,Liguria",0.15,0.15,0.1,0.15,0.1
3230,3230,Fontanile,12,Piemonte,0.15,0.15,0.1,0.15,0.1
3231,3231,Fontaniva,20,Veneto,0.15,0.15,0.1,0.15,0.1
3232,3232,Fonte Alto,20,Veneto,0.15,0.15,0.1,0.15,0.1
3233,3233,Fonteblanda,16,Toscana,0.15,0.15,0.1,0.15,0.1
3234,3234,Fontecchio,01,Abruzzi,0.15,0.15,0.1,0.15,0.1
3235,3235,Fontechiari,07,Lazio,0.15,0.15,0.1,0.15,0.1
3236,3236,Fontegreca,04,Campania,0.15,0.15,0.1,0.15,0.1
3237,3237,Fonteno,09,Lombardia,0.15,0.15,0.1,0.15,0.1
3238,3238,Fontevivo,,Emilia-romagna",0.15,0.15,0.1,0.15,0.1
3239,3239,Fonzaso,20,Veneto,0.15,0.15,0.1,0.15,0.1
3240,3240,Foppolo,09,Lombardia,0.15,0.15,0.1,0.15,0.1
3241,3241,Forano,07,Lazio,0.15,0.15,0.1,0.15,0.1
3242,3242,Force,10,Marche,0.15,0.15,0.1,0.15,0.1
3243,3243,Forchia,04,Campania,0.15,0.15,0.1,0.15,0.1
3244,3244,Forcola,09,Lombardia,0.15,0.15,0.1,0.15,0.1
3245,3245,Forcoli,16,Toscana,0.15,0.15,0.1,0.15,0.1
3246,3246,Fordongianus,,Autonoma Della Sardegna,0.15,0.15,0.1,0.15,0.1
3247,3247,Forenza,02,Basilicata,0.15,0.15,0.1,0.15,0.1
3248,3248,Foresta,03,Calabria,0.15,0.15,0.1,0.15,0.1
3249,3249,Foresto Sparso,09,Lombardia,0.15,0.15,0.1,0.15,0.1
3250,3250,Forette,20,Veneto,0.15,0.15,0.1,0.15,0.1
3251,3251,Foria,04,Campania,0.15,0.15,0.1,0.15,0.1
3252,3252,Forino,04,Campania,0.15,0.15,0.1,0.15,0.1
3253,3253,Forio,04,Campania,0.15,0.15,0.1,0.15,0.1
3254,3254,Forlimpopoli,,Emilia-romagna",0.15,0.15,0.1,0.15,0.1
3255,3255,Forlì,,Emilia-romagna",0.15,0.15,0.1,0.15,0.1
3256,3256,Formazza,12,Piemonte,0.15,0.15,0.1,0.15,0.1
3257,3257,Formello,07,Lazio,0.15,0.15,0.1,0.15,0.1
3258,3258,Formia,07,Lazio,0.15,0.15,0.1,0.15,0.1
3259,3259,Formica,,Emilia-romagna",0.15,0.15,0.1,0.15,0.1
3260,3260,Formicola,04,Campania,0.15,0.15,0.1,0.15,0.1
3261,3261,Formigara,09,Lombardia,0.15,0.15,0.1,0.15,0.1
3262,3262,Formigine,,Emilia-romagna",0.15,0.15,0.1,0.15,0.1
3263,3263,Formigliana,12,Piemonte,0.15,0.15,0.1,0.15,0.1
3264,3264,Formignana,,Emilia-romagna",0.15,0.15,0.1,0.15,0.1
3265,3265,Formigosa,09,Lombardia,0.15,0.15,0.1,0.15,0.1
3266,3266,Fornace,17,Trentino-alto Adige,0.15,0.15,0.1,0.15,0.1
3267,3267,Fornace Zarattini,,Emilia-romagna",0.15,0.15,0.1,0.15,0.1
3268,3268,Fornacelle,16,Toscana,0.15,0.15,0.1,0.15,0.1
3269,3269,Fornacette,16,Toscana,0.15,0.15,0.1,0.15,0.1
3270,3270,Fornaci,18,Umbria,0.15,0.15,0.1,0.15,0.1
3271,3271,Fornaci,12,Piemonte,0.15,0.15,0.1,0.15,0.1
3272,3272,Fornaci,09,Lombardia,0.15,0.15,0.1,0.15,0.1
3273,3273,Fornaci,20,Veneto,0.15,0.15,0.1,0.15,0.1
3274,3274,Fornase,20,Veneto,0.15,0.15,0.1,0.15,0.1
3275,3275,Fornelli,11,Molise,0.15,0.15,0.1,0.15,0.1
3276,3276,Forni Avoltri,06,Friuli-venezia Giulia,0.15,0.15,0.1,0.15,0.1
3277,3277,Forno,16,Toscana,0.15,0.15,0.1,0.15,0.1
3278,3278,Forno Canavese,12,Piemonte,0.15,0.15,0.1,0.15,0.1
3279,3279,Fornole,18,Umbria,0.15,0.15,0.1,0.15,0.1
3280,3280,Fornovo San Giovanni,09,Lombardia,0.15,0.15,0.1,0.15,0.1
3281,3281,Forone,16,Toscana,0.15,0.15,0.1,0.15,0.1
3282,3282,Fortezza,17,Trentino-alto Adige,0.15,0.15,0.1,0.15,0.1
3283,3283,Fortogna,20,Veneto,0.15,0.15,0.1,0.15,0.1
3284,3284,Fortunago,09,Lombardia,0.15,0.15,0.1,0.15,0.1
3285,3285,Fosciandora,16,Toscana,0.15,0.15,0.1,0.15,0.1
3286,3286,Fosdinovo,16,Toscana,0.15,0.15,0.1,0.15,0.1
3287,3287,Fosdondo,,Emilia-romagna",0.15,0.15,0.1,0.15,0.1
3288,3288,Fossa,01,Abruzzi,0.15,0.15,0.1,0.15,0.1
3289,3289,Fossa,,Emilia-romagna",0.15,0.15,0.1,0.15,0.1
3290,3290,Fossa,20,Veneto,0.15,0.15,0.1,0.15,0.1
3291,3291,Fossacesia,01,Abruzzi,0.15,0.15,0.1,0.15,0.1
3292,3292,Fossalta,20,Veneto,0.15,0.15,0.1,0.15,0.1
3293,3293,Fossalta Maggiore,20,Veneto,0.15,0.15,0.1,0.15,0.1
3294,3294,Fossalto,11,Molise,0.15,0.15,0.1,0.15,0.1
3295,3295,Fossalunga,20,Veneto,0.15,0.15,0.1,0.15,0.1
3296,3296,Fossano,12,Piemonte,0.15,0.15,0.1,0.15,0.1
3297,3297,Fossanova San Marco,,Emilia-romagna",0.15,0.15,0.1,0.15,0.1
3298,3298,Fossarmato,09,Lombardia,0.15,0.15,0.1,0.15,0.1
3299,3299,Fossato Serralta,03,Calabria,0.15,0.15,0.1,0.15,0.1
3300,3300,Fossignano,07,Lazio,0.15,0.15,0.1,0.15,0.1
3301,3301,Fosso,20,Veneto,0.15,0.15,0.1,0.15,0.1
3302,3302,Fosso Ghiaia,,Emilia-romagna",0.15,0.15,0.1,0.15,0.1
3303,3303,Fossoli,,Emilia-romagna",0.15,0.15,0.1,0.15,0.1
3304,3304,Fossombrone,10,Marche,0.15,0.15,0.1,0.15,0.1
3305,3305,Foza,20,Veneto,0.15,0.15,0.1,0.15,0.1
3306,3306,Frabosa Soprana,12,Piemonte,0.15,0.15,0.1,0.15,0.1
3307,3307,Frabosa Sottana,12,Piemonte,0.15,0.15,0.1,0.15,0.1
3308,3308,Fraconalto,12,Piemonte,0.15,0.15,0.1,0.15,0.1
3309,3309,Fragagnano,13,Puglia,0.15,0.15,0.1,0.15,0.1
3310,3310,Fragneto L'Abate,04,Campania,0.15,0.15,0.1,0.15,0.1
3311,3311,Fragneto Monforte,04,Campania,0.15,0.15,0.1,0.15,0.1
3312,3312,Fraine,01,Abruzzi,0.15,0.15,0.1,0.15,0.1
3313,3313,Framura,,Liguria",0.15,0.15,0.1,0.15,0.1
3314,3314,Francavilla Angitola,03,Calabria,0.15,0.15,0.1,0.15,0.1
3315,3315,Francavilla Bisio,12,Piemonte,0.15,0.15,0.1,0.15,0.1
3316,3316,Francavilla Fontana,13,Puglia,0.15,0.15,0.1,0.15,0.1
3317,3317,Francavilla Marittima,03,Calabria,0.15,0.15,0.1,0.15,0.1
3318,3318,Francenigo,20,Veneto,0.15,0.15,0.1,0.15,0.1
3319,3319,Franche,04,Campania,0.15,0.15,0.1,0.15,0.1
3320,3320,Francica,03,Calabria,0.15,0.15,0.1,0.15,0.1
3321,3321,Francofonte,,Autonoma Siciliana,0.15,0.15,0.1,0.15,0.1
3322,3322,Francolino,,Emilia-romagna",0.15,0.15,0.1,0.15,0.1
3323,3323,Francolise,04,Campania,0.15,0.15,0.1,0.15,0.1
3324,3324,Frascaro,12,Piemonte,0.15,0.15,0.1,0.15,0.1
3325,3325,Frascarolo,09,Lombardia,0.15,0.15,0.1,0.15,0.1
3326,3326,Frascati,07,Lazio,0.15,0.15,0.1,0.15,0.1
3327,3327,Frascineto,03,Calabria,0.15,0.15,0.1,0.15,0.1
3328,3328,Frassilongo,17,Trentino-alto Adige,0.15,0.15,0.1,0.15,0.1
3329,3329,Frassinelle Polesine,20,Veneto,0.15,0.15,0.1,0.15,0.1
3330,3330,Frassinello Monferrato,12,Piemonte,0.15,0.15,0.1,0.15,0.1
3331,3331,Frassineto Po,12,Piemonte,0.15,0.15,0.1,0.15,0.1
3332,3332,Frassinetto,12,Piemonte,0.15,0.15,0.1,0.15,0.1
3333,3333,Frassino,12,Piemonte,0.15,0.15,0.1,0.15,0.1
3334,3334,Frassinoro,,Emilia-romagna",0.15,0.15,0.1,0.15,0.1
3335,3335,Frasso Sabino,07,Lazio,0.15,0.15,0.1,0.15,0.1
3336,3336,Frasso Telesino,04,Campania,0.15,0.15,0.1,0.15,0.1
3337,3337,Fratta Polesine,20,Veneto,0.15,0.15,0.1,0.15,0.1
3338,3338,Fratta Terme,,Emilia-romagna",0.15,0.15,0.1,0.15,0.1
3339,3339,Fratta Todina,18,Umbria,0.15,0.15,0.1,0.15,0.1
3340,3340,Frattamaggiore,04,Campania,0.15,0.15,0.1,0.15,0.1
3341,3341,Frattaminore,04,Campania,0.15,0.15,0.1,0.15,0.1
3342,3342,Fratte,10,Marche,0.15,0.15,0.1,0.15,0.1
3343,3343,Fratte Rosa,10,Marche,0.15,0.15,0.1,0.15,0.1
3344,3344,Fraviano,17,Trentino-alto Adige,0.15,0.15,0.1,0.15,0.1
3345,3345,Frazzano,,Autonoma Siciliana,0.15,0.15,0.1,0.15,0.1
3346,3346,Fregene,07,Lazio,0.15,0.15,0.1,0.15,0.1
3347,3347,Fregona,20,Veneto,0.15,0.15,0.1,0.15,0.1
3348,3348,Fresagrandinaria,01,Abruzzi,0.15,0.15,0.1,0.15,0.1
3349,3349,Frescada,20,Veneto,0.15,0.15,0.1,0.15,0.1
3350,3350,Fresonara,12,Piemonte,0.15,0.15,0.1,0.15,0.1
3351,3351,Frigento,04,Campania,0.15,0.15,0.1,0.15,0.1
3352,3352,Frignano,04,Campania,0.15,0.15,0.1,0.15,0.1
3353,3353,Frinco,12,Piemonte,0.15,0.15,0.1,0.15,0.1
3354,3354,Friola,20,Veneto,0.15,0.15,0.1,0.15,0.1
3355,3355,Frisa,01,Abruzzi,0.15,0.15,0.1,0.15,0.1
3356,3356,Frisanco,06,Friuli-venezia Giulia,0.15,0.15,0.1,0.15,0.1
3357,3357,Front,12,Piemonte,0.15,0.15,0.1,0.15,0.1
3358,3358,Fronti,03,Calabria,0.15,0.15,0.1,0.15,0.1
3359,3359,Frontino,10,Marche,0.15,0.15,0.1,0.15,0.1
3360,3360,Frontone,10,Marche,0.15,0.15,0.1,0.15,0.1
3361,3361,Frosinone,07,Lazio,0.15,0.15,0.1,0.15,0.1
3362,3362,Frosolone,11,Molise,0.15,0.15,0.1,0.15,0.1
3363,3363,Frossasco,12,Piemonte,0.15,0.15,0.1,0.15,0.1
3364,3364,Frugarolo,12,Piemonte,0.15,0.15,0.1,0.15,0.1
3365,3365,Fubine,12,Piemonte,0.15,0.15,0.1,0.15,0.1
3366,3366,Fucecchio,16,Toscana,0.15,0.15,0.1,0.15,0.1
3367,3367,Fuipiano Valle Imagna,09,Lombardia,0.15,0.15,0.1,0.15,0.1
3368,3368,Fumane,20,Veneto,0.15,0.15,0.1,0.15,0.1
3369,3369,Fumo,09,Lombardia,0.15,0.15,0.1,0.15,0.1
3370,3370,Fumone,07,Lazio,0.15,0.15,0.1,0.15,0.1
3371,3371,Fundres,17,Trentino-alto Adige,0.15,0.15,0.1,0.15,0.1
3372,3372,Fuorni,04,Campania,0.15,0.15,0.1,0.15,0.1
3373,3373,Furato,09,Lombardia,0.15,0.15,0.1,0.15,0.1
3374,3374,Furci,01,Abruzzi,0.15,0.15,0.1,0.15,0.1
3375,3375,Furci Siculo,,Autonoma Siciliana,0.15,0.15,0.1,0.15,0.1
3376,3376,Furnari,,Autonoma Siciliana,0.15,0.15,0.1,0.15,0.1
3377,3377,Furore,04,Campania,0.15,0.15,0.1,0.15,0.1
3378,3378,Furtei,,Autonoma Della Sardegna,0.15,0.15,0.1,0.15,0.1
3379,3379,Fuscaldo,03,Calabria,0.15,0.15,0.1,0.15,0.1
3380,3380,Fusignano,,Emilia-romagna",0.15,0.15,0.1,0.15,0.1
3381,3381,Fusine,09,Lombardia,0.15,0.15,0.1,0.15,0.1
3382,3382,Fusine,20,Veneto,0.15,0.15,0.1,0.15,0.1
3383,3383,Futani,04,Campania,0.15,0.15,0.1,0.15,0.1
3384,3384,Gabbioneta,09,Lombardia,0.15,0.15,0.1,0.15,0.1
3385,3385,Gabbro,16,Toscana,0.15,0.15,0.1,0.15,0.1
3386,3386,Gabella,16,Toscana,0.15,0.15,0.1,0.15,0.1
3387,3387,Gabiano,12,Piemonte,0.15,0.15,0.1,0.15,0.1
3388,3388,Gabicce Mare,10,Marche,0.15,0.15,0.1,0.15,0.1
3389,3389,Gaby,,Autonoma Valle D'aosta,0.15,0.15,0.1,0.15,0.1
3390,3390,Gadana,10,Marche,0.15,0.15,0.1,0.15,0.1
3391,3391,Gadoni,,Autonoma Della Sardegna,0.15,0.15,0.1,0.15,0.1
3392,3392,Gaeta,07,Lazio,0.15,0.15,0.1,0.15,0.1
3393,3393,Gaggi,,Autonoma Siciliana,0.15,0.15,0.1,0.15,0.1
3394,3394,Gaggiano,09,Lombardia,0.15,0.15,0.1,0.15,0.1
3395,3395,Gaggino,09,Lombardia,0.15,0.15,0.1,0.15,0.1
3396,3396,Gaggio,,Emilia-romagna",0.15,0.15,0.1,0.15,0.1
3397,3397,Gaggio,09,Lombardia,0.15,0.15,0.1,0.15,0.1
3398,3398,Gaggio Montano,,Emilia-romagna",0.15,0.15,0.1,0.15,0.1
3399,3399,Gaggiolo,09,Lombardia,0.15,0.15,0.1,0.15,0.1
3400,3400,Gaglianico,12,Piemonte,0.15,0.15,0.1,0.15,0.1
3401,3401,Gagliano Aterno,01,Abruzzi,0.15,0.15,0.1,0.15,0.1
3402,3402,Gagliano Castelferrato,,Autonoma Siciliana,0.15,0.15,0.1,0.15,0.1
3403,3403,Gagliato,03,Calabria,0.15,0.15,0.1,0.15,0.1
3404,3404,Gagliole,10,Marche,0.15,0.15,0.1,0.15,0.1
3405,3405,Gaiano,,Emilia-romagna",0.15,0.15,0.1,0.15,0.1
3406,3406,Gaiano,04,Campania,0.15,0.15,0.1,0.15,0.1
3407,3407,Gaiarine,20,Veneto,0.15,0.15,0.1,0.15,0.1
3408,3408,Gaiba,20,Veneto,0.15,0.15,0.1,0.15,0.1
3409,3409,Gaiofana,,Emilia-romagna",0.15,0.15,0.1,0.15,0.1
3410,3410,Gaiola,12,Piemonte,0.15,0.15,0.1,0.15,0.1
3411,3411,Gaione,,Emilia-romagna",0.15,0.15,0.1,0.15,0.1
3412,3412,Gairo Sant'Elena,,Autonoma Della Sardegna,0.15,0.15,0.1,0.15,0.1
3413,3413,Gais,17,Trentino-alto Adige,0.15,0.15,0.1,0.15,0.1
3414,3414,Galati Mamertino,,Autonoma Siciliana,0.15,0.15,0.1,0.15,0.1
3415,3415,Galatina,13,Puglia,0.15,0.15,0.1,0.15,0.1
3416,3416,Galatone,13,Puglia,0.15,0.15,0.1,0.15,0.1
3417,3417,Galatro,03,Calabria,0.15,0.15,0.1,0.15,0.1
3418,3418,Galbiate,09,Lombardia,0.15,0.15,0.1,0.15,0.1
3419,3419,Galeata,,Emilia-romagna",0.15,0.15,0.1,0.15,0.1
3420,3420,Galgagnano,09,Lombardia,0.15,0.15,0.1,0.15,0.1
3421,3421,Gallarate,09,Lombardia,0.15,0.15,0.1,0.15,0.1
3422,3422,Galleno,16,Toscana,0.15,0.15,0.1,0.15,0.1
3423,3423,Galleriano,06,Friuli-venezia Giulia,0.15,0.15,0.1,0.15,0.1
3424,3424,Gallese,07,Lazio,0.15,0.15,0.1,0.15,0.1
3425,3425,Gallese,20,Veneto,0.15,0.15,0.1,0.15,0.1
3426,3426,Galliano,16,Toscana,0.15,0.15,0.1,0.15,0.1
3427,3427,Galliate,12,Piemonte,0.15,0.15,0.1,0.15,0.1
3428,3428,Galliate Lombardo,09,Lombardia,0.15,0.15,0.1,0.15,0.1
3429,3429,Galliavola,09,Lombardia,0.15,0.15,0.1,0.15,0.1
3430,3430,Gallicano,16,Toscana,0.15,0.15,0.1,0.15,0.1
3431,3431,Gallicchio,02,Basilicata,0.15,0.15,0.1,0.15,0.1
3432,3432,Galliera,,Emilia-romagna",0.15,0.15,0.1,0.15,0.1
3433,3433,Galliera Veneta,20,Veneto,0.15,0.15,0.1,0.15,0.1
3434,3434,Gallignano,09,Lombardia,0.15,0.15,0.1,0.15,0.1
3435,3435,Gallina,,Autonoma Siciliana,0.15,0.15,0.1,0.15,0.1
3436,3436,Gallinaro,07,Lazio,0.15,0.15,0.1,0.15,0.1
3437,3437,Gallio,20,Veneto,0.15,0.15,0.1,0.15,0.1
3438,3438,Gallipoli,13,Puglia,0.15,0.15,0.1,0.15,0.1
3439,3439,Gallo,04,Campania,0.15,0.15,0.1,0.15,0.1
3440,3440,Gallo,,Emilia-romagna",0.15,0.15,0.1,0.15,0.1
3441,3441,Gallo,10,Marche,0.15,0.15,0.1,0.15,0.1
3442,3442,Gallo Matese,04,Campania,0.15,0.15,0.1,0.15,0.1
3443,3443,Gallodoro,,Autonoma Siciliana,0.15,0.15,0.1,0.15,0.1
3444,3444,Galluccio,04,Campania,0.15,0.15,0.1,0.15,0.1
3445,3445,Galta,20,Veneto,0.15,0.15,0.1,0.15,0.1
3446,3446,Galtelli,,Autonoma Della Sardegna,0.15,0.15,0.1,0.15,0.1
3447,3447,Galugnano,13,Puglia,0.15,0.15,0.1,0.15,0.1
3448,3448,Galzignano,20,Veneto,0.15,0.15,0.1,0.15,0.1
3449,3449,Gamalero,12,Piemonte,0.15,0.15,0.1,0.15,0.1
3450,3450,Gambara,09,Lombardia,0.15,0.15,0.1,0.15,0.1
3451,3451,Gambarana,09,Lombardia,0.15,0.15,0.1,0.15,0.1
3452,3452,Gambasca,12,Piemonte,0.15,0.15,0.1,0.15,0.1
3453,3453,Gambassi Terme,16,Toscana,0.15,0.15,0.1,0.15,0.1
3454,3454,Gambatesa,11,Molise,0.15,0.15,0.1,0.15,0.1
3455,3455,Gambellara,20,Veneto,0.15,0.15,0.1,0.15,0.1
3456,3456,Gamberale,01,Abruzzi,0.15,0.15,0.1,0.15,0.1
3457,3457,Gambettola,,Emilia-romagna",0.15,0.15,0.1,0.15,0.1
3458,3458,Gambolo,09,Lombardia,0.15,0.15,0.1,0.15,0.1
3459,3459,Gambugliano,20,Veneto,0.15,0.15,0.1,0.15,0.1
3460,3460,Gambulaga,,Emilia-romagna",0.15,0.15,0.1,0.15,0.1
3461,3461,Gandellino,09,Lombardia,0.15,0.15,0.1,0.15,0.1
3462,3462,Gandino,09,Lombardia,0.15,0.15,0.1,0.15,0.1
3463,3463,Gandosso,09,Lombardia,0.15,0.15,0.1,0.15,0.1
3464,3464,Gangi,,Autonoma Siciliana,0.15,0.15,0.1,0.15,0.1
3465,3465,Ganna,09,Lombardia,0.15,0.15,0.1,0.15,0.1
3466,3466,Ganzanigo,,Emilia-romagna",0.15,0.15,0.1,0.15,0.1
3467,3467,Garadassi,12,Piemonte,0.15,0.15,0.1,0.15,0.1
3468,3468,Garaguso,02,Basilicata,0.15,0.15,0.1,0.15,0.1
3469,3469,Garbagna,12,Piemonte,0.15,0.15,0.1,0.15,0.1
3470,3470,Garbagna Novarese,12,Piemonte,0.15,0.15,0.1,0.15,0.1
3471,3471,Garbagnate,09,Lombardia,0.15,0.15,0.1,0.15,0.1
3472,3472,Garbagnate Milanese,09,Lombardia,0.15,0.15,0.1,0.15,0.1
3473,3473,Garbagnate Monastero,09,Lombardia,0.15,0.15,0.1,0.15,0.1
3474,3474,Garda,20,Veneto,0.15,0.15,0.1,0.15,0.1
3475,3475,Gardola,09,Lombardia,0.15,0.15,0.1,0.15,0.1
3476,3476,Gardone Riviera,09,Lombardia,0.15,0.15,0.1,0.15,0.1
3477,3477,Gardone Val Trompia,09,Lombardia,0.15,0.15,0.1,0.15,0.1
3478,3478,Garessio,12,Piemonte,0.15,0.15,0.1,0.15,0.1
3479,3479,Gargallo,12,Piemonte,0.15,0.15,0.1,0.15,0.1
3480,3480,Gargallo,,Emilia-romagna",0.15,0.15,0.1,0.15,0.1
3481,3481,Gargazzone,17,Trentino-alto Adige,0.15,0.15,0.1,0.15,0.1
3482,3482,Gargnano,09,Lombardia,0.15,0.15,0.1,0.15,0.1
3483,3483,Garino,12,Piemonte,0.15,0.15,0.1,0.15,0.1
3484,3484,Garlasco,09,Lombardia,0.15,0.15,0.1,0.15,0.1
3485,3485,Garlate,09,Lombardia,0.15,0.15,0.1,0.15,0.1
3486,3486,Garlenda,,Liguria",0.15,0.15,0.1,0.15,0.1
3487,3487,Garofano,,Emilia-romagna",0.15,0.15,0.1,0.15,0.1
3488,3488,Garzeno,09,Lombardia,0.15,0.15,0.1,0.15,0.1
3489,3489,Garzigliana,12,Piemonte,0.15,0.15,0.1,0.15,0.1
3490,3490,Gasperina,03,Calabria,0.15,0.15,0.1,0.15,0.1
3491,3491,Gassino Torinese,12,Piemonte,0.15,0.15,0.1,0.15,0.1
3492,3492,Gattico,12,Piemonte,0.15,0.15,0.1,0.15,0.1
3493,3493,Gattinara,12,Piemonte,0.15,0.15,0.1,0.15,0.1
3494,3494,Gattorna,,Liguria",0.15,0.15,0.1,0.15,0.1
3495,3495,Gauro,04,Campania,0.15,0.15,0.1,0.15,0.1
3496,3496,Gavarno Rinnovata,09,Lombardia,0.15,0.15,0.1,0.15,0.1
3497,3497,Gavasseto,,Emilia-romagna",0.15,0.15,0.1,0.15,0.1
3498,3498,Gavazzana,12,Piemonte,0.15,0.15,0.1,0.15,0.1
3499,3499,Gavello,20,Veneto,0.15,0.15,0.1,0.15,0.1
3500,3500,Gaverina Terme,09,Lombardia,0.15,0.15,0.1,0.15,0.1
3501,3501,Gavi,12,Piemonte,0.15,0.15,0.1,0.15,0.1
3502,3502,Gavignano,07,Lazio,0.15,0.15,0.1,0.15,0.1
3503,3503,Gavignano Sabino,07,Lazio,0.15,0.15,0.1,0.15,0.1
3504,3504,Gavinana,16,Toscana,0.15,0.15,0.1,0.15,0.1
3505,3505,Gavirate,09,Lombardia,0.15,0.15,0.1,0.15,0.1
3506,3506,Gavoi,,Autonoma Della Sardegna,0.15,0.15,0.1,0.15,0.1
3507,3507,Gavorrano,16,Toscana,0.15,0.15,0.1,0.15,0.1
3508,3508,Gazzada Schianno,09,Lombardia,0.15,0.15,0.1,0.15,0.1
3509,3509,Gazzane,09,Lombardia,0.15,0.15,0.1,0.15,0.1
3510,3510,Gazzaniga,09,Lombardia,0.15,0.15,0.1,0.15,0.1
3511,3511,Gazzo,09,Lombardia,0.15,0.15,0.1,0.15,0.1
3512,3512,Gazzo,20,Veneto,0.15,0.15,0.1,0.15,0.1
3513,3513,Gazzola,,Emilia-romagna",0.15,0.15,0.1,0.15,0.1
3514,3514,Gazzuolo,09,Lombardia,0.15,0.15,0.1,0.15,0.1
3515,3515,Gela,,Autonoma Siciliana,0.15,0.15,0.1,0.15,0.1
3516,3516,Gello,16,Toscana,0.15,0.15,0.1,0.15,0.1
3517,3517,Gemini,13,Puglia,0.15,0.15,0.1,0.15,0.1
3518,3518,Gemmano,,Emilia-romagna",0.15,0.15,0.1,0.15,0.1
3519,3519,Gemona,06,Friuli-venezia Giulia,0.15,0.15,0.1,0.15,0.1
3520,3520,Gemonio,09,Lombardia,0.15,0.15,0.1,0.15,0.1
3521,3521,Genazzano,07,Lazio,0.15,0.15,0.1,0.15,0.1
3522,3522,Genga,10,Marche,0.15,0.15,0.1,0.15,0.1
3523,3523,Genivolta,09,Lombardia,0.15,0.15,0.1,0.15,0.1
3524,3524,Genola,12,Piemonte,0.15,0.15,0.1,0.15,0.1
3525,3525,Genoni,,Autonoma Della Sardegna,0.15,0.15,0.1,0.15,0.1
3526,3526,Genuri,,Autonoma Della Sardegna,0.15,0.15,0.1,0.15,0.1
3527,3527,Genzone,09,Lombardia,0.15,0.15,0.1,0.15,0.1
3528,3528,Gera Lario,09,Lombardia,0.15,0.15,0.1,0.15,0.1
3529,3529,Gerace,03,Calabria,0.15,0.15,0.1,0.15,0.1
3530,3530,Geraci Siculo,,Autonoma Siciliana,0.15,0.15,0.1,0.15,0.1
3531,3531,Gerano,07,Lazio,0.15,0.15,0.1,0.15,0.1
3532,3532,Gerbido,12,Piemonte,0.15,0.15,0.1,0.15,0.1
3533,3533,Gerbole,12,Piemonte,0.15,0.15,0.1,0.15,0.1
3534,3534,Gerenzago,09,Lombardia,0.15,0.15,0.1,0.15,0.1
3535,3535,Gerenzano,09,Lombardia,0.15,0.15,0.1,0.15,0.1
3536,3536,Gergei,,Autonoma Della Sardegna,0.15,0.15,0.1,0.15,0.1
3537,3537,Germagnano,12,Piemonte,0.15,0.15,0.1,0.15,0.1
3538,3538,Germagno,12,Piemonte,0.15,0.15,0.1,0.15,0.1
3539,3539,Germignaga,09,Lombardia,0.15,0.15,0.1,0.15,0.1
3540,3540,Gerocarne,03,Calabria,0.15,0.15,0.1,0.15,0.1
3541,3541,Gerola Alta,09,Lombardia,0.15,0.15,0.1,0.15,0.1
3542,3542,Geromina,09,Lombardia,0.15,0.15,0.1,0.15,0.1
3543,3543,Gerosa,09,Lombardia,0.15,0.15,0.1,0.15,0.1
3544,3544,Gesico,,Autonoma Della Sardegna,0.15,0.15,0.1,0.15,0.1
3545,3545,Gessate,09,Lombardia,0.15,0.15,0.1,0.15,0.1
3546,3546,Gesso,,Autonoma Siciliana,0.15,0.15,0.1,0.15,0.1
3547,3547,Gessopalena,01,Abruzzi,0.15,0.15,0.1,0.15,0.1
3548,3548,Gesturi,,Autonoma Della Sardegna,0.15,0.15,0.1,0.15,0.1
3549,3549,Gesualdo,04,Campania,0.15,0.15,0.1,0.15,0.1
3550,3550,Ghedi,09,Lombardia,0.15,0.15,0.1,0.15,0.1
3551,3551,Ghemme,12,Piemonte,0.15,0.15,0.1,0.15,0.1
3552,3552,Ghevio,12,Piemonte,0.15,0.15,0.1,0.15,0.1
3553,3553,Ghiaie,09,Lombardia,0.15,0.15,0.1,0.15,0.1
3554,3554,Ghiffa,12,Piemonte,0.15,0.15,0.1,0.15,0.1
3555,3555,Ghilarza,,Autonoma Della Sardegna,0.15,0.15,0.1,0.15,0.1
3556,3556,Ghirano,06,Friuli-venezia Giulia,0.15,0.15,0.1,0.15,0.1
3557,3557,Ghirla,09,Lombardia,0.15,0.15,0.1,0.15,0.1
3558,3558,Ghisalba,09,Lombardia,0.15,0.15,0.1,0.15,0.1
3559,3559,Ghislarengo,12,Piemonte,0.15,0.15,0.1,0.15,0.1
3560,3560,Giaglione,12,Piemonte,0.15,0.15,0.1,0.15,0.1
3561,3561,Giai,20,Veneto,0.15,0.15,0.1,0.15,0.1
3562,3562,Giais,06,Friuli-venezia Giulia,0.15,0.15,0.1,0.15,0.1
3563,3563,Giammoro,,Autonoma Siciliana,0.15,0.15,0.1,0.15,0.1
3564,3564,Giampilieri,,Autonoma Siciliana,0.15,0.15,0.1,0.15,0.1
3565,3565,Gianico,09,Lombardia,0.15,0.15,0.1,0.15,0.1
3566,3566,Giano Vetusto,04,Campania,0.15,0.15,0.1,0.15,0.1
3567,3567,Giardina Gallotti,,Autonoma Siciliana,0.15,0.15,0.1,0.15,0.1
3568,3568,Giardinello,,Autonoma Siciliana,0.15,0.15,0.1,0.15,0.1
3569,3569,Giardoni,04,Campania,0.15,0.15,0.1,0.15,0.1
3570,3570,Giarole,12,Piemonte,0.15,0.15,0.1,0.15,0.1
3571,3571,Giarratana,,Autonoma Siciliana,0.15,0.15,0.1,0.15,0.1
3572,3572,Giarre,,Autonoma Siciliana,0.15,0.15,0.1,0.15,0.1
3573,3573,Giave,,Autonoma Della Sardegna,0.15,0.15,0.1,0.15,0.1
3574,3574,Giavenale,20,Veneto,0.15,0.15,0.1,0.15,0.1
3575,3575,Giaveno,12,Piemonte,0.15,0.15,0.1,0.15,0.1
3576,3576,Giba,,Autonoma Della Sardegna,0.15,0.15,0.1,0.15,0.1
3577,3577,Gifflenga,12,Piemonte,0.15,0.15,0.1,0.15,0.1
3578,3578,Giffone,03,Calabria,0.15,0.15,0.1,0.15,0.1
3579,3579,Giffoni Valle Piana,04,Campania,0.15,0.15,0.1,0.15,0.1
3580,3580,Giglio Castello,16,Toscana,0.15,0.15,0.1,0.15,0.1
3581,3581,Giglio Porto,16,Toscana,0.15,0.15,0.1,0.15,0.1
3582,3582,Gignese,12,Piemonte,0.15,0.15,0.1,0.15,0.1
3583,3583,Gignod,,Autonoma Valle D'aosta,0.15,0.15,0.1,0.15,0.1
3584,3584,Gildone,11,Molise,0.15,0.15,0.1,0.15,0.1
3585,3585,Gimigliano,03,Calabria,0.15,0.15,0.1,0.15,0.1
3586,3586,Ginestra,02,Basilicata,0.15,0.15,0.1,0.15,0.1
3587,3587,Ginestra Fiorentina,16,Toscana,0.15,0.15,0.1,0.15,0.1
3588,3588,Ginosa,13,Puglia,0.15,0.15,0.1,0.15,0.1
3589,3589,Gioi,04,Campania,0.15,0.15,0.1,0.15,0.1
3590,3590,Gioia Sannitica,04,Campania,0.15,0.15,0.1,0.15,0.1
3591,3591,Gioia Tauro,03,Calabria,0.15,0.15,0.1,0.15,0.1
3592,3592,Gioiosa Ionica,03,Calabria,0.15,0.15,0.1,0.15,0.1
3593,3593,Gioiosa Marea,,Autonoma Siciliana,0.15,0.15,0.1,0.15,0.1
3594,3594,Giove,18,Umbria,0.15,0.15,0.1,0.15,0.1
3595,3595,Giovenzano,09,Lombardia,0.15,0.15,0.1,0.15,0.1
3596,3596,Giovinazzo,13,Puglia,0.15,0.15,0.1,0.15,0.1
3597,3597,Giovo,17,Trentino-alto Adige,0.15,0.15,0.1,0.15,0.1
3598,3598,Girasole,,Autonoma Della Sardegna,0.15,0.15,0.1,0.15,0.1
3599,3599,Girifalco,03,Calabria,0.15,0.15,0.1,0.15,0.1
3600,3600,Gissi,01,Abruzzi,0.15,0.15,0.1,0.15,0.1
3601,3601,Giudecca,20,Veneto,0.15,0.15,0.1,0.15,0.1
3602,3602,Giuggianello,13,Puglia,0.15,0.15,0.1,0.15,0.1
3603,3603,Giuliana,,Autonoma Siciliana,0.15,0.15,0.1,0.15,0.1
3604,3604,Giulianello,07,Lazio,0.15,0.15,0.1,0.15,0.1
3605,3605,Giuliano,13,Puglia,0.15,0.15,0.1,0.15,0.1
3606,3606,Giuliano Teatino,01,Abruzzi,0.15,0.15,0.1,0.15,0.1
3607,3607,Giulianova,01,Abruzzi,0.15,0.15,0.1,0.15,0.1
3608,3608,Giumarra,,Autonoma Siciliana,0.15,0.15,0.1,0.15,0.1
3609,3609,Giuncugnano,16,Toscana,0.15,0.15,0.1,0.15,0.1
3610,3610,Giungano,04,Campania,0.15,0.15,0.1,0.15,0.1
3611,3611,Giurdignano,13,Puglia,0.15,0.15,0.1,0.15,0.1
3612,3612,Giussago,09,Lombardia,0.15,0.15,0.1,0.15,0.1
3613,3613,Giussano,09,Lombardia,0.15,0.15,0.1,0.15,0.1
3614,3614,Giustenice,,Liguria",0.15,0.15,0.1,0.15,0.1
3615,3615,Giustino,17,Trentino-alto Adige,0.15,0.15,0.1,0.15,0.1
3616,3616,Giusvalla,,Liguria",0.15,0.15,0.1,0.15,0.1
3617,3617,Givoletto,12,Piemonte,0.15,0.15,0.1,0.15,0.1
3618,3618,Gizzeria,03,Calabria,0.15,0.15,0.1,0.15,0.1
3619,3619,Gleris,06,Friuli-venezia Giulia,0.15,0.15,0.1,0.15,0.1
3620,3620,Gliaca,,Autonoma Siciliana,0.15,0.15,0.1,0.15,0.1
3621,3621,Glorenza,17,Trentino-alto Adige,0.15,0.15,0.1,0.15,0.1
3622,3622,Glorie,,Emilia-romagna",0.15,0.15,0.1,0.15,0.1
3623,3623,Godega,20,Veneto,0.15,0.15,0.1,0.15,0.1
3624,3624,Godiasco,09,Lombardia,0.15,0.15,0.1,0.15,0.1
3625,3625,Godo,,Emilia-romagna",0.15,0.15,0.1,0.15,0.1
3626,3626,Godrano,,Autonoma Siciliana,0.15,0.15,0.1,0.15,0.1
3627,3627,Goito,09,Lombardia,0.15,0.15,0.1,0.15,0.1
3628,3628,Golasecca,09,Lombardia,0.15,0.15,0.1,0.15,0.1
3629,3629,Golferenzo,09,Lombardia,0.15,0.15,0.1,0.15,0.1
3630,3630,Golfo Aranci,,Autonoma Della Sardegna,0.15,0.15,0.1,0.15,0.1
3631,3631,Gombito,09,Lombardia,0.15,0.15,0.1,0.15,0.1
3632,3632,Gonars,06,Friuli-venezia Giulia,0.15,0.15,0.1,0.15,0.1
3633,3633,Goni,,Autonoma Della Sardegna,0.15,0.15,0.1,0.15,0.1
3634,3634,Gonnesa,,Autonoma Della Sardegna,0.15,0.15,0.1,0.15,0.1
3635,3635,Gonnoscodina,,Autonoma Della Sardegna,0.15,0.15,0.1,0.15,0.1
3636,3636,Gonnosfanadiga,,Autonoma Della Sardegna,0.15,0.15,0.1,0.15,0.1
3637,3637,Gonnosno,,Autonoma Della Sardegna,0.15,0.15,0.1,0.15,0.1
3638,3638,Gonnostramatza,,Autonoma Della Sardegna,0.15,0.15,0.1,0.15,0.1
3639,3639,Gonte,12,Piemonte,0.15,0.15,0.1,0.15,0.1
3640,3640,Gonzaga,09,Lombardia,0.15,0.15,0.1,0.15,0.1
3641,3641,Gordona,09,Lombardia,0.15,0.15,0.1,0.15,0.1
3642,3642,Gorfigliano,16,Toscana,0.15,0.15,0.1,0.15,0.1
3643,3643,Gorga,07,Lazio,0.15,0.15,0.1,0.15,0.1
3644,3644,Gorghetto,,Emilia-romagna",0.15,0.15,0.1,0.15,0.1
3645,3645,Gorgo,06,Friuli-venezia Giulia,0.15,0.15,0.1,0.15,0.1
3646,3646,Gorgofreddo,13,Puglia,0.15,0.15,0.1,0.15,0.1
3647,3647,Gorgoglione,02,Basilicata,0.15,0.15,0.1,0.15,0.1
3648,3648,Gorgonzola,09,Lombardia,0.15,0.15,0.1,0.15,0.1
3649,3649,Goriano Sicoli,01,Abruzzi,0.15,0.15,0.1,0.15,0.1
3650,3650,Gorino,,Emilia-romagna",0.15,0.15,0.1,0.15,0.1
3651,3651,Gorizia,06,Friuli-venezia Giulia,0.15,0.15,0.1,0.15,0.1
3652,3652,Gorla Maggiore,09,Lombardia,0.15,0.15,0.1,0.15,0.1
3653,3653,Gorla Minore,09,Lombardia,0.15,0.15,0.1,0.15,0.1
3654,3654,Gorlago,09,Lombardia,0.15,0.15,0.1,0.15,0.1
3655,3655,Gorle,09,Lombardia,0.15,0.15,0.1,0.15,0.1
3656,3656,Gornate Olona,09,Lombardia,0.15,0.15,0.1,0.15,0.1
3657,3657,Gornate Superiore,09,Lombardia,0.15,0.15,0.1,0.15,0.1
3658,3658,Gorno,09,Lombardia,0.15,0.15,0.1,0.15,0.1
3659,3659,Goro,,Emilia-romagna",0.15,0.15,0.1,0.15,0.1
3660,3660,Gorra,,Liguria",0.15,0.15,0.1,0.15,0.1
3661,3661,Gorreto,,Liguria",0.15,0.15,0.1,0.15,0.1
3662,3662,Gorzano,,Emilia-romagna",0.15,0.15,0.1,0.15,0.1
3663,3663,Gorzegno,12,Piemonte,0.15,0.15,0.1,0.15,0.1
3664,3664,Gosaldo,20,Veneto,0.15,0.15,0.1,0.15,0.1
3665,3665,Gossolengo,,Emilia-romagna",0.15,0.15,0.1,0.15,0.1
3666,3666,Gottasecca,12,Piemonte,0.15,0.15,0.1,0.15,0.1
3667,3667,Gottolengo,09,Lombardia,0.15,0.15,0.1,0.15,0.1
3668,3668,Govone,12,Piemonte,0.15,0.15,0.1,0.15,0.1
3669,3669,Gozzano,12,Piemonte,0.15,0.15,0.1,0.15,0.1
3670,3670,Gozzolina,09,Lombardia,0.15,0.15,0.1,0.15,0.1
3671,3671,Gracciano,16,Toscana,0.15,0.15,0.1,0.15,0.1
3672,3672,Gradara,10,Marche,0.15,0.15,0.1,0.15,0.1
3673,3673,Gradisca,06,Friuli-venezia Giulia,0.15,0.15,0.1,0.15,0.1
3674,3674,Grado,06,Friuli-venezia Giulia,0.15,0.15,0.1,0.15,0.1
3675,3675,Gradoli,07,Lazio,0.15,0.15,0.1,0.15,0.1
3676,3676,Graffignana,09,Lombardia,0.15,0.15,0.1,0.15,0.1
3677,3677,Graffignano,07,Lazio,0.15,0.15,0.1,0.15,0.1
3678,3678,Graglia,12,Piemonte,0.15,0.15,0.1,0.15,0.1
3679,3679,Gragnana,16,Toscana,0.15,0.15,0.1,0.15,0.1
3680,3680,Gragnano,04,Campania,0.15,0.15,0.1,0.15,0.1
3681,3681,Gragnano Trebbiense,,Emilia-romagna",0.15,0.15,0.1,0.15,0.1
3682,3682,Gragnola,16,Toscana,0.15,0.15,0.1,0.15,0.1
3683,3683,Grammichele,,Autonoma Siciliana,0.15,0.15,0.1,0.15,0.1
3684,3684,Grana,12,Piemonte,0.15,0.15,0.1,0.15,0.1
3685,3685,Granarolo,,Emilia-romagna",0.15,0.15,0.1,0.15,0.1
3686,3686,Grancona,20,Veneto,0.15,0.15,0.1,0.15,0.1
3687,3687,Grandate,09,Lombardia,0.15,0.15,0.1,0.15,0.1
3688,3688,Grangia,12,Piemonte,0.15,0.15,0.1,0.15,0.1
3689,3689,Graniti,,Autonoma Siciliana,0.15,0.15,0.1,0.15,0.1
3690,3690,Grantola,09,Lombardia,0.15,0.15,0.1,0.15,0.1
3691,3691,Grantorto,20,Veneto,0.15,0.15,0.1,0.15,0.1
3692,3692,Granvilla,06,Friuli-venezia Giulia,0.15,0.15,0.1,0.15,0.1
3693,3693,Granze,20,Veneto,0.15,0.15,0.1,0.15,0.1
3694,3694,Grassano,02,Basilicata,0.15,0.15,0.1,0.15,0.1
3695,3695,Grassobbio,09,Lombardia,0.15,0.15,0.1,0.15,0.1
3696,3696,Gratacasolo,09,Lombardia,0.15,0.15,0.1,0.15,0.1
3697,3697,Gratteri,,Autonoma Siciliana,0.15,0.15,0.1,0.15,0.1
3698,3698,Grauno,17,Trentino-alto Adige,0.15,0.15,0.1,0.15,0.1
3699,3699,Gravellona,09,Lombardia,0.15,0.15,0.1,0.15,0.1
3700,3700,Gravellona Toce,12,Piemonte,0.15,0.15,0.1,0.15,0.1
3701,3701,Gravere,12,Piemonte,0.15,0.15,0.1,0.15,0.1
3702,3702,Grazie,09,Lombardia,0.15,0.15,0.1,0.15,0.1
3703,3703,Grazzanise,04,Campania,0.15,0.15,0.1,0.15,0.1
3704,3704,Grazzano Badoglio,12,Piemonte,0.15,0.15,0.1,0.15,0.1
3705,3705,Greci,04,Campania,0.15,0.15,0.1,0.15,0.1
3706,3706,Greggio,12,Piemonte,0.15,0.15,0.1,0.15,0.1
3707,3707,Gremiasco,12,Piemonte,0.15,0.15,0.1,0.15,0.1
3708,3708,Gressan,,Autonoma Valle D'aosta,0.15,0.15,0.1,0.15,0.1
3709,3709,Grezzago,09,Lombardia,0.15,0.15,0.1,0.15,0.1
3710,3710,Grezzana,20,Veneto,0.15,0.15,0.1,0.15,0.1
3711,3711,Griante,09,Lombardia,0.15,0.15,0.1,0.15,0.1
3712,3712,Grignano,09,Lombardia,0.15,0.15,0.1,0.15,0.1
3713,3713,Grignano Polesine,20,Veneto,0.15,0.15,0.1,0.15,0.1
3714,3714,Grignasco,12,Piemonte,0.15,0.15,0.1,0.15,0.1
3715,3715,Grigno,17,Trentino-alto Adige,0.15,0.15,0.1,0.15,0.1
3716,3716,Grimaldi,03,Calabria,0.15,0.15,0.1,0.15,0.1
3717,3717,Grinzane Cavour,12,Piemonte,0.15,0.15,0.1,0.15,0.1
3718,3718,Grisi,,Autonoma Siciliana,0.15,0.15,0.1,0.15,0.1
3719,3719,Grisolia,03,Calabria,0.15,0.15,0.1,0.15,0.1
3720,3720,Grizzana,,Emilia-romagna",0.15,0.15,0.1,0.15,0.1
3721,3721,Grizzana Morandi,,Emilia-romagna",0.15,0.15,0.1,0.15,0.1
3722,3722,Grognardo,12,Piemonte,0.15,0.15,0.1,0.15,0.1
3723,3723,Gromlongo,09,Lombardia,0.15,0.15,0.1,0.15,0.1
3724,3724,Gromo,09,Lombardia,0.15,0.15,0.1,0.15,0.1
3725,3725,Grondona,12,Piemonte,0.15,0.15,0.1,0.15,0.1
3726,3726,Grone,09,Lombardia,0.15,0.15,0.1,0.15,0.1
3727,3727,Grontardo,09,Lombardia,0.15,0.15,0.1,0.15,0.1
3728,3728,Gropello Cairoli,09,Lombardia,0.15,0.15,0.1,0.15,0.1
3729,3729,Gropparello,,Emilia-romagna",0.15,0.15,0.1,0.15,0.1
3730,3730,Groscavallo,12,Piemonte,0.15,0.15,0.1,0.15,0.1
3731,3731,Grosio,09,Lombardia,0.15,0.15,0.1,0.15,0.1
3732,3732,Grosotto,09,Lombardia,0.15,0.15,0.1,0.15,0.1
3733,3733,Grosseto,16,Toscana,0.15,0.15,0.1,0.15,0.1
3734,3734,Grosso,12,Piemonte,0.15,0.15,0.1,0.15,0.1
3735,3735,Grottaccia,10,Marche,0.15,0.15,0.1,0.15,0.1
3736,3736,Grottaferrata,07,Lazio,0.15,0.15,0.1,0.15,0.1
3737,3737,Grottaglie,13,Puglia,0.15,0.15,0.1,0.15,0.1
3738,3738,Grottaminarda,04,Campania,0.15,0.15,0.1,0.15,0.1
3739,3739,Grottammare,10,Marche,0.15,0.15,0.1,0.15,0.1
3740,3740,Grottazzolina,10,Marche,0.15,0.15,0.1,0.15,0.1
3741,3741,Grotte,,Autonoma Siciliana,0.15,0.15,0.1,0.15,0.1
3742,3742,Grotte Santo Stefano,07,Lazio,0.15,0.15,0.1,0.15,0.1
3743,3743,Grotteria,03,Calabria,0.15,0.15,0.1,0.15,0.1
3744,3744,Grotti,07,Lazio,0.15,0.15,0.1,0.15,0.1
3745,3745,Grottola,04,Campania,0.15,0.15,0.1,0.15,0.1
3746,3746,Grottole,02,Basilicata,0.15,0.15,0.1,0.15,0.1
3747,3747,Grottolella,04,Campania,0.15,0.15,0.1,0.15,0.1
3748,3748,Gruaro,20,Veneto,0.15,0.15,0.1,0.15,0.1
3749,3749,Grugliasco,12,Piemonte,0.15,0.15,0.1,0.15,0.1
3750,3750,Grumello Cremonese,09,Lombardia,0.15,0.15,0.1,0.15,0.1
3751,3751,Grumento Nova,02,Basilicata,0.15,0.15,0.1,0.15,0.1
3752,3752,Grumes,17,Trentino-alto Adige,0.15,0.15,0.1,0.15,0.1
3753,3753,Grumo Appula,13,Puglia,0.15,0.15,0.1,0.15,0.1
3754,3754,Grumo Nevano,04,Campania,0.15,0.15,0.1,0.15,0.1
3755,3755,Grumolo Pedemonte,20,Veneto,0.15,0.15,0.1,0.15,0.1
3756,3756,Guagnano,13,Puglia,0.15,0.15,0.1,0.15,0.1
3757,3757,Gualdo,10,Marche,0.15,0.15,0.1,0.15,0.1
3758,3758,Gualdo,,Emilia-romagna",0.15,0.15,0.1,0.15,0.1
3759,3759,Gualdo Cattaneo,18,Umbria,0.15,0.15,0.1,0.15,0.1
3760,3760,Gualdo Tadino,18,Umbria,0.15,0.15,0.1,0.15,0.1
3761,3761,Gualtieri,,Emilia-romagna",0.15,0.15,0.1,0.15,0.1
3762,3762,Gualtieri Sicamino,,Autonoma Siciliana,0.15,0.15,0.1,0.15,0.1
3763,3763,Guamaggiore,,Autonoma Della Sardegna,0.15,0.15,0.1,0.15,0.1
3764,3764,Guanzate,09,Lombardia,0.15,0.15,0.1,0.15,0.1
3765,3765,Guarcino,07,Lazio,0.15,0.15,0.1,0.15,0.1
3766,3766,Guarda Veneta,20,Veneto,0.15,0.15,0.1,0.15,0.1
3767,3767,Guardabosone,12,Piemonte,0.15,0.15,0.1,0.15,0.1
3768,3768,Guardamiglio,09,Lombardia,0.15,0.15,0.1,0.15,0.1
3769,3769,Guardavalle,03,Calabria,0.15,0.15,0.1,0.15,0.1
3770,3770,Guardavalle Marina,03,Calabria,0.15,0.15,0.1,0.15,0.1
3771,3771,Guardea,18,Umbria,0.15,0.15,0.1,0.15,0.1
3772,3772,Guardia Lombardi,04,Campania,0.15,0.15,0.1,0.15,0.1
3773,3773,Guardia Perticara,02,Basilicata,0.15,0.15,0.1,0.15,0.1
3774,3774,Guardia Piemontese,03,Calabria,0.15,0.15,0.1,0.15,0.1
3775,3775,Guardia Sanframondi,04,Campania,0.15,0.15,0.1,0.15,0.1
3776,3776,Guardiagrele,01,Abruzzi,0.15,0.15,0.1,0.15,0.1
3777,3777,Guardialfiera,11,Molise,0.15,0.15,0.1,0.15,0.1
3778,3778,Guardiaregia,11,Molise,0.15,0.15,0.1,0.15,0.1
3779,3779,Guardistallo,16,Toscana,0.15,0.15,0.1,0.15,0.1
3780,3780,Guarene,12,Piemonte,0.15,0.15,0.1,0.15,0.1
3781,3781,Guarrato,,Autonoma Siciliana,0.15,0.15,0.1,0.15,0.1
3782,3782,Guasila,,Autonoma Della Sardegna,0.15,0.15,0.1,0.15,0.1
3783,3783,Guastalla,,Emilia-romagna",0.15,0.15,0.1,0.15,0.1
3784,3784,Guasticce,16,Toscana,0.15,0.15,0.1,0.15,0.1
3785,3785,Guazzino,16,Toscana,0.15,0.15,0.1,0.15,0.1
3786,3786,Guazzora,12,Piemonte,0.15,0.15,0.1,0.15,0.1
3787,3787,Gubbio,18,Umbria,0.15,0.15,0.1,0.15,0.1
3788,3788,Gudo Visconti,09,Lombardia,0.15,0.15,0.1,0.15,0.1
3789,3789,Guglionesi,11,Molise,0.15,0.15,0.1,0.15,0.1
3790,3790,Guia,20,Veneto,0.15,0.15,0.1,0.15,0.1
3791,3791,Guidizzolo,09,Lombardia,0.15,0.15,0.1,0.15,0.1
3792,3792,Guidomandri Marina,,Autonoma Siciliana,0.15,0.15,0.1,0.15,0.1
3793,3793,Guidonia,07,Lazio,0.15,0.15,0.1,0.15,0.1
3794,3794,Guidonia Montecelio,07,Lazio,0.15,0.15,0.1,0.15,0.1
3795,3795,Guiglia,,Emilia-romagna",0.15,0.15,0.1,0.15,0.1
3796,3796,Guilmi,01,Abruzzi,0.15,0.15,0.1,0.15,0.1
3797,3797,Guinzano,09,Lombardia,0.15,0.15,0.1,0.15,0.1
3798,3798,Gurro,12,Piemonte,0.15,0.15,0.1,0.15,0.1
3799,3799,Guspini,,Autonoma Della Sardegna,0.15,0.15,0.1,0.15,0.1
3800,3800,Gussago,09,Lombardia,0.15,0.15,0.1,0.15,0.1
3801,3801,Gussola,09,Lombardia,0.15,0.15,0.1,0.15,0.1
3802,3802,Hone,,Autonoma Valle D'aosta,0.15,0.15,0.1,0.15,0.1
3803,3803,Ialmicco,06,Friuli-venezia Giulia,0.15,0.15,0.1,0.15,0.1
3804,3804,Idro,09,Lombardia,0.15,0.15,0.1,0.15,0.1
3805,3805,Iesolo,20,Veneto,0.15,0.15,0.1,0.15,0.1
3806,3806,Iglesias,,Autonoma Della Sardegna,0.15,0.15,0.1,0.15,0.1
3807,3807,Igliano,12,Piemonte,0.15,0.15,0.1,0.15,0.1
3808,3808,Igne,20,Veneto,0.15,0.15,0.1,0.15,0.1
3809,3809,Il Fabbro,16,Toscana,0.15,0.15,0.1,0.15,0.1
3810,3810,Il Romito,16,Toscana,0.15,0.15,0.1,0.15,0.1
3811,3811,Il Rosi,16,Toscana,0.15,0.15,0.1,0.15,0.1
3812,3812,Ilbono,,Autonoma Della Sardegna,0.15,0.15,0.1,0.15,0.1
3813,3813,Illasi,20,Veneto,0.15,0.15,0.1,0.15,0.1
3814,3814,Illorai,,Autonoma Della Sardegna,0.15,0.15,0.1,0.15,0.1
3815,3815,Imbersago,09,Lombardia,0.15,0.15,0.1,0.15,0.1
3816,3816,Imer,17,Trentino-alto Adige,0.15,0.15,0.1,0.15,0.1
3817,3817,Imola,,Emilia-romagna",0.15,0.15,0.1,0.15,0.1
3818,3818,Impalata,13,Puglia,0.15,0.15,0.1,0.15,0.1
3819,3819,Imperia,,Liguria",0.15,0.15,0.1,0.15,0.1
3820,3820,Impruneta,16,Toscana,0.15,0.15,0.1,0.15,0.1
3821,3821,Inarzo,09,Lombardia,0.15,0.15,0.1,0.15,0.1
3822,3822,Incisa Scapaccino,12,Piemonte,0.15,0.15,0.1,0.15,0.1
3823,3823,Incudine,09,Lombardia,0.15,0.15,0.1,0.15,0.1
3824,3824,Indiprete,11,Molise,0.15,0.15,0.1,0.15,0.1
3825,3825,Induno Olona,09,Lombardia,0.15,0.15,0.1,0.15,0.1
3826,3826,Ingria,12,Piemonte,0.15,0.15,0.1,0.15,0.1
3827,3827,Intragna,12,Piemonte,0.15,0.15,0.1,0.15,0.1
3828,3828,Introbio,09,Lombardia,0.15,0.15,0.1,0.15,0.1
3829,3829,Introd,,Autonoma Valle D'aosta,0.15,0.15,0.1,0.15,0.1
3830,3830,Introdacqua,01,Abruzzi,0.15,0.15,0.1,0.15,0.1
3831,3831,Introzzo,09,Lombardia,0.15,0.15,0.1,0.15,0.1
3832,3832,Inverigo,09,Lombardia,0.15,0.15,0.1,0.15,0.1
3833,3833,Inverno,09,Lombardia,0.15,0.15,0.1,0.15,0.1
3834,3834,Inverso Pinasca,12,Piemonte,0.15,0.15,0.1,0.15,0.1
3835,3835,Inveruno,09,Lombardia,0.15,0.15,0.1,0.15,0.1
3836,3836,Invorio,12,Piemonte,0.15,0.15,0.1,0.15,0.1
3837,3837,Inzago,09,Lombardia,0.15,0.15,0.1,0.15,0.1
3838,3838,Ipplis,06,Friuli-venezia Giulia,0.15,0.15,0.1,0.15,0.1
3839,3839,Irgoli,,Autonoma Della Sardegna,0.15,0.15,0.1,0.15,0.1
3840,3840,Irma,09,Lombardia,0.15,0.15,0.1,0.15,0.1
3841,3841,Irsina,02,Basilicata,0.15,0.15,0.1,0.15,0.1
3842,3842,Is Urigus,,Autonoma Della Sardegna,0.15,0.15,0.1,0.15,0.1
3843,3843,Isasca,12,Piemonte,0.15,0.15,0.1,0.15,0.1
3844,3844,Isca Marina,03,Calabria,0.15,0.15,0.1,0.15,0.1
3845,3845,Ischia,04,Campania,0.15,0.15,0.1,0.15,0.1
3846,3846,Ischia Porto,04,Campania,0.15,0.15,0.1,0.15,0.1
3847,3847,Ischitella,13,Puglia,0.15,0.15,0.1,0.15,0.1
3848,3848,Iseo,09,Lombardia,0.15,0.15,0.1,0.15,0.1
3849,3849,Isera,17,Trentino-alto Adige,0.15,0.15,0.1,0.15,0.1
3850,3850,Isernia,11,Molise,0.15,0.15,0.1,0.15,0.1
3851,3851,Isili,,Autonoma Della Sardegna,0.15,0.15,0.1,0.15,0.1
3852,3852,Isnello,,Autonoma Siciliana,0.15,0.15,0.1,0.15,0.1
3853,3853,Isola,06,Friuli-venezia Giulia,0.15,0.15,0.1,0.15,0.1
3854,3854,Isola,16,Toscana,0.15,0.15,0.1,0.15,0.1
3855,3855,Isola D'Arbia,16,Toscana,0.15,0.15,0.1,0.15,0.1
3856,3856,Isola Dovarese,09,Lombardia,0.15,0.15,0.1,0.15,0.1
3857,3857,Isola Rizza,20,Veneto,0.15,0.15,0.1,0.15,0.1
3858,3858,Isola Sant'Antonio,12,Piemonte,0.15,0.15,0.1,0.15,0.1
3859,3859,Isola Vicentina,20,Veneto,0.15,0.15,0.1,0.15,0.1
3860,3860,Isolabella,12,Piemonte,0.15,0.15,0.1,0.15,0.1
3861,3861,Isolabona,,Liguria",0.15,0.15,0.1,0.15,0.1
3862,3862,Isolaccia,09,Lombardia,0.15,0.15,0.1,0.15,0.1
3863,3863,Isolalta,20,Veneto,0.15,0.15,0.1,0.15,0.1
3864,3864,Isole Tremiti,13,Puglia,0.15,0.15,0.1,0.15,0.1
3865,3865,Isorella,09,Lombardia,0.15,0.15,0.1,0.15,0.1
3866,3866,Isorelle,,Liguria",0.15,0.15,0.1,0.15,0.1
3867,3867,Isoverde,,Liguria",0.15,0.15,0.1,0.15,0.1
3868,3868,Ispani,04,Campania,0.15,0.15,0.1,0.15,0.1
3869,3869,Ispica,,Autonoma Siciliana,0.15,0.15,0.1,0.15,0.1
3870,3870,Ispra,09,Lombardia,0.15,0.15,0.1,0.15,0.1
3871,3871,Issiglio,12,Piemonte,0.15,0.15,0.1,0.15,0.1
3872,3872,Issime,,Autonoma Valle D'aosta,0.15,0.15,0.1,0.15,0.1
3873,3873,Isso,09,Lombardia,0.15,0.15,0.1,0.15,0.1
3874,3874,Issogne,,Autonoma Valle D'aosta,0.15,0.15,0.1,0.15,0.1
3875,3875,Istrana,20,Veneto,0.15,0.15,0.1,0.15,0.1
3876,3876,Itala,,Autonoma Siciliana,0.15,0.15,0.1,0.15,0.1
3877,3877,Itala Marina,,Autonoma Siciliana,0.15,0.15,0.1,0.15,0.1
3878,3878,Itri,07,Lazio,0.15,0.15,0.1,0.15,0.1
3879,3879,Ittireddu,,Autonoma Della Sardegna,0.15,0.15,0.1,0.15,0.1
3880,3880,Ittiri,,Autonoma Della Sardegna,0.15,0.15,0.1,0.15,0.1
3881,3881,Ivrea,12,Piemonte,0.15,0.15,0.1,0.15,0.1
3882,3882,Izano,09,Lombardia,0.15,0.15,0.1,0.15,0.1
3883,3883,Jacurso,03,Calabria,0.15,0.15,0.1,0.15,0.1
3884,3884,Jelsi,11,Molise,0.15,0.15,0.1,0.15,0.1
3885,3885,Jenne,07,Lazio,0.15,0.15,0.1,0.15,0.1
3886,3886,Jerago Con Orago,09,Lombardia,0.15,0.15,0.1,0.15,0.1
3887,3887,Jerzu,,Autonoma Della Sardegna,0.15,0.15,0.1,0.15,0.1
3888,3888,Jesi,10,Marche,0.15,0.15,0.1,0.15,0.1
3889,3889,Jonadi,03,Calabria,0.15,0.15,0.1,0.15,0.1
3890,3890,Joppolo,03,Calabria,0.15,0.15,0.1,0.15,0.1
3891,3891,Joppolo Giancaxio,,Autonoma Siciliana,0.15,0.15,0.1,0.15,0.1
3892,3892,Jovencan,,Autonoma Valle D'aosta,0.15,0.15,0.1,0.15,0.1
3893,3893,Kamma,,Autonoma Siciliana,0.15,0.15,0.1,0.15,0.1
3894,3894,L'Aquila,01,Abruzzi,0.15,0.15,0.1,0.15,0.1
3895,3895,La Borra,16,Toscana,0.15,0.15,0.1,0.15,0.1
3896,3896,La Botte,07,Lazio,0.15,0.15,0.1,0.15,0.1
3897,3897,La Caletta,,Autonoma Della Sardegna,0.15,0.15,0.1,0.15,0.1
3898,3898,La California,16,Toscana,0.15,0.15,0.1,0.15,0.1
3899,3899,La Cassa,12,Piemonte,0.15,0.15,0.1,0.15,0.1
3900,3900,La Fiora,07,Lazio,0.15,0.15,0.1,0.15,0.1
3901,3901,La Forma,07,Lazio,0.15,0.15,0.1,0.15,0.1
3902,3902,La Gala,,Autonoma Siciliana,0.15,0.15,0.1,0.15,0.1
3903,3903,La Grande,,Emilia-romagna",0.15,0.15,0.1,0.15,0.1
3904,3904,La Loggia,12,Piemonte,0.15,0.15,0.1,0.15,0.1
3905,3905,La Luce,10,Marche,0.15,0.15,0.1,0.15,0.1
3906,3906,La Maddalena,,Autonoma Della Sardegna,0.15,0.15,0.1,0.15,0.1
3907,3907,La Magdeleine,,Autonoma Valle D'aosta,0.15,0.15,0.1,0.15,0.1
3908,3908,La Martella,02,Basilicata,0.15,0.15,0.1,0.15,0.1
3909,3909,La Morra,12,Piemonte,0.15,0.15,0.1,0.15,0.1
3910,3910,La Muddizza,,Autonoma Della Sardegna,0.15,0.15,0.1,0.15,0.1
3911,3911,La Place,,Autonoma Valle D'aosta,0.15,0.15,0.1,0.15,0.1
3912,3912,La Rotta,16,Toscana,0.15,0.15,0.1,0.15,0.1
3913,3913,La Salle,,Autonoma Valle D'aosta,0.15,0.15,0.1,0.15,0.1
3914,3914,La Serra,16,Toscana,0.15,0.15,0.1,0.15,0.1
3915,3915,La Spezia,,Liguria",0.15,0.15,0.1,0.15,0.1
3916,3916,La Thuile,,Autonoma Valle D'aosta,0.15,0.15,0.1,0.15,0.1
3917,3917,La Valle Agordina,20,Veneto,0.15,0.15,0.1,0.15,0.1
3918,3918,La Vecchia,,Emilia-romagna",0.15,0.15,0.1,0.15,0.1
3919,3919,La Villa,17,Trentino-alto Adige,0.15,0.15,0.1,0.15,0.1
3920,3920,La Villa,12,Piemonte,0.15,0.15,0.1,0.15,0.1
3921,3921,Labico,07,Lazio,0.15,0.15,0.1,0.15,0.1
3922,3922,Labro,07,Lazio,0.15,0.15,0.1,0.15,0.1
3923,3923,Lacchiarella,09,Lombardia,0.15,0.15,0.1,0.15,0.1
3924,3924,Lacco Ameno,04,Campania,0.15,0.15,0.1,0.15,0.1
3925,3925,Lacedonia,04,Campania,0.15,0.15,0.1,0.15,0.1
3926,3926,Laces,17,Trentino-alto Adige,0.15,0.15,0.1,0.15,0.1
3927,3927,Laconi,,Autonoma Della Sardegna,0.15,0.15,0.1,0.15,0.1
3928,3928,Ladispoli,07,Lazio,0.15,0.15,0.1,0.15,0.1
3929,3929,Laerru,,Autonoma Della Sardegna,0.15,0.15,0.1,0.15,0.1
3930,3930,Laganadi,03,Calabria,0.15,0.15,0.1,0.15,0.1
3931,3931,Lagaro,,Emilia-romagna",0.15,0.15,0.1,0.15,0.1
3932,3932,Laghetti,17,Trentino-alto Adige,0.15,0.15,0.1,0.15,0.1
3933,3933,Laghetto,07,Lazio,0.15,0.15,0.1,0.15,0.1
3934,3934,Laghi,20,Veneto,0.15,0.15,0.1,0.15,0.1
3935,3935,Laglio,09,Lombardia,0.15,0.15,0.1,0.15,0.1
3936,3936,Lagnasco,12,Piemonte,0.15,0.15,0.1,0.15,0.1
3937,3937,Lago,03,Calabria,0.15,0.15,0.1,0.15,0.1
3938,3938,Lago,20,Veneto,0.15,0.15,0.1,0.15,0.1
3939,3939,Lagonegro,02,Basilicata,0.15,0.15,0.1,0.15,0.1
3940,3940,Lagopesole,02,Basilicata,0.15,0.15,0.1,0.15,0.1
3941,3941,Lagosanto,,Emilia-romagna",0.15,0.15,0.1,0.15,0.1
3942,3942,Lagundo,17,Trentino-alto Adige,0.15,0.15,0.1,0.15,0.1
3943,3943,Laigueglia,,Liguria",0.15,0.15,0.1,0.15,0.1
3944,3944,Lainate,09,Lombardia,0.15,0.15,0.1,0.15,0.1
3945,3945,Laino,09,Lombardia,0.15,0.15,0.1,0.15,0.1
3946,3946,Laino Borgo,03,Calabria,0.15,0.15,0.1,0.15,0.1
3947,3947,Laion,17,Trentino-alto Adige,0.15,0.15,0.1,0.15,0.1
3948,3948,Laise,03,Calabria,0.15,0.15,0.1,0.15,0.1
3949,3949,Laives,17,Trentino-alto Adige,0.15,0.15,0.1,0.15,0.1
3950,3950,Lajatico,16,Toscana,0.15,0.15,0.1,0.15,0.1
3951,3951,Lallio,09,Lombardia,0.15,0.15,0.1,0.15,0.1
3952,3952,Lama,,Emilia-romagna",0.15,0.15,0.1,0.15,0.1
3953,3953,Lama Pezzoli,20,Veneto,0.15,0.15,0.1,0.15,0.1
3954,3954,Lambrinia,09,Lombardia,0.15,0.15,0.1,0.15,0.1
3955,3955,Lambrugo,09,Lombardia,0.15,0.15,0.1,0.15,0.1
3956,3956,Lamezia Terme,03,Calabria,0.15,0.15,0.1,0.15,0.1
3957,3957,Lamie,13,Puglia,0.15,0.15,0.1,0.15,0.1
3958,3958,Lamon,20,Veneto,0.15,0.15,0.1,0.15,0.1
3959,3959,Lamosano,20,Veneto,0.15,0.15,0.1,0.15,0.1
3960,3960,Lampedusa,,Autonoma Siciliana,0.15,0.15,0.1,0.15,0.1
3961,3961,Lamporecchio,16,Toscana,0.15,0.15,0.1,0.15,0.1
3962,3962,Lamporo,12,Piemonte,0.15,0.15,0.1,0.15,0.1
3963,3963,Lana,17,Trentino-alto Adige,0.15,0.15,0.1,0.15,0.1
3964,3964,Lanciano,01,Abruzzi,0.15,0.15,0.1,0.15,0.1
3965,3965,Landiona,12,Piemonte,0.15,0.15,0.1,0.15,0.1
3966,3966,Landriano,09,Lombardia,0.15,0.15,0.1,0.15,0.1
3967,3967,Langhirano,,Emilia-romagna",0.15,0.15,0.1,0.15,0.1
3968,3968,Langosco,09,Lombardia,0.15,0.15,0.1,0.15,0.1
3969,3969,Lanusei,,Autonoma Della Sardegna,0.15,0.15,0.1,0.15,0.1
3970,3970,Lanuvio,07,Lazio,0.15,0.15,0.1,0.15,0.1
3971,3971,Lanzada,09,Lombardia,0.15,0.15,0.1,0.15,0.1
3972,3972,Lanzara,04,Campania,0.15,0.15,0.1,0.15,0.1
3973,3973,Lanze,20,Veneto,0.15,0.15,0.1,0.15,0.1
3974,3974,Lanzo Torinese,12,Piemonte,0.15,0.15,0.1,0.15,0.1
3975,3975,Lapedona,10,Marche,0.15,0.15,0.1,0.15,0.1
3976,3976,Lapio,04,Campania,0.15,0.15,0.1,0.15,0.1
3977,3977,Lappano,03,Calabria,0.15,0.15,0.1,0.15,0.1
3978,3978,Larciano,16,Toscana,0.15,0.15,0.1,0.15,0.1
3979,3979,Lardaro,17,Trentino-alto Adige,0.15,0.15,0.1,0.15,0.1
3980,3980,Larderia,,Autonoma Siciliana,0.15,0.15,0.1,0.15,0.1
3981,3981,Lardirago,09,Lombardia,0.15,0.15,0.1,0.15,0.1
3982,3982,Lari,16,Toscana,0.15,0.15,0.1,0.15,0.1
3983,3983,Lariano,07,Lazio,0.15,0.15,0.1,0.15,0.1
3984,3984,Larino,11,Molise,0.15,0.15,0.1,0.15,0.1
3985,3985,Las Plassas,,Autonoma Della Sardegna,0.15,0.15,0.1,0.15,0.1
3986,3986,Lasa,17,Trentino-alto Adige,0.15,0.15,0.1,0.15,0.1
3987,3987,Lascari,,Autonoma Siciliana,0.15,0.15,0.1,0.15,0.1
3988,3988,Lases,17,Trentino-alto Adige,0.15,0.15,0.1,0.15,0.1
3989,3989,Lasino,17,Trentino-alto Adige,0.15,0.15,0.1,0.15,0.1
3990,3990,Lasnigo,09,Lombardia,0.15,0.15,0.1,0.15,0.1
3991,3991,Lassolaz,,Autonoma Valle D'aosta,0.15,0.15,0.1,0.15,0.1
3992,3992,Lastebasse,20,Veneto,0.15,0.15,0.1,0.15,0.1
3993,3993,Latera,07,Lazio,0.15,0.15,0.1,0.15,0.1
3994,3994,Laterina,16,Toscana,0.15,0.15,0.1,0.15,0.1
3995,3995,Laterza,13,Puglia,0.15,0.15,0.1,0.15,0.1
3996,3996,Latiano,13,Puglia,0.15,0.15,0.1,0.15,0.1
3997,3997,Latignano,16,Toscana,0.15,0.15,0.1,0.15,0.1
3998,3998,Latina,04,Campania,0.15,0.15,0.1,0.15,0.1
3999,3999,Latina,07,Lazio,0.15,0.15,0.1,0.15,0.1
4000,4000,Latina Scalo,07,Lazio,0.15,0.15,0.1,0.15,0.1
4001,4001,Latisana,06,Friuli-venezia Giulia,0.15,0.15,0.1,0.15,0.1
4002,4002,Latronico,02,Basilicata,0.15,0.15,0.1,0.15,0.1
4003,4003,Lattarico,03,Calabria,0.15,0.15,0.1,0.15,0.1
4004,4004,Latte,,Liguria",0.15,0.15,0.1,0.15,0.1
4005,4005,Lauco,06,Friuli-venezia Giulia,0.15,0.15,0.1,0.15,0.1
4006,4006,Laudes,17,Trentino-alto Adige,0.15,0.15,0.1,0.15,0.1
4007,4007,Laura,04,Campania,0.15,0.15,0.1,0.15,0.1
4008,4008,Laureana Cilento,04,Campania,0.15,0.15,0.1,0.15,0.1
4009,4009,Lauregno,17,Trentino-alto Adige,0.15,0.15,0.1,0.15,0.1
4010,4010,Laurenzana,02,Basilicata,0.15,0.15,0.1,0.15,0.1
4011,4011,Lauria,02,Basilicata,0.15,0.15,0.1,0.15,0.1
4012,4012,Lauriano,12,Piemonte,0.15,0.15,0.1,0.15,0.1
4013,4013,Laurignano,03,Calabria,0.15,0.15,0.1,0.15,0.1
4014,4014,Laurino,04,Campania,0.15,0.15,0.1,0.15,0.1
4015,4015,Laurito,04,Campania,0.15,0.15,0.1,0.15,0.1
4016,4016,Lauro,04,Campania,0.15,0.15,0.1,0.15,0.1
4017,4017,Lauzacco,06,Friuli-venezia Giulia,0.15,0.15,0.1,0.15,0.1
4018,4018,Lavagna,,Liguria",0.15,0.15,0.1,0.15,0.1
4019,4019,Lavagna,09,Lombardia,0.15,0.15,0.1,0.15,0.1
4020,4020,Lavagno,20,Veneto,0.15,0.15,0.1,0.15,0.1
4021,4021,Lavaiano,16,Toscana,0.15,0.15,0.1,0.15,0.1
4022,4022,Lavariano,06,Friuli-venezia Giulia,0.15,0.15,0.1,0.15,0.1
4023,4023,Lavello,02,Basilicata,0.15,0.15,0.1,0.15,0.1
4024,4024,Lavena Ponte Tresa,09,Lombardia,0.15,0.15,0.1,0.15,0.1
4025,4025,Laveno,09,Lombardia,0.15,0.15,0.1,0.15,0.1
4026,4026,Lavenone,09,Lombardia,0.15,0.15,0.1,0.15,0.1
4027,4027,Lavezzola,,Emilia-romagna",0.15,0.15,0.1,0.15,0.1
4028,4028,Laviano,04,Campania,0.15,0.15,0.1,0.15,0.1
4029,4029,Lavinio,07,Lazio,0.15,0.15,0.1,0.15,0.1
4030,4030,Lavis,17,Trentino-alto Adige,0.15,0.15,0.1,0.15,0.1
4031,4031,Laxolo,09,Lombardia,0.15,0.15,0.1,0.15,0.1
4032,4032,Lazfons,17,Trentino-alto Adige,0.15,0.15,0.1,0.15,0.1
4033,4033,Lazise,20,Veneto,0.15,0.15,0.1,0.15,0.1
4034,4034,Lazzaro,03,Calabria,0.15,0.15,0.1,0.15,0.1
4035,4035,Lazzate,09,Lombardia,0.15,0.15,0.1,0.15,0.1
4036,4036,Lazzeretto,16,Toscana,0.15,0.15,0.1,0.15,0.1
4037,4037,Le Botteghe,16,Toscana,0.15,0.15,0.1,0.15,0.1
4038,4038,Le Castella,03,Calabria,0.15,0.15,0.1,0.15,0.1
4039,4039,Le Cozze,10,Marche,0.15,0.15,0.1,0.15,0.1
4040,4040,Le Forna,07,Lazio,0.15,0.15,0.1,0.15,0.1
4041,4041,Le Grazie,,Liguria",0.15,0.15,0.1,0.15,0.1
4042,4042,Le Rughe,07,Lazio,0.15,0.15,0.1,0.15,0.1
4043,4043,Lecce,13,Puglia,0.15,0.15,0.1,0.15,0.1
4044,4044,Lecce Nei Marsi,01,Abruzzi,0.15,0.15,0.1,0.15,0.1
4045,4045,Leccio,16,Toscana,0.15,0.15,0.1,0.15,0.1
4046,4046,Lecco,09,Lombardia,0.15,0.15,0.1,0.15,0.1
4047,4047,Leffe,09,Lombardia,0.15,0.15,0.1,0.15,0.1
4048,4048,Leggiuno,09,Lombardia,0.15,0.15,0.1,0.15,0.1
4049,4049,Legnago,20,Veneto,0.15,0.15,0.1,0.15,0.1
4050,4050,Legnano,09,Lombardia,0.15,0.15,0.1,0.15,0.1
4051,4051,Legnaro,20,Veneto,0.15,0.15,0.1,0.15,0.1
4052,4052,Lei,,Autonoma Della Sardegna,0.15,0.15,0.1,0.15,0.1
4053,4053,Leini,12,Piemonte,0.15,0.15,0.1,0.15,0.1
4054,4054,Leivi,,Liguria",0.15,0.15,0.1,0.15,0.1
4055,4055,Lemie,12,Piemonte,0.15,0.15,0.1,0.15,0.1
4056,4056,Lemna,09,Lombardia,0.15,0.15,0.1,0.15,0.1
4057,4057,Lendinara,20,Veneto,0.15,0.15,0.1,0.15,0.1
4058,4058,Leni,,Autonoma Siciliana,0.15,0.15,0.1,0.15,0.1
4059,4059,Lenna,09,Lombardia,0.15,0.15,0.1,0.15,0.1
4060,4060,Lenno,09,Lombardia,0.15,0.15,0.1,0.15,0.1
4061,4061,Leno,09,Lombardia,0.15,0.15,0.1,0.15,0.1
4062,4062,Lenola,07,Lazio,0.15,0.15,0.1,0.15,0.1
4063,4063,Lenta,12,Piemonte,0.15,0.15,0.1,0.15,0.1
4064,4064,Lentella,01,Abruzzi,0.15,0.15,0.1,0.15,0.1
4065,4065,Lentiai,20,Veneto,0.15,0.15,0.1,0.15,0.1
4066,4066,Lentini,,Autonoma Siciliana,0.15,0.15,0.1,0.15,0.1
4067,4067,Lentiscosa,04,Campania,0.15,0.15,0.1,0.15,0.1
4068,4068,Leonessa,07,Lazio,0.15,0.15,0.1,0.15,0.1
4069,4069,Leonforte,,Autonoma Siciliana,0.15,0.15,0.1,0.15,0.1
4070,4070,Leporano,13,Puglia,0.15,0.15,0.1,0.15,0.1
4071,4071,Leporano Marina,13,Puglia,0.15,0.15,0.1,0.15,0.1
4072,4072,Lequile,13,Puglia,0.15,0.15,0.1,0.15,0.1
4073,4073,Lequio Berria,12,Piemonte,0.15,0.15,0.1,0.15,0.1
4074,4074,Lequio Tanaro,12,Piemonte,0.15,0.15,0.1,0.15,0.1
4075,4075,Lerca,,Liguria",0.15,0.15,0.1,0.15,0.1
4076,4076,Lercara Friddi,,Autonoma Siciliana,0.15,0.15,0.1,0.15,0.1
4077,4077,Lerchi,18,Umbria,0.15,0.15,0.1,0.15,0.1
4078,4078,Lerici,,Liguria",0.15,0.15,0.1,0.15,0.1
4079,4079,Lerma,12,Piemonte,0.15,0.15,0.1,0.15,0.1
4080,4080,Lesa,12,Piemonte,0.15,0.15,0.1,0.15,0.1
4081,4081,Lesegno,12,Piemonte,0.15,0.15,0.1,0.15,0.1
4082,4082,Lesignana,,Emilia-romagna",0.15,0.15,0.1,0.15,0.1
4083,4083,Lesina,13,Puglia,0.15,0.15,0.1,0.15,0.1
4084,4084,Lesmo,09,Lombardia,0.15,0.15,0.1,0.15,0.1
4085,4085,Lesna,12,Piemonte,0.15,0.15,0.1,0.15,0.1
4086,4086,Lessolo,12,Piemonte,0.15,0.15,0.1,0.15,0.1
4087,4087,Lessona,12,Piemonte,0.15,0.15,0.1,0.15,0.1
4088,4088,Lestans,06,Friuli-venezia Giulia,0.15,0.15,0.1,0.15,0.1
4089,4089,Lestizza,06,Friuli-venezia Giulia,0.15,0.15,0.1,0.15,0.1
4090,4090,Letino,04,Campania,0.15,0.15,0.1,0.15,0.1
4091,4091,Letojanni,,Autonoma Siciliana,0.15,0.15,0.1,0.15,0.1
4092,4092,Lettere,04,Campania,0.15,0.15,0.1,0.15,0.1
4093,4093,Lettomanoppello,01,Abruzzi,0.15,0.15,0.1,0.15,0.1
4094,4094,Lettopalena,01,Abruzzi,0.15,0.15,0.1,0.15,0.1
4095,4095,Leuca,13,Puglia,0.15,0.15,0.1,0.15,0.1
4096,4096,Leva,20,Veneto,0.15,0.15,0.1,0.15,0.1
4097,4097,Levada,20,Veneto,0.15,0.15,0.1,0.15,0.1
4098,4098,Levaldigi,12,Piemonte,0.15,0.15,0.1,0.15,0.1
4099,4099,Levanto,,Liguria",0.15,0.15,0.1,0.15,0.1
4100,4100,Levata,09,Lombardia,0.15,0.15,0.1,0.15,0.1
4101,4101,Levate,09,Lombardia,0.15,0.15,0.1,0.15,0.1
4102,4102,Levego,20,Veneto,0.15,0.15,0.1,0.15,0.1
4103,4103,Leverano,13,Puglia,0.15,0.15,0.1,0.15,0.1
4104,4104,Levice,12,Piemonte,0.15,0.15,0.1,0.15,0.1
4105,4105,Levico Terme,17,Trentino-alto Adige,0.15,0.15,0.1,0.15,0.1
4106,4106,Levizzano Rangone,,Emilia-romagna",0.15,0.15,0.1,0.15,0.1
4107,4107,Levone,12,Piemonte,0.15,0.15,0.1,0.15,0.1
4108,4108,Lezzeno,09,Lombardia,0.15,0.15,0.1,0.15,0.1
4109,4109,Liberi,04,Campania,0.15,0.15,0.1,0.15,0.1
4110,4110,Libiola,09,Lombardia,0.15,0.15,0.1,0.15,0.1
4111,4111,Librizzi,,Autonoma Siciliana,0.15,0.15,0.1,0.15,0.1
4112,4112,Licata,,Autonoma Siciliana,0.15,0.15,0.1,0.15,0.1
4113,4113,Licciana Nardi,16,Toscana,0.15,0.15,0.1,0.15,0.1
4114,4114,Licenza,07,Lazio,0.15,0.15,0.1,0.15,0.1
4115,4115,Licodia Eubea,,Autonoma Siciliana,0.15,0.15,0.1,0.15,0.1
4116,4116,Licusati,04,Campania,0.15,0.15,0.1,0.15,0.1
4117,4117,Lido,20,Veneto,0.15,0.15,0.1,0.15,0.1
4118,4118,Lido,02,Basilicata,0.15,0.15,0.1,0.15,0.1
4119,4119,Lido Adriano,,Emilia-romagna",0.15,0.15,0.1,0.15,0.1
4120,4120,Liedolo,20,Veneto,0.15,0.15,0.1,0.15,0.1
4121,4121,Lierna,09,Lombardia,0.15,0.15,0.1,0.15,0.1
4122,4122,Lignana,12,Piemonte,0.15,0.15,0.1,0.15,0.1
4123,4123,Lignano Sabbiadoro,06,Friuli-venezia Giulia,0.15,0.15,0.1,0.15,0.1
4124,4124,Ligonchio,,Emilia-romagna",0.15,0.15,0.1,0.15,0.1
4125,4125,Ligosullo,06,Friuli-venezia Giulia,0.15,0.15,0.1,0.15,0.1
4126,4126,Lillianes,,Autonoma Valle D'aosta,0.15,0.15,0.1,0.15,0.1
4127,4127,Limana,20,Veneto,0.15,0.15,0.1,0.15,0.1
4128,4128,Limatola,04,Campania,0.15,0.15,0.1,0.15,0.1
4129,4129,Limbiate,09,Lombardia,0.15,0.15,0.1,0.15,0.1
4130,4130,Limena,20,Veneto,0.15,0.15,0.1,0.15,0.1
4131,4131,Limidi,,Emilia-romagna",0.15,0.15,0.1,0.15,0.1
4132,4132,Limido Comasco,09,Lombardia,0.15,0.15,0.1,0.15,0.1
4133,4133,Limina,,Autonoma Siciliana,0.15,0.15,0.1,0.15,0.1
4134,4134,Limite,16,Toscana,0.15,0.15,0.1,0.15,0.1
4135,4135,Limone Piemonte,12,Piemonte,0.15,0.15,0.1,0.15,0.1
4136,4136,Limosano,11,Molise,0.15,0.15,0.1,0.15,0.1
4137,4137,Linarolo,09,Lombardia,0.15,0.15,0.1,0.15,0.1
4138,4138,Linate,09,Lombardia,0.15,0.15,0.1,0.15,0.1
4139,4139,Linera,,Autonoma Siciliana,0.15,0.15,0.1,0.15,0.1
4140,4140,Linguaglossa,,Autonoma Siciliana,0.15,0.15,0.1,0.15,0.1
4141,4141,Lioni,04,Campania,0.15,0.15,0.1,0.15,0.1
4142,4142,Lipari,,Autonoma Siciliana,0.15,0.15,0.1,0.15,0.1
4143,4143,Lipomo,09,Lombardia,0.15,0.15,0.1,0.15,0.1
4144,4144,Lirio,09,Lombardia,0.15,0.15,0.1,0.15,0.1
4145,4145,Lisanza,09,Lombardia,0.15,0.15,0.1,0.15,0.1
4146,4146,Liscate,09,Lombardia,0.15,0.15,0.1,0.15,0.1
4147,4147,Liscia,01,Abruzzi,0.15,0.15,0.1,0.15,0.1
4148,4148,Lisciano Niccone,18,Umbria,0.15,0.15,0.1,0.15,0.1
4149,4149,Lisiera,20,Veneto,0.15,0.15,0.1,0.15,0.1
4150,4150,Lisignago,17,Trentino-alto Adige,0.15,0.15,0.1,0.15,0.1
4151,4151,Lisio,12,Piemonte,0.15,0.15,0.1,0.15,0.1
4152,4152,Lissone,09,Lombardia,0.15,0.15,0.1,0.15,0.1
4153,4153,Liveri,04,Campania,0.15,0.15,0.1,0.15,0.1
4154,4154,Livigno,09,Lombardia,0.15,0.15,0.1,0.15,0.1
4155,4155,Livo,17,Trentino-alto Adige,0.15,0.15,0.1,0.15,0.1
4156,4156,Livo,09,Lombardia,0.15,0.15,0.1,0.15,0.1
4157,4157,Livorno,16,Toscana,0.15,0.15,0.1,0.15,0.1
4158,4158,Livorno Ferraris,12,Piemonte,0.15,0.15,0.1,0.15,0.1
4159,4159,Livraga,09,Lombardia,0.15,0.15,0.1,0.15,0.1
4160,4160,Lizzanello,13,Puglia,0.15,0.15,0.1,0.15,0.1
4161,4161,Lizzano,13,Puglia,0.15,0.15,0.1,0.15,0.1
4162,4162,Loano,,Liguria",0.15,0.15,0.1,0.15,0.1
4163,4163,Loazzolo,12,Piemonte,0.15,0.15,0.1,0.15,0.1
4164,4164,Lobbi,12,Piemonte,0.15,0.15,0.1,0.15,0.1
4165,4165,Locana,12,Piemonte,0.15,0.15,0.1,0.15,0.1
4166,4166,Locara,20,Veneto,0.15,0.15,0.1,0.15,0.1
4167,4167,Locate Varesino,09,Lombardia,0.15,0.15,0.1,0.15,0.1
4168,4168,Locatello,09,Lombardia,0.15,0.15,0.1,0.15,0.1
4169,4169,Loceri,,Autonoma Della Sardegna,0.15,0.15,0.1,0.15,0.1
4170,4170,Locogrande,,Autonoma Siciliana,0.15,0.15,0.1,0.15,0.1
4171,4171,Locorotondo,13,Puglia,0.15,0.15,0.1,0.15,0.1
4172,4172,Locri,03,Calabria,0.15,0.15,0.1,0.15,0.1
4173,4173,Loculi,,Autonoma Della Sardegna,0.15,0.15,0.1,0.15,0.1
4174,4174,Lode,,Autonoma Della Sardegna,0.15,0.15,0.1,0.15,0.1
4175,4175,Lodetto,09,Lombardia,0.15,0.15,0.1,0.15,0.1
4176,4176,Lodi,09,Lombardia,0.15,0.15,0.1,0.15,0.1
4177,4177,Lodi Vecchio,09,Lombardia,0.15,0.15,0.1,0.15,0.1
4178,4178,Lodine,,Autonoma Della Sardegna,0.15,0.15,0.1,0.15,0.1
4179,4179,Lodrino,09,Lombardia,0.15,0.15,0.1,0.15,0.1
4180,4180,Lograto,09,Lombardia,0.15,0.15,0.1,0.15,0.1
4181,4181,Loiano,,Emilia-romagna",0.15,0.15,0.1,0.15,0.1
4182,4182,Loiri Porto San Paolo,,Autonoma Della Sardegna,0.15,0.15,0.1,0.15,0.1
4183,4183,Lomagna,09,Lombardia,0.15,0.15,0.1,0.15,0.1
4184,4184,Lomazzo,09,Lombardia,0.15,0.15,0.1,0.15,0.1
4185,4185,Lombardore,12,Piemonte,0.15,0.15,0.1,0.15,0.1
4186,4186,Lombriasco,12,Piemonte,0.15,0.15,0.1,0.15,0.1
4187,4187,Lomello,09,Lombardia,0.15,0.15,0.1,0.15,0.1
4188,4188,Lonate Ceppino,09,Lombardia,0.15,0.15,0.1,0.15,0.1
4189,4189,Lonate Pozzolo,09,Lombardia,0.15,0.15,0.1,0.15,0.1
4190,4190,Lonato,09,Lombardia,0.15,0.15,0.1,0.15,0.1
4191,4191,Londa,16,Toscana,0.15,0.15,0.1,0.15,0.1
4192,4192,Longa,20,Veneto,0.15,0.15,0.1,0.15,0.1
4193,4193,Longano,11,Molise,0.15,0.15,0.1,0.15,0.1
4194,4194,Longara,,Emilia-romagna",0.15,0.15,0.1,0.15,0.1
4195,4195,Longare,20,Veneto,0.15,0.15,0.1,0.15,0.1
4196,4196,Longarone,20,Veneto,0.15,0.15,0.1,0.15,0.1
4197,4197,Longastrino,,Emilia-romagna",0.15,0.15,0.1,0.15,0.1
4198,4198,Longhena,09,Lombardia,0.15,0.15,0.1,0.15,0.1
4199,4199,Longi,,Autonoma Siciliana,0.15,0.15,0.1,0.15,0.1
4200,4200,Longiano,,Emilia-romagna",0.15,0.15,0.1,0.15,0.1
4201,4201,Longobardi,03,Calabria,0.15,0.15,0.1,0.15,0.1
4202,4202,Longobucco,03,Calabria,0.15,0.15,0.1,0.15,0.1
4203,4203,Longone Sabino,07,Lazio,0.15,0.15,0.1,0.15,0.1
4204,4204,Lonigo,20,Veneto,0.15,0.15,0.1,0.15,0.1
4205,4205,Loranze,12,Piemonte,0.15,0.15,0.1,0.15,0.1
4206,4206,Loreggia,20,Veneto,0.15,0.15,0.1,0.15,0.1
4207,4207,Loreggiola,20,Veneto,0.15,0.15,0.1,0.15,0.1
4208,4208,Loreglia,12,Piemonte,0.15,0.15,0.1,0.15,0.1
4209,4209,Lorenzana,16,Toscana,0.15,0.15,0.1,0.15,0.1
4210,4210,Loreo,20,Veneto,0.15,0.15,0.1,0.15,0.1
4211,4211,Loreto,10,Marche,0.15,0.15,0.1,0.15,0.1
4212,4212,Loreto Aprutino,01,Abruzzi,0.15,0.15,0.1,0.15,0.1
4213,4213,Loreto Stazione,10,Marche,0.15,0.15,0.1,0.15,0.1
4214,4214,Loro Ciuffenna,16,Toscana,0.15,0.15,0.1,0.15,0.1
4215,4215,Loro Piceno,10,Marche,0.15,0.15,0.1,0.15,0.1
4216,4216,Lorsica,,Liguria",0.15,0.15,0.1,0.15,0.1
4217,4217,Loseto,13,Puglia,0.15,0.15,0.1,0.15,0.1
4218,4218,Losine,09,Lombardia,0.15,0.15,0.1,0.15,0.1
4219,4219,Lotzorai,,Autonoma Della Sardegna,0.15,0.15,0.1,0.15,0.1
4220,4220,Lova,20,Veneto,0.15,0.15,0.1,0.15,0.1
4221,4221,Lovere,09,Lombardia,0.15,0.15,0.1,0.15,0.1
4222,4222,Lovero,09,Lombardia,0.15,0.15,0.1,0.15,0.1
4223,4223,Lovoleto,,Emilia-romagna",0.15,0.15,0.1,0.15,0.1
4224,4224,Lozio,09,Lombardia,0.15,0.15,0.1,0.15,0.1
4225,4225,Lozza,09,Lombardia,0.15,0.15,0.1,0.15,0.1
4226,4226,Lozzo Atestino,20,Veneto,0.15,0.15,0.1,0.15,0.1
4227,4227,Lozzolo,12,Piemonte,0.15,0.15,0.1,0.15,0.1
4228,4228,Lu,12,Piemonte,0.15,0.15,0.1,0.15,0.1
4229,4229,Lu Bagnu,,Autonoma Della Sardegna,0.15,0.15,0.1,0.15,0.1
4230,4230,Lubriano,07,Lazio,0.15,0.15,0.1,0.15,0.1
4231,4231,Lucca,16,Toscana,0.15,0.15,0.1,0.15,0.1
4232,4232,Lucca Sicula,,Autonoma Siciliana,0.15,0.15,0.1,0.15,0.1
4233,4233,Lucera,13,Puglia,0.15,0.15,0.1,0.15,0.1
4234,4234,Lucignano,16,Toscana,0.15,0.15,0.1,0.15,0.1
4235,4235,Lucinasco,,Liguria",0.15,0.15,0.1,0.15,0.1
4236,4236,Lucino,09,Lombardia,0.15,0.15,0.1,0.15,0.1
4237,4237,Lucito,11,Molise,0.15,0.15,0.1,0.15,0.1
4238,4238,Luco Mugello,16,Toscana,0.15,0.15,0.1,0.15,0.1
4239,4239,Lucoli,01,Abruzzi,0.15,0.15,0.1,0.15,0.1
4240,4240,Lucrezia,10,Marche,0.15,0.15,0.1,0.15,0.1
4241,4241,Lucugnano,13,Puglia,0.15,0.15,0.1,0.15,0.1
4242,4242,Ludriano,09,Lombardia,0.15,0.15,0.1,0.15,0.1
4243,4243,Lugagnano,20,Veneto,0.15,0.15,0.1,0.15,0.1
4244,4244,Lughetto,20,Veneto,0.15,0.15,0.1,0.15,0.1
4245,4245,Lughignano,20,Veneto,0.15,0.15,0.1,0.15,0.1
4246,4246,Lugnacco,12,Piemonte,0.15,0.15,0.1,0.15,0.1
4247,4247,Lugo,,Emilia-romagna",0.15,0.15,0.1,0.15,0.1
4248,4248,Lugugnana,20,Veneto,0.15,0.15,0.1,0.15,0.1
4249,4249,Luino,09,Lombardia,0.15,0.15,0.1,0.15,0.1
4250,4250,Luisago,09,Lombardia,0.15,0.15,0.1,0.15,0.1
4251,4251,Lula,,Autonoma Della Sardegna,0.15,0.15,0.1,0.15,0.1
4252,4252,Lumellogno,12,Piemonte,0.15,0.15,0.1,0.15,0.1
4253,4253,Lumezzane,09,Lombardia,0.15,0.15,0.1,0.15,0.1
4254,4254,Lumignacco,06,Friuli-venezia Giulia,0.15,0.15,0.1,0.15,0.1
4255,4255,Lumignano,20,Veneto,0.15,0.15,0.1,0.15,0.1
4256,4256,Lunamatrona,,Autonoma Della Sardegna,0.15,0.15,0.1,0.15,0.1
4257,4257,Lunano,10,Marche,0.15,0.15,0.1,0.15,0.1
4258,4258,Lungavilla,09,Lombardia,0.15,0.15,0.1,0.15,0.1
4259,4259,Lungro,03,Calabria,0.15,0.15,0.1,0.15,0.1
4260,4260,Luni Mare,,Liguria",0.15,0.15,0.1,0.15,0.1
4261,4261,Luogosano,04,Campania,0.15,0.15,0.1,0.15,0.1
4262,4262,Luogosanto,,Autonoma Della Sardegna,0.15,0.15,0.1,0.15,0.1
4263,4263,Lupara,11,Molise,0.15,0.15,0.1,0.15,0.1
4264,4264,Lurago Marinone,09,Lombardia,0.15,0.15,0.1,0.15,0.1
4265,4265,Lurano,09,Lombardia,0.15,0.15,0.1,0.15,0.1
4266,4266,Luras,,Autonoma Della Sardegna,0.15,0.15,0.1,0.15,0.1
4267,4267,Lurate Caccivio,09,Lombardia,0.15,0.15,0.1,0.15,0.1
4268,4268,Lusciano,04,Campania,0.15,0.15,0.1,0.15,0.1
4269,4269,Luserna,12,Piemonte,0.15,0.15,0.1,0.15,0.1
4270,4270,Luserna,17,Trentino-alto Adige,0.15,0.15,0.1,0.15,0.1
4271,4271,Lusernetta,12,Piemonte,0.15,0.15,0.1,0.15,0.1
4272,4272,Lusevera,06,Friuli-venezia Giulia,0.15,0.15,0.1,0.15,0.1
4273,4273,Lusia,20,Veneto,0.15,0.15,0.1,0.15,0.1
4274,4274,Lusiana,20,Veneto,0.15,0.15,0.1,0.15,0.1
4275,4275,Lusiglie,12,Piemonte,0.15,0.15,0.1,0.15,0.1
4276,4276,Lustra,04,Campania,0.15,0.15,0.1,0.15,0.1
4277,4277,Lusurasco,,Emilia-romagna",0.15,0.15,0.1,0.15,0.1
4278,4278,Lutago,17,Trentino-alto Adige,0.15,0.15,0.1,0.15,0.1
4279,4279,Lutrano,20,Veneto,0.15,0.15,0.1,0.15,0.1
4280,4280,Luvinate,09,Lombardia,0.15,0.15,0.1,0.15,0.1
4281,4281,Luzzana,09,Lombardia,0.15,0.15,0.1,0.15,0.1
4282,4282,Luzzano,04,Campania,0.15,0.15,0.1,0.15,0.1
4283,4283,Luzzara,,Emilia-romagna",0.15,0.15,0.1,0.15,0.1
4284,4284,Luzzi,03,Calabria,0.15,0.15,0.1,0.15,0.1
4285,4285,Maccacari,20,Veneto,0.15,0.15,0.1,0.15,0.1
4286,4286,Maccagno,09,Lombardia,0.15,0.15,0.1,0.15,0.1
4287,4287,Maccarese,07,Lazio,0.15,0.15,0.1,0.15,0.1
4288,4288,Maccaretolo,,Emilia-romagna",0.15,0.15,0.1,0.15,0.1
4289,4289,Maccastorna,09,Lombardia,0.15,0.15,0.1,0.15,0.1
4290,4290,Macchia,04,Campania,0.15,0.15,0.1,0.15,0.1
4291,4291,Macchia,03,Calabria,0.15,0.15,0.1,0.15,0.1
4292,4292,Macchia Valfortore,11,Molise,0.15,0.15,0.1,0.15,0.1
4293,4293,Macchiagodena,11,Molise,0.15,0.15,0.1,0.15,0.1
4294,4294,Macchie,18,Umbria,0.15,0.15,0.1,0.15,0.1
4295,4295,Macello,12,Piemonte,0.15,0.15,0.1,0.15,0.1
4296,4296,Macerata,10,Marche,0.15,0.15,0.1,0.15,0.1
4297,4297,Macerata Campania,04,Campania,0.15,0.15,0.1,0.15,0.1
4298,4298,Macerata Feltria,10,Marche,0.15,0.15,0.1,0.15,0.1
4299,4299,Macere,07,Lazio,0.15,0.15,0.1,0.15,0.1
4300,4300,Macherio,09,Lombardia,0.15,0.15,0.1,0.15,0.1
4301,4301,Maclodio,09,Lombardia,0.15,0.15,0.1,0.15,0.1
4302,4302,Macomer,,Autonoma Della Sardegna,0.15,0.15,0.1,0.15,0.1
4303,4303,Macra,12,Piemonte,0.15,0.15,0.1,0.15,0.1
4304,4304,Macugnaga,12,Piemonte,0.15,0.15,0.1,0.15,0.1
4305,4305,Maddalena,09,Lombardia,0.15,0.15,0.1,0.15,0.1
4306,4306,Maddaloni,04,Campania,0.15,0.15,0.1,0.15,0.1
4307,4307,Madignano,09,Lombardia,0.15,0.15,0.1,0.15,0.1
4308,4308,Madone,09,Lombardia,0.15,0.15,0.1,0.15,0.1
4309,4309,Madonna,09,Lombardia,0.15,0.15,0.1,0.15,0.1
4310,4310,Madonna Dell'Albero,,Emilia-romagna",0.15,0.15,0.1,0.15,0.1
4311,4311,Madonna Pozzo Guacito,13,Puglia,0.15,0.15,0.1,0.15,0.1
4312,4312,Madregolo,,Emilia-romagna",0.15,0.15,0.1,0.15,0.1
4313,4313,Madrigale,16,Toscana,0.15,0.15,0.1,0.15,0.1
4314,4314,Madrisio,06,Friuli-venezia Giulia,0.15,0.15,0.1,0.15,0.1
4315,4315,Maenza,07,Lazio,0.15,0.15,0.1,0.15,0.1
4316,4316,Maerne,20,Veneto,0.15,0.15,0.1,0.15,0.1
4317,4317,Mafalda,11,Molise,0.15,0.15,0.1,0.15,0.1
4318,4318,Magasa,09,Lombardia,0.15,0.15,0.1,0.15,0.1
4319,4319,Magazzeno,04,Campania,0.15,0.15,0.1,0.15,0.1
4320,4320,Magenta,09,Lombardia,0.15,0.15,0.1,0.15,0.1
4321,4321,Maggio,,Emilia-romagna",0.15,0.15,0.1,0.15,0.1
4322,4322,Maggio,09,Lombardia,0.15,0.15,0.1,0.15,0.1
4323,4323,Maggiora,12,Piemonte,0.15,0.15,0.1,0.15,0.1
4324,4324,Magherno,09,Lombardia,0.15,0.15,0.1,0.15,0.1
4325,4325,Magione,18,Umbria,0.15,0.15,0.1,0.15,0.1
4326,4326,Magisano,03,Calabria,0.15,0.15,0.1,0.15,0.1
4327,4327,Magliano,13,Puglia,0.15,0.15,0.1,0.15,0.1
4328,4328,Magliano Alfieri,12,Piemonte,0.15,0.15,0.1,0.15,0.1
4329,4329,Magliano Alpi,12,Piemonte,0.15,0.15,0.1,0.15,0.1
4330,4330,Magliano Romano,07,Lazio,0.15,0.15,0.1,0.15,0.1
4331,4331,Magliano Sabina,07,Lazio,0.15,0.15,0.1,0.15,0.1
4332,4332,Magliano Vetere,04,Campania,0.15,0.15,0.1,0.15,0.1
4333,4333,Maglie,13,Puglia,0.15,0.15,0.1,0.15,0.1
4334,4334,Magliolo,,Liguria",0.15,0.15,0.1,0.15,0.1
4335,4335,Maglione,12,Piemonte,0.15,0.15,0.1,0.15,0.1
4336,4336,Magnacavallo,09,Lombardia,0.15,0.15,0.1,0.15,0.1
4337,4337,Magnago,09,Lombardia,0.15,0.15,0.1,0.15,0.1
4338,4338,Magnano,02,Basilicata,0.15,0.15,0.1,0.15,0.1
4339,4339,Magnano,12,Piemonte,0.15,0.15,0.1,0.15,0.1
4340,4340,Magno,09,Lombardia,0.15,0.15,0.1,0.15,0.1
4341,4341,Magomadas,,Autonoma Della Sardegna,0.15,0.15,0.1,0.15,0.1
4342,4342,Magreglio,09,Lombardia,0.15,0.15,0.1,0.15,0.1
4343,4343,Magreta,,Emilia-romagna",0.15,0.15,0.1,0.15,0.1
4344,4344,Magugnano,20,Veneto,0.15,0.15,0.1,0.15,0.1
4345,4345,Maida,03,Calabria,0.15,0.15,0.1,0.15,0.1
4346,4346,Maiera,03,Calabria,0.15,0.15,0.1,0.15,0.1
4347,4347,Maierato,03,Calabria,0.15,0.15,0.1,0.15,0.1
4348,4348,Maiolati Spontini,10,Marche,0.15,0.15,0.1,0.15,0.1
4349,4349,Maiori,04,Campania,0.15,0.15,0.1,0.15,0.1
4350,4350,Mairago,09,Lombardia,0.15,0.15,0.1,0.15,0.1
4351,4351,Mairano,09,Lombardia,0.15,0.15,0.1,0.15,0.1
4352,4352,Maissana,,Liguria",0.15,0.15,0.1,0.15,0.1
4353,4353,Majano,06,Friuli-venezia Giulia,0.15,0.15,0.1,0.15,0.1
4354,4354,Malagnino,09,Lombardia,0.15,0.15,0.1,0.15,0.1
4355,4355,Malalbergo,,Emilia-romagna",0.15,0.15,0.1,0.15,0.1
4356,4356,Malanghero,12,Piemonte,0.15,0.15,0.1,0.15,0.1
4357,4357,Malavicina,09,Lombardia,0.15,0.15,0.1,0.15,0.1
4358,4358,Malborghetto,06,Friuli-venezia Giulia,0.15,0.15,0.1,0.15,0.1
4359,4359,Malcesine,20,Veneto,0.15,0.15,0.1,0.15,0.1
4360,4360,Male,17,Trentino-alto Adige,0.15,0.15,0.1,0.15,0.1
4361,4361,Malegno,09,Lombardia,0.15,0.15,0.1,0.15,0.1
4362,4362,Maleo,09,Lombardia,0.15,0.15,0.1,0.15,0.1
4363,4363,Malesco,12,Piemonte,0.15,0.15,0.1,0.15,0.1
4364,4364,Maletto,,Autonoma Siciliana,0.15,0.15,0.1,0.15,0.1
4365,4365,Malfa,,Autonoma Siciliana,0.15,0.15,0.1,0.15,0.1
4366,4366,Malgesso,09,Lombardia,0.15,0.15,0.1,0.15,0.1
4367,4367,Malgrate,09,Lombardia,0.15,0.15,0.1,0.15,0.1
4368,4368,Malito,03,Calabria,0.15,0.15,0.1,0.15,0.1
4369,4369,Mallare,,Liguria",0.15,0.15,0.1,0.15,0.1
4370,4370,Malles Venosta,17,Trentino-alto Adige,0.15,0.15,0.1,0.15,0.1
4371,4371,Malmantile,16,Toscana,0.15,0.15,0.1,0.15,0.1
4372,4372,Malnate,09,Lombardia,0.15,0.15,0.1,0.15,0.1
4373,4373,Malo,20,Veneto,0.15,0.15,0.1,0.15,0.1
4374,4374,Malonno,09,Lombardia,0.15,0.15,0.1,0.15,0.1
4375,4375,Malosco,17,Trentino-alto Adige,0.15,0.15,0.1,0.15,0.1
4376,4376,Maltignano,10,Marche,0.15,0.15,0.1,0.15,0.1
4377,4377,Malvagna,,Autonoma Siciliana,0.15,0.15,0.1,0.15,0.1
4378,4378,Malvicino,12,Piemonte,0.15,0.15,0.1,0.15,0.1
4379,4379,Malvito,03,Calabria,0.15,0.15,0.1,0.15,0.1
4380,4380,Mamiano,,Emilia-romagna",0.15,0.15,0.1,0.15,0.1
4381,4381,Mammola,03,Calabria,0.15,0.15,0.1,0.15,0.1
4382,4382,Mamoiada,,Autonoma Della Sardegna,0.15,0.15,0.1,0.15,0.1
4383,4383,Manciano,16,Toscana,0.15,0.15,0.1,0.15,0.1
4384,4384,Mandanici,,Autonoma Siciliana,0.15,0.15,0.1,0.15,0.1
4385,4385,Mandas,,Autonoma Della Sardegna,0.15,0.15,0.1,0.15,0.1
4386,4386,Mandatoriccio,03,Calabria,0.15,0.15,0.1,0.15,0.1
4387,4387,Mandela,07,Lazio,0.15,0.15,0.1,0.15,0.1
4388,4388,Mandello Vitta,12,Piemonte,0.15,0.15,0.1,0.15,0.1
4389,4389,Mandrio,,Emilia-romagna",0.15,0.15,0.1,0.15,0.1
4390,4390,Mandrogne,12,Piemonte,0.15,0.15,0.1,0.15,0.1
4391,4391,Manduria,13,Puglia,0.15,0.15,0.1,0.15,0.1
4392,4392,Manera,09,Lombardia,0.15,0.15,0.1,0.15,0.1
4393,4393,Manerbio,09,Lombardia,0.15,0.15,0.1,0.15,0.1
4394,4394,Manesseno,,Liguria",0.15,0.15,0.1,0.15,0.1
4395,4395,Manfredonia,13,Puglia,0.15,0.15,0.1,0.15,0.1
4396,4396,Mango,12,Piemonte,0.15,0.15,0.1,0.15,0.1
4397,4397,Mangone,03,Calabria,0.15,0.15,0.1,0.15,0.1
4398,4398,Maniace,,Autonoma Siciliana,0.15,0.15,0.1,0.15,0.1
4399,4399,Maniago,06,Friuli-venezia Giulia,0.15,0.15,0.1,0.15,0.1
4400,4400,Manocalzati,04,Campania,0.15,0.15,0.1,0.15,0.1
4401,4401,Manoppello,01,Abruzzi,0.15,0.15,0.1,0.15,0.1
4402,4402,Manoppello Scalo,01,Abruzzi,0.15,0.15,0.1,0.15,0.1
4403,4403,Mansue,20,Veneto,0.15,0.15,0.1,0.15,0.1
4404,4404,Manta,12,Piemonte,0.15,0.15,0.1,0.15,0.1
4405,4405,Mantegazza,09,Lombardia,0.15,0.15,0.1,0.15,0.1
4406,4406,Mantello,09,Lombardia,0.15,0.15,0.1,0.15,0.1
4407,4407,Mantignana,18,Umbria,0.15,0.15,0.1,0.15,0.1
4408,4408,Mantova,09,Lombardia,0.15,0.15,0.1,0.15,0.1
4409,4409,Manzano,06,Friuli-venezia Giulia,0.15,0.15,0.1,0.15,0.1
4410,4410,Manziana,07,Lazio,0.15,0.15,0.1,0.15,0.1
4411,4411,Manzolino,,Emilia-romagna",0.15,0.15,0.1,0.15,0.1
4412,4412,Mapello,09,Lombardia,0.15,0.15,0.1,0.15,0.1
4413,4413,Mappano,12,Piemonte,0.15,0.15,0.1,0.15,0.1
4414,4414,Mara,,Autonoma Della Sardegna,0.15,0.15,0.1,0.15,0.1
4415,4415,Maracalagonis,,Autonoma Della Sardegna,0.15,0.15,0.1,0.15,0.1
4416,4416,Maragnole,20,Veneto,0.15,0.15,0.1,0.15,0.1
4417,4417,Marana,01,Abruzzi,0.15,0.15,0.1,0.15,0.1
4418,4418,Marane,01,Abruzzi,0.15,0.15,0.1,0.15,0.1
4419,4419,Maranello,,Emilia-romagna",0.15,0.15,0.1,0.15,0.1
4420,4420,Marano,,Emilia-romagna",0.15,0.15,0.1,0.15,0.1
4421,4421,Marano,20,Veneto,0.15,0.15,0.1,0.15,0.1
4422,4422,Marano Equo,07,Lazio,0.15,0.15,0.1,0.15,0.1
4423,4423,Marano Lagunare,06,Friuli-venezia Giulia,0.15,0.15,0.1,0.15,0.1
4424,4424,Marano Marchesato,03,Calabria,0.15,0.15,0.1,0.15,0.1
4425,4425,Marano Principato,03,Calabria,0.15,0.15,0.1,0.15,0.1
4426,4426,Marano Ticino,12,Piemonte,0.15,0.15,0.1,0.15,0.1
4427,4427,Marano Vicentino,20,Veneto,0.15,0.15,0.1,0.15,0.1
4428,4428,Maranza,17,Trentino-alto Adige,0.15,0.15,0.1,0.15,0.1
4429,4429,Maranzana,12,Piemonte,0.15,0.15,0.1,0.15,0.1
4430,4430,Maratea,02,Basilicata,0.15,0.15,0.1,0.15,0.1
4431,4431,Marausa,,Autonoma Siciliana,0.15,0.15,0.1,0.15,0.1
4432,4432,Marcallo,09,Lombardia,0.15,0.15,0.1,0.15,0.1
4433,4433,Marcaria,09,Lombardia,0.15,0.15,0.1,0.15,0.1
4434,4434,Marcedusa,03,Calabria,0.15,0.15,0.1,0.15,0.1
4435,4435,Marcellano,18,Umbria,0.15,0.15,0.1,0.15,0.1
4436,4436,Marcelli,10,Marche,0.15,0.15,0.1,0.15,0.1
4437,4437,Marcellina,03,Calabria,0.15,0.15,0.1,0.15,0.1
4438,4438,Marcellina,07,Lazio,0.15,0.15,0.1,0.15,0.1
4439,4439,Marcellinara,03,Calabria,0.15,0.15,0.1,0.15,0.1
4440,4440,Marcellise,20,Veneto,0.15,0.15,0.1,0.15,0.1
4441,4441,Marcetelli,07,Lazio,0.15,0.15,0.1,0.15,0.1
4442,4442,Marcheno,09,Lombardia,0.15,0.15,0.1,0.15,0.1
4443,4443,Marchirolo,09,Lombardia,0.15,0.15,0.1,0.15,0.1
4444,4444,Marciana,16,Toscana,0.15,0.15,0.1,0.15,0.1
4445,4445,Marciana Marina,16,Toscana,0.15,0.15,0.1,0.15,0.1
4446,4446,Marcianise,04,Campania,0.15,0.15,0.1,0.15,0.1
4447,4447,Marciano,16,Toscana,0.15,0.15,0.1,0.15,0.1
4448,4448,Marcignago,09,Lombardia,0.15,0.15,0.1,0.15,0.1
4449,4449,Marcignana,16,Toscana,0.15,0.15,0.1,0.15,0.1
4450,4450,Marco,17,Trentino-alto Adige,0.15,0.15,0.1,0.15,0.1
4451,4451,Marconia,02,Basilicata,0.15,0.15,0.1,0.15,0.1
4452,4452,Mardimago,20,Veneto,0.15,0.15,0.1,0.15,0.1
4453,4453,Marene,12,Piemonte,0.15,0.15,0.1,0.15,0.1
4454,4454,Marentino,12,Piemonte,0.15,0.15,0.1,0.15,0.1
4455,4455,Maresso,09,Lombardia,0.15,0.15,0.1,0.15,0.1
4456,4456,Mareta,17,Trentino-alto Adige,0.15,0.15,0.1,0.15,0.1
4457,4457,Marettimo,,Autonoma Siciliana,0.15,0.15,0.1,0.15,0.1
4458,4458,Maretto,12,Piemonte,0.15,0.15,0.1,0.15,0.1
4459,4459,Margarita,12,Piemonte,0.15,0.15,0.1,0.15,0.1
4460,4460,Marginone,16,Toscana,0.15,0.15,0.1,0.15,0.1
4461,4461,Margno,09,Lombardia,0.15,0.15,0.1,0.15,0.1
4462,4462,Mariana Mantovana,09,Lombardia,0.15,0.15,0.1,0.15,0.1
4463,4463,Mariano Comense,09,Lombardia,0.15,0.15,0.1,0.15,0.1
4464,4464,Marianopoli,,Autonoma Siciliana,0.15,0.15,0.1,0.15,0.1
4465,4465,Mariglianella,04,Campania,0.15,0.15,0.1,0.15,0.1
4466,4466,Marigliano,04,Campania,0.15,0.15,0.1,0.15,0.1
4467,4467,Marina,03,Calabria,0.15,0.15,0.1,0.15,0.1
4468,4468,Marina Palmense,10,Marche,0.15,0.15,0.1,0.15,0.1
4469,4469,Marina Romea,,Emilia-romagna",0.15,0.15,0.1,0.15,0.1
4470,4470,Marina San Nicola,07,Lazio,0.15,0.15,0.1,0.15,0.1
4471,4471,Marinella,03,Calabria,0.15,0.15,0.1,0.15,0.1
4472,4472,Marinella,,Autonoma Siciliana,0.15,0.15,0.1,0.15,0.1
4473,4473,Marineo,,Autonoma Siciliana,0.15,0.15,0.1,0.15,0.1
4474,4474,Marino,07,Lazio,0.15,0.15,0.1,0.15,0.1
4475,4475,Mariotto,13,Puglia,0.15,0.15,0.1,0.15,0.1
4476,4476,Marischio,10,Marche,0.15,0.15,0.1,0.15,0.1
4477,4477,Maristella,09,Lombardia,0.15,0.15,0.1,0.15,0.1
4478,4478,Marittima,13,Puglia,0.15,0.15,0.1,0.15,0.1
4479,4479,Marlengo,17,Trentino-alto Adige,0.15,0.15,0.1,0.15,0.1
4480,4480,Marliana,16,Toscana,0.15,0.15,0.1,0.15,0.1
4481,4481,Marmentino,09,Lombardia,0.15,0.15,0.1,0.15,0.1
4482,4482,Marmirolo,09,Lombardia,0.15,0.15,0.1,0.15,0.1
4483,4483,Marmora,12,Piemonte,0.15,0.15,0.1,0.15,0.1
4484,4484,Marmore,18,Umbria,0.15,0.15,0.1,0.15,0.1
4485,4485,Marmorta,,Emilia-romagna",0.15,0.15,0.1,0.15,0.1
4486,4486,Marnate,09,Lombardia,0.15,0.15,0.1,0.15,0.1
4487,4487,Marocchi,12,Piemonte,0.15,0.15,0.1,0.15,0.1
4488,4488,Marocco,20,Veneto,0.15,0.15,0.1,0.15,0.1
4489,4489,Marola,20,Veneto,0.15,0.15,0.1,0.15,0.1
4490,4490,Marone,09,Lombardia,0.15,0.15,0.1,0.15,0.1
4491,4491,Maropati,03,Calabria,0.15,0.15,0.1,0.15,0.1
4492,4492,Marostica,20,Veneto,0.15,0.15,0.1,0.15,0.1
4493,4493,Marotta,10,Marche,0.15,0.15,0.1,0.15,0.1
4494,4494,Marradi,16,Toscana,0.15,0.15,0.1,0.15,0.1
4495,4495,Marrara,,Emilia-romagna",0.15,0.15,0.1,0.15,0.1
4496,4496,Marrubiu,,Autonoma Della Sardegna,0.15,0.15,0.1,0.15,0.1
4497,4497,Marsaglia,,Emilia-romagna",0.15,0.15,0.1,0.15,0.1
4498,4498,Marsaglia,12,Piemonte,0.15,0.15,0.1,0.15,0.1
4499,4499,Marsala,,Autonoma Siciliana,0.15,0.15,0.1,0.15,0.1
4500,4500,Marsciano,18,Umbria,0.15,0.15,0.1,0.15,0.1
4501,4501,Marsia,10,Marche,0.15,0.15,0.1,0.15,0.1
4502,4502,Marsico Nuovo,02,Basilicata,0.15,0.15,0.1,0.15,0.1
4503,4503,Marsicovetere,02,Basilicata,0.15,0.15,0.1,0.15,0.1
4504,4504,Marsure,06,Friuli-venezia Giulia,0.15,0.15,0.1,0.15,0.1
4505,4505,Marta,07,Lazio,0.15,0.15,0.1,0.15,0.1
4506,4506,Martano,13,Puglia,0.15,0.15,0.1,0.15,0.1
4507,4507,Martellago,20,Veneto,0.15,0.15,0.1,0.15,0.1
4508,4508,Martelletto,03,Calabria,0.15,0.15,0.1,0.15,0.1
4509,4509,Marter,17,Trentino-alto Adige,0.15,0.15,0.1,0.15,0.1
4510,4510,Marti,16,Toscana,0.15,0.15,0.1,0.15,0.1
4511,4511,Martignacco,06,Friuli-venezia Giulia,0.15,0.15,0.1,0.15,0.1
4512,4512,Martignano,13,Puglia,0.15,0.15,0.1,0.15,0.1
4513,4513,Martina Franca,13,Puglia,0.15,0.15,0.1,0.15,0.1
4514,4514,Martinengo,09,Lombardia,0.15,0.15,0.1,0.15,0.1
4515,4515,Martiniana Po,12,Piemonte,0.15,0.15,0.1,0.15,0.1
4516,4516,Martinsicuro,01,Abruzzi,0.15,0.15,0.1,0.15,0.1
4517,4517,Martirano,03,Calabria,0.15,0.15,0.1,0.15,0.1
4518,4518,Martirano Lombardo,03,Calabria,0.15,0.15,0.1,0.15,0.1
4519,4519,Martis,,Autonoma Della Sardegna,0.15,0.15,0.1,0.15,0.1
4520,4520,Martone,03,Calabria,0.15,0.15,0.1,0.15,0.1
4521,4521,Marudo,09,Lombardia,0.15,0.15,0.1,0.15,0.1
4522,4522,Maruggio,13,Puglia,0.15,0.15,0.1,0.15,0.1
4523,4523,Marzabotto,,Emilia-romagna",0.15,0.15,0.1,0.15,0.1
4524,4524,Marzanello,04,Campania,0.15,0.15,0.1,0.15,0.1
4525,4525,Marzano,09,Lombardia,0.15,0.15,0.1,0.15,0.1
4526,4526,Marzano Appio,04,Campania,0.15,0.15,0.1,0.15,0.1
4527,4527,Marzi,03,Calabria,0.15,0.15,0.1,0.15,0.1
4528,4528,Marzio,09,Lombardia,0.15,0.15,0.1,0.15,0.1
4529,4529,Marzolara,,Emilia-romagna",0.15,0.15,0.1,0.15,0.1
4530,4530,Mas,20,Veneto,0.15,0.15,0.1,0.15,0.1
4531,4531,Masainas,,Autonoma Della Sardegna,0.15,0.15,0.1,0.15,0.1
4532,4532,Masano,09,Lombardia,0.15,0.15,0.1,0.15,0.1
4533,4533,Masate,09,Lombardia,0.15,0.15,0.1,0.15,0.1
4534,4534,Mascali,,Autonoma Siciliana,0.15,0.15,0.1,0.15,0.1
4535,4535,Mascalucia,,Autonoma Siciliana,0.15,0.15,0.1,0.15,0.1
4536,4536,Maschito,02,Basilicata,0.15,0.15,0.1,0.15,0.1
4537,4537,Masciago Primo,09,Lombardia,0.15,0.15,0.1,0.15,0.1
4538,4538,Masella,03,Calabria,0.15,0.15,0.1,0.15,0.1
4539,4539,Maser,20,Veneto,0.15,0.15,0.1,0.15,0.1
4540,4540,Masera,12,Piemonte,0.15,0.15,0.1,0.15,0.1
4541,4541,Masi,20,Veneto,0.15,0.15,0.1,0.15,0.1
4542,4542,Masiera,,Emilia-romagna",0.15,0.15,0.1,0.15,0.1
4543,4543,Masio,12,Piemonte,0.15,0.15,0.1,0.15,0.1
4544,4544,Maslianico,09,Lombardia,0.15,0.15,0.1,0.15,0.1
4545,4545,Mason Vicentino,20,Veneto,0.15,0.15,0.1,0.15,0.1
4546,4546,Masone,,Liguria",0.15,0.15,0.1,0.15,0.1
4547,4547,Massa,10,Marche,0.15,0.15,0.1,0.15,0.1
4548,4548,Massa,16,Toscana,0.15,0.15,0.1,0.15,0.1
4549,4549,Massa,02,Basilicata,0.15,0.15,0.1,0.15,0.1
4550,4550,Massa Fermana,10,Marche,0.15,0.15,0.1,0.15,0.1
4551,4551,Massa Finalese,,Emilia-romagna",0.15,0.15,0.1,0.15,0.1
4552,4552,Massa Fiscaglia,,Emilia-romagna",0.15,0.15,0.1,0.15,0.1
4553,4553,Massa Lombarda,,Emilia-romagna",0.15,0.15,0.1,0.15,0.1
4554,4554,Massa Lubrense,04,Campania,0.15,0.15,0.1,0.15,0.1
4555,4555,Massa Marittima,16,Toscana,0.15,0.15,0.1,0.15,0.1
4556,4556,Massa Martana,18,Umbria,0.15,0.15,0.1,0.15,0.1
4557,4557,Massafra,13,Puglia,0.15,0.15,0.1,0.15,0.1
4558,4558,Massarosa,16,Toscana,0.15,0.15,0.1,0.15,0.1
4559,4559,Massazza,12,Piemonte,0.15,0.15,0.1,0.15,0.1
4560,4560,Massello,12,Piemonte,0.15,0.15,0.1,0.15,0.1
4561,4561,Massenzatico,,Emilia-romagna",0.15,0.15,0.1,0.15,0.1
4562,4562,Masserano,12,Piemonte,0.15,0.15,0.1,0.15,0.1
4563,4563,Massignano,10,Marche,0.15,0.15,0.1,0.15,0.1
4564,4564,Massimeno,17,Trentino-alto Adige,0.15,0.15,0.1,0.15,0.1
4565,4565,Massimino,,Liguria",0.15,0.15,0.1,0.15,0.1
4566,4566,Massina,09,Lombardia,0.15,0.15,0.1,0.15,0.1
4567,4567,Massino Visconti,12,Piemonte,0.15,0.15,0.1,0.15,0.1
4568,4568,Massiola,12,Piemonte,0.15,0.15,0.1,0.15,0.1
4569,4569,Masullas,,Autonoma Della Sardegna,0.15,0.15,0.1,0.15,0.1
4570,4570,Matelica,10,Marche,0.15,0.15,0.1,0.15,0.1
4571,4571,Matera,02,Basilicata,0.15,0.15,0.1,0.15,0.1
4572,4572,Materdomini,04,Campania,0.15,0.15,0.1,0.15,0.1
4573,4573,Materdomini,13,Puglia,0.15,0.15,0.1,0.15,0.1
4574,4574,Mathi,12,Piemonte,0.15,0.15,0.1,0.15,0.1
4575,4575,Matinella,04,Campania,0.15,0.15,0.1,0.15,0.1
4576,4576,Matino,13,Puglia,0.15,0.15,0.1,0.15,0.1
4577,4577,Matraia,16,Toscana,0.15,0.15,0.1,0.15,0.1
4578,4578,Matrice,11,Molise,0.15,0.15,0.1,0.15,0.1
4579,4579,Mattarello,17,Trentino-alto Adige,0.15,0.15,0.1,0.15,0.1
4580,4580,Mattie,12,Piemonte,0.15,0.15,0.1,0.15,0.1
4581,4581,Mattinata,13,Puglia,0.15,0.15,0.1,0.15,0.1
4582,4582,Mattine,04,Campania,0.15,0.15,0.1,0.15,0.1
4583,4583,Matzaccara,,Autonoma Della Sardegna,0.15,0.15,0.1,0.15,0.1
4584,4584,Mazzano,09,Lombardia,0.15,0.15,0.1,0.15,0.1
4585,4585,Mazzano Romano,07,Lazio,0.15,0.15,0.1,0.15,0.1
4586,4586,Mazzarino,,Autonoma Siciliana,0.15,0.15,0.1,0.15,0.1
4587,4587,Mazzarrone,,Autonoma Siciliana,0.15,0.15,0.1,0.15,0.1
4588,4588,Mazze,12,Piemonte,0.15,0.15,0.1,0.15,0.1
4589,4589,Mazzeo,,Autonoma Siciliana,0.15,0.15,0.1,0.15,0.1
4590,4590,Mazzin,17,Trentino-alto Adige,0.15,0.15,0.1,0.15,0.1
4591,4591,Meana Sardo,,Autonoma Della Sardegna,0.15,0.15,0.1,0.15,0.1
4592,4592,Meano,20,Veneto,0.15,0.15,0.1,0.15,0.1
4593,4593,Meano,17,Trentino-alto Adige,0.15,0.15,0.1,0.15,0.1
4594,4594,Meda,09,Lombardia,0.15,0.15,0.1,0.15,0.1
4595,4595,Mede,09,Lombardia,0.15,0.15,0.1,0.15,0.1
4596,4596,Medea,06,Friuli-venezia Giulia,0.15,0.15,0.1,0.15,0.1
4597,4597,Medesano,,Emilia-romagna",0.15,0.15,0.1,0.15,0.1
4598,4598,Medeuzza,06,Friuli-venezia Giulia,0.15,0.15,0.1,0.15,0.1
4599,4599,Mediglia,09,Lombardia,0.15,0.15,0.1,0.15,0.1
4600,4600,Mediis,06,Friuli-venezia Giulia,0.15,0.15,0.1,0.15,0.1
4601,4601,Medolago,09,Lombardia,0.15,0.15,0.1,0.15,0.1
4602,4602,Medole,09,Lombardia,0.15,0.15,0.1,0.15,0.1
4603,4603,Medolla,,Emilia-romagna",0.15,0.15,0.1,0.15,0.1
4604,4604,Meduno,06,Friuli-venezia Giulia,0.15,0.15,0.1,0.15,0.1
4605,4605,Megliadino San Fidenzio,20,Veneto,0.15,0.15,0.1,0.15,0.1
4606,4606,Megliadino San Vitale,20,Veneto,0.15,0.15,0.1,0.15,0.1
4607,4607,Meina,12,Piemonte,0.15,0.15,0.1,0.15,0.1
4608,4608,Mejaniga,20,Veneto,0.15,0.15,0.1,0.15,0.1
4609,4609,Mel,20,Veneto,0.15,0.15,0.1,0.15,0.1
4610,4610,Melara,20,Veneto,0.15,0.15,0.1,0.15,0.1
4611,4611,Melazzo,12,Piemonte,0.15,0.15,0.1,0.15,0.1
4612,4612,Meldola,,Emilia-romagna",0.15,0.15,0.1,0.15,0.1
4613,4613,Mele,,Liguria",0.15,0.15,0.1,0.15,0.1
4614,4614,Meledo,20,Veneto,0.15,0.15,0.1,0.15,0.1
4615,4615,Melegnano,09,Lombardia,0.15,0.15,0.1,0.15,0.1
4616,4616,Melendugno,13,Puglia,0.15,0.15,0.1,0.15,0.1
4617,4617,Meleti,09,Lombardia,0.15,0.15,0.1,0.15,0.1
4618,4618,Meleto,16,Toscana,0.15,0.15,0.1,0.15,0.1
4619,4619,Meletole,,Emilia-romagna",0.15,0.15,0.1,0.15,0.1
4620,4620,Melfi,02,Basilicata,0.15,0.15,0.1,0.15,0.1
4621,4621,Melia,,Autonoma Siciliana,0.15,0.15,0.1,0.15,0.1
4622,4622,Melicucca,03,Calabria,0.15,0.15,0.1,0.15,0.1
4623,4623,Melicucco,03,Calabria,0.15,0.15,0.1,0.15,0.1
4624,4624,Melilli,,Autonoma Siciliana,0.15,0.15,0.1,0.15,0.1
4625,4625,Melissa,03,Calabria,0.15,0.15,0.1,0.15,0.1
4626,4626,Melissano,13,Puglia,0.15,0.15,0.1,0.15,0.1
4627,4627,Melito Irpino,04,Campania,0.15,0.15,0.1,0.15,0.1
4628,4628,Melizzano,04,Campania,0.15,0.15,0.1,0.15,0.1
4629,4629,Melle,12,Piemonte,0.15,0.15,0.1,0.15,0.1
4630,4630,Mello,09,Lombardia,0.15,0.15,0.1,0.15,0.1
4631,4631,Melpignano,13,Puglia,0.15,0.15,0.1,0.15,0.1
4632,4632,Mels,06,Friuli-venezia Giulia,0.15,0.15,0.1,0.15,0.1
4633,4633,Meltina,17,Trentino-alto Adige,0.15,0.15,0.1,0.15,0.1
4634,4634,Melzo,09,Lombardia,0.15,0.15,0.1,0.15,0.1
4635,4635,Mena,20,Veneto,0.15,0.15,0.1,0.15,0.1
4636,4636,Menaggio,09,Lombardia,0.15,0.15,0.1,0.15,0.1
4637,4637,Menarola,09,Lombardia,0.15,0.15,0.1,0.15,0.1
4638,4638,Menconico,09,Lombardia,0.15,0.15,0.1,0.15,0.1
4639,4639,Mendatica,,Liguria",0.15,0.15,0.1,0.15,0.1
4640,4640,Mendicino,03,Calabria,0.15,0.15,0.1,0.15,0.1
4641,4641,Menfi,,Autonoma Siciliana,0.15,0.15,0.1,0.15,0.1
4642,4642,Mentana,07,Lazio,0.15,0.15,0.1,0.15,0.1
4643,4643,Meolo,20,Veneto,0.15,0.15,0.1,0.15,0.1
4644,4644,Merana,12,Piemonte,0.15,0.15,0.1,0.15,0.1
4645,4645,Merano,17,Trentino-alto Adige,0.15,0.15,0.1,0.15,0.1
4646,4646,Merate,09,Lombardia,0.15,0.15,0.1,0.15,0.1
4647,4647,Mercallo,09,Lombardia,0.15,0.15,0.1,0.15,0.1
4648,4648,Mercatale,10,Marche,0.15,0.15,0.1,0.15,0.1
4649,4649,Mercatale,,Emilia-romagna",0.15,0.15,0.1,0.15,0.1
4650,4650,Mercatale,16,Toscana,0.15,0.15,0.1,0.15,0.1
4651,4651,Mercatino Conca,10,Marche,0.15,0.15,0.1,0.15,0.1
4652,4652,Mercato,04,Campania,0.15,0.15,0.1,0.15,0.1
4653,4653,Mercato San Severino,04,Campania,0.15,0.15,0.1,0.15,0.1
4654,4654,Mercato Saraceno,,Emilia-romagna",0.15,0.15,0.1,0.15,0.1
4655,4655,Mercenasco,12,Piemonte,0.15,0.15,0.1,0.15,0.1
4656,4656,Mercogliano,04,Campania,0.15,0.15,0.1,0.15,0.1
4657,4657,Mergo,10,Marche,0.15,0.15,0.1,0.15,0.1
4658,4658,Mergozzo,12,Piemonte,0.15,0.15,0.1,0.15,0.1
4659,4659,Meri,,Autonoma Siciliana,0.15,0.15,0.1,0.15,0.1
4660,4660,Merine,13,Puglia,0.15,0.15,0.1,0.15,0.1
4661,4661,Merlara,20,Veneto,0.15,0.15,0.1,0.15,0.1
4662,4662,Merlino,09,Lombardia,0.15,0.15,0.1,0.15,0.1
4663,4663,Merone,09,Lombardia,0.15,0.15,0.1,0.15,0.1
4664,4664,Mesagne,13,Puglia,0.15,0.15,0.1,0.15,0.1
4665,4665,Mese,09,Lombardia,0.15,0.15,0.1,0.15,0.1
4666,4666,Mesenzana,09,Lombardia,0.15,0.15,0.1,0.15,0.1
4667,4667,Mesero,09,Lombardia,0.15,0.15,0.1,0.15,0.1
4668,4668,Mesola,,Emilia-romagna",0.15,0.15,0.1,0.15,0.1
4669,4669,Mesoraca,03,Calabria,0.15,0.15,0.1,0.15,0.1
4670,4670,Messignadi,03,Calabria,0.15,0.15,0.1,0.15,0.1
4671,4671,Messina,,Autonoma Siciliana,0.15,0.15,0.1,0.15,0.1
4672,4672,Mestre,20,Veneto,0.15,0.15,0.1,0.15,0.1
4673,4673,Mestrino,20,Veneto,0.15,0.15,0.1,0.15,0.1
4674,4674,Meta,04,Campania,0.15,0.15,0.1,0.15,0.1
4675,4675,Metaponto,02,Basilicata,0.15,0.15,0.1,0.15,0.1
4676,4676,Metato,16,Toscana,0.15,0.15,0.1,0.15,0.1
4677,4677,Meugliano,12,Piemonte,0.15,0.15,0.1,0.15,0.1
4678,4678,Mezzago,09,Lombardia,0.15,0.15,0.1,0.15,0.1
4679,4679,Mezzana,17,Trentino-alto Adige,0.15,0.15,0.1,0.15,0.1
4680,4680,Mezzana Bigli,09,Lombardia,0.15,0.15,0.1,0.15,0.1
4681,4681,Mezzana Mortigliengo,12,Piemonte,0.15,0.15,0.1,0.15,0.1
4682,4682,Mezzana Rabattone,09,Lombardia,0.15,0.15,0.1,0.15,0.1
4683,4683,Mezzane,09,Lombardia,0.15,0.15,0.1,0.15,0.1
4684,4684,Mezzanego,,Liguria",0.15,0.15,0.1,0.15,0.1
4685,4685,Mezzanino,09,Lombardia,0.15,0.15,0.1,0.15,0.1
4686,4686,Mezzano,,Emilia-romagna",0.15,0.15,0.1,0.15,0.1
4687,4687,Mezzano,17,Trentino-alto Adige,0.15,0.15,0.1,0.15,0.1
4688,4688,Mezzano Inferiore,,Emilia-romagna",0.15,0.15,0.1,0.15,0.1
4689,4689,Mezzano Superiore,,Emilia-romagna",0.15,0.15,0.1,0.15,0.1
4690,4690,Mezzate,09,Lombardia,0.15,0.15,0.1,0.15,0.1
4691,4691,Mezzegra,09,Lombardia,0.15,0.15,0.1,0.15,0.1
4692,4692,Mezzenile,12,Piemonte,0.15,0.15,0.1,0.15,0.1
4693,4693,Mezzocorona,17,Trentino-alto Adige,0.15,0.15,0.1,0.15,0.1
4694,4694,Mezzogoro,,Emilia-romagna",0.15,0.15,0.1,0.15,0.1
4695,4695,Mezzojuso,,Autonoma Siciliana,0.15,0.15,0.1,0.15,0.1
4696,4696,Mezzolara,,Emilia-romagna",0.15,0.15,0.1,0.15,0.1
4697,4697,Mezzoldo,09,Lombardia,0.15,0.15,0.1,0.15,0.1
4698,4698,Mezzolombardo,17,Trentino-alto Adige,0.15,0.15,0.1,0.15,0.1
4699,4699,Mezzomerico,12,Piemonte,0.15,0.15,0.1,0.15,0.1
4700,4700,Miagliano,12,Piemonte,0.15,0.15,0.1,0.15,0.1
4701,4701,Miane,20,Veneto,0.15,0.15,0.1,0.15,0.1
4702,4702,Miano,04,Campania,0.15,0.15,0.1,0.15,0.1
4703,4703,Miasino,12,Piemonte,0.15,0.15,0.1,0.15,0.1
4704,4704,Miazzina,12,Piemonte,0.15,0.15,0.1,0.15,0.1
4705,4705,Michellorie,20,Veneto,0.15,0.15,0.1,0.15,0.1
4706,4706,Micigliano,07,Lazio,0.15,0.15,0.1,0.15,0.1
4707,4707,Miggiano,13,Puglia,0.15,0.15,0.1,0.15,0.1
4708,4708,Miglianico,01,Abruzzi,0.15,0.15,0.1,0.15,0.1
4709,4709,Migliarina,,Emilia-romagna",0.15,0.15,0.1,0.15,0.1
4710,4710,Migliarino,,Emilia-romagna",0.15,0.15,0.1,0.15,0.1
4711,4711,Migliarino,16,Toscana,0.15,0.15,0.1,0.15,0.1
4712,4712,Migliaro,,Emilia-romagna",0.15,0.15,0.1,0.15,0.1
4713,4713,Miglierina,03,Calabria,0.15,0.15,0.1,0.15,0.1
4714,4714,Miglionico,02,Basilicata,0.15,0.15,0.1,0.15,0.1
4715,4715,Mignagola,20,Veneto,0.15,0.15,0.1,0.15,0.1
4716,4716,Mignanego,,Liguria",0.15,0.15,0.1,0.15,0.1
4717,4717,Mignano Monte Lungo,04,Campania,0.15,0.15,0.1,0.15,0.1
4718,4718,Milan,09,Lombardia,0.15,0.15,0.1,0.15,0.1
4719,4719,Milanere,12,Piemonte,0.15,0.15,0.1,0.15,0.1
4720,4720,Milano Marittima,,Emilia-romagna",0.15,0.15,0.1,0.15,0.1
4721,4721,Milazzo,,Autonoma Siciliana,0.15,0.15,0.1,0.15,0.1
4722,4722,Milena,,Autonoma Siciliana,0.15,0.15,0.1,0.15,0.1
4723,4723,Mileto,03,Calabria,0.15,0.15,0.1,0.15,0.1
4724,4724,Milis,,Autonoma Della Sardegna,0.15,0.15,0.1,0.15,0.1
4725,4725,Militello Rosmarino,,Autonoma Siciliana,0.15,0.15,0.1,0.15,0.1
4726,4726,Millepini,09,Lombardia,0.15,0.15,0.1,0.15,0.1
4727,4727,Millesimo,,Liguria",0.15,0.15,0.1,0.15,0.1
4728,4728,Milo,,Autonoma Siciliana,0.15,0.15,0.1,0.15,0.1
4729,4729,Milzano,09,Lombardia,0.15,0.15,0.1,0.15,0.1
4730,4730,Mineo,,Autonoma Siciliana,0.15,0.15,0.1,0.15,0.1
4731,4731,Minerbe,20,Veneto,0.15,0.15,0.1,0.15,0.1
4732,4732,Minerbio,,Emilia-romagna",0.15,0.15,0.1,0.15,0.1
4733,4733,Minervino Murge,13,Puglia,0.15,0.15,0.1,0.15,0.1
4734,4734,Minori,04,Campania,0.15,0.15,0.1,0.15,0.1
4735,4735,Minturno,07,Lazio,0.15,0.15,0.1,0.15,0.1
4736,4736,Minucciano,16,Toscana,0.15,0.15,0.1,0.15,0.1
4737,4737,Mioglia,,Liguria",0.15,0.15,0.1,0.15,0.1
4738,4738,Mira Taglio,20,Veneto,0.15,0.15,0.1,0.15,0.1
4739,4739,Mirabella,20,Veneto,0.15,0.15,0.1,0.15,0.1
4740,4740,Mirabella Eclano,04,Campania,0.15,0.15,0.1,0.15,0.1
4741,4741,Mirabella Imbaccari,,Autonoma Siciliana,0.15,0.15,0.1,0.15,0.1
4742,4742,Mirabello,09,Lombardia,0.15,0.15,0.1,0.15,0.1
4743,4743,Mirabello,,Emilia-romagna",0.15,0.15,0.1,0.15,0.1
4744,4744,Mirabello Monferrato,12,Piemonte,0.15,0.15,0.1,0.15,0.1
4745,4745,Mirabello Sannitico,11,Molise,0.15,0.15,0.1,0.15,0.1
4746,4746,Miradolo,12,Piemonte,0.15,0.15,0.1,0.15,0.1
4747,4747,Miradolo Terme,09,Lombardia,0.15,0.15,0.1,0.15,0.1
4748,4748,Miranda,11,Molise,0.15,0.15,0.1,0.15,0.1
4749,4749,Mirandola,,Emilia-romagna",0.15,0.15,0.1,0.15,0.1
4750,4750,Mirano,20,Veneto,0.15,0.15,0.1,0.15,0.1
4751,4751,Mirto,,Autonoma Siciliana,0.15,0.15,0.1,0.15,0.1
4752,4752,Mirto,03,Calabria,0.15,0.15,0.1,0.15,0.1
4753,4753,Mis,20,Veneto,0.15,0.15,0.1,0.15,0.1
4754,4754,Misano Adriatico,,Emilia-romagna",0.15,0.15,0.1,0.15,0.1
4755,4755,Misano Monte,,Emilia-romagna",0.15,0.15,0.1,0.15,0.1
4756,4756,Misciano,04,Campania,0.15,0.15,0.1,0.15,0.1
4757,4757,Misilmeri,,Autonoma Siciliana,0.15,0.15,0.1,0.15,0.1
4758,4758,Misinto,09,Lombardia,0.15,0.15,0.1,0.15,0.1
4759,4759,Missaglia,09,Lombardia,0.15,0.15,0.1,0.15,0.1
4760,4760,Missanello,02,Basilicata,0.15,0.15,0.1,0.15,0.1
4761,4761,Misterbianco,,Autonoma Siciliana,0.15,0.15,0.1,0.15,0.1
4762,4762,Mistretta,,Autonoma Siciliana,0.15,0.15,0.1,0.15,0.1
4763,4763,Moasca,12,Piemonte,0.15,0.15,0.1,0.15,0.1
4764,4764,Moconesi,,Liguria",0.15,0.15,0.1,0.15,0.1
4765,4765,Modena,,Emilia-romagna",0.15,0.15,0.1,0.15,0.1
4766,4766,Modica,,Autonoma Siciliana,0.15,0.15,0.1,0.15,0.1
4767,4767,Modigliana,,Emilia-romagna",0.15,0.15,0.1,0.15,0.1
4768,4768,Modolo,,Autonoma Della Sardegna,0.15,0.15,0.1,0.15,0.1
4769,4769,Modugno,13,Puglia,0.15,0.15,0.1,0.15,0.1
4770,4770,Moena,17,Trentino-alto Adige,0.15,0.15,0.1,0.15,0.1
4771,4771,Moggio,09,Lombardia,0.15,0.15,0.1,0.15,0.1
4772,4772,Moggio Udinese,06,Friuli-venezia Giulia,0.15,0.15,0.1,0.15,0.1
4773,4773,Moglia,09,Lombardia,0.15,0.15,0.1,0.15,0.1
4774,4774,Mogliano,10,Marche,0.15,0.15,0.1,0.15,0.1
4775,4775,Mogliano Veneto,20,Veneto,0.15,0.15,0.1,0.15,0.1
4776,4776,Mogorella,,Autonoma Della Sardegna,0.15,0.15,0.1,0.15,0.1
4777,4777,Mogoro,,Autonoma Della Sardegna,0.15,0.15,0.1,0.15,0.1
4778,4778,Moiano,04,Campania,0.15,0.15,0.1,0.15,0.1
4779,4779,Moiano,18,Umbria,0.15,0.15,0.1,0.15,0.1
4780,4780,Moie,10,Marche,0.15,0.15,0.1,0.15,0.1
4781,4781,Moimacco,06,Friuli-venezia Giulia,0.15,0.15,0.1,0.15,0.1
4782,4782,Moio Alcantara,,Autonoma Siciliana,0.15,0.15,0.1,0.15,0.1
4783,4783,Moiola,12,Piemonte,0.15,0.15,0.1,0.15,0.1
4784,4784,Moirago,09,Lombardia,0.15,0.15,0.1,0.15,0.1
4785,4785,Molare,12,Piemonte,0.15,0.15,0.1,0.15,0.1
4786,4786,Molazzana,16,Toscana,0.15,0.15,0.1,0.15,0.1
4787,4787,Molfetta,13,Puglia,0.15,0.15,0.1,0.15,0.1
4788,4788,Molina,17,Trentino-alto Adige,0.15,0.15,0.1,0.15,0.1
4789,4789,Molina,04,Campania,0.15,0.15,0.1,0.15,0.1
4790,4790,Molina Aterno,01,Abruzzi,0.15,0.15,0.1,0.15,0.1
4791,4791,Molinara,04,Campania,0.15,0.15,0.1,0.15,0.1
4792,4792,Molinella,,Emilia-romagna",0.15,0.15,0.1,0.15,0.1
4793,4793,Molinelle,04,Campania,0.15,0.15,0.1,0.15,0.1
4794,4794,Molinetto,09,Lombardia,0.15,0.15,0.1,0.15,0.1
4795,4795,Molini,,Liguria",0.15,0.15,0.1,0.15,0.1
4796,4796,Molise,11,Molise,0.15,0.15,0.1,0.15,0.1
4797,4797,Moliterno,02,Basilicata,0.15,0.15,0.1,0.15,0.1
4798,4798,Mollia,12,Piemonte,0.15,0.15,0.1,0.15,0.1
4799,4799,Molochio,03,Calabria,0.15,0.15,0.1,0.15,0.1
4800,4800,Molteno,09,Lombardia,0.15,0.15,0.1,0.15,0.1
4801,4801,Moltrasio,09,Lombardia,0.15,0.15,0.1,0.15,0.1
4802,4802,Molveno,17,Trentino-alto Adige,0.15,0.15,0.1,0.15,0.1
4803,4803,Mombaldone,12,Piemonte,0.15,0.15,0.1,0.15,0.1
4804,4804,Mombarcaro,12,Piemonte,0.15,0.15,0.1,0.15,0.1
4805,4805,Mombaroccio,10,Marche,0.15,0.15,0.1,0.15,0.1
4806,4806,Mombaruzzo,12,Piemonte,0.15,0.15,0.1,0.15,0.1
4807,4807,Mombasiglio,12,Piemonte,0.15,0.15,0.1,0.15,0.1
4808,4808,Mombello Monferrato,12,Piemonte,0.15,0.15,0.1,0.15,0.1
4809,4809,Mombercelli,12,Piemonte,0.15,0.15,0.1,0.15,0.1
4810,4810,Mombretto,09,Lombardia,0.15,0.15,0.1,0.15,0.1
4811,4811,Momo,12,Piemonte,0.15,0.15,0.1,0.15,0.1
4812,4812,Mompantero,12,Piemonte,0.15,0.15,0.1,0.15,0.1
4813,4813,Mompeo,07,Lazio,0.15,0.15,0.1,0.15,0.1
4814,4814,Momperone,12,Piemonte,0.15,0.15,0.1,0.15,0.1
4815,4815,Monacilioni,11,Molise,0.15,0.15,0.1,0.15,0.1
4816,4816,Monale,12,Piemonte,0.15,0.15,0.1,0.15,0.1
4817,4817,Monasterace,03,Calabria,0.15,0.15,0.1,0.15,0.1
4818,4818,Monasterace Marina,03,Calabria,0.15,0.15,0.1,0.15,0.1
4819,4819,Monastero Bormida,12,Piemonte,0.15,0.15,0.1,0.15,0.1
4820,4820,Monasterolo,12,Piemonte,0.15,0.15,0.1,0.15,0.1
4821,4821,Monasterolo,09,Lombardia,0.15,0.15,0.1,0.15,0.1
4822,4822,Monasterolo Casotto,12,Piemonte,0.15,0.15,0.1,0.15,0.1
4823,4823,Monastir,,Autonoma Della Sardegna,0.15,0.15,0.1,0.15,0.1
4824,4824,Moncalieri,12,Piemonte,0.15,0.15,0.1,0.15,0.1
4825,4825,Moncalvo,12,Piemonte,0.15,0.15,0.1,0.15,0.1
4826,4826,Moncenisio,12,Piemonte,0.15,0.15,0.1,0.15,0.1
4827,4827,Moncestino,12,Piemonte,0.15,0.15,0.1,0.15,0.1
4828,4828,Monclassico,17,Trentino-alto Adige,0.15,0.15,0.1,0.15,0.1
4829,4829,Moncrivello,12,Piemonte,0.15,0.15,0.1,0.15,0.1
4830,4830,Moncucco,09,Lombardia,0.15,0.15,0.1,0.15,0.1
4831,4831,Moncucco Torinese,12,Piemonte,0.15,0.15,0.1,0.15,0.1
4832,4832,Mondaino,,Emilia-romagna",0.15,0.15,0.1,0.15,0.1
4833,4833,Mondavio,10,Marche,0.15,0.15,0.1,0.15,0.1
4834,4834,Mondolfo,10,Marche,0.15,0.15,0.1,0.15,0.1
4835,4835,Mondovi,12,Piemonte,0.15,0.15,0.1,0.15,0.1
4836,4836,Mondragone,04,Campania,0.15,0.15,0.1,0.15,0.1
4837,4837,Moneglia,,Liguria",0.15,0.15,0.1,0.15,0.1
4838,4838,Monesiglio,12,Piemonte,0.15,0.15,0.1,0.15,0.1
4839,4839,Monestirolo,,Emilia-romagna",0.15,0.15,0.1,0.15,0.1
4840,4840,Monfalcone,06,Friuli-venezia Giulia,0.15,0.15,0.1,0.15,0.1
4841,4841,Monforte Marina,,Autonoma Siciliana,0.15,0.15,0.1,0.15,0.1
4842,4842,Monforte San Giorgio,,Autonoma Siciliana,0.15,0.15,0.1,0.15,0.1
4843,4843,Monfumo,20,Veneto,0.15,0.15,0.1,0.15,0.1
4844,4844,Mongardino,12,Piemonte,0.15,0.15,0.1,0.15,0.1
4845,4845,Monghidoro,,Emilia-romagna",0.15,0.15,0.1,0.15,0.1
4846,4846,Mongiana,03,Calabria,0.15,0.15,0.1,0.15,0.1
4847,4847,Mongiardino Ligure,12,Piemonte,0.15,0.15,0.1,0.15,0.1
4848,4848,Mongiove,,Autonoma Siciliana,0.15,0.15,0.1,0.15,0.1
4849,4849,Mongiuffi Melia,,Autonoma Siciliana,0.15,0.15,0.1,0.15,0.1
4850,4850,Mongnod,,Autonoma Valle D'aosta,0.15,0.15,0.1,0.15,0.1
4851,4851,Mongrando,12,Piemonte,0.15,0.15,0.1,0.15,0.1
4852,4852,Mongrassano,03,Calabria,0.15,0.15,0.1,0.15,0.1
4853,4853,Monguelfo,17,Trentino-alto Adige,0.15,0.15,0.1,0.15,0.1
4854,4854,Moniego,20,Veneto,0.15,0.15,0.1,0.15,0.1
4855,4855,Monleale,12,Piemonte,0.15,0.15,0.1,0.15,0.1
4856,4856,Monno,09,Lombardia,0.15,0.15,0.1,0.15,0.1
4857,4857,Monopoli,13,Puglia,0.15,0.15,0.1,0.15,0.1
4858,4858,Monreale,,Autonoma Siciliana,0.15,0.15,0.1,0.15,0.1
4859,4859,Monsampietro Morico,10,Marche,0.15,0.15,0.1,0.15,0.1
4860,4860,Monsano,10,Marche,0.15,0.15,0.1,0.15,0.1
4861,4861,Monselice,20,Veneto,0.15,0.15,0.1,0.15,0.1
4862,4862,Monserrato,,Autonoma Della Sardegna,0.15,0.15,0.1,0.15,0.1
4863,4863,Monsoreto,03,Calabria,0.15,0.15,0.1,0.15,0.1
4864,4864,Monsummano Terme,16,Toscana,0.15,0.15,0.1,0.15,0.1
4865,4865,Monta,12,Piemonte,0.15,0.15,0.1,0.15,0.1
4866,4866,Montabone,12,Piemonte,0.15,0.15,0.1,0.15,0.1
4867,4867,Montacuto,12,Piemonte,0.15,0.15,0.1,0.15,0.1
4868,4868,Montafia,12,Piemonte,0.15,0.15,0.1,0.15,0.1
4869,4869,Montagano,11,Molise,0.15,0.15,0.1,0.15,0.1
4870,4870,Montagna,17,Trentino-alto Adige,0.15,0.15,0.1,0.15,0.1
4871,4871,Montagnana,20,Veneto,0.15,0.15,0.1,0.15,0.1
4872,4872,Montagnano,16,Toscana,0.15,0.15,0.1,0.15,0.1
4873,4873,Montagnareale,,Autonoma Siciliana,0.15,0.15,0.1,0.15,0.1
4874,4874,Montagne,17,Trentino-alto Adige,0.15,0.15,0.1,0.15,0.1
4875,4875,Montaguto,04,Campania,0.15,0.15,0.1,0.15,0.1
4876,4876,Montaione,16,Toscana,0.15,0.15,0.1,0.15,0.1
4877,4877,Montalbano,13,Puglia,0.15,0.15,0.1,0.15,0.1
4878,4878,Montalbano,,Emilia-romagna",0.15,0.15,0.1,0.15,0.1
4879,4879,Montalbano Elicona,,Autonoma Siciliana,0.15,0.15,0.1,0.15,0.1
4880,4880,Montalbano Jonico,02,Basilicata,0.15,0.15,0.1,0.15,0.1
4881,4881,Montalcino,16,Toscana,0.15,0.15,0.1,0.15,0.1
4882,4882,Montaldeo,12,Piemonte,0.15,0.15,0.1,0.15,0.1
4883,4883,Montaldo Bormida,12,Piemonte,0.15,0.15,0.1,0.15,0.1
4884,4884,Montaldo Roero,12,Piemonte,0.15,0.15,0.1,0.15,0.1
4885,4885,Montaldo Scarampi,12,Piemonte,0.15,0.15,0.1,0.15,0.1
4886,4886,Montaldo Torinese,12,Piemonte,0.15,0.15,0.1,0.15,0.1
4887,4887,Montale,16,Toscana,0.15,0.15,0.1,0.15,0.1
4888,4888,Montale,,Emilia-romagna",0.15,0.15,0.1,0.15,0.1
4889,4889,Montalenghe,12,Piemonte,0.15,0.15,0.1,0.15,0.1
4890,4890,Montallegro,,Autonoma Siciliana,0.15,0.15,0.1,0.15,0.1
4891,4891,Montalto,16,Toscana,0.15,0.15,0.1,0.15,0.1
4892,4892,Montalto Dora,12,Piemonte,0.15,0.15,0.1,0.15,0.1
4893,4893,Montalto Ligure,,Liguria",0.15,0.15,0.1,0.15,0.1
4894,4894,Montalto Pavese,09,Lombardia,0.15,0.15,0.1,0.15,0.1
4895,4895,Montalto Uffugo,03,Calabria,0.15,0.15,0.1,0.15,0.1
4896,4896,Montanara,09,Lombardia,0.15,0.15,0.1,0.15,0.1
4897,4897,Montanaro,12,Piemonte,0.15,0.15,0.1,0.15,0.1
4898,4898,Montanaso Lombardo,09,Lombardia,0.15,0.15,0.1,0.15,0.1
4899,4899,Montaner,20,Veneto,0.15,0.15,0.1,0.15,0.1
4900,4900,Montanera,12,Piemonte,0.15,0.15,0.1,0.15,0.1
4901,4901,Montano,04,Campania,0.15,0.15,0.1,0.15,0.1
4902,4902,Montano,09,Lombardia,0.15,0.15,0.1,0.15,0.1
4903,4903,Montano Antilia,04,Campania,0.15,0.15,0.1,0.15,0.1
4904,4904,Montano Lucino,09,Lombardia,0.15,0.15,0.1,0.15,0.1
4905,4905,Montaperto,04,Campania,0.15,0.15,0.1,0.15,0.1
4906,4906,Montappone,10,Marche,0.15,0.15,0.1,0.15,0.1
4907,4907,Montaquila,11,Molise,0.15,0.15,0.1,0.15,0.1
4908,4908,Montasola,07,Lazio,0.15,0.15,0.1,0.15,0.1
4909,4909,Montauro,03,Calabria,0.15,0.15,0.1,0.15,0.1
4910,4910,Montazzoli,01,Abruzzi,0.15,0.15,0.1,0.15,0.1
4911,4911,Monte,09,Lombardia,0.15,0.15,0.1,0.15,0.1
4912,4912,Monte Argentario,16,Toscana,0.15,0.15,0.1,0.15,0.1
4913,4913,Monte Caminetto,07,Lazio,0.15,0.15,0.1,0.15,0.1
4914,4914,Monte Castello,,Emilia-romagna",0.15,0.15,0.1,0.15,0.1
4915,4915,Monte Cerignone,10,Marche,0.15,0.15,0.1,0.15,0.1
4916,4916,Monte Colombo,,Emilia-romagna",0.15,0.15,0.1,0.15,0.1
4917,4917,Monte Cremasco,09,Lombardia,0.15,0.15,0.1,0.15,0.1
4918,4918,Monte Giberto,10,Marche,0.15,0.15,0.1,0.15,0.1
4919,4919,Monte Marcone,01,Abruzzi,0.15,0.15,0.1,0.15,0.1
4920,4920,Monte Marenzo,09,Lombardia,0.15,0.15,0.1,0.15,0.1
4921,4921,Monte Porzio,10,Marche,0.15,0.15,0.1,0.15,0.1
4922,4922,Monte Porzio Catone,07,Lazio,0.15,0.15,0.1,0.15,0.1
4923,4923,Monte Rinaldo,10,Marche,0.15,0.15,0.1,0.15,0.1
4924,4924,Monte Roberto,10,Marche,0.15,0.15,0.1,0.15,0.1
4925,4925,Monte Romano,07,Lazio,0.15,0.15,0.1,0.15,0.1
4926,4926,Monte San Biagio,07,Lazio,0.15,0.15,0.1,0.15,0.1
4927,4927,Monte San Giacomo,04,Campania,0.15,0.15,0.1,0.15,0.1
4928,4928,Monte San Giovanni,,Emilia-romagna",0.15,0.15,0.1,0.15,0.1
4929,4929,Monte San Giovanni Campano,07,Lazio,0.15,0.15,0.1,0.15,0.1
4930,4930,Monte San Giusto,10,Marche,0.15,0.15,0.1,0.15,0.1
4931,4931,Monte San Marino,07,Lazio,0.15,0.15,0.1,0.15,0.1
4932,4932,Monte San Martino,10,Marche,0.15,0.15,0.1,0.15,0.1
4933,4933,Monte San Pietrangeli,10,Marche,0.15,0.15,0.1,0.15,0.1
4934,4934,Monte San Savino,16,Toscana,0.15,0.15,0.1,0.15,0.1
4935,4935,Monte San Vito,10,Marche,0.15,0.15,0.1,0.15,0.1
4936,4936,Monte Sant'Angelo,13,Puglia,0.15,0.15,0.1,0.15,0.1
4937,4937,Monte Santa Maria Tiberina,18,Umbria,0.15,0.15,0.1,0.15,0.1
4938,4938,Monte Urano,10,Marche,0.15,0.15,0.1,0.15,0.1
4939,4939,Monte Vidon Combatte,10,Marche,0.15,0.15,0.1,0.15,0.1
4940,4940,Monte Vidon Corrado,10,Marche,0.15,0.15,0.1,0.15,0.1
4941,4941,Monteaperti,16,Toscana,0.15,0.15,0.1,0.15,0.1
4942,4942,Montebello,09,Lombardia,0.15,0.15,0.1,0.15,0.1
4943,4943,Montebello Vicentino,20,Veneto,0.15,0.15,0.1,0.15,0.1
4944,4944,Montebelluna,20,Veneto,0.15,0.15,0.1,0.15,0.1
4945,4945,Montebonello,16,Toscana,0.15,0.15,0.1,0.15,0.1
4946,4946,Montebruno,,Liguria",0.15,0.15,0.1,0.15,0.1
4947,4947,Montebuono,07,Lazio,0.15,0.15,0.1,0.15,0.1
4948,4948,Montecalvo Irpino,04,Campania,0.15,0.15,0.1,0.15,0.1
4949,4949,Montecalvo Versiggia,09,Lombardia,0.15,0.15,0.1,0.15,0.1
4950,4950,Montecalvoli,16,Toscana,0.15,0.15,0.1,0.15,0.1
4951,4951,Montecarlo,16,Toscana,0.15,0.15,0.1,0.15,0.1
4952,4952,Montecarotto,10,Marche,0.15,0.15,0.1,0.15,0.1
4953,4953,Montecassiano,10,Marche,0.15,0.15,0.1,0.15,0.1
4954,4954,Montecastello,12,Piemonte,0.15,0.15,0.1,0.15,0.1
4955,4955,Montecastrilli,18,Umbria,0.15,0.15,0.1,0.15,0.1
4956,4956,Montecavolo,,Emilia-romagna",0.15,0.15,0.1,0.15,0.1
4957,4957,Montecchio,16,Toscana,0.15,0.15,0.1,0.15,0.1
4958,4958,Montecchio,18,Umbria,0.15,0.15,0.1,0.15,0.1
4959,4959,Montecchio Emilia,,Emilia-romagna",0.15,0.15,0.1,0.15,0.1
4960,4960,Montecchio Precalcino,20,Veneto,0.15,0.15,0.1,0.15,0.1
4961,4961,Montecelio,07,Lazio,0.15,0.15,0.1,0.15,0.1
4962,4962,Montecerboli,16,Toscana,0.15,0.15,0.1,0.15,0.1
4963,4963,Montechiaro,04,Campania,0.15,0.15,0.1,0.15,0.1
4964,4964,Montechiarugolo,,Emilia-romagna",0.15,0.15,0.1,0.15,0.1
4965,4965,Monteciccardo,10,Marche,0.15,0.15,0.1,0.15,0.1
4966,4966,Montecilfone,11,Molise,0.15,0.15,0.1,0.15,0.1
4967,4967,Montecompatri,07,Lazio,0.15,0.15,0.1,0.15,0.1
4968,4968,Montecorice,04,Campania,0.15,0.15,0.1,0.15,0.1
4969,4969,Montecorvino Pugliano,04,Campania,0.15,0.15,0.1,0.15,0.1
4970,4970,Montecorvino Rovella,04,Campania,0.15,0.15,0.1,0.15,0.1
4971,4971,Montecosaro,10,Marche,0.15,0.15,0.1,0.15,0.1
4972,4972,Montecrestese,12,Piemonte,0.15,0.15,0.1,0.15,0.1
4973,4973,Montecreto,,Emilia-romagna",0.15,0.15,0.1,0.15,0.1
4974,4974,Montedecoro,04,Campania,0.15,0.15,0.1,0.15,0.1
4975,4975,Montedinove,10,Marche,0.15,0.15,0.1,0.15,0.1
4976,4976,Montedoro,,Autonoma Siciliana,0.15,0.15,0.1,0.15,0.1
4977,4977,Montefalcione,04,Campania,0.15,0.15,0.1,0.15,0.1
4978,4978,Montefalco,18,Umbria,0.15,0.15,0.1,0.15,0.1
4979,4979,Montefalcone Appennino,10,Marche,0.15,0.15,0.1,0.15,0.1
4980,4980,Montefano,10,Marche,0.15,0.15,0.1,0.15,0.1
4981,4981,Montefelcino,10,Marche,0.15,0.15,0.1,0.15,0.1
4982,4982,Monteferrante,01,Abruzzi,0.15,0.15,0.1,0.15,0.1
4983,4983,Montefiascone,07,Lazio,0.15,0.15,0.1,0.15,0.1
4984,4984,Montefino,01,Abruzzi,0.15,0.15,0.1,0.15,0.1
4985,4985,Montefiore Conca,,Emilia-romagna",0.15,0.15,0.1,0.15,0.1
4986,4986,Montefiorino,,Emilia-romagna",0.15,0.15,0.1,0.15,0.1
4987,4987,Monteflavio,07,Lazio,0.15,0.15,0.1,0.15,0.1
4988,4988,Monteforte Cilento,04,Campania,0.15,0.15,0.1,0.15,0.1
4989,4989,Monteforte Irpino,04,Campania,0.15,0.15,0.1,0.15,0.1
4990,4990,Montefortino,10,Marche,0.15,0.15,0.1,0.15,0.1
4991,4991,Montefranco,18,Umbria,0.15,0.15,0.1,0.15,0.1
4992,4992,Montefredane,04,Campania,0.15,0.15,0.1,0.15,0.1
4993,4993,Montefusco,04,Campania,0.15,0.15,0.1,0.15,0.1
4994,4994,Montegabbione,18,Umbria,0.15,0.15,0.1,0.15,0.1
4995,4995,Montegalda,20,Veneto,0.15,0.15,0.1,0.15,0.1
4996,4996,Montegaldella,20,Veneto,0.15,0.15,0.1,0.15,0.1
4997,4997,Montegioco,12,Piemonte,0.15,0.15,0.1,0.15,0.1
4998,4998,Montegiordano,03,Calabria,0.15,0.15,0.1,0.15,0.1
4999,4999,Montegiorgio,10,Marche,0.15,0.15,0.1,0.15,0.1
5000,5000,Montegranaro,10,Marche,0.15,0.15,0.1,0.15,0.1
5001,5001,Montegridolfo,,Emilia-romagna",0.15,0.15,0.1,0.15,0.1
5002,5002,Montegrino Valtravaglia,09,Lombardia,0.15,0.15,0.1,0.15,0.1
5003,5003,Montegrosso,12,Piemonte,0.15,0.15,0.1,0.15,0.1
5004,5004,Montegrosso Pian Latte,,Liguria",0.15,0.15,0.1,0.15,0.1
5005,5005,Montegrotto Terme,20,Veneto,0.15,0.15,0.1,0.15,0.1
5006,5006,Monteiasi,13,Puglia,0.15,0.15,0.1,0.15,0.1
5007,5007,Montelabbate,10,Marche,0.15,0.15,0.1,0.15,0.1
5008,5008,Montelanico,07,Lazio,0.15,0.15,0.1,0.15,0.1
5009,5009,Montelapiano,01,Abruzzi,0.15,0.15,0.1,0.15,0.1
5010,5010,Monteleone,09,Lombardia,0.15,0.15,0.1,0.15,0.1
5011,5011,Monteleone Rocca Doria,,Autonoma Della Sardegna,0.15,0.15,0.1,0.15,0.1
5012,5012,Monteleone Sabino,07,Lazio,0.15,0.15,0.1,0.15,0.1
5013,5013,Montelepre,,Autonoma Siciliana,0.15,0.15,0.1,0.15,0.1
5014,5014,Montelera,12,Piemonte,0.15,0.15,0.1,0.15,0.1
5015,5015,Montelibretti,07,Lazio,0.15,0.15,0.1,0.15,0.1
5016,5016,Montella,04,Campania,0.15,0.15,0.1,0.15,0.1
5017,5017,Montello,09,Lombardia,0.15,0.15,0.1,0.15,0.1
5018,5018,Montelongo,11,Molise,0.15,0.15,0.1,0.15,0.1
5019,5019,Montelparo,10,Marche,0.15,0.15,0.1,0.15,0.1
5020,5020,Montelupo Albese,12,Piemonte,0.15,0.15,0.1,0.15,0.1
5021,5021,Montelupo Fiorentino,16,Toscana,0.15,0.15,0.1,0.15,0.1
5022,5022,Montelupone,10,Marche,0.15,0.15,0.1,0.15,0.1
5023,5023,Montemaggiore Belsito,,Autonoma Siciliana,0.15,0.15,0.1,0.15,0.1
5024,5024,Montemagno,12,Piemonte,0.15,0.15,0.1,0.15,0.1
5025,5025,Montemarano,04,Campania,0.15,0.15,0.1,0.15,0.1
5026,5026,Montemarciano,10,Marche,0.15,0.15,0.1,0.15,0.1
5027,5027,Montemarzino,12,Piemonte,0.15,0.15,0.1,0.15,0.1
5028,5028,Montemerlo,20,Veneto,0.15,0.15,0.1,0.15,0.1
5029,5029,Montemesola,13,Puglia,0.15,0.15,0.1,0.15,0.1
5030,5030,Montemezzo,09,Lombardia,0.15,0.15,0.1,0.15,0.1
5031,5031,Montemignaio,16,Toscana,0.15,0.15,0.1,0.15,0.1
5032,5032,Montemiletto,04,Campania,0.15,0.15,0.1,0.15,0.1
5033,5033,Montemilone,02,Basilicata,0.15,0.15,0.1,0.15,0.1
5034,5034,Montemitro,11,Molise,0.15,0.15,0.1,0.15,0.1
5035,5035,Montemonaco,10,Marche,0.15,0.15,0.1,0.15,0.1
5036,5036,Montemurlo,16,Toscana,0.15,0.15,0.1,0.15,0.1
5037,5037,Montemurro,02,Basilicata,0.15,0.15,0.1,0.15,0.1
5038,5038,Montenars,06,Friuli-venezia Giulia,0.15,0.15,0.1,0.15,0.1
5039,5039,Montenero Sabino,07,Lazio,0.15,0.15,0.1,0.15,0.1
5040,5040,Montenero Val Cocchiara,11,Molise,0.15,0.15,0.1,0.15,0.1
5041,5041,Montenerodomo,01,Abruzzi,0.15,0.15,0.1,0.15,0.1
5042,5042,Monteodorisio,01,Abruzzi,0.15,0.15,0.1,0.15,0.1
5043,5043,Monteombraro,,Emilia-romagna",0.15,0.15,0.1,0.15,0.1
5044,5044,Montepagano,01,Abruzzi,0.15,0.15,0.1,0.15,0.1
5045,5045,Montepaone,03,Calabria,0.15,0.15,0.1,0.15,0.1
5046,5046,Montepaone Lido,03,Calabria,0.15,0.15,0.1,0.15,0.1
5047,5047,Monteparano,13,Puglia,0.15,0.15,0.1,0.15,0.1
5048,5048,Montepertuso,04,Campania,0.15,0.15,0.1,0.15,0.1
5049,5049,Montepiano,16,Toscana,0.15,0.15,0.1,0.15,0.1
5050,5050,Monteprandone,10,Marche,0.15,0.15,0.1,0.15,0.1
5051,5051,Montepulciano,16,Toscana,0.15,0.15,0.1,0.15,0.1
5052,5052,Montepulciano Stazione,16,Toscana,0.15,0.15,0.1,0.15,0.1
5053,5053,Monterado,10,Marche,0.15,0.15,0.1,0.15,0.1
5054,5054,Monterappoli,16,Toscana,0.15,0.15,0.1,0.15,0.1
5055,5055,Monterchi,16,Toscana,0.15,0.15,0.1,0.15,0.1
5056,5056,Montereale,01,Abruzzi,0.15,0.15,0.1,0.15,0.1
5057,5057,Montereale Valcellina,06,Friuli-venezia Giulia,0.15,0.15,0.1,0.15,0.1
5058,5058,Monterenzio,,Emilia-romagna",0.15,0.15,0.1,0.15,0.1
5059,5059,Monteriggioni,16,Toscana,0.15,0.15,0.1,0.15,0.1
5060,5060,Monteroduni,11,Molise,0.15,0.15,0.1,0.15,0.1
5061,5061,Monterosi,07,Lazio,0.15,0.15,0.1,0.15,0.1
5062,5062,Monterosso,,Autonoma Siciliana,0.15,0.15,0.1,0.15,0.1
5063,5063,Monterosso Almo,,Autonoma Siciliana,0.15,0.15,0.1,0.15,0.1
5064,5064,Monterosso Calabro,03,Calabria,0.15,0.15,0.1,0.15,0.1
5065,5065,Monterosso Grana,12,Piemonte,0.15,0.15,0.1,0.15,0.1
5066,5066,Monterotondo,09,Lombardia,0.15,0.15,0.1,0.15,0.1
5067,5067,Monterotondo,07,Lazio,0.15,0.15,0.1,0.15,0.1
5068,5068,Monterotondo Marittimo,16,Toscana,0.15,0.15,0.1,0.15,0.1
5069,5069,Monterubbiano,10,Marche,0.15,0.15,0.1,0.15,0.1
5070,5070,Monterubiaglio,18,Umbria,0.15,0.15,0.1,0.15,0.1
5071,5071,Monterusciello,04,Campania,0.15,0.15,0.1,0.15,0.1
5072,5072,Montesano Salentino,13,Puglia,0.15,0.15,0.1,0.15,0.1
5073,5073,Montesano Scalo,04,Campania,0.15,0.15,0.1,0.15,0.1
5074,5074,Montesarchio,04,Campania,0.15,0.15,0.1,0.15,0.1
5075,5075,Montesardo,13,Puglia,0.15,0.15,0.1,0.15,0.1
5076,5076,Montescaglioso,02,Basilicata,0.15,0.15,0.1,0.15,0.1
5077,5077,Montescano,09,Lombardia,0.15,0.15,0.1,0.15,0.1
5078,5078,Montescheno,12,Piemonte,0.15,0.15,0.1,0.15,0.1
5079,5079,Montescudaio,16,Toscana,0.15,0.15,0.1,0.15,0.1
5080,5080,Montescudo,,Emilia-romagna",0.15,0.15,0.1,0.15,0.1
5081,5081,Montese,,Emilia-romagna",0.15,0.15,0.1,0.15,0.1
5082,5082,Montesegale,09,Lombardia,0.15,0.15,0.1,0.15,0.1
5083,5083,Montesilvano Colle,01,Abruzzi,0.15,0.15,0.1,0.15,0.1
5084,5084,Montesilvano Marina,01,Abruzzi,0.15,0.15,0.1,0.15,0.1
5085,5085,Montesolaro,09,Lombardia,0.15,0.15,0.1,0.15,0.1
5086,5086,Montespertoli,16,Toscana,0.15,0.15,0.1,0.15,0.1
5087,5087,Monteu Roero,12,Piemonte,0.15,0.15,0.1,0.15,0.1
5088,5088,Montevago,,Autonoma Siciliana,0.15,0.15,0.1,0.15,0.1
5089,5089,Montevarchi,16,Toscana,0.15,0.15,0.1,0.15,0.1
5090,5090,Montevecchia,09,Lombardia,0.15,0.15,0.1,0.15,0.1
5091,5091,Monteverde,04,Campania,0.15,0.15,0.1,0.15,0.1
5092,5092,Monteverde,11,Molise,0.15,0.15,0.1,0.15,0.1
5093,5093,Monteverdi Marittimo,16,Toscana,0.15,0.15,0.1,0.15,0.1
5094,5094,Monteviale,20,Veneto,0.15,0.15,0.1,0.15,0.1
5095,5095,Montevirginio,07,Lazio,0.15,0.15,0.1,0.15,0.1
5096,5096,Montezemolo,12,Piemonte,0.15,0.15,0.1,0.15,0.1
5097,5097,Monti,16,Toscana,0.15,0.15,0.1,0.15,0.1
5098,5098,Monti,,Autonoma Della Sardegna,0.15,0.15,0.1,0.15,0.1
5099,5099,Montiano,,Emilia-romagna",0.15,0.15,0.1,0.15,0.1
5100,5100,Montiano,16,Toscana,0.15,0.15,0.1,0.15,0.1
5101,5101,Monticchio,01,Abruzzi,0.15,0.15,0.1,0.15,0.1
5102,5102,Monticchio,07,Lazio,0.15,0.15,0.1,0.15,0.1
5103,5103,Monticelli,04,Campania,0.15,0.15,0.1,0.15,0.1
5104,5104,Monticelli,07,Lazio,0.15,0.15,0.1,0.15,0.1
5105,5105,Monticelli,,Emilia-romagna",0.15,0.15,0.1,0.15,0.1
5106,5106,Monticelli Brusati,09,Lombardia,0.15,0.15,0.1,0.15,0.1
5107,5107,Monticelli Pavese,09,Lombardia,0.15,0.15,0.1,0.15,0.1
5108,5108,Monticelli Terme,,Emilia-romagna",0.15,0.15,0.1,0.15,0.1
5109,5109,Monticello,09,Lombardia,0.15,0.15,0.1,0.15,0.1
5110,5110,Monticello Brianza,09,Lombardia,0.15,0.15,0.1,0.15,0.1
5111,5111,Monticello Conte Otto,20,Veneto,0.15,0.15,0.1,0.15,0.1
5112,5112,Montichiari,09,Lombardia,0.15,0.15,0.1,0.15,0.1
5113,5113,Monticiano,16,Toscana,0.15,0.15,0.1,0.15,0.1
5114,5114,Montieri,16,Toscana,0.15,0.15,0.1,0.15,0.1
5115,5115,Montiglio,12,Piemonte,0.15,0.15,0.1,0.15,0.1
5116,5116,Montignoso,16,Toscana,0.15,0.15,0.1,0.15,0.1
5117,5117,Montirone,09,Lombardia,0.15,0.15,0.1,0.15,0.1
5118,5118,Montjovet,,Autonoma Valle D'aosta,0.15,0.15,0.1,0.15,0.1
5119,5119,Montodine,09,Lombardia,0.15,0.15,0.1,0.15,0.1
5120,5120,Montoggio,,Liguria",0.15,0.15,0.1,0.15,0.1
5121,5121,Montonate,09,Lombardia,0.15,0.15,0.1,0.15,0.1
5122,5122,Montone,18,Umbria,0.15,0.15,0.1,0.15,0.1
5123,5123,Montopoli,16,Toscana,0.15,0.15,0.1,0.15,0.1
5124,5124,Montorfano,09,Lombardia,0.15,0.15,0.1,0.15,0.1
5125,5125,Montorio,20,Veneto,0.15,0.15,0.1,0.15,0.1
5126,5126,Montorio Nei Frentani,11,Molise,0.15,0.15,0.1,0.15,0.1
5127,5127,Montorio Romano,07,Lazio,0.15,0.15,0.1,0.15,0.1
5128,5128,Montoro,10,Marche,0.15,0.15,0.1,0.15,0.1
5129,5129,Montoro Superiore,04,Campania,0.15,0.15,0.1,0.15,0.1
5130,5130,Montorso Vicentino,20,Veneto,0.15,0.15,0.1,0.15,0.1
5131,5131,Montottone,10,Marche,0.15,0.15,0.1,0.15,0.1
5132,5132,Montresta,,Autonoma Della Sardegna,0.15,0.15,0.1,0.15,0.1
5133,5133,Monvalle,09,Lombardia,0.15,0.15,0.1,0.15,0.1
5134,5134,Monza,09,Lombardia,0.15,0.15,0.1,0.15,0.1
5135,5135,Monzambano,09,Lombardia,0.15,0.15,0.1,0.15,0.1
5136,5136,Monzone,16,Toscana,0.15,0.15,0.1,0.15,0.1
5137,5137,Monzoro,09,Lombardia,0.15,0.15,0.1,0.15,0.1
5138,5138,Monzuno,,Emilia-romagna",0.15,0.15,0.1,0.15,0.1
5139,5139,Morano Calabro,03,Calabria,0.15,0.15,0.1,0.15,0.1
5140,5140,Moransengo,12,Piemonte,0.15,0.15,0.1,0.15,0.1
5141,5141,Moraro,06,Friuli-venezia Giulia,0.15,0.15,0.1,0.15,0.1
5142,5142,Morazzone,09,Lombardia,0.15,0.15,0.1,0.15,0.1
5143,5143,Morbegno,09,Lombardia,0.15,0.15,0.1,0.15,0.1
5144,5144,Morbello,12,Piemonte,0.15,0.15,0.1,0.15,0.1
5145,5145,Morcone,04,Campania,0.15,0.15,0.1,0.15,0.1
5146,5146,Mordano,,Emilia-romagna",0.15,0.15,0.1,0.15,0.1
5147,5147,Morengo,09,Lombardia,0.15,0.15,0.1,0.15,0.1
5148,5148,Mores,,Autonoma Della Sardegna,0.15,0.15,0.1,0.15,0.1
5149,5149,Moresco,10,Marche,0.15,0.15,0.1,0.15,0.1
5150,5150,Moretta,12,Piemonte,0.15,0.15,0.1,0.15,0.1
5151,5151,Morfasso,,Emilia-romagna",0.15,0.15,0.1,0.15,0.1
5152,5152,Morgex,,Autonoma Valle D'aosta,0.15,0.15,0.1,0.15,0.1
5153,5153,Morgongiori,,Autonoma Della Sardegna,0.15,0.15,0.1,0.15,0.1
5154,5154,Mori,17,Trentino-alto Adige,0.15,0.15,0.1,0.15,0.1
5155,5155,Moricone,07,Lazio,0.15,0.15,0.1,0.15,0.1
5156,5156,Morigerati,04,Campania,0.15,0.15,0.1,0.15,0.1
5157,5157,Morimondo,09,Lombardia,0.15,0.15,0.1,0.15,0.1
5158,5158,Morino,01,Abruzzi,0.15,0.15,0.1,0.15,0.1
5159,5159,Moriondo Torinese,12,Piemonte,0.15,0.15,0.1,0.15,0.1
5160,5160,Morlupo,07,Lazio,0.15,0.15,0.1,0.15,0.1
5161,5161,Mormanno,03,Calabria,0.15,0.15,0.1,0.15,0.1
5162,5162,Mornago,09,Lombardia,0.15,0.15,0.1,0.15,0.1
5163,5163,Mornese,12,Piemonte,0.15,0.15,0.1,0.15,0.1
5164,5164,Mornico,09,Lombardia,0.15,0.15,0.1,0.15,0.1
5165,5165,Mornico Losana,09,Lombardia,0.15,0.15,0.1,0.15,0.1
5166,5166,Moro,20,Veneto,0.15,0.15,0.1,0.15,0.1
5167,5167,Morolo,07,Lazio,0.15,0.15,0.1,0.15,0.1
5168,5168,Morozzo,12,Piemonte,0.15,0.15,0.1,0.15,0.1
5169,5169,Morro Reatino,07,Lazio,0.15,0.15,0.1,0.15,0.1
5170,5170,Morrovalle,10,Marche,0.15,0.15,0.1,0.15,0.1
5171,5171,Morsano,06,Friuli-venezia Giulia,0.15,0.15,0.1,0.15,0.1
5172,5172,Morsasco,12,Piemonte,0.15,0.15,0.1,0.15,0.1
5173,5173,Mortara,09,Lombardia,0.15,0.15,0.1,0.15,0.1
5174,5174,Mortegliano,06,Friuli-venezia Giulia,0.15,0.15,0.1,0.15,0.1
5175,5175,Morter,17,Trentino-alto Adige,0.15,0.15,0.1,0.15,0.1
5176,5176,Morterone,09,Lombardia,0.15,0.15,0.1,0.15,0.1
5177,5177,Mortizza,,Emilia-romagna",0.15,0.15,0.1,0.15,0.1
5178,5178,Moruzzo,06,Friuli-venezia Giulia,0.15,0.15,0.1,0.15,0.1
5179,5179,Moscazzano,09,Lombardia,0.15,0.15,0.1,0.15,0.1
5180,5180,Moschiano,04,Campania,0.15,0.15,0.1,0.15,0.1
5181,5181,Mosciano Sant'Angelo,01,Abruzzi,0.15,0.15,0.1,0.15,0.1
5182,5182,Moscufo,01,Abruzzi,0.15,0.15,0.1,0.15,0.1
5183,5183,Mosnigo,20,Veneto,0.15,0.15,0.1,0.15,0.1
5184,5184,Mosorrofa,03,Calabria,0.15,0.15,0.1,0.15,0.1
5185,5185,Mossa,06,Friuli-venezia Giulia,0.15,0.15,0.1,0.15,0.1
5186,5186,Mossano,20,Veneto,0.15,0.15,0.1,0.15,0.1
5187,5187,Mossini,09,Lombardia,0.15,0.15,0.1,0.15,0.1
5188,5188,Mosso,12,Piemonte,0.15,0.15,0.1,0.15,0.1
5189,5189,Motella,09,Lombardia,0.15,0.15,0.1,0.15,0.1
5190,5190,Motta,12,Piemonte,0.15,0.15,0.1,0.15,0.1
5191,5191,Motta,20,Veneto,0.15,0.15,0.1,0.15,0.1
5192,5192,Motta Baluffi,09,Lombardia,0.15,0.15,0.1,0.15,0.1
5193,5193,Motta Camastra,,Autonoma Siciliana,0.15,0.15,0.1,0.15,0.1
5194,5194,Motta Montecorvino,13,Puglia,0.15,0.15,0.1,0.15,0.1
5195,5195,Motta San Giovanni,03,Calabria,0.15,0.15,0.1,0.15,0.1
5196,5196,Motta Sant'Anastasia,,Autonoma Siciliana,0.15,0.15,0.1,0.15,0.1
5197,5197,Motta Santa Lucia,03,Calabria,0.15,0.15,0.1,0.15,0.1
5198,5198,Motta Visconti,09,Lombardia,0.15,0.15,0.1,0.15,0.1
5199,5199,Mottafollone,03,Calabria,0.15,0.15,0.1,0.15,0.1
5200,5200,Mottalciata,12,Piemonte,0.15,0.15,0.1,0.15,0.1
5201,5201,Motteggiana,09,Lombardia,0.15,0.15,0.1,0.15,0.1
5202,5202,Mottella,09,Lombardia,0.15,0.15,0.1,0.15,0.1
5203,5203,Mottola,13,Puglia,0.15,0.15,0.1,0.15,0.1
5204,5204,Mozzagrogna,01,Abruzzi,0.15,0.15,0.1,0.15,0.1
5205,5205,Mozzanica,09,Lombardia,0.15,0.15,0.1,0.15,0.1
5206,5206,Mozzano,10,Marche,0.15,0.15,0.1,0.15,0.1
5207,5207,Mozzate,09,Lombardia,0.15,0.15,0.1,0.15,0.1
5208,5208,Mozzecane,20,Veneto,0.15,0.15,0.1,0.15,0.1
5209,5209,Mozzo,09,Lombardia,0.15,0.15,0.1,0.15,0.1
5210,5210,Muccia,10,Marche,0.15,0.15,0.1,0.15,0.1
5211,5211,Muggia,06,Friuli-venezia Giulia,0.15,0.15,0.1,0.15,0.1
5212,5212,Muggio,09,Lombardia,0.15,0.15,0.1,0.15,0.1
5213,5213,Mugnano,18,Umbria,0.15,0.15,0.1,0.15,0.1
5214,5214,Mulazzano,09,Lombardia,0.15,0.15,0.1,0.15,0.1
5215,5215,Mulazzano Ponte,,Emilia-romagna",0.15,0.15,0.1,0.15,0.1
5216,5216,Mulazzo,16,Toscana,0.15,0.15,0.1,0.15,0.1
5217,5217,Mulino,,Emilia-romagna",0.15,0.15,0.1,0.15,0.1
5218,5218,Muliparte,20,Veneto,0.15,0.15,0.1,0.15,0.1
5219,5219,Mura,09,Lombardia,0.15,0.15,0.1,0.15,0.1
5220,5220,Murano,20,Veneto,0.15,0.15,0.1,0.15,0.1
5221,5221,Muravera,,Autonoma Della Sardegna,0.15,0.15,0.1,0.15,0.1
5222,5222,Murazzano,12,Piemonte,0.15,0.15,0.1,0.15,0.1
5223,5223,Mure,20,Veneto,0.15,0.15,0.1,0.15,0.1
5224,5224,Murello,12,Piemonte,0.15,0.15,0.1,0.15,0.1
5225,5225,Murialdo,,Liguria",0.15,0.15,0.1,0.15,0.1
5226,5226,Muris,06,Friuli-venezia Giulia,0.15,0.15,0.1,0.15,0.1
5227,5227,Murisengo,12,Piemonte,0.15,0.15,0.1,0.15,0.1
5228,5228,Murlo,16,Toscana,0.15,0.15,0.1,0.15,0.1
5229,5229,Muro Leccese,13,Puglia,0.15,0.15,0.1,0.15,0.1
5230,5230,Muro Lucano,02,Basilicata,0.15,0.15,0.1,0.15,0.1
5231,5231,Muros,,Autonoma Della Sardegna,0.15,0.15,0.1,0.15,0.1
5232,5232,Musano,20,Veneto,0.15,0.15,0.1,0.15,0.1
5233,5233,Musci,04,Campania,0.15,0.15,0.1,0.15,0.1
5234,5234,Muscoline,09,Lombardia,0.15,0.15,0.1,0.15,0.1
5235,5235,Musei,,Autonoma Della Sardegna,0.15,0.15,0.1,0.15,0.1
5236,5236,Musestre,20,Veneto,0.15,0.15,0.1,0.15,0.1
5237,5237,Musil,06,Friuli-venezia Giulia,0.15,0.15,0.1,0.15,0.1
5238,5238,Musone,10,Marche,0.15,0.15,0.1,0.15,0.1
5239,5239,Musso,09,Lombardia,0.15,0.15,0.1,0.15,0.1
5240,5240,Mussolente,20,Veneto,0.15,0.15,0.1,0.15,0.1
5241,5241,Mussomeli,,Autonoma Siciliana,0.15,0.15,0.1,0.15,0.1
5242,5242,Mussotto,12,Piemonte,0.15,0.15,0.1,0.15,0.1
5243,5243,Mutignano,01,Abruzzi,0.15,0.15,0.1,0.15,0.1
5244,5244,Muzzano,12,Piemonte,0.15,0.15,0.1,0.15,0.1
5245,5245,Nalles,17,Trentino-alto Adige,0.15,0.15,0.1,0.15,0.1
5246,5246,Nanno,17,Trentino-alto Adige,0.15,0.15,0.1,0.15,0.1
5247,5247,Napola,,Autonoma Siciliana,0.15,0.15,0.1,0.15,0.1
5248,5248,Narbolia,,Autonoma Della Sardegna,0.15,0.15,0.1,0.15,0.1
5249,5249,Narcao,,Autonoma Della Sardegna,0.15,0.15,0.1,0.15,0.1
5250,5250,Nardo,13,Puglia,0.15,0.15,0.1,0.15,0.1
5251,5251,Nardodipace,03,Calabria,0.15,0.15,0.1,0.15,0.1
5252,5252,Narni,18,Umbria,0.15,0.15,0.1,0.15,0.1
5253,5253,Narni Scalo,18,Umbria,0.15,0.15,0.1,0.15,0.1
5254,5254,Naro,,Autonoma Siciliana,0.15,0.15,0.1,0.15,0.1
5255,5255,Narzole,12,Piemonte,0.15,0.15,0.1,0.15,0.1
5256,5256,Naso,,Autonoma Siciliana,0.15,0.15,0.1,0.15,0.1
5257,5257,Natile Nuovo,03,Calabria,0.15,0.15,0.1,0.15,0.1
5258,5258,Naturno,17,Trentino-alto Adige,0.15,0.15,0.1,0.15,0.1
5259,5259,Nava,09,Lombardia,0.15,0.15,0.1,0.15,0.1
5260,5260,Nave,06,Friuli-venezia Giulia,0.15,0.15,0.1,0.15,0.1
5261,5261,Nave,09,Lombardia,0.15,0.15,0.1,0.15,0.1
5262,5262,Nave San Rocco,17,Trentino-alto Adige,0.15,0.15,0.1,0.15,0.1
5263,5263,Navelli,01,Abruzzi,0.15,0.15,0.1,0.15,0.1
5264,5264,Nazzano,07,Lazio,0.15,0.15,0.1,0.15,0.1
5265,5265,Nebbiuno,12,Piemonte,0.15,0.15,0.1,0.15,0.1
5266,5266,Nebida,,Autonoma Della Sardegna,0.15,0.15,0.1,0.15,0.1
5267,5267,Negrar,20,Veneto,0.15,0.15,0.1,0.15,0.1
5268,5268,Negrisia,20,Veneto,0.15,0.15,0.1,0.15,0.1
5269,5269,Negrone,09,Lombardia,0.15,0.15,0.1,0.15,0.1
5270,5270,Neirone,,Liguria",0.15,0.15,0.1,0.15,0.1
5271,5271,Nembro,09,Lombardia,0.15,0.15,0.1,0.15,0.1
5272,5272,Nemi,07,Lazio,0.15,0.15,0.1,0.15,0.1
5273,5273,Nemoli,02,Basilicata,0.15,0.15,0.1,0.15,0.1
5274,5274,Neoneli,,Autonoma Della Sardegna,0.15,0.15,0.1,0.15,0.1
5275,5275,Nepezzano,01,Abruzzi,0.15,0.15,0.1,0.15,0.1
5276,5276,Nepi,07,Lazio,0.15,0.15,0.1,0.15,0.1
5277,5277,Nereto,01,Abruzzi,0.15,0.15,0.1,0.15,0.1
5278,5278,Neri,16,Toscana,0.15,0.15,0.1,0.15,0.1
5279,5279,Nerito,01,Abruzzi,0.15,0.15,0.1,0.15,0.1
5280,5280,Nerola,07,Lazio,0.15,0.15,0.1,0.15,0.1
5281,5281,Nerviano,09,Lombardia,0.15,0.15,0.1,0.15,0.1
5282,5282,Nespolo,07,Lazio,0.15,0.15,0.1,0.15,0.1
5283,5283,Nesso,09,Lombardia,0.15,0.15,0.1,0.15,0.1
5284,5284,Netro,12,Piemonte,0.15,0.15,0.1,0.15,0.1
5285,5285,Nettuno,07,Lazio,0.15,0.15,0.1,0.15,0.1
5286,5286,Neviano,13,Puglia,0.15,0.15,0.1,0.15,0.1
5287,5287,Neviglie,12,Piemonte,0.15,0.15,0.1,0.15,0.1
5288,5288,Niardo,09,Lombardia,0.15,0.15,0.1,0.15,0.1
5289,5289,Nibbia,12,Piemonte,0.15,0.15,0.1,0.15,0.1
5290,5290,Nibbiaia,16,Toscana,0.15,0.15,0.1,0.15,0.1
5291,5291,Nibbiano,,Emilia-romagna",0.15,0.15,0.1,0.15,0.1
5292,5292,Nibbiola,12,Piemonte,0.15,0.15,0.1,0.15,0.1
5293,5293,Nibionno,09,Lombardia,0.15,0.15,0.1,0.15,0.1
5294,5294,Nicastro,03,Calabria,0.15,0.15,0.1,0.15,0.1
5295,5295,Nichelino,12,Piemonte,0.15,0.15,0.1,0.15,0.1
5296,5296,Nicolosi,,Autonoma Siciliana,0.15,0.15,0.1,0.15,0.1
5297,5297,Nicorvo,09,Lombardia,0.15,0.15,0.1,0.15,0.1
5298,5298,Nicosia,,Autonoma Siciliana,0.15,0.15,0.1,0.15,0.1
5299,5299,Nicotera,03,Calabria,0.15,0.15,0.1,0.15,0.1
5300,5300,Niella Belbo,12,Piemonte,0.15,0.15,0.1,0.15,0.1
5301,5301,Niella Tanaro,12,Piemonte,0.15,0.15,0.1,0.15,0.1
5302,5302,Nimis,06,Friuli-venezia Giulia,0.15,0.15,0.1,0.15,0.1
5303,5303,Niscemi,,Autonoma Siciliana,0.15,0.15,0.1,0.15,0.1
5304,5304,Nissoria,,Autonoma Siciliana,0.15,0.15,0.1,0.15,0.1
5305,5305,Niviano,,Emilia-romagna",0.15,0.15,0.1,0.15,0.1
5306,5306,Nizza Monferrato,12,Piemonte,0.15,0.15,0.1,0.15,0.1
5307,5307,Noale,20,Veneto,0.15,0.15,0.1,0.15,0.1
5308,5308,Noasca,12,Piemonte,0.15,0.15,0.1,0.15,0.1
5309,5309,Nocara,03,Calabria,0.15,0.15,0.1,0.15,0.1
5310,5310,Nocchi,16,Toscana,0.15,0.15,0.1,0.15,0.1
5311,5311,Nocciano,01,Abruzzi,0.15,0.15,0.1,0.15,0.1
5312,5312,Nocelleto,04,Campania,0.15,0.15,0.1,0.15,0.1
5313,5313,Nocera Inferiore,04,Campania,0.15,0.15,0.1,0.15,0.1
5314,5314,Nocera Superiore,04,Campania,0.15,0.15,0.1,0.15,0.1
5315,5315,Nocera Terinese,03,Calabria,0.15,0.15,0.1,0.15,0.1
5316,5316,Nocera Umbra,18,Umbria,0.15,0.15,0.1,0.15,0.1
5317,5317,Noceto,,Emilia-romagna",0.15,0.15,0.1,0.15,0.1
5318,5318,Noci,13,Puglia,0.15,0.15,0.1,0.15,0.1
5319,5319,Nociglia,13,Puglia,0.15,0.15,0.1,0.15,0.1
5320,5320,Noepoli,02,Basilicata,0.15,0.15,0.1,0.15,0.1
5321,5321,Nogara,20,Veneto,0.15,0.15,0.1,0.15,0.1
5322,5322,Nogarazza,20,Veneto,0.15,0.15,0.1,0.15,0.1
5323,5323,Nogaredo,17,Trentino-alto Adige,0.15,0.15,0.1,0.15,0.1
5324,5324,Nogarole Rocca,20,Veneto,0.15,0.15,0.1,0.15,0.1
5325,5325,Nogarole Vicentino,20,Veneto,0.15,0.15,0.1,0.15,0.1
5326,5326,Noha,13,Puglia,0.15,0.15,0.1,0.15,0.1
5327,5327,Noicattaro,13,Puglia,0.15,0.15,0.1,0.15,0.1
5328,5328,Nola,04,Campania,0.15,0.15,0.1,0.15,0.1
5329,5329,Nole,12,Piemonte,0.15,0.15,0.1,0.15,0.1
5330,5330,Noli,,Liguria",0.15,0.15,0.1,0.15,0.1
5331,5331,Nomaglio,12,Piemonte,0.15,0.15,0.1,0.15,0.1
5332,5332,Nomi,17,Trentino-alto Adige,0.15,0.15,0.1,0.15,0.1
5333,5333,Nonantola,,Emilia-romagna",0.15,0.15,0.1,0.15,0.1
5334,5334,None,12,Piemonte,0.15,0.15,0.1,0.15,0.1
5335,5335,Nonio,12,Piemonte,0.15,0.15,0.1,0.15,0.1
5336,5336,Noragugume,,Autonoma Della Sardegna,0.15,0.15,0.1,0.15,0.1
5337,5337,Norbello,,Autonoma Della Sardegna,0.15,0.15,0.1,0.15,0.1
5338,5338,Norcia,18,Umbria,0.15,0.15,0.1,0.15,0.1
5339,5339,Norma,07,Lazio,0.15,0.15,0.1,0.15,0.1
5340,5340,Nosadello,09,Lombardia,0.15,0.15,0.1,0.15,0.1
5341,5341,Nosate,09,Lombardia,0.15,0.15,0.1,0.15,0.1
5342,5342,Notaresco,01,Abruzzi,0.15,0.15,0.1,0.15,0.1
5343,5343,Noto,,Autonoma Siciliana,0.15,0.15,0.1,0.15,0.1
5344,5344,Nova Levante,17,Trentino-alto Adige,0.15,0.15,0.1,0.15,0.1
5345,5345,Nova Milanese,09,Lombardia,0.15,0.15,0.1,0.15,0.1
5346,5346,Nova Ponente,17,Trentino-alto Adige,0.15,0.15,0.1,0.15,0.1
5347,5347,Nova Siri,02,Basilicata,0.15,0.15,0.1,0.15,0.1
5348,5348,Nova Siri Scalo,02,Basilicata,0.15,0.15,0.1,0.15,0.1
5349,5349,Novacella,17,Trentino-alto Adige,0.15,0.15,0.1,0.15,0.1
5350,5350,Novafeltria,,Emilia-romagna",0.15,0.15,0.1,0.15,0.1
5351,5351,Novagli,09,Lombardia,0.15,0.15,0.1,0.15,0.1
5352,5352,Novaledo,17,Trentino-alto Adige,0.15,0.15,0.1,0.15,0.1
5353,5353,Novalesa,12,Piemonte,0.15,0.15,0.1,0.15,0.1
5354,5354,Novara,12,Piemonte,0.15,0.15,0.1,0.15,0.1
5355,5355,Novaretto,12,Piemonte,0.15,0.15,0.1,0.15,0.1
5356,5356,Novate Mezzola,09,Lombardia,0.15,0.15,0.1,0.15,0.1
5357,5357,Novate Milanese,09,Lombardia,0.15,0.15,0.1,0.15,0.1
5358,5358,Nove,20,Veneto,0.15,0.15,0.1,0.15,0.1
5359,5359,Novedrate,09,Lombardia,0.15,0.15,0.1,0.15,0.1
5360,5360,Novellara,,Emilia-romagna",0.15,0.15,0.1,0.15,0.1
5361,5361,Novello,12,Piemonte,0.15,0.15,0.1,0.15,0.1
5362,5362,Noventa,20,Veneto,0.15,0.15,0.1,0.15,0.1
5363,5363,Noventa Vicentina,20,Veneto,0.15,0.15,0.1,0.15,0.1
5364,5364,Novi Ligure,12,Piemonte,0.15,0.15,0.1,0.15,0.1
5365,5365,Novi Velia,04,Campania,0.15,0.15,0.1,0.15,0.1
5366,5366,Noviglio,09,Lombardia,0.15,0.15,0.1,0.15,0.1
5367,5367,Novoledo,20,Veneto,0.15,0.15,0.1,0.15,0.1
5368,5368,Novoli,13,Puglia,0.15,0.15,0.1,0.15,0.1
5369,5369,Nubia,,Autonoma Siciliana,0.15,0.15,0.1,0.15,0.1
5370,5370,Nucetto,12,Piemonte,0.15,0.15,0.1,0.15,0.1
5371,5371,Nughedu San Nicolo,,Autonoma Della Sardegna,0.15,0.15,0.1,0.15,0.1
5372,5372,Nughedu Santa Vittoria,,Autonoma Della Sardegna,0.15,0.15,0.1,0.15,0.1
5373,5373,Nugola,16,Toscana,0.15,0.15,0.1,0.15,0.1
5374,5374,Nule,,Autonoma Della Sardegna,0.15,0.15,0.1,0.15,0.1
5375,5375,Nulvi,,Autonoma Della Sardegna,0.15,0.15,0.1,0.15,0.1
5376,5376,Numana,10,Marche,0.15,0.15,0.1,0.15,0.1
5377,5377,Nunziata,,Autonoma Siciliana,0.15,0.15,0.1,0.15,0.1
5378,5378,Nuoro,,Autonoma Della Sardegna,0.15,0.15,0.1,0.15,0.1
5379,5379,Nurachi,,Autonoma Della Sardegna,0.15,0.15,0.1,0.15,0.1
5380,5380,Nuragus,,Autonoma Della Sardegna,0.15,0.15,0.1,0.15,0.1
5381,5381,Nurallao,,Autonoma Della Sardegna,0.15,0.15,0.1,0.15,0.1
5382,5382,Nuraminis,,Autonoma Della Sardegna,0.15,0.15,0.1,0.15,0.1
5383,5383,Nuraxi Figus,,Autonoma Della Sardegna,0.15,0.15,0.1,0.15,0.1
5384,5384,Nuraxinieddu,,Autonoma Della Sardegna,0.15,0.15,0.1,0.15,0.1
5385,5385,Nureci,,Autonoma Della Sardegna,0.15,0.15,0.1,0.15,0.1
5386,5386,Nurri,,Autonoma Della Sardegna,0.15,0.15,0.1,0.15,0.1
5387,5387,Nus,,Autonoma Valle D'aosta,0.15,0.15,0.1,0.15,0.1
5388,5388,Nusco,04,Campania,0.15,0.15,0.1,0.15,0.1
5389,5389,Nuvolento,09,Lombardia,0.15,0.15,0.1,0.15,0.1
5390,5390,Nuvolera,09,Lombardia,0.15,0.15,0.1,0.15,0.1
5391,5391,Nuxis,,Autonoma Della Sardegna,0.15,0.15,0.1,0.15,0.1
5392,5392,Occagno,09,Lombardia,0.15,0.15,0.1,0.15,0.1
5393,5393,Occhieppo Inferiore,12,Piemonte,0.15,0.15,0.1,0.15,0.1
5394,5394,Occhieppo Superiore,12,Piemonte,0.15,0.15,0.1,0.15,0.1
5395,5395,Occhiobello,20,Veneto,0.15,0.15,0.1,0.15,0.1
5396,5396,Occimiano,12,Piemonte,0.15,0.15,0.1,0.15,0.1
5397,5397,Odalengo Grande,12,Piemonte,0.15,0.15,0.1,0.15,0.1
5398,5398,Odalengo Piccolo,12,Piemonte,0.15,0.15,0.1,0.15,0.1
5399,5399,Oderzo,20,Veneto,0.15,0.15,0.1,0.15,0.1
5400,5400,Odolo,09,Lombardia,0.15,0.15,0.1,0.15,0.1
5401,5401,Ofena,01,Abruzzi,0.15,0.15,0.1,0.15,0.1
5402,5402,Offagna,10,Marche,0.15,0.15,0.1,0.15,0.1
5403,5403,Offanengo,09,Lombardia,0.15,0.15,0.1,0.15,0.1
5404,5404,Offida,10,Marche,0.15,0.15,0.1,0.15,0.1
5405,5405,Offlaga,09,Lombardia,0.15,0.15,0.1,0.15,0.1
5406,5406,Oggebbio,12,Piemonte,0.15,0.15,0.1,0.15,0.1
5407,5407,Oggiono,09,Lombardia,0.15,0.15,0.1,0.15,0.1
5408,5408,Oglianico,12,Piemonte,0.15,0.15,0.1,0.15,0.1
5409,5409,Ogliastro Cilento,04,Campania,0.15,0.15,0.1,0.15,0.1
5410,5410,Olbia,,Autonoma Della Sardegna,0.15,0.15,0.1,0.15,0.1
5411,5411,Olcenengo,12,Piemonte,0.15,0.15,0.1,0.15,0.1
5412,5412,Oldenico,12,Piemonte,0.15,0.15,0.1,0.15,0.1
5413,5413,Oleggio,12,Piemonte,0.15,0.15,0.1,0.15,0.1
5414,5414,Oleggio Castello,12,Piemonte,0.15,0.15,0.1,0.15,0.1
5415,5415,Olevano Romano,07,Lazio,0.15,0.15,0.1,0.15,0.1
5416,5416,Olgiate Comasco,09,Lombardia,0.15,0.15,0.1,0.15,0.1
5417,5417,Olgiate Molgora,09,Lombardia,0.15,0.15,0.1,0.15,0.1
5418,5418,Olgiate Olona,09,Lombardia,0.15,0.15,0.1,0.15,0.1
5419,5419,Olginate,09,Lombardia,0.15,0.15,0.1,0.15,0.1
5420,5420,Oliena,,Autonoma Della Sardegna,0.15,0.15,0.1,0.15,0.1
5421,5421,Olimpia,12,Piemonte,0.15,0.15,0.1,0.15,0.1
5422,5422,Oliva Gessi,09,Lombardia,0.15,0.15,0.1,0.15,0.1
5423,5423,Olivadi,03,Calabria,0.15,0.15,0.1,0.15,0.1
5424,5424,Oliveri,,Autonoma Siciliana,0.15,0.15,0.1,0.15,0.1
5425,5425,Oliveto,18,Umbria,0.15,0.15,0.1,0.15,0.1
5426,5426,Oliveto Citra,04,Campania,0.15,0.15,0.1,0.15,0.1
5427,5427,Oliveto Lucano,02,Basilicata,0.15,0.15,0.1,0.15,0.1
5428,5428,Olivetta San Michele,,Liguria",0.15,0.15,0.1,0.15,0.1
5429,5429,Olivola,12,Piemonte,0.15,0.15,0.1,0.15,0.1
5430,5430,Ollastra,,Autonoma Della Sardegna,0.15,0.15,0.1,0.15,0.1
5431,5431,Olle,17,Trentino-alto Adige,0.15,0.15,0.1,0.15,0.1
5432,5432,Ollolai,,Autonoma Della Sardegna,0.15,0.15,0.1,0.15,0.1
5433,5433,Ollomont,,Autonoma Valle D'aosta,0.15,0.15,0.1,0.15,0.1
5434,5434,Olmedo,,Autonoma Della Sardegna,0.15,0.15,0.1,0.15,0.1
5435,5435,Olmeneta,09,Lombardia,0.15,0.15,0.1,0.15,0.1
5436,5436,Olmo Gentile,12,Piemonte,0.15,0.15,0.1,0.15,0.1
5437,5437,Oltre Brenta,20,Veneto,0.15,0.15,0.1,0.15,0.1
5438,5438,Oltre Il Colle,09,Lombardia,0.15,0.15,0.1,0.15,0.1
5439,5439,Oltressenda Alta,09,Lombardia,0.15,0.15,0.1,0.15,0.1
5440,5440,Olzai,,Autonoma Della Sardegna,0.15,0.15,0.1,0.15,0.1
5441,5441,Ome,09,Lombardia,0.15,0.15,0.1,0.15,0.1
5442,5442,Omegna,12,Piemonte,0.15,0.15,0.1,0.15,0.1
5443,5443,Omignano,04,Campania,0.15,0.15,0.1,0.15,0.1
5444,5444,Omignano Scalo,04,Campania,0.15,0.15,0.1,0.15,0.1
5445,5445,Onani,,Autonoma Della Sardegna,0.15,0.15,0.1,0.15,0.1
5446,5446,Onano,07,Lazio,0.15,0.15,0.1,0.15,0.1
5447,5447,Oncino,12,Piemonte,0.15,0.15,0.1,0.15,0.1
5448,5448,One,20,Veneto,0.15,0.15,0.1,0.15,0.1
5449,5449,Oneta,09,Lombardia,0.15,0.15,0.1,0.15,0.1
5450,5450,Onifai,,Autonoma Della Sardegna,0.15,0.15,0.1,0.15,0.1
5451,5451,Oniferi,,Autonoma Della Sardegna,0.15,0.15,0.1,0.15,0.1
5452,5452,Onigo,20,Veneto,0.15,0.15,0.1,0.15,0.1
5453,5453,Ono San Pietro,09,Lombardia,0.15,0.15,0.1,0.15,0.1
5454,5454,Onore,09,Lombardia,0.15,0.15,0.1,0.15,0.1
5455,5455,Onzo,,Liguria",0.15,0.15,0.1,0.15,0.1
5456,5456,Opera,09,Lombardia,0.15,0.15,0.1,0.15,0.1
5457,5457,Opi,01,Abruzzi,0.15,0.15,0.1,0.15,0.1
5458,5458,Oppeano,20,Veneto,0.15,0.15,0.1,0.15,0.1
5459,5459,Oppido Lucano,02,Basilicata,0.15,0.15,0.1,0.15,0.1
5460,5460,Oppido Mamertina,03,Calabria,0.15,0.15,0.1,0.15,0.1
5461,5461,Ora,17,Trentino-alto Adige,0.15,0.15,0.1,0.15,0.1
5462,5462,Orani,,Autonoma Della Sardegna,0.15,0.15,0.1,0.15,0.1
5463,5463,Oratino,11,Molise,0.15,0.15,0.1,0.15,0.1
5464,5464,Orbassano,12,Piemonte,0.15,0.15,0.1,0.15,0.1
5465,5465,Orbetello,16,Toscana,0.15,0.15,0.1,0.15,0.1
5466,5466,Orbetello Scalo,16,Toscana,0.15,0.15,0.1,0.15,0.1
5467,5467,Orcenico Inferiore,06,Friuli-venezia Giulia,0.15,0.15,0.1,0.15,0.1
5468,5468,Orciano Pisano,16,Toscana,0.15,0.15,0.1,0.15,0.1
5469,5469,Orco Feglino,,Liguria",0.15,0.15,0.1,0.15,0.1
5470,5470,Ordona,13,Puglia,0.15,0.15,0.1,0.15,0.1
5471,5471,Orentano,16,Toscana,0.15,0.15,0.1,0.15,0.1
5472,5472,Orero,,Liguria",0.15,0.15,0.1,0.15,0.1
5473,5473,Orezzo,09,Lombardia,0.15,0.15,0.1,0.15,0.1
5474,5474,Orgiano,20,Veneto,0.15,0.15,0.1,0.15,0.1
5475,5475,Orgosolo,,Autonoma Della Sardegna,0.15,0.15,0.1,0.15,0.1
5476,5476,Oria,13,Puglia,0.15,0.15,0.1,0.15,0.1
5477,5477,Oricola,01,Abruzzi,0.15,0.15,0.1,0.15,0.1
5478,5478,Origgio,09,Lombardia,0.15,0.15,0.1,0.15,0.1
5479,5479,Orino,09,Lombardia,0.15,0.15,0.1,0.15,0.1
5480,5480,Orio Canavese,12,Piemonte,0.15,0.15,0.1,0.15,0.1
5481,5481,Orio Litta,09,Lombardia,0.15,0.15,0.1,0.15,0.1
5482,5482,Oriolo,03,Calabria,0.15,0.15,0.1,0.15,0.1
5483,5483,Oriolo Romano,07,Lazio,0.15,0.15,0.1,0.15,0.1
5484,5484,Oris,17,Trentino-alto Adige,0.15,0.15,0.1,0.15,0.1
5485,5485,Oristano,,Autonoma Della Sardegna,0.15,0.15,0.1,0.15,0.1
5486,5486,Ormea,12,Piemonte,0.15,0.15,0.1,0.15,0.1
5487,5487,Ormelle,20,Veneto,0.15,0.15,0.1,0.15,0.1
5488,5488,Ornago,09,Lombardia,0.15,0.15,0.1,0.15,0.1
5489,5489,Ornavasso,12,Piemonte,0.15,0.15,0.1,0.15,0.1
5490,5490,Ornica,09,Lombardia,0.15,0.15,0.1,0.15,0.1
5491,5491,Orosei,,Autonoma Della Sardegna,0.15,0.15,0.1,0.15,0.1
5492,5492,Orotelli,,Autonoma Della Sardegna,0.15,0.15,0.1,0.15,0.1
5493,5493,Orria,04,Campania,0.15,0.15,0.1,0.15,0.1
5494,5494,Orroli,,Autonoma Della Sardegna,0.15,0.15,0.1,0.15,0.1
5495,5495,Orsago,20,Veneto,0.15,0.15,0.1,0.15,0.1
5496,5496,Orsara Bormida,12,Piemonte,0.15,0.15,0.1,0.15,0.1
5497,5497,Orsaria,06,Friuli-venezia Giulia,0.15,0.15,0.1,0.15,0.1
5498,5498,Orsenigo,09,Lombardia,0.15,0.15,0.1,0.15,0.1
5499,5499,Orsogna,01,Abruzzi,0.15,0.15,0.1,0.15,0.1
5500,5500,Orsomarso,03,Calabria,0.15,0.15,0.1,0.15,0.1
5501,5501,Orta Nova,13,Puglia,0.15,0.15,0.1,0.15,0.1
5502,5502,Orta San Giulio,12,Piemonte,0.15,0.15,0.1,0.15,0.1
5503,5503,Ortacesus,,Autonoma Della Sardegna,0.15,0.15,0.1,0.15,0.1
5504,5504,Orte,07,Lazio,0.15,0.15,0.1,0.15,0.1
5505,5505,Orte Scalo,07,Lazio,0.15,0.15,0.1,0.15,0.1
5506,5506,Ortelle,13,Puglia,0.15,0.15,0.1,0.15,0.1
5507,5507,Ortezzano,10,Marche,0.15,0.15,0.1,0.15,0.1
5508,5508,Ortignano Raggiolo,16,Toscana,0.15,0.15,0.1,0.15,0.1
5509,5509,Ortisei,17,Trentino-alto Adige,0.15,0.15,0.1,0.15,0.1
5510,5510,Ortomatera,03,Calabria,0.15,0.15,0.1,0.15,0.1
5511,5511,Ortona,01,Abruzzi,0.15,0.15,0.1,0.15,0.1
5512,5512,Ortovero,,Liguria",0.15,0.15,0.1,0.15,0.1
5513,5513,Ortucchio,01,Abruzzi,0.15,0.15,0.1,0.15,0.1
5514,5514,Ortueri,,Autonoma Della Sardegna,0.15,0.15,0.1,0.15,0.1
5515,5515,Orune,,Autonoma Della Sardegna,0.15,0.15,0.1,0.15,0.1
5516,5516,Orvieto,18,Umbria,0.15,0.15,0.1,0.15,0.1
5517,5517,Orvieto Scalo,18,Umbria,0.15,0.15,0.1,0.15,0.1
5518,5518,Orvinio,07,Lazio,0.15,0.15,0.1,0.15,0.1
5519,5519,Orzano,06,Friuli-venezia Giulia,0.15,0.15,0.1,0.15,0.1
5520,5520,Orzinuovi,09,Lombardia,0.15,0.15,0.1,0.15,0.1
5521,5521,Orzivecchi,09,Lombardia,0.15,0.15,0.1,0.15,0.1
5522,5522,Osasco,12,Piemonte,0.15,0.15,0.1,0.15,0.1
5523,5523,Osasio,12,Piemonte,0.15,0.15,0.1,0.15,0.1
5524,5524,Oschiri,,Autonoma Della Sardegna,0.15,0.15,0.1,0.15,0.1
5525,5525,Osidda,,Autonoma Della Sardegna,0.15,0.15,0.1,0.15,0.1
5526,5526,Osiglia,,Liguria",0.15,0.15,0.1,0.15,0.1
5527,5527,Osigo,09,Lombardia,0.15,0.15,0.1,0.15,0.1
5528,5528,Osigo,20,Veneto,0.15,0.15,0.1,0.15,0.1
5529,5529,Osilo,,Autonoma Della Sardegna,0.15,0.15,0.1,0.15,0.1
5530,5530,Osimo,10,Marche,0.15,0.15,0.1,0.15,0.1
5531,5531,Osini,,Autonoma Della Sardegna,0.15,0.15,0.1,0.15,0.1
5532,5532,Osio Sopra,09,Lombardia,0.15,0.15,0.1,0.15,0.1
5533,5533,Osio Sotto,09,Lombardia,0.15,0.15,0.1,0.15,0.1
5534,5534,Osmate,09,Lombardia,0.15,0.15,0.1,0.15,0.1
5535,5535,Osnago,09,Lombardia,0.15,0.15,0.1,0.15,0.1
5536,5536,Osoppo,06,Friuli-venezia Giulia,0.15,0.15,0.1,0.15,0.1
5537,5537,Ospedaletti,,Liguria",0.15,0.15,0.1,0.15,0.1
5538,5538,Ospedaletto,,Emilia-romagna",0.15,0.15,0.1,0.15,0.1
5539,5539,Ospedaletto,20,Veneto,0.15,0.15,0.1,0.15,0.1
5540,5540,Ospedaletto,17,Trentino-alto Adige,0.15,0.15,0.1,0.15,0.1
5541,5541,Ospedaletto Euganeo,20,Veneto,0.15,0.15,0.1,0.15,0.1
5542,5542,Ospedaletto Lodigiano,09,Lombardia,0.15,0.15,0.1,0.15,0.1
5543,5543,Ospedalicchio,18,Umbria,0.15,0.15,0.1,0.15,0.1
5544,5544,Ospital Monacale,,Emilia-romagna",0.15,0.15,0.1,0.15,0.1
5545,5545,Ospitaletto,09,Lombardia,0.15,0.15,0.1,0.15,0.1
5546,5546,Ossago Lodigiano,09,Lombardia,0.15,0.15,0.1,0.15,0.1
5547,5547,Ossana,17,Trentino-alto Adige,0.15,0.15,0.1,0.15,0.1
5548,5548,Ossi,,Autonoma Della Sardegna,0.15,0.15,0.1,0.15,0.1
5549,5549,Ossimo Inferiore,09,Lombardia,0.15,0.15,0.1,0.15,0.1
5550,5550,Ossimo Superiore,09,Lombardia,0.15,0.15,0.1,0.15,0.1
5551,5551,Ossona,09,Lombardia,0.15,0.15,0.1,0.15,0.1
5552,5552,Ossuccio,09,Lombardia,0.15,0.15,0.1,0.15,0.1
5553,5553,Ostana,12,Piemonte,0.15,0.15,0.1,0.15,0.1
5554,5554,Ostellato,,Emilia-romagna",0.15,0.15,0.1,0.15,0.1
5555,5555,Osteno,09,Lombardia,0.15,0.15,0.1,0.15,0.1
5556,5556,Osteria,10,Marche,0.15,0.15,0.1,0.15,0.1
5557,5557,Osteria Grande,,Emilia-romagna",0.15,0.15,0.1,0.15,0.1
5558,5558,Osteria Nuova,,Emilia-romagna",0.15,0.15,0.1,0.15,0.1
5559,5559,Osteria Nuova,07,Lazio,0.15,0.15,0.1,0.15,0.1
5560,5560,Osteria Nuova,16,Toscana,0.15,0.15,0.1,0.15,0.1
5561,5561,Ostiano,09,Lombardia,0.15,0.15,0.1,0.15,0.1
5562,5562,Ostiglia,09,Lombardia,0.15,0.15,0.1,0.15,0.1
5563,5563,Ostra,10,Marche,0.15,0.15,0.1,0.15,0.1
5564,5564,Ostra Vetere,10,Marche,0.15,0.15,0.1,0.15,0.1
5565,5565,Ostuni,13,Puglia,0.15,0.15,0.1,0.15,0.1
5566,5566,Otranto,13,Puglia,0.15,0.15,0.1,0.15,0.1
5567,5567,Otricoli,18,Umbria,0.15,0.15,0.1,0.15,0.1
5568,5568,Ottana,,Autonoma Della Sardegna,0.15,0.15,0.1,0.15,0.1
5569,5569,Ottati,04,Campania,0.15,0.15,0.1,0.15,0.1
5570,5570,Ottava,,Autonoma Della Sardegna,0.15,0.15,0.1,0.15,0.1
5571,5571,Ottaviano,04,Campania,0.15,0.15,0.1,0.15,0.1
5572,5572,Ottiglio,12,Piemonte,0.15,0.15,0.1,0.15,0.1
5573,5573,Ottobiano,09,Lombardia,0.15,0.15,0.1,0.15,0.1
5574,5574,Ottone,,Emilia-romagna",0.15,0.15,0.1,0.15,0.1
5575,5575,Oulx,12,Piemonte,0.15,0.15,0.1,0.15,0.1
5576,5576,Ovada,12,Piemonte,0.15,0.15,0.1,0.15,0.1
5577,5577,Ovaro,06,Friuli-venezia Giulia,0.15,0.15,0.1,0.15,0.1
5578,5578,Oviglio,12,Piemonte,0.15,0.15,0.1,0.15,0.1
5579,5579,Ovindoli,01,Abruzzi,0.15,0.15,0.1,0.15,0.1
5580,5580,Ovodda,,Autonoma Della Sardegna,0.15,0.15,0.1,0.15,0.1
5581,5581,Oyace,,Autonoma Valle D'aosta,0.15,0.15,0.1,0.15,0.1
5582,5582,Ozegna,12,Piemonte,0.15,0.15,0.1,0.15,0.1
5583,5583,Ozieri,,Autonoma Della Sardegna,0.15,0.15,0.1,0.15,0.1
5584,5584,Ozzano Monferrato,12,Piemonte,0.15,0.15,0.1,0.15,0.1
5585,5585,Ozzano Taro,,Emilia-romagna",0.15,0.15,0.1,0.15,0.1
5586,5586,Ozzero,09,Lombardia,0.15,0.15,0.1,0.15,0.1
5587,5587,Pabillonis,,Autonoma Della Sardegna,0.15,0.15,0.1,0.15,0.1
5588,5588,Paceco,,Autonoma Siciliana,0.15,0.15,0.1,0.15,0.1
5589,5589,Pacentro,01,Abruzzi,0.15,0.15,0.1,0.15,0.1
5590,5590,Pachino,,Autonoma Siciliana,0.15,0.15,0.1,0.15,0.1
5591,5591,Paciano,18,Umbria,0.15,0.15,0.1,0.15,0.1
5592,5592,Padergnone,17,Trentino-alto Adige,0.15,0.15,0.1,0.15,0.1
5593,5593,Paderna,12,Piemonte,0.15,0.15,0.1,0.15,0.1
5594,5594,Padernello,20,Veneto,0.15,0.15,0.1,0.15,0.1
5595,5595,Paderno,20,Veneto,0.15,0.15,0.1,0.15,0.1
5596,5596,Paderno Dugnano,09,Lombardia,0.15,0.15,0.1,0.15,0.1
5597,5597,Paderno Franciacorta,09,Lombardia,0.15,0.15,0.1,0.15,0.1
5598,5598,Paderno Ponchielli,09,Lombardia,0.15,0.15,0.1,0.15,0.1
5599,5599,Padiglione,10,Marche,0.15,0.15,0.1,0.15,0.1
5600,5600,Padivarma,,Liguria",0.15,0.15,0.1,0.15,0.1
5601,5601,Padola,20,Veneto,0.15,0.15,0.1,0.15,0.1
5602,5602,Padova,20,Veneto,0.15,0.15,0.1,0.15,0.1
5603,5603,Padria,,Autonoma Della Sardegna,0.15,0.15,0.1,0.15,0.1
5604,5604,Padru,,Autonoma Della Sardegna,0.15,0.15,0.1,0.15,0.1
5605,5605,Padula,03,Calabria,0.15,0.15,0.1,0.15,0.1
5606,5606,Padula,04,Campania,0.15,0.15,0.1,0.15,0.1
5607,5607,Paduli,04,Campania,0.15,0.15,0.1,0.15,0.1
5608,5608,Padulle,,Emilia-romagna",0.15,0.15,0.1,0.15,0.1
5609,5609,Paesana,12,Piemonte,0.15,0.15,0.1,0.15,0.1
5610,5610,Paese,20,Veneto,0.15,0.15,0.1,0.15,0.1
5611,5611,Pagani,04,Campania,0.15,0.15,0.1,0.15,0.1
5612,5612,Paganico,16,Toscana,0.15,0.15,0.1,0.15,0.1
5613,5613,Paganico Sabino,07,Lazio,0.15,0.15,0.1,0.15,0.1
5614,5614,Pagazzano,09,Lombardia,0.15,0.15,0.1,0.15,0.1
5615,5615,Pagliara,,Autonoma Siciliana,0.15,0.15,0.1,0.15,0.1
5616,5616,Pagliara,04,Campania,0.15,0.15,0.1,0.15,0.1
5617,5617,Pagliare,10,Marche,0.15,0.15,0.1,0.15,0.1
5618,5618,Pagliare,01,Abruzzi,0.15,0.15,0.1,0.15,0.1
5619,5619,Pagliarelle,03,Calabria,0.15,0.15,0.1,0.15,0.1
5620,5620,Paglieta,01,Abruzzi,0.15,0.15,0.1,0.15,0.1
5621,5621,Pagnacco,06,Friuli-venezia Giulia,0.15,0.15,0.1,0.15,0.1
5622,5622,Pagnano,20,Veneto,0.15,0.15,0.1,0.15,0.1
5623,5623,Pagno,12,Piemonte,0.15,0.15,0.1,0.15,0.1
5624,5624,Pagnona,09,Lombardia,0.15,0.15,0.1,0.15,0.1
5625,5625,Pago Veiano,04,Campania,0.15,0.15,0.1,0.15,0.1
5626,5626,Paisco Loveno,09,Lombardia,0.15,0.15,0.1,0.15,0.1
5627,5627,Paitone,09,Lombardia,0.15,0.15,0.1,0.15,0.1
5628,5628,Paladina,09,Lombardia,0.15,0.15,0.1,0.15,0.1
5629,5629,Palagano,,Emilia-romagna",0.15,0.15,0.1,0.15,0.1
5630,5630,Palagianello,13,Puglia,0.15,0.15,0.1,0.15,0.1
5631,5631,Palagiano,13,Puglia,0.15,0.15,0.1,0.15,0.1
5632,5632,Palagonia,,Autonoma Siciliana,0.15,0.15,0.1,0.15,0.1
5633,5633,Palaia,16,Toscana,0.15,0.15,0.1,0.15,0.1
5634,5634,Palanzano,,Emilia-romagna",0.15,0.15,0.1,0.15,0.1
5635,5635,Palata,11,Molise,0.15,0.15,0.1,0.15,0.1
5636,5636,Palata Pepoli,,Emilia-romagna",0.15,0.15,0.1,0.15,0.1
5637,5637,Palau,,Autonoma Della Sardegna,0.15,0.15,0.1,0.15,0.1
5638,5638,Palazzago,09,Lombardia,0.15,0.15,0.1,0.15,0.1
5639,5639,Palazzo,18,Umbria,0.15,0.15,0.1,0.15,0.1
5640,5640,Palazzo Adriano,,Autonoma Siciliana,0.15,0.15,0.1,0.15,0.1
5641,5641,Palazzo Canavese,12,Piemonte,0.15,0.15,0.1,0.15,0.1
5642,5642,Palazzo Pignano,09,Lombardia,0.15,0.15,0.1,0.15,0.1
5643,5643,Palazzo San Gervasio,02,Basilicata,0.15,0.15,0.1,0.15,0.1
5644,5644,Palazzolo,,Autonoma Siciliana,0.15,0.15,0.1,0.15,0.1
5645,5645,Palazzolo Acreide,,Autonoma Siciliana,0.15,0.15,0.1,0.15,0.1
5646,5646,Palazzolo Vercellese,12,Piemonte,0.15,0.15,0.1,0.15,0.1
5647,5647,Palena,01,Abruzzi,0.15,0.15,0.1,0.15,0.1
5648,5648,Palermiti,03,Calabria,0.15,0.15,0.1,0.15,0.1
5649,5649,Palermo,,Autonoma Siciliana,0.15,0.15,0.1,0.15,0.1
5650,5650,Palestrina,07,Lazio,0.15,0.15,0.1,0.15,0.1
5651,5651,Palestro,09,Lombardia,0.15,0.15,0.1,0.15,0.1
5652,5652,Paliano,07,Lazio,0.15,0.15,0.1,0.15,0.1
5653,5653,Palidano,09,Lombardia,0.15,0.15,0.1,0.15,0.1
5654,5654,Palinuro,04,Campania,0.15,0.15,0.1,0.15,0.1
5655,5655,Palizzi,03,Calabria,0.15,0.15,0.1,0.15,0.1
5656,5656,Palizzi Marina,03,Calabria,0.15,0.15,0.1,0.15,0.1
5657,5657,Pallagorio,03,Calabria,0.15,0.15,0.1,0.15,0.1
5658,5658,Pallanzeno,12,Piemonte,0.15,0.15,0.1,0.15,0.1
5659,5659,Pallare,,Liguria",0.15,0.15,0.1,0.15,0.1
5660,5660,Pallerone,16,Toscana,0.15,0.15,0.1,0.15,0.1
5661,5661,Pallone,07,Lazio,0.15,0.15,0.1,0.15,0.1
5662,5662,Palma,,Autonoma Siciliana,0.15,0.15,0.1,0.15,0.1
5663,5663,Palma Campania,04,Campania,0.15,0.15,0.1,0.15,0.1
5664,5664,Palmanova,06,Friuli-venezia Giulia,0.15,0.15,0.1,0.15,0.1
5665,5665,Palmariggi,13,Puglia,0.15,0.15,0.1,0.15,0.1
5666,5666,Palmas Arborea,,Autonoma Della Sardegna,0.15,0.15,0.1,0.15,0.1
5667,5667,Palmi,03,Calabria,0.15,0.15,0.1,0.15,0.1
5668,5668,Palmiano,10,Marche,0.15,0.15,0.1,0.15,0.1
5669,5669,Palmoli,01,Abruzzi,0.15,0.15,0.1,0.15,0.1
5670,5670,Palombaio,13,Puglia,0.15,0.15,0.1,0.15,0.1
5671,5671,Palombara Sabina,07,Lazio,0.15,0.15,0.1,0.15,0.1
5672,5672,Palombaro,01,Abruzzi,0.15,0.15,0.1,0.15,0.1
5673,5673,Palomonte,04,Campania,0.15,0.15,0.1,0.15,0.1
5674,5674,Palosco,09,Lombardia,0.15,0.15,0.1,0.15,0.1
5675,5675,Palse,06,Friuli-venezia Giulia,0.15,0.15,0.1,0.15,0.1
5676,5676,Palu,17,Trentino-alto Adige,0.15,0.15,0.1,0.15,0.1
5677,5677,Palu,20,Veneto,0.15,0.15,0.1,0.15,0.1
5678,5678,Paludi,03,Calabria,0.15,0.15,0.1,0.15,0.1
5679,5679,Paluzza,06,Friuli-venezia Giulia,0.15,0.15,0.1,0.15,0.1
5680,5680,Pamparato,12,Piemonte,0.15,0.15,0.1,0.15,0.1
5681,5681,Pancalieri,12,Piemonte,0.15,0.15,0.1,0.15,0.1
5682,5682,Pancarana,09,Lombardia,0.15,0.15,0.1,0.15,0.1
5683,5683,Panchia,17,Trentino-alto Adige,0.15,0.15,0.1,0.15,0.1
5684,5684,Pandino,09,Lombardia,0.15,0.15,0.1,0.15,0.1
5685,5685,Panettieri,03,Calabria,0.15,0.15,0.1,0.15,0.1
5686,5686,Panicaglia,16,Toscana,0.15,0.15,0.1,0.15,0.1
5687,5687,Panicale,18,Umbria,0.15,0.15,0.1,0.15,0.1
5688,5688,Panicarola,18,Umbria,0.15,0.15,0.1,0.15,0.1
5689,5689,Panighina,,Emilia-romagna",0.15,0.15,0.1,0.15,0.1
5690,5690,Pannaconi,03,Calabria,0.15,0.15,0.1,0.15,0.1
5691,5691,Pannarano,04,Campania,0.15,0.15,0.1,0.15,0.1
5692,5692,Panni,13,Puglia,0.15,0.15,0.1,0.15,0.1
5693,5693,Pantalla,18,Umbria,0.15,0.15,0.1,0.15,0.1
5694,5694,Pantano,13,Puglia,0.15,0.15,0.1,0.15,0.1
5695,5695,Pantelleria,,Autonoma Siciliana,0.15,0.15,0.1,0.15,0.1
5696,5696,Pantianicco,06,Friuli-venezia Giulia,0.15,0.15,0.1,0.15,0.1
5697,5697,Pantigliate,09,Lombardia,0.15,0.15,0.1,0.15,0.1
5698,5698,Paola,03,Calabria,0.15,0.15,0.1,0.15,0.1
5699,5699,Paolisi,04,Campania,0.15,0.15,0.1,0.15,0.1
5700,5700,Papanice,03,Calabria,0.15,0.15,0.1,0.15,0.1
5701,5701,Papariano,06,Friuli-venezia Giulia,0.15,0.15,0.1,0.15,0.1
5702,5702,Papasidero,03,Calabria,0.15,0.15,0.1,0.15,0.1
5703,5703,Papozze,20,Veneto,0.15,0.15,0.1,0.15,0.1
5704,5704,Paquier,,Autonoma Valle D'aosta,0.15,0.15,0.1,0.15,0.1
5705,5705,Parabiago,09,Lombardia,0.15,0.15,0.1,0.15,0.1
5706,5706,Parabita,13,Puglia,0.15,0.15,0.1,0.15,0.1
5707,5707,Paratico,09,Lombardia,0.15,0.15,0.1,0.15,0.1
5708,5708,Paravati,03,Calabria,0.15,0.15,0.1,0.15,0.1
5709,5709,Parcines,17,Trentino-alto Adige,0.15,0.15,0.1,0.15,0.1
5710,5710,Parco,01,Abruzzi,0.15,0.15,0.1,0.15,0.1
5711,5711,Pare,09,Lombardia,0.15,0.15,0.1,0.15,0.1
5712,5712,Parella,12,Piemonte,0.15,0.15,0.1,0.15,0.1
5713,5713,Parenti,03,Calabria,0.15,0.15,0.1,0.15,0.1
5714,5714,Parete,04,Campania,0.15,0.15,0.1,0.15,0.1
5715,5715,Pareto,12,Piemonte,0.15,0.15,0.1,0.15,0.1
5716,5716,Parghelia,03,Calabria,0.15,0.15,0.1,0.15,0.1
5717,5717,Paringianu,,Autonoma Della Sardegna,0.15,0.15,0.1,0.15,0.1
5718,5718,Parlasco,09,Lombardia,0.15,0.15,0.1,0.15,0.1
5719,5719,Parma,,Emilia-romagna",0.15,0.15,0.1,0.15,0.1
5720,5720,Parmezzana Calzana,09,Lombardia,0.15,0.15,0.1,0.15,0.1
5721,5721,Parodi Ligure,12,Piemonte,0.15,0.15,0.1,0.15,0.1
5722,5722,Paroldo,12,Piemonte,0.15,0.15,0.1,0.15,0.1
5723,5723,Parolise,04,Campania,0.15,0.15,0.1,0.15,0.1
5724,5724,Parona,09,Lombardia,0.15,0.15,0.1,0.15,0.1
5725,5725,Parona,20,Veneto,0.15,0.15,0.1,0.15,0.1
5726,5726,Parrano,18,Umbria,0.15,0.15,0.1,0.15,0.1
5727,5727,Parre,09,Lombardia,0.15,0.15,0.1,0.15,0.1
5728,5728,Partanna,,Autonoma Siciliana,0.15,0.15,0.1,0.15,0.1
5729,5729,Partina,16,Toscana,0.15,0.15,0.1,0.15,0.1
5730,5730,Partinico,,Autonoma Siciliana,0.15,0.15,0.1,0.15,0.1
5731,5731,Paruzzaro,12,Piemonte,0.15,0.15,0.1,0.15,0.1
5732,5732,Parzanica,09,Lombardia,0.15,0.15,0.1,0.15,0.1
5733,5733,Pascarola,04,Campania,0.15,0.15,0.1,0.15,0.1
5734,5734,Pasiano,06,Friuli-venezia Giulia,0.15,0.15,0.1,0.15,0.1
5735,5735,Paspardo,09,Lombardia,0.15,0.15,0.1,0.15,0.1
5736,5736,Passaggio,18,Umbria,0.15,0.15,0.1,0.15,0.1
5737,5737,Passarella,20,Veneto,0.15,0.15,0.1,0.15,0.1
5738,5738,Passatore,12,Piemonte,0.15,0.15,0.1,0.15,0.1
5739,5739,Passerano Marmorito,12,Piemonte,0.15,0.15,0.1,0.15,0.1
5740,5740,Passirana,09,Lombardia,0.15,0.15,0.1,0.15,0.1
5741,5741,Passirano,09,Lombardia,0.15,0.15,0.1,0.15,0.1
5742,5742,Passons,06,Friuli-venezia Giulia,0.15,0.15,0.1,0.15,0.1
5743,5743,Pastena,07,Lazio,0.15,0.15,0.1,0.15,0.1
5744,5744,Pastene,04,Campania,0.15,0.15,0.1,0.15,0.1
5745,5745,Pastorano,04,Campania,0.15,0.15,0.1,0.15,0.1
5746,5746,Pastrengo,20,Veneto,0.15,0.15,0.1,0.15,0.1
5747,5747,Pasturago,09,Lombardia,0.15,0.15,0.1,0.15,0.1
5748,5748,Pasturana,12,Piemonte,0.15,0.15,0.1,0.15,0.1
5749,5749,Pasturo,09,Lombardia,0.15,0.15,0.1,0.15,0.1
5750,5750,Paterno,02,Basilicata,0.15,0.15,0.1,0.15,0.1
5751,5751,Paterno,,Autonoma Siciliana,0.15,0.15,0.1,0.15,0.1
5752,5752,Paterno Calabro,03,Calabria,0.15,0.15,0.1,0.15,0.1
5753,5753,Paternopoli,04,Campania,0.15,0.15,0.1,0.15,0.1
5754,5754,Patierno,04,Campania,0.15,0.15,0.1,0.15,0.1
5755,5755,Patrica,07,Lazio,0.15,0.15,0.1,0.15,0.1
5756,5756,Pattada,,Autonoma Della Sardegna,0.15,0.15,0.1,0.15,0.1
5757,5757,Patti,,Autonoma Siciliana,0.15,0.15,0.1,0.15,0.1
5758,5758,Patu,13,Puglia,0.15,0.15,0.1,0.15,0.1
5759,5759,Pau,,Autonoma Della Sardegna,0.15,0.15,0.1,0.15,0.1
5760,5760,Paularo,06,Friuli-venezia Giulia,0.15,0.15,0.1,0.15,0.1
5761,5761,Pauli Arbarei,,Autonoma Della Sardegna,0.15,0.15,0.1,0.15,0.1
5762,5762,Paulilatino,,Autonoma Della Sardegna,0.15,0.15,0.1,0.15,0.1
5763,5763,Paullo,09,Lombardia,0.15,0.15,0.1,0.15,0.1
5764,5764,Paupisi,04,Campania,0.15,0.15,0.1,0.15,0.1
5765,5765,Pavarolo,12,Piemonte,0.15,0.15,0.1,0.15,0.1
5766,5766,Pavia,09,Lombardia,0.15,0.15,0.1,0.15,0.1
5767,5767,Pavigliana,03,Calabria,0.15,0.15,0.1,0.15,0.1
5768,5768,Pavona,07,Lazio,0.15,0.15,0.1,0.15,0.1
5769,5769,Pavone Canavese,12,Piemonte,0.15,0.15,0.1,0.15,0.1
5770,5770,Pazzano,03,Calabria,0.15,0.15,0.1,0.15,0.1
5771,5771,Peccioli,16,Toscana,0.15,0.15,0.1,0.15,0.1
5772,5772,Pecco,12,Piemonte,0.15,0.15,0.1,0.15,0.1
5773,5773,Pecetto,12,Piemonte,0.15,0.15,0.1,0.15,0.1
5774,5774,Pecorara,,Emilia-romagna",0.15,0.15,0.1,0.15,0.1
5775,5775,Pedagaggi,,Autonoma Siciliana,0.15,0.15,0.1,0.15,0.1
5776,5776,Pedali,02,Basilicata,0.15,0.15,0.1,0.15,0.1
5777,5777,Pedalino,,Autonoma Siciliana,0.15,0.15,0.1,0.15,0.1
5778,5778,Pedara,,Autonoma Siciliana,0.15,0.15,0.1,0.15,0.1
5779,5779,Pedaso,10,Marche,0.15,0.15,0.1,0.15,0.1
5780,5780,Pedavena,20,Veneto,0.15,0.15,0.1,0.15,0.1
5781,5781,Pedemonte,20,Veneto,0.15,0.15,0.1,0.15,0.1
5782,5782,Pedemonte,,Liguria",0.15,0.15,0.1,0.15,0.1
5783,5783,Pederiva,20,Veneto,0.15,0.15,0.1,0.15,0.1
5784,5784,Pederobba,20,Veneto,0.15,0.15,0.1,0.15,0.1
5785,5785,Pedersano,17,Trentino-alto Adige,0.15,0.15,0.1,0.15,0.1
5786,5786,Pedesina,09,Lombardia,0.15,0.15,0.1,0.15,0.1
5787,5787,Pedivigliano,03,Calabria,0.15,0.15,0.1,0.15,0.1
5788,5788,Pedrengo,09,Lombardia,0.15,0.15,0.1,0.15,0.1
5789,5789,Peglio,09,Lombardia,0.15,0.15,0.1,0.15,0.1
5790,5790,Peglio,10,Marche,0.15,0.15,0.1,0.15,0.1
5791,5791,Pegognaga,09,Lombardia,0.15,0.15,0.1,0.15,0.1
5792,5792,Pegola,,Emilia-romagna",0.15,0.15,0.1,0.15,0.1
5793,5793,Pegolotte,20,Veneto,0.15,0.15,0.1,0.15,0.1
5794,5794,Peia,09,Lombardia,0.15,0.15,0.1,0.15,0.1
5795,5795,Pelago,16,Toscana,0.15,0.15,0.1,0.15,0.1
5796,5796,Pella,12,Piemonte,0.15,0.15,0.1,0.15,0.1
5797,5797,Pellaro,03,Calabria,0.15,0.15,0.1,0.15,0.1
5798,5798,Pellegrina,20,Veneto,0.15,0.15,0.1,0.15,0.1
5799,5799,Pellegrino Parmense,,Emilia-romagna",0.15,0.15,0.1,0.15,0.1
5800,5800,Pellezzano,04,Campania,0.15,0.15,0.1,0.15,0.1
5801,5801,Pellio Intelvi,09,Lombardia,0.15,0.15,0.1,0.15,0.1
5802,5802,Pellizzano,17,Trentino-alto Adige,0.15,0.15,0.1,0.15,0.1
5803,5803,Pelugo,17,Trentino-alto Adige,0.15,0.15,0.1,0.15,0.1
5804,5804,Penango,12,Piemonte,0.15,0.15,0.1,0.15,0.1
5805,5805,Penitro,07,Lazio,0.15,0.15,0.1,0.15,0.1
5806,5806,Penna,16,Toscana,0.15,0.15,0.1,0.15,0.1
5807,5807,Penna San Giovanni,10,Marche,0.15,0.15,0.1,0.15,0.1
5808,5808,Penna Sant'Andrea,01,Abruzzi,0.15,0.15,0.1,0.15,0.1
5809,5809,Pennabilli,,Emilia-romagna",0.15,0.15,0.1,0.15,0.1
5810,5810,Pennadomo,01,Abruzzi,0.15,0.15,0.1,0.15,0.1
5811,5811,Pennapiedimonte,01,Abruzzi,0.15,0.15,0.1,0.15,0.1
5812,5812,Penne,01,Abruzzi,0.15,0.15,0.1,0.15,0.1
5813,5813,Pennisi,,Autonoma Siciliana,0.15,0.15,0.1,0.15,0.1
5814,5814,Pentone,03,Calabria,0.15,0.15,0.1,0.15,0.1
5815,5815,Penzano,09,Lombardia,0.15,0.15,0.1,0.15,0.1
5816,5816,Pera,17,Trentino-alto Adige,0.15,0.15,0.1,0.15,0.1
5817,5817,Perano,01,Abruzzi,0.15,0.15,0.1,0.15,0.1
5818,5818,Perca,17,Trentino-alto Adige,0.15,0.15,0.1,0.15,0.1
5819,5819,Percile,07,Lazio,0.15,0.15,0.1,0.15,0.1
5820,5820,Percoto,06,Friuli-venezia Giulia,0.15,0.15,0.1,0.15,0.1
5821,5821,Perdasdefogu,,Autonoma Della Sardegna,0.15,0.15,0.1,0.15,0.1
5822,5822,Perdaxius,,Autonoma Della Sardegna,0.15,0.15,0.1,0.15,0.1
5823,5823,Perdifumo,04,Campania,0.15,0.15,0.1,0.15,0.1
5824,5824,Perego,09,Lombardia,0.15,0.15,0.1,0.15,0.1
5825,5825,Pereto,01,Abruzzi,0.15,0.15,0.1,0.15,0.1
5826,5826,Perfugas,,Autonoma Della Sardegna,0.15,0.15,0.1,0.15,0.1
5827,5827,Pergine Valdarno,16,Toscana,0.15,0.15,0.1,0.15,0.1
5828,5828,Pergine Valsugana,17,Trentino-alto Adige,0.15,0.15,0.1,0.15,0.1
5829,5829,Pergola,10,Marche,0.15,0.15,0.1,0.15,0.1
5830,5830,Pergusa,,Autonoma Siciliana,0.15,0.15,0.1,0.15,0.1
5831,5831,Perinaldo,,Liguria",0.15,0.15,0.1,0.15,0.1
5832,5832,Perito,04,Campania,0.15,0.15,0.1,0.15,0.1
5833,5833,Perledo,09,Lombardia,0.15,0.15,0.1,0.15,0.1
5834,5834,Perletto,12,Piemonte,0.15,0.15,0.1,0.15,0.1
5835,5835,Perlo,12,Piemonte,0.15,0.15,0.1,0.15,0.1
5836,5836,Perloz,,Autonoma Valle D'aosta,0.15,0.15,0.1,0.15,0.1
5837,5837,Pernate,12,Piemonte,0.15,0.15,0.1,0.15,0.1
5838,5838,Pernumia,20,Veneto,0.15,0.15,0.1,0.15,0.1
5839,5839,Pero,,Liguria",0.15,0.15,0.1,0.15,0.1
5840,5840,Pero,20,Veneto,0.15,0.15,0.1,0.15,0.1
5841,5841,Pero,09,Lombardia,0.15,0.15,0.1,0.15,0.1
5842,5842,Perosa Argentina,12,Piemonte,0.15,0.15,0.1,0.15,0.1
5843,5843,Perosa Canavese,12,Piemonte,0.15,0.15,0.1,0.15,0.1
5844,5844,Perrero,12,Piemonte,0.15,0.15,0.1,0.15,0.1
5845,5845,Persico Dosimo,09,Lombardia,0.15,0.15,0.1,0.15,0.1
5846,5846,Pertegada,06,Friuli-venezia Giulia,0.15,0.15,0.1,0.15,0.1
5847,5847,Pertengo,12,Piemonte,0.15,0.15,0.1,0.15,0.1
5848,5848,Perteole,06,Friuli-venezia Giulia,0.15,0.15,0.1,0.15,0.1
5849,5849,Pertica Alta,09,Lombardia,0.15,0.15,0.1,0.15,0.1
5850,5850,Pertica Bassa,09,Lombardia,0.15,0.15,0.1,0.15,0.1
5851,5851,Perticara,,Emilia-romagna",0.15,0.15,0.1,0.15,0.1
5852,5852,Pertosa,04,Campania,0.15,0.15,0.1,0.15,0.1
5853,5853,Pertusio,12,Piemonte,0.15,0.15,0.1,0.15,0.1
5854,5854,Perugia,18,Umbria,0.15,0.15,0.1,0.15,0.1
5855,5855,Perzacco,20,Veneto,0.15,0.15,0.1,0.15,0.1
5856,5856,Pesaro,10,Marche,0.15,0.15,0.1,0.15,0.1
5857,5857,Pescaglia,16,Toscana,0.15,0.15,0.1,0.15,0.1
5858,5858,Pescantina,20,Veneto,0.15,0.15,0.1,0.15,0.1
5859,5859,Pescara,01,Abruzzi,0.15,0.15,0.1,0.15,0.1
5860,5860,Pescarolo,09,Lombardia,0.15,0.15,0.1,0.15,0.1
5861,5861,Pescasseroli,01,Abruzzi,0.15,0.15,0.1,0.15,0.1
5862,5862,Pescate,09,Lombardia,0.15,0.15,0.1,0.15,0.1
5863,5863,Pesche,11,Molise,0.15,0.15,0.1,0.15,0.1
5864,5864,Peschici,13,Puglia,0.15,0.15,0.1,0.15,0.1
5865,5865,Pescia,16,Toscana,0.15,0.15,0.1,0.15,0.1
5866,5866,Pescia Romana,07,Lazio,0.15,0.15,0.1,0.15,0.1
5867,5867,Pescina,01,Abruzzi,0.15,0.15,0.1,0.15,0.1
5868,5868,Pesco Sannita,04,Campania,0.15,0.15,0.1,0.15,0.1
5869,5869,Pescocostanzo,01,Abruzzi,0.15,0.15,0.1,0.15,0.1
5870,5870,Pescolanciano,11,Molise,0.15,0.15,0.1,0.15,0.1
5871,5871,Pescopagano,02,Basilicata,0.15,0.15,0.1,0.15,0.1
5872,5872,Pescopagano,04,Campania,0.15,0.15,0.1,0.15,0.1
5873,5873,Pescopennataro,11,Molise,0.15,0.15,0.1,0.15,0.1
5874,5874,Pescorocchiano,07,Lazio,0.15,0.15,0.1,0.15,0.1
5875,5875,Pescosolido,07,Lazio,0.15,0.15,0.1,0.15,0.1
5876,5876,Pessano Con Bornago,09,Lombardia,0.15,0.15,0.1,0.15,0.1
5877,5877,Pessina Cremonese,09,Lombardia,0.15,0.15,0.1,0.15,0.1
5878,5878,Pessinetto,12,Piemonte,0.15,0.15,0.1,0.15,0.1
5879,5879,Pessione,12,Piemonte,0.15,0.15,0.1,0.15,0.1
5880,5880,Petacciato,11,Molise,0.15,0.15,0.1,0.15,0.1
5881,5881,Petilia Policastro,03,Calabria,0.15,0.15,0.1,0.15,0.1
5882,5882,Petina,04,Campania,0.15,0.15,0.1,0.15,0.1
5883,5883,Petralia Soprana,,Autonoma Siciliana,0.15,0.15,0.1,0.15,0.1
5884,5884,Petralia Sottana,,Autonoma Siciliana,0.15,0.15,0.1,0.15,0.1
5885,5885,Petrella Salto,07,Lazio,0.15,0.15,0.1,0.15,0.1
5886,5886,Petrella Tifernina,11,Molise,0.15,0.15,0.1,0.15,0.1
5887,5887,Petriano,10,Marche,0.15,0.15,0.1,0.15,0.1
5888,5888,Petriccione,01,Abruzzi,0.15,0.15,0.1,0.15,0.1
5889,5889,Petrignano,18,Umbria,0.15,0.15,0.1,0.15,0.1
5890,5890,Petriolo,10,Marche,0.15,0.15,0.1,0.15,0.1
5891,5891,Petritoli,10,Marche,0.15,0.15,0.1,0.15,0.1
5892,5892,Petrizzi,03,Calabria,0.15,0.15,0.1,0.15,0.1
5893,5893,Petrona,03,Calabria,0.15,0.15,0.1,0.15,0.1
5894,5894,Petrosino,,Autonoma Siciliana,0.15,0.15,0.1,0.15,0.1
5895,5895,Petruro,04,Campania,0.15,0.15,0.1,0.15,0.1
5896,5896,Petruro Irpino,04,Campania,0.15,0.15,0.1,0.15,0.1
5897,5897,Pettenasco,12,Piemonte,0.15,0.15,0.1,0.15,0.1
5898,5898,Pettinengo,12,Piemonte,0.15,0.15,0.1,0.15,0.1
5899,5899,Pettineo,,Autonoma Siciliana,0.15,0.15,0.1,0.15,0.1
5900,5900,Pettorazza Grimani,20,Veneto,0.15,0.15,0.1,0.15,0.1
5901,5901,Peveragno,12,Piemonte,0.15,0.15,0.1,0.15,0.1
5902,5902,Pezzalunga,04,Campania,0.15,0.15,0.1,0.15,0.1
5903,5903,Pezzan,20,Veneto,0.15,0.15,0.1,0.15,0.1
5904,5904,Pezzana,12,Piemonte,0.15,0.15,0.1,0.15,0.1
5905,5905,Pezzaze,09,Lombardia,0.15,0.15,0.1,0.15,0.1
5906,5906,Pezzolo Valle Uzzone,12,Piemonte,0.15,0.15,0.1,0.15,0.1
5907,5907,Piacenza,,Emilia-romagna",0.15,0.15,0.1,0.15,0.1
5908,5908,Piadena,09,Lombardia,0.15,0.15,0.1,0.15,0.1
5909,5909,Piagge,10,Marche,0.15,0.15,0.1,0.15,0.1
5910,5910,Piaggine,04,Campania,0.15,0.15,0.1,0.15,0.1
5911,5911,Pian Camuno,09,Lombardia,0.15,0.15,0.1,0.15,0.1
5912,5912,Piana Battolla,,Liguria",0.15,0.15,0.1,0.15,0.1
5913,5913,Piana Crixia,,Liguria",0.15,0.15,0.1,0.15,0.1
5914,5914,Piana San Raffaele,12,Piemonte,0.15,0.15,0.1,0.15,0.1
5915,5915,Pianacce,01,Abruzzi,0.15,0.15,0.1,0.15,0.1
5916,5916,Pianazzo,09,Lombardia,0.15,0.15,0.1,0.15,0.1
5917,5917,Piancastagnaio,16,Toscana,0.15,0.15,0.1,0.15,0.1
5918,5918,Piandimeleto,10,Marche,0.15,0.15,0.1,0.15,0.1
5919,5919,Piane,10,Marche,0.15,0.15,0.1,0.15,0.1
5920,5920,Piane Crati,03,Calabria,0.15,0.15,0.1,0.15,0.1
5921,5921,Pianella,01,Abruzzi,0.15,0.15,0.1,0.15,0.1
5922,5922,Pianella,16,Toscana,0.15,0.15,0.1,0.15,0.1
5923,5923,Pianello,10,Marche,0.15,0.15,0.1,0.15,0.1
5924,5924,Pianello Val Tidone,,Emilia-romagna",0.15,0.15,0.1,0.15,0.1
5925,5925,Pianello Vallesina,10,Marche,0.15,0.15,0.1,0.15,0.1
5926,5926,Pianengo,09,Lombardia,0.15,0.15,0.1,0.15,0.1
5927,5927,Pianezza,12,Piemonte,0.15,0.15,0.1,0.15,0.1
5928,5928,Pianezze,20,Veneto,0.15,0.15,0.1,0.15,0.1
5929,5929,Pianfei,12,Piemonte,0.15,0.15,0.1,0.15,0.1
5930,5930,Piangaiano,09,Lombardia,0.15,0.15,0.1,0.15,0.1
5931,5931,Piangipane,,Emilia-romagna",0.15,0.15,0.1,0.15,0.1
5932,5932,Piani,04,Campania,0.15,0.15,0.1,0.15,0.1
5933,5933,Pianico,09,Lombardia,0.15,0.15,0.1,0.15,0.1
5934,5934,Pianiga,20,Veneto,0.15,0.15,0.1,0.15,0.1
5935,5935,Pianillo,04,Campania,0.15,0.15,0.1,0.15,0.1
5936,5936,Pianlungo,18,Umbria,0.15,0.15,0.1,0.15,0.1
5937,5937,Piano,,Liguria",0.15,0.15,0.1,0.15,0.1
5938,5938,Piano,09,Lombardia,0.15,0.15,0.1,0.15,0.1
5939,5939,Piano,04,Campania,0.15,0.15,0.1,0.15,0.1
5940,5940,Pianoconte,,Autonoma Siciliana,0.15,0.15,0.1,0.15,0.1
5941,5941,Pianola,01,Abruzzi,0.15,0.15,0.1,0.15,0.1
5942,5942,Pianopoli,03,Calabria,0.15,0.15,0.1,0.15,0.1
5943,5943,Pianoro,,Emilia-romagna",0.15,0.15,0.1,0.15,0.1
5944,5944,Piansano,07,Lazio,0.15,0.15,0.1,0.15,0.1
5945,5945,Piantedo,09,Lombardia,0.15,0.15,0.1,0.15,0.1
5946,5946,Pianura,04,Campania,0.15,0.15,0.1,0.15,0.1
5947,5947,Pianura Vomano,01,Abruzzi,0.15,0.15,0.1,0.15,0.1
5948,5948,Piario,09,Lombardia,0.15,0.15,0.1,0.15,0.1
5949,5949,Piasco,12,Piemonte,0.15,0.15,0.1,0.15,0.1
5950,5950,Piatto,12,Piemonte,0.15,0.15,0.1,0.15,0.1
5951,5951,Piavon,20,Veneto,0.15,0.15,0.1,0.15,0.1
5952,5952,Piazza,17,Trentino-alto Adige,0.15,0.15,0.1,0.15,0.1
5953,5953,Piazza,09,Lombardia,0.15,0.15,0.1,0.15,0.1
5954,5954,Piazza,20,Veneto,0.15,0.15,0.1,0.15,0.1
5955,5955,Piazza,12,Piemonte,0.15,0.15,0.1,0.15,0.1
5956,5956,Piazza Armerina,,Autonoma Siciliana,0.15,0.15,0.1,0.15,0.1
5957,5957,Piazza Brembana,09,Lombardia,0.15,0.15,0.1,0.15,0.1
5958,5958,Piazza Caduti,09,Lombardia,0.15,0.15,0.1,0.15,0.1
5959,5959,Piazza Roma,04,Campania,0.15,0.15,0.1,0.15,0.1
5960,5960,Piazzatorre,09,Lombardia,0.15,0.15,0.1,0.15,0.1
5961,5961,Piazze,16,Toscana,0.15,0.15,0.1,0.15,0.1
5962,5962,Piazzola,04,Campania,0.15,0.15,0.1,0.15,0.1
5963,5963,Piazzolla,04,Campania,0.15,0.15,0.1,0.15,0.1
5964,5964,Piazzolo,09,Lombardia,0.15,0.15,0.1,0.15,0.1
5965,5965,Piccarello,,Liguria",0.15,0.15,0.1,0.15,0.1
5966,5966,Picciano,01,Abruzzi,0.15,0.15,0.1,0.15,0.1
5967,5967,Picerno,02,Basilicata,0.15,0.15,0.1,0.15,0.1
5968,5968,Picinisco,07,Lazio,0.15,0.15,0.1,0.15,0.1
5969,5969,Pico,07,Lazio,0.15,0.15,0.1,0.15,0.1
5970,5970,Pie' Falcade,20,Veneto,0.15,0.15,0.1,0.15,0.1
5971,5971,Piea,12,Piemonte,0.15,0.15,0.1,0.15,0.1
5972,5972,Piedicavallo,12,Piemonte,0.15,0.15,0.1,0.15,0.1
5973,5973,Piedimonte,04,Campania,0.15,0.15,0.1,0.15,0.1
5974,5974,Piedimonte Etneo,,Autonoma Siciliana,0.15,0.15,0.1,0.15,0.1
5975,5975,Piedimonte Matese,04,Campania,0.15,0.15,0.1,0.15,0.1
5976,5976,Piedimonte San Germano,07,Lazio,0.15,0.15,0.1,0.15,0.1
5977,5977,Piedimonte San Germano Alta,07,Lazio,0.15,0.15,0.1,0.15,0.1
5978,5978,Piedimulera,12,Piemonte,0.15,0.15,0.1,0.15,0.1
5979,5979,Piediripa,10,Marche,0.15,0.15,0.1,0.15,0.1
5980,5980,Piegaro,18,Umbria,0.15,0.15,0.1,0.15,0.1
5981,5981,Pienza,16,Toscana,0.15,0.15,0.1,0.15,0.1
5982,5982,Pieranica,09,Lombardia,0.15,0.15,0.1,0.15,0.1
5983,5983,Pierantonio,18,Umbria,0.15,0.15,0.1,0.15,0.1
5984,5984,Pieris,06,Friuli-venezia Giulia,0.15,0.15,0.1,0.15,0.1
5985,5985,Pietole,09,Lombardia,0.15,0.15,0.1,0.15,0.1
5986,5986,Pietra Ligure,,Liguria",0.15,0.15,0.1,0.15,0.1
5987,5987,Pietra Marazzi,12,Piemonte,0.15,0.15,0.1,0.15,0.1
5988,5988,Pietrabbondante,11,Molise,0.15,0.15,0.1,0.15,0.1
5989,5989,Pietrabruna,,Liguria",0.15,0.15,0.1,0.15,0.1
5990,5990,Pietracamela,01,Abruzzi,0.15,0.15,0.1,0.15,0.1
5991,5991,Pietracatella,11,Molise,0.15,0.15,0.1,0.15,0.1
5992,5992,Pietracupa,11,Molise,0.15,0.15,0.1,0.15,0.1
5993,5993,Pietracuta,,Emilia-romagna",0.15,0.15,0.1,0.15,0.1
5994,5994,Pietradefusi,04,Campania,0.15,0.15,0.1,0.15,0.1
5995,5995,Pietraferrazzana,01,Abruzzi,0.15,0.15,0.1,0.15,0.1
5996,5996,Pietrafitta,18,Umbria,0.15,0.15,0.1,0.15,0.1
5997,5997,Pietrafitta,03,Calabria,0.15,0.15,0.1,0.15,0.1
5998,5998,Pietragalla,02,Basilicata,0.15,0.15,0.1,0.15,0.1
5999,5999,Pietralunga,18,Umbria,0.15,0.15,0.1,0.15,0.1
6000,6000,Pietramelara,04,Campania,0.15,0.15,0.1,0.15,0.1
6001,6001,Pietramontecorvino,13,Puglia,0.15,0.15,0.1,0.15,0.1
6002,6002,Pietramurata,17,Trentino-alto Adige,0.15,0.15,0.1,0.15,0.1
6003,6003,Pietranico,01,Abruzzi,0.15,0.15,0.1,0.15,0.1
6004,6004,Pietrapaola,03,Calabria,0.15,0.15,0.1,0.15,0.1
6005,6005,Pietrapertosa,02,Basilicata,0.15,0.15,0.1,0.15,0.1
6006,6006,Pietraperzia,,Autonoma Siciliana,0.15,0.15,0.1,0.15,0.1
6007,6007,Pietrapiana,16,Toscana,0.15,0.15,0.1,0.15,0.1
6008,6008,Pietraporzio,12,Piemonte,0.15,0.15,0.1,0.15,0.1
6009,6009,Pietraroja,04,Campania,0.15,0.15,0.1,0.15,0.1
6010,6010,Pietrasanta,16,Toscana,0.15,0.15,0.1,0.15,0.1
6011,6011,Pietrastornina,04,Campania,0.15,0.15,0.1,0.15,0.1
6012,6012,Pietravairano,04,Campania,0.15,0.15,0.1,0.15,0.1
6013,6013,Pietre,04,Campania,0.15,0.15,0.1,0.15,0.1
6014,6014,Pietrelcina,04,Campania,0.15,0.15,0.1,0.15,0.1
6015,6015,Pieve,09,Lombardia,0.15,0.15,0.1,0.15,0.1
6016,6016,Pieve,20,Veneto,0.15,0.15,0.1,0.15,0.1
6017,6017,Pieve Albignola,09,Lombardia,0.15,0.15,0.1,0.15,0.1
6018,6018,Pieve Emanuele,09,Lombardia,0.15,0.15,0.1,0.15,0.1
6019,6019,Pieve Fissiraga,09,Lombardia,0.15,0.15,0.1,0.15,0.1
6020,6020,Pieve Fosciana,16,Toscana,0.15,0.15,0.1,0.15,0.1
6021,6021,Pieve Ligure,,Liguria",0.15,0.15,0.1,0.15,0.1
6022,6022,Pieve Porto Morone,09,Lombardia,0.15,0.15,0.1,0.15,0.1
6023,6023,Pieve Saliceto,,Emilia-romagna",0.15,0.15,0.1,0.15,0.1
6024,6024,Pieve San Giacomo,09,Lombardia,0.15,0.15,0.1,0.15,0.1
6025,6025,Pieve Santo Stefano,16,Toscana,0.15,0.15,0.1,0.15,0.1
6026,6026,Pieve Tesino,17,Trentino-alto Adige,0.15,0.15,0.1,0.15,0.1
6027,6027,Pieve Torina,10,Marche,0.15,0.15,0.1,0.15,0.1
6028,6028,Pieve Vergonte,12,Piemonte,0.15,0.15,0.1,0.15,0.1
6029,6029,Pievebovigliana,10,Marche,0.15,0.15,0.1,0.15,0.1
6030,6030,Pievedizio,09,Lombardia,0.15,0.15,0.1,0.15,0.1
6031,6031,Pieveottoville,,Emilia-romagna",0.15,0.15,0.1,0.15,0.1
6032,6032,Pievepelago,,Emilia-romagna",0.15,0.15,0.1,0.15,0.1
6033,6033,Piglio,07,Lazio,0.15,0.15,0.1,0.15,0.1
6034,6034,Pigna,,Liguria",0.15,0.15,0.1,0.15,0.1
6035,6035,Pignataro Interamna,07,Lazio,0.15,0.15,0.1,0.15,0.1
6036,6036,Pignataro Maggiore,04,Campania,0.15,0.15,0.1,0.15,0.1
6037,6037,Pignola,02,Basilicata,0.15,0.15,0.1,0.15,0.1
6038,6038,Pignone,,Liguria",0.15,0.15,0.1,0.15,0.1
6039,6039,Pigra,09,Lombardia,0.15,0.15,0.1,0.15,0.1
6040,6040,Pila,12,Piemonte,0.15,0.15,0.1,0.15,0.1
6041,6041,Pila,18,Umbria,0.15,0.15,0.1,0.15,0.1
6042,6042,Pilastri,,Emilia-romagna",0.15,0.15,0.1,0.15,0.1
6043,6043,Pilastro,,Emilia-romagna",0.15,0.15,0.1,0.15,0.1
6044,6044,Pilcante,17,Trentino-alto Adige,0.15,0.15,0.1,0.15,0.1
6045,6045,Pilzone,09,Lombardia,0.15,0.15,0.1,0.15,0.1
6046,6046,Pimentel,,Autonoma Della Sardegna,0.15,0.15,0.1,0.15,0.1
6047,6047,Pimonte,04,Campania,0.15,0.15,0.1,0.15,0.1
6048,6048,Pinarella,,Emilia-romagna",0.15,0.15,0.1,0.15,0.1
6049,6049,Pinarolo Po,09,Lombardia,0.15,0.15,0.1,0.15,0.1
6050,6050,Pincara,20,Veneto,0.15,0.15,0.1,0.15,0.1
6051,6051,Pinerolo,12,Piemonte,0.15,0.15,0.1,0.15,0.1
6052,6052,Pineta,17,Trentino-alto Adige,0.15,0.15,0.1,0.15,0.1
6053,6053,Pineto,01,Abruzzi,0.15,0.15,0.1,0.15,0.1
6054,6054,Pino Torinese,12,Piemonte,0.15,0.15,0.1,0.15,0.1
6055,6055,Pintura,10,Marche,0.15,0.15,0.1,0.15,0.1
6056,6056,Pinzolo,17,Trentino-alto Adige,0.15,0.15,0.1,0.15,0.1
6057,6057,Piobbico,10,Marche,0.15,0.15,0.1,0.15,0.1
6058,6058,Piobesi Torinese,12,Piemonte,0.15,0.15,0.1,0.15,0.1
6059,6059,Piode,12,Piemonte,0.15,0.15,0.1,0.15,0.1
6060,6060,Pioltello,09,Lombardia,0.15,0.15,0.1,0.15,0.1
6061,6061,Piombino,16,Toscana,0.15,0.15,0.1,0.15,0.1
6062,6062,Piombino Dese,20,Veneto,0.15,0.15,0.1,0.15,0.1
6063,6063,Pionca,20,Veneto,0.15,0.15,0.1,0.15,0.1
6064,6064,Pioppo,,Autonoma Siciliana,0.15,0.15,0.1,0.15,0.1
6065,6065,Pioraco,10,Marche,0.15,0.15,0.1,0.15,0.1
6066,6066,Piosina,18,Umbria,0.15,0.15,0.1,0.15,0.1
6067,6067,Piossasco,12,Piemonte,0.15,0.15,0.1,0.15,0.1
6068,6068,Piovene Rocchette,20,Veneto,0.15,0.15,0.1,0.15,0.1
6069,6069,Piovera,12,Piemonte,0.15,0.15,0.1,0.15,0.1
6070,6070,Piozzano,,Emilia-romagna",0.15,0.15,0.1,0.15,0.1
6071,6071,Piozzo,12,Piemonte,0.15,0.15,0.1,0.15,0.1
6072,6072,Piragineti,03,Calabria,0.15,0.15,0.1,0.15,0.1
6073,6073,Piraino,,Autonoma Siciliana,0.15,0.15,0.1,0.15,0.1
6074,6074,Pisa,16,Toscana,0.15,0.15,0.1,0.15,0.1
6075,6075,Pisana,20,Veneto,0.15,0.15,0.1,0.15,0.1
6076,6076,Pisano,12,Piemonte,0.15,0.15,0.1,0.15,0.1
6077,6077,Piscina,12,Piemonte,0.15,0.15,0.1,0.15,0.1
6078,6078,Piscinas,,Autonoma Della Sardegna,0.15,0.15,0.1,0.15,0.1
6079,6079,Piscinola,04,Campania,0.15,0.15,0.1,0.15,0.1
6080,6080,Pisciotta,04,Campania,0.15,0.15,0.1,0.15,0.1
6081,6081,Piscopio,03,Calabria,0.15,0.15,0.1,0.15,0.1
6082,6082,Pisignano,13,Puglia,0.15,0.15,0.1,0.15,0.1
6083,6083,Pisignano,,Emilia-romagna",0.15,0.15,0.1,0.15,0.1
6084,6084,Pisogne,09,Lombardia,0.15,0.15,0.1,0.15,0.1
6085,6085,Pisoniano,07,Lazio,0.15,0.15,0.1,0.15,0.1
6086,6086,Pisticci,02,Basilicata,0.15,0.15,0.1,0.15,0.1
6087,6087,Pisticci Scalo,02,Basilicata,0.15,0.15,0.1,0.15,0.1
6088,6088,Pistoia,16,Toscana,0.15,0.15,0.1,0.15,0.1
6089,6089,Pistrino,18,Umbria,0.15,0.15,0.1,0.15,0.1
6090,6090,Piteglio,16,Toscana,0.15,0.15,0.1,0.15,0.1
6091,6091,Pitelli,,Liguria",0.15,0.15,0.1,0.15,0.1
6092,6092,Pitigliano,16,Toscana,0.15,0.15,0.1,0.15,0.1
6093,6093,Pitocco,07,Lazio,0.15,0.15,0.1,0.15,0.1
6094,6094,Pittolo,,Emilia-romagna",0.15,0.15,0.1,0.15,0.1
6095,6095,Piubega,09,Lombardia,0.15,0.15,0.1,0.15,0.1
6096,6096,Piumazzo,,Emilia-romagna",0.15,0.15,0.1,0.15,0.1
6097,6097,Piuro,09,Lombardia,0.15,0.15,0.1,0.15,0.1
6098,6098,Piverone,12,Piemonte,0.15,0.15,0.1,0.15,0.1
6099,6099,Pizzale,09,Lombardia,0.15,0.15,0.1,0.15,0.1
6100,6100,Pizzano,,Emilia-romagna",0.15,0.15,0.1,0.15,0.1
6101,6101,Pizzighettone,09,Lombardia,0.15,0.15,0.1,0.15,0.1
6102,6102,Pizzo,03,Calabria,0.15,0.15,0.1,0.15,0.1
6103,6103,Pizzoferrato,01,Abruzzi,0.15,0.15,0.1,0.15,0.1
6104,6104,Pizzolano,04,Campania,0.15,0.15,0.1,0.15,0.1
6105,6105,Pizzoletta,20,Veneto,0.15,0.15,0.1,0.15,0.1
6106,6106,Pizzoli,01,Abruzzi,0.15,0.15,0.1,0.15,0.1
6107,6107,Pizzolungo,,Autonoma Siciliana,0.15,0.15,0.1,0.15,0.1
6108,6108,Pizzone,11,Molise,0.15,0.15,0.1,0.15,0.1
6109,6109,Pizzoni,03,Calabria,0.15,0.15,0.1,0.15,0.1
6110,6110,Placanica,03,Calabria,0.15,0.15,0.1,0.15,0.1
6111,6111,Plasencis,06,Friuli-venezia Giulia,0.15,0.15,0.1,0.15,0.1
6112,6112,Plataci,03,Calabria,0.15,0.15,0.1,0.15,0.1
6113,6113,Platania,03,Calabria,0.15,0.15,0.1,0.15,0.1
6114,6114,Plati,03,Calabria,0.15,0.15,0.1,0.15,0.1
6115,6115,Plaus,17,Trentino-alto Adige,0.15,0.15,0.1,0.15,0.1
6116,6116,Plemo,09,Lombardia,0.15,0.15,0.1,0.15,0.1
6117,6117,Plesio,09,Lombardia,0.15,0.15,0.1,0.15,0.1
6118,6118,Ploaghe,,Autonoma Della Sardegna,0.15,0.15,0.1,0.15,0.1
6119,6119,Plodio,,Liguria",0.15,0.15,0.1,0.15,0.1
6120,6120,Pocapaglia,12,Piemonte,0.15,0.15,0.1,0.15,0.1
6121,6121,Pocenia,06,Friuli-venezia Giulia,0.15,0.15,0.1,0.15,0.1
6122,6122,Podenzana,16,Toscana,0.15,0.15,0.1,0.15,0.1
6123,6123,Podenzano,,Emilia-romagna",0.15,0.15,0.1,0.15,0.1
6124,6124,Poderia,04,Campania,0.15,0.15,0.1,0.15,0.1
6125,6125,Pofi,07,Lazio,0.15,0.15,0.1,0.15,0.1
6126,6126,Poggetto,16,Toscana,0.15,0.15,0.1,0.15,0.1
6127,6127,Poggiana,20,Veneto,0.15,0.15,0.1,0.15,0.1
6128,6128,Poggiardo,13,Puglia,0.15,0.15,0.1,0.15,0.1
6129,6129,Poggibonsi,16,Toscana,0.15,0.15,0.1,0.15,0.1
6130,6130,Poggio A Caiano,16,Toscana,0.15,0.15,0.1,0.15,0.1
6131,6131,Poggio Berni,,Emilia-romagna",0.15,0.15,0.1,0.15,0.1
6132,6132,Poggio Bustone,07,Lazio,0.15,0.15,0.1,0.15,0.1
6133,6133,Poggio Catino,07,Lazio,0.15,0.15,0.1,0.15,0.1
6134,6134,Poggio Imperiale,13,Puglia,0.15,0.15,0.1,0.15,0.1
6135,6135,Poggio Mirteto,07,Lazio,0.15,0.15,0.1,0.15,0.1
6136,6136,Poggio Mirteto Scalo,07,Lazio,0.15,0.15,0.1,0.15,0.1
6137,6137,Poggio Moiano,07,Lazio,0.15,0.15,0.1,0.15,0.1
6138,6138,Poggio Nativo,07,Lazio,0.15,0.15,0.1,0.15,0.1
6139,6139,Poggio Picenze,01,Abruzzi,0.15,0.15,0.1,0.15,0.1
6140,6140,Poggio Renatico,,Emilia-romagna",0.15,0.15,0.1,0.15,0.1
6141,6141,Poggio Rusco,09,Lombardia,0.15,0.15,0.1,0.15,0.1
6142,6142,Poggio San Lorenzo,07,Lazio,0.15,0.15,0.1,0.15,0.1
6143,6143,Poggio San Marcello,10,Marche,0.15,0.15,0.1,0.15,0.1
6144,6144,Poggio San Vicino,10,Marche,0.15,0.15,0.1,0.15,0.1
6145,6145,Poggio Sannita,11,Molise,0.15,0.15,0.1,0.15,0.1
6146,6146,Poggio Terzarmata,06,Friuli-venezia Giulia,0.15,0.15,0.1,0.15,0.1
6147,6147,Poggiodomo,18,Umbria,0.15,0.15,0.1,0.15,0.1
6148,6148,Poggiofiorito,01,Abruzzi,0.15,0.15,0.1,0.15,0.1
6149,6149,Poggiomarino,04,Campania,0.15,0.15,0.1,0.15,0.1
6150,6150,Poggioreale,04,Campania,0.15,0.15,0.1,0.15,0.1
6151,6151,Poggiorsini,13,Puglia,0.15,0.15,0.1,0.15,0.1
6152,6152,Pogliano Milanese,09,Lombardia,0.15,0.15,0.1,0.15,0.1
6153,6153,Pognana Lario,09,Lombardia,0.15,0.15,0.1,0.15,0.1
6154,6154,Pognano,09,Lombardia,0.15,0.15,0.1,0.15,0.1
6155,6155,Pogno,12,Piemonte,0.15,0.15,0.1,0.15,0.1
6156,6156,Poiana Maggiore,20,Veneto,0.15,0.15,0.1,0.15,0.1
6157,6157,Poianella,20,Veneto,0.15,0.15,0.1,0.15,0.1
6158,6158,Poirino,12,Piemonte,0.15,0.15,0.1,0.15,0.1
6159,6159,Polaveno,09,Lombardia,0.15,0.15,0.1,0.15,0.1
6160,6160,Polazzo,06,Friuli-venezia Giulia,0.15,0.15,0.1,0.15,0.1
6161,6161,Polcenigo,06,Friuli-venezia Giulia,0.15,0.15,0.1,0.15,0.1
6162,6162,Polesella,20,Veneto,0.15,0.15,0.1,0.15,0.1
6163,6163,Polesine,09,Lombardia,0.15,0.15,0.1,0.15,0.1
6164,6164,Polesine Parmense,,Emilia-romagna",0.15,0.15,0.1,0.15,0.1
6165,6165,Poli,07,Lazio,0.15,0.15,0.1,0.15,0.1
6166,6166,Polia,03,Calabria,0.15,0.15,0.1,0.15,0.1
6167,6167,Policastro Bussentino,04,Campania,0.15,0.15,0.1,0.15,0.1
6168,6168,Policoro,02,Basilicata,0.15,0.15,0.1,0.15,0.1
6169,6169,Polinago,,Emilia-romagna",0.15,0.15,0.1,0.15,0.1
6170,6170,Polino,18,Umbria,0.15,0.15,0.1,0.15,0.1
6171,6171,Polistena,03,Calabria,0.15,0.15,0.1,0.15,0.1
6172,6172,Polizzi Generosa,,Autonoma Siciliana,0.15,0.15,0.1,0.15,0.1
6173,6173,Polla,04,Campania,0.15,0.15,0.1,0.15,0.1
6174,6174,Pollastri,04,Campania,0.15,0.15,0.1,0.15,0.1
6175,6175,Pollein,,Autonoma Valle D'aosta,0.15,0.15,0.1,0.15,0.1
6176,6176,Pollena Trocchia,04,Campania,0.15,0.15,0.1,0.15,0.1
6177,6177,Pollenza,10,Marche,0.15,0.15,0.1,0.15,0.1
6178,6178,Pollenzo,12,Piemonte,0.15,0.15,0.1,0.15,0.1
6179,6179,Pollica,04,Campania,0.15,0.15,0.1,0.15,0.1
6180,6180,Pollina,,Autonoma Siciliana,0.15,0.15,0.1,0.15,0.1
6181,6181,Pollone,12,Piemonte,0.15,0.15,0.1,0.15,0.1
6182,6182,Pollutri,01,Abruzzi,0.15,0.15,0.1,0.15,0.1
6183,6183,Polonghera,12,Piemonte,0.15,0.15,0.1,0.15,0.1
6184,6184,Polverara,20,Veneto,0.15,0.15,0.1,0.15,0.1
6185,6185,Polverigi,10,Marche,0.15,0.15,0.1,0.15,0.1
6186,6186,Polvica,04,Campania,0.15,0.15,0.1,0.15,0.1
6187,6187,Pomarance,16,Toscana,0.15,0.15,0.1,0.15,0.1
6188,6188,Pomaretto,12,Piemonte,0.15,0.15,0.1,0.15,0.1
6189,6189,Pomarico,02,Basilicata,0.15,0.15,0.1,0.15,0.1
6190,6190,Pomaro Monferrato,12,Piemonte,0.15,0.15,0.1,0.15,0.1
6191,6191,Pomarolo,17,Trentino-alto Adige,0.15,0.15,0.1,0.15,0.1
6192,6192,Pombia,12,Piemonte,0.15,0.15,0.1,0.15,0.1
6193,6193,Pometo,09,Lombardia,0.15,0.15,0.1,0.15,0.1
6194,6194,Pomezia,07,Lazio,0.15,0.15,0.1,0.15,0.1
6195,6195,Pompei,04,Campania,0.15,0.15,0.1,0.15,0.1
6196,6196,Pompeiana,,Liguria",0.15,0.15,0.1,0.15,0.1
6197,6197,Pompiano,09,Lombardia,0.15,0.15,0.1,0.15,0.1
6198,6198,Pomponesco,09,Lombardia,0.15,0.15,0.1,0.15,0.1
6199,6199,Pompu,,Autonoma Della Sardegna,0.15,0.15,0.1,0.15,0.1
6200,6200,Poncarale,09,Lombardia,0.15,0.15,0.1,0.15,0.1
6201,6201,Ponchiera,09,Lombardia,0.15,0.15,0.1,0.15,0.1
6202,6202,Ponderano,12,Piemonte,0.15,0.15,0.1,0.15,0.1
6203,6203,Ponsacco,16,Toscana,0.15,0.15,0.1,0.15,0.1
6204,6204,Ponso,20,Veneto,0.15,0.15,0.1,0.15,0.1
6205,6205,Pontasserchio,16,Toscana,0.15,0.15,0.1,0.15,0.1
6206,6206,Pontassieve,16,Toscana,0.15,0.15,0.1,0.15,0.1
6207,6207,Ponte,04,Campania,0.15,0.15,0.1,0.15,0.1
6208,6208,Ponte A Bozzone,16,Toscana,0.15,0.15,0.1,0.15,0.1
6209,6209,Ponte A Elsa,16,Toscana,0.15,0.15,0.1,0.15,0.1
6210,6210,Ponte A Tressa,16,Toscana,0.15,0.15,0.1,0.15,0.1
6211,6211,Ponte All'Ania,16,Toscana,0.15,0.15,0.1,0.15,0.1
6212,6212,Ponte Arche,17,Trentino-alto Adige,0.15,0.15,0.1,0.15,0.1
6213,6213,Ponte Barizzo,04,Campania,0.15,0.15,0.1,0.15,0.1
6214,6214,Ponte Buggianese,16,Toscana,0.15,0.15,0.1,0.15,0.1
6215,6215,Ponte Caffaro,09,Lombardia,0.15,0.15,0.1,0.15,0.1
6216,6216,Ponte Cingoli,09,Lombardia,0.15,0.15,0.1,0.15,0.1
6217,6217,Ponte Gardena,17,Trentino-alto Adige,0.15,0.15,0.1,0.15,0.1
6218,6218,Ponte Lambro,09,Lombardia,0.15,0.15,0.1,0.15,0.1
6219,6219,Ponte Nizza,09,Lombardia,0.15,0.15,0.1,0.15,0.1
6220,6220,Ponte Nossa,09,Lombardia,0.15,0.15,0.1,0.15,0.1
6221,6221,Ponte Nuovo,18,Umbria,0.15,0.15,0.1,0.15,0.1
6222,6222,Ponte Ronca,,Emilia-romagna",0.15,0.15,0.1,0.15,0.1
6223,6223,Ponte San Lorenzo,18,Umbria,0.15,0.15,0.1,0.15,0.1
6224,6224,Ponte San Marco,09,Lombardia,0.15,0.15,0.1,0.15,0.1
6225,6225,Ponte San Nicolo,20,Veneto,0.15,0.15,0.1,0.15,0.1
6226,6226,Ponte San Pietro,09,Lombardia,0.15,0.15,0.1,0.15,0.1
6227,6227,Ponte Taro,,Emilia-romagna",0.15,0.15,0.1,0.15,0.1
6228,6228,Pontebba,06,Friuli-venezia Giulia,0.15,0.15,0.1,0.15,0.1
6229,6229,Pontecagnano,04,Campania,0.15,0.15,0.1,0.15,0.1
6230,6230,Pontecchio Polesine,20,Veneto,0.15,0.15,0.1,0.15,0.1
6231,6231,Pontechianale,12,Piemonte,0.15,0.15,0.1,0.15,0.1
6232,6232,Pontecorvo,07,Lazio,0.15,0.15,0.1,0.15,0.1
6233,6233,Pontecurone,12,Piemonte,0.15,0.15,0.1,0.15,0.1
6234,6234,Pontedassio,,Liguria",0.15,0.15,0.1,0.15,0.1
6235,6235,Pontedera,16,Toscana,0.15,0.15,0.1,0.15,0.1
6236,6236,Pontegradella,,Emilia-romagna",0.15,0.15,0.1,0.15,0.1
6237,6237,Pontelandolfo,04,Campania,0.15,0.15,0.1,0.15,0.1
6238,6238,Pontelangorino,,Emilia-romagna",0.15,0.15,0.1,0.15,0.1
6239,6239,Pontelatone,04,Campania,0.15,0.15,0.1,0.15,0.1
6240,6240,Pontelongo,20,Veneto,0.15,0.15,0.1,0.15,0.1
6241,6241,Pontemaodino,,Emilia-romagna",0.15,0.15,0.1,0.15,0.1
6242,6242,Pontenure,,Emilia-romagna",0.15,0.15,0.1,0.15,0.1
6243,6243,Pontepietra,12,Piemonte,0.15,0.15,0.1,0.15,0.1
6244,6244,Ponteranica,09,Lombardia,0.15,0.15,0.1,0.15,0.1
6245,6245,Pontestazzemese,16,Toscana,0.15,0.15,0.1,0.15,0.1
6246,6246,Pontestura,12,Piemonte,0.15,0.15,0.1,0.15,0.1
6247,6247,Ponteterra,09,Lombardia,0.15,0.15,0.1,0.15,0.1
6248,6248,Pontevico,09,Lombardia,0.15,0.15,0.1,0.15,0.1
6249,6249,Pontey,,Autonoma Valle D'aosta,0.15,0.15,0.1,0.15,0.1
6250,6250,Ponti,12,Piemonte,0.15,0.15,0.1,0.15,0.1
6251,6251,Ponticella,,Emilia-romagna",0.15,0.15,0.1,0.15,0.1
6252,6252,Ponticelli,04,Campania,0.15,0.15,0.1,0.15,0.1
6253,6253,Ponticelli,18,Umbria,0.15,0.15,0.1,0.15,0.1
6254,6254,Ponticelli,,Emilia-romagna",0.15,0.15,0.1,0.15,0.1
6255,6255,Ponticino,16,Toscana,0.15,0.15,0.1,0.15,0.1
6256,6256,Pontida,09,Lombardia,0.15,0.15,0.1,0.15,0.1
6257,6257,Pontinia,07,Lazio,0.15,0.15,0.1,0.15,0.1
6258,6258,Pontinvrea,,Liguria",0.15,0.15,0.1,0.15,0.1
6259,6259,Pontirolo Nuovo,09,Lombardia,0.15,0.15,0.1,0.15,0.1
6260,6260,Pontoglio,09,Lombardia,0.15,0.15,0.1,0.15,0.1
6261,6261,Pontremoli,16,Toscana,0.15,0.15,0.1,0.15,0.1
6262,6262,Ponza,07,Lazio,0.15,0.15,0.1,0.15,0.1
6263,6263,Ponzano,20,Veneto,0.15,0.15,0.1,0.15,0.1
6264,6264,Ponzano,16,Toscana,0.15,0.15,0.1,0.15,0.1
6265,6265,Ponzano Monferrato,12,Piemonte,0.15,0.15,0.1,0.15,0.1
6266,6266,Ponzano Romano,07,Lazio,0.15,0.15,0.1,0.15,0.1
6267,6267,Ponzone,12,Piemonte,0.15,0.15,0.1,0.15,0.1
6268,6268,Popoli,01,Abruzzi,0.15,0.15,0.1,0.15,0.1
6269,6269,Poppi,16,Toscana,0.15,0.15,0.1,0.15,0.1
6270,6270,Poppino,09,Lombardia,0.15,0.15,0.1,0.15,0.1
6271,6271,Porano,18,Umbria,0.15,0.15,0.1,0.15,0.1
6272,6272,Porcari,16,Toscana,0.15,0.15,0.1,0.15,0.1
6273,6273,Porcellengo,20,Veneto,0.15,0.15,0.1,0.15,0.1
6274,6274,Porcia,06,Friuli-venezia Giulia,0.15,0.15,0.1,0.15,0.1
6275,6275,Pordenone,06,Friuli-venezia Giulia,0.15,0.15,0.1,0.15,0.1
6276,6276,Porlezza,09,Lombardia,0.15,0.15,0.1,0.15,0.1
6277,6277,Pornassio,,Liguria",0.15,0.15,0.1,0.15,0.1
6278,6278,Porossan,,Autonoma Valle D'aosta,0.15,0.15,0.1,0.15,0.1
6279,6279,Porpetto,06,Friuli-venezia Giulia,0.15,0.15,0.1,0.15,0.1
6280,6280,Porporano,,Emilia-romagna",0.15,0.15,0.1,0.15,0.1
6281,6281,Porretta Terme,,Emilia-romagna",0.15,0.15,0.1,0.15,0.1
6282,6282,Porrino,07,Lazio,0.15,0.15,0.1,0.15,0.1
6283,6283,Portacomaro,12,Piemonte,0.15,0.15,0.1,0.15,0.1
6284,6284,Portalbera,09,Lombardia,0.15,0.15,0.1,0.15,0.1
6285,6285,Porte,12,Piemonte,0.15,0.15,0.1,0.15,0.1
6286,6286,Portici,04,Campania,0.15,0.15,0.1,0.15,0.1
6287,6287,Portigliola,03,Calabria,0.15,0.15,0.1,0.15,0.1
6288,6288,Portile,,Emilia-romagna",0.15,0.15,0.1,0.15,0.1
6289,6289,Porto,04,Campania,0.15,0.15,0.1,0.15,0.1
6290,6290,Porto Azzurro,16,Toscana,0.15,0.15,0.1,0.15,0.1
6291,6291,Porto Ceresio,09,Lombardia,0.15,0.15,0.1,0.15,0.1
6292,6292,Porto Cervo,,Autonoma Della Sardegna,0.15,0.15,0.1,0.15,0.1
6293,6293,Porto Cesareo,13,Puglia,0.15,0.15,0.1,0.15,0.1
6294,6294,Porto Corsini,,Emilia-romagna",0.15,0.15,0.1,0.15,0.1
6295,6295,Porto Empedocle,,Autonoma Siciliana,0.15,0.15,0.1,0.15,0.1
6296,6296,Porto Ercole,16,Toscana,0.15,0.15,0.1,0.15,0.1
6297,6297,Porto Fuori,,Emilia-romagna",0.15,0.15,0.1,0.15,0.1
6298,6298,Porto Garibaldi,,Emilia-romagna",0.15,0.15,0.1,0.15,0.1
6299,6299,Porto Potenza Picena,10,Marche,0.15,0.15,0.1,0.15,0.1
6300,6300,Porto Recanati,10,Marche,0.15,0.15,0.1,0.15,0.1
6301,6301,Porto San Giorgio,10,Marche,0.15,0.15,0.1,0.15,0.1
6302,6302,Porto San Paolo,,Autonoma Della Sardegna,0.15,0.15,0.1,0.15,0.1
6303,6303,Porto Sant'Elpidio,10,Marche,0.15,0.15,0.1,0.15,0.1
6304,6304,Porto Santa Margherita,20,Veneto,0.15,0.15,0.1,0.15,0.1
6305,6305,Porto Santo Stefano,16,Toscana,0.15,0.15,0.1,0.15,0.1
6306,6306,Porto Tolle,20,Veneto,0.15,0.15,0.1,0.15,0.1
6307,6307,Porto Torres,,Autonoma Della Sardegna,0.15,0.15,0.1,0.15,0.1
6308,6308,Porto Valtravaglia,09,Lombardia,0.15,0.15,0.1,0.15,0.1
6309,6309,Porto Viro,20,Veneto,0.15,0.15,0.1,0.15,0.1
6310,6310,Portobuffole,20,Veneto,0.15,0.15,0.1,0.15,0.1
6311,6311,Portocannone,11,Molise,0.15,0.15,0.1,0.15,0.1
6312,6312,Portoferraio,16,Toscana,0.15,0.15,0.1,0.15,0.1
6313,6313,Portofino,,Liguria",0.15,0.15,0.1,0.15,0.1
6314,6314,Portogruaro,20,Veneto,0.15,0.15,0.1,0.15,0.1
6315,6315,Portomaggiore,,Emilia-romagna",0.15,0.15,0.1,0.15,0.1
6316,6316,Portoscuso,,Autonoma Della Sardegna,0.15,0.15,0.1,0.15,0.1
6317,6317,Portovenere,,Liguria",0.15,0.15,0.1,0.15,0.1
6318,6318,Portula,12,Piemonte,0.15,0.15,0.1,0.15,0.1
6319,6319,Porzano,09,Lombardia,0.15,0.15,0.1,0.15,0.1
6320,6320,Posada,,Autonoma Della Sardegna,0.15,0.15,0.1,0.15,0.1
6321,6321,Poscante,09,Lombardia,0.15,0.15,0.1,0.15,0.1
6322,6322,Posina,20,Veneto,0.15,0.15,0.1,0.15,0.1
6323,6323,Positano,04,Campania,0.15,0.15,0.1,0.15,0.1
6324,6324,Possagno,20,Veneto,0.15,0.15,0.1,0.15,0.1
6325,6325,Possidente,02,Basilicata,0.15,0.15,0.1,0.15,0.1
6326,6326,Posta,07,Lazio,0.15,0.15,0.1,0.15,0.1
6327,6327,Posta Fibreno,07,Lazio,0.15,0.15,0.1,0.15,0.1
6328,6328,Postal,17,Trentino-alto Adige,0.15,0.15,0.1,0.15,0.1
6329,6329,Postalesio,09,Lombardia,0.15,0.15,0.1,0.15,0.1
6330,6330,Postiglione,04,Campania,0.15,0.15,0.1,0.15,0.1
6331,6331,Postioma,20,Veneto,0.15,0.15,0.1,0.15,0.1
6332,6332,Postua,12,Piemonte,0.15,0.15,0.1,0.15,0.1
6333,6333,Potenza,02,Basilicata,0.15,0.15,0.1,0.15,0.1
6334,6334,Potenza Picena,10,Marche,0.15,0.15,0.1,0.15,0.1
6335,6335,Povegliano,20,Veneto,0.15,0.15,0.1,0.15,0.1
6336,6336,Povegliano Veronese,20,Veneto,0.15,0.15,0.1,0.15,0.1
6337,6337,Poviglio,,Emilia-romagna",0.15,0.15,0.1,0.15,0.1
6338,6338,Povo,17,Trentino-alto Adige,0.15,0.15,0.1,0.15,0.1
6339,6339,Povoletto,06,Friuli-venezia Giulia,0.15,0.15,0.1,0.15,0.1
6340,6340,Pozza,,Emilia-romagna",0.15,0.15,0.1,0.15,0.1
6341,6341,Pozzaglio,09,Lombardia,0.15,0.15,0.1,0.15,0.1
6342,6342,Pozzale,20,Veneto,0.15,0.15,0.1,0.15,0.1
6343,6343,Pozzallo,,Autonoma Siciliana,0.15,0.15,0.1,0.15,0.1
6344,6344,Pozzarello,16,Toscana,0.15,0.15,0.1,0.15,0.1
6345,6345,Pozzecco,06,Friuli-venezia Giulia,0.15,0.15,0.1,0.15,0.1
6346,6346,Pozzilli,11,Molise,0.15,0.15,0.1,0.15,0.1
6347,6347,Pozzillo,04,Campania,0.15,0.15,0.1,0.15,0.1
6348,6348,Pozzo,06,Friuli-venezia Giulia,0.15,0.15,0.1,0.15,0.1
6349,6349,Pozzol Groppo,12,Piemonte,0.15,0.15,0.1,0.15,0.1
6350,6350,Pozzolengo,09,Lombardia,0.15,0.15,0.1,0.15,0.1
6351,6351,Pozzoleone,20,Veneto,0.15,0.15,0.1,0.15,0.1
6352,6352,Pozzolo,09,Lombardia,0.15,0.15,0.1,0.15,0.1
6353,6353,Pozzolo Formigaro,12,Piemonte,0.15,0.15,0.1,0.15,0.1
6354,6354,Pozzomaggiore,,Autonoma Della Sardegna,0.15,0.15,0.1,0.15,0.1
6355,6355,Pozzonovo,20,Veneto,0.15,0.15,0.1,0.15,0.1
6356,6356,Pozzuoli,04,Campania,0.15,0.15,0.1,0.15,0.1
6357,6357,Pozzuolo,18,Umbria,0.15,0.15,0.1,0.15,0.1
6358,6358,Pozzuolo Martesana,09,Lombardia,0.15,0.15,0.1,0.15,0.1
6359,6359,Pradalunga,09,Lombardia,0.15,0.15,0.1,0.15,0.1
6360,6360,Pradamano,06,Friuli-venezia Giulia,0.15,0.15,0.1,0.15,0.1
6361,6361,Pradelle,20,Veneto,0.15,0.15,0.1,0.15,0.1
6362,6362,Pradelle,09,Lombardia,0.15,0.15,0.1,0.15,0.1
6363,6363,Pradipozzo,20,Veneto,0.15,0.15,0.1,0.15,0.1
6364,6364,Pradleves,12,Piemonte,0.15,0.15,0.1,0.15,0.1
6365,6365,Praiano,04,Campania,0.15,0.15,0.1,0.15,0.1
6366,6366,Pralboino,09,Lombardia,0.15,0.15,0.1,0.15,0.1
6367,6367,Prali,12,Piemonte,0.15,0.15,0.1,0.15,0.1
6368,6368,Pralormo,12,Piemonte,0.15,0.15,0.1,0.15,0.1
6369,6369,Pralungo,12,Piemonte,0.15,0.15,0.1,0.15,0.1
6370,6370,Pramaggiore,20,Veneto,0.15,0.15,0.1,0.15,0.1
6371,6371,Pramaggiore Blessaglia,20,Veneto,0.15,0.15,0.1,0.15,0.1
6372,6372,Pramollo,12,Piemonte,0.15,0.15,0.1,0.15,0.1
6373,6373,Prarolo,12,Piemonte,0.15,0.15,0.1,0.15,0.1
6374,6374,Prarostino,12,Piemonte,0.15,0.15,0.1,0.15,0.1
6375,6375,Prasco,12,Piemonte,0.15,0.15,0.1,0.15,0.1
6376,6376,Prascorsano,12,Piemonte,0.15,0.15,0.1,0.15,0.1
6377,6377,Praso,17,Trentino-alto Adige,0.15,0.15,0.1,0.15,0.1
6378,6378,Prata,16,Toscana,0.15,0.15,0.1,0.15,0.1
6379,6379,Prata Camportaccio,09,Lombardia,0.15,0.15,0.1,0.15,0.1
6380,6380,Pratella,04,Campania,0.15,0.15,0.1,0.15,0.1
6381,6381,Prati,,Liguria",0.15,0.15,0.1,0.15,0.1
6382,6382,Prati,17,Trentino-alto Adige,0.15,0.15,0.1,0.15,0.1
6383,6383,Praticello,,Emilia-romagna",0.15,0.15,0.1,0.15,0.1
6384,6384,Pratiglione,12,Piemonte,0.15,0.15,0.1,0.15,0.1
6385,6385,Pratissolo,,Emilia-romagna",0.15,0.15,0.1,0.15,0.1
6386,6386,Prato,06,Friuli-venezia Giulia,0.15,0.15,0.1,0.15,0.1
6387,6387,Prato,16,Toscana,0.15,0.15,0.1,0.15,0.1
6388,6388,Prato,,Emilia-romagna",0.15,0.15,0.1,0.15,0.1
6389,6389,Prato Allo Stelvio,17,Trentino-alto Adige,0.15,0.15,0.1,0.15,0.1
6390,6390,Prato Carnico,06,Friuli-venezia Giulia,0.15,0.15,0.1,0.15,0.1
6391,6391,Prato Comune,04,Campania,0.15,0.15,0.1,0.15,0.1
6392,6392,Prato Perillo,04,Campania,0.15,0.15,0.1,0.15,0.1
6393,6393,Prato Sesia,12,Piemonte,0.15,0.15,0.1,0.15,0.1
6394,6394,Pratola Peligna,01,Abruzzi,0.15,0.15,0.1,0.15,0.1
6395,6395,Pratola Serra,04,Campania,0.15,0.15,0.1,0.15,0.1
6396,6396,Pratolino,16,Toscana,0.15,0.15,0.1,0.15,0.1
6397,6397,Pratolungo,07,Lazio,0.15,0.15,0.1,0.15,0.1
6398,6398,Pratora,03,Calabria,0.15,0.15,0.1,0.15,0.1
6399,6399,Pratovecchio,16,Toscana,0.15,0.15,0.1,0.15,0.1
6400,6400,Pravisdomini,06,Friuli-venezia Giulia,0.15,0.15,0.1,0.15,0.1
6401,6401,Pray,12,Piemonte,0.15,0.15,0.1,0.15,0.1
6402,6402,Precenicco,06,Friuli-venezia Giulia,0.15,0.15,0.1,0.15,0.1
6403,6403,Preci,18,Umbria,0.15,0.15,0.1,0.15,0.1
6404,6404,Predappio,,Emilia-romagna",0.15,0.15,0.1,0.15,0.1
6405,6405,Predazzo,17,Trentino-alto Adige,0.15,0.15,0.1,0.15,0.1
6406,6406,Predoi,17,Trentino-alto Adige,0.15,0.15,0.1,0.15,0.1
6407,6407,Predore,09,Lombardia,0.15,0.15,0.1,0.15,0.1
6408,6408,Predosa,12,Piemonte,0.15,0.15,0.1,0.15,0.1
6409,6409,Preganziol,20,Veneto,0.15,0.15,0.1,0.15,0.1
6410,6410,Pregnana Milanese,09,Lombardia,0.15,0.15,0.1,0.15,0.1
6411,6411,Pregola,09,Lombardia,0.15,0.15,0.1,0.15,0.1
6412,6412,Prelo,,Liguria",0.15,0.15,0.1,0.15,0.1
6413,6413,Premana,09,Lombardia,0.15,0.15,0.1,0.15,0.1
6414,6414,Premariacco,06,Friuli-venezia Giulia,0.15,0.15,0.1,0.15,0.1
6415,6415,Premeno,12,Piemonte,0.15,0.15,0.1,0.15,0.1
6416,6416,Premenugo,09,Lombardia,0.15,0.15,0.1,0.15,0.1
6417,6417,Premia,12,Piemonte,0.15,0.15,0.1,0.15,0.1
6418,6418,Premilcuore,,Emilia-romagna",0.15,0.15,0.1,0.15,0.1
6419,6419,Premolo,09,Lombardia,0.15,0.15,0.1,0.15,0.1
6420,6420,Preone,06,Friuli-venezia Giulia,0.15,0.15,0.1,0.15,0.1
6421,6421,Preore,17,Trentino-alto Adige,0.15,0.15,0.1,0.15,0.1
6422,6422,Prepezzano,04,Campania,0.15,0.15,0.1,0.15,0.1
6423,6423,Prepotto,06,Friuli-venezia Giulia,0.15,0.15,0.1,0.15,0.1
6424,6424,Preseglie,09,Lombardia,0.15,0.15,0.1,0.15,0.1
6425,6425,Presenzano,04,Campania,0.15,0.15,0.1,0.15,0.1
6426,6426,Presezzo,09,Lombardia,0.15,0.15,0.1,0.15,0.1
6427,6427,Presicce,13,Puglia,0.15,0.15,0.1,0.15,0.1
6428,6428,Presina,20,Veneto,0.15,0.15,0.1,0.15,0.1
6429,6429,Pressana,20,Veneto,0.15,0.15,0.1,0.15,0.1
6430,6430,Pressano,17,Trentino-alto Adige,0.15,0.15,0.1,0.15,0.1
6431,6431,Pretoro,01,Abruzzi,0.15,0.15,0.1,0.15,0.1
6432,6432,Preturo,01,Abruzzi,0.15,0.15,0.1,0.15,0.1
6433,6433,Prevalle,09,Lombardia,0.15,0.15,0.1,0.15,0.1
6434,6434,Prezza,01,Abruzzi,0.15,0.15,0.1,0.15,0.1
6435,6435,Prezzo,17,Trentino-alto Adige,0.15,0.15,0.1,0.15,0.1
6436,6436,Priero,12,Piemonte,0.15,0.15,0.1,0.15,0.1
6437,6437,Prignano,,Emilia-romagna",0.15,0.15,0.1,0.15,0.1
6438,6438,Prignano Cilento,04,Campania,0.15,0.15,0.1,0.15,0.1
6439,6439,Primaluna,09,Lombardia,0.15,0.15,0.1,0.15,0.1
6440,6440,Primulacco,06,Friuli-venezia Giulia,0.15,0.15,0.1,0.15,0.1
6441,6441,Priocca,12,Piemonte,0.15,0.15,0.1,0.15,0.1
6442,6442,Priola,12,Piemonte,0.15,0.15,0.1,0.15,0.1
6443,6443,Priolo Gargallo,,Autonoma Siciliana,0.15,0.15,0.1,0.15,0.1
6444,6444,Priora,04,Campania,0.15,0.15,0.1,0.15,0.1
6445,6445,Priverno,07,Lazio,0.15,0.15,0.1,0.15,0.1
6446,6446,Prizzi,,Autonoma Siciliana,0.15,0.15,0.1,0.15,0.1
6447,6447,Proceno,07,Lazio,0.15,0.15,0.1,0.15,0.1
6448,6448,Procida,04,Campania,0.15,0.15,0.1,0.15,0.1
6449,6449,Progresso,,Emilia-romagna",0.15,0.15,0.1,0.15,0.1
6450,6450,Promano,18,Umbria,0.15,0.15,0.1,0.15,0.1
6451,6451,Propata,,Liguria",0.15,0.15,0.1,0.15,0.1
6452,6452,Proserpio,09,Lombardia,0.15,0.15,0.1,0.15,0.1
6453,6453,Prossedi,07,Lazio,0.15,0.15,0.1,0.15,0.1
6454,6454,Prosto,09,Lombardia,0.15,0.15,0.1,0.15,0.1
6455,6455,Protonotaro,,Autonoma Siciliana,0.15,0.15,0.1,0.15,0.1
6456,6456,Provaglio Val Sabbia,09,Lombardia,0.15,0.15,0.1,0.15,0.1
6457,6457,Provesano,06,Friuli-venezia Giulia,0.15,0.15,0.1,0.15,0.1
6458,6458,Provezze,09,Lombardia,0.15,0.15,0.1,0.15,0.1
6459,6459,Provvidenti,11,Molise,0.15,0.15,0.1,0.15,0.1
6460,6460,Prunella,03,Calabria,0.15,0.15,0.1,0.15,0.1
6461,6461,Prunetto,12,Piemonte,0.15,0.15,0.1,0.15,0.1
6462,6462,Puginate,09,Lombardia,0.15,0.15,0.1,0.15,0.1
6463,6463,Puglianello,04,Campania,0.15,0.15,0.1,0.15,0.1
6464,6464,Pugliano,04,Campania,0.15,0.15,0.1,0.15,0.1
6465,6465,Puglietta,04,Campania,0.15,0.15,0.1,0.15,0.1
6466,6466,Puianello,,Emilia-romagna",0.15,0.15,0.1,0.15,0.1
6467,6467,Pula,,Autonoma Della Sardegna,0.15,0.15,0.1,0.15,0.1
6468,6468,Pulce,,Emilia-romagna",0.15,0.15,0.1,0.15,0.1
6469,6469,Pulfero,06,Friuli-venezia Giulia,0.15,0.15,0.1,0.15,0.1
6470,6470,Pulsano,13,Puglia,0.15,0.15,0.1,0.15,0.1
6471,6471,Pumenengo,09,Lombardia,0.15,0.15,0.1,0.15,0.1
6472,6472,Punta Marina,,Emilia-romagna",0.15,0.15,0.1,0.15,0.1
6473,6473,Purello,18,Umbria,0.15,0.15,0.1,0.15,0.1
6474,6474,Pusiano,09,Lombardia,0.15,0.15,0.1,0.15,0.1
6475,6475,Putifigari,,Autonoma Della Sardegna,0.15,0.15,0.1,0.15,0.1
6476,6476,Putignano,01,Abruzzi,0.15,0.15,0.1,0.15,0.1
6477,6477,Putignano,13,Puglia,0.15,0.15,0.1,0.15,0.1
6478,6478,Quaderni,20,Veneto,0.15,0.15,0.1,0.15,0.1
6479,6479,Quadrelle,04,Campania,0.15,0.15,0.1,0.15,0.1
6480,6480,Quadri,01,Abruzzi,0.15,0.15,0.1,0.15,0.1
6481,6481,Quadrivio,04,Campania,0.15,0.15,0.1,0.15,0.1
6482,6482,Quagliuzzo,12,Piemonte,0.15,0.15,0.1,0.15,0.1
6483,6483,Qualiano,04,Campania,0.15,0.15,0.1,0.15,0.1
6484,6484,Qualso,06,Friuli-venezia Giulia,0.15,0.15,0.1,0.15,0.1
6485,6485,Quaranti,12,Piemonte,0.15,0.15,0.1,0.15,0.1
6486,6486,Quarantoli,,Emilia-romagna",0.15,0.15,0.1,0.15,0.1
6487,6487,Quarata,16,Toscana,0.15,0.15,0.1,0.15,0.1
6488,6488,Quaregna,12,Piemonte,0.15,0.15,0.1,0.15,0.1
6489,6489,Quargnento,12,Piemonte,0.15,0.15,0.1,0.15,0.1
6490,6490,Quarna Sopra,12,Piemonte,0.15,0.15,0.1,0.15,0.1
6491,6491,Quarna Sotto,12,Piemonte,0.15,0.15,0.1,0.15,0.1
6492,6492,Quarona,12,Piemonte,0.15,0.15,0.1,0.15,0.1
6493,6493,Quarrata,16,Toscana,0.15,0.15,0.1,0.15,0.1
6494,6494,Quart,,Autonoma Valle D'aosta,0.15,0.15,0.1,0.15,0.1
6495,6495,Quartesana,,Emilia-romagna",0.15,0.15,0.1,0.15,0.1
6496,6496,Quartiano,09,Lombardia,0.15,0.15,0.1,0.15,0.1
6497,6497,Quarto,04,Campania,0.15,0.15,0.1,0.15,0.1
6498,6498,Quarto,,Emilia-romagna",0.15,0.15,0.1,0.15,0.1
6499,6499,Quarto Inferiore,,Emilia-romagna",0.15,0.15,0.1,0.15,0.1
6500,6500,Quartu Sant'Elena,,Autonoma Della Sardegna,0.15,0.15,0.1,0.15,0.1
6501,6501,Quartucciu,,Autonoma Della Sardegna,0.15,0.15,0.1,0.15,0.1
6502,6502,Quassolo,12,Piemonte,0.15,0.15,0.1,0.15,0.1
6503,6503,Quattordio,12,Piemonte,0.15,0.15,0.1,0.15,0.1
6504,6504,Quattro Castella,,Emilia-romagna",0.15,0.15,0.1,0.15,0.1
6505,6505,Quattro Strade,16,Toscana,0.15,0.15,0.1,0.15,0.1
6506,6506,Quattro Strade,07,Lazio,0.15,0.15,0.1,0.15,0.1
6507,6507,Quattro Strade,09,Lombardia,0.15,0.15,0.1,0.15,0.1
6508,6508,Quattromiglia,03,Calabria,0.15,0.15,0.1,0.15,0.1
6509,6509,Quattropani,,Autonoma Siciliana,0.15,0.15,0.1,0.15,0.1
6510,6510,Quero,20,Veneto,0.15,0.15,0.1,0.15,0.1
6511,6511,Quiliano,,Liguria",0.15,0.15,0.1,0.15,0.1
6512,6512,Quincinetto,12,Piemonte,0.15,0.15,0.1,0.15,0.1
6513,6513,Quindici,04,Campania,0.15,0.15,0.1,0.15,0.1
6514,6514,Quingentole,09,Lombardia,0.15,0.15,0.1,0.15,0.1
6515,6515,Quintano,09,Lombardia,0.15,0.15,0.1,0.15,0.1
6516,6516,Quinto Vercellese,12,Piemonte,0.15,0.15,0.1,0.15,0.1
6517,6517,Quinto Vicentino,20,Veneto,0.15,0.15,0.1,0.15,0.1
6518,6518,Quinzanello,09,Lombardia,0.15,0.15,0.1,0.15,0.1
6519,6519,Quistello,09,Lombardia,0.15,0.15,0.1,0.15,0.1
6520,6520,Rabla,17,Trentino-alto Adige,0.15,0.15,0.1,0.15,0.1
6521,6521,Racale,13,Puglia,0.15,0.15,0.1,0.15,0.1
6522,6522,Racalmuto,,Autonoma Siciliana,0.15,0.15,0.1,0.15,0.1
6523,6523,Racconigi,12,Piemonte,0.15,0.15,0.1,0.15,0.1
6524,6524,Raccuja,,Autonoma Siciliana,0.15,0.15,0.1,0.15,0.1
6525,6525,Racines,17,Trentino-alto Adige,0.15,0.15,0.1,0.15,0.1
6526,6526,Raddusa,,Autonoma Siciliana,0.15,0.15,0.1,0.15,0.1
6527,6527,Radicofani,16,Toscana,0.15,0.15,0.1,0.15,0.1
6528,6528,Radicondoli,16,Toscana,0.15,0.15,0.1,0.15,0.1
6529,6529,Raffa,09,Lombardia,0.15,0.15,0.1,0.15,0.1
6530,6530,Raffadali,,Autonoma Siciliana,0.15,0.15,0.1,0.15,0.1
6531,6531,Ragalna,,Autonoma Siciliana,0.15,0.15,0.1,0.15,0.1
6532,6532,Ragoli,17,Trentino-alto Adige,0.15,0.15,0.1,0.15,0.1
6533,6533,Ragusa,,Autonoma Siciliana,0.15,0.15,0.1,0.15,0.1
6534,6534,Raiano,01,Abruzzi,0.15,0.15,0.1,0.15,0.1
6535,6535,Raito,04,Campania,0.15,0.15,0.1,0.15,0.1
6536,6536,Raldon,20,Veneto,0.15,0.15,0.1,0.15,0.1
6537,6537,Ramacca,,Autonoma Siciliana,0.15,0.15,0.1,0.15,0.1
6538,6538,Ramiola,,Emilia-romagna",0.15,0.15,0.1,0.15,0.1
6539,6539,Ramiseto,,Emilia-romagna",0.15,0.15,0.1,0.15,0.1
6540,6540,Ramodipalo Rasa,20,Veneto,0.15,0.15,0.1,0.15,0.1
6541,6541,Ramon,20,Veneto,0.15,0.15,0.1,0.15,0.1
6542,6542,Ramponio Verna,09,Lombardia,0.15,0.15,0.1,0.15,0.1
6543,6543,Ramuscello,06,Friuli-venezia Giulia,0.15,0.15,0.1,0.15,0.1
6544,6544,Rancio Valcuvia,09,Lombardia,0.15,0.15,0.1,0.15,0.1
6545,6545,Ranco,09,Lombardia,0.15,0.15,0.1,0.15,0.1
6546,6546,Randazzo,,Autonoma Siciliana,0.15,0.15,0.1,0.15,0.1
6547,6547,Ranica,09,Lombardia,0.15,0.15,0.1,0.15,0.1
6548,6548,Ranzanico,09,Lombardia,0.15,0.15,0.1,0.15,0.1
6549,6549,Rapagnano,10,Marche,0.15,0.15,0.1,0.15,0.1
6550,6550,Rapallo,,Liguria",0.15,0.15,0.1,0.15,0.1
6551,6551,Rapino,01,Abruzzi,0.15,0.15,0.1,0.15,0.1
6552,6552,Rapolano Terme,16,Toscana,0.15,0.15,0.1,0.15,0.1
6553,6553,Rapolla,02,Basilicata,0.15,0.15,0.1,0.15,0.1
6554,6554,Rapone,02,Basilicata,0.15,0.15,0.1,0.15,0.1
6555,6555,Rassa,12,Piemonte,0.15,0.15,0.1,0.15,0.1
6556,6556,Rassina,16,Toscana,0.15,0.15,0.1,0.15,0.1
6557,6557,Rasura,09,Lombardia,0.15,0.15,0.1,0.15,0.1
6558,6558,Ravanusa,,Autonoma Siciliana,0.15,0.15,0.1,0.15,0.1
6559,6559,Ravarino,,Emilia-romagna",0.15,0.15,0.1,0.15,0.1
6560,6560,Ravascletto,06,Friuli-venezia Giulia,0.15,0.15,0.1,0.15,0.1
6561,6561,Ravello,04,Campania,0.15,0.15,0.1,0.15,0.1
6562,6562,Ravenna,,Emilia-romagna",0.15,0.15,0.1,0.15,0.1
6563,6563,Raveo,06,Friuli-venezia Giulia,0.15,0.15,0.1,0.15,0.1
6564,6564,Ravina,17,Trentino-alto Adige,0.15,0.15,0.1,0.15,0.1
6565,6565,Raviscanina,04,Campania,0.15,0.15,0.1,0.15,0.1
6566,6566,Re,12,Piemonte,0.15,0.15,0.1,0.15,0.1
6567,6567,Rea,09,Lombardia,0.15,0.15,0.1,0.15,0.1
6568,6568,Realmonte,,Autonoma Siciliana,0.15,0.15,0.1,0.15,0.1
6569,6569,Reano,12,Piemonte,0.15,0.15,0.1,0.15,0.1
6570,6570,Recale,04,Campania,0.15,0.15,0.1,0.15,0.1
6571,6571,Recanati,10,Marche,0.15,0.15,0.1,0.15,0.1
6572,6572,Recco,,Liguria",0.15,0.15,0.1,0.15,0.1
6573,6573,Recetto,12,Piemonte,0.15,0.15,0.1,0.15,0.1
6574,6574,Recoaro Terme,20,Veneto,0.15,0.15,0.1,0.15,0.1
6575,6575,Reda,,Emilia-romagna",0.15,0.15,0.1,0.15,0.1
6576,6576,Redavalle,09,Lombardia,0.15,0.15,0.1,0.15,0.1
6577,6577,Redipiano,03,Calabria,0.15,0.15,0.1,0.15,0.1
6578,6578,Redipuglia,06,Friuli-venezia Giulia,0.15,0.15,0.1,0.15,0.1
6579,6579,Redondesco,09,Lombardia,0.15,0.15,0.1,0.15,0.1
6580,6580,Refrancore,12,Piemonte,0.15,0.15,0.1,0.15,0.1
6581,6581,Refrontolo,20,Veneto,0.15,0.15,0.1,0.15,0.1
6582,6582,Regalbuto,,Autonoma Siciliana,0.15,0.15,0.1,0.15,0.1
6583,6583,Reggello,16,Toscana,0.15,0.15,0.1,0.15,0.1
6584,6584,Reggio Calabria,03,Calabria,0.15,0.15,0.1,0.15,0.1
6585,6585,Reggiolo,,Emilia-romagna",0.15,0.15,0.1,0.15,0.1
6586,6586,Regoledo,09,Lombardia,0.15,0.15,0.1,0.15,0.1
6587,6587,Regolelli,07,Lazio,0.15,0.15,0.1,0.15,0.1
6588,6588,Regona,09,Lombardia,0.15,0.15,0.1,0.15,0.1
6589,6589,Reino,04,Campania,0.15,0.15,0.1,0.15,0.1
6590,6590,Reitano,,Autonoma Siciliana,0.15,0.15,0.1,0.15,0.1
6591,6591,Remanzacco,06,Friuli-venezia Giulia,0.15,0.15,0.1,0.15,0.1
6592,6592,Remedello,09,Lombardia,0.15,0.15,0.1,0.15,0.1
6593,6593,Renate,09,Lombardia,0.15,0.15,0.1,0.15,0.1
6594,6594,Renazzo,,Emilia-romagna",0.15,0.15,0.1,0.15,0.1
6595,6595,Rende,03,Calabria,0.15,0.15,0.1,0.15,0.1
6596,6596,Reno Centese,,Emilia-romagna",0.15,0.15,0.1,0.15,0.1
6597,6597,Resana,20,Veneto,0.15,0.15,0.1,0.15,0.1
6598,6598,Rescaldina,09,Lombardia,0.15,0.15,0.1,0.15,0.1
6599,6599,Resia,17,Trentino-alto Adige,0.15,0.15,0.1,0.15,0.1
6600,6600,Resiutta,06,Friuli-venezia Giulia,0.15,0.15,0.1,0.15,0.1
6601,6601,Resuttano,,Autonoma Siciliana,0.15,0.15,0.1,0.15,0.1
6602,6602,Retegno,09,Lombardia,0.15,0.15,0.1,0.15,0.1
6603,6603,Retorbido,09,Lombardia,0.15,0.15,0.1,0.15,0.1
6604,6604,Revello,12,Piemonte,0.15,0.15,0.1,0.15,0.1
6605,6605,Revere,09,Lombardia,0.15,0.15,0.1,0.15,0.1
6606,6606,Revigliasco,12,Piemonte,0.15,0.15,0.1,0.15,0.1
6607,6607,Revine,20,Veneto,0.15,0.15,0.1,0.15,0.1
6608,6608,Revislate,12,Piemonte,0.15,0.15,0.1,0.15,0.1
6609,6609,Revo,17,Trentino-alto Adige,0.15,0.15,0.1,0.15,0.1
6610,6610,Rezzago,09,Lombardia,0.15,0.15,0.1,0.15,0.1
6611,6611,Rezzato,09,Lombardia,0.15,0.15,0.1,0.15,0.1
6612,6612,Rezzo,,Liguria",0.15,0.15,0.1,0.15,0.1
6613,6613,Rezzoaglio,,Liguria",0.15,0.15,0.1,0.15,0.1
6614,6614,Rho,09,Lombardia,0.15,0.15,0.1,0.15,0.1
6615,6615,Riace,03,Calabria,0.15,0.15,0.1,0.15,0.1
6616,6616,Riace Marina,03,Calabria,0.15,0.15,0.1,0.15,0.1
6617,6617,Riale,,Emilia-romagna",0.15,0.15,0.1,0.15,0.1
6618,6618,Rialto,,Liguria",0.15,0.15,0.1,0.15,0.1
6619,6619,Riano,07,Lazio,0.15,0.15,0.1,0.15,0.1
6620,6620,Riardo,04,Campania,0.15,0.15,0.1,0.15,0.1
6621,6621,Ribera,,Autonoma Siciliana,0.15,0.15,0.1,0.15,0.1
6622,6622,Ribolla,16,Toscana,0.15,0.15,0.1,0.15,0.1
6623,6623,Ribordone,12,Piemonte,0.15,0.15,0.1,0.15,0.1
6624,6624,Ricadi,03,Calabria,0.15,0.15,0.1,0.15,0.1
6625,6625,Ricaldone,12,Piemonte,0.15,0.15,0.1,0.15,0.1
6626,6626,Ricca,12,Piemonte,0.15,0.15,0.1,0.15,0.1
6627,6627,Riccia,11,Molise,0.15,0.15,0.1,0.15,0.1
6628,6628,Riccione,,Emilia-romagna",0.15,0.15,0.1,0.15,0.1
6629,6629,Ricco,,Emilia-romagna",0.15,0.15,0.1,0.15,0.1
6630,6630,Ricengo,09,Lombardia,0.15,0.15,0.1,0.15,0.1
6631,6631,Ricigliano,04,Campania,0.15,0.15,0.1,0.15,0.1
6632,6632,Ridotti,01,Abruzzi,0.15,0.15,0.1,0.15,0.1
6633,6633,Ried,17,Trentino-alto Adige,0.15,0.15,0.1,0.15,0.1
6634,6634,Riesci,13,Puglia,0.15,0.15,0.1,0.15,0.1
6635,6635,Riese Pio X,20,Veneto,0.15,0.15,0.1,0.15,0.1
6636,6636,Riesi,,Autonoma Siciliana,0.15,0.15,0.1,0.15,0.1
6637,6637,Rieti,07,Lazio,0.15,0.15,0.1,0.15,0.1
6638,6638,Rifiano,17,Trentino-alto Adige,0.15,0.15,0.1,0.15,0.1
6639,6639,Rifreddo,12,Piemonte,0.15,0.15,0.1,0.15,0.1
6640,6640,Rigaletta,,Autonoma Siciliana,0.15,0.15,0.1,0.15,0.1
6641,6641,Rignano Flaminio,07,Lazio,0.15,0.15,0.1,0.15,0.1
6642,6642,Rignano Garganico,13,Puglia,0.15,0.15,0.1,0.15,0.1
6643,6643,Rigolato,06,Friuli-venezia Giulia,0.15,0.15,0.1,0.15,0.1
6644,6644,Rilievo,,Autonoma Siciliana,0.15,0.15,0.1,0.15,0.1
6645,6645,Rima,12,Piemonte,0.15,0.15,0.1,0.15,0.1
6646,6646,Rimaggio,16,Toscana,0.15,0.15,0.1,0.15,0.1
6647,6647,Rimasco,12,Piemonte,0.15,0.15,0.1,0.15,0.1
6648,6648,Rimella,12,Piemonte,0.15,0.15,0.1,0.15,0.1
6649,6649,Rimini,,Emilia-romagna",0.15,0.15,0.1,0.15,0.1
6650,6650,Rina,,Autonoma Siciliana,0.15,0.15,0.1,0.15,0.1
6651,6651,Rio Marina,16,Toscana,0.15,0.15,0.1,0.15,0.1
6652,6652,Rio Saliceto,,Emilia-romagna",0.15,0.15,0.1,0.15,0.1
6653,6653,Rio San Martino,20,Veneto,0.15,0.15,0.1,0.15,0.1
6654,6654,Riofreddo,07,Lazio,0.15,0.15,0.1,0.15,0.1
6655,6655,Riola,,Emilia-romagna",0.15,0.15,0.1,0.15,0.1
6656,6656,Riola Sardo,,Autonoma Della Sardegna,0.15,0.15,0.1,0.15,0.1
6657,6657,Riolo Terme,,Emilia-romagna",0.15,0.15,0.1,0.15,0.1
6658,6658,Riolunato,,Emilia-romagna",0.15,0.15,0.1,0.15,0.1
6659,6659,Riomaggiore,,Liguria",0.15,0.15,0.1,0.15,0.1
6660,6660,Riomurtas,,Autonoma Della Sardegna,0.15,0.15,0.1,0.15,0.1
6661,6661,Rionero Sannitico,11,Molise,0.15,0.15,0.1,0.15,0.1
6662,6662,Rioveggio,,Emilia-romagna",0.15,0.15,0.1,0.15,0.1
6663,6663,Riozzo,09,Lombardia,0.15,0.15,0.1,0.15,0.1
6664,6664,Ripa Teatina,01,Abruzzi,0.15,0.15,0.1,0.15,0.1
6665,6665,Ripaberarda,10,Marche,0.15,0.15,0.1,0.15,0.1
6666,6666,Ripabianca,18,Umbria,0.15,0.15,0.1,0.15,0.1
6667,6667,Ripabottoni,11,Molise,0.15,0.15,0.1,0.15,0.1
6668,6668,Ripacandida,02,Basilicata,0.15,0.15,0.1,0.15,0.1
6669,6669,Ripalimosani,11,Molise,0.15,0.15,0.1,0.15,0.1
6670,6670,Ripalta Arpina,09,Lombardia,0.15,0.15,0.1,0.15,0.1
6671,6671,Ripalta Guerina,09,Lombardia,0.15,0.15,0.1,0.15,0.1
6672,6672,Ripalta Nuova,09,Lombardia,0.15,0.15,0.1,0.15,0.1
6673,6673,Ripapersico,,Emilia-romagna",0.15,0.15,0.1,0.15,0.1
6674,6674,Riparbella,16,Toscana,0.15,0.15,0.1,0.15,0.1
6675,6675,Ripatransone,10,Marche,0.15,0.15,0.1,0.15,0.1
6676,6676,Ripe,10,Marche,0.15,0.15,0.1,0.15,0.1
6677,6677,Ripe San Ginesio,10,Marche,0.15,0.15,0.1,0.15,0.1
6678,6678,Ripi,07,Lazio,0.15,0.15,0.1,0.15,0.1
6679,6679,Riposto,,Autonoma Siciliana,0.15,0.15,0.1,0.15,0.1
6680,6680,Risano,06,Friuli-venezia Giulia,0.15,0.15,0.1,0.15,0.1
6681,6681,Riscone,17,Trentino-alto Adige,0.15,0.15,0.1,0.15,0.1
6682,6682,Rispescia,16,Toscana,0.15,0.15,0.1,0.15,0.1
6683,6683,Rittana,12,Piemonte,0.15,0.15,0.1,0.15,0.1
6684,6684,Riva,20,Veneto,0.15,0.15,0.1,0.15,0.1
6685,6685,Riva,12,Piemonte,0.15,0.15,0.1,0.15,0.1
6686,6686,Riva Ligure,,Liguria",0.15,0.15,0.1,0.15,0.1
6687,6687,Riva Presso Chieri,12,Piemonte,0.15,0.15,0.1,0.15,0.1
6688,6688,Riva Valdobbia,12,Piemonte,0.15,0.15,0.1,0.15,0.1
6689,6689,Rivadolmo,20,Veneto,0.15,0.15,0.1,0.15,0.1
6690,6690,Rivalba,12,Piemonte,0.15,0.15,0.1,0.15,0.1
6691,6691,Rivalta,20,Veneto,0.15,0.15,0.1,0.15,0.1
6692,6692,Rivalta Bormida,12,Piemonte,0.15,0.15,0.1,0.15,0.1
6693,6693,Rivamonte Agordino,20,Veneto,0.15,0.15,0.1,0.15,0.1
6694,6694,Rivanazzano,09,Lombardia,0.15,0.15,0.1,0.15,0.1
6695,6695,Rivara,12,Piemonte,0.15,0.15,0.1,0.15,0.1
6696,6696,Rivara,,Emilia-romagna",0.15,0.15,0.1,0.15,0.1
6697,6697,Rivarola,,Liguria",0.15,0.15,0.1,0.15,0.1
6698,6698,Rivarolo,,Emilia-romagna",0.15,0.15,0.1,0.15,0.1
6699,6699,Rivarolo Canavese,12,Piemonte,0.15,0.15,0.1,0.15,0.1
6700,6700,Rivarolo Mantovano,09,Lombardia,0.15,0.15,0.1,0.15,0.1
6701,6701,Rivarone,12,Piemonte,0.15,0.15,0.1,0.15,0.1
6702,6702,Rivarossa,12,Piemonte,0.15,0.15,0.1,0.15,0.1
6703,6703,Rivarotta,06,Friuli-venezia Giulia,0.15,0.15,0.1,0.15,0.1
6704,6704,Rivazzurra,,Emilia-romagna",0.15,0.15,0.1,0.15,0.1
6705,6705,Rive,12,Piemonte,0.15,0.15,0.1,0.15,0.1
6706,6706,Rivello,02,Basilicata,0.15,0.15,0.1,0.15,0.1
6707,6707,Rivergaro,,Emilia-romagna",0.15,0.15,0.1,0.15,0.1
6708,6708,Rivignano,06,Friuli-venezia Giulia,0.15,0.15,0.1,0.15,0.1
6709,6709,Rivisondoli,01,Abruzzi,0.15,0.15,0.1,0.15,0.1
6710,6710,Rivodutri,07,Lazio,0.15,0.15,0.1,0.15,0.1
6711,6711,Rivoira,12,Piemonte,0.15,0.15,0.1,0.15,0.1
6712,6712,Rivoli,12,Piemonte,0.15,0.15,0.1,0.15,0.1
6713,6713,Rivoli Veronese,20,Veneto,0.15,0.15,0.1,0.15,0.1
6714,6714,Rivotorto,18,Umbria,0.15,0.15,0.1,0.15,0.1
6715,6715,Rizziconi,03,Calabria,0.15,0.15,0.1,0.15,0.1
6716,6716,Ro,,Emilia-romagna",0.15,0.15,0.1,0.15,0.1
6717,6717,Roana,20,Veneto,0.15,0.15,0.1,0.15,0.1
6718,6718,Roaschia,12,Piemonte,0.15,0.15,0.1,0.15,0.1
6719,6719,Roascio,12,Piemonte,0.15,0.15,0.1,0.15,0.1
6720,6720,Roasio,12,Piemonte,0.15,0.15,0.1,0.15,0.1
6721,6721,Roata Chiusani,12,Piemonte,0.15,0.15,0.1,0.15,0.1
6722,6722,Roata Rossi,12,Piemonte,0.15,0.15,0.1,0.15,0.1
6723,6723,Roatto,12,Piemonte,0.15,0.15,0.1,0.15,0.1
6724,6724,Robassomero,12,Piemonte,0.15,0.15,0.1,0.15,0.1
6725,6725,Robbiano,09,Lombardia,0.15,0.15,0.1,0.15,0.1
6726,6726,Robbiate,09,Lombardia,0.15,0.15,0.1,0.15,0.1
6727,6727,Robbio,09,Lombardia,0.15,0.15,0.1,0.15,0.1
6728,6728,Robecchetto Con Induno,09,Lombardia,0.15,0.15,0.1,0.15,0.1
6729,6729,Robecco Pavese,09,Lombardia,0.15,0.15,0.1,0.15,0.1
6730,6730,Robegano,20,Veneto,0.15,0.15,0.1,0.15,0.1
6731,6731,Robella,12,Piemonte,0.15,0.15,0.1,0.15,0.1
6732,6732,Robilante,12,Piemonte,0.15,0.15,0.1,0.15,0.1
6733,6733,Roburent,12,Piemonte,0.15,0.15,0.1,0.15,0.1
6734,6734,Rocca Canavese,12,Piemonte,0.15,0.15,0.1,0.15,0.1
6735,6735,Rocca Canterano,07,Lazio,0.15,0.15,0.1,0.15,0.1
6736,6736,Rocca Ciglie,12,Piemonte,0.15,0.15,0.1,0.15,0.1
6737,6737,Rocca De' Baldi,12,Piemonte,0.15,0.15,0.1,0.15,0.1
6738,6738,Rocca Grimalda,12,Piemonte,0.15,0.15,0.1,0.15,0.1
6739,6739,Rocca Imperiale,03,Calabria,0.15,0.15,0.1,0.15,0.1
6740,6740,Rocca Imperiale Marina,03,Calabria,0.15,0.15,0.1,0.15,0.1
6741,6741,Rocca Malatina,,Emilia-romagna",0.15,0.15,0.1,0.15,0.1
6742,6742,Rocca Massima,07,Lazio,0.15,0.15,0.1,0.15,0.1
6743,6743,Rocca Pia,01,Abruzzi,0.15,0.15,0.1,0.15,0.1
6744,6744,Rocca Pietore,20,Veneto,0.15,0.15,0.1,0.15,0.1
6745,6745,Rocca Priora,07,Lazio,0.15,0.15,0.1,0.15,0.1
6746,6746,Rocca San Casciano,,Emilia-romagna",0.15,0.15,0.1,0.15,0.1
6747,6747,Rocca San Felice,04,Campania,0.15,0.15,0.1,0.15,0.1
6748,6748,Rocca San Giovanni,01,Abruzzi,0.15,0.15,0.1,0.15,0.1
6749,6749,Rocca Santo Stefano,07,Lazio,0.15,0.15,0.1,0.15,0.1
6750,6750,Rocca Sinibalda,07,Lazio,0.15,0.15,0.1,0.15,0.1
6751,6751,Roccabascerana,04,Campania,0.15,0.15,0.1,0.15,0.1
6752,6752,Roccabernarda,03,Calabria,0.15,0.15,0.1,0.15,0.1
6753,6753,Roccabianca,,Emilia-romagna",0.15,0.15,0.1,0.15,0.1
6754,6754,Roccabruna,12,Piemonte,0.15,0.15,0.1,0.15,0.1
6755,6755,Roccacasale,01,Abruzzi,0.15,0.15,0.1,0.15,0.1
6756,6756,Roccadaspide,04,Campania,0.15,0.15,0.1,0.15,0.1
6757,6757,Roccafiorita,,Autonoma Siciliana,0.15,0.15,0.1,0.15,0.1
6758,6758,Roccaforte Ligure,12,Piemonte,0.15,0.15,0.1,0.15,0.1
6759,6759,Roccaforte Mondovi,12,Piemonte,0.15,0.15,0.1,0.15,0.1
6760,6760,Roccaforzata,13,Puglia,0.15,0.15,0.1,0.15,0.1
6761,6761,Roccafranca,09,Lombardia,0.15,0.15,0.1,0.15,0.1
6762,6762,Roccagiovine,07,Lazio,0.15,0.15,0.1,0.15,0.1
6763,6763,Roccagloriosa,04,Campania,0.15,0.15,0.1,0.15,0.1
6764,6764,Roccagorga,07,Lazio,0.15,0.15,0.1,0.15,0.1
6765,6765,Roccalbegna,16,Toscana,0.15,0.15,0.1,0.15,0.1
6766,6766,Roccalumera,,Autonoma Siciliana,0.15,0.15,0.1,0.15,0.1
6767,6767,Roccamandolfi,11,Molise,0.15,0.15,0.1,0.15,0.1
6768,6768,Roccamena,,Autonoma Siciliana,0.15,0.15,0.1,0.15,0.1
6769,6769,Roccamonfina,04,Campania,0.15,0.15,0.1,0.15,0.1
6770,6770,Roccamorice,01,Abruzzi,0.15,0.15,0.1,0.15,0.1
6771,6771,Roccanova,02,Basilicata,0.15,0.15,0.1,0.15,0.1
6772,6772,Roccantica,07,Lazio,0.15,0.15,0.1,0.15,0.1
6773,6773,Roccapalumba,,Autonoma Siciliana,0.15,0.15,0.1,0.15,0.1
6774,6774,Roccapiemonte,04,Campania,0.15,0.15,0.1,0.15,0.1
6775,6775,Roccapietra,12,Piemonte,0.15,0.15,0.1,0.15,0.1
6776,6776,Roccarainola,04,Campania,0.15,0.15,0.1,0.15,0.1
6777,6777,Roccaraso,01,Abruzzi,0.15,0.15,0.1,0.15,0.1
6778,6778,Roccaromana,04,Campania,0.15,0.15,0.1,0.15,0.1
6779,6779,Roccascalegna,01,Abruzzi,0.15,0.15,0.1,0.15,0.1
6780,6780,Roccasecca,07,Lazio,0.15,0.15,0.1,0.15,0.1
6781,6781,Roccasecca Stazione,07,Lazio,0.15,0.15,0.1,0.15,0.1
6782,6782,Roccasicura,11,Molise,0.15,0.15,0.1,0.15,0.1
6783,6783,Roccasparvera,12,Piemonte,0.15,0.15,0.1,0.15,0.1
6784,6784,Roccastrada,16,Toscana,0.15,0.15,0.1,0.15,0.1
6785,6785,Roccatederighi,16,Toscana,0.15,0.15,0.1,0.15,0.1
6786,6786,Roccavaldina,,Autonoma Siciliana,0.15,0.15,0.1,0.15,0.1
6787,6787,Roccaverano,12,Piemonte,0.15,0.15,0.1,0.15,0.1
6788,6788,Roccavignale,,Liguria",0.15,0.15,0.1,0.15,0.1
6789,6789,Roccavione,12,Piemonte,0.15,0.15,0.1,0.15,0.1
6790,6790,Roccavivara,11,Molise,0.15,0.15,0.1,0.15,0.1
6791,6791,Roccavivi,01,Abruzzi,0.15,0.15,0.1,0.15,0.1
6792,6792,Roccazzo,,Autonoma Siciliana,0.15,0.15,0.1,0.15,0.1
6793,6793,Roccella Ionica,03,Calabria,0.15,0.15,0.1,0.15,0.1
6794,6794,Roccella Valdemone,,Autonoma Siciliana,0.15,0.15,0.1,0.15,0.1
6795,6795,Roccelletta,03,Calabria,0.15,0.15,0.1,0.15,0.1
6796,6796,Rocchenere,,Autonoma Siciliana,0.15,0.15,0.1,0.15,0.1
6797,6797,Rocchetta,04,Campania,0.15,0.15,0.1,0.15,0.1
6798,6798,Rocchetta Belbo,12,Piemonte,0.15,0.15,0.1,0.15,0.1
6799,6799,Rocchetta Cairo,,Liguria",0.15,0.15,0.1,0.15,0.1
6800,6800,Rocchetta Ligure,12,Piemonte,0.15,0.15,0.1,0.15,0.1
6801,6801,Rocchetta Nervina,,Liguria",0.15,0.15,0.1,0.15,0.1
6802,6802,Rocchetta Nuova,11,Molise,0.15,0.15,0.1,0.15,0.1
6803,6803,Rocchetta Palafea,12,Piemonte,0.15,0.15,0.1,0.15,0.1
6804,6804,Rocchetta Sant'Antonio,13,Puglia,0.15,0.15,0.1,0.15,0.1
6805,6805,Rocchetta Tanaro,12,Piemonte,0.15,0.15,0.1,0.15,0.1
6806,6806,Rodallo,12,Piemonte,0.15,0.15,0.1,0.15,0.1
6807,6807,Roddi,12,Piemonte,0.15,0.15,0.1,0.15,0.1
6808,6808,Roddino,12,Piemonte,0.15,0.15,0.1,0.15,0.1
6809,6809,Rodeano,06,Friuli-venezia Giulia,0.15,0.15,0.1,0.15,0.1
6810,6810,Rodello,12,Piemonte,0.15,0.15,0.1,0.15,0.1
6811,6811,Rodengo,17,Trentino-alto Adige,0.15,0.15,0.1,0.15,0.1
6812,6812,Rodero,09,Lombardia,0.15,0.15,0.1,0.15,0.1
6813,6813,Rodi,,Autonoma Siciliana,0.15,0.15,0.1,0.15,0.1
6814,6814,Rodi Garganico,13,Puglia,0.15,0.15,0.1,0.15,0.1
6815,6815,Rodigo,09,Lombardia,0.15,0.15,0.1,0.15,0.1
6816,6816,Roe,09,Lombardia,0.15,0.15,0.1,0.15,0.1
6817,6817,Roe Alte,20,Veneto,0.15,0.15,0.1,0.15,0.1
6818,6818,Rofrano,04,Campania,0.15,0.15,0.1,0.15,0.1
6819,6819,Rogeno,09,Lombardia,0.15,0.15,0.1,0.15,0.1
6820,6820,Roggiano Gravina,03,Calabria,0.15,0.15,0.1,0.15,0.1
6821,6821,Roggione,09,Lombardia,0.15,0.15,0.1,0.15,0.1
6822,6822,Roghudi,03,Calabria,0.15,0.15,0.1,0.15,0.1
6823,6823,Rogliano,03,Calabria,0.15,0.15,0.1,0.15,0.1
6824,6824,Rognano,09,Lombardia,0.15,0.15,0.1,0.15,0.1
6825,6825,Rogno,09,Lombardia,0.15,0.15,0.1,0.15,0.1
6826,6826,Rogolo,09,Lombardia,0.15,0.15,0.1,0.15,0.1
6827,6827,Rogorotto,09,Lombardia,0.15,0.15,0.1,0.15,0.1
6828,6828,Roiate,07,Lazio,0.15,0.15,0.1,0.15,0.1
6829,6829,Roio Piano,01,Abruzzi,0.15,0.15,0.1,0.15,0.1
6830,6830,Roletto,12,Piemonte,0.15,0.15,0.1,0.15,0.1
6831,6831,Rolo,,Emilia-romagna",0.15,0.15,0.1,0.15,0.1
6832,6832,Romagnano,17,Trentino-alto Adige,0.15,0.15,0.1,0.15,0.1
6833,6833,Romagnano Sesia,12,Piemonte,0.15,0.15,0.1,0.15,0.1
6834,6834,Romagnese,09,Lombardia,0.15,0.15,0.1,0.15,0.1
6835,6835,Romallo,17,Trentino-alto Adige,0.15,0.15,0.1,0.15,0.1
6836,6836,Romana,,Autonoma Della Sardegna,0.15,0.15,0.1,0.15,0.1
6837,6837,Romanengo,09,Lombardia,0.15,0.15,0.1,0.15,0.1
6838,6838,Romano Banco,09,Lombardia,0.15,0.15,0.1,0.15,0.1
6839,6839,Romano Canavese,12,Piemonte,0.15,0.15,0.1,0.15,0.1
6840,6840,Romanore,09,Lombardia,0.15,0.15,0.1,0.15,0.1
6841,6841,Romans,06,Friuli-venezia Giulia,0.15,0.15,0.1,0.15,0.1
6842,6842,Rombiolo,03,Calabria,0.15,0.15,0.1,0.15,0.1
6843,6843,Rome,07,Lazio,0.15,0.15,0.1,0.15,0.1
6844,6844,Romea Vecchia,,Emilia-romagna",0.15,0.15,0.1,0.15,0.1
6845,6845,Romeno,17,Trentino-alto Adige,0.15,0.15,0.1,0.15,0.1
6846,6846,Romentino,12,Piemonte,0.15,0.15,0.1,0.15,0.1
6847,6847,Rometta,,Autonoma Siciliana,0.15,0.15,0.1,0.15,0.1
6848,6848,Rometta Marea,,Autonoma Siciliana,0.15,0.15,0.1,0.15,0.1
6849,6849,Romito Magra,,Liguria",0.15,0.15,0.1,0.15,0.1
6850,6850,Romola,16,Toscana,0.15,0.15,0.1,0.15,0.1
6851,6851,Ronago,09,Lombardia,0.15,0.15,0.1,0.15,0.1
6852,6852,Ronca,20,Veneto,0.15,0.15,0.1,0.15,0.1
6853,6853,Roncade,20,Veneto,0.15,0.15,0.1,0.15,0.1
6854,6854,Roncadelle,09,Lombardia,0.15,0.15,0.1,0.15,0.1
6855,6855,Roncadelle,20,Veneto,0.15,0.15,0.1,0.15,0.1
6856,6856,Roncadello,,Emilia-romagna",0.15,0.15,0.1,0.15,0.1
6857,6857,Roncadello,09,Lombardia,0.15,0.15,0.1,0.15,0.1
6858,6858,Roncalceci,,Emilia-romagna",0.15,0.15,0.1,0.15,0.1
6859,6859,Roncanova,20,Veneto,0.15,0.15,0.1,0.15,0.1
6860,6860,Roncaro,09,Lombardia,0.15,0.15,0.1,0.15,0.1
6861,6861,Roncegno,17,Trentino-alto Adige,0.15,0.15,0.1,0.15,0.1
6862,6862,Roncello,09,Lombardia,0.15,0.15,0.1,0.15,0.1
6863,6863,Ronchi,20,Veneto,0.15,0.15,0.1,0.15,0.1
6864,6864,Ronchi Valsugana,17,Trentino-alto Adige,0.15,0.15,0.1,0.15,0.1
6865,6865,Ronchis,06,Friuli-venezia Giulia,0.15,0.15,0.1,0.15,0.1
6866,6866,Ronciglione,07,Lazio,0.15,0.15,0.1,0.15,0.1
6867,6867,Ronco,09,Lombardia,0.15,0.15,0.1,0.15,0.1
6868,6868,Ronco All'Adige,20,Veneto,0.15,0.15,0.1,0.15,0.1
6869,6869,Ronco Biellese,12,Piemonte,0.15,0.15,0.1,0.15,0.1
6870,6870,Ronco Briantino,09,Lombardia,0.15,0.15,0.1,0.15,0.1
6871,6871,Ronco Campo Canneto,,Emilia-romagna",0.15,0.15,0.1,0.15,0.1
6872,6872,Ronco Canavese,12,Piemonte,0.15,0.15,0.1,0.15,0.1
6873,6873,Ronco Scrivia,,Liguria",0.15,0.15,0.1,0.15,0.1
6874,6874,Roncobello,09,Lombardia,0.15,0.15,0.1,0.15,0.1
6875,6875,Roncocesi,,Emilia-romagna",0.15,0.15,0.1,0.15,0.1
6876,6876,Roncoferraro,09,Lombardia,0.15,0.15,0.1,0.15,0.1
6877,6877,Roncofreddo,,Emilia-romagna",0.15,0.15,0.1,0.15,0.1
6878,6878,Roncola,09,Lombardia,0.15,0.15,0.1,0.15,0.1
6879,6879,Roncoleva,20,Veneto,0.15,0.15,0.1,0.15,0.1
6880,6880,Roncolo,,Emilia-romagna",0.15,0.15,0.1,0.15,0.1
6881,6881,Roncone,17,Trentino-alto Adige,0.15,0.15,0.1,0.15,0.1
6882,6882,Rondanina,,Liguria",0.15,0.15,0.1,0.15,0.1
6883,6883,Rondissone,12,Piemonte,0.15,0.15,0.1,0.15,0.1
6884,6884,Ronsecco,12,Piemonte,0.15,0.15,0.1,0.15,0.1
6885,6885,Ronta,16,Toscana,0.15,0.15,0.1,0.15,0.1
6886,6886,Ronzone,17,Trentino-alto Adige,0.15,0.15,0.1,0.15,0.1
6887,6887,Roppolo,12,Piemonte,0.15,0.15,0.1,0.15,0.1
6888,6888,Rora,12,Piemonte,0.15,0.15,0.1,0.15,0.1
6889,6889,Roreto,12,Piemonte,0.15,0.15,0.1,0.15,0.1
6890,6890,Rosa,06,Friuli-venezia Giulia,0.15,0.15,0.1,0.15,0.1
6891,6891,Rosa,20,Veneto,0.15,0.15,0.1,0.15,0.1
6892,6892,Rosano,16,Toscana,0.15,0.15,0.1,0.15,0.1
6893,6893,Rosario,03,Calabria,0.15,0.15,0.1,0.15,0.1
6894,6894,Rosarno,03,Calabria,0.15,0.15,0.1,0.15,0.1
6895,6895,Rosasco,09,Lombardia,0.15,0.15,0.1,0.15,0.1
6896,6896,Rosate,09,Lombardia,0.15,0.15,0.1,0.15,0.1
6897,6897,Rosazza,12,Piemonte,0.15,0.15,0.1,0.15,0.1
6898,6898,Rosciano,10,Marche,0.15,0.15,0.1,0.15,0.1
6899,6899,Rosciano,01,Abruzzi,0.15,0.15,0.1,0.15,0.1
6900,6900,Roscigno,04,Campania,0.15,0.15,0.1,0.15,0.1
6901,6901,Rose,03,Calabria,0.15,0.15,0.1,0.15,0.1
6902,6902,Rosegaferro,20,Veneto,0.15,0.15,0.1,0.15,0.1
6903,6903,Rosello,01,Abruzzi,0.15,0.15,0.1,0.15,0.1
6904,6904,Roseto Capo Spulico,03,Calabria,0.15,0.15,0.1,0.15,0.1
6905,6905,Roseto Valfortore,13,Puglia,0.15,0.15,0.1,0.15,0.1
6906,6906,Rosia,16,Toscana,0.15,0.15,0.1,0.15,0.1
6907,6907,Rosignano Marittimo,16,Toscana,0.15,0.15,0.1,0.15,0.1
6908,6908,Rosignano Monferrato,12,Piemonte,0.15,0.15,0.1,0.15,0.1
6909,6909,Rosolina,20,Veneto,0.15,0.15,0.1,0.15,0.1
6910,6910,Rosolini,,Autonoma Siciliana,0.15,0.15,0.1,0.15,0.1
6911,6911,Rosora,10,Marche,0.15,0.15,0.1,0.15,0.1
6912,6912,Rossa,12,Piemonte,0.15,0.15,0.1,0.15,0.1
6913,6913,Rossana,12,Piemonte,0.15,0.15,0.1,0.15,0.1
6914,6914,Rossano,03,Calabria,0.15,0.15,0.1,0.15,0.1
6915,6915,Rossano Stazione,03,Calabria,0.15,0.15,0.1,0.15,0.1
6916,6916,Rossano Veneto,20,Veneto,0.15,0.15,0.1,0.15,0.1
6917,6917,Rossi,,Liguria",0.15,0.15,0.1,0.15,0.1
6918,6918,Rossiglione,,Liguria",0.15,0.15,0.1,0.15,0.1
6919,6919,Rosta,12,Piemonte,0.15,0.15,0.1,0.15,0.1
6920,6920,Rota Greca,03,Calabria,0.15,0.15,0.1,0.15,0.1
6921,6921,Rotabile,07,Lazio,0.15,0.15,0.1,0.15,0.1
6922,6922,Roteglia,,Emilia-romagna",0.15,0.15,0.1,0.15,0.1
6923,6923,Rotella,10,Marche,0.15,0.15,0.1,0.15,0.1
6924,6924,Rotello,11,Molise,0.15,0.15,0.1,0.15,0.1
6925,6925,Rotonda,02,Basilicata,0.15,0.15,0.1,0.15,0.1
6926,6926,Rotondella,02,Basilicata,0.15,0.15,0.1,0.15,0.1
6927,6927,Rotondi,04,Campania,0.15,0.15,0.1,0.15,0.1
6928,6928,Rotta,09,Lombardia,0.15,0.15,0.1,0.15,0.1
6929,6929,Rottanova,20,Veneto,0.15,0.15,0.1,0.15,0.1
6930,6930,Rottofreno,,Emilia-romagna",0.15,0.15,0.1,0.15,0.1
6931,6931,Rotzo,20,Veneto,0.15,0.15,0.1,0.15,0.1
6932,6932,Roure,12,Piemonte,0.15,0.15,0.1,0.15,0.1
6933,6933,Rovagnate,09,Lombardia,0.15,0.15,0.1,0.15,0.1
6934,6934,Rovasenda,12,Piemonte,0.15,0.15,0.1,0.15,0.1
6935,6935,Rovate,09,Lombardia,0.15,0.15,0.1,0.15,0.1
6936,6936,Rovato,09,Lombardia,0.15,0.15,0.1,0.15,0.1
6937,6937,Rovegno,,Liguria",0.15,0.15,0.1,0.15,0.1
6938,6938,Roveleto,,Emilia-romagna",0.15,0.15,0.1,0.15,0.1
6939,6939,Rovellasca,09,Lombardia,0.15,0.15,0.1,0.15,0.1
6940,6940,Rovello Porro,09,Lombardia,0.15,0.15,0.1,0.15,0.1
6941,6941,Roverbasso,20,Veneto,0.15,0.15,0.1,0.15,0.1
6942,6942,Roverbella,09,Lombardia,0.15,0.15,0.1,0.15,0.1
6943,6943,Roverchiara,20,Veneto,0.15,0.15,0.1,0.15,0.1
6944,6944,Roverchiaretta,20,Veneto,0.15,0.15,0.1,0.15,0.1
6945,6945,Rovereto,17,Trentino-alto Adige,0.15,0.15,0.1,0.15,0.1
6946,6946,Rovereto,,Emilia-romagna",0.15,0.15,0.1,0.15,0.1
6947,6947,Rovescala,09,Lombardia,0.15,0.15,0.1,0.15,0.1
6948,6948,Rovetta,09,Lombardia,0.15,0.15,0.1,0.15,0.1
6949,6949,Roviano,07,Lazio,0.15,0.15,0.1,0.15,0.1
6950,6950,Rovigo,20,Veneto,0.15,0.15,0.1,0.15,0.1
6951,6951,Rovito,03,Calabria,0.15,0.15,0.1,0.15,0.1
6952,6952,Rozzampia,20,Veneto,0.15,0.15,0.1,0.15,0.1
6953,6953,Rozzano,09,Lombardia,0.15,0.15,0.1,0.15,0.1
6954,6954,Rubano,20,Veneto,0.15,0.15,0.1,0.15,0.1
6955,6955,Rubbianello,10,Marche,0.15,0.15,0.1,0.15,0.1
6956,6956,Rubiana,12,Piemonte,0.15,0.15,0.1,0.15,0.1
6957,6957,Rubiera,,Emilia-romagna",0.15,0.15,0.1,0.15,0.1
6958,6958,Ruda,06,Friuli-venezia Giulia,0.15,0.15,0.1,0.15,0.1
6959,6959,Rudiano,09,Lombardia,0.15,0.15,0.1,0.15,0.1
6960,6960,Rueglio,12,Piemonte,0.15,0.15,0.1,0.15,0.1
6961,6961,Ruffano,13,Puglia,0.15,0.15,0.1,0.15,0.1
6962,6962,Ruffia,12,Piemonte,0.15,0.15,0.1,0.15,0.1
6963,6963,Ruffre,17,Trentino-alto Adige,0.15,0.15,0.1,0.15,0.1
6964,6964,Rufina,16,Toscana,0.15,0.15,0.1,0.15,0.1
6965,6965,Ruggiano,13,Puglia,0.15,0.15,0.1,0.15,0.1
6966,6966,Ruinas,,Autonoma Della Sardegna,0.15,0.15,0.1,0.15,0.1
6967,6967,Ruino,09,Lombardia,0.15,0.15,0.1,0.15,0.1
6968,6968,Rumo,17,Trentino-alto Adige,0.15,0.15,0.1,0.15,0.1
6969,6969,Ruoti,02,Basilicata,0.15,0.15,0.1,0.15,0.1
6970,6970,Russi,,Emilia-romagna",0.15,0.15,0.1,0.15,0.1
6971,6971,Rustega,20,Veneto,0.15,0.15,0.1,0.15,0.1
6972,6972,Rutigliano,13,Puglia,0.15,0.15,0.1,0.15,0.1
6973,6973,Rutino,04,Campania,0.15,0.15,0.1,0.15,0.1
6974,6974,Ruviano,04,Campania,0.15,0.15,0.1,0.15,0.1
6975,6975,Sabaudia,07,Lazio,0.15,0.15,0.1,0.15,0.1
6976,6976,Sabbia,12,Piemonte,0.15,0.15,0.1,0.15,0.1
6977,6977,Sabbio Chiese,09,Lombardia,0.15,0.15,0.1,0.15,0.1
6978,6978,Sabbionara,17,Trentino-alto Adige,0.15,0.15,0.1,0.15,0.1
6979,6979,Sabbioneta,09,Lombardia,0.15,0.15,0.1,0.15,0.1
6980,6980,Sabina,04,Campania,0.15,0.15,0.1,0.15,0.1
6981,6981,Sacca,09,Lombardia,0.15,0.15,0.1,0.15,0.1
6982,6982,Sacco,04,Campania,0.15,0.15,0.1,0.15,0.1
6983,6983,Saccolongo,20,Veneto,0.15,0.15,0.1,0.15,0.1
6984,6984,Saccon,20,Veneto,0.15,0.15,0.1,0.15,0.1
6985,6985,Sacile,06,Friuli-venezia Giulia,0.15,0.15,0.1,0.15,0.1
6986,6986,Sacrofano,07,Lazio,0.15,0.15,0.1,0.15,0.1
6987,6987,Sadali,,Autonoma Della Sardegna,0.15,0.15,0.1,0.15,0.1
6988,6988,Sagama,,Autonoma Della Sardegna,0.15,0.15,0.1,0.15,0.1
6989,6989,Sagliano Micca,12,Piemonte,0.15,0.15,0.1,0.15,0.1
6990,6990,Sagrado,06,Friuli-venezia Giulia,0.15,0.15,0.1,0.15,0.1
6991,6991,Sagron Mis,17,Trentino-alto Adige,0.15,0.15,0.1,0.15,0.1
6992,6992,Saint Marcel,,Autonoma Valle D'aosta,0.15,0.15,0.1,0.15,0.1
6993,6993,Saint Maurice,,Autonoma Valle D'aosta,0.15,0.15,0.1,0.15,0.1
6994,6994,Sairano,09,Lombardia,0.15,0.15,0.1,0.15,0.1
6995,6995,Sala,,Emilia-romagna",0.15,0.15,0.1,0.15,0.1
6996,6996,Sala,20,Veneto,0.15,0.15,0.1,0.15,0.1
6997,6997,Sala,04,Campania,0.15,0.15,0.1,0.15,0.1
6998,6998,Sala Baganza,,Emilia-romagna",0.15,0.15,0.1,0.15,0.1
6999,6999,Sala Biellese,12,Piemonte,0.15,0.15,0.1,0.15,0.1
7000,7000,Sala Bolognese,,Emilia-romagna",0.15,0.15,0.1,0.15,0.1
7001,7001,Sala Comacina,09,Lombardia,0.15,0.15,0.1,0.15,0.1
7002,7002,Sala Consilina,04,Campania,0.15,0.15,0.1,0.15,0.1
7003,7003,Sala Monferrato,12,Piemonte,0.15,0.15,0.1,0.15,0.1
7004,7004,Salandra,02,Basilicata,0.15,0.15,0.1,0.15,0.1
7005,7005,Salaparuta,,Autonoma Siciliana,0.15,0.15,0.1,0.15,0.1
7006,7006,Salara,20,Veneto,0.15,0.15,0.1,0.15,0.1
7007,7007,Salasco,12,Piemonte,0.15,0.15,0.1,0.15,0.1
7008,7008,Salassa,12,Piemonte,0.15,0.15,0.1,0.15,0.1
7009,7009,Salbertrand,12,Piemonte,0.15,0.15,0.1,0.15,0.1
7010,7010,Salcedo,20,Veneto,0.15,0.15,0.1,0.15,0.1
7011,7011,Salcito,11,Molise,0.15,0.15,0.1,0.15,0.1
7012,7012,Sale,12,Piemonte,0.15,0.15,0.1,0.15,0.1
7013,7013,Sale Marasino,09,Lombardia,0.15,0.15,0.1,0.15,0.1
7014,7014,Sale San Giovanni,12,Piemonte,0.15,0.15,0.1,0.15,0.1
7015,7015,Salemi,,Autonoma Siciliana,0.15,0.15,0.1,0.15,0.1
7016,7016,Salento,04,Campania,0.15,0.15,0.1,0.15,0.1
7017,7017,Salerano Canavese,12,Piemonte,0.15,0.15,0.1,0.15,0.1
7018,7018,Salerno,04,Campania,0.15,0.15,0.1,0.15,0.1
7019,7019,Saletto,20,Veneto,0.15,0.15,0.1,0.15,0.1
7020,7020,Salgareda,20,Veneto,0.15,0.15,0.1,0.15,0.1
7021,7021,Sali Vercellese,12,Piemonte,0.15,0.15,0.1,0.15,0.1
7022,7022,Salice,,Autonoma Siciliana,0.15,0.15,0.1,0.15,0.1
7023,7023,Salice Salentino,13,Puglia,0.15,0.15,0.1,0.15,0.1
7024,7024,Salice Terme,09,Lombardia,0.15,0.15,0.1,0.15,0.1
7025,7025,Saliceto,12,Piemonte,0.15,0.15,0.1,0.15,0.1
7026,7026,Salinagrande,,Autonoma Siciliana,0.15,0.15,0.1,0.15,0.1
7027,7027,Saline,16,Toscana,0.15,0.15,0.1,0.15,0.1
7028,7028,Saline Ioniche,03,Calabria,0.15,0.15,0.1,0.15,0.1
7029,7029,Salino,01,Abruzzi,0.15,0.15,0.1,0.15,0.1
7030,7030,Salionze,20,Veneto,0.15,0.15,0.1,0.15,0.1
7031,7031,Salisano,07,Lazio,0.15,0.15,0.1,0.15,0.1
7032,7032,Salizzole,20,Veneto,0.15,0.15,0.1,0.15,0.1
7033,7033,Salle,01,Abruzzi,0.15,0.15,0.1,0.15,0.1
7034,7034,Salmour,12,Piemonte,0.15,0.15,0.1,0.15,0.1
7035,7035,Salo,09,Lombardia,0.15,0.15,0.1,0.15,0.1
7036,7036,Salorno,17,Trentino-alto Adige,0.15,0.15,0.1,0.15,0.1
7037,7037,Salsomaggiore Terme,,Emilia-romagna",0.15,0.15,0.1,0.15,0.1
7038,7038,Saltara,10,Marche,0.15,0.15,0.1,0.15,0.1
7039,7039,Saltrio,09,Lombardia,0.15,0.15,0.1,0.15,0.1
7040,7040,Saludecio,,Emilia-romagna",0.15,0.15,0.1,0.15,0.1
7041,7041,Saluggia,12,Piemonte,0.15,0.15,0.1,0.15,0.1
7042,7042,Salussola,12,Piemonte,0.15,0.15,0.1,0.15,0.1
7043,7043,Saluzzo,12,Piemonte,0.15,0.15,0.1,0.15,0.1
7044,7044,Salvano,10,Marche,0.15,0.15,0.1,0.15,0.1
7045,7045,Salvaterra,,Emilia-romagna",0.15,0.15,0.1,0.15,0.1
7046,7046,Salvatronda,20,Veneto,0.15,0.15,0.1,0.15,0.1
7047,7047,Salve,13,Puglia,0.15,0.15,0.1,0.15,0.1
7048,7048,Salvirola,09,Lombardia,0.15,0.15,0.1,0.15,0.1
7049,7049,Salvitelle,04,Campania,0.15,0.15,0.1,0.15,0.1
7050,7050,Salvo Marina,01,Abruzzi,0.15,0.15,0.1,0.15,0.1
7051,7051,Salza Irpina,04,Campania,0.15,0.15,0.1,0.15,0.1
7052,7052,Salzano,20,Veneto,0.15,0.15,0.1,0.15,0.1
7053,7053,Samarate,09,Lombardia,0.15,0.15,0.1,0.15,0.1
7054,7054,Samassi,,Autonoma Della Sardegna,0.15,0.15,0.1,0.15,0.1
7055,7055,Samatzai,,Autonoma Della Sardegna,0.15,0.15,0.1,0.15,0.1
7056,7056,Sambatello,03,Calabria,0.15,0.15,0.1,0.15,0.1
7057,7057,Sambiase,03,Calabria,0.15,0.15,0.1,0.15,0.1
7058,7058,Sambruson,20,Veneto,0.15,0.15,0.1,0.15,0.1
7059,7059,Sambuca,16,Toscana,0.15,0.15,0.1,0.15,0.1
7060,7060,Sambuca Pistoiese,16,Toscana,0.15,0.15,0.1,0.15,0.1
7061,7061,Sambuceto,01,Abruzzi,0.15,0.15,0.1,0.15,0.1
7062,7062,Sambuci,07,Lazio,0.15,0.15,0.1,0.15,0.1
7063,7063,Sambuco,12,Piemonte,0.15,0.15,0.1,0.15,0.1
7064,7064,Sambughe,20,Veneto,0.15,0.15,0.1,0.15,0.1
7065,7065,Sammardenchia,06,Friuli-venezia Giulia,0.15,0.15,0.1,0.15,0.1
7066,7066,Samo,03,Calabria,0.15,0.15,0.1,0.15,0.1
7067,7067,Samolaco,09,Lombardia,0.15,0.15,0.1,0.15,0.1
7068,7068,Samone,17,Trentino-alto Adige,0.15,0.15,0.1,0.15,0.1
7069,7069,Samone,12,Piemonte,0.15,0.15,0.1,0.15,0.1
7070,7070,Sampeyre,12,Piemonte,0.15,0.15,0.1,0.15,0.1
7071,7071,Sampieri,,Autonoma Siciliana,0.15,0.15,0.1,0.15,0.1
7072,7072,Samugheo,,Autonoma Della Sardegna,0.15,0.15,0.1,0.15,0.1
7073,7073,San Baronto,16,Toscana,0.15,0.15,0.1,0.15,0.1
7074,7074,San Bartolo,,Emilia-romagna",0.15,0.15,0.1,0.15,0.1
7075,7075,San Bartolomeo,,Emilia-romagna",0.15,0.15,0.1,0.15,0.1
7076,7076,San Bartolomeo,07,Lazio,0.15,0.15,0.1,0.15,0.1
7077,7077,San Bartolomeo In Bosco,,Emilia-romagna",0.15,0.15,0.1,0.15,0.1
7078,7078,San Bartolomeo Val Cavargna,09,Lombardia,0.15,0.15,0.1,0.15,0.1
7079,7079,San Basile,03,Calabria,0.15,0.15,0.1,0.15,0.1
7080,7080,San Basilio,,Autonoma Siciliana,0.15,0.15,0.1,0.15,0.1
7081,7081,San Basilio,,Autonoma Della Sardegna,0.15,0.15,0.1,0.15,0.1
7082,7082,San Bassano,09,Lombardia,0.15,0.15,0.1,0.15,0.1
7083,7083,San Bellino,20,Veneto,0.15,0.15,0.1,0.15,0.1
7084,7084,San Benedetto,,Liguria",0.15,0.15,0.1,0.15,0.1
7085,7085,San Benedetto Belbo,12,Piemonte,0.15,0.15,0.1,0.15,0.1
7086,7086,San Benedetto Po,09,Lombardia,0.15,0.15,0.1,0.15,0.1
7087,7087,San Benedetto Ullano,03,Calabria,0.15,0.15,0.1,0.15,0.1
7088,7088,San Benigno Canavese,12,Piemonte,0.15,0.15,0.1,0.15,0.1
7089,7089,San Bernardino,12,Piemonte,0.15,0.15,0.1,0.15,0.1
7090,7090,San Bernardino,,Emilia-romagna",0.15,0.15,0.1,0.15,0.1
7091,7091,San Bernardino Verbano,12,Piemonte,0.15,0.15,0.1,0.15,0.1
7092,7092,San Bernardo,17,Trentino-alto Adige,0.15,0.15,0.1,0.15,0.1
7093,7093,San Biagio,12,Piemonte,0.15,0.15,0.1,0.15,0.1
7094,7094,San Biagio,09,Lombardia,0.15,0.15,0.1,0.15,0.1
7095,7095,San Biagio,20,Veneto,0.15,0.15,0.1,0.15,0.1
7096,7096,San Biagio,,Emilia-romagna",0.15,0.15,0.1,0.15,0.1
7097,7097,San Biagio,10,Marche,0.15,0.15,0.1,0.15,0.1
7098,7098,San Biagio Platani,,Autonoma Siciliana,0.15,0.15,0.1,0.15,0.1
7099,7099,San Biagio Saracinisco,07,Lazio,0.15,0.15,0.1,0.15,0.1
7100,7100,San Biase,03,Calabria,0.15,0.15,0.1,0.15,0.1
7101,7101,San Biase,11,Molise,0.15,0.15,0.1,0.15,0.1
7102,7102,San Bonifacio,20,Veneto,0.15,0.15,0.1,0.15,0.1
7103,7103,San Brancato,02,Basilicata,0.15,0.15,0.1,0.15,0.1
7104,7104,San Briccio,20,Veneto,0.15,0.15,0.1,0.15,0.1
7105,7105,San Buono,01,Abruzzi,0.15,0.15,0.1,0.15,0.1
7106,7106,San Calogero,03,Calabria,0.15,0.15,0.1,0.15,0.1
7107,7107,San Candido,17,Trentino-alto Adige,0.15,0.15,0.1,0.15,0.1
7108,7108,San Carlo,,Emilia-romagna",0.15,0.15,0.1,0.15,0.1
7109,7109,San Carlo,04,Campania,0.15,0.15,0.1,0.15,0.1
7110,7110,San Carlo Canavese,12,Piemonte,0.15,0.15,0.1,0.15,0.1
7111,7111,San Cassiano,13,Puglia,0.15,0.15,0.1,0.15,0.1
7112,7112,San Cassiano,09,Lombardia,0.15,0.15,0.1,0.15,0.1
7113,7113,San Castrese,04,Campania,0.15,0.15,0.1,0.15,0.1
7114,7114,San Cataldo,02,Basilicata,0.15,0.15,0.1,0.15,0.1
7115,7115,San Cataldo,,Autonoma Siciliana,0.15,0.15,0.1,0.15,0.1
7116,7116,San Cataldo,09,Lombardia,0.15,0.15,0.1,0.15,0.1
7117,7117,San Cesareo,07,Lazio,0.15,0.15,0.1,0.15,0.1
7118,7118,San Chiaffredo,12,Piemonte,0.15,0.15,0.1,0.15,0.1
7119,7119,San Chirico Nuovo,02,Basilicata,0.15,0.15,0.1,0.15,0.1
7120,7120,San Chirico Raparo,02,Basilicata,0.15,0.15,0.1,0.15,0.1
7121,7121,San Cipirello,,Autonoma Siciliana,0.15,0.15,0.1,0.15,0.1
7122,7122,San Cipriano,01,Abruzzi,0.15,0.15,0.1,0.15,0.1
7123,7123,San Cipriano Picentino,04,Campania,0.15,0.15,0.1,0.15,0.1
7124,7124,San Cipriano Po,09,Lombardia,0.15,0.15,0.1,0.15,0.1
7125,7125,San Claudio,10,Marche,0.15,0.15,0.1,0.15,0.1
7126,7126,San Clemente,16,Toscana,0.15,0.15,0.1,0.15,0.1
7127,7127,San Clemente,04,Campania,0.15,0.15,0.1,0.15,0.1
7128,7128,San Clemente,,Emilia-romagna",0.15,0.15,0.1,0.15,0.1
7129,7129,San Colombano,,Emilia-romagna",0.15,0.15,0.1,0.15,0.1
7130,7130,San Colombano,09,Lombardia,0.15,0.15,0.1,0.15,0.1
7131,7131,San Colombano Belmonte,12,Piemonte,0.15,0.15,0.1,0.15,0.1
7132,7132,San Cono,,Autonoma Siciliana,0.15,0.15,0.1,0.15,0.1
7133,7133,San Cosmo Albanese,03,Calabria,0.15,0.15,0.1,0.15,0.1
7134,7134,San Costantino,03,Calabria,0.15,0.15,0.1,0.15,0.1
7135,7135,San Costantino Albanese,02,Basilicata,0.15,0.15,0.1,0.15,0.1
7136,7136,San Costantino Calabro,03,Calabria,0.15,0.15,0.1,0.15,0.1
7137,7137,San Costanzo,10,Marche,0.15,0.15,0.1,0.15,0.1
7138,7138,San Cristoforo,12,Piemonte,0.15,0.15,0.1,0.15,0.1
7139,7139,San Damaso,,Emilia-romagna",0.15,0.15,0.1,0.15,0.1
7140,7140,San Damiano Macra,12,Piemonte,0.15,0.15,0.1,0.15,0.1
7141,7141,San Daniele Po,09,Lombardia,0.15,0.15,0.1,0.15,0.1
7142,7142,San Defendente,12,Piemonte,0.15,0.15,0.1,0.15,0.1
7143,7143,San Demetrio Corone,03,Calabria,0.15,0.15,0.1,0.15,0.1
7144,7144,San Demetrio Ne' Vestini,01,Abruzzi,0.15,0.15,0.1,0.15,0.1
7145,7145,San Didero,12,Piemonte,0.15,0.15,0.1,0.15,0.1
7146,7146,San Donaci,13,Puglia,0.15,0.15,0.1,0.15,0.1
7147,7147,San Donato,16,Toscana,0.15,0.15,0.1,0.15,0.1
7148,7148,San Donato,07,Lazio,0.15,0.15,0.1,0.15,0.1
7149,7149,San Donato Milanese,09,Lombardia,0.15,0.15,0.1,0.15,0.1
7150,7150,San Donnino,,Emilia-romagna",0.15,0.15,0.1,0.15,0.1
7151,7151,San Donnino,16,Toscana,0.15,0.15,0.1,0.15,0.1
7152,7152,San Faustino,09,Lombardia,0.15,0.15,0.1,0.15,0.1
7153,7153,San Faustino,,Emilia-romagna",0.15,0.15,0.1,0.15,0.1
7154,7154,San Fedele Intelvi,09,Lombardia,0.15,0.15,0.1,0.15,0.1
7155,7155,San Fele,02,Basilicata,0.15,0.15,0.1,0.15,0.1
7156,7156,San Felice,20,Veneto,0.15,0.15,0.1,0.15,0.1
7157,7157,San Felice,17,Trentino-alto Adige,0.15,0.15,0.1,0.15,0.1
7158,7158,San Felice,09,Lombardia,0.15,0.15,0.1,0.15,0.1
7159,7159,San Felice A Cancello,04,Campania,0.15,0.15,0.1,0.15,0.1
7160,7160,San Felice Circeo,07,Lazio,0.15,0.15,0.1,0.15,0.1
7161,7161,San Feliciano,18,Umbria,0.15,0.15,0.1,0.15,0.1
7162,7162,San Ferdinando,03,Calabria,0.15,0.15,0.1,0.15,0.1
7163,7163,San Ferdinando,04,Campania,0.15,0.15,0.1,0.15,0.1
7164,7164,San Fidenzio,20,Veneto,0.15,0.15,0.1,0.15,0.1
7165,7165,San Fili,03,Calabria,0.15,0.15,0.1,0.15,0.1
7166,7166,San Fiorano,09,Lombardia,0.15,0.15,0.1,0.15,0.1
7167,7167,San Floriano,20,Veneto,0.15,0.15,0.1,0.15,0.1
7168,7168,San Floro,03,Calabria,0.15,0.15,0.1,0.15,0.1
7169,7169,San Foca,06,Friuli-venezia Giulia,0.15,0.15,0.1,0.15,0.1
7170,7170,San Francesco,16,Toscana,0.15,0.15,0.1,0.15,0.1
7171,7171,San Fratello,,Autonoma Siciliana,0.15,0.15,0.1,0.15,0.1
7172,7172,San Gallo,09,Lombardia,0.15,0.15,0.1,0.15,0.1
7173,7173,San Gavino Monreale,,Autonoma Della Sardegna,0.15,0.15,0.1,0.15,0.1
7174,7174,San Gemini,18,Umbria,0.15,0.15,0.1,0.15,0.1
7175,7175,San Genesio,17,Trentino-alto Adige,0.15,0.15,0.1,0.15,0.1
7176,7176,San Genesio Atesino,17,Trentino-alto Adige,0.15,0.15,0.1,0.15,0.1
7177,7177,San Gennaro Vesuviano,04,Campania,0.15,0.15,0.1,0.15,0.1
7178,7178,San Germano Chisone,12,Piemonte,0.15,0.15,0.1,0.15,0.1
7179,7179,San Germano Vercellese,12,Piemonte,0.15,0.15,0.1,0.15,0.1
7180,7180,San Gervasio Bresciano,09,Lombardia,0.15,0.15,0.1,0.15,0.1
7181,7181,San Giacomo,03,Calabria,0.15,0.15,0.1,0.15,0.1
7182,7182,San Giacomo,09,Lombardia,0.15,0.15,0.1,0.15,0.1
7183,7183,San Giacomo,17,Trentino-alto Adige,0.15,0.15,0.1,0.15,0.1
7184,7184,San Giacomo,06,Friuli-venezia Giulia,0.15,0.15,0.1,0.15,0.1
7185,7185,San Giacomo,18,Umbria,0.15,0.15,0.1,0.15,0.1
7186,7186,San Giacomo,04,Campania,0.15,0.15,0.1,0.15,0.1
7187,7187,San Giacomo Filippo,09,Lombardia,0.15,0.15,0.1,0.15,0.1
7188,7188,San Giacomo Vercellese,12,Piemonte,0.15,0.15,0.1,0.15,0.1
7189,7189,San Gillio,12,Piemonte,0.15,0.15,0.1,0.15,0.1
7190,7190,San Gimignano,16,Toscana,0.15,0.15,0.1,0.15,0.1
7191,7191,San Ginesio,10,Marche,0.15,0.15,0.1,0.15,0.1
7192,7192,San Giorgio,,Autonoma Siciliana,0.15,0.15,0.1,0.15,0.1
7193,7193,San Giorgio,04,Campania,0.15,0.15,0.1,0.15,0.1
7194,7194,San Giorgio,17,Trentino-alto Adige,0.15,0.15,0.1,0.15,0.1
7195,7195,San Giorgio,02,Basilicata,0.15,0.15,0.1,0.15,0.1
7196,7196,San Giorgio,12,Piemonte,0.15,0.15,0.1,0.15,0.1
7197,7197,San Giorgio Albanese,03,Calabria,0.15,0.15,0.1,0.15,0.1
7198,7198,San Giorgio Canavese,12,Piemonte,0.15,0.15,0.1,0.15,0.1
7199,7199,San Giorgio Ionico,13,Puglia,0.15,0.15,0.1,0.15,0.1
7200,7200,San Giorgio Lucano,02,Basilicata,0.15,0.15,0.1,0.15,0.1
7201,7201,San Giorgio Monferrato,12,Piemonte,0.15,0.15,0.1,0.15,0.1
7202,7202,San Giorgio Morgeto,03,Calabria,0.15,0.15,0.1,0.15,0.1
7203,7203,San Giorgio Piacentino,,Emilia-romagna",0.15,0.15,0.1,0.15,0.1
7204,7204,San Giorgio Scarampi,12,Piemonte,0.15,0.15,0.1,0.15,0.1
7205,7205,San Giorgio Su Legnano,09,Lombardia,0.15,0.15,0.1,0.15,0.1
7206,7206,San Giorio,12,Piemonte,0.15,0.15,0.1,0.15,0.1
7207,7207,San Giovanni,,Autonoma Siciliana,0.15,0.15,0.1,0.15,0.1
7208,7208,San Giovanni,06,Friuli-venezia Giulia,0.15,0.15,0.1,0.15,0.1
7209,7209,San Giovanni,,Liguria",0.15,0.15,0.1,0.15,0.1
7210,7210,San Giovanni,01,Abruzzi,0.15,0.15,0.1,0.15,0.1
7211,7211,San Giovanni,17,Trentino-alto Adige,0.15,0.15,0.1,0.15,0.1
7212,7212,San Giovanni,,Emilia-romagna",0.15,0.15,0.1,0.15,0.1
7213,7213,San Giovanni,16,Toscana,0.15,0.15,0.1,0.15,0.1
7214,7214,San Giovanni A Piro,04,Campania,0.15,0.15,0.1,0.15,0.1
7215,7215,San Giovanni Bianco,09,Lombardia,0.15,0.15,0.1,0.15,0.1
7216,7216,San Giovanni Gemini,,Autonoma Siciliana,0.15,0.15,0.1,0.15,0.1
7217,7217,San Giovanni Ilarione,20,Veneto,0.15,0.15,0.1,0.15,0.1
7218,7218,San Giovanni Incarico,07,Lazio,0.15,0.15,0.1,0.15,0.1
7219,7219,San Giovanni Lipioni,01,Abruzzi,0.15,0.15,0.1,0.15,0.1
7220,7220,San Giovanni Lupatoto,20,Veneto,0.15,0.15,0.1,0.15,0.1
7221,7221,San Giovanni Rotondo,13,Puglia,0.15,0.15,0.1,0.15,0.1
7222,7222,San Giovanni Suergiu,,Autonoma Della Sardegna,0.15,0.15,0.1,0.15,0.1
7223,7223,San Giovanni Valdarno,16,Toscana,0.15,0.15,0.1,0.15,0.1
7224,7224,San Giuliano,,Emilia-romagna",0.15,0.15,0.1,0.15,0.1
7225,7225,San Giuliano Milanese,09,Lombardia,0.15,0.15,0.1,0.15,0.1
7226,7226,San Giuliano Nuovo,12,Piemonte,0.15,0.15,0.1,0.15,0.1
7227,7227,San Giuliano Terme,16,Toscana,0.15,0.15,0.1,0.15,0.1
7228,7228,San Giuliano Vecchio,12,Piemonte,0.15,0.15,0.1,0.15,0.1
7229,7229,San Giuseppe,12,Piemonte,0.15,0.15,0.1,0.15,0.1
7230,7230,San Giuseppe,17,Trentino-alto Adige,0.15,0.15,0.1,0.15,0.1
7231,7231,San Giuseppe,,Emilia-romagna",0.15,0.15,0.1,0.15,0.1
7232,7232,San Giuseppe,04,Campania,0.15,0.15,0.1,0.15,0.1
7233,7233,San Giuseppe Jato,,Autonoma Siciliana,0.15,0.15,0.1,0.15,0.1
7234,7234,San Giuseppe Vesuviano,04,Campania,0.15,0.15,0.1,0.15,0.1
7235,7235,San Giustino,18,Umbria,0.15,0.15,0.1,0.15,0.1
7236,7236,San Giustino Valdarno,16,Toscana,0.15,0.15,0.1,0.15,0.1
7237,7237,San Giusto Canavese,12,Piemonte,0.15,0.15,0.1,0.15,0.1
7238,7238,San Godenzo,16,Toscana,0.15,0.15,0.1,0.15,0.1
7239,7239,San Gregorio,20,Veneto,0.15,0.15,0.1,0.15,0.1
7240,7240,San Gregorio Magno,04,Campania,0.15,0.15,0.1,0.15,0.1
7241,7241,San Gregorio Matese,04,Campania,0.15,0.15,0.1,0.15,0.1
7242,7242,San Lazzaro,,Emilia-romagna",0.15,0.15,0.1,0.15,0.1
7243,7243,San Leo,,Emilia-romagna",0.15,0.15,0.1,0.15,0.1
7244,7244,San Leonardo,06,Friuli-venezia Giulia,0.15,0.15,0.1,0.15,0.1
7245,7245,San Leonardo,,Autonoma Valle D'aosta,0.15,0.15,0.1,0.15,0.1
7246,7246,San Leone Mose,,Autonoma Siciliana,0.15,0.15,0.1,0.15,0.1
7247,7247,San Liberale,20,Veneto,0.15,0.15,0.1,0.15,0.1
7248,7248,San Liberato,18,Umbria,0.15,0.15,0.1,0.15,0.1
7249,7249,San Lorenzello,04,Campania,0.15,0.15,0.1,0.15,0.1
7250,7250,San Lorenzo,04,Campania,0.15,0.15,0.1,0.15,0.1
7251,7251,San Lorenzo,06,Friuli-venezia Giulia,0.15,0.15,0.1,0.15,0.1
7252,7252,San Lorenzo,03,Calabria,0.15,0.15,0.1,0.15,0.1
7253,7253,San Lorenzo,,Liguria",0.15,0.15,0.1,0.15,0.1
7254,7254,San Lorenzo,12,Piemonte,0.15,0.15,0.1,0.15,0.1
7255,7255,San Lorenzo Bellizzi,03,Calabria,0.15,0.15,0.1,0.15,0.1
7256,7256,San Lorenzo Isontino,06,Friuli-venezia Giulia,0.15,0.15,0.1,0.15,0.1
7257,7257,San Lorenzo Maggiore,04,Campania,0.15,0.15,0.1,0.15,0.1
7258,7258,San Lorenzo Nuovo,07,Lazio,0.15,0.15,0.1,0.15,0.1
7259,7259,San Luca,03,Calabria,0.15,0.15,0.1,0.15,0.1
7260,7260,San Lucido,03,Calabria,0.15,0.15,0.1,0.15,0.1
7261,7261,San Lupo,04,Campania,0.15,0.15,0.1,0.15,0.1
7262,7262,San Macario,09,Lombardia,0.15,0.15,0.1,0.15,0.1
7263,7263,San Mango Piemonte,04,Campania,0.15,0.15,0.1,0.15,0.1
7264,7264,San Marcellino,04,Campania,0.15,0.15,0.1,0.15,0.1
7265,7265,San Marcello,10,Marche,0.15,0.15,0.1,0.15,0.1
7266,7266,San Marcello Pistoiese,16,Toscana,0.15,0.15,0.1,0.15,0.1
7267,7267,San Marco,04,Campania,0.15,0.15,0.1,0.15,0.1
7268,7268,San Marco,20,Veneto,0.15,0.15,0.1,0.15,0.1
7269,7269,San Marco,10,Marche,0.15,0.15,0.1,0.15,0.1
7270,7270,San Marco Argentano,03,Calabria,0.15,0.15,0.1,0.15,0.1
7271,7271,San Marco Evangelista,04,Campania,0.15,0.15,0.1,0.15,0.1
7272,7272,San Marino,,Emilia-romagna",0.15,0.15,0.1,0.15,0.1
7273,7273,San Martino,03,Calabria,0.15,0.15,0.1,0.15,0.1
7274,7274,San Martino,20,Veneto,0.15,0.15,0.1,0.15,0.1
7275,7275,San Martino,17,Trentino-alto Adige,0.15,0.15,0.1,0.15,0.1
7276,7276,San Martino,,Liguria",0.15,0.15,0.1,0.15,0.1
7277,7277,San Martino,,Emilia-romagna",0.15,0.15,0.1,0.15,0.1
7278,7278,San Martino Alfieri,12,Piemonte,0.15,0.15,0.1,0.15,0.1
7279,7279,San Martino Bassa,01,Abruzzi,0.15,0.15,0.1,0.15,0.1
7280,7280,San Martino Buon Albergo,20,Veneto,0.15,0.15,0.1,0.15,0.1
7281,7281,San Martino Canavese,12,Piemonte,0.15,0.15,0.1,0.15,0.1
7282,7282,San Martino Dall'Argine,09,Lombardia,0.15,0.15,0.1,0.15,0.1
7283,7283,San Martino Destra,20,Veneto,0.15,0.15,0.1,0.15,0.1
7284,7284,San Martino Di Campagna,06,Friuli-venezia Giulia,0.15,0.15,0.1,0.15,0.1
7285,7285,San Martino Pizzolano,09,Lombardia,0.15,0.15,0.1,0.15,0.1
7286,7286,San Martino Sannita,04,Campania,0.15,0.15,0.1,0.15,0.1
7287,7287,San Martino Siccomario,09,Lombardia,0.15,0.15,0.1,0.15,0.1
7288,7288,San Martino Spino,,Emilia-romagna",0.15,0.15,0.1,0.15,0.1
7289,7289,San Martino Valle Caudina,04,Campania,0.15,0.15,0.1,0.15,0.1
7290,7290,San Marzano Oliveto,12,Piemonte,0.15,0.15,0.1,0.15,0.1
7291,7291,San Massimo,11,Molise,0.15,0.15,0.1,0.15,0.1
7292,7292,San Matteo,09,Lombardia,0.15,0.15,0.1,0.15,0.1
7293,7293,San Maurizio,12,Piemonte,0.15,0.15,0.1,0.15,0.1
7294,7294,San Maurizio D'Opaglio,12,Piemonte,0.15,0.15,0.1,0.15,0.1
7295,7295,San Mauro,16,Toscana,0.15,0.15,0.1,0.15,0.1
7296,7296,San Mauro Castelverde,,Autonoma Siciliana,0.15,0.15,0.1,0.15,0.1
7297,7297,San Mauro Cilento,04,Campania,0.15,0.15,0.1,0.15,0.1
7298,7298,San Mauro Forte,02,Basilicata,0.15,0.15,0.1,0.15,0.1
7299,7299,San Mauro Marchesato,03,Calabria,0.15,0.15,0.1,0.15,0.1
7300,7300,San Mauro Pascoli,,Emilia-romagna",0.15,0.15,0.1,0.15,0.1
7301,7301,San Mauro Torinese,12,Piemonte,0.15,0.15,0.1,0.15,0.1
7302,7302,San Michele,04,Campania,0.15,0.15,0.1,0.15,0.1
7303,7303,San Michele,12,Piemonte,0.15,0.15,0.1,0.15,0.1
7304,7304,San Michele,17,Trentino-alto Adige,0.15,0.15,0.1,0.15,0.1
7305,7305,San Michele,20,Veneto,0.15,0.15,0.1,0.15,0.1
7306,7306,San Michele,,Emilia-romagna",0.15,0.15,0.1,0.15,0.1
7307,7307,San Michele,10,Marche,0.15,0.15,0.1,0.15,0.1
7308,7308,San Michele All'Adige,17,Trentino-alto Adige,0.15,0.15,0.1,0.15,0.1
7309,7309,San Michele Mondovi,12,Piemonte,0.15,0.15,0.1,0.15,0.1
7310,7310,San Michele Salentino,13,Puglia,0.15,0.15,0.1,0.15,0.1
7311,7311,San Miniato,16,Toscana,0.15,0.15,0.1,0.15,0.1
7312,7312,San Miniato Basso,16,Toscana,0.15,0.15,0.1,0.15,0.1
7313,7313,San Nazario,20,Veneto,0.15,0.15,0.1,0.15,0.1
7314,7314,San Nazzaro,04,Campania,0.15,0.15,0.1,0.15,0.1
7315,7315,San Nazzaro,,Emilia-romagna",0.15,0.15,0.1,0.15,0.1
7316,7316,San Nazzaro Sesia,12,Piemonte,0.15,0.15,0.1,0.15,0.1
7317,7317,San Nazzaro Val Cavargna,09,Lombardia,0.15,0.15,0.1,0.15,0.1
7318,7318,San Nico,03,Calabria,0.15,0.15,0.1,0.15,0.1
7319,7319,San Nicola,01,Abruzzi,0.15,0.15,0.1,0.15,0.1
7320,7320,San Nicola,03,Calabria,0.15,0.15,0.1,0.15,0.1
7321,7321,San Nicola,,Autonoma Della Sardegna,0.15,0.15,0.1,0.15,0.1
7322,7322,San Nicola Arcella,03,Calabria,0.15,0.15,0.1,0.15,0.1
7323,7323,San Nicola Baronia,04,Campania,0.15,0.15,0.1,0.15,0.1
7324,7324,San Nicola Manfredi,04,Campania,0.15,0.15,0.1,0.15,0.1
7325,7325,San Nicolo,,Emilia-romagna",0.15,0.15,0.1,0.15,0.1
7326,7326,San Nicolo,03,Calabria,0.15,0.15,0.1,0.15,0.1
7327,7327,San Nicolo,09,Lombardia,0.15,0.15,0.1,0.15,0.1
7328,7328,San Pancrazio,17,Trentino-alto Adige,0.15,0.15,0.1,0.15,0.1
7329,7329,San Pancrazio,20,Veneto,0.15,0.15,0.1,0.15,0.1
7330,7330,San Pancrazio,,Emilia-romagna",0.15,0.15,0.1,0.15,0.1
7331,7331,San Pancrazio Salentino,13,Puglia,0.15,0.15,0.1,0.15,0.1
7332,7332,San Pantaleo,,Autonoma Della Sardegna,0.15,0.15,0.1,0.15,0.1
7333,7333,San Pantaleone,03,Calabria,0.15,0.15,0.1,0.15,0.1
7334,7334,San Paolo,09,Lombardia,0.15,0.15,0.1,0.15,0.1
7335,7335,San Paolo,17,Trentino-alto Adige,0.15,0.15,0.1,0.15,0.1
7336,7336,San Paolo,13,Puglia,0.15,0.15,0.1,0.15,0.1
7337,7337,San Paolo Albanese,02,Basilicata,0.15,0.15,0.1,0.15,0.1
7338,7338,San Paolo Bel Sito,04,Campania,0.15,0.15,0.1,0.15,0.1
7339,7339,San Paolo Solbrito,12,Piemonte,0.15,0.15,0.1,0.15,0.1
7340,7340,San Patrizio,,Emilia-romagna",0.15,0.15,0.1,0.15,0.1
7341,7341,San Pellegrino Terme,09,Lombardia,0.15,0.15,0.1,0.15,0.1
7342,7342,San Pier Marina,,Autonoma Siciliana,0.15,0.15,0.1,0.15,0.1
7343,7343,San Pier Niceto,,Autonoma Siciliana,0.15,0.15,0.1,0.15,0.1
7344,7344,San Pierino,16,Toscana,0.15,0.15,0.1,0.15,0.1
7345,7345,San Piero Patti,,Autonoma Siciliana,0.15,0.15,0.1,0.15,0.1
7346,7346,San Pietro,13,Puglia,0.15,0.15,0.1,0.15,0.1
7347,7347,San Pietro,,Emilia-romagna",0.15,0.15,0.1,0.15,0.1
7348,7348,San Pietro,12,Piemonte,0.15,0.15,0.1,0.15,0.1
7349,7349,San Pietro,09,Lombardia,0.15,0.15,0.1,0.15,0.1
7350,7350,San Pietro,04,Campania,0.15,0.15,0.1,0.15,0.1
7351,7351,San Pietro,18,Umbria,0.15,0.15,0.1,0.15,0.1
7352,7352,San Pietro,20,Veneto,0.15,0.15,0.1,0.15,0.1
7353,7353,San Pietro,17,Trentino-alto Adige,0.15,0.15,0.1,0.15,0.1
7354,7354,San Pietro Apostolo,03,Calabria,0.15,0.15,0.1,0.15,0.1
7355,7355,San Pietro Avellana,11,Molise,0.15,0.15,0.1,0.15,0.1
7356,7356,San Pietro Belvedere,16,Toscana,0.15,0.15,0.1,0.15,0.1
7357,7357,San Pietro Capofiume,,Emilia-romagna",0.15,0.15,0.1,0.15,0.1
7358,7358,San Pietro Clarenza,,Autonoma Siciliana,0.15,0.15,0.1,0.15,0.1
7359,7359,San Pietro In Vincoli,,Emilia-romagna",0.15,0.15,0.1,0.15,0.1
7360,7360,San Pietro Infine,04,Campania,0.15,0.15,0.1,0.15,0.1
7361,7361,San Pietro Mosezzo,12,Piemonte,0.15,0.15,0.1,0.15,0.1
7362,7362,San Pietro Mussolino,20,Veneto,0.15,0.15,0.1,0.15,0.1
7363,7363,San Pietro Piturno,13,Puglia,0.15,0.15,0.1,0.15,0.1
7364,7364,San Pietro Val Lemina,12,Piemonte,0.15,0.15,0.1,0.15,0.1
7365,7365,San Pietro Valdastico,20,Veneto,0.15,0.15,0.1,0.15,0.1
7366,7366,San Pietro Vernotico,13,Puglia,0.15,0.15,0.1,0.15,0.1
7367,7367,San Pietro Viminario,20,Veneto,0.15,0.15,0.1,0.15,0.1
7368,7368,San Polo,,Emilia-romagna",0.15,0.15,0.1,0.15,0.1
7369,7369,San Ponso,12,Piemonte,0.15,0.15,0.1,0.15,0.1
7370,7370,San Possidonio,,Emilia-romagna",0.15,0.15,0.1,0.15,0.1
7371,7371,San Potito,,Emilia-romagna",0.15,0.15,0.1,0.15,0.1
7372,7372,San Potito Sannitico,04,Campania,0.15,0.15,0.1,0.15,0.1
7373,7373,San Potito Ultra,04,Campania,0.15,0.15,0.1,0.15,0.1
7374,7374,San Prisco,04,Campania,0.15,0.15,0.1,0.15,0.1
7375,7375,San Procopio,03,Calabria,0.15,0.15,0.1,0.15,0.1
7376,7376,San Prospero,,Emilia-romagna",0.15,0.15,0.1,0.15,0.1
7377,7377,San Quirico,20,Veneto,0.15,0.15,0.1,0.15,0.1
7378,7378,San Quirino,06,Friuli-venezia Giulia,0.15,0.15,0.1,0.15,0.1
7379,7379,San Raffaele Cimena,12,Piemonte,0.15,0.15,0.1,0.15,0.1
7380,7380,San Remo,,Liguria",0.15,0.15,0.1,0.15,0.1
7381,7381,San Roberto,03,Calabria,0.15,0.15,0.1,0.15,0.1
7382,7382,San Rocchetto,10,Marche,0.15,0.15,0.1,0.15,0.1
7383,7383,San Rocco,09,Lombardia,0.15,0.15,0.1,0.15,0.1
7384,7384,San Rocco,12,Piemonte,0.15,0.15,0.1,0.15,0.1
7385,7385,San Rocco,20,Veneto,0.15,0.15,0.1,0.15,0.1
7386,7386,San Rocco,16,Toscana,0.15,0.15,0.1,0.15,0.1
7387,7387,San Rocco,01,Abruzzi,0.15,0.15,0.1,0.15,0.1
7388,7388,San Romano,16,Toscana,0.15,0.15,0.1,0.15,0.1
7389,7389,San Rufo,04,Campania,0.15,0.15,0.1,0.15,0.1
7390,7390,San Sabino,10,Marche,0.15,0.15,0.1,0.15,0.1
7391,7391,San Salvatore,16,Toscana,0.15,0.15,0.1,0.15,0.1
7392,7392,San Salvatore,,Liguria",0.15,0.15,0.1,0.15,0.1
7393,7393,San Salvatore Monferrato,12,Piemonte,0.15,0.15,0.1,0.15,0.1
7394,7394,San Salvatore Telesino,04,Campania,0.15,0.15,0.1,0.15,0.1
7395,7395,San Salvo,01,Abruzzi,0.15,0.15,0.1,0.15,0.1
7396,7396,San Savino,18,Umbria,0.15,0.15,0.1,0.15,0.1
7397,7397,San Savino,,Emilia-romagna",0.15,0.15,0.1,0.15,0.1
7398,7398,San Sebastiano,09,Lombardia,0.15,0.15,0.1,0.15,0.1
7399,7399,San Sebastiano Curone,12,Piemonte,0.15,0.15,0.1,0.15,0.1
7400,7400,San Secondo,18,Umbria,0.15,0.15,0.1,0.15,0.1
7401,7401,San Secondo Parmense,,Emilia-romagna",0.15,0.15,0.1,0.15,0.1
7402,7402,San Severino Lucano,02,Basilicata,0.15,0.15,0.1,0.15,0.1
7403,7403,San Severino Marche,10,Marche,0.15,0.15,0.1,0.15,0.1
7404,7404,San Severo,13,Puglia,0.15,0.15,0.1,0.15,0.1
7405,7405,San Sigismondo,17,Trentino-alto Adige,0.15,0.15,0.1,0.15,0.1
7406,7406,San Silvestro,10,Marche,0.15,0.15,0.1,0.15,0.1
7407,7407,San Siro,09,Lombardia,0.15,0.15,0.1,0.15,0.1
7408,7408,San Sossio Baronia,04,Campania,0.15,0.15,0.1,0.15,0.1
7409,7409,San Sostene,03,Calabria,0.15,0.15,0.1,0.15,0.1
7410,7410,San Sostene Marina,03,Calabria,0.15,0.15,0.1,0.15,0.1
7411,7411,San Sosti,03,Calabria,0.15,0.15,0.1,0.15,0.1
7412,7412,San Sperate,,Autonoma Della Sardegna,0.15,0.15,0.1,0.15,0.1
7413,7413,San Tammaro,04,Campania,0.15,0.15,0.1,0.15,0.1
7414,7414,San Teodoro,,Autonoma Siciliana,0.15,0.15,0.1,0.15,0.1
7415,7415,San Teodoro,,Autonoma Della Sardegna,0.15,0.15,0.1,0.15,0.1
7416,7416,San Teodoro,,Liguria",0.15,0.15,0.1,0.15,0.1
7417,7417,San Terenziano,18,Umbria,0.15,0.15,0.1,0.15,0.1
7418,7418,San Terenzo,,Liguria",0.15,0.15,0.1,0.15,0.1
7419,7419,San Tommaso Tre Archi,10,Marche,0.15,0.15,0.1,0.15,0.1
7420,7420,San Valentino,06,Friuli-venezia Giulia,0.15,0.15,0.1,0.15,0.1
7421,7421,San Valentino Torio,04,Campania,0.15,0.15,0.1,0.15,0.1
7422,7422,San Venanzio,,Emilia-romagna",0.15,0.15,0.1,0.15,0.1
7423,7423,San Venanzo,18,Umbria,0.15,0.15,0.1,0.15,0.1
7424,7424,San Vendemiano,20,Veneto,0.15,0.15,0.1,0.15,0.1
7425,7425,San Vero Milis,,Autonoma Della Sardegna,0.15,0.15,0.1,0.15,0.1
7426,7426,San Vigilio,17,Trentino-alto Adige,0.15,0.15,0.1,0.15,0.1
7427,7427,San Vigilio,09,Lombardia,0.15,0.15,0.1,0.15,0.1
7428,7428,San Vincenzo,,Emilia-romagna",0.15,0.15,0.1,0.15,0.1
7429,7429,San Vincenzo,16,Toscana,0.15,0.15,0.1,0.15,0.1
7430,7430,San Vincenzo Valle Roveto,01,Abruzzi,0.15,0.15,0.1,0.15,0.1
7431,7431,San Vincenzo Valle Roveto Superiore,01,Abruzzi,0.15,0.15,0.1,0.15,0.1
7432,7432,San Vitale,18,Umbria,0.15,0.15,0.1,0.15,0.1
7433,7433,San Vitaliano,04,Campania,0.15,0.15,0.1,0.15,0.1
7434,7434,San Vito,09,Lombardia,0.15,0.15,0.1,0.15,0.1
7435,7435,San Vito,,Autonoma Della Sardegna,0.15,0.15,0.1,0.15,0.1
7436,7436,San Vito,20,Veneto,0.15,0.15,0.1,0.15,0.1
7437,7437,San Vito,,Emilia-romagna",0.15,0.15,0.1,0.15,0.1
7438,7438,San Vito Chietino,01,Abruzzi,0.15,0.15,0.1,0.15,0.1
7439,7439,San Vito Lo Capo,,Autonoma Siciliana,0.15,0.15,0.1,0.15,0.1
7440,7440,San Vito Romano,07,Lazio,0.15,0.15,0.1,0.15,0.1
7441,7441,San Vito Sullo Ionio,03,Calabria,0.15,0.15,0.1,0.15,0.1
7442,7442,San Vittore,20,Veneto,0.15,0.15,0.1,0.15,0.1
7443,7443,San Vittore,09,Lombardia,0.15,0.15,0.1,0.15,0.1
7444,7444,San Vittore Olona,09,Lombardia,0.15,0.15,0.1,0.15,0.1
7445,7445,San Zaccaria,,Emilia-romagna",0.15,0.15,0.1,0.15,0.1
7446,7446,San Zeno,20,Veneto,0.15,0.15,0.1,0.15,0.1
7447,7447,San Zeno Naviglio,09,Lombardia,0.15,0.15,0.1,0.15,0.1
7448,7448,San Zenone,09,Lombardia,0.15,0.15,0.1,0.15,0.1
7449,7449,Sanarica,13,Puglia,0.15,0.15,0.1,0.15,0.1
7450,7450,Sandetole,16,Toscana,0.15,0.15,0.1,0.15,0.1
7451,7451,Sandigliano,12,Piemonte,0.15,0.15,0.1,0.15,0.1
7452,7452,Sandon,20,Veneto,0.15,0.15,0.1,0.15,0.1
7453,7453,Sandra,20,Veneto,0.15,0.15,0.1,0.15,0.1
7454,7454,Sandrigo,20,Veneto,0.15,0.15,0.1,0.15,0.1
7455,7455,Sanfre,12,Piemonte,0.15,0.15,0.1,0.15,0.1
7456,7456,Sanfront,12,Piemonte,0.15,0.15,0.1,0.15,0.1
7457,7457,Sangano,12,Piemonte,0.15,0.15,0.1,0.15,0.1
7458,7458,Sangiano,09,Lombardia,0.15,0.15,0.1,0.15,0.1
7459,7459,Sangineto,03,Calabria,0.15,0.15,0.1,0.15,0.1
7460,7460,Sangineto Lido,03,Calabria,0.15,0.15,0.1,0.15,0.1
7461,7461,Sanguinetto,20,Veneto,0.15,0.15,0.1,0.15,0.1
7462,7462,Sanluri,,Autonoma Della Sardegna,0.15,0.15,0.1,0.15,0.1
7463,7463,Sannicola,13,Puglia,0.15,0.15,0.1,0.15,0.1
7464,7464,Sansepolcro,16,Toscana,0.15,0.15,0.1,0.15,0.1
7465,7465,Sant'Agapito,11,Molise,0.15,0.15,0.1,0.15,0.1
7466,7466,Sant'Agata,04,Campania,0.15,0.15,0.1,0.15,0.1
7467,7467,Sant'Agata,16,Toscana,0.15,0.15,0.1,0.15,0.1
7468,7468,Sant'Agata Bolognese,,Emilia-romagna",0.15,0.15,0.1,0.15,0.1
7469,7469,Sant'Agata Feltria,,Emilia-romagna",0.15,0.15,0.1,0.15,0.1
7470,7470,Sant'Agata Fossili,12,Piemonte,0.15,0.15,0.1,0.15,0.1
7471,7471,Sant'Agata Li Battiati,,Autonoma Siciliana,0.15,0.15,0.1,0.15,0.1
7472,7472,Sant'Agata Martesana,09,Lombardia,0.15,0.15,0.1,0.15,0.1
7473,7473,Sant'Agnello,04,Campania,0.15,0.15,0.1,0.15,0.1
7474,7474,Sant'Agostino,,Emilia-romagna",0.15,0.15,0.1,0.15,0.1
7475,7475,Sant'Albano Stura,12,Piemonte,0.15,0.15,0.1,0.15,0.1
7476,7476,Sant'Alberto,,Emilia-romagna",0.15,0.15,0.1,0.15,0.1
7477,7477,Sant'Alberto,20,Veneto,0.15,0.15,0.1,0.15,0.1
7478,7478,Sant'Albino,16,Toscana,0.15,0.15,0.1,0.15,0.1
7479,7479,Sant'Alessio Con Vialone,09,Lombardia,0.15,0.15,0.1,0.15,0.1
7480,7480,Sant'Alessio Siculo,,Autonoma Siciliana,0.15,0.15,0.1,0.15,0.1
7481,7481,Sant'Alfio,,Autonoma Siciliana,0.15,0.15,0.1,0.15,0.1
7482,7482,Sant'Ambrogio,20,Veneto,0.15,0.15,0.1,0.15,0.1
7483,7483,Sant'Anastasia,04,Campania,0.15,0.15,0.1,0.15,0.1
7484,7484,Sant'Andrea,09,Lombardia,0.15,0.15,0.1,0.15,0.1
7485,7485,Sant'Andrea,,Emilia-romagna",0.15,0.15,0.1,0.15,0.1
7486,7486,Sant'Andrea,20,Veneto,0.15,0.15,0.1,0.15,0.1
7487,7487,Sant'Andrea A Montecchio,16,Toscana,0.15,0.15,0.1,0.15,0.1
7488,7488,Sant'Andrea Bagni,,Emilia-romagna",0.15,0.15,0.1,0.15,0.1
7489,7489,Sant'Andrea Bonagia,,Autonoma Siciliana,0.15,0.15,0.1,0.15,0.1
7490,7490,Sant'Andrea Frius,,Autonoma Della Sardegna,0.15,0.15,0.1,0.15,0.1
7491,7491,Sant'Andrea Ionio Marina,03,Calabria,0.15,0.15,0.1,0.15,0.1
7492,7492,Sant'Angelo,20,Veneto,0.15,0.15,0.1,0.15,0.1
7493,7493,Sant'Angelo,04,Campania,0.15,0.15,0.1,0.15,0.1
7494,7494,Sant'Angelo,10,Marche,0.15,0.15,0.1,0.15,0.1
7495,7495,Sant'Angelo A Cupolo,04,Campania,0.15,0.15,0.1,0.15,0.1
7496,7496,Sant'Angelo A Fasanella,04,Campania,0.15,0.15,0.1,0.15,0.1
7497,7497,Sant'Angelo A Scala,04,Campania,0.15,0.15,0.1,0.15,0.1
7498,7498,Sant'Angelo All'Esca,04,Campania,0.15,0.15,0.1,0.15,0.1
7499,7499,Sant'Angelo Limosano,11,Molise,0.15,0.15,0.1,0.15,0.1
7500,7500,Sant'Angelo Lodigiano,09,Lombardia,0.15,0.15,0.1,0.15,0.1
7501,7501,Sant'Angelo Lomellina,09,Lombardia,0.15,0.15,0.1,0.15,0.1
7502,7502,Sant'Angelo Muxaro,,Autonoma Siciliana,0.15,0.15,0.1,0.15,0.1
7503,7503,Sant'Angelo Romano,07,Lazio,0.15,0.15,0.1,0.15,0.1
7504,7504,Sant'Anna,20,Veneto,0.15,0.15,0.1,0.15,0.1
7505,7505,Sant'Anna,,Autonoma Siciliana,0.15,0.15,0.1,0.15,0.1
7506,7506,Sant'Anna,,Emilia-romagna",0.15,0.15,0.1,0.15,0.1
7507,7507,Sant'Anna,09,Lombardia,0.15,0.15,0.1,0.15,0.1
7508,7508,Sant'Anna Arresi,,Autonoma Della Sardegna,0.15,0.15,0.1,0.15,0.1
7509,7509,Sant'Anna Avagnina,12,Piemonte,0.15,0.15,0.1,0.15,0.1
7510,7510,Sant'Antimo,04,Campania,0.15,0.15,0.1,0.15,0.1
7511,7511,Sant'Antioco,,Autonoma Della Sardegna,0.15,0.15,0.1,0.15,0.1
7512,7512,Sant'Antonino,12,Piemonte,0.15,0.15,0.1,0.15,0.1
7513,7513,Sant'Antonio,04,Campania,0.15,0.15,0.1,0.15,0.1
7514,7514,Sant'Antonio,09,Lombardia,0.15,0.15,0.1,0.15,0.1
7515,7515,Sant'Antonio,,Emilia-romagna",0.15,0.15,0.1,0.15,0.1
7516,7516,Sant'Antonio,12,Piemonte,0.15,0.15,0.1,0.15,0.1
7517,7517,Sant'Antonio Abate,04,Campania,0.15,0.15,0.1,0.15,0.1
7518,7518,Sant'Apollinare,07,Lazio,0.15,0.15,0.1,0.15,0.1
7519,7519,Sant'Apollinare,01,Abruzzi,0.15,0.15,0.1,0.15,0.1
7520,7520,Sant'Apollinare,20,Veneto,0.15,0.15,0.1,0.15,0.1
7521,7521,Sant'Arcangelo,02,Basilicata,0.15,0.15,0.1,0.15,0.1
7522,7522,Sant'Arcangelo,18,Umbria,0.15,0.15,0.1,0.15,0.1
7523,7523,Sant'Arcangelo Trimonte,04,Campania,0.15,0.15,0.1,0.15,0.1
7524,7524,Sant'Arpino,04,Campania,0.15,0.15,0.1,0.15,0.1
7525,7525,Sant'Arsenio,04,Campania,0.15,0.15,0.1,0.15,0.1
7526,7526,Sant'Atto,01,Abruzzi,0.15,0.15,0.1,0.15,0.1
7527,7527,Sant'Egidio,18,Umbria,0.15,0.15,0.1,0.15,0.1
7528,7528,Sant'Egidio,01,Abruzzi,0.15,0.15,0.1,0.15,0.1
7529,7529,Sant'Egidio,10,Marche,0.15,0.15,0.1,0.15,0.1
7530,7530,Sant'Elena,20,Veneto,0.15,0.15,0.1,0.15,0.1
7531,7531,Sant'Elena Irpina,04,Campania,0.15,0.15,0.1,0.15,0.1
7532,7532,Sant'Elena Sannita,11,Molise,0.15,0.15,0.1,0.15,0.1
7533,7533,Sant'Elia,03,Calabria,0.15,0.15,0.1,0.15,0.1
7534,7534,Sant'Elia Fiumerapido,07,Lazio,0.15,0.15,0.1,0.15,0.1
7535,7535,Sant'Ermete,,Liguria",0.15,0.15,0.1,0.15,0.1
7536,7536,Sant'Eulalia,20,Veneto,0.15,0.15,0.1,0.15,0.1
7537,7537,Sant'Eusanio,11,Molise,0.15,0.15,0.1,0.15,0.1
7538,7538,Sant'Eusanio Forconese,01,Abruzzi,0.15,0.15,0.1,0.15,0.1
7539,7539,Sant'Eusebio,12,Piemonte,0.15,0.15,0.1,0.15,0.1
7540,7540,Sant'Ippolito,10,Marche,0.15,0.15,0.1,0.15,0.1
7541,7541,Sant'Ippolito,03,Calabria,0.15,0.15,0.1,0.15,0.1
7542,7542,Sant'Omero,01,Abruzzi,0.15,0.15,0.1,0.15,0.1
7543,7543,Sant'Omobono Terme,09,Lombardia,0.15,0.15,0.1,0.15,0.1
7544,7544,Sant'Onofrio,03,Calabria,0.15,0.15,0.1,0.15,0.1
7545,7545,Sant'Oreste,07,Lazio,0.15,0.15,0.1,0.15,0.1
7546,7546,Sant'Orsola,17,Trentino-alto Adige,0.15,0.15,0.1,0.15,0.1
7547,7547,Sant'Orsola Terme,17,Trentino-alto Adige,0.15,0.15,0.1,0.15,0.1
7548,7548,Santa Barbara,04,Campania,0.15,0.15,0.1,0.15,0.1
7549,7549,Santa Brigida,09,Lombardia,0.15,0.15,0.1,0.15,0.1
7550,7550,Santa Brigida,16,Toscana,0.15,0.15,0.1,0.15,0.1
7551,7551,Santa Caterina Albanese,03,Calabria,0.15,0.15,0.1,0.15,0.1
7552,7552,Santa Caterina Villarmosa,,Autonoma Siciliana,0.15,0.15,0.1,0.15,0.1
7553,7553,Santa Cesarea Terme,13,Puglia,0.15,0.15,0.1,0.15,0.1
7554,7554,Santa Corinna,09,Lombardia,0.15,0.15,0.1,0.15,0.1
7555,7555,Santa Cristina,20,Veneto,0.15,0.15,0.1,0.15,0.1
7556,7556,Santa Cristina,09,Lombardia,0.15,0.15,0.1,0.15,0.1
7557,7557,Santa Cristina Gela,,Autonoma Siciliana,0.15,0.15,0.1,0.15,0.1
7558,7558,Santa Croce,06,Friuli-venezia Giulia,0.15,0.15,0.1,0.15,0.1
7559,7559,Santa Croce,01,Abruzzi,0.15,0.15,0.1,0.15,0.1
7560,7560,Santa Croce,07,Lazio,0.15,0.15,0.1,0.15,0.1
7561,7561,Santa Croce Bigolina,20,Veneto,0.15,0.15,0.1,0.15,0.1
7562,7562,Santa Croce Camerina,,Autonoma Siciliana,0.15,0.15,0.1,0.15,0.1
7563,7563,Santa Domenica,03,Calabria,0.15,0.15,0.1,0.15,0.1
7564,7564,Santa Domenica Talao,03,Calabria,0.15,0.15,0.1,0.15,0.1
7565,7565,Santa Domenica Vittoria,,Autonoma Siciliana,0.15,0.15,0.1,0.15,0.1
7566,7566,Santa Elisabetta,,Autonoma Siciliana,0.15,0.15,0.1,0.15,0.1
7567,7567,Santa Eufemia Lamezia,03,Calabria,0.15,0.15,0.1,0.15,0.1
7568,7568,Santa Fiora,16,Toscana,0.15,0.15,0.1,0.15,0.1
7569,7569,Santa Flavia,,Autonoma Siciliana,0.15,0.15,0.1,0.15,0.1
7570,7570,Santa Francesca,07,Lazio,0.15,0.15,0.1,0.15,0.1
7571,7571,Santa Giuletta,09,Lombardia,0.15,0.15,0.1,0.15,0.1
7572,7572,Santa Giusta,,Autonoma Della Sardegna,0.15,0.15,0.1,0.15,0.1
7573,7573,Santa Giustina,,Emilia-romagna",0.15,0.15,0.1,0.15,0.1
7574,7574,Santa Giustina,20,Veneto,0.15,0.15,0.1,0.15,0.1
7575,7575,Santa Luce,16,Toscana,0.15,0.15,0.1,0.15,0.1
7576,7576,Santa Lucia,07,Lazio,0.15,0.15,0.1,0.15,0.1
7577,7577,Santa Lucia,16,Toscana,0.15,0.15,0.1,0.15,0.1
7578,7578,Santa Lucia,04,Campania,0.15,0.15,0.1,0.15,0.1
7579,7579,Santa Lucia,20,Veneto,0.15,0.15,0.1,0.15,0.1
7580,7580,Santa Lucia,13,Puglia,0.15,0.15,0.1,0.15,0.1
7581,7581,Santa Lucia,01,Abruzzi,0.15,0.15,0.1,0.15,0.1
7582,7582,Santa Margherita,17,Trentino-alto Adige,0.15,0.15,0.1,0.15,0.1
7583,7583,Santa Margherita,09,Lombardia,0.15,0.15,0.1,0.15,0.1
7584,7584,Santa Margherita Ligure,,Liguria",0.15,0.15,0.1,0.15,0.1
7585,7585,Santa Maria,06,Friuli-venezia Giulia,0.15,0.15,0.1,0.15,0.1
7586,7586,Santa Maria,,Autonoma Della Sardegna,0.15,0.15,0.1,0.15,0.1
7587,7587,Santa Maria,04,Campania,0.15,0.15,0.1,0.15,0.1
7588,7588,Santa Maria,20,Veneto,0.15,0.15,0.1,0.15,0.1
7589,7589,Santa Maria,09,Lombardia,0.15,0.15,0.1,0.15,0.1
7590,7590,Santa Maria,18,Umbria,0.15,0.15,0.1,0.15,0.1
7591,7591,Santa Maria A Vico,04,Campania,0.15,0.15,0.1,0.15,0.1
7592,7592,Santa Maria Apparente,10,Marche,0.15,0.15,0.1,0.15,0.1
7593,7593,Santa Maria Capua Vetere,04,Campania,0.15,0.15,0.1,0.15,0.1
7594,7594,Santa Maria Codifiume,,Emilia-romagna",0.15,0.15,0.1,0.15,0.1
7595,7595,Santa Maria Coghinas,,Autonoma Della Sardegna,0.15,0.15,0.1,0.15,0.1
7596,7596,Santa Maria Hoe,09,Lombardia,0.15,0.15,0.1,0.15,0.1
7597,7597,Santa Maria Imbaro,01,Abruzzi,0.15,0.15,0.1,0.15,0.1
7598,7598,Santa Maria Infante,07,Lazio,0.15,0.15,0.1,0.15,0.1
7599,7599,Santa Maria La Carita,04,Campania,0.15,0.15,0.1,0.15,0.1
7600,7600,Santa Maria Maddalena,20,Veneto,0.15,0.15,0.1,0.15,0.1
7601,7601,Santa Maria Maggiore,12,Piemonte,0.15,0.15,0.1,0.15,0.1
7602,7602,Santa Maria Navarrese,,Autonoma Della Sardegna,0.15,0.15,0.1,0.15,0.1
7603,7603,Santa Maria Nuova,10,Marche,0.15,0.15,0.1,0.15,0.1
7604,7604,Santa Maria Nuova,,Emilia-romagna",0.15,0.15,0.1,0.15,0.1
7605,7605,Santa Marina,04,Campania,0.15,0.15,0.1,0.15,0.1
7606,7606,Santa Marina Salina,,Autonoma Siciliana,0.15,0.15,0.1,0.15,0.1
7607,7607,Santa Marinella,07,Lazio,0.15,0.15,0.1,0.15,0.1
7608,7608,Santa Ninfa,,Autonoma Siciliana,0.15,0.15,0.1,0.15,0.1
7609,7609,Santa Paolina,04,Campania,0.15,0.15,0.1,0.15,0.1
7610,7610,Santa Rufina,07,Lazio,0.15,0.15,0.1,0.15,0.1
7611,7611,Santa Severa,07,Lazio,0.15,0.15,0.1,0.15,0.1
7612,7612,Santa Severa Nord,07,Lazio,0.15,0.15,0.1,0.15,0.1
7613,7613,Santa Severina,03,Calabria,0.15,0.15,0.1,0.15,0.1
7614,7614,Santa Sofia,,Emilia-romagna",0.15,0.15,0.1,0.15,0.1
7615,7615,Santa Teresa,01,Abruzzi,0.15,0.15,0.1,0.15,0.1
7616,7616,Santa Teresa Gallura,,Autonoma Della Sardegna,0.15,0.15,0.1,0.15,0.1
7617,7617,Santa Valburga,17,Trentino-alto Adige,0.15,0.15,0.1,0.15,0.1
7618,7618,Santa Venere,04,Campania,0.15,0.15,0.1,0.15,0.1
7619,7619,Santa Venerina,,Autonoma Siciliana,0.15,0.15,0.1,0.15,0.1
7620,7620,Santa Vittoria,,Emilia-romagna",0.15,0.15,0.1,0.15,0.1
7621,7621,Santadi,,Autonoma Della Sardegna,0.15,0.15,0.1,0.15,0.1
7622,7622,Santandra,20,Veneto,0.15,0.15,0.1,0.15,0.1
7623,7623,Santarcangelo,,Emilia-romagna",0.15,0.15,0.1,0.15,0.1
7624,7624,Sante Marie,01,Abruzzi,0.15,0.15,0.1,0.15,0.1
7625,7625,Santena,12,Piemonte,0.15,0.15,0.1,0.15,0.1
7626,7626,Santerno,,Emilia-romagna",0.15,0.15,0.1,0.15,0.1
7627,7627,Santhia,12,Piemonte,0.15,0.15,0.1,0.15,0.1
7628,7628,Santo,20,Veneto,0.15,0.15,0.1,0.15,0.1
7629,7629,Santo Marino,,Emilia-romagna",0.15,0.15,0.1,0.15,0.1
7630,7630,Santo Spirito,13,Puglia,0.15,0.15,0.1,0.15,0.1
7631,7631,Santo Stefano,06,Friuli-venezia Giulia,0.15,0.15,0.1,0.15,0.1
7632,7632,Santo Stefano,03,Calabria,0.15,0.15,0.1,0.15,0.1
7633,7633,Santo Stefano Belbo,12,Piemonte,0.15,0.15,0.1,0.15,0.1
7634,7634,Santo Stefano Lodigiano,09,Lombardia,0.15,0.15,0.1,0.15,0.1
7635,7635,Santo Stefano Quisquina,,Autonoma Siciliana,0.15,0.15,0.1,0.15,0.1
7636,7636,Santo Stefano Roero,12,Piemonte,0.15,0.15,0.1,0.15,0.1
7637,7637,Santo Stefano Ticino,09,Lombardia,0.15,0.15,0.1,0.15,0.1
7638,7638,Santomenna,04,Campania,0.15,0.15,0.1,0.15,0.1
7639,7639,Santonuovo,16,Toscana,0.15,0.15,0.1,0.15,0.1
7640,7640,Santopadre,07,Lazio,0.15,0.15,0.1,0.15,0.1
7641,7641,Santorso,20,Veneto,0.15,0.15,0.1,0.15,0.1
7642,7642,Santu Lussurgiu,,Autonoma Della Sardegna,0.15,0.15,0.1,0.15,0.1
7643,7643,Santuario,,Liguria",0.15,0.15,0.1,0.15,0.1
7644,7644,Sanza,04,Campania,0.15,0.15,0.1,0.15,0.1
7645,7645,Sanzeno,17,Trentino-alto Adige,0.15,0.15,0.1,0.15,0.1
7646,7646,Saonara,20,Veneto,0.15,0.15,0.1,0.15,0.1
7647,7647,Saponara,,Autonoma Siciliana,0.15,0.15,0.1,0.15,0.1
7648,7648,Saponara Marittima,,Autonoma Siciliana,0.15,0.15,0.1,0.15,0.1
7649,7649,Sappada,06,Friuli-venezia Giulia,0.15,0.15,0.1,0.15,0.1
7650,7650,Sapri,04,Campania,0.15,0.15,0.1,0.15,0.1
7651,7651,Saracena,03,Calabria,0.15,0.15,0.1,0.15,0.1
7652,7652,Saracinesco,07,Lazio,0.15,0.15,0.1,0.15,0.1
7653,7653,Sarcedo,20,Veneto,0.15,0.15,0.1,0.15,0.1
7654,7654,Sarche,17,Trentino-alto Adige,0.15,0.15,0.1,0.15,0.1
7655,7655,Sarconi,02,Basilicata,0.15,0.15,0.1,0.15,0.1
7656,7656,Sardagna,17,Trentino-alto Adige,0.15,0.15,0.1,0.15,0.1
7657,7657,Sardara,,Autonoma Della Sardegna,0.15,0.15,0.1,0.15,0.1
7658,7658,Sardigliano,12,Piemonte,0.15,0.15,0.1,0.15,0.1
7659,7659,Sarego,20,Veneto,0.15,0.15,0.1,0.15,0.1
7660,7660,Sarentino,17,Trentino-alto Adige,0.15,0.15,0.1,0.15,0.1
7661,7661,Sarezzano,12,Piemonte,0.15,0.15,0.1,0.15,0.1
7662,7662,Sarezzo,09,Lombardia,0.15,0.15,0.1,0.15,0.1
7663,7663,Sarmato,,Emilia-romagna",0.15,0.15,0.1,0.15,0.1
7664,7664,Sarmede,20,Veneto,0.15,0.15,0.1,0.15,0.1
7665,7665,Sarmeola,20,Veneto,0.15,0.15,0.1,0.15,0.1
7666,7666,Sarnano,10,Marche,0.15,0.15,0.1,0.15,0.1
7667,7667,Sarnico,09,Lombardia,0.15,0.15,0.1,0.15,0.1
7668,7668,Sarno,04,Campania,0.15,0.15,0.1,0.15,0.1
7669,7669,Sarnonico,17,Trentino-alto Adige,0.15,0.15,0.1,0.15,0.1
7670,7670,Saronno,09,Lombardia,0.15,0.15,0.1,0.15,0.1
7671,7671,Sarroch,,Autonoma Della Sardegna,0.15,0.15,0.1,0.15,0.1
7672,7672,Sarsina,,Emilia-romagna",0.15,0.15,0.1,0.15,0.1
7673,7673,Sartano,03,Calabria,0.15,0.15,0.1,0.15,0.1
7674,7674,Sarteano,16,Toscana,0.15,0.15,0.1,0.15,0.1
7675,7675,Sartirana Lomellina,09,Lombardia,0.15,0.15,0.1,0.15,0.1
7676,7676,Sarule,,Autonoma Della Sardegna,0.15,0.15,0.1,0.15,0.1
7677,7677,Sarzana,,Liguria",0.15,0.15,0.1,0.15,0.1
7678,7678,Sasi,,Autonoma Siciliana,0.15,0.15,0.1,0.15,0.1
7679,7679,Sassa,01,Abruzzi,0.15,0.15,0.1,0.15,0.1
7680,7680,Sassano,04,Campania,0.15,0.15,0.1,0.15,0.1
7681,7681,Sassari,,Autonoma Della Sardegna,0.15,0.15,0.1,0.15,0.1
7682,7682,Sassello,,Liguria",0.15,0.15,0.1,0.15,0.1
7683,7683,Sassetta,16,Toscana,0.15,0.15,0.1,0.15,0.1
7684,7684,Sassinoro,04,Campania,0.15,0.15,0.1,0.15,0.1
7685,7685,Sasso Marconi,,Emilia-romagna",0.15,0.15,0.1,0.15,0.1
7686,7686,Sasso Morelli,,Emilia-romagna",0.15,0.15,0.1,0.15,0.1
7687,7687,Sassocorvaro,10,Marche,0.15,0.15,0.1,0.15,0.1
7688,7688,Sassofeltrio,10,Marche,0.15,0.15,0.1,0.15,0.1
7689,7689,Sassoferrato,10,Marche,0.15,0.15,0.1,0.15,0.1
7690,7690,Sassofortino,16,Toscana,0.15,0.15,0.1,0.15,0.1
7691,7691,Sassuolo,,Emilia-romagna",0.15,0.15,0.1,0.15,0.1
7692,7692,Satriano,03,Calabria,0.15,0.15,0.1,0.15,0.1
7693,7693,Sava,13,Puglia,0.15,0.15,0.1,0.15,0.1
7694,7694,Savazza,,Emilia-romagna",0.15,0.15,0.1,0.15,0.1
7695,7695,Savelletri,13,Puglia,0.15,0.15,0.1,0.15,0.1
7696,7696,Savelli,03,Calabria,0.15,0.15,0.1,0.15,0.1
7697,7697,Saviano,04,Campania,0.15,0.15,0.1,0.15,0.1
7698,7698,Savigliano,12,Piemonte,0.15,0.15,0.1,0.15,0.1
7699,7699,Savignano Irpino,04,Campania,0.15,0.15,0.1,0.15,0.1
7700,7700,Savigno,,Emilia-romagna",0.15,0.15,0.1,0.15,0.1
7701,7701,Savignone,,Liguria",0.15,0.15,0.1,0.15,0.1
7702,7702,Savio,,Emilia-romagna",0.15,0.15,0.1,0.15,0.1
7703,7703,Saviore,09,Lombardia,0.15,0.15,0.1,0.15,0.1
7704,7704,Savoca,,Autonoma Siciliana,0.15,0.15,0.1,0.15,0.1
7705,7705,Savogna,06,Friuli-venezia Giulia,0.15,0.15,0.1,0.15,0.1
7706,7706,Savona,,Liguria",0.15,0.15,0.1,0.15,0.1
7707,7707,Savonera,12,Piemonte,0.15,0.15,0.1,0.15,0.1
7708,7708,Savorgnano,06,Friuli-venezia Giulia,0.15,0.15,0.1,0.15,0.1
7709,7709,Scafa,01,Abruzzi,0.15,0.15,0.1,0.15,0.1
7710,7710,Scafati,04,Campania,0.15,0.15,0.1,0.15,0.1
7711,7711,Scagnello,12,Piemonte,0.15,0.15,0.1,0.15,0.1
7712,7712,Scala,04,Campania,0.15,0.15,0.1,0.15,0.1
7713,7713,Scala Coeli,03,Calabria,0.15,0.15,0.1,0.15,0.1
7714,7714,Scaldasole,09,Lombardia,0.15,0.15,0.1,0.15,0.1
7715,7715,Scalea,03,Calabria,0.15,0.15,0.1,0.15,0.1
7716,7716,Scalenghe,12,Piemonte,0.15,0.15,0.1,0.15,0.1
7717,7717,Scalera,02,Basilicata,0.15,0.15,0.1,0.15,0.1
7718,7718,Scaletta Zanclea,,Autonoma Siciliana,0.15,0.15,0.1,0.15,0.1
7719,7719,Scalo,07,Lazio,0.15,0.15,0.1,0.15,0.1
7720,7720,Scalo Teverina,07,Lazio,0.15,0.15,0.1,0.15,0.1
7721,7721,Scaltenigo,20,Veneto,0.15,0.15,0.1,0.15,0.1
7722,7722,Scampia,04,Campania,0.15,0.15,0.1,0.15,0.1
7723,7723,Scampitella,04,Campania,0.15,0.15,0.1,0.15,0.1
7724,7724,Scandale,03,Calabria,0.15,0.15,0.1,0.15,0.1
7725,7725,Scandiano,,Emilia-romagna",0.15,0.15,0.1,0.15,0.1
7726,7726,Scandicci,16,Toscana,0.15,0.15,0.1,0.15,0.1
7727,7727,Scandolara,20,Veneto,0.15,0.15,0.1,0.15,0.1
7728,7728,Scandolara Ravara,09,Lombardia,0.15,0.15,0.1,0.15,0.1
7729,7729,Scandriglia,07,Lazio,0.15,0.15,0.1,0.15,0.1
7730,7730,Scanno,01,Abruzzi,0.15,0.15,0.1,0.15,0.1
7731,7731,Scansano,16,Toscana,0.15,0.15,0.1,0.15,0.1
7732,7732,Scanzano Jonico,02,Basilicata,0.15,0.15,0.1,0.15,0.1
7733,7733,Scapoli,11,Molise,0.15,0.15,0.1,0.15,0.1
7734,7734,Scarcelli,,Autonoma Siciliana,0.15,0.15,0.1,0.15,0.1
7735,7735,Scarcelli,03,Calabria,0.15,0.15,0.1,0.15,0.1
7736,7736,Scardovari,20,Veneto,0.15,0.15,0.1,0.15,0.1
7737,7737,Scario,04,Campania,0.15,0.15,0.1,0.15,0.1
7738,7738,Scarlino,16,Toscana,0.15,0.15,0.1,0.15,0.1
7739,7739,Scarlino Scalo,16,Toscana,0.15,0.15,0.1,0.15,0.1
7740,7740,Scarmagno,12,Piemonte,0.15,0.15,0.1,0.15,0.1
7741,7741,Scarnafigi,12,Piemonte,0.15,0.15,0.1,0.15,0.1
7742,7742,Scarperia,16,Toscana,0.15,0.15,0.1,0.15,0.1
7743,7743,Scarpizzolo,09,Lombardia,0.15,0.15,0.1,0.15,0.1
7744,7744,Scauri,,Autonoma Siciliana,0.15,0.15,0.1,0.15,0.1
7745,7745,Scena,17,Trentino-alto Adige,0.15,0.15,0.1,0.15,0.1
7746,7746,Scerne,01,Abruzzi,0.15,0.15,0.1,0.15,0.1
7747,7747,Scerni,01,Abruzzi,0.15,0.15,0.1,0.15,0.1
7748,7748,Scheggia,18,Umbria,0.15,0.15,0.1,0.15,0.1
7749,7749,Scheggino,18,Umbria,0.15,0.15,0.1,0.15,0.1
7750,7750,Schiavon,20,Veneto,0.15,0.15,0.1,0.15,0.1
7751,7751,Schignano,16,Toscana,0.15,0.15,0.1,0.15,0.1
7752,7752,Schignano,09,Lombardia,0.15,0.15,0.1,0.15,0.1
7753,7753,Schilpario,09,Lombardia,0.15,0.15,0.1,0.15,0.1
7754,7754,Schio,20,Veneto,0.15,0.15,0.1,0.15,0.1
7755,7755,Schivenoglia,09,Lombardia,0.15,0.15,0.1,0.15,0.1
7756,7756,Sciacca,,Autonoma Siciliana,0.15,0.15,0.1,0.15,0.1
7757,7757,Sciara,,Autonoma Siciliana,0.15,0.15,0.1,0.15,0.1
7758,7758,Sciarborasca,,Liguria",0.15,0.15,0.1,0.15,0.1
7759,7759,Sciaves,17,Trentino-alto Adige,0.15,0.15,0.1,0.15,0.1
7760,7760,Scicli,,Autonoma Siciliana,0.15,0.15,0.1,0.15,0.1
7761,7761,Scido,03,Calabria,0.15,0.15,0.1,0.15,0.1
7762,7762,Scilla,03,Calabria,0.15,0.15,0.1,0.15,0.1
7763,7763,Scillato,,Autonoma Siciliana,0.15,0.15,0.1,0.15,0.1
7764,7764,Sciolze,12,Piemonte,0.15,0.15,0.1,0.15,0.1
7765,7765,Scisciano,04,Campania,0.15,0.15,0.1,0.15,0.1
7766,7766,Sclafani Bagni,,Autonoma Siciliana,0.15,0.15,0.1,0.15,0.1
7767,7767,Sclaunicco,06,Friuli-venezia Giulia,0.15,0.15,0.1,0.15,0.1
7768,7768,Scoglitti,,Autonoma Siciliana,0.15,0.15,0.1,0.15,0.1
7769,7769,Scomigo,20,Veneto,0.15,0.15,0.1,0.15,0.1
7770,7770,Scontrone,01,Abruzzi,0.15,0.15,0.1,0.15,0.1
7771,7771,Scopa,12,Piemonte,0.15,0.15,0.1,0.15,0.1
7772,7772,Scopello,12,Piemonte,0.15,0.15,0.1,0.15,0.1
7773,7773,Scoppito,01,Abruzzi,0.15,0.15,0.1,0.15,0.1
7774,7774,Scordia,,Autonoma Siciliana,0.15,0.15,0.1,0.15,0.1
7775,7775,Scorrano,13,Puglia,0.15,0.15,0.1,0.15,0.1
7776,7776,Scortichino,,Emilia-romagna",0.15,0.15,0.1,0.15,0.1
7777,7777,Scorze,20,Veneto,0.15,0.15,0.1,0.15,0.1
7778,7778,Scurcola Marsicana,01,Abruzzi,0.15,0.15,0.1,0.15,0.1
7779,7779,Scurelle,17,Trentino-alto Adige,0.15,0.15,0.1,0.15,0.1
7780,7780,Scurzolengo,12,Piemonte,0.15,0.15,0.1,0.15,0.1
7781,7781,Seano,16,Toscana,0.15,0.15,0.1,0.15,0.1
7782,7782,Seborga,,Liguria",0.15,0.15,0.1,0.15,0.1
7783,7783,Secchiano,,Emilia-romagna",0.15,0.15,0.1,0.15,0.1
7784,7784,Secinaro,01,Abruzzi,0.15,0.15,0.1,0.15,0.1
7785,7785,Secli,13,Puglia,0.15,0.15,0.1,0.15,0.1
7786,7786,Secondigliano,04,Campania,0.15,0.15,0.1,0.15,0.1
7787,7787,Secugnago,09,Lombardia,0.15,0.15,0.1,0.15,0.1
7788,7788,Sedegliano,06,Friuli-venezia Giulia,0.15,0.15,0.1,0.15,0.1
7789,7789,Sedena,09,Lombardia,0.15,0.15,0.1,0.15,0.1
7790,7790,Sedico,20,Veneto,0.15,0.15,0.1,0.15,0.1
7791,7791,Sedilo,,Autonoma Della Sardegna,0.15,0.15,0.1,0.15,0.1
7792,7792,Sedini,,Autonoma Della Sardegna,0.15,0.15,0.1,0.15,0.1
7793,7793,Sedrano,06,Friuli-venezia Giulia,0.15,0.15,0.1,0.15,0.1
7794,7794,Sedriano,09,Lombardia,0.15,0.15,0.1,0.15,0.1
7795,7795,Sedrina,09,Lombardia,0.15,0.15,0.1,0.15,0.1
7796,7796,Sefro,10,Marche,0.15,0.15,0.1,0.15,0.1
7797,7797,Sega,20,Veneto,0.15,0.15,0.1,0.15,0.1
7798,7798,Segariu,,Autonoma Della Sardegna,0.15,0.15,0.1,0.15,0.1
7799,7799,Seggiano,16,Toscana,0.15,0.15,0.1,0.15,0.1
7800,7800,Seghe,20,Veneto,0.15,0.15,0.1,0.15,0.1
7801,7801,Segni,07,Lazio,0.15,0.15,0.1,0.15,0.1
7802,7802,Segno,17,Trentino-alto Adige,0.15,0.15,0.1,0.15,0.1
7803,7803,Segonzano,17,Trentino-alto Adige,0.15,0.15,0.1,0.15,0.1
7804,7804,Segrate,09,Lombardia,0.15,0.15,0.1,0.15,0.1
7805,7805,Segusino,20,Veneto,0.15,0.15,0.1,0.15,0.1
7806,7806,Selargius,,Autonoma Della Sardegna,0.15,0.15,0.1,0.15,0.1
7807,7807,Selbagnone,,Emilia-romagna",0.15,0.15,0.1,0.15,0.1
7808,7808,Selci,07,Lazio,0.15,0.15,0.1,0.15,0.1
7809,7809,Selegas,,Autonoma Della Sardegna,0.15,0.15,0.1,0.15,0.1
7810,7810,Selino Basso,09,Lombardia,0.15,0.15,0.1,0.15,0.1
7811,7811,Sellano,18,Umbria,0.15,0.15,0.1,0.15,0.1
7812,7812,Sellero,09,Lombardia,0.15,0.15,0.1,0.15,0.1
7813,7813,Sellia,03,Calabria,0.15,0.15,0.1,0.15,0.1
7814,7814,Sellia Marina,03,Calabria,0.15,0.15,0.1,0.15,0.1
7815,7815,Selva,01,Abruzzi,0.15,0.15,0.1,0.15,0.1
7816,7816,Selva,17,Trentino-alto Adige,0.15,0.15,0.1,0.15,0.1
7817,7817,Selvatelle,16,Toscana,0.15,0.15,0.1,0.15,0.1
7818,7818,Selvazzano Dentro,20,Veneto,0.15,0.15,0.1,0.15,0.1
7819,7819,Selve Marcone,12,Piemonte,0.15,0.15,0.1,0.15,0.1
7820,7820,Selvino,09,Lombardia,0.15,0.15,0.1,0.15,0.1
7821,7821,Selvotta,11,Molise,0.15,0.15,0.1,0.15,0.1
7822,7822,Semestene,,Autonoma Della Sardegna,0.15,0.15,0.1,0.15,0.1
7823,7823,Semiana,09,Lombardia,0.15,0.15,0.1,0.15,0.1
7824,7824,Seminara,03,Calabria,0.15,0.15,0.1,0.15,0.1
7825,7825,Semogo,09,Lombardia,0.15,0.15,0.1,0.15,0.1
7826,7826,Semproniano,16,Toscana,0.15,0.15,0.1,0.15,0.1
7827,7827,Senago,09,Lombardia,0.15,0.15,0.1,0.15,0.1
7828,7828,Senale,17,Trentino-alto Adige,0.15,0.15,0.1,0.15,0.1
7829,7829,Senales,17,Trentino-alto Adige,0.15,0.15,0.1,0.15,0.1
7830,7830,Seneghe,,Autonoma Della Sardegna,0.15,0.15,0.1,0.15,0.1
7831,7831,Senerchia,04,Campania,0.15,0.15,0.1,0.15,0.1
7832,7832,Seniga,09,Lombardia,0.15,0.15,0.1,0.15,0.1
7833,7833,Senigallia,10,Marche,0.15,0.15,0.1,0.15,0.1
7834,7834,Senis,,Autonoma Della Sardegna,0.15,0.15,0.1,0.15,0.1
7835,7835,Senise,02,Basilicata,0.15,0.15,0.1,0.15,0.1
7836,7836,Senna Comasco,09,Lombardia,0.15,0.15,0.1,0.15,0.1
7837,7837,Senna Lodigiana,09,Lombardia,0.15,0.15,0.1,0.15,0.1
7838,7838,Sennariolo,,Autonoma Della Sardegna,0.15,0.15,0.1,0.15,0.1
7839,7839,Sennori,,Autonoma Della Sardegna,0.15,0.15,0.1,0.15,0.1
7840,7840,Senorbi,,Autonoma Della Sardegna,0.15,0.15,0.1,0.15,0.1
7841,7841,Sepino,11,Molise,0.15,0.15,0.1,0.15,0.1
7842,7842,Seppiana,12,Piemonte,0.15,0.15,0.1,0.15,0.1
7843,7843,Sequals,06,Friuli-venezia Giulia,0.15,0.15,0.1,0.15,0.1
7844,7844,Seravezza,16,Toscana,0.15,0.15,0.1,0.15,0.1
7845,7845,Serdiana,,Autonoma Della Sardegna,0.15,0.15,0.1,0.15,0.1
7846,7846,Seregnano,17,Trentino-alto Adige,0.15,0.15,0.1,0.15,0.1
7847,7847,Seregno,09,Lombardia,0.15,0.15,0.1,0.15,0.1
7848,7848,Sergnano,09,Lombardia,0.15,0.15,0.1,0.15,0.1
7849,7849,Seriate,09,Lombardia,0.15,0.15,0.1,0.15,0.1
7850,7850,Serina,09,Lombardia,0.15,0.15,0.1,0.15,0.1
7851,7851,Serino,04,Campania,0.15,0.15,0.1,0.15,0.1
7852,7852,Serle,09,Lombardia,0.15,0.15,0.1,0.15,0.1
7853,7853,Sermide,09,Lombardia,0.15,0.15,0.1,0.15,0.1
7854,7854,Sermoneta,07,Lazio,0.15,0.15,0.1,0.15,0.1
7855,7855,Sernio,09,Lombardia,0.15,0.15,0.1,0.15,0.1
7856,7856,Serole,12,Piemonte,0.15,0.15,0.1,0.15,0.1
7857,7857,Serra,02,Basilicata,0.15,0.15,0.1,0.15,0.1
7858,7858,Serra,16,Toscana,0.15,0.15,0.1,0.15,0.1
7859,7859,Serra Pedace,03,Calabria,0.15,0.15,0.1,0.15,0.1
7860,7860,Serra Ricco,,Liguria",0.15,0.15,0.1,0.15,0.1
7861,7861,Serra San Bruno,03,Calabria,0.15,0.15,0.1,0.15,0.1
7862,7862,Serra San Quirico,10,Marche,0.15,0.15,0.1,0.15,0.1
7863,7863,Serra Sant'Abbondio,10,Marche,0.15,0.15,0.1,0.15,0.1
7864,7864,Serracapriola,13,Puglia,0.15,0.15,0.1,0.15,0.1
7865,7865,Serradifalco,,Autonoma Siciliana,0.15,0.15,0.1,0.15,0.1
7866,7866,Serramanna,,Autonoma Della Sardegna,0.15,0.15,0.1,0.15,0.1
7867,7867,Serramazzoni,,Emilia-romagna",0.15,0.15,0.1,0.15,0.1
7868,7868,Serramezzana,04,Campania,0.15,0.15,0.1,0.15,0.1
7869,7869,Serramonacesca,01,Abruzzi,0.15,0.15,0.1,0.15,0.1
7870,7870,Serrano,13,Puglia,0.15,0.15,0.1,0.15,0.1
7871,7871,Serrapetrona,10,Marche,0.15,0.15,0.1,0.15,0.1
7872,7872,Serrara Fontana,04,Campania,0.15,0.15,0.1,0.15,0.1
7873,7873,Serrastretta,03,Calabria,0.15,0.15,0.1,0.15,0.1
7874,7874,Serrata,03,Calabria,0.15,0.15,0.1,0.15,0.1
7875,7875,Serravalle,,Emilia-romagna",0.15,0.15,0.1,0.15,0.1
7876,7876,Serravalle,17,Trentino-alto Adige,0.15,0.15,0.1,0.15,0.1
7877,7877,Serravalle Langhe,12,Piemonte,0.15,0.15,0.1,0.15,0.1
7878,7878,Serravalle Pistoiese,16,Toscana,0.15,0.15,0.1,0.15,0.1
7879,7879,Serravalle Scrivia,12,Piemonte,0.15,0.15,0.1,0.15,0.1
7880,7880,Serravalle Sesia,12,Piemonte,0.15,0.15,0.1,0.15,0.1
7881,7881,Serre,04,Campania,0.15,0.15,0.1,0.15,0.1
7882,7882,Serre,12,Piemonte,0.15,0.15,0.1,0.15,0.1
7883,7883,Serrenti,,Autonoma Della Sardegna,0.15,0.15,0.1,0.15,0.1
7884,7884,Serri,,Autonoma Della Sardegna,0.15,0.15,0.1,0.15,0.1
7885,7885,Serrone,07,Lazio,0.15,0.15,0.1,0.15,0.1
7886,7886,Serrungarina,10,Marche,0.15,0.15,0.1,0.15,0.1
7887,7887,Sersale,03,Calabria,0.15,0.15,0.1,0.15,0.1
7888,7888,Servigliano,10,Marche,0.15,0.15,0.1,0.15,0.1
7889,7889,Sessa Aurunca,04,Campania,0.15,0.15,0.1,0.15,0.1
7890,7890,Sessa Cilento,04,Campania,0.15,0.15,0.1,0.15,0.1
7891,7891,Sessame,12,Piemonte,0.15,0.15,0.1,0.15,0.1
7892,7892,Sesta Godano,,Liguria",0.15,0.15,0.1,0.15,0.1
7893,7893,Sestino,16,Toscana,0.15,0.15,0.1,0.15,0.1
7894,7894,Sesto,17,Trentino-alto Adige,0.15,0.15,0.1,0.15,0.1
7895,7895,Sesto Calende,09,Lombardia,0.15,0.15,0.1,0.15,0.1
7896,7896,Sesto Campano,11,Molise,0.15,0.15,0.1,0.15,0.1
7897,7897,Sesto Cremonese,09,Lombardia,0.15,0.15,0.1,0.15,0.1
7898,7898,Sesto Fiorentino,16,Toscana,0.15,0.15,0.1,0.15,0.1
7899,7899,Sesto Imolese,,Emilia-romagna",0.15,0.15,0.1,0.15,0.1
7900,7900,Sesto San Giovanni,09,Lombardia,0.15,0.15,0.1,0.15,0.1
7901,7901,Sestola,,Emilia-romagna",0.15,0.15,0.1,0.15,0.1
7902,7902,Sestri Levante,,Liguria",0.15,0.15,0.1,0.15,0.1
7903,7903,Sestriere,12,Piemonte,0.15,0.15,0.1,0.15,0.1
7904,7904,Sestu,,Autonoma Della Sardegna,0.15,0.15,0.1,0.15,0.1
7905,7905,Settala,09,Lombardia,0.15,0.15,0.1,0.15,0.1
7906,7906,Settefrati,07,Lazio,0.15,0.15,0.1,0.15,0.1
7907,7907,Settequerce,17,Trentino-alto Adige,0.15,0.15,0.1,0.15,0.1
7908,7908,Setteville,07,Lazio,0.15,0.15,0.1,0.15,0.1
7909,7909,Settima,,Emilia-romagna",0.15,0.15,0.1,0.15,0.1
7910,7910,Settime,12,Piemonte,0.15,0.15,0.1,0.15,0.1
7911,7911,Settimo,03,Calabria,0.15,0.15,0.1,0.15,0.1
7912,7912,Settimo,20,Veneto,0.15,0.15,0.1,0.15,0.1
7913,7913,Settimo Milanese,09,Lombardia,0.15,0.15,0.1,0.15,0.1
7914,7914,Settimo Rottaro,12,Piemonte,0.15,0.15,0.1,0.15,0.1
7915,7915,Settimo San Pietro,,Autonoma Della Sardegna,0.15,0.15,0.1,0.15,0.1
7916,7916,Settimo Torinese,12,Piemonte,0.15,0.15,0.1,0.15,0.1
7917,7917,Settimo Vittone,12,Piemonte,0.15,0.15,0.1,0.15,0.1
7918,7918,Settingiano,03,Calabria,0.15,0.15,0.1,0.15,0.1
7919,7919,Setzu,,Autonoma Della Sardegna,0.15,0.15,0.1,0.15,0.1
7920,7920,Seui,,Autonoma Della Sardegna,0.15,0.15,0.1,0.15,0.1
7921,7921,Seulo,,Autonoma Della Sardegna,0.15,0.15,0.1,0.15,0.1
7922,7922,Sevegliano,06,Friuli-venezia Giulia,0.15,0.15,0.1,0.15,0.1
7923,7923,Seveso,09,Lombardia,0.15,0.15,0.1,0.15,0.1
7924,7924,Sezzadio,12,Piemonte,0.15,0.15,0.1,0.15,0.1
7925,7925,Sezze,07,Lazio,0.15,0.15,0.1,0.15,0.1
7926,7926,Sezze Scalo,07,Lazio,0.15,0.15,0.1,0.15,0.1
7927,7927,Sfaranda,,Autonoma Siciliana,0.15,0.15,0.1,0.15,0.1
7928,7928,Sferracavallo,,Autonoma Siciliana,0.15,0.15,0.1,0.15,0.1
7929,7929,Sferracavallo,18,Umbria,0.15,0.15,0.1,0.15,0.1
7930,7930,Sforzacosta,10,Marche,0.15,0.15,0.1,0.15,0.1
7931,7931,Sfruz,17,Trentino-alto Adige,0.15,0.15,0.1,0.15,0.1
7932,7932,Sgonico,06,Friuli-venezia Giulia,0.15,0.15,0.1,0.15,0.1
7933,7933,Sgurgola,07,Lazio,0.15,0.15,0.1,0.15,0.1
7934,7934,Siamaggiore,,Autonoma Della Sardegna,0.15,0.15,0.1,0.15,0.1
7935,7935,Siamanna,,Autonoma Della Sardegna,0.15,0.15,0.1,0.15,0.1
7936,7936,Siano,04,Campania,0.15,0.15,0.1,0.15,0.1
7937,7937,Siano,03,Calabria,0.15,0.15,0.1,0.15,0.1
7938,7938,Siapiccia,,Autonoma Della Sardegna,0.15,0.15,0.1,0.15,0.1
7939,7939,Sibari,03,Calabria,0.15,0.15,0.1,0.15,0.1
7940,7940,Siculiana,,Autonoma Siciliana,0.15,0.15,0.1,0.15,0.1
7941,7941,Siddi,,Autonoma Della Sardegna,0.15,0.15,0.1,0.15,0.1
7942,7942,Siderno,03,Calabria,0.15,0.15,0.1,0.15,0.1
7943,7943,Sieci,16,Toscana,0.15,0.15,0.1,0.15,0.1
7944,7944,Siena,16,Toscana,0.15,0.15,0.1,0.15,0.1
7945,7945,Sieti,04,Campania,0.15,0.15,0.1,0.15,0.1
7946,7946,Sigillo,18,Umbria,0.15,0.15,0.1,0.15,0.1
7947,7947,Signa,16,Toscana,0.15,0.15,0.1,0.15,0.1
7948,7948,Silandro,17,Trentino-alto Adige,0.15,0.15,0.1,0.15,0.1
7949,7949,Silanus,,Autonoma Della Sardegna,0.15,0.15,0.1,0.15,0.1
7950,7950,Silea,20,Veneto,0.15,0.15,0.1,0.15,0.1
7951,7951,Sili,,Autonoma Della Sardegna,0.15,0.15,0.1,0.15,0.1
7952,7952,Siligo,,Autonoma Della Sardegna,0.15,0.15,0.1,0.15,0.1
7953,7953,Siliqua,,Autonoma Della Sardegna,0.15,0.15,0.1,0.15,0.1
7954,7954,Silius,,Autonoma Della Sardegna,0.15,0.15,0.1,0.15,0.1
7955,7955,Silla,,Emilia-romagna",0.15,0.15,0.1,0.15,0.1
7956,7956,Silla,04,Campania,0.15,0.15,0.1,0.15,0.1
7957,7957,Sillano,16,Toscana,0.15,0.15,0.1,0.15,0.1
7958,7958,Sillavengo,12,Piemonte,0.15,0.15,0.1,0.15,0.1
7959,7959,Silvano Pietra,09,Lombardia,0.15,0.15,0.1,0.15,0.1
7960,7960,Silvella,06,Friuli-venezia Giulia,0.15,0.15,0.1,0.15,0.1
7961,7961,Silvi,01,Abruzzi,0.15,0.15,0.1,0.15,0.1
7962,7962,Simala,,Autonoma Della Sardegna,0.15,0.15,0.1,0.15,0.1
7963,7963,Simaxis,,Autonoma Della Sardegna,0.15,0.15,0.1,0.15,0.1
7964,7964,Simbario,03,Calabria,0.15,0.15,0.1,0.15,0.1
7965,7965,Sinagra,,Autonoma Siciliana,0.15,0.15,0.1,0.15,0.1
7966,7966,Sinalunga,16,Toscana,0.15,0.15,0.1,0.15,0.1
7967,7967,Sindacale,20,Veneto,0.15,0.15,0.1,0.15,0.1
7968,7968,Sindia,,Autonoma Della Sardegna,0.15,0.15,0.1,0.15,0.1
7969,7969,Sini,,Autonoma Della Sardegna,0.15,0.15,0.1,0.15,0.1
7970,7970,Sinigo,17,Trentino-alto Adige,0.15,0.15,0.1,0.15,0.1
7971,7971,Sinio,12,Piemonte,0.15,0.15,0.1,0.15,0.1
7972,7972,Siniscola,,Autonoma Della Sardegna,0.15,0.15,0.1,0.15,0.1
7973,7973,Sinnai,,Autonoma Della Sardegna,0.15,0.15,0.1,0.15,0.1
7974,7974,Sinopoli,03,Calabria,0.15,0.15,0.1,0.15,0.1
7975,7975,Sipicciano,07,Lazio,0.15,0.15,0.1,0.15,0.1
7976,7976,Siracusa,,Autonoma Siciliana,0.15,0.15,0.1,0.15,0.1
7977,7977,Sirignano,04,Campania,0.15,0.15,0.1,0.15,0.1
7978,7978,Siris,,Autonoma Della Sardegna,0.15,0.15,0.1,0.15,0.1
7979,7979,Sirmione,09,Lombardia,0.15,0.15,0.1,0.15,0.1
7980,7980,Sirolo,10,Marche,0.15,0.15,0.1,0.15,0.1
7981,7981,Sirone,09,Lombardia,0.15,0.15,0.1,0.15,0.1
7982,7982,Siror,17,Trentino-alto Adige,0.15,0.15,0.1,0.15,0.1
7983,7983,Sirta,09,Lombardia,0.15,0.15,0.1,0.15,0.1
7984,7984,Sirtori,09,Lombardia,0.15,0.15,0.1,0.15,0.1
7985,7985,Sissa,,Emilia-romagna",0.15,0.15,0.1,0.15,0.1
7986,7986,Siurgus Donigala,,Autonoma Della Sardegna,0.15,0.15,0.1,0.15,0.1
7987,7987,Siusi,17,Trentino-alto Adige,0.15,0.15,0.1,0.15,0.1
7988,7988,Siviano,09,Lombardia,0.15,0.15,0.1,0.15,0.1
7989,7989,Siziano,09,Lombardia,0.15,0.15,0.1,0.15,0.1
7990,7990,Sizzano,12,Piemonte,0.15,0.15,0.1,0.15,0.1
7991,7991,Sluderno,17,Trentino-alto Adige,0.15,0.15,0.1,0.15,0.1
7992,7992,Smarano,17,Trentino-alto Adige,0.15,0.15,0.1,0.15,0.1
7993,7993,Smerillo,10,Marche,0.15,0.15,0.1,0.15,0.1
7994,7994,Soave,20,Veneto,0.15,0.15,0.1,0.15,0.1
7995,7995,Soave,09,Lombardia,0.15,0.15,0.1,0.15,0.1
7996,7996,Soccavo,04,Campania,0.15,0.15,0.1,0.15,0.1
7997,7997,Soccorso,18,Umbria,0.15,0.15,0.1,0.15,0.1
7998,7998,Soccorso,04,Campania,0.15,0.15,0.1,0.15,0.1
7999,7999,Soci,16,Toscana,0.15,0.15,0.1,0.15,0.1
8000,8000,Soddi,,Autonoma Della Sardegna,0.15,0.15,0.1,0.15,0.1
8001,8001,Sogliano Cavour,13,Puglia,0.15,0.15,0.1,0.15,0.1
8002,8002,Soglio,12,Piemonte,0.15,0.15,0.1,0.15,0.1
8003,8003,Soiano,09,Lombardia,0.15,0.15,0.1,0.15,0.1
8004,8004,Solagna,20,Veneto,0.15,0.15,0.1,0.15,0.1
8005,8005,Solanas,,Autonoma Della Sardegna,0.15,0.15,0.1,0.15,0.1
8006,8006,Solano Inferiore,03,Calabria,0.15,0.15,0.1,0.15,0.1
8007,8007,Solara,,Emilia-romagna",0.15,0.15,0.1,0.15,0.1
8008,8008,Solarino,,Autonoma Siciliana,0.15,0.15,0.1,0.15,0.1
8009,8009,Solaro,09,Lombardia,0.15,0.15,0.1,0.15,0.1
8010,8010,Solarolo,09,Lombardia,0.15,0.15,0.1,0.15,0.1
8011,8011,Solarolo,,Emilia-romagna",0.15,0.15,0.1,0.15,0.1
8012,8012,Solarolo Rainerio,09,Lombardia,0.15,0.15,0.1,0.15,0.1
8013,8013,Solarussa,,Autonoma Della Sardegna,0.15,0.15,0.1,0.15,0.1
8014,8014,Solbiate,09,Lombardia,0.15,0.15,0.1,0.15,0.1
8015,8015,Solbiate Arno,09,Lombardia,0.15,0.15,0.1,0.15,0.1
8016,8016,Solbiate Olona,09,Lombardia,0.15,0.15,0.1,0.15,0.1
8017,8017,Soldano,,Liguria",0.15,0.15,0.1,0.15,0.1
8018,8018,Soleminis,,Autonoma Della Sardegna,0.15,0.15,0.1,0.15,0.1
8019,8019,Solero,12,Piemonte,0.15,0.15,0.1,0.15,0.1
8020,8020,Solesino,20,Veneto,0.15,0.15,0.1,0.15,0.1
8021,8021,Soleto,13,Puglia,0.15,0.15,0.1,0.15,0.1
8022,8022,Solferino,09,Lombardia,0.15,0.15,0.1,0.15,0.1
8023,8023,Solicchiata,,Autonoma Siciliana,0.15,0.15,0.1,0.15,0.1
8024,8024,Soliera,,Emilia-romagna",0.15,0.15,0.1,0.15,0.1
8025,8025,Solignano,,Emilia-romagna",0.15,0.15,0.1,0.15,0.1
8026,8026,Solignano Nuovo,,Emilia-romagna",0.15,0.15,0.1,0.15,0.1
8027,8027,Solofra,04,Campania,0.15,0.15,0.1,0.15,0.1
8028,8028,Sologno,12,Piemonte,0.15,0.15,0.1,0.15,0.1
8029,8029,Solonghello,12,Piemonte,0.15,0.15,0.1,0.15,0.1
8030,8030,Solopaca,04,Campania,0.15,0.15,0.1,0.15,0.1
8031,8031,Solto Collina,09,Lombardia,0.15,0.15,0.1,0.15,0.1
8032,8032,Solza,09,Lombardia,0.15,0.15,0.1,0.15,0.1
8033,8033,Somaggia,09,Lombardia,0.15,0.15,0.1,0.15,0.1
8034,8034,Somaglia,09,Lombardia,0.15,0.15,0.1,0.15,0.1
8035,8035,Somano,12,Piemonte,0.15,0.15,0.1,0.15,0.1
8036,8036,Somma Lombardo,09,Lombardia,0.15,0.15,0.1,0.15,0.1
8037,8037,Somma Vesuviana,04,Campania,0.15,0.15,0.1,0.15,0.1
8038,8038,Sommacampagna,20,Veneto,0.15,0.15,0.1,0.15,0.1
8039,8039,Sommariva Perno,12,Piemonte,0.15,0.15,0.1,0.15,0.1
8040,8040,Sommatino,,Autonoma Siciliana,0.15,0.15,0.1,0.15,0.1
8041,8041,Sommo,09,Lombardia,0.15,0.15,0.1,0.15,0.1
8042,8042,Sona,20,Veneto,0.15,0.15,0.1,0.15,0.1
8043,8043,Soncino,09,Lombardia,0.15,0.15,0.1,0.15,0.1
8044,8044,Sondalo,09,Lombardia,0.15,0.15,0.1,0.15,0.1
8045,8045,Sondrio,09,Lombardia,0.15,0.15,0.1,0.15,0.1
8046,8046,Songavazzo,09,Lombardia,0.15,0.15,0.1,0.15,0.1
8047,8047,Sonico,09,Lombardia,0.15,0.15,0.1,0.15,0.1
8048,8048,Sonnino,07,Lazio,0.15,0.15,0.1,0.15,0.1
8049,8049,Soprabolzano,17,Trentino-alto Adige,0.15,0.15,0.1,0.15,0.1
8050,8050,Soprana,12,Piemonte,0.15,0.15,0.1,0.15,0.1
8051,8051,Sora,07,Lazio,0.15,0.15,0.1,0.15,0.1
8052,8052,Soraga,17,Trentino-alto Adige,0.15,0.15,0.1,0.15,0.1
8053,8053,Soragna,,Emilia-romagna",0.15,0.15,0.1,0.15,0.1
8054,8054,Sorano,16,Toscana,0.15,0.15,0.1,0.15,0.1
8055,8055,Sorbara,,Emilia-romagna",0.15,0.15,0.1,0.15,0.1
8056,8056,Sorbo San Basile,03,Calabria,0.15,0.15,0.1,0.15,0.1
8057,8057,Sorbo Serpico,04,Campania,0.15,0.15,0.1,0.15,0.1
8058,8058,Sorbolo,,Emilia-romagna",0.15,0.15,0.1,0.15,0.1
8059,8059,Sordevolo,12,Piemonte,0.15,0.15,0.1,0.15,0.1
8060,8060,Sordio,09,Lombardia,0.15,0.15,0.1,0.15,0.1
8061,8061,Soresina,09,Lombardia,0.15,0.15,0.1,0.15,0.1
8062,8062,Sorga,20,Veneto,0.15,0.15,0.1,0.15,0.1
8063,8063,Sorgono,,Autonoma Della Sardegna,0.15,0.15,0.1,0.15,0.1
8064,8064,Sori,,Liguria",0.15,0.15,0.1,0.15,0.1
8065,8065,Sorianello,03,Calabria,0.15,0.15,0.1,0.15,0.1
8066,8066,Soriano Calabro,03,Calabria,0.15,0.15,0.1,0.15,0.1
8067,8067,Sorico,09,Lombardia,0.15,0.15,0.1,0.15,0.1
8068,8068,Soriso,12,Piemonte,0.15,0.15,0.1,0.15,0.1
8069,8069,Sorisole,09,Lombardia,0.15,0.15,0.1,0.15,0.1
8070,8070,Sormano,09,Lombardia,0.15,0.15,0.1,0.15,0.1
8071,8071,Sorradile,,Autonoma Della Sardegna,0.15,0.15,0.1,0.15,0.1
8072,8072,Sorrento,04,Campania,0.15,0.15,0.1,0.15,0.1
8073,8073,Sorso,,Autonoma Della Sardegna,0.15,0.15,0.1,0.15,0.1
8074,8074,Sortino,,Autonoma Siciliana,0.15,0.15,0.1,0.15,0.1
8075,8075,Sospiro,09,Lombardia,0.15,0.15,0.1,0.15,0.1
8076,8076,Sospirolo,20,Veneto,0.15,0.15,0.1,0.15,0.1
8077,8077,Sossano,20,Veneto,0.15,0.15,0.1,0.15,0.1
8078,8078,Sostegno,12,Piemonte,0.15,0.15,0.1,0.15,0.1
8079,8079,Sottocastello,09,Lombardia,0.15,0.15,0.1,0.15,0.1
8080,8080,Sottoselva,06,Friuli-venezia Giulia,0.15,0.15,0.1,0.15,0.1
8081,8081,Sover,17,Trentino-alto Adige,0.15,0.15,0.1,0.15,0.1
8082,8082,Soverato Marina,03,Calabria,0.15,0.15,0.1,0.15,0.1
8083,8083,Soverato Superiore,03,Calabria,0.15,0.15,0.1,0.15,0.1
8084,8084,Sovere,09,Lombardia,0.15,0.15,0.1,0.15,0.1
8085,8085,Soveria Mannelli,03,Calabria,0.15,0.15,0.1,0.15,0.1
8086,8086,Soveria Simeri,03,Calabria,0.15,0.15,0.1,0.15,0.1
8087,8087,Soverzene,20,Veneto,0.15,0.15,0.1,0.15,0.1
8088,8088,Sovicille,16,Toscana,0.15,0.15,0.1,0.15,0.1
8089,8089,Sovico,09,Lombardia,0.15,0.15,0.1,0.15,0.1
8090,8090,Sovizzo,20,Veneto,0.15,0.15,0.1,0.15,0.1
8091,8091,Sovramonte,20,Veneto,0.15,0.15,0.1,0.15,0.1
8092,8092,Sozzago,12,Piemonte,0.15,0.15,0.1,0.15,0.1
8093,8093,Sozzigalli,,Emilia-romagna",0.15,0.15,0.1,0.15,0.1
8094,8094,Spadafora,,Autonoma Siciliana,0.15,0.15,0.1,0.15,0.1
8095,8095,Spadola,03,Calabria,0.15,0.15,0.1,0.15,0.1
8096,8096,Sparanise,04,Campania,0.15,0.15,0.1,0.15,0.1
8097,8097,Sparone,12,Piemonte,0.15,0.15,0.1,0.15,0.1
8098,8098,Sparta',,Autonoma Siciliana,0.15,0.15,0.1,0.15,0.1
8099,8099,Spartimento,04,Campania,0.15,0.15,0.1,0.15,0.1
8100,8100,Specchia,13,Puglia,0.15,0.15,0.1,0.15,0.1
8101,8101,Spello,18,Umbria,0.15,0.15,0.1,0.15,0.1
8102,8102,Spera,17,Trentino-alto Adige,0.15,0.15,0.1,0.15,0.1
8103,8103,Sperlinga,,Autonoma Siciliana,0.15,0.15,0.1,0.15,0.1
8104,8104,Sperlonga,07,Lazio,0.15,0.15,0.1,0.15,0.1
8105,8105,Sperone,04,Campania,0.15,0.15,0.1,0.15,0.1
8106,8106,Spessa,09,Lombardia,0.15,0.15,0.1,0.15,0.1
8107,8107,Spezzano Albanese,03,Calabria,0.15,0.15,0.1,0.15,0.1
8108,8108,Spezzano Piccolo,03,Calabria,0.15,0.15,0.1,0.15,0.1
8109,8109,Spianate,16,Toscana,0.15,0.15,0.1,0.15,0.1
8110,8110,Spiano,04,Campania,0.15,0.15,0.1,0.15,0.1
8111,8111,Spiazzo,17,Trentino-alto Adige,0.15,0.15,0.1,0.15,0.1
8112,8112,Spigno Monferrato,12,Piemonte,0.15,0.15,0.1,0.15,0.1
8113,8113,Spigno Saturnia Inferiore,07,Lazio,0.15,0.15,0.1,0.15,0.1
8114,8114,Spilamberto,,Emilia-romagna",0.15,0.15,0.1,0.15,0.1
8115,8115,Spilimbergo,06,Friuli-venezia Giulia,0.15,0.15,0.1,0.15,0.1
8116,8116,Spilinga,03,Calabria,0.15,0.15,0.1,0.15,0.1
8117,8117,Spina,03,Calabria,0.15,0.15,0.1,0.15,0.1
8118,8118,Spina,18,Umbria,0.15,0.15,0.1,0.15,0.1
8119,8119,Spinadesco,09,Lombardia,0.15,0.15,0.1,0.15,0.1
8120,8120,Spinazzola,13,Puglia,0.15,0.15,0.1,0.15,0.1
8121,8121,Spineda,20,Veneto,0.15,0.15,0.1,0.15,0.1
8122,8122,Spineda,09,Lombardia,0.15,0.15,0.1,0.15,0.1
8123,8123,Spinete,11,Molise,0.15,0.15,0.1,0.15,0.1
8124,8124,Spineto Scrivia,12,Piemonte,0.15,0.15,0.1,0.15,0.1
8125,8125,Spinetoli,10,Marche,0.15,0.15,0.1,0.15,0.1
8126,8126,Spinetta Marengo,12,Piemonte,0.15,0.15,0.1,0.15,0.1
8127,8127,Spinimbecco,20,Veneto,0.15,0.15,0.1,0.15,0.1
8128,8128,Spinoso,02,Basilicata,0.15,0.15,0.1,0.15,0.1
8129,8129,Spirano,09,Lombardia,0.15,0.15,0.1,0.15,0.1
8130,8130,Spoleto,18,Umbria,0.15,0.15,0.1,0.15,0.1
8131,8131,Spoltore,01,Abruzzi,0.15,0.15,0.1,0.15,0.1
8132,8132,Spongano,13,Puglia,0.15,0.15,0.1,0.15,0.1
8133,8133,Spormaggiore,17,Trentino-alto Adige,0.15,0.15,0.1,0.15,0.1
8134,8134,Sporminore,17,Trentino-alto Adige,0.15,0.15,0.1,0.15,0.1
8135,8135,Spotorno,,Liguria",0.15,0.15,0.1,0.15,0.1
8136,8136,Spresiano,20,Veneto,0.15,0.15,0.1,0.15,0.1
8137,8137,Spriana,09,Lombardia,0.15,0.15,0.1,0.15,0.1
8138,8138,Squillace,03,Calabria,0.15,0.15,0.1,0.15,0.1
8139,8139,Squillace Lido,03,Calabria,0.15,0.15,0.1,0.15,0.1
8140,8140,Squinzano,13,Puglia,0.15,0.15,0.1,0.15,0.1
8141,8141,Stabbia,16,Toscana,0.15,0.15,0.1,0.15,0.1
8142,8142,Staffa,12,Piemonte,0.15,0.15,0.1,0.15,0.1
8143,8143,Staffolo,10,Marche,0.15,0.15,0.1,0.15,0.1
8144,8144,Staggia,16,Toscana,0.15,0.15,0.1,0.15,0.1
8145,8145,Stagno Lombardo,09,Lombardia,0.15,0.15,0.1,0.15,0.1
8146,8146,Staiti,03,Calabria,0.15,0.15,0.1,0.15,0.1
8147,8147,Staletti,03,Calabria,0.15,0.15,0.1,0.15,0.1
8148,8148,Stanghe,17,Trentino-alto Adige,0.15,0.15,0.1,0.15,0.1
8149,8149,Stanghella,20,Veneto,0.15,0.15,0.1,0.15,0.1
8150,8150,Staranzano,06,Friuli-venezia Giulia,0.15,0.15,0.1,0.15,0.1
8151,8151,Starza Vecchia,04,Campania,0.15,0.15,0.1,0.15,0.1
8152,8152,Statte,13,Puglia,0.15,0.15,0.1,0.15,0.1
8153,8153,Stazione,16,Toscana,0.15,0.15,0.1,0.15,0.1
8154,8154,Stazione,12,Piemonte,0.15,0.15,0.1,0.15,0.1
8155,8155,Stazione,10,Marche,0.15,0.15,0.1,0.15,0.1
8156,8156,Stazione,17,Trentino-alto Adige,0.15,0.15,0.1,0.15,0.1
8157,8157,Stazione Masotti,16,Toscana,0.15,0.15,0.1,0.15,0.1
8158,8158,Stazione Morrovalle,10,Marche,0.15,0.15,0.1,0.15,0.1
8159,8159,Stazione Valmozzola,,Emilia-romagna",0.15,0.15,0.1,0.15,0.1
8160,8160,Stazzano,12,Piemonte,0.15,0.15,0.1,0.15,0.1
8161,8161,Stazzona,09,Lombardia,0.15,0.15,0.1,0.15,0.1
8162,8162,Stefanaconi,03,Calabria,0.15,0.15,0.1,0.15,0.1
8163,8163,Stella,10,Marche,0.15,0.15,0.1,0.15,0.1
8164,8164,Stella,04,Campania,0.15,0.15,0.1,0.15,0.1
8165,8165,Stella Cilento,04,Campania,0.15,0.15,0.1,0.15,0.1
8166,8166,Stellanello,,Liguria",0.15,0.15,0.1,0.15,0.1
8167,8167,Stelvio,17,Trentino-alto Adige,0.15,0.15,0.1,0.15,0.1
8168,8168,Stenico,17,Trentino-alto Adige,0.15,0.15,0.1,0.15,0.1
8169,8169,Sternatia,13,Puglia,0.15,0.15,0.1,0.15,0.1
8170,8170,Stezzano,09,Lombardia,0.15,0.15,0.1,0.15,0.1
8171,8171,Stia,16,Toscana,0.15,0.15,0.1,0.15,0.1
8172,8172,Stiava,16,Toscana,0.15,0.15,0.1,0.15,0.1
8173,8173,Sticciano Scalo,16,Toscana,0.15,0.15,0.1,0.15,0.1
8174,8174,Stienta,20,Veneto,0.15,0.15,0.1,0.15,0.1
8175,8175,Stigliano,20,Veneto,0.15,0.15,0.1,0.15,0.1
8176,8176,Stigliano,02,Basilicata,0.15,0.15,0.1,0.15,0.1
8177,8177,Stignano,03,Calabria,0.15,0.15,0.1,0.15,0.1
8178,8178,Stilo,03,Calabria,0.15,0.15,0.1,0.15,0.1
8179,8179,Stimigliano,07,Lazio,0.15,0.15,0.1,0.15,0.1
8180,8180,Stintino,,Autonoma Della Sardegna,0.15,0.15,0.1,0.15,0.1
8181,8181,Stio,04,Campania,0.15,0.15,0.1,0.15,0.1
8182,8182,Stornara,13,Puglia,0.15,0.15,0.1,0.15,0.1
8183,8183,Stornarella,13,Puglia,0.15,0.15,0.1,0.15,0.1
8184,8184,Storo,17,Trentino-alto Adige,0.15,0.15,0.1,0.15,0.1
8185,8185,Stra,20,Veneto,0.15,0.15,0.1,0.15,0.1
8186,8186,Strada,10,Marche,0.15,0.15,0.1,0.15,0.1
8187,8187,Strada,16,Toscana,0.15,0.15,0.1,0.15,0.1
8188,8188,Stradella,09,Lombardia,0.15,0.15,0.1,0.15,0.1
8189,8189,Strambinello,12,Piemonte,0.15,0.15,0.1,0.15,0.1
8190,8190,Strambino,12,Piemonte,0.15,0.15,0.1,0.15,0.1
8191,8191,Strangolagalli,07,Lazio,0.15,0.15,0.1,0.15,0.1
8192,8192,Strassoldo,06,Friuli-venezia Giulia,0.15,0.15,0.1,0.15,0.1
8193,8193,Stravignino,09,Lombardia,0.15,0.15,0.1,0.15,0.1
8194,8194,Stregna,06,Friuli-venezia Giulia,0.15,0.15,0.1,0.15,0.1
8195,8195,Strembo,17,Trentino-alto Adige,0.15,0.15,0.1,0.15,0.1
8196,8196,Stresa,12,Piemonte,0.15,0.15,0.1,0.15,0.1
8197,8197,Stretti,20,Veneto,0.15,0.15,0.1,0.15,0.1
8198,8198,Strettoia,16,Toscana,0.15,0.15,0.1,0.15,0.1
8199,8199,Strevi,12,Piemonte,0.15,0.15,0.1,0.15,0.1
8200,8200,Striano,04,Campania,0.15,0.15,0.1,0.15,0.1
8201,8201,Strigno,17,Trentino-alto Adige,0.15,0.15,0.1,0.15,0.1
8202,8202,Stromboli,,Autonoma Siciliana,0.15,0.15,0.1,0.15,0.1
8203,8203,Stroncone,18,Umbria,0.15,0.15,0.1,0.15,0.1
8204,8204,Strongoli,03,Calabria,0.15,0.15,0.1,0.15,0.1
8205,8205,Stroppiana,12,Piemonte,0.15,0.15,0.1,0.15,0.1
8206,8206,Stroppo,12,Piemonte,0.15,0.15,0.1,0.15,0.1
8207,8207,Strozza,09,Lombardia,0.15,0.15,0.1,0.15,0.1
8208,8208,Struda,13,Puglia,0.15,0.15,0.1,0.15,0.1
8209,8209,Sturno,04,Campania,0.15,0.15,0.1,0.15,0.1
8210,8210,Su Planu,,Autonoma Della Sardegna,0.15,0.15,0.1,0.15,0.1
8211,8211,Suardi,09,Lombardia,0.15,0.15,0.1,0.15,0.1
8212,8212,Subbiano,16,Toscana,0.15,0.15,0.1,0.15,0.1
8213,8213,Subiaco,07,Lazio,0.15,0.15,0.1,0.15,0.1
8214,8214,Succivo,04,Campania,0.15,0.15,0.1,0.15,0.1
8215,8215,Sueglio,09,Lombardia,0.15,0.15,0.1,0.15,0.1
8216,8216,Suelli,,Autonoma Della Sardegna,0.15,0.15,0.1,0.15,0.1
8217,8217,Suello,09,Lombardia,0.15,0.15,0.1,0.15,0.1
8218,8218,Suisio,09,Lombardia,0.15,0.15,0.1,0.15,0.1
8219,8219,Sulbiate,09,Lombardia,0.15,0.15,0.1,0.15,0.1
8220,8220,Sulmona,01,Abruzzi,0.15,0.15,0.1,0.15,0.1
8221,8221,Sulzano,09,Lombardia,0.15,0.15,0.1,0.15,0.1
8222,8222,Sumirago,09,Lombardia,0.15,0.15,0.1,0.15,0.1
8223,8223,Summaga,20,Veneto,0.15,0.15,0.1,0.15,0.1
8224,8224,Summonte,04,Campania,0.15,0.15,0.1,0.15,0.1
8225,8225,Suni,,Autonoma Della Sardegna,0.15,0.15,0.1,0.15,0.1
8226,8226,Suno,12,Piemonte,0.15,0.15,0.1,0.15,0.1
8227,8227,Superga,13,Puglia,0.15,0.15,0.1,0.15,0.1
8228,8228,Supersano,13,Puglia,0.15,0.15,0.1,0.15,0.1
8229,8229,Supino,07,Lazio,0.15,0.15,0.1,0.15,0.1
8230,8230,Surano,13,Puglia,0.15,0.15,0.1,0.15,0.1
8231,8231,Surbo,13,Puglia,0.15,0.15,0.1,0.15,0.1
8232,8232,Surdo,03,Calabria,0.15,0.15,0.1,0.15,0.1
8233,8233,Susa,12,Piemonte,0.15,0.15,0.1,0.15,0.1
8234,8234,Susa,17,Trentino-alto Adige,0.15,0.15,0.1,0.15,0.1
8235,8235,Susegana,20,Veneto,0.15,0.15,0.1,0.15,0.1
8236,8236,Susella,09,Lombardia,0.15,0.15,0.1,0.15,0.1
8237,8237,Sustinente,09,Lombardia,0.15,0.15,0.1,0.15,0.1
8238,8238,Sutera,,Autonoma Siciliana,0.15,0.15,0.1,0.15,0.1
8239,8239,Sutri,07,Lazio,0.15,0.15,0.1,0.15,0.1
8240,8240,Sutrio,06,Friuli-venezia Giulia,0.15,0.15,0.1,0.15,0.1
8241,8241,Suvereto,16,Toscana,0.15,0.15,0.1,0.15,0.1
8242,8242,Suzzara,09,Lombardia,0.15,0.15,0.1,0.15,0.1
8243,8243,Tabellano,09,Lombardia,0.15,0.15,0.1,0.15,0.1
8244,8244,Taceno,09,Lombardia,0.15,0.15,0.1,0.15,0.1
8245,8245,Tadasuni,,Autonoma Della Sardegna,0.15,0.15,0.1,0.15,0.1
8246,8246,Taggi,20,Veneto,0.15,0.15,0.1,0.15,0.1
8247,8247,Taggia,,Liguria",0.15,0.15,0.1,0.15,0.1
8248,8248,Tagliacozzo,01,Abruzzi,0.15,0.15,0.1,0.15,0.1
8249,8249,Tagliaferro,12,Piemonte,0.15,0.15,0.1,0.15,0.1
8250,8250,Taglio,20,Veneto,0.15,0.15,0.1,0.15,0.1
8251,8251,Tagliolo Monferrato,12,Piemonte,0.15,0.15,0.1,0.15,0.1
8252,8252,Taibon Agordino,20,Veneto,0.15,0.15,0.1,0.15,0.1
8253,8253,Taino,09,Lombardia,0.15,0.15,0.1,0.15,0.1
8254,8254,Taio,17,Trentino-alto Adige,0.15,0.15,0.1,0.15,0.1
8255,8255,Taipana,06,Friuli-venezia Giulia,0.15,0.15,0.1,0.15,0.1
8256,8256,Talamello,,Emilia-romagna",0.15,0.15,0.1,0.15,0.1
8257,8257,Talamona,09,Lombardia,0.15,0.15,0.1,0.15,0.1
8258,8258,Talana,,Autonoma Della Sardegna,0.15,0.15,0.1,0.15,0.1
8259,8259,Taleggio,09,Lombardia,0.15,0.15,0.1,0.15,0.1
8260,8260,Talla,16,Toscana,0.15,0.15,0.1,0.15,0.1
8261,8261,Talmassons,06,Friuli-venezia Giulia,0.15,0.15,0.1,0.15,0.1
8262,8262,Talocci,07,Lazio,0.15,0.15,0.1,0.15,0.1
8263,8263,Tamai,06,Friuli-venezia Giulia,0.15,0.15,0.1,0.15,0.1
8264,8264,Tambre,20,Veneto,0.15,0.15,0.1,0.15,0.1
8265,8265,Tanaunella,,Autonoma Della Sardegna,0.15,0.15,0.1,0.15,0.1
8266,8266,Tanca Marchese,,Autonoma Della Sardegna,0.15,0.15,0.1,0.15,0.1
8267,8267,Taneto,,Emilia-romagna",0.15,0.15,0.1,0.15,0.1
8268,8268,Taormina,,Autonoma Siciliana,0.15,0.15,0.1,0.15,0.1
8269,8269,Tarano,07,Lazio,0.15,0.15,0.1,0.15,0.1
8270,8270,Taranta Peligna,01,Abruzzi,0.15,0.15,0.1,0.15,0.1
8271,8271,Tarantasca,12,Piemonte,0.15,0.15,0.1,0.15,0.1
8272,8272,Taranto,13,Puglia,0.15,0.15,0.1,0.15,0.1
8273,8273,Tarcento,06,Friuli-venezia Giulia,0.15,0.15,0.1,0.15,0.1
8274,8274,Tardiano,04,Campania,0.15,0.15,0.1,0.15,0.1
8275,8275,Tarmassia,20,Veneto,0.15,0.15,0.1,0.15,0.1
8276,8276,Tarquinia,07,Lazio,0.15,0.15,0.1,0.15,0.1
8277,8277,Tarres,17,Trentino-alto Adige,0.15,0.15,0.1,0.15,0.1
8278,8278,Tarsia,03,Calabria,0.15,0.15,0.1,0.15,0.1
8279,8279,Tartano,09,Lombardia,0.15,0.15,0.1,0.15,0.1
8280,8280,Tarvisio,06,Friuli-venezia Giulia,0.15,0.15,0.1,0.15,0.1
8281,8281,Tarzo,20,Veneto,0.15,0.15,0.1,0.15,0.1
8282,8282,Tassarolo,12,Piemonte,0.15,0.15,0.1,0.15,0.1
8283,8283,Tassullo,17,Trentino-alto Adige,0.15,0.15,0.1,0.15,0.1
8284,8284,Taurano,04,Campania,0.15,0.15,0.1,0.15,0.1
8285,8285,Taurasi,04,Campania,0.15,0.15,0.1,0.15,0.1
8286,8286,Taurianova,03,Calabria,0.15,0.15,0.1,0.15,0.1
8287,8287,Taurisano,13,Puglia,0.15,0.15,0.1,0.15,0.1
8288,8288,Tavagnacco,06,Friuli-venezia Giulia,0.15,0.15,0.1,0.15,0.1
8289,8289,Tavagnasco,12,Piemonte,0.15,0.15,0.1,0.15,0.1
8290,8290,Tavarnuzze,16,Toscana,0.15,0.15,0.1,0.15,0.1
8291,8291,Tavazzano,09,Lombardia,0.15,0.15,0.1,0.15,0.1
8292,8292,Tavenna,11,Molise,0.15,0.15,0.1,0.15,0.1
8293,8293,Taverna,03,Calabria,0.15,0.15,0.1,0.15,0.1
8294,8294,Taverna,,Emilia-romagna",0.15,0.15,0.1,0.15,0.1
8295,8295,Taverna Ravindola,11,Molise,0.15,0.15,0.1,0.15,0.1
8296,8296,Taverne D'Arbia,16,Toscana,0.15,0.15,0.1,0.15,0.1
8297,8297,Tavernelle,20,Veneto,0.15,0.15,0.1,0.15,0.1
8298,8298,Tavernelle,18,Umbria,0.15,0.15,0.1,0.15,0.1
8299,8299,Tavernelle,10,Marche,0.15,0.15,0.1,0.15,0.1
8300,8300,Tavernerio,09,Lombardia,0.15,0.15,0.1,0.15,0.1
8301,8301,Tavernola Bergamasca,09,Lombardia,0.15,0.15,0.1,0.15,0.1
8302,8302,Tavernole,09,Lombardia,0.15,0.15,0.1,0.15,0.1
8303,8303,Taviano,13,Puglia,0.15,0.15,0.1,0.15,0.1
8304,8304,Tavigliano,12,Piemonte,0.15,0.15,0.1,0.15,0.1
8305,8305,Tavo,20,Veneto,0.15,0.15,0.1,0.15,0.1
8306,8306,Tavoleto,10,Marche,0.15,0.15,0.1,0.15,0.1
8307,8307,Tavullia,10,Marche,0.15,0.15,0.1,0.15,0.1
8308,8308,Teana,02,Basilicata,0.15,0.15,0.1,0.15,0.1
8309,8309,Teano,04,Campania,0.15,0.15,0.1,0.15,0.1
8310,8310,Tecchiena,07,Lazio,0.15,0.15,0.1,0.15,0.1
8311,8311,Teglio,09,Lombardia,0.15,0.15,0.1,0.15,0.1
8312,8312,Teglio Veneto,20,Veneto,0.15,0.15,0.1,0.15,0.1
8313,8313,Tegoleto,16,Toscana,0.15,0.15,0.1,0.15,0.1
8314,8314,Telese,04,Campania,0.15,0.15,0.1,0.15,0.1
8315,8315,Telgate,09,Lombardia,0.15,0.15,0.1,0.15,0.1
8316,8316,Tellaro,,Liguria",0.15,0.15,0.1,0.15,0.1
8317,8317,Telti,,Autonoma Della Sardegna,0.15,0.15,0.1,0.15,0.1
8318,8318,Telve,17,Trentino-alto Adige,0.15,0.15,0.1,0.15,0.1
8319,8319,Tempio Pausania,,Autonoma Della Sardegna,0.15,0.15,0.1,0.15,0.1
8320,8320,Temu,09,Lombardia,0.15,0.15,0.1,0.15,0.1
8321,8321,Tencarola,20,Veneto,0.15,0.15,0.1,0.15,0.1
8322,8322,Tenna,17,Trentino-alto Adige,0.15,0.15,0.1,0.15,0.1
8323,8323,Tenno,17,Trentino-alto Adige,0.15,0.15,0.1,0.15,0.1
8324,8324,Teodone,17,Trentino-alto Adige,0.15,0.15,0.1,0.15,0.1
8325,8325,Teor,06,Friuli-venezia Giulia,0.15,0.15,0.1,0.15,0.1
8326,8326,Teora,04,Campania,0.15,0.15,0.1,0.15,0.1
8327,8327,Teramo,01,Abruzzi,0.15,0.15,0.1,0.15,0.1
8328,8328,Terdobbiate,12,Piemonte,0.15,0.15,0.1,0.15,0.1
8329,8329,Terelle,07,Lazio,0.15,0.15,0.1,0.15,0.1
8330,8330,Terento,17,Trentino-alto Adige,0.15,0.15,0.1,0.15,0.1
8331,8331,Terenzo,,Emilia-romagna",0.15,0.15,0.1,0.15,0.1
8332,8332,Tergu,,Autonoma Della Sardegna,0.15,0.15,0.1,0.15,0.1
8333,8333,Terlago,17,Trentino-alto Adige,0.15,0.15,0.1,0.15,0.1
8334,8334,Terlano,17,Trentino-alto Adige,0.15,0.15,0.1,0.15,0.1
8335,8335,Terlizzi,13,Puglia,0.15,0.15,0.1,0.15,0.1
8336,8336,Terme,,Autonoma Siciliana,0.15,0.15,0.1,0.15,0.1
8337,8337,Termeno,17,Trentino-alto Adige,0.15,0.15,0.1,0.15,0.1
8338,8338,Termini,04,Campania,0.15,0.15,0.1,0.15,0.1
8339,8339,Termini Imerese,,Autonoma Siciliana,0.15,0.15,0.1,0.15,0.1
8340,8340,Termoli,11,Molise,0.15,0.15,0.1,0.15,0.1
8341,8341,Ternate,09,Lombardia,0.15,0.15,0.1,0.15,0.1
8342,8342,Ternengo,12,Piemonte,0.15,0.15,0.1,0.15,0.1
8343,8343,Terni,18,Umbria,0.15,0.15,0.1,0.15,0.1
8344,8344,Terontola,16,Toscana,0.15,0.15,0.1,0.15,0.1
8345,8345,Terracina,07,Lazio,0.15,0.15,0.1,0.15,0.1
8346,8346,Terradura,20,Veneto,0.15,0.15,0.1,0.15,0.1
8347,8347,Terraglione,20,Veneto,0.15,0.15,0.1,0.15,0.1
8348,8348,Terragnolo,17,Trentino-alto Adige,0.15,0.15,0.1,0.15,0.1
8349,8349,Terralba,,Autonoma Della Sardegna,0.15,0.15,0.1,0.15,0.1
8350,8350,Terranova Sappo Minulio,03,Calabria,0.15,0.15,0.1,0.15,0.1
8351,8351,Terranuova Bracciolini,16,Toscana,0.15,0.15,0.1,0.15,0.1
8352,8352,Terrarossa,16,Toscana,0.15,0.15,0.1,0.15,0.1
8353,8353,Terrasini,,Autonoma Siciliana,0.15,0.15,0.1,0.15,0.1
8354,8354,Terrassa Padovana,20,Veneto,0.15,0.15,0.1,0.15,0.1
8355,8355,Terravecchia,03,Calabria,0.15,0.15,0.1,0.15,0.1
8356,8356,Terrazzo,20,Veneto,0.15,0.15,0.1,0.15,0.1
8357,8357,Terres,17,Trentino-alto Adige,0.15,0.15,0.1,0.15,0.1
8358,8358,Terreti,03,Calabria,0.15,0.15,0.1,0.15,0.1
8359,8359,Terricciola,16,Toscana,0.15,0.15,0.1,0.15,0.1
8360,8360,Terrossa,20,Veneto,0.15,0.15,0.1,0.15,0.1
8361,8361,Terruggia,12,Piemonte,0.15,0.15,0.1,0.15,0.1
8362,8362,Tertenia,,Autonoma Della Sardegna,0.15,0.15,0.1,0.15,0.1
8363,8363,Terzigno,04,Campania,0.15,0.15,0.1,0.15,0.1
8364,8364,Terzo,12,Piemonte,0.15,0.15,0.1,0.15,0.1
8365,8365,Terzolas,17,Trentino-alto Adige,0.15,0.15,0.1,0.15,0.1
8366,8366,Terzorio,,Liguria",0.15,0.15,0.1,0.15,0.1
8367,8367,Tesero,17,Trentino-alto Adige,0.15,0.15,0.1,0.15,0.1
8368,8368,Tesido,17,Trentino-alto Adige,0.15,0.15,0.1,0.15,0.1
8369,8369,Tesimo,17,Trentino-alto Adige,0.15,0.15,0.1,0.15,0.1
8370,8370,Tessennano,07,Lazio,0.15,0.15,0.1,0.15,0.1
8371,8371,Testaccio,18,Umbria,0.15,0.15,0.1,0.15,0.1
8372,8372,Testana,,Liguria",0.15,0.15,0.1,0.15,0.1
8373,8373,Testico,,Liguria",0.15,0.15,0.1,0.15,0.1
8374,8374,Teti,,Autonoma Della Sardegna,0.15,0.15,0.1,0.15,0.1
8375,8375,Tetti Neirotti,12,Piemonte,0.15,0.15,0.1,0.15,0.1
8376,8376,Teulada,,Autonoma Della Sardegna,0.15,0.15,0.1,0.15,0.1
8377,8377,Teverola,04,Campania,0.15,0.15,0.1,0.15,0.1
8378,8378,Tezze,20,Veneto,0.15,0.15,0.1,0.15,0.1
8379,8379,Tezze,17,Trentino-alto Adige,0.15,0.15,0.1,0.15,0.1
8380,8380,Thiene,20,Veneto,0.15,0.15,0.1,0.15,0.1
8381,8381,Thiesi,,Autonoma Della Sardegna,0.15,0.15,0.1,0.15,0.1
8382,8382,Tiana,,Autonoma Della Sardegna,0.15,0.15,0.1,0.15,0.1
8383,8383,Ticchione,01,Abruzzi,0.15,0.15,0.1,0.15,0.1
8384,8384,Ticengo,09,Lombardia,0.15,0.15,0.1,0.15,0.1
8385,8385,Ticineto,12,Piemonte,0.15,0.15,0.1,0.15,0.1
8386,8386,Tiggiano,13,Puglia,0.15,0.15,0.1,0.15,0.1
8387,8387,Tiglieto,,Liguria",0.15,0.15,0.1,0.15,0.1
8388,8388,Tigliole,12,Piemonte,0.15,0.15,0.1,0.15,0.1
8389,8389,Tinnura,,Autonoma Della Sardegna,0.15,0.15,0.1,0.15,0.1
8390,8390,Tirano,09,Lombardia,0.15,0.15,0.1,0.15,0.1
8391,8391,Tires,17,Trentino-alto Adige,0.15,0.15,0.1,0.15,0.1
8392,8392,Tiriolo,03,Calabria,0.15,0.15,0.1,0.15,0.1
8393,8393,Tirolo,17,Trentino-alto Adige,0.15,0.15,0.1,0.15,0.1
8394,8394,Tissi,,Autonoma Della Sardegna,0.15,0.15,0.1,0.15,0.1
8395,8395,Tito,02,Basilicata,0.15,0.15,0.1,0.15,0.1
8396,8396,Tivoli,07,Lazio,0.15,0.15,0.1,0.15,0.1
8397,8397,Tizzano Val Parma,,Emilia-romagna",0.15,0.15,0.1,0.15,0.1
8398,8398,Toano,,Emilia-romagna",0.15,0.15,0.1,0.15,0.1
8399,8399,Tobbiana,16,Toscana,0.15,0.15,0.1,0.15,0.1
8400,8400,Tocco Caudio,04,Campania,0.15,0.15,0.1,0.15,0.1
8401,8401,Toceno,12,Piemonte,0.15,0.15,0.1,0.15,0.1
8402,8402,Todi,18,Umbria,0.15,0.15,0.1,0.15,0.1
8403,8403,Tofe,07,Lazio,0.15,0.15,0.1,0.15,0.1
8404,8404,Toffia,07,Lazio,0.15,0.15,0.1,0.15,0.1
8405,8405,Toirano,,Liguria",0.15,0.15,0.1,0.15,0.1
8406,8406,Tole,,Emilia-romagna",0.15,0.15,0.1,0.15,0.1
8407,8407,Tolentino,10,Marche,0.15,0.15,0.1,0.15,0.1
8408,8408,Tolfa,07,Lazio,0.15,0.15,0.1,0.15,0.1
8409,8409,Tollegno,12,Piemonte,0.15,0.15,0.1,0.15,0.1
8410,8410,Tollo,01,Abruzzi,0.15,0.15,0.1,0.15,0.1
8411,8411,Tolmezzo,06,Friuli-venezia Giulia,0.15,0.15,0.1,0.15,0.1
8412,8412,Tolve,02,Basilicata,0.15,0.15,0.1,0.15,0.1
8413,8413,Tombazosana,20,Veneto,0.15,0.15,0.1,0.15,0.1
8414,8414,Tombelle,20,Veneto,0.15,0.15,0.1,0.15,0.1
8415,8415,Tombolo,20,Veneto,0.15,0.15,0.1,0.15,0.1
8416,8416,Tonadico,17,Trentino-alto Adige,0.15,0.15,0.1,0.15,0.1
8417,8417,Tonara,,Autonoma Della Sardegna,0.15,0.15,0.1,0.15,0.1
8418,8418,Tonco,12,Piemonte,0.15,0.15,0.1,0.15,0.1
8419,8419,Tonengo,12,Piemonte,0.15,0.15,0.1,0.15,0.1
8420,8420,Tonnarella,,Autonoma Siciliana,0.15,0.15,0.1,0.15,0.1
8421,8421,Tor Lupara,07,Lazio,0.15,0.15,0.1,0.15,0.1
8422,8422,Tora,04,Campania,0.15,0.15,0.1,0.15,0.1
8423,8423,Torano,16,Toscana,0.15,0.15,0.1,0.15,0.1
8424,8424,Torano,07,Lazio,0.15,0.15,0.1,0.15,0.1
8425,8425,Torano Castello,03,Calabria,0.15,0.15,0.1,0.15,0.1
8426,8426,Torano Nuovo,01,Abruzzi,0.15,0.15,0.1,0.15,0.1
8427,8427,Torbiato,09,Lombardia,0.15,0.15,0.1,0.15,0.1
8428,8428,Torbole Casaglia,09,Lombardia,0.15,0.15,0.1,0.15,0.1
8429,8429,Torcegno,17,Trentino-alto Adige,0.15,0.15,0.1,0.15,0.1
8430,8430,Torchiagina,18,Umbria,0.15,0.15,0.1,0.15,0.1
8431,8431,Torchiara,04,Campania,0.15,0.15,0.1,0.15,0.1
8432,8432,Torchiarolo,13,Puglia,0.15,0.15,0.1,0.15,0.1
8433,8433,Torchiati,04,Campania,0.15,0.15,0.1,0.15,0.1
8434,8434,Tordandrea,18,Umbria,0.15,0.15,0.1,0.15,0.1
8435,8435,Torgiano,18,Umbria,0.15,0.15,0.1,0.15,0.1
8436,8436,Torgnon,,Autonoma Valle D'aosta,0.15,0.15,0.1,0.15,0.1
8437,8437,Toritto,13,Puglia,0.15,0.15,0.1,0.15,0.1
8438,8438,Torlino Vimercati,09,Lombardia,0.15,0.15,0.1,0.15,0.1
8439,8439,Tormeno,20,Veneto,0.15,0.15,0.1,0.15,0.1
8440,8440,Tornaco,12,Piemonte,0.15,0.15,0.1,0.15,0.1
8441,8441,Tornareccio,01,Abruzzi,0.15,0.15,0.1,0.15,0.1
8442,8442,Tornata,09,Lombardia,0.15,0.15,0.1,0.15,0.1
8443,8443,Tornavento,09,Lombardia,0.15,0.15,0.1,0.15,0.1
8444,8444,Tornimparte,01,Abruzzi,0.15,0.15,0.1,0.15,0.1
8445,8445,Torno,09,Lombardia,0.15,0.15,0.1,0.15,0.1
8446,8446,Tornolo,,Emilia-romagna",0.15,0.15,0.1,0.15,0.1
8447,8447,Toro,11,Molise,0.15,0.15,0.1,0.15,0.1
8448,8448,Torpe,,Autonoma Della Sardegna,0.15,0.15,0.1,0.15,0.1
8449,8449,Torraca,04,Campania,0.15,0.15,0.1,0.15,0.1
8450,8450,Torralba,,Autonoma Della Sardegna,0.15,0.15,0.1,0.15,0.1
8451,8451,Torrazza Coste,09,Lombardia,0.15,0.15,0.1,0.15,0.1
8452,8452,Torrazza Piemonte,12,Piemonte,0.15,0.15,0.1,0.15,0.1
8453,8453,Torrazzo,12,Piemonte,0.15,0.15,0.1,0.15,0.1
8454,8454,Torre,16,Toscana,0.15,0.15,0.1,0.15,0.1
8455,8455,Torre Annunziata,04,Campania,0.15,0.15,0.1,0.15,0.1
8456,8456,Torre Beretti,09,Lombardia,0.15,0.15,0.1,0.15,0.1
8457,8457,Torre Boldone,09,Lombardia,0.15,0.15,0.1,0.15,0.1
8458,8458,Torre Bormida,12,Piemonte,0.15,0.15,0.1,0.15,0.1
8459,8459,Torre Canavese,12,Piemonte,0.15,0.15,0.1,0.15,0.1
8460,8460,Torre Maina,,Emilia-romagna",0.15,0.15,0.1,0.15,0.1
8461,8461,Torre Melissa,03,Calabria,0.15,0.15,0.1,0.15,0.1
8462,8462,Torre Mondovi,12,Piemonte,0.15,0.15,0.1,0.15,0.1
8463,8463,Torre Orsaia,04,Campania,0.15,0.15,0.1,0.15,0.1
8464,8464,Torre Pallavicina,09,Lombardia,0.15,0.15,0.1,0.15,0.1
8465,8465,Torre Pellice,12,Piemonte,0.15,0.15,0.1,0.15,0.1
8466,8466,Torre San Giorgio,12,Piemonte,0.15,0.15,0.1,0.15,0.1
8467,8467,Torre San Patrizio,10,Marche,0.15,0.15,0.1,0.15,0.1
8468,8468,Torre Santa Susanna,13,Puglia,0.15,0.15,0.1,0.15,0.1
8469,8469,Torreano,06,Friuli-venezia Giulia,0.15,0.15,0.1,0.15,0.1
8470,8470,Torrebelvicino,20,Veneto,0.15,0.15,0.1,0.15,0.1
8471,8471,Torrebruna,01,Abruzzi,0.15,0.15,0.1,0.15,0.1
8472,8472,Torrecuso,04,Campania,0.15,0.15,0.1,0.15,0.1
8473,8473,Torreglia,20,Veneto,0.15,0.15,0.1,0.15,0.1
8474,8474,Torregrotta,,Autonoma Siciliana,0.15,0.15,0.1,0.15,0.1
8475,8475,Torremaggiore,13,Puglia,0.15,0.15,0.1,0.15,0.1
8476,8476,Torrenieri,16,Toscana,0.15,0.15,0.1,0.15,0.1
8477,8477,Torrenova,,Autonoma Siciliana,0.15,0.15,0.1,0.15,0.1
8478,8478,Torreselle,20,Veneto,0.15,0.15,0.1,0.15,0.1
8479,8479,Torresina,12,Piemonte,0.15,0.15,0.1,0.15,0.1
8480,8480,Torretta,03,Calabria,0.15,0.15,0.1,0.15,0.1
8481,8481,Torretta,,Autonoma Siciliana,0.15,0.15,0.1,0.15,0.1
8482,8482,Torrevecchia,01,Abruzzi,0.15,0.15,0.1,0.15,0.1
8483,8483,Torrevecchia Pia,09,Lombardia,0.15,0.15,0.1,0.15,0.1
8484,8484,Torriana,,Emilia-romagna",0.15,0.15,0.1,0.15,0.1
8485,8485,Torriano,09,Lombardia,0.15,0.15,0.1,0.15,0.1
8486,8486,Torrice,07,Lazio,0.15,0.15,0.1,0.15,0.1
8487,8487,Torricella,01,Abruzzi,0.15,0.15,0.1,0.15,0.1
8488,8488,Torricella,13,Puglia,0.15,0.15,0.1,0.15,0.1
8489,8489,Torricella Peligna,01,Abruzzi,0.15,0.15,0.1,0.15,0.1
8490,8490,Torricella Verzate,09,Lombardia,0.15,0.15,0.1,0.15,0.1
8491,8491,Torriglia,,Liguria",0.15,0.15,0.1,0.15,0.1
8492,8492,Torrile,,Emilia-romagna",0.15,0.15,0.1,0.15,0.1
8493,8493,Torrion Quartara,12,Piemonte,0.15,0.15,0.1,0.15,0.1
8494,8494,Torrioni,04,Campania,0.15,0.15,0.1,0.15,0.1
8495,8495,Torrita Tiberina,07,Lazio,0.15,0.15,0.1,0.15,0.1
8496,8496,Torsa,06,Friuli-venezia Giulia,0.15,0.15,0.1,0.15,0.1
8497,8497,Tortoli,,Autonoma Della Sardegna,0.15,0.15,0.1,0.15,0.1
8498,8498,Tortona,12,Piemonte,0.15,0.15,0.1,0.15,0.1
8499,8499,Tortora,03,Calabria,0.15,0.15,0.1,0.15,0.1
8500,8500,Tortora Marina,03,Calabria,0.15,0.15,0.1,0.15,0.1
8501,8501,Tortorella,04,Campania,0.15,0.15,0.1,0.15,0.1
8502,8502,Tortoreto,01,Abruzzi,0.15,0.15,0.1,0.15,0.1
8503,8503,Tortoreto Lido,01,Abruzzi,0.15,0.15,0.1,0.15,0.1
8504,8504,Tortorici,,Autonoma Siciliana,0.15,0.15,0.1,0.15,0.1
8505,8505,Torvaianica,07,Lazio,0.15,0.15,0.1,0.15,0.1
8506,8506,Torviscosa,06,Friuli-venezia Giulia,0.15,0.15,0.1,0.15,0.1
8507,8507,Toscanella,,Emilia-romagna",0.15,0.15,0.1,0.15,0.1
8508,8508,Toscolano Maderno,09,Lombardia,0.15,0.15,0.1,0.15,0.1
8509,8509,Tosi,16,Toscana,0.15,0.15,0.1,0.15,0.1
8510,8510,Tossicia,01,Abruzzi,0.15,0.15,0.1,0.15,0.1
8511,8511,Tovena,20,Veneto,0.15,0.15,0.1,0.15,0.1
8512,8512,Tovo San Giacomo,,Liguria",0.15,0.15,0.1,0.15,0.1
8513,8513,Trabia,,Autonoma Siciliana,0.15,0.15,0.1,0.15,0.1
8514,8514,Tradate,09,Lombardia,0.15,0.15,0.1,0.15,0.1
8515,8515,Tramatza,,Autonoma Della Sardegna,0.15,0.15,0.1,0.15,0.1
8516,8516,Trambileno,17,Trentino-alto Adige,0.15,0.15,0.1,0.15,0.1
8517,8517,Tramonti,04,Campania,0.15,0.15,0.1,0.15,0.1
8518,8518,Tramutola,02,Basilicata,0.15,0.15,0.1,0.15,0.1
8519,8519,Trana,12,Piemonte,0.15,0.15,0.1,0.15,0.1
8520,8520,Trani,13,Puglia,0.15,0.15,0.1,0.15,0.1
8521,8521,Transacqua,17,Trentino-alto Adige,0.15,0.15,0.1,0.15,0.1
8522,8522,Traona,09,Lombardia,0.15,0.15,0.1,0.15,0.1
8523,8523,Trapani,,Autonoma Siciliana,0.15,0.15,0.1,0.15,0.1
8524,8524,Trappeto,,Autonoma Siciliana,0.15,0.15,0.1,0.15,0.1
8525,8525,Trarego,12,Piemonte,0.15,0.15,0.1,0.15,0.1
8526,8526,Trarivi,,Emilia-romagna",0.15,0.15,0.1,0.15,0.1
8527,8527,Trasacco,01,Abruzzi,0.15,0.15,0.1,0.15,0.1
8528,8528,Trasaghis,06,Friuli-venezia Giulia,0.15,0.15,0.1,0.15,0.1
8529,8529,Trasanni,10,Marche,0.15,0.15,0.1,0.15,0.1
8530,8530,Trasquera,12,Piemonte,0.15,0.15,0.1,0.15,0.1
8531,8531,Tratalias,,Autonoma Della Sardegna,0.15,0.15,0.1,0.15,0.1
8532,8532,Trausella,12,Piemonte,0.15,0.15,0.1,0.15,0.1
8533,8533,Travagliato,09,Lombardia,0.15,0.15,0.1,0.15,0.1
8534,8534,Travedona Monate,09,Lombardia,0.15,0.15,0.1,0.15,0.1
8535,8535,Traversella,12,Piemonte,0.15,0.15,0.1,0.15,0.1
8536,8536,Traversetolo,,Emilia-romagna",0.15,0.15,0.1,0.15,0.1
8537,8537,Traves,12,Piemonte,0.15,0.15,0.1,0.15,0.1
8538,8538,Travesio,06,Friuli-venezia Giulia,0.15,0.15,0.1,0.15,0.1
8539,8539,Travo,,Emilia-romagna",0.15,0.15,0.1,0.15,0.1
8540,8540,Tre Croci,01,Abruzzi,0.15,0.15,0.1,0.15,0.1
8541,8541,Tre Fontane,,Autonoma Siciliana,0.15,0.15,0.1,0.15,0.1
8542,8542,Trebaseleghe,20,Veneto,0.15,0.15,0.1,0.15,0.1
8543,8543,Trebbio,09,Lombardia,0.15,0.15,0.1,0.15,0.1
8544,8544,Trebbio,10,Marche,0.15,0.15,0.1,0.15,0.1
8545,8545,Trebbo,,Emilia-romagna",0.15,0.15,0.1,0.15,0.1
8546,8546,Trebisacce,03,Calabria,0.15,0.15,0.1,0.15,0.1
8547,8547,Trecasali,,Emilia-romagna",0.15,0.15,0.1,0.15,0.1
8548,8548,Trecase,04,Campania,0.15,0.15,0.1,0.15,0.1
8549,8549,Trecastagni,,Autonoma Siciliana,0.15,0.15,0.1,0.15,0.1
8550,8550,Trecate,12,Piemonte,0.15,0.15,0.1,0.15,0.1
8551,8551,Trecchina,02,Basilicata,0.15,0.15,0.1,0.15,0.1
8552,8552,Trecella,09,Lombardia,0.15,0.15,0.1,0.15,0.1
8553,8553,Trecenta,20,Veneto,0.15,0.15,0.1,0.15,0.1
8554,8554,Tredozio,,Emilia-romagna",0.15,0.15,0.1,0.15,0.1
8555,8555,Tregasio,09,Lombardia,0.15,0.15,0.1,0.15,0.1
8556,8556,Treggiaia,16,Toscana,0.15,0.15,0.1,0.15,0.1
8557,8557,Treglio,01,Abruzzi,0.15,0.15,0.1,0.15,0.1
8558,8558,Tregnago,20,Veneto,0.15,0.15,0.1,0.15,0.1
8559,8559,Treia,10,Marche,0.15,0.15,0.1,0.15,0.1
8560,8560,Treiso,12,Piemonte,0.15,0.15,0.1,0.15,0.1
8561,8561,Tremenico,09,Lombardia,0.15,0.15,0.1,0.15,0.1
8562,8562,Tremestieri Etneo,,Autonoma Siciliana,0.15,0.15,0.1,0.15,0.1
8563,8563,Tremezzo,09,Lombardia,0.15,0.15,0.1,0.15,0.1
8564,8564,Tremignon,20,Veneto,0.15,0.15,0.1,0.15,0.1
8565,8565,Trenta,03,Calabria,0.15,0.15,0.1,0.15,0.1
8566,8566,Trentinara,04,Campania,0.15,0.15,0.1,0.15,0.1
8567,8567,Trento,17,Trentino-alto Adige,0.15,0.15,0.1,0.15,0.1
8568,8568,Trenzano,09,Lombardia,0.15,0.15,0.1,0.15,0.1
8569,8569,Treponti,20,Veneto,0.15,0.15,0.1,0.15,0.1
8570,8570,Treppo Carnico,06,Friuli-venezia Giulia,0.15,0.15,0.1,0.15,0.1
8571,8571,Treppo Grande,06,Friuli-venezia Giulia,0.15,0.15,0.1,0.15,0.1
8572,8572,Trepuzzi,13,Puglia,0.15,0.15,0.1,0.15,0.1
8573,8573,Trequanda,16,Toscana,0.15,0.15,0.1,0.15,0.1
8574,8574,Tres,17,Trentino-alto Adige,0.15,0.15,0.1,0.15,0.1
8575,8575,Tresana,16,Toscana,0.15,0.15,0.1,0.15,0.1
8576,8576,Trescine,04,Campania,0.15,0.15,0.1,0.15,0.1
8577,8577,Trescore Balneario,09,Lombardia,0.15,0.15,0.1,0.15,0.1
8578,8578,Trescore Cremasco,09,Lombardia,0.15,0.15,0.1,0.15,0.1
8579,8579,Tresenda,09,Lombardia,0.15,0.15,0.1,0.15,0.1
8580,8580,Tresivio,09,Lombardia,0.15,0.15,0.1,0.15,0.1
8581,8581,Tresnuraghes,,Autonoma Della Sardegna,0.15,0.15,0.1,0.15,0.1
8582,8582,Trestina,18,Umbria,0.15,0.15,0.1,0.15,0.1
8583,8583,Trevenzuolo,20,Veneto,0.15,0.15,0.1,0.15,0.1
8584,8584,Trevi,18,Umbria,0.15,0.15,0.1,0.15,0.1
8585,8585,Trevico,04,Campania,0.15,0.15,0.1,0.15,0.1
8586,8586,Treviglio,09,Lombardia,0.15,0.15,0.1,0.15,0.1
8587,8587,Trevignano,20,Veneto,0.15,0.15,0.1,0.15,0.1
8588,8588,Trevignano Romano,07,Lazio,0.15,0.15,0.1,0.15,0.1
8589,8589,Treville,12,Piemonte,0.15,0.15,0.1,0.15,0.1
8590,8590,Treviolo,09,Lombardia,0.15,0.15,0.1,0.15,0.1
8591,8591,Treviso,20,Veneto,0.15,0.15,0.1,0.15,0.1
8592,8592,Trevozzo,,Emilia-romagna",0.15,0.15,0.1,0.15,0.1
8593,8593,Trezzano Rosa,09,Lombardia,0.15,0.15,0.1,0.15,0.1
8594,8594,Trezzo Tinella,12,Piemonte,0.15,0.15,0.1,0.15,0.1
8595,8595,Trezzone,09,Lombardia,0.15,0.15,0.1,0.15,0.1
8596,8596,Tribano,20,Veneto,0.15,0.15,0.1,0.15,0.1
8597,8597,Tribiano,09,Lombardia,0.15,0.15,0.1,0.15,0.1
8598,8598,Tribogna,,Liguria",0.15,0.15,0.1,0.15,0.1
8599,8599,Tricarico,02,Basilicata,0.15,0.15,0.1,0.15,0.1
8600,8600,Tricase,13,Puglia,0.15,0.15,0.1,0.15,0.1
8601,8601,Tricerro,12,Piemonte,0.15,0.15,0.1,0.15,0.1
8602,8602,Tricesimo,06,Friuli-venezia Giulia,0.15,0.15,0.1,0.15,0.1
8603,8603,Trichiana,20,Veneto,0.15,0.15,0.1,0.15,0.1
8604,8604,Triei,,Autonoma Della Sardegna,0.15,0.15,0.1,0.15,0.1
8605,8605,Trieste,06,Friuli-venezia Giulia,0.15,0.15,0.1,0.15,0.1
8606,8606,Triggianello,13,Puglia,0.15,0.15,0.1,0.15,0.1
8607,8607,Triggiano,13,Puglia,0.15,0.15,0.1,0.15,0.1
8608,8608,Triginto,09,Lombardia,0.15,0.15,0.1,0.15,0.1
8609,8609,Trigolo,09,Lombardia,0.15,0.15,0.1,0.15,0.1
8610,8610,Trinita,12,Piemonte,0.15,0.15,0.1,0.15,0.1
8611,8611,Trinitapoli,13,Puglia,0.15,0.15,0.1,0.15,0.1
8612,8612,Trino,12,Piemonte,0.15,0.15,0.1,0.15,0.1
8613,8613,Triora,,Liguria",0.15,0.15,0.1,0.15,0.1
8614,8614,Tripi,,Autonoma Siciliana,0.15,0.15,0.1,0.15,0.1
8615,8615,Triscina,,Autonoma Siciliana,0.15,0.15,0.1,0.15,0.1
8616,8616,Trisobbio,12,Piemonte,0.15,0.15,0.1,0.15,0.1
8617,8617,Trissino,20,Veneto,0.15,0.15,0.1,0.15,0.1
8618,8618,Tritanti,03,Calabria,0.15,0.15,0.1,0.15,0.1
8619,8619,Triuggio,09,Lombardia,0.15,0.15,0.1,0.15,0.1
8620,8620,Trivento,11,Molise,0.15,0.15,0.1,0.15,0.1
8621,8621,Trivigliano,07,Lazio,0.15,0.15,0.1,0.15,0.1
8622,8622,Trivignano,20,Veneto,0.15,0.15,0.1,0.15,0.1
8623,8623,Trivignano Udinese,06,Friuli-venezia Giulia,0.15,0.15,0.1,0.15,0.1
8624,8624,Trivigno,02,Basilicata,0.15,0.15,0.1,0.15,0.1
8625,8625,Trivolzio,09,Lombardia,0.15,0.15,0.1,0.15,0.1
8626,8626,Trodena,17,Trentino-alto Adige,0.15,0.15,0.1,0.15,0.1
8627,8627,Trodica,10,Marche,0.15,0.15,0.1,0.15,0.1
8628,8628,Trofarello,12,Piemonte,0.15,0.15,0.1,0.15,0.1
8629,8629,Troghi,16,Toscana,0.15,0.15,0.1,0.15,0.1
8630,8630,Troia,13,Puglia,0.15,0.15,0.1,0.15,0.1
8631,8631,Tromello,09,Lombardia,0.15,0.15,0.1,0.15,0.1
8632,8632,Trontano,12,Piemonte,0.15,0.15,0.1,0.15,0.1
8633,8633,Tronzano Lago Maggiore,09,Lombardia,0.15,0.15,0.1,0.15,0.1
8634,8634,Tronzano Vercellese,12,Piemonte,0.15,0.15,0.1,0.15,0.1
8635,8635,Tropea,03,Calabria,0.15,0.15,0.1,0.15,0.1
8636,8636,Troviggiano,10,Marche,0.15,0.15,0.1,0.15,0.1
8637,8637,Trovo,09,Lombardia,0.15,0.15,0.1,0.15,0.1
8638,8638,Truccazzano,09,Lombardia,0.15,0.15,0.1,0.15,0.1
8639,8639,Tubre,17,Trentino-alto Adige,0.15,0.15,0.1,0.15,0.1
8640,8640,Tuenno,17,Trentino-alto Adige,0.15,0.15,0.1,0.15,0.1
8641,8641,Tufara,11,Molise,0.15,0.15,0.1,0.15,0.1
8642,8642,Tufillo,01,Abruzzi,0.15,0.15,0.1,0.15,0.1
8643,8643,Tufino,04,Campania,0.15,0.15,0.1,0.15,0.1
8644,8644,Tufo,04,Campania,0.15,0.15,0.1,0.15,0.1
8645,8645,Tufo,07,Lazio,0.15,0.15,0.1,0.15,0.1
8646,8646,Tuglie,13,Puglia,0.15,0.15,0.1,0.15,0.1
8647,8647,Tuili,,Autonoma Della Sardegna,0.15,0.15,0.1,0.15,0.1
8648,8648,Tula,,Autonoma Della Sardegna,0.15,0.15,0.1,0.15,0.1
8649,8649,Turago Bordone,09,Lombardia,0.15,0.15,0.1,0.15,0.1
8650,8650,Turania,07,Lazio,0.15,0.15,0.1,0.15,0.1
8651,8651,Turano Lodigiano,09,Lombardia,0.15,0.15,0.1,0.15,0.1
8652,8652,Turate,09,Lombardia,0.15,0.15,0.1,0.15,0.1
8653,8653,Turbigo,09,Lombardia,0.15,0.15,0.1,0.15,0.1
8654,8654,Turi,13,Puglia,0.15,0.15,0.1,0.15,0.1
8655,8655,Turri,,Autonoma Della Sardegna,0.15,0.15,0.1,0.15,0.1
8656,8656,Turriaco,06,Friuli-venezia Giulia,0.15,0.15,0.1,0.15,0.1
8657,8657,Turrivalignani,01,Abruzzi,0.15,0.15,0.1,0.15,0.1
8658,8658,Tursi,02,Basilicata,0.15,0.15,0.1,0.15,0.1
8659,8659,Tusa,,Autonoma Siciliana,0.15,0.15,0.1,0.15,0.1
8660,8660,Tuscania,07,Lazio,0.15,0.15,0.1,0.15,0.1
8661,8661,Tuturano,13,Puglia,0.15,0.15,0.1,0.15,0.1
8662,8662,Ubiale,09,Lombardia,0.15,0.15,0.1,0.15,0.1
8663,8663,Ubiale Clanezzo,09,Lombardia,0.15,0.15,0.1,0.15,0.1
8664,8664,Uboldo,09,Lombardia,0.15,0.15,0.1,0.15,0.1
8665,8665,Ucria,,Autonoma Siciliana,0.15,0.15,0.1,0.15,0.1
8666,8666,Udine,06,Friuli-venezia Giulia,0.15,0.15,0.1,0.15,0.1
8667,8667,Ugento,13,Puglia,0.15,0.15,0.1,0.15,0.1
8668,8668,Uggiano Montefusco,13,Puglia,0.15,0.15,0.1,0.15,0.1
8669,8669,Uggiate Trevano,09,Lombardia,0.15,0.15,0.1,0.15,0.1
8670,8670,Ulassai,,Autonoma Della Sardegna,0.15,0.15,0.1,0.15,0.1
8671,8671,Ulignano,16,Toscana,0.15,0.15,0.1,0.15,0.1
8672,8672,Uliveto Terme,16,Toscana,0.15,0.15,0.1,0.15,0.1
8673,8673,Umbertide,18,Umbria,0.15,0.15,0.1,0.15,0.1
8674,8674,Umbriatico,03,Calabria,0.15,0.15,0.1,0.15,0.1
8675,8675,Uras,,Autonoma Della Sardegna,0.15,0.15,0.1,0.15,0.1
8676,8676,Urbana,20,Veneto,0.15,0.15,0.1,0.15,0.1
8677,8677,Urbania,10,Marche,0.15,0.15,0.1,0.15,0.1
8678,8678,Urbe,,Liguria",0.15,0.15,0.1,0.15,0.1
8679,8679,Urbino,10,Marche,0.15,0.15,0.1,0.15,0.1
8680,8680,Urbisaglia,10,Marche,0.15,0.15,0.1,0.15,0.1
8681,8681,Urgnano,09,Lombardia,0.15,0.15,0.1,0.15,0.1
8682,8682,Uri,,Autonoma Della Sardegna,0.15,0.15,0.1,0.15,0.1
8683,8683,Uria,03,Calabria,0.15,0.15,0.1,0.15,0.1
8684,8684,Ururi,11,Molise,0.15,0.15,0.1,0.15,0.1
8685,8685,Urzulei,,Autonoma Della Sardegna,0.15,0.15,0.1,0.15,0.1
8686,8686,Usago,06,Friuli-venezia Giulia,0.15,0.15,0.1,0.15,0.1
8687,8687,Uscio,,Liguria",0.15,0.15,0.1,0.15,0.1
8688,8688,Usellus,,Autonoma Della Sardegna,0.15,0.15,0.1,0.15,0.1
8689,8689,Usini,,Autonoma Della Sardegna,0.15,0.15,0.1,0.15,0.1
8690,8690,Ussana,,Autonoma Della Sardegna,0.15,0.15,0.1,0.15,0.1
8691,8691,Ussaramanna,,Autonoma Della Sardegna,0.15,0.15,0.1,0.15,0.1
8692,8692,Ussassai,,Autonoma Della Sardegna,0.15,0.15,0.1,0.15,0.1
8693,8693,Usseaux,12,Piemonte,0.15,0.15,0.1,0.15,0.1
8694,8694,Usseglio,12,Piemonte,0.15,0.15,0.1,0.15,0.1
8695,8695,Ustica,,Autonoma Siciliana,0.15,0.15,0.1,0.15,0.1
8696,8696,Uta,,Autonoma Della Sardegna,0.15,0.15,0.1,0.15,0.1
8697,8697,Uttenheim,17,Trentino-alto Adige,0.15,0.15,0.1,0.15,0.1
8698,8698,Uzzano,16,Toscana,0.15,0.15,0.1,0.15,0.1
8699,8699,Vaccarino,20,Veneto,0.15,0.15,0.1,0.15,0.1
8700,8700,Vaccarizzo Albanese,03,Calabria,0.15,0.15,0.1,0.15,0.1
8701,8701,Vacchereccia,16,Toscana,0.15,0.15,0.1,0.15,0.1
8702,8702,Vaccheria,12,Piemonte,0.15,0.15,0.1,0.15,0.1
8703,8703,Vacil,20,Veneto,0.15,0.15,0.1,0.15,0.1
8704,8704,Vacone,07,Lazio,0.15,0.15,0.1,0.15,0.1
8705,8705,Vacri,01,Abruzzi,0.15,0.15,0.1,0.15,0.1
8706,8706,Vada,16,Toscana,0.15,0.15,0.1,0.15,0.1
8707,8707,Vadena,17,Trentino-alto Adige,0.15,0.15,0.1,0.15,0.1
8708,8708,Vado,,Emilia-romagna",0.15,0.15,0.1,0.15,0.1
8709,8709,Vado Ligure,,Liguria",0.15,0.15,0.1,0.15,0.1
8710,8710,Vadue,03,Calabria,0.15,0.15,0.1,0.15,0.1
8711,8711,Vagli,10,Marche,0.15,0.15,0.1,0.15,0.1
8712,8712,Vaglia,16,Toscana,0.15,0.15,0.1,0.15,0.1
8713,8713,Vaglio Basilicata,02,Basilicata,0.15,0.15,0.1,0.15,0.1
8714,8714,Vaglio Serra,12,Piemonte,0.15,0.15,0.1,0.15,0.1
8715,8715,Vago,20,Veneto,0.15,0.15,0.1,0.15,0.1
8716,8716,Vaiano,16,Toscana,0.15,0.15,0.1,0.15,0.1
8717,8717,Vaiano Cremasco,09,Lombardia,0.15,0.15,0.1,0.15,0.1
8718,8718,Vaie,12,Piemonte,0.15,0.15,0.1,0.15,0.1
8719,8719,Vailate,09,Lombardia,0.15,0.15,0.1,0.15,0.1
8720,8720,Vajont,06,Friuli-venezia Giulia,0.15,0.15,0.1,0.15,0.1
8721,8721,Val Masino,09,Lombardia,0.15,0.15,0.1,0.15,0.1
8722,8722,Val Rezzo,09,Lombardia,0.15,0.15,0.1,0.15,0.1
8723,8723,Val Vomano,01,Abruzzi,0.15,0.15,0.1,0.15,0.1
8724,8724,Valbrona,09,Lombardia,0.15,0.15,0.1,0.15,0.1
8725,8725,Valda,17,Trentino-alto Adige,0.15,0.15,0.1,0.15,0.1
8726,8726,Valdagno,20,Veneto,0.15,0.15,0.1,0.15,0.1
8727,8727,Valdengo,12,Piemonte,0.15,0.15,0.1,0.15,0.1
8728,8728,Valderice,,Autonoma Siciliana,0.15,0.15,0.1,0.15,0.1
8729,8729,Valdieri,12,Piemonte,0.15,0.15,0.1,0.15,0.1
8730,8730,Valdina,,Autonoma Siciliana,0.15,0.15,0.1,0.15,0.1
8731,8731,Valdisotto,09,Lombardia,0.15,0.15,0.1,0.15,0.1
8732,8732,Valdobbiadene,20,Veneto,0.15,0.15,0.1,0.15,0.1
8733,8733,Valdottavo,16,Toscana,0.15,0.15,0.1,0.15,0.1
8734,8734,Valduggia,12,Piemonte,0.15,0.15,0.1,0.15,0.1
8735,8735,Valeggio,09,Lombardia,0.15,0.15,0.1,0.15,0.1
8736,8736,Valentano,07,Lazio,0.15,0.15,0.1,0.15,0.1
8737,8737,Valentino,12,Piemonte,0.15,0.15,0.1,0.15,0.1
8738,8738,Valenza,12,Piemonte,0.15,0.15,0.1,0.15,0.1
8739,8739,Valenzano,13,Puglia,0.15,0.15,0.1,0.15,0.1
8740,8740,Valera Fratta,09,Lombardia,0.15,0.15,0.1,0.15,0.1
8741,8741,Valeriano,06,Friuli-venezia Giulia,0.15,0.15,0.1,0.15,0.1
8742,8742,Valfabbrica,18,Umbria,0.15,0.15,0.1,0.15,0.1
8743,8743,Valfenera,12,Piemonte,0.15,0.15,0.1,0.15,0.1
8744,8744,Valfloriana,17,Trentino-alto Adige,0.15,0.15,0.1,0.15,0.1
8745,8745,Valganna,09,Lombardia,0.15,0.15,0.1,0.15,0.1
8746,8746,Valgatara,20,Veneto,0.15,0.15,0.1,0.15,0.1
8747,8747,Valgioie,12,Piemonte,0.15,0.15,0.1,0.15,0.1
8748,8748,Valgoglio,09,Lombardia,0.15,0.15,0.1,0.15,0.1
8749,8749,Valgrana,12,Piemonte,0.15,0.15,0.1,0.15,0.1
8750,8750,Valgreghentino,09,Lombardia,0.15,0.15,0.1,0.15,0.1
8751,8751,Valgrisenche,,Autonoma Valle D'aosta,0.15,0.15,0.1,0.15,0.1
8752,8752,Valguarnera Caropepe,,Autonoma Siciliana,0.15,0.15,0.1,0.15,0.1
8753,8753,Vall'Alta,09,Lombardia,0.15,0.15,0.1,0.15,0.1
8754,8754,Valla,20,Veneto,0.15,0.15,0.1,0.15,0.1
8755,8755,Vallada Agordina,20,Veneto,0.15,0.15,0.1,0.15,0.1
8756,8756,Vallalta,,Emilia-romagna",0.15,0.15,0.1,0.15,0.1
8757,8757,Vallanzengo,12,Piemonte,0.15,0.15,0.1,0.15,0.1
8758,8758,Vallarga,17,Trentino-alto Adige,0.15,0.15,0.1,0.15,0.1
8759,8759,Vallarsa,17,Trentino-alto Adige,0.15,0.15,0.1,0.15,0.1
8760,8760,Vallata,04,Campania,0.15,0.15,0.1,0.15,0.1
8761,8761,Valle,20,Veneto,0.15,0.15,0.1,0.15,0.1
8762,8762,Valle,09,Lombardia,0.15,0.15,0.1,0.15,0.1
8763,8763,Valle Agricola,04,Campania,0.15,0.15,0.1,0.15,0.1
8764,8764,Valle Bernardo,07,Lazio,0.15,0.15,0.1,0.15,0.1
8765,8765,Valle Castellana,01,Abruzzi,0.15,0.15,0.1,0.15,0.1
8766,8766,Valle Cerrina,12,Piemonte,0.15,0.15,0.1,0.15,0.1
8767,8767,Valle Lomellina,09,Lombardia,0.15,0.15,0.1,0.15,0.1
8768,8768,Valle Martella,07,Lazio,0.15,0.15,0.1,0.15,0.1
8769,8769,Valle Mosso,12,Piemonte,0.15,0.15,0.1,0.15,0.1
8770,8770,Valle Salimbene,09,Lombardia,0.15,0.15,0.1,0.15,0.1
8771,8771,Valle San Bartolomeo,12,Piemonte,0.15,0.15,0.1,0.15,0.1
8772,8772,Valle San Giovanni,01,Abruzzi,0.15,0.15,0.1,0.15,0.1
8773,8773,Valle San Nicolao,12,Piemonte,0.15,0.15,0.1,0.15,0.1
8774,8774,Vallebona,,Liguria",0.15,0.15,0.1,0.15,0.1
8775,8775,Vallecorsa,07,Lazio,0.15,0.15,0.1,0.15,0.1
8776,8776,Vallecrosia,,Liguria",0.15,0.15,0.1,0.15,0.1
8777,8777,Valledolmo,,Autonoma Siciliana,0.15,0.15,0.1,0.15,0.1
8778,8778,Valledoria,,Autonoma Della Sardegna,0.15,0.15,0.1,0.15,0.1
8779,8779,Vallefiorita,03,Calabria,0.15,0.15,0.1,0.15,0.1
8780,8780,Valleggia,,Liguria",0.15,0.15,0.1,0.15,0.1
8781,8781,Vallelonga,03,Calabria,0.15,0.15,0.1,0.15,0.1
8782,8782,Vallelunga Pratameno,,Autonoma Siciliana,0.15,0.15,0.1,0.15,0.1
8783,8783,Vallemaio,07,Lazio,0.15,0.15,0.1,0.15,0.1
8784,8784,Vallemare,01,Abruzzi,0.15,0.15,0.1,0.15,0.1
8785,8785,Vallepietra,07,Lazio,0.15,0.15,0.1,0.15,0.1
8786,8786,Vallerano,07,Lazio,0.15,0.15,0.1,0.15,0.1
8787,8787,Vallermosa,,Autonoma Della Sardegna,0.15,0.15,0.1,0.15,0.1
8788,8788,Vallerotonda,07,Lazio,0.15,0.15,0.1,0.15,0.1
8789,8789,Vallesaccarda,04,Campania,0.15,0.15,0.1,0.15,0.1
8790,8790,Vallese,20,Veneto,0.15,0.15,0.1,0.15,0.1
8791,8791,Valleve,09,Lombardia,0.15,0.15,0.1,0.15,0.1
8792,8792,Valli,20,Veneto,0.15,0.15,0.1,0.15,0.1
8793,8793,Valliera,20,Veneto,0.15,0.15,0.1,0.15,0.1
8794,8794,Vallinfreda,07,Lazio,0.15,0.15,0.1,0.15,0.1
8795,8795,Vallio Terme,09,Lombardia,0.15,0.15,0.1,0.15,0.1
8796,8796,Vallo,12,Piemonte,0.15,0.15,0.1,0.15,0.1
8797,8797,Vallo Torinese,12,Piemonte,0.15,0.15,0.1,0.15,0.1
8798,8798,Vallone,10,Marche,0.15,0.15,0.1,0.15,0.1
8799,8799,Vallonga,20,Veneto,0.15,0.15,0.1,0.15,0.1
8800,8800,Valloriate,12,Piemonte,0.15,0.15,0.1,0.15,0.1
8801,8801,Valmacca,12,Piemonte,0.15,0.15,0.1,0.15,0.1
8802,8802,Valmadonna,12,Piemonte,0.15,0.15,0.1,0.15,0.1
8803,8803,Valmala,12,Piemonte,0.15,0.15,0.1,0.15,0.1
8804,8804,Valmareno,20,Veneto,0.15,0.15,0.1,0.15,0.1
8805,8805,Valmontone,07,Lazio,0.15,0.15,0.1,0.15,0.1
8806,8806,Valmorea,09,Lombardia,0.15,0.15,0.1,0.15,0.1
8807,8807,Valnegra,09,Lombardia,0.15,0.15,0.1,0.15,0.1
8808,8808,Valpelline,,Autonoma Valle D'aosta,0.15,0.15,0.1,0.15,0.1
8809,8809,Valperga,12,Piemonte,0.15,0.15,0.1,0.15,0.1
8810,8810,Valprato Soana,12,Piemonte,0.15,0.15,0.1,0.15,0.1
8811,8811,Valrovina,20,Veneto,0.15,0.15,0.1,0.15,0.1
8812,8812,Valsanzibio,20,Veneto,0.15,0.15,0.1,0.15,0.1
8813,8813,Valsavarenche,,Autonoma Valle D'aosta,0.15,0.15,0.1,0.15,0.1
8814,8814,Valsinni,02,Basilicata,0.15,0.15,0.1,0.15,0.1
8815,8815,Valstagna,20,Veneto,0.15,0.15,0.1,0.15,0.1
8816,8816,Valstrona,12,Piemonte,0.15,0.15,0.1,0.15,0.1
8817,8817,Valtopina,18,Umbria,0.15,0.15,0.1,0.15,0.1
8818,8818,Valtorta,09,Lombardia,0.15,0.15,0.1,0.15,0.1
8819,8819,Valtournenche,,Autonoma Valle D'aosta,0.15,0.15,0.1,0.15,0.1
8820,8820,Valva,04,Campania,0.15,0.15,0.1,0.15,0.1
8821,8821,Valvasone,06,Friuli-venezia Giulia,0.15,0.15,0.1,0.15,0.1
8822,8822,Valverde,,Autonoma Siciliana,0.15,0.15,0.1,0.15,0.1
8823,8823,Valvestino,09,Lombardia,0.15,0.15,0.1,0.15,0.1
8824,8824,Valvori,07,Lazio,0.15,0.15,0.1,0.15,0.1
8825,8825,Vanzaghello,09,Lombardia,0.15,0.15,0.1,0.15,0.1
8826,8826,Vanzago,09,Lombardia,0.15,0.15,0.1,0.15,0.1
8827,8827,Vanzone,12,Piemonte,0.15,0.15,0.1,0.15,0.1
8828,8828,Vaprio D'Agogna,12,Piemonte,0.15,0.15,0.1,0.15,0.1
8829,8829,Varago,20,Veneto,0.15,0.15,0.1,0.15,0.1
8830,8830,Varallo,12,Piemonte,0.15,0.15,0.1,0.15,0.1
8831,8831,Varallo Pombia,12,Piemonte,0.15,0.15,0.1,0.15,0.1
8832,8832,Varano,10,Marche,0.15,0.15,0.1,0.15,0.1
8833,8833,Varano Borghi,09,Lombardia,0.15,0.15,0.1,0.15,0.1
8834,8834,Varano De' Melegari,,Emilia-romagna",0.15,0.15,0.1,0.15,0.1
8835,8835,Varapodio,03,Calabria,0.15,0.15,0.1,0.15,0.1
8836,8836,Varazze,,Liguria",0.15,0.15,0.1,0.15,0.1
8837,8837,Varco Sabino,07,Lazio,0.15,0.15,0.1,0.15,0.1
8838,8838,Varedo,09,Lombardia,0.15,0.15,0.1,0.15,0.1
8839,8839,Varena,17,Trentino-alto Adige,0.15,0.15,0.1,0.15,0.1
8840,8840,Varenna,09,Lombardia,0.15,0.15,0.1,0.15,0.1
8841,8841,Varese,09,Lombardia,0.15,0.15,0.1,0.15,0.1
8842,8842,Varese Ligure,,Liguria",0.15,0.15,0.1,0.15,0.1
8843,8843,Variano,06,Friuli-venezia Giulia,0.15,0.15,0.1,0.15,0.1
8844,8844,Varigotti,,Liguria",0.15,0.15,0.1,0.15,0.1
8845,8845,Varisella,12,Piemonte,0.15,0.15,0.1,0.15,0.1
8846,8846,Varmo,06,Friuli-venezia Giulia,0.15,0.15,0.1,0.15,0.1
8847,8847,Varna,17,Trentino-alto Adige,0.15,0.15,0.1,0.15,0.1
8848,8848,Varsi,,Emilia-romagna",0.15,0.15,0.1,0.15,0.1
8849,8849,Varzi,09,Lombardia,0.15,0.15,0.1,0.15,0.1
8850,8850,Varzo,12,Piemonte,0.15,0.15,0.1,0.15,0.1
8851,8851,Vas,20,Veneto,0.15,0.15,0.1,0.15,0.1
8852,8852,Vasanello,07,Lazio,0.15,0.15,0.1,0.15,0.1
8853,8853,Vascon,20,Veneto,0.15,0.15,0.1,0.15,0.1
8854,8854,Vasi,03,Calabria,0.15,0.15,0.1,0.15,0.1
8855,8855,Vasia,,Liguria",0.15,0.15,0.1,0.15,0.1
8856,8856,Vasto,01,Abruzzi,0.15,0.15,0.1,0.15,0.1
8857,8857,Vastogirardi,11,Molise,0.15,0.15,0.1,0.15,0.1
8858,8858,Vattaro,17,Trentino-alto Adige,0.15,0.15,0.1,0.15,0.1
8859,8859,Vauda Canavese Superiore,12,Piemonte,0.15,0.15,0.1,0.15,0.1
8860,8860,Vazzano,03,Calabria,0.15,0.15,0.1,0.15,0.1
8861,8861,Vazzola,20,Veneto,0.15,0.15,0.1,0.15,0.1
8862,8862,Vedano Olona,09,Lombardia,0.15,0.15,0.1,0.15,0.1
8863,8863,Veddasca,09,Lombardia,0.15,0.15,0.1,0.15,0.1
8864,8864,Vedelago,20,Veneto,0.15,0.15,0.1,0.15,0.1
8865,8865,Vedeseta,09,Lombardia,0.15,0.15,0.1,0.15,0.1
8866,8866,Vedrana,,Emilia-romagna",0.15,0.15,0.1,0.15,0.1
8867,8867,Veduggio Con Colzano,09,Lombardia,0.15,0.15,0.1,0.15,0.1
8868,8868,Veggiano,20,Veneto,0.15,0.15,0.1,0.15,0.1
8869,8869,Veglie,13,Puglia,0.15,0.15,0.1,0.15,0.1
8870,8870,Veglio,12,Piemonte,0.15,0.15,0.1,0.15,0.1
8871,8871,Vejano,07,Lazio,0.15,0.15,0.1,0.15,0.1
8872,8872,Vela,17,Trentino-alto Adige,0.15,0.15,0.1,0.15,0.1
8873,8873,Velasca,09,Lombardia,0.15,0.15,0.1,0.15,0.1
8874,8874,Veleso,09,Lombardia,0.15,0.15,0.1,0.15,0.1
8875,8875,Velezzo Lomellina,09,Lombardia,0.15,0.15,0.1,0.15,0.1
8876,8876,Velina,04,Campania,0.15,0.15,0.1,0.15,0.1
8877,8877,Velletri,07,Lazio,0.15,0.15,0.1,0.15,0.1
8878,8878,Vellezzo Bellini,09,Lombardia,0.15,0.15,0.1,0.15,0.1
8879,8879,Velo,20,Veneto,0.15,0.15,0.1,0.15,0.1
8880,8880,Velo Veronese,20,Veneto,0.15,0.15,0.1,0.15,0.1
8881,8881,Velturno,17,Trentino-alto Adige,0.15,0.15,0.1,0.15,0.1
8882,8882,Venafro,11,Molise,0.15,0.15,0.1,0.15,0.1
8883,8883,Venagrande,10,Marche,0.15,0.15,0.1,0.15,0.1
8884,8884,Venaria Reale,12,Piemonte,0.15,0.15,0.1,0.15,0.1
8885,8885,Venarotta,10,Marche,0.15,0.15,0.1,0.15,0.1
8886,8886,Venas,20,Veneto,0.15,0.15,0.1,0.15,0.1
8887,8887,Venasca,12,Piemonte,0.15,0.15,0.1,0.15,0.1
8888,8888,Venaus,12,Piemonte,0.15,0.15,0.1,0.15,0.1
8889,8889,Vendone,,Liguria",0.15,0.15,0.1,0.15,0.1
8890,8890,Vendrogno,09,Lombardia,0.15,0.15,0.1,0.15,0.1
8891,8891,Venegazzu,20,Veneto,0.15,0.15,0.1,0.15,0.1
8892,8892,Venegono Inferiore,09,Lombardia,0.15,0.15,0.1,0.15,0.1
8893,8893,Venegono Superiore,09,Lombardia,0.15,0.15,0.1,0.15,0.1
8894,8894,Venere,01,Abruzzi,0.15,0.15,0.1,0.15,0.1
8895,8895,Venetico Marina,,Autonoma Siciliana,0.15,0.15,0.1,0.15,0.1
8896,8896,Venetico Superiore,,Autonoma Siciliana,0.15,0.15,0.1,0.15,0.1
8897,8897,Venezzano,,Emilia-romagna",0.15,0.15,0.1,0.15,0.1
8898,8898,Veniano,09,Lombardia,0.15,0.15,0.1,0.15,0.1
8899,8899,Venosa,02,Basilicata,0.15,0.15,0.1,0.15,0.1
8900,8900,Venticano,04,Campania,0.15,0.15,0.1,0.15,0.1
8901,8901,Ventimiglia,,Liguria",0.15,0.15,0.1,0.15,0.1
8902,8902,Ventoso,,Emilia-romagna",0.15,0.15,0.1,0.15,0.1
8903,8903,Ventotene,07,Lazio,0.15,0.15,0.1,0.15,0.1
8904,8904,Venturina,16,Toscana,0.15,0.15,0.1,0.15,0.1
8905,8905,Venzone,06,Friuli-venezia Giulia,0.15,0.15,0.1,0.15,0.1
8906,8906,Verano,17,Trentino-alto Adige,0.15,0.15,0.1,0.15,0.1
8907,8907,Verano Brianza,09,Lombardia,0.15,0.15,0.1,0.15,0.1
8908,8908,Verbania,12,Piemonte,0.15,0.15,0.1,0.15,0.1
8909,8909,Verbicaro,03,Calabria,0.15,0.15,0.1,0.15,0.1
8910,8910,Vercana,09,Lombardia,0.15,0.15,0.1,0.15,0.1
8911,8911,Verceia,09,Lombardia,0.15,0.15,0.1,0.15,0.1
8912,8912,Vercelli,12,Piemonte,0.15,0.15,0.1,0.15,0.1
8913,8913,Vercurago,09,Lombardia,0.15,0.15,0.1,0.15,0.1
8914,8914,Verdellino,09,Lombardia,0.15,0.15,0.1,0.15,0.1
8915,8915,Verdello,09,Lombardia,0.15,0.15,0.1,0.15,0.1
8916,8916,Verderio Inferiore,09,Lombardia,0.15,0.15,0.1,0.15,0.1
8917,8917,Verderio Superiore,09,Lombardia,0.15,0.15,0.1,0.15,0.1
8918,8918,Verduno,12,Piemonte,0.15,0.15,0.1,0.15,0.1
8919,8919,Vergato,,Emilia-romagna",0.15,0.15,0.1,0.15,0.1
8920,8920,Verghereto,,Emilia-romagna",0.15,0.15,0.1,0.15,0.1
8921,8921,Vergiate,09,Lombardia,0.15,0.15,0.1,0.15,0.1
8922,8922,Vergnasco,12,Piemonte,0.15,0.15,0.1,0.15,0.1
8923,8923,Verla,17,Trentino-alto Adige,0.15,0.15,0.1,0.15,0.1
8924,8924,Vermezzo,09,Lombardia,0.15,0.15,0.1,0.15,0.1
8925,8925,Vermiglio,17,Trentino-alto Adige,0.15,0.15,0.1,0.15,0.1
8926,8926,Verna,18,Umbria,0.15,0.15,0.1,0.15,0.1
8927,8927,Vernante,12,Piemonte,0.15,0.15,0.1,0.15,0.1
8928,8928,Vernasca,,Emilia-romagna",0.15,0.15,0.1,0.15,0.1
8929,8929,Vernate,09,Lombardia,0.15,0.15,0.1,0.15,0.1
8930,8930,Vernazza,,Liguria",0.15,0.15,0.1,0.15,0.1
8931,8931,Vernio,16,Toscana,0.15,0.15,0.1,0.15,0.1
8932,8932,Vernole,13,Puglia,0.15,0.15,0.1,0.15,0.1
8933,8933,Verolanuova,09,Lombardia,0.15,0.15,0.1,0.15,0.1
8934,8934,Verolavecchia,09,Lombardia,0.15,0.15,0.1,0.15,0.1
8935,8935,Verolengo,12,Piemonte,0.15,0.15,0.1,0.15,0.1
8936,8936,Veroli,07,Lazio,0.15,0.15,0.1,0.15,0.1
8937,8937,Verona,20,Veneto,0.15,0.15,0.1,0.15,0.1
8938,8938,Veronella,20,Veneto,0.15,0.15,0.1,0.15,0.1
8939,8939,Verrayes,,Autonoma Valle D'aosta,0.15,0.15,0.1,0.15,0.1
8940,8940,Verres,,Autonoma Valle D'aosta,0.15,0.15,0.1,0.15,0.1
8941,8941,Verretto,09,Lombardia,0.15,0.15,0.1,0.15,0.1
8942,8942,Verrone,12,Piemonte,0.15,0.15,0.1,0.15,0.1
8943,8943,Verrua Po,09,Lombardia,0.15,0.15,0.1,0.15,0.1
8944,8944,Verrua Savoia,12,Piemonte,0.15,0.15,0.1,0.15,0.1
8945,8945,Vertemate Con Minoprio,09,Lombardia,0.15,0.15,0.1,0.15,0.1
8946,8946,Vertova,09,Lombardia,0.15,0.15,0.1,0.15,0.1
8947,8947,Verucchio,,Emilia-romagna",0.15,0.15,0.1,0.15,0.1
8948,8948,Veruno,12,Piemonte,0.15,0.15,0.1,0.15,0.1
8949,8949,Vervio,09,Lombardia,0.15,0.15,0.1,0.15,0.1
8950,8950,Vervò,17,Trentino-alto Adige,0.15,0.15,0.1,0.15,0.1
8951,8951,Verzino,03,Calabria,0.15,0.15,0.1,0.15,0.1
8952,8952,Verzuolo,12,Piemonte,0.15,0.15,0.1,0.15,0.1
8953,8953,Vescovado,16,Toscana,0.15,0.15,0.1,0.15,0.1
8954,8954,Vescovana,20,Veneto,0.15,0.15,0.1,0.15,0.1
8955,8955,Vescovato,09,Lombardia,0.15,0.15,0.1,0.15,0.1
8956,8956,Vesime,12,Piemonte,0.15,0.15,0.1,0.15,0.1
8957,8957,Vespolate,12,Piemonte,0.15,0.15,0.1,0.15,0.1
8958,8958,Vessalico,,Liguria",0.15,0.15,0.1,0.15,0.1
8959,8959,Vestenanova,20,Veneto,0.15,0.15,0.1,0.15,0.1
8960,8960,Vestigne,12,Piemonte,0.15,0.15,0.1,0.15,0.1
8961,8961,Vestone,09,Lombardia,0.15,0.15,0.1,0.15,0.1
8962,8962,Vestreno,09,Lombardia,0.15,0.15,0.1,0.15,0.1
8963,8963,Veternigo,20,Veneto,0.15,0.15,0.1,0.15,0.1
8964,8964,Vetralla,07,Lazio,0.15,0.15,0.1,0.15,0.1
8965,8965,Vetrego,20,Veneto,0.15,0.15,0.1,0.15,0.1
8966,8966,Vetto,,Emilia-romagna",0.15,0.15,0.1,0.15,0.1
8967,8967,Vezzano,17,Trentino-alto Adige,0.15,0.15,0.1,0.15,0.1
8968,8968,Vezzano Ligure,,Liguria",0.15,0.15,0.1,0.15,0.1
8969,8969,Vezzi Portio,,Liguria",0.15,0.15,0.1,0.15,0.1
8970,8970,Via Larga,,Emilia-romagna",0.15,0.15,0.1,0.15,0.1
8971,8971,Viadana,09,Lombardia,0.15,0.15,0.1,0.15,0.1
8972,8972,Viadanica,09,Lombardia,0.15,0.15,0.1,0.15,0.1
8973,8973,Viagrande,,Autonoma Siciliana,0.15,0.15,0.1,0.15,0.1
8974,8974,Viale,12,Piemonte,0.15,0.15,0.1,0.15,0.1
8975,8975,Vialfre,12,Piemonte,0.15,0.15,0.1,0.15,0.1
8976,8976,Viano,,Emilia-romagna",0.15,0.15,0.1,0.15,0.1
8977,8977,Viareggio,16,Toscana,0.15,0.15,0.1,0.15,0.1
8978,8978,Viarigi,12,Piemonte,0.15,0.15,0.1,0.15,0.1
8979,8979,Vibo Valentia,03,Calabria,0.15,0.15,0.1,0.15,0.1
8980,8980,Vibonati,04,Campania,0.15,0.15,0.1,0.15,0.1
8981,8981,Vicalvi,07,Lazio,0.15,0.15,0.1,0.15,0.1
8982,8982,Vicarello,16,Toscana,0.15,0.15,0.1,0.15,0.1
8983,8983,Vicari,,Autonoma Siciliana,0.15,0.15,0.1,0.15,0.1
8984,8984,Vicchio,16,Toscana,0.15,0.15,0.1,0.15,0.1
8985,8985,Vicenza,20,Veneto,0.15,0.15,0.1,0.15,0.1
8986,8986,Viciomaggio,16,Toscana,0.15,0.15,0.1,0.15,0.1
8987,8987,Vico,06,Friuli-venezia Giulia,0.15,0.15,0.1,0.15,0.1
8988,8988,Vico,04,Campania,0.15,0.15,0.1,0.15,0.1
8989,8989,Vico Canavese,12,Piemonte,0.15,0.15,0.1,0.15,0.1
8990,8990,Vico Equense,04,Campania,0.15,0.15,0.1,0.15,0.1
8991,8991,Vicofertile,,Emilia-romagna",0.15,0.15,0.1,0.15,0.1
8992,8992,Vicoforte,12,Piemonte,0.15,0.15,0.1,0.15,0.1
8993,8993,Vicoli,01,Abruzzi,0.15,0.15,0.1,0.15,0.1
8994,8994,Vicolungo,12,Piemonte,0.15,0.15,0.1,0.15,0.1
8995,8995,Vicomoscano,09,Lombardia,0.15,0.15,0.1,0.15,0.1
8996,8996,Vicopisano,16,Toscana,0.15,0.15,0.1,0.15,0.1
8997,8997,Vicovaro,07,Lazio,0.15,0.15,0.1,0.15,0.1
8998,8998,Vidalengo,09,Lombardia,0.15,0.15,0.1,0.15,0.1
8999,8999,Vidardo,09,Lombardia,0.15,0.15,0.1,0.15,0.1
9000,9000,Viddalba,,Autonoma Della Sardegna,0.15,0.15,0.1,0.15,0.1
9001,9001,Vidiciatico,,Emilia-romagna",0.15,0.15,0.1,0.15,0.1
9002,9002,Vidigulfo,09,Lombardia,0.15,0.15,0.1,0.15,0.1
9003,9003,Vidor,20,Veneto,0.15,0.15,0.1,0.15,0.1
9004,9004,Vidracco,12,Piemonte,0.15,0.15,0.1,0.15,0.1
9005,9005,Vieste,13,Puglia,0.15,0.15,0.1,0.15,0.1
9006,9006,Viganella,12,Piemonte,0.15,0.15,0.1,0.15,0.1
9007,9007,Vigano,09,Lombardia,0.15,0.15,0.1,0.15,0.1
9008,9008,Vigano San Martino,09,Lombardia,0.15,0.15,0.1,0.15,0.1
9009,9009,Vigarano Mainarda,,Emilia-romagna",0.15,0.15,0.1,0.15,0.1
9010,9010,Vigarano Pieve,,Emilia-romagna",0.15,0.15,0.1,0.15,0.1
9011,9011,Vigardolo,20,Veneto,0.15,0.15,0.1,0.15,0.1
9012,9012,Vigasio,20,Veneto,0.15,0.15,0.1,0.15,0.1
9013,9013,Vigatto,,Emilia-romagna",0.15,0.15,0.1,0.15,0.1
9014,9014,Vigellio,12,Piemonte,0.15,0.15,0.1,0.15,0.1
9015,9015,Vigevano,09,Lombardia,0.15,0.15,0.1,0.15,0.1
9016,9016,Viggianello,02,Basilicata,0.15,0.15,0.1,0.15,0.1
9017,9017,Viggiano,02,Basilicata,0.15,0.15,0.1,0.15,0.1
9018,9018,Viggiu,09,Lombardia,0.15,0.15,0.1,0.15,0.1
9019,9019,Vighignolo,09,Lombardia,0.15,0.15,0.1,0.15,0.1
9020,9020,Vighizzolo,09,Lombardia,0.15,0.15,0.1,0.15,0.1
9021,9021,Vigliano Biellese,12,Piemonte,0.15,0.15,0.1,0.15,0.1
9022,9022,Vignacastrisi,13,Puglia,0.15,0.15,0.1,0.15,0.1
9023,9023,Vignale,,Emilia-romagna",0.15,0.15,0.1,0.15,0.1
9024,9024,Vignale Monferrato,12,Piemonte,0.15,0.15,0.1,0.15,0.1
9025,9025,Vignale Riotorto,16,Toscana,0.15,0.15,0.1,0.15,0.1
9026,9026,Vignanello,07,Lazio,0.15,0.15,0.1,0.15,0.1
9027,9027,Vignate,09,Lombardia,0.15,0.15,0.1,0.15,0.1
9028,9028,Vignola,,Emilia-romagna",0.15,0.15,0.1,0.15,0.1
9029,9029,Vignola,17,Trentino-alto Adige,0.15,0.15,0.1,0.15,0.1
9030,9030,Vignola,09,Lombardia,0.15,0.15,0.1,0.15,0.1
9031,9031,Vignole Borbera,12,Piemonte,0.15,0.15,0.1,0.15,0.1
9032,9032,Vignolo,12,Piemonte,0.15,0.15,0.1,0.15,0.1
9033,9033,Vignone,12,Piemonte,0.15,0.15,0.1,0.15,0.1
9034,9034,Vigo,17,Trentino-alto Adige,0.15,0.15,0.1,0.15,0.1
9035,9035,Vigo Meano,17,Trentino-alto Adige,0.15,0.15,0.1,0.15,0.1
9036,9036,Vigo Rendena,17,Trentino-alto Adige,0.15,0.15,0.1,0.15,0.1
9037,9037,Vigodarzere,20,Veneto,0.15,0.15,0.1,0.15,0.1
9038,9038,Vigolo,09,Lombardia,0.15,0.15,0.1,0.15,0.1
9039,9039,Vigolo Marchese,,Emilia-romagna",0.15,0.15,0.1,0.15,0.1
9040,9040,Vigolo Vattaro,17,Trentino-alto Adige,0.15,0.15,0.1,0.15,0.1
9041,9041,Vigolzone,,Emilia-romagna",0.15,0.15,0.1,0.15,0.1
9042,9042,Vigone,12,Piemonte,0.15,0.15,0.1,0.15,0.1
9043,9043,Vigonovo,20,Veneto,0.15,0.15,0.1,0.15,0.1
9044,9044,Vigonza,20,Veneto,0.15,0.15,0.1,0.15,0.1
9045,9045,Vigonzone,09,Lombardia,0.15,0.15,0.1,0.15,0.1
9046,9046,Viguzzolo,12,Piemonte,0.15,0.15,0.1,0.15,0.1
9047,9047,Villa,12,Piemonte,0.15,0.15,0.1,0.15,0.1
9048,9048,Villa,17,Trentino-alto Adige,0.15,0.15,0.1,0.15,0.1
9049,9049,Villa,09,Lombardia,0.15,0.15,0.1,0.15,0.1
9050,9050,Villa,04,Campania,0.15,0.15,0.1,0.15,0.1
9051,9051,Villa Adriana,07,Lazio,0.15,0.15,0.1,0.15,0.1
9052,9052,Villa Baldassarri,13,Puglia,0.15,0.15,0.1,0.15,0.1
9053,9053,Villa Bartolomea,20,Veneto,0.15,0.15,0.1,0.15,0.1
9054,9054,Villa Basilica,16,Toscana,0.15,0.15,0.1,0.15,0.1
9055,9055,Villa Biscossi,09,Lombardia,0.15,0.15,0.1,0.15,0.1
9056,9056,Villa Caldari,01,Abruzzi,0.15,0.15,0.1,0.15,0.1
9057,9057,Villa Campanile,16,Toscana,0.15,0.15,0.1,0.15,0.1
9058,9058,Villa Carcina,09,Lombardia,0.15,0.15,0.1,0.15,0.1
9059,9059,Villa Castelli,13,Puglia,0.15,0.15,0.1,0.15,0.1
9060,9060,Villa Ceccolini,10,Marche,0.15,0.15,0.1,0.15,0.1
9061,9061,Villa Celiera,01,Abruzzi,0.15,0.15,0.1,0.15,0.1
9062,9062,Villa Ciambra,,Autonoma Siciliana,0.15,0.15,0.1,0.15,0.1
9063,9063,Villa Collemandina,16,Toscana,0.15,0.15,0.1,0.15,0.1
9064,9064,Villa Cortese,09,Lombardia,0.15,0.15,0.1,0.15,0.1
9065,9065,Villa D'Arco,06,Friuli-venezia Giulia,0.15,0.15,0.1,0.15,0.1
9066,9066,Villa Estense,20,Veneto,0.15,0.15,0.1,0.15,0.1
9067,9067,Villa Faraldi,,Liguria",0.15,0.15,0.1,0.15,0.1
9068,9068,Villa Felice,07,Lazio,0.15,0.15,0.1,0.15,0.1
9069,9069,Villa Fontana,,Emilia-romagna",0.15,0.15,0.1,0.15,0.1
9070,9070,Villa Grande,01,Abruzzi,0.15,0.15,0.1,0.15,0.1
9071,9071,Villa Guardia,09,Lombardia,0.15,0.15,0.1,0.15,0.1
9072,9072,Villa Inferno,,Emilia-romagna",0.15,0.15,0.1,0.15,0.1
9073,9073,Villa Lagarina,17,Trentino-alto Adige,0.15,0.15,0.1,0.15,0.1
9074,9074,Villa Latina,07,Lazio,0.15,0.15,0.1,0.15,0.1
9075,9075,Villa Lempa,01,Abruzzi,0.15,0.15,0.1,0.15,0.1
9076,9076,Villa Literno,04,Campania,0.15,0.15,0.1,0.15,0.1
9077,9077,Villa Littorio,04,Campania,0.15,0.15,0.1,0.15,0.1
9078,9078,Villa Minozzo,,Emilia-romagna",0.15,0.15,0.1,0.15,0.1
9079,9079,Villa Motta,,Emilia-romagna",0.15,0.15,0.1,0.15,0.1
9080,9080,Villa Musone,10,Marche,0.15,0.15,0.1,0.15,0.1
9081,9081,Villa Oliveti,01,Abruzzi,0.15,0.15,0.1,0.15,0.1
9082,9082,Villa Pasquali,09,Lombardia,0.15,0.15,0.1,0.15,0.1
9083,9083,Villa Pedergnano,09,Lombardia,0.15,0.15,0.1,0.15,0.1
9084,9084,Villa Pigna,10,Marche,0.15,0.15,0.1,0.15,0.1
9085,9085,Villa Poma,09,Lombardia,0.15,0.15,0.1,0.15,0.1
9086,9086,Villa Potenza,10,Marche,0.15,0.15,0.1,0.15,0.1
9087,9087,Villa Raspa,01,Abruzzi,0.15,0.15,0.1,0.15,0.1
9088,9088,Villa Raverio,09,Lombardia,0.15,0.15,0.1,0.15,0.1
9089,9089,Villa Rendena,17,Trentino-alto Adige,0.15,0.15,0.1,0.15,0.1
9090,9090,Villa Rosa,01,Abruzzi,0.15,0.15,0.1,0.15,0.1
9091,9091,Villa Salina,,Emilia-romagna",0.15,0.15,0.1,0.15,0.1
9092,9092,Villa San Filippo,10,Marche,0.15,0.15,0.1,0.15,0.1
9093,9093,Villa San Giovanni,03,Calabria,0.15,0.15,0.1,0.15,0.1
9094,9094,Villa San Giuseppe,10,Marche,0.15,0.15,0.1,0.15,0.1
9095,9095,Villa San Leonardo,01,Abruzzi,0.15,0.15,0.1,0.15,0.1
9096,9096,Villa San Martino,,Emilia-romagna",0.15,0.15,0.1,0.15,0.1
9097,9097,Villa San Pietro,,Autonoma Della Sardegna,0.15,0.15,0.1,0.15,0.1
9098,9098,Villa San Secondo,12,Piemonte,0.15,0.15,0.1,0.15,0.1
9099,9099,Villa Sant'Angelo,01,Abruzzi,0.15,0.15,0.1,0.15,0.1
9100,9100,Villa Sant'Antonio,,Autonoma Della Sardegna,0.15,0.15,0.1,0.15,0.1
9101,9101,Villa Santa Lucia,07,Lazio,0.15,0.15,0.1,0.15,0.1
9102,9102,Villa Santa Maria,01,Abruzzi,0.15,0.15,0.1,0.15,0.1
9103,9103,Villa Santina,06,Friuli-venezia Giulia,0.15,0.15,0.1,0.15,0.1
9104,9104,Villa Santo Stefano,07,Lazio,0.15,0.15,0.1,0.15,0.1
9105,9105,Villa Saviola,09,Lombardia,0.15,0.15,0.1,0.15,0.1
9106,9106,Villa Verde,,Autonoma Della Sardegna,0.15,0.15,0.1,0.15,0.1
9107,9107,Villa Verucchio,,Emilia-romagna",0.15,0.15,0.1,0.15,0.1
9108,9108,Villa Vicentina,06,Friuli-venezia Giulia,0.15,0.15,0.1,0.15,0.1
9109,9109,Villa Vomano,01,Abruzzi,0.15,0.15,0.1,0.15,0.1
9110,9110,Villa Zaccheo,01,Abruzzi,0.15,0.15,0.1,0.15,0.1
9111,9111,Villabassa,17,Trentino-alto Adige,0.15,0.15,0.1,0.15,0.1
9112,9112,Villabate,,Autonoma Siciliana,0.15,0.15,0.1,0.15,0.1
9113,9113,Villabella,20,Veneto,0.15,0.15,0.1,0.15,0.1
9114,9114,Villachiara,09,Lombardia,0.15,0.15,0.1,0.15,0.1
9115,9115,Villacidro,,Autonoma Della Sardegna,0.15,0.15,0.1,0.15,0.1
9116,9116,Villadeati,12,Piemonte,0.15,0.15,0.1,0.15,0.1
9117,9117,Villadoro,,Autonoma Siciliana,0.15,0.15,0.1,0.15,0.1
9118,9118,Villadose,20,Veneto,0.15,0.15,0.1,0.15,0.1
9119,9119,Villadosia,09,Lombardia,0.15,0.15,0.1,0.15,0.1
9120,9120,Villadossola,12,Piemonte,0.15,0.15,0.1,0.15,0.1
9121,9121,Villafalletto,12,Piemonte,0.15,0.15,0.1,0.15,0.1
9122,9122,Villafontana,20,Veneto,0.15,0.15,0.1,0.15,0.1
9123,9123,Villafranca,,Liguria",0.15,0.15,0.1,0.15,0.1
9124,9124,Villafranca Padovana,20,Veneto,0.15,0.15,0.1,0.15,0.1
9125,9125,Villafranca Piemonte,12,Piemonte,0.15,0.15,0.1,0.15,0.1
9126,9126,Villafranca Sicula,,Autonoma Siciliana,0.15,0.15,0.1,0.15,0.1
9127,9127,Villafranca Tirrena,,Autonoma Siciliana,0.15,0.15,0.1,0.15,0.1
9128,9128,Villafrati,,Autonoma Siciliana,0.15,0.15,0.1,0.15,0.1
9129,9129,Villaga,20,Veneto,0.15,0.15,0.1,0.15,0.1
9130,9130,Villaganzerla,20,Veneto,0.15,0.15,0.1,0.15,0.1
9131,9131,Villaggio Argentina,,Emilia-romagna",0.15,0.15,0.1,0.15,0.1
9132,9132,Villaggio Busonera,20,Veneto,0.15,0.15,0.1,0.15,0.1
9133,9133,Villaggio Montegrappa,20,Veneto,0.15,0.15,0.1,0.15,0.1
9134,9134,Villagrande,01,Abruzzi,0.15,0.15,0.1,0.15,0.1
9135,9135,Villagrande,10,Marche,0.15,0.15,0.1,0.15,0.1
9136,9136,Villagrande Strisaili,,Autonoma Della Sardegna,0.15,0.15,0.1,0.15,0.1
9137,9137,Villaguattera,20,Veneto,0.15,0.15,0.1,0.15,0.1
9138,9138,Villalago,01,Abruzzi,0.15,0.15,0.1,0.15,0.1
9139,9139,Villalba,07,Lazio,0.15,0.15,0.1,0.15,0.1
9140,9140,Villalba,,Autonoma Siciliana,0.15,0.15,0.1,0.15,0.1
9141,9141,Villalfonsina,01,Abruzzi,0.15,0.15,0.1,0.15,0.1
9142,9142,Villalta,20,Veneto,0.15,0.15,0.1,0.15,0.1
9143,9143,Villalvernia,12,Piemonte,0.15,0.15,0.1,0.15,0.1
9144,9144,Villamagna,01,Abruzzi,0.15,0.15,0.1,0.15,0.1
9145,9145,Villamaina,04,Campania,0.15,0.15,0.1,0.15,0.1
9146,9146,Villamar,,Autonoma Della Sardegna,0.15,0.15,0.1,0.15,0.1
9147,9147,Villamarzana,20,Veneto,0.15,0.15,0.1,0.15,0.1
9148,9148,Villamassargia,,Autonoma Della Sardegna,0.15,0.15,0.1,0.15,0.1
9149,9149,Villamiroglio,12,Piemonte,0.15,0.15,0.1,0.15,0.1
9150,9150,Villammare,04,Campania,0.15,0.15,0.1,0.15,0.1
9151,9151,Villamontagna,17,Trentino-alto Adige,0.15,0.15,0.1,0.15,0.1
9152,9152,Villandro,17,Trentino-alto Adige,0.15,0.15,0.1,0.15,0.1
9153,9153,Villanova,10,Marche,0.15,0.15,0.1,0.15,0.1
9154,9154,Villanova,06,Friuli-venezia Giulia,0.15,0.15,0.1,0.15,0.1
9155,9155,Villanova,20,Veneto,0.15,0.15,0.1,0.15,0.1
9156,9156,Villanova,01,Abruzzi,0.15,0.15,0.1,0.15,0.1
9157,9157,Villanova,,Emilia-romagna",0.15,0.15,0.1,0.15,0.1
9158,9158,Villanova,09,Lombardia,0.15,0.15,0.1,0.15,0.1
9159,9159,Villanova,07,Lazio,0.15,0.15,0.1,0.15,0.1
9160,9160,Villanova Biellese,12,Piemonte,0.15,0.15,0.1,0.15,0.1
9161,9161,Villanova Canavese,12,Piemonte,0.15,0.15,0.1,0.15,0.1
9162,9162,Villanova Marchesana,20,Veneto,0.15,0.15,0.1,0.15,0.1
9163,9163,Villanova Mondovi,12,Piemonte,0.15,0.15,0.1,0.15,0.1
9164,9164,Villanova Monferrato,12,Piemonte,0.15,0.15,0.1,0.15,0.1
9165,9165,Villanova Monteleone,,Autonoma Della Sardegna,0.15,0.15,0.1,0.15,0.1
9166,9166,Villanova Santa Margherita,20,Veneto,0.15,0.15,0.1,0.15,0.1
9167,9167,Villanova Solaro,12,Piemonte,0.15,0.15,0.1,0.15,0.1
9168,9168,Villanova Strisaili,,Autonoma Della Sardegna,0.15,0.15,0.1,0.15,0.1
9169,9169,Villanova Truschedu,,Autonoma Della Sardegna,0.15,0.15,0.1,0.15,0.1
9170,9170,Villanova Tulo,,Autonoma Della Sardegna,0.15,0.15,0.1,0.15,0.1
9171,9171,Villanovaforru,,Autonoma Della Sardegna,0.15,0.15,0.1,0.15,0.1
9172,9172,Villanovafranca,,Autonoma Della Sardegna,0.15,0.15,0.1,0.15,0.1
9173,9173,Villanterio,09,Lombardia,0.15,0.15,0.1,0.15,0.1
9174,9174,Villanuova,09,Lombardia,0.15,0.15,0.1,0.15,0.1
9175,9175,Villaorba,06,Friuli-venezia Giulia,0.15,0.15,0.1,0.15,0.1
9176,9176,Villaperuccio,,Autonoma Della Sardegna,0.15,0.15,0.1,0.15,0.1
9177,9177,Villapiana,03,Calabria,0.15,0.15,0.1,0.15,0.1
9178,9178,Villapiana Lido,03,Calabria,0.15,0.15,0.1,0.15,0.1
9179,9179,Villapiana Scalo,03,Calabria,0.15,0.15,0.1,0.15,0.1
9180,9180,Villapinta,09,Lombardia,0.15,0.15,0.1,0.15,0.1
9181,9181,Villapriolo,,Autonoma Siciliana,0.15,0.15,0.1,0.15,0.1
9182,9182,Villaputzu,,Autonoma Della Sardegna,0.15,0.15,0.1,0.15,0.1
9183,9183,Villar Dora,12,Piemonte,0.15,0.15,0.1,0.15,0.1
9184,9184,Villar Focchiardo,12,Piemonte,0.15,0.15,0.1,0.15,0.1
9185,9185,Villar Pellice,12,Piemonte,0.15,0.15,0.1,0.15,0.1
9186,9186,Villar Perosa,12,Piemonte,0.15,0.15,0.1,0.15,0.1
9187,9187,Villar San Costanzo,12,Piemonte,0.15,0.15,0.1,0.15,0.1
9188,9188,Villaraspa,20,Veneto,0.15,0.15,0.1,0.15,0.1
9189,9189,Villarazzo,20,Veneto,0.15,0.15,0.1,0.15,0.1
9190,9190,Villarbasse,12,Piemonte,0.15,0.15,0.1,0.15,0.1
9191,9191,Villarboit,12,Piemonte,0.15,0.15,0.1,0.15,0.1
9192,9192,Villareggia,12,Piemonte,0.15,0.15,0.1,0.15,0.1
9193,9193,Villaricca,04,Campania,0.15,0.15,0.1,0.15,0.1
9194,9194,Villaromagnano,12,Piemonte,0.15,0.15,0.1,0.15,0.1
9195,9195,Villarosa,,Autonoma Siciliana,0.15,0.15,0.1,0.15,0.1
9196,9196,Villarotta,,Emilia-romagna",0.15,0.15,0.1,0.15,0.1
9197,9197,Villasalto,,Autonoma Della Sardegna,0.15,0.15,0.1,0.15,0.1
9198,9198,Villasanta,09,Lombardia,0.15,0.15,0.1,0.15,0.1
9199,9199,Villaseta,,Autonoma Siciliana,0.15,0.15,0.1,0.15,0.1
9200,9200,Villasimius,,Autonoma Della Sardegna,0.15,0.15,0.1,0.15,0.1
9201,9201,Villasmundo,,Autonoma Siciliana,0.15,0.15,0.1,0.15,0.1
9202,9202,Villasor,,Autonoma Della Sardegna,0.15,0.15,0.1,0.15,0.1
9203,9203,Villaspeciosa,,Autonoma Della Sardegna,0.15,0.15,0.1,0.15,0.1
9204,9204,Villassio,09,Lombardia,0.15,0.15,0.1,0.15,0.1
9205,9205,Villastellone,12,Piemonte,0.15,0.15,0.1,0.15,0.1
9206,9206,Villastrada,09,Lombardia,0.15,0.15,0.1,0.15,0.1
9207,9207,Villata,12,Piemonte,0.15,0.15,0.1,0.15,0.1
9208,9208,Villatora,20,Veneto,0.15,0.15,0.1,0.15,0.1
9209,9209,Villaurbana,,Autonoma Della Sardegna,0.15,0.15,0.1,0.15,0.1
9210,9210,Villavallelonga,01,Abruzzi,0.15,0.15,0.1,0.15,0.1
9211,9211,Villaverla,20,Veneto,0.15,0.15,0.1,0.15,0.1
9212,9212,Ville,16,Toscana,0.15,0.15,0.1,0.15,0.1
9213,9213,Villefranche,,Autonoma Valle D'aosta,0.15,0.15,0.1,0.15,0.1
9214,9214,Villeneuve,,Autonoma Valle D'aosta,0.15,0.15,0.1,0.15,0.1
9215,9215,Villesse,06,Friuli-venezia Giulia,0.15,0.15,0.1,0.15,0.1
9216,9216,Villetta Barrea,01,Abruzzi,0.15,0.15,0.1,0.15,0.1
9217,9217,Villette,12,Piemonte,0.15,0.15,0.1,0.15,0.1
9218,9218,Villimpenta,09,Lombardia,0.15,0.15,0.1,0.15,0.1
9219,9219,Villongo,09,Lombardia,0.15,0.15,0.1,0.15,0.1
9220,9220,Villotta,06,Friuli-venezia Giulia,0.15,0.15,0.1,0.15,0.1
9221,9221,Vilminore,09,Lombardia,0.15,0.15,0.1,0.15,0.1
9222,9222,Vilpiano,17,Trentino-alto Adige,0.15,0.15,0.1,0.15,0.1
9223,9223,Vimercate,09,Lombardia,0.15,0.15,0.1,0.15,0.1
9224,9224,Vimodrone,09,Lombardia,0.15,0.15,0.1,0.15,0.1
9225,9225,Vinadio,12,Piemonte,0.15,0.15,0.1,0.15,0.1
9226,9226,Vinchiaturo,11,Molise,0.15,0.15,0.1,0.15,0.1
9227,9227,Vinchio,12,Piemonte,0.15,0.15,0.1,0.15,0.1
9228,9228,Vinci,16,Toscana,0.15,0.15,0.1,0.15,0.1
9229,9229,Vinovo,12,Piemonte,0.15,0.15,0.1,0.15,0.1
9230,9230,Vinzaglio,12,Piemonte,0.15,0.15,0.1,0.15,0.1
9231,9231,Viola,12,Piemonte,0.15,0.15,0.1,0.15,0.1
9232,9232,Vione,09,Lombardia,0.15,0.15,0.1,0.15,0.1
9233,9233,Viotto,12,Piemonte,0.15,0.15,0.1,0.15,0.1
9234,9234,Vipiteno,17,Trentino-alto Adige,0.15,0.15,0.1,0.15,0.1
9235,9235,Virle Piemonte,12,Piemonte,0.15,0.15,0.1,0.15,0.1
9236,9236,Visano,09,Lombardia,0.15,0.15,0.1,0.15,0.1
9237,9237,Vische,12,Piemonte,0.15,0.15,0.1,0.15,0.1
9238,9238,Visciano,04,Campania,0.15,0.15,0.1,0.15,0.1
9239,9239,Visco,06,Friuli-venezia Giulia,0.15,0.15,0.1,0.15,0.1
9240,9240,Visinale,06,Friuli-venezia Giulia,0.15,0.15,0.1,0.15,0.1
9241,9241,Visnadello,20,Veneto,0.15,0.15,0.1,0.15,0.1
9242,9242,Visome,20,Veneto,0.15,0.15,0.1,0.15,0.1
9243,9243,Visone,12,Piemonte,0.15,0.15,0.1,0.15,0.1
9244,9244,Visso,10,Marche,0.15,0.15,0.1,0.15,0.1
9245,9245,Vistarino,09,Lombardia,0.15,0.15,0.1,0.15,0.1
9246,9246,Vistrorio,12,Piemonte,0.15,0.15,0.1,0.15,0.1
9247,9247,Vita,,Autonoma Siciliana,0.15,0.15,0.1,0.15,0.1
9248,9248,Viterbo,07,Lazio,0.15,0.15,0.1,0.15,0.1
9249,9249,Viticuso,07,Lazio,0.15,0.15,0.1,0.15,0.1
9250,9250,Vitigliano,13,Puglia,0.15,0.15,0.1,0.15,0.1
9251,9251,Vitinia,07,Lazio,0.15,0.15,0.1,0.15,0.1
9252,9252,Vitolini,16,Toscana,0.15,0.15,0.1,0.15,0.1
9253,9253,Vitorchiano,07,Lazio,0.15,0.15,0.1,0.15,0.1
9254,9254,Vittoria,,Autonoma Siciliana,0.15,0.15,0.1,0.15,0.1
9255,9255,Vittorio Veneto,20,Veneto,0.15,0.15,0.1,0.15,0.1
9256,9256,Vittorito,01,Abruzzi,0.15,0.15,0.1,0.15,0.1
9257,9257,Vittuone,09,Lombardia,0.15,0.15,0.1,0.15,0.1
9258,9258,Vitulano,04,Campania,0.15,0.15,0.1,0.15,0.1
9259,9259,Vitulazio,04,Campania,0.15,0.15,0.1,0.15,0.1
9260,9260,Viu,12,Piemonte,0.15,0.15,0.1,0.15,0.1
9261,9261,Vivaro,06,Friuli-venezia Giulia,0.15,0.15,0.1,0.15,0.1
9262,9262,Vivaro Romano,07,Lazio,0.15,0.15,0.1,0.15,0.1
9263,9263,Viverone,12,Piemonte,0.15,0.15,0.1,0.15,0.1
9264,9264,Vizzini,,Autonoma Siciliana,0.15,0.15,0.1,0.15,0.1
9265,9265,Vizzola Ticino,09,Lombardia,0.15,0.15,0.1,0.15,0.1
9266,9266,Vizzolo Predabissi,09,Lombardia,0.15,0.15,0.1,0.15,0.1
9267,9267,Vo,20,Veneto,0.15,0.15,0.1,0.15,0.1
9268,9268,Vobarno,09,Lombardia,0.15,0.15,0.1,0.15,0.1
9269,9269,Vobbia,,Liguria",0.15,0.15,0.1,0.15,0.1
9270,9270,Vocca,12,Piemonte,0.15,0.15,0.1,0.15,0.1
9271,9271,Vodo,20,Veneto,0.15,0.15,0.1,0.15,0.1
9272,9272,Voghera,09,Lombardia,0.15,0.15,0.1,0.15,0.1
9273,9273,Voghiera,,Emilia-romagna",0.15,0.15,0.1,0.15,0.1
9274,9274,Vogogna,12,Piemonte,0.15,0.15,0.1,0.15,0.1
9275,9275,Volano,17,Trentino-alto Adige,0.15,0.15,0.1,0.15,0.1
9276,9276,Volargne,20,Veneto,0.15,0.15,0.1,0.15,0.1
9277,9277,Volla,04,Campania,0.15,0.15,0.1,0.15,0.1
9278,9278,Volongo,09,Lombardia,0.15,0.15,0.1,0.15,0.1
9279,9279,Volpara,09,Lombardia,0.15,0.15,0.1,0.15,0.1
9280,9280,Volpedo,12,Piemonte,0.15,0.15,0.1,0.15,0.1
9281,9281,Volpeglino,12,Piemonte,0.15,0.15,0.1,0.15,0.1
9282,9282,Volpiano,12,Piemonte,0.15,0.15,0.1,0.15,0.1
9283,9283,Volta Mantovana,09,Lombardia,0.15,0.15,0.1,0.15,0.1
9284,9284,Voltaggio,12,Piemonte,0.15,0.15,0.1,0.15,0.1
9285,9285,Voltago,20,Veneto,0.15,0.15,0.1,0.15,0.1
9286,9286,Voltago Agordino,20,Veneto,0.15,0.15,0.1,0.15,0.1
9287,9287,Voltana,,Emilia-romagna",0.15,0.15,0.1,0.15,0.1
9288,9288,Volterra,16,Toscana,0.15,0.15,0.1,0.15,0.1
9289,9289,Voltido,09,Lombardia,0.15,0.15,0.1,0.15,0.1
9290,9290,Volturara Appula,13,Puglia,0.15,0.15,0.1,0.15,0.1
9291,9291,Volturara Irpina,04,Campania,0.15,0.15,0.1,0.15,0.1
9292,9292,Volturino,13,Puglia,0.15,0.15,0.1,0.15,0.1
9293,9293,Volvera,12,Piemonte,0.15,0.15,0.1,0.15,0.1
9294,9294,Vomero,04,Campania,0.15,0.15,0.1,0.15,0.1
9295,9295,Vottignasco,12,Piemonte,0.15,0.15,0.1,0.15,0.1
9296,9296,Zaccanopoli,03,Calabria,0.15,0.15,0.1,0.15,0.1
9297,9297,Zafferana Etnea,,Autonoma Siciliana,0.15,0.15,0.1,0.15,0.1
9298,9298,Zagarise,03,Calabria,0.15,0.15,0.1,0.15,0.1
9299,9299,Zagarolo,07,Lazio,0.15,0.15,0.1,0.15,0.1
9300,9300,Zambana,17,Trentino-alto Adige,0.15,0.15,0.1,0.15,0.1
9301,9301,Zambrone,03,Calabria,0.15,0.15,0.1,0.15,0.1
9302,9302,Zandobbio,09,Lombardia,0.15,0.15,0.1,0.15,0.1
9303,9303,Zane,20,Veneto,0.15,0.15,0.1,0.15,0.1
9304,9304,Zanica,09,Lombardia,0.15,0.15,0.1,0.15,0.1
9305,9305,Zappello,09,Lombardia,0.15,0.15,0.1,0.15,0.1
9306,9306,Zapponeta,13,Puglia,0.15,0.15,0.1,0.15,0.1
9307,9307,Zavattarello,09,Lombardia,0.15,0.15,0.1,0.15,0.1
9308,9308,Zeccone,09,Lombardia,0.15,0.15,0.1,0.15,0.1
9309,9309,Zeddiani,,Autonoma Della Sardegna,0.15,0.15,0.1,0.15,0.1
9310,9310,Zelarino,20,Veneto,0.15,0.15,0.1,0.15,0.1
9311,9311,Zelbio,09,Lombardia,0.15,0.15,0.1,0.15,0.1
9312,9312,Zelo Buon Persico,09,Lombardia,0.15,0.15,0.1,0.15,0.1
9313,9313,Zelo Surrigone,09,Lombardia,0.15,0.15,0.1,0.15,0.1
9314,9314,Zeme,09,Lombardia,0.15,0.15,0.1,0.15,0.1
9315,9315,Zenevredo,09,Lombardia,0.15,0.15,0.1,0.15,0.1
9316,9316,Zepponami,07,Lazio,0.15,0.15,0.1,0.15,0.1
9317,9317,Zerba,,Emilia-romagna",0.15,0.15,0.1,0.15,0.1
9318,9318,Zerbo,09,Lombardia,0.15,0.15,0.1,0.15,0.1
9319,9319,Zerbolo,09,Lombardia,0.15,0.15,0.1,0.15,0.1
9320,9320,Zerfaliu,,Autonoma Della Sardegna,0.15,0.15,0.1,0.15,0.1
9321,9321,Zeri,16,Toscana,0.15,0.15,0.1,0.15,0.1
9322,9322,Zerman,20,Veneto,0.15,0.15,0.1,0.15,0.1
9323,9323,Zermeghedo,20,Veneto,0.15,0.15,0.1,0.15,0.1
9324,9324,Zero Branco,20,Veneto,0.15,0.15,0.1,0.15,0.1
9325,9325,Zevio,20,Veneto,0.15,0.15,0.1,0.15,0.1
9326,9326,Ziano Piacentino,,Emilia-romagna",0.15,0.15,0.1,0.15,0.1
9327,9327,Zibello,,Emilia-romagna",0.15,0.15,0.1,0.15,0.1
9328,9328,Zibido San Giacomo,09,Lombardia,0.15,0.15,0.1,0.15,0.1
9329,9329,Zimella,20,Veneto,0.15,0.15,0.1,0.15,0.1
9330,9330,Zimone,12,Piemonte,0.15,0.15,0.1,0.15,0.1
9331,9331,Zinasco Nuovo,09,Lombardia,0.15,0.15,0.1,0.15,0.1
9332,9332,Zinasco Vecchio,09,Lombardia,0.15,0.15,0.1,0.15,0.1
9333,9333,Ziracco,06,Friuli-venezia Giulia,0.15,0.15,0.1,0.15,0.1
9334,9334,Zoagli,,Liguria",0.15,0.15,0.1,0.15,0.1
9335,9335,Zocca,,Emilia-romagna",0.15,0.15,0.1,0.15,0.1
9336,9336,Zogno,09,Lombardia,0.15,0.15,0.1,0.15,0.1
9337,9337,Zola Predosa,,Emilia-romagna",0.15,0.15,0.1,0.15,0.1
9338,9338,Zoldo Alto,20,Veneto,0.15,0.15,0.1,0.15,0.1
9339,9339,Zollino,13,Puglia,0.15,0.15,0.1,0.15,0.1
9340,9340,Zone,09,Lombardia,0.15,0.15,0.1,0.15,0.1
9341,9341,Zoppola,06,Friuli-venezia Giulia,0.15,0.15,0.1,0.15,0.1
9342,9342,Zorlesco,09,Lombardia,0.15,0.15,0.1,0.15,0.1
9343,9343,Zovencedo,20,Veneto,0.15,0.15,0.1,0.15,0.1
9344,9344,Zubiena,12,Piemonte,0.15,0.15,0.1,0.15,0.1
9345,9345,Zuccarello,,Liguria",0.15,0.15,0.1,0.15,0.1
9346,9346,Zuclo,17,Trentino-alto Adige,0.15,0.15,0.1,0.15,0.1
9347,9347,Zugliano,20,Veneto,0.15,0.15,0.1,0.15,0.1
9348,9348,Zuglio,06,Friuli-venezia Giulia,0.15,0.15,0.1,0.15,0.1
9349,9349,Zumaglia,12,Piemonte,0.15,0.15,0.1,0.15,0.1
9350,9350,Zumpano,03,Calabria,0.15,0.15,0.1,0.15,0.1
9351,9351,Zungoli,04,Campania,0.15,0.15,0.1,0.15,0.1
9352,9352,Zungri,03,Calabria,0.15,0.15,0.1,0.15,0.1
