FIPS_CODE,COUNTY_CODE,COUNTY,ST,STATE,FOOD_INSECURITY,SEVERE_HOUSING_COST_BURDEN,UNEMPLOYED,NO_VEHICLE_ACCESS,UNINSURED
0,0,1 Decembrie,43,Ilfov,0.15,0.15,0.1,0.15,0.1
1,1,23 August,12,Caraş-severin,0.15,0.15,0.1,0.15,0.1
2,2,23 August,,Constanta,0.15,0.15,0.1,0.15,0.1
3,3,Abram,05,Bihor,0.15,0.15,0.1,0.15,0.1
4,4,Abrud,01,Alba,0.15,0.15,0.1,0.15,0.1
5,5,Abrud-Sat,01,Alba,0.15,0.15,0.1,0.15,0.1
6,6,Abrămuţ,05,Bihor,0.15,0.15,0.1,0.15,0.1
7,7,Acmariu,01,Alba,0.15,0.15,0.1,0.15,0.1
8,8,Acâş,32,Satu Mare,0.15,0.15,0.1,0.15,0.1
9,9,Acăţari,27,Mureş,0.15,0.15,0.1,0.15,0.1
10,10,Adam,18,Galaţi,0.15,0.15,0.1,0.15,0.1
11,11,Adamclisi,,Constanta,0.15,0.15,0.1,0.15,0.1
12,12,Adea,02,Arad,0.15,0.15,0.1,0.15,0.1
13,13,Adjud,40,Vrancea,0.15,0.15,0.1,0.15,0.1
14,14,Adjudeni,,Neamt,0.15,0.15,0.1,0.15,0.1
15,15,Adjudu Vechi,40,Vrancea,0.15,0.15,0.1,0.15,0.1
16,16,Adoni,05,Bihor,0.15,0.15,0.1,0.15,0.1
17,17,Adrian,32,Satu Mare,0.15,0.15,0.1,0.15,0.1
18,18,Adunaţi,30,Prahova,0.15,0.15,0.1,0.15,0.1
19,19,Adânca,16,Dâmboviţa,0.15,0.15,0.1,0.15,0.1
20,20,Adâncata,22,Ialomiţa,0.15,0.15,0.1,0.15,0.1
21,21,Adâncata,34,Suceava,0.15,0.15,0.1,0.15,0.1
22,22,Adămuş,27,Mureş,0.15,0.15,0.1,0.15,0.1
23,23,Afumaţi,17,Dolj,0.15,0.15,0.1,0.15,0.1
24,24,Afumaţi,43,Ilfov,0.15,0.15,0.1,0.15,0.1
25,25,Agapia,,Neamt,0.15,0.15,0.1,0.15,0.1
26,26,Agaua,08,Brăila,0.15,0.15,0.1,0.15,0.1
27,27,Agigea,,Constanta,0.15,0.15,0.1,0.15,0.1
28,28,Agighiol,37,Tulcea,0.15,0.15,0.1,0.15,0.1
29,29,Agnita,33,Sibiu,0.15,0.15,0.1,0.15,0.1
30,30,Agrij,31,Sălaj,0.15,0.15,0.1,0.15,0.1
31,31,Agârbiciu,33,Sibiu,0.15,0.15,0.1,0.15,0.1
32,32,Agârbiciu,13,Cluj,0.15,0.15,0.1,0.15,0.1
33,33,Agăş,04,Bacău,0.15,0.15,0.1,0.15,0.1
34,34,Aita Mare,15,Covasna,0.15,0.15,0.1,0.15,0.1
35,35,Aita Medie,15,Covasna,0.15,0.15,0.1,0.15,0.1
36,36,Aita Seacă,15,Covasna,0.15,0.15,0.1,0.15,0.1
37,37,Aiton,13,Cluj,0.15,0.15,0.1,0.15,0.1
38,38,Aiud,01,Alba,0.15,0.15,0.1,0.15,0.1
39,39,Aiudul de Sus,01,Alba,0.15,0.15,0.1,0.15,0.1
40,40,Alba,07,Botoşani,0.15,0.15,0.1,0.15,0.1
41,41,Alba Iulia,01,Alba,0.15,0.15,0.1,0.15,0.1
42,42,Albac,01,Alba,0.15,0.15,0.1,0.15,0.1
43,43,Albele,04,Bacău,0.15,0.15,0.1,0.15,0.1
44,44,Albeni,19,Gorj,0.15,0.15,0.1,0.15,0.1
45,45,Albeşti,,Constanta,0.15,0.15,0.1,0.15,0.1
46,46,Albeşti,22,Ialomiţa,0.15,0.15,0.1,0.15,0.1
47,47,Albeşti,27,Mureş,0.15,0.15,0.1,0.15,0.1
48,48,Albeşti,38,Vaslui,0.15,0.15,0.1,0.15,0.1
49,49,Albeşti,07,Botoşani,0.15,0.15,0.1,0.15,0.1
50,50,Albeşti,03,Argeş,0.15,0.15,0.1,0.15,0.1
51,51,Albeşti-Paleologu,30,Prahova,0.15,0.15,0.1,0.15,0.1
52,52,Albeştii Pământeni,03,Argeş,0.15,0.15,0.1,0.15,0.1
53,53,Albeştii de Argeş,03,Argeş,0.15,0.15,0.1,0.15,0.1
54,54,Albota,03,Argeş,0.15,0.15,0.1,0.15,0.1
55,55,Aldeni,11,Buzău,0.15,0.15,0.1,0.15,0.1
56,56,Alexandria,35,Teleorman,0.15,0.15,0.1,0.15,0.1
57,57,Alexandru I. Cuza,23,Iaşi,0.15,0.15,0.1,0.15,0.1
58,58,Alexandru Odobescu,41,Călăraşi,0.15,0.15,0.1,0.15,0.1
59,59,Alexandru Odobescu,11,Buzău,0.15,0.15,0.1,0.15,0.1
60,60,Alexandru cel Bun,23,Iaşi,0.15,0.15,0.1,0.15,0.1
61,61,Alexeni,23,Iaşi,0.15,0.15,0.1,0.15,0.1
62,62,Alexeni,22,Ialomiţa,0.15,0.15,0.1,0.15,0.1
63,63,Aleşd,05,Bihor,0.15,0.15,0.1,0.15,0.1
64,64,Aliceni,11,Buzău,0.15,0.15,0.1,0.15,0.1
65,65,Aliman,,Constanta,0.15,0.15,0.1,0.15,0.1
66,66,Alimpeşti,19,Gorj,0.15,0.15,0.1,0.15,0.1
67,67,Alma,33,Sibiu,0.15,0.15,0.1,0.15,0.1
68,68,Almaş,02,Arad,0.15,0.15,0.1,0.15,0.1
69,69,Almaşu,31,Sălaj,0.15,0.15,0.1,0.15,0.1
70,70,Almaşu Mare,01,Alba,0.15,0.15,0.1,0.15,0.1
71,71,Almăj,17,Dolj,0.15,0.15,0.1,0.15,0.1
72,72,Almăjel,26,Mehedinţi,0.15,0.15,0.1,0.15,0.1
73,73,Almălău,,Constanta,0.15,0.15,0.1,0.15,0.1
74,74,Alparea,05,Bihor,0.15,0.15,0.1,0.15,0.1
75,75,Aluniş,30,Prahova,0.15,0.15,0.1,0.15,0.1
76,76,Aluniş,13,Cluj,0.15,0.15,0.1,0.15,0.1
77,77,Aluniş,27,Mureş,0.15,0.15,0.1,0.15,0.1
78,78,Alunu,39,Vâlcea,0.15,0.15,0.1,0.15,0.1
79,79,Alămor,33,Sibiu,0.15,0.15,0.1,0.15,0.1
80,80,Amara,22,Ialomiţa,0.15,0.15,0.1,0.15,0.1
81,81,Amara,11,Buzău,0.15,0.15,0.1,0.15,0.1
82,82,Amaru,11,Buzău,0.15,0.15,0.1,0.15,0.1
83,83,Ambud,32,Satu Mare,0.15,0.15,0.1,0.15,0.1
84,84,Amzacea,,Constanta,0.15,0.15,0.1,0.15,0.1
85,85,Amărăşti,39,Vâlcea,0.15,0.15,0.1,0.15,0.1
86,86,Amărăştii de Jos,17,Dolj,0.15,0.15,0.1,0.15,0.1
87,87,Amărăştii de Sus,17,Dolj,0.15,0.15,0.1,0.15,0.1
88,88,Andreiaşu de Jos,40,Vrancea,0.15,0.15,0.1,0.15,0.1
89,89,Andrid,32,Satu Mare,0.15,0.15,0.1,0.15,0.1
90,90,Andrieşeni,23,Iaşi,0.15,0.15,0.1,0.15,0.1
91,91,Andrăşeşti,22,Ialomiţa,0.15,0.15,0.1,0.15,0.1
92,92,Anina,12,Caraş-severin,0.15,0.15,0.1,0.15,0.1
93,93,Aninoasa,19,Gorj,0.15,0.15,0.1,0.15,0.1
94,94,Aninoasa,16,Dâmboviţa,0.15,0.15,0.1,0.15,0.1
95,95,Aninoasa,21,Hunedoara,0.15,0.15,0.1,0.15,0.1
96,96,Aninoasa,03,Argeş,0.15,0.15,0.1,0.15,0.1
97,97,Apa,32,Satu Mare,0.15,0.15,0.1,0.15,0.1
98,98,Apa Asău,04,Bacău,0.15,0.15,0.1,0.15,0.1
99,99,Apahida,13,Cluj,0.15,0.15,0.1,0.15,0.1
100,100,Apalina,27,Mureş,0.15,0.15,0.1,0.15,0.1
101,101,Apateu,02,Arad,0.15,0.15,0.1,0.15,0.1
102,102,Apaţa,,Brasov,0.15,0.15,0.1,0.15,0.1
103,103,Apele Vii,17,Dolj,0.15,0.15,0.1,0.15,0.1
104,104,Apold,27,Mureş,0.15,0.15,0.1,0.15,0.1
105,105,Apoldu de Jos,33,Sibiu,0.15,0.15,0.1,0.15,0.1
106,106,Apostolache,30,Prahova,0.15,0.15,0.1,0.15,0.1
107,107,Aprozi,41,Călăraşi,0.15,0.15,0.1,0.15,0.1
108,108,Araci,15,Covasna,0.15,0.15,0.1,0.15,0.1
109,109,Arad,02,Arad,0.15,0.15,0.1,0.15,0.1
110,110,Arama,23,Iaşi,0.15,0.15,0.1,0.15,0.1
111,111,Arbore,34,Suceava,0.15,0.15,0.1,0.15,0.1
112,112,Arborea,07,Botoşani,0.15,0.15,0.1,0.15,0.1
113,113,Arcalia,06,Bistriţa-năsăud,0.15,0.15,0.1,0.15,0.1
114,114,Arcani,19,Gorj,0.15,0.15,0.1,0.15,0.1
115,115,Archid,31,Sălaj,0.15,0.15,0.1,0.15,0.1
116,116,Archita,27,Mureş,0.15,0.15,0.1,0.15,0.1
117,117,Archiud,06,Bistriţa-năsăud,0.15,0.15,0.1,0.15,0.1
118,118,Archiş,02,Arad,0.15,0.15,0.1,0.15,0.1
119,119,Ardan,06,Bistriţa-năsăud,0.15,0.15,0.1,0.15,0.1
120,120,Ardeoani,04,Bacău,0.15,0.15,0.1,0.15,0.1
121,121,Ardud,32,Satu Mare,0.15,0.15,0.1,0.15,0.1
122,122,Ardusat,25,Maramureş,0.15,0.15,0.1,0.15,0.1
123,123,Arduzel,25,Maramureş,0.15,0.15,0.1,0.15,0.1
124,124,Arefu,03,Argeş,0.15,0.15,0.1,0.15,0.1
125,125,Argel,34,Suceava,0.15,0.15,0.1,0.15,0.1
126,126,Argestru,34,Suceava,0.15,0.15,0.1,0.15,0.1
127,127,Argetoaia,17,Dolj,0.15,0.15,0.1,0.15,0.1
128,128,Arghira,34,Suceava,0.15,0.15,0.1,0.15,0.1
129,129,Arieşeni,01,Alba,0.15,0.15,0.1,0.15,0.1
130,130,Arini,,Brasov,0.15,0.15,0.1,0.15,0.1
131,131,Arini,04,Bacău,0.15,0.15,0.1,0.15,0.1
132,132,Ariniş,25,Maramureş,0.15,0.15,0.1,0.15,0.1
133,133,Armeni,33,Sibiu,0.15,0.15,0.1,0.15,0.1
134,134,Armeniş,12,Caraş-severin,0.15,0.15,0.1,0.15,0.1
135,135,Armăşeşti,22,Ialomiţa,0.15,0.15,0.1,0.15,0.1
136,136,Aroneanu,23,Iaşi,0.15,0.15,0.1,0.15,0.1
137,137,Arpaşu de Jos,33,Sibiu,0.15,0.15,0.1,0.15,0.1
138,138,Arsa,,Constanta,0.15,0.15,0.1,0.15,0.1
139,139,Arsura,38,Vaslui,0.15,0.15,0.1,0.15,0.1
140,140,Artanu,19,Gorj,0.15,0.15,0.1,0.15,0.1
141,141,Arva,30,Prahova,0.15,0.15,0.1,0.15,0.1
142,142,Arvăteasca,29,Olt,0.15,0.15,0.1,0.15,0.1
143,143,Asuaju de Sus,25,Maramureş,0.15,0.15,0.1,0.15,0.1
144,144,Asău,04,Bacău,0.15,0.15,0.1,0.15,0.1
145,145,Atid,20,Harghita,0.15,0.15,0.1,0.15,0.1
146,146,Augustin,,Brasov,0.15,0.15,0.1,0.15,0.1
147,147,Aurel Vlaicu,21,Hunedoara,0.15,0.15,0.1,0.15,0.1
148,148,Aurel Vlaicu,07,Botoşani,0.15,0.15,0.1,0.15,0.1
149,149,Aurora,26,Mehedinţi,0.15,0.15,0.1,0.15,0.1
150,150,Auşeu,05,Bihor,0.15,0.15,0.1,0.15,0.1
151,151,Avram Iancu,05,Bihor,0.15,0.15,0.1,0.15,0.1
152,152,Avram Iancu,02,Arad,0.15,0.15,0.1,0.15,0.1
153,153,Avram Iancu,01,Alba,0.15,0.15,0.1,0.15,0.1
154,154,Avrig,33,Sibiu,0.15,0.15,0.1,0.15,0.1
155,155,Avrămeni,07,Botoşani,0.15,0.15,0.1,0.15,0.1
156,156,Avrămeşti,20,Harghita,0.15,0.15,0.1,0.15,0.1
157,157,Avântu,23,Iaşi,0.15,0.15,0.1,0.15,0.1
158,158,Axente Sever,33,Sibiu,0.15,0.15,0.1,0.15,0.1
159,159,Axintele,22,Ialomiţa,0.15,0.15,0.1,0.15,0.1
160,160,Azuga,30,Prahova,0.15,0.15,0.1,0.15,0.1
161,161,Aştileu,05,Bihor,0.15,0.15,0.1,0.15,0.1
162,162,Aţel,33,Sibiu,0.15,0.15,0.1,0.15,0.1
163,163,Aţintiş,27,Mureş,0.15,0.15,0.1,0.15,0.1
164,164,Baba,25,Maramureş,0.15,0.15,0.1,0.15,0.1
165,165,Baba Ana,30,Prahova,0.15,0.15,0.1,0.15,0.1
166,166,Baba Novac,32,Satu Mare,0.15,0.15,0.1,0.15,0.1
167,167,Babadag,37,Tulcea,0.15,0.15,0.1,0.15,0.1
168,168,Babaroaga,03,Argeş,0.15,0.15,0.1,0.15,0.1
169,169,Bacea,29,Olt,0.15,0.15,0.1,0.15,0.1
170,170,Baciu,13,Cluj,0.15,0.15,0.1,0.15,0.1
171,171,Baciu,35,Teleorman,0.15,0.15,0.1,0.15,0.1
172,172,Bacova,36,Timiş,0.15,0.15,0.1,0.15,0.1
173,173,Bacău,04,Bacău,0.15,0.15,0.1,0.15,0.1
174,174,Badon,31,Sălaj,0.15,0.15,0.1,0.15,0.1
175,175,Bahna,,Neamt,0.15,0.15,0.1,0.15,0.1
176,176,Bahna,04,Bacău,0.15,0.15,0.1,0.15,0.1
177,177,Bahnari,38,Vaslui,0.15,0.15,0.1,0.15,0.1
178,178,Bahnea,27,Mureş,0.15,0.15,0.1,0.15,0.1
179,179,Bahnele,40,Vrancea,0.15,0.15,0.1,0.15,0.1
180,180,Baia,34,Suceava,0.15,0.15,0.1,0.15,0.1
181,181,Baia,37,Tulcea,0.15,0.15,0.1,0.15,0.1
182,182,Baia Mare,25,Maramureş,0.15,0.15,0.1,0.15,0.1
183,183,Baia Sprie,25,Maramureş,0.15,0.15,0.1,0.15,0.1
184,184,Baia de Aramă,26,Mehedinţi,0.15,0.15,0.1,0.15,0.1
185,185,Baia de Arieş,01,Alba,0.15,0.15,0.1,0.15,0.1
186,186,Baia de Criş,21,Hunedoara,0.15,0.15,0.1,0.15,0.1
187,187,Baia de Fier,19,Gorj,0.15,0.15,0.1,0.15,0.1
188,188,Bajura,07,Botoşani,0.15,0.15,0.1,0.15,0.1
189,189,Bala,26,Mehedinţi,0.15,0.15,0.1,0.15,0.1
190,190,Bala de Sus,26,Mehedinţi,0.15,0.15,0.1,0.15,0.1
191,191,Balaci,35,Teleorman,0.15,0.15,0.1,0.15,0.1
192,192,Balaciu,22,Ialomiţa,0.15,0.15,0.1,0.15,0.1
193,193,Balc,05,Bihor,0.15,0.15,0.1,0.15,0.1
194,194,Balcani,04,Bacău,0.15,0.15,0.1,0.15,0.1
195,195,Balda,27,Mureş,0.15,0.15,0.1,0.15,0.1
196,196,Baldovineşti,29,Olt,0.15,0.15,0.1,0.15,0.1
197,197,Balinţ,36,Timiş,0.15,0.15,0.1,0.15,0.1
198,198,Balomiru de Câmp,01,Alba,0.15,0.15,0.1,0.15,0.1
199,199,Baloteşti,43,Ilfov,0.15,0.15,0.1,0.15,0.1
200,200,Balta,26,Mehedinţi,0.15,0.15,0.1,0.15,0.1
201,201,Balta Albă,11,Buzău,0.15,0.15,0.1,0.15,0.1
202,202,Balta Doamnei,30,Prahova,0.15,0.15,0.1,0.15,0.1
203,203,Balta Sărată,35,Teleorman,0.15,0.15,0.1,0.15,0.1
204,204,Balta Verde,26,Mehedinţi,0.15,0.15,0.1,0.15,0.1
205,205,Balş,29,Olt,0.15,0.15,0.1,0.15,0.1
206,206,Balşa,21,Hunedoara,0.15,0.15,0.1,0.15,0.1
207,207,Banca,38,Vaslui,0.15,0.15,0.1,0.15,0.1
208,208,Bancu,20,Harghita,0.15,0.15,0.1,0.15,0.1
209,209,Band,27,Mureş,0.15,0.15,0.1,0.15,0.1
210,210,Banloc,36,Timiş,0.15,0.15,0.1,0.15,0.1
211,211,Banpotoc,21,Hunedoara,0.15,0.15,0.1,0.15,0.1
212,212,Bara,36,Timiş,0.15,0.15,0.1,0.15,0.1
213,213,Baranca,07,Botoşani,0.15,0.15,0.1,0.15,0.1
214,214,Baraolt,15,Covasna,0.15,0.15,0.1,0.15,0.1
215,215,Barcana,04,Bacău,0.15,0.15,0.1,0.15,0.1
216,216,Barcani,15,Covasna,0.15,0.15,0.1,0.15,0.1
217,217,Barcea,18,Galaţi,0.15,0.15,0.1,0.15,0.1
218,218,Baru,21,Hunedoara,0.15,0.15,0.1,0.15,0.1
219,219,Barza,21,Hunedoara,0.15,0.15,0.1,0.15,0.1
220,220,Barza,29,Olt,0.15,0.15,0.1,0.15,0.1
221,221,Barza,39,Vâlcea,0.15,0.15,0.1,0.15,0.1
222,222,Basarabi,34,Suceava,0.15,0.15,0.1,0.15,0.1
223,223,Basarabi,17,Dolj,0.15,0.15,0.1,0.15,0.1
224,224,Bata,02,Arad,0.15,0.15,0.1,0.15,0.1
225,225,Bata,06,Bistriţa-năsăud,0.15,0.15,0.1,0.15,0.1
226,226,Batin,13,Cluj,0.15,0.15,0.1,0.15,0.1
227,227,Batiz,21,Hunedoara,0.15,0.15,0.1,0.15,0.1
228,228,Batogu,08,Brăila,0.15,0.15,0.1,0.15,0.1
229,229,Batoş,27,Mureş,0.15,0.15,0.1,0.15,0.1
230,230,Batăr,05,Bihor,0.15,0.15,0.1,0.15,0.1
231,231,Bazga,04,Bacău,0.15,0.15,0.1,0.15,0.1
232,232,Bazna,33,Sibiu,0.15,0.15,0.1,0.15,0.1
233,233,Başcov,03,Argeş,0.15,0.15,0.1,0.15,0.1
234,234,Beba Veche,36,Timiş,0.15,0.15,0.1,0.15,0.1
235,235,Beceni,11,Buzău,0.15,0.15,0.1,0.15,0.1
236,236,Becheni,32,Satu Mare,0.15,0.15,0.1,0.15,0.1
237,237,Bechet,17,Dolj,0.15,0.15,0.1,0.15,0.1
238,238,Becicherecu Mic,36,Timiş,0.15,0.15,0.1,0.15,0.1
239,239,Beciu,35,Teleorman,0.15,0.15,0.1,0.15,0.1
240,240,Beclean,,Brasov,0.15,0.15,0.1,0.15,0.1
241,241,Beclean,06,Bistriţa-năsăud,0.15,0.15,0.1,0.15,0.1
242,242,Bedeciu,13,Cluj,0.15,0.15,0.1,0.15,0.1
243,243,Beica de Jos,27,Mureş,0.15,0.15,0.1,0.15,0.1
244,244,Beidaud,37,Tulcea,0.15,0.15,0.1,0.15,0.1
245,245,Beiu,35,Teleorman,0.15,0.15,0.1,0.15,0.1
246,246,Beiuş,05,Bihor,0.15,0.15,0.1,0.15,0.1
247,247,Bela,16,Dâmboviţa,0.15,0.15,0.1,0.15,0.1
248,248,Belceşti,23,Iaşi,0.15,0.15,0.1,0.15,0.1
249,249,Belcinu,17,Dolj,0.15,0.15,0.1,0.15,0.1
250,250,Belciug,30,Prahova,0.15,0.15,0.1,0.15,0.1
251,251,Belciug,35,Teleorman,0.15,0.15,0.1,0.15,0.1
252,252,Belciugatele,41,Călăraşi,0.15,0.15,0.1,0.15,0.1
253,253,Beleţi,03,Argeş,0.15,0.15,0.1,0.15,0.1
254,254,Belfir,05,Bihor,0.15,0.15,0.1,0.15,0.1
255,255,Belin,15,Covasna,0.15,0.15,0.1,0.15,0.1
256,256,Belin-Vale,15,Covasna,0.15,0.15,0.1,0.15,0.1
257,257,Belinţ,36,Timiş,0.15,0.15,0.1,0.15,0.1
258,258,Beliu,02,Arad,0.15,0.15,0.1,0.15,0.1
259,259,Beliş,13,Cluj,0.15,0.15,0.1,0.15,0.1
260,260,Beltiug,32,Satu Mare,0.15,0.15,0.1,0.15,0.1
261,261,Bencecu de Sus,36,Timiş,0.15,0.15,0.1,0.15,0.1
262,262,Benesat,31,Sălaj,0.15,0.15,0.1,0.15,0.1
263,263,Benia,34,Suceava,0.15,0.15,0.1,0.15,0.1
264,264,Benic,01,Alba,0.15,0.15,0.1,0.15,0.1
265,265,Bentu,11,Buzău,0.15,0.15,0.1,0.15,0.1
266,266,Berbeşti,39,Vâlcea,0.15,0.15,0.1,0.15,0.1
267,267,Berca,11,Buzău,0.15,0.15,0.1,0.15,0.1
268,268,Berceni,43,Ilfov,0.15,0.15,0.1,0.15,0.1
269,269,Berceni,30,Prahova,0.15,0.15,0.1,0.15,0.1
270,270,Berchez,25,Maramureş,0.15,0.15,0.1,0.15,0.1
271,271,Berchezoaia,25,Maramureş,0.15,0.15,0.1,0.15,0.1
272,272,Bercu,32,Satu Mare,0.15,0.15,0.1,0.15,0.1
273,273,Berechiu,02,Arad,0.15,0.15,0.1,0.15,0.1
274,274,Beregsău Mare,36,Timiş,0.15,0.15,0.1,0.15,0.1
275,275,Beregsău Mic,36,Timiş,0.15,0.15,0.1,0.15,0.1
276,276,Bereni,27,Mureş,0.15,0.15,0.1,0.15,0.1
277,277,Berevoeşti,03,Argeş,0.15,0.15,0.1,0.15,0.1
278,278,Berezeni,38,Vaslui,0.15,0.15,0.1,0.15,0.1
279,279,Bereşti-Bistriţa,04,Bacău,0.15,0.15,0.1,0.15,0.1
280,280,Bereşti-Tazlău,04,Bacău,0.15,0.15,0.1,0.15,0.1
281,281,Berghin,01,Alba,0.15,0.15,0.1,0.15,0.1
282,282,Berindei,29,Olt,0.15,0.15,0.1,0.15,0.1
283,283,Berindu,13,Cluj,0.15,0.15,0.1,0.15,0.1
284,284,Berislăveşti,39,Vâlcea,0.15,0.15,0.1,0.15,0.1
285,285,Beriu,21,Hunedoara,0.15,0.15,0.1,0.15,0.1
286,286,Berivoi,,Brasov,0.15,0.15,0.1,0.15,0.1
287,287,Berleşti,19,Gorj,0.15,0.15,0.1,0.15,0.1
288,288,Berlişte,12,Caraş-severin,0.15,0.15,0.1,0.15,0.1
289,289,Bertea,30,Prahova,0.15,0.15,0.1,0.15,0.1
290,290,Berteştii de Jos,08,Brăila,0.15,0.15,0.1,0.15,0.1
291,291,Berveni,32,Satu Mare,0.15,0.15,0.1,0.15,0.1
292,292,Berzasca,12,Caraş-severin,0.15,0.15,0.1,0.15,0.1
293,293,Berzovia,12,Caraş-severin,0.15,0.15,0.1,0.15,0.1
294,294,Berzunţi,04,Bacău,0.15,0.15,0.1,0.15,0.1
295,295,Beta,01,Alba,0.15,0.15,0.1,0.15,0.1
296,296,Bethausen,36,Timiş,0.15,0.15,0.1,0.15,0.1
297,297,Beuca,35,Teleorman,0.15,0.15,0.1,0.15,0.1
298,298,Beudiu,06,Bistriţa-năsăud,0.15,0.15,0.1,0.15,0.1
299,299,Bezdead,16,Dâmboviţa,0.15,0.15,0.1,0.15,0.1
300,300,Bezid,27,Mureş,0.15,0.15,0.1,0.15,0.1
301,301,Beznea,05,Bihor,0.15,0.15,0.1,0.15,0.1
302,302,Bicaci,05,Bihor,0.15,0.15,0.1,0.15,0.1
303,303,Bicaz,25,Maramureş,0.15,0.15,0.1,0.15,0.1
304,304,Bicaz,,Neamt,0.15,0.15,0.1,0.15,0.1
305,305,Bicaz-Chei,,Neamt,0.15,0.15,0.1,0.15,0.1
306,306,Bicazu Ardelean,,Neamt,0.15,0.15,0.1,0.15,0.1
307,307,Bichigi,36,Timiş,0.15,0.15,0.1,0.15,0.1
308,308,Bichigiu,06,Bistriţa-năsăud,0.15,0.15,0.1,0.15,0.1
309,309,Bichiş,27,Mureş,0.15,0.15,0.1,0.15,0.1
310,310,Bicălatu,13,Cluj,0.15,0.15,0.1,0.15,0.1
311,311,Biertan,33,Sibiu,0.15,0.15,0.1,0.15,0.1
312,312,Biharia,05,Bihor,0.15,0.15,0.1,0.15,0.1
313,313,Biia,01,Alba,0.15,0.15,0.1,0.15,0.1
314,314,Bijghir,04,Bacău,0.15,0.15,0.1,0.15,0.1
315,315,Bila,42,Giurgiu,0.15,0.15,0.1,0.15,0.1
316,316,Bilbor,20,Harghita,0.15,0.15,0.1,0.15,0.1
317,317,Bilca,34,Suceava,0.15,0.15,0.1,0.15,0.1
318,318,Bilciureşti,16,Dâmboviţa,0.15,0.15,0.1,0.15,0.1
319,319,Biled,36,Timiş,0.15,0.15,0.1,0.15,0.1
320,320,Birchiş,02,Arad,0.15,0.15,0.1,0.15,0.1
321,321,Bircii,29,Olt,0.15,0.15,0.1,0.15,0.1
322,322,Birda,36,Timiş,0.15,0.15,0.1,0.15,0.1
323,323,Bisericani,20,Harghita,0.15,0.15,0.1,0.15,0.1
324,324,Bisoca,11,Buzău,0.15,0.15,0.1,0.15,0.1
325,325,Bistra,01,Alba,0.15,0.15,0.1,0.15,0.1
326,326,Bistra,25,Maramureş,0.15,0.15,0.1,0.15,0.1
327,327,Bistra,05,Bihor,0.15,0.15,0.1,0.15,0.1
328,328,Bistricioara,,Neamt,0.15,0.15,0.1,0.15,0.1
329,329,Bistriţa,06,Bistriţa-năsăud,0.15,0.15,0.1,0.15,0.1
330,330,Bistriţa Bârgăului,06,Bistriţa-năsăud,0.15,0.15,0.1,0.15,0.1
331,331,Bivolari,23,Iaşi,0.15,0.15,0.1,0.15,0.1
332,332,Bixad,15,Covasna,0.15,0.15,0.1,0.15,0.1
333,333,Bixad,32,Satu Mare,0.15,0.15,0.1,0.15,0.1
334,334,Blaj,01,Alba,0.15,0.15,0.1,0.15,0.1
335,335,Blandiana,01,Alba,0.15,0.15,0.1,0.15,0.1
336,336,Blebea,,Neamt,0.15,0.15,0.1,0.15,0.1
337,337,Blejani,39,Vâlcea,0.15,0.15,0.1,0.15,0.1
338,338,Blejeşti,35,Teleorman,0.15,0.15,0.1,0.15,0.1
339,339,Blejoi,30,Prahova,0.15,0.15,0.1,0.15,0.1
340,340,Blidari,04,Bacău,0.15,0.15,0.1,0.15,0.1
341,341,Blidari,40,Vrancea,0.15,0.15,0.1,0.15,0.1
342,342,Blideşti,01,Alba,0.15,0.15,0.1,0.15,0.1
343,343,Blândeşti,07,Botoşani,0.15,0.15,0.1,0.15,0.1
344,344,Blânzi,18,Galaţi,0.15,0.15,0.1,0.15,0.1
345,345,Blăgeşti,04,Bacău,0.15,0.15,0.1,0.15,0.1
346,346,Blăgeşti,38,Vaslui,0.15,0.15,0.1,0.15,0.1
347,347,Blăjani,11,Buzău,0.15,0.15,0.1,0.15,0.1
348,348,Blăjel,33,Sibiu,0.15,0.15,0.1,0.15,0.1
349,349,Blăjeni,21,Hunedoara,0.15,0.15,0.1,0.15,0.1
350,350,Boarta,33,Sibiu,0.15,0.15,0.1,0.15,0.1
351,351,Bobda,36,Timiş,0.15,0.15,0.1,0.15,0.1
352,352,Bobeica,34,Suceava,0.15,0.15,0.1,0.15,0.1
353,353,Bobiceşti,29,Olt,0.15,0.15,0.1,0.15,0.1
354,354,Boboc,11,Buzău,0.15,0.15,0.1,0.15,0.1
355,355,Boboci,16,Dâmboviţa,0.15,0.15,0.1,0.15,0.1
356,356,Bobohalma,27,Mureş,0.15,0.15,0.1,0.15,0.1
357,357,Bobolia,30,Prahova,0.15,0.15,0.1,0.15,0.1
358,358,Bobota,31,Sălaj,0.15,0.15,0.1,0.15,0.1
359,359,Bobu,19,Gorj,0.15,0.15,0.1,0.15,0.1
360,360,Bobâlna,21,Hunedoara,0.15,0.15,0.1,0.15,0.1
361,361,Bobâlna,13,Cluj,0.15,0.15,0.1,0.15,0.1
362,362,Bocicoel,25,Maramureş,0.15,0.15,0.1,0.15,0.1
363,363,Bocicoiu Mare,25,Maramureş,0.15,0.15,0.1,0.15,0.1
364,364,Bocicău,32,Satu Mare,0.15,0.15,0.1,0.15,0.1
365,365,Bocsig,02,Arad,0.15,0.15,0.1,0.15,0.1
366,366,Bocşa,31,Sălaj,0.15,0.15,0.1,0.15,0.1
367,367,Bocşa,12,Caraş-severin,0.15,0.15,0.1,0.15,0.1
368,368,Bod,,Brasov,0.15,0.15,0.1,0.15,0.1
369,369,Bodeşti,,Neamt,0.15,0.15,0.1,0.15,0.1
370,370,Bodo,36,Timiş,0.15,0.15,0.1,0.15,0.1
371,371,Bodoc,15,Covasna,0.15,0.15,0.1,0.15,0.1
372,372,Bodogaia,20,Harghita,0.15,0.15,0.1,0.15,0.1
373,373,Bogata,41,Călăraşi,0.15,0.15,0.1,0.15,0.1
374,374,Bogata,27,Mureş,0.15,0.15,0.1,0.15,0.1
375,375,Bogata,13,Cluj,0.15,0.15,0.1,0.15,0.1
376,376,Bogata,04,Bacău,0.15,0.15,0.1,0.15,0.1
377,377,Bogata,34,Suceava,0.15,0.15,0.1,0.15,0.1
378,378,Bogaţi,03,Argeş,0.15,0.15,0.1,0.15,0.1
379,379,Bogda,36,Timiş,0.15,0.15,0.1,0.15,0.1
380,380,Bogdan Vodă,25,Maramureş,0.15,0.15,0.1,0.15,0.1
381,381,Bogdana,38,Vaslui,0.15,0.15,0.1,0.15,0.1
382,382,Bogdana,35,Teleorman,0.15,0.15,0.1,0.15,0.1
383,383,Bogdana,04,Bacău,0.15,0.15,0.1,0.15,0.1
384,384,Bogdand,32,Satu Mare,0.15,0.15,0.1,0.15,0.1
385,385,Bogdăneşti,04,Bacău,0.15,0.15,0.1,0.15,0.1
386,386,Bogdăneşti,13,Cluj,0.15,0.15,0.1,0.15,0.1
387,387,Bogdăneşti,34,Suceava,0.15,0.15,0.1,0.15,0.1
388,388,Bogdăniţa,38,Vaslui,0.15,0.15,0.1,0.15,0.1
389,389,Bogea,17,Dolj,0.15,0.15,0.1,0.15,0.1
390,390,Bogei,05,Bihor,0.15,0.15,0.1,0.15,0.1
391,391,Bogheşti,40,Vrancea,0.15,0.15,0.1,0.15,0.1
392,392,Boghicea,,Neamt,0.15,0.15,0.1,0.15,0.1
393,393,Bogonos,23,Iaşi,0.15,0.15,0.1,0.15,0.1
394,394,Bogza,40,Vrancea,0.15,0.15,0.1,0.15,0.1
395,395,Bohotin,23,Iaşi,0.15,0.15,0.1,0.15,0.1
396,396,Boian,13,Cluj,0.15,0.15,0.1,0.15,0.1
397,397,Boian,33,Sibiu,0.15,0.15,0.1,0.15,0.1
398,398,Boianu Mare,05,Bihor,0.15,0.15,0.1,0.15,0.1
399,399,Boiu,05,Bihor,0.15,0.15,0.1,0.15,0.1
400,400,Boiu,27,Mureş,0.15,0.15,0.1,0.15,0.1
401,401,Boiu Mare,25,Maramureş,0.15,0.15,0.1,0.15,0.1
402,402,Boişoara,39,Vâlcea,0.15,0.15,0.1,0.15,0.1
403,403,Boju,13,Cluj,0.15,0.15,0.1,0.15,0.1
404,404,Bolboşi,19,Gorj,0.15,0.15,0.1,0.15,0.1
405,405,Boldeşti,30,Prahova,0.15,0.15,0.1,0.15,0.1
406,406,Boldeşti-Scăeni,30,Prahova,0.15,0.15,0.1,0.15,0.1
407,407,Boldu,11,Buzău,0.15,0.15,0.1,0.15,0.1
408,408,Boldur,36,Timiş,0.15,0.15,0.1,0.15,0.1
409,409,Boloteşti,40,Vrancea,0.15,0.15,0.1,0.15,0.1
410,410,Bolovani,16,Dâmboviţa,0.15,0.15,0.1,0.15,0.1
411,411,Bolătău,04,Bacău,0.15,0.15,0.1,0.15,0.1
412,412,Borca,,Neamt,0.15,0.15,0.1,0.15,0.1
413,413,Borcea,41,Călăraşi,0.15,0.15,0.1,0.15,0.1
414,414,Borcut,25,Maramureş,0.15,0.15,0.1,0.15,0.1
415,415,Bordeasca Veche,40,Vrancea,0.15,0.15,0.1,0.15,0.1
416,416,Bordei Verde,08,Brăila,0.15,0.15,0.1,0.15,0.1
417,417,Bordenii Mari,30,Prahova,0.15,0.15,0.1,0.15,0.1
418,418,Bordenii Mici,30,Prahova,0.15,0.15,0.1,0.15,0.1
419,419,Bordeşti,40,Vrancea,0.15,0.15,0.1,0.15,0.1
420,420,Borduşani,22,Ialomiţa,0.15,0.15,0.1,0.15,0.1
421,421,Borleasa,06,Bistriţa-năsăud,0.15,0.15,0.1,0.15,0.1
422,422,Borleşti,,Neamt,0.15,0.15,0.1,0.15,0.1
423,423,Borlova,12,Caraş-severin,0.15,0.15,0.1,0.15,0.1
424,424,Borlovenii Noi,12,Caraş-severin,0.15,0.15,0.1,0.15,0.1
425,425,Borlovenii Vechi,12,Caraş-severin,0.15,0.15,0.1,0.15,0.1
426,426,Boroaia,34,Suceava,0.15,0.15,0.1,0.15,0.1
427,427,Borod,05,Bihor,0.15,0.15,0.1,0.15,0.1
428,428,Borosoaia,23,Iaşi,0.15,0.15,0.1,0.15,0.1
429,429,Borozel,05,Bihor,0.15,0.15,0.1,0.15,0.1
430,430,Boroşneu Mare,15,Covasna,0.15,0.15,0.1,0.15,0.1
431,431,Borsec,20,Harghita,0.15,0.15,0.1,0.15,0.1
432,432,Borumlaca,05,Bihor,0.15,0.15,0.1,0.15,0.1
433,433,Borzont,20,Harghita,0.15,0.15,0.1,0.15,0.1
434,434,Borăscu,19,Gorj,0.15,0.15,0.1,0.15,0.1
435,435,Borş,05,Bihor,0.15,0.15,0.1,0.15,0.1
436,436,Borşa,13,Cluj,0.15,0.15,0.1,0.15,0.1
437,437,Borşa,25,Maramureş,0.15,0.15,0.1,0.15,0.1
438,438,Bosanci,34,Suceava,0.15,0.15,0.1,0.15,0.1
439,439,Boscoteni,07,Botoşani,0.15,0.15,0.1,0.15,0.1
440,440,Bosia,23,Iaşi,0.15,0.15,0.1,0.15,0.1
441,441,Botean,05,Bihor,0.15,0.15,0.1,0.15,0.1
442,442,Boteni,16,Dâmboviţa,0.15,0.15,0.1,0.15,0.1
443,443,Boteni,03,Argeş,0.15,0.15,0.1,0.15,0.1
444,444,Botiz,32,Satu Mare,0.15,0.15,0.1,0.15,0.1
445,445,Botiza,25,Maramureş,0.15,0.15,0.1,0.15,0.1
446,446,Botorani,39,Vâlcea,0.15,0.15,0.1,0.15,0.1
447,447,Botoroaga,35,Teleorman,0.15,0.15,0.1,0.15,0.1
448,448,Botoşana,34,Suceava,0.15,0.15,0.1,0.15,0.1
449,449,Botoşani,07,Botoşani,0.15,0.15,0.1,0.15,0.1
450,450,Botoşeşti-Paia,17,Dolj,0.15,0.15,0.1,0.15,0.1
451,451,Boura,34,Suceava,0.15,0.15,0.1,0.15,0.1
452,452,Boureni,23,Iaşi,0.15,0.15,0.1,0.15,0.1
453,453,Boureni,17,Dolj,0.15,0.15,0.1,0.15,0.1
454,454,Boz,21,Hunedoara,0.15,0.15,0.1,0.15,0.1
455,455,Bozia,38,Vaslui,0.15,0.15,0.1,0.15,0.1
456,456,Bozieni,,Neamt,0.15,0.15,0.1,0.15,0.1
457,457,Bozioru,11,Buzău,0.15,0.15,0.1,0.15,0.1
458,458,Bozovici,12,Caraş-severin,0.15,0.15,0.1,0.15,0.1
459,459,Bozânta Mare,25,Maramureş,0.15,0.15,0.1,0.15,0.1
460,460,Boşorod,21,Hunedoara,0.15,0.15,0.1,0.15,0.1
461,461,Boţeşti,38,Vaslui,0.15,0.15,0.1,0.15,0.1
462,462,Boţeşti,03,Argeş,0.15,0.15,0.1,0.15,0.1
463,463,Brabova,17,Dolj,0.15,0.15,0.1,0.15,0.1
464,464,Brad,21,Hunedoara,0.15,0.15,0.1,0.15,0.1
465,465,Bradu,33,Sibiu,0.15,0.15,0.1,0.15,0.1
466,466,Bradu,,Neamt,0.15,0.15,0.1,0.15,0.1
467,467,Bradu,03,Argeş,0.15,0.15,0.1,0.15,0.1
468,468,Bragadiru,35,Teleorman,0.15,0.15,0.1,0.15,0.1
469,469,Bragadiru,43,Ilfov,0.15,0.15,0.1,0.15,0.1
470,470,Braloştiţa,17,Dolj,0.15,0.15,0.1,0.15,0.1
471,471,Bran,,Brasov,0.15,0.15,0.1,0.15,0.1
472,472,Braniştea,16,Dâmboviţa,0.15,0.15,0.1,0.15,0.1
473,473,Braniştea,18,Galaţi,0.15,0.15,0.1,0.15,0.1
474,474,Braniştea,06,Bistriţa-năsăud,0.15,0.15,0.1,0.15,0.1
475,475,Bratca,05,Bihor,0.15,0.15,0.1,0.15,0.1
476,476,Brateiu,33,Sibiu,0.15,0.15,0.1,0.15,0.1
477,477,Brateş,15,Covasna,0.15,0.15,0.1,0.15,0.1
478,478,Bratia din Vale,39,Vâlcea,0.15,0.15,0.1,0.15,0.1
479,479,Brazi,21,Hunedoara,0.15,0.15,0.1,0.15,0.1
480,480,Brazii,02,Arad,0.15,0.15,0.1,0.15,0.1
481,481,Brazii de Jos,30,Prahova,0.15,0.15,0.1,0.15,0.1
482,482,Brazii de Sus,30,Prahova,0.15,0.15,0.1,0.15,0.1
483,483,Braşov,,Brasov,0.15,0.15,0.1,0.15,0.1
484,484,Breasta,17,Dolj,0.15,0.15,0.1,0.15,0.1
485,485,Breaza,34,Suceava,0.15,0.15,0.1,0.15,0.1
486,486,Breaza,27,Mureş,0.15,0.15,0.1,0.15,0.1
487,487,Breaza,06,Bistriţa-năsăud,0.15,0.15,0.1,0.15,0.1
488,488,Breaza,11,Buzău,0.15,0.15,0.1,0.15,0.1
489,489,Breaza,,Brasov,0.15,0.15,0.1,0.15,0.1
490,490,Breaza,30,Prahova,0.15,0.15,0.1,0.15,0.1
491,491,Breaza de Jos,30,Prahova,0.15,0.15,0.1,0.15,0.1
492,492,Breaza de Sus,30,Prahova,0.15,0.15,0.1,0.15,0.1
493,493,Breazu,23,Iaşi,0.15,0.15,0.1,0.15,0.1
494,494,Breb,25,Maramureş,0.15,0.15,0.1,0.15,0.1
495,495,Brebeni,29,Olt,0.15,0.15,0.1,0.15,0.1
496,496,Brebi,31,Sălaj,0.15,0.15,0.1,0.15,0.1
497,497,Brebina,35,Teleorman,0.15,0.15,0.1,0.15,0.1
498,498,Brebu,12,Caraş-severin,0.15,0.15,0.1,0.15,0.1
499,499,Brebu,16,Dâmboviţa,0.15,0.15,0.1,0.15,0.1
500,500,Brebu Mânăstirei,30,Prahova,0.15,0.15,0.1,0.15,0.1
501,501,Brebu Nou,12,Caraş-severin,0.15,0.15,0.1,0.15,0.1
502,502,Bretea Română,21,Hunedoara,0.15,0.15,0.1,0.15,0.1
503,503,Brezniţa-Motru,26,Mehedinţi,0.15,0.15,0.1,0.15,0.1
504,504,Brezoaele,16,Dâmboviţa,0.15,0.15,0.1,0.15,0.1
505,505,Brezoaia,16,Dâmboviţa,0.15,0.15,0.1,0.15,0.1
506,506,Brezoi,39,Vâlcea,0.15,0.15,0.1,0.15,0.1
507,507,Breţcu,15,Covasna,0.15,0.15,0.1,0.15,0.1
508,508,Brodina,34,Suceava,0.15,0.15,0.1,0.15,0.1
509,509,Brodoc,38,Vaslui,0.15,0.15,0.1,0.15,0.1
510,510,Broscăuţi,07,Botoşani,0.15,0.15,0.1,0.15,0.1
511,511,Broşteni,26,Mehedinţi,0.15,0.15,0.1,0.15,0.1
512,512,Broşteni,34,Suceava,0.15,0.15,0.1,0.15,0.1
513,513,Broşteni,40,Vrancea,0.15,0.15,0.1,0.15,0.1
514,514,Bruiu,33,Sibiu,0.15,0.15,0.1,0.15,0.1
515,515,Brusturi,,Neamt,0.15,0.15,0.1,0.15,0.1
516,516,Brusturi,05,Bihor,0.15,0.15,0.1,0.15,0.1
517,517,Brusturoasa,04,Bacău,0.15,0.15,0.1,0.15,0.1
518,518,Brânceni,35,Teleorman,0.15,0.15,0.1,0.15,0.1
519,519,Brâncoveanca,35,Teleorman,0.15,0.15,0.1,0.15,0.1
520,520,Brâncoveanu,16,Dâmboviţa,0.15,0.15,0.1,0.15,0.1
521,521,Brâncoveneşti,27,Mureş,0.15,0.15,0.1,0.15,0.1
522,522,Brâncoveni,29,Olt,0.15,0.15,0.1,0.15,0.1
523,523,Brădeanu,11,Buzău,0.15,0.15,0.1,0.15,0.1
524,524,Brădeni,33,Sibiu,0.15,0.15,0.1,0.15,0.1
525,525,Brădet,15,Covasna,0.15,0.15,0.1,0.15,0.1
526,526,Brădet,19,Gorj,0.15,0.15,0.1,0.15,0.1
527,527,Brădet,05,Bihor,0.15,0.15,0.1,0.15,0.1
528,528,Brădetu,03,Argeş,0.15,0.15,0.1,0.15,0.1
529,529,Brădeşti,17,Dolj,0.15,0.15,0.1,0.15,0.1
530,530,Brădeşti,20,Harghita,0.15,0.15,0.1,0.15,0.1
531,531,Brădiceni,19,Gorj,0.15,0.15,0.1,0.15,0.1
532,532,Brăduleţ,03,Argeş,0.15,0.15,0.1,0.15,0.1
533,533,Brăduţ,15,Covasna,0.15,0.15,0.1,0.15,0.1
534,534,Brăeşti,11,Buzău,0.15,0.15,0.1,0.15,0.1
535,535,Brăeşti,23,Iaşi,0.15,0.15,0.1,0.15,0.1
536,536,Brăeşti,07,Botoşani,0.15,0.15,0.1,0.15,0.1
537,537,Brăgăreasa,11,Buzău,0.15,0.15,0.1,0.15,0.1
538,538,Brăila,08,Brăila,0.15,0.15,0.1,0.15,0.1
539,539,Brăneşti,43,Ilfov,0.15,0.15,0.1,0.15,0.1
540,540,Brăneşti,19,Gorj,0.15,0.15,0.1,0.15,0.1
541,541,Brăneşti,16,Dâmboviţa,0.15,0.15,0.1,0.15,0.1
542,542,Brănişca,21,Hunedoara,0.15,0.15,0.1,0.15,0.1
543,543,Brăteni,07,Botoşani,0.15,0.15,0.1,0.15,0.1
544,544,Brătila,04,Bacău,0.15,0.15,0.1,0.15,0.1
545,545,Bucea,13,Cluj,0.15,0.15,0.1,0.15,0.1
546,546,Bucecea,07,Botoşani,0.15,0.15,0.1,0.15,0.1
547,547,Bucerdea Vinoasă,01,Alba,0.15,0.15,0.1,0.15,0.1
548,548,Buceş,21,Hunedoara,0.15,0.15,0.1,0.15,0.1
549,549,Buchila,04,Bacău,0.15,0.15,0.1,0.15,0.1
550,550,Buchin,12,Caraş-severin,0.15,0.15,0.1,0.15,0.1
551,551,Bucinişu,29,Olt,0.15,0.15,0.1,0.15,0.1
552,552,Bucium,,Neamt,0.15,0.15,0.1,0.15,0.1
553,553,Bucium,01,Alba,0.15,0.15,0.1,0.15,0.1
554,554,Bucium-Orlea,21,Hunedoara,0.15,0.15,0.1,0.15,0.1
555,555,Buciumeni,18,Galaţi,0.15,0.15,0.1,0.15,0.1
556,556,Buciumeni,16,Dâmboviţa,0.15,0.15,0.1,0.15,0.1
557,557,Buciumeni,43,Ilfov,0.15,0.15,0.1,0.15,0.1
558,558,Buciumeni,41,Călăraşi,0.15,0.15,0.1,0.15,0.1
559,559,Buciumi,04,Bacău,0.15,0.15,0.1,0.15,0.1
560,560,Buciumi,31,Sălaj,0.15,0.15,0.1,0.15,0.1
561,561,Buciumi,25,Maramureş,0.15,0.15,0.1,0.15,0.1
562,562,Bucov,30,Prahova,0.15,0.15,0.1,0.15,0.1
563,563,Bucova,12,Caraş-severin,0.15,0.15,0.1,0.15,0.1
564,564,Bucovicior,17,Dolj,0.15,0.15,0.1,0.15,0.1
565,565,Bucovăţ,17,Dolj,0.15,0.15,0.1,0.15,0.1
566,566,Bucoşniţa,12,Caraş-severin,0.15,0.15,0.1,0.15,0.1
567,567,Bucu,22,Ialomiţa,0.15,0.15,0.1,0.15,0.1
568,568,Bucureşci,21,Hunedoara,0.15,0.15,0.1,0.15,0.1
569,569,Bucuroaia,05,Bihor,0.15,0.15,0.1,0.15,0.1
570,570,Bucşani,42,Giurgiu,0.15,0.15,0.1,0.15,0.1
571,571,Bucşani,16,Dâmboviţa,0.15,0.15,0.1,0.15,0.1
572,572,Buda,38,Vaslui,0.15,0.15,0.1,0.15,0.1
573,573,Buda,30,Prahova,0.15,0.15,0.1,0.15,0.1
574,574,Buda,11,Buzău,0.15,0.15,0.1,0.15,0.1
575,575,Buda,40,Vrancea,0.15,0.15,0.1,0.15,0.1
576,576,Buda,34,Suceava,0.15,0.15,0.1,0.15,0.1
577,577,Buda,04,Bacău,0.15,0.15,0.1,0.15,0.1
578,578,Buda,23,Iaşi,0.15,0.15,0.1,0.15,0.1
579,579,Budacu de Jos,06,Bistriţa-năsăud,0.15,0.15,0.1,0.15,0.1
580,580,Budacu de Sus,06,Bistriţa-năsăud,0.15,0.15,0.1,0.15,0.1
581,581,Budeasa,03,Argeş,0.15,0.15,0.1,0.15,0.1
582,582,Budeasa Mare,03,Argeş,0.15,0.15,0.1,0.15,0.1
583,583,Budeasa Mică,03,Argeş,0.15,0.15,0.1,0.15,0.1
584,584,Budeni,34,Suceava,0.15,0.15,0.1,0.15,0.1
585,585,Budeni,42,Giurgiu,0.15,0.15,0.1,0.15,0.1
586,586,Budeşti,41,Călăraşi,0.15,0.15,0.1,0.15,0.1
587,587,Budeşti,39,Vâlcea,0.15,0.15,0.1,0.15,0.1
588,588,Budeşti,06,Bistriţa-năsăud,0.15,0.15,0.1,0.15,0.1
589,589,Budeşti,25,Maramureş,0.15,0.15,0.1,0.15,0.1
590,590,Budieni,19,Gorj,0.15,0.15,0.1,0.15,0.1
591,591,Budila,,Brasov,0.15,0.15,0.1,0.15,0.1
592,592,Buduhala,19,Gorj,0.15,0.15,0.1,0.15,0.1
593,593,Budureasa,05,Bihor,0.15,0.15,0.1,0.15,0.1
594,594,Budus,06,Bistriţa-năsăud,0.15,0.15,0.1,0.15,0.1
595,595,Buduslău,05,Bihor,0.15,0.15,0.1,0.15,0.1
596,596,Budăi,23,Iaşi,0.15,0.15,0.1,0.15,0.1
597,597,Buftea,43,Ilfov,0.15,0.15,0.1,0.15,0.1
598,598,Bughea de Jos,30,Prahova,0.15,0.15,0.1,0.15,0.1
599,599,Bughea de Jos,03,Argeş,0.15,0.15,0.1,0.15,0.1
600,600,Bughea de Sus,03,Argeş,0.15,0.15,0.1,0.15,0.1
601,601,Buhoci,04,Bacău,0.15,0.15,0.1,0.15,0.1
602,602,Buhonca,,Neamt,0.15,0.15,0.1,0.15,0.1
603,603,Buhuşi,04,Bacău,0.15,0.15,0.1,0.15,0.1
604,604,Buhăceni,07,Botoşani,0.15,0.15,0.1,0.15,0.1
605,605,Buia,33,Sibiu,0.15,0.15,0.1,0.15,0.1
606,606,Buimăceni,07,Botoşani,0.15,0.15,0.1,0.15,0.1
607,607,Bujoreanca,16,Dâmboviţa,0.15,0.15,0.1,0.15,0.1
608,608,Bujoreni,39,Vâlcea,0.15,0.15,0.1,0.15,0.1
609,609,Bujoreni,35,Teleorman,0.15,0.15,0.1,0.15,0.1
610,610,Bujoru,35,Teleorman,0.15,0.15,0.1,0.15,0.1
611,611,Bulai,34,Suceava,0.15,0.15,0.1,0.15,0.1
612,612,Bulbucani,23,Iaşi,0.15,0.15,0.1,0.15,0.1
613,613,Bulbucata,42,Giurgiu,0.15,0.15,0.1,0.15,0.1
614,614,Bulbuceni,19,Gorj,0.15,0.15,0.1,0.15,0.1
615,615,Buleta,39,Vâlcea,0.15,0.15,0.1,0.15,0.1
616,616,Buliga,22,Ialomiţa,0.15,0.15,0.1,0.15,0.1
617,617,Bulz,05,Bihor,0.15,0.15,0.1,0.15,0.1
618,618,Bulzeşti,17,Dolj,0.15,0.15,0.1,0.15,0.1
619,619,Bumbeşti-Jiu,19,Gorj,0.15,0.15,0.1,0.15,0.1
620,620,Buneşti,,Brasov,0.15,0.15,0.1,0.15,0.1
621,621,Buneşti,39,Vâlcea,0.15,0.15,0.1,0.15,0.1
622,622,Buneşti,38,Vaslui,0.15,0.15,0.1,0.15,0.1
623,623,Bungetu,16,Dâmboviţa,0.15,0.15,0.1,0.15,0.1
624,624,Bunila,21,Hunedoara,0.15,0.15,0.1,0.15,0.1
625,625,Bunteşti,05,Bihor,0.15,0.15,0.1,0.15,0.1
626,626,Burca,40,Vrancea,0.15,0.15,0.1,0.15,0.1
627,627,Burcioaia,40,Vrancea,0.15,0.15,0.1,0.15,0.1
628,628,Burdea,03,Argeş,0.15,0.15,0.1,0.15,0.1
629,629,Burduca,16,Dâmboviţa,0.15,0.15,0.1,0.15,0.1
630,630,Burila Mare,26,Mehedinţi,0.15,0.15,0.1,0.15,0.1
631,631,Burila Mică,26,Mehedinţi,0.15,0.15,0.1,0.15,0.1
632,632,Burjuc,21,Hunedoara,0.15,0.15,0.1,0.15,0.1
633,633,Burla,34,Suceava,0.15,0.15,0.1,0.15,0.1
634,634,Bursuc-Deal,23,Iaşi,0.15,0.15,0.1,0.15,0.1
635,635,Bursucani,18,Galaţi,0.15,0.15,0.1,0.15,0.1
636,636,Bursuceni,34,Suceava,0.15,0.15,0.1,0.15,0.1
637,637,Bursuci,38,Vaslui,0.15,0.15,0.1,0.15,0.1
638,638,Burzuc,05,Bihor,0.15,0.15,0.1,0.15,0.1
639,639,Busca,29,Olt,0.15,0.15,0.1,0.15,0.1
640,640,Bustuchin,19,Gorj,0.15,0.15,0.1,0.15,0.1
641,641,Busu,17,Dolj,0.15,0.15,0.1,0.15,0.1
642,642,Buta,29,Olt,0.15,0.15,0.1,0.15,0.1
643,643,Butea,23,Iaşi,0.15,0.15,0.1,0.15,0.1
644,644,Buteni,02,Arad,0.15,0.15,0.1,0.15,0.1
645,645,Butimanu,16,Dâmboviţa,0.15,0.15,0.1,0.15,0.1
646,646,Butoieşti,26,Mehedinţi,0.15,0.15,0.1,0.15,0.1
647,647,Butoiu,22,Ialomiţa,0.15,0.15,0.1,0.15,0.1
648,648,Butoiu de Jos,16,Dâmboviţa,0.15,0.15,0.1,0.15,0.1
649,649,Butoiu de Sus,16,Dâmboviţa,0.15,0.15,0.1,0.15,0.1
650,650,Buturugeni,42,Giurgiu,0.15,0.15,0.1,0.15,0.1
651,651,Buza,13,Cluj,0.15,0.15,0.1,0.15,0.1
652,652,Buzd,33,Sibiu,0.15,0.15,0.1,0.15,0.1
653,653,Buzescu,35,Teleorman,0.15,0.15,0.1,0.15,0.1
654,654,Buziaş,36,Timiş,0.15,0.15,0.1,0.15,0.1
655,655,Buznea,23,Iaşi,0.15,0.15,0.1,0.15,0.1
656,656,Buzoeni,41,Călăraşi,0.15,0.15,0.1,0.15,0.1
657,657,Buzoeşti,03,Argeş,0.15,0.15,0.1,0.15,0.1
658,658,Buzăiel,,Brasov,0.15,0.15,0.1,0.15,0.1
659,659,Buzău,11,Buzău,0.15,0.15,0.1,0.15,0.1
660,660,Buşteni,30,Prahova,0.15,0.15,0.1,0.15,0.1
661,661,Bâcu,23,Iaşi,0.15,0.15,0.1,0.15,0.1
662,662,Bâcu,42,Giurgiu,0.15,0.15,0.1,0.15,0.1
663,663,Bâlca,04,Bacău,0.15,0.15,0.1,0.15,0.1
664,664,Bâldana,16,Dâmboviţa,0.15,0.15,0.1,0.15,0.1
665,665,Bâlta,19,Gorj,0.15,0.15,0.1,0.15,0.1
666,666,Bâlta,17,Dolj,0.15,0.15,0.1,0.15,0.1
667,667,Bâlteni,19,Gorj,0.15,0.15,0.1,0.15,0.1
668,668,Bâlvăneşti,26,Mehedinţi,0.15,0.15,0.1,0.15,0.1
669,669,Bâra,30,Prahova,0.15,0.15,0.1,0.15,0.1
670,670,Bâra,,Neamt,0.15,0.15,0.1,0.15,0.1
671,671,Bârca,29,Olt,0.15,0.15,0.1,0.15,0.1
672,672,Bârca,17,Dolj,0.15,0.15,0.1,0.15,0.1
673,673,Bârghiş,33,Sibiu,0.15,0.15,0.1,0.15,0.1
674,674,Bârgăuani,,Neamt,0.15,0.15,0.1,0.15,0.1
675,675,Bârla,03,Argeş,0.15,0.15,0.1,0.15,0.1
676,676,Bârlad,38,Vaslui,0.15,0.15,0.1,0.15,0.1
677,677,Bârlogu,03,Argeş,0.15,0.15,0.1,0.15,0.1
678,678,Bârna,36,Timiş,0.15,0.15,0.1,0.15,0.1
679,679,Bârnova,23,Iaşi,0.15,0.15,0.1,0.15,0.1
680,680,Bârsa,02,Arad,0.15,0.15,0.1,0.15,0.1
681,681,Bârsana,25,Maramureş,0.15,0.15,0.1,0.15,0.1
682,682,Bârseşti,40,Vrancea,0.15,0.15,0.1,0.15,0.1
683,683,Bârsoiu,39,Vâlcea,0.15,0.15,0.1,0.15,0.1
684,684,Bârsăneşti,04,Bacău,0.15,0.15,0.1,0.15,0.1
685,685,Bârsău,21,Hunedoara,0.15,0.15,0.1,0.15,0.1
686,686,Bârsău de Jos,32,Satu Mare,0.15,0.15,0.1,0.15,0.1
687,687,Bârsău de Sus,32,Satu Mare,0.15,0.15,0.1,0.15,0.1
688,688,Bârza,29,Olt,0.15,0.15,0.1,0.15,0.1
689,689,Bârza,12,Caraş-severin,0.15,0.15,0.1,0.15,0.1
690,690,Bârza,27,Mureş,0.15,0.15,0.1,0.15,0.1
691,691,Bârzava,20,Harghita,0.15,0.15,0.1,0.15,0.1
692,692,Bârzava,02,Arad,0.15,0.15,0.1,0.15,0.1
693,693,Bâsca Chiojdului,11,Buzău,0.15,0.15,0.1,0.15,0.1
694,694,Bâsca Rozilei,11,Buzău,0.15,0.15,0.1,0.15,0.1
695,695,Bâscenii de Jos,11,Buzău,0.15,0.15,0.1,0.15,0.1
696,696,Bâscenii de Sus,11,Buzău,0.15,0.15,0.1,0.15,0.1
697,697,Bâscoveni,35,Teleorman,0.15,0.15,0.1,0.15,0.1
698,698,Băbana,03,Argeş,0.15,0.15,0.1,0.15,0.1
699,699,Băbeni,31,Sălaj,0.15,0.15,0.1,0.15,0.1
700,700,Băbeni,11,Buzău,0.15,0.15,0.1,0.15,0.1
701,701,Băbeni,39,Vâlcea,0.15,0.15,0.1,0.15,0.1
702,702,Băbiceni,07,Botoşani,0.15,0.15,0.1,0.15,0.1
703,703,Băbiciu,29,Olt,0.15,0.15,0.1,0.15,0.1
704,704,Băbăiţa,35,Teleorman,0.15,0.15,0.1,0.15,0.1
705,705,Băcani,38,Vaslui,0.15,0.15,0.1,0.15,0.1
706,706,Băceşti,38,Vaslui,0.15,0.15,0.1,0.15,0.1
707,707,Băcia,21,Hunedoara,0.15,0.15,0.1,0.15,0.1
708,708,Băcioiu,04,Bacău,0.15,0.15,0.1,0.15,0.1
709,709,Băcăoani,38,Vaslui,0.15,0.15,0.1,0.15,0.1
710,710,Bădeana,38,Vaslui,0.15,0.15,0.1,0.15,0.1
711,711,Bădeni,16,Dâmboviţa,0.15,0.15,0.1,0.15,0.1
712,712,Bădeni,03,Argeş,0.15,0.15,0.1,0.15,0.1
713,713,Bădeni,13,Cluj,0.15,0.15,0.1,0.15,0.1
714,714,Bădeni,23,Iaşi,0.15,0.15,0.1,0.15,0.1
715,715,Băduleasa,35,Teleorman,0.15,0.15,0.1,0.15,0.1
716,716,Bădăcin,31,Sălaj,0.15,0.15,0.1,0.15,0.1
717,717,Băgaciu,27,Mureş,0.15,0.15,0.1,0.15,0.1
718,718,Băgău,01,Alba,0.15,0.15,0.1,0.15,0.1
719,719,Băiceni,07,Botoşani,0.15,0.15,0.1,0.15,0.1
720,720,Băicoi,30,Prahova,0.15,0.15,0.1,0.15,0.1
721,721,Băiculeşti,03,Argeş,0.15,0.15,0.1,0.15,0.1
722,722,Băile,11,Buzău,0.15,0.15,0.1,0.15,0.1
723,723,Băile Drânceni,38,Vaslui,0.15,0.15,0.1,0.15,0.1
724,724,Băile Govora,39,Vâlcea,0.15,0.15,0.1,0.15,0.1
725,725,Băile Herculane,12,Caraş-severin,0.15,0.15,0.1,0.15,0.1
726,726,Băile Olăneşti,39,Vâlcea,0.15,0.15,0.1,0.15,0.1
727,727,Băile Tuşnad,20,Harghita,0.15,0.15,0.1,0.15,0.1
728,728,Băileşti,17,Dolj,0.15,0.15,0.1,0.15,0.1
729,729,Băiuţ,25,Maramureş,0.15,0.15,0.1,0.15,0.1
730,730,Băişoara,13,Cluj,0.15,0.15,0.1,0.15,0.1
731,731,Băiţa,21,Hunedoara,0.15,0.15,0.1,0.15,0.1
732,732,Băiţa de sub Codru,25,Maramureş,0.15,0.15,0.1,0.15,0.1
733,733,Băla,27,Mureş,0.15,0.15,0.1,0.15,0.1
734,734,Bălaia,05,Bihor,0.15,0.15,0.1,0.15,0.1
735,735,Bălan,20,Harghita,0.15,0.15,0.1,0.15,0.1
736,736,Bălan,31,Sălaj,0.15,0.15,0.1,0.15,0.1
737,737,Bălanu,42,Giurgiu,0.15,0.15,0.1,0.15,0.1
738,738,Bălcaciu,01,Alba,0.15,0.15,0.1,0.15,0.1
739,739,Bălceşti,39,Vâlcea,0.15,0.15,0.1,0.15,0.1
740,740,Bălcăuţi,34,Suceava,0.15,0.15,0.1,0.15,0.1
741,741,Băleasa,29,Olt,0.15,0.15,0.1,0.15,0.1
742,742,Băleni,18,Galaţi,0.15,0.15,0.1,0.15,0.1
743,743,Băleşti,40,Vrancea,0.15,0.15,0.1,0.15,0.1
744,744,Băleşti,19,Gorj,0.15,0.15,0.1,0.15,0.1
745,745,Bălileşti,03,Argeş,0.15,0.15,0.1,0.15,0.1
746,746,Bălnaca,05,Bihor,0.15,0.15,0.1,0.15,0.1
747,747,Bălteni,38,Vaslui,0.15,0.15,0.1,0.15,0.1
748,748,Bălteni,29,Olt,0.15,0.15,0.1,0.15,0.1
749,749,Bălteni,16,Dâmboviţa,0.15,0.15,0.1,0.15,0.1
750,750,Bălteni,11,Buzău,0.15,0.15,0.1,0.15,0.1
751,751,Bălteni,23,Iaşi,0.15,0.15,0.1,0.15,0.1
752,752,Băluşeni,07,Botoşani,0.15,0.15,0.1,0.15,0.1
753,753,Bălăceana,34,Suceava,0.15,0.15,0.1,0.15,0.1
754,754,Bălăceanca,43,Ilfov,0.15,0.15,0.1,0.15,0.1
755,755,Bălăceanu,11,Buzău,0.15,0.15,0.1,0.15,0.1
756,756,Bălăciţa,26,Mehedinţi,0.15,0.15,0.1,0.15,0.1
757,757,Bălăneasa,04,Bacău,0.15,0.15,0.1,0.15,0.1
758,758,Bălăneşti,19,Gorj,0.15,0.15,0.1,0.15,0.1
759,759,Bălăuşeri,27,Mureş,0.15,0.15,0.1,0.15,0.1
760,760,Bălăşeşti,18,Galaţi,0.15,0.15,0.1,0.15,0.1
761,761,Bălţaţi,23,Iaşi,0.15,0.15,0.1,0.15,0.1
762,762,Bălţăteşti,,Neamt,0.15,0.15,0.1,0.15,0.1
763,763,Băndoiu,08,Brăila,0.15,0.15,0.1,0.15,0.1
764,764,Băneasa,42,Giurgiu,0.15,0.15,0.1,0.15,0.1
765,765,Băneasa,35,Teleorman,0.15,0.15,0.1,0.15,0.1
766,766,Băneasa,18,Galaţi,0.15,0.15,0.1,0.15,0.1
767,767,Băneasa,,Constanta,0.15,0.15,0.1,0.15,0.1
768,768,Băneşti,30,Prahova,0.15,0.15,0.1,0.15,0.1
769,769,Bănia,12,Caraş-severin,0.15,0.15,0.1,0.15,0.1
770,770,Bănişor,31,Sălaj,0.15,0.15,0.1,0.15,0.1
771,771,Băniţa,21,Hunedoara,0.15,0.15,0.1,0.15,0.1
772,772,Bărboi,17,Dolj,0.15,0.15,0.1,0.15,0.1
773,773,Bărbuceni,39,Vâlcea,0.15,0.15,0.1,0.15,0.1
774,774,Bărbuleţu,16,Dâmboviţa,0.15,0.15,0.1,0.15,0.1
775,775,Bărbăteşti,39,Vâlcea,0.15,0.15,0.1,0.15,0.1
776,776,Bărbăteşti,19,Gorj,0.15,0.15,0.1,0.15,0.1
777,777,Bărcăneşti,22,Ialomiţa,0.15,0.15,0.1,0.15,0.1
778,778,Bărcăneşti,,Neamt,0.15,0.15,0.1,0.15,0.1
779,779,Bărcăneşti,30,Prahova,0.15,0.15,0.1,0.15,0.1
780,780,Bărăganu,,Constanta,0.15,0.15,0.1,0.15,0.1
781,781,Bărăganul,08,Brăila,0.15,0.15,0.1,0.15,0.1
782,782,Bărăitaru,30,Prahova,0.15,0.15,0.1,0.15,0.1
783,783,Bărăteaz,36,Timiş,0.15,0.15,0.1,0.15,0.1
784,784,Băseşti,25,Maramureş,0.15,0.15,0.1,0.15,0.1
785,785,Bătarci,32,Satu Mare,0.15,0.15,0.1,0.15,0.1
786,786,Bătrâna,21,Hunedoara,0.15,0.15,0.1,0.15,0.1
787,787,Bătrâni,30,Prahova,0.15,0.15,0.1,0.15,0.1
788,788,Băuţar,12,Caraş-severin,0.15,0.15,0.1,0.15,0.1
789,789,Băţanii Mari,15,Covasna,0.15,0.15,0.1,0.15,0.1
790,790,C.A. Rosetti,37,Tulcea,0.15,0.15,0.1,0.15,0.1
791,791,Cacica,34,Suceava,0.15,0.15,0.1,0.15,0.1
792,792,Cacova Ierii,13,Cluj,0.15,0.15,0.1,0.15,0.1
793,793,Cadea,05,Bihor,0.15,0.15,0.1,0.15,0.1
794,794,Cajvana,34,Suceava,0.15,0.15,0.1,0.15,0.1
795,795,Calafat,17,Dolj,0.15,0.15,0.1,0.15,0.1
796,796,Calafindeşti,34,Suceava,0.15,0.15,0.1,0.15,0.1
797,797,Calapăru,19,Gorj,0.15,0.15,0.1,0.15,0.1
798,798,Calea Mare,05,Bihor,0.15,0.15,0.1,0.15,0.1
799,799,Calnic,15,Covasna,0.15,0.15,0.1,0.15,0.1
800,800,Calopăr,17,Dolj,0.15,0.15,0.1,0.15,0.1
801,801,Calvini,11,Buzău,0.15,0.15,0.1,0.15,0.1
802,802,Camena,37,Tulcea,0.15,0.15,0.1,0.15,0.1
803,803,Camenca,04,Bacău,0.15,0.15,0.1,0.15,0.1
804,804,Camăr,31,Sălaj,0.15,0.15,0.1,0.15,0.1
805,805,Canlia,,Constanta,0.15,0.15,0.1,0.15,0.1
806,806,Caporal Alexa,02,Arad,0.15,0.15,0.1,0.15,0.1
807,807,Capu Codrului,34,Suceava,0.15,0.15,0.1,0.15,0.1
808,808,Capu Corbului,20,Harghita,0.15,0.15,0.1,0.15,0.1
809,809,Capu Câmpului,34,Suceava,0.15,0.15,0.1,0.15,0.1
810,810,Capu Dealului,19,Gorj,0.15,0.15,0.1,0.15,0.1
811,811,Capu Piscului,03,Argeş,0.15,0.15,0.1,0.15,0.1
812,812,Cara,13,Cluj,0.15,0.15,0.1,0.15,0.1
813,813,Caracal,29,Olt,0.15,0.15,0.1,0.15,0.1
814,814,Caraclău,04,Bacău,0.15,0.15,0.1,0.15,0.1
815,815,Caragele,11,Buzău,0.15,0.15,0.1,0.15,0.1
816,816,Carani,36,Timiş,0.15,0.15,0.1,0.15,0.1
817,817,Caransebeş,12,Caraş-severin,0.15,0.15,0.1,0.15,0.1
818,818,Carasa,07,Botoşani,0.15,0.15,0.1,0.15,0.1
819,819,Carastelec,31,Sălaj,0.15,0.15,0.1,0.15,0.1
820,820,Caraula,17,Dolj,0.15,0.15,0.1,0.15,0.1
821,821,Caraşova,12,Caraş-severin,0.15,0.15,0.1,0.15,0.1
822,822,Carcaliu,37,Tulcea,0.15,0.15,0.1,0.15,0.1
823,823,Carei,32,Satu Mare,0.15,0.15,0.1,0.15,0.1
824,824,Carpen,17,Dolj,0.15,0.15,0.1,0.15,0.1
825,825,Cartiu,19,Gorj,0.15,0.15,0.1,0.15,0.1
826,826,Cartojani,42,Giurgiu,0.15,0.15,0.1,0.15,0.1
827,827,Carvăn,,Constanta,0.15,0.15,0.1,0.15,0.1
828,828,Casa Veche,39,Vâlcea,0.15,0.15,0.1,0.15,0.1
829,829,Casimcea,37,Tulcea,0.15,0.15,0.1,0.15,0.1
830,830,Casinu Nou,20,Harghita,0.15,0.15,0.1,0.15,0.1
831,831,Castelu,,Constanta,0.15,0.15,0.1,0.15,0.1
832,832,Castranova,17,Dolj,0.15,0.15,0.1,0.15,0.1
833,833,Castrele Traiane,17,Dolj,0.15,0.15,0.1,0.15,0.1
834,834,Catalina,15,Covasna,0.15,0.15,0.1,0.15,0.1
835,835,Cataloi,37,Tulcea,0.15,0.15,0.1,0.15,0.1
836,836,Catane,17,Dolj,0.15,0.15,0.1,0.15,0.1
837,837,Catanele,29,Olt,0.15,0.15,0.1,0.15,0.1
838,838,Cauaceu,05,Bihor,0.15,0.15,0.1,0.15,0.1
839,839,Cavadineşti,18,Galaţi,0.15,0.15,0.1,0.15,0.1
840,840,Cavnic,25,Maramureş,0.15,0.15,0.1,0.15,0.1
841,841,Cazaci,,Neamt,0.15,0.15,0.1,0.15,0.1
842,842,Cazaci,16,Dâmboviţa,0.15,0.15,0.1,0.15,0.1
843,843,Cazasu,08,Brăila,0.15,0.15,0.1,0.15,0.1
844,844,Caşin,04,Bacău,0.15,0.15,0.1,0.15,0.1
845,845,Caţa,,Brasov,0.15,0.15,0.1,0.15,0.1
846,846,Ceacu,41,Călăraşi,0.15,0.15,0.1,0.15,0.1
847,847,Ceahlău,,Neamt,0.15,0.15,0.1,0.15,0.1
848,848,Ceamurlia de Jos,37,Tulcea,0.15,0.15,0.1,0.15,0.1
849,849,Ceamurlia de Sus,37,Tulcea,0.15,0.15,0.1,0.15,0.1
850,850,Ceanu Mare,13,Cluj,0.15,0.15,0.1,0.15,0.1
851,851,Ceanu Mic,13,Cluj,0.15,0.15,0.1,0.15,0.1
852,852,Ceardac,40,Vrancea,0.15,0.15,0.1,0.15,0.1
853,853,Ceatalchioi,37,Tulcea,0.15,0.15,0.1,0.15,0.1
854,854,Ceauru,19,Gorj,0.15,0.15,0.1,0.15,0.1
855,855,Cebza,36,Timiş,0.15,0.15,0.1,0.15,0.1
856,856,Cefa,05,Bihor,0.15,0.15,0.1,0.15,0.1
857,857,Cegani,22,Ialomiţa,0.15,0.15,0.1,0.15,0.1
858,858,Cehal,32,Satu Mare,0.15,0.15,0.1,0.15,0.1
859,859,Cehei,31,Sălaj,0.15,0.15,0.1,0.15,0.1
860,860,Cehu Silvaniei,31,Sălaj,0.15,0.15,0.1,0.15,0.1
861,861,Ceica,05,Bihor,0.15,0.15,0.1,0.15,0.1
862,862,Celaru,17,Dolj,0.15,0.15,0.1,0.15,0.1
863,863,Celei,19,Gorj,0.15,0.15,0.1,0.15,0.1
864,864,Cenad,36,Timiş,0.15,0.15,0.1,0.15,0.1
865,865,Cenade,01,Alba,0.15,0.15,0.1,0.15,0.1
866,866,Cenei,36,Timiş,0.15,0.15,0.1,0.15,0.1
867,867,Cepari,29,Olt,0.15,0.15,0.1,0.15,0.1
868,868,Ceparii Pământeni,03,Argeş,0.15,0.15,0.1,0.15,0.1
869,869,Cepleniţa,23,Iaşi,0.15,0.15,0.1,0.15,0.1
870,870,Ceptura de Jos,30,Prahova,0.15,0.15,0.1,0.15,0.1
871,871,Ceptura de Sus,30,Prahova,0.15,0.15,0.1,0.15,0.1
872,872,Ceraşu,30,Prahova,0.15,0.15,0.1,0.15,0.1
873,873,Cerbu,03,Argeş,0.15,0.15,0.1,0.15,0.1
874,874,Cerbu,07,Botoşani,0.15,0.15,0.1,0.15,0.1
875,875,Cerbureni,03,Argeş,0.15,0.15,0.1,0.15,0.1
876,876,Cerbăl,21,Hunedoara,0.15,0.15,0.1,0.15,0.1
877,877,Cerchejeni,07,Botoşani,0.15,0.15,0.1,0.15,0.1
878,878,Cerchezu,,Constanta,0.15,0.15,0.1,0.15,0.1
879,879,Cerdac,04,Bacău,0.15,0.15,0.1,0.15,0.1
880,880,Ceretu,39,Vâlcea,0.15,0.15,0.1,0.15,0.1
881,881,Cerghid,27,Mureş,0.15,0.15,0.1,0.15,0.1
882,882,Cerghizel,27,Mureş,0.15,0.15,0.1,0.15,0.1
883,883,Cergău Mare,01,Alba,0.15,0.15,0.1,0.15,0.1
884,884,Cergău Mic,01,Alba,0.15,0.15,0.1,0.15,0.1
885,885,Cermei,02,Arad,0.15,0.15,0.1,0.15,0.1
886,886,Cerna,37,Tulcea,0.15,0.15,0.1,0.15,0.1
887,887,Cernat,15,Covasna,0.15,0.15,0.1,0.15,0.1
888,888,Cernavodă,,Constanta,0.15,0.15,0.1,0.15,0.1
889,889,Cernele,17,Dolj,0.15,0.15,0.1,0.15,0.1
890,890,Cernetu,35,Teleorman,0.15,0.15,0.1,0.15,0.1
891,891,Cerneşti,25,Maramureş,0.15,0.15,0.1,0.15,0.1
892,892,Cernica,43,Ilfov,0.15,0.15,0.1,0.15,0.1
893,893,Cernişoara,39,Vâlcea,0.15,0.15,0.1,0.15,0.1
894,894,Cernu,04,Bacău,0.15,0.15,0.1,0.15,0.1
895,895,Cernădia,19,Gorj,0.15,0.15,0.1,0.15,0.1
896,896,Cernăteşti,11,Buzău,0.15,0.15,0.1,0.15,0.1
897,897,Cernăteşti,17,Dolj,0.15,0.15,0.1,0.15,0.1
898,898,Certeju de Sus,21,Hunedoara,0.15,0.15,0.1,0.15,0.1
899,899,Certeze,32,Satu Mare,0.15,0.15,0.1,0.15,0.1
900,900,Ceru-Băcăinţi,01,Alba,0.15,0.15,0.1,0.15,0.1
901,901,Cervenia,35,Teleorman,0.15,0.15,0.1,0.15,0.1
902,902,Cerăt,17,Dolj,0.15,0.15,0.1,0.15,0.1
903,903,Cerţeşti,18,Galaţi,0.15,0.15,0.1,0.15,0.1
904,904,Cetan,13,Cluj,0.15,0.15,0.1,0.15,0.1
905,905,Cetariu,05,Bihor,0.15,0.15,0.1,0.15,0.1
906,906,Cetate,17,Dolj,0.15,0.15,0.1,0.15,0.1
907,907,Cetatea,35,Teleorman,0.15,0.15,0.1,0.15,0.1
908,908,Cetatea,42,Giurgiu,0.15,0.15,0.1,0.15,0.1
909,909,Cetatea Veche,41,Călăraşi,0.15,0.15,0.1,0.15,0.1
910,910,Cetatea de Baltă,01,Alba,0.15,0.15,0.1,0.15,0.1
911,911,Cetea,01,Alba,0.15,0.15,0.1,0.15,0.1
912,912,Cetăţeni,03,Argeş,0.15,0.15,0.1,0.15,0.1
913,913,Cezieni,29,Olt,0.15,0.15,0.1,0.15,0.1
914,914,Checea,36,Timiş,0.15,0.15,0.1,0.15,0.1
915,915,Cheglevici,36,Timiş,0.15,0.15,0.1,0.15,0.1
916,916,Cheia,39,Vâlcea,0.15,0.15,0.1,0.15,0.1
917,917,Cheia,13,Cluj,0.15,0.15,0.1,0.15,0.1
918,918,Cheia,,Brasov,0.15,0.15,0.1,0.15,0.1
919,919,Chendrea,31,Sălaj,0.15,0.15,0.1,0.15,0.1
920,920,Chendu,27,Mureş,0.15,0.15,0.1,0.15,0.1
921,921,Cherechiu,05,Bihor,0.15,0.15,0.1,0.15,0.1
922,922,Cherestur,36,Timiş,0.15,0.15,0.1,0.15,0.1
923,923,Cheriu,05,Bihor,0.15,0.15,0.1,0.15,0.1
924,924,Chet,05,Bihor,0.15,0.15,0.1,0.15,0.1
925,925,Cheud,31,Sălaj,0.15,0.15,0.1,0.15,0.1
926,926,Chevereşu Mare,36,Timiş,0.15,0.15,0.1,0.15,0.1
927,927,Cheţani,27,Mureş,0.15,0.15,0.1,0.15,0.1
928,928,Chiajna,43,Ilfov,0.15,0.15,0.1,0.15,0.1
929,929,Chibed,27,Mureş,0.15,0.15,0.1,0.15,0.1
930,930,Chicerea,23,Iaşi,0.15,0.15,0.1,0.15,0.1
931,931,Chichiş,15,Covasna,0.15,0.15,0.1,0.15,0.1
932,932,Chier,02,Arad,0.15,0.15,0.1,0.15,0.1
933,933,Chieşd,31,Sălaj,0.15,0.15,0.1,0.15,0.1
934,934,Chiheru de Jos,27,Mureş,0.15,0.15,0.1,0.15,0.1
935,935,Chileni,20,Harghita,0.15,0.15,0.1,0.15,0.1
936,936,Chilia Veche,37,Tulcea,0.15,0.15,0.1,0.15,0.1
937,937,Chilieni,15,Covasna,0.15,0.15,0.1,0.15,0.1
938,938,Chilii,,Neamt,0.15,0.15,0.1,0.15,0.1
939,939,Chiliile,11,Buzău,0.15,0.15,0.1,0.15,0.1
940,940,Chinari,27,Mureş,0.15,0.15,0.1,0.15,0.1
941,941,Chintelnic,06,Bistriţa-năsăud,0.15,0.15,0.1,0.15,0.1
942,942,Chinteni,13,Cluj,0.15,0.15,0.1,0.15,0.1
943,943,Chintinici,,Neamt,0.15,0.15,0.1,0.15,0.1
944,944,Chiochiş,06,Bistriţa-năsăud,0.15,0.15,0.1,0.15,0.1
945,945,Chiojdeanca,30,Prahova,0.15,0.15,0.1,0.15,0.1
946,946,Chiojdeni,40,Vrancea,0.15,0.15,0.1,0.15,0.1
947,947,Chiojdu,11,Buzău,0.15,0.15,0.1,0.15,0.1
948,948,Chiraftei,18,Galaţi,0.15,0.15,0.1,0.15,0.1
949,949,Chiraleu,05,Bihor,0.15,0.15,0.1,0.15,0.1
950,950,Chiriacu,42,Giurgiu,0.15,0.15,0.1,0.15,0.1
951,951,Chirileu,27,Mureş,0.15,0.15,0.1,0.15,0.1
952,952,Chirnogeni,,Constanta,0.15,0.15,0.1,0.15,0.1
953,953,Chirnogi,41,Călăraşi,0.15,0.15,0.1,0.15,0.1
954,954,Chirpăr,33,Sibiu,0.15,0.15,0.1,0.15,0.1
955,955,Chiscani,08,Brăila,0.15,0.15,0.1,0.15,0.1
956,956,Chiselet,41,Călăraşi,0.15,0.15,0.1,0.15,0.1
957,957,Chisindia,02,Arad,0.15,0.15,0.1,0.15,0.1
958,958,Chistag,05,Bihor,0.15,0.15,0.1,0.15,0.1
959,959,Chitid,21,Hunedoara,0.15,0.15,0.1,0.15,0.1
960,960,Chitila,43,Ilfov,0.15,0.15,0.1,0.15,0.1
961,961,Chiuza,06,Bistriţa-năsăud,0.15,0.15,0.1,0.15,0.1
962,962,Chiuzbaia,25,Maramureş,0.15,0.15,0.1,0.15,0.1
963,963,Chizătău,36,Timiş,0.15,0.15,0.1,0.15,0.1
964,964,Chişineu-Criş,02,Arad,0.15,0.15,0.1,0.15,0.1
965,965,Chişlaz,05,Bihor,0.15,0.15,0.1,0.15,0.1
966,966,Ciacova,36,Timiş,0.15,0.15,0.1,0.15,0.1
967,967,Ciceu,20,Harghita,0.15,0.15,0.1,0.15,0.1
968,968,Ciceu-Giurgeşti,06,Bistriţa-năsăud,0.15,0.15,0.1,0.15,0.1
969,969,Ciceu-Poieni,06,Bistriţa-năsăud,0.15,0.15,0.1,0.15,0.1
970,970,Ciclova Montană,12,Caraş-severin,0.15,0.15,0.1,0.15,0.1
971,971,Cicârlău,25,Maramureş,0.15,0.15,0.1,0.15,0.1
972,972,Cidreag,32,Satu Mare,0.15,0.15,0.1,0.15,0.1
973,973,Cig,32,Satu Mare,0.15,0.15,0.1,0.15,0.1
974,974,Cihei,05,Bihor,0.15,0.15,0.1,0.15,0.1
975,975,Cil,02,Arad,0.15,0.15,0.1,0.15,0.1
976,976,Cilibia,11,Buzău,0.15,0.15,0.1,0.15,0.1
977,977,Cilieni,29,Olt,0.15,0.15,0.1,0.15,0.1
978,978,Cimpa,21,Hunedoara,0.15,0.15,0.1,0.15,0.1
979,979,Cincu,,Brasov,0.15,0.15,0.1,0.15,0.1
980,980,Cintei,02,Arad,0.15,0.15,0.1,0.15,0.1
981,981,Ciobanu,,Constanta,0.15,0.15,0.1,0.15,0.1
982,982,Ciocadia,19,Gorj,0.15,0.15,0.1,0.15,0.1
983,983,Ciocaia,05,Bihor,0.15,0.15,0.1,0.15,0.1
984,984,Ciocani,38,Vaslui,0.15,0.15,0.1,0.15,0.1
985,985,Cioceni,30,Prahova,0.15,0.15,0.1,0.15,0.1
986,986,Ciochina,22,Ialomiţa,0.15,0.15,0.1,0.15,0.1
987,987,Ciocile,08,Brăila,0.15,0.15,0.1,0.15,0.1
988,988,Ciocmani,31,Sălaj,0.15,0.15,0.1,0.15,0.1
989,989,Ciocârlia,,Constanta,0.15,0.15,0.1,0.15,0.1
990,990,Ciocârlia,22,Ialomiţa,0.15,0.15,0.1,0.15,0.1
991,991,Ciocârlia de Sus,,Constanta,0.15,0.15,0.1,0.15,0.1
992,992,Ciocănari,16,Dâmboviţa,0.15,0.15,0.1,0.15,0.1
993,993,Ciocăneşti,41,Călăraşi,0.15,0.15,0.1,0.15,0.1
994,994,Ciocăneşti,16,Dâmboviţa,0.15,0.15,0.1,0.15,0.1
995,995,Ciocănăi,03,Argeş,0.15,0.15,0.1,0.15,0.1
996,996,Cioflanu,29,Olt,0.15,0.15,0.1,0.15,0.1
997,997,Ciofliceni,43,Ilfov,0.15,0.15,0.1,0.15,0.1
998,998,Ciofrângeni,03,Argeş,0.15,0.15,0.1,0.15,0.1
999,999,Ciohorăni,23,Iaşi,0.15,0.15,0.1,0.15,0.1
1000,1000,Ciolpani,43,Ilfov,0.15,0.15,0.1,0.15,0.1
1001,1001,Ciolt,25,Maramureş,0.15,0.15,0.1,0.15,0.1
1002,1002,Ciomăgeşti,03,Argeş,0.15,0.15,0.1,0.15,0.1
1003,1003,Ciorani,40,Vrancea,0.15,0.15,0.1,0.15,0.1
1004,1004,Cioranii de Jos,30,Prahova,0.15,0.15,0.1,0.15,0.1
1005,1005,Cioranii de Sus,30,Prahova,0.15,0.15,0.1,0.15,0.1
1006,1006,Cioroboreni,26,Mehedinţi,0.15,0.15,0.1,0.15,0.1
1007,1007,Ciorogârla,43,Ilfov,0.15,0.15,0.1,0.15,0.1
1008,1008,Cioroiu,29,Olt,0.15,0.15,0.1,0.15,0.1
1009,1009,Cioroiu Nou,17,Dolj,0.15,0.15,0.1,0.15,0.1
1010,1010,Ciorteşti,23,Iaşi,0.15,0.15,0.1,0.15,0.1
1011,1011,Ciorăşti,40,Vrancea,0.15,0.15,0.1,0.15,0.1
1012,1012,Ciprian Porumbescu,34,Suceava,0.15,0.15,0.1,0.15,0.1
1013,1013,Cipăieni,27,Mureş,0.15,0.15,0.1,0.15,0.1
1014,1014,Cipău,27,Mureş,0.15,0.15,0.1,0.15,0.1
1015,1015,Cireşu,26,Mehedinţi,0.15,0.15,0.1,0.15,0.1
1016,1016,Cireşu,08,Brăila,0.15,0.15,0.1,0.15,0.1
1017,1017,Ciritei,,Neamt,0.15,0.15,0.1,0.15,0.1
1018,1018,Cislău,11,Buzău,0.15,0.15,0.1,0.15,0.1
1019,1019,Cisnădie,33,Sibiu,0.15,0.15,0.1,0.15,0.1
1020,1020,Cistei,01,Alba,0.15,0.15,0.1,0.15,0.1
1021,1021,Ciucani,20,Harghita,0.15,0.15,0.1,0.15,0.1
1022,1022,Ciucani,04,Bacău,0.15,0.15,0.1,0.15,0.1
1023,1023,Ciucea,13,Cluj,0.15,0.15,0.1,0.15,0.1
1024,1024,Ciuchici,12,Caraş-severin,0.15,0.15,0.1,0.15,0.1
1025,1025,Ciucsângeorgiu,20,Harghita,0.15,0.15,0.1,0.15,0.1
1026,1026,Ciucurova,37,Tulcea,0.15,0.15,0.1,0.15,0.1
1027,1027,Ciudanoviţa,12,Caraş-severin,0.15,0.15,0.1,0.15,0.1
1028,1028,Ciugud,01,Alba,0.15,0.15,0.1,0.15,0.1
1029,1029,Ciuguzel,01,Alba,0.15,0.15,0.1,0.15,0.1
1030,1030,Ciulniţa,22,Ialomiţa,0.15,0.15,0.1,0.15,0.1
1031,1031,Ciumani,20,Harghita,0.15,0.15,0.1,0.15,0.1
1032,1032,Ciumbrud,01,Alba,0.15,0.15,0.1,0.15,0.1
1033,1033,Ciumeghiu,05,Bihor,0.15,0.15,0.1,0.15,0.1
1034,1034,Ciungetu,39,Vâlcea,0.15,0.15,0.1,0.15,0.1
1035,1035,Ciuperceni,35,Teleorman,0.15,0.15,0.1,0.15,0.1
1036,1036,Ciuperceni,19,Gorj,0.15,0.15,0.1,0.15,0.1
1037,1037,Ciupercenii Noi,17,Dolj,0.15,0.15,0.1,0.15,0.1
1038,1038,Ciupercenii Vechi,17,Dolj,0.15,0.15,0.1,0.15,0.1
1039,1039,Ciurari,35,Teleorman,0.15,0.15,0.1,0.15,0.1
1040,1040,Ciurari-Deal,35,Teleorman,0.15,0.15,0.1,0.15,0.1
1041,1041,Ciurea,23,Iaşi,0.15,0.15,0.1,0.15,0.1
1042,1042,Ciurila,13,Cluj,0.15,0.15,0.1,0.15,0.1
1043,1043,Ciuruleasa,01,Alba,0.15,0.15,0.1,0.15,0.1
1044,1044,Ciuta,11,Buzău,0.15,0.15,0.1,0.15,0.1
1045,1045,Ciutelec,05,Bihor,0.15,0.15,0.1,0.15,0.1
1046,1046,Cizer,31,Sălaj,0.15,0.15,0.1,0.15,0.1
1047,1047,Cladova,36,Timiş,0.15,0.15,0.1,0.15,0.1
1048,1048,Cleanov,17,Dolj,0.15,0.15,0.1,0.15,0.1
1049,1049,Cleja,04,Bacău,0.15,0.15,0.1,0.15,0.1
1050,1050,Clejani,42,Giurgiu,0.15,0.15,0.1,0.15,0.1
1051,1051,Clinceni,43,Ilfov,0.15,0.15,0.1,0.15,0.1
1052,1052,Clit,34,Suceava,0.15,0.15,0.1,0.15,0.1
1053,1053,Clocotici,12,Caraş-severin,0.15,0.15,0.1,0.15,0.1
1054,1054,Clondiru,11,Buzău,0.15,0.15,0.1,0.15,0.1
1055,1055,Clopodia,36,Timiş,0.15,0.15,0.1,0.15,0.1
1056,1056,Clopotiva,21,Hunedoara,0.15,0.15,0.1,0.15,0.1
1057,1057,Cluj-Napoca,13,Cluj,0.15,0.15,0.1,0.15,0.1
1058,1058,Coada Izvorului,30,Prahova,0.15,0.15,0.1,0.15,0.1
1059,1059,Coada Malului,30,Prahova,0.15,0.15,0.1,0.15,0.1
1060,1060,Coada Stâncii,23,Iaşi,0.15,0.15,0.1,0.15,0.1
1061,1061,Coarnele Caprei,23,Iaşi,0.15,0.15,0.1,0.15,0.1
1062,1062,Coas,25,Maramureş,0.15,0.15,0.1,0.15,0.1
1063,1063,Coasta,39,Vâlcea,0.15,0.15,0.1,0.15,0.1
1064,1064,Cobadin,,Constanta,0.15,0.15,0.1,0.15,0.1
1065,1065,Coca,32,Satu Mare,0.15,0.15,0.1,0.15,0.1
1066,1066,Cocani,16,Dâmboviţa,0.15,0.15,0.1,0.15,0.1
1067,1067,Cochirleanca,11,Buzău,0.15,0.15,0.1,0.15,0.1
1068,1068,Cociu,06,Bistriţa-năsăud,0.15,0.15,0.1,0.15,0.1
1069,1069,Cociuba Mare,05,Bihor,0.15,0.15,0.1,0.15,0.1
1070,1070,Coconi,41,Călăraşi,0.15,0.15,0.1,0.15,0.1
1071,1071,Cocora,22,Ialomiţa,0.15,0.15,0.1,0.15,0.1
1072,1072,Cocoreni,19,Gorj,0.15,0.15,0.1,0.15,0.1
1073,1073,Cocorova,19,Gorj,0.15,0.15,0.1,0.15,0.1
1074,1074,Cocoru,39,Vâlcea,0.15,0.15,0.1,0.15,0.1
1075,1075,Cocu,03,Argeş,0.15,0.15,0.1,0.15,0.1
1076,1076,Codlea,,Brasov,0.15,0.15,0.1,0.15,0.1
1077,1077,Codreni,07,Botoşani,0.15,0.15,0.1,0.15,0.1
1078,1078,Codăeşti,38,Vaslui,0.15,0.15,0.1,0.15,0.1
1079,1079,Cogealac,,Constanta,0.15,0.15,0.1,0.15,0.1
1080,1080,Cogeasca,23,Iaşi,0.15,0.15,0.1,0.15,0.1
1081,1081,Cojasca,16,Dâmboviţa,0.15,0.15,0.1,0.15,0.1
1082,1082,Cojocaru,16,Dâmboviţa,0.15,0.15,0.1,0.15,0.1
1083,1083,Cojocna,13,Cluj,0.15,0.15,0.1,0.15,0.1
1084,1084,Colacu,40,Vrancea,0.15,0.15,0.1,0.15,0.1
1085,1085,Colacu,34,Suceava,0.15,0.15,0.1,0.15,0.1
1086,1086,Colacu,16,Dâmboviţa,0.15,0.15,0.1,0.15,0.1
1087,1087,Colceag,30,Prahova,0.15,0.15,0.1,0.15,0.1
1088,1088,Coldău,06,Bistriţa-năsăud,0.15,0.15,0.1,0.15,0.1
1089,1089,Colelia,22,Ialomiţa,0.15,0.15,0.1,0.15,0.1
1090,1090,Colibaşi,42,Giurgiu,0.15,0.15,0.1,0.15,0.1
1091,1091,Coloneşti,29,Olt,0.15,0.15,0.1,0.15,0.1
1092,1092,Coloneşti,04,Bacău,0.15,0.15,0.1,0.15,0.1
1093,1093,Colonia,13,Cluj,0.15,0.15,0.1,0.15,0.1
1094,1094,Colonia 1 Mai,,Brasov,0.15,0.15,0.1,0.15,0.1
1095,1095,Colonia Bod,,Brasov,0.15,0.15,0.1,0.15,0.1
1096,1096,Colonia Fabricii,36,Timiş,0.15,0.15,0.1,0.15,0.1
1097,1097,Colonia Târnava,33,Sibiu,0.15,0.15,0.1,0.15,0.1
1098,1098,Coltău,25,Maramureş,0.15,0.15,0.1,0.15,0.1
1099,1099,Colţi,11,Buzău,0.15,0.15,0.1,0.15,0.1
1100,1100,Coman,04,Bacău,0.15,0.15,0.1,0.15,0.1
1101,1101,Comana,42,Giurgiu,0.15,0.15,0.1,0.15,0.1
1102,1102,Comana,,Constanta,0.15,0.15,0.1,0.15,0.1
1103,1103,Comana de Jos,,Brasov,0.15,0.15,0.1,0.15,0.1
1104,1104,Comana de Sus,,Brasov,0.15,0.15,0.1,0.15,0.1
1105,1105,Comanca,29,Olt,0.15,0.15,0.1,0.15,0.1
1106,1106,Comanda,26,Mehedinţi,0.15,0.15,0.1,0.15,0.1
1107,1107,Comandău,15,Covasna,0.15,0.15,0.1,0.15,0.1
1108,1108,Comani,29,Olt,0.15,0.15,0.1,0.15,0.1
1109,1109,Comarna,23,Iaşi,0.15,0.15,0.1,0.15,0.1
1110,1110,Comarnic,30,Prahova,0.15,0.15,0.1,0.15,0.1
1111,1111,Comişani,16,Dâmboviţa,0.15,0.15,0.1,0.15,0.1
1112,1112,Comloşu Mare,36,Timiş,0.15,0.15,0.1,0.15,0.1
1113,1113,Comoara,35,Teleorman,0.15,0.15,0.1,0.15,0.1
1114,1114,Comăneşti,04,Bacău,0.15,0.15,0.1,0.15,0.1
1115,1115,Conceşti,07,Botoşani,0.15,0.15,0.1,0.15,0.1
1116,1116,Condrea,18,Galaţi,0.15,0.15,0.1,0.15,0.1
1117,1117,Conduratu,30,Prahova,0.15,0.15,0.1,0.15,0.1
1118,1118,Conop,02,Arad,0.15,0.15,0.1,0.15,0.1
1119,1119,Constantin Brâncoveanu,41,Călăraşi,0.15,0.15,0.1,0.15,0.1
1120,1120,Constantin Daicoviciu,12,Caraş-severin,0.15,0.15,0.1,0.15,0.1
1121,1121,Constantin Gabrielescu,08,Brăila,0.15,0.15,0.1,0.15,0.1
1122,1122,Constanţa,,Constanta,0.15,0.15,0.1,0.15,0.1
1123,1123,Conţeşti,35,Teleorman,0.15,0.15,0.1,0.15,0.1
1124,1124,Copaciu,42,Giurgiu,0.15,0.15,0.1,0.15,0.1
1125,1125,Copalnic,25,Maramureş,0.15,0.15,0.1,0.15,0.1
1126,1126,Copăceana,38,Vaslui,0.15,0.15,0.1,0.15,0.1
1127,1127,Copăceanca,35,Teleorman,0.15,0.15,0.1,0.15,0.1
1128,1128,Copăcel,,Brasov,0.15,0.15,0.1,0.15,0.1
1129,1129,Copăcel,05,Bihor,0.15,0.15,0.1,0.15,0.1
1130,1130,Copăcele,12,Caraş-severin,0.15,0.15,0.1,0.15,0.1
1131,1131,Copăcelu,39,Vâlcea,0.15,0.15,0.1,0.15,0.1
1132,1132,Copăceni,39,Vâlcea,0.15,0.15,0.1,0.15,0.1
1133,1133,Copăceni,43,Ilfov,0.15,0.15,0.1,0.15,0.1
1134,1134,Copăceni,13,Cluj,0.15,0.15,0.1,0.15,0.1
1135,1135,Copăcioasa,19,Gorj,0.15,0.15,0.1,0.15,0.1
1136,1136,Copălău,07,Botoşani,0.15,0.15,0.1,0.15,0.1
1137,1137,Copşa Mică,33,Sibiu,0.15,0.15,0.1,0.15,0.1
1138,1138,Corabia,29,Olt,0.15,0.15,0.1,0.15,0.1
1139,1139,Corbasca,04,Bacău,0.15,0.15,0.1,0.15,0.1
1140,1140,Corbeanca,43,Ilfov,0.15,0.15,0.1,0.15,0.1
1141,1141,Corbeni,03,Argeş,0.15,0.15,0.1,0.15,0.1
1142,1142,Corbeni,29,Olt,0.15,0.15,0.1,0.15,0.1
1143,1143,Corbi,03,Argeş,0.15,0.15,0.1,0.15,0.1
1144,1144,Corbii Mari,16,Dâmboviţa,0.15,0.15,0.1,0.15,0.1
1145,1145,Corbiţa,40,Vrancea,0.15,0.15,0.1,0.15,0.1
1146,1146,Corbu,29,Olt,0.15,0.15,0.1,0.15,0.1
1147,1147,Corbu,11,Buzău,0.15,0.15,0.1,0.15,0.1
1148,1148,Corbu,38,Vaslui,0.15,0.15,0.1,0.15,0.1
1149,1149,Corbu,20,Harghita,0.15,0.15,0.1,0.15,0.1
1150,1150,Corbu,,Constanta,0.15,0.15,0.1,0.15,0.1
1151,1151,Corbu Nou,08,Brăila,0.15,0.15,0.1,0.15,0.1
1152,1152,Corcova,26,Mehedinţi,0.15,0.15,0.1,0.15,0.1
1153,1153,Cordun,,Neamt,0.15,0.15,0.1,0.15,0.1
1154,1154,Cordun,26,Mehedinţi,0.15,0.15,0.1,0.15,0.1
1155,1155,Cordăreni,07,Botoşani,0.15,0.15,0.1,0.15,0.1
1156,1156,Cordău,05,Bihor,0.15,0.15,0.1,0.15,0.1
1157,1157,Corhana,,Neamt,0.15,0.15,0.1,0.15,0.1
1158,1158,Corlata,34,Suceava,0.15,0.15,0.1,0.15,0.1
1159,1159,Corlăteni,07,Botoşani,0.15,0.15,0.1,0.15,0.1
1160,1160,Corlăţel,26,Mehedinţi,0.15,0.15,0.1,0.15,0.1
1161,1161,Cormaia,06,Bistriţa-năsăud,0.15,0.15,0.1,0.15,0.1
1162,1162,Cornea,12,Caraş-severin,0.15,0.15,0.1,0.15,0.1
1163,1163,Cornereva,12,Caraş-severin,0.15,0.15,0.1,0.15,0.1
1164,1164,Cornetu,43,Ilfov,0.15,0.15,0.1,0.15,0.1
1165,1165,Cornetu,40,Vrancea,0.15,0.15,0.1,0.15,0.1
1166,1166,Cornetu,17,Dolj,0.15,0.15,0.1,0.15,0.1
1167,1167,Corneşti,13,Cluj,0.15,0.15,0.1,0.15,0.1
1168,1168,Corneşti,16,Dâmboviţa,0.15,0.15,0.1,0.15,0.1
1169,1169,Corni,07,Botoşani,0.15,0.15,0.1,0.15,0.1
1170,1170,Corni,18,Galaţi,0.15,0.15,0.1,0.15,0.1
1171,1171,Corni,34,Suceava,0.15,0.15,0.1,0.15,0.1
1172,1172,Cornii de Sus,04,Bacău,0.15,0.15,0.1,0.15,0.1
1173,1173,Cornu,17,Dolj,0.15,0.15,0.1,0.15,0.1
1174,1174,Cornu Luncii,34,Suceava,0.15,0.15,0.1,0.15,0.1
1175,1175,Cornu de Jos,30,Prahova,0.15,0.15,0.1,0.15,0.1
1176,1176,Cornu de Sus,30,Prahova,0.15,0.15,0.1,0.15,0.1
1177,1177,Cornăţelu,16,Dâmboviţa,0.15,0.15,0.1,0.15,0.1
1178,1178,Corobăi,19,Gorj,0.15,0.15,0.1,0.15,0.1
1179,1179,Corod,18,Galaţi,0.15,0.15,0.1,0.15,0.1
1180,1180,Coroieni,25,Maramureş,0.15,0.15,0.1,0.15,0.1
1181,1181,Coroieşti,38,Vaslui,0.15,0.15,0.1,0.15,0.1
1182,1182,Coronini,12,Caraş-severin,0.15,0.15,0.1,0.15,0.1
1183,1183,Coropceni,23,Iaşi,0.15,0.15,0.1,0.15,0.1
1184,1184,Coroteni,40,Vrancea,0.15,0.15,0.1,0.15,0.1
1185,1185,Corpadea,13,Cluj,0.15,0.15,0.1,0.15,0.1
1186,1186,Coruia,25,Maramureş,0.15,0.15,0.1,0.15,0.1
1187,1187,Corunca,27,Mureş,0.15,0.15,0.1,0.15,0.1
1188,1188,Corund,20,Harghita,0.15,0.15,0.1,0.15,0.1
1189,1189,Corund,32,Satu Mare,0.15,0.15,0.1,0.15,0.1
1190,1190,Corzu,26,Mehedinţi,0.15,0.15,0.1,0.15,0.1
1191,1191,Coslegi,30,Prahova,0.15,0.15,0.1,0.15,0.1
1192,1192,Coslugea,,Constanta,0.15,0.15,0.1,0.15,0.1
1193,1193,Cosmeşti,35,Teleorman,0.15,0.15,0.1,0.15,0.1
1194,1194,Cosmeşti,18,Galaţi,0.15,0.15,0.1,0.15,0.1
1195,1195,Cosmina de Jos,30,Prahova,0.15,0.15,0.1,0.15,0.1
1196,1196,Cosoba,42,Giurgiu,0.15,0.15,0.1,0.15,0.1
1197,1197,Costache Negri,18,Galaţi,0.15,0.15,0.1,0.15,0.1
1198,1198,Costeni,19,Gorj,0.15,0.15,0.1,0.15,0.1
1199,1199,Costeni,25,Maramureş,0.15,0.15,0.1,0.15,0.1
1200,1200,Costeşti,03,Argeş,0.15,0.15,0.1,0.15,0.1
1201,1201,Costeşti,11,Buzău,0.15,0.15,0.1,0.15,0.1
1202,1202,Costeşti,39,Vâlcea,0.15,0.15,0.1,0.15,0.1
1203,1203,Costeşti,38,Vaslui,0.15,0.15,0.1,0.15,0.1
1204,1204,Costeştii din Vale,16,Dâmboviţa,0.15,0.15,0.1,0.15,0.1
1205,1205,Costi,18,Galaţi,0.15,0.15,0.1,0.15,0.1
1206,1206,Costieni,11,Buzău,0.15,0.15,0.1,0.15,0.1
1207,1207,Costineşti,,Constanta,0.15,0.15,0.1,0.15,0.1
1208,1208,Costişa,,Neamt,0.15,0.15,0.1,0.15,0.1
1209,1209,Costuleni,23,Iaşi,0.15,0.15,0.1,0.15,0.1
1210,1210,Costâna,34,Suceava,0.15,0.15,0.1,0.15,0.1
1211,1211,Cosâmbeşti,22,Ialomiţa,0.15,0.15,0.1,0.15,0.1
1212,1212,Coteana,29,Olt,0.15,0.15,0.1,0.15,0.1
1213,1213,Coteşti,40,Vrancea,0.15,0.15,0.1,0.15,0.1
1214,1214,Cotiglet,05,Bihor,0.15,0.15,0.1,0.15,0.1
1215,1215,Cotmeana,03,Argeş,0.15,0.15,0.1,0.15,0.1
1216,1216,Cotnari,23,Iaşi,0.15,0.15,0.1,0.15,0.1
1217,1217,Cotorca,11,Buzău,0.15,0.15,0.1,0.15,0.1
1218,1218,Cotoroaia,18,Galaţi,0.15,0.15,0.1,0.15,0.1
1219,1219,Cotoroaia,26,Mehedinţi,0.15,0.15,0.1,0.15,0.1
1220,1220,Cotu,07,Botoşani,0.15,0.15,0.1,0.15,0.1
1221,1221,Cotu Băii,34,Suceava,0.15,0.15,0.1,0.15,0.1
1222,1222,Cotu Ciorii,11,Buzău,0.15,0.15,0.1,0.15,0.1
1223,1223,Cotu Văii,,Constanta,0.15,0.15,0.1,0.15,0.1
1224,1224,Cotumba,04,Bacău,0.15,0.15,0.1,0.15,0.1
1225,1225,Covaci,36,Timiş,0.15,0.15,0.1,0.15,0.1
1226,1226,Covasna,15,Covasna,0.15,0.15,0.1,0.15,0.1
1227,1227,Covasna,23,Iaşi,0.15,0.15,0.1,0.15,0.1
1228,1228,Covei,17,Dolj,0.15,0.15,0.1,0.15,0.1
1229,1229,Coverca,34,Suceava,0.15,0.15,0.1,0.15,0.1
1230,1230,Covrigi,19,Gorj,0.15,0.15,0.1,0.15,0.1
1231,1231,Covăsinţ,02,Arad,0.15,0.15,0.1,0.15,0.1
1232,1232,Coza,40,Vrancea,0.15,0.15,0.1,0.15,0.1
1233,1233,Cozia,26,Mehedinţi,0.15,0.15,0.1,0.15,0.1
1234,1234,Cozia,23,Iaşi,0.15,0.15,0.1,0.15,0.1
1235,1235,Cozieni,11,Buzău,0.15,0.15,0.1,0.15,0.1
1236,1236,Cozieni,43,Ilfov,0.15,0.15,0.1,0.15,0.1
1237,1237,Cozma,27,Mureş,0.15,0.15,0.1,0.15,0.1
1238,1238,Cozmeni,20,Harghita,0.15,0.15,0.1,0.15,0.1
1239,1239,Cozmeşti,23,Iaşi,0.15,0.15,0.1,0.15,0.1
1240,1240,Cozăneşti,34,Suceava,0.15,0.15,0.1,0.15,0.1
1241,1241,Coşbuc,06,Bistriţa-năsăud,0.15,0.15,0.1,0.15,0.1
1242,1242,Coşeiu,31,Sălaj,0.15,0.15,0.1,0.15,0.1
1243,1243,Coşereni,22,Ialomiţa,0.15,0.15,0.1,0.15,0.1
1244,1244,Coşeşti,03,Argeş,0.15,0.15,0.1,0.15,0.1
1245,1245,Coşoveni,17,Dolj,0.15,0.15,0.1,0.15,0.1
1246,1246,Coşteiu,36,Timiş,0.15,0.15,0.1,0.15,0.1
1247,1247,Coţofenii din Dos,17,Dolj,0.15,0.15,0.1,0.15,0.1
1248,1248,Coţofăneşti,04,Bacău,0.15,0.15,0.1,0.15,0.1
1249,1249,Coţuşca,07,Botoşani,0.15,0.15,0.1,0.15,0.1
1250,1250,Cracăul Negru,,Neamt,0.15,0.15,0.1,0.15,0.1
1251,1251,Crai Nou,36,Timiş,0.15,0.15,0.1,0.15,0.1
1252,1252,Craidorolţ,32,Satu Mare,0.15,0.15,0.1,0.15,0.1
1253,1253,Crainimăt,06,Bistriţa-năsăud,0.15,0.15,0.1,0.15,0.1
1254,1254,Craiova,17,Dolj,0.15,0.15,0.1,0.15,0.1
1255,1255,Craiva,02,Arad,0.15,0.15,0.1,0.15,0.1
1256,1256,Crasna,31,Sălaj,0.15,0.15,0.1,0.15,0.1
1257,1257,Crasna,15,Covasna,0.15,0.15,0.1,0.15,0.1
1258,1258,Crasna,19,Gorj,0.15,0.15,0.1,0.15,0.1
1259,1259,Crasna din Deal,19,Gorj,0.15,0.15,0.1,0.15,0.1
1260,1260,Crasnaleuca,07,Botoşani,0.15,0.15,0.1,0.15,0.1
1261,1261,Creaca,31,Sălaj,0.15,0.15,0.1,0.15,0.1
1262,1262,Cresuia,05,Bihor,0.15,0.15,0.1,0.15,0.1
1263,1263,Crevedia,16,Dâmboviţa,0.15,0.15,0.1,0.15,0.1
1264,1264,Crevedia Mare,42,Giurgiu,0.15,0.15,0.1,0.15,0.1
1265,1265,Crevedia Mică,42,Giurgiu,0.15,0.15,0.1,0.15,0.1
1266,1266,Crevenicu,35,Teleorman,0.15,0.15,0.1,0.15,0.1
1267,1267,Creţeni,39,Vâlcea,0.15,0.15,0.1,0.15,0.1
1268,1268,Criciova,36,Timiş,0.15,0.15,0.1,0.15,0.1
1269,1269,Cricău,01,Alba,0.15,0.15,0.1,0.15,0.1
1270,1270,Crihalma,,Brasov,0.15,0.15,0.1,0.15,0.1
1271,1271,Cris,27,Mureş,0.15,0.15,0.1,0.15,0.1
1272,1272,Cristeşti,27,Mureş,0.15,0.15,0.1,0.15,0.1
1273,1273,Cristeşti,07,Botoşani,0.15,0.15,0.1,0.15,0.1
1274,1274,Cristeşti,23,Iaşi,0.15,0.15,0.1,0.15,0.1
1275,1275,Cristian,33,Sibiu,0.15,0.15,0.1,0.15,0.1
1276,1276,Cristian,,Brasov,0.15,0.15,0.1,0.15,0.1
1277,1277,Cristineşti,07,Botoşani,0.15,0.15,0.1,0.15,0.1
1278,1278,Cristolţ,31,Sălaj,0.15,0.15,0.1,0.15,0.1
1279,1279,Cristur,21,Hunedoara,0.15,0.15,0.1,0.15,0.1
1280,1280,Cristuru Secuiesc,20,Harghita,0.15,0.15,0.1,0.15,0.1
1281,1281,Criva de Jos,29,Olt,0.15,0.15,0.1,0.15,0.1
1282,1282,Criva de Sus,29,Olt,0.15,0.15,0.1,0.15,0.1
1283,1283,Crivina,30,Prahova,0.15,0.15,0.1,0.15,0.1
1284,1284,Crivina,26,Mehedinţi,0.15,0.15,0.1,0.15,0.1
1285,1285,Crivina,42,Giurgiu,0.15,0.15,0.1,0.15,0.1
1286,1286,Crivina,,Brasov,0.15,0.15,0.1,0.15,0.1
1287,1287,Crizbav,,Brasov,0.15,0.15,0.1,0.15,0.1
1288,1288,Crişan,37,Tulcea,0.15,0.15,0.1,0.15,0.1
1289,1289,Crişcior,21,Hunedoara,0.15,0.15,0.1,0.15,0.1
1290,1290,Crişeni,31,Sălaj,0.15,0.15,0.1,0.15,0.1
1291,1291,Criştioru de Jos,05,Bihor,0.15,0.15,0.1,0.15,0.1
1292,1292,Crocna,02,Arad,0.15,0.15,0.1,0.15,0.1
1293,1293,Croici,19,Gorj,0.15,0.15,0.1,0.15,0.1
1294,1294,Croitori,16,Dâmboviţa,0.15,0.15,0.1,0.15,0.1
1295,1295,Crovu,16,Dâmboviţa,0.15,0.15,0.1,0.15,0.1
1296,1296,Crucea,,Constanta,0.15,0.15,0.1,0.15,0.1
1297,1297,Crucea,23,Iaşi,0.15,0.15,0.1,0.15,0.1
1298,1298,Crucea,34,Suceava,0.15,0.15,0.1,0.15,0.1
1299,1299,Crucea de Sus,40,Vrancea,0.15,0.15,0.1,0.15,0.1
1300,1300,Cruceni,02,Arad,0.15,0.15,0.1,0.15,0.1
1301,1301,Crucişor,32,Satu Mare,0.15,0.15,0.1,0.15,0.1
1302,1302,Crâmpoia,29,Olt,0.15,0.15,0.1,0.15,0.1
1303,1303,Crâmpotani,03,Argeş,0.15,0.15,0.1,0.15,0.1
1304,1304,Crâng,11,Buzău,0.15,0.15,0.1,0.15,0.1
1305,1305,Crângeni,35,Teleorman,0.15,0.15,0.1,0.15,0.1
1306,1306,Crângu,35,Teleorman,0.15,0.15,0.1,0.15,0.1
1307,1307,Crânguri,42,Giurgiu,0.15,0.15,0.1,0.15,0.1
1308,1308,Crângurile de Sus,16,Dâmboviţa,0.15,0.15,0.1,0.15,0.1
1309,1309,Crăciunei,29,Olt,0.15,0.15,0.1,0.15,0.1
1310,1310,Crăciunel,20,Harghita,0.15,0.15,0.1,0.15,0.1
1311,1311,Crăciunelu de Jos,01,Alba,0.15,0.15,0.1,0.15,0.1
1312,1312,Crăciuneşti,27,Mureş,0.15,0.15,0.1,0.15,0.1
1313,1313,Crăcăoani,,Neamt,0.15,0.15,0.1,0.15,0.1
1314,1314,Crăieşti,27,Mureş,0.15,0.15,0.1,0.15,0.1
1315,1315,Cubleşu Someşan,13,Cluj,0.15,0.15,0.1,0.15,0.1
1316,1316,Cubulcut,05,Bihor,0.15,0.15,0.1,0.15,0.1
1317,1317,Cuca,03,Argeş,0.15,0.15,0.1,0.15,0.1
1318,1318,Cuca,18,Galaţi,0.15,0.15,0.1,0.15,0.1
1319,1319,Cucerdea,27,Mureş,0.15,0.15,0.1,0.15,0.1
1320,1320,Cuceu,31,Sălaj,0.15,0.15,0.1,0.15,0.1
1321,1321,Cuci,27,Mureş,0.15,0.15,0.1,0.15,0.1
1322,1322,Cuci,,Neamt,0.15,0.15,0.1,0.15,0.1
1323,1323,Cuciulata,,Brasov,0.15,0.15,0.1,0.15,0.1
1324,1324,Cucorăni,07,Botoşani,0.15,0.15,0.1,0.15,0.1
1325,1325,Cucova,04,Bacău,0.15,0.15,0.1,0.15,0.1
1326,1326,Cucuruzu,42,Giurgiu,0.15,0.15,0.1,0.15,0.1
1327,1327,Cucuteni,07,Botoşani,0.15,0.15,0.1,0.15,0.1
1328,1328,Cucuteni,23,Iaşi,0.15,0.15,0.1,0.15,0.1
1329,1329,Cucuteni,16,Dâmboviţa,0.15,0.15,0.1,0.15,0.1
1330,1330,Cudalbi,18,Galaţi,0.15,0.15,0.1,0.15,0.1
1331,1331,Cuejdiu,,Neamt,0.15,0.15,0.1,0.15,0.1
1332,1332,Cueni,39,Vâlcea,0.15,0.15,0.1,0.15,0.1
1333,1333,Cugir,01,Alba,0.15,0.15,0.1,0.15,0.1
1334,1334,Cuied,02,Arad,0.15,0.15,0.1,0.15,0.1
1335,1335,Cujmir,26,Mehedinţi,0.15,0.15,0.1,0.15,0.1
1336,1336,Cujmiru Mic,26,Mehedinţi,0.15,0.15,0.1,0.15,0.1
1337,1337,Culcea,25,Maramureş,0.15,0.15,0.1,0.15,0.1
1338,1338,Culciu Mare,32,Satu Mare,0.15,0.15,0.1,0.15,0.1
1339,1339,Culciu Mic,32,Satu Mare,0.15,0.15,0.1,0.15,0.1
1340,1340,Culmea,,Constanta,0.15,0.15,0.1,0.15,0.1
1341,1341,Cumpăna,,Constanta,0.15,0.15,0.1,0.15,0.1
1342,1342,Cungrea,29,Olt,0.15,0.15,0.1,0.15,0.1
1343,1343,Cuparu,16,Dâmboviţa,0.15,0.15,0.1,0.15,0.1
1344,1344,Cuptoare,12,Caraş-severin,0.15,0.15,0.1,0.15,0.1
1345,1345,Cupşeni,25,Maramureş,0.15,0.15,0.1,0.15,0.1
1346,1346,Curcani,41,Călăraşi,0.15,0.15,0.1,0.15,0.1
1347,1347,Curciu,33,Sibiu,0.15,0.15,0.1,0.15,0.1
1348,1348,Curcubeu,30,Prahova,0.15,0.15,0.1,0.15,0.1
1349,1349,Curmătura,17,Dolj,0.15,0.15,0.1,0.15,0.1
1350,1350,Curpen,19,Gorj,0.15,0.15,0.1,0.15,0.1
1351,1351,Curtea,36,Timiş,0.15,0.15,0.1,0.15,0.1
1352,1352,Curtea de Argeş,03,Argeş,0.15,0.15,0.1,0.15,0.1
1353,1353,Curteni,27,Mureş,0.15,0.15,0.1,0.15,0.1
1354,1354,Curteşti,07,Botoşani,0.15,0.15,0.1,0.15,0.1
1355,1355,Curtici,02,Arad,0.15,0.15,0.1,0.15,0.1
1356,1356,Curtişoara,29,Olt,0.15,0.15,0.1,0.15,0.1
1357,1357,Curăţele,05,Bihor,0.15,0.15,0.1,0.15,0.1
1358,1358,Cut,01,Alba,0.15,0.15,0.1,0.15,0.1
1359,1359,Cut,,Neamt,0.15,0.15,0.1,0.15,0.1
1360,1360,Cutca,13,Cluj,0.15,0.15,0.1,0.15,0.1
1361,1361,Cuvin,02,Arad,0.15,0.15,0.1,0.15,0.1
1362,1362,Cuza Vodă,08,Brăila,0.15,0.15,0.1,0.15,0.1
1363,1363,Cuza Vodă,41,Călăraşi,0.15,0.15,0.1,0.15,0.1
1364,1364,Cuza Vodă,07,Botoşani,0.15,0.15,0.1,0.15,0.1
1365,1365,Cuza Vodă,,Constanta,0.15,0.15,0.1,0.15,0.1
1366,1366,Cuza Vodă,18,Galaţi,0.15,0.15,0.1,0.15,0.1
1367,1367,Cuzap,05,Bihor,0.15,0.15,0.1,0.15,0.1
1368,1368,Cuzdrioara,13,Cluj,0.15,0.15,0.1,0.15,0.1
1369,1369,Cuzăplac,31,Sălaj,0.15,0.15,0.1,0.15,0.1
1370,1370,Câinenii Mari,39,Vâlcea,0.15,0.15,0.1,0.15,0.1
1371,1371,Câinenii Mici,39,Vâlcea,0.15,0.15,0.1,0.15,0.1
1372,1372,Câlnic,12,Caraş-severin,0.15,0.15,0.1,0.15,0.1
1373,1373,Câlnic,01,Alba,0.15,0.15,0.1,0.15,0.1
1374,1374,Câlnic,19,Gorj,0.15,0.15,0.1,0.15,0.1
1375,1375,Câlnicu de Sus,19,Gorj,0.15,0.15,0.1,0.15,0.1
1376,1376,Câmpani,05,Bihor,0.15,0.15,0.1,0.15,0.1
1377,1377,Câmpani de Pomezeu,05,Bihor,0.15,0.15,0.1,0.15,0.1
1378,1378,Câmpeni,17,Dolj,0.15,0.15,0.1,0.15,0.1
1379,1379,Câmpeni,01,Alba,0.15,0.15,0.1,0.15,0.1
1380,1380,Câmpeni,04,Bacău,0.15,0.15,0.1,0.15,0.1
1381,1381,Câmpeni,07,Botoşani,0.15,0.15,0.1,0.15,0.1
1382,1382,Câmpia,12,Caraş-severin,0.15,0.15,0.1,0.15,0.1
1383,1383,Câmpia Turzii,13,Cluj,0.15,0.15,0.1,0.15,0.1
1384,1384,Câmpina,30,Prahova,0.15,0.15,0.1,0.15,0.1
1385,1385,Câmpineanca,40,Vrancea,0.15,0.15,0.1,0.15,0.1
1386,1386,Câmpu Părului,29,Olt,0.15,0.15,0.1,0.15,0.1
1387,1387,Câmpu lui Neag,21,Hunedoara,0.15,0.15,0.1,0.15,0.1
1388,1388,Câmpulung,03,Argeş,0.15,0.15,0.1,0.15,0.1
1389,1389,Câmpulung Moldovenesc,34,Suceava,0.15,0.15,0.1,0.15,0.1
1390,1390,Câmpulung la Tisa,25,Maramureş,0.15,0.15,0.1,0.15,0.1
1391,1391,Câmpurelu,42,Giurgiu,0.15,0.15,0.1,0.15,0.1
1392,1392,Câmpuri,40,Vrancea,0.15,0.15,0.1,0.15,0.1
1393,1393,Cândeşti,,Neamt,0.15,0.15,0.1,0.15,0.1
1394,1394,Cândeşti,07,Botoşani,0.15,0.15,0.1,0.15,0.1
1395,1395,Cârcea,17,Dolj,0.15,0.15,0.1,0.15,0.1
1396,1396,Cârceni,26,Mehedinţi,0.15,0.15,0.1,0.15,0.1
1397,1397,Cârja,38,Vaslui,0.15,0.15,0.1,0.15,0.1
1398,1398,Cârjari,30,Prahova,0.15,0.15,0.1,0.15,0.1
1399,1399,Cârjelari,37,Tulcea,0.15,0.15,0.1,0.15,0.1
1400,1400,Cârjiţi,21,Hunedoara,0.15,0.15,0.1,0.15,0.1
1401,1401,Cârjoaia,23,Iaşi,0.15,0.15,0.1,0.15,0.1
1402,1402,Cârlibaba,34,Suceava,0.15,0.15,0.1,0.15,0.1
1403,1403,Cârligei,19,Gorj,0.15,0.15,0.1,0.15,0.1
1404,1404,Cârligele,40,Vrancea,0.15,0.15,0.1,0.15,0.1
1405,1405,Cârligi,04,Bacău,0.15,0.15,0.1,0.15,0.1
1406,1406,Cârlogani,29,Olt,0.15,0.15,0.1,0.15,0.1
1407,1407,Cârlomanu,35,Teleorman,0.15,0.15,0.1,0.15,0.1
1408,1408,Cârna,17,Dolj,0.15,0.15,0.1,0.15,0.1
1409,1409,Cârniceni,23,Iaşi,0.15,0.15,0.1,0.15,0.1
1410,1410,Cârstieni,03,Argeş,0.15,0.15,0.1,0.15,0.1
1411,1411,Cârţa,33,Sibiu,0.15,0.15,0.1,0.15,0.1
1412,1412,Cârţa,20,Harghita,0.15,0.15,0.1,0.15,0.1
1413,1413,Cârţişoara,33,Sibiu,0.15,0.15,0.1,0.15,0.1
1414,1414,Câţcău,13,Cluj,0.15,0.15,0.1,0.15,0.1
1415,1415,Căbeşti,05,Bihor,0.15,0.15,0.1,0.15,0.1
1416,1416,Căciulatu,17,Dolj,0.15,0.15,0.1,0.15,0.1
1417,1417,Căianu,13,Cluj,0.15,0.15,0.1,0.15,0.1
1418,1418,Căianu Mare,06,Bistriţa-năsăud,0.15,0.15,0.1,0.15,0.1
1419,1419,Căianu Mic,06,Bistriţa-năsăud,0.15,0.15,0.1,0.15,0.1
1420,1420,Căianu Mic,13,Cluj,0.15,0.15,0.1,0.15,0.1
1421,1421,Căiata,40,Vrancea,0.15,0.15,0.1,0.15,0.1
1422,1422,Călacea,36,Timiş,0.15,0.15,0.1,0.15,0.1
1423,1423,Călacea,05,Bihor,0.15,0.15,0.1,0.15,0.1
1424,1424,Călan,21,Hunedoara,0.15,0.15,0.1,0.15,0.1
1425,1425,Căldăraru,03,Argeş,0.15,0.15,0.1,0.15,0.1
1426,1426,Căldăraru,43,Ilfov,0.15,0.15,0.1,0.15,0.1
1427,1427,Călienii Noi,40,Vrancea,0.15,0.15,0.1,0.15,0.1
1428,1428,Călienii Vechi,40,Vrancea,0.15,0.15,0.1,0.15,0.1
1429,1429,Călimănel,20,Harghita,0.15,0.15,0.1,0.15,0.1
1430,1430,Călimăneşti,39,Vâlcea,0.15,0.15,0.1,0.15,0.1
1431,1431,Călina,39,Vâlcea,0.15,0.15,0.1,0.15,0.1
1432,1432,Călineşti,35,Teleorman,0.15,0.15,0.1,0.15,0.1
1433,1433,Călineşti,03,Argeş,0.15,0.15,0.1,0.15,0.1
1434,1434,Călineşti,25,Maramureş,0.15,0.15,0.1,0.15,0.1
1435,1435,Călineşti-Oaş,32,Satu Mare,0.15,0.15,0.1,0.15,0.1
1436,1436,Călmăţuiu,35,Teleorman,0.15,0.15,0.1,0.15,0.1
1437,1437,Călugăreasa,19,Gorj,0.15,0.15,0.1,0.15,0.1
1438,1438,Călugărei,17,Dolj,0.15,0.15,0.1,0.15,0.1
1439,1439,Călugăreni,34,Suceava,0.15,0.15,0.1,0.15,0.1
1440,1440,Călugăreni,04,Bacău,0.15,0.15,0.1,0.15,0.1
1441,1441,Călugăreni,27,Mureş,0.15,0.15,0.1,0.15,0.1
1442,1442,Călugăreni,19,Gorj,0.15,0.15,0.1,0.15,0.1
1443,1443,Călugăreni,42,Giurgiu,0.15,0.15,0.1,0.15,0.1
1444,1444,Călugăreni,30,Prahova,0.15,0.15,0.1,0.15,0.1
1445,1445,Călugări,05,Bihor,0.15,0.15,0.1,0.15,0.1
1446,1446,Călui,29,Olt,0.15,0.15,0.1,0.15,0.1
1447,1447,Călăraşi,41,Călăraşi,0.15,0.15,0.1,0.15,0.1
1448,1448,Călăraşi,07,Botoşani,0.15,0.15,0.1,0.15,0.1
1449,1449,Călăraşi,13,Cluj,0.15,0.15,0.1,0.15,0.1
1450,1450,Călăraşi,17,Dolj,0.15,0.15,0.1,0.15,0.1
1451,1451,Călăţele,13,Cluj,0.15,0.15,0.1,0.15,0.1
1452,1452,Cămin,32,Satu Mare,0.15,0.15,0.1,0.15,0.1
1453,1453,Cămineasca,42,Giurgiu,0.15,0.15,0.1,0.15,0.1
1454,1454,Cămăraşu,13,Cluj,0.15,0.15,0.1,0.15,0.1
1455,1455,Cămărzana,32,Satu Mare,0.15,0.15,0.1,0.15,0.1
1456,1456,Căneşti,11,Buzău,0.15,0.15,0.1,0.15,0.1
1457,1457,Căpeni,15,Covasna,0.15,0.15,0.1,0.15,0.1
1458,1458,Căpleni,32,Satu Mare,0.15,0.15,0.1,0.15,0.1
1459,1459,Căpreni,19,Gorj,0.15,0.15,0.1,0.15,0.1
1460,1460,Căprioru,16,Dâmboviţa,0.15,0.15,0.1,0.15,0.1
1461,1461,Căpuşu Mare,13,Cluj,0.15,0.15,0.1,0.15,0.1
1462,1462,Căpâlna,01,Alba,0.15,0.15,0.1,0.15,0.1
1463,1463,Căpâlna,05,Bihor,0.15,0.15,0.1,0.15,0.1
1464,1464,Căpâlna de Jos,01,Alba,0.15,0.15,0.1,0.15,0.1
1465,1465,Căpâlniţa,20,Harghita,0.15,0.15,0.1,0.15,0.1
1466,1466,Cărand,02,Arad,0.15,0.15,0.1,0.15,0.1
1467,1467,Cărbunari,25,Maramureş,0.15,0.15,0.1,0.15,0.1
1468,1468,Cărbunari,12,Caraş-severin,0.15,0.15,0.1,0.15,0.1
1469,1469,Cărbuneşti,30,Prahova,0.15,0.15,0.1,0.15,0.1
1470,1470,Cărpinet,05,Bihor,0.15,0.15,0.1,0.15,0.1
1471,1471,Cărpiniş,36,Timiş,0.15,0.15,0.1,0.15,0.1
1472,1472,Cărăsău,05,Bihor,0.15,0.15,0.1,0.15,0.1
1473,1473,Căscioarele,41,Călăraşi,0.15,0.15,0.1,0.15,0.1
1474,1474,Căscioarele,42,Giurgiu,0.15,0.15,0.1,0.15,0.1
1475,1475,Căstău,21,Hunedoara,0.15,0.15,0.1,0.15,0.1
1476,1476,Căteasca,03,Argeş,0.15,0.15,0.1,0.15,0.1
1477,1477,Cătina,30,Prahova,0.15,0.15,0.1,0.15,0.1
1478,1478,Cătina,11,Buzău,0.15,0.15,0.1,0.15,0.1
1479,1479,Cătina,13,Cluj,0.15,0.15,0.1,0.15,0.1
1480,1480,Cătunele,19,Gorj,0.15,0.15,0.1,0.15,0.1
1481,1481,Cătunu,16,Dâmboviţa,0.15,0.15,0.1,0.15,0.1
1482,1482,Cătunu,30,Prahova,0.15,0.15,0.1,0.15,0.1
1483,1483,Căuaş,32,Satu Mare,0.15,0.15,0.1,0.15,0.1
1484,1484,Căuia,04,Bacău,0.15,0.15,0.1,0.15,0.1
1485,1485,Căzăneşti,22,Ialomiţa,0.15,0.15,0.1,0.15,0.1
1486,1486,Căzăneşti,26,Mehedinţi,0.15,0.15,0.1,0.15,0.1
1487,1487,Căşeiu,13,Cluj,0.15,0.15,0.1,0.15,0.1
1488,1488,Dacia,,Brasov,0.15,0.15,0.1,0.15,0.1
1489,1489,Dagâţa,23,Iaşi,0.15,0.15,0.1,0.15,0.1
1490,1490,Daia,42,Giurgiu,0.15,0.15,0.1,0.15,0.1
1491,1491,Daia,33,Sibiu,0.15,0.15,0.1,0.15,0.1
1492,1492,Daia,27,Mureş,0.15,0.15,0.1,0.15,0.1
1493,1493,Daia Română,01,Alba,0.15,0.15,0.1,0.15,0.1
1494,1494,Dalnic,15,Covasna,0.15,0.15,0.1,0.15,0.1
1495,1495,Dancu,23,Iaşi,0.15,0.15,0.1,0.15,0.1
1496,1496,Daneş,27,Mureş,0.15,0.15,0.1,0.15,0.1
1497,1497,Dara,32,Satu Mare,0.15,0.15,0.1,0.15,0.1
1498,1498,Darabani,07,Botoşani,0.15,0.15,0.1,0.15,0.1
1499,1499,Darabani,,Constanta,0.15,0.15,0.1,0.15,0.1
1500,1500,Darova,36,Timiş,0.15,0.15,0.1,0.15,0.1
1501,1501,Dascălu,43,Ilfov,0.15,0.15,0.1,0.15,0.1
1502,1502,Davideni,,Neamt,0.15,0.15,0.1,0.15,0.1
1503,1503,Davideşti,03,Argeş,0.15,0.15,0.1,0.15,0.1
1504,1504,Deagu de Sus,03,Argeş,0.15,0.15,0.1,0.15,0.1
1505,1505,Deaj,27,Mureş,0.15,0.15,0.1,0.15,0.1
1506,1506,Deal,01,Alba,0.15,0.15,0.1,0.15,0.1
1507,1507,Dealu,20,Harghita,0.15,0.15,0.1,0.15,0.1
1508,1508,Dealu,34,Suceava,0.15,0.15,0.1,0.15,0.1
1509,1509,Dealu,42,Giurgiu,0.15,0.15,0.1,0.15,0.1
1510,1510,Dealu Floreni,34,Suceava,0.15,0.15,0.1,0.15,0.1
1511,1511,Dealu Frumos,33,Sibiu,0.15,0.15,0.1,0.15,0.1
1512,1512,Dealu Frumos,16,Dâmboviţa,0.15,0.15,0.1,0.15,0.1
1513,1513,Dealu Lăunele,39,Vâlcea,0.15,0.15,0.1,0.15,0.1
1514,1514,Dealu Mare,16,Dâmboviţa,0.15,0.15,0.1,0.15,0.1
1515,1515,Dealu Morii,04,Bacău,0.15,0.15,0.1,0.15,0.1
1516,1516,Dealu Negru,13,Cluj,0.15,0.15,0.1,0.15,0.1
1517,1517,Decea,01,Alba,0.15,0.15,0.1,0.15,0.1
1518,1518,Decebal,32,Satu Mare,0.15,0.15,0.1,0.15,0.1
1519,1519,Decindea,16,Dâmboviţa,0.15,0.15,0.1,0.15,0.1
1520,1520,Decindeni,16,Dâmboviţa,0.15,0.15,0.1,0.15,0.1
1521,1521,Deda,27,Mureş,0.15,0.15,0.1,0.15,0.1
1522,1522,Dedrad,27,Mureş,0.15,0.15,0.1,0.15,0.1
1523,1523,Deia,34,Suceava,0.15,0.15,0.1,0.15,0.1
1524,1524,Dej,13,Cluj,0.15,0.15,0.1,0.15,0.1
1525,1525,Deja,31,Sălaj,0.15,0.15,0.1,0.15,0.1
1526,1526,Deleni,,Constanta,0.15,0.15,0.1,0.15,0.1
1527,1527,Deleni,27,Mureş,0.15,0.15,0.1,0.15,0.1
1528,1528,Deleni,29,Olt,0.15,0.15,0.1,0.15,0.1
1529,1529,Deleni,34,Suceava,0.15,0.15,0.1,0.15,0.1
1530,1530,Deleni,23,Iaşi,0.15,0.15,0.1,0.15,0.1
1531,1531,Deleni,04,Bacău,0.15,0.15,0.1,0.15,0.1
1532,1532,Deleni,38,Vaslui,0.15,0.15,0.1,0.15,0.1
1533,1533,Deleşti,38,Vaslui,0.15,0.15,0.1,0.15,0.1
1534,1534,Densuş,21,Hunedoara,0.15,0.15,0.1,0.15,0.1
1535,1535,Denta,36,Timiş,0.15,0.15,0.1,0.15,0.1
1536,1536,Derna,05,Bihor,0.15,0.15,0.1,0.15,0.1
1537,1537,Dersca,07,Botoşani,0.15,0.15,0.1,0.15,0.1
1538,1538,Desa,17,Dolj,0.15,0.15,0.1,0.15,0.1
1539,1539,Deseşti,25,Maramureş,0.15,0.15,0.1,0.15,0.1
1540,1540,Deta,36,Timiş,0.15,0.15,0.1,0.15,0.1
1541,1541,Deva,21,Hunedoara,0.15,0.15,0.1,0.15,0.1
1542,1542,Devesel,26,Mehedinţi,0.15,0.15,0.1,0.15,0.1
1543,1543,Deveselu,29,Olt,0.15,0.15,0.1,0.15,0.1
1544,1544,Dezmir,13,Cluj,0.15,0.15,0.1,0.15,0.1
1545,1545,Dezna,02,Arad,0.15,0.15,0.1,0.15,0.1
1546,1546,Dianu,39,Vâlcea,0.15,0.15,0.1,0.15,0.1
1547,1547,Dichiseni,41,Călăraşi,0.15,0.15,0.1,0.15,0.1
1548,1548,Dieci,02,Arad,0.15,0.15,0.1,0.15,0.1
1549,1549,Dienci,29,Olt,0.15,0.15,0.1,0.15,0.1
1550,1550,Dimăcheni,07,Botoşani,0.15,0.15,0.1,0.15,0.1
1551,1551,Diosig,05,Bihor,0.15,0.15,0.1,0.15,0.1
1552,1552,Dioşti,17,Dolj,0.15,0.15,0.1,0.15,0.1
1553,1553,Ditrău,20,Harghita,0.15,0.15,0.1,0.15,0.1
1554,1554,Doagele,38,Vaslui,0.15,0.15,0.1,0.15,0.1
1555,1555,Doanca,29,Olt,0.15,0.15,0.1,0.15,0.1
1556,1556,Doba,32,Satu Mare,0.15,0.15,0.1,0.15,0.1
1557,1557,Doba,31,Sălaj,0.15,0.15,0.1,0.15,0.1
1558,1558,Doba,29,Olt,0.15,0.15,0.1,0.15,0.1
1559,1559,Dobeni,20,Harghita,0.15,0.15,0.1,0.15,0.1
1560,1560,Dobolii de Jos,15,Covasna,0.15,0.15,0.1,0.15,0.1
1561,1561,Dobra,21,Hunedoara,0.15,0.15,0.1,0.15,0.1
1562,1562,Dobra,16,Dâmboviţa,0.15,0.15,0.1,0.15,0.1
1563,1563,Dobra,26,Mehedinţi,0.15,0.15,0.1,0.15,0.1
1564,1564,Dobra,32,Satu Mare,0.15,0.15,0.1,0.15,0.1
1565,1565,Dobra,01,Alba,0.15,0.15,0.1,0.15,0.1
1566,1566,Dobreni,42,Giurgiu,0.15,0.15,0.1,0.15,0.1
1567,1567,Dobreni,35,Teleorman,0.15,0.15,0.1,0.15,0.1
1568,1568,Dobreni,,Neamt,0.15,0.15,0.1,0.15,0.1
1569,1569,Dobreşti,05,Bihor,0.15,0.15,0.1,0.15,0.1
1570,1570,Dobreşti,17,Dolj,0.15,0.15,0.1,0.15,0.1
1571,1571,Dobreşti,03,Argeş,0.15,0.15,0.1,0.15,0.1
1572,1572,Dobreţu,29,Olt,0.15,0.15,0.1,0.15,0.1
1573,1573,Dobric,06,Bistriţa-năsăud,0.15,0.15,0.1,0.15,0.1
1574,1574,Dobricel,06,Bistriţa-năsăud,0.15,0.15,0.1,0.15,0.1
1575,1575,Dobriceni,29,Olt,0.15,0.15,0.1,0.15,0.1
1576,1576,Dobridor,17,Dolj,0.15,0.15,0.1,0.15,0.1
1577,1577,Dobrin,31,Sălaj,0.15,0.15,0.1,0.15,0.1
1578,1578,Dobroeşti,43,Ilfov,0.15,0.15,0.1,0.15,0.1
1579,1579,Dobrogostea,03,Argeş,0.15,0.15,0.1,0.15,0.1
1580,1580,Dobromir,,Constanta,0.15,0.15,0.1,0.15,0.1
1581,1581,Dobrosloveni,29,Olt,0.15,0.15,0.1,0.15,0.1
1582,1582,Dobroteasa,29,Olt,0.15,0.15,0.1,0.15,0.1
1583,1583,Dobroteşti,35,Teleorman,0.15,0.15,0.1,0.15,0.1
1584,1584,Dobrotinet,29,Olt,0.15,0.15,0.1,0.15,0.1
1585,1585,Dobrotu,03,Argeş,0.15,0.15,0.1,0.15,0.1
1586,1586,Dobrovăţ,23,Iaşi,0.15,0.15,0.1,0.15,0.1
1587,1587,Dobrun,29,Olt,0.15,0.15,0.1,0.15,0.1
1588,1588,Dobârceni,07,Botoşani,0.15,0.15,0.1,0.15,0.1
1589,1589,Dobârlău,15,Covasna,0.15,0.15,0.1,0.15,0.1
1590,1590,Docani,38,Vaslui,0.15,0.15,0.1,0.15,0.1
1591,1591,Dochia,,Neamt,0.15,0.15,0.1,0.15,0.1
1592,1592,Doclin,12,Caraş-severin,0.15,0.15,0.1,0.15,0.1
1593,1593,Dodeni,,Neamt,0.15,0.15,0.1,0.15,0.1
1594,1594,Doftana,30,Prahova,0.15,0.15,0.1,0.15,0.1
1595,1595,Dofteana,04,Bacău,0.15,0.15,0.1,0.15,0.1
1596,1596,Dognecea,12,Caraş-severin,0.15,0.15,0.1,0.15,0.1
1597,1597,Doiceşti,16,Dâmboviţa,0.15,0.15,0.1,0.15,0.1
1598,1598,Doina,07,Botoşani,0.15,0.15,0.1,0.15,0.1
1599,1599,Dolhasca,34,Suceava,0.15,0.15,0.1,0.15,0.1
1600,1600,Dolheşti,23,Iaşi,0.15,0.15,0.1,0.15,0.1
1601,1601,Dolina,07,Botoşani,0.15,0.15,0.1,0.15,0.1
1602,1602,Doljeşti,,Neamt,0.15,0.15,0.1,0.15,0.1
1603,1603,Doman,12,Caraş-severin,0.15,0.15,0.1,0.15,0.1
1604,1604,Domaşnea,12,Caraş-severin,0.15,0.15,0.1,0.15,0.1
1605,1605,Domneşti,03,Argeş,0.15,0.15,0.1,0.15,0.1
1606,1606,Domnu Tudor,17,Dolj,0.15,0.15,0.1,0.15,0.1
1607,1607,Dopca,,Brasov,0.15,0.15,0.1,0.15,0.1
1608,1608,Dor Mărunt,41,Călăraşi,0.15,0.15,0.1,0.15,0.1
1609,1609,Dorgoş,02,Arad,0.15,0.15,0.1,0.15,0.1
1610,1610,Dorna Candrenilor,34,Suceava,0.15,0.15,0.1,0.15,0.1
1611,1611,Dorna-Arini,34,Suceava,0.15,0.15,0.1,0.15,0.1
1612,1612,Dorneşti,34,Suceava,0.15,0.15,0.1,0.15,0.1
1613,1613,Dorobanţu,41,Călăraşi,0.15,0.15,0.1,0.15,0.1
1614,1614,Dorobanţu,37,Tulcea,0.15,0.15,0.1,0.15,0.1
1615,1615,Dorohoi,07,Botoşani,0.15,0.15,0.1,0.15,0.1
1616,1616,Dorolea,06,Bistriţa-năsăud,0.15,0.15,0.1,0.15,0.1
1617,1617,Dorolţ,32,Satu Mare,0.15,0.15,0.1,0.15,0.1
1618,1618,Doroteia,34,Suceava,0.15,0.15,0.1,0.15,0.1
1619,1619,Doştat,01,Alba,0.15,0.15,0.1,0.15,0.1
1620,1620,Dracea,35,Teleorman,0.15,0.15,0.1,0.15,0.1
1621,1621,Dragalina,07,Botoşani,0.15,0.15,0.1,0.15,0.1
1622,1622,Dragalina,41,Călăraşi,0.15,0.15,0.1,0.15,0.1
1623,1623,Dragodana,16,Dâmboviţa,0.15,0.15,0.1,0.15,0.1
1624,1624,Dragomir,04,Bacău,0.15,0.15,0.1,0.15,0.1
1625,1625,Dragomireşti,38,Vaslui,0.15,0.15,0.1,0.15,0.1
1626,1626,Dragomireşti,25,Maramureş,0.15,0.15,0.1,0.15,0.1
1627,1627,Dragomireşti,,Neamt,0.15,0.15,0.1,0.15,0.1
1628,1628,Dragomireşti,16,Dâmboviţa,0.15,0.15,0.1,0.15,0.1
1629,1629,Dragomireşti-Vale,43,Ilfov,0.15,0.15,0.1,0.15,0.1
1630,1630,Dragoslavele,03,Argeş,0.15,0.15,0.1,0.15,0.1
1631,1631,Dragosloveni,40,Vrancea,0.15,0.15,0.1,0.15,0.1
1632,1632,Dragu,31,Sălaj,0.15,0.15,0.1,0.15,0.1
1633,1633,Drajna Nouă,41,Călăraşi,0.15,0.15,0.1,0.15,0.1
1634,1634,Drajna de Jos,30,Prahova,0.15,0.15,0.1,0.15,0.1
1635,1635,Drajna de Sus,30,Prahova,0.15,0.15,0.1,0.15,0.1
1636,1636,Draxeni,38,Vaslui,0.15,0.15,0.1,0.15,0.1
1637,1637,Draxini,07,Botoşani,0.15,0.15,0.1,0.15,0.1
1638,1638,Dreptu,,Neamt,0.15,0.15,0.1,0.15,0.1
1639,1639,Dridu,22,Ialomiţa,0.15,0.15,0.1,0.15,0.1
1640,1640,Dridu-Snagov,22,Ialomiţa,0.15,0.15,0.1,0.15,0.1
1641,1641,Drighiu,31,Sălaj,0.15,0.15,0.1,0.15,0.1
1642,1642,Drincea,26,Mehedinţi,0.15,0.15,0.1,0.15,0.1
1643,1643,Drislea,07,Botoşani,0.15,0.15,0.1,0.15,0.1
1644,1644,Drobeta-Turnu Severin,26,Mehedinţi,0.15,0.15,0.1,0.15,0.1
1645,1645,Drogu,08,Brăila,0.15,0.15,0.1,0.15,0.1
1646,1646,Drânceni,38,Vaslui,0.15,0.15,0.1,0.15,0.1
1647,1647,Drăcşani,35,Teleorman,0.15,0.15,0.1,0.15,0.1
1648,1648,Drăganu,39,Vâlcea,0.15,0.15,0.1,0.15,0.1
1649,1649,Drăganu-Olteni,03,Argeş,0.15,0.15,0.1,0.15,0.1
1650,1650,Drăgeşti,05,Bihor,0.15,0.15,0.1,0.15,0.1
1651,1651,Drăghiceni,29,Olt,0.15,0.15,0.1,0.15,0.1
1652,1652,Drăghici,03,Argeş,0.15,0.15,0.1,0.15,0.1
1653,1653,Drăgioiu,39,Vâlcea,0.15,0.15,0.1,0.15,0.1
1654,1654,Drăgoeşti,39,Vâlcea,0.15,0.15,0.1,0.15,0.1
1655,1655,Drăgoteni,05,Bihor,0.15,0.15,0.1,0.15,0.1
1656,1656,Drăgoteşti,17,Dolj,0.15,0.15,0.1,0.15,0.1
1657,1657,Drăgoteşti,19,Gorj,0.15,0.15,0.1,0.15,0.1
1658,1658,Drăguşeni,18,Galaţi,0.15,0.15,0.1,0.15,0.1
1659,1659,Drăguşeni,34,Suceava,0.15,0.15,0.1,0.15,0.1
1660,1660,Drăguşeni,07,Botoşani,0.15,0.15,0.1,0.15,0.1
1661,1661,Drăguţeşti,19,Gorj,0.15,0.15,0.1,0.15,0.1
1662,1662,Drăgăneasa,30,Prahova,0.15,0.15,0.1,0.15,0.1
1663,1663,Drăgăneasca,42,Giurgiu,0.15,0.15,0.1,0.15,0.1
1664,1664,Drăgăneşti,30,Prahova,0.15,0.15,0.1,0.15,0.1
1665,1665,Drăgăneşti,05,Bihor,0.15,0.15,0.1,0.15,0.1
1666,1666,Drăgăneşti,18,Galaţi,0.15,0.15,0.1,0.15,0.1
1667,1667,Drăgăneşti de Vede,35,Teleorman,0.15,0.15,0.1,0.15,0.1
1668,1668,Drăgăneşti-Olt,29,Olt,0.15,0.15,0.1,0.15,0.1
1669,1669,Drăgăneşti-Vlaşca,35,Teleorman,0.15,0.15,0.1,0.15,0.1
1670,1670,Drăgăşani,39,Vâlcea,0.15,0.15,0.1,0.15,0.1
1671,1671,Drănic,17,Dolj,0.15,0.15,0.1,0.15,0.1
1672,1672,Dubova,26,Mehedinţi,0.15,0.15,0.1,0.15,0.1
1673,1673,Dud,02,Arad,0.15,0.15,0.1,0.15,0.1
1674,1674,Duda,38,Vaslui,0.15,0.15,0.1,0.15,0.1
1675,1675,Dudescu,08,Brăila,0.15,0.15,0.1,0.15,0.1
1676,1676,Dudeşti,08,Brăila,0.15,0.15,0.1,0.15,0.1
1677,1677,Dudeştii Vechi,36,Timiş,0.15,0.15,0.1,0.15,0.1
1678,1678,Dudu,35,Teleorman,0.15,0.15,0.1,0.15,0.1
1679,1679,Dudu,43,Ilfov,0.15,0.15,0.1,0.15,0.1
1680,1680,Dulbanu,11,Buzău,0.15,0.15,0.1,0.15,0.1
1681,1681,Dulceanca,35,Teleorman,0.15,0.15,0.1,0.15,0.1
1682,1682,Dulceşti,,Neamt,0.15,0.15,0.1,0.15,0.1
1683,1683,Dumbrava,23,Iaşi,0.15,0.15,0.1,0.15,0.1
1684,1684,Dumbrava,05,Bihor,0.15,0.15,0.1,0.15,0.1
1685,1685,Dumbrava,27,Mureş,0.15,0.15,0.1,0.15,0.1
1686,1686,Dumbrava,,Neamt,0.15,0.15,0.1,0.15,0.1
1687,1687,Dumbrava,36,Timiş,0.15,0.15,0.1,0.15,0.1
1688,1688,Dumbrava,04,Bacău,0.15,0.15,0.1,0.15,0.1
1689,1689,Dumbrava,32,Satu Mare,0.15,0.15,0.1,0.15,0.1
1690,1690,Dumbrava,40,Vrancea,0.15,0.15,0.1,0.15,0.1
1691,1691,Dumbrava,30,Prahova,0.15,0.15,0.1,0.15,0.1
1692,1692,Dumbrava Roşie,,Neamt,0.15,0.15,0.1,0.15,0.1
1693,1693,Dumbrava de Sus,26,Mehedinţi,0.15,0.15,0.1,0.15,0.1
1694,1694,Dumbrăveni,33,Sibiu,0.15,0.15,0.1,0.15,0.1
1695,1695,Dumbrăveni,,Constanta,0.15,0.15,0.1,0.15,0.1
1696,1696,Dumbrăveni,19,Gorj,0.15,0.15,0.1,0.15,0.1
1697,1697,Dumbrăveni,06,Bistriţa-năsăud,0.15,0.15,0.1,0.15,0.1
1698,1698,Dumbrăveni,34,Suceava,0.15,0.15,0.1,0.15,0.1
1699,1699,Dumbrăveni,40,Vrancea,0.15,0.15,0.1,0.15,0.1
1700,1700,Dumbrăveşti,30,Prahova,0.15,0.15,0.1,0.15,0.1
1701,1701,Dumbrăviţa,25,Maramureş,0.15,0.15,0.1,0.15,0.1
1702,1702,Dumbrăviţa,36,Timiş,0.15,0.15,0.1,0.15,0.1
1703,1703,Dumbrăviţa,,Brasov,0.15,0.15,0.1,0.15,0.1
1704,1704,Dumeni,07,Botoşani,0.15,0.15,0.1,0.15,0.1
1705,1705,Dumeşti,38,Vaslui,0.15,0.15,0.1,0.15,0.1
1706,1706,Dumeşti,23,Iaşi,0.15,0.15,0.1,0.15,0.1
1707,1707,Dumitra,06,Bistriţa-năsăud,0.15,0.15,0.1,0.15,0.1
1708,1708,Dumitrana,43,Ilfov,0.15,0.15,0.1,0.15,0.1
1709,1709,Dumitreni,27,Mureş,0.15,0.15,0.1,0.15,0.1
1710,1710,Dunărea,,Constanta,0.15,0.15,0.1,0.15,0.1
1711,1711,Dunăreni,,Constanta,0.15,0.15,0.1,0.15,0.1
1712,1712,Durneşti,07,Botoşani,0.15,0.15,0.1,0.15,0.1
1713,1713,Dâlga,41,Călăraşi,0.15,0.15,0.1,0.15,0.1
1714,1714,Dâlga-Gară,41,Călăraşi,0.15,0.15,0.1,0.15,0.1
1715,1715,Dâmbovicioara,03,Argeş,0.15,0.15,0.1,0.15,0.1
1716,1716,Dâmbovicioara,16,Dâmboviţa,0.15,0.15,0.1,0.15,0.1
1717,1717,Dâmbroca,11,Buzău,0.15,0.15,0.1,0.15,0.1
1718,1718,Dâmbu,27,Mureş,0.15,0.15,0.1,0.15,0.1
1719,1719,Dâmbu,30,Prahova,0.15,0.15,0.1,0.15,0.1
1720,1720,Dâmbău,27,Mureş,0.15,0.15,0.1,0.15,0.1
1721,1721,Dângeni,07,Botoşani,0.15,0.15,0.1,0.15,0.1
1722,1722,Dârjiu,20,Harghita,0.15,0.15,0.1,0.15,0.1
1723,1723,Dârlos,33,Sibiu,0.15,0.15,0.1,0.15,0.1
1724,1724,Dârvari,43,Ilfov,0.15,0.15,0.1,0.15,0.1
1725,1725,Dârvari,26,Mehedinţi,0.15,0.15,0.1,0.15,0.1
1726,1726,Dârvari,30,Prahova,0.15,0.15,0.1,0.15,0.1
1727,1727,Dârza,16,Dâmboviţa,0.15,0.15,0.1,0.15,0.1
1728,1728,Dăbuleni,17,Dolj,0.15,0.15,0.1,0.15,0.1
1729,1729,Dăbâca,13,Cluj,0.15,0.15,0.1,0.15,0.1
1730,1730,Dăeni,37,Tulcea,0.15,0.15,0.1,0.15,0.1
1731,1731,Dăeşti,39,Vâlcea,0.15,0.15,0.1,0.15,0.1
1732,1732,Dălghiu,,Brasov,0.15,0.15,0.1,0.15,0.1
1733,1733,Dămideni,07,Botoşani,0.15,0.15,0.1,0.15,0.1
1734,1734,Dămieneşti,04,Bacău,0.15,0.15,0.1,0.15,0.1
1735,1735,Dămuc,,Neamt,0.15,0.15,0.1,0.15,0.1
1736,1736,Dănceu,26,Mehedinţi,0.15,0.15,0.1,0.15,0.1
1737,1737,Dănciuleşti,19,Gorj,0.15,0.15,0.1,0.15,0.1
1738,1738,Dăneasa,29,Olt,0.15,0.15,0.1,0.15,0.1
1739,1739,Dăneşti,38,Vaslui,0.15,0.15,0.1,0.15,0.1
1740,1740,Dăneşti,20,Harghita,0.15,0.15,0.1,0.15,0.1
1741,1741,Dăneşti,19,Gorj,0.15,0.15,0.1,0.15,0.1
1742,1742,Dănila,34,Suceava,0.15,0.15,0.1,0.15,0.1
1743,1743,Dărmăneşti,34,Suceava,0.15,0.15,0.1,0.15,0.1
1744,1744,Dărmăneşti,16,Dâmboviţa,0.15,0.15,0.1,0.15,0.1
1745,1745,Dărmăneşti,03,Argeş,0.15,0.15,0.1,0.15,0.1
1746,1746,Dărmăneşti,04,Bacău,0.15,0.15,0.1,0.15,0.1
1747,1747,Dăroaia,01,Alba,0.15,0.15,0.1,0.15,0.1
1748,1748,Dărăşti-Ilfov,43,Ilfov,0.15,0.15,0.1,0.15,0.1
1749,1749,Eforie,,Constanta,0.15,0.15,0.1,0.15,0.1
1750,1750,Eforie Nord,,Constanta,0.15,0.15,0.1,0.15,0.1
1751,1751,Eforie Sud,,Constanta,0.15,0.15,0.1,0.15,0.1
1752,1752,Eftimie Murgu,12,Caraş-severin,0.15,0.15,0.1,0.15,0.1
1753,1753,Eliseni,20,Harghita,0.15,0.15,0.1,0.15,0.1
1754,1754,Enisala,37,Tulcea,0.15,0.15,0.1,0.15,0.1
1755,1755,Epureni,38,Vaslui,0.15,0.15,0.1,0.15,0.1
1756,1756,Erbiceni,23,Iaşi,0.15,0.15,0.1,0.15,0.1
1757,1757,Eremitu,27,Mureş,0.15,0.15,0.1,0.15,0.1
1758,1758,Eriu-Sâncrai,32,Satu Mare,0.15,0.15,0.1,0.15,0.1
1759,1759,Ernei,27,Mureş,0.15,0.15,0.1,0.15,0.1
1760,1760,Estelnic,15,Covasna,0.15,0.15,0.1,0.15,0.1
1761,1761,Ezeriş,12,Caraş-severin,0.15,0.15,0.1,0.15,0.1
1762,1762,Eşelniţa,26,Mehedinţi,0.15,0.15,0.1,0.15,0.1
1763,1763,Falcău,34,Suceava,0.15,0.15,0.1,0.15,0.1
1764,1764,Faraoanele,40,Vrancea,0.15,0.15,0.1,0.15,0.1
1765,1765,Faraoani,04,Bacău,0.15,0.15,0.1,0.15,0.1
1766,1766,Fefelei,30,Prahova,0.15,0.15,0.1,0.15,0.1
1767,1767,Feisa,01,Alba,0.15,0.15,0.1,0.15,0.1
1768,1768,Feldioara,13,Cluj,0.15,0.15,0.1,0.15,0.1
1769,1769,Feldioara,,Brasov,0.15,0.15,0.1,0.15,0.1
1770,1770,Feldru,06,Bistriţa-năsăud,0.15,0.15,0.1,0.15,0.1
1771,1771,Feleacu,13,Cluj,0.15,0.15,0.1,0.15,0.1
1772,1772,Feliceni,20,Harghita,0.15,0.15,0.1,0.15,0.1
1773,1773,Felnac,02,Arad,0.15,0.15,0.1,0.15,0.1
1774,1774,Feredeni,23,Iaşi,0.15,0.15,0.1,0.15,0.1
1775,1775,Ferendia,36,Timiş,0.15,0.15,0.1,0.15,0.1
1776,1776,Ferestre,16,Dâmboviţa,0.15,0.15,0.1,0.15,0.1
1777,1777,Ferestrău-Oituz,04,Bacău,0.15,0.15,0.1,0.15,0.1
1778,1778,Ferice,05,Bihor,0.15,0.15,0.1,0.15,0.1
1779,1779,Fersig,25,Maramureş,0.15,0.15,0.1,0.15,0.1
1780,1780,Feteşti,22,Ialomiţa,0.15,0.15,0.1,0.15,0.1
1781,1781,Fieni,16,Dâmboviţa,0.15,0.15,0.1,0.15,0.1
1782,1782,Fierbinţi-Târg,22,Ialomiţa,0.15,0.15,0.1,0.15,0.1
1783,1783,Fildu de Jos,31,Sălaj,0.15,0.15,0.1,0.15,0.1
1784,1784,Fildu de Mijloc,31,Sălaj,0.15,0.15,0.1,0.15,0.1
1785,1785,Fildu de Sus,31,Sălaj,0.15,0.15,0.1,0.15,0.1
1786,1786,Filea,27,Mureş,0.15,0.15,0.1,0.15,0.1
1787,1787,Filia,15,Covasna,0.15,0.15,0.1,0.15,0.1
1788,1788,Filiaşi,17,Dolj,0.15,0.15,0.1,0.15,0.1
1789,1789,Filioara,,Neamt,0.15,0.15,0.1,0.15,0.1
1790,1790,Filipeni,04,Bacău,0.15,0.15,0.1,0.15,0.1
1791,1791,Filipeşti,04,Bacău,0.15,0.15,0.1,0.15,0.1
1792,1792,Filipeştii de Pădure,30,Prahova,0.15,0.15,0.1,0.15,0.1
1793,1793,Filipeştii de Târg,30,Prahova,0.15,0.15,0.1,0.15,0.1
1794,1794,Finiş,05,Bihor,0.15,0.15,0.1,0.15,0.1
1795,1795,Finta Mare,16,Dâmboviţa,0.15,0.15,0.1,0.15,0.1
1796,1796,Fiscut,02,Arad,0.15,0.15,0.1,0.15,0.1
1797,1797,Fitioneşti,40,Vrancea,0.15,0.15,0.1,0.15,0.1
1798,1798,Fizeşu Gherlii,13,Cluj,0.15,0.15,0.1,0.15,0.1
1799,1799,Flondora,07,Botoşani,0.15,0.15,0.1,0.15,0.1
1800,1800,Floreni,38,Vaslui,0.15,0.15,0.1,0.15,0.1
1801,1801,Floreşti,30,Prahova,0.15,0.15,0.1,0.15,0.1
1802,1802,Floreşti,13,Cluj,0.15,0.15,0.1,0.15,0.1
1803,1803,Floreşti,26,Mehedinţi,0.15,0.15,0.1,0.15,0.1
1804,1804,Florica,11,Buzău,0.15,0.15,0.1,0.15,0.1
1805,1805,Florica,41,Călăraşi,0.15,0.15,0.1,0.15,0.1
1806,1806,Floroaia,15,Covasna,0.15,0.15,0.1,0.15,0.1
1807,1807,Floroaica,41,Călăraşi,0.15,0.15,0.1,0.15,0.1
1808,1808,Floru,29,Olt,0.15,0.15,0.1,0.15,0.1
1809,1809,Flămânzi,07,Botoşani,0.15,0.15,0.1,0.15,0.1
1810,1810,Focuri,23,Iaşi,0.15,0.15,0.1,0.15,0.1
1811,1811,Foeni,36,Timiş,0.15,0.15,0.1,0.15,0.1
1812,1812,Foglaş,05,Bihor,0.15,0.15,0.1,0.15,0.1
1813,1813,Foieni,32,Satu Mare,0.15,0.15,0.1,0.15,0.1
1814,1814,Foleştii de Jos,39,Vâlcea,0.15,0.15,0.1,0.15,0.1
1815,1815,Folteşti,18,Galaţi,0.15,0.15,0.1,0.15,0.1
1816,1816,Forotic,12,Caraş-severin,0.15,0.15,0.1,0.15,0.1
1817,1817,Forău,05,Bihor,0.15,0.15,0.1,0.15,0.1
1818,1818,Forăşti,34,Suceava,0.15,0.15,0.1,0.15,0.1
1819,1819,Frasin,34,Suceava,0.15,0.15,0.1,0.15,0.1
1820,1820,Frasin,19,Gorj,0.15,0.15,0.1,0.15,0.1
1821,1821,Frasinu,42,Giurgiu,0.15,0.15,0.1,0.15,0.1
1822,1822,Frasinu,16,Dâmboviţa,0.15,0.15,0.1,0.15,0.1
1823,1823,Frata,13,Cluj,0.15,0.15,0.1,0.15,0.1
1824,1824,Frecăţei,37,Tulcea,0.15,0.15,0.1,0.15,0.1
1825,1825,Frecăţei,08,Brăila,0.15,0.15,0.1,0.15,0.1
1826,1826,Frenciugi,23,Iaşi,0.15,0.15,0.1,0.15,0.1
1827,1827,Frumoasa,20,Harghita,0.15,0.15,0.1,0.15,0.1
1828,1828,Frumoasa,04,Bacău,0.15,0.15,0.1,0.15,0.1
1829,1829,Frumoasa,35,Teleorman,0.15,0.15,0.1,0.15,0.1
1830,1830,Frumosu,34,Suceava,0.15,0.15,0.1,0.15,0.1
1831,1831,Frumuşani,41,Călăraşi,0.15,0.15,0.1,0.15,0.1
1832,1832,Frumuşica,07,Botoşani,0.15,0.15,0.1,0.15,0.1
1833,1833,Frumuşiţa,18,Galaţi,0.15,0.15,0.1,0.15,0.1
1834,1834,Frunzaru,29,Olt,0.15,0.15,0.1,0.15,0.1
1835,1835,Frunzeni,,Neamt,0.15,0.15,0.1,0.15,0.1
1836,1836,Frunzeni,27,Mureş,0.15,0.15,0.1,0.15,0.1
1837,1837,Frânceşti,39,Vâlcea,0.15,0.15,0.1,0.15,0.1
1838,1838,Frânceşti,19,Gorj,0.15,0.15,0.1,0.15,0.1
1839,1839,Frăsinet,30,Prahova,0.15,0.15,0.1,0.15,0.1
1840,1840,Frăsinet,41,Călăraşi,0.15,0.15,0.1,0.15,0.1
1841,1841,Frăsinet,35,Teleorman,0.15,0.15,0.1,0.15,0.1
1842,1842,Frăteşti,42,Giurgiu,0.15,0.15,0.1,0.15,0.1
1843,1843,Frătăuţii Noi,34,Suceava,0.15,0.15,0.1,0.15,0.1
1844,1844,Frătăuţii Vechi,34,Suceava,0.15,0.15,0.1,0.15,0.1
1845,1845,Fughiu,05,Bihor,0.15,0.15,0.1,0.15,0.1
1846,1846,Fulga de Jos,30,Prahova,0.15,0.15,0.1,0.15,0.1
1847,1847,Fulga de Sus,30,Prahova,0.15,0.15,0.1,0.15,0.1
1848,1848,Fumureni,39,Vâlcea,0.15,0.15,0.1,0.15,0.1
1849,1849,Fundata,,Brasov,0.15,0.15,0.1,0.15,0.1
1850,1850,Fundeanu,18,Galaţi,0.15,0.15,0.1,0.15,0.1
1851,1851,Fundeni,18,Galaţi,0.15,0.15,0.1,0.15,0.1
1852,1852,Fundeni,30,Prahova,0.15,0.15,0.1,0.15,0.1
1853,1853,Fundeni,11,Buzău,0.15,0.15,0.1,0.15,0.1
1854,1854,Fundeni,41,Călăraşi,0.15,0.15,0.1,0.15,0.1
1855,1855,Fundeni,43,Ilfov,0.15,0.15,0.1,0.15,0.1
1856,1856,Fundenii Noi,18,Galaţi,0.15,0.15,0.1,0.15,0.1
1857,1857,Fundoaia,20,Harghita,0.15,0.15,0.1,0.15,0.1
1858,1858,Fundoaia,04,Bacău,0.15,0.15,0.1,0.15,0.1
1859,1859,Fundu Moldovei,34,Suceava,0.15,0.15,0.1,0.15,0.1
1860,1860,Fundu Răcăciuni,04,Bacău,0.15,0.15,0.1,0.15,0.1
1861,1861,Fundu Tutovei,04,Bacău,0.15,0.15,0.1,0.15,0.1
1862,1862,Fundulea,41,Călăraşi,0.15,0.15,0.1,0.15,0.1
1863,1863,Fundătura,38,Vaslui,0.15,0.15,0.1,0.15,0.1
1864,1864,Fundătura,13,Cluj,0.15,0.15,0.1,0.15,0.1
1865,1865,Furcenii Noi,18,Galaţi,0.15,0.15,0.1,0.15,0.1
1866,1866,Furnicari,04,Bacău,0.15,0.15,0.1,0.15,0.1
1867,1867,Fusea,16,Dâmboviţa,0.15,0.15,0.1,0.15,0.1
1868,1868,Fântâna Mare,34,Suceava,0.15,0.15,0.1,0.15,0.1
1869,1869,Fântânele,19,Gorj,0.15,0.15,0.1,0.15,0.1
1870,1870,Fântânele,30,Prahova,0.15,0.15,0.1,0.15,0.1
1871,1871,Fântânele,02,Arad,0.15,0.15,0.1,0.15,0.1
1872,1872,Fântânele,16,Dâmboviţa,0.15,0.15,0.1,0.15,0.1
1873,1873,Fântânele,18,Galaţi,0.15,0.15,0.1,0.15,0.1
1874,1874,Fântânele,23,Iaşi,0.15,0.15,0.1,0.15,0.1
1875,1875,Fântânele,27,Mureş,0.15,0.15,0.1,0.15,0.1
1876,1876,Fântânele,06,Bistriţa-năsăud,0.15,0.15,0.1,0.15,0.1
1877,1877,Fântânele,34,Suceava,0.15,0.15,0.1,0.15,0.1
1878,1878,Fântânele,35,Teleorman,0.15,0.15,0.1,0.15,0.1
1879,1879,Fântânele,,Constanta,0.15,0.15,0.1,0.15,0.1
1880,1880,Fântâni,18,Galaţi,0.15,0.15,0.1,0.15,0.1
1881,1881,Fârdea,36,Timiş,0.15,0.15,0.1,0.15,0.1
1882,1882,Fârliug,12,Caraş-severin,0.15,0.15,0.1,0.15,0.1
1883,1883,Fârţăneşti,18,Galaţi,0.15,0.15,0.1,0.15,0.1
1884,1884,Fâstâci,38,Vaslui,0.15,0.15,0.1,0.15,0.1
1885,1885,Făclia,,Constanta,0.15,0.15,0.1,0.15,0.1
1886,1886,Făcăeni,22,Ialomiţa,0.15,0.15,0.1,0.15,0.1
1887,1887,Făcăi,17,Dolj,0.15,0.15,0.1,0.15,0.1
1888,1888,Făcăieni,30,Prahova,0.15,0.15,0.1,0.15,0.1
1889,1889,Făget,36,Timiş,0.15,0.15,0.1,0.15,0.1
1890,1890,Făget,04,Bacău,0.15,0.15,0.1,0.15,0.1
1891,1891,Făgetu,03,Argeş,0.15,0.15,0.1,0.15,0.1
1892,1892,Făgetu,30,Prahova,0.15,0.15,0.1,0.15,0.1
1893,1893,Făgetu,31,Sălaj,0.15,0.15,0.1,0.15,0.1
1894,1894,Făgeţelu,29,Olt,0.15,0.15,0.1,0.15,0.1
1895,1895,Fălciu,38,Vaslui,0.15,0.15,0.1,0.15,0.1
1896,1896,Fălcoiu,29,Olt,0.15,0.15,0.1,0.15,0.1
1897,1897,Fălticeni,34,Suceava,0.15,0.15,0.1,0.15,0.1
1898,1898,Fărcaşa,,Neamt,0.15,0.15,0.1,0.15,0.1
1899,1899,Fărcaşa,25,Maramureş,0.15,0.15,0.1,0.15,0.1
1900,1900,Fărcaşele,29,Olt,0.15,0.15,0.1,0.15,0.1
1901,1901,Fărcăşeşti,19,Gorj,0.15,0.15,0.1,0.15,0.1
1902,1902,Fărăgău,27,Mureş,0.15,0.15,0.1,0.15,0.1
1903,1903,Fărău,01,Alba,0.15,0.15,0.1,0.15,0.1
1904,1904,Făurei,08,Brăila,0.15,0.15,0.1,0.15,0.1
1905,1905,Făurei,,Neamt,0.15,0.15,0.1,0.15,0.1
1906,1906,Făurei,41,Călăraşi,0.15,0.15,0.1,0.15,0.1
1907,1907,Făurei,,Constanta,0.15,0.15,0.1,0.15,0.1
1908,1908,Făureşti,39,Vâlcea,0.15,0.15,0.1,0.15,0.1
1909,1909,Galaţi,18,Galaţi,0.15,0.15,0.1,0.15,0.1
1910,1910,Galaţii Bistriţei,06,Bistriţa-năsăud,0.15,0.15,0.1,0.15,0.1
1911,1911,Galbeni,04,Bacău,0.15,0.15,0.1,0.15,0.1
1912,1912,Galbenu,08,Brăila,0.15,0.15,0.1,0.15,0.1
1913,1913,Galda de Jos,01,Alba,0.15,0.15,0.1,0.15,0.1
1914,1914,Galicea,39,Vâlcea,0.15,0.15,0.1,0.15,0.1
1915,1915,Galicea Mare,17,Dolj,0.15,0.15,0.1,0.15,0.1
1916,1916,Galiciuica,17,Dolj,0.15,0.15,0.1,0.15,0.1
1917,1917,Gara Banca,38,Vaslui,0.15,0.15,0.1,0.15,0.1
1918,1918,Gara Berheci,18,Galaţi,0.15,0.15,0.1,0.15,0.1
1919,1919,Garoafa,40,Vrancea,0.15,0.15,0.1,0.15,0.1
1920,1920,Garvăn,37,Tulcea,0.15,0.15,0.1,0.15,0.1
1921,1921,Gavojdia,36,Timiş,0.15,0.15,0.1,0.15,0.1
1922,1922,Geaca,13,Cluj,0.15,0.15,0.1,0.15,0.1
1923,1923,Geamăna,03,Argeş,0.15,0.15,0.1,0.15,0.1
1924,1924,Geamăna,39,Vâlcea,0.15,0.15,0.1,0.15,0.1
1925,1925,Gefu,18,Galaţi,0.15,0.15,0.1,0.15,0.1
1926,1926,Gelu,36,Timiş,0.15,0.15,0.1,0.15,0.1
1927,1927,Gelu,32,Satu Mare,0.15,0.15,0.1,0.15,0.1
1928,1928,Gemenea,34,Suceava,0.15,0.15,0.1,0.15,0.1
1929,1929,Gemenele,08,Brăila,0.15,0.15,0.1,0.15,0.1
1930,1930,Gemeni,26,Mehedinţi,0.15,0.15,0.1,0.15,0.1
1931,1931,General Berthelot,21,Hunedoara,0.15,0.15,0.1,0.15,0.1
1932,1932,Genuneni,39,Vâlcea,0.15,0.15,0.1,0.15,0.1
1933,1933,Geoagiu,21,Hunedoara,0.15,0.15,0.1,0.15,0.1
1934,1934,Geoagiu de Sus,01,Alba,0.15,0.15,0.1,0.15,0.1
1935,1935,Geoagiu-Băi,21,Hunedoara,0.15,0.15,0.1,0.15,0.1
1936,1936,George Enescu,07,Botoşani,0.15,0.15,0.1,0.15,0.1
1937,1937,Georocu Mare,17,Dolj,0.15,0.15,0.1,0.15,0.1
1938,1938,Gepiu,05,Bihor,0.15,0.15,0.1,0.15,0.1
1939,1939,Gersa I,06,Bistriţa-năsăud,0.15,0.15,0.1,0.15,0.1
1940,1940,Gheaba,30,Prahova,0.15,0.15,0.1,0.15,0.1
1941,1941,Gheboaia,16,Dâmboviţa,0.15,0.15,0.1,0.15,0.1
1942,1942,Gheboieni,16,Dâmboviţa,0.15,0.15,0.1,0.15,0.1
1943,1943,Gheja,27,Mureş,0.15,0.15,0.1,0.15,0.1
1944,1944,Ghelari,21,Hunedoara,0.15,0.15,0.1,0.15,0.1
1945,1945,Ghelinţa,15,Covasna,0.15,0.15,0.1,0.15,0.1
1946,1946,Ghenetea,05,Bihor,0.15,0.15,0.1,0.15,0.1
1947,1947,Gheorghe Doja,04,Bacău,0.15,0.15,0.1,0.15,0.1
1948,1948,Gheorghe Doja,27,Mureş,0.15,0.15,0.1,0.15,0.1
1949,1949,Gheorghe Doja,22,Ialomiţa,0.15,0.15,0.1,0.15,0.1
1950,1950,Gheorghe Lazăr,22,Ialomiţa,0.15,0.15,0.1,0.15,0.1
1951,1951,Gheorgheni,20,Harghita,0.15,0.15,0.1,0.15,0.1
1952,1952,Gheorghieni,13,Cluj,0.15,0.15,0.1,0.15,0.1
1953,1953,Ghergani,16,Dâmboviţa,0.15,0.15,0.1,0.15,0.1
1954,1954,Ghergheasa,11,Buzău,0.15,0.15,0.1,0.15,0.1
1955,1955,Ghergheşti,38,Vaslui,0.15,0.15,0.1,0.15,0.1
1956,1956,Gherghiţa,30,Prahova,0.15,0.15,0.1,0.15,0.1
1957,1957,Gherla,13,Cluj,0.15,0.15,0.1,0.15,0.1
1958,1958,Gherăeşti,,Neamt,0.15,0.15,0.1,0.15,0.1
1959,1959,Gherăseni,11,Buzău,0.15,0.15,0.1,0.15,0.1
1960,1960,Gherţa Mică,32,Satu Mare,0.15,0.15,0.1,0.15,0.1
1961,1961,Ghidfalău,15,Covasna,0.15,0.15,0.1,0.15,0.1
1962,1962,Ghidici,17,Dolj,0.15,0.15,0.1,0.15,0.1
1963,1963,Ghidigeni,18,Galaţi,0.15,0.15,0.1,0.15,0.1
1964,1964,Ghighiu,30,Prahova,0.15,0.15,0.1,0.15,0.1
1965,1965,Ghilad,36,Timiş,0.15,0.15,0.1,0.15,0.1
1966,1966,Ghimbav,,Brasov,0.15,0.15,0.1,0.15,0.1
1967,1967,Ghimeş-Făget,04,Bacău,0.15,0.15,0.1,0.15,0.1
1968,1968,Ghinda,06,Bistriţa-năsăud,0.15,0.15,0.1,0.15,0.1
1969,1969,Ghindari,27,Mureş,0.15,0.15,0.1,0.15,0.1
1970,1970,Ghindeni,17,Dolj,0.15,0.15,0.1,0.15,0.1
1971,1971,Ghindăoani,,Neamt,0.15,0.15,0.1,0.15,0.1
1972,1972,Ghindăreşti,,Constanta,0.15,0.15,0.1,0.15,0.1
1973,1973,Ghioca,29,Olt,0.15,0.15,0.1,0.15,0.1
1974,1974,Ghionea,42,Giurgiu,0.15,0.15,0.1,0.15,0.1
1975,1975,Ghiorac,05,Bihor,0.15,0.15,0.1,0.15,0.1
1976,1976,Ghioroc,02,Arad,0.15,0.15,0.1,0.15,0.1
1977,1977,Ghioroiu,39,Vâlcea,0.15,0.15,0.1,0.15,0.1
1978,1978,Ghirbom,01,Alba,0.15,0.15,0.1,0.15,0.1
1979,1979,Ghirdoveni,16,Dâmboviţa,0.15,0.15,0.1,0.15,0.1
1980,1980,Ghireni,07,Botoşani,0.15,0.15,0.1,0.15,0.1
1981,1981,Ghiroda,36,Timiş,0.15,0.15,0.1,0.15,0.1
1982,1982,Ghirolt,13,Cluj,0.15,0.15,0.1,0.15,0.1
1983,1983,Ghizdaru,42,Giurgiu,0.15,0.15,0.1,0.15,0.1
1984,1984,Ghizela,36,Timiş,0.15,0.15,0.1,0.15,0.1
1985,1985,Giarmata,36,Timiş,0.15,0.15,0.1,0.15,0.1
1986,1986,Giarmata-Vii,36,Timiş,0.15,0.15,0.1,0.15,0.1
1987,1987,Giera,36,Timiş,0.15,0.15,0.1,0.15,0.1
1988,1988,Gighera,17,Dolj,0.15,0.15,0.1,0.15,0.1
1989,1989,Gilău,13,Cluj,0.15,0.15,0.1,0.15,0.1
1990,1990,Giorocuta,32,Satu Mare,0.15,0.15,0.1,0.15,0.1
1991,1991,Gioseni,04,Bacău,0.15,0.15,0.1,0.15,0.1
1992,1992,Giroc,36,Timiş,0.15,0.15,0.1,0.15,0.1
1993,1993,Girov,,Neamt,0.15,0.15,0.1,0.15,0.1
1994,1994,Giubega,17,Dolj,0.15,0.15,0.1,0.15,0.1
1995,1995,Giuleşti,25,Maramureş,0.15,0.15,0.1,0.15,0.1
1996,1996,Giulvăz,36,Timiş,0.15,0.15,0.1,0.15,0.1
1997,1997,Giurcani,38,Vaslui,0.15,0.15,0.1,0.15,0.1
1998,1998,Giurgeni,,Neamt,0.15,0.15,0.1,0.15,0.1
1999,1999,Giurgeni,22,Ialomiţa,0.15,0.15,0.1,0.15,0.1
2000,2000,Giurgiu,42,Giurgiu,0.15,0.15,0.1,0.15,0.1
2001,2001,Giurgiţa,17,Dolj,0.15,0.15,0.1,0.15,0.1
2002,2002,Giurtelecu Hododului,32,Satu Mare,0.15,0.15,0.1,0.15,0.1
2003,2003,Giuvărăşti,29,Olt,0.15,0.15,0.1,0.15,0.1
2004,2004,Gledin,06,Bistriţa-năsăud,0.15,0.15,0.1,0.15,0.1
2005,2005,Gliganu de Jos,03,Argeş,0.15,0.15,0.1,0.15,0.1
2006,2006,Gliganu de Sus,03,Argeş,0.15,0.15,0.1,0.15,0.1
2007,2007,Glimboca,12,Caraş-severin,0.15,0.15,0.1,0.15,0.1
2008,2008,Glina,43,Ilfov,0.15,0.15,0.1,0.15,0.1
2009,2009,Globu Craiovei,12,Caraş-severin,0.15,0.15,0.1,0.15,0.1
2010,2010,Glod,31,Sălaj,0.15,0.15,0.1,0.15,0.1
2011,2011,Glod,16,Dâmboviţa,0.15,0.15,0.1,0.15,0.1
2012,2012,Glodeanu-Siliştea,11,Buzău,0.15,0.15,0.1,0.15,0.1
2013,2013,Glodeni,19,Gorj,0.15,0.15,0.1,0.15,0.1
2014,2014,Glodeni,16,Dâmboviţa,0.15,0.15,0.1,0.15,0.1
2015,2015,Glodeni,27,Mureş,0.15,0.15,0.1,0.15,0.1
2016,2016,Glodenii Gândului,23,Iaşi,0.15,0.15,0.1,0.15,0.1
2017,2017,Glogova,19,Gorj,0.15,0.15,0.1,0.15,0.1
2018,2018,Glogoveanu,16,Dâmboviţa,0.15,0.15,0.1,0.15,0.1
2019,2019,Glâmbocata-Deal,03,Argeş,0.15,0.15,0.1,0.15,0.1
2020,2020,Glâmbocelu,03,Argeş,0.15,0.15,0.1,0.15,0.1
2021,2021,Glâmbocu,03,Argeş,0.15,0.15,0.1,0.15,0.1
2022,2022,Glăvile,39,Vâlcea,0.15,0.15,0.1,0.15,0.1
2023,2023,Glăvăneşti,04,Bacău,0.15,0.15,0.1,0.15,0.1
2024,2024,Goagiu,20,Harghita,0.15,0.15,0.1,0.15,0.1
2025,2025,Godeanu,26,Mehedinţi,0.15,0.15,0.1,0.15,0.1
2026,2026,Godeni,03,Argeş,0.15,0.15,0.1,0.15,0.1
2027,2027,Godineşti,19,Gorj,0.15,0.15,0.1,0.15,0.1
2028,2028,Goga,30,Prahova,0.15,0.15,0.1,0.15,0.1
2029,2029,Gogan,27,Mureş,0.15,0.15,0.1,0.15,0.1
2030,2030,Gogoşari,42,Giurgiu,0.15,0.15,0.1,0.15,0.1
2031,2031,Gogoşu,17,Dolj,0.15,0.15,0.1,0.15,0.1
2032,2032,Gogoşu,26,Mehedinţi,0.15,0.15,0.1,0.15,0.1
2033,2033,Gohor,18,Galaţi,0.15,0.15,0.1,0.15,0.1
2034,2034,Goicea,17,Dolj,0.15,0.15,0.1,0.15,0.1
2035,2035,Goioasa,04,Bacău,0.15,0.15,0.1,0.15,0.1
2036,2036,Goleasca,42,Giurgiu,0.15,0.15,0.1,0.15,0.1
2037,2037,Goleşti,40,Vrancea,0.15,0.15,0.1,0.15,0.1
2038,2038,Golfin,17,Dolj,0.15,0.15,0.1,0.15,0.1
2039,2039,Gologanu,40,Vrancea,0.15,0.15,0.1,0.15,0.1
2040,2040,Golumbu,17,Dolj,0.15,0.15,0.1,0.15,0.1
2041,2041,Gorban,23,Iaşi,0.15,0.15,0.1,0.15,0.1
2042,2042,Gorbăneşti,07,Botoşani,0.15,0.15,0.1,0.15,0.1
2043,2043,Goreni,27,Mureş,0.15,0.15,0.1,0.15,0.1
2044,2044,Gorganu,03,Argeş,0.15,0.15,0.1,0.15,0.1
2045,2045,Gorgota,30,Prahova,0.15,0.15,0.1,0.15,0.1
2046,2046,Gorgota,16,Dâmboviţa,0.15,0.15,0.1,0.15,0.1
2047,2047,Gornea,12,Caraş-severin,0.15,0.15,0.1,0.15,0.1
2048,2048,Gorneni,42,Giurgiu,0.15,0.15,0.1,0.15,0.1
2049,2049,Gornet,30,Prahova,0.15,0.15,0.1,0.15,0.1
2050,2050,Gornet-Cricov,30,Prahova,0.15,0.15,0.1,0.15,0.1
2051,2051,Gorneşti,27,Mureş,0.15,0.15,0.1,0.15,0.1
2052,2052,Gornăcel,19,Gorj,0.15,0.15,0.1,0.15,0.1
2053,2053,Goruia,12,Caraş-severin,0.15,0.15,0.1,0.15,0.1
2054,2054,Goruna,30,Prahova,0.15,0.15,0.1,0.15,0.1
2055,2055,Goruni,23,Iaşi,0.15,0.15,0.1,0.15,0.1
2056,2056,Gostavăţu,29,Olt,0.15,0.15,0.1,0.15,0.1
2057,2057,Gostila,31,Sălaj,0.15,0.15,0.1,0.15,0.1
2058,2058,Gostilele,41,Călăraşi,0.15,0.15,0.1,0.15,0.1
2059,2059,Gostinari,42,Giurgiu,0.15,0.15,0.1,0.15,0.1
2060,2060,Gostinu,42,Giurgiu,0.15,0.15,0.1,0.15,0.1
2061,2061,Gottlob,36,Timiş,0.15,0.15,0.1,0.15,0.1
2062,2062,Grajduri,23,Iaşi,0.15,0.15,0.1,0.15,0.1
2063,2063,Gratia,35,Teleorman,0.15,0.15,0.1,0.15,0.1
2064,2064,Greaca,42,Giurgiu,0.15,0.15,0.1,0.15,0.1
2065,2065,Grebenişu de Câmpie,27,Mureş,0.15,0.15,0.1,0.15,0.1
2066,2066,Grebănu,11,Buzău,0.15,0.15,0.1,0.15,0.1
2067,2067,Greceanca,11,Buzău,0.15,0.15,0.1,0.15,0.1
2068,2068,Greceşti,17,Dolj,0.15,0.15,0.1,0.15,0.1
2069,2069,Greci,29,Olt,0.15,0.15,0.1,0.15,0.1
2070,2070,Greci,26,Mehedinţi,0.15,0.15,0.1,0.15,0.1
2071,2071,Greci,16,Dâmboviţa,0.15,0.15,0.1,0.15,0.1
2072,2072,Greci,39,Vâlcea,0.15,0.15,0.1,0.15,0.1
2073,2073,Greci,37,Tulcea,0.15,0.15,0.1,0.15,0.1
2074,2074,Greoni,12,Caraş-severin,0.15,0.15,0.1,0.15,0.1
2075,2075,Grigoreni,04,Bacău,0.15,0.15,0.1,0.15,0.1
2076,2076,Grindeni,27,Mureş,0.15,0.15,0.1,0.15,0.1
2077,2077,Grindu,37,Tulcea,0.15,0.15,0.1,0.15,0.1
2078,2078,Grindu,22,Ialomiţa,0.15,0.15,0.1,0.15,0.1
2079,2079,Grinţieş,,Neamt,0.15,0.15,0.1,0.15,0.1
2080,2080,Griviţa,38,Vaslui,0.15,0.15,0.1,0.15,0.1
2081,2081,Griviţa,22,Ialomiţa,0.15,0.15,0.1,0.15,0.1
2082,2082,Griviţa,18,Galaţi,0.15,0.15,0.1,0.15,0.1
2083,2083,Grojdibodu,29,Olt,0.15,0.15,0.1,0.15,0.1
2084,2084,Gropeni,08,Brăila,0.15,0.15,0.1,0.15,0.1
2085,2085,Gropniţa,23,Iaşi,0.15,0.15,0.1,0.15,0.1
2086,2086,Grozeşti,23,Iaşi,0.15,0.15,0.1,0.15,0.1
2087,2087,Grozeşti,26,Mehedinţi,0.15,0.15,0.1,0.15,0.1
2088,2088,Groşi,25,Maramureş,0.15,0.15,0.1,0.15,0.1
2089,2089,Gruia,26,Mehedinţi,0.15,0.15,0.1,0.15,0.1
2090,2090,Gruiu,03,Argeş,0.15,0.15,0.1,0.15,0.1
2091,2091,Gruiu,43,Ilfov,0.15,0.15,0.1,0.15,0.1
2092,2092,Gruiu,41,Călăraşi,0.15,0.15,0.1,0.15,0.1
2093,2093,Grumezoaia,38,Vaslui,0.15,0.15,0.1,0.15,0.1
2094,2094,Grumăzeşti,,Neamt,0.15,0.15,0.1,0.15,0.1
2095,2095,Grânari,,Brasov,0.15,0.15,0.1,0.15,0.1
2096,2096,Grădina,,Constanta,0.15,0.15,0.1,0.15,0.1
2097,2097,Grădinari,42,Giurgiu,0.15,0.15,0.1,0.15,0.1
2098,2098,Grădinari,12,Caraş-severin,0.15,0.15,0.1,0.15,0.1
2099,2099,Grădinari,29,Olt,0.15,0.15,0.1,0.15,0.1
2100,2100,Grădinile,29,Olt,0.15,0.15,0.1,0.15,0.1
2101,2101,Grădiştea,39,Vâlcea,0.15,0.15,0.1,0.15,0.1
2102,2102,Grădiştea,41,Călăraşi,0.15,0.15,0.1,0.15,0.1
2103,2103,Grădiştea,08,Brăila,0.15,0.15,0.1,0.15,0.1
2104,2104,Grădiştea,43,Ilfov,0.15,0.15,0.1,0.15,0.1
2105,2105,Grăjdana,11,Buzău,0.15,0.15,0.1,0.15,0.1
2106,2106,Grăjdeni,38,Vaslui,0.15,0.15,0.1,0.15,0.1
2107,2107,Grămeşti,34,Suceava,0.15,0.15,0.1,0.15,0.1
2108,2108,Grăniceri,02,Arad,0.15,0.15,0.1,0.15,0.1
2109,2109,Grăniceşti,34,Suceava,0.15,0.15,0.1,0.15,0.1
2110,2110,Gubaucea,17,Dolj,0.15,0.15,0.1,0.15,0.1
2111,2111,Gugeşti,40,Vrancea,0.15,0.15,0.1,0.15,0.1
2112,2112,Gulia,34,Suceava,0.15,0.15,0.1,0.15,0.1
2113,2113,Gulia,16,Dâmboviţa,0.15,0.15,0.1,0.15,0.1
2114,2114,Gulianca,08,Brăila,0.15,0.15,0.1,0.15,0.1
2115,2115,Gura Beliei,30,Prahova,0.15,0.15,0.1,0.15,0.1
2116,2116,Gura Caliţei,40,Vrancea,0.15,0.15,0.1,0.15,0.1
2117,2117,Gura Căluiu,29,Olt,0.15,0.15,0.1,0.15,0.1
2118,2118,Gura Dimienii,11,Buzău,0.15,0.15,0.1,0.15,0.1
2119,2119,Gura Foii,16,Dâmboviţa,0.15,0.15,0.1,0.15,0.1
2120,2120,Gura Haitii,34,Suceava,0.15,0.15,0.1,0.15,0.1
2121,2121,Gura Humorului,34,Suceava,0.15,0.15,0.1,0.15,0.1
2122,2122,Gura Idrici,38,Vaslui,0.15,0.15,0.1,0.15,0.1
2123,2123,Gura Padinii,29,Olt,0.15,0.15,0.1,0.15,0.1
2124,2124,Gura Putnei,34,Suceava,0.15,0.15,0.1,0.15,0.1
2125,2125,Gura Râului,33,Sibiu,0.15,0.15,0.1,0.15,0.1
2126,2126,Gura Solcii,34,Suceava,0.15,0.15,0.1,0.15,0.1
2127,2127,Gura Teghii,11,Buzău,0.15,0.15,0.1,0.15,0.1
2128,2128,Gura Vadului,30,Prahova,0.15,0.15,0.1,0.15,0.1
2129,2129,Gura Vitioarei,30,Prahova,0.15,0.15,0.1,0.15,0.1
2130,2130,Gura Vulcanei,16,Dâmboviţa,0.15,0.15,0.1,0.15,0.1
2131,2131,Gura Văii,26,Mehedinţi,0.15,0.15,0.1,0.15,0.1
2132,2132,Gura Văii,39,Vâlcea,0.15,0.15,0.1,0.15,0.1
2133,2133,Gura Văii,04,Bacău,0.15,0.15,0.1,0.15,0.1
2134,2134,Gura Văii,,Neamt,0.15,0.15,0.1,0.15,0.1
2135,2135,Gura Şuţii,16,Dâmboviţa,0.15,0.15,0.1,0.15,0.1
2136,2136,Gurahonţ,02,Arad,0.15,0.15,0.1,0.15,0.1
2137,2137,Guranda,07,Botoşani,0.15,0.15,0.1,0.15,0.1
2138,2138,Gurani,05,Bihor,0.15,0.15,0.1,0.15,0.1
2139,2139,Gurasada,21,Hunedoara,0.15,0.15,0.1,0.15,0.1
2140,2140,Gurba,02,Arad,0.15,0.15,0.1,0.15,0.1
2141,2141,Gurbediu,05,Bihor,0.15,0.15,0.1,0.15,0.1
2142,2142,Gurbăneşti,41,Călăraşi,0.15,0.15,0.1,0.15,0.1
2143,2143,Gureni,19,Gorj,0.15,0.15,0.1,0.15,0.1
2144,2144,Gurghiu,27,Mureş,0.15,0.15,0.1,0.15,0.1
2145,2145,Guruieni,35,Teleorman,0.15,0.15,0.1,0.15,0.1
2146,2146,Guruslău,31,Sălaj,0.15,0.15,0.1,0.15,0.1
2147,2147,Guşoeni,39,Vâlcea,0.15,0.15,0.1,0.15,0.1
2148,2148,Gâdinţi,,Neamt,0.15,0.15,0.1,0.15,0.1
2149,2149,Gâldău,41,Călăraşi,0.15,0.15,0.1,0.15,0.1
2150,2150,Gâlgău,31,Sălaj,0.15,0.15,0.1,0.15,0.1
2151,2151,Gâlgău Almaşului,31,Sălaj,0.15,0.15,0.1,0.15,0.1
2152,2152,Gângiova,17,Dolj,0.15,0.15,0.1,0.15,0.1
2153,2153,Gârbou,31,Sălaj,0.15,0.15,0.1,0.15,0.1
2154,2154,Gârbova,01,Alba,0.15,0.15,0.1,0.15,0.1
2155,2155,Gârbovi,22,Ialomiţa,0.15,0.15,0.1,0.15,0.1
2156,2156,Gârbău,13,Cluj,0.15,0.15,0.1,0.15,0.1
2157,2157,Gârceni,38,Vaslui,0.15,0.15,0.1,0.15,0.1
2158,2158,Gârcina,,Neamt,0.15,0.15,0.1,0.15,0.1
2159,2159,Gârcov,29,Olt,0.15,0.15,0.1,0.15,0.1
2160,2160,Gârda de Sus,01,Alba,0.15,0.15,0.1,0.15,0.1
2161,2161,Gârdani,25,Maramureş,0.15,0.15,0.1,0.15,0.1
2162,2162,Gârdoaia,26,Mehedinţi,0.15,0.15,0.1,0.15,0.1
2163,2163,Gârleni,04,Bacău,0.15,0.15,0.1,0.15,0.1
2164,2164,Gârlenii de Sus,04,Bacău,0.15,0.15,0.1,0.15,0.1
2165,2165,Gârliciu,,Constanta,0.15,0.15,0.1,0.15,0.1
2166,2166,Gârnic,12,Caraş-severin,0.15,0.15,0.1,0.15,0.1
2167,2167,Gădălin,13,Cluj,0.15,0.15,0.1,0.15,0.1
2168,2168,Găeşti,16,Dâmboviţa,0.15,0.15,0.1,0.15,0.1
2169,2169,Găgeni,30,Prahova,0.15,0.15,0.1,0.15,0.1
2170,2170,Găgeşti,38,Vaslui,0.15,0.15,0.1,0.15,0.1
2171,2171,Găiceana,04,Bacău,0.15,0.15,0.1,0.15,0.1
2172,2172,Găiseanca,42,Giurgiu,0.15,0.15,0.1,0.15,0.1
2173,2173,Găiseni,42,Giurgiu,0.15,0.15,0.1,0.15,0.1
2174,2174,Gălbinaşi,11,Buzău,0.15,0.15,0.1,0.15,0.1
2175,2175,Găleşti,27,Mureş,0.15,0.15,0.1,0.15,0.1
2176,2176,Gălăneşti,34,Suceava,0.15,0.15,0.1,0.15,0.1
2177,2177,Gălăuţaş,20,Harghita,0.15,0.15,0.1,0.15,0.1
2178,2178,Gălăţeni,35,Teleorman,0.15,0.15,0.1,0.15,0.1
2179,2179,Găneasa,29,Olt,0.15,0.15,0.1,0.15,0.1
2180,2180,Găneasa,43,Ilfov,0.15,0.15,0.1,0.15,0.1
2181,2181,Găneşti,27,Mureş,0.15,0.15,0.1,0.15,0.1
2182,2182,Gărăgău,35,Teleorman,0.15,0.15,0.1,0.15,0.1
2183,2183,Gătaia,36,Timiş,0.15,0.15,0.1,0.15,0.1
2184,2184,Găujani,42,Giurgiu,0.15,0.15,0.1,0.15,0.1
2185,2185,Găujani,03,Argeş,0.15,0.15,0.1,0.15,0.1
2186,2186,Găujani,39,Vâlcea,0.15,0.15,0.1,0.15,0.1
2187,2187,Găzărie,04,Bacău,0.15,0.15,0.1,0.15,0.1
2188,2188,Hadâmbu,23,Iaşi,0.15,0.15,0.1,0.15,0.1
2189,2189,Hagioaica,16,Dâmboviţa,0.15,0.15,0.1,0.15,0.1
2190,2190,Haieu,05,Bihor,0.15,0.15,0.1,0.15,0.1
2191,2191,Halmeu,32,Satu Mare,0.15,0.15,0.1,0.15,0.1
2192,2192,Halmăşd,31,Sălaj,0.15,0.15,0.1,0.15,0.1
2193,2193,Halânga,26,Mehedinţi,0.15,0.15,0.1,0.15,0.1
2194,2194,Hamba,33,Sibiu,0.15,0.15,0.1,0.15,0.1
2195,2195,Hamcearca,37,Tulcea,0.15,0.15,0.1,0.15,0.1
2196,2196,Hancea,34,Suceava,0.15,0.15,0.1,0.15,0.1
2197,2197,Hangu,,Neamt,0.15,0.15,0.1,0.15,0.1
2198,2198,Hanu Conachi,18,Galaţi,0.15,0.15,0.1,0.15,0.1
2199,2199,Haret,40,Vrancea,0.15,0.15,0.1,0.15,0.1
2200,2200,Havârna,07,Botoşani,0.15,0.15,0.1,0.15,0.1
2201,2201,Haţeg,21,Hunedoara,0.15,0.15,0.1,0.15,0.1
2202,2202,Heci,23,Iaşi,0.15,0.15,0.1,0.15,0.1
2203,2203,Helegiu,04,Bacău,0.15,0.15,0.1,0.15,0.1
2204,2204,Heliade Rădulescu,11,Buzău,0.15,0.15,0.1,0.15,0.1
2205,2205,Henig,01,Alba,0.15,0.15,0.1,0.15,0.1
2206,2206,Herculian,15,Covasna,0.15,0.15,0.1,0.15,0.1
2207,2207,Hereclean,31,Sălaj,0.15,0.15,0.1,0.15,0.1
2208,2208,Herla,34,Suceava,0.15,0.15,0.1,0.15,0.1
2209,2209,Hermeziu,23,Iaşi,0.15,0.15,0.1,0.15,0.1
2210,2210,Hetiur,27,Mureş,0.15,0.15,0.1,0.15,0.1
2211,2211,Hida,31,Sălaj,0.15,0.15,0.1,0.15,0.1
2212,2212,Hideaga,25,Maramureş,0.15,0.15,0.1,0.15,0.1
2213,2213,Hidişelu de Sus,05,Bihor,0.15,0.15,0.1,0.15,0.1
2214,2214,Hilişeu-Horia,07,Botoşani,0.15,0.15,0.1,0.15,0.1
2215,2215,Hinova,26,Mehedinţi,0.15,0.15,0.1,0.15,0.1
2216,2216,Hlipiceni,07,Botoşani,0.15,0.15,0.1,0.15,0.1
2217,2217,Hobaia,42,Giurgiu,0.15,0.15,0.1,0.15,0.1
2218,2218,Hoceni,38,Vaslui,0.15,0.15,0.1,0.15,0.1
2219,2219,Hociungi,,Neamt,0.15,0.15,0.1,0.15,0.1
2220,2220,Hodac,27,Mureş,0.15,0.15,0.1,0.15,0.1
2221,2221,Hodivoaia,42,Giurgiu,0.15,0.15,0.1,0.15,0.1
2222,2222,Hodod,32,Satu Mare,0.15,0.15,0.1,0.15,0.1
2223,2223,Hodoni,36,Timiş,0.15,0.15,0.1,0.15,0.1
2224,2224,Hodora,23,Iaşi,0.15,0.15,0.1,0.15,0.1
2225,2225,Hodoşa,27,Mureş,0.15,0.15,0.1,0.15,0.1
2226,2226,Hoghilag,33,Sibiu,0.15,0.15,0.1,0.15,0.1
2227,2227,Hoghiz,,Brasov,0.15,0.15,0.1,0.15,0.1
2228,2228,Holbav,,Brasov,0.15,0.15,0.1,0.15,0.1
2229,2229,Holboca,23,Iaşi,0.15,0.15,0.1,0.15,0.1
2230,2230,Holda,34,Suceava,0.15,0.15,0.1,0.15,0.1
2231,2231,Holod,05,Bihor,0.15,0.15,0.1,0.15,0.1
2232,2232,Holt,04,Bacău,0.15,0.15,0.1,0.15,0.1
2233,2233,Homocea,40,Vrancea,0.15,0.15,0.1,0.15,0.1
2234,2234,Homorod,,Brasov,0.15,0.15,0.1,0.15,0.1
2235,2235,Homorodu de Jos,32,Satu Mare,0.15,0.15,0.1,0.15,0.1
2236,2236,Homorog,05,Bihor,0.15,0.15,0.1,0.15,0.1
2237,2237,Homorâciu,30,Prahova,0.15,0.15,0.1,0.15,0.1
2238,2238,Hondol,21,Hunedoara,0.15,0.15,0.1,0.15,0.1
2239,2239,Hopârta,01,Alba,0.15,0.15,0.1,0.15,0.1
2240,2240,Horea,01,Alba,0.15,0.15,0.1,0.15,0.1
2241,2241,Horezu,29,Olt,0.15,0.15,0.1,0.15,0.1
2242,2242,Horezu,39,Vâlcea,0.15,0.15,0.1,0.15,0.1
2243,2243,Horgeşti,04,Bacău,0.15,0.15,0.1,0.15,0.1
2244,2244,Horia,37,Tulcea,0.15,0.15,0.1,0.15,0.1
2245,2245,Horia,,Constanta,0.15,0.15,0.1,0.15,0.1
2246,2246,Horia,22,Ialomiţa,0.15,0.15,0.1,0.15,0.1
2247,2247,Horia,,Neamt,0.15,0.15,0.1,0.15,0.1
2248,2248,Horia,02,Arad,0.15,0.15,0.1,0.15,0.1
2249,2249,Horia,07,Botoşani,0.15,0.15,0.1,0.15,0.1
2250,2250,Horleşti,23,Iaşi,0.15,0.15,0.1,0.15,0.1
2251,2251,Horoatu Crasnei,31,Sălaj,0.15,0.15,0.1,0.15,0.1
2252,2252,Horodnic de Jos,34,Suceava,0.15,0.15,0.1,0.15,0.1
2253,2253,Horodnic de Sus,34,Suceava,0.15,0.15,0.1,0.15,0.1
2254,2254,Horodniceni,34,Suceava,0.15,0.15,0.1,0.15,0.1
2255,2255,Horpaz,23,Iaşi,0.15,0.15,0.1,0.15,0.1
2256,2256,Hosman,33,Sibiu,0.15,0.15,0.1,0.15,0.1
2257,2257,Hotar,05,Bihor,0.15,0.15,0.1,0.15,0.1
2258,2258,Hotarele,42,Giurgiu,0.15,0.15,0.1,0.15,0.1
2259,2259,Hotaru,29,Olt,0.15,0.15,0.1,0.15,0.1
2260,2260,Hotărani,29,Olt,0.15,0.15,0.1,0.15,0.1
2261,2261,Hotăroasa,19,Gorj,0.15,0.15,0.1,0.15,0.1
2262,2262,Hrip,32,Satu Mare,0.15,0.15,0.1,0.15,0.1
2263,2263,Huc,38,Vaslui,0.15,0.15,0.1,0.15,0.1
2264,2264,Hudeşti,07,Botoşani,0.15,0.15,0.1,0.15,0.1
2265,2265,Huedin,13,Cluj,0.15,0.15,0.1,0.15,0.1
2266,2266,Huisurez,,Neamt,0.15,0.15,0.1,0.15,0.1
2267,2267,Hulub,07,Botoşani,0.15,0.15,0.1,0.15,0.1
2268,2268,Hulubeşti,16,Dâmboviţa,0.15,0.15,0.1,0.15,0.1
2269,2269,Humele,03,Argeş,0.15,0.15,0.1,0.15,0.1
2270,2270,Humoreni,34,Suceava,0.15,0.15,0.1,0.15,0.1
2271,2271,Humosu,23,Iaşi,0.15,0.15,0.1,0.15,0.1
2272,2272,Hunedoara,21,Hunedoara,0.15,0.15,0.1,0.15,0.1
2273,2273,Hunia,17,Dolj,0.15,0.15,0.1,0.15,0.1
2274,2274,Hurdugi,38,Vaslui,0.15,0.15,0.1,0.15,0.1
2275,2275,Hurezani,19,Gorj,0.15,0.15,0.1,0.15,0.1
2276,2276,Hurezu Mare,32,Satu Mare,0.15,0.15,0.1,0.15,0.1
2277,2277,Hurjuieni,34,Suceava,0.15,0.15,0.1,0.15,0.1
2278,2278,Husasău de Tinca,05,Bihor,0.15,0.15,0.1,0.15,0.1
2279,2279,Huseni,31,Sălaj,0.15,0.15,0.1,0.15,0.1
2280,2280,Husi,34,Suceava,0.15,0.15,0.1,0.15,0.1
2281,2281,Husnicioara,26,Mehedinţi,0.15,0.15,0.1,0.15,0.1
2282,2282,Huşi,38,Vaslui,0.15,0.15,0.1,0.15,0.1
2283,2283,Hârja,11,Buzău,0.15,0.15,0.1,0.15,0.1
2284,2284,Hârlău,23,Iaşi,0.15,0.15,0.1,0.15,0.1
2285,2285,Hârseşti,03,Argeş,0.15,0.15,0.1,0.15,0.1
2286,2286,Hârsova,38,Vaslui,0.15,0.15,0.1,0.15,0.1
2287,2287,Hârtieşti,03,Argeş,0.15,0.15,0.1,0.15,0.1
2288,2288,Hârtoape,23,Iaşi,0.15,0.15,0.1,0.15,0.1
2289,2289,Hârtop,34,Suceava,0.15,0.15,0.1,0.15,0.1
2290,2290,Hârşova,,Constanta,0.15,0.15,0.1,0.15,0.1
2291,2291,Hăbeni,16,Dâmboviţa,0.15,0.15,0.1,0.15,0.1
2292,2292,Hăbud,30,Prahova,0.15,0.15,0.1,0.15,0.1
2293,2293,Hădăreni,27,Mureş,0.15,0.15,0.1,0.15,0.1
2294,2294,Hăghiac,04,Bacău,0.15,0.15,0.1,0.15,0.1
2295,2295,Hăghig,15,Covasna,0.15,0.15,0.1,0.15,0.1
2296,2296,Hălceni,23,Iaşi,0.15,0.15,0.1,0.15,0.1
2297,2297,Hălchiu,,Brasov,0.15,0.15,0.1,0.15,0.1
2298,2298,Hălmagiu,02,Arad,0.15,0.15,0.1,0.15,0.1
2299,2299,Hălmeag,,Brasov,0.15,0.15,0.1,0.15,0.1
2300,2300,Hălmăgel,02,Arad,0.15,0.15,0.1,0.15,0.1
2301,2301,Hălăuceşti,23,Iaşi,0.15,0.15,0.1,0.15,0.1
2302,2302,Hăneşti,07,Botoşani,0.15,0.15,0.1,0.15,0.1
2303,2303,Hărman,,Brasov,0.15,0.15,0.1,0.15,0.1
2304,2304,Hărmăneasa,23,Iaşi,0.15,0.15,0.1,0.15,0.1
2305,2305,Hărănglab,27,Mureş,0.15,0.15,0.1,0.15,0.1
2306,2306,Hărău,21,Hunedoara,0.15,0.15,0.1,0.15,0.1
2307,2307,Hătcărău,30,Prahova,0.15,0.15,0.1,0.15,0.1
2308,2308,I. L. Caragiale,16,Dâmboviţa,0.15,0.15,0.1,0.15,0.1
2309,2309,Iablaniţa,12,Caraş-severin,0.15,0.15,0.1,0.15,0.1
2310,2310,Iacobeni,33,Sibiu,0.15,0.15,0.1,0.15,0.1
2311,2311,Iacobeni,13,Cluj,0.15,0.15,0.1,0.15,0.1
2312,2312,Iacobeni,34,Suceava,0.15,0.15,0.1,0.15,0.1
2313,2313,Iacobeni,07,Botoşani,0.15,0.15,0.1,0.15,0.1
2314,2314,Iadăra,25,Maramureş,0.15,0.15,0.1,0.15,0.1
2315,2315,Iana,38,Vaslui,0.15,0.15,0.1,0.15,0.1
2316,2316,Ianca,08,Brăila,0.15,0.15,0.1,0.15,0.1
2317,2317,Ianca,29,Olt,0.15,0.15,0.1,0.15,0.1
2318,2318,Iancu Jianu,29,Olt,0.15,0.15,0.1,0.15,0.1
2319,2319,Ianova,36,Timiş,0.15,0.15,0.1,0.15,0.1
2320,2320,Iapa,25,Maramureş,0.15,0.15,0.1,0.15,0.1
2321,2321,Iara,13,Cluj,0.15,0.15,0.1,0.15,0.1
2322,2322,Iaz,12,Caraş-severin,0.15,0.15,0.1,0.15,0.1
2323,2323,Iaz,31,Sălaj,0.15,0.15,0.1,0.15,0.1
2324,2324,Iazu,22,Ialomiţa,0.15,0.15,0.1,0.15,0.1
2325,2325,Iazu,30,Prahova,0.15,0.15,0.1,0.15,0.1
2326,2326,Iazu,16,Dâmboviţa,0.15,0.15,0.1,0.15,0.1
2327,2327,Iazu Nou,23,Iaşi,0.15,0.15,0.1,0.15,0.1
2328,2328,Iazurile,37,Tulcea,0.15,0.15,0.1,0.15,0.1
2329,2329,Iaşi,23,Iaşi,0.15,0.15,0.1,0.15,0.1
2330,2330,Ibrianu,16,Dâmboviţa,0.15,0.15,0.1,0.15,0.1
2331,2331,Ibrianu,08,Brăila,0.15,0.15,0.1,0.15,0.1
2332,2332,Ibăneşti,07,Botoşani,0.15,0.15,0.1,0.15,0.1
2333,2333,Ibăneşti,27,Mureş,0.15,0.15,0.1,0.15,0.1
2334,2334,Iclandu Mare,27,Mureş,0.15,0.15,0.1,0.15,0.1
2335,2335,Iclod,13,Cluj,0.15,0.15,0.1,0.15,0.1
2336,2336,Iclănzel,27,Mureş,0.15,0.15,0.1,0.15,0.1
2337,2337,Icoana,29,Olt,0.15,0.15,0.1,0.15,0.1
2338,2338,Icoana,42,Giurgiu,0.15,0.15,0.1,0.15,0.1
2339,2339,Ideciu de Jos,27,Mureş,0.15,0.15,0.1,0.15,0.1
2340,2340,Idrifaia,27,Mureş,0.15,0.15,0.1,0.15,0.1
2341,2341,Iecea Mare,36,Timiş,0.15,0.15,0.1,0.15,0.1
2342,2342,Iecea Mică,36,Timiş,0.15,0.15,0.1,0.15,0.1
2343,2343,Iedera de Jos,16,Dâmboviţa,0.15,0.15,0.1,0.15,0.1
2344,2344,Iedera de Sus,16,Dâmboviţa,0.15,0.15,0.1,0.15,0.1
2345,2345,Iepureni,23,Iaşi,0.15,0.15,0.1,0.15,0.1
2346,2346,Iepureşti,42,Giurgiu,0.15,0.15,0.1,0.15,0.1
2347,2347,Iermata Neagră,02,Arad,0.15,0.15,0.1,0.15,0.1
2348,2348,Iernut,27,Mureş,0.15,0.15,0.1,0.15,0.1
2349,2349,Ieud,25,Maramureş,0.15,0.15,0.1,0.15,0.1
2350,2350,Iezer,07,Botoşani,0.15,0.15,0.1,0.15,0.1
2351,2351,Iezeru,41,Călăraşi,0.15,0.15,0.1,0.15,0.1
2352,2352,Iezureni,19,Gorj,0.15,0.15,0.1,0.15,0.1
2353,2353,Ighiel,01,Alba,0.15,0.15,0.1,0.15,0.1
2354,2354,Ighiu,01,Alba,0.15,0.15,0.1,0.15,0.1
2355,2355,Igneşti,02,Arad,0.15,0.15,0.1,0.15,0.1
2356,2356,Igoiu,39,Vâlcea,0.15,0.15,0.1,0.15,0.1
2357,2357,Ijdileni,18,Galaţi,0.15,0.15,0.1,0.15,0.1
2358,2358,Ilba,25,Maramureş,0.15,0.15,0.1,0.15,0.1
2359,2359,Ileana,41,Călăraşi,0.15,0.15,0.1,0.15,0.1
2360,2360,Ileanda,31,Sălaj,0.15,0.15,0.1,0.15,0.1
2361,2361,Ileni,,Brasov,0.15,0.15,0.1,0.15,0.1
2362,2362,Ilfoveni,16,Dâmboviţa,0.15,0.15,0.1,0.15,0.1
2363,2363,Ilia,21,Hunedoara,0.15,0.15,0.1,0.15,0.1
2364,2364,Ilieni,15,Covasna,0.15,0.15,0.1,0.15,0.1
2365,2365,Ilova,12,Caraş-severin,0.15,0.15,0.1,0.15,0.1
2366,2366,Iloviţa,26,Mehedinţi,0.15,0.15,0.1,0.15,0.1
2367,2367,Ilva Mare,06,Bistriţa-năsăud,0.15,0.15,0.1,0.15,0.1
2368,2368,Ilva Mică,06,Bistriţa-năsăud,0.15,0.15,0.1,0.15,0.1
2369,2369,Imper,20,Harghita,0.15,0.15,0.1,0.15,0.1
2370,2370,Inand,05,Bihor,0.15,0.15,0.1,0.15,0.1
2371,2371,Independenţa,18,Galaţi,0.15,0.15,0.1,0.15,0.1
2372,2372,Independenţa,41,Călăraşi,0.15,0.15,0.1,0.15,0.1
2373,2373,Independenţa,,Constanta,0.15,0.15,0.1,0.15,0.1
2374,2374,Ineu,20,Harghita,0.15,0.15,0.1,0.15,0.1
2375,2375,Ineu,02,Arad,0.15,0.15,0.1,0.15,0.1
2376,2376,Ineu,05,Bihor,0.15,0.15,0.1,0.15,0.1
2377,2377,Inău,31,Sălaj,0.15,0.15,0.1,0.15,0.1
2378,2378,Iohanisfeld,36,Timiş,0.15,0.15,0.1,0.15,0.1
2379,2379,Iojib,32,Satu Mare,0.15,0.15,0.1,0.15,0.1
2380,2380,Ion Corvin,,Constanta,0.15,0.15,0.1,0.15,0.1
2381,2381,Ion Creangă,,Neamt,0.15,0.15,0.1,0.15,0.1
2382,2382,Ion Neculce,23,Iaşi,0.15,0.15,0.1,0.15,0.1
2383,2383,Ion Roată,22,Ialomiţa,0.15,0.15,0.1,0.15,0.1
2384,2384,Ioneşti,39,Vâlcea,0.15,0.15,0.1,0.15,0.1
2385,2385,Ioneşti,19,Gorj,0.15,0.15,0.1,0.15,0.1
2386,2386,Iorcani,23,Iaşi,0.15,0.15,0.1,0.15,0.1
2387,2387,Iordăcheanu,30,Prahova,0.15,0.15,0.1,0.15,0.1
2388,2388,Iosifalău,36,Timiş,0.15,0.15,0.1,0.15,0.1
2389,2389,Ip,31,Sălaj,0.15,0.15,0.1,0.15,0.1
2390,2390,Ipatele,23,Iaşi,0.15,0.15,0.1,0.15,0.1
2391,2391,Ipoteşti,34,Suceava,0.15,0.15,0.1,0.15,0.1
2392,2392,Iratoşu,02,Arad,0.15,0.15,0.1,0.15,0.1
2393,2393,Irina,32,Satu Mare,0.15,0.15,0.1,0.15,0.1
2394,2394,Isaccea,37,Tulcea,0.15,0.15,0.1,0.15,0.1
2395,2395,Iscroni,21,Hunedoara,0.15,0.15,0.1,0.15,0.1
2396,2396,Islaz,43,Ilfov,0.15,0.15,0.1,0.15,0.1
2397,2397,Islaz,35,Teleorman,0.15,0.15,0.1,0.15,0.1
2398,2398,Istria,,Constanta,0.15,0.15,0.1,0.15,0.1
2399,2399,Isverna,26,Mehedinţi,0.15,0.15,0.1,0.15,0.1
2400,2400,Iteşti,04,Bacău,0.15,0.15,0.1,0.15,0.1
2401,2401,Iugani,23,Iaşi,0.15,0.15,0.1,0.15,0.1
2402,2402,Ivanda,36,Timiş,0.15,0.15,0.1,0.15,0.1
2403,2403,Iveşti,18,Galaţi,0.15,0.15,0.1,0.15,0.1
2404,2404,Iveşti,38,Vaslui,0.15,0.15,0.1,0.15,0.1
2405,2405,Ivrinezu Mare,,Constanta,0.15,0.15,0.1,0.15,0.1
2406,2406,Ivăneasa,06,Bistriţa-năsăud,0.15,0.15,0.1,0.15,0.1
2407,2407,Izbiceni,29,Olt,0.15,0.15,0.1,0.15,0.1
2408,2408,Izbuc,05,Bihor,0.15,0.15,0.1,0.15,0.1
2409,2409,Izvin,36,Timiş,0.15,0.15,0.1,0.15,0.1
2410,2410,Izvoare,17,Dolj,0.15,0.15,0.1,0.15,0.1
2411,2411,Izvoare,,Neamt,0.15,0.15,0.1,0.15,0.1
2412,2412,Izvoarele,42,Giurgiu,0.15,0.15,0.1,0.15,0.1
2413,2413,Izvoarele,30,Prahova,0.15,0.15,0.1,0.15,0.1
2414,2414,Izvoarele,19,Gorj,0.15,0.15,0.1,0.15,0.1
2415,2415,Izvoarele,35,Teleorman,0.15,0.15,0.1,0.15,0.1
2416,2416,Izvoarele,29,Olt,0.15,0.15,0.1,0.15,0.1
2417,2417,Izvoarele,01,Alba,0.15,0.15,0.1,0.15,0.1
2418,2418,Izvoarele,16,Dâmboviţa,0.15,0.15,0.1,0.15,0.1
2419,2419,Izvoarele,37,Tulcea,0.15,0.15,0.1,0.15,0.1
2420,2420,Izvoarele,18,Galaţi,0.15,0.15,0.1,0.15,0.1
2421,2421,Izvoarele,26,Mehedinţi,0.15,0.15,0.1,0.15,0.1
2422,2422,Izvoarele,23,Iaşi,0.15,0.15,0.1,0.15,0.1
2423,2423,Izvoarele Sucevei,34,Suceava,0.15,0.15,0.1,0.15,0.1
2424,2424,Izvorani,43,Ilfov,0.15,0.15,0.1,0.15,0.1
2425,2425,Izvorani,03,Argeş,0.15,0.15,0.1,0.15,0.1
2426,2426,Izvoru,42,Giurgiu,0.15,0.15,0.1,0.15,0.1
2427,2427,Izvoru,29,Olt,0.15,0.15,0.1,0.15,0.1
2428,2428,Izvoru,03,Argeş,0.15,0.15,0.1,0.15,0.1
2429,2429,Izvoru,16,Dâmboviţa,0.15,0.15,0.1,0.15,0.1
2430,2430,Izvoru,39,Vâlcea,0.15,0.15,0.1,0.15,0.1
2431,2431,Izvoru,11,Buzău,0.15,0.15,0.1,0.15,0.1
2432,2432,Izvoru Berheciului,04,Bacău,0.15,0.15,0.1,0.15,0.1
2433,2433,Izvoru Bârzii,26,Mehedinţi,0.15,0.15,0.1,0.15,0.1
2434,2434,Izvoru Crişului,13,Cluj,0.15,0.15,0.1,0.15,0.1
2435,2435,Izvoru Dulce,11,Buzău,0.15,0.15,0.1,0.15,0.1
2436,2436,Izvoru Rece,39,Vâlcea,0.15,0.15,0.1,0.15,0.1
2437,2437,Izvoru de Sus,03,Argeş,0.15,0.15,0.1,0.15,0.1
2438,2438,Işalniţa,17,Dolj,0.15,0.15,0.1,0.15,0.1
2439,2439,Jac,31,Sălaj,0.15,0.15,0.1,0.15,0.1
2440,2440,Jamu Mare,36,Timiş,0.15,0.15,0.1,0.15,0.1
2441,2441,Jariştea,40,Vrancea,0.15,0.15,0.1,0.15,0.1
2442,2442,Jdioara,36,Timiş,0.15,0.15,0.1,0.15,0.1
2443,2443,Jebel,36,Timiş,0.15,0.15,0.1,0.15,0.1
2444,2444,Jegălia,41,Călăraşi,0.15,0.15,0.1,0.15,0.1
2445,2445,Jelna,06,Bistriţa-năsăud,0.15,0.15,0.1,0.15,0.1
2446,2446,Jena,36,Timiş,0.15,0.15,0.1,0.15,0.1
2447,2447,Jgheaburi,03,Argeş,0.15,0.15,0.1,0.15,0.1
2448,2448,Jiana,26,Mehedinţi,0.15,0.15,0.1,0.15,0.1
2449,2449,Jiana Mare,26,Mehedinţi,0.15,0.15,0.1,0.15,0.1
2450,2450,Jiana Veche,26,Mehedinţi,0.15,0.15,0.1,0.15,0.1
2451,2451,Jibert,,Brasov,0.15,0.15,0.1,0.15,0.1
2452,2452,Jiblea Nouă,39,Vâlcea,0.15,0.15,0.1,0.15,0.1
2453,2453,Jiblea Veche,39,Vâlcea,0.15,0.15,0.1,0.15,0.1
2454,2454,Jibou,31,Sălaj,0.15,0.15,0.1,0.15,0.1
2455,2455,Jichişu de Jos,13,Cluj,0.15,0.15,0.1,0.15,0.1
2456,2456,Jidvei,01,Alba,0.15,0.15,0.1,0.15,0.1
2457,2457,Jieni,29,Olt,0.15,0.15,0.1,0.15,0.1
2458,2458,Jigoreni,23,Iaşi,0.15,0.15,0.1,0.15,0.1
2459,2459,Jijia,07,Botoşani,0.15,0.15,0.1,0.15,0.1
2460,2460,Jijila,37,Tulcea,0.15,0.15,0.1,0.15,0.1
2461,2461,Jilava,43,Ilfov,0.15,0.15,0.1,0.15,0.1
2462,2462,Jilavele,22,Ialomiţa,0.15,0.15,0.1,0.15,0.1
2463,2463,Jimbolia,36,Timiş,0.15,0.15,0.1,0.15,0.1
2464,2464,Jimbor,06,Bistriţa-năsăud,0.15,0.15,0.1,0.15,0.1
2465,2465,Jimbor,,Brasov,0.15,0.15,0.1,0.15,0.1
2466,2466,Jina,33,Sibiu,0.15,0.15,0.1,0.15,0.1
2467,2467,Jirlău,08,Brăila,0.15,0.15,0.1,0.15,0.1
2468,2468,Jirov,26,Mehedinţi,0.15,0.15,0.1,0.15,0.1
2469,2469,Jitaru,29,Olt,0.15,0.15,0.1,0.15,0.1
2470,2470,Jitia,40,Vrancea,0.15,0.15,0.1,0.15,0.1
2471,2471,Joiţa,42,Giurgiu,0.15,0.15,0.1,0.15,0.1
2472,2472,Jolotca,20,Harghita,0.15,0.15,0.1,0.15,0.1
2473,2473,Jorăşti,18,Galaţi,0.15,0.15,0.1,0.15,0.1
2474,2474,Joseni,11,Buzău,0.15,0.15,0.1,0.15,0.1
2475,2475,Joseni,20,Harghita,0.15,0.15,0.1,0.15,0.1
2476,2476,Josenii Bârgăului,06,Bistriţa-năsăud,0.15,0.15,0.1,0.15,0.1
2477,2477,Jucu de Mijloc,13,Cluj,0.15,0.15,0.1,0.15,0.1
2478,2478,Jugur,03,Argeş,0.15,0.15,0.1,0.15,0.1
2479,2479,Jugureanu,08,Brăila,0.15,0.15,0.1,0.15,0.1
2480,2480,Jugureni,16,Dâmboviţa,0.15,0.15,0.1,0.15,0.1
2481,2481,Jugureni,30,Prahova,0.15,0.15,0.1,0.15,0.1
2482,2482,Jupa,12,Caraş-severin,0.15,0.15,0.1,0.15,0.1
2483,2483,Jupani,36,Timiş,0.15,0.15,0.1,0.15,0.1
2484,2484,Jupâneşti,19,Gorj,0.15,0.15,0.1,0.15,0.1
2485,2485,Jurilovca,37,Tulcea,0.15,0.15,0.1,0.15,0.1
2486,2486,Lacu Sărat,08,Brăila,0.15,0.15,0.1,0.15,0.1
2487,2487,Lacurile,03,Argeş,0.15,0.15,0.1,0.15,0.1
2488,2488,Laloşu,39,Vâlcea,0.15,0.15,0.1,0.15,0.1
2489,2489,Lancrăm,01,Alba,0.15,0.15,0.1,0.15,0.1
2490,2490,Lanurile,11,Buzău,0.15,0.15,0.1,0.15,0.1
2491,2491,Lanurile,08,Brăila,0.15,0.15,0.1,0.15,0.1
2492,2492,Lanurile,,Constanta,0.15,0.15,0.1,0.15,0.1
2493,2493,Larga,04,Bacău,0.15,0.15,0.1,0.15,0.1
2494,2494,Larga,25,Maramureş,0.15,0.15,0.1,0.15,0.1
2495,2495,Larga-Jijia,23,Iaşi,0.15,0.15,0.1,0.15,0.1
2496,2496,Largu,11,Buzău,0.15,0.15,0.1,0.15,0.1
2497,2497,Laslea,33,Sibiu,0.15,0.15,0.1,0.15,0.1
2498,2498,Latinu,08,Brăila,0.15,0.15,0.1,0.15,0.1
2499,2499,Laza,38,Vaslui,0.15,0.15,0.1,0.15,0.1
2500,2500,Lazu,,Constanta,0.15,0.15,0.1,0.15,0.1
2501,2501,Lazu Baciului,25,Maramureş,0.15,0.15,0.1,0.15,0.1
2502,2502,Lazuri,02,Arad,0.15,0.15,0.1,0.15,0.1
2503,2503,Lazuri,05,Bihor,0.15,0.15,0.1,0.15,0.1
2504,2504,Lazuri,32,Satu Mare,0.15,0.15,0.1,0.15,0.1
2505,2505,Lazuri,16,Dâmboviţa,0.15,0.15,0.1,0.15,0.1
2506,2506,Lazuri de Beiuş,05,Bihor,0.15,0.15,0.1,0.15,0.1
2507,2507,Lechinţa,06,Bistriţa-năsăud,0.15,0.15,0.1,0.15,0.1
2508,2508,Leghia,13,Cluj,0.15,0.15,0.1,0.15,0.1
2509,2509,Leghin,,Neamt,0.15,0.15,0.1,0.15,0.1
2510,2510,Leheceni,05,Bihor,0.15,0.15,0.1,0.15,0.1
2511,2511,Lehliu,41,Călăraşi,0.15,0.15,0.1,0.15,0.1
2512,2512,Lehliu-Gară,41,Călăraşi,0.15,0.15,0.1,0.15,0.1
2513,2513,Leleasca,29,Olt,0.15,0.15,0.1,0.15,0.1
2514,2514,Lelei,32,Satu Mare,0.15,0.15,0.1,0.15,0.1
2515,2515,Lelese,21,Hunedoara,0.15,0.15,0.1,0.15,0.1
2516,2516,Leleşti,19,Gorj,0.15,0.15,0.1,0.15,0.1
2517,2517,Leliceni,20,Harghita,0.15,0.15,0.1,0.15,0.1
2518,2518,Lemnia,15,Covasna,0.15,0.15,0.1,0.15,0.1
2519,2519,Lemniu,31,Sălaj,0.15,0.15,0.1,0.15,0.1
2520,2520,Lenauheim,36,Timiş,0.15,0.15,0.1,0.15,0.1
2521,2521,Leorda,07,Botoşani,0.15,0.15,0.1,0.15,0.1
2522,2522,Leordeni,03,Argeş,0.15,0.15,0.1,0.15,0.1
2523,2523,Leordina,25,Maramureş,0.15,0.15,0.1,0.15,0.1
2524,2524,Lera,11,Buzău,0.15,0.15,0.1,0.15,0.1
2525,2525,Lereşti,03,Argeş,0.15,0.15,0.1,0.15,0.1
2526,2526,Les,05,Bihor,0.15,0.15,0.1,0.15,0.1
2527,2527,Lespezi,23,Iaşi,0.15,0.15,0.1,0.15,0.1
2528,2528,Lespezi,04,Bacău,0.15,0.15,0.1,0.15,0.1
2529,2529,Lespezi,40,Vrancea,0.15,0.15,0.1,0.15,0.1
2530,2530,Letca,31,Sălaj,0.15,0.15,0.1,0.15,0.1
2531,2531,Letca Nouă,42,Giurgiu,0.15,0.15,0.1,0.15,0.1
2532,2532,Letca Veche,42,Giurgiu,0.15,0.15,0.1,0.15,0.1
2533,2533,Letea Veche,04,Bacău,0.15,0.15,0.1,0.15,0.1
2534,2534,Leu,17,Dolj,0.15,0.15,0.1,0.15,0.1
2535,2535,Leşu,06,Bistriţa-năsăud,0.15,0.15,0.1,0.15,0.1
2536,2536,Leţcani,23,Iaşi,0.15,0.15,0.1,0.15,0.1
2537,2537,Libertatea,07,Botoşani,0.15,0.15,0.1,0.15,0.1
2538,2538,Libotin,25,Maramureş,0.15,0.15,0.1,0.15,0.1
2539,2539,Licurici,19,Gorj,0.15,0.15,0.1,0.15,0.1
2540,2540,Licuriciu,35,Teleorman,0.15,0.15,0.1,0.15,0.1
2541,2541,Liebling,36,Timiş,0.15,0.15,0.1,0.15,0.1
2542,2542,Lieşti,18,Galaţi,0.15,0.15,0.1,0.15,0.1
2543,2543,Liiceni,29,Olt,0.15,0.15,0.1,0.15,0.1
2544,2544,Lilieci,22,Ialomiţa,0.15,0.15,0.1,0.15,0.1
2545,2545,Lilieci,04,Bacău,0.15,0.15,0.1,0.15,0.1
2546,2546,Limanu,,Constanta,0.15,0.15,0.1,0.15,0.1
2547,2547,Linia,39,Vâlcea,0.15,0.15,0.1,0.15,0.1
2548,2548,Linia din Vale,29,Olt,0.15,0.15,0.1,0.15,0.1
2549,2549,Lipia,11,Buzău,0.15,0.15,0.1,0.15,0.1
2550,2550,Lipia,43,Ilfov,0.15,0.15,0.1,0.15,0.1
2551,2551,Lipniţa,,Constanta,0.15,0.15,0.1,0.15,0.1
2552,2552,Lipova,02,Arad,0.15,0.15,0.1,0.15,0.1
2553,2553,Lipova,04,Bacău,0.15,0.15,0.1,0.15,0.1
2554,2554,Lipoveni,34,Suceava,0.15,0.15,0.1,0.15,0.1
2555,2555,Lipovu,17,Dolj,0.15,0.15,0.1,0.15,0.1
2556,2556,Lipovăţ,38,Vaslui,0.15,0.15,0.1,0.15,0.1
2557,2557,Lipăneşti,30,Prahova,0.15,0.15,0.1,0.15,0.1
2558,2558,Lipău,32,Satu Mare,0.15,0.15,0.1,0.15,0.1
2559,2559,Lisa,35,Teleorman,0.15,0.15,0.1,0.15,0.1
2560,2560,Lisa,29,Olt,0.15,0.15,0.1,0.15,0.1
2561,2561,Lisa,,Brasov,0.15,0.15,0.1,0.15,0.1
2562,2562,Lisaura,34,Suceava,0.15,0.15,0.1,0.15,0.1
2563,2563,Liteni,23,Iaşi,0.15,0.15,0.1,0.15,0.1
2564,2564,Liteni,34,Suceava,0.15,0.15,0.1,0.15,0.1
2565,2565,Liubcova,12,Caraş-severin,0.15,0.15,0.1,0.15,0.1
2566,2566,Livada,11,Buzău,0.15,0.15,0.1,0.15,0.1
2567,2567,Livada,02,Arad,0.15,0.15,0.1,0.15,0.1
2568,2568,Livada,13,Cluj,0.15,0.15,0.1,0.15,0.1
2569,2569,Livada,32,Satu Mare,0.15,0.15,0.1,0.15,0.1
2570,2570,Livada de Bihor,05,Bihor,0.15,0.15,0.1,0.15,0.1
2571,2571,Livadea,30,Prahova,0.15,0.15,0.1,0.15,0.1
2572,2572,Livadia,39,Vâlcea,0.15,0.15,0.1,0.15,0.1
2573,2573,Livadia,21,Hunedoara,0.15,0.15,0.1,0.15,0.1
2574,2574,Liveni,07,Botoşani,0.15,0.15,0.1,0.15,0.1
2575,2575,Livezeni,27,Mureş,0.15,0.15,0.1,0.15,0.1
2576,2576,Livezeni,03,Argeş,0.15,0.15,0.1,0.15,0.1
2577,2577,Livezi,17,Dolj,0.15,0.15,0.1,0.15,0.1
2578,2578,Livezi,39,Vâlcea,0.15,0.15,0.1,0.15,0.1
2579,2579,Livezi,04,Bacău,0.15,0.15,0.1,0.15,0.1
2580,2580,Livezi,20,Harghita,0.15,0.15,0.1,0.15,0.1
2581,2581,Livezile,26,Mehedinţi,0.15,0.15,0.1,0.15,0.1
2582,2582,Livezile,36,Timiş,0.15,0.15,0.1,0.15,0.1
2583,2583,Livezile,40,Vrancea,0.15,0.15,0.1,0.15,0.1
2584,2584,Livezile,01,Alba,0.15,0.15,0.1,0.15,0.1
2585,2585,Livezile,06,Bistriţa-năsăud,0.15,0.15,0.1,0.15,0.1
2586,2586,Liviu Rebreanu,06,Bistriţa-năsăud,0.15,0.15,0.1,0.15,0.1
2587,2587,Liţa,35,Teleorman,0.15,0.15,0.1,0.15,0.1
2588,2588,Loamneş,33,Sibiu,0.15,0.15,0.1,0.15,0.1
2589,2589,Locusteni,17,Dolj,0.15,0.15,0.1,0.15,0.1
2590,2590,Logig,27,Mureş,0.15,0.15,0.1,0.15,0.1
2591,2591,Logreşti,19,Gorj,0.15,0.15,0.1,0.15,0.1
2592,2592,Loloiasca,30,Prahova,0.15,0.15,0.1,0.15,0.1
2593,2593,Loman,01,Alba,0.15,0.15,0.1,0.15,0.1
2594,2594,Lompirt,31,Sălaj,0.15,0.15,0.1,0.15,0.1
2595,2595,Lopadea Nouă,01,Alba,0.15,0.15,0.1,0.15,0.1
2596,2596,Lopătari,11,Buzău,0.15,0.15,0.1,0.15,0.1
2597,2597,Lorău,05,Bihor,0.15,0.15,0.1,0.15,0.1
2598,2598,Lovrin,36,Timiş,0.15,0.15,0.1,0.15,0.1
2599,2599,Lozna,31,Sălaj,0.15,0.15,0.1,0.15,0.1
2600,2600,Lozna,07,Botoşani,0.15,0.15,0.1,0.15,0.1
2601,2601,Luceni,23,Iaşi,0.15,0.15,0.1,0.15,0.1
2602,2602,Lucieni,16,Dâmboviţa,0.15,0.15,0.1,0.15,0.1
2603,2603,Luciu,22,Ialomiţa,0.15,0.15,0.1,0.15,0.1
2604,2604,Luciu,11,Buzău,0.15,0.15,0.1,0.15,0.1
2605,2605,Lucăceni,32,Satu Mare,0.15,0.15,0.1,0.15,0.1
2606,2606,Ludeşti,16,Dâmboviţa,0.15,0.15,0.1,0.15,0.1
2607,2607,Ludoş,33,Sibiu,0.15,0.15,0.1,0.15,0.1
2608,2608,Luduş,27,Mureş,0.15,0.15,0.1,0.15,0.1
2609,2609,Lueta,20,Harghita,0.15,0.15,0.1,0.15,0.1
2610,2610,Lugaşu de Jos,05,Bihor,0.15,0.15,0.1,0.15,0.1
2611,2611,Lugoj,36,Timiş,0.15,0.15,0.1,0.15,0.1
2612,2612,Lugojel,36,Timiş,0.15,0.15,0.1,0.15,0.1
2613,2613,Luica,41,Călăraşi,0.15,0.15,0.1,0.15,0.1
2614,2614,Luieriu,27,Mureş,0.15,0.15,0.1,0.15,0.1
2615,2615,Luizi-Călugăra,04,Bacău,0.15,0.15,0.1,0.15,0.1
2616,2616,Lumina,,Constanta,0.15,0.15,0.1,0.15,0.1
2617,2617,Luna,32,Satu Mare,0.15,0.15,0.1,0.15,0.1
2618,2618,Luna,13,Cluj,0.15,0.15,0.1,0.15,0.1
2619,2619,Luna de Jos,13,Cluj,0.15,0.15,0.1,0.15,0.1
2620,2620,Luna de Sus,13,Cluj,0.15,0.15,0.1,0.15,0.1
2621,2621,Lunca,27,Mureş,0.15,0.15,0.1,0.15,0.1
2622,2622,Lunca,35,Teleorman,0.15,0.15,0.1,0.15,0.1
2623,2623,Lunca,11,Buzău,0.15,0.15,0.1,0.15,0.1
2624,2624,Lunca,03,Argeş,0.15,0.15,0.1,0.15,0.1
2625,2625,Lunca,16,Dâmboviţa,0.15,0.15,0.1,0.15,0.1
2626,2626,Lunca,05,Bihor,0.15,0.15,0.1,0.15,0.1
2627,2627,Lunca,01,Alba,0.15,0.15,0.1,0.15,0.1
2628,2628,Lunca,,Neamt,0.15,0.15,0.1,0.15,0.1
2629,2629,Lunca,07,Botoşani,0.15,0.15,0.1,0.15,0.1
2630,2630,Lunca,39,Vâlcea,0.15,0.15,0.1,0.15,0.1
2631,2631,Lunca,23,Iaşi,0.15,0.15,0.1,0.15,0.1
2632,2632,Lunca,37,Tulcea,0.15,0.15,0.1,0.15,0.1
2633,2633,Lunca Asău,04,Bacău,0.15,0.15,0.1,0.15,0.1
2634,2634,Lunca Banului,26,Mehedinţi,0.15,0.15,0.1,0.15,0.1
2635,2635,Lunca Banului,38,Vaslui,0.15,0.15,0.1,0.15,0.1
2636,2636,Lunca Bradului,27,Mureş,0.15,0.15,0.1,0.15,0.1
2637,2637,Lunca Cernii de Jos,21,Hunedoara,0.15,0.15,0.1,0.15,0.1
2638,2638,Lunca Corbului,03,Argeş,0.15,0.15,0.1,0.15,0.1
2639,2639,Lunca Frumoasă,11,Buzău,0.15,0.15,0.1,0.15,0.1
2640,2640,Lunca Ilvei,06,Bistriţa-năsăud,0.15,0.15,0.1,0.15,0.1
2641,2641,Lunca Mare,30,Prahova,0.15,0.15,0.1,0.15,0.1
2642,2642,Lunca Mureşului,01,Alba,0.15,0.15,0.1,0.15,0.1
2643,2643,Lunca Prahovei,30,Prahova,0.15,0.15,0.1,0.15,0.1
2644,2644,Lunca Priporului,11,Buzău,0.15,0.15,0.1,0.15,0.1
2645,2645,Lunca de Jos,20,Harghita,0.15,0.15,0.1,0.15,0.1
2646,2646,Lunca de Sus,20,Harghita,0.15,0.15,0.1,0.15,0.1
2647,2647,Lunca la Tisa,25,Maramureş,0.15,0.15,0.1,0.15,0.1
2648,2648,Luncani,04,Bacău,0.15,0.15,0.1,0.15,0.1
2649,2649,Luncani,13,Cluj,0.15,0.15,0.1,0.15,0.1
2650,2650,Luncaviţa,12,Caraş-severin,0.15,0.15,0.1,0.15,0.1
2651,2651,Luncaviţa,37,Tulcea,0.15,0.15,0.1,0.15,0.1
2652,2652,Luncile,40,Vrancea,0.15,0.15,0.1,0.15,0.1
2653,2653,Luncile,11,Buzău,0.15,0.15,0.1,0.15,0.1
2654,2654,Luncoiu de Jos,21,Hunedoara,0.15,0.15,0.1,0.15,0.1
2655,2655,Luncoiu de Sus,21,Hunedoara,0.15,0.15,0.1,0.15,0.1
2656,2656,Lunga,15,Covasna,0.15,0.15,0.1,0.15,0.1
2657,2657,Lunga,36,Timiş,0.15,0.15,0.1,0.15,0.1
2658,2658,Lungani,23,Iaşi,0.15,0.15,0.1,0.15,0.1
2659,2659,Lungeşti,39,Vâlcea,0.15,0.15,0.1,0.15,0.1
2660,2660,Lungoci,18,Galaţi,0.15,0.15,0.1,0.15,0.1
2661,2661,Lunguleţu,16,Dâmboviţa,0.15,0.15,0.1,0.15,0.1
2662,2662,Lupac,12,Caraş-severin,0.15,0.15,0.1,0.15,0.1
2663,2663,Lupcina,34,Suceava,0.15,0.15,0.1,0.15,0.1
2664,2664,Lupeni,21,Hunedoara,0.15,0.15,0.1,0.15,0.1
2665,2665,Lupeni,20,Harghita,0.15,0.15,0.1,0.15,0.1
2666,2666,Lupoaia,19,Gorj,0.15,0.15,0.1,0.15,0.1
2667,2667,Lupoaia,05,Bihor,0.15,0.15,0.1,0.15,0.1
2668,2668,Luptători,41,Călăraşi,0.15,0.15,0.1,0.15,0.1
2669,2669,Lupăria,07,Botoşani,0.15,0.15,0.1,0.15,0.1
2670,2670,Lupşa,01,Alba,0.15,0.15,0.1,0.15,0.1
2671,2671,Lupşanu,41,Călăraşi,0.15,0.15,0.1,0.15,0.1
2672,2672,Lutoasa,15,Covasna,0.15,0.15,0.1,0.15,0.1
2673,2673,Lăceni,35,Teleorman,0.15,0.15,0.1,0.15,0.1
2674,2674,Lăcusteni,39,Vâlcea,0.15,0.15,0.1,0.15,0.1
2675,2675,Lăcusteni,22,Ialomiţa,0.15,0.15,0.1,0.15,0.1
2676,2676,Lădeşti,39,Vâlcea,0.15,0.15,0.1,0.15,0.1
2677,2677,Lăicăi,03,Argeş,0.15,0.15,0.1,0.15,0.1
2678,2678,Lăpugiu de Jos,21,Hunedoara,0.15,0.15,0.1,0.15,0.1
2679,2679,Lăpuş,25,Maramureş,0.15,0.15,0.1,0.15,0.1
2680,2680,Lăpuşnicel,12,Caraş-severin,0.15,0.15,0.1,0.15,0.1
2681,2681,Lăpuşnicu Mare,12,Caraş-severin,0.15,0.15,0.1,0.15,0.1
2682,2682,Lăschia,25,Maramureş,0.15,0.15,0.1,0.15,0.1
2683,2683,Lăstuni,37,Tulcea,0.15,0.15,0.1,0.15,0.1
2684,2684,Lăzarea,20,Harghita,0.15,0.15,0.1,0.15,0.1
2685,2685,Lăzăreni,05,Bihor,0.15,0.15,0.1,0.15,0.1
2686,2686,Macea,02,Arad,0.15,0.15,0.1,0.15,0.1
2687,2687,Macău,13,Cluj,0.15,0.15,0.1,0.15,0.1
2688,2688,Magazia,,Neamt,0.15,0.15,0.1,0.15,0.1
2689,2689,Magheru,26,Mehedinţi,0.15,0.15,0.1,0.15,0.1
2690,2690,Maglavit,17,Dolj,0.15,0.15,0.1,0.15,0.1
2691,2691,Magula,30,Prahova,0.15,0.15,0.1,0.15,0.1
2692,2692,Mahmudia,37,Tulcea,0.15,0.15,0.1,0.15,0.1
2693,2693,Maia,22,Ialomiţa,0.15,0.15,0.1,0.15,0.1
2694,2694,Mailat,02,Arad,0.15,0.15,0.1,0.15,0.1
2695,2695,Mal,31,Sălaj,0.15,0.15,0.1,0.15,0.1
2696,2696,Malaia,39,Vâlcea,0.15,0.15,0.1,0.15,0.1
2697,2697,Malcoci,37,Tulcea,0.15,0.15,0.1,0.15,0.1
2698,2698,Malin,06,Bistriţa-năsăud,0.15,0.15,0.1,0.15,0.1
2699,2699,Maliuc,37,Tulcea,0.15,0.15,0.1,0.15,0.1
2700,2700,Malnaş,15,Covasna,0.15,0.15,0.1,0.15,0.1
2701,2701,Malovăţ,26,Mehedinţi,0.15,0.15,0.1,0.15,0.1
2702,2702,Malu,42,Giurgiu,0.15,0.15,0.1,0.15,0.1
2703,2703,Malu Mare,17,Dolj,0.15,0.15,0.1,0.15,0.1
2704,2704,Malu Spart,42,Giurgiu,0.15,0.15,0.1,0.15,0.1
2705,2705,Malu Vânăt,30,Prahova,0.15,0.15,0.1,0.15,0.1
2706,2706,Malu cu Flori,16,Dâmboviţa,0.15,0.15,0.1,0.15,0.1
2707,2707,Maluri,40,Vrancea,0.15,0.15,0.1,0.15,0.1
2708,2708,Mamaia-Sat,,Constanta,0.15,0.15,0.1,0.15,0.1
2709,2709,Manasia,22,Ialomiţa,0.15,0.15,0.1,0.15,0.1
2710,2710,Manga,16,Dâmboviţa,0.15,0.15,0.1,0.15,0.1
2711,2711,Mangalia,,Constanta,0.15,0.15,0.1,0.15,0.1
2712,2712,Manolea,34,Suceava,0.15,0.15,0.1,0.15,0.1
2713,2713,Manoleasa,07,Botoşani,0.15,0.15,0.1,0.15,0.1
2714,2714,Mara,25,Maramureş,0.15,0.15,0.1,0.15,0.1
2715,2715,Marca,31,Sălaj,0.15,0.15,0.1,0.15,0.1
2716,2716,Marcea,39,Vâlcea,0.15,0.15,0.1,0.15,0.1
2717,2717,Marga,12,Caraş-severin,0.15,0.15,0.1,0.15,0.1
2718,2718,Marghita,05,Bihor,0.15,0.15,0.1,0.15,0.1
2719,2719,Margina,36,Timiş,0.15,0.15,0.1,0.15,0.1
2720,2720,Margine,05,Bihor,0.15,0.15,0.1,0.15,0.1
2721,2721,Marginea,34,Suceava,0.15,0.15,0.1,0.15,0.1
2722,2722,Marginea,04,Bacău,0.15,0.15,0.1,0.15,0.1
2723,2723,Marin,31,Sălaj,0.15,0.15,0.1,0.15,0.1
2724,2724,Marotinu de Jos,17,Dolj,0.15,0.15,0.1,0.15,0.1
2725,2725,Marotinu de Sus,17,Dolj,0.15,0.15,0.1,0.15,0.1
2726,2726,Marpod,33,Sibiu,0.15,0.15,0.1,0.15,0.1
2727,2727,Marsilieni,22,Ialomiţa,0.15,0.15,0.1,0.15,0.1
2728,2728,Marvila,04,Bacău,0.15,0.15,0.1,0.15,0.1
2729,2729,Mastacăn,,Neamt,0.15,0.15,0.1,0.15,0.1
2730,2730,Matca,18,Galaţi,0.15,0.15,0.1,0.15,0.1
2731,2731,Mateeşti,39,Vâlcea,0.15,0.15,0.1,0.15,0.1
2732,2732,Matei,06,Bistriţa-năsăud,0.15,0.15,0.1,0.15,0.1
2733,2733,Mavrodin,35,Teleorman,0.15,0.15,0.1,0.15,0.1
2734,2734,Mavrodin,16,Dâmboviţa,0.15,0.15,0.1,0.15,0.1
2735,2735,Maxenu,11,Buzău,0.15,0.15,0.1,0.15,0.1
2736,2736,Maxut,23,Iaşi,0.15,0.15,0.1,0.15,0.1
2737,2737,Maşloc,36,Timiş,0.15,0.15,0.1,0.15,0.1
2738,2738,Medgidia,,Constanta,0.15,0.15,0.1,0.15,0.1
2739,2739,Mediaş,33,Sibiu,0.15,0.15,0.1,0.15,0.1
2740,2740,Medieşu Aurit,32,Satu Mare,0.15,0.15,0.1,0.15,0.1
2741,2741,Mehadia,12,Caraş-severin,0.15,0.15,0.1,0.15,0.1
2742,2742,Mehadica,12,Caraş-severin,0.15,0.15,0.1,0.15,0.1
2743,2743,Melineşti,17,Dolj,0.15,0.15,0.1,0.15,0.1
2744,2744,Mera,13,Cluj,0.15,0.15,0.1,0.15,0.1
2745,2745,Mera,40,Vrancea,0.15,0.15,0.1,0.15,0.1
2746,2746,Mercina,12,Caraş-severin,0.15,0.15,0.1,0.15,0.1
2747,2747,Merei,11,Buzău,0.15,0.15,0.1,0.15,0.1
2748,2748,Mereni,,Constanta,0.15,0.15,0.1,0.15,0.1
2749,2749,Mereni,15,Covasna,0.15,0.15,0.1,0.15,0.1
2750,2750,Merenii de Jos,35,Teleorman,0.15,0.15,0.1,0.15,0.1
2751,2751,Merenii de Sus,35,Teleorman,0.15,0.15,0.1,0.15,0.1
2752,2752,Mereşti,20,Harghita,0.15,0.15,0.1,0.15,0.1
2753,2753,Merghindeal,33,Sibiu,0.15,0.15,0.1,0.15,0.1
2754,2754,Meri,30,Prahova,0.15,0.15,0.1,0.15,0.1
2755,2755,Meri,35,Teleorman,0.15,0.15,0.1,0.15,0.1
2756,2756,Merii,16,Dâmboviţa,0.15,0.15,0.1,0.15,0.1
2757,2757,Merii Petchii,43,Ilfov,0.15,0.15,0.1,0.15,0.1
2758,2758,Merişani,03,Argeş,0.15,0.15,0.1,0.15,0.1
2759,2759,Meseşenii de Jos,31,Sălaj,0.15,0.15,0.1,0.15,0.1
2760,2760,Mesteacăn,21,Hunedoara,0.15,0.15,0.1,0.15,0.1
2761,2761,Meteş,01,Alba,0.15,0.15,0.1,0.15,0.1
2762,2762,Meziad,05,Bihor,0.15,0.15,0.1,0.15,0.1
2763,2763,Mica,13,Cluj,0.15,0.15,0.1,0.15,0.1
2764,2764,Mica,27,Mureş,0.15,0.15,0.1,0.15,0.1
2765,2765,Mica,03,Argeş,0.15,0.15,0.1,0.15,0.1
2766,2766,Miceşti,03,Argeş,0.15,0.15,0.1,0.15,0.1
2767,2767,Miceştii de Câmpie,06,Bistriţa-năsăud,0.15,0.15,0.1,0.15,0.1
2768,2768,Micfalău,15,Covasna,0.15,0.15,0.1,0.15,0.1
2769,2769,Micleşti,38,Vaslui,0.15,0.15,0.1,0.15,0.1
2770,2770,Micula,32,Satu Mare,0.15,0.15,0.1,0.15,0.1
2771,2771,Micăsasa,33,Sibiu,0.15,0.15,0.1,0.15,0.1
2772,2772,Miercurea Nirajului,27,Mureş,0.15,0.15,0.1,0.15,0.1
2773,2773,Miercurea Sibiului,33,Sibiu,0.15,0.15,0.1,0.15,0.1
2774,2774,Miercurea-Ciuc,20,Harghita,0.15,0.15,0.1,0.15,0.1
2775,2775,Mierlău,05,Bihor,0.15,0.15,0.1,0.15,0.1
2776,2776,Mihai Bravu,05,Bihor,0.15,0.15,0.1,0.15,0.1
2777,2777,Mihai Bravu,37,Tulcea,0.15,0.15,0.1,0.15,0.1
2778,2778,Mihai Bravu,08,Brăila,0.15,0.15,0.1,0.15,0.1
2779,2779,Mihai Bravu,42,Giurgiu,0.15,0.15,0.1,0.15,0.1
2780,2780,Mihai Viteazu,13,Cluj,0.15,0.15,0.1,0.15,0.1
2781,2781,Mihai Viteazu,,Constanta,0.15,0.15,0.1,0.15,0.1
2782,2782,Mihai Viteazu,07,Botoşani,0.15,0.15,0.1,0.15,0.1
2783,2783,Mihai Viteazu,41,Călăraşi,0.15,0.15,0.1,0.15,0.1
2784,2784,Mihai Vodă,42,Giurgiu,0.15,0.15,0.1,0.15,0.1
2785,2785,Mihail Kogălniceanu,23,Iaşi,0.15,0.15,0.1,0.15,0.1
2786,2786,Mihail Kogălniceanu,37,Tulcea,0.15,0.15,0.1,0.15,0.1
2787,2787,Mihail Kogălniceanu,18,Galaţi,0.15,0.15,0.1,0.15,0.1
2788,2788,Mihail Kogălniceanu,,Constanta,0.15,0.15,0.1,0.15,0.1
2789,2789,Mihail Kogălniceanu,22,Ialomiţa,0.15,0.15,0.1,0.15,0.1
2790,2790,Mihalţ,01,Alba,0.15,0.15,0.1,0.15,0.1
2791,2791,Miheşu de Câmpie,27,Mureş,0.15,0.15,0.1,0.15,0.1
2792,2792,Mihoveni,34,Suceava,0.15,0.15,0.1,0.15,0.1
2793,2793,Mihăeşti,39,Vâlcea,0.15,0.15,0.1,0.15,0.1
2794,2794,Mihăeşti,29,Olt,0.15,0.15,0.1,0.15,0.1
2795,2795,Mihăeşti,03,Argeş,0.15,0.15,0.1,0.15,0.1
2796,2796,Mihăieni,32,Satu Mare,0.15,0.15,0.1,0.15,0.1
2797,2797,Mihăileni,21,Hunedoara,0.15,0.15,0.1,0.15,0.1
2798,2798,Mihăileni,33,Sibiu,0.15,0.15,0.1,0.15,0.1
2799,2799,Mihăileni,07,Botoşani,0.15,0.15,0.1,0.15,0.1
2800,2800,Mihăileni,20,Harghita,0.15,0.15,0.1,0.15,0.1
2801,2801,Mihăileşti,42,Giurgiu,0.15,0.15,0.1,0.15,0.1
2802,2802,Mihăileşti,11,Buzău,0.15,0.15,0.1,0.15,0.1
2803,2803,Mihălceni,40,Vrancea,0.15,0.15,0.1,0.15,0.1
2804,2804,Mihălăşeni,07,Botoşani,0.15,0.15,0.1,0.15,0.1
2805,2805,Mija,16,Dâmboviţa,0.15,0.15,0.1,0.15,0.1
2806,2806,Mijlocenii Bârgăului,06,Bistriţa-năsăud,0.15,0.15,0.1,0.15,0.1
2807,2807,Milaş,06,Bistriţa-năsăud,0.15,0.15,0.1,0.15,0.1
2808,2808,Milcoiu,39,Vâlcea,0.15,0.15,0.1,0.15,0.1
2809,2809,Milcoveni,29,Olt,0.15,0.15,0.1,0.15,0.1
2810,2810,Milcovu din Deal,29,Olt,0.15,0.15,0.1,0.15,0.1
2811,2811,Milcovul,40,Vrancea,0.15,0.15,0.1,0.15,0.1
2812,2812,Mileanca,07,Botoşani,0.15,0.15,0.1,0.15,0.1
2813,2813,Miletin,07,Botoşani,0.15,0.15,0.1,0.15,0.1
2814,2814,Milişăuţi,34,Suceava,0.15,0.15,0.1,0.15,0.1
2815,2815,Milostea,39,Vâlcea,0.15,0.15,0.1,0.15,0.1
2816,2816,Milova,02,Arad,0.15,0.15,0.1,0.15,0.1
2817,2817,Miloşeşti,22,Ialomiţa,0.15,0.15,0.1,0.15,0.1
2818,2818,Miluta,19,Gorj,0.15,0.15,0.1,0.15,0.1
2819,2819,Mineri,37,Tulcea,0.15,0.15,0.1,0.15,0.1
2820,2820,Minieri,30,Prahova,0.15,0.15,0.1,0.15,0.1
2821,2821,Mintia,21,Hunedoara,0.15,0.15,0.1,0.15,0.1
2822,2822,Mintiu Gherlii,13,Cluj,0.15,0.15,0.1,0.15,0.1
2823,2823,Miorcani,07,Botoşani,0.15,0.15,0.1,0.15,0.1
2824,2824,Mioveni,03,Argeş,0.15,0.15,0.1,0.15,0.1
2825,2825,Mircea Vodă,16,Dâmboviţa,0.15,0.15,0.1,0.15,0.1
2826,2826,Mircea Vodă,,Constanta,0.15,0.15,0.1,0.15,0.1
2827,2827,Mircea Vodă,08,Brăila,0.15,0.15,0.1,0.15,0.1
2828,2828,Mircea Vodă,37,Tulcea,0.15,0.15,0.1,0.15,0.1
2829,2829,Mirceşti,23,Iaşi,0.15,0.15,0.1,0.15,0.1
2830,2830,Mireni,38,Vaslui,0.15,0.15,0.1,0.15,0.1
2831,2831,Mireşu Mare,25,Maramureş,0.15,0.15,0.1,0.15,0.1
2832,2832,Mirila,29,Olt,0.15,0.15,0.1,0.15,0.1
2833,2833,Miron Costin,,Neamt,0.15,0.15,0.1,0.15,0.1
2834,2834,Mironeasa,23,Iaşi,0.15,0.15,0.1,0.15,0.1
2835,2835,Mironu,34,Suceava,0.15,0.15,0.1,0.15,0.1
2836,2836,Miroslava,23,Iaşi,0.15,0.15,0.1,0.15,0.1
2837,2837,Miroşi,03,Argeş,0.15,0.15,0.1,0.15,0.1
2838,2838,Mirăslău,01,Alba,0.15,0.15,0.1,0.15,0.1
2839,2839,Mirşid,31,Sălaj,0.15,0.15,0.1,0.15,0.1
2840,2840,Mischii,17,Dolj,0.15,0.15,0.1,0.15,0.1
2841,2841,Misentea,20,Harghita,0.15,0.15,0.1,0.15,0.1
2842,2842,Mislea,16,Dâmboviţa,0.15,0.15,0.1,0.15,0.1
2843,2843,Mislea,30,Prahova,0.15,0.15,0.1,0.15,0.1
2844,2844,Misleanu,22,Ialomiţa,0.15,0.15,0.1,0.15,0.1
2845,2845,Mititei,06,Bistriţa-năsăud,0.15,0.15,0.1,0.15,0.1
2846,2846,Mitoc,07,Botoşani,0.15,0.15,0.1,0.15,0.1
2847,2847,Mitocu Dragomirnei,34,Suceava,0.15,0.15,0.1,0.15,0.1
2848,2848,Mitreni,41,Călăraşi,0.15,0.15,0.1,0.15,0.1
2849,2849,Mitrofani,39,Vâlcea,0.15,0.15,0.1,0.15,0.1
2850,2850,Mitropolia,11,Buzău,0.15,0.15,0.1,0.15,0.1
2851,2851,Mizil,30,Prahova,0.15,0.15,0.1,0.15,0.1
2852,2852,Mlăceni,39,Vâlcea,0.15,0.15,0.1,0.15,0.1
2853,2853,Mlăjet,11,Buzău,0.15,0.15,0.1,0.15,0.1
2854,2854,Moacşa,15,Covasna,0.15,0.15,0.1,0.15,0.1
2855,2855,Moara,30,Prahova,0.15,0.15,0.1,0.15,0.1
2856,2856,Moara Carp,34,Suceava,0.15,0.15,0.1,0.15,0.1
2857,2857,Moara Domnească,30,Prahova,0.15,0.15,0.1,0.15,0.1
2858,2858,Moara Domnească,38,Vaslui,0.15,0.15,0.1,0.15,0.1
2859,2859,Moara Domnească,43,Ilfov,0.15,0.15,0.1,0.15,0.1
2860,2860,Moara Grecilor,38,Vaslui,0.15,0.15,0.1,0.15,0.1
2861,2861,Moara Nica,34,Suceava,0.15,0.15,0.1,0.15,0.1
2862,2862,Moara Nouă,30,Prahova,0.15,0.15,0.1,0.15,0.1
2863,2863,Moara Vlăsiei,43,Ilfov,0.15,0.15,0.1,0.15,0.1
2864,2864,Moceşti,30,Prahova,0.15,0.15,0.1,0.15,0.1
2865,2865,Mocira,25,Maramureş,0.15,0.15,0.1,0.15,0.1
2866,2866,Mociu,13,Cluj,0.15,0.15,0.1,0.15,0.1
2867,2867,Mocod,06,Bistriţa-năsăud,0.15,0.15,0.1,0.15,0.1
2868,2868,Mocrea,02,Arad,0.15,0.15,0.1,0.15,0.1
2869,2869,Modelu,41,Călăraşi,0.15,0.15,0.1,0.15,0.1
2870,2870,Modoia,39,Vâlcea,0.15,0.15,0.1,0.15,0.1
2871,2871,Mofleni,17,Dolj,0.15,0.15,0.1,0.15,0.1
2872,2872,Moftinu Mare,32,Satu Mare,0.15,0.15,0.1,0.15,0.1
2873,2873,Moftinu Mic,32,Satu Mare,0.15,0.15,0.1,0.15,0.1
2874,2874,Mogoşani,16,Dâmboviţa,0.15,0.15,0.1,0.15,0.1
2875,2875,Mogoşeşti,23,Iaşi,0.15,0.15,0.1,0.15,0.1
2876,2876,Mogoşeşti-Siret,23,Iaşi,0.15,0.15,0.1,0.15,0.1
2877,2877,Mogoşoaia,43,Ilfov,0.15,0.15,0.1,0.15,0.1
2878,2878,Mohu,33,Sibiu,0.15,0.15,0.1,0.15,0.1
2879,2879,Moi,19,Gorj,0.15,0.15,0.1,0.15,0.1
2880,2880,Moieciu de Jos,,Brasov,0.15,0.15,0.1,0.15,0.1
2881,2881,Moieciu de Sus,,Brasov,0.15,0.15,0.1,0.15,0.1
2882,2882,Moigrad-Porolissum,31,Sălaj,0.15,0.15,0.1,0.15,0.1
2883,2883,Moineşti,04,Bacău,0.15,0.15,0.1,0.15,0.1
2884,2884,Moisei,25,Maramureş,0.15,0.15,0.1,0.15,0.1
2885,2885,Moldova Nouă,12,Caraş-severin,0.15,0.15,0.1,0.15,0.1
2886,2886,Moldoveneşti,13,Cluj,0.15,0.15,0.1,0.15,0.1
2887,2887,Moldoveni,22,Ialomiţa,0.15,0.15,0.1,0.15,0.1
2888,2888,Moldoveni,,Neamt,0.15,0.15,0.1,0.15,0.1
2889,2889,Moldoveni,35,Teleorman,0.15,0.15,0.1,0.15,0.1
2890,2890,Moldoviţa,34,Suceava,0.15,0.15,0.1,0.15,0.1
2891,2891,Molid,34,Suceava,0.15,0.15,0.1,0.15,0.1
2892,2892,Moneasa,02,Arad,0.15,0.15,0.1,0.15,0.1
2893,2893,Monor,06,Bistriţa-năsăud,0.15,0.15,0.1,0.15,0.1
2894,2894,Moraviţa,36,Timiş,0.15,0.15,0.1,0.15,0.1
2895,2895,Moreni,17,Dolj,0.15,0.15,0.1,0.15,0.1
2896,2896,Moreni,16,Dâmboviţa,0.15,0.15,0.1,0.15,0.1
2897,2897,Moreni,23,Iaşi,0.15,0.15,0.1,0.15,0.1
2898,2898,Moroda,02,Arad,0.15,0.15,0.1,0.15,0.1
2899,2899,Moroeni,16,Dâmboviţa,0.15,0.15,0.1,0.15,0.1
2900,2900,Morteni,16,Dâmboviţa,0.15,0.15,0.1,0.15,0.1
2901,2901,Morunglav,29,Olt,0.15,0.15,0.1,0.15,0.1
2902,2902,Morăreni,20,Harghita,0.15,0.15,0.1,0.15,0.1
2903,2903,Morăreşti,03,Argeş,0.15,0.15,0.1,0.15,0.1
2904,2904,Moscu,18,Galaţi,0.15,0.15,0.1,0.15,0.1
2905,2905,Motoşeni,04,Bacău,0.15,0.15,0.1,0.15,0.1
2906,2906,Motru,19,Gorj,0.15,0.15,0.1,0.15,0.1
2907,2907,Motru Sec,19,Gorj,0.15,0.15,0.1,0.15,0.1
2908,2908,Movila,22,Ialomiţa,0.15,0.15,0.1,0.15,0.1
2909,2909,Movila,16,Dâmboviţa,0.15,0.15,0.1,0.15,0.1
2910,2910,Movila Banului,11,Buzău,0.15,0.15,0.1,0.15,0.1
2911,2911,Movila Miresii,08,Brăila,0.15,0.15,0.1,0.15,0.1
2912,2912,Movila Oii,11,Buzău,0.15,0.15,0.1,0.15,0.1
2913,2913,Movila Verde,,Constanta,0.15,0.15,0.1,0.15,0.1
2914,2914,Movileni,23,Iaşi,0.15,0.15,0.1,0.15,0.1
2915,2915,Movileni,18,Galaţi,0.15,0.15,0.1,0.15,0.1
2916,2916,Movileni,29,Olt,0.15,0.15,0.1,0.15,0.1
2917,2917,Moviliţa,22,Ialomiţa,0.15,0.15,0.1,0.15,0.1
2918,2918,Moviliţa,40,Vrancea,0.15,0.15,0.1,0.15,0.1
2919,2919,Mozăceni,03,Argeş,0.15,0.15,0.1,0.15,0.1
2920,2920,Mozăcenii-Vale,03,Argeş,0.15,0.15,0.1,0.15,0.1
2921,2921,Moşna,33,Sibiu,0.15,0.15,0.1,0.15,0.1
2922,2922,Moşna,23,Iaşi,0.15,0.15,0.1,0.15,0.1
2923,2923,Moşniţa Nouă,36,Timiş,0.15,0.15,0.1,0.15,0.1
2924,2924,Moşoaia,03,Argeş,0.15,0.15,0.1,0.15,0.1
2925,2925,Moţca,23,Iaşi,0.15,0.15,0.1,0.15,0.1
2926,2926,Moţăţei,17,Dolj,0.15,0.15,0.1,0.15,0.1
2927,2927,Muereasca,39,Vâlcea,0.15,0.15,0.1,0.15,0.1
2928,2928,Muereasca de Sus,39,Vâlcea,0.15,0.15,0.1,0.15,0.1
2929,2929,Mugeni,20,Harghita,0.15,0.15,0.1,0.15,0.1
2930,2930,Munar,02,Arad,0.15,0.15,0.1,0.15,0.1
2931,2931,Muncelu,40,Vrancea,0.15,0.15,0.1,0.15,0.1
2932,2932,Muncelu de Sus,23,Iaşi,0.15,0.15,0.1,0.15,0.1
2933,2933,Muntele Rece,13,Cluj,0.15,0.15,0.1,0.15,0.1
2934,2934,Munteni,18,Galaţi,0.15,0.15,0.1,0.15,0.1
2935,2935,Munteni,05,Bihor,0.15,0.15,0.1,0.15,0.1
2936,2936,Munteni,23,Iaşi,0.15,0.15,0.1,0.15,0.1
2937,2937,Muntenii de Jos,38,Vaslui,0.15,0.15,0.1,0.15,0.1
2938,2938,Muntenii de Sus,38,Vaslui,0.15,0.15,0.1,0.15,0.1
2939,2939,Murani,36,Timiş,0.15,0.15,0.1,0.15,0.1
2940,2940,Murfatlar,,Constanta,0.15,0.15,0.1,0.15,0.1
2941,2941,Murgeni,38,Vaslui,0.15,0.15,0.1,0.15,0.1
2942,2942,Murgeşti,11,Buzău,0.15,0.15,0.1,0.15,0.1
2943,2943,Murighiol,37,Tulcea,0.15,0.15,0.1,0.15,0.1
2944,2944,Murta,17,Dolj,0.15,0.15,0.1,0.15,0.1
2945,2945,Muşeniţa,34,Suceava,0.15,0.15,0.1,0.15,0.1
2946,2946,Muşeteşti,19,Gorj,0.15,0.15,0.1,0.15,0.1
2947,2947,Mâlosu,04,Bacău,0.15,0.15,0.1,0.15,0.1
2948,2948,Mândra,,Brasov,0.15,0.15,0.1,0.15,0.1
2949,2949,Mândruloc,02,Arad,0.15,0.15,0.1,0.15,0.1
2950,2950,Mânzăleşti,11,Buzău,0.15,0.15,0.1,0.15,0.1
2951,2951,Mânăstioara,16,Dâmboviţa,0.15,0.15,0.1,0.15,0.1
2952,2952,Mânăstirea,16,Dâmboviţa,0.15,0.15,0.1,0.15,0.1
2953,2953,Mânăstirea,41,Călăraşi,0.15,0.15,0.1,0.15,0.1
2954,2954,Mânăstireni,07,Botoşani,0.15,0.15,0.1,0.15,0.1
2955,2955,Mânăstireni,13,Cluj,0.15,0.15,0.1,0.15,0.1
2956,2956,Mânău,25,Maramureş,0.15,0.15,0.1,0.15,0.1
2957,2957,Mârza,17,Dolj,0.15,0.15,0.1,0.15,0.1
2958,2958,Mârzăneşti,35,Teleorman,0.15,0.15,0.1,0.15,0.1
2959,2959,Mârşa,42,Giurgiu,0.15,0.15,0.1,0.15,0.1
2960,2960,Mârşani,17,Dolj,0.15,0.15,0.1,0.15,0.1
2961,2961,Mârţeşti,03,Argeş,0.15,0.15,0.1,0.15,0.1
2962,2962,Mâsca,02,Arad,0.15,0.15,0.1,0.15,0.1
2963,2963,Măceşu de Jos,17,Dolj,0.15,0.15,0.1,0.15,0.1
2964,2964,Măceşu de Sus,17,Dolj,0.15,0.15,0.1,0.15,0.1
2965,2965,Măcin,37,Tulcea,0.15,0.15,0.1,0.15,0.1
2966,2966,Măcrina,11,Buzău,0.15,0.15,0.1,0.15,0.1
2967,2967,Mădei,,Neamt,0.15,0.15,0.1,0.15,0.1
2968,2968,Măderat,02,Arad,0.15,0.15,0.1,0.15,0.1
2969,2969,Mădulari,39,Vâlcea,0.15,0.15,0.1,0.15,0.1
2970,2970,Mădârjac,23,Iaşi,0.15,0.15,0.1,0.15,0.1
2971,2971,Mădăras,32,Satu Mare,0.15,0.15,0.1,0.15,0.1
2972,2972,Mădăraş,05,Bihor,0.15,0.15,0.1,0.15,0.1
2973,2973,Măerişte,31,Sălaj,0.15,0.15,0.1,0.15,0.1
2974,2974,Măgeşti,05,Bihor,0.15,0.15,0.1,0.15,0.1
2975,2975,Măgherani,27,Mureş,0.15,0.15,0.1,0.15,0.1
2976,2976,Măgina,01,Alba,0.15,0.15,0.1,0.15,0.1
2977,2977,Măgireşti,04,Bacău,0.15,0.15,0.1,0.15,0.1
2978,2978,Măgura,30,Prahova,0.15,0.15,0.1,0.15,0.1
2979,2979,Măgura,16,Dâmboviţa,0.15,0.15,0.1,0.15,0.1
2980,2980,Măgura,04,Bacău,0.15,0.15,0.1,0.15,0.1
2981,2981,Măgura,,Brasov,0.15,0.15,0.1,0.15,0.1
2982,2982,Măgura,39,Vâlcea,0.15,0.15,0.1,0.15,0.1
2983,2983,Măgura,11,Buzău,0.15,0.15,0.1,0.15,0.1
2984,2984,Măgura,29,Olt,0.15,0.15,0.1,0.15,0.1
2985,2985,Măgura,35,Teleorman,0.15,0.15,0.1,0.15,0.1
2986,2986,Măgura,12,Caraş-severin,0.15,0.15,0.1,0.15,0.1
2987,2987,Măgura Ilvei,06,Bistriţa-năsăud,0.15,0.15,0.1,0.15,0.1
2988,2988,Măgurele,43,Ilfov,0.15,0.15,0.1,0.15,0.1
2989,2989,Măgurele,30,Prahova,0.15,0.15,0.1,0.15,0.1
2990,2990,Măgureni,30,Prahova,0.15,0.15,0.1,0.15,0.1
2991,2991,Măgureni,08,Brăila,0.15,0.15,0.1,0.15,0.1
2992,2992,Măguri,13,Cluj,0.15,0.15,0.1,0.15,0.1
2993,2993,Măguri,36,Timiş,0.15,0.15,0.1,0.15,0.1
2994,2994,Măguri-Răcătău,13,Cluj,0.15,0.15,0.1,0.15,0.1
2995,2995,Măiag,19,Gorj,0.15,0.15,0.1,0.15,0.1
2996,2996,Măicăneşti,40,Vrancea,0.15,0.15,0.1,0.15,0.1
2997,2997,Măieru,06,Bistriţa-năsăud,0.15,0.15,0.1,0.15,0.1
2998,2998,Măieruş,,Brasov,0.15,0.15,0.1,0.15,0.1
2999,2999,Măldăeni,35,Teleorman,0.15,0.15,0.1,0.15,0.1
3000,3000,Măldăreşti,39,Vâlcea,0.15,0.15,0.1,0.15,0.1
3001,3001,Mălini,34,Suceava,0.15,0.15,0.1,0.15,0.1
3002,3002,Mălureni,03,Argeş,0.15,0.15,0.1,0.15,0.1
3003,3003,Măluşteni,38,Vaslui,0.15,0.15,0.1,0.15,0.1
3004,3004,Mălâncrav,33,Sibiu,0.15,0.15,0.1,0.15,0.1
3005,3005,Măneciu-Ungureni,30,Prahova,0.15,0.15,0.1,0.15,0.1
3006,3006,Măneşti,30,Prahova,0.15,0.15,0.1,0.15,0.1
3007,3007,Măneşti,16,Dâmboviţa,0.15,0.15,0.1,0.15,0.1
3008,3008,Mănoaia,,Neamt,0.15,0.15,0.1,0.15,0.1
3009,3009,Mănărade,01,Alba,0.15,0.15,0.1,0.15,0.1
3010,3010,Mănăstirea,16,Dâmboviţa,0.15,0.15,0.1,0.15,0.1
3011,3011,Mănăstirea,13,Cluj,0.15,0.15,0.1,0.15,0.1
3012,3012,Mănăstirea,23,Iaşi,0.15,0.15,0.1,0.15,0.1
3013,3013,Mănăstirea Humorului,34,Suceava,0.15,0.15,0.1,0.15,0.1
3014,3014,Mănăştiur,36,Timiş,0.15,0.15,0.1,0.15,0.1
3015,3015,Măraşu,08,Brăila,0.15,0.15,0.1,0.15,0.1
3016,3016,Mărgheni,29,Olt,0.15,0.15,0.1,0.15,0.1
3017,3017,Mărgineanu,11,Buzău,0.15,0.15,0.1,0.15,0.1
3018,3018,Mărgineni,,Neamt,0.15,0.15,0.1,0.15,0.1
3019,3019,Mărgineni,04,Bacău,0.15,0.15,0.1,0.15,0.1
3020,3020,Mărgineni,39,Vâlcea,0.15,0.15,0.1,0.15,0.1
3021,3021,Mărginenii de Jos,30,Prahova,0.15,0.15,0.1,0.15,0.1
3022,3022,Mărginenii de Sus,16,Dâmboviţa,0.15,0.15,0.1,0.15,0.1
3023,3023,Mărgăriteşti,11,Buzău,0.15,0.15,0.1,0.15,0.1
3024,3024,Mărgău,13,Cluj,0.15,0.15,0.1,0.15,0.1
3025,3025,Mărişel,13,Cluj,0.15,0.15,0.1,0.15,0.1
3026,3026,Mărişelu,06,Bistriţa-năsăud,0.15,0.15,0.1,0.15,0.1
3027,3027,Mărtineni,15,Covasna,0.15,0.15,0.1,0.15,0.1
3028,3028,Mărtineşti,21,Hunedoara,0.15,0.15,0.1,0.15,0.1
3029,3029,Mărtinie,01,Alba,0.15,0.15,0.1,0.15,0.1
3030,3030,Mărtiniş,20,Harghita,0.15,0.15,0.1,0.15,0.1
3031,3031,Măru,12,Caraş-severin,0.15,0.15,0.1,0.15,0.1
3032,3032,Mărunţei,29,Olt,0.15,0.15,0.1,0.15,0.1
3033,3033,Mărăcineni,11,Buzău,0.15,0.15,0.1,0.15,0.1
3034,3034,Mărăcineni,03,Argeş,0.15,0.15,0.1,0.15,0.1
3035,3035,Măscurei,38,Vaslui,0.15,0.15,0.1,0.15,0.1
3036,3036,Măstăcani,18,Galaţi,0.15,0.15,0.1,0.15,0.1
3037,3037,Mătrici,27,Mureş,0.15,0.15,0.1,0.15,0.1
3038,3038,Mătăcina,40,Vrancea,0.15,0.15,0.1,0.15,0.1
3039,3039,Mătăsari,19,Gorj,0.15,0.15,0.1,0.15,0.1
3040,3040,Mătăsaru,16,Dâmboviţa,0.15,0.15,0.1,0.15,0.1
3041,3041,Măureni,12,Caraş-severin,0.15,0.15,0.1,0.15,0.1
3042,3042,Măxineni,08,Brăila,0.15,0.15,0.1,0.15,0.1
3043,3043,Nadeş,27,Mureş,0.15,0.15,0.1,0.15,0.1
3044,3044,Naipu,42,Giurgiu,0.15,0.15,0.1,0.15,0.1
3045,3045,Nalbant,37,Tulcea,0.15,0.15,0.1,0.15,0.1
3046,3046,Nana,41,Călăraşi,0.15,0.15,0.1,0.15,0.1
3047,3047,Nanov,35,Teleorman,0.15,0.15,0.1,0.15,0.1
3048,3048,Nazarcea,,Constanta,0.15,0.15,0.1,0.15,0.1
3049,3049,Nazna,27,Mureş,0.15,0.15,0.1,0.15,0.1
3050,3050,Neagra,,Neamt,0.15,0.15,0.1,0.15,0.1
3051,3051,Neagra,34,Suceava,0.15,0.15,0.1,0.15,0.1
3052,3052,Neajlovu,42,Giurgiu,0.15,0.15,0.1,0.15,0.1
3053,3053,Neajlovu,16,Dâmboviţa,0.15,0.15,0.1,0.15,0.1
3054,3054,Neatârnarea,37,Tulcea,0.15,0.15,0.1,0.15,0.1
3055,3055,Neaua,27,Mureş,0.15,0.15,0.1,0.15,0.1
3056,3056,Neculele,40,Vrancea,0.15,0.15,0.1,0.15,0.1
3057,3057,Necşeşti,35,Teleorman,0.15,0.15,0.1,0.15,0.1
3058,3058,Nedeia,17,Dolj,0.15,0.15,0.1,0.15,0.1
3059,3059,Nedelea,30,Prahova,0.15,0.15,0.1,0.15,0.1
3060,3060,Negoi,17,Dolj,0.15,0.15,0.1,0.15,0.1
3061,3061,Negomir,19,Gorj,0.15,0.15,0.1,0.15,0.1
3062,3062,Negostina,34,Suceava,0.15,0.15,0.1,0.15,0.1
3063,3063,Negraşi,03,Argeş,0.15,0.15,0.1,0.15,0.1
3064,3064,Negrea,18,Galaţi,0.15,0.15,0.1,0.15,0.1
3065,3065,Negreia,25,Maramureş,0.15,0.15,0.1,0.15,0.1
3066,3066,Negreni,13,Cluj,0.15,0.15,0.1,0.15,0.1
3067,3067,Negreni,19,Gorj,0.15,0.15,0.1,0.15,0.1
3068,3068,Negreni,07,Botoşani,0.15,0.15,0.1,0.15,0.1
3069,3069,Negreni,35,Teleorman,0.15,0.15,0.1,0.15,0.1
3070,3070,Negreni,29,Olt,0.15,0.15,0.1,0.15,0.1
3071,3071,Negrenii de Sus,35,Teleorman,0.15,0.15,0.1,0.15,0.1
3072,3072,Negreşti,38,Vaslui,0.15,0.15,0.1,0.15,0.1
3073,3073,Negreşti-Oaş,32,Satu Mare,0.15,0.15,0.1,0.15,0.1
3074,3074,Negri,04,Bacău,0.15,0.15,0.1,0.15,0.1
3075,3075,Negrileasa,34,Suceava,0.15,0.15,0.1,0.15,0.1
3076,3076,Negru Vodă,,Constanta,0.15,0.15,0.1,0.15,0.1
3077,3077,Negureni,,Constanta,0.15,0.15,0.1,0.15,0.1
3078,3078,Nehoiu,11,Buzău,0.15,0.15,0.1,0.15,0.1
3079,3079,Neicu,40,Vrancea,0.15,0.15,0.1,0.15,0.1
3080,3080,Nemoiu,39,Vâlcea,0.15,0.15,0.1,0.15,0.1
3081,3081,Nepos,06,Bistriţa-năsăud,0.15,0.15,0.1,0.15,0.1
3082,3082,Neptun,,Constanta,0.15,0.15,0.1,0.15,0.1
3083,3083,Nereju,40,Vrancea,0.15,0.15,0.1,0.15,0.1
3084,3084,Nereju Mic,40,Vrancea,0.15,0.15,0.1,0.15,0.1
3085,3085,Nermed,12,Caraş-severin,0.15,0.15,0.1,0.15,0.1
3086,3086,Nerău,36,Timiş,0.15,0.15,0.1,0.15,0.1
3087,3087,Neudorf,02,Arad,0.15,0.15,0.1,0.15,0.1
3088,3088,Nicani,34,Suceava,0.15,0.15,0.1,0.15,0.1
3089,3089,Nichiteni,07,Botoşani,0.15,0.15,0.1,0.15,0.1
3090,3090,Nicolae Bălcescu,41,Călăraşi,0.15,0.15,0.1,0.15,0.1
3091,3091,Nicolae Bălcescu,,Constanta,0.15,0.15,0.1,0.15,0.1
3092,3092,Nicolae Bălcescu,26,Mehedinţi,0.15,0.15,0.1,0.15,0.1
3093,3093,Nicolae Bălcescu,37,Tulcea,0.15,0.15,0.1,0.15,0.1
3094,3094,Nicolae Bălcescu,07,Botoşani,0.15,0.15,0.1,0.15,0.1
3095,3095,Nicolae Bălcescu,04,Bacău,0.15,0.15,0.1,0.15,0.1
3096,3096,Nicolae Bălcescu,35,Teleorman,0.15,0.15,0.1,0.15,0.1
3097,3097,Nicolae Titulescu,29,Olt,0.15,0.15,0.1,0.15,0.1
3098,3098,Nicoreşti,18,Galaţi,0.15,0.15,0.1,0.15,0.1
3099,3099,Nicula,13,Cluj,0.15,0.15,0.1,0.15,0.1
3100,3100,Niculiţel,37,Tulcea,0.15,0.15,0.1,0.15,0.1
3101,3101,Nicşeni,07,Botoşani,0.15,0.15,0.1,0.15,0.1
3102,3102,Nima,13,Cluj,0.15,0.15,0.1,0.15,0.1
3103,3103,Nimigea de Jos,06,Bistriţa-năsăud,0.15,0.15,0.1,0.15,0.1
3104,3104,Nimigea de Sus,06,Bistriţa-năsăud,0.15,0.15,0.1,0.15,0.1
3105,3105,Nisipari,,Constanta,0.15,0.15,0.1,0.15,0.1
3106,3106,Nisipeni,32,Satu Mare,0.15,0.15,0.1,0.15,0.1
3107,3107,Nisipoasa,30,Prahova,0.15,0.15,0.1,0.15,0.1
3108,3108,Nisipuri,17,Dolj,0.15,0.15,0.1,0.15,0.1
3109,3109,Nistoreşti,40,Vrancea,0.15,0.15,0.1,0.15,0.1
3110,3110,Nistru,25,Maramureş,0.15,0.15,0.1,0.15,0.1
3111,3111,Niţchidorf,36,Timiş,0.15,0.15,0.1,0.15,0.1
3112,3112,Nocrich,33,Sibiu,0.15,0.15,0.1,0.15,0.1
3113,3113,Nojorid,05,Bihor,0.15,0.15,0.1,0.15,0.1
3114,3114,Nou,33,Sibiu,0.15,0.15,0.1,0.15,0.1
3115,3115,Novaci,19,Gorj,0.15,0.15,0.1,0.15,0.1
3116,3116,Novaci,42,Giurgiu,0.15,0.15,0.1,0.15,0.1
3117,3117,Noşlac,01,Alba,0.15,0.15,0.1,0.15,0.1
3118,3118,Nucet,30,Prahova,0.15,0.15,0.1,0.15,0.1
3119,3119,Nucet,05,Bihor,0.15,0.15,0.1,0.15,0.1
3120,3120,Nucet,16,Dâmboviţa,0.15,0.15,0.1,0.15,0.1
3121,3121,Nucetu,41,Călăraşi,0.15,0.15,0.1,0.15,0.1
3122,3122,Nuci,43,Ilfov,0.15,0.15,0.1,0.15,0.1
3123,3123,Nucşoara,03,Argeş,0.15,0.15,0.1,0.15,0.1
3124,3124,Nufăru,37,Tulcea,0.15,0.15,0.1,0.15,0.1
3125,3125,Nuşeni,06,Bistriţa-năsăud,0.15,0.15,0.1,0.15,0.1
3126,3126,Nuşfalău,31,Sălaj,0.15,0.15,0.1,0.15,0.1
3127,3127,Nădejdea,20,Harghita,0.15,0.15,0.1,0.15,0.1
3128,3128,Nădlac,02,Arad,0.15,0.15,0.1,0.15,0.1
3129,3129,Nădrag,36,Timiş,0.15,0.15,0.1,0.15,0.1
3130,3130,Năeni,11,Buzău,0.15,0.15,0.1,0.15,0.1
3131,3131,Nămoloasa,18,Galaţi,0.15,0.15,0.1,0.15,0.1
3132,3132,Nămoloasa-Sat,18,Galaţi,0.15,0.15,0.1,0.15,0.1
3133,3133,Năneşti,40,Vrancea,0.15,0.15,0.1,0.15,0.1
3134,3134,Năoiu,13,Cluj,0.15,0.15,0.1,0.15,0.1
3135,3135,Năpradea,31,Sălaj,0.15,0.15,0.1,0.15,0.1
3136,3136,Năruja,40,Vrancea,0.15,0.15,0.1,0.15,0.1
3137,3137,Năsal,13,Cluj,0.15,0.15,0.1,0.15,0.1
3138,3138,Năsturelu,35,Teleorman,0.15,0.15,0.1,0.15,0.1
3139,3139,Năsăud,06,Bistriţa-năsăud,0.15,0.15,0.1,0.15,0.1
3140,3140,Năvodari,35,Teleorman,0.15,0.15,0.1,0.15,0.1
3141,3141,Năvodari,,Constanta,0.15,0.15,0.1,0.15,0.1
3142,3142,Oancea,18,Galaţi,0.15,0.15,0.1,0.15,0.1
3143,3143,Oar,32,Satu Mare,0.15,0.15,0.1,0.15,0.1
3144,3144,Oarda,01,Alba,0.15,0.15,0.1,0.15,0.1
3145,3145,Oarja,03,Argeş,0.15,0.15,0.1,0.15,0.1
3146,3146,Oarţa de Jos,25,Maramureş,0.15,0.15,0.1,0.15,0.1
3147,3147,Obad,36,Timiş,0.15,0.15,0.1,0.15,0.1
3148,3148,Oboga,29,Olt,0.15,0.15,0.1,0.15,0.1
3149,3149,Oboroceni,23,Iaşi,0.15,0.15,0.1,0.15,0.1
3150,3150,Obreja,01,Alba,0.15,0.15,0.1,0.15,0.1
3151,3151,Obreja,12,Caraş-severin,0.15,0.15,0.1,0.15,0.1
3152,3152,Obârşia,29,Olt,0.15,0.15,0.1,0.15,0.1
3153,3153,Obârşia-Cloşani,26,Mehedinţi,0.15,0.15,0.1,0.15,0.1
3154,3154,Ochiuri,16,Dâmboviţa,0.15,0.15,0.1,0.15,0.1
3155,3155,Ocina de Sus,30,Prahova,0.15,0.15,0.1,0.15,0.1
3156,3156,Ociogi,29,Olt,0.15,0.15,0.1,0.15,0.1
3157,3157,Ocland,20,Harghita,0.15,0.15,0.1,0.15,0.1
3158,3158,Ocna Dejului,13,Cluj,0.15,0.15,0.1,0.15,0.1
3159,3159,Ocna Mureş,01,Alba,0.15,0.15,0.1,0.15,0.1
3160,3160,Ocna Sibiului,33,Sibiu,0.15,0.15,0.1,0.15,0.1
3161,3161,Ocna de Fier,12,Caraş-severin,0.15,0.15,0.1,0.15,0.1
3162,3162,Ocna de Jos,20,Harghita,0.15,0.15,0.1,0.15,0.1
3163,3163,Ocna de Sus,20,Harghita,0.15,0.15,0.1,0.15,0.1
3164,3164,Ocna Şugatag,25,Maramureş,0.15,0.15,0.1,0.15,0.1
3165,3165,Ocniţa,16,Dâmboviţa,0.15,0.15,0.1,0.15,0.1
3166,3166,Ocoliş,01,Alba,0.15,0.15,0.1,0.15,0.1
3167,3167,Ocolna,17,Dolj,0.15,0.15,0.1,0.15,0.1
3168,3168,Ocracu,39,Vâlcea,0.15,0.15,0.1,0.15,0.1
3169,3169,Odaia Bursucani,38,Vaslui,0.15,0.15,0.1,0.15,0.1
3170,3170,Odaia Manolache,18,Galaţi,0.15,0.15,0.1,0.15,0.1
3171,3171,Odaia Turcului,16,Dâmboviţa,0.15,0.15,0.1,0.15,0.1
3172,3172,Odobeşti,40,Vrancea,0.15,0.15,0.1,0.15,0.1
3173,3173,Odobeşti,16,Dâmboviţa,0.15,0.15,0.1,0.15,0.1
3174,3174,Odoreu,32,Satu Mare,0.15,0.15,0.1,0.15,0.1
3175,3175,Odorheiu Secuiesc,20,Harghita,0.15,0.15,0.1,0.15,0.1
3176,3176,Odrihei,27,Mureş,0.15,0.15,0.1,0.15,0.1
3177,3177,Odăile,30,Prahova,0.15,0.15,0.1,0.15,0.1
3178,3178,Odăile,11,Buzău,0.15,0.15,0.1,0.15,0.1
3179,3179,Oglinzi,,Neamt,0.15,0.15,0.1,0.15,0.1
3180,3180,Ogra,27,Mureş,0.15,0.15,0.1,0.15,0.1
3181,3181,Ograda,22,Ialomiţa,0.15,0.15,0.1,0.15,0.1
3182,3182,Ogretin,30,Prahova,0.15,0.15,0.1,0.15,0.1
3183,3183,Ogrezeni,42,Giurgiu,0.15,0.15,0.1,0.15,0.1
3184,3184,Ogrăzile,11,Buzău,0.15,0.15,0.1,0.15,0.1
3185,3185,Ohaba,01,Alba,0.15,0.15,0.1,0.15,0.1
3186,3186,Ohaba Lungă,36,Timiş,0.15,0.15,0.1,0.15,0.1
3187,3187,Ohaba-Forgaci,36,Timiş,0.15,0.15,0.1,0.15,0.1
3188,3188,Oiejdea,01,Alba,0.15,0.15,0.1,0.15,0.1
3189,3189,Oinacu,42,Giurgiu,0.15,0.15,0.1,0.15,0.1
3190,3190,Oituz,,Constanta,0.15,0.15,0.1,0.15,0.1
3191,3191,Oituz,04,Bacău,0.15,0.15,0.1,0.15,0.1
3192,3192,Ojdula,15,Covasna,0.15,0.15,0.1,0.15,0.1
3193,3193,Olanu,39,Vâlcea,0.15,0.15,0.1,0.15,0.1
3194,3194,Olari,19,Gorj,0.15,0.15,0.1,0.15,0.1
3195,3195,Olari,02,Arad,0.15,0.15,0.1,0.15,0.1
3196,3196,Olari,30,Prahova,0.15,0.15,0.1,0.15,0.1
3197,3197,Olari,29,Olt,0.15,0.15,0.1,0.15,0.1
3198,3198,Olarii Vechi,30,Prahova,0.15,0.15,0.1,0.15,0.1
3199,3199,Olcea,05,Bihor,0.15,0.15,0.1,0.15,0.1
3200,3200,Ologeni,30,Prahova,0.15,0.15,0.1,0.15,0.1
3201,3201,Olosig,05,Bihor,0.15,0.15,0.1,0.15,0.1
3202,3202,Olteanca,35,Teleorman,0.15,0.15,0.1,0.15,0.1
3203,3203,Olteanca,39,Vâlcea,0.15,0.15,0.1,0.15,0.1
3204,3204,Olteanu,19,Gorj,0.15,0.15,0.1,0.15,0.1
3205,3205,Olteneşti,38,Vaslui,0.15,0.15,0.1,0.15,0.1
3206,3206,Olteni,35,Teleorman,0.15,0.15,0.1,0.15,0.1
3207,3207,Olteni,16,Dâmboviţa,0.15,0.15,0.1,0.15,0.1
3208,3208,Olteni,43,Ilfov,0.15,0.15,0.1,0.15,0.1
3209,3209,Olteni,15,Covasna,0.15,0.15,0.1,0.15,0.1
3210,3210,Olteni,39,Vâlcea,0.15,0.15,0.1,0.15,0.1
3211,3211,Olteni,30,Prahova,0.15,0.15,0.1,0.15,0.1
3212,3212,Olteniţa,41,Călăraşi,0.15,0.15,0.1,0.15,0.1
3213,3213,Oltina,,Constanta,0.15,0.15,0.1,0.15,0.1
3214,3214,Onceşti,04,Bacău,0.15,0.15,0.1,0.15,0.1
3215,3215,Oneaga,07,Botoşani,0.15,0.15,0.1,0.15,0.1
3216,3216,Oniceni,,Neamt,0.15,0.15,0.1,0.15,0.1
3217,3217,Oniceni,34,Suceava,0.15,0.15,0.1,0.15,0.1
3218,3218,Oporelu,29,Olt,0.15,0.15,0.1,0.15,0.1
3219,3219,Oprişor,26,Mehedinţi,0.15,0.15,0.1,0.15,0.1
3220,3220,Optaşi,29,Olt,0.15,0.15,0.1,0.15,0.1
3221,3221,Oradea,05,Bihor,0.15,0.15,0.1,0.15,0.1
3222,3222,Oratia,11,Buzău,0.15,0.15,0.1,0.15,0.1
3223,3223,Oraviţa,12,Caraş-severin,0.15,0.15,0.1,0.15,0.1
3224,3224,Oraşu Nou,32,Satu Mare,0.15,0.15,0.1,0.15,0.1
3225,3225,Orbeasca de Jos,35,Teleorman,0.15,0.15,0.1,0.15,0.1
3226,3226,Orbeasca de Sus,35,Teleorman,0.15,0.15,0.1,0.15,0.1
3227,3227,Orbeni,04,Bacău,0.15,0.15,0.1,0.15,0.1
3228,3228,Oreavu,11,Buzău,0.15,0.15,0.1,0.15,0.1
3229,3229,Oreavu,40,Vrancea,0.15,0.15,0.1,0.15,0.1
3230,3230,Orezu,22,Ialomiţa,0.15,0.15,0.1,0.15,0.1
3231,3231,Orlat,33,Sibiu,0.15,0.15,0.1,0.15,0.1
3232,3232,Orlea,29,Olt,0.15,0.15,0.1,0.15,0.1
3233,3233,Orlea Nouă,29,Olt,0.15,0.15,0.1,0.15,0.1
3234,3234,Orleşti,39,Vâlcea,0.15,0.15,0.1,0.15,0.1
3235,3235,Orman,13,Cluj,0.15,0.15,0.1,0.15,0.1
3236,3236,Ormeniş,,Brasov,0.15,0.15,0.1,0.15,0.1
3237,3237,Ormindea,21,Hunedoara,0.15,0.15,0.1,0.15,0.1
3238,3238,Orodel,17,Dolj,0.15,0.15,0.1,0.15,0.1
3239,3239,Oroftiana,07,Botoşani,0.15,0.15,0.1,0.15,0.1
3240,3240,Orosfaia,06,Bistriţa-năsăud,0.15,0.15,0.1,0.15,0.1
3241,3241,Ortoaia,34,Suceava,0.15,0.15,0.1,0.15,0.1
3242,3242,Orzeni,23,Iaşi,0.15,0.15,0.1,0.15,0.1
3243,3243,Orzoaia de Jos,30,Prahova,0.15,0.15,0.1,0.15,0.1
3244,3244,Orăştie,21,Hunedoara,0.15,0.15,0.1,0.15,0.1
3245,3245,Orăştioara de Sus,21,Hunedoara,0.15,0.15,0.1,0.15,0.1
3246,3246,Orşova,26,Mehedinţi,0.15,0.15,0.1,0.15,0.1
3247,3247,Orţişoara,36,Timiş,0.15,0.15,0.1,0.15,0.1
3248,3248,Osica de Jos,29,Olt,0.15,0.15,0.1,0.15,0.1
3249,3249,Osica de Sus,29,Olt,0.15,0.15,0.1,0.15,0.1
3250,3250,Osmancea,,Constanta,0.15,0.15,0.1,0.15,0.1
3251,3251,Osoi,23,Iaşi,0.15,0.15,0.1,0.15,0.1
3252,3252,Ostra,34,Suceava,0.15,0.15,0.1,0.15,0.1
3253,3253,Ostrov,37,Tulcea,0.15,0.15,0.1,0.15,0.1
3254,3254,Ostrov,,Constanta,0.15,0.15,0.1,0.15,0.1
3255,3255,Ostroveni,17,Dolj,0.15,0.15,0.1,0.15,0.1
3256,3256,Ostrovu,30,Prahova,0.15,0.15,0.1,0.15,0.1
3257,3257,Ostrovu Mare,26,Mehedinţi,0.15,0.15,0.1,0.15,0.1
3258,3258,Otelec,36,Timiş,0.15,0.15,0.1,0.15,0.1
3259,3259,Oteşani,39,Vâlcea,0.15,0.15,0.1,0.15,0.1
3260,3260,Otomani,05,Bihor,0.15,0.15,0.1,0.15,0.1
3261,3261,Otopeni,43,Ilfov,0.15,0.15,0.1,0.15,0.1
3262,3262,Oveselu,39,Vâlcea,0.15,0.15,0.1,0.15,0.1
3263,3263,Ovidiu,,Constanta,0.15,0.15,0.1,0.15,0.1
3264,3264,Ozun,15,Covasna,0.15,0.15,0.1,0.15,0.1
3265,3265,Oşeşti,38,Vaslui,0.15,0.15,0.1,0.15,0.1
3266,3266,Oţeleni,23,Iaşi,0.15,0.15,0.1,0.15,0.1
3267,3267,Oţelu Roşu,12,Caraş-severin,0.15,0.15,0.1,0.15,0.1
3268,3268,Padea,17,Dolj,0.15,0.15,0.1,0.15,0.1
3269,3269,Padeş,19,Gorj,0.15,0.15,0.1,0.15,0.1
3270,3270,Padina,11,Buzău,0.15,0.15,0.1,0.15,0.1
3271,3271,Padina Matei,12,Caraş-severin,0.15,0.15,0.1,0.15,0.1
3272,3272,Palanca,42,Giurgiu,0.15,0.15,0.1,0.15,0.1
3273,3273,Palanca,04,Bacău,0.15,0.15,0.1,0.15,0.1
3274,3274,Palanca,30,Prahova,0.15,0.15,0.1,0.15,0.1
3275,3275,Palazu Mare,,Constanta,0.15,0.15,0.1,0.15,0.1
3276,3276,Paleu,05,Bihor,0.15,0.15,0.1,0.15,0.1
3277,3277,Palilula,17,Dolj,0.15,0.15,0.1,0.15,0.1
3278,3278,Paltin,40,Vrancea,0.15,0.15,0.1,0.15,0.1
3279,3279,Panaci,34,Suceava,0.15,0.15,0.1,0.15,0.1
3280,3280,Panaghia,17,Dolj,0.15,0.15,0.1,0.15,0.1
3281,3281,Panciu,40,Vrancea,0.15,0.15,0.1,0.15,0.1
3282,3282,Panic,31,Sălaj,0.15,0.15,0.1,0.15,0.1
3283,3283,Pantazi,30,Prahova,0.15,0.15,0.1,0.15,0.1
3284,3284,Pantelimon,,Constanta,0.15,0.15,0.1,0.15,0.1
3285,3285,Pantelimon,43,Ilfov,0.15,0.15,0.1,0.15,0.1
3286,3286,Pantelimon de Jos,,Constanta,0.15,0.15,0.1,0.15,0.1
3287,3287,Panticeu,13,Cluj,0.15,0.15,0.1,0.15,0.1
3288,3288,Papiu Ilarian,27,Mureş,0.15,0.15,0.1,0.15,0.1
3289,3289,Parava,04,Bacău,0.15,0.15,0.1,0.15,0.1
3290,3290,Pardina,37,Tulcea,0.15,0.15,0.1,0.15,0.1
3291,3291,Pardoşi,11,Buzău,0.15,0.15,0.1,0.15,0.1
3292,3292,Parhida,05,Bihor,0.15,0.15,0.1,0.15,0.1
3293,3293,Parincea,04,Bacău,0.15,0.15,0.1,0.15,0.1
3294,3294,Parva,06,Bistriţa-năsăud,0.15,0.15,0.1,0.15,0.1
3295,3295,Pasărea,41,Călăraşi,0.15,0.15,0.1,0.15,0.1
3296,3296,Pasărea,43,Ilfov,0.15,0.15,0.1,0.15,0.1
3297,3297,Pata,13,Cluj,0.15,0.15,0.1,0.15,0.1
3298,3298,Paşcani,23,Iaşi,0.15,0.15,0.1,0.15,0.1
3299,3299,Peceiu,31,Sălaj,0.15,0.15,0.1,0.15,0.1
3300,3300,Peceneaga,37,Tulcea,0.15,0.15,0.1,0.15,0.1
3301,3301,Pechea,18,Galaţi,0.15,0.15,0.1,0.15,0.1
3302,3302,Pecica,02,Arad,0.15,0.15,0.1,0.15,0.1
3303,3303,Pecineaga,,Constanta,0.15,0.15,0.1,0.15,0.1
3304,3304,Peciu Nou,36,Timiş,0.15,0.15,0.1,0.15,0.1
3305,3305,Peicani,38,Vaslui,0.15,0.15,0.1,0.15,0.1
3306,3306,Peregu Mare,02,Arad,0.15,0.15,0.1,0.15,0.1
3307,3307,Peregu Mic,02,Arad,0.15,0.15,0.1,0.15,0.1
3308,3308,Peretu,35,Teleorman,0.15,0.15,0.1,0.15,0.1
3309,3309,Periam,36,Timiş,0.15,0.15,0.1,0.15,0.1
3310,3310,Pericei,31,Sălaj,0.15,0.15,0.1,0.15,0.1
3311,3311,Perieni,38,Vaslui,0.15,0.15,0.1,0.15,0.1
3312,3312,Perieni,23,Iaşi,0.15,0.15,0.1,0.15,0.1
3313,3313,Perieţi,22,Ialomiţa,0.15,0.15,0.1,0.15,0.1
3314,3314,Perieţi,29,Olt,0.15,0.15,0.1,0.15,0.1
3315,3315,Periş,43,Ilfov,0.15,0.15,0.1,0.15,0.1
3316,3316,Perişani,39,Vâlcea,0.15,0.15,0.1,0.15,0.1
3317,3317,Perişoru,41,Călăraşi,0.15,0.15,0.1,0.15,0.1
3318,3318,Pesac,36,Timiş,0.15,0.15,0.1,0.15,0.1
3319,3319,Pesceana,39,Vâlcea,0.15,0.15,0.1,0.15,0.1
3320,3320,Pestra,29,Olt,0.15,0.15,0.1,0.15,0.1
3321,3321,Petelea,27,Mureş,0.15,0.15,0.1,0.15,0.1
3322,3322,Petia,34,Suceava,0.15,0.15,0.1,0.15,0.1
3323,3323,Petid,05,Bihor,0.15,0.15,0.1,0.15,0.1
3324,3324,Petin,32,Satu Mare,0.15,0.15,0.1,0.15,0.1
3325,3325,Petnic,12,Caraş-severin,0.15,0.15,0.1,0.15,0.1
3326,3326,Petreni,21,Hunedoara,0.15,0.15,0.1,0.15,0.1
3327,3327,Petreu,05,Bihor,0.15,0.15,0.1,0.15,0.1
3328,3328,Petreşti,16,Dâmboviţa,0.15,0.15,0.1,0.15,0.1
3329,3329,Petreşti,32,Satu Mare,0.15,0.15,0.1,0.15,0.1
3330,3330,Petreştii de Jos,13,Cluj,0.15,0.15,0.1,0.15,0.1
3331,3331,Petricani,,Neamt,0.15,0.15,0.1,0.15,0.1
3332,3332,Petricani,07,Botoşani,0.15,0.15,0.1,0.15,0.1
3333,3333,Petriceni,15,Covasna,0.15,0.15,0.1,0.15,0.1
3334,3334,Petrila,21,Hunedoara,0.15,0.15,0.1,0.15,0.1
3335,3335,Petrilaca,27,Mureş,0.15,0.15,0.1,0.15,0.1
3336,3336,Petrileni,05,Bihor,0.15,0.15,0.1,0.15,0.1
3337,3337,Petrindu,31,Sălaj,0.15,0.15,0.1,0.15,0.1
3338,3338,Petris,06,Bistriţa-năsăud,0.15,0.15,0.1,0.15,0.1
3339,3339,Petriş,02,Arad,0.15,0.15,0.1,0.15,0.1
3340,3340,Petroasa Mare,36,Timiş,0.15,0.15,0.1,0.15,0.1
3341,3341,Petroman,36,Timiş,0.15,0.15,0.1,0.15,0.1
3342,3342,Petros,21,Hunedoara,0.15,0.15,0.1,0.15,0.1
3343,3343,Petrova,25,Maramureş,0.15,0.15,0.1,0.15,0.1
3344,3344,Petroşani,21,Hunedoara,0.15,0.15,0.1,0.15,0.1
3345,3345,Petru Vodă,,Neamt,0.15,0.15,0.1,0.15,0.1
3346,3346,Petrăchioaia,43,Ilfov,0.15,0.15,0.1,0.15,0.1
3347,3347,Peştera,,Constanta,0.15,0.15,0.1,0.15,0.1
3348,3348,Peştişani,19,Gorj,0.15,0.15,0.1,0.15,0.1
3349,3349,Pianu de Jos,01,Alba,0.15,0.15,0.1,0.15,0.1
3350,3350,Pianu de Sus,01,Alba,0.15,0.15,0.1,0.15,0.1
3351,3351,Piatra,06,Bistriţa-năsăud,0.15,0.15,0.1,0.15,0.1
3352,3352,Piatra,03,Argeş,0.15,0.15,0.1,0.15,0.1
3353,3353,Piatra,,Constanta,0.15,0.15,0.1,0.15,0.1
3354,3354,Piatra,35,Teleorman,0.15,0.15,0.1,0.15,0.1
3355,3355,Piatra,29,Olt,0.15,0.15,0.1,0.15,0.1
3356,3356,Piatra,16,Dâmboviţa,0.15,0.15,0.1,0.15,0.1
3357,3357,Piatra Şoimului,,Neamt,0.15,0.15,0.1,0.15,0.1
3358,3358,Picior de Munte,16,Dâmboviţa,0.15,0.15,0.1,0.15,0.1
3359,3359,Picioru Lupului,23,Iaşi,0.15,0.15,0.1,0.15,0.1
3360,3360,Picleu,05,Bihor,0.15,0.15,0.1,0.15,0.1
3361,3361,Pietrari,16,Dâmboviţa,0.15,0.15,0.1,0.15,0.1
3362,3362,Pietrari,39,Vâlcea,0.15,0.15,0.1,0.15,0.1
3363,3363,Pietrarii de Sus,39,Vâlcea,0.15,0.15,0.1,0.15,0.1
3364,3364,Pietrele,42,Giurgiu,0.15,0.15,0.1,0.15,0.1
3365,3365,Pietreni,,Constanta,0.15,0.15,0.1,0.15,0.1
3366,3366,Pietreni,39,Vâlcea,0.15,0.15,0.1,0.15,0.1
3367,3367,Pietriceaua,30,Prahova,0.15,0.15,0.1,0.15,0.1
3368,3368,Pietroasa,05,Bihor,0.15,0.15,0.1,0.15,0.1
3369,3369,Pietroasa,40,Vrancea,0.15,0.15,0.1,0.15,0.1
3370,3370,Pietroasa,36,Timiş,0.15,0.15,0.1,0.15,0.1
3371,3371,Pietroasele,11,Buzău,0.15,0.15,0.1,0.15,0.1
3372,3372,Pietroiu,08,Brăila,0.15,0.15,0.1,0.15,0.1
3373,3373,Pietrosu,11,Buzău,0.15,0.15,0.1,0.15,0.1
3374,3374,Pietrosu,23,Iaşi,0.15,0.15,0.1,0.15,0.1
3375,3375,Pietroşani,35,Teleorman,0.15,0.15,0.1,0.15,0.1
3376,3376,Pietroşani,03,Argeş,0.15,0.15,0.1,0.15,0.1
3377,3377,Pietroşiţa,16,Dâmboviţa,0.15,0.15,0.1,0.15,0.1
3378,3378,Pilu,02,Arad,0.15,0.15,0.1,0.15,0.1
3379,3379,Pinoasa,19,Gorj,0.15,0.15,0.1,0.15,0.1
3380,3380,Pintic,13,Cluj,0.15,0.15,0.1,0.15,0.1
3381,3381,Pinticu,06,Bistriţa-năsăud,0.15,0.15,0.1,0.15,0.1
3382,3382,Pipirig,,Neamt,0.15,0.15,0.1,0.15,0.1
3383,3383,Pir,32,Satu Mare,0.15,0.15,0.1,0.15,0.1
3384,3384,Piscoiu,19,Gorj,0.15,0.15,0.1,0.15,0.1
3385,3385,Piscu,43,Ilfov,0.15,0.15,0.1,0.15,0.1
3386,3386,Piscu,18,Galaţi,0.15,0.15,0.1,0.15,0.1
3387,3387,Piscu Nou,17,Dolj,0.15,0.15,0.1,0.15,0.1
3388,3388,Piscu Radului,40,Vrancea,0.15,0.15,0.1,0.15,0.1
3389,3389,Piscu Sadovei,17,Dolj,0.15,0.15,0.1,0.15,0.1
3390,3390,Piscu Vechi,17,Dolj,0.15,0.15,0.1,0.15,0.1
3391,3391,Piscuri,19,Gorj,0.15,0.15,0.1,0.15,0.1
3392,3392,Pitaru,16,Dâmboviţa,0.15,0.15,0.1,0.15,0.1
3393,3393,Piteasca,43,Ilfov,0.15,0.15,0.1,0.15,0.1
3394,3394,Piteşti,03,Argeş,0.15,0.15,0.1,0.15,0.1
3395,3395,Pitoi,03,Argeş,0.15,0.15,0.1,0.15,0.1
3396,3396,Pitulicea,11,Buzău,0.15,0.15,0.1,0.15,0.1
3397,3397,Pişchia,36,Timiş,0.15,0.15,0.1,0.15,0.1
3398,3398,Pişcolt,32,Satu Mare,0.15,0.15,0.1,0.15,0.1
3399,3399,Plaiu,30,Prahova,0.15,0.15,0.1,0.15,0.1
3400,3400,Plaiu Câmpinei,30,Prahova,0.15,0.15,0.1,0.15,0.1
3401,3401,Plaiu Nucului,11,Buzău,0.15,0.15,0.1,0.15,0.1
3402,3402,Plavia,30,Prahova,0.15,0.15,0.1,0.15,0.1
3403,3403,Pleniţa,17,Dolj,0.15,0.15,0.1,0.15,0.1
3404,3404,Plevna,11,Buzău,0.15,0.15,0.1,0.15,0.1
3405,3405,Plevna,41,Călăraşi,0.15,0.15,0.1,0.15,0.1
3406,3406,Plevna,18,Galaţi,0.15,0.15,0.1,0.15,0.1
3407,3407,Pleşcuţa,02,Arad,0.15,0.15,0.1,0.15,0.1
3408,3408,Pleşoiu,29,Olt,0.15,0.15,0.1,0.15,0.1
3409,3409,Ploieşti,30,Prahova,0.15,0.15,0.1,0.15,0.1
3410,3410,Plopana,04,Bacău,0.15,0.15,0.1,0.15,0.1
3411,3411,Plopeni,,Constanta,0.15,0.15,0.1,0.15,0.1
3412,3412,Plopeni,30,Prahova,0.15,0.15,0.1,0.15,0.1
3413,3413,Plopeni,34,Suceava,0.15,0.15,0.1,0.15,0.1
3414,3414,Plopenii Mari,07,Botoşani,0.15,0.15,0.1,0.15,0.1
3415,3415,Plopiş,31,Sălaj,0.15,0.15,0.1,0.15,0.1
3416,3416,Plopu,30,Prahova,0.15,0.15,0.1,0.15,0.1
3417,3417,Plopu,04,Bacău,0.15,0.15,0.1,0.15,0.1
3418,3418,Plopu,16,Dâmboviţa,0.15,0.15,0.1,0.15,0.1
3419,3419,Plopu,08,Brăila,0.15,0.15,0.1,0.15,0.1
3420,3420,Plopul,37,Tulcea,0.15,0.15,0.1,0.15,0.1
3421,3421,Plopşoru,19,Gorj,0.15,0.15,0.1,0.15,0.1
3422,3422,Plosca,35,Teleorman,0.15,0.15,0.1,0.15,0.1
3423,3423,Plosca,17,Dolj,0.15,0.15,0.1,0.15,0.1
3424,3424,Plugari,23,Iaşi,0.15,0.15,0.1,0.15,0.1
3425,3425,Plugova,12,Caraş-severin,0.15,0.15,0.1,0.15,0.1
3426,3426,Plumbuita,41,Călăraşi,0.15,0.15,0.1,0.15,0.1
3427,3427,Pluta,26,Mehedinţi,0.15,0.15,0.1,0.15,0.1
3428,3428,Pluton,,Neamt,0.15,0.15,0.1,0.15,0.1
3429,3429,Plătăreşti,41,Călăraşi,0.15,0.15,0.1,0.15,0.1
3430,3430,Plăviceni,29,Olt,0.15,0.15,0.1,0.15,0.1
3431,3431,Plăvălari,34,Suceava,0.15,0.15,0.1,0.15,0.1
3432,3432,Poarta Albă,,Constanta,0.15,0.15,0.1,0.15,0.1
3433,3433,Poboru,29,Olt,0.15,0.15,0.1,0.15,0.1
3434,3434,Pochidia,38,Vaslui,0.15,0.15,0.1,0.15,0.1
3435,3435,Pocola,05,Bihor,0.15,0.15,0.1,0.15,0.1
3436,3436,Pocreaca,23,Iaşi,0.15,0.15,0.1,0.15,0.1
3437,3437,Pocruia,19,Gorj,0.15,0.15,0.1,0.15,0.1
3438,3438,Podari,17,Dolj,0.15,0.15,0.1,0.15,0.1
3439,3439,Podei,04,Bacău,0.15,0.15,0.1,0.15,0.1
3440,3440,Podeni,13,Cluj,0.15,0.15,0.1,0.15,0.1
3441,3441,Podeni,26,Mehedinţi,0.15,0.15,0.1,0.15,0.1
3442,3442,Podenii Noi,30,Prahova,0.15,0.15,0.1,0.15,0.1
3443,3443,Podenii Vechi,30,Prahova,0.15,0.15,0.1,0.15,0.1
3444,3444,Podgoria,11,Buzău,0.15,0.15,0.1,0.15,0.1
3445,3445,Podgoria,30,Prahova,0.15,0.15,0.1,0.15,0.1
3446,3446,Podoleni,18,Galaţi,0.15,0.15,0.1,0.15,0.1
3447,3447,Podoleni,,Neamt,0.15,0.15,0.1,0.15,0.1
3448,3448,Podolenii de Sus,23,Iaşi,0.15,0.15,0.1,0.15,0.1
3449,3449,Podriga,07,Botoşani,0.15,0.15,0.1,0.15,0.1
3450,3450,Podu Doamnei,42,Giurgiu,0.15,0.15,0.1,0.15,0.1
3451,3451,Podu Hagiului,23,Iaşi,0.15,0.15,0.1,0.15,0.1
3452,3452,Podu Iloaiei,23,Iaşi,0.15,0.15,0.1,0.15,0.1
3453,3453,Podu Lacului,40,Vrancea,0.15,0.15,0.1,0.15,0.1
3454,3454,Podu Lung,30,Prahova,0.15,0.15,0.1,0.15,0.1
3455,3455,Podu Oltului,,Brasov,0.15,0.15,0.1,0.15,0.1
3456,3456,Podu Pitarului,41,Călăraşi,0.15,0.15,0.1,0.15,0.1
3457,3457,Podu Rizii,16,Dâmboviţa,0.15,0.15,0.1,0.15,0.1
3458,3458,Podu Turcului,04,Bacău,0.15,0.15,0.1,0.15,0.1
3459,3459,Poduri,04,Bacău,0.15,0.15,0.1,0.15,0.1
3460,3460,Poduri,27,Mureş,0.15,0.15,0.1,0.15,0.1
3461,3461,Poenari,42,Giurgiu,0.15,0.15,0.1,0.15,0.1
3462,3462,Poenari,39,Vâlcea,0.15,0.15,0.1,0.15,0.1
3463,3463,Poeni,35,Teleorman,0.15,0.15,0.1,0.15,0.1
3464,3464,Pogana,38,Vaslui,0.15,0.15,0.1,0.15,0.1
3465,3465,Poganu,29,Olt,0.15,0.15,0.1,0.15,0.1
3466,3466,Pogoanele,11,Buzău,0.15,0.15,0.1,0.15,0.1
3467,3467,Pogonele,11,Buzău,0.15,0.15,0.1,0.15,0.1
3468,3468,Pogăceaua,27,Mureş,0.15,0.15,0.1,0.15,0.1
3469,3469,Poian,15,Covasna,0.15,0.15,0.1,0.15,0.1
3470,3470,Poiana,16,Dâmboviţa,0.15,0.15,0.1,0.15,0.1
3471,3471,Poiana,23,Iaşi,0.15,0.15,0.1,0.15,0.1
3472,3472,Poiana,18,Galaţi,0.15,0.15,0.1,0.15,0.1
3473,3473,Poiana,35,Teleorman,0.15,0.15,0.1,0.15,0.1
3474,3474,Poiana,07,Botoşani,0.15,0.15,0.1,0.15,0.1
3475,3475,Poiana,,Constanta,0.15,0.15,0.1,0.15,0.1
3476,3476,Poiana,22,Ialomiţa,0.15,0.15,0.1,0.15,0.1
3477,3477,Poiana,19,Gorj,0.15,0.15,0.1,0.15,0.1
3478,3478,Poiana,30,Prahova,0.15,0.15,0.1,0.15,0.1
3479,3479,Poiana,12,Caraş-severin,0.15,0.15,0.1,0.15,0.1
3480,3480,Poiana,04,Bacău,0.15,0.15,0.1,0.15,0.1
3481,3481,Poiana,05,Bihor,0.15,0.15,0.1,0.15,0.1
3482,3482,Poiana,,Neamt,0.15,0.15,0.1,0.15,0.1
3483,3483,Poiana,34,Suceava,0.15,0.15,0.1,0.15,0.1
3484,3484,Poiana,40,Vrancea,0.15,0.15,0.1,0.15,0.1
3485,3485,Poiana Aiudului,01,Alba,0.15,0.15,0.1,0.15,0.1
3486,3486,Poiana Blenchii,31,Sălaj,0.15,0.15,0.1,0.15,0.1
3487,3487,Poiana Codrului,32,Satu Mare,0.15,0.15,0.1,0.15,0.1
3488,3488,Poiana Copăceni,30,Prahova,0.15,0.15,0.1,0.15,0.1
3489,3489,Poiana Cristei,40,Vrancea,0.15,0.15,0.1,0.15,0.1
3490,3490,Poiana Crăcăoani,,Neamt,0.15,0.15,0.1,0.15,0.1
3491,3491,Poiana Câmpina,30,Prahova,0.15,0.15,0.1,0.15,0.1
3492,3492,Poiana Ilvei,06,Bistriţa-năsăud,0.15,0.15,0.1,0.15,0.1
3493,3493,Poiana Lacului,03,Argeş,0.15,0.15,0.1,0.15,0.1
3494,3494,Poiana Largului,,Neamt,0.15,0.15,0.1,0.15,0.1
3495,3495,Poiana Mare,17,Dolj,0.15,0.15,0.1,0.15,0.1
3496,3496,Poiana Micului,34,Suceava,0.15,0.15,0.1,0.15,0.1
3497,3497,Poiana Mărului,23,Iaşi,0.15,0.15,0.1,0.15,0.1
3498,3498,Poiana Mărului,34,Suceava,0.15,0.15,0.1,0.15,0.1
3499,3499,Poiana Negrii,34,Suceava,0.15,0.15,0.1,0.15,0.1
3500,3500,Poiana Sibiului,33,Sibiu,0.15,0.15,0.1,0.15,0.1
3501,3501,Poiana Stampei,34,Suceava,0.15,0.15,0.1,0.15,0.1
3502,3502,Poiana Teiului,,Neamt,0.15,0.15,0.1,0.15,0.1
3503,3503,Poiana Vadului,01,Alba,0.15,0.15,0.1,0.15,0.1
3504,3504,Poiana lui Stângă,42,Giurgiu,0.15,0.15,0.1,0.15,0.1
3505,3505,Poienari,,Neamt,0.15,0.15,0.1,0.15,0.1
3506,3506,Poienari,03,Argeş,0.15,0.15,0.1,0.15,0.1
3507,3507,Poienari,19,Gorj,0.15,0.15,0.1,0.15,0.1
3508,3508,Poienarii Apostoli,30,Prahova,0.15,0.15,0.1,0.15,0.1
3509,3509,Poienarii Burchii,30,Prahova,0.15,0.15,0.1,0.15,0.1
3510,3510,Poienarii-Rali,30,Prahova,0.15,0.15,0.1,0.15,0.1
3511,3511,Poieneşti,38,Vaslui,0.15,0.15,0.1,0.15,0.1
3512,3512,Poieni,23,Iaşi,0.15,0.15,0.1,0.15,0.1
3513,3513,Poieni,13,Cluj,0.15,0.15,0.1,0.15,0.1
3514,3514,Poieni,,Neamt,0.15,0.15,0.1,0.15,0.1
3515,3515,Poieni,04,Bacău,0.15,0.15,0.1,0.15,0.1
3516,3516,Poieni-Solca,34,Suceava,0.15,0.15,0.1,0.15,0.1
3517,3517,Poienii de Jos,05,Bihor,0.15,0.15,0.1,0.15,0.1
3518,3518,Poienii de Sus,05,Bihor,0.15,0.15,0.1,0.15,0.1
3519,3519,Poienile,23,Iaşi,0.15,0.15,0.1,0.15,0.1
3520,3520,Poienile Izei,25,Maramureş,0.15,0.15,0.1,0.15,0.1
3521,3521,Poienile Zagrei,06,Bistriţa-năsăud,0.15,0.15,0.1,0.15,0.1
3522,3522,Poienile de sub Munte,25,Maramureş,0.15,0.15,0.1,0.15,0.1
3523,3523,Poienile-Mogoş,01,Alba,0.15,0.15,0.1,0.15,0.1
3524,3524,Pojejena,12,Caraş-severin,0.15,0.15,0.1,0.15,0.1
3525,3525,Pojogeni,19,Gorj,0.15,0.15,0.1,0.15,0.1
3526,3526,Pojorâta,34,Suceava,0.15,0.15,0.1,0.15,0.1
3527,3527,Policiori,11,Buzău,0.15,0.15,0.1,0.15,0.1
3528,3528,Poloboc,,Neamt,0.15,0.15,0.1,0.15,0.1
3529,3529,Polovragi,19,Gorj,0.15,0.15,0.1,0.15,0.1
3530,3530,Pomezeu,05,Bihor,0.15,0.15,0.1,0.15,0.1
3531,3531,Pomi,32,Satu Mare,0.15,0.15,0.1,0.15,0.1
3532,3532,Pomârla,07,Botoşani,0.15,0.15,0.1,0.15,0.1
3533,3533,Ponoarele,26,Mehedinţi,0.15,0.15,0.1,0.15,0.1
3534,3534,Ponoară,05,Bihor,0.15,0.15,0.1,0.15,0.1
3535,3535,Ponor,01,Alba,0.15,0.15,0.1,0.15,0.1
3536,3536,Popeni,31,Sălaj,0.15,0.15,0.1,0.15,0.1
3537,3537,Popeni,38,Vaslui,0.15,0.15,0.1,0.15,0.1
3538,3538,Popeni,04,Bacău,0.15,0.15,0.1,0.15,0.1
3539,3539,Popeşti,03,Argeş,0.15,0.15,0.1,0.15,0.1
3540,3540,Popeşti,23,Iaşi,0.15,0.15,0.1,0.15,0.1
3541,3541,Popeşti,05,Bihor,0.15,0.15,0.1,0.15,0.1
3542,3542,Popeşti,39,Vâlcea,0.15,0.15,0.1,0.15,0.1
3543,3543,Popeşti-Leordeni,43,Ilfov,0.15,0.15,0.1,0.15,0.1
3544,3544,Poplaca,33,Sibiu,0.15,0.15,0.1,0.15,0.1
3545,3545,Popoiu,04,Bacău,0.15,0.15,0.1,0.15,0.1
3546,3546,Popoveni,17,Dolj,0.15,0.15,0.1,0.15,0.1
3547,3547,Popricani,23,Iaşi,0.15,0.15,0.1,0.15,0.1
3548,3548,Poroina Mare,26,Mehedinţi,0.15,0.15,0.1,0.15,0.1
3549,3549,Poroinica,16,Dâmboviţa,0.15,0.15,0.1,0.15,0.1
3550,3550,Poroschia,35,Teleorman,0.15,0.15,0.1,0.15,0.1
3551,3551,Portari,38,Vaslui,0.15,0.15,0.1,0.15,0.1
3552,3552,Porumbacu de Jos,33,Sibiu,0.15,0.15,0.1,0.15,0.1
3553,3553,Porumbacu de Sus,33,Sibiu,0.15,0.15,0.1,0.15,0.1
3554,3554,Porumbenii Mari,20,Harghita,0.15,0.15,0.1,0.15,0.1
3555,3555,Posada,30,Prahova,0.15,0.15,0.1,0.15,0.1
3556,3556,Posta,43,Ilfov,0.15,0.15,0.1,0.15,0.1
3557,3557,Posta,37,Tulcea,0.15,0.15,0.1,0.15,0.1
3558,3558,Postârnacu,16,Dâmboviţa,0.15,0.15,0.1,0.15,0.1
3559,3559,Postăvari,41,Călăraşi,0.15,0.15,0.1,0.15,0.1
3560,3560,Potcoava,41,Călăraşi,0.15,0.15,0.1,0.15,0.1
3561,3561,Potcoava,29,Olt,0.15,0.15,0.1,0.15,0.1
3562,3562,Potelu,29,Olt,0.15,0.15,0.1,0.15,0.1
3563,3563,Potigrafu,30,Prahova,0.15,0.15,0.1,0.15,0.1
3564,3564,Potlogeni,29,Olt,0.15,0.15,0.1,0.15,0.1
3565,3565,Potlogi,16,Dâmboviţa,0.15,0.15,0.1,0.15,0.1
3566,3566,Potocelu,16,Dâmboviţa,0.15,0.15,0.1,0.15,0.1
3567,3567,Potoceni,11,Buzău,0.15,0.15,0.1,0.15,0.1
3568,3568,Potopinu,29,Olt,0.15,0.15,0.1,0.15,0.1
3569,3569,Potângeni,23,Iaşi,0.15,0.15,0.1,0.15,0.1
3570,3570,Potău,32,Satu Mare,0.15,0.15,0.1,0.15,0.1
3571,3571,Poşaga de Sus,01,Alba,0.15,0.15,0.1,0.15,0.1
3572,3572,Poşta Câlnău,11,Buzău,0.15,0.15,0.1,0.15,0.1
3573,3573,Prahuda,40,Vrancea,0.15,0.15,0.1,0.15,0.1
3574,3574,Praid,20,Harghita,0.15,0.15,0.1,0.15,0.1
3575,3575,Prajila,39,Vâlcea,0.15,0.15,0.1,0.15,0.1
3576,3576,Pralea,04,Bacău,0.15,0.15,0.1,0.15,0.1
3577,3577,Prapor,17,Dolj,0.15,0.15,0.1,0.15,0.1
3578,3578,Preajba,17,Dolj,0.15,0.15,0.1,0.15,0.1
3579,3579,Preajba Mare,19,Gorj,0.15,0.15,0.1,0.15,0.1
3580,3580,Predeal,30,Prahova,0.15,0.15,0.1,0.15,0.1
3581,3581,Predeal,,Brasov,0.15,0.15,0.1,0.15,0.1
3582,3582,Predeşti,17,Dolj,0.15,0.15,0.1,0.15,0.1
3583,3583,Prejmer,,Brasov,0.15,0.15,0.1,0.15,0.1
3584,3584,Prelipca,34,Suceava,0.15,0.15,0.1,0.15,0.1
3585,3585,Preluci,04,Bacău,0.15,0.15,0.1,0.15,0.1
3586,3586,Preoteasa,31,Sălaj,0.15,0.15,0.1,0.15,0.1
3587,3587,Presaca,33,Sibiu,0.15,0.15,0.1,0.15,0.1
3588,3588,Preuteşti,34,Suceava,0.15,0.15,0.1,0.15,0.1
3589,3589,Pria,31,Sălaj,0.15,0.15,0.1,0.15,0.1
3590,3590,Priboieni,03,Argeş,0.15,0.15,0.1,0.15,0.1
3591,3591,Priboiu,16,Dâmboviţa,0.15,0.15,0.1,0.15,0.1
3592,3592,Pricaz,21,Hunedoara,0.15,0.15,0.1,0.15,0.1
3593,3593,Prigor,12,Caraş-severin,0.15,0.15,0.1,0.15,0.1
3594,3594,Prigoreni,23,Iaşi,0.15,0.15,0.1,0.15,0.1
3595,3595,Prigoria,19,Gorj,0.15,0.15,0.1,0.15,0.1
3596,3596,Prilog,32,Satu Mare,0.15,0.15,0.1,0.15,0.1
3597,3597,Priponeşti,18,Galaţi,0.15,0.15,0.1,0.15,0.1
3598,3598,Priporu,39,Vâlcea,0.15,0.15,0.1,0.15,0.1
3599,3599,Prisaca,05,Bihor,0.15,0.15,0.1,0.15,0.1
3600,3600,Prisaca,04,Bacău,0.15,0.15,0.1,0.15,0.1
3601,3601,Prisaca Dornei,34,Suceava,0.15,0.15,0.1,0.15,0.1
3602,3602,Priseaca,29,Olt,0.15,0.15,0.1,0.15,0.1
3603,3603,Priseaca,16,Dâmboviţa,0.15,0.15,0.1,0.15,0.1
3604,3604,Prislop,25,Maramureş,0.15,0.15,0.1,0.15,0.1
3605,3605,Prislopu Mare,03,Argeş,0.15,0.15,0.1,0.15,0.1
3606,3606,Pristol,26,Mehedinţi,0.15,0.15,0.1,0.15,0.1
3607,3607,Prisăcani,23,Iaşi,0.15,0.15,0.1,0.15,0.1
3608,3608,Prisăcani,07,Botoşani,0.15,0.15,0.1,0.15,0.1
3609,3609,Prisăceaua,26,Mehedinţi,0.15,0.15,0.1,0.15,0.1
3610,3610,Probota,23,Iaşi,0.15,0.15,0.1,0.15,0.1
3611,3611,Probota,34,Suceava,0.15,0.15,0.1,0.15,0.1
3612,3612,Procopoaia,39,Vâlcea,0.15,0.15,0.1,0.15,0.1
3613,3613,Produleşti,16,Dâmboviţa,0.15,0.15,0.1,0.15,0.1
3614,3614,Profa,29,Olt,0.15,0.15,0.1,0.15,0.1
3615,3615,Progresu,41,Călăraşi,0.15,0.15,0.1,0.15,0.1
3616,3616,Progresu,22,Ialomiţa,0.15,0.15,0.1,0.15,0.1
3617,3617,Proviţa de Jos,30,Prahova,0.15,0.15,0.1,0.15,0.1
3618,3618,Proviţa de Sus,30,Prahova,0.15,0.15,0.1,0.15,0.1
3619,3619,Prunaru,35,Teleorman,0.15,0.15,0.1,0.15,0.1
3620,3620,Prundeni,39,Vâlcea,0.15,0.15,0.1,0.15,0.1
3621,3621,Prundu,35,Teleorman,0.15,0.15,0.1,0.15,0.1
3622,3622,Prundu,42,Giurgiu,0.15,0.15,0.1,0.15,0.1
3623,3623,Prundu Bârgăului,06,Bistriţa-năsăud,0.15,0.15,0.1,0.15,0.1
3624,3624,Pruneni,11,Buzău,0.15,0.15,0.1,0.15,0.1
3625,3625,Prunişor,26,Mehedinţi,0.15,0.15,0.1,0.15,0.1
3626,3626,Prăjani,30,Prahova,0.15,0.15,0.1,0.15,0.1
3627,3627,Prăjeni,07,Botoşani,0.15,0.15,0.1,0.15,0.1
3628,3628,Pucheni,16,Dâmboviţa,0.15,0.15,0.1,0.15,0.1
3629,3629,Puchenii Mari,30,Prahova,0.15,0.15,0.1,0.15,0.1
3630,3630,Puchenii Mici,30,Prahova,0.15,0.15,0.1,0.15,0.1
3631,3631,Pucioasa,16,Dâmboviţa,0.15,0.15,0.1,0.15,0.1
3632,3632,Pufeşti,40,Vrancea,0.15,0.15,0.1,0.15,0.1
3633,3633,Pui,21,Hunedoara,0.15,0.15,0.1,0.15,0.1
3634,3634,Puieni,42,Giurgiu,0.15,0.15,0.1,0.15,0.1
3635,3635,Puieşti,38,Vaslui,0.15,0.15,0.1,0.15,0.1
3636,3636,Pungeşti,38,Vaslui,0.15,0.15,0.1,0.15,0.1
3637,3637,Punghina,26,Mehedinţi,0.15,0.15,0.1,0.15,0.1
3638,3638,Puntea de Greci,16,Dâmboviţa,0.15,0.15,0.1,0.15,0.1
3639,3639,Purani,35,Teleorman,0.15,0.15,0.1,0.15,0.1
3640,3640,Puranii de Sus,35,Teleorman,0.15,0.15,0.1,0.15,0.1
3641,3641,Purcăreni,,Brasov,0.15,0.15,0.1,0.15,0.1
3642,3642,Purcăreni,03,Argeş,0.15,0.15,0.1,0.15,0.1
3643,3643,Pusta,31,Sălaj,0.15,0.15,0.1,0.15,0.1
3644,3644,Pustiana,04,Bacău,0.15,0.15,0.1,0.15,0.1
3645,3645,Putineiu,35,Teleorman,0.15,0.15,0.1,0.15,0.1
3646,3646,Putineiu,42,Giurgiu,0.15,0.15,0.1,0.15,0.1
3647,3647,Putna,34,Suceava,0.15,0.15,0.1,0.15,0.1
3648,3648,Putna,40,Vrancea,0.15,0.15,0.1,0.15,0.1
3649,3649,Pânceşti,,Neamt,0.15,0.15,0.1,0.15,0.1
3650,3650,Pâncota,02,Arad,0.15,0.15,0.1,0.15,0.1
3651,3651,Pângăraţi,,Neamt,0.15,0.15,0.1,0.15,0.1
3652,3652,Pângărăcior,,Neamt,0.15,0.15,0.1,0.15,0.1
3653,3653,Pâraie,34,Suceava,0.15,0.15,0.1,0.15,0.1
3654,3654,Pârcovaci,23,Iaşi,0.15,0.15,0.1,0.15,0.1
3655,3655,Pârgăreşti,04,Bacău,0.15,0.15,0.1,0.15,0.1
3656,3656,Pârjol,04,Bacău,0.15,0.15,0.1,0.15,0.1
3657,3657,Pârlagele,26,Mehedinţi,0.15,0.15,0.1,0.15,0.1
3658,3658,Pârscov,11,Buzău,0.15,0.15,0.1,0.15,0.1
3659,3659,Pârvova,12,Caraş-severin,0.15,0.15,0.1,0.15,0.1
3660,3660,Pârâu,,Brasov,0.15,0.15,0.1,0.15,0.1
3661,3661,Pârâu Negru,07,Botoşani,0.15,0.15,0.1,0.15,0.1
3662,3662,Pârâul Cârjei,,Neamt,0.15,0.15,0.1,0.15,0.1
3663,3663,Pârâul Pântei,,Neamt,0.15,0.15,0.1,0.15,0.1
3664,3664,Pârşcoveni,29,Olt,0.15,0.15,0.1,0.15,0.1
3665,3665,Păcioiu,03,Argeş,0.15,0.15,0.1,0.15,0.1
3666,3666,Păcureţi,30,Prahova,0.15,0.15,0.1,0.15,0.1
3667,3667,Pădurea Neagră,05,Bihor,0.15,0.15,0.1,0.15,0.1
3668,3668,Pădureni,34,Suceava,0.15,0.15,0.1,0.15,0.1
3669,3669,Pădureni,36,Timiş,0.15,0.15,0.1,0.15,0.1
3670,3670,Pădureni,42,Giurgiu,0.15,0.15,0.1,0.15,0.1
3671,3671,Pădureni,07,Botoşani,0.15,0.15,0.1,0.15,0.1
3672,3672,Pădureni,40,Vrancea,0.15,0.15,0.1,0.15,0.1
3673,3673,Pădureni,13,Cluj,0.15,0.15,0.1,0.15,0.1
3674,3674,Pădureni,38,Vaslui,0.15,0.15,0.1,0.15,0.1
3675,3675,Păduroiu din Deal,03,Argeş,0.15,0.15,0.1,0.15,0.1
3676,3676,Păduroiu din Vale,03,Argeş,0.15,0.15,0.1,0.15,0.1
3677,3677,Păgaia,05,Bihor,0.15,0.15,0.1,0.15,0.1
3678,3678,Păingeni,27,Mureş,0.15,0.15,0.1,0.15,0.1
3679,3679,Păiseni,34,Suceava,0.15,0.15,0.1,0.15,0.1
3680,3680,Pălatca,13,Cluj,0.15,0.15,0.1,0.15,0.1
3681,3681,Pălici,11,Buzău,0.15,0.15,0.1,0.15,0.1
3682,3682,Păltinata,04,Bacău,0.15,0.15,0.1,0.15,0.1
3683,3683,Păltineni,11,Buzău,0.15,0.15,0.1,0.15,0.1
3684,3684,Păltiniş,12,Caraş-severin,0.15,0.15,0.1,0.15,0.1
3685,3685,Păltiniş,07,Botoşani,0.15,0.15,0.1,0.15,0.1
3686,3686,Păltinoasa,34,Suceava,0.15,0.15,0.1,0.15,0.1
3687,3687,Pănade,01,Alba,0.15,0.15,0.1,0.15,0.1
3688,3688,Pănceşti,04,Bacău,0.15,0.15,0.1,0.15,0.1
3689,3689,Pănet,27,Mureş,0.15,0.15,0.1,0.15,0.1
3690,3690,Pănătău,11,Buzău,0.15,0.15,0.1,0.15,0.1
3691,3691,Păru Rotund,35,Teleorman,0.15,0.15,0.1,0.15,0.1
3692,3692,Păstrăveni,,Neamt,0.15,0.15,0.1,0.15,0.1
3693,3693,Păsăreni,27,Mureş,0.15,0.15,0.1,0.15,0.1
3694,3694,Pătrăuţi,34,Suceava,0.15,0.15,0.1,0.15,0.1
3695,3695,Pătulele,26,Mehedinţi,0.15,0.15,0.1,0.15,0.1
3696,3696,Pătuleni,03,Argeş,0.15,0.15,0.1,0.15,0.1
3697,3697,Pătârlagele,11,Buzău,0.15,0.15,0.1,0.15,0.1
3698,3698,Păuca,33,Sibiu,0.15,0.15,0.1,0.15,0.1
3699,3699,Păucea,33,Sibiu,0.15,0.15,0.1,0.15,0.1
3700,3700,Păuleasca,03,Argeş,0.15,0.15,0.1,0.15,0.1
3701,3701,Păuleasca,35,Teleorman,0.15,0.15,0.1,0.15,0.1
3702,3702,Păuleni-Ciuc,20,Harghita,0.15,0.15,0.1,0.15,0.1
3703,3703,Păuleşti,32,Satu Mare,0.15,0.15,0.1,0.15,0.1
3704,3704,Păuleşti,30,Prahova,0.15,0.15,0.1,0.15,0.1
3705,3705,Păuliş,02,Arad,0.15,0.15,0.1,0.15,0.1
3706,3706,Păun,23,Iaşi,0.15,0.15,0.1,0.15,0.1
3707,3707,Păuneşti,40,Vrancea,0.15,0.15,0.1,0.15,0.1
3708,3708,Păuşeşti,39,Vâlcea,0.15,0.15,0.1,0.15,0.1
3709,3709,Păuşeşti-Măglaşi,39,Vâlcea,0.15,0.15,0.1,0.15,0.1
3710,3710,Rachelu,37,Tulcea,0.15,0.15,0.1,0.15,0.1
3711,3711,Rachieri,30,Prahova,0.15,0.15,0.1,0.15,0.1
3712,3712,Raciu,16,Dâmboviţa,0.15,0.15,0.1,0.15,0.1
3713,3713,Racova,04,Bacău,0.15,0.15,0.1,0.15,0.1
3714,3714,Racoviţa,08,Brăila,0.15,0.15,0.1,0.15,0.1
3715,3715,Racoviţa,39,Vâlcea,0.15,0.15,0.1,0.15,0.1
3716,3716,Racoviţa,36,Timiş,0.15,0.15,0.1,0.15,0.1
3717,3717,Racoviţa,33,Sibiu,0.15,0.15,0.1,0.15,0.1
3718,3718,Racoviţeni,11,Buzău,0.15,0.15,0.1,0.15,0.1
3719,3719,Racu,20,Harghita,0.15,0.15,0.1,0.15,0.1
3720,3720,Racşa,32,Satu Mare,0.15,0.15,0.1,0.15,0.1
3721,3721,Radimna,12,Caraş-severin,0.15,0.15,0.1,0.15,0.1
3722,3722,Radna,02,Arad,0.15,0.15,0.1,0.15,0.1
3723,3723,Radomir,17,Dolj,0.15,0.15,0.1,0.15,0.1
3724,3724,Radomireşti,29,Olt,0.15,0.15,0.1,0.15,0.1
3725,3725,Radovan,17,Dolj,0.15,0.15,0.1,0.15,0.1
3726,3726,Radovanu,41,Călăraşi,0.15,0.15,0.1,0.15,0.1
3727,3727,Radu Negru,03,Argeş,0.15,0.15,0.1,0.15,0.1
3728,3728,Radu Vodă,41,Călăraşi,0.15,0.15,0.1,0.15,0.1
3729,3729,Rafaila,38,Vaslui,0.15,0.15,0.1,0.15,0.1
3730,3730,Rafnic,12,Caraş-severin,0.15,0.15,0.1,0.15,0.1
3731,3731,Ragu,16,Dâmboviţa,0.15,0.15,0.1,0.15,0.1
3732,3732,Raiu,38,Vaslui,0.15,0.15,0.1,0.15,0.1
3733,3733,Ramna,12,Caraş-severin,0.15,0.15,0.1,0.15,0.1
3734,3734,Rapoltu Mare,21,Hunedoara,0.15,0.15,0.1,0.15,0.1
3735,3735,Rasa,41,Călăraşi,0.15,0.15,0.1,0.15,0.1
3736,3736,Rasnicu Oghian,17,Dolj,0.15,0.15,0.1,0.15,0.1
3737,3737,Rasova,19,Gorj,0.15,0.15,0.1,0.15,0.1
3738,3738,Rasova,,Constanta,0.15,0.15,0.1,0.15,0.1
3739,3739,Rast,17,Dolj,0.15,0.15,0.1,0.15,0.1
3740,3740,Rebra,06,Bistriţa-năsăud,0.15,0.15,0.1,0.15,0.1
3741,3741,Rebricea,38,Vaslui,0.15,0.15,0.1,0.15,0.1
3742,3742,Rebrişoara,06,Bistriţa-năsăud,0.15,0.15,0.1,0.15,0.1
3743,3743,Recaş,36,Timiş,0.15,0.15,0.1,0.15,0.1
3744,3744,Recea,31,Sălaj,0.15,0.15,0.1,0.15,0.1
3745,3745,Recea,25,Maramureş,0.15,0.15,0.1,0.15,0.1
3746,3746,Recea,,Brasov,0.15,0.15,0.1,0.15,0.1
3747,3747,Recea,26,Mehedinţi,0.15,0.15,0.1,0.15,0.1
3748,3748,Recea,,Neamt,0.15,0.15,0.1,0.15,0.1
3749,3749,Recea,04,Bacău,0.15,0.15,0.1,0.15,0.1
3750,3750,Recea,03,Argeş,0.15,0.15,0.1,0.15,0.1
3751,3751,Reci,15,Covasna,0.15,0.15,0.1,0.15,0.1
3752,3752,Redea,29,Olt,0.15,0.15,0.1,0.15,0.1
3753,3753,Rediu,,Neamt,0.15,0.15,0.1,0.15,0.1
3754,3754,Rediu,18,Galaţi,0.15,0.15,0.1,0.15,0.1
3755,3755,Rediu,13,Cluj,0.15,0.15,0.1,0.15,0.1
3756,3756,Rediu,23,Iaşi,0.15,0.15,0.1,0.15,0.1
3757,3757,Rediu,07,Botoşani,0.15,0.15,0.1,0.15,0.1
3758,3758,Rediu,38,Vaslui,0.15,0.15,0.1,0.15,0.1
3759,3759,Rediu Galian,38,Vaslui,0.15,0.15,0.1,0.15,0.1
3760,3760,Reghin,27,Mureş,0.15,0.15,0.1,0.15,0.1
3761,3761,Reghiu,40,Vrancea,0.15,0.15,0.1,0.15,0.1
3762,3762,Remetea,05,Bihor,0.15,0.15,0.1,0.15,0.1
3763,3763,Remetea,20,Harghita,0.15,0.15,0.1,0.15,0.1
3764,3764,Remetea,27,Mureş,0.15,0.15,0.1,0.15,0.1
3765,3765,Remetea Chioarului,25,Maramureş,0.15,0.15,0.1,0.15,0.1
3766,3766,Remetea Mare,36,Timiş,0.15,0.15,0.1,0.15,0.1
3767,3767,Remeţi,25,Maramureş,0.15,0.15,0.1,0.15,0.1
3768,3768,Remus,42,Giurgiu,0.15,0.15,0.1,0.15,0.1
3769,3769,Repedea,25,Maramureş,0.15,0.15,0.1,0.15,0.1
3770,3770,Reteag,06,Bistriţa-năsăud,0.15,0.15,0.1,0.15,0.1
3771,3771,Reviga,22,Ialomiţa,0.15,0.15,0.1,0.15,0.1
3772,3772,Revărsarea,37,Tulcea,0.15,0.15,0.1,0.15,0.1
3773,3773,Reşiţa,12,Caraş-severin,0.15,0.15,0.1,0.15,0.1
3774,3774,Ribiţa,21,Hunedoara,0.15,0.15,0.1,0.15,0.1
3775,3775,Rieni,05,Bihor,0.15,0.15,0.1,0.15,0.1
3776,3776,Rimetea,01,Alba,0.15,0.15,0.1,0.15,0.1
3777,3777,Ripiceni,07,Botoşani,0.15,0.15,0.1,0.15,0.1
3778,3778,Roata Mică,42,Giurgiu,0.15,0.15,0.1,0.15,0.1
3779,3779,Roata de Jos,42,Giurgiu,0.15,0.15,0.1,0.15,0.1
3780,3780,Robaia,03,Argeş,0.15,0.15,0.1,0.15,0.1
3781,3781,Robeasca,11,Buzău,0.15,0.15,0.1,0.15,0.1
3782,3782,Rociu,03,Argeş,0.15,0.15,0.1,0.15,0.1
3783,3783,Rod,33,Sibiu,0.15,0.15,0.1,0.15,0.1
3784,3784,Rodna,06,Bistriţa-năsăud,0.15,0.15,0.1,0.15,0.1
3785,3785,Roeşti,39,Vâlcea,0.15,0.15,0.1,0.15,0.1
3786,3786,Rogojel,13,Cluj,0.15,0.15,0.1,0.15,0.1
3787,3787,Rogojeni,18,Galaţi,0.15,0.15,0.1,0.15,0.1
3788,3788,Rogova,26,Mehedinţi,0.15,0.15,0.1,0.15,0.1
3789,3789,Rogoz,25,Maramureş,0.15,0.15,0.1,0.15,0.1
3790,3790,Roit,05,Bihor,0.15,0.15,0.1,0.15,0.1
3791,3791,Roma,07,Botoşani,0.15,0.15,0.1,0.15,0.1
3792,3792,Roman,,Neamt,0.15,0.15,0.1,0.15,0.1
3793,3793,Romanu,08,Brăila,0.15,0.15,0.1,0.15,0.1
3794,3794,Romos,21,Hunedoara,0.15,0.15,0.1,0.15,0.1
3795,3795,Romuli,06,Bistriţa-năsăud,0.15,0.15,0.1,0.15,0.1
3796,3796,Românaşi,31,Sălaj,0.15,0.15,0.1,0.15,0.1
3797,3797,Româneşti,23,Iaşi,0.15,0.15,0.1,0.15,0.1
3798,3798,Români,39,Vâlcea,0.15,0.15,0.1,0.15,0.1
3799,3799,Români,,Neamt,0.15,0.15,0.1,0.15,0.1
3800,3800,Rona de Jos,25,Maramureş,0.15,0.15,0.1,0.15,0.1
3801,3801,Rona de Sus,25,Maramureş,0.15,0.15,0.1,0.15,0.1
3802,3802,Roseţi,41,Călăraşi,0.15,0.15,0.1,0.15,0.1
3803,3803,Rotari,30,Prahova,0.15,0.15,0.1,0.15,0.1
3804,3804,Rotbav,,Brasov,0.15,0.15,0.1,0.15,0.1
3805,3805,Rotunda,29,Olt,0.15,0.15,0.1,0.15,0.1
3806,3806,Rotunda,03,Argeş,0.15,0.15,0.1,0.15,0.1
3807,3807,Rotunda,,Neamt,0.15,0.15,0.1,0.15,0.1
3808,3808,Rotunda,34,Suceava,0.15,0.15,0.1,0.15,0.1
3809,3809,Rovinari,19,Gorj,0.15,0.15,0.1,0.15,0.1
3810,3810,Rovine,17,Dolj,0.15,0.15,0.1,0.15,0.1
3811,3811,Rovine,22,Ialomiţa,0.15,0.15,0.1,0.15,0.1
3812,3812,Rozavlea,25,Maramureş,0.15,0.15,0.1,0.15,0.1
3813,3813,Roznov,,Neamt,0.15,0.15,0.1,0.15,0.1
3814,3814,Roşia,33,Sibiu,0.15,0.15,0.1,0.15,0.1
3815,3815,Roşia,05,Bihor,0.15,0.15,0.1,0.15,0.1
3816,3816,Roşia de Amaradia,19,Gorj,0.15,0.15,0.1,0.15,0.1
3817,3817,Roşia de Secaş,01,Alba,0.15,0.15,0.1,0.15,0.1
3818,3818,Roşieşti,38,Vaslui,0.15,0.15,0.1,0.15,0.1
3819,3819,Roşiile,39,Vâlcea,0.15,0.15,0.1,0.15,0.1
3820,3820,Roşiori,04,Bacău,0.15,0.15,0.1,0.15,0.1
3821,3821,Roşiori,08,Brăila,0.15,0.15,0.1,0.15,0.1
3822,3822,Rubla,11,Buzău,0.15,0.15,0.1,0.15,0.1
3823,3823,Rucăr,03,Argeş,0.15,0.15,0.1,0.15,0.1
3824,3824,Rucăreni,40,Vrancea,0.15,0.15,0.1,0.15,0.1
3825,3825,Ruda,39,Vâlcea,0.15,0.15,0.1,0.15,0.1
3826,3826,Rudeni,03,Argeş,0.15,0.15,0.1,0.15,0.1
3827,3827,Rudeni,43,Ilfov,0.15,0.15,0.1,0.15,0.1
3828,3828,Rudina,26,Mehedinţi,0.15,0.15,0.1,0.15,0.1
3829,3829,Rudna,36,Timiş,0.15,0.15,0.1,0.15,0.1
3830,3830,Ruget,19,Gorj,0.15,0.15,0.1,0.15,0.1
3831,3831,Rugetu,39,Vâlcea,0.15,0.15,0.1,0.15,0.1
3832,3832,Rugi,19,Gorj,0.15,0.15,0.1,0.15,0.1
3833,3833,Rugineşti,40,Vrancea,0.15,0.15,0.1,0.15,0.1
3834,3834,Ruginoasa,,Neamt,0.15,0.15,0.1,0.15,0.1
3835,3835,Ruginoasa,23,Iaşi,0.15,0.15,0.1,0.15,0.1
3836,3836,Ruja,33,Sibiu,0.15,0.15,0.1,0.15,0.1
3837,3837,Runc,20,Harghita,0.15,0.15,0.1,0.15,0.1
3838,3838,Runcu,16,Dâmboviţa,0.15,0.15,0.1,0.15,0.1
3839,3839,Runcu,39,Vâlcea,0.15,0.15,0.1,0.15,0.1
3840,3840,Runcu,19,Gorj,0.15,0.15,0.1,0.15,0.1
3841,3841,Runcu Mare,29,Olt,0.15,0.15,0.1,0.15,0.1
3842,3842,Runcu Salvei,06,Bistriţa-năsăud,0.15,0.15,0.1,0.15,0.1
3843,3843,Runcurel,19,Gorj,0.15,0.15,0.1,0.15,0.1
3844,3844,Rupea,,Brasov,0.15,0.15,0.1,0.15,0.1
3845,3845,Rus,25,Maramureş,0.15,0.15,0.1,0.15,0.1
3846,3846,Rus,31,Sălaj,0.15,0.15,0.1,0.15,0.1
3847,3847,Rusca,12,Caraş-severin,0.15,0.15,0.1,0.15,0.1
3848,3848,Rusca,38,Vaslui,0.15,0.15,0.1,0.15,0.1
3849,3849,Rusca Montană,12,Caraş-severin,0.15,0.15,0.1,0.15,0.1
3850,3850,Rusciori,33,Sibiu,0.15,0.15,0.1,0.15,0.1
3851,3851,Ruscova,25,Maramureş,0.15,0.15,0.1,0.15,0.1
3852,3852,Ruseni,,Neamt,0.15,0.15,0.1,0.15,0.1
3853,3853,Rusu Bârgăului,06,Bistriţa-năsăud,0.15,0.15,0.1,0.15,0.1
3854,3854,Rusăneşti,29,Olt,0.15,0.15,0.1,0.15,0.1
3855,3855,Ruşeţu,11,Buzău,0.15,0.15,0.1,0.15,0.1
3856,3856,Râca,03,Argeş,0.15,0.15,0.1,0.15,0.1
3857,3857,Râciu,27,Mureş,0.15,0.15,0.1,0.15,0.1
3858,3858,Râfov,30,Prahova,0.15,0.15,0.1,0.15,0.1
3859,3859,Râmnicelu,11,Buzău,0.15,0.15,0.1,0.15,0.1
3860,3860,Râmnicelu,08,Brăila,0.15,0.15,0.1,0.15,0.1
3861,3861,Râmniceni,40,Vrancea,0.15,0.15,0.1,0.15,0.1
3862,3862,Râmnicu Sărat,11,Buzău,0.15,0.15,0.1,0.15,0.1
3863,3863,Râmnicu Vâlcea,39,Vâlcea,0.15,0.15,0.1,0.15,0.1
3864,3864,Râmnicu de Jos,,Constanta,0.15,0.15,0.1,0.15,0.1
3865,3865,Rânceni,38,Vaslui,0.15,0.15,0.1,0.15,0.1
3866,3866,Râncăciov,16,Dâmboviţa,0.15,0.15,0.1,0.15,0.1
3867,3867,Rândunica,37,Tulcea,0.15,0.15,0.1,0.15,0.1
3868,3868,Râpa,05,Bihor,0.15,0.15,0.1,0.15,0.1
3869,3869,Râpa de Jos,27,Mureş,0.15,0.15,0.1,0.15,0.1
3870,3870,Râu Alb de Jos,16,Dâmboviţa,0.15,0.15,0.1,0.15,0.1
3871,3871,Râu Alb de Sus,16,Dâmboviţa,0.15,0.15,0.1,0.15,0.1
3872,3872,Râu Sadului,33,Sibiu,0.15,0.15,0.1,0.15,0.1
3873,3873,Râu de Mori,21,Hunedoara,0.15,0.15,0.1,0.15,0.1
3874,3874,Râureni,39,Vâlcea,0.15,0.15,0.1,0.15,0.1
3875,3875,Râşca,34,Suceava,0.15,0.15,0.1,0.15,0.1
3876,3876,Râşnov,,Brasov,0.15,0.15,0.1,0.15,0.1
3877,3877,Răbăgani,05,Bihor,0.15,0.15,0.1,0.15,0.1
3878,3878,Răcari,16,Dâmboviţa,0.15,0.15,0.1,0.15,0.1
3879,3879,Răcarii de Jos,17,Dolj,0.15,0.15,0.1,0.15,0.1
3880,3880,Răcarii de Sus,17,Dolj,0.15,0.15,0.1,0.15,0.1
3881,3881,Răchita,36,Timiş,0.15,0.15,0.1,0.15,0.1
3882,3882,Răchita,01,Alba,0.15,0.15,0.1,0.15,0.1
3883,3883,Răchita de Jos,17,Dolj,0.15,0.15,0.1,0.15,0.1
3884,3884,Răchiteni,23,Iaşi,0.15,0.15,0.1,0.15,0.1
3885,3885,Răchitoasa,04,Bacău,0.15,0.15,0.1,0.15,0.1
3886,3886,Răchitova,21,Hunedoara,0.15,0.15,0.1,0.15,0.1
3887,3887,Răchiţi,07,Botoşani,0.15,0.15,0.1,0.15,0.1
3888,3888,Răcoasa,40,Vrancea,0.15,0.15,0.1,0.15,0.1
3889,3889,Răcăciuni,04,Bacău,0.15,0.15,0.1,0.15,0.1
3890,3890,Răcăşdia,12,Caraş-severin,0.15,0.15,0.1,0.15,0.1
3891,3891,Rădeana,04,Bacău,0.15,0.15,0.1,0.15,0.1
3892,3892,Rădeni,23,Iaşi,0.15,0.15,0.1,0.15,0.1
3893,3893,Rădeni,07,Botoşani,0.15,0.15,0.1,0.15,0.1
3894,3894,Rădeni,38,Vaslui,0.15,0.15,0.1,0.15,0.1
3895,3895,Rădeni,,Neamt,0.15,0.15,0.1,0.15,0.1
3896,3896,Rădeşti,01,Alba,0.15,0.15,0.1,0.15,0.1
3897,3897,Rădoaia,04,Bacău,0.15,0.15,0.1,0.15,0.1
3898,3898,Răducăneni,23,Iaşi,0.15,0.15,0.1,0.15,0.1
3899,3899,Rădăşeni,34,Suceava,0.15,0.15,0.1,0.15,0.1
3900,3900,Răhău,01,Alba,0.15,0.15,0.1,0.15,0.1
3901,3901,Răpsig,02,Arad,0.15,0.15,0.1,0.15,0.1
3902,3902,Răsboieni,23,Iaşi,0.15,0.15,0.1,0.15,0.1
3903,3903,Răscruci,13,Cluj,0.15,0.15,0.1,0.15,0.1
3904,3904,Răsmireşti,35,Teleorman,0.15,0.15,0.1,0.15,0.1
3905,3905,Răstoaca,40,Vrancea,0.15,0.15,0.1,0.15,0.1
3906,3906,Răstoliţa,27,Mureş,0.15,0.15,0.1,0.15,0.1
3907,3907,Răsuceni,42,Giurgiu,0.15,0.15,0.1,0.15,0.1
3908,3908,Răteşti,03,Argeş,0.15,0.15,0.1,0.15,0.1
3909,3909,Răuceşti,,Neamt,0.15,0.15,0.1,0.15,0.1
3910,3910,Răuseni,07,Botoşani,0.15,0.15,0.1,0.15,0.1
3911,3911,Războieni,23,Iaşi,0.15,0.15,0.1,0.15,0.1
3912,3912,Războieni,,Neamt,0.15,0.15,0.1,0.15,0.1
3913,3913,Războieni,37,Tulcea,0.15,0.15,0.1,0.15,0.1
3914,3914,Războieni-Cetate,01,Alba,0.15,0.15,0.1,0.15,0.1
3915,3915,Războienii de Jos,,Neamt,0.15,0.15,0.1,0.15,0.1
3916,3916,Răzoare,27,Mureş,0.15,0.15,0.1,0.15,0.1
3917,3917,Răzoarele,,Constanta,0.15,0.15,0.1,0.15,0.1
3918,3918,Răzvad,16,Dâmboviţa,0.15,0.15,0.1,0.15,0.1
3919,3919,Răzvani,41,Călăraşi,0.15,0.15,0.1,0.15,0.1
3920,3920,Răşinari,33,Sibiu,0.15,0.15,0.1,0.15,0.1
3921,3921,Sabangia,37,Tulcea,0.15,0.15,0.1,0.15,0.1
3922,3922,Sabasa,,Neamt,0.15,0.15,0.1,0.15,0.1
3923,3923,Sacalasău,05,Bihor,0.15,0.15,0.1,0.15,0.1
3924,3924,Sacoşu Turcesc,36,Timiş,0.15,0.15,0.1,0.15,0.1
3925,3925,Sacu,12,Caraş-severin,0.15,0.15,0.1,0.15,0.1
3926,3926,Sadina,42,Giurgiu,0.15,0.15,0.1,0.15,0.1
3927,3927,Sadova,17,Dolj,0.15,0.15,0.1,0.15,0.1
3928,3928,Sadova,34,Suceava,0.15,0.15,0.1,0.15,0.1
3929,3929,Sadoveni,07,Botoşani,0.15,0.15,0.1,0.15,0.1
3930,3930,Sadu,33,Sibiu,0.15,0.15,0.1,0.15,0.1
3931,3931,Saelele,35,Teleorman,0.15,0.15,0.1,0.15,0.1
3932,3932,Sagna,,Neamt,0.15,0.15,0.1,0.15,0.1
3933,3933,Salcea,34,Suceava,0.15,0.15,0.1,0.15,0.1
3934,3934,Salcia,26,Mehedinţi,0.15,0.15,0.1,0.15,0.1
3935,3935,Salcia,17,Dolj,0.15,0.15,0.1,0.15,0.1
3936,3936,Salcia,30,Prahova,0.15,0.15,0.1,0.15,0.1
3937,3937,Salcia,35,Teleorman,0.15,0.15,0.1,0.15,0.1
3938,3938,Salcia,18,Galaţi,0.15,0.15,0.1,0.15,0.1
3939,3939,Salcia Nouă,40,Vrancea,0.15,0.15,0.1,0.15,0.1
3940,3940,Salcia Tudor,08,Brăila,0.15,0.15,0.1,0.15,0.1
3941,3941,Saligny,,Constanta,0.15,0.15,0.1,0.15,0.1
3942,3942,Salonta,05,Bihor,0.15,0.15,0.1,0.15,0.1
3943,3943,Salva,06,Bistriţa-năsăud,0.15,0.15,0.1,0.15,0.1
3944,3944,Samarineşti,19,Gorj,0.15,0.15,0.1,0.15,0.1
3945,3945,Sanatoriul Agigea,,Constanta,0.15,0.15,0.1,0.15,0.1
3946,3946,Sanislău,32,Satu Mare,0.15,0.15,0.1,0.15,0.1
3947,3947,Sant,06,Bistriţa-năsăud,0.15,0.15,0.1,0.15,0.1
3948,3948,Santa Mare,07,Botoşani,0.15,0.15,0.1,0.15,0.1
3949,3949,Santău,32,Satu Mare,0.15,0.15,0.1,0.15,0.1
3950,3950,Saraiu,,Constanta,0.15,0.15,0.1,0.15,0.1
3951,3951,Sarasău,25,Maramureş,0.15,0.15,0.1,0.15,0.1
3952,3952,Saravale,36,Timiş,0.15,0.15,0.1,0.15,0.1
3953,3953,Sarichioi,37,Tulcea,0.15,0.15,0.1,0.15,0.1
3954,3954,Sarighiol de Deal,37,Tulcea,0.15,0.15,0.1,0.15,0.1
3955,3955,Sarinasuf,37,Tulcea,0.15,0.15,0.1,0.15,0.1
3956,3956,Sarmizegetusa,21,Hunedoara,0.15,0.15,0.1,0.15,0.1
3957,3957,Sasca Mare,34,Suceava,0.15,0.15,0.1,0.15,0.1
3958,3958,Sasca Mică,34,Suceava,0.15,0.15,0.1,0.15,0.1
3959,3959,Sasca Montană,12,Caraş-severin,0.15,0.15,0.1,0.15,0.1
3960,3960,Sasca Română,12,Caraş-severin,0.15,0.15,0.1,0.15,0.1
3961,3961,Saschiz,27,Mureş,0.15,0.15,0.1,0.15,0.1
3962,3962,Sascut,04,Bacău,0.15,0.15,0.1,0.15,0.1
3963,3963,Sascut-Sat,04,Bacău,0.15,0.15,0.1,0.15,0.1
3964,3964,Satchinez,36,Timiş,0.15,0.15,0.1,0.15,0.1
3965,3965,Satnoeni,41,Călăraşi,0.15,0.15,0.1,0.15,0.1
3966,3966,Satu Mare,34,Suceava,0.15,0.15,0.1,0.15,0.1
3967,3967,Satu Mare,32,Satu Mare,0.15,0.15,0.1,0.15,0.1
3968,3968,Satu Mare,20,Harghita,0.15,0.15,0.1,0.15,0.1
3969,3969,Satu Mare,02,Arad,0.15,0.15,0.1,0.15,0.1
3970,3970,Satu Nou,37,Tulcea,0.15,0.15,0.1,0.15,0.1
3971,3971,Satu Nou,03,Argeş,0.15,0.15,0.1,0.15,0.1
3972,3972,Satu Nou,04,Bacău,0.15,0.15,0.1,0.15,0.1
3973,3973,Satu Nou,40,Vrancea,0.15,0.15,0.1,0.15,0.1
3974,3974,Satu Nou,27,Mureş,0.15,0.15,0.1,0.15,0.1
3975,3975,Satu Nou,,Constanta,0.15,0.15,0.1,0.15,0.1
3976,3976,Satu Nou,16,Dâmboviţa,0.15,0.15,0.1,0.15,0.1
3977,3977,Satu Nou,35,Teleorman,0.15,0.15,0.1,0.15,0.1
3978,3978,Satu Nou,23,Iaşi,0.15,0.15,0.1,0.15,0.1
3979,3979,Satu Nou,06,Bistriţa-năsăud,0.15,0.15,0.1,0.15,0.1
3980,3980,Satu Nou,38,Vaslui,0.15,0.15,0.1,0.15,0.1
3981,3981,Satu Nou,02,Arad,0.15,0.15,0.1,0.15,0.1
3982,3982,Satu Nou de Jos,25,Maramureş,0.15,0.15,0.1,0.15,0.1
3983,3983,Satulung,25,Maramureş,0.15,0.15,0.1,0.15,0.1
3984,3984,Sauca,38,Vaslui,0.15,0.15,0.1,0.15,0.1
3985,3985,Scheia,23,Iaşi,0.15,0.15,0.1,0.15,0.1
3986,3986,Scheia,34,Suceava,0.15,0.15,0.1,0.15,0.1
3987,3987,Scheiu de Jos,16,Dâmboviţa,0.15,0.15,0.1,0.15,0.1
3988,3988,Scheiu de Sus,16,Dâmboviţa,0.15,0.15,0.1,0.15,0.1
3989,3989,Schela,18,Galaţi,0.15,0.15,0.1,0.15,0.1
3990,3990,Schela,30,Prahova,0.15,0.15,0.1,0.15,0.1
3991,3991,Schela,16,Dâmboviţa,0.15,0.15,0.1,0.15,0.1
3992,3992,Schineni,04,Bacău,0.15,0.15,0.1,0.15,0.1
3993,3993,Schineni,38,Vaslui,0.15,0.15,0.1,0.15,0.1
3994,3994,Schitu,29,Olt,0.15,0.15,0.1,0.15,0.1
3995,3995,Schitu,42,Giurgiu,0.15,0.15,0.1,0.15,0.1
3996,3996,Schitu,,Constanta,0.15,0.15,0.1,0.15,0.1
3997,3997,Schitu Frumoasa,04,Bacău,0.15,0.15,0.1,0.15,0.1
3998,3998,Schitu Poienari,35,Teleorman,0.15,0.15,0.1,0.15,0.1
3999,3999,Scoarţa,19,Gorj,0.15,0.15,0.1,0.15,0.1
4000,4000,Scobinţi,23,Iaşi,0.15,0.15,0.1,0.15,0.1
4001,4001,Scoposeni,23,Iaşi,0.15,0.15,0.1,0.15,0.1
4002,4002,Scoreiu,33,Sibiu,0.15,0.15,0.1,0.15,0.1
4003,4003,Scorniceşti,29,Olt,0.15,0.15,0.1,0.15,0.1
4004,4004,Scorţaru Nou,08,Brăila,0.15,0.15,0.1,0.15,0.1
4005,4005,Scorţeni,04,Bacău,0.15,0.15,0.1,0.15,0.1
4006,4006,Scorţeni,30,Prahova,0.15,0.15,0.1,0.15,0.1
4007,4007,Scorţoasa,11,Buzău,0.15,0.15,0.1,0.15,0.1
4008,4008,Scrioaştea,35,Teleorman,0.15,0.15,0.1,0.15,0.1
4009,4009,Sculia,36,Timiş,0.15,0.15,0.1,0.15,0.1
4010,4010,Scundu,39,Vâlcea,0.15,0.15,0.1,0.15,0.1
4011,4011,Scurta,04,Bacău,0.15,0.15,0.1,0.15,0.1
4012,4012,Scurtu Mare,35,Teleorman,0.15,0.15,0.1,0.15,0.1
4013,4013,Scutelnici,11,Buzău,0.15,0.15,0.1,0.15,0.1
4014,4014,Scânteia,23,Iaşi,0.15,0.15,0.1,0.15,0.1
4015,4015,Scânteia,22,Ialomiţa,0.15,0.15,0.1,0.15,0.1
4016,4016,Scăeşti,17,Dolj,0.15,0.15,0.1,0.15,0.1
4017,4017,Scăpău,26,Mehedinţi,0.15,0.15,0.1,0.15,0.1
4018,4018,Scărişoara,29,Olt,0.15,0.15,0.1,0.15,0.1
4019,4019,Scărişoara,01,Alba,0.15,0.15,0.1,0.15,0.1
4020,4020,Scăueni,39,Vâlcea,0.15,0.15,0.1,0.15,0.1
4021,4021,Seaca,35,Teleorman,0.15,0.15,0.1,0.15,0.1
4022,4022,Seaca,29,Olt,0.15,0.15,0.1,0.15,0.1
4023,4023,Seaca de Câmp,17,Dolj,0.15,0.15,0.1,0.15,0.1
4024,4024,Seaca de Pădure,17,Dolj,0.15,0.15,0.1,0.15,0.1
4025,4025,Sebeş,01,Alba,0.15,0.15,0.1,0.15,0.1
4026,4026,Sebiş,02,Arad,0.15,0.15,0.1,0.15,0.1
4027,4027,Secara,35,Teleorman,0.15,0.15,0.1,0.15,0.1
4028,4028,Secaş,36,Timiş,0.15,0.15,0.1,0.15,0.1
4029,4029,Seceani,36,Timiş,0.15,0.15,0.1,0.15,0.1
4030,4030,Seciu,30,Prahova,0.15,0.15,0.1,0.15,0.1
4031,4031,Seciurile,19,Gorj,0.15,0.15,0.1,0.15,0.1
4032,4032,Secu,17,Dolj,0.15,0.15,0.1,0.15,0.1
4033,4033,Secu,12,Caraş-severin,0.15,0.15,0.1,0.15,0.1
4034,4034,Secui,17,Dolj,0.15,0.15,0.1,0.15,0.1
4035,4035,Secuieni,20,Harghita,0.15,0.15,0.1,0.15,0.1
4036,4036,Secuieni,04,Bacău,0.15,0.15,0.1,0.15,0.1
4037,4037,Secuieni,,Neamt,0.15,0.15,0.1,0.15,0.1
4038,4038,Secusigiu,02,Arad,0.15,0.15,0.1,0.15,0.1
4039,4039,Secăria,30,Prahova,0.15,0.15,0.1,0.15,0.1
4040,4040,Segarcea,17,Dolj,0.15,0.15,0.1,0.15,0.1
4041,4041,Segarcea-Deal,35,Teleorman,0.15,0.15,0.1,0.15,0.1
4042,4042,Seimeni,,Constanta,0.15,0.15,0.1,0.15,0.1
4043,4043,Seimenii Mici,,Constanta,0.15,0.15,0.1,0.15,0.1
4044,4044,Seini,25,Maramureş,0.15,0.15,0.1,0.15,0.1
4045,4045,Seleuş,02,Arad,0.15,0.15,0.1,0.15,0.1
4046,4046,Semlac,02,Arad,0.15,0.15,0.1,0.15,0.1
4047,4047,Ser,32,Satu Mare,0.15,0.15,0.1,0.15,0.1
4048,4048,Serdanu,16,Dâmboviţa,0.15,0.15,0.1,0.15,0.1
4049,4049,Sfinţeşti,35,Teleorman,0.15,0.15,0.1,0.15,0.1
4050,4050,Sfânta Elena,12,Caraş-severin,0.15,0.15,0.1,0.15,0.1
4051,4051,Sfântu Gheorghe,22,Ialomiţa,0.15,0.15,0.1,0.15,0.1
4052,4052,Sfântu Gheorghe,37,Tulcea,0.15,0.15,0.1,0.15,0.1
4053,4053,Sfântu Gheorghe,15,Covasna,0.15,0.15,0.1,0.15,0.1
4054,4054,Sfârcea,17,Dolj,0.15,0.15,0.1,0.15,0.1
4055,4055,Sibiciu de Jos,11,Buzău,0.15,0.15,0.1,0.15,0.1
4056,4056,Sibiciu de Sus,11,Buzău,0.15,0.15,0.1,0.15,0.1
4057,4057,Sibiu,33,Sibiu,0.15,0.15,0.1,0.15,0.1
4058,4058,Sic,13,Cluj,0.15,0.15,0.1,0.15,0.1
4059,4059,Sicheviţa,12,Caraş-severin,0.15,0.15,0.1,0.15,0.1
4060,4060,Siculeni,20,Harghita,0.15,0.15,0.1,0.15,0.1
4061,4061,Sighetu Marmaţiei,25,Maramureş,0.15,0.15,0.1,0.15,0.1
4062,4062,Sighetu Silvaniei,31,Sălaj,0.15,0.15,0.1,0.15,0.1
4063,4063,Sigmir,06,Bistriţa-năsăud,0.15,0.15,0.1,0.15,0.1
4064,4064,Sihlea,40,Vrancea,0.15,0.15,0.1,0.15,0.1
4065,4065,Silagiu,36,Timiş,0.15,0.15,0.1,0.15,0.1
4066,4066,Silistraru,08,Brăila,0.15,0.15,0.1,0.15,0.1
4067,4067,Siliştea,,Constanta,0.15,0.15,0.1,0.15,0.1
4068,4068,Siliştea,35,Teleorman,0.15,0.15,0.1,0.15,0.1
4069,4069,Siliştea,08,Brăila,0.15,0.15,0.1,0.15,0.1
4070,4070,Siliştea Crucii,17,Dolj,0.15,0.15,0.1,0.15,0.1
4071,4071,Simeria,21,Hunedoara,0.15,0.15,0.1,0.15,0.1
4072,4072,Simila,38,Vaslui,0.15,0.15,0.1,0.15,0.1
4073,4073,Siminicea,34,Suceava,0.15,0.15,0.1,0.15,0.1
4074,4074,Siminoc,,Constanta,0.15,0.15,0.1,0.15,0.1
4075,4075,Sinaia,30,Prahova,0.15,0.15,0.1,0.15,0.1
4076,4076,Sinersig,36,Timiş,0.15,0.15,0.1,0.15,0.1
4077,4077,Sineşti,22,Ialomiţa,0.15,0.15,0.1,0.15,0.1
4078,4078,Sineşti,39,Vâlcea,0.15,0.15,0.1,0.15,0.1
4079,4079,Sineşti,23,Iaşi,0.15,0.15,0.1,0.15,0.1
4080,4080,Singureni,42,Giurgiu,0.15,0.15,0.1,0.15,0.1
4081,4081,Sintea Mare,02,Arad,0.15,0.15,0.1,0.15,0.1
4082,4082,Siret,34,Suceava,0.15,0.15,0.1,0.15,0.1
4083,4083,Siretu,04,Bacău,0.15,0.15,0.1,0.15,0.1
4084,4084,Sireţel,23,Iaşi,0.15,0.15,0.1,0.15,0.1
4085,4085,Sita Buzăului,15,Covasna,0.15,0.15,0.1,0.15,0.1
4086,4086,Sitani,05,Bihor,0.15,0.15,0.1,0.15,0.1
4087,4087,Sitaru,43,Ilfov,0.15,0.15,0.1,0.15,0.1
4088,4088,Sititelec,05,Bihor,0.15,0.15,0.1,0.15,0.1
4089,4089,Slatina,29,Olt,0.15,0.15,0.1,0.15,0.1
4090,4090,Slatina,03,Argeş,0.15,0.15,0.1,0.15,0.1
4091,4091,Slatina,34,Suceava,0.15,0.15,0.1,0.15,0.1
4092,4092,Slatina-Timiş,12,Caraş-severin,0.15,0.15,0.1,0.15,0.1
4093,4093,Slava Cercheză,37,Tulcea,0.15,0.15,0.1,0.15,0.1
4094,4094,Slava Rusă,37,Tulcea,0.15,0.15,0.1,0.15,0.1
4095,4095,Slimnic,40,Vrancea,0.15,0.15,0.1,0.15,0.1
4096,4096,Slimnic,33,Sibiu,0.15,0.15,0.1,0.15,0.1
4097,4097,Slivileşti,19,Gorj,0.15,0.15,0.1,0.15,0.1
4098,4098,Slivna,18,Galaţi,0.15,0.15,0.1,0.15,0.1
4099,4099,Slobozia,23,Iaşi,0.15,0.15,0.1,0.15,0.1
4100,4100,Slobozia,34,Suceava,0.15,0.15,0.1,0.15,0.1
4101,4101,Slobozia,,Neamt,0.15,0.15,0.1,0.15,0.1
4102,4102,Slobozia,22,Ialomiţa,0.15,0.15,0.1,0.15,0.1
4103,4103,Slobozia,19,Gorj,0.15,0.15,0.1,0.15,0.1
4104,4104,Slobozia,03,Argeş,0.15,0.15,0.1,0.15,0.1
4105,4105,Slobozia,04,Bacău,0.15,0.15,0.1,0.15,0.1
4106,4106,Slobozia,42,Giurgiu,0.15,0.15,0.1,0.15,0.1
4107,4107,Slobozia Blăneasa,18,Galaţi,0.15,0.15,0.1,0.15,0.1
4108,4108,Slobozia Bradului,40,Vrancea,0.15,0.15,0.1,0.15,0.1
4109,4109,Slobozia Conachi,18,Galaţi,0.15,0.15,0.1,0.15,0.1
4110,4110,Slobozia Corni,18,Galaţi,0.15,0.15,0.1,0.15,0.1
4111,4111,Slobozia Nouă,04,Bacău,0.15,0.15,0.1,0.15,0.1
4112,4112,Slobozia Sucevei,34,Suceava,0.15,0.15,0.1,0.15,0.1
4113,4113,Slon,30,Prahova,0.15,0.15,0.1,0.15,0.1
4114,4114,Slănic,30,Prahova,0.15,0.15,0.1,0.15,0.1
4115,4115,Slănic,03,Argeş,0.15,0.15,0.1,0.15,0.1
4116,4116,Slănic-Moldova,04,Bacău,0.15,0.15,0.1,0.15,0.1
4117,4117,Slătioara,29,Olt,0.15,0.15,0.1,0.15,0.1
4118,4118,Slătioara,39,Vâlcea,0.15,0.15,0.1,0.15,0.1
4119,4119,Slătioara,34,Suceava,0.15,0.15,0.1,0.15,0.1
4120,4120,Slătioara,25,Maramureş,0.15,0.15,0.1,0.15,0.1
4121,4121,Slătioarele,22,Ialomiţa,0.15,0.15,0.1,0.15,0.1
4122,4122,Slăveni,29,Olt,0.15,0.15,0.1,0.15,0.1
4123,4123,Smeeni,11,Buzău,0.15,0.15,0.1,0.15,0.1
4124,4124,Smeura,03,Argeş,0.15,0.15,0.1,0.15,0.1
4125,4125,Smirna,22,Ialomiţa,0.15,0.15,0.1,0.15,0.1
4126,4126,Smulţi,18,Galaţi,0.15,0.15,0.1,0.15,0.1
4127,4127,Smârdan,07,Botoşani,0.15,0.15,0.1,0.15,0.1
4128,4128,Smârdan,18,Galaţi,0.15,0.15,0.1,0.15,0.1
4129,4129,Smârdan,17,Dolj,0.15,0.15,0.1,0.15,0.1
4130,4130,Smârdan,35,Teleorman,0.15,0.15,0.1,0.15,0.1
4131,4131,Smârdan,11,Buzău,0.15,0.15,0.1,0.15,0.1
4132,4132,Smârdan,37,Tulcea,0.15,0.15,0.1,0.15,0.1
4133,4133,Smârdioasa,35,Teleorman,0.15,0.15,0.1,0.15,0.1
4134,4134,Snagov,43,Ilfov,0.15,0.15,0.1,0.15,0.1
4135,4135,Soca,36,Timiş,0.15,0.15,0.1,0.15,0.1
4136,4136,Socea,,Neamt,0.15,0.15,0.1,0.15,0.1
4137,4137,Soceni,12,Caraş-severin,0.15,0.15,0.1,0.15,0.1
4138,4138,Socetu,35,Teleorman,0.15,0.15,0.1,0.15,0.1
4139,4139,Soci,04,Bacău,0.15,0.15,0.1,0.15,0.1
4140,4140,Soci,,Neamt,0.15,0.15,0.1,0.15,0.1
4141,4141,Soci,23,Iaşi,0.15,0.15,0.1,0.15,0.1
4142,4142,Socodor,02,Arad,0.15,0.15,0.1,0.15,0.1
4143,4143,Socol,12,Caraş-severin,0.15,0.15,0.1,0.15,0.1
4144,4144,Socond,32,Satu Mare,0.15,0.15,0.1,0.15,0.1
4145,4145,Soconzel,32,Satu Mare,0.15,0.15,0.1,0.15,0.1
4146,4146,Socrujeni,07,Botoşani,0.15,0.15,0.1,0.15,0.1
4147,4147,Sodomeni,23,Iaşi,0.15,0.15,0.1,0.15,0.1
4148,4148,Sohatu,41,Călăraşi,0.15,0.15,0.1,0.15,0.1
4149,4149,Sohodol,19,Gorj,0.15,0.15,0.1,0.15,0.1
4150,4150,Sohodol,01,Alba,0.15,0.15,0.1,0.15,0.1
4151,4151,Sohodol,,Brasov,0.15,0.15,0.1,0.15,0.1
4152,4152,Sohodor,04,Bacău,0.15,0.15,0.1,0.15,0.1
4153,4153,Solca,,Neamt,0.15,0.15,0.1,0.15,0.1
4154,4154,Solca,34,Suceava,0.15,0.15,0.1,0.15,0.1
4155,4155,Soleşti,38,Vaslui,0.15,0.15,0.1,0.15,0.1
4156,4156,Solomon,31,Sălaj,0.15,0.15,0.1,0.15,0.1
4157,4157,Solonţ,04,Bacău,0.15,0.15,0.1,0.15,0.1
4158,4158,Solovăstru,27,Mureş,0.15,0.15,0.1,0.15,0.1
4159,4159,Someş-Odorhei,31,Sălaj,0.15,0.15,0.1,0.15,0.1
4160,4160,Somova,37,Tulcea,0.15,0.15,0.1,0.15,0.1
4161,4161,Soporu de Câmpie,13,Cluj,0.15,0.15,0.1,0.15,0.1
4162,4162,Sopot,17,Dolj,0.15,0.15,0.1,0.15,0.1
4163,4163,Soreni,17,Dolj,0.15,0.15,0.1,0.15,0.1
4164,4164,Sovata,27,Mureş,0.15,0.15,0.1,0.15,0.1
4165,4165,Spanţov,41,Călăraşi,0.15,0.15,0.1,0.15,0.1
4166,4166,Spermezeu,06,Bistriţa-năsăud,0.15,0.15,0.1,0.15,0.1
4167,4167,Spineni,23,Iaşi,0.15,0.15,0.1,0.15,0.1
4168,4168,Spinu,39,Vâlcea,0.15,0.15,0.1,0.15,0.1
4169,4169,Spinuş,05,Bihor,0.15,0.15,0.1,0.15,0.1
4170,4170,Spiru Haret,08,Brăila,0.15,0.15,0.1,0.15,0.1
4171,4171,Sprâncenata,29,Olt,0.15,0.15,0.1,0.15,0.1
4172,4172,Spulber,40,Vrancea,0.15,0.15,0.1,0.15,0.1
4173,4173,Spârleni,39,Vâlcea,0.15,0.15,0.1,0.15,0.1
4174,4174,Spătaru,11,Buzău,0.15,0.15,0.1,0.15,0.1
4175,4175,Spătărei,35,Teleorman,0.15,0.15,0.1,0.15,0.1
4176,4176,Stamate,34,Suceava,0.15,0.15,0.1,0.15,0.1
4177,4177,Stamora Germană,36,Timiş,0.15,0.15,0.1,0.15,0.1
4178,4178,Stancea,41,Călăraşi,0.15,0.15,0.1,0.15,0.1
4179,4179,Starchiojd,30,Prahova,0.15,0.15,0.1,0.15,0.1
4180,4180,Stei,05,Bihor,0.15,0.15,0.1,0.15,0.1
4181,4181,Steierdorf,12,Caraş-severin,0.15,0.15,0.1,0.15,0.1
4182,4182,Stejari,19,Gorj,0.15,0.15,0.1,0.15,0.1
4183,4183,Stejaru,30,Prahova,0.15,0.15,0.1,0.15,0.1
4184,4184,Stejaru,,Neamt,0.15,0.15,0.1,0.15,0.1
4185,4185,Stejaru,35,Teleorman,0.15,0.15,0.1,0.15,0.1
4186,4186,Stejaru,42,Giurgiu,0.15,0.15,0.1,0.15,0.1
4187,4187,Stejaru,37,Tulcea,0.15,0.15,0.1,0.15,0.1
4188,4188,Stelnica,22,Ialomiţa,0.15,0.15,0.1,0.15,0.1
4189,4189,Sterpoaia,19,Gorj,0.15,0.15,0.1,0.15,0.1
4190,4190,Sticlăria,23,Iaşi,0.15,0.15,0.1,0.15,0.1
4191,4191,Stoeneşti,39,Vâlcea,0.15,0.15,0.1,0.15,0.1
4192,4192,Stoeneşti,03,Argeş,0.15,0.15,0.1,0.15,0.1
4193,4193,Stoeneşti,42,Giurgiu,0.15,0.15,0.1,0.15,0.1
4194,4194,Stoeneşti,29,Olt,0.15,0.15,0.1,0.15,0.1
4195,4195,Stoicani,18,Galaţi,0.15,0.15,0.1,0.15,0.1
4196,4196,Stoicăneşti,29,Olt,0.15,0.15,0.1,0.15,0.1
4197,4197,Stoileşti,39,Vâlcea,0.15,0.15,0.1,0.15,0.1
4198,4198,Stoina,19,Gorj,0.15,0.15,0.1,0.15,0.1
4199,4199,Stolniceni,39,Vâlcea,0.15,0.15,0.1,0.15,0.1
4200,4200,Stolniceni-Prăjescu,23,Iaşi,0.15,0.15,0.1,0.15,0.1
4201,4201,Stolnici,03,Argeş,0.15,0.15,0.1,0.15,0.1
4202,4202,Storeşti,07,Botoşani,0.15,0.15,0.1,0.15,0.1
4203,4203,Straja,04,Bacău,0.15,0.15,0.1,0.15,0.1
4204,4204,Straja,,Neamt,0.15,0.15,0.1,0.15,0.1
4205,4205,Straja,34,Suceava,0.15,0.15,0.1,0.15,0.1
4206,4206,Strehaia,26,Mehedinţi,0.15,0.15,0.1,0.15,0.1
4207,4207,Streisângeorgiu,21,Hunedoara,0.15,0.15,0.1,0.15,0.1
4208,4208,Strejeşti,29,Olt,0.15,0.15,0.1,0.15,0.1
4209,4209,Strejnicu,30,Prahova,0.15,0.15,0.1,0.15,0.1
4210,4210,Streminoasa,39,Vâlcea,0.15,0.15,0.1,0.15,0.1
4211,4211,Stremţ,01,Alba,0.15,0.15,0.1,0.15,0.1
4212,4212,Strezeni,11,Buzău,0.15,0.15,0.1,0.15,0.1
4213,4213,Stroeşti,39,Vâlcea,0.15,0.15,0.1,0.15,0.1
4214,4214,Strugari,04,Bacău,0.15,0.15,0.1,0.15,0.1
4215,4215,Strunga,23,Iaşi,0.15,0.15,0.1,0.15,0.1
4216,4216,Strâmbeni,03,Argeş,0.15,0.15,0.1,0.15,0.1
4217,4217,Strâmtu,19,Gorj,0.15,0.15,0.1,0.15,0.1
4218,4218,Strâmtura,34,Suceava,0.15,0.15,0.1,0.15,0.1
4219,4219,Strâmtura,25,Maramureş,0.15,0.15,0.1,0.15,0.1
4220,4220,Străoane,40,Vrancea,0.15,0.15,0.1,0.15,0.1
4221,4221,Străteni,07,Botoşani,0.15,0.15,0.1,0.15,0.1
4222,4222,Studina,29,Olt,0.15,0.15,0.1,0.15,0.1
4223,4223,Stulpicani,34,Suceava,0.15,0.15,0.1,0.15,0.1
4224,4224,Stupina,,Constanta,0.15,0.15,0.1,0.15,0.1
4225,4225,Stupărei,39,Vâlcea,0.15,0.15,0.1,0.15,0.1
4226,4226,Stâlpeni,03,Argeş,0.15,0.15,0.1,0.15,0.1
4227,4227,Stâlpu,11,Buzău,0.15,0.15,0.1,0.15,0.1
4228,4228,Stâna,32,Satu Mare,0.15,0.15,0.1,0.15,0.1
4229,4229,Stânca,,Neamt,0.15,0.15,0.1,0.15,0.1
4230,4230,Stânca,34,Suceava,0.15,0.15,0.1,0.15,0.1
4231,4231,Stânca,07,Botoşani,0.15,0.15,0.1,0.15,0.1
4232,4232,Stânceni,27,Mureş,0.15,0.15,0.1,0.15,0.1
4233,4233,Stângăceaua,26,Mehedinţi,0.15,0.15,0.1,0.15,0.1
4234,4234,Stârciu,31,Sălaj,0.15,0.15,0.1,0.15,0.1
4235,4235,Stăncuţa,08,Brăila,0.15,0.15,0.1,0.15,0.1
4236,4236,Stăneşti,42,Giurgiu,0.15,0.15,0.1,0.15,0.1
4237,4237,Stăneşti,19,Gorj,0.15,0.15,0.1,0.15,0.1
4238,4238,Stănija,21,Hunedoara,0.15,0.15,0.1,0.15,0.1
4239,4239,Stănileşti,38,Vaslui,0.15,0.15,0.1,0.15,0.1
4240,4240,Stănişeşti,04,Bacău,0.15,0.15,0.1,0.15,0.1
4241,4241,Stăniţa,,Neamt,0.15,0.15,0.1,0.15,0.1
4242,4242,Stăuceni,07,Botoşani,0.15,0.15,0.1,0.15,0.1
4243,4243,Stăvaru,29,Olt,0.15,0.15,0.1,0.15,0.1
4244,4244,Suatu,13,Cluj,0.15,0.15,0.1,0.15,0.1
4245,4245,Sub Cetate,20,Harghita,0.15,0.15,0.1,0.15,0.1
4246,4246,Subcetate,21,Hunedoara,0.15,0.15,0.1,0.15,0.1
4247,4247,Subcetate,20,Harghita,0.15,0.15,0.1,0.15,0.1
4248,4248,Subpiatră,05,Bihor,0.15,0.15,0.1,0.15,0.1
4249,4249,Suceagu,13,Cluj,0.15,0.15,0.1,0.15,0.1
4250,4250,Suceava,34,Suceava,0.15,0.15,0.1,0.15,0.1
4251,4251,Suceveni,18,Galaţi,0.15,0.15,0.1,0.15,0.1
4252,4252,Suceviţa,34,Suceava,0.15,0.15,0.1,0.15,0.1
4253,4253,Suciu de Jos,25,Maramureş,0.15,0.15,0.1,0.15,0.1
4254,4254,Suciu de Sus,25,Maramureş,0.15,0.15,0.1,0.15,0.1
4255,4255,Sudiţi,22,Ialomiţa,0.15,0.15,0.1,0.15,0.1
4256,4256,Suduleni,16,Dâmboviţa,0.15,0.15,0.1,0.15,0.1
4257,4257,Suhaia,35,Teleorman,0.15,0.15,0.1,0.15,0.1
4258,4258,Suharău,07,Botoşani,0.15,0.15,0.1,0.15,0.1
4259,4259,Suhurlui,18,Galaţi,0.15,0.15,0.1,0.15,0.1
4260,4260,Suiug,05,Bihor,0.15,0.15,0.1,0.15,0.1
4261,4261,Sulina,37,Tulcea,0.15,0.15,0.1,0.15,0.1
4262,4262,Sulta,04,Bacău,0.15,0.15,0.1,0.15,0.1
4263,4263,Sultana,41,Călăraşi,0.15,0.15,0.1,0.15,0.1
4264,4264,Suplac,27,Mureş,0.15,0.15,0.1,0.15,0.1
4265,4265,Suplacu de Barcău,05,Bihor,0.15,0.15,0.1,0.15,0.1
4266,4266,Suplacu de Tinca,05,Bihor,0.15,0.15,0.1,0.15,0.1
4267,4267,Suplai,06,Bistriţa-năsăud,0.15,0.15,0.1,0.15,0.1
4268,4268,Supuru de Jos,32,Satu Mare,0.15,0.15,0.1,0.15,0.1
4269,4269,Suraia,40,Vrancea,0.15,0.15,0.1,0.15,0.1
4270,4270,Surani,30,Prahova,0.15,0.15,0.1,0.15,0.1
4271,4271,Surcea,15,Covasna,0.15,0.15,0.1,0.15,0.1
4272,4272,Surdila-Greci,08,Brăila,0.15,0.15,0.1,0.15,0.1
4273,4273,Surdila-Găiseanca,08,Brăila,0.15,0.15,0.1,0.15,0.1
4274,4274,Surduc,05,Bihor,0.15,0.15,0.1,0.15,0.1
4275,4275,Surduc,31,Sălaj,0.15,0.15,0.1,0.15,0.1
4276,4276,Surducu Mare,12,Caraş-severin,0.15,0.15,0.1,0.15,0.1
4277,4277,Susag,02,Arad,0.15,0.15,0.1,0.15,0.1
4278,4278,Suseni,03,Argeş,0.15,0.15,0.1,0.15,0.1
4279,4279,Suseni,42,Giurgiu,0.15,0.15,0.1,0.15,0.1
4280,4280,Suseni,20,Harghita,0.15,0.15,0.1,0.15,0.1
4281,4281,Suseni,27,Mureş,0.15,0.15,0.1,0.15,0.1
4282,4282,Susenii Bârgăului,06,Bistriţa-năsăud,0.15,0.15,0.1,0.15,0.1
4283,4283,Sviniţa,26,Mehedinţi,0.15,0.15,0.1,0.15,0.1
4284,4284,Sâg,31,Sălaj,0.15,0.15,0.1,0.15,0.1
4285,4285,Sâi,32,Satu Mare,0.15,0.15,0.1,0.15,0.1
4286,4286,Sâmboleni,13,Cluj,0.15,0.15,0.1,0.15,0.1
4287,4287,Sâmbotin,19,Gorj,0.15,0.15,0.1,0.15,0.1
4288,4288,Sâmbureşti,29,Olt,0.15,0.15,0.1,0.15,0.1
4289,4289,Sâmbăta,05,Bihor,0.15,0.15,0.1,0.15,0.1
4290,4290,Sâmbăta Nouă,37,Tulcea,0.15,0.15,0.1,0.15,0.1
4291,4291,Sâmbăta de Jos,,Brasov,0.15,0.15,0.1,0.15,0.1
4292,4292,Sâmbăta de Sus,,Brasov,0.15,0.15,0.1,0.15,0.1
4293,4293,Sâmbăteni,02,Arad,0.15,0.15,0.1,0.15,0.1
4294,4294,Sânandrei,36,Timiş,0.15,0.15,0.1,0.15,0.1
4295,4295,Sânbotin,39,Vâlcea,0.15,0.15,0.1,0.15,0.1
4296,4296,Sâncel,01,Alba,0.15,0.15,0.1,0.15,0.1
4297,4297,Sâncrai,20,Harghita,0.15,0.15,0.1,0.15,0.1
4298,4298,Sâncrai,01,Alba,0.15,0.15,0.1,0.15,0.1
4299,4299,Sâncraiu,13,Cluj,0.15,0.15,0.1,0.15,0.1
4300,4300,Sâncraiu de Mureş,27,Mureş,0.15,0.15,0.1,0.15,0.1
4301,4301,Sâncrăieni,20,Harghita,0.15,0.15,0.1,0.15,0.1
4302,4302,Sândominic,20,Harghita,0.15,0.15,0.1,0.15,0.1
4303,4303,Sângeorge,36,Timiş,0.15,0.15,0.1,0.15,0.1
4304,4304,Sângeorgiu de Mureş,27,Mureş,0.15,0.15,0.1,0.15,0.1
4305,4305,Sângeorgiu de Pădure,27,Mureş,0.15,0.15,0.1,0.15,0.1
4306,4306,Sângeorz-Băi,06,Bistriţa-năsăud,0.15,0.15,0.1,0.15,0.1
4307,4307,Sângeorzu Nou,06,Bistriţa-năsăud,0.15,0.15,0.1,0.15,0.1
4308,4308,Sânger,27,Mureş,0.15,0.15,0.1,0.15,0.1
4309,4309,Sângeru,30,Prahova,0.15,0.15,0.1,0.15,0.1
4310,4310,Sâniob,05,Bihor,0.15,0.15,0.1,0.15,0.1
4311,4311,Sânmartin,02,Arad,0.15,0.15,0.1,0.15,0.1
4312,4312,Sânmartin,20,Harghita,0.15,0.15,0.1,0.15,0.1
4313,4313,Sânmartinu Sârbesc,36,Timiş,0.15,0.15,0.1,0.15,0.1
4314,4314,Sânmihaiu Almaşului,31,Sălaj,0.15,0.15,0.1,0.15,0.1
4315,4315,Sânmihaiu German,36,Timiş,0.15,0.15,0.1,0.15,0.1
4316,4316,Sânmihaiu Român,36,Timiş,0.15,0.15,0.1,0.15,0.1
4317,4317,Sânmihaiu de Câmpie,06,Bistriţa-năsăud,0.15,0.15,0.1,0.15,0.1
4318,4318,Sânmărghita,13,Cluj,0.15,0.15,0.1,0.15,0.1
4319,4319,Sânmărtin,13,Cluj,0.15,0.15,0.1,0.15,0.1
4320,4320,Sânnicoară,13,Cluj,0.15,0.15,0.1,0.15,0.1
4321,4321,Sânnicolau Mare,36,Timiş,0.15,0.15,0.1,0.15,0.1
4322,4322,Sânnicolau Român,05,Bihor,0.15,0.15,0.1,0.15,0.1
4323,4323,Sânnicolau de Munte,05,Bihor,0.15,0.15,0.1,0.15,0.1
4324,4324,Sânpaul,02,Arad,0.15,0.15,0.1,0.15,0.1
4325,4325,Sânpaul,27,Mureş,0.15,0.15,0.1,0.15,0.1
4326,4326,Sânpaul,13,Cluj,0.15,0.15,0.1,0.15,0.1
4327,4327,Sânpetru,,Brasov,0.15,0.15,0.1,0.15,0.1
4328,4328,Sânpetru German,02,Arad,0.15,0.15,0.1,0.15,0.1
4329,4329,Sânpetru Mare,36,Timiş,0.15,0.15,0.1,0.15,0.1
4330,4330,Sânpetru Mic,36,Timiş,0.15,0.15,0.1,0.15,0.1
4331,4331,Sânpetru de Câmpie,27,Mureş,0.15,0.15,0.1,0.15,0.1
4332,4332,Sânsimion,20,Harghita,0.15,0.15,0.1,0.15,0.1
4333,4333,Sântana,02,Arad,0.15,0.15,0.1,0.15,0.1
4334,4334,Sântana de Mureş,27,Mureş,0.15,0.15,0.1,0.15,0.1
4335,4335,Sântandrei,05,Bihor,0.15,0.15,0.1,0.15,0.1
4336,4336,Sântandrei,21,Hunedoara,0.15,0.15,0.1,0.15,0.1
4337,4337,Sântimbru,01,Alba,0.15,0.15,0.1,0.15,0.1
4338,4338,Sântimbru,20,Harghita,0.15,0.15,0.1,0.15,0.1
4339,4339,Sântimreu,05,Bihor,0.15,0.15,0.1,0.15,0.1
4340,4340,Sântioana,27,Mureş,0.15,0.15,0.1,0.15,0.1
4341,4341,Sântioana,13,Cluj,0.15,0.15,0.1,0.15,0.1
4342,4342,Sântion,05,Bihor,0.15,0.15,0.1,0.15,0.1
4343,4343,Sântionlunca,15,Covasna,0.15,0.15,0.1,0.15,0.1
4344,4344,Sântuhalm,21,Hunedoara,0.15,0.15,0.1,0.15,0.1
4345,4345,Sântămăria-Orlea,21,Hunedoara,0.15,0.15,0.1,0.15,0.1
4346,4346,Sânzieni,15,Covasna,0.15,0.15,0.1,0.15,0.1
4347,4347,Sârbeni,35,Teleorman,0.15,0.15,0.1,0.15,0.1
4348,4348,Sârbi,04,Bacău,0.15,0.15,0.1,0.15,0.1
4349,4349,Sârbi,40,Vrancea,0.15,0.15,0.1,0.15,0.1
4350,4350,Sârbi,07,Botoşani,0.15,0.15,0.1,0.15,0.1
4351,4351,Sârbi,21,Hunedoara,0.15,0.15,0.1,0.15,0.1
4352,4352,Sârbi,25,Maramureş,0.15,0.15,0.1,0.15,0.1
4353,4353,Sârbi,05,Bihor,0.15,0.15,0.1,0.15,0.1
4354,4354,Sârbii-Măgura,29,Olt,0.15,0.15,0.1,0.15,0.1
4355,4355,Sârca,23,Iaşi,0.15,0.15,0.1,0.15,0.1
4356,4356,Săbed,27,Mureş,0.15,0.15,0.1,0.15,0.1
4357,4357,Săbolciu,05,Bihor,0.15,0.15,0.1,0.15,0.1
4358,4358,Săbăoani,,Neamt,0.15,0.15,0.1,0.15,0.1
4359,4359,Săbăreni,42,Giurgiu,0.15,0.15,0.1,0.15,0.1
4360,4360,Săcel,20,Harghita,0.15,0.15,0.1,0.15,0.1
4361,4361,Săcel,25,Maramureş,0.15,0.15,0.1,0.15,0.1
4362,4362,Săcel,33,Sibiu,0.15,0.15,0.1,0.15,0.1
4363,4363,Săcel,21,Hunedoara,0.15,0.15,0.1,0.15,0.1
4364,4364,Săcele,,Constanta,0.15,0.15,0.1,0.15,0.1
4365,4365,Săcele,,Brasov,0.15,0.15,0.1,0.15,0.1
4366,4366,Săcelu,19,Gorj,0.15,0.15,0.1,0.15,0.1
4367,4367,Săceni,35,Teleorman,0.15,0.15,0.1,0.15,0.1
4368,4368,Săcueni,16,Dâmboviţa,0.15,0.15,0.1,0.15,0.1
4369,4369,Săcueni,05,Bihor,0.15,0.15,0.1,0.15,0.1
4370,4370,Săcuieu,13,Cluj,0.15,0.15,0.1,0.15,0.1
4371,4371,Săcădat,27,Mureş,0.15,0.15,0.1,0.15,0.1
4372,4372,Săcădat,05,Bihor,0.15,0.15,0.1,0.15,0.1
4373,4373,Săcădate,33,Sibiu,0.15,0.15,0.1,0.15,0.1
4374,4374,Săcălaz,36,Timiş,0.15,0.15,0.1,0.15,0.1
4375,4375,Săcăşeni,32,Satu Mare,0.15,0.15,0.1,0.15,0.1
4376,4376,Săftica,43,Ilfov,0.15,0.15,0.1,0.15,0.1
4377,4377,Săgeata,11,Buzău,0.15,0.15,0.1,0.15,0.1
4378,4378,Săhăteni,11,Buzău,0.15,0.15,0.1,0.15,0.1
4379,4379,Sălacea,05,Bihor,0.15,0.15,0.1,0.15,0.1
4380,4380,Sălard,05,Bihor,0.15,0.15,0.1,0.15,0.1
4381,4381,Sălaşu de Sus,21,Hunedoara,0.15,0.15,0.1,0.15,0.1
4382,4382,Sălceni,38,Vaslui,0.15,0.15,0.1,0.15,0.1
4383,4383,Sălciile,30,Prahova,0.15,0.15,0.1,0.15,0.1
4384,4384,Sălcioara,22,Ialomiţa,0.15,0.15,0.1,0.15,0.1
4385,4385,Sălcioara,16,Dâmboviţa,0.15,0.15,0.1,0.15,0.1
4386,4386,Sălcioara,37,Tulcea,0.15,0.15,0.1,0.15,0.1
4387,4387,Sălcioara,11,Buzău,0.15,0.15,0.1,0.15,0.1
4388,4388,Sălciua de Jos,01,Alba,0.15,0.15,0.1,0.15,0.1
4389,4389,Sălciua de Sus,01,Alba,0.15,0.15,0.1,0.15,0.1
4390,4390,Sălcud,27,Mureş,0.15,0.15,0.1,0.15,0.1
4391,4391,Sălcuţa,17,Dolj,0.15,0.15,0.1,0.15,0.1
4392,4392,Săldăbagiu Mic,05,Bihor,0.15,0.15,0.1,0.15,0.1
4393,4393,Săldăbagiu de Barcău,05,Bihor,0.15,0.15,0.1,0.15,0.1
4394,4394,Săldăbagiu de Munte,05,Bihor,0.15,0.15,0.1,0.15,0.1
4395,4395,Sălişte,33,Sibiu,0.15,0.15,0.1,0.15,0.1
4396,4396,Săliştea de Sus,25,Maramureş,0.15,0.15,0.1,0.15,0.1
4397,4397,Săliştea-Deal,01,Alba,0.15,0.15,0.1,0.15,0.1
4398,4398,Sălsig,25,Maramureş,0.15,0.15,0.1,0.15,0.1
4399,4399,Sălăgeni,34,Suceava,0.15,0.15,0.1,0.15,0.1
4400,4400,Sălăjeni,31,Sălaj,0.15,0.15,0.1,0.15,0.1
4401,4401,Sălătrucel,39,Vâlcea,0.15,0.15,0.1,0.15,0.1
4402,4402,Sălătrucu,03,Argeş,0.15,0.15,0.1,0.15,0.1
4403,4403,Sălăţig,31,Sălaj,0.15,0.15,0.1,0.15,0.1
4404,4404,Sămara,03,Argeş,0.15,0.15,0.1,0.15,0.1
4405,4405,Sănduleni,04,Bacău,0.15,0.15,0.1,0.15,0.1
4406,4406,Sănduleşti,13,Cluj,0.15,0.15,0.1,0.15,0.1
4407,4407,Săpoca,11,Buzău,0.15,0.15,0.1,0.15,0.1
4408,4408,Săpunari,41,Călăraşi,0.15,0.15,0.1,0.15,0.1
4409,4409,Săpânţa,25,Maramureş,0.15,0.15,0.1,0.15,0.1
4410,4410,Sărand,05,Bihor,0.15,0.15,0.1,0.15,0.1
4411,4411,Sărata,04,Bacău,0.15,0.15,0.1,0.15,0.1
4412,4412,Sărata,06,Bistriţa-năsăud,0.15,0.15,0.1,0.15,0.1
4413,4413,Sărata,17,Dolj,0.15,0.15,0.1,0.15,0.1
4414,4414,Sărata-Monteoru,11,Buzău,0.15,0.15,0.1,0.15,0.1
4415,4415,Sărbătoarea,17,Dolj,0.15,0.15,0.1,0.15,0.1
4416,4416,Sările,11,Buzău,0.15,0.15,0.1,0.15,0.1
4417,4417,Sărmaş,20,Harghita,0.15,0.15,0.1,0.15,0.1
4418,4418,Sărmaşu,27,Mureş,0.15,0.15,0.1,0.15,0.1
4419,4419,Săruleşti,41,Călăraşi,0.15,0.15,0.1,0.15,0.1
4420,4420,Săruleşti,11,Buzău,0.15,0.15,0.1,0.15,0.1
4421,4421,Sărăuad,32,Satu Mare,0.15,0.15,0.1,0.15,0.1
4422,4422,Săsar,25,Maramureş,0.15,0.15,0.1,0.15,0.1
4423,4423,Săsarm,06,Bistriţa-năsăud,0.15,0.15,0.1,0.15,0.1
4424,4424,Săsciori,01,Alba,0.15,0.15,0.1,0.15,0.1
4425,4425,Săteni,16,Dâmboviţa,0.15,0.15,0.1,0.15,0.1
4426,4426,Sătmărel,32,Satu Mare,0.15,0.15,0.1,0.15,0.1
4427,4427,Sătuc,08,Brăila,0.15,0.15,0.1,0.15,0.1
4428,4428,Sătuc,11,Buzău,0.15,0.15,0.1,0.15,0.1
4429,4429,Săuca,32,Satu Mare,0.15,0.15,0.1,0.15,0.1
4430,4430,Săucani,05,Bihor,0.15,0.15,0.1,0.15,0.1
4431,4431,Săuleşti,19,Gorj,0.15,0.15,0.1,0.15,0.1
4432,4432,Săveni,07,Botoşani,0.15,0.15,0.1,0.15,0.1
4433,4433,Săveni,23,Iaşi,0.15,0.15,0.1,0.15,0.1
4434,4434,Săveni,22,Ialomiţa,0.15,0.15,0.1,0.15,0.1
4435,4435,Săvineşti,,Neamt,0.15,0.15,0.1,0.15,0.1
4436,4436,Săvârşin,02,Arad,0.15,0.15,0.1,0.15,0.1
4437,4437,Săvădisla,13,Cluj,0.15,0.15,0.1,0.15,0.1
4438,4438,Tabăra,23,Iaşi,0.15,0.15,0.1,0.15,0.1
4439,4439,Talea,30,Prahova,0.15,0.15,0.1,0.15,0.1
4440,4440,Talpa,07,Botoşani,0.15,0.15,0.1,0.15,0.1
4441,4441,Talpa-Bâscoveni,35,Teleorman,0.15,0.15,0.1,0.15,0.1
4442,4442,Talpa-Ogrăzile,35,Teleorman,0.15,0.15,0.1,0.15,0.1
4443,4443,Tamaşi,04,Bacău,0.15,0.15,0.1,0.15,0.1
4444,4444,Tanacu,38,Vaslui,0.15,0.15,0.1,0.15,0.1
4445,4445,Tansa,23,Iaşi,0.15,0.15,0.1,0.15,0.1
4446,4446,Tarcea,05,Bihor,0.15,0.15,0.1,0.15,0.1
4447,4447,Tarcău,,Neamt,0.15,0.15,0.1,0.15,0.1
4448,4448,Tariverde,,Constanta,0.15,0.15,0.1,0.15,0.1
4449,4449,Tarna Mare,34,Suceava,0.15,0.15,0.1,0.15,0.1
4450,4450,Tarna Mare,32,Satu Mare,0.15,0.15,0.1,0.15,0.1
4451,4451,Tauţ,02,Arad,0.15,0.15,0.1,0.15,0.1
4452,4452,Tazlău,,Neamt,0.15,0.15,0.1,0.15,0.1
4453,4453,Taşca,,Neamt,0.15,0.15,0.1,0.15,0.1
4454,4454,Teaca,06,Bistriţa-năsăud,0.15,0.15,0.1,0.15,0.1
4455,4455,Teasc,17,Dolj,0.15,0.15,0.1,0.15,0.1
4456,4456,Techirghiol,,Constanta,0.15,0.15,0.1,0.15,0.1
4457,4457,Tecucelu Sec,18,Galaţi,0.15,0.15,0.1,0.15,0.1
4458,4458,Tecuci,35,Teleorman,0.15,0.15,0.1,0.15,0.1
4459,4459,Tecuci,18,Galaţi,0.15,0.15,0.1,0.15,0.1
4460,4460,Teiu,03,Argeş,0.15,0.15,0.1,0.15,0.1
4461,4461,Teiuş,01,Alba,0.15,0.15,0.1,0.15,0.1
4462,4462,Teişani,30,Prahova,0.15,0.15,0.1,0.15,0.1
4463,4463,Telciu,06,Bistriţa-năsăud,0.15,0.15,0.1,0.15,0.1
4464,4464,Telec,,Neamt,0.15,0.15,0.1,0.15,0.1
4465,4465,Telechia,15,Covasna,0.15,0.15,0.1,0.15,0.1
4466,4466,Telechiu,05,Bihor,0.15,0.15,0.1,0.15,0.1
4467,4467,Telega,30,Prahova,0.15,0.15,0.1,0.15,0.1
4468,4468,Teleormanu,35,Teleorman,0.15,0.15,0.1,0.15,0.1
4469,4469,Teleşti,19,Gorj,0.15,0.15,0.1,0.15,0.1
4470,4470,Teliu,,Brasov,0.15,0.15,0.1,0.15,0.1
4471,4471,Teliucu Inferior,21,Hunedoara,0.15,0.15,0.1,0.15,0.1
4472,4472,Temelia,04,Bacău,0.15,0.15,0.1,0.15,0.1
4473,4473,Tencănău,17,Dolj,0.15,0.15,0.1,0.15,0.1
4474,4474,Terca,11,Buzău,0.15,0.15,0.1,0.15,0.1
4475,4475,Terebeşti,32,Satu Mare,0.15,0.15,0.1,0.15,0.1
4476,4476,Teregova,12,Caraş-severin,0.15,0.15,0.1,0.15,0.1
4477,4477,Teremia Mare,36,Timiş,0.15,0.15,0.1,0.15,0.1
4478,4478,Teremia Mică,36,Timiş,0.15,0.15,0.1,0.15,0.1
4479,4479,Terpeziţa,17,Dolj,0.15,0.15,0.1,0.15,0.1
4480,4480,Tescani,04,Bacău,0.15,0.15,0.1,0.15,0.1
4481,4481,Teslui,29,Olt,0.15,0.15,0.1,0.15,0.1
4482,4482,Teslui,17,Dolj,0.15,0.15,0.1,0.15,0.1
4483,4483,Tetila,19,Gorj,0.15,0.15,0.1,0.15,0.1
4484,4484,Tetoiu,39,Vâlcea,0.15,0.15,0.1,0.15,0.1
4485,4485,Tia Mare,29,Olt,0.15,0.15,0.1,0.15,0.1
4486,4486,Tichileşti,08,Brăila,0.15,0.15,0.1,0.15,0.1
4487,4487,Ticuşu Vechi,,Brasov,0.15,0.15,0.1,0.15,0.1
4488,4488,Ticvaniu Mare,12,Caraş-severin,0.15,0.15,0.1,0.15,0.1
4489,4489,Tigveni,03,Argeş,0.15,0.15,0.1,0.15,0.1
4490,4490,Tiha Bârgăului,06,Bistriţa-năsăud,0.15,0.15,0.1,0.15,0.1
4491,4491,Tihău,31,Sălaj,0.15,0.15,0.1,0.15,0.1
4492,4492,Tileagd,05,Bihor,0.15,0.15,0.1,0.15,0.1
4493,4493,Tilişca,33,Sibiu,0.15,0.15,0.1,0.15,0.1
4494,4494,Timişeşti,,Neamt,0.15,0.15,0.1,0.15,0.1
4495,4495,Timişoara,36,Timiş,0.15,0.15,0.1,0.15,0.1
4496,4496,Tinca,05,Bihor,0.15,0.15,0.1,0.15,0.1
4497,4497,Tinosu,30,Prahova,0.15,0.15,0.1,0.15,0.1
4498,4498,Tinăud,05,Bihor,0.15,0.15,0.1,0.15,0.1
4499,4499,Tiream,32,Satu Mare,0.15,0.15,0.1,0.15,0.1
4500,4500,Tirimia,27,Mureş,0.15,0.15,0.1,0.15,0.1
4501,4501,Tirol,12,Caraş-severin,0.15,0.15,0.1,0.15,0.1
4502,4502,Tisa,30,Prahova,0.15,0.15,0.1,0.15,0.1
4503,4503,Tisa,25,Maramureş,0.15,0.15,0.1,0.15,0.1
4504,4504,Tisa-Silvestri,04,Bacău,0.15,0.15,0.1,0.15,0.1
4505,4505,Tismana,19,Gorj,0.15,0.15,0.1,0.15,0.1
4506,4506,Tisău,11,Buzău,0.15,0.15,0.1,0.15,0.1
4507,4507,Titcov,08,Brăila,0.15,0.15,0.1,0.15,0.1
4508,4508,Titeşti,03,Argeş,0.15,0.15,0.1,0.15,0.1
4509,4509,Titu,16,Dâmboviţa,0.15,0.15,0.1,0.15,0.1
4510,4510,Tiu,17,Dolj,0.15,0.15,0.1,0.15,0.1
4511,4511,Tiur,01,Alba,0.15,0.15,0.1,0.15,0.1
4512,4512,Toaca,27,Mureş,0.15,0.15,0.1,0.15,0.1
4513,4513,Toboliu,05,Bihor,0.15,0.15,0.1,0.15,0.1
4514,4514,Toc,02,Arad,0.15,0.15,0.1,0.15,0.1
4515,4515,Toceni,17,Dolj,0.15,0.15,0.1,0.15,0.1
4516,4516,Tocileni,07,Botoşani,0.15,0.15,0.1,0.15,0.1
4517,4517,Todireni,07,Botoşani,0.15,0.15,0.1,0.15,0.1
4518,4518,Todireşti,38,Vaslui,0.15,0.15,0.1,0.15,0.1
4519,4519,Todireşti,23,Iaşi,0.15,0.15,0.1,0.15,0.1
4520,4520,Todireşti,34,Suceava,0.15,0.15,0.1,0.15,0.1
4521,4521,Toflea,18,Galaţi,0.15,0.15,0.1,0.15,0.1
4522,4522,Tohanu Nou,,Brasov,0.15,0.15,0.1,0.15,0.1
4523,4523,Tomeşti,36,Timiş,0.15,0.15,0.1,0.15,0.1
4524,4524,Tomeşti,21,Hunedoara,0.15,0.15,0.1,0.15,0.1
4525,4525,Tomeşti,23,Iaşi,0.15,0.15,0.1,0.15,0.1
4526,4526,Tomnatic,36,Timiş,0.15,0.15,0.1,0.15,0.1
4527,4527,Tomşani,30,Prahova,0.15,0.15,0.1,0.15,0.1
4528,4528,Tomşani,39,Vâlcea,0.15,0.15,0.1,0.15,0.1
4529,4529,Tonciu,27,Mureş,0.15,0.15,0.1,0.15,0.1
4530,4530,Topa de Sus,05,Bihor,0.15,0.15,0.1,0.15,0.1
4531,4531,Topalu,,Constanta,0.15,0.15,0.1,0.15,0.1
4532,4532,Topana,29,Olt,0.15,0.15,0.1,0.15,0.1
4533,4533,Topile,23,Iaşi,0.15,0.15,0.1,0.15,0.1
4534,4534,Topleţ,12,Caraş-severin,0.15,0.15,0.1,0.15,0.1
4535,4535,Topliceni,11,Buzău,0.15,0.15,0.1,0.15,0.1
4536,4536,Topliţa,21,Hunedoara,0.15,0.15,0.1,0.15,0.1
4537,4537,Topolog,37,Tulcea,0.15,0.15,0.1,0.15,0.1
4538,4538,Topoloveni,03,Argeş,0.15,0.15,0.1,0.15,0.1
4539,4539,Topolovăţu Mare,36,Timiş,0.15,0.15,0.1,0.15,0.1
4540,4540,Toporu,42,Giurgiu,0.15,0.15,0.1,0.15,0.1
4541,4541,Topraisar,,Constanta,0.15,0.15,0.1,0.15,0.1
4542,4542,Tormac,36,Timiş,0.15,0.15,0.1,0.15,0.1
4543,4543,Tortoman,,Constanta,0.15,0.15,0.1,0.15,0.1
4544,4544,Totea,19,Gorj,0.15,0.15,0.1,0.15,0.1
4545,4545,Toteşti,21,Hunedoara,0.15,0.15,0.1,0.15,0.1
4546,4546,Totoi,01,Alba,0.15,0.15,0.1,0.15,0.1
4547,4547,Traian,08,Brăila,0.15,0.15,0.1,0.15,0.1
4548,4548,Traian,04,Bacău,0.15,0.15,0.1,0.15,0.1
4549,4549,Traian,37,Tulcea,0.15,0.15,0.1,0.15,0.1
4550,4550,Traian,26,Mehedinţi,0.15,0.15,0.1,0.15,0.1
4551,4551,Traian,,Neamt,0.15,0.15,0.1,0.15,0.1
4552,4552,Traian,22,Ialomiţa,0.15,0.15,0.1,0.15,0.1
4553,4553,Traian,35,Teleorman,0.15,0.15,0.1,0.15,0.1
4554,4554,Traian,29,Olt,0.15,0.15,0.1,0.15,0.1
4555,4555,Traian Vuia,36,Timiş,0.15,0.15,0.1,0.15,0.1
4556,4556,Trei Sate,27,Mureş,0.15,0.15,0.1,0.15,0.1
4557,4557,Trenu,30,Prahova,0.15,0.15,0.1,0.15,0.1
4558,4558,Trestia,25,Maramureş,0.15,0.15,0.1,0.15,0.1
4559,4559,Trestiana,38,Vaslui,0.15,0.15,0.1,0.15,0.1
4560,4560,Trestieni,42,Giurgiu,0.15,0.15,0.1,0.15,0.1
4561,4561,Trestioara,30,Prahova,0.15,0.15,0.1,0.15,0.1
4562,4562,Trestioara,19,Gorj,0.15,0.15,0.1,0.15,0.1
4563,4563,Treznea,31,Sălaj,0.15,0.15,0.1,0.15,0.1
4564,4564,Tria,05,Bihor,0.15,0.15,0.1,0.15,0.1
4565,4565,Trifeşti,23,Iaşi,0.15,0.15,0.1,0.15,0.1
4566,4566,Trifeşti,,Neamt,0.15,0.15,0.1,0.15,0.1
4567,4567,Trip,32,Satu Mare,0.15,0.15,0.1,0.15,0.1
4568,4568,Tritenii de Jos,13,Cluj,0.15,0.15,0.1,0.15,0.1
4569,4569,Tritenii de Sus,13,Cluj,0.15,0.15,0.1,0.15,0.1
4570,4570,Trivalea-Moşteni,35,Teleorman,0.15,0.15,0.1,0.15,0.1
4571,4571,Troian,39,Vâlcea,0.15,0.15,0.1,0.15,0.1
4572,4572,Troianul,35,Teleorman,0.15,0.15,0.1,0.15,0.1
4573,4573,Tronari,11,Buzău,0.15,0.15,0.1,0.15,0.1
4574,4574,Truşeşti,07,Botoşani,0.15,0.15,0.1,0.15,0.1
4575,4575,Trăisteni,30,Prahova,0.15,0.15,0.1,0.15,0.1
4576,4576,Tudor Vladimirescu,41,Călăraşi,0.15,0.15,0.1,0.15,0.1
4577,4577,Tudor Vladimirescu,07,Botoşani,0.15,0.15,0.1,0.15,0.1
4578,4578,Tudor Vladimirescu,23,Iaşi,0.15,0.15,0.1,0.15,0.1
4579,4579,Tudor Vladimirescu,08,Brăila,0.15,0.15,0.1,0.15,0.1
4580,4580,Tudor Vladimirescu,29,Olt,0.15,0.15,0.1,0.15,0.1
4581,4581,Tudor Vladimirescu,35,Teleorman,0.15,0.15,0.1,0.15,0.1
4582,4582,Tudor Vladimirescu,18,Galaţi,0.15,0.15,0.1,0.15,0.1
4583,4583,Tudora,07,Botoşani,0.15,0.15,0.1,0.15,0.1
4584,4584,Tufeni,29,Olt,0.15,0.15,0.1,0.15,0.1
4585,4585,Tufeni,30,Prahova,0.15,0.15,0.1,0.15,0.1
4586,4586,Tufeşti,08,Brăila,0.15,0.15,0.1,0.15,0.1
4587,4587,Tulca,05,Bihor,0.15,0.15,0.1,0.15,0.1
4588,4588,Tulcea,37,Tulcea,0.15,0.15,0.1,0.15,0.1
4589,4589,Tulgheş,20,Harghita,0.15,0.15,0.1,0.15,0.1
4590,4590,Tulnici,40,Vrancea,0.15,0.15,0.1,0.15,0.1
4591,4591,Tuluceşti,18,Galaţi,0.15,0.15,0.1,0.15,0.1
4592,4592,Tunari,43,Ilfov,0.15,0.15,0.1,0.15,0.1
4593,4593,Tunarii Noi,17,Dolj,0.15,0.15,0.1,0.15,0.1
4594,4594,Tungujei,23,Iaşi,0.15,0.15,0.1,0.15,0.1
4595,4595,Tupilaţi,,Neamt,0.15,0.15,0.1,0.15,0.1
4596,4596,Tur,32,Satu Mare,0.15,0.15,0.1,0.15,0.1
4597,4597,Turburea,19,Gorj,0.15,0.15,0.1,0.15,0.1
4598,4598,Turceni,19,Gorj,0.15,0.15,0.1,0.15,0.1
4599,4599,Turcineşti,19,Gorj,0.15,0.15,0.1,0.15,0.1
4600,4600,Turcoaia,37,Tulcea,0.15,0.15,0.1,0.15,0.1
4601,4601,Turda,13,Cluj,0.15,0.15,0.1,0.15,0.1
4602,4602,Turda,37,Tulcea,0.15,0.15,0.1,0.15,0.1
4603,4603,Turdaş,21,Hunedoara,0.15,0.15,0.1,0.15,0.1
4604,4604,Turea,13,Cluj,0.15,0.15,0.1,0.15,0.1
4605,4605,Tureac,06,Bistriţa-năsăud,0.15,0.15,0.1,0.15,0.1
4606,4606,Tureni,13,Cluj,0.15,0.15,0.1,0.15,0.1
4607,4607,Turia,15,Covasna,0.15,0.15,0.1,0.15,0.1
4608,4608,Turia,29,Olt,0.15,0.15,0.1,0.15,0.1
4609,4609,Turluianu,04,Bacău,0.15,0.15,0.1,0.15,0.1
4610,4610,Turnu,02,Arad,0.15,0.15,0.1,0.15,0.1
4611,4611,Turnu Măgurele,35,Teleorman,0.15,0.15,0.1,0.15,0.1
4612,4612,Turnu Roşu,33,Sibiu,0.15,0.15,0.1,0.15,0.1
4613,4613,Turnu Ruieni,12,Caraş-severin,0.15,0.15,0.1,0.15,0.1
4614,4614,Turulung,32,Satu Mare,0.15,0.15,0.1,0.15,0.1
4615,4615,Turţ,32,Satu Mare,0.15,0.15,0.1,0.15,0.1
4616,4616,Tusa,31,Sălaj,0.15,0.15,0.1,0.15,0.1
4617,4617,Tuta,04,Bacău,0.15,0.15,0.1,0.15,0.1
4618,4618,Tutana,03,Argeş,0.15,0.15,0.1,0.15,0.1
4619,4619,Tutova,38,Vaslui,0.15,0.15,0.1,0.15,0.1
4620,4620,Tuzla,,Constanta,0.15,0.15,0.1,0.15,0.1
4621,4621,Tuşnad,20,Harghita,0.15,0.15,0.1,0.15,0.1
4622,4622,Tâmboeşti,40,Vrancea,0.15,0.15,0.1,0.15,0.1
4623,4623,Tâmna,26,Mehedinţi,0.15,0.15,0.1,0.15,0.1
4624,4624,Tâmpa,21,Hunedoara,0.15,0.15,0.1,0.15,0.1
4625,4625,Tânganu,43,Ilfov,0.15,0.15,0.1,0.15,0.1
4626,4626,Tântava,42,Giurgiu,0.15,0.15,0.1,0.15,0.1
4627,4627,Târgovişte,16,Dâmboviţa,0.15,0.15,0.1,0.15,0.1
4628,4628,Târgu Bujor,18,Galaţi,0.15,0.15,0.1,0.15,0.1
4629,4629,Târgu Cărbuneşti,19,Gorj,0.15,0.15,0.1,0.15,0.1
4630,4630,Târgu Frumos,23,Iaşi,0.15,0.15,0.1,0.15,0.1
4631,4631,Târgu Jiu,19,Gorj,0.15,0.15,0.1,0.15,0.1
4632,4632,Târgu Lăpuş,25,Maramureş,0.15,0.15,0.1,0.15,0.1
4633,4633,Târgu Neamţ,,Neamt,0.15,0.15,0.1,0.15,0.1
4634,4634,Târgu Ocna,04,Bacău,0.15,0.15,0.1,0.15,0.1
4635,4635,Târgu Secuiesc,15,Covasna,0.15,0.15,0.1,0.15,0.1
4636,4636,Târgu Trotuş,04,Bacău,0.15,0.15,0.1,0.15,0.1
4637,4637,Târguşor,,Constanta,0.15,0.15,0.1,0.15,0.1
4638,4638,Târgşoru Vechi,30,Prahova,0.15,0.15,0.1,0.15,0.1
4639,4639,Târlele Filiu,08,Brăila,0.15,0.15,0.1,0.15,0.1
4640,4640,Târlişua,06,Bistriţa-năsăud,0.15,0.15,0.1,0.15,0.1
4641,4641,Târnava,33,Sibiu,0.15,0.15,0.1,0.15,0.1
4642,4642,Târnava,35,Teleorman,0.15,0.15,0.1,0.15,0.1
4643,4643,Târnova,12,Caraş-severin,0.15,0.15,0.1,0.15,0.1
4644,4644,Târnova,02,Arad,0.15,0.15,0.1,0.15,0.1
4645,4645,Târnăveni,27,Mureş,0.15,0.15,0.1,0.15,0.1
4646,4646,Târzia,,Neamt,0.15,0.15,0.1,0.15,0.1
4647,4647,Târzii,38,Vaslui,0.15,0.15,0.1,0.15,0.1
4648,4648,Târşolţ,32,Satu Mare,0.15,0.15,0.1,0.15,0.1
4649,4649,Tăcuta,38,Vaslui,0.15,0.15,0.1,0.15,0.1
4650,4650,Tăgădău,02,Arad,0.15,0.15,0.1,0.15,0.1
4651,4651,Tălagiu,02,Arad,0.15,0.15,0.1,0.15,0.1
4652,4652,Tălmaciu,33,Sibiu,0.15,0.15,0.1,0.15,0.1
4653,4653,Tălmăcel,33,Sibiu,0.15,0.15,0.1,0.15,0.1
4654,4654,Tălpigi,18,Galaţi,0.15,0.15,0.1,0.15,0.1
4655,4655,Tămaia,25,Maramureş,0.15,0.15,0.1,0.15,0.1
4656,4656,Tămădău Mare,41,Călăraşi,0.15,0.15,0.1,0.15,0.1
4657,4657,Tămăoani,18,Galaţi,0.15,0.15,0.1,0.15,0.1
4658,4658,Tămăşeni,,Neamt,0.15,0.15,0.1,0.15,0.1
4659,4659,Tănăsoaia,40,Vrancea,0.15,0.15,0.1,0.15,0.1
4660,4660,Tărcaia,05,Bihor,0.15,0.15,0.1,0.15,0.1
4661,4661,Tăriceni,30,Prahova,0.15,0.15,0.1,0.15,0.1
4662,4662,Tărlungeni,,Brasov,0.15,0.15,0.1,0.15,0.1
4663,4663,Tărpiu,06,Bistriţa-năsăud,0.15,0.15,0.1,0.15,0.1
4664,4664,Tărtăria,01,Alba,0.15,0.15,0.1,0.15,0.1
4665,4665,Tărtăşeşti,16,Dâmboviţa,0.15,0.15,0.1,0.15,0.1
4666,4666,Tătarca,18,Galaţi,0.15,0.15,0.1,0.15,0.1
4667,4667,Tătaru,30,Prahova,0.15,0.15,0.1,0.15,0.1
4668,4668,Tătaru,08,Brăila,0.15,0.15,0.1,0.15,0.1
4669,4669,Tătaru,40,Vrancea,0.15,0.15,0.1,0.15,0.1
4670,4670,Tătaru,,Constanta,0.15,0.15,0.1,0.15,0.1
4671,4671,Tătuleşti,29,Olt,0.15,0.15,0.1,0.15,0.1
4672,4672,Tătârlaua,01,Alba,0.15,0.15,0.1,0.15,0.1
4673,4673,Tătărani,30,Prahova,0.15,0.15,0.1,0.15,0.1
4674,4674,Tătărani,16,Dâmboviţa,0.15,0.15,0.1,0.15,0.1
4675,4675,Tătăranu,40,Vrancea,0.15,0.15,0.1,0.15,0.1
4676,4676,Tătăruşi,23,Iaşi,0.15,0.15,0.1,0.15,0.1
4677,4677,Tătărăi,30,Prahova,0.15,0.15,0.1,0.15,0.1
4678,4678,Tătărăni,38,Vaslui,0.15,0.15,0.1,0.15,0.1
4679,4679,Tău,01,Alba,0.15,0.15,0.1,0.15,0.1
4680,4680,Tăure,06,Bistriţa-năsăud,0.15,0.15,0.1,0.15,0.1
4681,4681,Tăureni,20,Harghita,0.15,0.15,0.1,0.15,0.1
4682,4682,Tăureni,27,Mureş,0.15,0.15,0.1,0.15,0.1
4683,4683,Tăut,05,Bihor,0.15,0.15,0.1,0.15,0.1
4684,4684,Tăuteu,05,Bihor,0.15,0.15,0.1,0.15,0.1
4685,4685,Tăşnad,32,Satu Mare,0.15,0.15,0.1,0.15,0.1
4686,4686,Ucea de Jos,,Brasov,0.15,0.15,0.1,0.15,0.1
4687,4687,Ucea de Sus,,Brasov,0.15,0.15,0.1,0.15,0.1
4688,4688,Uda,03,Argeş,0.15,0.15,0.1,0.15,0.1
4689,4689,Uda,23,Iaşi,0.15,0.15,0.1,0.15,0.1
4690,4690,Uda-Clocociov,35,Teleorman,0.15,0.15,0.1,0.15,0.1
4691,4691,Uda-Paciurea,35,Teleorman,0.15,0.15,0.1,0.15,0.1
4692,4692,Udeni,35,Teleorman,0.15,0.15,0.1,0.15,0.1
4693,4693,Udeni-Zăvoi,03,Argeş,0.15,0.15,0.1,0.15,0.1
4694,4694,Udeşti,34,Suceava,0.15,0.15,0.1,0.15,0.1
4695,4695,Udupu,35,Teleorman,0.15,0.15,0.1,0.15,0.1
4696,4696,Uiasca,03,Argeş,0.15,0.15,0.1,0.15,0.1
4697,4697,Uihei,36,Timiş,0.15,0.15,0.1,0.15,0.1
4698,4698,Uila,27,Mureş,0.15,0.15,0.1,0.15,0.1
4699,4699,Uileacu de Munte,05,Bihor,0.15,0.15,0.1,0.15,0.1
4700,4700,Uioara de Jos,01,Alba,0.15,0.15,0.1,0.15,0.1
4701,4701,Uivar,36,Timiş,0.15,0.15,0.1,0.15,0.1
4702,4702,Ulieşti,16,Dâmboviţa,0.15,0.15,0.1,0.15,0.1
4703,4703,Uliuc,36,Timiş,0.15,0.15,0.1,0.15,0.1
4704,4704,Ulma,34,Suceava,0.15,0.15,0.1,0.15,0.1
4705,4705,Ulmeni,35,Teleorman,0.15,0.15,0.1,0.15,0.1
4706,4706,Ulmeni,41,Călăraşi,0.15,0.15,0.1,0.15,0.1
4707,4707,Ulmeni,11,Buzău,0.15,0.15,0.1,0.15,0.1
4708,4708,Ulmeni,25,Maramureş,0.15,0.15,0.1,0.15,0.1
4709,4709,Ulmi,42,Giurgiu,0.15,0.15,0.1,0.15,0.1
4710,4710,Ulmi,23,Iaşi,0.15,0.15,0.1,0.15,0.1
4711,4711,Ulmi,29,Olt,0.15,0.15,0.1,0.15,0.1
4712,4712,Ulmi,16,Dâmboviţa,0.15,0.15,0.1,0.15,0.1
4713,4713,Ulmu,41,Călăraşi,0.15,0.15,0.1,0.15,0.1
4714,4714,Ulmu,08,Brăila,0.15,0.15,0.1,0.15,0.1
4715,4715,Umbrăreşti,18,Galaţi,0.15,0.15,0.1,0.15,0.1
4716,4716,Ungheni,,Neamt,0.15,0.15,0.1,0.15,0.1
4717,4717,Ungheni,27,Mureş,0.15,0.15,0.1,0.15,0.1
4718,4718,Ungheni,23,Iaşi,0.15,0.15,0.1,0.15,0.1
4719,4719,Ungheni,03,Argeş,0.15,0.15,0.1,0.15,0.1
4720,4720,Ungra,,Brasov,0.15,0.15,0.1,0.15,0.1
4721,4721,Unguraş,13,Cluj,0.15,0.15,0.1,0.15,0.1
4722,4722,Ungureni,25,Maramureş,0.15,0.15,0.1,0.15,0.1
4723,4723,Ungureni,04,Bacău,0.15,0.15,0.1,0.15,0.1
4724,4724,Ungureni,30,Prahova,0.15,0.15,0.1,0.15,0.1
4725,4725,Ungureni,16,Dâmboviţa,0.15,0.15,0.1,0.15,0.1
4726,4726,Ungureni,18,Galaţi,0.15,0.15,0.1,0.15,0.1
4727,4727,Ungureni,07,Botoşani,0.15,0.15,0.1,0.15,0.1
4728,4728,Unguriu,11,Buzău,0.15,0.15,0.1,0.15,0.1
4729,4729,Unimăt,32,Satu Mare,0.15,0.15,0.1,0.15,0.1
4730,4730,Unirea,17,Dolj,0.15,0.15,0.1,0.15,0.1
4731,4731,Unirea,08,Brăila,0.15,0.15,0.1,0.15,0.1
4732,4732,Unirea,01,Alba,0.15,0.15,0.1,0.15,0.1
4733,4733,Unirea,06,Bistriţa-năsăud,0.15,0.15,0.1,0.15,0.1
4734,4734,Unirea,40,Vrancea,0.15,0.15,0.1,0.15,0.1
4735,4735,Unirea,41,Călăraşi,0.15,0.15,0.1,0.15,0.1
4736,4736,Unţeni,07,Botoşani,0.15,0.15,0.1,0.15,0.1
4737,4737,Urca,13,Cluj,0.15,0.15,0.1,0.15,0.1
4738,4738,Urdari,19,Gorj,0.15,0.15,0.1,0.15,0.1
4739,4739,Urecheni,,Neamt,0.15,0.15,0.1,0.15,0.1
4740,4740,Urecheşti,04,Bacău,0.15,0.15,0.1,0.15,0.1
4741,4741,Urecheşti,40,Vrancea,0.15,0.15,0.1,0.15,0.1
4742,4742,Uricani,21,Hunedoara,0.15,0.15,0.1,0.15,0.1
4743,4743,Uricani,23,Iaşi,0.15,0.15,0.1,0.15,0.1
4744,4744,Urisiu de Sus,27,Mureş,0.15,0.15,0.1,0.15,0.1
4745,4745,Uriu,06,Bistriţa-năsăud,0.15,0.15,0.1,0.15,0.1
4746,4746,Urlaţi,30,Prahova,0.15,0.15,0.1,0.15,0.1
4747,4747,Urleasca,08,Brăila,0.15,0.15,0.1,0.15,0.1
4748,4748,Urleta,30,Prahova,0.15,0.15,0.1,0.15,0.1
4749,4749,Urlucea,03,Argeş,0.15,0.15,0.1,0.15,0.1
4750,4750,Urlueni,03,Argeş,0.15,0.15,0.1,0.15,0.1
4751,4751,Urluiu,35,Teleorman,0.15,0.15,0.1,0.15,0.1
4752,4752,Urmeniş,06,Bistriţa-năsăud,0.15,0.15,0.1,0.15,0.1
4753,4753,Ursa,29,Olt,0.15,0.15,0.1,0.15,0.1
4754,4754,Urseiu,16,Dâmboviţa,0.15,0.15,0.1,0.15,0.1
4755,4755,Urseni,36,Timiş,0.15,0.15,0.1,0.15,0.1
4756,4756,Ursi,39,Vâlcea,0.15,0.15,0.1,0.15,0.1
4757,4757,Ursoaia,29,Olt,0.15,0.15,0.1,0.15,0.1
4758,4758,Ursoaia,19,Gorj,0.15,0.15,0.1,0.15,0.1
4759,4759,Urvind,05,Bihor,0.15,0.15,0.1,0.15,0.1
4760,4760,Urzica,29,Olt,0.15,0.15,0.1,0.15,0.1
4761,4761,Urzica Mare,17,Dolj,0.15,0.15,0.1,0.15,0.1
4762,4762,Urziceanca,16,Dâmboviţa,0.15,0.15,0.1,0.15,0.1
4763,4763,Urziceni,22,Ialomiţa,0.15,0.15,0.1,0.15,0.1
4764,4764,Urziceni,32,Satu Mare,0.15,0.15,0.1,0.15,0.1
4765,4765,Urzicuţa,17,Dolj,0.15,0.15,0.1,0.15,0.1
4766,4766,Ususău,02,Arad,0.15,0.15,0.1,0.15,0.1
4767,4767,Utvin,36,Timiş,0.15,0.15,0.1,0.15,0.1
4768,4768,Uzunu,42,Giurgiu,0.15,0.15,0.1,0.15,0.1
4769,4769,Vad,,Brasov,0.15,0.15,0.1,0.15,0.1
4770,4770,Vad,,Neamt,0.15,0.15,0.1,0.15,0.1
4771,4771,Vad,13,Cluj,0.15,0.15,0.1,0.15,0.1
4772,4772,Vadu,,Constanta,0.15,0.15,0.1,0.15,0.1
4773,4773,Vadu Crişului,05,Bihor,0.15,0.15,0.1,0.15,0.1
4774,4774,Vadu Izei,25,Maramureş,0.15,0.15,0.1,0.15,0.1
4775,4775,Vadu Lat,42,Giurgiu,0.15,0.15,0.1,0.15,0.1
4776,4776,Vadu Moldovei,34,Suceava,0.15,0.15,0.1,0.15,0.1
4777,4777,Vadu Moţilor,01,Alba,0.15,0.15,0.1,0.15,0.1
4778,4778,Vadu Negrilesei,34,Suceava,0.15,0.15,0.1,0.15,0.1
4779,4779,Vadu Paşii,11,Buzău,0.15,0.15,0.1,0.15,0.1
4780,4780,Vadu Părului,30,Prahova,0.15,0.15,0.1,0.15,0.1
4781,4781,Vadu Stanchii,16,Dâmboviţa,0.15,0.15,0.1,0.15,0.1
4782,4782,Vadu Săpat,30,Prahova,0.15,0.15,0.1,0.15,0.1
4783,4783,Vaduri,,Neamt,0.15,0.15,0.1,0.15,0.1
4784,4784,Vaida,05,Bihor,0.15,0.15,0.1,0.15,0.1
4785,4785,Vaideeni,39,Vâlcea,0.15,0.15,0.1,0.15,0.1
4786,4786,Vaidei,21,Hunedoara,0.15,0.15,0.1,0.15,0.1
4787,4787,Valchid,33,Sibiu,0.15,0.15,0.1,0.15,0.1
4788,4788,Valcău de Jos,31,Sălaj,0.15,0.15,0.1,0.15,0.1
4789,4789,Valcău de Sus,31,Sălaj,0.15,0.15,0.1,0.15,0.1
4790,4790,Vale,20,Harghita,0.15,0.15,0.1,0.15,0.1
4791,4791,Valea,19,Gorj,0.15,0.15,0.1,0.15,0.1
4792,4792,Valea,16,Dâmboviţa,0.15,0.15,0.1,0.15,0.1
4793,4793,Valea,27,Mureş,0.15,0.15,0.1,0.15,0.1
4794,4794,Valea Anei,30,Prahova,0.15,0.15,0.1,0.15,0.1
4795,4795,Valea Anilor,26,Mehedinţi,0.15,0.15,0.1,0.15,0.1
4796,4796,Valea Argovei,41,Călăraşi,0.15,0.15,0.1,0.15,0.1
4797,4797,Valea Arini,,Neamt,0.15,0.15,0.1,0.15,0.1
4798,4798,Valea Arinilor,04,Bacău,0.15,0.15,0.1,0.15,0.1
4799,4799,Valea Borcutului,06,Bistriţa-năsăud,0.15,0.15,0.1,0.15,0.1
4800,4800,Valea Borului,30,Prahova,0.15,0.15,0.1,0.15,0.1
4801,4801,Valea Bourei,34,Suceava,0.15,0.15,0.1,0.15,0.1
4802,4802,Valea Bradului,21,Hunedoara,0.15,0.15,0.1,0.15,0.1
4803,4803,Valea Brazilor,03,Argeş,0.15,0.15,0.1,0.15,0.1
4804,4804,Valea Bujorului,42,Giurgiu,0.15,0.15,0.1,0.15,0.1
4805,4805,Valea Bădenilor,03,Argeş,0.15,0.15,0.1,0.15,0.1
4806,4806,Valea Caselor,16,Dâmboviţa,0.15,0.15,0.1,0.15,0.1
4807,4807,Valea Caselor,03,Argeş,0.15,0.15,0.1,0.15,0.1
4808,4808,Valea Cheii,39,Vâlcea,0.15,0.15,0.1,0.15,0.1
4809,4809,Valea Chioarului,25,Maramureş,0.15,0.15,0.1,0.15,0.1
4810,4810,Valea Ciorii,22,Ialomiţa,0.15,0.15,0.1,0.15,0.1
4811,4811,Valea Corbului,03,Argeş,0.15,0.15,0.1,0.15,0.1
4812,4812,Valea Crişului,15,Covasna,0.15,0.15,0.1,0.15,0.1
4813,4813,Valea Cucului,30,Prahova,0.15,0.15,0.1,0.15,0.1
4814,4814,Valea Cufundoasă,25,Maramureş,0.15,0.15,0.1,0.15,0.1
4815,4815,Valea Cânepii,08,Brăila,0.15,0.15,0.1,0.15,0.1
4816,4816,Valea Călugărească,30,Prahova,0.15,0.15,0.1,0.15,0.1
4817,4817,Valea Cătinei,11,Buzău,0.15,0.15,0.1,0.15,0.1
4818,4818,Valea Dacilor,,Constanta,0.15,0.15,0.1,0.15,0.1
4819,4819,Valea Danului,03,Argeş,0.15,0.15,0.1,0.15,0.1
4820,4820,Valea Dragului,42,Giurgiu,0.15,0.15,0.1,0.15,0.1
4821,4821,Valea Dulce,30,Prahova,0.15,0.15,0.1,0.15,0.1
4822,4822,Valea Fântânilor,17,Dolj,0.15,0.15,0.1,0.15,0.1
4823,4823,Valea Glodului,34,Suceava,0.15,0.15,0.1,0.15,0.1
4824,4824,Valea Grecului,38,Vaslui,0.15,0.15,0.1,0.15,0.1
4825,4825,Valea Iaşului,03,Argeş,0.15,0.15,0.1,0.15,0.1
4826,4826,Valea Ierii,13,Cluj,0.15,0.15,0.1,0.15,0.1
4827,4827,Valea Izvoarelor,27,Mureş,0.15,0.15,0.1,0.15,0.1
4828,4828,Valea Largă,30,Prahova,0.15,0.15,0.1,0.15,0.1
4829,4829,Valea Largă,27,Mureş,0.15,0.15,0.1,0.15,0.1
4830,4830,Valea Leurzii,16,Dâmboviţa,0.15,0.15,0.1,0.15,0.1
4831,4831,Valea Lungului,17,Dolj,0.15,0.15,0.1,0.15,0.1
4832,4832,Valea Lungă-Cricov,16,Dâmboviţa,0.15,0.15,0.1,0.15,0.1
4833,4833,Valea Lupului,11,Buzău,0.15,0.15,0.1,0.15,0.1
4834,4834,Valea Lupului,23,Iaşi,0.15,0.15,0.1,0.15,0.1
4835,4835,Valea Mare,15,Covasna,0.15,0.15,0.1,0.15,0.1
4836,4836,Valea Mare,38,Vaslui,0.15,0.15,0.1,0.15,0.1
4837,4837,Valea Mare,39,Vâlcea,0.15,0.15,0.1,0.15,0.1
4838,4838,Valea Mare,29,Olt,0.15,0.15,0.1,0.15,0.1
4839,4839,Valea Mare,16,Dâmboviţa,0.15,0.15,0.1,0.15,0.1
4840,4840,Valea Mare,19,Gorj,0.15,0.15,0.1,0.15,0.1
4841,4841,Valea Mare-Bratia,03,Argeş,0.15,0.15,0.1,0.15,0.1
4842,4842,Valea Mare-Podgoria,03,Argeş,0.15,0.15,0.1,0.15,0.1
4843,4843,Valea Merilor,29,Olt,0.15,0.15,0.1,0.15,0.1
4844,4844,Valea Mică,01,Alba,0.15,0.15,0.1,0.15,0.1
4845,4845,Valea Mică,04,Bacău,0.15,0.15,0.1,0.15,0.1
4846,4846,Valea Moldovei,34,Suceava,0.15,0.15,0.1,0.15,0.1
4847,4847,Valea Mănăstirii,03,Argeş,0.15,0.15,0.1,0.15,0.1
4848,4848,Valea Mărului,18,Galaţi,0.15,0.15,0.1,0.15,0.1
4849,4849,Valea Nandrii,03,Argeş,0.15,0.15,0.1,0.15,0.1
4850,4850,Valea Nicovani,30,Prahova,0.15,0.15,0.1,0.15,0.1
4851,4851,Valea Nucarilor,37,Tulcea,0.15,0.15,0.1,0.15,0.1
4852,4852,Valea Nucului,11,Buzău,0.15,0.15,0.1,0.15,0.1
4853,4853,Valea Oilor,23,Iaşi,0.15,0.15,0.1,0.15,0.1
4854,4854,Valea Pechii,03,Argeş,0.15,0.15,0.1,0.15,0.1
4855,4855,Valea Pietrei,30,Prahova,0.15,0.15,0.1,0.15,0.1
4856,4856,Valea Plopilor,42,Giurgiu,0.15,0.15,0.1,0.15,0.1
4857,4857,Valea Plopului,30,Prahova,0.15,0.15,0.1,0.15,0.1
4858,4858,Valea Pojarului,19,Gorj,0.15,0.15,0.1,0.15,0.1
4859,4859,Valea Popii,30,Prahova,0.15,0.15,0.1,0.15,0.1
4860,4860,Valea Popii,03,Argeş,0.15,0.15,0.1,0.15,0.1
4861,4861,Valea Popii,41,Călăraşi,0.15,0.15,0.1,0.15,0.1
4862,4862,Valea Părului,35,Teleorman,0.15,0.15,0.1,0.15,0.1
4863,4863,Valea Părului,11,Buzău,0.15,0.15,0.1,0.15,0.1
4864,4864,Valea Rece,20,Harghita,0.15,0.15,0.1,0.15,0.1
4865,4865,Valea Râmnicului,11,Buzău,0.15,0.15,0.1,0.15,0.1
4866,4866,Valea Râului,39,Vâlcea,0.15,0.15,0.1,0.15,0.1
4867,4867,Valea Salciei,11,Buzău,0.15,0.15,0.1,0.15,0.1
4868,4868,Valea Satului,23,Iaşi,0.15,0.15,0.1,0.15,0.1
4869,4869,Valea Seacă,15,Covasna,0.15,0.15,0.1,0.15,0.1
4870,4870,Valea Seacă,04,Bacău,0.15,0.15,0.1,0.15,0.1
4871,4871,Valea Seacă,,Neamt,0.15,0.15,0.1,0.15,0.1
4872,4872,Valea Seacă,32,Satu Mare,0.15,0.15,0.1,0.15,0.1
4873,4873,Valea Seacă,23,Iaşi,0.15,0.15,0.1,0.15,0.1
4874,4874,Valea Stanciului,17,Dolj,0.15,0.15,0.1,0.15,0.1
4875,4875,Valea Stejarului,25,Maramureş,0.15,0.15,0.1,0.15,0.1
4876,4876,Valea Strâmbă,20,Harghita,0.15,0.15,0.1,0.15,0.1
4877,4877,Valea Stâlpului,30,Prahova,0.15,0.15,0.1,0.15,0.1
4878,4878,Valea Stânii,41,Călăraşi,0.15,0.15,0.1,0.15,0.1
4879,4879,Valea Stânii,03,Argeş,0.15,0.15,0.1,0.15,0.1
4880,4880,Valea Sălciilor,11,Buzău,0.15,0.15,0.1,0.15,0.1
4881,4881,Valea Sării,40,Vrancea,0.15,0.15,0.1,0.15,0.1
4882,4882,Valea Teilor,37,Tulcea,0.15,0.15,0.1,0.15,0.1
4883,4883,Valea Târsei,30,Prahova,0.15,0.15,0.1,0.15,0.1
4884,4884,Valea Ugra,20,Harghita,0.15,0.15,0.1,0.15,0.1
4885,4885,Valea Ursului,03,Argeş,0.15,0.15,0.1,0.15,0.1
4886,4886,Valea Ursului,,Neamt,0.15,0.15,0.1,0.15,0.1
4887,4887,Valea Ursului,26,Mehedinţi,0.15,0.15,0.1,0.15,0.1
4888,4888,Valea Viei,11,Buzău,0.15,0.15,0.1,0.15,0.1
4889,4889,Valea Viei,19,Gorj,0.15,0.15,0.1,0.15,0.1
4890,4890,Valea Viilor,33,Sibiu,0.15,0.15,0.1,0.15,0.1
4891,4891,Valea Vinului,32,Satu Mare,0.15,0.15,0.1,0.15,0.1
4892,4892,Valea Voievozilor,16,Dâmboviţa,0.15,0.15,0.1,0.15,0.1
4893,4893,Valea de Brazi,21,Hunedoara,0.15,0.15,0.1,0.15,0.1
4894,4894,Valea de Jos,05,Bihor,0.15,0.15,0.1,0.15,0.1
4895,4895,Valea lui Alb,29,Olt,0.15,0.15,0.1,0.15,0.1
4896,4896,Valea lui Darie,38,Vaslui,0.15,0.15,0.1,0.15,0.1
4897,4897,Valea lui Enache,03,Argeş,0.15,0.15,0.1,0.15,0.1
4898,4898,Valea lui Ion,04,Bacău,0.15,0.15,0.1,0.15,0.1
4899,4899,Valea lui Mihai,05,Bihor,0.15,0.15,0.1,0.15,0.1
4900,4900,Valea lui Pătru,17,Dolj,0.15,0.15,0.1,0.15,0.1
4901,4901,Valeapai,12,Caraş-severin,0.15,0.15,0.1,0.15,0.1
4902,4902,Valu lui Traian,,Constanta,0.15,0.15,0.1,0.15,0.1
4903,4903,Vama,32,Satu Mare,0.15,0.15,0.1,0.15,0.1
4904,4904,Vama,34,Suceava,0.15,0.15,0.1,0.15,0.1
4905,4905,Vama Buzăului,,Brasov,0.15,0.15,0.1,0.15,0.1
4906,4906,Var,31,Sălaj,0.15,0.15,0.1,0.15,0.1
4907,4907,Variaş,36,Timiş,0.15,0.15,0.1,0.15,0.1
4908,4908,Varlaam,42,Giurgiu,0.15,0.15,0.1,0.15,0.1
4909,4909,Varlaam,11,Buzău,0.15,0.15,0.1,0.15,0.1
4910,4910,Varviz,05,Bihor,0.15,0.15,0.1,0.15,0.1
4911,4911,Vasilaţi,41,Călăraşi,0.15,0.15,0.1,0.15,0.1
4912,4912,Vasile Alecsandri,37,Tulcea,0.15,0.15,0.1,0.15,0.1
4913,4913,Vasile Alecsandri,18,Galaţi,0.15,0.15,0.1,0.15,0.1
4914,4914,Vaslui,38,Vaslui,0.15,0.15,0.1,0.15,0.1
4915,4915,Vatra Dornei,34,Suceava,0.15,0.15,0.1,0.15,0.1
4916,4916,Vatra Moldoviţei,34,Suceava,0.15,0.15,0.1,0.15,0.1
4917,4917,Vaşcău,05,Bihor,0.15,0.15,0.1,0.15,0.1
4918,4918,Vaţa de Jos,21,Hunedoara,0.15,0.15,0.1,0.15,0.1
4919,4919,Vechea,13,Cluj,0.15,0.15,0.1,0.15,0.1
4920,4920,Vedea,35,Teleorman,0.15,0.15,0.1,0.15,0.1
4921,4921,Vedea,42,Giurgiu,0.15,0.15,0.1,0.15,0.1
4922,4922,Vedea,03,Argeş,0.15,0.15,0.1,0.15,0.1
4923,4923,Vela,17,Dolj,0.15,0.15,0.1,0.15,0.1
4924,4924,Veleni,17,Dolj,0.15,0.15,0.1,0.15,0.1
4925,4925,Verbicioara,17,Dolj,0.15,0.15,0.1,0.15,0.1
4926,4926,Verbiţa,17,Dolj,0.15,0.15,0.1,0.15,0.1
4927,4927,Verdea,39,Vâlcea,0.15,0.15,0.1,0.15,0.1
4928,4928,Verdea,40,Vrancea,0.15,0.15,0.1,0.15,0.1
4929,4929,Verendin,12,Caraş-severin,0.15,0.15,0.1,0.15,0.1
4930,4930,Vereşti,34,Suceava,0.15,0.15,0.1,0.15,0.1
4931,4931,Verguleasa,29,Olt,0.15,0.15,0.1,0.15,0.1
4932,4932,Vermeş,12,Caraş-severin,0.15,0.15,0.1,0.15,0.1
4933,4933,Verneşti,11,Buzău,0.15,0.15,0.1,0.15,0.1
4934,4934,Vetiş,32,Satu Mare,0.15,0.15,0.1,0.15,0.1
4935,4935,Vetrişoaia,38,Vaslui,0.15,0.15,0.1,0.15,0.1
4936,4936,Veza,01,Alba,0.15,0.15,0.1,0.15,0.1
4937,4937,Vezendiu,32,Satu Mare,0.15,0.15,0.1,0.15,0.1
4938,4938,Veţca,27,Mureş,0.15,0.15,0.1,0.15,0.1
4939,4939,Veţel,21,Hunedoara,0.15,0.15,0.1,0.15,0.1
4940,4940,Vicoleni,07,Botoşani,0.15,0.15,0.1,0.15,0.1
4941,4941,Vicovu de Jos,34,Suceava,0.15,0.15,0.1,0.15,0.1
4942,4942,Vicovu de Sus,34,Suceava,0.15,0.15,0.1,0.15,0.1
4943,4943,Victor Vlad Delamarina,36,Timiş,0.15,0.15,0.1,0.15,0.1
4944,4944,Victoria,,Brasov,0.15,0.15,0.1,0.15,0.1
4945,4945,Victoria,08,Brăila,0.15,0.15,0.1,0.15,0.1
4946,4946,Victoria,23,Iaşi,0.15,0.15,0.1,0.15,0.1
4947,4947,Victoria,07,Botoşani,0.15,0.15,0.1,0.15,0.1
4948,4948,Videle,35,Teleorman,0.15,0.15,0.1,0.15,0.1
4949,4949,Vidra,43,Ilfov,0.15,0.15,0.1,0.15,0.1
4950,4950,Vidra,40,Vrancea,0.15,0.15,0.1,0.15,0.1
4951,4951,Vidra,01,Alba,0.15,0.15,0.1,0.15,0.1
4952,4952,Vidrasău,27,Mureş,0.15,0.15,0.1,0.15,0.1
4953,4953,Vieru,42,Giurgiu,0.15,0.15,0.1,0.15,0.1
4954,4954,Viforoasa,27,Mureş,0.15,0.15,0.1,0.15,0.1
4955,4955,Viforâta,16,Dâmboviţa,0.15,0.15,0.1,0.15,0.1
4956,4956,Viile,18,Galaţi,0.15,0.15,0.1,0.15,0.1
4957,4957,Viile,,Constanta,0.15,0.15,0.1,0.15,0.1
4958,4958,Viile Apei,25,Maramureş,0.15,0.15,0.1,0.15,0.1
4959,4959,Viile Satu Mare,32,Satu Mare,0.15,0.15,0.1,0.15,0.1
4960,4960,Viile Tecii,06,Bistriţa-năsăud,0.15,0.15,0.1,0.15,0.1
4961,4961,Viişoara,05,Bihor,0.15,0.15,0.1,0.15,0.1
4962,4962,Viişoara,35,Teleorman,0.15,0.15,0.1,0.15,0.1
4963,4963,Viişoara,13,Cluj,0.15,0.15,0.1,0.15,0.1
4964,4964,Viişoara,27,Mureş,0.15,0.15,0.1,0.15,0.1
4965,4965,Viişoara,,Neamt,0.15,0.15,0.1,0.15,0.1
4966,4966,Viişoara,07,Botoşani,0.15,0.15,0.1,0.15,0.1
4967,4967,Viişoara,38,Vaslui,0.15,0.15,0.1,0.15,0.1
4968,4968,Vima Mică,25,Maramureş,0.15,0.15,0.1,0.15,0.1
4969,4969,Vinderei,38,Vaslui,0.15,0.15,0.1,0.15,0.1
4970,4970,Vinerea,01,Alba,0.15,0.15,0.1,0.15,0.1
4971,4971,Vinga,02,Arad,0.15,0.15,0.1,0.15,0.1
4972,4972,Vingard,01,Alba,0.15,0.15,0.1,0.15,0.1
4973,4973,Vintere,05,Bihor,0.15,0.15,0.1,0.15,0.1
4974,4974,Vintileanca,11,Buzău,0.15,0.15,0.1,0.15,0.1
4975,4975,Vintileasca,40,Vrancea,0.15,0.15,0.1,0.15,0.1
4976,4976,Vintilă Vodă,11,Buzău,0.15,0.15,0.1,0.15,0.1
4977,4977,Vipereşti,11,Buzău,0.15,0.15,0.1,0.15,0.1
4978,4978,Viroaga,,Constanta,0.15,0.15,0.1,0.15,0.1
4979,4979,Visag,36,Timiş,0.15,0.15,0.1,0.15,0.1
4980,4980,Viscri,,Brasov,0.15,0.15,0.1,0.15,0.1
4981,4981,Visterna,37,Tulcea,0.15,0.15,0.1,0.15,0.1
4982,4982,Vistieru,30,Prahova,0.15,0.15,0.1,0.15,0.1
4983,4983,Visuia,06,Bistriţa-năsăud,0.15,0.15,0.1,0.15,0.1
4984,4984,Vitioara de Sus,30,Prahova,0.15,0.15,0.1,0.15,0.1
4985,4985,Vitomireşti,29,Olt,0.15,0.15,0.1,0.15,0.1
4986,4986,Vităneşti,35,Teleorman,0.15,0.15,0.1,0.15,0.1
4987,4987,Viziru,08,Brăila,0.15,0.15,0.1,0.15,0.1
4988,4988,Vişani,08,Brăila,0.15,0.15,0.1,0.15,0.1
4989,4989,Vişeu de Jos,25,Maramureş,0.15,0.15,0.1,0.15,0.1
4990,4990,Vişeu de Sus,25,Maramureş,0.15,0.15,0.1,0.15,0.1
4991,4991,Vişina,29,Olt,0.15,0.15,0.1,0.15,0.1
4992,4992,Vişina,16,Dâmboviţa,0.15,0.15,0.1,0.15,0.1
4993,4993,Vişineşti,16,Dâmboviţa,0.15,0.15,0.1,0.15,0.1
4994,4994,Vlad Ţepeş,41,Călăraşi,0.15,0.15,0.1,0.15,0.1
4995,4995,Vladimir,19,Gorj,0.15,0.15,0.1,0.15,0.1
4996,4996,Vladimirescu,02,Arad,0.15,0.15,0.1,0.15,0.1
4997,4997,Vladnic,04,Bacău,0.15,0.15,0.1,0.15,0.1
4998,4998,Vlaha,13,Cluj,0.15,0.15,0.1,0.15,0.1
4999,4999,Vlahii,,Constanta,0.15,0.15,0.1,0.15,0.1
5000,5000,Vlădaia,26,Mehedinţi,0.15,0.15,0.1,0.15,0.1
5001,5001,Vlădeni,16,Dâmboviţa,0.15,0.15,0.1,0.15,0.1
5002,5002,Vlădeni,07,Botoşani,0.15,0.15,0.1,0.15,0.1
5003,5003,Vlădeni,23,Iaşi,0.15,0.15,0.1,0.15,0.1
5004,5004,Vlădeni,,Brasov,0.15,0.15,0.1,0.15,0.1
5005,5005,Vlădeni,22,Ialomiţa,0.15,0.15,0.1,0.15,0.1
5006,5006,Vlădeni-Deal,07,Botoşani,0.15,0.15,0.1,0.15,0.1
5007,5007,Vlădeşti,18,Galaţi,0.15,0.15,0.1,0.15,0.1
5008,5008,Vlădeşti,39,Vâlcea,0.15,0.15,0.1,0.15,0.1
5009,5009,Vlădila,29,Olt,0.15,0.15,0.1,0.15,0.1
5010,5010,Vlăduceni,39,Vâlcea,0.15,0.15,0.1,0.15,0.1
5011,5011,Vlăduleni,29,Olt,0.15,0.15,0.1,0.15,0.1
5012,5012,Vlăduleni,19,Gorj,0.15,0.15,0.1,0.15,0.1
5013,5013,Vlăhiţa,20,Harghita,0.15,0.15,0.1,0.15,0.1
5014,5014,Vlăsceni,16,Dâmboviţa,0.15,0.15,0.1,0.15,0.1
5015,5015,Vlăsineşti,07,Botoşani,0.15,0.15,0.1,0.15,0.1
5016,5016,Voetin,40,Vrancea,0.15,0.15,0.1,0.15,0.1
5017,5017,Voiceşti,39,Vâlcea,0.15,0.15,0.1,0.15,0.1
5018,5018,Voievoda,35,Teleorman,0.15,0.15,0.1,0.15,0.1
5019,5019,Voievodeasa,34,Suceava,0.15,0.15,0.1,0.15,0.1
5020,5020,Voila,,Brasov,0.15,0.15,0.1,0.15,0.1
5021,5021,Voineasa,29,Olt,0.15,0.15,0.1,0.15,0.1
5022,5022,Voineasa,39,Vâlcea,0.15,0.15,0.1,0.15,0.1
5023,5023,Voineşti,16,Dâmboviţa,0.15,0.15,0.1,0.15,0.1
5024,5024,Voineşti,23,Iaşi,0.15,0.15,0.1,0.15,0.1
5025,5025,Voineşti,38,Vaslui,0.15,0.15,0.1,0.15,0.1
5026,5026,Voislova,12,Caraş-severin,0.15,0.15,0.1,0.15,0.1
5027,5027,Voiteg,36,Timiş,0.15,0.15,0.1,0.15,0.1
5028,5028,Voitinel,34,Suceava,0.15,0.15,0.1,0.15,0.1
5029,5029,Voivodeni,27,Mureş,0.15,0.15,0.1,0.15,0.1
5030,5030,Voivodeni,,Brasov,0.15,0.15,0.1,0.15,0.1
5031,5031,Voivozi,05,Bihor,0.15,0.15,0.1,0.15,0.1
5032,5032,Voloiac,26,Mehedinţi,0.15,0.15,0.1,0.15,0.1
5033,5033,Volovăţ,34,Suceava,0.15,0.15,0.1,0.15,0.1
5034,5034,Voluntari,43,Ilfov,0.15,0.15,0.1,0.15,0.1
5035,5035,Vorniceni,07,Botoşani,0.15,0.15,0.1,0.15,0.1
5036,5036,Vorona,07,Botoşani,0.15,0.15,0.1,0.15,0.1
5037,5037,Vorona Mare,07,Botoşani,0.15,0.15,0.1,0.15,0.1
5038,5038,Voroveni,03,Argeş,0.15,0.15,0.1,0.15,0.1
5039,5039,Vorţa,21,Hunedoara,0.15,0.15,0.1,0.15,0.1
5040,5040,Vrani,12,Caraş-severin,0.15,0.15,0.1,0.15,0.1
5041,5041,Vrata,26,Mehedinţi,0.15,0.15,0.1,0.15,0.1
5042,5042,Vrâncioaia,40,Vrancea,0.15,0.15,0.1,0.15,0.1
5043,5043,Vulcan,,Brasov,0.15,0.15,0.1,0.15,0.1
5044,5044,Vulcan,21,Hunedoara,0.15,0.15,0.1,0.15,0.1
5045,5045,Vulcana de Sus,16,Dâmboviţa,0.15,0.15,0.1,0.15,0.1
5046,5046,Vulcana-Pandele,16,Dâmboviţa,0.15,0.15,0.1,0.15,0.1
5047,5047,Vulcăneasa,40,Vrancea,0.15,0.15,0.1,0.15,0.1
5048,5048,Vulpeni,29,Olt,0.15,0.15,0.1,0.15,0.1
5049,5049,Vultureni,13,Cluj,0.15,0.15,0.1,0.15,0.1
5050,5050,Vultureni,04,Bacău,0.15,0.15,0.1,0.15,0.1
5051,5051,Vultureni,08,Brăila,0.15,0.15,0.1,0.15,0.1
5052,5052,Vultureşti,38,Vaslui,0.15,0.15,0.1,0.15,0.1
5053,5053,Vultureşti,29,Olt,0.15,0.15,0.1,0.15,0.1
5054,5054,Vultureşti,34,Suceava,0.15,0.15,0.1,0.15,0.1
5055,5055,Vulturi,23,Iaşi,0.15,0.15,0.1,0.15,0.1
5056,5056,Vulturu,,Constanta,0.15,0.15,0.1,0.15,0.1
5057,5057,Vulturu,40,Vrancea,0.15,0.15,0.1,0.15,0.1
5058,5058,Vurpăr,33,Sibiu,0.15,0.15,0.1,0.15,0.1
5059,5059,Vurpăr,01,Alba,0.15,0.15,0.1,0.15,0.1
5060,5060,Vutcani,38,Vaslui,0.15,0.15,0.1,0.15,0.1
5061,5061,Vâlcele,04,Bacău,0.15,0.15,0.1,0.15,0.1
5062,5062,Vâlcele,13,Cluj,0.15,0.15,0.1,0.15,0.1
5063,5063,Vâlcele,29,Olt,0.15,0.15,0.1,0.15,0.1
5064,5064,Vâlcele,11,Buzău,0.15,0.15,0.1,0.15,0.1
5065,5065,Vâlcele,15,Covasna,0.15,0.15,0.1,0.15,0.1
5066,5066,Vâlcelele,11,Buzău,0.15,0.15,0.1,0.15,0.1
5067,5067,Vâlcelele,30,Prahova,0.15,0.15,0.1,0.15,0.1
5068,5068,Vâlcelele,41,Călăraşi,0.15,0.15,0.1,0.15,0.1
5069,5069,Vâlcelele de Sus,29,Olt,0.15,0.15,0.1,0.15,0.1
5070,5070,Vâlcăneşti,30,Prahova,0.15,0.15,0.1,0.15,0.1
5071,5071,Vânjuleţ,26,Mehedinţi,0.15,0.15,0.1,0.15,0.1
5072,5072,Vânători,07,Botoşani,0.15,0.15,0.1,0.15,0.1
5073,5073,Vânători,23,Iaşi,0.15,0.15,0.1,0.15,0.1
5074,5074,Vânători,13,Cluj,0.15,0.15,0.1,0.15,0.1
5075,5075,Vânători,27,Mureş,0.15,0.15,0.1,0.15,0.1
5076,5076,Vânători,35,Teleorman,0.15,0.15,0.1,0.15,0.1
5077,5077,Vânători,40,Vrancea,0.15,0.15,0.1,0.15,0.1
5078,5078,Vânători,02,Arad,0.15,0.15,0.1,0.15,0.1
5079,5079,Vânători,18,Galaţi,0.15,0.15,0.1,0.15,0.1
5080,5080,Vânători,26,Mehedinţi,0.15,0.15,0.1,0.15,0.1
5081,5081,Vânători-Neamţ,,Neamt,0.15,0.15,0.1,0.15,0.1
5082,5082,Vânătorii Mari,42,Giurgiu,0.15,0.15,0.1,0.15,0.1
5083,5083,Vânătorii Mici,42,Giurgiu,0.15,0.15,0.1,0.15,0.1
5084,5084,Vârciorog,05,Bihor,0.15,0.15,0.1,0.15,0.1
5085,5085,Vârciorova,12,Caraş-severin,0.15,0.15,0.1,0.15,0.1
5086,5086,Vârfu Câmpului,07,Botoşani,0.15,0.15,0.1,0.15,0.1
5087,5087,Vârfuri,16,Dâmboviţa,0.15,0.15,0.1,0.15,0.1
5088,5088,Vârfurile,02,Arad,0.15,0.15,0.1,0.15,0.1
5089,5089,Vârghiş,15,Covasna,0.15,0.15,0.1,0.15,0.1
5090,5090,Vârlezi,18,Galaţi,0.15,0.15,0.1,0.15,0.1
5091,5091,Vârteju,43,Ilfov,0.15,0.15,0.1,0.15,0.1
5092,5092,Vârteşcoiu,40,Vrancea,0.15,0.15,0.1,0.15,0.1
5093,5093,Vârtoapele de Jos,35,Teleorman,0.15,0.15,0.1,0.15,0.1
5094,5094,Vârtoapele de Sus,35,Teleorman,0.15,0.15,0.1,0.15,0.1
5095,5095,Vârtop,17,Dolj,0.15,0.15,0.1,0.15,0.1
5096,5096,Vârvor,17,Dolj,0.15,0.15,0.1,0.15,0.1
5097,5097,Vârvoru de Jos,17,Dolj,0.15,0.15,0.1,0.15,0.1
5098,5098,Vârşolţ,31,Sălaj,0.15,0.15,0.1,0.15,0.1
5099,5099,Văcarea,03,Argeş,0.15,0.15,0.1,0.15,0.1
5100,5100,Văcarea,19,Gorj,0.15,0.15,0.1,0.15,0.1
5101,5101,Văculeşti,07,Botoşani,0.15,0.15,0.1,0.15,0.1
5102,5102,Văcăreasca,11,Buzău,0.15,0.15,0.1,0.15,0.1
5103,5103,Văcăreni,37,Tulcea,0.15,0.15,0.1,0.15,0.1
5104,5104,Văcăreşti,16,Dâmboviţa,0.15,0.15,0.1,0.15,0.1
5105,5105,Vădastra,29,Olt,0.15,0.15,0.1,0.15,0.1
5106,5106,Vădeni,08,Brăila,0.15,0.15,0.1,0.15,0.1
5107,5107,Vădeni,18,Galaţi,0.15,0.15,0.1,0.15,0.1
5108,5108,Vădurele,,Neamt,0.15,0.15,0.1,0.15,0.1
5109,5109,Vădăstriţa,29,Olt,0.15,0.15,0.1,0.15,0.1
5110,5110,Văgiuleşti,19,Gorj,0.15,0.15,0.1,0.15,0.1
5111,5111,Vălani de Pomezeu,05,Bihor,0.15,0.15,0.1,0.15,0.1
5112,5112,Vălcani,36,Timiş,0.15,0.15,0.1,0.15,0.1
5113,5113,Văleni,38,Vaslui,0.15,0.15,0.1,0.15,0.1
5114,5114,Văleni,29,Olt,0.15,0.15,0.1,0.15,0.1
5115,5115,Văleni,19,Gorj,0.15,0.15,0.1,0.15,0.1
5116,5116,Văleni,04,Bacău,0.15,0.15,0.1,0.15,0.1
5117,5117,Văleni,40,Vrancea,0.15,0.15,0.1,0.15,0.1
5118,5118,Văleni,31,Sălaj,0.15,0.15,0.1,0.15,0.1
5119,5119,Văleni,,Neamt,0.15,0.15,0.1,0.15,0.1
5120,5120,Văleni,03,Argeş,0.15,0.15,0.1,0.15,0.1
5121,5121,Văleni,25,Maramureş,0.15,0.15,0.1,0.15,0.1
5122,5122,Văleni-Podgoria,03,Argeş,0.15,0.15,0.1,0.15,0.1
5123,5123,Vălenii de Munte,30,Prahova,0.15,0.15,0.1,0.15,0.1
5124,5124,Văliug,12,Caraş-severin,0.15,0.15,0.1,0.15,0.1
5125,5125,Vălişoara,21,Hunedoara,0.15,0.15,0.1,0.15,0.1
5126,5126,Văratec,34,Suceava,0.15,0.15,0.1,0.15,0.1
5127,5127,Vărbila,30,Prahova,0.15,0.15,0.1,0.15,0.1
5128,5128,Vărbilău,30,Prahova,0.15,0.15,0.1,0.15,0.1
5129,5129,Vărgata,27,Mureş,0.15,0.15,0.1,0.15,0.1
5130,5130,Vărsătura,40,Vrancea,0.15,0.15,0.1,0.15,0.1
5131,5131,Vărădia,12,Caraş-severin,0.15,0.15,0.1,0.15,0.1
5132,5132,Vărădia de Mureş,02,Arad,0.15,0.15,0.1,0.15,0.1
5133,5133,Vărăşti,42,Giurgiu,0.15,0.15,0.1,0.15,0.1
5134,5134,Vărşag,20,Harghita,0.15,0.15,0.1,0.15,0.1
5135,5135,Vătava,27,Mureş,0.15,0.15,0.1,0.15,0.1
5136,5136,Zaboloteni,23,Iaşi,0.15,0.15,0.1,0.15,0.1
5137,5137,Zagavia,23,Iaşi,0.15,0.15,0.1,0.15,0.1
5138,5138,Zagon,15,Covasna,0.15,0.15,0.1,0.15,0.1
5139,5139,Zagra,06,Bistriţa-năsăud,0.15,0.15,0.1,0.15,0.1
5140,5140,Zagăr,27,Mureş,0.15,0.15,0.1,0.15,0.1
5141,5141,Zahoreni,07,Botoşani,0.15,0.15,0.1,0.15,0.1
5142,5142,Zalha,31,Sălaj,0.15,0.15,0.1,0.15,0.1
5143,5143,Zalhanaua,30,Prahova,0.15,0.15,0.1,0.15,0.1
5144,5144,Zalnoc,31,Sălaj,0.15,0.15,0.1,0.15,0.1
5145,5145,Zalău,31,Sălaj,0.15,0.15,0.1,0.15,0.1
5146,5146,Zam,21,Hunedoara,0.15,0.15,0.1,0.15,0.1
5147,5147,Zamfira,30,Prahova,0.15,0.15,0.1,0.15,0.1
5148,5148,Zamostea,34,Suceava,0.15,0.15,0.1,0.15,0.1
5149,5149,Zau de Câmpie,27,Mureş,0.15,0.15,0.1,0.15,0.1
5150,5150,Zebil,37,Tulcea,0.15,0.15,0.1,0.15,0.1
5151,5151,Zegujani,26,Mehedinţi,0.15,0.15,0.1,0.15,0.1
5152,5152,Zemeş,04,Bacău,0.15,0.15,0.1,0.15,0.1
5153,5153,Zencani,20,Harghita,0.15,0.15,0.1,0.15,0.1
5154,5154,Zerind,02,Arad,0.15,0.15,0.1,0.15,0.1
5155,5155,Zetea,20,Harghita,0.15,0.15,0.1,0.15,0.1
5156,5156,Ziduri,11,Buzău,0.15,0.15,0.1,0.15,0.1
5157,5157,Zidurile,16,Dâmboviţa,0.15,0.15,0.1,0.15,0.1
5158,5158,Zigoneni,03,Argeş,0.15,0.15,0.1,0.15,0.1
5159,5159,Zimandu Nou,02,Arad,0.15,0.15,0.1,0.15,0.1
5160,5160,Zimbor,31,Sălaj,0.15,0.15,0.1,0.15,0.1
5161,5161,Zimnicea,35,Teleorman,0.15,0.15,0.1,0.15,0.1
5162,5162,Zimnicele,35,Teleorman,0.15,0.15,0.1,0.15,0.1
5163,5163,Zizin,,Brasov,0.15,0.15,0.1,0.15,0.1
5164,5164,Zlatna,01,Alba,0.15,0.15,0.1,0.15,0.1
5165,5165,Zlătunoaia,07,Botoşani,0.15,0.15,0.1,0.15,0.1
5166,5166,Zlătărei,39,Vâlcea,0.15,0.15,0.1,0.15,0.1
5167,5167,Zmeu,23,Iaşi,0.15,0.15,0.1,0.15,0.1
5168,5168,Zorile,42,Giurgiu,0.15,0.15,0.1,0.15,0.1
5169,5169,Zorile,12,Caraş-severin,0.15,0.15,0.1,0.15,0.1
5170,5170,Zorile,,Constanta,0.15,0.15,0.1,0.15,0.1
5171,5171,Zorleni,38,Vaslui,0.15,0.15,0.1,0.15,0.1
5172,5172,Zorlenţu Mare,12,Caraş-severin,0.15,0.15,0.1,0.15,0.1
5173,5173,Zurbaua,43,Ilfov,0.15,0.15,0.1,0.15,0.1
5174,5174,Zvoriştea,34,Suceava,0.15,0.15,0.1,0.15,0.1
5175,5175,Zvorsca,17,Dolj,0.15,0.15,0.1,0.15,0.1
5176,5176,Zâmbreasca,35,Teleorman,0.15,0.15,0.1,0.15,0.1
5177,5177,Zăbala,15,Covasna,0.15,0.15,0.1,0.15,0.1
5178,5178,Zăbrani,02,Arad,0.15,0.15,0.1,0.15,0.1
5179,5179,Zăbrătău,15,Covasna,0.15,0.15,0.1,0.15,0.1
5180,5180,Zădăreni,02,Arad,0.15,0.15,0.1,0.15,0.1
5181,5181,Zăgujeni,12,Caraş-severin,0.15,0.15,0.1,0.15,0.1
5182,5182,Zălan,15,Covasna,0.15,0.15,0.1,0.15,0.1
5183,5183,Zăneşti,,Neamt,0.15,0.15,0.1,0.15,0.1
5184,5184,Zănoaga,30,Prahova,0.15,0.15,0.1,0.15,0.1
5185,5185,Zănoaga,17,Dolj,0.15,0.15,0.1,0.15,0.1
5186,5186,Zăpodeni,38,Vaslui,0.15,0.15,0.1,0.15,0.1
5187,5187,Zărand,02,Arad,0.15,0.15,0.1,0.15,0.1
5188,5188,Zărneşti,11,Buzău,0.15,0.15,0.1,0.15,0.1
5189,5189,Zătreni,39,Vâlcea,0.15,0.15,0.1,0.15,0.1
5190,5190,Zăuan,31,Sălaj,0.15,0.15,0.1,0.15,0.1
5191,5191,Zăval,17,Dolj,0.15,0.15,0.1,0.15,0.1
5192,5192,Zăvideni,39,Vâlcea,0.15,0.15,0.1,0.15,0.1
5193,5193,Zăvoaia,08,Brăila,0.15,0.15,0.1,0.15,0.1
5194,5194,Zăvoi,12,Caraş-severin,0.15,0.15,0.1,0.15,0.1
5195,5195,Zăvoiu,16,Dâmboviţa,0.15,0.15,0.1,0.15,0.1
5196,5196,Însurăţei,08,Brăila,0.15,0.15,0.1,0.15,0.1
5197,5197,Întorsura,17,Dolj,0.15,0.15,0.1,0.15,0.1
5198,5198,Întorsura Buzăului,15,Covasna,0.15,0.15,0.1,0.15,0.1
5199,5199,Şag,36,Timiş,0.15,0.15,0.1,0.15,0.1
5200,5200,Şagu,02,Arad,0.15,0.15,0.1,0.15,0.1
5201,5201,Şamşud,31,Sălaj,0.15,0.15,0.1,0.15,0.1
5202,5202,Şandra,36,Timiş,0.15,0.15,0.1,0.15,0.1
5203,5203,Şaru Dornei,34,Suceava,0.15,0.15,0.1,0.15,0.1
5204,5204,Şcheia,23,Iaşi,0.15,0.15,0.1,0.15,0.1
5205,5205,Şeica Mică,33,Sibiu,0.15,0.15,0.1,0.15,0.1
5206,5206,Şeitin,02,Arad,0.15,0.15,0.1,0.15,0.1
5207,5207,Şelaru,16,Dâmboviţa,0.15,0.15,0.1,0.15,0.1
5208,5208,Şelimbăr,33,Sibiu,0.15,0.15,0.1,0.15,0.1
5209,5209,Şendreni,18,Galaţi,0.15,0.15,0.1,0.15,0.1
5210,5210,Şendriceni,07,Botoşani,0.15,0.15,0.1,0.15,0.1
5211,5211,Şerbăneşti,29,Olt,0.15,0.15,0.1,0.15,0.1
5212,5212,Şercaia,,Brasov,0.15,0.15,0.1,0.15,0.1
5213,5213,Şibot,01,Alba,0.15,0.15,0.1,0.15,0.1
5214,5214,Şicula,02,Arad,0.15,0.15,0.1,0.15,0.1
5215,5215,Şieu,06,Bistriţa-năsăud,0.15,0.15,0.1,0.15,0.1
5216,5216,Şieu-Măgheruş,06,Bistriţa-năsăud,0.15,0.15,0.1,0.15,0.1
5217,5217,Şieu-Odorhei,06,Bistriţa-năsăud,0.15,0.15,0.1,0.15,0.1
5218,5218,Şieuţ,06,Bistriţa-năsăud,0.15,0.15,0.1,0.15,0.1
5219,5219,Şilindia,02,Arad,0.15,0.15,0.1,0.15,0.1
5220,5220,Şimand,02,Arad,0.15,0.15,0.1,0.15,0.1
5221,5221,Şimian,26,Mehedinţi,0.15,0.15,0.1,0.15,0.1
5222,5222,Şimian,05,Bihor,0.15,0.15,0.1,0.15,0.1
5223,5223,Şimleu Silvaniei,31,Sălaj,0.15,0.15,0.1,0.15,0.1
5224,5224,Şimnicu de Sus,17,Dolj,0.15,0.15,0.1,0.15,0.1
5225,5225,Şinca Veche,,Brasov,0.15,0.15,0.1,0.15,0.1
5226,5226,Şincai,27,Mureş,0.15,0.15,0.1,0.15,0.1
5227,5227,Şintereag,06,Bistriţa-năsăud,0.15,0.15,0.1,0.15,0.1
5228,5228,Şinteu,05,Bihor,0.15,0.15,0.1,0.15,0.1
5229,5229,Şipote,23,Iaşi,0.15,0.15,0.1,0.15,0.1
5230,5230,Şiria,02,Arad,0.15,0.15,0.1,0.15,0.1
5231,5231,Şirineasa,39,Vâlcea,0.15,0.15,0.1,0.15,0.1
5232,5232,Şirna,30,Prahova,0.15,0.15,0.1,0.15,0.1
5233,5233,Şişeşti,26,Mehedinţi,0.15,0.15,0.1,0.15,0.1
5234,5234,Şiştarovăţ,02,Arad,0.15,0.15,0.1,0.15,0.1
5235,5235,Şoarş,,Brasov,0.15,0.15,0.1,0.15,0.1
5236,5236,Şofronea,02,Arad,0.15,0.15,0.1,0.15,0.1
5237,5237,Şoimari,30,Prahova,0.15,0.15,0.1,0.15,0.1
5238,5238,Şoimi,05,Bihor,0.15,0.15,0.1,0.15,0.1
5239,5239,Şoimuş,21,Hunedoara,0.15,0.15,0.1,0.15,0.1
5240,5240,Şoldanu,41,Călăraşi,0.15,0.15,0.1,0.15,0.1
5241,5241,Şomcuta Mare,25,Maramureş,0.15,0.15,0.1,0.15,0.1
5242,5242,Şona,01,Alba,0.15,0.15,0.1,0.15,0.1
5243,5243,Şopotu Nou,12,Caraş-severin,0.15,0.15,0.1,0.15,0.1
5244,5244,Şopârliţa,29,Olt,0.15,0.15,0.1,0.15,0.1
5245,5245,Şotrile,30,Prahova,0.15,0.15,0.1,0.15,0.1
5246,5246,Şotânga,16,Dâmboviţa,0.15,0.15,0.1,0.15,0.1
5247,5247,Şovarna,26,Mehedinţi,0.15,0.15,0.1,0.15,0.1
5248,5248,Şpring,01,Alba,0.15,0.15,0.1,0.15,0.1
5249,5249,Ştefan Vodă,41,Călăraşi,0.15,0.15,0.1,0.15,0.1
5250,5250,Ştefan cel Mare,,Constanta,0.15,0.15,0.1,0.15,0.1
5251,5251,Ştefan cel Mare,29,Olt,0.15,0.15,0.1,0.15,0.1
5252,5252,Ştefan cel Mare,03,Argeş,0.15,0.15,0.1,0.15,0.1
5253,5253,Ştefan cel Mare,38,Vaslui,0.15,0.15,0.1,0.15,0.1
5254,5254,Ştefan cel Mare,,Neamt,0.15,0.15,0.1,0.15,0.1
5255,5255,Ştefeşti,30,Prahova,0.15,0.15,0.1,0.15,0.1
5256,5256,Ştefăneşti,39,Vâlcea,0.15,0.15,0.1,0.15,0.1
5257,5257,Ştefăneşti,03,Argeş,0.15,0.15,0.1,0.15,0.1
5258,5258,Ştefăneşti-Sat,07,Botoşani,0.15,0.15,0.1,0.15,0.1
5259,5259,Ştefăneştii de Jos,43,Ilfov,0.15,0.15,0.1,0.15,0.1
5260,5260,Ştiubieni,07,Botoşani,0.15,0.15,0.1,0.15,0.1
5261,5261,Ştiuca,36,Timiş,0.15,0.15,0.1,0.15,0.1
5262,5262,Şugag,01,Alba,0.15,0.15,0.1,0.15,0.1
5263,5263,Şuici,03,Argeş,0.15,0.15,0.1,0.15,0.1
5264,5264,Şuletea,38,Vaslui,0.15,0.15,0.1,0.15,0.1
5265,5265,Şuncuiuş,05,Bihor,0.15,0.15,0.1,0.15,0.1
5266,5266,Şura Mare,33,Sibiu,0.15,0.15,0.1,0.15,0.1
5267,5267,Şura Mică,33,Sibiu,0.15,0.15,0.1,0.15,0.1
5268,5268,Şuşani,39,Vâlcea,0.15,0.15,0.1,0.15,0.1
5269,5269,Şuţeşti,08,Brăila,0.15,0.15,0.1,0.15,0.1
5270,5270,Şărmăşag,31,Sălaj,0.15,0.15,0.1,0.15,0.1
5271,5271,Şăulia,27,Mureş,0.15,0.15,0.1,0.15,0.1
5272,5272,Ţaga,13,Cluj,0.15,0.15,0.1,0.15,0.1
5273,5273,Ţepu,18,Galaţi,0.15,0.15,0.1,0.15,0.1
5274,5274,Ţibana,23,Iaşi,0.15,0.15,0.1,0.15,0.1
5275,5275,Ţibucani,,Neamt,0.15,0.15,0.1,0.15,0.1
5276,5276,Ţibăneşti,23,Iaşi,0.15,0.15,0.1,0.15,0.1
5277,5277,Ţicleni,19,Gorj,0.15,0.15,0.1,0.15,0.1
5278,5278,Ţifeşti,40,Vrancea,0.15,0.15,0.1,0.15,0.1
5279,5279,Ţigănaşi,23,Iaşi,0.15,0.15,0.1,0.15,0.1
5280,5280,Ţigăneşti,35,Teleorman,0.15,0.15,0.1,0.15,0.1
5281,5281,Ţinteşti,11,Buzău,0.15,0.15,0.1,0.15,0.1
5282,5282,Ţuglui,17,Dolj,0.15,0.15,0.1,0.15,0.1
5283,5283,Ţuţora,23,Iaşi,0.15,0.15,0.1,0.15,0.1
5284,5284,Ţânţăreni,19,Gorj,0.15,0.15,0.1,0.15,0.1
5285,5285,Ţăndărei,22,Ialomiţa,0.15,0.15,0.1,0.15,0.1
