FIPS_CODE,COUNTY_CODE,COUNTY,ST,STATE,FOOD_INSECURITY,SEVERE_HOUSING_COST_BURDEN,UNEMPLOYED,NO_VEHICLE_ACCESS,UNINSURED
0,0,Abfaltersbach,07,Tirol,0.15,0.15,0.1,0.15,0.1
1,1,Absam,07,Tirol,0.15,0.15,0.1,0.15,0.1
2,2,Absdorf,03,Niederösterreich,0.15,0.15,0.1,0.15,0.1
3,3,Abtenau,05,Salzburg,0.15,0.15,0.1,0.15,0.1
4,4,Abtissendorf,06,Steiermark,0.15,0.15,0.1,0.15,0.1
5,5,Abwinden,04,Oberösterreich,0.15,0.15,0.1,0.15,0.1
6,6,Achau,03,Niederösterreich,0.15,0.15,0.1,0.15,0.1
7,7,Achenkirch,07,Tirol,0.15,0.15,0.1,0.15,0.1
8,8,Aderklaa,03,Niederösterreich,0.15,0.15,0.1,0.15,0.1
9,9,Adlwang,04,Oberösterreich,0.15,0.15,0.1,0.15,0.1
10,10,Admont,06,Steiermark,0.15,0.15,0.1,0.15,0.1
11,11,Adnet,05,Salzburg,0.15,0.15,0.1,0.15,0.1
12,12,Affental,06,Steiermark,0.15,0.15,0.1,0.15,0.1
13,13,Aflenz Kurort,06,Steiermark,0.15,0.15,0.1,0.15,0.1
14,14,Aggsbach,03,Niederösterreich,0.15,0.15,0.1,0.15,0.1
15,15,Ahorn,04,Oberösterreich,0.15,0.15,0.1,0.15,0.1
16,16,Aibl,06,Steiermark,0.15,0.15,0.1,0.15,0.1
17,17,Aich,06,Steiermark,0.15,0.15,0.1,0.15,0.1
18,18,Aichkirchen,04,Oberösterreich,0.15,0.15,0.1,0.15,0.1
19,19,Aigen,05,Salzburg,0.15,0.15,0.1,0.15,0.1
20,20,Aigen im Ennstal,06,Steiermark,0.15,0.15,0.1,0.15,0.1
21,21,Aigen im Mühlkreis,04,Oberösterreich,0.15,0.15,0.1,0.15,0.1
22,22,Ainet,07,Tirol,0.15,0.15,0.1,0.15,0.1
23,23,Aistersheim,04,Oberösterreich,0.15,0.15,0.1,0.15,0.1
24,24,Alberndorf,03,Niederösterreich,0.15,0.15,0.1,0.15,0.1
25,25,Alberndorf in der Riedmark,04,Oberösterreich,0.15,0.15,0.1,0.15,0.1
26,26,Alberschwende,08,Vorarlberg,0.15,0.15,0.1,0.15,0.1
27,27,Albersdorf,06,Steiermark,0.15,0.15,0.1,0.15,0.1
28,28,Aldrans,07,Tirol,0.15,0.15,0.1,0.15,0.1
29,29,Alkoven,04,Oberösterreich,0.15,0.15,0.1,0.15,0.1
30,30,Alland,03,Niederösterreich,0.15,0.15,0.1,0.15,0.1
31,31,Allentsteig,03,Niederösterreich,0.15,0.15,0.1,0.15,0.1
32,32,Allerheiligen,04,Oberösterreich,0.15,0.15,0.1,0.15,0.1
33,33,Allerheiligen bei Wildon,06,Steiermark,0.15,0.15,0.1,0.15,0.1
34,34,Allerheiligen im Mühlkreis,04,Oberösterreich,0.15,0.15,0.1,0.15,0.1
35,35,Allerheiligen im Mürztal,06,Steiermark,0.15,0.15,0.1,0.15,0.1
36,36,Allhaming,04,Oberösterreich,0.15,0.15,0.1,0.15,0.1
37,37,Allhartsberg,03,Niederösterreich,0.15,0.15,0.1,0.15,0.1
38,38,Alpbach,07,Tirol,0.15,0.15,0.1,0.15,0.1
39,39,Alpl,06,Steiermark,0.15,0.15,0.1,0.15,0.1
40,40,Alt Lenzing,04,Oberösterreich,0.15,0.15,0.1,0.15,0.1
41,41,Alt-Dietmanns,03,Niederösterreich,0.15,0.15,0.1,0.15,0.1
42,42,Altach,08,Vorarlberg,0.15,0.15,0.1,0.15,0.1
43,43,Altaussee,06,Steiermark,0.15,0.15,0.1,0.15,0.1
44,44,Altenberg,03,Niederösterreich,0.15,0.15,0.1,0.15,0.1
45,45,Altenberg bei Linz,04,Oberösterreich,0.15,0.15,0.1,0.15,0.1
46,46,Altenburg,03,Niederösterreich,0.15,0.15,0.1,0.15,0.1
47,47,Altendorf,03,Niederösterreich,0.15,0.15,0.1,0.15,0.1
48,48,Altenfelden,04,Oberösterreich,0.15,0.15,0.1,0.15,0.1
49,49,Altenhof am Hausruck,04,Oberösterreich,0.15,0.15,0.1,0.15,0.1
50,50,Altenmarkt an der Triesting,03,Niederösterreich,0.15,0.15,0.1,0.15,0.1
51,51,Altenmarkt bei Fürstenfeld,06,Steiermark,0.15,0.15,0.1,0.15,0.1
52,52,Altenmarkt bei Sankt Gallen,06,Steiermark,0.15,0.15,0.1,0.15,0.1
53,53,Altenmarkt im Pongau,05,Salzburg,0.15,0.15,0.1,0.15,0.1
54,54,Altheim,04,Oberösterreich,0.15,0.15,0.1,0.15,0.1
55,55,Althofen,02,Kärnten,0.15,0.15,0.1,0.15,0.1
56,56,Altlengbach,03,Niederösterreich,0.15,0.15,0.1,0.15,0.1
57,57,Altlichtenberg,04,Oberösterreich,0.15,0.15,0.1,0.15,0.1
58,58,Altlichtenwarth,03,Niederösterreich,0.15,0.15,0.1,0.15,0.1
59,59,Altmelon,03,Niederösterreich,0.15,0.15,0.1,0.15,0.1
60,60,Altmünster,04,Oberösterreich,0.15,0.15,0.1,0.15,0.1
61,61,Altneudörfl,06,Steiermark,0.15,0.15,0.1,0.15,0.1
62,62,Amaliendorf,03,Niederösterreich,0.15,0.15,0.1,0.15,0.1
63,63,Amlach,07,Tirol,0.15,0.15,0.1,0.15,0.1
64,64,Ampass,07,Tirol,0.15,0.15,0.1,0.15,0.1
65,65,Ampflwang,04,Oberösterreich,0.15,0.15,0.1,0.15,0.1
66,66,Amras,07,Tirol,0.15,0.15,0.1,0.15,0.1
67,67,Amstetten,03,Niederösterreich,0.15,0.15,0.1,0.15,0.1
68,68,Andau,01,Burgenland,0.15,0.15,0.1,0.15,0.1
69,69,Andelsbuch,08,Vorarlberg,0.15,0.15,0.1,0.15,0.1
70,70,Andlersdorf,03,Niederösterreich,0.15,0.15,0.1,0.15,0.1
71,71,Andorf,04,Oberösterreich,0.15,0.15,0.1,0.15,0.1
72,72,Andritz,06,Steiermark,0.15,0.15,0.1,0.15,0.1
73,73,Angath,07,Tirol,0.15,0.15,0.1,0.15,0.1
74,74,Anger,05,Salzburg,0.15,0.15,0.1,0.15,0.1
75,75,Anger,06,Steiermark,0.15,0.15,0.1,0.15,0.1
76,76,Angerberg,07,Tirol,0.15,0.15,0.1,0.15,0.1
77,77,Angern an der March,03,Niederösterreich,0.15,0.15,0.1,0.15,0.1
78,78,Anif,05,Salzburg,0.15,0.15,0.1,0.15,0.1
79,79,Annaberg,03,Niederösterreich,0.15,0.15,0.1,0.15,0.1
80,80,Annaberg im Lammertal,05,Salzburg,0.15,0.15,0.1,0.15,0.1
81,81,Annabichl,02,Kärnten,0.15,0.15,0.1,0.15,0.1
82,82,Annenheim,02,Kärnten,0.15,0.15,0.1,0.15,0.1
83,83,Anras,07,Tirol,0.15,0.15,0.1,0.15,0.1
84,84,Ansfelden,04,Oberösterreich,0.15,0.15,0.1,0.15,0.1
85,85,Antau,01,Burgenland,0.15,0.15,0.1,0.15,0.1
86,86,Anthering,05,Salzburg,0.15,0.15,0.1,0.15,0.1
87,87,Antiesenhofen,04,Oberösterreich,0.15,0.15,0.1,0.15,0.1
88,88,Apetlon,01,Burgenland,0.15,0.15,0.1,0.15,0.1
89,89,Apfelberg,06,Steiermark,0.15,0.15,0.1,0.15,0.1
90,90,Arbesbach,03,Niederösterreich,0.15,0.15,0.1,0.15,0.1
91,91,Arbesthal,03,Niederösterreich,0.15,0.15,0.1,0.15,0.1
92,92,Arbing,04,Oberösterreich,0.15,0.15,0.1,0.15,0.1
93,93,Ardagger Markt,03,Niederösterreich,0.15,0.15,0.1,0.15,0.1
94,94,Ardagger Stift,03,Niederösterreich,0.15,0.15,0.1,0.15,0.1
95,95,Ardning,06,Steiermark,0.15,0.15,0.1,0.15,0.1
96,96,Arnfels,06,Steiermark,0.15,0.15,0.1,0.15,0.1
97,97,Arnoldstein,02,Kärnten,0.15,0.15,0.1,0.15,0.1
98,98,Arnreit,04,Oberösterreich,0.15,0.15,0.1,0.15,0.1
99,99,Arriach,02,Kärnten,0.15,0.15,0.1,0.15,0.1
100,100,Arzberg,06,Steiermark,0.15,0.15,0.1,0.15,0.1
101,101,Arzberg,04,Oberösterreich,0.15,0.15,0.1,0.15,0.1
102,102,Arzl,07,Tirol,0.15,0.15,0.1,0.15,0.1
103,103,Arzl im Pitztal,07,Tirol,0.15,0.15,0.1,0.15,0.1
104,104,Aschach an der Donau,04,Oberösterreich,0.15,0.15,0.1,0.15,0.1
105,105,Aschach an der Steyr,04,Oberösterreich,0.15,0.15,0.1,0.15,0.1
106,106,Aschau,07,Tirol,0.15,0.15,0.1,0.15,0.1
107,107,Aspach,04,Oberösterreich,0.15,0.15,0.1,0.15,0.1
108,108,Aspang Markt,03,Niederösterreich,0.15,0.15,0.1,0.15,0.1
109,109,Asparn an der Zaya,03,Niederösterreich,0.15,0.15,0.1,0.15,0.1
110,110,Asperhofen,03,Niederösterreich,0.15,0.15,0.1,0.15,0.1
111,111,Asten,04,Oberösterreich,0.15,0.15,0.1,0.15,0.1
112,112,Attendorf,06,Steiermark,0.15,0.15,0.1,0.15,0.1
113,113,Attersee,04,Oberösterreich,0.15,0.15,0.1,0.15,0.1
114,114,Attnang,04,Oberösterreich,0.15,0.15,0.1,0.15,0.1
115,115,Atzbach,04,Oberösterreich,0.15,0.15,0.1,0.15,0.1
116,116,Atzenbrugg,03,Niederösterreich,0.15,0.15,0.1,0.15,0.1
117,117,Atzesberg,04,Oberösterreich,0.15,0.15,0.1,0.15,0.1
118,118,Atzing,05,Salzburg,0.15,0.15,0.1,0.15,0.1
119,119,Au,05,Salzburg,0.15,0.15,0.1,0.15,0.1
120,120,Au,08,Vorarlberg,0.15,0.15,0.1,0.15,0.1
121,121,Au am Anzbach,03,Niederösterreich,0.15,0.15,0.1,0.15,0.1
122,122,Au am Leithaberge,03,Niederösterreich,0.15,0.15,0.1,0.15,0.1
123,123,Au an der Donau,04,Oberösterreich,0.15,0.15,0.1,0.15,0.1
124,124,Au an der Traun,04,Oberösterreich,0.15,0.15,0.1,0.15,0.1
125,125,Audorf,04,Oberösterreich,0.15,0.15,0.1,0.15,0.1
126,126,Auen,02,Kärnten,0.15,0.15,0.1,0.15,0.1
127,127,Auersbach,06,Steiermark,0.15,0.15,0.1,0.15,0.1
128,128,Auersthal,03,Niederösterreich,0.15,0.15,0.1,0.15,0.1
129,129,Auffach,07,Tirol,0.15,0.15,0.1,0.15,0.1
130,130,Aufhausen,05,Salzburg,0.15,0.15,0.1,0.15,0.1
131,131,Aurach,07,Tirol,0.15,0.15,0.1,0.15,0.1
132,132,Aurach am Hongar,04,Oberösterreich,0.15,0.15,0.1,0.15,0.1
133,133,Aurolzmünster,04,Oberösterreich,0.15,0.15,0.1,0.15,0.1
134,134,Ausserbraz,08,Vorarlberg,0.15,0.15,0.1,0.15,0.1
135,135,Außerschmirn,07,Tirol,0.15,0.15,0.1,0.15,0.1
136,136,Außervillgraten,07,Tirol,0.15,0.15,0.1,0.15,0.1
137,137,Axams,07,Tirol,0.15,0.15,0.1,0.15,0.1
138,138,Bachmanning,04,Oberösterreich,0.15,0.15,0.1,0.15,0.1
139,139,Bad Aussee,06,Steiermark,0.15,0.15,0.1,0.15,0.1
140,140,Bad Blumau,06,Steiermark,0.15,0.15,0.1,0.15,0.1
141,141,Bad Deutsch-Altenburg,03,Niederösterreich,0.15,0.15,0.1,0.15,0.1
142,142,Bad Dürrnberg,05,Salzburg,0.15,0.15,0.1,0.15,0.1
143,143,Bad Eisenkappel,02,Kärnten,0.15,0.15,0.1,0.15,0.1
144,144,Bad Erlach,03,Niederösterreich,0.15,0.15,0.1,0.15,0.1
145,145,Bad Fischau,03,Niederösterreich,0.15,0.15,0.1,0.15,0.1
146,146,Bad Gams,06,Steiermark,0.15,0.15,0.1,0.15,0.1
147,147,Bad Gastein,05,Salzburg,0.15,0.15,0.1,0.15,0.1
148,148,Bad Gleichenberg,06,Steiermark,0.15,0.15,0.1,0.15,0.1
149,149,Bad Hall,04,Oberösterreich,0.15,0.15,0.1,0.15,0.1
150,150,Bad Hofgastein,05,Salzburg,0.15,0.15,0.1,0.15,0.1
151,151,Bad Häring,07,Tirol,0.15,0.15,0.1,0.15,0.1
152,152,Bad Ischl,04,Oberösterreich,0.15,0.15,0.1,0.15,0.1
153,153,Bad Kreuzen,04,Oberösterreich,0.15,0.15,0.1,0.15,0.1
154,154,Bad Leonfelden,04,Oberösterreich,0.15,0.15,0.1,0.15,0.1
155,155,Bad Pirawarth,03,Niederösterreich,0.15,0.15,0.1,0.15,0.1
156,156,Bad Radkersburg,06,Steiermark,0.15,0.15,0.1,0.15,0.1
157,157,Bad Sauerbrunn,01,Burgenland,0.15,0.15,0.1,0.15,0.1
158,158,Bad Schallerbach,04,Oberösterreich,0.15,0.15,0.1,0.15,0.1
159,159,Bad Schönau,03,Niederösterreich,0.15,0.15,0.1,0.15,0.1
160,160,Bad Tatzmannsdorf,01,Burgenland,0.15,0.15,0.1,0.15,0.1
161,161,Bad Vöslau,03,Niederösterreich,0.15,0.15,0.1,0.15,0.1
162,162,Bad Waltersdorf,06,Steiermark,0.15,0.15,0.1,0.15,0.1
163,163,Bad Zell,04,Oberösterreich,0.15,0.15,0.1,0.15,0.1
164,164,Baden,03,Niederösterreich,0.15,0.15,0.1,0.15,0.1
165,165,Badersdorf,01,Burgenland,0.15,0.15,0.1,0.15,0.1
166,166,Baierdorf-Umgebung,06,Steiermark,0.15,0.15,0.1,0.15,0.1
167,167,Bairisch Kölldorf,06,Steiermark,0.15,0.15,0.1,0.15,0.1
168,168,Baldramsdorf,02,Kärnten,0.15,0.15,0.1,0.15,0.1
169,169,Bartholomäberg,08,Vorarlberg,0.15,0.15,0.1,0.15,0.1
170,170,Barwies,07,Tirol,0.15,0.15,0.1,0.15,0.1
171,171,Batschuns,08,Vorarlberg,0.15,0.15,0.1,0.15,0.1
172,172,Baumgarten am Tullnerfeld,03,Niederösterreich,0.15,0.15,0.1,0.15,0.1
173,173,Baumgartenberg,04,Oberösterreich,0.15,0.15,0.1,0.15,0.1
174,174,Baumkirchen,07,Tirol,0.15,0.15,0.1,0.15,0.1
175,175,Berg,04,Oberösterreich,0.15,0.15,0.1,0.15,0.1
176,176,Berg,03,Niederösterreich,0.15,0.15,0.1,0.15,0.1
177,177,Berg,02,Kärnten,0.15,0.15,0.1,0.15,0.1
178,178,Berg bei Rohrbach,04,Oberösterreich,0.15,0.15,0.1,0.15,0.1
179,179,Bergern,04,Oberösterreich,0.15,0.15,0.1,0.15,0.1
180,180,Bergham,04,Oberösterreich,0.15,0.15,0.1,0.15,0.1
181,181,Bergheim,05,Salzburg,0.15,0.15,0.1,0.15,0.1
182,182,Bergheim,04,Oberösterreich,0.15,0.15,0.1,0.15,0.1
183,183,Bergland,03,Niederösterreich,0.15,0.15,0.1,0.15,0.1
184,184,Bernardin,04,Oberösterreich,0.15,0.15,0.1,0.15,0.1
185,185,Berndorf,03,Niederösterreich,0.15,0.15,0.1,0.15,0.1
186,186,Berndorf,06,Steiermark,0.15,0.15,0.1,0.15,0.1
187,187,Berndorf bei Salzburg,05,Salzburg,0.15,0.15,0.1,0.15,0.1
188,188,Bernhardsthal,03,Niederösterreich,0.15,0.15,0.1,0.15,0.1
189,189,Bernstein,01,Burgenland,0.15,0.15,0.1,0.15,0.1
190,190,Berwang,07,Tirol,0.15,0.15,0.1,0.15,0.1
191,191,Beschling,08,Vorarlberg,0.15,0.15,0.1,0.15,0.1
192,192,Bezau,08,Vorarlberg,0.15,0.15,0.1,0.15,0.1
193,193,Biberbach,03,Niederösterreich,0.15,0.15,0.1,0.15,0.1
194,194,Biberwier,07,Tirol,0.15,0.15,0.1,0.15,0.1
195,195,Bichlbach,07,Tirol,0.15,0.15,0.1,0.15,0.1
196,196,Biedermannsdorf,03,Niederösterreich,0.15,0.15,0.1,0.15,0.1
197,197,Bierbaum,06,Steiermark,0.15,0.15,0.1,0.15,0.1
198,198,Bierbaum am Auersbach,06,Steiermark,0.15,0.15,0.1,0.15,0.1
199,199,Bildstein,08,Vorarlberg,0.15,0.15,0.1,0.15,0.1
200,200,Birgitz,07,Tirol,0.15,0.15,0.1,0.15,0.1
201,201,Birkfeld,06,Steiermark,0.15,0.15,0.1,0.15,0.1
202,202,Bisamberg,03,Niederösterreich,0.15,0.15,0.1,0.15,0.1
203,203,Bischofshofen,05,Salzburg,0.15,0.15,0.1,0.15,0.1
204,204,Bischofstetten,03,Niederösterreich,0.15,0.15,0.1,0.15,0.1
205,205,Bizau,08,Vorarlberg,0.15,0.15,0.1,0.15,0.1
206,206,Blaindorf,06,Steiermark,0.15,0.15,0.1,0.15,0.1
207,207,Bleiberg-Kreuth,02,Kärnten,0.15,0.15,0.1,0.15,0.1
208,208,Blindendorf,04,Oberösterreich,0.15,0.15,0.1,0.15,0.1
209,209,Blindenmarkt,03,Niederösterreich,0.15,0.15,0.1,0.15,0.1
210,210,Blons,08,Vorarlberg,0.15,0.15,0.1,0.15,0.1
211,211,Bludenz,08,Vorarlberg,0.15,0.15,0.1,0.15,0.1
212,212,Bludesch,08,Vorarlberg,0.15,0.15,0.1,0.15,0.1
213,213,Blumegg,06,Steiermark,0.15,0.15,0.1,0.15,0.1
214,214,Bockfließ,03,Niederösterreich,0.15,0.15,0.1,0.15,0.1
215,215,Bocksdorf,01,Burgenland,0.15,0.15,0.1,0.15,0.1
216,216,Bodensdorf,02,Kärnten,0.15,0.15,0.1,0.15,0.1
217,217,Boder,06,Steiermark,0.15,0.15,0.1,0.15,0.1
218,218,Bramberg am Wildkogel,05,Salzburg,0.15,0.15,0.1,0.15,0.1
219,219,Brand,08,Vorarlberg,0.15,0.15,0.1,0.15,0.1
220,220,Brandenberg,07,Tirol,0.15,0.15,0.1,0.15,0.1
221,221,Brandln,04,Oberösterreich,0.15,0.15,0.1,0.15,0.1
222,222,Braunau Neustadt,04,Oberösterreich,0.15,0.15,0.1,0.15,0.1
223,223,Braunau am Inn,04,Oberösterreich,0.15,0.15,0.1,0.15,0.1
224,224,Bregenz,08,Vorarlberg,0.15,0.15,0.1,0.15,0.1
225,225,Breitenau,03,Niederösterreich,0.15,0.15,0.1,0.15,0.1
226,226,Breitenbach am Inn,07,Tirol,0.15,0.15,0.1,0.15,0.1
227,227,Breitenbrunn,01,Burgenland,0.15,0.15,0.1,0.15,0.1
228,228,Breitenfeld am Tannenriegel,06,Steiermark,0.15,0.15,0.1,0.15,0.1
229,229,Breitenfeld an der Rittschein,06,Steiermark,0.15,0.15,0.1,0.15,0.1
230,230,Breitenfurt bei Wien,03,Niederösterreich,0.15,0.15,0.1,0.15,0.1
231,231,Breitensee,03,Niederösterreich,0.15,0.15,0.1,0.15,0.1
232,232,Breitenwaida,03,Niederösterreich,0.15,0.15,0.1,0.15,0.1
233,233,Breitenwang,07,Tirol,0.15,0.15,0.1,0.15,0.1
234,234,Bretstein,06,Steiermark,0.15,0.15,0.1,0.15,0.1
235,235,Brixen im Thale,07,Tirol,0.15,0.15,0.1,0.15,0.1
236,236,Brixlegg,07,Tirol,0.15,0.15,0.1,0.15,0.1
237,237,Brodersdorf,06,Steiermark,0.15,0.15,0.1,0.15,0.1
238,238,Bromberg,03,Niederösterreich,0.15,0.15,0.1,0.15,0.1
239,239,Bruck am Ziller,07,Tirol,0.15,0.15,0.1,0.15,0.1
240,240,Bruck an der Großglocknerstraße,05,Salzburg,0.15,0.15,0.1,0.15,0.1
241,241,Bruck an der Leitha,03,Niederösterreich,0.15,0.15,0.1,0.15,0.1
242,242,Bruck an der Mur,06,Steiermark,0.15,0.15,0.1,0.15,0.1
243,243,Bruckmühl,06,Steiermark,0.15,0.15,0.1,0.15,0.1
244,244,Bruckneudorf,01,Burgenland,0.15,0.15,0.1,0.15,0.1
245,245,Brunn,06,Steiermark,0.15,0.15,0.1,0.15,0.1
246,246,Brunn,05,Salzburg,0.15,0.15,0.1,0.15,0.1
247,247,Brunn am Gebirge,03,Niederösterreich,0.15,0.15,0.1,0.15,0.1
248,248,Brunn an der Schneebergbahn,03,Niederösterreich,0.15,0.15,0.1,0.15,0.1
249,249,Brunn an der Wild,03,Niederösterreich,0.15,0.15,0.1,0.15,0.1
250,250,Brunn im Felde,03,Niederösterreich,0.15,0.15,0.1,0.15,0.1
251,251,Brückl,02,Kärnten,0.15,0.15,0.1,0.15,0.1
252,252,Bsuch,05,Salzburg,0.15,0.15,0.1,0.15,0.1
253,253,Bubing,04,Oberösterreich,0.15,0.15,0.1,0.15,0.1
254,254,Buch,08,Vorarlberg,0.15,0.15,0.1,0.15,0.1
255,255,Buchbach,03,Niederösterreich,0.15,0.15,0.1,0.15,0.1
256,256,Buchkirchen,04,Oberösterreich,0.15,0.15,0.1,0.15,0.1
257,257,Buchschachen,01,Burgenland,0.15,0.15,0.1,0.15,0.1
258,258,Bullendorf,03,Niederösterreich,0.15,0.15,0.1,0.15,0.1
259,259,Burgau,06,Steiermark,0.15,0.15,0.1,0.15,0.1
260,260,Burgauberg,01,Burgenland,0.15,0.15,0.1,0.15,0.1
261,261,Burgfried,05,Salzburg,0.15,0.15,0.1,0.15,0.1
262,262,Burgfried,04,Oberösterreich,0.15,0.15,0.1,0.15,0.1
263,263,Burgfried,06,Steiermark,0.15,0.15,0.1,0.15,0.1
264,264,Burgkirchen,04,Oberösterreich,0.15,0.15,0.1,0.15,0.1
265,265,Burk,05,Salzburg,0.15,0.15,0.1,0.15,0.1
266,266,Bärnbach,06,Steiermark,0.15,0.15,0.1,0.15,0.1
267,267,Bärnkopf,03,Niederösterreich,0.15,0.15,0.1,0.15,0.1
268,268,Böheimkirchen,03,Niederösterreich,0.15,0.15,0.1,0.15,0.1
269,269,Böhlerwerk,03,Niederösterreich,0.15,0.15,0.1,0.15,0.1
270,270,Bürmoos,05,Salzburg,0.15,0.15,0.1,0.15,0.1
271,271,Bürs,08,Vorarlberg,0.15,0.15,0.1,0.15,0.1
272,272,Bürserberg,08,Vorarlberg,0.15,0.15,0.1,0.15,0.1
273,273,Dalaas,08,Vorarlberg,0.15,0.15,0.1,0.15,0.1
274,274,Damüls,08,Vorarlberg,0.15,0.15,0.1,0.15,0.1
275,275,Debant,07,Tirol,0.15,0.15,0.1,0.15,0.1
276,276,Dechantskirchen,06,Steiermark,0.15,0.15,0.1,0.15,0.1
277,277,Dellach,02,Kärnten,0.15,0.15,0.1,0.15,0.1
278,278,Desselbrunn,04,Oberösterreich,0.15,0.15,0.1,0.15,0.1
279,279,Deuchendorf,06,Steiermark,0.15,0.15,0.1,0.15,0.1
280,280,Deutsch Goritz,06,Steiermark,0.15,0.15,0.1,0.15,0.1
281,281,Deutsch Griffen,02,Kärnten,0.15,0.15,0.1,0.15,0.1
282,282,Deutsch Jahrndorf,01,Burgenland,0.15,0.15,0.1,0.15,0.1
283,283,Deutsch Kaltenbrunn,01,Burgenland,0.15,0.15,0.1,0.15,0.1
284,284,Deutsch Tschantschendorf,01,Burgenland,0.15,0.15,0.1,0.15,0.1
285,285,Deutsch-Wagram,03,Niederösterreich,0.15,0.15,0.1,0.15,0.1
286,286,Deutschfeistritz,06,Steiermark,0.15,0.15,0.1,0.15,0.1
287,287,Deutschkreutz,01,Burgenland,0.15,0.15,0.1,0.15,0.1
288,288,Deutschlandsberg,06,Steiermark,0.15,0.15,0.1,0.15,0.1
289,289,Dickerldorf,04,Oberösterreich,0.15,0.15,0.1,0.15,0.1
290,290,Diemlach,06,Steiermark,0.15,0.15,0.1,0.15,0.1
291,291,Dienersdorf,06,Steiermark,0.15,0.15,0.1,0.15,0.1
292,292,Dienten am Hochkönig,05,Salzburg,0.15,0.15,0.1,0.15,0.1
293,293,Diesseits,04,Oberösterreich,0.15,0.15,0.1,0.15,0.1
294,294,Dietach,04,Oberösterreich,0.15,0.15,0.1,0.15,0.1
295,295,Dietachdorf,04,Oberösterreich,0.15,0.15,0.1,0.15,0.1
296,296,Dietenberg,06,Steiermark,0.15,0.15,0.1,0.15,0.1
297,297,Dietersdorf,06,Steiermark,0.15,0.15,0.1,0.15,0.1
298,298,Dietersdorf am Gnasbach,06,Steiermark,0.15,0.15,0.1,0.15,0.1
299,299,Dietersdorf bei Fürstenfeld,06,Steiermark,0.15,0.15,0.1,0.15,0.1
300,300,Dietmanns,03,Niederösterreich,0.15,0.15,0.1,0.15,0.1
301,301,Diex,02,Kärnten,0.15,0.15,0.1,0.15,0.1
302,302,Dobermannsdorf,03,Niederösterreich,0.15,0.15,0.1,0.15,0.1
303,303,Dobersberg,03,Niederösterreich,0.15,0.15,0.1,0.15,0.1
304,304,Donaustadt,09,Wien,0.15,0.15,0.1,0.15,0.1
305,305,Donawitz,06,Steiermark,0.15,0.15,0.1,0.15,0.1
306,306,Donnersbach,06,Steiermark,0.15,0.15,0.1,0.15,0.1
307,307,Donnerskirchen,01,Burgenland,0.15,0.15,0.1,0.15,0.1
308,308,Doppl,04,Oberösterreich,0.15,0.15,0.1,0.15,0.1
309,309,Doren,08,Vorarlberg,0.15,0.15,0.1,0.15,0.1
310,310,Dorf,04,Oberösterreich,0.15,0.15,0.1,0.15,0.1
311,311,Dorfbeuern,05,Salzburg,0.15,0.15,0.1,0.15,0.1
312,312,Dorfgastein,05,Salzburg,0.15,0.15,0.1,0.15,0.1
313,313,Dorfheim,05,Salzburg,0.15,0.15,0.1,0.15,0.1
314,314,Dorfwerfen,05,Salzburg,0.15,0.15,0.1,0.15,0.1
315,315,Dornbirn,08,Vorarlberg,0.15,0.15,0.1,0.15,0.1
316,316,Draschen,02,Kärnten,0.15,0.15,0.1,0.15,0.1
317,317,Drasenhofen,03,Niederösterreich,0.15,0.15,0.1,0.15,0.1
318,318,Dreistetten,03,Niederösterreich,0.15,0.15,0.1,0.15,0.1
319,319,Drosendorf,03,Niederösterreich,0.15,0.15,0.1,0.15,0.1
320,320,Droß,03,Niederösterreich,0.15,0.15,0.1,0.15,0.1
321,321,Drösing,03,Niederösterreich,0.15,0.15,0.1,0.15,0.1
322,322,Durchholzen,07,Tirol,0.15,0.15,0.1,0.15,0.1
323,323,Duttendorf,04,Oberösterreich,0.15,0.15,0.1,0.15,0.1
324,324,Döbriach,02,Kärnten,0.15,0.15,0.1,0.15,0.1
325,325,Dölsach,07,Tirol,0.15,0.15,0.1,0.15,0.1
326,326,Dörfl,04,Oberösterreich,0.15,0.15,0.1,0.15,0.1
327,327,Dörfla,06,Steiermark,0.15,0.15,0.1,0.15,0.1
328,328,Dörnbach,04,Oberösterreich,0.15,0.15,0.1,0.15,0.1
329,329,Düns,08,Vorarlberg,0.15,0.15,0.1,0.15,0.1
330,330,Dünserberg,08,Vorarlberg,0.15,0.15,0.1,0.15,0.1
331,331,Dürnau,04,Oberösterreich,0.15,0.15,0.1,0.15,0.1
332,332,Dürnberg,04,Oberösterreich,0.15,0.15,0.1,0.15,0.1
333,333,Dürndorf,04,Oberösterreich,0.15,0.15,0.1,0.15,0.1
334,334,Dürnkrut,03,Niederösterreich,0.15,0.15,0.1,0.15,0.1
335,335,Dürnstein,03,Niederösterreich,0.15,0.15,0.1,0.15,0.1
336,336,Dürnstein in der Steiermark,06,Steiermark,0.15,0.15,0.1,0.15,0.1
337,337,Ebbs,07,Tirol,0.15,0.15,0.1,0.15,0.1
338,338,Eben im Pongau,05,Salzburg,0.15,0.15,0.1,0.15,0.1
339,339,Ebenau,05,Salzburg,0.15,0.15,0.1,0.15,0.1
340,340,Ebendorf,03,Niederösterreich,0.15,0.15,0.1,0.15,0.1
341,341,Ebenfurth,03,Niederösterreich,0.15,0.15,0.1,0.15,0.1
342,342,Ebensee,04,Oberösterreich,0.15,0.15,0.1,0.15,0.1
343,343,Ebenthal,03,Niederösterreich,0.15,0.15,0.1,0.15,0.1
344,344,Ebenthal,02,Kärnten,0.15,0.15,0.1,0.15,0.1
345,345,Eberau,01,Burgenland,0.15,0.15,0.1,0.15,0.1
346,346,Ebergassing,03,Niederösterreich,0.15,0.15,0.1,0.15,0.1
347,347,Eberndorf,02,Kärnten,0.15,0.15,0.1,0.15,0.1
348,348,Ebersberg,03,Niederösterreich,0.15,0.15,0.1,0.15,0.1
349,349,Eberschwang,04,Oberösterreich,0.15,0.15,0.1,0.15,0.1
350,350,Ebersdorf,06,Steiermark,0.15,0.15,0.1,0.15,0.1
351,351,Ebersdorf,02,Kärnten,0.15,0.15,0.1,0.15,0.1
352,352,Eberstalzell,04,Oberösterreich,0.15,0.15,0.1,0.15,0.1
353,353,Eberstein,02,Kärnten,0.15,0.15,0.1,0.15,0.1
354,354,Ebreichsdorf,03,Niederösterreich,0.15,0.15,0.1,0.15,0.1
355,355,Eching,05,Salzburg,0.15,0.15,0.1,0.15,0.1
356,356,Echsenbach,03,Niederösterreich,0.15,0.15,0.1,0.15,0.1
357,357,Eck,04,Oberösterreich,0.15,0.15,0.1,0.15,0.1
358,358,Eckartsau,03,Niederösterreich,0.15,0.15,0.1,0.15,0.1
359,359,Edelhof,03,Niederösterreich,0.15,0.15,0.1,0.15,0.1
360,360,Edelsbach bei Feldbach,06,Steiermark,0.15,0.15,0.1,0.15,0.1
361,361,Edelschrott,06,Steiermark,0.15,0.15,0.1,0.15,0.1
362,362,Edelsgrub,06,Steiermark,0.15,0.15,0.1,0.15,0.1
363,363,Edelstal,01,Burgenland,0.15,0.15,0.1,0.15,0.1
364,364,Edelstauden,06,Steiermark,0.15,0.15,0.1,0.15,0.1
365,365,Edlbach,04,Oberösterreich,0.15,0.15,0.1,0.15,0.1
366,366,Edlitz,03,Niederösterreich,0.15,0.15,0.1,0.15,0.1
367,367,Edramsberg,04,Oberösterreich,0.15,0.15,0.1,0.15,0.1
368,368,Eferding,04,Oberösterreich,0.15,0.15,0.1,0.15,0.1
369,369,Egelsdorf,06,Steiermark,0.15,0.15,0.1,0.15,0.1
370,370,Egelsee,03,Niederösterreich,0.15,0.15,0.1,0.15,0.1
371,371,Egg,08,Vorarlberg,0.15,0.15,0.1,0.15,0.1
372,372,Eggelsberg,04,Oberösterreich,0.15,0.15,0.1,0.15,0.1
373,373,Eggenberg,06,Steiermark,0.15,0.15,0.1,0.15,0.1
374,374,Eggenburg,03,Niederösterreich,0.15,0.15,0.1,0.15,0.1
375,375,Eggendorf,03,Niederösterreich,0.15,0.15,0.1,0.15,0.1
376,376,Eggendorf,06,Steiermark,0.15,0.15,0.1,0.15,0.1
377,377,Eggendorf im Traunkreis,04,Oberösterreich,0.15,0.15,0.1,0.15,0.1
378,378,Eggern,03,Niederösterreich,0.15,0.15,0.1,0.15,0.1
379,379,Eggersdorf bei Graz,06,Steiermark,0.15,0.15,0.1,0.15,0.1
380,380,Ehenbichl,07,Tirol,0.15,0.15,0.1,0.15,0.1
381,381,Ehrenhausen,06,Steiermark,0.15,0.15,0.1,0.15,0.1
382,382,Ehrenschachen,06,Steiermark,0.15,0.15,0.1,0.15,0.1
383,383,Ehrwald,07,Tirol,0.15,0.15,0.1,0.15,0.1
384,384,Eibesthal,03,Niederösterreich,0.15,0.15,0.1,0.15,0.1
385,385,Eibiswald,06,Steiermark,0.15,0.15,0.1,0.15,0.1
386,386,Eichberg,06,Steiermark,0.15,0.15,0.1,0.15,0.1
387,387,Eichberg-Trautenburg,06,Steiermark,0.15,0.15,0.1,0.15,0.1
388,388,Eichelwang,07,Tirol,0.15,0.15,0.1,0.15,0.1
389,389,Eichenberg,08,Vorarlberg,0.15,0.15,0.1,0.15,0.1
390,390,Eichfeld,06,Steiermark,0.15,0.15,0.1,0.15,0.1
391,391,Eichgraben,03,Niederösterreich,0.15,0.15,0.1,0.15,0.1
392,392,Eidenberg,04,Oberösterreich,0.15,0.15,0.1,0.15,0.1
393,393,Eisbach,06,Steiermark,0.15,0.15,0.1,0.15,0.1
394,394,Eisenerz,06,Steiermark,0.15,0.15,0.1,0.15,0.1
395,395,Eisenstadt,01,Burgenland,0.15,0.15,0.1,0.15,0.1
396,396,Eisgarn,03,Niederösterreich,0.15,0.15,0.1,0.15,0.1
397,397,Eitweg,02,Kärnten,0.15,0.15,0.1,0.15,0.1
398,398,Elbigenalp,07,Tirol,0.15,0.15,0.1,0.15,0.1
399,399,Elixhausen,05,Salzburg,0.15,0.15,0.1,0.15,0.1
400,400,Ellbögen,07,Tirol,0.15,0.15,0.1,0.15,0.1
401,401,Ellmau,07,Tirol,0.15,0.15,0.1,0.15,0.1
402,402,Elmen,07,Tirol,0.15,0.15,0.1,0.15,0.1
403,403,Elsbach,03,Niederösterreich,0.15,0.15,0.1,0.15,0.1
404,404,Elsbethen,05,Salzburg,0.15,0.15,0.1,0.15,0.1
405,405,Eltendorf,01,Burgenland,0.15,0.15,0.1,0.15,0.1
406,406,Emmersdorf an der Donau,03,Niederösterreich,0.15,0.15,0.1,0.15,0.1
407,407,Empersdorf,06,Steiermark,0.15,0.15,0.1,0.15,0.1
408,408,Endach,07,Tirol,0.15,0.15,0.1,0.15,0.1
409,409,Engabrunn,03,Niederösterreich,0.15,0.15,0.1,0.15,0.1
410,410,Engelhartstetten,03,Niederösterreich,0.15,0.15,0.1,0.15,0.1
411,411,Engerwitzdorf,04,Oberösterreich,0.15,0.15,0.1,0.15,0.1
412,412,Enns,04,Oberösterreich,0.15,0.15,0.1,0.15,0.1
413,413,Ennsdorf,03,Niederösterreich,0.15,0.15,0.1,0.15,0.1
414,414,Enzenkirchen,04,Oberösterreich,0.15,0.15,0.1,0.15,0.1
415,415,Enzenreith,03,Niederösterreich,0.15,0.15,0.1,0.15,0.1
416,416,Enzersberg,05,Salzburg,0.15,0.15,0.1,0.15,0.1
417,417,Enzersdorf an der Fischa,03,Niederösterreich,0.15,0.15,0.1,0.15,0.1
418,418,Enzersfeld,03,Niederösterreich,0.15,0.15,0.1,0.15,0.1
419,419,Eppenstein,06,Steiermark,0.15,0.15,0.1,0.15,0.1
420,420,Erl,07,Tirol,0.15,0.15,0.1,0.15,0.1
421,421,Erla,03,Niederösterreich,0.15,0.15,0.1,0.15,0.1
422,422,Erlauf,03,Niederösterreich,0.15,0.15,0.1,0.15,0.1
423,423,Ernstbrunn,03,Niederösterreich,0.15,0.15,0.1,0.15,0.1
424,424,Erpersdorf,03,Niederösterreich,0.15,0.15,0.1,0.15,0.1
425,425,Erpfendorf,07,Tirol,0.15,0.15,0.1,0.15,0.1
426,426,Ertl,03,Niederösterreich,0.15,0.15,0.1,0.15,0.1
427,427,Esch,05,Salzburg,0.15,0.15,0.1,0.15,0.1
428,428,Eschenau,03,Niederösterreich,0.15,0.15,0.1,0.15,0.1
429,429,Esternberg,04,Oberösterreich,0.15,0.15,0.1,0.15,0.1
430,430,Etsdorf am Kamp,03,Niederösterreich,0.15,0.15,0.1,0.15,0.1
431,431,Etzersdorf,03,Niederösterreich,0.15,0.15,0.1,0.15,0.1
432,432,Etzersdorf,06,Steiermark,0.15,0.15,0.1,0.15,0.1
433,433,Eugenbach,05,Salzburg,0.15,0.15,0.1,0.15,0.1
434,434,Eugendorf,05,Salzburg,0.15,0.15,0.1,0.15,0.1
435,435,Euratsfeld,03,Niederösterreich,0.15,0.15,0.1,0.15,0.1
436,436,Faak am See,02,Kärnten,0.15,0.15,0.1,0.15,0.1
437,437,Faistenau,05,Salzburg,0.15,0.15,0.1,0.15,0.1
438,438,Falkenburg,06,Steiermark,0.15,0.15,0.1,0.15,0.1
439,439,Falkenstein,06,Steiermark,0.15,0.15,0.1,0.15,0.1
440,440,Falkenstein,03,Niederösterreich,0.15,0.15,0.1,0.15,0.1
441,441,Fallbach,03,Niederösterreich,0.15,0.15,0.1,0.15,0.1
442,442,Farrach,06,Steiermark,0.15,0.15,0.1,0.15,0.1
443,443,Favoriten,09,Wien,0.15,0.15,0.1,0.15,0.1
444,444,Fehring,06,Steiermark,0.15,0.15,0.1,0.15,0.1
445,445,Feistritz am Wechsel,03,Niederösterreich,0.15,0.15,0.1,0.15,0.1
446,446,Feistritz an der Drau,02,Kärnten,0.15,0.15,0.1,0.15,0.1
447,447,Feistritz an der Gail,02,Kärnten,0.15,0.15,0.1,0.15,0.1
448,448,Feistritz bei Knittelfeld,06,Steiermark,0.15,0.15,0.1,0.15,0.1
449,449,Feistritz im Rosental,02,Kärnten,0.15,0.15,0.1,0.15,0.1
450,450,Feistritz ob Bleiburg,02,Kärnten,0.15,0.15,0.1,0.15,0.1
451,451,Felben,05,Salzburg,0.15,0.15,0.1,0.15,0.1
452,452,Feld am See,02,Kärnten,0.15,0.15,0.1,0.15,0.1
453,453,Feldbach,06,Steiermark,0.15,0.15,0.1,0.15,0.1
454,454,Feldkirch,08,Vorarlberg,0.15,0.15,0.1,0.15,0.1
455,455,Feldkirchen an der Donau,04,Oberösterreich,0.15,0.15,0.1,0.15,0.1
456,456,Feldkirchen bei Graz,06,Steiermark,0.15,0.15,0.1,0.15,0.1
457,457,Feldkirchen in Kärnten,02,Kärnten,0.15,0.15,0.1,0.15,0.1
458,458,Felgitsch,06,Steiermark,0.15,0.15,0.1,0.15,0.1
459,459,Felixdorf,03,Niederösterreich,0.15,0.15,0.1,0.15,0.1
460,460,Fels am Wagram,03,Niederösterreich,0.15,0.15,0.1,0.15,0.1
461,461,Fendels,07,Tirol,0.15,0.15,0.1,0.15,0.1
462,462,Ferlach,02,Kärnten,0.15,0.15,0.1,0.15,0.1
463,463,Ferndorf,02,Kärnten,0.15,0.15,0.1,0.15,0.1
464,464,Fernitz,06,Steiermark,0.15,0.15,0.1,0.15,0.1
465,465,Ferschnitz,03,Niederösterreich,0.15,0.15,0.1,0.15,0.1
466,466,Feuersbrunn,03,Niederösterreich,0.15,0.15,0.1,0.15,0.1
467,467,Feyregg,04,Oberösterreich,0.15,0.15,0.1,0.15,0.1
468,468,Fieberbrunn,07,Tirol,0.15,0.15,0.1,0.15,0.1
469,469,Fiecht,07,Tirol,0.15,0.15,0.1,0.15,0.1
470,470,Filzmoos,05,Salzburg,0.15,0.15,0.1,0.15,0.1
471,471,Finkenberg,07,Tirol,0.15,0.15,0.1,0.15,0.1
472,472,Finkenstein,02,Kärnten,0.15,0.15,0.1,0.15,0.1
473,473,Finsing,07,Tirol,0.15,0.15,0.1,0.15,0.1
474,474,Fischamend-Markt,03,Niederösterreich,0.15,0.15,0.1,0.15,0.1
475,475,Fischbach,06,Steiermark,0.15,0.15,0.1,0.15,0.1
476,476,Fisching,04,Oberösterreich,0.15,0.15,0.1,0.15,0.1
477,477,Fiss,07,Tirol,0.15,0.15,0.1,0.15,0.1
478,478,Flachau,05,Salzburg,0.15,0.15,0.1,0.15,0.1
479,479,Fladnitz an der Teichalm,06,Steiermark,0.15,0.15,0.1,0.15,0.1
480,480,Fladnitz im Raabtal,06,Steiermark,0.15,0.15,0.1,0.15,0.1
481,481,Flatschach,06,Steiermark,0.15,0.15,0.1,0.15,0.1
482,482,Flattach,02,Kärnten,0.15,0.15,0.1,0.15,0.1
483,483,Flattendorf,06,Steiermark,0.15,0.15,0.1,0.15,0.1
484,484,Flaurling,07,Tirol,0.15,0.15,0.1,0.15,0.1
485,485,Flirsch,07,Tirol,0.15,0.15,0.1,0.15,0.1
486,486,Floing,06,Steiermark,0.15,0.15,0.1,0.15,0.1
487,487,Floridsdorf,09,Wien,0.15,0.15,0.1,0.15,0.1
488,488,Flöcking,06,Steiermark,0.15,0.15,0.1,0.15,0.1
489,489,Fohnsdorf,06,Steiermark,0.15,0.15,0.1,0.15,0.1
490,490,Forchach,07,Tirol,0.15,0.15,0.1,0.15,0.1
491,491,Forchtenau,04,Oberösterreich,0.15,0.15,0.1,0.15,0.1
492,492,Forchtenstein,01,Burgenland,0.15,0.15,0.1,0.15,0.1
493,493,Fornach,04,Oberösterreich,0.15,0.15,0.1,0.15,0.1
494,494,Forstau,05,Salzburg,0.15,0.15,0.1,0.15,0.1
495,495,Forstviertel,06,Steiermark,0.15,0.15,0.1,0.15,0.1
496,496,Fraham,04,Oberösterreich,0.15,0.15,0.1,0.15,0.1
497,497,Frankenburg,04,Oberösterreich,0.15,0.15,0.1,0.15,0.1
498,498,Frankenfels,03,Niederösterreich,0.15,0.15,0.1,0.15,0.1
499,499,Frankenmarkt,04,Oberösterreich,0.15,0.15,0.1,0.15,0.1
500,500,Frannach,06,Steiermark,0.15,0.15,0.1,0.15,0.1
501,501,Frastanz,08,Vorarlberg,0.15,0.15,0.1,0.15,0.1
502,502,Frauenberg,06,Steiermark,0.15,0.15,0.1,0.15,0.1
503,503,Frauenburg,06,Steiermark,0.15,0.15,0.1,0.15,0.1
504,504,Frauenhofen,03,Niederösterreich,0.15,0.15,0.1,0.15,0.1
505,505,Frauenkirchen,01,Burgenland,0.15,0.15,0.1,0.15,0.1
506,506,Frauenstein,02,Kärnten,0.15,0.15,0.1,0.15,0.1
507,507,Fraxern,08,Vorarlberg,0.15,0.15,0.1,0.15,0.1
508,508,Freidorf an der Laßnitz,06,Steiermark,0.15,0.15,0.1,0.15,0.1
509,509,Freiland bei Deutschlandsberg,06,Steiermark,0.15,0.15,0.1,0.15,0.1
510,510,Freindorf,04,Oberösterreich,0.15,0.15,0.1,0.15,0.1
511,511,Freistadt,04,Oberösterreich,0.15,0.15,0.1,0.15,0.1
512,512,Fresach,02,Kärnten,0.15,0.15,0.1,0.15,0.1
513,513,Fresen,02,Kärnten,0.15,0.15,0.1,0.15,0.1
514,514,Freudenstein,04,Oberösterreich,0.15,0.15,0.1,0.15,0.1
515,515,Freßnitzviertel,06,Steiermark,0.15,0.15,0.1,0.15,0.1
516,516,Friedberg,06,Steiermark,0.15,0.15,0.1,0.15,0.1
517,517,Friedburg,04,Oberösterreich,0.15,0.15,0.1,0.15,0.1
518,518,Friedrichsdorf,04,Oberösterreich,0.15,0.15,0.1,0.15,0.1
519,519,Friesach,02,Kärnten,0.15,0.15,0.1,0.15,0.1
520,520,Fritzens,07,Tirol,0.15,0.15,0.1,0.15,0.1
521,521,Frohnleiten,06,Steiermark,0.15,0.15,0.1,0.15,0.1
522,522,Frohsdorf,03,Niederösterreich,0.15,0.15,0.1,0.15,0.1
523,523,Frojach,06,Steiermark,0.15,0.15,0.1,0.15,0.1
524,524,Fulpmes,07,Tirol,0.15,0.15,0.1,0.15,0.1
525,525,Furth bei Göttweig,03,Niederösterreich,0.15,0.15,0.1,0.15,0.1
526,526,Fuschl am See,05,Salzburg,0.15,0.15,0.1,0.15,0.1
527,527,Fußach,08,Vorarlberg,0.15,0.15,0.1,0.15,0.1
528,528,Föderlach I,02,Kärnten,0.15,0.15,0.1,0.15,0.1
529,529,Fölz,06,Steiermark,0.15,0.15,0.1,0.15,0.1
530,530,Fötschach,06,Steiermark,0.15,0.15,0.1,0.15,0.1
531,531,Fügen,07,Tirol,0.15,0.15,0.1,0.15,0.1
532,532,Fügenberg,07,Tirol,0.15,0.15,0.1,0.15,0.1
533,533,Fünfing bei Sankt Ruprecht an der Raab,06,Steiermark,0.15,0.15,0.1,0.15,0.1
534,534,Fürnitz,02,Kärnten,0.15,0.15,0.1,0.15,0.1
535,535,Fürstenfeld,06,Steiermark,0.15,0.15,0.1,0.15,0.1
536,536,Gaaden,03,Niederösterreich,0.15,0.15,0.1,0.15,0.1
537,537,Gaal,06,Steiermark,0.15,0.15,0.1,0.15,0.1
538,538,Gabersdorf,06,Steiermark,0.15,0.15,0.1,0.15,0.1
539,539,Gablitz,03,Niederösterreich,0.15,0.15,0.1,0.15,0.1
540,540,Gaflenz,04,Oberösterreich,0.15,0.15,0.1,0.15,0.1
541,541,Gailitz,02,Kärnten,0.15,0.15,0.1,0.15,0.1
542,542,Gainfarn,03,Niederösterreich,0.15,0.15,0.1,0.15,0.1
543,543,Gaisberg,04,Oberösterreich,0.15,0.15,0.1,0.15,0.1
544,544,Gaishorn,06,Steiermark,0.15,0.15,0.1,0.15,0.1
545,545,Gaißau,05,Salzburg,0.15,0.15,0.1,0.15,0.1
546,546,Gaißau,08,Vorarlberg,0.15,0.15,0.1,0.15,0.1
547,547,Gallbrunn,03,Niederösterreich,0.15,0.15,0.1,0.15,0.1
548,548,Gallizien,02,Kärnten,0.15,0.15,0.1,0.15,0.1
549,549,Gallmannsegg,06,Steiermark,0.15,0.15,0.1,0.15,0.1
550,550,Gallneukirchen,04,Oberösterreich,0.15,0.15,0.1,0.15,0.1
551,551,Gallspach,04,Oberösterreich,0.15,0.15,0.1,0.15,0.1
552,552,Gallzein,07,Tirol,0.15,0.15,0.1,0.15,0.1
553,553,Galtür,07,Tirol,0.15,0.15,0.1,0.15,0.1
554,554,Gaming,03,Niederösterreich,0.15,0.15,0.1,0.15,0.1
555,555,Gamlitz,06,Steiermark,0.15,0.15,0.1,0.15,0.1
556,556,Gampern,04,Oberösterreich,0.15,0.15,0.1,0.15,0.1
557,557,Gams bei Hieflau,06,Steiermark,0.15,0.15,0.1,0.15,0.1
558,558,Gansbach,03,Niederösterreich,0.15,0.15,0.1,0.15,0.1
559,559,Ganz,06,Steiermark,0.15,0.15,0.1,0.15,0.1
560,560,Garanas,06,Steiermark,0.15,0.15,0.1,0.15,0.1
561,561,Garnei,05,Salzburg,0.15,0.15,0.1,0.15,0.1
562,562,Gars am Kamp,03,Niederösterreich,0.15,0.15,0.1,0.15,0.1
563,563,Garsten,04,Oberösterreich,0.15,0.15,0.1,0.15,0.1
564,564,Gaschurn,08,Vorarlberg,0.15,0.15,0.1,0.15,0.1
565,565,Gasen,06,Steiermark,0.15,0.15,0.1,0.15,0.1
566,566,Gaspoltshofen,04,Oberösterreich,0.15,0.15,0.1,0.15,0.1
567,567,Gassing,06,Steiermark,0.15,0.15,0.1,0.15,0.1
568,568,Gastern,03,Niederösterreich,0.15,0.15,0.1,0.15,0.1
569,569,Gattendorf,01,Burgenland,0.15,0.15,0.1,0.15,0.1
570,570,Gaubitsch,03,Niederösterreich,0.15,0.15,0.1,0.15,0.1
571,571,Gaumberg,04,Oberösterreich,0.15,0.15,0.1,0.15,0.1
572,572,Gaweinstal,03,Niederösterreich,0.15,0.15,0.1,0.15,0.1
573,573,Geboltskirchen,04,Oberösterreich,0.15,0.15,0.1,0.15,0.1
574,574,Gedersdorf,03,Niederösterreich,0.15,0.15,0.1,0.15,0.1
575,575,Geidorf,06,Steiermark,0.15,0.15,0.1,0.15,0.1
576,576,Geinberg,04,Oberösterreich,0.15,0.15,0.1,0.15,0.1
577,577,Geistthal,06,Steiermark,0.15,0.15,0.1,0.15,0.1
578,578,Gemeinlebarn,03,Niederösterreich,0.15,0.15,0.1,0.15,0.1
579,579,Gemmersdorf,02,Kärnten,0.15,0.15,0.1,0.15,0.1
580,580,Georgenberg,05,Salzburg,0.15,0.15,0.1,0.15,0.1
581,581,Geras,03,Niederösterreich,0.15,0.15,0.1,0.15,0.1
582,582,Gerersdorf,03,Niederösterreich,0.15,0.15,0.1,0.15,0.1
583,583,Gerlos,07,Tirol,0.15,0.15,0.1,0.15,0.1
584,584,Gerlosberg,07,Tirol,0.15,0.15,0.1,0.15,0.1
585,585,Gerolding,03,Niederösterreich,0.15,0.15,0.1,0.15,0.1
586,586,Gersdorf an der Feistritz,06,Steiermark,0.15,0.15,0.1,0.15,0.1
587,587,Getzersdorf,03,Niederösterreich,0.15,0.15,0.1,0.15,0.1
588,588,Gföhl,03,Niederösterreich,0.15,0.15,0.1,0.15,0.1
589,589,Gießhübl,03,Niederösterreich,0.15,0.15,0.1,0.15,0.1
590,590,Glanegg,02,Kärnten,0.15,0.15,0.1,0.15,0.1
591,591,Glanegg,05,Salzburg,0.15,0.15,0.1,0.15,0.1
592,592,Glasenbach,05,Salzburg,0.15,0.15,0.1,0.15,0.1
593,593,Gleichenberg Dorf,06,Steiermark,0.15,0.15,0.1,0.15,0.1
594,594,Gleinstätten,06,Steiermark,0.15,0.15,0.1,0.15,0.1
595,595,Gleisdorf,06,Steiermark,0.15,0.15,0.1,0.15,0.1
596,596,Glinzendorf,03,Niederösterreich,0.15,0.15,0.1,0.15,0.1
597,597,Globasnitz,02,Kärnten,0.15,0.15,0.1,0.15,0.1
598,598,Gloggnitz,03,Niederösterreich,0.15,0.15,0.1,0.15,0.1
599,599,Glojach,06,Steiermark,0.15,0.15,0.1,0.15,0.1
600,600,Glödnitz,02,Kärnten,0.15,0.15,0.1,0.15,0.1
601,601,Gmunden,04,Oberösterreich,0.15,0.15,0.1,0.15,0.1
602,602,Gmünd,03,Niederösterreich,0.15,0.15,0.1,0.15,0.1
603,603,Gmünd,02,Kärnten,0.15,0.15,0.1,0.15,0.1
604,604,Gnadendorf,03,Niederösterreich,0.15,0.15,0.1,0.15,0.1
605,605,Gnadenwald,07,Tirol,0.15,0.15,0.1,0.15,0.1
606,606,Gnas,06,Steiermark,0.15,0.15,0.1,0.15,0.1
607,607,Gneixendorf,03,Niederösterreich,0.15,0.15,0.1,0.15,0.1
608,608,Gnesau,02,Kärnten,0.15,0.15,0.1,0.15,0.1
609,609,Gniebing,06,Steiermark,0.15,0.15,0.1,0.15,0.1
610,610,Gnies,06,Steiermark,0.15,0.15,0.1,0.15,0.1
611,611,Gobelsburg,03,Niederösterreich,0.15,0.15,0.1,0.15,0.1
612,612,Going,07,Tirol,0.15,0.15,0.1,0.15,0.1
613,613,Gois,05,Salzburg,0.15,0.15,0.1,0.15,0.1
614,614,Goldegg,05,Salzburg,0.15,0.15,0.1,0.15,0.1
615,615,Goldgeben,03,Niederösterreich,0.15,0.15,0.1,0.15,0.1
616,616,Goldwörth,04,Oberösterreich,0.15,0.15,0.1,0.15,0.1
617,617,Golling,03,Niederösterreich,0.15,0.15,0.1,0.15,0.1
618,618,Golling an der Salzach,05,Salzburg,0.15,0.15,0.1,0.15,0.1
619,619,Gols,01,Burgenland,0.15,0.15,0.1,0.15,0.1
620,620,Goritschach,02,Kärnten,0.15,0.15,0.1,0.15,0.1
621,621,Gortipohl,08,Vorarlberg,0.15,0.15,0.1,0.15,0.1
622,622,Gosau,04,Oberösterreich,0.15,0.15,0.1,0.15,0.1
623,623,Gosdorf,06,Steiermark,0.15,0.15,0.1,0.15,0.1
624,624,Gossendorf,06,Steiermark,0.15,0.15,0.1,0.15,0.1
625,625,Gottsdorf,03,Niederösterreich,0.15,0.15,0.1,0.15,0.1
626,626,Graben,04,Oberösterreich,0.15,0.15,0.1,0.15,0.1
627,627,Grabersdorf,06,Steiermark,0.15,0.15,0.1,0.15,0.1
628,628,Gradenberg,06,Steiermark,0.15,0.15,0.1,0.15,0.1
629,629,Grafenbach,03,Niederösterreich,0.15,0.15,0.1,0.15,0.1
630,630,Grafendorf,02,Kärnten,0.15,0.15,0.1,0.15,0.1
631,631,Grafendorf bei Hartberg,06,Steiermark,0.15,0.15,0.1,0.15,0.1
632,632,Grafenegg,03,Niederösterreich,0.15,0.15,0.1,0.15,0.1
633,633,Grafenschachen,01,Burgenland,0.15,0.15,0.1,0.15,0.1
634,634,Grafenschlag,03,Niederösterreich,0.15,0.15,0.1,0.15,0.1
635,635,Grafenstein,02,Kärnten,0.15,0.15,0.1,0.15,0.1
636,636,Grafenweg,07,Tirol,0.15,0.15,0.1,0.15,0.1
637,637,Grafenwörth,03,Niederösterreich,0.15,0.15,0.1,0.15,0.1
638,638,Gralla,06,Steiermark,0.15,0.15,0.1,0.15,0.1
639,639,Gramais,07,Tirol,0.15,0.15,0.1,0.15,0.1
640,640,Gramastetten,04,Oberösterreich,0.15,0.15,0.1,0.15,0.1
641,641,Gramatneusiedl,03,Niederösterreich,0.15,0.15,0.1,0.15,0.1
642,642,Grambach,06,Steiermark,0.15,0.15,0.1,0.15,0.1
643,643,Grasberg,04,Oberösterreich,0.15,0.15,0.1,0.15,0.1
644,644,Graschuh,06,Steiermark,0.15,0.15,0.1,0.15,0.1
645,645,Gratwein,06,Steiermark,0.15,0.15,0.1,0.15,0.1
646,646,Graz,06,Steiermark,0.15,0.15,0.1,0.15,0.1
647,647,Greifenburg,02,Kärnten,0.15,0.15,0.1,0.15,0.1
648,648,Grein,04,Oberösterreich,0.15,0.15,0.1,0.15,0.1
649,649,Greinsfurth,03,Niederösterreich,0.15,0.15,0.1,0.15,0.1
650,650,Greisdorf,06,Steiermark,0.15,0.15,0.1,0.15,0.1
651,651,Gressenberg,06,Steiermark,0.15,0.15,0.1,0.15,0.1
652,652,Gresten,03,Niederösterreich,0.15,0.15,0.1,0.15,0.1
653,653,Gries,02,Kärnten,0.15,0.15,0.1,0.15,0.1
654,654,Gries,06,Steiermark,0.15,0.15,0.1,0.15,0.1
655,655,Gries am Brenner,07,Tirol,0.15,0.15,0.1,0.15,0.1
656,656,Gries im Sellrain,07,Tirol,0.15,0.15,0.1,0.15,0.1
657,657,Grieselstein,01,Burgenland,0.15,0.15,0.1,0.15,0.1
658,658,Grieskirchen,04,Oberösterreich,0.15,0.15,0.1,0.15,0.1
659,659,Griffen,02,Kärnten,0.15,0.15,0.1,0.15,0.1
660,660,Grimmenstein,03,Niederösterreich,0.15,0.15,0.1,0.15,0.1
661,661,Grins,07,Tirol,0.15,0.15,0.1,0.15,0.1
662,662,Grinzens,07,Tirol,0.15,0.15,0.1,0.15,0.1
663,663,Groß Sankt Florian,06,Steiermark,0.15,0.15,0.1,0.15,0.1
664,664,Groß Sierning,03,Niederösterreich,0.15,0.15,0.1,0.15,0.1
665,665,Groß-Enzersdorf,03,Niederösterreich,0.15,0.15,0.1,0.15,0.1
666,666,Groß-Schweinbarth,03,Niederösterreich,0.15,0.15,0.1,0.15,0.1
667,667,Groß-Siegharts,03,Niederösterreich,0.15,0.15,0.1,0.15,0.1
668,668,Großau,03,Niederösterreich,0.15,0.15,0.1,0.15,0.1
669,669,Großdorf,08,Vorarlberg,0.15,0.15,0.1,0.15,0.1
670,670,Großebersdorf,03,Niederösterreich,0.15,0.15,0.1,0.15,0.1
671,671,Großharras,03,Niederösterreich,0.15,0.15,0.1,0.15,0.1
672,672,Großhofen,03,Niederösterreich,0.15,0.15,0.1,0.15,0.1
673,673,Großkadolz,03,Niederösterreich,0.15,0.15,0.1,0.15,0.1
674,674,Großklein,06,Steiermark,0.15,0.15,0.1,0.15,0.1
675,675,Großkrut,03,Niederösterreich,0.15,0.15,0.1,0.15,0.1
676,676,Großkufhaus,04,Oberösterreich,0.15,0.15,0.1,0.15,0.1
677,677,Großlobming,06,Steiermark,0.15,0.15,0.1,0.15,0.1
678,678,Großmugl,03,Niederösterreich,0.15,0.15,0.1,0.15,0.1
679,679,Großriedenthal,03,Niederösterreich,0.15,0.15,0.1,0.15,0.1
680,680,Großrußbach,03,Niederösterreich,0.15,0.15,0.1,0.15,0.1
681,681,Großsölk,06,Steiermark,0.15,0.15,0.1,0.15,0.1
682,682,Großvassach,02,Kärnten,0.15,0.15,0.1,0.15,0.1
683,683,Großweikersdorf,03,Niederösterreich,0.15,0.15,0.1,0.15,0.1
684,684,Grub,03,Niederösterreich,0.15,0.15,0.1,0.15,0.1
685,685,Grän,07,Tirol,0.15,0.15,0.1,0.15,0.1
686,686,Gröbming,06,Steiermark,0.15,0.15,0.1,0.15,0.1
687,687,Grödig,05,Salzburg,0.15,0.15,0.1,0.15,0.1
688,688,Grünau im Almtal,04,Oberösterreich,0.15,0.15,0.1,0.15,0.1
689,689,Grünbach,04,Oberösterreich,0.15,0.15,0.1,0.15,0.1
690,690,Grünbach am Schneeberg,03,Niederösterreich,0.15,0.15,0.1,0.15,0.1
691,691,Grünbichl,04,Oberösterreich,0.15,0.15,0.1,0.15,0.1
692,692,Grünburg,04,Oberösterreich,0.15,0.15,0.1,0.15,0.1
693,693,Gschaid bei Birkfeld,06,Steiermark,0.15,0.15,0.1,0.15,0.1
694,694,Gschnitz,07,Tirol,0.15,0.15,0.1,0.15,0.1
695,695,Gschwandt,04,Oberösterreich,0.15,0.15,0.1,0.15,0.1
696,696,Gschwandt,05,Salzburg,0.15,0.15,0.1,0.15,0.1
697,697,Gschwendt,06,Steiermark,0.15,0.15,0.1,0.15,0.1
698,698,Gschwendt,05,Salzburg,0.15,0.15,0.1,0.15,0.1
699,699,Guggenberg,04,Oberösterreich,0.15,0.15,0.1,0.15,0.1
700,700,Gugging,03,Niederösterreich,0.15,0.15,0.1,0.15,0.1
701,701,Gumpoldskirchen,03,Niederösterreich,0.15,0.15,0.1,0.15,0.1
702,702,Gundersdorf,06,Steiermark,0.15,0.15,0.1,0.15,0.1
703,703,Gunskirchen,04,Oberösterreich,0.15,0.15,0.1,0.15,0.1
704,704,Guntersdorf,03,Niederösterreich,0.15,0.15,0.1,0.15,0.1
705,705,Guntramsdorf,03,Niederösterreich,0.15,0.15,0.1,0.15,0.1
706,706,Gurgl,07,Tirol,0.15,0.15,0.1,0.15,0.1
707,707,Gurk,02,Kärnten,0.15,0.15,0.1,0.15,0.1
708,708,Gurten,04,Oberösterreich,0.15,0.15,0.1,0.15,0.1
709,709,Gusen,04,Oberösterreich,0.15,0.15,0.1,0.15,0.1
710,710,Gutau,04,Oberösterreich,0.15,0.15,0.1,0.15,0.1
711,711,Gutenbrunn,03,Niederösterreich,0.15,0.15,0.1,0.15,0.1
712,712,Gutenstein,03,Niederösterreich,0.15,0.15,0.1,0.15,0.1
713,713,Guttaring,02,Kärnten,0.15,0.15,0.1,0.15,0.1
714,714,Gänserndorf,03,Niederösterreich,0.15,0.15,0.1,0.15,0.1
715,715,Göfis,08,Vorarlberg,0.15,0.15,0.1,0.15,0.1
716,716,Göllersdorf,03,Niederösterreich,0.15,0.15,0.1,0.15,0.1
717,717,Gölsen,03,Niederösterreich,0.15,0.15,0.1,0.15,0.1
718,718,Göpfritz an der Wild,03,Niederösterreich,0.15,0.15,0.1,0.15,0.1
719,719,Göritz,06,Steiermark,0.15,0.15,0.1,0.15,0.1
720,720,Göss,06,Steiermark,0.15,0.15,0.1,0.15,0.1
721,721,Gösselsdorf,02,Kärnten,0.15,0.15,0.1,0.15,0.1
722,722,Gössenberg,06,Steiermark,0.15,0.15,0.1,0.15,0.1
723,723,Gössendorf,06,Steiermark,0.15,0.15,0.1,0.15,0.1
724,724,Gösting,06,Steiermark,0.15,0.15,0.1,0.15,0.1
725,725,Göstling an der Ybbs,03,Niederösterreich,0.15,0.15,0.1,0.15,0.1
726,726,Göttelsberg,06,Steiermark,0.15,0.15,0.1,0.15,0.1
727,727,Göttlesbrunn,03,Niederösterreich,0.15,0.15,0.1,0.15,0.1
728,728,Göttsbach,03,Niederösterreich,0.15,0.15,0.1,0.15,0.1
729,729,Götzendorf an der Leitha,03,Niederösterreich,0.15,0.15,0.1,0.15,0.1
730,730,Götzens,07,Tirol,0.15,0.15,0.1,0.15,0.1
731,731,Götzis,08,Vorarlberg,0.15,0.15,0.1,0.15,0.1
732,732,Günselsdorf,03,Niederösterreich,0.15,0.15,0.1,0.15,0.1
733,733,Güssing,01,Burgenland,0.15,0.15,0.1,0.15,0.1
734,734,Güttenbach,01,Burgenland,0.15,0.15,0.1,0.15,0.1
735,735,Haag,03,Niederösterreich,0.15,0.15,0.1,0.15,0.1
736,736,Haag,04,Oberösterreich,0.15,0.15,0.1,0.15,0.1
737,737,Haag am Hausruck,04,Oberösterreich,0.15,0.15,0.1,0.15,0.1
738,738,Habach,05,Salzburg,0.15,0.15,0.1,0.15,0.1
739,739,Hackerberg,01,Burgenland,0.15,0.15,0.1,0.15,0.1
740,740,Hadersdorf am Kamp,03,Niederösterreich,0.15,0.15,0.1,0.15,0.1
741,741,Haderswörth,03,Niederösterreich,0.15,0.15,0.1,0.15,0.1
742,742,Hadres,03,Niederösterreich,0.15,0.15,0.1,0.15,0.1
743,743,Hafendorf,06,Steiermark,0.15,0.15,0.1,0.15,0.1
744,744,Hafnerbach,03,Niederösterreich,0.15,0.15,0.1,0.15,0.1
745,745,Hagenberg im Mühlkreis,04,Oberösterreich,0.15,0.15,0.1,0.15,0.1
746,746,Hagenbrunn,03,Niederösterreich,0.15,0.15,0.1,0.15,0.1
747,747,Haibach im Mühlkreis,04,Oberösterreich,0.15,0.15,0.1,0.15,0.1
748,748,Haid,04,Oberösterreich,0.15,0.15,0.1,0.15,0.1
749,749,Haid,05,Salzburg,0.15,0.15,0.1,0.15,0.1
750,750,Haiden,04,Oberösterreich,0.15,0.15,0.1,0.15,0.1
751,751,Haidershofen,03,Niederösterreich,0.15,0.15,0.1,0.15,0.1
752,752,Haiming,07,Tirol,0.15,0.15,0.1,0.15,0.1
753,753,Hainburg an der Donau,03,Niederösterreich,0.15,0.15,0.1,0.15,0.1
754,754,Hainersdorf,06,Steiermark,0.15,0.15,0.1,0.15,0.1
755,755,Hainfeld,03,Niederösterreich,0.15,0.15,0.1,0.15,0.1
756,756,Hainsdorf im Schwarzautal,06,Steiermark,0.15,0.15,0.1,0.15,0.1
757,757,Hainzenberg,07,Tirol,0.15,0.15,0.1,0.15,0.1
758,758,Halbenrain,06,Steiermark,0.15,0.15,0.1,0.15,0.1
759,759,Halbturn,01,Burgenland,0.15,0.15,0.1,0.15,0.1
760,760,Hall in Tirol,07,Tirol,0.15,0.15,0.1,0.15,0.1
761,761,Hallein,05,Salzburg,0.15,0.15,0.1,0.15,0.1
762,762,Hallstatt,04,Oberösterreich,0.15,0.15,0.1,0.15,0.1
763,763,Hallwang,05,Salzburg,0.15,0.15,0.1,0.15,0.1
764,764,Handenberg,04,Oberösterreich,0.15,0.15,0.1,0.15,0.1
765,765,Hanfthal,03,Niederösterreich,0.15,0.15,0.1,0.15,0.1
766,766,Hannersdorf,01,Burgenland,0.15,0.15,0.1,0.15,0.1
767,767,Hard,08,Vorarlberg,0.15,0.15,0.1,0.15,0.1
768,768,Hardegg,03,Niederösterreich,0.15,0.15,0.1,0.15,0.1
769,769,Haringsee,03,Niederösterreich,0.15,0.15,0.1,0.15,0.1
770,770,Harland,03,Niederösterreich,0.15,0.15,0.1,0.15,0.1
771,771,Harmannsdorf,03,Niederösterreich,0.15,0.15,0.1,0.15,0.1
772,772,Hart,03,Niederösterreich,0.15,0.15,0.1,0.15,0.1
773,773,Hart,04,Oberösterreich,0.15,0.15,0.1,0.15,0.1
774,774,Hart bei Eggersdorf,06,Steiermark,0.15,0.15,0.1,0.15,0.1
775,775,Hart bei Graz,06,Steiermark,0.15,0.15,0.1,0.15,0.1
776,776,Hart im Zillertal,07,Tirol,0.15,0.15,0.1,0.15,0.1
777,777,Hartberg,06,Steiermark,0.15,0.15,0.1,0.15,0.1
778,778,Hartheim,04,Oberösterreich,0.15,0.15,0.1,0.15,0.1
779,779,Hartkirchen,04,Oberösterreich,0.15,0.15,0.1,0.15,0.1
780,780,Hartl,06,Steiermark,0.15,0.15,0.1,0.15,0.1
781,781,Hartmannsdorf,06,Steiermark,0.15,0.15,0.1,0.15,0.1
782,782,Haschendorf,03,Niederösterreich,0.15,0.15,0.1,0.15,0.1
783,783,Haselbach,04,Oberösterreich,0.15,0.15,0.1,0.15,0.1
784,784,Haslach,04,Oberösterreich,0.15,0.15,0.1,0.15,0.1
785,785,Haslach an der Mühl,04,Oberösterreich,0.15,0.15,0.1,0.15,0.1
786,786,Haslau an der Donau,03,Niederösterreich,0.15,0.15,0.1,0.15,0.1
787,787,Hatting,07,Tirol,0.15,0.15,0.1,0.15,0.1
788,788,Hatzendorf,06,Steiermark,0.15,0.15,0.1,0.15,0.1
789,789,Haugschlag,03,Niederösterreich,0.15,0.15,0.1,0.15,0.1
790,790,Haugsdorf,03,Niederösterreich,0.15,0.15,0.1,0.15,0.1
791,791,Haunoldstein,03,Niederösterreich,0.15,0.15,0.1,0.15,0.1
792,792,Haus,06,Steiermark,0.15,0.15,0.1,0.15,0.1
793,793,Hausbrunn,03,Niederösterreich,0.15,0.15,0.1,0.15,0.1
794,794,Hauskirchen,03,Niederösterreich,0.15,0.15,0.1,0.15,0.1
795,795,Hausleiten,03,Niederösterreich,0.15,0.15,0.1,0.15,0.1
796,796,Hausmanning,04,Oberösterreich,0.15,0.15,0.1,0.15,0.1
797,797,Hausmannstätten,06,Steiermark,0.15,0.15,0.1,0.15,0.1
798,798,Hausmening,03,Niederösterreich,0.15,0.15,0.1,0.15,0.1
799,799,Hautzendorf,03,Niederösterreich,0.15,0.15,0.1,0.15,0.1
800,800,Hautzendorf,06,Steiermark,0.15,0.15,0.1,0.15,0.1
801,801,Heidenreichstein,03,Niederösterreich,0.15,0.15,0.1,0.15,0.1
802,802,Heiligenbrunn,01,Burgenland,0.15,0.15,0.1,0.15,0.1
803,803,Heiligeneich,03,Niederösterreich,0.15,0.15,0.1,0.15,0.1
804,804,Heiligenkreuz,03,Niederösterreich,0.15,0.15,0.1,0.15,0.1
805,805,Heiligenkreuz am Waasen,06,Steiermark,0.15,0.15,0.1,0.15,0.1
806,806,Heiligenkreuz im Lafnitztal,01,Burgenland,0.15,0.15,0.1,0.15,0.1
807,807,Heiligkreuz,07,Tirol,0.15,0.15,0.1,0.15,0.1
808,808,Heimschuh,06,Steiermark,0.15,0.15,0.1,0.15,0.1
809,809,Heinrichsbrunn,04,Oberösterreich,0.15,0.15,0.1,0.15,0.1
810,810,Heiterwang,07,Tirol,0.15,0.15,0.1,0.15,0.1
811,811,Helfenstein,07,Tirol,0.15,0.15,0.1,0.15,0.1
812,812,Hellmonsödt,04,Oberösterreich,0.15,0.15,0.1,0.15,0.1
813,813,Hengsberg,06,Steiermark,0.15,0.15,0.1,0.15,0.1
814,814,Henndorf am Wallersee,05,Salzburg,0.15,0.15,0.1,0.15,0.1
815,815,Hennersdorf,03,Niederösterreich,0.15,0.15,0.1,0.15,0.1
816,816,Hermagor,02,Kärnten,0.15,0.15,0.1,0.15,0.1
817,817,Hernals,09,Wien,0.15,0.15,0.1,0.15,0.1
818,818,Hernstein,03,Niederösterreich,0.15,0.15,0.1,0.15,0.1
819,819,Herrnbaumgarten,03,Niederösterreich,0.15,0.15,0.1,0.15,0.1
820,820,Herzogenburg,03,Niederösterreich,0.15,0.15,0.1,0.15,0.1
821,821,Herzogsdorf,04,Oberösterreich,0.15,0.15,0.1,0.15,0.1
822,822,Hessenberg,06,Steiermark,0.15,0.15,0.1,0.15,0.1
823,823,Hetzendorf,06,Steiermark,0.15,0.15,0.1,0.15,0.1
824,824,Heugraben,01,Burgenland,0.15,0.15,0.1,0.15,0.1
825,825,Hieflau,06,Steiermark,0.15,0.15,0.1,0.15,0.1
826,826,Hiesendorf,04,Oberösterreich,0.15,0.15,0.1,0.15,0.1
827,827,Hietzing,09,Wien,0.15,0.15,0.1,0.15,0.1
828,828,Himberg,03,Niederösterreich,0.15,0.15,0.1,0.15,0.1
829,829,Himmelberg,02,Kärnten,0.15,0.15,0.1,0.15,0.1
830,830,Himmelreich,05,Salzburg,0.15,0.15,0.1,0.15,0.1
831,831,Hinterberg,06,Steiermark,0.15,0.15,0.1,0.15,0.1
832,832,Hinterbrühl,03,Niederösterreich,0.15,0.15,0.1,0.15,0.1
833,833,Hinterglemm,05,Salzburg,0.15,0.15,0.1,0.15,0.1
834,834,Hinterleiten,03,Niederösterreich,0.15,0.15,0.1,0.15,0.1
835,835,Hintersdorf,03,Niederösterreich,0.15,0.15,0.1,0.15,0.1
836,836,Hintersee,05,Salzburg,0.15,0.15,0.1,0.15,0.1
837,837,Hinterthiersee,07,Tirol,0.15,0.15,0.1,0.15,0.1
838,838,Hippach,07,Tirol,0.15,0.15,0.1,0.15,0.1
839,839,Hippach-Schwendberg,07,Tirol,0.15,0.15,0.1,0.15,0.1
840,840,Hirm,01,Burgenland,0.15,0.15,0.1,0.15,0.1
841,841,Hirnsdorf,06,Steiermark,0.15,0.15,0.1,0.15,0.1
842,842,Hirschbach,03,Niederösterreich,0.15,0.15,0.1,0.15,0.1
843,843,Hirschegg,08,Vorarlberg,0.15,0.15,0.1,0.15,0.1
844,844,Hirtenberg,03,Niederösterreich,0.15,0.15,0.1,0.15,0.1
845,845,Hittisau,08,Vorarlberg,0.15,0.15,0.1,0.15,0.1
846,846,Hitzendorf,06,Steiermark,0.15,0.15,0.1,0.15,0.1
847,847,Hitzing,04,Oberösterreich,0.15,0.15,0.1,0.15,0.1
848,848,Hochfilzen,07,Tirol,0.15,0.15,0.1,0.15,0.1
849,849,Hochleithen,03,Niederösterreich,0.15,0.15,0.1,0.15,0.1
850,850,Hochtregist,06,Steiermark,0.15,0.15,0.1,0.15,0.1
851,851,Hochwolkersdorf,03,Niederösterreich,0.15,0.15,0.1,0.15,0.1
852,852,Hof,05,Salzburg,0.15,0.15,0.1,0.15,0.1
853,853,Hof,04,Oberösterreich,0.15,0.15,0.1,0.15,0.1
854,854,Hof am Leithaberge,03,Niederösterreich,0.15,0.15,0.1,0.15,0.1
855,855,Hof bei Salzburg,05,Salzburg,0.15,0.15,0.1,0.15,0.1
856,856,Hof bei Straden,06,Steiermark,0.15,0.15,0.1,0.15,0.1
857,857,Hofamt Priel,03,Niederösterreich,0.15,0.15,0.1,0.15,0.1
858,858,Hofkirchen,06,Steiermark,0.15,0.15,0.1,0.15,0.1
859,859,Hofkirchen an der Trattnach,04,Oberösterreich,0.15,0.15,0.1,0.15,0.1
860,860,Hofkirchen im Mühlkreis,04,Oberösterreich,0.15,0.15,0.1,0.15,0.1
861,861,Hofkirchen im Traunkreis,04,Oberösterreich,0.15,0.15,0.1,0.15,0.1
862,862,Hofmarkt,05,Salzburg,0.15,0.15,0.1,0.15,0.1
863,863,Hofstetten,03,Niederösterreich,0.15,0.15,0.1,0.15,0.1
864,864,Hofstätten an der Raab,06,Steiermark,0.15,0.15,0.1,0.15,0.1
865,865,Hohenau,03,Niederösterreich,0.15,0.15,0.1,0.15,0.1
866,866,Hohenau an der Raab,06,Steiermark,0.15,0.15,0.1,0.15,0.1
867,867,Hohenberg,03,Niederösterreich,0.15,0.15,0.1,0.15,0.1
868,868,Hohenbrugg an der Raab,06,Steiermark,0.15,0.15,0.1,0.15,0.1
869,869,Hoheneich,03,Niederösterreich,0.15,0.15,0.1,0.15,0.1
870,870,Hohenems,08,Vorarlberg,0.15,0.15,0.1,0.15,0.1
871,871,Hohenruppersdorf,03,Niederösterreich,0.15,0.15,0.1,0.15,0.1
872,872,Hohentauern,06,Steiermark,0.15,0.15,0.1,0.15,0.1
873,873,Hohenthurn,02,Kärnten,0.15,0.15,0.1,0.15,0.1
874,874,Hohenweiler,08,Vorarlberg,0.15,0.15,0.1,0.15,0.1
875,875,Hollabrunn,03,Niederösterreich,0.15,0.15,0.1,0.15,0.1
876,876,Hollenegg,06,Steiermark,0.15,0.15,0.1,0.15,0.1
877,877,Hollenstein an der Ybbs,03,Niederösterreich,0.15,0.15,0.1,0.15,0.1
878,878,Hollenthon,03,Niederösterreich,0.15,0.15,0.1,0.15,0.1
879,879,Hollersbach im Pinzgau,05,Salzburg,0.15,0.15,0.1,0.15,0.1
880,880,Holzgau,07,Tirol,0.15,0.15,0.1,0.15,0.1
881,881,Holzhausen,04,Oberösterreich,0.15,0.15,0.1,0.15,0.1
882,882,Hopfgarten in Defereggen,07,Tirol,0.15,0.15,0.1,0.15,0.1
883,883,Horitschon,01,Burgenland,0.15,0.15,0.1,0.15,0.1
884,884,Horn,03,Niederösterreich,0.15,0.15,0.1,0.15,0.1
885,885,Hornstein,01,Burgenland,0.15,0.15,0.1,0.15,0.1
886,886,Hub,06,Steiermark,0.15,0.15,0.1,0.15,0.1
887,887,Hundsheim,03,Niederösterreich,0.15,0.15,0.1,0.15,0.1
888,888,Hutten,03,Niederösterreich,0.15,0.15,0.1,0.15,0.1
889,889,Häselgehr,07,Tirol,0.15,0.15,0.1,0.15,0.1
890,890,Höch,05,Salzburg,0.15,0.15,0.1,0.15,0.1
891,891,Höchst,08,Vorarlberg,0.15,0.15,0.1,0.15,0.1
892,892,Höf,06,Steiermark,0.15,0.15,0.1,0.15,0.1
893,893,Höfen,04,Oberösterreich,0.15,0.15,0.1,0.15,0.1
894,894,Höfen,07,Tirol,0.15,0.15,0.1,0.15,0.1
895,895,Höflein,03,Niederösterreich,0.15,0.15,0.1,0.15,0.1
896,896,Höflein an der Donau,03,Niederösterreich,0.15,0.15,0.1,0.15,0.1
897,897,Höfling,03,Niederösterreich,0.15,0.15,0.1,0.15,0.1
898,898,Hönigsberg,06,Steiermark,0.15,0.15,0.1,0.15,0.1
899,899,Hörbranz,08,Vorarlberg,0.15,0.15,0.1,0.15,0.1
900,900,Hörgas,06,Steiermark,0.15,0.15,0.1,0.15,0.1
901,901,Hörmsdorf,06,Steiermark,0.15,0.15,0.1,0.15,0.1
902,902,Hörsching,04,Oberösterreich,0.15,0.15,0.1,0.15,0.1
903,903,Hörtendorf,02,Kärnten,0.15,0.15,0.1,0.15,0.1
904,904,Hötting,07,Tirol,0.15,0.15,0.1,0.15,0.1
905,905,Hürm,03,Niederösterreich,0.15,0.15,0.1,0.15,0.1
906,906,Hüttau,05,Salzburg,0.15,0.15,0.1,0.15,0.1
907,907,Hüttenberg,02,Kärnten,0.15,0.15,0.1,0.15,0.1
908,908,Hüttendorf,03,Niederösterreich,0.15,0.15,0.1,0.15,0.1
909,909,Hüttschlag,05,Salzburg,0.15,0.15,0.1,0.15,0.1
910,910,Igls,07,Tirol,0.15,0.15,0.1,0.15,0.1
911,911,Illmitz,01,Burgenland,0.15,0.15,0.1,0.15,0.1
912,912,Ilz,06,Steiermark,0.15,0.15,0.1,0.15,0.1
913,913,Imbach,03,Niederösterreich,0.15,0.15,0.1,0.15,0.1
914,914,Imst,07,Tirol,0.15,0.15,0.1,0.15,0.1
915,915,Imsterberg,07,Tirol,0.15,0.15,0.1,0.15,0.1
916,916,Innerbraz,08,Vorarlberg,0.15,0.15,0.1,0.15,0.1
917,917,Innere Stadt,06,Steiermark,0.15,0.15,0.1,0.15,0.1
918,918,Innere Stadt,02,Kärnten,0.15,0.15,0.1,0.15,0.1
919,919,Innere Stadt,09,Wien,0.15,0.15,0.1,0.15,0.1
920,920,Innermanzing,03,Niederösterreich,0.15,0.15,0.1,0.15,0.1
921,921,Innerschwand,04,Oberösterreich,0.15,0.15,0.1,0.15,0.1
922,922,Innertreffling,04,Oberösterreich,0.15,0.15,0.1,0.15,0.1
923,923,Innervillgraten,07,Tirol,0.15,0.15,0.1,0.15,0.1
924,924,Innsbruck,07,Tirol,0.15,0.15,0.1,0.15,0.1
925,925,Inzenhof,01,Burgenland,0.15,0.15,0.1,0.15,0.1
926,926,Inzersdorf im Kremstal,04,Oberösterreich,0.15,0.15,0.1,0.15,0.1
927,927,Inzersdorf ob der Traisen,03,Niederösterreich,0.15,0.15,0.1,0.15,0.1
928,928,Inzing,07,Tirol,0.15,0.15,0.1,0.15,0.1
929,929,Irdning,06,Steiermark,0.15,0.15,0.1,0.15,0.1
930,930,Irenental,03,Niederösterreich,0.15,0.15,0.1,0.15,0.1
931,931,Irrsdorf,05,Salzburg,0.15,0.15,0.1,0.15,0.1
932,932,Irschen,02,Kärnten,0.15,0.15,0.1,0.15,0.1
933,933,Ischgl,07,Tirol,0.15,0.15,0.1,0.15,0.1
934,934,Itter,07,Tirol,0.15,0.15,0.1,0.15,0.1
935,935,Jabing,01,Burgenland,0.15,0.15,0.1,0.15,0.1
936,936,Jadorf,05,Salzburg,0.15,0.15,0.1,0.15,0.1
937,937,Jagerberg,06,Steiermark,0.15,0.15,0.1,0.15,0.1
938,938,Jaidhof,03,Niederösterreich,0.15,0.15,0.1,0.15,0.1
939,939,Jainzen,04,Oberösterreich,0.15,0.15,0.1,0.15,0.1
940,940,Jakling,02,Kärnten,0.15,0.15,0.1,0.15,0.1
941,941,Jakomini,06,Steiermark,0.15,0.15,0.1,0.15,0.1
942,942,Japons,03,Niederösterreich,0.15,0.15,0.1,0.15,0.1
943,943,Jaritzberg,06,Steiermark,0.15,0.15,0.1,0.15,0.1
944,944,Jedenspeigen,03,Niederösterreich,0.15,0.15,0.1,0.15,0.1
945,945,Jenbach,07,Tirol,0.15,0.15,0.1,0.15,0.1
946,946,Jennersdorf,01,Burgenland,0.15,0.15,0.1,0.15,0.1
947,947,Jerzens,07,Tirol,0.15,0.15,0.1,0.15,0.1
948,948,Jochberg,07,Tirol,0.15,0.15,0.1,0.15,0.1
949,949,Johnsbach,06,Steiermark,0.15,0.15,0.1,0.15,0.1
950,950,Jois,01,Burgenland,0.15,0.15,0.1,0.15,0.1
951,951,Jormannsdorf,01,Burgenland,0.15,0.15,0.1,0.15,0.1
952,952,Judenau,03,Niederösterreich,0.15,0.15,0.1,0.15,0.1
953,953,Judenburg,06,Steiermark,0.15,0.15,0.1,0.15,0.1
954,954,Judendorf,06,Steiermark,0.15,0.15,0.1,0.15,0.1
955,955,Julbach,04,Oberösterreich,0.15,0.15,0.1,0.15,0.1
956,956,Jungholz,07,Tirol,0.15,0.15,0.1,0.15,0.1
957,957,Kaibing,06,Steiermark,0.15,0.15,0.1,0.15,0.1
958,958,Kainach bei Voitsberg,06,Steiermark,0.15,0.15,0.1,0.15,0.1
959,959,Kainbach,06,Steiermark,0.15,0.15,0.1,0.15,0.1
960,960,Kaindorf,06,Steiermark,0.15,0.15,0.1,0.15,0.1
961,961,Kaisersdorf,01,Burgenland,0.15,0.15,0.1,0.15,0.1
962,962,Kallham,04,Oberösterreich,0.15,0.15,0.1,0.15,0.1
963,963,Kalsdorf bei Graz,06,Steiermark,0.15,0.15,0.1,0.15,0.1
964,964,Kaltenbach,04,Oberösterreich,0.15,0.15,0.1,0.15,0.1
965,965,Kaltenbach,07,Tirol,0.15,0.15,0.1,0.15,0.1
966,966,Kaltenleutgeben,03,Niederösterreich,0.15,0.15,0.1,0.15,0.1
967,967,Kaltschach,02,Kärnten,0.15,0.15,0.1,0.15,0.1
968,968,Kalwang,06,Steiermark,0.15,0.15,0.1,0.15,0.1
969,969,Kammern im Liesingtal,06,Steiermark,0.15,0.15,0.1,0.15,0.1
970,970,Kaning,02,Kärnten,0.15,0.15,0.1,0.15,0.1
971,971,Kapellen,06,Steiermark,0.15,0.15,0.1,0.15,0.1
972,972,Kapelln,03,Niederösterreich,0.15,0.15,0.1,0.15,0.1
973,973,Kapfenberg,06,Steiermark,0.15,0.15,0.1,0.15,0.1
974,974,Kapfenstein,06,Steiermark,0.15,0.15,0.1,0.15,0.1
975,975,Kapfing,07,Tirol,0.15,0.15,0.1,0.15,0.1
976,976,Kappel am Krappfeld,02,Kärnten,0.15,0.15,0.1,0.15,0.1
977,977,Kappl,07,Tirol,0.15,0.15,0.1,0.15,0.1
978,978,Kaprun,05,Salzburg,0.15,0.15,0.1,0.15,0.1
979,979,Karlstein,03,Niederösterreich,0.15,0.15,0.1,0.15,0.1
980,980,Karlstetten,03,Niederösterreich,0.15,0.15,0.1,0.15,0.1
981,981,Karnburg,02,Kärnten,0.15,0.15,0.1,0.15,0.1
982,982,Karnerviertel,06,Steiermark,0.15,0.15,0.1,0.15,0.1
983,983,Karres,07,Tirol,0.15,0.15,0.1,0.15,0.1
984,984,Karrösten,07,Tirol,0.15,0.15,0.1,0.15,0.1
985,985,Kartitsch,07,Tirol,0.15,0.15,0.1,0.15,0.1
986,986,Kasten bei Böheimkirchen,03,Niederösterreich,0.15,0.15,0.1,0.15,0.1
987,987,Katsch an der Mur,06,Steiermark,0.15,0.15,0.1,0.15,0.1
988,988,Katsdorf,04,Oberösterreich,0.15,0.15,0.1,0.15,0.1
989,989,Katzelsdorf,03,Niederösterreich,0.15,0.15,0.1,0.15,0.1
990,990,Kaufing,04,Oberösterreich,0.15,0.15,0.1,0.15,0.1
991,991,Kaumberg,03,Niederösterreich,0.15,0.15,0.1,0.15,0.1
992,992,Kaunertal,07,Tirol,0.15,0.15,0.1,0.15,0.1
993,993,Kauns,07,Tirol,0.15,0.15,0.1,0.15,0.1
994,994,Kautendorf,03,Niederösterreich,0.15,0.15,0.1,0.15,0.1
995,995,Kautzen,03,Niederösterreich,0.15,0.15,0.1,0.15,0.1
996,996,Kefermarkt,04,Oberösterreich,0.15,0.15,0.1,0.15,0.1
997,997,Kelchsau,07,Tirol,0.15,0.15,0.1,0.15,0.1
998,998,Kellau,05,Salzburg,0.15,0.15,0.1,0.15,0.1
999,999,Kematen am Innbach,04,Oberösterreich,0.15,0.15,0.1,0.15,0.1
1000,1000,Kematen an der Krems,04,Oberösterreich,0.15,0.15,0.1,0.15,0.1
1001,1001,Kematen in Tirol,07,Tirol,0.15,0.15,0.1,0.15,0.1
1002,1002,Kemeten,01,Burgenland,0.15,0.15,0.1,0.15,0.1
1003,1003,Kennelbach,08,Vorarlberg,0.15,0.15,0.1,0.15,0.1
1004,1004,Kettlasbrunn,03,Niederösterreich,0.15,0.15,0.1,0.15,0.1
1005,1005,Keuschen,04,Oberösterreich,0.15,0.15,0.1,0.15,0.1
1006,1006,Kierling,03,Niederösterreich,0.15,0.15,0.1,0.15,0.1
1007,1007,Kilb,03,Niederösterreich,0.15,0.15,0.1,0.15,0.1
1008,1008,Kindberg,06,Steiermark,0.15,0.15,0.1,0.15,0.1
1009,1009,Kinderdorf Sankt Isidor,04,Oberösterreich,0.15,0.15,0.1,0.15,0.1
1010,1010,Kirchbach,03,Niederösterreich,0.15,0.15,0.1,0.15,0.1
1011,1011,Kirchbach,02,Kärnten,0.15,0.15,0.1,0.15,0.1
1012,1012,Kirchbach in Steiermark,06,Steiermark,0.15,0.15,0.1,0.15,0.1
1013,1013,Kirchberg am Wagram,03,Niederösterreich,0.15,0.15,0.1,0.15,0.1
1014,1014,Kirchberg am Walde,03,Niederösterreich,0.15,0.15,0.1,0.15,0.1
1015,1015,Kirchberg am Wechsel,03,Niederösterreich,0.15,0.15,0.1,0.15,0.1
1016,1016,Kirchberg an der Pielach,03,Niederösterreich,0.15,0.15,0.1,0.15,0.1
1017,1017,Kirchberg an der Raab,06,Steiermark,0.15,0.15,0.1,0.15,0.1
1018,1018,Kirchberg in Tirol,07,Tirol,0.15,0.15,0.1,0.15,0.1
1019,1019,Kirchberg ob der Donau,04,Oberösterreich,0.15,0.15,0.1,0.15,0.1
1020,1020,Kirchbichl,07,Tirol,0.15,0.15,0.1,0.15,0.1
1021,1021,Kirchdorf,06,Steiermark,0.15,0.15,0.1,0.15,0.1
1022,1022,Kirchdorf an der Krems,04,Oberösterreich,0.15,0.15,0.1,0.15,0.1
1023,1023,Kirchdorf in Tirol,07,Tirol,0.15,0.15,0.1,0.15,0.1
1024,1024,Kirchenviertel,06,Steiermark,0.15,0.15,0.1,0.15,0.1
1025,1025,Kirchham,04,Oberösterreich,0.15,0.15,0.1,0.15,0.1
1026,1026,Kirchschlag,03,Niederösterreich,0.15,0.15,0.1,0.15,0.1
1027,1027,Kirchschlag bei Linz,04,Oberösterreich,0.15,0.15,0.1,0.15,0.1
1028,1028,Kirchschlag in der Buckligen Welt,03,Niederösterreich,0.15,0.15,0.1,0.15,0.1
1029,1029,Kirchstetten,03,Niederösterreich,0.15,0.15,0.1,0.15,0.1
1030,1030,Kirnberg an der Mank,03,Niederösterreich,0.15,0.15,0.1,0.15,0.1
1031,1031,Kittsee,01,Burgenland,0.15,0.15,0.1,0.15,0.1
1032,1032,Kitzbühel,07,Tirol,0.15,0.15,0.1,0.15,0.1
1033,1033,Klaffer am Hochficht,04,Oberösterreich,0.15,0.15,0.1,0.15,0.1
1034,1034,Klaus,08,Vorarlberg,0.15,0.15,0.1,0.15,0.1
1035,1035,Klausen-Leopoldsdorf,03,Niederösterreich,0.15,0.15,0.1,0.15,0.1
1036,1036,Kledering,03,Niederösterreich,0.15,0.15,0.1,0.15,0.1
1037,1037,Klein-Engersdorf,03,Niederösterreich,0.15,0.15,0.1,0.15,0.1
1038,1038,Klein-Neusiedl,03,Niederösterreich,0.15,0.15,0.1,0.15,0.1
1039,1039,Klein-Pöchlarn,03,Niederösterreich,0.15,0.15,0.1,0.15,0.1
1040,1040,Kleinarl,05,Salzburg,0.15,0.15,0.1,0.15,0.1
1041,1041,Kleinedling,02,Kärnten,0.15,0.15,0.1,0.15,0.1
1042,1042,Kleingaisfeld,06,Steiermark,0.15,0.15,0.1,0.15,0.1
1043,1043,Kleinhöflein im Burgenland,01,Burgenland,0.15,0.15,0.1,0.15,0.1
1044,1044,Kleinlobming,06,Steiermark,0.15,0.15,0.1,0.15,0.1
1045,1045,Kleinmürbisch,01,Burgenland,0.15,0.15,0.1,0.15,0.1
1046,1046,Kleinraming,04,Oberösterreich,0.15,0.15,0.1,0.15,0.1
1047,1047,Kleinreifling,04,Oberösterreich,0.15,0.15,0.1,0.15,0.1
1048,1048,Kleinreith,04,Oberösterreich,0.15,0.15,0.1,0.15,0.1
1049,1049,Kleinsemmering,06,Steiermark,0.15,0.15,0.1,0.15,0.1
1050,1050,Kleinstübing,06,Steiermark,0.15,0.15,0.1,0.15,0.1
1051,1051,Kleinsöding,06,Steiermark,0.15,0.15,0.1,0.15,0.1
1052,1052,Kleinsölk,06,Steiermark,0.15,0.15,0.1,0.15,0.1
1053,1053,Kleinsöll,07,Tirol,0.15,0.15,0.1,0.15,0.1
1054,1054,Kleinvassach,02,Kärnten,0.15,0.15,0.1,0.15,0.1
1055,1055,Kleinwolkersdorf,03,Niederösterreich,0.15,0.15,0.1,0.15,0.1
1056,1056,Kleinzell,03,Niederösterreich,0.15,0.15,0.1,0.15,0.1
1057,1057,Kliening,02,Kärnten,0.15,0.15,0.1,0.15,0.1
1058,1058,Klingenbach,01,Burgenland,0.15,0.15,0.1,0.15,0.1
1059,1059,Kloster,06,Steiermark,0.15,0.15,0.1,0.15,0.1
1060,1060,Klosterneuburg,03,Niederösterreich,0.15,0.15,0.1,0.15,0.1
1061,1061,Klöch,06,Steiermark,0.15,0.15,0.1,0.15,0.1
1062,1062,Klösterle,08,Vorarlberg,0.15,0.15,0.1,0.15,0.1
1063,1063,Knittelfeld,06,Steiermark,0.15,0.15,0.1,0.15,0.1
1064,1064,Kobenz,06,Steiermark,0.15,0.15,0.1,0.15,0.1
1065,1065,Kobersdorf,01,Burgenland,0.15,0.15,0.1,0.15,0.1
1066,1066,Koblach,08,Vorarlberg,0.15,0.15,0.1,0.15,0.1
1067,1067,Kohfidisch,01,Burgenland,0.15,0.15,0.1,0.15,0.1
1068,1068,Kohlberg,06,Steiermark,0.15,0.15,0.1,0.15,0.1
1069,1069,Kohlschwarz,06,Steiermark,0.15,0.15,0.1,0.15,0.1
1070,1070,Kollerschlag,04,Oberösterreich,0.15,0.15,0.1,0.15,0.1
1071,1071,Kollmitzberg,03,Niederösterreich,0.15,0.15,0.1,0.15,0.1
1072,1072,Kolsass,07,Tirol,0.15,0.15,0.1,0.15,0.1
1073,1073,Kolsassberg,07,Tirol,0.15,0.15,0.1,0.15,0.1
1074,1074,Konradsheim,03,Niederösterreich,0.15,0.15,0.1,0.15,0.1
1075,1075,Kopfing im Innkreis,04,Oberösterreich,0.15,0.15,0.1,0.15,0.1
1076,1076,Koppl,05,Salzburg,0.15,0.15,0.1,0.15,0.1
1077,1077,Korneuburg,03,Niederösterreich,0.15,0.15,0.1,0.15,0.1
1078,1078,Kothvogel,06,Steiermark,0.15,0.15,0.1,0.15,0.1
1079,1079,Kottingbrunn,03,Niederösterreich,0.15,0.15,0.1,0.15,0.1
1080,1080,Kraig,02,Kärnten,0.15,0.15,0.1,0.15,0.1
1081,1081,Krakaudorf,06,Steiermark,0.15,0.15,0.1,0.15,0.1
1082,1082,Krakauhintermühlen,06,Steiermark,0.15,0.15,0.1,0.15,0.1
1083,1083,Krakauschatten,06,Steiermark,0.15,0.15,0.1,0.15,0.1
1084,1084,Kraubath an der Mur,06,Steiermark,0.15,0.15,0.1,0.15,0.1
1085,1085,Krems an der Donau,03,Niederösterreich,0.15,0.15,0.1,0.15,0.1
1086,1086,Kremsdorf,04,Oberösterreich,0.15,0.15,0.1,0.15,0.1
1087,1087,Kremsmünster,04,Oberösterreich,0.15,0.15,0.1,0.15,0.1
1088,1088,Krenglbach,04,Oberösterreich,0.15,0.15,0.1,0.15,0.1
1089,1089,Krensdorf,01,Burgenland,0.15,0.15,0.1,0.15,0.1
1090,1090,Kreutern,04,Oberösterreich,0.15,0.15,0.1,0.15,0.1
1091,1091,Krieglach,06,Steiermark,0.15,0.15,0.1,0.15,0.1
1092,1092,Krispl,05,Salzburg,0.15,0.15,0.1,0.15,0.1
1093,1093,Kristein,04,Oberösterreich,0.15,0.15,0.1,0.15,0.1
1094,1094,Kristen,07,Tirol,0.15,0.15,0.1,0.15,0.1
1095,1095,Kritzendorf,03,Niederösterreich,0.15,0.15,0.1,0.15,0.1
1096,1096,Kronstorf,04,Oberösterreich,0.15,0.15,0.1,0.15,0.1
1097,1097,Kropfing,04,Oberösterreich,0.15,0.15,0.1,0.15,0.1
1098,1098,Krottendorf,06,Steiermark,0.15,0.15,0.1,0.15,0.1
1099,1099,Krottendorf bei Ligist,06,Steiermark,0.15,0.15,0.1,0.15,0.1
1100,1100,Krumau am Kamp,03,Niederösterreich,0.15,0.15,0.1,0.15,0.1
1101,1101,Krumbach,08,Vorarlberg,0.15,0.15,0.1,0.15,0.1
1102,1102,Krumegg,06,Steiermark,0.15,0.15,0.1,0.15,0.1
1103,1103,Krummnußbaum an der Donauuferbahn,03,Niederösterreich,0.15,0.15,0.1,0.15,0.1
1104,1104,Krumpendorf,02,Kärnten,0.15,0.15,0.1,0.15,0.1
1105,1105,Krusdorf,06,Steiermark,0.15,0.15,0.1,0.15,0.1
1106,1106,Krössenbach,05,Salzburg,0.15,0.15,0.1,0.15,0.1
1107,1107,Kuchl,05,Salzburg,0.15,0.15,0.1,0.15,0.1
1108,1108,Kufstein,07,Tirol,0.15,0.15,0.1,0.15,0.1
1109,1109,Kukmirn,01,Burgenland,0.15,0.15,0.1,0.15,0.1
1110,1110,Kulm am Zirbitz,06,Steiermark,0.15,0.15,0.1,0.15,0.1
1111,1111,Kumberg,06,Steiermark,0.15,0.15,0.1,0.15,0.1
1112,1112,Kundl,07,Tirol,0.15,0.15,0.1,0.15,0.1
1113,1113,Käferheim,05,Salzburg,0.15,0.15,0.1,0.15,0.1
1114,1114,Köflach,06,Steiermark,0.15,0.15,0.1,0.15,0.1
1115,1115,Königsberg,03,Niederösterreich,0.15,0.15,0.1,0.15,0.1
1116,1116,Königsbrunn im Weinviertel,03,Niederösterreich,0.15,0.15,0.1,0.15,0.1
1117,1117,Königsdorf,01,Burgenland,0.15,0.15,0.1,0.15,0.1
1118,1118,Königstetten,03,Niederösterreich,0.15,0.15,0.1,0.15,0.1
1119,1119,Königswiesen,04,Oberösterreich,0.15,0.15,0.1,0.15,0.1
1120,1120,Kössen,07,Tirol,0.15,0.15,0.1,0.15,0.1
1121,1121,Köstendorf,05,Salzburg,0.15,0.15,0.1,0.15,0.1
1122,1122,Kötschach,02,Kärnten,0.15,0.15,0.1,0.15,0.1
1123,1123,Köttmannsdorf,02,Kärnten,0.15,0.15,0.1,0.15,0.1
1124,1124,Kühnsdorf,02,Kärnten,0.15,0.15,0.1,0.15,0.1
1125,1125,Kürnberg,03,Niederösterreich,0.15,0.15,0.1,0.15,0.1
1126,1126,Laa,06,Steiermark,0.15,0.15,0.1,0.15,0.1
1127,1127,Laa an der Thaya,03,Niederösterreich,0.15,0.15,0.1,0.15,0.1
1128,1128,Laab,04,Oberösterreich,0.15,0.15,0.1,0.15,0.1
1129,1129,Laab im Walde,03,Niederösterreich,0.15,0.15,0.1,0.15,0.1
1130,1130,Laahen,04,Oberösterreich,0.15,0.15,0.1,0.15,0.1
1131,1131,Laakirchen,04,Oberösterreich,0.15,0.15,0.1,0.15,0.1
1132,1132,Labuch,06,Steiermark,0.15,0.15,0.1,0.15,0.1
1133,1133,Lacken,04,Oberösterreich,0.15,0.15,0.1,0.15,0.1
1134,1134,Lackenbach,01,Burgenland,0.15,0.15,0.1,0.15,0.1
1135,1135,Lackendorf,01,Burgenland,0.15,0.15,0.1,0.15,0.1
1136,1136,Ladendorf,03,Niederösterreich,0.15,0.15,0.1,0.15,0.1
1137,1137,Ladis,07,Tirol,0.15,0.15,0.1,0.15,0.1
1138,1138,Lafnitz,06,Steiermark,0.15,0.15,0.1,0.15,0.1
1139,1139,Lahrndorf,04,Oberösterreich,0.15,0.15,0.1,0.15,0.1
1140,1140,Laideregg,05,Salzburg,0.15,0.15,0.1,0.15,0.1
1141,1141,Laimach,07,Tirol,0.15,0.15,0.1,0.15,0.1
1142,1142,Laimbach am Ostrong,03,Niederösterreich,0.15,0.15,0.1,0.15,0.1
1143,1143,Laintal,06,Steiermark,0.15,0.15,0.1,0.15,0.1
1144,1144,Lambach,04,Oberösterreich,0.15,0.15,0.1,0.15,0.1
1145,1145,Lammertal,05,Salzburg,0.15,0.15,0.1,0.15,0.1
1146,1146,Lamprechtshausen,05,Salzburg,0.15,0.15,0.1,0.15,0.1
1147,1147,Land-Übelbach,06,Steiermark,0.15,0.15,0.1,0.15,0.1
1148,1148,Landeck,07,Tirol,0.15,0.15,0.1,0.15,0.1
1149,1149,Landegg,03,Niederösterreich,0.15,0.15,0.1,0.15,0.1
1150,1150,Landersdorf,03,Niederösterreich,0.15,0.15,0.1,0.15,0.1
1151,1151,Landl,06,Steiermark,0.15,0.15,0.1,0.15,0.1
1152,1152,Landscha bei Weiz,06,Steiermark,0.15,0.15,0.1,0.15,0.1
1153,1153,Landschach,06,Steiermark,0.15,0.15,0.1,0.15,0.1
1154,1154,Landskron,02,Kärnten,0.15,0.15,0.1,0.15,0.1
1155,1155,Lang,06,Steiermark,0.15,0.15,0.1,0.15,0.1
1156,1156,Langau,03,Niederösterreich,0.15,0.15,0.1,0.15,0.1
1157,1157,Langen,08,Vorarlberg,0.15,0.15,0.1,0.15,0.1
1158,1158,Langenegg,08,Vorarlberg,0.15,0.15,0.1,0.15,0.1
1159,1159,Langenlebarn-Oberaigen,03,Niederösterreich,0.15,0.15,0.1,0.15,0.1
1160,1160,Langenlois,03,Niederösterreich,0.15,0.15,0.1,0.15,0.1
1161,1161,Langenrohr,03,Niederösterreich,0.15,0.15,0.1,0.15,0.1
1162,1162,Langenstein,04,Oberösterreich,0.15,0.15,0.1,0.15,0.1
1163,1163,Langenwang,06,Steiermark,0.15,0.15,0.1,0.15,0.1
1164,1164,Langenzersdorf,03,Niederösterreich,0.15,0.15,0.1,0.15,0.1
1165,1165,Langholzfeld,04,Oberösterreich,0.15,0.15,0.1,0.15,0.1
1166,1166,Langschlag,03,Niederösterreich,0.15,0.15,0.1,0.15,0.1
1167,1167,Langwies,04,Oberösterreich,0.15,0.15,0.1,0.15,0.1
1168,1168,Lannach,06,Steiermark,0.15,0.15,0.1,0.15,0.1
1169,1169,Lans,07,Tirol,0.15,0.15,0.1,0.15,0.1
1170,1170,Lanzendorf,03,Niederösterreich,0.15,0.15,0.1,0.15,0.1
1171,1171,Lanzenkirchen,03,Niederösterreich,0.15,0.15,0.1,0.15,0.1
1172,1172,Lasberg,04,Oberösterreich,0.15,0.15,0.1,0.15,0.1
1173,1173,Lassee,03,Niederösterreich,0.15,0.15,0.1,0.15,0.1
1174,1174,Lassing,06,Steiermark,0.15,0.15,0.1,0.15,0.1
1175,1175,Launsdorf,02,Kärnten,0.15,0.15,0.1,0.15,0.1
1176,1176,Laussa,04,Oberösterreich,0.15,0.15,0.1,0.15,0.1
1177,1177,Lauterach,08,Vorarlberg,0.15,0.15,0.1,0.15,0.1
1178,1178,Lavamünd,02,Kärnten,0.15,0.15,0.1,0.15,0.1
1179,1179,Lavant,07,Tirol,0.15,0.15,0.1,0.15,0.1
1180,1180,Laxenburg,03,Niederösterreich,0.15,0.15,0.1,0.15,0.1
1181,1181,Laßnitzthal,06,Steiermark,0.15,0.15,0.1,0.15,0.1
1182,1182,Lebern,06,Steiermark,0.15,0.15,0.1,0.15,0.1
1183,1183,Lebring,06,Steiermark,0.15,0.15,0.1,0.15,0.1
1184,1184,Lech,08,Vorarlberg,0.15,0.15,0.1,0.15,0.1
1185,1185,Lechaschau,07,Tirol,0.15,0.15,0.1,0.15,0.1
1186,1186,Ledenitzen,02,Kärnten,0.15,0.15,0.1,0.15,0.1
1187,1187,Lehen,05,Salzburg,0.15,0.15,0.1,0.15,0.1
1188,1188,Leiben,03,Niederösterreich,0.15,0.15,0.1,0.15,0.1
1189,1189,Leibnitz,06,Steiermark,0.15,0.15,0.1,0.15,0.1
1190,1190,Leibsdorf,02,Kärnten,0.15,0.15,0.1,0.15,0.1
1191,1191,Leisach,07,Tirol,0.15,0.15,0.1,0.15,0.1
1192,1192,Leitendorf,06,Steiermark,0.15,0.15,0.1,0.15,0.1
1193,1193,Leitersdorf bei Hartberg,06,Steiermark,0.15,0.15,0.1,0.15,0.1
1194,1194,Leitersdorf im Raabtal,06,Steiermark,0.15,0.15,0.1,0.15,0.1
1195,1195,Leithaprodersdorf,01,Burgenland,0.15,0.15,0.1,0.15,0.1
1196,1196,Leitring,06,Steiermark,0.15,0.15,0.1,0.15,0.1
1197,1197,Leitzersdorf,03,Niederösterreich,0.15,0.15,0.1,0.15,0.1
1198,1198,Lembach im Mühlkreis,04,Oberösterreich,0.15,0.15,0.1,0.15,0.1
1199,1199,Lend,05,Salzburg,0.15,0.15,0.1,0.15,0.1
1200,1200,Lend,06,Steiermark,0.15,0.15,0.1,0.15,0.1
1201,1201,Lendorf,02,Kärnten,0.15,0.15,0.1,0.15,0.1
1202,1202,Lengau,04,Oberösterreich,0.15,0.15,0.1,0.15,0.1
1203,1203,Lengenfeld,03,Niederösterreich,0.15,0.15,0.1,0.15,0.1
1204,1204,Lengfelden,05,Salzburg,0.15,0.15,0.1,0.15,0.1
1205,1205,Lenzing,04,Oberösterreich,0.15,0.15,0.1,0.15,0.1
1206,1206,Lenzing,05,Salzburg,0.15,0.15,0.1,0.15,0.1
1207,1207,Leoben,06,Steiermark,0.15,0.15,0.1,0.15,0.1
1208,1208,Leobendorf,03,Niederösterreich,0.15,0.15,0.1,0.15,0.1
1209,1209,Leobersdorf,03,Niederösterreich,0.15,0.15,0.1,0.15,0.1
1210,1210,Leogang,05,Salzburg,0.15,0.15,0.1,0.15,0.1
1211,1211,Leonding,04,Oberösterreich,0.15,0.15,0.1,0.15,0.1
1212,1212,Leonstein,04,Oberösterreich,0.15,0.15,0.1,0.15,0.1
1213,1213,Leopoldsdorf,03,Niederösterreich,0.15,0.15,0.1,0.15,0.1
1214,1214,Leopoldsdorf im Marchfelde,03,Niederösterreich,0.15,0.15,0.1,0.15,0.1
1215,1215,Lerchenfeld,03,Niederösterreich,0.15,0.15,0.1,0.15,0.1
1216,1216,Lerchenreith,06,Steiermark,0.15,0.15,0.1,0.15,0.1
1217,1217,Lermoos,07,Tirol,0.15,0.15,0.1,0.15,0.1
1218,1218,Leutasch,07,Tirol,0.15,0.15,0.1,0.15,0.1
1219,1219,Leutschach,06,Steiermark,0.15,0.15,0.1,0.15,0.1
1220,1220,Lichtenegg,03,Niederösterreich,0.15,0.15,0.1,0.15,0.1
1221,1221,Lichtenegg,04,Oberösterreich,0.15,0.15,0.1,0.15,0.1
1222,1222,Lichtenwörth,03,Niederösterreich,0.15,0.15,0.1,0.15,0.1
1223,1223,Liebenau,06,Steiermark,0.15,0.15,0.1,0.15,0.1
1224,1224,Liebenfels,02,Kärnten,0.15,0.15,0.1,0.15,0.1
1225,1225,Liebensdorf,06,Steiermark,0.15,0.15,0.1,0.15,0.1
1226,1226,Lieboch,06,Steiermark,0.15,0.15,0.1,0.15,0.1
1227,1227,Lienz,07,Tirol,0.15,0.15,0.1,0.15,0.1
1228,1228,Lieserbrücke,02,Kärnten,0.15,0.15,0.1,0.15,0.1
1229,1229,Liesfeld,07,Tirol,0.15,0.15,0.1,0.15,0.1
1230,1230,Liesingtal,06,Steiermark,0.15,0.15,0.1,0.15,0.1
1231,1231,Liezen,06,Steiermark,0.15,0.15,0.1,0.15,0.1
1232,1232,Ligist,06,Steiermark,0.15,0.15,0.1,0.15,0.1
1233,1233,Lilienfeld,03,Niederösterreich,0.15,0.15,0.1,0.15,0.1
1234,1234,Limbach,03,Niederösterreich,0.15,0.15,0.1,0.15,0.1
1235,1235,Lind,02,Kärnten,0.15,0.15,0.1,0.15,0.1
1236,1236,Lind bei Scheifling,06,Steiermark,0.15,0.15,0.1,0.15,0.1
1237,1237,Lind ob Velden,02,Kärnten,0.15,0.15,0.1,0.15,0.1
1238,1238,Lindl,02,Kärnten,0.15,0.15,0.1,0.15,0.1
1239,1239,Lingenau,08,Vorarlberg,0.15,0.15,0.1,0.15,0.1
1240,1240,Linz,04,Oberösterreich,0.15,0.15,0.1,0.15,0.1
1241,1241,Linzerberg,04,Oberösterreich,0.15,0.15,0.1,0.15,0.1
1242,1242,Litschau,03,Niederösterreich,0.15,0.15,0.1,0.15,0.1
1243,1243,Litzelsdorf,01,Burgenland,0.15,0.15,0.1,0.15,0.1
1244,1244,Lixlau,04,Oberösterreich,0.15,0.15,0.1,0.15,0.1
1245,1245,Lochau,08,Vorarlberg,0.15,0.15,0.1,0.15,0.1
1246,1246,Lochen,04,Oberösterreich,0.15,0.15,0.1,0.15,0.1
1247,1247,Lockenhaus,01,Burgenland,0.15,0.15,0.1,0.15,0.1
1248,1248,Lofer,05,Salzburg,0.15,0.15,0.1,0.15,0.1
1249,1249,Lohnsburg,04,Oberösterreich,0.15,0.15,0.1,0.15,0.1
1250,1250,Loich,03,Niederösterreich,0.15,0.15,0.1,0.15,0.1
1251,1251,Loidesthal,03,Niederösterreich,0.15,0.15,0.1,0.15,0.1
1252,1252,Loipersbach,03,Niederösterreich,0.15,0.15,0.1,0.15,0.1
1253,1253,Loipersbach im Burgenland,01,Burgenland,0.15,0.15,0.1,0.15,0.1
1254,1254,Loipersdorf bei Fürstenfeld,06,Steiermark,0.15,0.15,0.1,0.15,0.1
1255,1255,Loipersdorf im Burgenland,01,Burgenland,0.15,0.15,0.1,0.15,0.1
1256,1256,Loosdorf,03,Niederösterreich,0.15,0.15,0.1,0.15,0.1
1257,1257,Loretto,01,Burgenland,0.15,0.15,0.1,0.15,0.1
1258,1258,Lorüns,08,Vorarlberg,0.15,0.15,0.1,0.15,0.1
1259,1259,Losenstein,04,Oberösterreich,0.15,0.15,0.1,0.15,0.1
1260,1260,Ludersdorf,06,Steiermark,0.15,0.15,0.1,0.15,0.1
1261,1261,Ludesch,08,Vorarlberg,0.15,0.15,0.1,0.15,0.1
1262,1262,Ludmannsdorf,02,Kärnten,0.15,0.15,0.1,0.15,0.1
1263,1263,Lumplgraben,04,Oberösterreich,0.15,0.15,0.1,0.15,0.1
1264,1264,Lunz am See,03,Niederösterreich,0.15,0.15,0.1,0.15,0.1
1265,1265,Lustenau,08,Vorarlberg,0.15,0.15,0.1,0.15,0.1
1266,1266,Lutzmannsburg,01,Burgenland,0.15,0.15,0.1,0.15,0.1
1267,1267,Längenfeld,07,Tirol,0.15,0.15,0.1,0.15,0.1
1268,1268,Löbenau,05,Salzburg,0.15,0.15,0.1,0.15,0.1
1269,1269,Lödersdorf,06,Steiermark,0.15,0.15,0.1,0.15,0.1
1270,1270,Lödersdorf I,06,Steiermark,0.15,0.15,0.1,0.15,0.1
1271,1271,Löffelbach,06,Steiermark,0.15,0.15,0.1,0.15,0.1
1272,1272,Maierdorf,06,Steiermark,0.15,0.15,0.1,0.15,0.1
1273,1273,Maierhof,04,Oberösterreich,0.15,0.15,0.1,0.15,0.1
1274,1274,Maiersdorf,03,Niederösterreich,0.15,0.15,0.1,0.15,0.1
1275,1275,Mailberg,03,Niederösterreich,0.15,0.15,0.1,0.15,0.1
1276,1276,Mainsdorf,06,Steiermark,0.15,0.15,0.1,0.15,0.1
1277,1277,Maishofen,05,Salzburg,0.15,0.15,0.1,0.15,0.1
1278,1278,Maissau,03,Niederösterreich,0.15,0.15,0.1,0.15,0.1
1279,1279,Malta,02,Kärnten,0.15,0.15,0.1,0.15,0.1
1280,1280,Mank,03,Niederösterreich,0.15,0.15,0.1,0.15,0.1
1281,1281,Mannersdorf am Leithagebirge,03,Niederösterreich,0.15,0.15,0.1,0.15,0.1
1282,1282,Mannersdorf an der Rabnitz,01,Burgenland,0.15,0.15,0.1,0.15,0.1
1283,1283,Manning,04,Oberösterreich,0.15,0.15,0.1,0.15,0.1
1284,1284,Mannsdorf an der Donau,03,Niederösterreich,0.15,0.15,0.1,0.15,0.1
1285,1285,Mannswörth,03,Niederösterreich,0.15,0.15,0.1,0.15,0.1
1286,1286,Marbach an der Donau,03,Niederösterreich,0.15,0.15,0.1,0.15,0.1
1287,1287,Marchegg,03,Niederösterreich,0.15,0.15,0.1,0.15,0.1
1288,1288,Marchtrenk,04,Oberösterreich,0.15,0.15,0.1,0.15,0.1
1289,1289,Margarethen am Moos,03,Niederösterreich,0.15,0.15,0.1,0.15,0.1
1290,1290,Maria Elend,02,Kärnten,0.15,0.15,0.1,0.15,0.1
1291,1291,Maria Ellend,03,Niederösterreich,0.15,0.15,0.1,0.15,0.1
1292,1292,Maria Enzersdorf,03,Niederösterreich,0.15,0.15,0.1,0.15,0.1
1293,1293,Maria Gail,02,Kärnten,0.15,0.15,0.1,0.15,0.1
1294,1294,Maria Laach am Jauerling,03,Niederösterreich,0.15,0.15,0.1,0.15,0.1
1295,1295,Maria Lankowitz,06,Steiermark,0.15,0.15,0.1,0.15,0.1
1296,1296,Maria Neustift,04,Oberösterreich,0.15,0.15,0.1,0.15,0.1
1297,1297,Maria Rain,02,Kärnten,0.15,0.15,0.1,0.15,0.1
1298,1298,Maria Saal,02,Kärnten,0.15,0.15,0.1,0.15,0.1
1299,1299,Maria Schmolln,04,Oberösterreich,0.15,0.15,0.1,0.15,0.1
1300,1300,Maria Taferl,03,Niederösterreich,0.15,0.15,0.1,0.15,0.1
1301,1301,Maria Wörth,02,Kärnten,0.15,0.15,0.1,0.15,0.1
1302,1302,Maria-Anzbach,03,Niederösterreich,0.15,0.15,0.1,0.15,0.1
1303,1303,Mariahof,06,Steiermark,0.15,0.15,0.1,0.15,0.1
1304,1304,Mariapfarr,05,Salzburg,0.15,0.15,0.1,0.15,0.1
1305,1305,Mariasdorf,01,Burgenland,0.15,0.15,0.1,0.15,0.1
1306,1306,Mariastein,07,Tirol,0.15,0.15,0.1,0.15,0.1
1307,1307,Mariatal,07,Tirol,0.15,0.15,0.1,0.15,0.1
1308,1308,Mariatrost,06,Steiermark,0.15,0.15,0.1,0.15,0.1
1309,1309,Mariazell,06,Steiermark,0.15,0.15,0.1,0.15,0.1
1310,1310,Markersdorf an der Pielach,03,Niederösterreich,0.15,0.15,0.1,0.15,0.1
1311,1311,Markgrafneusiedl,03,Niederösterreich,0.15,0.15,0.1,0.15,0.1
1312,1312,Markstein,02,Kärnten,0.15,0.15,0.1,0.15,0.1
1313,1313,Markt,04,Oberösterreich,0.15,0.15,0.1,0.15,0.1
1314,1314,Markt Allhau,01,Burgenland,0.15,0.15,0.1,0.15,0.1
1315,1315,Markt Neuhodis,01,Burgenland,0.15,0.15,0.1,0.15,0.1
1316,1316,Markt Piesting,03,Niederösterreich,0.15,0.15,0.1,0.15,0.1
1317,1317,Markt Sankt Martin,01,Burgenland,0.15,0.15,0.1,0.15,0.1
1318,1318,Marktl,03,Niederösterreich,0.15,0.15,0.1,0.15,0.1
1319,1319,Martinsberg,03,Niederösterreich,0.15,0.15,0.1,0.15,0.1
1320,1320,Marz,01,Burgenland,0.15,0.15,0.1,0.15,0.1
1321,1321,Maschl,05,Salzburg,0.15,0.15,0.1,0.15,0.1
1322,1322,Matrei am Brenner,07,Tirol,0.15,0.15,0.1,0.15,0.1
1323,1323,Matrei in Osttirol,07,Tirol,0.15,0.15,0.1,0.15,0.1
1324,1324,Mattersburg,01,Burgenland,0.15,0.15,0.1,0.15,0.1
1325,1325,Mattighofen,04,Oberösterreich,0.15,0.15,0.1,0.15,0.1
1326,1326,Mattsee,05,Salzburg,0.15,0.15,0.1,0.15,0.1
1327,1327,Matzen,03,Niederösterreich,0.15,0.15,0.1,0.15,0.1
1328,1328,Matzendorf,03,Niederösterreich,0.15,0.15,0.1,0.15,0.1
1329,1329,Matzing,05,Salzburg,0.15,0.15,0.1,0.15,0.1
1330,1330,Matzleinsdorf,03,Niederösterreich,0.15,0.15,0.1,0.15,0.1
1331,1331,Mauer,02,Kärnten,0.15,0.15,0.1,0.15,0.1
1332,1332,Mauer bei Amstetten,03,Niederösterreich,0.15,0.15,0.1,0.15,0.1
1333,1333,Mauer bei Melk,03,Niederösterreich,0.15,0.15,0.1,0.15,0.1
1334,1334,Mauerbach,03,Niederösterreich,0.15,0.15,0.1,0.15,0.1
1335,1335,Mauerkirchen,04,Oberösterreich,0.15,0.15,0.1,0.15,0.1
1336,1336,Mauern,07,Tirol,0.15,0.15,0.1,0.15,0.1
1337,1337,Maurach,07,Tirol,0.15,0.15,0.1,0.15,0.1
1338,1338,Mautbrücken,02,Kärnten,0.15,0.15,0.1,0.15,0.1
1339,1339,Mautern,03,Niederösterreich,0.15,0.15,0.1,0.15,0.1
1340,1340,Mautern in Steiermark,06,Steiermark,0.15,0.15,0.1,0.15,0.1
1341,1341,Mauterndorf,05,Salzburg,0.15,0.15,0.1,0.15,0.1
1342,1342,Mauthausen,04,Oberösterreich,0.15,0.15,0.1,0.15,0.1
1343,1343,Mauthen,02,Kärnten,0.15,0.15,0.1,0.15,0.1
1344,1344,Mayrhofen,07,Tirol,0.15,0.15,0.1,0.15,0.1
1345,1345,Medraz,07,Tirol,0.15,0.15,0.1,0.15,0.1
1346,1346,Meggenhofen,04,Oberösterreich,0.15,0.15,0.1,0.15,0.1
1347,1347,Mehrn,07,Tirol,0.15,0.15,0.1,0.15,0.1
1348,1348,Mehrnbach,04,Oberösterreich,0.15,0.15,0.1,0.15,0.1
1349,1349,Meidling,09,Wien,0.15,0.15,0.1,0.15,0.1
1350,1350,Meiningen,08,Vorarlberg,0.15,0.15,0.1,0.15,0.1
1351,1351,Melk,03,Niederösterreich,0.15,0.15,0.1,0.15,0.1
1352,1352,Mellach,06,Steiermark,0.15,0.15,0.1,0.15,0.1
1353,1353,Mellau,08,Vorarlberg,0.15,0.15,0.1,0.15,0.1
1354,1354,Merkendorf,06,Steiermark,0.15,0.15,0.1,0.15,0.1
1355,1355,Metnitz,02,Kärnten,0.15,0.15,0.1,0.15,0.1
1356,1356,Mettersdorf am Saßbach,06,Steiermark,0.15,0.15,0.1,0.15,0.1
1357,1357,Michaelerberg,06,Steiermark,0.15,0.15,0.1,0.15,0.1
1358,1358,Michaelnbach,04,Oberösterreich,0.15,0.15,0.1,0.15,0.1
1359,1359,Micheldorf,02,Kärnten,0.15,0.15,0.1,0.15,0.1
1360,1360,Michelhausen,03,Niederösterreich,0.15,0.15,0.1,0.15,0.1
1361,1361,Mieders,07,Tirol,0.15,0.15,0.1,0.15,0.1
1362,1362,Miesenbach,03,Niederösterreich,0.15,0.15,0.1,0.15,0.1
1363,1363,Millstatt,02,Kärnten,0.15,0.15,0.1,0.15,0.1
1364,1364,Mils bei Imst,07,Tirol,0.15,0.15,0.1,0.15,0.1
1365,1365,Mining,04,Oberösterreich,0.15,0.15,0.1,0.15,0.1
1366,1366,Mischendorf,01,Burgenland,0.15,0.15,0.1,0.15,0.1
1367,1367,Mistelbach,03,Niederösterreich,0.15,0.15,0.1,0.15,0.1
1368,1368,Mittelberg,08,Vorarlberg,0.15,0.15,0.1,0.15,0.1
1369,1369,Mitterberg,06,Steiermark,0.15,0.15,0.1,0.15,0.1
1370,1370,Mitterberghütten,05,Salzburg,0.15,0.15,0.1,0.15,0.1
1371,1371,Mitterdorf an der Raab,06,Steiermark,0.15,0.15,0.1,0.15,0.1
1372,1372,Mitterdorf im Mürztal,06,Steiermark,0.15,0.15,0.1,0.15,0.1
1373,1373,Mitterfladnitz,06,Steiermark,0.15,0.15,0.1,0.15,0.1
1374,1374,Mitterhausleiten,03,Niederösterreich,0.15,0.15,0.1,0.15,0.1
1375,1375,Mitterhofen,05,Salzburg,0.15,0.15,0.1,0.15,0.1
1376,1376,Mitterlabill,06,Steiermark,0.15,0.15,0.1,0.15,0.1
1377,1377,Mitterland,07,Tirol,0.15,0.15,0.1,0.15,0.1
1378,1378,Mitterlimberg,06,Steiermark,0.15,0.15,0.1,0.15,0.1
1379,1379,Mitterndorf,04,Oberösterreich,0.15,0.15,0.1,0.15,0.1
1380,1380,Mitterndorf,07,Tirol,0.15,0.15,0.1,0.15,0.1
1381,1381,Mitterndorf an der Fischa,03,Niederösterreich,0.15,0.15,0.1,0.15,0.1
1382,1382,Mitterperwend,04,Oberösterreich,0.15,0.15,0.1,0.15,0.1
1383,1383,Mitterpullendorf,01,Burgenland,0.15,0.15,0.1,0.15,0.1
1384,1384,Mittersill,05,Salzburg,0.15,0.15,0.1,0.15,0.1
1385,1385,Mittertreffling,04,Oberösterreich,0.15,0.15,0.1,0.15,0.1
1386,1386,Mittlern,02,Kärnten,0.15,0.15,0.1,0.15,0.1
1387,1387,Modriach,06,Steiermark,0.15,0.15,0.1,0.15,0.1
1388,1388,Mogersdorf,01,Burgenland,0.15,0.15,0.1,0.15,0.1
1389,1389,Molln,04,Oberösterreich,0.15,0.15,0.1,0.15,0.1
1390,1390,Mollram,03,Niederösterreich,0.15,0.15,0.1,0.15,0.1
1391,1391,Mondsee,04,Oberösterreich,0.15,0.15,0.1,0.15,0.1
1392,1392,Moosbrunn,03,Niederösterreich,0.15,0.15,0.1,0.15,0.1
1393,1393,Moosburg,02,Kärnten,0.15,0.15,0.1,0.15,0.1
1394,1394,Moosdorf,04,Oberösterreich,0.15,0.15,0.1,0.15,0.1
1395,1395,Mooskirchen,06,Steiermark,0.15,0.15,0.1,0.15,0.1
1396,1396,Mortantsch,06,Steiermark,0.15,0.15,0.1,0.15,0.1
1397,1397,Moschendorf,01,Burgenland,0.15,0.15,0.1,0.15,0.1
1398,1398,Muckendorf an der Donau,03,Niederösterreich,0.15,0.15,0.1,0.15,0.1
1399,1399,Muggendorf,03,Niederösterreich,0.15,0.15,0.1,0.15,0.1
1400,1400,Munderfing,04,Oberösterreich,0.15,0.15,0.1,0.15,0.1
1401,1401,Muntlix,08,Vorarlberg,0.15,0.15,0.1,0.15,0.1
1402,1402,Murau,06,Steiermark,0.15,0.15,0.1,0.15,0.1
1403,1403,Mureck,06,Steiermark,0.15,0.15,0.1,0.15,0.1
1404,1404,Musau,07,Tirol,0.15,0.15,0.1,0.15,0.1
1405,1405,Muthmannsdorf,03,Niederösterreich,0.15,0.15,0.1,0.15,0.1
1406,1406,Muttendorf,06,Steiermark,0.15,0.15,0.1,0.15,0.1
1407,1407,Mutters,07,Tirol,0.15,0.15,0.1,0.15,0.1
1408,1408,Mäder,08,Vorarlberg,0.15,0.15,0.1,0.15,0.1
1409,1409,Möderbrugg,06,Steiermark,0.15,0.15,0.1,0.15,0.1
1410,1410,Mödling,03,Niederösterreich,0.15,0.15,0.1,0.15,0.1
1411,1411,Möggers,08,Vorarlberg,0.15,0.15,0.1,0.15,0.1
1412,1412,Mölbling,02,Kärnten,0.15,0.15,0.1,0.15,0.1
1413,1413,Möllbrücke,02,Kärnten,0.15,0.15,0.1,0.15,0.1
1414,1414,Möllersdorf,03,Niederösterreich,0.15,0.15,0.1,0.15,0.1
1415,1415,Mönchdorf,04,Oberösterreich,0.15,0.15,0.1,0.15,0.1
1416,1416,Mönchhof,01,Burgenland,0.15,0.15,0.1,0.15,0.1
1417,1417,Mönichkirchen,03,Niederösterreich,0.15,0.15,0.1,0.15,0.1
1418,1418,Mörbisch am See,01,Burgenland,0.15,0.15,0.1,0.15,0.1
1419,1419,Mörtelsdorf,05,Salzburg,0.15,0.15,0.1,0.15,0.1
1420,1420,Mörtschach,02,Kärnten,0.15,0.15,0.1,0.15,0.1
1421,1421,Mötz,07,Tirol,0.15,0.15,0.1,0.15,0.1
1422,1422,Mühlau,07,Tirol,0.15,0.15,0.1,0.15,0.1
1423,1423,Mühlbach,05,Salzburg,0.15,0.15,0.1,0.15,0.1
1424,1424,Mühlbach,04,Oberösterreich,0.15,0.15,0.1,0.15,0.1
1425,1425,Mühlbach am Hochkönig,05,Salzburg,0.15,0.15,0.1,0.15,0.1
1426,1426,Mühlbachl,07,Tirol,0.15,0.15,0.1,0.15,0.1
1427,1427,Mühldorf,04,Oberösterreich,0.15,0.15,0.1,0.15,0.1
1428,1428,Mühldorf,03,Niederösterreich,0.15,0.15,0.1,0.15,0.1
1429,1429,Mühldorf,02,Kärnten,0.15,0.15,0.1,0.15,0.1
1430,1430,Mühldorf bei Feldbach,06,Steiermark,0.15,0.15,0.1,0.15,0.1
1431,1431,Mühlen,06,Steiermark,0.15,0.15,0.1,0.15,0.1
1432,1432,Mühlgang,03,Niederösterreich,0.15,0.15,0.1,0.15,0.1
1433,1433,Mühlgraben,01,Burgenland,0.15,0.15,0.1,0.15,0.1
1434,1434,Mühlgraben,07,Tirol,0.15,0.15,0.1,0.15,0.1
1435,1435,Mühling,03,Niederösterreich,0.15,0.15,0.1,0.15,0.1
1436,1436,Müllendorf,01,Burgenland,0.15,0.15,0.1,0.15,0.1
1437,1437,Münchendorf,03,Niederösterreich,0.15,0.15,0.1,0.15,0.1
1438,1438,Münichsthal,03,Niederösterreich,0.15,0.15,0.1,0.15,0.1
1439,1439,Münster,07,Tirol,0.15,0.15,0.1,0.15,0.1
1440,1440,Münzbach,04,Oberösterreich,0.15,0.15,0.1,0.15,0.1
1441,1441,Münzkirchen,04,Oberösterreich,0.15,0.15,0.1,0.15,0.1
1442,1442,Mürzhofen,06,Steiermark,0.15,0.15,0.1,0.15,0.1
1443,1443,Mürzsteg,06,Steiermark,0.15,0.15,0.1,0.15,0.1
1444,1444,Mürzzuschlag,06,Steiermark,0.15,0.15,0.1,0.15,0.1
1445,1445,Naas,06,Steiermark,0.15,0.15,0.1,0.15,0.1
1446,1446,Namlos,07,Tirol,0.15,0.15,0.1,0.15,0.1
1447,1447,Nassereith,07,Tirol,0.15,0.15,0.1,0.15,0.1
1448,1448,Natschbach,03,Niederösterreich,0.15,0.15,0.1,0.15,0.1
1449,1449,Natternbach,04,Oberösterreich,0.15,0.15,0.1,0.15,0.1
1450,1450,Natters,07,Tirol,0.15,0.15,0.1,0.15,0.1
1451,1451,Nauders,07,Tirol,0.15,0.15,0.1,0.15,0.1
1452,1452,Nebelberg,04,Oberösterreich,0.15,0.15,0.1,0.15,0.1
1453,1453,Neckenmarkt,01,Burgenland,0.15,0.15,0.1,0.15,0.1
1454,1454,Neidling,03,Niederösterreich,0.15,0.15,0.1,0.15,0.1
1455,1455,Nenzing,08,Vorarlberg,0.15,0.15,0.1,0.15,0.1
1456,1456,Nesselwängle,07,Tirol,0.15,0.15,0.1,0.15,0.1
1457,1457,Nestelbach bei Graz,06,Steiermark,0.15,0.15,0.1,0.15,0.1
1458,1458,Nestelbach im Ilztal,06,Steiermark,0.15,0.15,0.1,0.15,0.1
1459,1459,Neu-Anif,05,Salzburg,0.15,0.15,0.1,0.15,0.1
1460,1460,Neu-Feffernitz,02,Kärnten,0.15,0.15,0.1,0.15,0.1
1461,1461,Neu-Terfens,07,Tirol,0.15,0.15,0.1,0.15,0.1
1462,1462,Neualm,05,Salzburg,0.15,0.15,0.1,0.15,0.1
1463,1463,Neubach,05,Salzburg,0.15,0.15,0.1,0.15,0.1
1464,1464,Neubau,04,Oberösterreich,0.15,0.15,0.1,0.15,0.1
1465,1465,Neuberg,05,Salzburg,0.15,0.15,0.1,0.15,0.1
1466,1466,Neuberg im Burgenland,01,Burgenland,0.15,0.15,0.1,0.15,0.1
1467,1467,Neuda,03,Niederösterreich,0.15,0.15,0.1,0.15,0.1
1468,1468,Neudau,06,Steiermark,0.15,0.15,0.1,0.15,0.1
1469,1469,Neudauberg,01,Burgenland,0.15,0.15,0.1,0.15,0.1
1470,1470,Neudorf bei Staatz,03,Niederösterreich,0.15,0.15,0.1,0.15,0.1
1471,1471,Neudörfl,01,Burgenland,0.15,0.15,0.1,0.15,0.1
1472,1472,Neue Heimat,04,Oberösterreich,0.15,0.15,0.1,0.15,0.1
1473,1473,Neufeld an der Leitha,01,Burgenland,0.15,0.15,0.1,0.15,0.1
1474,1474,Neufelden,04,Oberösterreich,0.15,0.15,0.1,0.15,0.1
1475,1475,Neufellach,02,Kärnten,0.15,0.15,0.1,0.15,0.1
1476,1476,Neufurth,03,Niederösterreich,0.15,0.15,0.1,0.15,0.1
1477,1477,Neuhaus,03,Niederösterreich,0.15,0.15,0.1,0.15,0.1
1478,1478,Neuhaus,02,Kärnten,0.15,0.15,0.1,0.15,0.1
1479,1479,Neuhaus am Klausenbach,01,Burgenland,0.15,0.15,0.1,0.15,0.1
1480,1480,Neuhofen,06,Steiermark,0.15,0.15,0.1,0.15,0.1
1481,1481,Neuhofen an der Krems,04,Oberösterreich,0.15,0.15,0.1,0.15,0.1
1482,1482,Neuhofen an der Ybbs,03,Niederösterreich,0.15,0.15,0.1,0.15,0.1
1483,1483,Neuhofen im Innkreis,04,Oberösterreich,0.15,0.15,0.1,0.15,0.1
1484,1484,Neukirchen,04,Oberösterreich,0.15,0.15,0.1,0.15,0.1
1485,1485,Neukirchen am Großvenediger,05,Salzburg,0.15,0.15,0.1,0.15,0.1
1486,1486,Neukirchen am Walde,04,Oberösterreich,0.15,0.15,0.1,0.15,0.1
1487,1487,Neukirchen an der Vöckla,04,Oberösterreich,0.15,0.15,0.1,0.15,0.1
1488,1488,Neukirchen bei Lambach,04,Oberösterreich,0.15,0.15,0.1,0.15,0.1
1489,1489,Neulengbach,03,Niederösterreich,0.15,0.15,0.1,0.15,0.1
1490,1490,Neumarkt am Wallersee,05,Salzburg,0.15,0.15,0.1,0.15,0.1
1491,1491,Neumarkt an der Ybbs,03,Niederösterreich,0.15,0.15,0.1,0.15,0.1
1492,1492,Neumarkt im Hausruckkreis,04,Oberösterreich,0.15,0.15,0.1,0.15,0.1
1493,1493,Neumarkt im Mühlkreis,04,Oberösterreich,0.15,0.15,0.1,0.15,0.1
1494,1494,Neumarkt in Steiermark,06,Steiermark,0.15,0.15,0.1,0.15,0.1
1495,1495,Neunkirchen,03,Niederösterreich,0.15,0.15,0.1,0.15,0.1
1496,1496,Neusiedl,03,Niederösterreich,0.15,0.15,0.1,0.15,0.1
1497,1497,Neusiedl am See,01,Burgenland,0.15,0.15,0.1,0.15,0.1
1498,1498,Neusiedl an der Zaya,03,Niederösterreich,0.15,0.15,0.1,0.15,0.1
1499,1499,Neustadtl-Markt,03,Niederösterreich,0.15,0.15,0.1,0.15,0.1
1500,1500,Neustift an der Lafnitz,01,Burgenland,0.15,0.15,0.1,0.15,0.1
1501,1501,Neustift bei Güssing,01,Burgenland,0.15,0.15,0.1,0.15,0.1
1502,1502,Neustift im Mühlkreis,04,Oberösterreich,0.15,0.15,0.1,0.15,0.1
1503,1503,Neustift im Stubaital,07,Tirol,0.15,0.15,0.1,0.15,0.1
1504,1504,Neutal,01,Burgenland,0.15,0.15,0.1,0.15,0.1
1505,1505,Neutillmitsch,06,Steiermark,0.15,0.15,0.1,0.15,0.1
1506,1506,Neuzeltweg,06,Steiermark,0.15,0.15,0.1,0.15,0.1
1507,1507,Neuzeug,04,Oberösterreich,0.15,0.15,0.1,0.15,0.1
1508,1508,Nickelsdorf,01,Burgenland,0.15,0.15,0.1,0.15,0.1
1509,1509,Niederabsdorf,03,Niederösterreich,0.15,0.15,0.1,0.15,0.1
1510,1510,Niederaigen,06,Steiermark,0.15,0.15,0.1,0.15,0.1
1511,1511,Niederalm,05,Salzburg,0.15,0.15,0.1,0.15,0.1
1512,1512,Niederau,07,Tirol,0.15,0.15,0.1,0.15,0.1
1513,1513,Niederbreitenbach,07,Tirol,0.15,0.15,0.1,0.15,0.1
1514,1514,Niederdorf,02,Kärnten,0.15,0.15,0.1,0.15,0.1
1515,1515,Niederhollabrunn,03,Niederösterreich,0.15,0.15,0.1,0.15,0.1
1516,1516,Niederkreuzstetten,03,Niederösterreich,0.15,0.15,0.1,0.15,0.1
1517,1517,Niederland,05,Salzburg,0.15,0.15,0.1,0.15,0.1
1518,1518,Niederleis,03,Niederösterreich,0.15,0.15,0.1,0.15,0.1
1519,1519,Niederndorf,07,Tirol,0.15,0.15,0.1,0.15,0.1
1520,1520,Niederneukirchen,04,Oberösterreich,0.15,0.15,0.1,0.15,0.1
1521,1521,Niedernsill,05,Salzburg,0.15,0.15,0.1,0.15,0.1
1522,1522,Niederottensheim,04,Oberösterreich,0.15,0.15,0.1,0.15,0.1
1523,1523,Niederrußbach,03,Niederösterreich,0.15,0.15,0.1,0.15,0.1
1524,1524,Niederschöckl,06,Steiermark,0.15,0.15,0.1,0.15,0.1
1525,1525,Niederstraß,04,Oberösterreich,0.15,0.15,0.1,0.15,0.1
1526,1526,Niederthalheim,04,Oberösterreich,0.15,0.15,0.1,0.15,0.1
1527,1527,Niederthan,04,Oberösterreich,0.15,0.15,0.1,0.15,0.1
1528,1528,Niederwaldkirchen,04,Oberösterreich,0.15,0.15,0.1,0.15,0.1
1529,1529,Niederwölz,06,Steiermark,0.15,0.15,0.1,0.15,0.1
1530,1530,Niederöblarn,06,Steiermark,0.15,0.15,0.1,0.15,0.1
1531,1531,Nikelsdorf,02,Kärnten,0.15,0.15,0.1,0.15,0.1
1532,1532,Nikitsch,01,Burgenland,0.15,0.15,0.1,0.15,0.1
1533,1533,Niklasdorf,06,Steiermark,0.15,0.15,0.1,0.15,0.1
1534,1534,Nikolsdorf,07,Tirol,0.15,0.15,0.1,0.15,0.1
1535,1535,Nitscha,06,Steiermark,0.15,0.15,0.1,0.15,0.1
1536,1536,Nußdorf,07,Tirol,0.15,0.15,0.1,0.15,0.1
1537,1537,Nußdorf am Haunsberg,05,Salzburg,0.15,0.15,0.1,0.15,0.1
1538,1538,Nöchling,03,Niederösterreich,0.15,0.15,0.1,0.15,0.1
1539,1539,Nöstlbach,04,Oberösterreich,0.15,0.15,0.1,0.15,0.1
1540,1540,Nötsch,02,Kärnten,0.15,0.15,0.1,0.15,0.1
1541,1541,Nüziders,08,Vorarlberg,0.15,0.15,0.1,0.15,0.1
1542,1542,Obdach,06,Steiermark,0.15,0.15,0.1,0.15,0.1
1543,1543,Ober-Grafendorf,03,Niederösterreich,0.15,0.15,0.1,0.15,0.1
1544,1544,Oberaich,06,Steiermark,0.15,0.15,0.1,0.15,0.1
1545,1545,Oberalm,05,Salzburg,0.15,0.15,0.1,0.15,0.1
1546,1546,Oberau,07,Tirol,0.15,0.15,0.1,0.15,0.1
1547,1547,Oberdorf am Hochegg,06,Steiermark,0.15,0.15,0.1,0.15,0.1
1548,1548,Oberdorf im Burgenland,01,Burgenland,0.15,0.15,0.1,0.15,0.1
1549,1549,Oberdrauburg,02,Kärnten,0.15,0.15,0.1,0.15,0.1
1550,1550,Obere Fellach,02,Kärnten,0.15,0.15,0.1,0.15,0.1
1551,1551,Oberfeistritz,06,Steiermark,0.15,0.15,0.1,0.15,0.1
1552,1552,Obergrünburg,04,Oberösterreich,0.15,0.15,0.1,0.15,0.1
1553,1553,Obergänserndorf,03,Niederösterreich,0.15,0.15,0.1,0.15,0.1
1554,1554,Obergäu,05,Salzburg,0.15,0.15,0.1,0.15,0.1
1555,1555,Oberhaag,06,Steiermark,0.15,0.15,0.1,0.15,0.1
1556,1556,Oberhaid,04,Oberösterreich,0.15,0.15,0.1,0.15,0.1
1557,1557,Oberhart,04,Oberösterreich,0.15,0.15,0.1,0.15,0.1
1558,1558,Oberhausen,03,Niederösterreich,0.15,0.15,0.1,0.15,0.1
1559,1559,Oberhehenfeld,04,Oberösterreich,0.15,0.15,0.1,0.15,0.1
1560,1560,Oberhofen am Irrsee,04,Oberösterreich,0.15,0.15,0.1,0.15,0.1
1561,1561,Oberhofen im Inntal,07,Tirol,0.15,0.15,0.1,0.15,0.1
1562,1562,Oberkrimml,05,Salzburg,0.15,0.15,0.1,0.15,0.1
1563,1563,Oberkurzheim,06,Steiermark,0.15,0.15,0.1,0.15,0.1
1564,1564,Oberlangenberg,05,Salzburg,0.15,0.15,0.1,0.15,0.1
1565,1565,Oberlangkampfen,07,Tirol,0.15,0.15,0.1,0.15,0.1
1566,1566,Oberlienz,07,Tirol,0.15,0.15,0.1,0.15,0.1
1567,1567,Oberloisdorf,01,Burgenland,0.15,0.15,0.1,0.15,0.1
1568,1568,Obermieming,07,Tirol,0.15,0.15,0.1,0.15,0.1
1569,1569,Obermillstatt,02,Kärnten,0.15,0.15,0.1,0.15,0.1
1570,1570,Obernberg am Brenner,07,Tirol,0.15,0.15,0.1,0.15,0.1
1571,1571,Obernberg am Inn,04,Oberösterreich,0.15,0.15,0.1,0.15,0.1
1572,1572,Oberndorf,07,Tirol,0.15,0.15,0.1,0.15,0.1
1573,1573,Oberndorf an der Melk,03,Niederösterreich,0.15,0.15,0.1,0.15,0.1
1574,1574,Oberndorf bei Salzburg,05,Salzburg,0.15,0.15,0.1,0.15,0.1
1575,1575,Oberndorf in Tirol,07,Tirol,0.15,0.15,0.1,0.15,0.1
1576,1576,Oberndorf in der Ebene,03,Niederösterreich,0.15,0.15,0.1,0.15,0.1
1577,1577,Oberneuberg,06,Steiermark,0.15,0.15,0.1,0.15,0.1
1578,1578,Oberneukirchen,04,Oberösterreich,0.15,0.15,0.1,0.15,0.1
1579,1579,Oberperfuss,07,Tirol,0.15,0.15,0.1,0.15,0.1
1580,1580,Oberpetersdorf,01,Burgenland,0.15,0.15,0.1,0.15,0.1
1581,1581,Oberpremstätten,06,Steiermark,0.15,0.15,0.1,0.15,0.1
1582,1582,Oberpullendorf,01,Burgenland,0.15,0.15,0.1,0.15,0.1
1583,1583,Oberrettenbach,06,Steiermark,0.15,0.15,0.1,0.15,0.1
1584,1584,Oberrohrbach,03,Niederösterreich,0.15,0.15,0.1,0.15,0.1
1585,1585,Obersaifen,06,Steiermark,0.15,0.15,0.1,0.15,0.1
1586,1586,Oberschöckl,06,Steiermark,0.15,0.15,0.1,0.15,0.1
1587,1587,Oberschützen,01,Burgenland,0.15,0.15,0.1,0.15,0.1
1588,1588,Obersdorf,03,Niederösterreich,0.15,0.15,0.1,0.15,0.1
1589,1589,Obersiebenbrunn,03,Niederösterreich,0.15,0.15,0.1,0.15,0.1
1590,1590,Oberstorcha,06,Steiermark,0.15,0.15,0.1,0.15,0.1
1591,1591,Oberstraß,04,Oberösterreich,0.15,0.15,0.1,0.15,0.1
1592,1592,Obersulz,03,Niederösterreich,0.15,0.15,0.1,0.15,0.1
1593,1593,Obertilliach,07,Tirol,0.15,0.15,0.1,0.15,0.1
1594,1594,Obertraun,04,Oberösterreich,0.15,0.15,0.1,0.15,0.1
1595,1595,Obertressen,06,Steiermark,0.15,0.15,0.1,0.15,0.1
1596,1596,Obertrum am See,05,Salzburg,0.15,0.15,0.1,0.15,0.1
1597,1597,Obervellach,02,Kärnten,0.15,0.15,0.1,0.15,0.1
1598,1598,Obervogau,06,Steiermark,0.15,0.15,0.1,0.15,0.1
1599,1599,Oberwagram,03,Niederösterreich,0.15,0.15,0.1,0.15,0.1
1600,1600,Oberwaltersdorf,03,Niederösterreich,0.15,0.15,0.1,0.15,0.1
1601,1601,Oberwang,04,Oberösterreich,0.15,0.15,0.1,0.15,0.1
1602,1602,Oberwart,01,Burgenland,0.15,0.15,0.1,0.15,0.1
1603,1603,Oberweg,06,Steiermark,0.15,0.15,0.1,0.15,0.1
1604,1604,Oberweg,07,Tirol,0.15,0.15,0.1,0.15,0.1
1605,1605,Oberwölbling,03,Niederösterreich,0.15,0.15,0.1,0.15,0.1
1606,1606,Oberzeiring,06,Steiermark,0.15,0.15,0.1,0.15,0.1
1607,1607,Obritz,03,Niederösterreich,0.15,0.15,0.1,0.15,0.1
1608,1608,Obsteig,07,Tirol,0.15,0.15,0.1,0.15,0.1
1609,1609,Oed,03,Niederösterreich,0.15,0.15,0.1,0.15,0.1
1610,1610,Oedt,04,Oberösterreich,0.15,0.15,0.1,0.15,0.1
1611,1611,Oedt bei Feldbach,06,Steiermark,0.15,0.15,0.1,0.15,0.1
1612,1612,Oepping,04,Oberösterreich,0.15,0.15,0.1,0.15,0.1
1613,1613,Oetz,07,Tirol,0.15,0.15,0.1,0.15,0.1
1614,1614,Oeynhausen,03,Niederösterreich,0.15,0.15,0.1,0.15,0.1
1615,1615,Offenhausen,04,Oberösterreich,0.15,0.15,0.1,0.15,0.1
1616,1616,Oftering,04,Oberösterreich,0.15,0.15,0.1,0.15,0.1
1617,1617,Oggau,01,Burgenland,0.15,0.15,0.1,0.15,0.1
1618,1618,Ohlsdorf,04,Oberösterreich,0.15,0.15,0.1,0.15,0.1
1619,1619,Olbendorf,01,Burgenland,0.15,0.15,0.1,0.15,0.1
1620,1620,Ollersbach,03,Niederösterreich,0.15,0.15,0.1,0.15,0.1
1621,1621,Ollersdorf,03,Niederösterreich,0.15,0.15,0.1,0.15,0.1
1622,1622,Ollersdorf im Burgenland,01,Burgenland,0.15,0.15,0.1,0.15,0.1
1623,1623,Oppenberg,06,Steiermark,0.15,0.15,0.1,0.15,0.1
1624,1624,Ort im Innkreis,04,Oberösterreich,0.15,0.15,0.1,0.15,0.1
1625,1625,Ortgraben,06,Steiermark,0.15,0.15,0.1,0.15,0.1
1626,1626,Orth an der Donau,03,Niederösterreich,0.15,0.15,0.1,0.15,0.1
1627,1627,Oslip,01,Burgenland,0.15,0.15,0.1,0.15,0.1
1628,1628,Ossarn,03,Niederösterreich,0.15,0.15,0.1,0.15,0.1
1629,1629,Ossiach,02,Kärnten,0.15,0.15,0.1,0.15,0.1
1630,1630,Ostermiething,04,Oberösterreich,0.15,0.15,0.1,0.15,0.1
1631,1631,Osternberg,04,Oberösterreich,0.15,0.15,0.1,0.15,0.1
1632,1632,Osterwitz,06,Steiermark,0.15,0.15,0.1,0.15,0.1
1633,1633,Ottakring,09,Wien,0.15,0.15,0.1,0.15,0.1
1634,1634,Ottendorf an der Rittschein,06,Steiermark,0.15,0.15,0.1,0.15,0.1
1635,1635,Ottenheim,03,Niederösterreich,0.15,0.15,0.1,0.15,0.1
1636,1636,Ottenschlag,03,Niederösterreich,0.15,0.15,0.1,0.15,0.1
1637,1637,Ottenschlag im Mühlkreis,04,Oberösterreich,0.15,0.15,0.1,0.15,0.1
1638,1638,Ottensheim,04,Oberösterreich,0.15,0.15,0.1,0.15,0.1
1639,1639,Ottenthal,03,Niederösterreich,0.15,0.15,0.1,0.15,0.1
1640,1640,Otterthal,03,Niederösterreich,0.15,0.15,0.1,0.15,0.1
1641,1641,Paasdorf,03,Niederösterreich,0.15,0.15,0.1,0.15,0.1
1642,1642,Pabneukirchen,04,Oberösterreich,0.15,0.15,0.1,0.15,0.1
1643,1643,Pachfurth,03,Niederösterreich,0.15,0.15,0.1,0.15,0.1
1644,1644,Pack,06,Steiermark,0.15,0.15,0.1,0.15,0.1
1645,1645,Palbersdorf,06,Steiermark,0.15,0.15,0.1,0.15,0.1
1646,1646,Paldau,06,Steiermark,0.15,0.15,0.1,0.15,0.1
1647,1647,Palfau,06,Steiermark,0.15,0.15,0.1,0.15,0.1
1648,1648,Palt,03,Niederösterreich,0.15,0.15,0.1,0.15,0.1
1649,1649,Palterndorf,03,Niederösterreich,0.15,0.15,0.1,0.15,0.1
1650,1650,Palting,04,Oberösterreich,0.15,0.15,0.1,0.15,0.1
1651,1651,Pama,01,Burgenland,0.15,0.15,0.1,0.15,0.1
1652,1652,Pamhagen,01,Burgenland,0.15,0.15,0.1,0.15,0.1
1653,1653,Pankrazberg,07,Tirol,0.15,0.15,0.1,0.15,0.1
1654,1654,Panzendorf,07,Tirol,0.15,0.15,0.1,0.15,0.1
1655,1655,Parbasdorf,03,Niederösterreich,0.15,0.15,0.1,0.15,0.1
1656,1656,Parndorf,01,Burgenland,0.15,0.15,0.1,0.15,0.1
1657,1657,Parschlug,06,Steiermark,0.15,0.15,0.1,0.15,0.1
1658,1658,Pasching,04,Oberösterreich,0.15,0.15,0.1,0.15,0.1
1659,1659,Passail,06,Steiermark,0.15,0.15,0.1,0.15,0.1
1660,1660,Paternion,02,Kärnten,0.15,0.15,0.1,0.15,0.1
1661,1661,Patsch,07,Tirol,0.15,0.15,0.1,0.15,0.1
1662,1662,Pattigham,04,Oberösterreich,0.15,0.15,0.1,0.15,0.1
1663,1663,Paudorf,03,Niederösterreich,0.15,0.15,0.1,0.15,0.1
1664,1664,Payerbach,03,Niederösterreich,0.15,0.15,0.1,0.15,0.1
1665,1665,Peggau,06,Steiermark,0.15,0.15,0.1,0.15,0.1
1666,1666,Peilstein im Mühlviertel,04,Oberösterreich,0.15,0.15,0.1,0.15,0.1
1667,1667,Peisching,03,Niederösterreich,0.15,0.15,0.1,0.15,0.1
1668,1668,Pellendorf,03,Niederösterreich,0.15,0.15,0.1,0.15,0.1
1669,1669,Pennewang,04,Oberösterreich,0.15,0.15,0.1,0.15,0.1
1670,1670,Penningberg,07,Tirol,0.15,0.15,0.1,0.15,0.1
1671,1671,Penz,03,Niederösterreich,0.15,0.15,0.1,0.15,0.1
1672,1672,Penzendorf,06,Steiermark,0.15,0.15,0.1,0.15,0.1
1673,1673,Perchau am Sattel,06,Steiermark,0.15,0.15,0.1,0.15,0.1
1674,1674,Perchtoldsdorf,03,Niederösterreich,0.15,0.15,0.1,0.15,0.1
1675,1675,Perg,04,Oberösterreich,0.15,0.15,0.1,0.15,0.1
1676,1676,Perlsdorf,06,Steiermark,0.15,0.15,0.1,0.15,0.1
1677,1677,Pernau,04,Oberösterreich,0.15,0.15,0.1,0.15,0.1
1678,1678,Pernegg,03,Niederösterreich,0.15,0.15,0.1,0.15,0.1
1679,1679,Pernersdorf,03,Niederösterreich,0.15,0.15,0.1,0.15,0.1
1680,1680,Pernitz,03,Niederösterreich,0.15,0.15,0.1,0.15,0.1
1681,1681,Persenbeug,03,Niederösterreich,0.15,0.15,0.1,0.15,0.1
1682,1682,Pertisau,07,Tirol,0.15,0.15,0.1,0.15,0.1
1683,1683,Pertlstein,06,Steiermark,0.15,0.15,0.1,0.15,0.1
1684,1684,Perwang am Grabensee,04,Oberösterreich,0.15,0.15,0.1,0.15,0.1
1685,1685,Petersdorf II,06,Steiermark,0.15,0.15,0.1,0.15,0.1
1686,1686,Petronell-Carnuntum,03,Niederösterreich,0.15,0.15,0.1,0.15,0.1
1687,1687,Pettenbach,04,Oberösterreich,0.15,0.15,0.1,0.15,0.1
1688,1688,Pettnau,07,Tirol,0.15,0.15,0.1,0.15,0.1
1689,1689,Pettneu,07,Tirol,0.15,0.15,0.1,0.15,0.1
1690,1690,Petzenkirchen,03,Niederösterreich,0.15,0.15,0.1,0.15,0.1
1691,1691,Peuerbach,04,Oberösterreich,0.15,0.15,0.1,0.15,0.1
1692,1692,Pfaffendorf,06,Steiermark,0.15,0.15,0.1,0.15,0.1
1693,1693,Pfaffenhofen,07,Tirol,0.15,0.15,0.1,0.15,0.1
1694,1694,Pfaffing,04,Oberösterreich,0.15,0.15,0.1,0.15,0.1
1695,1695,Pfaffstätt,04,Oberösterreich,0.15,0.15,0.1,0.15,0.1
1696,1696,Pfaffstätten,03,Niederösterreich,0.15,0.15,0.1,0.15,0.1
1697,1697,Pfalzau,03,Niederösterreich,0.15,0.15,0.1,0.15,0.1
1698,1698,Pfarrkirchen bei Bad Hall,04,Oberösterreich,0.15,0.15,0.1,0.15,0.1
1699,1699,Pflach,07,Tirol,0.15,0.15,0.1,0.15,0.1
1700,1700,Pfons,07,Tirol,0.15,0.15,0.1,0.15,0.1
1701,1701,Pfunds,07,Tirol,0.15,0.15,0.1,0.15,0.1
1702,1702,Pians,07,Tirol,0.15,0.15,0.1,0.15,0.1
1703,1703,Piberbach,04,Oberösterreich,0.15,0.15,0.1,0.15,0.1
1704,1704,Piberegg,06,Steiermark,0.15,0.15,0.1,0.15,0.1
1705,1705,Pichl,05,Salzburg,0.15,0.15,0.1,0.15,0.1
1706,1706,Pichl,06,Steiermark,0.15,0.15,0.1,0.15,0.1
1707,1707,Pichl bei Wels,04,Oberösterreich,0.15,0.15,0.1,0.15,0.1
1708,1708,Pichling bei Köflach,06,Steiermark,0.15,0.15,0.1,0.15,0.1
1709,1709,Pichling bei Mooskirchen,06,Steiermark,0.15,0.15,0.1,0.15,0.1
1710,1710,Pichling bei Stainz,06,Steiermark,0.15,0.15,0.1,0.15,0.1
1711,1711,Pichlwang,04,Oberösterreich,0.15,0.15,0.1,0.15,0.1
1712,1712,Pierbach,04,Oberösterreich,0.15,0.15,0.1,0.15,0.1
1713,1713,Piesendorf,05,Salzburg,0.15,0.15,0.1,0.15,0.1
1714,1714,Pilgersdorf,01,Burgenland,0.15,0.15,0.1,0.15,0.1
1715,1715,Pill,07,Tirol,0.15,0.15,0.1,0.15,0.1
1716,1716,Pillichsdorf,03,Niederösterreich,0.15,0.15,0.1,0.15,0.1
1717,1717,Pinggau,06,Steiermark,0.15,0.15,0.1,0.15,0.1
1718,1718,Pinkafeld,01,Burgenland,0.15,0.15,0.1,0.15,0.1
1719,1719,Pinsdorf,04,Oberösterreich,0.15,0.15,0.1,0.15,0.1
1720,1720,Pirching am Traubenberg,06,Steiermark,0.15,0.15,0.1,0.15,0.1
1721,1721,Piringsdorf,01,Burgenland,0.15,0.15,0.1,0.15,0.1
1722,1722,Pirka,06,Steiermark,0.15,0.15,0.1,0.15,0.1
1723,1723,Pischeldorf,02,Kärnten,0.15,0.15,0.1,0.15,0.1
1724,1724,Pischelsdorf,03,Niederösterreich,0.15,0.15,0.1,0.15,0.1
1725,1725,Pischelsdorf in der Steiermark,06,Steiermark,0.15,0.15,0.1,0.15,0.1
1726,1726,Pistorf,06,Steiermark,0.15,0.15,0.1,0.15,0.1
1727,1727,Pitschgau,06,Steiermark,0.15,0.15,0.1,0.15,0.1
1728,1728,Pitten,03,Niederösterreich,0.15,0.15,0.1,0.15,0.1
1729,1729,Pittermann,06,Steiermark,0.15,0.15,0.1,0.15,0.1
1730,1730,Pitzenberg,04,Oberösterreich,0.15,0.15,0.1,0.15,0.1
1731,1731,Plainfeld,05,Salzburg,0.15,0.15,0.1,0.15,0.1
1732,1732,Plankenau,05,Salzburg,0.15,0.15,0.1,0.15,0.1
1733,1733,Plankenwarth,06,Steiermark,0.15,0.15,0.1,0.15,0.1
1734,1734,Plesching,04,Oberösterreich,0.15,0.15,0.1,0.15,0.1
1735,1735,Podersdorf am See,01,Burgenland,0.15,0.15,0.1,0.15,0.1
1736,1736,Poggersdorf,02,Kärnten,0.15,0.15,0.1,0.15,0.1
1737,1737,Polling im Innkreis,04,Oberösterreich,0.15,0.15,0.1,0.15,0.1
1738,1738,Polling in Tirol,07,Tirol,0.15,0.15,0.1,0.15,0.1
1739,1739,Poppendorf,06,Steiermark,0.15,0.15,0.1,0.15,0.1
1740,1740,Pottenbrunn,03,Niederösterreich,0.15,0.15,0.1,0.15,0.1
1741,1741,Pottendorf,03,Niederösterreich,0.15,0.15,0.1,0.15,0.1
1742,1742,Pottenstein,03,Niederösterreich,0.15,0.15,0.1,0.15,0.1
1743,1743,Pottschach,03,Niederösterreich,0.15,0.15,0.1,0.15,0.1
1744,1744,Potzneusiedl,01,Burgenland,0.15,0.15,0.1,0.15,0.1
1745,1745,Poysdorf,03,Niederösterreich,0.15,0.15,0.1,0.15,0.1
1746,1746,Pradl,07,Tirol,0.15,0.15,0.1,0.15,0.1
1747,1747,Pram,04,Oberösterreich,0.15,0.15,0.1,0.15,0.1
1748,1748,Prambachkirchen,04,Oberösterreich,0.15,0.15,0.1,0.15,0.1
1749,1749,Pramet,04,Oberösterreich,0.15,0.15,0.1,0.15,0.1
1750,1750,Pratsdorf,04,Oberösterreich,0.15,0.15,0.1,0.15,0.1
1751,1751,Prebensdorf,06,Steiermark,0.15,0.15,0.1,0.15,0.1
1752,1752,Preding,06,Steiermark,0.15,0.15,0.1,0.15,0.1
1753,1753,Pregarten,04,Oberösterreich,0.15,0.15,0.1,0.15,0.1
1754,1754,Preising,04,Oberösterreich,0.15,0.15,0.1,0.15,0.1
1755,1755,Preitenegg,02,Kärnten,0.15,0.15,0.1,0.15,0.1
1756,1756,Prellenkirchen,03,Niederösterreich,0.15,0.15,0.1,0.15,0.1
1757,1757,Pressbaum,03,Niederösterreich,0.15,0.15,0.1,0.15,0.1
1758,1758,Priel,02,Kärnten,0.15,0.15,0.1,0.15,0.1
1759,1759,Prigglitz,03,Niederösterreich,0.15,0.15,0.1,0.15,0.1
1760,1760,Prinzersdorf,03,Niederösterreich,0.15,0.15,0.1,0.15,0.1
1761,1761,Probstdorf,03,Niederösterreich,0.15,0.15,0.1,0.15,0.1
1762,1762,Proleb,06,Steiermark,0.15,0.15,0.1,0.15,0.1
1763,1763,Prottes,03,Niederösterreich,0.15,0.15,0.1,0.15,0.1
1764,1764,Pruggern,06,Steiermark,0.15,0.15,0.1,0.15,0.1
1765,1765,Prutz,07,Tirol,0.15,0.15,0.1,0.15,0.1
1766,1766,Prätis,06,Steiermark,0.15,0.15,0.1,0.15,0.1
1767,1767,Pubersdorf,02,Kärnten,0.15,0.15,0.1,0.15,0.1
1768,1768,Puch,02,Kärnten,0.15,0.15,0.1,0.15,0.1
1769,1769,Puch bei Hallein,05,Salzburg,0.15,0.15,0.1,0.15,0.1
1770,1770,Puch bei Weiz,06,Steiermark,0.15,0.15,0.1,0.15,0.1
1771,1771,Puchberg am Schneeberg,03,Niederösterreich,0.15,0.15,0.1,0.15,0.1
1772,1772,Puchegg,06,Steiermark,0.15,0.15,0.1,0.15,0.1
1773,1773,Puchen,06,Steiermark,0.15,0.15,0.1,0.15,0.1
1774,1774,Puchenau,04,Oberösterreich,0.15,0.15,0.1,0.15,0.1
1775,1775,Puchenstuben,03,Niederösterreich,0.15,0.15,0.1,0.15,0.1
1776,1776,Puchheim,04,Oberösterreich,0.15,0.15,0.1,0.15,0.1
1777,1777,Pucking,04,Oberösterreich,0.15,0.15,0.1,0.15,0.1
1778,1778,Pulkau,03,Niederösterreich,0.15,0.15,0.1,0.15,0.1
1779,1779,Puntigam,06,Steiermark,0.15,0.15,0.1,0.15,0.1
1780,1780,Purbach am Neusiedler See,01,Burgenland,0.15,0.15,0.1,0.15,0.1
1781,1781,Purgstall,06,Steiermark,0.15,0.15,0.1,0.15,0.1
1782,1782,Purgstall,03,Niederösterreich,0.15,0.15,0.1,0.15,0.1
1783,1783,Purkersdorf,03,Niederösterreich,0.15,0.15,0.1,0.15,0.1
1784,1784,Pusarnitz,02,Kärnten,0.15,0.15,0.1,0.15,0.1
1785,1785,Pusterwald,06,Steiermark,0.15,0.15,0.1,0.15,0.1
1786,1786,Putzleinsdorf,04,Oberösterreich,0.15,0.15,0.1,0.15,0.1
1787,1787,Putzmannsdorf,03,Niederösterreich,0.15,0.15,0.1,0.15,0.1
1788,1788,Pyhra,03,Niederösterreich,0.15,0.15,0.1,0.15,0.1
1789,1789,Pöchlarn,03,Niederösterreich,0.15,0.15,0.1,0.15,0.1
1790,1790,Pöckau,02,Kärnten,0.15,0.15,0.1,0.15,0.1
1791,1791,Pöggstall,03,Niederösterreich,0.15,0.15,0.1,0.15,0.1
1792,1792,Pöllach,05,Salzburg,0.15,0.15,0.1,0.15,0.1
1793,1793,Pöllau,06,Steiermark,0.15,0.15,0.1,0.15,0.1
1794,1794,Pöllau bei Gleisdorf,06,Steiermark,0.15,0.15,0.1,0.15,0.1
1795,1795,Pöls,06,Steiermark,0.15,0.15,0.1,0.15,0.1
1796,1796,Pöttelsdorf,01,Burgenland,0.15,0.15,0.1,0.15,0.1
1797,1797,Pötting,04,Oberösterreich,0.15,0.15,0.1,0.15,0.1
1798,1798,Pöttsching,01,Burgenland,0.15,0.15,0.1,0.15,0.1
1799,1799,Pühret,04,Oberösterreich,0.15,0.15,0.1,0.15,0.1
1800,1800,Raab,04,Oberösterreich,0.15,0.15,0.1,0.15,0.1
1801,1801,Raaba,06,Steiermark,0.15,0.15,0.1,0.15,0.1
1802,1802,Raabau,06,Steiermark,0.15,0.15,0.1,0.15,0.1
1803,1803,Raabs an der Thaya,03,Niederösterreich,0.15,0.15,0.1,0.15,0.1
1804,1804,Raach am Hochgebirge,03,Niederösterreich,0.15,0.15,0.1,0.15,0.1
1805,1805,Raasdorf,03,Niederösterreich,0.15,0.15,0.1,0.15,0.1
1806,1806,Rabensburg,03,Niederösterreich,0.15,0.15,0.1,0.15,0.1
1807,1807,Rabenstein an der Pielach,03,Niederösterreich,0.15,0.15,0.1,0.15,0.1
1808,1808,Rabenwald,06,Steiermark,0.15,0.15,0.1,0.15,0.1
1809,1809,Rabnitz,06,Steiermark,0.15,0.15,0.1,0.15,0.1
1810,1810,Rachau,06,Steiermark,0.15,0.15,0.1,0.15,0.1
1811,1811,Radenthein,02,Kärnten,0.15,0.15,0.1,0.15,0.1
1812,1812,Radfeld,07,Tirol,0.15,0.15,0.1,0.15,0.1
1813,1813,Radstadt,05,Salzburg,0.15,0.15,0.1,0.15,0.1
1814,1814,Raffelstetten,04,Oberösterreich,0.15,0.15,0.1,0.15,0.1
1815,1815,Ragelsdorf,03,Niederösterreich,0.15,0.15,0.1,0.15,0.1
1816,1816,Raggal,08,Vorarlberg,0.15,0.15,0.1,0.15,0.1
1817,1817,Raggendorf,03,Niederösterreich,0.15,0.15,0.1,0.15,0.1
1818,1818,Raglitz,03,Niederösterreich,0.15,0.15,0.1,0.15,0.1
1819,1819,Ragnitz,06,Steiermark,0.15,0.15,0.1,0.15,0.1
1820,1820,Raiding,01,Burgenland,0.15,0.15,0.1,0.15,0.1
1821,1821,Rain,02,Kärnten,0.15,0.15,0.1,0.15,0.1
1822,1822,Rainbach im Mühlkreis,04,Oberösterreich,0.15,0.15,0.1,0.15,0.1
1823,1823,Rainfeld,03,Niederösterreich,0.15,0.15,0.1,0.15,0.1
1824,1824,Ramingstein,05,Salzburg,0.15,0.15,0.1,0.15,0.1
1825,1825,Ramsau,04,Oberösterreich,0.15,0.15,0.1,0.15,0.1
1826,1826,Ramsau,03,Niederösterreich,0.15,0.15,0.1,0.15,0.1
1827,1827,Ramsau am Dachstein,06,Steiermark,0.15,0.15,0.1,0.15,0.1
1828,1828,Ramsau im Zillertal,07,Tirol,0.15,0.15,0.1,0.15,0.1
1829,1829,Ramseiden,05,Salzburg,0.15,0.15,0.1,0.15,0.1
1830,1830,Randegg,03,Niederösterreich,0.15,0.15,0.1,0.15,0.1
1831,1831,Rangersdorf,02,Kärnten,0.15,0.15,0.1,0.15,0.1
1832,1832,Ranggen,07,Tirol,0.15,0.15,0.1,0.15,0.1
1833,1833,Raning,06,Steiermark,0.15,0.15,0.1,0.15,0.1
1834,1834,Rankweil,08,Vorarlberg,0.15,0.15,0.1,0.15,0.1
1835,1835,Rannersdorf,03,Niederösterreich,0.15,0.15,0.1,0.15,0.1
1836,1836,Ranshofen,04,Oberösterreich,0.15,0.15,0.1,0.15,0.1
1837,1837,Ranten,06,Steiermark,0.15,0.15,0.1,0.15,0.1
1838,1838,Rapperswinkel,04,Oberösterreich,0.15,0.15,0.1,0.15,0.1
1839,1839,Rappottenstein,03,Niederösterreich,0.15,0.15,0.1,0.15,0.1
1840,1840,Rassach,06,Steiermark,0.15,0.15,0.1,0.15,0.1
1841,1841,Rastenfeld,03,Niederösterreich,0.15,0.15,0.1,0.15,0.1
1842,1842,Ratsch an der Weinstraße,06,Steiermark,0.15,0.15,0.1,0.15,0.1
1843,1843,Ratschendorf,06,Steiermark,0.15,0.15,0.1,0.15,0.1
1844,1844,Ratten,06,Steiermark,0.15,0.15,0.1,0.15,0.1
1845,1845,Rattenberg,07,Tirol,0.15,0.15,0.1,0.15,0.1
1846,1846,Ratzersdorf an der Traisen,03,Niederösterreich,0.15,0.15,0.1,0.15,0.1
1847,1847,Rauchenwarth,03,Niederösterreich,0.15,0.15,0.1,0.15,0.1
1848,1848,Rauris,05,Salzburg,0.15,0.15,0.1,0.15,0.1
1849,1849,Ravelsbach,03,Niederösterreich,0.15,0.15,0.1,0.15,0.1
1850,1850,Rax,01,Burgenland,0.15,0.15,0.1,0.15,0.1
1851,1851,Raxendorf,03,Niederösterreich,0.15,0.15,0.1,0.15,0.1
1852,1852,Rechnitz,01,Burgenland,0.15,0.15,0.1,0.15,0.1
1853,1853,Reding,02,Kärnten,0.15,0.15,0.1,0.15,0.1
1854,1854,Redleiten,04,Oberösterreich,0.15,0.15,0.1,0.15,0.1
1855,1855,Redlham,04,Oberösterreich,0.15,0.15,0.1,0.15,0.1
1856,1856,Regau,04,Oberösterreich,0.15,0.15,0.1,0.15,0.1
1857,1857,Rehberg,03,Niederösterreich,0.15,0.15,0.1,0.15,0.1
1858,1858,Rehmen,08,Vorarlberg,0.15,0.15,0.1,0.15,0.1
1859,1859,Reichenau an der Rax,03,Niederösterreich,0.15,0.15,0.1,0.15,0.1
1860,1860,Reichenau im Mühlkreis,04,Oberösterreich,0.15,0.15,0.1,0.15,0.1
1861,1861,Reichendorf,06,Steiermark,0.15,0.15,0.1,0.15,0.1
1862,1862,Reichenfels,02,Kärnten,0.15,0.15,0.1,0.15,0.1
1863,1863,Reichenthal,04,Oberösterreich,0.15,0.15,0.1,0.15,0.1
1864,1864,Reichersberg,04,Oberösterreich,0.15,0.15,0.1,0.15,0.1
1865,1865,Reichersdorf,02,Kärnten,0.15,0.15,0.1,0.15,0.1
1866,1866,Reichersdorf,03,Niederösterreich,0.15,0.15,0.1,0.15,0.1
1867,1867,Reichraming,04,Oberösterreich,0.15,0.15,0.1,0.15,0.1
1868,1868,Reidling,03,Niederösterreich,0.15,0.15,0.1,0.15,0.1
1869,1869,Reifling,06,Steiermark,0.15,0.15,0.1,0.15,0.1
1870,1870,Reifnitz,02,Kärnten,0.15,0.15,0.1,0.15,0.1
1871,1871,Rein,06,Steiermark,0.15,0.15,0.1,0.15,0.1
1872,1872,Reinbach,05,Salzburg,0.15,0.15,0.1,0.15,0.1
1873,1873,Reingers,03,Niederösterreich,0.15,0.15,0.1,0.15,0.1
1874,1874,Reinsberg,03,Niederösterreich,0.15,0.15,0.1,0.15,0.1
1875,1875,Reisenberg,03,Niederösterreich,0.15,0.15,0.1,0.15,0.1
1876,1876,Reitberg,05,Salzburg,0.15,0.15,0.1,0.15,0.1
1877,1877,Reitdorf,05,Salzburg,0.15,0.15,0.1,0.15,0.1
1878,1878,Reiterndorf,04,Oberösterreich,0.15,0.15,0.1,0.15,0.1
1879,1879,Reith,04,Oberösterreich,0.15,0.15,0.1,0.15,0.1
1880,1880,Reith bei Kitzbühel,07,Tirol,0.15,0.15,0.1,0.15,0.1
1881,1881,Reith bei Seefeld,07,Tirol,0.15,0.15,0.1,0.15,0.1
1882,1882,Reith im Alpbachtal,07,Tirol,0.15,0.15,0.1,0.15,0.1
1883,1883,Rekawinkel,03,Niederösterreich,0.15,0.15,0.1,0.15,0.1
1884,1884,Rettenbach,04,Oberösterreich,0.15,0.15,0.1,0.15,0.1
1885,1885,Rettenegg,06,Steiermark,0.15,0.15,0.1,0.15,0.1
1886,1886,Rettenschöss,07,Tirol,0.15,0.15,0.1,0.15,0.1
1887,1887,Rettenstein,05,Salzburg,0.15,0.15,0.1,0.15,0.1
1888,1888,Retz,03,Niederösterreich,0.15,0.15,0.1,0.15,0.1
1889,1889,Retznei,06,Steiermark,0.15,0.15,0.1,0.15,0.1
1890,1890,Reuthe,08,Vorarlberg,0.15,0.15,0.1,0.15,0.1
1891,1891,Reutte,07,Tirol,0.15,0.15,0.1,0.15,0.1
1892,1892,Ried im Innkreis,04,Oberösterreich,0.15,0.15,0.1,0.15,0.1
1893,1893,Ried im Oberinntal,07,Tirol,0.15,0.15,0.1,0.15,0.1
1894,1894,Ried im Traunkreis,04,Oberösterreich,0.15,0.15,0.1,0.15,0.1
1895,1895,Ried im Zillertal,07,Tirol,0.15,0.15,0.1,0.15,0.1
1896,1896,Ried in der Riedmark,04,Oberösterreich,0.15,0.15,0.1,0.15,0.1
1897,1897,Riederberg,03,Niederösterreich,0.15,0.15,0.1,0.15,0.1
1898,1898,Riedersbach,04,Oberösterreich,0.15,0.15,0.1,0.15,0.1
1899,1899,Riedlingsdorf,01,Burgenland,0.15,0.15,0.1,0.15,0.1
1900,1900,Riefensberg,08,Vorarlberg,0.15,0.15,0.1,0.15,0.1
1901,1901,Riegersbach,06,Steiermark,0.15,0.15,0.1,0.15,0.1
1902,1902,Riegersburg,06,Steiermark,0.15,0.15,0.1,0.15,0.1
1903,1903,Riegersdorf,02,Kärnten,0.15,0.15,0.1,0.15,0.1
1904,1904,Ries,06,Steiermark,0.15,0.15,0.1,0.15,0.1
1905,1905,Rietz,07,Tirol,0.15,0.15,0.1,0.15,0.1
1906,1906,Riezlern,08,Vorarlberg,0.15,0.15,0.1,0.15,0.1
1907,1907,Rindbach,04,Oberösterreich,0.15,0.15,0.1,0.15,0.1
1908,1908,Ring,06,Steiermark,0.15,0.15,0.1,0.15,0.1
1909,1909,Ringelsdorf,03,Niederösterreich,0.15,0.15,0.1,0.15,0.1
1910,1910,Rinn,07,Tirol,0.15,0.15,0.1,0.15,0.1
1911,1911,Rinnegg,06,Steiermark,0.15,0.15,0.1,0.15,0.1
1912,1912,Ritzing,02,Kärnten,0.15,0.15,0.1,0.15,0.1
1913,1913,Ritzing,01,Burgenland,0.15,0.15,0.1,0.15,0.1
1914,1914,Rofansiedlung,07,Tirol,0.15,0.15,0.1,0.15,0.1
1915,1915,Rohr im Burgenland,01,Burgenland,0.15,0.15,0.1,0.15,0.1
1916,1916,Rohr im Gebirge,03,Niederösterreich,0.15,0.15,0.1,0.15,0.1
1917,1917,Rohr im Kremstal,04,Oberösterreich,0.15,0.15,0.1,0.15,0.1
1918,1918,Rohrau,03,Niederösterreich,0.15,0.15,0.1,0.15,0.1
1919,1919,Rohrbach,06,Steiermark,0.15,0.15,0.1,0.15,0.1
1920,1920,Rohrbach,04,Oberösterreich,0.15,0.15,0.1,0.15,0.1
1921,1921,Rohrbach an der Gölsen,03,Niederösterreich,0.15,0.15,0.1,0.15,0.1
1922,1922,Rohrbach an der Lafnitz,06,Steiermark,0.15,0.15,0.1,0.15,0.1
1923,1923,Rohrbach bei Mattersburg,01,Burgenland,0.15,0.15,0.1,0.15,0.1
1924,1924,Rohrbach in Oberösterreich,04,Oberösterreich,0.15,0.15,0.1,0.15,0.1
1925,1925,Rohrberg,07,Tirol,0.15,0.15,0.1,0.15,0.1
1926,1926,Rohrbrunn,01,Burgenland,0.15,0.15,0.1,0.15,0.1
1927,1927,Rohrendorf bei Krems,03,Niederösterreich,0.15,0.15,0.1,0.15,0.1
1928,1928,Rohrmoos,06,Steiermark,0.15,0.15,0.1,0.15,0.1
1929,1929,Roith,04,Oberösterreich,0.15,0.15,0.1,0.15,0.1
1930,1930,Roitham,04,Oberösterreich,0.15,0.15,0.1,0.15,0.1
1931,1931,Roppen,07,Tirol,0.15,0.15,0.1,0.15,0.1
1932,1932,Rosegg,02,Kärnten,0.15,0.15,0.1,0.15,0.1
1933,1933,Rosenau am Sonntagberg,03,Niederösterreich,0.15,0.15,0.1,0.15,0.1
1934,1934,Rosental an der Kainach,06,Steiermark,0.15,0.15,0.1,0.15,0.1
1935,1935,Rosenthal,05,Salzburg,0.15,0.15,0.1,0.15,0.1
1936,1936,Rotenturm an der Pinka,01,Burgenland,0.15,0.15,0.1,0.15,0.1
1937,1937,Rotheau,03,Niederösterreich,0.15,0.15,0.1,0.15,0.1
1938,1938,Rottenmann,06,Steiermark,0.15,0.15,0.1,0.15,0.1
1939,1939,Ruden,02,Kärnten,0.15,0.15,0.1,0.15,0.1
1940,1940,Rudersdorf,01,Burgenland,0.15,0.15,0.1,0.15,0.1
1941,1941,Rudmanns,03,Niederösterreich,0.15,0.15,0.1,0.15,0.1
1942,1942,Rufling,04,Oberösterreich,0.15,0.15,0.1,0.15,0.1
1943,1943,Rum,07,Tirol,0.15,0.15,0.1,0.15,0.1
1944,1944,Ruprechtshofen,03,Niederösterreich,0.15,0.15,0.1,0.15,0.1
1945,1945,Rust,01,Burgenland,0.15,0.15,0.1,0.15,0.1
1946,1946,Rutzenham,04,Oberösterreich,0.15,0.15,0.1,0.15,0.1
1947,1947,Rutzenmoos,04,Oberösterreich,0.15,0.15,0.1,0.15,0.1
1948,1948,Rutzing,04,Oberösterreich,0.15,0.15,0.1,0.15,0.1
1949,1949,Röhrenbach,03,Niederösterreich,0.15,0.15,0.1,0.15,0.1
1950,1950,Röns,08,Vorarlberg,0.15,0.15,0.1,0.15,0.1
1951,1951,Röschitz,03,Niederösterreich,0.15,0.15,0.1,0.15,0.1
1952,1952,Röthelstein,06,Steiermark,0.15,0.15,0.1,0.15,0.1
1953,1953,Röthis,08,Vorarlberg,0.15,0.15,0.1,0.15,0.1
1954,1954,Rötz,06,Steiermark,0.15,0.15,0.1,0.15,0.1
1955,1955,Rückersdorf,03,Niederösterreich,0.15,0.15,0.1,0.15,0.1
1956,1956,Rüstorf,04,Oberösterreich,0.15,0.15,0.1,0.15,0.1
1957,1957,Saalbach,05,Salzburg,0.15,0.15,0.1,0.15,0.1
1958,1958,Saalfelden am Steinernen Meer,05,Salzburg,0.15,0.15,0.1,0.15,0.1
1959,1959,Sachsenburg,02,Kärnten,0.15,0.15,0.1,0.15,0.1
1960,1960,Safenau,06,Steiermark,0.15,0.15,0.1,0.15,0.1
1961,1961,Salla,06,Steiermark,0.15,0.15,0.1,0.15,0.1
1962,1962,Sallingberg,03,Niederösterreich,0.15,0.15,0.1,0.15,0.1
1963,1963,Salzburg,05,Salzburg,0.15,0.15,0.1,0.15,0.1
1964,1964,Sammersdorf,04,Oberösterreich,0.15,0.15,0.1,0.15,0.1
1965,1965,Sandl,04,Oberösterreich,0.15,0.15,0.1,0.15,0.1
1966,1966,Sankt Aegidi,04,Oberösterreich,0.15,0.15,0.1,0.15,0.1
1967,1967,Sankt Agatha,04,Oberösterreich,0.15,0.15,0.1,0.15,0.1
1968,1968,Sankt Andrä,02,Kärnten,0.15,0.15,0.1,0.15,0.1
1969,1969,Sankt Andrä,07,Tirol,0.15,0.15,0.1,0.15,0.1
1970,1970,Sankt Andrä am Zicksee,01,Burgenland,0.15,0.15,0.1,0.15,0.1
1971,1971,Sankt Andrä im Lungau,05,Salzburg,0.15,0.15,0.1,0.15,0.1
1972,1972,Sankt Bartholomä,06,Steiermark,0.15,0.15,0.1,0.15,0.1
1973,1973,Sankt Blasen,06,Steiermark,0.15,0.15,0.1,0.15,0.1
1974,1974,Sankt Dionysen,04,Oberösterreich,0.15,0.15,0.1,0.15,0.1
1975,1975,Sankt Erhard,06,Steiermark,0.15,0.15,0.1,0.15,0.1
1976,1976,Sankt Florian,04,Oberösterreich,0.15,0.15,0.1,0.15,0.1
1977,1977,Sankt Gallen,06,Steiermark,0.15,0.15,0.1,0.15,0.1
1978,1978,Sankt Georgen,02,Kärnten,0.15,0.15,0.1,0.15,0.1
1979,1979,Sankt Georgen am Fillmannsbach,04,Oberösterreich,0.15,0.15,0.1,0.15,0.1
1980,1980,Sankt Georgen am Leithagebirge,01,Burgenland,0.15,0.15,0.1,0.15,0.1
1981,1981,Sankt Georgen am Walde,04,Oberösterreich,0.15,0.15,0.1,0.15,0.1
1982,1982,Sankt Georgen an der Gusen,04,Oberösterreich,0.15,0.15,0.1,0.15,0.1
1983,1983,Sankt Georgen an der Stiefing,06,Steiermark,0.15,0.15,0.1,0.15,0.1
1984,1984,Sankt Georgen bei Neumarkt,06,Steiermark,0.15,0.15,0.1,0.15,0.1
1985,1985,Sankt Georgen bei Obernberg am Inn,04,Oberösterreich,0.15,0.15,0.1,0.15,0.1
1986,1986,Sankt Georgen im Attergau,04,Oberösterreich,0.15,0.15,0.1,0.15,0.1
1987,1987,Sankt Georgen ob Judenburg,06,Steiermark,0.15,0.15,0.1,0.15,0.1
1988,1988,Sankt Georgen ob Murau,06,Steiermark,0.15,0.15,0.1,0.15,0.1
1989,1989,Sankt Gilgen,05,Salzburg,0.15,0.15,0.1,0.15,0.1
1990,1990,Sankt Gotthard im Mühlkreis,04,Oberösterreich,0.15,0.15,0.1,0.15,0.1
1991,1991,Sankt Ilgen,06,Steiermark,0.15,0.15,0.1,0.15,0.1
1992,1992,Sankt Jakob,02,Kärnten,0.15,0.15,0.1,0.15,0.1
1993,1993,Sankt Jakob,07,Tirol,0.15,0.15,0.1,0.15,0.1
1994,1994,Sankt Jakob-Breitenau,06,Steiermark,0.15,0.15,0.1,0.15,0.1
1995,1995,Sankt Johann,02,Kärnten,0.15,0.15,0.1,0.15,0.1
1996,1996,Sankt Johann am Tauern,06,Steiermark,0.15,0.15,0.1,0.15,0.1
1997,1997,Sankt Johann am Wimberg,04,Oberösterreich,0.15,0.15,0.1,0.15,0.1
1998,1998,Sankt Johann bei Herberstein,06,Steiermark,0.15,0.15,0.1,0.15,0.1
1999,1999,Sankt Johann im Pongau,05,Salzburg,0.15,0.15,0.1,0.15,0.1
2000,2000,Sankt Johann im Saggautal,06,Steiermark,0.15,0.15,0.1,0.15,0.1
2001,2001,Sankt Johann in der Haide,06,Steiermark,0.15,0.15,0.1,0.15,0.1
2002,2002,Sankt Katharein an der Laming,06,Steiermark,0.15,0.15,0.1,0.15,0.1
2003,2003,Sankt Kathrein am Offenegg,06,Steiermark,0.15,0.15,0.1,0.15,0.1
2004,2004,Sankt Konrad,04,Oberösterreich,0.15,0.15,0.1,0.15,0.1
2005,2005,Sankt Lambrecht,06,Steiermark,0.15,0.15,0.1,0.15,0.1
2006,2006,Sankt Leonhard,02,Kärnten,0.15,0.15,0.1,0.15,0.1
2007,2007,Sankt Leonhard,05,Salzburg,0.15,0.15,0.1,0.15,0.1
2008,2008,Sankt Leonhard,06,Steiermark,0.15,0.15,0.1,0.15,0.1
2009,2009,Sankt Leonhard bei Freistadt,04,Oberösterreich,0.15,0.15,0.1,0.15,0.1
2010,2010,Sankt Lorenz,04,Oberösterreich,0.15,0.15,0.1,0.15,0.1
2011,2011,Sankt Lorenzen am Wechsel,06,Steiermark,0.15,0.15,0.1,0.15,0.1
2012,2012,Sankt Lorenzen bei Knittelfeld,06,Steiermark,0.15,0.15,0.1,0.15,0.1
2013,2013,Sankt Lorenzen bei Scheifling,06,Steiermark,0.15,0.15,0.1,0.15,0.1
2014,2014,Sankt Lorenzen im Mürztal,06,Steiermark,0.15,0.15,0.1,0.15,0.1
2015,2015,Sankt Lorenzen ob Murau,06,Steiermark,0.15,0.15,0.1,0.15,0.1
2016,2016,Sankt Marein bei Graz,06,Steiermark,0.15,0.15,0.1,0.15,0.1
2017,2017,Sankt Marein bei Graz-Markt,06,Steiermark,0.15,0.15,0.1,0.15,0.1
2018,2018,Sankt Marein bei Graz-Umgebung,06,Steiermark,0.15,0.15,0.1,0.15,0.1
2019,2019,Sankt Marein bei Knittelfeld,06,Steiermark,0.15,0.15,0.1,0.15,0.1
2020,2020,Sankt Marein bei Neumarkt,06,Steiermark,0.15,0.15,0.1,0.15,0.1
2021,2021,Sankt Marein im Mürztal,06,Steiermark,0.15,0.15,0.1,0.15,0.1
2022,2022,Sankt Margarethen bei Knittelfeld,06,Steiermark,0.15,0.15,0.1,0.15,0.1
2023,2023,Sankt Margarethen bei Lebring,06,Steiermark,0.15,0.15,0.1,0.15,0.1
2024,2024,Sankt Margarethen im Burgenland,01,Burgenland,0.15,0.15,0.1,0.15,0.1
2025,2025,Sankt Margarethen im Lungau,05,Salzburg,0.15,0.15,0.1,0.15,0.1
2026,2026,Sankt Marien,04,Oberösterreich,0.15,0.15,0.1,0.15,0.1
2027,2027,Sankt Marienkirchen an der Polsenz,04,Oberösterreich,0.15,0.15,0.1,0.15,0.1
2028,2028,Sankt Marienkirchen bei Schärding,04,Oberösterreich,0.15,0.15,0.1,0.15,0.1
2029,2029,Sankt Martin,02,Kärnten,0.15,0.15,0.1,0.15,0.1
2030,2030,Sankt Martin,05,Salzburg,0.15,0.15,0.1,0.15,0.1
2031,2031,Sankt Martin,04,Oberösterreich,0.15,0.15,0.1,0.15,0.1
2032,2032,Sankt Martin,06,Steiermark,0.15,0.15,0.1,0.15,0.1
2033,2033,Sankt Martin am Grimming,06,Steiermark,0.15,0.15,0.1,0.15,0.1
2034,2034,Sankt Martin an der Raab,01,Burgenland,0.15,0.15,0.1,0.15,0.1
2035,2035,Sankt Martin bei Lofer,05,Salzburg,0.15,0.15,0.1,0.15,0.1
2036,2036,Sankt Martin im Mühlkreis,04,Oberösterreich,0.15,0.15,0.1,0.15,0.1
2037,2037,Sankt Michael,02,Kärnten,0.15,0.15,0.1,0.15,0.1
2038,2038,Sankt Michael im Burgenland,01,Burgenland,0.15,0.15,0.1,0.15,0.1
2039,2039,Sankt Michael im Lungau,05,Salzburg,0.15,0.15,0.1,0.15,0.1
2040,2040,Sankt Michael in Obersteiermark,06,Steiermark,0.15,0.15,0.1,0.15,0.1
2041,2041,Sankt Nikolai im Sausal,06,Steiermark,0.15,0.15,0.1,0.15,0.1
2042,2042,Sankt Nikolai im Sölktal,06,Steiermark,0.15,0.15,0.1,0.15,0.1
2043,2043,Sankt Nikolai ob Draßling,06,Steiermark,0.15,0.15,0.1,0.15,0.1
2044,2044,Sankt Oswald bei Freistadt,04,Oberösterreich,0.15,0.15,0.1,0.15,0.1
2045,2045,Sankt Oswald bei Plankenwarth,06,Steiermark,0.15,0.15,0.1,0.15,0.1
2046,2046,Sankt Oswald ob Eibiswald,06,Steiermark,0.15,0.15,0.1,0.15,0.1
2047,2047,Sankt Pantaleon,04,Oberösterreich,0.15,0.15,0.1,0.15,0.1
2048,2048,Sankt Pantaleon,03,Niederösterreich,0.15,0.15,0.1,0.15,0.1
2049,2049,Sankt Peter,02,Kärnten,0.15,0.15,0.1,0.15,0.1
2050,2050,Sankt Peter,06,Steiermark,0.15,0.15,0.1,0.15,0.1
2051,2051,Sankt Peter am Hart,04,Oberösterreich,0.15,0.15,0.1,0.15,0.1
2052,2052,Sankt Peter am Ottersbach,06,Steiermark,0.15,0.15,0.1,0.15,0.1
2053,2053,Sankt Peter am Wimberg,04,Oberösterreich,0.15,0.15,0.1,0.15,0.1
2054,2054,Sankt Peter im Sulmtal,06,Steiermark,0.15,0.15,0.1,0.15,0.1
2055,2055,Sankt Peter ob Judenburg,06,Steiermark,0.15,0.15,0.1,0.15,0.1
2056,2056,Sankt Peter-Freienstein,06,Steiermark,0.15,0.15,0.1,0.15,0.1
2057,2057,Sankt Radegund bei Graz,06,Steiermark,0.15,0.15,0.1,0.15,0.1
2058,2058,Sankt Ruprecht,02,Kärnten,0.15,0.15,0.1,0.15,0.1
2059,2059,Sankt Ruprecht an der Raab,06,Steiermark,0.15,0.15,0.1,0.15,0.1
2060,2060,Sankt Stefan,02,Kärnten,0.15,0.15,0.1,0.15,0.1
2061,2061,Sankt Stefan im Rosental,06,Steiermark,0.15,0.15,0.1,0.15,0.1
2062,2062,Sankt Stefan ob Leoben,06,Steiermark,0.15,0.15,0.1,0.15,0.1
2063,2063,Sankt Stefan ob Stainz,06,Steiermark,0.15,0.15,0.1,0.15,0.1
2064,2064,Sankt Ulrich,02,Kärnten,0.15,0.15,0.1,0.15,0.1
2065,2065,Sankt Ulrich am Waasen,06,Steiermark,0.15,0.15,0.1,0.15,0.1
2066,2066,Sankt Ulrich bei Steyr,04,Oberösterreich,0.15,0.15,0.1,0.15,0.1
2067,2067,Sankt Veit am Vogau,06,Steiermark,0.15,0.15,0.1,0.15,0.1
2068,2068,Sankt Veit im Mühlkreis,04,Oberösterreich,0.15,0.15,0.1,0.15,0.1
2069,2069,Sankt Veit im Pongau,05,Salzburg,0.15,0.15,0.1,0.15,0.1
2070,2070,Sarasdorf,03,Niederösterreich,0.15,0.15,0.1,0.15,0.1
2071,2071,Sarleinsbach,04,Oberösterreich,0.15,0.15,0.1,0.15,0.1
2072,2072,Satteins,08,Vorarlberg,0.15,0.15,0.1,0.15,0.1
2073,2073,Sattledt,04,Oberösterreich,0.15,0.15,0.1,0.15,0.1
2074,2074,Saubersdorf,03,Niederösterreich,0.15,0.15,0.1,0.15,0.1
2075,2075,Sautens,07,Tirol,0.15,0.15,0.1,0.15,0.1
2076,2076,Saxen,04,Oberösterreich,0.15,0.15,0.1,0.15,0.1
2077,2077,Schachen bei Vorau,06,Steiermark,0.15,0.15,0.1,0.15,0.1
2078,2078,Schachendorf,01,Burgenland,0.15,0.15,0.1,0.15,0.1
2079,2079,Schadendorf,06,Steiermark,0.15,0.15,0.1,0.15,0.1
2080,2080,Schafwiesen,04,Oberösterreich,0.15,0.15,0.1,0.15,0.1
2081,2081,Schalchen,04,Oberösterreich,0.15,0.15,0.1,0.15,0.1
2082,2082,Schalchham,04,Oberösterreich,0.15,0.15,0.1,0.15,0.1
2083,2083,Schaldorf,06,Steiermark,0.15,0.15,0.1,0.15,0.1
2084,2084,Schalkham,05,Salzburg,0.15,0.15,0.1,0.15,0.1
2085,2085,Schandorf,01,Burgenland,0.15,0.15,0.1,0.15,0.1
2086,2086,Schardenberg,04,Oberösterreich,0.15,0.15,0.1,0.15,0.1
2087,2087,Scharndorf,03,Niederösterreich,0.15,0.15,0.1,0.15,0.1
2088,2088,Scharnitz,07,Tirol,0.15,0.15,0.1,0.15,0.1
2089,2089,Scharnstein,04,Oberösterreich,0.15,0.15,0.1,0.15,0.1
2090,2090,Schattendorf,01,Burgenland,0.15,0.15,0.1,0.15,0.1
2091,2091,Schattwald,07,Tirol,0.15,0.15,0.1,0.15,0.1
2092,2092,Scheffau am Tennengebirge,05,Salzburg,0.15,0.15,0.1,0.15,0.1
2093,2093,Scheffau am Wilden Kaiser,07,Tirol,0.15,0.15,0.1,0.15,0.1
2094,2094,Scheibbs,03,Niederösterreich,0.15,0.15,0.1,0.15,0.1
2095,2095,Scheiblingkirchen,03,Niederösterreich,0.15,0.15,0.1,0.15,0.1
2096,2096,Scheifling,06,Steiermark,0.15,0.15,0.1,0.15,0.1
2097,2097,Schenkenfelden,04,Oberösterreich,0.15,0.15,0.1,0.15,0.1
2098,2098,Schildorn,04,Oberösterreich,0.15,0.15,0.1,0.15,0.1
2099,2099,Schiltern,03,Niederösterreich,0.15,0.15,0.1,0.15,0.1
2100,2100,Schladming,06,Steiermark,0.15,0.15,0.1,0.15,0.1
2101,2101,Schlaiten,07,Tirol,0.15,0.15,0.1,0.15,0.1
2102,2102,Schlatt,04,Oberösterreich,0.15,0.15,0.1,0.15,0.1
2103,2103,Schlatten,03,Niederösterreich,0.15,0.15,0.1,0.15,0.1
2104,2104,Schleben,02,Kärnten,0.15,0.15,0.1,0.15,0.1
2105,2105,Schleedorf,05,Salzburg,0.15,0.15,0.1,0.15,0.1
2106,2106,Schleifen,02,Kärnten,0.15,0.15,0.1,0.15,0.1
2107,2107,Schleinbach,03,Niederösterreich,0.15,0.15,0.1,0.15,0.1
2108,2108,Schlierbach,04,Oberösterreich,0.15,0.15,0.1,0.15,0.1
2109,2109,Schlins,08,Vorarlberg,0.15,0.15,0.1,0.15,0.1
2110,2110,Schlitters,07,Tirol,0.15,0.15,0.1,0.15,0.1
2111,2111,Schlossberg,06,Steiermark,0.15,0.15,0.1,0.15,0.1
2112,2112,Schmitten,05,Salzburg,0.15,0.15,0.1,0.15,0.1
2113,2113,Schneegattern,04,Oberösterreich,0.15,0.15,0.1,0.15,0.1
2114,2114,Schnepfau,08,Vorarlberg,0.15,0.15,0.1,0.15,0.1
2115,2115,Schnifis,08,Vorarlberg,0.15,0.15,0.1,0.15,0.1
2116,2116,Schoppernau,08,Vorarlberg,0.15,0.15,0.1,0.15,0.1
2117,2117,Schottwien,03,Niederösterreich,0.15,0.15,0.1,0.15,0.1
2118,2118,Schrattenbach,03,Niederösterreich,0.15,0.15,0.1,0.15,0.1
2119,2119,Schrattenberg,03,Niederösterreich,0.15,0.15,0.1,0.15,0.1
2120,2120,Schrattenthal,03,Niederösterreich,0.15,0.15,0.1,0.15,0.1
2121,2121,Schrems,03,Niederösterreich,0.15,0.15,0.1,0.15,0.1
2122,2122,Schrick,03,Niederösterreich,0.15,0.15,0.1,0.15,0.1
2123,2123,Schruns,08,Vorarlberg,0.15,0.15,0.1,0.15,0.1
2124,2124,Schröcken,08,Vorarlberg,0.15,0.15,0.1,0.15,0.1
2125,2125,Schwadorf,03,Niederösterreich,0.15,0.15,0.1,0.15,0.1
2126,2126,Schwaighofen,05,Salzburg,0.15,0.15,0.1,0.15,0.1
2127,2127,Schwanberg,06,Steiermark,0.15,0.15,0.1,0.15,0.1
2128,2128,Schwanenstadt,04,Oberösterreich,0.15,0.15,0.1,0.15,0.1
2129,2129,Schwarzach,08,Vorarlberg,0.15,0.15,0.1,0.15,0.1
2130,2130,Schwarzach im Pongau,05,Salzburg,0.15,0.15,0.1,0.15,0.1
2131,2131,Schwarzau am Steinfeld,03,Niederösterreich,0.15,0.15,0.1,0.15,0.1
2132,2132,Schwarzau im Gebirge,03,Niederösterreich,0.15,0.15,0.1,0.15,0.1
2133,2133,Schwarzau im Schwarzautal,06,Steiermark,0.15,0.15,0.1,0.15,0.1
2134,2134,Schwarzenau,03,Niederösterreich,0.15,0.15,0.1,0.15,0.1
2135,2135,Schwarzenbach,03,Niederösterreich,0.15,0.15,0.1,0.15,0.1
2136,2136,Schwarzenberg,08,Vorarlberg,0.15,0.15,0.1,0.15,0.1
2137,2137,Schwaz,07,Tirol,0.15,0.15,0.1,0.15,0.1
2138,2138,Schwechat,03,Niederösterreich,0.15,0.15,0.1,0.15,0.1
2139,2139,Schweiggers,03,Niederösterreich,0.15,0.15,0.1,0.15,0.1
2140,2140,Schweinbach,04,Oberösterreich,0.15,0.15,0.1,0.15,0.1
2141,2141,Schweizersberg,04,Oberösterreich,0.15,0.15,0.1,0.15,0.1
2142,2142,Schwemmberg,05,Salzburg,0.15,0.15,0.1,0.15,0.1
2143,2143,Schwendau,07,Tirol,0.15,0.15,0.1,0.15,0.1
2144,2144,Schwendt,07,Tirol,0.15,0.15,0.1,0.15,0.1
2145,2145,Schwertberg,04,Oberösterreich,0.15,0.15,0.1,0.15,0.1
2146,2146,Schwoich,07,Tirol,0.15,0.15,0.1,0.15,0.1
2147,2147,Schäffern,06,Steiermark,0.15,0.15,0.1,0.15,0.1
2148,2148,Schärding,04,Oberösterreich,0.15,0.15,0.1,0.15,0.1
2149,2149,Schärding Innere Stadt,04,Oberösterreich,0.15,0.15,0.1,0.15,0.1
2150,2150,Schärding Vorstadt,04,Oberösterreich,0.15,0.15,0.1,0.15,0.1
2151,2151,Schöder,06,Steiermark,0.15,0.15,0.1,0.15,0.1
2152,2152,Schöfens,07,Tirol,0.15,0.15,0.1,0.15,0.1
2153,2153,Schönau an der Triesting,03,Niederösterreich,0.15,0.15,0.1,0.15,0.1
2154,2154,Schönau im Mühlkreis,04,Oberösterreich,0.15,0.15,0.1,0.15,0.1
2155,2155,Schönbach,03,Niederösterreich,0.15,0.15,0.1,0.15,0.1
2156,2156,Schönberg,03,Niederösterreich,0.15,0.15,0.1,0.15,0.1
2157,2157,Schönberg im Stubaital,07,Tirol,0.15,0.15,0.1,0.15,0.1
2158,2158,Schöndorf,04,Oberösterreich,0.15,0.15,0.1,0.15,0.1
2159,2159,Schönering,04,Oberösterreich,0.15,0.15,0.1,0.15,0.1
2160,2160,Schöngrabern,03,Niederösterreich,0.15,0.15,0.1,0.15,0.1
2161,2161,Schönkirchen-Reyersdorf,03,Niederösterreich,0.15,0.15,0.1,0.15,0.1
2162,2162,Schönwies,07,Tirol,0.15,0.15,0.1,0.15,0.1
2163,2163,Schörfling,04,Oberösterreich,0.15,0.15,0.1,0.15,0.1
2164,2164,Schützen am Gebirge,01,Burgenland,0.15,0.15,0.1,0.15,0.1
2165,2165,Sebersdorf,06,Steiermark,0.15,0.15,0.1,0.15,0.1
2166,2166,Seckau,06,Steiermark,0.15,0.15,0.1,0.15,0.1
2167,2167,See,07,Tirol,0.15,0.15,0.1,0.15,0.1
2168,2168,Seebach,02,Kärnten,0.15,0.15,0.1,0.15,0.1
2169,2169,Seebenstein,03,Niederösterreich,0.15,0.15,0.1,0.15,0.1
2170,2170,Seeboden,02,Kärnten,0.15,0.15,0.1,0.15,0.1
2171,2171,Seefeld in Tirol,07,Tirol,0.15,0.15,0.1,0.15,0.1
2172,2172,Seeham,05,Salzburg,0.15,0.15,0.1,0.15,0.1
2173,2173,Seekirchen am Wallersee,05,Salzburg,0.15,0.15,0.1,0.15,0.1
2174,2174,Seewalchen,04,Oberösterreich,0.15,0.15,0.1,0.15,0.1
2175,2175,Seewalchen,05,Salzburg,0.15,0.15,0.1,0.15,0.1
2176,2176,Seggauberg,06,Steiermark,0.15,0.15,0.1,0.15,0.1
2177,2177,Seibersdorf,03,Niederösterreich,0.15,0.15,0.1,0.15,0.1
2178,2178,Seibersdorf am Hammerwald,06,Steiermark,0.15,0.15,0.1,0.15,0.1
2179,2179,Seiersberg,06,Steiermark,0.15,0.15,0.1,0.15,0.1
2180,2180,Seitenberg,02,Kärnten,0.15,0.15,0.1,0.15,0.1
2181,2181,Sellrain,07,Tirol,0.15,0.15,0.1,0.15,0.1
2182,2182,Selpritsch,02,Kärnten,0.15,0.15,0.1,0.15,0.1
2183,2183,Selzthal,06,Steiermark,0.15,0.15,0.1,0.15,0.1
2184,2184,Semmering,03,Niederösterreich,0.15,0.15,0.1,0.15,0.1
2185,2185,Semriach,06,Steiermark,0.15,0.15,0.1,0.15,0.1
2186,2186,Senftenberg,03,Niederösterreich,0.15,0.15,0.1,0.15,0.1
2187,2187,Serfaus,07,Tirol,0.15,0.15,0.1,0.15,0.1
2188,2188,Seyring,03,Niederösterreich,0.15,0.15,0.1,0.15,0.1
2189,2189,Sibratsgfäll,08,Vorarlberg,0.15,0.15,0.1,0.15,0.1
2190,2190,Siebenhaus,03,Niederösterreich,0.15,0.15,0.1,0.15,0.1
2191,2191,Siebenhirten,03,Niederösterreich,0.15,0.15,0.1,0.15,0.1
2192,2192,Siedlung,04,Oberösterreich,0.15,0.15,0.1,0.15,0.1
2193,2193,Siegenfeld,03,Niederösterreich,0.15,0.15,0.1,0.15,0.1
2194,2194,Siegersdorf,03,Niederösterreich,0.15,0.15,0.1,0.15,0.1
2195,2195,Siegersdorf bei Herberstein,06,Steiermark,0.15,0.15,0.1,0.15,0.1
2196,2196,Sieggraben,01,Burgenland,0.15,0.15,0.1,0.15,0.1
2197,2197,Sieghartskirchen,03,Niederösterreich,0.15,0.15,0.1,0.15,0.1
2198,2198,Sierndorf,03,Niederösterreich,0.15,0.15,0.1,0.15,0.1
2199,2199,Sierning,04,Oberösterreich,0.15,0.15,0.1,0.15,0.1
2200,2200,Siezenheim,05,Salzburg,0.15,0.15,0.1,0.15,0.1
2201,2201,Sigharting,04,Oberösterreich,0.15,0.15,0.1,0.15,0.1
2202,2202,Sigmundsherberg,03,Niederösterreich,0.15,0.15,0.1,0.15,0.1
2203,2203,Silbertal,08,Vorarlberg,0.15,0.15,0.1,0.15,0.1
2204,2204,Sillian,07,Tirol,0.15,0.15,0.1,0.15,0.1
2205,2205,Silz,07,Tirol,0.15,0.15,0.1,0.15,0.1
2206,2206,Simmering,09,Wien,0.15,0.15,0.1,0.15,0.1
2207,2207,Sinabelkirchen,06,Steiermark,0.15,0.15,0.1,0.15,0.1
2208,2208,Sipbachzell,04,Oberösterreich,0.15,0.15,0.1,0.15,0.1
2209,2209,Sistrans,07,Tirol,0.15,0.15,0.1,0.15,0.1
2210,2210,Sittendorf,03,Niederösterreich,0.15,0.15,0.1,0.15,0.1
2211,2211,Sittersdorf,02,Kärnten,0.15,0.15,0.1,0.15,0.1
2212,2212,Sitzendorf an der Schmida,03,Niederösterreich,0.15,0.15,0.1,0.15,0.1
2213,2213,Soboth,06,Steiermark,0.15,0.15,0.1,0.15,0.1
2214,2214,Soisgegend,03,Niederösterreich,0.15,0.15,0.1,0.15,0.1
2215,2215,Sollenau,03,Niederösterreich,0.15,0.15,0.1,0.15,0.1
2216,2216,Sommer,06,Steiermark,0.15,0.15,0.1,0.15,0.1
2217,2217,Sommerein,03,Niederösterreich,0.15,0.15,0.1,0.15,0.1
2218,2218,Sonnberg,03,Niederösterreich,0.15,0.15,0.1,0.15,0.1
2219,2219,Sonnberg,05,Salzburg,0.15,0.15,0.1,0.15,0.1
2220,2220,Sonnseite,07,Tirol,0.15,0.15,0.1,0.15,0.1
2221,2221,Sonntag,08,Vorarlberg,0.15,0.15,0.1,0.15,0.1
2222,2222,Sonntagberg,03,Niederösterreich,0.15,0.15,0.1,0.15,0.1
2223,2223,Spannberg,03,Niederösterreich,0.15,0.15,0.1,0.15,0.1
2224,2224,Spatenhof,06,Steiermark,0.15,0.15,0.1,0.15,0.1
2225,2225,Spielfeld,06,Steiermark,0.15,0.15,0.1,0.15,0.1
2226,2226,Spillern,03,Niederösterreich,0.15,0.15,0.1,0.15,0.1
2227,2227,Spital am Pyhrn,04,Oberösterreich,0.15,0.15,0.1,0.15,0.1
2228,2228,Spital am Semmering,06,Steiermark,0.15,0.15,0.1,0.15,0.1
2229,2229,Spittal an der Drau,02,Kärnten,0.15,0.15,0.1,0.15,0.1
2230,2230,Spitz,03,Niederösterreich,0.15,0.15,0.1,0.15,0.1
2231,2231,Spratzern,03,Niederösterreich,0.15,0.15,0.1,0.15,0.1
2232,2232,St. Agathen und Perau,02,Kärnten,0.15,0.15,0.1,0.15,0.1
2233,2233,St. Georgen am Längsee,02,Kärnten,0.15,0.15,0.1,0.15,0.1
2234,2234,St. Sebastian,06,Steiermark,0.15,0.15,0.1,0.15,0.1
2235,2235,Staatz,03,Niederösterreich,0.15,0.15,0.1,0.15,0.1
2236,2236,Stadl an der Mur,06,Steiermark,0.15,0.15,0.1,0.15,0.1
2237,2237,Stadl-Hausruck,04,Oberösterreich,0.15,0.15,0.1,0.15,0.1
2238,2238,Stadl-Traun,04,Oberösterreich,0.15,0.15,0.1,0.15,0.1
2239,2239,Stadtschlaining,01,Burgenland,0.15,0.15,0.1,0.15,0.1
2240,2240,Stainach,06,Steiermark,0.15,0.15,0.1,0.15,0.1
2241,2241,Stainz,06,Steiermark,0.15,0.15,0.1,0.15,0.1
2242,2242,Stainz bei Straden,06,Steiermark,0.15,0.15,0.1,0.15,0.1
2243,2243,Stall,02,Kärnten,0.15,0.15,0.1,0.15,0.1
2244,2244,Stallehr,08,Vorarlberg,0.15,0.15,0.1,0.15,0.1
2245,2245,Stallhof,06,Steiermark,0.15,0.15,0.1,0.15,0.1
2246,2246,Stallhofen,06,Steiermark,0.15,0.15,0.1,0.15,0.1
2247,2247,Stambach,06,Steiermark,0.15,0.15,0.1,0.15,0.1
2248,2248,Stams,07,Tirol,0.15,0.15,0.1,0.15,0.1
2249,2249,Stangental,03,Niederösterreich,0.15,0.15,0.1,0.15,0.1
2250,2250,Stans,07,Tirol,0.15,0.15,0.1,0.15,0.1
2251,2251,Stanz bei Landeck,07,Tirol,0.15,0.15,0.1,0.15,0.1
2252,2252,Stanzach,07,Tirol,0.15,0.15,0.1,0.15,0.1
2253,2253,Stattersdorf,03,Niederösterreich,0.15,0.15,0.1,0.15,0.1
2254,2254,Statz,07,Tirol,0.15,0.15,0.1,0.15,0.1
2255,2255,Statzendorf,03,Niederösterreich,0.15,0.15,0.1,0.15,0.1
2256,2256,Statzing,04,Oberösterreich,0.15,0.15,0.1,0.15,0.1
2257,2257,Staudach,06,Steiermark,0.15,0.15,0.1,0.15,0.1
2258,2258,Steeg,07,Tirol,0.15,0.15,0.1,0.15,0.1
2259,2259,Stegersbach,01,Burgenland,0.15,0.15,0.1,0.15,0.1
2260,2260,Stein,06,Steiermark,0.15,0.15,0.1,0.15,0.1
2261,2261,Stein,03,Niederösterreich,0.15,0.15,0.1,0.15,0.1
2262,2262,Stein an der Donau,03,Niederösterreich,0.15,0.15,0.1,0.15,0.1
2263,2263,Steinabrückl,03,Niederösterreich,0.15,0.15,0.1,0.15,0.1
2264,2264,Steinach am Brenner,07,Tirol,0.15,0.15,0.1,0.15,0.1
2265,2265,Steinakirchen am Forst,03,Niederösterreich,0.15,0.15,0.1,0.15,0.1
2266,2266,Steinbach am Attersee,04,Oberösterreich,0.15,0.15,0.1,0.15,0.1
2267,2267,Steinbach am Ziehberg,04,Oberösterreich,0.15,0.15,0.1,0.15,0.1
2268,2268,Steinbach an der Steyr,04,Oberösterreich,0.15,0.15,0.1,0.15,0.1
2269,2269,Steinberg,06,Steiermark,0.15,0.15,0.1,0.15,0.1
2270,2270,Steinbrunn,01,Burgenland,0.15,0.15,0.1,0.15,0.1
2271,2271,Steindorf,05,Salzburg,0.15,0.15,0.1,0.15,0.1
2272,2272,Steindorf,04,Oberösterreich,0.15,0.15,0.1,0.15,0.1
2273,2273,Steindorf am Ossiacher See,02,Kärnten,0.15,0.15,0.1,0.15,0.1
2274,2274,Steinerkirchen an der Traun,04,Oberösterreich,0.15,0.15,0.1,0.15,0.1
2275,2275,Steinfeld,02,Kärnten,0.15,0.15,0.1,0.15,0.1
2276,2276,Steinfeld,04,Oberösterreich,0.15,0.15,0.1,0.15,0.1
2277,2277,Steinhaus,04,Oberösterreich,0.15,0.15,0.1,0.15,0.1
2278,2278,Steinhaus am Semmering,06,Steiermark,0.15,0.15,0.1,0.15,0.1
2279,2279,Steinwandleiten,03,Niederösterreich,0.15,0.15,0.1,0.15,0.1
2280,2280,Stenzengreith,06,Steiermark,0.15,0.15,0.1,0.15,0.1
2281,2281,Stephanshart,03,Niederösterreich,0.15,0.15,0.1,0.15,0.1
2282,2282,Stetteldorf am Wagram,03,Niederösterreich,0.15,0.15,0.1,0.15,0.1
2283,2283,Stetten,03,Niederösterreich,0.15,0.15,0.1,0.15,0.1
2284,2284,Steuerberg,02,Kärnten,0.15,0.15,0.1,0.15,0.1
2285,2285,Steyr,04,Oberösterreich,0.15,0.15,0.1,0.15,0.1
2286,2286,Steyregg,04,Oberösterreich,0.15,0.15,0.1,0.15,0.1
2287,2287,Steyrling,04,Oberösterreich,0.15,0.15,0.1,0.15,0.1
2288,2288,Stinatz,01,Burgenland,0.15,0.15,0.1,0.15,0.1
2289,2289,Stiwoll,06,Steiermark,0.15,0.15,0.1,0.15,0.1
2290,2290,Stixneusiedl,03,Niederösterreich,0.15,0.15,0.1,0.15,0.1
2291,2291,Stockenboi,02,Kärnten,0.15,0.15,0.1,0.15,0.1
2292,2292,Stockerau,03,Niederösterreich,0.15,0.15,0.1,0.15,0.1
2293,2293,Stollhof,03,Niederösterreich,0.15,0.15,0.1,0.15,0.1
2294,2294,Stollhofen,03,Niederösterreich,0.15,0.15,0.1,0.15,0.1
2295,2295,Stoob,01,Burgenland,0.15,0.15,0.1,0.15,0.1
2296,2296,Stotzing,01,Burgenland,0.15,0.15,0.1,0.15,0.1
2297,2297,Straden,06,Steiermark,0.15,0.15,0.1,0.15,0.1
2298,2298,Strallegg,06,Steiermark,0.15,0.15,0.1,0.15,0.1
2299,2299,Strass,03,Niederösterreich,0.15,0.15,0.1,0.15,0.1
2300,2300,Strass im Zillertal,07,Tirol,0.15,0.15,0.1,0.15,0.1
2301,2301,Strassen,07,Tirol,0.15,0.15,0.1,0.15,0.1
2302,2302,Strasshof an der Nordbahn,03,Niederösterreich,0.15,0.15,0.1,0.15,0.1
2303,2303,Stratzing,03,Niederösterreich,0.15,0.15,0.1,0.15,0.1
2304,2304,Straß in Steiermark,06,Steiermark,0.15,0.15,0.1,0.15,0.1
2305,2305,Straßburg-Stadt,02,Kärnten,0.15,0.15,0.1,0.15,0.1
2306,2306,Straßgang,06,Steiermark,0.15,0.15,0.1,0.15,0.1
2307,2307,Strem,01,Burgenland,0.15,0.15,0.1,0.15,0.1
2308,2308,Strengberg,03,Niederösterreich,0.15,0.15,0.1,0.15,0.1
2309,2309,Strengen,07,Tirol,0.15,0.15,0.1,0.15,0.1
2310,2310,Strienzing,04,Oberösterreich,0.15,0.15,0.1,0.15,0.1
2311,2311,Strobl,05,Salzburg,0.15,0.15,0.1,0.15,0.1
2312,2312,Stronsdorf,03,Niederösterreich,0.15,0.15,0.1,0.15,0.1
2313,2313,Stubenberg,06,Steiermark,0.15,0.15,0.1,0.15,0.1
2314,2314,Studenzen,06,Steiermark,0.15,0.15,0.1,0.15,0.1
2315,2315,Stuhlfelden,05,Salzburg,0.15,0.15,0.1,0.15,0.1
2316,2316,Stumm,07,Tirol,0.15,0.15,0.1,0.15,0.1
2317,2317,Stummerberg,07,Tirol,0.15,0.15,0.1,0.15,0.1
2318,2318,Stuppach,03,Niederösterreich,0.15,0.15,0.1,0.15,0.1
2319,2319,Stössing,03,Niederösterreich,0.15,0.15,0.1,0.15,0.1
2320,2320,Stöttera,01,Burgenland,0.15,0.15,0.1,0.15,0.1
2321,2321,Suben,04,Oberösterreich,0.15,0.15,0.1,0.15,0.1
2322,2322,Suetschach,02,Kärnten,0.15,0.15,0.1,0.15,0.1
2323,2323,Sulz,08,Vorarlberg,0.15,0.15,0.1,0.15,0.1
2324,2324,Sulz im Wienerwald,03,Niederösterreich,0.15,0.15,0.1,0.15,0.1
2325,2325,Sulzau,05,Salzburg,0.15,0.15,0.1,0.15,0.1
2326,2326,Sulzbach,04,Oberösterreich,0.15,0.15,0.1,0.15,0.1
2327,2327,Sulzberg,08,Vorarlberg,0.15,0.15,0.1,0.15,0.1
2328,2328,Summerau,04,Oberösterreich,0.15,0.15,0.1,0.15,0.1
2329,2329,Söchau,06,Steiermark,0.15,0.15,0.1,0.15,0.1
2330,2330,Södingberg,06,Steiermark,0.15,0.15,0.1,0.15,0.1
2331,2331,Sölden,07,Tirol,0.15,0.15,0.1,0.15,0.1
2332,2332,Söll,07,Tirol,0.15,0.15,0.1,0.15,0.1
2333,2333,Tadten,01,Burgenland,0.15,0.15,0.1,0.15,0.1
2334,2334,Tainach,02,Kärnten,0.15,0.15,0.1,0.15,0.1
2335,2335,Taiskirchen im Innkreis,04,Oberösterreich,0.15,0.15,0.1,0.15,0.1
2336,2336,Tal,08,Vorarlberg,0.15,0.15,0.1,0.15,0.1
2337,2337,Tamsweg,05,Salzburg,0.15,0.15,0.1,0.15,0.1
2338,2338,Tannheim,07,Tirol,0.15,0.15,0.1,0.15,0.1
2339,2339,Tarrenz,07,Tirol,0.15,0.15,0.1,0.15,0.1
2340,2340,Tattendorf,03,Niederösterreich,0.15,0.15,0.1,0.15,0.1
2341,2341,Taufkirchen an der Pram,04,Oberösterreich,0.15,0.15,0.1,0.15,0.1
2342,2342,Taufkirchen an der Trattnach,04,Oberösterreich,0.15,0.15,0.1,0.15,0.1
2343,2343,Taugl,05,Salzburg,0.15,0.15,0.1,0.15,0.1
2344,2344,Tauplitz,06,Steiermark,0.15,0.15,0.1,0.15,0.1
2345,2345,Taxach,05,Salzburg,0.15,0.15,0.1,0.15,0.1
2346,2346,Taxenbach,05,Salzburg,0.15,0.15,0.1,0.15,0.1
2347,2347,Teesdorf,03,Niederösterreich,0.15,0.15,0.1,0.15,0.1
2348,2348,Telfes im Stubai,07,Tirol,0.15,0.15,0.1,0.15,0.1
2349,2349,Telfs,07,Tirol,0.15,0.15,0.1,0.15,0.1
2350,2350,Terfens,07,Tirol,0.15,0.15,0.1,0.15,0.1
2351,2351,Ternberg,04,Oberösterreich,0.15,0.15,0.1,0.15,0.1
2352,2352,Ternitz,03,Niederösterreich,0.15,0.15,0.1,0.15,0.1
2353,2353,Teufelhof,03,Niederösterreich,0.15,0.15,0.1,0.15,0.1
2354,2354,Teufenbach,06,Steiermark,0.15,0.15,0.1,0.15,0.1
2355,2355,Thal,06,Steiermark,0.15,0.15,0.1,0.15,0.1
2356,2356,Thalgau,05,Salzburg,0.15,0.15,0.1,0.15,0.1
2357,2357,Thalgauberg,05,Salzburg,0.15,0.15,0.1,0.15,0.1
2358,2358,Thalheim bei Wels,04,Oberösterreich,0.15,0.15,0.1,0.15,0.1
2359,2359,Thaling,04,Oberösterreich,0.15,0.15,0.1,0.15,0.1
2360,2360,Thaur,07,Tirol,0.15,0.15,0.1,0.15,0.1
2361,2361,Thaya,03,Niederösterreich,0.15,0.15,0.1,0.15,0.1
2362,2362,Thening,04,Oberösterreich,0.15,0.15,0.1,0.15,0.1
2363,2363,Thenneberg,03,Niederösterreich,0.15,0.15,0.1,0.15,0.1
2364,2364,Theresienfeld,03,Niederösterreich,0.15,0.15,0.1,0.15,0.1
2365,2365,Thernberg,03,Niederösterreich,0.15,0.15,0.1,0.15,0.1
2366,2366,Thomasberg,03,Niederösterreich,0.15,0.15,0.1,0.15,0.1
2367,2367,Thomatal,05,Salzburg,0.15,0.15,0.1,0.15,0.1
2368,2368,Thondorf,06,Steiermark,0.15,0.15,0.1,0.15,0.1
2369,2369,Thor,05,Salzburg,0.15,0.15,0.1,0.15,0.1
2370,2370,Thumersbach,05,Salzburg,0.15,0.15,0.1,0.15,0.1
2371,2371,Thurn,07,Tirol,0.15,0.15,0.1,0.15,0.1
2372,2372,Thörl,06,Steiermark,0.15,0.15,0.1,0.15,0.1
2373,2373,Thüringen,08,Vorarlberg,0.15,0.15,0.1,0.15,0.1
2374,2374,Thüringerberg,08,Vorarlberg,0.15,0.15,0.1,0.15,0.1
2375,2375,Tiefenbach,03,Niederösterreich,0.15,0.15,0.1,0.15,0.1
2376,2376,Tiefgraben,04,Oberösterreich,0.15,0.15,0.1,0.15,0.1
2377,2377,Tieschen,06,Steiermark,0.15,0.15,0.1,0.15,0.1
2378,2378,Tillmitsch,06,Steiermark,0.15,0.15,0.1,0.15,0.1
2379,2379,Tillmitsch Links der Laßnitz,06,Steiermark,0.15,0.15,0.1,0.15,0.1
2380,2380,Timelkam,04,Oberösterreich,0.15,0.15,0.1,0.15,0.1
2381,2381,Timmersdorf,06,Steiermark,0.15,0.15,0.1,0.15,0.1
2382,2382,Tobadill,07,Tirol,0.15,0.15,0.1,0.15,0.1
2383,2383,Tobaj,01,Burgenland,0.15,0.15,0.1,0.15,0.1
2384,2384,Tolleterau,04,Oberösterreich,0.15,0.15,0.1,0.15,0.1
2385,2385,Torren,05,Salzburg,0.15,0.15,0.1,0.15,0.1
2386,2386,Traboch,06,Steiermark,0.15,0.15,0.1,0.15,0.1
2387,2387,Tragwein,04,Oberösterreich,0.15,0.15,0.1,0.15,0.1
2388,2388,Trahütten,06,Steiermark,0.15,0.15,0.1,0.15,0.1
2389,2389,Traisen,03,Niederösterreich,0.15,0.15,0.1,0.15,0.1
2390,2390,Traiskirchen,03,Niederösterreich,0.15,0.15,0.1,0.15,0.1
2391,2391,Traismauer,03,Niederösterreich,0.15,0.15,0.1,0.15,0.1
2392,2392,Trasdorf,03,Niederösterreich,0.15,0.15,0.1,0.15,0.1
2393,2393,Trattenbach,03,Niederösterreich,0.15,0.15,0.1,0.15,0.1
2394,2394,Traun,04,Oberösterreich,0.15,0.15,0.1,0.15,0.1
2395,2395,Traunkirchen,04,Oberösterreich,0.15,0.15,0.1,0.15,0.1
2396,2396,Trausdorf an der Wulka,01,Burgenland,0.15,0.15,0.1,0.15,0.1
2397,2397,Trautmannsdorf an der Leitha,03,Niederösterreich,0.15,0.15,0.1,0.15,0.1
2398,2398,Trebesing,02,Kärnten,0.15,0.15,0.1,0.15,0.1
2399,2399,Treffen,02,Kärnten,0.15,0.15,0.1,0.15,0.1
2400,2400,Treglwang,06,Steiermark,0.15,0.15,0.1,0.15,0.1
2401,2401,Treibach,02,Kärnten,0.15,0.15,0.1,0.15,0.1
2402,2402,Tresdorf,03,Niederösterreich,0.15,0.15,0.1,0.15,0.1
2403,2403,Tribuswinkel,03,Niederösterreich,0.15,0.15,0.1,0.15,0.1
2404,2404,Trieben,06,Steiermark,0.15,0.15,0.1,0.15,0.1
2405,2405,Triebendorf,06,Steiermark,0.15,0.15,0.1,0.15,0.1
2406,2406,Trins,07,Tirol,0.15,0.15,0.1,0.15,0.1
2407,2407,Tristach,07,Tirol,0.15,0.15,0.1,0.15,0.1
2408,2408,Trofaiach,06,Steiermark,0.15,0.15,0.1,0.15,0.1
2409,2409,Trumau,03,Niederösterreich,0.15,0.15,0.1,0.15,0.1
2410,2410,Trössing,06,Steiermark,0.15,0.15,0.1,0.15,0.1
2411,2411,Tschagguns,08,Vorarlberg,0.15,0.15,0.1,0.15,0.1
2412,2412,Tschanigraben,01,Burgenland,0.15,0.15,0.1,0.15,0.1
2413,2413,Tschurndorf,01,Burgenland,0.15,0.15,0.1,0.15,0.1
2414,2414,Tschöran,02,Kärnten,0.15,0.15,0.1,0.15,0.1
2415,2415,Tulbing,03,Niederösterreich,0.15,0.15,0.1,0.15,0.1
2416,2416,Tulfes,07,Tirol,0.15,0.15,0.1,0.15,0.1
2417,2417,Tulln,03,Niederösterreich,0.15,0.15,0.1,0.15,0.1
2418,2418,Tullnerbach-Lawies,03,Niederösterreich,0.15,0.15,0.1,0.15,0.1
2419,2419,Tumeltsham,04,Oberösterreich,0.15,0.15,0.1,0.15,0.1
2420,2420,Tumpen,07,Tirol,0.15,0.15,0.1,0.15,0.1
2421,2421,Turnau,06,Steiermark,0.15,0.15,0.1,0.15,0.1
2422,2422,Tux,07,Tirol,0.15,0.15,0.1,0.15,0.1
2423,2423,Tweng,05,Salzburg,0.15,0.15,0.1,0.15,0.1
2424,2424,Tösens,07,Tirol,0.15,0.15,0.1,0.15,0.1
2425,2425,Türkstetten,04,Oberösterreich,0.15,0.15,0.1,0.15,0.1
2426,2426,Türnitz,03,Niederösterreich,0.15,0.15,0.1,0.15,0.1
2427,2427,Uderns,07,Tirol,0.15,0.15,0.1,0.15,0.1
2428,2428,Ufer,04,Oberösterreich,0.15,0.15,0.1,0.15,0.1
2429,2429,Ulmerfeld,03,Niederösterreich,0.15,0.15,0.1,0.15,0.1
2430,2430,Ulrichsberg,04,Oberösterreich,0.15,0.15,0.1,0.15,0.1
2431,2431,Ulrichskirchen,03,Niederösterreich,0.15,0.15,0.1,0.15,0.1
2432,2432,Umhausen,07,Tirol,0.15,0.15,0.1,0.15,0.1
2433,2433,Ungenach,04,Oberösterreich,0.15,0.15,0.1,0.15,0.1
2434,2434,Ungerdorf,06,Steiermark,0.15,0.15,0.1,0.15,0.1
2435,2435,Unken,05,Salzburg,0.15,0.15,0.1,0.15,0.1
2436,2436,Unteraigen,03,Niederösterreich,0.15,0.15,0.1,0.15,0.1
2437,2437,Unteramt,03,Niederösterreich,0.15,0.15,0.1,0.15,0.1
2438,2438,Unterauersbach,06,Steiermark,0.15,0.15,0.1,0.15,0.1
2439,2439,Unterbergern,03,Niederösterreich,0.15,0.15,0.1,0.15,0.1
2440,2440,Unterbergla,06,Steiermark,0.15,0.15,0.1,0.15,0.1
2441,2441,Unterbuch,06,Steiermark,0.15,0.15,0.1,0.15,0.1
2442,2442,Unterdorf,05,Salzburg,0.15,0.15,0.1,0.15,0.1
2443,2443,Untere Fellach,02,Kärnten,0.15,0.15,0.1,0.15,0.1
2444,2444,Untereisenfeld,04,Oberösterreich,0.15,0.15,0.1,0.15,0.1
2445,2445,Unterfladnitz,06,Steiermark,0.15,0.15,0.1,0.15,0.1
2446,2446,Unterfrauenhaid,01,Burgenland,0.15,0.15,0.1,0.15,0.1
2447,2447,Unterfreundorf,04,Oberösterreich,0.15,0.15,0.1,0.15,0.1
2448,2448,Untergreith,06,Steiermark,0.15,0.15,0.1,0.15,0.1
2449,2449,Untergroßau,06,Steiermark,0.15,0.15,0.1,0.15,0.1
2450,2450,Untergrünburg,04,Oberösterreich,0.15,0.15,0.1,0.15,0.1
2451,2451,Unterhart,04,Oberösterreich,0.15,0.15,0.1,0.15,0.1
2452,2452,Unterjosefstal,04,Oberösterreich,0.15,0.15,0.1,0.15,0.1
2453,2453,Unterkohlstätten,01,Burgenland,0.15,0.15,0.1,0.15,0.1
2454,2454,Unterlamm,06,Steiermark,0.15,0.15,0.1,0.15,0.1
2455,2455,Unterlangkampfen,07,Tirol,0.15,0.15,0.1,0.15,0.1
2456,2456,Untermieming,07,Tirol,0.15,0.15,0.1,0.15,0.1
2457,2457,Unternalb,03,Niederösterreich,0.15,0.15,0.1,0.15,0.1
2458,2458,Unternberg,05,Salzburg,0.15,0.15,0.1,0.15,0.1
2459,2459,Unterneuberg,06,Steiermark,0.15,0.15,0.1,0.15,0.1
2460,2460,Unterolberndorf,03,Niederösterreich,0.15,0.15,0.1,0.15,0.1
2461,2461,Unterperfuss,07,Tirol,0.15,0.15,0.1,0.15,0.1
2462,2462,Unterpremstätten,06,Steiermark,0.15,0.15,0.1,0.15,0.1
2463,2463,Unterpuchenau,04,Oberösterreich,0.15,0.15,0.1,0.15,0.1
2464,2464,Unterrabnitz,01,Burgenland,0.15,0.15,0.1,0.15,0.1
2465,2465,Unterradlberg,03,Niederösterreich,0.15,0.15,0.1,0.15,0.1
2466,2466,Unterretzbach,03,Niederösterreich,0.15,0.15,0.1,0.15,0.1
2467,2467,Unterrohr,06,Steiermark,0.15,0.15,0.1,0.15,0.1
2468,2468,Untersee,04,Oberösterreich,0.15,0.15,0.1,0.15,0.1
2469,2469,Untersiebenbrunn,03,Niederösterreich,0.15,0.15,0.1,0.15,0.1
2470,2470,Unterstinkenbrunn,03,Niederösterreich,0.15,0.15,0.1,0.15,0.1
2471,2471,Untertauern,05,Salzburg,0.15,0.15,0.1,0.15,0.1
2472,2472,Untertilliach,07,Tirol,0.15,0.15,0.1,0.15,0.1
2473,2473,Untertweng,02,Kärnten,0.15,0.15,0.1,0.15,0.1
2474,2474,Unterwagram,03,Niederösterreich,0.15,0.15,0.1,0.15,0.1
2475,2475,Unterwald,04,Oberösterreich,0.15,0.15,0.1,0.15,0.1
2476,2476,Unterwaltersdorf,03,Niederösterreich,0.15,0.15,0.1,0.15,0.1
2477,2477,Unterwart,01,Burgenland,0.15,0.15,0.1,0.15,0.1
2478,2478,Unterweitersdorf,04,Oberösterreich,0.15,0.15,0.1,0.15,0.1
2479,2479,Unzmarkt,06,Steiermark,0.15,0.15,0.1,0.15,0.1
2480,2480,Urgental,06,Steiermark,0.15,0.15,0.1,0.15,0.1
2481,2481,Ursprung,06,Steiermark,0.15,0.15,0.1,0.15,0.1
2482,2482,Utschtal,06,Steiermark,0.15,0.15,0.1,0.15,0.1
2483,2483,Uttendorf,04,Oberösterreich,0.15,0.15,0.1,0.15,0.1
2484,2484,Uttendorf,05,Salzburg,0.15,0.15,0.1,0.15,0.1
2485,2485,Utzenaich,04,Oberösterreich,0.15,0.15,0.1,0.15,0.1
2486,2486,Vals,07,Tirol,0.15,0.15,0.1,0.15,0.1
2487,2487,Vandans,08,Vorarlberg,0.15,0.15,0.1,0.15,0.1
2488,2488,Vasoldsberg,06,Steiermark,0.15,0.15,0.1,0.15,0.1
2489,2489,Veitsch,06,Steiermark,0.15,0.15,0.1,0.15,0.1
2490,2490,Velm,03,Niederösterreich,0.15,0.15,0.1,0.15,0.1
2491,2491,Viechtwang,04,Oberösterreich,0.15,0.15,0.1,0.15,0.1
2492,2492,Viehdorf,03,Niederösterreich,0.15,0.15,0.1,0.15,0.1
2493,2493,Viehhausen,05,Salzburg,0.15,0.15,0.1,0.15,0.1
2494,2494,Viehhofen,05,Salzburg,0.15,0.15,0.1,0.15,0.1
2495,2495,Viehofen,03,Niederösterreich,0.15,0.15,0.1,0.15,0.1
2496,2496,Vigaun,05,Salzburg,0.15,0.15,0.1,0.15,0.1
2497,2497,Viktorsberg,08,Vorarlberg,0.15,0.15,0.1,0.15,0.1
2498,2498,Viktring,02,Kärnten,0.15,0.15,0.1,0.15,0.1
2499,2499,Viktringer Vorstadt,02,Kärnten,0.15,0.15,0.1,0.15,0.1
2500,2500,Vill,07,Tirol,0.15,0.15,0.1,0.15,0.1
2501,2501,Villach,02,Kärnten,0.15,0.15,0.1,0.15,0.1
2502,2502,Villach-Innere Stadt,02,Kärnten,0.15,0.15,0.1,0.15,0.1
2503,2503,Villacher Vorstadt,02,Kärnten,0.15,0.15,0.1,0.15,0.1
2504,2504,Vils,07,Tirol,0.15,0.15,0.1,0.15,0.1
2505,2505,Virgen,07,Tirol,0.15,0.15,0.1,0.15,0.1
2506,2506,Vitis,03,Niederösterreich,0.15,0.15,0.1,0.15,0.1
2507,2507,Vogau,06,Steiermark,0.15,0.15,0.1,0.15,0.1
2508,2508,Voitsberg,06,Steiermark,0.15,0.15,0.1,0.15,0.1
2509,2509,Volders,07,Tirol,0.15,0.15,0.1,0.15,0.1
2510,2510,Voldöpp,07,Tirol,0.15,0.15,0.1,0.15,0.1
2511,2511,Vomp,07,Tirol,0.15,0.15,0.1,0.15,0.1
2512,2512,Vomperbach,07,Tirol,0.15,0.15,0.1,0.15,0.1
2513,2513,Vorau,06,Steiermark,0.15,0.15,0.1,0.15,0.1
2514,2514,Vorchdorf,04,Oberösterreich,0.15,0.15,0.1,0.15,0.1
2515,2515,Vorderbruck,03,Niederösterreich,0.15,0.15,0.1,0.15,0.1
2516,2516,Vorderhornbach,07,Tirol,0.15,0.15,0.1,0.15,0.1
2517,2517,Vordernberg,06,Steiermark,0.15,0.15,0.1,0.15,0.1
2518,2518,Vorderschneeberg,05,Salzburg,0.15,0.15,0.1,0.15,0.1
2519,2519,Vorderschroffenau,05,Salzburg,0.15,0.15,0.1,0.15,0.1
2520,2520,Vordersee,05,Salzburg,0.15,0.15,0.1,0.15,0.1
2521,2521,Vorderthiersee,07,Tirol,0.15,0.15,0.1,0.15,0.1
2522,2522,Vornholz,06,Steiermark,0.15,0.15,0.1,0.15,0.1
2523,2523,Vorstadt,06,Steiermark,0.15,0.15,0.1,0.15,0.1
2524,2524,Vöcklabruck,04,Oberösterreich,0.15,0.15,0.1,0.15,0.1
2525,2525,Vöcklamarkt,04,Oberösterreich,0.15,0.15,0.1,0.15,0.1
2526,2526,Völkendorf,02,Kärnten,0.15,0.15,0.1,0.15,0.1
2527,2527,Völkermarkt,02,Kärnten,0.15,0.15,0.1,0.15,0.1
2528,2528,Völs,07,Tirol,0.15,0.15,0.1,0.15,0.1
2529,2529,Vösendorf,03,Niederösterreich,0.15,0.15,0.1,0.15,0.1
2530,2530,Wagna,06,Steiermark,0.15,0.15,0.1,0.15,0.1
2531,2531,Wagnergraben,05,Salzburg,0.15,0.15,0.1,0.15,0.1
2532,2532,Wagnitz,06,Steiermark,0.15,0.15,0.1,0.15,0.1
2533,2533,Wagrain,04,Oberösterreich,0.15,0.15,0.1,0.15,0.1
2534,2534,Wagrain,05,Salzburg,0.15,0.15,0.1,0.15,0.1
2535,2535,Wagram,04,Oberösterreich,0.15,0.15,0.1,0.15,0.1
2536,2536,Wagram ob der Traisen,03,Niederösterreich,0.15,0.15,0.1,0.15,0.1
2537,2537,Waidach,05,Salzburg,0.15,0.15,0.1,0.15,0.1
2538,2538,Waidendorf,03,Niederösterreich,0.15,0.15,0.1,0.15,0.1
2539,2539,Waidhofen an der Thaya,03,Niederösterreich,0.15,0.15,0.1,0.15,0.1
2540,2540,Waidhofen an der Ybbs,03,Niederösterreich,0.15,0.15,0.1,0.15,0.1
2541,2541,Waidmannsfeld,03,Niederösterreich,0.15,0.15,0.1,0.15,0.1
2542,2542,Waidring,07,Tirol,0.15,0.15,0.1,0.15,0.1
2543,2543,Waiern,02,Kärnten,0.15,0.15,0.1,0.15,0.1
2544,2544,Waisenegg,06,Steiermark,0.15,0.15,0.1,0.15,0.1
2545,2545,Waizenkirchen,04,Oberösterreich,0.15,0.15,0.1,0.15,0.1
2546,2546,Walbersdorf,01,Burgenland,0.15,0.15,0.1,0.15,0.1
2547,2547,Walchen,05,Salzburg,0.15,0.15,0.1,0.15,0.1
2548,2548,Walchsee,07,Tirol,0.15,0.15,0.1,0.15,0.1
2549,2549,Wald,07,Tirol,0.15,0.15,0.1,0.15,0.1
2550,2550,Wald am Arlberg,08,Vorarlberg,0.15,0.15,0.1,0.15,0.1
2551,2551,Wald am Schoberpaß,06,Steiermark,0.15,0.15,0.1,0.15,0.1
2552,2552,Waldegg,03,Niederösterreich,0.15,0.15,0.1,0.15,0.1
2553,2553,Waldenstein,03,Niederösterreich,0.15,0.15,0.1,0.15,0.1
2554,2554,Waldhausen,03,Niederösterreich,0.15,0.15,0.1,0.15,0.1
2555,2555,Waldhausen im Strudengau,04,Oberösterreich,0.15,0.15,0.1,0.15,0.1
2556,2556,Walding,04,Oberösterreich,0.15,0.15,0.1,0.15,0.1
2557,2557,Waldkirchen an der Thaya,03,Niederösterreich,0.15,0.15,0.1,0.15,0.1
2558,2558,Waldneukirchen,04,Oberösterreich,0.15,0.15,0.1,0.15,0.1
2559,2559,Waldprechting,05,Salzburg,0.15,0.15,0.1,0.15,0.1
2560,2560,Waldzell,04,Oberösterreich,0.15,0.15,0.1,0.15,0.1
2561,2561,Wallern an der Trattnach,04,Oberösterreich,0.15,0.15,0.1,0.15,0.1
2562,2562,Wallern im Burgenland,01,Burgenland,0.15,0.15,0.1,0.15,0.1
2563,2563,Wallsee,03,Niederösterreich,0.15,0.15,0.1,0.15,0.1
2564,2564,Walpersbach,03,Niederösterreich,0.15,0.15,0.1,0.15,0.1
2565,2565,Wals,05,Salzburg,0.15,0.15,0.1,0.15,0.1
2566,2566,Walserberg,05,Salzburg,0.15,0.15,0.1,0.15,0.1
2567,2567,Walserfeld,05,Salzburg,0.15,0.15,0.1,0.15,0.1
2568,2568,Waltendorf,06,Steiermark,0.15,0.15,0.1,0.15,0.1
2569,2569,Wampersdorf,03,Niederösterreich,0.15,0.15,0.1,0.15,0.1
2570,2570,Wang,03,Niederösterreich,0.15,0.15,0.1,0.15,0.1
2571,2571,Wanzenöd,03,Niederösterreich,0.15,0.15,0.1,0.15,0.1
2572,2572,Warmbad-Judendorf,02,Kärnten,0.15,0.15,0.1,0.15,0.1
2573,2573,Wartberg,06,Steiermark,0.15,0.15,0.1,0.15,0.1
2574,2574,Wartberg an der Krems,04,Oberösterreich,0.15,0.15,0.1,0.15,0.1
2575,2575,Wartberg ob der Aist,04,Oberösterreich,0.15,0.15,0.1,0.15,0.1
2576,2576,Warth,08,Vorarlberg,0.15,0.15,0.1,0.15,0.1
2577,2577,Warth,03,Niederösterreich,0.15,0.15,0.1,0.15,0.1
2578,2578,Wartmannstetten,03,Niederösterreich,0.15,0.15,0.1,0.15,0.1
2579,2579,Wasenbruck,03,Niederösterreich,0.15,0.15,0.1,0.15,0.1
2580,2580,Wasserburg,04,Oberösterreich,0.15,0.15,0.1,0.15,0.1
2581,2581,Wasserhofen,02,Kärnten,0.15,0.15,0.1,0.15,0.1
2582,2582,Wattenberg,07,Tirol,0.15,0.15,0.1,0.15,0.1
2583,2583,Wattens,07,Tirol,0.15,0.15,0.1,0.15,0.1
2584,2584,Weer,07,Tirol,0.15,0.15,0.1,0.15,0.1
2585,2585,Weerberg,07,Tirol,0.15,0.15,0.1,0.15,0.1
2586,2586,Weibern,04,Oberösterreich,0.15,0.15,0.1,0.15,0.1
2587,2587,Weichselbaum,01,Burgenland,0.15,0.15,0.1,0.15,0.1
2588,2588,Weichstetten,04,Oberösterreich,0.15,0.15,0.1,0.15,0.1
2589,2589,Weiden am See,01,Burgenland,0.15,0.15,0.1,0.15,0.1
2590,2590,Weiden bei Rechnitz,01,Burgenland,0.15,0.15,0.1,0.15,0.1
2591,2591,Weidling,03,Niederösterreich,0.15,0.15,0.1,0.15,0.1
2592,2592,Weidlingbach,03,Niederösterreich,0.15,0.15,0.1,0.15,0.1
2593,2593,Weifersdorf,04,Oberösterreich,0.15,0.15,0.1,0.15,0.1
2594,2594,Weigelsdorf,03,Niederösterreich,0.15,0.15,0.1,0.15,0.1
2595,2595,Weikendorf,03,Niederösterreich,0.15,0.15,0.1,0.15,0.1
2596,2596,Weikersdorf am Steinfelde,03,Niederösterreich,0.15,0.15,0.1,0.15,0.1
2597,2597,Weilbach,04,Oberösterreich,0.15,0.15,0.1,0.15,0.1
2598,2598,Weiler,08,Vorarlberg,0.15,0.15,0.1,0.15,0.1
2599,2599,Weinburg,03,Niederösterreich,0.15,0.15,0.1,0.15,0.1
2600,2600,Weinburg am Saßbach,06,Steiermark,0.15,0.15,0.1,0.15,0.1
2601,2601,Weingraben,01,Burgenland,0.15,0.15,0.1,0.15,0.1
2602,2602,Weinzierl,03,Niederösterreich,0.15,0.15,0.1,0.15,0.1
2603,2603,Weinzierl am Walde,03,Niederösterreich,0.15,0.15,0.1,0.15,0.1
2604,2604,Weissach,07,Tirol,0.15,0.15,0.1,0.15,0.1
2605,2605,Weissenbach,05,Salzburg,0.15,0.15,0.1,0.15,0.1
2606,2606,Weissenbach an der Triesting,03,Niederösterreich,0.15,0.15,0.1,0.15,0.1
2607,2607,Weistrach,03,Niederösterreich,0.15,0.15,0.1,0.15,0.1
2608,2608,Weiten,03,Niederösterreich,0.15,0.15,0.1,0.15,0.1
2609,2609,Weitendorf,06,Steiermark,0.15,0.15,0.1,0.15,0.1
2610,2610,Weitensfeld,02,Kärnten,0.15,0.15,0.1,0.15,0.1
2611,2611,Weitersfeld,03,Niederösterreich,0.15,0.15,0.1,0.15,0.1
2612,2612,Weitersfeld an der Mur,06,Steiermark,0.15,0.15,0.1,0.15,0.1
2613,2613,Weitersfelden,04,Oberösterreich,0.15,0.15,0.1,0.15,0.1
2614,2614,Weitra,03,Niederösterreich,0.15,0.15,0.1,0.15,0.1
2615,2615,Weiz,06,Steiermark,0.15,0.15,0.1,0.15,0.1
2616,2616,Weißenbach,06,Steiermark,0.15,0.15,0.1,0.15,0.1
2617,2617,Weißenbach bei Liezen,06,Steiermark,0.15,0.15,0.1,0.15,0.1
2618,2618,Weißenkirchen im Attergau,04,Oberösterreich,0.15,0.15,0.1,0.15,0.1
2619,2619,Weißenkirchen in der Wachau,03,Niederösterreich,0.15,0.15,0.1,0.15,0.1
2620,2620,Weißkirchen in Steiermark,06,Steiermark,0.15,0.15,0.1,0.15,0.1
2621,2621,Wels,04,Oberösterreich,0.15,0.15,0.1,0.15,0.1
2622,2622,Wendling,04,Oberösterreich,0.15,0.15,0.1,0.15,0.1
2623,2623,Weng im Gesäuse,06,Steiermark,0.15,0.15,0.1,0.15,0.1
2624,2624,Weng im Innkreis,04,Oberösterreich,0.15,0.15,0.1,0.15,0.1
2625,2625,Wenns,07,Tirol,0.15,0.15,0.1,0.15,0.1
2626,2626,Weppersdorf,01,Burgenland,0.15,0.15,0.1,0.15,0.1
2627,2627,Werfen,05,Salzburg,0.15,0.15,0.1,0.15,0.1
2628,2628,Wernberg,02,Kärnten,0.15,0.15,0.1,0.15,0.1
2629,2629,Werndorf,06,Steiermark,0.15,0.15,0.1,0.15,0.1
2630,2630,Wernersdorf,06,Steiermark,0.15,0.15,0.1,0.15,0.1
2631,2631,Wernstein am Inn,04,Oberösterreich,0.15,0.15,0.1,0.15,0.1
2632,2632,Westendorf,07,Tirol,0.15,0.15,0.1,0.15,0.1
2633,2633,Wettmannstätten,06,Steiermark,0.15,0.15,0.1,0.15,0.1
2634,2634,Wetzelsdorf,06,Steiermark,0.15,0.15,0.1,0.15,0.1
2635,2635,Weyer,04,Oberösterreich,0.15,0.15,0.1,0.15,0.1
2636,2636,Weyregg,04,Oberösterreich,0.15,0.15,0.1,0.15,0.1
2637,2637,Wiener Neudorf,03,Niederösterreich,0.15,0.15,0.1,0.15,0.1
2638,2638,Wiener Neustadt,03,Niederösterreich,0.15,0.15,0.1,0.15,0.1
2639,2639,Wienerherberg,03,Niederösterreich,0.15,0.15,0.1,0.15,0.1
2640,2640,Wienersdorf,03,Niederösterreich,0.15,0.15,0.1,0.15,0.1
2641,2641,Wies,06,Steiermark,0.15,0.15,0.1,0.15,0.1
2642,2642,Wieselburg,03,Niederösterreich,0.15,0.15,0.1,0.15,0.1
2643,2643,Wiesen,04,Oberösterreich,0.15,0.15,0.1,0.15,0.1
2644,2644,Wiesen,01,Burgenland,0.15,0.15,0.1,0.15,0.1
2645,2645,Wiesfleck,01,Burgenland,0.15,0.15,0.1,0.15,0.1
2646,2646,Wiesing,07,Tirol,0.15,0.15,0.1,0.15,0.1
2647,2647,Wiesmath,03,Niederösterreich,0.15,0.15,0.1,0.15,0.1
2648,2648,Wildalpen,06,Steiermark,0.15,0.15,0.1,0.15,0.1
2649,2649,Wildenau,04,Oberösterreich,0.15,0.15,0.1,0.15,0.1
2650,2650,Wildendürnbach,03,Niederösterreich,0.15,0.15,0.1,0.15,0.1
2651,2651,Wildermieming,07,Tirol,0.15,0.15,0.1,0.15,0.1
2652,2652,Wildon,06,Steiermark,0.15,0.15,0.1,0.15,0.1
2653,2653,Wilfersdorf,03,Niederösterreich,0.15,0.15,0.1,0.15,0.1
2654,2654,Wilfleinsdorf,03,Niederösterreich,0.15,0.15,0.1,0.15,0.1
2655,2655,Wilhelmsburg,03,Niederösterreich,0.15,0.15,0.1,0.15,0.1
2656,2656,Wilten,07,Tirol,0.15,0.15,0.1,0.15,0.1
2657,2657,Wimberg,05,Salzburg,0.15,0.15,0.1,0.15,0.1
2658,2658,Wimmsiedlung,05,Salzburg,0.15,0.15,0.1,0.15,0.1
2659,2659,Wimpassing,04,Oberösterreich,0.15,0.15,0.1,0.15,0.1
2660,2660,Wimpassing an der Leitha,01,Burgenland,0.15,0.15,0.1,0.15,0.1
2661,2661,Wimpassing im Schwarzatale,03,Niederösterreich,0.15,0.15,0.1,0.15,0.1
2662,2662,Wimsbach,04,Oberösterreich,0.15,0.15,0.1,0.15,0.1
2663,2663,Winden am See,01,Burgenland,0.15,0.15,0.1,0.15,0.1
2664,2664,Windhaag bei Freistadt,04,Oberösterreich,0.15,0.15,0.1,0.15,0.1
2665,2665,Windhaag bei Perg,04,Oberösterreich,0.15,0.15,0.1,0.15,0.1
2666,2666,Windhag,03,Niederösterreich,0.15,0.15,0.1,0.15,0.1
2667,2667,Windigsteig,03,Niederösterreich,0.15,0.15,0.1,0.15,0.1
2668,2668,Windischgarsten,04,Oberösterreich,0.15,0.15,0.1,0.15,0.1
2669,2669,Windorf,06,Steiermark,0.15,0.15,0.1,0.15,0.1
2670,2670,Winklarn,03,Niederösterreich,0.15,0.15,0.1,0.15,0.1
2671,2671,Winklern,02,Kärnten,0.15,0.15,0.1,0.15,0.1
2672,2672,Winklern bei Oberwölz,06,Steiermark,0.15,0.15,0.1,0.15,0.1
2673,2673,Winzendorf,03,Niederösterreich,0.15,0.15,0.1,0.15,0.1
2674,2674,Wipfing,04,Oberösterreich,0.15,0.15,0.1,0.15,0.1
2675,2675,Wippenham,04,Oberösterreich,0.15,0.15,0.1,0.15,0.1
2676,2676,Wirts,03,Niederösterreich,0.15,0.15,0.1,0.15,0.1
2677,2677,Wispl,04,Oberösterreich,0.15,0.15,0.1,0.15,0.1
2678,2678,Wittau,03,Niederösterreich,0.15,0.15,0.1,0.15,0.1
2679,2679,Wolfau,01,Burgenland,0.15,0.15,0.1,0.15,0.1
2680,2680,Wolfern,04,Oberösterreich,0.15,0.15,0.1,0.15,0.1
2681,2681,Wolfpassing,03,Niederösterreich,0.15,0.15,0.1,0.15,0.1
2682,2682,Wolfpassing an der Hochleithen,03,Niederösterreich,0.15,0.15,0.1,0.15,0.1
2683,2683,Wolfsbach,03,Niederösterreich,0.15,0.15,0.1,0.15,0.1
2684,2684,Wolfsberg,02,Kärnten,0.15,0.15,0.1,0.15,0.1
2685,2685,Wolfsberg im Schwarzautal,06,Steiermark,0.15,0.15,0.1,0.15,0.1
2686,2686,Wolfsegg am Hausruck,04,Oberösterreich,0.15,0.15,0.1,0.15,0.1
2687,2687,Wolfsgraben,03,Niederösterreich,0.15,0.15,0.1,0.15,0.1
2688,2688,Wolfshoferamt,03,Niederösterreich,0.15,0.15,0.1,0.15,0.1
2689,2689,Wolfsthal,03,Niederösterreich,0.15,0.15,0.1,0.15,0.1
2690,2690,Wolfurt,08,Vorarlberg,0.15,0.15,0.1,0.15,0.1
2691,2691,Wolkersdorf im Weinviertel,03,Niederösterreich,0.15,0.15,0.1,0.15,0.1
2692,2692,Wudmath,02,Kärnten,0.15,0.15,0.1,0.15,0.1
2693,2693,Wulkaprodersdorf,01,Burgenland,0.15,0.15,0.1,0.15,0.1
2694,2694,Wullersdorf,03,Niederösterreich,0.15,0.15,0.1,0.15,0.1
2695,2695,Wulzeshofen,03,Niederösterreich,0.15,0.15,0.1,0.15,0.1
2696,2696,Wundschuh,06,Steiermark,0.15,0.15,0.1,0.15,0.1
2697,2697,Wängle,07,Tirol,0.15,0.15,0.1,0.15,0.1
2698,2698,Wölfnitz,02,Kärnten,0.15,0.15,0.1,0.15,0.1
2699,2699,Wöllersdorf,03,Niederösterreich,0.15,0.15,0.1,0.15,0.1
2700,2700,Wördern,03,Niederösterreich,0.15,0.15,0.1,0.15,0.1
2701,2701,Wörgl,07,Tirol,0.15,0.15,0.1,0.15,0.1
2702,2702,Wörschach,06,Steiermark,0.15,0.15,0.1,0.15,0.1
2703,2703,Wörterberg,01,Burgenland,0.15,0.15,0.1,0.15,0.1
2704,2704,Wörth an der Lafnitz,06,Steiermark,0.15,0.15,0.1,0.15,0.1
2705,2705,Wörth bei Kirchberg an der Raab,06,Steiermark,0.15,0.15,0.1,0.15,0.1
2706,2706,Wörtherberg,05,Salzburg,0.15,0.15,0.1,0.15,0.1
2707,2707,Wünschendorf,06,Steiermark,0.15,0.15,0.1,0.15,0.1
2708,2708,Würflach,03,Niederösterreich,0.15,0.15,0.1,0.15,0.1
2709,2709,Würmla,03,Niederösterreich,0.15,0.15,0.1,0.15,0.1
2710,2710,Würnitz,03,Niederösterreich,0.15,0.15,0.1,0.15,0.1
2711,2711,Ybbs an der Donau,03,Niederösterreich,0.15,0.15,0.1,0.15,0.1
2712,2712,Ybbsitz,03,Niederösterreich,0.15,0.15,0.1,0.15,0.1
2713,2713,Ysper,03,Niederösterreich,0.15,0.15,0.1,0.15,0.1
2714,2714,Zagersdorf,01,Burgenland,0.15,0.15,0.1,0.15,0.1
2715,2715,Zams,07,Tirol,0.15,0.15,0.1,0.15,0.1
2716,2716,Zaubertal,04,Oberösterreich,0.15,0.15,0.1,0.15,0.1
2717,2717,Zederhaus,05,Salzburg,0.15,0.15,0.1,0.15,0.1
2718,2718,Zehetner,04,Oberösterreich,0.15,0.15,0.1,0.15,0.1
2719,2719,Zeil,06,Steiermark,0.15,0.15,0.1,0.15,0.1
2720,2720,Zeil-Pöllau,06,Steiermark,0.15,0.15,0.1,0.15,0.1
2721,2721,Zeillern,03,Niederösterreich,0.15,0.15,0.1,0.15,0.1
2722,2722,Zeiselmauer,03,Niederösterreich,0.15,0.15,0.1,0.15,0.1
2723,2723,Zell,07,Tirol,0.15,0.15,0.1,0.15,0.1
2724,2724,Zell am Moos,04,Oberösterreich,0.15,0.15,0.1,0.15,0.1
2725,2725,Zell am Pettenfirst,04,Oberösterreich,0.15,0.15,0.1,0.15,0.1
2726,2726,Zell am See,05,Salzburg,0.15,0.15,0.1,0.15,0.1
2727,2727,Zell am Ziller,07,Tirol,0.15,0.15,0.1,0.15,0.1
2728,2728,Zell an der Pram,04,Oberösterreich,0.15,0.15,0.1,0.15,0.1
2729,2729,Zell-Arzberg,03,Niederösterreich,0.15,0.15,0.1,0.15,0.1
2730,2730,Zell-Markt,03,Niederösterreich,0.15,0.15,0.1,0.15,0.1
2731,2731,Zellach,02,Kärnten,0.15,0.15,0.1,0.15,0.1
2732,2732,Zellberg,07,Tirol,0.15,0.15,0.1,0.15,0.1
2733,2733,Zellerndorf,03,Niederösterreich,0.15,0.15,0.1,0.15,0.1
2734,2734,Zeltweg,06,Steiermark,0.15,0.15,0.1,0.15,0.1
2735,2735,Zemendorf,01,Burgenland,0.15,0.15,0.1,0.15,0.1
2736,2736,Zerlach,06,Steiermark,0.15,0.15,0.1,0.15,0.1
2737,2737,Zettling,06,Steiermark,0.15,0.15,0.1,0.15,0.1
2738,2738,Zeutschach,06,Steiermark,0.15,0.15,0.1,0.15,0.1
2739,2739,Ziersdorf,03,Niederösterreich,0.15,0.15,0.1,0.15,0.1
2740,2740,Zilling,05,Salzburg,0.15,0.15,0.1,0.15,0.1
2741,2741,Zillingdorf,03,Niederösterreich,0.15,0.15,0.1,0.15,0.1
2742,2742,Zillingdorf-Bergwerk,03,Niederösterreich,0.15,0.15,0.1,0.15,0.1
2743,2743,Zillingtal,01,Burgenland,0.15,0.15,0.1,0.15,0.1
2744,2744,Zirknitz,06,Steiermark,0.15,0.15,0.1,0.15,0.1
2745,2745,Zirl,07,Tirol,0.15,0.15,0.1,0.15,0.1
2746,2746,Zistersdorf,03,Niederösterreich,0.15,0.15,0.1,0.15,0.1
2747,2747,Zurndorf,01,Burgenland,0.15,0.15,0.1,0.15,0.1
2748,2748,Zwentendorf,03,Niederösterreich,0.15,0.15,0.1,0.15,0.1
2749,2749,Zwettl an der Rodl,04,Oberösterreich,0.15,0.15,0.1,0.15,0.1
2750,2750,Zwölfaxing,03,Niederösterreich,0.15,0.15,0.1,0.15,0.1
2751,2751,Zöbern,03,Niederösterreich,0.15,0.15,0.1,0.15,0.1
2752,2752,Zöbing,03,Niederösterreich,0.15,0.15,0.1,0.15,0.1
2753,2753,Zöblen,07,Tirol,0.15,0.15,0.1,0.15,0.1
2754,2754,Öblarn,06,Steiermark,0.15,0.15,0.1,0.15,0.1
2755,2755,Öhndorf,04,Oberösterreich,0.15,0.15,0.1,0.15,0.1
2756,2756,Ötztal-Bahnhof,07,Tirol,0.15,0.15,0.1,0.15,0.1
2757,2757,Übelbach,06,Steiermark,0.15,0.15,0.1,0.15,0.1
2758,2758,Übersaxen,08,Vorarlberg,0.15,0.15,0.1,0.15,0.1
2759,2759,Übersbach,06,Steiermark,0.15,0.15,0.1,0.15,0.1
