FIPS_CODE,COUNTY_CODE,COUNTY,ST,STATE,FOOD_INSECURITY,SEVERE_HOUSING_COST_BURDEN,UNEMPLOYED,NO_VEHICLE_ACCESS,UNINSURED
0,0,Abberton,WOR,Worcestershire,0.15,0.15,0.1,0.15,0.1
1,1,Abberton,ESS,Essex,0.15,0.15,0.1,0.15,0.1
2,2,Abbey Dore,HEF,Herefordshire,0.15,0.15,0.1,0.15,0.1
3,3,Abbey Wood,LND,Greater London,0.15,0.15,0.1,0.15,0.1
4,4,Abbots Bromley,STS,Staffordshire,0.15,0.15,0.1,0.15,0.1
5,5,Abbots Langley,HRT,Hertfordshire,0.15,0.15,0.1,0.15,0.1
6,6,Abbotskerswell,DEV,Devon,0.15,0.15,0.1,0.15,0.1
7,7,Abbotts Ann,HAM,Hampshire,0.15,0.15,0.1,0.15,0.1
8,8,Aber,CGN,Ceredigion,0.15,0.15,0.1,0.15,0.1
9,9,Aber,GWN,Gwynedd,0.15,0.15,0.1,0.15,0.1
10,10,Aberaeron,CGN,Ceredigion,0.15,0.15,0.1,0.15,0.1
11,11,Abercanaid,MTY,Merthyr Tydfil,0.15,0.15,0.1,0.15,0.1
12,12,Aberchirder,ABD,Aberdeenshire,0.15,0.15,0.1,0.15,0.1
13,13,Abercynon,RCT,Rhondda Cynon Taff,0.15,0.15,0.1,0.15,0.1
14,14,Aberdare,RCT,Rhondda Cynon Taff,0.15,0.15,0.1,0.15,0.1
15,15,Aberdeen,ABD,Aberdeenshire,0.15,0.15,0.1,0.15,0.1
16,16,Aberdour,FIF,Fife,0.15,0.15,0.1,0.15,0.1
17,17,Aberdyfi,GWN,Gwynedd,0.15,0.15,0.1,0.15,0.1
18,18,Aberfan,MTY,Merthyr Tydfil,0.15,0.15,0.1,0.15,0.1
19,19,Aberfeldy,PKN,Perth And Kinross,0.15,0.15,0.1,0.15,0.1
20,20,Aberffraw,AGY,Isle Of Anglesey,0.15,0.15,0.1,0.15,0.1
21,21,Aberford,,West Yorkshire,0.15,0.15,0.1,0.15,0.1
22,22,Aberfoyle,STG,Stirling,0.15,0.15,0.1,0.15,0.1
23,23,Abergavenny,MON,Monmouthshire,0.15,0.15,0.1,0.15,0.1
24,24,Abergele,CWY,Conwy,0.15,0.15,0.1,0.15,0.1
25,25,Abergwili,CMN,Carmarthenshire,0.15,0.15,0.1,0.15,0.1
26,26,Aberkenfig,BGE,Bridgend,0.15,0.15,0.1,0.15,0.1
27,27,Aberlady,ELN,East Lothian,0.15,0.15,0.1,0.15,0.1
28,28,Abermule,POW,Powys,0.15,0.15,0.1,0.15,0.1
29,29,Abernant,CMN,Carmarthenshire,0.15,0.15,0.1,0.15,0.1
30,30,Abernethy,PKN,Perth And Kinross,0.15,0.15,0.1,0.15,0.1
31,31,Aberporth,CGN,Ceredigion,0.15,0.15,0.1,0.15,0.1
32,32,Abersoch,GWN,Gwynedd,0.15,0.15,0.1,0.15,0.1
33,33,Abertridwr,SHR,Shropshire,0.15,0.15,0.1,0.15,0.1
34,34,Abertridwr,CAY,Caerphilly,0.15,0.15,0.1,0.15,0.1
35,35,Aberystwyth,CGN,Ceredigion,0.15,0.15,0.1,0.15,0.1
36,36,Abingdon,OXF,Oxfordshire,0.15,0.15,0.1,0.15,0.1
37,37,Aboyne,ABD,Aberdeenshire,0.15,0.15,0.1,0.15,0.1
38,38,Abram,,Greater Manchester,0.15,0.15,0.1,0.15,0.1
39,39,Abridge,ESS,Essex,0.15,0.15,0.1,0.15,0.1
40,40,Accrington,LAN,Lancashire,0.15,0.15,0.1,0.15,0.1
41,41,Acklam,NYK,North Yorkshire,0.15,0.15,0.1,0.15,0.1
42,42,Acklington,NBL,Northumberland,0.15,0.15,0.1,0.15,0.1
43,43,Acle,NFK,Norfolk,0.15,0.15,0.1,0.15,0.1
44,44,Acomb,NBL,Northumberland,0.15,0.15,0.1,0.15,0.1
45,45,Acton,,Cheshire,0.15,0.15,0.1,0.15,0.1
46,46,Acton,WOR,Worcestershire,0.15,0.15,0.1,0.15,0.1
47,47,Acton,SFK,Suffolk,0.15,0.15,0.1,0.15,0.1
48,48,Acton,SHR,Shropshire,0.15,0.15,0.1,0.15,0.1
49,49,Acton,LND,Greater London,0.15,0.15,0.1,0.15,0.1
50,50,Acton Burnell,SHR,Shropshire,0.15,0.15,0.1,0.15,0.1
51,51,Acton Trussell,STS,Staffordshire,0.15,0.15,0.1,0.15,0.1
52,52,Adderbury,OXF,Oxfordshire,0.15,0.15,0.1,0.15,0.1
53,53,Addingham,,West Yorkshire,0.15,0.15,0.1,0.15,0.1
54,54,Addington,LND,Greater London,0.15,0.15,0.1,0.15,0.1
55,55,Addington,BKM,Buckinghamshire,0.15,0.15,0.1,0.15,0.1
56,56,Addington,KEN,Kent,0.15,0.15,0.1,0.15,0.1
57,57,Addlestone,SRY,Surrey,0.15,0.15,0.1,0.15,0.1
58,58,Adlington,LAN,Lancashire,0.15,0.15,0.1,0.15,0.1
59,59,Adlington,,Cheshire,0.15,0.15,0.1,0.15,0.1
60,60,Adwick le Street,,South Yorkshire,0.15,0.15,0.1,0.15,0.1
61,61,Ailsworth,CAM,Cambridgeshire,0.15,0.15,0.1,0.15,0.1
62,62,Airdrie,FIF,Fife,0.15,0.15,0.1,0.15,0.1
63,63,Airdrie,NLK,North Lanarkshire,0.15,0.15,0.1,0.15,0.1
64,64,Airmyn,ERY,East Riding Of Yorkshire,0.15,0.15,0.1,0.15,0.1
65,65,Airth,FAL,Falkirk,0.15,0.15,0.1,0.15,0.1
66,66,Akeley,BKM,Buckinghamshire,0.15,0.15,0.1,0.15,0.1
67,67,Albrighton,SHR,Shropshire,0.15,0.15,0.1,0.15,0.1
68,68,Albury,SRY,Surrey,0.15,0.15,0.1,0.15,0.1
69,69,Albury,HRT,Hertfordshire,0.15,0.15,0.1,0.15,0.1
70,70,Alcester,WAR,Warwickshire,0.15,0.15,0.1,0.15,0.1
71,71,Aldbourne,WIL,Wiltshire,0.15,0.15,0.1,0.15,0.1
72,72,Aldbrough,ERY,East Riding Of Yorkshire,0.15,0.15,0.1,0.15,0.1
73,73,Aldbury,HRT,Hertfordshire,0.15,0.15,0.1,0.15,0.1
74,74,Aldeburgh,SFK,Suffolk,0.15,0.15,0.1,0.15,0.1
75,75,Alderbury,WIL,Wiltshire,0.15,0.15,0.1,0.15,0.1
76,76,Alderholt,DOR,Dorset,0.15,0.15,0.1,0.15,0.1
77,77,Alderley Edge,,Cheshire,0.15,0.15,0.1,0.15,0.1
78,78,Aldershot,SRY,Surrey,0.15,0.15,0.1,0.15,0.1
79,79,Aldford,,Cheshire,0.15,0.15,0.1,0.15,0.1
80,80,Aldington,WOR,Worcestershire,0.15,0.15,0.1,0.15,0.1
81,81,Aldington,KEN,Kent,0.15,0.15,0.1,0.15,0.1
82,82,Aldridge,,West Midlands,0.15,0.15,0.1,0.15,0.1
83,83,Alexandria,,West Dunbart,0.15,0.15,0.1,0.15,0.1
84,84,Alfold Crossways,SRY,Surrey,0.15,0.15,0.1,0.15,0.1
85,85,Alford,LIN,Lincolnshire,0.15,0.15,0.1,0.15,0.1
86,86,Alford,SOM,Somerset,0.15,0.15,0.1,0.15,0.1
87,87,Alford,ABD,Aberdeenshire,0.15,0.15,0.1,0.15,0.1
88,88,Alfreton,DBY,Derbyshire,0.15,0.15,0.1,0.15,0.1
89,89,Alfriston,ESX,East Sussex,0.15,0.15,0.1,0.15,0.1
90,90,Allanton,,Dumfries And Galloway,0.15,0.15,0.1,0.15,0.1
91,91,Allanton,NLK,North Lanarkshire,0.15,0.15,0.1,0.15,0.1
92,92,Allanton,SCB,Scottish Borders,0.15,0.15,0.1,0.15,0.1
93,93,Allanton,SLK,South Lanarkshire,0.15,0.15,0.1,0.15,0.1
94,94,Allendale Town,NBL,Northumberland,0.15,0.15,0.1,0.15,0.1
95,95,Allhallows,KEN,Kent,0.15,0.15,0.1,0.15,0.1
96,96,Allington,WIL,Wiltshire,0.15,0.15,0.1,0.15,0.1
97,97,Allington,LIN,Lincolnshire,0.15,0.15,0.1,0.15,0.1
98,98,Alloa,CLK,Clackmannanshire,0.15,0.15,0.1,0.15,0.1
99,99,Alne,NYK,North Yorkshire,0.15,0.15,0.1,0.15,0.1
100,100,Alness,HLD,Highland,0.15,0.15,0.1,0.15,0.1
101,101,Alnmouth,NBL,Northumberland,0.15,0.15,0.1,0.15,0.1
102,102,Alnwick,NBL,Northumberland,0.15,0.15,0.1,0.15,0.1
103,103,Alpington,NFK,Norfolk,0.15,0.15,0.1,0.15,0.1
104,104,Alresford,ESS,Essex,0.15,0.15,0.1,0.15,0.1
105,105,Alrewas,STS,Staffordshire,0.15,0.15,0.1,0.15,0.1
106,106,Alsager,,Cheshire,0.15,0.15,0.1,0.15,0.1
107,107,Alston,DEV,Devon,0.15,0.15,0.1,0.15,0.1
108,108,Alston,CMA,Cumbria,0.15,0.15,0.1,0.15,0.1
109,109,Althorne,ESS,Essex,0.15,0.15,0.1,0.15,0.1
110,110,Alton,STS,Staffordshire,0.15,0.15,0.1,0.15,0.1
111,111,Alton,DBY,Derbyshire,0.15,0.15,0.1,0.15,0.1
112,112,Alton,HAM,Hampshire,0.15,0.15,0.1,0.15,0.1
113,113,Altrincham,,Greater Manchester,0.15,0.15,0.1,0.15,0.1
114,114,Alva,CLK,Clackmannanshire,0.15,0.15,0.1,0.15,0.1
115,115,Alvechurch,WOR,Worcestershire,0.15,0.15,0.1,0.15,0.1
116,116,Alveley,SHR,Shropshire,0.15,0.15,0.1,0.15,0.1
117,117,Alveston,WAR,Warwickshire,0.15,0.15,0.1,0.15,0.1
118,118,Alvington,GLS,Gloucestershire,0.15,0.15,0.1,0.15,0.1
119,119,Alyth,PKN,Perth And Kinross,0.15,0.15,0.1,0.15,0.1
120,120,Amberley,WSX,West Sussex,0.15,0.15,0.1,0.15,0.1
121,121,Amberley,GLS,Gloucestershire,0.15,0.15,0.1,0.15,0.1
122,122,Amble,NBL,Northumberland,0.15,0.15,0.1,0.15,0.1
123,123,Ambleside,CMA,Cumbria,0.15,0.15,0.1,0.15,0.1
124,124,Ambleston,PEM,Pembrokeshire,0.15,0.15,0.1,0.15,0.1
125,125,Ambrosden,OXF,Oxfordshire,0.15,0.15,0.1,0.15,0.1
126,126,Amersham,BKM,Buckinghamshire,0.15,0.15,0.1,0.15,0.1
127,127,Amesbury,WIL,Wiltshire,0.15,0.15,0.1,0.15,0.1
128,128,Amlwch,AGY,Isle Of Anglesey,0.15,0.15,0.1,0.15,0.1
129,129,Ammanford,CMN,Carmarthenshire,0.15,0.15,0.1,0.15,0.1
130,130,Ampleforth,NYK,North Yorkshire,0.15,0.15,0.1,0.15,0.1
131,131,Ampney Crucis,GLS,Gloucestershire,0.15,0.15,0.1,0.15,0.1
132,132,Ampthill,,Bedfordshire,0.15,0.15,0.1,0.15,0.1
133,133,Ancaster,LIN,Lincolnshire,0.15,0.15,0.1,0.15,0.1
134,134,Ancroft,NBL,Northumberland,0.15,0.15,0.1,0.15,0.1
135,135,Andover,HAM,Hampshire,0.15,0.15,0.1,0.15,0.1
136,136,Andoversford,GLS,Gloucestershire,0.15,0.15,0.1,0.15,0.1
137,137,Anna Valley,HAM,Hampshire,0.15,0.15,0.1,0.15,0.1
138,138,Annahilt,DOW,County Down,0.15,0.15,0.1,0.15,0.1
139,139,Annalong,DOW,County Down,0.15,0.15,0.1,0.15,0.1
140,140,Annan,,Dumfries And Galloway,0.15,0.15,0.1,0.15,0.1
141,141,Annbank,SAY,South Ayrshire,0.15,0.15,0.1,0.15,0.1
142,142,Annfield Plain,DUR,Durham,0.15,0.15,0.1,0.15,0.1
143,143,Anstey,HRT,Hertfordshire,0.15,0.15,0.1,0.15,0.1
144,144,Anstey,LEC,Leicestershire,0.15,0.15,0.1,0.15,0.1
145,145,Anstruther,FIF,Fife,0.15,0.15,0.1,0.15,0.1
146,146,Ansty,WSX,West Sussex,0.15,0.15,0.1,0.15,0.1
147,147,Ansty,WAR,Warwickshire,0.15,0.15,0.1,0.15,0.1
148,148,Ansty,WIL,Wiltshire,0.15,0.15,0.1,0.15,0.1
149,149,Apperley,GLS,Gloucestershire,0.15,0.15,0.1,0.15,0.1
150,150,Appleby,LIN,Lincolnshire,0.15,0.15,0.1,0.15,0.1
151,151,Appleby Magna,LEC,Leicestershire,0.15,0.15,0.1,0.15,0.1
152,152,Appleby-in-Westmorland,CMA,Cumbria,0.15,0.15,0.1,0.15,0.1
153,153,Appledore,DEV,Devon,0.15,0.15,0.1,0.15,0.1
154,154,Appledore,KEN,Kent,0.15,0.15,0.1,0.15,0.1
155,155,Appleshaw,HAM,Hampshire,0.15,0.15,0.1,0.15,0.1
156,156,Appleton,OXF,Oxfordshire,0.15,0.15,0.1,0.15,0.1
157,157,Appleton Thorn,,Cheshire,0.15,0.15,0.1,0.15,0.1
158,158,Appley Bridge,LAN,Lancashire,0.15,0.15,0.1,0.15,0.1
159,159,Arbroath,ANS,Angus,0.15,0.15,0.1,0.15,0.1
160,160,Archway,LND,Greater London,0.15,0.15,0.1,0.15,0.1
161,161,Ardersier,HLD,Highland,0.15,0.15,0.1,0.15,0.1
162,162,Ardglass,DOW,County Down,0.15,0.15,0.1,0.15,0.1
163,163,Ardingly,WSX,West Sussex,0.15,0.15,0.1,0.15,0.1
164,164,Ardleigh,ESS,Essex,0.15,0.15,0.1,0.15,0.1
165,165,Ardrishaig,AGB,Argyll And Bute,0.15,0.15,0.1,0.15,0.1
166,166,Ardrossan,NAY,North Ayrshire,0.15,0.15,0.1,0.15,0.1
167,167,Arlecdon,CMA,Cumbria,0.15,0.15,0.1,0.15,0.1
168,168,Arlesey,,Bedfordshire,0.15,0.15,0.1,0.15,0.1
169,169,Arlington,DEV,Devon,0.15,0.15,0.1,0.15,0.1
170,170,Arlington,ESX,East Sussex,0.15,0.15,0.1,0.15,0.1
171,171,Arlington,GLS,Gloucestershire,0.15,0.15,0.1,0.15,0.1
172,172,Armadale,HLD,Highland,0.15,0.15,0.1,0.15,0.1
173,173,Armadale,WLN,West Lothian,0.15,0.15,0.1,0.15,0.1
174,174,Armagh,ARM,County Armagh,0.15,0.15,0.1,0.15,0.1
175,175,Armitage,STS,Staffordshire,0.15,0.15,0.1,0.15,0.1
176,176,Armthorpe,,South Yorkshire,0.15,0.15,0.1,0.15,0.1
177,177,Arnold,NTT,Nottinghamshire,0.15,0.15,0.1,0.15,0.1
178,178,Arnside,CMA,Cumbria,0.15,0.15,0.1,0.15,0.1
179,179,Arundel,WSX,West Sussex,0.15,0.15,0.1,0.15,0.1
180,180,Ascot,,Berkshire,0.15,0.15,0.1,0.15,0.1
181,181,Asfordby,LEC,Leicestershire,0.15,0.15,0.1,0.15,0.1
182,182,Ash,SRY,Surrey,0.15,0.15,0.1,0.15,0.1
183,183,Ash,DEV,Devon,0.15,0.15,0.1,0.15,0.1
184,184,Ash,SOM,Somerset,0.15,0.15,0.1,0.15,0.1
185,185,Ashbourne,DBY,Derbyshire,0.15,0.15,0.1,0.15,0.1
186,186,Ashburton,DEV,Devon,0.15,0.15,0.1,0.15,0.1
187,187,Ashbury,DEV,Devon,0.15,0.15,0.1,0.15,0.1
188,188,Ashbury,OXF,Oxfordshire,0.15,0.15,0.1,0.15,0.1
189,189,Ashby-de-la-Zouch,LEC,Leicestershire,0.15,0.15,0.1,0.15,0.1
190,190,Ashcott,SOM,Somerset,0.15,0.15,0.1,0.15,0.1
191,191,Ashdon,ESS,Essex,0.15,0.15,0.1,0.15,0.1
192,192,Ashford,KEN,Kent,0.15,0.15,0.1,0.15,0.1
193,193,Ashford,HAM,Hampshire,0.15,0.15,0.1,0.15,0.1
194,194,Ashford,DEV,Devon,0.15,0.15,0.1,0.15,0.1
195,195,Ashford,SRY,Surrey,0.15,0.15,0.1,0.15,0.1
196,196,Ashgill,SLK,South Lanarkshire,0.15,0.15,0.1,0.15,0.1
197,197,Ashill,DEV,Devon,0.15,0.15,0.1,0.15,0.1
198,198,Ashill,NFK,Norfolk,0.15,0.15,0.1,0.15,0.1
199,199,Ashill,SOM,Somerset,0.15,0.15,0.1,0.15,0.1
200,200,Ashington,NBL,Northumberland,0.15,0.15,0.1,0.15,0.1
201,201,Ashington,SOM,Somerset,0.15,0.15,0.1,0.15,0.1
202,202,Ashington,WSX,West Sussex,0.15,0.15,0.1,0.15,0.1
203,203,Ashleworth,GLS,Gloucestershire,0.15,0.15,0.1,0.15,0.1
204,204,Ashley,STS,Staffordshire,0.15,0.15,0.1,0.15,0.1
205,205,Ashley,,Cheshire,0.15,0.15,0.1,0.15,0.1
206,206,Ashley,NTH,Northamptonshire,0.15,0.15,0.1,0.15,0.1
207,207,Ashley,KEN,Kent,0.15,0.15,0.1,0.15,0.1
208,208,Ashley,HAM,Hampshire,0.15,0.15,0.1,0.15,0.1
209,209,Ashley,GLS,Gloucestershire,0.15,0.15,0.1,0.15,0.1
210,210,Ashley,CAM,Cambridgeshire,0.15,0.15,0.1,0.15,0.1
211,211,Ashley,DEV,Devon,0.15,0.15,0.1,0.15,0.1
212,212,Ashley,WIL,Wiltshire,0.15,0.15,0.1,0.15,0.1
213,213,Ashover,DBY,Derbyshire,0.15,0.15,0.1,0.15,0.1
214,214,Ashtead,SRY,Surrey,0.15,0.15,0.1,0.15,0.1
215,215,Ashton Keynes,WIL,Wiltshire,0.15,0.15,0.1,0.15,0.1
216,216,Ashton under Hill,WOR,Worcestershire,0.15,0.15,0.1,0.15,0.1
217,217,Ashton-under-Lyne,,Greater Manchester,0.15,0.15,0.1,0.15,0.1
218,218,Ashurst,KEN,Kent,0.15,0.15,0.1,0.15,0.1
219,219,Ashurst,WSX,West Sussex,0.15,0.15,0.1,0.15,0.1
220,220,Ashurst,HAM,Hampshire,0.15,0.15,0.1,0.15,0.1
221,221,Ashwell,RUT,Rutland,0.15,0.15,0.1,0.15,0.1
222,222,Ashwell,HRT,Hertfordshire,0.15,0.15,0.1,0.15,0.1
223,223,Askam in Furness,CMA,Cumbria,0.15,0.15,0.1,0.15,0.1
224,224,Askern,,South Yorkshire,0.15,0.15,0.1,0.15,0.1
225,225,Askham Bryan,NYK,North Yorkshire,0.15,0.15,0.1,0.15,0.1
226,226,Askham Richard,NYK,North Yorkshire,0.15,0.15,0.1,0.15,0.1
227,227,Aslockton,NTT,Nottinghamshire,0.15,0.15,0.1,0.15,0.1
228,228,Aspatria,CMA,Cumbria,0.15,0.15,0.1,0.15,0.1
229,229,Aspley Guise,,Bedfordshire,0.15,0.15,0.1,0.15,0.1
230,230,Astley,WAR,Warwickshire,0.15,0.15,0.1,0.15,0.1
231,231,Astley,WOR,Worcestershire,0.15,0.15,0.1,0.15,0.1
232,232,Astley,SHR,Shropshire,0.15,0.15,0.1,0.15,0.1
233,233,Aston,SHR,Shropshire,0.15,0.15,0.1,0.15,0.1
234,234,Aston,HRT,Hertfordshire,0.15,0.15,0.1,0.15,0.1
235,235,Aston,OXF,Oxfordshire,0.15,0.15,0.1,0.15,0.1
236,236,Aston,,West Midlands,0.15,0.15,0.1,0.15,0.1
237,237,Aston,,Cheshire,0.15,0.15,0.1,0.15,0.1
238,238,Aston,,Berkshire,0.15,0.15,0.1,0.15,0.1
239,239,Aston,FLN,Flintshire,0.15,0.15,0.1,0.15,0.1
240,240,Aston Clinton,BKM,Buckinghamshire,0.15,0.15,0.1,0.15,0.1
241,241,Astwick,HRT,Hertfordshire,0.15,0.15,0.1,0.15,0.1
242,242,Astwood,BKM,Buckinghamshire,0.15,0.15,0.1,0.15,0.1
243,243,Astwood Bank,WOR,Worcestershire,0.15,0.15,0.1,0.15,0.1
244,244,Atherstone,WAR,Warwickshire,0.15,0.15,0.1,0.15,0.1
245,245,Atherton,,Greater Manchester,0.15,0.15,0.1,0.15,0.1
246,246,Attleborough,WAR,Warwickshire,0.15,0.15,0.1,0.15,0.1
247,247,Attleborough,NFK,Norfolk,0.15,0.15,0.1,0.15,0.1
248,248,Atwick,ERY,East Riding Of Yorkshire,0.15,0.15,0.1,0.15,0.1
249,249,Atworth,WIL,Wiltshire,0.15,0.15,0.1,0.15,0.1
250,250,Auchenblae,ABD,Aberdeenshire,0.15,0.15,0.1,0.15,0.1
251,251,Auchinleck,EAY,East Ayrshire,0.15,0.15,0.1,0.15,0.1
252,252,Auchinloch,NLK,North Lanarkshire,0.15,0.15,0.1,0.15,0.1
253,253,Auchterarder,PKN,Perth And Kinross,0.15,0.15,0.1,0.15,0.1
254,254,Auchtermuchty,FIF,Fife,0.15,0.15,0.1,0.15,0.1
255,255,Auckley,,South Yorkshire,0.15,0.15,0.1,0.15,0.1
256,256,Audlem,,Cheshire,0.15,0.15,0.1,0.15,0.1
257,257,Audley,STS,Staffordshire,0.15,0.15,0.1,0.15,0.1
258,258,Auldearn,HLD,Highland,0.15,0.15,0.1,0.15,0.1
259,259,Austrey,WAR,Warwickshire,0.15,0.15,0.1,0.15,0.1
260,260,Avebury,WIL,Wiltshire,0.15,0.15,0.1,0.15,0.1
261,261,Aveley,ESS,Essex,0.15,0.15,0.1,0.15,0.1
262,262,Avening,GLS,Gloucestershire,0.15,0.15,0.1,0.15,0.1
263,263,Aviemore,HLD,Highland,0.15,0.15,0.1,0.15,0.1
264,264,Avoch,HLD,Highland,0.15,0.15,0.1,0.15,0.1
265,265,Avonbridge,FAL,Falkirk,0.15,0.15,0.1,0.15,0.1
266,266,Awsworth,NTT,Nottinghamshire,0.15,0.15,0.1,0.15,0.1
267,267,Axbridge,SOM,Somerset,0.15,0.15,0.1,0.15,0.1
268,268,Axminster,DEV,Devon,0.15,0.15,0.1,0.15,0.1
269,269,Aylburton,GLS,Gloucestershire,0.15,0.15,0.1,0.15,0.1
270,270,Aylesbeare,DEV,Devon,0.15,0.15,0.1,0.15,0.1
271,271,Aylesbury,BKM,Buckinghamshire,0.15,0.15,0.1,0.15,0.1
272,272,Aylesford,KEN,Kent,0.15,0.15,0.1,0.15,0.1
273,273,Aylesham,KEN,Kent,0.15,0.15,0.1,0.15,0.1
274,274,Aylsham,NFK,Norfolk,0.15,0.15,0.1,0.15,0.1
275,275,Aynho,NTH,Northamptonshire,0.15,0.15,0.1,0.15,0.1
276,276,Ayr,SAY,South Ayrshire,0.15,0.15,0.1,0.15,0.1
277,277,Ayton,SCB,Scottish Borders,0.15,0.15,0.1,0.15,0.1
278,278,Ayton,PKN,Perth And Kinross,0.15,0.15,0.1,0.15,0.1
279,279,Babworth,NTT,Nottinghamshire,0.15,0.15,0.1,0.15,0.1
280,280,Backbarrow,CMA,Cumbria,0.15,0.15,0.1,0.15,0.1
281,281,Backworth,NBL,Northumberland,0.15,0.15,0.1,0.15,0.1
282,282,Bacton,HEF,Herefordshire,0.15,0.15,0.1,0.15,0.1
283,283,Bacton,SFK,Suffolk,0.15,0.15,0.1,0.15,0.1
284,284,Bacton,NFK,Norfolk,0.15,0.15,0.1,0.15,0.1
285,285,Bacup,LAN,Lancashire,0.15,0.15,0.1,0.15,0.1
286,286,Badby,NTH,Northamptonshire,0.15,0.15,0.1,0.15,0.1
287,287,Badsey,WOR,Worcestershire,0.15,0.15,0.1,0.15,0.1
288,288,Badsworth,,West Yorkshire,0.15,0.15,0.1,0.15,0.1
289,289,Badwell Ash,SFK,Suffolk,0.15,0.15,0.1,0.15,0.1
290,290,Bagby,NYK,North Yorkshire,0.15,0.15,0.1,0.15,0.1
291,291,Bagillt,FLN,Flintshire,0.15,0.15,0.1,0.15,0.1
292,292,Bagshot,SRY,Surrey,0.15,0.15,0.1,0.15,0.1
293,293,Bagshot,,Berkshire,0.15,0.15,0.1,0.15,0.1
294,294,Bagworth,LEC,Leicestershire,0.15,0.15,0.1,0.15,0.1
295,295,Baildon,,West Yorkshire,0.15,0.15,0.1,0.15,0.1
296,296,Bainton,ERY,East Riding Of Yorkshire,0.15,0.15,0.1,0.15,0.1
297,297,Bainton,CAM,Cambridgeshire,0.15,0.15,0.1,0.15,0.1
298,298,Bakewell,DBY,Derbyshire,0.15,0.15,0.1,0.15,0.1
299,299,Bala,GWN,Gwynedd,0.15,0.15,0.1,0.15,0.1
300,300,Balcombe,WSX,West Sussex,0.15,0.15,0.1,0.15,0.1
301,301,Baldock,HRT,Hertfordshire,0.15,0.15,0.1,0.15,0.1
302,302,Balerno,,City Of Edinburgh,0.15,0.15,0.1,0.15,0.1
303,303,Balfron,STG,Stirling,0.15,0.15,0.1,0.15,0.1
304,304,Balintore,HLD,Highland,0.15,0.15,0.1,0.15,0.1
305,305,Ballater,ABD,Aberdeenshire,0.15,0.15,0.1,0.15,0.1
306,306,Ballinamallard,FER,County Fermanagh,0.15,0.15,0.1,0.15,0.1
307,307,Ballingry,FIF,Fife,0.15,0.15,0.1,0.15,0.1
308,308,Balloch,ANS,Angus,0.15,0.15,0.1,0.15,0.1
309,309,Balloch,HLD,Highland,0.15,0.15,0.1,0.15,0.1
310,310,Balloch,NLK,North Lanarkshire,0.15,0.15,0.1,0.15,0.1
311,311,Balloch,,West Dunbart,0.15,0.15,0.1,0.15,0.1
312,312,Balloch,PKN,Perth And Kinross,0.15,0.15,0.1,0.15,0.1
313,313,Ballykelly,DRY,County Londonderry,0.15,0.15,0.1,0.15,0.1
314,314,Ballypatrick,ANT,County Antrim,0.15,0.15,0.1,0.15,0.1
315,315,Ballywalter,DOW,County Down,0.15,0.15,0.1,0.15,0.1
316,316,Balmedie,ABD,Aberdeenshire,0.15,0.15,0.1,0.15,0.1
317,317,Balmullo,FIF,Fife,0.15,0.15,0.1,0.15,0.1
318,318,Balsall Common,,West Midlands,0.15,0.15,0.1,0.15,0.1
319,319,Balsham,CAM,Cambridgeshire,0.15,0.15,0.1,0.15,0.1
320,320,Baltonsborough,SOM,Somerset,0.15,0.15,0.1,0.15,0.1
321,321,Bamburgh,NBL,Northumberland,0.15,0.15,0.1,0.15,0.1
322,322,Bampton,DEV,Devon,0.15,0.15,0.1,0.15,0.1
323,323,Bampton,CMA,Cumbria,0.15,0.15,0.1,0.15,0.1
324,324,Bampton,OXF,Oxfordshire,0.15,0.15,0.1,0.15,0.1
325,325,Banbury,OXF,Oxfordshire,0.15,0.15,0.1,0.15,0.1
326,326,Banchory,ABD,Aberdeenshire,0.15,0.15,0.1,0.15,0.1
327,327,Banff,ABD,Aberdeenshire,0.15,0.15,0.1,0.15,0.1
328,328,Bangor,GWN,Gwynedd,0.15,0.15,0.1,0.15,0.1
329,329,Banham,NFK,Norfolk,0.15,0.15,0.1,0.15,0.1
330,330,Bankfoot,PKN,Perth And Kinross,0.15,0.15,0.1,0.15,0.1
331,331,Banknock,FAL,Falkirk,0.15,0.15,0.1,0.15,0.1
332,332,Banks,CMA,Cumbria,0.15,0.15,0.1,0.15,0.1
333,333,Banks,LAN,Lancashire,0.15,0.15,0.1,0.15,0.1
334,334,Bannockburn,STG,Stirling,0.15,0.15,0.1,0.15,0.1
335,335,Banstead,SRY,Surrey,0.15,0.15,0.1,0.15,0.1
336,336,Banwell,SOM,Somerset,0.15,0.15,0.1,0.15,0.1
337,337,Bar Hill,CAM,Cambridgeshire,0.15,0.15,0.1,0.15,0.1
338,338,Barbican,LND,Greater London,0.15,0.15,0.1,0.15,0.1
339,339,Barby,NTH,Northamptonshire,0.15,0.15,0.1,0.15,0.1
340,340,Bardney,LIN,Lincolnshire,0.15,0.15,0.1,0.15,0.1
341,341,Bardon Mill,NBL,Northumberland,0.15,0.15,0.1,0.15,0.1
342,342,Bardsey,,West Yorkshire,0.15,0.15,0.1,0.15,0.1
343,343,Bardwell,SFK,Suffolk,0.15,0.15,0.1,0.15,0.1
344,344,Barford St Martin,WIL,Wiltshire,0.15,0.15,0.1,0.15,0.1
345,345,Barford St Michael,OXF,Oxfordshire,0.15,0.15,0.1,0.15,0.1
346,346,Bargoed,CAY,Caerphilly,0.15,0.15,0.1,0.15,0.1
347,347,Barham,SFK,Suffolk,0.15,0.15,0.1,0.15,0.1
348,348,Barham,KEN,Kent,0.15,0.15,0.1,0.15,0.1
349,349,Barkham,,Berkshire,0.15,0.15,0.1,0.15,0.1
350,350,Barking,SFK,Suffolk,0.15,0.15,0.1,0.15,0.1
351,351,Barking,LND,Greater London,0.15,0.15,0.1,0.15,0.1
352,352,Barkisland,,West Yorkshire,0.15,0.15,0.1,0.15,0.1
353,353,Barkway,HRT,Hertfordshire,0.15,0.15,0.1,0.15,0.1
354,354,Barlaston,STS,Staffordshire,0.15,0.15,0.1,0.15,0.1
355,355,Barlborough,DBY,Derbyshire,0.15,0.15,0.1,0.15,0.1
356,356,Barlby,NYK,North Yorkshire,0.15,0.15,0.1,0.15,0.1
357,357,Barlestone,LEC,Leicestershire,0.15,0.15,0.1,0.15,0.1
358,358,Barley,HRT,Hertfordshire,0.15,0.15,0.1,0.15,0.1
359,359,Barley,LAN,Lancashire,0.15,0.15,0.1,0.15,0.1
360,360,Barlow,DBY,Derbyshire,0.15,0.15,0.1,0.15,0.1
361,361,Barlow,NYK,North Yorkshire,0.15,0.15,0.1,0.15,0.1
362,362,Barlow,,Tyne And Wear,0.15,0.15,0.1,0.15,0.1
363,363,Barmby on the Marsh,ERY,East Riding Of Yorkshire,0.15,0.15,0.1,0.15,0.1
364,364,Barmouth,GWN,Gwynedd,0.15,0.15,0.1,0.15,0.1
365,365,Barmston,ERY,East Riding Of Yorkshire,0.15,0.15,0.1,0.15,0.1
366,366,Barnack,CAM,Cambridgeshire,0.15,0.15,0.1,0.15,0.1
367,367,Barnard Castle,DUR,Durham,0.15,0.15,0.1,0.15,0.1
368,368,Barnburgh,,South Yorkshire,0.15,0.15,0.1,0.15,0.1
369,369,Barnby,SFK,Suffolk,0.15,0.15,0.1,0.15,0.1
370,370,Barnet,LND,Greater London,0.15,0.15,0.1,0.15,0.1
371,371,Barnetby le Wold,LIN,Lincolnshire,0.15,0.15,0.1,0.15,0.1
372,372,Barnham,SFK,Suffolk,0.15,0.15,0.1,0.15,0.1
373,373,Barnham,WSX,West Sussex,0.15,0.15,0.1,0.15,0.1
374,374,Barningham,SFK,Suffolk,0.15,0.15,0.1,0.15,0.1
375,375,Barningham,DUR,Durham,0.15,0.15,0.1,0.15,0.1
376,376,Barnoldswick,LAN,Lancashire,0.15,0.15,0.1,0.15,0.1
377,377,Barns Green,WSX,West Sussex,0.15,0.15,0.1,0.15,0.1
378,378,Barnsbury,LND,Greater London,0.15,0.15,0.1,0.15,0.1
379,379,Barnsley,GLS,Gloucestershire,0.15,0.15,0.1,0.15,0.1
380,380,Barnsley,,South Yorkshire,0.15,0.15,0.1,0.15,0.1
381,381,Barnstaple,DEV,Devon,0.15,0.15,0.1,0.15,0.1
382,382,Barnt Green,WOR,Worcestershire,0.15,0.15,0.1,0.15,0.1
383,383,Barnwood,GLS,Gloucestershire,0.15,0.15,0.1,0.15,0.1
384,384,Barrhead,ERW,East Renfrewshire,0.15,0.15,0.1,0.15,0.1
385,385,Barrow upon Humber,LIN,Lincolnshire,0.15,0.15,0.1,0.15,0.1
386,386,Barrow upon Soar,LEC,Leicestershire,0.15,0.15,0.1,0.15,0.1
387,387,Barrowby,LIN,Lincolnshire,0.15,0.15,0.1,0.15,0.1
388,388,Barrowden,RUT,Rutland,0.15,0.15,0.1,0.15,0.1
389,389,Barrowford,LAN,Lancashire,0.15,0.15,0.1,0.15,0.1
390,390,Barry,ANS,Angus,0.15,0.15,0.1,0.15,0.1
391,391,Barry,VGL,Vale Of Glamorgan,0.15,0.15,0.1,0.15,0.1
392,392,Barston,,West Midlands,0.15,0.15,0.1,0.15,0.1
393,393,Barton,,Cheshire,0.15,0.15,0.1,0.15,0.1
394,394,Barton,LAN,Lancashire,0.15,0.15,0.1,0.15,0.1
395,395,Barton,NYK,North Yorkshire,0.15,0.15,0.1,0.15,0.1
396,396,Barton,GLS,Gloucestershire,0.15,0.15,0.1,0.15,0.1
397,397,Barton,CAM,Cambridgeshire,0.15,0.15,0.1,0.15,0.1
398,398,Barton,DEV,Devon,0.15,0.15,0.1,0.15,0.1
399,399,Barton,WAR,Warwickshire,0.15,0.15,0.1,0.15,0.1
400,400,Barton Mills,SFK,Suffolk,0.15,0.15,0.1,0.15,0.1
401,401,Barton Stacey,HAM,Hampshire,0.15,0.15,0.1,0.15,0.1
402,402,Barton-le-Clay,,Bedfordshire,0.15,0.15,0.1,0.15,0.1
403,403,Baschurch,SHR,Shropshire,0.15,0.15,0.1,0.15,0.1
404,404,Basildon,ESS,Essex,0.15,0.15,0.1,0.15,0.1
405,405,Basildon,,Berkshire,0.15,0.15,0.1,0.15,0.1
406,406,Basingstoke,HAM,Hampshire,0.15,0.15,0.1,0.15,0.1
407,407,Baslow,DBY,Derbyshire,0.15,0.15,0.1,0.15,0.1
408,408,Bassingbourn,CAM,Cambridgeshire,0.15,0.15,0.1,0.15,0.1
409,409,Bassingham,LIN,Lincolnshire,0.15,0.15,0.1,0.15,0.1
410,410,Baston,LIN,Lincolnshire,0.15,0.15,0.1,0.15,0.1
411,411,Bath,SOM,Somerset,0.15,0.15,0.1,0.15,0.1
412,412,Bathford,SOM,Somerset,0.15,0.15,0.1,0.15,0.1
413,413,Bathgate,WLN,West Lothian,0.15,0.15,0.1,0.15,0.1
414,414,Batley,,West Yorkshire,0.15,0.15,0.1,0.15,0.1
415,415,Battersea,LND,Greater London,0.15,0.15,0.1,0.15,0.1
416,416,Battle,ESX,East Sussex,0.15,0.15,0.1,0.15,0.1
417,417,Battle,POW,Powys,0.15,0.15,0.1,0.15,0.1
418,418,Battlesden,,Bedfordshire,0.15,0.15,0.1,0.15,0.1
419,419,Bawdeswell,NFK,Norfolk,0.15,0.15,0.1,0.15,0.1
420,420,Bawtry,,South Yorkshire,0.15,0.15,0.1,0.15,0.1
421,421,Baydon,WIL,Wiltshire,0.15,0.15,0.1,0.15,0.1
422,422,Bayston Hill,SHR,Shropshire,0.15,0.15,0.1,0.15,0.1
423,423,Bayswater,LND,Greater London,0.15,0.15,0.1,0.15,0.1
424,424,Beaconsfield,BKM,Buckinghamshire,0.15,0.15,0.1,0.15,0.1
425,425,Beadnell,NBL,Northumberland,0.15,0.15,0.1,0.15,0.1
426,426,Beaminster,DOR,Dorset,0.15,0.15,0.1,0.15,0.1
427,427,Bearley,WAR,Warwickshire,0.15,0.15,0.1,0.15,0.1
428,428,Bearsden,EDU,East Dunbartonshire,0.15,0.15,0.1,0.15,0.1
429,429,Beauly,HLD,Highland,0.15,0.15,0.1,0.15,0.1
430,430,Beaumaris,AGY,Isle Of Anglesey,0.15,0.15,0.1,0.15,0.1
431,431,Beccles,SFK,Suffolk,0.15,0.15,0.1,0.15,0.1
432,432,Beckenham,LND,Greater London,0.15,0.15,0.1,0.15,0.1
433,433,Beckermet,CMA,Cumbria,0.15,0.15,0.1,0.15,0.1
434,434,Beckingham,LIN,Lincolnshire,0.15,0.15,0.1,0.15,0.1
435,435,Beckingham,NTT,Nottinghamshire,0.15,0.15,0.1,0.15,0.1
436,436,Beckington,SOM,Somerset,0.15,0.15,0.1,0.15,0.1
437,437,Becontree,LND,Greater London,0.15,0.15,0.1,0.15,0.1
438,438,Bedale,NYK,North Yorkshire,0.15,0.15,0.1,0.15,0.1
439,439,Beddau,RCT,Rhondda Cynon Taff,0.15,0.15,0.1,0.15,0.1
440,440,Bedford,,Bedfordshire,0.15,0.15,0.1,0.15,0.1
441,441,Bedlington,NBL,Northumberland,0.15,0.15,0.1,0.15,0.1
442,442,Bedlinog,MTY,Merthyr Tydfil,0.15,0.15,0.1,0.15,0.1
443,443,Bedworth,WAR,Warwickshire,0.15,0.15,0.1,0.15,0.1
444,444,Beeford,ERY,East Riding Of Yorkshire,0.15,0.15,0.1,0.15,0.1
445,445,Beenham,,Berkshire,0.15,0.15,0.1,0.15,0.1
446,446,Beeston,,Bedfordshire,0.15,0.15,0.1,0.15,0.1
447,447,Beeston,,Cheshire,0.15,0.15,0.1,0.15,0.1
448,448,Beeston,,West Yorkshire,0.15,0.15,0.1,0.15,0.1
449,449,Beeston,NTT,Nottinghamshire,0.15,0.15,0.1,0.15,0.1
450,450,Beeston,NFK,Norfolk,0.15,0.15,0.1,0.15,0.1
451,451,Beetley,NFK,Norfolk,0.15,0.15,0.1,0.15,0.1
452,452,Beighton,NFK,Norfolk,0.15,0.15,0.1,0.15,0.1
453,453,Beith,NAY,North Ayrshire,0.15,0.15,0.1,0.15,0.1
454,454,Belbroughton,WOR,Worcestershire,0.15,0.15,0.1,0.15,0.1
455,455,Belfast,BFS,Belfast,0.15,0.15,0.1,0.15,0.1
456,456,Belfast,,Belfast Greater,0.15,0.15,0.1,0.15,0.1
457,457,Belford,NBL,Northumberland,0.15,0.15,0.1,0.15,0.1
458,458,Bellaghy,DRY,County Londonderry,0.15,0.15,0.1,0.15,0.1
459,459,Bellingham,NBL,Northumberland,0.15,0.15,0.1,0.15,0.1
460,460,Bellingham,LND,Greater London,0.15,0.15,0.1,0.15,0.1
461,461,Bellshill,NBL,Northumberland,0.15,0.15,0.1,0.15,0.1
462,462,Bellshill,NLK,North Lanarkshire,0.15,0.15,0.1,0.15,0.1
463,463,Belmont,LND,Greater London,0.15,0.15,0.1,0.15,0.1
464,464,Belmont,LAN,Lancashire,0.15,0.15,0.1,0.15,0.1
465,465,Belmont,DUR,Durham,0.15,0.15,0.1,0.15,0.1
466,466,Belmont,,Belfast Greater,0.15,0.15,0.1,0.15,0.1
467,467,Belmont,ZET,Shetland Islands,0.15,0.15,0.1,0.15,0.1
468,468,Belper,DBY,Derbyshire,0.15,0.15,0.1,0.15,0.1
469,469,Belsize Park,LND,Greater London,0.15,0.15,0.1,0.15,0.1
470,470,Belton,NFK,Norfolk,0.15,0.15,0.1,0.15,0.1
471,471,Belton,LIN,Lincolnshire,0.15,0.15,0.1,0.15,0.1
472,472,Belton,LEC,Leicestershire,0.15,0.15,0.1,0.15,0.1
473,473,Belton,RUT,Rutland,0.15,0.15,0.1,0.15,0.1
474,474,Belvedere,LND,Greater London,0.15,0.15,0.1,0.15,0.1
475,475,Bembridge,IOW,Isle Of Wight,0.15,0.15,0.1,0.15,0.1
476,476,Bempton,ERY,East Riding Of Yorkshire,0.15,0.15,0.1,0.15,0.1
477,477,Benenden,KEN,Kent,0.15,0.15,0.1,0.15,0.1
478,478,Benington,HRT,Hertfordshire,0.15,0.15,0.1,0.15,0.1
479,479,Benington,LIN,Lincolnshire,0.15,0.15,0.1,0.15,0.1
480,480,Benllech,AGY,Isle Of Anglesey,0.15,0.15,0.1,0.15,0.1
481,481,Benson,OXF,Oxfordshire,0.15,0.15,0.1,0.15,0.1
482,482,Bentley,,South Yorkshire,0.15,0.15,0.1,0.15,0.1
483,483,Bentley,HAM,Hampshire,0.15,0.15,0.1,0.15,0.1
484,484,Bentley,ERY,East Riding Of Yorkshire,0.15,0.15,0.1,0.15,0.1
485,485,Bentley,SFK,Suffolk,0.15,0.15,0.1,0.15,0.1
486,486,Bentley,WAR,Warwickshire,0.15,0.15,0.1,0.15,0.1
487,487,Bentworth,HAM,Hampshire,0.15,0.15,0.1,0.15,0.1
488,488,Beoley,WOR,Worcestershire,0.15,0.15,0.1,0.15,0.1
489,489,Bere Alston,DEV,Devon,0.15,0.15,0.1,0.15,0.1
490,490,Bere Regis,DOR,Dorset,0.15,0.15,0.1,0.15,0.1
491,491,Berkeley,GLS,Gloucestershire,0.15,0.15,0.1,0.15,0.1
492,492,Berkhamsted,HRT,Hertfordshire,0.15,0.15,0.1,0.15,0.1
493,493,Berkswell,,West Midlands,0.15,0.15,0.1,0.15,0.1
494,494,Berrington,SHR,Shropshire,0.15,0.15,0.1,0.15,0.1
495,495,Berrington,NBL,Northumberland,0.15,0.15,0.1,0.15,0.1
496,496,Berrynarbor,DEV,Devon,0.15,0.15,0.1,0.15,0.1
497,497,Bescar,LAN,Lancashire,0.15,0.15,0.1,0.15,0.1
498,498,Betchworth,SRY,Surrey,0.15,0.15,0.1,0.15,0.1
499,499,Bethersden,KEN,Kent,0.15,0.15,0.1,0.15,0.1
500,500,Bethesda,GWN,Gwynedd,0.15,0.15,0.1,0.15,0.1
501,501,Bethesda,PEM,Pembrokeshire,0.15,0.15,0.1,0.15,0.1
502,502,Bethnal Green,LND,Greater London,0.15,0.15,0.1,0.15,0.1
503,503,Betley,STS,Staffordshire,0.15,0.15,0.1,0.15,0.1
504,504,Betws,BGE,Bridgend,0.15,0.15,0.1,0.15,0.1
505,505,Betws,CMN,Carmarthenshire,0.15,0.15,0.1,0.15,0.1
506,506,Beverley,ERY,East Riding Of Yorkshire,0.15,0.15,0.1,0.15,0.1
507,507,Bewdley,WOR,Worcestershire,0.15,0.15,0.1,0.15,0.1
508,508,Bexley,LND,Greater London,0.15,0.15,0.1,0.15,0.1
509,509,Bexleyheath,LND,Greater London,0.15,0.15,0.1,0.15,0.1
510,510,Beyton,SFK,Suffolk,0.15,0.15,0.1,0.15,0.1
511,511,Bicester,OXF,Oxfordshire,0.15,0.15,0.1,0.15,0.1
512,512,Bickenhill,,West Midlands,0.15,0.15,0.1,0.15,0.1
513,513,Bicker,LIN,Lincolnshire,0.15,0.15,0.1,0.15,0.1
514,514,Bickleigh,DEV,Devon,0.15,0.15,0.1,0.15,0.1
515,515,Bickley,LND,Greater London,0.15,0.15,0.1,0.15,0.1
516,516,Bicknacre,ESS,Essex,0.15,0.15,0.1,0.15,0.1
517,517,Bicton,SHR,Shropshire,0.15,0.15,0.1,0.15,0.1
518,518,Biddenden,KEN,Kent,0.15,0.15,0.1,0.15,0.1
519,519,Biddenham,,Bedfordshire,0.15,0.15,0.1,0.15,0.1
520,520,Biddestone,WIL,Wiltshire,0.15,0.15,0.1,0.15,0.1
521,521,Biddulph,STS,Staffordshire,0.15,0.15,0.1,0.15,0.1
522,522,Bideford,DEV,Devon,0.15,0.15,0.1,0.15,0.1
523,523,Bidford-on-Avon,WAR,Warwickshire,0.15,0.15,0.1,0.15,0.1
524,524,Biggar,SLK,South Lanarkshire,0.15,0.15,0.1,0.15,0.1
525,525,Biggar,CMA,Cumbria,0.15,0.15,0.1,0.15,0.1
526,526,Biggin Hill,LND,Greater London,0.15,0.15,0.1,0.15,0.1
527,527,Biggleswade,,Bedfordshire,0.15,0.15,0.1,0.15,0.1
528,528,Bildeston,SFK,Suffolk,0.15,0.15,0.1,0.15,0.1
529,529,Billericay,ESS,Essex,0.15,0.15,0.1,0.15,0.1
530,530,Billesdon,LEC,Leicestershire,0.15,0.15,0.1,0.15,0.1
531,531,Billingborough,LIN,Lincolnshire,0.15,0.15,0.1,0.15,0.1
532,532,Billinge,,Merseyside,0.15,0.15,0.1,0.15,0.1
533,533,Billingham,DUR,Durham,0.15,0.15,0.1,0.15,0.1
534,534,Billinghay,LIN,Lincolnshire,0.15,0.15,0.1,0.15,0.1
535,535,Billingshurst,WSX,West Sussex,0.15,0.15,0.1,0.15,0.1
536,536,Billington,LAN,Lancashire,0.15,0.15,0.1,0.15,0.1
537,537,Billington,,Bedfordshire,0.15,0.15,0.1,0.15,0.1
538,538,Bilsthorpe,NTT,Nottinghamshire,0.15,0.15,0.1,0.15,0.1
539,539,Bilston,MLN,Midlothian,0.15,0.15,0.1,0.15,0.1
540,540,Bilston,,West Midlands,0.15,0.15,0.1,0.15,0.1
541,541,Binbrook,LIN,Lincolnshire,0.15,0.15,0.1,0.15,0.1
542,542,Binfield,,Berkshire,0.15,0.15,0.1,0.15,0.1
543,543,Binfield Heath,OXF,Oxfordshire,0.15,0.15,0.1,0.15,0.1
544,544,Bingham,NTT,Nottinghamshire,0.15,0.15,0.1,0.15,0.1
545,545,Bingley,,West Yorkshire,0.15,0.15,0.1,0.15,0.1
546,546,Birchanger,ESS,Essex,0.15,0.15,0.1,0.15,0.1
547,547,Bircotes,NTT,Nottinghamshire,0.15,0.15,0.1,0.15,0.1
548,548,Birdham,WSX,West Sussex,0.15,0.15,0.1,0.15,0.1
549,549,Birdsall,NYK,North Yorkshire,0.15,0.15,0.1,0.15,0.1
550,550,Birdwell,,South Yorkshire,0.15,0.15,0.1,0.15,0.1
551,551,Birkenhead,,Merseyside,0.15,0.15,0.1,0.15,0.1
552,552,Birmingham,,West Midlands,0.15,0.15,0.1,0.15,0.1
553,553,Birtley,,Tyne And Wear,0.15,0.15,0.1,0.15,0.1
554,554,Birtley,SHR,Shropshire,0.15,0.15,0.1,0.15,0.1
555,555,Birtley,NBL,Northumberland,0.15,0.15,0.1,0.15,0.1
556,556,Bisham,,Berkshire,0.15,0.15,0.1,0.15,0.1
557,557,Bishampton,WOR,Worcestershire,0.15,0.15,0.1,0.15,0.1
558,558,Bishop Auckland,DUR,Durham,0.15,0.15,0.1,0.15,0.1
559,559,Bishop Burton,ERY,East Riding Of Yorkshire,0.15,0.15,0.1,0.15,0.1
560,560,Bishop Middleham,DUR,Durham,0.15,0.15,0.1,0.15,0.1
561,561,Bishop Monkton,NYK,North Yorkshire,0.15,0.15,0.1,0.15,0.1
562,562,Bishop's Castle,SHR,Shropshire,0.15,0.15,0.1,0.15,0.1
563,563,Bishopbriggs,EDU,East Dunbartonshire,0.15,0.15,0.1,0.15,0.1
564,564,Bishopsteignton,DEV,Devon,0.15,0.15,0.1,0.15,0.1
565,565,Bishopstoke,HAM,Hampshire,0.15,0.15,0.1,0.15,0.1
566,566,Bishopston,SWA,Swansea,0.15,0.15,0.1,0.15,0.1
567,567,Bishopstone,ESX,East Sussex,0.15,0.15,0.1,0.15,0.1
568,568,Bishopstone,BKM,Buckinghamshire,0.15,0.15,0.1,0.15,0.1
569,569,Bishopstone,HEF,Herefordshire,0.15,0.15,0.1,0.15,0.1
570,570,Bishopstone,WIL,Wiltshire,0.15,0.15,0.1,0.15,0.1
571,571,Bishopstrow,WIL,Wiltshire,0.15,0.15,0.1,0.15,0.1
572,572,Bishopsworth,,County Of Bristol,0.15,0.15,0.1,0.15,0.1
573,573,Bishopton,DUR,Durham,0.15,0.15,0.1,0.15,0.1
574,574,Bishopton,RFW,Renfrewshire,0.15,0.15,0.1,0.15,0.1
575,575,Bisley,GLS,Gloucestershire,0.15,0.15,0.1,0.15,0.1
576,576,Bisley,SRY,Surrey,0.15,0.15,0.1,0.15,0.1
577,577,Bitton,GLS,Gloucestershire,0.15,0.15,0.1,0.15,0.1
578,578,Blaby,LEC,Leicestershire,0.15,0.15,0.1,0.15,0.1
579,579,Black Notley,ESS,Essex,0.15,0.15,0.1,0.15,0.1
580,580,Blackburn,LAN,Lancashire,0.15,0.15,0.1,0.15,0.1
581,581,Blackburn,WLN,West Lothian,0.15,0.15,0.1,0.15,0.1
582,582,Blackford,SOM,Somerset,0.15,0.15,0.1,0.15,0.1
583,583,Blackford,PKN,Perth And Kinross,0.15,0.15,0.1,0.15,0.1
584,584,Blackford,ABD,Aberdeenshire,0.15,0.15,0.1,0.15,0.1
585,585,Blackford,CMA,Cumbria,0.15,0.15,0.1,0.15,0.1
586,586,Blackheath,SFK,Suffolk,0.15,0.15,0.1,0.15,0.1
587,587,Blackheath,SRY,Surrey,0.15,0.15,0.1,0.15,0.1
588,588,Blackheath,LND,Greater London,0.15,0.15,0.1,0.15,0.1
589,589,Blackheath,ESS,Essex,0.15,0.15,0.1,0.15,0.1
590,590,Blackheath,,West Midlands,0.15,0.15,0.1,0.15,0.1
591,591,Blackmill,BGE,Bridgend,0.15,0.15,0.1,0.15,0.1
592,592,Blackmore,ESS,Essex,0.15,0.15,0.1,0.15,0.1
593,593,Blackpool,LAN,Lancashire,0.15,0.15,0.1,0.15,0.1
594,594,Blackridge,WLN,West Lothian,0.15,0.15,0.1,0.15,0.1
595,595,Blackrod,,Greater Manchester,0.15,0.15,0.1,0.15,0.1
596,596,Blackwell,WOR,Worcestershire,0.15,0.15,0.1,0.15,0.1
597,597,Blackwell,NYK,North Yorkshire,0.15,0.15,0.1,0.15,0.1
598,598,Blackwell,DBY,Derbyshire,0.15,0.15,0.1,0.15,0.1
599,599,Blackwell,WAR,Warwickshire,0.15,0.15,0.1,0.15,0.1
600,600,Blackwood,,Dumfries And Galloway,0.15,0.15,0.1,0.15,0.1
601,601,Blackwood,SLK,South Lanarkshire,0.15,0.15,0.1,0.15,0.1
602,602,Blacon,,Cheshire,0.15,0.15,0.1,0.15,0.1
603,603,Bladon,OXF,Oxfordshire,0.15,0.15,0.1,0.15,0.1
604,604,Blaenavon,TOF,Torfaen,0.15,0.15,0.1,0.15,0.1
605,605,Blaengwynfi,NTL,Neath Port Talbot,0.15,0.15,0.1,0.15,0.1
606,606,Blagdon,DEV,Devon,0.15,0.15,0.1,0.15,0.1
607,607,Blairgowrie,PKN,Perth And Kinross,0.15,0.15,0.1,0.15,0.1
608,608,Blairhall,FIF,Fife,0.15,0.15,0.1,0.15,0.1
609,609,Blakemere,HEF,Herefordshire,0.15,0.15,0.1,0.15,0.1
610,610,Blakesley,NTH,Northamptonshire,0.15,0.15,0.1,0.15,0.1
611,611,Blandford Forum,DOR,Dorset,0.15,0.15,0.1,0.15,0.1
612,612,Bleadon,SOM,Somerset,0.15,0.15,0.1,0.15,0.1
613,613,Blean,KEN,Kent,0.15,0.15,0.1,0.15,0.1
614,614,Bleasby,NTT,Nottinghamshire,0.15,0.15,0.1,0.15,0.1
615,615,Bledington,GLS,Gloucestershire,0.15,0.15,0.1,0.15,0.1
616,616,Bletchingdon,OXF,Oxfordshire,0.15,0.15,0.1,0.15,0.1
617,617,Bletchingley,SRY,Surrey,0.15,0.15,0.1,0.15,0.1
618,618,Bletchley,STS,Staffordshire,0.15,0.15,0.1,0.15,0.1
619,619,Bletchley,BKM,Buckinghamshire,0.15,0.15,0.1,0.15,0.1
620,620,Blewbury,OXF,Oxfordshire,0.15,0.15,0.1,0.15,0.1
621,621,Blidworth,NTT,Nottinghamshire,0.15,0.15,0.1,0.15,0.1
622,622,Blindley Heath,SRY,Surrey,0.15,0.15,0.1,0.15,0.1
623,623,Blisworth,NTH,Northamptonshire,0.15,0.15,0.1,0.15,0.1
624,624,Blockley,GLS,Gloucestershire,0.15,0.15,0.1,0.15,0.1
625,625,Bloxham,OXF,Oxfordshire,0.15,0.15,0.1,0.15,0.1
626,626,Bloxwich,,West Midlands,0.15,0.15,0.1,0.15,0.1
627,627,Blunham,,Bedfordshire,0.15,0.15,0.1,0.15,0.1
628,628,Blyth,NBL,Northumberland,0.15,0.15,0.1,0.15,0.1
629,629,Blyth,NTT,Nottinghamshire,0.15,0.15,0.1,0.15,0.1
630,630,Blyton,LIN,Lincolnshire,0.15,0.15,0.1,0.15,0.1
631,631,Boars Hill,OXF,Oxfordshire,0.15,0.15,0.1,0.15,0.1
632,632,Boat of Garten,HLD,Highland,0.15,0.15,0.1,0.15,0.1
633,633,Boddam,ABD,Aberdeenshire,0.15,0.15,0.1,0.15,0.1
634,634,Boddam,ZET,Shetland Islands,0.15,0.15,0.1,0.15,0.1
635,635,Bodedern,AGY,Isle Of Anglesey,0.15,0.15,0.1,0.15,0.1
636,636,Bodelwyddan,DEN,Denbighshire,0.15,0.15,0.1,0.15,0.1
637,637,Bodenham,WIL,Wiltshire,0.15,0.15,0.1,0.15,0.1
638,638,Bodenham,HEF,Herefordshire,0.15,0.15,0.1,0.15,0.1
639,639,Bodmin,CON,Cornwall,0.15,0.15,0.1,0.15,0.1
640,640,Bognor Regis,WSX,West Sussex,0.15,0.15,0.1,0.15,0.1
641,641,Bollington,,Cheshire,0.15,0.15,0.1,0.15,0.1
642,642,Bolney,WSX,West Sussex,0.15,0.15,0.1,0.15,0.1
643,643,Bolsover,DBY,Derbyshire,0.15,0.15,0.1,0.15,0.1
644,644,Bolton,NBL,Northumberland,0.15,0.15,0.1,0.15,0.1
645,645,Bolton,CMA,Cumbria,0.15,0.15,0.1,0.15,0.1
646,646,Bolton,,Greater Manchester,0.15,0.15,0.1,0.15,0.1
647,647,Bolton,ELN,East Lothian,0.15,0.15,0.1,0.15,0.1
648,648,Bolton upon Dearne,,South Yorkshire,0.15,0.15,0.1,0.15,0.1
649,649,Bonby,LIN,Lincolnshire,0.15,0.15,0.1,0.15,0.1
650,650,Bonhill,,West Dunbart,0.15,0.15,0.1,0.15,0.1
651,651,Bonnybridge,FAL,Falkirk,0.15,0.15,0.1,0.15,0.1
652,652,Bonnyrigg,MLN,Midlothian,0.15,0.15,0.1,0.15,0.1
653,653,Bonsall,DBY,Derbyshire,0.15,0.15,0.1,0.15,0.1
654,654,Bontnewydd,GWN,Gwynedd,0.15,0.15,0.1,0.15,0.1
655,655,Boosbeck,NYK,North Yorkshire,0.15,0.15,0.1,0.15,0.1
656,656,Bootle,,Merseyside,0.15,0.15,0.1,0.15,0.1
657,657,Bootle,CMA,Cumbria,0.15,0.15,0.1,0.15,0.1
658,658,Borden,KEN,Kent,0.15,0.15,0.1,0.15,0.1
659,659,Bordon,HAM,Hampshire,0.15,0.15,0.1,0.15,0.1
660,660,Boreham,WIL,Wiltshire,0.15,0.15,0.1,0.15,0.1
661,661,Boreham,ESS,Essex,0.15,0.15,0.1,0.15,0.1
662,662,Borehamwood,HRT,Hertfordshire,0.15,0.15,0.1,0.15,0.1
663,663,Borough Green,KEN,Kent,0.15,0.15,0.1,0.15,0.1
664,664,Borrowash,DBY,Derbyshire,0.15,0.15,0.1,0.15,0.1
665,665,Borth,CGN,Ceredigion,0.15,0.15,0.1,0.15,0.1
666,666,Boscastle,CON,Cornwall,0.15,0.15,0.1,0.15,0.1
667,667,Bosham,WSX,West Sussex,0.15,0.15,0.1,0.15,0.1
668,668,Boston,LIN,Lincolnshire,0.15,0.15,0.1,0.15,0.1
669,669,Boston Spa,,West Yorkshire,0.15,0.15,0.1,0.15,0.1
670,670,Botesdale,SFK,Suffolk,0.15,0.15,0.1,0.15,0.1
671,671,Bothwell,SLK,South Lanarkshire,0.15,0.15,0.1,0.15,0.1
672,672,Botley,BKM,Buckinghamshire,0.15,0.15,0.1,0.15,0.1
673,673,Botley,HAM,Hampshire,0.15,0.15,0.1,0.15,0.1
674,674,Botley,OXF,Oxfordshire,0.15,0.15,0.1,0.15,0.1
675,675,Bottesford,LEC,Leicestershire,0.15,0.15,0.1,0.15,0.1
676,676,Bottesford,LIN,Lincolnshire,0.15,0.15,0.1,0.15,0.1
677,677,Bottisham,CAM,Cambridgeshire,0.15,0.15,0.1,0.15,0.1
678,678,Boughton,NFK,Norfolk,0.15,0.15,0.1,0.15,0.1
679,679,Boughton,NTH,Northamptonshire,0.15,0.15,0.1,0.15,0.1
680,680,Boughton,NTT,Nottinghamshire,0.15,0.15,0.1,0.15,0.1
681,681,Bourn,CAM,Cambridgeshire,0.15,0.15,0.1,0.15,0.1
682,682,Bourne,LIN,Lincolnshire,0.15,0.15,0.1,0.15,0.1
683,683,Bourne End,,Bedfordshire,0.15,0.15,0.1,0.15,0.1
684,684,Bourne End,BKM,Buckinghamshire,0.15,0.15,0.1,0.15,0.1
685,685,Bourne End,HRT,Hertfordshire,0.15,0.15,0.1,0.15,0.1
686,686,Bournemouth,DOR,Dorset,0.15,0.15,0.1,0.15,0.1
687,687,Bourton,SHR,Shropshire,0.15,0.15,0.1,0.15,0.1
688,688,Bourton,DOR,Dorset,0.15,0.15,0.1,0.15,0.1
689,689,Bourton,OXF,Oxfordshire,0.15,0.15,0.1,0.15,0.1
690,690,Bourton,SOM,Somerset,0.15,0.15,0.1,0.15,0.1
691,691,Bovey Tracey,DEV,Devon,0.15,0.15,0.1,0.15,0.1
692,692,Bovingdon,HRT,Hertfordshire,0.15,0.15,0.1,0.15,0.1
693,693,Bovington Camp,DOR,Dorset,0.15,0.15,0.1,0.15,0.1
694,694,Bow,,Orkney Islands,0.15,0.15,0.1,0.15,0.1
695,695,Bow,LND,Greater London,0.15,0.15,0.1,0.15,0.1
696,696,Bow,DEV,Devon,0.15,0.15,0.1,0.15,0.1
697,697,Bow Brickhill,BKM,Buckinghamshire,0.15,0.15,0.1,0.15,0.1
698,698,Bow Street,CGN,Ceredigion,0.15,0.15,0.1,0.15,0.1
699,699,Bowburn,DUR,Durham,0.15,0.15,0.1,0.15,0.1
700,700,Bowdon,,Greater Manchester,0.15,0.15,0.1,0.15,0.1
701,701,Bowes,DUR,Durham,0.15,0.15,0.1,0.15,0.1
702,702,Bowling,,West Dunbart,0.15,0.15,0.1,0.15,0.1
703,703,Bowmore,AGB,Argyll And Bute,0.15,0.15,0.1,0.15,0.1
704,704,Bowthorpe,NFK,Norfolk,0.15,0.15,0.1,0.15,0.1
705,705,Box,WIL,Wiltshire,0.15,0.15,0.1,0.15,0.1
706,706,Box,GLS,Gloucestershire,0.15,0.15,0.1,0.15,0.1
707,707,Boxford,,Berkshire,0.15,0.15,0.1,0.15,0.1
708,708,Boxford,SFK,Suffolk,0.15,0.15,0.1,0.15,0.1
709,709,Boxgrove,WSX,West Sussex,0.15,0.15,0.1,0.15,0.1
710,710,Boxley,KEN,Kent,0.15,0.15,0.1,0.15,0.1
711,711,Boxted,ESS,Essex,0.15,0.15,0.1,0.15,0.1
712,712,Boxted,SFK,Suffolk,0.15,0.15,0.1,0.15,0.1
713,713,Boynton,ERY,East Riding Of Yorkshire,0.15,0.15,0.1,0.15,0.1
714,714,Boyton,WIL,Wiltshire,0.15,0.15,0.1,0.15,0.1
715,715,Boyton,SFK,Suffolk,0.15,0.15,0.1,0.15,0.1
716,716,Boyton,CON,Cornwall,0.15,0.15,0.1,0.15,0.1
717,717,Bozeat,NTH,Northamptonshire,0.15,0.15,0.1,0.15,0.1
718,718,Bracebridge Heath,LIN,Lincolnshire,0.15,0.15,0.1,0.15,0.1
719,719,Brackley,HLD,Highland,0.15,0.15,0.1,0.15,0.1
720,720,Brackley,NTH,Northamptonshire,0.15,0.15,0.1,0.15,0.1
721,721,Braco,PKN,Perth And Kinross,0.15,0.15,0.1,0.15,0.1
722,722,Bradfield,,Berkshire,0.15,0.15,0.1,0.15,0.1
723,723,Bradfield,ESS,Essex,0.15,0.15,0.1,0.15,0.1
724,724,Bradfield,NFK,Norfolk,0.15,0.15,0.1,0.15,0.1
725,725,Bradford,,West Yorkshire,0.15,0.15,0.1,0.15,0.1
726,726,Bradford,NBL,Northumberland,0.15,0.15,0.1,0.15,0.1
727,727,Bradford,DEV,Devon,0.15,0.15,0.1,0.15,0.1
728,728,Bradford Abbas,DOR,Dorset,0.15,0.15,0.1,0.15,0.1
729,729,Bradford-on-Avon,WIL,Wiltshire,0.15,0.15,0.1,0.15,0.1
730,730,Brading,IOW,Isle Of Wight,0.15,0.15,0.1,0.15,0.1
731,731,Bradley,,West Midlands,0.15,0.15,0.1,0.15,0.1
732,732,Bradley,NYK,North Yorkshire,0.15,0.15,0.1,0.15,0.1
733,733,Bradley,LIN,Lincolnshire,0.15,0.15,0.1,0.15,0.1
734,734,Bradley,HAM,Hampshire,0.15,0.15,0.1,0.15,0.1
735,735,Bradley,STS,Staffordshire,0.15,0.15,0.1,0.15,0.1
736,736,Bradley,DBY,Derbyshire,0.15,0.15,0.1,0.15,0.1
737,737,Bradninch,DEV,Devon,0.15,0.15,0.1,0.15,0.1
738,738,Bradwell,BKM,Buckinghamshire,0.15,0.15,0.1,0.15,0.1
739,739,Bradwell,ESS,Essex,0.15,0.15,0.1,0.15,0.1
740,740,Bradwell,NFK,Norfolk,0.15,0.15,0.1,0.15,0.1
741,741,Bradworthy,DEV,Devon,0.15,0.15,0.1,0.15,0.1
742,742,Brae,,Dumfries And Galloway,0.15,0.15,0.1,0.15,0.1
743,743,Brae,HLD,Highland,0.15,0.15,0.1,0.15,0.1
744,744,Brae,ZET,Shetland Islands,0.15,0.15,0.1,0.15,0.1
745,745,Braidwood,SLK,South Lanarkshire,0.15,0.15,0.1,0.15,0.1
746,746,Brailsford,DBY,Derbyshire,0.15,0.15,0.1,0.15,0.1
747,747,Braintree,ESS,Essex,0.15,0.15,0.1,0.15,0.1
748,748,Braithwell,,South Yorkshire,0.15,0.15,0.1,0.15,0.1
749,749,Bramford,SFK,Suffolk,0.15,0.15,0.1,0.15,0.1
750,750,Bramhall,,Greater Manchester,0.15,0.15,0.1,0.15,0.1
751,751,Bramham,,West Yorkshire,0.15,0.15,0.1,0.15,0.1
752,752,Bramhope,,West Yorkshire,0.15,0.15,0.1,0.15,0.1
753,753,Bramley,,South Yorkshire,0.15,0.15,0.1,0.15,0.1
754,754,Bramley,SRY,Surrey,0.15,0.15,0.1,0.15,0.1
755,755,Bramley,HAM,Hampshire,0.15,0.15,0.1,0.15,0.1
756,756,Brampton,LIN,Lincolnshire,0.15,0.15,0.1,0.15,0.1
757,757,Brampton,DBY,Derbyshire,0.15,0.15,0.1,0.15,0.1
758,758,Brampton,CMA,Cumbria,0.15,0.15,0.1,0.15,0.1
759,759,Brampton,SFK,Suffolk,0.15,0.15,0.1,0.15,0.1
760,760,Brampton,,South Yorkshire,0.15,0.15,0.1,0.15,0.1
761,761,Brampton,NFK,Norfolk,0.15,0.15,0.1,0.15,0.1
762,762,Bramshall,STS,Staffordshire,0.15,0.15,0.1,0.15,0.1
763,763,Brandesburton,ERY,East Riding Of Yorkshire,0.15,0.15,0.1,0.15,0.1
764,764,Brandon,SFK,Suffolk,0.15,0.15,0.1,0.15,0.1
765,765,Brandon,WAR,Warwickshire,0.15,0.15,0.1,0.15,0.1
766,766,Brandon,NBL,Northumberland,0.15,0.15,0.1,0.15,0.1
767,767,Brandon,LIN,Lincolnshire,0.15,0.15,0.1,0.15,0.1
768,768,Brandon,DUR,Durham,0.15,0.15,0.1,0.15,0.1
769,769,Bransford,WOR,Worcestershire,0.15,0.15,0.1,0.15,0.1
770,770,Bransgore,HAM,Hampshire,0.15,0.15,0.1,0.15,0.1
771,771,Branston,LIN,Lincolnshire,0.15,0.15,0.1,0.15,0.1
772,772,Branston,DBY,Derbyshire,0.15,0.15,0.1,0.15,0.1
773,773,Brant Broughton,LIN,Lincolnshire,0.15,0.15,0.1,0.15,0.1
774,774,Brantingham,ERY,East Riding Of Yorkshire,0.15,0.15,0.1,0.15,0.1
775,775,Brassington,DBY,Derbyshire,0.15,0.15,0.1,0.15,0.1
776,776,Brasted,KEN,Kent,0.15,0.15,0.1,0.15,0.1
777,777,Bratton,WIL,Wiltshire,0.15,0.15,0.1,0.15,0.1
778,778,Bratton Fleming,DEV,Devon,0.15,0.15,0.1,0.15,0.1
779,779,Braughing,HRT,Hertfordshire,0.15,0.15,0.1,0.15,0.1
780,780,Braunston,RUT,Rutland,0.15,0.15,0.1,0.15,0.1
781,781,Braunston,NTH,Northamptonshire,0.15,0.15,0.1,0.15,0.1
782,782,Braunton,DEV,Devon,0.15,0.15,0.1,0.15,0.1
783,783,Brawdy,PEM,Pembrokeshire,0.15,0.15,0.1,0.15,0.1
784,784,Bray,,Berkshire,0.15,0.15,0.1,0.15,0.1
785,785,Brayton,NYK,North Yorkshire,0.15,0.15,0.1,0.15,0.1
786,786,Bream,GLS,Gloucestershire,0.15,0.15,0.1,0.15,0.1
787,787,Brechin,ANS,Angus,0.15,0.15,0.1,0.15,0.1
788,788,Brecon,POW,Powys,0.15,0.15,0.1,0.15,0.1
789,789,Bredbury,,Greater Manchester,0.15,0.15,0.1,0.15,0.1
790,790,Bredon,WOR,Worcestershire,0.15,0.15,0.1,0.15,0.1
791,791,Breedon on the Hill,LEC,Leicestershire,0.15,0.15,0.1,0.15,0.1
792,792,Bremhill,WIL,Wiltshire,0.15,0.15,0.1,0.15,0.1
793,793,Brenchley,KEN,Kent,0.15,0.15,0.1,0.15,0.1
794,794,Brent,LND,Greater London,0.15,0.15,0.1,0.15,0.1
795,795,Brent Knoll,SOM,Somerset,0.15,0.15,0.1,0.15,0.1
796,796,Brentford,LND,Greater London,0.15,0.15,0.1,0.15,0.1
797,797,Brentwood,ESS,Essex,0.15,0.15,0.1,0.15,0.1
798,798,Brewood,STS,Staffordshire,0.15,0.15,0.1,0.15,0.1
799,799,Bridge,CON,Cornwall,0.15,0.15,0.1,0.15,0.1
800,800,Bridge,KEN,Kent,0.15,0.15,0.1,0.15,0.1
801,801,Bridge Sollers,HEF,Herefordshire,0.15,0.15,0.1,0.15,0.1
802,802,Bridge of Allan,STG,Stirling,0.15,0.15,0.1,0.15,0.1
803,803,Bridge of Earn,PKN,Perth And Kinross,0.15,0.15,0.1,0.15,0.1
804,804,Bridge of Weir,RFW,Renfrewshire,0.15,0.15,0.1,0.15,0.1
805,805,Bridgend,BGE,Bridgend,0.15,0.15,0.1,0.15,0.1
806,806,Bridgend,PKN,Perth And Kinross,0.15,0.15,0.1,0.15,0.1
807,807,Bridgend,WLN,West Lothian,0.15,0.15,0.1,0.15,0.1
808,808,Bridgend,FIF,Fife,0.15,0.15,0.1,0.15,0.1
809,809,Bridgend,ANS,Angus,0.15,0.15,0.1,0.15,0.1
810,810,Bridgend,AGB,Argyll And Bute,0.15,0.15,0.1,0.15,0.1
811,811,Bridgend,ABD,Aberdeenshire,0.15,0.15,0.1,0.15,0.1
812,812,Bridgend,CMA,Cumbria,0.15,0.15,0.1,0.15,0.1
813,813,Bridgend,CON,Cornwall,0.15,0.15,0.1,0.15,0.1
814,814,Bridgnorth,SHR,Shropshire,0.15,0.15,0.1,0.15,0.1
815,815,Bridgwater,SOM,Somerset,0.15,0.15,0.1,0.15,0.1
816,816,Bridlington,ERY,East Riding Of Yorkshire,0.15,0.15,0.1,0.15,0.1
817,817,Bridport,DOR,Dorset,0.15,0.15,0.1,0.15,0.1
818,818,Brierfield,LAN,Lancashire,0.15,0.15,0.1,0.15,0.1
819,819,Brierley Hill,,West Midlands,0.15,0.15,0.1,0.15,0.1
820,820,Brigg,LIN,Lincolnshire,0.15,0.15,0.1,0.15,0.1
821,821,Brigham,ERY,East Riding Of Yorkshire,0.15,0.15,0.1,0.15,0.1
822,822,Brigham,CMA,Cumbria,0.15,0.15,0.1,0.15,0.1
823,823,Brighouse,,West Yorkshire,0.15,0.15,0.1,0.15,0.1
824,824,Brighstone,IOW,Isle Of Wight,0.15,0.15,0.1,0.15,0.1
825,825,Brightlingsea,ESS,Essex,0.15,0.15,0.1,0.15,0.1
826,826,Brighton,CON,Cornwall,0.15,0.15,0.1,0.15,0.1
827,827,Brighton,ESX,East Sussex,0.15,0.15,0.1,0.15,0.1
828,828,Brightons,FAL,Falkirk,0.15,0.15,0.1,0.15,0.1
829,829,Brignall,DUR,Durham,0.15,0.15,0.1,0.15,0.1
830,830,Brigstock,NTH,Northamptonshire,0.15,0.15,0.1,0.15,0.1
831,831,Brill,CON,Cornwall,0.15,0.15,0.1,0.15,0.1
832,832,Brill,BKM,Buckinghamshire,0.15,0.15,0.1,0.15,0.1
833,833,Brimfield,HEF,Herefordshire,0.15,0.15,0.1,0.15,0.1
834,834,Brinklow,WAR,Warwickshire,0.15,0.15,0.1,0.15,0.1
835,835,Brinscall,LAN,Lancashire,0.15,0.15,0.1,0.15,0.1
836,836,Bristol,SOM,Somerset,0.15,0.15,0.1,0.15,0.1
837,837,Bristol,GLS,Gloucestershire,0.15,0.15,0.1,0.15,0.1
838,838,Bristol,,County Of Bristol,0.15,0.15,0.1,0.15,0.1
839,839,Briston,NFK,Norfolk,0.15,0.15,0.1,0.15,0.1
840,840,Briton Ferry,NTL,Neath Port Talbot,0.15,0.15,0.1,0.15,0.1
841,841,Brixham,DEV,Devon,0.15,0.15,0.1,0.15,0.1
842,842,Brixton,DEV,Devon,0.15,0.15,0.1,0.15,0.1
843,843,Brixton,LND,Greater London,0.15,0.15,0.1,0.15,0.1
844,844,Brixworth,NTH,Northamptonshire,0.15,0.15,0.1,0.15,0.1
845,845,Broad Blunsdon,WIL,Wiltshire,0.15,0.15,0.1,0.15,0.1
846,846,Broad Chalke,WIL,Wiltshire,0.15,0.15,0.1,0.15,0.1
847,847,Broad Haven,PEM,Pembrokeshire,0.15,0.15,0.1,0.15,0.1
848,848,Broad Hinton,WIL,Wiltshire,0.15,0.15,0.1,0.15,0.1
849,849,Broadford,HLD,Highland,0.15,0.15,0.1,0.15,0.1
850,850,Broadhempston,DEV,Devon,0.15,0.15,0.1,0.15,0.1
851,851,Broadstairs,KEN,Kent,0.15,0.15,0.1,0.15,0.1
852,852,Broadstone,DOR,Dorset,0.15,0.15,0.1,0.15,0.1
853,853,Broadstone,SHR,Shropshire,0.15,0.15,0.1,0.15,0.1
854,854,Broadwater,WSX,West Sussex,0.15,0.15,0.1,0.15,0.1
855,855,Broadwater,HRT,Hertfordshire,0.15,0.15,0.1,0.15,0.1
856,856,Broadway,SFK,Suffolk,0.15,0.15,0.1,0.15,0.1
857,857,Broadway,WOR,Worcestershire,0.15,0.15,0.1,0.15,0.1
858,858,Broadway,SOM,Somerset,0.15,0.15,0.1,0.15,0.1
859,859,Broadway,CMN,Carmarthenshire,0.15,0.15,0.1,0.15,0.1
860,860,Broadway,PEM,Pembrokeshire,0.15,0.15,0.1,0.15,0.1
861,861,Broadwindsor,DOR,Dorset,0.15,0.15,0.1,0.15,0.1
862,862,Brockenhurst,HAM,Hampshire,0.15,0.15,0.1,0.15,0.1
863,863,Brockhampton,HEF,Herefordshire,0.15,0.15,0.1,0.15,0.1
864,864,Brockley,LND,Greater London,0.15,0.15,0.1,0.15,0.1
865,865,Brodick,NAY,North Ayrshire,0.15,0.15,0.1,0.15,0.1
866,866,Bromfield,CMA,Cumbria,0.15,0.15,0.1,0.15,0.1
867,867,Bromfield,SHR,Shropshire,0.15,0.15,0.1,0.15,0.1
868,868,Bromham,WIL,Wiltshire,0.15,0.15,0.1,0.15,0.1
869,869,Bromham,,Bedfordshire,0.15,0.15,0.1,0.15,0.1
870,870,Bromley,LND,Greater London,0.15,0.15,0.1,0.15,0.1
871,871,Brompton,NYK,North Yorkshire,0.15,0.15,0.1,0.15,0.1
872,872,Brompton,LND,Greater London,0.15,0.15,0.1,0.15,0.1
873,873,Brompton,KEN,Kent,0.15,0.15,0.1,0.15,0.1
874,874,Bromsgrove,WOR,Worcestershire,0.15,0.15,0.1,0.15,0.1
875,875,Bromyard,HEF,Herefordshire,0.15,0.15,0.1,0.15,0.1
876,876,Brooke,RUT,Rutland,0.15,0.15,0.1,0.15,0.1
877,877,Brooke,NFK,Norfolk,0.15,0.15,0.1,0.15,0.1
878,878,Broomfleet,ERY,East Riding Of Yorkshire,0.15,0.15,0.1,0.15,0.1
879,879,Brora,HLD,Highland,0.15,0.15,0.1,0.15,0.1
880,880,Broseley,SHR,Shropshire,0.15,0.15,0.1,0.15,0.1
881,881,Brotton,NYK,North Yorkshire,0.15,0.15,0.1,0.15,0.1
882,882,Brough,ERY,East Riding Of Yorkshire,0.15,0.15,0.1,0.15,0.1
883,883,Brough,CMA,Cumbria,0.15,0.15,0.1,0.15,0.1
884,884,Brough,NTT,Nottinghamshire,0.15,0.15,0.1,0.15,0.1
885,885,Brough,HLD,Highland,0.15,0.15,0.1,0.15,0.1
886,886,Brough,,Orkney Islands,0.15,0.15,0.1,0.15,0.1
887,887,Brough,ZET,Shetland Islands,0.15,0.15,0.1,0.15,0.1
888,888,Broughshane,ANT,County Antrim,0.15,0.15,0.1,0.15,0.1
889,889,Broughton,FLN,Flintshire,0.15,0.15,0.1,0.15,0.1
890,890,Broughton,SCB,Scottish Borders,0.15,0.15,0.1,0.15,0.1
891,891,Broughton,,Orkney Islands,0.15,0.15,0.1,0.15,0.1
892,892,Broughton,,Greater Manchester,0.15,0.15,0.1,0.15,0.1
893,893,Broughton,LAN,Lancashire,0.15,0.15,0.1,0.15,0.1
894,894,Broughton,NTH,Northamptonshire,0.15,0.15,0.1,0.15,0.1
895,895,Broughton,NYK,North Yorkshire,0.15,0.15,0.1,0.15,0.1
896,896,Broughton,VGL,Vale Of Glamorgan,0.15,0.15,0.1,0.15,0.1
897,897,Broughton,LIN,Lincolnshire,0.15,0.15,0.1,0.15,0.1
898,898,Broughton,OXF,Oxfordshire,0.15,0.15,0.1,0.15,0.1
899,899,Broughton,BKM,Buckinghamshire,0.15,0.15,0.1,0.15,0.1
900,900,Broughton,HAM,Hampshire,0.15,0.15,0.1,0.15,0.1
901,901,Broughton Astley,LEC,Leicestershire,0.15,0.15,0.1,0.15,0.1
902,902,Broughton Gifford,WIL,Wiltshire,0.15,0.15,0.1,0.15,0.1
903,903,Broughton Moor,CMA,Cumbria,0.15,0.15,0.1,0.15,0.1
904,904,Broughton in Furness,CMA,Cumbria,0.15,0.15,0.1,0.15,0.1
905,905,Brownhills,FIF,Fife,0.15,0.15,0.1,0.15,0.1
906,906,Brownhills,,West Midlands,0.15,0.15,0.1,0.15,0.1
907,907,Broxbourne,HRT,Hertfordshire,0.15,0.15,0.1,0.15,0.1
908,908,Broxburn,ELN,East Lothian,0.15,0.15,0.1,0.15,0.1
909,909,Broxburn,WLN,West Lothian,0.15,0.15,0.1,0.15,0.1
910,910,Brundall,NFK,Norfolk,0.15,0.15,0.1,0.15,0.1
911,911,Bruton,SOM,Somerset,0.15,0.15,0.1,0.15,0.1
912,912,Brymbo,WRX,Wrexham,0.15,0.15,0.1,0.15,0.1
913,913,Bryn,,Greater Manchester,0.15,0.15,0.1,0.15,0.1
914,914,Bryn,CMN,Carmarthenshire,0.15,0.15,0.1,0.15,0.1
915,915,Bryn,NTL,Neath Port Talbot,0.15,0.15,0.1,0.15,0.1
916,916,Bryn,SHR,Shropshire,0.15,0.15,0.1,0.15,0.1
917,917,Brynamman,CMN,Carmarthenshire,0.15,0.15,0.1,0.15,0.1
918,918,Bryneglwys,DEN,Denbighshire,0.15,0.15,0.1,0.15,0.1
919,919,Brynna,RCT,Rhondda Cynon Taff,0.15,0.15,0.1,0.15,0.1
920,920,Bubbenhall,WAR,Warwickshire,0.15,0.15,0.1,0.15,0.1
921,921,Bubwith,ERY,East Riding Of Yorkshire,0.15,0.15,0.1,0.15,0.1
922,922,Buchlyvie,STG,Stirling,0.15,0.15,0.1,0.15,0.1
923,923,Buckden,NYK,North Yorkshire,0.15,0.15,0.1,0.15,0.1
924,924,Buckfastleigh,DEV,Devon,0.15,0.15,0.1,0.15,0.1
925,925,Buckhaven,FIF,Fife,0.15,0.15,0.1,0.15,0.1
926,926,Buckhurst Hill,ESS,Essex,0.15,0.15,0.1,0.15,0.1
927,927,Buckie,MRY,Moray,0.15,0.15,0.1,0.15,0.1
928,928,Buckingham,BKM,Buckinghamshire,0.15,0.15,0.1,0.15,0.1
929,929,Buckland,SRY,Surrey,0.15,0.15,0.1,0.15,0.1
930,930,Buckland,DEV,Devon,0.15,0.15,0.1,0.15,0.1
931,931,Buckland,BKM,Buckinghamshire,0.15,0.15,0.1,0.15,0.1
932,932,Buckland,GLS,Gloucestershire,0.15,0.15,0.1,0.15,0.1
933,933,Buckland,HRT,Hertfordshire,0.15,0.15,0.1,0.15,0.1
934,934,Buckland,KEN,Kent,0.15,0.15,0.1,0.15,0.1
935,935,Buckland,OXF,Oxfordshire,0.15,0.15,0.1,0.15,0.1
936,936,Buckland Monachorum,DEV,Devon,0.15,0.15,0.1,0.15,0.1
937,937,Bucklesham,SFK,Suffolk,0.15,0.15,0.1,0.15,0.1
938,938,Buckley,FLN,Flintshire,0.15,0.15,0.1,0.15,0.1
939,939,Bucknell,SHR,Shropshire,0.15,0.15,0.1,0.15,0.1
940,940,Bucknell,OXF,Oxfordshire,0.15,0.15,0.1,0.15,0.1
941,941,Bude,CON,Cornwall,0.15,0.15,0.1,0.15,0.1
942,942,Budleigh Salterton,DEV,Devon,0.15,0.15,0.1,0.15,0.1
943,943,Bugbrooke,NTH,Northamptonshire,0.15,0.15,0.1,0.15,0.1
944,944,Bugle,CON,Cornwall,0.15,0.15,0.1,0.15,0.1
945,945,Builth Wells,POW,Powys,0.15,0.15,0.1,0.15,0.1
946,946,Bulford,WIL,Wiltshire,0.15,0.15,0.1,0.15,0.1
947,947,Bulkington,WIL,Wiltshire,0.15,0.15,0.1,0.15,0.1
948,948,Bulkington,WAR,Warwickshire,0.15,0.15,0.1,0.15,0.1
949,949,Bulphan,LND,Greater London,0.15,0.15,0.1,0.15,0.1
950,950,Bunbury,,Cheshire,0.15,0.15,0.1,0.15,0.1
951,951,Bungay,SFK,Suffolk,0.15,0.15,0.1,0.15,0.1
952,952,Buntingford,HRT,Hertfordshire,0.15,0.15,0.1,0.15,0.1
953,953,Bunwell,NFK,Norfolk,0.15,0.15,0.1,0.15,0.1
954,954,Burbage,LEC,Leicestershire,0.15,0.15,0.1,0.15,0.1
955,955,Burbage,WIL,Wiltshire,0.15,0.15,0.1,0.15,0.1
956,956,Burbage,DBY,Derbyshire,0.15,0.15,0.1,0.15,0.1
957,957,Burford,OXF,Oxfordshire,0.15,0.15,0.1,0.15,0.1
958,958,Burgess Hill,WSX,West Sussex,0.15,0.15,0.1,0.15,0.1
959,959,Burgh by Sands,CMA,Cumbria,0.15,0.15,0.1,0.15,0.1
960,960,Burgh le Marsh,LIN,Lincolnshire,0.15,0.15,0.1,0.15,0.1
961,961,Burghead,MRY,Moray,0.15,0.15,0.1,0.15,0.1
962,962,Burham,KEN,Kent,0.15,0.15,0.1,0.15,0.1
963,963,Buriton,HAM,Hampshire,0.15,0.15,0.1,0.15,0.1
964,964,Burley,RUT,Rutland,0.15,0.15,0.1,0.15,0.1
965,965,Burley,HAM,Hampshire,0.15,0.15,0.1,0.15,0.1
966,966,Burnage,,Greater Manchester,0.15,0.15,0.1,0.15,0.1
967,967,Burneside,CMA,Cumbria,0.15,0.15,0.1,0.15,0.1
968,968,Burnham Market,NFK,Norfolk,0.15,0.15,0.1,0.15,0.1
969,969,Burnham-on-Crouch,ESS,Essex,0.15,0.15,0.1,0.15,0.1
970,970,Burnham-on-Sea,SOM,Somerset,0.15,0.15,0.1,0.15,0.1
971,971,Burniston,NYK,North Yorkshire,0.15,0.15,0.1,0.15,0.1
972,972,Burnley,LAN,Lancashire,0.15,0.15,0.1,0.15,0.1
973,973,Burnopfield,DUR,Durham,0.15,0.15,0.1,0.15,0.1
974,974,Burntisland,FIF,Fife,0.15,0.15,0.1,0.15,0.1
975,975,Burntwood,STS,Staffordshire,0.15,0.15,0.1,0.15,0.1
976,976,Burrelton,PKN,Perth And Kinross,0.15,0.15,0.1,0.15,0.1
977,977,Burringham,LIN,Lincolnshire,0.15,0.15,0.1,0.15,0.1
978,978,Burrington,HEF,Herefordshire,0.15,0.15,0.1,0.15,0.1
979,979,Burrington,DEV,Devon,0.15,0.15,0.1,0.15,0.1
980,980,Burry Port,CMN,Carmarthenshire,0.15,0.15,0.1,0.15,0.1
981,981,Burscough,LAN,Lancashire,0.15,0.15,0.1,0.15,0.1
982,982,Bursledon,HAM,Hampshire,0.15,0.15,0.1,0.15,0.1
983,983,Burston,STS,Staffordshire,0.15,0.15,0.1,0.15,0.1
984,984,Burston,NFK,Norfolk,0.15,0.15,0.1,0.15,0.1
985,985,Burstwick,ERY,East Riding Of Yorkshire,0.15,0.15,0.1,0.15,0.1
986,986,Burton,,Cheshire,0.15,0.15,0.1,0.15,0.1
987,987,Burton,SOM,Somerset,0.15,0.15,0.1,0.15,0.1
988,988,Burton,PEM,Pembrokeshire,0.15,0.15,0.1,0.15,0.1
989,989,Burton,LIN,Lincolnshire,0.15,0.15,0.1,0.15,0.1
990,990,Burton,DOR,Dorset,0.15,0.15,0.1,0.15,0.1
991,991,Burton,NBL,Northumberland,0.15,0.15,0.1,0.15,0.1
992,992,Burton,WIL,Wiltshire,0.15,0.15,0.1,0.15,0.1
993,993,Burton Bradstock,DOR,Dorset,0.15,0.15,0.1,0.15,0.1
994,994,Burton Joyce,NTT,Nottinghamshire,0.15,0.15,0.1,0.15,0.1
995,995,Burton Latimer,NTH,Northamptonshire,0.15,0.15,0.1,0.15,0.1
996,996,Burton Leonard,NYK,North Yorkshire,0.15,0.15,0.1,0.15,0.1
997,997,Burton Pidsea,ERY,East Riding Of Yorkshire,0.15,0.15,0.1,0.15,0.1
998,998,Burton in Lonsdale,NYK,North Yorkshire,0.15,0.15,0.1,0.15,0.1
999,999,Burton on the Wolds,LEC,Leicestershire,0.15,0.15,0.1,0.15,0.1
1000,1000,Burton upon Stather,LIN,Lincolnshire,0.15,0.15,0.1,0.15,0.1
1001,1001,Burton upon Trent,STS,Staffordshire,0.15,0.15,0.1,0.15,0.1
1002,1002,Burtonwood,,Cheshire,0.15,0.15,0.1,0.15,0.1
1003,1003,Burwash,ESX,East Sussex,0.15,0.15,0.1,0.15,0.1
1004,1004,Burwash Common,ESX,East Sussex,0.15,0.15,0.1,0.15,0.1
1005,1005,Burwell,CAM,Cambridgeshire,0.15,0.15,0.1,0.15,0.1
1006,1006,Burwell,LIN,Lincolnshire,0.15,0.15,0.1,0.15,0.1
1007,1007,Bury,,Greater Manchester,0.15,0.15,0.1,0.15,0.1
1008,1008,Bury,WSX,West Sussex,0.15,0.15,0.1,0.15,0.1
1009,1009,Bury,SOM,Somerset,0.15,0.15,0.1,0.15,0.1
1010,1010,Bury St Edmunds,SFK,Suffolk,0.15,0.15,0.1,0.15,0.1
1011,1011,Burythorpe,NYK,North Yorkshire,0.15,0.15,0.1,0.15,0.1
1012,1012,Busby,ERW,East Renfrewshire,0.15,0.15,0.1,0.15,0.1
1013,1013,Busby,PKN,Perth And Kinross,0.15,0.15,0.1,0.15,0.1
1014,1014,Bushey,HRT,Hertfordshire,0.15,0.15,0.1,0.15,0.1
1015,1015,Butleigh,SOM,Somerset,0.15,0.15,0.1,0.15,0.1
1016,1016,Butterwick,LIN,Lincolnshire,0.15,0.15,0.1,0.15,0.1
1017,1017,Butterwick,NYK,North Yorkshire,0.15,0.15,0.1,0.15,0.1
1018,1018,Buxted,ESX,East Sussex,0.15,0.15,0.1,0.15,0.1
1019,1019,Buxton,DBY,Derbyshire,0.15,0.15,0.1,0.15,0.1
1020,1020,Buxton,NFK,Norfolk,0.15,0.15,0.1,0.15,0.1
1021,1021,Byers Green,DUR,Durham,0.15,0.15,0.1,0.15,0.1
1022,1022,Byfield,NTH,Northamptonshire,0.15,0.15,0.1,0.15,0.1
1023,1023,Byfleet,SRY,Surrey,0.15,0.15,0.1,0.15,0.1
1024,1024,Caddington,,Bedfordshire,0.15,0.15,0.1,0.15,0.1
1025,1025,Cadnam,HAM,Hampshire,0.15,0.15,0.1,0.15,0.1
1026,1026,Caergwrle,FLN,Flintshire,0.15,0.15,0.1,0.15,0.1
1027,1027,Caernarfon,GWN,Gwynedd,0.15,0.15,0.1,0.15,0.1
1028,1028,Caerphilly,CAY,Caerphilly,0.15,0.15,0.1,0.15,0.1
1029,1029,Caersws,POW,Powys,0.15,0.15,0.1,0.15,0.1
1030,1030,Caerwys,FLN,Flintshire,0.15,0.15,0.1,0.15,0.1
1031,1031,Cairneyhill,FIF,Fife,0.15,0.15,0.1,0.15,0.1
1032,1032,Cairnryan,,Dumfries And Galloway,0.15,0.15,0.1,0.15,0.1
1033,1033,Caister-on-Sea,NFK,Norfolk,0.15,0.15,0.1,0.15,0.1
1034,1034,Caistor,LIN,Lincolnshire,0.15,0.15,0.1,0.15,0.1
1035,1035,Calcot,,Berkshire,0.15,0.15,0.1,0.15,0.1
1036,1036,Calderbank,NLK,North Lanarkshire,0.15,0.15,0.1,0.15,0.1
1037,1037,Caldercruix,NLK,North Lanarkshire,0.15,0.15,0.1,0.15,0.1
1038,1038,California,NFK,Norfolk,0.15,0.15,0.1,0.15,0.1
1039,1039,California,FAL,Falkirk,0.15,0.15,0.1,0.15,0.1
1040,1040,Callander,STG,Stirling,0.15,0.15,0.1,0.15,0.1
1041,1041,Callington,CON,Cornwall,0.15,0.15,0.1,0.15,0.1
1042,1042,Callow,HEF,Herefordshire,0.15,0.15,0.1,0.15,0.1
1043,1043,Callow Hill,WIL,Wiltshire,0.15,0.15,0.1,0.15,0.1
1044,1044,Callow Hill,WOR,Worcestershire,0.15,0.15,0.1,0.15,0.1
1045,1045,Calne,WIL,Wiltshire,0.15,0.15,0.1,0.15,0.1
1046,1046,Calstock,CON,Cornwall,0.15,0.15,0.1,0.15,0.1
1047,1047,Calverton,NTT,Nottinghamshire,0.15,0.15,0.1,0.15,0.1
1048,1048,Calverton,BKM,Buckinghamshire,0.15,0.15,0.1,0.15,0.1
1049,1049,Camber,ESX,East Sussex,0.15,0.15,0.1,0.15,0.1
1050,1050,Camberley,SRY,Surrey,0.15,0.15,0.1,0.15,0.1
1051,1051,Camberwell,LND,Greater London,0.15,0.15,0.1,0.15,0.1
1052,1052,Camblesforth,NYK,North Yorkshire,0.15,0.15,0.1,0.15,0.1
1053,1053,Camborne,CON,Cornwall,0.15,0.15,0.1,0.15,0.1
1054,1054,Cambourne,CAM,Cambridgeshire,0.15,0.15,0.1,0.15,0.1
1055,1055,Cambridge,GLS,Gloucestershire,0.15,0.15,0.1,0.15,0.1
1056,1056,Cambridge,CAM,Cambridgeshire,0.15,0.15,0.1,0.15,0.1
1057,1057,Cambuslang,SLK,South Lanarkshire,0.15,0.15,0.1,0.15,0.1
1058,1058,Camden Town,LND,Greater London,0.15,0.15,0.1,0.15,0.1
1059,1059,Camelford,CON,Cornwall,0.15,0.15,0.1,0.15,0.1
1060,1060,Camerton,CMA,Cumbria,0.15,0.15,0.1,0.15,0.1
1061,1061,Camerton,SOM,Somerset,0.15,0.15,0.1,0.15,0.1
1062,1062,Campbeltown,AGB,Argyll And Bute,0.15,0.15,0.1,0.15,0.1
1063,1063,Campsall,,South Yorkshire,0.15,0.15,0.1,0.15,0.1
1064,1064,Camrose,PEM,Pembrokeshire,0.15,0.15,0.1,0.15,0.1
1065,1065,Canary Wharf,LND,Greater London,0.15,0.15,0.1,0.15,0.1
1066,1066,Canewdon,ESS,Essex,0.15,0.15,0.1,0.15,0.1
1067,1067,Cannock,STS,Staffordshire,0.15,0.15,0.1,0.15,0.1
1068,1068,Canterbury,KEN,Kent,0.15,0.15,0.1,0.15,0.1
1069,1069,Canterbury,ABD,Aberdeenshire,0.15,0.15,0.1,0.15,0.1
1070,1070,Cantley,,South Yorkshire,0.15,0.15,0.1,0.15,0.1
1071,1071,Cantley,NFK,Norfolk,0.15,0.15,0.1,0.15,0.1
1072,1072,Canvey Island,ESS,Essex,0.15,0.15,0.1,0.15,0.1
1073,1073,Caol,HLD,Highland,0.15,0.15,0.1,0.15,0.1
1074,1074,Capel,SRY,Surrey,0.15,0.15,0.1,0.15,0.1
1075,1075,Capel,KEN,Kent,0.15,0.15,0.1,0.15,0.1
1076,1076,Capel le Ferne,KEN,Kent,0.15,0.15,0.1,0.15,0.1
1077,1077,Carbrooke,NFK,Norfolk,0.15,0.15,0.1,0.15,0.1
1078,1078,Carcroft,,South Yorkshire,0.15,0.15,0.1,0.15,0.1
1079,1079,Cardenden,FIF,Fife,0.15,0.15,0.1,0.15,0.1
1080,1080,Cardigan,CGN,Ceredigion,0.15,0.15,0.1,0.15,0.1
1081,1081,Cardington,,Bedfordshire,0.15,0.15,0.1,0.15,0.1
1082,1082,Cardington,SHR,Shropshire,0.15,0.15,0.1,0.15,0.1
1083,1083,Cardross,AGB,Argyll And Bute,0.15,0.15,0.1,0.15,0.1
1084,1084,Cargenbridge,,Dumfries And Galloway,0.15,0.15,0.1,0.15,0.1
1085,1085,Carhampton,SOM,Somerset,0.15,0.15,0.1,0.15,0.1
1086,1086,Carlby,LIN,Lincolnshire,0.15,0.15,0.1,0.15,0.1
1087,1087,Carlisle,CMA,Cumbria,0.15,0.15,0.1,0.15,0.1
1088,1088,Carlton,,Bedfordshire,0.15,0.15,0.1,0.15,0.1
1089,1089,Carlton,,South Yorkshire,0.15,0.15,0.1,0.15,0.1
1090,1090,Carlton,,West Yorkshire,0.15,0.15,0.1,0.15,0.1
1091,1091,Carlton,DUR,Durham,0.15,0.15,0.1,0.15,0.1
1092,1092,Carlton,NTT,Nottinghamshire,0.15,0.15,0.1,0.15,0.1
1093,1093,Carlton,NYK,North Yorkshire,0.15,0.15,0.1,0.15,0.1
1094,1094,Carlton,LEC,Leicestershire,0.15,0.15,0.1,0.15,0.1
1095,1095,Carlton,CAM,Cambridgeshire,0.15,0.15,0.1,0.15,0.1
1096,1096,Carlton,SFK,Suffolk,0.15,0.15,0.1,0.15,0.1
1097,1097,Carluke,SLK,South Lanarkshire,0.15,0.15,0.1,0.15,0.1
1098,1098,Carmarthen,CMN,Carmarthenshire,0.15,0.15,0.1,0.15,0.1
1099,1099,Carmunnock,GLG,Glasgow City,0.15,0.15,0.1,0.15,0.1
1100,1100,Carnaby,ERY,East Riding Of Yorkshire,0.15,0.15,0.1,0.15,0.1
1101,1101,Carnforth,LAN,Lancashire,0.15,0.15,0.1,0.15,0.1
1102,1102,Carno,POW,Powys,0.15,0.15,0.1,0.15,0.1
1103,1103,Carnock,FIF,Fife,0.15,0.15,0.1,0.15,0.1
1104,1104,Carnoustie,ANS,Angus,0.15,0.15,0.1,0.15,0.1
1105,1105,Carnwath,SLK,South Lanarkshire,0.15,0.15,0.1,0.15,0.1
1106,1106,Carrington,LIN,Lincolnshire,0.15,0.15,0.1,0.15,0.1
1107,1107,Carrington,,Greater Manchester,0.15,0.15,0.1,0.15,0.1
1108,1108,Carrington,MLN,Midlothian,0.15,0.15,0.1,0.15,0.1
1109,1109,Carron,AGB,Argyll And Bute,0.15,0.15,0.1,0.15,0.1
1110,1110,Carron,FAL,Falkirk,0.15,0.15,0.1,0.15,0.1
1111,1111,Carron,MRY,Moray,0.15,0.15,0.1,0.15,0.1
1112,1112,Carronshore,FAL,Falkirk,0.15,0.15,0.1,0.15,0.1
1113,1113,Carryduff,,Belfast Greater,0.15,0.15,0.1,0.15,0.1
1114,1114,Carshalton,LND,Greater London,0.15,0.15,0.1,0.15,0.1
1115,1115,Carstairs,SLK,South Lanarkshire,0.15,0.15,0.1,0.15,0.1
1116,1116,Carstairs Junction,SLK,South Lanarkshire,0.15,0.15,0.1,0.15,0.1
1117,1117,Carterton,OXF,Oxfordshire,0.15,0.15,0.1,0.15,0.1
1118,1118,Carway,CMN,Carmarthenshire,0.15,0.15,0.1,0.15,0.1
1119,1119,Cassington,OXF,Oxfordshire,0.15,0.15,0.1,0.15,0.1
1120,1120,Castle Acre,NFK,Norfolk,0.15,0.15,0.1,0.15,0.1
1121,1121,Castle Camps,CAM,Cambridgeshire,0.15,0.15,0.1,0.15,0.1
1122,1122,Castle Cary,SOM,Somerset,0.15,0.15,0.1,0.15,0.1
1123,1123,Castle Donington,LEC,Leicestershire,0.15,0.15,0.1,0.15,0.1
1124,1124,Castle Douglas,,Dumfries And Galloway,0.15,0.15,0.1,0.15,0.1
1125,1125,Castle Hedingham,ESS,Essex,0.15,0.15,0.1,0.15,0.1
1126,1126,Castledawson,DRY,County Londonderry,0.15,0.15,0.1,0.15,0.1
1127,1127,Castleford,,West Yorkshire,0.15,0.15,0.1,0.15,0.1
1128,1128,Castlemartin,PEM,Pembrokeshire,0.15,0.15,0.1,0.15,0.1
1129,1129,Castlereagh,ANT,County Antrim,0.15,0.15,0.1,0.15,0.1
1130,1130,Castlereagh,,Belfast Greater,0.15,0.15,0.1,0.15,0.1
1131,1131,Castlerock,DRY,County Londonderry,0.15,0.15,0.1,0.15,0.1
1132,1132,Castleside,DUR,Durham,0.15,0.15,0.1,0.15,0.1
1133,1133,Castlethorpe,BKM,Buckinghamshire,0.15,0.15,0.1,0.15,0.1
1134,1134,Castletown,,Tyne And Wear,0.15,0.15,0.1,0.15,0.1
1135,1135,Castletown,HLD,Highland,0.15,0.15,0.1,0.15,0.1
1136,1136,Castletown,,Isle Of Man,0.15,0.15,0.1,0.15,0.1
1137,1137,Castor,CAM,Cambridgeshire,0.15,0.15,0.1,0.15,0.1
1138,1138,Catcliffe,,South Yorkshire,0.15,0.15,0.1,0.15,0.1
1139,1139,Caterham,SRY,Surrey,0.15,0.15,0.1,0.15,0.1
1140,1140,Catfield,NFK,Norfolk,0.15,0.15,0.1,0.15,0.1
1141,1141,Catford,LND,Greater London,0.15,0.15,0.1,0.15,0.1
1142,1142,Caton,DEV,Devon,0.15,0.15,0.1,0.15,0.1
1143,1143,Caton,LAN,Lancashire,0.15,0.15,0.1,0.15,0.1
1144,1144,Catrine,EAY,East Ayrshire,0.15,0.15,0.1,0.15,0.1
1145,1145,Catsfield,ESX,East Sussex,0.15,0.15,0.1,0.15,0.1
1146,1146,Catterall,LAN,Lancashire,0.15,0.15,0.1,0.15,0.1
1147,1147,Catterick,NYK,North Yorkshire,0.15,0.15,0.1,0.15,0.1
1148,1148,Cavendish,SFK,Suffolk,0.15,0.15,0.1,0.15,0.1
1149,1149,Cawood,NYK,North Yorkshire,0.15,0.15,0.1,0.15,0.1
1150,1150,Cawston,NFK,Norfolk,0.15,0.15,0.1,0.15,0.1
1151,1151,Cawthorne,,South Yorkshire,0.15,0.15,0.1,0.15,0.1
1152,1152,Caxton,CAM,Cambridgeshire,0.15,0.15,0.1,0.15,0.1
1153,1153,Caythorpe,LIN,Lincolnshire,0.15,0.15,0.1,0.15,0.1
1154,1154,Caythorpe,NTT,Nottinghamshire,0.15,0.15,0.1,0.15,0.1
1155,1155,Cefn Cribwr,BGE,Bridgend,0.15,0.15,0.1,0.15,0.1
1156,1156,Ceres,FIF,Fife,0.15,0.15,0.1,0.15,0.1
1157,1157,Cerne Abbas,DOR,Dorset,0.15,0.15,0.1,0.15,0.1
1158,1158,Chacewater,CON,Cornwall,0.15,0.15,0.1,0.15,0.1
1159,1159,Chacombe,NTH,Northamptonshire,0.15,0.15,0.1,0.15,0.1
1160,1160,Chaddleworth,,Berkshire,0.15,0.15,0.1,0.15,0.1
1161,1161,Chadlington,OXF,Oxfordshire,0.15,0.15,0.1,0.15,0.1
1162,1162,Chadwell St Mary,ESS,Essex,0.15,0.15,0.1,0.15,0.1
1163,1163,Chagford,DEV,Devon,0.15,0.15,0.1,0.15,0.1
1164,1164,Chale,IOW,Isle Of Wight,0.15,0.15,0.1,0.15,0.1
1165,1165,Chalfont St Giles,BKM,Buckinghamshire,0.15,0.15,0.1,0.15,0.1
1166,1166,Chalford,GLS,Gloucestershire,0.15,0.15,0.1,0.15,0.1
1167,1167,Chalgrove,OXF,Oxfordshire,0.15,0.15,0.1,0.15,0.1
1168,1168,Chalton,HAM,Hampshire,0.15,0.15,0.1,0.15,0.1
1169,1169,Chalton,,Bedfordshire,0.15,0.15,0.1,0.15,0.1
1170,1170,Chapel Allerton,SOM,Somerset,0.15,0.15,0.1,0.15,0.1
1171,1171,Chapel Allerton,,West Yorkshire,0.15,0.15,0.1,0.15,0.1
1172,1172,Chapelhall,NLK,North Lanarkshire,0.15,0.15,0.1,0.15,0.1
1173,1173,Chapelton,ANS,Angus,0.15,0.15,0.1,0.15,0.1
1174,1174,Chapelton,SLK,South Lanarkshire,0.15,0.15,0.1,0.15,0.1
1175,1175,Chapeltown,MRY,Moray,0.15,0.15,0.1,0.15,0.1
1176,1176,Chapeltown,,Greater Manchester,0.15,0.15,0.1,0.15,0.1
1177,1177,Chapeltown,CMA,Cumbria,0.15,0.15,0.1,0.15,0.1
1178,1178,Chapeltown,,South Yorkshire,0.15,0.15,0.1,0.15,0.1
1179,1179,Chapmanslade,WIL,Wiltshire,0.15,0.15,0.1,0.15,0.1
1180,1180,Chard,SOM,Somerset,0.15,0.15,0.1,0.15,0.1
1181,1181,Charfield,GLS,Gloucestershire,0.15,0.15,0.1,0.15,0.1
1182,1182,Charing,KEN,Kent,0.15,0.15,0.1,0.15,0.1
1183,1183,Charlbury,OXF,Oxfordshire,0.15,0.15,0.1,0.15,0.1
1184,1184,Charlestown of Aberlour,MRY,Moray,0.15,0.15,0.1,0.15,0.1
1185,1185,Charlesworth,DBY,Derbyshire,0.15,0.15,0.1,0.15,0.1
1186,1186,Charlton,SOM,Somerset,0.15,0.15,0.1,0.15,0.1
1187,1187,Charlton,OXF,Oxfordshire,0.15,0.15,0.1,0.15,0.1
1188,1188,Charlton,NTH,Northamptonshire,0.15,0.15,0.1,0.15,0.1
1189,1189,Charlton,HRT,Hertfordshire,0.15,0.15,0.1,0.15,0.1
1190,1190,Charlton,DOR,Dorset,0.15,0.15,0.1,0.15,0.1
1191,1191,Charlton,HAM,Hampshire,0.15,0.15,0.1,0.15,0.1
1192,1192,Charlton,LND,Greater London,0.15,0.15,0.1,0.15,0.1
1193,1193,Charlton,WOR,Worcestershire,0.15,0.15,0.1,0.15,0.1
1194,1194,Charlton,WSX,West Sussex,0.15,0.15,0.1,0.15,0.1
1195,1195,Charlton,WIL,Wiltshire,0.15,0.15,0.1,0.15,0.1
1196,1196,Charlton,NBL,Northumberland,0.15,0.15,0.1,0.15,0.1
1197,1197,Charlton Kings,GLS,Gloucestershire,0.15,0.15,0.1,0.15,0.1
1198,1198,Charlton Marshall,DOR,Dorset,0.15,0.15,0.1,0.15,0.1
1199,1199,Charlwood,SRY,Surrey,0.15,0.15,0.1,0.15,0.1
1200,1200,Charminster,DOR,Dorset,0.15,0.15,0.1,0.15,0.1
1201,1201,Charmouth,DOR,Dorset,0.15,0.15,0.1,0.15,0.1
1202,1202,Chartham,KEN,Kent,0.15,0.15,0.1,0.15,0.1
1203,1203,Chasetown,STS,Staffordshire,0.15,0.15,0.1,0.15,0.1
1204,1204,Chatburn,LAN,Lancashire,0.15,0.15,0.1,0.15,0.1
1205,1205,Chatham,KEN,Kent,0.15,0.15,0.1,0.15,0.1
1206,1206,Chattenden,KEN,Kent,0.15,0.15,0.1,0.15,0.1
1207,1207,Chatteris,CAM,Cambridgeshire,0.15,0.15,0.1,0.15,0.1
1208,1208,Chawleigh,DEV,Devon,0.15,0.15,0.1,0.15,0.1
1209,1209,Cheadle,STS,Staffordshire,0.15,0.15,0.1,0.15,0.1
1210,1210,Cheadle,,Greater Manchester,0.15,0.15,0.1,0.15,0.1
1211,1211,Cheadle Hulme,,Greater Manchester,0.15,0.15,0.1,0.15,0.1
1212,1212,Cheam,LND,Greater London,0.15,0.15,0.1,0.15,0.1
1213,1213,Chearsley,BKM,Buckinghamshire,0.15,0.15,0.1,0.15,0.1
1214,1214,Chedburgh,SFK,Suffolk,0.15,0.15,0.1,0.15,0.1
1215,1215,Cheddar,SOM,Somerset,0.15,0.15,0.1,0.15,0.1
1216,1216,Cheddington,BKM,Buckinghamshire,0.15,0.15,0.1,0.15,0.1
1217,1217,Cheddleton,STS,Staffordshire,0.15,0.15,0.1,0.15,0.1
1218,1218,Chedworth,GLS,Gloucestershire,0.15,0.15,0.1,0.15,0.1
1219,1219,Cheetham Hill,,Greater Manchester,0.15,0.15,0.1,0.15,0.1
1220,1220,Chelford,,Cheshire,0.15,0.15,0.1,0.15,0.1
1221,1221,Chelmondiston,SFK,Suffolk,0.15,0.15,0.1,0.15,0.1
1222,1222,Chelmsford,ESS,Essex,0.15,0.15,0.1,0.15,0.1
1223,1223,Chelsea,LND,Greater London,0.15,0.15,0.1,0.15,0.1
1224,1224,Cheltenham,GLS,Gloucestershire,0.15,0.15,0.1,0.15,0.1
1225,1225,Cherhill,WIL,Wiltshire,0.15,0.15,0.1,0.15,0.1
1226,1226,Cheriton Bishop,DEV,Devon,0.15,0.15,0.1,0.15,0.1
1227,1227,Cheriton Fitzpaine,DEV,Devon,0.15,0.15,0.1,0.15,0.1
1228,1228,Cherry Burton,ERY,East Riding Of Yorkshire,0.15,0.15,0.1,0.15,0.1
1229,1229,Chertsey,SRY,Surrey,0.15,0.15,0.1,0.15,0.1
1230,1230,Chesham,BKM,Buckinghamshire,0.15,0.15,0.1,0.15,0.1
1231,1231,Cheshunt,HRT,Hertfordshire,0.15,0.15,0.1,0.15,0.1
1232,1232,Chessington,LND,Greater London,0.15,0.15,0.1,0.15,0.1
1233,1233,Chester,,Cheshire,0.15,0.15,0.1,0.15,0.1
1234,1234,Chester-le-Street,DUR,Durham,0.15,0.15,0.1,0.15,0.1
1235,1235,Chesterfield,STS,Staffordshire,0.15,0.15,0.1,0.15,0.1
1236,1236,Chesterfield,DBY,Derbyshire,0.15,0.15,0.1,0.15,0.1
1237,1237,Chesterton,SHR,Shropshire,0.15,0.15,0.1,0.15,0.1
1238,1238,Chesterton,STS,Staffordshire,0.15,0.15,0.1,0.15,0.1
1239,1239,Chesterton,CAM,Cambridgeshire,0.15,0.15,0.1,0.15,0.1
1240,1240,Chesterton,OXF,Oxfordshire,0.15,0.15,0.1,0.15,0.1
1241,1241,Cheswardine,SHR,Shropshire,0.15,0.15,0.1,0.15,0.1
1242,1242,Cheveley,CAM,Cambridgeshire,0.15,0.15,0.1,0.15,0.1
1243,1243,Chicheley,BKM,Buckinghamshire,0.15,0.15,0.1,0.15,0.1
1244,1244,Chichester,WSX,West Sussex,0.15,0.15,0.1,0.15,0.1
1245,1245,Chickerell,DOR,Dorset,0.15,0.15,0.1,0.15,0.1
1246,1246,Chicklade,WIL,Wiltshire,0.15,0.15,0.1,0.15,0.1
1247,1247,Chicksands,,Bedfordshire,0.15,0.15,0.1,0.15,0.1
1248,1248,Chiddingfold,SRY,Surrey,0.15,0.15,0.1,0.15,0.1
1249,1249,Chideock,DOR,Dorset,0.15,0.15,0.1,0.15,0.1
1250,1250,Chieveley,,Berkshire,0.15,0.15,0.1,0.15,0.1
1251,1251,Chigwell,ESS,Essex,0.15,0.15,0.1,0.15,0.1
1252,1252,Chilbolton,HAM,Hampshire,0.15,0.15,0.1,0.15,0.1
1253,1253,Chilcompton,SOM,Somerset,0.15,0.15,0.1,0.15,0.1
1254,1254,Child Okeford,DOR,Dorset,0.15,0.15,0.1,0.15,0.1
1255,1255,Childrey,OXF,Oxfordshire,0.15,0.15,0.1,0.15,0.1
1256,1256,Childswickham,WOR,Worcestershire,0.15,0.15,0.1,0.15,0.1
1257,1257,Chilmark,WIL,Wiltshire,0.15,0.15,0.1,0.15,0.1
1258,1258,Chilthorne Domer,SOM,Somerset,0.15,0.15,0.1,0.15,0.1
1259,1259,Chilton Foliat,WIL,Wiltshire,0.15,0.15,0.1,0.15,0.1
1260,1260,Chilworth,SRY,Surrey,0.15,0.15,0.1,0.15,0.1
1261,1261,Chilworth,HAM,Hampshire,0.15,0.15,0.1,0.15,0.1
1262,1262,Chinley,DBY,Derbyshire,0.15,0.15,0.1,0.15,0.1
1263,1263,Chinnor,OXF,Oxfordshire,0.15,0.15,0.1,0.15,0.1
1264,1264,Chippenham,WIL,Wiltshire,0.15,0.15,0.1,0.15,0.1
1265,1265,Chippenham,CAM,Cambridgeshire,0.15,0.15,0.1,0.15,0.1
1266,1266,Chipping,HRT,Hertfordshire,0.15,0.15,0.1,0.15,0.1
1267,1267,Chipping,LAN,Lancashire,0.15,0.15,0.1,0.15,0.1
1268,1268,Chipping Campden,GLS,Gloucestershire,0.15,0.15,0.1,0.15,0.1
1269,1269,Chipping Norton,OXF,Oxfordshire,0.15,0.15,0.1,0.15,0.1
1270,1270,Chipping Ongar,ESS,Essex,0.15,0.15,0.1,0.15,0.1
1271,1271,Chipping Sodbury,GLS,Gloucestershire,0.15,0.15,0.1,0.15,0.1
1272,1272,Chipping Warden,NTH,Northamptonshire,0.15,0.15,0.1,0.15,0.1
1273,1273,Chirk,WRX,Wrexham,0.15,0.15,0.1,0.15,0.1
1274,1274,Chirnside,SCB,Scottish Borders,0.15,0.15,0.1,0.15,0.1
1275,1275,Chiseldon,WIL,Wiltshire,0.15,0.15,0.1,0.15,0.1
1276,1276,Chislehurst,LND,Greater London,0.15,0.15,0.1,0.15,0.1
1277,1277,Chobham,SRY,Surrey,0.15,0.15,0.1,0.15,0.1
1278,1278,Cholsey,OXF,Oxfordshire,0.15,0.15,0.1,0.15,0.1
1279,1279,Chopwell,,Tyne And Wear,0.15,0.15,0.1,0.15,0.1
1280,1280,Chorley,SHR,Shropshire,0.15,0.15,0.1,0.15,0.1
1281,1281,Chorley,STS,Staffordshire,0.15,0.15,0.1,0.15,0.1
1282,1282,Chorley,LAN,Lancashire,0.15,0.15,0.1,0.15,0.1
1283,1283,Chorley,,Cheshire,0.15,0.15,0.1,0.15,0.1
1284,1284,Chorleywood,HRT,Hertfordshire,0.15,0.15,0.1,0.15,0.1
1285,1285,Chorlton,,Cheshire,0.15,0.15,0.1,0.15,0.1
1286,1286,Christchurch,CAM,Cambridgeshire,0.15,0.15,0.1,0.15,0.1
1287,1287,Christchurch,DOR,Dorset,0.15,0.15,0.1,0.15,0.1
1288,1288,Christchurch,GLS,Gloucestershire,0.15,0.15,0.1,0.15,0.1
1289,1289,Christian Malford,WIL,Wiltshire,0.15,0.15,0.1,0.15,0.1
1290,1290,Christow,DEV,Devon,0.15,0.15,0.1,0.15,0.1
1291,1291,Chryston,NLK,North Lanarkshire,0.15,0.15,0.1,0.15,0.1
1292,1292,Chudleigh,DEV,Devon,0.15,0.15,0.1,0.15,0.1
1293,1293,Chudleigh Knighton,DEV,Devon,0.15,0.15,0.1,0.15,0.1
1294,1294,Chulmleigh,DEV,Devon,0.15,0.15,0.1,0.15,0.1
1295,1295,Church,LAN,Lancashire,0.15,0.15,0.1,0.15,0.1
1296,1296,Church Fenton,NYK,North Yorkshire,0.15,0.15,0.1,0.15,0.1
1297,1297,Church Stretton,SHR,Shropshire,0.15,0.15,0.1,0.15,0.1
1298,1298,Churchdown,GLS,Gloucestershire,0.15,0.15,0.1,0.15,0.1
1299,1299,Churchill,WOR,Worcestershire,0.15,0.15,0.1,0.15,0.1
1300,1300,Churchill,OXF,Oxfordshire,0.15,0.15,0.1,0.15,0.1
1301,1301,Churt,SRY,Surrey,0.15,0.15,0.1,0.15,0.1
1302,1302,Chwilog,GWN,Gwynedd,0.15,0.15,0.1,0.15,0.1
1303,1303,Cilgerran,PEM,Pembrokeshire,0.15,0.15,0.1,0.15,0.1
1304,1304,Cinderford,GLS,Gloucestershire,0.15,0.15,0.1,0.15,0.1
1305,1305,Cirencester,GLS,Gloucestershire,0.15,0.15,0.1,0.15,0.1
1306,1306,City of Westminster,LND,Greater London,0.15,0.15,0.1,0.15,0.1
1307,1307,Clackmannan,CLK,Clackmannanshire,0.15,0.15,0.1,0.15,0.1
1308,1308,Clacton-on-Sea,ESS,Essex,0.15,0.15,0.1,0.15,0.1
1309,1309,Clanfield,HAM,Hampshire,0.15,0.15,0.1,0.15,0.1
1310,1310,Clanfield,OXF,Oxfordshire,0.15,0.15,0.1,0.15,0.1
1311,1311,Clapham,WSX,West Sussex,0.15,0.15,0.1,0.15,0.1
1312,1312,Clapham,LND,Greater London,0.15,0.15,0.1,0.15,0.1
1313,1313,Clapham,NYK,North Yorkshire,0.15,0.15,0.1,0.15,0.1
1314,1314,Clapham,,Bedfordshire,0.15,0.15,0.1,0.15,0.1
1315,1315,Clarborough,NTT,Nottinghamshire,0.15,0.15,0.1,0.15,0.1
1316,1316,Clare,SFK,Suffolk,0.15,0.15,0.1,0.15,0.1
1317,1317,Clare,ARM,County Armagh,0.15,0.15,0.1,0.15,0.1
1318,1318,Clare,,County Tyrone,0.15,0.15,0.1,0.15,0.1
1319,1319,Clarkston,ERW,East Renfrewshire,0.15,0.15,0.1,0.15,0.1
1320,1320,Claverdon,WAR,Warwickshire,0.15,0.15,0.1,0.15,0.1
1321,1321,Clavering,ESS,Essex,0.15,0.15,0.1,0.15,0.1
1322,1322,Claverley,SHR,Shropshire,0.15,0.15,0.1,0.15,0.1
1323,1323,Claybrooke Magna,LEC,Leicestershire,0.15,0.15,0.1,0.15,0.1
1324,1324,Claydon,SFK,Suffolk,0.15,0.15,0.1,0.15,0.1
1325,1325,Claydon,NTH,Northamptonshire,0.15,0.15,0.1,0.15,0.1
1326,1326,Claypole,LIN,Lincolnshire,0.15,0.15,0.1,0.15,0.1
1327,1327,Clayton,STS,Staffordshire,0.15,0.15,0.1,0.15,0.1
1328,1328,Clayton,WSX,West Sussex,0.15,0.15,0.1,0.15,0.1
1329,1329,Clayton,,West Yorkshire,0.15,0.15,0.1,0.15,0.1
1330,1330,Clayton,,South Yorkshire,0.15,0.15,0.1,0.15,0.1
1331,1331,Clayton West,,West Yorkshire,0.15,0.15,0.1,0.15,0.1
1332,1332,Clayton-le-Woods,LAN,Lancashire,0.15,0.15,0.1,0.15,0.1
1333,1333,Cleator Moor,CMA,Cumbria,0.15,0.15,0.1,0.15,0.1
1334,1334,Cleckheaton,,West Yorkshire,0.15,0.15,0.1,0.15,0.1
1335,1335,Cleethorpes,LIN,Lincolnshire,0.15,0.15,0.1,0.15,0.1
1336,1336,Cleeve Prior,WOR,Worcestershire,0.15,0.15,0.1,0.15,0.1
1337,1337,Cleland,NLK,North Lanarkshire,0.15,0.15,0.1,0.15,0.1
1338,1338,Clenchwarton,NFK,Norfolk,0.15,0.15,0.1,0.15,0.1
1339,1339,Cleobury Mortimer,SHR,Shropshire,0.15,0.15,0.1,0.15,0.1
1340,1340,Clerkenwell,LND,Greater London,0.15,0.15,0.1,0.15,0.1
1341,1341,Clevedon,SOM,Somerset,0.15,0.15,0.1,0.15,0.1
1342,1342,Cleveleys,LAN,Lancashire,0.15,0.15,0.1,0.15,0.1
1343,1343,Cliffe,KEN,Kent,0.15,0.15,0.1,0.15,0.1
1344,1344,Cliffe,NYK,North Yorkshire,0.15,0.15,0.1,0.15,0.1
1345,1345,Clifford,,West Yorkshire,0.15,0.15,0.1,0.15,0.1
1346,1346,Clifford,HEF,Herefordshire,0.15,0.15,0.1,0.15,0.1
1347,1347,Clifton,OXF,Oxfordshire,0.15,0.15,0.1,0.15,0.1
1348,1348,Clifton,STG,Stirling,0.15,0.15,0.1,0.15,0.1
1349,1349,Clifton,,Bedfordshire,0.15,0.15,0.1,0.15,0.1
1350,1350,Clifton,LAN,Lancashire,0.15,0.15,0.1,0.15,0.1
1351,1351,Clifton,NTT,Nottinghamshire,0.15,0.15,0.1,0.15,0.1
1352,1352,Clifton,CMA,Cumbria,0.15,0.15,0.1,0.15,0.1
1353,1353,Clifton,NBL,Northumberland,0.15,0.15,0.1,0.15,0.1
1354,1354,Clifton,WOR,Worcestershire,0.15,0.15,0.1,0.15,0.1
1355,1355,Clifton,,County Of Bristol,0.15,0.15,0.1,0.15,0.1
1356,1356,Clifton,DBY,Derbyshire,0.15,0.15,0.1,0.15,0.1
1357,1357,Clifton Campville,STS,Staffordshire,0.15,0.15,0.1,0.15,0.1
1358,1358,Clifton upon Teme,WOR,Worcestershire,0.15,0.15,0.1,0.15,0.1
1359,1359,Clipsham,RUT,Rutland,0.15,0.15,0.1,0.15,0.1
1360,1360,Clipston,NTH,Northamptonshire,0.15,0.15,0.1,0.15,0.1
1361,1361,Clitheroe,LAN,Lancashire,0.15,0.15,0.1,0.15,0.1
1362,1362,Clive,SHR,Shropshire,0.15,0.15,0.1,0.15,0.1
1363,1363,Clophill,,Bedfordshire,0.15,0.15,0.1,0.15,0.1
1364,1364,Cloughton,NYK,North Yorkshire,0.15,0.15,0.1,0.15,0.1
1365,1365,Clowne,DBY,Derbyshire,0.15,0.15,0.1,0.15,0.1
1366,1366,Clun,SHR,Shropshire,0.15,0.15,0.1,0.15,0.1
1367,1367,Clutton,,Cheshire,0.15,0.15,0.1,0.15,0.1
1368,1368,Clydach,MON,Monmouthshire,0.15,0.15,0.1,0.15,0.1
1369,1369,Clydach,SWA,Swansea,0.15,0.15,0.1,0.15,0.1
1370,1370,Clydach Vale,RCT,Rhondda Cynon Taff,0.15,0.15,0.1,0.15,0.1
1371,1371,Clydebank,,West Dunbart,0.15,0.15,0.1,0.15,0.1
1372,1372,Clyro,POW,Powys,0.15,0.15,0.1,0.15,0.1
1373,1373,Clyst St Mary,DEV,Devon,0.15,0.15,0.1,0.15,0.1
1374,1374,Coalburn,SLK,South Lanarkshire,0.15,0.15,0.1,0.15,0.1
1375,1375,Coalisland,,County Tyrone,0.15,0.15,0.1,0.15,0.1
1376,1376,Coalsnaughton,CLK,Clackmannanshire,0.15,0.15,0.1,0.15,0.1
1377,1377,Coaltown of Balgonie,FIF,Fife,0.15,0.15,0.1,0.15,0.1
1378,1378,Coaltown of Wemyss,FIF,Fife,0.15,0.15,0.1,0.15,0.1
1379,1379,Coalville,LEC,Leicestershire,0.15,0.15,0.1,0.15,0.1
1380,1380,Coatbridge,NLK,North Lanarkshire,0.15,0.15,0.1,0.15,0.1
1381,1381,Coates,WSX,West Sussex,0.15,0.15,0.1,0.15,0.1
1382,1382,Coates,CAM,Cambridgeshire,0.15,0.15,0.1,0.15,0.1
1383,1383,Coates,GLS,Gloucestershire,0.15,0.15,0.1,0.15,0.1
1384,1384,Coatham Mundeville,DUR,Durham,0.15,0.15,0.1,0.15,0.1
1385,1385,Cobham,SRY,Surrey,0.15,0.15,0.1,0.15,0.1
1386,1386,Cobham,KEN,Kent,0.15,0.15,0.1,0.15,0.1
1387,1387,Cockermouth,CMA,Cumbria,0.15,0.15,0.1,0.15,0.1
1388,1388,Cockfield,SFK,Suffolk,0.15,0.15,0.1,0.15,0.1
1389,1389,Cockfield,DUR,Durham,0.15,0.15,0.1,0.15,0.1
1390,1390,Cockington,DEV,Devon,0.15,0.15,0.1,0.15,0.1
1391,1391,Cockshutt,SHR,Shropshire,0.15,0.15,0.1,0.15,0.1
1392,1392,Coddenham,SFK,Suffolk,0.15,0.15,0.1,0.15,0.1
1393,1393,Coddington,HEF,Herefordshire,0.15,0.15,0.1,0.15,0.1
1394,1394,Coddington,NTT,Nottinghamshire,0.15,0.15,0.1,0.15,0.1
1395,1395,Coddington,,Cheshire,0.15,0.15,0.1,0.15,0.1
1396,1396,Codicote,HRT,Hertfordshire,0.15,0.15,0.1,0.15,0.1
1397,1397,Codsall,STS,Staffordshire,0.15,0.15,0.1,0.15,0.1
1398,1398,Coedpoeth,WRX,Wrexham,0.15,0.15,0.1,0.15,0.1
1399,1399,Coelbren,POW,Powys,0.15,0.15,0.1,0.15,0.1
1400,1400,Cogenhoe,NTH,Northamptonshire,0.15,0.15,0.1,0.15,0.1
1401,1401,Coggeshall,ESS,Essex,0.15,0.15,0.1,0.15,0.1
1402,1402,Coity,BGE,Bridgend,0.15,0.15,0.1,0.15,0.1
1403,1403,Colchester,ESS,Essex,0.15,0.15,0.1,0.15,0.1
1404,1404,Cold Ash,,Berkshire,0.15,0.15,0.1,0.15,0.1
1405,1405,Cold Ashton,GLS,Gloucestershire,0.15,0.15,0.1,0.15,0.1
1406,1406,Cold Norton,ESS,Essex,0.15,0.15,0.1,0.15,0.1
1407,1407,Colden Common,HAM,Hampshire,0.15,0.15,0.1,0.15,0.1
1408,1408,Coldingham,SCB,Scottish Borders,0.15,0.15,0.1,0.15,0.1
1409,1409,Coldstream,SCB,Scottish Borders,0.15,0.15,0.1,0.15,0.1
1410,1410,Coldwaltham,WSX,West Sussex,0.15,0.15,0.1,0.15,0.1
1411,1411,Coleford,SOM,Somerset,0.15,0.15,0.1,0.15,0.1
1412,1412,Coleford,GLS,Gloucestershire,0.15,0.15,0.1,0.15,0.1
1413,1413,Coleford,DEV,Devon,0.15,0.15,0.1,0.15,0.1
1414,1414,Colerne,WIL,Wiltshire,0.15,0.15,0.1,0.15,0.1
1415,1415,Colinton,,City Of Edinburgh,0.15,0.15,0.1,0.15,0.1
1416,1416,Colkirk,NFK,Norfolk,0.15,0.15,0.1,0.15,0.1
1417,1417,Collier Row,LND,Greater London,0.15,0.15,0.1,0.15,0.1
1418,1418,Collingbourne Ducis,WIL,Wiltshire,0.15,0.15,0.1,0.15,0.1
1419,1419,Collingbourne Kingston,WIL,Wiltshire,0.15,0.15,0.1,0.15,0.1
1420,1420,Collingham,NTT,Nottinghamshire,0.15,0.15,0.1,0.15,0.1
1421,1421,Collingham,,West Yorkshire,0.15,0.15,0.1,0.15,0.1
1422,1422,Collington,HEF,Herefordshire,0.15,0.15,0.1,0.15,0.1
1423,1423,Collyweston,NTH,Northamptonshire,0.15,0.15,0.1,0.15,0.1
1424,1424,Colmworth,,Bedfordshire,0.15,0.15,0.1,0.15,0.1
1425,1425,Colne,LAN,Lancashire,0.15,0.15,0.1,0.15,0.1
1426,1426,Colsterworth,LIN,Lincolnshire,0.15,0.15,0.1,0.15,0.1
1427,1427,Coltishall,NFK,Norfolk,0.15,0.15,0.1,0.15,0.1
1428,1428,Colwich,STS,Staffordshire,0.15,0.15,0.1,0.15,0.1
1429,1429,Colwyn Bay,CWY,Conwy,0.15,0.15,0.1,0.15,0.1
1430,1430,Colyton,DEV,Devon,0.15,0.15,0.1,0.15,0.1
1431,1431,Combe Martin,DEV,Devon,0.15,0.15,0.1,0.15,0.1
1432,1432,Comberton,SHR,Shropshire,0.15,0.15,0.1,0.15,0.1
1433,1433,Comberton,CAM,Cambridgeshire,0.15,0.15,0.1,0.15,0.1
1434,1434,Compton,HAM,Hampshire,0.15,0.15,0.1,0.15,0.1
1435,1435,Compton,DEV,Devon,0.15,0.15,0.1,0.15,0.1
1436,1436,Compton,WSX,West Sussex,0.15,0.15,0.1,0.15,0.1
1437,1437,Compton,SRY,Surrey,0.15,0.15,0.1,0.15,0.1
1438,1438,Compton,,Berkshire,0.15,0.15,0.1,0.15,0.1
1439,1439,Comrie,PKN,Perth And Kinross,0.15,0.15,0.1,0.15,0.1
1440,1440,Condover,SHR,Shropshire,0.15,0.15,0.1,0.15,0.1
1441,1441,Congleton,,Cheshire,0.15,0.15,0.1,0.15,0.1
1442,1442,Coningsby,LIN,Lincolnshire,0.15,0.15,0.1,0.15,0.1
1443,1443,Conisbrough,,South Yorkshire,0.15,0.15,0.1,0.15,0.1
1444,1444,Coniston,ERY,East Riding Of Yorkshire,0.15,0.15,0.1,0.15,0.1
1445,1445,Coniston,CMA,Cumbria,0.15,0.15,0.1,0.15,0.1
1446,1446,Conon Bridge,HLD,Highland,0.15,0.15,0.1,0.15,0.1
1447,1447,Cononley,NYK,North Yorkshire,0.15,0.15,0.1,0.15,0.1
1448,1448,Consett,DUR,Durham,0.15,0.15,0.1,0.15,0.1
1449,1449,Constantine,CON,Cornwall,0.15,0.15,0.1,0.15,0.1
1450,1450,Conwy,CWY,Conwy,0.15,0.15,0.1,0.15,0.1
1451,1451,Cookham,,Berkshire,0.15,0.15,0.1,0.15,0.1
1452,1452,Cookley,WOR,Worcestershire,0.15,0.15,0.1,0.15,0.1
1453,1453,Cookley,SFK,Suffolk,0.15,0.15,0.1,0.15,0.1
1454,1454,Cooling,KEN,Kent,0.15,0.15,0.1,0.15,0.1
1455,1455,Cople,,Bedfordshire,0.15,0.15,0.1,0.15,0.1
1456,1456,Copplestone,DEV,Devon,0.15,0.15,0.1,0.15,0.1
1457,1457,Coppull,LAN,Lancashire,0.15,0.15,0.1,0.15,0.1
1458,1458,Copthorne,WSX,West Sussex,0.15,0.15,0.1,0.15,0.1
1459,1459,Corbridge,NBL,Northumberland,0.15,0.15,0.1,0.15,0.1
1460,1460,Corby,NTH,Northamptonshire,0.15,0.15,0.1,0.15,0.1
1461,1461,Corby Glen,LIN,Lincolnshire,0.15,0.15,0.1,0.15,0.1
1462,1462,Corfe Castle,DOR,Dorset,0.15,0.15,0.1,0.15,0.1
1463,1463,Cornholme,,West Yorkshire,0.15,0.15,0.1,0.15,0.1
1464,1464,Corpusty,NFK,Norfolk,0.15,0.15,0.1,0.15,0.1
1465,1465,Corris,GWN,Gwynedd,0.15,0.15,0.1,0.15,0.1
1466,1466,Corse,ABD,Aberdeenshire,0.15,0.15,0.1,0.15,0.1
1467,1467,Corsham,WIL,Wiltshire,0.15,0.15,0.1,0.15,0.1
1468,1468,Corsley,WIL,Wiltshire,0.15,0.15,0.1,0.15,0.1
1469,1469,Corston,WIL,Wiltshire,0.15,0.15,0.1,0.15,0.1
1470,1470,Corston,SOM,Somerset,0.15,0.15,0.1,0.15,0.1
1471,1471,Cosby,LEC,Leicestershire,0.15,0.15,0.1,0.15,0.1
1472,1472,Cosgrove,NTH,Northamptonshire,0.15,0.15,0.1,0.15,0.1
1473,1473,Cosham,HAM,Hampshire,0.15,0.15,0.1,0.15,0.1
1474,1474,Cosheston,PEM,Pembrokeshire,0.15,0.15,0.1,0.15,0.1
1475,1475,Cossington,LEC,Leicestershire,0.15,0.15,0.1,0.15,0.1
1476,1476,Cossington,SOM,Somerset,0.15,0.15,0.1,0.15,0.1
1477,1477,Costessey,NFK,Norfolk,0.15,0.15,0.1,0.15,0.1
1478,1478,Cotgrave,NTT,Nottinghamshire,0.15,0.15,0.1,0.15,0.1
1479,1479,Cotheridge,WOR,Worcestershire,0.15,0.15,0.1,0.15,0.1
1480,1480,Cotherstone,DUR,Durham,0.15,0.15,0.1,0.15,0.1
1481,1481,Coton,NTH,Northamptonshire,0.15,0.15,0.1,0.15,0.1
1482,1482,Coton,CAM,Cambridgeshire,0.15,0.15,0.1,0.15,0.1
1483,1483,Coton,STS,Staffordshire,0.15,0.15,0.1,0.15,0.1
1484,1484,Coton in the Elms,DBY,Derbyshire,0.15,0.15,0.1,0.15,0.1
1485,1485,Cottenham,CAM,Cambridgeshire,0.15,0.15,0.1,0.15,0.1
1486,1486,Cottesmore,RUT,Rutland,0.15,0.15,0.1,0.15,0.1
1487,1487,Cottingham,ERY,East Riding Of Yorkshire,0.15,0.15,0.1,0.15,0.1
1488,1488,Cottingham,NTH,Northamptonshire,0.15,0.15,0.1,0.15,0.1
1489,1489,Cotton End,,Bedfordshire,0.15,0.15,0.1,0.15,0.1
1490,1490,Coulsdon,LND,Greater London,0.15,0.15,0.1,0.15,0.1
1491,1491,Coundon,DUR,Durham,0.15,0.15,0.1,0.15,0.1
1492,1492,Coupar Angus,PKN,Perth And Kinross,0.15,0.15,0.1,0.15,0.1
1493,1493,Cove,DEV,Devon,0.15,0.15,0.1,0.15,0.1
1494,1494,Cove,HAM,Hampshire,0.15,0.15,0.1,0.15,0.1
1495,1495,Cove,AGB,Argyll And Bute,0.15,0.15,0.1,0.15,0.1
1496,1496,Cove,HLD,Highland,0.15,0.15,0.1,0.15,0.1
1497,1497,Cove,SCB,Scottish Borders,0.15,0.15,0.1,0.15,0.1
1498,1498,Coven,STS,Staffordshire,0.15,0.15,0.1,0.15,0.1
1499,1499,Coventry,,West Midlands,0.15,0.15,0.1,0.15,0.1
1500,1500,Cowbit,LIN,Lincolnshire,0.15,0.15,0.1,0.15,0.1
1501,1501,Cowbridge,VGL,Vale Of Glamorgan,0.15,0.15,0.1,0.15,0.1
1502,1502,Cowdenbeath,FIF,Fife,0.15,0.15,0.1,0.15,0.1
1503,1503,Cowes,IOW,Isle Of Wight,0.15,0.15,0.1,0.15,0.1
1504,1504,Cowfold,WSX,West Sussex,0.15,0.15,0.1,0.15,0.1
1505,1505,Cowie,STG,Stirling,0.15,0.15,0.1,0.15,0.1
1506,1506,Cowley,OXF,Oxfordshire,0.15,0.15,0.1,0.15,0.1
1507,1507,Cowley,GLS,Gloucestershire,0.15,0.15,0.1,0.15,0.1
1508,1508,Cowley,LND,Greater London,0.15,0.15,0.1,0.15,0.1
1509,1509,Cowley,DEV,Devon,0.15,0.15,0.1,0.15,0.1
1510,1510,Cowplain,HAM,Hampshire,0.15,0.15,0.1,0.15,0.1
1511,1511,Coxhoe,DUR,Durham,0.15,0.15,0.1,0.15,0.1
1512,1512,Coylton,SAY,South Ayrshire,0.15,0.15,0.1,0.15,0.1
1513,1513,Crail,FIF,Fife,0.15,0.15,0.1,0.15,0.1
1514,1514,Cramlington,NBL,Northumberland,0.15,0.15,0.1,0.15,0.1
1515,1515,Cranborne,DOR,Dorset,0.15,0.15,0.1,0.15,0.1
1516,1516,Cranbrook,KEN,Kent,0.15,0.15,0.1,0.15,0.1
1517,1517,Cranfield,,Bedfordshire,0.15,0.15,0.1,0.15,0.1
1518,1518,Cranham,LND,Greater London,0.15,0.15,0.1,0.15,0.1
1519,1519,Cranham,GLS,Gloucestershire,0.15,0.15,0.1,0.15,0.1
1520,1520,Cranleigh,SRY,Surrey,0.15,0.15,0.1,0.15,0.1
1521,1521,Crantock,CON,Cornwall,0.15,0.15,0.1,0.15,0.1
1522,1522,Cranwell,LIN,Lincolnshire,0.15,0.15,0.1,0.15,0.1
1523,1523,Craven Arms,SHR,Shropshire,0.15,0.15,0.1,0.15,0.1
1524,1524,Crawley,WSX,West Sussex,0.15,0.15,0.1,0.15,0.1
1525,1525,Crawley,HAM,Hampshire,0.15,0.15,0.1,0.15,0.1
1526,1526,Crawley,OXF,Oxfordshire,0.15,0.15,0.1,0.15,0.1
1527,1527,Crawley Down,WSX,West Sussex,0.15,0.15,0.1,0.15,0.1
1528,1528,Cray,NYK,North Yorkshire,0.15,0.15,0.1,0.15,0.1
1529,1529,Cray,PKN,Perth And Kinross,0.15,0.15,0.1,0.15,0.1
1530,1530,Cray,POW,Powys,0.15,0.15,0.1,0.15,0.1
1531,1531,Credenhill,HEF,Herefordshire,0.15,0.15,0.1,0.15,0.1
1532,1532,Crediton,DEV,Devon,0.15,0.15,0.1,0.15,0.1
1533,1533,Creetown,,Dumfries And Galloway,0.15,0.15,0.1,0.15,0.1
1534,1534,Cressage,SHR,Shropshire,0.15,0.15,0.1,0.15,0.1
1535,1535,Cresswell,NBL,Northumberland,0.15,0.15,0.1,0.15,0.1
1536,1536,Cresswell,STS,Staffordshire,0.15,0.15,0.1,0.15,0.1
1537,1537,Cresswell,PEM,Pembrokeshire,0.15,0.15,0.1,0.15,0.1
1538,1538,Creswell,DBY,Derbyshire,0.15,0.15,0.1,0.15,0.1
1539,1539,Crewe,,Cheshire,0.15,0.15,0.1,0.15,0.1
1540,1540,Crewkerne,SOM,Somerset,0.15,0.15,0.1,0.15,0.1
1541,1541,Criccieth,GWN,Gwynedd,0.15,0.15,0.1,0.15,0.1
1542,1542,Crick,NTH,Northamptonshire,0.15,0.15,0.1,0.15,0.1
1543,1543,Crickhowell,POW,Powys,0.15,0.15,0.1,0.15,0.1
1544,1544,Cricklade,WIL,Wiltshire,0.15,0.15,0.1,0.15,0.1
1545,1545,Crieff,PKN,Perth And Kinross,0.15,0.15,0.1,0.15,0.1
1546,1546,Crigglestone,,West Yorkshire,0.15,0.15,0.1,0.15,0.1
1547,1547,Crimond,ABD,Aberdeenshire,0.15,0.15,0.1,0.15,0.1
1548,1548,Cringleford,NFK,Norfolk,0.15,0.15,0.1,0.15,0.1
1549,1549,Croeserw,NTL,Neath Port Talbot,0.15,0.15,0.1,0.15,0.1
1550,1550,Croft,,Cheshire,0.15,0.15,0.1,0.15,0.1
1551,1551,Croft,LEC,Leicestershire,0.15,0.15,0.1,0.15,0.1
1552,1552,Croft,LIN,Lincolnshire,0.15,0.15,0.1,0.15,0.1
1553,1553,Crofton,WIL,Wiltshire,0.15,0.15,0.1,0.15,0.1
1554,1554,Crofton,,West Yorkshire,0.15,0.15,0.1,0.15,0.1
1555,1555,Crofty,SWA,Swansea,0.15,0.15,0.1,0.15,0.1
1556,1556,Cromarty,HLD,Highland,0.15,0.15,0.1,0.15,0.1
1557,1557,Cromer,NFK,Norfolk,0.15,0.15,0.1,0.15,0.1
1558,1558,Cromer,HRT,Hertfordshire,0.15,0.15,0.1,0.15,0.1
1559,1559,Cromford,DBY,Derbyshire,0.15,0.15,0.1,0.15,0.1
1560,1560,Crondall,HAM,Hampshire,0.15,0.15,0.1,0.15,0.1
1561,1561,Crook,CMA,Cumbria,0.15,0.15,0.1,0.15,0.1
1562,1562,Crook,DUR,Durham,0.15,0.15,0.1,0.15,0.1
1563,1563,Crook of Devon,PKN,Perth And Kinross,0.15,0.15,0.1,0.15,0.1
1564,1564,Cropredy,OXF,Oxfordshire,0.15,0.15,0.1,0.15,0.1
1565,1565,Cropwell Bishop,NTT,Nottinghamshire,0.15,0.15,0.1,0.15,0.1
1566,1566,Crosby,,Isle Of Man,0.15,0.15,0.1,0.15,0.1
1567,1567,Crosby,,Merseyside,0.15,0.15,0.1,0.15,0.1
1568,1568,Crosby,LIN,Lincolnshire,0.15,0.15,0.1,0.15,0.1
1569,1569,Crosby,CMA,Cumbria,0.15,0.15,0.1,0.15,0.1
1570,1570,Croscombe,SOM,Somerset,0.15,0.15,0.1,0.15,0.1
1571,1571,Cross Hands,CMN,Carmarthenshire,0.15,0.15,0.1,0.15,0.1
1572,1572,Cross Hands,PEM,Pembrokeshire,0.15,0.15,0.1,0.15,0.1
1573,1573,Cross Hills,NYK,North Yorkshire,0.15,0.15,0.1,0.15,0.1
1574,1574,Crossford,,Dumfries And Galloway,0.15,0.15,0.1,0.15,0.1
1575,1575,Crossford,FIF,Fife,0.15,0.15,0.1,0.15,0.1
1576,1576,Crossford,SLK,South Lanarkshire,0.15,0.15,0.1,0.15,0.1
1577,1577,Crossgar,DOW,County Down,0.15,0.15,0.1,0.15,0.1
1578,1578,Crossgates,POW,Powys,0.15,0.15,0.1,0.15,0.1
1579,1579,Crossgates,PKN,Perth And Kinross,0.15,0.15,0.1,0.15,0.1
1580,1580,Crossgates,,West Yorkshire,0.15,0.15,0.1,0.15,0.1
1581,1581,Crossgates,FIF,Fife,0.15,0.15,0.1,0.15,0.1
1582,1582,Crosshouse,EAY,East Ayrshire,0.15,0.15,0.1,0.15,0.1
1583,1583,Crossmaglen,ARM,County Armagh,0.15,0.15,0.1,0.15,0.1
1584,1584,Croston,LAN,Lancashire,0.15,0.15,0.1,0.15,0.1
1585,1585,Crouch End,LND,Greater London,0.15,0.15,0.1,0.15,0.1
1586,1586,Croughton,NTH,Northamptonshire,0.15,0.15,0.1,0.15,0.1
1587,1587,Crow Hill,HEF,Herefordshire,0.15,0.15,0.1,0.15,0.1
1588,1588,Crowborough,ESX,East Sussex,0.15,0.15,0.1,0.15,0.1
1589,1589,Crowhurst,SRY,Surrey,0.15,0.15,0.1,0.15,0.1
1590,1590,Crowhurst,ESX,East Sussex,0.15,0.15,0.1,0.15,0.1
1591,1591,Crowland,SFK,Suffolk,0.15,0.15,0.1,0.15,0.1
1592,1592,Crowland,LIN,Lincolnshire,0.15,0.15,0.1,0.15,0.1
1593,1593,Crowle,LIN,Lincolnshire,0.15,0.15,0.1,0.15,0.1
1594,1594,Crowle,WOR,Worcestershire,0.15,0.15,0.1,0.15,0.1
1595,1595,Crowthorne,,Berkshire,0.15,0.15,0.1,0.15,0.1
1596,1596,Croxdale,DUR,Durham,0.15,0.15,0.1,0.15,0.1
1597,1597,Croxton,STS,Staffordshire,0.15,0.15,0.1,0.15,0.1
1598,1598,Croxton,CAM,Cambridgeshire,0.15,0.15,0.1,0.15,0.1
1599,1599,Croxton,LIN,Lincolnshire,0.15,0.15,0.1,0.15,0.1
1600,1600,Croxton,NFK,Norfolk,0.15,0.15,0.1,0.15,0.1
1601,1601,Croxton Kerrial,LEC,Leicestershire,0.15,0.15,0.1,0.15,0.1
1602,1602,Croy,HLD,Highland,0.15,0.15,0.1,0.15,0.1
1603,1603,Croy,NLK,North Lanarkshire,0.15,0.15,0.1,0.15,0.1
1604,1604,Croyde,DEV,Devon,0.15,0.15,0.1,0.15,0.1
1605,1605,Croydon,LND,Greater London,0.15,0.15,0.1,0.15,0.1
1606,1606,Croydon,CAM,Cambridgeshire,0.15,0.15,0.1,0.15,0.1
1607,1607,Cruden Bay,ABD,Aberdeenshire,0.15,0.15,0.1,0.15,0.1
1608,1608,Crudwell,WIL,Wiltshire,0.15,0.15,0.1,0.15,0.1
1609,1609,Crundale,KEN,Kent,0.15,0.15,0.1,0.15,0.1
1610,1610,Crundale,PEM,Pembrokeshire,0.15,0.15,0.1,0.15,0.1
1611,1611,Crymych,PEM,Pembrokeshire,0.15,0.15,0.1,0.15,0.1
1612,1612,Crynant,NTL,Neath Port Talbot,0.15,0.15,0.1,0.15,0.1
1613,1613,Cubert,CON,Cornwall,0.15,0.15,0.1,0.15,0.1
1614,1614,Cuckfield,WSX,West Sussex,0.15,0.15,0.1,0.15,0.1
1615,1615,Cuddesdon,OXF,Oxfordshire,0.15,0.15,0.1,0.15,0.1
1616,1616,Cuddington,SRY,Surrey,0.15,0.15,0.1,0.15,0.1
1617,1617,Cuddington,BKM,Buckinghamshire,0.15,0.15,0.1,0.15,0.1
1618,1618,Cuddington,,Cheshire,0.15,0.15,0.1,0.15,0.1
1619,1619,Cudworth,,South Yorkshire,0.15,0.15,0.1,0.15,0.1
1620,1620,Cudworth,SOM,Somerset,0.15,0.15,0.1,0.15,0.1
1621,1621,Cuffley,HRT,Hertfordshire,0.15,0.15,0.1,0.15,0.1
1622,1622,Culcheth,,Cheshire,0.15,0.15,0.1,0.15,0.1
1623,1623,Cullen,MRY,Moray,0.15,0.15,0.1,0.15,0.1
1624,1624,Cullingworth,,West Yorkshire,0.15,0.15,0.1,0.15,0.1
1625,1625,Culloden,HLD,Highland,0.15,0.15,0.1,0.15,0.1
1626,1626,Cullompton,DEV,Devon,0.15,0.15,0.1,0.15,0.1
1627,1627,Cullybackey,ANT,County Antrim,0.15,0.15,0.1,0.15,0.1
1628,1628,Culmore,DRY,County Londonderry,0.15,0.15,0.1,0.15,0.1
1629,1629,Culmstock,DEV,Devon,0.15,0.15,0.1,0.15,0.1
1630,1630,Cults,,Dumfries And Galloway,0.15,0.15,0.1,0.15,0.1
1631,1631,Culverstone Green,KEN,Kent,0.15,0.15,0.1,0.15,0.1
1632,1632,Cumbernauld,NLK,North Lanarkshire,0.15,0.15,0.1,0.15,0.1
1633,1633,Cuminestown,ABD,Aberdeenshire,0.15,0.15,0.1,0.15,0.1
1634,1634,Cumnock,EAY,East Ayrshire,0.15,0.15,0.1,0.15,0.1
1635,1635,Cupar,FIF,Fife,0.15,0.15,0.1,0.15,0.1
1636,1636,Curdridge,HAM,Hampshire,0.15,0.15,0.1,0.15,0.1
1637,1637,Curdworth,WAR,Warwickshire,0.15,0.15,0.1,0.15,0.1
1638,1638,Currie,,City Of Edinburgh,0.15,0.15,0.1,0.15,0.1
1639,1639,Curry Rivel,SOM,Somerset,0.15,0.15,0.1,0.15,0.1
1640,1640,Cushendall,ANT,County Antrim,0.15,0.15,0.1,0.15,0.1
1641,1641,Cuxton,KEN,Kent,0.15,0.15,0.1,0.15,0.1
1642,1642,Cwm,DEN,Denbighshire,0.15,0.15,0.1,0.15,0.1
1643,1643,Cwmafan,NTL,Neath Port Talbot,0.15,0.15,0.1,0.15,0.1
1644,1644,Cwmann,CMN,Carmarthenshire,0.15,0.15,0.1,0.15,0.1
1645,1645,Cwmbach,HEF,Herefordshire,0.15,0.15,0.1,0.15,0.1
1646,1646,Cwmbach,CMN,Carmarthenshire,0.15,0.15,0.1,0.15,0.1
1647,1647,Cwmbach,POW,Powys,0.15,0.15,0.1,0.15,0.1
1648,1648,Cwmbran,TOF,Torfaen,0.15,0.15,0.1,0.15,0.1
1649,1649,Cynwyd,DEN,Denbighshire,0.15,0.15,0.1,0.15,0.1
1650,1650,Dagenham,LND,Greater London,0.15,0.15,0.1,0.15,0.1
1651,1651,Dailly,SAY,South Ayrshire,0.15,0.15,0.1,0.15,0.1
1652,1652,Dalbeattie,,Dumfries And Galloway,0.15,0.15,0.1,0.15,0.1
1653,1653,Dale,DBY,Derbyshire,0.15,0.15,0.1,0.15,0.1
1654,1654,Dale,PEM,Pembrokeshire,0.15,0.15,0.1,0.15,0.1
1655,1655,Dalgety Bay,FIF,Fife,0.15,0.15,0.1,0.15,0.1
1656,1656,Dalkeith,MLN,Midlothian,0.15,0.15,0.1,0.15,0.1
1657,1657,Dalmellington,EAY,East Ayrshire,0.15,0.15,0.1,0.15,0.1
1658,1658,Dalry,NAY,North Ayrshire,0.15,0.15,0.1,0.15,0.1
1659,1659,Dalrymple,EAY,East Ayrshire,0.15,0.15,0.1,0.15,0.1
1660,1660,Dalserf,SLK,South Lanarkshire,0.15,0.15,0.1,0.15,0.1
1661,1661,Dalston,LND,Greater London,0.15,0.15,0.1,0.15,0.1
1662,1662,Dalston,CMA,Cumbria,0.15,0.15,0.1,0.15,0.1
1663,1663,Dalton,,Dumfries And Galloway,0.15,0.15,0.1,0.15,0.1
1664,1664,Dalton,,South Yorkshire,0.15,0.15,0.1,0.15,0.1
1665,1665,Dalton,NYK,North Yorkshire,0.15,0.15,0.1,0.15,0.1
1666,1666,Dalton,LAN,Lancashire,0.15,0.15,0.1,0.15,0.1
1667,1667,Dalton,NBL,Northumberland,0.15,0.15,0.1,0.15,0.1
1668,1668,Danbury,ESS,Essex,0.15,0.15,0.1,0.15,0.1
1669,1669,Danby,NYK,North Yorkshire,0.15,0.15,0.1,0.15,0.1
1670,1670,Danderhall,MLN,Midlothian,0.15,0.15,0.1,0.15,0.1
1671,1671,Darenth,KEN,Kent,0.15,0.15,0.1,0.15,0.1
1672,1672,Daresbury,,Cheshire,0.15,0.15,0.1,0.15,0.1
1673,1673,Darfield,,South Yorkshire,0.15,0.15,0.1,0.15,0.1
1674,1674,Darlaston,,West Midlands,0.15,0.15,0.1,0.15,0.1
1675,1675,Darley,NYK,North Yorkshire,0.15,0.15,0.1,0.15,0.1
1676,1676,Darlington,DUR,Durham,0.15,0.15,0.1,0.15,0.1
1677,1677,Darras Hall,NBL,Northumberland,0.15,0.15,0.1,0.15,0.1
1678,1678,Darrington,,West Yorkshire,0.15,0.15,0.1,0.15,0.1
1679,1679,Dartford,KEN,Kent,0.15,0.15,0.1,0.15,0.1
1680,1680,Dartington,DEV,Devon,0.15,0.15,0.1,0.15,0.1
1681,1681,Dartmouth,DEV,Devon,0.15,0.15,0.1,0.15,0.1
1682,1682,Darton,,South Yorkshire,0.15,0.15,0.1,0.15,0.1
1683,1683,Darvel,EAY,East Ayrshire,0.15,0.15,0.1,0.15,0.1
1684,1684,Darwen,LAN,Lancashire,0.15,0.15,0.1,0.15,0.1
1685,1685,Datchet,,Berkshire,0.15,0.15,0.1,0.15,0.1
1686,1686,Datchworth,HRT,Hertfordshire,0.15,0.15,0.1,0.15,0.1
1687,1687,Daventry,NTH,Northamptonshire,0.15,0.15,0.1,0.15,0.1
1688,1688,Dawlish,DEV,Devon,0.15,0.15,0.1,0.15,0.1
1689,1689,Deal,KEN,Kent,0.15,0.15,0.1,0.15,0.1
1690,1690,Deanshanger,NTH,Northamptonshire,0.15,0.15,0.1,0.15,0.1
1691,1691,Dearham,CMA,Cumbria,0.15,0.15,0.1,0.15,0.1
1692,1692,Debenham,SFK,Suffolk,0.15,0.15,0.1,0.15,0.1
1693,1693,Dechmont,WLN,West Lothian,0.15,0.15,0.1,0.15,0.1
1694,1694,Deddington,OXF,Oxfordshire,0.15,0.15,0.1,0.15,0.1
1695,1695,Dedham,ESS,Essex,0.15,0.15,0.1,0.15,0.1
1696,1696,Defford,WOR,Worcestershire,0.15,0.15,0.1,0.15,0.1
1697,1697,Deganwy,CWY,Conwy,0.15,0.15,0.1,0.15,0.1
1698,1698,Deighton,NYK,North Yorkshire,0.15,0.15,0.1,0.15,0.1
1699,1699,Deiniolen,GWN,Gwynedd,0.15,0.15,0.1,0.15,0.1
1700,1700,Delabole,CON,Cornwall,0.15,0.15,0.1,0.15,0.1
1701,1701,Delph,,Greater Manchester,0.15,0.15,0.1,0.15,0.1
1702,1702,Denbigh,DEN,Denbighshire,0.15,0.15,0.1,0.15,0.1
1703,1703,Denbury,DEV,Devon,0.15,0.15,0.1,0.15,0.1
1704,1704,Denby Dale,,West Yorkshire,0.15,0.15,0.1,0.15,0.1
1705,1705,Denham,SFK,Suffolk,0.15,0.15,0.1,0.15,0.1
1706,1706,Denham,BKM,Buckinghamshire,0.15,0.15,0.1,0.15,0.1
1707,1707,Denholm,SCB,Scottish Borders,0.15,0.15,0.1,0.15,0.1
1708,1708,Denholme,,West Yorkshire,0.15,0.15,0.1,0.15,0.1
1709,1709,Denmead,HAM,Hampshire,0.15,0.15,0.1,0.15,0.1
1710,1710,Denny,FAL,Falkirk,0.15,0.15,0.1,0.15,0.1
1711,1711,Dennyloanhead,FAL,Falkirk,0.15,0.15,0.1,0.15,0.1
1712,1712,Densole,KEN,Kent,0.15,0.15,0.1,0.15,0.1
1713,1713,Denton,,Greater Manchester,0.15,0.15,0.1,0.15,0.1
1714,1714,Denton,DUR,Durham,0.15,0.15,0.1,0.15,0.1
1715,1715,Denton,OXF,Oxfordshire,0.15,0.15,0.1,0.15,0.1
1716,1716,Denton,NYK,North Yorkshire,0.15,0.15,0.1,0.15,0.1
1717,1717,Denton,NTH,Northamptonshire,0.15,0.15,0.1,0.15,0.1
1718,1718,Denton,NFK,Norfolk,0.15,0.15,0.1,0.15,0.1
1719,1719,Denton,KEN,Kent,0.15,0.15,0.1,0.15,0.1
1720,1720,Denton,ESX,East Sussex,0.15,0.15,0.1,0.15,0.1
1721,1721,Denton,CAM,Cambridgeshire,0.15,0.15,0.1,0.15,0.1
1722,1722,Denton,LIN,Lincolnshire,0.15,0.15,0.1,0.15,0.1
1723,1723,Derby,DBY,Derbyshire,0.15,0.15,0.1,0.15,0.1
1724,1724,Deri,CAY,Caerphilly,0.15,0.15,0.1,0.15,0.1
1725,1725,Derrington,STS,Staffordshire,0.15,0.15,0.1,0.15,0.1
1726,1726,Derry,DRY,County Londonderry,0.15,0.15,0.1,0.15,0.1
1727,1727,Derry,STG,Stirling,0.15,0.15,0.1,0.15,0.1
1728,1728,Dersingham,NFK,Norfolk,0.15,0.15,0.1,0.15,0.1
1729,1729,Derwen,DEN,Denbighshire,0.15,0.15,0.1,0.15,0.1
1730,1730,Desborough,NTH,Northamptonshire,0.15,0.15,0.1,0.15,0.1
1731,1731,Desford,LEC,Leicestershire,0.15,0.15,0.1,0.15,0.1
1732,1732,Detling,KEN,Kent,0.15,0.15,0.1,0.15,0.1
1733,1733,Devizes,WIL,Wiltshire,0.15,0.15,0.1,0.15,0.1
1734,1734,Dewsbury,,West Yorkshire,0.15,0.15,0.1,0.15,0.1
1735,1735,Dickleburgh,NFK,Norfolk,0.15,0.15,0.1,0.15,0.1
1736,1736,Didcot,OXF,Oxfordshire,0.15,0.15,0.1,0.15,0.1
1737,1737,Didsbury,,Greater Manchester,0.15,0.15,0.1,0.15,0.1
1738,1738,Digby,LIN,Lincolnshire,0.15,0.15,0.1,0.15,0.1
1739,1739,Diggle,,Greater Manchester,0.15,0.15,0.1,0.15,0.1
1740,1740,Dinas Powys,VGL,Vale Of Glamorgan,0.15,0.15,0.1,0.15,0.1
1741,1741,Dingwall,HLD,Highland,0.15,0.15,0.1,0.15,0.1
1742,1742,Dinnington,SOM,Somerset,0.15,0.15,0.1,0.15,0.1
1743,1743,Dinnington,,Tyne And Wear,0.15,0.15,0.1,0.15,0.1
1744,1744,Dinton,WIL,Wiltshire,0.15,0.15,0.1,0.15,0.1
1745,1745,Dinton,BKM,Buckinghamshire,0.15,0.15,0.1,0.15,0.1
1746,1746,Diseworth,LEC,Leicestershire,0.15,0.15,0.1,0.15,0.1
1747,1747,Disley,,Cheshire,0.15,0.15,0.1,0.15,0.1
1748,1748,Diss,NFK,Norfolk,0.15,0.15,0.1,0.15,0.1
1749,1749,Distington,CMA,Cumbria,0.15,0.15,0.1,0.15,0.1
1750,1750,Ditchingham,NFK,Norfolk,0.15,0.15,0.1,0.15,0.1
1751,1751,Ditchling,ESX,East Sussex,0.15,0.15,0.1,0.15,0.1
1752,1752,Ditton Priors,SHR,Shropshire,0.15,0.15,0.1,0.15,0.1
1753,1753,Doagh,ANT,County Antrim,0.15,0.15,0.1,0.15,0.1
1754,1754,Dobwalls,CON,Cornwall,0.15,0.15,0.1,0.15,0.1
1755,1755,Docking,NFK,Norfolk,0.15,0.15,0.1,0.15,0.1
1756,1756,Doddington,LIN,Lincolnshire,0.15,0.15,0.1,0.15,0.1
1757,1757,Doddington,KEN,Kent,0.15,0.15,0.1,0.15,0.1
1758,1758,Doddington,CAM,Cambridgeshire,0.15,0.15,0.1,0.15,0.1
1759,1759,Doddington,NBL,Northumberland,0.15,0.15,0.1,0.15,0.1
1760,1760,Doddington,SHR,Shropshire,0.15,0.15,0.1,0.15,0.1
1761,1761,Dodleston,,Cheshire,0.15,0.15,0.1,0.15,0.1
1762,1762,Dodworth,,South Yorkshire,0.15,0.15,0.1,0.15,0.1
1763,1763,Dolgellau,GWN,Gwynedd,0.15,0.15,0.1,0.15,0.1
1764,1764,Dollar,CLK,Clackmannanshire,0.15,0.15,0.1,0.15,0.1
1765,1765,Dolton,DEV,Devon,0.15,0.15,0.1,0.15,0.1
1766,1766,Doncaster,,South Yorkshire,0.15,0.15,0.1,0.15,0.1
1767,1767,Donington,LIN,Lincolnshire,0.15,0.15,0.1,0.15,0.1
1768,1768,Donisthorpe,LEC,Leicestershire,0.15,0.15,0.1,0.15,0.1
1769,1769,Donnington,SHR,Shropshire,0.15,0.15,0.1,0.15,0.1
1770,1770,Donnington,,Berkshire,0.15,0.15,0.1,0.15,0.1
1771,1771,Donnington,GLS,Gloucestershire,0.15,0.15,0.1,0.15,0.1
1772,1772,Donnington,WSX,West Sussex,0.15,0.15,0.1,0.15,0.1
1773,1773,Donnington,HEF,Herefordshire,0.15,0.15,0.1,0.15,0.1
1774,1774,Dorchester,DOR,Dorset,0.15,0.15,0.1,0.15,0.1
1775,1775,Dorchester,OXF,Oxfordshire,0.15,0.15,0.1,0.15,0.1
1776,1776,Dorking,SRY,Surrey,0.15,0.15,0.1,0.15,0.1
1777,1777,Dormansland,SRY,Surrey,0.15,0.15,0.1,0.15,0.1
1778,1778,Dornoch,HLD,Highland,0.15,0.15,0.1,0.15,0.1
1779,1779,Dorridge,,West Midlands,0.15,0.15,0.1,0.15,0.1
1780,1780,Dorrington,SHR,Shropshire,0.15,0.15,0.1,0.15,0.1
1781,1781,Dorrington,LIN,Lincolnshire,0.15,0.15,0.1,0.15,0.1
1782,1782,Dorstone,HEF,Herefordshire,0.15,0.15,0.1,0.15,0.1
1783,1783,Douglas,SLK,South Lanarkshire,0.15,0.15,0.1,0.15,0.1
1784,1784,Douglas,,Isle Of Man,0.15,0.15,0.1,0.15,0.1
1785,1785,Doune,AGB,Argyll And Bute,0.15,0.15,0.1,0.15,0.1
1786,1786,Doune,HLD,Highland,0.15,0.15,0.1,0.15,0.1
1787,1787,Doune,STG,Stirling,0.15,0.15,0.1,0.15,0.1
1788,1788,Dousland,DEV,Devon,0.15,0.15,0.1,0.15,0.1
1789,1789,Dove Holes,DBY,Derbyshire,0.15,0.15,0.1,0.15,0.1
1790,1790,Dover,KEN,Kent,0.15,0.15,0.1,0.15,0.1
1791,1791,Dovercourt,ESS,Essex,0.15,0.15,0.1,0.15,0.1
1792,1792,Doveridge,DBY,Derbyshire,0.15,0.15,0.1,0.15,0.1
1793,1793,Down Ampney,GLS,Gloucestershire,0.15,0.15,0.1,0.15,0.1
1794,1794,Downham Market,NFK,Norfolk,0.15,0.15,0.1,0.15,0.1
1795,1795,Downton,WIL,Wiltshire,0.15,0.15,0.1,0.15,0.1
1796,1796,Downton,DEV,Devon,0.15,0.15,0.1,0.15,0.1
1797,1797,Downton,HAM,Hampshire,0.15,0.15,0.1,0.15,0.1
1798,1798,Draperstown,DRY,County Londonderry,0.15,0.15,0.1,0.15,0.1
1799,1799,Draycott,WOR,Worcestershire,0.15,0.15,0.1,0.15,0.1
1800,1800,Draycott,DBY,Derbyshire,0.15,0.15,0.1,0.15,0.1
1801,1801,Draycott,GLS,Gloucestershire,0.15,0.15,0.1,0.15,0.1
1802,1802,Draycott,SOM,Somerset,0.15,0.15,0.1,0.15,0.1
1803,1803,Drayton Parslow,BKM,Buckinghamshire,0.15,0.15,0.1,0.15,0.1
1804,1804,Dreghorn,NAY,North Ayrshire,0.15,0.15,0.1,0.15,0.1
1805,1805,Driffield,GLS,Gloucestershire,0.15,0.15,0.1,0.15,0.1
1806,1806,Drighlington,,West Yorkshire,0.15,0.15,0.1,0.15,0.1
1807,1807,Droitwich,WOR,Worcestershire,0.15,0.15,0.1,0.15,0.1
1808,1808,Dromore,DOW,County Down,0.15,0.15,0.1,0.15,0.1
1809,1809,Dromore,,County Tyrone,0.15,0.15,0.1,0.15,0.1
1810,1810,Dronfield,DBY,Derbyshire,0.15,0.15,0.1,0.15,0.1
1811,1811,Drongan,EAY,East Ayrshire,0.15,0.15,0.1,0.15,0.1
1812,1812,Droxford,HAM,Hampshire,0.15,0.15,0.1,0.15,0.1
1813,1813,Droylsden,,Greater Manchester,0.15,0.15,0.1,0.15,0.1
1814,1814,Drumnadrochit,HLD,Highland,0.15,0.15,0.1,0.15,0.1
1815,1815,Drumoak,ABD,Aberdeenshire,0.15,0.15,0.1,0.15,0.1
1816,1816,Dry Drayton,CAM,Cambridgeshire,0.15,0.15,0.1,0.15,0.1
1817,1817,Drybrook,GLS,Gloucestershire,0.15,0.15,0.1,0.15,0.1
1818,1818,Drymen,STG,Stirling,0.15,0.15,0.1,0.15,0.1
1819,1819,Ducklington,OXF,Oxfordshire,0.15,0.15,0.1,0.15,0.1
1820,1820,Duddon,,Cheshire,0.15,0.15,0.1,0.15,0.1
1821,1821,Dudley,NBL,Northumberland,0.15,0.15,0.1,0.15,0.1
1822,1822,Dudley,,West Midlands,0.15,0.15,0.1,0.15,0.1
1823,1823,Duffield,DBY,Derbyshire,0.15,0.15,0.1,0.15,0.1
1824,1824,Dufftown,MRY,Moray,0.15,0.15,0.1,0.15,0.1
1825,1825,Dukinfield,,Greater Manchester,0.15,0.15,0.1,0.15,0.1
1826,1826,Dullatur,NLK,North Lanarkshire,0.15,0.15,0.1,0.15,0.1
1827,1827,Duloe,CON,Cornwall,0.15,0.15,0.1,0.15,0.1
1828,1828,Duloe,CAM,Cambridgeshire,0.15,0.15,0.1,0.15,0.1
1829,1829,Dulverton,SOM,Somerset,0.15,0.15,0.1,0.15,0.1
1830,1830,Dumbarton,,West Dunbart,0.15,0.15,0.1,0.15,0.1
1831,1831,Dumbleton,GLS,Gloucestershire,0.15,0.15,0.1,0.15,0.1
1832,1832,Dumfries,,Dumfries And Galloway,0.15,0.15,0.1,0.15,0.1
1833,1833,Dunbar,ELN,East Lothian,0.15,0.15,0.1,0.15,0.1
1834,1834,Dunbeg,AGB,Argyll And Bute,0.15,0.15,0.1,0.15,0.1
1835,1835,Dunblane,STG,Stirling,0.15,0.15,0.1,0.15,0.1
1836,1836,Dunchurch,WAR,Warwickshire,0.15,0.15,0.1,0.15,0.1
1837,1837,Dundee,DND,Dundee City,0.15,0.15,0.1,0.15,0.1
1838,1838,Dundonald,,Belfast Greater,0.15,0.15,0.1,0.15,0.1
1839,1839,Dundonald,SAY,South Ayrshire,0.15,0.15,0.1,0.15,0.1
1840,1840,Dundrum,DOW,County Down,0.15,0.15,0.1,0.15,0.1
1841,1841,Dunfermline,FIF,Fife,0.15,0.15,0.1,0.15,0.1
1842,1842,Dungiven,DRY,County Londonderry,0.15,0.15,0.1,0.15,0.1
1843,1843,Dunholme,LIN,Lincolnshire,0.15,0.15,0.1,0.15,0.1
1844,1844,Dunipace,FAL,Falkirk,0.15,0.15,0.1,0.15,0.1
1845,1845,Dunkeswell,DEV,Devon,0.15,0.15,0.1,0.15,0.1
1846,1846,Dunlop,EAY,East Ayrshire,0.15,0.15,0.1,0.15,0.1
1847,1847,Dunloy,ANT,County Antrim,0.15,0.15,0.1,0.15,0.1
1848,1848,Dunning,PKN,Perth And Kinross,0.15,0.15,0.1,0.15,0.1
1849,1849,Dunnington,NYK,North Yorkshire,0.15,0.15,0.1,0.15,0.1
1850,1850,Dunnington,ERY,East Riding Of Yorkshire,0.15,0.15,0.1,0.15,0.1
1851,1851,Dunnington,WAR,Warwickshire,0.15,0.15,0.1,0.15,0.1
1852,1852,Dunoon,AGB,Argyll And Bute,0.15,0.15,0.1,0.15,0.1
1853,1853,Duns,SCB,Scottish Borders,0.15,0.15,0.1,0.15,0.1
1854,1854,Dunstable,,Bedfordshire,0.15,0.15,0.1,0.15,0.1
1855,1855,Dunston,STS,Staffordshire,0.15,0.15,0.1,0.15,0.1
1856,1856,Dunston,LIN,Lincolnshire,0.15,0.15,0.1,0.15,0.1
1857,1857,Dunston,NFK,Norfolk,0.15,0.15,0.1,0.15,0.1
1858,1858,Dunston,,Tyne And Wear,0.15,0.15,0.1,0.15,0.1
1859,1859,Dunswell,ERY,East Riding Of Yorkshire,0.15,0.15,0.1,0.15,0.1
1860,1860,Duntocher,,West Dunbart,0.15,0.15,0.1,0.15,0.1
1861,1861,Durham,DUR,Durham,0.15,0.15,0.1,0.15,0.1
1862,1862,Durrington,WSX,West Sussex,0.15,0.15,0.1,0.15,0.1
1863,1863,Durrington,WIL,Wiltshire,0.15,0.15,0.1,0.15,0.1
1864,1864,Dursley,GLS,Gloucestershire,0.15,0.15,0.1,0.15,0.1
1865,1865,Duxford,CAM,Cambridgeshire,0.15,0.15,0.1,0.15,0.1
1866,1866,Dwyran,AGY,Isle Of Anglesey,0.15,0.15,0.1,0.15,0.1
1867,1867,Dyffryn Ardudwy,GWN,Gwynedd,0.15,0.15,0.1,0.15,0.1
1868,1868,Dymchurch,KEN,Kent,0.15,0.15,0.1,0.15,0.1
1869,1869,Dymock,GLS,Gloucestershire,0.15,0.15,0.1,0.15,0.1
1870,1870,Dyserth,DEN,Denbighshire,0.15,0.15,0.1,0.15,0.1
1871,1871,Eagle,LIN,Lincolnshire,0.15,0.15,0.1,0.15,0.1
1872,1872,Eaglescliffe,DUR,Durham,0.15,0.15,0.1,0.15,0.1
1873,1873,Eaglesfield,,Dumfries And Galloway,0.15,0.15,0.1,0.15,0.1
1874,1874,Eaglesfield,CMA,Cumbria,0.15,0.15,0.1,0.15,0.1
1875,1875,Eaglesham,ERW,East Renfrewshire,0.15,0.15,0.1,0.15,0.1
1876,1876,Ealing,LND,Greater London,0.15,0.15,0.1,0.15,0.1
1877,1877,Ealing Broadway,LND,Greater London,0.15,0.15,0.1,0.15,0.1
1878,1878,Earby,LAN,Lancashire,0.15,0.15,0.1,0.15,0.1
1879,1879,Eardington,SHR,Shropshire,0.15,0.15,0.1,0.15,0.1
1880,1880,Eardisley,HEF,Herefordshire,0.15,0.15,0.1,0.15,0.1
1881,1881,Earl Shilton,LEC,Leicestershire,0.15,0.15,0.1,0.15,0.1
1882,1882,Earls Barton,NTH,Northamptonshire,0.15,0.15,0.1,0.15,0.1
1883,1883,Earls Colne,ESS,Essex,0.15,0.15,0.1,0.15,0.1
1884,1884,Earlsfield,LND,Greater London,0.15,0.15,0.1,0.15,0.1
1885,1885,Earlston,SCB,Scottish Borders,0.15,0.15,0.1,0.15,0.1
1886,1886,Earlswood,WAR,Warwickshire,0.15,0.15,0.1,0.15,0.1
1887,1887,Earsham,NFK,Norfolk,0.15,0.15,0.1,0.15,0.1
1888,1888,Easington,DUR,Durham,0.15,0.15,0.1,0.15,0.1
1889,1889,Easington,ERY,East Riding Of Yorkshire,0.15,0.15,0.1,0.15,0.1
1890,1890,Easington,NBL,Northumberland,0.15,0.15,0.1,0.15,0.1
1891,1891,Easington,NYK,North Yorkshire,0.15,0.15,0.1,0.15,0.1
1892,1892,Easington,OXF,Oxfordshire,0.15,0.15,0.1,0.15,0.1
1893,1893,Easington,BKM,Buckinghamshire,0.15,0.15,0.1,0.15,0.1
1894,1894,Easington Colliery,DUR,Durham,0.15,0.15,0.1,0.15,0.1
1895,1895,Easingwold,NYK,North Yorkshire,0.15,0.15,0.1,0.15,0.1
1896,1896,East Ayton,NYK,North Yorkshire,0.15,0.15,0.1,0.15,0.1
1897,1897,East Bergholt,SFK,Suffolk,0.15,0.15,0.1,0.15,0.1
1898,1898,East Boldon,,Tyne And Wear,0.15,0.15,0.1,0.15,0.1
1899,1899,East Brent,SOM,Somerset,0.15,0.15,0.1,0.15,0.1
1900,1900,East Bridgford,NTT,Nottinghamshire,0.15,0.15,0.1,0.15,0.1
1901,1901,East Budleigh,DEV,Devon,0.15,0.15,0.1,0.15,0.1
1902,1902,East Calder,WLN,West Lothian,0.15,0.15,0.1,0.15,0.1
1903,1903,East Challow,OXF,Oxfordshire,0.15,0.15,0.1,0.15,0.1
1904,1904,East Cowes,IOW,Isle Of Wight,0.15,0.15,0.1,0.15,0.1
1905,1905,East Cowton,NYK,North Yorkshire,0.15,0.15,0.1,0.15,0.1
1906,1906,East Dean,WSX,West Sussex,0.15,0.15,0.1,0.15,0.1
1907,1907,East Dean,ESX,East Sussex,0.15,0.15,0.1,0.15,0.1
1908,1908,East Dean,HAM,Hampshire,0.15,0.15,0.1,0.15,0.1
1909,1909,East Dereham,NFK,Norfolk,0.15,0.15,0.1,0.15,0.1
1910,1910,East Garston,,Berkshire,0.15,0.15,0.1,0.15,0.1
1911,1911,East Grinstead,WSX,West Sussex,0.15,0.15,0.1,0.15,0.1
1912,1912,East Haddon,NTH,Northamptonshire,0.15,0.15,0.1,0.15,0.1
1913,1913,East Halton,LIN,Lincolnshire,0.15,0.15,0.1,0.15,0.1
1914,1914,East Ham,LND,Greater London,0.15,0.15,0.1,0.15,0.1
1915,1915,East Hanney,OXF,Oxfordshire,0.15,0.15,0.1,0.15,0.1
1916,1916,East Hanningfield,ESS,Essex,0.15,0.15,0.1,0.15,0.1
1917,1917,East Harling,NFK,Norfolk,0.15,0.15,0.1,0.15,0.1
1918,1918,East Hoathly,ESX,East Sussex,0.15,0.15,0.1,0.15,0.1
1919,1919,East Horsley,SRY,Surrey,0.15,0.15,0.1,0.15,0.1
1920,1920,East Huntspill,SOM,Somerset,0.15,0.15,0.1,0.15,0.1
1921,1921,East Ilsley,,Berkshire,0.15,0.15,0.1,0.15,0.1
1922,1922,East Keswick,,West Yorkshire,0.15,0.15,0.1,0.15,0.1
1923,1923,East Kilbride,SLK,South Lanarkshire,0.15,0.15,0.1,0.15,0.1
1924,1924,East Leake,NTT,Nottinghamshire,0.15,0.15,0.1,0.15,0.1
1925,1925,East Linton,ELN,East Lothian,0.15,0.15,0.1,0.15,0.1
1926,1926,East Markham,NTT,Nottinghamshire,0.15,0.15,0.1,0.15,0.1
1927,1927,East Meon,HAM,Hampshire,0.15,0.15,0.1,0.15,0.1
1928,1928,East Molesey,SRY,Surrey,0.15,0.15,0.1,0.15,0.1
1929,1929,East Peckham,KEN,Kent,0.15,0.15,0.1,0.15,0.1
1930,1930,East Rainton,,Tyne And Wear,0.15,0.15,0.1,0.15,0.1
1931,1931,East Rudham,NFK,Norfolk,0.15,0.15,0.1,0.15,0.1
1932,1932,East Ruston,NFK,Norfolk,0.15,0.15,0.1,0.15,0.1
1933,1933,East Stour,DOR,Dorset,0.15,0.15,0.1,0.15,0.1
1934,1934,East Tilbury,ESS,Essex,0.15,0.15,0.1,0.15,0.1
1935,1935,East Wemyss,FIF,Fife,0.15,0.15,0.1,0.15,0.1
1936,1936,East Whitburn,WLN,West Lothian,0.15,0.15,0.1,0.15,0.1
1937,1937,East Winch,NFK,Norfolk,0.15,0.15,0.1,0.15,0.1
1938,1938,East Wittering,WSX,West Sussex,0.15,0.15,0.1,0.15,0.1
1939,1939,Eastbourne,ESX,East Sussex,0.15,0.15,0.1,0.15,0.1
1940,1940,Eastbourne,DUR,Durham,0.15,0.15,0.1,0.15,0.1
1941,1941,Eastchurch,KEN,Kent,0.15,0.15,0.1,0.15,0.1
1942,1942,Eastington,DEV,Devon,0.15,0.15,0.1,0.15,0.1
1943,1943,Eastington,GLS,Gloucestershire,0.15,0.15,0.1,0.15,0.1
1944,1944,Eastleigh,HAM,Hampshire,0.15,0.15,0.1,0.15,0.1
1945,1945,Eastleigh,DEV,Devon,0.15,0.15,0.1,0.15,0.1
1946,1946,Eastoft,LIN,Lincolnshire,0.15,0.15,0.1,0.15,0.1
1947,1947,Easton,WIL,Wiltshire,0.15,0.15,0.1,0.15,0.1
1948,1948,Easton,IOW,Isle Of Wight,0.15,0.15,0.1,0.15,0.1
1949,1949,Easton,SFK,Suffolk,0.15,0.15,0.1,0.15,0.1
1950,1950,Easton,DEV,Devon,0.15,0.15,0.1,0.15,0.1
1951,1951,Easton,CMA,Cumbria,0.15,0.15,0.1,0.15,0.1
1952,1952,Easton,DOR,Dorset,0.15,0.15,0.1,0.15,0.1
1953,1953,Easton,HAM,Hampshire,0.15,0.15,0.1,0.15,0.1
1954,1954,Easton,LIN,Lincolnshire,0.15,0.15,0.1,0.15,0.1
1955,1955,Easton,NFK,Norfolk,0.15,0.15,0.1,0.15,0.1
1956,1956,Easton,SOM,Somerset,0.15,0.15,0.1,0.15,0.1
1957,1957,Easton on the Hill,NTH,Northamptonshire,0.15,0.15,0.1,0.15,0.1
1958,1958,Easton-in-Gordano,SOM,Somerset,0.15,0.15,0.1,0.15,0.1
1959,1959,Eastriggs,,Dumfries And Galloway,0.15,0.15,0.1,0.15,0.1
1960,1960,Eastrington,ERY,East Riding Of Yorkshire,0.15,0.15,0.1,0.15,0.1
1961,1961,Eastry,KEN,Kent,0.15,0.15,0.1,0.15,0.1
1962,1962,Eastwood,ESS,Essex,0.15,0.15,0.1,0.15,0.1
1963,1963,Eastwood,NTT,Nottinghamshire,0.15,0.15,0.1,0.15,0.1
1964,1964,Eastwood,,West Yorkshire,0.15,0.15,0.1,0.15,0.1
1965,1965,Eaton,SHR,Shropshire,0.15,0.15,0.1,0.15,0.1
1966,1966,Eaton,LEC,Leicestershire,0.15,0.15,0.1,0.15,0.1
1967,1967,Eaton,NFK,Norfolk,0.15,0.15,0.1,0.15,0.1
1968,1968,Eaton,NTT,Nottinghamshire,0.15,0.15,0.1,0.15,0.1
1969,1969,Eaton,OXF,Oxfordshire,0.15,0.15,0.1,0.15,0.1
1970,1970,Eaton,,Cheshire,0.15,0.15,0.1,0.15,0.1
1971,1971,Eaton Bray,,Bedfordshire,0.15,0.15,0.1,0.15,0.1
1972,1972,Eaton Socon,CAM,Cambridgeshire,0.15,0.15,0.1,0.15,0.1
1973,1973,Ebbw Vale,BGW,Blaenau Gwent,0.15,0.15,0.1,0.15,0.1
1974,1974,Ebchester,DUR,Durham,0.15,0.15,0.1,0.15,0.1
1975,1975,Ecclefechan,,Dumfries And Galloway,0.15,0.15,0.1,0.15,0.1
1976,1976,Eccles,KEN,Kent,0.15,0.15,0.1,0.15,0.1
1977,1977,Eccles,,Greater Manchester,0.15,0.15,0.1,0.15,0.1
1978,1978,Eccles,SCB,Scottish Borders,0.15,0.15,0.1,0.15,0.1
1979,1979,Eccleshall,STS,Staffordshire,0.15,0.15,0.1,0.15,0.1
1980,1980,Eccleston,,Cheshire,0.15,0.15,0.1,0.15,0.1
1981,1981,Eccleston,,Merseyside,0.15,0.15,0.1,0.15,0.1
1982,1982,Eccleston,LAN,Lancashire,0.15,0.15,0.1,0.15,0.1
1983,1983,Eckington,WOR,Worcestershire,0.15,0.15,0.1,0.15,0.1
1984,1984,Edenbridge,KEN,Kent,0.15,0.15,0.1,0.15,0.1
1985,1985,Edenfield,LAN,Lancashire,0.15,0.15,0.1,0.15,0.1
1986,1986,Edgcott,BKM,Buckinghamshire,0.15,0.15,0.1,0.15,0.1
1987,1987,Edgmond,SHR,Shropshire,0.15,0.15,0.1,0.15,0.1
1988,1988,Edgware,LND,Greater London,0.15,0.15,0.1,0.15,0.1
1989,1989,Edgworth,LAN,Lancashire,0.15,0.15,0.1,0.15,0.1
1990,1990,Edinburgh,,City Of Edinburgh,0.15,0.15,0.1,0.15,0.1
1991,1991,Edinburgh,MLN,Midlothian,0.15,0.15,0.1,0.15,0.1
1992,1992,Edingale,STS,Staffordshire,0.15,0.15,0.1,0.15,0.1
1993,1993,Edington,WIL,Wiltshire,0.15,0.15,0.1,0.15,0.1
1994,1994,Edington,SOM,Somerset,0.15,0.15,0.1,0.15,0.1
1995,1995,Edith Weston,RUT,Rutland,0.15,0.15,0.1,0.15,0.1
1996,1996,Edwinstowe,NTT,Nottinghamshire,0.15,0.15,0.1,0.15,0.1
1997,1997,Edworth,,Bedfordshire,0.15,0.15,0.1,0.15,0.1
1998,1998,Edzell,ANS,Angus,0.15,0.15,0.1,0.15,0.1
1999,1999,Egginton,DBY,Derbyshire,0.15,0.15,0.1,0.15,0.1
2000,2000,Eggleston,DUR,Durham,0.15,0.15,0.1,0.15,0.1
2001,2001,Egham,SRY,Surrey,0.15,0.15,0.1,0.15,0.1
2002,2002,Eglinton,DRY,County Londonderry,0.15,0.15,0.1,0.15,0.1
2003,2003,Egremont,CMA,Cumbria,0.15,0.15,0.1,0.15,0.1
2004,2004,Eight Ash Green,ESS,Essex,0.15,0.15,0.1,0.15,0.1
2005,2005,Elderslie,RFW,Renfrewshire,0.15,0.15,0.1,0.15,0.1
2006,2006,Elford,STS,Staffordshire,0.15,0.15,0.1,0.15,0.1
2007,2007,Elford,NBL,Northumberland,0.15,0.15,0.1,0.15,0.1
2008,2008,Elgin,MRY,Moray,0.15,0.15,0.1,0.15,0.1
2009,2009,Elham,KEN,Kent,0.15,0.15,0.1,0.15,0.1
2010,2010,Elie,FIF,Fife,0.15,0.15,0.1,0.15,0.1
2011,2011,Elkesley,NTT,Nottinghamshire,0.15,0.15,0.1,0.15,0.1
2012,2012,Elland,,West Yorkshire,0.15,0.15,0.1,0.15,0.1
2013,2013,Ellerker,ERY,East Riding Of Yorkshire,0.15,0.15,0.1,0.15,0.1
2014,2014,Ellerton,STS,Staffordshire,0.15,0.15,0.1,0.15,0.1
2015,2015,Ellerton,NYK,North Yorkshire,0.15,0.15,0.1,0.15,0.1
2016,2016,Ellesborough,BKM,Buckinghamshire,0.15,0.15,0.1,0.15,0.1
2017,2017,Ellesmere,SHR,Shropshire,0.15,0.15,0.1,0.15,0.1
2018,2018,Ellesmere Port,,Cheshire,0.15,0.15,0.1,0.15,0.1
2019,2019,Ellingham,NBL,Northumberland,0.15,0.15,0.1,0.15,0.1
2020,2020,Ellingham,NFK,Norfolk,0.15,0.15,0.1,0.15,0.1
2021,2021,Ellington,NBL,Northumberland,0.15,0.15,0.1,0.15,0.1
2022,2022,Ellon,ABD,Aberdeenshire,0.15,0.15,0.1,0.15,0.1
2023,2023,Elm Park,LND,Greater London,0.15,0.15,0.1,0.15,0.1
2024,2024,Elmstead Market,ESS,Essex,0.15,0.15,0.1,0.15,0.1
2025,2025,Elmswell,ERY,East Riding Of Yorkshire,0.15,0.15,0.1,0.15,0.1
2026,2026,Elmswell,SFK,Suffolk,0.15,0.15,0.1,0.15,0.1
2027,2027,Elphinstone,ELN,East Lothian,0.15,0.15,0.1,0.15,0.1
2028,2028,Elsenham,ESS,Essex,0.15,0.15,0.1,0.15,0.1
2029,2029,Elstead,SRY,Surrey,0.15,0.15,0.1,0.15,0.1
2030,2030,Elston,NTT,Nottinghamshire,0.15,0.15,0.1,0.15,0.1
2031,2031,Elston,LAN,Lancashire,0.15,0.15,0.1,0.15,0.1
2032,2032,Elstow,,Bedfordshire,0.15,0.15,0.1,0.15,0.1
2033,2033,Elstree,HRT,Hertfordshire,0.15,0.15,0.1,0.15,0.1
2034,2034,Elswick,LAN,Lancashire,0.15,0.15,0.1,0.15,0.1
2035,2035,Elsworth,CAM,Cambridgeshire,0.15,0.15,0.1,0.15,0.1
2036,2036,Elton,,Cheshire,0.15,0.15,0.1,0.15,0.1
2037,2037,Elton,NTT,Nottinghamshire,0.15,0.15,0.1,0.15,0.1
2038,2038,Elton,DUR,Durham,0.15,0.15,0.1,0.15,0.1
2039,2039,Elton,GLS,Gloucestershire,0.15,0.15,0.1,0.15,0.1
2040,2040,Elton,HEF,Herefordshire,0.15,0.15,0.1,0.15,0.1
2041,2041,Elton,DBY,Derbyshire,0.15,0.15,0.1,0.15,0.1
2042,2042,Elton,CAM,Cambridgeshire,0.15,0.15,0.1,0.15,0.1
2043,2043,Elvington,KEN,Kent,0.15,0.15,0.1,0.15,0.1
2044,2044,Elwick,NBL,Northumberland,0.15,0.15,0.1,0.15,0.1
2045,2045,Elwick,DUR,Durham,0.15,0.15,0.1,0.15,0.1
2046,2046,Ely,CRF,Cardiff,0.15,0.15,0.1,0.15,0.1
2047,2047,Ely,CAM,Cambridgeshire,0.15,0.15,0.1,0.15,0.1
2048,2048,Emberton,BKM,Buckinghamshire,0.15,0.15,0.1,0.15,0.1
2049,2049,Embleton,NBL,Northumberland,0.15,0.15,0.1,0.15,0.1
2050,2050,Embleton,CMA,Cumbria,0.15,0.15,0.1,0.15,0.1
2051,2051,Embsay,NYK,North Yorkshire,0.15,0.15,0.1,0.15,0.1
2052,2052,Emley,,West Yorkshire,0.15,0.15,0.1,0.15,0.1
2053,2053,Emneth,NFK,Norfolk,0.15,0.15,0.1,0.15,0.1
2054,2054,Empingham,RUT,Rutland,0.15,0.15,0.1,0.15,0.1
2055,2055,Emsworth,HAM,Hampshire,0.15,0.15,0.1,0.15,0.1
2056,2056,Enderby,LEC,Leicestershire,0.15,0.15,0.1,0.15,0.1
2057,2057,Enniskillen,FER,County Fermanagh,0.15,0.15,0.1,0.15,0.1
2058,2058,Enstone,OXF,Oxfordshire,0.15,0.15,0.1,0.15,0.1
2059,2059,Epping,ESS,Essex,0.15,0.15,0.1,0.15,0.1
2060,2060,Epsom,SRY,Surrey,0.15,0.15,0.1,0.15,0.1
2061,2061,Epworth,LIN,Lincolnshire,0.15,0.15,0.1,0.15,0.1
2062,2062,Erith,LND,Greater London,0.15,0.15,0.1,0.15,0.1
2063,2063,Erlestoke,WIL,Wiltshire,0.15,0.15,0.1,0.15,0.1
2064,2064,Errol,PKN,Perth And Kinross,0.15,0.15,0.1,0.15,0.1
2065,2065,Erskine,RFW,Renfrewshire,0.15,0.15,0.1,0.15,0.1
2066,2066,Escrick,NYK,North Yorkshire,0.15,0.15,0.1,0.15,0.1
2067,2067,Esher,SRY,Surrey,0.15,0.15,0.1,0.15,0.1
2068,2068,Essendine,RUT,Rutland,0.15,0.15,0.1,0.15,0.1
2069,2069,Essendon,HRT,Hertfordshire,0.15,0.15,0.1,0.15,0.1
2070,2070,Essington,STS,Staffordshire,0.15,0.15,0.1,0.15,0.1
2071,2071,Eton,,Berkshire,0.15,0.15,0.1,0.15,0.1
2072,2072,Eton Wick,,Berkshire,0.15,0.15,0.1,0.15,0.1
2073,2073,Etton,ERY,East Riding Of Yorkshire,0.15,0.15,0.1,0.15,0.1
2074,2074,Etton,CAM,Cambridgeshire,0.15,0.15,0.1,0.15,0.1
2075,2075,Etwall,DBY,Derbyshire,0.15,0.15,0.1,0.15,0.1
2076,2076,Euxton,LAN,Lancashire,0.15,0.15,0.1,0.15,0.1
2077,2077,Evanton,HLD,Highland,0.15,0.15,0.1,0.15,0.1
2078,2078,Evenwood,DUR,Durham,0.15,0.15,0.1,0.15,0.1
2079,2079,Evercreech,SOM,Somerset,0.15,0.15,0.1,0.15,0.1
2080,2080,Eversholt,,Bedfordshire,0.15,0.15,0.1,0.15,0.1
2081,2081,Eversley,HAM,Hampshire,0.15,0.15,0.1,0.15,0.1
2082,2082,Everton,HAM,Hampshire,0.15,0.15,0.1,0.15,0.1
2083,2083,Everton,NTT,Nottinghamshire,0.15,0.15,0.1,0.15,0.1
2084,2084,Everton,,Bedfordshire,0.15,0.15,0.1,0.15,0.1
2085,2085,Evesbatch,HEF,Herefordshire,0.15,0.15,0.1,0.15,0.1
2086,2086,Evesham,WOR,Worcestershire,0.15,0.15,0.1,0.15,0.1
2087,2087,Ewell,SRY,Surrey,0.15,0.15,0.1,0.15,0.1
2088,2088,Ewenny,VGL,Vale Of Glamorgan,0.15,0.15,0.1,0.15,0.1
2089,2089,Ewerby,LIN,Lincolnshire,0.15,0.15,0.1,0.15,0.1
2090,2090,Ewhurst,SRY,Surrey,0.15,0.15,0.1,0.15,0.1
2091,2091,Ewhurst,ESX,East Sussex,0.15,0.15,0.1,0.15,0.1
2092,2092,Ewyas Harold,HEF,Herefordshire,0.15,0.15,0.1,0.15,0.1
2093,2093,Exeter,DEV,Devon,0.15,0.15,0.1,0.15,0.1
2094,2094,Exhall,WAR,Warwickshire,0.15,0.15,0.1,0.15,0.1
2095,2095,Exminster,DEV,Devon,0.15,0.15,0.1,0.15,0.1
2096,2096,Exmouth,DEV,Devon,0.15,0.15,0.1,0.15,0.1
2097,2097,Exning,SFK,Suffolk,0.15,0.15,0.1,0.15,0.1
2098,2098,Exton,RUT,Rutland,0.15,0.15,0.1,0.15,0.1
2099,2099,Exton,DEV,Devon,0.15,0.15,0.1,0.15,0.1
2100,2100,Exton,HAM,Hampshire,0.15,0.15,0.1,0.15,0.1
2101,2101,Exton,SOM,Somerset,0.15,0.15,0.1,0.15,0.1
2102,2102,Eye,CAM,Cambridgeshire,0.15,0.15,0.1,0.15,0.1
2103,2103,Eye,HEF,Herefordshire,0.15,0.15,0.1,0.15,0.1
2104,2104,Eye,SFK,Suffolk,0.15,0.15,0.1,0.15,0.1
2105,2105,Eyemouth,SCB,Scottish Borders,0.15,0.15,0.1,0.15,0.1
2106,2106,Eynsford,KEN,Kent,0.15,0.15,0.1,0.15,0.1
2107,2107,Eynsham,OXF,Oxfordshire,0.15,0.15,0.1,0.15,0.1
2108,2108,Eythorne,KEN,Kent,0.15,0.15,0.1,0.15,0.1
2109,2109,Eyton,SHR,Shropshire,0.15,0.15,0.1,0.15,0.1
2110,2110,Eyton,HEF,Herefordshire,0.15,0.15,0.1,0.15,0.1
2111,2111,Eyton,WRX,Wrexham,0.15,0.15,0.1,0.15,0.1
2112,2112,Eyton upon the Weald Moors,SHR,Shropshire,0.15,0.15,0.1,0.15,0.1
2113,2113,Faifley,,West Dunbart,0.15,0.15,0.1,0.15,0.1
2114,2114,Failand,SOM,Somerset,0.15,0.15,0.1,0.15,0.1
2115,2115,Failsworth,,Greater Manchester,0.15,0.15,0.1,0.15,0.1
2116,2116,Fairbourne,GWN,Gwynedd,0.15,0.15,0.1,0.15,0.1
2117,2117,Fairburn,NYK,North Yorkshire,0.15,0.15,0.1,0.15,0.1
2118,2118,Fairford,GLS,Gloucestershire,0.15,0.15,0.1,0.15,0.1
2119,2119,Fairlie,NAY,North Ayrshire,0.15,0.15,0.1,0.15,0.1
2120,2120,Fairlight,ESX,East Sussex,0.15,0.15,0.1,0.15,0.1
2121,2121,Fakenham,NFK,Norfolk,0.15,0.15,0.1,0.15,0.1
2122,2122,Falfield,GLS,Gloucestershire,0.15,0.15,0.1,0.15,0.1
2123,2123,Falfield,FIF,Fife,0.15,0.15,0.1,0.15,0.1
2124,2124,Falkirk,FAL,Falkirk,0.15,0.15,0.1,0.15,0.1
2125,2125,Falkland,FIF,Fife,0.15,0.15,0.1,0.15,0.1
2126,2126,Fallin,STG,Stirling,0.15,0.15,0.1,0.15,0.1
2127,2127,Falmouth,CON,Cornwall,0.15,0.15,0.1,0.15,0.1
2128,2128,Far Forest,WOR,Worcestershire,0.15,0.15,0.1,0.15,0.1
2129,2129,Fareham,HAM,Hampshire,0.15,0.15,0.1,0.15,0.1
2130,2130,Faringdon,OXF,Oxfordshire,0.15,0.15,0.1,0.15,0.1
2131,2131,Farmborough,SOM,Somerset,0.15,0.15,0.1,0.15,0.1
2132,2132,Farnborough,,Berkshire,0.15,0.15,0.1,0.15,0.1
2133,2133,Farnborough,HAM,Hampshire,0.15,0.15,0.1,0.15,0.1
2134,2134,Farnborough,LND,Greater London,0.15,0.15,0.1,0.15,0.1
2135,2135,Farnborough,WAR,Warwickshire,0.15,0.15,0.1,0.15,0.1
2136,2136,Farndon,,Cheshire,0.15,0.15,0.1,0.15,0.1
2137,2137,Farndon,NTT,Nottinghamshire,0.15,0.15,0.1,0.15,0.1
2138,2138,Farnham,SFK,Suffolk,0.15,0.15,0.1,0.15,0.1
2139,2139,Farnham,SRY,Surrey,0.15,0.15,0.1,0.15,0.1
2140,2140,Farnham,DOR,Dorset,0.15,0.15,0.1,0.15,0.1
2141,2141,Farnham,ESS,Essex,0.15,0.15,0.1,0.15,0.1
2142,2142,Farnham,NYK,North Yorkshire,0.15,0.15,0.1,0.15,0.1
2143,2143,Farnham Royal,BKM,Buckinghamshire,0.15,0.15,0.1,0.15,0.1
2144,2144,Farnsfield,NTT,Nottinghamshire,0.15,0.15,0.1,0.15,0.1
2145,2145,Farnworth,,Greater Manchester,0.15,0.15,0.1,0.15,0.1
2146,2146,Farnworth,,Cheshire,0.15,0.15,0.1,0.15,0.1
2147,2147,Fauldhouse,WLN,West Lothian,0.15,0.15,0.1,0.15,0.1
2148,2148,Faversham,KEN,Kent,0.15,0.15,0.1,0.15,0.1
2149,2149,Fazeley,STS,Staffordshire,0.15,0.15,0.1,0.15,0.1
2150,2150,Featherstone,,West Yorkshire,0.15,0.15,0.1,0.15,0.1
2151,2151,Featherstone,STS,Staffordshire,0.15,0.15,0.1,0.15,0.1
2152,2152,Felbridge,WSX,West Sussex,0.15,0.15,0.1,0.15,0.1
2153,2153,Felixstowe,SFK,Suffolk,0.15,0.15,0.1,0.15,0.1
2154,2154,Felling,,Tyne And Wear,0.15,0.15,0.1,0.15,0.1
2155,2155,Feltham,LND,Greater London,0.15,0.15,0.1,0.15,0.1
2156,2156,Felton,HEF,Herefordshire,0.15,0.15,0.1,0.15,0.1
2157,2157,Felton,NBL,Northumberland,0.15,0.15,0.1,0.15,0.1
2158,2158,Feltwell,NFK,Norfolk,0.15,0.15,0.1,0.15,0.1
2159,2159,Fenny Compton,WAR,Warwickshire,0.15,0.15,0.1,0.15,0.1
2160,2160,Fenwick,EAY,East Ayrshire,0.15,0.15,0.1,0.15,0.1
2161,2161,Fenwick,,South Yorkshire,0.15,0.15,0.1,0.15,0.1
2162,2162,Fenwick,NBL,Northumberland,0.15,0.15,0.1,0.15,0.1
2163,2163,Ferndale,RCT,Rhondda Cynon Taff,0.15,0.15,0.1,0.15,0.1
2164,2164,Ferndown,DOR,Dorset,0.15,0.15,0.1,0.15,0.1
2165,2165,Fernhill Heath,WOR,Worcestershire,0.15,0.15,0.1,0.15,0.1
2166,2166,Fernhurst,WSX,West Sussex,0.15,0.15,0.1,0.15,0.1
2167,2167,Ferrybridge,,West Yorkshire,0.15,0.15,0.1,0.15,0.1
2168,2168,Ferryden,ANS,Angus,0.15,0.15,0.1,0.15,0.1
2169,2169,Ferryhill,DUR,Durham,0.15,0.15,0.1,0.15,0.1
2170,2170,Ferryside,CMN,Carmarthenshire,0.15,0.15,0.1,0.15,0.1
2171,2171,Ffestiniog,GWN,Gwynedd,0.15,0.15,0.1,0.15,0.1
2172,2172,Filby,NFK,Norfolk,0.15,0.15,0.1,0.15,0.1
2173,2173,Filey,NYK,North Yorkshire,0.15,0.15,0.1,0.15,0.1
2174,2174,Fillongley,WAR,Warwickshire,0.15,0.15,0.1,0.15,0.1
2175,2175,Fimber,ERY,East Riding Of Yorkshire,0.15,0.15,0.1,0.15,0.1
2176,2176,Finchampstead,,Berkshire,0.15,0.15,0.1,0.15,0.1
2177,2177,Finchingfield,ESS,Essex,0.15,0.15,0.1,0.15,0.1
2178,2178,Findern,DBY,Derbyshire,0.15,0.15,0.1,0.15,0.1
2179,2179,Findhorn,MRY,Moray,0.15,0.15,0.1,0.15,0.1
2180,2180,Findochty,MRY,Moray,0.15,0.15,0.1,0.15,0.1
2181,2181,Findon,WSX,West Sussex,0.15,0.15,0.1,0.15,0.1
2182,2182,Finedon,NTH,Northamptonshire,0.15,0.15,0.1,0.15,0.1
2183,2183,Fintona,,County Tyrone,0.15,0.15,0.1,0.15,0.1
2184,2184,Fishburn,DUR,Durham,0.15,0.15,0.1,0.15,0.1
2185,2185,Fishguard,PEM,Pembrokeshire,0.15,0.15,0.1,0.15,0.1
2186,2186,Fishtoft,LIN,Lincolnshire,0.15,0.15,0.1,0.15,0.1
2187,2187,Fittleworth,WSX,West Sussex,0.15,0.15,0.1,0.15,0.1
2188,2188,Fitzwilliam,,West Yorkshire,0.15,0.15,0.1,0.15,0.1
2189,2189,Five Oak Green,KEN,Kent,0.15,0.15,0.1,0.15,0.1
2190,2190,Fivehead,SOM,Somerset,0.15,0.15,0.1,0.15,0.1
2191,2191,Fladbury,WOR,Worcestershire,0.15,0.15,0.1,0.15,0.1
2192,2192,Flamborough,ERY,East Riding Of Yorkshire,0.15,0.15,0.1,0.15,0.1
2193,2193,Flamstead,HRT,Hertfordshire,0.15,0.15,0.1,0.15,0.1
2194,2194,Fleckney,LEC,Leicestershire,0.15,0.15,0.1,0.15,0.1
2195,2195,Fleet,LIN,Lincolnshire,0.15,0.15,0.1,0.15,0.1
2196,2196,Fleet,HAM,Hampshire,0.15,0.15,0.1,0.15,0.1
2197,2197,Fleetwood,LAN,Lancashire,0.15,0.15,0.1,0.15,0.1
2198,2198,Flexbury,CON,Cornwall,0.15,0.15,0.1,0.15,0.1
2199,2199,Flimby,CMA,Cumbria,0.15,0.15,0.1,0.15,0.1
2200,2200,Flimwell,ESX,East Sussex,0.15,0.15,0.1,0.15,0.1
2201,2201,Flint,FLN,Flintshire,0.15,0.15,0.1,0.15,0.1
2202,2202,Flitwick,,Bedfordshire,0.15,0.15,0.1,0.15,0.1
2203,2203,Flockton,,West Yorkshire,0.15,0.15,0.1,0.15,0.1
2204,2204,Flookburgh,CMA,Cumbria,0.15,0.15,0.1,0.15,0.1
2205,2205,Flore,NTH,Northamptonshire,0.15,0.15,0.1,0.15,0.1
2206,2206,Flushing,CON,Cornwall,0.15,0.15,0.1,0.15,0.1
2207,2207,Flushing,ABD,Aberdeenshire,0.15,0.15,0.1,0.15,0.1
2208,2208,Fochabers,MRY,Moray,0.15,0.15,0.1,0.15,0.1
2209,2209,Fochriw,CAY,Caerphilly,0.15,0.15,0.1,0.15,0.1
2210,2210,Folkestone,KEN,Kent,0.15,0.15,0.1,0.15,0.1
2211,2211,Folkingham,LIN,Lincolnshire,0.15,0.15,0.1,0.15,0.1
2212,2212,Folksworth,CAM,Cambridgeshire,0.15,0.15,0.1,0.15,0.1
2213,2213,Fontwell,WSX,West Sussex,0.15,0.15,0.1,0.15,0.1
2214,2214,Ford,WSX,West Sussex,0.15,0.15,0.1,0.15,0.1
2215,2215,Ford,DEV,Devon,0.15,0.15,0.1,0.15,0.1
2216,2216,Ford,NBL,Northumberland,0.15,0.15,0.1,0.15,0.1
2217,2217,Ford,BKM,Buckinghamshire,0.15,0.15,0.1,0.15,0.1
2218,2218,Ford,GLS,Gloucestershire,0.15,0.15,0.1,0.15,0.1
2219,2219,Ford,SOM,Somerset,0.15,0.15,0.1,0.15,0.1
2220,2220,Ford,PEM,Pembrokeshire,0.15,0.15,0.1,0.15,0.1
2221,2221,Ford,,Merseyside,0.15,0.15,0.1,0.15,0.1
2222,2222,Ford,AGB,Argyll And Bute,0.15,0.15,0.1,0.15,0.1
2223,2223,Ford,MLN,Midlothian,0.15,0.15,0.1,0.15,0.1
2224,2224,Ford,WIL,Wiltshire,0.15,0.15,0.1,0.15,0.1
2225,2225,Ford,SHR,Shropshire,0.15,0.15,0.1,0.15,0.1
2226,2226,Ford End,ESS,Essex,0.15,0.15,0.1,0.15,0.1
2227,2227,Forden,POW,Powys,0.15,0.15,0.1,0.15,0.1
2228,2228,Fordham,NFK,Norfolk,0.15,0.15,0.1,0.15,0.1
2229,2229,Fordham,ESS,Essex,0.15,0.15,0.1,0.15,0.1
2230,2230,Fordham,CAM,Cambridgeshire,0.15,0.15,0.1,0.15,0.1
2231,2231,Fordingbridge,HAM,Hampshire,0.15,0.15,0.1,0.15,0.1
2232,2232,Forest Row,ESX,East Sussex,0.15,0.15,0.1,0.15,0.1
2233,2233,Forfar,ANS,Angus,0.15,0.15,0.1,0.15,0.1
2234,2234,Forgandenny,PKN,Perth And Kinross,0.15,0.15,0.1,0.15,0.1
2235,2235,Formby,,Merseyside,0.15,0.15,0.1,0.15,0.1
2236,2236,Forres,MRY,Moray,0.15,0.15,0.1,0.15,0.1
2237,2237,Fort Augustus,HLD,Highland,0.15,0.15,0.1,0.15,0.1
2238,2238,Fort William,HLD,Highland,0.15,0.15,0.1,0.15,0.1
2239,2239,Forth,SLK,South Lanarkshire,0.15,0.15,0.1,0.15,0.1
2240,2240,Fortrose,HLD,Highland,0.15,0.15,0.1,0.15,0.1
2241,2241,Fortuneswell,DOR,Dorset,0.15,0.15,0.1,0.15,0.1
2242,2242,Foulridge,LAN,Lancashire,0.15,0.15,0.1,0.15,0.1
2243,2243,Foulsham,NFK,Norfolk,0.15,0.15,0.1,0.15,0.1
2244,2244,Four Crosses,STS,Staffordshire,0.15,0.15,0.1,0.15,0.1
2245,2245,Four Crosses,POW,Powys,0.15,0.15,0.1,0.15,0.1
2246,2246,Four Crosses,DEN,Denbighshire,0.15,0.15,0.1,0.15,0.1
2247,2247,Four Lanes,CON,Cornwall,0.15,0.15,0.1,0.15,0.1
2248,2248,Four Marks,HAM,Hampshire,0.15,0.15,0.1,0.15,0.1
2249,2249,Fovant,WIL,Wiltshire,0.15,0.15,0.1,0.15,0.1
2250,2250,Fowey,CON,Cornwall,0.15,0.15,0.1,0.15,0.1
2251,2251,Fowlmere,CAM,Cambridgeshire,0.15,0.15,0.1,0.15,0.1
2252,2252,Fownhope,HEF,Herefordshire,0.15,0.15,0.1,0.15,0.1
2253,2253,Framfield,ESX,East Sussex,0.15,0.15,0.1,0.15,0.1
2254,2254,Framlingham,SFK,Suffolk,0.15,0.15,0.1,0.15,0.1
2255,2255,Frampton on Severn,GLS,Gloucestershire,0.15,0.15,0.1,0.15,0.1
2256,2256,Frant,ESX,East Sussex,0.15,0.15,0.1,0.15,0.1
2257,2257,Fraserburgh,ABD,Aberdeenshire,0.15,0.15,0.1,0.15,0.1
2258,2258,Freckleton,LAN,Lancashire,0.15,0.15,0.1,0.15,0.1
2259,2259,Freethorpe,NFK,Norfolk,0.15,0.15,0.1,0.15,0.1
2260,2260,Fremington,DEV,Devon,0.15,0.15,0.1,0.15,0.1
2261,2261,Fremington,NYK,North Yorkshire,0.15,0.15,0.1,0.15,0.1
2262,2262,Freshford,SOM,Somerset,0.15,0.15,0.1,0.15,0.1
2263,2263,Freshwater,IOW,Isle Of Wight,0.15,0.15,0.1,0.15,0.1
2264,2264,Fressingfield,SFK,Suffolk,0.15,0.15,0.1,0.15,0.1
2265,2265,Freuchie,FIF,Fife,0.15,0.15,0.1,0.15,0.1
2266,2266,Frieth,BKM,Buckinghamshire,0.15,0.15,0.1,0.15,0.1
2267,2267,Frilford,OXF,Oxfordshire,0.15,0.15,0.1,0.15,0.1
2268,2268,Frimley,SRY,Surrey,0.15,0.15,0.1,0.15,0.1
2269,2269,Fringford,OXF,Oxfordshire,0.15,0.15,0.1,0.15,0.1
2270,2270,Frinton-on-Sea,ESS,Essex,0.15,0.15,0.1,0.15,0.1
2271,2271,Friockheim,ANS,Angus,0.15,0.15,0.1,0.15,0.1
2272,2272,Friston,SFK,Suffolk,0.15,0.15,0.1,0.15,0.1
2273,2273,Friston,ESX,East Sussex,0.15,0.15,0.1,0.15,0.1
2274,2274,Fritwell,OXF,Oxfordshire,0.15,0.15,0.1,0.15,0.1
2275,2275,Frizington,CMA,Cumbria,0.15,0.15,0.1,0.15,0.1
2276,2276,Frodsham,,Cheshire,0.15,0.15,0.1,0.15,0.1
2277,2277,Frome,SOM,Somerset,0.15,0.15,0.1,0.15,0.1
2278,2278,Frosterley,DUR,Durham,0.15,0.15,0.1,0.15,0.1
2279,2279,Fulbourn,CAM,Cambridgeshire,0.15,0.15,0.1,0.15,0.1
2280,2280,Fulford,STS,Staffordshire,0.15,0.15,0.1,0.15,0.1
2281,2281,Fulford,NYK,North Yorkshire,0.15,0.15,0.1,0.15,0.1
2282,2282,Fulford,SOM,Somerset,0.15,0.15,0.1,0.15,0.1
2283,2283,Fulking,WSX,West Sussex,0.15,0.15,0.1,0.15,0.1
2284,2284,Fulstow,LIN,Lincolnshire,0.15,0.15,0.1,0.15,0.1
2285,2285,Furneux Pelham,HRT,Hertfordshire,0.15,0.15,0.1,0.15,0.1
2286,2286,Fyfield,OXF,Oxfordshire,0.15,0.15,0.1,0.15,0.1
2287,2287,Fyfield,HAM,Hampshire,0.15,0.15,0.1,0.15,0.1
2288,2288,Fyfield,GLS,Gloucestershire,0.15,0.15,0.1,0.15,0.1
2289,2289,Fyfield,WIL,Wiltshire,0.15,0.15,0.1,0.15,0.1
2290,2290,Fyfield,ESS,Essex,0.15,0.15,0.1,0.15,0.1
2291,2291,Gaerwen,AGY,Isle Of Anglesey,0.15,0.15,0.1,0.15,0.1
2292,2292,Gainford,DUR,Durham,0.15,0.15,0.1,0.15,0.1
2293,2293,Gainsborough,LIN,Lincolnshire,0.15,0.15,0.1,0.15,0.1
2294,2294,Galashiels,SCB,Scottish Borders,0.15,0.15,0.1,0.15,0.1
2295,2295,Galgate,LAN,Lancashire,0.15,0.15,0.1,0.15,0.1
2296,2296,Galston,EAY,East Ayrshire,0.15,0.15,0.1,0.15,0.1
2297,2297,Gamlingay,CAM,Cambridgeshire,0.15,0.15,0.1,0.15,0.1
2298,2298,Garboldisham,NFK,Norfolk,0.15,0.15,0.1,0.15,0.1
2299,2299,Gardenstown,ABD,Aberdeenshire,0.15,0.15,0.1,0.15,0.1
2300,2300,Garelochhead,AGB,Argyll And Bute,0.15,0.15,0.1,0.15,0.1
2301,2301,Garforth,,West Yorkshire,0.15,0.15,0.1,0.15,0.1
2302,2302,Gargrave,NYK,North Yorkshire,0.15,0.15,0.1,0.15,0.1
2303,2303,Gargunnock,STG,Stirling,0.15,0.15,0.1,0.15,0.1
2304,2304,Garmouth,MRY,Moray,0.15,0.15,0.1,0.15,0.1
2305,2305,Garsington,OXF,Oxfordshire,0.15,0.15,0.1,0.15,0.1
2306,2306,Garstang,LAN,Lancashire,0.15,0.15,0.1,0.15,0.1
2307,2307,Gartcosh,NLK,North Lanarkshire,0.15,0.15,0.1,0.15,0.1
2308,2308,Garvagh,DRY,County Londonderry,0.15,0.15,0.1,0.15,0.1
2309,2309,Gatehouse of Fleet,,Dumfries And Galloway,0.15,0.15,0.1,0.15,0.1
2310,2310,Gateshead,DUR,Durham,0.15,0.15,0.1,0.15,0.1
2311,2311,Gateshead,,Tyne And Wear,0.15,0.15,0.1,0.15,0.1
2312,2312,Gauldry,FIF,Fife,0.15,0.15,0.1,0.15,0.1
2313,2313,Gawcott,BKM,Buckinghamshire,0.15,0.15,0.1,0.15,0.1
2314,2314,Gawsworth,,Cheshire,0.15,0.15,0.1,0.15,0.1
2315,2315,Gayhurst,BKM,Buckinghamshire,0.15,0.15,0.1,0.15,0.1
2316,2316,Gazeley,SFK,Suffolk,0.15,0.15,0.1,0.15,0.1
2317,2317,Geddington,NTH,Northamptonshire,0.15,0.15,0.1,0.15,0.1
2318,2318,Gedney Hill,LIN,Lincolnshire,0.15,0.15,0.1,0.15,0.1
2319,2319,Gelligaer,CAY,Caerphilly,0.15,0.15,0.1,0.15,0.1
2320,2320,Germoe,CON,Cornwall,0.15,0.15,0.1,0.15,0.1
2321,2321,Gerrans,CON,Cornwall,0.15,0.15,0.1,0.15,0.1
2322,2322,Gerrards Cross,BKM,Buckinghamshire,0.15,0.15,0.1,0.15,0.1
2323,2323,Giffnock,ERW,East Renfrewshire,0.15,0.15,0.1,0.15,0.1
2324,2324,Gifford,ELN,East Lothian,0.15,0.15,0.1,0.15,0.1
2325,2325,Gilberdyke,ERY,East Riding Of Yorkshire,0.15,0.15,0.1,0.15,0.1
2326,2326,Gildersome,,West Yorkshire,0.15,0.15,0.1,0.15,0.1
2327,2327,Gilfach Goch,RCT,Rhondda Cynon Taff,0.15,0.15,0.1,0.15,0.1
2328,2328,Gillingham,NFK,Norfolk,0.15,0.15,0.1,0.15,0.1
2329,2329,Gillingham,KEN,Kent,0.15,0.15,0.1,0.15,0.1
2330,2330,Gillingham,DOR,Dorset,0.15,0.15,0.1,0.15,0.1
2331,2331,Gilmorton,LEC,Leicestershire,0.15,0.15,0.1,0.15,0.1
2332,2332,Gilwern,MON,Monmouthshire,0.15,0.15,0.1,0.15,0.1
2333,2333,Girton,CAM,Cambridgeshire,0.15,0.15,0.1,0.15,0.1
2334,2334,Girton,NTT,Nottinghamshire,0.15,0.15,0.1,0.15,0.1
2335,2335,Girvan,SAY,South Ayrshire,0.15,0.15,0.1,0.15,0.1
2336,2336,Gisburn,LAN,Lancashire,0.15,0.15,0.1,0.15,0.1
2337,2337,Gislingham,SFK,Suffolk,0.15,0.15,0.1,0.15,0.1
2338,2338,Glandwr,PEM,Pembrokeshire,0.15,0.15,0.1,0.15,0.1
2339,2339,Glapwell,DBY,Derbyshire,0.15,0.15,0.1,0.15,0.1
2340,2340,Glasgow,GLG,Glasgow City,0.15,0.15,0.1,0.15,0.1
2341,2341,Glasgow,,Dunbartonshire,0.15,0.15,0.1,0.15,0.1
2342,2342,Glassford,SLK,South Lanarkshire,0.15,0.15,0.1,0.15,0.1
2343,2343,Glastonbury,SOM,Somerset,0.15,0.15,0.1,0.15,0.1
2344,2344,Glazebury,,Cheshire,0.15,0.15,0.1,0.15,0.1
2345,2345,Glemsford,SFK,Suffolk,0.15,0.15,0.1,0.15,0.1
2346,2346,Glenariff,ANT,County Antrim,0.15,0.15,0.1,0.15,0.1
2347,2347,Glenavy,ANT,County Antrim,0.15,0.15,0.1,0.15,0.1
2348,2348,Glenboig,NLK,North Lanarkshire,0.15,0.15,0.1,0.15,0.1
2349,2349,Glenfarg,PKN,Perth And Kinross,0.15,0.15,0.1,0.15,0.1
2350,2350,Glenfield,LEC,Leicestershire,0.15,0.15,0.1,0.15,0.1
2351,2351,Glenluce,,Dumfries And Galloway,0.15,0.15,0.1,0.15,0.1
2352,2352,Glenmavis,NLK,North Lanarkshire,0.15,0.15,0.1,0.15,0.1
2353,2353,Glenrothes,FIF,Fife,0.15,0.15,0.1,0.15,0.1
2354,2354,Glentham,LIN,Lincolnshire,0.15,0.15,0.1,0.15,0.1
2355,2355,Glinton,CAM,Cambridgeshire,0.15,0.15,0.1,0.15,0.1
2356,2356,Glossop,DBY,Derbyshire,0.15,0.15,0.1,0.15,0.1
2357,2357,Gloucester,GLS,Gloucestershire,0.15,0.15,0.1,0.15,0.1
2358,2358,Glusburn,NYK,North Yorkshire,0.15,0.15,0.1,0.15,0.1
2359,2359,Glyncorrwg,NTL,Neath Port Talbot,0.15,0.15,0.1,0.15,0.1
2360,2360,Gnosall,STS,Staffordshire,0.15,0.15,0.1,0.15,0.1
2361,2361,Gobowen,SHR,Shropshire,0.15,0.15,0.1,0.15,0.1
2362,2362,Godalming,SRY,Surrey,0.15,0.15,0.1,0.15,0.1
2363,2363,Godshill,IOW,Isle Of Wight,0.15,0.15,0.1,0.15,0.1
2364,2364,Godshill,HAM,Hampshire,0.15,0.15,0.1,0.15,0.1
2365,2365,Godstone,SRY,Surrey,0.15,0.15,0.1,0.15,0.1
2366,2366,Golborne,,Greater Manchester,0.15,0.15,0.1,0.15,0.1
2367,2367,Goldhanger,ESS,Essex,0.15,0.15,0.1,0.15,0.1
2368,2368,Golspie,HLD,Highland,0.15,0.15,0.1,0.15,0.1
2369,2369,Goodwick,PEM,Pembrokeshire,0.15,0.15,0.1,0.15,0.1
2370,2370,Goodworth Clatford,HAM,Hampshire,0.15,0.15,0.1,0.15,0.1
2371,2371,Goole,ERY,East Riding Of Yorkshire,0.15,0.15,0.1,0.15,0.1
2372,2372,Goosnargh,LAN,Lancashire,0.15,0.15,0.1,0.15,0.1
2373,2373,Goostrey,,Cheshire,0.15,0.15,0.1,0.15,0.1
2374,2374,Gorebridge,MLN,Midlothian,0.15,0.15,0.1,0.15,0.1
2375,2375,Goring,OXF,Oxfordshire,0.15,0.15,0.1,0.15,0.1
2376,2376,Goring-by-Sea,WSX,West Sussex,0.15,0.15,0.1,0.15,0.1
2377,2377,Gorran Haven,CON,Cornwall,0.15,0.15,0.1,0.15,0.1
2378,2378,Gorseinon,SWA,Swansea,0.15,0.15,0.1,0.15,0.1
2379,2379,Gosberton,LIN,Lincolnshire,0.15,0.15,0.1,0.15,0.1
2380,2380,Gosfield,ESS,Essex,0.15,0.15,0.1,0.15,0.1
2381,2381,Gosforth,CMA,Cumbria,0.15,0.15,0.1,0.15,0.1
2382,2382,Gosforth,,Tyne And Wear,0.15,0.15,0.1,0.15,0.1
2383,2383,Gosport,HAM,Hampshire,0.15,0.15,0.1,0.15,0.1
2384,2384,Gossops Green,WSX,West Sussex,0.15,0.15,0.1,0.15,0.1
2385,2385,Gotham,NTT,Nottinghamshire,0.15,0.15,0.1,0.15,0.1
2386,2386,Gotherington,GLS,Gloucestershire,0.15,0.15,0.1,0.15,0.1
2387,2387,Goudhurst,KEN,Kent,0.15,0.15,0.1,0.15,0.1
2388,2388,Gourdon,ABD,Aberdeenshire,0.15,0.15,0.1,0.15,0.1
2389,2389,Gourock,IVC,Inverclyde,0.15,0.15,0.1,0.15,0.1
2390,2390,Govilon,MON,Monmouthshire,0.15,0.15,0.1,0.15,0.1
2391,2391,Goxhill,LIN,Lincolnshire,0.15,0.15,0.1,0.15,0.1
2392,2392,Goxhill,ERY,East Riding Of Yorkshire,0.15,0.15,0.1,0.15,0.1
2393,2393,Graffham,WSX,West Sussex,0.15,0.15,0.1,0.15,0.1
2394,2394,Grain,KEN,Kent,0.15,0.15,0.1,0.15,0.1
2395,2395,Grainthorpe,LIN,Lincolnshire,0.15,0.15,0.1,0.15,0.1
2396,2396,Grampound,CON,Cornwall,0.15,0.15,0.1,0.15,0.1
2397,2397,Grange Hill,ESS,Essex,0.15,0.15,0.1,0.15,0.1
2398,2398,Grange-over-Sands,CMA,Cumbria,0.15,0.15,0.1,0.15,0.1
2399,2399,Grangemouth,FAL,Falkirk,0.15,0.15,0.1,0.15,0.1
2400,2400,Grantchester,CAM,Cambridgeshire,0.15,0.15,0.1,0.15,0.1
2401,2401,Grantham,LIN,Lincolnshire,0.15,0.15,0.1,0.15,0.1
2402,2402,Grappenhall,,Cheshire,0.15,0.15,0.1,0.15,0.1
2403,2403,Grassington,NYK,North Yorkshire,0.15,0.15,0.1,0.15,0.1
2404,2404,Gravesend,KEN,Kent,0.15,0.15,0.1,0.15,0.1
2405,2405,Grays,ESS,Essex,0.15,0.15,0.1,0.15,0.1
2406,2406,Greasby,,Merseyside,0.15,0.15,0.1,0.15,0.1
2407,2407,Great Amwell,HRT,Hertfordshire,0.15,0.15,0.1,0.15,0.1
2408,2408,Great Ayton,NYK,North Yorkshire,0.15,0.15,0.1,0.15,0.1
2409,2409,Great Bardfield,ESS,Essex,0.15,0.15,0.1,0.15,0.1
2410,2410,Great Barford,,Bedfordshire,0.15,0.15,0.1,0.15,0.1
2411,2411,Great Barrow,,Cheshire,0.15,0.15,0.1,0.15,0.1
2412,2412,Great Barton,SFK,Suffolk,0.15,0.15,0.1,0.15,0.1
2413,2413,Great Bedwyn,WIL,Wiltshire,0.15,0.15,0.1,0.15,0.1
2414,2414,Great Bentley,ESS,Essex,0.15,0.15,0.1,0.15,0.1
2415,2415,Great Bookham,SRY,Surrey,0.15,0.15,0.1,0.15,0.1
2416,2416,Great Brickhill,BKM,Buckinghamshire,0.15,0.15,0.1,0.15,0.1
2417,2417,Great Broughton,CMA,Cumbria,0.15,0.15,0.1,0.15,0.1
2418,2418,Great Broughton,NYK,North Yorkshire,0.15,0.15,0.1,0.15,0.1
2419,2419,Great Chesterford,ESS,Essex,0.15,0.15,0.1,0.15,0.1
2420,2420,Great Chishill,CAM,Cambridgeshire,0.15,0.15,0.1,0.15,0.1
2421,2421,Great Coates,LIN,Lincolnshire,0.15,0.15,0.1,0.15,0.1
2422,2422,Great Dalby,LEC,Leicestershire,0.15,0.15,0.1,0.15,0.1
2423,2423,Great Dunmow,ESS,Essex,0.15,0.15,0.1,0.15,0.1
2424,2424,Great Eccleston,LAN,Lancashire,0.15,0.15,0.1,0.15,0.1
2425,2425,Great Ellingham,NFK,Norfolk,0.15,0.15,0.1,0.15,0.1
2426,2426,Great Finborough,SFK,Suffolk,0.15,0.15,0.1,0.15,0.1
2427,2427,Great Glen,LEC,Leicestershire,0.15,0.15,0.1,0.15,0.1
2428,2428,Great Gonerby,LIN,Lincolnshire,0.15,0.15,0.1,0.15,0.1
2429,2429,Great Gransden,CAM,Cambridgeshire,0.15,0.15,0.1,0.15,0.1
2430,2430,Great Habton,NYK,North Yorkshire,0.15,0.15,0.1,0.15,0.1
2431,2431,Great Hanwood,SHR,Shropshire,0.15,0.15,0.1,0.15,0.1
2432,2432,Great Harwood,LAN,Lancashire,0.15,0.15,0.1,0.15,0.1
2433,2433,Great Haseley,OXF,Oxfordshire,0.15,0.15,0.1,0.15,0.1
2434,2434,Great Haywood,STS,Staffordshire,0.15,0.15,0.1,0.15,0.1
2435,2435,Great Horkesley,ESS,Essex,0.15,0.15,0.1,0.15,0.1
2436,2436,Great Horwood,BKM,Buckinghamshire,0.15,0.15,0.1,0.15,0.1
2437,2437,Great Houghton,,South Yorkshire,0.15,0.15,0.1,0.15,0.1
2438,2438,Great Houghton,NTH,Northamptonshire,0.15,0.15,0.1,0.15,0.1
2439,2439,Great Kimble,BKM,Buckinghamshire,0.15,0.15,0.1,0.15,0.1
2440,2440,Great Leighs,ESS,Essex,0.15,0.15,0.1,0.15,0.1
2441,2441,Great Longstone,DBY,Derbyshire,0.15,0.15,0.1,0.15,0.1
2442,2442,Great Malvern,WOR,Worcestershire,0.15,0.15,0.1,0.15,0.1
2443,2443,Great Marton,LAN,Lancashire,0.15,0.15,0.1,0.15,0.1
2444,2444,Great Massingham,NFK,Norfolk,0.15,0.15,0.1,0.15,0.1
2445,2445,Great Milton,OXF,Oxfordshire,0.15,0.15,0.1,0.15,0.1
2446,2446,Great Missenden,BKM,Buckinghamshire,0.15,0.15,0.1,0.15,0.1
2447,2447,Great Ness,SHR,Shropshire,0.15,0.15,0.1,0.15,0.1
2448,2448,Great Oakley,ESS,Essex,0.15,0.15,0.1,0.15,0.1
2449,2449,Great Oakley,NTH,Northamptonshire,0.15,0.15,0.1,0.15,0.1
2450,2450,Great Offley,HRT,Hertfordshire,0.15,0.15,0.1,0.15,0.1
2451,2451,Great Paxton,CAM,Cambridgeshire,0.15,0.15,0.1,0.15,0.1
2452,2452,Great Rollright,OXF,Oxfordshire,0.15,0.15,0.1,0.15,0.1
2453,2453,Great Ryburgh,NFK,Norfolk,0.15,0.15,0.1,0.15,0.1
2454,2454,Great Sampford,ESS,Essex,0.15,0.15,0.1,0.15,0.1
2455,2455,Great Sankey,,Cheshire,0.15,0.15,0.1,0.15,0.1
2456,2456,Great Shefford,,Berkshire,0.15,0.15,0.1,0.15,0.1
2457,2457,Great Somerford,WIL,Wiltshire,0.15,0.15,0.1,0.15,0.1
2458,2458,Great Staughton,CAM,Cambridgeshire,0.15,0.15,0.1,0.15,0.1
2459,2459,Great Tey,ESS,Essex,0.15,0.15,0.1,0.15,0.1
2460,2460,Great Torrington,DEV,Devon,0.15,0.15,0.1,0.15,0.1
2461,2461,Great Totham,ESS,Essex,0.15,0.15,0.1,0.15,0.1
2462,2462,Great Wakering,ESS,Essex,0.15,0.15,0.1,0.15,0.1
2463,2463,Great Waldingfield,SFK,Suffolk,0.15,0.15,0.1,0.15,0.1
2464,2464,Great Waltham,ESS,Essex,0.15,0.15,0.1,0.15,0.1
2465,2465,Great Wilbraham,CAM,Cambridgeshire,0.15,0.15,0.1,0.15,0.1
2466,2466,Great Witley,WOR,Worcestershire,0.15,0.15,0.1,0.15,0.1
2467,2467,Great Wyrley,STS,Staffordshire,0.15,0.15,0.1,0.15,0.1
2468,2468,Great Yarmouth,NFK,Norfolk,0.15,0.15,0.1,0.15,0.1
2469,2469,Great Yeldham,ESS,Essex,0.15,0.15,0.1,0.15,0.1
2470,2470,Greatham,WSX,West Sussex,0.15,0.15,0.1,0.15,0.1
2471,2471,Greatham,HAM,Hampshire,0.15,0.15,0.1,0.15,0.1
2472,2472,Greatham,DUR,Durham,0.15,0.15,0.1,0.15,0.1
2473,2473,Greatworth,NTH,Northamptonshire,0.15,0.15,0.1,0.15,0.1
2474,2474,Greenfield,OXF,Oxfordshire,0.15,0.15,0.1,0.15,0.1
2475,2475,Greenfield,,Greater Manchester,0.15,0.15,0.1,0.15,0.1
2476,2476,Greenfield,,Bedfordshire,0.15,0.15,0.1,0.15,0.1
2477,2477,Greenfield,HLD,Highland,0.15,0.15,0.1,0.15,0.1
2478,2478,Greenfield,FLN,Flintshire,0.15,0.15,0.1,0.15,0.1
2479,2479,Greenford,LND,Greater London,0.15,0.15,0.1,0.15,0.1
2480,2480,Greenham,,Berkshire,0.15,0.15,0.1,0.15,0.1
2481,2481,Greenham,SOM,Somerset,0.15,0.15,0.1,0.15,0.1
2482,2482,Greenhead,CMA,Cumbria,0.15,0.15,0.1,0.15,0.1
2483,2483,Greenhill,LND,Greater London,0.15,0.15,0.1,0.15,0.1
2484,2484,Greenhill,,South Yorkshire,0.15,0.15,0.1,0.15,0.1
2485,2485,Greenhill,HLD,Highland,0.15,0.15,0.1,0.15,0.1
2486,2486,Greenhithe,KEN,Kent,0.15,0.15,0.1,0.15,0.1
2487,2487,Greenisland,ANT,County Antrim,0.15,0.15,0.1,0.15,0.1
2488,2488,Greenlaw,ABD,Aberdeenshire,0.15,0.15,0.1,0.15,0.1
2489,2489,Greenlaw,SCB,Scottish Borders,0.15,0.15,0.1,0.15,0.1
2490,2490,Greenock,IVC,Inverclyde,0.15,0.15,0.1,0.15,0.1
2491,2491,Greenock,RFW,Renfrewshire,0.15,0.15,0.1,0.15,0.1
2492,2492,Greetham,LIN,Lincolnshire,0.15,0.15,0.1,0.15,0.1
2493,2493,Greetham,RUT,Rutland,0.15,0.15,0.1,0.15,0.1
2494,2494,Grendon,WAR,Warwickshire,0.15,0.15,0.1,0.15,0.1
2495,2495,Grendon,NTH,Northamptonshire,0.15,0.15,0.1,0.15,0.1
2496,2496,Grendon Underwood,BKM,Buckinghamshire,0.15,0.15,0.1,0.15,0.1
2497,2497,Gresford,WRX,Wrexham,0.15,0.15,0.1,0.15,0.1
2498,2498,Gretna,,Dumfries And Galloway,0.15,0.15,0.1,0.15,0.1
2499,2499,Greyabbey,DOW,County Down,0.15,0.15,0.1,0.15,0.1
2500,2500,Greystoke,CMA,Cumbria,0.15,0.15,0.1,0.15,0.1
2501,2501,Grimethorpe,,South Yorkshire,0.15,0.15,0.1,0.15,0.1
2502,2502,Grimsby,LIN,Lincolnshire,0.15,0.15,0.1,0.15,0.1
2503,2503,Grimston,LEC,Leicestershire,0.15,0.15,0.1,0.15,0.1
2504,2504,Grimston,NFK,Norfolk,0.15,0.15,0.1,0.15,0.1
2505,2505,Grindale,ERY,East Riding Of Yorkshire,0.15,0.15,0.1,0.15,0.1
2506,2506,Grindon,STS,Staffordshire,0.15,0.15,0.1,0.15,0.1
2507,2507,Grindon,NBL,Northumberland,0.15,0.15,0.1,0.15,0.1
2508,2508,Griston,NFK,Norfolk,0.15,0.15,0.1,0.15,0.1
2509,2509,Groeslon,GWN,Gwynedd,0.15,0.15,0.1,0.15,0.1
2510,2510,Gronant,FLN,Flintshire,0.15,0.15,0.1,0.15,0.1
2511,2511,Groombridge,ESX,East Sussex,0.15,0.15,0.1,0.15,0.1
2512,2512,Grosmont,NYK,North Yorkshire,0.15,0.15,0.1,0.15,0.1
2513,2513,Grosmont,MON,Monmouthshire,0.15,0.15,0.1,0.15,0.1
2514,2514,Grove,DOR,Dorset,0.15,0.15,0.1,0.15,0.1
2515,2515,Grove,KEN,Kent,0.15,0.15,0.1,0.15,0.1
2516,2516,Grove,NTT,Nottinghamshire,0.15,0.15,0.1,0.15,0.1
2517,2517,Grove,OXF,Oxfordshire,0.15,0.15,0.1,0.15,0.1
2518,2518,Grovesend,SWA,Swansea,0.15,0.15,0.1,0.15,0.1
2519,2519,Grundisburgh,SFK,Suffolk,0.15,0.15,0.1,0.15,0.1
2520,2520,Guardbridge,FIF,Fife,0.15,0.15,0.1,0.15,0.1
2521,2521,Guilden Morden,CAM,Cambridgeshire,0.15,0.15,0.1,0.15,0.1
2522,2522,Guilden Sutton,,Cheshire,0.15,0.15,0.1,0.15,0.1
2523,2523,Guildford,SRY,Surrey,0.15,0.15,0.1,0.15,0.1
2524,2524,Guilsborough,NTH,Northamptonshire,0.15,0.15,0.1,0.15,0.1
2525,2525,Guilsfield,POW,Powys,0.15,0.15,0.1,0.15,0.1
2526,2526,Guisborough,NYK,North Yorkshire,0.15,0.15,0.1,0.15,0.1
2527,2527,Guiseley,,West Yorkshire,0.15,0.15,0.1,0.15,0.1
2528,2528,Gullane,ELN,East Lothian,0.15,0.15,0.1,0.15,0.1
2529,2529,Gunness,LIN,Lincolnshire,0.15,0.15,0.1,0.15,0.1
2530,2530,Gunnislake,CON,Cornwall,0.15,0.15,0.1,0.15,0.1
2531,2531,Gurnard,IOW,Isle Of Wight,0.15,0.15,0.1,0.15,0.1
2532,2532,Gwalchmai,AGY,Isle Of Anglesey,0.15,0.15,0.1,0.15,0.1
2533,2533,Gweek,CON,Cornwall,0.15,0.15,0.1,0.15,0.1
2534,2534,Habrough,LIN,Lincolnshire,0.15,0.15,0.1,0.15,0.1
2535,2535,Hackleton,NTH,Northamptonshire,0.15,0.15,0.1,0.15,0.1
2536,2536,Hackney,LND,Greater London,0.15,0.15,0.1,0.15,0.1
2537,2537,Haddenham,BKM,Buckinghamshire,0.15,0.15,0.1,0.15,0.1
2538,2538,Haddenham,CAM,Cambridgeshire,0.15,0.15,0.1,0.15,0.1
2539,2539,Haddington,LIN,Lincolnshire,0.15,0.15,0.1,0.15,0.1
2540,2540,Haddington,ELN,East Lothian,0.15,0.15,0.1,0.15,0.1
2541,2541,Hadleigh,SFK,Suffolk,0.15,0.15,0.1,0.15,0.1
2542,2542,Hadleigh,ESS,Essex,0.15,0.15,0.1,0.15,0.1
2543,2543,Hadley,SHR,Shropshire,0.15,0.15,0.1,0.15,0.1
2544,2544,Hadley Wood,LND,Greater London,0.15,0.15,0.1,0.15,0.1
2545,2545,Hadlow,KEN,Kent,0.15,0.15,0.1,0.15,0.1
2546,2546,Haggs,FAL,Falkirk,0.15,0.15,0.1,0.15,0.1
2547,2547,Hagley,HEF,Herefordshire,0.15,0.15,0.1,0.15,0.1
2548,2548,Hagley,WOR,Worcestershire,0.15,0.15,0.1,0.15,0.1
2549,2549,Haigh,,Greater Manchester,0.15,0.15,0.1,0.15,0.1
2550,2550,Hail Weston,CAM,Cambridgeshire,0.15,0.15,0.1,0.15,0.1
2551,2551,Hailsham,ESX,East Sussex,0.15,0.15,0.1,0.15,0.1
2552,2552,Hainault,LND,Greater London,0.15,0.15,0.1,0.15,0.1
2553,2553,Halberton,DEV,Devon,0.15,0.15,0.1,0.15,0.1
2554,2554,Hale,HAM,Hampshire,0.15,0.15,0.1,0.15,0.1
2555,2555,Hale,,Greater Manchester,0.15,0.15,0.1,0.15,0.1
2556,2556,Hale,SRY,Surrey,0.15,0.15,0.1,0.15,0.1
2557,2557,Hales,STS,Staffordshire,0.15,0.15,0.1,0.15,0.1
2558,2558,Hales,NFK,Norfolk,0.15,0.15,0.1,0.15,0.1
2559,2559,Halesowen,,West Midlands,0.15,0.15,0.1,0.15,0.1
2560,2560,Halesworth,SFK,Suffolk,0.15,0.15,0.1,0.15,0.1
2561,2561,Halifax,,West Yorkshire,0.15,0.15,0.1,0.15,0.1
2562,2562,Halkirk,HLD,Highland,0.15,0.15,0.1,0.15,0.1
2563,2563,Halkyn,FLN,Flintshire,0.15,0.15,0.1,0.15,0.1
2564,2564,Hallaton,LEC,Leicestershire,0.15,0.15,0.1,0.15,0.1
2565,2565,Halling,KEN,Kent,0.15,0.15,0.1,0.15,0.1
2566,2566,Hallow,WOR,Worcestershire,0.15,0.15,0.1,0.15,0.1
2567,2567,Halsham,ERY,East Riding Of Yorkshire,0.15,0.15,0.1,0.15,0.1
2568,2568,Halstead,ESS,Essex,0.15,0.15,0.1,0.15,0.1
2569,2569,Halstead,KEN,Kent,0.15,0.15,0.1,0.15,0.1
2570,2570,Halstead,LEC,Leicestershire,0.15,0.15,0.1,0.15,0.1
2571,2571,Halstock,DOR,Dorset,0.15,0.15,0.1,0.15,0.1
2572,2572,Halton,LAN,Lancashire,0.15,0.15,0.1,0.15,0.1
2573,2573,Halton,,West Yorkshire,0.15,0.15,0.1,0.15,0.1
2574,2574,Halton,BKM,Buckinghamshire,0.15,0.15,0.1,0.15,0.1
2575,2575,Halton,,Cheshire,0.15,0.15,0.1,0.15,0.1
2576,2576,Halton,NBL,Northumberland,0.15,0.15,0.1,0.15,0.1
2577,2577,Halton,WRX,Wrexham,0.15,0.15,0.1,0.15,0.1
2578,2578,Haltwhistle,NBL,Northumberland,0.15,0.15,0.1,0.15,0.1
2579,2579,Halvergate,NFK,Norfolk,0.15,0.15,0.1,0.15,0.1
2580,2580,Hamble-le-Rice,HAM,Hampshire,0.15,0.15,0.1,0.15,0.1
2581,2581,Hambledon,SRY,Surrey,0.15,0.15,0.1,0.15,0.1
2582,2582,Hambledon,HAM,Hampshire,0.15,0.15,0.1,0.15,0.1
2583,2583,Hambleton,NYK,North Yorkshire,0.15,0.15,0.1,0.15,0.1
2584,2584,Hambleton,LAN,Lancashire,0.15,0.15,0.1,0.15,0.1
2585,2585,Hamilton,SLK,South Lanarkshire,0.15,0.15,0.1,0.15,0.1
2586,2586,Hammersmith,LND,Greater London,0.15,0.15,0.1,0.15,0.1
2587,2587,Hampsthwaite,NYK,North Yorkshire,0.15,0.15,0.1,0.15,0.1
2588,2588,Hampton,SHR,Shropshire,0.15,0.15,0.1,0.15,0.1
2589,2589,Hampton,WOR,Worcestershire,0.15,0.15,0.1,0.15,0.1
2590,2590,Hampton,LND,Greater London,0.15,0.15,0.1,0.15,0.1
2591,2591,Hampton in Arden,,West Midlands,0.15,0.15,0.1,0.15,0.1
2592,2592,Hamsterley,DUR,Durham,0.15,0.15,0.1,0.15,0.1
2593,2593,Hamsterley,,Tyne And Wear,0.15,0.15,0.1,0.15,0.1
2594,2594,Handcross,WSX,West Sussex,0.15,0.15,0.1,0.15,0.1
2595,2595,Hankerton,WIL,Wiltshire,0.15,0.15,0.1,0.15,0.1
2596,2596,Hanley Swan,WOR,Worcestershire,0.15,0.15,0.1,0.15,0.1
2597,2597,Hannington,WIL,Wiltshire,0.15,0.15,0.1,0.15,0.1
2598,2598,Hannington,HAM,Hampshire,0.15,0.15,0.1,0.15,0.1
2599,2599,Hannington,NTH,Northamptonshire,0.15,0.15,0.1,0.15,0.1
2600,2600,Hanslope,BKM,Buckinghamshire,0.15,0.15,0.1,0.15,0.1
2601,2601,Hanwell,LND,Greater London,0.15,0.15,0.1,0.15,0.1
2602,2602,Hanwell,OXF,Oxfordshire,0.15,0.15,0.1,0.15,0.1
2603,2603,Hapton,NFK,Norfolk,0.15,0.15,0.1,0.15,0.1
2604,2604,Hapton,LAN,Lancashire,0.15,0.15,0.1,0.15,0.1
2605,2605,Harbury,WAR,Warwickshire,0.15,0.15,0.1,0.15,0.1
2606,2606,Harby,NTT,Nottinghamshire,0.15,0.15,0.1,0.15,0.1
2607,2607,Harby,LEC,Leicestershire,0.15,0.15,0.1,0.15,0.1
2608,2608,Hardingstone,NTH,Northamptonshire,0.15,0.15,0.1,0.15,0.1
2609,2609,Harefield,LND,Greater London,0.15,0.15,0.1,0.15,0.1
2610,2610,Harlaxton,LIN,Lincolnshire,0.15,0.15,0.1,0.15,0.1
2611,2611,Harlech,GWN,Gwynedd,0.15,0.15,0.1,0.15,0.1
2612,2612,Harleston,SFK,Suffolk,0.15,0.15,0.1,0.15,0.1
2613,2613,Harleston,NFK,Norfolk,0.15,0.15,0.1,0.15,0.1
2614,2614,Harley,SHR,Shropshire,0.15,0.15,0.1,0.15,0.1
2615,2615,Harlington,,Bedfordshire,0.15,0.15,0.1,0.15,0.1
2616,2616,Harlow,ESS,Essex,0.15,0.15,0.1,0.15,0.1
2617,2617,Harmondsworth,LND,Greater London,0.15,0.15,0.1,0.15,0.1
2618,2618,Harmston,LIN,Lincolnshire,0.15,0.15,0.1,0.15,0.1
2619,2619,Harold Wood,LND,Greater London,0.15,0.15,0.1,0.15,0.1
2620,2620,Harpenden,HRT,Hertfordshire,0.15,0.15,0.1,0.15,0.1
2621,2621,Harpole,NTH,Northamptonshire,0.15,0.15,0.1,0.15,0.1
2622,2622,Harrietsham,KEN,Kent,0.15,0.15,0.1,0.15,0.1
2623,2623,Harringay,LND,Greater London,0.15,0.15,0.1,0.15,0.1
2624,2624,Harrogate,NYK,North Yorkshire,0.15,0.15,0.1,0.15,0.1
2625,2625,Harrold,,Bedfordshire,0.15,0.15,0.1,0.15,0.1
2626,2626,Harrow,LND,Greater London,0.15,0.15,0.1,0.15,0.1
2627,2627,Harrow,HLD,Highland,0.15,0.15,0.1,0.15,0.1
2628,2628,Harrow on the Hill,LND,Greater London,0.15,0.15,0.1,0.15,0.1
2629,2629,Harston,CAM,Cambridgeshire,0.15,0.15,0.1,0.15,0.1
2630,2630,Harston,LIN,Lincolnshire,0.15,0.15,0.1,0.15,0.1
2631,2631,Hartburn,DUR,Durham,0.15,0.15,0.1,0.15,0.1
2632,2632,Hartburn,NBL,Northumberland,0.15,0.15,0.1,0.15,0.1
2633,2633,Hartford,,Cheshire,0.15,0.15,0.1,0.15,0.1
2634,2634,Harthill,,Cheshire,0.15,0.15,0.1,0.15,0.1
2635,2635,Harthill,NLK,North Lanarkshire,0.15,0.15,0.1,0.15,0.1
2636,2636,Hartland,DEV,Devon,0.15,0.15,0.1,0.15,0.1
2637,2637,Hartlebury,WOR,Worcestershire,0.15,0.15,0.1,0.15,0.1
2638,2638,Hartlepool,DUR,Durham,0.15,0.15,0.1,0.15,0.1
2639,2639,Hartley,KEN,Kent,0.15,0.15,0.1,0.15,0.1
2640,2640,Hartley,NBL,Northumberland,0.15,0.15,0.1,0.15,0.1
2641,2641,Hartley,CMA,Cumbria,0.15,0.15,0.1,0.15,0.1
2642,2642,Hartley Wintney,HAM,Hampshire,0.15,0.15,0.1,0.15,0.1
2643,2643,Hartpury,GLS,Gloucestershire,0.15,0.15,0.1,0.15,0.1
2644,2644,Hartshill,WAR,Warwickshire,0.15,0.15,0.1,0.15,0.1
2645,2645,Hartwell,BKM,Buckinghamshire,0.15,0.15,0.1,0.15,0.1
2646,2646,Hartwell,ESX,East Sussex,0.15,0.15,0.1,0.15,0.1
2647,2647,Hartwell,NTH,Northamptonshire,0.15,0.15,0.1,0.15,0.1
2648,2648,Harvington,WOR,Worcestershire,0.15,0.15,0.1,0.15,0.1
2649,2649,Harwell,NTT,Nottinghamshire,0.15,0.15,0.1,0.15,0.1
2650,2650,Harwell,OXF,Oxfordshire,0.15,0.15,0.1,0.15,0.1
2651,2651,Harwich,ESS,Essex,0.15,0.15,0.1,0.15,0.1
2652,2652,Haselbury Plucknett,SOM,Somerset,0.15,0.15,0.1,0.15,0.1
2653,2653,Haslemere,SRY,Surrey,0.15,0.15,0.1,0.15,0.1
2654,2654,Haslingden,LAN,Lancashire,0.15,0.15,0.1,0.15,0.1
2655,2655,Haslingfield,CAM,Cambridgeshire,0.15,0.15,0.1,0.15,0.1
2656,2656,Hassocks,WSX,West Sussex,0.15,0.15,0.1,0.15,0.1
2657,2657,Hastings,ESX,East Sussex,0.15,0.15,0.1,0.15,0.1
2658,2658,Hastingwood,ESS,Essex,0.15,0.15,0.1,0.15,0.1
2659,2659,Haswell,DUR,Durham,0.15,0.15,0.1,0.15,0.1
2660,2660,Hatfield,HEF,Herefordshire,0.15,0.15,0.1,0.15,0.1
2661,2661,Hatfield,HRT,Hertfordshire,0.15,0.15,0.1,0.15,0.1
2662,2662,Hatfield,,South Yorkshire,0.15,0.15,0.1,0.15,0.1
2663,2663,Hatfield Broad Oak,ESS,Essex,0.15,0.15,0.1,0.15,0.1
2664,2664,Hatfield Heath,ESS,Essex,0.15,0.15,0.1,0.15,0.1
2665,2665,Hatfield Peverel,ESS,Essex,0.15,0.15,0.1,0.15,0.1
2666,2666,Hatherleigh,DEV,Devon,0.15,0.15,0.1,0.15,0.1
2667,2667,Hathern,LEC,Leicestershire,0.15,0.15,0.1,0.15,0.1
2668,2668,Hatton,SHR,Shropshire,0.15,0.15,0.1,0.15,0.1
2669,2669,Hatton,WAR,Warwickshire,0.15,0.15,0.1,0.15,0.1
2670,2670,Hatton,LND,Greater London,0.15,0.15,0.1,0.15,0.1
2671,2671,Hatton,DBY,Derbyshire,0.15,0.15,0.1,0.15,0.1
2672,2672,Hatton,LIN,Lincolnshire,0.15,0.15,0.1,0.15,0.1
2673,2673,Hatton,,Cheshire,0.15,0.15,0.1,0.15,0.1
2674,2674,Hatton,ABD,Aberdeenshire,0.15,0.15,0.1,0.15,0.1
2675,2675,Haughley,SFK,Suffolk,0.15,0.15,0.1,0.15,0.1
2676,2676,Haughton,STS,Staffordshire,0.15,0.15,0.1,0.15,0.1
2677,2677,Haughton,SHR,Shropshire,0.15,0.15,0.1,0.15,0.1
2678,2678,Haughton,NTT,Nottinghamshire,0.15,0.15,0.1,0.15,0.1
2679,2679,Haughton Green,,Greater Manchester,0.15,0.15,0.1,0.15,0.1
2680,2680,Hauxton,CAM,Cambridgeshire,0.15,0.15,0.1,0.15,0.1
2681,2681,Havant,HAM,Hampshire,0.15,0.15,0.1,0.15,0.1
2682,2682,Haverfordwest,PEM,Pembrokeshire,0.15,0.15,0.1,0.15,0.1
2683,2683,Haverhill,SFK,Suffolk,0.15,0.15,0.1,0.15,0.1
2684,2684,Haverigg,CMA,Cumbria,0.15,0.15,0.1,0.15,0.1
2685,2685,Hawarden,FLN,Flintshire,0.15,0.15,0.1,0.15,0.1
2686,2686,Hawes,NYK,North Yorkshire,0.15,0.15,0.1,0.15,0.1
2687,2687,Hawick,SCB,Scottish Borders,0.15,0.15,0.1,0.15,0.1
2688,2688,Hawkesbury Upton,GLS,Gloucestershire,0.15,0.15,0.1,0.15,0.1
2689,2689,Hawkhurst,KEN,Kent,0.15,0.15,0.1,0.15,0.1
2690,2690,Hawkinge,KEN,Kent,0.15,0.15,0.1,0.15,0.1
2691,2691,Haworth,,West Yorkshire,0.15,0.15,0.1,0.15,0.1
2692,2692,Hawthorn,DUR,Durham,0.15,0.15,0.1,0.15,0.1
2693,2693,Hawthorn,WIL,Wiltshire,0.15,0.15,0.1,0.15,0.1
2694,2694,Haxby,NYK,North Yorkshire,0.15,0.15,0.1,0.15,0.1
2695,2695,Haxey,LIN,Lincolnshire,0.15,0.15,0.1,0.15,0.1
2696,2696,Haydock,,Merseyside,0.15,0.15,0.1,0.15,0.1
2697,2697,Haydon Bridge,NBL,Northumberland,0.15,0.15,0.1,0.15,0.1
2698,2698,Hayes,LND,Greater London,0.15,0.15,0.1,0.15,0.1
2699,2699,Hayfield,,Cheshire,0.15,0.15,0.1,0.15,0.1
2700,2700,Hayfield,AGB,Argyll And Bute,0.15,0.15,0.1,0.15,0.1
2701,2701,Hayfield,HLD,Highland,0.15,0.15,0.1,0.15,0.1
2702,2702,Hayle,CON,Cornwall,0.15,0.15,0.1,0.15,0.1
2703,2703,Hayling Island,HAM,Hampshire,0.15,0.15,0.1,0.15,0.1
2704,2704,Haynes,,Bedfordshire,0.15,0.15,0.1,0.15,0.1
2705,2705,Hayton,NTT,Nottinghamshire,0.15,0.15,0.1,0.15,0.1
2706,2706,Hayton,CMA,Cumbria,0.15,0.15,0.1,0.15,0.1
2707,2707,Hayton,ERY,East Riding Of Yorkshire,0.15,0.15,0.1,0.15,0.1
2708,2708,Haywards Heath,WSX,West Sussex,0.15,0.15,0.1,0.15,0.1
2709,2709,Hazel Grove,,Greater Manchester,0.15,0.15,0.1,0.15,0.1
2710,2710,Hazlerigg,,Tyne And Wear,0.15,0.15,0.1,0.15,0.1
2711,2711,Heacham,NFK,Norfolk,0.15,0.15,0.1,0.15,0.1
2712,2712,Headcorn,KEN,Kent,0.15,0.15,0.1,0.15,0.1
2713,2713,Headley,SRY,Surrey,0.15,0.15,0.1,0.15,0.1
2714,2714,Headley,HAM,Hampshire,0.15,0.15,0.1,0.15,0.1
2715,2715,Headley,,Berkshire,0.15,0.15,0.1,0.15,0.1
2716,2716,Heage,DBY,Derbyshire,0.15,0.15,0.1,0.15,0.1
2717,2717,Healey,,Greater Manchester,0.15,0.15,0.1,0.15,0.1
2718,2718,Healey,NBL,Northumberland,0.15,0.15,0.1,0.15,0.1
2719,2719,Healey,NYK,North Yorkshire,0.15,0.15,0.1,0.15,0.1
2720,2720,Healing,LIN,Lincolnshire,0.15,0.15,0.1,0.15,0.1
2721,2721,Heanor,DBY,Derbyshire,0.15,0.15,0.1,0.15,0.1
2722,2722,Heath and Reach,,Bedfordshire,0.15,0.15,0.1,0.15,0.1
2723,2723,Heather,LEC,Leicestershire,0.15,0.15,0.1,0.15,0.1
2724,2724,Heathfield,DEV,Devon,0.15,0.15,0.1,0.15,0.1
2725,2725,Heathfield,ESX,East Sussex,0.15,0.15,0.1,0.15,0.1
2726,2726,Heathfield,SOM,Somerset,0.15,0.15,0.1,0.15,0.1
2727,2727,Hebburn,,Tyne And Wear,0.15,0.15,0.1,0.15,0.1
2728,2728,Hebden Bridge,,West Yorkshire,0.15,0.15,0.1,0.15,0.1
2729,2729,Hebron,NBL,Northumberland,0.15,0.15,0.1,0.15,0.1
2730,2730,Hebron,CMN,Carmarthenshire,0.15,0.15,0.1,0.15,0.1
2731,2731,Heckington,LIN,Lincolnshire,0.15,0.15,0.1,0.15,0.1
2732,2732,Heckmondwike,,West Yorkshire,0.15,0.15,0.1,0.15,0.1
2733,2733,Hedge End,HAM,Hampshire,0.15,0.15,0.1,0.15,0.1
2734,2734,Hedon,ERY,East Riding Of Yorkshire,0.15,0.15,0.1,0.15,0.1
2735,2735,Heighington,DUR,Durham,0.15,0.15,0.1,0.15,0.1
2736,2736,Heighington,LIN,Lincolnshire,0.15,0.15,0.1,0.15,0.1
2737,2737,Helensburgh,AGB,Argyll And Bute,0.15,0.15,0.1,0.15,0.1
2738,2738,Helland,CON,Cornwall,0.15,0.15,0.1,0.15,0.1
2739,2739,Hellifield,NYK,North Yorkshire,0.15,0.15,0.1,0.15,0.1
2740,2740,Hellington,NFK,Norfolk,0.15,0.15,0.1,0.15,0.1
2741,2741,Helmdon,NTH,Northamptonshire,0.15,0.15,0.1,0.15,0.1
2742,2742,Helmsdale,HLD,Highland,0.15,0.15,0.1,0.15,0.1
2743,2743,Helmsley,ERY,East Riding Of Yorkshire,0.15,0.15,0.1,0.15,0.1
2744,2744,Helpringham,LIN,Lincolnshire,0.15,0.15,0.1,0.15,0.1
2745,2745,Helpston,CAM,Cambridgeshire,0.15,0.15,0.1,0.15,0.1
2746,2746,Helsby,,Cheshire,0.15,0.15,0.1,0.15,0.1
2747,2747,Helston,CON,Cornwall,0.15,0.15,0.1,0.15,0.1
2748,2748,Hemel Hempstead,HRT,Hertfordshire,0.15,0.15,0.1,0.15,0.1
2749,2749,Hemingbrough,NYK,North Yorkshire,0.15,0.15,0.1,0.15,0.1
2750,2750,Hempnall,NFK,Norfolk,0.15,0.15,0.1,0.15,0.1
2751,2751,Hemsby,NFK,Norfolk,0.15,0.15,0.1,0.15,0.1
2752,2752,Hemsworth,,West Yorkshire,0.15,0.15,0.1,0.15,0.1
2753,2753,Hemyock,DEV,Devon,0.15,0.15,0.1,0.15,0.1
2754,2754,Hendon,LND,Greater London,0.15,0.15,0.1,0.15,0.1
2755,2755,Hendon,,Tyne And Wear,0.15,0.15,0.1,0.15,0.1
2756,2756,Henfield,WSX,West Sussex,0.15,0.15,0.1,0.15,0.1
2757,2757,Hengoed,SHR,Shropshire,0.15,0.15,0.1,0.15,0.1
2758,2758,Hengoed,HEF,Herefordshire,0.15,0.15,0.1,0.15,0.1
2759,2759,Hengoed,CAY,Caerphilly,0.15,0.15,0.1,0.15,0.1
2760,2760,Henham,ESS,Essex,0.15,0.15,0.1,0.15,0.1
2761,2761,Henlade,SOM,Somerset,0.15,0.15,0.1,0.15,0.1
2762,2762,Henley,SHR,Shropshire,0.15,0.15,0.1,0.15,0.1
2763,2763,Henley,SFK,Suffolk,0.15,0.15,0.1,0.15,0.1
2764,2764,Henley,SRY,Surrey,0.15,0.15,0.1,0.15,0.1
2765,2765,Henley,SOM,Somerset,0.15,0.15,0.1,0.15,0.1
2766,2766,Henley-on-Thames,OXF,Oxfordshire,0.15,0.15,0.1,0.15,0.1
2767,2767,Henllan,DEN,Denbighshire,0.15,0.15,0.1,0.15,0.1
2768,2768,Henllan,CMN,Carmarthenshire,0.15,0.15,0.1,0.15,0.1
2769,2769,Henlow,,Bedfordshire,0.15,0.15,0.1,0.15,0.1
2770,2770,Hensall,NYK,North Yorkshire,0.15,0.15,0.1,0.15,0.1
2771,2771,Henstridge,SOM,Somerset,0.15,0.15,0.1,0.15,0.1
2772,2772,Henton,OXF,Oxfordshire,0.15,0.15,0.1,0.15,0.1
2773,2773,Henton,SOM,Somerset,0.15,0.15,0.1,0.15,0.1
2774,2774,Heol-y-Cyw,BGE,Bridgend,0.15,0.15,0.1,0.15,0.1
2775,2775,Hepworth,SFK,Suffolk,0.15,0.15,0.1,0.15,0.1
2776,2776,Hepworth,,West Yorkshire,0.15,0.15,0.1,0.15,0.1
2777,2777,Herbrandston,PEM,Pembrokeshire,0.15,0.15,0.1,0.15,0.1
2778,2778,Hereford,HEF,Herefordshire,0.15,0.15,0.1,0.15,0.1
2779,2779,Hermitage,,Dumfries And Galloway,0.15,0.15,0.1,0.15,0.1
2780,2780,Hermitage,,Berkshire,0.15,0.15,0.1,0.15,0.1
2781,2781,Hermitage,SCB,Scottish Borders,0.15,0.15,0.1,0.15,0.1
2782,2782,Hermitage,WSX,West Sussex,0.15,0.15,0.1,0.15,0.1
2783,2783,Hermitage,DOR,Dorset,0.15,0.15,0.1,0.15,0.1
2784,2784,Herne Bay,KEN,Kent,0.15,0.15,0.1,0.15,0.1
2785,2785,Herstmonceux,ESX,East Sussex,0.15,0.15,0.1,0.15,0.1
2786,2786,Hertford,HRT,Hertfordshire,0.15,0.15,0.1,0.15,0.1
2787,2787,Heslington,NYK,North Yorkshire,0.15,0.15,0.1,0.15,0.1
2788,2788,Hessle,ERY,East Riding Of Yorkshire,0.15,0.15,0.1,0.15,0.1
2789,2789,Heswall,,Merseyside,0.15,0.15,0.1,0.15,0.1
2790,2790,Hethersett,NFK,Norfolk,0.15,0.15,0.1,0.15,0.1
2791,2791,Hetton,NYK,North Yorkshire,0.15,0.15,0.1,0.15,0.1
2792,2792,Heversham,CMA,Cumbria,0.15,0.15,0.1,0.15,0.1
2793,2793,Hevingham,NFK,Norfolk,0.15,0.15,0.1,0.15,0.1
2794,2794,Hexham,NBL,Northumberland,0.15,0.15,0.1,0.15,0.1
2795,2795,Heysham,LAN,Lancashire,0.15,0.15,0.1,0.15,0.1
2796,2796,Heytesbury,WIL,Wiltshire,0.15,0.15,0.1,0.15,0.1
2797,2797,Heywood,,Greater Manchester,0.15,0.15,0.1,0.15,0.1
2798,2798,Heywood,WIL,Wiltshire,0.15,0.15,0.1,0.15,0.1
2799,2799,Hibaldstow,LIN,Lincolnshire,0.15,0.15,0.1,0.15,0.1
2800,2800,High Barnet,LND,Greater London,0.15,0.15,0.1,0.15,0.1
2801,2801,High Bentham,NYK,North Yorkshire,0.15,0.15,0.1,0.15,0.1
2802,2802,High Bickington,DEV,Devon,0.15,0.15,0.1,0.15,0.1
2803,2803,High Blantyre,SLK,South Lanarkshire,0.15,0.15,0.1,0.15,0.1
2804,2804,High Bonnybridge,FAL,Falkirk,0.15,0.15,0.1,0.15,0.1
2805,2805,High Coniscliffe,DUR,Durham,0.15,0.15,0.1,0.15,0.1
2806,2806,High Easter,ESS,Essex,0.15,0.15,0.1,0.15,0.1
2807,2807,High Ercall,SHR,Shropshire,0.15,0.15,0.1,0.15,0.1
2808,2808,High Etherley,DUR,Durham,0.15,0.15,0.1,0.15,0.1
2809,2809,High Halden,KEN,Kent,0.15,0.15,0.1,0.15,0.1
2810,2810,High Halstow,KEN,Kent,0.15,0.15,0.1,0.15,0.1
2811,2811,High Legh,,Cheshire,0.15,0.15,0.1,0.15,0.1
2812,2812,High Ongar,ESS,Essex,0.15,0.15,0.1,0.15,0.1
2813,2813,High Peak,DBY,Derbyshire,0.15,0.15,0.1,0.15,0.1
2814,2814,High Wycombe,BKM,Buckinghamshire,0.15,0.15,0.1,0.15,0.1
2815,2815,Higham Ferrers,NTH,Northamptonshire,0.15,0.15,0.1,0.15,0.1
2816,2816,Higham on the Hill,LEC,Leicestershire,0.15,0.15,0.1,0.15,0.1
2817,2817,Highbridge,SOM,Somerset,0.15,0.15,0.1,0.15,0.1
2818,2818,Highclere,HAM,Hampshire,0.15,0.15,0.1,0.15,0.1
2819,2819,Highley,SHR,Shropshire,0.15,0.15,0.1,0.15,0.1
2820,2820,Hightown,,Merseyside,0.15,0.15,0.1,0.15,0.1
2821,2821,Hightown,,Cheshire,0.15,0.15,0.1,0.15,0.1
2822,2822,Highworth,WIL,Wiltshire,0.15,0.15,0.1,0.15,0.1
2823,2823,Hildenborough,KEN,Kent,0.15,0.15,0.1,0.15,0.1
2824,2824,Hilgay,NFK,Norfolk,0.15,0.15,0.1,0.15,0.1
2825,2825,Hill,GLS,Gloucestershire,0.15,0.15,0.1,0.15,0.1
2826,2826,Hillhead,DEV,Devon,0.15,0.15,0.1,0.15,0.1
2827,2827,Hillside,ANS,Angus,0.15,0.15,0.1,0.15,0.1
2828,2828,Hillside,MRY,Moray,0.15,0.15,0.1,0.15,0.1
2829,2829,Hillside,ZET,Shetland Islands,0.15,0.15,0.1,0.15,0.1
2830,2830,Hilton,HLD,Highland,0.15,0.15,0.1,0.15,0.1
2831,2831,Hilton,ABD,Aberdeenshire,0.15,0.15,0.1,0.15,0.1
2832,2832,Hilton,DUR,Durham,0.15,0.15,0.1,0.15,0.1
2833,2833,Hilton,NYK,North Yorkshire,0.15,0.15,0.1,0.15,0.1
2834,2834,Hilton,CMA,Cumbria,0.15,0.15,0.1,0.15,0.1
2835,2835,Hilton,DBY,Derbyshire,0.15,0.15,0.1,0.15,0.1
2836,2836,Hilton,SHR,Shropshire,0.15,0.15,0.1,0.15,0.1
2837,2837,Hilton,DOR,Dorset,0.15,0.15,0.1,0.15,0.1
2838,2838,Hinckley,LEC,Leicestershire,0.15,0.15,0.1,0.15,0.1
2839,2839,Hinderwell,NYK,North Yorkshire,0.15,0.15,0.1,0.15,0.1
2840,2840,Hindhead,SRY,Surrey,0.15,0.15,0.1,0.15,0.1
2841,2841,Hindley,,Greater Manchester,0.15,0.15,0.1,0.15,0.1
2842,2842,Hindolveston,NFK,Norfolk,0.15,0.15,0.1,0.15,0.1
2843,2843,Hindon,WIL,Wiltshire,0.15,0.15,0.1,0.15,0.1
2844,2844,Hingham,NFK,Norfolk,0.15,0.15,0.1,0.15,0.1
2845,2845,Hinstock,SHR,Shropshire,0.15,0.15,0.1,0.15,0.1
2846,2846,Hinton,NTH,Northamptonshire,0.15,0.15,0.1,0.15,0.1
2847,2847,Hinton,GLS,Gloucestershire,0.15,0.15,0.1,0.15,0.1
2848,2848,Hinton,DOR,Dorset,0.15,0.15,0.1,0.15,0.1
2849,2849,Hinton,HEF,Herefordshire,0.15,0.15,0.1,0.15,0.1
2850,2850,Hinton,SHR,Shropshire,0.15,0.15,0.1,0.15,0.1
2851,2851,Hinton Charterhouse,SOM,Somerset,0.15,0.15,0.1,0.15,0.1
2852,2852,Hirwaun,RCT,Rhondda Cynon Taff,0.15,0.15,0.1,0.15,0.1
2853,2853,Histon,CAM,Cambridgeshire,0.15,0.15,0.1,0.15,0.1
2854,2854,Hitcham,SFK,Suffolk,0.15,0.15,0.1,0.15,0.1
2855,2855,Hitcham,,Berkshire,0.15,0.15,0.1,0.15,0.1
2856,2856,Hitchin,HRT,Hertfordshire,0.15,0.15,0.1,0.15,0.1
2857,2857,Hockley,ESS,Essex,0.15,0.15,0.1,0.15,0.1
2858,2858,Hockley Heath,,West Midlands,0.15,0.15,0.1,0.15,0.1
2859,2859,Hockliffe,,Bedfordshire,0.15,0.15,0.1,0.15,0.1
2860,2860,Hockwold cum Wilton,NFK,Norfolk,0.15,0.15,0.1,0.15,0.1
2861,2861,Hoddesdon,HRT,Hertfordshire,0.15,0.15,0.1,0.15,0.1
2862,2862,Hoghton,LAN,Lancashire,0.15,0.15,0.1,0.15,0.1
2863,2863,Hogsthorpe,LIN,Lincolnshire,0.15,0.15,0.1,0.15,0.1
2864,2864,Holbeach,LIN,Lincolnshire,0.15,0.15,0.1,0.15,0.1
2865,2865,Holbeach Clough,LIN,Lincolnshire,0.15,0.15,0.1,0.15,0.1
2866,2866,Holbeck,NTT,Nottinghamshire,0.15,0.15,0.1,0.15,0.1
2867,2867,Holbrook,SFK,Suffolk,0.15,0.15,0.1,0.15,0.1
2868,2868,Holbrook,DBY,Derbyshire,0.15,0.15,0.1,0.15,0.1
2869,2869,Holcombe,DEV,Devon,0.15,0.15,0.1,0.15,0.1
2870,2870,Holcombe,SOM,Somerset,0.15,0.15,0.1,0.15,0.1
2871,2871,Hollesley,SFK,Suffolk,0.15,0.15,0.1,0.15,0.1
2872,2872,Hollingworth,,Greater Manchester,0.15,0.15,0.1,0.15,0.1
2873,2873,Holloway,DBY,Derbyshire,0.15,0.15,0.1,0.15,0.1
2874,2874,Holloway,LND,Greater London,0.15,0.15,0.1,0.15,0.1
2875,2875,Hollym,ERY,East Riding Of Yorkshire,0.15,0.15,0.1,0.15,0.1
2876,2876,Holme,CAM,Cambridgeshire,0.15,0.15,0.1,0.15,0.1
2877,2877,Holme,CMA,Cumbria,0.15,0.15,0.1,0.15,0.1
2878,2878,Holme,NTT,Nottinghamshire,0.15,0.15,0.1,0.15,0.1
2879,2879,Holme,,West Yorkshire,0.15,0.15,0.1,0.15,0.1
2880,2880,Holmes Chapel,,Cheshire,0.15,0.15,0.1,0.15,0.1
2881,2881,Holmesfield,DBY,Derbyshire,0.15,0.15,0.1,0.15,0.1
2882,2882,Holmfirth,,West Yorkshire,0.15,0.15,0.1,0.15,0.1
2883,2883,Holmpton,ERY,East Riding Of Yorkshire,0.15,0.15,0.1,0.15,0.1
2884,2884,Holsworthy,DEV,Devon,0.15,0.15,0.1,0.15,0.1
2885,2885,Holt,WIL,Wiltshire,0.15,0.15,0.1,0.15,0.1
2886,2886,Holt,WOR,Worcestershire,0.15,0.15,0.1,0.15,0.1
2887,2887,Holt,DOR,Dorset,0.15,0.15,0.1,0.15,0.1
2888,2888,Holt,WRX,Wrexham,0.15,0.15,0.1,0.15,0.1
2889,2889,Holt,NFK,Norfolk,0.15,0.15,0.1,0.15,0.1
2890,2890,Holtby,NYK,North Yorkshire,0.15,0.15,0.1,0.15,0.1
2891,2891,Holton le Clay,LIN,Lincolnshire,0.15,0.15,0.1,0.15,0.1
2892,2892,Holwick,DUR,Durham,0.15,0.15,0.1,0.15,0.1
2893,2893,Holyhead,AGY,Isle Of Anglesey,0.15,0.15,0.1,0.15,0.1
2894,2894,Holytown,NLK,North Lanarkshire,0.15,0.15,0.1,0.15,0.1
2895,2895,Holywell,CON,Cornwall,0.15,0.15,0.1,0.15,0.1
2896,2896,Holywell,DOR,Dorset,0.15,0.15,0.1,0.15,0.1
2897,2897,Holywell,ESX,East Sussex,0.15,0.15,0.1,0.15,0.1
2898,2898,Holywell,FLN,Flintshire,0.15,0.15,0.1,0.15,0.1
2899,2899,Holywell Green,,West Yorkshire,0.15,0.15,0.1,0.15,0.1
2900,2900,Holywood,DOW,County Down,0.15,0.15,0.1,0.15,0.1
2901,2901,Holywood,,Dumfries And Galloway,0.15,0.15,0.1,0.15,0.1
2902,2902,Honeybourne,WOR,Worcestershire,0.15,0.15,0.1,0.15,0.1
2903,2903,Honiton,DEV,Devon,0.15,0.15,0.1,0.15,0.1
2904,2904,Hoo,SFK,Suffolk,0.15,0.15,0.1,0.15,0.1
2905,2905,Hoo,KEN,Kent,0.15,0.15,0.1,0.15,0.1
2906,2906,Hook,ERY,East Riding Of Yorkshire,0.15,0.15,0.1,0.15,0.1
2907,2907,Hook,PEM,Pembrokeshire,0.15,0.15,0.1,0.15,0.1
2908,2908,Hook,HAM,Hampshire,0.15,0.15,0.1,0.15,0.1
2909,2909,Hook,LND,Greater London,0.15,0.15,0.1,0.15,0.1
2910,2910,Hook,WIL,Wiltshire,0.15,0.15,0.1,0.15,0.1
2911,2911,Hook Norton,OXF,Oxfordshire,0.15,0.15,0.1,0.15,0.1
2912,2912,Hoole,,Cheshire,0.15,0.15,0.1,0.15,0.1
2913,2913,Hope,FLN,Flintshire,0.15,0.15,0.1,0.15,0.1
2914,2914,Hope,POW,Powys,0.15,0.15,0.1,0.15,0.1
2915,2915,Hope,DEV,Devon,0.15,0.15,0.1,0.15,0.1
2916,2916,Hope,SHR,Shropshire,0.15,0.15,0.1,0.15,0.1
2917,2917,Hope under Dinmore,HEF,Herefordshire,0.15,0.15,0.1,0.15,0.1
2918,2918,Hopeman,MRY,Moray,0.15,0.15,0.1,0.15,0.1
2919,2919,Hopton,SHR,Shropshire,0.15,0.15,0.1,0.15,0.1
2920,2920,Hopton,STS,Staffordshire,0.15,0.15,0.1,0.15,0.1
2921,2921,Hopton,SFK,Suffolk,0.15,0.15,0.1,0.15,0.1
2922,2922,Hopton,DBY,Derbyshire,0.15,0.15,0.1,0.15,0.1
2923,2923,Hopton,NFK,Norfolk,0.15,0.15,0.1,0.15,0.1
2924,2924,Hopwas,STS,Staffordshire,0.15,0.15,0.1,0.15,0.1
2925,2925,Hopwood,WOR,Worcestershire,0.15,0.15,0.1,0.15,0.1
2926,2926,Horam,ESX,East Sussex,0.15,0.15,0.1,0.15,0.1
2927,2927,Horbury,,West Yorkshire,0.15,0.15,0.1,0.15,0.1
2928,2928,Horley,SRY,Surrey,0.15,0.15,0.1,0.15,0.1
2929,2929,Horley,OXF,Oxfordshire,0.15,0.15,0.1,0.15,0.1
2930,2930,Horncastle,LIN,Lincolnshire,0.15,0.15,0.1,0.15,0.1
2931,2931,Hornchurch,LND,Greater London,0.15,0.15,0.1,0.15,0.1
2932,2932,Horndon on the Hill,ESS,Essex,0.15,0.15,0.1,0.15,0.1
2933,2933,Horning,NFK,Norfolk,0.15,0.15,0.1,0.15,0.1
2934,2934,Hornsea,ERY,East Riding Of Yorkshire,0.15,0.15,0.1,0.15,0.1
2935,2935,Horrabridge,DEV,Devon,0.15,0.15,0.1,0.15,0.1
2936,2936,Horringer,SFK,Suffolk,0.15,0.15,0.1,0.15,0.1
2937,2937,Horsford,NFK,Norfolk,0.15,0.15,0.1,0.15,0.1
2938,2938,Horsforth,,West Yorkshire,0.15,0.15,0.1,0.15,0.1
2939,2939,Horsham,WSX,West Sussex,0.15,0.15,0.1,0.15,0.1
2940,2940,Horsham,WOR,Worcestershire,0.15,0.15,0.1,0.15,0.1
2941,2941,Horsley,GLS,Gloucestershire,0.15,0.15,0.1,0.15,0.1
2942,2942,Horsley,DBY,Derbyshire,0.15,0.15,0.1,0.15,0.1
2943,2943,Horsley,NBL,Northumberland,0.15,0.15,0.1,0.15,0.1
2944,2944,Horsmonden,KEN,Kent,0.15,0.15,0.1,0.15,0.1
2945,2945,Horsted Keynes,WSX,West Sussex,0.15,0.15,0.1,0.15,0.1
2946,2946,Horton,DOR,Dorset,0.15,0.15,0.1,0.15,0.1
2947,2947,Horton,SWA,Swansea,0.15,0.15,0.1,0.15,0.1
2948,2948,Horton,,Bedfordshire,0.15,0.15,0.1,0.15,0.1
2949,2949,Horton,,Berkshire,0.15,0.15,0.1,0.15,0.1
2950,2950,Horton,LAN,Lancashire,0.15,0.15,0.1,0.15,0.1
2951,2951,Horton,SOM,Somerset,0.15,0.15,0.1,0.15,0.1
2952,2952,Horton,NTH,Northamptonshire,0.15,0.15,0.1,0.15,0.1
2953,2953,Horton,GLS,Gloucestershire,0.15,0.15,0.1,0.15,0.1
2954,2954,Horton,WIL,Wiltshire,0.15,0.15,0.1,0.15,0.1
2955,2955,Horton,STS,Staffordshire,0.15,0.15,0.1,0.15,0.1
2956,2956,Horton Kirby,KEN,Kent,0.15,0.15,0.1,0.15,0.1
2957,2957,Horwich,,Greater Manchester,0.15,0.15,0.1,0.15,0.1
2958,2958,Hose,LEC,Leicestershire,0.15,0.15,0.1,0.15,0.1
2959,2959,Hotham,ERY,East Riding Of Yorkshire,0.15,0.15,0.1,0.15,0.1
2960,2960,Houghton,PEM,Pembrokeshire,0.15,0.15,0.1,0.15,0.1
2961,2961,Houghton,HAM,Hampshire,0.15,0.15,0.1,0.15,0.1
2962,2962,Houghton,DEV,Devon,0.15,0.15,0.1,0.15,0.1
2963,2963,Houghton,WSX,West Sussex,0.15,0.15,0.1,0.15,0.1
2964,2964,Houghton,CMA,Cumbria,0.15,0.15,0.1,0.15,0.1
2965,2965,Houghton Conquest,,Bedfordshire,0.15,0.15,0.1,0.15,0.1
2966,2966,Houghton Regis,,Bedfordshire,0.15,0.15,0.1,0.15,0.1
2967,2967,Houghton on the Hill,LEC,Leicestershire,0.15,0.15,0.1,0.15,0.1
2968,2968,Hounslow,LND,Greater London,0.15,0.15,0.1,0.15,0.1
2969,2969,Houston,RFW,Renfrewshire,0.15,0.15,0.1,0.15,0.1
2970,2970,Hove,ESX,East Sussex,0.15,0.15,0.1,0.15,0.1
2971,2971,Hoveton,NFK,Norfolk,0.15,0.15,0.1,0.15,0.1
2972,2972,Howden,ERY,East Riding Of Yorkshire,0.15,0.15,0.1,0.15,0.1
2973,2973,Howwood,RFW,Renfrewshire,0.15,0.15,0.1,0.15,0.1
2974,2974,Hoylake,,Merseyside,0.15,0.15,0.1,0.15,0.1
2975,2975,Hucknall,NTT,Nottinghamshire,0.15,0.15,0.1,0.15,0.1
2976,2976,Huddersfield,,West Yorkshire,0.15,0.15,0.1,0.15,0.1
2977,2977,Hugh Town,CON,Cornwall,0.15,0.15,0.1,0.15,0.1
2978,2978,Huish,WIL,Wiltshire,0.15,0.15,0.1,0.15,0.1
2979,2979,Huish,DEV,Devon,0.15,0.15,0.1,0.15,0.1
2980,2980,Hullavington,WIL,Wiltshire,0.15,0.15,0.1,0.15,0.1
2981,2981,Humberston,LIN,Lincolnshire,0.15,0.15,0.1,0.15,0.1
2982,2982,Humbleton,ERY,East Riding Of Yorkshire,0.15,0.15,0.1,0.15,0.1
2983,2983,Humbleton,NBL,Northumberland,0.15,0.15,0.1,0.15,0.1
2984,2984,Humshaugh,NBL,Northumberland,0.15,0.15,0.1,0.15,0.1
2985,2985,Hundleton,PEM,Pembrokeshire,0.15,0.15,0.1,0.15,0.1
2986,2986,Hundon,SFK,Suffolk,0.15,0.15,0.1,0.15,0.1
2987,2987,Hungerford,HAM,Hampshire,0.15,0.15,0.1,0.15,0.1
2988,2988,Hungerford,,Berkshire,0.15,0.15,0.1,0.15,0.1
2989,2989,Hunmanby,NYK,North Yorkshire,0.15,0.15,0.1,0.15,0.1
2990,2990,Hunstanton,NFK,Norfolk,0.15,0.15,0.1,0.15,0.1
2991,2991,Huntingdon,CAM,Cambridgeshire,0.15,0.15,0.1,0.15,0.1
2992,2992,Huntington,STS,Staffordshire,0.15,0.15,0.1,0.15,0.1
2993,2993,Huntington,NYK,North Yorkshire,0.15,0.15,0.1,0.15,0.1
2994,2994,Huntington,,Hereford And Worcester,0.15,0.15,0.1,0.15,0.1
2995,2995,Huntley,GLS,Gloucestershire,0.15,0.15,0.1,0.15,0.1
2996,2996,Huntly,ABD,Aberdeenshire,0.15,0.15,0.1,0.15,0.1
2997,2997,Huntspill,SOM,Somerset,0.15,0.15,0.1,0.15,0.1
2998,2998,Hunwick,DUR,Durham,0.15,0.15,0.1,0.15,0.1
2999,2999,Hurley,WAR,Warwickshire,0.15,0.15,0.1,0.15,0.1
3000,3000,Hurley,,Berkshire,0.15,0.15,0.1,0.15,0.1
3001,3001,Hurst,NYK,North Yorkshire,0.15,0.15,0.1,0.15,0.1
3002,3002,Hurst,,Greater Manchester,0.15,0.15,0.1,0.15,0.1
3003,3003,Hurst,,Berkshire,0.15,0.15,0.1,0.15,0.1
3004,3004,Hurstbourne Tarrant,HAM,Hampshire,0.15,0.15,0.1,0.15,0.1
3005,3005,Hurstpierpoint,WSX,West Sussex,0.15,0.15,0.1,0.15,0.1
3006,3006,Husbands Bosworth,LEC,Leicestershire,0.15,0.15,0.1,0.15,0.1
3007,3007,Husborne Crawley,,Bedfordshire,0.15,0.15,0.1,0.15,0.1
3008,3008,Husthwaite,NYK,North Yorkshire,0.15,0.15,0.1,0.15,0.1
3009,3009,Huttoft,LIN,Lincolnshire,0.15,0.15,0.1,0.15,0.1
3010,3010,Hutton,LAN,Lancashire,0.15,0.15,0.1,0.15,0.1
3011,3011,Hutton,SOM,Somerset,0.15,0.15,0.1,0.15,0.1
3012,3012,Hutton,ESS,Essex,0.15,0.15,0.1,0.15,0.1
3013,3013,Hutton,CMA,Cumbria,0.15,0.15,0.1,0.15,0.1
3014,3014,Hutton,SCB,Scottish Borders,0.15,0.15,0.1,0.15,0.1
3015,3015,Hutton Magna,DUR,Durham,0.15,0.15,0.1,0.15,0.1
3016,3016,Huyton,,Merseyside,0.15,0.15,0.1,0.15,0.1
3017,3017,Hyde,GLS,Gloucestershire,0.15,0.15,0.1,0.15,0.1
3018,3018,Hyde,,Greater Manchester,0.15,0.15,0.1,0.15,0.1
3019,3019,Hyde Heath,BKM,Buckinghamshire,0.15,0.15,0.1,0.15,0.1
3020,3020,Hythe,HAM,Hampshire,0.15,0.15,0.1,0.15,0.1
3021,3021,Hythe,KEN,Kent,0.15,0.15,0.1,0.15,0.1
3022,3022,Ibstock,LEC,Leicestershire,0.15,0.15,0.1,0.15,0.1
3023,3023,Ickford,BKM,Buckinghamshire,0.15,0.15,0.1,0.15,0.1
3024,3024,Icklesham,ESX,East Sussex,0.15,0.15,0.1,0.15,0.1
3025,3025,Ickleton,CAM,Cambridgeshire,0.15,0.15,0.1,0.15,0.1
3026,3026,Ilchester,SOM,Somerset,0.15,0.15,0.1,0.15,0.1
3027,3027,Ilford,LND,Greater London,0.15,0.15,0.1,0.15,0.1
3028,3028,Ilfracombe,DEV,Devon,0.15,0.15,0.1,0.15,0.1
3029,3029,Ilkeston,DBY,Derbyshire,0.15,0.15,0.1,0.15,0.1
3030,3030,Ilkley,,West Yorkshire,0.15,0.15,0.1,0.15,0.1
3031,3031,Ilmington,WAR,Warwickshire,0.15,0.15,0.1,0.15,0.1
3032,3032,Ilminster,SOM,Somerset,0.15,0.15,0.1,0.15,0.1
3033,3033,Ilton,NYK,North Yorkshire,0.15,0.15,0.1,0.15,0.1
3034,3034,Ilton,SOM,Somerset,0.15,0.15,0.1,0.15,0.1
3035,3035,Immingham,LIN,Lincolnshire,0.15,0.15,0.1,0.15,0.1
3036,3036,Ince,,Cheshire,0.15,0.15,0.1,0.15,0.1
3037,3037,Ince Blundell,,Merseyside,0.15,0.15,0.1,0.15,0.1
3038,3038,Ince-in-Makerfield,,Greater Manchester,0.15,0.15,0.1,0.15,0.1
3039,3039,Inchinnan,RFW,Renfrewshire,0.15,0.15,0.1,0.15,0.1
3040,3040,Inchture,PKN,Perth And Kinross,0.15,0.15,0.1,0.15,0.1
3041,3041,Ingatestone,ESS,Essex,0.15,0.15,0.1,0.15,0.1
3042,3042,Ingleby Greenhow,NYK,North Yorkshire,0.15,0.15,0.1,0.15,0.1
3043,3043,Ingleton,NYK,North Yorkshire,0.15,0.15,0.1,0.15,0.1
3044,3044,Ingleton,DUR,Durham,0.15,0.15,0.1,0.15,0.1
3045,3045,Ingoldmells,LIN,Lincolnshire,0.15,0.15,0.1,0.15,0.1
3046,3046,Ingrave,ESS,Essex,0.15,0.15,0.1,0.15,0.1
3047,3047,Inkberrow,WOR,Worcestershire,0.15,0.15,0.1,0.15,0.1
3048,3048,Innellan,AGB,Argyll And Bute,0.15,0.15,0.1,0.15,0.1
3049,3049,Innerleithen,SCB,Scottish Borders,0.15,0.15,0.1,0.15,0.1
3050,3050,Insch,ABD,Aberdeenshire,0.15,0.15,0.1,0.15,0.1
3051,3051,Instow,DEV,Devon,0.15,0.15,0.1,0.15,0.1
3052,3052,Inveraray,AGB,Argyll And Bute,0.15,0.15,0.1,0.15,0.1
3053,3053,Inverbervie,ABD,Aberdeenshire,0.15,0.15,0.1,0.15,0.1
3054,3054,Invergordon,HLD,Highland,0.15,0.15,0.1,0.15,0.1
3055,3055,Invergowrie,PKN,Perth And Kinross,0.15,0.15,0.1,0.15,0.1
3056,3056,Inverkeithing,FIF,Fife,0.15,0.15,0.1,0.15,0.1
3057,3057,Inverkip,IVC,Inverclyde,0.15,0.15,0.1,0.15,0.1
3058,3058,Inverness,HLD,Highland,0.15,0.15,0.1,0.15,0.1
3059,3059,Inverurie,ABD,Aberdeenshire,0.15,0.15,0.1,0.15,0.1
3060,3060,Ipplepen,DEV,Devon,0.15,0.15,0.1,0.15,0.1
3061,3061,Ipstones,STS,Staffordshire,0.15,0.15,0.1,0.15,0.1
3062,3062,Ipswich,SFK,Suffolk,0.15,0.15,0.1,0.15,0.1
3063,3063,Irchester,NTH,Northamptonshire,0.15,0.15,0.1,0.15,0.1
3064,3064,Irlam,,Greater Manchester,0.15,0.15,0.1,0.15,0.1
3065,3065,Iron Acton,GLS,Gloucestershire,0.15,0.15,0.1,0.15,0.1
3066,3066,Ironbridge,SHR,Shropshire,0.15,0.15,0.1,0.15,0.1
3067,3067,Irthlingborough,NTH,Northamptonshire,0.15,0.15,0.1,0.15,0.1
3068,3068,Irvine,NAY,North Ayrshire,0.15,0.15,0.1,0.15,0.1
3069,3069,Irvinestown,FER,County Fermanagh,0.15,0.15,0.1,0.15,0.1
3070,3070,Isham,NTH,Northamptonshire,0.15,0.15,0.1,0.15,0.1
3071,3071,Isleham,CAM,Cambridgeshire,0.15,0.15,0.1,0.15,0.1
3072,3072,Isleworth,LND,Greater London,0.15,0.15,0.1,0.15,0.1
3073,3073,Islington,LND,Greater London,0.15,0.15,0.1,0.15,0.1
3074,3074,Islip,NTH,Northamptonshire,0.15,0.15,0.1,0.15,0.1
3075,3075,Islip,OXF,Oxfordshire,0.15,0.15,0.1,0.15,0.1
3076,3076,Iver,BKM,Buckinghamshire,0.15,0.15,0.1,0.15,0.1
3077,3077,Iver Heath,BKM,Buckinghamshire,0.15,0.15,0.1,0.15,0.1
3078,3078,Ivinghoe,BKM,Buckinghamshire,0.15,0.15,0.1,0.15,0.1
3079,3079,Ivybridge,DEV,Devon,0.15,0.15,0.1,0.15,0.1
3080,3080,Ivychurch,KEN,Kent,0.15,0.15,0.1,0.15,0.1
3081,3081,Iwade,KEN,Kent,0.15,0.15,0.1,0.15,0.1
3082,3082,Iwerne Minster,DOR,Dorset,0.15,0.15,0.1,0.15,0.1
3083,3083,Ixworth,SFK,Suffolk,0.15,0.15,0.1,0.15,0.1
3084,3084,Jacobstow,CON,Cornwall,0.15,0.15,0.1,0.15,0.1
3085,3085,Jameston,PEM,Pembrokeshire,0.15,0.15,0.1,0.15,0.1
3086,3086,Jarrow,,Tyne And Wear,0.15,0.15,0.1,0.15,0.1
3087,3087,Jedburgh,SCB,Scottish Borders,0.15,0.15,0.1,0.15,0.1
3088,3088,Jeffreyston,PEM,Pembrokeshire,0.15,0.15,0.1,0.15,0.1
3089,3089,Johnshaven,ABD,Aberdeenshire,0.15,0.15,0.1,0.15,0.1
3090,3090,Johnston,PEM,Pembrokeshire,0.15,0.15,0.1,0.15,0.1
3091,3091,Johnstone,RFW,Renfrewshire,0.15,0.15,0.1,0.15,0.1
3092,3092,Keadby,LIN,Lincolnshire,0.15,0.15,0.1,0.15,0.1
3093,3093,Keady,ARM,County Armagh,0.15,0.15,0.1,0.15,0.1
3094,3094,Kearsley,,Greater Manchester,0.15,0.15,0.1,0.15,0.1
3095,3095,Kedington,SFK,Suffolk,0.15,0.15,0.1,0.15,0.1
3096,3096,Keelby,LIN,Lincolnshire,0.15,0.15,0.1,0.15,0.1
3097,3097,Keele,STS,Staffordshire,0.15,0.15,0.1,0.15,0.1
3098,3098,Kegworth,LEC,Leicestershire,0.15,0.15,0.1,0.15,0.1
3099,3099,Keighley,,West Yorkshire,0.15,0.15,0.1,0.15,0.1
3100,3100,Keith,MRY,Moray,0.15,0.15,0.1,0.15,0.1
3101,3101,Kelbrook,LAN,Lancashire,0.15,0.15,0.1,0.15,0.1
3102,3102,Kellington,NYK,North Yorkshire,0.15,0.15,0.1,0.15,0.1
3103,3103,Kelloe,DUR,Durham,0.15,0.15,0.1,0.15,0.1
3104,3104,Kelsall,,Cheshire,0.15,0.15,0.1,0.15,0.1
3105,3105,Kelso,SCB,Scottish Borders,0.15,0.15,0.1,0.15,0.1
3106,3106,Kelty,FIF,Fife,0.15,0.15,0.1,0.15,0.1
3107,3107,Kelvedon,ESS,Essex,0.15,0.15,0.1,0.15,0.1
3108,3108,Kelvedon Hatch,ESS,Essex,0.15,0.15,0.1,0.15,0.1
3109,3109,Kemble,GLS,Gloucestershire,0.15,0.15,0.1,0.15,0.1
3110,3110,Kemnay,ABD,Aberdeenshire,0.15,0.15,0.1,0.15,0.1
3111,3111,Kempsey,WOR,Worcestershire,0.15,0.15,0.1,0.15,0.1
3112,3112,Kempston,,Bedfordshire,0.15,0.15,0.1,0.15,0.1
3113,3113,Kempston Hardwick,,Bedfordshire,0.15,0.15,0.1,0.15,0.1
3114,3114,Kemsing,KEN,Kent,0.15,0.15,0.1,0.15,0.1
3115,3115,Kendal,CMA,Cumbria,0.15,0.15,0.1,0.15,0.1
3116,3116,Kenilworth,WAR,Warwickshire,0.15,0.15,0.1,0.15,0.1
3117,3117,Kenley,SHR,Shropshire,0.15,0.15,0.1,0.15,0.1
3118,3118,Kenley,LND,Greater London,0.15,0.15,0.1,0.15,0.1
3119,3119,Kenn,DEV,Devon,0.15,0.15,0.1,0.15,0.1
3120,3120,Kenn,SOM,Somerset,0.15,0.15,0.1,0.15,0.1
3121,3121,Kennford,DEV,Devon,0.15,0.15,0.1,0.15,0.1
3122,3122,Kenninghall,NFK,Norfolk,0.15,0.15,0.1,0.15,0.1
3123,3123,Kennington,OXF,Oxfordshire,0.15,0.15,0.1,0.15,0.1
3124,3124,Kennington,KEN,Kent,0.15,0.15,0.1,0.15,0.1
3125,3125,Kennington,LND,Greater London,0.15,0.15,0.1,0.15,0.1
3126,3126,Kennoway,FIF,Fife,0.15,0.15,0.1,0.15,0.1
3127,3127,Kensington,LND,Greater London,0.15,0.15,0.1,0.15,0.1
3128,3128,Kensworth,,Bedfordshire,0.15,0.15,0.1,0.15,0.1
3129,3129,Kentisbeare,DEV,Devon,0.15,0.15,0.1,0.15,0.1
3130,3130,Kenton,SFK,Suffolk,0.15,0.15,0.1,0.15,0.1
3131,3131,Kenton,DEV,Devon,0.15,0.15,0.1,0.15,0.1
3132,3132,Kenton,,Tyne And Wear,0.15,0.15,0.1,0.15,0.1
3133,3133,Keresley,,West Midlands,0.15,0.15,0.1,0.15,0.1
3134,3134,Kerry,POW,Powys,0.15,0.15,0.1,0.15,0.1
3135,3135,Kesgrave,SFK,Suffolk,0.15,0.15,0.1,0.15,0.1
3136,3136,Kessingland,SFK,Suffolk,0.15,0.15,0.1,0.15,0.1
3137,3137,Keswick,NFK,Norfolk,0.15,0.15,0.1,0.15,0.1
3138,3138,Keswick,CMA,Cumbria,0.15,0.15,0.1,0.15,0.1
3139,3139,Kettering,NTH,Northamptonshire,0.15,0.15,0.1,0.15,0.1
3140,3140,Ketton,RUT,Rutland,0.15,0.15,0.1,0.15,0.1
3141,3141,Kewstoke,SOM,Somerset,0.15,0.15,0.1,0.15,0.1
3142,3142,Keyingham,ERY,East Riding Of Yorkshire,0.15,0.15,0.1,0.15,0.1
3143,3143,Keyworth,NTT,Nottinghamshire,0.15,0.15,0.1,0.15,0.1
3144,3144,Kibworth Harcourt,LEC,Leicestershire,0.15,0.15,0.1,0.15,0.1
3145,3145,Kidderminster,WOR,Worcestershire,0.15,0.15,0.1,0.15,0.1
3146,3146,Kidlington,OXF,Oxfordshire,0.15,0.15,0.1,0.15,0.1
3147,3147,Kidsgrove,STS,Staffordshire,0.15,0.15,0.1,0.15,0.1
3148,3148,Kidwelly,CMN,Carmarthenshire,0.15,0.15,0.1,0.15,0.1
3149,3149,Kilbarchan,RFW,Renfrewshire,0.15,0.15,0.1,0.15,0.1
3150,3150,Kilbirnie,NAY,North Ayrshire,0.15,0.15,0.1,0.15,0.1
3151,3151,Kilburn,DBY,Derbyshire,0.15,0.15,0.1,0.15,0.1
3152,3152,Kilburn,LND,Greater London,0.15,0.15,0.1,0.15,0.1
3153,3153,Kilcreggan,AGB,Argyll And Bute,0.15,0.15,0.1,0.15,0.1
3154,3154,Kilgetty,PEM,Pembrokeshire,0.15,0.15,0.1,0.15,0.1
3155,3155,Kilham,ERY,East Riding Of Yorkshire,0.15,0.15,0.1,0.15,0.1
3156,3156,Kilham,NBL,Northumberland,0.15,0.15,0.1,0.15,0.1
3157,3157,Kilkeel,DOW,County Down,0.15,0.15,0.1,0.15,0.1
3158,3158,Kilkhampton,CON,Cornwall,0.15,0.15,0.1,0.15,0.1
3159,3159,Killearn,STG,Stirling,0.15,0.15,0.1,0.15,0.1
3160,3160,Killin,HLD,Highland,0.15,0.15,0.1,0.15,0.1
3161,3161,Killin,STG,Stirling,0.15,0.15,0.1,0.15,0.1
3162,3162,Killyleagh,DOW,County Down,0.15,0.15,0.1,0.15,0.1
3163,3163,Kilmacolm,IVC,Inverclyde,0.15,0.15,0.1,0.15,0.1
3164,3164,Kilmarnock,EAY,East Ayrshire,0.15,0.15,0.1,0.15,0.1
3165,3165,Kilmaurs,EAY,East Ayrshire,0.15,0.15,0.1,0.15,0.1
3166,3166,Kilmington,DEV,Devon,0.15,0.15,0.1,0.15,0.1
3167,3167,Kilmington,WIL,Wiltshire,0.15,0.15,0.1,0.15,0.1
3168,3168,Kilpin,ERY,East Riding Of Yorkshire,0.15,0.15,0.1,0.15,0.1
3169,3169,Kilrea,DRY,County Londonderry,0.15,0.15,0.1,0.15,0.1
3170,3170,Kilsby,NTH,Northamptonshire,0.15,0.15,0.1,0.15,0.1
3171,3171,Kilsyth,NLK,North Lanarkshire,0.15,0.15,0.1,0.15,0.1
3172,3172,Kilwinning,NAY,North Ayrshire,0.15,0.15,0.1,0.15,0.1
3173,3173,Kimberley,NFK,Norfolk,0.15,0.15,0.1,0.15,0.1
3174,3174,Kimberley,NTT,Nottinghamshire,0.15,0.15,0.1,0.15,0.1
3175,3175,Kimbolton,HEF,Herefordshire,0.15,0.15,0.1,0.15,0.1
3176,3176,Kimpton,HAM,Hampshire,0.15,0.15,0.1,0.15,0.1
3177,3177,Kimpton,HRT,Hertfordshire,0.15,0.15,0.1,0.15,0.1
3178,3178,Kincardine,HLD,Highland,0.15,0.15,0.1,0.15,0.1
3179,3179,Kincardine,FIF,Fife,0.15,0.15,0.1,0.15,0.1
3180,3180,Kineton,GLS,Gloucestershire,0.15,0.15,0.1,0.15,0.1
3181,3181,Kineton,WAR,Warwickshire,0.15,0.15,0.1,0.15,0.1
3182,3182,King's Lynn,NFK,Norfolk,0.15,0.15,0.1,0.15,0.1
3183,3183,Kingham,OXF,Oxfordshire,0.15,0.15,0.1,0.15,0.1
3184,3184,Kinghorn,FIF,Fife,0.15,0.15,0.1,0.15,0.1
3185,3185,Kinglassie,FIF,Fife,0.15,0.15,0.1,0.15,0.1
3186,3186,Kings Langley,HRT,Hertfordshire,0.15,0.15,0.1,0.15,0.1
3187,3187,Kingsbridge,DEV,Devon,0.15,0.15,0.1,0.15,0.1
3188,3188,Kingsbridge,SOM,Somerset,0.15,0.15,0.1,0.15,0.1
3189,3189,Kingsbury,WAR,Warwickshire,0.15,0.15,0.1,0.15,0.1
3190,3190,Kingsbury,LND,Greater London,0.15,0.15,0.1,0.15,0.1
3191,3191,Kingsbury Episcopi,SOM,Somerset,0.15,0.15,0.1,0.15,0.1
3192,3192,Kingsclere,HAM,Hampshire,0.15,0.15,0.1,0.15,0.1
3193,3193,Kingseat,FIF,Fife,0.15,0.15,0.1,0.15,0.1
3194,3194,Kingskerswell,DEV,Devon,0.15,0.15,0.1,0.15,0.1
3195,3195,Kingskettle,FIF,Fife,0.15,0.15,0.1,0.15,0.1
3196,3196,Kingsland,HEF,Herefordshire,0.15,0.15,0.1,0.15,0.1
3197,3197,Kingsland,LND,Greater London,0.15,0.15,0.1,0.15,0.1
3198,3198,Kingsland,AGY,Isle Of Anglesey,0.15,0.15,0.1,0.15,0.1
3199,3199,Kingsley,STS,Staffordshire,0.15,0.15,0.1,0.15,0.1
3200,3200,Kingsley,HAM,Hampshire,0.15,0.15,0.1,0.15,0.1
3201,3201,Kingsley,,Cheshire,0.15,0.15,0.1,0.15,0.1
3202,3202,Kingsteignton,DEV,Devon,0.15,0.15,0.1,0.15,0.1
3203,3203,Kingston Bagpuize,OXF,Oxfordshire,0.15,0.15,0.1,0.15,0.1
3204,3204,Kingston Blount,OXF,Oxfordshire,0.15,0.15,0.1,0.15,0.1
3205,3205,Kingston Seymour,SOM,Somerset,0.15,0.15,0.1,0.15,0.1
3206,3206,Kingston near Lewes,ESX,East Sussex,0.15,0.15,0.1,0.15,0.1
3207,3207,Kingston upon Hull,ERY,East Riding Of Yorkshire,0.15,0.15,0.1,0.15,0.1
3208,3208,Kingston upon Thames,LND,Greater London,0.15,0.15,0.1,0.15,0.1
3209,3209,Kingstone,HEF,Herefordshire,0.15,0.15,0.1,0.15,0.1
3210,3210,Kingstone,STS,Staffordshire,0.15,0.15,0.1,0.15,0.1
3211,3211,Kingstone,SOM,Somerset,0.15,0.15,0.1,0.15,0.1
3212,3212,Kingswinford,,West Midlands,0.15,0.15,0.1,0.15,0.1
3213,3213,Kingswood,BKM,Buckinghamshire,0.15,0.15,0.1,0.15,0.1
3214,3214,Kingswood,GLS,Gloucestershire,0.15,0.15,0.1,0.15,0.1
3215,3215,Kingswood,WAR,Warwickshire,0.15,0.15,0.1,0.15,0.1
3216,3216,Kingswood,KEN,Kent,0.15,0.15,0.1,0.15,0.1
3217,3217,Kingswood,POW,Powys,0.15,0.15,0.1,0.15,0.1
3218,3218,Kingswood,SRY,Surrey,0.15,0.15,0.1,0.15,0.1
3219,3219,Kington,HEF,Herefordshire,0.15,0.15,0.1,0.15,0.1
3220,3220,Kington,WOR,Worcestershire,0.15,0.15,0.1,0.15,0.1
3221,3221,Kington Langley,WIL,Wiltshire,0.15,0.15,0.1,0.15,0.1
3222,3222,Kingussie,HLD,Highland,0.15,0.15,0.1,0.15,0.1
3223,3223,Kinloss,MRY,Moray,0.15,0.15,0.1,0.15,0.1
3224,3224,Kinnersley,WOR,Worcestershire,0.15,0.15,0.1,0.15,0.1
3225,3225,Kinnersley,HEF,Herefordshire,0.15,0.15,0.1,0.15,0.1
3226,3226,Kinoulton,NTT,Nottinghamshire,0.15,0.15,0.1,0.15,0.1
3227,3227,Kinross,PKN,Perth And Kinross,0.15,0.15,0.1,0.15,0.1
3228,3228,Kinsham,HEF,Herefordshire,0.15,0.15,0.1,0.15,0.1
3229,3229,Kintbury,,Berkshire,0.15,0.15,0.1,0.15,0.1
3230,3230,Kintore,ABD,Aberdeenshire,0.15,0.15,0.1,0.15,0.1
3231,3231,Kippax,,West Yorkshire,0.15,0.15,0.1,0.15,0.1
3232,3232,Kippen,STG,Stirling,0.15,0.15,0.1,0.15,0.1
3233,3233,Kippen,PKN,Perth And Kinross,0.15,0.15,0.1,0.15,0.1
3234,3234,Kirby Muxloe,LEC,Leicestershire,0.15,0.15,0.1,0.15,0.1
3235,3235,Kircubbin,DOW,County Down,0.15,0.15,0.1,0.15,0.1
3236,3236,Kirdford,WSX,West Sussex,0.15,0.15,0.1,0.15,0.1
3237,3237,Kirk Ella,ERY,East Riding Of Yorkshire,0.15,0.15,0.1,0.15,0.1
3238,3238,Kirk Ireton,DBY,Derbyshire,0.15,0.15,0.1,0.15,0.1
3239,3239,Kirk Merrington,DUR,Durham,0.15,0.15,0.1,0.15,0.1
3240,3240,Kirk Sandall,,South Yorkshire,0.15,0.15,0.1,0.15,0.1
3241,3241,Kirk Smeaton,NYK,North Yorkshire,0.15,0.15,0.1,0.15,0.1
3242,3242,Kirkburton,,West Yorkshire,0.15,0.15,0.1,0.15,0.1
3243,3243,Kirkby,LIN,Lincolnshire,0.15,0.15,0.1,0.15,0.1
3244,3244,Kirkby,NYK,North Yorkshire,0.15,0.15,0.1,0.15,0.1
3245,3245,Kirkby,,Merseyside,0.15,0.15,0.1,0.15,0.1
3246,3246,Kirkby Lonsdale,CMA,Cumbria,0.15,0.15,0.1,0.15,0.1
3247,3247,Kirkby Malzeard,NYK,North Yorkshire,0.15,0.15,0.1,0.15,0.1
3248,3248,Kirkby Stephen,CMA,Cumbria,0.15,0.15,0.1,0.15,0.1
3249,3249,Kirkby Thore,CMA,Cumbria,0.15,0.15,0.1,0.15,0.1
3250,3250,Kirkby in Ashfield,NTT,Nottinghamshire,0.15,0.15,0.1,0.15,0.1
3251,3251,Kirkbymoorside,NYK,North Yorkshire,0.15,0.15,0.1,0.15,0.1
3252,3252,Kirkcaldy,FIF,Fife,0.15,0.15,0.1,0.15,0.1
3253,3253,Kirkconnel,,Dumfries And Galloway,0.15,0.15,0.1,0.15,0.1
3254,3254,Kirkcudbright,,Dumfries And Galloway,0.15,0.15,0.1,0.15,0.1
3255,3255,Kirkfieldbank,SLK,South Lanarkshire,0.15,0.15,0.1,0.15,0.1
3256,3256,Kirkham,LAN,Lancashire,0.15,0.15,0.1,0.15,0.1
3257,3257,Kirkhamgate,,West Yorkshire,0.15,0.15,0.1,0.15,0.1
3258,3258,Kirkhill,ANS,Angus,0.15,0.15,0.1,0.15,0.1
3259,3259,Kirkhill,HLD,Highland,0.15,0.15,0.1,0.15,0.1
3260,3260,Kirkhill,MRY,Moray,0.15,0.15,0.1,0.15,0.1
3261,3261,Kirkintilloch,EDU,East Dunbartonshire,0.15,0.15,0.1,0.15,0.1
3262,3262,Kirklevington,NYK,North Yorkshire,0.15,0.15,0.1,0.15,0.1
3263,3263,Kirkliston,,City Of Edinburgh,0.15,0.15,0.1,0.15,0.1
3264,3264,Kirknewton,NBL,Northumberland,0.15,0.15,0.1,0.15,0.1
3265,3265,Kirknewton,WLN,West Lothian,0.15,0.15,0.1,0.15,0.1
3266,3266,Kirkwall,,Orkney Islands,0.15,0.15,0.1,0.15,0.1
3267,3267,Kirriemuir,ANS,Angus,0.15,0.15,0.1,0.15,0.1
3268,3268,Kirtlington,OXF,Oxfordshire,0.15,0.15,0.1,0.15,0.1
3269,3269,Kirton,HLD,Highland,0.15,0.15,0.1,0.15,0.1
3270,3270,Kirton,NTT,Nottinghamshire,0.15,0.15,0.1,0.15,0.1
3271,3271,Kirton,LIN,Lincolnshire,0.15,0.15,0.1,0.15,0.1
3272,3272,Kirton,SFK,Suffolk,0.15,0.15,0.1,0.15,0.1
3273,3273,Kirton in Lindsey,LIN,Lincolnshire,0.15,0.15,0.1,0.15,0.1
3274,3274,Kislingbury,NTH,Northamptonshire,0.15,0.15,0.1,0.15,0.1
3275,3275,Knaphill,SRY,Surrey,0.15,0.15,0.1,0.15,0.1
3276,3276,Knaresborough,NYK,North Yorkshire,0.15,0.15,0.1,0.15,0.1
3277,3277,Knebworth,HRT,Hertfordshire,0.15,0.15,0.1,0.15,0.1
3278,3278,Knighton,POW,Powys,0.15,0.15,0.1,0.15,0.1
3279,3279,Knighton,SOM,Somerset,0.15,0.15,0.1,0.15,0.1
3280,3280,Knighton,LEC,Leicestershire,0.15,0.15,0.1,0.15,0.1
3281,3281,Knighton,DEV,Devon,0.15,0.15,0.1,0.15,0.1
3282,3282,Knighton,STS,Staffordshire,0.15,0.15,0.1,0.15,0.1
3283,3283,Knighton,SHR,Shropshire,0.15,0.15,0.1,0.15,0.1
3284,3284,Knottingley,,West Yorkshire,0.15,0.15,0.1,0.15,0.1
3285,3285,Knowl Hill,,Berkshire,0.15,0.15,0.1,0.15,0.1
3286,3286,Knowle,,West Midlands,0.15,0.15,0.1,0.15,0.1
3287,3287,Knowle,DEV,Devon,0.15,0.15,0.1,0.15,0.1
3288,3288,Knowle,,County Of Bristol,0.15,0.15,0.1,0.15,0.1
3289,3289,Knowle,SHR,Shropshire,0.15,0.15,0.1,0.15,0.1
3290,3290,Knowsley,,Merseyside,0.15,0.15,0.1,0.15,0.1
3291,3291,Knutsford,,Cheshire,0.15,0.15,0.1,0.15,0.1
3292,3292,Kyle of Lochalsh,HLD,Highland,0.15,0.15,0.1,0.15,0.1
3293,3293,Laceby,LIN,Lincolnshire,0.15,0.15,0.1,0.15,0.1
3294,3294,Lacock,WIL,Wiltshire,0.15,0.15,0.1,0.15,0.1
3295,3295,Ladybank,FIF,Fife,0.15,0.15,0.1,0.15,0.1
3296,3296,Lakenheath,SFK,Suffolk,0.15,0.15,0.1,0.15,0.1
3297,3297,Lamberhurst,KEN,Kent,0.15,0.15,0.1,0.15,0.1
3298,3298,Lambeth,LND,Greater London,0.15,0.15,0.1,0.15,0.1
3299,3299,Lambley,CMA,Cumbria,0.15,0.15,0.1,0.15,0.1
3300,3300,Lambley,NTT,Nottinghamshire,0.15,0.15,0.1,0.15,0.1
3301,3301,Lambourn,,Berkshire,0.15,0.15,0.1,0.15,0.1
3302,3302,Lamerton,DEV,Devon,0.15,0.15,0.1,0.15,0.1
3303,3303,Lamesley,,Tyne And Wear,0.15,0.15,0.1,0.15,0.1
3304,3304,Lamlash,NAY,North Ayrshire,0.15,0.15,0.1,0.15,0.1
3305,3305,Lampeter,CGN,Ceredigion,0.15,0.15,0.1,0.15,0.1
3306,3306,Lamphey,PEM,Pembrokeshire,0.15,0.15,0.1,0.15,0.1
3307,3307,Lanark,SLK,South Lanarkshire,0.15,0.15,0.1,0.15,0.1
3308,3308,Lancaster,LAN,Lancashire,0.15,0.15,0.1,0.15,0.1
3309,3309,Lanchester,DUR,Durham,0.15,0.15,0.1,0.15,0.1
3310,3310,Lancing,WSX,West Sussex,0.15,0.15,0.1,0.15,0.1
3311,3311,Landewednack,CON,Cornwall,0.15,0.15,0.1,0.15,0.1
3312,3312,Landore,SWA,Swansea,0.15,0.15,0.1,0.15,0.1
3313,3313,Landrake,CON,Cornwall,0.15,0.15,0.1,0.15,0.1
3314,3314,Langbank,RFW,Renfrewshire,0.15,0.15,0.1,0.15,0.1
3315,3315,Langford,DEV,Devon,0.15,0.15,0.1,0.15,0.1
3316,3316,Langford,ESS,Essex,0.15,0.15,0.1,0.15,0.1
3317,3317,Langford,NTT,Nottinghamshire,0.15,0.15,0.1,0.15,0.1
3318,3318,Langford,OXF,Oxfordshire,0.15,0.15,0.1,0.15,0.1
3319,3319,Langford,,Bedfordshire,0.15,0.15,0.1,0.15,0.1
3320,3320,Langford Budville,SOM,Somerset,0.15,0.15,0.1,0.15,0.1
3321,3321,Langham,RUT,Rutland,0.15,0.15,0.1,0.15,0.1
3322,3322,Langham,SFK,Suffolk,0.15,0.15,0.1,0.15,0.1
3323,3323,Langham,ESS,Essex,0.15,0.15,0.1,0.15,0.1
3324,3324,Langham,NFK,Norfolk,0.15,0.15,0.1,0.15,0.1
3325,3325,Langho,LAN,Lancashire,0.15,0.15,0.1,0.15,0.1
3326,3326,Langholm,,Dumfries And Galloway,0.15,0.15,0.1,0.15,0.1
3327,3327,Langley Green,DBY,Derbyshire,0.15,0.15,0.1,0.15,0.1
3328,3328,Langley Park,DUR,Durham,0.15,0.15,0.1,0.15,0.1
3329,3329,Langport,SOM,Somerset,0.15,0.15,0.1,0.15,0.1
3330,3330,Langstone,HAM,Hampshire,0.15,0.15,0.1,0.15,0.1
3331,3331,Langtoft,ERY,East Riding Of Yorkshire,0.15,0.15,0.1,0.15,0.1
3332,3332,Langtoft,LIN,Lincolnshire,0.15,0.15,0.1,0.15,0.1
3333,3333,Langton,LIN,Lincolnshire,0.15,0.15,0.1,0.15,0.1
3334,3334,Langton,NYK,North Yorkshire,0.15,0.15,0.1,0.15,0.1
3335,3335,Langton,DUR,Durham,0.15,0.15,0.1,0.15,0.1
3336,3336,Langwathby,CMA,Cumbria,0.15,0.15,0.1,0.15,0.1
3337,3337,Lanivet,CON,Cornwall,0.15,0.15,0.1,0.15,0.1
3338,3338,Lapford,DEV,Devon,0.15,0.15,0.1,0.15,0.1
3339,3339,Larbert,FAL,Falkirk,0.15,0.15,0.1,0.15,0.1
3340,3340,Largs,NAY,North Ayrshire,0.15,0.15,0.1,0.15,0.1
3341,3341,Larkhall,SLK,South Lanarkshire,0.15,0.15,0.1,0.15,0.1
3342,3342,Lartington,DUR,Durham,0.15,0.15,0.1,0.15,0.1
3343,3343,Lathbury,BKM,Buckinghamshire,0.15,0.15,0.1,0.15,0.1
3344,3344,Latton,WIL,Wiltshire,0.15,0.15,0.1,0.15,0.1
3345,3345,Lauder,SCB,Scottish Borders,0.15,0.15,0.1,0.15,0.1
3346,3346,Laugharne,CMN,Carmarthenshire,0.15,0.15,0.1,0.15,0.1
3347,3347,Launceston,CON,Cornwall,0.15,0.15,0.1,0.15,0.1
3348,3348,Laurencekirk,ABD,Aberdeenshire,0.15,0.15,0.1,0.15,0.1
3349,3349,Laurieston,,Dumfries And Galloway,0.15,0.15,0.1,0.15,0.1
3350,3350,Laurieston,FAL,Falkirk,0.15,0.15,0.1,0.15,0.1
3351,3351,Lavendon,BKM,Buckinghamshire,0.15,0.15,0.1,0.15,0.1
3352,3352,Lavenham,SFK,Suffolk,0.15,0.15,0.1,0.15,0.1
3353,3353,Law,SLK,South Lanarkshire,0.15,0.15,0.1,0.15,0.1
3354,3354,Lawshall,SFK,Suffolk,0.15,0.15,0.1,0.15,0.1
3355,3355,Laxfield,SFK,Suffolk,0.15,0.15,0.1,0.15,0.1
3356,3356,Laxton,NTT,Nottinghamshire,0.15,0.15,0.1,0.15,0.1
3357,3357,Laxton,NTH,Northamptonshire,0.15,0.15,0.1,0.15,0.1
3358,3358,Laxton,ERY,East Riding Of Yorkshire,0.15,0.15,0.1,0.15,0.1
3359,3359,Layer de la Haye,ESS,Essex,0.15,0.15,0.1,0.15,0.1
3360,3360,Lazonby,CMA,Cumbria,0.15,0.15,0.1,0.15,0.1
3361,3361,Lea,LIN,Lincolnshire,0.15,0.15,0.1,0.15,0.1
3362,3362,Lea,DBY,Derbyshire,0.15,0.15,0.1,0.15,0.1
3363,3363,Lea,HEF,Herefordshire,0.15,0.15,0.1,0.15,0.1
3364,3364,Lea,WIL,Wiltshire,0.15,0.15,0.1,0.15,0.1
3365,3365,Lea,SHR,Shropshire,0.15,0.15,0.1,0.15,0.1
3366,3366,Leafield,OXF,Oxfordshire,0.15,0.15,0.1,0.15,0.1
3367,3367,Leasingham,LIN,Lincolnshire,0.15,0.15,0.1,0.15,0.1
3368,3368,Leatherhead,SRY,Surrey,0.15,0.15,0.1,0.15,0.1
3369,3369,Lechlade,GLS,Gloucestershire,0.15,0.15,0.1,0.15,0.1
3370,3370,Leconfield,ERY,East Riding Of Yorkshire,0.15,0.15,0.1,0.15,0.1
3371,3371,Ledbury,HEF,Herefordshire,0.15,0.15,0.1,0.15,0.1
3372,3372,Ledsham,,West Yorkshire,0.15,0.15,0.1,0.15,0.1
3373,3373,Ledston,,West Yorkshire,0.15,0.15,0.1,0.15,0.1
3374,3374,Lee-on-the-Solent,HAM,Hampshire,0.15,0.15,0.1,0.15,0.1
3375,3375,Leeds,,West Yorkshire,0.15,0.15,0.1,0.15,0.1
3376,3376,Leeds,KEN,Kent,0.15,0.15,0.1,0.15,0.1
3377,3377,Leek,STS,Staffordshire,0.15,0.15,0.1,0.15,0.1
3378,3378,Leek Wootton,WAR,Warwickshire,0.15,0.15,0.1,0.15,0.1
3379,3379,Leeswood,FLN,Flintshire,0.15,0.15,0.1,0.15,0.1
3380,3380,Legbourne,LIN,Lincolnshire,0.15,0.15,0.1,0.15,0.1
3381,3381,Leicester,LEC,Leicestershire,0.15,0.15,0.1,0.15,0.1
3382,3382,Leigh,GLS,Gloucestershire,0.15,0.15,0.1,0.15,0.1
3383,3383,Leigh,,Greater Manchester,0.15,0.15,0.1,0.15,0.1
3384,3384,Leigh,DOR,Dorset,0.15,0.15,0.1,0.15,0.1
3385,3385,Leigh,WOR,Worcestershire,0.15,0.15,0.1,0.15,0.1
3386,3386,Leigh,SRY,Surrey,0.15,0.15,0.1,0.15,0.1
3387,3387,Leigh,WIL,Wiltshire,0.15,0.15,0.1,0.15,0.1
3388,3388,Leigh,SHR,Shropshire,0.15,0.15,0.1,0.15,0.1
3389,3389,Leigh,KEN,Kent,0.15,0.15,0.1,0.15,0.1
3390,3390,Leigh-on-Sea,ESS,Essex,0.15,0.15,0.1,0.15,0.1
3391,3391,Leighton Buzzard,,Bedfordshire,0.15,0.15,0.1,0.15,0.1
3392,3392,Leintwardine,HEF,Herefordshire,0.15,0.15,0.1,0.15,0.1
3393,3393,Leiston,SFK,Suffolk,0.15,0.15,0.1,0.15,0.1
3394,3394,Lenham,KEN,Kent,0.15,0.15,0.1,0.15,0.1
3395,3395,Lennoxtown,EDU,East Dunbartonshire,0.15,0.15,0.1,0.15,0.1
3396,3396,Lenzie,EDU,East Dunbartonshire,0.15,0.15,0.1,0.15,0.1
3397,3397,Leominster,HEF,Herefordshire,0.15,0.15,0.1,0.15,0.1
3398,3398,Lerwick,ZET,Shetland Islands,0.15,0.15,0.1,0.15,0.1
3399,3399,Lesbury,NBL,Northumberland,0.15,0.15,0.1,0.15,0.1
3400,3400,Leslie,ABD,Aberdeenshire,0.15,0.15,0.1,0.15,0.1
3401,3401,Leslie,FIF,Fife,0.15,0.15,0.1,0.15,0.1
3402,3402,Lesmahagow,SLK,South Lanarkshire,0.15,0.15,0.1,0.15,0.1
3403,3403,Letcombe Regis,OXF,Oxfordshire,0.15,0.15,0.1,0.15,0.1
3404,3404,Letham,ANS,Angus,0.15,0.15,0.1,0.15,0.1
3405,3405,Letham,FIF,Fife,0.15,0.15,0.1,0.15,0.1
3406,3406,Letterston,PEM,Pembrokeshire,0.15,0.15,0.1,0.15,0.1
3407,3407,Leuchars,FIF,Fife,0.15,0.15,0.1,0.15,0.1
3408,3408,Leven,FIF,Fife,0.15,0.15,0.1,0.15,0.1
3409,3409,Leven,ERY,East Riding Of Yorkshire,0.15,0.15,0.1,0.15,0.1
3410,3410,Levens,CMA,Cumbria,0.15,0.15,0.1,0.15,0.1
3411,3411,Lewes,ESX,East Sussex,0.15,0.15,0.1,0.15,0.1
3412,3412,Leyburn,NYK,North Yorkshire,0.15,0.15,0.1,0.15,0.1
3413,3413,Leyland,LAN,Lancashire,0.15,0.15,0.1,0.15,0.1
3414,3414,Leysdown-on-Sea,KEN,Kent,0.15,0.15,0.1,0.15,0.1
3415,3415,Lhanbryde,MRY,Moray,0.15,0.15,0.1,0.15,0.1
3416,3416,Lichfield,STS,Staffordshire,0.15,0.15,0.1,0.15,0.1
3417,3417,Lidlington,,Bedfordshire,0.15,0.15,0.1,0.15,0.1
3418,3418,Liff,ANS,Angus,0.15,0.15,0.1,0.15,0.1
3419,3419,Lifton,DEV,Devon,0.15,0.15,0.1,0.15,0.1
3420,3420,Lightwater,SRY,Surrey,0.15,0.15,0.1,0.15,0.1
3421,3421,Lilleshall,SHR,Shropshire,0.15,0.15,0.1,0.15,0.1
3422,3422,Limekilns,FIF,Fife,0.15,0.15,0.1,0.15,0.1
3423,3423,Limpley Stoke,SOM,Somerset,0.15,0.15,0.1,0.15,0.1
3424,3424,Lincoln,LIN,Lincolnshire,0.15,0.15,0.1,0.15,0.1
3425,3425,Lindal in Furness,CMA,Cumbria,0.15,0.15,0.1,0.15,0.1
3426,3426,Lindale,CMA,Cumbria,0.15,0.15,0.1,0.15,0.1
3427,3427,Lindford,HAM,Hampshire,0.15,0.15,0.1,0.15,0.1
3428,3428,Lingdale,NYK,North Yorkshire,0.15,0.15,0.1,0.15,0.1
3429,3429,Lingen,HEF,Herefordshire,0.15,0.15,0.1,0.15,0.1
3430,3430,Lingfield,SRY,Surrey,0.15,0.15,0.1,0.15,0.1
3431,3431,Lingwood,NFK,Norfolk,0.15,0.15,0.1,0.15,0.1
3432,3432,Linlithgow,WLN,West Lothian,0.15,0.15,0.1,0.15,0.1
3433,3433,Linthwaite,,West Yorkshire,0.15,0.15,0.1,0.15,0.1
3434,3434,Linton,,West Yorkshire,0.15,0.15,0.1,0.15,0.1
3435,3435,Linton,NYK,North Yorkshire,0.15,0.15,0.1,0.15,0.1
3436,3436,Linton,KEN,Kent,0.15,0.15,0.1,0.15,0.1
3437,3437,Linton,DBY,Derbyshire,0.15,0.15,0.1,0.15,0.1
3438,3438,Linton,CAM,Cambridgeshire,0.15,0.15,0.1,0.15,0.1
3439,3439,Linton,HEF,Herefordshire,0.15,0.15,0.1,0.15,0.1
3440,3440,Linton,SCB,Scottish Borders,0.15,0.15,0.1,0.15,0.1
3441,3441,Linwood,RFW,Renfrewshire,0.15,0.15,0.1,0.15,0.1
3442,3442,Linwood,LIN,Lincolnshire,0.15,0.15,0.1,0.15,0.1
3443,3443,Linwood,HAM,Hampshire,0.15,0.15,0.1,0.15,0.1
3444,3444,Liphook,HAM,Hampshire,0.15,0.15,0.1,0.15,0.1
3445,3445,Liskeard,CON,Cornwall,0.15,0.15,0.1,0.15,0.1
3446,3446,Lisnaskea,FER,County Fermanagh,0.15,0.15,0.1,0.15,0.1
3447,3447,Liss,HAM,Hampshire,0.15,0.15,0.1,0.15,0.1
3448,3448,Litherland,,Merseyside,0.15,0.15,0.1,0.15,0.1
3449,3449,Litlington,CAM,Cambridgeshire,0.15,0.15,0.1,0.15,0.1
3450,3450,Litlington,ESX,East Sussex,0.15,0.15,0.1,0.15,0.1
3451,3451,Little Amwell,HRT,Hertfordshire,0.15,0.15,0.1,0.15,0.1
3452,3452,Little Barford,,Bedfordshire,0.15,0.15,0.1,0.15,0.1
3453,3453,Little Chalfont,BKM,Buckinghamshire,0.15,0.15,0.1,0.15,0.1
3454,3454,Little Clacton,ESS,Essex,0.15,0.15,0.1,0.15,0.1
3455,3455,Little Dunmow,ESS,Essex,0.15,0.15,0.1,0.15,0.1
3456,3456,Little Eaton,DBY,Derbyshire,0.15,0.15,0.1,0.15,0.1
3457,3457,Little Gaddesden,HRT,Hertfordshire,0.15,0.15,0.1,0.15,0.1
3458,3458,Little Hallingbury,ESS,Essex,0.15,0.15,0.1,0.15,0.1
3459,3459,Little Houghton,NTH,Northamptonshire,0.15,0.15,0.1,0.15,0.1
3460,3460,Little Hulton,,Greater Manchester,0.15,0.15,0.1,0.15,0.1
3461,3461,Little Lever,,Greater Manchester,0.15,0.15,0.1,0.15,0.1
3462,3462,Little Paxton,CAM,Cambridgeshire,0.15,0.15,0.1,0.15,0.1
3463,3463,Little Plumstead,NFK,Norfolk,0.15,0.15,0.1,0.15,0.1
3464,3464,Little Walsingham,NFK,Norfolk,0.15,0.15,0.1,0.15,0.1
3465,3465,Little Weighton,ERY,East Riding Of Yorkshire,0.15,0.15,0.1,0.15,0.1
3466,3466,Little Wymondley,HRT,Hertfordshire,0.15,0.15,0.1,0.15,0.1
3467,3467,Littleborough,NTT,Nottinghamshire,0.15,0.15,0.1,0.15,0.1
3468,3468,Littleborough,,Greater Manchester,0.15,0.15,0.1,0.15,0.1
3469,3469,Littlebourne,KEN,Kent,0.15,0.15,0.1,0.15,0.1
3470,3470,Littlebury,ESS,Essex,0.15,0.15,0.1,0.15,0.1
3471,3471,Littlehampton,WSX,West Sussex,0.15,0.15,0.1,0.15,0.1
3472,3472,Littleport,CAM,Cambridgeshire,0.15,0.15,0.1,0.15,0.1
3473,3473,Liverpool,,Merseyside,0.15,0.15,0.1,0.15,0.1
3474,3474,Liversedge,,West Yorkshire,0.15,0.15,0.1,0.15,0.1
3475,3475,Livingston,WLN,West Lothian,0.15,0.15,0.1,0.15,0.1
3476,3476,Lizard,CON,Cornwall,0.15,0.15,0.1,0.15,0.1
3477,3477,Llanarth,CGN,Ceredigion,0.15,0.15,0.1,0.15,0.1
3478,3478,Llanbedr,GWN,Gwynedd,0.15,0.15,0.1,0.15,0.1
3479,3479,Llanbedr,POW,Powys,0.15,0.15,0.1,0.15,0.1
3480,3480,Llanbedrog,GWN,Gwynedd,0.15,0.15,0.1,0.15,0.1
3481,3481,Llanberis,GWN,Gwynedd,0.15,0.15,0.1,0.15,0.1
3482,3482,Llanboidy,CMN,Carmarthenshire,0.15,0.15,0.1,0.15,0.1
3483,3483,Llanbradach,CAY,Caerphilly,0.15,0.15,0.1,0.15,0.1
3484,3484,Llanddarog,CMN,Carmarthenshire,0.15,0.15,0.1,0.15,0.1
3485,3485,Llanddeusant,CMN,Carmarthenshire,0.15,0.15,0.1,0.15,0.1
3486,3486,Llanddeusant,AGY,Isle Of Anglesey,0.15,0.15,0.1,0.15,0.1
3487,3487,Llanddona,AGY,Isle Of Anglesey,0.15,0.15,0.1,0.15,0.1
3488,3488,Llanddowror,CMN,Carmarthenshire,0.15,0.15,0.1,0.15,0.1
3489,3489,Llandegla,DEN,Denbighshire,0.15,0.15,0.1,0.15,0.1
3490,3490,Llandeilo,CMN,Carmarthenshire,0.15,0.15,0.1,0.15,0.1
3491,3491,Llandinam,POW,Powys,0.15,0.15,0.1,0.15,0.1
3492,3492,Llandissilio,PEM,Pembrokeshire,0.15,0.15,0.1,0.15,0.1
3493,3493,Llandovery,CMN,Carmarthenshire,0.15,0.15,0.1,0.15,0.1
3494,3494,Llandrillo,DEN,Denbighshire,0.15,0.15,0.1,0.15,0.1
3495,3495,Llandrindod Wells,POW,Powys,0.15,0.15,0.1,0.15,0.1
3496,3496,Llandudno,CWY,Conwy,0.15,0.15,0.1,0.15,0.1
3497,3497,Llandybie,CMN,Carmarthenshire,0.15,0.15,0.1,0.15,0.1
3498,3498,Llandyrnog,DEN,Denbighshire,0.15,0.15,0.1,0.15,0.1
3499,3499,Llandysul,CGN,Ceredigion,0.15,0.15,0.1,0.15,0.1
3500,3500,Llanellen,MON,Monmouthshire,0.15,0.15,0.1,0.15,0.1
3501,3501,Llanelli,CMN,Carmarthenshire,0.15,0.15,0.1,0.15,0.1
3502,3502,Llanerchymedd,AGY,Isle Of Anglesey,0.15,0.15,0.1,0.15,0.1
3503,3503,Llanfachraeth,AGY,Isle Of Anglesey,0.15,0.15,0.1,0.15,0.1
3504,3504,Llanfaethlu,AGY,Isle Of Anglesey,0.15,0.15,0.1,0.15,0.1
3505,3505,Llanfair,GWN,Gwynedd,0.15,0.15,0.1,0.15,0.1
3506,3506,Llanfair Caereinion,POW,Powys,0.15,0.15,0.1,0.15,0.1
3507,3507,Llanfairfechan,CWY,Conwy,0.15,0.15,0.1,0.15,0.1
3508,3508,Llanfairpwllgwyngyll,AGY,Isle Of Anglesey,0.15,0.15,0.1,0.15,0.1
3509,3509,Llanfechain,POW,Powys,0.15,0.15,0.1,0.15,0.1
3510,3510,Llanfechell,AGY,Isle Of Anglesey,0.15,0.15,0.1,0.15,0.1
3511,3511,Llanfyllin,POW,Powys,0.15,0.15,0.1,0.15,0.1
3512,3512,Llanfynydd,CMN,Carmarthenshire,0.15,0.15,0.1,0.15,0.1
3513,3513,Llanfynydd,FLN,Flintshire,0.15,0.15,0.1,0.15,0.1
3514,3514,Llangadog,CMN,Carmarthenshire,0.15,0.15,0.1,0.15,0.1
3515,3515,Llangain,CMN,Carmarthenshire,0.15,0.15,0.1,0.15,0.1
3516,3516,Llangan,VGL,Vale Of Glamorgan,0.15,0.15,0.1,0.15,0.1
3517,3517,Llangathen,CMN,Carmarthenshire,0.15,0.15,0.1,0.15,0.1
3518,3518,Llangattock,POW,Powys,0.15,0.15,0.1,0.15,0.1
3519,3519,Llangefni,AGY,Isle Of Anglesey,0.15,0.15,0.1,0.15,0.1
3520,3520,Llangeinor,BGE,Bridgend,0.15,0.15,0.1,0.15,0.1
3521,3521,Llangoed,AGY,Isle Of Anglesey,0.15,0.15,0.1,0.15,0.1
3522,3522,Llangollen,DEN,Denbighshire,0.15,0.15,0.1,0.15,0.1
3523,3523,Llangwm,CWY,Conwy,0.15,0.15,0.1,0.15,0.1
3524,3524,Llangwm,PEM,Pembrokeshire,0.15,0.15,0.1,0.15,0.1
3525,3525,Llangybi,CGN,Ceredigion,0.15,0.15,0.1,0.15,0.1
3526,3526,Llangybi,GWN,Gwynedd,0.15,0.15,0.1,0.15,0.1
3527,3527,Llangynidr,POW,Powys,0.15,0.15,0.1,0.15,0.1
3528,3528,Llangynog,CMN,Carmarthenshire,0.15,0.15,0.1,0.15,0.1
3529,3529,Llangynog,POW,Powys,0.15,0.15,0.1,0.15,0.1
3530,3530,Llanharan,RCT,Rhondda Cynon Taff,0.15,0.15,0.1,0.15,0.1
3531,3531,Llanharry,RCT,Rhondda Cynon Taff,0.15,0.15,0.1,0.15,0.1
3532,3532,Llanidloes,POW,Powys,0.15,0.15,0.1,0.15,0.1
3533,3533,Llanilar,CGN,Ceredigion,0.15,0.15,0.1,0.15,0.1
3534,3534,Llanllwchaiarn,POW,Powys,0.15,0.15,0.1,0.15,0.1
3535,3535,Llannon,CMN,Carmarthenshire,0.15,0.15,0.1,0.15,0.1
3536,3536,Llanrhaeadr-ym-Mochnant,POW,Powys,0.15,0.15,0.1,0.15,0.1
3537,3537,Llanrhian,PEM,Pembrokeshire,0.15,0.15,0.1,0.15,0.1
3538,3538,Llanrhidian,SWA,Swansea,0.15,0.15,0.1,0.15,0.1
3539,3539,Llanrhystud,CGN,Ceredigion,0.15,0.15,0.1,0.15,0.1
3540,3540,Llanrug,GWN,Gwynedd,0.15,0.15,0.1,0.15,0.1
3541,3541,Llanrwst,CWY,Conwy,0.15,0.15,0.1,0.15,0.1
3542,3542,Llansadwrn,CMN,Carmarthenshire,0.15,0.15,0.1,0.15,0.1
3543,3543,Llansadwrn,AGY,Isle Of Anglesey,0.15,0.15,0.1,0.15,0.1
3544,3544,Llansawel,CMN,Carmarthenshire,0.15,0.15,0.1,0.15,0.1
3545,3545,Llantrisant,RCT,Rhondda Cynon Taff,0.15,0.15,0.1,0.15,0.1
3546,3546,Llantwit Fardre,RCT,Rhondda Cynon Taff,0.15,0.15,0.1,0.15,0.1
3547,3547,Llantwit Major,VGL,Vale Of Glamorgan,0.15,0.15,0.1,0.15,0.1
3548,3548,Llanveynoe,HEF,Herefordshire,0.15,0.15,0.1,0.15,0.1
3549,3549,Llanwinio,CMN,Carmarthenshire,0.15,0.15,0.1,0.15,0.1
3550,3550,Llanwnda,GWN,Gwynedd,0.15,0.15,0.1,0.15,0.1
3551,3551,Llanwnda,PEM,Pembrokeshire,0.15,0.15,0.1,0.15,0.1
3552,3552,Llanwrtyd Wells,POW,Powys,0.15,0.15,0.1,0.15,0.1
3553,3553,Llanymynech,POW,Powys,0.15,0.15,0.1,0.15,0.1
3554,3554,Llechryd,CGN,Ceredigion,0.15,0.15,0.1,0.15,0.1
3555,3555,Lledrod,SHR,Shropshire,0.15,0.15,0.1,0.15,0.1
3556,3556,Lledrod,CGN,Ceredigion,0.15,0.15,0.1,0.15,0.1
3557,3557,Llwyngwril,GWN,Gwynedd,0.15,0.15,0.1,0.15,0.1
3558,3558,Llwynypia,RCT,Rhondda Cynon Taff,0.15,0.15,0.1,0.15,0.1
3559,3559,Llysfaen,CWY,Conwy,0.15,0.15,0.1,0.15,0.1
3560,3560,Loanhead,ABD,Aberdeenshire,0.15,0.15,0.1,0.15,0.1
3561,3561,Loanhead,MLN,Midlothian,0.15,0.15,0.1,0.15,0.1
3562,3562,Loans,SAY,South Ayrshire,0.15,0.15,0.1,0.15,0.1
3563,3563,Locharbriggs,,Dumfries And Galloway,0.15,0.15,0.1,0.15,0.1
3564,3564,Lochgelly,FIF,Fife,0.15,0.15,0.1,0.15,0.1
3565,3565,Lochgilphead,AGB,Argyll And Bute,0.15,0.15,0.1,0.15,0.1
3566,3566,Lochmaben,,Dumfries And Galloway,0.15,0.15,0.1,0.15,0.1
3567,3567,Lochwinnoch,RFW,Renfrewshire,0.15,0.15,0.1,0.15,0.1
3568,3568,Lockerbie,,Dumfries And Galloway,0.15,0.15,0.1,0.15,0.1
3569,3569,Locking,SOM,Somerset,0.15,0.15,0.1,0.15,0.1
3570,3570,Lockington,ERY,East Riding Of Yorkshire,0.15,0.15,0.1,0.15,0.1
3571,3571,Lockington,LEC,Leicestershire,0.15,0.15,0.1,0.15,0.1
3572,3572,Loddington,LEC,Leicestershire,0.15,0.15,0.1,0.15,0.1
3573,3573,Loddington,NTH,Northamptonshire,0.15,0.15,0.1,0.15,0.1
3574,3574,Loddiswell,DEV,Devon,0.15,0.15,0.1,0.15,0.1
3575,3575,Loddon,NFK,Norfolk,0.15,0.15,0.1,0.15,0.1
3576,3576,Lode,CAM,Cambridgeshire,0.15,0.15,0.1,0.15,0.1
3577,3577,Lofthouse,NYK,North Yorkshire,0.15,0.15,0.1,0.15,0.1
3578,3578,Lofthouse,,West Yorkshire,0.15,0.15,0.1,0.15,0.1
3579,3579,Loftus,NYK,North Yorkshire,0.15,0.15,0.1,0.15,0.1
3580,3580,Logan,,Dumfries And Galloway,0.15,0.15,0.1,0.15,0.1
3581,3581,Logan,EAY,East Ayrshire,0.15,0.15,0.1,0.15,0.1
3582,3582,London,LND,Greater London,0.15,0.15,0.1,0.15,0.1
3583,3583,Long Bennington,LIN,Lincolnshire,0.15,0.15,0.1,0.15,0.1
3584,3584,Long Buckby,NTH,Northamptonshire,0.15,0.15,0.1,0.15,0.1
3585,3585,Long Clawson,LEC,Leicestershire,0.15,0.15,0.1,0.15,0.1
3586,3586,Long Compton,STS,Staffordshire,0.15,0.15,0.1,0.15,0.1
3587,3587,Long Compton,WAR,Warwickshire,0.15,0.15,0.1,0.15,0.1
3588,3588,Long Crendon,BKM,Buckinghamshire,0.15,0.15,0.1,0.15,0.1
3589,3589,Long Eaton,DBY,Derbyshire,0.15,0.15,0.1,0.15,0.1
3590,3590,Long Itchington,WAR,Warwickshire,0.15,0.15,0.1,0.15,0.1
3591,3591,Long Lawford,WAR,Warwickshire,0.15,0.15,0.1,0.15,0.1
3592,3592,Long Melford,SFK,Suffolk,0.15,0.15,0.1,0.15,0.1
3593,3593,Long Preston,NYK,North Yorkshire,0.15,0.15,0.1,0.15,0.1
3594,3594,Long Riston,ERY,East Riding Of Yorkshire,0.15,0.15,0.1,0.15,0.1
3595,3595,Long Stratton,NFK,Norfolk,0.15,0.15,0.1,0.15,0.1
3596,3596,Long Sutton,HAM,Hampshire,0.15,0.15,0.1,0.15,0.1
3597,3597,Long Sutton,LIN,Lincolnshire,0.15,0.15,0.1,0.15,0.1
3598,3598,Long Sutton,SOM,Somerset,0.15,0.15,0.1,0.15,0.1
3599,3599,Long Whatton,LEC,Leicestershire,0.15,0.15,0.1,0.15,0.1
3600,3600,Long Wittenham,OXF,Oxfordshire,0.15,0.15,0.1,0.15,0.1
3601,3601,Longfield,KEN,Kent,0.15,0.15,0.1,0.15,0.1
3602,3602,Longforgan,PKN,Perth And Kinross,0.15,0.15,0.1,0.15,0.1
3603,3603,Longframlington,NBL,Northumberland,0.15,0.15,0.1,0.15,0.1
3604,3604,Longhope,GLS,Gloucestershire,0.15,0.15,0.1,0.15,0.1
3605,3605,Longhope,,Orkney Islands,0.15,0.15,0.1,0.15,0.1
3606,3606,Longhorsley,NBL,Northumberland,0.15,0.15,0.1,0.15,0.1
3607,3607,Longhoughton,NBL,Northumberland,0.15,0.15,0.1,0.15,0.1
3608,3608,Longniddry,ELN,East Lothian,0.15,0.15,0.1,0.15,0.1
3609,3609,Longnor,STS,Staffordshire,0.15,0.15,0.1,0.15,0.1
3610,3610,Longnor,SHR,Shropshire,0.15,0.15,0.1,0.15,0.1
3611,3611,Longridge,LAN,Lancashire,0.15,0.15,0.1,0.15,0.1
3612,3612,Longridge,WLN,West Lothian,0.15,0.15,0.1,0.15,0.1
3613,3613,Longside,ABD,Aberdeenshire,0.15,0.15,0.1,0.15,0.1
3614,3614,Longstanton,CAM,Cambridgeshire,0.15,0.15,0.1,0.15,0.1
3615,3615,Longton,LAN,Lancashire,0.15,0.15,0.1,0.15,0.1
3616,3616,Longton,STS,Staffordshire,0.15,0.15,0.1,0.15,0.1
3617,3617,Longtown,HEF,Herefordshire,0.15,0.15,0.1,0.15,0.1
3618,3618,Longtown,CMA,Cumbria,0.15,0.15,0.1,0.15,0.1
3619,3619,Longwick,BKM,Buckinghamshire,0.15,0.15,0.1,0.15,0.1
3620,3620,Longworth,OXF,Oxfordshire,0.15,0.15,0.1,0.15,0.1
3621,3621,Lossiemouth,MRY,Moray,0.15,0.15,0.1,0.15,0.1
3622,3622,Lostwithiel,CON,Cornwall,0.15,0.15,0.1,0.15,0.1
3623,3623,Loughborough,LEC,Leicestershire,0.15,0.15,0.1,0.15,0.1
3624,3624,Loughton,SHR,Shropshire,0.15,0.15,0.1,0.15,0.1
3625,3625,Loughton,BKM,Buckinghamshire,0.15,0.15,0.1,0.15,0.1
3626,3626,Loughton,ESS,Essex,0.15,0.15,0.1,0.15,0.1
3627,3627,Louth,LIN,Lincolnshire,0.15,0.15,0.1,0.15,0.1
3628,3628,Low Bradley,NYK,North Yorkshire,0.15,0.15,0.1,0.15,0.1
3629,3629,Low Etherley,DUR,Durham,0.15,0.15,0.1,0.15,0.1
3630,3630,Lowdham,NTT,Nottinghamshire,0.15,0.15,0.1,0.15,0.1
3631,3631,Lower Brailes,WAR,Warwickshire,0.15,0.15,0.1,0.15,0.1
3632,3632,Lower Broadheath,WOR,Worcestershire,0.15,0.15,0.1,0.15,0.1
3633,3633,Lower Bullingham,HEF,Herefordshire,0.15,0.15,0.1,0.15,0.1
3634,3634,Lower Halstow,KEN,Kent,0.15,0.15,0.1,0.15,0.1
3635,3635,Lower Stoke,KEN,Kent,0.15,0.15,0.1,0.15,0.1
3636,3636,Lowestoft,SFK,Suffolk,0.15,0.15,0.1,0.15,0.1
3637,3637,Lowick,NBL,Northumberland,0.15,0.15,0.1,0.15,0.1
3638,3638,Lowick,CMA,Cumbria,0.15,0.15,0.1,0.15,0.1
3639,3639,Lowick,NTH,Northamptonshire,0.15,0.15,0.1,0.15,0.1
3640,3640,Loxwood,WSX,West Sussex,0.15,0.15,0.1,0.15,0.1
3641,3641,Lubenham,LEC,Leicestershire,0.15,0.15,0.1,0.15,0.1
3642,3642,Luckington,WIL,Wiltshire,0.15,0.15,0.1,0.15,0.1
3643,3643,Ludgershall,WIL,Wiltshire,0.15,0.15,0.1,0.15,0.1
3644,3644,Ludgershall,BKM,Buckinghamshire,0.15,0.15,0.1,0.15,0.1
3645,3645,Ludham,NFK,Norfolk,0.15,0.15,0.1,0.15,0.1
3646,3646,Ludlow,SHR,Shropshire,0.15,0.15,0.1,0.15,0.1
3647,3647,Lugwardine,HEF,Herefordshire,0.15,0.15,0.1,0.15,0.1
3648,3648,Lumphanan,ABD,Aberdeenshire,0.15,0.15,0.1,0.15,0.1
3649,3649,Luncarty,PKN,Perth And Kinross,0.15,0.15,0.1,0.15,0.1
3650,3650,Lund,NYK,North Yorkshire,0.15,0.15,0.1,0.15,0.1
3651,3651,Lund,ERY,East Riding Of Yorkshire,0.15,0.15,0.1,0.15,0.1
3652,3652,Lundin Links,FIF,Fife,0.15,0.15,0.1,0.15,0.1
3653,3653,Luston,HEF,Herefordshire,0.15,0.15,0.1,0.15,0.1
3654,3654,Luton,DEV,Devon,0.15,0.15,0.1,0.15,0.1
3655,3655,Luton,KEN,Kent,0.15,0.15,0.1,0.15,0.1
3656,3656,Luton,,Bedfordshire,0.15,0.15,0.1,0.15,0.1
3657,3657,Lutterworth,LEC,Leicestershire,0.15,0.15,0.1,0.15,0.1
3658,3658,Lutton,LIN,Lincolnshire,0.15,0.15,0.1,0.15,0.1
3659,3659,Lutton,NTH,Northamptonshire,0.15,0.15,0.1,0.15,0.1
3660,3660,Lutton,DEV,Devon,0.15,0.15,0.1,0.15,0.1
3661,3661,Lydd,KEN,Kent,0.15,0.15,0.1,0.15,0.1
3662,3662,Lydden,KEN,Kent,0.15,0.15,0.1,0.15,0.1
3663,3663,Lydham,SHR,Shropshire,0.15,0.15,0.1,0.15,0.1
3664,3664,Lydiard Millicent,WIL,Wiltshire,0.15,0.15,0.1,0.15,0.1
3665,3665,Lydney,GLS,Gloucestershire,0.15,0.15,0.1,0.15,0.1
3666,3666,Lyme Regis,DOR,Dorset,0.15,0.15,0.1,0.15,0.1
3667,3667,Lyminge,KEN,Kent,0.15,0.15,0.1,0.15,0.1
3668,3668,Lymington,HAM,Hampshire,0.15,0.15,0.1,0.15,0.1
3669,3669,Lymm,,Cheshire,0.15,0.15,0.1,0.15,0.1
3670,3670,Lympne,KEN,Kent,0.15,0.15,0.1,0.15,0.1
3671,3671,Lympsham,SOM,Somerset,0.15,0.15,0.1,0.15,0.1
3672,3672,Lympstone,DEV,Devon,0.15,0.15,0.1,0.15,0.1
3673,3673,Lyndhurst,HAM,Hampshire,0.15,0.15,0.1,0.15,0.1
3674,3674,Lyneham,WIL,Wiltshire,0.15,0.15,0.1,0.15,0.1
3675,3675,Lyneham,OXF,Oxfordshire,0.15,0.15,0.1,0.15,0.1
3676,3676,Lynemouth,NBL,Northumberland,0.15,0.15,0.1,0.15,0.1
3677,3677,Lyng,SOM,Somerset,0.15,0.15,0.1,0.15,0.1
3678,3678,Lyng,NFK,Norfolk,0.15,0.15,0.1,0.15,0.1
3679,3679,Lynsted,KEN,Kent,0.15,0.15,0.1,0.15,0.1
3680,3680,Lynton,DEV,Devon,0.15,0.15,0.1,0.15,0.1
3681,3681,Lyonshall,HEF,Herefordshire,0.15,0.15,0.1,0.15,0.1
3682,3682,Lytchett Matravers,DOR,Dorset,0.15,0.15,0.1,0.15,0.1
3683,3683,Mablethorpe,LIN,Lincolnshire,0.15,0.15,0.1,0.15,0.1
3684,3684,Macclesfield,,Cheshire,0.15,0.15,0.1,0.15,0.1
3685,3685,Macduff,ABD,Aberdeenshire,0.15,0.15,0.1,0.15,0.1
3686,3686,Machynlleth,POW,Powys,0.15,0.15,0.1,0.15,0.1
3687,3687,Macmerry,ELN,East Lothian,0.15,0.15,0.1,0.15,0.1
3688,3688,Maddiston,FAL,Falkirk,0.15,0.15,0.1,0.15,0.1
3689,3689,Madeley,SHR,Shropshire,0.15,0.15,0.1,0.15,0.1
3690,3690,Madeley,STS,Staffordshire,0.15,0.15,0.1,0.15,0.1
3691,3691,Madley,HEF,Herefordshire,0.15,0.15,0.1,0.15,0.1
3692,3692,Madron,CON,Cornwall,0.15,0.15,0.1,0.15,0.1
3693,3693,Maenclochog,PEM,Pembrokeshire,0.15,0.15,0.1,0.15,0.1
3694,3694,Maentwrog,GWN,Gwynedd,0.15,0.15,0.1,0.15,0.1
3695,3695,Maerdy,CWY,Conwy,0.15,0.15,0.1,0.15,0.1
3696,3696,Maerdy,RCT,Rhondda Cynon Taff,0.15,0.15,0.1,0.15,0.1
3697,3697,Maerdy,CMN,Carmarthenshire,0.15,0.15,0.1,0.15,0.1
3698,3698,Maesteg,BGE,Bridgend,0.15,0.15,0.1,0.15,0.1
3699,3699,Magheralin,ARM,County Armagh,0.15,0.15,0.1,0.15,0.1
3700,3700,Maghull,,Merseyside,0.15,0.15,0.1,0.15,0.1
3701,3701,Maiden Newton,DOR,Dorset,0.15,0.15,0.1,0.15,0.1
3702,3702,Maidenhead,,Berkshire,0.15,0.15,0.1,0.15,0.1
3703,3703,Maidens,SAY,South Ayrshire,0.15,0.15,0.1,0.15,0.1
3704,3704,Maidstone,KEN,Kent,0.15,0.15,0.1,0.15,0.1
3705,3705,Mainstone,SHR,Shropshire,0.15,0.15,0.1,0.15,0.1
3706,3706,Malborough,DEV,Devon,0.15,0.15,0.1,0.15,0.1
3707,3707,Maldon,ESS,Essex,0.15,0.15,0.1,0.15,0.1
3708,3708,Mallaig,HLD,Highland,0.15,0.15,0.1,0.15,0.1
3709,3709,Malmesbury,WIL,Wiltshire,0.15,0.15,0.1,0.15,0.1
3710,3710,Malpas,CON,Cornwall,0.15,0.15,0.1,0.15,0.1
3711,3711,Malpas,,Cheshire,0.15,0.15,0.1,0.15,0.1
3712,3712,Maltby,NYK,North Yorkshire,0.15,0.15,0.1,0.15,0.1
3713,3713,Maltby,,South Yorkshire,0.15,0.15,0.1,0.15,0.1
3714,3714,Malton,NYK,North Yorkshire,0.15,0.15,0.1,0.15,0.1
3715,3715,Manby,LIN,Lincolnshire,0.15,0.15,0.1,0.15,0.1
3716,3716,Manchester,,Greater Manchester,0.15,0.15,0.1,0.15,0.1
3717,3717,Manea,CAM,Cambridgeshire,0.15,0.15,0.1,0.15,0.1
3718,3718,Mangotsfield,GLS,Gloucestershire,0.15,0.15,0.1,0.15,0.1
3719,3719,Manningtree,ESS,Essex,0.15,0.15,0.1,0.15,0.1
3720,3720,Manorbier,PEM,Pembrokeshire,0.15,0.15,0.1,0.15,0.1
3721,3721,Mansfield,NTT,Nottinghamshire,0.15,0.15,0.1,0.15,0.1
3722,3722,Mansfield Woodhouse,NTT,Nottinghamshire,0.15,0.15,0.1,0.15,0.1
3723,3723,Manston,DOR,Dorset,0.15,0.15,0.1,0.15,0.1
3724,3724,Manston,KEN,Kent,0.15,0.15,0.1,0.15,0.1
3725,3725,Manton,LIN,Lincolnshire,0.15,0.15,0.1,0.15,0.1
3726,3726,Manton,RUT,Rutland,0.15,0.15,0.1,0.15,0.1
3727,3727,Manton,WIL,Wiltshire,0.15,0.15,0.1,0.15,0.1
3728,3728,Manuden,ESS,Essex,0.15,0.15,0.1,0.15,0.1
3729,3729,Maple Cross,HRT,Hertfordshire,0.15,0.15,0.1,0.15,0.1
3730,3730,Mappleton,ERY,East Riding Of Yorkshire,0.15,0.15,0.1,0.15,0.1
3731,3731,Marazion,CON,Cornwall,0.15,0.15,0.1,0.15,0.1
3732,3732,March,CAM,Cambridgeshire,0.15,0.15,0.1,0.15,0.1
3733,3733,Marcham,OXF,Oxfordshire,0.15,0.15,0.1,0.15,0.1
3734,3734,Marchington,STS,Staffordshire,0.15,0.15,0.1,0.15,0.1
3735,3735,Marchwiel,WRX,Wrexham,0.15,0.15,0.1,0.15,0.1
3736,3736,Marchwood,HAM,Hampshire,0.15,0.15,0.1,0.15,0.1
3737,3737,Marden,WIL,Wiltshire,0.15,0.15,0.1,0.15,0.1
3738,3738,Marden,HEF,Herefordshire,0.15,0.15,0.1,0.15,0.1
3739,3739,Marden,KEN,Kent,0.15,0.15,0.1,0.15,0.1
3740,3740,Marden,,Tyne And Wear,0.15,0.15,0.1,0.15,0.1
3741,3741,Mareham le Fen,LIN,Lincolnshire,0.15,0.15,0.1,0.15,0.1
3742,3742,Margaretting,ESS,Essex,0.15,0.15,0.1,0.15,0.1
3743,3743,Margate,KEN,Kent,0.15,0.15,0.1,0.15,0.1
3744,3744,Marham,NFK,Norfolk,0.15,0.15,0.1,0.15,0.1
3745,3745,Marhamchurch,CON,Cornwall,0.15,0.15,0.1,0.15,0.1
3746,3746,Marholm,CAM,Cambridgeshire,0.15,0.15,0.1,0.15,0.1
3747,3747,Mark,SOM,Somerset,0.15,0.15,0.1,0.15,0.1
3748,3748,Market Bosworth,LEC,Leicestershire,0.15,0.15,0.1,0.15,0.1
3749,3749,Market Deeping,LIN,Lincolnshire,0.15,0.15,0.1,0.15,0.1
3750,3750,Market Drayton,SHR,Shropshire,0.15,0.15,0.1,0.15,0.1
3751,3751,Market Harborough,LEC,Leicestershire,0.15,0.15,0.1,0.15,0.1
3752,3752,Market Lavington,WIL,Wiltshire,0.15,0.15,0.1,0.15,0.1
3753,3753,Market Overton,RUT,Rutland,0.15,0.15,0.1,0.15,0.1
3754,3754,Market Rasen,LIN,Lincolnshire,0.15,0.15,0.1,0.15,0.1
3755,3755,Market Warsop,NTT,Nottinghamshire,0.15,0.15,0.1,0.15,0.1
3756,3756,Market Weighton,ERY,East Riding Of Yorkshire,0.15,0.15,0.1,0.15,0.1
3757,3757,Markfield,LEC,Leicestershire,0.15,0.15,0.1,0.15,0.1
3758,3758,Markinch,FIF,Fife,0.15,0.15,0.1,0.15,0.1
3759,3759,Marks Tey,ESS,Essex,0.15,0.15,0.1,0.15,0.1
3760,3760,Markyate,HRT,Hertfordshire,0.15,0.15,0.1,0.15,0.1
3761,3761,Marlborough,WIL,Wiltshire,0.15,0.15,0.1,0.15,0.1
3762,3762,Marldon,DEV,Devon,0.15,0.15,0.1,0.15,0.1
3763,3763,Marlow,BKM,Buckinghamshire,0.15,0.15,0.1,0.15,0.1
3764,3764,Marnhull,DOR,Dorset,0.15,0.15,0.1,0.15,0.1
3765,3765,Marple,,Greater Manchester,0.15,0.15,0.1,0.15,0.1
3766,3766,Marr,,South Yorkshire,0.15,0.15,0.1,0.15,0.1
3767,3767,Marsden,,West Yorkshire,0.15,0.15,0.1,0.15,0.1
3768,3768,Marsden,,Tyne And Wear,0.15,0.15,0.1,0.15,0.1
3769,3769,Marsh Gibbon,BKM,Buckinghamshire,0.15,0.15,0.1,0.15,0.1
3770,3770,Marsham,NFK,Norfolk,0.15,0.15,0.1,0.15,0.1
3771,3771,Marshfield,GLS,Gloucestershire,0.15,0.15,0.1,0.15,0.1
3772,3772,Marshfield,NWP,Newport,0.15,0.15,0.1,0.15,0.1
3773,3773,Marske-by-the-Sea,NYK,North Yorkshire,0.15,0.15,0.1,0.15,0.1
3774,3774,Marston,WIL,Wiltshire,0.15,0.15,0.1,0.15,0.1
3775,3775,Marston,,West Midlands,0.15,0.15,0.1,0.15,0.1
3776,3776,Marston,OXF,Oxfordshire,0.15,0.15,0.1,0.15,0.1
3777,3777,Marston,LIN,Lincolnshire,0.15,0.15,0.1,0.15,0.1
3778,3778,Marston,STS,Staffordshire,0.15,0.15,0.1,0.15,0.1
3779,3779,Marston,HEF,Herefordshire,0.15,0.15,0.1,0.15,0.1
3780,3780,Marston,,Cheshire,0.15,0.15,0.1,0.15,0.1
3781,3781,Marston Magna,SOM,Somerset,0.15,0.15,0.1,0.15,0.1
3782,3782,Marston Moretaine,,Bedfordshire,0.15,0.15,0.1,0.15,0.1
3783,3783,Marstow,HEF,Herefordshire,0.15,0.15,0.1,0.15,0.1
3784,3784,Marsworth,BKM,Buckinghamshire,0.15,0.15,0.1,0.15,0.1
3785,3785,Martham,NFK,Norfolk,0.15,0.15,0.1,0.15,0.1
3786,3786,Martin,HAM,Hampshire,0.15,0.15,0.1,0.15,0.1
3787,3787,Martin,LIN,Lincolnshire,0.15,0.15,0.1,0.15,0.1
3788,3788,Martock,SOM,Somerset,0.15,0.15,0.1,0.15,0.1
3789,3789,Mary Tavy,DEV,Devon,0.15,0.15,0.1,0.15,0.1
3790,3790,Maryburgh,HLD,Highland,0.15,0.15,0.1,0.15,0.1
3791,3791,Maryport,CMA,Cumbria,0.15,0.15,0.1,0.15,0.1
3792,3792,Maryport,,Dumfries And Galloway,0.15,0.15,0.1,0.15,0.1
3793,3793,Masham,NYK,North Yorkshire,0.15,0.15,0.1,0.15,0.1
3794,3794,Mathry,PEM,Pembrokeshire,0.15,0.15,0.1,0.15,0.1
3795,3795,Matlock,DBY,Derbyshire,0.15,0.15,0.1,0.15,0.1
3796,3796,Mattishall,NFK,Norfolk,0.15,0.15,0.1,0.15,0.1
3797,3797,Mauchline,EAY,East Ayrshire,0.15,0.15,0.1,0.15,0.1
3798,3798,Maud,ABD,Aberdeenshire,0.15,0.15,0.1,0.15,0.1
3799,3799,Maulden,,Bedfordshire,0.15,0.15,0.1,0.15,0.1
3800,3800,Maxey,CAM,Cambridgeshire,0.15,0.15,0.1,0.15,0.1
3801,3801,Maxwellheugh,SCB,Scottish Borders,0.15,0.15,0.1,0.15,0.1
3802,3802,Maybole,SAY,South Ayrshire,0.15,0.15,0.1,0.15,0.1
3803,3803,Mayfield,STS,Staffordshire,0.15,0.15,0.1,0.15,0.1
3804,3804,Mayfield,ESX,East Sussex,0.15,0.15,0.1,0.15,0.1
3805,3805,Mayfield,MLN,Midlothian,0.15,0.15,0.1,0.15,0.1
3806,3806,Mayland,ESS,Essex,0.15,0.15,0.1,0.15,0.1
3807,3807,Measham,LEC,Leicestershire,0.15,0.15,0.1,0.15,0.1
3808,3808,Meidrim,CMN,Carmarthenshire,0.15,0.15,0.1,0.15,0.1
3809,3809,Melbourn,CAM,Cambridgeshire,0.15,0.15,0.1,0.15,0.1
3810,3810,Melbourne,ERY,East Riding Of Yorkshire,0.15,0.15,0.1,0.15,0.1
3811,3811,Melbourne,DBY,Derbyshire,0.15,0.15,0.1,0.15,0.1
3812,3812,Meldon,DEV,Devon,0.15,0.15,0.1,0.15,0.1
3813,3813,Meldon,NBL,Northumberland,0.15,0.15,0.1,0.15,0.1
3814,3814,Meldreth,CAM,Cambridgeshire,0.15,0.15,0.1,0.15,0.1
3815,3815,Melksham,WIL,Wiltshire,0.15,0.15,0.1,0.15,0.1
3816,3816,Melling,LAN,Lancashire,0.15,0.15,0.1,0.15,0.1
3817,3817,Melling,,Merseyside,0.15,0.15,0.1,0.15,0.1
3818,3818,Mellis,SFK,Suffolk,0.15,0.15,0.1,0.15,0.1
3819,3819,Mells,SOM,Somerset,0.15,0.15,0.1,0.15,0.1
3820,3820,Melrose,ABD,Aberdeenshire,0.15,0.15,0.1,0.15,0.1
3821,3821,Melrose,SCB,Scottish Borders,0.15,0.15,0.1,0.15,0.1
3822,3822,Melsonby,NYK,North Yorkshire,0.15,0.15,0.1,0.15,0.1
3823,3823,Meltham,,West Yorkshire,0.15,0.15,0.1,0.15,0.1
3824,3824,Melton Mowbray,LEC,Leicestershire,0.15,0.15,0.1,0.15,0.1
3825,3825,Menai Bridge,AGY,Isle Of Anglesey,0.15,0.15,0.1,0.15,0.1
3826,3826,Mendlesham,SFK,Suffolk,0.15,0.15,0.1,0.15,0.1
3827,3827,Menheniot,CON,Cornwall,0.15,0.15,0.1,0.15,0.1
3828,3828,Menston,,West Yorkshire,0.15,0.15,0.1,0.15,0.1
3829,3829,Menstrie,CLK,Clackmannanshire,0.15,0.15,0.1,0.15,0.1
3830,3830,Meonstoke,HAM,Hampshire,0.15,0.15,0.1,0.15,0.1
3831,3831,Meopham,KEN,Kent,0.15,0.15,0.1,0.15,0.1
3832,3832,Mepal,CAM,Cambridgeshire,0.15,0.15,0.1,0.15,0.1
3833,3833,Meppershall,,Bedfordshire,0.15,0.15,0.1,0.15,0.1
3834,3834,Mere,WIL,Wiltshire,0.15,0.15,0.1,0.15,0.1
3835,3835,Mere,,Cheshire,0.15,0.15,0.1,0.15,0.1
3836,3836,Meriden,,West Midlands,0.15,0.15,0.1,0.15,0.1
3837,3837,Merriott,SOM,Somerset,0.15,0.15,0.1,0.15,0.1
3838,3838,Mersham,KEN,Kent,0.15,0.15,0.1,0.15,0.1
3839,3839,Merthyr Mawr,BGE,Bridgend,0.15,0.15,0.1,0.15,0.1
3840,3840,Merthyr Tydfil,MTY,Merthyr Tydfil,0.15,0.15,0.1,0.15,0.1
3841,3841,Merton,LND,Greater London,0.15,0.15,0.1,0.15,0.1
3842,3842,Merton,DEV,Devon,0.15,0.15,0.1,0.15,0.1
3843,3843,Merton,NFK,Norfolk,0.15,0.15,0.1,0.15,0.1
3844,3844,Merton,OXF,Oxfordshire,0.15,0.15,0.1,0.15,0.1
3845,3845,Messingham,LIN,Lincolnshire,0.15,0.15,0.1,0.15,0.1
3846,3846,Metheringham,LIN,Lincolnshire,0.15,0.15,0.1,0.15,0.1
3847,3847,Methil,FIF,Fife,0.15,0.15,0.1,0.15,0.1
3848,3848,Methley,,West Yorkshire,0.15,0.15,0.1,0.15,0.1
3849,3849,Methven,PKN,Perth And Kinross,0.15,0.15,0.1,0.15,0.1
3850,3850,Methwold,NFK,Norfolk,0.15,0.15,0.1,0.15,0.1
3851,3851,Mevagissey,CON,Cornwall,0.15,0.15,0.1,0.15,0.1
3852,3852,Mexborough,,South Yorkshire,0.15,0.15,0.1,0.15,0.1
3853,3853,Michelmersh,HAM,Hampshire,0.15,0.15,0.1,0.15,0.1
3854,3854,Mickle Trafford,,Cheshire,0.15,0.15,0.1,0.15,0.1
3855,3855,Mickleham,SRY,Surrey,0.15,0.15,0.1,0.15,0.1
3856,3856,Mickleton,GLS,Gloucestershire,0.15,0.15,0.1,0.15,0.1
3857,3857,Mickleton,DUR,Durham,0.15,0.15,0.1,0.15,0.1
3858,3858,Mid Calder,WLN,West Lothian,0.15,0.15,0.1,0.15,0.1
3859,3859,Middle Rasen,LIN,Lincolnshire,0.15,0.15,0.1,0.15,0.1
3860,3860,Middle Winterslow,WIL,Wiltshire,0.15,0.15,0.1,0.15,0.1
3861,3861,Middleham,NYK,North Yorkshire,0.15,0.15,0.1,0.15,0.1
3862,3862,Middlesbrough,NYK,North Yorkshire,0.15,0.15,0.1,0.15,0.1
3863,3863,Middlestown,,West Yorkshire,0.15,0.15,0.1,0.15,0.1
3864,3864,Middleton,NYK,North Yorkshire,0.15,0.15,0.1,0.15,0.1
3865,3865,Middleton,SWA,Swansea,0.15,0.15,0.1,0.15,0.1
3866,3866,Middleton,PKN,Perth And Kinross,0.15,0.15,0.1,0.15,0.1
3867,3867,Middleton,MLN,Midlothian,0.15,0.15,0.1,0.15,0.1
3868,3868,Middleton,ANS,Angus,0.15,0.15,0.1,0.15,0.1
3869,3869,Middleton,SHR,Shropshire,0.15,0.15,0.1,0.15,0.1
3870,3870,Middleton,,Greater Manchester,0.15,0.15,0.1,0.15,0.1
3871,3871,Middleton,,West Yorkshire,0.15,0.15,0.1,0.15,0.1
3872,3872,Middleton,LAN,Lancashire,0.15,0.15,0.1,0.15,0.1
3873,3873,Middleton,NTH,Northamptonshire,0.15,0.15,0.1,0.15,0.1
3874,3874,Middleton,DUR,Durham,0.15,0.15,0.1,0.15,0.1
3875,3875,Middleton,HAM,Hampshire,0.15,0.15,0.1,0.15,0.1
3876,3876,Middleton,SFK,Suffolk,0.15,0.15,0.1,0.15,0.1
3877,3877,Middleton,NBL,Northumberland,0.15,0.15,0.1,0.15,0.1
3878,3878,Middleton,WAR,Warwickshire,0.15,0.15,0.1,0.15,0.1
3879,3879,Middleton,DBY,Derbyshire,0.15,0.15,0.1,0.15,0.1
3880,3880,Middleton,NFK,Norfolk,0.15,0.15,0.1,0.15,0.1
3881,3881,Middleton,ESS,Essex,0.15,0.15,0.1,0.15,0.1
3882,3882,Middleton,CMA,Cumbria,0.15,0.15,0.1,0.15,0.1
3883,3883,Middleton Tyas,NYK,North Yorkshire,0.15,0.15,0.1,0.15,0.1
3884,3884,Middlewich,,Cheshire,0.15,0.15,0.1,0.15,0.1
3885,3885,Middlezoy,SOM,Somerset,0.15,0.15,0.1,0.15,0.1
3886,3886,Midhurst,WSX,West Sussex,0.15,0.15,0.1,0.15,0.1
3887,3887,Midsomer Norton,SOM,Somerset,0.15,0.15,0.1,0.15,0.1
3888,3888,Milborne Port,SOM,Somerset,0.15,0.15,0.1,0.15,0.1
3889,3889,Milborne St Andrew,DOR,Dorset,0.15,0.15,0.1,0.15,0.1
3890,3890,Mildenhall,WIL,Wiltshire,0.15,0.15,0.1,0.15,0.1
3891,3891,Mildenhall,SFK,Suffolk,0.15,0.15,0.1,0.15,0.1
3892,3892,Mileham,NFK,Norfolk,0.15,0.15,0.1,0.15,0.1
3893,3893,Milford,DBY,Derbyshire,0.15,0.15,0.1,0.15,0.1
3894,3894,Milford,DEV,Devon,0.15,0.15,0.1,0.15,0.1
3895,3895,Milford,SRY,Surrey,0.15,0.15,0.1,0.15,0.1
3896,3896,Milford,STS,Staffordshire,0.15,0.15,0.1,0.15,0.1
3897,3897,Milford,SHR,Shropshire,0.15,0.15,0.1,0.15,0.1
3898,3898,Milford Haven,PEM,Pembrokeshire,0.15,0.15,0.1,0.15,0.1
3899,3899,Milford on Sea,HAM,Hampshire,0.15,0.15,0.1,0.15,0.1
3900,3900,Millbrook,ANT,County Antrim,0.15,0.15,0.1,0.15,0.1
3901,3901,Millbrook,,Bedfordshire,0.15,0.15,0.1,0.15,0.1
3902,3902,Millbrook,HAM,Hampshire,0.15,0.15,0.1,0.15,0.1
3903,3903,Millbrook,CON,Cornwall,0.15,0.15,0.1,0.15,0.1
3904,3904,Millisle,DOW,County Down,0.15,0.15,0.1,0.15,0.1
3905,3905,Millom,CMA,Cumbria,0.15,0.15,0.1,0.15,0.1
3906,3906,Millport,NAY,North Ayrshire,0.15,0.15,0.1,0.15,0.1
3907,3907,Milnathort,PKN,Perth And Kinross,0.15,0.15,0.1,0.15,0.1
3908,3908,Milngavie,EDU,East Dunbartonshire,0.15,0.15,0.1,0.15,0.1
3909,3909,Milnrow,,Greater Manchester,0.15,0.15,0.1,0.15,0.1
3910,3910,Milnthorpe,CMA,Cumbria,0.15,0.15,0.1,0.15,0.1
3911,3911,Milston,WIL,Wiltshire,0.15,0.15,0.1,0.15,0.1
3912,3912,Milton,CAM,Cambridgeshire,0.15,0.15,0.1,0.15,0.1
3913,3913,Milton,CMA,Cumbria,0.15,0.15,0.1,0.15,0.1
3914,3914,Milton,DBY,Derbyshire,0.15,0.15,0.1,0.15,0.1
3915,3915,Milton,NTT,Nottinghamshire,0.15,0.15,0.1,0.15,0.1
3916,3916,Milton,OXF,Oxfordshire,0.15,0.15,0.1,0.15,0.1
3917,3917,Milton,SOM,Somerset,0.15,0.15,0.1,0.15,0.1
3918,3918,Milton,ANS,Angus,0.15,0.15,0.1,0.15,0.1
3919,3919,Milton,,Dumfries And Galloway,0.15,0.15,0.1,0.15,0.1
3920,3920,Milton,HLD,Highland,0.15,0.15,0.1,0.15,0.1
3921,3921,Milton,MRY,Moray,0.15,0.15,0.1,0.15,0.1
3922,3922,Milton,STG,Stirling,0.15,0.15,0.1,0.15,0.1
3923,3923,Milton,,West Dunbart,0.15,0.15,0.1,0.15,0.1
3924,3924,Milton,PKN,Perth And Kinross,0.15,0.15,0.1,0.15,0.1
3925,3925,Milton,PEM,Pembrokeshire,0.15,0.15,0.1,0.15,0.1
3926,3926,Milton,STS,Staffordshire,0.15,0.15,0.1,0.15,0.1
3927,3927,Milton Bryan,,Bedfordshire,0.15,0.15,0.1,0.15,0.1
3928,3928,Milton Ernest,,Bedfordshire,0.15,0.15,0.1,0.15,0.1
3929,3929,Milton Keynes,BKM,Buckinghamshire,0.15,0.15,0.1,0.15,0.1
3930,3930,Milton of Campsie,EDU,East Dunbartonshire,0.15,0.15,0.1,0.15,0.1
3931,3931,Milverton,SOM,Somerset,0.15,0.15,0.1,0.15,0.1
3932,3932,Minchinhampton,GLS,Gloucestershire,0.15,0.15,0.1,0.15,0.1
3933,3933,Minehead,SOM,Somerset,0.15,0.15,0.1,0.15,0.1
3934,3934,Minety,WIL,Wiltshire,0.15,0.15,0.1,0.15,0.1
3935,3935,Minster Lovell,OXF,Oxfordshire,0.15,0.15,0.1,0.15,0.1
3936,3936,Minsterley,SHR,Shropshire,0.15,0.15,0.1,0.15,0.1
3937,3937,Mintlaw,ABD,Aberdeenshire,0.15,0.15,0.1,0.15,0.1
3938,3938,Mirfield,,West Yorkshire,0.15,0.15,0.1,0.15,0.1
3939,3939,Misson,NTT,Nottinghamshire,0.15,0.15,0.1,0.15,0.1
3940,3940,Misterton,SOM,Somerset,0.15,0.15,0.1,0.15,0.1
3941,3941,Misterton,NTT,Nottinghamshire,0.15,0.15,0.1,0.15,0.1
3942,3942,Misterton,LEC,Leicestershire,0.15,0.15,0.1,0.15,0.1
3943,3943,Mitcham,LND,Greater London,0.15,0.15,0.1,0.15,0.1
3944,3944,Mitcheldean,GLS,Gloucestershire,0.15,0.15,0.1,0.15,0.1
3945,3945,Mobberley,,Cheshire,0.15,0.15,0.1,0.15,0.1
3946,3946,Moccas,HEF,Herefordshire,0.15,0.15,0.1,0.15,0.1
3947,3947,Mochdre,CWY,Conwy,0.15,0.15,0.1,0.15,0.1
3948,3948,Mochdre,POW,Powys,0.15,0.15,0.1,0.15,0.1
3949,3949,Modbury,DEV,Devon,0.15,0.15,0.1,0.15,0.1
3950,3950,Moelfre,SHR,Shropshire,0.15,0.15,0.1,0.15,0.1
3951,3951,Moelfre,AGY,Isle Of Anglesey,0.15,0.15,0.1,0.15,0.1
3952,3952,Moffat,,Dumfries And Galloway,0.15,0.15,0.1,0.15,0.1
3953,3953,Moira,ARM,County Armagh,0.15,0.15,0.1,0.15,0.1
3954,3954,Moira,LEC,Leicestershire,0.15,0.15,0.1,0.15,0.1
3955,3955,Mold,FLN,Flintshire,0.15,0.15,0.1,0.15,0.1
3956,3956,Mollington,OXF,Oxfordshire,0.15,0.15,0.1,0.15,0.1
3957,3957,Mollington,,Cheshire,0.15,0.15,0.1,0.15,0.1
3958,3958,Moneymore,DRY,County Londonderry,0.15,0.15,0.1,0.15,0.1
3959,3959,Monifieth,ANS,Angus,0.15,0.15,0.1,0.15,0.1
3960,3960,Monk Fryston,NYK,North Yorkshire,0.15,0.15,0.1,0.15,0.1
3961,3961,Monks Eleigh,SFK,Suffolk,0.15,0.15,0.1,0.15,0.1
3962,3962,Monkton,DEV,Devon,0.15,0.15,0.1,0.15,0.1
3963,3963,Monkton,KEN,Kent,0.15,0.15,0.1,0.15,0.1
3964,3964,Monkton,,Tyne And Wear,0.15,0.15,0.1,0.15,0.1
3965,3965,Monkton,SAY,South Ayrshire,0.15,0.15,0.1,0.15,0.1
3966,3966,Monkton Farleigh,WIL,Wiltshire,0.15,0.15,0.1,0.15,0.1
3967,3967,Montacute,SOM,Somerset,0.15,0.15,0.1,0.15,0.1
3968,3968,Montgomery,POW,Powys,0.15,0.15,0.1,0.15,0.1
3969,3969,Montrose,ANS,Angus,0.15,0.15,0.1,0.15,0.1
3970,3970,Monxton,HAM,Hampshire,0.15,0.15,0.1,0.15,0.1
3971,3971,Moodiesburn,NLK,North Lanarkshire,0.15,0.15,0.1,0.15,0.1
3972,3972,Moor Row,CMA,Cumbria,0.15,0.15,0.1,0.15,0.1
3973,3973,Morchard Bishop,DEV,Devon,0.15,0.15,0.1,0.15,0.1
3974,3974,Morcott,RUT,Rutland,0.15,0.15,0.1,0.15,0.1
3975,3975,Morden,LND,Greater London,0.15,0.15,0.1,0.15,0.1
3976,3976,Morden,DOR,Dorset,0.15,0.15,0.1,0.15,0.1
3977,3977,Morecambe,LAN,Lancashire,0.15,0.15,0.1,0.15,0.1
3978,3978,Moreton,OXF,Oxfordshire,0.15,0.15,0.1,0.15,0.1
3979,3979,Moreton,ESS,Essex,0.15,0.15,0.1,0.15,0.1
3980,3980,Moreton,,Merseyside,0.15,0.15,0.1,0.15,0.1
3981,3981,Moreton,HEF,Herefordshire,0.15,0.15,0.1,0.15,0.1
3982,3982,Moreton,DOR,Dorset,0.15,0.15,0.1,0.15,0.1
3983,3983,Moreton Jeffries,HEF,Herefordshire,0.15,0.15,0.1,0.15,0.1
3984,3984,Moreton on Lugg,HEF,Herefordshire,0.15,0.15,0.1,0.15,0.1
3985,3985,Moretonhampstead,DEV,Devon,0.15,0.15,0.1,0.15,0.1
3986,3986,Morfa Nefyn,GWN,Gwynedd,0.15,0.15,0.1,0.15,0.1
3987,3987,Morley,DBY,Derbyshire,0.15,0.15,0.1,0.15,0.1
3988,3988,Morley,DUR,Durham,0.15,0.15,0.1,0.15,0.1
3989,3989,Morley,,West Yorkshire,0.15,0.15,0.1,0.15,0.1
3990,3990,Morningside,NLK,North Lanarkshire,0.15,0.15,0.1,0.15,0.1
3991,3991,Morningside,,City Of Edinburgh,0.15,0.15,0.1,0.15,0.1
3992,3992,Morpeth,NBL,Northumberland,0.15,0.15,0.1,0.15,0.1
3993,3993,Morriston,SAY,South Ayrshire,0.15,0.15,0.1,0.15,0.1
3994,3994,Morriston,SWA,Swansea,0.15,0.15,0.1,0.15,0.1
3995,3995,Moss,,South Yorkshire,0.15,0.15,0.1,0.15,0.1
3996,3996,Moss,WRX,Wrexham,0.15,0.15,0.1,0.15,0.1
3997,3997,Mossblown,SAY,South Ayrshire,0.15,0.15,0.1,0.15,0.1
3998,3998,Mossley,,Greater Manchester,0.15,0.15,0.1,0.15,0.1
3999,3999,Mossley,ANT,County Antrim,0.15,0.15,0.1,0.15,0.1
4000,4000,Mosstodloch,MRY,Moray,0.15,0.15,0.1,0.15,0.1
4001,4001,Mosterton,DOR,Dorset,0.15,0.15,0.1,0.15,0.1
4002,4002,Mostyn,FLN,Flintshire,0.15,0.15,0.1,0.15,0.1
4003,4003,Motcombe,DOR,Dorset,0.15,0.15,0.1,0.15,0.1
4004,4004,Motherwell,NLK,North Lanarkshire,0.15,0.15,0.1,0.15,0.1
4005,4005,Mouldsworth,,Cheshire,0.15,0.15,0.1,0.15,0.1
4006,4006,Moulsoe,BKM,Buckinghamshire,0.15,0.15,0.1,0.15,0.1
4007,4007,Moulton Chapel,LIN,Lincolnshire,0.15,0.15,0.1,0.15,0.1
4008,4008,Mount Hawke,CON,Cornwall,0.15,0.15,0.1,0.15,0.1
4009,4009,Mountain Ash,RCT,Rhondda Cynon Taff,0.15,0.15,0.1,0.15,0.1
4010,4010,Mountsorrel,LEC,Leicestershire,0.15,0.15,0.1,0.15,0.1
4011,4011,Mousehole,CON,Cornwall,0.15,0.15,0.1,0.15,0.1
4012,4012,Moy,HLD,Highland,0.15,0.15,0.1,0.15,0.1
4013,4013,Much Birch,HEF,Herefordshire,0.15,0.15,0.1,0.15,0.1
4014,4014,Much Hadham,HRT,Hertfordshire,0.15,0.15,0.1,0.15,0.1
4015,4015,Much Wenlock,SHR,Shropshire,0.15,0.15,0.1,0.15,0.1
4016,4016,Muggleswick,DUR,Durham,0.15,0.15,0.1,0.15,0.1
4017,4017,Muir of Ord,HLD,Highland,0.15,0.15,0.1,0.15,0.1
4018,4018,Muirhead,ABD,Aberdeenshire,0.15,0.15,0.1,0.15,0.1
4019,4019,Muirhead,ANS,Angus,0.15,0.15,0.1,0.15,0.1
4020,4020,Muirhead,FIF,Fife,0.15,0.15,0.1,0.15,0.1
4021,4021,Muirhead,MRY,Moray,0.15,0.15,0.1,0.15,0.1
4022,4022,Muirhead,NLK,North Lanarkshire,0.15,0.15,0.1,0.15,0.1
4023,4023,Muirkirk,EAY,East Ayrshire,0.15,0.15,0.1,0.15,0.1
4024,4024,Mulbarton,NFK,Norfolk,0.15,0.15,0.1,0.15,0.1
4025,4025,Mullion,CON,Cornwall,0.15,0.15,0.1,0.15,0.1
4026,4026,Mundesley,NFK,Norfolk,0.15,0.15,0.1,0.15,0.1
4027,4027,Mundford,NFK,Norfolk,0.15,0.15,0.1,0.15,0.1
4028,4028,Murrow,CAM,Cambridgeshire,0.15,0.15,0.1,0.15,0.1
4029,4029,Mursley,BKM,Buckinghamshire,0.15,0.15,0.1,0.15,0.1
4030,4030,Murthly,PKN,Perth And Kinross,0.15,0.15,0.1,0.15,0.1
4031,4031,Murton,NBL,Northumberland,0.15,0.15,0.1,0.15,0.1
4032,4032,Murton,CMA,Cumbria,0.15,0.15,0.1,0.15,0.1
4033,4033,Murton,NYK,North Yorkshire,0.15,0.15,0.1,0.15,0.1
4034,4034,Murton,DUR,Durham,0.15,0.15,0.1,0.15,0.1
4035,4035,Musbury,DEV,Devon,0.15,0.15,0.1,0.15,0.1
4036,4036,Musselburgh,ELN,East Lothian,0.15,0.15,0.1,0.15,0.1
4037,4037,Muthill,PKN,Perth And Kinross,0.15,0.15,0.1,0.15,0.1
4038,4038,Mylor Bridge,CON,Cornwall,0.15,0.15,0.1,0.15,0.1
4039,4039,Mynytho,GWN,Gwynedd,0.15,0.15,0.1,0.15,0.1
4040,4040,Mytholmroyd,,West Yorkshire,0.15,0.15,0.1,0.15,0.1
4041,4041,Nafferton,ERY,East Riding Of Yorkshire,0.15,0.15,0.1,0.15,0.1
4042,4042,Nailsworth,GLS,Gloucestershire,0.15,0.15,0.1,0.15,0.1
4043,4043,Nairn,HLD,Highland,0.15,0.15,0.1,0.15,0.1
4044,4044,Nanpean,CON,Cornwall,0.15,0.15,0.1,0.15,0.1
4045,4045,Nantgaredig,CMN,Carmarthenshire,0.15,0.15,0.1,0.15,0.1
4046,4046,Nantwich,,Cheshire,0.15,0.15,0.1,0.15,0.1
4047,4047,Napton on the Hill,WAR,Warwickshire,0.15,0.15,0.1,0.15,0.1
4048,4048,Narberth,PEM,Pembrokeshire,0.15,0.15,0.1,0.15,0.1
4049,4049,Narborough,LEC,Leicestershire,0.15,0.15,0.1,0.15,0.1
4050,4050,Narborough,NFK,Norfolk,0.15,0.15,0.1,0.15,0.1
4051,4051,Naseby,NTH,Northamptonshire,0.15,0.15,0.1,0.15,0.1
4052,4052,Nash,VGL,Vale Of Glamorgan,0.15,0.15,0.1,0.15,0.1
4053,4053,Nash,,Hereford And Worcester,0.15,0.15,0.1,0.15,0.1
4054,4054,Nash,BKM,Buckinghamshire,0.15,0.15,0.1,0.15,0.1
4055,4055,Nash,SHR,Shropshire,0.15,0.15,0.1,0.15,0.1
4056,4056,Nassington,NTH,Northamptonshire,0.15,0.15,0.1,0.15,0.1
4057,4057,Navenby,LIN,Lincolnshire,0.15,0.15,0.1,0.15,0.1
4058,4058,Nayland,SFK,Suffolk,0.15,0.15,0.1,0.15,0.1
4059,4059,Neath,NTL,Neath Port Talbot,0.15,0.15,0.1,0.15,0.1
4060,4060,Necton,NFK,Norfolk,0.15,0.15,0.1,0.15,0.1
4061,4061,Needham Market,SFK,Suffolk,0.15,0.15,0.1,0.15,0.1
4062,4062,Nefyn,GWN,Gwynedd,0.15,0.15,0.1,0.15,0.1
4063,4063,Neilston,ERW,East Renfrewshire,0.15,0.15,0.1,0.15,0.1
4064,4064,Nelson,LAN,Lancashire,0.15,0.15,0.1,0.15,0.1
4065,4065,Nelson,CAY,Caerphilly,0.15,0.15,0.1,0.15,0.1
4066,4066,Neston,,Cheshire,0.15,0.15,0.1,0.15,0.1
4067,4067,Neston,WIL,Wiltshire,0.15,0.15,0.1,0.15,0.1
4068,4068,Nether Heyford,NTH,Northamptonshire,0.15,0.15,0.1,0.15,0.1
4069,4069,Nether Kellet,LAN,Lancashire,0.15,0.15,0.1,0.15,0.1
4070,4070,Nether Stowey,SOM,Somerset,0.15,0.15,0.1,0.15,0.1
4071,4071,Netheravon,WIL,Wiltshire,0.15,0.15,0.1,0.15,0.1
4072,4072,Netherburn,SLK,South Lanarkshire,0.15,0.15,0.1,0.15,0.1
4073,4073,Netherseal,DBY,Derbyshire,0.15,0.15,0.1,0.15,0.1
4074,4074,Netherton,PKN,Perth And Kinross,0.15,0.15,0.1,0.15,0.1
4075,4075,Netherton,SLK,South Lanarkshire,0.15,0.15,0.1,0.15,0.1
4076,4076,Netherton,ANS,Angus,0.15,0.15,0.1,0.15,0.1
4077,4077,Netherton,,Cheshire,0.15,0.15,0.1,0.15,0.1
4078,4078,Netherton,,Merseyside,0.15,0.15,0.1,0.15,0.1
4079,4079,Netherton,,West Midlands,0.15,0.15,0.1,0.15,0.1
4080,4080,Netherton,OXF,Oxfordshire,0.15,0.15,0.1,0.15,0.1
4081,4081,Netherton,NBL,Northumberland,0.15,0.15,0.1,0.15,0.1
4082,4082,Netherton,DEV,Devon,0.15,0.15,0.1,0.15,0.1
4083,4083,Netherton,WOR,Worcestershire,0.15,0.15,0.1,0.15,0.1
4084,4084,Netherton,,West Yorkshire,0.15,0.15,0.1,0.15,0.1
4085,4085,Nethy Bridge,HLD,Highland,0.15,0.15,0.1,0.15,0.1
4086,4086,Netley,HAM,Hampshire,0.15,0.15,0.1,0.15,0.1
4087,4087,Nettlebed,OXF,Oxfordshire,0.15,0.15,0.1,0.15,0.1
4088,4088,Nettleham,LIN,Lincolnshire,0.15,0.15,0.1,0.15,0.1
4089,4089,Nettleton,LIN,Lincolnshire,0.15,0.15,0.1,0.15,0.1
4090,4090,Nettleton,WIL,Wiltshire,0.15,0.15,0.1,0.15,0.1
4091,4091,Nevern,PEM,Pembrokeshire,0.15,0.15,0.1,0.15,0.1
4092,4092,New Alresford,HAM,Hampshire,0.15,0.15,0.1,0.15,0.1
4093,4093,New Cumnock,EAY,East Ayrshire,0.15,0.15,0.1,0.15,0.1
4094,4094,New Deer,ABD,Aberdeenshire,0.15,0.15,0.1,0.15,0.1
4095,4095,New Holland,LIN,Lincolnshire,0.15,0.15,0.1,0.15,0.1
4096,4096,New Inn,FIF,Fife,0.15,0.15,0.1,0.15,0.1
4097,4097,New Inn,CMN,Carmarthenshire,0.15,0.15,0.1,0.15,0.1
4098,4098,New Inn,TOF,Torfaen,0.15,0.15,0.1,0.15,0.1
4099,4099,New Malden,LND,Greater London,0.15,0.15,0.1,0.15,0.1
4100,4100,New Marske,NYK,North Yorkshire,0.15,0.15,0.1,0.15,0.1
4101,4101,New Mills,,Cheshire,0.15,0.15,0.1,0.15,0.1
4102,4102,New Mills,POW,Powys,0.15,0.15,0.1,0.15,0.1
4103,4103,New Mills,CON,Cornwall,0.15,0.15,0.1,0.15,0.1
4104,4104,New Milton,HAM,Hampshire,0.15,0.15,0.1,0.15,0.1
4105,4105,New Pitsligo,ABD,Aberdeenshire,0.15,0.15,0.1,0.15,0.1
4106,4106,New Quay,CGN,Ceredigion,0.15,0.15,0.1,0.15,0.1
4107,4107,New Romney,KEN,Kent,0.15,0.15,0.1,0.15,0.1
4108,4108,Newarthill,NLK,North Lanarkshire,0.15,0.15,0.1,0.15,0.1
4109,4109,Newbiggin,NYK,North Yorkshire,0.15,0.15,0.1,0.15,0.1
4110,4110,Newbiggin,DUR,Durham,0.15,0.15,0.1,0.15,0.1
4111,4111,Newbiggin,CMA,Cumbria,0.15,0.15,0.1,0.15,0.1
4112,4112,Newbiggin,NBL,Northumberland,0.15,0.15,0.1,0.15,0.1
4113,4113,Newbiggin-by-the-Sea,NBL,Northumberland,0.15,0.15,0.1,0.15,0.1
4114,4114,Newbold Verdon,LEC,Leicestershire,0.15,0.15,0.1,0.15,0.1
4115,4115,Newbold on Stour,WAR,Warwickshire,0.15,0.15,0.1,0.15,0.1
4116,4116,Newborough,STS,Staffordshire,0.15,0.15,0.1,0.15,0.1
4117,4117,Newborough,CAM,Cambridgeshire,0.15,0.15,0.1,0.15,0.1
4118,4118,Newborough,AGY,Isle Of Anglesey,0.15,0.15,0.1,0.15,0.1
4119,4119,Newbridge,CON,Cornwall,0.15,0.15,0.1,0.15,0.1
4120,4120,Newbridge,PEM,Pembrokeshire,0.15,0.15,0.1,0.15,0.1
4121,4121,Newbridge,,City Of Edinburgh,0.15,0.15,0.1,0.15,0.1
4122,4122,Newbridge,WRX,Wrexham,0.15,0.15,0.1,0.15,0.1
4123,4123,Newbridge,HAM,Hampshire,0.15,0.15,0.1,0.15,0.1
4124,4124,Newbridge,IOW,Isle Of Wight,0.15,0.15,0.1,0.15,0.1
4125,4125,Newbridge on Wye,POW,Powys,0.15,0.15,0.1,0.15,0.1
4126,4126,Newburgh,SCB,Scottish Borders,0.15,0.15,0.1,0.15,0.1
4127,4127,Newburgh,FIF,Fife,0.15,0.15,0.1,0.15,0.1
4128,4128,Newburgh,ABD,Aberdeenshire,0.15,0.15,0.1,0.15,0.1
4129,4129,Newburgh,LAN,Lancashire,0.15,0.15,0.1,0.15,0.1
4130,4130,Newburn,,Tyne And Wear,0.15,0.15,0.1,0.15,0.1
4131,4131,Newbury,,Berkshire,0.15,0.15,0.1,0.15,0.1
4132,4132,Newcastle,BGE,Bridgend,0.15,0.15,0.1,0.15,0.1
4133,4133,Newcastle,SHR,Shropshire,0.15,0.15,0.1,0.15,0.1
4134,4134,Newcastle Emlyn,CGN,Ceredigion,0.15,0.15,0.1,0.15,0.1
4135,4135,Newcastle upon Tyne,,Tyne And Wear,0.15,0.15,0.1,0.15,0.1
4136,4136,Newcastleton,SCB,Scottish Borders,0.15,0.15,0.1,0.15,0.1
4137,4137,Newchurch,IOW,Isle Of Wight,0.15,0.15,0.1,0.15,0.1
4138,4138,Newchurch,KEN,Kent,0.15,0.15,0.1,0.15,0.1
4139,4139,Newchurch,LAN,Lancashire,0.15,0.15,0.1,0.15,0.1
4140,4140,Newchurch,CMN,Carmarthenshire,0.15,0.15,0.1,0.15,0.1
4141,4141,Newchurch,POW,Powys,0.15,0.15,0.1,0.15,0.1
4142,4142,Newdigate,SRY,Surrey,0.15,0.15,0.1,0.15,0.1
4143,4143,Newent,GLS,Gloucestershire,0.15,0.15,0.1,0.15,0.1
4144,4144,Newhaven,ESX,East Sussex,0.15,0.15,0.1,0.15,0.1
4145,4145,Newick,ESX,East Sussex,0.15,0.15,0.1,0.15,0.1
4146,4146,Newington,OXF,Oxfordshire,0.15,0.15,0.1,0.15,0.1
4147,4147,Newington,KEN,Kent,0.15,0.15,0.1,0.15,0.1
4148,4148,Newington,LND,Greater London,0.15,0.15,0.1,0.15,0.1
4149,4149,Newmains,NLK,North Lanarkshire,0.15,0.15,0.1,0.15,0.1
4150,4150,Newmarket,SFK,Suffolk,0.15,0.15,0.1,0.15,0.1
4151,4151,Newmarket,,Western Isles,0.15,0.15,0.1,0.15,0.1
4152,4152,Newmilns,EAY,East Ayrshire,0.15,0.15,0.1,0.15,0.1
4153,4153,Newport,NWP,Newport,0.15,0.15,0.1,0.15,0.1
4154,4154,Newport,CON,Cornwall,0.15,0.15,0.1,0.15,0.1
4155,4155,Newport,DEV,Devon,0.15,0.15,0.1,0.15,0.1
4156,4156,Newport,IOW,Isle Of Wight,0.15,0.15,0.1,0.15,0.1
4157,4157,Newport,SHR,Shropshire,0.15,0.15,0.1,0.15,0.1
4158,4158,Newport,ERY,East Riding Of Yorkshire,0.15,0.15,0.1,0.15,0.1
4159,4159,Newport,PEM,Pembrokeshire,0.15,0.15,0.1,0.15,0.1
4160,4160,Newport,NFK,Norfolk,0.15,0.15,0.1,0.15,0.1
4161,4161,Newport,GLS,Gloucestershire,0.15,0.15,0.1,0.15,0.1
4162,4162,Newport,ESS,Essex,0.15,0.15,0.1,0.15,0.1
4163,4163,Newport,HLD,Highland,0.15,0.15,0.1,0.15,0.1
4164,4164,Newport Pagnell,BKM,Buckinghamshire,0.15,0.15,0.1,0.15,0.1
4165,4165,Newport-on-Tay,FIF,Fife,0.15,0.15,0.1,0.15,0.1
4166,4166,Newquay,CON,Cornwall,0.15,0.15,0.1,0.15,0.1
4167,4167,Newton Abbot,DEV,Devon,0.15,0.15,0.1,0.15,0.1
4168,4168,Newton Aycliffe,DUR,Durham,0.15,0.15,0.1,0.15,0.1
4169,4169,Newton Ferrers,DEV,Devon,0.15,0.15,0.1,0.15,0.1
4170,4170,Newton Longville,BKM,Buckinghamshire,0.15,0.15,0.1,0.15,0.1
4171,4171,Newton Mearns,ERW,East Renfrewshire,0.15,0.15,0.1,0.15,0.1
4172,4172,Newton Poppleford,DEV,Devon,0.15,0.15,0.1,0.15,0.1
4173,4173,Newton Regis,WAR,Warwickshire,0.15,0.15,0.1,0.15,0.1
4174,4174,Newton Solney,DBY,Derbyshire,0.15,0.15,0.1,0.15,0.1
4175,4175,Newton St Cyres,DEV,Devon,0.15,0.15,0.1,0.15,0.1
4176,4176,Newton Stewart,,Dumfries And Galloway,0.15,0.15,0.1,0.15,0.1
4177,4177,Newton-le-Willows,,Merseyside,0.15,0.15,0.1,0.15,0.1
4178,4178,Newton-le-Willows,NYK,North Yorkshire,0.15,0.15,0.1,0.15,0.1
4179,4179,Newtonmore,HLD,Highland,0.15,0.15,0.1,0.15,0.1
4180,4180,Newtown,,Isle Of Man,0.15,0.15,0.1,0.15,0.1
4181,4181,Newtown,POW,Powys,0.15,0.15,0.1,0.15,0.1
4182,4182,Newtown,HLD,Highland,0.15,0.15,0.1,0.15,0.1
4183,4183,Newtown,ABD,Aberdeenshire,0.15,0.15,0.1,0.15,0.1
4184,4184,Newtown,,Cheshire,0.15,0.15,0.1,0.15,0.1
4185,4185,Newtown,HAM,Hampshire,0.15,0.15,0.1,0.15,0.1
4186,4186,Newtown,CMA,Cumbria,0.15,0.15,0.1,0.15,0.1
4187,4187,Newtown,BKM,Buckinghamshire,0.15,0.15,0.1,0.15,0.1
4188,4188,Newtown,NBL,Northumberland,0.15,0.15,0.1,0.15,0.1
4189,4189,Newtown,STS,Staffordshire,0.15,0.15,0.1,0.15,0.1
4190,4190,Newtown,HEF,Herefordshire,0.15,0.15,0.1,0.15,0.1
4191,4191,Newtown,IOW,Isle Of Wight,0.15,0.15,0.1,0.15,0.1
4192,4192,Newtown,WIL,Wiltshire,0.15,0.15,0.1,0.15,0.1
4193,4193,Newtown,SHR,Shropshire,0.15,0.15,0.1,0.15,0.1
4194,4194,Newtown,DOR,Dorset,0.15,0.15,0.1,0.15,0.1
4195,4195,Newtown St Boswells,SCB,Scottish Borders,0.15,0.15,0.1,0.15,0.1
4196,4196,Newtownbutler,FER,County Fermanagh,0.15,0.15,0.1,0.15,0.1
4197,4197,Newtownstewart,,County Tyrone,0.15,0.15,0.1,0.15,0.1
4198,4198,Newtyle,ANS,Angus,0.15,0.15,0.1,0.15,0.1
4199,4199,Neyland,PEM,Pembrokeshire,0.15,0.15,0.1,0.15,0.1
4200,4200,Ninfield,ESX,East Sussex,0.15,0.15,0.1,0.15,0.1
4201,4201,Niton,IOW,Isle Of Wight,0.15,0.15,0.1,0.15,0.1
4202,4202,Nocton,LIN,Lincolnshire,0.15,0.15,0.1,0.15,0.1
4203,4203,Norbury,SHR,Shropshire,0.15,0.15,0.1,0.15,0.1
4204,4204,Norbury,STS,Staffordshire,0.15,0.15,0.1,0.15,0.1
4205,4205,Norbury,LND,Greater London,0.15,0.15,0.1,0.15,0.1
4206,4206,Norbury,DBY,Derbyshire,0.15,0.15,0.1,0.15,0.1
4207,4207,Norbury,,Cheshire,0.15,0.15,0.1,0.15,0.1
4208,4208,Norham,NBL,Northumberland,0.15,0.15,0.1,0.15,0.1
4209,4209,Normandy,SRY,Surrey,0.15,0.15,0.1,0.15,0.1
4210,4210,Normanton,RUT,Rutland,0.15,0.15,0.1,0.15,0.1
4211,4211,Normanton,DBY,Derbyshire,0.15,0.15,0.1,0.15,0.1
4212,4212,Normanton,LIN,Lincolnshire,0.15,0.15,0.1,0.15,0.1
4213,4213,Normanton,NTT,Nottinghamshire,0.15,0.15,0.1,0.15,0.1
4214,4214,Normanton,,West Yorkshire,0.15,0.15,0.1,0.15,0.1
4215,4215,North Baddesley,HAM,Hampshire,0.15,0.15,0.1,0.15,0.1
4216,4216,North Berwick,ELN,East Lothian,0.15,0.15,0.1,0.15,0.1
4217,4217,North Bradley,WIL,Wiltshire,0.15,0.15,0.1,0.15,0.1
4218,4218,North Cadbury,SOM,Somerset,0.15,0.15,0.1,0.15,0.1
4219,4219,North Cave,ERY,East Riding Of Yorkshire,0.15,0.15,0.1,0.15,0.1
4220,4220,North Cowton,NYK,North Yorkshire,0.15,0.15,0.1,0.15,0.1
4221,4221,North Crawley,BKM,Buckinghamshire,0.15,0.15,0.1,0.15,0.1
4222,4222,North Curry,SOM,Somerset,0.15,0.15,0.1,0.15,0.1
4223,4223,North Duffield,NYK,North Yorkshire,0.15,0.15,0.1,0.15,0.1
4224,4224,North Elmham,NFK,Norfolk,0.15,0.15,0.1,0.15,0.1
4225,4225,North Elmsall,,West Yorkshire,0.15,0.15,0.1,0.15,0.1
4226,4226,North Ferriby,ERY,East Riding Of Yorkshire,0.15,0.15,0.1,0.15,0.1
4227,4227,North Hill,CON,Cornwall,0.15,0.15,0.1,0.15,0.1
4228,4228,North Kelsey,LIN,Lincolnshire,0.15,0.15,0.1,0.15,0.1
4229,4229,North Kessock,HLD,Highland,0.15,0.15,0.1,0.15,0.1
4230,4230,North Kilworth,LEC,Leicestershire,0.15,0.15,0.1,0.15,0.1
4231,4231,North Leigh,OXF,Oxfordshire,0.15,0.15,0.1,0.15,0.1
4232,4232,North Lopham,NFK,Norfolk,0.15,0.15,0.1,0.15,0.1
4233,4233,North Luffenham,RUT,Rutland,0.15,0.15,0.1,0.15,0.1
4234,4234,North Marston,BKM,Buckinghamshire,0.15,0.15,0.1,0.15,0.1
4235,4235,North Molton,DEV,Devon,0.15,0.15,0.1,0.15,0.1
4236,4236,North Muskham,NTT,Nottinghamshire,0.15,0.15,0.1,0.15,0.1
4237,4237,North Newbald,ERY,East Riding Of Yorkshire,0.15,0.15,0.1,0.15,0.1
4238,4238,North Petherton,SOM,Somerset,0.15,0.15,0.1,0.15,0.1
4239,4239,North Queensferry,FIF,Fife,0.15,0.15,0.1,0.15,0.1
4240,4240,North Scarle,LIN,Lincolnshire,0.15,0.15,0.1,0.15,0.1
4241,4241,North Shields,,Tyne And Wear,0.15,0.15,0.1,0.15,0.1
4242,4242,North Somercotes,LIN,Lincolnshire,0.15,0.15,0.1,0.15,0.1
4243,4243,North Sunderland,NBL,Northumberland,0.15,0.15,0.1,0.15,0.1
4244,4244,North Tawton,DEV,Devon,0.15,0.15,0.1,0.15,0.1
4245,4245,North Thoresby,LIN,Lincolnshire,0.15,0.15,0.1,0.15,0.1
4246,4246,North Walsham,NFK,Norfolk,0.15,0.15,0.1,0.15,0.1
4247,4247,North Waltham,HAM,Hampshire,0.15,0.15,0.1,0.15,0.1
4248,4248,North Wraxall,WIL,Wiltshire,0.15,0.15,0.1,0.15,0.1
4249,4249,Northallerton,NYK,North Yorkshire,0.15,0.15,0.1,0.15,0.1
4250,4250,Northam,DEV,Devon,0.15,0.15,0.1,0.15,0.1
4251,4251,Northam,HAM,Hampshire,0.15,0.15,0.1,0.15,0.1
4252,4252,Northampton,NTH,Northamptonshire,0.15,0.15,0.1,0.15,0.1
4253,4253,Northaw,HRT,Hertfordshire,0.15,0.15,0.1,0.15,0.1
4254,4254,Northborough,CAM,Cambridgeshire,0.15,0.15,0.1,0.15,0.1
4255,4255,Northiam,ESX,East Sussex,0.15,0.15,0.1,0.15,0.1
4256,4256,Northleach,GLS,Gloucestershire,0.15,0.15,0.1,0.15,0.1
4257,4257,Northolt,LND,Greater London,0.15,0.15,0.1,0.15,0.1
4258,4258,Northop,FLN,Flintshire,0.15,0.15,0.1,0.15,0.1
4259,4259,Northorpe,LIN,Lincolnshire,0.15,0.15,0.1,0.15,0.1
4260,4260,Northwich,,Cheshire,0.15,0.15,0.1,0.15,0.1
4261,4261,Northwold,NFK,Norfolk,0.15,0.15,0.1,0.15,0.1
4262,4262,Northwood,IOW,Isle Of Wight,0.15,0.15,0.1,0.15,0.1
4263,4263,Northwood,LND,Greater London,0.15,0.15,0.1,0.15,0.1
4264,4264,Northwood,SHR,Shropshire,0.15,0.15,0.1,0.15,0.1
4265,4265,Norton,WIL,Wiltshire,0.15,0.15,0.1,0.15,0.1
4266,4266,Norton,NYK,North Yorkshire,0.15,0.15,0.1,0.15,0.1
4267,4267,Norton,NTT,Nottinghamshire,0.15,0.15,0.1,0.15,0.1
4268,4268,Norton,DUR,Durham,0.15,0.15,0.1,0.15,0.1
4269,4269,Norton,,West Midlands,0.15,0.15,0.1,0.15,0.1
4270,4270,Norton,,South Yorkshire,0.15,0.15,0.1,0.15,0.1
4271,4271,Norton,,Cheshire,0.15,0.15,0.1,0.15,0.1
4272,4272,Norton,POW,Powys,0.15,0.15,0.1,0.15,0.1
4273,4273,Norton,SHR,Shropshire,0.15,0.15,0.1,0.15,0.1
4274,4274,Norton,IOW,Isle Of Wight,0.15,0.15,0.1,0.15,0.1
4275,4275,Norton,WSX,West Sussex,0.15,0.15,0.1,0.15,0.1
4276,4276,Norton,WOR,Worcestershire,0.15,0.15,0.1,0.15,0.1
4277,4277,Norton,GLS,Gloucestershire,0.15,0.15,0.1,0.15,0.1
4278,4278,Norton,HRT,Hertfordshire,0.15,0.15,0.1,0.15,0.1
4279,4279,Norton,NTH,Northamptonshire,0.15,0.15,0.1,0.15,0.1
4280,4280,Norton,SFK,Suffolk,0.15,0.15,0.1,0.15,0.1
4281,4281,Norton Canes,STS,Staffordshire,0.15,0.15,0.1,0.15,0.1
4282,4282,Norton St Philip,SOM,Somerset,0.15,0.15,0.1,0.15,0.1
4283,4283,Norwich,NFK,Norfolk,0.15,0.15,0.1,0.15,0.1
4284,4284,Nottingham,NTT,Nottinghamshire,0.15,0.15,0.1,0.15,0.1
4285,4285,Nottingham,HLD,Highland,0.15,0.15,0.1,0.15,0.1
4286,4286,Notton,,West Yorkshire,0.15,0.15,0.1,0.15,0.1
4287,4287,Notton,WIL,Wiltshire,0.15,0.15,0.1,0.15,0.1
4288,4288,Nuneaton,WAR,Warwickshire,0.15,0.15,0.1,0.15,0.1
4289,4289,Nunney,SOM,Somerset,0.15,0.15,0.1,0.15,0.1
4290,4290,Nunthorpe,NYK,North Yorkshire,0.15,0.15,0.1,0.15,0.1
4291,4291,Oadby,LEC,Leicestershire,0.15,0.15,0.1,0.15,0.1
4292,4292,Oakengates,SHR,Shropshire,0.15,0.15,0.1,0.15,0.1
4293,4293,Oakham,RUT,Rutland,0.15,0.15,0.1,0.15,0.1
4294,4294,Oakhill,SOM,Somerset,0.15,0.15,0.1,0.15,0.1
4295,4295,Oakington,CAM,Cambridgeshire,0.15,0.15,0.1,0.15,0.1
4296,4296,Oakley,BKM,Buckinghamshire,0.15,0.15,0.1,0.15,0.1
4297,4297,Oakley,FIF,Fife,0.15,0.15,0.1,0.15,0.1
4298,4298,Oakley,,Bedfordshire,0.15,0.15,0.1,0.15,0.1
4299,4299,Oakley,HAM,Hampshire,0.15,0.15,0.1,0.15,0.1
4300,4300,Oakley,SFK,Suffolk,0.15,0.15,0.1,0.15,0.1
4301,4301,Oaksey,WIL,Wiltshire,0.15,0.15,0.1,0.15,0.1
4302,4302,Oban,AGB,Argyll And Bute,0.15,0.15,0.1,0.15,0.1
4303,4303,Oborne,DOR,Dorset,0.15,0.15,0.1,0.15,0.1
4304,4304,Occold,SFK,Suffolk,0.15,0.15,0.1,0.15,0.1
4305,4305,Ochiltree,EAY,East Ayrshire,0.15,0.15,0.1,0.15,0.1
4306,4306,Ockley,SRY,Surrey,0.15,0.15,0.1,0.15,0.1
4307,4307,Ocle Pychard,HEF,Herefordshire,0.15,0.15,0.1,0.15,0.1
4308,4308,Odcombe,SOM,Somerset,0.15,0.15,0.1,0.15,0.1
4309,4309,Odell,,Bedfordshire,0.15,0.15,0.1,0.15,0.1
4310,4310,Odiham,HAM,Hampshire,0.15,0.15,0.1,0.15,0.1
4311,4311,Ogmore Vale,BGE,Bridgend,0.15,0.15,0.1,0.15,0.1
4312,4312,Ogmore-by-Sea,VGL,Vale Of Glamorgan,0.15,0.15,0.1,0.15,0.1
4313,4313,Okehampton,DEV,Devon,0.15,0.15,0.1,0.15,0.1
4314,4314,Old Basing,HAM,Hampshire,0.15,0.15,0.1,0.15,0.1
4315,4315,Old Buckenham,NFK,Norfolk,0.15,0.15,0.1,0.15,0.1
4316,4316,Old Kilpatrick,,West Dunbart,0.15,0.15,0.1,0.15,0.1
4317,4317,Old Leake,LIN,Lincolnshire,0.15,0.15,0.1,0.15,0.1
4318,4318,Old Newton,SFK,Suffolk,0.15,0.15,0.1,0.15,0.1
4319,4319,Old Windsor,,Berkshire,0.15,0.15,0.1,0.15,0.1
4320,4320,Oldbury,SHR,Shropshire,0.15,0.15,0.1,0.15,0.1
4321,4321,Oldbury,WAR,Warwickshire,0.15,0.15,0.1,0.15,0.1
4322,4322,Oldbury,KEN,Kent,0.15,0.15,0.1,0.15,0.1
4323,4323,Oldbury,,West Midlands,0.15,0.15,0.1,0.15,0.1
4324,4324,Oldham,,Greater Manchester,0.15,0.15,0.1,0.15,0.1
4325,4325,Oldmeldrum,ABD,Aberdeenshire,0.15,0.15,0.1,0.15,0.1
4326,4326,Olney,BKM,Buckinghamshire,0.15,0.15,0.1,0.15,0.1
4327,4327,Olney,NTH,Northamptonshire,0.15,0.15,0.1,0.15,0.1
4328,4328,Ombersley,WOR,Worcestershire,0.15,0.15,0.1,0.15,0.1
4329,4329,Orford,SFK,Suffolk,0.15,0.15,0.1,0.15,0.1
4330,4330,Orford,,Cheshire,0.15,0.15,0.1,0.15,0.1
4331,4331,Orgreave,STS,Staffordshire,0.15,0.15,0.1,0.15,0.1
4332,4332,Orleton,WOR,Worcestershire,0.15,0.15,0.1,0.15,0.1
4333,4333,Orleton,HEF,Herefordshire,0.15,0.15,0.1,0.15,0.1
4334,4334,Ormesby St Margaret,NFK,Norfolk,0.15,0.15,0.1,0.15,0.1
4335,4335,Ormiston,ELN,East Lothian,0.15,0.15,0.1,0.15,0.1
4336,4336,Ormskirk,LAN,Lancashire,0.15,0.15,0.1,0.15,0.1
4337,4337,Orpington,LND,Greater London,0.15,0.15,0.1,0.15,0.1
4338,4338,Orsett,ESS,Essex,0.15,0.15,0.1,0.15,0.1
4339,4339,Orwell,CAM,Cambridgeshire,0.15,0.15,0.1,0.15,0.1
4340,4340,Osmotherley,NYK,North Yorkshire,0.15,0.15,0.1,0.15,0.1
4341,4341,Ossett,,West Yorkshire,0.15,0.15,0.1,0.15,0.1
4342,4342,Oswestry,SHR,Shropshire,0.15,0.15,0.1,0.15,0.1
4343,4343,Otford,KEN,Kent,0.15,0.15,0.1,0.15,0.1
4344,4344,Othery,SOM,Somerset,0.15,0.15,0.1,0.15,0.1
4345,4345,Otley,SFK,Suffolk,0.15,0.15,0.1,0.15,0.1
4346,4346,Otley,,West Yorkshire,0.15,0.15,0.1,0.15,0.1
4347,4347,Otterburn,NBL,Northumberland,0.15,0.15,0.1,0.15,0.1
4348,4348,Otterburn,NYK,North Yorkshire,0.15,0.15,0.1,0.15,0.1
4349,4349,Ottershaw,SRY,Surrey,0.15,0.15,0.1,0.15,0.1
4350,4350,Otterton,DEV,Devon,0.15,0.15,0.1,0.15,0.1
4351,4351,Ottery St Mary,DEV,Devon,0.15,0.15,0.1,0.15,0.1
4352,4352,Ottringham,ERY,East Riding Of Yorkshire,0.15,0.15,0.1,0.15,0.1
4353,4353,Oundle,NTH,Northamptonshire,0.15,0.15,0.1,0.15,0.1
4354,4354,Outwell,NFK,Norfolk,0.15,0.15,0.1,0.15,0.1
4355,4355,Over,,Cheshire,0.15,0.15,0.1,0.15,0.1
4356,4356,Over,CAM,Cambridgeshire,0.15,0.15,0.1,0.15,0.1
4357,4357,Over Kellet,LAN,Lancashire,0.15,0.15,0.1,0.15,0.1
4358,4358,Over Wallop,HAM,Hampshire,0.15,0.15,0.1,0.15,0.1
4359,4359,Overcombe,DOR,Dorset,0.15,0.15,0.1,0.15,0.1
4360,4360,Overstrand,NFK,Norfolk,0.15,0.15,0.1,0.15,0.1
4361,4361,Overton,SWA,Swansea,0.15,0.15,0.1,0.15,0.1
4362,4362,Overton,SHR,Shropshire,0.15,0.15,0.1,0.15,0.1
4363,4363,Overton,HAM,Hampshire,0.15,0.15,0.1,0.15,0.1
4364,4364,Overton,NYK,North Yorkshire,0.15,0.15,0.1,0.15,0.1
4365,4365,Overton,ABD,Aberdeenshire,0.15,0.15,0.1,0.15,0.1
4366,4366,Overton,WRX,Wrexham,0.15,0.15,0.1,0.15,0.1
4367,4367,Overton,LAN,Lancashire,0.15,0.15,0.1,0.15,0.1
4368,4368,Overtown,NLK,North Lanarkshire,0.15,0.15,0.1,0.15,0.1
4369,4369,Ovington,NBL,Northumberland,0.15,0.15,0.1,0.15,0.1
4370,4370,Ovington,ESS,Essex,0.15,0.15,0.1,0.15,0.1
4371,4371,Ovington,HAM,Hampshire,0.15,0.15,0.1,0.15,0.1
4372,4372,Ovington,NFK,Norfolk,0.15,0.15,0.1,0.15,0.1
4373,4373,Ovington,DUR,Durham,0.15,0.15,0.1,0.15,0.1
4374,4374,Owslebury,HAM,Hampshire,0.15,0.15,0.1,0.15,0.1
4375,4375,Owston Ferry,LIN,Lincolnshire,0.15,0.15,0.1,0.15,0.1
4376,4376,Oxenhope,,West Yorkshire,0.15,0.15,0.1,0.15,0.1
4377,4377,Oxford,OXF,Oxfordshire,0.15,0.15,0.1,0.15,0.1
4378,4378,Oxted,SRY,Surrey,0.15,0.15,0.1,0.15,0.1
4379,4379,Oxton,NTT,Nottinghamshire,0.15,0.15,0.1,0.15,0.1
4380,4380,Oxton,,Merseyside,0.15,0.15,0.1,0.15,0.1
4381,4381,Oxton,SCB,Scottish Borders,0.15,0.15,0.1,0.15,0.1
4382,4382,Packington,LEC,Leicestershire,0.15,0.15,0.1,0.15,0.1
4383,4383,Padbury,BKM,Buckinghamshire,0.15,0.15,0.1,0.15,0.1
4384,4384,Paddock Wood,KEN,Kent,0.15,0.15,0.1,0.15,0.1
4385,4385,Padiham,LAN,Lancashire,0.15,0.15,0.1,0.15,0.1
4386,4386,Padstow,CON,Cornwall,0.15,0.15,0.1,0.15,0.1
4387,4387,Paignton,DEV,Devon,0.15,0.15,0.1,0.15,0.1
4388,4388,Pailton,WAR,Warwickshire,0.15,0.15,0.1,0.15,0.1
4389,4389,Painswick,GLS,Gloucestershire,0.15,0.15,0.1,0.15,0.1
4390,4390,Paisley,RFW,Renfrewshire,0.15,0.15,0.1,0.15,0.1
4391,4391,Pakenham,SFK,Suffolk,0.15,0.15,0.1,0.15,0.1
4392,4392,Panfield,ESS,Essex,0.15,0.15,0.1,0.15,0.1
4393,4393,Pangbourne,,Berkshire,0.15,0.15,0.1,0.15,0.1
4394,4394,Pannal,NYK,North Yorkshire,0.15,0.15,0.1,0.15,0.1
4395,4395,Pant,SHR,Shropshire,0.15,0.15,0.1,0.15,0.1
4396,4396,Pant,WRX,Wrexham,0.15,0.15,0.1,0.15,0.1
4397,4397,Papworth Everard,CAM,Cambridgeshire,0.15,0.15,0.1,0.15,0.1
4398,4398,Par,CON,Cornwall,0.15,0.15,0.1,0.15,0.1
4399,4399,Parbold,LAN,Lancashire,0.15,0.15,0.1,0.15,0.1
4400,4400,Parkstone,DOR,Dorset,0.15,0.15,0.1,0.15,0.1
4401,4401,Parson Drove,CAM,Cambridgeshire,0.15,0.15,0.1,0.15,0.1
4402,4402,Partington,,Greater Manchester,0.15,0.15,0.1,0.15,0.1
4403,4403,Partridge Green,WSX,West Sussex,0.15,0.15,0.1,0.15,0.1
4404,4404,Pateley Bridge,NYK,North Yorkshire,0.15,0.15,0.1,0.15,0.1
4405,4405,Pathhead,MLN,Midlothian,0.15,0.15,0.1,0.15,0.1
4406,4406,Pathhead,FIF,Fife,0.15,0.15,0.1,0.15,0.1
4407,4407,Pathhead,ABD,Aberdeenshire,0.15,0.15,0.1,0.15,0.1
4408,4408,Pathhead,EAY,East Ayrshire,0.15,0.15,0.1,0.15,0.1
4409,4409,Patna,EAY,East Ayrshire,0.15,0.15,0.1,0.15,0.1
4410,4410,Patrington,ERY,East Riding Of Yorkshire,0.15,0.15,0.1,0.15,0.1
4411,4411,Pattingham,STS,Staffordshire,0.15,0.15,0.1,0.15,0.1
4412,4412,Pattishall,NTH,Northamptonshire,0.15,0.15,0.1,0.15,0.1
4413,4413,Paulerspury,NTH,Northamptonshire,0.15,0.15,0.1,0.15,0.1
4414,4414,Paull,ERY,East Riding Of Yorkshire,0.15,0.15,0.1,0.15,0.1
4415,4415,Pavenham,,Bedfordshire,0.15,0.15,0.1,0.15,0.1
4416,4416,Pawlett,SOM,Somerset,0.15,0.15,0.1,0.15,0.1
4417,4417,Peacehaven,ESX,East Sussex,0.15,0.15,0.1,0.15,0.1
4418,4418,Peakirk,CAM,Cambridgeshire,0.15,0.15,0.1,0.15,0.1
4419,4419,Peasenhall,SFK,Suffolk,0.15,0.15,0.1,0.15,0.1
4420,4420,Peaslake,SRY,Surrey,0.15,0.15,0.1,0.15,0.1
4421,4421,Pebworth,WOR,Worcestershire,0.15,0.15,0.1,0.15,0.1
4422,4422,Peckham,LND,Greater London,0.15,0.15,0.1,0.15,0.1
4423,4423,Peebles,SCB,Scottish Borders,0.15,0.15,0.1,0.15,0.1
4424,4424,Pegswood,NBL,Northumberland,0.15,0.15,0.1,0.15,0.1
4425,4425,Peldon,ESS,Essex,0.15,0.15,0.1,0.15,0.1
4426,4426,Pelsall,,West Midlands,0.15,0.15,0.1,0.15,0.1
4427,4427,Pelton,DUR,Durham,0.15,0.15,0.1,0.15,0.1
4428,4428,Pelynt,CON,Cornwall,0.15,0.15,0.1,0.15,0.1
4429,4429,Pembroke,PEM,Pembrokeshire,0.15,0.15,0.1,0.15,0.1
4430,4430,Pembroke Dock,PEM,Pembrokeshire,0.15,0.15,0.1,0.15,0.1
4431,4431,Pembury,KEN,Kent,0.15,0.15,0.1,0.15,0.1
4432,4432,Pen-clawdd,SWA,Swansea,0.15,0.15,0.1,0.15,0.1
4433,4433,Penally,PEM,Pembrokeshire,0.15,0.15,0.1,0.15,0.1
4434,4434,Penarth,VGL,Vale Of Glamorgan,0.15,0.15,0.1,0.15,0.1
4435,4435,Pencader,CMN,Carmarthenshire,0.15,0.15,0.1,0.15,0.1
4436,4436,Pencaitland,ELN,East Lothian,0.15,0.15,0.1,0.15,0.1
4437,4437,Pencoed,BGE,Bridgend,0.15,0.15,0.1,0.15,0.1
4438,4438,Pencoyd,HEF,Herefordshire,0.15,0.15,0.1,0.15,0.1
4439,4439,Penicuik,MLN,Midlothian,0.15,0.15,0.1,0.15,0.1
4440,4440,Penkridge,STS,Staffordshire,0.15,0.15,0.1,0.15,0.1
4441,4441,Penley,WRX,Wrexham,0.15,0.15,0.1,0.15,0.1
4442,4442,Penllyn,VGL,Vale Of Glamorgan,0.15,0.15,0.1,0.15,0.1
4443,4443,Penmaenmawr,CWY,Conwy,0.15,0.15,0.1,0.15,0.1
4444,4444,Pennard,SWA,Swansea,0.15,0.15,0.1,0.15,0.1
4445,4445,Penparcau,CGN,Ceredigion,0.15,0.15,0.1,0.15,0.1
4446,4446,Penrhyndeudraeth,GWN,Gwynedd,0.15,0.15,0.1,0.15,0.1
4447,4447,Penrith,CMA,Cumbria,0.15,0.15,0.1,0.15,0.1
4448,4448,Penryn,CON,Cornwall,0.15,0.15,0.1,0.15,0.1
4449,4449,Penshurst,KEN,Kent,0.15,0.15,0.1,0.15,0.1
4450,4450,Pensilva,CON,Cornwall,0.15,0.15,0.1,0.15,0.1
4451,4451,Pentraeth,AGY,Isle Of Anglesey,0.15,0.15,0.1,0.15,0.1
4452,4452,Pentre,RCT,Rhondda Cynon Taff,0.15,0.15,0.1,0.15,0.1
4453,4453,Pentre,POW,Powys,0.15,0.15,0.1,0.15,0.1
4454,4454,Pentre,WRX,Wrexham,0.15,0.15,0.1,0.15,0.1
4455,4455,Pentre,SHR,Shropshire,0.15,0.15,0.1,0.15,0.1
4456,4456,Penybont,POW,Powys,0.15,0.15,0.1,0.15,0.1
4457,4457,Penyffordd,FLN,Flintshire,0.15,0.15,0.1,0.15,0.1
4458,4458,Penygroes,CMN,Carmarthenshire,0.15,0.15,0.1,0.15,0.1
4459,4459,Penygroes,GWN,Gwynedd,0.15,0.15,0.1,0.15,0.1
4460,4460,Penysarn,AGY,Isle Of Anglesey,0.15,0.15,0.1,0.15,0.1
4461,4461,Penzance,CON,Cornwall,0.15,0.15,0.1,0.15,0.1
4462,4462,Peopleton,WOR,Worcestershire,0.15,0.15,0.1,0.15,0.1
4463,4463,Perranarworthal,CON,Cornwall,0.15,0.15,0.1,0.15,0.1
4464,4464,Perranporth,CON,Cornwall,0.15,0.15,0.1,0.15,0.1
4465,4465,Pershore,WOR,Worcestershire,0.15,0.15,0.1,0.15,0.1
4466,4466,Pertenhall,,Bedfordshire,0.15,0.15,0.1,0.15,0.1
4467,4467,Perth,PKN,Perth And Kinross,0.15,0.15,0.1,0.15,0.1
4468,4468,Peterborough,CAM,Cambridgeshire,0.15,0.15,0.1,0.15,0.1
4469,4469,Peterchurch,HEF,Herefordshire,0.15,0.15,0.1,0.15,0.1
4470,4470,Peterhead,ABD,Aberdeenshire,0.15,0.15,0.1,0.15,0.1
4471,4471,Peterlee,DUR,Durham,0.15,0.15,0.1,0.15,0.1
4472,4472,Petersfield,HAM,Hampshire,0.15,0.15,0.1,0.15,0.1
4473,4473,Petton,SHR,Shropshire,0.15,0.15,0.1,0.15,0.1
4474,4474,Petton,DEV,Devon,0.15,0.15,0.1,0.15,0.1
4475,4475,Petworth,WSX,West Sussex,0.15,0.15,0.1,0.15,0.1
4476,4476,Pevensey,ESX,East Sussex,0.15,0.15,0.1,0.15,0.1
4477,4477,Pevensey Bay,ESX,East Sussex,0.15,0.15,0.1,0.15,0.1
4478,4478,Pewsey,WIL,Wiltshire,0.15,0.15,0.1,0.15,0.1
4479,4479,Pickering,NYK,North Yorkshire,0.15,0.15,0.1,0.15,0.1
4480,4480,Pickworth,RUT,Rutland,0.15,0.15,0.1,0.15,0.1
4481,4481,Pickworth,LIN,Lincolnshire,0.15,0.15,0.1,0.15,0.1
4482,4482,Pillaton,CON,Cornwall,0.15,0.15,0.1,0.15,0.1
4483,4483,Pilsley,DBY,Derbyshire,0.15,0.15,0.1,0.15,0.1
4484,4484,Pilton,RUT,Rutland,0.15,0.15,0.1,0.15,0.1
4485,4485,Pilton,DEV,Devon,0.15,0.15,0.1,0.15,0.1
4486,4486,Pilton,NTH,Northamptonshire,0.15,0.15,0.1,0.15,0.1
4487,4487,Pilton,SOM,Somerset,0.15,0.15,0.1,0.15,0.1
4488,4488,Pimperne,DOR,Dorset,0.15,0.15,0.1,0.15,0.1
4489,4489,Pinchbeck,LIN,Lincolnshire,0.15,0.15,0.1,0.15,0.1
4490,4490,Pinner,LND,Greater London,0.15,0.15,0.1,0.15,0.1
4491,4491,Pinxton,DBY,Derbyshire,0.15,0.15,0.1,0.15,0.1
4492,4492,Pirbright,SRY,Surrey,0.15,0.15,0.1,0.15,0.1
4493,4493,Pirton,WOR,Worcestershire,0.15,0.15,0.1,0.15,0.1
4494,4494,Pirton,HRT,Hertfordshire,0.15,0.15,0.1,0.15,0.1
4495,4495,Pitlochry,PKN,Perth And Kinross,0.15,0.15,0.1,0.15,0.1
4496,4496,Pitmedden,ABD,Aberdeenshire,0.15,0.15,0.1,0.15,0.1
4497,4497,Pitsea,ESS,Essex,0.15,0.15,0.1,0.15,0.1
4498,4498,Pitsford,NTH,Northamptonshire,0.15,0.15,0.1,0.15,0.1
4499,4499,Pitstone,BKM,Buckinghamshire,0.15,0.15,0.1,0.15,0.1
4500,4500,Pittenweem,FIF,Fife,0.15,0.15,0.1,0.15,0.1
4501,4501,Pittington,,Tyne And Wear,0.15,0.15,0.1,0.15,0.1
4502,4502,Pitton,WIL,Wiltshire,0.15,0.15,0.1,0.15,0.1
4503,4503,Plains,NLK,North Lanarkshire,0.15,0.15,0.1,0.15,0.1
4504,4504,Plaxtol,KEN,Kent,0.15,0.15,0.1,0.15,0.1
4505,4505,Plean,STG,Stirling,0.15,0.15,0.1,0.15,0.1
4506,4506,Plumpton Green,ESX,East Sussex,0.15,0.15,0.1,0.15,0.1
4507,4507,Plymouth,DEV,Devon,0.15,0.15,0.1,0.15,0.1
4508,4508,Plympton,DEV,Devon,0.15,0.15,0.1,0.15,0.1
4509,4509,Plymstock,DEV,Devon,0.15,0.15,0.1,0.15,0.1
4510,4510,Pocklington,ERY,East Riding Of Yorkshire,0.15,0.15,0.1,0.15,0.1
4511,4511,Podington,,Bedfordshire,0.15,0.15,0.1,0.15,0.1
4512,4512,Pointon,LIN,Lincolnshire,0.15,0.15,0.1,0.15,0.1
4513,4513,Polbeth,WLN,West Lothian,0.15,0.15,0.1,0.15,0.1
4514,4514,Polesworth,WAR,Warwickshire,0.15,0.15,0.1,0.15,0.1
4515,4515,Pollington,ERY,East Riding Of Yorkshire,0.15,0.15,0.1,0.15,0.1
4516,4516,Polmont,FAL,Falkirk,0.15,0.15,0.1,0.15,0.1
4517,4517,Polperro,CON,Cornwall,0.15,0.15,0.1,0.15,0.1
4518,4518,Polruan,CON,Cornwall,0.15,0.15,0.1,0.15,0.1
4519,4519,Polzeath,CON,Cornwall,0.15,0.15,0.1,0.15,0.1
4520,4520,Ponsanooth,CON,Cornwall,0.15,0.15,0.1,0.15,0.1
4521,4521,Pont Rhyd-y-cyff,BGE,Bridgend,0.15,0.15,0.1,0.15,0.1
4522,4522,Pontefract,,West Yorkshire,0.15,0.15,0.1,0.15,0.1
4523,4523,Ponteland,NBL,Northumberland,0.15,0.15,0.1,0.15,0.1
4524,4524,Pontesbury,SHR,Shropshire,0.15,0.15,0.1,0.15,0.1
4525,4525,Pontlliw,SWA,Swansea,0.15,0.15,0.1,0.15,0.1
4526,4526,Pontrhydfendigaid,CGN,Ceredigion,0.15,0.15,0.1,0.15,0.1
4527,4527,Pontyates,CMN,Carmarthenshire,0.15,0.15,0.1,0.15,0.1
4528,4528,Pontyberem,CMN,Carmarthenshire,0.15,0.15,0.1,0.15,0.1
4529,4529,Pontyclun,RCT,Rhondda Cynon Taff,0.15,0.15,0.1,0.15,0.1
4530,4530,Pontycymer,BGE,Bridgend,0.15,0.15,0.1,0.15,0.1
4531,4531,Pontypool,TOF,Torfaen,0.15,0.15,0.1,0.15,0.1
4532,4532,Pontypridd,RCT,Rhondda Cynon Taff,0.15,0.15,0.1,0.15,0.1
4533,4533,Pool,CON,Cornwall,0.15,0.15,0.1,0.15,0.1
4534,4534,Pool,,West Yorkshire,0.15,0.15,0.1,0.15,0.1
4535,4535,Poole,DOR,Dorset,0.15,0.15,0.1,0.15,0.1
4536,4536,Poplar,LND,Greater London,0.15,0.15,0.1,0.15,0.1
4537,4537,Porlock,SOM,Somerset,0.15,0.15,0.1,0.15,0.1
4538,4538,Port Bannatyne,AGB,Argyll And Bute,0.15,0.15,0.1,0.15,0.1
4539,4539,Port Ellen,AGB,Argyll And Bute,0.15,0.15,0.1,0.15,0.1
4540,4540,Port Erroll,ABD,Aberdeenshire,0.15,0.15,0.1,0.15,0.1
4541,4541,Port Glasgow,IVC,Inverclyde,0.15,0.15,0.1,0.15,0.1
4542,4542,Port Talbot,NTL,Neath Port Talbot,0.15,0.15,0.1,0.15,0.1
4543,4543,Portadown,ARM,County Armagh,0.15,0.15,0.1,0.15,0.1
4544,4544,Portaferry,DOW,County Down,0.15,0.15,0.1,0.15,0.1
4545,4545,Portavogie,DOW,County Down,0.15,0.15,0.1,0.15,0.1
4546,4546,Portesham,DOR,Dorset,0.15,0.15,0.1,0.15,0.1
4547,4547,Portglenone,ANT,County Antrim,0.15,0.15,0.1,0.15,0.1
4548,4548,Portgordon,MRY,Moray,0.15,0.15,0.1,0.15,0.1
4549,4549,Porth,CON,Cornwall,0.15,0.15,0.1,0.15,0.1
4550,4550,Porth,RCT,Rhondda Cynon Taff,0.15,0.15,0.1,0.15,0.1
4551,4551,Porthcawl,BGE,Bridgend,0.15,0.15,0.1,0.15,0.1
4552,4552,Porthleven,CON,Cornwall,0.15,0.15,0.1,0.15,0.1
4553,4553,Porthmadog,GWN,Gwynedd,0.15,0.15,0.1,0.15,0.1
4554,4554,Portinscale,CMA,Cumbria,0.15,0.15,0.1,0.15,0.1
4555,4555,Portishead,SOM,Somerset,0.15,0.15,0.1,0.15,0.1
4556,4556,Portknockie,MRY,Moray,0.15,0.15,0.1,0.15,0.1
4557,4557,Portpatrick,,Dumfries And Galloway,0.15,0.15,0.1,0.15,0.1
4558,4558,Portreath,CON,Cornwall,0.15,0.15,0.1,0.15,0.1
4559,4559,Portree,HLD,Highland,0.15,0.15,0.1,0.15,0.1
4560,4560,Portscatho,CON,Cornwall,0.15,0.15,0.1,0.15,0.1
4561,4561,Portslade,ESX,East Sussex,0.15,0.15,0.1,0.15,0.1
4562,4562,Portsmouth,HAM,Hampshire,0.15,0.15,0.1,0.15,0.1
4563,4563,Portsoy,ABD,Aberdeenshire,0.15,0.15,0.1,0.15,0.1
4564,4564,Potsgrove,,Bedfordshire,0.15,0.15,0.1,0.15,0.1
4565,4565,Pott Shrigley,,Cheshire,0.15,0.15,0.1,0.15,0.1
4566,4566,Potter Heigham,NFK,Norfolk,0.15,0.15,0.1,0.15,0.1
4567,4567,Potterne,WIL,Wiltshire,0.15,0.15,0.1,0.15,0.1
4568,4568,Potters Bar,HRT,Hertfordshire,0.15,0.15,0.1,0.15,0.1
4569,4569,Potterspury,NTH,Northamptonshire,0.15,0.15,0.1,0.15,0.1
4570,4570,Potterton,ABD,Aberdeenshire,0.15,0.15,0.1,0.15,0.1
4571,4571,Potton,,Bedfordshire,0.15,0.15,0.1,0.15,0.1
4572,4572,Poughill,DEV,Devon,0.15,0.15,0.1,0.15,0.1
4573,4573,Poughill,CON,Cornwall,0.15,0.15,0.1,0.15,0.1
4574,4574,Poulton-le-Fylde,LAN,Lancashire,0.15,0.15,0.1,0.15,0.1
4575,4575,Poundstock,CON,Cornwall,0.15,0.15,0.1,0.15,0.1
4576,4576,Poyntington,DOR,Dorset,0.15,0.15,0.1,0.15,0.1
4577,4577,Poynton,SHR,Shropshire,0.15,0.15,0.1,0.15,0.1
4578,4578,Poynton,,Cheshire,0.15,0.15,0.1,0.15,0.1
4579,4579,Prees,SHR,Shropshire,0.15,0.15,0.1,0.15,0.1
4580,4580,Preesall,LAN,Lancashire,0.15,0.15,0.1,0.15,0.1
4581,4581,Prenton,,Merseyside,0.15,0.15,0.1,0.15,0.1
4582,4582,Prescot,,Merseyside,0.15,0.15,0.1,0.15,0.1
4583,4583,Prestatyn,DEN,Denbighshire,0.15,0.15,0.1,0.15,0.1
4584,4584,Prestbury,GLS,Gloucestershire,0.15,0.15,0.1,0.15,0.1
4585,4585,Prestbury,,Cheshire,0.15,0.15,0.1,0.15,0.1
4586,4586,Presteigne,POW,Powys,0.15,0.15,0.1,0.15,0.1
4587,4587,Preston,HEF,Herefordshire,0.15,0.15,0.1,0.15,0.1
4588,4588,Preston,WIL,Wiltshire,0.15,0.15,0.1,0.15,0.1
4589,4589,Preston,RUT,Rutland,0.15,0.15,0.1,0.15,0.1
4590,4590,Preston,ERY,East Riding Of Yorkshire,0.15,0.15,0.1,0.15,0.1
4591,4591,Preston,SCB,Scottish Borders,0.15,0.15,0.1,0.15,0.1
4592,4592,Preston,LAN,Lancashire,0.15,0.15,0.1,0.15,0.1
4593,4593,Preston,,Tyne And Wear,0.15,0.15,0.1,0.15,0.1
4594,4594,Preston,SFK,Suffolk,0.15,0.15,0.1,0.15,0.1
4595,4595,Preston,KEN,Kent,0.15,0.15,0.1,0.15,0.1
4596,4596,Preston,ELN,East Lothian,0.15,0.15,0.1,0.15,0.1
4597,4597,Preston,DEV,Devon,0.15,0.15,0.1,0.15,0.1
4598,4598,Preston,ESX,East Sussex,0.15,0.15,0.1,0.15,0.1
4599,4599,Preston,DOR,Dorset,0.15,0.15,0.1,0.15,0.1
4600,4600,Preston,GLS,Gloucestershire,0.15,0.15,0.1,0.15,0.1
4601,4601,Preston,HRT,Hertfordshire,0.15,0.15,0.1,0.15,0.1
4602,4602,Preston,NBL,Northumberland,0.15,0.15,0.1,0.15,0.1
4603,4603,Preston Candover,HAM,Hampshire,0.15,0.15,0.1,0.15,0.1
4604,4604,Prestonpans,ELN,East Lothian,0.15,0.15,0.1,0.15,0.1
4605,4605,Prestwich,,Greater Manchester,0.15,0.15,0.1,0.15,0.1
4606,4606,Prestwick,SAY,South Ayrshire,0.15,0.15,0.1,0.15,0.1
4607,4607,Prestwick,NBL,Northumberland,0.15,0.15,0.1,0.15,0.1
4608,4608,Price Town,BGE,Bridgend,0.15,0.15,0.1,0.15,0.1
4609,4609,Princes Risborough,BKM,Buckinghamshire,0.15,0.15,0.1,0.15,0.1
4610,4610,Princetown,DEV,Devon,0.15,0.15,0.1,0.15,0.1
4611,4611,Priors Marston,WAR,Warwickshire,0.15,0.15,0.1,0.15,0.1
4612,4612,Priston,SOM,Somerset,0.15,0.15,0.1,0.15,0.1
4613,4613,Probus,CON,Cornwall,0.15,0.15,0.1,0.15,0.1
4614,4614,Prudhoe,NBL,Northumberland,0.15,0.15,0.1,0.15,0.1
4615,4615,Puckeridge,HRT,Hertfordshire,0.15,0.15,0.1,0.15,0.1
4616,4616,Pucklechurch,GLS,Gloucestershire,0.15,0.15,0.1,0.15,0.1
4617,4617,Puddletown,DOR,Dorset,0.15,0.15,0.1,0.15,0.1
4618,4618,Pudsey,,West Yorkshire,0.15,0.15,0.1,0.15,0.1
4619,4619,Pulborough,WSX,West Sussex,0.15,0.15,0.1,0.15,0.1
4620,4620,Pulham Market,NFK,Norfolk,0.15,0.15,0.1,0.15,0.1
4621,4621,Pulham St Mary,SFK,Suffolk,0.15,0.15,0.1,0.15,0.1
4622,4622,Pulloxhill,,Bedfordshire,0.15,0.15,0.1,0.15,0.1
4623,4623,Purfleet,ESS,Essex,0.15,0.15,0.1,0.15,0.1
4624,4624,Puriton,SOM,Somerset,0.15,0.15,0.1,0.15,0.1
4625,4625,Purleigh,ESS,Essex,0.15,0.15,0.1,0.15,0.1
4626,4626,Purley,LND,Greater London,0.15,0.15,0.1,0.15,0.1
4627,4627,Purton,WIL,Wiltshire,0.15,0.15,0.1,0.15,0.1
4628,4628,Purton,GLS,Gloucestershire,0.15,0.15,0.1,0.15,0.1
4629,4629,Puttenham,BKM,Buckinghamshire,0.15,0.15,0.1,0.15,0.1
4630,4630,Puttenham,SRY,Surrey,0.15,0.15,0.1,0.15,0.1
4631,4631,Pwllheli,GWN,Gwynedd,0.15,0.15,0.1,0.15,0.1
4632,4632,Pyle,IOW,Isle Of Wight,0.15,0.15,0.1,0.15,0.1
4633,4633,Pyle,BGE,Bridgend,0.15,0.15,0.1,0.15,0.1
4634,4634,Quadring,LIN,Lincolnshire,0.15,0.15,0.1,0.15,0.1
4635,4635,Quainton,BKM,Buckinghamshire,0.15,0.15,0.1,0.15,0.1
4636,4636,Quarndon,DBY,Derbyshire,0.15,0.15,0.1,0.15,0.1
4637,4637,Quarrier's Village,IVC,Inverclyde,0.15,0.15,0.1,0.15,0.1
4638,4638,Quarter,SLK,South Lanarkshire,0.15,0.15,0.1,0.15,0.1
4639,4639,Queen Camel,SOM,Somerset,0.15,0.15,0.1,0.15,0.1
4640,4640,Queenborough,KEN,Kent,0.15,0.15,0.1,0.15,0.1
4641,4641,Queensbury,,West Yorkshire,0.15,0.15,0.1,0.15,0.1
4642,4642,Queensferry,FLN,Flintshire,0.15,0.15,0.1,0.15,0.1
4643,4643,Queenzieburn,NLK,North Lanarkshire,0.15,0.15,0.1,0.15,0.1
4644,4644,Queniborough,LEC,Leicestershire,0.15,0.15,0.1,0.15,0.1
4645,4645,Quenington,GLS,Gloucestershire,0.15,0.15,0.1,0.15,0.1
4646,4646,Rackheath,NFK,Norfolk,0.15,0.15,0.1,0.15,0.1
4647,4647,Radcliffe,NBL,Northumberland,0.15,0.15,0.1,0.15,0.1
4648,4648,Radcliffe,,Greater Manchester,0.15,0.15,0.1,0.15,0.1
4649,4649,Radcliffe on Trent,NTT,Nottinghamshire,0.15,0.15,0.1,0.15,0.1
4650,4650,Radlett,HRT,Hertfordshire,0.15,0.15,0.1,0.15,0.1
4651,4651,Radley,OXF,Oxfordshire,0.15,0.15,0.1,0.15,0.1
4652,4652,Radstock,SOM,Somerset,0.15,0.15,0.1,0.15,0.1
4653,4653,Rainford,,Merseyside,0.15,0.15,0.1,0.15,0.1
4654,4654,Rainham,LND,Greater London,0.15,0.15,0.1,0.15,0.1
4655,4655,Rainham,KEN,Kent,0.15,0.15,0.1,0.15,0.1
4656,4656,Rainhill,,Merseyside,0.15,0.15,0.1,0.15,0.1
4657,4657,Rainworth,NTT,Nottinghamshire,0.15,0.15,0.1,0.15,0.1
4658,4658,Ramsbottom,,Greater Manchester,0.15,0.15,0.1,0.15,0.1
4659,4659,Ramsbury,WIL,Wiltshire,0.15,0.15,0.1,0.15,0.1
4660,4660,Ramsey,,Isle Of Man,0.15,0.15,0.1,0.15,0.1
4661,4661,Ramsey,ESS,Essex,0.15,0.15,0.1,0.15,0.1
4662,4662,Ramsgate,KEN,Kent,0.15,0.15,0.1,0.15,0.1
4663,4663,Randalstown,ANT,County Antrim,0.15,0.15,0.1,0.15,0.1
4664,4664,Ranskill,NTT,Nottinghamshire,0.15,0.15,0.1,0.15,0.1
4665,4665,Raskelf,NYK,North Yorkshire,0.15,0.15,0.1,0.15,0.1
4666,4666,Rastrick,,West Yorkshire,0.15,0.15,0.1,0.15,0.1
4667,4667,Ratby,LEC,Leicestershire,0.15,0.15,0.1,0.15,0.1
4668,4668,Rathfriland,DOW,County Down,0.15,0.15,0.1,0.15,0.1
4669,4669,Ratho,,City Of Edinburgh,0.15,0.15,0.1,0.15,0.1
4670,4670,Ratho Station,,City Of Edinburgh,0.15,0.15,0.1,0.15,0.1
4671,4671,Raunds,NTH,Northamptonshire,0.15,0.15,0.1,0.15,0.1
4672,4672,Ravenshead,NTT,Nottinghamshire,0.15,0.15,0.1,0.15,0.1
4673,4673,Ravenstone,BKM,Buckinghamshire,0.15,0.15,0.1,0.15,0.1
4674,4674,Ravenstone,LEC,Leicestershire,0.15,0.15,0.1,0.15,0.1
4675,4675,Rawcliffe,ERY,East Riding Of Yorkshire,0.15,0.15,0.1,0.15,0.1
4676,4676,Rawmarsh,,South Yorkshire,0.15,0.15,0.1,0.15,0.1
4677,4677,Rawtenstall,LAN,Lancashire,0.15,0.15,0.1,0.15,0.1
4678,4678,Rayleigh,ESS,Essex,0.15,0.15,0.1,0.15,0.1
4679,4679,Raymond's Hill,DEV,Devon,0.15,0.15,0.1,0.15,0.1
4680,4680,Rayne,ESS,Essex,0.15,0.15,0.1,0.15,0.1
4681,4681,Reading,,Berkshire,0.15,0.15,0.1,0.15,0.1
4682,4682,Redbourn,HRT,Hertfordshire,0.15,0.15,0.1,0.15,0.1
4683,4683,Redbourne,LIN,Lincolnshire,0.15,0.15,0.1,0.15,0.1
4684,4684,Redcar,NYK,North Yorkshire,0.15,0.15,0.1,0.15,0.1
4685,4685,Redditch,WOR,Worcestershire,0.15,0.15,0.1,0.15,0.1
4686,4686,Redhill,MRY,Moray,0.15,0.15,0.1,0.15,0.1
4687,4687,Redhill,ABD,Aberdeenshire,0.15,0.15,0.1,0.15,0.1
4688,4688,Redhill,NTT,Nottinghamshire,0.15,0.15,0.1,0.15,0.1
4689,4689,Redhill,SRY,Surrey,0.15,0.15,0.1,0.15,0.1
4690,4690,Redhill,SHR,Shropshire,0.15,0.15,0.1,0.15,0.1
4691,4691,Redlynch,WIL,Wiltshire,0.15,0.15,0.1,0.15,0.1
4692,4692,Redlynch,SOM,Somerset,0.15,0.15,0.1,0.15,0.1
4693,4693,Redruth,CON,Cornwall,0.15,0.15,0.1,0.15,0.1
4694,4694,Reedham,NFK,Norfolk,0.15,0.15,0.1,0.15,0.1
4695,4695,Reepham,LIN,Lincolnshire,0.15,0.15,0.1,0.15,0.1
4696,4696,Reepham,NFK,Norfolk,0.15,0.15,0.1,0.15,0.1
4697,4697,Reeth,NYK,North Yorkshire,0.15,0.15,0.1,0.15,0.1
4698,4698,Reigate,SRY,Surrey,0.15,0.15,0.1,0.15,0.1
4699,4699,Remenham,,Berkshire,0.15,0.15,0.1,0.15,0.1
4700,4700,Rendlesham,SFK,Suffolk,0.15,0.15,0.1,0.15,0.1
4701,4701,Renfrew,RFW,Renfrewshire,0.15,0.15,0.1,0.15,0.1
4702,4702,Renton,,West Dunbart,0.15,0.15,0.1,0.15,0.1
4703,4703,Repton,DBY,Derbyshire,0.15,0.15,0.1,0.15,0.1
4704,4704,Resolven,NTL,Neath Port Talbot,0.15,0.15,0.1,0.15,0.1
4705,4705,Retford,NTT,Nottinghamshire,0.15,0.15,0.1,0.15,0.1
4706,4706,Rhayader,POW,Powys,0.15,0.15,0.1,0.15,0.1
4707,4707,Rhigos,RCT,Rhondda Cynon Taff,0.15,0.15,0.1,0.15,0.1
4708,4708,Rhondda,RCT,Rhondda Cynon Taff,0.15,0.15,0.1,0.15,0.1
4709,4709,Rhoose,VGL,Vale Of Glamorgan,0.15,0.15,0.1,0.15,0.1
4710,4710,Rhosllanerchrugog,WRX,Wrexham,0.15,0.15,0.1,0.15,0.1
4711,4711,Rhosneigr,AGY,Isle Of Anglesey,0.15,0.15,0.1,0.15,0.1
4712,4712,Rhu,AGB,Argyll And Bute,0.15,0.15,0.1,0.15,0.1
4713,4713,Rhuddlan,DEN,Denbighshire,0.15,0.15,0.1,0.15,0.1
4714,4714,Rhydymwyn,FLN,Flintshire,0.15,0.15,0.1,0.15,0.1
4715,4715,Rhyl,DEN,Denbighshire,0.15,0.15,0.1,0.15,0.1
4716,4716,Ribchester,LAN,Lancashire,0.15,0.15,0.1,0.15,0.1
4717,4717,Riccall,NYK,North Yorkshire,0.15,0.15,0.1,0.15,0.1
4718,4718,Richmond,LND,Greater London,0.15,0.15,0.1,0.15,0.1
4719,4719,Richmond,NYK,North Yorkshire,0.15,0.15,0.1,0.15,0.1
4720,4720,Rickinghall,SFK,Suffolk,0.15,0.15,0.1,0.15,0.1
4721,4721,Rickling Green,ESS,Essex,0.15,0.15,0.1,0.15,0.1
4722,4722,Rickmansworth,HRT,Hertfordshire,0.15,0.15,0.1,0.15,0.1
4723,4723,Ridgewell,ESS,Essex,0.15,0.15,0.1,0.15,0.1
4724,4724,Ridgmont,,Bedfordshire,0.15,0.15,0.1,0.15,0.1
4725,4725,Riding Mill,NBL,Northumberland,0.15,0.15,0.1,0.15,0.1
4726,4726,Ridlington,RUT,Rutland,0.15,0.15,0.1,0.15,0.1
4727,4727,Ridlington,NFK,Norfolk,0.15,0.15,0.1,0.15,0.1
4728,4728,Rigside,SLK,South Lanarkshire,0.15,0.15,0.1,0.15,0.1
4729,4729,Rillington,NYK,North Yorkshire,0.15,0.15,0.1,0.15,0.1
4730,4730,Rimswell,ERY,East Riding Of Yorkshire,0.15,0.15,0.1,0.15,0.1
4731,4731,Ringmer,ESX,East Sussex,0.15,0.15,0.1,0.15,0.1
4732,4732,Ringstead,NFK,Norfolk,0.15,0.15,0.1,0.15,0.1
4733,4733,Ringstead,NTH,Northamptonshire,0.15,0.15,0.1,0.15,0.1
4734,4734,Ringwood,HAM,Hampshire,0.15,0.15,0.1,0.15,0.1
4735,4735,Ripley,SRY,Surrey,0.15,0.15,0.1,0.15,0.1
4736,4736,Ripley,DBY,Derbyshire,0.15,0.15,0.1,0.15,0.1
4737,4737,Ripley,HAM,Hampshire,0.15,0.15,0.1,0.15,0.1
4738,4738,Ripley,NYK,North Yorkshire,0.15,0.15,0.1,0.15,0.1
4739,4739,Ripon,NYK,North Yorkshire,0.15,0.15,0.1,0.15,0.1
4740,4740,Rippingale,LIN,Lincolnshire,0.15,0.15,0.1,0.15,0.1
4741,4741,Ripponden,,West Yorkshire,0.15,0.15,0.1,0.15,0.1
4742,4742,Risby,SFK,Suffolk,0.15,0.15,0.1,0.15,0.1
4743,4743,Riseley,,Bedfordshire,0.15,0.15,0.1,0.15,0.1
4744,4744,Riseley,HAM,Hampshire,0.15,0.15,0.1,0.15,0.1
4745,4745,Rishton,LAN,Lancashire,0.15,0.15,0.1,0.15,0.1
4746,4746,Roade,NTH,Northamptonshire,0.15,0.15,0.1,0.15,0.1
4747,4747,Robertsbridge,ESX,East Sussex,0.15,0.15,0.1,0.15,0.1
4748,4748,Rochdale,,Greater Manchester,0.15,0.15,0.1,0.15,0.1
4749,4749,Roche,CON,Cornwall,0.15,0.15,0.1,0.15,0.1
4750,4750,Rochester,NBL,Northumberland,0.15,0.15,0.1,0.15,0.1
4751,4751,Rochester,KEN,Kent,0.15,0.15,0.1,0.15,0.1
4752,4752,Rochford,WOR,Worcestershire,0.15,0.15,0.1,0.15,0.1
4753,4753,Rochford,ESS,Essex,0.15,0.15,0.1,0.15,0.1
4754,4754,Rock,CON,Cornwall,0.15,0.15,0.1,0.15,0.1
4755,4755,Rock,,County Tyrone,0.15,0.15,0.1,0.15,0.1
4756,4756,Rock,WOR,Worcestershire,0.15,0.15,0.1,0.15,0.1
4757,4757,Rock,NBL,Northumberland,0.15,0.15,0.1,0.15,0.1
4758,4758,Rode,SOM,Somerset,0.15,0.15,0.1,0.15,0.1
4759,4759,Rode Heath,,Cheshire,0.15,0.15,0.1,0.15,0.1
4760,4760,Rodmell,ESX,East Sussex,0.15,0.15,0.1,0.15,0.1
4761,4761,Rodsley,DBY,Derbyshire,0.15,0.15,0.1,0.15,0.1
4762,4762,Rollesby,NFK,Norfolk,0.15,0.15,0.1,0.15,0.1
4763,4763,Rolvenden,KEN,Kent,0.15,0.15,0.1,0.15,0.1
4764,4764,Romaldkirk,DUR,Durham,0.15,0.15,0.1,0.15,0.1
4765,4765,Romford,LND,Greater London,0.15,0.15,0.1,0.15,0.1
4766,4766,Romford,DOR,Dorset,0.15,0.15,0.1,0.15,0.1
4767,4767,Romsey,HAM,Hampshire,0.15,0.15,0.1,0.15,0.1
4768,4768,Romsley,SHR,Shropshire,0.15,0.15,0.1,0.15,0.1
4769,4769,Romsley,WOR,Worcestershire,0.15,0.15,0.1,0.15,0.1
4770,4770,Rookley,IOW,Isle Of Wight,0.15,0.15,0.1,0.15,0.1
4771,4771,Roos,ERY,East Riding Of Yorkshire,0.15,0.15,0.1,0.15,0.1
4772,4772,Ropsley,LIN,Lincolnshire,0.15,0.15,0.1,0.15,0.1
4773,4773,Rosehearty,ABD,Aberdeenshire,0.15,0.15,0.1,0.15,0.1
4774,4774,Rosemarket,PEM,Pembrokeshire,0.15,0.15,0.1,0.15,0.1
4775,4775,Rosemarkie,HLD,Highland,0.15,0.15,0.1,0.15,0.1
4776,4776,Rosewell,MLN,Midlothian,0.15,0.15,0.1,0.15,0.1
4777,4777,Roslin,MLN,Midlothian,0.15,0.15,0.1,0.15,0.1
4778,4778,Rosneath,AGB,Argyll And Bute,0.15,0.15,0.1,0.15,0.1
4779,4779,Rossett,WRX,Wrexham,0.15,0.15,0.1,0.15,0.1
4780,4780,Rossington,,South Yorkshire,0.15,0.15,0.1,0.15,0.1
4781,4781,Rostrevor,DOW,County Down,0.15,0.15,0.1,0.15,0.1
4782,4782,Rosyth,FIF,Fife,0.15,0.15,0.1,0.15,0.1
4783,4783,Rothbury,NBL,Northumberland,0.15,0.15,0.1,0.15,0.1
4784,4784,Rotherfield Peppard,OXF,Oxfordshire,0.15,0.15,0.1,0.15,0.1
4785,4785,Rotherham,,South Yorkshire,0.15,0.15,0.1,0.15,0.1
4786,4786,Rotherwick,HAM,Hampshire,0.15,0.15,0.1,0.15,0.1
4787,4787,Rothes,MRY,Moray,0.15,0.15,0.1,0.15,0.1
4788,4788,Rothesay,AGB,Argyll And Bute,0.15,0.15,0.1,0.15,0.1
4789,4789,Rothienorman,ABD,Aberdeenshire,0.15,0.15,0.1,0.15,0.1
4790,4790,Rothley,NBL,Northumberland,0.15,0.15,0.1,0.15,0.1
4791,4791,Rothley,LEC,Leicestershire,0.15,0.15,0.1,0.15,0.1
4792,4792,Rothwell,LIN,Lincolnshire,0.15,0.15,0.1,0.15,0.1
4793,4793,Rothwell,NTH,Northamptonshire,0.15,0.15,0.1,0.15,0.1
4794,4794,Rothwell,,West Yorkshire,0.15,0.15,0.1,0.15,0.1
4795,4795,Rottingdean,ESX,East Sussex,0.15,0.15,0.1,0.15,0.1
4796,4796,Roughton,LIN,Lincolnshire,0.15,0.15,0.1,0.15,0.1
4797,4797,Roughton,NFK,Norfolk,0.15,0.15,0.1,0.15,0.1
4798,4798,Roughton,SHR,Shropshire,0.15,0.15,0.1,0.15,0.1
4799,4799,Rowde,WIL,Wiltshire,0.15,0.15,0.1,0.15,0.1
4800,4800,Rowhedge,ESS,Essex,0.15,0.15,0.1,0.15,0.1
4801,4801,Rowlands Gill,,Tyne And Wear,0.15,0.15,0.1,0.15,0.1
4802,4802,Rowley Regis,,West Midlands,0.15,0.15,0.1,0.15,0.1
4803,4803,Rowlstone,HEF,Herefordshire,0.15,0.15,0.1,0.15,0.1
4804,4804,Roxton,,Bedfordshire,0.15,0.15,0.1,0.15,0.1
4805,4805,Royal Leamington Spa,WAR,Warwickshire,0.15,0.15,0.1,0.15,0.1
4806,4806,Royal Tunbridge Wells,KEN,Kent,0.15,0.15,0.1,0.15,0.1
4807,4807,Roydon,ESS,Essex,0.15,0.15,0.1,0.15,0.1
4808,4808,Roydon,NFK,Norfolk,0.15,0.15,0.1,0.15,0.1
4809,4809,Royston,HRT,Hertfordshire,0.15,0.15,0.1,0.15,0.1
4810,4810,Royston,,South Yorkshire,0.15,0.15,0.1,0.15,0.1
4811,4811,Royton,,Greater Manchester,0.15,0.15,0.1,0.15,0.1
4812,4812,Ruabon,WRX,Wrexham,0.15,0.15,0.1,0.15,0.1
4813,4813,Ruan Minor,CON,Cornwall,0.15,0.15,0.1,0.15,0.1
4814,4814,Ruardean,GLS,Gloucestershire,0.15,0.15,0.1,0.15,0.1
4815,4815,Ruddington,NTT,Nottinghamshire,0.15,0.15,0.1,0.15,0.1
4816,4816,Rudgwick,WSX,West Sussex,0.15,0.15,0.1,0.15,0.1
4817,4817,Rufford,LAN,Lancashire,0.15,0.15,0.1,0.15,0.1
4818,4818,Rufforth,NYK,North Yorkshire,0.15,0.15,0.1,0.15,0.1
4819,4819,Rugby,WAR,Warwickshire,0.15,0.15,0.1,0.15,0.1
4820,4820,Rugeley,STS,Staffordshire,0.15,0.15,0.1,0.15,0.1
4821,4821,Ruislip,LND,Greater London,0.15,0.15,0.1,0.15,0.1
4822,4822,Rumford,CON,Cornwall,0.15,0.15,0.1,0.15,0.1
4823,4823,Runcorn,,Cheshire,0.15,0.15,0.1,0.15,0.1
4824,4824,Runcton Holme,NFK,Norfolk,0.15,0.15,0.1,0.15,0.1
4825,4825,Rushall,,West Midlands,0.15,0.15,0.1,0.15,0.1
4826,4826,Rushall,SFK,Suffolk,0.15,0.15,0.1,0.15,0.1
4827,4827,Rushall,WIL,Wiltshire,0.15,0.15,0.1,0.15,0.1
4828,4828,Rushall,HEF,Herefordshire,0.15,0.15,0.1,0.15,0.1
4829,4829,Rushden,HRT,Hertfordshire,0.15,0.15,0.1,0.15,0.1
4830,4830,Rushden,NTH,Northamptonshire,0.15,0.15,0.1,0.15,0.1
4831,4831,Rushmoor,SHR,Shropshire,0.15,0.15,0.1,0.15,0.1
4832,4832,Rushmoor,SRY,Surrey,0.15,0.15,0.1,0.15,0.1
4833,4833,Ruskington,LIN,Lincolnshire,0.15,0.15,0.1,0.15,0.1
4834,4834,Rusper,WSX,West Sussex,0.15,0.15,0.1,0.15,0.1
4835,4835,Rusthall,KEN,Kent,0.15,0.15,0.1,0.15,0.1
4836,4836,Rustington,WSX,West Sussex,0.15,0.15,0.1,0.15,0.1
4837,4837,Rutherglen,SLK,South Lanarkshire,0.15,0.15,0.1,0.15,0.1
4838,4838,Ruthin,DEN,Denbighshire,0.15,0.15,0.1,0.15,0.1
4839,4839,Ruyton-XI-Towns,SHR,Shropshire,0.15,0.15,0.1,0.15,0.1
4840,4840,Ryde,IOW,Isle Of Wight,0.15,0.15,0.1,0.15,0.1
4841,4841,Rye,ESX,East Sussex,0.15,0.15,0.1,0.15,0.1
4842,4842,Ryhall,RUT,Rutland,0.15,0.15,0.1,0.15,0.1
4843,4843,Ryhill,,West Yorkshire,0.15,0.15,0.1,0.15,0.1
4844,4844,Ryhope,,Tyne And Wear,0.15,0.15,0.1,0.15,0.1
4845,4845,Ryton,SHR,Shropshire,0.15,0.15,0.1,0.15,0.1
4846,4846,Ryton,GLS,Gloucestershire,0.15,0.15,0.1,0.15,0.1
4847,4847,Ryton,NYK,North Yorkshire,0.15,0.15,0.1,0.15,0.1
4848,4848,Ryton,,Tyne And Wear,0.15,0.15,0.1,0.15,0.1
4849,4849,Sabden,LAN,Lancashire,0.15,0.15,0.1,0.15,0.1
4850,4850,Sacriston,DUR,Durham,0.15,0.15,0.1,0.15,0.1
4851,4851,Saffron Walden,ESS,Essex,0.15,0.15,0.1,0.15,0.1
4852,4852,Saintfield,DOW,County Down,0.15,0.15,0.1,0.15,0.1
4853,4853,Salcombe,DEV,Devon,0.15,0.15,0.1,0.15,0.1
4854,4854,Sale,,Greater Manchester,0.15,0.15,0.1,0.15,0.1
4855,4855,Salford,,Bedfordshire,0.15,0.15,0.1,0.15,0.1
4856,4856,Salford,,Greater Manchester,0.15,0.15,0.1,0.15,0.1
4857,4857,Salford,OXF,Oxfordshire,0.15,0.15,0.1,0.15,0.1
4858,4858,Salford Priors,WAR,Warwickshire,0.15,0.15,0.1,0.15,0.1
4859,4859,Salfords,SRY,Surrey,0.15,0.15,0.1,0.15,0.1
4860,4860,Salhouse,NFK,Norfolk,0.15,0.15,0.1,0.15,0.1
4861,4861,Saline,FIF,Fife,0.15,0.15,0.1,0.15,0.1
4862,4862,Salisbury,WIL,Wiltshire,0.15,0.15,0.1,0.15,0.1
4863,4863,Salsburgh,NLK,North Lanarkshire,0.15,0.15,0.1,0.15,0.1
4864,4864,Saltash,CON,Cornwall,0.15,0.15,0.1,0.15,0.1
4865,4865,Saltburn-by-the-Sea,NYK,North Yorkshire,0.15,0.15,0.1,0.15,0.1
4866,4866,Saltcoats,NAY,North Ayrshire,0.15,0.15,0.1,0.15,0.1
4867,4867,Saltfleet,LIN,Lincolnshire,0.15,0.15,0.1,0.15,0.1
4868,4868,Sampford Peverell,DEV,Devon,0.15,0.15,0.1,0.15,0.1
4869,4869,Sandbach,,Cheshire,0.15,0.15,0.1,0.15,0.1
4870,4870,Sandbank,AGB,Argyll And Bute,0.15,0.15,0.1,0.15,0.1
4871,4871,Sandford,SLK,South Lanarkshire,0.15,0.15,0.1,0.15,0.1
4872,4872,Sandford,DOR,Dorset,0.15,0.15,0.1,0.15,0.1
4873,4873,Sandford,CMA,Cumbria,0.15,0.15,0.1,0.15,0.1
4874,4874,Sandford,DEV,Devon,0.15,0.15,0.1,0.15,0.1
4875,4875,Sandford,IOW,Isle Of Wight,0.15,0.15,0.1,0.15,0.1
4876,4876,Sandhaven,ABD,Aberdeenshire,0.15,0.15,0.1,0.15,0.1
4877,4877,Sandhurst,GLS,Gloucestershire,0.15,0.15,0.1,0.15,0.1
4878,4878,Sandhurst,KEN,Kent,0.15,0.15,0.1,0.15,0.1
4879,4879,Sandhurst,,Berkshire,0.15,0.15,0.1,0.15,0.1
4880,4880,Sandown,IOW,Isle Of Wight,0.15,0.15,0.1,0.15,0.1
4881,4881,Sandwich,KEN,Kent,0.15,0.15,0.1,0.15,0.1
4882,4882,Sandwick,ZET,Shetland Islands,0.15,0.15,0.1,0.15,0.1
4883,4883,Sandwick,CMA,Cumbria,0.15,0.15,0.1,0.15,0.1
4884,4884,Sandy,,Bedfordshire,0.15,0.15,0.1,0.15,0.1
4885,4885,Sanquhar,,Dumfries And Galloway,0.15,0.15,0.1,0.15,0.1
4886,4886,Sapcote,LEC,Leicestershire,0.15,0.15,0.1,0.15,0.1
4887,4887,Sarratt,HRT,Hertfordshire,0.15,0.15,0.1,0.15,0.1
4888,4888,Sauchen,ABD,Aberdeenshire,0.15,0.15,0.1,0.15,0.1
4889,4889,Saughall,,Cheshire,0.15,0.15,0.1,0.15,0.1
4890,4890,Saundersfoot,PEM,Pembrokeshire,0.15,0.15,0.1,0.15,0.1
4891,4891,Sawbridgeworth,HRT,Hertfordshire,0.15,0.15,0.1,0.15,0.1
4892,4892,Sawston,CAM,Cambridgeshire,0.15,0.15,0.1,0.15,0.1
4893,4893,Saxilby,LIN,Lincolnshire,0.15,0.15,0.1,0.15,0.1
4894,4894,Saxlingham Nethergate,NFK,Norfolk,0.15,0.15,0.1,0.15,0.1
4895,4895,Saxmundham,SFK,Suffolk,0.15,0.15,0.1,0.15,0.1
4896,4896,Saxton,NYK,North Yorkshire,0.15,0.15,0.1,0.15,0.1
4897,4897,Scalby,ERY,East Riding Of Yorkshire,0.15,0.15,0.1,0.15,0.1
4898,4898,Scalby,NYK,North Yorkshire,0.15,0.15,0.1,0.15,0.1
4899,4899,Scalloway,ZET,Shetland Islands,0.15,0.15,0.1,0.15,0.1
4900,4900,Scarborough,NYK,North Yorkshire,0.15,0.15,0.1,0.15,0.1
4901,4901,Scarcroft,,West Yorkshire,0.15,0.15,0.1,0.15,0.1
4902,4902,Scawby,LIN,Lincolnshire,0.15,0.15,0.1,0.15,0.1
4903,4903,Scholes,,West Yorkshire,0.15,0.15,0.1,0.15,0.1
4904,4904,Scleddau,PEM,Pembrokeshire,0.15,0.15,0.1,0.15,0.1
4905,4905,Scole,NFK,Norfolk,0.15,0.15,0.1,0.15,0.1
4906,4906,Scopwick,LIN,Lincolnshire,0.15,0.15,0.1,0.15,0.1
4907,4907,Scorton,LAN,Lancashire,0.15,0.15,0.1,0.15,0.1
4908,4908,Scorton,NYK,North Yorkshire,0.15,0.15,0.1,0.15,0.1
4909,4909,Scotby,CMA,Cumbria,0.15,0.15,0.1,0.15,0.1
4910,4910,Scothern,LIN,Lincolnshire,0.15,0.15,0.1,0.15,0.1
4911,4911,Scotter,LIN,Lincolnshire,0.15,0.15,0.1,0.15,0.1
4912,4912,Scunthorpe,LIN,Lincolnshire,0.15,0.15,0.1,0.15,0.1
4913,4913,Seafield,AGB,Argyll And Bute,0.15,0.15,0.1,0.15,0.1
4914,4914,Seafield,SAY,South Ayrshire,0.15,0.15,0.1,0.15,0.1
4915,4915,Seafield,WLN,West Lothian,0.15,0.15,0.1,0.15,0.1
4916,4916,Seaford,ESX,East Sussex,0.15,0.15,0.1,0.15,0.1
4917,4917,Seagrave,LEC,Leicestershire,0.15,0.15,0.1,0.15,0.1
4918,4918,Seaham,DUR,Durham,0.15,0.15,0.1,0.15,0.1
4919,4919,Seahouses,NBL,Northumberland,0.15,0.15,0.1,0.15,0.1
4920,4920,Seale,SRY,Surrey,0.15,0.15,0.1,0.15,0.1
4921,4921,Seascale,CMA,Cumbria,0.15,0.15,0.1,0.15,0.1
4922,4922,Seaton,,Tyne And Wear,0.15,0.15,0.1,0.15,0.1
4923,4923,Seaton,DUR,Durham,0.15,0.15,0.1,0.15,0.1
4924,4924,Seaton,CON,Cornwall,0.15,0.15,0.1,0.15,0.1
4925,4925,Seaton,CMA,Cumbria,0.15,0.15,0.1,0.15,0.1
4926,4926,Seaton,RUT,Rutland,0.15,0.15,0.1,0.15,0.1
4927,4927,Seaton,ERY,East Riding Of Yorkshire,0.15,0.15,0.1,0.15,0.1
4928,4928,Seaton,DEV,Devon,0.15,0.15,0.1,0.15,0.1
4929,4929,Seaton Delaval,NBL,Northumberland,0.15,0.15,0.1,0.15,0.1
4930,4930,Seaview,IOW,Isle Of Wight,0.15,0.15,0.1,0.15,0.1
4931,4931,Sedbergh,CMA,Cumbria,0.15,0.15,0.1,0.15,0.1
4932,4932,Sedgeberrow,WOR,Worcestershire,0.15,0.15,0.1,0.15,0.1
4933,4933,Sedgefield,DUR,Durham,0.15,0.15,0.1,0.15,0.1
4934,4934,Sedgeford,NFK,Norfolk,0.15,0.15,0.1,0.15,0.1
4935,4935,Sedlescombe,ESX,East Sussex,0.15,0.15,0.1,0.15,0.1
4936,4936,Seend,WIL,Wiltshire,0.15,0.15,0.1,0.15,0.1
4937,4937,Seer Green,BKM,Buckinghamshire,0.15,0.15,0.1,0.15,0.1
4938,4938,Seghill,NBL,Northumberland,0.15,0.15,0.1,0.15,0.1
4939,4939,Seisdon,STS,Staffordshire,0.15,0.15,0.1,0.15,0.1
4940,4940,Selborne,HAM,Hampshire,0.15,0.15,0.1,0.15,0.1
4941,4941,Selby,NYK,North Yorkshire,0.15,0.15,0.1,0.15,0.1
4942,4942,Selkirk,SCB,Scottish Borders,0.15,0.15,0.1,0.15,0.1
4943,4943,Sellack,HEF,Herefordshire,0.15,0.15,0.1,0.15,0.1
4944,4944,Sellindge,KEN,Kent,0.15,0.15,0.1,0.15,0.1
4945,4945,Selsey,WSX,West Sussex,0.15,0.15,0.1,0.15,0.1
4946,4946,Semington,WIL,Wiltshire,0.15,0.15,0.1,0.15,0.1
4947,4947,Send,SRY,Surrey,0.15,0.15,0.1,0.15,0.1
4948,4948,Sennen,CON,Cornwall,0.15,0.15,0.1,0.15,0.1
4949,4949,Settle,NYK,North Yorkshire,0.15,0.15,0.1,0.15,0.1
4950,4950,Seven Sisters,LND,Greater London,0.15,0.15,0.1,0.15,0.1
4951,4951,Seven Sisters,NTL,Neath Port Talbot,0.15,0.15,0.1,0.15,0.1
4952,4952,Sevenoaks,KEN,Kent,0.15,0.15,0.1,0.15,0.1
4953,4953,Shadoxhurst,KEN,Kent,0.15,0.15,0.1,0.15,0.1
4954,4954,Shadwell,LND,Greater London,0.15,0.15,0.1,0.15,0.1
4955,4955,Shadwell,NFK,Norfolk,0.15,0.15,0.1,0.15,0.1
4956,4956,Shaftesbury,DOR,Dorset,0.15,0.15,0.1,0.15,0.1
4957,4957,Shafton,,South Yorkshire,0.15,0.15,0.1,0.15,0.1
4958,4958,Shalbourne,WIL,Wiltshire,0.15,0.15,0.1,0.15,0.1
4959,4959,Shalfleet,IOW,Isle Of Wight,0.15,0.15,0.1,0.15,0.1
4960,4960,Shalford,SRY,Surrey,0.15,0.15,0.1,0.15,0.1
4961,4961,Shalford,ESS,Essex,0.15,0.15,0.1,0.15,0.1
4962,4962,Shanklin,IOW,Isle Of Wight,0.15,0.15,0.1,0.15,0.1
4963,4963,Shap,CMA,Cumbria,0.15,0.15,0.1,0.15,0.1
4964,4964,Shapwick,DOR,Dorset,0.15,0.15,0.1,0.15,0.1
4965,4965,Shapwick,SOM,Somerset,0.15,0.15,0.1,0.15,0.1
4966,4966,Shardlow,DBY,Derbyshire,0.15,0.15,0.1,0.15,0.1
4967,4967,Shareshill,STS,Staffordshire,0.15,0.15,0.1,0.15,0.1
4968,4968,Sharlston,,West Yorkshire,0.15,0.15,0.1,0.15,0.1
4969,4969,Sharnbrook,,Bedfordshire,0.15,0.15,0.1,0.15,0.1
4970,4970,Sharnford,LEC,Leicestershire,0.15,0.15,0.1,0.15,0.1
4971,4971,Sharow,NYK,North Yorkshire,0.15,0.15,0.1,0.15,0.1
4972,4972,Sharpness,GLS,Gloucestershire,0.15,0.15,0.1,0.15,0.1
4973,4973,Shaw,,Greater Manchester,0.15,0.15,0.1,0.15,0.1
4974,4974,Shaw,,Berkshire,0.15,0.15,0.1,0.15,0.1
4975,4975,Shaw,WIL,Wiltshire,0.15,0.15,0.1,0.15,0.1
4976,4976,Shawbury,SHR,Shropshire,0.15,0.15,0.1,0.15,0.1
4977,4977,Shebbear,DEV,Devon,0.15,0.15,0.1,0.15,0.1
4978,4978,Sheering,ESS,Essex,0.15,0.15,0.1,0.15,0.1
4979,4979,Sheerness,KEN,Kent,0.15,0.15,0.1,0.15,0.1
4980,4980,Sheffield,,South Yorkshire,0.15,0.15,0.1,0.15,0.1
4981,4981,Sheffield,DBY,Derbyshire,0.15,0.15,0.1,0.15,0.1
4982,4982,Shefford,,Bedfordshire,0.15,0.15,0.1,0.15,0.1
4983,4983,Shelley,SFK,Suffolk,0.15,0.15,0.1,0.15,0.1
4984,4984,Shelley,ESS,Essex,0.15,0.15,0.1,0.15,0.1
4985,4985,Shelley,,West Yorkshire,0.15,0.15,0.1,0.15,0.1
4986,4986,Shenley,HRT,Hertfordshire,0.15,0.15,0.1,0.15,0.1
4987,4987,Shenley Church End,BKM,Buckinghamshire,0.15,0.15,0.1,0.15,0.1
4988,4988,Shenstone,WOR,Worcestershire,0.15,0.15,0.1,0.15,0.1
4989,4989,Shenstone,STS,Staffordshire,0.15,0.15,0.1,0.15,0.1
4990,4990,Shepley,,West Yorkshire,0.15,0.15,0.1,0.15,0.1
4991,4991,Shepperton,SRY,Surrey,0.15,0.15,0.1,0.15,0.1
4992,4992,Shepreth,CAM,Cambridgeshire,0.15,0.15,0.1,0.15,0.1
4993,4993,Shepshed,LEC,Leicestershire,0.15,0.15,0.1,0.15,0.1
4994,4994,Shepton Mallet,SOM,Somerset,0.15,0.15,0.1,0.15,0.1
4995,4995,Sherborne,DOR,Dorset,0.15,0.15,0.1,0.15,0.1
4996,4996,Sherborne,GLS,Gloucestershire,0.15,0.15,0.1,0.15,0.1
4997,4997,Sherborne St John,HAM,Hampshire,0.15,0.15,0.1,0.15,0.1
4998,4998,Sherburn,NYK,North Yorkshire,0.15,0.15,0.1,0.15,0.1
4999,4999,Sherburn,DUR,Durham,0.15,0.15,0.1,0.15,0.1
5000,5000,Sherburn in Elmet,NYK,North Yorkshire,0.15,0.15,0.1,0.15,0.1
5001,5001,Shere,SRY,Surrey,0.15,0.15,0.1,0.15,0.1
5002,5002,Sheringham,NFK,Norfolk,0.15,0.15,0.1,0.15,0.1
5003,5003,Sherington,BKM,Buckinghamshire,0.15,0.15,0.1,0.15,0.1
5004,5004,Sherston,WIL,Wiltshire,0.15,0.15,0.1,0.15,0.1
5005,5005,Shevington,,Greater Manchester,0.15,0.15,0.1,0.15,0.1
5006,5006,Shieldhill,FAL,Falkirk,0.15,0.15,0.1,0.15,0.1
5007,5007,Shifnal,SHR,Shropshire,0.15,0.15,0.1,0.15,0.1
5008,5008,Shilbottle,NBL,Northumberland,0.15,0.15,0.1,0.15,0.1
5009,5009,Shildon,DUR,Durham,0.15,0.15,0.1,0.15,0.1
5010,5010,Shillingstone,DOR,Dorset,0.15,0.15,0.1,0.15,0.1
5011,5011,Shillington,,Bedfordshire,0.15,0.15,0.1,0.15,0.1
5012,5012,Shinfield,,Berkshire,0.15,0.15,0.1,0.15,0.1
5013,5013,Shipdham,NFK,Norfolk,0.15,0.15,0.1,0.15,0.1
5014,5014,Shipham,SOM,Somerset,0.15,0.15,0.1,0.15,0.1
5015,5015,Shiplake,OXF,Oxfordshire,0.15,0.15,0.1,0.15,0.1
5016,5016,Shipley,WSX,West Sussex,0.15,0.15,0.1,0.15,0.1
5017,5017,Shipley,NBL,Northumberland,0.15,0.15,0.1,0.15,0.1
5018,5018,Shipley,,West Yorkshire,0.15,0.15,0.1,0.15,0.1
5019,5019,Shipley,,West Midlands,0.15,0.15,0.1,0.15,0.1
5020,5020,Shipston on Stour,WAR,Warwickshire,0.15,0.15,0.1,0.15,0.1
5021,5021,Shipton,GLS,Gloucestershire,0.15,0.15,0.1,0.15,0.1
5022,5022,Shipton,NYK,North Yorkshire,0.15,0.15,0.1,0.15,0.1
5023,5023,Shipton,SHR,Shropshire,0.15,0.15,0.1,0.15,0.1
5024,5024,Shiptonthorpe,ERY,East Riding Of Yorkshire,0.15,0.15,0.1,0.15,0.1
5025,5025,Shirebrook,DBY,Derbyshire,0.15,0.15,0.1,0.15,0.1
5026,5026,Shiremoor,,Tyne And Wear,0.15,0.15,0.1,0.15,0.1
5027,5027,Shirland,DBY,Derbyshire,0.15,0.15,0.1,0.15,0.1
5028,5028,Shirley,,West Midlands,0.15,0.15,0.1,0.15,0.1
5029,5029,Shirley,LND,Greater London,0.15,0.15,0.1,0.15,0.1
5030,5030,Shirley,DBY,Derbyshire,0.15,0.15,0.1,0.15,0.1
5031,5031,Shirley,DOR,Dorset,0.15,0.15,0.1,0.15,0.1
5032,5032,Shirley,HAM,Hampshire,0.15,0.15,0.1,0.15,0.1
5033,5033,Shobdon,HEF,Herefordshire,0.15,0.15,0.1,0.15,0.1
5034,5034,Shoreham,KEN,Kent,0.15,0.15,0.1,0.15,0.1
5035,5035,Shoreham-by-Sea,WSX,West Sussex,0.15,0.15,0.1,0.15,0.1
5036,5036,Shotley,SFK,Suffolk,0.15,0.15,0.1,0.15,0.1
5037,5037,Shotley Gate,SFK,Suffolk,0.15,0.15,0.1,0.15,0.1
5038,5038,Shotton,NBL,Northumberland,0.15,0.15,0.1,0.15,0.1
5039,5039,Shotton,DUR,Durham,0.15,0.15,0.1,0.15,0.1
5040,5040,Shotton,FLN,Flintshire,0.15,0.15,0.1,0.15,0.1
5041,5041,Shotts,NLK,North Lanarkshire,0.15,0.15,0.1,0.15,0.1
5042,5042,Shotwick,,Cheshire,0.15,0.15,0.1,0.15,0.1
5043,5043,Shouldham,NFK,Norfolk,0.15,0.15,0.1,0.15,0.1
5044,5044,Shrewsbury,SHR,Shropshire,0.15,0.15,0.1,0.15,0.1
5045,5045,Shrewton,WIL,Wiltshire,0.15,0.15,0.1,0.15,0.1
5046,5046,Shrivenham,OXF,Oxfordshire,0.15,0.15,0.1,0.15,0.1
5047,5047,Shropham,NFK,Norfolk,0.15,0.15,0.1,0.15,0.1
5048,5048,Shurdington,GLS,Gloucestershire,0.15,0.15,0.1,0.15,0.1
5049,5049,Sible Hedingham,ESS,Essex,0.15,0.15,0.1,0.15,0.1
5050,5050,Sibsey,LIN,Lincolnshire,0.15,0.15,0.1,0.15,0.1
5051,5051,Sidcup,LND,Greater London,0.15,0.15,0.1,0.15,0.1
5052,5052,Siddington,GLS,Gloucestershire,0.15,0.15,0.1,0.15,0.1
5053,5053,Siddington,,Cheshire,0.15,0.15,0.1,0.15,0.1
5054,5054,Sidmouth,DEV,Devon,0.15,0.15,0.1,0.15,0.1
5055,5055,Silchester,HAM,Hampshire,0.15,0.15,0.1,0.15,0.1
5056,5056,Sileby,LEC,Leicestershire,0.15,0.15,0.1,0.15,0.1
5057,5057,Silkstone,,South Yorkshire,0.15,0.15,0.1,0.15,0.1
5058,5058,Silloth,CMA,Cumbria,0.15,0.15,0.1,0.15,0.1
5059,5059,Silsden,,West Yorkshire,0.15,0.15,0.1,0.15,0.1
5060,5060,Silsoe,,Bedfordshire,0.15,0.15,0.1,0.15,0.1
5061,5061,Silver End,ESS,Essex,0.15,0.15,0.1,0.15,0.1
5062,5062,Silverdale,STS,Staffordshire,0.15,0.15,0.1,0.15,0.1
5063,5063,Silverdale,LAN,Lancashire,0.15,0.15,0.1,0.15,0.1
5064,5064,Silverstone,NTH,Northamptonshire,0.15,0.15,0.1,0.15,0.1
5065,5065,Silverton,DEV,Devon,0.15,0.15,0.1,0.15,0.1
5066,5066,Simpson,BKM,Buckinghamshire,0.15,0.15,0.1,0.15,0.1
5067,5067,Sion Mills,,County Tyrone,0.15,0.15,0.1,0.15,0.1
5068,5068,Sissinghurst,KEN,Kent,0.15,0.15,0.1,0.15,0.1
5069,5069,Siston,GLS,Gloucestershire,0.15,0.15,0.1,0.15,0.1
5070,5070,Sittingbourne,KEN,Kent,0.15,0.15,0.1,0.15,0.1
5071,5071,Sixpenny Handley,DOR,Dorset,0.15,0.15,0.1,0.15,0.1
5072,5072,Skegness,LIN,Lincolnshire,0.15,0.15,0.1,0.15,0.1
5073,5073,Skellingthorpe,LIN,Lincolnshire,0.15,0.15,0.1,0.15,0.1
5074,5074,Skelmersdale,LAN,Lancashire,0.15,0.15,0.1,0.15,0.1
5075,5075,Skelmorlie,NAY,North Ayrshire,0.15,0.15,0.1,0.15,0.1
5076,5076,Skelton,ERY,East Riding Of Yorkshire,0.15,0.15,0.1,0.15,0.1
5077,5077,Skelton,CMA,Cumbria,0.15,0.15,0.1,0.15,0.1
5078,5078,Skelton,NYK,North Yorkshire,0.15,0.15,0.1,0.15,0.1
5079,5079,Skidby,ERY,East Riding Of Yorkshire,0.15,0.15,0.1,0.15,0.1
5080,5080,Skinningrove,NYK,North Yorkshire,0.15,0.15,0.1,0.15,0.1
5081,5081,Skipsea,ERY,East Riding Of Yorkshire,0.15,0.15,0.1,0.15,0.1
5082,5082,Skipton,NYK,North Yorkshire,0.15,0.15,0.1,0.15,0.1
5083,5083,Slaley,NBL,Northumberland,0.15,0.15,0.1,0.15,0.1
5084,5084,Slamannan,FAL,Falkirk,0.15,0.15,0.1,0.15,0.1
5085,5085,Sleaford,HAM,Hampshire,0.15,0.15,0.1,0.15,0.1
5086,5086,Sleaford,LIN,Lincolnshire,0.15,0.15,0.1,0.15,0.1
5087,5087,Sleights,NYK,North Yorkshire,0.15,0.15,0.1,0.15,0.1
5088,5088,Slimbridge,GLS,Gloucestershire,0.15,0.15,0.1,0.15,0.1
5089,5089,Slinfold,WSX,West Sussex,0.15,0.15,0.1,0.15,0.1
5090,5090,Slough,,Berkshire,0.15,0.15,0.1,0.15,0.1
5091,5091,Small Dole,WSX,West Sussex,0.15,0.15,0.1,0.15,0.1
5092,5092,Smarden,KEN,Kent,0.15,0.15,0.1,0.15,0.1
5093,5093,Smethwick,,West Midlands,0.15,0.15,0.1,0.15,0.1
5094,5094,Snainton,NYK,North Yorkshire,0.15,0.15,0.1,0.15,0.1
5095,5095,Snaith,ERY,East Riding Of Yorkshire,0.15,0.15,0.1,0.15,0.1
5096,5096,Snetterton,NFK,Norfolk,0.15,0.15,0.1,0.15,0.1
5097,5097,Snettisham,NFK,Norfolk,0.15,0.15,0.1,0.15,0.1
5098,5098,Snitterfield,WAR,Warwickshire,0.15,0.15,0.1,0.15,0.1
5099,5099,Snodland,KEN,Kent,0.15,0.15,0.1,0.15,0.1
5100,5100,Soham,CAM,Cambridgeshire,0.15,0.15,0.1,0.15,0.1
5101,5101,Sole Street,KEN,Kent,0.15,0.15,0.1,0.15,0.1
5102,5102,Solihull,,West Midlands,0.15,0.15,0.1,0.15,0.1
5103,5103,Solva,PEM,Pembrokeshire,0.15,0.15,0.1,0.15,0.1
5104,5104,Somerby,LEC,Leicestershire,0.15,0.15,0.1,0.15,0.1
5105,5105,Somersham,SFK,Suffolk,0.15,0.15,0.1,0.15,0.1
5106,5106,Somerton,SFK,Suffolk,0.15,0.15,0.1,0.15,0.1
5107,5107,Somerton,OXF,Oxfordshire,0.15,0.15,0.1,0.15,0.1
5108,5108,Somerton,SOM,Somerset,0.15,0.15,0.1,0.15,0.1
5109,5109,Sonning,,Berkshire,0.15,0.15,0.1,0.15,0.1
5110,5110,Sonning Common,OXF,Oxfordshire,0.15,0.15,0.1,0.15,0.1
5111,5111,South Bank,LND,Greater London,0.15,0.15,0.1,0.15,0.1
5112,5112,South Bank,NYK,North Yorkshire,0.15,0.15,0.1,0.15,0.1
5113,5113,South Benfleet,ESS,Essex,0.15,0.15,0.1,0.15,0.1
5114,5114,South Brent,DEV,Devon,0.15,0.15,0.1,0.15,0.1
5115,5115,South Cave,ERY,East Riding Of Yorkshire,0.15,0.15,0.1,0.15,0.1
5116,5116,South Cerney,GLS,Gloucestershire,0.15,0.15,0.1,0.15,0.1
5117,5117,South Creake,NFK,Norfolk,0.15,0.15,0.1,0.15,0.1
5118,5118,South Elmsall,,West Yorkshire,0.15,0.15,0.1,0.15,0.1
5119,5119,South Ferriby,LIN,Lincolnshire,0.15,0.15,0.1,0.15,0.1
5120,5120,South Harting,WSX,West Sussex,0.15,0.15,0.1,0.15,0.1
5121,5121,South Hayling,HAM,Hampshire,0.15,0.15,0.1,0.15,0.1
5122,5122,South Hetton,DUR,Durham,0.15,0.15,0.1,0.15,0.1
5123,5123,South Hill,CON,Cornwall,0.15,0.15,0.1,0.15,0.1
5124,5124,South Kelsey,LIN,Lincolnshire,0.15,0.15,0.1,0.15,0.1
5125,5125,South Littleton,WOR,Worcestershire,0.15,0.15,0.1,0.15,0.1
5126,5126,South Luffenham,RUT,Rutland,0.15,0.15,0.1,0.15,0.1
5127,5127,South Milford,NYK,North Yorkshire,0.15,0.15,0.1,0.15,0.1
5128,5128,South Mimms,HRT,Hertfordshire,0.15,0.15,0.1,0.15,0.1
5129,5129,South Molton,DEV,Devon,0.15,0.15,0.1,0.15,0.1
5130,5130,South Nutfield,SRY,Surrey,0.15,0.15,0.1,0.15,0.1
5131,5131,South Ockendon,ESS,Essex,0.15,0.15,0.1,0.15,0.1
5132,5132,South Petherton,SOM,Somerset,0.15,0.15,0.1,0.15,0.1
5133,5133,South Shields,,Tyne And Wear,0.15,0.15,0.1,0.15,0.1
5134,5134,South Wingfield,DBY,Derbyshire,0.15,0.15,0.1,0.15,0.1
5135,5135,South Witham,LIN,Lincolnshire,0.15,0.15,0.1,0.15,0.1
5136,5136,South Zeal,DEV,Devon,0.15,0.15,0.1,0.15,0.1
5137,5137,Southall,LND,Greater London,0.15,0.15,0.1,0.15,0.1
5138,5138,Southam,WAR,Warwickshire,0.15,0.15,0.1,0.15,0.1
5139,5139,Southam,GLS,Gloucestershire,0.15,0.15,0.1,0.15,0.1
5140,5140,Southampton,HAM,Hampshire,0.15,0.15,0.1,0.15,0.1
5141,5141,Southend-on-Sea,ESS,Essex,0.15,0.15,0.1,0.15,0.1
5142,5142,Southery,NFK,Norfolk,0.15,0.15,0.1,0.15,0.1
5143,5143,Southfleet,KEN,Kent,0.15,0.15,0.1,0.15,0.1
5144,5144,Southgate,NFK,Norfolk,0.15,0.15,0.1,0.15,0.1
5145,5145,Southgate,LND,Greater London,0.15,0.15,0.1,0.15,0.1
5146,5146,Southill,,Bedfordshire,0.15,0.15,0.1,0.15,0.1
5147,5147,Southminster,ESS,Essex,0.15,0.15,0.1,0.15,0.1
5148,5148,Southorpe,CAM,Cambridgeshire,0.15,0.15,0.1,0.15,0.1
5149,5149,Southowram,,West Yorkshire,0.15,0.15,0.1,0.15,0.1
5150,5150,Southport,,Merseyside,0.15,0.15,0.1,0.15,0.1
5151,5151,Southsea,HAM,Hampshire,0.15,0.15,0.1,0.15,0.1
5152,5152,Southsea,WRX,Wrexham,0.15,0.15,0.1,0.15,0.1
5153,5153,Southwater,WSX,West Sussex,0.15,0.15,0.1,0.15,0.1
5154,5154,Southwell,DOR,Dorset,0.15,0.15,0.1,0.15,0.1
5155,5155,Southwell,NTT,Nottinghamshire,0.15,0.15,0.1,0.15,0.1
5156,5156,Southwick,,Tyne And Wear,0.15,0.15,0.1,0.15,0.1
5157,5157,Southwick,NTH,Northamptonshire,0.15,0.15,0.1,0.15,0.1
5158,5158,Southwick,WSX,West Sussex,0.15,0.15,0.1,0.15,0.1
5159,5159,Southwick,WIL,Wiltshire,0.15,0.15,0.1,0.15,0.1
5160,5160,Southwick,HAM,Hampshire,0.15,0.15,0.1,0.15,0.1
5161,5161,Southwold,SFK,Suffolk,0.15,0.15,0.1,0.15,0.1
5162,5162,Sowerby Bridge,,West Yorkshire,0.15,0.15,0.1,0.15,0.1
5163,5163,Spalding,LIN,Lincolnshire,0.15,0.15,0.1,0.15,0.1
5164,5164,Spean Bridge,HLD,Highland,0.15,0.15,0.1,0.15,0.1
5165,5165,Speldhurst,KEN,Kent,0.15,0.15,0.1,0.15,0.1
5166,5166,Spennymoor,DUR,Durham,0.15,0.15,0.1,0.15,0.1
5167,5167,Spetisbury,DOR,Dorset,0.15,0.15,0.1,0.15,0.1
5168,5168,Spilsby,LIN,Lincolnshire,0.15,0.15,0.1,0.15,0.1
5169,5169,Spittal,PEM,Pembrokeshire,0.15,0.15,0.1,0.15,0.1
5170,5170,Spittal,ELN,East Lothian,0.15,0.15,0.1,0.15,0.1
5171,5171,Spittal,HLD,Highland,0.15,0.15,0.1,0.15,0.1
5172,5172,Spittal,NBL,Northumberland,0.15,0.15,0.1,0.15,0.1
5173,5173,Spittal,,Dumfries And Galloway,0.15,0.15,0.1,0.15,0.1
5174,5174,Spixworth,NFK,Norfolk,0.15,0.15,0.1,0.15,0.1
5175,5175,Spofforth,NYK,North Yorkshire,0.15,0.15,0.1,0.15,0.1
5176,5176,Sporle,NFK,Norfolk,0.15,0.15,0.1,0.15,0.1
5177,5177,Spratton,NTH,Northamptonshire,0.15,0.15,0.1,0.15,0.1
5178,5178,Springfield,PKN,Perth And Kinross,0.15,0.15,0.1,0.15,0.1
5179,5179,Springfield,ESS,Essex,0.15,0.15,0.1,0.15,0.1
5180,5180,Springfield,,West Midlands,0.15,0.15,0.1,0.15,0.1
5181,5181,Springfield,,Dumfries And Galloway,0.15,0.15,0.1,0.15,0.1
5182,5182,Springfield,AGB,Argyll And Bute,0.15,0.15,0.1,0.15,0.1
5183,5183,Springfield,FIF,Fife,0.15,0.15,0.1,0.15,0.1
5184,5184,Springfield,MRY,Moray,0.15,0.15,0.1,0.15,0.1
5185,5185,Springside,NAY,North Ayrshire,0.15,0.15,0.1,0.15,0.1
5186,5186,Sproatley,ERY,East Riding Of Yorkshire,0.15,0.15,0.1,0.15,0.1
5187,5187,Sproughton,SFK,Suffolk,0.15,0.15,0.1,0.15,0.1
5188,5188,Sprowston,NFK,Norfolk,0.15,0.15,0.1,0.15,0.1
5189,5189,St Albans,HRT,Hertfordshire,0.15,0.15,0.1,0.15,0.1
5190,5190,St Austell,CON,Cornwall,0.15,0.15,0.1,0.15,0.1
5191,5191,St Helens,IOW,Isle Of Wight,0.15,0.15,0.1,0.15,0.1
5192,5192,St Helens,,Merseyside,0.15,0.15,0.1,0.15,0.1
5193,5193,St Ives,CON,Cornwall,0.15,0.15,0.1,0.15,0.1
5194,5194,St Ives,HAM,Hampshire,0.15,0.15,0.1,0.15,0.1
5195,5195,St Just,CON,Cornwall,0.15,0.15,0.1,0.15,0.1
5196,5196,St Leonards,DOR,Dorset,0.15,0.15,0.1,0.15,0.1
5197,5197,St Leonards,ESX,East Sussex,0.15,0.15,0.1,0.15,0.1
5198,5198,St Leonards,HRT,Hertfordshire,0.15,0.15,0.1,0.15,0.1
5199,5199,St Mary Bourne,HAM,Hampshire,0.15,0.15,0.1,0.15,0.1
5200,5200,St Mary's,,Orkney Islands,0.15,0.15,0.1,0.15,0.1
5201,5201,St Mary's Bay,KEN,Kent,0.15,0.15,0.1,0.15,0.1
5202,5202,Stadhampton,OXF,Oxfordshire,0.15,0.15,0.1,0.15,0.1
5203,5203,Stafford,STS,Staffordshire,0.15,0.15,0.1,0.15,0.1
5204,5204,Stagsden,,Bedfordshire,0.15,0.15,0.1,0.15,0.1
5205,5205,Stainburn,NYK,North Yorkshire,0.15,0.15,0.1,0.15,0.1
5206,5206,Staindrop,DUR,Durham,0.15,0.15,0.1,0.15,0.1
5207,5207,Staines,SRY,Surrey,0.15,0.15,0.1,0.15,0.1
5208,5208,Stainforth,NYK,North Yorkshire,0.15,0.15,0.1,0.15,0.1
5209,5209,Stainforth,,South Yorkshire,0.15,0.15,0.1,0.15,0.1
5210,5210,Stainton,,South Yorkshire,0.15,0.15,0.1,0.15,0.1
5211,5211,Stainton,DUR,Durham,0.15,0.15,0.1,0.15,0.1
5212,5212,Stainton,NYK,North Yorkshire,0.15,0.15,0.1,0.15,0.1
5213,5213,Stainton,CMA,Cumbria,0.15,0.15,0.1,0.15,0.1
5214,5214,Staithes,NYK,North Yorkshire,0.15,0.15,0.1,0.15,0.1
5215,5215,Stakeford,NBL,Northumberland,0.15,0.15,0.1,0.15,0.1
5216,5216,Stalbridge,DOR,Dorset,0.15,0.15,0.1,0.15,0.1
5217,5217,Stalham,NFK,Norfolk,0.15,0.15,0.1,0.15,0.1
5218,5218,Stallingborough,LIN,Lincolnshire,0.15,0.15,0.1,0.15,0.1
5219,5219,Stalybridge,,Greater Manchester,0.15,0.15,0.1,0.15,0.1
5220,5220,Stamford,NBL,Northumberland,0.15,0.15,0.1,0.15,0.1
5221,5221,Stamford,LIN,Lincolnshire,0.15,0.15,0.1,0.15,0.1
5222,5222,Stanbridge,,Bedfordshire,0.15,0.15,0.1,0.15,0.1
5223,5223,Stanbridge,DOR,Dorset,0.15,0.15,0.1,0.15,0.1
5224,5224,Standlake,OXF,Oxfordshire,0.15,0.15,0.1,0.15,0.1
5225,5225,Standon,STS,Staffordshire,0.15,0.15,0.1,0.15,0.1
5226,5226,Standon,HAM,Hampshire,0.15,0.15,0.1,0.15,0.1
5227,5227,Standon,HRT,Hertfordshire,0.15,0.15,0.1,0.15,0.1
5228,5228,Stanford in the Vale,OXF,Oxfordshire,0.15,0.15,0.1,0.15,0.1
5229,5229,Stanford-le-Hope,ESS,Essex,0.15,0.15,0.1,0.15,0.1
5230,5230,Stanhope,DUR,Durham,0.15,0.15,0.1,0.15,0.1
5231,5231,Stanhope,SCB,Scottish Borders,0.15,0.15,0.1,0.15,0.1
5232,5232,Stanion,NTH,Northamptonshire,0.15,0.15,0.1,0.15,0.1
5233,5233,Stanley,DUR,Durham,0.15,0.15,0.1,0.15,0.1
5234,5234,Stanley,STS,Staffordshire,0.15,0.15,0.1,0.15,0.1
5235,5235,Stanley,PKN,Perth And Kinross,0.15,0.15,0.1,0.15,0.1
5236,5236,Stanley,,West Yorkshire,0.15,0.15,0.1,0.15,0.1
5237,5237,Stanley,WIL,Wiltshire,0.15,0.15,0.1,0.15,0.1
5238,5238,Stanley,DBY,Derbyshire,0.15,0.15,0.1,0.15,0.1
5239,5239,Stanmore,LND,Greater London,0.15,0.15,0.1,0.15,0.1
5240,5240,Stanmore,,Berkshire,0.15,0.15,0.1,0.15,0.1
5241,5241,Stannington,NBL,Northumberland,0.15,0.15,0.1,0.15,0.1
5242,5242,Stannington,,South Yorkshire,0.15,0.15,0.1,0.15,0.1
5243,5243,Stansted Mountfitchet,ESS,Essex,0.15,0.15,0.1,0.15,0.1
5244,5244,Stanton Harcourt,OXF,Oxfordshire,0.15,0.15,0.1,0.15,0.1
5245,5245,Stanwick,NTH,Northamptonshire,0.15,0.15,0.1,0.15,0.1
5246,5246,Stapleford,NTT,Nottinghamshire,0.15,0.15,0.1,0.15,0.1
5247,5247,Stapleford,LIN,Lincolnshire,0.15,0.15,0.1,0.15,0.1
5248,5248,Stapleford,LEC,Leicestershire,0.15,0.15,0.1,0.15,0.1
5249,5249,Stapleford,CAM,Cambridgeshire,0.15,0.15,0.1,0.15,0.1
5250,5250,Stapleford,WIL,Wiltshire,0.15,0.15,0.1,0.15,0.1
5251,5251,Stapleford,HRT,Hertfordshire,0.15,0.15,0.1,0.15,0.1
5252,5252,Staplehurst,KEN,Kent,0.15,0.15,0.1,0.15,0.1
5253,5253,Starcross,DEV,Devon,0.15,0.15,0.1,0.15,0.1
5254,5254,Startforth,DUR,Durham,0.15,0.15,0.1,0.15,0.1
5255,5255,Stathern,LEC,Leicestershire,0.15,0.15,0.1,0.15,0.1
5256,5256,Staveley,CMA,Cumbria,0.15,0.15,0.1,0.15,0.1
5257,5257,Staveley,DBY,Derbyshire,0.15,0.15,0.1,0.15,0.1
5258,5258,Staveley,NYK,North Yorkshire,0.15,0.15,0.1,0.15,0.1
5259,5259,Stebbing,ESS,Essex,0.15,0.15,0.1,0.15,0.1
5260,5260,Stedham,WSX,West Sussex,0.15,0.15,0.1,0.15,0.1
5261,5261,Steep,HAM,Hampshire,0.15,0.15,0.1,0.15,0.1
5262,5262,Steeple Ashton,WIL,Wiltshire,0.15,0.15,0.1,0.15,0.1
5263,5263,Steeple Aston,OXF,Oxfordshire,0.15,0.15,0.1,0.15,0.1
5264,5264,Steeple Bumpstead,ESS,Essex,0.15,0.15,0.1,0.15,0.1
5265,5265,Steeple Claydon,BKM,Buckinghamshire,0.15,0.15,0.1,0.15,0.1
5266,5266,Steeple Morden,CAM,Cambridgeshire,0.15,0.15,0.1,0.15,0.1
5267,5267,Steeton,,West Yorkshire,0.15,0.15,0.1,0.15,0.1
5268,5268,Stenhousemuir,FAL,Falkirk,0.15,0.15,0.1,0.15,0.1
5269,5269,Stepaside,PEM,Pembrokeshire,0.15,0.15,0.1,0.15,0.1
5270,5270,Steppingley,,Bedfordshire,0.15,0.15,0.1,0.15,0.1
5271,5271,Stepps,NLK,North Lanarkshire,0.15,0.15,0.1,0.15,0.1
5272,5272,Stevenage,HRT,Hertfordshire,0.15,0.15,0.1,0.15,0.1
5273,5273,Stevenston,NAY,North Ayrshire,0.15,0.15,0.1,0.15,0.1
5274,5274,Steventon,HAM,Hampshire,0.15,0.15,0.1,0.15,0.1
5275,5275,Steventon,OXF,Oxfordshire,0.15,0.15,0.1,0.15,0.1
5276,5276,Stevington,,Bedfordshire,0.15,0.15,0.1,0.15,0.1
5277,5277,Stewartby,,Bedfordshire,0.15,0.15,0.1,0.15,0.1
5278,5278,Stewarton,,Dumfries And Galloway,0.15,0.15,0.1,0.15,0.1
5279,5279,Stewarton,EAY,East Ayrshire,0.15,0.15,0.1,0.15,0.1
5280,5280,Stewkley,BKM,Buckinghamshire,0.15,0.15,0.1,0.15,0.1
5281,5281,Steyning,WSX,West Sussex,0.15,0.15,0.1,0.15,0.1
5282,5282,Steynton,PEM,Pembrokeshire,0.15,0.15,0.1,0.15,0.1
5283,5283,Stickney,LIN,Lincolnshire,0.15,0.15,0.1,0.15,0.1
5284,5284,Stillington,DUR,Durham,0.15,0.15,0.1,0.15,0.1
5285,5285,Stilton,CAM,Cambridgeshire,0.15,0.15,0.1,0.15,0.1
5286,5286,Stirling,ABD,Aberdeenshire,0.15,0.15,0.1,0.15,0.1
5287,5287,Stirling,STG,Stirling,0.15,0.15,0.1,0.15,0.1
5288,5288,Stithians,CON,Cornwall,0.15,0.15,0.1,0.15,0.1
5289,5289,Stock,ESS,Essex,0.15,0.15,0.1,0.15,0.1
5290,5290,Stockbridge,HAM,Hampshire,0.15,0.15,0.1,0.15,0.1
5291,5291,Stockbridge,STG,Stirling,0.15,0.15,0.1,0.15,0.1
5292,5292,Stockport,,Greater Manchester,0.15,0.15,0.1,0.15,0.1
5293,5293,Stocksfield,NBL,Northumberland,0.15,0.15,0.1,0.15,0.1
5294,5294,Stockton,SHR,Shropshire,0.15,0.15,0.1,0.15,0.1
5295,5295,Stockton,WIL,Wiltshire,0.15,0.15,0.1,0.15,0.1
5296,5296,Stockton,HEF,Herefordshire,0.15,0.15,0.1,0.15,0.1
5297,5297,Stockton,WAR,Warwickshire,0.15,0.15,0.1,0.15,0.1
5298,5298,Stockton,NFK,Norfolk,0.15,0.15,0.1,0.15,0.1
5299,5299,Stockton Heath,,Cheshire,0.15,0.15,0.1,0.15,0.1
5300,5300,Stockton on the Forest,NYK,North Yorkshire,0.15,0.15,0.1,0.15,0.1
5301,5301,Stockton-on-Tees,DUR,Durham,0.15,0.15,0.1,0.15,0.1
5302,5302,Stogursey,SOM,Somerset,0.15,0.15,0.1,0.15,0.1
5303,5303,Stoke,DEV,Devon,0.15,0.15,0.1,0.15,0.1
5304,5304,Stoke,HAM,Hampshire,0.15,0.15,0.1,0.15,0.1
5305,5305,Stoke,KEN,Kent,0.15,0.15,0.1,0.15,0.1
5306,5306,Stoke,,West Midlands,0.15,0.15,0.1,0.15,0.1
5307,5307,Stoke Canon,DEV,Devon,0.15,0.15,0.1,0.15,0.1
5308,5308,Stoke Ferry,NFK,Norfolk,0.15,0.15,0.1,0.15,0.1
5309,5309,Stoke Fleming,DEV,Devon,0.15,0.15,0.1,0.15,0.1
5310,5310,Stoke Gabriel,DEV,Devon,0.15,0.15,0.1,0.15,0.1
5311,5311,Stoke Golding,LEC,Leicestershire,0.15,0.15,0.1,0.15,0.1
5312,5312,Stoke Goldington,BKM,Buckinghamshire,0.15,0.15,0.1,0.15,0.1
5313,5313,Stoke Hammond,BKM,Buckinghamshire,0.15,0.15,0.1,0.15,0.1
5314,5314,Stoke Holy Cross,NFK,Norfolk,0.15,0.15,0.1,0.15,0.1
5315,5315,Stoke Poges,BKM,Buckinghamshire,0.15,0.15,0.1,0.15,0.1
5316,5316,Stoke Prior,HEF,Herefordshire,0.15,0.15,0.1,0.15,0.1
5317,5317,Stoke Prior,WOR,Worcestershire,0.15,0.15,0.1,0.15,0.1
5318,5318,Stoke St Michael,SOM,Somerset,0.15,0.15,0.1,0.15,0.1
5319,5319,Stoke by Clare,SFK,Suffolk,0.15,0.15,0.1,0.15,0.1
5320,5320,Stoke-on-Trent,STS,Staffordshire,0.15,0.15,0.1,0.15,0.1
5321,5321,Stokenchurch,BKM,Buckinghamshire,0.15,0.15,0.1,0.15,0.1
5322,5322,Stokesley,NYK,North Yorkshire,0.15,0.15,0.1,0.15,0.1
5323,5323,Stone,KEN,Kent,0.15,0.15,0.1,0.15,0.1
5324,5324,Stone,STS,Staffordshire,0.15,0.15,0.1,0.15,0.1
5325,5325,Stone,WOR,Worcestershire,0.15,0.15,0.1,0.15,0.1
5326,5326,Stone,BKM,Buckinghamshire,0.15,0.15,0.1,0.15,0.1
5327,5327,Stone,GLS,Gloucestershire,0.15,0.15,0.1,0.15,0.1
5328,5328,Stonehouse,NBL,Northumberland,0.15,0.15,0.1,0.15,0.1
5329,5329,Stonehouse,SLK,South Lanarkshire,0.15,0.15,0.1,0.15,0.1
5330,5330,Stonehouse,,Dumfries And Galloway,0.15,0.15,0.1,0.15,0.1
5331,5331,Stonehouse,GLS,Gloucestershire,0.15,0.15,0.1,0.15,0.1
5332,5332,Stonehouse,DEV,Devon,0.15,0.15,0.1,0.15,0.1
5333,5333,Stonesfield,OXF,Oxfordshire,0.15,0.15,0.1,0.15,0.1
5334,5334,Stoney Stanton,LEC,Leicestershire,0.15,0.15,0.1,0.15,0.1
5335,5335,Stoneyburn,WLN,West Lothian,0.15,0.15,0.1,0.15,0.1
5336,5336,Stony Stratford,BKM,Buckinghamshire,0.15,0.15,0.1,0.15,0.1
5337,5337,Stornoway,,Western Isles,0.15,0.15,0.1,0.15,0.1
5338,5338,Storrington,WSX,West Sussex,0.15,0.15,0.1,0.15,0.1
5339,5339,Stotfold,,Bedfordshire,0.15,0.15,0.1,0.15,0.1
5340,5340,Stourbridge,,West Midlands,0.15,0.15,0.1,0.15,0.1
5341,5341,Stourpaine,DOR,Dorset,0.15,0.15,0.1,0.15,0.1
5342,5342,Stourport-on-Severn,WOR,Worcestershire,0.15,0.15,0.1,0.15,0.1
5343,5343,Stow,LIN,Lincolnshire,0.15,0.15,0.1,0.15,0.1
5344,5344,Stow,SCB,Scottish Borders,0.15,0.15,0.1,0.15,0.1
5345,5345,Stow cum Quy,CAM,Cambridgeshire,0.15,0.15,0.1,0.15,0.1
5346,5346,Stowmarket,SFK,Suffolk,0.15,0.15,0.1,0.15,0.1
5347,5347,Stradbroke,SFK,Suffolk,0.15,0.15,0.1,0.15,0.1
5348,5348,Stranraer,,Dumfries And Galloway,0.15,0.15,0.1,0.15,0.1
5349,5349,Stratfield Mortimer,,Berkshire,0.15,0.15,0.1,0.15,0.1
5350,5350,Stratford-upon-Avon,WAR,Warwickshire,0.15,0.15,0.1,0.15,0.1
5351,5351,Strathaven,SLK,South Lanarkshire,0.15,0.15,0.1,0.15,0.1
5352,5352,Strathblane,STG,Stirling,0.15,0.15,0.1,0.15,0.1
5353,5353,Strathkinness,FIF,Fife,0.15,0.15,0.1,0.15,0.1
5354,5354,Strathmiglo,FIF,Fife,0.15,0.15,0.1,0.15,0.1
5355,5355,Strathpeffer,HLD,Highland,0.15,0.15,0.1,0.15,0.1
5356,5356,Stratton,CON,Cornwall,0.15,0.15,0.1,0.15,0.1
5357,5357,Stratton,DOR,Dorset,0.15,0.15,0.1,0.15,0.1
5358,5358,Stratton,GLS,Gloucestershire,0.15,0.15,0.1,0.15,0.1
5359,5359,Stratton-on-the-Fosse,SOM,Somerset,0.15,0.15,0.1,0.15,0.1
5360,5360,Streatley,,Berkshire,0.15,0.15,0.1,0.15,0.1
5361,5361,Streatley,,Bedfordshire,0.15,0.15,0.1,0.15,0.1
5362,5362,Street,LAN,Lancashire,0.15,0.15,0.1,0.15,0.1
5363,5363,Street,SOM,Somerset,0.15,0.15,0.1,0.15,0.1
5364,5364,Street,NYK,North Yorkshire,0.15,0.15,0.1,0.15,0.1
5365,5365,Streetly,,West Midlands,0.15,0.15,0.1,0.15,0.1
5366,5366,Strensall,NYK,North Yorkshire,0.15,0.15,0.1,0.15,0.1
5367,5367,Stretford,,Greater Manchester,0.15,0.15,0.1,0.15,0.1
5368,5368,Stretham,CAM,Cambridgeshire,0.15,0.15,0.1,0.15,0.1
5369,5369,Stretton,,Cheshire,0.15,0.15,0.1,0.15,0.1
5370,5370,Stretton,DBY,Derbyshire,0.15,0.15,0.1,0.15,0.1
5371,5371,Stretton,STS,Staffordshire,0.15,0.15,0.1,0.15,0.1
5372,5372,Stretton,RUT,Rutland,0.15,0.15,0.1,0.15,0.1
5373,5373,Strichen,ABD,Aberdeenshire,0.15,0.15,0.1,0.15,0.1
5374,5374,Stromness,,Orkney Islands,0.15,0.15,0.1,0.15,0.1
5375,5375,Strone,AGB,Argyll And Bute,0.15,0.15,0.1,0.15,0.1
5376,5376,Strone,HLD,Highland,0.15,0.15,0.1,0.15,0.1
5377,5377,Strone,STG,Stirling,0.15,0.15,0.1,0.15,0.1
5378,5378,Strood,KEN,Kent,0.15,0.15,0.1,0.15,0.1
5379,5379,Stroud,HAM,Hampshire,0.15,0.15,0.1,0.15,0.1
5380,5380,Stroud,GLS,Gloucestershire,0.15,0.15,0.1,0.15,0.1
5381,5381,Stuartfield,ABD,Aberdeenshire,0.15,0.15,0.1,0.15,0.1
5382,5382,Studley,WIL,Wiltshire,0.15,0.15,0.1,0.15,0.1
5383,5383,Studley,WAR,Warwickshire,0.15,0.15,0.1,0.15,0.1
5384,5384,Sturminster Marshall,DOR,Dorset,0.15,0.15,0.1,0.15,0.1
5385,5385,Sturminster Newton,DOR,Dorset,0.15,0.15,0.1,0.15,0.1
5386,5386,Sturry,KEN,Kent,0.15,0.15,0.1,0.15,0.1
5387,5387,Stutton,SFK,Suffolk,0.15,0.15,0.1,0.15,0.1
5388,5388,Stutton,NYK,North Yorkshire,0.15,0.15,0.1,0.15,0.1
5389,5389,Sudbrooke,LIN,Lincolnshire,0.15,0.15,0.1,0.15,0.1
5390,5390,Sudbury,LND,Greater London,0.15,0.15,0.1,0.15,0.1
5391,5391,Sudbury,SFK,Suffolk,0.15,0.15,0.1,0.15,0.1
5392,5392,Sudbury,STS,Staffordshire,0.15,0.15,0.1,0.15,0.1
5393,5393,Sunderland,CMA,Cumbria,0.15,0.15,0.1,0.15,0.1
5394,5394,Sunderland,,Tyne And Wear,0.15,0.15,0.1,0.15,0.1
5395,5395,Sundridge,KEN,Kent,0.15,0.15,0.1,0.15,0.1
5396,5396,Sunk Island,ERY,East Riding Of Yorkshire,0.15,0.15,0.1,0.15,0.1
5397,5397,Sunningdale,,Berkshire,0.15,0.15,0.1,0.15,0.1
5398,5398,Surbiton,LND,Greater London,0.15,0.15,0.1,0.15,0.1
5399,5399,Surlingham,NFK,Norfolk,0.15,0.15,0.1,0.15,0.1
5400,5400,Sutterton,LIN,Lincolnshire,0.15,0.15,0.1,0.15,0.1
5401,5401,Sutton,,Bedfordshire,0.15,0.15,0.1,0.15,0.1
5402,5402,Sutton,,South Yorkshire,0.15,0.15,0.1,0.15,0.1
5403,5403,Sutton,NTT,Nottinghamshire,0.15,0.15,0.1,0.15,0.1
5404,5404,Sutton,NFK,Norfolk,0.15,0.15,0.1,0.15,0.1
5405,5405,Sutton,LIN,Lincolnshire,0.15,0.15,0.1,0.15,0.1
5406,5406,Sutton,KEN,Kent,0.15,0.15,0.1,0.15,0.1
5407,5407,Sutton,CAM,Cambridgeshire,0.15,0.15,0.1,0.15,0.1
5408,5408,Sutton,PEM,Pembrokeshire,0.15,0.15,0.1,0.15,0.1
5409,5409,Sutton,LND,Greater London,0.15,0.15,0.1,0.15,0.1
5410,5410,Sutton,WSX,West Sussex,0.15,0.15,0.1,0.15,0.1
5411,5411,Sutton,WAR,Warwickshire,0.15,0.15,0.1,0.15,0.1
5412,5412,Sutton,SRY,Surrey,0.15,0.15,0.1,0.15,0.1
5413,5413,Sutton,SFK,Suffolk,0.15,0.15,0.1,0.15,0.1
5414,5414,Sutton,SHR,Shropshire,0.15,0.15,0.1,0.15,0.1
5415,5415,Sutton Benger,WIL,Wiltshire,0.15,0.15,0.1,0.15,0.1
5416,5416,Sutton Bonington,NTT,Nottinghamshire,0.15,0.15,0.1,0.15,0.1
5417,5417,Sutton Bridge,LIN,Lincolnshire,0.15,0.15,0.1,0.15,0.1
5418,5418,Sutton Coldfield,,West Midlands,0.15,0.15,0.1,0.15,0.1
5419,5419,Sutton Courtenay,OXF,Oxfordshire,0.15,0.15,0.1,0.15,0.1
5420,5420,Sutton Scotney,HAM,Hampshire,0.15,0.15,0.1,0.15,0.1
5421,5421,Sutton Veny,WIL,Wiltshire,0.15,0.15,0.1,0.15,0.1
5422,5422,Sutton in Ashfield,NTT,Nottinghamshire,0.15,0.15,0.1,0.15,0.1
5423,5423,Sutton on Trent,NTT,Nottinghamshire,0.15,0.15,0.1,0.15,0.1
5424,5424,Swadlincote,DBY,Derbyshire,0.15,0.15,0.1,0.15,0.1
5425,5425,Swaffham,NFK,Norfolk,0.15,0.15,0.1,0.15,0.1
5426,5426,Swaffham Bulbeck,CAM,Cambridgeshire,0.15,0.15,0.1,0.15,0.1
5427,5427,Swaffham Prior,CAM,Cambridgeshire,0.15,0.15,0.1,0.15,0.1
5428,5428,Swainby,NYK,North Yorkshire,0.15,0.15,0.1,0.15,0.1
5429,5429,Swallowfield,,Berkshire,0.15,0.15,0.1,0.15,0.1
5430,5430,Swanage,DOR,Dorset,0.15,0.15,0.1,0.15,0.1
5431,5431,Swanley,KEN,Kent,0.15,0.15,0.1,0.15,0.1
5432,5432,Swanmore,HAM,Hampshire,0.15,0.15,0.1,0.15,0.1
5433,5433,Swanscombe,KEN,Kent,0.15,0.15,0.1,0.15,0.1
5434,5434,Swansea,SWA,Swansea,0.15,0.15,0.1,0.15,0.1
5435,5435,Swardeston,NFK,Norfolk,0.15,0.15,0.1,0.15,0.1
5436,5436,Swarland,NBL,Northumberland,0.15,0.15,0.1,0.15,0.1
5437,5437,Swavesey,CAM,Cambridgeshire,0.15,0.15,0.1,0.15,0.1
5438,5438,Sway,HAM,Hampshire,0.15,0.15,0.1,0.15,0.1
5439,5439,Swillington,,West Yorkshire,0.15,0.15,0.1,0.15,0.1
5440,5440,Swimbridge,DEV,Devon,0.15,0.15,0.1,0.15,0.1
5441,5441,Swindon,GLS,Gloucestershire,0.15,0.15,0.1,0.15,0.1
5442,5442,Swindon,STS,Staffordshire,0.15,0.15,0.1,0.15,0.1
5443,5443,Swindon,WIL,Wiltshire,0.15,0.15,0.1,0.15,0.1
5444,5444,Swinefleet,ERY,East Riding Of Yorkshire,0.15,0.15,0.1,0.15,0.1
5445,5445,Swineshead,LIN,Lincolnshire,0.15,0.15,0.1,0.15,0.1
5446,5446,Swineshead,,Bedfordshire,0.15,0.15,0.1,0.15,0.1
5447,5447,Swinford,LEC,Leicestershire,0.15,0.15,0.1,0.15,0.1
5448,5448,Swinton,NYK,North Yorkshire,0.15,0.15,0.1,0.15,0.1
5449,5449,Swinton,,South Yorkshire,0.15,0.15,0.1,0.15,0.1
5450,5450,Swinton,,Greater Manchester,0.15,0.15,0.1,0.15,0.1
5451,5451,Swinton,SCB,Scottish Borders,0.15,0.15,0.1,0.15,0.1
5452,5452,Symbister,ZET,Shetland Islands,0.15,0.15,0.1,0.15,0.1
5453,5453,Symington,SAY,South Ayrshire,0.15,0.15,0.1,0.15,0.1
5454,5454,Symington,SLK,South Lanarkshire,0.15,0.15,0.1,0.15,0.1
5455,5455,Syresham,NTH,Northamptonshire,0.15,0.15,0.1,0.15,0.1
5456,5456,Syston,LEC,Leicestershire,0.15,0.15,0.1,0.15,0.1
5457,5457,Syston,LIN,Lincolnshire,0.15,0.15,0.1,0.15,0.1
5458,5458,Sywell,NTH,Northamptonshire,0.15,0.15,0.1,0.15,0.1
5459,5459,Tackley,OXF,Oxfordshire,0.15,0.15,0.1,0.15,0.1
5460,5460,Tadcaster,NYK,North Yorkshire,0.15,0.15,0.1,0.15,0.1
5461,5461,Tadley,HAM,Hampshire,0.15,0.15,0.1,0.15,0.1
5462,5462,Tadmarton,OXF,Oxfordshire,0.15,0.15,0.1,0.15,0.1
5463,5463,Tadworth,SRY,Surrey,0.15,0.15,0.1,0.15,0.1
5464,5464,Taibach,NTL,Neath Port Talbot,0.15,0.15,0.1,0.15,0.1
5465,5465,Tain,HLD,Highland,0.15,0.15,0.1,0.15,0.1
5466,5466,Takeley,ESS,Essex,0.15,0.15,0.1,0.15,0.1
5467,5467,Tal-y-bont,CWY,Conwy,0.15,0.15,0.1,0.15,0.1
5468,5468,Tal-y-bont,GWN,Gwynedd,0.15,0.15,0.1,0.15,0.1
5469,5469,Talgarth,POW,Powys,0.15,0.15,0.1,0.15,0.1
5470,5470,Talysarn,GWN,Gwynedd,0.15,0.15,0.1,0.15,0.1
5471,5471,Tamworth,STS,Staffordshire,0.15,0.15,0.1,0.15,0.1
5472,5472,Tandragee,ARM,County Armagh,0.15,0.15,0.1,0.15,0.1
5473,5473,Tanfield,DUR,Durham,0.15,0.15,0.1,0.15,0.1
5474,5474,Tangmere,WSX,West Sussex,0.15,0.15,0.1,0.15,0.1
5475,5475,Tansley,DBY,Derbyshire,0.15,0.15,0.1,0.15,0.1
5476,5476,Tarbert,AGB,Argyll And Bute,0.15,0.15,0.1,0.15,0.1
5477,5477,Tarbert,HLD,Highland,0.15,0.15,0.1,0.15,0.1
5478,5478,Tarbert,,Western Isles,0.15,0.15,0.1,0.15,0.1
5479,5479,Tarbolton,SAY,South Ayrshire,0.15,0.15,0.1,0.15,0.1
5480,5480,Tarland,ABD,Aberdeenshire,0.15,0.15,0.1,0.15,0.1
5481,5481,Tarleton,LAN,Lancashire,0.15,0.15,0.1,0.15,0.1
5482,5482,Tarporley,,Cheshire,0.15,0.15,0.1,0.15,0.1
5483,5483,Tarves,ABD,Aberdeenshire,0.15,0.15,0.1,0.15,0.1
5484,5484,Tarvin,,Cheshire,0.15,0.15,0.1,0.15,0.1
5485,5485,Tattenhall,,Cheshire,0.15,0.15,0.1,0.15,0.1
5486,5486,Taunton,SOM,Somerset,0.15,0.15,0.1,0.15,0.1
5487,5487,Tavistock,DEV,Devon,0.15,0.15,0.1,0.15,0.1
5488,5488,Tayport,FIF,Fife,0.15,0.15,0.1,0.15,0.1
5489,5489,Teddington,LND,Greater London,0.15,0.15,0.1,0.15,0.1
5490,5490,Teddington,GLS,Gloucestershire,0.15,0.15,0.1,0.15,0.1
5491,5491,Teignmouth,DEV,Devon,0.15,0.15,0.1,0.15,0.1
5492,5492,Telford,SHR,Shropshire,0.15,0.15,0.1,0.15,0.1
5493,5493,Temple Sowerby,CMA,Cumbria,0.15,0.15,0.1,0.15,0.1
5494,5494,Templecombe,SOM,Somerset,0.15,0.15,0.1,0.15,0.1
5495,5495,Templepatrick,ANT,County Antrim,0.15,0.15,0.1,0.15,0.1
5496,5496,Templeton,DEV,Devon,0.15,0.15,0.1,0.15,0.1
5497,5497,Templeton,PEM,Pembrokeshire,0.15,0.15,0.1,0.15,0.1
5498,5498,Tempsford,,Bedfordshire,0.15,0.15,0.1,0.15,0.1
5499,5499,Tenbury Wells,WOR,Worcestershire,0.15,0.15,0.1,0.15,0.1
5500,5500,Tenby,PEM,Pembrokeshire,0.15,0.15,0.1,0.15,0.1
5501,5501,Tenterden,KEN,Kent,0.15,0.15,0.1,0.15,0.1
5502,5502,Terrington St Clement,NFK,Norfolk,0.15,0.15,0.1,0.15,0.1
5503,5503,Tetbury,GLS,Gloucestershire,0.15,0.15,0.1,0.15,0.1
5504,5504,Tetney,LIN,Lincolnshire,0.15,0.15,0.1,0.15,0.1
5505,5505,Tetsworth,OXF,Oxfordshire,0.15,0.15,0.1,0.15,0.1
5506,5506,Tewin,HRT,Hertfordshire,0.15,0.15,0.1,0.15,0.1
5507,5507,Tewkesbury,GLS,Gloucestershire,0.15,0.15,0.1,0.15,0.1
5508,5508,Teynham,KEN,Kent,0.15,0.15,0.1,0.15,0.1
5509,5509,Thame,OXF,Oxfordshire,0.15,0.15,0.1,0.15,0.1
5510,5510,Thames Ditton,SRY,Surrey,0.15,0.15,0.1,0.15,0.1
5511,5511,Thankerton,SLK,South Lanarkshire,0.15,0.15,0.1,0.15,0.1
5512,5512,Thatcham,,Berkshire,0.15,0.15,0.1,0.15,0.1
5513,5513,Thaxted,ESS,Essex,0.15,0.15,0.1,0.15,0.1
5514,5514,Theale,SOM,Somerset,0.15,0.15,0.1,0.15,0.1
5515,5515,Theale,,Berkshire,0.15,0.15,0.1,0.15,0.1
5516,5516,Thetford,NFK,Norfolk,0.15,0.15,0.1,0.15,0.1
5517,5517,Theydon Bois,ESS,Essex,0.15,0.15,0.1,0.15,0.1
5518,5518,Thimbleby,LIN,Lincolnshire,0.15,0.15,0.1,0.15,0.1
5519,5519,Thimbleby,NYK,North Yorkshire,0.15,0.15,0.1,0.15,0.1
5520,5520,Thirsk,NYK,North Yorkshire,0.15,0.15,0.1,0.15,0.1
5521,5521,Thixendale,NYK,North Yorkshire,0.15,0.15,0.1,0.15,0.1
5522,5522,Thornaby-on-Tees,NYK,North Yorkshire,0.15,0.15,0.1,0.15,0.1
5523,5523,Thornborough,BKM,Buckinghamshire,0.15,0.15,0.1,0.15,0.1
5524,5524,Thornborough,NYK,North Yorkshire,0.15,0.15,0.1,0.15,0.1
5525,5525,Thornbury,HEF,Herefordshire,0.15,0.15,0.1,0.15,0.1
5526,5526,Thornbury,DEV,Devon,0.15,0.15,0.1,0.15,0.1
5527,5527,Thorndon,SFK,Suffolk,0.15,0.15,0.1,0.15,0.1
5528,5528,Thorne,,South Yorkshire,0.15,0.15,0.1,0.15,0.1
5529,5529,Thorner,,West Yorkshire,0.15,0.15,0.1,0.15,0.1
5530,5530,Thorney,BKM,Buckinghamshire,0.15,0.15,0.1,0.15,0.1
5531,5531,Thorney,CAM,Cambridgeshire,0.15,0.15,0.1,0.15,0.1
5532,5532,Thorney,NTT,Nottinghamshire,0.15,0.15,0.1,0.15,0.1
5533,5533,Thorney,SOM,Somerset,0.15,0.15,0.1,0.15,0.1
5534,5534,Thorngumbald,ERY,East Riding Of Yorkshire,0.15,0.15,0.1,0.15,0.1
5535,5535,Thornhaugh,CAM,Cambridgeshire,0.15,0.15,0.1,0.15,0.1
5536,5536,Thornhill,HAM,Hampshire,0.15,0.15,0.1,0.15,0.1
5537,5537,Thornhill,,West Yorkshire,0.15,0.15,0.1,0.15,0.1
5538,5538,Thornhill,,Dumfries And Galloway,0.15,0.15,0.1,0.15,0.1
5539,5539,Thornhill,STG,Stirling,0.15,0.15,0.1,0.15,0.1
5540,5540,Thornhill,CRF,Cardiff,0.15,0.15,0.1,0.15,0.1
5541,5541,Thornley,DUR,Durham,0.15,0.15,0.1,0.15,0.1
5542,5542,Thornliebank,ERW,East Renfrewshire,0.15,0.15,0.1,0.15,0.1
5543,5543,Thornton,LEC,Leicestershire,0.15,0.15,0.1,0.15,0.1
5544,5544,Thornton,LIN,Lincolnshire,0.15,0.15,0.1,0.15,0.1
5545,5545,Thornton,NYK,North Yorkshire,0.15,0.15,0.1,0.15,0.1
5546,5546,Thornton,LAN,Lancashire,0.15,0.15,0.1,0.15,0.1
5547,5547,Thornton,,West Yorkshire,0.15,0.15,0.1,0.15,0.1
5548,5548,Thornton,,Merseyside,0.15,0.15,0.1,0.15,0.1
5549,5549,Thornton,ANS,Angus,0.15,0.15,0.1,0.15,0.1
5550,5550,Thornton,FIF,Fife,0.15,0.15,0.1,0.15,0.1
5551,5551,Thornton,PKN,Perth And Kinross,0.15,0.15,0.1,0.15,0.1
5552,5552,Thornton,PEM,Pembrokeshire,0.15,0.15,0.1,0.15,0.1
5553,5553,Thornton,BKM,Buckinghamshire,0.15,0.15,0.1,0.15,0.1
5554,5554,Thornton,NBL,Northumberland,0.15,0.15,0.1,0.15,0.1
5555,5555,Thorntonhall,SLK,South Lanarkshire,0.15,0.15,0.1,0.15,0.1
5556,5556,Thorp Arch,,West Yorkshire,0.15,0.15,0.1,0.15,0.1
5557,5557,Thorpe Bassett,NYK,North Yorkshire,0.15,0.15,0.1,0.15,0.1
5558,5558,Thorverton,DEV,Devon,0.15,0.15,0.1,0.15,0.1
5559,5559,Thrapston,NTH,Northamptonshire,0.15,0.15,0.1,0.15,0.1
5560,5560,Three Crosses,SWA,Swansea,0.15,0.15,0.1,0.15,0.1
5561,5561,Three Legged Cross,DOR,Dorset,0.15,0.15,0.1,0.15,0.1
5562,5562,Thrussington,LEC,Leicestershire,0.15,0.15,0.1,0.15,0.1
5563,5563,Thruxton,HEF,Herefordshire,0.15,0.15,0.1,0.15,0.1
5564,5564,Thruxton,HAM,Hampshire,0.15,0.15,0.1,0.15,0.1
5565,5565,Thundridge,HRT,Hertfordshire,0.15,0.15,0.1,0.15,0.1
5566,5566,Thurcaston,LEC,Leicestershire,0.15,0.15,0.1,0.15,0.1
5567,5567,Thurlby,LIN,Lincolnshire,0.15,0.15,0.1,0.15,0.1
5568,5568,Thurleigh,,Bedfordshire,0.15,0.15,0.1,0.15,0.1
5569,5569,Thurlestone,DEV,Devon,0.15,0.15,0.1,0.15,0.1
5570,5570,Thurlton,NFK,Norfolk,0.15,0.15,0.1,0.15,0.1
5571,5571,Thursby,CMA,Cumbria,0.15,0.15,0.1,0.15,0.1
5572,5572,Thurso,HLD,Highland,0.15,0.15,0.1,0.15,0.1
5573,5573,Thurston,SFK,Suffolk,0.15,0.15,0.1,0.15,0.1
5574,5574,Thurton,NFK,Norfolk,0.15,0.15,0.1,0.15,0.1
5575,5575,Thwing,ERY,East Riding Of Yorkshire,0.15,0.15,0.1,0.15,0.1
5576,5576,Tibberton,SHR,Shropshire,0.15,0.15,0.1,0.15,0.1
5577,5577,Tibberton,WOR,Worcestershire,0.15,0.15,0.1,0.15,0.1
5578,5578,Tibberton,GLS,Gloucestershire,0.15,0.15,0.1,0.15,0.1
5579,5579,Tibshelf,DBY,Derbyshire,0.15,0.15,0.1,0.15,0.1
5580,5580,Ticehurst,ESX,East Sussex,0.15,0.15,0.1,0.15,0.1
5581,5581,Tickencote,RUT,Rutland,0.15,0.15,0.1,0.15,0.1
5582,5582,Tickenham,SOM,Somerset,0.15,0.15,0.1,0.15,0.1
5583,5583,Tickhill,,South Yorkshire,0.15,0.15,0.1,0.15,0.1
5584,5584,Ticknall,DBY,Derbyshire,0.15,0.15,0.1,0.15,0.1
5585,5585,Tickton,ERY,East Riding Of Yorkshire,0.15,0.15,0.1,0.15,0.1
5586,5586,Tideswell,DBY,Derbyshire,0.15,0.15,0.1,0.15,0.1
5587,5587,Tighnabruaich,AGB,Argyll And Bute,0.15,0.15,0.1,0.15,0.1
5588,5588,Tilbury,ESS,Essex,0.15,0.15,0.1,0.15,0.1
5589,5589,Tilehurst,,Berkshire,0.15,0.15,0.1,0.15,0.1
5590,5590,Tillicoultry,CLK,Clackmannanshire,0.15,0.15,0.1,0.15,0.1
5591,5591,Tillingham,ESS,Essex,0.15,0.15,0.1,0.15,0.1
5592,5592,Tilstock,SHR,Shropshire,0.15,0.15,0.1,0.15,0.1
5593,5593,Tilston,,Cheshire,0.15,0.15,0.1,0.15,0.1
5594,5594,Timberland,LIN,Lincolnshire,0.15,0.15,0.1,0.15,0.1
5595,5595,Timperley,,Greater Manchester,0.15,0.15,0.1,0.15,0.1
5596,5596,Timsbury,HAM,Hampshire,0.15,0.15,0.1,0.15,0.1
5597,5597,Timsbury,SOM,Somerset,0.15,0.15,0.1,0.15,0.1
5598,5598,Tingewick,BKM,Buckinghamshire,0.15,0.15,0.1,0.15,0.1
5599,5599,Tintagel,CON,Cornwall,0.15,0.15,0.1,0.15,0.1
5600,5600,Tintinhull,SOM,Somerset,0.15,0.15,0.1,0.15,0.1
5601,5601,Tinwell,RUT,Rutland,0.15,0.15,0.1,0.15,0.1
5602,5602,Tipton,,West Midlands,0.15,0.15,0.1,0.15,0.1
5603,5603,Tiptree,ESS,Essex,0.15,0.15,0.1,0.15,0.1
5604,5604,Tisbury,WIL,Wiltshire,0.15,0.15,0.1,0.15,0.1
5605,5605,Titchmarsh,NTH,Northamptonshire,0.15,0.15,0.1,0.15,0.1
5606,5606,Tiverton,DEV,Devon,0.15,0.15,0.1,0.15,0.1
5607,5607,Tiverton,,Cheshire,0.15,0.15,0.1,0.15,0.1
5608,5608,Tobermory,AGB,Argyll And Bute,0.15,0.15,0.1,0.15,0.1
5609,5609,Toddington,WSX,West Sussex,0.15,0.15,0.1,0.15,0.1
5610,5610,Toddington,GLS,Gloucestershire,0.15,0.15,0.1,0.15,0.1
5611,5611,Toddington,,Bedfordshire,0.15,0.15,0.1,0.15,0.1
5612,5612,Todmorden,,West Yorkshire,0.15,0.15,0.1,0.15,0.1
5613,5613,Toft,CAM,Cambridgeshire,0.15,0.15,0.1,0.15,0.1
5614,5614,Toft,LIN,Lincolnshire,0.15,0.15,0.1,0.15,0.1
5615,5615,Toft,ZET,Shetland Islands,0.15,0.15,0.1,0.15,0.1
5616,5616,Tollesbury,ESS,Essex,0.15,0.15,0.1,0.15,0.1
5617,5617,Tolleshunt Knights,ESS,Essex,0.15,0.15,0.1,0.15,0.1
5618,5618,Tonbridge,KEN,Kent,0.15,0.15,0.1,0.15,0.1
5619,5619,Tong,SHR,Shropshire,0.15,0.15,0.1,0.15,0.1
5620,5620,Tonypandy,RCT,Rhondda Cynon Taff,0.15,0.15,0.1,0.15,0.1
5621,5621,Tonyrefail,RCT,Rhondda Cynon Taff,0.15,0.15,0.1,0.15,0.1
5622,5622,Topsham,DEV,Devon,0.15,0.15,0.1,0.15,0.1
5623,5623,Torphichen,WLN,West Lothian,0.15,0.15,0.1,0.15,0.1
5624,5624,Torphins,ABD,Aberdeenshire,0.15,0.15,0.1,0.15,0.1
5625,5625,Torpoint,CON,Cornwall,0.15,0.15,0.1,0.15,0.1
5626,5626,Torquay,DEV,Devon,0.15,0.15,0.1,0.15,0.1
5627,5627,Torrance,EDU,East Dunbartonshire,0.15,0.15,0.1,0.15,0.1
5628,5628,Totland,IOW,Isle Of Wight,0.15,0.15,0.1,0.15,0.1
5629,5629,Totnes,DEV,Devon,0.15,0.15,0.1,0.15,0.1
5630,5630,Totternhoe,,Bedfordshire,0.15,0.15,0.1,0.15,0.1
5631,5631,Tottington,,Greater Manchester,0.15,0.15,0.1,0.15,0.1
5632,5632,Totton,HAM,Hampshire,0.15,0.15,0.1,0.15,0.1
5633,5633,Tow Law,DUR,Durham,0.15,0.15,0.1,0.15,0.1
5634,5634,Towcester,NTH,Northamptonshire,0.15,0.15,0.1,0.15,0.1
5635,5635,Town Row,ESX,East Sussex,0.15,0.15,0.1,0.15,0.1
5636,5636,Town Yetholm,SCB,Scottish Borders,0.15,0.15,0.1,0.15,0.1
5637,5637,Townhill,FIF,Fife,0.15,0.15,0.1,0.15,0.1
5638,5638,Trafford Park,,Greater Manchester,0.15,0.15,0.1,0.15,0.1
5639,5639,Tranent,ELN,East Lothian,0.15,0.15,0.1,0.15,0.1
5640,5640,Trawsfynydd,GWN,Gwynedd,0.15,0.15,0.1,0.15,0.1
5641,5641,Treeton,,South Yorkshire,0.15,0.15,0.1,0.15,0.1
5642,5642,Trefnant,DEN,Denbighshire,0.15,0.15,0.1,0.15,0.1
5643,5643,Trefonen,SHR,Shropshire,0.15,0.15,0.1,0.15,0.1
5644,5644,Trefriw,CWY,Conwy,0.15,0.15,0.1,0.15,0.1
5645,5645,Tregaron,CGN,Ceredigion,0.15,0.15,0.1,0.15,0.1
5646,5646,Tregarth,GWN,Gwynedd,0.15,0.15,0.1,0.15,0.1
5647,5647,Tregynon,POW,Powys,0.15,0.15,0.1,0.15,0.1
5648,5648,Treharris,MTY,Merthyr Tydfil,0.15,0.15,0.1,0.15,0.1
5649,5649,Treherbert,RCT,Rhondda Cynon Taff,0.15,0.15,0.1,0.15,0.1
5650,5650,Trelech,CMN,Carmarthenshire,0.15,0.15,0.1,0.15,0.1
5651,5651,Treuddyn,FLN,Flintshire,0.15,0.15,0.1,0.15,0.1
5652,5652,Trewen,CON,Cornwall,0.15,0.15,0.1,0.15,0.1
5653,5653,Trimdon,DUR,Durham,0.15,0.15,0.1,0.15,0.1
5654,5654,Trimdon Grange,DUR,Durham,0.15,0.15,0.1,0.15,0.1
5655,5655,Trimsaran,CMN,Carmarthenshire,0.15,0.15,0.1,0.15,0.1
5656,5656,Tring,HRT,Hertfordshire,0.15,0.15,0.1,0.15,0.1
5657,5657,Troon,SAY,South Ayrshire,0.15,0.15,0.1,0.15,0.1
5658,5658,Troon,CON,Cornwall,0.15,0.15,0.1,0.15,0.1
5659,5659,Trowbridge,WIL,Wiltshire,0.15,0.15,0.1,0.15,0.1
5660,5660,Trunch,NFK,Norfolk,0.15,0.15,0.1,0.15,0.1
5661,5661,Truro,CON,Cornwall,0.15,0.15,0.1,0.15,0.1
5662,5662,Tullibody,CLK,Clackmannanshire,0.15,0.15,0.1,0.15,0.1
5663,5663,Tumble,CMN,Carmarthenshire,0.15,0.15,0.1,0.15,0.1
5664,5664,Tunstall,NYK,North Yorkshire,0.15,0.15,0.1,0.15,0.1
5665,5665,Tunstall,LAN,Lancashire,0.15,0.15,0.1,0.15,0.1
5666,5666,Tunstall,NFK,Norfolk,0.15,0.15,0.1,0.15,0.1
5667,5667,Tunstall,SFK,Suffolk,0.15,0.15,0.1,0.15,0.1
5668,5668,Tunstall,STS,Staffordshire,0.15,0.15,0.1,0.15,0.1
5669,5669,Tunstall,ERY,East Riding Of Yorkshire,0.15,0.15,0.1,0.15,0.1
5670,5670,Tunstall,KEN,Kent,0.15,0.15,0.1,0.15,0.1
5671,5671,Turnastone,HEF,Herefordshire,0.15,0.15,0.1,0.15,0.1
5672,5672,Turners Hill,WSX,West Sussex,0.15,0.15,0.1,0.15,0.1
5673,5673,Turriff,ABD,Aberdeenshire,0.15,0.15,0.1,0.15,0.1
5674,5674,Turvey,,Bedfordshire,0.15,0.15,0.1,0.15,0.1
5675,5675,Tuxford,NTT,Nottinghamshire,0.15,0.15,0.1,0.15,0.1
5676,5676,Twechar,EDU,East Dunbartonshire,0.15,0.15,0.1,0.15,0.1
5677,5677,Twickenham,LND,Greater London,0.15,0.15,0.1,0.15,0.1
5678,5678,Twigworth,GLS,Gloucestershire,0.15,0.15,0.1,0.15,0.1
5679,5679,Twyford,NTH,Northamptonshire,0.15,0.15,0.1,0.15,0.1
5680,5680,Twyford,,Berkshire,0.15,0.15,0.1,0.15,0.1
5681,5681,Twyford,LEC,Leicestershire,0.15,0.15,0.1,0.15,0.1
5682,5682,Twyford,NFK,Norfolk,0.15,0.15,0.1,0.15,0.1
5683,5683,Twyford,DOR,Dorset,0.15,0.15,0.1,0.15,0.1
5684,5684,Twyford,HAM,Hampshire,0.15,0.15,0.1,0.15,0.1
5685,5685,Twyford,DBY,Derbyshire,0.15,0.15,0.1,0.15,0.1
5686,5686,Twyford,BKM,Buckinghamshire,0.15,0.15,0.1,0.15,0.1
5687,5687,Tyberton,HEF,Herefordshire,0.15,0.15,0.1,0.15,0.1
5688,5688,Tycroes,CMN,Carmarthenshire,0.15,0.15,0.1,0.15,0.1
5689,5689,Tycroes,GWN,Gwynedd,0.15,0.15,0.1,0.15,0.1
5690,5690,Tyldesley,,Greater Manchester,0.15,0.15,0.1,0.15,0.1
5691,5691,Tynemouth,,Tyne And Wear,0.15,0.15,0.1,0.15,0.1
5692,5692,Tytherington,WIL,Wiltshire,0.15,0.15,0.1,0.15,0.1
5693,5693,Tytherington,GLS,Gloucestershire,0.15,0.15,0.1,0.15,0.1
5694,5694,Tytherington,SOM,Somerset,0.15,0.15,0.1,0.15,0.1
5695,5695,Tytherington,,Cheshire,0.15,0.15,0.1,0.15,0.1
5696,5696,Tywyn,GWN,Gwynedd,0.15,0.15,0.1,0.15,0.1
5697,5697,Uckfield,ESX,East Sussex,0.15,0.15,0.1,0.15,0.1
5698,5698,Uckington,GLS,Gloucestershire,0.15,0.15,0.1,0.15,0.1
5699,5699,Uddingston,SLK,South Lanarkshire,0.15,0.15,0.1,0.15,0.1
5700,5700,Uffculme,DEV,Devon,0.15,0.15,0.1,0.15,0.1
5701,5701,Ufford,SFK,Suffolk,0.15,0.15,0.1,0.15,0.1
5702,5702,Ufford,CAM,Cambridgeshire,0.15,0.15,0.1,0.15,0.1
5703,5703,Ulceby,LIN,Lincolnshire,0.15,0.15,0.1,0.15,0.1
5704,5704,Ulcombe,KEN,Kent,0.15,0.15,0.1,0.15,0.1
5705,5705,Uley,GLS,Gloucestershire,0.15,0.15,0.1,0.15,0.1
5706,5706,Ullapool,HLD,Highland,0.15,0.15,0.1,0.15,0.1
5707,5707,Ulleskelf,NYK,North Yorkshire,0.15,0.15,0.1,0.15,0.1
5708,5708,Ullesthorpe,LEC,Leicestershire,0.15,0.15,0.1,0.15,0.1
5709,5709,Ulrome,ERY,East Riding Of Yorkshire,0.15,0.15,0.1,0.15,0.1
5710,5710,Ulverston,CMA,Cumbria,0.15,0.15,0.1,0.15,0.1
5711,5711,Upchurch,KEN,Kent,0.15,0.15,0.1,0.15,0.1
5712,5712,Uplawmoor,ERW,East Renfrewshire,0.15,0.15,0.1,0.15,0.1
5713,5713,Upminster,LND,Greater London,0.15,0.15,0.1,0.15,0.1
5714,5714,Upper Basildon,,Berkshire,0.15,0.15,0.1,0.15,0.1
5715,5715,Upper Gravenhurst,,Bedfordshire,0.15,0.15,0.1,0.15,0.1
5716,5716,Upper Hartfield,ESX,East Sussex,0.15,0.15,0.1,0.15,0.1
5717,5717,Upper Heyford,OXF,Oxfordshire,0.15,0.15,0.1,0.15,0.1
5718,5718,Upper Langwith,DBY,Derbyshire,0.15,0.15,0.1,0.15,0.1
5719,5719,Upper Stoke,,West Midlands,0.15,0.15,0.1,0.15,0.1
5720,5720,Uppingham,RUT,Rutland,0.15,0.15,0.1,0.15,0.1
5721,5721,Upstreet,KEN,Kent,0.15,0.15,0.1,0.15,0.1
5722,5722,Upton,CON,Cornwall,0.15,0.15,0.1,0.15,0.1
5723,5723,Upton,DEV,Devon,0.15,0.15,0.1,0.15,0.1
5724,5724,Upton,LND,Greater London,0.15,0.15,0.1,0.15,0.1
5725,5725,Upton,,Berkshire,0.15,0.15,0.1,0.15,0.1
5726,5726,Upton,,Cheshire,0.15,0.15,0.1,0.15,0.1
5727,5727,Upton,,West Yorkshire,0.15,0.15,0.1,0.15,0.1
5728,5728,Upton,BKM,Buckinghamshire,0.15,0.15,0.1,0.15,0.1
5729,5729,Upton,SOM,Somerset,0.15,0.15,0.1,0.15,0.1
5730,5730,Upton,OXF,Oxfordshire,0.15,0.15,0.1,0.15,0.1
5731,5731,Upton,NTT,Nottinghamshire,0.15,0.15,0.1,0.15,0.1
5732,5732,Upton,,Merseyside,0.15,0.15,0.1,0.15,0.1
5733,5733,Upton,CAM,Cambridgeshire,0.15,0.15,0.1,0.15,0.1
5734,5734,Upton,HAM,Hampshire,0.15,0.15,0.1,0.15,0.1
5735,5735,Upton,NTH,Northamptonshire,0.15,0.15,0.1,0.15,0.1
5736,5736,Upton,LIN,Lincolnshire,0.15,0.15,0.1,0.15,0.1
5737,5737,Upton,NFK,Norfolk,0.15,0.15,0.1,0.15,0.1
5738,5738,Upton,DOR,Dorset,0.15,0.15,0.1,0.15,0.1
5739,5739,Upton Scudamore,WIL,Wiltshire,0.15,0.15,0.1,0.15,0.1
5740,5740,Upton upon Severn,WOR,Worcestershire,0.15,0.15,0.1,0.15,0.1
5741,5741,Upwell,NFK,Norfolk,0.15,0.15,0.1,0.15,0.1
5742,5742,Urchfont,WIL,Wiltshire,0.15,0.15,0.1,0.15,0.1
5743,5743,Urmston,,Greater Manchester,0.15,0.15,0.1,0.15,0.1
5744,5744,Ushaw Moor,DUR,Durham,0.15,0.15,0.1,0.15,0.1
5745,5745,Uttoxeter,STS,Staffordshire,0.15,0.15,0.1,0.15,0.1
5746,5746,Uxbridge,LND,Greater London,0.15,0.15,0.1,0.15,0.1
5747,5747,Valley,AGY,Isle Of Anglesey,0.15,0.15,0.1,0.15,0.1
5748,5748,Ventnor,IOW,Isle Of Wight,0.15,0.15,0.1,0.15,0.1
5749,5749,Vernham Dean,HAM,Hampshire,0.15,0.15,0.1,0.15,0.1
5750,5750,Verwood,DOR,Dorset,0.15,0.15,0.1,0.15,0.1
5751,5751,Victoria,LND,Greater London,0.15,0.15,0.1,0.15,0.1
5752,5752,Victoria,CON,Cornwall,0.15,0.15,0.1,0.15,0.1
5753,5753,Viewpark,NLK,North Lanarkshire,0.15,0.15,0.1,0.15,0.1
5754,5754,Virginia Water,SRY,Surrey,0.15,0.15,0.1,0.15,0.1
5755,5755,Wacton,NFK,Norfolk,0.15,0.15,0.1,0.15,0.1
5756,5756,Waddesdon,BKM,Buckinghamshire,0.15,0.15,0.1,0.15,0.1
5757,5757,Waddingham,LIN,Lincolnshire,0.15,0.15,0.1,0.15,0.1
5758,5758,Waddington,LIN,Lincolnshire,0.15,0.15,0.1,0.15,0.1
5759,5759,Waddington,LAN,Lancashire,0.15,0.15,0.1,0.15,0.1
5760,5760,Wadebridge,CON,Cornwall,0.15,0.15,0.1,0.15,0.1
5761,5761,Wadhurst,ESX,East Sussex,0.15,0.15,0.1,0.15,0.1
5762,5762,Wadworth,,South Yorkshire,0.15,0.15,0.1,0.15,0.1
5763,5763,Wainfleet All Saints,LIN,Lincolnshire,0.15,0.15,0.1,0.15,0.1
5764,5764,Wakefield,,West Yorkshire,0.15,0.15,0.1,0.15,0.1
5765,5765,Walberton,WSX,West Sussex,0.15,0.15,0.1,0.15,0.1
5766,5766,Walcott,NFK,Norfolk,0.15,0.15,0.1,0.15,0.1
5767,5767,Walford,SHR,Shropshire,0.15,0.15,0.1,0.15,0.1
5768,5768,Walford,HEF,Herefordshire,0.15,0.15,0.1,0.15,0.1
5769,5769,Walgrave,NTH,Northamptonshire,0.15,0.15,0.1,0.15,0.1
5770,5770,Walkden,,Greater Manchester,0.15,0.15,0.1,0.15,0.1
5771,5771,Walkerburn,SCB,Scottish Borders,0.15,0.15,0.1,0.15,0.1
5772,5772,Walkeringham,NTT,Nottinghamshire,0.15,0.15,0.1,0.15,0.1
5773,5773,Walkern,HRT,Hertfordshire,0.15,0.15,0.1,0.15,0.1
5774,5774,Walkington,ERY,East Riding Of Yorkshire,0.15,0.15,0.1,0.15,0.1
5775,5775,Wall,NBL,Northumberland,0.15,0.15,0.1,0.15,0.1
5776,5776,Wall,STS,Staffordshire,0.15,0.15,0.1,0.15,0.1
5777,5777,Wallasey,,Merseyside,0.15,0.15,0.1,0.15,0.1
5778,5778,Wallingford,OXF,Oxfordshire,0.15,0.15,0.1,0.15,0.1
5779,5779,Wallsend,,Tyne And Wear,0.15,0.15,0.1,0.15,0.1
5780,5780,Walsall,,West Midlands,0.15,0.15,0.1,0.15,0.1
5781,5781,Walsden,,West Yorkshire,0.15,0.15,0.1,0.15,0.1
5782,5782,Waltham,KEN,Kent,0.15,0.15,0.1,0.15,0.1
5783,5783,Waltham,LIN,Lincolnshire,0.15,0.15,0.1,0.15,0.1
5784,5784,Waltham Abbey,ESS,Essex,0.15,0.15,0.1,0.15,0.1
5785,5785,Waltham Cross,HRT,Hertfordshire,0.15,0.15,0.1,0.15,0.1
5786,5786,Waltham St Lawrence,,Berkshire,0.15,0.15,0.1,0.15,0.1
5787,5787,Waltham on the Wolds,LEC,Leicestershire,0.15,0.15,0.1,0.15,0.1
5788,5788,Walthamstow,LND,Greater London,0.15,0.15,0.1,0.15,0.1
5789,5789,Walton,WAR,Warwickshire,0.15,0.15,0.1,0.15,0.1
5790,5790,Walton,BKM,Buckinghamshire,0.15,0.15,0.1,0.15,0.1
5791,5791,Walton,CAM,Cambridgeshire,0.15,0.15,0.1,0.15,0.1
5792,5792,Walton,CMA,Cumbria,0.15,0.15,0.1,0.15,0.1
5793,5793,Walton,DBY,Derbyshire,0.15,0.15,0.1,0.15,0.1
5794,5794,Walton,LEC,Leicestershire,0.15,0.15,0.1,0.15,0.1
5795,5795,Walton,SOM,Somerset,0.15,0.15,0.1,0.15,0.1
5796,5796,Walton,,West Yorkshire,0.15,0.15,0.1,0.15,0.1
5797,5797,Walton,,Merseyside,0.15,0.15,0.1,0.15,0.1
5798,5798,Walton,POW,Powys,0.15,0.15,0.1,0.15,0.1
5799,5799,Walton,SHR,Shropshire,0.15,0.15,0.1,0.15,0.1
5800,5800,Walton,STS,Staffordshire,0.15,0.15,0.1,0.15,0.1
5801,5801,Walton,SFK,Suffolk,0.15,0.15,0.1,0.15,0.1
5802,5802,Walton-on-Thames,SRY,Surrey,0.15,0.15,0.1,0.15,0.1
5803,5803,Walworth,DUR,Durham,0.15,0.15,0.1,0.15,0.1
5804,5804,Walworth,LND,Greater London,0.15,0.15,0.1,0.15,0.1
5805,5805,Wanborough,SRY,Surrey,0.15,0.15,0.1,0.15,0.1
5806,5806,Wanborough,WIL,Wiltshire,0.15,0.15,0.1,0.15,0.1
5807,5807,Wandsworth,LND,Greater London,0.15,0.15,0.1,0.15,0.1
5808,5808,Wansford,ERY,East Riding Of Yorkshire,0.15,0.15,0.1,0.15,0.1
5809,5809,Wansford,NTH,Northamptonshire,0.15,0.15,0.1,0.15,0.1
5810,5810,Wantage,OXF,Oxfordshire,0.15,0.15,0.1,0.15,0.1
5811,5811,Warborough,OXF,Oxfordshire,0.15,0.15,0.1,0.15,0.1
5812,5812,Warden,NBL,Northumberland,0.15,0.15,0.1,0.15,0.1
5813,5813,Warden,KEN,Kent,0.15,0.15,0.1,0.15,0.1
5814,5814,Wardington,OXF,Oxfordshire,0.15,0.15,0.1,0.15,0.1
5815,5815,Wardle,,Greater Manchester,0.15,0.15,0.1,0.15,0.1
5816,5816,Wardle,,Cheshire,0.15,0.15,0.1,0.15,0.1
5817,5817,Ware,HRT,Hertfordshire,0.15,0.15,0.1,0.15,0.1
5818,5818,Ware,KEN,Kent,0.15,0.15,0.1,0.15,0.1
5819,5819,Wareham,DOR,Dorset,0.15,0.15,0.1,0.15,0.1
5820,5820,Warfield,,Berkshire,0.15,0.15,0.1,0.15,0.1
5821,5821,Wargrave,,Berkshire,0.15,0.15,0.1,0.15,0.1
5822,5822,Waringstown,ARM,County Armagh,0.15,0.15,0.1,0.15,0.1
5823,5823,Warkworth,NBL,Northumberland,0.15,0.15,0.1,0.15,0.1
5824,5824,Warkworth,NTH,Northamptonshire,0.15,0.15,0.1,0.15,0.1
5825,5825,Warlingham,SRY,Surrey,0.15,0.15,0.1,0.15,0.1
5826,5826,Warminster,WIL,Wiltshire,0.15,0.15,0.1,0.15,0.1
5827,5827,Warnham,WSX,West Sussex,0.15,0.15,0.1,0.15,0.1
5828,5828,Warrenpoint,DOW,County Down,0.15,0.15,0.1,0.15,0.1
5829,5829,Warrington,BKM,Buckinghamshire,0.15,0.15,0.1,0.15,0.1
5830,5830,Warrington,,Cheshire,0.15,0.15,0.1,0.15,0.1
5831,5831,Warton,LAN,Lancashire,0.15,0.15,0.1,0.15,0.1
5832,5832,Warton,NBL,Northumberland,0.15,0.15,0.1,0.15,0.1
5833,5833,Warton,STS,Staffordshire,0.15,0.15,0.1,0.15,0.1
5834,5834,Warwick,WAR,Warwickshire,0.15,0.15,0.1,0.15,0.1
5835,5835,Warwick,CMA,Cumbria,0.15,0.15,0.1,0.15,0.1
5836,5836,Washford,SOM,Somerset,0.15,0.15,0.1,0.15,0.1
5837,5837,Washingborough,LIN,Lincolnshire,0.15,0.15,0.1,0.15,0.1
5838,5838,Washington,,Tyne And Wear,0.15,0.15,0.1,0.15,0.1
5839,5839,Washington,WSX,West Sussex,0.15,0.15,0.1,0.15,0.1
5840,5840,Watchet,SOM,Somerset,0.15,0.15,0.1,0.15,0.1
5841,5841,Water Eaton,OXF,Oxfordshire,0.15,0.15,0.1,0.15,0.1
5842,5842,Water Orton,WAR,Warwickshire,0.15,0.15,0.1,0.15,0.1
5843,5843,Waterbeach,CAM,Cambridgeshire,0.15,0.15,0.1,0.15,0.1
5844,5844,Waterfoot,LAN,Lancashire,0.15,0.15,0.1,0.15,0.1
5845,5845,Waterfoot,ANT,County Antrim,0.15,0.15,0.1,0.15,0.1
5846,5846,Waterfoot,ERW,East Renfrewshire,0.15,0.15,0.1,0.15,0.1
5847,5847,Wateringbury,KEN,Kent,0.15,0.15,0.1,0.15,0.1
5848,5848,Waterloo,NLK,North Lanarkshire,0.15,0.15,0.1,0.15,0.1
5849,5849,Waterloo,PEM,Pembrokeshire,0.15,0.15,0.1,0.15,0.1
5850,5850,Waterloo,ABD,Aberdeenshire,0.15,0.15,0.1,0.15,0.1
5851,5851,Waterloo,PKN,Perth And Kinross,0.15,0.15,0.1,0.15,0.1
5852,5852,Waterloo,NFK,Norfolk,0.15,0.15,0.1,0.15,0.1
5853,5853,Waterloo,DOR,Dorset,0.15,0.15,0.1,0.15,0.1
5854,5854,Waterloo,LND,Greater London,0.15,0.15,0.1,0.15,0.1
5855,5855,Waterloo,,Merseyside,0.15,0.15,0.1,0.15,0.1
5856,5856,Waterlooville,HAM,Hampshire,0.15,0.15,0.1,0.15,0.1
5857,5857,Watford,HRT,Hertfordshire,0.15,0.15,0.1,0.15,0.1
5858,5858,Watford,NTH,Northamptonshire,0.15,0.15,0.1,0.15,0.1
5859,5859,Wath upon Dearne,,South Yorkshire,0.15,0.15,0.1,0.15,0.1
5860,5860,Watlington,NFK,Norfolk,0.15,0.15,0.1,0.15,0.1
5861,5861,Watlington,OXF,Oxfordshire,0.15,0.15,0.1,0.15,0.1
5862,5862,Wattisham,SFK,Suffolk,0.15,0.15,0.1,0.15,0.1
5863,5863,Watton,ERY,East Riding Of Yorkshire,0.15,0.15,0.1,0.15,0.1
5864,5864,Watton,NFK,Norfolk,0.15,0.15,0.1,0.15,0.1
5865,5865,Wavendon,BKM,Buckinghamshire,0.15,0.15,0.1,0.15,0.1
5866,5866,Waverton,CMA,Cumbria,0.15,0.15,0.1,0.15,0.1
5867,5867,Waverton,,Cheshire,0.15,0.15,0.1,0.15,0.1
5868,5868,Wawne,ERY,East Riding Of Yorkshire,0.15,0.15,0.1,0.15,0.1
5869,5869,Weaverham,,Cheshire,0.15,0.15,0.1,0.15,0.1
5870,5870,Wedmore,SOM,Somerset,0.15,0.15,0.1,0.15,0.1
5871,5871,Wednesbury,,West Midlands,0.15,0.15,0.1,0.15,0.1
5872,5872,Wednesfield,,West Midlands,0.15,0.15,0.1,0.15,0.1
5873,5873,Weeting,NFK,Norfolk,0.15,0.15,0.1,0.15,0.1
5874,5874,Weeton,ERY,East Riding Of Yorkshire,0.15,0.15,0.1,0.15,0.1
5875,5875,Weeton,NYK,North Yorkshire,0.15,0.15,0.1,0.15,0.1
5876,5876,Weeton,LAN,Lancashire,0.15,0.15,0.1,0.15,0.1
5877,5877,Welbourn,LIN,Lincolnshire,0.15,0.15,0.1,0.15,0.1
5878,5878,Welford,NTH,Northamptonshire,0.15,0.15,0.1,0.15,0.1
5879,5879,Welford,,Berkshire,0.15,0.15,0.1,0.15,0.1
5880,5880,Welland,WOR,Worcestershire,0.15,0.15,0.1,0.15,0.1
5881,5881,Wellbank,ANS,Angus,0.15,0.15,0.1,0.15,0.1
5882,5882,Wellesbourne,WAR,Warwickshire,0.15,0.15,0.1,0.15,0.1
5883,5883,Welling,LND,Greater London,0.15,0.15,0.1,0.15,0.1
5884,5884,Wellingborough,NTH,Northamptonshire,0.15,0.15,0.1,0.15,0.1
5885,5885,Wellington,SOM,Somerset,0.15,0.15,0.1,0.15,0.1
5886,5886,Wellington,HEF,Herefordshire,0.15,0.15,0.1,0.15,0.1
5887,5887,Wellington,SHR,Shropshire,0.15,0.15,0.1,0.15,0.1
5888,5888,Wellington,CMA,Cumbria,0.15,0.15,0.1,0.15,0.1
5889,5889,Wellow,IOW,Isle Of Wight,0.15,0.15,0.1,0.15,0.1
5890,5890,Wellow,NTT,Nottinghamshire,0.15,0.15,0.1,0.15,0.1
5891,5891,Wellow,SOM,Somerset,0.15,0.15,0.1,0.15,0.1
5892,5892,Wells,SOM,Somerset,0.15,0.15,0.1,0.15,0.1
5893,5893,Wells-next-the-Sea,NFK,Norfolk,0.15,0.15,0.1,0.15,0.1
5894,5894,Welney,NFK,Norfolk,0.15,0.15,0.1,0.15,0.1
5895,5895,Welshpool,POW,Powys,0.15,0.15,0.1,0.15,0.1
5896,5896,Welton,ERY,East Riding Of Yorkshire,0.15,0.15,0.1,0.15,0.1
5897,5897,Welton,CMA,Cumbria,0.15,0.15,0.1,0.15,0.1
5898,5898,Welton,LIN,Lincolnshire,0.15,0.15,0.1,0.15,0.1
5899,5899,Welton,NTH,Northamptonshire,0.15,0.15,0.1,0.15,0.1
5900,5900,Welton,SOM,Somerset,0.15,0.15,0.1,0.15,0.1
5901,5901,Welwyn,HRT,Hertfordshire,0.15,0.15,0.1,0.15,0.1
5902,5902,Welwyn Garden City,HRT,Hertfordshire,0.15,0.15,0.1,0.15,0.1
5903,5903,Wem,SHR,Shropshire,0.15,0.15,0.1,0.15,0.1
5904,5904,Wembley,LND,Greater London,0.15,0.15,0.1,0.15,0.1
5905,5905,Wembury,DEV,Devon,0.15,0.15,0.1,0.15,0.1
5906,5906,Wemyss Bay,IVC,Inverclyde,0.15,0.15,0.1,0.15,0.1
5907,5907,Wendover,BKM,Buckinghamshire,0.15,0.15,0.1,0.15,0.1
5908,5908,Wendron,CON,Cornwall,0.15,0.15,0.1,0.15,0.1
5909,5909,Wentworth,CAM,Cambridgeshire,0.15,0.15,0.1,0.15,0.1
5910,5910,Wentworth,,South Yorkshire,0.15,0.15,0.1,0.15,0.1
5911,5911,Wenvoe,VGL,Vale Of Glamorgan,0.15,0.15,0.1,0.15,0.1
5912,5912,Weobley,HEF,Herefordshire,0.15,0.15,0.1,0.15,0.1
5913,5913,Wereham,NFK,Norfolk,0.15,0.15,0.1,0.15,0.1
5914,5914,Werrington,STS,Staffordshire,0.15,0.15,0.1,0.15,0.1
5915,5915,Werrington,CON,Cornwall,0.15,0.15,0.1,0.15,0.1
5916,5916,Werrington,CAM,Cambridgeshire,0.15,0.15,0.1,0.15,0.1
5917,5917,West Barns,ELN,East Lothian,0.15,0.15,0.1,0.15,0.1
5918,5918,West Bergholt,ESS,Essex,0.15,0.15,0.1,0.15,0.1
5919,5919,West Bridgford,NTT,Nottinghamshire,0.15,0.15,0.1,0.15,0.1
5920,5920,West Bromwich,,West Midlands,0.15,0.15,0.1,0.15,0.1
5921,5921,West Butterwick,LIN,Lincolnshire,0.15,0.15,0.1,0.15,0.1
5922,5922,West Byfleet,SRY,Surrey,0.15,0.15,0.1,0.15,0.1
5923,5923,West Calder,WLN,West Lothian,0.15,0.15,0.1,0.15,0.1
5924,5924,West Chinnock,SOM,Somerset,0.15,0.15,0.1,0.15,0.1
5925,5925,West Clandon,SRY,Surrey,0.15,0.15,0.1,0.15,0.1
5926,5926,West Coker,SOM,Somerset,0.15,0.15,0.1,0.15,0.1
5927,5927,West Drayton,LND,Greater London,0.15,0.15,0.1,0.15,0.1
5928,5928,West Drayton,NTT,Nottinghamshire,0.15,0.15,0.1,0.15,0.1
5929,5929,West End,SLK,South Lanarkshire,0.15,0.15,0.1,0.15,0.1
5930,5930,West End,,Bedfordshire,0.15,0.15,0.1,0.15,0.1
5931,5931,West End,LAN,Lancashire,0.15,0.15,0.1,0.15,0.1
5932,5932,West End,NYK,North Yorkshire,0.15,0.15,0.1,0.15,0.1
5933,5933,West End,NFK,Norfolk,0.15,0.15,0.1,0.15,0.1
5934,5934,West End,LIN,Lincolnshire,0.15,0.15,0.1,0.15,0.1
5935,5935,West End,KEN,Kent,0.15,0.15,0.1,0.15,0.1
5936,5936,West End,HAM,Hampshire,0.15,0.15,0.1,0.15,0.1
5937,5937,West End,SRY,Surrey,0.15,0.15,0.1,0.15,0.1
5938,5938,West End,SFK,Suffolk,0.15,0.15,0.1,0.15,0.1
5939,5939,West End,ERY,East Riding Of Yorkshire,0.15,0.15,0.1,0.15,0.1
5940,5940,West Felton,SHR,Shropshire,0.15,0.15,0.1,0.15,0.1
5941,5941,West Haddon,NTH,Northamptonshire,0.15,0.15,0.1,0.15,0.1
5942,5942,West Hallam,DBY,Derbyshire,0.15,0.15,0.1,0.15,0.1
5943,5943,West Horsley,SRY,Surrey,0.15,0.15,0.1,0.15,0.1
5944,5944,West Ilsley,,Berkshire,0.15,0.15,0.1,0.15,0.1
5945,5945,West Kilbride,NAY,North Ayrshire,0.15,0.15,0.1,0.15,0.1
5946,5946,West Kingsdown,KEN,Kent,0.15,0.15,0.1,0.15,0.1
5947,5947,West Kirby,,Merseyside,0.15,0.15,0.1,0.15,0.1
5948,5948,West Linton,SCB,Scottish Borders,0.15,0.15,0.1,0.15,0.1
5949,5949,West Malling,KEN,Kent,0.15,0.15,0.1,0.15,0.1
5950,5950,West Meon,HAM,Hampshire,0.15,0.15,0.1,0.15,0.1
5951,5951,West Mersea,ESS,Essex,0.15,0.15,0.1,0.15,0.1
5952,5952,West Molesey,SRY,Surrey,0.15,0.15,0.1,0.15,0.1
5953,5953,West Pennard,SOM,Somerset,0.15,0.15,0.1,0.15,0.1
5954,5954,West Rainton,DUR,Durham,0.15,0.15,0.1,0.15,0.1
5955,5955,West Runton,NFK,Norfolk,0.15,0.15,0.1,0.15,0.1
5956,5956,West Stockwith,NTT,Nottinghamshire,0.15,0.15,0.1,0.15,0.1
5957,5957,West Thurrock,ESS,Essex,0.15,0.15,0.1,0.15,0.1
5958,5958,West Walton,NFK,Norfolk,0.15,0.15,0.1,0.15,0.1
5959,5959,West Wellow,HAM,Hampshire,0.15,0.15,0.1,0.15,0.1
5960,5960,West Wickham,CAM,Cambridgeshire,0.15,0.15,0.1,0.15,0.1
5961,5961,West Wickham,LND,Greater London,0.15,0.15,0.1,0.15,0.1
5962,5962,West Wittering,WSX,West Sussex,0.15,0.15,0.1,0.15,0.1
5963,5963,West Wratting,CAM,Cambridgeshire,0.15,0.15,0.1,0.15,0.1
5964,5964,Westbury,WIL,Wiltshire,0.15,0.15,0.1,0.15,0.1
5965,5965,Westbury,BKM,Buckinghamshire,0.15,0.15,0.1,0.15,0.1
5966,5966,Westbury,SHR,Shropshire,0.15,0.15,0.1,0.15,0.1
5967,5967,Westbury-sub-Mendip,SOM,Somerset,0.15,0.15,0.1,0.15,0.1
5968,5968,Westcliff-on-Sea,ESS,Essex,0.15,0.15,0.1,0.15,0.1
5969,5969,Westcott,SRY,Surrey,0.15,0.15,0.1,0.15,0.1
5970,5970,Westcott,DEV,Devon,0.15,0.15,0.1,0.15,0.1
5971,5971,Westcott,BKM,Buckinghamshire,0.15,0.15,0.1,0.15,0.1
5972,5972,Westergate,WSX,West Sussex,0.15,0.15,0.1,0.15,0.1
5973,5973,Westerham,KEN,Kent,0.15,0.15,0.1,0.15,0.1
5974,5974,Westerleigh,GLS,Gloucestershire,0.15,0.15,0.1,0.15,0.1
5975,5975,Westfield,HLD,Highland,0.15,0.15,0.1,0.15,0.1
5976,5976,Westfield,NFK,Norfolk,0.15,0.15,0.1,0.15,0.1
5977,5977,Westfield,WLN,West Lothian,0.15,0.15,0.1,0.15,0.1
5978,5978,Westfield,CMA,Cumbria,0.15,0.15,0.1,0.15,0.1
5979,5979,Westfield,ESX,East Sussex,0.15,0.15,0.1,0.15,0.1
5980,5980,Westgate on Sea,KEN,Kent,0.15,0.15,0.1,0.15,0.1
5981,5981,Westhead,LAN,Lancashire,0.15,0.15,0.1,0.15,0.1
5982,5982,Westhill,ABD,Aberdeenshire,0.15,0.15,0.1,0.15,0.1
5983,5983,Westhill,HLD,Highland,0.15,0.15,0.1,0.15,0.1
5984,5984,Westhoughton,,Greater Manchester,0.15,0.15,0.1,0.15,0.1
5985,5985,Weston,NTT,Nottinghamshire,0.15,0.15,0.1,0.15,0.1
5986,5986,Weston,MRY,Moray,0.15,0.15,0.1,0.15,0.1
5987,5987,Weston,,Berkshire,0.15,0.15,0.1,0.15,0.1
5988,5988,Weston,,Cheshire,0.15,0.15,0.1,0.15,0.1
5989,5989,Weston,SOM,Somerset,0.15,0.15,0.1,0.15,0.1
5990,5990,Weston,NTH,Northamptonshire,0.15,0.15,0.1,0.15,0.1
5991,5991,Weston,SHR,Shropshire,0.15,0.15,0.1,0.15,0.1
5992,5992,Weston,HRT,Hertfordshire,0.15,0.15,0.1,0.15,0.1
5993,5993,Weston,HAM,Hampshire,0.15,0.15,0.1,0.15,0.1
5994,5994,Weston,DOR,Dorset,0.15,0.15,0.1,0.15,0.1
5995,5995,Weston,DEV,Devon,0.15,0.15,0.1,0.15,0.1
5996,5996,Weston,STS,Staffordshire,0.15,0.15,0.1,0.15,0.1
5997,5997,Weston,LIN,Lincolnshire,0.15,0.15,0.1,0.15,0.1
5998,5998,Weston Turville,BKM,Buckinghamshire,0.15,0.15,0.1,0.15,0.1
5999,5999,Weston Underwood,DBY,Derbyshire,0.15,0.15,0.1,0.15,0.1
6000,6000,Weston Underwood,BKM,Buckinghamshire,0.15,0.15,0.1,0.15,0.1
6001,6001,Weston under Penyard,HEF,Herefordshire,0.15,0.15,0.1,0.15,0.1
6002,6002,Weston-super-Mare,SOM,Somerset,0.15,0.15,0.1,0.15,0.1
6003,6003,Westoning,,Bedfordshire,0.15,0.15,0.1,0.15,0.1
6004,6004,Westonzoyland,SOM,Somerset,0.15,0.15,0.1,0.15,0.1
6005,6005,Westwood,WIL,Wiltshire,0.15,0.15,0.1,0.15,0.1
6006,6006,Westwood,DEV,Devon,0.15,0.15,0.1,0.15,0.1
6007,6007,Wetheral,CMA,Cumbria,0.15,0.15,0.1,0.15,0.1
6008,6008,Wetherby,,West Yorkshire,0.15,0.15,0.1,0.15,0.1
6009,6009,Wethersfield,ESS,Essex,0.15,0.15,0.1,0.15,0.1
6010,6010,Wetwang,ERY,East Riding Of Yorkshire,0.15,0.15,0.1,0.15,0.1
6011,6011,Weybourne,NFK,Norfolk,0.15,0.15,0.1,0.15,0.1
6012,6012,Weybridge,SRY,Surrey,0.15,0.15,0.1,0.15,0.1
6013,6013,Weyhill,HAM,Hampshire,0.15,0.15,0.1,0.15,0.1
6014,6014,Weymouth,DOR,Dorset,0.15,0.15,0.1,0.15,0.1
6015,6015,Whaddon,GLS,Gloucestershire,0.15,0.15,0.1,0.15,0.1
6016,6016,Whaddon,CAM,Cambridgeshire,0.15,0.15,0.1,0.15,0.1
6017,6017,Whaddon,BKM,Buckinghamshire,0.15,0.15,0.1,0.15,0.1
6018,6018,Whaddon,WIL,Wiltshire,0.15,0.15,0.1,0.15,0.1
6019,6019,Whaley Bridge,DBY,Derbyshire,0.15,0.15,0.1,0.15,0.1
6020,6020,Whalley,LAN,Lancashire,0.15,0.15,0.1,0.15,0.1
6021,6021,Whaplode,LIN,Lincolnshire,0.15,0.15,0.1,0.15,0.1
6022,6022,Wheathampstead,HRT,Hertfordshire,0.15,0.15,0.1,0.15,0.1
6023,6023,Wheatley,HAM,Hampshire,0.15,0.15,0.1,0.15,0.1
6024,6024,Wheatley,OXF,Oxfordshire,0.15,0.15,0.1,0.15,0.1
6025,6025,Wheaton Aston,STS,Staffordshire,0.15,0.15,0.1,0.15,0.1
6026,6026,Wheldrake,NYK,North Yorkshire,0.15,0.15,0.1,0.15,0.1
6027,6027,Whickham,,Tyne And Wear,0.15,0.15,0.1,0.15,0.1
6028,6028,Whimple,DEV,Devon,0.15,0.15,0.1,0.15,0.1
6029,6029,Whiston,,South Yorkshire,0.15,0.15,0.1,0.15,0.1
6030,6030,Whiston,NTH,Northamptonshire,0.15,0.15,0.1,0.15,0.1
6031,6031,Whiston,STS,Staffordshire,0.15,0.15,0.1,0.15,0.1
6032,6032,Whiston,,Merseyside,0.15,0.15,0.1,0.15,0.1
6033,6033,Whitburn,WLN,West Lothian,0.15,0.15,0.1,0.15,0.1
6034,6034,Whitburn,,Tyne And Wear,0.15,0.15,0.1,0.15,0.1
6035,6035,Whitby,NYK,North Yorkshire,0.15,0.15,0.1,0.15,0.1
6036,6036,Whitchurch,HEF,Herefordshire,0.15,0.15,0.1,0.15,0.1
6037,6037,Whitchurch,DEV,Devon,0.15,0.15,0.1,0.15,0.1
6038,6038,Whitchurch,BKM,Buckinghamshire,0.15,0.15,0.1,0.15,0.1
6039,6039,Whitchurch,HAM,Hampshire,0.15,0.15,0.1,0.15,0.1
6040,6040,Whitchurch,OXF,Oxfordshire,0.15,0.15,0.1,0.15,0.1
6041,6041,Whitchurch,SOM,Somerset,0.15,0.15,0.1,0.15,0.1
6042,6042,Whitchurch,PEM,Pembrokeshire,0.15,0.15,0.1,0.15,0.1
6043,6043,Whitchurch,SHR,Shropshire,0.15,0.15,0.1,0.15,0.1
6044,6044,White Waltham,,Berkshire,0.15,0.15,0.1,0.15,0.1
6045,6045,Whitecraig,ELN,East Lothian,0.15,0.15,0.1,0.15,0.1
6046,6046,Whitecross,CON,Cornwall,0.15,0.15,0.1,0.15,0.1
6047,6047,Whitefield,PKN,Perth And Kinross,0.15,0.15,0.1,0.15,0.1
6048,6048,Whitefield,HLD,Highland,0.15,0.15,0.1,0.15,0.1
6049,6049,Whitefield,,Greater Manchester,0.15,0.15,0.1,0.15,0.1
6050,6050,Whitefield,ABD,Aberdeenshire,0.15,0.15,0.1,0.15,0.1
6051,6051,Whitehaven,CMA,Cumbria,0.15,0.15,0.1,0.15,0.1
6052,6052,Whitehead,ANT,County Antrim,0.15,0.15,0.1,0.15,0.1
6053,6053,Whitehills,ABD,Aberdeenshire,0.15,0.15,0.1,0.15,0.1
6054,6054,Whiteparish,WIL,Wiltshire,0.15,0.15,0.1,0.15,0.1
6055,6055,Whitford,DEV,Devon,0.15,0.15,0.1,0.15,0.1
6056,6056,Whitford,FLN,Flintshire,0.15,0.15,0.1,0.15,0.1
6057,6057,Whithorn,,Dumfries And Galloway,0.15,0.15,0.1,0.15,0.1
6058,6058,Whiting Bay,NAY,North Ayrshire,0.15,0.15,0.1,0.15,0.1
6059,6059,Whitland,CMN,Carmarthenshire,0.15,0.15,0.1,0.15,0.1
6060,6060,Whitley,,Berkshire,0.15,0.15,0.1,0.15,0.1
6061,6061,Whitley,NYK,North Yorkshire,0.15,0.15,0.1,0.15,0.1
6062,6062,Whitley Bay,,Tyne And Wear,0.15,0.15,0.1,0.15,0.1
6063,6063,Whitstable,KEN,Kent,0.15,0.15,0.1,0.15,0.1
6064,6064,Whittingham,NBL,Northumberland,0.15,0.15,0.1,0.15,0.1
6065,6065,Whittington,LAN,Lancashire,0.15,0.15,0.1,0.15,0.1
6066,6066,Whittington,NFK,Norfolk,0.15,0.15,0.1,0.15,0.1
6067,6067,Whittington,DBY,Derbyshire,0.15,0.15,0.1,0.15,0.1
6068,6068,Whittington,WOR,Worcestershire,0.15,0.15,0.1,0.15,0.1
6069,6069,Whittington,STS,Staffordshire,0.15,0.15,0.1,0.15,0.1
6070,6070,Whittington,SHR,Shropshire,0.15,0.15,0.1,0.15,0.1
6071,6071,Whittington,GLS,Gloucestershire,0.15,0.15,0.1,0.15,0.1
6072,6072,Whittlebury,NTH,Northamptonshire,0.15,0.15,0.1,0.15,0.1
6073,6073,Whittlesey,CAM,Cambridgeshire,0.15,0.15,0.1,0.15,0.1
6074,6074,Whittlesford,CAM,Cambridgeshire,0.15,0.15,0.1,0.15,0.1
6075,6075,Whitton,POW,Powys,0.15,0.15,0.1,0.15,0.1
6076,6076,Whitton,DUR,Durham,0.15,0.15,0.1,0.15,0.1
6077,6077,Whitton,LIN,Lincolnshire,0.15,0.15,0.1,0.15,0.1
6078,6078,Whitton,NBL,Northumberland,0.15,0.15,0.1,0.15,0.1
6079,6079,Whitton,SFK,Suffolk,0.15,0.15,0.1,0.15,0.1
6080,6080,Whitton,SHR,Shropshire,0.15,0.15,0.1,0.15,0.1
6081,6081,Whitwell,DBY,Derbyshire,0.15,0.15,0.1,0.15,0.1
6082,6082,Whitwell,NYK,North Yorkshire,0.15,0.15,0.1,0.15,0.1
6083,6083,Whitwell,NFK,Norfolk,0.15,0.15,0.1,0.15,0.1
6084,6084,Whitwell,HRT,Hertfordshire,0.15,0.15,0.1,0.15,0.1
6085,6085,Whitwell,RUT,Rutland,0.15,0.15,0.1,0.15,0.1
6086,6086,Whitwell,IOW,Isle Of Wight,0.15,0.15,0.1,0.15,0.1
6087,6087,Whitworth,LAN,Lancashire,0.15,0.15,0.1,0.15,0.1
6088,6088,Whyteleafe,SRY,Surrey,0.15,0.15,0.1,0.15,0.1
6089,6089,Wick,HLD,Highland,0.15,0.15,0.1,0.15,0.1
6090,6090,Wick,VGL,Vale Of Glamorgan,0.15,0.15,0.1,0.15,0.1
6091,6091,Wick,WIL,Wiltshire,0.15,0.15,0.1,0.15,0.1
6092,6092,Wick,WSX,West Sussex,0.15,0.15,0.1,0.15,0.1
6093,6093,Wick,DOR,Dorset,0.15,0.15,0.1,0.15,0.1
6094,6094,Wick,GLS,Gloucestershire,0.15,0.15,0.1,0.15,0.1
6095,6095,Wick,WOR,Worcestershire,0.15,0.15,0.1,0.15,0.1
6096,6096,Wicken,CAM,Cambridgeshire,0.15,0.15,0.1,0.15,0.1
6097,6097,Wicken,NTH,Northamptonshire,0.15,0.15,0.1,0.15,0.1
6098,6098,Wickford,ESS,Essex,0.15,0.15,0.1,0.15,0.1
6099,6099,Wickham,HAM,Hampshire,0.15,0.15,0.1,0.15,0.1
6100,6100,Wickham,,Berkshire,0.15,0.15,0.1,0.15,0.1
6101,6101,Wickham Bishops,ESS,Essex,0.15,0.15,0.1,0.15,0.1
6102,6102,Wickham Market,SFK,Suffolk,0.15,0.15,0.1,0.15,0.1
6103,6103,Wickhambrook,SFK,Suffolk,0.15,0.15,0.1,0.15,0.1
6104,6104,Wickhamford,WOR,Worcestershire,0.15,0.15,0.1,0.15,0.1
6105,6105,Wickwar,GLS,Gloucestershire,0.15,0.15,0.1,0.15,0.1
6106,6106,Widdington,ESS,Essex,0.15,0.15,0.1,0.15,0.1
6107,6107,Widford,ESS,Essex,0.15,0.15,0.1,0.15,0.1
6108,6108,Widford,HRT,Hertfordshire,0.15,0.15,0.1,0.15,0.1
6109,6109,Widnes,,Cheshire,0.15,0.15,0.1,0.15,0.1
6110,6110,Wigan,,Greater Manchester,0.15,0.15,0.1,0.15,0.1
6111,6111,Wigginton,OXF,Oxfordshire,0.15,0.15,0.1,0.15,0.1
6112,6112,Wigginton,HRT,Hertfordshire,0.15,0.15,0.1,0.15,0.1
6113,6113,Wigginton,STS,Staffordshire,0.15,0.15,0.1,0.15,0.1
6114,6114,Wigmore,HEF,Herefordshire,0.15,0.15,0.1,0.15,0.1
6115,6115,Wigmore,KEN,Kent,0.15,0.15,0.1,0.15,0.1
6116,6116,Wigton,CMA,Cumbria,0.15,0.15,0.1,0.15,0.1
6117,6117,Wigtown,,Dumfries And Galloway,0.15,0.15,0.1,0.15,0.1
6118,6118,Wilbarston,NTH,Northamptonshire,0.15,0.15,0.1,0.15,0.1
6119,6119,Wilberfoss,ERY,East Riding Of Yorkshire,0.15,0.15,0.1,0.15,0.1
6120,6120,Wilburton,CAM,Cambridgeshire,0.15,0.15,0.1,0.15,0.1
6121,6121,Wilden,WOR,Worcestershire,0.15,0.15,0.1,0.15,0.1
6122,6122,Wilden,,Bedfordshire,0.15,0.15,0.1,0.15,0.1
6123,6123,Willand,DEV,Devon,0.15,0.15,0.1,0.15,0.1
6124,6124,Willaston,,Cheshire,0.15,0.15,0.1,0.15,0.1
6125,6125,Willenhall,,West Midlands,0.15,0.15,0.1,0.15,0.1
6126,6126,Willerby,NYK,North Yorkshire,0.15,0.15,0.1,0.15,0.1
6127,6127,Willerby,ERY,East Riding Of Yorkshire,0.15,0.15,0.1,0.15,0.1
6128,6128,Willingham,CAM,Cambridgeshire,0.15,0.15,0.1,0.15,0.1
6129,6129,Willingham,LIN,Lincolnshire,0.15,0.15,0.1,0.15,0.1
6130,6130,Willington,,Bedfordshire,0.15,0.15,0.1,0.15,0.1
6131,6131,Willington,DUR,Durham,0.15,0.15,0.1,0.15,0.1
6132,6132,Willington,DBY,Derbyshire,0.15,0.15,0.1,0.15,0.1
6133,6133,Willington,WAR,Warwickshire,0.15,0.15,0.1,0.15,0.1
6134,6134,Willington,,Tyne And Wear,0.15,0.15,0.1,0.15,0.1
6135,6135,Williton,SOM,Somerset,0.15,0.15,0.1,0.15,0.1
6136,6136,Wilmcote,WAR,Warwickshire,0.15,0.15,0.1,0.15,0.1
6137,6137,Wilmslow,,Cheshire,0.15,0.15,0.1,0.15,0.1
6138,6138,Wilsden,,West Yorkshire,0.15,0.15,0.1,0.15,0.1
6139,6139,Wilsford,LIN,Lincolnshire,0.15,0.15,0.1,0.15,0.1
6140,6140,Wilsford,WIL,Wiltshire,0.15,0.15,0.1,0.15,0.1
6141,6141,Wilstead,,Bedfordshire,0.15,0.15,0.1,0.15,0.1
6142,6142,Wilton,SCB,Scottish Borders,0.15,0.15,0.1,0.15,0.1
6143,6143,Wilton,WIL,Wiltshire,0.15,0.15,0.1,0.15,0.1
6144,6144,Wilton,NYK,North Yorkshire,0.15,0.15,0.1,0.15,0.1
6145,6145,Wilton,SOM,Somerset,0.15,0.15,0.1,0.15,0.1
6146,6146,Wimblington,CAM,Cambridgeshire,0.15,0.15,0.1,0.15,0.1
6147,6147,Wimborne Minster,DOR,Dorset,0.15,0.15,0.1,0.15,0.1
6148,6148,Wimbotsham,NFK,Norfolk,0.15,0.15,0.1,0.15,0.1
6149,6149,Wincanton,SOM,Somerset,0.15,0.15,0.1,0.15,0.1
6150,6150,Winchburgh,WLN,West Lothian,0.15,0.15,0.1,0.15,0.1
6151,6151,Winchcombe,GLS,Gloucestershire,0.15,0.15,0.1,0.15,0.1
6152,6152,Winchelsea Beach,ESX,East Sussex,0.15,0.15,0.1,0.15,0.1
6153,6153,Winchester,HAM,Hampshire,0.15,0.15,0.1,0.15,0.1
6154,6154,Windermere,CMA,Cumbria,0.15,0.15,0.1,0.15,0.1
6155,6155,Windlesham,SRY,Surrey,0.15,0.15,0.1,0.15,0.1
6156,6156,Windsor,,Berkshire,0.15,0.15,0.1,0.15,0.1
6157,6157,Winfarthing,NFK,Norfolk,0.15,0.15,0.1,0.15,0.1
6158,6158,Wing,RUT,Rutland,0.15,0.15,0.1,0.15,0.1
6159,6159,Wing,BKM,Buckinghamshire,0.15,0.15,0.1,0.15,0.1
6160,6160,Wingate,DUR,Durham,0.15,0.15,0.1,0.15,0.1
6161,6161,Wingerworth,DBY,Derbyshire,0.15,0.15,0.1,0.15,0.1
6162,6162,Wingfield,,Bedfordshire,0.15,0.15,0.1,0.15,0.1
6163,6163,Wingfield,SFK,Suffolk,0.15,0.15,0.1,0.15,0.1
6164,6164,Wingfield,WIL,Wiltshire,0.15,0.15,0.1,0.15,0.1
6165,6165,Wingham,KEN,Kent,0.15,0.15,0.1,0.15,0.1
6166,6166,Wingrave,BKM,Buckinghamshire,0.15,0.15,0.1,0.15,0.1
6167,6167,Winkleigh,DEV,Devon,0.15,0.15,0.1,0.15,0.1
6168,6168,Winnersh,,Berkshire,0.15,0.15,0.1,0.15,0.1
6169,6169,Winscombe,SOM,Somerset,0.15,0.15,0.1,0.15,0.1
6170,6170,Winsford,SOM,Somerset,0.15,0.15,0.1,0.15,0.1
6171,6171,Winsford,,Cheshire,0.15,0.15,0.1,0.15,0.1
6172,6172,Winsham,SOM,Somerset,0.15,0.15,0.1,0.15,0.1
6173,6173,Winslow,BKM,Buckinghamshire,0.15,0.15,0.1,0.15,0.1
6174,6174,Winster,CMA,Cumbria,0.15,0.15,0.1,0.15,0.1
6175,6175,Winster,DBY,Derbyshire,0.15,0.15,0.1,0.15,0.1
6176,6176,Winston,SFK,Suffolk,0.15,0.15,0.1,0.15,0.1
6177,6177,Winston,DUR,Durham,0.15,0.15,0.1,0.15,0.1
6178,6178,Winterborne Kingston,DOR,Dorset,0.15,0.15,0.1,0.15,0.1
6179,6179,Winterborne Stickland,DOR,Dorset,0.15,0.15,0.1,0.15,0.1
6180,6180,Winterbourne,GLS,Gloucestershire,0.15,0.15,0.1,0.15,0.1
6181,6181,Winterbourne,,Berkshire,0.15,0.15,0.1,0.15,0.1
6182,6182,Winterbourne Abbas,DOR,Dorset,0.15,0.15,0.1,0.15,0.1
6183,6183,Winterbourne Stoke,WIL,Wiltshire,0.15,0.15,0.1,0.15,0.1
6184,6184,Winterburn,NYK,North Yorkshire,0.15,0.15,0.1,0.15,0.1
6185,6185,Winteringham,LIN,Lincolnshire,0.15,0.15,0.1,0.15,0.1
6186,6186,Winterton,LIN,Lincolnshire,0.15,0.15,0.1,0.15,0.1
6187,6187,Winthorpe,LIN,Lincolnshire,0.15,0.15,0.1,0.15,0.1
6188,6188,Winthorpe,NTT,Nottinghamshire,0.15,0.15,0.1,0.15,0.1
6189,6189,Wintringham,NYK,North Yorkshire,0.15,0.15,0.1,0.15,0.1
6190,6190,Winwick,NTH,Northamptonshire,0.15,0.15,0.1,0.15,0.1
6191,6191,Winwick,,Cheshire,0.15,0.15,0.1,0.15,0.1
6192,6192,Wirksworth,DBY,Derbyshire,0.15,0.15,0.1,0.15,0.1
6193,6193,Wisbech,CAM,Cambridgeshire,0.15,0.15,0.1,0.15,0.1
6194,6194,Wisborough Green,WSX,West Sussex,0.15,0.15,0.1,0.15,0.1
6195,6195,Wishaw,WAR,Warwickshire,0.15,0.15,0.1,0.15,0.1
6196,6196,Wishaw,NLK,North Lanarkshire,0.15,0.15,0.1,0.15,0.1
6197,6197,Wiston,SLK,South Lanarkshire,0.15,0.15,0.1,0.15,0.1
6198,6198,Wiston,PEM,Pembrokeshire,0.15,0.15,0.1,0.15,0.1
6199,6199,Wistow,NYK,North Yorkshire,0.15,0.15,0.1,0.15,0.1
6200,6200,Witchford,CAM,Cambridgeshire,0.15,0.15,0.1,0.15,0.1
6201,6201,Witham,ESS,Essex,0.15,0.15,0.1,0.15,0.1
6202,6202,Witheridge,DEV,Devon,0.15,0.15,0.1,0.15,0.1
6203,6203,Withernsea,ERY,East Riding Of Yorkshire,0.15,0.15,0.1,0.15,0.1
6204,6204,Withington,,Greater Manchester,0.15,0.15,0.1,0.15,0.1
6205,6205,Withington,GLS,Gloucestershire,0.15,0.15,0.1,0.15,0.1
6206,6206,Withington,STS,Staffordshire,0.15,0.15,0.1,0.15,0.1
6207,6207,Withington,HEF,Herefordshire,0.15,0.15,0.1,0.15,0.1
6208,6208,Withington,SHR,Shropshire,0.15,0.15,0.1,0.15,0.1
6209,6209,Witley,SRY,Surrey,0.15,0.15,0.1,0.15,0.1
6210,6210,Witney,OXF,Oxfordshire,0.15,0.15,0.1,0.15,0.1
6211,6211,Wittering,CAM,Cambridgeshire,0.15,0.15,0.1,0.15,0.1
6212,6212,Wittersham,KEN,Kent,0.15,0.15,0.1,0.15,0.1
6213,6213,Witton Gilbert,DUR,Durham,0.15,0.15,0.1,0.15,0.1
6214,6214,Wiveliscombe,SOM,Somerset,0.15,0.15,0.1,0.15,0.1
6215,6215,Wivelsfield Green,ESX,East Sussex,0.15,0.15,0.1,0.15,0.1
6216,6216,Wivenhoe,ESS,Essex,0.15,0.15,0.1,0.15,0.1
6217,6217,Woburn,,Bedfordshire,0.15,0.15,0.1,0.15,0.1
6218,6218,Woburn Sands,BKM,Buckinghamshire,0.15,0.15,0.1,0.15,0.1
6219,6219,Woking,SRY,Surrey,0.15,0.15,0.1,0.15,0.1
6220,6220,Wokingham,,Berkshire,0.15,0.15,0.1,0.15,0.1
6221,6221,Wold Newton,ERY,East Riding Of Yorkshire,0.15,0.15,0.1,0.15,0.1
6222,6222,Wold Newton,LIN,Lincolnshire,0.15,0.15,0.1,0.15,0.1
6223,6223,Woldingham,SRY,Surrey,0.15,0.15,0.1,0.15,0.1
6224,6224,Wollaston,SHR,Shropshire,0.15,0.15,0.1,0.15,0.1
6225,6225,Wollaston,NTH,Northamptonshire,0.15,0.15,0.1,0.15,0.1
6226,6226,Wollaston,,West Midlands,0.15,0.15,0.1,0.15,0.1
6227,6227,Wolsingham,DUR,Durham,0.15,0.15,0.1,0.15,0.1
6228,6228,Wolston,WAR,Warwickshire,0.15,0.15,0.1,0.15,0.1
6229,6229,Wolvercote,OXF,Oxfordshire,0.15,0.15,0.1,0.15,0.1
6230,6230,Wolverhampton,,West Midlands,0.15,0.15,0.1,0.15,0.1
6231,6231,Wolvey,WAR,Warwickshire,0.15,0.15,0.1,0.15,0.1
6232,6232,Wombwell,,South Yorkshire,0.15,0.15,0.1,0.15,0.1
6233,6233,Wood Green,LND,Greater London,0.15,0.15,0.1,0.15,0.1
6234,6234,Woodborough,WIL,Wiltshire,0.15,0.15,0.1,0.15,0.1
6235,6235,Woodborough,NTT,Nottinghamshire,0.15,0.15,0.1,0.15,0.1
6236,6236,Woodbridge,SFK,Suffolk,0.15,0.15,0.1,0.15,0.1
6237,6237,Woodbury,DEV,Devon,0.15,0.15,0.1,0.15,0.1
6238,6238,Woodchurch,KEN,Kent,0.15,0.15,0.1,0.15,0.1
6239,6239,Woodchurch,,Merseyside,0.15,0.15,0.1,0.15,0.1
6240,6240,Woodcote,SHR,Shropshire,0.15,0.15,0.1,0.15,0.1
6241,6241,Woodcote,OXF,Oxfordshire,0.15,0.15,0.1,0.15,0.1
6242,6242,Woodford,,Greater Manchester,0.15,0.15,0.1,0.15,0.1
6243,6243,Woodford,NTH,Northamptonshire,0.15,0.15,0.1,0.15,0.1
6244,6244,Woodford,GLS,Gloucestershire,0.15,0.15,0.1,0.15,0.1
6245,6245,Woodford,CON,Cornwall,0.15,0.15,0.1,0.15,0.1
6246,6246,Woodford,LND,Greater London,0.15,0.15,0.1,0.15,0.1
6247,6247,Woodford Green,LND,Greater London,0.15,0.15,0.1,0.15,0.1
6248,6248,Woodhall Spa,LIN,Lincolnshire,0.15,0.15,0.1,0.15,0.1
6249,6249,Woodham Mortimer,ESS,Essex,0.15,0.15,0.1,0.15,0.1
6250,6250,Woodley,,Berkshire,0.15,0.15,0.1,0.15,0.1
6251,6251,Woodplumpton,LAN,Lancashire,0.15,0.15,0.1,0.15,0.1
6252,6252,Woodsetts,,South Yorkshire,0.15,0.15,0.1,0.15,0.1
6253,6253,Woodstock,OXF,Oxfordshire,0.15,0.15,0.1,0.15,0.1
6254,6254,Woodstock,,Belfast Greater,0.15,0.15,0.1,0.15,0.1
6255,6255,Woodton,NFK,Norfolk,0.15,0.15,0.1,0.15,0.1
6256,6256,Wookey,SOM,Somerset,0.15,0.15,0.1,0.15,0.1
6257,6257,Wool,DOR,Dorset,0.15,0.15,0.1,0.15,0.1
6258,6258,Woolacombe,DEV,Devon,0.15,0.15,0.1,0.15,0.1
6259,6259,Woolaston,GLS,Gloucestershire,0.15,0.15,0.1,0.15,0.1
6260,6260,Woolavington,SOM,Somerset,0.15,0.15,0.1,0.15,0.1
6261,6261,Wooler,NBL,Northumberland,0.15,0.15,0.1,0.15,0.1
6262,6262,Woolfardisworthy,DEV,Devon,0.15,0.15,0.1,0.15,0.1
6263,6263,Woolley,SOM,Somerset,0.15,0.15,0.1,0.15,0.1
6264,6264,Woolley,,West Yorkshire,0.15,0.15,0.1,0.15,0.1
6265,6265,Woolpit,SFK,Suffolk,0.15,0.15,0.1,0.15,0.1
6266,6266,Woolwich,LND,Greater London,0.15,0.15,0.1,0.15,0.1
6267,6267,Woore,SHR,Shropshire,0.15,0.15,0.1,0.15,0.1
6268,6268,Wootton,STS,Staffordshire,0.15,0.15,0.1,0.15,0.1
6269,6269,Wootton,HAM,Hampshire,0.15,0.15,0.1,0.15,0.1
6270,6270,Wootton,KEN,Kent,0.15,0.15,0.1,0.15,0.1
6271,6271,Wootton,LIN,Lincolnshire,0.15,0.15,0.1,0.15,0.1
6272,6272,Wootton,NTH,Northamptonshire,0.15,0.15,0.1,0.15,0.1
6273,6273,Wootton,OXF,Oxfordshire,0.15,0.15,0.1,0.15,0.1
6274,6274,Wootton,,Bedfordshire,0.15,0.15,0.1,0.15,0.1
6275,6275,Wootton,SHR,Shropshire,0.15,0.15,0.1,0.15,0.1
6276,6276,Worcester,WOR,Worcestershire,0.15,0.15,0.1,0.15,0.1
6277,6277,Worcester Park,LND,Greater London,0.15,0.15,0.1,0.15,0.1
6278,6278,Workington,CMA,Cumbria,0.15,0.15,0.1,0.15,0.1
6279,6279,Worksop,NTT,Nottinghamshire,0.15,0.15,0.1,0.15,0.1
6280,6280,Worlaby,LIN,Lincolnshire,0.15,0.15,0.1,0.15,0.1
6281,6281,Worlington,SFK,Suffolk,0.15,0.15,0.1,0.15,0.1
6282,6282,Worlingworth,SFK,Suffolk,0.15,0.15,0.1,0.15,0.1
6283,6283,Worminghall,BKM,Buckinghamshire,0.15,0.15,0.1,0.15,0.1
6284,6284,Wormley,HRT,Hertfordshire,0.15,0.15,0.1,0.15,0.1
6285,6285,Wormley,SRY,Surrey,0.15,0.15,0.1,0.15,0.1
6286,6286,Worth,WSX,West Sussex,0.15,0.15,0.1,0.15,0.1
6287,6287,Worth,KEN,Kent,0.15,0.15,0.1,0.15,0.1
6288,6288,Worthing,WSX,West Sussex,0.15,0.15,0.1,0.15,0.1
6289,6289,Worthing,NFK,Norfolk,0.15,0.15,0.1,0.15,0.1
6290,6290,Wortley,GLS,Gloucestershire,0.15,0.15,0.1,0.15,0.1
6291,6291,Worton,WIL,Wiltshire,0.15,0.15,0.1,0.15,0.1
6292,6292,Wotton-under-Edge,GLS,Gloucestershire,0.15,0.15,0.1,0.15,0.1
6293,6293,Wouldham,KEN,Kent,0.15,0.15,0.1,0.15,0.1
6294,6294,Wragby,LIN,Lincolnshire,0.15,0.15,0.1,0.15,0.1
6295,6295,Wrangle,LIN,Lincolnshire,0.15,0.15,0.1,0.15,0.1
6296,6296,Wrawby,LIN,Lincolnshire,0.15,0.15,0.1,0.15,0.1
6297,6297,Wrea Green,LAN,Lancashire,0.15,0.15,0.1,0.15,0.1
6298,6298,Wrentham,SFK,Suffolk,0.15,0.15,0.1,0.15,0.1
6299,6299,Wrestlingworth,,Bedfordshire,0.15,0.15,0.1,0.15,0.1
6300,6300,Wrexham,WRX,Wrexham,0.15,0.15,0.1,0.15,0.1
6301,6301,Writtle,ESS,Essex,0.15,0.15,0.1,0.15,0.1
6302,6302,Wrotham,KEN,Kent,0.15,0.15,0.1,0.15,0.1
6303,6303,Wroughton,WIL,Wiltshire,0.15,0.15,0.1,0.15,0.1
6304,6304,Wroxall,IOW,Isle Of Wight,0.15,0.15,0.1,0.15,0.1
6305,6305,Wybunbury,,Cheshire,0.15,0.15,0.1,0.15,0.1
6306,6306,Wychbold,WOR,Worcestershire,0.15,0.15,0.1,0.15,0.1
6307,6307,Wye,KEN,Kent,0.15,0.15,0.1,0.15,0.1
6308,6308,Wylam,NBL,Northumberland,0.15,0.15,0.1,0.15,0.1
6309,6309,Wymeswold,LEC,Leicestershire,0.15,0.15,0.1,0.15,0.1
6310,6310,Wymondham,LEC,Leicestershire,0.15,0.15,0.1,0.15,0.1
6311,6311,Wymondham,NFK,Norfolk,0.15,0.15,0.1,0.15,0.1
6312,6312,Y Felinheli,GWN,Gwynedd,0.15,0.15,0.1,0.15,0.1
6313,6313,Yalding,KEN,Kent,0.15,0.15,0.1,0.15,0.1
6314,6314,Yapton,WSX,West Sussex,0.15,0.15,0.1,0.15,0.1
6315,6315,Yardley Hastings,NTH,Northamptonshire,0.15,0.15,0.1,0.15,0.1
6316,6316,Yarm,NYK,North Yorkshire,0.15,0.15,0.1,0.15,0.1
6317,6317,Yarmouth,IOW,Isle Of Wight,0.15,0.15,0.1,0.15,0.1
6318,6318,Yarnton,OXF,Oxfordshire,0.15,0.15,0.1,0.15,0.1
6319,6319,Yate,GLS,Gloucestershire,0.15,0.15,0.1,0.15,0.1
6320,6320,Yateley,HAM,Hampshire,0.15,0.15,0.1,0.15,0.1
6321,6321,Yatton,HEF,Herefordshire,0.15,0.15,0.1,0.15,0.1
6322,6322,Yatton,SOM,Somerset,0.15,0.15,0.1,0.15,0.1
6323,6323,Yatton Keynell,WIL,Wiltshire,0.15,0.15,0.1,0.15,0.1
6324,6324,Yaxley,SFK,Suffolk,0.15,0.15,0.1,0.15,0.1
6325,6325,Yaxley,CAM,Cambridgeshire,0.15,0.15,0.1,0.15,0.1
6326,6326,Yazor,HEF,Herefordshire,0.15,0.15,0.1,0.15,0.1
6327,6327,Yeadon,,West Yorkshire,0.15,0.15,0.1,0.15,0.1
6328,6328,Yealmpton,DEV,Devon,0.15,0.15,0.1,0.15,0.1
6329,6329,Yelvertoft,NTH,Northamptonshire,0.15,0.15,0.1,0.15,0.1
6330,6330,Yelverton,DEV,Devon,0.15,0.15,0.1,0.15,0.1
6331,6331,Yelverton,NFK,Norfolk,0.15,0.15,0.1,0.15,0.1
6332,6332,Yeovil,SOM,Somerset,0.15,0.15,0.1,0.15,0.1
6333,6333,Yetminster,DOR,Dorset,0.15,0.15,0.1,0.15,0.1
6334,6334,Ynysybwl,RCT,Rhondda Cynon Taff,0.15,0.15,0.1,0.15,0.1
6335,6335,York,NYK,North Yorkshire,0.15,0.15,0.1,0.15,0.1
6336,6336,Youlgreave,DBY,Derbyshire,0.15,0.15,0.1,0.15,0.1
6337,6337,Yoxall,STS,Staffordshire,0.15,0.15,0.1,0.15,0.1
6338,6338,Yoxford,SFK,Suffolk,0.15,0.15,0.1,0.15,0.1
6339,6339,Ystalyfera,NTL,Neath Port Talbot,0.15,0.15,0.1,0.15,0.1
6340,6340,Ystrad Mynach,CAY,Caerphilly,0.15,0.15,0.1,0.15,0.1
6341,6341,Ystradgynlais,POW,Powys,0.15,0.15,0.1,0.15,0.1
