FIPS_CODE,COUNTY_CODE,COUNTY,ST,STATE,FOOD_INSECURITY,SEVERE_HOUSING_COST_BURDEN,UNEMPLOYED,NO_VEHICLE_ACCESS,UNINSURED
0,0,A Baña,GA,Galicia,0.15,0.15,0.1,0.15,0.1
1,1,A Coruña,GA,Galicia,0.15,0.15,0.1,0.15,0.1
2,2,Ababuj,AR,Aragon,0.15,0.15,0.1,0.15,0.1
3,3,Abades,CL,Castilla - Leon,0.15,0.15,0.1,0.15,0.1
4,4,Abadia,EX,Extremadura,0.15,0.15,0.1,0.15,0.1
5,5,Abadin,GA,Galicia,0.15,0.15,0.1,0.15,0.1
6,6,Abadiño,,Basque Country,0.15,0.15,0.1,0.15,0.1
7,7,Abaigar,,Navarre,0.15,0.15,0.1,0.15,0.1
8,8,Abajas,CL,Castilla - Leon,0.15,0.15,0.1,0.15,0.1
9,9,Abalos,RI,La Rioja,0.15,0.15,0.1,0.15,0.1
10,10,Abaltzisketa,,Basque Country,0.15,0.15,0.1,0.15,0.1
11,11,Abanades,CM,Castilla - La Mancha,0.15,0.15,0.1,0.15,0.1
12,12,Abanilla,MC,Murcia,0.15,0.15,0.1,0.15,0.1
13,13,Abanto,AR,Aragon,0.15,0.15,0.1,0.15,0.1
14,14,Abaran,MC,Murcia,0.15,0.15,0.1,0.15,0.1
15,15,Abarzuza,,Navarre,0.15,0.15,0.1,0.15,0.1
16,16,Abegondo,GA,Galicia,0.15,0.15,0.1,0.15,0.1
17,17,Abejar,CL,Castilla - Leon,0.15,0.15,0.1,0.15,0.1
18,18,Abengibre,CM,Castilla - La Mancha,0.15,0.15,0.1,0.15,0.1
19,19,Abenojar,CM,Castilla - La Mancha,0.15,0.15,0.1,0.15,0.1
20,20,Abertura,EX,Extremadura,0.15,0.15,0.1,0.15,0.1
21,21,Abezames,CL,Castilla - Leon,0.15,0.15,0.1,0.15,0.1
22,22,Abiego,AR,Aragon,0.15,0.15,0.1,0.15,0.1
23,23,Abizanda,AR,Aragon,0.15,0.15,0.1,0.15,0.1
24,24,Abla,AN,Andalucia,0.15,0.15,0.1,0.15,0.1
25,25,Ablanque,CM,Castilla - La Mancha,0.15,0.15,0.1,0.15,0.1
26,26,Ablitas,,Navarre,0.15,0.15,0.1,0.15,0.1
27,27,Abrera,,Catalonia,0.15,0.15,0.1,0.15,0.1
28,28,Abrucena,AN,Andalucia,0.15,0.15,0.1,0.15,0.1
29,29,Abusejo,CL,Castilla - Leon,0.15,0.15,0.1,0.15,0.1
30,30,Acebedo,CL,Castilla - Leon,0.15,0.15,0.1,0.15,0.1
31,31,Acebo,EX,Extremadura,0.15,0.15,0.1,0.15,0.1
32,32,Acedera,EX,Extremadura,0.15,0.15,0.1,0.15,0.1
33,33,Acehuche,EX,Extremadura,0.15,0.15,0.1,0.15,0.1
34,34,Aceituna,EX,Extremadura,0.15,0.15,0.1,0.15,0.1
35,35,Acered,AR,Aragon,0.15,0.15,0.1,0.15,0.1
36,36,Aceuchal,EX,Extremadura,0.15,0.15,0.1,0.15,0.1
37,37,Adahuesca,AR,Aragon,0.15,0.15,0.1,0.15,0.1
38,38,Adalia,CL,Castilla - Leon,0.15,0.15,0.1,0.15,0.1
39,39,Adamuz,AN,Andalucia,0.15,0.15,0.1,0.15,0.1
40,40,Adanero,CL,Castilla - Leon,0.15,0.15,0.1,0.15,0.1
41,41,Adeje,,Canary Islands,0.15,0.15,0.1,0.15,0.1
42,42,Ademuz,,Valencia,0.15,0.15,0.1,0.15,0.1
43,43,Adios,,Navarre,0.15,0.15,0.1,0.15,0.1
44,44,Adobes,CM,Castilla - La Mancha,0.15,0.15,0.1,0.15,0.1
45,45,Ador,,Valencia,0.15,0.15,0.1,0.15,0.1
46,46,Adra,AN,Andalucia,0.15,0.15,0.1,0.15,0.1
47,47,Adradas,CL,Castilla - Leon,0.15,0.15,0.1,0.15,0.1
48,48,Adrados,CL,Castilla - Leon,0.15,0.15,0.1,0.15,0.1
49,49,Adsubia,,Valencia,0.15,0.15,0.1,0.15,0.1
50,50,Aduna,,Basque Country,0.15,0.15,0.1,0.15,0.1
51,51,Agaete,,Canary Islands,0.15,0.15,0.1,0.15,0.1
52,52,Agallas,CL,Castilla - Leon,0.15,0.15,0.1,0.15,0.1
53,53,Ager,,Catalonia,0.15,0.15,0.1,0.15,0.1
54,54,Agon,AR,Aragon,0.15,0.15,0.1,0.15,0.1
55,55,Agoncillo,RI,La Rioja,0.15,0.15,0.1,0.15,0.1
56,56,Agost,,Valencia,0.15,0.15,0.1,0.15,0.1
57,57,Agramunt,,Catalonia,0.15,0.15,0.1,0.15,0.1
58,58,Agreda,CL,Castilla - Leon,0.15,0.15,0.1,0.15,0.1
59,59,Agres,,Valencia,0.15,0.15,0.1,0.15,0.1
60,60,Agron,AN,Andalucia,0.15,0.15,0.1,0.15,0.1
61,61,Aguadulce,AN,Andalucia,0.15,0.15,0.1,0.15,0.1
62,62,Aguaron,AR,Aragon,0.15,0.15,0.1,0.15,0.1
63,63,Aguasal,CL,Castilla - Leon,0.15,0.15,0.1,0.15,0.1
64,64,Aguaton,AR,Aragon,0.15,0.15,0.1,0.15,0.1
65,65,Aguaviva,AR,Aragon,0.15,0.15,0.1,0.15,0.1
66,66,Agudo,CM,Castilla - La Mancha,0.15,0.15,0.1,0.15,0.1
67,67,Aguilafuente,CL,Castilla - Leon,0.15,0.15,0.1,0.15,0.1
68,68,Aguilar,AN,Andalucia,0.15,0.15,0.1,0.15,0.1
69,69,Aguilas,MC,Murcia,0.15,0.15,0.1,0.15,0.1
70,70,Aguilon,AR,Aragon,0.15,0.15,0.1,0.15,0.1
71,71,Agullana,,Catalonia,0.15,0.15,0.1,0.15,0.1
72,72,Agullent,,Valencia,0.15,0.15,0.1,0.15,0.1
73,73,Agulo,,Canary Islands,0.15,0.15,0.1,0.15,0.1
74,74,Agüero,AR,Aragon,0.15,0.15,0.1,0.15,0.1
75,75,Agüimes,,Canary Islands,0.15,0.15,0.1,0.15,0.1
76,76,Ahigal,EX,Extremadura,0.15,0.15,0.1,0.15,0.1
77,77,Ahillones,EX,Extremadura,0.15,0.15,0.1,0.15,0.1
78,78,Aia,,Basque Country,0.15,0.15,0.1,0.15,0.1
79,79,Aibar,,Navarre,0.15,0.15,0.1,0.15,0.1
80,80,Aiguafreda,,Catalonia,0.15,0.15,0.1,0.15,0.1
81,81,Aiguamurcia,,Catalonia,0.15,0.15,0.1,0.15,0.1
82,82,Aiguaviva,,Catalonia,0.15,0.15,0.1,0.15,0.1
83,83,Aigües,,Valencia,0.15,0.15,0.1,0.15,0.1
84,84,Ainsa,AR,Aragon,0.15,0.15,0.1,0.15,0.1
85,85,Ainzon,AR,Aragon,0.15,0.15,0.1,0.15,0.1
86,86,Aitona,,Catalonia,0.15,0.15,0.1,0.15,0.1
87,87,Aizarnazabal,,Basque Country,0.15,0.15,0.1,0.15,0.1
88,88,Ajalvir,MD,Madrid,0.15,0.15,0.1,0.15,0.1
89,89,Ajamil,RI,La Rioja,0.15,0.15,0.1,0.15,0.1
90,90,Ajofrin,CM,Castilla - La Mancha,0.15,0.15,0.1,0.15,0.1
91,91,Alacon,AR,Aragon,0.15,0.15,0.1,0.15,0.1
92,92,Aladren,AR,Aragon,0.15,0.15,0.1,0.15,0.1
93,93,Alaejos,CL,Castilla - Leon,0.15,0.15,0.1,0.15,0.1
94,94,Alagon,AR,Aragon,0.15,0.15,0.1,0.15,0.1
95,95,Alaior,IB,Baleares,0.15,0.15,0.1,0.15,0.1
96,96,Alajar,AN,Andalucia,0.15,0.15,0.1,0.15,0.1
97,97,Alajero,,Canary Islands,0.15,0.15,0.1,0.15,0.1
98,98,Alameda,AN,Andalucia,0.15,0.15,0.1,0.15,0.1
99,99,Alamedilla,AN,Andalucia,0.15,0.15,0.1,0.15,0.1
100,100,Alamillo,CM,Castilla - La Mancha,0.15,0.15,0.1,0.15,0.1
101,101,Alaminos,CM,Castilla - La Mancha,0.15,0.15,0.1,0.15,0.1
102,102,Alange,EX,Extremadura,0.15,0.15,0.1,0.15,0.1
103,103,Alanis,AN,Andalucia,0.15,0.15,0.1,0.15,0.1
104,104,Alaquas,,Valencia,0.15,0.15,0.1,0.15,0.1
105,105,Alaraz,CL,Castilla - Leon,0.15,0.15,0.1,0.15,0.1
106,106,Alarba,AR,Aragon,0.15,0.15,0.1,0.15,0.1
107,107,Alarcon,CM,Castilla - La Mancha,0.15,0.15,0.1,0.15,0.1
108,108,Alarilla,CM,Castilla - La Mancha,0.15,0.15,0.1,0.15,0.1
109,109,Alaro,IB,Baleares,0.15,0.15,0.1,0.15,0.1
110,110,Alatoz,CM,Castilla - La Mancha,0.15,0.15,0.1,0.15,0.1
111,111,Alba,AR,Aragon,0.15,0.15,0.1,0.15,0.1
112,112,Albacete,CM,Castilla - La Mancha,0.15,0.15,0.1,0.15,0.1
113,113,Albaida,,Valencia,0.15,0.15,0.1,0.15,0.1
114,114,Albal,,Valencia,0.15,0.15,0.1,0.15,0.1
115,115,Albala,EX,Extremadura,0.15,0.15,0.1,0.15,0.1
116,116,Albaladejo,CM,Castilla - La Mancha,0.15,0.15,0.1,0.15,0.1
117,117,Albalatillo,AR,Aragon,0.15,0.15,0.1,0.15,0.1
118,118,Albanchez,AN,Andalucia,0.15,0.15,0.1,0.15,0.1
119,119,Albares,CM,Castilla - La Mancha,0.15,0.15,0.1,0.15,0.1
120,120,Albarracin,AR,Aragon,0.15,0.15,0.1,0.15,0.1
121,121,Albatana,CM,Castilla - La Mancha,0.15,0.15,0.1,0.15,0.1
122,122,Albatera,,Valencia,0.15,0.15,0.1,0.15,0.1
123,123,Albelda,AR,Aragon,0.15,0.15,0.1,0.15,0.1
124,124,Albendea,CM,Castilla - La Mancha,0.15,0.15,0.1,0.15,0.1
125,125,Albendiego,CM,Castilla - La Mancha,0.15,0.15,0.1,0.15,0.1
126,126,Albentosa,AR,Aragon,0.15,0.15,0.1,0.15,0.1
127,127,Alberic,,Valencia,0.15,0.15,0.1,0.15,0.1
128,128,Alberite,RI,La Rioja,0.15,0.15,0.1,0.15,0.1
129,129,Albero Alto,AR,Aragon,0.15,0.15,0.1,0.15,0.1
130,130,Albero Bajo,AR,Aragon,0.15,0.15,0.1,0.15,0.1
131,131,Albesa,,Catalonia,0.15,0.15,0.1,0.15,0.1
132,132,Albeta,AR,Aragon,0.15,0.15,0.1,0.15,0.1
133,133,Albillos,CL,Castilla - Leon,0.15,0.15,0.1,0.15,0.1
134,134,Albinyana,,Catalonia,0.15,0.15,0.1,0.15,0.1
135,135,Albiztur,,Basque Country,0.15,0.15,0.1,0.15,0.1
136,136,Albocasser,,Valencia,0.15,0.15,0.1,0.15,0.1
137,137,Alboloduy,AN,Andalucia,0.15,0.15,0.1,0.15,0.1
138,138,Albolote,AN,Andalucia,0.15,0.15,0.1,0.15,0.1
139,139,Albondon,AN,Andalucia,0.15,0.15,0.1,0.15,0.1
140,140,Albons,,Catalonia,0.15,0.15,0.1,0.15,0.1
141,141,Alborache,,Valencia,0.15,0.15,0.1,0.15,0.1
142,142,Alboraya,,Valencia,0.15,0.15,0.1,0.15,0.1
143,143,Alborea,CM,Castilla - La Mancha,0.15,0.15,0.1,0.15,0.1
144,144,Alborge,AR,Aragon,0.15,0.15,0.1,0.15,0.1
145,145,Albornos,CL,Castilla - Leon,0.15,0.15,0.1,0.15,0.1
146,146,Albox,AN,Andalucia,0.15,0.15,0.1,0.15,0.1
147,147,Albudeite,MC,Murcia,0.15,0.15,0.1,0.15,0.1
148,148,Albuixech,,Valencia,0.15,0.15,0.1,0.15,0.1
149,149,Alburquerque,EX,Extremadura,0.15,0.15,0.1,0.15,0.1
150,150,Albuñol,AN,Andalucia,0.15,0.15,0.1,0.15,0.1
151,151,Albuñuelas,AN,Andalucia,0.15,0.15,0.1,0.15,0.1
152,152,Alcabon,CM,Castilla - La Mancha,0.15,0.15,0.1,0.15,0.1
153,153,Alcadozo,CM,Castilla - La Mancha,0.15,0.15,0.1,0.15,0.1
154,154,Alcaine,AR,Aragon,0.15,0.15,0.1,0.15,0.1
155,155,Alcalali,,Valencia,0.15,0.15,0.1,0.15,0.1
156,156,Alcanadre,RI,La Rioja,0.15,0.15,0.1,0.15,0.1
157,157,Alcanar,,Catalonia,0.15,0.15,0.1,0.15,0.1
158,158,Alcano,,Catalonia,0.15,0.15,0.1,0.15,0.1
159,159,Alcantara,EX,Extremadura,0.15,0.15,0.1,0.15,0.1
160,160,Alcantarilla,MC,Murcia,0.15,0.15,0.1,0.15,0.1
161,161,Alcantud,CM,Castilla - La Mancha,0.15,0.15,0.1,0.15,0.1
162,162,Alcaracejos,AN,Andalucia,0.15,0.15,0.1,0.15,0.1
163,163,Alcaraz,CM,Castilla - La Mancha,0.15,0.15,0.1,0.15,0.1
164,164,Alcarras,,Catalonia,0.15,0.15,0.1,0.15,0.1
165,165,Alcasser,,Valencia,0.15,0.15,0.1,0.15,0.1
166,166,Alcaucin,AN,Andalucia,0.15,0.15,0.1,0.15,0.1
167,167,Alcaudete,AN,Andalucia,0.15,0.15,0.1,0.15,0.1
168,168,Alcazaren,CL,Castilla - Leon,0.15,0.15,0.1,0.15,0.1
169,169,Alcañices,CL,Castilla - Leon,0.15,0.15,0.1,0.15,0.1
170,170,Alcañiz,AR,Aragon,0.15,0.15,0.1,0.15,0.1
171,171,Alcañizo,CM,Castilla - La Mancha,0.15,0.15,0.1,0.15,0.1
172,172,Alcoba,CM,Castilla - La Mancha,0.15,0.15,0.1,0.15,0.1
173,173,Alcobendas,MD,Madrid,0.15,0.15,0.1,0.15,0.1
174,174,Alcocer,CM,Castilla - La Mancha,0.15,0.15,0.1,0.15,0.1
175,175,Alcohujate,CM,Castilla - La Mancha,0.15,0.15,0.1,0.15,0.1
176,176,Alcolea,AN,Andalucia,0.15,0.15,0.1,0.15,0.1
177,177,Alcoletge,,Catalonia,0.15,0.15,0.1,0.15,0.1
178,178,Alcollarin,EX,Extremadura,0.15,0.15,0.1,0.15,0.1
179,179,Alconaba,CL,Castilla - Leon,0.15,0.15,0.1,0.15,0.1
180,180,Alconada,CL,Castilla - Leon,0.15,0.15,0.1,0.15,0.1
181,181,Alconchel,EX,Extremadura,0.15,0.15,0.1,0.15,0.1
182,182,Alconera,EX,Extremadura,0.15,0.15,0.1,0.15,0.1
183,183,Alcontar,AN,Andalucia,0.15,0.15,0.1,0.15,0.1
184,184,Alcorcon,MD,Madrid,0.15,0.15,0.1,0.15,0.1
185,185,Alcorisa,AR,Aragon,0.15,0.15,0.1,0.15,0.1
186,186,Alcoroches,CM,Castilla - La Mancha,0.15,0.15,0.1,0.15,0.1
187,187,Alcover,,Catalonia,0.15,0.15,0.1,0.15,0.1
188,188,Alcoy,,Valencia,0.15,0.15,0.1,0.15,0.1
189,189,Alcubierre,AR,Aragon,0.15,0.15,0.1,0.15,0.1
190,190,Alcubillas,CM,Castilla - La Mancha,0.15,0.15,0.1,0.15,0.1
191,191,Alcublas,,Valencia,0.15,0.15,0.1,0.15,0.1
192,192,Alcudia,IB,Baleares,0.15,0.15,0.1,0.15,0.1
193,193,Alcuescar,EX,Extremadura,0.15,0.15,0.1,0.15,0.1
194,194,Aldaia,,Valencia,0.15,0.15,0.1,0.15,0.1
195,195,Aldea Real,CL,Castilla - Leon,0.15,0.15,0.1,0.15,0.1
196,196,Aldeacentenera,EX,Extremadura,0.15,0.15,0.1,0.15,0.1
197,197,Aldeacipreste,CL,Castilla - Leon,0.15,0.15,0.1,0.15,0.1
198,198,Aldealafuente,CL,Castilla - Leon,0.15,0.15,0.1,0.15,0.1
199,199,Aldealcorvo,CL,Castilla - Leon,0.15,0.15,0.1,0.15,0.1
200,200,Aldealengua,CL,Castilla - Leon,0.15,0.15,0.1,0.15,0.1
201,201,Aldealpozo,CL,Castilla - Leon,0.15,0.15,0.1,0.15,0.1
202,202,Aldealseñor,CL,Castilla - Leon,0.15,0.15,0.1,0.15,0.1
203,203,Aldeaquemada,AN,Andalucia,0.15,0.15,0.1,0.15,0.1
204,204,Aldearrodrigo,CL,Castilla - Leon,0.15,0.15,0.1,0.15,0.1
205,205,Aldearrubia,CL,Castilla - Leon,0.15,0.15,0.1,0.15,0.1
206,206,Aldeaseca,CL,Castilla - Leon,0.15,0.15,0.1,0.15,0.1
207,207,Aldeasoña,CL,Castilla - Leon,0.15,0.15,0.1,0.15,0.1
208,208,Aldeatejada,CL,Castilla - Leon,0.15,0.15,0.1,0.15,0.1
209,209,Aldeire,AN,Andalucia,0.15,0.15,0.1,0.15,0.1
210,210,Aldeonte,CL,Castilla - Leon,0.15,0.15,0.1,0.15,0.1
211,211,Aldover,,Catalonia,0.15,0.15,0.1,0.15,0.1
212,212,Aledo,MC,Murcia,0.15,0.15,0.1,0.15,0.1
213,213,Alegia,,Basque Country,0.15,0.15,0.1,0.15,0.1
214,214,Alella,,Catalonia,0.15,0.15,0.1,0.15,0.1
215,215,Alentisque,CL,Castilla - Leon,0.15,0.15,0.1,0.15,0.1
216,216,Alerre,AR,Aragon,0.15,0.15,0.1,0.15,0.1
217,217,Alesanco,RI,La Rioja,0.15,0.15,0.1,0.15,0.1
218,218,Aleson,RI,La Rioja,0.15,0.15,0.1,0.15,0.1
219,219,Alfacar,AN,Andalucia,0.15,0.15,0.1,0.15,0.1
220,220,Alfafar,,Valencia,0.15,0.15,0.1,0.15,0.1
221,221,Alfafara,,Valencia,0.15,0.15,0.1,0.15,0.1
222,222,Alfajarin,AR,Aragon,0.15,0.15,0.1,0.15,0.1
223,223,Alfambra,AR,Aragon,0.15,0.15,0.1,0.15,0.1
224,224,Alfamen,AR,Aragon,0.15,0.15,0.1,0.15,0.1
225,225,Alfantega,AR,Aragon,0.15,0.15,0.1,0.15,0.1
226,226,Alfarnate,AN,Andalucia,0.15,0.15,0.1,0.15,0.1
227,227,Alfarnatejo,AN,Andalucia,0.15,0.15,0.1,0.15,0.1
228,228,Alfaro,RI,La Rioja,0.15,0.15,0.1,0.15,0.1
229,229,Alfarp,,Valencia,0.15,0.15,0.1,0.15,0.1
230,230,Alfarras,,Catalonia,0.15,0.15,0.1,0.15,0.1
231,231,Alfarrasi,,Valencia,0.15,0.15,0.1,0.15,0.1
232,232,Alfauir,,Valencia,0.15,0.15,0.1,0.15,0.1
233,233,Alfes,,Catalonia,0.15,0.15,0.1,0.15,0.1
234,234,Alfondeguilla,,Valencia,0.15,0.15,0.1,0.15,0.1
235,235,Alforja,,Catalonia,0.15,0.15,0.1,0.15,0.1
236,236,Alforque,AR,Aragon,0.15,0.15,0.1,0.15,0.1
237,237,Algadefe,CL,Castilla - Leon,0.15,0.15,0.1,0.15,0.1
238,238,Algaida,IB,Baleares,0.15,0.15,0.1,0.15,0.1
239,239,Algamitas,AN,Andalucia,0.15,0.15,0.1,0.15,0.1
240,240,Algar,AN,Andalucia,0.15,0.15,0.1,0.15,0.1
241,241,Algarinejo,AN,Andalucia,0.15,0.15,0.1,0.15,0.1
242,242,Algarra,CM,Castilla - La Mancha,0.15,0.15,0.1,0.15,0.1
243,243,Algarrobo,AN,Andalucia,0.15,0.15,0.1,0.15,0.1
244,244,Algatocin,AN,Andalucia,0.15,0.15,0.1,0.15,0.1
245,245,Algeciras,AN,Andalucia,0.15,0.15,0.1,0.15,0.1
246,246,Algemesi,,Valencia,0.15,0.15,0.1,0.15,0.1
247,247,Algerri,,Catalonia,0.15,0.15,0.1,0.15,0.1
248,248,Algete,MD,Madrid,0.15,0.15,0.1,0.15,0.1
249,249,Alginet,,Valencia,0.15,0.15,0.1,0.15,0.1
250,250,Algodonales,AN,Andalucia,0.15,0.15,0.1,0.15,0.1
251,251,Algodre,CL,Castilla - Leon,0.15,0.15,0.1,0.15,0.1
252,252,Algora,CM,Castilla - La Mancha,0.15,0.15,0.1,0.15,0.1
253,253,Algorfa,,Valencia,0.15,0.15,0.1,0.15,0.1
254,254,Alguaire,,Catalonia,0.15,0.15,0.1,0.15,0.1
255,255,Alguazas,MC,Murcia,0.15,0.15,0.1,0.15,0.1
256,256,Algueña,,Valencia,0.15,0.15,0.1,0.15,0.1
257,257,Alhabia,AN,Andalucia,0.15,0.15,0.1,0.15,0.1
258,258,Alhambra,CM,Castilla - La Mancha,0.15,0.15,0.1,0.15,0.1
259,259,Alhendin,AN,Andalucia,0.15,0.15,0.1,0.15,0.1
260,260,Alhondiga,CM,Castilla - La Mancha,0.15,0.15,0.1,0.15,0.1
261,261,Alia,EX,Extremadura,0.15,0.15,0.1,0.15,0.1
262,262,Aliaga,AR,Aragon,0.15,0.15,0.1,0.15,0.1
263,263,Aliaguilla,CM,Castilla - La Mancha,0.15,0.15,0.1,0.15,0.1
264,264,Alicante,,Valencia,0.15,0.15,0.1,0.15,0.1
265,265,Alicun,AN,Andalucia,0.15,0.15,0.1,0.15,0.1
266,266,Alio,,Catalonia,0.15,0.15,0.1,0.15,0.1
267,267,Alique,CM,Castilla - La Mancha,0.15,0.15,0.1,0.15,0.1
268,268,Aliseda,EX,Extremadura,0.15,0.15,0.1,0.15,0.1
269,269,Aliud,CL,Castilla - Leon,0.15,0.15,0.1,0.15,0.1
270,270,Aljaraque,AN,Andalucia,0.15,0.15,0.1,0.15,0.1
271,271,Aljucen,EX,Extremadura,0.15,0.15,0.1,0.15,0.1
272,272,Alkiza,,Basque Country,0.15,0.15,0.1,0.15,0.1
273,273,Allariz,GA,Galicia,0.15,0.15,0.1,0.15,0.1
274,274,Allepuz,AR,Aragon,0.15,0.15,0.1,0.15,0.1
275,275,Allo,,Navarre,0.15,0.15,0.1,0.15,0.1
276,276,Alloza,AR,Aragon,0.15,0.15,0.1,0.15,0.1
277,277,Allueva,AR,Aragon,0.15,0.15,0.1,0.15,0.1
278,278,Almacelles,,Catalonia,0.15,0.15,0.1,0.15,0.1
279,279,Almachar,AN,Andalucia,0.15,0.15,0.1,0.15,0.1
280,280,Almaden,CM,Castilla - La Mancha,0.15,0.15,0.1,0.15,0.1
281,281,Almadrones,CM,Castilla - La Mancha,0.15,0.15,0.1,0.15,0.1
282,282,Almagro,CM,Castilla - La Mancha,0.15,0.15,0.1,0.15,0.1
283,283,Almajano,CL,Castilla - Leon,0.15,0.15,0.1,0.15,0.1
284,284,Almaluez,CL,Castilla - Leon,0.15,0.15,0.1,0.15,0.1
285,285,Almansa,CM,Castilla - La Mancha,0.15,0.15,0.1,0.15,0.1
286,286,Almanza,CL,Castilla - Leon,0.15,0.15,0.1,0.15,0.1
287,287,Almaraz,EX,Extremadura,0.15,0.15,0.1,0.15,0.1
288,288,Almargen,AN,Andalucia,0.15,0.15,0.1,0.15,0.1
289,289,Almarza,CL,Castilla - Leon,0.15,0.15,0.1,0.15,0.1
290,290,Almassora,,Valencia,0.15,0.15,0.1,0.15,0.1
291,291,Almazan,CL,Castilla - Leon,0.15,0.15,0.1,0.15,0.1
292,292,Almazul,CL,Castilla - Leon,0.15,0.15,0.1,0.15,0.1
293,293,Almedijar,,Valencia,0.15,0.15,0.1,0.15,0.1
294,294,Almedina,CM,Castilla - La Mancha,0.15,0.15,0.1,0.15,0.1
295,295,Almedinilla,AN,Andalucia,0.15,0.15,0.1,0.15,0.1
296,296,Almegijar,AN,Andalucia,0.15,0.15,0.1,0.15,0.1
297,297,Almeida,CL,Castilla - Leon,0.15,0.15,0.1,0.15,0.1
298,298,Almenar,,Catalonia,0.15,0.15,0.1,0.15,0.1
299,299,Almenara,,Valencia,0.15,0.15,0.1,0.15,0.1
300,300,Almendra,CL,Castilla - Leon,0.15,0.15,0.1,0.15,0.1
301,301,Almendral,EX,Extremadura,0.15,0.15,0.1,0.15,0.1
302,302,Almendralejo,EX,Extremadura,0.15,0.15,0.1,0.15,0.1
303,303,Almensilla,AN,Andalucia,0.15,0.15,0.1,0.15,0.1
304,304,Almeria,AN,Andalucia,0.15,0.15,0.1,0.15,0.1
305,305,Almisera,,Valencia,0.15,0.15,0.1,0.15,0.1
306,306,Almochuel,AR,Aragon,0.15,0.15,0.1,0.15,0.1
307,307,Almocita,AN,Andalucia,0.15,0.15,0.1,0.15,0.1
308,308,Almogia,AN,Andalucia,0.15,0.15,0.1,0.15,0.1
309,309,Almoguera,CM,Castilla - La Mancha,0.15,0.15,0.1,0.15,0.1
310,310,Almohaja,AR,Aragon,0.15,0.15,0.1,0.15,0.1
311,311,Almoharin,EX,Extremadura,0.15,0.15,0.1,0.15,0.1
312,312,Almoines,,Valencia,0.15,0.15,0.1,0.15,0.1
313,313,Almonte,AN,Andalucia,0.15,0.15,0.1,0.15,0.1
314,314,Almoradi,,Valencia,0.15,0.15,0.1,0.15,0.1
315,315,Almorox,CM,Castilla - La Mancha,0.15,0.15,0.1,0.15,0.1
316,316,Almoster,,Catalonia,0.15,0.15,0.1,0.15,0.1
317,317,Almudaina,,Valencia,0.15,0.15,0.1,0.15,0.1
318,318,Almudevar,AR,Aragon,0.15,0.15,0.1,0.15,0.1
319,319,Almuniente,AR,Aragon,0.15,0.15,0.1,0.15,0.1
320,320,Almuradiel,CM,Castilla - La Mancha,0.15,0.15,0.1,0.15,0.1
321,321,Almussafes,,Valencia,0.15,0.15,0.1,0.15,0.1
322,322,Alobras,AR,Aragon,0.15,0.15,0.1,0.15,0.1
323,323,Alocen,CM,Castilla - La Mancha,0.15,0.15,0.1,0.15,0.1
324,324,Alonsotegi,,Basque Country,0.15,0.15,0.1,0.15,0.1
325,325,Alora,AN,Andalucia,0.15,0.15,0.1,0.15,0.1
326,326,Alosno,AN,Andalucia,0.15,0.15,0.1,0.15,0.1
327,327,Alovera,CM,Castilla - La Mancha,0.15,0.15,0.1,0.15,0.1
328,328,Alozaina,AN,Andalucia,0.15,0.15,0.1,0.15,0.1
329,329,Alp,,Catalonia,0.15,0.15,0.1,0.15,0.1
330,330,Alpandeire,AN,Andalucia,0.15,0.15,0.1,0.15,0.1
331,331,Alpanseque,CL,Castilla - Leon,0.15,0.15,0.1,0.15,0.1
332,332,Alpartir,AR,Aragon,0.15,0.15,0.1,0.15,0.1
333,333,Alpedrete,MD,Madrid,0.15,0.15,0.1,0.15,0.1
334,334,Alpens,,Catalonia,0.15,0.15,0.1,0.15,0.1
335,335,Alpera,CM,Castilla - La Mancha,0.15,0.15,0.1,0.15,0.1
336,336,Alpicat,,Catalonia,0.15,0.15,0.1,0.15,0.1
337,337,Alpuente,,Valencia,0.15,0.15,0.1,0.15,0.1
338,338,Alquezar,AR,Aragon,0.15,0.15,0.1,0.15,0.1
339,339,Alquife,AN,Andalucia,0.15,0.15,0.1,0.15,0.1
340,340,Alsodux,AN,Andalucia,0.15,0.15,0.1,0.15,0.1
341,341,Altable,CL,Castilla - Leon,0.15,0.15,0.1,0.15,0.1
342,342,Altafulla,,Catalonia,0.15,0.15,0.1,0.15,0.1
343,343,Altarejos,CM,Castilla - La Mancha,0.15,0.15,0.1,0.15,0.1
344,344,Altea,,Valencia,0.15,0.15,0.1,0.15,0.1
345,345,Altsasu,,Navarre,0.15,0.15,0.1,0.15,0.1
346,346,Altura,,Valencia,0.15,0.15,0.1,0.15,0.1
347,347,Altzaga,,Basque Country,0.15,0.15,0.1,0.15,0.1
348,348,Alustante,CM,Castilla - La Mancha,0.15,0.15,0.1,0.15,0.1
349,349,Alzira,,Valencia,0.15,0.15,0.1,0.15,0.1
350,350,Amavida,CL,Castilla - Leon,0.15,0.15,0.1,0.15,0.1
351,351,Ambel,AR,Aragon,0.15,0.15,0.1,0.15,0.1
352,352,Ambia,GA,Galicia,0.15,0.15,0.1,0.15,0.1
353,353,Ambite,MD,Madrid,0.15,0.15,0.1,0.15,0.1
354,354,Ames,GA,Galicia,0.15,0.15,0.1,0.15,0.1
355,355,Ameyugo,CL,Castilla - Leon,0.15,0.15,0.1,0.15,0.1
356,356,Amezketa,,Basque Country,0.15,0.15,0.1,0.15,0.1
357,357,Amieva,AS,Asturias,0.15,0.15,0.1,0.15,0.1
358,358,Amoeiro,GA,Galicia,0.15,0.15,0.1,0.15,0.1
359,359,Amorebieta,,Basque Country,0.15,0.15,0.1,0.15,0.1
360,360,Amoroto,,Basque Country,0.15,0.15,0.1,0.15,0.1
361,361,Amposta,,Catalonia,0.15,0.15,0.1,0.15,0.1
362,362,Ampudia,CL,Castilla - Leon,0.15,0.15,0.1,0.15,0.1
363,363,Ampuero,CB,Cantabria,0.15,0.15,0.1,0.15,0.1
364,364,Amurrio,,Basque Country,0.15,0.15,0.1,0.15,0.1
365,365,Amusco,CL,Castilla - Leon,0.15,0.15,0.1,0.15,0.1
366,366,Amusquillo,CL,Castilla - Leon,0.15,0.15,0.1,0.15,0.1
367,367,Anadon,AR,Aragon,0.15,0.15,0.1,0.15,0.1
368,368,Anaya,CL,Castilla - Leon,0.15,0.15,0.1,0.15,0.1
369,369,Anchuelo,MD,Madrid,0.15,0.15,0.1,0.15,0.1
370,370,Anchuras,CM,Castilla - La Mancha,0.15,0.15,0.1,0.15,0.1
371,371,Ancin,,Navarre,0.15,0.15,0.1,0.15,0.1
372,372,Andilla,,Valencia,0.15,0.15,0.1,0.15,0.1
373,373,Andoain,,Basque Country,0.15,0.15,0.1,0.15,0.1
374,374,Andorra,AR,Aragon,0.15,0.15,0.1,0.15,0.1
375,375,Andosilla,,Navarre,0.15,0.15,0.1,0.15,0.1
376,376,Andratx,IB,Baleares,0.15,0.15,0.1,0.15,0.1
377,377,Andujar,AN,Andalucia,0.15,0.15,0.1,0.15,0.1
378,378,Anento,AR,Aragon,0.15,0.15,0.1,0.15,0.1
379,379,Angles,,Catalonia,0.15,0.15,0.1,0.15,0.1
380,380,Anglesola,,Catalonia,0.15,0.15,0.1,0.15,0.1
381,381,Anguciana,RI,La Rioja,0.15,0.15,0.1,0.15,0.1
382,382,Angues,AR,Aragon,0.15,0.15,0.1,0.15,0.1
383,383,Anguiano,RI,La Rioja,0.15,0.15,0.1,0.15,0.1
384,384,Anguita,CM,Castilla - La Mancha,0.15,0.15,0.1,0.15,0.1
385,385,Anguix,CL,Castilla - Leon,0.15,0.15,0.1,0.15,0.1
386,386,Aniñon,AR,Aragon,0.15,0.15,0.1,0.15,0.1
387,387,Anna,,Valencia,0.15,0.15,0.1,0.15,0.1
388,388,Anoeta,,Basque Country,0.15,0.15,0.1,0.15,0.1
389,389,Anso,AR,Aragon,0.15,0.15,0.1,0.15,0.1
390,390,Antas,AN,Andalucia,0.15,0.15,0.1,0.15,0.1
391,391,Antella,,Valencia,0.15,0.15,0.1,0.15,0.1
392,392,Antequera,AN,Andalucia,0.15,0.15,0.1,0.15,0.1
393,393,Antigua,,Canary Islands,0.15,0.15,0.1,0.15,0.1
394,394,Antiguedad,CL,Castilla - Leon,0.15,0.15,0.1,0.15,0.1
395,395,Antillon,AR,Aragon,0.15,0.15,0.1,0.15,0.1
396,396,Antzuola,,Basque Country,0.15,0.15,0.1,0.15,0.1
397,397,Aoiz,,Navarre,0.15,0.15,0.1,0.15,0.1
398,398,Aracena,AN,Andalucia,0.15,0.15,0.1,0.15,0.1
399,399,Arafo,,Canary Islands,0.15,0.15,0.1,0.15,0.1
400,400,Arahuetes,CL,Castilla - Leon,0.15,0.15,0.1,0.15,0.1
401,401,Araia,,Basque Country,0.15,0.15,0.1,0.15,0.1
402,402,Arama,,Basque Country,0.15,0.15,0.1,0.15,0.1
403,403,Aranarache,,Navarre,0.15,0.15,0.1,0.15,0.1
404,404,Arancon,CL,Castilla - Leon,0.15,0.15,0.1,0.15,0.1
405,405,Arandiga,AR,Aragon,0.15,0.15,0.1,0.15,0.1
406,406,Arandilla,CL,Castilla - Leon,0.15,0.15,0.1,0.15,0.1
407,407,Aranga,GA,Galicia,0.15,0.15,0.1,0.15,0.1
408,408,Aranjuez,MD,Madrid,0.15,0.15,0.1,0.15,0.1
409,409,Arano,,Navarre,0.15,0.15,0.1,0.15,0.1
410,410,Arantza,,Navarre,0.15,0.15,0.1,0.15,0.1
411,411,Aranzueque,CM,Castilla - La Mancha,0.15,0.15,0.1,0.15,0.1
412,412,Arapiles,CL,Castilla - Leon,0.15,0.15,0.1,0.15,0.1
413,413,Aras,,Navarre,0.15,0.15,0.1,0.15,0.1
414,414,Arañuel,,Valencia,0.15,0.15,0.1,0.15,0.1
415,415,Arbancon,CM,Castilla - La Mancha,0.15,0.15,0.1,0.15,0.1
416,416,Arbeca,,Catalonia,0.15,0.15,0.1,0.15,0.1
417,417,Arbeteta,CM,Castilla - La Mancha,0.15,0.15,0.1,0.15,0.1
418,418,Arbizu,,Navarre,0.15,0.15,0.1,0.15,0.1
419,419,Arbo,GA,Galicia,0.15,0.15,0.1,0.15,0.1
420,420,Arboleas,AN,Andalucia,0.15,0.15,0.1,0.15,0.1
421,421,Arbucies,,Catalonia,0.15,0.15,0.1,0.15,0.1
422,422,Arcediano,CL,Castilla - Leon,0.15,0.15,0.1,0.15,0.1
423,423,Arcenillas,CL,Castilla - Leon,0.15,0.15,0.1,0.15,0.1
424,424,Archena,MC,Murcia,0.15,0.15,0.1,0.15,0.1
425,425,Archez,AN,Andalucia,0.15,0.15,0.1,0.15,0.1
426,426,Archidona,AN,Andalucia,0.15,0.15,0.1,0.15,0.1
427,427,Arcicollar,CM,Castilla - La Mancha,0.15,0.15,0.1,0.15,0.1
428,428,Arconada,CL,Castilla - Leon,0.15,0.15,0.1,0.15,0.1
429,429,Arcones,CL,Castilla - Leon,0.15,0.15,0.1,0.15,0.1
430,430,Arcos,CL,Castilla - Leon,0.15,0.15,0.1,0.15,0.1
431,431,Ardales,AN,Andalucia,0.15,0.15,0.1,0.15,0.1
432,432,Ardon,CL,Castilla - Leon,0.15,0.15,0.1,0.15,0.1
433,433,Areatza,,Basque Country,0.15,0.15,0.1,0.15,0.1
434,434,Arellano,,Navarre,0.15,0.15,0.1,0.15,0.1
435,435,Arenas,AN,Andalucia,0.15,0.15,0.1,0.15,0.1
436,436,Arenillas,CL,Castilla - Leon,0.15,0.15,0.1,0.15,0.1
437,437,Ares,GA,Galicia,0.15,0.15,0.1,0.15,0.1
438,438,Areso,,Navarre,0.15,0.15,0.1,0.15,0.1
439,439,Aretxabaleta,,Basque Country,0.15,0.15,0.1,0.15,0.1
440,440,Arevalo,CL,Castilla - Leon,0.15,0.15,0.1,0.15,0.1
441,441,Arganda,MD,Madrid,0.15,0.15,0.1,0.15,0.1
442,442,Arganza,CL,Castilla - Leon,0.15,0.15,0.1,0.15,0.1
443,443,Argavieso,AR,Aragon,0.15,0.15,0.1,0.15,0.1
444,444,Argecilla,CM,Castilla - La Mancha,0.15,0.15,0.1,0.15,0.1
445,445,Argelaguer,,Catalonia,0.15,0.15,0.1,0.15,0.1
446,446,Argelita,,Valencia,0.15,0.15,0.1,0.15,0.1
447,447,Argensola,,Catalonia,0.15,0.15,0.1,0.15,0.1
448,448,Argente,AR,Aragon,0.15,0.15,0.1,0.15,0.1
449,449,Argentona,,Catalonia,0.15,0.15,0.1,0.15,0.1
450,450,Argoños,CB,Cantabria,0.15,0.15,0.1,0.15,0.1
451,451,Arguedas,,Navarre,0.15,0.15,0.1,0.15,0.1
452,452,Arguis,AR,Aragon,0.15,0.15,0.1,0.15,0.1
453,453,Arguisuelas,CM,Castilla - La Mancha,0.15,0.15,0.1,0.15,0.1
454,454,Argujillo,CL,Castilla - Leon,0.15,0.15,0.1,0.15,0.1
455,455,Aria,,Navarre,0.15,0.15,0.1,0.15,0.1
456,456,Ariany,IB,Baleares,0.15,0.15,0.1,0.15,0.1
457,457,Aribe,,Navarre,0.15,0.15,0.1,0.15,0.1
458,458,Arija,CL,Castilla - Leon,0.15,0.15,0.1,0.15,0.1
459,459,Ariza,AR,Aragon,0.15,0.15,0.1,0.15,0.1
460,460,Ariño,AR,Aragon,0.15,0.15,0.1,0.15,0.1
461,461,Arjona,AN,Andalucia,0.15,0.15,0.1,0.15,0.1
462,462,Arjonilla,AN,Andalucia,0.15,0.15,0.1,0.15,0.1
463,463,Arlanzon,CL,Castilla - Leon,0.15,0.15,0.1,0.15,0.1
464,464,Armallones,CM,Castilla - La Mancha,0.15,0.15,0.1,0.15,0.1
465,465,Armañanzas,,Navarre,0.15,0.15,0.1,0.15,0.1
466,466,Armenteros,CL,Castilla - Leon,0.15,0.15,0.1,0.15,0.1
467,467,Armilla,AN,Andalucia,0.15,0.15,0.1,0.15,0.1
468,468,Armuña,CL,Castilla - Leon,0.15,0.15,0.1,0.15,0.1
469,469,Arnedillo,RI,La Rioja,0.15,0.15,0.1,0.15,0.1
470,470,Arnedo,RI,La Rioja,0.15,0.15,0.1,0.15,0.1
471,471,Arnes,,Catalonia,0.15,0.15,0.1,0.15,0.1
472,472,Arnuero,CB,Cantabria,0.15,0.15,0.1,0.15,0.1
473,473,Aroche,AN,Andalucia,0.15,0.15,0.1,0.15,0.1
474,474,Arona,,Canary Islands,0.15,0.15,0.1,0.15,0.1
475,475,Arquillinos,CL,Castilla - Leon,0.15,0.15,0.1,0.15,0.1
476,476,Arquillos,AN,Andalucia,0.15,0.15,0.1,0.15,0.1
477,477,Arrabalde,CL,Castilla - Leon,0.15,0.15,0.1,0.15,0.1
478,478,Arrancacepas,CM,Castilla - La Mancha,0.15,0.15,0.1,0.15,0.1
479,479,Arrecife,,Canary Islands,0.15,0.15,0.1,0.15,0.1
480,480,Arredondo,CB,Cantabria,0.15,0.15,0.1,0.15,0.1
481,481,Arriate,AN,Andalucia,0.15,0.15,0.1,0.15,0.1
482,482,Arriba,AS,Asturias,0.15,0.15,0.1,0.15,0.1
483,483,Arrigorriaga,,Basque Country,0.15,0.15,0.1,0.15,0.1
484,484,Arroba,CM,Castilla - La Mancha,0.15,0.15,0.1,0.15,0.1
485,485,Arroniz,,Navarre,0.15,0.15,0.1,0.15,0.1
486,486,Arroyomolinos,MD,Madrid,0.15,0.15,0.1,0.15,0.1
487,487,Arruazu,,Navarre,0.15,0.15,0.1,0.15,0.1
488,488,Arrubal,RI,La Rioja,0.15,0.15,0.1,0.15,0.1
489,489,Arta,IB,Baleares,0.15,0.15,0.1,0.15,0.1
490,490,Artajona,,Navarre,0.15,0.15,0.1,0.15,0.1
491,491,Artana,,Valencia,0.15,0.15,0.1,0.15,0.1
492,492,Artazu,,Navarre,0.15,0.15,0.1,0.15,0.1
493,493,Arteixo,GA,Galicia,0.15,0.15,0.1,0.15,0.1
494,494,Artenara,,Canary Islands,0.15,0.15,0.1,0.15,0.1
495,495,Artes,,Catalonia,0.15,0.15,0.1,0.15,0.1
496,496,Artieda,AR,Aragon,0.15,0.15,0.1,0.15,0.1
497,497,Arucas,,Canary Islands,0.15,0.15,0.1,0.15,0.1
498,498,Arzua,GA,Galicia,0.15,0.15,0.1,0.15,0.1
499,499,Asco,,Catalonia,0.15,0.15,0.1,0.15,0.1
500,500,Asin,AR,Aragon,0.15,0.15,0.1,0.15,0.1
501,501,Aspa,,Catalonia,0.15,0.15,0.1,0.15,0.1
502,502,Aspariegos,CL,Castilla - Leon,0.15,0.15,0.1,0.15,0.1
503,503,Aspe,,Valencia,0.15,0.15,0.1,0.15,0.1
504,504,Asteasu,,Basque Country,0.15,0.15,0.1,0.15,0.1
505,505,Astigarraga,,Basque Country,0.15,0.15,0.1,0.15,0.1
506,506,Astorga,CL,Castilla - Leon,0.15,0.15,0.1,0.15,0.1
507,507,Astudillo,CL,Castilla - Leon,0.15,0.15,0.1,0.15,0.1
508,508,Asturianos,CL,Castilla - Leon,0.15,0.15,0.1,0.15,0.1
509,509,Atajate,AN,Andalucia,0.15,0.15,0.1,0.15,0.1
510,510,Atalaya,EX,Extremadura,0.15,0.15,0.1,0.15,0.1
511,511,Atamaria,MC,Murcia,0.15,0.15,0.1,0.15,0.1
512,512,Atanzon,CM,Castilla - La Mancha,0.15,0.15,0.1,0.15,0.1
513,513,Atapuerca,CL,Castilla - Leon,0.15,0.15,0.1,0.15,0.1
514,514,Ataquines,CL,Castilla - Leon,0.15,0.15,0.1,0.15,0.1
515,515,Atarfe,AN,Andalucia,0.15,0.15,0.1,0.15,0.1
516,516,Atarrabia,,Navarre,0.15,0.15,0.1,0.15,0.1
517,517,Ataun,,Basque Country,0.15,0.15,0.1,0.15,0.1
518,518,Atea,AR,Aragon,0.15,0.15,0.1,0.15,0.1
519,519,Ateca,AR,Aragon,0.15,0.15,0.1,0.15,0.1
520,520,Atienza,CM,Castilla - La Mancha,0.15,0.15,0.1,0.15,0.1
521,521,Aulesti,,Basque Country,0.15,0.15,0.1,0.15,0.1
522,522,Ausejo,RI,La Rioja,0.15,0.15,0.1,0.15,0.1
523,523,Autol,RI,La Rioja,0.15,0.15,0.1,0.15,0.1
524,524,Aveinte,CL,Castilla - Leon,0.15,0.15,0.1,0.15,0.1
525,525,Avellaneda,,Basque Country,0.15,0.15,0.1,0.15,0.1
526,526,Avellaneda,CL,Castilla - Leon,0.15,0.15,0.1,0.15,0.1
527,527,Avia,,Catalonia,0.15,0.15,0.1,0.15,0.1
528,528,Avila,CL,Castilla - Leon,0.15,0.15,0.1,0.15,0.1
529,529,Aviles,AS,Asturias,0.15,0.15,0.1,0.15,0.1
530,530,Avinyo,,Catalonia,0.15,0.15,0.1,0.15,0.1
531,531,Avion,GA,Galicia,0.15,0.15,0.1,0.15,0.1
532,532,Ayamonte,AN,Andalucia,0.15,0.15,0.1,0.15,0.1
533,533,Ayegui,,Navarre,0.15,0.15,0.1,0.15,0.1
534,534,Ayerbe,AR,Aragon,0.15,0.15,0.1,0.15,0.1
535,535,Ayllon,CL,Castilla - Leon,0.15,0.15,0.1,0.15,0.1
536,536,Ayna,CM,Castilla - La Mancha,0.15,0.15,0.1,0.15,0.1
537,537,Ayodar,,Valencia,0.15,0.15,0.1,0.15,0.1
538,538,Ayora,,Valencia,0.15,0.15,0.1,0.15,0.1
539,539,Ayuela,CL,Castilla - Leon,0.15,0.15,0.1,0.15,0.1
540,540,Azagra,,Navarre,0.15,0.15,0.1,0.15,0.1
541,541,Azara,AR,Aragon,0.15,0.15,0.1,0.15,0.1
542,542,Azkoitia,,Basque Country,0.15,0.15,0.1,0.15,0.1
543,543,Azlor,AR,Aragon,0.15,0.15,0.1,0.15,0.1
544,544,Aznalcazar,AN,Andalucia,0.15,0.15,0.1,0.15,0.1
545,545,Aznalcollar,AN,Andalucia,0.15,0.15,0.1,0.15,0.1
546,546,Azofra,RI,La Rioja,0.15,0.15,0.1,0.15,0.1
547,547,Azpeitia,,Basque Country,0.15,0.15,0.1,0.15,0.1
548,548,Azuaga,EX,Extremadura,0.15,0.15,0.1,0.15,0.1
549,549,Azuara,AR,Aragon,0.15,0.15,0.1,0.15,0.1
550,550,Azuebar,,Valencia,0.15,0.15,0.1,0.15,0.1
551,551,Azuelo,,Navarre,0.15,0.15,0.1,0.15,0.1
552,552,Azutan,CM,Castilla - La Mancha,0.15,0.15,0.1,0.15,0.1
553,553,Añe,CL,Castilla - Leon,0.15,0.15,0.1,0.15,0.1
554,554,Añora,AN,Andalucia,0.15,0.15,0.1,0.15,0.1
555,555,Añorbe,,Navarre,0.15,0.15,0.1,0.15,0.1
556,556,Babilafuente,CL,Castilla - Leon,0.15,0.15,0.1,0.15,0.1
557,557,Badajoz,EX,Extremadura,0.15,0.15,0.1,0.15,0.1
558,558,Badalona,,Catalonia,0.15,0.15,0.1,0.15,0.1
559,559,Badaran,RI,La Rioja,0.15,0.15,0.1,0.15,0.1
560,560,Badenas,AR,Aragon,0.15,0.15,0.1,0.15,0.1
561,561,Badolatosa,AN,Andalucia,0.15,0.15,0.1,0.15,0.1
562,562,Badules,AR,Aragon,0.15,0.15,0.1,0.15,0.1
563,563,Baells,AR,Aragon,0.15,0.15,0.1,0.15,0.1
564,564,Baena,AN,Andalucia,0.15,0.15,0.1,0.15,0.1
565,565,Baeza,AN,Andalucia,0.15,0.15,0.1,0.15,0.1
566,566,Baga,,Catalonia,0.15,0.15,0.1,0.15,0.1
567,567,Baguena,AR,Aragon,0.15,0.15,0.1,0.15,0.1
568,568,Bagues,AR,Aragon,0.15,0.15,0.1,0.15,0.1
569,569,Bahabon,CL,Castilla - Leon,0.15,0.15,0.1,0.15,0.1
570,570,Baides,CM,Castilla - La Mancha,0.15,0.15,0.1,0.15,0.1
571,571,Bailen,AN,Andalucia,0.15,0.15,0.1,0.15,0.1
572,572,Bailo,AR,Aragon,0.15,0.15,0.1,0.15,0.1
573,573,Baiona,GA,Galicia,0.15,0.15,0.1,0.15,0.1
574,574,Bakaiku,,Navarre,0.15,0.15,0.1,0.15,0.1
575,575,Bakio,,Basque Country,0.15,0.15,0.1,0.15,0.1
576,576,Balaguer,,Catalonia,0.15,0.15,0.1,0.15,0.1
577,577,Balanegra,AN,Andalucia,0.15,0.15,0.1,0.15,0.1
578,578,Balazote,CM,Castilla - La Mancha,0.15,0.15,0.1,0.15,0.1
579,579,Balboa,CL,Castilla - Leon,0.15,0.15,0.1,0.15,0.1
580,580,Balconchan,AR,Aragon,0.15,0.15,0.1,0.15,0.1
581,581,Baliarrain,,Basque Country,0.15,0.15,0.1,0.15,0.1
582,582,Ballesteros,CM,Castilla - La Mancha,0.15,0.15,0.1,0.15,0.1
583,583,Ballobar,AR,Aragon,0.15,0.15,0.1,0.15,0.1
584,584,Balmaseda,,Basque Country,0.15,0.15,0.1,0.15,0.1
585,585,Balones,,Valencia,0.15,0.15,0.1,0.15,0.1
586,586,Balsareny,,Catalonia,0.15,0.15,0.1,0.15,0.1
587,587,Baltanas,CL,Castilla - Leon,0.15,0.15,0.1,0.15,0.1
588,588,Baltar,GA,Galicia,0.15,0.15,0.1,0.15,0.1
589,589,Banastas,AR,Aragon,0.15,0.15,0.1,0.15,0.1
590,590,Bande,GA,Galicia,0.15,0.15,0.1,0.15,0.1
591,591,Banyalbufar,IB,Baleares,0.15,0.15,0.1,0.15,0.1
592,592,Banyoles,,Catalonia,0.15,0.15,0.1,0.15,0.1
593,593,Barakaldo,,Basque Country,0.15,0.15,0.1,0.15,0.1
594,594,Baralla,GA,Galicia,0.15,0.15,0.1,0.15,0.1
595,595,Barasoain,,Navarre,0.15,0.15,0.1,0.15,0.1
596,596,Barbalos,CL,Castilla - Leon,0.15,0.15,0.1,0.15,0.1
597,597,Barbastro,AR,Aragon,0.15,0.15,0.1,0.15,0.1
598,598,Barbate,AN,Andalucia,0.15,0.15,0.1,0.15,0.1
599,599,Barbens,,Catalonia,0.15,0.15,0.1,0.15,0.1
600,600,Barboles,AR,Aragon,0.15,0.15,0.1,0.15,0.1
601,601,Barbolla,CL,Castilla - Leon,0.15,0.15,0.1,0.15,0.1
602,602,Barbues,AR,Aragon,0.15,0.15,0.1,0.15,0.1
603,603,Barbuñales,AR,Aragon,0.15,0.15,0.1,0.15,0.1
604,604,Barca,CL,Castilla - Leon,0.15,0.15,0.1,0.15,0.1
605,605,Barcabo,AR,Aragon,0.15,0.15,0.1,0.15,0.1
606,606,Barcarrota,EX,Extremadura,0.15,0.15,0.1,0.15,0.1
607,607,Barcelona,,Catalonia,0.15,0.15,0.1,0.15,0.1
608,608,Barceo,CL,Castilla - Leon,0.15,0.15,0.1,0.15,0.1
609,609,Barcience,CM,Castilla - La Mancha,0.15,0.15,0.1,0.15,0.1
610,610,Barcones,CL,Castilla - Leon,0.15,0.15,0.1,0.15,0.1
611,611,Bardallur,AR,Aragon,0.15,0.15,0.1,0.15,0.1
612,612,Bareyo,CB,Cantabria,0.15,0.15,0.1,0.15,0.1
613,613,Bargas,CM,Castilla - La Mancha,0.15,0.15,0.1,0.15,0.1
614,614,Bargota,,Navarre,0.15,0.15,0.1,0.15,0.1
615,615,Barillas,,Navarre,0.15,0.15,0.1,0.15,0.1
616,616,Barjas,CL,Castilla - Leon,0.15,0.15,0.1,0.15,0.1
617,617,Barlovento,,Canary Islands,0.15,0.15,0.1,0.15,0.1
618,618,Barracas,,Valencia,0.15,0.15,0.1,0.15,0.1
619,619,Barrachina,AR,Aragon,0.15,0.15,0.1,0.15,0.1
620,620,Barraco,CL,Castilla - Leon,0.15,0.15,0.1,0.15,0.1
621,621,Barrado,EX,Extremadura,0.15,0.15,0.1,0.15,0.1
622,622,Barrax,CM,Castilla - La Mancha,0.15,0.15,0.1,0.15,0.1
623,623,Barreiros,GA,Galicia,0.15,0.15,0.1,0.15,0.1
624,624,Barriopedro,CM,Castilla - La Mancha,0.15,0.15,0.1,0.15,0.1
625,625,Barro,GA,Galicia,0.15,0.15,0.1,0.15,0.1
626,626,Barroman,CL,Castilla - Leon,0.15,0.15,0.1,0.15,0.1
627,627,Barruecopardo,CL,Castilla - Leon,0.15,0.15,0.1,0.15,0.1
628,628,Barruera,,Catalonia,0.15,0.15,0.1,0.15,0.1
629,629,Barx,,Valencia,0.15,0.15,0.1,0.15,0.1
630,630,Barxeta,,Valencia,0.15,0.15,0.1,0.15,0.1
631,631,Barzana,AS,Asturias,0.15,0.15,0.1,0.15,0.1
632,632,Basardilla,CL,Castilla - Leon,0.15,0.15,0.1,0.15,0.1
633,633,Basauri,,Basque Country,0.15,0.15,0.1,0.15,0.1
634,634,Bascara,,Catalonia,0.15,0.15,0.1,0.15,0.1
635,635,Bascuñana,CL,Castilla - Leon,0.15,0.15,0.1,0.15,0.1
636,636,Batea,,Catalonia,0.15,0.15,0.1,0.15,0.1
637,637,Baterno,EX,Extremadura,0.15,0.15,0.1,0.15,0.1
638,638,Batres,MD,Madrid,0.15,0.15,0.1,0.15,0.1
639,639,Bayarcal,AN,Andalucia,0.15,0.15,0.1,0.15,0.1
640,640,Bayarque,AN,Andalucia,0.15,0.15,0.1,0.15,0.1
641,641,Baza,AN,Andalucia,0.15,0.15,0.1,0.15,0.1
642,642,Bañares,RI,La Rioja,0.15,0.15,0.1,0.15,0.1
643,643,Bañuelos,CM,Castilla - La Mancha,0.15,0.15,0.1,0.15,0.1
644,644,Bea,AR,Aragon,0.15,0.15,0.1,0.15,0.1
645,645,Beade,GA,Galicia,0.15,0.15,0.1,0.15,0.1
646,646,Beamud,CM,Castilla - La Mancha,0.15,0.15,0.1,0.15,0.1
647,647,Beas,AN,Andalucia,0.15,0.15,0.1,0.15,0.1
648,648,Beasain,,Basque Country,0.15,0.15,0.1,0.15,0.1
649,649,Becedas,CL,Castilla - Leon,0.15,0.15,0.1,0.15,0.1
650,650,Becedillas,CL,Castilla - Leon,0.15,0.15,0.1,0.15,0.1
651,651,Becerrea,GA,Galicia,0.15,0.15,0.1,0.15,0.1
652,652,Bedar,AN,Andalucia,0.15,0.15,0.1,0.15,0.1
653,653,Begijar,AN,Andalucia,0.15,0.15,0.1,0.15,0.1
654,654,Begonte,GA,Galicia,0.15,0.15,0.1,0.15,0.1
655,655,Begues,,Catalonia,0.15,0.15,0.1,0.15,0.1
656,656,Begur,,Catalonia,0.15,0.15,0.1,0.15,0.1
657,657,Beire,,Navarre,0.15,0.15,0.1,0.15,0.1
658,658,Beires,AN,Andalucia,0.15,0.15,0.1,0.15,0.1
659,659,Beizama,,Basque Country,0.15,0.15,0.1,0.15,0.1
660,660,Bejar,CL,Castilla - Leon,0.15,0.15,0.1,0.15,0.1
661,661,Belalcazar,AN,Andalucia,0.15,0.15,0.1,0.15,0.1
662,662,Belascoain,,Navarre,0.15,0.15,0.1,0.15,0.1
663,663,Belauntza,,Basque Country,0.15,0.15,0.1,0.15,0.1
664,664,Belbimbre,CL,Castilla - Leon,0.15,0.15,0.1,0.15,0.1
665,665,Belchite,AR,Aragon,0.15,0.15,0.1,0.15,0.1
666,666,Beleña,CL,Castilla - Leon,0.15,0.15,0.1,0.15,0.1
667,667,Belgida,,Valencia,0.15,0.15,0.1,0.15,0.1
668,668,Belianes,,Catalonia,0.15,0.15,0.1,0.15,0.1
669,669,Belinchon,CM,Castilla - La Mancha,0.15,0.15,0.1,0.15,0.1
670,670,Bello,AR,Aragon,0.15,0.15,0.1,0.15,0.1
671,671,Bellprat,,Catalonia,0.15,0.15,0.1,0.15,0.1
672,672,Bellpuig,,Catalonia,0.15,0.15,0.1,0.15,0.1
673,673,Bellreguard,,Valencia,0.15,0.15,0.1,0.15,0.1
674,674,Bellus,,Valencia,0.15,0.15,0.1,0.15,0.1
675,675,Bellvis,,Catalonia,0.15,0.15,0.1,0.15,0.1
676,676,Belmez,AN,Andalucia,0.15,0.15,0.1,0.15,0.1
677,677,Belmonte,AS,Asturias,0.15,0.15,0.1,0.15,0.1
678,678,Belmonte,CM,Castilla - La Mancha,0.15,0.15,0.1,0.15,0.1
679,679,Belmontejo,CM,Castilla - La Mancha,0.15,0.15,0.1,0.15,0.1
680,680,Belorado,CL,Castilla - Leon,0.15,0.15,0.1,0.15,0.1
681,681,Bembibre,CL,Castilla - Leon,0.15,0.15,0.1,0.15,0.1
682,682,Benacazon,AN,Andalucia,0.15,0.15,0.1,0.15,0.1
683,683,Benafarces,CL,Castilla - Leon,0.15,0.15,0.1,0.15,0.1
684,684,Benafigos,,Valencia,0.15,0.15,0.1,0.15,0.1
685,685,Benageber,,Valencia,0.15,0.15,0.1,0.15,0.1
686,686,Benaguasil,,Valencia,0.15,0.15,0.1,0.15,0.1
687,687,Benahadux,AN,Andalucia,0.15,0.15,0.1,0.15,0.1
688,688,Benahavis,AN,Andalucia,0.15,0.15,0.1,0.15,0.1
689,689,Benalauria,AN,Andalucia,0.15,0.15,0.1,0.15,0.1
690,690,Benalmadena,AN,Andalucia,0.15,0.15,0.1,0.15,0.1
691,691,Benalup-Casas Viejas,AN,Andalucia,0.15,0.15,0.1,0.15,0.1
692,692,Benamargosa,AN,Andalucia,0.15,0.15,0.1,0.15,0.1
693,693,Benamaurel,AN,Andalucia,0.15,0.15,0.1,0.15,0.1
694,694,Benameji,AN,Andalucia,0.15,0.15,0.1,0.15,0.1
695,695,Benamocarra,AN,Andalucia,0.15,0.15,0.1,0.15,0.1
696,696,Benaocaz,AN,Andalucia,0.15,0.15,0.1,0.15,0.1
697,697,Benaojan,AN,Andalucia,0.15,0.15,0.1,0.15,0.1
698,698,Benarraba,AN,Andalucia,0.15,0.15,0.1,0.15,0.1
699,699,Benasau,,Valencia,0.15,0.15,0.1,0.15,0.1
700,700,Benasque,AR,Aragon,0.15,0.15,0.1,0.15,0.1
701,701,Benatae,AN,Andalucia,0.15,0.15,0.1,0.15,0.1
702,702,Benavente,CL,Castilla - Leon,0.15,0.15,0.1,0.15,0.1
703,703,Benavides,CL,Castilla - Leon,0.15,0.15,0.1,0.15,0.1
704,704,Benavites,,Valencia,0.15,0.15,0.1,0.15,0.1
705,705,Benegiles,CL,Castilla - Leon,0.15,0.15,0.1,0.15,0.1
706,706,Beneixama,,Valencia,0.15,0.15,0.1,0.15,0.1
707,707,Beneixida,,Valencia,0.15,0.15,0.1,0.15,0.1
708,708,Benejuzar,,Valencia,0.15,0.15,0.1,0.15,0.1
709,709,Benetusser,,Valencia,0.15,0.15,0.1,0.15,0.1
710,710,Benferri,,Valencia,0.15,0.15,0.1,0.15,0.1
711,711,Beniarbeig,,Valencia,0.15,0.15,0.1,0.15,0.1
712,712,Beniarda,,Valencia,0.15,0.15,0.1,0.15,0.1
713,713,Beniarjo,,Valencia,0.15,0.15,0.1,0.15,0.1
714,714,Beniarres,,Valencia,0.15,0.15,0.1,0.15,0.1
715,715,Beniatjar,,Valencia,0.15,0.15,0.1,0.15,0.1
716,716,Benicarlo,,Valencia,0.15,0.15,0.1,0.15,0.1
717,717,Benicassim,,Valencia,0.15,0.15,0.1,0.15,0.1
718,718,Benicolet,,Valencia,0.15,0.15,0.1,0.15,0.1
719,719,Benidoleig,,Valencia,0.15,0.15,0.1,0.15,0.1
720,720,Benidorm,,Valencia,0.15,0.15,0.1,0.15,0.1
721,721,Beniel,MC,Murcia,0.15,0.15,0.1,0.15,0.1
722,722,Benifaio,,Valencia,0.15,0.15,0.1,0.15,0.1
723,723,Benifallet,,Catalonia,0.15,0.15,0.1,0.15,0.1
724,724,Benifallim,,Valencia,0.15,0.15,0.1,0.15,0.1
725,725,Benifla,,Valencia,0.15,0.15,0.1,0.15,0.1
726,726,Beniganim,,Valencia,0.15,0.15,0.1,0.15,0.1
727,727,Benijofar,,Valencia,0.15,0.15,0.1,0.15,0.1
728,728,Benilloba,,Valencia,0.15,0.15,0.1,0.15,0.1
729,729,Benillup,,Valencia,0.15,0.15,0.1,0.15,0.1
730,730,Benimantell,,Valencia,0.15,0.15,0.1,0.15,0.1
731,731,Benimarfull,,Valencia,0.15,0.15,0.1,0.15,0.1
732,732,Benimassot,,Valencia,0.15,0.15,0.1,0.15,0.1
733,733,Benimeli,,Valencia,0.15,0.15,0.1,0.15,0.1
734,734,Benimodo,,Valencia,0.15,0.15,0.1,0.15,0.1
735,735,Benimuslem,,Valencia,0.15,0.15,0.1,0.15,0.1
736,736,Beniparrell,,Valencia,0.15,0.15,0.1,0.15,0.1
737,737,Benisano,,Valencia,0.15,0.15,0.1,0.15,0.1
738,738,Benissa,,Valencia,0.15,0.15,0.1,0.15,0.1
739,739,Benisuera,,Valencia,0.15,0.15,0.1,0.15,0.1
740,740,Benitachell,,Valencia,0.15,0.15,0.1,0.15,0.1
741,741,Benitagla,AN,Andalucia,0.15,0.15,0.1,0.15,0.1
742,742,Benizalon,AN,Andalucia,0.15,0.15,0.1,0.15,0.1
743,743,Benlloch,,Valencia,0.15,0.15,0.1,0.15,0.1
744,744,Benquerencia,EX,Extremadura,0.15,0.15,0.1,0.15,0.1
745,745,Bentarique,AN,Andalucia,0.15,0.15,0.1,0.15,0.1
746,746,Benuza,CL,Castilla - Leon,0.15,0.15,0.1,0.15,0.1
747,747,Bera,,Navarre,0.15,0.15,0.1,0.15,0.1
748,748,Berango,,Basque Country,0.15,0.15,0.1,0.15,0.1
749,749,Berantevilla,,Basque Country,0.15,0.15,0.1,0.15,0.1
750,750,Beranuy,AR,Aragon,0.15,0.15,0.1,0.15,0.1
751,751,Berastegi,,Basque Country,0.15,0.15,0.1,0.15,0.1
752,752,Beraton,CL,Castilla - Leon,0.15,0.15,0.1,0.15,0.1
753,753,Berbegal,AR,Aragon,0.15,0.15,0.1,0.15,0.1
754,754,Berberana,CL,Castilla - Leon,0.15,0.15,0.1,0.15,0.1
755,755,Berbinzana,,Navarre,0.15,0.15,0.1,0.15,0.1
756,756,Berceo,RI,La Rioja,0.15,0.15,0.1,0.15,0.1
757,757,Bercero,CL,Castilla - Leon,0.15,0.15,0.1,0.15,0.1
758,758,Berceruelo,CL,Castilla - Leon,0.15,0.15,0.1,0.15,0.1
759,759,Berchules,AN,Andalucia,0.15,0.15,0.1,0.15,0.1
760,760,Bercial,CL,Castilla - Leon,0.15,0.15,0.1,0.15,0.1
761,761,Bercimuel,CL,Castilla - Leon,0.15,0.15,0.1,0.15,0.1
762,762,Berdejo,AR,Aragon,0.15,0.15,0.1,0.15,0.1
763,763,Berga,,Catalonia,0.15,0.15,0.1,0.15,0.1
764,764,Bergara,,Basque Country,0.15,0.15,0.1,0.15,0.1
765,765,Bergasa,RI,La Rioja,0.15,0.15,0.1,0.15,0.1
766,766,Bergasillas Bajera,RI,La Rioja,0.15,0.15,0.1,0.15,0.1
767,767,Berge,AR,Aragon,0.15,0.15,0.1,0.15,0.1
768,768,Bergondo,GA,Galicia,0.15,0.15,0.1,0.15,0.1
769,769,Beriain,,Navarre,0.15,0.15,0.1,0.15,0.1
770,770,Berja,AN,Andalucia,0.15,0.15,0.1,0.15,0.1
771,771,Berlanga,EX,Extremadura,0.15,0.15,0.1,0.15,0.1
772,772,Bermellar,CL,Castilla - Leon,0.15,0.15,0.1,0.15,0.1
773,773,Bermeo,,Basque Country,0.15,0.15,0.1,0.15,0.1
774,774,Bernardos,CL,Castilla - Leon,0.15,0.15,0.1,0.15,0.1
775,775,Bernedo,,Basque Country,0.15,0.15,0.1,0.15,0.1
776,776,Berninches,CM,Castilla - La Mancha,0.15,0.15,0.1,0.15,0.1
777,777,Berriatua,,Basque Country,0.15,0.15,0.1,0.15,0.1
778,778,Berriz,,Basque Country,0.15,0.15,0.1,0.15,0.1
779,779,Berrobi,,Basque Country,0.15,0.15,0.1,0.15,0.1
780,780,Berrocal,AN,Andalucia,0.15,0.15,0.1,0.15,0.1
781,781,Berrocalejo,EX,Extremadura,0.15,0.15,0.1,0.15,0.1
782,782,Berrostegieta,,Basque Country,0.15,0.15,0.1,0.15,0.1
783,783,Berrueces,CL,Castilla - Leon,0.15,0.15,0.1,0.15,0.1
784,784,Berzocana,EX,Extremadura,0.15,0.15,0.1,0.15,0.1
785,785,Berzosilla,CL,Castilla - Leon,0.15,0.15,0.1,0.15,0.1
786,786,Besalu,,Catalonia,0.15,0.15,0.1,0.15,0.1
787,787,Bescano,,Catalonia,0.15,0.15,0.1,0.15,0.1
788,788,Betancuria,,Canary Islands,0.15,0.15,0.1,0.15,0.1
789,789,Betanzos,GA,Galicia,0.15,0.15,0.1,0.15,0.1
790,790,Betelu,,Navarre,0.15,0.15,0.1,0.15,0.1
791,791,Betera,,Valencia,0.15,0.15,0.1,0.15,0.1
792,792,Beteta,CM,Castilla - La Mancha,0.15,0.15,0.1,0.15,0.1
793,793,Betxi,,Valencia,0.15,0.15,0.1,0.15,0.1
794,794,Beuda,,Catalonia,0.15,0.15,0.1,0.15,0.1
795,795,Bezares,RI,La Rioja,0.15,0.15,0.1,0.15,0.1
796,796,Bezas,AR,Aragon,0.15,0.15,0.1,0.15,0.1
797,797,Biar,,Valencia,0.15,0.15,0.1,0.15,0.1
798,798,Bicorp,,Valencia,0.15,0.15,0.1,0.15,0.1
799,799,Biel,AR,Aragon,0.15,0.15,0.1,0.15,0.1
800,800,Bielsa,AR,Aragon,0.15,0.15,0.1,0.15,0.1
801,801,Bienservida,CM,Castilla - La Mancha,0.15,0.15,0.1,0.15,0.1
802,802,Bienvenida,EX,Extremadura,0.15,0.15,0.1,0.15,0.1
803,803,Bierge,AR,Aragon,0.15,0.15,0.1,0.15,0.1
804,804,Biescas,AR,Aragon,0.15,0.15,0.1,0.15,0.1
805,805,Bigastro,,Valencia,0.15,0.15,0.1,0.15,0.1
806,806,Bijuesca,AR,Aragon,0.15,0.15,0.1,0.15,0.1
807,807,Bilbao,,Basque Country,0.15,0.15,0.1,0.15,0.1
808,808,Bimenes,AS,Asturias,0.15,0.15,0.1,0.15,0.1
809,809,Binaced,AR,Aragon,0.15,0.15,0.1,0.15,0.1
810,810,Binefar,AR,Aragon,0.15,0.15,0.1,0.15,0.1
811,811,Binissalem,IB,Baleares,0.15,0.15,0.1,0.15,0.1
812,812,Biota,AR,Aragon,0.15,0.15,0.1,0.15,0.1
813,813,Bisaurri,AR,Aragon,0.15,0.15,0.1,0.15,0.1
814,814,Biscarrues,AR,Aragon,0.15,0.15,0.1,0.15,0.1
815,815,Bisimbre,AR,Aragon,0.15,0.15,0.1,0.15,0.1
816,816,Biure,,Catalonia,0.15,0.15,0.1,0.15,0.1
817,817,Blacos,CL,Castilla - Leon,0.15,0.15,0.1,0.15,0.1
818,818,Blanca,MC,Murcia,0.15,0.15,0.1,0.15,0.1
819,819,Blancafort,,Catalonia,0.15,0.15,0.1,0.15,0.1
820,820,Blancas,AR,Aragon,0.15,0.15,0.1,0.15,0.1
821,821,Blancos,GA,Galicia,0.15,0.15,0.1,0.15,0.1
822,822,Blanes,,Catalonia,0.15,0.15,0.1,0.15,0.1
823,823,Blascomillan,CL,Castilla - Leon,0.15,0.15,0.1,0.15,0.1
824,824,Blascosancho,CL,Castilla - Leon,0.15,0.15,0.1,0.15,0.1
825,825,Blazquez,AN,Andalucia,0.15,0.15,0.1,0.15,0.1
826,826,Blesa,AR,Aragon,0.15,0.15,0.1,0.15,0.1
827,827,Bliecos,CL,Castilla - Leon,0.15,0.15,0.1,0.15,0.1
828,828,Boada,CL,Castilla - Leon,0.15,0.15,0.1,0.15,0.1
829,829,Boal,AS,Asturias,0.15,0.15,0.1,0.15,0.1
830,830,Boalo,MD,Madrid,0.15,0.15,0.1,0.15,0.1
831,831,Bobadilla,RI,La Rioja,0.15,0.15,0.1,0.15,0.1
832,832,Boboras,GA,Galicia,0.15,0.15,0.1,0.15,0.1
833,833,Bocairent,,Valencia,0.15,0.15,0.1,0.15,0.1
834,834,Boceguillas,CL,Castilla - Leon,0.15,0.15,0.1,0.15,0.1
835,835,Bocigas,CL,Castilla - Leon,0.15,0.15,0.1,0.15,0.1
836,836,Boecillo,CL,Castilla - Leon,0.15,0.15,0.1,0.15,0.1
837,837,Bogajo,CL,Castilla - Leon,0.15,0.15,0.1,0.15,0.1
838,838,Bogarra,CM,Castilla - La Mancha,0.15,0.15,0.1,0.15,0.1
839,839,Bohoyo,CL,Castilla - Leon,0.15,0.15,0.1,0.15,0.1
840,840,Boimorto,GA,Galicia,0.15,0.15,0.1,0.15,0.1
841,841,Boiro,GA,Galicia,0.15,0.15,0.1,0.15,0.1
842,842,Bolbaite,,Valencia,0.15,0.15,0.1,0.15,0.1
843,843,Boltaña,AR,Aragon,0.15,0.15,0.1,0.15,0.1
844,844,Bolulla,,Valencia,0.15,0.15,0.1,0.15,0.1
845,845,Bolvir,,Catalonia,0.15,0.15,0.1,0.15,0.1
846,846,Bonansa,AR,Aragon,0.15,0.15,0.1,0.15,0.1
847,847,Bonares,AN,Andalucia,0.15,0.15,0.1,0.15,0.1
848,848,Bonastre,,Catalonia,0.15,0.15,0.1,0.15,0.1
849,849,Bonete,CM,Castilla - La Mancha,0.15,0.15,0.1,0.15,0.1
850,850,Boniches,CM,Castilla - La Mancha,0.15,0.15,0.1,0.15,0.1
851,851,Boquiñeni,AR,Aragon,0.15,0.15,0.1,0.15,0.1
852,852,Borau,AR,Aragon,0.15,0.15,0.1,0.15,0.1
853,853,Bordalba,AR,Aragon,0.15,0.15,0.1,0.15,0.1
854,854,Bordils,,Catalonia,0.15,0.15,0.1,0.15,0.1
855,855,Bordon,AR,Aragon,0.15,0.15,0.1,0.15,0.1
856,856,Borge,AN,Andalucia,0.15,0.15,0.1,0.15,0.1
857,857,Borja,AR,Aragon,0.15,0.15,0.1,0.15,0.1
858,858,Borjabad,CL,Castilla - Leon,0.15,0.15,0.1,0.15,0.1
859,859,Bormujos,AN,Andalucia,0.15,0.15,0.1,0.15,0.1
860,860,Bornos,AN,Andalucia,0.15,0.15,0.1,0.15,0.1
861,861,Borobia,CL,Castilla - Leon,0.15,0.15,0.1,0.15,0.1
862,862,Borox,CM,Castilla - La Mancha,0.15,0.15,0.1,0.15,0.1
863,863,Borrassa,,Catalonia,0.15,0.15,0.1,0.15,0.1
864,864,Borreda,,Catalonia,0.15,0.15,0.1,0.15,0.1
865,865,Borrenes,CL,Castilla - Leon,0.15,0.15,0.1,0.15,0.1
866,866,Borriol,,Valencia,0.15,0.15,0.1,0.15,0.1
867,867,Bot,,Catalonia,0.15,0.15,0.1,0.15,0.1
868,868,Botarell,,Catalonia,0.15,0.15,0.1,0.15,0.1
869,869,Botija,EX,Extremadura,0.15,0.15,0.1,0.15,0.1
870,870,Botorrita,AR,Aragon,0.15,0.15,0.1,0.15,0.1
871,871,Boveda,GA,Galicia,0.15,0.15,0.1,0.15,0.1
872,872,Bovera,,Catalonia,0.15,0.15,0.1,0.15,0.1
873,873,Boñar,CL,Castilla - Leon,0.15,0.15,0.1,0.15,0.1
874,874,Brafim,,Catalonia,0.15,0.15,0.1,0.15,0.1
875,875,Braojos,MD,Madrid,0.15,0.15,0.1,0.15,0.1
876,876,Brazacorta,CL,Castilla - Leon,0.15,0.15,0.1,0.15,0.1
877,877,Brazatortas,CM,Castilla - La Mancha,0.15,0.15,0.1,0.15,0.1
878,878,Brazuelo,CL,Castilla - Leon,0.15,0.15,0.1,0.15,0.1
879,879,Brañosera,CL,Castilla - Leon,0.15,0.15,0.1,0.15,0.1
880,880,Breda,,Catalonia,0.15,0.15,0.1,0.15,0.1
881,881,Brenes,AN,Andalucia,0.15,0.15,0.1,0.15,0.1
882,882,Breto,CL,Castilla - Leon,0.15,0.15,0.1,0.15,0.1
883,883,Bretocino,CL,Castilla - Leon,0.15,0.15,0.1,0.15,0.1
884,884,Breña Alta,,Canary Islands,0.15,0.15,0.1,0.15,0.1
885,885,Breña Baja,,Canary Islands,0.15,0.15,0.1,0.15,0.1
886,886,Brieva,CL,Castilla - Leon,0.15,0.15,0.1,0.15,0.1
887,887,Brihuega,CM,Castilla - La Mancha,0.15,0.15,0.1,0.15,0.1
888,888,Brincones,CL,Castilla - Leon,0.15,0.15,0.1,0.15,0.1
889,889,Briones,RI,La Rioja,0.15,0.15,0.1,0.15,0.1
890,890,Briviesca,CL,Castilla - Leon,0.15,0.15,0.1,0.15,0.1
891,891,Briñas,RI,La Rioja,0.15,0.15,0.1,0.15,0.1
892,892,Bronchales,AR,Aragon,0.15,0.15,0.1,0.15,0.1
893,893,Broto,AR,Aragon,0.15,0.15,0.1,0.15,0.1
894,894,Brozas,EX,Extremadura,0.15,0.15,0.1,0.15,0.1
895,895,Brunete,MD,Madrid,0.15,0.15,0.1,0.15,0.1
896,896,Brunyola,,Catalonia,0.15,0.15,0.1,0.15,0.1
897,897,Buberos,CL,Castilla - Leon,0.15,0.15,0.1,0.15,0.1
898,898,Bubierca,AR,Aragon,0.15,0.15,0.1,0.15,0.1
899,899,Bubion,AN,Andalucia,0.15,0.15,0.1,0.15,0.1
900,900,Buciegas,CM,Castilla - La Mancha,0.15,0.15,0.1,0.15,0.1
901,901,Budia,CM,Castilla - La Mancha,0.15,0.15,0.1,0.15,0.1
902,902,Buenamadre,CL,Castilla - Leon,0.15,0.15,0.1,0.15,0.1
903,903,Buenaventura,CM,Castilla - La Mancha,0.15,0.15,0.1,0.15,0.1
904,904,Buenavista,CL,Castilla - Leon,0.15,0.15,0.1,0.15,0.1
905,905,Buendia,CM,Castilla - La Mancha,0.15,0.15,0.1,0.15,0.1
906,906,Bueu,GA,Galicia,0.15,0.15,0.1,0.15,0.1
907,907,Bueña,AR,Aragon,0.15,0.15,0.1,0.15,0.1
908,908,Bufali,,Valencia,0.15,0.15,0.1,0.15,0.1
909,909,Bugarra,,Valencia,0.15,0.15,0.1,0.15,0.1
910,910,Bugedo,CL,Castilla - Leon,0.15,0.15,0.1,0.15,0.1
911,911,Buger,IB,Baleares,0.15,0.15,0.1,0.15,0.1
912,912,Buitrago,CL,Castilla - Leon,0.15,0.15,0.1,0.15,0.1
913,913,Bujalance,AN,Andalucia,0.15,0.15,0.1,0.15,0.1
914,914,Bujalaro,CM,Castilla - La Mancha,0.15,0.15,0.1,0.15,0.1
915,915,Bujaraloz,AR,Aragon,0.15,0.15,0.1,0.15,0.1
916,916,Bulbuente,AR,Aragon,0.15,0.15,0.1,0.15,0.1
917,917,Bullas,MC,Murcia,0.15,0.15,0.1,0.15,0.1
918,918,Buniel,CL,Castilla - Leon,0.15,0.15,0.1,0.15,0.1
919,919,Bunyola,IB,Baleares,0.15,0.15,0.1,0.15,0.1
920,920,Burbaguena,AR,Aragon,0.15,0.15,0.1,0.15,0.1
921,921,Bureta,AR,Aragon,0.15,0.15,0.1,0.15,0.1
922,922,Burgohondo,CL,Castilla - Leon,0.15,0.15,0.1,0.15,0.1
923,923,Burgos,CL,Castilla - Leon,0.15,0.15,0.1,0.15,0.1
924,924,Burguillos,AN,Andalucia,0.15,0.15,0.1,0.15,0.1
925,925,Burjassot,,Valencia,0.15,0.15,0.1,0.15,0.1
926,926,Burlata,,Navarre,0.15,0.15,0.1,0.15,0.1
927,927,Buron,CL,Castilla - Leon,0.15,0.15,0.1,0.15,0.1
928,928,Burriana,,Valencia,0.15,0.15,0.1,0.15,0.1
929,929,Burujon,CM,Castilla - La Mancha,0.15,0.15,0.1,0.15,0.1
930,930,Busot,,Valencia,0.15,0.15,0.1,0.15,0.1
931,931,Busquistar,AN,Andalucia,0.15,0.15,0.1,0.15,0.1
932,932,Bustares,CM,Castilla - La Mancha,0.15,0.15,0.1,0.15,0.1
933,933,Bustarviejo,MD,Madrid,0.15,0.15,0.1,0.15,0.1
934,934,Buñol,,Valencia,0.15,0.15,0.1,0.15,0.1
935,935,Buñuel,,Navarre,0.15,0.15,0.1,0.15,0.1
936,936,Caballar,CL,Castilla - Leon,0.15,0.15,0.1,0.15,0.1
937,937,Cabanelles,,Catalonia,0.15,0.15,0.1,0.15,0.1
938,938,Cabanes,,Valencia,0.15,0.15,0.1,0.15,0.1
939,939,Cabanes,,Catalonia,0.15,0.15,0.1,0.15,0.1
940,940,Cabanillas,,Navarre,0.15,0.15,0.1,0.15,0.1
941,941,Cabezabellosa,EX,Extremadura,0.15,0.15,0.1,0.15,0.1
942,942,Cabezamesada,CM,Castilla - La Mancha,0.15,0.15,0.1,0.15,0.1
943,943,Cabezarados,CM,Castilla - La Mancha,0.15,0.15,0.1,0.15,0.1
944,944,Cabezas Rubias,AN,Andalucia,0.15,0.15,0.1,0.15,0.1
945,945,Cabezon,CL,Castilla - Leon,0.15,0.15,0.1,0.15,0.1
946,946,Cabezuela,CL,Castilla - Leon,0.15,0.15,0.1,0.15,0.1
947,947,Cabizuela,CL,Castilla - Leon,0.15,0.15,0.1,0.15,0.1
948,948,Cabolafuente,AR,Aragon,0.15,0.15,0.1,0.15,0.1
949,949,Cabra,AN,Andalucia,0.15,0.15,0.1,0.15,0.1
950,950,Cabredo,,Navarre,0.15,0.15,0.1,0.15,0.1
951,951,Cabrerizos,CL,Castilla - Leon,0.15,0.15,0.1,0.15,0.1
952,952,Cabrero,EX,Extremadura,0.15,0.15,0.1,0.15,0.1
953,953,Cabrillanes,CL,Castilla - Leon,0.15,0.15,0.1,0.15,0.1
954,954,Cabrillas,CL,Castilla - Leon,0.15,0.15,0.1,0.15,0.1
955,955,Cabrils,,Catalonia,0.15,0.15,0.1,0.15,0.1
956,956,Cacabelos,CL,Castilla - Leon,0.15,0.15,0.1,0.15,0.1
957,957,Caceres,EX,Extremadura,0.15,0.15,0.1,0.15,0.1
958,958,Cachorrilla,EX,Extremadura,0.15,0.15,0.1,0.15,0.1
959,959,Cadalso,EX,Extremadura,0.15,0.15,0.1,0.15,0.1
960,960,Cadaques,,Catalonia,0.15,0.15,0.1,0.15,0.1
961,961,Cadiar,AN,Andalucia,0.15,0.15,0.1,0.15,0.1
962,962,Cadiz,AN,Andalucia,0.15,0.15,0.1,0.15,0.1
963,963,Cadreita,,Navarre,0.15,0.15,0.1,0.15,0.1
964,964,Cadrete,AR,Aragon,0.15,0.15,0.1,0.15,0.1
965,965,Cajar,AN,Andalucia,0.15,0.15,0.1,0.15,0.1
966,966,Cala,AN,Andalucia,0.15,0.15,0.1,0.15,0.1
967,967,Cala Reona,MC,Murcia,0.15,0.15,0.1,0.15,0.1
968,968,Calaceite,AR,Aragon,0.15,0.15,0.1,0.15,0.1
969,969,Calaf,,Catalonia,0.15,0.15,0.1,0.15,0.1
970,970,Calafell,,Catalonia,0.15,0.15,0.1,0.15,0.1
971,971,Calahorra,RI,La Rioja,0.15,0.15,0.1,0.15,0.1
972,972,Calamocha,AR,Aragon,0.15,0.15,0.1,0.15,0.1
973,973,Calamonte,EX,Extremadura,0.15,0.15,0.1,0.15,0.1
974,974,Calanda,AR,Aragon,0.15,0.15,0.1,0.15,0.1
975,975,Calasparra,MC,Murcia,0.15,0.15,0.1,0.15,0.1
976,976,Calatayud,AR,Aragon,0.15,0.15,0.1,0.15,0.1
977,977,Calatañazor,CL,Castilla - Leon,0.15,0.15,0.1,0.15,0.1
978,978,Calatorao,AR,Aragon,0.15,0.15,0.1,0.15,0.1
979,979,Calañas,AN,Andalucia,0.15,0.15,0.1,0.15,0.1
980,980,Calcena,AR,Aragon,0.15,0.15,0.1,0.15,0.1
981,981,Calders,,Catalonia,0.15,0.15,0.1,0.15,0.1
982,982,Calella,,Catalonia,0.15,0.15,0.1,0.15,0.1
983,983,Caleruega,CL,Castilla - Leon,0.15,0.15,0.1,0.15,0.1
984,984,Caleruela,CM,Castilla - La Mancha,0.15,0.15,0.1,0.15,0.1
985,985,Calicasas,AN,Andalucia,0.15,0.15,0.1,0.15,0.1
986,986,Calig,,Valencia,0.15,0.15,0.1,0.15,0.1
987,987,Calles,,Valencia,0.15,0.15,0.1,0.15,0.1
988,988,Callus,,Catalonia,0.15,0.15,0.1,0.15,0.1
989,989,Calmarza,AR,Aragon,0.15,0.15,0.1,0.15,0.1
990,990,Calomarde,AR,Aragon,0.15,0.15,0.1,0.15,0.1
991,991,Calonge,IB,Baleares,0.15,0.15,0.1,0.15,0.1
992,992,Calonge,,Catalonia,0.15,0.15,0.1,0.15,0.1
993,993,Calp,,Valencia,0.15,0.15,0.1,0.15,0.1
994,994,Caltojar,CL,Castilla - Leon,0.15,0.15,0.1,0.15,0.1
995,995,Calvia,IB,Baleares,0.15,0.15,0.1,0.15,0.1
996,996,Calvos,GA,Galicia,0.15,0.15,0.1,0.15,0.1
997,997,Calzadilla,EX,Extremadura,0.15,0.15,0.1,0.15,0.1
998,998,Camaleño,CB,Cantabria,0.15,0.15,0.1,0.15,0.1
999,999,Camarasa,,Catalonia,0.15,0.15,0.1,0.15,0.1
1000,1000,Camarena,CM,Castilla - La Mancha,0.15,0.15,0.1,0.15,0.1
1001,1001,Camarenilla,CM,Castilla - La Mancha,0.15,0.15,0.1,0.15,0.1
1002,1002,Camargo,CB,Cantabria,0.15,0.15,0.1,0.15,0.1
1003,1003,Camarillas,AR,Aragon,0.15,0.15,0.1,0.15,0.1
1004,1004,Camariñas,GA,Galicia,0.15,0.15,0.1,0.15,0.1
1005,1005,Camarles,,Catalonia,0.15,0.15,0.1,0.15,0.1
1006,1006,Camas,AN,Andalucia,0.15,0.15,0.1,0.15,0.1
1007,1007,Camañas,AR,Aragon,0.15,0.15,0.1,0.15,0.1
1008,1008,Cambados,GA,Galicia,0.15,0.15,0.1,0.15,0.1
1009,1009,Cambil,AN,Andalucia,0.15,0.15,0.1,0.15,0.1
1010,1010,Cambre,GA,Galicia,0.15,0.15,0.1,0.15,0.1
1011,1011,Cambrils,,Catalonia,0.15,0.15,0.1,0.15,0.1
1012,1012,Caminomorisco,EX,Extremadura,0.15,0.15,0.1,0.15,0.1
1013,1013,Caminreal,AR,Aragon,0.15,0.15,0.1,0.15,0.1
1014,1014,Camos,,Catalonia,0.15,0.15,0.1,0.15,0.1
1015,1015,Campanario,EX,Extremadura,0.15,0.15,0.1,0.15,0.1
1016,1016,Campanet,IB,Baleares,0.15,0.15,0.1,0.15,0.1
1017,1017,Campaspero,CL,Castilla - Leon,0.15,0.15,0.1,0.15,0.1
1018,1018,Campazas,CL,Castilla - Leon,0.15,0.15,0.1,0.15,0.1
1019,1019,Campdevanol,,Catalonia,0.15,0.15,0.1,0.15,0.1
1020,1020,Campillos,AN,Andalucia,0.15,0.15,0.1,0.15,0.1
1021,1021,Campillos-Paravientos,CM,Castilla - La Mancha,0.15,0.15,0.1,0.15,0.1
1022,1022,Campillos-Sierra,CM,Castilla - La Mancha,0.15,0.15,0.1,0.15,0.1
1023,1023,Campins,,Catalonia,0.15,0.15,0.1,0.15,0.1
1024,1024,Campisabalos,CM,Castilla - La Mancha,0.15,0.15,0.1,0.15,0.1
1025,1025,Campiña,AN,Andalucia,0.15,0.15,0.1,0.15,0.1
1026,1026,Campo,AR,Aragon,0.15,0.15,0.1,0.15,0.1
1027,1027,Campo Real,MD,Madrid,0.15,0.15,0.1,0.15,0.1
1028,1028,Campofrio,AN,Andalucia,0.15,0.15,0.1,0.15,0.1
1029,1029,Campolara,CL,Castilla - Leon,0.15,0.15,0.1,0.15,0.1
1030,1030,Camponaraya,CL,Castilla - Leon,0.15,0.15,0.1,0.15,0.1
1031,1031,Camporredondo,CL,Castilla - Leon,0.15,0.15,0.1,0.15,0.1
1032,1032,Camporrells,AR,Aragon,0.15,0.15,0.1,0.15,0.1
1033,1033,Camporrobles,,Valencia,0.15,0.15,0.1,0.15,0.1
1034,1034,Campos,IB,Baleares,0.15,0.15,0.1,0.15,0.1
1035,1035,Campotejar,AN,Andalucia,0.15,0.15,0.1,0.15,0.1
1036,1036,Camprodon,,Catalonia,0.15,0.15,0.1,0.15,0.1
1037,1037,Camuñas,CM,Castilla - La Mancha,0.15,0.15,0.1,0.15,0.1
1038,1038,Can Pastilla,IB,Baleares,0.15,0.15,0.1,0.15,0.1
1039,1039,Canales,CL,Castilla - Leon,0.15,0.15,0.1,0.15,0.1
1040,1040,Canals,,Valencia,0.15,0.15,0.1,0.15,0.1
1041,1041,Canar,AN,Andalucia,0.15,0.15,0.1,0.15,0.1
1042,1042,Candas,AS,Asturias,0.15,0.15,0.1,0.15,0.1
1043,1043,Candasnos,AR,Aragon,0.15,0.15,0.1,0.15,0.1
1044,1044,Candelaria,,Canary Islands,0.15,0.15,0.1,0.15,0.1
1045,1045,Candelario,CL,Castilla - Leon,0.15,0.15,0.1,0.15,0.1
1046,1046,Candeleda,CL,Castilla - Leon,0.15,0.15,0.1,0.15,0.1
1047,1047,Candilichera,CL,Castilla - Leon,0.15,0.15,0.1,0.15,0.1
1048,1048,Candin,CL,Castilla - Leon,0.15,0.15,0.1,0.15,0.1
1049,1049,Canena,AN,Andalucia,0.15,0.15,0.1,0.15,0.1
1050,1050,Canencia,MD,Madrid,0.15,0.15,0.1,0.15,0.1
1051,1051,Canfranc,AR,Aragon,0.15,0.15,0.1,0.15,0.1
1052,1052,Caniles,AN,Andalucia,0.15,0.15,0.1,0.15,0.1
1053,1053,Canjayar,AN,Andalucia,0.15,0.15,0.1,0.15,0.1
1054,1054,Canovelles,,Catalonia,0.15,0.15,0.1,0.15,0.1
1055,1055,Canredondo,CM,Castilla - La Mancha,0.15,0.15,0.1,0.15,0.1
1056,1056,Cantabrana,CL,Castilla - Leon,0.15,0.15,0.1,0.15,0.1
1057,1057,Cantagallo,CL,Castilla - Leon,0.15,0.15,0.1,0.15,0.1
1058,1058,Cantalapiedra,CL,Castilla - Leon,0.15,0.15,0.1,0.15,0.1
1059,1059,Cantalejo,CL,Castilla - Leon,0.15,0.15,0.1,0.15,0.1
1060,1060,Cantallops,,Catalonia,0.15,0.15,0.1,0.15,0.1
1061,1061,Cantalojas,CM,Castilla - La Mancha,0.15,0.15,0.1,0.15,0.1
1062,1062,Cantalpino,CL,Castilla - Leon,0.15,0.15,0.1,0.15,0.1
1063,1063,Cantaracillo,CL,Castilla - Leon,0.15,0.15,0.1,0.15,0.1
1064,1064,Cantavieja,AR,Aragon,0.15,0.15,0.1,0.15,0.1
1065,1065,Cantillana,AN,Andalucia,0.15,0.15,0.1,0.15,0.1
1066,1066,Cantimpalos,CL,Castilla - Leon,0.15,0.15,0.1,0.15,0.1
1067,1067,Cantiveros,CL,Castilla - Leon,0.15,0.15,0.1,0.15,0.1
1068,1068,Cantoria,AN,Andalucia,0.15,0.15,0.1,0.15,0.1
1069,1069,Canyelles,,Catalonia,0.15,0.15,0.1,0.15,0.1
1070,1070,Capafonts,,Catalonia,0.15,0.15,0.1,0.15,0.1
1071,1071,Caparroso,,Navarre,0.15,0.15,0.1,0.15,0.1
1072,1072,Capdepera,IB,Baleares,0.15,0.15,0.1,0.15,0.1
1073,1073,Capdesaso,AR,Aragon,0.15,0.15,0.1,0.15,0.1
1074,1074,Capella,AR,Aragon,0.15,0.15,0.1,0.15,0.1
1075,1075,Capellades,,Catalonia,0.15,0.15,0.1,0.15,0.1
1076,1076,Capileira,AN,Andalucia,0.15,0.15,0.1,0.15,0.1
1077,1077,Capilla,EX,Extremadura,0.15,0.15,0.1,0.15,0.1
1078,1078,Capillas,CL,Castilla - Leon,0.15,0.15,0.1,0.15,0.1
1079,1079,Capmany,,Catalonia,0.15,0.15,0.1,0.15,0.1
1080,1080,Capolat,,Catalonia,0.15,0.15,0.1,0.15,0.1
1081,1081,Carabantes,CL,Castilla - Leon,0.15,0.15,0.1,0.15,0.1
1082,1082,Carabaña,MD,Madrid,0.15,0.15,0.1,0.15,0.1
1083,1083,Caracena,CL,Castilla - Leon,0.15,0.15,0.1,0.15,0.1
1084,1084,Carataunas,AN,Andalucia,0.15,0.15,0.1,0.15,0.1
1085,1085,Caravaca,MC,Murcia,0.15,0.15,0.1,0.15,0.1
1086,1086,Caravia,AS,Asturias,0.15,0.15,0.1,0.15,0.1
1087,1087,Carazo,CL,Castilla - Leon,0.15,0.15,0.1,0.15,0.1
1088,1088,Carbajo,EX,Extremadura,0.15,0.15,0.1,0.15,0.1
1089,1089,Carballedo,GA,Galicia,0.15,0.15,0.1,0.15,0.1
1090,1090,Carballo,GA,Galicia,0.15,0.15,0.1,0.15,0.1
1091,1091,Carbellino,CL,Castilla - Leon,0.15,0.15,0.1,0.15,0.1
1092,1092,Carboneras,AN,Andalucia,0.15,0.15,0.1,0.15,0.1
1093,1093,Carboneros,AN,Andalucia,0.15,0.15,0.1,0.15,0.1
1094,1094,Carcaboso,EX,Extremadura,0.15,0.15,0.1,0.15,0.1
1095,1095,Carcabuey,AN,Andalucia,0.15,0.15,0.1,0.15,0.1
1096,1096,Carcaixent,,Valencia,0.15,0.15,0.1,0.15,0.1
1097,1097,Carcar,,Navarre,0.15,0.15,0.1,0.15,0.1
1098,1098,Carcastillo,,Navarre,0.15,0.15,0.1,0.15,0.1
1099,1099,Carcelen,CM,Castilla - La Mancha,0.15,0.15,0.1,0.15,0.1
1100,1100,Carcer,,Valencia,0.15,0.15,0.1,0.15,0.1
1101,1101,Cardedeu,,Catalonia,0.15,0.15,0.1,0.15,0.1
1102,1102,Cardenas,RI,La Rioja,0.15,0.15,0.1,0.15,0.1
1103,1103,Cardenete,CM,Castilla - La Mancha,0.15,0.15,0.1,0.15,0.1
1104,1104,Cardeña,AN,Andalucia,0.15,0.15,0.1,0.15,0.1
1105,1105,Cardeñadijo,CL,Castilla - Leon,0.15,0.15,0.1,0.15,0.1
1106,1106,Cardeñajimeno,CL,Castilla - Leon,0.15,0.15,0.1,0.15,0.1
1107,1107,Cardeñosa,CL,Castilla - Leon,0.15,0.15,0.1,0.15,0.1
1108,1108,Cardona,,Catalonia,0.15,0.15,0.1,0.15,0.1
1109,1109,Carenas,AR,Aragon,0.15,0.15,0.1,0.15,0.1
1110,1110,Cariñena,AR,Aragon,0.15,0.15,0.1,0.15,0.1
1111,1111,Cariño,GA,Galicia,0.15,0.15,0.1,0.15,0.1
1112,1112,Carlet,,Valencia,0.15,0.15,0.1,0.15,0.1
1113,1113,Carme,,Catalonia,0.15,0.15,0.1,0.15,0.1
1114,1114,Carmena,CM,Castilla - La Mancha,0.15,0.15,0.1,0.15,0.1
1115,1115,Carmenes,CL,Castilla - Leon,0.15,0.15,0.1,0.15,0.1
1116,1116,Carmona,AN,Andalucia,0.15,0.15,0.1,0.15,0.1
1117,1117,Carmonita,EX,Extremadura,0.15,0.15,0.1,0.15,0.1
1118,1118,Carnota,GA,Galicia,0.15,0.15,0.1,0.15,0.1
1119,1119,Carpio,CL,Castilla - Leon,0.15,0.15,0.1,0.15,0.1
1120,1120,Carracedelo,CL,Castilla - Leon,0.15,0.15,0.1,0.15,0.1
1121,1121,Carral,GA,Galicia,0.15,0.15,0.1,0.15,0.1
1122,1122,Carranque,CM,Castilla - La Mancha,0.15,0.15,0.1,0.15,0.1
1123,1123,Carrascalejo,EX,Extremadura,0.15,0.15,0.1,0.15,0.1
1124,1124,Carrascosa,CM,Castilla - La Mancha,0.15,0.15,0.1,0.15,0.1
1125,1125,Carratraca,AN,Andalucia,0.15,0.15,0.1,0.15,0.1
1126,1126,Carreña,AS,Asturias,0.15,0.15,0.1,0.15,0.1
1127,1127,Carrias,CL,Castilla - Leon,0.15,0.15,0.1,0.15,0.1
1128,1128,Carriches,CM,Castilla - La Mancha,0.15,0.15,0.1,0.15,0.1
1129,1129,Carricola,,Valencia,0.15,0.15,0.1,0.15,0.1
1130,1130,Carrizal,,Canary Islands,0.15,0.15,0.1,0.15,0.1
1131,1131,Carrizosa,CM,Castilla - La Mancha,0.15,0.15,0.1,0.15,0.1
1132,1132,Carrocera,CL,Castilla - Leon,0.15,0.15,0.1,0.15,0.1
1133,1133,Cartagena,MC,Murcia,0.15,0.15,0.1,0.15,0.1
1134,1134,Cartajima,AN,Andalucia,0.15,0.15,0.1,0.15,0.1
1135,1135,Cartama,AN,Andalucia,0.15,0.15,0.1,0.15,0.1
1136,1136,Cartaya,AN,Andalucia,0.15,0.15,0.1,0.15,0.1
1137,1137,Cartelle,GA,Galicia,0.15,0.15,0.1,0.15,0.1
1138,1138,Cartes,CB,Cantabria,0.15,0.15,0.1,0.15,0.1
1139,1139,Carucedo,CL,Castilla - Leon,0.15,0.15,0.1,0.15,0.1
1140,1140,Casabermeja,AN,Andalucia,0.15,0.15,0.1,0.15,0.1
1141,1141,Casafranca,CL,Castilla - Leon,0.15,0.15,0.1,0.15,0.1
1142,1142,Casalarreina,RI,La Rioja,0.15,0.15,0.1,0.15,0.1
1143,1143,Casarabonela,AN,Andalucia,0.15,0.15,0.1,0.15,0.1
1144,1144,Casarejos,CL,Castilla - Leon,0.15,0.15,0.1,0.15,0.1
1145,1145,Casares,AN,Andalucia,0.15,0.15,0.1,0.15,0.1
1146,1146,Casariche,AN,Andalucia,0.15,0.15,0.1,0.15,0.1
1147,1147,Casarrubuelos,MD,Madrid,0.15,0.15,0.1,0.15,0.1
1148,1148,Casas Altas,,Valencia,0.15,0.15,0.1,0.15,0.1
1149,1149,Casas Bajas,,Valencia,0.15,0.15,0.1,0.15,0.1
1150,1150,Casasbuenas,CM,Castilla - La Mancha,0.15,0.15,0.1,0.15,0.1
1151,1151,Casasimarro,CM,Castilla - La Mancha,0.15,0.15,0.1,0.15,0.1
1152,1152,Casatejada,EX,Extremadura,0.15,0.15,0.1,0.15,0.1
1153,1153,Casavieja,CL,Castilla - Leon,0.15,0.15,0.1,0.15,0.1
1154,1154,Cascante,,Navarre,0.15,0.15,0.1,0.15,0.1
1155,1155,Caseda,,Navarre,0.15,0.15,0.1,0.15,0.1
1156,1156,Caseres,,Catalonia,0.15,0.15,0.1,0.15,0.1
1157,1157,Casillas,CL,Castilla - Leon,0.15,0.15,0.1,0.15,0.1
1158,1158,Casinos,,Valencia,0.15,0.15,0.1,0.15,0.1
1159,1159,Casla,CL,Castilla - Leon,0.15,0.15,0.1,0.15,0.1
1160,1160,Caspe,AR,Aragon,0.15,0.15,0.1,0.15,0.1
1161,1161,Caspueñas,CM,Castilla - La Mancha,0.15,0.15,0.1,0.15,0.1
1162,1162,Castalla,,Valencia,0.15,0.15,0.1,0.15,0.1
1163,1163,Castandiello,AS,Asturias,0.15,0.15,0.1,0.15,0.1
1164,1164,Castaras,AN,Andalucia,0.15,0.15,0.1,0.15,0.1
1165,1165,Castejon,,Navarre,0.15,0.15,0.1,0.15,0.1
1166,1166,Castelflorite,AR,Aragon,0.15,0.15,0.1,0.15,0.1
1167,1167,Castellbisbal,,Catalonia,0.15,0.15,0.1,0.15,0.1
1168,1168,Castellcir,,Catalonia,0.15,0.15,0.1,0.15,0.1
1169,1169,Castelldans,,Catalonia,0.15,0.15,0.1,0.15,0.1
1170,1170,Castelldefels,,Catalonia,0.15,0.15,0.1,0.15,0.1
1171,1171,Castellet,,Catalonia,0.15,0.15,0.1,0.15,0.1
1172,1172,Castellfort,,Valencia,0.15,0.15,0.1,0.15,0.1
1173,1173,Castellnovo,,Valencia,0.15,0.15,0.1,0.15,0.1
1174,1174,Castelloli,,Catalonia,0.15,0.15,0.1,0.15,0.1
1175,1175,Castellote,AR,Aragon,0.15,0.15,0.1,0.15,0.1
1176,1176,Castellsera,,Catalonia,0.15,0.15,0.1,0.15,0.1
1177,1177,Castellterçol,,Catalonia,0.15,0.15,0.1,0.15,0.1
1178,1178,Castelnou,AR,Aragon,0.15,0.15,0.1,0.15,0.1
1179,1179,Castelseras,AR,Aragon,0.15,0.15,0.1,0.15,0.1
1180,1180,Castielfabib,,Valencia,0.15,0.15,0.1,0.15,0.1
1181,1181,Castigaleu,AR,Aragon,0.15,0.15,0.1,0.15,0.1
1182,1182,Castilblanco,EX,Extremadura,0.15,0.15,0.1,0.15,0.1
1183,1183,Castildelgado,CL,Castilla - Leon,0.15,0.15,0.1,0.15,0.1
1184,1184,Castilfale,CL,Castilla - Leon,0.15,0.15,0.1,0.15,0.1
1185,1185,Castilforte,CM,Castilla - La Mancha,0.15,0.15,0.1,0.15,0.1
1186,1186,Castiliscar,AR,Aragon,0.15,0.15,0.1,0.15,0.1
1187,1187,Castillazuelo,AR,Aragon,0.15,0.15,0.1,0.15,0.1
1188,1188,Castillejar,AN,Andalucia,0.15,0.15,0.1,0.15,0.1
1189,1189,Castillejo-Sierra,CM,Castilla - La Mancha,0.15,0.15,0.1,0.15,0.1
1190,1190,Castillonuevo,,Navarre,0.15,0.15,0.1,0.15,0.1
1191,1191,Castilnuevo,CM,Castilla - La Mancha,0.15,0.15,0.1,0.15,0.1
1192,1192,Castilruiz,CL,Castilla - Leon,0.15,0.15,0.1,0.15,0.1
1193,1193,Castraz,CL,Castilla - Leon,0.15,0.15,0.1,0.15,0.1
1194,1194,Castril,AN,Andalucia,0.15,0.15,0.1,0.15,0.1
1195,1195,Castrillo-Tejeriego,CL,Castilla - Leon,0.15,0.15,0.1,0.15,0.1
1196,1196,Castrillon,AS,Asturias,0.15,0.15,0.1,0.15,0.1
1197,1197,Castro,GA,Galicia,0.15,0.15,0.1,0.15,0.1
1198,1198,Castro Caldelas,GA,Galicia,0.15,0.15,0.1,0.15,0.1
1199,1199,Castrobol,CL,Castilla - Leon,0.15,0.15,0.1,0.15,0.1
1200,1200,Castrocalbon,CL,Castilla - Leon,0.15,0.15,0.1,0.15,0.1
1201,1201,Castrocontrigo,CL,Castilla - Leon,0.15,0.15,0.1,0.15,0.1
1202,1202,Castrodeza,CL,Castilla - Leon,0.15,0.15,0.1,0.15,0.1
1203,1203,Castrogonzalo,CL,Castilla - Leon,0.15,0.15,0.1,0.15,0.1
1204,1204,Castrojimeno,CL,Castilla - Leon,0.15,0.15,0.1,0.15,0.1
1205,1205,Castromembibre,CL,Castilla - Leon,0.15,0.15,0.1,0.15,0.1
1206,1206,Castromocho,CL,Castilla - Leon,0.15,0.15,0.1,0.15,0.1
1207,1207,Castromonte,CL,Castilla - Leon,0.15,0.15,0.1,0.15,0.1
1208,1208,Castronuevo,CL,Castilla - Leon,0.15,0.15,0.1,0.15,0.1
1209,1209,Castronuño,CL,Castilla - Leon,0.15,0.15,0.1,0.15,0.1
1210,1210,Castropodame,CL,Castilla - Leon,0.15,0.15,0.1,0.15,0.1
1211,1211,Castropol,AS,Asturias,0.15,0.15,0.1,0.15,0.1
1212,1212,Castroponce,CL,Castilla - Leon,0.15,0.15,0.1,0.15,0.1
1213,1213,Castroserracin,CL,Castilla - Leon,0.15,0.15,0.1,0.15,0.1
1214,1214,Castroverde,GA,Galicia,0.15,0.15,0.1,0.15,0.1
1215,1215,Castroviejo,RI,La Rioja,0.15,0.15,0.1,0.15,0.1
1216,1216,Castuera,EX,Extremadura,0.15,0.15,0.1,0.15,0.1
1217,1217,Catadau,,Valencia,0.15,0.15,0.1,0.15,0.1
1218,1218,Catarroja,,Valencia,0.15,0.15,0.1,0.15,0.1
1219,1219,Cati,,Valencia,0.15,0.15,0.1,0.15,0.1
1220,1220,Catoira,GA,Galicia,0.15,0.15,0.1,0.15,0.1
1221,1221,Catral,,Valencia,0.15,0.15,0.1,0.15,0.1
1222,1222,Caudete,CM,Castilla - La Mancha,0.15,0.15,0.1,0.15,0.1
1223,1223,Caudiel,,Valencia,0.15,0.15,0.1,0.15,0.1
1224,1224,Cayuela,CL,Castilla - Leon,0.15,0.15,0.1,0.15,0.1
1225,1225,Cazalegas,CM,Castilla - La Mancha,0.15,0.15,0.1,0.15,0.1
1226,1226,Cazalilla,AN,Andalucia,0.15,0.15,0.1,0.15,0.1
1227,1227,Cazalla,MC,Murcia,0.15,0.15,0.1,0.15,0.1
1228,1228,Cazorla,AN,Andalucia,0.15,0.15,0.1,0.15,0.1
1229,1229,Cazurra,CL,Castilla - Leon,0.15,0.15,0.1,0.15,0.1
1230,1230,Cañada,,Valencia,0.15,0.15,0.1,0.15,0.1
1231,1231,Cañada Rosal,AN,Andalucia,0.15,0.15,0.1,0.15,0.1
1232,1232,Cañada Vellida,AR,Aragon,0.15,0.15,0.1,0.15,0.1
1233,1233,Cañamaque,CL,Castilla - Leon,0.15,0.15,0.1,0.15,0.1
1234,1234,Cañamares,CM,Castilla - La Mancha,0.15,0.15,0.1,0.15,0.1
1235,1235,Cañamero,EX,Extremadura,0.15,0.15,0.1,0.15,0.1
1236,1236,Cañas,RI,La Rioja,0.15,0.15,0.1,0.15,0.1
1237,1237,Cañaveral,EX,Extremadura,0.15,0.15,0.1,0.15,0.1
1238,1238,Cañaveras,CM,Castilla - La Mancha,0.15,0.15,0.1,0.15,0.1
1239,1239,Cañaveruelas,CM,Castilla - La Mancha,0.15,0.15,0.1,0.15,0.1
1240,1240,Cañete,CM,Castilla - La Mancha,0.15,0.15,0.1,0.15,0.1
1241,1241,Cañizal,CL,Castilla - Leon,0.15,0.15,0.1,0.15,0.1
1242,1242,Cañizar,CM,Castilla - La Mancha,0.15,0.15,0.1,0.15,0.1
1243,1243,Cañizares,CM,Castilla - La Mancha,0.15,0.15,0.1,0.15,0.1
1244,1244,Cañizo,CL,Castilla - Leon,0.15,0.15,0.1,0.15,0.1
1245,1245,Cea,GA,Galicia,0.15,0.15,0.1,0.15,0.1
1246,1246,Cea,CL,Castilla - Leon,0.15,0.15,0.1,0.15,0.1
1247,1247,Cebanico,CL,Castilla - Leon,0.15,0.15,0.1,0.15,0.1
1248,1248,Cebolla,CM,Castilla - La Mancha,0.15,0.15,0.1,0.15,0.1
1249,1249,Cebrecos,CL,Castilla - Leon,0.15,0.15,0.1,0.15,0.1
1250,1250,Cebreros,CL,Castilla - Leon,0.15,0.15,0.1,0.15,0.1
1251,1251,Ceclavin,EX,Extremadura,0.15,0.15,0.1,0.15,0.1
1252,1252,Cedeira,GA,Galicia,0.15,0.15,0.1,0.15,0.1
1253,1253,Cedillo,EX,Extremadura,0.15,0.15,0.1,0.15,0.1
1254,1254,Cedrillas,AR,Aragon,0.15,0.15,0.1,0.15,0.1
1255,1255,Cee,GA,Galicia,0.15,0.15,0.1,0.15,0.1
1256,1256,Cehegin,MC,Murcia,0.15,0.15,0.1,0.15,0.1
1257,1257,Celanova,GA,Galicia,0.15,0.15,0.1,0.15,0.1
1258,1258,Cella,AR,Aragon,0.15,0.15,0.1,0.15,0.1
1259,1259,Cellorigo,RI,La Rioja,0.15,0.15,0.1,0.15,0.1
1260,1260,Celra,,Catalonia,0.15,0.15,0.1,0.15,0.1
1261,1261,Cenicero,RI,La Rioja,0.15,0.15,0.1,0.15,0.1
1262,1262,Cenicientos,MD,Madrid,0.15,0.15,0.1,0.15,0.1
1263,1263,Cenizate,CM,Castilla - La Mancha,0.15,0.15,0.1,0.15,0.1
1264,1264,Cenlle,GA,Galicia,0.15,0.15,0.1,0.15,0.1
1265,1265,Centelles,,Catalonia,0.15,0.15,0.1,0.15,0.1
1266,1266,Centenera,CM,Castilla - La Mancha,0.15,0.15,0.1,0.15,0.1
1267,1267,Cepeda,CL,Castilla - Leon,0.15,0.15,0.1,0.15,0.1
1268,1268,Cerbon,CL,Castilla - Leon,0.15,0.15,0.1,0.15,0.1
1269,1269,Cerceda,GA,Galicia,0.15,0.15,0.1,0.15,0.1
1270,1270,Cercedilla,MD,Madrid,0.15,0.15,0.1,0.15,0.1
1271,1271,Cerda,,Valencia,0.15,0.15,0.1,0.15,0.1
1272,1272,Cerdido,GA,Galicia,0.15,0.15,0.1,0.15,0.1
1273,1273,Cerezo,EX,Extremadura,0.15,0.15,0.1,0.15,0.1
1274,1274,Cernadilla,CL,Castilla - Leon,0.15,0.15,0.1,0.15,0.1
1275,1275,Cerralbo,CL,Castilla - Leon,0.15,0.15,0.1,0.15,0.1
1276,1276,Cerredo,AS,Asturias,0.15,0.15,0.1,0.15,0.1
1277,1277,Cervello,,Catalonia,0.15,0.15,0.1,0.15,0.1
1278,1278,Cervera,,Catalonia,0.15,0.15,0.1,0.15,0.1
1279,1279,Cerveruela,AR,Aragon,0.15,0.15,0.1,0.15,0.1
1280,1280,Cervo,GA,Galicia,0.15,0.15,0.1,0.15,0.1
1281,1281,Cespedosa,CL,Castilla - Leon,0.15,0.15,0.1,0.15,0.1
1282,1282,Cesuras,GA,Galicia,0.15,0.15,0.1,0.15,0.1
1283,1283,Cetina,AR,Aragon,0.15,0.15,0.1,0.15,0.1
1284,1284,Ceuta,CE,Ceuta,0.15,0.15,0.1,0.15,0.1
1285,1285,Ceuti,MC,Murcia,0.15,0.15,0.1,0.15,0.1
1286,1286,Cevico Navero,CL,Castilla - Leon,0.15,0.15,0.1,0.15,0.1
1287,1287,Chalamera,AR,Aragon,0.15,0.15,0.1,0.15,0.1
1288,1288,Chamartin,CL,Castilla - Leon,0.15,0.15,0.1,0.15,0.1
1289,1289,Chamartin,MD,Madrid,0.15,0.15,0.1,0.15,0.1
1290,1290,Chantada,GA,Galicia,0.15,0.15,0.1,0.15,0.1
1291,1291,Chapineria,MD,Madrid,0.15,0.15,0.1,0.15,0.1
1292,1292,Chauchina,AN,Andalucia,0.15,0.15,0.1,0.15,0.1
1293,1293,Chañe,CL,Castilla - Leon,0.15,0.15,0.1,0.15,0.1
1294,1294,Checa,CM,Castilla - La Mancha,0.15,0.15,0.1,0.15,0.1
1295,1295,Cheles,EX,Extremadura,0.15,0.15,0.1,0.15,0.1
1296,1296,Chella,,Valencia,0.15,0.15,0.1,0.15,0.1
1297,1297,Chelva,,Valencia,0.15,0.15,0.1,0.15,0.1
1298,1298,Chequilla,CM,Castilla - La Mancha,0.15,0.15,0.1,0.15,0.1
1299,1299,Chera,,Valencia,0.15,0.15,0.1,0.15,0.1
1300,1300,Chercos,AN,Andalucia,0.15,0.15,0.1,0.15,0.1
1301,1301,Cheste,,Valencia,0.15,0.15,0.1,0.15,0.1
1302,1302,Chia,AR,Aragon,0.15,0.15,0.1,0.15,0.1
1303,1303,Chilches,,Valencia,0.15,0.15,0.1,0.15,0.1
1304,1304,Chillon,CM,Castilla - La Mancha,0.15,0.15,0.1,0.15,0.1
1305,1305,Chilluevar,AN,Andalucia,0.15,0.15,0.1,0.15,0.1
1306,1306,Chiloeches,CM,Castilla - La Mancha,0.15,0.15,0.1,0.15,0.1
1307,1307,Chimeneas,AN,Andalucia,0.15,0.15,0.1,0.15,0.1
1308,1308,Chimillas,AR,Aragon,0.15,0.15,0.1,0.15,0.1
1309,1309,Chinchon,MD,Madrid,0.15,0.15,0.1,0.15,0.1
1310,1310,Chipiona,AN,Andalucia,0.15,0.15,0.1,0.15,0.1
1311,1311,Chiprana,AR,Aragon,0.15,0.15,0.1,0.15,0.1
1312,1312,Chirivel,AN,Andalucia,0.15,0.15,0.1,0.15,0.1
1313,1313,Chiva,,Valencia,0.15,0.15,0.1,0.15,0.1
1314,1314,Chodes,AR,Aragon,0.15,0.15,0.1,0.15,0.1
1315,1315,Chovar,,Valencia,0.15,0.15,0.1,0.15,0.1
1316,1316,Chucena,AN,Andalucia,0.15,0.15,0.1,0.15,0.1
1317,1317,Chueca,CM,Castilla - La Mancha,0.15,0.15,0.1,0.15,0.1
1318,1318,Chulilla,,Valencia,0.15,0.15,0.1,0.15,0.1
1319,1319,Chumillas,CM,Castilla - La Mancha,0.15,0.15,0.1,0.15,0.1
1320,1320,Ciadoncha,CL,Castilla - Leon,0.15,0.15,0.1,0.15,0.1
1321,1321,Cidamon,RI,La Rioja,0.15,0.15,0.1,0.15,0.1
1322,1322,Cidones,CL,Castilla - Leon,0.15,0.15,0.1,0.15,0.1
1323,1323,Ciempozuelos,MD,Madrid,0.15,0.15,0.1,0.15,0.1
1324,1324,Cieza,MC,Murcia,0.15,0.15,0.1,0.15,0.1
1325,1325,Cifuentes,CM,Castilla - La Mancha,0.15,0.15,0.1,0.15,0.1
1326,1326,Cigales,CL,Castilla - Leon,0.15,0.15,0.1,0.15,0.1
1327,1327,Cigudosa,CL,Castilla - Leon,0.15,0.15,0.1,0.15,0.1
1328,1328,Ciguñuela,CL,Castilla - Leon,0.15,0.15,0.1,0.15,0.1
1329,1329,Cihuela,CL,Castilla - Leon,0.15,0.15,0.1,0.15,0.1
1330,1330,Cihuri,RI,La Rioja,0.15,0.15,0.1,0.15,0.1
1331,1331,Cijuela,AN,Andalucia,0.15,0.15,0.1,0.15,0.1
1332,1332,Cillan,CL,Castilla - Leon,0.15,0.15,0.1,0.15,0.1
1333,1333,Cilleros,EX,Extremadura,0.15,0.15,0.1,0.15,0.1
1334,1334,Cimballa,AR,Aragon,0.15,0.15,0.1,0.15,0.1
1335,1335,Cinco Olivas,AR,Aragon,0.15,0.15,0.1,0.15,0.1
1336,1336,Cincovillas,CM,Castilla - La Mancha,0.15,0.15,0.1,0.15,0.1
1337,1337,Cinctorres,,Valencia,0.15,0.15,0.1,0.15,0.1
1338,1338,Cintruenigo,,Navarre,0.15,0.15,0.1,0.15,0.1
1339,1339,Ciperez,CL,Castilla - Leon,0.15,0.15,0.1,0.15,0.1
1340,1340,Cirat,,Valencia,0.15,0.15,0.1,0.15,0.1
1341,1341,Cirauqui,,Navarre,0.15,0.15,0.1,0.15,0.1
1342,1342,Ciria,CL,Castilla - Leon,0.15,0.15,0.1,0.15,0.1
1343,1343,Ciriza,,Navarre,0.15,0.15,0.1,0.15,0.1
1344,1344,Ciruelas,CM,Castilla - La Mancha,0.15,0.15,0.1,0.15,0.1
1345,1345,Ciruelos,CM,Castilla - La Mancha,0.15,0.15,0.1,0.15,0.1
1346,1346,Cirueña,RI,La Rioja,0.15,0.15,0.1,0.15,0.1
1347,1347,Cisla,CL,Castilla - Leon,0.15,0.15,0.1,0.15,0.1
1348,1348,Cisneros,CL,Castilla - Leon,0.15,0.15,0.1,0.15,0.1
1349,1349,Cistella,,Catalonia,0.15,0.15,0.1,0.15,0.1
1350,1350,Cisterniga,CL,Castilla - Leon,0.15,0.15,0.1,0.15,0.1
1351,1351,Cistierna,CL,Castilla - Leon,0.15,0.15,0.1,0.15,0.1
1352,1352,Ciudad Real,CM,Castilla - La Mancha,0.15,0.15,0.1,0.15,0.1
1353,1353,Ciudad Rodrigo,CL,Castilla - Leon,0.15,0.15,0.1,0.15,0.1
1354,1354,Ciutadella,IB,Baleares,0.15,0.15,0.1,0.15,0.1
1355,1355,Ciutadilla,,Catalonia,0.15,0.15,0.1,0.15,0.1
1356,1356,Clavijo,RI,La Rioja,0.15,0.15,0.1,0.15,0.1
1357,1357,Coaña,AS,Asturias,0.15,0.15,0.1,0.15,0.1
1358,1358,Cobatillas,MC,Murcia,0.15,0.15,0.1,0.15,0.1
1359,1359,Cobdar,AN,Andalucia,0.15,0.15,0.1,0.15,0.1
1360,1360,Cobeja,CM,Castilla - La Mancha,0.15,0.15,0.1,0.15,0.1
1361,1361,Cobeta,CM,Castilla - La Mancha,0.15,0.15,0.1,0.15,0.1
1362,1362,Cobeña,MD,Madrid,0.15,0.15,0.1,0.15,0.1
1363,1363,Cobisa,CM,Castilla - La Mancha,0.15,0.15,0.1,0.15,0.1
1364,1364,Cobreros,CL,Castilla - Leon,0.15,0.15,0.1,0.15,0.1
1365,1365,Coca,CL,Castilla - Leon,0.15,0.15,0.1,0.15,0.1
1366,1366,Cocentaina,,Valencia,0.15,0.15,0.1,0.15,0.1
1367,1367,Codorniz,CL,Castilla - Leon,0.15,0.15,0.1,0.15,0.1
1368,1368,Codos,AR,Aragon,0.15,0.15,0.1,0.15,0.1
1369,1369,Cofrentes,,Valencia,0.15,0.15,0.1,0.15,0.1
1370,1370,Cogollor,CM,Castilla - La Mancha,0.15,0.15,0.1,0.15,0.1
1371,1371,Cogollos,CL,Castilla - Leon,0.15,0.15,0.1,0.15,0.1
1372,1372,Cogolludo,CM,Castilla - La Mancha,0.15,0.15,0.1,0.15,0.1
1373,1373,Coin,AN,Andalucia,0.15,0.15,0.1,0.15,0.1
1374,1374,Coiros,GA,Galicia,0.15,0.15,0.1,0.15,0.1
1375,1375,Colera,,Catalonia,0.15,0.15,0.1,0.15,0.1
1376,1376,Coles,GA,Galicia,0.15,0.15,0.1,0.15,0.1
1377,1377,Colindres,CB,Cantabria,0.15,0.15,0.1,0.15,0.1
1378,1378,Collado,EX,Extremadura,0.15,0.15,0.1,0.15,0.1
1379,1379,Collado Hermoso,CL,Castilla - Leon,0.15,0.15,0.1,0.15,0.1
1380,1380,Collado Mediano,MD,Madrid,0.15,0.15,0.1,0.15,0.1
1381,1381,Collbato,,Catalonia,0.15,0.15,0.1,0.15,0.1
1382,1382,Colldejou,,Catalonia,0.15,0.15,0.1,0.15,0.1
1383,1383,Collsuspina,,Catalonia,0.15,0.15,0.1,0.15,0.1
1384,1384,Colmenar,AN,Andalucia,0.15,0.15,0.1,0.15,0.1
1385,1385,Colmenar Viejo,MD,Madrid,0.15,0.15,0.1,0.15,0.1
1386,1386,Colmenarejo,MD,Madrid,0.15,0.15,0.1,0.15,0.1
1387,1387,Colomera,AN,Andalucia,0.15,0.15,0.1,0.15,0.1
1388,1388,Colomers,,Catalonia,0.15,0.15,0.1,0.15,0.1
1389,1389,Colunga,AS,Asturias,0.15,0.15,0.1,0.15,0.1
1390,1390,Colungo,AR,Aragon,0.15,0.15,0.1,0.15,0.1
1391,1391,Comares,AN,Andalucia,0.15,0.15,0.1,0.15,0.1
1392,1392,Combarro,GA,Galicia,0.15,0.15,0.1,0.15,0.1
1393,1393,Comillas,CB,Cantabria,0.15,0.15,0.1,0.15,0.1
1394,1394,Competa,AN,Andalucia,0.15,0.15,0.1,0.15,0.1
1395,1395,Conesa,,Catalonia,0.15,0.15,0.1,0.15,0.1
1396,1396,Confrides,,Valencia,0.15,0.15,0.1,0.15,0.1
1397,1397,Congosto,CL,Castilla - Leon,0.15,0.15,0.1,0.15,0.1
1398,1398,Congostrina,CM,Castilla - La Mancha,0.15,0.15,0.1,0.15,0.1
1399,1399,Conquista,AN,Andalucia,0.15,0.15,0.1,0.15,0.1
1400,1400,Consell,IB,Baleares,0.15,0.15,0.1,0.15,0.1
1401,1401,Constanti,,Catalonia,0.15,0.15,0.1,0.15,0.1
1402,1402,Constantina,AN,Andalucia,0.15,0.15,0.1,0.15,0.1
1403,1403,Constanzana,CL,Castilla - Leon,0.15,0.15,0.1,0.15,0.1
1404,1404,Consuegra,CM,Castilla - La Mancha,0.15,0.15,0.1,0.15,0.1
1405,1405,Contamina,AR,Aragon,0.15,0.15,0.1,0.15,0.1
1406,1406,Contreras,CL,Castilla - Leon,0.15,0.15,0.1,0.15,0.1
1407,1407,Coomonte,CL,Castilla - Leon,0.15,0.15,0.1,0.15,0.1
1408,1408,Copernal,CM,Castilla - La Mancha,0.15,0.15,0.1,0.15,0.1
1409,1409,Corbalan,AR,Aragon,0.15,0.15,0.1,0.15,0.1
1410,1410,Corbera,,Valencia,0.15,0.15,0.1,0.15,0.1
1411,1411,Corbins,,Catalonia,0.15,0.15,0.1,0.15,0.1
1412,1412,Corcos,CL,Castilla - Leon,0.15,0.15,0.1,0.15,0.1
1413,1413,Corcubion,GA,Galicia,0.15,0.15,0.1,0.15,0.1
1414,1414,Cordoba,AN,Andalucia,0.15,0.15,0.1,0.15,0.1
1415,1415,Cordovilla,CL,Castilla - Leon,0.15,0.15,0.1,0.15,0.1
1416,1416,Cordovin,RI,La Rioja,0.15,0.15,0.1,0.15,0.1
1417,1417,Corduente,CM,Castilla - La Mancha,0.15,0.15,0.1,0.15,0.1
1418,1418,Corella,,Navarre,0.15,0.15,0.1,0.15,0.1
1419,1419,Corera,RI,La Rioja,0.15,0.15,0.1,0.15,0.1
1420,1420,Coreses,CL,Castilla - Leon,0.15,0.15,0.1,0.15,0.1
1421,1421,Corgo,GA,Galicia,0.15,0.15,0.1,0.15,0.1
1422,1422,Coria,EX,Extremadura,0.15,0.15,0.1,0.15,0.1
1423,1423,Coripe,AN,Andalucia,0.15,0.15,0.1,0.15,0.1
1424,1424,Coristanco,GA,Galicia,0.15,0.15,0.1,0.15,0.1
1425,1425,Cornago,RI,La Rioja,0.15,0.15,0.1,0.15,0.1
1426,1426,Corpa,MD,Madrid,0.15,0.15,0.1,0.15,0.1
1427,1427,Corporales,RI,La Rioja,0.15,0.15,0.1,0.15,0.1
1428,1428,Corralejo,,Canary Islands,0.15,0.15,0.1,0.15,0.1
1429,1429,Corrales,CL,Castilla - Leon,0.15,0.15,0.1,0.15,0.1
1430,1430,Corteconcepcion,AN,Andalucia,0.15,0.15,0.1,0.15,0.1
1431,1431,Cortegada,GA,Galicia,0.15,0.15,0.1,0.15,0.1
1432,1432,Cortegana,AN,Andalucia,0.15,0.15,0.1,0.15,0.1
1433,1433,Cortelazor,AN,Andalucia,0.15,0.15,0.1,0.15,0.1
1434,1434,Cortes,,Navarre,0.15,0.15,0.1,0.15,0.1
1435,1435,Corullon,CL,Castilla - Leon,0.15,0.15,0.1,0.15,0.1
1436,1436,Cosa,AR,Aragon,0.15,0.15,0.1,0.15,0.1
1437,1437,Coscurita,CL,Castilla - Leon,0.15,0.15,0.1,0.15,0.1
1438,1438,Coslada,MD,Madrid,0.15,0.15,0.1,0.15,0.1
1439,1439,Costa Calma,,Canary Islands,0.15,0.15,0.1,0.15,0.1
1440,1440,Costa Teguise,,Canary Islands,0.15,0.15,0.1,0.15,0.1
1441,1441,Costacabana,AN,Andalucia,0.15,0.15,0.1,0.15,0.1
1442,1442,Costitx,IB,Baleares,0.15,0.15,0.1,0.15,0.1
1443,1443,Costur,,Valencia,0.15,0.15,0.1,0.15,0.1
1444,1444,Cosuenda,AR,Aragon,0.15,0.15,0.1,0.15,0.1
1445,1445,Cotes,,Valencia,0.15,0.15,0.1,0.15,0.1
1446,1446,Cotillas,CM,Castilla - La Mancha,0.15,0.15,0.1,0.15,0.1
1447,1447,Covaleda,CL,Castilla - Leon,0.15,0.15,0.1,0.15,0.1
1448,1448,Covarrubias,CL,Castilla - Leon,0.15,0.15,0.1,0.15,0.1
1449,1449,Covelo,GA,Galicia,0.15,0.15,0.1,0.15,0.1
1450,1450,Cox,,Valencia,0.15,0.15,0.1,0.15,0.1
1451,1451,Cozar,CM,Castilla - La Mancha,0.15,0.15,0.1,0.15,0.1
1452,1452,Creixell,,Catalonia,0.15,0.15,0.1,0.15,0.1
1453,1453,Cremenes,CL,Castilla - Leon,0.15,0.15,0.1,0.15,0.1
1454,1454,Crespia,,Catalonia,0.15,0.15,0.1,0.15,0.1
1455,1455,Crespos,CL,Castilla - Leon,0.15,0.15,0.1,0.15,0.1
1456,1456,Cretas,AR,Aragon,0.15,0.15,0.1,0.15,0.1
1457,1457,Crevillente,,Valencia,0.15,0.15,0.1,0.15,0.1
1458,1458,Cristina,EX,Extremadura,0.15,0.15,0.1,0.15,0.1
1459,1459,Cristobal,CL,Castilla - Leon,0.15,0.15,0.1,0.15,0.1
1460,1460,Crivillen,AR,Aragon,0.15,0.15,0.1,0.15,0.1
1461,1461,Cruilles,,Catalonia,0.15,0.15,0.1,0.15,0.1
1462,1462,Cuacos,EX,Extremadura,0.15,0.15,0.1,0.15,0.1
1463,1463,Cuadros,CL,Castilla - Leon,0.15,0.15,0.1,0.15,0.1
1464,1464,Cualedro,GA,Galicia,0.15,0.15,0.1,0.15,0.1
1465,1465,Cubas,MD,Madrid,0.15,0.15,0.1,0.15,0.1
1466,1466,Cubel,AR,Aragon,0.15,0.15,0.1,0.15,0.1
1467,1467,Cubelles,,Catalonia,0.15,0.15,0.1,0.15,0.1
1468,1468,Cubells,,Catalonia,0.15,0.15,0.1,0.15,0.1
1469,1469,Cubilla,CL,Castilla - Leon,0.15,0.15,0.1,0.15,0.1
1470,1470,Cubillo,CL,Castilla - Leon,0.15,0.15,0.1,0.15,0.1
1471,1471,Cubillos,CL,Castilla - Leon,0.15,0.15,0.1,0.15,0.1
1472,1472,Cubla,AR,Aragon,0.15,0.15,0.1,0.15,0.1
1473,1473,Cucalon,AR,Aragon,0.15,0.15,0.1,0.15,0.1
1474,1474,Cudillero,AS,Asturias,0.15,0.15,0.1,0.15,0.1
1475,1475,Cuelgamures,CL,Castilla - Leon,0.15,0.15,0.1,0.15,0.1
1476,1476,Cuellar,CL,Castilla - Leon,0.15,0.15,0.1,0.15,0.1
1477,1477,Cuenca,CM,Castilla - La Mancha,0.15,0.15,0.1,0.15,0.1
1478,1478,Cuerva,CM,Castilla - La Mancha,0.15,0.15,0.1,0.15,0.1
1479,1479,Cuevas Bajas,AN,Andalucia,0.15,0.15,0.1,0.15,0.1
1480,1480,Cuevas Labradas,AR,Aragon,0.15,0.15,0.1,0.15,0.1
1481,1481,Culla,,Valencia,0.15,0.15,0.1,0.15,0.1
1482,1482,Cullera,,Valencia,0.15,0.15,0.1,0.15,0.1
1483,1483,Culleredo,GA,Galicia,0.15,0.15,0.1,0.15,0.1
1484,1484,Cumbres Mayores,AN,Andalucia,0.15,0.15,0.1,0.15,0.1
1485,1485,Cunit,,Catalonia,0.15,0.15,0.1,0.15,0.1
1486,1486,Cuntis,GA,Galicia,0.15,0.15,0.1,0.15,0.1
1487,1487,Curtis,GA,Galicia,0.15,0.15,0.1,0.15,0.1
1488,1488,Cutar,AN,Andalucia,0.15,0.15,0.1,0.15,0.1
1489,1489,Daimiel,CM,Castilla - La Mancha,0.15,0.15,0.1,0.15,0.1
1490,1490,Daimus,,Valencia,0.15,0.15,0.1,0.15,0.1
1491,1491,Dalias,AN,Andalucia,0.15,0.15,0.1,0.15,0.1
1492,1492,Darnius,,Catalonia,0.15,0.15,0.1,0.15,0.1
1493,1493,Daroca,AR,Aragon,0.15,0.15,0.1,0.15,0.1
1494,1494,Darrical,AN,Andalucia,0.15,0.15,0.1,0.15,0.1
1495,1495,Darro,AN,Andalucia,0.15,0.15,0.1,0.15,0.1
1496,1496,Das,,Catalonia,0.15,0.15,0.1,0.15,0.1
1497,1497,Daya Nueva,,Valencia,0.15,0.15,0.1,0.15,0.1
1498,1498,Daya Vieja,,Valencia,0.15,0.15,0.1,0.15,0.1
1499,1499,Deba,,Basque Country,0.15,0.15,0.1,0.15,0.1
1500,1500,Degaña,AS,Asturias,0.15,0.15,0.1,0.15,0.1
1501,1501,Dehesas Viejas,AN,Andalucia,0.15,0.15,0.1,0.15,0.1
1502,1502,Deia,IB,Baleares,0.15,0.15,0.1,0.15,0.1
1503,1503,Deifontes,AN,Andalucia,0.15,0.15,0.1,0.15,0.1
1504,1504,Deleitosa,EX,Extremadura,0.15,0.15,0.1,0.15,0.1
1505,1505,Deltebre,,Catalonia,0.15,0.15,0.1,0.15,0.1
1506,1506,Denia,,Valencia,0.15,0.15,0.1,0.15,0.1
1507,1507,Derio,,Basque Country,0.15,0.15,0.1,0.15,0.1
1508,1508,Descargamaria,EX,Extremadura,0.15,0.15,0.1,0.15,0.1
1509,1509,Desojo,,Navarre,0.15,0.15,0.1,0.15,0.1
1510,1510,Destriana,CL,Castilla - Leon,0.15,0.15,0.1,0.15,0.1
1511,1511,Deza,CL,Castilla - Leon,0.15,0.15,0.1,0.15,0.1
1512,1512,Dicastillo,,Navarre,0.15,0.15,0.1,0.15,0.1
1513,1513,Diezma,AN,Andalucia,0.15,0.15,0.1,0.15,0.1
1514,1514,Dilar,AN,Andalucia,0.15,0.15,0.1,0.15,0.1
1515,1515,Dolar,AN,Andalucia,0.15,0.15,0.1,0.15,0.1
1516,1516,Dolores,,Valencia,0.15,0.15,0.1,0.15,0.1
1517,1517,Domeño,,Valencia,0.15,0.15,0.1,0.15,0.1
1518,1518,Domingo Garcia,CL,Castilla - Leon,0.15,0.15,0.1,0.15,0.1
1519,1519,Domingo Perez,CM,Castilla - La Mancha,0.15,0.15,0.1,0.15,0.1
1520,1520,Domingo Perez,AN,Andalucia,0.15,0.15,0.1,0.15,0.1
1521,1521,Don Alvaro,EX,Extremadura,0.15,0.15,0.1,0.15,0.1
1522,1522,Don Benito,EX,Extremadura,0.15,0.15,0.1,0.15,0.1
1523,1523,Doneztebe,,Navarre,0.15,0.15,0.1,0.15,0.1
1524,1524,Donhierro,CL,Castilla - Leon,0.15,0.15,0.1,0.15,0.1
1525,1525,Donjimeno,CL,Castilla - Leon,0.15,0.15,0.1,0.15,0.1
1526,1526,Donvidas,CL,Castilla - Leon,0.15,0.15,0.1,0.15,0.1
1527,1527,Dos Aguas,,Valencia,0.15,0.15,0.1,0.15,0.1
1528,1528,Dos Hermanas,AN,Andalucia,0.15,0.15,0.1,0.15,0.1
1529,1529,Dos Torres,AN,Andalucia,0.15,0.15,0.1,0.15,0.1
1530,1530,Dosrius,,Catalonia,0.15,0.15,0.1,0.15,0.1
1531,1531,Dozon,GA,Galicia,0.15,0.15,0.1,0.15,0.1
1532,1532,Driebes,CM,Castilla - La Mancha,0.15,0.15,0.1,0.15,0.1
1533,1533,Dudar,AN,Andalucia,0.15,0.15,0.1,0.15,0.1
1534,1534,Duesaigues,,Catalonia,0.15,0.15,0.1,0.15,0.1
1535,1535,Dueñas,CL,Castilla - Leon,0.15,0.15,0.1,0.15,0.1
1536,1536,Dumbria,GA,Galicia,0.15,0.15,0.1,0.15,0.1
1537,1537,Durango,,Basque Country,0.15,0.15,0.1,0.15,0.1
1538,1538,Durcal,AN,Andalucia,0.15,0.15,0.1,0.15,0.1
1539,1539,Duron,CM,Castilla - La Mancha,0.15,0.15,0.1,0.15,0.1
1540,1540,Duruelo,CL,Castilla - Leon,0.15,0.15,0.1,0.15,0.1
1541,1541,Ea,,Basque Country,0.15,0.15,0.1,0.15,0.1
1542,1542,Echarri,,Navarre,0.15,0.15,0.1,0.15,0.1
1543,1543,Ecija,AN,Andalucia,0.15,0.15,0.1,0.15,0.1
1544,1544,Eibar,,Basque Country,0.15,0.15,0.1,0.15,0.1
1545,1545,Eixample,,Catalonia,0.15,0.15,0.1,0.15,0.1
1546,1546,Ejeme,CL,Castilla - Leon,0.15,0.15,0.1,0.15,0.1
1547,1547,Ejulve,AR,Aragon,0.15,0.15,0.1,0.15,0.1
1548,1548,El Alamo,MD,Madrid,0.15,0.15,0.1,0.15,0.1
1549,1549,El Altet,,Valencia,0.15,0.15,0.1,0.15,0.1
1550,1550,El Ballestero,CM,Castilla - La Mancha,0.15,0.15,0.1,0.15,0.1
1551,1551,El Bonillo,CM,Castilla - La Mancha,0.15,0.15,0.1,0.15,0.1
1552,1552,El Bosque,AN,Andalucia,0.15,0.15,0.1,0.15,0.1
1553,1553,El Burgo Ranero,CL,Castilla - Leon,0.15,0.15,0.1,0.15,0.1
1554,1554,El Campello,,Valencia,0.15,0.15,0.1,0.15,0.1
1555,1555,El Carpio,AN,Andalucia,0.15,0.15,0.1,0.15,0.1
1556,1556,El Casar,EX,Extremadura,0.15,0.15,0.1,0.15,0.1
1557,1557,El Castellar,AR,Aragon,0.15,0.15,0.1,0.15,0.1
1558,1558,El Cerro,CL,Castilla - Leon,0.15,0.15,0.1,0.15,0.1
1559,1559,El Coronil,AN,Andalucia,0.15,0.15,0.1,0.15,0.1
1560,1560,El Cotillo,,Canary Islands,0.15,0.15,0.1,0.15,0.1
1561,1561,El Cuervo,AN,Andalucia,0.15,0.15,0.1,0.15,0.1
1562,1562,El Ejido,AN,Andalucia,0.15,0.15,0.1,0.15,0.1
1563,1563,El Escorial,MD,Madrid,0.15,0.15,0.1,0.15,0.1
1564,1564,El Franco,AS,Asturias,0.15,0.15,0.1,0.15,0.1
1565,1565,El Frasno,AR,Aragon,0.15,0.15,0.1,0.15,0.1
1566,1566,El Garrobo,AN,Andalucia,0.15,0.15,0.1,0.15,0.1
1567,1567,El Gastor,AN,Andalucia,0.15,0.15,0.1,0.15,0.1
1568,1568,El Grado,AR,Aragon,0.15,0.15,0.1,0.15,0.1
1569,1569,El Granado,AN,Andalucia,0.15,0.15,0.1,0.15,0.1
1570,1570,El Herrumblar,CM,Castilla - La Mancha,0.15,0.15,0.1,0.15,0.1
1571,1571,El Masnou,,Catalonia,0.15,0.15,0.1,0.15,0.1
1572,1572,El Medano,,Canary Islands,0.15,0.15,0.1,0.15,0.1
1573,1573,El Molar,MD,Madrid,0.15,0.15,0.1,0.15,0.1
1574,1574,El Pardo,MD,Madrid,0.15,0.15,0.1,0.15,0.1
1575,1575,El Paso,,Canary Islands,0.15,0.15,0.1,0.15,0.1
1576,1576,El Pedernoso,CM,Castilla - La Mancha,0.15,0.15,0.1,0.15,0.1
1577,1577,El Peral,CM,Castilla - La Mancha,0.15,0.15,0.1,0.15,0.1
1578,1578,El Perdigon,CL,Castilla - Leon,0.15,0.15,0.1,0.15,0.1
1579,1579,El Perello,,Catalonia,0.15,0.15,0.1,0.15,0.1
1580,1580,El Perello,,Valencia,0.15,0.15,0.1,0.15,0.1
1581,1581,El Picazo,CM,Castilla - La Mancha,0.15,0.15,0.1,0.15,0.1
1582,1582,El Plan,MC,Murcia,0.15,0.15,0.1,0.15,0.1
1583,1583,El Provencio,CM,Castilla - La Mancha,0.15,0.15,0.1,0.15,0.1
1584,1584,El Robledo,CM,Castilla - La Mancha,0.15,0.15,0.1,0.15,0.1
1585,1585,El Rompido,AN,Andalucia,0.15,0.15,0.1,0.15,0.1
1586,1586,El Ronquillo,AN,Andalucia,0.15,0.15,0.1,0.15,0.1
1587,1587,El Rubio,AN,Andalucia,0.15,0.15,0.1,0.15,0.1
1588,1588,El Saucejo,AN,Andalucia,0.15,0.15,0.1,0.15,0.1
1589,1589,El Tiemblo,CL,Castilla - Leon,0.15,0.15,0.1,0.15,0.1
1590,1590,El Toboso,CM,Castilla - La Mancha,0.15,0.15,0.1,0.15,0.1
1591,1591,El Torno,EX,Extremadura,0.15,0.15,0.1,0.15,0.1
1592,1592,El Toro,IB,Baleares,0.15,0.15,0.1,0.15,0.1
1593,1593,El Varadero,AN,Andalucia,0.15,0.15,0.1,0.15,0.1
1594,1594,El Vellon,MD,Madrid,0.15,0.15,0.1,0.15,0.1
1595,1595,El Vendrell,,Catalonia,0.15,0.15,0.1,0.15,0.1
1596,1596,El Viso,AN,Andalucia,0.15,0.15,0.1,0.15,0.1
1597,1597,Elantxobe,,Basque Country,0.15,0.15,0.1,0.15,0.1
1598,1598,Elche,,Valencia,0.15,0.15,0.1,0.15,0.1
1599,1599,Elciego,,Basque Country,0.15,0.15,0.1,0.15,0.1
1600,1600,Elda,,Valencia,0.15,0.15,0.1,0.15,0.1
1601,1601,Elduain,,Basque Country,0.15,0.15,0.1,0.15,0.1
1602,1602,Elexalde,,Basque Country,0.15,0.15,0.1,0.15,0.1
1603,1603,Elgeta,,Basque Country,0.15,0.15,0.1,0.15,0.1
1604,1604,Elgoibar,,Basque Country,0.15,0.15,0.1,0.15,0.1
1605,1605,Elgorriaga,,Navarre,0.15,0.15,0.1,0.15,0.1
1606,1606,Eljas,EX,Extremadura,0.15,0.15,0.1,0.15,0.1
1607,1607,Eller,,Catalonia,0.15,0.15,0.1,0.15,0.1
1608,1608,Elorrio,,Basque Country,0.15,0.15,0.1,0.15,0.1
1609,1609,Elorz,,Navarre,0.15,0.15,0.1,0.15,0.1
1610,1610,Embid,CM,Castilla - La Mancha,0.15,0.15,0.1,0.15,0.1
1611,1611,Emperador,,Valencia,0.15,0.15,0.1,0.15,0.1
1612,1612,Empuriabrava,,Catalonia,0.15,0.15,0.1,0.15,0.1
1613,1613,Encinacorba,AR,Aragon,0.15,0.15,0.1,0.15,0.1
1614,1614,Encinas,CL,Castilla - Leon,0.15,0.15,0.1,0.15,0.1
1615,1615,Encinas Reales,AN,Andalucia,0.15,0.15,0.1,0.15,0.1
1616,1616,Encinasola,AN,Andalucia,0.15,0.15,0.1,0.15,0.1
1617,1617,Encinedo,CL,Castilla - Leon,0.15,0.15,0.1,0.15,0.1
1618,1618,Encinillas,CL,Castilla - Leon,0.15,0.15,0.1,0.15,0.1
1619,1619,Encio,CL,Castilla - Leon,0.15,0.15,0.1,0.15,0.1
1620,1620,Enciso,RI,La Rioja,0.15,0.15,0.1,0.15,0.1
1621,1621,Endrinal,CL,Castilla - Leon,0.15,0.15,0.1,0.15,0.1
1622,1622,Eneriz,,Navarre,0.15,0.15,0.1,0.15,0.1
1623,1623,Enguera,,Valencia,0.15,0.15,0.1,0.15,0.1
1624,1624,Enguidanos,CM,Castilla - La Mancha,0.15,0.15,0.1,0.15,0.1
1625,1625,Enix,AN,Andalucia,0.15,0.15,0.1,0.15,0.1
1626,1626,Entrala,CL,Castilla - Leon,0.15,0.15,0.1,0.15,0.1
1627,1627,Entrambasaguas,CB,Cantabria,0.15,0.15,0.1,0.15,0.1
1628,1628,Entrena,RI,La Rioja,0.15,0.15,0.1,0.15,0.1
1629,1629,Entrimo,GA,Galicia,0.15,0.15,0.1,0.15,0.1
1630,1630,Entrin Bajo,EX,Extremadura,0.15,0.15,0.1,0.15,0.1
1631,1631,Epila,AR,Aragon,0.15,0.15,0.1,0.15,0.1
1632,1632,Erandio,,Basque Country,0.15,0.15,0.1,0.15,0.1
1633,1633,Erandiogoikoa,,Basque Country,0.15,0.15,0.1,0.15,0.1
1634,1634,Eratsun,,Navarre,0.15,0.15,0.1,0.15,0.1
1635,1635,Erla,AR,Aragon,0.15,0.15,0.1,0.15,0.1
1636,1636,Ermua,,Basque Country,0.15,0.15,0.1,0.15,0.1
1637,1637,Errenteria,,Basque Country,0.15,0.15,0.1,0.15,0.1
1638,1638,Errezil,,Basque Country,0.15,0.15,0.1,0.15,0.1
1639,1639,Errigoiti,,Basque Country,0.15,0.15,0.1,0.15,0.1
1640,1640,Erustes,CM,Castilla - La Mancha,0.15,0.15,0.1,0.15,0.1
1641,1641,Es Castell,IB,Baleares,0.15,0.15,0.1,0.15,0.1
1642,1642,Es Cubells,IB,Baleares,0.15,0.15,0.1,0.15,0.1
1643,1643,Es Migjorn Gran,IB,Baleares,0.15,0.15,0.1,0.15,0.1
1644,1644,Escalante,CB,Cantabria,0.15,0.15,0.1,0.15,0.1
1645,1645,Escalona,CM,Castilla - La Mancha,0.15,0.15,0.1,0.15,0.1
1646,1646,Escalonilla,CM,Castilla - La Mancha,0.15,0.15,0.1,0.15,0.1
1647,1647,Escamilla,CM,Castilla - La Mancha,0.15,0.15,0.1,0.15,0.1
1648,1648,Escariche,CM,Castilla - La Mancha,0.15,0.15,0.1,0.15,0.1
1649,1649,Escatron,AR,Aragon,0.15,0.15,0.1,0.15,0.1
1650,1650,Escañuela,AN,Andalucia,0.15,0.15,0.1,0.15,0.1
1651,1651,Escopete,CM,Castilla - La Mancha,0.15,0.15,0.1,0.15,0.1
1652,1652,Escorca,IB,Baleares,0.15,0.15,0.1,0.15,0.1
1653,1653,Escorihuela,AR,Aragon,0.15,0.15,0.1,0.15,0.1
1654,1654,Escucha,AR,Aragon,0.15,0.15,0.1,0.15,0.1
1655,1655,Escurial,EX,Extremadura,0.15,0.15,0.1,0.15,0.1
1656,1656,Escuzar,AN,Andalucia,0.15,0.15,0.1,0.15,0.1
1657,1657,Esgos,GA,Galicia,0.15,0.15,0.1,0.15,0.1
1658,1658,Eskoriatza,,Basque Country,0.15,0.15,0.1,0.15,0.1
1659,1659,Eslava,,Navarre,0.15,0.15,0.1,0.15,0.1
1660,1660,Eslida,,Valencia,0.15,0.15,0.1,0.15,0.1
1661,1661,Espadaña,CL,Castilla - Leon,0.15,0.15,0.1,0.15,0.1
1662,1662,Espadañedo,CL,Castilla - Leon,0.15,0.15,0.1,0.15,0.1
1663,1663,Espadilla,,Valencia,0.15,0.15,0.1,0.15,0.1
1664,1664,Esparragal,MC,Murcia,0.15,0.15,0.1,0.15,0.1
1665,1665,Esparragalejo,EX,Extremadura,0.15,0.15,0.1,0.15,0.1
1666,1666,Esparreguera,,Catalonia,0.15,0.15,0.1,0.15,0.1
1667,1667,Espartinas,AN,Andalucia,0.15,0.15,0.1,0.15,0.1
1668,1668,Espeja,CL,Castilla - Leon,0.15,0.15,0.1,0.15,0.1
1669,1669,Espejo,AN,Andalucia,0.15,0.15,0.1,0.15,0.1
1670,1670,Espejon,CL,Castilla - Leon,0.15,0.15,0.1,0.15,0.1
1671,1671,Espeluy,AN,Andalucia,0.15,0.15,0.1,0.15,0.1
1672,1672,Espera,AN,Andalucia,0.15,0.15,0.1,0.15,0.1
1673,1673,Espiel,AN,Andalucia,0.15,0.15,0.1,0.15,0.1
1674,1674,Espirdo,CL,Castilla - Leon,0.15,0.15,0.1,0.15,0.1
1675,1675,Esplegares,CM,Castilla - La Mancha,0.15,0.15,0.1,0.15,0.1
1676,1676,Esplus,AR,Aragon,0.15,0.15,0.1,0.15,0.1
1677,1677,Espolla,,Catalonia,0.15,0.15,0.1,0.15,0.1
1678,1678,Esponella,,Catalonia,0.15,0.15,0.1,0.15,0.1
1679,1679,Esporles,IB,Baleares,0.15,0.15,0.1,0.15,0.1
1680,1680,Espot,,Catalonia,0.15,0.15,0.1,0.15,0.1
1681,1681,Espronceda,,Navarre,0.15,0.15,0.1,0.15,0.1
1682,1682,Esquivias,CM,Castilla - La Mancha,0.15,0.15,0.1,0.15,0.1
1683,1683,Estables,CM,Castilla - La Mancha,0.15,0.15,0.1,0.15,0.1
1684,1684,Estada,AR,Aragon,0.15,0.15,0.1,0.15,0.1
1685,1685,Estadilla,AR,Aragon,0.15,0.15,0.1,0.15,0.1
1686,1686,Estellencs,IB,Baleares,0.15,0.15,0.1,0.15,0.1
1687,1687,Estepa,AN,Andalucia,0.15,0.15,0.1,0.15,0.1
1688,1688,Estepar,CL,Castilla - Leon,0.15,0.15,0.1,0.15,0.1
1689,1689,Estepona,AN,Andalucia,0.15,0.15,0.1,0.15,0.1
1690,1690,Estercuel,AR,Aragon,0.15,0.15,0.1,0.15,0.1
1691,1691,Estivella,,Valencia,0.15,0.15,0.1,0.15,0.1
1692,1692,Estollo,RI,La Rioja,0.15,0.15,0.1,0.15,0.1
1693,1693,Estremera,MD,Madrid,0.15,0.15,0.1,0.15,0.1
1694,1694,Estriegana,CM,Castilla - La Mancha,0.15,0.15,0.1,0.15,0.1
1695,1695,Estubeny,,Valencia,0.15,0.15,0.1,0.15,0.1
1696,1696,Etayo,,Navarre,0.15,0.15,0.1,0.15,0.1
1697,1697,Etxalar,,Navarre,0.15,0.15,0.1,0.15,0.1
1698,1698,Etxebarria,,Basque Country,0.15,0.15,0.1,0.15,0.1
1699,1699,Eulate,,Navarre,0.15,0.15,0.1,0.15,0.1
1700,1700,Ezcaray,RI,La Rioja,0.15,0.15,0.1,0.15,0.1
1701,1701,Ezkurra,,Navarre,0.15,0.15,0.1,0.15,0.1
1702,1702,Fabara,AR,Aragon,0.15,0.15,0.1,0.15,0.1
1703,1703,Fabero,CL,Castilla - Leon,0.15,0.15,0.1,0.15,0.1
1704,1704,Facheca,,Valencia,0.15,0.15,0.1,0.15,0.1
1705,1705,Fago,AR,Aragon,0.15,0.15,0.1,0.15,0.1
1706,1706,Falces,,Navarre,0.15,0.15,0.1,0.15,0.1
1707,1707,Falset,,Catalonia,0.15,0.15,0.1,0.15,0.1
1708,1708,Famorca,,Valencia,0.15,0.15,0.1,0.15,0.1
1709,1709,Fanzara,,Valencia,0.15,0.15,0.1,0.15,0.1
1710,1710,Farajan,AN,Andalucia,0.15,0.15,0.1,0.15,0.1
1711,1711,Fariza,CL,Castilla - Leon,0.15,0.15,0.1,0.15,0.1
1712,1712,Farlete,AR,Aragon,0.15,0.15,0.1,0.15,0.1
1713,1713,Farrera,,Catalonia,0.15,0.15,0.1,0.15,0.1
1714,1714,Fasnia,,Canary Islands,0.15,0.15,0.1,0.15,0.1
1715,1715,Faura,,Valencia,0.15,0.15,0.1,0.15,0.1
1716,1716,Favara,,Valencia,0.15,0.15,0.1,0.15,0.1
1717,1717,Fayon,AR,Aragon,0.15,0.15,0.1,0.15,0.1
1718,1718,Felanitx,IB,Baleares,0.15,0.15,0.1,0.15,0.1
1719,1719,Felix,AN,Andalucia,0.15,0.15,0.1,0.15,0.1
1720,1720,Fene,GA,Galicia,0.15,0.15,0.1,0.15,0.1
1721,1721,Ferez,CM,Castilla - La Mancha,0.15,0.15,0.1,0.15,0.1
1722,1722,Feria,EX,Extremadura,0.15,0.15,0.1,0.15,0.1
1723,1723,Fermoselle,CL,Castilla - Leon,0.15,0.15,0.1,0.15,0.1
1724,1724,Ferreira,AN,Andalucia,0.15,0.15,0.1,0.15,0.1
1725,1725,Ferreries,IB,Baleares,0.15,0.15,0.1,0.15,0.1
1726,1726,Ferreruela,CL,Castilla - Leon,0.15,0.15,0.1,0.15,0.1
1727,1727,Ferrol,GA,Galicia,0.15,0.15,0.1,0.15,0.1
1728,1728,Figaro,,Catalonia,0.15,0.15,0.1,0.15,0.1
1729,1729,Figueras,AS,Asturias,0.15,0.15,0.1,0.15,0.1
1730,1730,Figueres,,Catalonia,0.15,0.15,0.1,0.15,0.1
1731,1731,Figueroles,,Valencia,0.15,0.15,0.1,0.15,0.1
1732,1732,Figueruelas,AR,Aragon,0.15,0.15,0.1,0.15,0.1
1733,1733,Fines,AN,Andalucia,0.15,0.15,0.1,0.15,0.1
1734,1734,Finestrat,,Valencia,0.15,0.15,0.1,0.15,0.1
1735,1735,Firgas,,Canary Islands,0.15,0.15,0.1,0.15,0.1
1736,1736,Fiscal,AR,Aragon,0.15,0.15,0.1,0.15,0.1
1737,1737,Fisterra,GA,Galicia,0.15,0.15,0.1,0.15,0.1
1738,1738,Fitero,,Navarre,0.15,0.15,0.1,0.15,0.1
1739,1739,Fiñana,AN,Andalucia,0.15,0.15,0.1,0.15,0.1
1740,1740,Flix,,Catalonia,0.15,0.15,0.1,0.15,0.1
1741,1741,Foios,,Valencia,0.15,0.15,0.1,0.15,0.1
1742,1742,Foixa,,Catalonia,0.15,0.15,0.1,0.15,0.1
1743,1743,Fombellida,CL,Castilla - Leon,0.15,0.15,0.1,0.15,0.1
1744,1744,Fombuena,AR,Aragon,0.15,0.15,0.1,0.15,0.1
1745,1745,Fompedraza,CL,Castilla - Leon,0.15,0.15,0.1,0.15,0.1
1746,1746,Foncea,RI,La Rioja,0.15,0.15,0.1,0.15,0.1
1747,1747,Fondarella,,Catalonia,0.15,0.15,0.1,0.15,0.1
1748,1748,Fondon,AN,Andalucia,0.15,0.15,0.1,0.15,0.1
1749,1749,Fonelas,AN,Andalucia,0.15,0.15,0.1,0.15,0.1
1750,1750,Fonfria,AR,Aragon,0.15,0.15,0.1,0.15,0.1
1751,1751,Fonfria,CL,Castilla - Leon,0.15,0.15,0.1,0.15,0.1
1752,1752,Fonollosa,,Catalonia,0.15,0.15,0.1,0.15,0.1
1753,1753,Fonsagrada,GA,Galicia,0.15,0.15,0.1,0.15,0.1
1754,1754,Font-Rubi,,Catalonia,0.15,0.15,0.1,0.15,0.1
1755,1755,Fontanar,CM,Castilla - La Mancha,0.15,0.15,0.1,0.15,0.1
1756,1756,Fontanarejo,CM,Castilla - La Mancha,0.15,0.15,0.1,0.15,0.1
1757,1757,Fontanilles,,Catalonia,0.15,0.15,0.1,0.15,0.1
1758,1758,Fontcoberta,,Catalonia,0.15,0.15,0.1,0.15,0.1
1759,1759,Fontellas,,Navarre,0.15,0.15,0.1,0.15,0.1
1760,1760,Fontihoyuelo,CL,Castilla - Leon,0.15,0.15,0.1,0.15,0.1
1761,1761,Fontioso,CL,Castilla - Leon,0.15,0.15,0.1,0.15,0.1
1762,1762,Fontiveros,CL,Castilla - Leon,0.15,0.15,0.1,0.15,0.1
1763,1763,Fonz,AR,Aragon,0.15,0.15,0.1,0.15,0.1
1764,1764,Fonzaleche,RI,La Rioja,0.15,0.15,0.1,0.15,0.1
1765,1765,Forcall,,Valencia,0.15,0.15,0.1,0.15,0.1
1766,1766,Forcarei,GA,Galicia,0.15,0.15,0.1,0.15,0.1
1767,1767,Fores,,Catalonia,0.15,0.15,0.1,0.15,0.1
1768,1768,Forfoleda,CL,Castilla - Leon,0.15,0.15,0.1,0.15,0.1
1769,1769,Formiche Alto,AR,Aragon,0.15,0.15,0.1,0.15,0.1
1770,1770,Fornalutx,IB,Baleares,0.15,0.15,0.1,0.15,0.1
1771,1771,Fornoles,AR,Aragon,0.15,0.15,0.1,0.15,0.1
1772,1772,Fortaleny,,Valencia,0.15,0.15,0.1,0.15,0.1
1773,1773,Fortanete,AR,Aragon,0.15,0.15,0.1,0.15,0.1
1774,1774,Fortia,,Catalonia,0.15,0.15,0.1,0.15,0.1
1775,1775,Fortuna,MC,Murcia,0.15,0.15,0.1,0.15,0.1
1776,1776,Forua,,Basque Country,0.15,0.15,0.1,0.15,0.1
1777,1777,Foz,GA,Galicia,0.15,0.15,0.1,0.15,0.1
1778,1778,Frades,GA,Galicia,0.15,0.15,0.1,0.15,0.1
1779,1779,Fraga,AR,Aragon,0.15,0.15,0.1,0.15,0.1
1780,1780,Frailes,AN,Andalucia,0.15,0.15,0.1,0.15,0.1
1781,1781,Frandovinez,CL,Castilla - Leon,0.15,0.15,0.1,0.15,0.1
1782,1782,Franza,GA,Galicia,0.15,0.15,0.1,0.15,0.1
1783,1783,Frechilla,CL,Castilla - Leon,0.15,0.15,0.1,0.15,0.1
1784,1784,Freila,AN,Andalucia,0.15,0.15,0.1,0.15,0.1
1785,1785,Frescano,AR,Aragon,0.15,0.15,0.1,0.15,0.1
1786,1786,Fresnedilla,CL,Castilla - Leon,0.15,0.15,0.1,0.15,0.1
1787,1787,Fresnedillas,MD,Madrid,0.15,0.15,0.1,0.15,0.1
1788,1788,Fresnedoso,CL,Castilla - Leon,0.15,0.15,0.1,0.15,0.1
1789,1789,Fresneña,CL,Castilla - Leon,0.15,0.15,0.1,0.15,0.1
1790,1790,Fresno El Viejo,CL,Castilla - Leon,0.15,0.15,0.1,0.15,0.1
1791,1791,Frias,CL,Castilla - Leon,0.15,0.15,0.1,0.15,0.1
1792,1792,Frigiliana,AN,Andalucia,0.15,0.15,0.1,0.15,0.1
1793,1793,Friol,GA,Galicia,0.15,0.15,0.1,0.15,0.1
1794,1794,Fromista,CL,Castilla - Leon,0.15,0.15,0.1,0.15,0.1
1795,1795,Frontera,,Canary Islands,0.15,0.15,0.1,0.15,0.1
1796,1796,Frumales,CL,Castilla - Leon,0.15,0.15,0.1,0.15,0.1
1797,1797,Fuembellida,CM,Castilla - La Mancha,0.15,0.15,0.1,0.15,0.1
1798,1798,Fuencaliente,CM,Castilla - La Mancha,0.15,0.15,0.1,0.15,0.1
1799,1799,Fuencemillan,CM,Castilla - La Mancha,0.15,0.15,0.1,0.15,0.1
1800,1800,Fuendejalon,AR,Aragon,0.15,0.15,0.1,0.15,0.1
1801,1801,Fuendetodos,AR,Aragon,0.15,0.15,0.1,0.15,0.1
1802,1802,Fuenferrada,AR,Aragon,0.15,0.15,0.1,0.15,0.1
1803,1803,Fuengirola,AN,Andalucia,0.15,0.15,0.1,0.15,0.1
1804,1804,Fuenlabrada,MD,Madrid,0.15,0.15,0.1,0.15,0.1
1805,1805,Fuenllana,CM,Castilla - La Mancha,0.15,0.15,0.1,0.15,0.1
1806,1806,Fuenmayor,RI,La Rioja,0.15,0.15,0.1,0.15,0.1
1807,1807,Fuensaldaña,CL,Castilla - Leon,0.15,0.15,0.1,0.15,0.1
1808,1808,Fuensalida,CM,Castilla - La Mancha,0.15,0.15,0.1,0.15,0.1
1809,1809,Fuensanta,CM,Castilla - La Mancha,0.15,0.15,0.1,0.15,0.1
1810,1810,Fuente Encalada,CL,Castilla - Leon,0.15,0.15,0.1,0.15,0.1
1811,1811,Fuente Obejuna,AN,Andalucia,0.15,0.15,0.1,0.15,0.1
1812,1812,Fuente Palmera,AN,Andalucia,0.15,0.15,0.1,0.15,0.1
1813,1813,Fuente Vaqueros,AN,Andalucia,0.15,0.15,0.1,0.15,0.1
1814,1814,Fuente-Alamo,CM,Castilla - La Mancha,0.15,0.15,0.1,0.15,0.1
1815,1815,Fuentealbilla,CM,Castilla - La Mancha,0.15,0.15,0.1,0.15,0.1
1816,1816,Fuentearmegil,CL,Castilla - Leon,0.15,0.15,0.1,0.15,0.1
1817,1817,Fuentebureba,CL,Castilla - Leon,0.15,0.15,0.1,0.15,0.1
1818,1818,Fuentecambron,CL,Castilla - Leon,0.15,0.15,0.1,0.15,0.1
1819,1819,Fuentecantos,CL,Castilla - Leon,0.15,0.15,0.1,0.15,0.1
1820,1820,Fuentecen,CL,Castilla - Leon,0.15,0.15,0.1,0.15,0.1
1821,1821,Fuenteguinaldo,CL,Castilla - Leon,0.15,0.15,0.1,0.15,0.1
1822,1822,Fuenteheridos,AN,Andalucia,0.15,0.15,0.1,0.15,0.1
1823,1823,Fuentelapeña,CL,Castilla - Leon,0.15,0.15,0.1,0.15,0.1
1824,1824,Fuentelcesped,CL,Castilla - Leon,0.15,0.15,0.1,0.15,0.1
1825,1825,Fuentelencina,CM,Castilla - La Mancha,0.15,0.15,0.1,0.15,0.1
1826,1826,Fuentelisendo,CL,Castilla - Leon,0.15,0.15,0.1,0.15,0.1
1827,1827,Fuentelsaz,CM,Castilla - La Mancha,0.15,0.15,0.1,0.15,0.1
1828,1828,Fuentelviejo,CM,Castilla - La Mancha,0.15,0.15,0.1,0.15,0.1
1829,1829,Fuentemolinos,CL,Castilla - Leon,0.15,0.15,0.1,0.15,0.1
1830,1830,Fuentenebro,CL,Castilla - Leon,0.15,0.15,0.1,0.15,0.1
1831,1831,Fuentenovilla,CM,Castilla - La Mancha,0.15,0.15,0.1,0.15,0.1
1832,1832,Fuentepelayo,CL,Castilla - Leon,0.15,0.15,0.1,0.15,0.1
1833,1833,Fuentepinilla,CL,Castilla - Leon,0.15,0.15,0.1,0.15,0.1
1834,1834,Fuentepiñel,CL,Castilla - Leon,0.15,0.15,0.1,0.15,0.1
1835,1835,Fuenterrobles,,Valencia,0.15,0.15,0.1,0.15,0.1
1836,1836,Fuentes,CM,Castilla - La Mancha,0.15,0.15,0.1,0.15,0.1
1837,1837,Fuentes Calientes,AR,Aragon,0.15,0.15,0.1,0.15,0.1
1838,1838,Fuentes Claras,AR,Aragon,0.15,0.15,0.1,0.15,0.1
1839,1839,Fuentesauco,CL,Castilla - Leon,0.15,0.15,0.1,0.15,0.1
1840,1840,Fuentesecas,CL,Castilla - Leon,0.15,0.15,0.1,0.15,0.1
1841,1841,Fuentesoto,CL,Castilla - Leon,0.15,0.15,0.1,0.15,0.1
1842,1842,Fuentespalda,AR,Aragon,0.15,0.15,0.1,0.15,0.1
1843,1843,Fuentespina,CL,Castilla - Leon,0.15,0.15,0.1,0.15,0.1
1844,1844,Fuentespreadas,CL,Castilla - Leon,0.15,0.15,0.1,0.15,0.1
1845,1845,Fuentestrun,CL,Castilla - Leon,0.15,0.15,0.1,0.15,0.1
1846,1846,Fuentidueña,CL,Castilla - Leon,0.15,0.15,0.1,0.15,0.1
1847,1847,Fuertescusa,CM,Castilla - La Mancha,0.15,0.15,0.1,0.15,0.1
1848,1848,Fulleda,,Catalonia,0.15,0.15,0.1,0.15,0.1
1849,1849,Funes,,Navarre,0.15,0.15,0.1,0.15,0.1
1850,1850,Fustiñana,,Navarre,0.15,0.15,0.1,0.15,0.1
1851,1851,Gabaldon,CM,Castilla - La Mancha,0.15,0.15,0.1,0.15,0.1
1852,1852,Gabiria,,Basque Country,0.15,0.15,0.1,0.15,0.1
1853,1853,Gador,AN,Andalucia,0.15,0.15,0.1,0.15,0.1
1854,1854,Gaibiel,,Valencia,0.15,0.15,0.1,0.15,0.1
1855,1855,Gaintza,,Basque Country,0.15,0.15,0.1,0.15,0.1
1856,1856,Gajanejos,CM,Castilla - La Mancha,0.15,0.15,0.1,0.15,0.1
1857,1857,Gajates,CL,Castilla - Leon,0.15,0.15,0.1,0.15,0.1
1858,1858,Galapagar,MD,Madrid,0.15,0.15,0.1,0.15,0.1
1859,1859,Galapagos,CM,Castilla - La Mancha,0.15,0.15,0.1,0.15,0.1
1860,1860,Galar,,Navarre,0.15,0.15,0.1,0.15,0.1
1861,1861,Galaroza,AN,Andalucia,0.15,0.15,0.1,0.15,0.1
1862,1862,Galbarros,CL,Castilla - Leon,0.15,0.15,0.1,0.15,0.1
1863,1863,Galbarruli,RI,La Rioja,0.15,0.15,0.1,0.15,0.1
1864,1864,Galdakao,,Basque Country,0.15,0.15,0.1,0.15,0.1
1865,1865,Galdar,,Canary Islands,0.15,0.15,0.1,0.15,0.1
1866,1866,Galende,CL,Castilla - Leon,0.15,0.15,0.1,0.15,0.1
1867,1867,Galera,AN,Andalucia,0.15,0.15,0.1,0.15,0.1
1868,1868,Galilea,RI,La Rioja,0.15,0.15,0.1,0.15,0.1
1869,1869,Galinduste,CL,Castilla - Leon,0.15,0.15,0.1,0.15,0.1
1870,1870,Galisancho,CL,Castilla - Leon,0.15,0.15,0.1,0.15,0.1
1871,1871,Galisteo,EX,Extremadura,0.15,0.15,0.1,0.15,0.1
1872,1872,Gallegos,CL,Castilla - Leon,0.15,0.15,0.1,0.15,0.1
1873,1873,Gallifa,,Catalonia,0.15,0.15,0.1,0.15,0.1
1874,1874,Gallipienzo,,Navarre,0.15,0.15,0.1,0.15,0.1
1875,1875,Gallocanta,AR,Aragon,0.15,0.15,0.1,0.15,0.1
1876,1876,Gallur,AR,Aragon,0.15,0.15,0.1,0.15,0.1
1877,1877,Galve,AR,Aragon,0.15,0.15,0.1,0.15,0.1
1878,1878,Galvez,CM,Castilla - La Mancha,0.15,0.15,0.1,0.15,0.1
1879,1879,Gamonal,CM,Castilla - La Mancha,0.15,0.15,0.1,0.15,0.1
1880,1880,Gamonal,CL,Castilla - Leon,0.15,0.15,0.1,0.15,0.1
1881,1881,Gamones,CL,Castilla - Leon,0.15,0.15,0.1,0.15,0.1
1882,1882,Gandesa,,Catalonia,0.15,0.15,0.1,0.15,0.1
1883,1883,Gandia,,Valencia,0.15,0.15,0.1,0.15,0.1
1884,1884,Garaballa,CM,Castilla - La Mancha,0.15,0.15,0.1,0.15,0.1
1885,1885,Garachico,,Canary Islands,0.15,0.15,0.1,0.15,0.1
1886,1886,Garafia,,Canary Islands,0.15,0.15,0.1,0.15,0.1
1887,1887,Garaioa,,Navarre,0.15,0.15,0.1,0.15,0.1
1888,1888,Garbayuela,EX,Extremadura,0.15,0.15,0.1,0.15,0.1
1889,1889,Garcia,,Catalonia,0.15,0.15,0.1,0.15,0.1
1890,1890,Garciaz,EX,Extremadura,0.15,0.15,0.1,0.15,0.1
1891,1891,Garcibuey,CL,Castilla - Leon,0.15,0.15,0.1,0.15,0.1
1892,1892,Garcihernandez,CL,Castilla - Leon,0.15,0.15,0.1,0.15,0.1
1893,1893,Garcillan,CL,Castilla - Leon,0.15,0.15,0.1,0.15,0.1
1894,1894,Garcirrey,CL,Castilla - Leon,0.15,0.15,0.1,0.15,0.1
1895,1895,Garde,,Navarre,0.15,0.15,0.1,0.15,0.1
1896,1896,Gargallo,AR,Aragon,0.15,0.15,0.1,0.15,0.1
1897,1897,Gargantilla,EX,Extremadura,0.15,0.15,0.1,0.15,0.1
1898,1898,Garguera,EX,Extremadura,0.15,0.15,0.1,0.15,0.1
1899,1899,Garinoain,,Navarre,0.15,0.15,0.1,0.15,0.1
1900,1900,Garlitos,EX,Extremadura,0.15,0.15,0.1,0.15,0.1
1901,1901,Garralda,,Navarre,0.15,0.15,0.1,0.15,0.1
1902,1902,Garray,CL,Castilla - Leon,0.15,0.15,0.1,0.15,0.1
1903,1903,Garrigas,,Catalonia,0.15,0.15,0.1,0.15,0.1
1904,1904,Garrigoles,,Catalonia,0.15,0.15,0.1,0.15,0.1
1905,1905,Garriguella,,Catalonia,0.15,0.15,0.1,0.15,0.1
1906,1906,Garrovillas,EX,Extremadura,0.15,0.15,0.1,0.15,0.1
1907,1907,Garrucha,AN,Andalucia,0.15,0.15,0.1,0.15,0.1
1908,1908,Garvin,EX,Extremadura,0.15,0.15,0.1,0.15,0.1
1909,1909,Gascones,MD,Madrid,0.15,0.15,0.1,0.15,0.1
1910,1910,Gascueña,CM,Castilla - La Mancha,0.15,0.15,0.1,0.15,0.1
1911,1911,Gata,EX,Extremadura,0.15,0.15,0.1,0.15,0.1
1912,1912,Gatika,,Basque Country,0.15,0.15,0.1,0.15,0.1
1913,1913,Gaucin,AN,Andalucia,0.15,0.15,0.1,0.15,0.1
1914,1914,Gava,,Catalonia,0.15,0.15,0.1,0.15,0.1
1915,1915,Gavarda,,Valencia,0.15,0.15,0.1,0.15,0.1
1916,1916,Gavilanes,CL,Castilla - Leon,0.15,0.15,0.1,0.15,0.1
1917,1917,Gaztelu,,Basque Country,0.15,0.15,0.1,0.15,0.1
1918,1918,Geldo,,Valencia,0.15,0.15,0.1,0.15,0.1
1919,1919,Gelida,,Catalonia,0.15,0.15,0.1,0.15,0.1
1920,1920,Gelsa,AR,Aragon,0.15,0.15,0.1,0.15,0.1
1921,1921,Gelves,AN,Andalucia,0.15,0.15,0.1,0.15,0.1
1922,1922,Gema,CL,Castilla - Leon,0.15,0.15,0.1,0.15,0.1
1923,1923,Gemuño,CL,Castilla - Leon,0.15,0.15,0.1,0.15,0.1
1924,1924,Genalguacil,AN,Andalucia,0.15,0.15,0.1,0.15,0.1
1925,1925,Genave,AN,Andalucia,0.15,0.15,0.1,0.15,0.1
1926,1926,Genevilla,,Navarre,0.15,0.15,0.1,0.15,0.1
1927,1927,Genoves,,Valencia,0.15,0.15,0.1,0.15,0.1
1928,1928,Ger,,Catalonia,0.15,0.15,0.1,0.15,0.1
1929,1929,Gerena,AN,Andalucia,0.15,0.15,0.1,0.15,0.1
1930,1930,Gergal,AN,Andalucia,0.15,0.15,0.1,0.15,0.1
1931,1931,Geria,CL,Castilla - Leon,0.15,0.15,0.1,0.15,0.1
1932,1932,Gerindote,CM,Castilla - La Mancha,0.15,0.15,0.1,0.15,0.1
1933,1933,Gernika-Lumo,,Basque Country,0.15,0.15,0.1,0.15,0.1
1934,1934,Gestalgar,,Valencia,0.15,0.15,0.1,0.15,0.1
1935,1935,Getafe,MD,Madrid,0.15,0.15,0.1,0.15,0.1
1936,1936,Getaria,,Basque Country,0.15,0.15,0.1,0.15,0.1
1937,1937,Getxo,,Basque Country,0.15,0.15,0.1,0.15,0.1
1938,1938,Gibraleon,AN,Andalucia,0.15,0.15,0.1,0.15,0.1
1939,1939,Gijon,AS,Asturias,0.15,0.15,0.1,0.15,0.1
1940,1940,Gilena,AN,Andalucia,0.15,0.15,0.1,0.15,0.1
1941,1941,Gilet,,Valencia,0.15,0.15,0.1,0.15,0.1
1942,1942,Gimialcon,CL,Castilla - Leon,0.15,0.15,0.1,0.15,0.1
1943,1943,Gimileo,RI,La Rioja,0.15,0.15,0.1,0.15,0.1
1944,1944,Gines,AN,Andalucia,0.15,0.15,0.1,0.15,0.1
1945,1945,Ginestar,,Catalonia,0.15,0.15,0.1,0.15,0.1
1946,1946,Girona,,Catalonia,0.15,0.15,0.1,0.15,0.1
1947,1947,Gironella,,Catalonia,0.15,0.15,0.1,0.15,0.1
1948,1948,Gistain,AR,Aragon,0.15,0.15,0.1,0.15,0.1
1949,1949,Gobernador,AN,Andalucia,0.15,0.15,0.1,0.15,0.1
1950,1950,Godall,,Catalonia,0.15,0.15,0.1,0.15,0.1
1951,1951,Godella,,Valencia,0.15,0.15,0.1,0.15,0.1
1952,1952,Godelleta,,Valencia,0.15,0.15,0.1,0.15,0.1
1953,1953,Godojos,AR,Aragon,0.15,0.15,0.1,0.15,0.1
1954,1954,Goizueta,,Navarre,0.15,0.15,0.1,0.15,0.1
1955,1955,Gojar,AN,Andalucia,0.15,0.15,0.1,0.15,0.1
1956,1956,Golmayo,CL,Castilla - Leon,0.15,0.15,0.1,0.15,0.1
1957,1957,Golmes,,Catalonia,0.15,0.15,0.1,0.15,0.1
1958,1958,Golosalvo,CM,Castilla - La Mancha,0.15,0.15,0.1,0.15,0.1
1959,1959,Golpejas,CL,Castilla - Leon,0.15,0.15,0.1,0.15,0.1
1960,1960,Gomara,CL,Castilla - Leon,0.15,0.15,0.1,0.15,0.1
1961,1961,Gomecello,CL,Castilla - Leon,0.15,0.15,0.1,0.15,0.1
1962,1962,Gomezserracin,CL,Castilla - Leon,0.15,0.15,0.1,0.15,0.1
1963,1963,Gondomar,GA,Galicia,0.15,0.15,0.1,0.15,0.1
1964,1964,Gor,AN,Andalucia,0.15,0.15,0.1,0.15,0.1
1965,1965,Gorafe,AN,Andalucia,0.15,0.15,0.1,0.15,0.1
1966,1966,Gordexola,,Basque Country,0.15,0.15,0.1,0.15,0.1
1967,1967,Gordoncillo,CL,Castilla - Leon,0.15,0.15,0.1,0.15,0.1
1968,1968,Gorga,,Valencia,0.15,0.15,0.1,0.15,0.1
1969,1969,Gormaz,CL,Castilla - Leon,0.15,0.15,0.1,0.15,0.1
1970,1970,Gosol,,Catalonia,0.15,0.15,0.1,0.15,0.1
1971,1971,Gotarrendura,CL,Castilla - Leon,0.15,0.15,0.1,0.15,0.1
1972,1972,Gotor,AR,Aragon,0.15,0.15,0.1,0.15,0.1
1973,1973,Goñi,,Navarre,0.15,0.15,0.1,0.15,0.1
1974,1974,Gracia,,Catalonia,0.15,0.15,0.1,0.15,0.1
1975,1975,Gradefes,CL,Castilla - Leon,0.15,0.15,0.1,0.15,0.1
1976,1976,Grado,AS,Asturias,0.15,0.15,0.1,0.15,0.1
1977,1977,Grajera,CL,Castilla - Leon,0.15,0.15,0.1,0.15,0.1
1978,1978,Granada,AN,Andalucia,0.15,0.15,0.1,0.15,0.1
1979,1979,Granera,,Catalonia,0.15,0.15,0.1,0.15,0.1
1980,1980,Granollers,,Catalonia,0.15,0.15,0.1,0.15,0.1
1981,1981,Granucillo,CL,Castilla - Leon,0.15,0.15,0.1,0.15,0.1
1982,1982,Graus,AR,Aragon,0.15,0.15,0.1,0.15,0.1
1983,1983,Gravalos,RI,La Rioja,0.15,0.15,0.1,0.15,0.1
1984,1984,Grazalema,AN,Andalucia,0.15,0.15,0.1,0.15,0.1
1985,1985,Griegos,AR,Aragon,0.15,0.15,0.1,0.15,0.1
1986,1986,Grijalba,CL,Castilla - Leon,0.15,0.15,0.1,0.15,0.1
1987,1987,Grijota,CL,Castilla - Leon,0.15,0.15,0.1,0.15,0.1
1988,1988,Grisaleña,CL,Castilla - Leon,0.15,0.15,0.1,0.15,0.1
1989,1989,Grisel,AR,Aragon,0.15,0.15,0.1,0.15,0.1
1990,1990,Grisen,AR,Aragon,0.15,0.15,0.1,0.15,0.1
1991,1991,Guadahortuna,AN,Andalucia,0.15,0.15,0.1,0.15,0.1
1992,1992,Guadalajara,CM,Castilla - La Mancha,0.15,0.15,0.1,0.15,0.1
1993,1993,Guadalaviar,AR,Aragon,0.15,0.15,0.1,0.15,0.1
1994,1994,Guadalcanal,AN,Andalucia,0.15,0.15,0.1,0.15,0.1
1995,1995,Guadalcazar,AN,Andalucia,0.15,0.15,0.1,0.15,0.1
1996,1996,Guadalmez,CM,Castilla - La Mancha,0.15,0.15,0.1,0.15,0.1
1997,1997,Guadalupe,EX,Extremadura,0.15,0.15,0.1,0.15,0.1
1998,1998,Guadamur,CM,Castilla - La Mancha,0.15,0.15,0.1,0.15,0.1
1999,1999,Guadarrama,MD,Madrid,0.15,0.15,0.1,0.15,0.1
2000,2000,Guadasequies,,Valencia,0.15,0.15,0.1,0.15,0.1
2001,2001,Guadassuar,,Valencia,0.15,0.15,0.1,0.15,0.1
2002,2002,Guadix,AN,Andalucia,0.15,0.15,0.1,0.15,0.1
2003,2003,Guadramiro,CL,Castilla - Leon,0.15,0.15,0.1,0.15,0.1
2004,2004,Gualchos,AN,Andalucia,0.15,0.15,0.1,0.15,0.1
2005,2005,Gualta,,Catalonia,0.15,0.15,0.1,0.15,0.1
2006,2006,Guardo,CL,Castilla - Leon,0.15,0.15,0.1,0.15,0.1
2007,2007,Guareña,EX,Extremadura,0.15,0.15,0.1,0.15,0.1
2008,2008,Guaro,AN,Andalucia,0.15,0.15,0.1,0.15,0.1
2009,2009,Guarroman,AN,Andalucia,0.15,0.15,0.1,0.15,0.1
2010,2010,Guatiza,,Canary Islands,0.15,0.15,0.1,0.15,0.1
2011,2011,Guazamara,AN,Andalucia,0.15,0.15,0.1,0.15,0.1
2012,2012,Gudar,AR,Aragon,0.15,0.15,0.1,0.15,0.1
2013,2013,Guia,,Canary Islands,0.15,0.15,0.1,0.15,0.1
2014,2014,Guijuelo,CL,Castilla - Leon,0.15,0.15,0.1,0.15,0.1
2015,2015,Guillena,AN,Andalucia,0.15,0.15,0.1,0.15,0.1
2016,2016,Guimar,,Canary Islands,0.15,0.15,0.1,0.15,0.1
2017,2017,Guimera,,Catalonia,0.15,0.15,0.1,0.15,0.1
2018,2018,Guirguillano,,Navarre,0.15,0.15,0.1,0.15,0.1
2019,2019,Guisando,CL,Castilla - Leon,0.15,0.15,0.1,0.15,0.1
2020,2020,Guitiriz,GA,Galicia,0.15,0.15,0.1,0.15,0.1
2021,2021,Guntin,GA,Galicia,0.15,0.15,0.1,0.15,0.1
2022,2022,Gurb,,Catalonia,0.15,0.15,0.1,0.15,0.1
2023,2023,Gutierre-Muñoz,CL,Castilla - Leon,0.15,0.15,0.1,0.15,0.1
2024,2024,Güeñes,,Basque Country,0.15,0.15,0.1,0.15,0.1
2025,2025,Hacinas,CL,Castilla - Leon,0.15,0.15,0.1,0.15,0.1
2026,2026,Haria,,Canary Islands,0.15,0.15,0.1,0.15,0.1
2027,2027,Haro,RI,La Rioja,0.15,0.15,0.1,0.15,0.1
2028,2028,Haza,CL,Castilla - Leon,0.15,0.15,0.1,0.15,0.1
2029,2029,Helechosa,EX,Extremadura,0.15,0.15,0.1,0.15,0.1
2030,2030,Hellin,CM,Castilla - La Mancha,0.15,0.15,0.1,0.15,0.1
2031,2031,Henarejos,CM,Castilla - La Mancha,0.15,0.15,0.1,0.15,0.1
2032,2032,Henche,CM,Castilla - La Mancha,0.15,0.15,0.1,0.15,0.1
2033,2033,Herbes,,Valencia,0.15,0.15,0.1,0.15,0.1
2034,2034,Herce,RI,La Rioja,0.15,0.15,0.1,0.15,0.1
2035,2035,Herencia,CM,Castilla - La Mancha,0.15,0.15,0.1,0.15,0.1
2036,2036,Herguijuela,EX,Extremadura,0.15,0.15,0.1,0.15,0.1
2037,2037,Hermigua,,Canary Islands,0.15,0.15,0.1,0.15,0.1
2038,2038,Hermisende,CL,Castilla - Leon,0.15,0.15,0.1,0.15,0.1
2039,2039,Hernan-Perez,EX,Extremadura,0.15,0.15,0.1,0.15,0.1
2040,2040,Hernani,,Basque Country,0.15,0.15,0.1,0.15,0.1
2041,2041,Hernansancho,CL,Castilla - Leon,0.15,0.15,0.1,0.15,0.1
2042,2042,Hernialde,,Basque Country,0.15,0.15,0.1,0.15,0.1
2043,2043,Herramelluri,RI,La Rioja,0.15,0.15,0.1,0.15,0.1
2044,2044,Herrera,AN,Andalucia,0.15,0.15,0.1,0.15,0.1
2045,2045,Herreria,CM,Castilla - La Mancha,0.15,0.15,0.1,0.15,0.1
2046,2046,Herriko Plaza,,Basque Country,0.15,0.15,0.1,0.15,0.1
2047,2047,Hervas,EX,Extremadura,0.15,0.15,0.1,0.15,0.1
2048,2048,Hervias,RI,La Rioja,0.15,0.15,0.1,0.15,0.1
2049,2049,Hiendelaencina,CM,Castilla - La Mancha,0.15,0.15,0.1,0.15,0.1
2050,2050,Higuera,EX,Extremadura,0.15,0.15,0.1,0.15,0.1
2051,2051,Higueras,,Valencia,0.15,0.15,0.1,0.15,0.1
2052,2052,Higueruela,CM,Castilla - La Mancha,0.15,0.15,0.1,0.15,0.1
2053,2053,Higueruelas,,Valencia,0.15,0.15,0.1,0.15,0.1
2054,2054,Hijar,AR,Aragon,0.15,0.15,0.1,0.15,0.1
2055,2055,Hinojal,EX,Extremadura,0.15,0.15,0.1,0.15,0.1
2056,2056,Hinojales,AN,Andalucia,0.15,0.15,0.1,0.15,0.1
2057,2057,Hinojares,AN,Andalucia,0.15,0.15,0.1,0.15,0.1
2058,2058,Hinojos,AN,Andalucia,0.15,0.15,0.1,0.15,0.1
2059,2059,Hita,CM,Castilla - La Mancha,0.15,0.15,0.1,0.15,0.1
2060,2060,Holguera,EX,Extremadura,0.15,0.15,0.1,0.15,0.1
2061,2061,Hombrados,CM,Castilla - La Mancha,0.15,0.15,0.1,0.15,0.1
2062,2062,Hondarribia,,Basque Country,0.15,0.15,0.1,0.15,0.1
2063,2063,Honrubia,CM,Castilla - La Mancha,0.15,0.15,0.1,0.15,0.1
2064,2064,Hontalbilla,CL,Castilla - Leon,0.15,0.15,0.1,0.15,0.1
2065,2065,Hontanar,CM,Castilla - La Mancha,0.15,0.15,0.1,0.15,0.1
2066,2066,Hontanas,CL,Castilla - Leon,0.15,0.15,0.1,0.15,0.1
2067,2067,Hontanaya,CM,Castilla - La Mancha,0.15,0.15,0.1,0.15,0.1
2068,2068,Hontangas,CL,Castilla - Leon,0.15,0.15,0.1,0.15,0.1
2069,2069,Hontecillas,CM,Castilla - La Mancha,0.15,0.15,0.1,0.15,0.1
2070,2070,Hontoba,CM,Castilla - La Mancha,0.15,0.15,0.1,0.15,0.1
2071,2071,Horche,CM,Castilla - La Mancha,0.15,0.15,0.1,0.15,0.1
2072,2072,Hormigos,CM,Castilla - La Mancha,0.15,0.15,0.1,0.15,0.1
2073,2073,Hormilla,RI,La Rioja,0.15,0.15,0.1,0.15,0.1
2074,2074,Hormilleja,RI,La Rioja,0.15,0.15,0.1,0.15,0.1
2075,2075,Hornachos,EX,Extremadura,0.15,0.15,0.1,0.15,0.1
2076,2076,Hornachuelos,AN,Andalucia,0.15,0.15,0.1,0.15,0.1
2077,2077,Hornos,AN,Andalucia,0.15,0.15,0.1,0.15,0.1
2078,2078,Horta,,Catalonia,0.15,0.15,0.1,0.15,0.1
2079,2079,Hortiguela,CL,Castilla - Leon,0.15,0.15,0.1,0.15,0.1
2080,2080,Hostafrancs,,Catalonia,0.15,0.15,0.1,0.15,0.1
2081,2081,Hostalric,,Catalonia,0.15,0.15,0.1,0.15,0.1
2082,2082,Hoyocasero,CL,Castilla - Leon,0.15,0.15,0.1,0.15,0.1
2083,2083,Hoyorredondo,CL,Castilla - Leon,0.15,0.15,0.1,0.15,0.1
2084,2084,Hoyos,EX,Extremadura,0.15,0.15,0.1,0.15,0.1
2085,2085,Huecas,CM,Castilla - La Mancha,0.15,0.15,0.1,0.15,0.1
2086,2086,Huecija,AN,Andalucia,0.15,0.15,0.1,0.15,0.1
2087,2087,Huelaga,EX,Extremadura,0.15,0.15,0.1,0.15,0.1
2088,2088,Huelago,AN,Andalucia,0.15,0.15,0.1,0.15,0.1
2089,2089,Huelamo,CM,Castilla - La Mancha,0.15,0.15,0.1,0.15,0.1
2090,2090,Huelma,AN,Andalucia,0.15,0.15,0.1,0.15,0.1
2091,2091,Huelva,AN,Andalucia,0.15,0.15,0.1,0.15,0.1
2092,2092,Huelves,CM,Castilla - La Mancha,0.15,0.15,0.1,0.15,0.1
2093,2093,Hueneja,AN,Andalucia,0.15,0.15,0.1,0.15,0.1
2094,2094,Huercal-Overa,AN,Andalucia,0.15,0.15,0.1,0.15,0.1
2095,2095,Huercanos,RI,La Rioja,0.15,0.15,0.1,0.15,0.1
2096,2096,Huerguina,CM,Castilla - La Mancha,0.15,0.15,0.1,0.15,0.1
2097,2097,Huermeces,CL,Castilla - Leon,0.15,0.15,0.1,0.15,0.1
2098,2098,Huerta,CL,Castilla - Leon,0.15,0.15,0.1,0.15,0.1
2099,2099,Huertahernando,CM,Castilla - La Mancha,0.15,0.15,0.1,0.15,0.1
2100,2100,Huerto,AR,Aragon,0.15,0.15,0.1,0.15,0.1
2101,2101,Huesa,AN,Andalucia,0.15,0.15,0.1,0.15,0.1
2102,2102,Huesca,AR,Aragon,0.15,0.15,0.1,0.15,0.1
2103,2103,Huescar,AN,Andalucia,0.15,0.15,0.1,0.15,0.1
2104,2104,Huete,CM,Castilla - La Mancha,0.15,0.15,0.1,0.15,0.1
2105,2105,Huetor Vega,AN,Andalucia,0.15,0.15,0.1,0.15,0.1
2106,2106,Hueva,CM,Castilla - La Mancha,0.15,0.15,0.1,0.15,0.1
2107,2107,Humada,CL,Castilla - Leon,0.15,0.15,0.1,0.15,0.1
2108,2108,Humanes,CM,Castilla - La Mancha,0.15,0.15,0.1,0.15,0.1
2109,2109,Humilladero,AN,Andalucia,0.15,0.15,0.1,0.15,0.1
2110,2110,Hurones,CL,Castilla - Leon,0.15,0.15,0.1,0.15,0.1
2111,2111,Hurtumpascual,CL,Castilla - Leon,0.15,0.15,0.1,0.15,0.1
2112,2112,Husillos,CL,Castilla - Leon,0.15,0.15,0.1,0.15,0.1
2113,2113,Ibahernando,EX,Extremadura,0.15,0.15,0.1,0.15,0.1
2114,2114,Ibarra,,Basque Country,0.15,0.15,0.1,0.15,0.1
2115,2115,Ibarrangelu,,Basque Country,0.15,0.15,0.1,0.15,0.1
2116,2116,Ibdes,AR,Aragon,0.15,0.15,0.1,0.15,0.1
2117,2117,Ibi,,Valencia,0.15,0.15,0.1,0.15,0.1
2118,2118,Ibieca,AR,Aragon,0.15,0.15,0.1,0.15,0.1
2119,2119,Ibrillos,CL,Castilla - Leon,0.15,0.15,0.1,0.15,0.1
2120,2120,Ibros,AN,Andalucia,0.15,0.15,0.1,0.15,0.1
2121,2121,Idiazabal,,Basque Country,0.15,0.15,0.1,0.15,0.1
2122,2122,Igantzi,,Navarre,0.15,0.15,0.1,0.15,0.1
2123,2123,Igea,RI,La Rioja,0.15,0.15,0.1,0.15,0.1
2124,2124,Iglesiarrubia,CL,Castilla - Leon,0.15,0.15,0.1,0.15,0.1
2125,2125,Iglesias,CL,Castilla - Leon,0.15,0.15,0.1,0.15,0.1
2126,2126,Igries,AR,Aragon,0.15,0.15,0.1,0.15,0.1
2127,2127,Igualada,,Catalonia,0.15,0.15,0.1,0.15,0.1
2128,2128,Igualeja,AN,Andalucia,0.15,0.15,0.1,0.15,0.1
2129,2129,Iguzquiza,,Navarre,0.15,0.15,0.1,0.15,0.1
2130,2130,Ikaztegieta,,Basque Country,0.15,0.15,0.1,0.15,0.1
2131,2131,Ilche,AR,Aragon,0.15,0.15,0.1,0.15,0.1
2132,2132,Illana,CM,Castilla - La Mancha,0.15,0.15,0.1,0.15,0.1
2133,2133,Illano,AS,Asturias,0.15,0.15,0.1,0.15,0.1
2134,2134,Illar,AN,Andalucia,0.15,0.15,0.1,0.15,0.1
2135,2135,Illas,AS,Asturias,0.15,0.15,0.1,0.15,0.1
2136,2136,Illescas,CM,Castilla - La Mancha,0.15,0.15,0.1,0.15,0.1
2137,2137,Illora,AN,Andalucia,0.15,0.15,0.1,0.15,0.1
2138,2138,Illueca,AR,Aragon,0.15,0.15,0.1,0.15,0.1
2139,2139,Inca,IB,Baleares,0.15,0.15,0.1,0.15,0.1
2140,2140,Infantes,CM,Castilla - La Mancha,0.15,0.15,0.1,0.15,0.1
2141,2141,Ingenio,,Canary Islands,0.15,0.15,0.1,0.15,0.1
2142,2142,Iniesta,CM,Castilla - La Mancha,0.15,0.15,0.1,0.15,0.1
2143,2143,Iniestola,CM,Castilla - La Mancha,0.15,0.15,0.1,0.15,0.1
2144,2144,Instincion,AN,Andalucia,0.15,0.15,0.1,0.15,0.1
2145,2145,Irañeta,,Navarre,0.15,0.15,0.1,0.15,0.1
2146,2146,Irixoa,GA,Galicia,0.15,0.15,0.1,0.15,0.1
2147,2147,Iruelos,CL,Castilla - Leon,0.15,0.15,0.1,0.15,0.1
2148,2148,Irueste,CM,Castilla - La Mancha,0.15,0.15,0.1,0.15,0.1
2149,2149,Irun,,Basque Country,0.15,0.15,0.1,0.15,0.1
2150,2150,Irura,,Basque Country,0.15,0.15,0.1,0.15,0.1
2151,2151,Irurtzun,,Navarre,0.15,0.15,0.1,0.15,0.1
2152,2152,Isar,CL,Castilla - Leon,0.15,0.15,0.1,0.15,0.1
2153,2153,Iscar,CL,Castilla - Leon,0.15,0.15,0.1,0.15,0.1
2154,2154,Isla Cristina,AN,Andalucia,0.15,0.15,0.1,0.15,0.1
2155,2155,Islantilla,AN,Andalucia,0.15,0.15,0.1,0.15,0.1
2156,2156,Isovol,,Catalonia,0.15,0.15,0.1,0.15,0.1
2157,2157,Ispaster,,Basque Country,0.15,0.15,0.1,0.15,0.1
2158,2158,Istan,AN,Andalucia,0.15,0.15,0.1,0.15,0.1
2159,2159,Isuerre,AR,Aragon,0.15,0.15,0.1,0.15,0.1
2160,2160,Itrabo,AN,Andalucia,0.15,0.15,0.1,0.15,0.1
2161,2161,Itsasondo,,Basque Country,0.15,0.15,0.1,0.15,0.1
2162,2162,Ituren,,Navarre,0.15,0.15,0.1,0.15,0.1
2163,2163,Iturmendi,,Navarre,0.15,0.15,0.1,0.15,0.1
2164,2164,Itza,,Navarre,0.15,0.15,0.1,0.15,0.1
2165,2165,Iurreta,,Basque Country,0.15,0.15,0.1,0.15,0.1
2166,2166,Ivorra,,Catalonia,0.15,0.15,0.1,0.15,0.1
2167,2167,Izagre,CL,Castilla - Leon,0.15,0.15,0.1,0.15,0.1
2168,2168,Iznajar,AN,Andalucia,0.15,0.15,0.1,0.15,0.1
2169,2169,Iznalloz,AN,Andalucia,0.15,0.15,0.1,0.15,0.1
2170,2170,Iznate,AN,Andalucia,0.15,0.15,0.1,0.15,0.1
2171,2171,Iznatoraf,AN,Andalucia,0.15,0.15,0.1,0.15,0.1
2172,2172,Izurtza,,Basque Country,0.15,0.15,0.1,0.15,0.1
2173,2173,Jabaloyas,AR,Aragon,0.15,0.15,0.1,0.15,0.1
2174,2174,Jabalquinto,AN,Andalucia,0.15,0.15,0.1,0.15,0.1
2175,2175,Jabugo,AN,Andalucia,0.15,0.15,0.1,0.15,0.1
2176,2176,Jaca,AR,Aragon,0.15,0.15,0.1,0.15,0.1
2177,2177,Jacarilla,,Valencia,0.15,0.15,0.1,0.15,0.1
2178,2178,Jadraque,CM,Castilla - La Mancha,0.15,0.15,0.1,0.15,0.1
2179,2179,Jaen,AN,Andalucia,0.15,0.15,0.1,0.15,0.1
2180,2180,Jafre,,Catalonia,0.15,0.15,0.1,0.15,0.1
2181,2181,Jalance,,Valencia,0.15,0.15,0.1,0.15,0.1
2182,2182,Jalon,,Valencia,0.15,0.15,0.1,0.15,0.1
2183,2183,Jambrina,CL,Castilla - Leon,0.15,0.15,0.1,0.15,0.1
2184,2184,Jamilena,AN,Andalucia,0.15,0.15,0.1,0.15,0.1
2185,2185,Jaraba,AR,Aragon,0.15,0.15,0.1,0.15,0.1
2186,2186,Jarafuel,,Valencia,0.15,0.15,0.1,0.15,0.1
2187,2187,Jaraicejo,EX,Extremadura,0.15,0.15,0.1,0.15,0.1
2188,2188,Jaramillo Quemado,CL,Castilla - Leon,0.15,0.15,0.1,0.15,0.1
2189,2189,Jarilla,EX,Extremadura,0.15,0.15,0.1,0.15,0.1
2190,2190,Jarque,AR,Aragon,0.15,0.15,0.1,0.15,0.1
2191,2191,Jasa,AR,Aragon,0.15,0.15,0.1,0.15,0.1
2192,2192,Jatiel,AR,Aragon,0.15,0.15,0.1,0.15,0.1
2193,2193,Jaulin,AR,Aragon,0.15,0.15,0.1,0.15,0.1
2194,2194,Javea,,Valencia,0.15,0.15,0.1,0.15,0.1
2195,2195,Javier,,Navarre,0.15,0.15,0.1,0.15,0.1
2196,2196,Jayena,AN,Andalucia,0.15,0.15,0.1,0.15,0.1
2197,2197,Jerica,,Valencia,0.15,0.15,0.1,0.15,0.1
2198,2198,Jerte,EX,Extremadura,0.15,0.15,0.1,0.15,0.1
2199,2199,Jete,AN,Andalucia,0.15,0.15,0.1,0.15,0.1
2200,2200,Jimena,AN,Andalucia,0.15,0.15,0.1,0.15,0.1
2201,2201,Jirueque,CM,Castilla - La Mancha,0.15,0.15,0.1,0.15,0.1
2202,2202,Jodar,AN,Andalucia,0.15,0.15,0.1,0.15,0.1
2203,2203,Jorba,,Catalonia,0.15,0.15,0.1,0.15,0.1
2204,2204,Jorcas,AR,Aragon,0.15,0.15,0.1,0.15,0.1
2205,2205,Jorquera,CM,Castilla - La Mancha,0.15,0.15,0.1,0.15,0.1
2206,2206,Josa,AR,Aragon,0.15,0.15,0.1,0.15,0.1
2207,2207,Jubrique,AN,Andalucia,0.15,0.15,0.1,0.15,0.1
2208,2208,Juia,,Catalonia,0.15,0.15,0.1,0.15,0.1
2209,2209,Jumilla,MC,Murcia,0.15,0.15,0.1,0.15,0.1
2210,2210,Jun,AN,Andalucia,0.15,0.15,0.1,0.15,0.1
2211,2211,Junciana,CL,Castilla - Leon,0.15,0.15,0.1,0.15,0.1
2212,2212,Juncosa,,Catalonia,0.15,0.15,0.1,0.15,0.1
2213,2213,Juneda,,Catalonia,0.15,0.15,0.1,0.15,0.1
2214,2214,Justel,CL,Castilla - Leon,0.15,0.15,0.1,0.15,0.1
2215,2215,Juviles,AN,Andalucia,0.15,0.15,0.1,0.15,0.1
2216,2216,Juzbado,CL,Castilla - Leon,0.15,0.15,0.1,0.15,0.1
2217,2217,Juzcar,AN,Andalucia,0.15,0.15,0.1,0.15,0.1
2218,2218,Kortezubi,,Basque Country,0.15,0.15,0.1,0.15,0.1
2219,2219,La Adrada,CL,Castilla - Leon,0.15,0.15,0.1,0.15,0.1
2220,2220,La Alberca,CL,Castilla - Leon,0.15,0.15,0.1,0.15,0.1
2221,2221,La Albuera,EX,Extremadura,0.15,0.15,0.1,0.15,0.1
2222,2222,La Algaba,AN,Andalucia,0.15,0.15,0.1,0.15,0.1
2223,2223,La Almarcha,CM,Castilla - La Mancha,0.15,0.15,0.1,0.15,0.1
2224,2224,La Almolda,AR,Aragon,0.15,0.15,0.1,0.15,0.1
2225,2225,La Antigua,CL,Castilla - Leon,0.15,0.15,0.1,0.15,0.1
2226,2226,La Antilla,AN,Andalucia,0.15,0.15,0.1,0.15,0.1
2227,2227,La Bañeza,CL,Castilla - Leon,0.15,0.15,0.1,0.15,0.1
2228,2228,La Bouza,CL,Castilla - Leon,0.15,0.15,0.1,0.15,0.1
2229,2229,La Cabrera,MD,Madrid,0.15,0.15,0.1,0.15,0.1
2230,2230,La Campana,AN,Andalucia,0.15,0.15,0.1,0.15,0.1
2231,2231,La Canonja,,Catalonia,0.15,0.15,0.1,0.15,0.1
2232,2232,La Carlota,AN,Andalucia,0.15,0.15,0.1,0.15,0.1
2233,2233,La Carolina,AN,Andalucia,0.15,0.15,0.1,0.15,0.1
2234,2234,La Carrera,CL,Castilla - Leon,0.15,0.15,0.1,0.15,0.1
2235,2235,La Codosera,EX,Extremadura,0.15,0.15,0.1,0.15,0.1
2236,2236,La Coronada,EX,Extremadura,0.15,0.15,0.1,0.15,0.1
2237,2237,La Cuesta,CL,Castilla - Leon,0.15,0.15,0.1,0.15,0.1
2238,2238,La Cumbre,EX,Extremadura,0.15,0.15,0.1,0.15,0.1
2239,2239,La Ercina,CL,Castilla - Leon,0.15,0.15,0.1,0.15,0.1
2240,2240,La Estrella,,Canary Islands,0.15,0.15,0.1,0.15,0.1
2241,2241,La Frontera,CM,Castilla - La Mancha,0.15,0.15,0.1,0.15,0.1
2242,2242,La Fuliola,,Catalonia,0.15,0.15,0.1,0.15,0.1
2243,2243,La Galera,,Catalonia,0.15,0.15,0.1,0.15,0.1
2244,2244,La Garganta,EX,Extremadura,0.15,0.15,0.1,0.15,0.1
2245,2245,La Garrovilla,EX,Extremadura,0.15,0.15,0.1,0.15,0.1
2246,2246,La Ginebrosa,AR,Aragon,0.15,0.15,0.1,0.15,0.1
2247,2247,La Gineta,CM,Castilla - La Mancha,0.15,0.15,0.1,0.15,0.1
2248,2248,La Granada,,Catalonia,0.15,0.15,0.1,0.15,0.1
2249,2249,La Guancha,,Canary Islands,0.15,0.15,0.1,0.15,0.1
2250,2250,La Guardia,CM,Castilla - La Mancha,0.15,0.15,0.1,0.15,0.1
2251,2251,La Haba,EX,Extremadura,0.15,0.15,0.1,0.15,0.1
2252,2252,La Herradura,AN,Andalucia,0.15,0.15,0.1,0.15,0.1
2253,2253,La Horcajada,CL,Castilla - Leon,0.15,0.15,0.1,0.15,0.1
2254,2254,La Iruela,AN,Andalucia,0.15,0.15,0.1,0.15,0.1
2255,2255,La Laguna,,Canary Islands,0.15,0.15,0.1,0.15,0.1
2256,2256,La Lantejuela,AN,Andalucia,0.15,0.15,0.1,0.15,0.1
2257,2257,La Lastrilla,CL,Castilla - Leon,0.15,0.15,0.1,0.15,0.1
2258,2258,La Llacuna,,Catalonia,0.15,0.15,0.1,0.15,0.1
2259,2259,La Llagosta,,Catalonia,0.15,0.15,0.1,0.15,0.1
2260,2260,La Llosa,,Valencia,0.15,0.15,0.1,0.15,0.1
2261,2261,La Luisiana,AN,Andalucia,0.15,0.15,0.1,0.15,0.1
2262,2262,La Mata,CM,Castilla - La Mancha,0.15,0.15,0.1,0.15,0.1
2263,2263,La Mojonera,AN,Andalucia,0.15,0.15,0.1,0.15,0.1
2264,2264,La Morera,EX,Extremadura,0.15,0.15,0.1,0.15,0.1
2265,2265,La Oliva,,Canary Islands,0.15,0.15,0.1,0.15,0.1
2266,2266,La Orotava,,Canary Islands,0.15,0.15,0.1,0.15,0.1
2267,2267,La Parra,EX,Extremadura,0.15,0.15,0.1,0.15,0.1
2268,2268,La Parrilla,CL,Castilla - Leon,0.15,0.15,0.1,0.15,0.1
2269,2269,La Pesga,EX,Extremadura,0.15,0.15,0.1,0.15,0.1
2270,2270,La Pineda,,Catalonia,0.15,0.15,0.1,0.15,0.1
2271,2271,La Plaza,AS,Asturias,0.15,0.15,0.1,0.15,0.1
2272,2272,La Pobla Llarga,,Valencia,0.15,0.15,0.1,0.15,0.1
2273,2273,La Pueblanueva,CM,Castilla - La Mancha,0.15,0.15,0.1,0.15,0.1
2274,2274,La Rambla,AN,Andalucia,0.15,0.15,0.1,0.15,0.1
2275,2275,La Restinga,,Canary Islands,0.15,0.15,0.1,0.15,0.1
2276,2276,La Riba,,Catalonia,0.15,0.15,0.1,0.15,0.1
2277,2277,La Rinconada,AN,Andalucia,0.15,0.15,0.1,0.15,0.1
2278,2278,La Robla,CL,Castilla - Leon,0.15,0.15,0.1,0.15,0.1
2279,2279,La Roda,CM,Castilla - La Mancha,0.15,0.15,0.1,0.15,0.1
2280,2280,La Romana,,Valencia,0.15,0.15,0.1,0.15,0.1
2281,2281,La Santa,,Canary Islands,0.15,0.15,0.1,0.15,0.1
2282,2282,La Savina,IB,Baleares,0.15,0.15,0.1,0.15,0.1
2283,2283,La Seca,CL,Castilla - Leon,0.15,0.15,0.1,0.15,0.1
2284,2284,La Secuita,,Catalonia,0.15,0.15,0.1,0.15,0.1
2285,2285,La Solana,CM,Castilla - La Mancha,0.15,0.15,0.1,0.15,0.1
2286,2286,La Union,MC,Murcia,0.15,0.15,0.1,0.15,0.1
2287,2287,La Victoria,AN,Andalucia,0.15,0.15,0.1,0.15,0.1
2288,2288,La Yesa,,Valencia,0.15,0.15,0.1,0.15,0.1
2289,2289,La Zaida,AR,Aragon,0.15,0.15,0.1,0.15,0.1
2290,2290,Labajos,CL,Castilla - Leon,0.15,0.15,0.1,0.15,0.1
2291,2291,Labuerda,AR,Aragon,0.15,0.15,0.1,0.15,0.1
2292,2292,Lachar,AN,Andalucia,0.15,0.15,0.1,0.15,0.1
2293,2293,Ladrillar,EX,Extremadura,0.15,0.15,0.1,0.15,0.1
2294,2294,Lagartera,CM,Castilla - La Mancha,0.15,0.15,0.1,0.15,0.1
2295,2295,Lagartos,CL,Castilla - Leon,0.15,0.15,0.1,0.15,0.1
2296,2296,Lagata,AR,Aragon,0.15,0.15,0.1,0.15,0.1
2297,2297,Lagran,,Basque Country,0.15,0.15,0.1,0.15,0.1
2298,2298,Laguardia,,Basque Country,0.15,0.15,0.1,0.15,0.1
2299,2299,Lagueruela,AR,Aragon,0.15,0.15,0.1,0.15,0.1
2300,2300,Laguna Dalga,CL,Castilla - Leon,0.15,0.15,0.1,0.15,0.1
2301,2301,Lagunaseca,CM,Castilla - La Mancha,0.15,0.15,0.1,0.15,0.1
2302,2302,Lagunilla,CL,Castilla - Leon,0.15,0.15,0.1,0.15,0.1
2303,2303,Lakuntza,,Navarre,0.15,0.15,0.1,0.15,0.1
2304,2304,Lalin,GA,Galicia,0.15,0.15,0.1,0.15,0.1
2305,2305,Laluenga,AR,Aragon,0.15,0.15,0.1,0.15,0.1
2306,2306,Lalueza,AR,Aragon,0.15,0.15,0.1,0.15,0.1
2307,2307,Lama,GA,Galicia,0.15,0.15,0.1,0.15,0.1
2308,2308,Lanaja,AR,Aragon,0.15,0.15,0.1,0.15,0.1
2309,2309,Lancara,GA,Galicia,0.15,0.15,0.1,0.15,0.1
2310,2310,Landa,,Basque Country,0.15,0.15,0.1,0.15,0.1
2311,2311,Landete,CM,Castilla - La Mancha,0.15,0.15,0.1,0.15,0.1
2312,2312,Lanestosa,,Basque Country,0.15,0.15,0.1,0.15,0.1
2313,2313,Langa,CL,Castilla - Leon,0.15,0.15,0.1,0.15,0.1
2314,2314,Langayo,CL,Castilla - Leon,0.15,0.15,0.1,0.15,0.1
2315,2315,Languilla,CL,Castilla - Leon,0.15,0.15,0.1,0.15,0.1
2316,2316,Lanjaron,AN,Andalucia,0.15,0.15,0.1,0.15,0.1
2317,2317,Lantadilla,CL,Castilla - Leon,0.15,0.15,0.1,0.15,0.1
2318,2318,Lanteira,AN,Andalucia,0.15,0.15,0.1,0.15,0.1
2319,2319,Lantz,,Navarre,0.15,0.15,0.1,0.15,0.1
2320,2320,Lanzahita,CL,Castilla - Leon,0.15,0.15,0.1,0.15,0.1
2321,2321,Lanzuela,AR,Aragon,0.15,0.15,0.1,0.15,0.1
2322,2322,Laperdiguera,AR,Aragon,0.15,0.15,0.1,0.15,0.1
2323,2323,Lapoblacion,,Navarre,0.15,0.15,0.1,0.15,0.1
2324,2324,Laracha,GA,Galicia,0.15,0.15,0.1,0.15,0.1
2325,2325,Lardero,RI,La Rioja,0.15,0.15,0.1,0.15,0.1
2326,2326,Laredo,CB,Cantabria,0.15,0.15,0.1,0.15,0.1
2327,2327,Laroya,AN,Andalucia,0.15,0.15,0.1,0.15,0.1
2328,2328,Larraga,,Navarre,0.15,0.15,0.1,0.15,0.1
2329,2329,Larraona,,Navarre,0.15,0.15,0.1,0.15,0.1
2330,2330,Larraul,,Basque Country,0.15,0.15,0.1,0.15,0.1
2331,2331,Larrodrigo,CL,Castilla - Leon,0.15,0.15,0.1,0.15,0.1
2332,2332,Larva,AN,Andalucia,0.15,0.15,0.1,0.15,0.1
2333,2333,Las Gabias,AN,Andalucia,0.15,0.15,0.1,0.15,0.1
2334,2334,Las Herencias,CM,Castilla - La Mancha,0.15,0.15,0.1,0.15,0.1
2335,2335,Las Labores,CM,Castilla - La Mancha,0.15,0.15,0.1,0.15,0.1
2336,2336,Las Matas,MD,Madrid,0.15,0.15,0.1,0.15,0.1
2337,2337,Las Mesas,CM,Castilla - La Mancha,0.15,0.15,0.1,0.15,0.1
2338,2338,Las Pedroñeras,CM,Castilla - La Mancha,0.15,0.15,0.1,0.15,0.1
2339,2339,Las Rosas,,Canary Islands,0.15,0.15,0.1,0.15,0.1
2340,2340,Las Tablas,MD,Madrid,0.15,0.15,0.1,0.15,0.1
2341,2341,Lasarte,,Basque Country,0.15,0.15,0.1,0.15,0.1
2342,2342,Lascuarre,AR,Aragon,0.15,0.15,0.1,0.15,0.1
2343,2343,Laspaules,AR,Aragon,0.15,0.15,0.1,0.15,0.1
2344,2344,Laspuña,AR,Aragon,0.15,0.15,0.1,0.15,0.1
2345,2345,Laxe,GA,Galicia,0.15,0.15,0.1,0.15,0.1
2346,2346,Layana,AR,Aragon,0.15,0.15,0.1,0.15,0.1
2347,2347,Layos,CM,Castilla - La Mancha,0.15,0.15,0.1,0.15,0.1
2348,2348,Laza,GA,Galicia,0.15,0.15,0.1,0.15,0.1
2349,2349,Lazagurria,,Navarre,0.15,0.15,0.1,0.15,0.1
2350,2350,Lazkao,,Basque Country,0.15,0.15,0.1,0.15,0.1
2351,2351,Leaburu,,Basque Country,0.15,0.15,0.1,0.15,0.1
2352,2352,Leache,,Navarre,0.15,0.15,0.1,0.15,0.1
2353,2353,Lebrija,AN,Andalucia,0.15,0.15,0.1,0.15,0.1
2354,2354,Lecera,AR,Aragon,0.15,0.15,0.1,0.15,0.1
2355,2355,Lechon,AR,Aragon,0.15,0.15,0.1,0.15,0.1
2356,2356,Leciñena,AR,Aragon,0.15,0.15,0.1,0.15,0.1
2357,2357,Ledanca,CM,Castilla - La Mancha,0.15,0.15,0.1,0.15,0.1
2358,2358,Ledaña,CM,Castilla - La Mancha,0.15,0.15,0.1,0.15,0.1
2359,2359,Ledesma,CL,Castilla - Leon,0.15,0.15,0.1,0.15,0.1
2360,2360,Ledigos,CL,Castilla - Leon,0.15,0.15,0.1,0.15,0.1
2361,2361,Ledrada,CL,Castilla - Leon,0.15,0.15,0.1,0.15,0.1
2362,2362,Leganes,MD,Madrid,0.15,0.15,0.1,0.15,0.1
2363,2363,Leganiel,CM,Castilla - La Mancha,0.15,0.15,0.1,0.15,0.1
2364,2364,Legarda,,Navarre,0.15,0.15,0.1,0.15,0.1
2365,2365,Legaria,,Navarre,0.15,0.15,0.1,0.15,0.1
2366,2366,Legazpi,,Basque Country,0.15,0.15,0.1,0.15,0.1
2367,2367,Legorreta,,Basque Country,0.15,0.15,0.1,0.15,0.1
2368,2368,Leintz-Gatzaga,,Basque Country,0.15,0.15,0.1,0.15,0.1
2369,2369,Leioa,,Basque Country,0.15,0.15,0.1,0.15,0.1
2370,2370,Leitza,,Navarre,0.15,0.15,0.1,0.15,0.1
2371,2371,Leiva,RI,La Rioja,0.15,0.15,0.1,0.15,0.1
2372,2372,Lekeitio,,Basque Country,0.15,0.15,0.1,0.15,0.1
2373,2373,Lekunberri,,Navarre,0.15,0.15,0.1,0.15,0.1
2374,2374,Lentegi,AN,Andalucia,0.15,0.15,0.1,0.15,0.1
2375,2375,Leon,CL,Castilla - Leon,0.15,0.15,0.1,0.15,0.1
2376,2376,Lepe,AN,Andalucia,0.15,0.15,0.1,0.15,0.1
2377,2377,Lerga,,Navarre,0.15,0.15,0.1,0.15,0.1
2378,2378,Lerin,,Navarre,0.15,0.15,0.1,0.15,0.1
2379,2379,Lerma,CL,Castilla - Leon,0.15,0.15,0.1,0.15,0.1
2380,2380,Les,,Catalonia,0.15,0.15,0.1,0.15,0.1
2381,2381,Lesaka,,Navarre,0.15,0.15,0.1,0.15,0.1
2382,2382,Letur,CM,Castilla - La Mancha,0.15,0.15,0.1,0.15,0.1
2383,2383,Letux,AR,Aragon,0.15,0.15,0.1,0.15,0.1
2384,2384,Leza,,Basque Country,0.15,0.15,0.1,0.15,0.1
2385,2385,Lezama,,Basque Country,0.15,0.15,0.1,0.15,0.1
2386,2386,Lezaun,,Navarre,0.15,0.15,0.1,0.15,0.1
2387,2387,Lezo,,Basque Country,0.15,0.15,0.1,0.15,0.1
2388,2388,Lezuza,CM,Castilla - La Mancha,0.15,0.15,0.1,0.15,0.1
2389,2389,Librilla,MC,Murcia,0.15,0.15,0.1,0.15,0.1
2390,2390,Libros,AR,Aragon,0.15,0.15,0.1,0.15,0.1
2391,2391,Liceras,CL,Castilla - Leon,0.15,0.15,0.1,0.15,0.1
2392,2392,Lidon,AR,Aragon,0.15,0.15,0.1,0.15,0.1
2393,2393,Liedena,,Navarre,0.15,0.15,0.1,0.15,0.1
2394,2394,Liendo,CB,Cantabria,0.15,0.15,0.1,0.15,0.1
2395,2395,Lierganes,CB,Cantabria,0.15,0.15,0.1,0.15,0.1
2396,2396,Lietor,CM,Castilla - La Mancha,0.15,0.15,0.1,0.15,0.1
2397,2397,Lillo,CM,Castilla - La Mancha,0.15,0.15,0.1,0.15,0.1
2398,2398,Limpias,CB,Cantabria,0.15,0.15,0.1,0.15,0.1
2399,2399,Linares,AN,Andalucia,0.15,0.15,0.1,0.15,0.1
2400,2400,Linyola,,Catalonia,0.15,0.15,0.1,0.15,0.1
2401,2401,Litago,AR,Aragon,0.15,0.15,0.1,0.15,0.1
2402,2402,Lituenigo,AR,Aragon,0.15,0.15,0.1,0.15,0.1
2403,2403,Lizartza,,Basque Country,0.15,0.15,0.1,0.15,0.1
2404,2404,Lizoain,,Navarre,0.15,0.15,0.1,0.15,0.1
2405,2405,Llado,,Catalonia,0.15,0.15,0.1,0.15,0.1
2406,2406,Llagostera,,Catalonia,0.15,0.15,0.1,0.15,0.1
2407,2407,Llambilles,,Catalonia,0.15,0.15,0.1,0.15,0.1
2408,2408,Llanera,AS,Asturias,0.15,0.15,0.1,0.15,0.1
2409,2409,Llanes,AS,Asturias,0.15,0.15,0.1,0.15,0.1
2410,2410,Llardecans,,Catalonia,0.15,0.15,0.1,0.15,0.1
2411,2411,Llauri,,Valencia,0.15,0.15,0.1,0.15,0.1
2412,2412,Lledo,AR,Aragon,0.15,0.15,0.1,0.15,0.1
2413,2413,Lleida,,Catalonia,0.15,0.15,0.1,0.15,0.1
2414,2414,Llera,EX,Extremadura,0.15,0.15,0.1,0.15,0.1
2415,2415,Llerena,EX,Extremadura,0.15,0.15,0.1,0.15,0.1
2416,2416,Llers,,Catalonia,0.15,0.15,0.1,0.15,0.1
2417,2417,Llimiana,,Catalonia,0.15,0.15,0.1,0.15,0.1
2418,2418,Lliria,,Valencia,0.15,0.15,0.1,0.15,0.1
2419,2419,Llivia,,Catalonia,0.15,0.15,0.1,0.15,0.1
2420,2420,Llombai,,Valencia,0.15,0.15,0.1,0.15,0.1
2421,2421,Lloseta,IB,Baleares,0.15,0.15,0.1,0.15,0.1
2422,2422,Llubi,IB,Baleares,0.15,0.15,0.1,0.15,0.1
2423,2423,Llucmajor,IB,Baleares,0.15,0.15,0.1,0.15,0.1
2424,2424,Llutxent,,Valencia,0.15,0.15,0.1,0.15,0.1
2425,2425,Lo Pagan,MC,Murcia,0.15,0.15,0.1,0.15,0.1
2426,2426,Loarre,AR,Aragon,0.15,0.15,0.1,0.15,0.1
2427,2427,Lobios,GA,Galicia,0.15,0.15,0.1,0.15,0.1
2428,2428,Lobon,EX,Extremadura,0.15,0.15,0.1,0.15,0.1
2429,2429,Lobras,AN,Andalucia,0.15,0.15,0.1,0.15,0.1
2430,2430,Lodosa,,Navarre,0.15,0.15,0.1,0.15,0.1
2431,2431,Loeches,MD,Madrid,0.15,0.15,0.1,0.15,0.1
2432,2432,Logrosan,EX,Extremadura,0.15,0.15,0.1,0.15,0.1
2433,2433,Logroño,RI,La Rioja,0.15,0.15,0.1,0.15,0.1
2434,2434,Loja,AN,Andalucia,0.15,0.15,0.1,0.15,0.1
2435,2435,Lomas,CL,Castilla - Leon,0.15,0.15,0.1,0.15,0.1
2436,2436,Lominchar,CM,Castilla - La Mancha,0.15,0.15,0.1,0.15,0.1
2437,2437,Longares,AR,Aragon,0.15,0.15,0.1,0.15,0.1
2438,2438,Longas,AR,Aragon,0.15,0.15,0.1,0.15,0.1
2439,2439,Lopera,AN,Andalucia,0.15,0.15,0.1,0.15,0.1
2440,2440,Loporzano,AR,Aragon,0.15,0.15,0.1,0.15,0.1
2441,2441,Lorca,MC,Murcia,0.15,0.15,0.1,0.15,0.1
2442,2442,Loriguilla,,Valencia,0.15,0.15,0.1,0.15,0.1
2443,2443,Lorqui,MC,Murcia,0.15,0.15,0.1,0.15,0.1
2444,2444,Los Alcazares,MC,Murcia,0.15,0.15,0.1,0.15,0.1
2445,2445,Los Arcos,,Navarre,0.15,0.15,0.1,0.15,0.1
2446,2446,Los Barrios,AN,Andalucia,0.15,0.15,0.1,0.15,0.1
2447,2447,Los Corrales,AN,Andalucia,0.15,0.15,0.1,0.15,0.1
2448,2448,Los Gigantes,,Canary Islands,0.15,0.15,0.1,0.15,0.1
2449,2449,Los Hinojosos,CM,Castilla - La Mancha,0.15,0.15,0.1,0.15,0.1
2450,2450,Los Martinez,MC,Murcia,0.15,0.15,0.1,0.15,0.1
2451,2451,Los Molares,AN,Andalucia,0.15,0.15,0.1,0.15,0.1
2452,2452,Los Molinos,MD,Madrid,0.15,0.15,0.1,0.15,0.1
2453,2453,Los Montesinos,,Valencia,0.15,0.15,0.1,0.15,0.1
2454,2454,Los Navalmorales,CM,Castilla - La Mancha,0.15,0.15,0.1,0.15,0.1
2455,2455,Los Navalucillos,CM,Castilla - La Mancha,0.15,0.15,0.1,0.15,0.1
2456,2456,Los Realejos,,Canary Islands,0.15,0.15,0.1,0.15,0.1
2457,2457,Los Santos,CL,Castilla - Leon,0.15,0.15,0.1,0.15,0.1
2458,2458,Los Silos,,Canary Islands,0.15,0.15,0.1,0.15,0.1
2459,2459,Los Villares,AN,Andalucia,0.15,0.15,0.1,0.15,0.1
2460,2460,Los Yebenes,CM,Castilla - La Mancha,0.15,0.15,0.1,0.15,0.1
2461,2461,Losacino,CL,Castilla - Leon,0.15,0.15,0.1,0.15,0.1
2462,2462,Losacio,CL,Castilla - Leon,0.15,0.15,0.1,0.15,0.1
2463,2463,Loscorrales,AR,Aragon,0.15,0.15,0.1,0.15,0.1
2464,2464,Loscos,AR,Aragon,0.15,0.15,0.1,0.15,0.1
2465,2465,Lousame,GA,Galicia,0.15,0.15,0.1,0.15,0.1
2466,2466,Lozoya,MD,Madrid,0.15,0.15,0.1,0.15,0.1
2467,2467,Luanco,AS,Asturias,0.15,0.15,0.1,0.15,0.1
2468,2468,Lubian,CL,Castilla - Leon,0.15,0.15,0.1,0.15,0.1
2469,2469,Lubrin,AN,Andalucia,0.15,0.15,0.1,0.15,0.1
2470,2470,Lucar,AN,Andalucia,0.15,0.15,0.1,0.15,0.1
2471,2471,Lucena,AN,Andalucia,0.15,0.15,0.1,0.15,0.1
2472,2472,Luceni,AR,Aragon,0.15,0.15,0.1,0.15,0.1
2473,2473,Lucillos,CM,Castilla - La Mancha,0.15,0.15,0.1,0.15,0.1
2474,2474,Ludiente,,Valencia,0.15,0.15,0.1,0.15,0.1
2475,2475,Luelmo,CL,Castilla - Leon,0.15,0.15,0.1,0.15,0.1
2476,2476,Luesia,AR,Aragon,0.15,0.15,0.1,0.15,0.1
2477,2477,Luesma,AR,Aragon,0.15,0.15,0.1,0.15,0.1
2478,2478,Lugo,GA,Galicia,0.15,0.15,0.1,0.15,0.1
2479,2479,Lugones,AS,Asturias,0.15,0.15,0.1,0.15,0.1
2480,2480,Lugros,AN,Andalucia,0.15,0.15,0.1,0.15,0.1
2481,2481,Luintra,GA,Galicia,0.15,0.15,0.1,0.15,0.1
2482,2482,Lujar,AN,Andalucia,0.15,0.15,0.1,0.15,0.1
2483,2483,Lumbier,,Navarre,0.15,0.15,0.1,0.15,0.1
2484,2484,Lumbrales,CL,Castilla - Leon,0.15,0.15,0.1,0.15,0.1
2485,2485,Lumbreras,RI,La Rioja,0.15,0.15,0.1,0.15,0.1
2486,2486,Lumpiaque,AR,Aragon,0.15,0.15,0.1,0.15,0.1
2487,2487,Luna,AR,Aragon,0.15,0.15,0.1,0.15,0.1
2488,2488,Lupiana,CM,Castilla - La Mancha,0.15,0.15,0.1,0.15,0.1
2489,2489,Lupion,AN,Andalucia,0.15,0.15,0.1,0.15,0.1
2490,2490,Luque,AN,Andalucia,0.15,0.15,0.1,0.15,0.1
2491,2491,Luyego,CL,Castilla - Leon,0.15,0.15,0.1,0.15,0.1
2492,2492,Luzaga,CM,Castilla - La Mancha,0.15,0.15,0.1,0.15,0.1
2493,2493,Luzmela,CB,Cantabria,0.15,0.15,0.1,0.15,0.1
2494,2494,Luzon,CM,Castilla - La Mancha,0.15,0.15,0.1,0.15,0.1
2495,2495,Macael,AN,Andalucia,0.15,0.15,0.1,0.15,0.1
2496,2496,Macastre,,Valencia,0.15,0.15,0.1,0.15,0.1
2497,2497,Maceda,GA,Galicia,0.15,0.15,0.1,0.15,0.1
2498,2498,Machacon,CL,Castilla - Leon,0.15,0.15,0.1,0.15,0.1
2499,2499,Macher,,Canary Islands,0.15,0.15,0.1,0.15,0.1
2500,2500,Macotera,CL,Castilla - Leon,0.15,0.15,0.1,0.15,0.1
2501,2501,Maderuelo,CL,Castilla - Leon,0.15,0.15,0.1,0.15,0.1
2502,2502,Madremanya,,Catalonia,0.15,0.15,0.1,0.15,0.1
2503,2503,Madrid,MD,Madrid,0.15,0.15,0.1,0.15,0.1
2504,2504,Madridanos,CL,Castilla - Leon,0.15,0.15,0.1,0.15,0.1
2505,2505,Madridejos,CM,Castilla - La Mancha,0.15,0.15,0.1,0.15,0.1
2506,2506,Madrigalejo,EX,Extremadura,0.15,0.15,0.1,0.15,0.1
2507,2507,Madrigueras,CM,Castilla - La Mancha,0.15,0.15,0.1,0.15,0.1
2508,2508,Madroñal,CL,Castilla - Leon,0.15,0.15,0.1,0.15,0.1
2509,2509,Madroñera,EX,Extremadura,0.15,0.15,0.1,0.15,0.1
2510,2510,Maella,AR,Aragon,0.15,0.15,0.1,0.15,0.1
2511,2511,Maello,CL,Castilla - Leon,0.15,0.15,0.1,0.15,0.1
2512,2512,Magacela,EX,Extremadura,0.15,0.15,0.1,0.15,0.1
2513,2513,Magallon,AR,Aragon,0.15,0.15,0.1,0.15,0.1
2514,2514,Magaluf,IB,Baleares,0.15,0.15,0.1,0.15,0.1
2515,2515,Magan,CM,Castilla - La Mancha,0.15,0.15,0.1,0.15,0.1
2516,2516,Magaz,CL,Castilla - Leon,0.15,0.15,0.1,0.15,0.1
2517,2517,Magaña,CL,Castilla - Leon,0.15,0.15,0.1,0.15,0.1
2518,2518,Maguilla,EX,Extremadura,0.15,0.15,0.1,0.15,0.1
2519,2519,Mahamud,CL,Castilla - Leon,0.15,0.15,0.1,0.15,0.1
2520,2520,Mahide,CL,Castilla - Leon,0.15,0.15,0.1,0.15,0.1
2521,2521,Mahora,CM,Castilla - La Mancha,0.15,0.15,0.1,0.15,0.1
2522,2522,Maials,,Catalonia,0.15,0.15,0.1,0.15,0.1
2523,2523,Maicas,AR,Aragon,0.15,0.15,0.1,0.15,0.1
2524,2524,Mainar,AR,Aragon,0.15,0.15,0.1,0.15,0.1
2525,2525,Majadahonda,MD,Madrid,0.15,0.15,0.1,0.15,0.1
2526,2526,Majadas,EX,Extremadura,0.15,0.15,0.1,0.15,0.1
2527,2527,Majaelrayo,CM,Castilla - La Mancha,0.15,0.15,0.1,0.15,0.1
2528,2528,Majan,CL,Castilla - Leon,0.15,0.15,0.1,0.15,0.1
2529,2529,Mala,,Canary Islands,0.15,0.15,0.1,0.15,0.1
2530,2530,Malaga,AN,Andalucia,0.15,0.15,0.1,0.15,0.1
2531,2531,Malagon,CM,Castilla - La Mancha,0.15,0.15,0.1,0.15,0.1
2532,2532,Malaguilla,CM,Castilla - La Mancha,0.15,0.15,0.1,0.15,0.1
2533,2533,Malanquilla,AR,Aragon,0.15,0.15,0.1,0.15,0.1
2534,2534,Malcocinado,EX,Extremadura,0.15,0.15,0.1,0.15,0.1
2535,2535,Malejan,AR,Aragon,0.15,0.15,0.1,0.15,0.1
2536,2536,Mallen,AR,Aragon,0.15,0.15,0.1,0.15,0.1
2537,2537,Malon,AR,Aragon,0.15,0.15,0.1,0.15,0.1
2538,2538,Malpartida,CL,Castilla - Leon,0.15,0.15,0.1,0.15,0.1
2539,2539,Malpica,CM,Castilla - La Mancha,0.15,0.15,0.1,0.15,0.1
2540,2540,Malpica,GA,Galicia,0.15,0.15,0.1,0.15,0.1
2541,2541,Maluenda,AR,Aragon,0.15,0.15,0.1,0.15,0.1
2542,2542,Malva,CL,Castilla - Leon,0.15,0.15,0.1,0.15,0.1
2543,2543,Mamblas,CL,Castilla - Leon,0.15,0.15,0.1,0.15,0.1
2544,2544,Mamolar,CL,Castilla - Leon,0.15,0.15,0.1,0.15,0.1
2545,2545,Manacor,IB,Baleares,0.15,0.15,0.1,0.15,0.1
2546,2546,Mancha Real,AN,Andalucia,0.15,0.15,0.1,0.15,0.1
2547,2547,Manchita,EX,Extremadura,0.15,0.15,0.1,0.15,0.1
2548,2548,Manchones,AR,Aragon,0.15,0.15,0.1,0.15,0.1
2549,2549,Manciles,CL,Castilla - Leon,0.15,0.15,0.1,0.15,0.1
2550,2550,Mandayona,CM,Castilla - La Mancha,0.15,0.15,0.1,0.15,0.1
2551,2551,Manilva,AN,Andalucia,0.15,0.15,0.1,0.15,0.1
2552,2552,Manises,,Valencia,0.15,0.15,0.1,0.15,0.1
2553,2553,Manjabalago,CL,Castilla - Leon,0.15,0.15,0.1,0.15,0.1
2554,2554,Manjarres,RI,La Rioja,0.15,0.15,0.1,0.15,0.1
2555,2555,Manlleu,,Catalonia,0.15,0.15,0.1,0.15,0.1
2556,2556,Manquillos,CL,Castilla - Leon,0.15,0.15,0.1,0.15,0.1
2557,2557,Manresa,,Catalonia,0.15,0.15,0.1,0.15,0.1
2558,2558,Mansilla Mayor,CL,Castilla - Leon,0.15,0.15,0.1,0.15,0.1
2559,2559,Mantiel,CM,Castilla - La Mancha,0.15,0.15,0.1,0.15,0.1
2560,2560,Mantinos,CL,Castilla - Leon,0.15,0.15,0.1,0.15,0.1
2561,2561,Manuel,,Valencia,0.15,0.15,0.1,0.15,0.1
2562,2562,Manzanares,CM,Castilla - La Mancha,0.15,0.15,0.1,0.15,0.1
2563,2563,Manzaneda,GA,Galicia,0.15,0.15,0.1,0.15,0.1
2564,2564,Manzaneque,CM,Castilla - La Mancha,0.15,0.15,0.1,0.15,0.1
2565,2565,Manzanera,AR,Aragon,0.15,0.15,0.1,0.15,0.1
2566,2566,Manzanilla,AN,Andalucia,0.15,0.15,0.1,0.15,0.1
2567,2567,Manzanillo,CL,Castilla - Leon,0.15,0.15,0.1,0.15,0.1
2568,2568,Mao,IB,Baleares,0.15,0.15,0.1,0.15,0.1
2569,2569,Maqueda,CM,Castilla - La Mancha,0.15,0.15,0.1,0.15,0.1
2570,2570,Mara,AR,Aragon,0.15,0.15,0.1,0.15,0.1
2571,2571,Maracena,AN,Andalucia,0.15,0.15,0.1,0.15,0.1
2572,2572,Maranchon,CM,Castilla - La Mancha,0.15,0.15,0.1,0.15,0.1
2573,2573,Marazoleja,CL,Castilla - Leon,0.15,0.15,0.1,0.15,0.1
2574,2574,Marazuela,CL,Castilla - Leon,0.15,0.15,0.1,0.15,0.1
2575,2575,Maraña,CL,Castilla - Leon,0.15,0.15,0.1,0.15,0.1
2576,2576,Marbella,AN,Andalucia,0.15,0.15,0.1,0.15,0.1
2577,2577,Marchagaz,EX,Extremadura,0.15,0.15,0.1,0.15,0.1
2578,2578,Marchal,AN,Andalucia,0.15,0.15,0.1,0.15,0.1
2579,2579,Marchamalo,CM,Castilla - La Mancha,0.15,0.15,0.1,0.15,0.1
2580,2580,Marchena,AN,Andalucia,0.15,0.15,0.1,0.15,0.1
2581,2581,Marcilla,,Navarre,0.15,0.15,0.1,0.15,0.1
2582,2582,Margalef,,Catalonia,0.15,0.15,0.1,0.15,0.1
2583,2583,Maria,AN,Andalucia,0.15,0.15,0.1,0.15,0.1
2584,2584,Mariana,CM,Castilla - La Mancha,0.15,0.15,0.1,0.15,0.1
2585,2585,Marin,GA,Galicia,0.15,0.15,0.1,0.15,0.1
2586,2586,Marinaleda,AN,Andalucia,0.15,0.15,0.1,0.15,0.1
2587,2587,Marines,,Valencia,0.15,0.15,0.1,0.15,0.1
2588,2588,Marjaliza,CM,Castilla - La Mancha,0.15,0.15,0.1,0.15,0.1
2589,2589,Markina-Xemein,,Basque Country,0.15,0.15,0.1,0.15,0.1
2590,2590,Marmolejo,AN,Andalucia,0.15,0.15,0.1,0.15,0.1
2591,2591,Marracos,AR,Aragon,0.15,0.15,0.1,0.15,0.1
2592,2592,Marratxi,IB,Baleares,0.15,0.15,0.1,0.15,0.1
2593,2593,Martiago,CL,Castilla - Leon,0.15,0.15,0.1,0.15,0.1
2594,2594,Martiherrero,CL,Castilla - Leon,0.15,0.15,0.1,0.15,0.1
2595,2595,Martin Miguel,CL,Castilla - Leon,0.15,0.15,0.1,0.15,0.1
2596,2596,Martinamor,CL,Castilla - Leon,0.15,0.15,0.1,0.15,0.1
2597,2597,Martinez,CL,Castilla - Leon,0.15,0.15,0.1,0.15,0.1
2598,2598,Martorell,,Catalonia,0.15,0.15,0.1,0.15,0.1
2599,2599,Martos,AN,Andalucia,0.15,0.15,0.1,0.15,0.1
2600,2600,Marugan,CL,Castilla - Leon,0.15,0.15,0.1,0.15,0.1
2601,2601,Marzales,CL,Castilla - Leon,0.15,0.15,0.1,0.15,0.1
2602,2602,Masarac,,Catalonia,0.15,0.15,0.1,0.15,0.1
2603,2603,Mascaraque,CM,Castilla - La Mancha,0.15,0.15,0.1,0.15,0.1
2604,2604,Masdenverge,,Catalonia,0.15,0.15,0.1,0.15,0.1
2605,2605,Masegosa,CM,Castilla - La Mancha,0.15,0.15,0.1,0.15,0.1
2606,2606,Masegoso,CM,Castilla - La Mancha,0.15,0.15,0.1,0.15,0.1
2607,2607,Maside,GA,Galicia,0.15,0.15,0.1,0.15,0.1
2608,2608,Maspalomas,,Canary Islands,0.15,0.15,0.1,0.15,0.1
2609,2609,Maspujols,,Catalonia,0.15,0.15,0.1,0.15,0.1
2610,2610,Masquefa,,Catalonia,0.15,0.15,0.1,0.15,0.1
2611,2611,Massamagrell,,Valencia,0.15,0.15,0.1,0.15,0.1
2612,2612,Massanes,,Catalonia,0.15,0.15,0.1,0.15,0.1
2613,2613,Masueco,CL,Castilla - Leon,0.15,0.15,0.1,0.15,0.1
2614,2614,Matabuena,CL,Castilla - Leon,0.15,0.15,0.1,0.15,0.1
2615,2615,Matadepera,,Catalonia,0.15,0.15,0.1,0.15,0.1
2616,2616,Matalascañas,AN,Andalucia,0.15,0.15,0.1,0.15,0.1
2617,2617,Matalebreras,CL,Castilla - Leon,0.15,0.15,0.1,0.15,0.1
2618,2618,Mataporquera,CB,Cantabria,0.15,0.15,0.1,0.15,0.1
2619,2619,Matapozuelos,CL,Castilla - Leon,0.15,0.15,0.1,0.15,0.1
2620,2620,Mataro,,Catalonia,0.15,0.15,0.1,0.15,0.1
2621,2621,Matarrubia,CM,Castilla - La Mancha,0.15,0.15,0.1,0.15,0.1
2622,2622,Matet,,Valencia,0.15,0.15,0.1,0.15,0.1
2623,2623,Matillas,CM,Castilla - La Mancha,0.15,0.15,0.1,0.15,0.1
2624,2624,Matute,RI,La Rioja,0.15,0.15,0.1,0.15,0.1
2625,2625,Mayalde,CL,Castilla - Leon,0.15,0.15,0.1,0.15,0.1
2626,2626,Mayorga,CL,Castilla - Leon,0.15,0.15,0.1,0.15,0.1
2627,2627,Mazagon,AN,Andalucia,0.15,0.15,0.1,0.15,0.1
2628,2628,Mazaleon,AR,Aragon,0.15,0.15,0.1,0.15,0.1
2629,2629,Mazarambroz,CM,Castilla - La Mancha,0.15,0.15,0.1,0.15,0.1
2630,2630,Mazarete,CM,Castilla - La Mancha,0.15,0.15,0.1,0.15,0.1
2631,2631,Mazaricos,GA,Galicia,0.15,0.15,0.1,0.15,0.1
2632,2632,Mazariegos,CL,Castilla - Leon,0.15,0.15,0.1,0.15,0.1
2633,2633,Mazarron,MC,Murcia,0.15,0.15,0.1,0.15,0.1
2634,2634,Mazo,,Canary Islands,0.15,0.15,0.1,0.15,0.1
2635,2635,Mazuecos,CM,Castilla - La Mancha,0.15,0.15,0.1,0.15,0.1
2636,2636,Mazuela,CL,Castilla - Leon,0.15,0.15,0.1,0.15,0.1
2637,2637,Mañaria,,Basque Country,0.15,0.15,0.1,0.15,0.1
2638,2638,Mañeru,,Navarre,0.15,0.15,0.1,0.15,0.1
2639,2639,Meano,GA,Galicia,0.15,0.15,0.1,0.15,0.1
2640,2640,Mecerreyes,CL,Castilla - Leon,0.15,0.15,0.1,0.15,0.1
2641,2641,Meco,MD,Madrid,0.15,0.15,0.1,0.15,0.1
2642,2642,Medellin,EX,Extremadura,0.15,0.15,0.1,0.15,0.1
2643,2643,Mediana,AR,Aragon,0.15,0.15,0.1,0.15,0.1
2644,2644,Medina Sidonia,AN,Andalucia,0.15,0.15,0.1,0.15,0.1
2645,2645,Medinaceli,CL,Castilla - Leon,0.15,0.15,0.1,0.15,0.1
2646,2646,Medinilla,CL,Castilla - Leon,0.15,0.15,0.1,0.15,0.1
2647,2647,Mediona,,Catalonia,0.15,0.15,0.1,0.15,0.1
2648,2648,Medranda,CM,Castilla - La Mancha,0.15,0.15,0.1,0.15,0.1
2649,2649,Medrano,RI,La Rioja,0.15,0.15,0.1,0.15,0.1
2650,2650,Megeces,CL,Castilla - Leon,0.15,0.15,0.1,0.15,0.1
2651,2651,Megina,CM,Castilla - La Mancha,0.15,0.15,0.1,0.15,0.1
2652,2652,Meira,GA,Galicia,0.15,0.15,0.1,0.15,0.1
2653,2653,Meis,GA,Galicia,0.15,0.15,0.1,0.15,0.1
2654,2654,Mejorada,CM,Castilla - La Mancha,0.15,0.15,0.1,0.15,0.1
2655,2655,Meliana,,Valencia,0.15,0.15,0.1,0.15,0.1
2656,2656,Melida,,Navarre,0.15,0.15,0.1,0.15,0.1
2657,2657,Melide,GA,Galicia,0.15,0.15,0.1,0.15,0.1
2658,2658,Melilla,ML,Melilla,0.15,0.15,0.1,0.15,0.1
2659,2659,Melon,GA,Galicia,0.15,0.15,0.1,0.15,0.1
2660,2660,Membrilla,CM,Castilla - La Mancha,0.15,0.15,0.1,0.15,0.1
2661,2661,Membrillera,CM,Castilla - La Mancha,0.15,0.15,0.1,0.15,0.1
2662,2662,Membrio,EX,Extremadura,0.15,0.15,0.1,0.15,0.1
2663,2663,Menarguens,,Catalonia,0.15,0.15,0.1,0.15,0.1
2664,2664,Menasalbas,CM,Castilla - La Mancha,0.15,0.15,0.1,0.15,0.1
2665,2665,Mendaro,,Basque Country,0.15,0.15,0.1,0.15,0.1
2666,2666,Mendavia,,Navarre,0.15,0.15,0.1,0.15,0.1
2667,2667,Mendexa,,Basque Country,0.15,0.15,0.1,0.15,0.1
2668,2668,Mendigorria,,Navarre,0.15,0.15,0.1,0.15,0.1
2669,2669,Mengabril,EX,Extremadura,0.15,0.15,0.1,0.15,0.1
2670,2670,Mengamuñoz,CL,Castilla - Leon,0.15,0.15,0.1,0.15,0.1
2671,2671,Mengibar,AN,Andalucia,0.15,0.15,0.1,0.15,0.1
2672,2672,Mentrida,CM,Castilla - La Mancha,0.15,0.15,0.1,0.15,0.1
2673,2673,Meranges,,Catalonia,0.15,0.15,0.1,0.15,0.1
2674,2674,Mercadal,IB,Baleares,0.15,0.15,0.1,0.15,0.1
2675,2675,Merida,EX,Extremadura,0.15,0.15,0.1,0.15,0.1
2676,2676,Mesia,GA,Galicia,0.15,0.15,0.1,0.15,0.1
2677,2677,Mestanza,CM,Castilla - La Mancha,0.15,0.15,0.1,0.15,0.1
2678,2678,Metauten,,Navarre,0.15,0.15,0.1,0.15,0.1
2679,2679,Mezalocha,AR,Aragon,0.15,0.15,0.1,0.15,0.1
2680,2680,Miajadas,EX,Extremadura,0.15,0.15,0.1,0.15,0.1
2681,2681,Mianos,AR,Aragon,0.15,0.15,0.1,0.15,0.1
2682,2682,Miengo,CB,Cantabria,0.15,0.15,0.1,0.15,0.1
2683,2683,Mieres,AS,Asturias,0.15,0.15,0.1,0.15,0.1
2684,2684,Mieres,,Catalonia,0.15,0.15,0.1,0.15,0.1
2685,2685,Mieza,CL,Castilla - Leon,0.15,0.15,0.1,0.15,0.1
2686,2686,Miguel Esteban,CM,Castilla - La Mancha,0.15,0.15,0.1,0.15,0.1
2687,2687,Miguelturra,CM,Castilla - La Mancha,0.15,0.15,0.1,0.15,0.1
2688,2688,Mijares,CL,Castilla - Leon,0.15,0.15,0.1,0.15,0.1
2689,2689,Mijas,AN,Andalucia,0.15,0.15,0.1,0.15,0.1
2690,2690,Milagro,,Navarre,0.15,0.15,0.1,0.15,0.1
2691,2691,Milagros,CL,Castilla - Leon,0.15,0.15,0.1,0.15,0.1
2692,2692,Millana,CM,Castilla - La Mancha,0.15,0.15,0.1,0.15,0.1
2693,2693,Millanes,EX,Extremadura,0.15,0.15,0.1,0.15,0.1
2694,2694,Millares,,Valencia,0.15,0.15,0.1,0.15,0.1
2695,2695,Millena,,Valencia,0.15,0.15,0.1,0.15,0.1
2696,2696,Milmarcos,CM,Castilla - La Mancha,0.15,0.15,0.1,0.15,0.1
2697,2697,Minaya,CM,Castilla - La Mancha,0.15,0.15,0.1,0.15,0.1
2698,2698,Minglanilla,CM,Castilla - La Mancha,0.15,0.15,0.1,0.15,0.1
2699,2699,Mingorria,CL,Castilla - Leon,0.15,0.15,0.1,0.15,0.1
2700,2700,Mira,CM,Castilla - La Mancha,0.15,0.15,0.1,0.15,0.1
2701,2701,Mirabel,EX,Extremadura,0.15,0.15,0.1,0.15,0.1
2702,2702,Mirabueno,CM,Castilla - La Mancha,0.15,0.15,0.1,0.15,0.1
2703,2703,Mirafuentes,,Navarre,0.15,0.15,0.1,0.15,0.1
2704,2704,Miralcamp,,Catalonia,0.15,0.15,0.1,0.15,0.1
2705,2705,Miralrio,CM,Castilla - La Mancha,0.15,0.15,0.1,0.15,0.1
2706,2706,Miramar,,Valencia,0.15,0.15,0.1,0.15,0.1
2707,2707,Mirambel,AR,Aragon,0.15,0.15,0.1,0.15,0.1
2708,2708,Mirandilla,EX,Extremadura,0.15,0.15,0.1,0.15,0.1
2709,2709,Miraveche,CL,Castilla - Leon,0.15,0.15,0.1,0.15,0.1
2710,2710,Miravet,,Catalonia,0.15,0.15,0.1,0.15,0.1
2711,2711,Mironcillo,CL,Castilla - Leon,0.15,0.15,0.1,0.15,0.1
2712,2712,Mislata,,Valencia,0.15,0.15,0.1,0.15,0.1
2713,2713,Miño,GA,Galicia,0.15,0.15,0.1,0.15,0.1
2714,2714,Moaña,GA,Galicia,0.15,0.15,0.1,0.15,0.1
2715,2715,Mocejon,CM,Castilla - La Mancha,0.15,0.15,0.1,0.15,0.1
2716,2716,Mochales,CM,Castilla - La Mancha,0.15,0.15,0.1,0.15,0.1
2717,2717,Moclin,AN,Andalucia,0.15,0.15,0.1,0.15,0.1
2718,2718,Moclinejo,AN,Andalucia,0.15,0.15,0.1,0.15,0.1
2719,2719,Moeche,GA,Galicia,0.15,0.15,0.1,0.15,0.1
2720,2720,Mogan,,Canary Islands,0.15,0.15,0.1,0.15,0.1
2721,2721,Mogente,,Valencia,0.15,0.15,0.1,0.15,0.1
2722,2722,Moguer,AN,Andalucia,0.15,0.15,0.1,0.15,0.1
2723,2723,Mohernando,CM,Castilla - La Mancha,0.15,0.15,0.1,0.15,0.1
2724,2724,Moia,,Catalonia,0.15,0.15,0.1,0.15,0.1
2725,2725,Mojacar,AN,Andalucia,0.15,0.15,0.1,0.15,0.1
2726,2726,Mojados,CL,Castilla - Leon,0.15,0.15,0.1,0.15,0.1
2727,2727,Molacillos,CL,Castilla - Leon,0.15,0.15,0.1,0.15,0.1
2728,2728,Molinaseca,CL,Castilla - Leon,0.15,0.15,0.1,0.15,0.1
2729,2729,Molinicos,CM,Castilla - La Mancha,0.15,0.15,0.1,0.15,0.1
2730,2730,Molinillo,CL,Castilla - Leon,0.15,0.15,0.1,0.15,0.1
2731,2731,Molinos,AR,Aragon,0.15,0.15,0.1,0.15,0.1
2732,2732,Molledo,CB,Cantabria,0.15,0.15,0.1,0.15,0.1
2733,2733,Mollerussa,,Catalonia,0.15,0.15,0.1,0.15,0.1
2734,2734,Mollina,AN,Andalucia,0.15,0.15,0.1,0.15,0.1
2735,2735,Molvizar,AN,Andalucia,0.15,0.15,0.1,0.15,0.1
2736,2736,Mombeltran,CL,Castilla - Leon,0.15,0.15,0.1,0.15,0.1
2737,2737,Momblona,CL,Castilla - Leon,0.15,0.15,0.1,0.15,0.1
2738,2738,Mombuey,CL,Castilla - Leon,0.15,0.15,0.1,0.15,0.1
2739,2739,Monachil,AN,Andalucia,0.15,0.15,0.1,0.15,0.1
2740,2740,Monasterio,CM,Castilla - La Mancha,0.15,0.15,0.1,0.15,0.1
2741,2741,Moncada,,Valencia,0.15,0.15,0.1,0.15,0.1
2742,2742,Moncalvillo,CL,Castilla - Leon,0.15,0.15,0.1,0.15,0.1
2743,2743,Moncofa,,Valencia,0.15,0.15,0.1,0.15,0.1
2744,2744,Monda,AN,Andalucia,0.15,0.15,0.1,0.15,0.1
2745,2745,Mondariz,GA,Galicia,0.15,0.15,0.1,0.15,0.1
2746,2746,Mondariz-Balneario,GA,Galicia,0.15,0.15,0.1,0.15,0.1
2747,2747,Mondejar,CM,Castilla - La Mancha,0.15,0.15,0.1,0.15,0.1
2748,2748,Mondoñedo,GA,Galicia,0.15,0.15,0.1,0.15,0.1
2749,2749,Monegrillo,AR,Aragon,0.15,0.15,0.1,0.15,0.1
2750,2750,Monesterio,EX,Extremadura,0.15,0.15,0.1,0.15,0.1
2751,2751,Moneva,AR,Aragon,0.15,0.15,0.1,0.15,0.1
2752,2752,Monfarracinos,CL,Castilla - Leon,0.15,0.15,0.1,0.15,0.1
2753,2753,Monfero,GA,Galicia,0.15,0.15,0.1,0.15,0.1
2754,2754,Monleon,CL,Castilla - Leon,0.15,0.15,0.1,0.15,0.1
2755,2755,Monleras,CL,Castilla - Leon,0.15,0.15,0.1,0.15,0.1
2756,2756,Monovar,,Valencia,0.15,0.15,0.1,0.15,0.1
2757,2757,Monreal,,Navarre,0.15,0.15,0.1,0.15,0.1
2758,2758,Monroy,EX,Extremadura,0.15,0.15,0.1,0.15,0.1
2759,2759,Monroyo,AR,Aragon,0.15,0.15,0.1,0.15,0.1
2760,2760,Monsagro,CL,Castilla - Leon,0.15,0.15,0.1,0.15,0.1
2761,2761,Monsalupe,CL,Castilla - Leon,0.15,0.15,0.1,0.15,0.1
2762,2762,Monserrat,,Valencia,0.15,0.15,0.1,0.15,0.1
2763,2763,Montagut,,Catalonia,0.15,0.15,0.1,0.15,0.1
2764,2764,Montalban,AR,Aragon,0.15,0.15,0.1,0.15,0.1
2765,2765,Montalbanejo,CM,Castilla - La Mancha,0.15,0.15,0.1,0.15,0.1
2766,2766,Montalbo,CM,Castilla - La Mancha,0.15,0.15,0.1,0.15,0.1
2767,2767,Montalvos,CM,Castilla - La Mancha,0.15,0.15,0.1,0.15,0.1
2768,2768,Montamarta,CL,Castilla - Leon,0.15,0.15,0.1,0.15,0.1
2769,2769,Montan,,Valencia,0.15,0.15,0.1,0.15,0.1
2770,2770,Montanchez,EX,Extremadura,0.15,0.15,0.1,0.15,0.1
2771,2771,Montanejos,,Valencia,0.15,0.15,0.1,0.15,0.1
2772,2772,Montarron,CM,Castilla - La Mancha,0.15,0.15,0.1,0.15,0.1
2773,2773,Montblanc,,Catalonia,0.15,0.15,0.1,0.15,0.1
2774,2774,Monteagudo,,Navarre,0.15,0.15,0.1,0.15,0.1
2775,2775,Montearagon,CM,Castilla - La Mancha,0.15,0.15,0.1,0.15,0.1
2776,2776,Montecorto,AN,Andalucia,0.15,0.15,0.1,0.15,0.1
2777,2777,Montederramo,GA,Galicia,0.15,0.15,0.1,0.15,0.1
2778,2778,Montefrio,AN,Andalucia,0.15,0.15,0.1,0.15,0.1
2779,2779,Montehermoso,EX,Extremadura,0.15,0.15,0.1,0.15,0.1
2780,2780,Montejaque,AN,Andalucia,0.15,0.15,0.1,0.15,0.1
2781,2781,Montejicar,AN,Andalucia,0.15,0.15,0.1,0.15,0.1
2782,2782,Montejo,CL,Castilla - Leon,0.15,0.15,0.1,0.15,0.1
2783,2783,Montellano,AN,Andalucia,0.15,0.15,0.1,0.15,0.1
2784,2784,Montemayor,AN,Andalucia,0.15,0.15,0.1,0.15,0.1
2785,2785,Montemolin,EX,Extremadura,0.15,0.15,0.1,0.15,0.1
2786,2786,Monterde,AR,Aragon,0.15,0.15,0.1,0.15,0.1
2787,2787,Monterroso,GA,Galicia,0.15,0.15,0.1,0.15,0.1
2788,2788,Monterrubio,CL,Castilla - Leon,0.15,0.15,0.1,0.15,0.1
2789,2789,Montesa,,Valencia,0.15,0.15,0.1,0.15,0.1
2790,2790,Montesclaros,CM,Castilla - La Mancha,0.15,0.15,0.1,0.15,0.1
2791,2791,Montesquiu,,Catalonia,0.15,0.15,0.1,0.15,0.1
2792,2792,Montferri,,Catalonia,0.15,0.15,0.1,0.15,0.1
2793,2793,Montgai,,Catalonia,0.15,0.15,0.1,0.15,0.1
2794,2794,Montgat,,Catalonia,0.15,0.15,0.1,0.15,0.1
2795,2795,Montichelvo,,Valencia,0.15,0.15,0.1,0.15,0.1
2796,2796,Montiel,CM,Castilla - La Mancha,0.15,0.15,0.1,0.15,0.1
2797,2797,Montijo,EX,Extremadura,0.15,0.15,0.1,0.15,0.1
2798,2798,Montilla,AN,Andalucia,0.15,0.15,0.1,0.15,0.1
2799,2799,Montillana,AN,Andalucia,0.15,0.15,0.1,0.15,0.1
2800,2800,Montizon,AN,Andalucia,0.15,0.15,0.1,0.15,0.1
2801,2801,Montmelo,,Catalonia,0.15,0.15,0.1,0.15,0.1
2802,2802,Monton,AR,Aragon,0.15,0.15,0.1,0.15,0.1
2803,2803,Montorio,CL,Castilla - Leon,0.15,0.15,0.1,0.15,0.1
2804,2804,Montoro,AN,Andalucia,0.15,0.15,0.1,0.15,0.1
2805,2805,Montroy,,Valencia,0.15,0.15,0.1,0.15,0.1
2806,2806,Montuiri,IB,Baleares,0.15,0.15,0.1,0.15,0.1
2807,2807,Monturque,AN,Andalucia,0.15,0.15,0.1,0.15,0.1
2808,2808,Monzon,AR,Aragon,0.15,0.15,0.1,0.15,0.1
2809,2809,Mora,CM,Castilla - La Mancha,0.15,0.15,0.1,0.15,0.1
2810,2810,Moraira,,Valencia,0.15,0.15,0.1,0.15,0.1
2811,2811,Moraleja,EX,Extremadura,0.15,0.15,0.1,0.15,0.1
2812,2812,Moralina,CL,Castilla - Leon,0.15,0.15,0.1,0.15,0.1
2813,2813,Moralzarzal,MD,Madrid,0.15,0.15,0.1,0.15,0.1
2814,2814,Morasverdes,CL,Castilla - Leon,0.15,0.15,0.1,0.15,0.1
2815,2815,Moratalla,MC,Murcia,0.15,0.15,0.1,0.15,0.1
2816,2816,Moratinos,CL,Castilla - Leon,0.15,0.15,0.1,0.15,0.1
2817,2817,Moraña,GA,Galicia,0.15,0.15,0.1,0.15,0.1
2818,2818,Morcillo,EX,Extremadura,0.15,0.15,0.1,0.15,0.1
2819,2819,Morella,,Valencia,0.15,0.15,0.1,0.15,0.1
2820,2820,Morenilla,CM,Castilla - La Mancha,0.15,0.15,0.1,0.15,0.1
2821,2821,Morentin,,Navarre,0.15,0.15,0.1,0.15,0.1
2822,2822,Mores,AR,Aragon,0.15,0.15,0.1,0.15,0.1
2823,2823,Moriles,AN,Andalucia,0.15,0.15,0.1,0.15,0.1
2824,2824,Morille,CL,Castilla - Leon,0.15,0.15,0.1,0.15,0.1
2825,2825,Moriscos,CL,Castilla - Leon,0.15,0.15,0.1,0.15,0.1
2826,2826,Moronta,CL,Castilla - Leon,0.15,0.15,0.1,0.15,0.1
2827,2827,Moros,AR,Aragon,0.15,0.15,0.1,0.15,0.1
2828,2828,Mos,GA,Galicia,0.15,0.15,0.1,0.15,0.1
2829,2829,Moscardon,AR,Aragon,0.15,0.15,0.1,0.15,0.1
2830,2830,Mosqueruela,AR,Aragon,0.15,0.15,0.1,0.15,0.1
2831,2831,Mostoles,MD,Madrid,0.15,0.15,0.1,0.15,0.1
2832,2832,Motilleja,CM,Castilla - La Mancha,0.15,0.15,0.1,0.15,0.1
2833,2833,Motril,AN,Andalucia,0.15,0.15,0.1,0.15,0.1
2834,2834,Moya,CM,Castilla - La Mancha,0.15,0.15,0.1,0.15,0.1
2835,2835,Moya,,Canary Islands,0.15,0.15,0.1,0.15,0.1
2836,2836,Moyuela,AR,Aragon,0.15,0.15,0.1,0.15,0.1
2837,2837,Mozarbez,CL,Castilla - Leon,0.15,0.15,0.1,0.15,0.1
2838,2838,Mozoncillo,CL,Castilla - Leon,0.15,0.15,0.1,0.15,0.1
2839,2839,Mozota,AR,Aragon,0.15,0.15,0.1,0.15,0.1
2840,2840,Mucientes,CL,Castilla - Leon,0.15,0.15,0.1,0.15,0.1
2841,2841,Muda,CL,Castilla - Leon,0.15,0.15,0.1,0.15,0.1
2842,2842,Muduex,CM,Castilla - La Mancha,0.15,0.15,0.1,0.15,0.1
2843,2843,Muel,AR,Aragon,0.15,0.15,0.1,0.15,0.1
2844,2844,Mugardos,GA,Galicia,0.15,0.15,0.1,0.15,0.1
2845,2845,Muiños,GA,Galicia,0.15,0.15,0.1,0.15,0.1
2846,2846,Mula,MC,Murcia,0.15,0.15,0.1,0.15,0.1
2847,2847,Mundaka,,Basque Country,0.15,0.15,0.1,0.15,0.1
2848,2848,Munebrega,AR,Aragon,0.15,0.15,0.1,0.15,0.1
2849,2849,Munera,CM,Castilla - La Mancha,0.15,0.15,0.1,0.15,0.1
2850,2850,Mungia,,Basque Country,0.15,0.15,0.1,0.15,0.1
2851,2851,Muniesa,AR,Aragon,0.15,0.15,0.1,0.15,0.1
2852,2852,Munilla,RI,La Rioja,0.15,0.15,0.1,0.15,0.1
2853,2853,Muntanyola,,Catalonia,0.15,0.15,0.1,0.15,0.1
2854,2854,Mura,,Catalonia,0.15,0.15,0.1,0.15,0.1
2855,2855,Muras,GA,Galicia,0.15,0.15,0.1,0.15,0.1
2856,2856,Murchante,,Navarre,0.15,0.15,0.1,0.15,0.1
2857,2857,Murcia,MC,Murcia,0.15,0.15,0.1,0.15,0.1
2858,2858,Murero,AR,Aragon,0.15,0.15,0.1,0.15,0.1
2859,2859,Murgia,,Basque Country,0.15,0.15,0.1,0.15,0.1
2860,2860,Muriel Viejo,CL,Castilla - Leon,0.15,0.15,0.1,0.15,0.1
2861,2861,Murieta,,Navarre,0.15,0.15,0.1,0.15,0.1
2862,2862,Murla,,Valencia,0.15,0.15,0.1,0.15,0.1
2863,2863,Muro,IB,Baleares,0.15,0.15,0.1,0.15,0.1
2864,2864,Muros,GA,Galicia,0.15,0.15,0.1,0.15,0.1
2865,2865,Murtas,AN,Andalucia,0.15,0.15,0.1,0.15,0.1
2866,2866,Muruzabal,,Navarre,0.15,0.15,0.1,0.15,0.1
2867,2867,Museros,,Valencia,0.15,0.15,0.1,0.15,0.1
2868,2868,Mutiloa,,Basque Country,0.15,0.15,0.1,0.15,0.1
2869,2869,Mutriku,,Basque Country,0.15,0.15,0.1,0.15,0.1
2870,2870,Mutxamel,,Valencia,0.15,0.15,0.1,0.15,0.1
2871,2871,Muxika,,Basque Country,0.15,0.15,0.1,0.15,0.1
2872,2872,Muñana,CL,Castilla - Leon,0.15,0.15,0.1,0.15,0.1
2873,2873,Muñico,CL,Castilla - Leon,0.15,0.15,0.1,0.15,0.1
2874,2874,Muñogalindo,CL,Castilla - Leon,0.15,0.15,0.1,0.15,0.1
2875,2875,Muñogrande,CL,Castilla - Leon,0.15,0.15,0.1,0.15,0.1
2876,2876,Muñopedro,CL,Castilla - Leon,0.15,0.15,0.1,0.15,0.1
2877,2877,Muñopepe,CL,Castilla - Leon,0.15,0.15,0.1,0.15,0.1
2878,2878,Muñosancho,CL,Castilla - Leon,0.15,0.15,0.1,0.15,0.1
2879,2879,Muñotello,CL,Castilla - Leon,0.15,0.15,0.1,0.15,0.1
2880,2880,Muñoveros,CL,Castilla - Leon,0.15,0.15,0.1,0.15,0.1
2881,2881,Najera,RI,La Rioja,0.15,0.15,0.1,0.15,0.1
2882,2882,Nalda,RI,La Rioja,0.15,0.15,0.1,0.15,0.1
2883,2883,Nalec,,Catalonia,0.15,0.15,0.1,0.15,0.1
2884,2884,Nambroca,CM,Castilla - La Mancha,0.15,0.15,0.1,0.15,0.1
2885,2885,Naquera,,Valencia,0.15,0.15,0.1,0.15,0.1
2886,2886,Narboneta,CM,Castilla - La Mancha,0.15,0.15,0.1,0.15,0.1
2887,2887,Naron,GA,Galicia,0.15,0.15,0.1,0.15,0.1
2888,2888,Narros,CL,Castilla - Leon,0.15,0.15,0.1,0.15,0.1
2889,2889,Nava,AS,Asturias,0.15,0.15,0.1,0.15,0.1
2890,2890,Navacarros,CL,Castilla - Leon,0.15,0.15,0.1,0.15,0.1
2891,2891,Navacerrada,MD,Madrid,0.15,0.15,0.1,0.15,0.1
2892,2892,Navaconcejo,EX,Extremadura,0.15,0.15,0.1,0.15,0.1
2893,2893,Navadijos,CL,Castilla - Leon,0.15,0.15,0.1,0.15,0.1
2894,2894,Navaescurial,CL,Castilla - Leon,0.15,0.15,0.1,0.15,0.1
2895,2895,Navafria,CL,Castilla - Leon,0.15,0.15,0.1,0.15,0.1
2896,2896,Navahermosa,CM,Castilla - La Mancha,0.15,0.15,0.1,0.15,0.1
2897,2897,Navahondilla,CL,Castilla - Leon,0.15,0.15,0.1,0.15,0.1
2898,2898,Navajas,,Valencia,0.15,0.15,0.1,0.15,0.1
2899,2899,Navajun,RI,La Rioja,0.15,0.15,0.1,0.15,0.1
2900,2900,Naval,AR,Aragon,0.15,0.15,0.1,0.15,0.1
2901,2901,Navalacruz,CL,Castilla - Leon,0.15,0.15,0.1,0.15,0.1
2902,2902,Navalafuente,MD,Madrid,0.15,0.15,0.1,0.15,0.1
2903,2903,Navalagamella,MD,Madrid,0.15,0.15,0.1,0.15,0.1
2904,2904,Navalcan,CM,Castilla - La Mancha,0.15,0.15,0.1,0.15,0.1
2905,2905,Navalcarnero,MD,Madrid,0.15,0.15,0.1,0.15,0.1
2906,2906,Navaleno,CL,Castilla - Leon,0.15,0.15,0.1,0.15,0.1
2907,2907,Navales,CL,Castilla - Leon,0.15,0.15,0.1,0.15,0.1
2908,2908,Navalilla,CL,Castilla - Leon,0.15,0.15,0.1,0.15,0.1
2909,2909,Navalmanzano,CL,Castilla - Leon,0.15,0.15,0.1,0.15,0.1
2910,2910,Navalmoral,CL,Castilla - Leon,0.15,0.15,0.1,0.15,0.1
2911,2911,Navalmoralejo,CM,Castilla - La Mancha,0.15,0.15,0.1,0.15,0.1
2912,2912,Navalosa,CL,Castilla - Leon,0.15,0.15,0.1,0.15,0.1
2913,2913,Navalpino,CM,Castilla - La Mancha,0.15,0.15,0.1,0.15,0.1
2914,2914,Navalquejigo,MD,Madrid,0.15,0.15,0.1,0.15,0.1
2915,2915,Navaluenga,CL,Castilla - Leon,0.15,0.15,0.1,0.15,0.1
2916,2916,Navamorales,CL,Castilla - Leon,0.15,0.15,0.1,0.15,0.1
2917,2917,Navamorcuende,CM,Castilla - La Mancha,0.15,0.15,0.1,0.15,0.1
2918,2918,Navaquesera,CL,Castilla - Leon,0.15,0.15,0.1,0.15,0.1
2919,2919,Navarcles,,Catalonia,0.15,0.15,0.1,0.15,0.1
2920,2920,Navardun,AR,Aragon,0.15,0.15,0.1,0.15,0.1
2921,2921,Navaridas,,Basque Country,0.15,0.15,0.1,0.15,0.1
2922,2922,Navarredondilla,CL,Castilla - Leon,0.15,0.15,0.1,0.15,0.1
2923,2923,Navarres,,Valencia,0.15,0.15,0.1,0.15,0.1
2924,2924,Navarrete,RI,La Rioja,0.15,0.15,0.1,0.15,0.1
2925,2925,Navarrevisca,CL,Castilla - Leon,0.15,0.15,0.1,0.15,0.1
2926,2926,Navas,,Catalonia,0.15,0.15,0.1,0.15,0.1
2927,2927,Navascues,,Navarre,0.15,0.15,0.1,0.15,0.1
2928,2928,Navasfrias,CL,Castilla - Leon,0.15,0.15,0.1,0.15,0.1
2929,2929,Navata,,Catalonia,0.15,0.15,0.1,0.15,0.1
2930,2930,Navatalgordo,CL,Castilla - Leon,0.15,0.15,0.1,0.15,0.1
2931,2931,Navatejares,CL,Castilla - Leon,0.15,0.15,0.1,0.15,0.1
2932,2932,Navezuelas,EX,Extremadura,0.15,0.15,0.1,0.15,0.1
2933,2933,Navia,AS,Asturias,0.15,0.15,0.1,0.15,0.1
2934,2934,Nazar,,Navarre,0.15,0.15,0.1,0.15,0.1
2935,2935,Nazaret,,Canary Islands,0.15,0.15,0.1,0.15,0.1
2936,2936,Nebreda,CL,Castilla - Leon,0.15,0.15,0.1,0.15,0.1
2937,2937,Negredo,CM,Castilla - La Mancha,0.15,0.15,0.1,0.15,0.1
2938,2938,Negreira,GA,Galicia,0.15,0.15,0.1,0.15,0.1
2939,2939,Neila,CL,Castilla - Leon,0.15,0.15,0.1,0.15,0.1
2940,2940,Nepas,CL,Castilla - Leon,0.15,0.15,0.1,0.15,0.1
2941,2941,Nerja,AN,Andalucia,0.15,0.15,0.1,0.15,0.1
2942,2942,Nerpio,CM,Castilla - La Mancha,0.15,0.15,0.1,0.15,0.1
2943,2943,Nerva,AN,Andalucia,0.15,0.15,0.1,0.15,0.1
2944,2944,Nestares,RI,La Rioja,0.15,0.15,0.1,0.15,0.1
2945,2945,Niebla,AN,Andalucia,0.15,0.15,0.1,0.15,0.1
2946,2946,Nieva,CL,Castilla - Leon,0.15,0.15,0.1,0.15,0.1
2947,2947,Nigran,GA,Galicia,0.15,0.15,0.1,0.15,0.1
2948,2948,Niguelas,AN,Andalucia,0.15,0.15,0.1,0.15,0.1
2949,2949,Niguella,AR,Aragon,0.15,0.15,0.1,0.15,0.1
2950,2950,Niharra,CL,Castilla - Leon,0.15,0.15,0.1,0.15,0.1
2951,2951,Nijar,AN,Andalucia,0.15,0.15,0.1,0.15,0.1
2952,2952,Nivar,AN,Andalucia,0.15,0.15,0.1,0.15,0.1
2953,2953,Noalejo,AN,Andalucia,0.15,0.15,0.1,0.15,0.1
2954,2954,Noblejas,CM,Castilla - La Mancha,0.15,0.15,0.1,0.15,0.1
2955,2955,Noez,CM,Castilla - La Mancha,0.15,0.15,0.1,0.15,0.1
2956,2956,Nogales,EX,Extremadura,0.15,0.15,0.1,0.15,0.1
2957,2957,Nogueras,AR,Aragon,0.15,0.15,0.1,0.15,0.1
2958,2958,Nogueruelas,AR,Aragon,0.15,0.15,0.1,0.15,0.1
2959,2959,Noia,GA,Galicia,0.15,0.15,0.1,0.15,0.1
2960,2960,Noja,CB,Cantabria,0.15,0.15,0.1,0.15,0.1
2961,2961,Nolay,CL,Castilla - Leon,0.15,0.15,0.1,0.15,0.1
2962,2962,Nombela,CM,Castilla - La Mancha,0.15,0.15,0.1,0.15,0.1
2963,2963,Nombrevilla,AR,Aragon,0.15,0.15,0.1,0.15,0.1
2964,2964,Nonaspe,AR,Aragon,0.15,0.15,0.1,0.15,0.1
2965,2965,Noreña,AS,Asturias,0.15,0.15,0.1,0.15,0.1
2966,2966,Novales,AR,Aragon,0.15,0.15,0.1,0.15,0.1
2967,2967,Novallas,AR,Aragon,0.15,0.15,0.1,0.15,0.1
2968,2968,Novelda,,Valencia,0.15,0.15,0.1,0.15,0.1
2969,2969,Novele,,Valencia,0.15,0.15,0.1,0.15,0.1
2970,2970,Noves,CM,Castilla - La Mancha,0.15,0.15,0.1,0.15,0.1
2971,2971,Noviercas,CL,Castilla - Leon,0.15,0.15,0.1,0.15,0.1
2972,2972,Novillas,AR,Aragon,0.15,0.15,0.1,0.15,0.1
2973,2973,Nueno,AR,Aragon,0.15,0.15,0.1,0.15,0.1
2974,2974,Nuevalos,AR,Aragon,0.15,0.15,0.1,0.15,0.1
2975,2975,Nuevo Baztan,MD,Madrid,0.15,0.15,0.1,0.15,0.1
2976,2976,Nules,,Valencia,0.15,0.15,0.1,0.15,0.1
2977,2977,Nuñomoral,EX,Extremadura,0.15,0.15,0.1,0.15,0.1
2978,2978,O Rosal,GA,Galicia,0.15,0.15,0.1,0.15,0.1
2979,2979,Obanos,,Navarre,0.15,0.15,0.1,0.15,0.1
2980,2980,Obejo,AN,Andalucia,0.15,0.15,0.1,0.15,0.1
2981,2981,Obon,AR,Aragon,0.15,0.15,0.1,0.15,0.1
2982,2982,Ocaña,CM,Castilla - La Mancha,0.15,0.15,0.1,0.15,0.1
2983,2983,Ocentejo,CM,Castilla - La Mancha,0.15,0.15,0.1,0.15,0.1
2984,2984,Ochagavia,,Navarre,0.15,0.15,0.1,0.15,0.1
2985,2985,Ochanduri,RI,La Rioja,0.15,0.15,0.1,0.15,0.1
2986,2986,Oco,,Navarre,0.15,0.15,0.1,0.15,0.1
2987,2987,Ocon,RI,La Rioja,0.15,0.15,0.1,0.15,0.1
2988,2988,Odena,,Catalonia,0.15,0.15,0.1,0.15,0.1
2989,2989,Odon,AR,Aragon,0.15,0.15,0.1,0.15,0.1
2990,2990,Oencia,CL,Castilla - Leon,0.15,0.15,0.1,0.15,0.1
2991,2991,Ogijares,AN,Andalucia,0.15,0.15,0.1,0.15,0.1
2992,2992,Ohanes,AN,Andalucia,0.15,0.15,0.1,0.15,0.1
2993,2993,Oia,GA,Galicia,0.15,0.15,0.1,0.15,0.1
2994,2994,Oimbra,GA,Galicia,0.15,0.15,0.1,0.15,0.1
2995,2995,Oitz,,Navarre,0.15,0.15,0.1,0.15,0.1
2996,2996,Ojacastro,RI,La Rioja,0.15,0.15,0.1,0.15,0.1
2997,2997,Ojen,AN,Andalucia,0.15,0.15,0.1,0.15,0.1
2998,2998,Ojos,MC,Murcia,0.15,0.15,0.1,0.15,0.1
2999,2999,Ojos Negros,AR,Aragon,0.15,0.15,0.1,0.15,0.1
3000,3000,Ojos-Albos,CL,Castilla - Leon,0.15,0.15,0.1,0.15,0.1
3001,3001,Olaberria,,Basque Country,0.15,0.15,0.1,0.15,0.1
3002,3002,Olba,AR,Aragon,0.15,0.15,0.1,0.15,0.1
3003,3003,Oleiros,GA,Galicia,0.15,0.15,0.1,0.15,0.1
3004,3004,Olejua,,Navarre,0.15,0.15,0.1,0.15,0.1
3005,3005,Oliana,,Catalonia,0.15,0.15,0.1,0.15,0.1
3006,3006,Oliete,AR,Aragon,0.15,0.15,0.1,0.15,0.1
3007,3007,Olite,,Navarre,0.15,0.15,0.1,0.15,0.1
3008,3008,Olius,,Catalonia,0.15,0.15,0.1,0.15,0.1
3009,3009,Oliva,,Valencia,0.15,0.15,0.1,0.15,0.1
3010,3010,Olivares,AN,Andalucia,0.15,0.15,0.1,0.15,0.1
3011,3011,Olivella,,Catalonia,0.15,0.15,0.1,0.15,0.1
3012,3012,Olivenza,EX,Extremadura,0.15,0.15,0.1,0.15,0.1
3013,3013,Ollauri,RI,La Rioja,0.15,0.15,0.1,0.15,0.1
3014,3014,Olmedo,CL,Castilla - Leon,0.15,0.15,0.1,0.15,0.1
3015,3015,Olocau,,Valencia,0.15,0.15,0.1,0.15,0.1
3016,3016,Olombrada,CL,Castilla - Leon,0.15,0.15,0.1,0.15,0.1
3017,3017,Oloriz,,Navarre,0.15,0.15,0.1,0.15,0.1
3018,3018,Olost,,Catalonia,0.15,0.15,0.1,0.15,0.1
3019,3019,Olot,,Catalonia,0.15,0.15,0.1,0.15,0.1
3020,3020,Olvan,,Catalonia,0.15,0.15,0.1,0.15,0.1
3021,3021,Olvega,CL,Castilla - Leon,0.15,0.15,0.1,0.15,0.1
3022,3022,Olvera,AN,Andalucia,0.15,0.15,0.1,0.15,0.1
3023,3023,Olves,AR,Aragon,0.15,0.15,0.1,0.15,0.1
3024,3024,Oncala,CL,Castilla - Leon,0.15,0.15,0.1,0.15,0.1
3025,3025,Onda,,Valencia,0.15,0.15,0.1,0.15,0.1
3026,3026,Ondara,,Valencia,0.15,0.15,0.1,0.15,0.1
3027,3027,Ondarroa,,Basque Country,0.15,0.15,0.1,0.15,0.1
3028,3028,Onil,,Valencia,0.15,0.15,0.1,0.15,0.1
3029,3029,Onis,AS,Asturias,0.15,0.15,0.1,0.15,0.1
3030,3030,Ontigola,CM,Castilla - La Mancha,0.15,0.15,0.1,0.15,0.1
3031,3031,Ontinyent,,Valencia,0.15,0.15,0.1,0.15,0.1
3032,3032,Ontiñena,AR,Aragon,0.15,0.15,0.1,0.15,0.1
3033,3033,Ontur,CM,Castilla - La Mancha,0.15,0.15,0.1,0.15,0.1
3034,3034,Onzonilla,CL,Castilla - Leon,0.15,0.15,0.1,0.15,0.1
3035,3035,Oquillas,CL,Castilla - Leon,0.15,0.15,0.1,0.15,0.1
3036,3036,Orba,,Valencia,0.15,0.15,0.1,0.15,0.1
3037,3037,Orbara,,Navarre,0.15,0.15,0.1,0.15,0.1
3038,3038,Orbita,CL,Castilla - Leon,0.15,0.15,0.1,0.15,0.1
3039,3039,Orcajo,AR,Aragon,0.15,0.15,0.1,0.15,0.1
3040,3040,Orce,AN,Andalucia,0.15,0.15,0.1,0.15,0.1
3041,3041,Orcera,AN,Andalucia,0.15,0.15,0.1,0.15,0.1
3042,3042,Ordes,GA,Galicia,0.15,0.15,0.1,0.15,0.1
3043,3043,Ordis,,Catalonia,0.15,0.15,0.1,0.15,0.1
3044,3044,Ordizia,,Basque Country,0.15,0.15,0.1,0.15,0.1
3045,3045,Orea,CM,Castilla - La Mancha,0.15,0.15,0.1,0.15,0.1
3046,3046,Orendain,,Basque Country,0.15,0.15,0.1,0.15,0.1
3047,3047,Orera,AR,Aragon,0.15,0.15,0.1,0.15,0.1
3048,3048,Ores,AR,Aragon,0.15,0.15,0.1,0.15,0.1
3049,3049,Orexa,,Basque Country,0.15,0.15,0.1,0.15,0.1
3050,3050,Orgaz,CM,Castilla - La Mancha,0.15,0.15,0.1,0.15,0.1
3051,3051,Orgiva,AN,Andalucia,0.15,0.15,0.1,0.15,0.1
3052,3052,Oria,AN,Andalucia,0.15,0.15,0.1,0.15,0.1
3053,3053,Oria,,Basque Country,0.15,0.15,0.1,0.15,0.1
3054,3054,Orihuela,,Valencia,0.15,0.15,0.1,0.15,0.1
3055,3055,Orio,,Basque Country,0.15,0.15,0.1,0.15,0.1
3056,3056,Oris,,Catalonia,0.15,0.15,0.1,0.15,0.1
3057,3057,Orisoain,,Navarre,0.15,0.15,0.1,0.15,0.1
3058,3058,Orista,,Catalonia,0.15,0.15,0.1,0.15,0.1
3059,3059,Orkoien,,Navarre,0.15,0.15,0.1,0.15,0.1
3060,3060,Ormaiztegi,,Basque Country,0.15,0.15,0.1,0.15,0.1
3061,3061,Oronz,,Navarre,0.15,0.15,0.1,0.15,0.1
3062,3062,Oropesa,CM,Castilla - La Mancha,0.15,0.15,0.1,0.15,0.1
3063,3063,Ororbia,,Navarre,0.15,0.15,0.1,0.15,0.1
3064,3064,Oroso,GA,Galicia,0.15,0.15,0.1,0.15,0.1
3065,3065,Orpi,,Catalonia,0.15,0.15,0.1,0.15,0.1
3066,3066,Orrios,AR,Aragon,0.15,0.15,0.1,0.15,0.1
3067,3067,Orrius,,Catalonia,0.15,0.15,0.1,0.15,0.1
3068,3068,Ortigosa,RI,La Rioja,0.15,0.15,0.1,0.15,0.1
3069,3069,Ortuella,,Basque Country,0.15,0.15,0.1,0.15,0.1
3070,3070,Orusco,MD,Madrid,0.15,0.15,0.1,0.15,0.1
3071,3071,Oseja,AR,Aragon,0.15,0.15,0.1,0.15,0.1
3072,3072,Osornillo,CL,Castilla - Leon,0.15,0.15,0.1,0.15,0.1
3073,3073,Osuna,AN,Andalucia,0.15,0.15,0.1,0.15,0.1
3074,3074,Oteiza,,Navarre,0.15,0.15,0.1,0.15,0.1
3075,3075,Otero,CM,Castilla - La Mancha,0.15,0.15,0.1,0.15,0.1
3076,3076,Otivar,AN,Andalucia,0.15,0.15,0.1,0.15,0.1
3077,3077,Otos,,Valencia,0.15,0.15,0.1,0.15,0.1
3078,3078,Otura,AN,Andalucia,0.15,0.15,0.1,0.15,0.1
3079,3079,Otxandio,,Basque Country,0.15,0.15,0.1,0.15,0.1
3080,3080,Ourense,GA,Galicia,0.15,0.15,0.1,0.15,0.1
3081,3081,Ourol,GA,Galicia,0.15,0.15,0.1,0.15,0.1
3082,3082,Outeiro,GA,Galicia,0.15,0.15,0.1,0.15,0.1
3083,3083,Outes,GA,Galicia,0.15,0.15,0.1,0.15,0.1
3084,3084,Oviedo,AS,Asturias,0.15,0.15,0.1,0.15,0.1
3085,3085,Oña,CL,Castilla - Leon,0.15,0.15,0.1,0.15,0.1
3086,3086,Oñati,,Basque Country,0.15,0.15,0.1,0.15,0.1
3087,3087,Paderne,GA,Galicia,0.15,0.15,0.1,0.15,0.1
3088,3088,Padiernos,CL,Castilla - Leon,0.15,0.15,0.1,0.15,0.1
3089,3089,Padrenda,GA,Galicia,0.15,0.15,0.1,0.15,0.1
3090,3090,Padron,GA,Galicia,0.15,0.15,0.1,0.15,0.1
3091,3091,Padul,AN,Andalucia,0.15,0.15,0.1,0.15,0.1
3092,3092,Padules,AN,Andalucia,0.15,0.15,0.1,0.15,0.1
3093,3093,Paiporta,,Valencia,0.15,0.15,0.1,0.15,0.1
3094,3094,Pajara,,Canary Islands,0.15,0.15,0.1,0.15,0.1
3095,3095,Pajarejos,CL,Castilla - Leon,0.15,0.15,0.1,0.15,0.1
3096,3096,Pajaron,CM,Castilla - La Mancha,0.15,0.15,0.1,0.15,0.1
3097,3097,Pajaroncillo,CM,Castilla - La Mancha,0.15,0.15,0.1,0.15,0.1
3098,3098,Palafolls,,Catalonia,0.15,0.15,0.1,0.15,0.1
3099,3099,Palafrugell,,Catalonia,0.15,0.15,0.1,0.15,0.1
3100,3100,Palamos,,Catalonia,0.15,0.15,0.1,0.15,0.1
3101,3101,Palanques,,Valencia,0.15,0.15,0.1,0.15,0.1
3102,3102,Palencia,CL,Castilla - Leon,0.15,0.15,0.1,0.15,0.1
3103,3103,Palenciana,AN,Andalucia,0.15,0.15,0.1,0.15,0.1
3104,3104,Palenzuela,CL,Castilla - Leon,0.15,0.15,0.1,0.15,0.1
3105,3105,Palleja,,Catalonia,0.15,0.15,0.1,0.15,0.1
3106,3106,Palma,IB,Baleares,0.15,0.15,0.1,0.15,0.1
3107,3107,Palmanova,IB,Baleares,0.15,0.15,0.1,0.15,0.1
3108,3108,Palmeira,GA,Galicia,0.15,0.15,0.1,0.15,0.1
3109,3109,Palmera,,Valencia,0.15,0.15,0.1,0.15,0.1
3110,3110,Palo,AR,Aragon,0.15,0.15,0.1,0.15,0.1
3111,3111,Palomar,,Valencia,0.15,0.15,0.1,0.15,0.1
3112,3112,Palomas,EX,Extremadura,0.15,0.15,0.1,0.15,0.1
3113,3113,Palomeque,CM,Castilla - La Mancha,0.15,0.15,0.1,0.15,0.1
3114,3114,Palomero,EX,Extremadura,0.15,0.15,0.1,0.15,0.1
3115,3115,Pals,,Catalonia,0.15,0.15,0.1,0.15,0.1
3116,3116,Pampaneira,AN,Andalucia,0.15,0.15,0.1,0.15,0.1
3117,3117,Pampliega,CL,Castilla - Leon,0.15,0.15,0.1,0.15,0.1
3118,3118,Pamplona,,Navarre,0.15,0.15,0.1,0.15,0.1
3119,3119,Pancorbo,CL,Castilla - Leon,0.15,0.15,0.1,0.15,0.1
3120,3120,Pancrudo,AR,Aragon,0.15,0.15,0.1,0.15,0.1
3121,3121,Paniza,AR,Aragon,0.15,0.15,0.1,0.15,0.1
3122,3122,Panticosa,AR,Aragon,0.15,0.15,0.1,0.15,0.1
3123,3123,Pantoja,CM,Castilla - La Mancha,0.15,0.15,0.1,0.15,0.1
3124,3124,Panton,GA,Galicia,0.15,0.15,0.1,0.15,0.1
3125,3125,Papatrigo,CL,Castilla - Leon,0.15,0.15,0.1,0.15,0.1
3126,3126,Paracuellos,CM,Castilla - La Mancha,0.15,0.15,0.1,0.15,0.1
3127,3127,Paradas,AN,Andalucia,0.15,0.15,0.1,0.15,0.1
3128,3128,Paradela,GA,Galicia,0.15,0.15,0.1,0.15,0.1
3129,3129,Parauta,AN,Andalucia,0.15,0.15,0.1,0.15,0.1
3130,3130,Parcent,,Valencia,0.15,0.15,0.1,0.15,0.1
3131,3131,Pardilla,CL,Castilla - Leon,0.15,0.15,0.1,0.15,0.1
3132,3132,Pardos,CM,Castilla - La Mancha,0.15,0.15,0.1,0.15,0.1
3133,3133,Paredes,CM,Castilla - La Mancha,0.15,0.15,0.1,0.15,0.1
3134,3134,Pareja,CM,Castilla - La Mancha,0.15,0.15,0.1,0.15,0.1
3135,3135,Parla,MD,Madrid,0.15,0.15,0.1,0.15,0.1
3136,3136,Parlava,,Catalonia,0.15,0.15,0.1,0.15,0.1
3137,3137,Parres,AS,Asturias,0.15,0.15,0.1,0.15,0.1
3138,3138,Parrillas,CM,Castilla - La Mancha,0.15,0.15,0.1,0.15,0.1
3139,3139,Partaloa,AN,Andalucia,0.15,0.15,0.1,0.15,0.1
3140,3140,Pasaia,,Basque Country,0.15,0.15,0.1,0.15,0.1
3141,3141,Pascualcobo,CL,Castilla - Leon,0.15,0.15,0.1,0.15,0.1
3142,3142,Pastores,CL,Castilla - Leon,0.15,0.15,0.1,0.15,0.1
3143,3143,Pastoriza,GA,Galicia,0.15,0.15,0.1,0.15,0.1
3144,3144,Pastrana,CM,Castilla - La Mancha,0.15,0.15,0.1,0.15,0.1
3145,3145,Paterna,,Valencia,0.15,0.15,0.1,0.15,0.1
3146,3146,Patones,MD,Madrid,0.15,0.15,0.1,0.15,0.1
3147,3147,Pau,,Catalonia,0.15,0.15,0.1,0.15,0.1
3148,3148,Pavias,,Valencia,0.15,0.15,0.1,0.15,0.1
3149,3149,Paymogo,AN,Andalucia,0.15,0.15,0.1,0.15,0.1
3150,3150,Pazuengos,RI,La Rioja,0.15,0.15,0.1,0.15,0.1
3151,3151,Paüls,,Catalonia,0.15,0.15,0.1,0.15,0.1
3152,3152,Pechina,AN,Andalucia,0.15,0.15,0.1,0.15,0.1
3153,3153,Pedralba,,Valencia,0.15,0.15,0.1,0.15,0.1
3154,3154,Pedraza,CL,Castilla - Leon,0.15,0.15,0.1,0.15,0.1
3155,3155,Pedreguer,,Valencia,0.15,0.15,0.1,0.15,0.1
3156,3156,Pedrera,AN,Andalucia,0.15,0.15,0.1,0.15,0.1
3157,3157,Pedrezuela,MD,Madrid,0.15,0.15,0.1,0.15,0.1
3158,3158,Pedro Abad,AN,Andalucia,0.15,0.15,0.1,0.15,0.1
3159,3159,Pedro Bernardo,CL,Castilla - Leon,0.15,0.15,0.1,0.15,0.1
3160,3160,Pedro Martinez,AN,Andalucia,0.15,0.15,0.1,0.15,0.1
3161,3161,Pedro Muñoz,CM,Castilla - La Mancha,0.15,0.15,0.1,0.15,0.1
3162,3162,Pedroche,AN,Andalucia,0.15,0.15,0.1,0.15,0.1
3163,3163,Pedrola,AR,Aragon,0.15,0.15,0.1,0.15,0.1
3164,3164,Pedroso,RI,La Rioja,0.15,0.15,0.1,0.15,0.1
3165,3165,Pegalajar,AN,Andalucia,0.15,0.15,0.1,0.15,0.1
3166,3166,Pego,,Valencia,0.15,0.15,0.1,0.15,0.1
3167,3167,Peguera,IB,Baleares,0.15,0.15,0.1,0.15,0.1
3168,3168,Peguerinos,CL,Castilla - Leon,0.15,0.15,0.1,0.15,0.1
3169,3169,Pelabravo,CL,Castilla - Leon,0.15,0.15,0.1,0.15,0.1
3170,3170,Pelahustan,CM,Castilla - La Mancha,0.15,0.15,0.1,0.15,0.1
3171,3171,Pelarrodriguez,CL,Castilla - Leon,0.15,0.15,0.1,0.15,0.1
3172,3172,Pelayos,CL,Castilla - Leon,0.15,0.15,0.1,0.15,0.1
3173,3173,Peleagonzalo,CL,Castilla - Leon,0.15,0.15,0.1,0.15,0.1
3174,3174,Peligros,AN,Andalucia,0.15,0.15,0.1,0.15,0.1
3175,3175,Penagos,CB,Cantabria,0.15,0.15,0.1,0.15,0.1
3176,3176,Penelles,,Catalonia,0.15,0.15,0.1,0.15,0.1
3177,3177,Peque,CL,Castilla - Leon,0.15,0.15,0.1,0.15,0.1
3178,3178,Peracense,AR,Aragon,0.15,0.15,0.1,0.15,0.1
3179,3179,Perafort,,Catalonia,0.15,0.15,0.1,0.15,0.1
3180,3180,Peralada,,Catalonia,0.15,0.15,0.1,0.15,0.1
3181,3181,Peralejos,AR,Aragon,0.15,0.15,0.1,0.15,0.1
3182,3182,Perales,CL,Castilla - Leon,0.15,0.15,0.1,0.15,0.1
3183,3183,Peralta,,Navarre,0.15,0.15,0.1,0.15,0.1
3184,3184,Peraltilla,AR,Aragon,0.15,0.15,0.1,0.15,0.1
3185,3185,Peralveche,CM,Castilla - La Mancha,0.15,0.15,0.1,0.15,0.1
3186,3186,Peranzanes,CL,Castilla - Leon,0.15,0.15,0.1,0.15,0.1
3187,3187,Perdiguera,AR,Aragon,0.15,0.15,0.1,0.15,0.1
3188,3188,Pereruela,CL,Castilla - Leon,0.15,0.15,0.1,0.15,0.1
3189,3189,Periana,AN,Andalucia,0.15,0.15,0.1,0.15,0.1
3190,3190,Peromingo,CL,Castilla - Leon,0.15,0.15,0.1,0.15,0.1
3191,3191,Perosillo,CL,Castilla - Leon,0.15,0.15,0.1,0.15,0.1
3192,3192,Pertusa,AR,Aragon,0.15,0.15,0.1,0.15,0.1
3193,3193,Pescueza,EX,Extremadura,0.15,0.15,0.1,0.15,0.1
3194,3194,Pesoz,AS,Asturias,0.15,0.15,0.1,0.15,0.1
3195,3195,Pesquera,CB,Cantabria,0.15,0.15,0.1,0.15,0.1
3196,3196,Petin,GA,Galicia,0.15,0.15,0.1,0.15,0.1
3197,3197,Petra,IB,Baleares,0.15,0.15,0.1,0.15,0.1
3198,3198,Petres,,Valencia,0.15,0.15,0.1,0.15,0.1
3199,3199,Petrola,CM,Castilla - La Mancha,0.15,0.15,0.1,0.15,0.1
3200,3200,Peñacaballera,CL,Castilla - Leon,0.15,0.15,0.1,0.15,0.1
3201,3201,Peñafiel,CL,Castilla - Leon,0.15,0.15,0.1,0.15,0.1
3202,3202,Peñaflor,AN,Andalucia,0.15,0.15,0.1,0.15,0.1
3203,3203,Peñalba,AR,Aragon,0.15,0.15,0.1,0.15,0.1
3204,3204,Peñalsordo,EX,Extremadura,0.15,0.15,0.1,0.15,0.1
3205,3205,Peñalver,CM,Castilla - La Mancha,0.15,0.15,0.1,0.15,0.1
3206,3206,Peñaparda,CL,Castilla - Leon,0.15,0.15,0.1,0.15,0.1
3207,3207,Peñarandilla,CL,Castilla - Leon,0.15,0.15,0.1,0.15,0.1
3208,3208,Peñarroya-Pueblonuevo,AN,Andalucia,0.15,0.15,0.1,0.15,0.1
3209,3209,Peñausende,CL,Castilla - Leon,0.15,0.15,0.1,0.15,0.1
3210,3210,Pias,CL,Castilla - Leon,0.15,0.15,0.1,0.15,0.1
3211,3211,Picanya,,Valencia,0.15,0.15,0.1,0.15,0.1
3212,3212,Picassent,,Valencia,0.15,0.15,0.1,0.15,0.1
3213,3213,Picon,CM,Castilla - La Mancha,0.15,0.15,0.1,0.15,0.1
3214,3214,Piedrabuena,CM,Castilla - La Mancha,0.15,0.15,0.1,0.15,0.1
3215,3215,Piedralaves,CL,Castilla - Leon,0.15,0.15,0.1,0.15,0.1
3216,3216,Piedramillera,,Navarre,0.15,0.15,0.1,0.15,0.1
3217,3217,Piedras Albas,EX,Extremadura,0.15,0.15,0.1,0.15,0.1
3218,3218,Piedras Blancas,AS,Asturias,0.15,0.15,0.1,0.15,0.1
3219,3219,Piedratajada,AR,Aragon,0.15,0.15,0.1,0.15,0.1
3220,3220,Piera,,Catalonia,0.15,0.15,0.1,0.15,0.1
3221,3221,Piernigas,CL,Castilla - Leon,0.15,0.15,0.1,0.15,0.1
3222,3222,Pilas,AN,Andalucia,0.15,0.15,0.1,0.15,0.1
3223,3223,Piles,,Valencia,0.15,0.15,0.1,0.15,0.1
3224,3224,Piloña,AS,Asturias,0.15,0.15,0.1,0.15,0.1
3225,3225,Pinarejo,CM,Castilla - La Mancha,0.15,0.15,0.1,0.15,0.1
3226,3226,Pinarejos,CL,Castilla - Leon,0.15,0.15,0.1,0.15,0.1
3227,3227,Pinarnegrillo,CL,Castilla - Leon,0.15,0.15,0.1,0.15,0.1
3228,3228,Pinedas,CL,Castilla - Leon,0.15,0.15,0.1,0.15,0.1
3229,3229,Pinet,,Valencia,0.15,0.15,0.1,0.15,0.1
3230,3230,Pinillos,RI,La Rioja,0.15,0.15,0.1,0.15,0.1
3231,3231,Pinofranqueado,EX,Extremadura,0.15,0.15,0.1,0.15,0.1
3232,3232,Pinos Genil,AN,Andalucia,0.15,0.15,0.1,0.15,0.1
3233,3233,Pinos Puente,AN,Andalucia,0.15,0.15,0.1,0.15,0.1
3234,3234,Pinoso,,Valencia,0.15,0.15,0.1,0.15,0.1
3235,3235,Pinseque,AR,Aragon,0.15,0.15,0.1,0.15,0.1
3236,3236,Pinto,MD,Madrid,0.15,0.15,0.1,0.15,0.1
3237,3237,Piornal,EX,Extremadura,0.15,0.15,0.1,0.15,0.1
3238,3238,Pioz,CM,Castilla - La Mancha,0.15,0.15,0.1,0.15,0.1
3239,3239,Piqueras,CM,Castilla - La Mancha,0.15,0.15,0.1,0.15,0.1
3240,3240,Piquin,GA,Galicia,0.15,0.15,0.1,0.15,0.1
3241,3241,Piraces,AR,Aragon,0.15,0.15,0.1,0.15,0.1
3242,3242,Pitarque,AR,Aragon,0.15,0.15,0.1,0.15,0.1
3243,3243,Pitiegua,CL,Castilla - Leon,0.15,0.15,0.1,0.15,0.1
3244,3244,Pitillas,,Navarre,0.15,0.15,0.1,0.15,0.1
3245,3245,Pizarra,AN,Andalucia,0.15,0.15,0.1,0.15,0.1
3246,3246,Pizarral,CL,Castilla - Leon,0.15,0.15,0.1,0.15,0.1
3247,3247,Piñar,AN,Andalucia,0.15,0.15,0.1,0.15,0.1
3248,3248,Piñor,GA,Galicia,0.15,0.15,0.1,0.15,0.1
3249,3249,Plan,AR,Aragon,0.15,0.15,0.1,0.15,0.1
3250,3250,Planes,,Valencia,0.15,0.15,0.1,0.15,0.1
3251,3251,Planoles,,Catalonia,0.15,0.15,0.1,0.15,0.1
3252,3252,Plasencia,EX,Extremadura,0.15,0.15,0.1,0.15,0.1
3253,3253,Plasenzuela,EX,Extremadura,0.15,0.15,0.1,0.15,0.1
3254,3254,Playa Blanca,,Canary Islands,0.15,0.15,0.1,0.15,0.1
3255,3255,Pleitas,AR,Aragon,0.15,0.15,0.1,0.15,0.1
3256,3256,Plenas,AR,Aragon,0.15,0.15,0.1,0.15,0.1
3257,3257,Plentzia,,Basque Country,0.15,0.15,0.1,0.15,0.1
3258,3258,Pliego,MC,Murcia,0.15,0.15,0.1,0.15,0.1
3259,3259,Plou,AR,Aragon,0.15,0.15,0.1,0.15,0.1
3260,3260,Poblete,CM,Castilla - La Mancha,0.15,0.15,0.1,0.15,0.1
3261,3261,Poio,GA,Galicia,0.15,0.15,0.1,0.15,0.1
3262,3262,Pol,GA,Galicia,0.15,0.15,0.1,0.15,0.1
3263,3263,Polan,CM,Castilla - La Mancha,0.15,0.15,0.1,0.15,0.1
3264,3264,Polanco,CB,Cantabria,0.15,0.15,0.1,0.15,0.1
3265,3265,Polentinos,CL,Castilla - Leon,0.15,0.15,0.1,0.15,0.1
3266,3266,Poleñino,AR,Aragon,0.15,0.15,0.1,0.15,0.1
3267,3267,Policar,AN,Andalucia,0.15,0.15,0.1,0.15,0.1
3268,3268,Polinya,,Catalonia,0.15,0.15,0.1,0.15,0.1
3269,3269,Pollença,IB,Baleares,0.15,0.15,0.1,0.15,0.1
3270,3270,Pollos,CL,Castilla - Leon,0.15,0.15,0.1,0.15,0.1
3271,3271,Polop,,Valencia,0.15,0.15,0.1,0.15,0.1
3272,3272,Polopos,AN,Andalucia,0.15,0.15,0.1,0.15,0.1
3273,3273,Pomer,AR,Aragon,0.15,0.15,0.1,0.15,0.1
3274,3274,Ponferrada,CL,Castilla - Leon,0.15,0.15,0.1,0.15,0.1
3275,3275,Ponte Caldelas,GA,Galicia,0.15,0.15,0.1,0.15,0.1
3276,3276,Ponteareas,GA,Galicia,0.15,0.15,0.1,0.15,0.1
3277,3277,Pontevedra,GA,Galicia,0.15,0.15,0.1,0.15,0.1
3278,3278,Pontils,,Catalonia,0.15,0.15,0.1,0.15,0.1
3279,3279,Pontos,,Catalonia,0.15,0.15,0.1,0.15,0.1
3280,3280,Ponts,,Catalonia,0.15,0.15,0.1,0.15,0.1
3281,3281,Porcuna,AN,Andalucia,0.15,0.15,0.1,0.15,0.1
3282,3282,Porqueira,GA,Galicia,0.15,0.15,0.1,0.15,0.1
3283,3283,Porqueres,,Catalonia,0.15,0.15,0.1,0.15,0.1
3284,3284,Porrera,,Catalonia,0.15,0.15,0.1,0.15,0.1
3285,3285,Porreres,IB,Baleares,0.15,0.15,0.1,0.15,0.1
3286,3286,Porriño,GA,Galicia,0.15,0.15,0.1,0.15,0.1
3287,3287,Porta,,Catalonia,0.15,0.15,0.1,0.15,0.1
3288,3288,Portaje,EX,Extremadura,0.15,0.15,0.1,0.15,0.1
3289,3289,Portas,GA,Galicia,0.15,0.15,0.1,0.15,0.1
3290,3290,Portbou,,Catalonia,0.15,0.15,0.1,0.15,0.1
3291,3291,Portezuelo,EX,Extremadura,0.15,0.15,0.1,0.15,0.1
3292,3292,Portilla,CM,Castilla - La Mancha,0.15,0.15,0.1,0.15,0.1
3293,3293,Portillo,CL,Castilla - Leon,0.15,0.15,0.1,0.15,0.1
3294,3294,Porto,CL,Castilla - Leon,0.15,0.15,0.1,0.15,0.1
3295,3295,Portocolom,IB,Baleares,0.15,0.15,0.1,0.15,0.1
3296,3296,Portomarin,GA,Galicia,0.15,0.15,0.1,0.15,0.1
3297,3297,Portonovo,GA,Galicia,0.15,0.15,0.1,0.15,0.1
3298,3298,Portosin,GA,Galicia,0.15,0.15,0.1,0.15,0.1
3299,3299,Portugalete,,Basque Country,0.15,0.15,0.1,0.15,0.1
3300,3300,Portugos,AN,Andalucia,0.15,0.15,0.1,0.15,0.1
3301,3301,Porzuna,CM,Castilla - La Mancha,0.15,0.15,0.1,0.15,0.1
3302,3302,Posadas,AN,Andalucia,0.15,0.15,0.1,0.15,0.1
3303,3303,Potes,CB,Cantabria,0.15,0.15,0.1,0.15,0.1
3304,3304,Potries,,Valencia,0.15,0.15,0.1,0.15,0.1
3305,3305,Poveda,CL,Castilla - Leon,0.15,0.15,0.1,0.15,0.1
3306,3306,Povedilla,CM,Castilla - La Mancha,0.15,0.15,0.1,0.15,0.1
3307,3307,Pozalmuro,CL,Castilla - Leon,0.15,0.15,0.1,0.15,0.1
3308,3308,Pozanco,CL,Castilla - Leon,0.15,0.15,0.1,0.15,0.1
3309,3309,Pozo Alcon,AN,Andalucia,0.15,0.15,0.1,0.15,0.1
3310,3310,Pozoantiguo,CL,Castilla - Leon,0.15,0.15,0.1,0.15,0.1
3311,3311,Pozoblanco,AN,Andalucia,0.15,0.15,0.1,0.15,0.1
3312,3312,Pozohondo,CM,Castilla - La Mancha,0.15,0.15,0.1,0.15,0.1
3313,3313,Pozondon,AR,Aragon,0.15,0.15,0.1,0.15,0.1
3314,3314,Pozorrubio,CM,Castilla - La Mancha,0.15,0.15,0.1,0.15,0.1
3315,3315,Pozuelo,CM,Castilla - La Mancha,0.15,0.15,0.1,0.15,0.1
3316,3316,Pradales,CL,Castilla - Leon,0.15,0.15,0.1,0.15,0.1
3317,3317,Pradejon,RI,La Rioja,0.15,0.15,0.1,0.15,0.1
3318,3318,Pradena,CL,Castilla - Leon,0.15,0.15,0.1,0.15,0.1
3319,3319,Prades,,Catalonia,0.15,0.15,0.1,0.15,0.1
3320,3320,Pradillo,RI,La Rioja,0.15,0.15,0.1,0.15,0.1
3321,3321,Prado,CL,Castilla - Leon,0.15,0.15,0.1,0.15,0.1
3322,3322,Pradoluengo,CL,Castilla - Leon,0.15,0.15,0.1,0.15,0.1
3323,3323,Prados Redondos,CM,Castilla - La Mancha,0.15,0.15,0.1,0.15,0.1
3324,3324,Pradosegar,CL,Castilla - Leon,0.15,0.15,0.1,0.15,0.1
3325,3325,Pratdip,,Catalonia,0.15,0.15,0.1,0.15,0.1
3326,3326,Pravia,AS,Asturias,0.15,0.15,0.1,0.15,0.1
3327,3327,Preixens,,Catalonia,0.15,0.15,0.1,0.15,0.1
3328,3328,Prejano,RI,La Rioja,0.15,0.15,0.1,0.15,0.1
3329,3329,Presencio,CL,Castilla - Leon,0.15,0.15,0.1,0.15,0.1
3330,3330,Priego,CM,Castilla - La Mancha,0.15,0.15,0.1,0.15,0.1
3331,3331,Prioro,CL,Castilla - Leon,0.15,0.15,0.1,0.15,0.1
3332,3332,Proaza,AS,Asturias,0.15,0.15,0.1,0.15,0.1
3333,3333,Pruna,AN,Andalucia,0.15,0.15,0.1,0.15,0.1
3334,3334,Puente Nuevo,GA,Galicia,0.15,0.15,0.1,0.15,0.1
3335,3335,Puente Viesgo,CB,Cantabria,0.15,0.15,0.1,0.15,0.1
3336,3336,Puentedura,CL,Castilla - Leon,0.15,0.15,0.1,0.15,0.1
3337,3337,Puertas,CL,Castilla - Leon,0.15,0.15,0.1,0.15,0.1
3338,3338,Puerto Castilla,CL,Castilla - Leon,0.15,0.15,0.1,0.15,0.1
3339,3339,Puerto Lapice,CM,Castilla - La Mancha,0.15,0.15,0.1,0.15,0.1
3340,3340,Puerto Lumbreras,MC,Murcia,0.15,0.15,0.1,0.15,0.1
3341,3341,Puerto Real,AN,Andalucia,0.15,0.15,0.1,0.15,0.1
3342,3342,Puerto Rico,,Canary Islands,0.15,0.15,0.1,0.15,0.1
3343,3343,Puerto Seguro,CL,Castilla - Leon,0.15,0.15,0.1,0.15,0.1
3344,3344,Puerto Serrano,AN,Andalucia,0.15,0.15,0.1,0.15,0.1
3345,3345,Puertolas,AR,Aragon,0.15,0.15,0.1,0.15,0.1
3346,3346,Puertollano,CM,Castilla - La Mancha,0.15,0.15,0.1,0.15,0.1
3347,3347,Puertomingalvo,AR,Aragon,0.15,0.15,0.1,0.15,0.1
3348,3348,Pueyo,,Navarre,0.15,0.15,0.1,0.15,0.1
3349,3349,Puig,,Valencia,0.15,0.15,0.1,0.15,0.1
3350,3350,Puigcerda,,Catalonia,0.15,0.15,0.1,0.15,0.1
3351,3351,Puigpelat,,Catalonia,0.15,0.15,0.1,0.15,0.1
3352,3352,Puigpunyent,IB,Baleares,0.15,0.15,0.1,0.15,0.1
3353,3353,Pujalt,,Catalonia,0.15,0.15,0.1,0.15,0.1
3354,3354,Pujerra,AN,Andalucia,0.15,0.15,0.1,0.15,0.1
3355,3355,Pulgar,CM,Castilla - La Mancha,0.15,0.15,0.1,0.15,0.1
3356,3356,Pulianas,AN,Andalucia,0.15,0.15,0.1,0.15,0.1
3357,3357,Pulpi,AN,Andalucia,0.15,0.15,0.1,0.15,0.1
3358,3358,Punta Umbria,AN,Andalucia,0.15,0.15,0.1,0.15,0.1
3359,3359,Puntagorda,,Canary Islands,0.15,0.15,0.1,0.15,0.1
3360,3360,Puntallana,,Canary Islands,0.15,0.15,0.1,0.15,0.1
3361,3361,Punxin,GA,Galicia,0.15,0.15,0.1,0.15,0.1
3362,3362,Puras,CL,Castilla - Leon,0.15,0.15,0.1,0.15,0.1
3363,3363,Purchena,AN,Andalucia,0.15,0.15,0.1,0.15,0.1
3364,3364,Purujosa,AR,Aragon,0.15,0.15,0.1,0.15,0.1
3365,3365,Purullena,AN,Andalucia,0.15,0.15,0.1,0.15,0.1
3366,3366,Puçol,,Valencia,0.15,0.15,0.1,0.15,0.1
3367,3367,Quartell,,Valencia,0.15,0.15,0.1,0.15,0.1
3368,3368,Quatretonda,,Valencia,0.15,0.15,0.1,0.15,0.1
3369,3369,Quel,RI,La Rioja,0.15,0.15,0.1,0.15,0.1
3370,3370,Quemada,CL,Castilla - Leon,0.15,0.15,0.1,0.15,0.1
3371,3371,Quentar,AN,Andalucia,0.15,0.15,0.1,0.15,0.1
3372,3372,Quer,CM,Castilla - La Mancha,0.15,0.15,0.1,0.15,0.1
3373,3373,Quero,CM,Castilla - La Mancha,0.15,0.15,0.1,0.15,0.1
3374,3374,Querol,,Catalonia,0.15,0.15,0.1,0.15,0.1
3375,3375,Quesa,,Valencia,0.15,0.15,0.1,0.15,0.1
3376,3376,Quesada,AN,Andalucia,0.15,0.15,0.1,0.15,0.1
3377,3377,Quicena,AR,Aragon,0.15,0.15,0.1,0.15,0.1
3378,3378,Quijorna,MD,Madrid,0.15,0.15,0.1,0.15,0.1
3379,3379,Quintana Redonda,CL,Castilla - Leon,0.15,0.15,0.1,0.15,0.1
3380,3380,Quintanabureba,CL,Castilla - Leon,0.15,0.15,0.1,0.15,0.1
3381,3381,Quintanaelez,CL,Castilla - Leon,0.15,0.15,0.1,0.15,0.1
3382,3382,Quintanaortuño,CL,Castilla - Leon,0.15,0.15,0.1,0.15,0.1
3383,3383,Quintanapalla,CL,Castilla - Leon,0.15,0.15,0.1,0.15,0.1
3384,3384,Quintanavides,CL,Castilla - Leon,0.15,0.15,0.1,0.15,0.1
3385,3385,Quinto,AR,Aragon,0.15,0.15,0.1,0.15,0.1
3386,3386,Quiroga,GA,Galicia,0.15,0.15,0.1,0.15,0.1
3387,3387,Quismondo,CM,Castilla - La Mancha,0.15,0.15,0.1,0.15,0.1
3388,3388,Rabade,GA,Galicia,0.15,0.15,0.1,0.15,0.1
3389,3389,Rabanales,CL,Castilla - Leon,0.15,0.15,0.1,0.15,0.1
3390,3390,Rabanera,RI,La Rioja,0.15,0.15,0.1,0.15,0.1
3391,3391,Rabano,CL,Castilla - Leon,0.15,0.15,0.1,0.15,0.1
3392,3392,Rabanos,CL,Castilla - Leon,0.15,0.15,0.1,0.15,0.1
3393,3393,Rabos,,Catalonia,0.15,0.15,0.1,0.15,0.1
3394,3394,Rafal,,Valencia,0.15,0.15,0.1,0.15,0.1
3395,3395,Rafales,AR,Aragon,0.15,0.15,0.1,0.15,0.1
3396,3396,Rafelcofer,,Valencia,0.15,0.15,0.1,0.15,0.1
3397,3397,Rafelguaraf,,Valencia,0.15,0.15,0.1,0.15,0.1
3398,3398,Ragama,CL,Castilla - Leon,0.15,0.15,0.1,0.15,0.1
3399,3399,Ragol,AN,Andalucia,0.15,0.15,0.1,0.15,0.1
3400,3400,Rajadell,,Catalonia,0.15,0.15,0.1,0.15,0.1
3401,3401,Ramiro,CL,Castilla - Leon,0.15,0.15,0.1,0.15,0.1
3402,3402,Ranon,AS,Asturias,0.15,0.15,0.1,0.15,0.1
3403,3403,Rapariegos,CL,Castilla - Leon,0.15,0.15,0.1,0.15,0.1
3404,3404,Rascafria,MD,Madrid,0.15,0.15,0.1,0.15,0.1
3405,3405,Rasines,CB,Cantabria,0.15,0.15,0.1,0.15,0.1
3406,3406,Rasquera,,Catalonia,0.15,0.15,0.1,0.15,0.1
3407,3407,Rasueros,CL,Castilla - Leon,0.15,0.15,0.1,0.15,0.1
3408,3408,Rayaces,CL,Castilla - Leon,0.15,0.15,0.1,0.15,0.1
3409,3409,Realejo Alto,,Canary Islands,0.15,0.15,0.1,0.15,0.1
3410,3410,Rebollo,CL,Castilla - Leon,0.15,0.15,0.1,0.15,0.1
3411,3411,Recas,CM,Castilla - La Mancha,0.15,0.15,0.1,0.15,0.1
3412,3412,Recuerda,CL,Castilla - Leon,0.15,0.15,0.1,0.15,0.1
3413,3413,Redondela,GA,Galicia,0.15,0.15,0.1,0.15,0.1
3414,3414,Redovan,,Valencia,0.15,0.15,0.1,0.15,0.1
3415,3415,Redueña,MD,Madrid,0.15,0.15,0.1,0.15,0.1
3416,3416,Regencos,,Catalonia,0.15,0.15,0.1,0.15,0.1
3417,3417,Reillo,CM,Castilla - La Mancha,0.15,0.15,0.1,0.15,0.1
3418,3418,Reina,EX,Extremadura,0.15,0.15,0.1,0.15,0.1
3419,3419,Reinosa,CB,Cantabria,0.15,0.15,0.1,0.15,0.1
3420,3420,Reinoso,CL,Castilla - Leon,0.15,0.15,0.1,0.15,0.1
3421,3421,Relleu,,Valencia,0.15,0.15,0.1,0.15,0.1
3422,3422,Rello,CL,Castilla - Leon,0.15,0.15,0.1,0.15,0.1
3423,3423,Remolinos,AR,Aragon,0.15,0.15,0.1,0.15,0.1
3424,3424,Remondo,CL,Castilla - Leon,0.15,0.15,0.1,0.15,0.1
3425,3425,Rena,EX,Extremadura,0.15,0.15,0.1,0.15,0.1
3426,3426,Renau,,Catalonia,0.15,0.15,0.1,0.15,0.1
3427,3427,Renera,CM,Castilla - La Mancha,0.15,0.15,0.1,0.15,0.1
3428,3428,Renieblas,CL,Castilla - Leon,0.15,0.15,0.1,0.15,0.1
3429,3429,Reocin,CB,Cantabria,0.15,0.15,0.1,0.15,0.1
3430,3430,Requejo,CL,Castilla - Leon,0.15,0.15,0.1,0.15,0.1
3431,3431,Requena,,Valencia,0.15,0.15,0.1,0.15,0.1
3432,3432,Retamar,AN,Andalucia,0.15,0.15,0.1,0.15,0.1
3433,3433,Retascon,AR,Aragon,0.15,0.15,0.1,0.15,0.1
3434,3434,Retiendas,CM,Castilla - La Mancha,0.15,0.15,0.1,0.15,0.1
3435,3435,Retiro,MD,Madrid,0.15,0.15,0.1,0.15,0.1
3436,3436,Retortillo,CL,Castilla - Leon,0.15,0.15,0.1,0.15,0.1
3437,3437,Retuerta,CL,Castilla - Leon,0.15,0.15,0.1,0.15,0.1
3438,3438,Reus,,Catalonia,0.15,0.15,0.1,0.15,0.1
3439,3439,Revellinos,CL,Castilla - Leon,0.15,0.15,0.1,0.15,0.1
3440,3440,Revillarruz,CL,Castilla - Leon,0.15,0.15,0.1,0.15,0.1
3441,3441,Reyero,CL,Castilla - Leon,0.15,0.15,0.1,0.15,0.1
3442,3442,Rezmondo,CL,Castilla - Leon,0.15,0.15,0.1,0.15,0.1
3443,3443,Reznos,CL,Castilla - Leon,0.15,0.15,0.1,0.15,0.1
3444,3444,Rianxo,GA,Galicia,0.15,0.15,0.1,0.15,0.1
3445,3445,Riaza,CL,Castilla - Leon,0.15,0.15,0.1,0.15,0.1
3446,3446,Riaño,CL,Castilla - Leon,0.15,0.15,0.1,0.15,0.1
3447,3447,Ribadavia,GA,Galicia,0.15,0.15,0.1,0.15,0.1
3448,3448,Ribadeo,GA,Galicia,0.15,0.15,0.1,0.15,0.1
3449,3449,Ribadesella,AS,Asturias,0.15,0.15,0.1,0.15,0.1
3450,3450,Ribadumia,GA,Galicia,0.15,0.15,0.1,0.15,0.1
3451,3451,Ribaforada,,Navarre,0.15,0.15,0.1,0.15,0.1
3452,3452,Ribafrecha,RI,La Rioja,0.15,0.15,0.1,0.15,0.1
3453,3453,Ribatejada,MD,Madrid,0.15,0.15,0.1,0.15,0.1
3454,3454,Ribeira,GA,Galicia,0.15,0.15,0.1,0.15,0.1
3455,3455,Ribesalbes,,Valencia,0.15,0.15,0.1,0.15,0.1
3456,3456,Ribota,CL,Castilla - Leon,0.15,0.15,0.1,0.15,0.1
3457,3457,Ricla,AR,Aragon,0.15,0.15,0.1,0.15,0.1
3458,3458,Ricote,MC,Murcia,0.15,0.15,0.1,0.15,0.1
3459,3459,Rielves,CM,Castilla - La Mancha,0.15,0.15,0.1,0.15,0.1
3460,3460,Rillo,AR,Aragon,0.15,0.15,0.1,0.15,0.1
3461,3461,Riodeva,AR,Aragon,0.15,0.15,0.1,0.15,0.1
3462,3462,Riogordo,AN,Andalucia,0.15,0.15,0.1,0.15,0.1
3463,3463,Rioja,AN,Andalucia,0.15,0.15,0.1,0.15,0.1
3464,3464,Riola,,Valencia,0.15,0.15,0.1,0.15,0.1
3465,3465,Riolobos,EX,Extremadura,0.15,0.15,0.1,0.15,0.1
3466,3466,Riopar,CM,Castilla - La Mancha,0.15,0.15,0.1,0.15,0.1
3467,3467,Rios,GA,Galicia,0.15,0.15,0.1,0.15,0.1
3468,3468,Riotorto,GA,Galicia,0.15,0.15,0.1,0.15,0.1
3469,3469,Ripoll,,Catalonia,0.15,0.15,0.1,0.15,0.1
3470,3470,Ripollet,,Catalonia,0.15,0.15,0.1,0.15,0.1
3471,3471,Riudarenes,,Catalonia,0.15,0.15,0.1,0.15,0.1
3472,3472,Riudecanyes,,Catalonia,0.15,0.15,0.1,0.15,0.1
3473,3473,Riudoms,,Catalonia,0.15,0.15,0.1,0.15,0.1
3474,3474,Riumors,,Catalonia,0.15,0.15,0.1,0.15,0.1
3475,3475,Rivas-Vaciamadrid,MD,Madrid,0.15,0.15,0.1,0.15,0.1
3476,3476,Roa,CL,Castilla - Leon,0.15,0.15,0.1,0.15,0.1
3477,3477,Roales,CL,Castilla - Leon,0.15,0.15,0.1,0.15,0.1
3478,3478,Robladillo,CL,Castilla - Leon,0.15,0.15,0.1,0.15,0.1
3479,3479,Robleda,CL,Castilla - Leon,0.15,0.15,0.1,0.15,0.1
3480,3480,Robledo,CM,Castilla - La Mancha,0.15,0.15,0.1,0.15,0.1
3481,3481,Robledollano,EX,Extremadura,0.15,0.15,0.1,0.15,0.1
3482,3482,Robregordo,MD,Madrid,0.15,0.15,0.1,0.15,0.1
3483,3483,Robres,AR,Aragon,0.15,0.15,0.1,0.15,0.1
3484,3484,Rocafort,,Valencia,0.15,0.15,0.1,0.15,0.1
3485,3485,Rodeiro,GA,Galicia,0.15,0.15,0.1,0.15,0.1
3486,3486,Rodenas,AR,Aragon,0.15,0.15,0.1,0.15,0.1
3487,3487,Rodezno,RI,La Rioja,0.15,0.15,0.1,0.15,0.1
3488,3488,Rois,GA,Galicia,0.15,0.15,0.1,0.15,0.1
3489,3489,Rojales,,Valencia,0.15,0.15,0.1,0.15,0.1
3490,3490,Rojas,CL,Castilla - Leon,0.15,0.15,0.1,0.15,0.1
3491,3491,Rollamienta,CL,Castilla - Leon,0.15,0.15,0.1,0.15,0.1
3492,3492,Rollan,CL,Castilla - Leon,0.15,0.15,0.1,0.15,0.1
3493,3493,Romangordo,EX,Extremadura,0.15,0.15,0.1,0.15,0.1
3494,3494,Romanones,CM,Castilla - La Mancha,0.15,0.15,0.1,0.15,0.1
3495,3495,Romanos,AR,Aragon,0.15,0.15,0.1,0.15,0.1
3496,3496,Romeral,CM,Castilla - La Mancha,0.15,0.15,0.1,0.15,0.1
3497,3497,Ronda,AN,Andalucia,0.15,0.15,0.1,0.15,0.1
3498,3498,Rosalejo,EX,Extremadura,0.15,0.15,0.1,0.15,0.1
3499,3499,Rosell,,Valencia,0.15,0.15,0.1,0.15,0.1
3500,3500,Roses,,Catalonia,0.15,0.15,0.1,0.15,0.1
3501,3501,Rota,AN,Andalucia,0.15,0.15,0.1,0.15,0.1
3502,3502,Rotova,,Valencia,0.15,0.15,0.1,0.15,0.1
3503,3503,Roturas,CL,Castilla - Leon,0.15,0.15,0.1,0.15,0.1
3504,3504,Royuela,AR,Aragon,0.15,0.15,0.1,0.15,0.1
3505,3505,Ruanes,EX,Extremadura,0.15,0.15,0.1,0.15,0.1
3506,3506,Rubena,CL,Castilla - Leon,0.15,0.15,0.1,0.15,0.1
3507,3507,Rubi,,Catalonia,0.15,0.15,0.1,0.15,0.1
3508,3508,Rubiales,AR,Aragon,0.15,0.15,0.1,0.15,0.1
3509,3509,Rubite,AN,Andalucia,0.15,0.15,0.1,0.15,0.1
3510,3510,Rucandio,CL,Castilla - Leon,0.15,0.15,0.1,0.15,0.1
3511,3511,Rueda,CL,Castilla - Leon,0.15,0.15,0.1,0.15,0.1
3512,3512,Ruente,CB,Cantabria,0.15,0.15,0.1,0.15,0.1
3513,3513,Ruesca,AR,Aragon,0.15,0.15,0.1,0.15,0.1
3514,3514,Ruesga,CL,Castilla - Leon,0.15,0.15,0.1,0.15,0.1
3515,3515,Rugat,,Valencia,0.15,0.15,0.1,0.15,0.1
3516,3516,Ruidera,CM,Castilla - La Mancha,0.15,0.15,0.1,0.15,0.1
3517,3517,Rupia,,Catalonia,0.15,0.15,0.1,0.15,0.1
3518,3518,Rus,AN,Andalucia,0.15,0.15,0.1,0.15,0.1
3519,3519,Rute,AN,Andalucia,0.15,0.15,0.1,0.15,0.1
3520,3520,S'Agaro,,Catalonia,0.15,0.15,0.1,0.15,0.1
3521,3521,Sabadell,,Catalonia,0.15,0.15,0.1,0.15,0.1
3522,3522,Sabero,CL,Castilla - Leon,0.15,0.15,0.1,0.15,0.1
3523,3523,Sabiote,AN,Andalucia,0.15,0.15,0.1,0.15,0.1
3524,3524,Sacañet,,Valencia,0.15,0.15,0.1,0.15,0.1
3525,3525,Sacecorbo,CM,Castilla - La Mancha,0.15,0.15,0.1,0.15,0.1
3526,3526,Sacedon,CM,Castilla - La Mancha,0.15,0.15,0.1,0.15,0.1
3527,3527,Saceruela,CM,Castilla - La Mancha,0.15,0.15,0.1,0.15,0.1
3528,3528,Sacramenia,CL,Castilla - Leon,0.15,0.15,0.1,0.15,0.1
3529,3529,Sada,GA,Galicia,0.15,0.15,0.1,0.15,0.1
3530,3530,Sadaba,AR,Aragon,0.15,0.15,0.1,0.15,0.1
3531,3531,Saelices,CM,Castilla - La Mancha,0.15,0.15,0.1,0.15,0.1
3532,3532,Sagas,,Catalonia,0.15,0.15,0.1,0.15,0.1
3533,3533,Sagra,,Valencia,0.15,0.15,0.1,0.15,0.1
3534,3534,Sagunto,,Valencia,0.15,0.15,0.1,0.15,0.1
3535,3535,Sahagun,CL,Castilla - Leon,0.15,0.15,0.1,0.15,0.1
3536,3536,Sahun,AR,Aragon,0.15,0.15,0.1,0.15,0.1
3537,3537,Sajazarra,RI,La Rioja,0.15,0.15,0.1,0.15,0.1
3538,3538,Salamanca,CL,Castilla - Leon,0.15,0.15,0.1,0.15,0.1
3539,3539,Salamanca,MD,Madrid,0.15,0.15,0.1,0.15,0.1
3540,3540,Salar,AN,Andalucia,0.15,0.15,0.1,0.15,0.1
3541,3541,Salares,AN,Andalucia,0.15,0.15,0.1,0.15,0.1
3542,3542,Salas,AS,Asturias,0.15,0.15,0.1,0.15,0.1
3543,3543,Salas Altas,AR,Aragon,0.15,0.15,0.1,0.15,0.1
3544,3544,Salas Bajas,AR,Aragon,0.15,0.15,0.1,0.15,0.1
3545,3545,Salce,CL,Castilla - Leon,0.15,0.15,0.1,0.15,0.1
3546,3546,Salcedillo,AR,Aragon,0.15,0.15,0.1,0.15,0.1
3547,3547,Saldaña,CL,Castilla - Leon,0.15,0.15,0.1,0.15,0.1
3548,3548,Saldeana,CL,Castilla - Leon,0.15,0.15,0.1,0.15,0.1
3549,3549,Saldes,,Catalonia,0.15,0.15,0.1,0.15,0.1
3550,3550,Saldias,,Navarre,0.15,0.15,0.1,0.15,0.1
3551,3551,Saldon,AR,Aragon,0.15,0.15,0.1,0.15,0.1
3552,3552,Salduero,CL,Castilla - Leon,0.15,0.15,0.1,0.15,0.1
3553,3553,Salillas,AR,Aragon,0.15,0.15,0.1,0.15,0.1
3554,3554,Salinas,,Valencia,0.15,0.15,0.1,0.15,0.1
3555,3555,Sallent,,Catalonia,0.15,0.15,0.1,0.15,0.1
3556,3556,Salmeron,CM,Castilla - La Mancha,0.15,0.15,0.1,0.15,0.1
3557,3557,Salmoral,CL,Castilla - Leon,0.15,0.15,0.1,0.15,0.1
3558,3558,Salobral,CL,Castilla - Leon,0.15,0.15,0.1,0.15,0.1
3559,3559,Salobre,CM,Castilla - La Mancha,0.15,0.15,0.1,0.15,0.1
3560,3560,Salobreña,AN,Andalucia,0.15,0.15,0.1,0.15,0.1
3561,3561,Salomo,,Catalonia,0.15,0.15,0.1,0.15,0.1
3562,3562,Salorino,EX,Extremadura,0.15,0.15,0.1,0.15,0.1
3563,3563,Salou,,Catalonia,0.15,0.15,0.1,0.15,0.1
3564,3564,Salt,,Catalonia,0.15,0.15,0.1,0.15,0.1
3565,3565,Salteras,AN,Andalucia,0.15,0.15,0.1,0.15,0.1
3566,3566,Salvacañete,CM,Castilla - La Mancha,0.15,0.15,0.1,0.15,0.1
3567,3567,Salvadios,CL,Castilla - Leon,0.15,0.15,0.1,0.15,0.1
3568,3568,Salvaleon,EX,Extremadura,0.15,0.15,0.1,0.15,0.1
3569,3569,Sama,AS,Asturias,0.15,0.15,0.1,0.15,0.1
3570,3570,Samaniego,,Basque Country,0.15,0.15,0.1,0.15,0.1
3571,3571,Samboal,CL,Castilla - Leon,0.15,0.15,0.1,0.15,0.1
3572,3572,Samos,GA,Galicia,0.15,0.15,0.1,0.15,0.1
3573,3573,San Adrian,,Navarre,0.15,0.15,0.1,0.15,0.1
3574,3574,San Agustin,AR,Aragon,0.15,0.15,0.1,0.15,0.1
3575,3575,San Amaro,GA,Galicia,0.15,0.15,0.1,0.15,0.1
3576,3576,San Antolin,AS,Asturias,0.15,0.15,0.1,0.15,0.1
3577,3577,San Asensio,RI,La Rioja,0.15,0.15,0.1,0.15,0.1
3578,3578,San Bartolome,,Canary Islands,0.15,0.15,0.1,0.15,0.1
3579,3579,San Claudio,AS,Asturias,0.15,0.15,0.1,0.15,0.1
3580,3580,San Clemente,CM,Castilla - La Mancha,0.15,0.15,0.1,0.15,0.1
3581,3581,San Emiliano,CL,Castilla - Leon,0.15,0.15,0.1,0.15,0.1
3582,3582,San Felices,CL,Castilla - Leon,0.15,0.15,0.1,0.15,0.1
3583,3583,San Fernando,AN,Andalucia,0.15,0.15,0.1,0.15,0.1
3584,3584,San Ildefonso,CL,Castilla - Leon,0.15,0.15,0.1,0.15,0.1
3585,3585,San Isidro,,Valencia,0.15,0.15,0.1,0.15,0.1
3586,3586,San Isidro,,Canary Islands,0.15,0.15,0.1,0.15,0.1
3587,3587,San Javier,MC,Murcia,0.15,0.15,0.1,0.15,0.1
3588,3588,San Jose,AN,Andalucia,0.15,0.15,0.1,0.15,0.1
3589,3589,San Justo,CL,Castilla - Leon,0.15,0.15,0.1,0.15,0.1
3590,3590,San Llorente,CL,Castilla - Leon,0.15,0.15,0.1,0.15,0.1
3591,3591,San Miguel De Abona,,Canary Islands,0.15,0.15,0.1,0.15,0.1
3592,3592,San Morales,CL,Castilla - Leon,0.15,0.15,0.1,0.15,0.1
3593,3593,San Muñoz,CL,Castilla - Leon,0.15,0.15,0.1,0.15,0.1
3594,3594,San Nicolas,,Canary Islands,0.15,0.15,0.1,0.15,0.1
3595,3595,San Pascual,CL,Castilla - Leon,0.15,0.15,0.1,0.15,0.1
3596,3596,San Pedro,CM,Castilla - La Mancha,0.15,0.15,0.1,0.15,0.1
3597,3597,San Pedro Bercianos,CL,Castilla - Leon,0.15,0.15,0.1,0.15,0.1
3598,3598,San Pedro Manrique,CL,Castilla - Leon,0.15,0.15,0.1,0.15,0.1
3599,3599,San Pedro Palmiches,CM,Castilla - La Mancha,0.15,0.15,0.1,0.15,0.1
3600,3600,San Pelayo,CL,Castilla - Leon,0.15,0.15,0.1,0.15,0.1
3601,3601,San Roman,GA,Galicia,0.15,0.15,0.1,0.15,0.1
3602,3602,San Roque,GA,Galicia,0.15,0.15,0.1,0.15,0.1
3603,3603,San Roque,AN,Andalucia,0.15,0.15,0.1,0.15,0.1
3604,3604,San Sadurniño,GA,Galicia,0.15,0.15,0.1,0.15,0.1
3605,3605,San Salvador,CL,Castilla - Leon,0.15,0.15,0.1,0.15,0.1
3606,3606,San Torcuato,RI,La Rioja,0.15,0.15,0.1,0.15,0.1
3607,3607,San Vitero,CL,Castilla - Leon,0.15,0.15,0.1,0.15,0.1
3608,3608,Sancedo,CL,Castilla - Leon,0.15,0.15,0.1,0.15,0.1
3609,3609,Sanchidrian,CL,Castilla - Leon,0.15,0.15,0.1,0.15,0.1
3610,3610,Sanchonuño,CL,Castilla - Leon,0.15,0.15,0.1,0.15,0.1
3611,3611,Sanchorreja,CL,Castilla - Leon,0.15,0.15,0.1,0.15,0.1
3612,3612,Sanchotello,CL,Castilla - Leon,0.15,0.15,0.1,0.15,0.1
3613,3613,Sancti Spiritus,CL,Castilla - Leon,0.15,0.15,0.1,0.15,0.1
3614,3614,Sando,CL,Castilla - Leon,0.15,0.15,0.1,0.15,0.1
3615,3615,Sangarcia,CL,Castilla - Leon,0.15,0.15,0.1,0.15,0.1
3616,3616,Sangarren,AR,Aragon,0.15,0.15,0.1,0.15,0.1
3617,3617,Sangüesa/Zangoza,,Navarre,0.15,0.15,0.1,0.15,0.1
3618,3618,Sansol,,Navarre,0.15,0.15,0.1,0.15,0.1
3619,3619,Sant Andreu,,Catalonia,0.15,0.15,0.1,0.15,0.1
3620,3620,Sant Andreu Salou,,Catalonia,0.15,0.15,0.1,0.15,0.1
3621,3621,Sant Antoni,,Catalonia,0.15,0.15,0.1,0.15,0.1
3622,3622,Sant Celoni,,Catalonia,0.15,0.15,0.1,0.15,0.1
3623,3623,Sant Feliu Sasserra,,Catalonia,0.15,0.15,0.1,0.15,0.1
3624,3624,Sant Ferriol,,Catalonia,0.15,0.15,0.1,0.15,0.1
3625,3625,Sant Gregori,,Catalonia,0.15,0.15,0.1,0.15,0.1
3626,3626,Sant Hilari Sacalm,,Catalonia,0.15,0.15,0.1,0.15,0.1
3627,3627,Sant Joan,IB,Baleares,0.15,0.15,0.1,0.15,0.1
3628,3628,Sant Joan Despi,,Catalonia,0.15,0.15,0.1,0.15,0.1
3629,3629,Sant Jordi,,Valencia,0.15,0.15,0.1,0.15,0.1
3630,3630,Sant Jordi Desvalls,,Catalonia,0.15,0.15,0.1,0.15,0.1
3631,3631,Sant Just Desvern,,Catalonia,0.15,0.15,0.1,0.15,0.1
3632,3632,Sant Lluis,IB,Baleares,0.15,0.15,0.1,0.15,0.1
3633,3633,Sant Marti,,Catalonia,0.15,0.15,0.1,0.15,0.1
3634,3634,Sant Marti Sarroca,,Catalonia,0.15,0.15,0.1,0.15,0.1
3635,3635,Sant Marti Vell,,Catalonia,0.15,0.15,0.1,0.15,0.1
3636,3636,Sant Mori,,Catalonia,0.15,0.15,0.1,0.15,0.1
3637,3637,Sant Pere Molanta,,Catalonia,0.15,0.15,0.1,0.15,0.1
3638,3638,Sant Pere Pescador,,Catalonia,0.15,0.15,0.1,0.15,0.1
3639,3639,Sant Quirze Safaja,,Catalonia,0.15,0.15,0.1,0.15,0.1
3640,3640,Santa Amalia,EX,Extremadura,0.15,0.15,0.1,0.15,0.1
3641,3641,Santa Ana,EX,Extremadura,0.15,0.15,0.1,0.15,0.1
3642,3642,Santa Barbara,,Catalonia,0.15,0.15,0.1,0.15,0.1
3643,3643,Santa Brigida,,Canary Islands,0.15,0.15,0.1,0.15,0.1
3644,3644,Santa Cecilia,CL,Castilla - Leon,0.15,0.15,0.1,0.15,0.1
3645,3645,Santa Coloma,RI,La Rioja,0.15,0.15,0.1,0.15,0.1
3646,3646,Santa Comba,GA,Galicia,0.15,0.15,0.1,0.15,0.1
3647,3647,Santa Cruz,MC,Murcia,0.15,0.15,0.1,0.15,0.1
3648,3648,Santa Elena,AN,Andalucia,0.15,0.15,0.1,0.15,0.1
3649,3649,Santa Eufemia,AN,Andalucia,0.15,0.15,0.1,0.15,0.1
3650,3650,Santa Eugenia,IB,Baleares,0.15,0.15,0.1,0.15,0.1
3651,3651,Santa Eulalia,AS,Asturias,0.15,0.15,0.1,0.15,0.1
3652,3652,Santa Eulalia,AR,Aragon,0.15,0.15,0.1,0.15,0.1
3653,3653,Santa Eulalia Bajera,RI,La Rioja,0.15,0.15,0.1,0.15,0.1
3654,3654,Santa Ines,CL,Castilla - Leon,0.15,0.15,0.1,0.15,0.1
3655,3655,Santa Lucia,,Canary Islands,0.15,0.15,0.1,0.15,0.1
3656,3656,Santa Margalida,IB,Baleares,0.15,0.15,0.1,0.15,0.1
3657,3657,Santa Marta,EX,Extremadura,0.15,0.15,0.1,0.15,0.1
3658,3658,Santa Olalla,CM,Castilla - La Mancha,0.15,0.15,0.1,0.15,0.1
3659,3659,Santa Oliva,,Catalonia,0.15,0.15,0.1,0.15,0.1
3660,3660,Santa Pau,,Catalonia,0.15,0.15,0.1,0.15,0.1
3661,3661,Santa Pola,,Valencia,0.15,0.15,0.1,0.15,0.1
3662,3662,Santa Susanna,,Catalonia,0.15,0.15,0.1,0.15,0.1
3663,3663,Santa Ursula,,Canary Islands,0.15,0.15,0.1,0.15,0.1
3664,3664,Santacara,,Navarre,0.15,0.15,0.1,0.15,0.1
3665,3665,Santaella,AN,Andalucia,0.15,0.15,0.1,0.15,0.1
3666,3666,Santafe,AN,Andalucia,0.15,0.15,0.1,0.15,0.1
3667,3667,Santander,CB,Cantabria,0.15,0.15,0.1,0.15,0.1
3668,3668,Santanyi,IB,Baleares,0.15,0.15,0.1,0.15,0.1
3669,3669,Santas Martas,CL,Castilla - Leon,0.15,0.15,0.1,0.15,0.1
3670,3670,Santed,AR,Aragon,0.15,0.15,0.1,0.15,0.1
3671,3671,Santillana,CB,Cantabria,0.15,0.15,0.1,0.15,0.1
3672,3672,Santiponce,AN,Andalucia,0.15,0.15,0.1,0.15,0.1
3673,3673,Santiso,GA,Galicia,0.15,0.15,0.1,0.15,0.1
3674,3674,Santiuste,CM,Castilla - La Mancha,0.15,0.15,0.1,0.15,0.1
3675,3675,Santiz,CL,Castilla - Leon,0.15,0.15,0.1,0.15,0.1
3676,3676,Santo Tome,AN,Andalucia,0.15,0.15,0.1,0.15,0.1
3677,3677,Santomera,MC,Murcia,0.15,0.15,0.1,0.15,0.1
3678,3678,Santorcaz,MD,Madrid,0.15,0.15,0.1,0.15,0.1
3679,3679,Santovenia,CL,Castilla - Leon,0.15,0.15,0.1,0.15,0.1
3680,3680,Santoyo,CL,Castilla - Leon,0.15,0.15,0.1,0.15,0.1
3681,3681,Santoña,CB,Cantabria,0.15,0.15,0.1,0.15,0.1
3682,3682,Santpedor,,Catalonia,0.15,0.15,0.1,0.15,0.1
3683,3683,Sants,,Catalonia,0.15,0.15,0.1,0.15,0.1
3684,3684,Santurdejo,RI,La Rioja,0.15,0.15,0.1,0.15,0.1
3685,3685,Santurtzi,,Basque Country,0.15,0.15,0.1,0.15,0.1
3686,3686,Sanxenxo,GA,Galicia,0.15,0.15,0.1,0.15,0.1
3687,3687,Sanzoles,CL,Castilla - Leon,0.15,0.15,0.1,0.15,0.1
3688,3688,Sariego,AS,Asturias,0.15,0.15,0.1,0.15,0.1
3689,3689,Sariegos,CL,Castilla - Leon,0.15,0.15,0.1,0.15,0.1
3690,3690,Sariñena,AR,Aragon,0.15,0.15,0.1,0.15,0.1
3691,3691,Saro,CB,Cantabria,0.15,0.15,0.1,0.15,0.1
3692,3692,Sarracin,CL,Castilla - Leon,0.15,0.15,0.1,0.15,0.1
3693,3693,Sarratella,,Valencia,0.15,0.15,0.1,0.15,0.1
3694,3694,Sarreaus,GA,Galicia,0.15,0.15,0.1,0.15,0.1
3695,3695,Sarria,,Catalonia,0.15,0.15,0.1,0.15,0.1
3696,3696,Sarria,GA,Galicia,0.15,0.15,0.1,0.15,0.1
3697,3697,Sarriguren,,Navarre,0.15,0.15,0.1,0.15,0.1
3698,3698,Sarrion,AR,Aragon,0.15,0.15,0.1,0.15,0.1
3699,3699,Sartaguda,,Navarre,0.15,0.15,0.1,0.15,0.1
3700,3700,Sartajada,CM,Castilla - La Mancha,0.15,0.15,0.1,0.15,0.1
3701,3701,Sasamon,CL,Castilla - Leon,0.15,0.15,0.1,0.15,0.1
3702,3702,Sastago,AR,Aragon,0.15,0.15,0.1,0.15,0.1
3703,3703,Sauca,CM,Castilla - La Mancha,0.15,0.15,0.1,0.15,0.1
3704,3704,Saucedilla,EX,Extremadura,0.15,0.15,0.1,0.15,0.1
3705,3705,Saucelle,CL,Castilla - Leon,0.15,0.15,0.1,0.15,0.1
3706,3706,Saus,,Catalonia,0.15,0.15,0.1,0.15,0.1
3707,3707,Sauzal,,Canary Islands,0.15,0.15,0.1,0.15,0.1
3708,3708,Sax,,Valencia,0.15,0.15,0.1,0.15,0.1
3709,3709,Sayalonga,AN,Andalucia,0.15,0.15,0.1,0.15,0.1
3710,3710,Sayaton,CM,Castilla - La Mancha,0.15,0.15,0.1,0.15,0.1
3711,3711,Sebulcor,CL,Castilla - Leon,0.15,0.15,0.1,0.15,0.1
3712,3712,Secastilla,AR,Aragon,0.15,0.15,0.1,0.15,0.1
3713,3713,Sedano,CL,Castilla - Leon,0.15,0.15,0.1,0.15,0.1
3714,3714,Sedavi,,Valencia,0.15,0.15,0.1,0.15,0.1
3715,3715,Sedella,AN,Andalucia,0.15,0.15,0.1,0.15,0.1
3716,3716,Sediles,AR,Aragon,0.15,0.15,0.1,0.15,0.1
3717,3717,Segart,,Valencia,0.15,0.15,0.1,0.15,0.1
3718,3718,Segorbe,,Valencia,0.15,0.15,0.1,0.15,0.1
3719,3719,Segovia,CL,Castilla - Leon,0.15,0.15,0.1,0.15,0.1
3720,3720,Segura,,Basque Country,0.15,0.15,0.1,0.15,0.1
3721,3721,Segurilla,CM,Castilla - La Mancha,0.15,0.15,0.1,0.15,0.1
3722,3722,Seira,AR,Aragon,0.15,0.15,0.1,0.15,0.1
3723,3723,Selas,CM,Castilla - La Mancha,0.15,0.15,0.1,0.15,0.1
3724,3724,Selaya,CB,Cantabria,0.15,0.15,0.1,0.15,0.1
3725,3725,Sella,,Valencia,0.15,0.15,0.1,0.15,0.1
3726,3726,Sellent,,Valencia,0.15,0.15,0.1,0.15,0.1
3727,3727,Selva,IB,Baleares,0.15,0.15,0.1,0.15,0.1
3728,3728,Semillas,CM,Castilla - La Mancha,0.15,0.15,0.1,0.15,0.1
3729,3729,Sempere,,Valencia,0.15,0.15,0.1,0.15,0.1
3730,3730,Sena,AR,Aragon,0.15,0.15,0.1,0.15,0.1
3731,3731,Senan,,Catalonia,0.15,0.15,0.1,0.15,0.1
3732,3732,Sencelles,IB,Baleares,0.15,0.15,0.1,0.15,0.1
3733,3733,Senija,,Valencia,0.15,0.15,0.1,0.15,0.1
3734,3734,Seno,AR,Aragon,0.15,0.15,0.1,0.15,0.1
3735,3735,Senterada,,Catalonia,0.15,0.15,0.1,0.15,0.1
3736,3736,Sentmenat,,Catalonia,0.15,0.15,0.1,0.15,0.1
3737,3737,Senyera,,Valencia,0.15,0.15,0.1,0.15,0.1
3738,3738,Sepulveda,CL,Castilla - Leon,0.15,0.15,0.1,0.15,0.1
3739,3739,Sequeros,CL,Castilla - Leon,0.15,0.15,0.1,0.15,0.1
3740,3740,Seron,AN,Andalucia,0.15,0.15,0.1,0.15,0.1
3741,3741,Seros,,Catalonia,0.15,0.15,0.1,0.15,0.1
3742,3742,Serra,,Valencia,0.15,0.15,0.1,0.15,0.1
3743,3743,Serrada,CL,Castilla - Leon,0.15,0.15,0.1,0.15,0.1
3744,3744,Serradilla,EX,Extremadura,0.15,0.15,0.1,0.15,0.1
3745,3745,Serranillos,CL,Castilla - Leon,0.15,0.15,0.1,0.15,0.1
3746,3746,Serrato,AN,Andalucia,0.15,0.15,0.1,0.15,0.1
3747,3747,Serrejon,EX,Extremadura,0.15,0.15,0.1,0.15,0.1
3748,3748,Ses Salines,IB,Baleares,0.15,0.15,0.1,0.15,0.1
3749,3749,Sesa,AR,Aragon,0.15,0.15,0.1,0.15,0.1
3750,3750,Seseña,CM,Castilla - La Mancha,0.15,0.15,0.1,0.15,0.1
3751,3751,Sesma,,Navarre,0.15,0.15,0.1,0.15,0.1
3752,3752,Sestao,,Basque Country,0.15,0.15,0.1,0.15,0.1
3753,3753,Sestrica,AR,Aragon,0.15,0.15,0.1,0.15,0.1
3754,3754,Sesue,AR,Aragon,0.15,0.15,0.1,0.15,0.1
3755,3755,Setiles,CM,Castilla - La Mancha,0.15,0.15,0.1,0.15,0.1
3756,3756,Seva,,Catalonia,0.15,0.15,0.1,0.15,0.1
3757,3757,Sevilla,AN,Andalucia,0.15,0.15,0.1,0.15,0.1
3758,3758,Sevilla La Nueva,MD,Madrid,0.15,0.15,0.1,0.15,0.1
3759,3759,Sidamon,,Catalonia,0.15,0.15,0.1,0.15,0.1
3760,3760,Sienes,CM,Castilla - La Mancha,0.15,0.15,0.1,0.15,0.1
3761,3761,Sierro,AN,Andalucia,0.15,0.15,0.1,0.15,0.1
3762,3762,Sietamo,AR,Aragon,0.15,0.15,0.1,0.15,0.1
3763,3763,Siete Aguas,,Valencia,0.15,0.15,0.1,0.15,0.1
3764,3764,Sigeres,CL,Castilla - Leon,0.15,0.15,0.1,0.15,0.1
3765,3765,Sigues,AR,Aragon,0.15,0.15,0.1,0.15,0.1
3766,3766,Sigüenza,CM,Castilla - La Mancha,0.15,0.15,0.1,0.15,0.1
3767,3767,Siles,AN,Andalucia,0.15,0.15,0.1,0.15,0.1
3768,3768,Silla,,Valencia,0.15,0.15,0.1,0.15,0.1
3769,3769,Silleda,GA,Galicia,0.15,0.15,0.1,0.15,0.1
3770,3770,Sils,,Catalonia,0.15,0.15,0.1,0.15,0.1
3771,3771,Simancas,CL,Castilla - Leon,0.15,0.15,0.1,0.15,0.1
3772,3772,Sinarcas,,Valencia,0.15,0.15,0.1,0.15,0.1
3773,3773,Sineu,IB,Baleares,0.15,0.15,0.1,0.15,0.1
3774,3774,Singra,AR,Aragon,0.15,0.15,0.1,0.15,0.1
3775,3775,Sinlabajos,CL,Castilla - Leon,0.15,0.15,0.1,0.15,0.1
3776,3776,Siruela,EX,Extremadura,0.15,0.15,0.1,0.15,0.1
3777,3777,Sisamon,AR,Aragon,0.15,0.15,0.1,0.15,0.1
3778,3778,Sisante,CM,Castilla - La Mancha,0.15,0.15,0.1,0.15,0.1
3779,3779,Sitges,,Catalonia,0.15,0.15,0.1,0.15,0.1
3780,3780,Siurana,,Catalonia,0.15,0.15,0.1,0.15,0.1
3781,3781,Sober,GA,Galicia,0.15,0.15,0.1,0.15,0.1
3782,3782,Sobradelo,GA,Galicia,0.15,0.15,0.1,0.15,0.1
3783,3783,Sobradiel,AR,Aragon,0.15,0.15,0.1,0.15,0.1
3784,3784,Sobradillo,CL,Castilla - Leon,0.15,0.15,0.1,0.15,0.1
3785,3785,Sobrado,CL,Castilla - Leon,0.15,0.15,0.1,0.15,0.1
3786,3786,Sobrado,GA,Galicia,0.15,0.15,0.1,0.15,0.1
3787,3787,Socovos,CM,Castilla - La Mancha,0.15,0.15,0.1,0.15,0.1
3788,3788,Socuellamos,CM,Castilla - La Mancha,0.15,0.15,0.1,0.15,0.1
3789,3789,Sojuela,RI,La Rioja,0.15,0.15,0.1,0.15,0.1
3790,3790,Solarana,CL,Castilla - Leon,0.15,0.15,0.1,0.15,0.1
3791,3791,Soliedra,CL,Castilla - Leon,0.15,0.15,0.1,0.15,0.1
3792,3792,Sollana,,Valencia,0.15,0.15,0.1,0.15,0.1
3793,3793,Soller,IB,Baleares,0.15,0.15,0.1,0.15,0.1
3794,3794,Solorzano,CB,Cantabria,0.15,0.15,0.1,0.15,0.1
3795,3795,Solosancho,CL,Castilla - Leon,0.15,0.15,0.1,0.15,0.1
3796,3796,Solsona,,Catalonia,0.15,0.15,0.1,0.15,0.1
3797,3797,Somolinos,CM,Castilla - La Mancha,0.15,0.15,0.1,0.15,0.1
3798,3798,Somontin,AN,Andalucia,0.15,0.15,0.1,0.15,0.1
3799,3799,Somosierra,MD,Madrid,0.15,0.15,0.1,0.15,0.1
3800,3800,Somozas,GA,Galicia,0.15,0.15,0.1,0.15,0.1
3801,3801,Son Ferrer,IB,Baleares,0.15,0.15,0.1,0.15,0.1
3802,3802,Son Servera,IB,Baleares,0.15,0.15,0.1,0.15,0.1
3803,3803,Sondika,,Basque Country,0.15,0.15,0.1,0.15,0.1
3804,3804,Soneja,,Valencia,0.15,0.15,0.1,0.15,0.1
3805,3805,Sonseca,CM,Castilla - La Mancha,0.15,0.15,0.1,0.15,0.1
3806,3806,Soo,,Canary Islands,0.15,0.15,0.1,0.15,0.1
3807,3807,Sopeira,AR,Aragon,0.15,0.15,0.1,0.15,0.1
3808,3808,Sopela,,Basque Country,0.15,0.15,0.1,0.15,0.1
3809,3809,Soportujar,AN,Andalucia,0.15,0.15,0.1,0.15,0.1
3810,3810,Sopuerta,,Basque Country,0.15,0.15,0.1,0.15,0.1
3811,3811,Sora,,Catalonia,0.15,0.15,0.1,0.15,0.1
3812,3812,Sorbas,AN,Andalucia,0.15,0.15,0.1,0.15,0.1
3813,3813,Sordillos,CL,Castilla - Leon,0.15,0.15,0.1,0.15,0.1
3814,3814,Soria,CL,Castilla - Leon,0.15,0.15,0.1,0.15,0.1
3815,3815,Sorihuela,CL,Castilla - Leon,0.15,0.15,0.1,0.15,0.1
3816,3816,Sorlada,,Navarre,0.15,0.15,0.1,0.15,0.1
3817,3817,Sort,,Catalonia,0.15,0.15,0.1,0.15,0.1
3818,3818,Sorvilan,AN,Andalucia,0.15,0.15,0.1,0.15,0.1
3819,3819,Sorzano,RI,La Rioja,0.15,0.15,0.1,0.15,0.1
3820,3820,Soses,,Catalonia,0.15,0.15,0.1,0.15,0.1
3821,3821,Sotalbo,CL,Castilla - Leon,0.15,0.15,0.1,0.15,0.1
3822,3822,Sotillo,CL,Castilla - Leon,0.15,0.15,0.1,0.15,0.1
3823,3823,Sotodosos,CM,Castilla - La Mancha,0.15,0.15,0.1,0.15,0.1
3824,3824,Sotosalbos,CL,Castilla - Leon,0.15,0.15,0.1,0.15,0.1
3825,3825,Sotoserrano,CL,Castilla - Leon,0.15,0.15,0.1,0.15,0.1
3826,3826,Sotragero,CL,Castilla - Leon,0.15,0.15,0.1,0.15,0.1
3827,3827,Sotresgudo,CL,Castilla - Leon,0.15,0.15,0.1,0.15,0.1
3828,3828,Suances,CB,Cantabria,0.15,0.15,0.1,0.15,0.1
3829,3829,Subirats,,Catalonia,0.15,0.15,0.1,0.15,0.1
3830,3830,Sudanell,,Catalonia,0.15,0.15,0.1,0.15,0.1
3831,3831,Sueca,,Valencia,0.15,0.15,0.1,0.15,0.1
3832,3832,Suellacabras,CL,Castilla - Leon,0.15,0.15,0.1,0.15,0.1
3833,3833,Sufli,AN,Andalucia,0.15,0.15,0.1,0.15,0.1
3834,3834,Sumacarcer,,Valencia,0.15,0.15,0.1,0.15,0.1
3835,3835,Sunbilla,,Navarre,0.15,0.15,0.1,0.15,0.1
3836,3836,Sunyer,,Catalonia,0.15,0.15,0.1,0.15,0.1
3837,3837,Suria,,Catalonia,0.15,0.15,0.1,0.15,0.1
3838,3838,Susqueda,,Catalonia,0.15,0.15,0.1,0.15,0.1
3839,3839,Tabara,CL,Castilla - Leon,0.15,0.15,0.1,0.15,0.1
3840,3840,Tabernas,AN,Andalucia,0.15,0.15,0.1,0.15,0.1
3841,3841,Taberno,AN,Andalucia,0.15,0.15,0.1,0.15,0.1
3842,3842,Taboada,GA,Galicia,0.15,0.15,0.1,0.15,0.1
3843,3843,Taboadela,GA,Galicia,0.15,0.15,0.1,0.15,0.1
3844,3844,Tabuenca,AR,Aragon,0.15,0.15,0.1,0.15,0.1
3845,3845,Tacoronte,,Canary Islands,0.15,0.15,0.1,0.15,0.1
3846,3846,Tafalla,,Navarre,0.15,0.15,0.1,0.15,0.1
3847,3847,Tagamanent,,Catalonia,0.15,0.15,0.1,0.15,0.1
3848,3848,Tahal,AN,Andalucia,0.15,0.15,0.1,0.15,0.1
3849,3849,Tajahuerce,CL,Castilla - Leon,0.15,0.15,0.1,0.15,0.1
3850,3850,Tajueco,CL,Castilla - Leon,0.15,0.15,0.1,0.15,0.1
3851,3851,Talamanca,,Catalonia,0.15,0.15,0.1,0.15,0.1
3852,3852,Talamantes,AR,Aragon,0.15,0.15,0.1,0.15,0.1
3853,3853,Talarrubias,EX,Extremadura,0.15,0.15,0.1,0.15,0.1
3854,3854,Talavan,EX,Extremadura,0.15,0.15,0.1,0.15,0.1
3855,3855,Talavera La Real,EX,Extremadura,0.15,0.15,0.1,0.15,0.1
3856,3856,Talayuela,EX,Extremadura,0.15,0.15,0.1,0.15,0.1
3857,3857,Talayuelas,CM,Castilla - La Mancha,0.15,0.15,0.1,0.15,0.1
3858,3858,Tales,,Valencia,0.15,0.15,0.1,0.15,0.1
3859,3859,Taliga,EX,Extremadura,0.15,0.15,0.1,0.15,0.1
3860,3860,Tamajon,CM,Castilla - La Mancha,0.15,0.15,0.1,0.15,0.1
3861,3861,Tamames,CL,Castilla - Leon,0.15,0.15,0.1,0.15,0.1
3862,3862,Tamaron,CL,Castilla - Leon,0.15,0.15,0.1,0.15,0.1
3863,3863,Tamurejo,EX,Extremadura,0.15,0.15,0.1,0.15,0.1
3864,3864,Tanque,,Canary Islands,0.15,0.15,0.1,0.15,0.1
3865,3865,Tapioles,CL,Castilla - Leon,0.15,0.15,0.1,0.15,0.1
3866,3866,Taradell,,Catalonia,0.15,0.15,0.1,0.15,0.1
3867,3867,Taragudo,CM,Castilla - La Mancha,0.15,0.15,0.1,0.15,0.1
3868,3868,Taramundi,AS,Asturias,0.15,0.15,0.1,0.15,0.1
3869,3869,Tarancon,CM,Castilla - La Mancha,0.15,0.15,0.1,0.15,0.1
3870,3870,Taravilla,CM,Castilla - La Mancha,0.15,0.15,0.1,0.15,0.1
3871,3871,Tarazona,AR,Aragon,0.15,0.15,0.1,0.15,0.1
3872,3872,Tarbena,,Valencia,0.15,0.15,0.1,0.15,0.1
3873,3873,Tardaguila,CL,Castilla - Leon,0.15,0.15,0.1,0.15,0.1
3874,3874,Tardajos,CL,Castilla - Leon,0.15,0.15,0.1,0.15,0.1
3875,3875,Tardelcuende,CL,Castilla - Leon,0.15,0.15,0.1,0.15,0.1
3876,3876,Tardienta,AR,Aragon,0.15,0.15,0.1,0.15,0.1
3877,3877,Tariego,CL,Castilla - Leon,0.15,0.15,0.1,0.15,0.1
3878,3878,Tarifa,AN,Andalucia,0.15,0.15,0.1,0.15,0.1
3879,3879,Taroda,CL,Castilla - Leon,0.15,0.15,0.1,0.15,0.1
3880,3880,Tarragona,,Catalonia,0.15,0.15,0.1,0.15,0.1
3881,3881,Tarrega,,Catalonia,0.15,0.15,0.1,0.15,0.1
3882,3882,Tartanedo,CM,Castilla - La Mancha,0.15,0.15,0.1,0.15,0.1
3883,3883,Tauste,AR,Aragon,0.15,0.15,0.1,0.15,0.1
3884,3884,Tavertet,,Catalonia,0.15,0.15,0.1,0.15,0.1
3885,3885,Tazacorte,,Canary Islands,0.15,0.15,0.1,0.15,0.1
3886,3886,Teba,AN,Andalucia,0.15,0.15,0.1,0.15,0.1
3887,3887,Tebar,CM,Castilla - La Mancha,0.15,0.15,0.1,0.15,0.1
3888,3888,Tegueste,,Canary Islands,0.15,0.15,0.1,0.15,0.1
3889,3889,Teguise,,Canary Islands,0.15,0.15,0.1,0.15,0.1
3890,3890,Teia,,Catalonia,0.15,0.15,0.1,0.15,0.1
3891,3891,Tejada,CL,Castilla - Leon,0.15,0.15,0.1,0.15,0.1
3892,3892,Tejadillos,CM,Castilla - La Mancha,0.15,0.15,0.1,0.15,0.1
3893,3893,Tejado,CL,Castilla - Leon,0.15,0.15,0.1,0.15,0.1
3894,3894,Tejeda,,Canary Islands,0.15,0.15,0.1,0.15,0.1
3895,3895,Telde,,Canary Islands,0.15,0.15,0.1,0.15,0.1
3896,3896,Tembleque,CM,Castilla - La Mancha,0.15,0.15,0.1,0.15,0.1
3897,3897,Tendilla,CM,Castilla - La Mancha,0.15,0.15,0.1,0.15,0.1
3898,3898,Tenebron,CL,Castilla - Leon,0.15,0.15,0.1,0.15,0.1
3899,3899,Teo,GA,Galicia,0.15,0.15,0.1,0.15,0.1
3900,3900,Termens,,Catalonia,0.15,0.15,0.1,0.15,0.1
3901,3901,Teror,,Canary Islands,0.15,0.15,0.1,0.15,0.1
3902,3902,Terque,AN,Andalucia,0.15,0.15,0.1,0.15,0.1
3903,3903,Terrades,,Catalonia,0.15,0.15,0.1,0.15,0.1
3904,3904,Terradillos,CL,Castilla - Leon,0.15,0.15,0.1,0.15,0.1
3905,3905,Terrassa,,Catalonia,0.15,0.15,0.1,0.15,0.1
3906,3906,Terrateig,,Valencia,0.15,0.15,0.1,0.15,0.1
3907,3907,Terrer,AR,Aragon,0.15,0.15,0.1,0.15,0.1
3908,3908,Terriente,AR,Aragon,0.15,0.15,0.1,0.15,0.1
3909,3909,Terrinches,CM,Castilla - La Mancha,0.15,0.15,0.1,0.15,0.1
3910,3910,Terroba,RI,La Rioja,0.15,0.15,0.1,0.15,0.1
3911,3911,Teruel,AR,Aragon,0.15,0.15,0.1,0.15,0.1
3912,3912,Terzaga,CM,Castilla - La Mancha,0.15,0.15,0.1,0.15,0.1
3913,3913,Teulada,,Valencia,0.15,0.15,0.1,0.15,0.1
3914,3914,Tiana,,Catalonia,0.15,0.15,0.1,0.15,0.1
3915,3915,Tias,,Canary Islands,0.15,0.15,0.1,0.15,0.1
3916,3916,Tibi,,Valencia,0.15,0.15,0.1,0.15,0.1
3917,3917,Tiedra,CL,Castilla - Leon,0.15,0.15,0.1,0.15,0.1
3918,3918,Tielmes,MD,Madrid,0.15,0.15,0.1,0.15,0.1
3919,3919,Tierz,AR,Aragon,0.15,0.15,0.1,0.15,0.1
3920,3920,Tierzo,CM,Castilla - La Mancha,0.15,0.15,0.1,0.15,0.1
3921,3921,Tietar,EX,Extremadura,0.15,0.15,0.1,0.15,0.1
3922,3922,Tijarafe,,Canary Islands,0.15,0.15,0.1,0.15,0.1
3923,3923,Tijola,AN,Andalucia,0.15,0.15,0.1,0.15,0.1
3924,3924,Tinajas,CM,Castilla - La Mancha,0.15,0.15,0.1,0.15,0.1
3925,3925,Tinajo,,Canary Islands,0.15,0.15,0.1,0.15,0.1
3926,3926,Tineo,AS,Asturias,0.15,0.15,0.1,0.15,0.1
3927,3927,Tirapu,,Navarre,0.15,0.15,0.1,0.15,0.1
3928,3928,Tirgo,RI,La Rioja,0.15,0.15,0.1,0.15,0.1
3929,3929,Tirig,,Valencia,0.15,0.15,0.1,0.15,0.1
3930,3930,Titaguas,,Valencia,0.15,0.15,0.1,0.15,0.1
3931,3931,Titulcia,MD,Madrid,0.15,0.15,0.1,0.15,0.1
3932,3932,Tiurana,,Catalonia,0.15,0.15,0.1,0.15,0.1
3933,3933,Tivenys,,Catalonia,0.15,0.15,0.1,0.15,0.1
3934,3934,Tivissa,,Catalonia,0.15,0.15,0.1,0.15,0.1
3935,3935,Tiñosillos,CL,Castilla - Leon,0.15,0.15,0.1,0.15,0.1
3936,3936,Tobar,CL,Castilla - Leon,0.15,0.15,0.1,0.15,0.1
3937,3937,Tobarra,CM,Castilla - La Mancha,0.15,0.15,0.1,0.15,0.1
3938,3938,Tobed,AR,Aragon,0.15,0.15,0.1,0.15,0.1
3939,3939,Tobia,RI,La Rioja,0.15,0.15,0.1,0.15,0.1
3940,3940,Tocina,AN,Andalucia,0.15,0.15,0.1,0.15,0.1
3941,3941,Todolella,,Valencia,0.15,0.15,0.1,0.15,0.1
3942,3942,Toen,GA,Galicia,0.15,0.15,0.1,0.15,0.1
3943,3943,Toga,,Valencia,0.15,0.15,0.1,0.15,0.1
3944,3944,Tolbaños,CL,Castilla - Leon,0.15,0.15,0.1,0.15,0.1
3945,3945,Toledo,CM,Castilla - La Mancha,0.15,0.15,0.1,0.15,0.1
3946,3946,Tollos,,Valencia,0.15,0.15,0.1,0.15,0.1
3947,3947,Tolocirio,CL,Castilla - Leon,0.15,0.15,0.1,0.15,0.1
3948,3948,Toloriu,,Catalonia,0.15,0.15,0.1,0.15,0.1
3949,3949,Tolosa,,Basque Country,0.15,0.15,0.1,0.15,0.1
3950,3950,Tolox,AN,Andalucia,0.15,0.15,0.1,0.15,0.1
3951,3951,Tomares,AN,Andalucia,0.15,0.15,0.1,0.15,0.1
3952,3952,Tomelloso,CM,Castilla - La Mancha,0.15,0.15,0.1,0.15,0.1
3953,3953,Tomiño,GA,Galicia,0.15,0.15,0.1,0.15,0.1
3954,3954,Tona,,Catalonia,0.15,0.15,0.1,0.15,0.1
3955,3955,Topas,CL,Castilla - Leon,0.15,0.15,0.1,0.15,0.1
3956,3956,Toras,,Valencia,0.15,0.15,0.1,0.15,0.1
3957,3957,Tordehumos,CL,Castilla - Leon,0.15,0.15,0.1,0.15,0.1
3958,3958,Tordellego,CM,Castilla - La Mancha,0.15,0.15,0.1,0.15,0.1
3959,3959,Tordelrabano,CM,Castilla - La Mancha,0.15,0.15,0.1,0.15,0.1
3960,3960,Tordera,,Catalonia,0.15,0.15,0.1,0.15,0.1
3961,3961,Tordesillas,CL,Castilla - Leon,0.15,0.15,0.1,0.15,0.1
3962,3962,Tordesilos,CM,Castilla - La Mancha,0.15,0.15,0.1,0.15,0.1
3963,3963,Tordillos,CL,Castilla - Leon,0.15,0.15,0.1,0.15,0.1
3964,3964,Tordomar,CL,Castilla - Leon,0.15,0.15,0.1,0.15,0.1
3965,3965,Torello,,Catalonia,0.15,0.15,0.1,0.15,0.1
3966,3966,Toreno,CL,Castilla - Leon,0.15,0.15,0.1,0.15,0.1
3967,3967,Torija,CM,Castilla - La Mancha,0.15,0.15,0.1,0.15,0.1
3968,3968,Toril,EX,Extremadura,0.15,0.15,0.1,0.15,0.1
3969,3969,Torlengua,CL,Castilla - Leon,0.15,0.15,0.1,0.15,0.1
3970,3970,Tormantos,RI,La Rioja,0.15,0.15,0.1,0.15,0.1
3971,3971,Tormellas,CL,Castilla - Leon,0.15,0.15,0.1,0.15,0.1
3972,3972,Tormon,AR,Aragon,0.15,0.15,0.1,0.15,0.1
3973,3973,Tormos,,Valencia,0.15,0.15,0.1,0.15,0.1
3974,3974,Tornabous,,Catalonia,0.15,0.15,0.1,0.15,0.1
3975,3975,Tornavacas,EX,Extremadura,0.15,0.15,0.1,0.15,0.1
3976,3976,Tornos,AR,Aragon,0.15,0.15,0.1,0.15,0.1
3977,3977,Toro,CL,Castilla - Leon,0.15,0.15,0.1,0.15,0.1
3978,3978,Torquemada,CL,Castilla - Leon,0.15,0.15,0.1,0.15,0.1
3979,3979,Torralba,CM,Castilla - La Mancha,0.15,0.15,0.1,0.15,0.1
3980,3980,Torralbilla,AR,Aragon,0.15,0.15,0.1,0.15,0.1
3981,3981,Torre Alhaquime,AN,Andalucia,0.15,0.15,0.1,0.15,0.1
3982,3982,Torre Baro,,Catalonia,0.15,0.15,0.1,0.15,0.1
3983,3983,Torreadrada,CL,Castilla - Leon,0.15,0.15,0.1,0.15,0.1
3984,3984,Torrebesses,,Catalonia,0.15,0.15,0.1,0.15,0.1
3985,3985,Torreblacos,CL,Castilla - Leon,0.15,0.15,0.1,0.15,0.1
3986,3986,Torreblanca,,Valencia,0.15,0.15,0.1,0.15,0.1
3987,3987,Torreblascopedro,AN,Andalucia,0.15,0.15,0.1,0.15,0.1
3988,3988,Torrecaballeros,CL,Castilla - Leon,0.15,0.15,0.1,0.15,0.1
3989,3989,Torrecampo,AN,Andalucia,0.15,0.15,0.1,0.15,0.1
3990,3990,Torrechiva,,Valencia,0.15,0.15,0.1,0.15,0.1
3991,3991,Torrecuadradilla,CM,Castilla - La Mancha,0.15,0.15,0.1,0.15,0.1
3992,3992,Torredembarra,,Catalonia,0.15,0.15,0.1,0.15,0.1
3993,3993,Torredonjimeno,AN,Andalucia,0.15,0.15,0.1,0.15,0.1
3994,3994,Torrefarrera,,Catalonia,0.15,0.15,0.1,0.15,0.1
3995,3995,Torregalindo,CL,Castilla - Leon,0.15,0.15,0.1,0.15,0.1
3996,3996,Torregamones,CL,Castilla - Leon,0.15,0.15,0.1,0.15,0.1
3997,3997,Torrehermosa,AR,Aragon,0.15,0.15,0.1,0.15,0.1
3998,3998,Torreiglesias,CL,Castilla - Leon,0.15,0.15,0.1,0.15,0.1
3999,3999,Torrejoncillo,EX,Extremadura,0.15,0.15,0.1,0.15,0.1
4000,4000,Torrelaguna,MD,Madrid,0.15,0.15,0.1,0.15,0.1
4001,4001,Torrelapaja,AR,Aragon,0.15,0.15,0.1,0.15,0.1
4002,4002,Torrelara,CL,Castilla - Leon,0.15,0.15,0.1,0.15,0.1
4003,4003,Torrelavega,CB,Cantabria,0.15,0.15,0.1,0.15,0.1
4004,4004,Torrella,,Valencia,0.15,0.15,0.1,0.15,0.1
4005,4005,Torrellas,AR,Aragon,0.15,0.15,0.1,0.15,0.1
4006,4006,Torrelobaton,CL,Castilla - Leon,0.15,0.15,0.1,0.15,0.1
4007,4007,Torrelodones,MD,Madrid,0.15,0.15,0.1,0.15,0.1
4008,4008,Torremanzanas,,Valencia,0.15,0.15,0.1,0.15,0.1
4009,4009,Torremayor,EX,Extremadura,0.15,0.15,0.1,0.15,0.1
4010,4010,Torremegia,EX,Extremadura,0.15,0.15,0.1,0.15,0.1
4011,4011,Torremenga,EX,Extremadura,0.15,0.15,0.1,0.15,0.1
4012,4012,Torremocha,EX,Extremadura,0.15,0.15,0.1,0.15,0.1
4013,4013,Torremochuela,CM,Castilla - La Mancha,0.15,0.15,0.1,0.15,0.1
4014,4014,Torremolinos,AN,Andalucia,0.15,0.15,0.1,0.15,0.1
4015,4015,Torremontalbo,RI,La Rioja,0.15,0.15,0.1,0.15,0.1
4016,4016,Torremormojon,CL,Castilla - Leon,0.15,0.15,0.1,0.15,0.1
4017,4017,Torrent,,Valencia,0.15,0.15,0.1,0.15,0.1
4018,4018,Torrent,,Catalonia,0.15,0.15,0.1,0.15,0.1
4019,4019,Torrenueva,CM,Castilla - La Mancha,0.15,0.15,0.1,0.15,0.1
4020,4020,Torrenueva,AN,Andalucia,0.15,0.15,0.1,0.15,0.1
4021,4021,Torreorgaz,EX,Extremadura,0.15,0.15,0.1,0.15,0.1
4022,4022,Torreperogil,AN,Andalucia,0.15,0.15,0.1,0.15,0.1
4023,4023,Torrequemada,EX,Extremadura,0.15,0.15,0.1,0.15,0.1
4024,4024,Torres,AN,Andalucia,0.15,0.15,0.1,0.15,0.1
4025,4025,Torresandino,CL,Castilla - Leon,0.15,0.15,0.1,0.15,0.1
4026,4026,Torrescarcela,CL,Castilla - Leon,0.15,0.15,0.1,0.15,0.1
4027,4027,Torresmenudas,CL,Castilla - Leon,0.15,0.15,0.1,0.15,0.1
4028,4028,Torrevelilla,AR,Aragon,0.15,0.15,0.1,0.15,0.1
4029,4029,Torrevieja,,Valencia,0.15,0.15,0.1,0.15,0.1
4030,4030,Torrico,CM,Castilla - La Mancha,0.15,0.15,0.1,0.15,0.1
4031,4031,Torrijas,AR,Aragon,0.15,0.15,0.1,0.15,0.1
4032,4032,Torrijos,CM,Castilla - La Mancha,0.15,0.15,0.1,0.15,0.1
4033,4033,Torrox,AN,Andalucia,0.15,0.15,0.1,0.15,0.1
4034,4034,Torrubia,CM,Castilla - La Mancha,0.15,0.15,0.1,0.15,0.1
4035,4035,Tortella,,Catalonia,0.15,0.15,0.1,0.15,0.1
4036,4036,Tortoles,CL,Castilla - Leon,0.15,0.15,0.1,0.15,0.1
4037,4037,Tortosa,,Catalonia,0.15,0.15,0.1,0.15,0.1
4038,4038,Tortuera,CM,Castilla - La Mancha,0.15,0.15,0.1,0.15,0.1
4039,4039,Tortuero,CM,Castilla - La Mancha,0.15,0.15,0.1,0.15,0.1
4040,4040,Tosantos,CL,Castilla - Leon,0.15,0.15,0.1,0.15,0.1
4041,4041,Toses,,Catalonia,0.15,0.15,0.1,0.15,0.1
4042,4042,Tosos,AR,Aragon,0.15,0.15,0.1,0.15,0.1
4043,4043,Totalan,AN,Andalucia,0.15,0.15,0.1,0.15,0.1
4044,4044,Totana,MC,Murcia,0.15,0.15,0.1,0.15,0.1
4045,4045,Totanes,CM,Castilla - La Mancha,0.15,0.15,0.1,0.15,0.1
4046,4046,Touro,GA,Galicia,0.15,0.15,0.1,0.15,0.1
4047,4047,Tous,,Valencia,0.15,0.15,0.1,0.15,0.1
4048,4048,Trabada,GA,Galicia,0.15,0.15,0.1,0.15,0.1
4049,4049,Trabadelo,CL,Castilla - Leon,0.15,0.15,0.1,0.15,0.1
4050,4050,Trabanca,CL,Castilla - Leon,0.15,0.15,0.1,0.15,0.1
4051,4051,Trabazos,CL,Castilla - Leon,0.15,0.15,0.1,0.15,0.1
4052,4052,Traiguera,,Valencia,0.15,0.15,0.1,0.15,0.1
4053,4053,Tramacastiel,AR,Aragon,0.15,0.15,0.1,0.15,0.1
4054,4054,Tramacastilla,AR,Aragon,0.15,0.15,0.1,0.15,0.1
4055,4055,Tramaced,AR,Aragon,0.15,0.15,0.1,0.15,0.1
4056,4056,Trasierra,EX,Extremadura,0.15,0.15,0.1,0.15,0.1
4057,4057,Trasmiras,GA,Galicia,0.15,0.15,0.1,0.15,0.1
4058,4058,Trasmoz,AR,Aragon,0.15,0.15,0.1,0.15,0.1
4059,4059,Trasobares,AR,Aragon,0.15,0.15,0.1,0.15,0.1
4060,4060,Traspinedo,CL,Castilla - Leon,0.15,0.15,0.1,0.15,0.1
4061,4061,Trazo,GA,Galicia,0.15,0.15,0.1,0.15,0.1
4062,4062,Trebujena,AN,Andalucia,0.15,0.15,0.1,0.15,0.1
4063,4063,Trefacio,CL,Castilla - Leon,0.15,0.15,0.1,0.15,0.1
4064,4064,Tremp,,Catalonia,0.15,0.15,0.1,0.15,0.1
4065,4065,Tres Cantos,MD,Madrid,0.15,0.15,0.1,0.15,0.1
4066,4066,Trescasas,CL,Castilla - Leon,0.15,0.15,0.1,0.15,0.1
4067,4067,Tresjuncos,CM,Castilla - La Mancha,0.15,0.15,0.1,0.15,0.1
4068,4068,Trespaderne,CL,Castilla - Leon,0.15,0.15,0.1,0.15,0.1
4069,4069,Tresviso,CB,Cantabria,0.15,0.15,0.1,0.15,0.1
4070,4070,Trevelez,AN,Andalucia,0.15,0.15,0.1,0.15,0.1
4071,4071,Treviana,RI,La Rioja,0.15,0.15,0.1,0.15,0.1
4072,4072,Triacastela,GA,Galicia,0.15,0.15,0.1,0.15,0.1
4073,4073,Tribaldos,CM,Castilla - La Mancha,0.15,0.15,0.1,0.15,0.1
4074,4074,Tricio,RI,La Rioja,0.15,0.15,0.1,0.15,0.1
4075,4075,Trigueros,AN,Andalucia,0.15,0.15,0.1,0.15,0.1
4076,4076,Trijueque,CM,Castilla - La Mancha,0.15,0.15,0.1,0.15,0.1
4077,4077,Trillo,CM,Castilla - La Mancha,0.15,0.15,0.1,0.15,0.1
4078,4078,Triollo,CL,Castilla - Leon,0.15,0.15,0.1,0.15,0.1
4079,4079,Tronchon,AR,Aragon,0.15,0.15,0.1,0.15,0.1
4080,4080,Truchas,CL,Castilla - Leon,0.15,0.15,0.1,0.15,0.1
4081,4081,Trujillanos,EX,Extremadura,0.15,0.15,0.1,0.15,0.1
4082,4082,Trujillo,EX,Extremadura,0.15,0.15,0.1,0.15,0.1
4083,4083,Tudela,,Navarre,0.15,0.15,0.1,0.15,0.1
4084,4084,Tudelilla,RI,La Rioja,0.15,0.15,0.1,0.15,0.1
4085,4085,Tuejar,,Valencia,0.15,0.15,0.1,0.15,0.1
4086,4086,Tui,GA,Galicia,0.15,0.15,0.1,0.15,0.1
4087,4087,Tuineje,,Canary Islands,0.15,0.15,0.1,0.15,0.1
4088,4088,Tulebras,,Navarre,0.15,0.15,0.1,0.15,0.1
4089,4089,Turcia,CL,Castilla - Leon,0.15,0.15,0.1,0.15,0.1
4090,4090,Turegano,CL,Castilla - Leon,0.15,0.15,0.1,0.15,0.1
4091,4091,Turis,,Valencia,0.15,0.15,0.1,0.15,0.1
4092,4092,Turleque,CM,Castilla - La Mancha,0.15,0.15,0.1,0.15,0.1
4093,4093,Turre,AN,Andalucia,0.15,0.15,0.1,0.15,0.1
4094,4094,Turrillas,AN,Andalucia,0.15,0.15,0.1,0.15,0.1
4095,4095,Ubeda,AN,Andalucia,0.15,0.15,0.1,0.15,0.1
4096,4096,Ubide,,Basque Country,0.15,0.15,0.1,0.15,0.1
4097,4097,Ubrique,AN,Andalucia,0.15,0.15,0.1,0.15,0.1
4098,4098,Uceda,CM,Castilla - La Mancha,0.15,0.15,0.1,0.15,0.1
4099,4099,Ucero,CL,Castilla - Leon,0.15,0.15,0.1,0.15,0.1
4100,4100,Ucles,CM,Castilla - La Mancha,0.15,0.15,0.1,0.15,0.1
4101,4101,Uga,,Canary Islands,0.15,0.15,0.1,0.15,0.1
4102,4102,Ugena,CM,Castilla - La Mancha,0.15,0.15,0.1,0.15,0.1
4103,4103,Ugijar,AN,Andalucia,0.15,0.15,0.1,0.15,0.1
4104,4104,Ujados,CM,Castilla - La Mancha,0.15,0.15,0.1,0.15,0.1
4105,4105,Ujue,,Navarre,0.15,0.15,0.1,0.15,0.1
4106,4106,Ulea,MC,Murcia,0.15,0.15,0.1,0.15,0.1
4107,4107,Ulla,,Catalonia,0.15,0.15,0.1,0.15,0.1
4108,4108,Ullastrell,,Catalonia,0.15,0.15,0.1,0.15,0.1
4109,4109,Ullastret,,Catalonia,0.15,0.15,0.1,0.15,0.1
4110,4110,Ulldecona,,Catalonia,0.15,0.15,0.1,0.15,0.1
4111,4111,Ulldemolins,,Catalonia,0.15,0.15,0.1,0.15,0.1
4112,4112,Ultramort,,Catalonia,0.15,0.15,0.1,0.15,0.1
4113,4113,Umbrete,AN,Andalucia,0.15,0.15,0.1,0.15,0.1
4114,4114,Umbrias,CL,Castilla - Leon,0.15,0.15,0.1,0.15,0.1
4115,4115,Uncastillo,AR,Aragon,0.15,0.15,0.1,0.15,0.1
4116,4116,Unzue,,Navarre,0.15,0.15,0.1,0.15,0.1
4117,4117,Urda,CM,Castilla - La Mancha,0.15,0.15,0.1,0.15,0.1
4118,4118,Urdiain,,Navarre,0.15,0.15,0.1,0.15,0.1
4119,4119,Urnieta,,Basque Country,0.15,0.15,0.1,0.15,0.1
4120,4120,Urracal,AN,Andalucia,0.15,0.15,0.1,0.15,0.1
4121,4121,Urretxu,,Basque Country,0.15,0.15,0.1,0.15,0.1
4122,4122,Urries,AR,Aragon,0.15,0.15,0.1,0.15,0.1
4123,4123,Urueña,CL,Castilla - Leon,0.15,0.15,0.1,0.15,0.1
4124,4124,Urueñas,CL,Castilla - Leon,0.15,0.15,0.1,0.15,0.1
4125,4125,Urus,,Catalonia,0.15,0.15,0.1,0.15,0.1
4126,4126,Uruñuela,RI,La Rioja,0.15,0.15,0.1,0.15,0.1
4127,4127,Urzainqui,,Navarre,0.15,0.15,0.1,0.15,0.1
4128,4128,Usagre,EX,Extremadura,0.15,0.15,0.1,0.15,0.1
4129,4129,Used,AR,Aragon,0.15,0.15,0.1,0.15,0.1
4130,4130,Usera,MD,Madrid,0.15,0.15,0.1,0.15,0.1
4131,4131,Useras,,Valencia,0.15,0.15,0.1,0.15,0.1
4132,4132,Usurbil,,Basque Country,0.15,0.15,0.1,0.15,0.1
4133,4133,Utande,CM,Castilla - La Mancha,0.15,0.15,0.1,0.15,0.1
4134,4134,Utebo,AR,Aragon,0.15,0.15,0.1,0.15,0.1
4135,4135,Uterga,,Navarre,0.15,0.15,0.1,0.15,0.1
4136,4136,Utiel,,Valencia,0.15,0.15,0.1,0.15,0.1
4137,4137,Utrera,AN,Andalucia,0.15,0.15,0.1,0.15,0.1
4138,4138,Utrillas,AR,Aragon,0.15,0.15,0.1,0.15,0.1
4139,4139,Uña,CM,Castilla - La Mancha,0.15,0.15,0.1,0.15,0.1
4140,4140,Vadillo,CL,Castilla - Leon,0.15,0.15,0.1,0.15,0.1
4141,4141,Vadocondes,CL,Castilla - Leon,0.15,0.15,0.1,0.15,0.1
4142,4142,Valacloche,AR,Aragon,0.15,0.15,0.1,0.15,0.1
4143,4143,Valbona,AR,Aragon,0.15,0.15,0.1,0.15,0.1
4144,4144,Valcabado,CL,Castilla - Leon,0.15,0.15,0.1,0.15,0.1
4145,4145,Valdaracete,MD,Madrid,0.15,0.15,0.1,0.15,0.1
4146,4146,Valdarachas,CM,Castilla - La Mancha,0.15,0.15,0.1,0.15,0.1
4147,4147,Valdastillas,EX,Extremadura,0.15,0.15,0.1,0.15,0.1
4148,4148,Valdealgorfa,AR,Aragon,0.15,0.15,0.1,0.15,0.1
4149,4149,Valdeande,CL,Castilla - Leon,0.15,0.15,0.1,0.15,0.1
4150,4150,Valdearenas,CM,Castilla - La Mancha,0.15,0.15,0.1,0.15,0.1
4151,4151,Valdeavellano,CM,Castilla - La Mancha,0.15,0.15,0.1,0.15,0.1
4152,4152,Valdeavero,MD,Madrid,0.15,0.15,0.1,0.15,0.1
4153,4153,Valdeaveruelo,CM,Castilla - La Mancha,0.15,0.15,0.1,0.15,0.1
4154,4154,Valdecaballeros,EX,Extremadura,0.15,0.15,0.1,0.15,0.1
4155,4155,Valdecarros,CL,Castilla - Leon,0.15,0.15,0.1,0.15,0.1
4156,4156,Valdecasa,CL,Castilla - Leon,0.15,0.15,0.1,0.15,0.1
4157,4157,Valdeconcha,CM,Castilla - La Mancha,0.15,0.15,0.1,0.15,0.1
4158,4158,Valdecuenca,AR,Aragon,0.15,0.15,0.1,0.15,0.1
4159,4159,Valdefinjas,CL,Castilla - Leon,0.15,0.15,0.1,0.15,0.1
4160,4160,Valdefresno,CL,Castilla - Leon,0.15,0.15,0.1,0.15,0.1
4161,4161,Valdefuentes,EX,Extremadura,0.15,0.15,0.1,0.15,0.1
4162,4162,Valdeganga,CM,Castilla - La Mancha,0.15,0.15,0.1,0.15,0.1
4163,4163,Valdegrudas,CM,Castilla - La Mancha,0.15,0.15,0.1,0.15,0.1
4164,4164,Valdehijaderos,CL,Castilla - Leon,0.15,0.15,0.1,0.15,0.1
4165,4165,Valdehorna,AR,Aragon,0.15,0.15,0.1,0.15,0.1
4166,4166,Valdehuncar,EX,Extremadura,0.15,0.15,0.1,0.15,0.1
4167,4167,Valdelacalzada,EX,Extremadura,0.15,0.15,0.1,0.15,0.1
4168,4168,Valdelacasa,CL,Castilla - Leon,0.15,0.15,0.1,0.15,0.1
4169,4169,Valdelageve,CL,Castilla - Leon,0.15,0.15,0.1,0.15,0.1
4170,4170,Valdelarco,AN,Andalucia,0.15,0.15,0.1,0.15,0.1
4171,4171,Valdelcubo,CM,Castilla - La Mancha,0.15,0.15,0.1,0.15,0.1
4172,4172,Valdelinares,AR,Aragon,0.15,0.15,0.1,0.15,0.1
4173,4173,Valdelosa,CL,Castilla - Leon,0.15,0.15,0.1,0.15,0.1
4174,4174,Valdeltormo,AR,Aragon,0.15,0.15,0.1,0.15,0.1
4175,4175,Valdemadera,RI,La Rioja,0.15,0.15,0.1,0.15,0.1
4176,4176,Valdemaluque,CL,Castilla - Leon,0.15,0.15,0.1,0.15,0.1
4177,4177,Valdemanco,MD,Madrid,0.15,0.15,0.1,0.15,0.1
4178,4178,Valdemaqueda,MD,Madrid,0.15,0.15,0.1,0.15,0.1
4179,4179,Valdemeca,CM,Castilla - La Mancha,0.15,0.15,0.1,0.15,0.1
4180,4180,Valdemierque,CL,Castilla - Leon,0.15,0.15,0.1,0.15,0.1
4181,4181,Valdemora,CL,Castilla - Leon,0.15,0.15,0.1,0.15,0.1
4182,4182,Valdemorales,EX,Extremadura,0.15,0.15,0.1,0.15,0.1
4183,4183,Valdemorillo,MD,Madrid,0.15,0.15,0.1,0.15,0.1
4184,4184,Valdemoro,MD,Madrid,0.15,0.15,0.1,0.15,0.1
4185,4185,Valdemoro-Sierra,CM,Castilla - La Mancha,0.15,0.15,0.1,0.15,0.1
4186,4186,Valdenebro,CL,Castilla - Leon,0.15,0.15,0.1,0.15,0.1
4187,4187,Valdeobispo,EX,Extremadura,0.15,0.15,0.1,0.15,0.1
4188,4188,Valdeolivas,CM,Castilla - La Mancha,0.15,0.15,0.1,0.15,0.1
4189,4189,Valdeolmillos,CL,Castilla - Leon,0.15,0.15,0.1,0.15,0.1
4190,4190,Valdeolmos,MD,Madrid,0.15,0.15,0.1,0.15,0.1
4191,4191,Valdepeñas,CM,Castilla - La Mancha,0.15,0.15,0.1,0.15,0.1
4192,4192,Valdepielago,CL,Castilla - Leon,0.15,0.15,0.1,0.15,0.1
4193,4193,Valdepielagos,MD,Madrid,0.15,0.15,0.1,0.15,0.1
4194,4194,Valdepolo,CL,Castilla - Leon,0.15,0.15,0.1,0.15,0.1
4195,4195,Valdeprado,CL,Castilla - Leon,0.15,0.15,0.1,0.15,0.1
4196,4196,Valdeprados,CL,Castilla - Leon,0.15,0.15,0.1,0.15,0.1
4197,4197,Valderas,CL,Castilla - Leon,0.15,0.15,0.1,0.15,0.1
4198,4198,Valderrabano,CL,Castilla - Leon,0.15,0.15,0.1,0.15,0.1
4199,4199,Valderrebollo,CM,Castilla - La Mancha,0.15,0.15,0.1,0.15,0.1
4200,4200,Valderrey,CL,Castilla - Leon,0.15,0.15,0.1,0.15,0.1
4201,4201,Valderrobres,AR,Aragon,0.15,0.15,0.1,0.15,0.1
4202,4202,Valderrodilla,CL,Castilla - Leon,0.15,0.15,0.1,0.15,0.1
4203,4203,Valderrodrigo,CL,Castilla - Leon,0.15,0.15,0.1,0.15,0.1
4204,4204,Valderrubio,AN,Andalucia,0.15,0.15,0.1,0.15,0.1
4205,4205,Valderrueda,CL,Castilla - Leon,0.15,0.15,0.1,0.15,0.1
4206,4206,Valdes,AN,Andalucia,0.15,0.15,0.1,0.15,0.1
4207,4207,Valdesalor,EX,Extremadura,0.15,0.15,0.1,0.15,0.1
4208,4208,Valdesamario,CL,Castilla - Leon,0.15,0.15,0.1,0.15,0.1
4209,4209,Valdescorriel,CL,Castilla - Leon,0.15,0.15,0.1,0.15,0.1
4210,4210,Valdesotos,CM,Castilla - La Mancha,0.15,0.15,0.1,0.15,0.1
4211,4211,Valdestillas,CL,Castilla - Leon,0.15,0.15,0.1,0.15,0.1
4212,4212,Valdetorres,EX,Extremadura,0.15,0.15,0.1,0.15,0.1
4213,4213,Valdeverdeja,CM,Castilla - La Mancha,0.15,0.15,0.1,0.15,0.1
4214,4214,Valdevimbre,CL,Castilla - Leon,0.15,0.15,0.1,0.15,0.1
4215,4215,Valdezate,CL,Castilla - Leon,0.15,0.15,0.1,0.15,0.1
4216,4216,Valdilecha,MD,Madrid,0.15,0.15,0.1,0.15,0.1
4217,4217,Valdorros,CL,Castilla - Leon,0.15,0.15,0.1,0.15,0.1
4218,4218,Valdoviño,GA,Galicia,0.15,0.15,0.1,0.15,0.1
4219,4219,Valdunciel,CL,Castilla - Leon,0.15,0.15,0.1,0.15,0.1
4220,4220,Valdunquillo,CL,Castilla - Leon,0.15,0.15,0.1,0.15,0.1
4221,4221,Valencia,,Valencia,0.15,0.15,0.1,0.15,0.1
4222,4222,Valenzuela,AN,Andalucia,0.15,0.15,0.1,0.15,0.1
4223,4223,Valero,CL,Castilla - Leon,0.15,0.15,0.1,0.15,0.1
4224,4224,Valfarta,AR,Aragon,0.15,0.15,0.1,0.15,0.1
4225,4225,Valga,GA,Galicia,0.15,0.15,0.1,0.15,0.1
4226,4226,Valhermoso,CM,Castilla - La Mancha,0.15,0.15,0.1,0.15,0.1
4227,4227,Valjunquera,AR,Aragon,0.15,0.15,0.1,0.15,0.1
4228,4228,Vall-Llobrega,,Catalonia,0.15,0.15,0.1,0.15,0.1
4229,4229,Vallada,,Valencia,0.15,0.15,0.1,0.15,0.1
4230,4230,Valladolid,CL,Castilla - Leon,0.15,0.15,0.1,0.15,0.1
4231,4231,Valladolises,MC,Murcia,0.15,0.15,0.1,0.15,0.1
4232,4232,Vallanca,,Valencia,0.15,0.15,0.1,0.15,0.1
4233,4233,Vallbona,,Catalonia,0.15,0.15,0.1,0.15,0.1
4234,4234,Vallcarca,,Catalonia,0.15,0.15,0.1,0.15,0.1
4235,4235,Vallcebre,,Catalonia,0.15,0.15,0.1,0.15,0.1
4236,4236,Vallclara,,Catalonia,0.15,0.15,0.1,0.15,0.1
4237,4237,Valldemossa,IB,Baleares,0.15,0.15,0.1,0.15,0.1
4238,4238,Vallecillo,CL,Castilla - Leon,0.15,0.15,0.1,0.15,0.1
4239,4239,Vallelado,CL,Castilla - Leon,0.15,0.15,0.1,0.15,0.1
4240,4240,Valles,,Valencia,0.15,0.15,0.1,0.15,0.1
4241,4241,Valleseco,,Canary Islands,0.15,0.15,0.1,0.15,0.1
4242,4242,Vallgorguina,,Catalonia,0.15,0.15,0.1,0.15,0.1
4243,4243,Vallibona,,Valencia,0.15,0.15,0.1,0.15,0.1
4244,4244,Vallirana,,Catalonia,0.15,0.15,0.1,0.15,0.1
4245,4245,Vallmoll,,Catalonia,0.15,0.15,0.1,0.15,0.1
4246,4246,Vallromanes,,Catalonia,0.15,0.15,0.1,0.15,0.1
4247,4247,Valls,,Catalonia,0.15,0.15,0.1,0.15,0.1
4248,4248,Valluercanes,CL,Castilla - Leon,0.15,0.15,0.1,0.15,0.1
4249,4249,Valmadrid,AR,Aragon,0.15,0.15,0.1,0.15,0.1
4250,4250,Valmala,CL,Castilla - Leon,0.15,0.15,0.1,0.15,0.1
4251,4251,Valmojado,CM,Castilla - La Mancha,0.15,0.15,0.1,0.15,0.1
4252,4252,Valor,AN,Andalucia,0.15,0.15,0.1,0.15,0.1
4253,4253,Valpalmas,AR,Aragon,0.15,0.15,0.1,0.15,0.1
4254,4254,Valsalabroso,CL,Castilla - Leon,0.15,0.15,0.1,0.15,0.1
4255,4255,Valsalobre,CM,Castilla - La Mancha,0.15,0.15,0.1,0.15,0.1
4256,4256,Valseca,CL,Castilla - Leon,0.15,0.15,0.1,0.15,0.1
4257,4257,Valtajeros,CL,Castilla - Leon,0.15,0.15,0.1,0.15,0.1
4258,4258,Valtiendas,CL,Castilla - Leon,0.15,0.15,0.1,0.15,0.1
4259,4259,Valtierra,,Navarre,0.15,0.15,0.1,0.15,0.1
4260,4260,Valtorres,AR,Aragon,0.15,0.15,0.1,0.15,0.1
4261,4261,Valverde,,Canary Islands,0.15,0.15,0.1,0.15,0.1
4262,4262,Valverdejo,CM,Castilla - La Mancha,0.15,0.15,0.1,0.15,0.1
4263,4263,Valverdon,CL,Castilla - Leon,0.15,0.15,0.1,0.15,0.1
4264,4264,Vecindario,,Canary Islands,0.15,0.15,0.1,0.15,0.1
4265,4265,Vecinos,CL,Castilla - Leon,0.15,0.15,0.1,0.15,0.1
4266,4266,Vedra,GA,Galicia,0.15,0.15,0.1,0.15,0.1
4267,4267,Vegacervera,CL,Castilla - Leon,0.15,0.15,0.1,0.15,0.1
4268,4268,Vegadeo,AS,Asturias,0.15,0.15,0.1,0.15,0.1
4269,4269,Vegalatrave,CL,Castilla - Leon,0.15,0.15,0.1,0.15,0.1
4270,4270,Veganzones,CL,Castilla - Leon,0.15,0.15,0.1,0.15,0.1
4271,4271,Vegaquemada,CL,Castilla - Leon,0.15,0.15,0.1,0.15,0.1
4272,4272,Velada,CM,Castilla - La Mancha,0.15,0.15,0.1,0.15,0.1
4273,4273,Velamazan,CL,Castilla - Leon,0.15,0.15,0.1,0.15,0.1
4274,4274,Velascalvaro,CL,Castilla - Leon,0.15,0.15,0.1,0.15,0.1
4275,4275,Velayos,CL,Castilla - Leon,0.15,0.15,0.1,0.15,0.1
4276,4276,Velefique,AN,Andalucia,0.15,0.15,0.1,0.15,0.1
4277,4277,Velez Rubio,AN,Andalucia,0.15,0.15,0.1,0.15,0.1
4278,4278,Velez-Blanco,AN,Andalucia,0.15,0.15,0.1,0.15,0.1
4279,4279,Velilla,CL,Castilla - Leon,0.15,0.15,0.1,0.15,0.1
4280,4280,Vellisca,CM,Castilla - La Mancha,0.15,0.15,0.1,0.15,0.1
4281,4281,Velliza,CL,Castilla - Leon,0.15,0.15,0.1,0.15,0.1
4282,4282,Venialbo,CL,Castilla - Leon,0.15,0.15,0.1,0.15,0.1
4283,4283,Venta Nueva,AN,Andalucia,0.15,0.15,0.1,0.15,0.1
4284,4284,Ventallo,,Catalonia,0.15,0.15,0.1,0.15,0.1
4285,4285,Ventosa,RI,La Rioja,0.15,0.15,0.1,0.15,0.1
4286,4286,Ventrosa,RI,La Rioja,0.15,0.15,0.1,0.15,0.1
4287,4287,Venturada,MD,Madrid,0.15,0.15,0.1,0.15,0.1
4288,4288,Vera,AN,Andalucia,0.15,0.15,0.1,0.15,0.1
4289,4289,Verdu,,Catalonia,0.15,0.15,0.1,0.15,0.1
4290,4290,Verea,GA,Galicia,0.15,0.15,0.1,0.15,0.1
4291,4291,Vergel,,Valencia,0.15,0.15,0.1,0.15,0.1
4292,4292,Verges,,Catalonia,0.15,0.15,0.1,0.15,0.1
4293,4293,Verin,GA,Galicia,0.15,0.15,0.1,0.15,0.1
4294,4294,Vertavillo,CL,Castilla - Leon,0.15,0.15,0.1,0.15,0.1
4295,4295,Vezdemarban,CL,Castilla - Leon,0.15,0.15,0.1,0.15,0.1
4296,4296,Viana,,Navarre,0.15,0.15,0.1,0.15,0.1
4297,4297,Viator,AN,Andalucia,0.15,0.15,0.1,0.15,0.1
4298,4298,Vic,,Catalonia,0.15,0.15,0.1,0.15,0.1
4299,4299,Vicar,AN,Andalucia,0.15,0.15,0.1,0.15,0.1
4300,4300,Vidayanes,CL,Castilla - Leon,0.15,0.15,0.1,0.15,0.1
4301,4301,Videmala,CL,Castilla - Leon,0.15,0.15,0.1,0.15,0.1
4302,4302,Vidra,,Catalonia,0.15,0.15,0.1,0.15,0.1
4303,4303,Vidreres,,Catalonia,0.15,0.15,0.1,0.15,0.1
4304,4304,Vielha,,Catalonia,0.15,0.15,0.1,0.15,0.1
4305,4305,Vierlas,AR,Aragon,0.15,0.15,0.1,0.15,0.1
4306,4306,Vigo,GA,Galicia,0.15,0.15,0.1,0.15,0.1
4307,4307,Viguera,RI,La Rioja,0.15,0.15,0.1,0.15,0.1
4308,4308,Vilabella,,Catalonia,0.15,0.15,0.1,0.15,0.1
4309,4309,Vilabertran,,Catalonia,0.15,0.15,0.1,0.15,0.1
4310,4310,Vilablareix,,Catalonia,0.15,0.15,0.1,0.15,0.1
4311,4311,Vilada,,Catalonia,0.15,0.15,0.1,0.15,0.1
4312,4312,Viladasens,,Catalonia,0.15,0.15,0.1,0.15,0.1
4313,4313,Viladecans,,Catalonia,0.15,0.15,0.1,0.15,0.1
4314,4314,Viladecavalls,,Catalonia,0.15,0.15,0.1,0.15,0.1
4315,4315,Vilademuls,,Catalonia,0.15,0.15,0.1,0.15,0.1
4316,4316,Viladrau,,Catalonia,0.15,0.15,0.1,0.15,0.1
4317,4317,Vilafant,,Catalonia,0.15,0.15,0.1,0.15,0.1
4318,4318,Vilaflor,,Canary Islands,0.15,0.15,0.1,0.15,0.1
4319,4319,Vilalba,GA,Galicia,0.15,0.15,0.1,0.15,0.1
4320,4320,Vilaller,,Catalonia,0.15,0.15,0.1,0.15,0.1
4321,4321,Vilamacolum,,Catalonia,0.15,0.15,0.1,0.15,0.1
4322,4322,Vilamalla,,Catalonia,0.15,0.15,0.1,0.15,0.1
4323,4323,Vilamaniscle,,Catalonia,0.15,0.15,0.1,0.15,0.1
4324,4324,Vilamarin,GA,Galicia,0.15,0.15,0.1,0.15,0.1
4325,4325,Vilamarxant,,Valencia,0.15,0.15,0.1,0.15,0.1
4326,4326,Vilanant,,Catalonia,0.15,0.15,0.1,0.15,0.1
4327,4327,Vilaplana,,Catalonia,0.15,0.15,0.1,0.15,0.1
4328,4328,Vilarnaz,GA,Galicia,0.15,0.15,0.1,0.15,0.1
4329,4329,Vilasantar,GA,Galicia,0.15,0.15,0.1,0.15,0.1
4330,4330,Vilaseca,,Catalonia,0.15,0.15,0.1,0.15,0.1
4331,4331,Vilaxoan,GA,Galicia,0.15,0.15,0.1,0.15,0.1
4332,4332,Vilches,AN,Andalucia,0.15,0.15,0.1,0.15,0.1
4333,4333,Vileña,CL,Castilla - Leon,0.15,0.15,0.1,0.15,0.1
4334,4334,Villablanca,AN,Andalucia,0.15,0.15,0.1,0.15,0.1
4335,4335,Villablino,CL,Castilla - Leon,0.15,0.15,0.1,0.15,0.1
4336,4336,Villabona,,Basque Country,0.15,0.15,0.1,0.15,0.1
4337,4337,Villabragima,CL,Castilla - Leon,0.15,0.15,0.1,0.15,0.1
4338,4338,Villabraz,CL,Castilla - Leon,0.15,0.15,0.1,0.15,0.1
4339,4339,Villabrazaro,CL,Castilla - Leon,0.15,0.15,0.1,0.15,0.1
4340,4340,Villacarralon,CL,Castilla - Leon,0.15,0.15,0.1,0.15,0.1
4341,4341,Villacarriedo,CB,Cantabria,0.15,0.15,0.1,0.15,0.1
4342,4342,Villacarrillo,AN,Andalucia,0.15,0.15,0.1,0.15,0.1
4343,4343,Villacastin,CL,Castilla - Leon,0.15,0.15,0.1,0.15,0.1
4344,4344,Villacañas,CM,Castilla - La Mancha,0.15,0.15,0.1,0.15,0.1
4345,4345,Villacidaler,CL,Castilla - Leon,0.15,0.15,0.1,0.15,0.1
4346,4346,Villaciervos,CL,Castilla - Leon,0.15,0.15,0.1,0.15,0.1
4347,4347,Villaco,CL,Castilla - Leon,0.15,0.15,0.1,0.15,0.1
4348,4348,Villaconancio,CL,Castilla - Leon,0.15,0.15,0.1,0.15,0.1
4349,4349,Villaconejos,MD,Madrid,0.15,0.15,0.1,0.15,0.1
4350,4350,Villada,CL,Castilla - Leon,0.15,0.15,0.1,0.15,0.1
4351,4351,Villadecanes,CL,Castilla - Leon,0.15,0.15,0.1,0.15,0.1
4352,4352,Villadepera,CL,Castilla - Leon,0.15,0.15,0.1,0.15,0.1
4353,4353,Villadiego,CL,Castilla - Leon,0.15,0.15,0.1,0.15,0.1
4354,4354,Villadoz,AR,Aragon,0.15,0.15,0.1,0.15,0.1
4355,4355,Villaescusa,CB,Cantabria,0.15,0.15,0.1,0.15,0.1
4356,4356,Villaescusa,CL,Castilla - Leon,0.15,0.15,0.1,0.15,0.1
4357,4357,Villaespasa,CL,Castilla - Leon,0.15,0.15,0.1,0.15,0.1
4358,4358,Villafafila,CL,Castilla - Leon,0.15,0.15,0.1,0.15,0.1
4359,4359,Villafeliche,AR,Aragon,0.15,0.15,0.1,0.15,0.1
4360,4360,Villaferrueña,CL,Castilla - Leon,0.15,0.15,0.1,0.15,0.1
4361,4361,Villaflor,CL,Castilla - Leon,0.15,0.15,0.1,0.15,0.1
4362,4362,Villaflores,CL,Castilla - Leon,0.15,0.15,0.1,0.15,0.1
4363,4363,Villafranca,,Navarre,0.15,0.15,0.1,0.15,0.1
4364,4364,Villafrechos,CL,Castilla - Leon,0.15,0.15,0.1,0.15,0.1
4365,4365,Villafruela,CL,Castilla - Leon,0.15,0.15,0.1,0.15,0.1
4366,4366,Villafuerte,CL,Castilla - Leon,0.15,0.15,0.1,0.15,0.1
4367,4367,Villafufre,CB,Cantabria,0.15,0.15,0.1,0.15,0.1
4368,4368,Villagalijo,CL,Castilla - Leon,0.15,0.15,0.1,0.15,0.1
4369,4369,Villagaton,CL,Castilla - Leon,0.15,0.15,0.1,0.15,0.1
4370,4370,Villageriz,CL,Castilla - Leon,0.15,0.15,0.1,0.15,0.1
4371,4371,Villagonzalo,EX,Extremadura,0.15,0.15,0.1,0.15,0.1
4372,4372,Villahan,CL,Castilla - Leon,0.15,0.15,0.1,0.15,0.1
4373,4373,Villaharta,AN,Andalucia,0.15,0.15,0.1,0.15,0.1
4374,4374,Villahermosa,CM,Castilla - La Mancha,0.15,0.15,0.1,0.15,0.1
4375,4375,Villaherreros,CL,Castilla - Leon,0.15,0.15,0.1,0.15,0.1
4376,4376,Villahoz,CL,Castilla - Leon,0.15,0.15,0.1,0.15,0.1
4377,4377,Villajoyosa,,Valencia,0.15,0.15,0.1,0.15,0.1
4378,4378,Villalaco,CL,Castilla - Leon,0.15,0.15,0.1,0.15,0.1
4379,4379,Villalazan,CL,Castilla - Leon,0.15,0.15,0.1,0.15,0.1
4380,4380,Villalbarba,CL,Castilla - Leon,0.15,0.15,0.1,0.15,0.1
4381,4381,Villalbilla,MD,Madrid,0.15,0.15,0.1,0.15,0.1
4382,4382,Villalcampo,CL,Castilla - Leon,0.15,0.15,0.1,0.15,0.1
4383,4383,Villalcon,CL,Castilla - Leon,0.15,0.15,0.1,0.15,0.1
4384,4384,Villaldemiro,CL,Castilla - Leon,0.15,0.15,0.1,0.15,0.1
4385,4385,Villalengua,AR,Aragon,0.15,0.15,0.1,0.15,0.1
4386,4386,Villalmanzo,CL,Castilla - Leon,0.15,0.15,0.1,0.15,0.1
4387,4387,Villalobon,CL,Castilla - Leon,0.15,0.15,0.1,0.15,0.1
4388,4388,Villalobos,CL,Castilla - Leon,0.15,0.15,0.1,0.15,0.1
4389,4389,Villalonga,,Valencia,0.15,0.15,0.1,0.15,0.1
4390,4390,Villalonso,CL,Castilla - Leon,0.15,0.15,0.1,0.15,0.1
4391,4391,Villalpando,CL,Castilla - Leon,0.15,0.15,0.1,0.15,0.1
4392,4392,Villalpardo,CM,Castilla - La Mancha,0.15,0.15,0.1,0.15,0.1
4393,4393,Villalube,CL,Castilla - Leon,0.15,0.15,0.1,0.15,0.1
4394,4394,Villamalea,CM,Castilla - La Mancha,0.15,0.15,0.1,0.15,0.1
4395,4395,Villamalur,,Valencia,0.15,0.15,0.1,0.15,0.1
4396,4396,Villamandos,CL,Castilla - Leon,0.15,0.15,0.1,0.15,0.1
4397,4397,Villamanin,CL,Castilla - Leon,0.15,0.15,0.1,0.15,0.1
4398,4398,Villamanrique,CM,Castilla - La Mancha,0.15,0.15,0.1,0.15,0.1
4399,4399,Villamanta,MD,Madrid,0.15,0.15,0.1,0.15,0.1
4400,4400,Villamantilla,MD,Madrid,0.15,0.15,0.1,0.15,0.1
4401,4401,Villamartin,AN,Andalucia,0.15,0.15,0.1,0.15,0.1
4402,4402,Villamayor,CL,Castilla - Leon,0.15,0.15,0.1,0.15,0.1
4403,4403,Villamediana,CL,Castilla - Leon,0.15,0.15,0.1,0.15,0.1
4404,4404,Villamedianilla,CL,Castilla - Leon,0.15,0.15,0.1,0.15,0.1
4405,4405,Villamejil,CL,Castilla - Leon,0.15,0.15,0.1,0.15,0.1
4406,4406,Villameriel,CL,Castilla - Leon,0.15,0.15,0.1,0.15,0.1
4407,4407,Villamesias,EX,Extremadura,0.15,0.15,0.1,0.15,0.1
4408,4408,Villamiel,EX,Extremadura,0.15,0.15,0.1,0.15,0.1
4409,4409,Villaminaya,CM,Castilla - La Mancha,0.15,0.15,0.1,0.15,0.1
4410,4410,Villamol,CL,Castilla - Leon,0.15,0.15,0.1,0.15,0.1
4411,4411,Villamoronta,CL,Castilla - Leon,0.15,0.15,0.1,0.15,0.1
4412,4412,Villamuelas,CM,Castilla - La Mancha,0.15,0.15,0.1,0.15,0.1
4413,4413,Villanazar,CL,Castilla - Leon,0.15,0.15,0.1,0.15,0.1
4414,4414,Villangomez,CL,Castilla - Leon,0.15,0.15,0.1,0.15,0.1
4415,4415,Villanova,AR,Aragon,0.15,0.15,0.1,0.15,0.1
4416,4416,Villanua,AR,Aragon,0.15,0.15,0.1,0.15,0.1
4417,4417,Villanubla,CL,Castilla - Leon,0.15,0.15,0.1,0.15,0.1
4418,4418,Villapalacios,CM,Castilla - La Mancha,0.15,0.15,0.1,0.15,0.1
4419,4419,Villapedre,AS,Asturias,0.15,0.15,0.1,0.15,0.1
4420,4420,Villaprovedo,CL,Castilla - Leon,0.15,0.15,0.1,0.15,0.1
4421,4421,Villaquejida,CL,Castilla - Leon,0.15,0.15,0.1,0.15,0.1
4422,4422,Villaquilambre,CL,Castilla - Leon,0.15,0.15,0.1,0.15,0.1
4423,4423,Villaralbo,CL,Castilla - Leon,0.15,0.15,0.1,0.15,0.1
4424,4424,Villaralto,AN,Andalucia,0.15,0.15,0.1,0.15,0.1
4425,4425,Villardeciervos,CL,Castilla - Leon,0.15,0.15,0.1,0.15,0.1
4426,4426,Villardefrades,CL,Castilla - Leon,0.15,0.15,0.1,0.15,0.1
4427,4427,Villardiga,CL,Castilla - Leon,0.15,0.15,0.1,0.15,0.1
4428,4428,Villardompardo,AN,Andalucia,0.15,0.15,0.1,0.15,0.1
4429,4429,Villardondiego,CL,Castilla - Leon,0.15,0.15,0.1,0.15,0.1
4430,4430,Villarejo,RI,La Rioja,0.15,0.15,0.1,0.15,0.1
4431,4431,Villarejo-Periesteban,CM,Castilla - La Mancha,0.15,0.15,0.1,0.15,0.1
4432,4432,Villariezo,CL,Castilla - Leon,0.15,0.15,0.1,0.15,0.1
4433,4433,Villarluengo,AR,Aragon,0.15,0.15,0.1,0.15,0.1
4434,4434,Villarmayor,CL,Castilla - Leon,0.15,0.15,0.1,0.15,0.1
4435,4435,Villarmuerto,CL,Castilla - Leon,0.15,0.15,0.1,0.15,0.1
4436,4436,Villarquemado,AR,Aragon,0.15,0.15,0.1,0.15,0.1
4437,4437,Villarrabe,CL,Castilla - Leon,0.15,0.15,0.1,0.15,0.1
4438,4438,Villarramiel,CL,Castilla - Leon,0.15,0.15,0.1,0.15,0.1
4439,4439,Villarrasa,AN,Andalucia,0.15,0.15,0.1,0.15,0.1
4440,4440,Villarrobledo,CM,Castilla - La Mancha,0.15,0.15,0.1,0.15,0.1
4441,4441,Villarroya,RI,La Rioja,0.15,0.15,0.1,0.15,0.1
4442,4442,Villarrubia,AN,Andalucia,0.15,0.15,0.1,0.15,0.1
4443,4443,Villarrubio,CM,Castilla - La Mancha,0.15,0.15,0.1,0.15,0.1
4444,4444,Villarta,CM,Castilla - La Mancha,0.15,0.15,0.1,0.15,0.1
4445,4445,Villasabariego,CL,Castilla - Leon,0.15,0.15,0.1,0.15,0.1
4446,4446,Villasandino,CL,Castilla - Leon,0.15,0.15,0.1,0.15,0.1
4447,4447,Villasarracino,CL,Castilla - Leon,0.15,0.15,0.1,0.15,0.1
4448,4448,Villasayas,CL,Castilla - Leon,0.15,0.15,0.1,0.15,0.1
4449,4449,Villasbuenas,CL,Castilla - Leon,0.15,0.15,0.1,0.15,0.1
4450,4450,Villasdardo,CL,Castilla - Leon,0.15,0.15,0.1,0.15,0.1
4451,4451,Villaselan,CL,Castilla - Leon,0.15,0.15,0.1,0.15,0.1
4452,4452,Villasexmir,CL,Castilla - Leon,0.15,0.15,0.1,0.15,0.1
4453,4453,Villasrubias,CL,Castilla - Leon,0.15,0.15,0.1,0.15,0.1
4454,4454,Villastar,AR,Aragon,0.15,0.15,0.1,0.15,0.1
4455,4455,Villatobas,CM,Castilla - La Mancha,0.15,0.15,0.1,0.15,0.1
4456,4456,Villatoro,CL,Castilla - Leon,0.15,0.15,0.1,0.15,0.1
4457,4457,Villatoya,CM,Castilla - La Mancha,0.15,0.15,0.1,0.15,0.1
4458,4458,Villatuelda,CL,Castilla - Leon,0.15,0.15,0.1,0.15,0.1
4459,4459,Villatuerta,,Navarre,0.15,0.15,0.1,0.15,0.1
4460,4460,Villaturde,CL,Castilla - Leon,0.15,0.15,0.1,0.15,0.1
4461,4461,Villaturiel,CL,Castilla - Leon,0.15,0.15,0.1,0.15,0.1
4462,4462,Villaumbrales,CL,Castilla - Leon,0.15,0.15,0.1,0.15,0.1
4463,4463,Villavaliente,CM,Castilla - La Mancha,0.15,0.15,0.1,0.15,0.1
4464,4464,Villavaquerin,CL,Castilla - Leon,0.15,0.15,0.1,0.15,0.1
4465,4465,Villavelayo,RI,La Rioja,0.15,0.15,0.1,0.15,0.1
4466,4466,Villavellid,CL,Castilla - Leon,0.15,0.15,0.1,0.15,0.1
4467,4467,Villavendimio,CL,Castilla - Leon,0.15,0.15,0.1,0.15,0.1
4468,4468,Villaverde,MD,Madrid,0.15,0.15,0.1,0.15,0.1
4469,4469,Villaverde-Mogina,CL,Castilla - Leon,0.15,0.15,0.1,0.15,0.1
4470,4470,Villaviciosa,AS,Asturias,0.15,0.15,0.1,0.15,0.1
4471,4471,Villavieja,,Valencia,0.15,0.15,0.1,0.15,0.1
4472,4472,Villaviudas,CL,Castilla - Leon,0.15,0.15,0.1,0.15,0.1
4473,4473,Villazala,CL,Castilla - Leon,0.15,0.15,0.1,0.15,0.1
4474,4474,Villazopeque,CL,Castilla - Leon,0.15,0.15,0.1,0.15,0.1
4475,4475,Villegas,CL,Castilla - Leon,0.15,0.15,0.1,0.15,0.1
4476,4476,Villeguillo,CL,Castilla - Leon,0.15,0.15,0.1,0.15,0.1
4477,4477,Villel,AR,Aragon,0.15,0.15,0.1,0.15,0.1
4478,4478,Villena,,Valencia,0.15,0.15,0.1,0.15,0.1
4479,4479,Villodre,CL,Castilla - Leon,0.15,0.15,0.1,0.15,0.1
4480,4480,Villodrigo,CL,Castilla - Leon,0.15,0.15,0.1,0.15,0.1
4481,4481,Villoldo,CL,Castilla - Leon,0.15,0.15,0.1,0.15,0.1
4482,4482,Villores,,Valencia,0.15,0.15,0.1,0.15,0.1
4483,4483,Villoria,CL,Castilla - Leon,0.15,0.15,0.1,0.15,0.1
4484,4484,Villoruebo,CL,Castilla - Leon,0.15,0.15,0.1,0.15,0.1
4485,4485,Villoruela,CL,Castilla - Leon,0.15,0.15,0.1,0.15,0.1
4486,4486,Villovieco,CL,Castilla - Leon,0.15,0.15,0.1,0.15,0.1
4487,4487,Vilopriu,,Catalonia,0.15,0.15,0.1,0.15,0.1
4488,4488,Viloria,CL,Castilla - Leon,0.15,0.15,0.1,0.15,0.1
4489,4489,Vilvestre,CL,Castilla - Leon,0.15,0.15,0.1,0.15,0.1
4490,4490,Vimbodi,,Catalonia,0.15,0.15,0.1,0.15,0.1
4491,4491,Vimianzo,GA,Galicia,0.15,0.15,0.1,0.15,0.1
4492,4492,Vinaixa,,Catalonia,0.15,0.15,0.1,0.15,0.1
4493,4493,Vinalesa,,Valencia,0.15,0.15,0.1,0.15,0.1
4494,4494,Vinaros,,Valencia,0.15,0.15,0.1,0.15,0.1
4495,4495,Vindel,CM,Castilla - La Mancha,0.15,0.15,0.1,0.15,0.1
4496,4496,Vinebre,,Catalonia,0.15,0.15,0.1,0.15,0.1
4497,4497,Vinuesa,CL,Castilla - Leon,0.15,0.15,0.1,0.15,0.1
4498,4498,Visiedo,AR,Aragon,0.15,0.15,0.1,0.15,0.1
4499,4499,Vistabella,AR,Aragon,0.15,0.15,0.1,0.15,0.1
4500,4500,Vita,CL,Castilla - Leon,0.15,0.15,0.1,0.15,0.1
4501,4501,Vitigudino,CL,Castilla - Leon,0.15,0.15,0.1,0.15,0.1
4502,4502,Viveiro,GA,Galicia,0.15,0.15,0.1,0.15,0.1
4503,4503,Viver,,Valencia,0.15,0.15,0.1,0.15,0.1
4504,4504,Viveros,CM,Castilla - La Mancha,0.15,0.15,0.1,0.15,0.1
4505,4505,Vizcainos,CL,Castilla - Leon,0.15,0.15,0.1,0.15,0.1
4506,4506,Vizmanos,CL,Castilla - Leon,0.15,0.15,0.1,0.15,0.1
4507,4507,Viznar,AN,Andalucia,0.15,0.15,0.1,0.15,0.1
4508,4508,Viñas,CL,Castilla - Leon,0.15,0.15,0.1,0.15,0.1
4509,4509,Viñuela,AN,Andalucia,0.15,0.15,0.1,0.15,0.1
4510,4510,Viñuelas,CM,Castilla - La Mancha,0.15,0.15,0.1,0.15,0.1
4511,4511,Vozmediano,CL,Castilla - Leon,0.15,0.15,0.1,0.15,0.1
4512,4512,Wamba,CL,Castilla - Leon,0.15,0.15,0.1,0.15,0.1
4513,4513,Xativa,,Valencia,0.15,0.15,0.1,0.15,0.1
4514,4514,Xeresa,,Valencia,0.15,0.15,0.1,0.15,0.1
4515,4515,Xirivella,,Valencia,0.15,0.15,0.1,0.15,0.1
4516,4516,Xove,GA,Galicia,0.15,0.15,0.1,0.15,0.1
4517,4517,Yaiza,,Canary Islands,0.15,0.15,0.1,0.15,0.1
4518,4518,Yanguas,CL,Castilla - Leon,0.15,0.15,0.1,0.15,0.1
4519,4519,Yatova,,Valencia,0.15,0.15,0.1,0.15,0.1
4520,4520,Yebes,CM,Castilla - La Mancha,0.15,0.15,0.1,0.15,0.1
4521,4521,Yebra,CM,Castilla - La Mancha,0.15,0.15,0.1,0.15,0.1
4522,4522,Yecla,MC,Murcia,0.15,0.15,0.1,0.15,0.1
4523,4523,Yeles,CM,Castilla - La Mancha,0.15,0.15,0.1,0.15,0.1
4524,4524,Yelo,CL,Castilla - Leon,0.15,0.15,0.1,0.15,0.1
4525,4525,Yemeda,CM,Castilla - La Mancha,0.15,0.15,0.1,0.15,0.1
4526,4526,Yepes,CM,Castilla - La Mancha,0.15,0.15,0.1,0.15,0.1
4527,4527,Yerri,,Navarre,0.15,0.15,0.1,0.15,0.1
4528,4528,Yesa,,Navarre,0.15,0.15,0.1,0.15,0.1
4529,4529,Yesero,AR,Aragon,0.15,0.15,0.1,0.15,0.1
4530,4530,Yeste,CM,Castilla - La Mancha,0.15,0.15,0.1,0.15,0.1
4531,4531,Yuncler,CM,Castilla - La Mancha,0.15,0.15,0.1,0.15,0.1
4532,4532,Yuncos,CM,Castilla - La Mancha,0.15,0.15,0.1,0.15,0.1
4533,4533,Yunquera,AN,Andalucia,0.15,0.15,0.1,0.15,0.1
4534,4534,Zael,CL,Castilla - Leon,0.15,0.15,0.1,0.15,0.1
4535,4535,Zafarraya,AN,Andalucia,0.15,0.15,0.1,0.15,0.1
4536,4536,Zafra,EX,Extremadura,0.15,0.15,0.1,0.15,0.1
4537,4537,Zafrilla,CM,Castilla - La Mancha,0.15,0.15,0.1,0.15,0.1
4538,4538,Zagra,AN,Andalucia,0.15,0.15,0.1,0.15,0.1
4539,4539,Zahara,AN,Andalucia,0.15,0.15,0.1,0.15,0.1
4540,4540,Zahinos,EX,Extremadura,0.15,0.15,0.1,0.15,0.1
4541,4541,Zaidin,AR,Aragon,0.15,0.15,0.1,0.15,0.1
4542,4542,Zaldibar,,Basque Country,0.15,0.15,0.1,0.15,0.1
4543,4543,Zaldibia,,Basque Country,0.15,0.15,0.1,0.15,0.1
4544,4544,Zalla,,Basque Country,0.15,0.15,0.1,0.15,0.1
4545,4545,Zamarra,CL,Castilla - Leon,0.15,0.15,0.1,0.15,0.1
4546,4546,Zamayon,CL,Castilla - Leon,0.15,0.15,0.1,0.15,0.1
4547,4547,Zambrana,,Basque Country,0.15,0.15,0.1,0.15,0.1
4548,4548,Zamora,CL,Castilla - Leon,0.15,0.15,0.1,0.15,0.1
4549,4549,Zamudio,,Basque Country,0.15,0.15,0.1,0.15,0.1
4550,4550,Zaorejas,CM,Castilla - La Mancha,0.15,0.15,0.1,0.15,0.1
4551,4551,Zaragoza,AR,Aragon,0.15,0.15,0.1,0.15,0.1
4552,4552,Zarapicos,CL,Castilla - Leon,0.15,0.15,0.1,0.15,0.1
4553,4553,Zaratamo,,Basque Country,0.15,0.15,0.1,0.15,0.1
4554,4554,Zaratan,CL,Castilla - Leon,0.15,0.15,0.1,0.15,0.1
4555,4555,Zarautz,,Basque Country,0.15,0.15,0.1,0.15,0.1
4556,4556,Zarra,,Valencia,0.15,0.15,0.1,0.15,0.1
4557,4557,Zarraton,RI,La Rioja,0.15,0.15,0.1,0.15,0.1
4558,4558,Zarzalejo,MD,Madrid,0.15,0.15,0.1,0.15,0.1
4559,4559,Zarzosa,RI,La Rioja,0.15,0.15,0.1,0.15,0.1
4560,4560,Zarzuela,CM,Castilla - La Mancha,0.15,0.15,0.1,0.15,0.1
4561,4561,Zas,GA,Galicia,0.15,0.15,0.1,0.15,0.1
4562,4562,Zazuar,CL,Castilla - Leon,0.15,0.15,0.1,0.15,0.1
4563,4563,Zeanuri,,Basque Country,0.15,0.15,0.1,0.15,0.1
4564,4564,Zegama,,Basque Country,0.15,0.15,0.1,0.15,0.1
4565,4565,Zerain,,Basque Country,0.15,0.15,0.1,0.15,0.1
4566,4566,Zestoa,,Basque Country,0.15,0.15,0.1,0.15,0.1
4567,4567,Zierbena,,Basque Country,0.15,0.15,0.1,0.15,0.1
4568,4568,Ziordia,,Navarre,0.15,0.15,0.1,0.15,0.1
4569,4569,Zizur Mayor,,Navarre,0.15,0.15,0.1,0.15,0.1
4570,4570,Zizurkil,,Basque Country,0.15,0.15,0.1,0.15,0.1
4571,4571,Zorita,EX,Extremadura,0.15,0.15,0.1,0.15,0.1
4572,4572,Zorraquin,RI,La Rioja,0.15,0.15,0.1,0.15,0.1
4573,4573,Zubia,AN,Andalucia,0.15,0.15,0.1,0.15,0.1
4574,4574,Zubieta,,Navarre,0.15,0.15,0.1,0.15,0.1
4575,4575,Zucaina,,Valencia,0.15,0.15,0.1,0.15,0.1
4576,4576,Zudaire,,Navarre,0.15,0.15,0.1,0.15,0.1
4577,4577,Zuera,AR,Aragon,0.15,0.15,0.1,0.15,0.1
4578,4578,Zufre,AN,Andalucia,0.15,0.15,0.1,0.15,0.1
4579,4579,Zugarramurdi,,Navarre,0.15,0.15,0.1,0.15,0.1
4580,4580,Zuheros,AN,Andalucia,0.15,0.15,0.1,0.15,0.1
4581,4581,Zujar,AN,Andalucia,0.15,0.15,0.1,0.15,0.1
4582,4582,Zumaia,,Basque Country,0.15,0.15,0.1,0.15,0.1
4583,4583,Zumarraga,,Basque Country,0.15,0.15,0.1,0.15,0.1
4584,4584,Zurgena,AN,Andalucia,0.15,0.15,0.1,0.15,0.1
4585,4585,Zuñeda,CL,Castilla - Leon,0.15,0.15,0.1,0.15,0.1
4586,4586,el Clot,,Catalonia,0.15,0.15,0.1,0.15,0.1
4587,4587,el Coll,,Catalonia,0.15,0.15,0.1,0.15,0.1
